platform,item_id,title,price,currency,condition,brand,size,seller,location,image_url,url,listed_at,fetched_at,search_query
vinted,8349867258,Alexander McQueen botanical scarf,60.0,GBP,New with tags,Alexander McQueen,,clearwardrobe155,,https://images1.vinted.net/t/06_02605_hzhRXevBnCSy85We7qbFozup/f800/1773044899.jpeg?s=84d50441566880bf825c197274caf8e7ab55469c,https://www.vinted.co.uk/items/8349867258,,2026-03-09T13:15:05.897788+00:00,Alexander Mcqueen Scarf
vinted,8349183288,Alexander McQueen scarf,75.0,GBP,Very good,Alexander McQueen,,missbee28,,https://images1.vinted.net/t/01_01f42_rfFy4KxmhPx62vATQbeEMZ64/f800/1773011112.jpeg?s=d2b863c80704035a9f1cd5a803776b0426c2b4ee,https://www.vinted.co.uk/items/8349183288,,2026-03-09T13:15:05.897797+00:00,Alexander Mcqueen Scarf
vinted,8344551667,Alexander McQueen skull print scarf,85.0,GBP,Very good,Alexander McQueen,,harleyb23,,https://images1.vinted.net/t/05_02305_vGsx21G6BocZRovhWjgsD3qs/f800/1772981983.jpeg?s=df5b56c422ac20fffd0bed9a2c3c85dbdbd52f78,https://www.vinted.co.uk/items/8344551667,,2026-03-09T13:15:05.897872+00:00,Alexander Mcqueen Scarf
vinted,8342513126,Alexander McQueen Scarf,50.0,GBP,Satisfactory,Alexander McQueen,,revogueglam,,https://images1.vinted.net/t/05_01885_vB8ZzDu32XV94K4Yhkf57EfL/f800/1772972862.jpeg?s=d4f63d232f9ceb0182b149588accee90e3dc2945,https://www.vinted.co.uk/items/8342513126,,2026-03-09T13:15:05.897882+00:00,Alexander Mcqueen Scarf
vinted,8342208546,Alexander McQueen Vintage Scarf,70.0,GBP,Very good,Alexander McQueen,,revogueglam,,https://images1.vinted.net/t/05_01d88_jvNidbFwwStVodb7P6fPWUdh/f800/1772971419.jpeg?s=f0ecfeaa2c9643eef204fc2e4899c862daf6021c,https://www.vinted.co.uk/items/8342208546,,2026-03-09T13:15:05.897889+00:00,Alexander Mcqueen Scarf
vinted,8342123356,Alexander McQueen Skull Scarf Pink – Excellent Condition,100.0,GBP,Very good,McQ Alexander McQueen,,sonia.spiga,,https://images1.vinted.net/t/06_01203_qWBUZivFJ9XuqyGAyycBbEqE/f800/1772971009.jpeg?s=f557fcc06536582633bccfad4707c513ce29ea5c,https://www.vinted.co.uk/items/8342123356,,2026-03-09T13:15:05.897896+00:00,Alexander Mcqueen Scarf
vinted,8341909194,McQueen Silk Scarf,200.0,GBP,Very good,Alexander McQueen,,stunninglately,,https://images1.vinted.net/t/06_0186f_JWEifn2DGLihkuyiCyksmo4M/f800/1772990574.jpeg?s=a5fd8a7370246e01ccee4fec90d66d2cdc0c33ee,https://www.vinted.co.uk/items/8341909194,,2026-03-09T13:15:05.897901+00:00,Alexander Mcqueen Scarf
vinted,8341494294,Alexander McQueen skull scarf hot pink women’s,80.0,GBP,Satisfactory,Alexander McQueen,,laurenrosed,,https://images1.vinted.net/t/06_00c74_uuGb815anhZbMT8EAVRRGX2a/f800/1772968046.jpeg?s=4235c03063d0e368bd881367bf0cd8f8478f4ca2,https://www.vinted.co.uk/items/8341494294,,2026-03-09T13:15:05.897907+00:00,Alexander Mcqueen Scarf
vinted,8340283270,Alexander McQueen skull scarf,50.0,GBP,Very good,Alexander McQueen,,casadei160,,https://images1.vinted.net/t/05_00347_9MZqw1FSpxWwmSWvqQBkHt77/f800/1772962086.jpeg?s=fb9d615117104c8e95f388a32b782e23870d2b90,https://www.vinted.co.uk/items/8340283270,,2026-03-09T13:15:05.897914+00:00,Alexander Mcqueen Scarf
vinted,8339508194,"Alexander McQueen silk chiffon skull scarf huge 40""x 44""",59.0,GBP,Very good,Alexander McQueen,,ettafia,,https://images1.vinted.net/t/01_0071e_5MmcrBQrwDnnZGdmJSvrA1H8/f800/1772955235.jpeg?s=ab86ad8eed80b5562787ba1eba09844946934dc7,https://www.vinted.co.uk/items/8339508194,,2026-03-09T13:15:05.897919+00:00,Alexander Mcqueen Scarf
vinted,8338294534,Alexander McQueen scarf,64.99,GBP,Good,Alexander McQueen,,stonesandthreads,,https://images1.vinted.net/t/05_019e5_PbcCDkC6u3kXymMBYJ535Vpp/f800/1772914844.jpeg?s=e03338ec3ee054d2a4d0307ac76972ce1d425ecc,https://www.vinted.co.uk/items/8338294534,,2026-03-09T13:15:05.897925+00:00,Alexander Mcqueen Scarf
vinted,8337114927,Alexander McQueen black skull silk scarf made in Italy,120.0,GBP,Very good,Alexander McQueen,,srhlvr,,https://images1.vinted.net/t/06_00a8b_oG9Ycj9D18bpCymVw3jtgnCT/f800/1772905358.jpeg?s=575a9deb9f1f4ab40d576b1c6ae8e2ac4006aa2a,https://www.vinted.co.uk/items/8337114927,,2026-03-09T13:15:05.897947+00:00,Alexander Mcqueen Scarf
vinted,8336292928,Alexander McQueen Scarf - Tattoo Style,50.0,GBP,Very good,Alexander McQueen,,alfie930,,https://images1.vinted.net/t/05_00ba7_LqWZB1waFRboTUsFjNUv2vt7/f800/1772900472.jpeg?s=e970d48921409bd5a902fe5ad37fe44e8d722899,https://www.vinted.co.uk/items/8336292928,,2026-03-09T13:15:05.897958+00:00,Alexander Mcqueen Scarf
vinted,8336289606,Alexander McQueen Inspired Skull Silk Wool Scarf - Silver Grey,8.0,GBP,New without tags,,,eclecticdesigns,,https://images1.vinted.net/t/06_00833_5mEo1ZXVhnGbhvok4zguKAek/f800/1772900454.jpeg?s=f64e4881fe4b5e614db76c4f542b3917276ce1d9,https://www.vinted.co.uk/items/8336289606,,2026-03-09T13:15:05.897967+00:00,Alexander Mcqueen Scarf
vinted,8336216472,Alexander McQueenscarf,90.0,GBP,Very good,Alexander McQueen,,julieclark8142,,https://images1.vinted.net/t/06_018ce_XPFwquxRHj3McSEBsxD19veE/f800/1772900053.jpeg?s=ee196e619703f0bde408f55f2ee7ce1eae5adc79,https://www.vinted.co.uk/items/8336216472,,2026-03-09T13:15:05.897972+00:00,Alexander Mcqueen Scarf
vinted,8334648452,Alexander McQueen Pure Silk Scarf,45.0,GBP,Very good,Alexander McQueen,,skinkybutler,,https://images1.vinted.net/t/06_00aca_nQrRHaBzo1y1r7n3UnmCCRr3/f800/1772891683.jpeg?s=10098d1ea92d2bc8ebf0e1f6bf9f839f279bdecf,https://www.vinted.co.uk/items/8334648452,,2026-03-09T13:15:05.897983+00:00,Alexander Mcqueen Scarf
vinted,8327465026,Vintage Silk Skull Scarf – Alexander McQueen Style,50.0,GBP,Very good,Source Unknown,,gracegrasby,,https://images1.vinted.net/t/05_0209d_V7Bw5RLew35optYmUXCii8GP/f800/1772809368.jpeg?s=d35e9329929674e8c85c3a32df8e5a0284063b57,https://www.vinted.co.uk/items/8327465026,,2026-03-09T13:15:05.898002+00:00,Alexander Mcqueen Scarf
vinted,8330101213,Alexander McQueen Printed Silk-Chiffon Scarf - Orange with White Skulls,150.0,GBP,Very good,Alexander McQueen,,nicbrennan,,https://images1.vinted.net/t/04_01ce0_rviJywrMEKyBYvJrj9StM6Fe/f800/1772830075.jpeg?s=3284a614a2cf5977eeb6c925ea5d0215ac5c41b0,https://www.vinted.co.uk/items/8330101213,,2026-03-09T13:15:05.898006+00:00,Alexander Mcqueen Scarf
vinted,8329980228,Alexander McQueen Classic Silk Skull Scarf in Black,200.0,GBP,Very good,Alexander McQueen,,jodieb69,,https://images1.vinted.net/t/05_008a0_QMgmErfCGoUySCEKL8BAqDJ1/f800/1772828897.jpeg?s=367964412a1695b853810323e557dc6247e278f8,https://www.vinted.co.uk/items/8329980228,,2026-03-09T13:15:05.898011+00:00,Alexander Mcqueen Scarf
vinted,8328947773,Pink Alexander McQueen scarf,90.0,GBP,Very good,Alexander McQueen,,instyleascot,,https://images1.vinted.net/t/05_00e21_LAJsMsnQh5rCaX4fXwdG1vzg/f800/1772819991.jpeg?s=2ce418683a42f569590d214295685f92247fba3a,https://www.vinted.co.uk/items/8328947773,,2026-03-09T13:15:05.898016+00:00,Alexander Mcqueen Scarf
vinted,8328623302,Alexander McQueen skull scarf,40.0,GBP,Very good,Alexander McQueen,,casadei160,,https://images1.vinted.net/t/05_0075e_zujdR6JsL3VPR6Djsa9Zt8oF/f800/1772817514.jpeg?s=86329a2c76f82681b4e87865457cd126294150b7,https://www.vinted.co.uk/items/8328623302,,2026-03-09T13:15:05.898020+00:00,Alexander Mcqueen Scarf
vinted,8328048422,Alexander McQueen scarf,110.0,GBP,Very good,Alexander McQueen,,sanlw25,,https://images1.vinted.net/t/06_026bc_R5r357jLok6dBA7HAkd56Wbe/f800/1772813467.jpeg?s=58a35faeb8675dd78687ff5438caa6275c3b153e,https://www.vinted.co.uk/items/8328048422,,2026-03-09T13:15:05.898025+00:00,Alexander Mcqueen Scarf
vinted,8327799788,Alexander McQueen scarf black grey,75.0,GBP,Very good,Alexander McQueen,,plum50,,https://images1.vinted.net/t/06_01086_mbWumXLUjtepfiWxQj8aKYsR/f800/1772811728.jpeg?s=053784c5d45dc5d9df5a7c212d8eeeb798aac9e2,https://www.vinted.co.uk/items/8327799788,,2026-03-09T13:15:05.898030+00:00,Alexander Mcqueen Scarf
vinted,8327711685,Alexander McQueen scarf grey charcoal black,65.0,GBP,Very good,Alexander McQueen,,plum50,,https://images1.vinted.net/t/04_011b1_ktic1Xh3y6LGPfHduyXsM2Mb/f800/1772811103.jpeg?s=203b610588146d2935d2e32430d21778d1fd322e,https://www.vinted.co.uk/items/8327711685,,2026-03-09T13:15:05.898035+00:00,Alexander Mcqueen Scarf
vinted,8324944570,Alexander McQueen silk chiffon huge scarf vintage,90.0,GBP,Very good,Alexander McQueen,,katstyle123,,https://images1.vinted.net/t/05_016b3_ATG51MkwTZPXvVTL3VpiQsUF/f800/1772791110.jpeg?s=5633ff4158516f756b439647b68ca7970df56548,https://www.vinted.co.uk/items/8324944570,,2026-03-09T13:15:05.898049+00:00,Alexander Mcqueen Scarf
vinted,8324897657,Alexander McQueen vintage silk chiffon scarf never used,100.0,GBP,New without tags,Alexander McQueen,,katstyle123,,https://images1.vinted.net/t/04_01a72_KnvDHXf4KfdEvHmoaUuhHiK4/f800/1772790749.jpeg?s=6f59457f319889155491e6bd18e1b869544de5ea,https://www.vinted.co.uk/items/8324897657,,2026-03-09T13:15:05.898054+00:00,Alexander Mcqueen Scarf
vinted,8319918130,Alexander Mcqueen Scarf,65.0,GBP,Very good,Alexander McQueen,,my-preloved-stuff,,https://images1.vinted.net/t/05_00d50_LCzTj4XZWH9wjt9vnuLzF5eB/f800/1772719884.jpeg?s=696162ad509ed536ed1c335a0c877e6e617eb4b8,https://www.vinted.co.uk/items/8319918130,,2026-03-09T13:15:05.898058+00:00,Alexander Mcqueen Scarf
vinted,8319369295,Alexander Mcqueen skull scarf,50.0,GBP,Good,Alexander McQueen,,thuyle77,,https://images1.vinted.net/t/05_01bcf_NKEUBjrrWuKA2mF5SEhkYNa8/f800/1772715951.jpeg?s=3d68fd8d6e67d3875e3a0fa64a279c1fcabb4cca,https://www.vinted.co.uk/items/8319369295,,2026-03-09T13:15:05.898063+00:00,Alexander Mcqueen Scarf
vinted,8319265203,Alexander Mcqueen skull scarf,50.0,GBP,Good,Alexander McQueen,,thuyle77,,https://images1.vinted.net/t/06_0038f_cn27sSf7iQ428Ke34nkxrFQf/f800/1772715191.jpeg?s=a6962041906d51065349cbd854cf773f0c2a97d5,https://www.vinted.co.uk/items/8319265203,,2026-03-09T13:15:05.898068+00:00,Alexander Mcqueen Scarf
vinted,8318176087,Alexander McQueen scarf 100% silk,45.0,GBP,Very good,Alexander McQueen,,laura7654321,,https://images1.vinted.net/t/06_010ab_zQCBPp1zRkh1umGmH6X8QznQ/f800/1772707164.jpeg?s=4f21175dd41691d8c2f383b29933cd4ce8e7334f,https://www.vinted.co.uk/items/8318176087,,2026-03-09T13:15:05.898072+00:00,Alexander Mcqueen Scarf
vinted,8317943399,Alexander McQUEEN Silk Scarf,150.0,GBP,New without tags,Alexander McQueen,,ladyjuju2024,,https://images1.vinted.net/t/04_00b30_icpTH7JfpaMUVfpfWMdwfxL6/f800/1772705447.jpeg?s=678e44f9e1405edbdeb97cf15330b1e417054b33,https://www.vinted.co.uk/items/8317943399,,2026-03-09T13:15:05.898076+00:00,Alexander Mcqueen Scarf
vinted,8316308591,Alexander McQueen Biker skull scarf,120.0,GBP,New with tags,Alexander McQueen,,koko.kw,,https://images1.vinted.net/t/06_01a67_qUkeKmaf1kJecTMtmWvqDp1C/f800/1772660590.jpeg?s=1ea1e32dddba69513cd7cd62a794ce5ed609e605,https://www.vinted.co.uk/items/8316308591,,2026-03-09T13:15:05.898080+00:00,Alexander Mcqueen Scarf
vinted,8312906342,Alexander McQueen skull scarf,80.0,GBP,Very good,Alexander McQueen,,camillebraud21,,https://images1.vinted.net/t/06_026e7_fnpPBQGW2KnVxiijvgu9rbah/f800/1772634594.jpeg?s=c50ee5fc9d40e786aa7746f4d17faeade2092464,https://www.vinted.co.uk/items/8312906342,,2026-03-09T13:15:05.898085+00:00,Alexander Mcqueen Scarf
vinted,8312844020,Alexander McQueen scarf,120.0,GBP,Very good,Alexander McQueen,,whatsophiewears,,https://images1.vinted.net/t/05_01b9d_fBdNTmQQtKQxbJmBW6ZvtyCE/f800/1772634179.jpeg?s=b70fe66f4a6b18d608bbe5c0b869d1fb179d9f22,https://www.vinted.co.uk/items/8312844020,,2026-03-09T13:15:05.898090+00:00,Alexander Mcqueen Scarf
vinted,8311899321,Alexander McQueen Signature Silk Skull Scarf,120.0,GBP,Good,Alexander McQueen,,summersolstice24,,https://images1.vinted.net/t/06_02184_CMwgd4SETTVjHpQGMGhKhRWS/f800/1772627721.jpeg?s=feec28eff3d5e04fe537e59485dc9c266aca97b5,https://www.vinted.co.uk/items/8311899321,,2026-03-09T13:15:05.898095+00:00,Alexander Mcqueen Scarf
vinted,8309644536,Mcq Alexander Mcqueen Razor Blade Scarf,40.0,GBP,Very good,MCQ,,harri87,,https://images1.vinted.net/t/06_01723_sVCTuepTJgqAUwt8F95njQzH/f800/1772607972.jpeg?s=5af4786f084e825d9216f47e533fc7e3d2c90d53,https://www.vinted.co.uk/items/8309644536,,2026-03-09T13:15:05.898099+00:00,Alexander Mcqueen Scarf
vinted,8303580757,Alexander McQueen Iconic Skull Scarf/Shawl,65.0,GBP,Very good,Alexander McQueen,One size,tmercer1970,,https://images1.vinted.net/t/01_025d5_vqhmQYMiKediuPGsfxKwKLnH/f800/1772533749.jpeg?s=00c1883389be3e1291f0f164beb62fab3c760f5f,https://www.vinted.co.uk/items/8303580757,,2026-03-09T13:15:05.898104+00:00,Alexander Mcqueen Scarf
vinted,8303134388,"Alexander McQueen Scarf, Silk",125.0,GBP,Good,Alexander McQueen,,mmolly_dd,,https://images1.vinted.net/t/01_00060_WAAnhwoUwuUYuMVH8hF1YSy2/f800/1772530304.jpeg?s=06825956b6e31404e3ec672e297513cff122a871,https://www.vinted.co.uk/items/8303134388,,2026-03-09T13:15:05.898108+00:00,Alexander Mcqueen Scarf
vinted,8301221029,Silk Alexandra McQueen skull scarf worn once rrp £350,99.99,GBP,Very good,Alexander McQueen,,stanno1981,,https://images1.vinted.net/t/05_00f2c_hTSL8CGZ1n9XPNxkZX22w9ks/f800/1772524182.jpeg?s=d5422a9f17a80784acb8e279986bc1018fa85dd1,https://www.vinted.co.uk/items/8301221029,,2026-03-09T13:15:05.898112+00:00,Alexander Mcqueen Scarf
vinted,8295406906,Alexander McQueen silk scarf,60.0,GBP,Very good,Alexander McQueen,,fabaura,,https://images1.vinted.net/t/06_01762_DXBoaGkN91AYvcbj5r4aAnRK/f800/1772442133.jpeg?s=d5c98a2b893db1ab2a0bb8d5e1c80bc983be62ea,https://www.vinted.co.uk/items/8295406906,,2026-03-09T13:15:05.898122+00:00,Alexander Mcqueen Scarf
vinted,8294652531,Authentic Alexander McQueen Scarf,80.0,GBP,New with tags,Alexander McQueen,,reggieworsley,,https://images1.vinted.net/t/06_01470_ughhBG3wUJwRk1wAJjynWuNi/f800/1772408684.jpeg?s=2b5c524602495ce1702ba13275db8dd2ea2270eb,https://www.vinted.co.uk/items/8294652531,,2026-03-09T13:15:05.898126+00:00,Alexander Mcqueen Scarf
vinted,8293574053,Alexander McQueen silk scarf,120.0,GBP,Very good,Alexander McQueen,,alb290891,,https://images1.vinted.net/t/05_008ea_RaD8cfF82CwUxxYMLRzVfJPx/f800/1772400634.jpeg?s=ffe49eec64342b63489c74181a31a2665ce8892d,https://www.vinted.co.uk/items/8293574053,,2026-03-09T13:15:05.898131+00:00,Alexander Mcqueen Scarf
vinted,8293378061,Alexander McQueen Modal Skull Scarf – Light Blue/Dark Blue – New with Tags,210.0,GBP,New with tags,Alexander McQueen,,cw_here,,https://images1.vinted.net/t/06_00447_E1dHKhGDGaNHSN7qv7jY4XNN/f800/1772393956.jpeg?s=4445d52aded73d2d9e5743cfdb23c9e60ad9f3a2,https://www.vinted.co.uk/items/8293378061,,2026-03-09T13:15:05.898135+00:00,Alexander Mcqueen Scarf
vinted,8292551097,Alexander McQueen Skull scarf,105.0,GBP,New without tags,Alexander McQueen,,issyhunt1,,https://images1.vinted.net/t/06_009de_FgmsbT1vZzvvxuWEZUAyFxB5/f800/1772388858.jpeg?s=5e0eb3b583b78aa81fd4da6aa91328c14827f6e1,https://www.vinted.co.uk/items/8292551097,,2026-03-09T13:15:05.898139+00:00,Alexander Mcqueen Scarf
vinted,8291085348,Alexander McQueen Scarf 100% Silk,45.0,GBP,Very good,Alexander McQueen,,flosslight,,https://images1.vinted.net/t/01_00dbb_mhuBA47hh1epDPh9oXWQNLEc/f800/1772381829.jpeg?s=5d8af1553bc67fbb5bebf5094e83e85ac6612ae2,https://www.vinted.co.uk/items/8291085348,,2026-03-09T13:15:05.898144+00:00,Alexander Mcqueen Scarf
vinted,8291009864,Lilac Alexander McQueen scarf,100.0,GBP,Very good,Alexander McQueen,,isabelswinburn,,https://images1.vinted.net/t/04_003f5_bZDWvbNFpjuBVwdWU6VcDpq4/f800/1772381508.jpeg?s=de72c74870e5db6e3555483e07caa3bf93036a82,https://www.vinted.co.uk/items/8291009864,,2026-03-09T13:15:05.898150+00:00,Alexander Mcqueen Scarf
vinted,8290729116,Alexander McQueen Scarf,60.0,GBP,Good,Alexander,,jpoulter-123,,https://images1.vinted.net/t/04_016b1_ftT5zPmUeyLt866YhPRfDsRq/f800/1772380325.jpeg?s=e0a3921c97e82891b7e37359943dac798b78c82c,https://www.vinted.co.uk/items/8290729116,,2026-03-09T13:15:05.898155+00:00,Alexander Mcqueen Scarf
vinted,8290323010,Alexander McQueen skull scarf,150.0,GBP,New without tags,Alexander McQueen,,metal.girl1807,,https://images1.vinted.net/t/05_00114_DN9KsKnLMSo6TQ345AXLQqgt/f800/1772378614.jpeg?s=1cf703c395dc05a671f3bf12a6dbaab718b8cebc,https://www.vinted.co.uk/items/8290323010,,2026-03-09T13:15:05.898161+00:00,Alexander Mcqueen Scarf
vinted,8290197481,Alexander McQueen Skull Scarf Wrap Bracelet,70.0,GBP,Good,Alexander McQueen,,eiry.davies,,https://images1.vinted.net/t/05_012f7_PJFa5aqT7Mz2Qn3Cw3xjMgBe/f800/1772378080.jpeg?s=c2cc7988be165e6c28925c7db112b474b39c0685,https://www.vinted.co.uk/items/8290197481,,2026-03-09T13:15:05.898165+00:00,Alexander Mcqueen Scarf
vinted,8289027513,Alexander McQeen silk scarf,95.0,GBP,Very good,Alexander McQueen,,amiller1965,,https://images1.vinted.net/t/05_0182f_Zykxq11JSJoXj8AxJqvb7T2f/f800/1772373055.jpeg?s=8a752bd3b1f4bf8b4b60d3afc38cb649c7fc0c8d,https://www.vinted.co.uk/items/8289027513,,2026-03-09T13:15:05.898171+00:00,Alexander Mcqueen Scarf
vinted,8289012340,Alexander McQueen Silk Skull Scarf,100.0,GBP,Very good,Alexander McQueen,,lindasmith2005,,https://images1.vinted.net/t/04_01df9_63kyLnUom6LG6UZyQyWMJC4D/f800/1772372987.jpeg?s=96083f7df5443689f110605766c87ce6379c1fc9,https://www.vinted.co.uk/items/8289012340,,2026-03-09T13:15:05.898176+00:00,Alexander Mcqueen Scarf
vinted,8287435057,"Alexander McQueen Silk Skull Scarf, Black",150.0,GBP,Very good,Alexander McQueen,,megbutts32,,https://images1.vinted.net/t/05_00622_cXmbftVhDrKLSZQscHxwFcoP/f800/1772365642.jpeg?s=449bd3a725b2a188e37d91e1df76d0ece7be4b98,https://www.vinted.co.uk/items/8287435057,,2026-03-09T13:15:05.898182+00:00,Alexander Mcqueen Scarf
vinted,8284392063,Alexander McQueen Silk Scarf,130.0,GBP,New with tags,Alexander McQueen,,aam9876,,https://images1.vinted.net/t/05_02073_Z9ae5FhU5hMqm1o544hYyKas/f800/1772315965.jpeg?s=fc11aac21e0c0a0438e17510fdcc6260765d7ee6,https://www.vinted.co.uk/items/8284392063,,2026-03-09T13:15:05.898188+00:00,Alexander Mcqueen Scarf
vinted,8284098219,Alexander MQueen Scarf,95.0,GBP,Very good,Alexander McQueen,,designerbargains85,,https://images1.vinted.net/t/04_02463_JQrYteFerZ57uDkXrGHdR6XE/f800/1772312340.jpeg?s=0f6d3c32ed3ad2566a27ebf940c65c4f8fa15272,https://www.vinted.co.uk/items/8284098219,,2026-03-09T13:15:05.898193+00:00,Alexander Mcqueen Scarf
vinted,8284048757,Alexander McQueen Skull Scarf | Hot Pink & Ivory | Large Silk Blend Shawl | Iconic Designer,100.0,GBP,Very good,Alexander McQueen,,bellasluxuryboutique,,https://images1.vinted.net/t/05_00c48_h8ZpeXxiCFQiUVvHj8JNTrHG/f800/1772311826.jpeg?s=28395fff839d163d97a8624ef4d6e9e79f1a7a35,https://www.vinted.co.uk/items/8284048757,,2026-03-09T13:15:05.898198+00:00,Alexander Mcqueen Scarf
vinted,8280785800,Alexander McQueen scarf,50.0,GBP,New without tags,Alexander McQueen,,amyhough1999,,https://images1.vinted.net/t/05_010bf_5BzPLwFG9jsMjkkJPCgK32Hn/f800/1772289967.jpeg?s=0f08ea4486e05971578b655a564f5050e018b647,https://www.vinted.co.uk/items/8280785800,,2026-03-09T13:15:05.898202+00:00,Alexander Mcqueen Scarf
vinted,8279408090,Alexander McQueen Dagger Heart Skull Scarf,130.0,GBP,New with tags,Alexander McQueen,,donna4style,,https://images1.vinted.net/t/04_025b0_ZwbD5G9XUW7GNjRTENeMt5PV/f800/1772283849.jpeg?s=d8ffe1645efcf952e175f37e01c855855fee647c,https://www.vinted.co.uk/items/8279408090,,2026-03-09T13:15:05.898207+00:00,Alexander Mcqueen Scarf
vinted,8277978374,Alexander McQueen scarf,95.0,GBP,Very good,Alexander McQueen,,kerry_coleman,,https://images1.vinted.net/t/04_01225_jA7aS6h9LRxTYmMFiFvCAmWw/f800/1772274063.jpeg?s=bf423970cd33db7306588c8295fce02b8d95d4d7,https://www.vinted.co.uk/items/8277978374,,2026-03-09T13:15:05.898212+00:00,Alexander Mcqueen Scarf
vinted,8272471316,Alexander McQueen silk scarf,165.0,GBP,New with tags,Alexander McQueen,,donna4style,,https://images1.vinted.net/t/05_01011_XSsAks4hu8Rsa58bN3xSF83M/f800/1772199375.jpeg?s=bf06fc2fc7b1bbd39e81d140b6ad0ee48a62ee04,https://www.vinted.co.uk/items/8272471316,,2026-03-09T13:15:05.898222+00:00,Alexander Mcqueen Scarf
vinted,8265728032,Alexander Mcqueen headscarf scarf red black silk,100.0,GBP,New without tags,Alexander McQueen,,ostar066,,https://images1.vinted.net/t/05_00df3_r6wpzobgChpogYH2pGsYVh3Q/f800/1772114275.jpeg?s=6181b5aa4e8f86f5a71d34c377b90c84808a6244,https://www.vinted.co.uk/items/8265728032,,2026-03-09T13:15:05.898227+00:00,Alexander Mcqueen Scarf
vinted,8269410980,Alexander McQueen Silk Skull Scarf In Red . Full Size 47 Inches X 40,100.0,GBP,Good,Alexander,,soloforce,,https://images1.vinted.net/t/01_012c5_gUT4orgnSZteVJWW7CCGZ2Cp/f800/1772144439.jpeg?s=346230ff1ec393889db3eb67cb58f4ee1718f1b1,https://www.vinted.co.uk/items/8269410980,,2026-03-09T13:15:05.898236+00:00,Alexander Mcqueen Scarf
vinted,8269199235,Alexander McQueen Silk Skull Red & Black Scarf,120.0,GBP,Very good,Alexander McQueen,,additionalcause4srrw,,https://images1.vinted.net/t/05_016b9_6cn6wKiALSrpBFkYWRgnuQBa/f800/1772141397.jpeg?s=5630640fbe21f429f396798ffbe01913846e1aac,https://www.vinted.co.uk/items/8269199235,,2026-03-09T13:15:05.898242+00:00,Alexander Mcqueen Scarf
vinted,8268202497,Alexander McQueen Silk print scarf,99.0,GBP,New with tags,Alexander McQueen,,ellicehudson,,https://images1.vinted.net/t/05_0193b_r8kB3jXhUPXN5FNbzThJGvR6/f800/1772132304.jpeg?s=554584a4a83775d7e45508d97d5e34c10804507e,https://www.vinted.co.uk/items/8268202497,,2026-03-09T13:15:05.898247+00:00,Alexander Mcqueen Scarf
vinted,8268179593,Alexander Mqueen skull scarf,65.0,GBP,Very good,Alexander McQueen,,hannahkwhelan,,https://images1.vinted.net/t/06_019b3_rva1ChmSDrPRW52ys6P1zAcP/f800/1772132121.jpeg?s=709a9152c5b2d3162ae63642f5d125ce99bcaa4b,https://www.vinted.co.uk/items/8268179593,,2026-03-09T13:15:05.898251+00:00,Alexander Mcqueen Scarf
vinted,8266659117,Green Skull Print Alexander McQueen Scarf,65.0,GBP,Very good,Alexander McQueen,,revive_relove,,https://images1.vinted.net/t/05_0162a_6HKCU6P4hKr9mDtYRrvBedgN/f800/1772120801.jpeg?s=458f3fc0cb8802d743370cdd7519dc007541689c,https://www.vinted.co.uk/items/8266659117,,2026-03-09T13:15:05.898256+00:00,Alexander Mcqueen Scarf
vinted,8266447828,Blue Alexander McQueen Skull Scarf,50.0,GBP,Very good,Alexander McQueen,,revive_relove,,https://images1.vinted.net/t/06_02240_XVRzDd7a4r33M6gHDwaEHcd6/f800/1772119297.jpeg?s=e559770274d15808482af282b86ac7bc9be1c07d,https://www.vinted.co.uk/items/8266447828,,2026-03-09T13:15:05.898261+00:00,Alexander Mcqueen Scarf
vinted,8266402489,Green Skull Alexander McQueen Scarf,60.0,GBP,Good,Alexander McQueen,,revive_relove,,https://images1.vinted.net/t/06_01bf6_yzGavPNzoVDCJNiLER5BRagx/f800/1772118972.jpeg?s=4e812c8ba59c111cf1cc4e76de9d38ab6c3cc67a,https://www.vinted.co.uk/items/8266402489,,2026-03-09T13:15:05.898266+00:00,Alexander Mcqueen Scarf
vinted,8264611397,"Alexander McQueen sheet silk scarf, grey and yellow",80.0,GBP,New without tags,Alexander McQueen,,kate.v.h,,https://images1.vinted.net/t/05_01443_hQBynd6KgA8h3RXbCAd4DB7c/f800/1772106107.jpeg?s=acb2659165b01be52b231ff63b5656ad5ad5d771,https://www.vinted.co.uk/items/8264611397,,2026-03-09T13:15:05.898271+00:00,Alexander Mcqueen Scarf
vinted,8264609517,Alexander McQueen scarf,65.0,GBP,Very good,Alexander McQueen,,almamcp,,https://images1.vinted.net/t/01_00af5_e1TLfA19vxnqfPdGLpgnQJtk/f800/1772106055.jpeg?s=7ae06d89740b1a56d32e0c004b62d264f58be624,https://www.vinted.co.uk/items/8264609517,,2026-03-09T13:15:05.898276+00:00,Alexander Mcqueen Scarf
vinted,8262140359,Alexander McQueen Classic Silk Skull Scarf in Burgundy,85.0,GBP,New without tags,Alexander McQueen,,anastasiaalm96,,https://images1.vinted.net/t/05_024d2_rVwAWya4dgsvvkwcNeUrvT9m/f800/1772053621.jpeg?s=dbe3096a9669a6229068a26951d1cc10796d2336,https://www.vinted.co.uk/items/8262140359,,2026-03-09T13:15:05.898282+00:00,Alexander Mcqueen Scarf
vinted,8260312298,Alexander mcqueen mainline butterfly scarf,90.0,GBP,Very good,Alexander McQueen,,james1234567890,,https://images1.vinted.net/t/06_012fb_YBoTCJhtgp7696AUi9MPrdW4/f800/1772039038.jpeg?s=a9e5ccc8bc5ee9a2efd0b0bab60fc434c69e6bc8,https://www.vinted.co.uk/items/8260312298,,2026-03-09T13:15:05.898286+00:00,Alexander Mcqueen Scarf
vinted,8259729900,Alexander McQueen Skull Scarf – Pink / Black Brushstroke Logo – Authentic – Made in Italy,85.0,GBP,Very good,Alexander McQueen,,natexlawrence,,https://images1.vinted.net/t/06_0030f_mp51TY2kgAi5pKi4jCxHgL1Z/f800/1772040880.jpeg?s=9fb75dbf5346f6962e77526b2fbb893be7a02daf,https://www.vinted.co.uk/items/8259729900,,2026-03-09T13:15:05.898291+00:00,Alexander Mcqueen Scarf
vinted,8259298727,Alexander Mcqueen Large Scarf,399.0,GBP,New without tags,Alexander McQueen,,thanamasila,,https://images1.vinted.net/t/01_01ad0_cXGxRDSfyByteVRLN7vfPD6d/f800/1772032134.jpeg?s=9101b9f99fd58cd9f304011f53b4e4b76014f02f,https://www.vinted.co.uk/items/8259298727,,2026-03-09T13:15:05.898295+00:00,Alexander Mcqueen Scarf
vinted,8258833603,Alexander McQueen Scarf,125.0,GBP,Very good,Alexander McQueen,,jem.h,,https://images1.vinted.net/t/06_00253_mPhYjABkm7c77isbnzYrsjhd/f800/1772028953.jpeg?s=f5320b7a8f856ac48b01d77666a08b71621a3e07,https://www.vinted.co.uk/items/8258833603,,2026-03-09T13:15:05.898300+00:00,Alexander Mcqueen Scarf
vinted,8258172682,Pink and black Alexander McQUEEN skull scarf,120.0,GBP,New without tags,Alexander McQueen,,carls_m,,https://images1.vinted.net/t/06_019f1_pFkR1ejeRZSQxCTE6tSv4toT/f800/1772024357.jpeg?s=a8ddeb38fe1fa620a2ec401fedb8578ad06a9a03,https://www.vinted.co.uk/items/8258172682,,2026-03-09T13:15:05.898304+00:00,Alexander Mcqueen Scarf
vinted,8253477062,Alexander McQueen silk scarf,95.0,GBP,Good,Alexander McQueen,,lwest90,,https://images1.vinted.net/t/06_023cc_txYiSsgh3ukzthppiPuvj1mv/f800/1771955072.jpeg?s=622b0aeb0859fd7a28c2fa50de8134d18fb1cd66,https://www.vinted.co.uk/items/8253477062,,2026-03-09T13:15:05.898309+00:00,Alexander Mcqueen Scarf
vinted,8251714112,Alexander McQueen Scarf,50.0,GBP,Good,Alexander McQueen,,llbaxter1984,,https://images1.vinted.net/t/05_01d43_yYSUBdckHTn8hCu5u4jbGghf/f800/1771961073.jpeg?s=0e777e0ffae7bcad0b4019e0a1e91fe403f0c643,https://www.vinted.co.uk/items/8251714112,,2026-03-09T13:15:05.898313+00:00,Alexander Mcqueen Scarf
vinted,8251680495,Alexander McQueen scarf,50.0,GBP,Very good,Alexander McQueen,,treviso78388,,https://images1.vinted.net/t/01_01027_Ae5hXj65cxKoDmShfPq1gCue/f800/1772272986.jpeg?s=16a9fffdf1cb5a62cf7899410040930e60a90049,https://www.vinted.co.uk/items/8251680495,,2026-03-09T13:15:05.898318+00:00,Alexander Mcqueen Scarf
vinted,8248502767,Alexander McQueen Wool Scarf,50.0,GBP,Very good,Alexander McQueen,,beelzebobber,,https://images1.vinted.net/t/05_025d8_Q55NfHSkcCZmYRmCqmtrfE5K/f800/1771909473.jpeg?s=655aab4a7aefb49dc34bf351f6f1bc98c5ddd1f5,https://www.vinted.co.uk/items/8248502767,,2026-03-09T13:15:05.898323+00:00,Alexander Mcqueen Scarf
vinted,8244632917,Alexander McQueen skull scarf,130.0,GBP,Very good,Alexander McQueen,,lauren327918462,,https://images1.vinted.net/t/06_021d9_gQk5DS9vgiAgYEELD47LXNEr/f800/1771858812.jpeg?s=812f889d3c65d3f7d226c7e87643c40c2d8319da,https://www.vinted.co.uk/items/8244632917,,2026-03-09T13:15:05.898328+00:00,Alexander Mcqueen Scarf
vinted,8353718111,Alexander McQueen Large Scarf,50.0,GBP,Very good,Alexander McQueen,,brands4less4you,,https://images1.vinted.net/t/05_010ac_Vy67mP6DKdL7gYVD79vxJN9K/f800/1773071663.jpeg?s=1126a59e0245259094fef06cd04f589230ebb029,https://www.vinted.co.uk/items/8353718111,,2026-03-09T16:20:05.388480+00:00,Alexander Mcqueen Scarf
vinted,8354222416,BNWT Alexander Mcqueen Pink Skull And Panther Scarf RRP £345,175.0,GBP,New with tags,Alexander McQueen,,hybridstrong,,https://images1.vinted.net/t/06_00ef0_nRfZ6Zc1TAMU2AJTShLgc6Cy/f800/1773074681.jpeg?s=9d71798a59b6a872b7ce0c863d0473532f62c25e,https://www.vinted.co.uk/items/8354222416,,2026-03-09T17:18:06.369736+00:00,Alexander Mcqueen Scarf
vinted,8243650958,McQueen Scarf,30.0,GBP,Very good,McQ Alexander McQueen,,w3closet,,https://images1.vinted.net/t/05_00a57_ksqFsjDiianLGn1RMrUDLZMz/f800/1771852734.jpeg?s=5bcb17e52554d45ea4fbdeda36bdefcaa777f008,https://www.vinted.co.uk/items/8243650958,,2026-03-09T18:44:43.581721+00:00,Alexander Mcqueen Scarf
vinted,8358076477,Alexander McQueen Scarf,150.0,GBP,New with tags,Alexander McQueen,,donna4style,,https://images1.vinted.net/t/04_01668_pcetKL2frRFJZdhNR2gNpCWZ/f800/1773134346.jpeg?s=823d09a8d1c66374fa7a4708f8af20e365b65a44,https://www.vinted.co.uk/items/8358076477,,2026-03-10T09:45:43.327386+00:00,Alexander Mcqueen Scarf
vinted,8357994562,Alexander McQueen Silk Scarf,135.0,GBP,New with tags,Alexander McQueen,,donna4style,,https://images1.vinted.net/t/05_009ea_8zJMsMgEQPB77qT1BxUsv2RU/f800/1773133643.jpeg?s=f02df2c7caebd9070a2ba1f5eaf15c4045dfb968,https://www.vinted.co.uk/items/8357994562,,2026-03-10T09:45:43.327405+00:00,Alexander Mcqueen Scarf
vinted,8356956435,Alexander queen giant skull scarf,75.0,GBP,Very good,Alexander McQueen,,cowgirldisco,,https://images1.vinted.net/t/05_006c5_T6fJYmgFC5MJ3Kvd4EYuJgZ5/f800/1773096060.jpeg?s=d83625acc240144dc22ca664396b6e0291a79ff4,https://www.vinted.co.uk/items/8356956435,,2026-03-10T09:45:43.327411+00:00,Alexander Mcqueen Scarf
vinted,8356900477,Alexander McQueen Scarf,25.0,GBP,Satisfactory,Alexander McQueen,,libertyselfridges88,,https://images1.vinted.net/t/06_01e1b_s63ZEeCJe4VV4pFMXAsF5VNr/f800/1773094954.jpeg?s=bd959cba07861ed11207992ea5af43ecb07f2d8f,https://www.vinted.co.uk/items/8356900477,,2026-03-10T09:45:43.327415+00:00,Alexander Mcqueen Scarf
vinted,8356891997,Alexander McQueen Scarf,48.5,GBP,Very good,Alexander McQueen,,libertyselfridges88,,https://images1.vinted.net/t/04_00bac_3zoouWZkP7m9ZT2bL3CzVYs6/f800/1773095387.jpeg?s=3a910da7f97ff7d92645fd56e4f71cb523cc8cdf,https://www.vinted.co.uk/items/8356891997,,2026-03-10T09:45:43.327418+00:00,Alexander Mcqueen Scarf
vinted,8363278736,Classic Alexander McQueen scarf tan colour Good,25.0,GBP,Satisfactory,Alexander McQueen,,cherylynn888,,https://images1.vinted.net/t/05_02150_F2u2mpdGuaEjKZoyiB8iA7BT/f800/1773169799.jpeg?s=04f30d48e4228ca9005a78783172bfe274154b2b,https://www.vinted.co.uk/items/8363278736,,2026-03-10T19:42:54.204766+00:00,Alexander Mcqueen Scarf
vinted,8362198148,Stunning Alexander McQueen Sulk Skull scarf,85.0,GBP,Very good,Alexander McQueen,,bibihouse1964,,https://images1.vinted.net/t/01_0194c_xjRHmekCRhXZfYm1vLsVag36/f800/1773162365.jpeg?s=1bee22cab7e2d42a90fe4e5e10ac0e78001de1d8,https://www.vinted.co.uk/items/8362198148,,2026-03-10T19:42:54.204824+00:00,Alexander Mcqueen Scarf
vinted,8362109665,Alexander McQueen scarf,49.0,GBP,Good,Alexander McQueen,,kellymcclainhathaway,,https://images1.vinted.net/t/01_01f70_HfmvAA879fDPjYHBLxeQBLxN/f800/1773161796.jpeg?s=e306da02e953d4f6627989ab2ab4cc8ec017c652,https://www.vinted.co.uk/items/8362109665,,2026-03-10T19:42:54.204864+00:00,Alexander Mcqueen Scarf
vinted,8361185995,Alexander McQueen skull scarf,100.0,GBP,Very good,Alexander McQueen,,mellsyd1977,,https://images1.vinted.net/t/06_01bb7_X4sJpGq6T44i7V24JfM81UEg/f800/1773155841.jpeg?s=4784c074899cd8786062ea3ab4a9fb0e62be3a6c,https://www.vinted.co.uk/items/8361185995,,2026-03-10T19:42:54.204896+00:00,Alexander Mcqueen Scarf
vinted,8359954359,Cream and pink Alexander McQueen scarf,100.0,GBP,Very good,Alexander McQueen,,katmckenzie116,,https://images1.vinted.net/t/01_002d4_xcszfth1nCG3CnsiTUcHtsFG/f800/1773147725.jpeg?s=28d61028038d226414480f54879a8e593d89c5c6,https://www.vinted.co.uk/items/8359954359,,2026-03-10T19:42:54.204903+00:00,Alexander Mcqueen Scarf
vinted,8353211760,Alexander McQueen Skull Scarf Beige Yellow Made in Italy,80.0,GBP,Very good,Alexander McQueen,,softedit2023,,https://images1.vinted.net/t/04_01636_XfzAtLRAoV51yjxdtPcCrt4L/f800/1773068475.jpeg?s=7f93162ede38f852cdea11863312a1d53806680d,https://www.vinted.co.uk/items/8353211760,,2026-03-10T19:42:54.204910+00:00,Alexander Mcqueen Scarf
vinted,8368925864,Alexander McQueen Red Blue Bird Scarf,118.0,GBP,Very good,Alexander McQueen,,leanb77710,,https://images1.vinted.net/t/06_01a6d_yquim8YR6htHjj44E4eKzeA9/f800/1773241403.jpeg?s=dac587f6194a386f71ac6bf4dce9e70c76694f60,https://www.vinted.co.uk/items/8368925864,,2026-03-11T22:09:28.954350+00:00,Alexander Mcqueen Scarf
vinted,8368012454,Alexander McQueen Skull 100% Silk Scarf,120.0,GBP,Very good,Alexander McQueen,,personalstatement,,https://images1.vinted.net/t/01_02421_UgDs8JJfVaE8jcy9T4gnW78M/f800/1773235908.jpeg?s=4f793f5c7c2824f86f3f0161f230d5aec5763fe0,https://www.vinted.co.uk/items/8368012454,,2026-03-11T22:09:28.954357+00:00,Alexander Mcqueen Scarf
vinted,8366898118,Alexander McQueen fringed scarf top size 44,100.0,GBP,New without tags,Alexander McQueen,M / UK 12-14,jsd8775,,https://images1.vinted.net/t/06_01309_FXM3zYdKZfCsoGcpSUxbHZg6/f800/1773228555.jpeg?s=438a779407c3f3a83675e5bde00d0f1afb2af331,https://www.vinted.co.uk/items/8366898118,,2026-03-11T22:09:28.954362+00:00,Alexander Mcqueen Scarf
vinted,8372094236,black and white skull scarf design from Alexander McQueen,32.0,GBP,Very good,Alexander McQueen,,elenakari,,https://images1.vinted.net/t/05_00ed0_x2E9kFDRnDGdaWmagyqfReUV/f800/1773262697.jpeg?s=c0c05d6e75a3b423fca50c2fe8600d4005b3a012,https://www.vinted.co.uk/items/8372094236,,2026-03-11T23:34:40.244193+00:00,Alexander Mcqueen Scarf
vinted,8375763253,Alexander McQueen large silk skull print scarf,55.0,GBP,Very good,Alexander McQueen,,lf179,,https://images1.vinted.net/t/05_01aae_3XKFKAdU5MvUHDmRHFNXrTeK/f800/1773322582.jpeg?s=6967269ade812d8294958326f3510cff57d11bf8,https://www.vinted.co.uk/items/8375763253,,2026-03-12T13:42:57.786159+00:00,Alexander Mcqueen Scarf
vinted,8374766982,Alexander Mqueen scarf,180.0,GBP,New with tags,Alexander McQueen,,jadeyd23,,https://images1.vinted.net/t/06_01500_8xApYq8sD5dV55trnVExWdUG/f800/1773315394.jpeg?s=7788a6cd753112411b5f903c057b5bb0c3469136,https://www.vinted.co.uk/items/8374766982,,2026-03-12T13:42:57.786219+00:00,Alexander Mcqueen Scarf
vinted,8374353978,Alexander McQueen silk chiffon scarf black skull,200.0,GBP,New without tags,Alexander McQueen,,preetnk,,https://images1.vinted.net/t/06_02034_bCHp6JjXojWp7QxFN1yP1m4b/f800/1773312372.jpeg?s=63b21a9bf58b19ef0bb3c82350e13f6e53d66098,https://www.vinted.co.uk/items/8374353978,,2026-03-12T13:42:57.786230+00:00,Alexander Mcqueen Scarf
vinted,8374318338,Alexander McQueen Scarf / Blanket,195.0,GBP,Very good,Alexander McQueen,,rhiannon121984,,https://images1.vinted.net/t/05_00518_DALhhF5eCPKWRE7H3RDdBY5b/f800/1773312116.jpeg?s=5000f0aee851ac4aefd775af0237252d8f99db88,https://www.vinted.co.uk/items/8374318338,,2026-03-12T13:42:57.786238+00:00,Alexander Mcqueen Scarf
vinted,8372791657,Red skull scarf women shiffon,30.0,GBP,Very good,Alexander McQueen,,bargainworld786,,https://images1.vinted.net/t/01_01e8e_aAzsTHGj811HumUXkZ9EKoAn/f800/1773287294.jpeg?s=f3e05df1c916925093d1cfdc5c2e3caa4dfd6c4e,https://www.vinted.co.uk/items/8372791657,,2026-03-12T13:42:57.786245+00:00,Alexander Mcqueen Scarf
vinted,8413735502,Alexander McQueen Skulls scarf excellent condition,50.0,GBP,Very good,Alexander McQueen,,pinkelvis,,https://images1.vinted.net/t/04_012d6_KacZmPwbKRqADtcCwkj4mxjk/f800/1773691197.jpeg?s=77ca197309761509acac1a75a5480401b9262cf3,https://www.vinted.co.uk/items/8413735502,,2026-03-16T23:23:28.420133+00:00,Alexander Mcqueen Scarf
vinted,8412607737,Alexander McQueen Scarf,50.0,GBP,New without tags,Alexander,,kdh115,,https://images1.vinted.net/t/06_00dc3_adyA98vRSyL5Zhfj4RMjNSFs/f800/1773683567.jpeg?s=88ec7551f4dcec221fcd6244d6da79f8cda0d647,https://www.vinted.co.uk/items/8412607737,,2026-03-16T23:23:28.420162+00:00,Alexander Mcqueen Scarf
vinted,8411534109,Alexander mcqueen scarf scarves rare blue and red,50.0,GBP,Very good,Alexander McQueen,,kollective_by_kelly,,https://images1.vinted.net/t/04_01a15_Duzy3k5MgMJtXTcBxd6mMUNU/f800/1773677268.jpeg?s=75f9e47fa696599cdc3e19b2c1a8b0a4686eb9fc,https://www.vinted.co.uk/items/8411534109,,2026-03-16T23:23:28.420169+00:00,Alexander Mcqueen Scarf
vinted,8406688316,Alexander Mcqueen rare scarf,160.0,GBP,Very good,Alexander McQueen,,1nk_kink,,https://images1.vinted.net/t/05_01664_2SFyas2fMQJEmQ8hirSFSo1R/f800/1773615075.jpeg?s=8725137396606ec9d851edd363ad2dbdcc4b83dd,https://www.vinted.co.uk/items/8406688316,,2026-03-16T23:23:28.420173+00:00,Alexander Mcqueen Scarf
vinted,8404211075,Alexandra McQueen scarf,100.0,GBP,Very good,Alexander McQueen,,laurenhf101,,https://images1.vinted.net/t/04_01ff1_XYEECXS12PijKteNY8v4tTHP/f800/1773596279.jpeg?s=1380c17af745451a5055b9ab5665d739d871dc09,https://www.vinted.co.uk/items/8404211075,,2026-03-16T23:23:28.420177+00:00,Alexander Mcqueen Scarf
vinted,8404163340,Alexander McQueen scarf,100.0,GBP,Very good,Alexander McQueen,,laurenhf101,,https://images1.vinted.net/t/05_01044_2LsaFo3B7XpsPi5TYtQuquwG/f800/1773596059.jpeg?s=aafbd403aaf9dc0ee70c50292c4864579c5bbf5b,https://www.vinted.co.uk/items/8404163340,,2026-03-16T23:23:28.420180+00:00,Alexander Mcqueen Scarf
vinted,8403856267,Alexander McQueen scarf - Savage Beauty exhibition (New York),100.0,GBP,Good,Alexander McQueen,,strozzigasse,,https://images1.vinted.net/t/05_026b1_F1GyRbbu5kaxpw26rHk2bdRu/f800/1773594691.jpeg?s=7af10bb4f93edeb72e127d30c353527dd9b462ed,https://www.vinted.co.uk/items/8403856267,,2026-03-16T23:23:28.420184+00:00,Alexander Mcqueen Scarf
vinted,8403522590,Alexander McQueen Scarf,100.0,GBP,New with tags,Alexander McQueen,,csw2412,,https://images1.vinted.net/t/04_00e57_VLuTcwpu2n3NbXmwz8SGMKSJ/f800/1773593273.jpeg?s=d372c819e8f2d976904cc30c4ee050748e9c0282,https://www.vinted.co.uk/items/8403522590,,2026-03-16T23:23:28.420187+00:00,Alexander Mcqueen Scarf
vinted,8401173944,Alexander McQueen silk scarf,120.0,GBP,Very good,Alexander McQueen,,bas3940,,https://images1.vinted.net/t/06_023d7_3KBKQavhHhrrwUNMhiuUg1u5/f800/1773583756.jpeg?s=197f6425e9ae5569bf4e63986e75bc4d346f3d0f,https://www.vinted.co.uk/items/8401173944,,2026-03-16T23:23:28.420191+00:00,Alexander Mcqueen Scarf
vinted,8398299370,Authentic Alexander McQueen silk scarf,69.99,GBP,Very good,Alexander McQueen,,stonesandthreads,,https://images1.vinted.net/t/03_0264f_ymQEgfn3tKXQ7ki8h4uXmVFS/f800/1773571153.jpeg?s=c862e2ebf105ea6c7781c06ec174ce724fda10c1,https://www.vinted.co.uk/items/8398299370,,2026-03-16T23:23:28.420194+00:00,Alexander Mcqueen Scarf
vinted,8398071584,MCQ by Alexander McQueen Scarf,75.0,GBP,New with tags,McQ Alexander McQueen,,donna4style,,https://images1.vinted.net/t/06_015a8_pZKGPY4iLCSjrQKYtXCd6cBm/f800/1773570150.jpeg?s=228b8eaf88cfadc8812ff01272d775f97573d143,https://www.vinted.co.uk/items/8398071584,,2026-03-16T23:23:28.420197+00:00,Alexander Mcqueen Scarf
vinted,8395967940,Alexander McQueen RRP£280 very good condition skull scarf,69.0,GBP,Very good,Alexander McQueen,,nay_far,,https://images1.vinted.net/t/05_00916_nwR9yJ9YwcuKh45dPST6G8gt/f800/1773527120.jpeg?s=b71147cb201c9748afd3042a37c4ea433255ef91,https://www.vinted.co.uk/items/8395967940,,2026-03-16T23:23:28.420201+00:00,Alexander Mcqueen Scarf
vinted,8395981046,Alexander McQueen dual side scarf great condition,69.0,GBP,Very good,Alexander McQueen,,nay_far,,https://images1.vinted.net/t/01_00325_Koavwu3a2VMYp8jSb7MXPySt/f800/1773527358.jpeg?s=5ba01c25bf03a53401897d5b9d66503262b25136,https://www.vinted.co.uk/items/8395981046,,2026-03-16T23:23:28.420204+00:00,Alexander Mcqueen Scarf
vinted,8394163726,Large Alexander McQueen shawl/scarf,125.0,GBP,Very good,Alexander McQueen,,hsdunstan,,https://images1.vinted.net/t/05_023a6_xC9CCuCmtaMLJfqvVjpLPoi7/f800/1773510740.jpeg?s=93b686dc16f493107799751bbe65bd59eb8aa0f3,https://www.vinted.co.uk/items/8394163726,,2026-03-16T23:23:28.420211+00:00,Alexander Mcqueen Scarf
vinted,8393504508,Alexander McQueen skull scarf,50.0,GBP,Very good,Alexander McQueen,,casadei160,,https://images1.vinted.net/t/04_0047b_1pYzrTKQR1VaQ4XmEa9FKpyV/f800/1773683539.jpeg?s=a46cbaa4a46342dd1bbaf1d9aadce6517eb07182,https://www.vinted.co.uk/items/8393504508,,2026-03-16T23:23:28.420218+00:00,Alexander Mcqueen Scarf
vinted,8390511456,Rare - Alexander McQueen rose and skull scarf,88.0,GBP,Very good,Alexander McQueen,,sparkmaison,,https://images1.vinted.net/t/06_011ab_w5BgrP1sWrqDpM37b35SsLgZ/f800/1773492095.jpeg?s=5c7122abcea7bde10771c4aa9d3df5be599d21d4,https://www.vinted.co.uk/items/8390511456,,2026-03-16T23:23:28.420221+00:00,Alexander Mcqueen Scarf
vinted,8388511076,Alexander McQueen skull print scarf,60.0,GBP,Good,Alexander McQueen,,mellsyd1977,,https://images1.vinted.net/t/06_00d66_ije7QUBjiw81JGRRgRT1KjzM/f800/1773480960.jpeg?s=71066403e4bf2793bf9f019ebfcc2c075eb11e01,https://www.vinted.co.uk/items/8388511076,,2026-03-16T23:23:28.420227+00:00,Alexander Mcqueen Scarf
vinted,8388470625,Alexander McQueen Scarf,135.0,GBP,New with tags,Alexander McQueen,,donna4style,,https://images1.vinted.net/t/06_01fdd_Le5toVaUFRxzGNYvzrjdis51/f800/1773480699.jpeg?s=5aea5bbbd1b5f8b52a761325f9ac23af105137cf,https://www.vinted.co.uk/items/8388470625,,2026-03-16T23:23:28.420230+00:00,Alexander Mcqueen Scarf
vinted,8386589924,Peach and white Alexander McQueen scarf,110.0,GBP,New without tags,Alexander McQueen,,alihoney,,https://images1.vinted.net/t/04_01209_ReFpqqKH2X9szJs65kQbonoN/f800/1773434577.jpeg?s=61f0d2e6641a79d2eeb18576c611cc7086148826,https://www.vinted.co.uk/items/8386589924,,2026-03-16T23:23:28.420233+00:00,Alexander Mcqueen Scarf
vinted,8382498047,Brand new with tags Alexander McQueen red skull silk scarf,160.0,GBP,New with tags,Alexander McQueen,One size,lcavaliere,,https://images1.vinted.net/t/05_001ab_z5u4aHcw3HXTa4TKY6NWaVbn/f800/1773404790.jpeg?s=620ddd35c0762564377240a483ad8bbe42437457,https://www.vinted.co.uk/items/8382498047,,2026-03-16T23:23:28.420237+00:00,Alexander Mcqueen Scarf
vinted,8382026260,Alexander McQueen Silky Skull Scarf,80.0,GBP,Very good,Alexander McQueen,,housereno77,,https://images1.vinted.net/t/04_01aa4_K4iEAAQrMTCMzxdZ7NazbnN6/f800/1773401569.jpeg?s=3c6f909e074fc11bdd9fe7a91722c1ae69081e5a,https://www.vinted.co.uk/items/8382026260,,2026-03-16T23:23:28.420240+00:00,Alexander Mcqueen Scarf
vinted,8379972237,Alexander McQueen Scarf,150.0,GBP,New with tags,Alexander McQueen,,nathaniel.lockwood,,https://images1.vinted.net/t/06_00cee_c2GiVgx9ZVoeaPddoHwouetH/f800/1773357269.jpeg?s=d5a86e01002ea43c9c5462bdc7ec9e0a8723ed9b,https://www.vinted.co.uk/items/8379972237,,2026-03-16T23:23:28.420243+00:00,Alexander Mcqueen Scarf
vinted,8379956510,Alexander McQueen silk scarf,95.0,GBP,Very good,Alexander McQueen,,emmajredvox,,https://images1.vinted.net/t/05_02344_p4trfqsBEZm4oesg1LpTZ1ak/f800/1773356743.jpeg?s=cf5bd2fdd65bd81dff6bc1157a7cee4852dd21e8,https://www.vinted.co.uk/items/8379956510,,2026-03-16T23:23:28.420246+00:00,Alexander Mcqueen Scarf
vinted,8379954209,Alexander McQueen silk scarf,90.0,GBP,Very good,Alexander McQueen,,emmajredvox,,https://images1.vinted.net/t/05_00c14_Fgpxr33RGoMt8vyhSvUvD2Hx/f800/1773356668.jpeg?s=fd16cfaf3b7ca153c1159275be6b19b09fb2d6c6,https://www.vinted.co.uk/items/8379954209,,2026-03-16T23:23:28.420249+00:00,Alexander Mcqueen Scarf
vinted,8379942983,Alexander McQueen silk scarf,85.0,GBP,Very good,Alexander McQueen,,emmajredvox,,https://images1.vinted.net/t/05_01c0d_skciiRBFnBtBJcQPgP99Rvsv/f800/1773356321.jpeg?s=c16df4c57e71e4cdedb212d773aaa7c298b02f06,https://www.vinted.co.uk/items/8379942983,,2026-03-16T23:23:28.420253+00:00,Alexander Mcqueen Scarf
vinted,8377386148,McQueen Graffiti Logo Scarf,30.0,GBP,Very good,Alexander McQueen,,tomlyon99,,https://images1.vinted.net/t/01_00f45_Jbffi5H34UBWJYYRofaw6LQh/f800/1773333317.jpeg?s=9c19b96b781e4220a394ea9f9eb5f37c665a00d9,https://www.vinted.co.uk/items/8377386148,,2026-03-16T23:23:28.420256+00:00,Alexander Mcqueen Scarf
vinted,8417656792,Excellent condition pure cashmere silk original rare vintage deadstock Alexander Mcqueen scarf,78.0,GBP,Very good,Alexander McQueen,,vintagelondon2005,,https://images1.vinted.net/t/05_00b4f_NP7eGKrLGJXfdmATfganawwz/f800/1773752555.jpeg?s=e73f83baab979a696bfa3fff7e606a96487bb558,https://www.vinted.co.uk/items/8417656792,,2026-03-17T13:45:34.311932+00:00,Alexander Mcqueen Scarf
vinted,8417599006,Alexander McQueen silk skull & dragonfly print scarf,40.0,GBP,Very good,Alexander McQueen,,lf179,,https://images1.vinted.net/t/06_01011_iRBxUs96UQYpnNUX1632UWrw/f800/1773752168.jpeg?s=bb6e607726c91f44bfcb3a32cf9490de7ed0e6aa,https://www.vinted.co.uk/items/8417599006,,2026-03-17T13:45:34.311953+00:00,Alexander Mcqueen Scarf
vinted,8417592294,Alexander McQueen scarf,70.0,GBP,Very good,Alexander McQueen,,olek8119,,https://images1.vinted.net/t/01_02490_XKrnMkV8gu23XaVqu1N363Um/f800/1773752123.jpeg?s=a1a95c4a25280bf6a13e709f946d0a412845942b,https://www.vinted.co.uk/items/8417592294,,2026-03-17T13:45:34.311959+00:00,Alexander Mcqueen Scarf
vinted,8417401674,Alexander mcqueen beige silk scarf,50.0,GBP,Satisfactory,Alexander McQueen,,rosiec36,,https://images1.vinted.net/t/04_00890_Ye2ohF1gQ3fbwPtroypFG7UM/f800/1773750841.jpeg?s=22349fab43dbe369535c38b0082dd017be0d84f6,https://www.vinted.co.uk/items/8417401674,,2026-03-17T13:45:34.311963+00:00,Alexander Mcqueen Scarf
vinted,8416646900,Alexander McQueen large square scarf,120.0,GBP,Very good,Alexander McQueen,,muibo,,https://images1.vinted.net/t/05_0055f_ZpyAhW8hAE87ueH22yNuHuZN/f800/1773745579.jpeg?s=9212b07578547bd3a93e07fc61d911385983684a,https://www.vinted.co.uk/items/8416646900,,2026-03-17T13:45:34.311966+00:00,Alexander Mcqueen Scarf
vinted,8415516420,Alexander McQueen Skull Silk Scarf – Cream with Red Skulls – Made in Italy,39.0,GBP,Satisfactory,Alexander McQueen,,queenieludi,,https://images1.vinted.net/t/05_012ca_SM1VuTxmBvjaQbbehjhQw8g9/f800/1773736880.jpeg?s=5ed47f5672636640406f20148df705da03b8d27a,https://www.vinted.co.uk/items/8415516420,,2026-03-17T13:45:34.311972+00:00,Alexander Mcqueen Scarf
vinted,8415011661,Alexander McQueen black square scarf,65.0,GBP,Very good,Alexander McQueen,,gracehealy123,,https://images1.vinted.net/t/05_01442_gwuhQVbXbQN7MCYW83XB9SC6/f800/1773728798.jpeg?s=d5f29ac8fe5950723f62c2e5d54a77752bd8d0e7,https://www.vinted.co.uk/items/8415011661,,2026-03-17T13:45:34.311975+00:00,Alexander Mcqueen Scarf
vinted,8431933894,Alexander McQueen Silk Scarf,65.0,GBP,Very good,Alexander McQueen,,jesicafaye,,https://images1.vinted.net/t/06_01337_v3xopaNFwJThvGdNGZdb6fCb/f800/1773919478.jpeg?s=020add331e7d905bfc54c27303d8da63b9a1e1e2,https://www.vinted.co.uk/items/8431933894,,2026-03-19T13:53:18.892549+00:00,Alexander Mcqueen Scarf
vinted,8430602111,Alexander McQueen wool scarf,45.0,GBP,Very good,Alexander McQueen,,mrshstephens,,https://images1.vinted.net/t/05_01dcb_F6QJVw9AJAZQG3vQy45NpkHH/f800/1773908654.jpeg?s=3e30677e2fba287d52c056d022a9de91d1674e46,https://www.vinted.co.uk/items/8430602111,,2026-03-19T13:53:18.892578+00:00,Alexander Mcqueen Scarf
vinted,8429950053,Alexander McQueen scarf,60.0,GBP,Very good,Alexander McQueen,,leem8513,,https://images1.vinted.net/t/04_0074d_JcRQxFSmc9UfVu4yUfqBhdTN/f800/1773877348.jpeg?s=8f190c8c8d15c85dc0476c0ae47aa3bcb5b24082,https://www.vinted.co.uk/items/8429950053,,2026-03-19T13:53:18.892590+00:00,Alexander Mcqueen Scarf
vinted,8429628239,Alexander Mcqueen pink skull scarf,40.0,GBP,Very good,Alexander McQueen,,kenicks,,https://images1.vinted.net/t/05_001ac_JkXJi3t7quAakuPL1U9hJCJK/f800/1773869961.jpeg?s=118c873a0abd1d9633f52219ca17fa32bb728bc1,https://www.vinted.co.uk/items/8429628239,,2026-03-19T13:53:18.892595+00:00,Alexander Mcqueen Scarf
vinted,8429502639,Alexander McQueen Skulls Houndstooth Print Silk Scarf,75.0,GBP,Very good,Alexander McQueen,,lovemicbear,,https://images1.vinted.net/t/06_018b7_GG8huo6qZPw2NcmtcWdec8TX/f800/1773868485.jpeg?s=b044424429ff570754b10f19eec9fd5b6b77caaf,https://www.vinted.co.uk/items/8429502639,,2026-03-19T13:53:18.892598+00:00,Alexander Mcqueen Scarf
vinted,8429411170,Skull scarf,45.0,GBP,Very good,Alexander McQueen,,fashiongiuliana,,https://images1.vinted.net/t/05_01330_gdbwqbrSXrExLCZKW6SygqWd/f800/1773867556.jpeg?s=7f1bb742a3f6c0339a234ef27c939b2d8cad3eec,https://www.vinted.co.uk/items/8429411170,,2026-03-19T13:53:18.892602+00:00,Alexander Mcqueen Scarf
vinted,8428009858,Alexander McQueen - Butterfly design large scarf. Excellent condition.,99.0,GBP,Very good,Alexander McQueen,,ivyleague70001,,https://images1.vinted.net/t/04_01d30_eK7sb7QULn9j5vCeFhSsAwUe/f800/1773856450.jpeg?s=b265edada6c8b0fff13b60100a5199b60a507def,https://www.vinted.co.uk/items/8428009858,,2026-03-19T13:53:18.892605+00:00,Alexander Mcqueen Scarf
vinted,8424284497,Alexander McQueen Butterfly and skull scarf,95.0,GBP,Good,Alexander McQueen,,cocothebear2022,,https://images1.vinted.net/t/06_013f0_RC7Hd5cGJ7FVGz556rgnsCKp/f800/1773831404.jpeg?s=4d83527d37cb035da9fe88dd37112830e176f57e,https://www.vinted.co.uk/items/8424284497,,2026-03-19T13:53:18.892608+00:00,Alexander Mcqueen Scarf
vinted,8424242989,Alexander McQueen skull scarf,120.0,GBP,Very good,Alexander McQueen,,cocothebear2022,,https://images1.vinted.net/t/05_022a5_MgdNkmmvf9yVjEVkRrybCsrt/f800/1773831117.jpeg?s=2baf6ac6b5d218404c0d886f4424260dedfcffc6,https://www.vinted.co.uk/items/8424242989,,2026-03-19T13:53:18.892612+00:00,Alexander Mcqueen Scarf
vinted,8419356250,Alexander McQueen Scarf,35.0,GBP,Very good,Alexander McQueen,,springview,,https://images1.vinted.net/t/04_02338_6anoGx8eMziY7YAE5nL7SyKA/f800/1773851706.jpeg?s=121ff7007af81bb6bd28bd6f8cd9f3bc1b3a614f,https://www.vinted.co.uk/items/8419356250,,2026-03-19T13:53:18.892622+00:00,Alexander Mcqueen Scarf
vinted,8418672016,Skull Alexander McQueen Silk scarf,150.0,GBP,Very good,Alexander McQueen,,sherrock0501,,https://images1.vinted.net/t/06_00d11_5ysXeA4n1mBvhjMNFiuXiCJP/f800/1773759128.jpeg?s=5ad1f3b931e09f07961c996b2f8176ced7941dec,https://www.vinted.co.uk/items/8418672016,,2026-03-19T13:53:18.892625+00:00,Alexander Mcqueen Scarf
vinted,8433184248,Brand new Alexander McQueen scarf,200.0,GBP,New with tags,Alexander McQueen,,js1234567891011,,https://images1.vinted.net/t/06_017e4_Cx69GtBj919JSHetLxAx1CtS/f800/1773928783.jpeg?s=b4163de7a282c3082d81a29df2a09fe8a7f44405,https://www.vinted.co.uk/items/8433184248,,2026-03-19T14:44:51.810421+00:00,Alexander Mcqueen Scarf
vinted,8458817975,Alexander McQueen Skull Print Scarf Cotton in Grey,95.0,GBP,Very good,Alexander McQueen,,rachy69,,https://images1.vinted.net/t/06_01be5_jaFmVNN1C42KtYDLzvzJfX2E/f800/1774195794.jpeg?s=a9785a84310ca5a1fba42d4d943b8580f730bfa1,https://www.vinted.co.uk/items/8458817975,,2026-03-22T16:43:10.268265+00:00,Alexander Mcqueen Scarf
vinted,8458275784,Alexander McQueen Skull Scarf – Black & Ivory – Harrods Purchase,100.0,GBP,Very good,Alexander McQueen,,loubyj19,,https://images1.vinted.net/t/06_003f0_p7t2XF8sCUZyG1RE34YiNevs/f800/1774193532.jpeg?s=fbb0e4bd59fe595bb6e4c8ce2cbecbce83711fcf,https://www.vinted.co.uk/items/8458275784,,2026-03-22T16:43:10.268298+00:00,Alexander Mcqueen Scarf
vinted,8453508249,Alexander McQueen skull print scarf,45.0,GBP,New without tags,Alexander McQueen,,magoober,,https://images1.vinted.net/t/05_01de6_oo4dM3asLcQXpDsP2aZAHoZ6/f800/1774171872.jpeg?s=c21ac0f933a8f97e4f0b6ec01958e4b70e176f41,https://www.vinted.co.uk/items/8453508249,,2026-03-22T16:43:10.268306+00:00,Alexander Mcqueen Scarf
vinted,8454000222,Alexander McQueen skull scarf,80.0,GBP,Very good,Alexander McQueen,,casadei160,,https://images1.vinted.net/t/06_00c2c_QS6GtPFp4g6c8LTHLwLxqmxq/f800/1774174357.jpeg?s=f80d6b49151442d3f8401fce2fcd89d4ea5043df,https://www.vinted.co.uk/items/8454000222,,2026-03-22T16:43:10.268311+00:00,Alexander Mcqueen Scarf
vinted,8453901029,Alexander McQueen skull scarf,50.0,GBP,Very good,Alexander McQueen,,casadei160,,https://images1.vinted.net/t/06_00207_TJx7fXwgHHqL8hu6Qj4ytc78/f800/1774174634.jpeg?s=6603cf4e20db907428bb9888e6cf9d353ca6f976,https://www.vinted.co.uk/items/8453901029,,2026-03-22T16:43:10.268315+00:00,Alexander Mcqueen Scarf
vinted,8451476222,Alexander McQueen Blue scarf Skulls iconic silk New,85.0,GBP,New without tags,Alexander McQueen,,mai_boutique,,https://images1.vinted.net/t/01_011bb_4SU2wBC38ev3pJFr5X8n2vyq/f800/1774124783.jpeg?s=69c71262584ba22dd54b7573c48de69a94021945,https://www.vinted.co.uk/items/8451476222,,2026-03-22T16:43:10.268319+00:00,Alexander Mcqueen Scarf
vinted,8451298538,Alexander McQueen skull scarf large 120cm x140cm,120.0,GBP,New without tags,Alexander McQueen,,dftcloset,,https://images1.vinted.net/t/06_00ba2_NMg7i1JguYtUi36rC3vDgbXT/f800/1774123116.jpeg?s=efda87124f8f0c8ece958b0a702057074642b71f,https://www.vinted.co.uk/items/8451298538,,2026-03-22T16:43:10.268323+00:00,Alexander Mcqueen Scarf
vinted,8451121903,Genuine and authentic Alexander McQueen skull scarf,80.0,GBP,Very good,Alexander McQueen,,allymac83,,https://images1.vinted.net/t/01_00b62_C7QkeVgYy669h2rGg8rvPaBJ/f800/1774121579.jpeg?s=7600a35ffc84acb6f000d63a9e11704d1dd44f2b,https://www.vinted.co.uk/items/8451121903,,2026-03-22T16:43:10.268327+00:00,Alexander Mcqueen Scarf
vinted,8450966799,Alexander McQueen Skull Scarf – Black/Grey – Iconic Design,45.0,GBP,Very good,Alexander McQueen,,vraimentvraiment,,https://images1.vinted.net/t/05_00053_h2ZDBU3G4wL9zQjV26eYoxeK/f800/1774125002.jpeg?s=356fb975af6ca1868bba2a1ce9413fc290378efc,https://www.vinted.co.uk/items/8450966799,,2026-03-22T16:43:10.268331+00:00,Alexander Mcqueen Scarf
vinted,8446465648,Authentic Alexander McQueen Silk Skull Scarf | Black & Ivory | 2000s Icon,150.0,GBP,Very good,Alexander McQueen,,jasmineelks,,https://images1.vinted.net/t/04_01144_e1uagsYGtkPZTuGczm11VVih/f800/1774093679.jpeg?s=c53482a963539bda506c594bc85383800a3f444f,https://www.vinted.co.uk/items/8446465648,,2026-03-22T16:43:10.268335+00:00,Alexander Mcqueen Scarf
vinted,8439036677,Alexander McQueen silk scarf,95.0,GBP,Very good,Alexander McQueen,,joshuaartist,,https://images1.vinted.net/t/06_0177d_xt5zknuJqkr8iZ18qhDfWm5i/f800/1774006629.jpeg?s=69c0270f67cc2f5e990b4b39095be430c282969f,https://www.vinted.co.uk/items/8439036677,,2026-03-22T16:43:10.268339+00:00,Alexander Mcqueen Scarf
vinted,8443756174,"Alexander McQUEEN Skull modal scarf, black, and red with white skulls. New without tag",110.0,GBP,New without tags,McQ Alexander McQueen,,hsleigh,,https://images1.vinted.net/t/01_02559_bCYt3AwUrESErHdVyrPyHN3R/f800/1774046328.jpeg?s=58a3e2590f1e9b8e81e53df1d582648b50f4df2c,https://www.vinted.co.uk/items/8443756174,,2026-03-22T16:43:10.268344+00:00,Alexander Mcqueen Scarf
vinted,8443623235,Alexander McQueen Swallow Wool Scarf,75.0,GBP,New without tags,Alexander McQueen,,mistermhill,,https://images1.vinted.net/t/05_007e6_pnjRVpdWXrESFXFNBtDF9ndV/f800/1774043653.jpeg?s=f3541ef395276783b392559dcaf9d6d34c7ebf09,https://www.vinted.co.uk/items/8443623235,,2026-03-22T16:43:10.268347+00:00,Alexander Mcqueen Scarf
vinted,8481540516,Alexander McQueen scarf,50.0,GBP,Very good,Alexander McQueen,,338csm,,https://images1.vinted.net/t/05_01794_yKgdAck55EUAt7q2Ci8cAzkd/f800/1774446467.jpeg?s=82cd0eb5542019fe1c090dbe837e2a77c55f73b0,https://www.vinted.co.uk/items/8481540516,,2026-03-25T13:49:26.871552+00:00,Alexander Mcqueen Scarf
vinted,8479901068,Alexander McQueen silk Skull Scarf,75.0,GBP,Good,Alexander McQueen,,vivyoos,,https://images1.vinted.net/t/06_01987_U7hEU2G4MAULg2q8qefEf4bF/f800/1774435767.jpeg?s=178ca52d16d2dd7c32974fca75d780fc312a2c67,https://www.vinted.co.uk/items/8479901068,,2026-03-25T13:49:26.871577+00:00,Alexander Mcqueen Scarf
vinted,8479244375,Alexander McQueen graffiti skull scarf 132x132cm,65.0,GBP,Very good,Alexander McQueen,,koalabear8,,https://images1.vinted.net/t/06_013c5_XVCs9fgGRih142YmCn18TeLJ/f800/1774431239.jpeg?s=7bcf65d3c14bcc718471a06c64fbbd2f7cbfa657,https://www.vinted.co.uk/items/8479244375,,2026-03-25T13:49:26.871583+00:00,Alexander Mcqueen Scarf
vinted,8478069037,Alexander McQ Scarf,35.0,GBP,Good,Alexander McQueen,,lovetoshopforclothes,,https://images1.vinted.net/t/05_01288_cEXRXeNRekZKouRgR6EqeLLf/f800/1774394287.jpeg?s=b20a04c807ed3f26752a31cba1361f82aae4a249,https://www.vinted.co.uk/items/8478069037,,2026-03-25T13:49:26.871586+00:00,Alexander Mcqueen Scarf
vinted,8477257013,Alexander McQueen skull-print scarf wool -silk,89.0,GBP,Very good,Alexander McQueen,,martinapicha,,https://images1.vinted.net/t/06_000ad_6SMrNDq3enUPhJQHx8oNcCmV/f800/1774383507.jpeg?s=71eb7cbdf383368a427e41eb38542e643f678550,https://www.vinted.co.uk/items/8477257013,,2026-03-25T13:49:26.871589+00:00,Alexander Mcqueen Scarf
vinted,8476742763,Alexander mqueen sheer scarf,150.0,GBP,New without tags,Alexander McQueen,,jameslee1,,https://images1.vinted.net/t/06_00e8c_6P4yMixC896hpSUNSK8zbiPS/f800/1774379656.jpeg?s=579d4ecf889625b2201a02fd287931f7c09a6a67,https://www.vinted.co.uk/items/8476742763,,2026-03-25T13:49:26.871595+00:00,Alexander Mcqueen Scarf
vinted,8476733656,Alexander mqueen large scarf,175.0,GBP,Very good,Alexander McQueen,,jameslee1,,https://images1.vinted.net/t/04_020ea_2enLM7XLxdx9EvjKjZhrm67h/f800/1774379590.jpeg?s=dc8b861eae22b81d9de89be693c11a5df8da6470,https://www.vinted.co.uk/items/8476733656,,2026-03-25T13:49:26.871598+00:00,Alexander Mcqueen Scarf
vinted,8476725138,Alexander mqueen scarf,175.0,GBP,New without tags,Alexander McQueen,,jameslee1,,https://images1.vinted.net/t/06_0207d_JeSdbNM1SdXxGeuwAeVMC2Yh/f800/1774379526.jpeg?s=63b7e910923240ef300eefad27e79deff9dbd105,https://www.vinted.co.uk/items/8476725138,,2026-03-25T13:49:26.871601+00:00,Alexander Mcqueen Scarf
vinted,8476712458,Alexander mqueen scarf square,150.0,GBP,Good,Alexander McQueen,,jameslee1,,https://images1.vinted.net/t/01_01866_afbimNC1yCgHt6c85q6Zhto9/f800/1774379432.jpeg?s=2883997783acb0b6a58bc1f916da0c9d5f154aa0,https://www.vinted.co.uk/items/8476712458,,2026-03-25T13:49:26.871603+00:00,Alexander Mcqueen Scarf
vinted,8475718881,Alexander McQueen Skull Scarf,70.0,GBP,New without tags,Alexander McQueen,,rebeccaharper3,,https://images1.vinted.net/t/05_01603_dwWkbEMmxqfxdsLSPdxsfJvC/f800/1774372631.jpeg?s=d8bd957d486993bf2199cc2bf4376abe0153657e,https://www.vinted.co.uk/items/8475718881,,2026-03-25T13:49:26.871609+00:00,Alexander Mcqueen Scarf
vinted,8474428612,Alexander McQueen scarf,80.0,GBP,New with tags,Alexander McQueen,,handbagsatdawn007,,https://images1.vinted.net/t/05_00f61_c8caasb4NbH8za7czsAKQu4j/f800/1774364376.jpeg?s=93c0754bb873ec22a35f8e09c85fcc17f25817be,https://www.vinted.co.uk/items/8474428612,,2026-03-25T13:49:26.871612+00:00,Alexander Mcqueen Scarf
vinted,8473172031,Silk scarf,120.0,GBP,New with tags,Alexander McQueen,,yyy555,,https://images1.vinted.net/t/06_016ac_Z1nLJvUfPwbmvCJbp3yf7pde/f800/1774356155.jpeg?s=4f55073db0567f55f56f507754e014c818a08f82,https://www.vinted.co.uk/items/8473172031,,2026-03-25T13:49:26.871617+00:00,Alexander Mcqueen Scarf
vinted,8472130106,Cashmere grey scarf,130.0,GBP,Very good,Alexander McQueen,,laurenmd,,https://images1.vinted.net/t/05_0145c_A61rt6w85DRmhJScGDmN86TX/f800/1774348886.jpeg?s=6698e45827711749eb2fea0ce6f025d330aa0c36,https://www.vinted.co.uk/items/8472130106,,2026-03-25T13:49:26.871622+00:00,Alexander Mcqueen Scarf
vinted,8468211777,Alexander  McQueen silk scarf,250.0,GBP,Very good,Alexander McQueen,,gardeniarose1960,,https://images1.vinted.net/t/01_02537_FVXU7VYpVPZwethCQ26QYKCP/f800/1774293377.jpeg?s=28c55e24133efa2b0b652869c2f4d5f3af81a375,https://www.vinted.co.uk/items/8468211777,,2026-03-25T13:49:26.871628+00:00,Alexander Mcqueen Scarf
vinted,8466582317,Alexandra mcqueen scarf,60.0,GBP,Very good,Alexander McQueen,,hannahscott2208,,https://images1.vinted.net/t/06_0000b_wA2Zwt5BFqSfMTf1v6WraVu4/f800/1774277758.jpeg?s=7743e232d6e9b5a870f36f24035d99edd6ec8a6f,https://www.vinted.co.uk/items/8466582317,,2026-03-25T13:49:26.871630+00:00,Alexander Mcqueen Scarf
vinted,8466169520,Alexander McQueen Razor blade scarf,50.0,GBP,Very good,Alexander McQueen,,seraphina74,,https://images1.vinted.net/t/05_020d9_unYoCdp29VqL6GfdPPPquNAV/f800/1774275215.jpeg?s=1f3729a3a986c50ac9cefa715e0b878ae0776b4c,https://www.vinted.co.uk/items/8466169520,,2026-03-25T13:49:26.871633+00:00,Alexander Mcqueen Scarf
vinted,8464102813,Alexander Mcqueen headscarf scarf red black silk,100.0,GBP,New without tags,Alexander McQueen,,ostar066,,https://images1.vinted.net/t/03_024cc_ipmu6UiVmshVrJuKm4UL4x4t/f800/1774261399.jpeg?s=fd97b8d8af953167f1d5da37b56233b1eac2e4f6,https://www.vinted.co.uk/items/8464102813,,2026-03-25T13:49:26.871636+00:00,Alexander Mcqueen Scarf
vinted,8459855074,Alexander McQueen skull scarf,180.0,GBP,New with tags,Alexander McQueen,,nataliejayne52,,https://images1.vinted.net/t/06_002a5_CPwGNKCGMdfaJ3iS3xKttVx4/f800/1774200118.jpeg?s=678f32c6c4152dfc6f8013bcefd9dc85e6ccfa48,https://www.vinted.co.uk/items/8459855074,,2026-03-25T13:49:26.871644+00:00,Alexander Mcqueen Scarf
vinted,8486085634,Alexander McQueen Skull scarf Pink,40.0,GBP,Good,Alexander McQueen,,rachelegg45,,https://images1.vinted.net/t/01_01a60_3TuMqir5Jikm6HsVre5XnhyK/f800/1774480376.jpeg?s=a647f0c6b403198f90dfea1121bcba7d2bca0f73,https://www.vinted.co.uk/items/8486085634,,2026-03-26T00:44:07.647691+00:00,Alexander Mcqueen Scarf
vinted,8483977111,Alexander McQueen Classic Silk Scarf,80.0,GBP,Good,Alexander McQueen,,agagusia85,,https://images1.vinted.net/t/06_00d1b_PyZmLKnfVSePzo2HKg3no8tr/f800/1774460619.jpeg?s=84ad39cb7b7290a9cee74707e6765eef8e25d3d2,https://www.vinted.co.uk/items/8483977111,,2026-03-26T00:44:07.647718+00:00,Alexander Mcqueen Scarf
vinted,8482835677,Alexander McQueen Skull Scarf from V&A Museum,75.0,GBP,Good,Alexander McQueen,,meeraaa723,,https://images1.vinted.net/t/04_006ba_B57i6ciPFfbHM7YJZEDuo7ez/f800/1774454021.jpeg?s=9b736e35b2d0b23889ef528f4dba770afe6504f5,https://www.vinted.co.uk/items/8482835677,,2026-03-26T00:44:07.647725+00:00,Alexander Mcqueen Scarf
vinted,8719846002,woman scarf,50.0,GBP,Very good,Alexander McQueen,,alice-victoriab,,https://images1.vinted.net/t/05_003c0_S8XaYa1PnGwGB8yEQL7RVVqV/f800/1776855658.jpeg?s=d48e715ff4ca072f9bfa437da6b7fdc01987a74d,https://www.vinted.co.uk/items/8719846002,,2026-04-22T13:36:42.545769+00:00,Alexander Mcqueen Scarf
vinted,8717691485,Alexander McQueen Ladies Plum Silk Scarf,85.0,GBP,Very good,Alexander McQueen,,dobeyone66,,https://images1.vinted.net/t/01_00011_Ry5w2S32w1qtva5J3NV2cXYF/f800/1776835225.jpeg?s=8ea7f1b77a2c21ef8cbb06683dde776d77f3d30b,https://www.vinted.co.uk/items/8717691485,,2026-04-22T13:36:42.545799+00:00,Alexander Mcqueen Scarf
vinted,8680278216,Real McQueen scarf,40.0,GBP,Good,Alexander McQueen,,gigijiang88,,https://images1.vinted.net/t/05_0162e_donyxGd15NN4UYazzPkecpWn/f800/1776467539.jpeg?s=ce4ee7b206d795ebcd9b3ba17c661888cf774e78,https://www.vinted.co.uk/items/8680278216,,2026-04-22T13:36:42.545803+00:00,Alexander Mcqueen Scarf
vinted,8717416402,Stunning Genuine Alexander McQueen Rose Petal Scarf shawl💀 🌹,50.0,GBP,Very good,Alexander McQueen,,clemetis_3763,,https://images1.vinted.net/t/06_013d6_DErqrNiK8begyEf6JnwBHq8f/f800/1776810378.jpeg?s=3f5c2923481bbe16fa8c1426f79a18f7ce07fe09,https://www.vinted.co.uk/items/8717416402,,2026-04-22T13:36:42.545806+00:00,Alexander Mcqueen Scarf
vinted,8716303581,large alexander mcqueen scarf,250.0,GBP,New with tags,Alexander McQueen,,snorter1129,,https://images1.vinted.net/t/05_02555_unBnKxyGjr6mhWryeT19GGfa/f800/1776798297.jpeg?s=0b1e8d3354de0bd897fe41f02603a0d0b39ecdd9,https://www.vinted.co.uk/items/8716303581,,2026-04-22T13:36:42.545810+00:00,Alexander Mcqueen Scarf
vinted,8714605888,Alexander McQueen Black Skull Silk Scarf – 100% Silk,70.0,GBP,Very good,Alexander McQueen,,shay786,,https://images1.vinted.net/t/05_007ac_D5dUBQKzwsKp43qC5Zrm5htY/f800/1776788494.jpeg?s=6ca981cba79e39259257bdce418e175674e9350c,https://www.vinted.co.uk/items/8714605888,,2026-04-22T13:36:42.545813+00:00,Alexander Mcqueen Scarf
vinted,8712596886,"Alexander McQueen Red Skull Silk Scarf – Iconic Print, Lightweight Shawl",120.0,GBP,Very good,Alexander McQueen,,ashe1104,,https://images1.vinted.net/t/06_01cf7_CkT6cNuKLSD2dAFm5YLQexNo/f800/1776776864.jpeg?s=58dd3c2b466af331790a571cc16bbb57881304ea,https://www.vinted.co.uk/items/8712596886,,2026-04-22T13:36:42.545816+00:00,Alexander Mcqueen Scarf
vinted,8712167992,Alexander McQueen large wrap/ scarf,75.0,GBP,New with tags,Alexander McQueen,,alcc24,,https://images1.vinted.net/t/05_0018f_H2nLwYs4gS2JybTgcram13cX/f800/1776774084.jpeg?s=7ace2e4f882b1af73f8ec3b70bd9c8bdbada5405,https://www.vinted.co.uk/items/8712167992,,2026-04-22T13:36:42.545819+00:00,Alexander Mcqueen Scarf
vinted,8652733881,Alexander McQueen - Skull-Print Scarf.,148.0,GBP,Very good,Alexander McQueen,,babyzea01,,https://images1.vinted.net/t/05_0094f_ntEK9KL5JnisDRzXY8i4wXDj/f800/1776450053.jpeg?s=23772549d346ef350913bda20916659f579c6aee,https://www.vinted.co.uk/items/8652733881,,2026-04-22T13:36:42.545822+00:00,Alexander Mcqueen Scarf
vinted,8711688306,Alexander McQueen scarf,54.99,GBP,Very good,Alexander McQueen,,gunes1970,,https://images1.vinted.net/t/05_018be_tzQeKTCUnNhPqisPAXdaeYHw/f800/1776770949.jpeg?s=d2d13a6b1d5c5c471f09e5b77f3edb174bdf3ddc,https://www.vinted.co.uk/items/8711688306,,2026-04-22T13:36:42.545826+00:00,Alexander Mcqueen Scarf
vinted,8711624903,Alexander McQueen Scarf,60.0,GBP,Very good,Alexander McQueen,,k_k1911,,https://images1.vinted.net/t/05_01228_f74cpsMbiXaT1MDqGK9oi5ew/f800/1776844294.jpeg?s=6d2bfdc53f3961c24b2c55b59b49e28a04b62e53,https://www.vinted.co.uk/items/8711624903,,2026-04-22T13:36:42.545829+00:00,Alexander Mcqueen Scarf
vinted,8708631230,Alexander McQueen Scarf silk,60.0,GBP,Very good,Alexander McQueen,,katem399,,https://images1.vinted.net/t/05_00646_GiiV5BVQmNBNoLedeN4ews2b/f800/1776717727.jpeg?s=3c1dd13c668c8dfb76ca5ac074b798d8f8aa9196,https://www.vinted.co.uk/items/8708631230,,2026-04-22T13:36:42.545832+00:00,Alexander Mcqueen Scarf
vinted,8707630521,Scarf Alexander McQueen with tags new,150.0,GBP,New with tags,Alexander McQueen,,anizi6,,https://images1.vinted.net/t/05_01b84_zwW89ZEW85r6GFQPRjWAvPBC/f800/1776710171.jpeg?s=0d2aa50183b564ca03f51c79d4e229b5988a0888,https://www.vinted.co.uk/items/8707630521,,2026-04-22T13:36:42.545835+00:00,Alexander Mcqueen Scarf
vinted,8705697333,Alexander McQueen scarf,35.0,GBP,Good,Alexander McQueen,,sandyn2008,,https://images1.vinted.net/t/06_01851_hK8kmtU5UttiYz78eQn61UMC/f800/1776699568.jpeg?s=ca77c302c4ee7d52ee86402a4e0451bd8904d5e3,https://www.vinted.co.uk/items/8705697333,,2026-04-22T13:36:42.545837+00:00,Alexander Mcqueen Scarf
vinted,8704597455,Alexander McQueen silk scarf,50.0,GBP,Very good,Alexander McQueen,,feathers49,,https://images1.vinted.net/t/06_00fbf_CjjvtUYiAjQTCuSRm8ay8kGU/f800/1776748660.jpeg?s=5fd86b7f251f98e2f1526b94617f5217e2f7e293,https://www.vinted.co.uk/items/8704597455,,2026-04-22T13:36:42.545840+00:00,Alexander Mcqueen Scarf
vinted,8704583274,Alexander McQueen scarf,55.0,GBP,Very good,Alexander McQueen,,feathers49,,https://images1.vinted.net/t/06_0012b_HxeSX7MD8cstyKQXYPYKDjwS/f800/1776693337.jpeg?s=a1c5742aeb774b88faf109548e5bb96f4ec031f9,https://www.vinted.co.uk/items/8704583274,,2026-04-22T13:36:42.545843+00:00,Alexander Mcqueen Scarf
vinted,8703824990,Alexander McQueen black and red skull print scarf,70.0,GBP,Very good,Alexander McQueen,,sweetpea112,,https://images1.vinted.net/t/06_01ee2_bvpK28njKtnu3dVTBqWQPjqC/f800/1776688991.jpeg?s=92460448f4f07b7721e3745f170baf81ca0797ca,https://www.vinted.co.uk/items/8703824990,,2026-04-22T13:36:42.545846+00:00,Alexander Mcqueen Scarf
vinted,8703631538,Genuine- Alexander McQueen scarf,75.0,GBP,Very good,Alexander McQueen,,gemmabrusell,,https://images1.vinted.net/t/04_01b93_aRaMkxcERgSfBeHN3F4Z5H5A/f800/1776689985.jpeg?s=7a87883b6868ca5f1cfb87d9a4ef143565065df1,https://www.vinted.co.uk/items/8703631538,,2026-04-22T13:36:42.545849+00:00,Alexander Mcqueen Scarf
vinted,8702409663,Alexander McQueen Scarf Pink,45.0,GBP,Very good,Alexander McQueen,,sarahleeds1,,https://images1.vinted.net/t/05_01df3_ZpnLYJbSNiuQuXTgmWVQV4fm/f800/1776859036.jpeg?s=1ad614b27bb8d049cba253b56a851c3725735c49,https://www.vinted.co.uk/items/8702409663,,2026-04-22T13:36:42.545852+00:00,Alexander Mcqueen Scarf
vinted,8697013581,Alexander McQueen New Silk scarf large,64.99,GBP,New without tags,Alexander McQueen,,gunes1970,,https://images1.vinted.net/t/06_01dd8_jrsUsDFAk2HXtVYmLWrmHw5e/f800/1776615958.jpeg?s=e3183117da1fb1dab703d0b6cd97993aa3abe438,https://www.vinted.co.uk/items/8697013581,,2026-04-22T13:36:42.545855+00:00,Alexander Mcqueen Scarf
vinted,8697762768,Alexander McQueen navy skull scarf,160.0,GBP,Very good,Alexander McQueen,,lt_s,,https://images1.vinted.net/t/06_0140e_yEhocW1STGn9yc52rpviLNc1/f800/1776618921.jpeg?s=92f667dcdb50a1e796fcd35b6c9f1d9fb8d43132,https://www.vinted.co.uk/items/8697762768,,2026-04-22T13:36:42.545857+00:00,Alexander Mcqueen Scarf
vinted,8696941218,Alexander McQueen scarf,49.99,GBP,Very good,Alexander McQueen,,gunes1970,,https://images1.vinted.net/t/06_01d1d_WMq9eL7YM2XACr8DyXeU3HXU/f800/1776615681.jpeg?s=9b3cb4149c45f927f7d14e8a25a6f7f665bbbaba,https://www.vinted.co.uk/items/8696941218,,2026-04-22T13:36:42.545860+00:00,Alexander Mcqueen Scarf
vinted,8696798354,Alexander McQueen silk scarf,54.99,GBP,Good,Alexander McQueen,,gunes1970,,https://images1.vinted.net/t/06_0186e_DEayyqAo6FkH5PxiDTRietS6/f800/1776615134.jpeg?s=c8ab1cf174235ed8f07bc7da2677016ec0cb2ec5,https://www.vinted.co.uk/items/8696798354,,2026-04-22T13:36:42.545869+00:00,Alexander Mcqueen Scarf
vinted,8696203475,Alexander McQueen silk large New scarf,69.99,GBP,New without tags,Alexander McQueen,,gunes1970,,https://images1.vinted.net/t/03_01ad5_w21FraH6zcJBJgdk8Kdnq9cf/f800/1776612903.jpeg?s=a2aea9608b4b6c146266fdfac37b759026840828,https://www.vinted.co.uk/items/8696203475,,2026-04-22T13:36:42.545875+00:00,Alexander Mcqueen Scarf
vinted,8690531892,Alexander McQueen | Skull Chiffon Scarf in sky blue,120.0,GBP,Very good,Alexander McQueen,,whatsinourwardrobes,,https://images1.vinted.net/t/04_003c5_v2FT4EgecbpviN67BTTZN2cp/f800/1776589294.jpeg?s=69c417f0e0836efaea4f1bc8bd3496e8312cc7cb,https://www.vinted.co.uk/items/8690531892,,2026-04-22T13:36:42.545878+00:00,Alexander Mcqueen Scarf
vinted,8688887422,Alexander McQueen skull scarf,50.0,GBP,Good,Alexander McQueen,,annareuben,,https://images1.vinted.net/t/05_015ca_3pwyNpk1MAdDby9LQirHRxij/f800/1776548930.jpeg?s=7465dbb8a79f54e183d80eb2018231c4e0297c9d,https://www.vinted.co.uk/items/8688887422,,2026-04-22T13:36:42.545881+00:00,Alexander Mcqueen Scarf
vinted,8685290471,Alexander McQueen scarf,50.0,GBP,Very good,Alexander McQueen,,lambster47,,https://images1.vinted.net/t/01_0175f_s8zCFmzEMBWt4Y57pVc17GQB/f800/1776538631.jpeg?s=9317dc6b5342a5d394470cc2abd2e8c057e06e79,https://www.vinted.co.uk/items/8685290471,,2026-04-22T13:36:42.545883+00:00,Alexander Mcqueen Scarf
vinted,8687198211,Alexanda McQueen wool/cashmere scarf,150.0,GBP,Very good,Alexander McQueen,,katiem2182,,https://images1.vinted.net/t/06_00a1c_GbSPU6WoDZ1aooa8KHvkw411/f800/1776533600.jpeg?s=4d4e88e9249624838329f74f9dd1244d7513022b,https://www.vinted.co.uk/items/8687198211,,2026-04-22T13:36:42.545886+00:00,Alexander Mcqueen Scarf
vinted,8684684019,Alexander McQueen scarf,40.0,GBP,Very good,Alexander McQueen,,dollydimple9945,,https://images1.vinted.net/t/05_00b6e_geCeFDFum7RudNV2JKZyGZfc/f800/1776521463.jpeg?s=9908fd021085874d33de7553c86b802fc479e438,https://www.vinted.co.uk/items/8684684019,,2026-04-22T13:36:42.545889+00:00,Alexander Mcqueen Scarf
vinted,8683095175,Alexander McQueen Skull Scarf,145.0,GBP,New with tags,Alexander McQueen,,caspianreed,,https://images1.vinted.net/t/05_0119e_gqe2FS2t4gLWXsrkCCQsoF3s/f800/1776511263.jpeg?s=7f28cd7764509844214445a7da2e1ff3fc4670cb,https://www.vinted.co.uk/items/8683095175,,2026-04-22T13:36:42.545892+00:00,Alexander Mcqueen Scarf
vinted,8682006525,Vintage Alexander McQueen silk scarf,65.0,GBP,Very good,Alexander McQueen,,westlondonwardrobe,,https://images1.vinted.net/t/05_00839_ADhwCB47WCqAdtTddFeMGLYd/f800/1776761133.jpeg?s=12977a3cf023cd5af3bfff224720c540b995d844,https://www.vinted.co.uk/items/8682006525,,2026-04-22T13:36:42.545894+00:00,Alexander Mcqueen Scarf
vinted,8680344347,Alexander Mcqueen Vintage scarf,90.0,GBP,Very good,Alexander McQueen,,cossackchieftain,,https://images1.vinted.net/t/04_0230d_K4dUUzbWVAV5adEJddn4ihuc/f800/1776472568.jpeg?s=8c250883b2a6aed898e12d174d745748b37df2c7,https://www.vinted.co.uk/items/8680344347,,2026-04-22T13:36:42.545897+00:00,Alexander Mcqueen Scarf
vinted,8680189749,Alexander McQueen Silk Scarf,50.0,GBP,New without tags,Alexander McQueen,,enricap76,,https://images1.vinted.net/t/06_01a31_rDsfxUywbEu4F9yvhAG2DnSu/f800/1776596254.jpeg?s=56f4ee5291eec69c3c4cee54a6650962a799aec9,https://www.vinted.co.uk/items/8680189749,,2026-04-22T13:36:42.545900+00:00,Alexander Mcqueen Scarf
vinted,8680043769,Alexander McQueen Black / white skull scarf good condition,75.0,GBP,Good,Alexander McQueen,,jackieh488,,https://images1.vinted.net/t/05_01621_RQwxhwhLU3eFB9a8oQ374i3S/f800/1776461188.jpeg?s=c549de309b80f2762252176516b9ecf897f9e9b4,https://www.vinted.co.uk/items/8680043769,,2026-04-22T13:36:42.545903+00:00,Alexander Mcqueen Scarf
vinted,8679987774,Alexander McQueen black / pink skull scarf Good Condition,75.0,GBP,Good,Alexander McQueen,,jackieh488,,https://images1.vinted.net/t/06_00f69_LbMsMWMDbBGBZVPJynYRCeHh/f800/1776460300.jpeg?s=a85e2a86b94ec0ea945ac1a4d5b8641903e8bbe2,https://www.vinted.co.uk/items/8679987774,,2026-04-22T13:36:42.545905+00:00,Alexander Mcqueen Scarf
vinted,8677798539,Alexander McQueen inspired scarf,4.0,GBP,Good,no brand,,lw12456789,,https://images1.vinted.net/t/06_018be_KnSDGW4EtmCU8UEbihVaQKnr/f800/1776778227.jpeg?s=7f47e63009ede9b0a2fdc58d264e50cd9e03660b,https://www.vinted.co.uk/items/8677798539,,2026-04-22T13:36:42.545914+00:00,Alexander Mcqueen Scarf
vinted,8677705719,Alexander McQueen razor scarf,125.0,GBP,Very good,Alexander McQueen,,katechuds,,https://images1.vinted.net/t/01_00115_ZQKU6StotDRfrWeECjGcXbfW/f800/1776442343.jpeg?s=d284cdb8bd66cb2e7938286b794fb77e3046b755,https://www.vinted.co.uk/items/8677705719,,2026-04-22T13:36:42.545916+00:00,Alexander Mcqueen Scarf
vinted,8677091924,Authentic Alexander McQueen scarf,95.0,GBP,Good,Alexander McQueen,,norr30837,,https://images1.vinted.net/t/05_022e6_fwdoth55W79zxeiuJcjwiSgr/f800/1776438387.jpeg?s=f1f15feee7bc53d47f1501dc82a3b9110481af07,https://www.vinted.co.uk/items/8677091924,,2026-04-22T13:36:42.545919+00:00,Alexander Mcqueen Scarf
vinted,8676200048,Alexander McQueen scarf,55.0,GBP,Very good,Alexander McQueen,,jasminelowe,,https://images1.vinted.net/t/05_024ba_h9K1eQSAWt4tKMdjVC47LJaW/f800/1776843873.jpeg?s=347718e42cebc8a690d2e53523aedb0667f45c92,https://www.vinted.co.uk/items/8676200048,,2026-04-22T13:36:42.545922+00:00,Alexander Mcqueen Scarf
vinted,8669906193,Alexander McQueen silk skull scarf,140.0,GBP,Very good,Alexander McQueen,,kikiqi1983,,https://images1.vinted.net/t/03_00383_wH7pNP37p6keCPWk1e2VhQya/f800/1776356259.jpeg?s=397dc90f344e2ca5950e7050384f8cd43a78db14,https://www.vinted.co.uk/items/8669906193,,2026-04-22T13:36:42.545927+00:00,Alexander Mcqueen Scarf
vinted,8661129741,Alexander McQueen Blue scarf,45.0,GBP,Good,Alexander McQueen,,billiep19,,https://images1.vinted.net/t/06_0133d_wfqpN4cxMAfRMUjtcNYbSjaD/f800/1776604439.jpeg?s=5483079b5495031dfbbf14894f54f723803bf7ca,https://www.vinted.co.uk/items/8661129741,,2026-04-22T13:36:42.545930+00:00,Alexander Mcqueen Scarf
vinted,8637206206,Alexander McQueen scull scarf,100.0,GBP,Very good,Alexander McQueen,,dozersunbean,,https://images1.vinted.net/t/05_009b9_KUdebHXr2PVdcSF3FL5VFJiN/f800/1776249278.jpeg?s=db42f5862473d165c4c08abdb9debeb282edd9bb,https://www.vinted.co.uk/items/8637206206,,2026-04-22T13:36:42.545933+00:00,Alexander Mcqueen Scarf
vinted,8658265836,Alexander McQueen Scarf Shawl,30.0,GBP,Very good,Alexander McQueen,,hallie3110,,https://images1.vinted.net/t/05_011b1_nTxPFzHptgPriCw7PbsziJkE/f800/1776248571.jpeg?s=17572a4d5d8ec2dc49a43196ed789be973e1669f,https://www.vinted.co.uk/items/8658265836,,2026-04-22T13:36:42.545935+00:00,Alexander Mcqueen Scarf
vinted,8655619066,Alexander McQueen  silk white / black skull scarf good condition,125.0,GBP,Good,Alexander McQueen,,jackieh488,,https://images1.vinted.net/t/06_01bbd_Dv2VBsGocqHmsCHXSQDrDfwG/f800/1776197555.jpeg?s=34ee68167dd5eb5694cd4bac996d35e80af6b359,https://www.vinted.co.uk/items/8655619066,,2026-04-22T13:36:42.545938+00:00,Alexander Mcqueen Scarf
vinted,8655045419,Alexander McQueen Beige Apricot Scarf Shawl,120.0,GBP,Very good,Alexander McQueen,,kezminda,,https://images1.vinted.net/t/06_00116_fo3HcomyAi1TFjudMjwcuMtJ/f800/1776193373.jpeg?s=4a0fe6b1700fbfc7c4dabc0d1b9c44b3362f1fb8,https://www.vinted.co.uk/items/8655045419,,2026-04-22T13:36:42.545941+00:00,Alexander Mcqueen Scarf
vinted,8654504876,Alexander McQueen skull-print scarf blend of wool and,95.0,GBP,Very good,Alexander McQueen,,martinapicha,,https://images1.vinted.net/t/06_00615_YsF99rrQNwxv6NqrC33EKYT3/f800/1776189979.jpeg?s=bd319c5c1e6b4d07c4a3fbfa71c250276957e239,https://www.vinted.co.uk/items/8654504876,,2026-04-22T13:36:42.545943+00:00,Alexander Mcqueen Scarf
vinted,8653504886,Alexander McQueen will scarf,50.0,GBP,Good,Alexander McQueen,,feathers49,,https://images1.vinted.net/t/04_01278_2eofwbDCbrbg6PFHN47ffsTJ/f800/1776358777.jpeg?s=e97023294cfa994947bfba7da7438ae4ebd8f972,https://www.vinted.co.uk/items/8653504886,,2026-04-22T13:36:42.545946+00:00,Alexander Mcqueen Scarf
vinted,8651375187,Alexander McQueen silk scarf,150.0,GBP,Very good,Alexander McQueen,,micho_82,,https://images1.vinted.net/t/03_00e57_gvBNAWLf4px6eqxbLw3MAoYE/f800/1776281788.jpeg?s=6beb79e68da88e014188273078e81f19623cd501,https://www.vinted.co.uk/items/8651375187,,2026-04-22T13:36:42.545949+00:00,Alexander Mcqueen Scarf
vinted,8650725740,Alexander McQueen silk scarf,200.0,GBP,Very good,Alexander McQueen,,micho_82,,https://images1.vinted.net/t/01_01aff_gMgB6CoHazpXeYezhvhQYqfS/f800/1776167837.jpeg?s=8e626d7b66d418eb899a30527ed986e8da5748a6,https://www.vinted.co.uk/items/8650725740,,2026-04-22T13:36:42.545952+00:00,Alexander Mcqueen Scarf
vinted,8649633546,Silk chiffon Alexander McQueen large skull scarf,100.0,GBP,New without tags,Alexander McQueen,,glasshouse64,,https://images1.vinted.net/t/05_00be4_RTqzgFAM1jnaDSZTzJ4iDau7/f800/1776160666.jpeg?s=91abdcc1bd04121376ca6e2a64b0295da7ae0c8d,https://www.vinted.co.uk/items/8649633546,,2026-04-22T13:36:42.545955+00:00,Alexander Mcqueen Scarf
vinted,3527858555,Alexander McQueen blue swallow-print wool scarf,100.0,GBP,Very good,Alexander McQueen,,indigotifftiff,,https://images1.vinted.net/t/03_00fd6_2GGNMQoVEQtggqvDyo1RsrRQ/f800/1695748798.jpeg?s=d8f81bdd46213ce056a483ebfee3d2bc3b77a96c,https://www.vinted.co.uk/items/3527858555,,2026-04-22T13:36:42.545958+00:00,Alexander Mcqueen Scarf
vinted,8645266261,Scarf: Genuine:   by designer Alexandra McQueen,140.0,GBP,New with tags,Alexander McQueen,,cleopatraflorence,,https://images1.vinted.net/t/05_00575_YJz1APqKUWKoPycP2Vohryre/f800/1776613481.jpeg?s=9294380f94aed71a5d0e4426cd764e660ae65907,https://www.vinted.co.uk/items/8645266261,,2026-04-22T13:36:42.545961+00:00,Alexander Mcqueen Scarf
vinted,8640157846,Alexander McQueen skull scarf,60.0,GBP,Very good,Alexander McQueen,,leacartilino,,https://images1.vinted.net/t/05_012b5_2rUtEUMc4m1VboHzAkdBZL1r/f800/1776069986.jpeg?s=38e9774eabf06f7e77a298806e7aba686bed9b1f,https://www.vinted.co.uk/items/8640157846,,2026-04-22T13:36:42.545963+00:00,Alexander Mcqueen Scarf
vinted,8637622434,Alexander McQueen Long Scarf,115.0,GBP,Very good,Alexander McQueen,,ballroomelegance,,https://images1.vinted.net/t/01_01416_J217WozXnDkZDVCuZyo6JLWZ/f800/1776019895.jpeg?s=60a569f7e350604049b0d99bebbf9257b7841de2,https://www.vinted.co.uk/items/8637622434,,2026-04-22T13:36:42.545966+00:00,Alexander Mcqueen Scarf
vinted,8635997965,Alexander Mcqueen Scarf,70.0,GBP,New without tags,Alexander McQueen,,sunalfernando26,,https://images1.vinted.net/t/05_01e89_YpiEA9wSdNQZZUBcbESEMv6c/f800/1776542546.jpeg?s=8c5fcbbbb2c1aacadb6be8ad4e7856727082b5ad,https://www.vinted.co.uk/items/8635997965,,2026-04-22T13:36:42.545969+00:00,Alexander Mcqueen Scarf
vinted,8633708184,Alexander McQueen blue& white skull foullard (scarf),125.0,GBP,New without tags,Alexander McQueen,,jemd4,,https://images1.vinted.net/t/06_017d5_zGSgNDie1qVjV67diTJNo8W6/f800/1776005360.jpeg?s=7496f686f387ad5097c39fb1d3e5565606fd4670,https://www.vinted.co.uk/items/8633708184,,2026-04-22T13:36:42.545974+00:00,Alexander Mcqueen Scarf
vinted,8631404184,Alexander McQueen scarf,40.0,GBP,Very good,Alexander McQueen,,bermondseybella,,https://images1.vinted.net/t/06_00615_wGugiwahjVbeH2SoeANPTZf5/f800/1775996354.jpeg?s=13898124f27eca3e9c4cee59ec29dad1ca026cf8,https://www.vinted.co.uk/items/8631404184,,2026-04-22T13:36:42.545977+00:00,Alexander Mcqueen Scarf
vinted,8630786961,Alexander McQueen Skull Scarf - Wool - Reversible,80.0,GBP,Very good,Alexander McQueen,,charlie19681968,,https://images1.vinted.net/t/06_0231c_FZnuHotTLrVfyzXGM3U82YUh/f800/1776380136.jpeg?s=2c9ba70d3413df307bd491aeeb2221f751f128ed,https://www.vinted.co.uk/items/8630786961,,2026-04-22T13:36:42.545980+00:00,Alexander Mcqueen Scarf
vinted,8627695453,Alexander McQueen silk blend scarf,145.0,GBP,New without tags,Alexander McQueen,,hunter53,,https://images1.vinted.net/t/01_012cb_yeU7wVePy1ogWSjrhdNdDiG2/f800/1775978403.jpeg?s=ce502b5a6f154c695d749bb9ae21341e83ece305,https://www.vinted.co.uk/items/8627695453,,2026-04-22T13:36:42.545982+00:00,Alexander Mcqueen Scarf
vinted,8625732728,Alexander Mcqueen scarf,70.0,GBP,Very good,Alexander McQueen,,glitter-diva,,https://images1.vinted.net/t/04_014bf_XvWVXqWc6bspvg3JSkP7eceZ/f800/1775932372.jpeg?s=de35edd2a389aaabc24eebe5f7c73280f81a93c6,https://www.vinted.co.uk/items/8625732728,,2026-04-22T13:36:42.545985+00:00,Alexander Mcqueen Scarf
vinted,8624774370,Alexander McQueen scarf genuine unisex,65.0,GBP,Very good,Alexander McQueen,,mievans,,https://images1.vinted.net/t/03_008d5_hqojCPgP9yvckRPjVjx3VpZh/f800/1775926654.jpeg?s=73ff9024c2ef680644a638892991f9117cf22cbd,https://www.vinted.co.uk/items/8624774370,,2026-04-22T13:36:42.545988+00:00,Alexander Mcqueen Scarf
vinted,8623959712,Alexander McQueen Scarf,120.0,GBP,Very good,Alexander McQueen,,noir-bee,,https://images1.vinted.net/t/01_0085c_Rzhuu9E4RJfqxxrwxMAboKgy/f800/1775922624.jpeg?s=05ec3ea382a3a114353b8d97b3f2e383e993fadc,https://www.vinted.co.uk/items/8623959712,,2026-04-22T13:36:42.545991+00:00,Alexander Mcqueen Scarf
vinted,8623271345,Alexander McQueen Skull Scarf,155.0,GBP,Very good,Alexander McQueen,,grapes.n.apples,,https://images1.vinted.net/t/01_0229b_amhG5qVJGKti3N3L3U7NAELA/f800/1775919338.jpeg?s=9be2a4d16623e521d4330d65bb65975c354d4a49,https://www.vinted.co.uk/items/8623271345,,2026-04-22T13:36:42.545993+00:00,Alexander Mcqueen Scarf
vinted,8622767635,McQ by Alexander McQueen Razor Blade Print Scarf,45.0,GBP,New without tags,McQ Alexander McQueen,,rj_fd,,https://images1.vinted.net/t/05_0159e_4zxsHNqyxGBEj3gRDheQc5vE/f800/1775916985.jpeg?s=ed94a83777d07e7883ee507a0f5618c3d562d4aa,https://www.vinted.co.uk/items/8622767635,,2026-04-22T13:36:42.545996+00:00,Alexander Mcqueen Scarf
vinted,8616560128,"Alexander McQueen silk scarf, with skulls",40.0,GBP,Very good,Alexander McQueen,,leahlis52,,https://images1.vinted.net/t/01_02026_1mkj6Y9nYSUYu3UuDuPuLUAz/f800/1776797631.jpeg?s=772c5f64b91ad4cb5983a61fb1124a6558532ca0,https://www.vinted.co.uk/items/8616560128,,2026-04-22T13:36:42.545999+00:00,Alexander Mcqueen Scarf
vinted,8612435489,Alexander MacQueen Chiffon Skull scarf - Sand and Red,130.0,GBP,Very good,Alexander McQueen,,ralphy2909,,https://images1.vinted.net/t/01_01992_yT1wMaqf3zx3R2wZfFdERVz5/f800/1775821107.jpeg?s=e41238333fa016294e2849ae3971d3614901c04f,https://www.vinted.co.uk/items/8612435489,,2026-04-22T13:36:42.546002+00:00,Alexander Mcqueen Scarf
vinted,8610843191,Alexander McQueen Skull Scarf,85.5,GBP,Very good,Alexander McQueen,,amys6628,,https://images1.vinted.net/t/06_00639_nhdPGSQhCw3dpGSYw1rKbmvK/f800/1775810040.jpeg?s=6df0f5e6f143c6c5785b296151edf18002889e2f,https://www.vinted.co.uk/items/8610843191,,2026-04-22T13:36:42.546004+00:00,Alexander Mcqueen Scarf
vinted,8608368045,Alexander McQueen skull scarf pink and green,189.0,GBP,New without tags,Alexander McQueen,,lillucy146,,https://images1.vinted.net/t/01_013db_1DFjCzB8S9gfMi14p9rnWk7G/f800/1775759692.jpeg?s=0f85b01f7e509c445c9d24ad081c7d12eb1c2268,https://www.vinted.co.uk/items/8608368045,,2026-04-22T13:36:42.546007+00:00,Alexander Mcqueen Scarf
vinted,8602872144,Scarf reminiscent of Alexander McQueen,4.9,GBP,Very good,Source Unknown,,namesnicole,,https://images1.vinted.net/t/05_01e6a_ummHLV4dLPRn2SkCyakRstjZ/f800/1775725439.jpeg?s=55a67d24305f53af56d5b1064c0f43bac502e77f,https://www.vinted.co.uk/items/8602872144,,2026-04-22T13:36:42.546012+00:00,Alexander Mcqueen Scarf
vinted,8602592361,Alexander Mcqueen headscarf scarf red black silk,150.0,GBP,New without tags,Alexander McQueen,,ostar066,,https://images1.vinted.net/t/06_0208a_EwSzzAVCmoSQazn1ARsjGfSW/f800/1775723292.jpeg?s=6a1cdf5302d2fa6caf5d25c047f31cb3f84dc893,https://www.vinted.co.uk/items/8602592361,,2026-04-22T13:36:42.546015+00:00,Alexander Mcqueen Scarf
vinted,8601728995,Scarf,50.0,GBP,Very good,Alexander McQueen,,3aramiami,,https://images1.vinted.net/t/06_01142_5KYqXf134qfUuaRTBe57Gc2R/f800/1776805369.jpeg?s=af47145a95def41d4d6e4f11c9d2eb39a838f264,https://www.vinted.co.uk/items/8601728995,,2026-04-22T13:36:42.546018+00:00,Alexander Mcqueen Scarf
vinted,8597447346,Alexander McQueen Navy Skull Scarf,200.0,GBP,Very good,Alexander McQueen,,thisisloop,,https://images1.vinted.net/t/06_004a1_EP9a8yjUQjNWiY9qMBf93D6T/f800/1775657051.jpeg?s=4bec576f7b48a3f8de3030e654e88b1cb54ec4ad,https://www.vinted.co.uk/items/8597447346,,2026-04-22T13:36:42.546020+00:00,Alexander Mcqueen Scarf
vinted,8597051104,Alexander McQueen silk scarf,40.0,GBP,Very good,Alexander McQueen,,mvint41,,https://images1.vinted.net/t/05_005c8_Aq52TGpDzVo1yZgNdd6EXDAp/f800/1775653974.jpeg?s=c1d36bde63f9d376515d51a51fd9bb1210239374,https://www.vinted.co.uk/items/8597051104,,2026-04-22T13:36:42.546023+00:00,Alexander Mcqueen Scarf
vinted,8596064762,Alexander McQueen silk scarf,120.0,GBP,Very good,Alexander McQueen,,razmali,,https://images1.vinted.net/t/01_010e7_qviugZT6bLa8LuiidTnkc96m/f800/1775647100.jpeg?s=403de35c6057d32f13ea5b33c3a24e31938f3830,https://www.vinted.co.uk/items/8596064762,,2026-04-22T13:36:42.546026+00:00,Alexander Mcqueen Scarf
vinted,8560799906,Alexander McQueen silk skull ribbon scarf twilly thin tie logo scarf,50.0,GBP,New with tags,Alexander McQueen,,srhchdwn,,https://images1.vinted.net/t/03_002ce_bmU7ZcJz1h6NSnSS9VrcVuaB/f800/1775289204.jpeg?s=f57c7e9552e2de90e807b87323d4f6771dd930b3,https://www.vinted.co.uk/items/8560799906,,2026-04-22T13:36:42.546028+00:00,Alexander Mcqueen Scarf
vinted,8593208047,NWT Alexander McQueen large Silk Scarf/Shall NWT,112.34,GBP,New with tags,Alexander McQueen,,megang356,,https://images1.vinted.net/t/06_02132_Mj8zdVK79RruxoFwHPTSRRTY/f800/r3/1776253424.jpeg?s=892e35c405f187c72db062cda6fff6cfe3969b95,https://www.vinted.co.uk/items/8593208047,,2026-04-22T13:36:42.546031+00:00,Alexander Mcqueen Scarf
vinted,8584860916,Alexander Mqueen silk scarf,48.0,GBP,Good,Alexander McQueen,,kiki078,,https://images1.vinted.net/t/05_004a0_MLuXXvyUYTtwL6sD9sJWzYTz/f800/1775505659.jpeg?s=213bec7ac7e61fa2813aa9319fc89042d66f0605,https://www.vinted.co.uk/items/8584860916,,2026-04-22T13:36:42.546034+00:00,Alexander Mcqueen Scarf
vinted,8581786668,Alexander McQueen scarf,50.0,GBP,Very good,Alexander McQueen,,speebs02,,https://images1.vinted.net/t/06_00672_aUM3saqR39rPA9aopkSw17Yg/f800/1775489461.jpeg?s=f4d7ee55d91610c060da9256a0e7038ee32bf7a5,https://www.vinted.co.uk/items/8581786668,,2026-04-22T13:36:42.546036+00:00,Alexander Mcqueen Scarf
vinted,8581053886,Alexander McQueen Red & Black Scarf,120.0,GBP,Very good,Alexander McQueen,,charlhalsh,,https://images1.vinted.net/t/06_00f00_hm2zPcNWipErwP1hQ24aYYej/f800/1775486132.jpeg?s=24ab39af51e6585b6797e8def2e81ed4f8cb0d46,https://www.vinted.co.uk/items/8581053886,,2026-04-22T13:36:42.546039+00:00,Alexander Mcqueen Scarf
vinted,8578176190,Alexander McQueen scarf,50.0,GBP,New with tags,Alexander McQueen,,lufau07,,https://images1.vinted.net/t/01_010b8_c14h4Myadf6XVVi1zdWUzXFq/f800/1775471713.jpeg?s=57dacf8e92e4bdcbed34cbf7fe66a1533747221f,https://www.vinted.co.uk/items/8578176190,,2026-04-22T13:36:42.546042+00:00,Alexander Mcqueen Scarf
vinted,8574425025,Alexander McQueen scarf,65.0,GBP,Very good,Alexander McQueen,,leigh2402,,https://images1.vinted.net/t/01_002fb_XrFzfQWibqf26d2v9ihNEUim/f800/1775413932.jpeg?s=26f782b4cb4377d2ad95a2502f13c74a8f9de21e,https://www.vinted.co.uk/items/8574425025,,2026-04-22T13:36:42.546045+00:00,Alexander Mcqueen Scarf
vinted,8572759417,Alexander McQueen silk skull scarf,50.0,GBP,New without tags,Alexander McQueen,,amberobsidian,,https://images1.vinted.net/t/06_01093_HQNSxVio1bpvdmaUSHaMzkmf/f800/1775404374.jpeg?s=df61f4525b37c2bbe9a5e9956fc1ffb31d71131d,https://www.vinted.co.uk/items/8572759417,,2026-04-22T13:36:42.546047+00:00,Alexander Mcqueen Scarf
vinted,8570204260,Alexander McQueen Wild Botanical Scarf 138x 138cm - Made In Italy,125.0,GBP,New without tags,Alexander McQueen,,kateng01284,,https://images1.vinted.net/t/03_00fdf_hHz69tNktD2yET26jLjPtSKB/f800/1775389459.jpeg?s=e19a4cac063e322edeeaf3b662f783f792d2ddfb,https://www.vinted.co.uk/items/8570204260,,2026-04-22T13:36:42.546050+00:00,Alexander Mcqueen Scarf
vinted,8566501903,Alexander McQueen skull scarf,160.0,GBP,Very good,Alexander McQueen,,hi_sonya,,https://images1.vinted.net/t/01_02508_1YV4Pb5BU1wVDPdFdum5J7AQ/f800/1775327244.jpeg?s=cbdaf2fa6a70b78893691a4d37b42ef0a053ef59,https://www.vinted.co.uk/items/8566501903,,2026-04-22T13:36:42.546052+00:00,Alexander Mcqueen Scarf
vinted,8564323251,Alexander McQueen Ivory Grey Skull Print Silk Scarf Large Foulard Made in Italy,60.0,GBP,Very good,Alexander McQueen,,mrsjennydetroit,,https://images1.vinted.net/t/01_01639_ELr3iR7psYru4oAKTvyvXV5Z/f800/1776602602.jpeg?s=651b8b5da7ef6e93e5c7163a8d1b5bea0766b7f8,https://www.vinted.co.uk/items/8564323251,,2026-04-22T13:36:42.546055+00:00,Alexander Mcqueen Scarf
vinted,8557310089,MCQ by Alexander McQueen Union Jack linen scarf,55.0,GBP,Very good,McQ Alexander McQueen,,nhickie123,,https://images1.vinted.net/t/06_02060_CetDk9kECXSiLyJ82c94HUmf/f800/1775231516.jpeg?s=3f2e0c3390dcb4d105273a63908fb995b18b77c2,https://www.vinted.co.uk/items/8557310089,,2026-04-22T13:36:42.546058+00:00,Alexander Mcqueen Scarf
vinted,8545751792,Alexander McQueen Skull and butterfly scarf,70.0,GBP,Good,Alexander McQueen,,cocothebear2022,,https://images1.vinted.net/t/06_01dc3_keLNrT4odoxAbdwJevEEZTgX/f800/1776452601.jpeg?s=54edf9db96a2eb59ebc123cc26046be5f9f6bd4b,https://www.vinted.co.uk/items/8545751792,,2026-04-22T13:36:42.546063+00:00,Alexander Mcqueen Scarf
vinted,8544272236,Alexander McQueen silk square scarf,149.0,GBP,Very good,Alexander McQueen,,caralexander,,https://images1.vinted.net/t/05_0145e_dmcb4hfFvWA5JoRzYN8z2iX6/f800/1775074150.jpeg?s=c26805823648767170a79303028168dabfcb5eaa,https://www.vinted.co.uk/items/8544272236,,2026-04-22T13:36:42.546066+00:00,Alexander Mcqueen Scarf
vinted,8720318539,Alexander McQueen light pink skull scarf,50.0,GBP,Good,Alexander McQueen,,vergil.fps,,https://images1.vinted.net/t/06_01748_WnMWeTKnu5nb68cfNsoDm3i4/f800/1776858819.jpeg?s=9cfd0458cab1e948ef688435d03e5598e3fc0447,https://www.vinted.co.uk/items/8720318539,,2026-04-22T14:52:26.081762+00:00,Alexander Mcqueen Scarf
vinted,8981792232,Alexander McQueen chiffon scarf,50.0,GBP,Very good,Alexander McQueen,,lucykoi33,,https://images1.vinted.net/t/05_01f65_jWFJngdhVsLKzfuGFANBaR9g/f800/1779471115.jpeg?s=93217fbff95a1a3ec1115b0f4f034374c95013fe,https://www.vinted.co.uk/items/8981792232,,2026-05-23T11:53:35.404245+00:00,Alexander Mcqueen Scarf
vinted,8978843196,Alexander McQueen Reversible Logo-Print scarf,55.0,GBP,Good,Alexander McQueen,,untold_en,,https://images1.vinted.net/t/05_016a0_J8pyRci3nQsC4KHhosL7oX8H/f800/1779447429.jpeg?s=ca2d010fed2852dd8e0181912dc7233fce840886,https://www.vinted.co.uk/items/8978843196,,2026-05-23T11:53:35.404277+00:00,Alexander Mcqueen Scarf
vinted,8977759080,Insane y2k vintage Alexander McQueen genuine electric blue head scarf,80.0,GBP,Good,Alexander McQueen,,joan9845671234,,https://images1.vinted.net/t/03_01a4f_c9wp7CVis5UvhDXhPk52vCfQ/f800/1779438031.jpeg?s=9b61d5146a5b6a2a3be067093ff0d8a287158d1e,https://www.vinted.co.uk/items/8977759080,,2026-05-23T11:53:35.404281+00:00,Alexander Mcqueen Scarf
vinted,8976704193,Alexander McQueen skull scarf blue,150.0,GBP,Very good,Alexander McQueen,,amyandrick,,https://images1.vinted.net/t/05_004e1_4DQuisFkhr4Dzan4nAwAQnKo/f800/1779401956.jpeg?s=1a7c7294262c944874e0c5073daf5975c19850c6,https://www.vinted.co.uk/items/8976704193,,2026-05-23T11:53:35.404284+00:00,Alexander Mcqueen Scarf
vinted,8976667124,Alexander McQueen skull scarf pink and black,100.0,GBP,Very good,Alexander McQueen,,amyandrick,,https://images1.vinted.net/t/05_009f8_HVC2sYfwQtEXdWTennBk8iki/f800/1779400989.jpeg?s=1b2e4c587e3e82a4d814cf4fd562bfab73f47ff1,https://www.vinted.co.uk/items/8976667124,,2026-05-23T11:53:35.404287+00:00,Alexander Mcqueen Scarf
vinted,8976367161,Alexander McQueen white and black silk scarf,90.0,GBP,Very good,Alexander McQueen,,lilmsw86,,https://images1.vinted.net/t/06_0043a_hpwa2DDsGKkMR7AExX6eiciy/f800/1779396317.jpeg?s=6843410611a3983fe2d9013ef421a6a97291dfcb,https://www.vinted.co.uk/items/8976367161,,2026-05-23T11:53:35.404291+00:00,Alexander Mcqueen Scarf
vinted,8975857058,Authentic Alexander McQueen Skull Print Scarf Grey & Blue,40.0,GBP,Good,Alexander McQueen,,tabbycazet,,https://images1.vinted.net/t/05_001bf_BNGZRKFjn9C8dXJ7WFcrqE6u/f800/1779391841.jpeg?s=9c3c3cad8447704bbfc1dc6f52841dfac81300c2,https://www.vinted.co.uk/items/8975857058,,2026-05-23T11:53:35.404294+00:00,Alexander Mcqueen Scarf
vinted,8971243782,Alexander McQueen 46” square scarf khaki green and beige,50.0,GBP,Very good,Alexander McQueen,,stellaandmia,,https://images1.vinted.net/t/05_01124_ogj71BWpHgZBHui7DYL2gmSf/f800/1779358699.jpeg?s=c804ec6fd1b11d38a2b2ba2ccd95238498e47a8a,https://www.vinted.co.uk/items/8971243782,,2026-05-23T11:53:35.404297+00:00,Alexander Mcqueen Scarf
vinted,8969031846,Alexander McQueen skull scarf,88.0,GBP,Good,Alexander McQueen,,soft_sesame,,https://images1.vinted.net/t/03_01c68_PMyDhqYWodPizXunUEDDy2rv/f800/1779310636.jpeg?s=a1cdb0d4d97f276f22385ba19c26f48dd3037e3b,https://www.vinted.co.uk/items/8969031846,,2026-05-23T11:53:35.404303+00:00,Alexander Mcqueen Scarf
vinted,8964879234,Alexander McQueen Womens Extra Large Pink & Grey Double Sided Tassel Wool & Silk Blend Scarf,95.0,GBP,Very good,Alexander McQueen,,matchajenny,,https://images1.vinted.net/t/01_017e0_sAJhEhqwc1B3S2ZemcdWSRH4/f800/1779283848.jpeg?s=9e845dc6e6cc0349b0f85490a819ca04b03ccc76,https://www.vinted.co.uk/items/8964879234,,2026-05-23T11:53:35.404306+00:00,Alexander Mcqueen Scarf
vinted,8960240425,Alexander McQueen Oversized Scarf / Shawl,145.0,GBP,New with tags,Alexander McQueen,,ivegottabeme,,https://images1.vinted.net/t/03_015fe_cCcSkmxLbn9gj5HHGgnqUMaT/f800/1779219147.jpeg?s=472a07034f8ddd8b24746c2650bcfc00b861165c,https://www.vinted.co.uk/items/8960240425,,2026-05-23T11:53:35.404310+00:00,Alexander Mcqueen Scarf
vinted,8958425862,Alexander McQueen Skull Scarf,120.0,GBP,Very good,Alexander McQueen,,rtw50,,https://images1.vinted.net/t/05_00255_NMJ1XtJymWwPB22QsQc9aoJM/f800/1779208394.jpeg?s=80a86353e3eca78a10d1ac2f6290ff5d981d5444,https://www.vinted.co.uk/items/8958425862,,2026-05-23T11:53:35.404312+00:00,Alexander Mcqueen Scarf
vinted,8956407918,Authentic Alexander McQueen Classic Skull Scarf – Red & Black Modal,120.0,GBP,New with tags,Alexander McQueen,,lola5634,,https://images1.vinted.net/t/05_025e5_jv3o6uXBzMfd7EUeVPpjBhWE/f800/1779195975.jpeg?s=aac75ec41285c35f797394c3a3a99fee5f3e02dc,https://www.vinted.co.uk/items/8956407918,,2026-05-23T11:53:35.404316+00:00,Alexander Mcqueen Scarf
vinted,8955955013,Electric blue Alexander McQueen scarf,80.0,GBP,Very good,Alexander McQueen,,charlottegraham181,,https://images1.vinted.net/t/05_01946_1eKixBQZkANtoX67oJ791Pqn/f800/1779193008.jpeg?s=9466ea2341b8db4a613029dbbc4b7d646eb0f8c5,https://www.vinted.co.uk/items/8955955013,,2026-05-23T11:53:35.404319+00:00,Alexander Mcqueen Scarf
vinted,8955770955,Alexander Mcqueen scarf,48.0,GBP,Very good,Alexander McQueen,,jlcon5,,https://images1.vinted.net/t/06_00ada_KJ3SUuVyjVwTeTbjaP8hsWf1/f800/1779191748.jpeg?s=0b520d69cbdae8b85564914428009c88a06cb6fb,https://www.vinted.co.uk/items/8955770955,,2026-05-23T11:53:35.404322+00:00,Alexander Mcqueen Scarf
vinted,8954462296,Exquisite Alexander McQueen scarf,200.0,GBP,Very good,Alexander McQueen,,jaxxmax,,https://images1.vinted.net/t/06_020ac_XHxVUkcgHqoaffufk9DWHrto/f800/1779182361.jpeg?s=be0cf8aaae05b097029288ecd4254b6ba2f02c15,https://www.vinted.co.uk/items/8954462296,,2026-05-23T11:53:35.404325+00:00,Alexander Mcqueen Scarf
vinted,8952959007,Alexander McQueen Donegal Skull Scarf,130.0,GBP,New with tags,Alexander McQueen,,faraiportia,,https://images1.vinted.net/t/05_02656_nqgbC2fMF44Lr7jQJ45iLZTm/f800/1779141740.jpeg?s=ed49ce85ac0a3694d6047ceafcbaa0d4b35b1a64,https://www.vinted.co.uk/items/8952959007,,2026-05-23T11:53:35.404328+00:00,Alexander Mcqueen Scarf
vinted,8944290095,Alexander McQueen sheer skull scarf,125.0,GBP,New without tags,Alexander McQueen,,hollierebeccauk,,https://images1.vinted.net/t/06_011b2_fBX2qKmrmatX72K3MLRsriCi/f800/1779051523.jpeg?s=5c6ec759d029d8a58cd83979b1acb2492798e7e7,https://www.vinted.co.uk/items/8944290095,,2026-05-23T11:53:35.404331+00:00,Alexander Mcqueen Scarf
vinted,8937649295,Pink & beige Alexander McQueen scarf,130.0,GBP,Very good,Alexander McQueen,,stacey834,,https://images1.vinted.net/t/05_024a4_RLroqCDPRMRhhmfdZ7rdJyXS/f800/1779021980.jpeg?s=e0194305eed6d289dec8256f0a83ae5b207ce38b,https://www.vinted.co.uk/items/8937649295,,2026-05-23T11:53:35.404334+00:00,Alexander Mcqueen Scarf
vinted,8934958074,Skull scarf,80.0,GBP,Good,Alexander McQueen,,rosieh119,,https://images1.vinted.net/t/06_01702_zwSt6VTs42pBeb6SX1sja1s8/f800/1779010202.jpeg?s=7eca9028dfa63ed3f1e4bae119f4890ea8e9f41f,https://www.vinted.co.uk/items/8934958074,,2026-05-23T11:53:35.404336+00:00,Alexander Mcqueen Scarf
vinted,8934839733,McQueen dress with long attached scarf,25.0,GBP,Very good,Alexander McQueen,S / UK 8-10,sukymac21,,https://images1.vinted.net/t/04_01df1_CbtXDXNF5rggeiJKcng6Ffs1/f800/1779009628.jpeg?s=a43598df37613139ea648700cce06f9c5f4116b1,https://www.vinted.co.uk/items/8934839733,,2026-05-23T11:53:35.404339+00:00,Alexander Mcqueen Scarf
vinted,8925150460,Alexander McQueen white and blue skull scarf,95.0,GBP,Very good,Alexander McQueen,,teg27,,https://images1.vinted.net/t/04_01325_iVSEJ4Ru41oAkkryYwUdTewu/f800/1778921703.jpeg?s=92dc6b9d51c10eeade07e2c354b84adc7e25347a,https://www.vinted.co.uk/items/8925150460,,2026-05-23T11:53:35.404351+00:00,Alexander Mcqueen Scarf
vinted,8916668901,Alexander McQueen Skull Scarf,110.0,GBP,Very good,Alexander McQueen,,janandrew22,,https://images1.vinted.net/t/06_02101_pZZveLmQdBUqV9wc4xVq26rT/f800/1778834654.jpeg?s=2ba31fa27e78d0eaf77eb1d759802c11e18a7eba,https://www.vinted.co.uk/items/8916668901,,2026-05-23T11:53:35.404354+00:00,Alexander Mcqueen Scarf
vinted,8916645911,Alexander McQueen Skull scarf,110.0,GBP,Very good,Alexander McQueen,,janandrew22,,https://images1.vinted.net/t/05_0223d_1sAu2pVbSZ8pEMXExywZsrrN/f800/1778834480.jpeg?s=a70969c5efa3e7009b912a027e59c9e2cead8473,https://www.vinted.co.uk/items/8916645911,,2026-05-23T11:53:35.404357+00:00,Alexander Mcqueen Scarf
vinted,8916619160,Alexander McQueen Black & Pink Skull Scarf,75.0,GBP,Very good,Alexander McQueen,,janandrew22,,https://images1.vinted.net/t/06_013e4_y61iX8FsieCPuPhGujSvE8uS/f800/1778834276.jpeg?s=6b91b25e7e5946b8906cc36d1632dbb0ef0e4acc,https://www.vinted.co.uk/items/8916619160,,2026-05-23T11:53:35.404360+00:00,Alexander Mcqueen Scarf
vinted,8916541252,Alexander McQueen Scarf. Rare colours,110.0,GBP,Very good,Alexander McQueen,,janandrew22,,https://images1.vinted.net/t/06_00494_Kijkr4sFx96sRKCu7Jcs71MD/f800/1778833658.jpeg?s=4161c09985449677101e98760c958e652a83aa52,https://www.vinted.co.uk/items/8916541252,,2026-05-23T11:53:35.404363+00:00,Alexander Mcqueen Scarf
vinted,8913724352,Alexander Mcqueen scarf,40.0,GBP,New without tags,Alexander McQueen,,gll33,,https://images1.vinted.net/t/01_01cf0_3nUhFAfuVuxLJyNTj1ikQeis/f800/1778782579.jpeg?s=82a19842f8ab31eb0a24fe173fe14916f333f9ce,https://www.vinted.co.uk/items/8913724352,,2026-05-23T11:53:35.404365+00:00,Alexander Mcqueen Scarf
vinted,8913689763,Alexander McQueen skull scarf,99.99,GBP,Very good,Alexander McQueen,,yasi2025,,https://images1.vinted.net/t/05_00e8f_As9ZpUC4ar4pFJzsBsfh4qmr/f800/1778782380.jpeg?s=a283170ec1cff09970e0c3295231d51481e64f3b,https://www.vinted.co.uk/items/8913689763,,2026-05-23T11:53:35.404368+00:00,Alexander Mcqueen Scarf
vinted,8913507438,Alexander McQueen Mushroom & Skeleton Print Silk Scarf,300.0,GBP,New without tags,Alexander McQueen,,yvonabsence,,https://images1.vinted.net/t/03_00d1f_gvZaQHJCu3WmRAjRfn2vnAKB/f800/1778781357.jpeg?s=be22b3a90fb7720ced93832902564ed198a479f5,https://www.vinted.co.uk/items/8913507438,,2026-05-23T11:53:35.404371+00:00,Alexander Mcqueen Scarf
vinted,8906872299,Rare Alexander McQueen Beetle Scarf,45.0,GBP,New with tags,Alexander McQueen,,hutchil,,https://images1.vinted.net/t/06_02471_xfADKsjw3iSEA1Y1h4gJHtNu/f800/1778748387.jpeg?s=c62f94d6f7f3ee7f97af207a9c4c12e852f91cb4,https://www.vinted.co.uk/items/8906872299,,2026-05-23T11:53:35.404374+00:00,Alexander Mcqueen Scarf
vinted,8905829262,Alexander McQueen Beautiful Wool Scarf BNWT,90.0,GBP,New with tags,Alexander McQueen,,ameliematu,,https://images1.vinted.net/t/06_0040d_cg4fcG5K6r2fAPRpbMhz14KZ/f800/1778736297.jpeg?s=ae31c0baa4882e3f1d23c1b2ff35e6e295a6b2b3,https://www.vinted.co.uk/items/8905829262,,2026-05-23T11:53:35.404377+00:00,Alexander Mcqueen Scarf
vinted,8905388123,Alexander McQueen Dusky Pink Skull Scarf Rare Margot Robbie #trending,80.0,GBP,Good,Alexander McQueen,,dollygirldolly12,,https://images1.vinted.net/t/06_023c4_xXa5YD8YSdrjtFHi9zYjXwiH/f800/1778708603.jpeg?s=19cb6c00f4d8bc5112835d10221404b3bc626990,https://www.vinted.co.uk/items/8905388123,,2026-05-23T11:53:35.404381+00:00,Alexander Mcqueen Scarf
vinted,8902696136,Stunning Alexander McQueen Silk Skull Scarf,150.0,GBP,Very good,Alexander McQueen,,jackiemills254,,https://images1.vinted.net/t/01_01cae_dy8e1V852uLiH7vBR2XQDzAK/f800/1778689056.jpeg?s=96e3419c36cff8ffa3e764d775d2c43d207ad6e9,https://www.vinted.co.uk/items/8902696136,,2026-05-23T11:53:35.404386+00:00,Alexander Mcqueen Scarf
vinted,8900842140,Alexander McQueen coral purple leopard and skull print silk scarf,125.0,GBP,Very good,Alexander McQueen,,jensescapade,,https://images1.vinted.net/t/05_02657_KrmZHyhzvGAfserzGVU31W7H/f800/1778677999.jpeg?s=c0a89c3dc42fa08b975c4a32f881e82291e2994b,https://www.vinted.co.uk/items/8900842140,,2026-05-23T11:53:35.404389+00:00,Alexander Mcqueen Scarf
vinted,8899799855,Alexander McQueen silk scarf. Dry clean only-made in Italy,70.0,GBP,Very good,Alexander McQueen,,moniq23284,,https://images1.vinted.net/t/06_00042_K15Nmn6G9i22KywGPmVezZmz/f800/1778671279.jpeg?s=12e402a229409e319f678738e35b62e1a49de38c,https://www.vinted.co.uk/items/8899799855,,2026-05-23T11:53:35.404399+00:00,Alexander Mcqueen Scarf
vinted,8896966091,Alexander McQueen reversible scarf,70.0,GBP,Very good,Alexander McQueen,,bellalyle1,,https://images1.vinted.net/t/04_01b86_hqUoHbyGcVyRxmRM96nDANyE/f800/1778619415.jpeg?s=da64e336bf18fabf9c4b0abd23d87b9d8b0652f9,https://www.vinted.co.uk/items/8896966091,,2026-05-23T11:53:35.404401+00:00,Alexander Mcqueen Scarf
vinted,8890998432,Excellent condition Pure cashmere and Silk Original Alexander McQueen skull scarf,69.0,GBP,Very good,Alexander McQueen,,clearoutcloset52,,https://images1.vinted.net/t/06_01889_dqo1LJou1764AB13BWmLt8mA/f800/1778580705.jpeg?s=5ac8f58460fe5ccb892ae6e1a7e11151579d34ed,https://www.vinted.co.uk/items/8890998432,,2026-05-23T11:53:35.404404+00:00,Alexander Mcqueen Scarf
vinted,8890304792,Alexander McQueen navy and cream scarf,99.0,GBP,Very good,Alexander McQueen,,username01234,,https://images1.vinted.net/t/05_01ed1_XNaxtiqWDTy1CgsmhPpoDSVa/f800/1778575772.jpeg?s=4603acbb26450a525dac2e4bcc6b05891b2d8fc1,https://www.vinted.co.uk/items/8890304792,,2026-05-23T11:53:35.404407+00:00,Alexander Mcqueen Scarf
vinted,8883519417,Alexander McQueen scarf,80.0,GBP,Very good,Alexander McQueen,,novastar26,,https://images1.vinted.net/t/05_00186_NtrehGanppG5NFekAWrCwRKB/f800/1778502205.jpeg?s=a88bf0163e941bc6d359f666f2874b02a7891217,https://www.vinted.co.uk/items/8883519417,,2026-05-23T11:53:35.404410+00:00,Alexander Mcqueen Scarf
vinted,8876190717,Alexander McQueen Scarf/Hankie,50.0,GBP,New with tags,,,opulentflower,,https://images1.vinted.net/t/06_019b2_DBRgmSf1M2HbcmXNAzukGonJ/f800/1778426766.jpeg?s=21ff0a015d4fb1ac35b9166a4b69aeef8be48480,https://www.vinted.co.uk/items/8876190717,,2026-05-23T11:53:35.404416+00:00,Alexander Mcqueen Scarf
vinted,8871248314,Genuine Alexander McQueen Silk Scarf Skull Design Grey Black,50.0,GBP,Very good,Alexander McQueen,,ferrarifan1,,https://images1.vinted.net/t/04_015c0_41eaSTbiDaH3pXrA3rYKjyqq/f800/1778404689.jpeg?s=cbff767df433b4701e6a7ab5871fe27926ebf5a4,https://www.vinted.co.uk/items/8871248314,,2026-05-23T11:53:35.404429+00:00,Alexander Mcqueen Scarf
vinted,8862028950,Alexander Mcqueen headscarf scarf red black silk,150.0,GBP,New without tags,Alexander McQueen,,ostar066,,https://images1.vinted.net/t/06_01401_Z8ik8RCdSKCUnrvgyeJRuDeR/f800/1778313985.jpeg?s=c52de33a44affc8a71f7396821441a9c35526d99,https://www.vinted.co.uk/items/8862028950,,2026-05-23T11:53:35.404432+00:00,Alexander Mcqueen Scarf
vinted,8853404800,Alexander Mcqueen scarf,45.0,GBP,Satisfactory,Alexander McQueen,,sophiekatrina1312,,https://images1.vinted.net/t/06_00820_UoczfadB4LnwN75XT4kYLjtR/f800/1778219968.jpeg?s=dd73ff63fe67843068e22c8cc3f09516b097a1a1,https://www.vinted.co.uk/items/8853404800,,2026-05-23T11:53:35.404435+00:00,Alexander Mcqueen Scarf
vinted,8850714702,Alexander McQueen scarf,80.0,GBP,Very good,Alexander McQueen,,hsween80,,https://images1.vinted.net/t/05_00ed4_cesqfZ9htceadKdHxfkx9FzE/f800/1778172692.jpeg?s=27610d58e23bf5c82e26a9935bb8012f5620aec0,https://www.vinted.co.uk/items/8850714702,,2026-05-23T11:53:35.404439+00:00,Alexander Mcqueen Scarf
vinted,8848086796,Alexander McQueen skull print scarf,60.0,GBP,New without tags,Alexander McQueen,,ezpaz,,https://images1.vinted.net/t/06_00f21_Wn22wdpvsCmYRdChysP8uUAy/f800/1778155344.jpeg?s=0b8a910c89de12920803b0f15afa97dca1b4ec66,https://www.vinted.co.uk/items/8848086796,,2026-05-23T11:53:35.404445+00:00,Alexander Mcqueen Scarf
vinted,8836044833,McQueen Butterfly scarf - VGC,80.0,GBP,Very good,Alexander McQueen,,pinkcassetteplayer,,https://images1.vinted.net/t/04_01b9d_Pb5bVkS1DveBZNcXSSc5anaV/f800/1778102163.jpeg?s=7c2230cbb1c29559cfb43a65e7d869c785c5420a,https://www.vinted.co.uk/items/8836044833,,2026-05-23T11:53:35.404448+00:00,Alexander Mcqueen Scarf
vinted,8839295234,Original Alexander McQueen skull scarf,150.0,GBP,New without tags,Alexander McQueen,,estringfellow22,,https://images1.vinted.net/t/06_00046_wwynBb6HNkmNVUouXpe3x62f/f800/1778156550.jpeg?s=8c61965ab8cdf591603493858483b2e9e18f5186,https://www.vinted.co.uk/items/8839295234,,2026-05-23T11:53:35.404451+00:00,Alexander Mcqueen Scarf
vinted,8832834036,Alexander mqueen scarf,220.0,GBP,Very good,Alexander McQueen,,esm064,,https://images1.vinted.net/t/06_00e13_rUZk9d26QCb11LkTQNsvAmU1/f800/1777993180.jpeg?s=654e20ccebbb63f9fc567b915dbb5e91a028ef42,https://www.vinted.co.uk/items/8832834036,,2026-05-23T11:53:35.404454+00:00,Alexander Mcqueen Scarf
vinted,8832813709,Alexander mqueen black scarf,220.0,GBP,New without tags,Alexander McQueen,,esm064,,https://images1.vinted.net/t/05_01821_rwC3FidRmTXEriQguiYSNkYQ/f800/1777993062.jpeg?s=8ce143ae50a8b28b5ffe7b35945f9694dd52ba63,https://www.vinted.co.uk/items/8832813709,,2026-05-23T11:53:35.404456+00:00,Alexander Mcqueen Scarf
vinted,8831258849,Black / grey McQueen scarf with scull detail,150.0,GBP,New without tags,Alexander McQueen,,hxn111,,https://images1.vinted.net/t/06_002ed_jv5gZkineWoLzasSFZMRKHsw/f800/1777983743.jpeg?s=2ac672ab9e7bc384c0e3b11f96c14cce8e3a32f8,https://www.vinted.co.uk/items/8831258849,,2026-05-23T11:53:35.404459+00:00,Alexander Mcqueen Scarf
vinted,8827632214,Authentic Alexander McQueen Iconic Skull Print Scarf. Vintage. 100% Silk. As new.,200.0,GBP,Very good,Alexander McQueen,,fnchaudhry,,https://images1.vinted.net/t/04_021a0_J17TMENywTmpaamgW9UFxKHQ/f800/1779000760.jpeg?s=16c471b22e28b3ccb72672829573b0d574fb5513,https://www.vinted.co.uk/items/8827632214,,2026-05-23T11:53:35.404462+00:00,Alexander Mcqueen Scarf
vinted,8819531326,Alexander McQueen skull print silk scarf,90.0,GBP,New without tags,Alexander McQueen,,ezpaz,,https://images1.vinted.net/t/05_001ad_sdsLq6mnpjAMv3NJ3f57vtiC/f800/1777882208.jpeg?s=b76ada2b2f47858f4059cf54ed745fc9fad70344,https://www.vinted.co.uk/items/8819531326,,2026-05-23T11:53:35.404465+00:00,Alexander Mcqueen Scarf
vinted,8818420843,Alexander McQueen Men’s Silk Skull Fringe Scarf - Navy,59.0,GBP,Very good,Alexander McQueen,,cotswoldswardrobe,,https://images1.vinted.net/t/03_0258a_UWvv5LkLsfmm3H69mZ8TF8iC/f800/1777846755.jpeg?s=44df4fd50615431060fbc6c24ad99ea1494ddec6,https://www.vinted.co.uk/items/8818420843,,2026-05-23T11:53:35.404467+00:00,Alexander Mcqueen Scarf
vinted,8816949757,Alexander McQueen Scarf,125.0,GBP,Good,Alexander McQueen,,chantyb85,,https://images1.vinted.net/t/01_00805_4vdSFAf4cSJJ2rCbKgGDXXeW/f800/1777833364.jpeg?s=c46dafc6ff1bb17d7f446b4c678259ae38859c63,https://www.vinted.co.uk/items/8816949757,,2026-05-23T11:53:35.404473+00:00,Alexander Mcqueen Scarf
vinted,8816636358,"Alexander McQueen ""Dancing Girl"" silk scarf",120.0,GBP,Very good,Alexander McQueen,,pandal5,,https://images1.vinted.net/t/04_01c91_jy2cvbbqCZTcykFQoziXDDj9/f800/1777831828.jpeg?s=ad225445a6b923480d54be6e3818e900aaefc676,https://www.vinted.co.uk/items/8816636358,,2026-05-23T11:53:35.404475+00:00,Alexander Mcqueen Scarf
vinted,8815742726,Alexander McQueen Signature Silk Skull Scarf,100.0,GBP,Good,Alexander McQueen,,summersolstice24,,https://images1.vinted.net/t/06_013e3_tzovFje4MVtXFDCUDZfBTFFD/f800/1777827878.jpeg?s=4df11689a3e4f2cd3b8400ef797c8b1ed96c6e9c,https://www.vinted.co.uk/items/8815742726,,2026-05-23T11:53:35.404478+00:00,Alexander Mcqueen Scarf
vinted,8813979006,Alexander McQueen silk scarf,55.0,GBP,Very good,Alexander McQueen,,sophiemallinson,,https://images1.vinted.net/t/05_00564_8uZT3NoijLGmwzVxmLFgHqfr/f800/1777821221.jpeg?s=d3918220e1ed0f1fe9096b305643c2f837cb821d,https://www.vinted.co.uk/items/8813979006,,2026-05-23T11:53:35.404481+00:00,Alexander Mcqueen Scarf
vinted,8813519057,Alexander McQueen Sheer Skull Scarf,100.0,GBP,Very good,Alexander McQueen,,setch19,,https://images1.vinted.net/t/05_00a07_ceZuf5J3tE6Nf4NPZqRBcZhN/f800/1777819527.jpeg?s=3aad7e05b923cf1eb4edec9b5c5d93ffb629ac43,https://www.vinted.co.uk/items/8813519057,,2026-05-23T11:53:35.404484+00:00,Alexander Mcqueen Scarf
vinted,8811661707,Alexander McQueen Scarf,110.0,GBP,Very good,Alexander McQueen,,rblemings1,,https://images1.vinted.net/t/04_00646_4CoihpdWL3vCv2E3Cv91cWnX/f800/1777812399.jpeg?s=6541eec513c278d92bd30885b27c567f5be3ce4d,https://www.vinted.co.uk/items/8811661707,,2026-05-23T11:53:35.404486+00:00,Alexander Mcqueen Scarf
vinted,8809783694,Alexander Mcqueen scarf New with tags,80.0,GBP,New with tags,Alexander McQueen,,liverpoolshell,,https://images1.vinted.net/t/01_01b7b_E7rSBoer5L4Vh5AWKyUrp5pc/f800/1777804274.jpeg?s=ce5e52042d85aa26b51d09fc0a55aae987620b8c,https://www.vinted.co.uk/items/8809783694,,2026-05-23T11:53:35.404489+00:00,Alexander Mcqueen Scarf
vinted,8809526646,Alexander McQueen Scarf,100.0,GBP,Very good,Alexander McQueen,,1301220926,,https://images1.vinted.net/t/05_00a74_4HGmvDE6HwH6FwUa7XbeXnC5/f800/1777803140.jpeg?s=0521507111b8cf43b8d1476e1fbd2ab153756465,https://www.vinted.co.uk/items/8809526646,,2026-05-23T11:53:35.404492+00:00,Alexander Mcqueen Scarf
vinted,8809129076,NEW - Alexander McQueen large square silk scarf approx 130x130cm,130.0,GBP,New with tags,Alexander McQueen,,cbxbws,,https://images1.vinted.net/t/06_01f09_Quf241C26KhQ6bCqscy2wvCm/f800/1777801388.jpeg?s=77f36fbb2488f92fc5031822a717d0c6b48310a8,https://www.vinted.co.uk/items/8809129076,,2026-05-23T11:53:35.404495+00:00,Alexander Mcqueen Scarf
vinted,2475053147,Alexander McQueen brand new scarf,178.0,GBP,New with tags,Alexander McQueen,,destiny2098,,https://images1.vinted.net/t/01_00826_935sbgSCDir9riWhLtsCX6sS/f800/1777736520.jpeg?s=ae3bed577afea4d49433a88a43b9cab4f945f8ad,https://www.vinted.co.uk/items/2475053147,,2026-05-23T11:53:35.404497+00:00,Alexander Mcqueen Scarf
vinted,8803923013,Alexander McQueen scarf new,211.0,GBP,New with tags,Alexander McQueen,,destiny2098,,https://images1.vinted.net/t/06_01aaf_SmpvM4kt9jnsaBBvyka6XAkC/f800/1777735291.jpeg?s=d4937bccaf77a386095be6bdb0eabfb26c9a697f,https://www.vinted.co.uk/items/8803923013,,2026-05-23T11:53:35.404500+00:00,Alexander Mcqueen Scarf
vinted,8799211753,Alexander McQueen modal/wool scarf,85.0,GBP,Very good,Alexander McQueen,,sarahjmulqueen1973,,https://images1.vinted.net/t/04_0069f_mxgCURYKF5DMUKobn1BgZi5E/f800/1777703443.jpeg?s=297d45a426da7a44b8928dda39a2e8005f742074,https://www.vinted.co.uk/items/8799211753,,2026-05-23T11:53:35.404503+00:00,Alexander Mcqueen Scarf
vinted,8798457655,McQueen skull scarf,100.0,GBP,Good,Alexander McQueen,,georginaoa,,https://images1.vinted.net/t/06_02650_Fz1pVfZHZGHs79FVUWyT26Dh/f800/1777668920.jpeg?s=7dce6879eb9445ed5ca09ef665c1d1f38230cb6a,https://www.vinted.co.uk/items/8798457655,,2026-05-23T11:53:35.404506+00:00,Alexander Mcqueen Scarf
vinted,8797290038,Alexander McQueen scarf,30.0,GBP,Very good,Alexander McQueen,,kimberleytoft,,https://images1.vinted.net/t/05_01088_GYTR8rxqanh4E4K8uzeRaHXh/f800/1777658862.jpeg?s=b449f23b433652205a6c8277379042dd6ca74252,https://www.vinted.co.uk/items/8797290038,,2026-05-23T11:53:35.404508+00:00,Alexander Mcqueen Scarf
vinted,8795041983,Alexander Mcqueen Green Red Orange Silk Skull Scarf Large,115.0,GBP,Very good,Alexander McQueen,,dollbaby100,,https://images1.vinted.net/t/03_02641_7ACbay9PGzyVrEMiRn9w487L/f800/1777645539.jpeg?s=3abb8dfec1ae689097872928bb6b53567d0e4630,https://www.vinted.co.uk/items/8795041983,,2026-05-23T11:53:35.404511+00:00,Alexander Mcqueen Scarf
vinted,8790861951,Alexander McQueen Leopard Green and Black Skull Silk Scarf,150.0,GBP,Very good,Alexander McQueen,,sophiatowndrow1992,,https://images1.vinted.net/t/06_01c94_NMhBZpbTj7paT5pg92n3d3oC/f800/1777619646.jpeg?s=75b625d08c6526bea43d7933cb96288bb64048e1,https://www.vinted.co.uk/items/8790861951,,2026-05-23T11:53:35.404517+00:00,Alexander Mcqueen Scarf
vinted,8790784169,Alexander McQueen Blue Skull Print Modal Silk Scarf,100.0,GBP,Very good,Alexander McQueen,,sophiatowndrow1992,,https://images1.vinted.net/t/06_003c7_nnLouF3qDnZVv6Uyysn9ENwQ/f800/1777618727.jpeg?s=01a8edd10567ef7cf9d06d43e37cadfa341c358e,https://www.vinted.co.uk/items/8790784169,,2026-05-23T11:53:35.404520+00:00,Alexander Mcqueen Scarf
vinted,8786382107,Alexander McQueen scarf/ shawl,80.0,GBP,Very good,Alexander McQueen,,1111sienna,,https://images1.vinted.net/t/05_02302_ZfnKPbGMMfUc2t45YtfR6PjP/f800/1777554721.jpeg?s=f48a66889b43e6dd5f043b28a6af64aab3969aaf,https://www.vinted.co.uk/items/8786382107,,2026-05-23T11:53:35.404525+00:00,Alexander Mcqueen Scarf
vinted,8785658910,Alexander McQueen Large Square Scarf,100.0,GBP,New without tags,Alexander McQueen,,rubyruby41,,https://images1.vinted.net/t/05_005fe_aTXKtk4YFYw2F63zEH7Ku9dK/f800/1777549241.jpeg?s=e39e8358d8ca25ae0e450c1dcefd01bc7e8c4132,https://www.vinted.co.uk/items/8785658910,,2026-05-23T11:53:35.404528+00:00,Alexander Mcqueen Scarf
vinted,8524557459,Alexander McQueen Silk Scarf,220.0,GBP,Very good,Alexander McQueen,,gardeniarose1960,,https://images1.vinted.net/t/04_00997_vjBuL5dM89AWT7rwbwfCEoyZ/f800/1774879231.jpeg?s=9451675f0d6b40b67d586b544c5b14daf30221d3,https://www.vinted.co.uk/items/8524557459,,2026-05-23T11:53:35.404530+00:00,Alexander Mcqueen Scarf
vinted,8776539410,Alexander McQueen skull scarf,110.0,GBP,Very good,Alexander McQueen,,eleanorhorner,,https://images1.vinted.net/t/06_01340_xu8DpQzLryi3JXD1dtXUQ1gS/f800/1777452982.jpeg?s=9bff4900d918ab3a5c0891c8fb9f63f573eca608,https://www.vinted.co.uk/items/8776539410,,2026-05-23T11:53:35.404541+00:00,Alexander Mcqueen Scarf
vinted,8776232011,Alexander McQueen Scarf,165.0,GBP,New with tags,Alexander McQueen,,donna4style,,https://images1.vinted.net/t/05_00ec2_RHWBYYvY2iABAN69F3xFesTi/f800/1777450579.jpeg?s=23f48e6e5ffda9aba2d87ca63c17a13a405d872f,https://www.vinted.co.uk/items/8776232011,,2026-05-23T11:53:35.404544+00:00,Alexander Mcqueen Scarf
vinted,8769351145,McQueen scarf,40.0,GBP,Very good,Alexander McQueen,,taliatlv,,https://images1.vinted.net/t/06_00e88_1ygK4kTWmNAAW8i4J7rDy2qv/f800/1777372081.jpeg?s=a27e9af8ca6d08fbcc817d41664fd935bc6c90b8,https://www.vinted.co.uk/items/8769351145,,2026-05-23T11:53:35.404552+00:00,Alexander Mcqueen Scarf
vinted,8768851805,Alexander McQueen skull lace scarf,100.0,GBP,Very good,Alexander McQueen,,katparker78,,https://images1.vinted.net/t/03_022de_wmt1vwcqoB38HrjyvPznMwjB/f800/1777368611.jpeg?s=1fdf824113d36523351fed0e6679248af19b3fb4,https://www.vinted.co.uk/items/8768851805,,2026-05-23T11:53:35.404554+00:00,Alexander Mcqueen Scarf
vinted,8768758997,Alexander McQueen koi scarf,100.0,GBP,Very good,Alexander McQueen,,katparker78,,https://images1.vinted.net/t/06_021fc_THfz5YQNCdwERPx3fz9Pz4Wh/f800/1778484773.jpeg?s=3a95ec5ec8a0a4e7bef3db2c4cc9420ca35966f6,https://www.vinted.co.uk/items/8768758997,,2026-05-23T11:53:35.404557+00:00,Alexander Mcqueen Scarf
vinted,8760127691,"Vintage Alexander McQueen 100% Cashmere Skull Scarf, Red and Cream.",95.0,GBP,Very good,Alexander McQueen,,xxdrdem,,https://images1.vinted.net/t/01_0090f_ngDSQn1TfXfHwUehUruAfNVb/f800/1777278510.jpeg?s=9fac3450b4ecbf53e77d828796f03cfef38dd60c,https://www.vinted.co.uk/items/8760127691,,2026-05-23T11:53:35.404562+00:00,Alexander Mcqueen Scarf
