platform,item_id,title,price,currency,condition,brand,size,seller,location,image_url,url,listed_at,fetched_at,search_query
ebay,v1|298098887198|0,Authentic Alexander Mcqueen scarf RRP £265,68.29,GBP,Pre-owned - Good,,,stonesthreads,GB,,https://www.ebay.co.uk/itm/298098887198?_skw=Alexander+Mcqueen+Scarf&hash=item4568140a1e:g:LfAAAeSwLfpprIUZ,,2026-03-09T13:14:57.685178+00:00,Alexander Mcqueen Scarf
ebay,v1|267597062410|0,Alexander Mcqueen Vintage Scarf Scarf ￼ From 2010,156.69,GBP,Pre-owned - Good,,,ukmjackson,GB,,https://www.ebay.co.uk/itm/267597062410?_skw=Alexander+Mcqueen+Scarf&hash=item3e4e07210a:g:7PYAAeSwu6hprEhd,,2026-03-09T13:14:57.685206+00:00,Alexander Mcqueen Scarf
ebay,v1|206115694897|0,Alexander McQueen Skull Scarf 90 cm x 90 cm Silk Orange Red,80.00,GBP,Pre-owned - Good,,,designer_exchange,GB,,https://www.ebay.co.uk/itm/206115694897?_skw=Alexander+Mcqueen+Scarf&hash=item2ffd73e931:g:KWAAAeSwultprqny,,2026-03-09T13:14:57.685212+00:00,Alexander Mcqueen Scarf
ebay,v1|206115694867|0,Alexander McQueen Skull Scarf 35 x 180cm Wool Blue,160.00,GBP,Pre-owned - Good,,,designer_exchange,GB,,https://www.ebay.co.uk/itm/206115694867?_skw=Alexander+Mcqueen+Scarf&hash=item2ffd73e913:g:prEAAeSwxONprqrx,,2026-03-09T13:14:57.685216+00:00,Alexander Mcqueen Scarf
ebay,v1|206115694895|0,Alexander McQueen Skull Scarf 100x100cm Silk Blue Burgundy,80.00,GBP,Pre-owned - Good,,,designer_exchange,GB,,https://www.ebay.co.uk/itm/206115694895?_skw=Alexander+Mcqueen+Scarf&hash=item2ffd73e92f:i:206115694895,,2026-03-09T13:14:57.685220+00:00,Alexander Mcqueen Scarf
ebay,v1|198160561891|0,Alexander McQueen Wool & Silk mix Scarf RRP £395 NEW TAGS,245.00,GBP,New with tags,,,wardrobeln,GB,,https://www.ebay.co.uk/itm/198160561891?_skw=Alexander+Mcqueen+Scarf&hash=item2e234a36e3:g:XTAAAeSwPGtpQd~P,,2026-03-09T13:14:57.685223+00:00,Alexander Mcqueen Scarf
ebay,v1|298091270643|0,Limited Edition Alexander McQueen 'Karma Sutra Skeletons' Black Silk Scarf,873.70,GBP,Pre-owned - Excellent,,,stickysquirrel,GB,,https://www.ebay.co.uk/itm/298091270643?_skw=Alexander+Mcqueen+Scarf&hash=item45679fd1f3:g:Mx4AAeSw9KNpqWpB,,2026-03-09T13:14:57.685227+00:00,Alexander Mcqueen Scarf
ebay,v1|117070500157|0,Alexander McQueen Skull Scarf blue Silk Twill square 90 x 90 cm New with Tags,175.00,GBP,New with tags,,,kaz-sandvika,GB,,https://www.ebay.co.uk/itm/117070500157?_skw=Alexander+Mcqueen+Scarf&hash=item1b41f2113d:g:nSsAAOSwOABnTHTF,,2026-03-09T13:14:57.685230+00:00,Alexander Mcqueen Scarf
ebay,v1|127719098773|0,Alexander McQueen Scarf Large Silk God Save McQueen Union Jack New with Tags,799.00,GBP,New with tags,,,kaz-sandvika,GB,,https://www.ebay.co.uk/itm/127719098773?_skw=Alexander+Mcqueen+Scarf&hash=item1dbca6c995:g:dFAAAeSw4-ppGI3C,,2026-03-09T13:14:57.685233+00:00,Alexander Mcqueen Scarf
ebay,v1|287179993394|0,Brand New Alexander McQueen Blown Up Selvedge  Wool & Cashmere Scarf,125.50,GBP,New with tags,,,goodysprout,GB,,https://www.ebay.co.uk/itm/287179993394?_skw=Alexander+Mcqueen+Scarf&hash=item42dd42f132:g:KIQAAOSw0ltnTMwl,,2026-03-09T13:14:57.685237+00:00,Alexander Mcqueen Scarf
ebay,v1|287177457445|0,Brand New Alexander McQueen Cashmere Logo Branded Fringed Scarf,90.50,GBP,New with tags,,,goodysprout,GB,,https://www.ebay.co.uk/itm/287177457445?_skw=Alexander+Mcqueen+Scarf&hash=item42dd1c3f25:g:X~UAAOSwx6JoCULK,,2026-03-09T13:14:57.685243+00:00,Alexander Mcqueen Scarf
ebay,v1|257389590139|0,Alexander McQueen large scarf,51.66,GBP,New with tags,,,pomiatko,GB,,https://www.ebay.co.uk/itm/257389590139?_skw=Alexander+Mcqueen+Scarf&hash=item3bed9d767b:g:RxMAAeSwdnFppzIX,,2026-03-09T13:14:57.685246+00:00,Alexander Mcqueen Scarf
ebay,v1|157720353456|0,Alexander McQueen Skull Scarf Red,104.70,GBP,New with tags,,,*lopsy*,GB,,https://www.ebay.co.uk/itm/157720353456?_skw=Alexander+Mcqueen+Scarf&hash=item24b8dd9ab0:g:zlQAAeSw0VBppcPl,,2026-03-09T13:14:57.685249+00:00,Alexander Mcqueen Scarf
ebay,v1|127712900819|0,Alexander McQueen Skull Scarf black white Print Twill 90 x 90 New with Tags,180.00,GBP,New with tags,,,kaz-sandvika,GB,,https://www.ebay.co.uk/itm/127712900819?_skw=Alexander+Mcqueen+Scarf&hash=item1dbc4836d3:g:V2AAAOSw6uVnTHK0,,2026-03-09T13:14:57.685252+00:00,Alexander Mcqueen Scarf
ebay,v1|377001766608|0,Alexander McQueen Skull Scarf - Red/Black. MINT condition. UNWORN. OPEN TO OFFER,104.70,GBP,New without tags,,,ultraviolet-infared,GB,,https://www.ebay.co.uk/itm/377001766608?_skw=Alexander+Mcqueen+Scarf&hash=item57c70e6ed0:g:KugAAeSwYJFppLnX,,2026-03-09T13:14:57.685255+00:00,Alexander Mcqueen Scarf
ebay,v1|177910932447|0,Alexander McQueen Men's Scarf Grey Graphic 100% Wool Scarf,74.00,GBP,Pre-owned - Good,,,thrift-plus,GB,,https://www.ebay.co.uk/itm/177910932447?_skw=Alexander+Mcqueen+Scarf&hash=item296c5163df:g:leoAAeSw7WVppKo2,,2026-03-09T13:14:57.685258+00:00,Alexander Mcqueen Scarf
ebay,v1|177910038071|0,Authentic Alexander McQueen Silk Scarf Wrap Bracelet Bag Charm Beige Skull,179.99,GBP,Pre-owned - Good,,,buy.my.designer.closet,GB,,https://www.ebay.co.uk/itm/177910038071?_skw=Alexander+Mcqueen+Scarf&hash=item296c43be37:g:ciwAAeSwmG1ppFjw,,2026-03-09T13:14:57.685263+00:00,Alexander Mcqueen Scarf
ebay,v1|188108872407|0,Alexander McQueen Vintage Scull Scarf,83.90,GBP,Pre-owned - Excellent,,,michail4444,GB,,https://www.ebay.co.uk/itm/188108872407?_skw=Alexander+Mcqueen+Scarf&hash=item2bcc299ad7:g:mxIAAeSwgHVppCul,,2026-03-09T13:14:57.685269+00:00,Alexander Mcqueen Scarf
ebay,v1|366235332342|0,Authentic Vintage Alexander McQueen Silk Skull Damask Scarf Black & Silver Mint,409.60,GBP,New without tags,,,earlgrey2nd,GB,,https://www.ebay.co.uk/itm/366235332342?_skw=Alexander+Mcqueen+Scarf&hash=item554553aef6:g:QyEAAeSwWt5poywn,,2026-03-09T13:14:57.685271+00:00,Alexander Mcqueen Scarf
ebay,v1|366235325193|0,Authentic Vintage Alexander McQueen 100% Silk Skull Damask Fringe Scarf - Mint,363.70,GBP,New without tags,,,earlgrey2nd,GB,,https://www.ebay.co.uk/itm/366235325193?_skw=Alexander+Mcqueen+Scarf&hash=item5545539309:g:OzwAAeSw2dxpoypB,,2026-03-09T13:14:57.685274+00:00,Alexander Mcqueen Scarf
ebay,v1|397660160942|0,Alexander McQueen Women's Vintage Silk Scarf Made In Italy. Pink And Cream,73.50,GBP,Pre-owned - Good,,,mabur_6222,GB,,https://www.ebay.co.uk/itm/397660160942?_skw=Alexander+Mcqueen+Scarf&hash=item5c966483ae:g:CRoAAeSwpvlpotu7,,2026-03-09T13:14:57.685277+00:00,Alexander Mcqueen Scarf
ebay,v1|366232793743|0,Alexander McQueen Silk Grey Pink Scull Print Pattern Scarf & Liberty Box,175.00,GBP,New with tags,,,southernhospicegroup,GB,,https://www.ebay.co.uk/itm/366232793743?_skw=Alexander+Mcqueen+Scarf&hash=item55452cf28f:g:d0kAAeSwv6lpoaxG,,2026-03-09T13:14:57.685279+00:00,Alexander Mcqueen Scarf
ebay,v1|127707081471|0,Alexander McQueen Skull Scarf red silk rolled edges Made In Italy with Tags,149.00,GBP,New with tags,,,kaz-sandvika,GB,,https://www.ebay.co.uk/itm/127707081471?_skw=Alexander+Mcqueen+Scarf&hash=item1dbbef6aff:g:IAAAAeSw~ZdpoMsp,,2026-03-09T13:14:57.685283+00:00,Alexander Mcqueen Scarf
ebay,v1|188096656397|0,Alexander McQueen Men's Scarf Cream Graphic 100% Wool Scarf,102.00,GBP,Pre-owned - Good,,,thrift-plus,GB,,https://www.ebay.co.uk/itm/188096656397?_skw=Alexander+Mcqueen+Scarf&hash=item2bcb6f340d:g:tYcAAeSwuHtpn9Ri,,2026-03-09T13:14:57.685288+00:00,Alexander Mcqueen Scarf
ebay,v1|287159918895|0,NEW Alexander McQueen Scarf Aquatic Skull Scarf in Red,215.00,GBP,New with tags,,,marusia2023,GB,,https://www.ebay.co.uk/itm/287159918895?_skw=Alexander+Mcqueen+Scarf&hash=item42dc10a12f:g:qoUAAOSw6YtZPt4a,,2026-03-09T13:14:57.685291+00:00,Alexander Mcqueen Scarf
ebay,v1|257373747559|0,Alexander McQueen Silk Skull Scarf 60 x 60 Cm,156.70,GBP,New with tags,,,london_fine_closet,GB,,https://www.ebay.co.uk/itm/257373747559?_skw=Alexander+Mcqueen+Scarf&hash=item3becabb967:g:X-UAAeSwBS5pXrbr,,2026-03-09T13:14:57.685294+00:00,Alexander Mcqueen Scarf
ebay,v1|236649549922|0,ALEXANDER McQUEEN IVORY FIL COUPÉ CHIFFON SCARF RETAIL £420 BNWT,245.00,GBP,New with tags,,,smartdesignershopper,GB,,https://www.ebay.co.uk/itm/236649549922?_skw=Alexander+Mcqueen+Scarf&hash=item3719699062:g:vsUAAOSwZQplN7GH,,2026-03-09T13:14:57.685297+00:00,Alexander Mcqueen Scarf
ebay,v1|327013426009|0,ALEXANDER McQUEEN POMPOM SKULL SCARF MADE IN ITALY RETAIL £450 120cm x 120cm,265.00,GBP,New with tags,,,smartdesignershopper,GB,,https://www.ebay.co.uk/itm/327013426009?_skw=Alexander+Mcqueen+Scarf&hash=item4c2384e359:g:koMAAOSw4b1cNiwt,,2026-03-09T13:14:57.685301+00:00,Alexander Mcqueen Scarf
ebay,v1|198126080675|0,Alexander McQueen Scarf God Save McQueen,281.50,GBP,New with tags,,,armada8722,GB,,https://www.ebay.co.uk/itm/198126080675?_skw=Alexander+Mcqueen+Scarf&hash=item2e213c12a3:g:RxwAAeSwWLhpmcOK,,2026-03-09T13:14:57.685305+00:00,Alexander Mcqueen Scarf
ebay,v1|188080854021|0,Alexander McQueen Silk Skull Scarf Black And Orange,94.30,GBP,New with tags,,,lns0987,GB,,https://www.ebay.co.uk/itm/188080854021?_skw=Alexander+Mcqueen+Scarf&hash=item2bca7e1405:g:aB0AAeSw6~hpmZ4h,,2026-03-09T13:14:57.685309+00:00,Alexander Mcqueen Scarf
ebay,v1|117048449220|0,Alexander McQueen Skull Scarf Pink Silk Twill Square 90 x 90 cm New with Tags,179.99,GBP,New with tags,,,kaz-sandvika,GB,,https://www.ebay.co.uk/itm/117048449220?_skw=Alexander+Mcqueen+Scarf&hash=item1b40a198c4:g:9QsAAOSw1BFnTIOB,,2026-03-09T13:14:57.685312+00:00,Alexander Mcqueen Scarf
ebay,v1|177878439968|0,Limited Edition Alexander McQueen 'Karma Sutra Skeletons' Black Silk Scarf,999.99,GBP,New without tags,,,bristolarchives,GB,,https://www.ebay.co.uk/itm/177878439968?_skw=Alexander+Mcqueen+Scarf&hash=item296a619820:g:q-EAAeSwEptpmHdb,,2026-03-09T13:14:57.685316+00:00,Alexander Mcqueen Scarf
ebay,v1|188074752740|0,Alexander McQueen Oversized cotton Scarf Black purple Hummingbird 190cm X 135cm,103.66,GBP,Pre-owned - Excellent,,,thek0la,GB,,https://www.ebay.co.uk/itm/188074752740?_skw=Alexander+Mcqueen+Scarf&hash=item2bca20fae4:g:HfIAAeSwqTRpidjn,,2026-03-09T13:14:57.685319+00:00,Alexander Mcqueen Scarf
ebay,v1|406706344015|0,Beautiful Alexander McQueen Silk Skull Scarf Genuine Vintage Piece.,156.70,GBP,Pre-owned - Excellent,,,grafia-71,GB,,https://www.ebay.co.uk/itm/406706344015?_skw=Alexander+Mcqueen+Scarf&hash=item5eb196504f:g:Ah4AAeSwWKxplhap,,2026-03-09T13:14:57.685325+00:00,Alexander Mcqueen Scarf
ebay,v1|287146084314|0,Alexander McQueen 100% Silk sheer skull scarf B/W 42x42,75.00,GBP,Pre-owned - Excellent,,,gnarskis,GB,,https://www.ebay.co.uk/itm/287146084314?_skw=Alexander+Mcqueen+Scarf&hash=item42db3d87da:g:TIAAAeSwrL5pk0DO,,2026-03-09T13:14:57.685330+00:00,Alexander Mcqueen Scarf
ebay,v1|137040063689|0,"GENUINE Alexander Mcqueen Modal-Silk Skull Scarf, RARE1",332.10,GBP,New with tags,,,silverarcheryuk,GB,,https://www.ebay.co.uk/itm/137040063689?_skw=Alexander+Mcqueen+Scarf&hash=item1fe8396cc9:g:PlIAAeSwFQxpkgFA,,2026-03-09T13:14:57.685334+00:00,Alexander Mcqueen Scarf
ebay,v1|257361724522|0,Alexander McQueen Reversible Upside Down Skull Scarf Wool Brand New RRP£280,185.00,GBP,New with tags,,,capitalistboy,GB,,https://www.ebay.co.uk/itm/257361724522?_skw=Alexander+Mcqueen+Scarf&hash=item3bebf4446a:g:YAwAAeSwgzRpkd9~,,2026-03-09T13:14:57.685337+00:00,Alexander Mcqueen Scarf
ebay,v1|157683837996|0,Alexander McQueen Skull Scarf – Pink with Red Skulls – Made in Italy,103.66,GBP,Pre-owned - Excellent,,,chelseagirl90,GB,,https://www.ebay.co.uk/itm/157683837996?_skw=Alexander+Mcqueen+Scarf&hash=item24b6b06c2c:g:eFwAAeSw9MVpkcuW,,2026-03-09T13:14:57.685340+00:00,Alexander Mcqueen Scarf
ebay,v1|397609948552|0,Vintage Alexander McQueen 100% Silk Tartan Plaid Scarf 132cm Skull Shawl Grunge,146.30,GBP,Pre-owned - Excellent,,,pormur11,GB,,https://www.ebay.co.uk/itm/397609948552?_skw=Alexander+Mcqueen+Scarf&hash=item5c93665588:g:yvIAAeSwIyhpkO0U,,2026-03-09T13:14:57.685347+00:00,Alexander Mcqueen Scarf
ebay,v1|117037728831|0,Alexander McQueen White Silk Skull Scarf Rolled Edges Square 90 x 90 New W/Tags,175.00,GBP,New with tags,,,kaz-sandvika,GB,,https://www.ebay.co.uk/itm/117037728831?_skw=Alexander+Mcqueen+Scarf&hash=item1b3ffe043f:g:oPkAAeSwoYRoX9~s,,2026-03-09T13:14:57.685351+00:00,Alexander Mcqueen Scarf
ebay,v1|147152812838|0,Alexander McQueen Blue And Black Skull Scarf,63.10,GBP,Pre-owned - Fair,,,hollbrya_92,GB,,https://www.ebay.co.uk/itm/147152812838?_skw=Alexander+Mcqueen+Scarf&hash=item2242fdbb26:g:YsEAAeSwfVVpj5ls,,2026-03-09T13:14:57.685356+00:00,Alexander Mcqueen Scarf
ebay,v1|157679827956|0,Alexander Mcqueen Logo-Embroidered Scarf In Black And White Linen Women E One,144.00,GBP,Pre-owned - Excellent,,,tribute-to-style,GB,,https://www.ebay.co.uk/itm/157679827956?_skw=Alexander+Mcqueen+Scarf&hash=item24b6733bf4:g:19gAAeSwUalpleXt,,2026-03-09T13:14:57.685360+00:00,Alexander Mcqueen Scarf
ebay,v1|389616273226|0,RARE Alexander McQueen Limited Edition Razor Blade Scarf,167.10,GBP,Pre-owned - Good,,,johnnyalphabravo,GB,,https://www.ebay.co.uk/itm/389616273226?_skw=Alexander+Mcqueen+Scarf&hash=item5ab6f0874a:g:XyQAAeSwz3ZpjwbC,,2026-03-09T13:14:57.685364+00:00,Alexander Mcqueen Scarf
ebay,v1|336432426221|0,"Alexander McQueen SS20 ""Ink Floral"" Stripe Silk Chiffon Scarf - Oblong Stole",125.50,GBP,Pre-owned - Good,,,zoecharlotte12,GB,,https://www.ebay.co.uk/itm/336432426221?_skw=Alexander+Mcqueen+Scarf&hash=item4e54ef6ced:g:6HkAAeSwdpxpjhv4,,2026-03-09T13:14:57.685367+00:00,Alexander Mcqueen Scarf
ebay,v1|127679621149|0,Alexander McQueen Silk Skull Scarf Grey Yellow Excellent Condition Rolled Edges,139.99,GBP,Pre-owned - Good,,,kaz-sandvika,GB,,https://www.ebay.co.uk/itm/127679621149?_skw=Alexander+Mcqueen+Scarf&hash=item1dba4c681d:g:Lv0AAeSwxp5pAfzG,,2026-03-09T13:14:57.685371+00:00,Alexander Mcqueen Scarf
ebay,v1|177853751543|0,Alexander McQueen Signature Silk Skull Scarf Camel/Tan coloured y2k,104.70,GBP,Pre-owned - Good,,,lydiaageo,GB,,https://www.ebay.co.uk/itm/177853751543?_skw=Alexander+Mcqueen+Scarf&hash=item2968e8e0f7:g:BqQAAeSwzq5pjH5p,,2026-03-09T13:14:57.685374+00:00,Alexander Mcqueen Scarf
ebay,v1|177849555104|0,Alexander McQueen Reversible Upside Down Skull Scarf Wool Brand New,151.50,GBP,New without tags,,,amcar_6328,GB,,https://www.ebay.co.uk/itm/177849555104?_skw=Alexander+Mcqueen+Scarf&hash=item2968a8d8a0:g:M0QAAeSwjZxpikwU,,2026-03-09T13:14:57.685378+00:00,Alexander Mcqueen Scarf
ebay,v1|168145211581|0,Alexander McQueen Modal Scarf Logo Fringed Made in Italy 120x140cm New MadeItaly,228.46,GBP,New with tags,,,jinzh-4991,GB,,https://www.ebay.co.uk/itm/168145211581?_skw=Alexander+Mcqueen+Scarf&hash=item27263c50bd:g:9aoAAeSwevBpiL1t,,2026-03-09T13:14:57.685383+00:00,Alexander Mcqueen Scarf
ebay,v1|117024997401|0,Alexander McQueen Lana Wool blue green Reversible Skull Scarf Fringed Edge New,179.99,GBP,New with tags,,,kaz-sandvika,GB,,https://www.ebay.co.uk/itm/117024997401?_skw=Alexander+Mcqueen+Scarf&hash=item1b3f3bc019:g:BZgAAOSw8D5nQ0~8,,2026-03-09T13:14:57.685386+00:00,Alexander Mcqueen Scarf
ebay,v1|389586928220|0,Authentic Alexander Mcqueen Scarf,92.21,GBP,Pre-owned - Excellent,,,jimbob12578,GB,,https://www.ebay.co.uk/itm/389586928220?_skw=Alexander+Mcqueen+Scarf&hash=item5ab530c25c:g:-XQAAeSwExpphkb~,,2026-03-09T13:14:57.685390+00:00,Alexander Mcqueen Scarf
ebay,v1|306747433560|0,ALEXANDER MCQUEEN Grey Skull Print Scarf - 140cm X 120cm,149.99,GBP,New with tags,,,ezzob_0,GB,,https://www.ebay.co.uk/itm/306747433560?_skw=Alexander+Mcqueen+Scarf&hash=item476b926258:g:f8gAAOSwZzNkkoRd,,2026-03-09T13:14:57.685395+00:00,Alexander Mcqueen Scarf
ebay,v1|306747433562|0,ALEXANDER MCQUEEN Black & White Skull Patterned Scarf - 120cm X 140cm,149.99,GBP,New with tags,,,ezzob_0,GB,,https://www.ebay.co.uk/itm/306747433562?_skw=Alexander+Mcqueen+Scarf&hash=item476b92625a:g:NUwAAOSwFU9l-Ov-,,2026-03-09T13:14:57.685397+00:00,Alexander Mcqueen Scarf
ebay,v1|306747429062|0,ALEXANDER MCQUEEN Red & Black Skull Patterned Scarf 120cm X 140cm,149.99,GBP,New with tags,,,ezzob_0,GB,,https://www.ebay.co.uk/itm/306747429062?_skw=Alexander+Mcqueen+Scarf&hash=item476b9250c6:g:JHMAAOSwPT1kpwfx,,2026-03-09T13:14:57.685401+00:00,Alexander Mcqueen Scarf
ebay,v1|358182320093|0,Alexander McQueen Damien Hirst  Scarf Judecca Circular Butterfly Silk Rare 🦋,260.70,GBP,New with tags,,,aisole-62,GB,,https://www.ebay.co.uk/itm/358182320093?_skw=Alexander+Mcqueen+Scarf&hash=item53655477dd:g:UlAAAeSw78FpgOEE,,2026-03-09T13:14:57.685405+00:00,Alexander Mcqueen Scarf
ebay,v1|127658143882|0,Alexander McQueen Silk Giant Butterfly Skull Scarf,175.00,GBP,New with tags,,,mickfeld,GB,,https://www.ebay.co.uk/itm/127658143882?_skw=Alexander+Mcqueen+Scarf&hash=item1db904b08a:g:vlYAAeSw5B9pfxYF,,2026-03-09T13:14:57.685411+00:00,Alexander Mcqueen Scarf
ebay,v1|127658086710|0,Alexander McQueen Wool Skull Scarf 138x138cm BNWT,175.00,GBP,New with tags,,,mickfeld,GB,,https://www.ebay.co.uk/itm/127658086710?_skw=Alexander+Mcqueen+Scarf&hash=item1db903d136:g:SZsAAeSwV2dpfwfx,,2026-03-09T13:14:57.685414+00:00,Alexander Mcqueen Scarf
ebay,v1|127658081318|0,Alexander McQueen Skull Scarf Cream/ Butter Yellow 104x120cm BNWT,150.00,GBP,New with tags,,,mickfeld,GB,,https://www.ebay.co.uk/itm/127658081318?_skw=Alexander+Mcqueen+Scarf&hash=item1db903bc26:g:YtIAAeSwmehpfwa~,,2026-03-09T13:14:57.685417+00:00,Alexander Mcqueen Scarf
ebay,v1|198066492263|0,"Alexander McQueen Abstract Skull Silk-Blend Scarf, Black & Yellow 104x120cm",167.10,GBP,New with tags,,,lhd-fashion,GB,,https://www.ebay.co.uk/itm/198066492263?_skw=Alexander+Mcqueen+Scarf&hash=item2e1daed367:g:zXwAAeSwTwVpa4kV,,2026-03-09T13:14:57.685420+00:00,Alexander Mcqueen Scarf
ebay,v1|147123163979|0,Alexander McQueen Silk Skull Scarf In White. Full Size.,156.70,GBP,Pre-owned - Excellent,,,wilmul-28,GB,,https://www.ebay.co.uk/itm/147123163979?_skw=Alexander+Mcqueen+Scarf&hash=item224139534b:g:Ky8AAeSw8nNpeopD,,2026-03-09T13:14:57.685424+00:00,Alexander Mcqueen Scarf
ebay,v1|177812791633|0,Alexander McQueen scarf shawl,90.00,GBP,New with tags,,,greve158,GB,,https://www.ebay.co.uk/itm/177812791633?_skw=Alexander+Mcqueen+Scarf&hash=item296677e151:g:3JMAAeSwNn9peMhS,,2026-03-09T13:14:57.685427+00:00,Alexander Mcqueen Scarf
ebay,v1|177810657321|0,ALEXANDER McQUEEN Grey Biker Skull Scarf Shawl Wrap 140 x 120cm UNISEX NEW + TAG,129.99,GBP,New with tags,,,british-emporium-clothing,GB,,https://www.ebay.co.uk/itm/177810657321?_skw=Alexander+Mcqueen+Scarf&hash=item2966575029:g:OH4AAOSwy5hkkpve,,2026-03-09T13:14:57.685431+00:00,Alexander Mcqueen Scarf
ebay,v1|389542277027|0,"Alexander McQueen Giant 140cm Skull Floral Silk Scarf Black, Red And White",156.70,GBP,Pre-owned - Excellent,,,guiltytreasures65,GB,,https://www.ebay.co.uk/itm/389542277027?_skw=Alexander+Mcqueen+Scarf&hash=item5ab2876fa3:g:SXkAAeSwLU1pd78q,,2026-03-09T13:14:57.685434+00:00,Alexander Mcqueen Scarf
ebay,v1|298094548934|0,Alexander McQueen Silk Skull Scarf,68.30,GBP,Pre-owned - Excellent,,,amha6653,GB,,https://www.ebay.co.uk/itm/298094548934?_skw=Alexander+Mcqueen+Scarf&hash=item4567d1d7c6:g:T7UAAeSwvOBpdgEi,,2026-03-09T13:14:57.685437+00:00,Alexander Mcqueen Scarf
ebay,v1|127643745541|0,Alexander McQueen Silk Skull Scarf Ivory Black BNWT with McQueen gift box,135.00,GBP,New with tags,,,mickfeld,GB,,https://www.ebay.co.uk/itm/127643745541?_skw=Alexander+Mcqueen+Scarf&hash=item1db828fd05:g:qWgAAeSwLPFpKW50,,2026-03-09T13:14:57.685440+00:00,Alexander Mcqueen Scarf
ebay,v1|188116687340|0,Alexander McQueen Black Cashmere Scarf Men Women Logo Embroidered Italy 180cm,156.70,GBP,Pre-owned - Good,,,berti.brown,GB,,https://www.ebay.co.uk/itm/188116687340?_skw=Alexander+Mcqueen+Scarf&hash=item2bcca0d9ec:g:oDsAAeSwhPZpdNzC,,2026-03-09T13:14:57.685444+00:00,Alexander Mcqueen Scarf
ebay,v1|397521407796|0,Alexander McQueen Chiffon Scarf 104x120 Ivory/Black Skulls 100% Silk New & Tags,117.18,GBP,New with tags,,,highendhub,GB,,https://www.ebay.co.uk/itm/397521407796?_skw=Alexander+Mcqueen+Scarf&hash=item5c8e1f4f34:g:QDEAAeSwAsRpcVYZ,,2026-03-09T13:14:57.685448+00:00,Alexander Mcqueen Scarf
ebay,v1|127621920774|0,Alexander McQueen Marbled Waterlily Filcoupe Silk Mix Scarf BNWT W/ Gift Box,205.00,GBP,New with tags,,,mickfeld,GB,,https://www.ebay.co.uk/itm/127621920774?_skw=Alexander+Mcqueen+Scarf&hash=item1db6dbf806:g:sBgAAeSwFJJpIwEw,,2026-03-09T13:14:57.685457+00:00,Alexander Mcqueen Scarf
ebay,v1|127617655135|0,ALEXANDER McQUEEN CRYSTAL SPINE SKULL SCARF BLACK GREY 68 x 190cm RRP £320 #D2,119.99,GBP,New with imperfections,,,pier_lux,GB,,https://www.ebay.co.uk/itm/127617655135?_skw=Alexander+Mcqueen+Scarf&hash=item1db69ae15f:g:A8MAAeSw-hppZAXN,,2026-03-09T13:14:57.685461+00:00,Alexander Mcqueen Scarf
ebay,v1|277641237256|0,Alexander McQueen Skull Scarf New with Tags,79.99,GBP,New with tags,,,derkyderky,GB,,https://www.ebay.co.uk/itm/277641237256?_skw=Alexander+Mcqueen+Scarf&hash=item40a4b51308:g:LHkAAeSwWP1pYmIi,,2026-03-09T13:14:57.685465+00:00,Alexander Mcqueen Scarf
ebay,v1|257302061401|0,"Alexander McQueen Navy Blue Silk Skull Scarf 100% Silk, Made in Italy BNWT & bag",172.30,GBP,New with tags,,,loutawadrous,GB,,https://www.ebay.co.uk/itm/257302061401?_skw=Alexander+Mcqueen+Scarf&hash=item3be865e159:g:STsAAeSwYONpYjzE,,2026-03-09T13:14:57.685468+00:00,Alexander Mcqueen Scarf
ebay,v1|157600413932|0,"Alexander McQueen silk scarf/ shawl, bikers flowers and skulls BNWT",187.90,GBP,New with tags,,,87kristi,GB,,https://www.ebay.co.uk/itm/157600413932?_skw=Alexander+Mcqueen+Scarf&hash=item24b1b778ec:g:rFIAAeSws9FpX89W,,2026-03-09T13:14:57.685473+00:00,Alexander Mcqueen Scarf
ebay,v1|406567186969|0,Alexander McQueen Silk Scarf white with black Skull Print New without Tags,99.50,GBP,New with tags,,,hampca_0,GB,,https://www.ebay.co.uk/itm/406567186969?_skw=Alexander+Mcqueen+Scarf&hash=item5ea94af219:g:oa0AAeSwWKZpXozK,,2026-03-09T13:14:57.685477+00:00,Alexander Mcqueen Scarf
ebay,v1|406567185444|0,"Alexander McQueen Silk Scarf black, green and white Skull Print New without Tags",130.00,GBP,New with tags,,,hampca_0,GB,,https://www.ebay.co.uk/itm/406567185444?_skw=Alexander+Mcqueen+Scarf&hash=item5ea94aec24:g:BMIAAeSwJ~ZpXoxo,,2026-03-09T13:14:57.685480+00:00,Alexander Mcqueen Scarf
ebay,v1|168057352216|0,Alexander McQueen 100% Wool Unisex Reversible Skull Scarf Black Ivory One size,165.00,GBP,New with tags,,,dr_fashion_club,GB,,https://www.ebay.co.uk/itm/168057352216?_skw=Alexander+Mcqueen+Scarf&hash=item2720ffb018:g:oLYAAeSwob9pRt4a,,2026-03-09T13:14:57.685483+00:00,Alexander Mcqueen Scarf
ebay,v1|187914446948|0,Alexander McQueen Skull Scarf. HARRODS. Silk. PINK BEIGE. BNWT. 104 x 120cm,209.00,GBP,New with tags,,,luxelanestyle,GB,,https://www.ebay.co.uk/itm/187914446948?_skw=Alexander+Mcqueen+Scarf&hash=item2bc092e864:g:~KEAAeSwzKppWolf,,2026-03-09T13:14:57.685487+00:00,Alexander Mcqueen Scarf
ebay,v1|227159603476|0,Alexander McQueen Silk Skull Scarf Brand New,78.70,GBP,New with tags,,,rachellewis40,GB,,https://www.ebay.co.uk/itm/227159603476?_skw=Alexander+Mcqueen+Scarf&hash=item34e3c47914:g:kV8AAeSwzKdpWi82,,2026-03-09T13:14:57.685489+00:00,Alexander Mcqueen Scarf
ebay,v1|227158464709|0,Alexander McQueen Scarf/Shawl,78.70,GBP,New without tags,,,wc_160,GB,,https://www.ebay.co.uk/itm/227158464709?_skw=Alexander+Mcqueen+Scarf&hash=item34e3b318c5:g:PjcAAeSwgP9pWRbd,,2026-03-09T13:14:57.685495+00:00,Alexander Mcqueen Scarf
ebay,v1|336366397384|0,Alexander McQueen Silk Skull And Floral Print Large Scarf  50” X 50”,89.10,GBP,New without tags,,,cit38qb,GB,,https://www.ebay.co.uk/itm/336366397384?_skw=Alexander+Mcqueen+Scarf&hash=item4e50ffe7c8:g:94cAAeSwInxpUtXL,,2026-03-09T13:14:57.685499+00:00,Alexander Mcqueen Scarf
ebay,v1|358064816861|0,"Alexander Mcqueen Shawl/scarf Beautiful Great Size. 76"" X 30"" Swallow pattern",154.62,GBP,Pre-owned - Excellent,,,hygge1951,GB,,https://www.ebay.co.uk/itm/358064816861?_skw=Alexander+Mcqueen+Scarf&hash=item535e5382dd:g:IxIAAeSwEDFpU~TA,,2026-03-09T13:14:57.685502+00:00,Alexander Mcqueen Scarf
ebay,v1|326932987422|0,Alexander McQueen Reversible Black and Yellow Upside Down Skull Scarf Wool,73.50,GBP,Pre-owned - Excellent,,,krapyrubsnif93,GB,,https://www.ebay.co.uk/itm/326932987422?_skw=Alexander+Mcqueen+Scarf&hash=item4c1eb97e1e:g:4HoAAeSwW2VpUnML,,2026-03-09T13:14:57.685505+00:00,Alexander Mcqueen Scarf
ebay,v1|177716232880|0,ALEXANDER McQUEEN Animal Print Faux Fur Scarf Shawl Wrap NEW + TAG,179.99,GBP,New with tags,,,british-emporium-clothing,GB,,https://www.ebay.co.uk/itm/177716232880?_skw=Alexander+Mcqueen+Scarf&hash=item2960b682b0:g:Xj0AAOSw7cVZjcI5,,2026-03-09T13:14:57.685508+00:00,Alexander Mcqueen Scarf
ebay,v1|127584408506|0,Alexander McQueen Signature Skulls Silk Scarf BNWT,135.00,GBP,New with tags,,,mickfeld,GB,,https://www.ebay.co.uk/itm/127584408506?_skw=Alexander+Mcqueen+Scarf&hash=item1db49f93ba:g:dC0AAeSwcxppKXEE,,2026-03-09T13:14:57.685511+00:00,Alexander Mcqueen Scarf
ebay,v1|287024841280|0,Alexander McQueen Scarf Reverse Upside Down Skull Black Grey 180 x 35 cm 5250G,149.00,GBP,New with tags,,,luxuryoutnet,GB,,https://www.ebay.co.uk/itm/287024841280?_skw=Alexander+Mcqueen+Scarf&hash=item42d4038240:g:7MwAAeSwKxJpSBlL,,2026-03-09T13:14:57.685514+00:00,Alexander Mcqueen Scarf
ebay,v1|167989335206|0,Alexander McQueen Skull Print Reversible Wool Scarf Red Orange Unisex,225.00,GBP,New with tags,,,luxuryxarr,GB,,https://www.ebay.co.uk/itm/167989335206?_skw=Alexander+Mcqueen+Scarf&hash=item271cf1d4a6:g:CS4AAOSwP5Zl0pOw,,2026-03-09T13:14:57.685524+00:00,Alexander Mcqueen Scarf
ebay,v1|167989327764|0,Alexander McQueen Skull-Printed Wool Scarf Black Blue Fringed Unisex Italy,175.00,GBP,New with tags,,,luxuryxarr,GB,,https://www.ebay.co.uk/itm/167989327764?_skw=Alexander+Mcqueen+Scarf&hash=item271cf1b794:g:-kEAAeSw8~ppNwMK,,2026-03-09T13:14:57.685527+00:00,Alexander Mcqueen Scarf
ebay,v1|167989327786|0,"Alexander McQueen Skull Print Scarf – Beige Wool, Signature Logo, Unisex",325.00,GBP,New with tags,,,luxuryxarr,GB,,https://www.ebay.co.uk/itm/167989327786?_skw=Alexander+Mcqueen+Scarf&hash=item271cf1b7aa:g:VzcAAeSw21loo2qP,,2026-03-09T13:14:57.685530+00:00,Alexander Mcqueen Scarf
ebay,v1|167989327822|0,Alexander McQueen Graffiti Plaid Wool Scarf Black Blue Unisex Made in Italy,375.00,GBP,New with tags,,,luxuryxarr,GB,,https://www.ebay.co.uk/itm/167989327822?_skw=Alexander+Mcqueen+Scarf&hash=item271cf1b7ce:g:fz8AAeSwMGhoouUM,,2026-03-09T13:14:57.685534+00:00,Alexander Mcqueen Scarf
ebay,v1|167989327847|0,Alexander McQueen Mushroom Skeleton Foulard Silk Scarf Multicolour Made in Italy,175.00,GBP,New with tags,,,luxuryxarr,GB,,https://www.ebay.co.uk/itm/167989327847?_skw=Alexander+Mcqueen+Scarf&hash=item271cf1b7e7:g:XsQAAOSwflZnZ0CT,,2026-03-09T13:14:57.685538+00:00,Alexander Mcqueen Scarf
ebay,v1|167989327871|0,Alexander McQueen Blue Graffiti Logo Print Scarf Wool Unisex 220cm Made In Italy,195.00,GBP,New with tags,,,luxuryxarr,GB,,https://www.ebay.co.uk/itm/167989327871?_skw=Alexander+Mcqueen+Scarf&hash=item271cf1b7ff:g:YiYAAeSw~mxpNwKW,,2026-03-09T13:14:57.685542+00:00,Alexander Mcqueen Scarf
ebay,v1|167989327875|0,Alexander McQueen Men’s Scarf with Logo – Black/White Luxury Designer Wool Blend,195.00,GBP,New with tags,,,luxuryxarr,GB,,https://www.ebay.co.uk/itm/167989327875?_skw=Alexander+Mcqueen+Scarf&hash=item271cf1b803:g:0REAAeSwkcton1SX,,2026-03-09T13:14:57.685545+00:00,Alexander Mcqueen Scarf
ebay,v1|167989327882|0,Alexander McQueen Black Cashmere Scarf Men Women Logo Embroidered Italy 180cm,292.00,GBP,New with tags,,,luxuryxarr,GB,,https://www.ebay.co.uk/itm/167989327882?_skw=Alexander+Mcqueen+Scarf&hash=item271cf1b80a:g:BkQAAeSwcyxpNwLP,,2026-03-09T13:14:57.685548+00:00,Alexander Mcqueen Scarf
ebay,v1|167989327931|0,Alexander McQueen Wool Reversible Skull Print Scarf Black White Unisex Italy,215.00,GBP,New with tags,,,luxuryxarr,GB,,https://www.ebay.co.uk/itm/167989327931?_skw=Alexander+Mcqueen+Scarf&hash=item271cf1b83b:g:etsAAOSwazRl0ham,,2026-03-09T13:14:57.685551+00:00,Alexander Mcqueen Scarf
ebay,v1|167989327944|0,"Alexander McQueen Biker Skull Scarf Ivory – 100% Wool, Unisex Luxury Designer",195.00,GBP,New with tags,,,luxuryxarr,GB,,https://www.ebay.co.uk/itm/167989327944?_skw=Alexander+Mcqueen+Scarf&hash=item271cf1b848:g:-RoAAeSwQbton7qI,,2026-03-09T13:14:57.685555+00:00,Alexander Mcqueen Scarf
ebay,v1|168063323754|0,Alexander McQueen Camel Fringed Cashmere Scarf – 100% Cashmere – Made in Italy,275.00,GBP,New with tags,,,luxuryxarr,GB,,https://www.ebay.co.uk/itm/168063323754?_skw=Alexander+Mcqueen+Scarf&hash=item27215ace6a:g:BLYAAeSwG9Bon6O8,,2026-03-09T13:14:57.685559+00:00,Alexander Mcqueen Scarf
ebay,v1|167989324232|0,Alexander McQueen Skull Print Wool Scarf – Black/Ivory 100% Wool One Size,175.00,GBP,New with tags,,,luxuryxarr,GB,,https://www.ebay.co.uk/itm/167989324232?_skw=Alexander+Mcqueen+Scarf&hash=item271cf1a9c8:g:9f0AAOSwvC1m4HeD,,2026-03-09T13:14:57.685562+00:00,Alexander Mcqueen Scarf
ebay,v1|167989324404|0,"Alexander McQueen Down Seal Scarf – Black Wool Modal Blend, Unisex, One Size",195.00,GBP,New with tags,,,luxuryxarr,GB,,https://www.ebay.co.uk/itm/167989324404?_skw=Alexander+Mcqueen+Scarf&hash=item271cf1aa74:g:rfAAAeSw8floWwlh,,2026-03-09T13:14:57.685566+00:00,Alexander Mcqueen Scarf
ebay,v1|306643854234|0,RARE Harrods Exclusive Alexander McQueen Silk Skull Scarf In Beige,125.50,GBP,Pre-owned - Excellent,,,yoshisusie,GB,,https://www.ebay.co.uk/itm/306643854234?_skw=Alexander+Mcqueen+Scarf&hash=item476565e39a:g:ysEAAeSw8r5pMtHq,,2026-03-09T13:14:57.685570+00:00,Alexander Mcqueen Scarf
ebay,v1|257244395213|0,Alexander McQueen Skull Scarf -Black / Red,135.90,GBP,New without tags,,,peayan94,GB,,https://www.ebay.co.uk/itm/257244395213?_skw=Alexander+Mcqueen+Scarf&hash=item3be4f5f6cd:g:XokAAeSwDphpMhBE,,2026-03-09T13:14:57.685573+00:00,Alexander Mcqueen Scarf
ebay,v1|306640774359|0,Alexander McQueen Signature Skull Print Silk Scarf Red/Black Designer Accessory,208.70,GBP,New without tags,,,artbooks2124,GB,,https://www.ebay.co.uk/itm/306640774359?_skw=Alexander+Mcqueen+Scarf&hash=item476536e4d7:g:uZ0AAeSw8xZpMEFJ,,2026-03-09T13:14:57.685576+00:00,Alexander Mcqueen Scarf
ebay,v1|306640771886|0,Alexander McQueen Signature Skull Print Silk Scarf Black Designer Accessory,234.70,GBP,New without tags,,,artbooks2124,GB,,https://www.ebay.co.uk/itm/306640771886?_skw=Alexander+Mcqueen+Scarf&hash=item476536db2e:g:i-YAAeSwMX5pMEDp,,2026-03-09T13:14:57.685580+00:00,Alexander Mcqueen Scarf
ebay,v1|306640770403|0,Alexander McQueen Signature Skull Print Silk Scarf Black Designer Accessory,219.10,GBP,New without tags,,,artbooks2124,GB,,https://www.ebay.co.uk/itm/306640770403?_skw=Alexander+Mcqueen+Scarf&hash=item476536d563:g:aBgAAeSwyqZpMECS,,2026-03-09T13:14:57.685583+00:00,Alexander Mcqueen Scarf
ebay,v1|306640766540|0,Alexander McQueen Signature Skull Print Silk Scarf White Designer Accessory,234.70,GBP,New without tags,,,artbooks2124,GB,,https://www.ebay.co.uk/itm/306640766540?_skw=Alexander+Mcqueen+Scarf&hash=item476536c64c:g:DlIAAeSwPYppMD4J,,2026-03-09T13:14:57.685587+00:00,Alexander Mcqueen Scarf
ebay,v1|317619104233|0,Alexander McQueen Signature Skull Print Silk Scarf Grey Designer Accessory,120.00,GBP,Pre-owned - Excellent,,,helenanddouglashouse,GB,,https://www.ebay.co.uk/itm/317619104233?_skw=Alexander+Mcqueen+Scarf&hash=item49f392e9e9:g:amAAAeSwuylpMDRP,,2026-03-09T13:14:57.685590+00:00,Alexander Mcqueen Scarf
ebay,v1|257240862096|0,McQ Alexander McQueen Neon Yellow And Blue Square Silk Scarf,52.70,GBP,Pre-owned - Excellent,,,libbylemonade,GB,,https://www.ebay.co.uk/itm/257240862096?_skw=Alexander+Mcqueen+Scarf&hash=item3be4c00d90:g:VgMAAeSwQBBpL0y1,,2026-03-09T13:14:57.685594+00:00,Alexander Mcqueen Scarf
ebay,v1|177635838257|0,ALEXANDER MCQUEEN FORMAL PATCHWORK PAISLEY EMBROIDERED SCARF SILK CASHMERE MIX,129.00,GBP,New with tags,,,127saltnpepper,GB,,https://www.ebay.co.uk/itm/177635838257?_skw=Alexander+Mcqueen+Scarf&hash=item295bebc931:g:W7sAAOSwSWVlCN4O,,2026-03-09T13:14:57.685604+00:00,Alexander Mcqueen Scarf
ebay,v1|197915024846|0,ALEXANDER MCQUEEN BLACK MULTICOLOURED DREAM SHELL SCARF PASHMINA MODAL MIX,110.00,GBP,New with tags,,,127saltnpepper,GB,,https://www.ebay.co.uk/itm/197915024846?_skw=Alexander+Mcqueen+Scarf&hash=item2e14a79dce:g:g5YAAOSw5JhjC8vH,,2026-03-09T13:14:57.685608+00:00,Alexander Mcqueen Scarf
ebay,v1|197915024849|0,ALEXANDER MCQUEEN RED & BEIGE VORTEX BIKER SCARF UNISEX,155.00,GBP,New with tags,,,127saltnpepper,GB,,https://www.ebay.co.uk/itm/197915024849?_skw=Alexander+Mcqueen+Scarf&hash=item2e14a79dd1:g:2VsAAOSwKDhnRP5m,,2026-03-09T13:14:57.685612+00:00,Alexander Mcqueen Scarf
ebay,v1|177635838242|0,ALEXANDER MCQUEEN REVERSIBLE UPSIDE DOWN SKULL WOOL SCARF IN SAPPHIRE & BEIGE,159.99,GBP,New with tags,,,127saltnpepper,GB,,https://www.ebay.co.uk/itm/177635838242?_skw=Alexander+Mcqueen+Scarf&hash=item295bebc922:g:c2kAAOSwBIVnRinu,,2026-03-09T13:14:57.685615+00:00,Alexander Mcqueen Scarf
ebay,v1|177635838243|0,RARE UNISEX ALEXANDER MCQUEEN BIKER LOGO PATCH BLACK AND RED WOOL SCARF RP £540,269.99,GBP,New with tags,,,127saltnpepper,GB,,https://www.ebay.co.uk/itm/177635838243?_skw=Alexander+Mcqueen+Scarf&hash=item295bebc923:g:SQYAAOSw2qBgE0Ab,,2026-03-09T13:14:57.685618+00:00,Alexander Mcqueen Scarf
ebay,v1|177635838244|0,BN ALEXANDER McQUEEN TASSELLED RED & GREY UPSIDE DOWN SKULL SCARF WOVEN WOOL,169.99,GBP,New with tags,,,127saltnpepper,GB,,https://www.ebay.co.uk/itm/177635838244?_skw=Alexander+Mcqueen+Scarf&hash=item295bebc924:g:C9YAAOSwXgljPK6B,,2026-03-09T13:14:57.685623+00:00,Alexander Mcqueen Scarf
ebay,v1|177635838245|0,NEW ALEXANDER MCQUEEN PINK GRAFFITI LOGO WOOL SCARF,159.00,GBP,New with tags,,,127saltnpepper,GB,,https://www.ebay.co.uk/itm/177635838245?_skw=Alexander+Mcqueen+Scarf&hash=item295bebc925:g:zbQAAeSw6n9oq5FF,,2026-03-09T13:14:57.685627+00:00,Alexander Mcqueen Scarf
ebay,v1|197915024821|0,ALEXANDER MCQUEEN BLACK MULTICOLOURED JAPANESE SCENE PRINT FLORAL SCARF MODAL,115.00,GBP,New with tags,,,127saltnpepper,GB,,https://www.ebay.co.uk/itm/197915024821?_skw=Alexander+Mcqueen+Scarf&hash=item2e14a79db5:g:zdMAAOSwMttjC6-n,,2026-03-09T13:14:57.685630+00:00,Alexander Mcqueen Scarf
ebay,v1|197915021452|0,ALEXANDER MCQUEEN BLACK KNITTED GRAFFITI WOOL SCARF,200.00,GBP,New with tags,,,127saltnpepper,GB,,https://www.ebay.co.uk/itm/197915021452?_skw=Alexander+Mcqueen+Scarf&hash=item2e14a7908c:g:vKIAAeSwQ~9ookRd,,2026-03-09T13:14:57.685633+00:00,Alexander Mcqueen Scarf
ebay,v1|376744977488|0,Rare Black and White Skull Alexander McQueen Large Scarf 100% Silk,250.30,GBP,Pre-owned - Excellent,,,juliriege-0,GB,,https://www.ebay.co.uk/itm/376744977488?_skw=Alexander+Mcqueen+Scarf&hash=item57b7c02450:g:tVoAAeSwAgFpLbjm,,2026-03-09T13:14:57.685638+00:00,Alexander Mcqueen Scarf
ebay,v1|205888382037|0,Alexander McQueen Scarf,182.70,GBP,Pre-owned - Excellent,,,kat786,GB,,https://www.ebay.co.uk/itm/205888382037?_skw=Alexander+Mcqueen+Scarf&hash=item2fefe76455:g:6u4AAeSwGH5pLYv0,,2026-03-09T13:14:57.685640+00:00,Alexander Mcqueen Scarf
ebay,v1|127530216467|0,Alexander McQueen Pashmina Foulard Scarf Jewelled Big Skulls Wool Blend BNWT,175.00,GBP,New with tags,,,mickfeld,GB,,https://www.ebay.co.uk/itm/127530216467?_skw=Alexander+Mcqueen+Scarf&hash=item1db164ac13:g:mRsAAeSwnutpKW-u,,2026-03-09T13:14:57.685643+00:00,Alexander Mcqueen Scarf
ebay,v1|297795641249|0,Alexander McQueen 100% Silk Skull Scarf Grey BNWT,259.66,GBP,New with tags,,,therailtoday,GB,,https://www.ebay.co.uk/itm/297795641249?_skw=Alexander+Mcqueen+Scarf&hash=item455600dfa1:g:SJIAAeSwiEppJzsl,,2026-03-09T13:14:57.685658+00:00,Alexander Mcqueen Scarf
ebay,v1|277534686628|0,Women’s Pink Alexander McQueen Scarf Brand New 100% Authentic with Tags,68.30,GBP,New with tags,,,joannetodd,GB,,https://www.ebay.co.uk/itm/277534686628?_skw=Alexander+Mcqueen+Scarf&hash=item409e5b3da4:g:fqUAAeSwuWVpJs69,,2026-03-09T13:14:57.685662+00:00,Alexander Mcqueen Scarf
ebay,v1|397311246384|0,Alexander McQueen Graffiti Modal Scarf,130.70,GBP,New with tags,,,ihlas-0,GB,,https://www.ebay.co.uk/itm/397311246384?_skw=Alexander+Mcqueen+Scarf&hash=item5c81988030:g:RpoAAeSwsI5pI0CM,,2026-03-09T13:14:57.685665+00:00,Alexander Mcqueen Scarf
ebay,v1|127519122001|0,Alexander McQueen Silk Mix Chiffon Scarf Thorn In My Heart New With Tags,185.00,GBP,New with tags,,,mickfeld,GB,,https://www.ebay.co.uk/itm/127519122001?_skw=Alexander+Mcqueen+Scarf&hash=item1db0bb6251:g:nVkAAeSwRv9pIw6C,,2026-03-09T13:14:57.685668+00:00,Alexander Mcqueen Scarf
ebay,v1|127519032435|0,Alexander McQueen Women's Scarf Dagger Tattoo New With Gift Box,205.00,GBP,New with tags,,,mickfeld,GB,,https://www.ebay.co.uk/itm/127519032435?_skw=Alexander+Mcqueen+Scarf&hash=item1db0ba0473:g:0koAAeSw8r5pIwSq,,2026-03-09T13:14:57.685673+00:00,Alexander Mcqueen Scarf
ebay,v1|286955455183|0,Alexander McQueen Silver / Grey Skull Scarf,72.46,GBP,Pre-owned - Excellent,,,lz1979,GB,,https://www.ebay.co.uk/itm/286955455183?_skw=Alexander+Mcqueen+Scarf&hash=item42cfe0c2cf:g:AkQAAeSwpcppH01t,,2026-03-09T13:14:57.685676+00:00,Alexander Mcqueen Scarf
ebay,v1|357928469534|0,ALEXANDER MCQUEEN MONOCHROME SKULL DESIGN 50cm x 50cm SQUARE COTTON SCARF,95.99,GBP,New with tags,,,wxl67,GB,,https://www.ebay.co.uk/itm/357928469534?_skw=Alexander+Mcqueen+Scarf&hash=item535633041e:g:UjQAAOSwiXlnQ1Pj,,2026-03-09T13:14:57.685679+00:00,Alexander Mcqueen Scarf
ebay,v1|227076629840|0,Alexander McQueen Silk Skull Scarf,104.70,GBP,Pre-owned - Excellent,,,m2083,GB,,https://www.ebay.co.uk/itm/227076629840?_skw=Alexander+Mcqueen+Scarf&hash=item34ded26550:g:M2MAAeSwv9NpFveM,,2026-03-09T13:14:57.685687+00:00,Alexander Mcqueen Scarf
ebay,v1|257197749593|0,Alexander McQueen Tackling Skeletons Jacquared Silk Scarf Brand New RRP£275,149.00,GBP,New with tags,,,capitalistboy,GB,,https://www.ebay.co.uk/itm/257197749593?_skw=Alexander+Mcqueen+Scarf&hash=item3be22e3559:g:o0kAAeSwA71pD2Er,,2026-03-09T13:14:57.685690+00:00,Alexander Mcqueen Scarf
ebay,v1|336275915126|0,Alexander McQueen Paradise Skull Scarf Black/Pink Brand New RRP£285,175.00,GBP,New with tags,,,capitalistboy,GB,,https://www.ebay.co.uk/itm/336275915126?_skw=Alexander+Mcqueen+Scarf&hash=item4e4b9b4176:g:YdcAAeSwCB5pD1Tz,,2026-03-09T13:14:57.685694+00:00,Alexander Mcqueen Scarf
ebay,v1|297741674173|0,Alexander McQueen Pink Reversible Upside Down Skull Scarf 100% Wool 35*180cm,151.50,GBP,New with tags,,,beautifulsilverczjewellery,GB,,https://www.ebay.co.uk/itm/297741674173?_skw=Alexander+Mcqueen+Scarf&hash=item4552c966bd:g:Qy8AAeSwumhpDQ2D,,2026-03-09T13:14:57.685698+00:00,Alexander Mcqueen Scarf
ebay,v1|116862018139|0,Alexander McQueen Oversized Logo Cashmere Scarf Unisex RRP £380,127.46,GBP,New with tags,,,dfcloset,GB,,https://www.ebay.co.uk/itm/116862018139?_skw=Alexander+Mcqueen+Scarf&hash=item1b3584e25b:g:2RcAAeSw9WRpCldg,,2026-03-09T13:14:57.685701+00:00,Alexander Mcqueen Scarf
ebay,v1|167873758056|0,Alexander McQueen Silk Scarf,156.70,GBP,New with tags,,,xy-z27,GB,,https://www.ebay.co.uk/itm/167873758056?_skw=Alexander+Mcqueen+Scarf&hash=item27160e4368:g:hIwAAeSwRLto9rzl,,2026-03-09T13:14:57.685704+00:00,Alexander Mcqueen Scarf
ebay,v1|306558953722|0,Alexander McQueen Damien Hirst Scarf Capaneus Ink Blue Butterfly Silk BNWT ⭐️,748.24,GBP,New with tags,,,way-beyond-fabulous,GB,,https://www.ebay.co.uk/itm/306558953722?_skw=Alexander+Mcqueen+Scarf&hash=item47605668fa:g:mvoAAOSwyQRkibxo,,2026-03-09T13:14:57.685707+00:00,Alexander Mcqueen Scarf
ebay,v1|306558721023|0,Alexander McQueen Damien Hirst Scarf Judecca  Butterfly Silk Rare Ltd Ed New,748.24,GBP,New with tags,,,way-beyond-fabulous,GB,,https://www.ebay.co.uk/itm/306558721023?_skw=Alexander+Mcqueen+Scarf&hash=item476052dbff:g:zoQAAOSwYXtlWhRG,,2026-03-09T13:14:57.685710+00:00,Alexander Mcqueen Scarf
ebay,v1|306558716588|0,Damien Hirst  Alexander McQueen Scarf Persephone Butterfly Silk Chiffon Ltd Ed,748.24,GBP,New with tags,,,way-beyond-fabulous,GB,,https://www.ebay.co.uk/itm/306558716588?_skw=Alexander+Mcqueen+Scarf&hash=item476052caac:g:ZR8AAOSwgW1ka1Z3,,2026-03-09T13:14:57.685713+00:00,Alexander Mcqueen Scarf
ebay,v1|306558710550|0,Alexander McQueen Damien Hirst Scarf  Psalm 113 Skull Butterfly Silk Chiffon 🦋,748.99,GBP,New with tags,,,way-beyond-fabulous,GB,,https://www.ebay.co.uk/itm/306558710550?_skw=Alexander+Mcqueen+Scarf&hash=item476052b316:g:9MkAAOSw~5Fkd0uw,,2026-03-09T13:14:57.685717+00:00,Alexander Mcqueen Scarf
ebay,v1|257164400795|0,Alexander McQueen Biker Skull Silk Twill Scarf Brand New,149.00,GBP,New with tags,,,capitalistboy,GB,,https://www.ebay.co.uk/itm/257164400795?_skw=Alexander+Mcqueen+Scarf&hash=item3be031589b:g:8oYAAeSwM75o9Pim,,2026-03-09T13:14:57.685721+00:00,Alexander Mcqueen Scarf
ebay,v1|277726172386|0,Alexander McQueen Silk Skull Scarf 100%,182.70,GBP,New with tags,,,euphemia1933,GB,,https://www.ebay.co.uk/itm/277726172386?_skw=Alexander+Mcqueen+Scarf&hash=item40a9c514e2:g:8NQAAeSwdeNo8ko4,,2026-03-09T13:14:57.685724+00:00,Alexander Mcqueen Scarf
ebay,v1|357756014094|0,"Alexander McQueen Skull' Chiffon Scarf, Black, One Size",100.00,GBP,Pre-owned - Fair,,,nybestdeals2,GB,,https://www.ebay.co.uk/itm/357756014094?_skw=Alexander+Mcqueen+Scarf&hash=item534beb8e0e:g:4EQAAeSwBDxo75-l,,2026-03-09T13:14:57.685727+00:00,Alexander Mcqueen Scarf
ebay,v1|116823194606|0,Alexander McQueen Selvedge Ribbon Wool Scarf 215cm X15cm Black And Red Unisex,149.95,GBP,New with tags,,,dfcloset,GB,,https://www.ebay.co.uk/itm/116823194606?_skw=Alexander+Mcqueen+Scarf&hash=item1b33347bee:g:2nMAAeSwMr9o6sut,,2026-03-09T13:14:57.685730+00:00,Alexander Mcqueen Scarf
ebay,v1|397473394530|0,"Alexander McQueen Red/Raspberry, 100% XL CASHMERE SCARF / PASHMINA RRP £590",229.50,GBP,New with tags,,,brand-3517,GB,,https://www.ebay.co.uk/itm/397473394530?_skw=Alexander+Mcqueen+Scarf&hash=item5c8b42af62:g:J30AAeSwKQRo5pER,,2026-03-09T13:14:57.685733+00:00,Alexander Mcqueen Scarf
ebay,v1|127413853191|0,Alexander McQueen Women's Scarf / Shawl- Blue Circus Figures Design,260.70,GBP,Pre-owned - Excellent,,,ckslondon,GB,,https://www.ebay.co.uk/itm/127413853191?_skw=Alexander+Mcqueen+Scarf&hash=item1daa751c07:g:RBgAAeSw~fJo4lVH,,2026-03-09T13:14:57.685737+00:00,Alexander Mcqueen Scarf
ebay,v1|127412883815|0,Alexander McQueen Wool Scarf  - “metamorphosis “ Pink And Orange - Unisex - Wool,219.10,GBP,New with tags,,,ckslondon,GB,,https://www.ebay.co.uk/itm/127412883815?_skw=Alexander+Mcqueen+Scarf&hash=item1daa665167:g:dMMAAeSwxS9o6fdc,,2026-03-09T13:14:57.685741+00:00,Alexander Mcqueen Scarf
ebay,v1|127570775454|0,ALEXANDER McQUEEN Savage Beauty Snake Print 100% Silk Scarf BMWT Very Rare,2041.60,GBP,New with tags,,,silkmerc60,GB,,https://www.ebay.co.uk/itm/127570775454?_skw=Alexander+Mcqueen+Scarf&hash=item1db3cf8d9e:g:EMoAAeSwzydo4SG2,,2026-03-09T13:14:57.685744+00:00,Alexander Mcqueen Scarf
ebay,v1|187618971750|0,Alexander McQueen Silk Skull Scarf,89.10,GBP,Pre-owned - Good,,,hutchinl14,GB,,https://www.ebay.co.uk/itm/187618971750?_skw=Alexander+Mcqueen+Scarf&hash=item2baef65066:g:wKQAAeSwYb1o36Ng,,2026-03-09T13:14:57.685747+00:00,Alexander Mcqueen Scarf
ebay,v1|127403967312|0,Alexander McQueen reversible Scarf /wrap Birds Swallows Purple Wool,150.02,GBP,Pre-owned - Excellent,,,mostlylucaswardrobe,GB,,https://www.ebay.co.uk/itm/127403967312?_skw=Alexander+Mcqueen+Scarf&hash=item1da9de4350:g:DHMAAeSw8vVo27f4,,2026-03-09T13:14:57.685750+00:00,Alexander Mcqueen Scarf
ebay,v1|365888814647|0,Alexander McQueen Skull Scarf Grey Ivory Silk Made in Italy Designer Wrap,68.30,GBP,Pre-owned - Good,,,thelabeledit,GB,,https://www.ebay.co.uk/itm/365888814647?_skw=Alexander+Mcqueen+Scarf&hash=item5530ac3e37:g:OScAAeSwg5Vo2LL4,,2026-03-09T13:14:57.685753+00:00,Alexander Mcqueen Scarf
ebay,v1|286843709259|0,Alexander McQueen Women's Scarf  Classic On Biker,109.87,GBP,New with tags,,,samnacho,GB,,https://www.ebay.co.uk/itm/286843709259?_skw=Alexander+Mcqueen+Scarf&hash=item42c937a74b:g:OZgAAeSweqBo18d5,,2026-03-09T13:14:57.685757+00:00,Alexander Mcqueen Scarf
ebay,v1|376570050110|0,Alexander Mcqueen yellow silk skull scarf excellent condition never worn,130.70,GBP,New without tags,,,ambmit52,GB,,https://www.ebay.co.uk/itm/376570050110?_skw=Alexander+Mcqueen+Scarf&hash=item57ad52f63e:g:M~MAAeSwMOxo0nSq,,2026-03-09T13:14:57.685761+00:00,Alexander Mcqueen Scarf
ebay,v1|357588352962|0,Alexander McQueen Skull Scarf 120x140cm 100% Genuine Blue,182.70,GBP,New without tags,,,p5nbg38,GB,,https://www.ebay.co.uk/itm/357588352962?_skw=Alexander+Mcqueen+Scarf&hash=item5341ed3fc2:g:G1IAAeSwvpVovrL9,,2026-03-09T13:14:57.685765+00:00,Alexander Mcqueen Scarf
ebay,v1|297545243508|0,Alexander McQueen Tassle Scarf,185.00,GBP,New without tags,,,applebee1000,GB,,https://www.ebay.co.uk/itm/297545243508?_skw=Alexander+Mcqueen+Scarf&hash=item4547141b74:g:hGAAAeSwNfBooI0Q,,2026-03-09T13:14:57.685772+00:00,Alexander Mcqueen Scarf
ebay,v1|317183562348|0,Alexander McQueen wool Chained ⛓️ Skull Scarf  Red Black  47CMx195cm RRP £280,160.38,GBP,New with tags,,,designerbagsandbits2022,GB,,https://www.ebay.co.uk/itm/317183562348?_skw=Alexander+Mcqueen+Scarf&hash=item49d99d126c:g:1sAAAeSw6BFooGJc,,2026-03-09T13:14:57.685775+00:00,Alexander Mcqueen Scarf
ebay,v1|406552768968|0,ALEXANDER MCQUEEN LADIES RED & WHITE SKULL CHIFFON SCARF,89.10,GBP,New with tags,,,greentree78,GB,,https://www.ebay.co.uk/itm/406552768968?_skw=Alexander+Mcqueen+Scarf&hash=item5ea86ef1c8:g:-GkAAeSwGIxoiUhw,,2026-03-09T13:14:57.685781+00:00,Alexander Mcqueen Scarf
ebay,v1|117064166254|0,Alexander McQueen MCQ Luxury Oversized Large 100% Wool Grey Fringed Scarf Unisex,129.95,GBP,Pre-owned - Excellent,,,elfie-martini,GB,,https://www.ebay.co.uk/itm/117064166254?_skw=Alexander+Mcqueen+Scarf&hash=item1b41916b6e:g:NuwAAeSwNJVoe9rL,,2026-03-09T13:14:57.685783+00:00,Alexander Mcqueen Scarf
ebay,v1|127218489015|0,Alexander McQueen -Pashmina Shawl- Black Pink Wool Skull Print Square Scarf,277.56,GBP,New with tags,,,mignonboutiquelondon,GB,,https://www.ebay.co.uk/itm/127218489015?_skw=Alexander+Mcqueen+Scarf&hash=item1d9ed016b7:g:RB0AAOSwdnJlwzls,,2026-03-09T13:14:57.685790+00:00,Alexander Mcqueen Scarf
ebay,v1|157133734383|0,Alexander McQueen silk scarf.,89.10,GBP,Pre-owned - Good,,,bev1593,GB,,https://www.ebay.co.uk/itm/157133734383?_skw=Alexander+Mcqueen+Scarf&hash=item2495e681ef:g:~hIAAeSwSwNoYBas,,2026-03-09T13:14:57.685793+00:00,Alexander Mcqueen Scarf
ebay,v1|287123939174|0,Authentic Large Alexander McQueen Shawl Scarf Floral Skull Beige Excellent Cond,102.62,GBP,Pre-owned - Good,,,maker_shaker,GB,,https://www.ebay.co.uk/itm/287123939174?_skw=Alexander+Mcqueen+Scarf&hash=item42d9eb9f66:g:nCEAAOSwtLVoNyss,,2026-03-09T13:14:57.685799+00:00,Alexander Mcqueen Scarf
ebay,v1|297352326611|0,Alexander McQueen Red And White Silk Skull Scarf,83.90,GBP,Pre-owned - Good,,,fabriccabin,GB,,https://www.ebay.co.uk/itm/297352326611?_skw=Alexander+Mcqueen+Scarf&hash=item453b946dd3:g:hEYAAeSwstJoNvUX,,2026-03-09T13:14:57.685802+00:00,Alexander Mcqueen Scarf
ebay,v1|356959627554|0,alexander mcQueen yellow and black scarf,103.66,GBP,New without tags,,,cordpavl-0,GB,,https://www.ebay.co.uk/itm/356959627554?_skw=Alexander+Mcqueen+Scarf&hash=item531c73a922:g:x1sAAOSwvShoMb48,,2026-03-09T13:14:57.685805+00:00,Alexander Mcqueen Scarf
ebay,v1|396592760792|0,"Scarf SHAWL ALEXANDER McQUEEN NEW Black and white,New Collection!RRP 300 SKULL",197.26,GBP,New without tags,,,pijac26,GB,,https://www.ebay.co.uk/itm/396592760792?_skw=Alexander+Mcqueen+Scarf&hash=item5c56c547d8:g:kJgAAOSw21pfvCea,,2026-03-09T13:14:57.685808+00:00,Alexander Mcqueen Scarf
ebay,v1|256925646333|0,Alexander McQueen Scarf,104.70,GBP,New without tags,,,zhuk093,GB,,https://www.ebay.co.uk/itm/256925646333?_skw=Alexander+Mcqueen+Scarf&hash=item3bd1f63dfd:g:MdYAAeSw1khoHik2,,2026-03-09T13:14:57.685812+00:00,Alexander Mcqueen Scarf
ebay,v1|226726961704|0,Alexander McQueen Women's Scarf with Biker Skull Print hot pink silk chiffon,66.22,GBP,New without tags,,,bfk2018,GB,,https://www.ebay.co.uk/itm/226726961704?_skw=Alexander+Mcqueen+Scarf&hash=item34c9fae228:g:DPQAAeSwPrtoENOB,,2026-03-09T13:14:57.685815+00:00,Alexander Mcqueen Scarf
ebay,v1|335908665904|0,Alexander McQueen Red Black Orchid Skull Scarf Model Silk Mens Brand New RRP£280,155.00,GBP,New with tags,,,capitalistboy,GB,,https://www.ebay.co.uk/itm/335908665904?_skw=Alexander+Mcqueen+Scarf&hash=item4e35b77a30:g:9e4AAOSw84ln-oE~,,2026-03-09T13:14:57.685821+00:00,Alexander Mcqueen Scarf
ebay,v1|405729706600|0,Alexander McQueen Silk Skull Scarf In Ivory And Black,208.70,GBP,New with tags,,,boujeelala,GB,,https://www.ebay.co.uk/itm/405729706600?_skw=Alexander+Mcqueen+Scarf&hash=item5e77600268:g:IdkAAeSwWZNn8bxn,,2026-03-09T13:14:57.685825+00:00,Alexander Mcqueen Scarf
ebay,v1|146497068269|0,Alexander McQueen yellow large Scarf 100% fine wool 138x138cm,83.90,GBP,Pre-owned - Good,,,evarose_mcmxxciii,GB,,https://www.ebay.co.uk/itm/146497068269?_skw=Alexander+Mcqueen+Scarf&hash=item221be7dced:g:9McAAOSww2Jk1nrD,,2026-03-09T13:14:57.685829+00:00,Alexander Mcqueen Scarf
ebay,v1|256878124088|0,Alexander McQueen Scarf,104.70,GBP,Pre-owned - Good,,,kjlath0000,GB,,https://www.ebay.co.uk/itm/256878124088?_skw=Alexander+Mcqueen+Scarf&hash=item3bcf211c38:g:udoAAeSwFjJn6719,,2026-03-09T13:14:57.685832+00:00,Alexander Mcqueen Scarf
ebay,v1|156810640706|0,ALEXANDER McQUEEN Grey Biker Skull Scarf Shawl Wrap 100cm x 120cm UNISEX,125.50,GBP,Pre-owned - Good,,,lovedanielsworld,GB,,https://www.ebay.co.uk/itm/156810640706?_skw=Alexander+Mcqueen+Scarf&hash=item2482a47d42:g:gYwAAeSwvu5n2o4D,,2026-03-09T13:14:57.685840+00:00,Alexander Mcqueen Scarf
ebay,v1|297091906814|0,alexander mcqueen scarf,130.70,GBP,New with tags,,,kuz-137,GB,,https://www.ebay.co.uk/itm/297091906814?_skw=Alexander+Mcqueen+Scarf&hash=item452c0ebcfe:g:fcMAAeSw~PRnyxqT,,2026-03-09T13:14:57.685843+00:00,Alexander Mcqueen Scarf
ebay,v1|156747785232|0,Alexander Mcqueen Silk Burgundy/Dark Red Scarf,130.70,GBP,New with tags,,,npatel214,GB,,https://www.ebay.co.uk/itm/156747785232?_skw=Alexander+Mcqueen+Scarf&hash=item247ee56410:g:rG4AAeSwtktnww~x,,2026-03-09T13:14:57.685846+00:00,Alexander Mcqueen Scarf
ebay,v1|157599871807|0,Alexander McQueen Ghost Face Scarf,156.70,GBP,Pre-owned - Good,,,sarob_6286,GB,,https://www.ebay.co.uk/itm/157599871807?_skw=Alexander+Mcqueen+Scarf&hash=item24b1af333f:g:-uIAAOSwjfpnoxRt,,2026-03-09T13:14:57.685852+00:00,Alexander Mcqueen Scarf
ebay,v1|335900229025|0,Alexander McQueen Pink Silk Leopard Print Skull Scarf. RARE,95.00,GBP,Pre-owned - Good,,,sparky_88,GB,,https://www.ebay.co.uk/itm/335900229025?_skw=Alexander+Mcqueen+Scarf&hash=item4e3536bda1:g:Xn4AAOSwGulnm7eE,,2026-03-09T13:14:57.685856+00:00,Alexander Mcqueen Scarf
ebay,v1|176790077762|0,alexander mcqueen silk skull scarf,187.90,GBP,New with tags,,,minibertgilbert,GB,,https://www.ebay.co.uk/itm/176790077762?_skw=Alexander+Mcqueen+Scarf&hash=item2929828142:g:cbwAAOSw-cdnhmKL,,2026-03-09T13:14:57.685860+00:00,Alexander Mcqueen Scarf
ebay,v1|135493479379|0,Alexander McQueen silk skull scarf,104.70,GBP,New without tags,,,tuesdayredcat,GB,,https://www.ebay.co.uk/itm/135493479379?_skw=Alexander+Mcqueen+Scarf&hash=item1f8c0a6bd3:g:YUYAAOSwmRNnglvQ,,2026-03-09T13:14:57.685863+00:00,Alexander Mcqueen Scarf
ebay,v1|235900975555|0,"Alexander McQueen Damien Hirst Magisterium Skull' Large Silk Scarf, 2014",363.70,GBP,New without tags,,,loveheart13,GB,,https://www.ebay.co.uk/itm/235900975555?_skw=Alexander+Mcqueen+Scarf&hash=item36eccb39c3:g:AwEAAOSw7UdnevFx,,2026-03-09T13:14:57.685867+00:00,Alexander Mcqueen Scarf
ebay,v1|396090941336|0,Vintage Alexander McQueen Scarf (Missing Tag),26.70,GBP,Pre-owned - Good,,,jodia_10,GB,,https://www.ebay.co.uk/itm/396090941336?_skw=Alexander+Mcqueen+Scarf&hash=item5c38dc1f98:g:xT8AAOSwLiVnebxg,,2026-03-09T13:14:57.685870+00:00,Alexander Mcqueen Scarf
ebay,v1|396089984776|0,Alexander McQueen Scarf Gold/Black Skulls,155.70,GBP,New with tags,,,zaco-9979,GB,,https://www.ebay.co.uk/itm/396089984776?_skw=Alexander+Mcqueen+Scarf&hash=item5c38cd8708:g:HjgAAOSwVsxneVmY,,2026-03-09T13:14:57.685873+00:00,Alexander Mcqueen Scarf
ebay,v1|396074979992|0,Alexander Mcqueen Scarf Skull Silk Blend Black Orange 120x140cm BNWT Authentic,125.50,GBP,New with tags,,,highendhub,GB,,https://www.ebay.co.uk/itm/396074979992?_skw=Alexander+Mcqueen+Scarf&hash=item5c37e89298:g:XgQAAOSw98xnc4R8,,2026-03-09T13:14:57.685877+00:00,Alexander Mcqueen Scarf
ebay,v1|276782736381|0,Alexander McQueen Classic Silk Scarf,187.90,GBP,Pre-owned - Good,,,agagusia85,GB,,https://www.ebay.co.uk/itm/276782736381?_skw=Alexander+Mcqueen+Scarf&hash=item40718963fd:g:dkQAAOSwKSdnYb0R,,2026-03-09T13:14:57.685880+00:00,Alexander Mcqueen Scarf
ebay,v1|226498999227|0,Alexander McQueen Wool Scarf Swallow Design / Wrap / Shawl,150.00,GBP,Pre-owned - Good,,,aureatus,GB,,https://www.ebay.co.uk/itm/226498999227?_skw=Alexander+Mcqueen+Scarf&hash=item34bc6473bb:g:I98AAOSwWoVmTw8g,,2026-03-09T13:14:57.685884+00:00,Alexander Mcqueen Scarf
ebay,v1|406280640338|0,McQ Alexander McQueen Scarf Chunky Knit Pink Long Unisex Fringed Made In Italy,103.66,GBP,Pre-owned - Good,,,highend-odette,GB,,https://www.ebay.co.uk/itm/406280640338?_skw=Alexander+Mcqueen+Scarf&hash=item5e98369752:g:w4YAAOSwYARnWM-P,,2026-03-09T13:14:57.685887+00:00,Alexander Mcqueen Scarf
ebay,v1|286189278767|0,ALEXANDER MCQUEEN BLACK COTTON SCARF,1328.00,GBP,Pre-owned - Good,,,nikkibradford,GB,,https://www.ebay.co.uk/itm/286189278767?_skw=Alexander+Mcqueen+Scarf&hash=item42a235d62f:g:0jYAAOSwfbtnSaeN,,2026-03-09T13:14:57.685890+00:00,Alexander Mcqueen Scarf
ebay,v1|186780923355|0,"MCQ Alexander McQueen  HUGE black & grey 'tribal markings' scarf, wool, NEW",99.50,GBP,New without tags,,,k.t.o,GB,,https://www.ebay.co.uk/itm/186780923355?_skw=Alexander+Mcqueen+Scarf&hash=item2b7d02b5db:g:9Q8AAOSwdllnNMrd,,2026-03-09T13:14:57.685896+00:00,Alexander Mcqueen Scarf
ebay,v1|315880755027|0,"Women's ALEXANDER MCQUEEN Skull print silk scarf, never used , RRPnew £280",125.50,GBP,New without tags,,,jasto-9724,GB,,https://www.ebay.co.uk/itm/315880755027?_skw=Alexander+Mcqueen+Scarf&hash=item498bf5cf53:g:ItcAAOSw6fFnGQqW,,2026-03-09T13:14:57.685899+00:00,Alexander Mcqueen Scarf
ebay,v1|376996644218|0,"Alexander McQueen Blue Scarf,",94.99,GBP,Pre-owned - Good,,,the.cirkel,GB,,https://www.ebay.co.uk/itm/376996644218?_skw=Alexander+Mcqueen+Scarf&hash=item57c6c0457a:g:NfAAAeSwupBovqU-,,2026-03-09T13:14:57.685912+00:00,Alexander Mcqueen Scarf
ebay,v1|336419416136|0,BRAND NEW GENUINE ALEXANDER McQUEEN SKULL PRINT SCARF COST £235,130.70,GBP,New with tags,,,maxman26,GB,,https://www.ebay.co.uk/itm/336419416136?_skw=Alexander+Mcqueen+Scarf&hash=item4e5428e848:g:fa4AAOSwQ9lcBwzD,,2026-03-09T13:14:57.685918+00:00,Alexander Mcqueen Scarf
ebay,v1|196526655836|0,alexander mcqueen scarf: Skull Foulard (as worn by Charlie xcx,104.70,GBP,Pre-owned - Good,,,adtar16,GB,,https://www.ebay.co.uk/itm/196526655836?_skw=Alexander+Mcqueen+Scarf&hash=item2dc1e6c95c:g:5GwAAOSwfWhmpSLC,,2026-03-09T13:14:57.685924+00:00,Alexander Mcqueen Scarf
ebay,v1|116253330765|0,New Alexander McQueen Black Silk Sculls & Hearts Print Tasseled Scarf,156.70,GBP,New without tags,,,ladyanng,GB,,https://www.ebay.co.uk/itm/116253330765?_skw=Alexander+Mcqueen+Scarf&hash=item1b113d0d4d:g:6kcAAOSwZUVmlEsO,,2026-03-09T13:14:57.685929+00:00,Alexander Mcqueen Scarf
ebay,v1|315434091265|0,Alexander Mcqueen Vintage Silk Skull And Snake scarf,182.70,GBP,New with tags,,,geormack55,GB,,https://www.ebay.co.uk/itm/315434091265?_skw=Alexander+Mcqueen+Scarf&hash=item4971564301:g:OLIAAOSwwjxnJPsp,,2026-03-09T13:14:57.685932+00:00,Alexander Mcqueen Scarf
ebay,v1|405010465053|0,Alexander McQueen Scarf Silk & Cashmere Light Blend Large Shawl Reversible,281.49,GBP,Pre-owned - Good,,,theboutiquebeyond,GB,,https://www.ebay.co.uk/itm/405010465053?_skw=Alexander+Mcqueen+Scarf&hash=item5e4c81411d:g:WWUAAOSwfudmWt8v,,2026-03-09T13:14:57.685935+00:00,Alexander Mcqueen Scarf
ebay,v1|136723942092|0,ALEXANDER MCQUEEN Black & White Skull Patterned Scarf - 120cm X 140cm,119.99,GBP,New with tags,,,sony-z8,GB,,https://www.ebay.co.uk/itm/136723942092?_skw=Alexander+Mcqueen+Scarf&hash=item1fd561cacc:g:4S0AAOSwcXBmDyZ9,,2026-03-09T13:14:57.685938+00:00,Alexander Mcqueen Scarf
ebay,v1|326283118559|0,Alexander McQueen savage beauty V&A scarf,208.70,GBP,New with tags,,,nick-hanni,GB,,https://www.ebay.co.uk/itm/326283118559?_skw=Alexander+Mcqueen+Scarf&hash=item4bf7fd47df:g:UbUAAOSwa3tmDuSa,,2026-03-09T13:14:57.685941+00:00,Alexander Mcqueen Scarf
ebay,v1|355489079462|0,"Alexander McQueen, women scarf, red/multicolor, excellent condition, no defects",198.30,GBP,Pre-owned - Good,,,evgstama0,GB,,https://www.ebay.co.uk/itm/355489079462?_skw=Alexander+Mcqueen+Scarf&hash=item52c4cce0a6:g:Uj0AAOSwtxll2du6,,2026-03-09T13:14:57.685944+00:00,Alexander Mcqueen Scarf
ebay,v1|136083490110|0,Alexander McQueen 100% Modal Rare Red & Black Skull Print Scarf New,109.99,GBP,New with tags,,,sony-z8,GB,,https://www.ebay.co.uk/itm/136083490110?_skw=Alexander+Mcqueen+Scarf&hash=item1faf35453e:g:e14AAOSwGH9knFDD,,2026-03-09T13:14:57.685946+00:00,Alexander Mcqueen Scarf
ebay,v1|186264698689|0,Alexander mcqueen scarf,63.10,GBP,New without tags,,,tuffi2007,GB,,https://www.ebay.co.uk/itm/186264698689?_skw=Alexander+Mcqueen+Scarf&hash=item2b5e3dbf41:g:cXYAAOSwLx1lrqob,,2026-03-09T13:14:57.685949+00:00,Alexander Mcqueen Scarf
ebay,v1|404742987217|0,ALEXANDER MCQUEEN SCARF WOOL SKULL  BLACK AND WHITE  SKULL-PRINT WOOL SCARF,227.00,GBP,New with imperfections,,,feelgoodfashion13,GB,,https://www.ebay.co.uk/itm/404742987217?_skw=Alexander+Mcqueen+Scarf&hash=item5e3c8fddd1:g:XN4AAOSwWmVlpFZj,,2026-03-09T13:14:57.685953+00:00,Alexander Mcqueen Scarf
ebay,v1|395088672857|0,"Scarf SHAWL ALEXANDER McQUEEN NEW, BLUE AND YELLOW, New Collection RRP 300 SKULL",228.46,GBP,New without tags,,,pijac26,GB,,https://www.ebay.co.uk/itm/395088672857?_skw=Alexander+Mcqueen+Scarf&hash=item5bfd1eb859:g:vaoAAOSwMuxlib2n,,2026-03-09T13:14:57.685956+00:00,Alexander Mcqueen Scarf
ebay,v1|256343647955|0,Alexander McQueen 100% Pure Silk Scarf Skull Print Black Gold Used Neck scarfs,156.70,GBP,Pre-owned - Good,,,star7263849,GB,,https://www.ebay.co.uk/itm/256343647955?_skw=Alexander+Mcqueen+Scarf&hash=item3baf45a6d3:g:LH8AAOSw7udlfN7O,,2026-03-09T13:14:57.685959+00:00,Alexander Mcqueen Scarf
ebay,v1|296111047915|0,Alexander McQueen Striped Cotton Scarf,135.00,GBP,New with tags,,,applebee1000,GB,,https://www.ebay.co.uk/itm/296111047915?_skw=Alexander+Mcqueen+Scarf&hash=item44f19804eb:g:KnsAAOSwfkVlfMds,,2026-03-09T13:14:57.685961+00:00,Alexander Mcqueen Scarf
ebay,v1|134828220265|0,Alexander McQueen Navy Skull Scarf 104X120cm,156.70,GBP,New with tags,,,zer626,GB,,https://www.ebay.co.uk/itm/134828220265?_skw=Alexander+Mcqueen+Scarf&hash=item1f64635f69:g:PgsAAOSwRgZlY9B4,,2026-03-09T13:14:57.685964+00:00,Alexander Mcqueen Scarf
ebay,v1|256187307204|0,ALEXANDER MCQUEEN PRINTED SILK CHIFFON SCARF,165.00,GBP,Pre-owned - Good,,,nikkibradford,GB,,https://www.ebay.co.uk/itm/256187307204?_skw=Alexander+Mcqueen+Scarf&hash=item3ba5f414c4:g:q8IAAOSwDSRk3zsc,,2026-03-09T13:14:57.685967+00:00,Alexander Mcqueen Scarf
ebay,v1|394776388137|0,"Scarf SHAWL ALEXANDER McQUEEN NEW, Black and white,New Collection!RRP 300 SKULL",197.26,GBP,New without tags,,,pijac26,GB,,https://www.ebay.co.uk/itm/394776388137?_skw=Alexander+Mcqueen+Scarf&hash=item5bea81a229:g:kJgAAOSw21pfvCea,,2026-03-09T13:14:57.685969+00:00,Alexander Mcqueen Scarf
ebay,v1|145959273184|0,Alexander McQueen Smudge Skull Scarf Rare,177.50,GBP,Pre-owned - Good,,,regalemporium,GB,,https://www.ebay.co.uk/itm/145959273184?_skw=Alexander+Mcqueen+Scarf&hash=item21fbd9c2e0:g:9u4AAOSwPOFkw9bc,,2026-03-09T13:14:57.685972+00:00,Alexander Mcqueen Scarf
ebay,v1|135439932865|0,ALEXANDER McQUEEN ORANGE 100% XL CASHMERE SCARF / PASHMINA RRP £590,156.70,GBP,New with tags,,,darcylove22,GB,,https://www.ebay.co.uk/itm/135439932865?_skw=Alexander+Mcqueen+Scarf&hash=item1f88d95dc1:g:HW4AAOSwZvJkworU,,2026-03-09T13:14:57.685974+00:00,Alexander Mcqueen Scarf
ebay,v1|314714097368|0,Alexander McQueen silk scarf,177.50,GBP,New with tags,,,mardia228,GB,,https://www.ebay.co.uk/itm/314714097368?_skw=Alexander+Mcqueen+Scarf&hash=item49466c06d8:g:BqgAAOSwCJ5kswJW,,2026-03-09T13:14:57.685977+00:00,Alexander Mcqueen Scarf
ebay,v1|126003646545|0,Alexander McQueen Scarf,115.10,GBP,New without tags,,,daniande-30,GB,,https://www.ebay.co.uk/itm/126003646545?_skw=Alexander+Mcqueen+Scarf&hash=item1d56671051:g:2qMAAOSwiRFkpiXn,,2026-03-09T13:14:57.685979+00:00,Alexander Mcqueen Scarf
ebay,v1|256616699327|0,Alexander McQueen Silk scarf,197.26,GBP,New with tags,,,bluesapphire99,GB,,https://www.ebay.co.uk/itm/256616699327?_skw=Alexander+Mcqueen+Scarf&hash=item3bbf8c15bf:g:YZ4AAOSwwKlkkIm1,,2026-03-09T13:14:57.685982+00:00,Alexander Mcqueen Scarf
ebay,v1|295766973653|0,Alexander Mcqueen Knit Sports Scarf,78.70,GBP,New without tags,,,staceystacey48,GB,,https://www.ebay.co.uk/itm/295766973653?_skw=Alexander+Mcqueen+Scarf&hash=item44dd15dcd5:g:TXAAAOSwsxdkjyx8,,2026-03-09T13:14:57.685984+00:00,Alexander Mcqueen Scarf
ebay,v1|256616699319|0,Alexander McQueen Modal Scarf,197.26,GBP,New with tags,,,bluesapphire99,GB,,https://www.ebay.co.uk/itm/256616699319?_skw=Alexander+Mcqueen+Scarf&hash=item3bbf8c15b7:g:M6AAAOSwySVk8MuK,,2026-03-09T13:14:57.685987+00:00,Alexander Mcqueen Scarf
ebay,v1|256616699305|0,Alexander McQueen Silk Scarf,197.26,GBP,New with tags,,,bluesapphire99,GB,,https://www.ebay.co.uk/itm/256616699305?_skw=Alexander+Mcqueen+Scarf&hash=item3bbf8c15a9:g:SQgAAOSwnntkjds7,,2026-03-09T13:14:57.685991+00:00,Alexander Mcqueen Scarf
ebay,v1|285302316756|0,ALEXANDER MCQUEEN Limited Edition RARE Sexual Position Skeleton Scarf Collector,599.00,GBP,Pre-owned - Good,,,flaing7,GB,,https://www.ebay.co.uk/itm/285302316756?_skw=Alexander+Mcqueen+Scarf&hash=item426d57ded4:g:2qQAAOSwo3NkcFXR,,2026-03-09T13:14:57.685993+00:00,Alexander Mcqueen Scarf
ebay,v1|166005966657|0,alexander mcqueen silk scarf “55/55 cm,83.90,GBP,Pre-owned - Good,,,garcia201010,GB,,https://www.ebay.co.uk/itm/166005966657?_skw=Alexander+Mcqueen+Scarf&hash=item26a6ba0741:g:4DkAAOSwC2ZkJOxH,,2026-03-09T13:14:57.685996+00:00,Alexander Mcqueen Scarf
ebay,v1|305882214844|0,Alexander McQueen Damien Hirst Green Mix Bug Cashmere Scarf Rare Ltd Ed ⭐️,799.00,GBP,New with tags,,,way-beyond-fabulous,GB,,https://www.ebay.co.uk/itm/305882214844?_skw=Alexander+Mcqueen+Scarf&hash=item47380031bc:g:HW4AAOSwckRkiCIJ,,2026-03-09T13:14:57.685999+00:00,Alexander Mcqueen Scarf
ebay,v1|165938571518|0,Alexander McQueen Skull Scarf Red/Black,167.10,GBP,Pre-owned - Good,,,garcia201010,GB,,https://www.ebay.co.uk/itm/165938571518?_skw=Alexander+Mcqueen+Scarf&hash=item26a2b5a8fe:g:XRQAAOSwZBNj64lG,,2026-03-09T13:14:57.686001+00:00,Alexander Mcqueen Scarf
ebay,v1|315009796005|0,MCQ Alexander McQueen Wool Scarf - Made in Italy - NEW BNWT Swallows Pink Stripe,73.50,GBP,New with tags,,,boyinabunker,GB,,https://www.ebay.co.uk/itm/315009796005?_skw=Alexander+Mcqueen+Scarf&hash=item49580c07a5:g:f70AAOSwsD5j2ChP,,2026-03-09T13:14:57.686004+00:00,Alexander Mcqueen Scarf
ebay,v1|394803625499|0,"Scarf SHAWL ALEXANDER McQUEEN NEW, Black and white,New Collection RRP 300 SKULL",197.26,GBP,New without tags,,,pijac26,GB,,https://www.ebay.co.uk/itm/394803625499?_skw=Alexander+Mcqueen+Scarf&hash=item5bec213e1b:g:kJgAAOSw21pfvCea,,2026-03-09T13:14:57.686007+00:00,Alexander Mcqueen Scarf
ebay,v1|115665781414|0,Alexander McQueen Wild Botanical Skull Print Scarf 138cm x 138cm - Made In Italy,312.69,GBP,New with tags,,,ell_outlet,GB,,https://www.ebay.co.uk/itm/115665781414?_skw=Alexander+Mcqueen+Scarf&hash=item1aee37c2a6:g:3MsAAOSwIVhjuVia,,2026-03-09T13:14:57.686010+00:00,Alexander Mcqueen Scarf
ebay,v1|115451489354|0,Alexander McQueen Iconic Skull Print Scarf  120cm x 140cm - Made In Italy,312.69,GBP,New with tags,,,ell_outlet,GB,,https://www.ebay.co.uk/itm/115451489354?_skw=Alexander+Mcqueen+Scarf&hash=item1ae171ec4a:g:HV4AAOSwhORiwC7q,,2026-03-09T13:14:57.686015+00:00,Alexander Mcqueen Scarf
ebay,v1|295030146876|0,"Alexander McQueen Biker Logo Printed Scarf - Skulls, Light Blue",145.26,GBP,New with tags,,,tzianna1903,GB,,https://www.ebay.co.uk/itm/295030146876?_skw=Alexander+Mcqueen+Scarf&hash=item44b12ac73c:g:1ZcAAOSwOBdioiwN,,2026-03-09T13:14:57.686017+00:00,Alexander Mcqueen Scarf
ebay,v1|226381112559|0,Alexander McQueen silk scarf,125.50,GBP,Pre-owned - Good,,,fiorela82,GB,,https://www.ebay.co.uk/itm/226381112559?_skw=Alexander+Mcqueen+Scarf&hash=item34b55da4ef:g:RdEAAOSwXVlimbQv,,2026-03-09T13:14:57.686022+00:00,Alexander Mcqueen Scarf
ebay,v1|314019359192|0,Alexander McQueen Red Skull Large 100% Silk Made In Italy Scarf 138x138 cms BNWT,225.00,GBP,New with tags,,,brandstyleluxury,GB,,https://www.ebay.co.uk/itm/314019359192?_skw=Alexander+Mcqueen+Scarf&hash=item491d0329d8:g:xhAAAOSwIJdil0jg,,2026-03-09T13:14:57.686025+00:00,Alexander Mcqueen Scarf
ebay,v1|384895718735|0,Authenic Alexander McQueen 100% Silk Skull Scarf *BNWOT*designer*fashion*light,125.50,GBP,New without tags,,,lilyp69,GB,,https://www.ebay.co.uk/itm/384895718735?_skw=Alexander+Mcqueen+Scarf&hash=item599d92954f:g:bGcAAOSw~0dihMBQ,,2026-03-09T13:14:57.686032+00:00,Alexander Mcqueen Scarf
ebay,v1|165392206544|0,Alexander McQueen Skull Scarf,156.70,GBP,Pre-owned - Good,,,cardiff1235,GB,,https://www.ebay.co.uk/itm/165392206544?_skw=Alexander+Mcqueen+Scarf&hash=item268224cad0:g:dHUAAOSwHFZiNk3c,,2026-03-09T13:14:57.686034+00:00,Alexander Mcqueen Scarf
ebay,v1|317413790720|0,Alexander McQueen - 100% Italian Silk - colour Block skull scarf - BNWT,234.70,GBP,New with tags,,,dinx-393,GB,,https://www.ebay.co.uk/itm/317413790720?_skw=Alexander+Mcqueen+Scarf&hash=item49e7561400:g:mDoAAOSwY8ViLLzw,,2026-03-09T13:14:57.686036+00:00,Alexander Mcqueen Scarf
ebay,v1|313835452958|0,Alexander McQueen McQ Purple & Green Scarf in Mohair/Nylon/Wool Mix (BNWT),95.00,GBP,New with tags,,,brandstyleluxury,GB,,https://www.ebay.co.uk/itm/313835452958?_skw=Alexander+Mcqueen+Scarf&hash=item49120cfa1e:g:DBkAAOSw1yFh41rc,,2026-03-09T13:14:57.686039+00:00,Alexander Mcqueen Scarf
ebay,v1|154899001208|0,"Rarest 2008 ALEXANDER McQUEEN ""Barbed Wire"" Skull Silk Scarf,  95x95cm",198.30,GBP,New with tags,,,trigo26,GB,,https://www.ebay.co.uk/itm/154899001208?_skw=Alexander+Mcqueen+Scarf&hash=item2410b32f78:g:AGwAAOSwyiZht-Aj,,2026-03-09T13:14:57.686041+00:00,Alexander Mcqueen Scarf
ebay,v1|224783886998|0,alexander mcqueen Wool &cachemire skull scarf,187.90,GBP,Pre-owned - Good,,,dshe7351,GB,,https://www.ebay.co.uk/itm/224783886998?_skw=Alexander+Mcqueen+Scarf&hash=item345629ea96:g:SDoAAOSwjChh3FhY,,2026-03-09T13:14:57.686044+00:00,Alexander Mcqueen Scarf
ebay,v1|313769311670|0,Alexander Mcqueen Red/Black Torn Roses Silk Skinny Italy Scarf 180x20 cms (BNWT),185.00,GBP,New with tags,,,brandstyleluxury,GB,,https://www.ebay.co.uk/itm/313769311670?_skw=Alexander+Mcqueen+Scarf&hash=item490e1bbdb6:g:wrYAAOSwyrthoLNk,,2026-03-09T13:14:57.686046+00:00,Alexander Mcqueen Scarf
ebay,v1|334153782947|0,Alexander McQueen Womens Pink Skull Scarf Brand New RRP £265,149.99,GBP,New with tags,,,capitalistboy,GB,,https://www.ebay.co.uk/itm/334153782947?_skw=Alexander+Mcqueen+Scarf&hash=item4dcd1e16a3:g:gB8AAOSwH09hR0KA,,2026-03-09T13:14:57.686049+00:00,Alexander Mcqueen Scarf
ebay,v1|255142177575|0,Alexander McQueen Womens Red Skull Scarf Brand New RRP £265,149.99,GBP,New with tags,,,capitalistboy,GB,,https://www.ebay.co.uk/itm/255142177575?_skw=Alexander+Mcqueen+Scarf&hash=item3b67a8ab27:g:M40AAOSwsExhR0Gn,,2026-03-09T13:14:57.686052+00:00,Alexander Mcqueen Scarf
ebay,v1|234189332033|0,BNWT Large Alexander Mcqueen MCQ Initials Scarf Cream Cotton Silk Blend,208.70,GBP,New with tags,,,roval_5237,GB,,https://www.ebay.co.uk/itm/234189332033?_skw=Alexander+Mcqueen+Scarf&hash=item3686c59e41:g:WDYAAOSw53RhQkAU,,2026-03-09T13:14:57.686054+00:00,Alexander Mcqueen Scarf
ebay,v1|395780156574|0,Alexander McQueen purple wool jacquard scarf with black velvet pattern - NEW,146.30,GBP,New with tags,,,stylist282,GB,,https://www.ebay.co.uk/itm/395780156574?_skw=Alexander+Mcqueen+Scarf&hash=item5c2655ec9e:g:tMUAAOSw091VBMAT,,2026-03-09T13:14:57.686057+00:00,Alexander Mcqueen Scarf
ebay,v1|156234901578|0,Alexander McQueen Large Silk Scarf Made in Italy NEW with TAGS,197.26,GBP,New with tags,,,sakai38,GB,,https://www.ebay.co.uk/itm/156234901578?_skw=Alexander+Mcqueen+Scarf&hash=item246053684a:g:qUsAAOSwFVBfgxQL,,2026-03-09T13:14:57.686059+00:00,Alexander Mcqueen Scarf
ebay,v1|114944024739|0,alexander mcqueen scarf skull,208.70,GBP,Pre-owned - Good,,,uk-pelel,GB,,https://www.ebay.co.uk/itm/114944024739?_skw=Alexander+Mcqueen+Scarf&hash=item1ac332a0a3:g:elEAAOSwR6xhHn6U,,2026-03-09T13:14:57.686062+00:00,Alexander Mcqueen Scarf
ebay,v1|203562167515|0,Alexander McQueen Skull Scarf Pink,151.50,GBP,New without tags,,,rudnik5012,GB,,https://www.ebay.co.uk/itm/203562167515?_skw=Alexander+Mcqueen+Scarf&hash=item2f65402cdb:g:-pEAAOSwLylhGUhk,,2026-03-09T13:14:57.686064+00:00,Alexander Mcqueen Scarf
ebay,v1|255040014345|0,Genuine Iconic Alexander Mcqueen 100% Silk Black Skull Scarf,208.70,GBP,Pre-owned - Good,,,carri-anne,GB,,https://www.ebay.co.uk/itm/255040014345?_skw=Alexander+Mcqueen+Scarf&hash=item3b6191c809:g:kpQAAOSwysRe2PMw,,2026-03-09T13:14:57.686067+00:00,Alexander Mcqueen Scarf
ebay,v1|255040013853|0,Genuine Iconic Alexander Mcqueen 100% Silk Skull Scarf,198.30,GBP,Pre-owned - Good,,,carri-anne,GB,,https://www.ebay.co.uk/itm/255040013853?_skw=Alexander+Mcqueen+Scarf&hash=item3b6191c61d:g:8cMAAOSwnEde2PHY,,2026-03-09T13:14:57.686069+00:00,Alexander Mcqueen Scarf
ebay,v1|255040013640|0,Genuine Alexander McQueen Beautiful Blue scarf,182.70,GBP,Pre-owned - Good,,,carri-anne,GB,,https://www.ebay.co.uk/itm/255040013640?_skw=Alexander+Mcqueen+Scarf&hash=item3b6191c548:g:rjIAAOSwsrBe2PAS,,2026-03-09T13:14:57.686072+00:00,Alexander Mcqueen Scarf
ebay,v1|115355741160|0,Alexander McQueen 100% Silk Skull Print Scarf - Made In Italy,312.69,GBP,New with tags,,,ell_outlet,GB,,https://www.ebay.co.uk/itm/115355741160?_skw=Alexander+Mcqueen+Scarf&hash=item1adbbcebe8:g:o28AAOSwPtxgpsa~,,2026-03-09T13:14:57.686074+00:00,Alexander Mcqueen Scarf
ebay,v1|115314619326|0,Alexander McQueen 100% Silk Wild Botanical Skull Print Scarf - Made In Italy,312.69,GBP,New with tags,,,ell_outlet,GB,,https://www.ebay.co.uk/itm/115314619326?_skw=Alexander+Mcqueen+Scarf&hash=item1ad94973be:g:KgEAAOSwjFliSZNf,,2026-03-09T13:14:57.686077+00:00,Alexander Mcqueen Scarf
ebay,v1|174658374826|0,Alexander Mcqueen Skull Scarf In Pink,125.50,GBP,Pre-owned - Good,,,scclothing2014,GB,,https://www.ebay.co.uk/itm/174658374826?_skw=Alexander+Mcqueen+Scarf&hash=item28aa734caa:g:Qn0AAOSwK8dgO85w,,2026-03-09T13:14:57.686080+00:00,Alexander Mcqueen Scarf
ebay,v1|203187813101|0,Alexander Mcqueen Sleeveless Ribbed Cashmere Turtleneck Scarf Used CR003 JJ 02,99.99,GBP,Pre-owned - Good,,,buy.it.now.u.k,GB,,https://www.ebay.co.uk/itm/203187813101?_skw=Alexander+Mcqueen+Scarf&hash=item2f4eeffaed:g:MtMAAOSwbj9ec4j9,,2026-03-09T13:14:57.686082+00:00,Alexander Mcqueen Scarf
ebay,v1|303629810020|0,"Alexander McQueen Short scarf, Cream and Pale Pink- BRAND NEW",199.00,GBP,New with tags,,,quills-london,GB,,https://www.ebay.co.uk/itm/303629810020?_skw=Alexander+Mcqueen+Scarf&hash=item46b1bf3964:g:hFoAAOSwefNfFz~w,,2026-03-09T13:14:57.686085+00:00,Alexander Mcqueen Scarf
ebay,v1|303629007094|0,"Alexander McQueen long scarf, Silk and Wool Multicoloured - NEW Limited 10% Off",225.00,GBP,New with tags,,,quills-london,GB,,https://www.ebay.co.uk/itm/303629007094?_skw=Alexander+Mcqueen+Scarf&hash=item46b1b2f8f6:g:DLcAAOSwmqFfFf~3,,2026-03-09T13:14:57.686087+00:00,Alexander Mcqueen Scarf
ebay,v1|203043303299|0,Alexander McQueen Scarf Snake and Multi Skull 100% Silk BNWT RRP £380 *RARE*,149.99,GBP,New with tags,,,gymmeuk,GB,,https://www.ebay.co.uk/itm/203043303299?_skw=Alexander+Mcqueen+Scarf&hash=item2f4652ef83:g:b0oAAOSwWOFeZ5a0,,2026-03-09T13:14:57.686090+00:00,Alexander Mcqueen Scarf
ebay,v1|203043302980|0,Alexander McQueen Scarf Ivory Jewelled Bug and Skulls 100% Silk chiffon BNWT,149.99,GBP,New with tags,,,gymmeuk,GB,,https://www.ebay.co.uk/itm/203043302980?_skw=Alexander+Mcqueen+Scarf&hash=item2f4652ee44:g:dpUAAOSwsyNeZ6ey,,2026-03-09T13:14:57.686092+00:00,Alexander Mcqueen Scarf
ebay,v1|274378194061|0,Alexander McQueen Silk Scarf,115.10,GBP,Pre-owned - Good,,,ghauk90,GB,,https://www.ebay.co.uk/itm/274378194061?_skw=Alexander+Mcqueen+Scarf&hash=item3fe236fc8d:g:CbgAAOSwhOpezXQV,,2026-03-09T13:14:57.686095+00:00,Alexander Mcqueen Scarf
ebay,v1|274378188548|0,Alexander McQueen Silk Scarf,130.70,GBP,Pre-owned - Good,,,ghauk90,GB,,https://www.ebay.co.uk/itm/274378188548?_skw=Alexander+Mcqueen+Scarf&hash=item3fe236e704:g:b80AAOSwKm9ezXEY,,2026-03-09T13:14:57.686097+00:00,Alexander Mcqueen Scarf
ebay,v1|153932185265|0,ALEXANDER McQUEEN GRAPHIC HEARTS PASHMINA SCARF PERFECT GIFT NWT,110.00,GBP,New with tags,,,net-fashion-4u,GB,,https://www.ebay.co.uk/itm/153932185265?_skw=Alexander+Mcqueen+Scarf&hash=item23d712beb1:g:axIAAOSwl2haCtJO,,2026-03-09T13:14:57.686100+00:00,Alexander Mcqueen Scarf
ebay,v1|153932185271|0,ALEXANDER McQUEEN GRAPHIC DOGTOOTH SKULL PASHMINA SCARF PERFECT GIFT BNWT,229.00,GBP,New with tags,,,net-fashion-4u,GB,,https://www.ebay.co.uk/itm/153932185271?_skw=Alexander+Mcqueen+Scarf&hash=item23d712beb7:g:APMAAOSwuVtbxGKC,,2026-03-09T13:14:57.686103+00:00,Alexander Mcqueen Scarf
ebay,v1|153932185273|0,ALEXANDER McQUEEN SKULL CHAIN SELVEDGE PASHMINA SCARF PERFECT GIFT BNWT,120.00,GBP,New with tags,,,net-fashion-4u,GB,,https://www.ebay.co.uk/itm/153932185273?_skw=Alexander+Mcqueen+Scarf&hash=item23d712beb9:g:s8oAAOSwywRaCtDX,,2026-03-09T13:14:57.686105+00:00,Alexander Mcqueen Scarf
ebay,v1|133199683684|0,NWT Alexander McQueen Silk Chiffon Skull Scarf Burgundy Or Ivory,104.70,GBP,New with tags,,,gab.cross,GB,,https://www.ebay.co.uk/itm/133199683684?_skw=Alexander+Mcqueen+Scarf&hash=item1f0351e064:g:oTYAAOSwlwtdoGKW,,2026-03-09T13:14:57.686108+00:00,Alexander Mcqueen Scarf
ebay,v1|153390410014|0,ALEXANDER McQUEEN CAMOU SKULL SILK CHIFFON SCARF PERFECT GIFT BNWT,219.00,GBP,New with tags,,,net-fashion-4u,GB,,https://www.ebay.co.uk/itm/153390410014?_skw=Alexander+Mcqueen+Scarf&hash=item23b6c7e91e:g:4CUAAOSwjZlbxHOT,,2026-03-09T13:14:57.686110+00:00,Alexander Mcqueen Scarf
ebay,v1|392245378541|0,ALEXANDER McQUEEN GRAPHIC DOGTOOTH SKULL SILK SCARF PERFECT GIFT BNWT,120.00,GBP,New with tags,,,net-fashion-4u,GB,,https://www.ebay.co.uk/itm/392245378541?_skw=Alexander+Mcqueen+Scarf&hash=item5b53a57ded:g:q6AAAOSwnVRbxHHx,,2026-03-09T13:14:57.686113+00:00,Alexander Mcqueen Scarf
ebay,v1|173806946584|0,ALEXANDER McQUEEN GRAPHIC HEART FLOWER SKULL SILK SCARF RED PERFECT GIFT NWT,99.00,GBP,New with tags,,,net-fashion-4u,GB,,https://www.ebay.co.uk/itm/173806946584?_skw=Alexander+Mcqueen+Scarf&hash=item2877b38918:g:x40AAOSwyGZaCsuJ,,2026-03-09T13:14:57.686115+00:00,Alexander Mcqueen Scarf
ebay,v1|173806946591|0,ALEXANDER McQUEEN CUT OUT MULTI SKULL PASHMINA SCARF PERFECT GIFT BNWT,120.00,GBP,New with tags,,,net-fashion-4u,GB,,https://www.ebay.co.uk/itm/173806946591?_skw=Alexander+Mcqueen+Scarf&hash=item2877b3891f:g:vHwAAOSwmBhbxF-C,,2026-03-09T13:14:57.686118+00:00,Alexander Mcqueen Scarf
ebay,v1|173806946601|0,ALEXANDER McQUEEN POM POM SKULL WOOL-BLEND JACQUARD SCARF PASHMINA,120.00,GBP,New with tags,,,net-fashion-4u,GB,,https://www.ebay.co.uk/itm/173806946601?_skw=Alexander+Mcqueen+Scarf&hash=item2877b38929:g:FFIAAOSwJr1btzli,,2026-03-09T13:14:57.686121+00:00,Alexander Mcqueen Scarf
ebay,v1|173806946610|0,ALEXANDER McQUEEN SKULL ROBOT CIRCLE PASHMINA SCARF BNWT,120.00,GBP,New with tags,,,net-fashion-4u,GB,,https://www.ebay.co.uk/itm/173806946610?_skw=Alexander+Mcqueen+Scarf&hash=item2877b38932:g:cfUAAOSwDZ9btzXK,,2026-03-09T13:14:57.686123+00:00,Alexander Mcqueen Scarf
ebay,v1|173806946611|0,ALEXANDER McQUEEN SKULL ROBOT CIRCLE PINK PASHMINA SCARF BNWT,120.00,GBP,New with tags,,,net-fashion-4u,GB,,https://www.ebay.co.uk/itm/173806946611?_skw=Alexander+Mcqueen+Scarf&hash=item2877b38933:g:kYEAAOSwOnJbtzaH,,2026-03-09T13:14:57.686128+00:00,Alexander Mcqueen Scarf
ebay,v1|173806946612|0,ALEXANDER McQUEEN ANIMALIER LEOPARD SKULL PASHMINA SCARF PERFECT GIFT BNWT,259.00,GBP,New with tags,,,net-fashion-4u,GB,,https://www.ebay.co.uk/itm/173806946612?_skw=Alexander+Mcqueen+Scarf&hash=item2877b38934:g:zjoAAOSwlptaCs7w,,2026-03-09T13:14:57.686130+00:00,Alexander Mcqueen Scarf
ebay,v1|153390348414|0,ALEXANDER McQUEEN LILAC & MULTI SKULL SILK SCARF COLOUR PERFECT GIFT BNWT,120.00,GBP,New with tags,,,net-fashion-4u,GB,,https://www.ebay.co.uk/itm/153390348414?_skw=Alexander+Mcqueen+Scarf&hash=item23b6c6f87e:g:RoMAAOSwZC1Z8KFO,,2026-03-09T13:14:57.686133+00:00,Alexander Mcqueen Scarf
ebay,v1|153390348415|0,ALEXANDER McQUEEN YELLOW MASKS SKULL PASHMINA SCARF PERFECT GIFT BNWT,120.00,GBP,New with tags,,,net-fashion-4u,GB,,https://www.ebay.co.uk/itm/153390348415?_skw=Alexander+Mcqueen+Scarf&hash=item23b6c6f87f:g:uskAAOSwVNxZ8Kjt,,2026-03-09T13:14:57.686135+00:00,Alexander Mcqueen Scarf
ebay,v1|153390348423|0,ALEXANDER McQUEEN WHITE & MULTI SKULL PASHMINA SCARF NEW COLOUR PERFECT GIFT NWT,129.00,GBP,New with tags,,,net-fashion-4u,GB,,https://www.ebay.co.uk/itm/153390348423?_skw=Alexander+Mcqueen+Scarf&hash=item23b6c6f887:g:~bkAAOSwEaBZ8v3w,,2026-03-09T13:14:57.686137+00:00,Alexander Mcqueen Scarf
ebay,v1|153390348441|0,ALEXANDER McQUEEN OVERPRINT SKULL PASHMINA SCARF NEW COLOUR PERFECT GIFT BNWT,120.00,GBP,New with tags,,,net-fashion-4u,GB,,https://www.ebay.co.uk/itm/153390348441?_skw=Alexander+Mcqueen+Scarf&hash=item23b6c6f899:g:PMgAAOSwvD5Z8wO8,,2026-03-09T13:14:57.686140+00:00,Alexander Mcqueen Scarf
ebay,v1|302913158090|0,BNWT Alexander Mcqueen Pink Skull And Panther Scarf RRP £345,156.70,GBP,New with tags,,,squad111,GB,,https://www.ebay.co.uk/itm/302913158090?_skw=Alexander+Mcqueen+Scarf&hash=item468707fbca:g:d90AAOSwEqhbuzbM,,2026-03-09T13:14:57.686145+00:00,Alexander Mcqueen Scarf
ebay,v1|172241141849|0,ALEXANDER McQUEEN CLASSIC WHITE & BRIGHT RED SKULL PASHMINA SCARF BNWT,120.00,GBP,New with tags,,,net-fashion-4u,GB,,https://www.ebay.co.uk/itm/172241141849?_skw=Alexander+Mcqueen+Scarf&hash=item281a5f4059:g:cFkAAOSwKrhVWbfm,,2026-03-09T13:14:57.686147+00:00,Alexander Mcqueen Scarf
ebay,v1|366258112855|0,Alexander McQueen Silk Skull Scarf Genuine,115.10,GBP,Pre-owned - Good,,,abpate-30,GB,,https://www.ebay.co.uk/itm/366258112855?_skw=Alexander+Mcqueen+Scarf&hash=item5546af4957:g:hZ0AAeSwW15prsu9,,2026-03-09T14:06:23.177424+00:00,Alexander Mcqueen Scarf
ebay,v1|206125053862|0,Alexander McQueen Wool Scarf,78.70,GBP,Pre-owned - Excellent,,,mark_hill,GB,,https://www.ebay.co.uk/itm/206125053862?_skw=Alexander+Mcqueen+Scarf&hash=item2ffe02b7a6:g:rvcAAeSwG55psAD~,,2026-03-10T13:35:43.946215+00:00,Alexander Mcqueen Scarf
ebay,v1|127730961646|0,Alexander McQueen Silk Skull Scarf In Red . Full Size 47 Inches X 40,78.70,GBP,Pre-owned - Good,,,sologolf-9,GB,,https://www.ebay.co.uk/itm/127730961646?_skw=Alexander+Mcqueen+Scarf&hash=item1dbd5bccee:g:DcMAAeSw-ABpe4XM,,2026-03-10T13:35:43.947106+00:00,Alexander Mcqueen Scarf
ebay,v1|188141612422|0,Alexander McQueen Black Cashmere Scarf Men Women Logo Embroidered Italy 180cm,156.70,GBP,Pre-owned - Good,,,berti.brown,GB,,https://www.ebay.co.uk/itm/188141612422?_skw=Alexander+Mcqueen+Scarf&hash=item2bce1d2d86:g:oDsAAeSwhPZpdNzC,,2026-03-10T15:16:20.888055+00:00,Alexander Mcqueen Scarf
ebay,v1|168221354351|0,ALEXANDER  McQUEEN  RED MULTI SKULL LARGE SHAWL/SCARF & DUSTBAG  SIZE 138 x 138,234.70,GBP,New with tags,,,2013queenbee1,GB,,https://www.ebay.co.uk/itm/168221354351?_skw=Alexander+Mcqueen+Scarf&hash=item272ac6296f:g:PXAAAOSwXcVmVkBi,,2026-03-10T19:42:48.373760+00:00,Alexander Mcqueen Scarf
ebay,v1|168223500156|0,Alexander Mcqueen Shawl/Scarf 170cm x 85cm Cashmere and Silk Used Green Skulls,52.69,GBP,Pre-owned - Good,,,patrcic_76,GB,,https://www.ebay.co.uk/itm/168223500156?_skw=Alexander+Mcqueen+Scarf&hash=item272ae6e77c:g:V4YAAeSwrA1psXkR,,2026-03-11T22:09:24.566961+00:00,Alexander Mcqueen Scarf
ebay,v1|198195082028|0,Alexander McQueen Wool & Silk mix Scarf RRP £395 NEW TAGS,245.00,GBP,New with tags,,,wardrobeln,GB,,https://www.ebay.co.uk/itm/198195082028?_skw=Alexander+Mcqueen+Scarf&hash=item2e2558f32c:g:XTAAAeSwPGtpQd~P,,2026-03-16T23:23:17.797027+00:00,Alexander Mcqueen Scarf
ebay,v1|318009578991|0,Alexander McQueen black Silk mix Skull print large scarf  VGC,83.90,GBP,Pre-owned - Good,,,dollyholly10,GB,,https://www.ebay.co.uk/itm/318009578991?_skw=Alexander+Mcqueen+Scarf&hash=item4a0ad915ef:g:kAcAAeSw8EtptxRt,,2026-03-16T23:23:17.797070+00:00,Alexander Mcqueen Scarf
ebay,v1|298119665605|0,Authentic Alexander Mcqueen scarf RRP £240 bnwot 🌷💀,73.49,GBP,New without tags,,,stonesthreads,GB,,https://www.ebay.co.uk/itm/298119665605?_skw=Alexander+Mcqueen+Scarf&hash=item45695117c5:g:dZUAAeSwpvJptFp-,,2026-03-16T23:23:17.797079+00:00,Alexander Mcqueen Scarf
ebay,v1|358325239638|0,Alexander McQueen New Large Black & Pink Skull Scarf  - Original Packaging,167.10,GBP,New with tags,,,do-i-need-this,GB,,https://www.ebay.co.uk/itm/358325239638?_skw=Alexander+Mcqueen+Scarf&hash=item536dd93f56:g:cpgAAeSwUeVo2W0Y,,2026-03-16T23:23:17.797083+00:00,Alexander Mcqueen Scarf
ebay,v1|168227068107|0,Alexander McQueen Skull Scarf 120cm x 100cm,78.70,GBP,Pre-owned - Good,,,ritzgirl,GB,,https://www.ebay.co.uk/itm/168227068107?_skw=Alexander+Mcqueen+Scarf&hash=item272b1d58cb:g:cbsAAeSwUztpsubv,,2026-03-16T23:23:17.797087+00:00,Alexander Mcqueen Scarf
ebay,v1|377029645175|0,Alexander McQueen Skull Scarf - Red/Black. MINT condition. UNWORN. OPEN TO OFFER,73.50,GBP,New without tags,,,ultraviolet-infared,GB,,https://www.ebay.co.uk/itm/377029645175?_skw=Alexander+Mcqueen+Scarf&hash=item57c8b7d377:g:KugAAeSwYJFppLnX,,2026-03-16T23:23:17.797145+00:00,Alexander Mcqueen Scarf
ebay,v1|318014647932|0,Alexander McQueen Signature Skull Print Silk Scarf Grey Designer Accessory,120.00,GBP,Pre-owned - Excellent,,,helenanddouglashouse,GB,,https://www.ebay.co.uk/itm/318014647932?_skw=Alexander+Mcqueen+Scarf&hash=item4a0b266e7c:g:amAAAeSwuylpMDRP,,2026-03-16T23:23:17.797536+00:00,Alexander Mcqueen Scarf
ebay,v1|188174005517|0,Alexander McQueen Black Cashmere Scarf Men Women Logo Embroidered Italy 180cm,156.70,GBP,Pre-owned - Good,,,berti.brown,GB,,https://www.ebay.co.uk/itm/188174005517?_skw=Alexander+Mcqueen+Scarf&hash=item2bd00b750d:g:oDsAAeSwhPZpdNzC,,2026-03-17T17:39:41.747888+00:00,Alexander Mcqueen Scarf
ebay,v1|397730568178|0,Alexander McQueen Butterfly And Skull Scarf Multicoloured,93.26,GBP,Pre-owned - Good,,,lauz_5813,GB,,https://www.ebay.co.uk/itm/397730568178?_skw=Alexander+Mcqueen+Scarf&hash=item5c9a96d7f2:g:yKwAAeSwAvJpupeK,,2026-03-18T19:51:20.393718+00:00,Alexander Mcqueen Scarf
ebay,v1|397730535685|0,Alexander McQueen Skull Scarf Green/black,115.10,GBP,Pre-owned - Excellent,,,lauz_5813,GB,,https://www.ebay.co.uk/itm/397730535685?_skw=Alexander+Mcqueen+Scarf&hash=item5c9a965905:g:-1EAAeSwSFRpupXj,,2026-03-18T19:51:20.393739+00:00,Alexander Mcqueen Scarf
ebay,v1|147209646662|0,Alexander McQueen yellow large Scarf 100% fine wool 138x138cm,83.90,GBP,Pre-owned - Good,,,evarose_mcmxxciii,GB,,https://www.ebay.co.uk/itm/147209646662?_skw=Alexander+Mcqueen+Scarf&hash=item224660f246:g:9McAAOSww2Jk1nrD,,2026-03-18T19:51:20.393744+00:00,Alexander Mcqueen Scarf
ebay,v1|127755762837|0,ALEXANDER McQUEEN Savage Beauty Snake Print 100% Silk Scarf BMWT Very Rare,1939.60,GBP,New with tags,,,silkmerc60,GB,,https://www.ebay.co.uk/itm/127755762837?_skw=Alexander+Mcqueen+Scarf&hash=item1dbed63c95:g:EMoAAeSwzydo4SG2,,2026-03-18T23:39:50.319787+00:00,Alexander Mcqueen Scarf
ebay,v1|157771477612|0,Alexander McQueen Silk Scarf Skulls And Hearts,104.70,GBP,New with tags,,,cmslon2019,GB,,https://www.ebay.co.uk/itm/157771477612?_skw=Alexander+Mcqueen+Scarf&hash=item24bbe9b26c:g:~8sAAeSwWB5pvSZc,,2026-03-20T11:03:25.088838+00:00,Alexander Mcqueen Scarf
ebay,v1|157771477612|0,Alexander McQueen Silk Scarf Skulls And Hearts,104.70,GBP,New with tags,,,cmslon2019,GB,,https://www.ebay.co.uk/itm/157771477612?_skw=Alexander+Mcqueen+Scarf&hash=item24bbe9b26c:g:~8sAAeSwWB5pvSZc,,2026-03-20T15:11:58.555800+00:00,Alexander Mcqueen Scarf
ebay,v1|117100399635|0,Alexander McQueen Black White Skull Patterned Scarf - 120cm X 140cm,135.00,GBP,New without tags,,,dfcloset,GB,,https://www.ebay.co.uk/itm/117100399635?_skw=Alexander+Mcqueen+Scarf&hash=item1b43ba4c13:g:RZUAAeSwqJ9pvvpv,,2026-03-22T16:43:03.861097+00:00,Alexander Mcqueen Scarf
ebay,v1|226721290211|0,Alexander McQueen Skull Scarf in White/Black Silk – Rare Vintage – Pre-Owned,83.90,GBP,Pre-owned - Good,,,shaira_2,GB,,https://www.ebay.co.uk/itm/226721290211?_skw=Alexander+Mcqueen+Scarf&hash=item34c9a457e3:g:IhsAAOSwROJoC9~1,,2026-03-22T16:43:03.862118+00:00,Alexander Mcqueen Scarf
ebay,v1|298159672499|0,Alexander McQueen Silk Skull Scarf New with Tags Authentic 104x120 CM,130.00,GBP,New with tags,,,englandsale2010,GB,,https://www.ebay.co.uk/itm/298159672499?_skw=Alexander+Mcqueen+Scarf&hash=item456bb38cb3:g:GF4AAeSwlcZpw-YB,,2026-03-25T13:49:16.212221+00:00,Alexander Mcqueen Scarf
ebay,v1|147222769584|0,Alexander McQueen yellow large Scarf 100% fine wool 138x138cm,83.90,GBP,Pre-owned - Good,,,evarose_mcmxxciii,GB,,https://www.ebay.co.uk/itm/147222769584?_skw=Alexander+Mcqueen+Scarf&hash=item2247292fb0:g:9McAAOSww2Jk1nrD,,2026-03-25T13:49:16.212282+00:00,Alexander Mcqueen Scarf
ebay,v1|397756743936|0,"Scarf SHAWL ALEXANDER McQUEEN NEW, Black and white,New Collection RRP 300 SKULL",197.26,GBP,New without tags,,,pijac26,GB,,https://www.ebay.co.uk/itm/397756743936?_skw=Alexander+Mcqueen+Scarf&hash=item5c9c264100:g:kJgAAOSw21pfvCea,,2026-03-25T13:49:16.212291+00:00,Alexander Mcqueen Scarf
ebay,v1|157781679864|0,Authentic ALEXANDER MCQUEEN 100% Silk Scarf 104x120cm Iconic Skull Pink  Italy,172.29,GBP,New with tags,,,59boxes,GB,,https://www.ebay.co.uk/itm/157781679864?_skw=Alexander+Mcqueen+Scarf&hash=item24bc855ef8:g:2OYAAOSwCR9csQZy,,2026-03-25T13:49:16.212296+00:00,Alexander Mcqueen Scarf
ebay,v1|147219690977|0,Alexander McQueen Silk Skull Scarf Genuine,156.70,GBP,New without tags,,,2belove,GB,,https://www.ebay.co.uk/itm/147219690977?_skw=Alexander+Mcqueen+Scarf&hash=item2246fa35e1:g:N~UAAeSwWv5pwZT~,,2026-03-25T13:49:16.212300+00:00,Alexander Mcqueen Scarf
ebay,v1|366297453063|0,"Alexander McQueen Pierced Skull Wool Scarf - 75"" x 18.5"" - In GC w/Flaws in Desc",52.70,GBP,Pre-owned - Good,,,moongazer4,GB,,https://www.ebay.co.uk/itm/366297453063?_skw=Alexander+Mcqueen+Scarf&hash=item5549079207:g:CIgAAeSwiSFpwRsS,,2026-03-25T13:49:16.212311+00:00,Alexander Mcqueen Scarf
ebay,v1|287225099544|0,NEW Alexander McQueen Scarf Aquatic Skull Scarf in Red,215.00,GBP,New with tags,,,marusia2023,GB,,https://www.ebay.co.uk/itm/287225099544?_skw=Alexander+Mcqueen+Scarf&hash=item42dff33518:g:qoUAAOSw6YtZPt4a,,2026-03-25T13:49:16.212316+00:00,Alexander Mcqueen Scarf
ebay,v1|298159677635|0,Alexander McQueen Silk Skull 104x120 Scarf Navy New With Tags Authentic,130.00,GBP,New with tags,,,englandsale2010,GB,,https://www.ebay.co.uk/itm/298159677635?_skw=Alexander+Mcqueen+Scarf&hash=item456bb3a0c3:g:JT0AAeSw33Zpw-cn,,2026-03-26T00:44:01.506865+00:00,Alexander Mcqueen Scarf
ebay,v1|227273169201|0,Alexander McQueen Extra Large Ombre Skull Scarf in Blue Silk – Rare – Pre-Owned,156.70,GBP,Pre-owned - Good,,,shaira_2,GB,,https://www.ebay.co.uk/itm/227273169201?_skw=Alexander+Mcqueen+Scarf&hash=item34ea895931:g:zqIAAOSwUL5oC97m,,2026-03-26T00:44:01.508323+00:00,Alexander Mcqueen Scarf
ebay,v1|236715842601|0,ALEXANDER McQUEEN IVORY FIL COUPÉ CHIFFON SCARF RETAIL £420 BNWT,245.00,GBP,New with tags,,,smartdesignershopper,GB,,https://www.ebay.co.uk/itm/236715842601?_skw=Alexander+Mcqueen+Scarf&hash=item371d5d1c29:g:vsUAAOSwZQplN7GH,,2026-03-27T00:41:50.267221+00:00,Alexander Mcqueen Scarf
ebay,v1|198225964449|0,Alexander McQueen Wool Silk Scarf RRP £395 New,245.00,GBP,New with tags,,,wardrobeln,GB,,https://www.ebay.co.uk/itm/198225964449?_skw=Alexander+Mcqueen+Scarf&hash=item2e27302da1:g:XTAAAeSwPGtpQd~P,,2026-03-27T00:41:50.267258+00:00,Alexander Mcqueen Scarf
ebay,v1|287287009816|0,NEW Alexander McQueen Scarf Aquatic Skull Scarf in Red,215.00,GBP,New with tags,,,marusia2023,GB,,https://www.ebay.co.uk/itm/287287009816?_skw=Alexander+Mcqueen+Scarf&hash=item42e3a3e218:g:qoUAAOSw6YtZPt4a,,2026-04-22T13:35:55.736955+00:00,Alexander Mcqueen Scarf
ebay,v1|157850849287|0,Authentic ALEXANDER MCQUEEN 100% Silk Scarf 104x120cm Iconic Skull Pink  Italy,172.29,GBP,New with tags,,,59boxes,GB,,https://www.ebay.co.uk/itm/157850849287?_skw=Alexander+Mcqueen+Scarf&hash=item24c0a4d007:g:2OYAAOSwCR9csQZy,,2026-04-22T13:35:55.736988+00:00,Alexander Mcqueen Scarf
ebay,v1|157850849312|0,Authentic ALEXANDER MCQUEEN 100% Silk Scarf 104x120cm Iconic Skull Pink  Italy,172.29,GBP,New with tags,,,59boxes,GB,,https://www.ebay.co.uk/itm/157850849312?_skw=Alexander+Mcqueen+Scarf&hash=item24c0a4d020:g:2OYAAOSwCR9csQZy,,2026-04-22T13:35:55.736994+00:00,Alexander Mcqueen Scarf
ebay,v1|397864889319|0,"Scarf SHAWL ALEXANDER McQUEEN NEW, BRIGHT MINT , New Collection RRP 300 SKULL !!",207.66,GBP,New without tags,,,pijac26,GB,,https://www.ebay.co.uk/itm/397864889319?_skw=Alexander+Mcqueen+Scarf&hash=item5ca2986be7:g:jokAAOSw~hNfvCH-,,2026-04-22T13:35:55.737004+00:00,Alexander Mcqueen Scarf
ebay,v1|397864885017|0,"Scarf SHAWL ALEXANDER McQUEEN NEW, Black and white,New Collection!RRP 349 SKULL",311.66,GBP,New with tags,,,pijac26,GB,,https://www.ebay.co.uk/itm/397864885017?_skw=Alexander+Mcqueen+Scarf&hash=item5ca2985b19:g:nLEAAOSwQrpf5I3K,,2026-04-22T13:35:55.737008+00:00,Alexander Mcqueen Scarf
ebay,v1|377129211505|0,Alexander McQueen Scarf Red New Skull,156.70,GBP,New with tags,,,qwjdr72,GB,,https://www.ebay.co.uk/itm/377129211505?_skw=Alexander+Mcqueen+Scarf&hash=item57cea71671:g:6T4AAeSwwilp5nM9,,2026-04-22T13:35:55.737014+00:00,Alexander Mcqueen Scarf
ebay,v1|287283392192|0,Alexander McQueen Skull Scarf,156.70,GBP,Pre-owned - Excellent,,,rossevantaylor82,GB,,https://www.ebay.co.uk/itm/287283392192?_skw=Alexander+Mcqueen+Scarf&hash=item42e36caec0:g:35IAAeSwKzJp5hIq,,2026-04-22T13:35:55.737018+00:00,Alexander Mcqueen Scarf
ebay,v1|227308233227|0,ALEXANDER McQUEEN POMPOM SKULL SCARF MADE IN ITALY RETAIL £450 120cm x 120cm,265.00,GBP,New with tags,,,smartdesignershopper,GB,,https://www.ebay.co.uk/itm/227308233227?_skw=Alexander+Mcqueen+Scarf&hash=item34eca0620b:g:koMAAOSw4b1cNiwt,,2026-04-22T13:35:55.737021+00:00,Alexander Mcqueen Scarf
ebay,v1|236766741489|0,ALEXANDER McQUEEN IVORY FIL COUPÉ CHIFFON SCARF RETAIL £420 BNWT,245.00,GBP,New with tags,,,smartdesignershopper,GB,,https://www.ebay.co.uk/itm/236766741489?_skw=Alexander+Mcqueen+Scarf&hash=item372065c3f1:g:vsUAAOSwZQplN7GH,,2026-04-22T13:35:55.737024+00:00,Alexander Mcqueen Scarf
ebay,v1|127818495305|0,Alexander McQueen Skull Scarf blue Silk Twill square 90 x 90 cm New with Tags,185.00,GBP,New with tags,,,kaz-sandvika,GB,,https://www.ebay.co.uk/itm/127818495305?_skw=Alexander+Mcqueen+Scarf&hash=item1dc2937549:g:nSsAAOSwOABnTHTF,,2026-04-22T13:35:55.737034+00:00,Alexander Mcqueen Scarf
ebay,v1|236766023668|0,Alexander McQueen - Brand New Classic Skull Scarf - RRP £470,99.50,GBP,New with tags,,,misslittleemily,GB,,https://www.ebay.co.uk/itm/236766023668?_skw=Alexander+Mcqueen+Scarf&hash=item37205acff4:g:~csAAeSwCbZp5M05,,2026-04-22T13:35:55.737038+00:00,Alexander Mcqueen Scarf
ebay,v1|178059359301|0,Alexander McQueen Brand New Classic Skull Scarf,234.70,GBP,New with tags,,,wbai-5,GB,,https://www.ebay.co.uk/itm/178059359301?_skw=Alexander+Mcqueen+Scarf&hash=item29752a3445:g:9m8AAeSwCmBp48yP,,2026-04-22T13:35:55.737041+00:00,Alexander Mcqueen Scarf
ebay,v1|206216748503|0,Alexander McQueen Skull Print Scarf 35 cm x 180 cm Wool Beige Pink,95.00,GBP,Pre-owned - Good,,,designer_exchange,GB,,https://www.ebay.co.uk/itm/206216748503?_skw=Alexander+Mcqueen+Scarf&hash=item300379ddd7:g:VFcAAeSwntxp5~Se,,2026-04-22T13:35:55.737045+00:00,Alexander Mcqueen Scarf
ebay,v1|157831784657|0,Alexander Mcqueen Logo-Embroidered Scarf In Black And White Linen Women E One,135.60,GBP,Pre-owned - Excellent,,,tribute-to-style,GB,,https://www.ebay.co.uk/itm/157831784657?_skw=Alexander+Mcqueen+Scarf&hash=item24bf81e8d1:g:bWkAAeSwxChp3YP2,,2026-04-22T13:35:55.737048+00:00,Alexander Mcqueen Scarf
ebay,v1|117140963790|0,Alexander McQueen Skull Scarf Pink Silk Twill Square 90 x 90 cm New with Tags,179.99,GBP,New with tags,,,kaz-sandvika,GB,,https://www.ebay.co.uk/itm/117140963790?_skw=Alexander+Mcqueen+Scarf&hash=item1b462541ce:g:9QsAAOSw1BFnTIOB,,2026-04-22T13:35:55.737051+00:00,Alexander Mcqueen Scarf
ebay,v1|397828402303|0,Alexander McQueen Silk Skull Scarf Genuine Black White Made In Italy Rare,177.50,GBP,Pre-owned - Good,,,grapes.n.apples,GB,,https://www.ebay.co.uk/itm/397828402303?_skw=Alexander+Mcqueen+Scarf&hash=item5ca06bac7f:g:NnIAAeSw7kpp2mLc,,2026-04-22T13:35:55.737056+00:00,Alexander Mcqueen Scarf
ebay,v1|327095810694|0,Brand New Alexander McQueen Razer Blade Print Scarf.,156.70,GBP,New without tags,,,adele012,GB,,https://www.ebay.co.uk/itm/327095810694?_skw=Alexander+Mcqueen+Scarf&hash=item4c286dfa86:g:pfQAAeSw0Ulp2UTN,,2026-04-22T13:35:55.737060+00:00,Alexander Mcqueen Scarf
ebay,v1|277875615621|0,Alexander McQueen Graffiti Scarf,146.30,GBP,Pre-owned - Good,,,rainbowjjmm,GB,,https://www.ebay.co.uk/itm/277875615621?_skw=Alexander+Mcqueen+Scarf&hash=item40b2ad6785:g:JfsAAeSweSZp1n1J,,2026-04-22T13:35:55.737063+00:00,Alexander Mcqueen Scarf
ebay,v1|178030652405|0,Alexander McQueen Silk Skull Scarf Blue Fair Condition,63.10,GBP,Pre-owned - Fair,,,campbell_02,GB,,https://www.ebay.co.uk/itm/178030652405?_skw=Alexander+Mcqueen+Scarf&hash=item2973742bf5:g:zz4AAeSw1ldp1TkV,,2026-04-22T13:35:55.737066+00:00,Alexander Mcqueen Scarf
ebay,v1|327088334682|0,"Alexander McQueen Silk Skull Scarf  Authentic, Great Condition Yellow & Beige",52.70,GBP,Pre-owned - Good,,,todd3716,GB,,https://www.ebay.co.uk/itm/327088334682?_skw=Alexander+Mcqueen+Scarf&hash=item4c27fbe75a:g:mdgAAeSwA4Fp04Bk,,2026-04-22T13:35:55.737069+00:00,Alexander Mcqueen Scarf
ebay,v1|277869097600|0,Alexander McQueen A/W 2008 'Queen Elizabeth Portrait' Silk Scarf,208.70,GBP,New with imperfections,,,tratracharri,GB,,https://www.ebay.co.uk/itm/277869097600?_skw=Alexander+Mcqueen+Scarf&hash=item40b249f280:g:gQsAAeSwENFp03xh,,2026-04-22T13:35:55.737072+00:00,Alexander Mcqueen Scarf
ebay,v1|127793641639|0,Alexander McQueen White Silk Skull Scarf Rolled Edges Square 90 x 90 New W/Tags,175.00,GBP,New with tags,,,kaz-sandvika,GB,,https://www.ebay.co.uk/itm/127793641639?_skw=Alexander+Mcqueen+Scarf&hash=item1dc11838a7:g:oPkAAeSwoYRoX9~s,,2026-04-22T13:35:55.737075+00:00,Alexander Mcqueen Scarf
ebay,v1|257443910534|0,Alexander McQueen Black & White Biker Skull Scarf Brand New,149.00,GBP,New with tags,,,capitalistboy,GB,,https://www.ebay.co.uk/itm/257443910534?_skw=Alexander+Mcqueen+Scarf&hash=item3bf0da5386:g:x9sAAeSwaiJp0lu5,,2026-04-22T13:35:55.737080+00:00,Alexander Mcqueen Scarf
ebay,v1|117125536031|0,Alexander McQueen Silk Skull Scarf Grey Yellow Excellent Condition Rolled Edges,139.99,GBP,Pre-owned - Good,,,kaz-sandvika,GB,,https://www.ebay.co.uk/itm/117125536031?_skw=Alexander+Mcqueen+Scarf&hash=item1b4539d91f:g:Lv0AAeSwxp5pAfzG,,2026-04-22T13:35:55.737083+00:00,Alexander Mcqueen Scarf
ebay,v1|366326982145|0,Alexander McQueen Skull Ribbon Scarf Thin Scarf Tie,57.90,GBP,New with tags,,,schdwn,GB,,https://www.ebay.co.uk/itm/366326982145?_skw=Alexander+Mcqueen+Scarf&hash=item554aca2601:g:4M8AAeSwcVRp0SAH,,2026-04-22T13:35:55.737087+00:00,Alexander Mcqueen Scarf
ebay,v1|198249386465|0,Alexander McQueen Wool Silk Scarf RRP £395 New,245.00,GBP,New with tags,,,wardrobeln,GB,,https://www.ebay.co.uk/itm/198249386465?_skw=Alexander+Mcqueen+Scarf&hash=item2e289591e1:g:XTAAAeSwPGtpQd~P,,2026-04-22T13:35:55.737089+00:00,Alexander Mcqueen Scarf
ebay,v1|298183705564|0,Alexander McQueen Women's Scarf,208.70,GBP,New with tags,,,charlotteloves13,GB,,https://www.ebay.co.uk/itm/298183705564?_skw=Alexander+Mcqueen+Scarf&hash=item456d2243dc:g:rUwAAeSw39BpzYYk,,2026-04-22T13:35:55.737093+00:00,Alexander Mcqueen Scarf
ebay,v1|127784503115|0,Alexander McQueen Lana Wool blue green Reversible Skull Scarf Fringed Edge New,179.99,GBP,New with tags,,,kaz-sandvika,GB,,https://www.ebay.co.uk/itm/127784503115?_skw=Alexander+Mcqueen+Scarf&hash=item1dc08cc74b:g:BZgAAOSw8D5nQ0~8,,2026-04-22T13:35:55.737096+00:00,Alexander Mcqueen Scarf
ebay,v1|168277302259|0,Alexander McQueen Cashmere Scarf Camel Fringed Logo Luxury Made in Italy,275.00,GBP,New with tags,,,luxuryxarr,GB,,https://www.ebay.co.uk/itm/168277302259?_skw=Alexander+Mcqueen+Scarf&hash=item272e1bdbf3:g:DwIAAeSw0z9pz3rG,,2026-04-22T13:35:55.737101+00:00,Alexander Mcqueen Scarf
ebay,v1|168277292072|0,Alexander McQueen Skull-Printed Wool Scarf Black Blue Fringed Unisex Italy,175.00,GBP,New with tags,,,luxuryxarr,GB,,https://www.ebay.co.uk/itm/168277292072?_skw=Alexander+Mcqueen+Scarf&hash=item272e1bb428:g:-kEAAeSw8~ppNwMK,,2026-04-22T13:35:55.737104+00:00,Alexander Mcqueen Scarf
ebay,v1|168277292109|0,"Alexander McQueen Down Seal Scarf – Black Wool Modal Blend, Unisex, One Size",195.00,GBP,New with tags,,,luxuryxarr,GB,,https://www.ebay.co.uk/itm/168277292109?_skw=Alexander+Mcqueen+Scarf&hash=item272e1bb44d:g:rfAAAeSw8floWwlh,,2026-04-22T13:35:55.737108+00:00,Alexander Mcqueen Scarf
ebay,v1|168277292191|0,Alexander McQueen Skull Print Wool Scarf Black/Ivory 100% Luxury Wool One Size,175.00,GBP,New with tags,,,luxuryxarr,GB,,https://www.ebay.co.uk/itm/168277292191?_skw=Alexander+Mcqueen+Scarf&hash=item272e1bb49f:g:4VsAAeSwiSJpz6HN,,2026-04-22T13:35:55.737111+00:00,Alexander Mcqueen Scarf
ebay,v1|168277292195|0,Alexander McQueen Graffiti Plaid Wool Scarf Black Blue Unisex Made in Italy,295.00,GBP,New with tags,,,luxuryxarr,GB,,https://www.ebay.co.uk/itm/168277292195?_skw=Alexander+Mcqueen+Scarf&hash=item272e1bb4a3:g:eFkAAeSwcN1pz6Fx,,2026-04-22T13:35:55.737114+00:00,Alexander Mcqueen Scarf
ebay,v1|168277289805|0,"Alexander McQueen Biker Skull Scarf Ivory – 100% Wool, Unisex Luxury Designer",195.00,GBP,New with tags,,,luxuryxarr,GB,,https://www.ebay.co.uk/itm/168277289805?_skw=Alexander+Mcqueen+Scarf&hash=item272e1bab4d:g:-RoAAeSwQbton7qI,,2026-04-22T13:35:55.737119+00:00,Alexander Mcqueen Scarf
ebay,v1|168277289808|0,Alexander McQueen Mushroom Skeleton Foulard Silk Scarf Multicolour Made in Italy,175.00,GBP,New with tags,,,luxuryxarr,GB,,https://www.ebay.co.uk/itm/168277289808?_skw=Alexander+Mcqueen+Scarf&hash=item272e1bab50:g:XsQAAOSwflZnZ0CT,,2026-04-22T13:35:55.737125+00:00,Alexander Mcqueen Scarf
ebay,v1|168277289651|0,"Alexander McQueen Skull Print Scarf – Beige Wool, Signature Logo, Unisex",325.00,GBP,New with tags,,,luxuryxarr,GB,,https://www.ebay.co.uk/itm/168277289651?_skw=Alexander+Mcqueen+Scarf&hash=item272e1baab3:g:VzcAAeSw21loo2qP,,2026-04-22T13:35:55.737129+00:00,Alexander Mcqueen Scarf
ebay,v1|168277289655|0,Alexander McQueen Blue Graffiti Logo Print Scarf Wool Unisex 220cm Made In Italy,195.00,GBP,New with tags,,,luxuryxarr,GB,,https://www.ebay.co.uk/itm/168277289655?_skw=Alexander+Mcqueen+Scarf&hash=item272e1baab7:g:YiYAAeSw~mxpNwKW,,2026-04-22T13:35:55.737132+00:00,Alexander Mcqueen Scarf
ebay,v1|168277289704|0,Alexander McQueen Black Cashmere Scarf Men Women Logo Embroidered Italy 180cm,292.00,GBP,New with tags,,,luxuryxarr,GB,,https://www.ebay.co.uk/itm/168277289704?_skw=Alexander+Mcqueen+Scarf&hash=item272e1baae8:g:BkQAAeSwcyxpNwLP,,2026-04-22T13:35:55.737136+00:00,Alexander Mcqueen Scarf
ebay,v1|168277289721|0,Alexander McQueen Men’s Scarf with Logo – Black/White Luxury Designer Wool Blend,195.00,GBP,New with tags,,,luxuryxarr,GB,,https://www.ebay.co.uk/itm/168277289721?_skw=Alexander+Mcqueen+Scarf&hash=item272e1baaf9:g:0REAAeSwkcton1SX,,2026-04-22T13:35:55.737141+00:00,Alexander Mcqueen Scarf
ebay,v1|168277289746|0,Alexander McQueen Wool Reversible Skull Print Scarf Black White Unisex Italy,215.00,GBP,New with tags,,,luxuryxarr,GB,,https://www.ebay.co.uk/itm/168277289746?_skw=Alexander+Mcqueen+Scarf&hash=item272e1bab12:g:etsAAOSwazRl0ham,,2026-04-22T13:35:55.737144+00:00,Alexander Mcqueen Scarf
ebay,v1|168277286218|0,Alexander McQueen Skull Print Reversible Wool Scarf Red Orange Unisex,225.00,GBP,New with tags,,,luxuryxarr,GB,,https://www.ebay.co.uk/itm/168277286218?_skw=Alexander+Mcqueen+Scarf&hash=item272e1b9d4a:g:CS4AAOSwP5Zl0pOw,,2026-04-22T13:35:55.737149+00:00,Alexander Mcqueen Scarf
ebay,v1|188225251363|0,Alexander McQueen Skull Silk Scarf | Cashmere Blend Lining | Excellent Condition,291.90,GBP,Pre-owned - Excellent,,,muir2011,GB,,https://www.ebay.co.uk/itm/188225251363?_skw=Alexander+Mcqueen+Scarf&hash=item2bd3196823:g:UaAAAeSwuTxpylF~,,2026-04-22T13:35:55.737152+00:00,Alexander Mcqueen Scarf
ebay,v1|137178179160|0,Alexander McQueen Women's Scarf,71.37,GBP,New with tags,,,jeanjoh-9414,GB,,https://www.ebay.co.uk/itm/137178179160?_skw=Alexander+Mcqueen+Scarf&hash=item1ff074e658:g:K6sAAeSwSSBpyWE1,,2026-04-22T13:35:55.737157+00:00,Alexander Mcqueen Scarf
ebay,v1|327074693785|0,Alexander McQueen Scarf,104.70,GBP,Pre-owned - Excellent,,,ald-1212,GB,,https://www.ebay.co.uk/itm/327074693785?_skw=Alexander+Mcqueen+Scarf&hash=item4c272bc299:g:MWEAAeSwOzRpyT3M,,2026-04-22T13:35:55.737160+00:00,Alexander Mcqueen Scarf
ebay,v1|358385122615|0,ALEXANDER MCQUEEN MONOCHROME SKULL DESIGN 50cm x 50cm SQUARE COTTON SCARF,94.99,GBP,New with tags,,,wxl67,GB,,https://www.ebay.co.uk/itm/358385122615?_skw=Alexander+Mcqueen+Scarf&hash=item53716afd37:g:UjQAAOSwiXlnQ1Pj,,2026-04-22T13:35:55.737163+00:00,Alexander Mcqueen Scarf
ebay,v1|137175767953|0,Alexander McQueen Women's Scarf,78.70,GBP,New without tags,,,jeanjoh-9414,GB,,https://www.ebay.co.uk/itm/137175767953?_skw=Alexander+Mcqueen+Scarf&hash=item1ff0501b91:g:tesAAeSwSqlpyDUW,,2026-04-22T13:35:55.737165+00:00,Alexander Mcqueen Scarf
ebay,v1|397814003981|0,"Scarf SHAWL ALEXANDER McQUEEN NEW, Black and white,New Collection RRP 300 SKULL",197.26,GBP,New without tags,,,pijac26,GB,,https://www.ebay.co.uk/itm/397814003981?_skw=Alexander+Mcqueen+Scarf&hash=item5c9f8ff90d:g:kJgAAOSw21pfvCea,,2026-04-22T13:35:55.737181+00:00,Alexander Mcqueen Scarf
ebay,v1|397851223551|0,Alexander McQueen Butterfly And Skull Scarf Multicoloured,93.26,GBP,Pre-owned - Good,,,lauz_5813,GB,,https://www.ebay.co.uk/itm/397851223551?_skw=Alexander+Mcqueen+Scarf&hash=item5ca1c7e5ff:g:yKwAAeSwAvJpupeK,,2026-04-22T13:35:55.737196+00:00,Alexander Mcqueen Scarf
ebay,v1|277908234877|0,Alexander McQueen Silk Skull Scarf 100%,182.70,GBP,New with tags,,,euphemia1933,GB,,https://www.ebay.co.uk/itm/277908234877?_skw=Alexander+Mcqueen+Scarf&hash=item40b49f227d:g:8NQAAeSwdeNo8ko4,,2026-04-22T13:35:55.737520+00:00,Alexander Mcqueen Scarf
ebay,v1|127819142087|0,Alexander McQueen filcoupe ruby rock silk mix scarf 70 x 195 BNWT RRP £420,270.06,GBP,New with tags,,,mickfeld,GB,,https://www.ebay.co.uk/itm/127819142087?_skw=Alexander+Mcqueen+Scarf&hash=item1dc29d53c7:g:LoYAAOSw3VBnObcQ,,2026-04-22T13:35:55.737678+00:00,Alexander Mcqueen Scarf
ebay,v1|287345349151|0,NEW Alexander McQueen Scarf Aquatic Skull Scarf in Red,215.00,GBP,New with tags,,,marusia2023,GB,,https://www.ebay.co.uk/itm/287345349151?_skw=Alexander+Mcqueen+Scarf&hash=item42e71e121f:g:qoUAAOSw6YtZPt4a,,2026-05-23T11:52:34.874358+00:00,Alexander Mcqueen Scarf
ebay,v1|278005477235|0,Alexander McQueen Womens Pink & Grey Double Sided Tassel Wool & Silk Blend Scarf,99.50,GBP,Pre-owned - Good,,,matchajenny,GB,,https://www.ebay.co.uk/itm/278005477235?_skw=Alexander+Mcqueen+Scarf&hash=item40ba6aef73:g:I2YAAeSwNF5qDdPw,,2026-05-23T11:52:34.874394+00:00,Alexander Mcqueen Scarf
ebay,v1|267675156812|0,Alexander McQueen Mens Black 100% Silk Skull Print Tassels Scarf,119.00,GBP,Pre-owned - Excellent,,,annas-pride,GB,,https://www.ebay.co.uk/itm/267675156812?_skw=Alexander+Mcqueen+Scarf&hash=item3e52aec14c:g:3qQAAeSwBspqDYMP,,2026-05-23T11:52:34.874405+00:00,Alexander Mcqueen Scarf
ebay,v1|267675145829|0,Alexander McQueen Mens Navy Green 100% Silk Skull Print Tassels Scarf,119.00,GBP,Pre-owned - Excellent,,,annas-pride,GB,,https://www.ebay.co.uk/itm/267675145829?_skw=Alexander+Mcqueen+Scarf&hash=item3e52ae9665:g:Br0AAeSwQIpqDX8K,,2026-05-23T11:52:34.874414+00:00,Alexander Mcqueen Scarf
ebay,v1|236825711481|0,ALEXANDER McQUEEN POMPOM SKULL SCARF MADE IN ITALY RETAIL £450 120cm x 120cm,265.00,GBP,New with tags,,,smartdesignershopper,GB,,https://www.ebay.co.uk/itm/236825711481?_skw=Alexander+Mcqueen+Scarf&hash=item3723e99379:g:koMAAOSw4b1cNiwt,,2026-05-23T11:52:34.874419+00:00,Alexander Mcqueen Scarf
ebay,v1|287340229512|0,ALEXANDER MCQUEEN BLACK COTTON SCARF,132.00,GBP,Pre-owned - Good,,,nikkibradford,GB,,https://www.ebay.co.uk/itm/287340229512?_skw=Alexander+Mcqueen+Scarf&hash=item42e6cff388:g:ciwAAeSwzJ1qDA6F,,2026-05-23T11:52:34.874426+00:00,Alexander Mcqueen Scarf
ebay,v1|318322222833|0,Alexander McQueen Mushroom & Skeleton Print Silk Scarf,250.30,GBP,New with tags,,,yonvonkim,GB,,https://www.ebay.co.uk/itm/318322222833?_skw=Alexander+Mcqueen+Scarf&hash=item4a1d7ba6f1:g:dXEAAeSwQdhqCxHL,,2026-05-23T11:52:34.874431+00:00,Alexander Mcqueen Scarf
ebay,v1|127870212061|0,Alexander McQueen Silk Skull Scarf Ivory Black BNWT with McQueen gift box,135.00,GBP,New with tags,,,mickfeld,GB,,https://www.ebay.co.uk/itm/127870212061?_skw=Alexander+Mcqueen+Scarf&hash=item1dc5a897dd:g:qWgAAeSwLPFpKW50,,2026-05-23T11:52:34.874435+00:00,Alexander Mcqueen Scarf
ebay,v1|157915925444|0,Authentic ALEXANDER MCQUEEN 100% Silk Scarf 104x120cm Iconic Skull Pink  Italy,172.29,GBP,New with tags,,,59boxes,GB,,https://www.ebay.co.uk/itm/157915925444?_skw=Alexander+Mcqueen+Scarf&hash=item24c485cbc4:g:2OYAAOSwCR9csQZy,,2026-05-23T11:52:34.874440+00:00,Alexander Mcqueen Scarf
ebay,v1|157915925414|0,Authentic ALEXANDER MCQUEEN 100% Silk Scarf 104x120cm Iconic Skull Pink  Italy,172.29,GBP,New with tags,,,59boxes,GB,,https://www.ebay.co.uk/itm/157915925414?_skw=Alexander+Mcqueen+Scarf&hash=item24c485cba6:g:2OYAAOSwCR9csQZy,,2026-05-23T11:52:34.874445+00:00,Alexander Mcqueen Scarf
ebay,v1|358559179334|0,Alexander McQueen Large Skeleton Pearly King Embroidered Scarf/Shawl,312.70,GBP,New with tags,,,chris690825,GB,,https://www.ebay.co.uk/itm/358559179334?_skw=Alexander+Mcqueen+Scarf&hash=item537bcae246:g:ERUAAeSwX9xqBzq8,,2026-05-23T11:52:34.874450+00:00,Alexander Mcqueen Scarf
ebay,v1|318301256964|0,Shawl/scarf From Alexander McQueen,65.00,GBP,Pre-owned - Excellent,,,theclothesvault26,GB,,https://www.ebay.co.uk/itm/318301256964?_skw=Alexander+Mcqueen+Scarf&hash=item4a1c3bbd04:g:6J8AAeSwRZlqBa4b,,2026-05-23T11:52:34.874455+00:00,Alexander Mcqueen Scarf
ebay,v1|366406669826|0,Alexander McQueen Wild Botanical Skull Print Scarf 138cm x 138cm - Made In Italy,310.00,GBP,New with tags,,,gingercat444,GB,,https://www.ebay.co.uk/itm/366406669826?_skw=Alexander+Mcqueen+Scarf&hash=item554f8a1602:g:EtAAAeSwgsVqBK0s,,2026-05-23T11:52:34.874459+00:00,Alexander Mcqueen Scarf
ebay,v1|277984108530|0,Alexander McQueen Women's Scarf Coral And Purple Leopard And Skull Print,130.70,GBP,Pre-owned - Excellent,,,*jent*,GB,,https://www.ebay.co.uk/itm/277984108530?_skw=Alexander+Mcqueen+Scarf&hash=item40b924dff2:g:2W8AAeSwtppqBTXU,,2026-05-23T11:52:34.874465+00:00,Alexander Mcqueen Scarf
ebay,v1|257503618402|0,Alexander McQueen Silk Skull Scarf 60 x 60 Cm,156.70,GBP,New with tags,,,london_fine_closet,GB,,https://www.ebay.co.uk/itm/257503618402?_skw=Alexander+Mcqueen+Scarf&hash=item3bf4696562:g:X-UAAeSwBS5pXrbr,,2026-05-23T11:52:34.874470+00:00,Alexander Mcqueen Scarf
ebay,v1|127877477021|0,Alexander McQueen filcoupe ruby rock silk mix scarf 70 x 195 BNWT RRP £420,270.06,GBP,New with tags,,,mickfeld,GB,,https://www.ebay.co.uk/itm/127877477021?_skw=Alexander+Mcqueen+Scarf&hash=item1dc617729d:g:LoYAAOSw3VBnObcQ,,2026-05-23T11:52:34.874475+00:00,Alexander Mcqueen Scarf
ebay,v1|147303872144|0,BNWT Alexander McQueen Mythical Creature Silk Satin Scarf Floral Butterfly,260.69,GBP,New with tags,,,thecoileddragon,GB,,https://www.ebay.co.uk/itm/147303872144?_skw=Alexander+Mcqueen+Scarf&hash=item224bfeb690:g:8jEAAeSwZZBqAIs0,,2026-05-23T11:52:34.874489+00:00,Alexander Mcqueen Scarf
ebay,v1|327147663296|0,"Rare Limited Edition Alexander McQueen Unisex 260cm Skeleton Scarf, BNWT",310.00,GBP,New with tags,,,greenwells,GB,,https://www.ebay.co.uk/itm/327147663296?_skw=Alexander+Mcqueen+Scarf&hash=item4c2b852fc0:g:oRcAAeSw0mNp~yEP,,2026-05-23T11:52:34.874493+00:00,Alexander Mcqueen Scarf
ebay,v1|397924824422|0,Alexander McQueen Silk Skull Scarf Genuine Black White Made In Italy Rare,191.02,GBP,Pre-owned - Good,,,grapes.n.apples,GB,,https://www.ebay.co.uk/itm/397924824422?_skw=Alexander+Mcqueen+Scarf&hash=item5ca62af566:g:NnIAAeSw7kpp2mLc,,2026-05-23T11:52:34.874498+00:00,Alexander Mcqueen Scarf
ebay,v1|137283762327|0,Alexander McQueen Skull Scarf,104.70,GBP,New without tags,,,hannagallache_6,GB,,https://www.ebay.co.uk/itm/137283762327?_skw=Alexander+Mcqueen+Scarf&hash=item1ff6bff897:g:jx4AAeSwQIpp-gGa,,2026-05-23T11:52:34.874502+00:00,Alexander Mcqueen Scarf
ebay,v1|127847491553|0,Alexander McQueen Scarf Large Silk God Save McQueen Union Jack New with Tags,779.00,GBP,New with tags,,,kaz-sandvika,GB,,https://www.ebay.co.uk/itm/127847491553?_skw=Alexander+Mcqueen+Scarf&hash=item1dc44de7e1:g:dFAAAeSw4-ppGI3C,,2026-05-23T11:52:34.874507+00:00,Alexander Mcqueen Scarf
ebay,v1|147294354550|0,Alexander McQueen yellow large Scarf 100% fine wool 138x138cm,83.90,GBP,Pre-owned - Good,,,evarose_mcmxxciii,GB,,https://www.ebay.co.uk/itm/147294354550?_skw=Alexander+Mcqueen+Scarf&hash=item224b6d7c76:g:9McAAOSww2Jk1nrD,,2026-05-23T11:52:34.874511+00:00,Alexander Mcqueen Scarf
ebay,v1|397910842607|0,Alexander McQueen Pink Silk Scarf with Skull Pattern,104.70,GBP,New without tags,,,alextama0,GB,,https://www.ebay.co.uk/itm/397910842607?_skw=Alexander+Mcqueen+Scarf&hash=item5ca5559cef:g:QTkAAeSw0t5p-KU6,,2026-05-23T11:52:34.874515+00:00,Alexander Mcqueen Scarf
ebay,v1|127845547434|0,Rare Large Alexander McQueen Skeleton Skull Dragonfly Scarf - 100% Silk - Italy,167.09,GBP,Pre-owned - Excellent,,,anastzim_60,GB,,https://www.ebay.co.uk/itm/127845547434?_skw=Alexander+Mcqueen+Scarf&hash=item1dc4303daa:g:p3oAAeSwuqdp-Hmd,,2026-05-23T11:52:34.874520+00:00,Alexander Mcqueen Scarf
ebay,v1|206249962105|0,Alexander McQueen Silk Skull Scarf Vintage Yellow And Red,156.70,GBP,Pre-owned - Excellent,,,kateybls,GB,,https://www.ebay.co.uk/itm/206249962105?_skw=Alexander+Mcqueen+Scarf&hash=item300574aa79:g:OikAAeSw1Hpp963r,,2026-05-23T11:52:34.874524+00:00,Alexander Mcqueen Scarf
ebay,v1|287309888718|0,Brand New Alexander McQueen Cashmere Logo Branded Fringed Scarf,90.50,GBP,New with tags,,,goodysprout,GB,,https://www.ebay.co.uk/itm/287309888718?_skw=Alexander+Mcqueen+Scarf&hash=item42e500fcce:g:X~UAAOSwx6JoCULK,,2026-05-23T11:52:34.874529+00:00,Alexander Mcqueen Scarf
ebay,v1|366384156245|0,Alexander McQueen Silk Scarf 100% Genuine black / pink,57.90,GBP,Pre-owned - Good,,,jacquhollin-0,GB,,https://www.ebay.co.uk/itm/366384156245?_skw=Alexander+Mcqueen+Scarf&hash=item554e328e55:g:MCMAAeSw0Plp9j-K,,2026-05-23T11:52:34.874533+00:00,Alexander Mcqueen Scarf
ebay,v1|366384145396|0,Genuine Alexander McQUEEN black/white scarf  120cm x 140cm,57.90,GBP,Pre-owned - Good,,,jacquhollin-0,GB,,https://www.ebay.co.uk/itm/366384145396?_skw=Alexander+Mcqueen+Scarf&hash=item554e3263f4:g:2OIAAeSwFbNp9j5U,,2026-05-23T11:52:34.874538+00:00,Alexander Mcqueen Scarf
ebay,v1|366384138861|0,Genuine Alexander McQUEEN  black white skull scarf 100% Authentic 120cm x 140cm,73.49,GBP,Pre-owned - Good,,,jacquhollin-0,GB,,https://www.ebay.co.uk/itm/366384138861?_skw=Alexander+Mcqueen+Scarf&hash=item554e324a6d:g:pzgAAeSw7LFp9jyH,,2026-05-23T11:52:34.874543+00:00,Alexander Mcqueen Scarf
ebay,v1|147288220567|0,Alexander Mcqueen Green Red Orange Fine Silk Semi Sheer Scarf Large,130.70,GBP,Pre-owned - Good,,,tattily100,GB,,https://www.ebay.co.uk/itm/147288220567?_skw=Alexander+Mcqueen+Scarf&hash=item224b0fe397:g:HmUAAeSw8oNp9NBo,,2026-05-23T11:52:34.874555+00:00,Alexander Mcqueen Scarf
ebay,v1|117168056042|0,Alexander McQueen Skull Scarf black white Print Twill 90 x 90 New with Tags,180.00,GBP,New with tags,,,kaz-sandvika,GB,,https://www.ebay.co.uk/itm/117168056042?_skw=Alexander+Mcqueen+Scarf&hash=item1b47c2a6ea:g:V2AAAOSw6uVnTHK0,,2026-05-23T11:52:34.874563+00:00,Alexander Mcqueen Scarf
ebay,v1|178084171224|0,ALEXANDER McQUEEN Animal Print Faux Fur Scarf Shawl Wrap NEW + TAG,179.99,GBP,New with tags,,,british-emporium-clothing,GB,,https://www.ebay.co.uk/itm/178084171224?_skw=Alexander+Mcqueen+Scarf&hash=item2976a4cdd8:g:Xj0AAOSw7cVZjcI5,,2026-05-23T11:52:34.874568+00:00,Alexander Mcqueen Scarf
ebay,v1|257476724949|0,ALEXANDER McQUEEN Grey Biker Skull Scarf Shawl Wrap 140 x 120cm UNISEX NEW + TAG,129.99,GBP,New with tags,,,british-emporium-clothing,GB,,https://www.ebay.co.uk/itm/257476724949?_skw=Alexander+Mcqueen+Scarf&hash=item3bf2cf08d5:g:OH4AAOSwy5hkkpve,,2026-05-23T11:52:34.874573+00:00,Alexander Mcqueen Scarf
ebay,v1|327125138756|0,Alexander McQueen Red Skull Silk Scarf Black Sheer Gothic Luxury Italy,362.67,GBP,Pre-owned - Excellent,,,veeralim87,GB,,https://www.ebay.co.uk/itm/327125138756?_skw=Alexander+Mcqueen+Scarf&hash=item4c2a2d7d44:g:tEwAAeSwSx9p7kwk,,2026-05-23T11:52:34.874582+00:00,Alexander Mcqueen Scarf
ebay,v1|358485915543|0,Archive Alexander McQueen Genuine Rabbit Fur Stole / Scarf NEW with Tags,669.70,GBP,New with tags,,,pamela_1780,GB,,https://www.ebay.co.uk/itm/358485915543?_skw=Alexander+Mcqueen+Scarf&hash=item53776cf797:g:zXoAAeSwDPJp7LvA,,2026-05-23T11:52:34.874589+00:00,Alexander Mcqueen Scarf
ebay,v1|366368746092|0,Alexander McQueen Silk Skull Scarf,156.70,GBP,Pre-owned - Excellent,,,jingxili-0,GB,,https://www.ebay.co.uk/itm/366368746092?_skw=Alexander+Mcqueen+Scarf&hash=item554d476a6c:g:kJ4AAeSwl6Zp7Ihj,,2026-05-23T11:52:34.874594+00:00,Alexander Mcqueen Scarf
ebay,v1|178075074932|0,"Alexander McQueen Scarf 39"" X 50"" Women's Black Silk Skulls Lightweight Large",69.99,GBP,Pre-owned - Good,,,onlinevintageuk,GB,,https://www.ebay.co.uk/itm/178075074932?_skw=Alexander+Mcqueen+Scarf&hash=item29761a0174:g:UgkAAeSwCbZp6ctX,,2026-05-23T11:52:34.874599+00:00,Alexander Mcqueen Scarf
ebay,v1|198305382310|0,Alexander McQueen Wool Silk Scarf RRP £395 New,245.00,GBP,New with tags,,,wardrobeln,GB,,https://www.ebay.co.uk/itm/198305382310?_skw=Alexander+Mcqueen+Scarf&hash=item2e2bebffa6:g:XTAAAeSwPGtpQd~P,,2026-05-23T11:52:34.874604+00:00,Alexander Mcqueen Scarf
ebay,v1|287338773072|0,Alexander McQueen Skull Scarf,156.70,GBP,Pre-owned - Excellent,,,rossevantaylor82,GB,,https://www.ebay.co.uk/itm/287338773072?_skw=Alexander+Mcqueen+Scarf&hash=item42e6b9ba50:g:35IAAeSwKzJp5hIq,,2026-05-23T11:52:34.874632+00:00,Alexander Mcqueen Scarf
ebay,v1|287253567056|0,Brand New Alexander McQueen Blown Up Selvedge  Wool & Cashmere Scarf,115.99,GBP,New with tags,,,goodysprout,GB,,https://www.ebay.co.uk/itm/287253567056?_skw=Alexander+Mcqueen+Scarf&hash=item42e1a59650:g:KIQAAOSw0ltnTMwl,,2026-05-23T11:52:34.874714+00:00,Alexander Mcqueen Scarf
ebay,v1|127740213989|0,Alexander McQueen Skull Print Multicolour Silk Scarf,95.00,GBP,Pre-owned - Good,,,thelittledressshop,GB,,https://www.ebay.co.uk/itm/127740213989?_skw=Alexander+Mcqueen+Scarf&hash=item1dbde8fae5:g:FA4AAeSw8TRpr9Tw,,2026-05-23T11:52:34.874868+00:00,Alexander Mcqueen Scarf
ebay,v1|127740198103|0,Alexander McQueen Skull Print – Blue/White Polka Dot Wool Scarf,95.00,GBP,Pre-owned - Good,,,thelittledressshop,GB,,https://www.ebay.co.uk/itm/127740198103?_skw=Alexander+Mcqueen+Scarf&hash=item1dbde8bcd7:g:IjcAAeSwykppr9cK,,2026-05-23T11:52:34.874873+00:00,Alexander Mcqueen Scarf
ebay,v1|377186575801|0,"Alexander McQueen Blue Scarf,",94.99,GBP,Pre-owned - Good,,,the.cirkel,GB,,https://www.ebay.co.uk/itm/377186575801?_skw=Alexander+Mcqueen+Scarf&hash=item57d21265b9:g:NfAAAeSwupBovqU-,,2026-05-23T11:52:34.875471+00:00,Alexander Mcqueen Scarf
ebay,v1|318295651394|0,Alexander McQueen - 100% Italian Silk - colour Block skull scarf - BNWT,234.70,GBP,New with tags,,,dinx-393,GB,,https://www.ebay.co.uk/itm/318295651394?_skw=Alexander+Mcqueen+Scarf&hash=item4a1be63442:g:mDoAAOSwY8ViLLzw,,2026-05-23T11:52:34.875634+00:00,Alexander Mcqueen Scarf
