platform,item_id,title,price,currency,condition,brand,size,seller,location,image_url,url,listed_at,fetched_at,search_query
ebay,v1|257398645073|0,ALL SAINTS Leather Blazer SURVEY Jacket Mens XXL Black Buffalo Celebrity 2XL,369.99,GBP,Pre-owned - Excellent,,,londonink,GB,,https://www.ebay.co.uk/itm/257398645073?_skw=All+Saints+Leather+Jacket&hash=item3bee27a151:g:JAoAAOSwr9NoGTb-,,2026-03-10T13:32:49.125916+00:00,All Saints Leather Jacket
ebay,v1|257398645071|0,ALL SAINTS Leather Blazer Jacket Mens SMALL Waxed Suede Celebrity Grail SURVEY,259.99,GBP,Pre-owned - Good,,,londonink,GB,,https://www.ebay.co.uk/itm/257398645071?_skw=All+Saints+Leather+Jacket&hash=item3bee27a14f:g:hVcAAeSw-35pamDT,,2026-03-10T13:32:49.125948+00:00,All Saints Leather Jacket
ebay,v1|206125055666|0,Allsaints Jones Bomber Jacket Leather XXL,156.70,GBP,Pre-owned - Excellent,,,mark_hill,GB,,https://www.ebay.co.uk/itm/206125055666?_skw=All+Saints+Leather+Jacket&hash=item2ffe02beb2:g:x7MAAeSwYs9psAXK,,2026-03-10T13:32:49.125954+00:00,All Saints Leather Jacket
ebay,v1|206125055333|0,All Saints Milo Black Leather Biker Jacket Size XXL,208.70,GBP,Pre-owned - Excellent,,,mark_hill,GB,,https://www.ebay.co.uk/itm/206125055333?_skw=All+Saints+Leather+Jacket&hash=item2ffe02bd65:g:u1sAAeSwEGZpsAU~,,2026-03-10T13:32:49.125959+00:00,All Saints Leather Jacket
ebay,v1|277789840224|0,Allsaints Leather Bomber Jacket ‘Kino’ Mocha/Grey Size L Large,52.70,GBP,Pre-owned - Excellent,,,garcia75_2008,GB,,https://www.ebay.co.uk/itm/277789840224?_skw=All+Saints+Leather+Jacket&hash=item40ad909360:g:aHYAAeSwUN9pr~1B,,2026-03-10T13:32:49.125964+00:00,All Saints Leather Jacket
ebay,v1|257398503608|0,ALL SAINTS Suede Leather Jacket Mens MEDIUM Black M Biker Bomber Celebrity KIRK,229.99,GBP,Pre-owned - Excellent,,,londonink,GB,,https://www.ebay.co.uk/itm/257398503608?_skw=All+Saints+Leather+Jacket&hash=item3bee2578b8:g:~w0AAOSw7x9oQex5,,2026-03-10T13:32:49.125967+00:00,All Saints Leather Jacket
ebay,v1|127730877144|0,ALLSAINTS Keaton Denim Leather Sleeves Trucker Biker Moto Jacket UK 12,102.62,GBP,Pre-owned - Good,,,catsclaw12,GB,,https://www.ebay.co.uk/itm/127730877144?_skw=All+Saints+Leather+Jacket&hash=item1dbd5a82d8:g:ZT0AAeSwGZJo85D9,,2026-03-10T13:32:49.125971+00:00,All Saints Leather Jacket
ebay,v1|257398503602|0,ALL SAINTS Shearling Leather Jacket LARGE Mens  Sheepskin Coat Celebrity REIDUN,799.99,GBP,Pre-owned - Excellent,,,londonink,GB,,https://www.ebay.co.uk/itm/257398503602?_skw=All+Saints+Leather+Jacket&hash=item3bee2578b2:g:FAsAAOSwfQ1kfeSI,,2026-03-10T13:32:49.125976+00:00,All Saints Leather Jacket
ebay,v1|327037608842|0,All Saints Quilted Men’s Leather Jacket,104.70,GBP,Pre-owned - Excellent,,,incredible_mr_a,GB,,https://www.ebay.co.uk/itm/327037608842?_skw=All+Saints+Leather+Jacket&hash=item4c24f5e38a:g:qzUAAeSwMWJpr-8o,,2026-03-10T13:32:49.125979+00:00,All Saints Leather Jacket
ebay,v1|257398503616|0,ALL SAINTS Leather Jacket Mens LARGE Black L Biker Bomber Celebrity Grail BLOC,239.99,GBP,Pre-owned - Excellent,,,londonink,GB,,https://www.ebay.co.uk/itm/257398503616?_skw=All+Saints+Leather+Jacket&hash=item3bee2578c0:g:pKIAAOSwCjZoQYRq,,2026-03-10T13:32:49.125984+00:00,All Saints Leather Jacket
ebay,v1|298106719640|0,AllSaints Black/Gold Dalby Biker Leather Jacket Size UK 16,239.90,GBP,New with tags,,,ekcard_89,GB,,https://www.ebay.co.uk/itm/298106719640?_skw=All+Saints+Leather+Jacket&hash=item45688b8d98:g:lycAAeSwGf9o1Sn6,,2026-03-10T13:32:49.125988+00:00,All Saints Leather Jacket
ebay,v1|257398503603|0,ALL SAINTS Leather Jacket Mens EXTRA LARGE Black Niko Celebrity Mower Bomber XL,199.99,GBP,Pre-owned - Excellent,,,londonink,GB,,https://www.ebay.co.uk/itm/257398503603?_skw=All+Saints+Leather+Jacket&hash=item3bee2578b3:g:xcIAAOSwK5NnIDBV,,2026-03-10T13:32:49.125992+00:00,All Saints Leather Jacket
ebay,v1|257398503582|0,ALL SAINTS Leather Jacket Mens 2XL Black XXL Biker Bomber Celebrity Grail CORA,279.99,GBP,Pre-owned - Excellent,,,londonink,GB,,https://www.ebay.co.uk/itm/257398503582?_skw=All+Saints+Leather+Jacket&hash=item3bee25789e:g:qfsAAeSwBv9o2pdy,,2026-03-10T13:32:49.125996+00:00,All Saints Leather Jacket
ebay,v1|206123626273|0,Allsaints Leather Jacket,104.70,GBP,New without tags,,,mylittleboutique19,GB,,https://www.ebay.co.uk/itm/206123626273?_skw=All+Saints+Leather+Jacket&hash=item2ffdecef21:g:mQsAAeSwdippr0xj,,2026-03-10T13:32:49.126002+00:00,All Saints Leather Jacket
ebay,v1|168218824209|0,All Saints Standen Leather Biker Jacket Black  Size M VGC Allsaints,85.00,GBP,Pre-owned - Good,,,jsm_scm,GB,,https://www.ebay.co.uk/itm/168218824209?_skw=All+Saints+Leather+Jacket&hash=item272a9f8e11:g:BdAAAeSwlVRpr1Af,,2026-03-10T13:32:49.126009+00:00,All Saints Leather Jacket
ebay,v1|168218824073|0,All Saints Ramones Leather Shirt Jacket Mens Size M Brown Biker Rocker VGC Punk,95.00,GBP,Pre-owned - Good,,,jsm_scm,GB,,https://www.ebay.co.uk/itm/168218824073?_skw=All+Saints+Leather+Jacket&hash=item272a9f8d89:g:tqoAAeSwpDhpr1BR,,2026-03-10T13:32:49.126012+00:00,All Saints Leather Jacket
ebay,v1|257397309810|0,ALL SAINTS Leather Jacket XXL Mens Brown 2XL Biker Bomber Celebrity Grail KEMBLE,259.99,GBP,Pre-owned - Good,,,londonink,GB,,https://www.ebay.co.uk/itm/257397309810?_skw=All+Saints+Leather+Jacket&hash=item3bee134172:g:xSIAAeSwjkBpG6OO,,2026-03-10T13:32:49.126016+00:00,All Saints Leather Jacket
ebay,v1|267598985554|0,All Saints Mens RYO Leather Biker Jacket SMALL Black Bomber Limited Ed Rider,249.99,GBP,Pre-owned - Good,,,zecnavda,GB,,https://www.ebay.co.uk/itm/267598985554?_skw=All+Saints+Leather+Jacket&hash=item3e4e247952:g:F5AAAeSwa25prW1L,,2026-03-10T13:32:49.126020+00:00,All Saints Leather Jacket
ebay,v1|257397729614|0,All Saints Mens CORA Leather Bomber Jacket 2XL Black XXL Moto AllSaints Biker,269.99,GBP,Pre-owned - Good,,,zecnavda,GB,,https://www.ebay.co.uk/itm/257397729614?_skw=All+Saints+Leather+Jacket&hash=item3bee19a94e:g:GkMAAeSwmS5prWow,,2026-03-10T13:32:49.126024+00:00,All Saints Leather Jacket
ebay,v1|257397729618|0,All Saints Mens RIGG Leather Jacket XXL 2XL Brown Bomber Allsaints  Belted Biker,159.99,GBP,Pre-owned - Fair,,,zecnavda,GB,,https://www.ebay.co.uk/itm/257397729618?_skw=All+Saints+Leather+Jacket&hash=item3bee19a952:g:PI0AAeSw6c9oihaL,,2026-03-10T13:32:49.126029+00:00,All Saints Leather Jacket
ebay,v1|257397309812|0,ALL SAINTS Leather Jacket Mens XL Black Biker Bomber Celebrity Grail HOLBROOKE,269.99,GBP,Pre-owned - Good,,,londonink,GB,,https://www.ebay.co.uk/itm/257397309812?_skw=All+Saints+Leather+Jacket&hash=item3bee134174:g:1jUAAeSwvVZovto7,,2026-03-10T13:32:49.126033+00:00,All Saints Leather Jacket
ebay,v1|267598985556|0,All Saints Mens XL NADE Studded Leather Biker Jacket Bomber Moto A397,259.99,GBP,Pre-owned - Excellent,,,zecnavda,GB,,https://www.ebay.co.uk/itm/267598985556?_skw=All+Saints+Leather+Jacket&hash=item3e4e247954:g:N8QAAOSwr8tlxqGv,,2026-03-10T13:32:49.126037+00:00,All Saints Leather Jacket
ebay,v1|257397309807|0,ALL SAINTS Leather Jacket Mens SMALL Suede Blazer Celebrity NOLAN like survey,259.99,GBP,Pre-owned - Good,,,londonink,GB,,https://www.ebay.co.uk/itm/257397309807?_skw=All+Saints+Leather+Jacket&hash=item3bee13416f:g:tGQAAeSwFappC1o~,,2026-03-10T13:32:49.126041+00:00,All Saints Leather Jacket
ebay,v1|267598985551|0,All Saints Mens SANUKI Suede Jacket MEDIUM Brown AllSaints Biker Leather Blazer,229.99,GBP,Pre-owned - Good,,,zecnavda,GB,,https://www.ebay.co.uk/itm/267598985551?_skw=All+Saints+Leather+Jacket&hash=item3e4e24794f:g:41kAAeSwVVVpg4nb,,2026-03-10T13:32:49.126044+00:00,All Saints Leather Jacket
ebay,v1|257397534259|0,All Saints Watson Womens Leather Jacket UK2 Biker Bomber Grail US00 EU30 XS XXS,49.99,GBP,Pre-owned - Good,,,londonink,GB,,https://www.ebay.co.uk/itm/257397534259?_skw=All+Saints+Leather+Jacket&hash=item3bee16ae33:g:6RgAAeSwqWBpZZIc,,2026-03-10T13:32:49.126048+00:00,All Saints Leather Jacket
ebay,v1|257397729624|0,AllSaints Mens EMERSON Leather Jacket LARGE Blazer Grey Biker All Saints,229.99,GBP,Pre-owned - Good,,,zecnavda,GB,,https://www.ebay.co.uk/itm/257397729624?_skw=All+Saints+Leather+Jacket&hash=item3bee19a958:g:eS0AAOSwPjRoHOk-,,2026-03-10T13:32:49.126052+00:00,All Saints Leather Jacket
ebay,v1|257397309809|0,ALL SAINTS Leather Jacket Mens SMALL Black Buffalo Blazer Waxed Celebrity SURVEY,259.99,GBP,Pre-owned - Good,,,londonink,GB,,https://www.ebay.co.uk/itm/257397309809?_skw=All+Saints+Leather+Jacket&hash=item3bee134171:g:Z08AAeSwhQdpb6PG,,2026-03-10T13:32:49.126056+00:00,All Saints Leather Jacket
ebay,v1|257397729613|0,NEW All Saints Ladies PASCAO OBA Leather Bomber Jacket UK12 US8 EU40 Brown Biker,189.99,GBP,New with tags,,,zecnavda,GB,,https://www.ebay.co.uk/itm/257397729613?_skw=All+Saints+Leather+Jacket&hash=item3bee19a94d:g:ldMAAeSwVwVphcNK,,2026-03-10T13:32:49.126060+00:00,All Saints Leather Jacket
ebay,v1|257397729623|0,All Saints Mens CESSNA Leather Bomber Jacket Medium AllSaints Biker,129.99,GBP,Pre-owned - Good,,,zecnavda,GB,,https://www.ebay.co.uk/itm/257397729623?_skw=All+Saints+Leather+Jacket&hash=item3bee19a957:g:zakAAOSwnMRiUv6b,,2026-03-10T13:32:49.126065+00:00,All Saints Leather Jacket
ebay,v1|257397729621|0,All Saints Mens ABBOT Leather Bomber Jacket Biker XL Extra Large AllSaints B84,239.99,GBP,Pre-owned - Excellent,,,zecnavda,GB,,https://www.ebay.co.uk/itm/257397729621?_skw=All+Saints+Leather+Jacket&hash=item3bee19a955:g:NtAAAOSweFJmjXBV,,2026-03-10T13:32:49.126069+00:00,All Saints Leather Jacket
ebay,v1|267598985548|0,AllSaints  Mens MILO Leather Biker Jacket MEDIUM Black Bomber All Saints Rock,229.99,GBP,Pre-owned - Good,,,zecnavda,GB,,https://www.ebay.co.uk/itm/267598985548?_skw=All+Saints+Leather+Jacket&hash=item3e4e24794c:g:9RsAAeSwRploblaH,,2026-03-10T13:32:49.126072+00:00,All Saints Leather Jacket
ebay,v1|257397295935|0,ALL SAINTS Shearling Leather Jacket Mens LARGE Sheepskin Coat Celebrity DALE,499.99,GBP,Pre-owned - Excellent,,,londonink,GB,,https://www.ebay.co.uk/itm/257397295935?_skw=All+Saints+Leather+Jacket&hash=item3bee130b3f:g:~jIAAeSwA9Bouwnp,,2026-03-10T13:32:49.126076+00:00,All Saints Leather Jacket
ebay,v1|257397309814|0,ALL SAINTS Leather Jacket Mens LARGE Red Oxblood Biker Celebrity Grail CALLERTON,399.99,GBP,Pre-owned - Excellent,,,londonink,GB,,https://www.ebay.co.uk/itm/257397309814?_skw=All+Saints+Leather+Jacket&hash=item3bee134176:g:VbsAAOSwpFpoMDYH,,2026-03-10T13:32:49.126082+00:00,All Saints Leather Jacket
ebay,v1|257397534253|0,All Saints Shorland Womens Leather Jacket UK8 Black Biker Bomber US4 EU36,99.99,GBP,Pre-owned - Excellent,,,londonink,GB,,https://www.ebay.co.uk/itm/257397534253?_skw=All+Saints+Leather+Jacket&hash=item3bee16ae2d:g:-oUAAOSwQKJlN6d1,,2026-03-10T13:32:49.126086+00:00,All Saints Leather Jacket
ebay,v1|257397309808|0,ALL SAINTS Leather Jacket Mens LARGE Black L Biker Bomber Hooded Celebrity RENZO,299.99,GBP,Pre-owned - Excellent,,,londonink,GB,,https://www.ebay.co.uk/itm/257397309808?_skw=All+Saints+Leather+Jacket&hash=item3bee134170:g:P1sAAeSwRzZoyo9w,,2026-03-10T13:32:49.126091+00:00,All Saints Leather Jacket
ebay,v1|267598985550|0,All Saints Ladies Sheepskin LOREL Biker Jacket MEDIUM Black Leather Suede UK12,739.99,GBP,Pre-owned - Good,,,zecnavda,GB,,https://www.ebay.co.uk/itm/267598985550?_skw=All+Saints+Leather+Jacket&hash=item3e4e24794e:g:ApwAAeSwhd9peOx8,,2026-03-10T13:32:49.126095+00:00,All Saints Leather Jacket
ebay,v1|267598985555|0,All Saints Mens MARSDEN Leather Bomber Jacket MEDIUM Biker Rock AllSaints,119.99,GBP,New with imperfections,,,zecnavda,GB,,https://www.ebay.co.uk/itm/267598985555?_skw=All+Saints+Leather+Jacket&hash=item3e4e247953:g:IZ8AAOSwaedoDf5v,,2026-03-10T13:32:49.126104+00:00,All Saints Leather Jacket
ebay,v1|257397295934|0,ALL SAINTS Leather Shirt Jacket Mens XL Black EXTRA LARGE Biker Celebrity CIPHER,179.99,GBP,Pre-owned - Good,,,londonink,GB,,https://www.ebay.co.uk/itm/257397295934?_skw=All+Saints+Leather+Jacket&hash=item3bee130b3e:g:KLEAAeSw4lZpRTbU,,2026-03-10T13:32:49.126107+00:00,All Saints Leather Jacket
ebay,v1|257397305547|0,ALL SAINTS Suede Leather Jacket Mens XXL Blue 2XL Biker Bomber Celebrity KEMBLE,259.99,GBP,Pre-owned - Excellent,,,londonink,GB,,https://www.ebay.co.uk/itm/257397305547?_skw=All+Saints+Leather+Jacket&hash=item3bee1330cb:g:h1wAAeSwhk9o2oqG,,2026-03-10T13:32:49.126112+00:00,All Saints Leather Jacket
ebay,v1|257397309811|0,ALL SAINTS Leather Jacket Mens LARGE Black Biker Bomber Celebrity Grail VERDI,349.99,GBP,Pre-owned - Excellent,,,londonink,GB,,https://www.ebay.co.uk/itm/257397309811?_skw=All+Saints+Leather+Jacket&hash=item3bee134173:g:tJ4AAeSwd8toeQM1,,2026-03-10T13:32:49.126116+00:00,All Saints Leather Jacket
ebay,v1|257397534256|0,All Saints Luna Womens Leather Jacket SMALL Black Biker Bomber UK8 US4 EU36,139.99,GBP,Pre-owned - Excellent,,,londonink,GB,,https://www.ebay.co.uk/itm/257397534256?_skw=All+Saints+Leather+Jacket&hash=item3bee16ae30:g:tbcAAOSwxXpoIcI-,,2026-03-10T13:32:49.126120+00:00,All Saints Leather Jacket
ebay,v1|257397295942|0,ALL SAINTS Leather Jacket XXL Mens Black 2XL  Biker Bomber Celebrity Grail RIGG,299.99,GBP,Pre-owned - Excellent,,,londonink,GB,,https://www.ebay.co.uk/itm/257397295942?_skw=All+Saints+Leather+Jacket&hash=item3bee130b46:g:ztEAAeSwRn1okgZ7,,2026-03-10T13:32:49.126124+00:00,All Saints Leather Jacket
ebay,v1|257397305550|0,ALL SAINTS Suede Leather Jacket Mens LARGE Biker Bomber Celebrity Grail GRANTHAM,229.99,GBP,Pre-owned - Good,,,londonink,GB,,https://www.ebay.co.uk/itm/257397305550?_skw=All+Saints+Leather+Jacket&hash=item3bee1330ce:g:dFcAAeSwKUlpJd9Y,,2026-03-10T13:32:49.126128+00:00,All Saints Leather Jacket
ebay,v1|257397534248|0,All Saints Lowell Womens Leather Jacket UK8 Black Biker Bomber US4 EU36,79.99,GBP,Pre-owned - Excellent,,,londonink,GB,,https://www.ebay.co.uk/itm/257397534248?_skw=All+Saints+Leather+Jacket&hash=item3bee16ae28:g:ICAAAOSwguVkx7JD,,2026-03-10T13:32:49.126131+00:00,All Saints Leather Jacket
ebay,v1|397693388127|0,ALL SAINTS Mens VOLT Leather Biker Jacket Belted - Size XL - Black,84.99,GBP,Pre-owned - Good,,,demari-9612,GB,,https://www.ebay.co.uk/itm/397693388127?_skw=All+Saints+Leather+Jacket&hash=item5c985f855f:g:1CQAAeSwBhJprvhZ,,2026-03-10T13:32:49.126136+00:00,All Saints Leather Jacket
ebay,v1|397693379475|0,ALL SAINTS Leather Bomber Jacket Mens Brown Biker KINO - Size M Medium,94.99,GBP,Pre-owned - Excellent,,,demari-9612,GB,,https://www.ebay.co.uk/itm/397693379475?_skw=All+Saints+Leather+Jacket&hash=item5c985f6393:g:pdAAAeSwSEVprvbP,,2026-03-10T13:32:49.126140+00:00,All Saints Leather Jacket
ebay,v1|397693373789|0,ALL SAINTS Leather Bomber Jacket Mens Black Biker KINO - Size XL,94.99,GBP,Pre-owned - Good,,,demari-9612,GB,,https://www.ebay.co.uk/itm/397693373789?_skw=All+Saints+Leather+Jacket&hash=item5c985f4d5d:g:fpgAAeSwQ-tprvXY,,2026-03-10T13:32:49.126144+00:00,All Saints Leather Jacket
ebay,v1|257397295938|0,ALL SAINTS Leather Jacket Mens XL Black EXTRA LARGE Biker Bomber Celebrity NIKO,249.99,GBP,Pre-owned - Excellent,,,londonink,GB,,https://www.ebay.co.uk/itm/257397295938?_skw=All+Saints+Leather+Jacket&hash=item3bee130b42:g:DvwAAOSwX5RoMEU9,,2026-03-10T13:32:49.126148+00:00,All Saints Leather Jacket
ebay,v1|257397305551|0,ALL SAINTS Suede Leather Jacket Mens 2XL Brown XXL Biker Bomber Celebrity KEMBLE,259.99,GBP,Pre-owned - Excellent,,,londonink,GB,,https://www.ebay.co.uk/itm/257397305551?_skw=All+Saints+Leather+Jacket&hash=item3bee1330cf:g:DOgAAeSwd-xotLKk,,2026-03-10T13:32:49.126151+00:00,All Saints Leather Jacket
ebay,v1|306812149091|0,Allsaints Cora Black Faux Vegan Leather Bomber Biker Punk Jacket Size Mens Large,69.99,GBP,Pre-owned - Excellent,,,reloved_planet,GB,,https://www.ebay.co.uk/itm/306812149091?_skw=All+Saints+Leather+Jacket&hash=item476f6ddd63:g:CxsAAeSwOn9pruSO,,2026-03-10T13:32:49.126154+00:00,All Saints Leather Jacket
ebay,v1|257397534258|0,All Saints Karst Womens Leather Jacket UK8 Tailcoat Black Brocade Celebrity,200.00,GBP,Pre-owned - Good,,,londonink,GB,,https://www.ebay.co.uk/itm/257397534258?_skw=All+Saints+Leather+Jacket&hash=item3bee16ae32:g:qs8AAeSwxbxprvI7,,2026-03-10T13:32:49.126157+00:00,All Saints Leather Jacket
ebay,v1|227248710487|0,Allsaints Belvedere Black Leather Punk Motorcycle  Racer Short Jacket Uk 10 New!,95.00,GBP,New without tags,,,claireyscloset2512,GB,,https://www.ebay.co.uk/itm/227248710487?_skw=All+Saints+Leather+Jacket&hash=item34e9142357:g:pZkAAeSwdfFpEHNB,,2026-03-10T13:32:49.126161+00:00,All Saints Leather Jacket
ebay,v1|236677255376|0,All Saints Women's Bales Biker Black 100% Lamb Leather Jacket - Size 4 UK,31.49,GBP,Pre-owned - Good,,,everest-clothing,GB,,https://www.ebay.co.uk/itm/236677255376?_skw=All+Saints+Leather+Jacket&hash=item371b1050d0:g:lB4AAeSwOTJpB7nk,,2026-03-10T13:32:49.126164+00:00,All Saints Leather Jacket
ebay,v1|267598921563|0,Women’s All Saints Leather Biker Jacket Size 6 UK Brand New with Tags,125.50,GBP,New with tags,,,jgudzinskaite01,GB,,https://www.ebay.co.uk/itm/267598921563?_skw=All+Saints+Leather+Jacket&hash=item3e4e237f5b:g:Bs4AAeSwO2VpruWE,,2026-03-10T13:32:49.126167+00:00,All Saints Leather Jacket
ebay,v1|336470839089|0,All Saints Balfern Sheep's Leather UK Size 4 Ladies Biker Jacket Black,125.50,GBP,Pre-owned - Excellent,,,relovedfashionco,GB,,https://www.ebay.co.uk/itm/336470839089?_skw=All+Saints+Leather+Jacket&hash=item4e57398f31:g:XFAAAeSw1adpruQj,,2026-03-10T13:32:49.126171+00:00,All Saints Leather Jacket
ebay,v1|257397295939|0,ALL SAINTS Leather Jacket Mens SMALL Black S Biker Bomber Celebrity Grail MILO,219.99,GBP,Pre-owned - Good,,,londonink,GB,,https://www.ebay.co.uk/itm/257397295939?_skw=All+Saints+Leather+Jacket&hash=item3bee130b43:g:~6AAAeSwbJxo9eKK,,2026-03-10T13:32:49.126173+00:00,All Saints Leather Jacket
ebay,v1|257397305555|0,ALL SAINTS Leather Shirt Jacket Mens MEDIUM Black M Biker Grail All saints MCKAY,299.99,GBP,Pre-owned - Excellent,,,londonink,GB,,https://www.ebay.co.uk/itm/257397305555?_skw=All+Saints+Leather+Jacket&hash=item3bee1330d3:g:lR8AAOSwSXRmDAEA,,2026-03-10T13:32:49.126177+00:00,All Saints Leather Jacket
ebay,v1|257397453981|0,ALL SAINTS Shearling Leather Jacket XS Mens Black MYRES Celebrity Sheepskin Coat,449.99,GBP,Pre-owned - Excellent,,,londonink,GB,,https://www.ebay.co.uk/itm/257397453981?_skw=All+Saints+Leather+Jacket&hash=item3bee15749d:g:hU4AAOSwTJ9oIwpW,,2026-03-10T13:32:49.126180+00:00,All Saints Leather Jacket
ebay,v1|257397534255|0,All Saints Estella Womens Leather Jacket UK10 Black Biker Bomber Grail US6 EU38,120.00,GBP,Pre-owned - Excellent,,,londonink,GB,,https://www.ebay.co.uk/itm/257397534255?_skw=All+Saints+Leather+Jacket&hash=item3bee16ae2f:g:E38AAOSwCspnPIe~,,2026-03-10T13:32:49.126183+00:00,All Saints Leather Jacket
ebay,v1|257397295943|0,ALL SAINTS Leather Jacket Mens SMALL Black S Biker Bomber Celebrity Grail COBDEN,299.99,GBP,Pre-owned - Excellent,,,londonink,GB,,https://www.ebay.co.uk/itm/257397295943?_skw=All+Saints+Leather+Jacket&hash=item3bee130b47:g:myMAAOSwFOhoLcfU,,2026-03-10T13:32:49.126187+00:00,All Saints Leather Jacket
ebay,v1|257397305558|0,ALL SAINTS Leather Jacket Mens SMALL Oxblood Red Biker Celebrity Grail CALLERTON,229.99,GBP,Pre-owned - Excellent,,,londonink,GB,,https://www.ebay.co.uk/itm/257397305558?_skw=All+Saints+Leather+Jacket&hash=item3bee1330d6:g:BrkAAOSwcTZoIeaA,,2026-03-10T13:32:49.126190+00:00,All Saints Leather Jacket
ebay,v1|257397453980|0,ALL SAINTS Shearling Leather Jacket Mens MEDIUM Sheepskin Coat Celebrity DALE,499.99,GBP,Pre-owned - Excellent,,,londonink,GB,,https://www.ebay.co.uk/itm/257397453980?_skw=All+Saints+Leather+Jacket&hash=item3bee15749c:g:Z-oAAeSwTrFohAxp,,2026-03-10T13:32:49.126193+00:00,All Saints Leather Jacket
ebay,v1|257397534257|0,All Saints Dren Womens Leather Jacket UK8 Black Biker Bomber Celebrity US4 EU36,99.99,GBP,Pre-owned - Good,,,londonink,GB,,https://www.ebay.co.uk/itm/257397534257?_skw=All+Saints+Leather+Jacket&hash=item3bee16ae31:g:cK8AAOSwroJoIcHx,,2026-03-10T13:32:49.126197+00:00,All Saints Leather Jacket
ebay,v1|257397295945|0,ALL SAINTS Leather Jacket Mens SMALL Black Biker Bomber Celebrity Grail KUSHIRO,79.99,GBP,Pre-owned - Excellent,,,londonink,GB,,https://www.ebay.co.uk/itm/257397295945?_skw=All+Saints+Leather+Jacket&hash=item3bee130b49:g:yRUAAOSwkKBoSFRm,,2026-03-10T13:32:49.126205+00:00,All Saints Leather Jacket
ebay,v1|257397305556|0,ALL SAINTS Leather Jacket Mens LARGE Black Biker Bomber Celebrity Grail YUKU,199.99,GBP,Pre-owned - Good,,,londonink,GB,,https://www.ebay.co.uk/itm/257397305556?_skw=All+Saints+Leather+Jacket&hash=item3bee1330d4:g:gacAAeSwm6Vpb1wv,,2026-03-10T13:32:49.126208+00:00,All Saints Leather Jacket
ebay,v1|257397453988|0,ALL SAINTS Shearling Leather Jacket Mens MEDIUM Sheepskin Coat Celebrity Byward,399.99,GBP,Pre-owned - Excellent,,,londonink,GB,,https://www.ebay.co.uk/itm/257397453988?_skw=All+Saints+Leather+Jacket&hash=item3bee1574a4:g:DK8AAOSwAVtoIhgW,,2026-03-10T13:32:49.126212+00:00,All Saints Leather Jacket
ebay,v1|257397295940|0,ALL SAINTS Leather Jacket Mens MEDIUM Black M Biker Bomber Celebrity Grail REGIS,219.99,GBP,Pre-owned - Excellent,,,londonink,GB,,https://www.ebay.co.uk/itm/257397295940?_skw=All+Saints+Leather+Jacket&hash=item3bee130b44:g:2iQAAOSwsd9oJ2nU,,2026-03-10T13:32:49.126215+00:00,All Saints Leather Jacket
ebay,v1|327036189275|0,Suede Leather All Saints Jacket Blazer Double Collar Brown Grey Black Mens Large,146.30,GBP,Pre-owned - Excellent,,,1aibohphobia1,GB,,https://www.ebay.co.uk/itm/327036189275?_skw=All+Saints+Leather+Jacket&hash=item4c24e03a5b:g:4OYAAeSwNKxprqSx,,2026-03-10T13:32:49.126218+00:00,All Saints Leather Jacket
ebay,v1|147193677491|0,ALL SAINTS Post Commander Leather Shirt Jacket Size Large Motorcycle Biker,60.00,GBP,Pre-owned - Fair,,,highqcon_0,GB,,https://www.ebay.co.uk/itm/147193677491?_skw=All+Saints+Leather+Jacket&hash=item22456d46b3:g:QycAAeSwpbBnzAHt,,2026-03-10T13:32:49.126222+00:00,All Saints Leather Jacket
ebay,v1|257397295941|0,ALL SAINTS Leather Jacket Mens MEDIUM Black Biker Bomber Celebrity Grail COBDEN,299.99,GBP,Pre-owned - Good,,,londonink,GB,,https://www.ebay.co.uk/itm/257397295941?_skw=All+Saints+Leather+Jacket&hash=item3bee130b45:g:P9IAAOSwkj9nNLhx,,2026-03-10T13:32:49.126225+00:00,All Saints Leather Jacket
ebay,v1|257397295936|0,ALL SAINTS Leather Jacket Mens EXTRA LARGE Brown Biker Bomber Celebrity BOYTON,179.99,GBP,Pre-owned - Good,,,londonink,GB,,https://www.ebay.co.uk/itm/257397295936?_skw=All+Saints+Leather+Jacket&hash=item3bee130b40:g:BpgAAeSwgvVpb7QG,,2026-03-10T13:32:49.126231+00:00,All Saints Leather Jacket
ebay,v1|327036073114|0,All Saints Shearing Leather Jacket,208.70,GBP,Pre-owned - Excellent,,,yauvcakirogl0,GB,,https://www.ebay.co.uk/itm/327036073114?_skw=All+Saints+Leather+Jacket&hash=item4c24de749a:g:nPQAAeSwqGNpro2m,,2026-03-10T13:32:49.126235+00:00,All Saints Leather Jacket
ebay,v1|257397270999|0,All Saints Mens Jacket 2XL XXL Brown Leather Axis Bomber Biker Cafe Moto Racer,179.99,GBP,Pre-owned - Good,,,jjclearance,GB,,https://www.ebay.co.uk/itm/257397270999?_skw=All+Saints+Leather+Jacket&hash=item3bee12a9d7:g:ud4AAeSwkONppxge,,2026-03-10T13:32:49.126238+00:00,All Saints Leather Jacket
ebay,v1|406749500494|0,AllSaints Mens Leather Jacket size XS Lawson  Black sheepskin collar RRP £ 398,99.00,GBP,Pre-owned - Good,,,summerbreeze09,GB,,https://www.ebay.co.uk/itm/406749500494?_skw=All+Saints+Leather+Jacket&hash=item5eb428d44e:g:bLsAAOSwol1m~srj,,2026-03-10T13:32:49.126242+00:00,All Saints Leather Jacket
ebay,v1|377020019553|0,All Saints Leather Jacket Very Good,42.29,GBP,Pre-owned - Excellent,,,psells2050,GB,,https://www.ebay.co.uk/itm/377020019553?_skw=All+Saints+Leather+Jacket&hash=item57c824f361:g:2nwAAeSwjx5prozi,,2026-03-10T13:32:49.126247+00:00,All Saints Leather Jacket
ebay,v1|198167949453|0,All Saints Leather Jacket Size Medium Mens Black Biker Bomber Allsaints Kushiro,149.95,GBP,Pre-owned - Excellent,,,eco.elegance,GB,,https://www.ebay.co.uk/itm/198167949453?_skw=All+Saints+Leather+Jacket&hash=item2e23baf08d:g:wR8AAeSw27lpqES8,,2026-03-10T13:32:49.126251+00:00,All Saints Leather Jacket
ebay,v1|317974082967|0,AllSaints Black ItalianLeather walker biker Jacket Quilted Shoulder Moto Size 10,125.50,GBP,New with imperfections,,,wxax1122,GB,,https://www.ebay.co.uk/itm/317974082967?_skw=All+Saints+Leather+Jacket&hash=item4a08bb7597:g:iV8AAeSw705pri~y,,2026-03-10T13:32:49.126256+00:00,All Saints Leather Jacket
ebay,v1|206121120166|0,Mens All saints Contingent Leather Jacket Fitted Size Small - Rare - Vintage,52.70,GBP,Pre-owned - Good,,,kingsqueens90,GB,,https://www.ebay.co.uk/itm/206121120166?_skw=All+Saints+Leather+Jacket&hash=item2ffdc6b1a6:g:OMcAAeSwAZNprfQU,,2026-03-10T13:32:49.126261+00:00,All Saints Leather Jacket
ebay,v1|257396468605|0,ALL SAINTS Leather Shirt Jacket Mens SMALL Black Biker Bomber Celebrity PHANTON,99.99,GBP,Pre-owned - Fair,,,londonink,GB,,https://www.ebay.co.uk/itm/257396468605?_skw=All+Saints+Leather+Jacket&hash=item3bee066b7d:g:V6YAAeSwJ3Bow~um,,2026-03-10T13:32:49.126264+00:00,All Saints Leather Jacket
ebay,v1|257396468600|0,ALL SAINTS Leather Shirt Jacket Mens SMALL Black Biker Celebrity Grail POSTNOON,99.99,GBP,Pre-owned - Excellent,,,londonink,GB,,https://www.ebay.co.uk/itm/257396468600?_skw=All+Saints+Leather+Jacket&hash=item3bee066b78:g:HqwAAeSwE7doybgv,,2026-03-10T13:32:49.126269+00:00,All Saints Leather Jacket
ebay,v1|137108488485|0,All Saints Lambskin Leather Jacket Bomber Varsity Full Zip Black Beige Men Small,67.50,GBP,Pre-owned - Good,,,rewornclothing,GB,,https://www.ebay.co.uk/itm/137108488485?_skw=All+Saints+Leather+Jacket&hash=item1fec4d8125:g:07MAAeSwGH5pGZW0,,2026-03-10T13:32:49.126274+00:00,All Saints Leather Jacket
ebay,v1|236675899986|0,AllSaints Black Leather Balfern Biker Jacket - Size 12 - Great Condition,81.82,GBP,Pre-owned - Good,,,blondegilly,GB,,https://www.ebay.co.uk/itm/236675899986?_skw=All+Saints+Leather+Jacket&hash=item371afba252:g:qsUAAeSw8EtprdxV,,2026-03-10T13:32:49.126278+00:00,All Saints Leather Jacket
ebay,v1|227247745435|0,AllSaints Men's Dark Brown Distressed Real Leather Cargo Biker Jacket Size Large,47.50,GBP,Pre-owned - Excellent,,,jonathalonsdal-0,GB,,https://www.ebay.co.uk/itm/227247745435?_skw=All+Saints+Leather+Jacket&hash=item34e905699b:g:~FsAAeSwpZhpreZq,,2026-03-10T13:32:49.126283+00:00,All Saints Leather Jacket
ebay,v1|257396468598|0,ALL SAINTS Leather Shirt Jacket Mens LARGE Brown Biker Celebrity Grail MCKAY,199.99,GBP,Pre-owned - Good,,,londonink,GB,,https://www.ebay.co.uk/itm/257396468598?_skw=All+Saints+Leather+Jacket&hash=item3bee066b76:g:n9UAAeSwKG5plcJb,,2026-03-10T13:32:49.126288+00:00,All Saints Leather Jacket
ebay,v1|227247731129|0,All Saints Relay Leather Jacket,47.50,GBP,Pre-owned - Excellent,,,jonathalonsdal-0,GB,,https://www.ebay.co.uk/itm/227247731129?_skw=All+Saints+Leather+Jacket&hash=item34e90531b9:g:z7MAAeSwOOFpreNT,,2026-03-10T13:32:49.126292+00:00,All Saints Leather Jacket
ebay,v1|267598055300|0,All Saints Mens RENZO Leather Biker Jacket XS Black Hood Bomber AllSaints Moto,229.99,GBP,Pre-owned - Excellent,,,zecnavda,GB,,https://www.ebay.co.uk/itm/267598055300?_skw=All+Saints+Leather+Jacket&hash=item3e4e164784:g:6jsAAeSwreJpg4cI,,2026-03-10T13:32:49.126296+00:00,All Saints Leather Jacket
ebay,v1|257396468601|0,ALL SAINTS Leather Shirt Jacket Mens LARGE Black Kravitz Celebrity Grail HOLMES,139.99,GBP,Pre-owned - Excellent,,,londonink,GB,,https://www.ebay.co.uk/itm/257396468601?_skw=All+Saints+Leather+Jacket&hash=item3bee066b79:g:DFkAAeSwcVRo-Jz1,,2026-03-10T13:32:49.126300+00:00,All Saints Leather Jacket
ebay,v1|267598055297|0,All Saints Mens Leather EMERY Shirt Jacket SMALL Black Biker Overshirt Shacket,199.99,GBP,Pre-owned - Good,,,zecnavda,GB,,https://www.ebay.co.uk/itm/267598055297?_skw=All+Saints+Leather+Jacket&hash=item3e4e164781:g:w4IAAeSwLClpg4Rb,,2026-03-10T13:32:49.126304+00:00,All Saints Leather Jacket
ebay,v1|257396441561|0,All Saints Ladies HAWLEY Sheepskin Jacket LARGE Black Biker Leather Suede,289.99,GBP,Pre-owned - Good,,,zecnavda,GB,,https://www.ebay.co.uk/itm/257396441561?_skw=All+Saints+Leather+Jacket&hash=item3bee0601d9:g:IZAAAeSwW1Vpg4ZQ,,2026-03-10T13:32:49.126308+00:00,All Saints Leather Jacket
ebay,v1|257396468602|0,ALL SAINTS Leather Jacket Mens SMALL Blue Biker Bomber Celebrity Grail ISHIDA,199.99,GBP,Pre-owned - Good,,,londonink,GB,,https://www.ebay.co.uk/itm/257396468602?_skw=All+Saints+Leather+Jacket&hash=item3bee066b7a:g:BGQAAOSwK7doIgmC,,2026-03-10T13:32:49.126313+00:00,All Saints Leather Jacket
ebay,v1|257396441563|0,All Saints Mens Leather Trucker Jacket MEDIUM Black Biker AllSaints Bomber Moto,219.99,GBP,Pre-owned - Good,,,zecnavda,GB,,https://www.ebay.co.uk/itm/257396441563?_skw=All+Saints+Leather+Jacket&hash=item3bee0601db:g:v3cAAOSwQM1nLnwD,,2026-03-10T13:32:49.126318+00:00,All Saints Leather Jacket
ebay,v1|327035238041|0,ALL SAINTS ICONIC KARST VINTAGE MILITARY BLACK LEATHER TAILCOAT JACKET UK 12 40,395.00,GBP,Pre-owned - Excellent,,,enterthetimetravellerscloset,GB,,https://www.ebay.co.uk/itm/327035238041?_skw=All+Saints+Leather+Jacket&hash=item4c24d1b699:g:ZkEAAeSw16NprdJw,,2026-03-10T13:32:49.126322+00:00,All Saints Leather Jacket
ebay,v1|257396441553|0,All Saints Mens IKEDA Suede Leather Bomber Jacket Medium Biker A40,99.99,GBP,Pre-owned - Good,,,zecnavda,GB,,https://www.ebay.co.uk/itm/257396441553?_skw=All+Saints+Leather+Jacket&hash=item3bee0601d1:g:lzcAAOSwrS1kndgz,,2026-03-10T13:32:49.126326+00:00,All Saints Leather Jacket
ebay,v1|267598055294|0,AllSaints Mens SURVEY Leather Jacket Blazer LARGE Grey Suede Military All Saints,249.99,GBP,Pre-owned - Good,,,zecnavda,GB,,https://www.ebay.co.uk/itm/267598055294?_skw=All+Saints+Leather+Jacket&hash=item3e4e16477e:g:8r0AAeSwYhhpFhvW,,2026-03-10T13:32:49.126330+00:00,All Saints Leather Jacket
ebay,v1|257396468606|0,ALL SAINTS Leather Jacket Mens MEDIUM Black M Biker Bomber Celebrity REIMER,169.99,GBP,Pre-owned - Good,,,londonink,GB,,https://www.ebay.co.uk/itm/257396468606?_skw=All+Saints+Leather+Jacket&hash=item3bee066b7e:g:RFEAAOSwx4toLFiF,,2026-03-10T13:32:49.126334+00:00,All Saints Leather Jacket
ebay,v1|267598055287|0,All Saints Ladies DERI Leather Jacket UK16 US12 EU44 Black Biker Blazer Luxe,269.99,GBP,Pre-owned - Good,,,zecnavda,GB,,https://www.ebay.co.uk/itm/267598055287?_skw=All+Saints+Leather+Jacket&hash=item3e4e164777:g:gpcAAeSwddNpg4Mb,,2026-03-10T13:32:49.126338+00:00,All Saints Leather Jacket
ebay,v1|267598159593|0,All Saints KARL Leather Bomber Jacket XXL 2XL Black Mens Biker Rock Allsaints,269.99,GBP,Pre-owned - Good,,,zecnavda,GB,,https://www.ebay.co.uk/itm/267598159593?_skw=All+Saints+Leather+Jacket&hash=item3e4e17dee9:g:KjoAAeSwIQVprWtq,,2026-03-10T13:32:49.126342+00:00,All Saints Leather Jacket
ebay,v1|188134314010|0,ALL SAINTS LEATHER JACKET - CHARCOAL LARGE,219.10,GBP,Pre-owned - Good,,,tosm_2020,GB,,https://www.ebay.co.uk/itm/188134314010?_skw=All+Saints+Leather+Jacket&hash=item2bcdadd01a:g:6Q8AAeSwG-xprX7T,,2026-03-10T13:32:49.126346+00:00,All Saints Leather Jacket
ebay,v1|188134348025|0,DESIGNWORKS LEATHER JACKET BLACK MEDIUM / LARGE (ALL SAINTS),219.10,GBP,Pre-owned - Excellent,,,tosm_2020,GB,,https://www.ebay.co.uk/itm/188134348025?_skw=All+Saints+Leather+Jacket&hash=item2bcdae54f9:g:qtIAAeSwCxZprYIv,,2026-03-10T13:32:49.126350+00:00,All Saints Leather Jacket
ebay,v1|267598055298|0,All Saints Mens CONROY Leather Biker Jacket Brown Bomber MEDIUM A308,149.99,GBP,Pre-owned - Good,,,zecnavda,GB,,https://www.ebay.co.uk/itm/267598055298?_skw=All+Saints+Leather+Jacket&hash=item3e4e164782:g:NzwAAOSw145ltsSc,,2026-03-10T13:32:49.126354+00:00,All Saints Leather Jacket
ebay,v1|257396468607|0,ALL SAINTS Leather Jacket Mens MEDIUM Black Biker Bomber Celebrity Grail MARLEY,199.99,GBP,Pre-owned - Excellent,,,londonink,GB,,https://www.ebay.co.uk/itm/257396468607?_skw=All+Saints+Leather+Jacket&hash=item3bee066b7f:g:KCAAAOSwMBVoNMkK,,2026-03-10T13:32:49.126359+00:00,All Saints Leather Jacket
ebay,v1|236675780494|0,All Saints Leather Biker Jacket Coat Size UK 10 Women's,64.99,GBP,Pre-owned - Good,,,bigbooms82,GB,,https://www.ebay.co.uk/itm/236675780494?_skw=All+Saints+Leather+Jacket&hash=item371af9cf8e:g:NAsAAeSwGjxprcnK,,2026-03-10T13:32:49.126363+00:00,All Saints Leather Jacket
ebay,v1|267598055303|0,All Saints Mens NASSAU Leather Shirt XS EXTRA SMALL Jacket AllSaints,109.99,GBP,Pre-owned - Excellent,,,zecnavda,GB,,https://www.ebay.co.uk/itm/267598055303?_skw=All+Saints+Leather+Jacket&hash=item3e4e164787:g:TnUAAOSwy6VjqdCF,,2026-03-10T13:32:49.126367+00:00,All Saints Leather Jacket
ebay,v1|267598055289|0,All Saints Mens Oxblood CONROY Leather Biker Jacket Red Brown SMALL 4 A95,189.99,GBP,Pre-owned - Excellent,,,zecnavda,GB,,https://www.ebay.co.uk/itm/267598055289?_skw=All+Saints+Leather+Jacket&hash=item3e4e164779:g:wBAAAOSwboVk4nYA,,2026-03-10T13:32:49.126371+00:00,All Saints Leather Jacket
ebay,v1|267598055292|0,All Saints Ladies FARLEY Sheepskin SHEARLING Leather Biker Jacket MEDIUM,249.99,GBP,Pre-owned - Good,,,zecnavda,GB,,https://www.ebay.co.uk/itm/267598055292?_skw=All+Saints+Leather+Jacket&hash=item3e4e16477c:g:sRgAAeSweG9pYAlk,,2026-03-10T13:32:49.126376+00:00,All Saints Leather Jacket
ebay,v1|257396468604|0,ALL SAINTS Leather Jacket Mens MEDIUM Black Biker Bomber Celebrity Grail KINO,199.99,GBP,Pre-owned - Good,,,londonink,GB,,https://www.ebay.co.uk/itm/257396468604?_skw=All+Saints+Leather+Jacket&hash=item3bee066b7c:g:cQsAAeSwBTVog9h7,,2026-03-10T13:32:49.126380+00:00,All Saints Leather Jacket
ebay,v1|257396441573|0,All Saints DAYTON Leather Blazer Jacket MEDIUM Mens Nubuck Biker Rock B71,249.99,GBP,Pre-owned - Excellent,,,zecnavda,GB,,https://www.ebay.co.uk/itm/257396441573?_skw=All+Saints+Leather+Jacket&hash=item3bee0601e5:g:1isAAOSw10pm1MNz,,2026-03-10T13:32:49.126385+00:00,All Saints Leather Jacket
ebay,v1|257396441577|0,All Saints Mens VOLT Leather Biker Jacket Medium Bomber Moto AllSaints B193,189.99,GBP,Pre-owned - Excellent,,,zecnavda,GB,,https://www.ebay.co.uk/itm/257396441577?_skw=All+Saints+Leather+Jacket&hash=item3bee0601e9:g:Ik4AAOSw0mFnEBK9,,2026-03-10T13:32:49.126389+00:00,All Saints Leather Jacket
ebay,v1|267598055293|0,AllSaints Mens DRAFT Leather Shirt Jacket SMALL Biker Bomber All Saints A20,159.99,GBP,Pre-owned - Excellent,,,zecnavda,GB,,https://www.ebay.co.uk/itm/267598055293?_skw=All+Saints+Leather+Jacket&hash=item3e4e16477d:g:vYcAAOSwuzNkfOGv,,2026-03-10T13:32:49.126394+00:00,All Saints Leather Jacket
ebay,v1|257396468597|0,ALL SAINTS Leather Jacket Mens MEDIUM Black Biker Bomber Celebrity Grail BOLT,199.99,GBP,Pre-owned - Good,,,londonink,GB,,https://www.ebay.co.uk/itm/257396468597?_skw=All+Saints+Leather+Jacket&hash=item3bee066b75:g:n5kAAeSwp7lpVQwX,,2026-03-10T13:32:49.126398+00:00,All Saints Leather Jacket
ebay,v1|257396441568|0,All Saints Ladies LOWELL Cropped Leather Biker Jacket UK14 US10 EU42,169.99,GBP,Pre-owned - Good,,,zecnavda,GB,,https://www.ebay.co.uk/itm/257396441568?_skw=All+Saints+Leather+Jacket&hash=item3bee0601e0:g:7BcAAOSw-yljBQaF,,2026-03-10T13:32:49.126407+00:00,All Saints Leather Jacket
ebay,v1|267598055285|0,All Saints Mens Leather EMERY Shirt Jacket LARGE Brown Biker Bomber 3,169.99,GBP,Pre-owned - Fair,,,zecnavda,GB,,https://www.ebay.co.uk/itm/267598055285?_skw=All+Saints+Leather+Jacket&hash=item3e4e164775:g:TxQAAOSwAvFiXZLA,,2026-03-10T13:32:49.126412+00:00,All Saints Leather Jacket
ebay,v1|257396468599|0,ALL SAINTS Leather Jacket Mens EXTRA LARGE Black Biker Bomber Celebrity STONES,169.99,GBP,Pre-owned - Good,,,londonink,GB,,https://www.ebay.co.uk/itm/257396468599?_skw=All+Saints+Leather+Jacket&hash=item3bee066b77:g:6~oAAeSwMCVpXTRp,,2026-03-10T13:32:49.126416+00:00,All Saints Leather Jacket
ebay,v1|257396441579|0,All Saints Mens RUIN Leather Shirt Jacket SMALL Grey Rock Biker shacket,199.99,GBP,Pre-owned - Excellent,,,zecnavda,GB,,https://www.ebay.co.uk/itm/257396441579?_skw=All+Saints+Leather+Jacket&hash=item3bee0601eb:g:s~oAAOSwZHFoLfGR,,2026-03-10T13:32:49.126421+00:00,All Saints Leather Jacket
ebay,v1|257396468603|0,ALL SAINTS Leather Jacket Mens SMALL Biker Bomber Celebrity Grail STONES,169.99,GBP,Pre-owned - Good,,,londonink,GB,,https://www.ebay.co.uk/itm/257396468603?_skw=All+Saints+Leather+Jacket&hash=item3bee066b7b:g:qicAAOSwD6Bm3zpz,,2026-03-10T13:32:49.126425+00:00,All Saints Leather Jacket
ebay,v1|267598073776|0,AllSaints Mens Sleeveless VICIOUS Leather Jacket MEDIUM All Saints Biker Rock,229.99,GBP,Pre-owned - Excellent,,,zecnavda,GB,,https://www.ebay.co.uk/itm/267598073776?_skw=All+Saints+Leather+Jacket&hash=item3e4e168fb0:g:mxgAAeSwgH9prbIz,,2026-03-10T13:32:49.126429+00:00,All Saints Leather Jacket
ebay,v1|117076746732|0,ALLSAINTS COAT JACKET XSMALL BLACK CALDER BOMBER ZIP UP 100% LEATHER ZIP MENS XS,69.99,GBP,Pre-owned - Excellent,,,kicking-kicks,GB,,https://www.ebay.co.uk/itm/117076746732?_skw=All+Saints+Leather+Jacket&hash=item1b425161ec:g:2T4AAeSwWK1prbAD,,2026-03-10T13:32:49.126433+00:00,All Saints Leather Jacket
ebay,v1|336469548159|0,AllSaints Milo Distressed Leather Biker Jacket Brown Mens Medium Moto Zip Coat,125.49,GBP,Pre-owned - Good,,,pablop78,GB,,https://www.ebay.co.uk/itm/336469548159?_skw=All+Saints+Leather+Jacket&hash=item4e5725dc7f:g:aLAAAeSwgvFprajd,,2026-03-10T13:32:49.126437+00:00,All Saints Leather Jacket
ebay,v1|306810441640|0,AllSaints Brown Sheep Leather Biker Jacket RRP £399 Men’s Large 42 Chest,109.99,GBP,Pre-owned - Excellent,,,aceeadie,GB,,https://www.ebay.co.uk/itm/306810441640?_skw=All+Saints+Leather+Jacket&hash=item476f53cfa8:g:fgYAAeSwb6tpraXs,,2026-03-10T13:32:49.126443+00:00,All Saints Leather Jacket
ebay,v1|157735141354|0,All Saints  Women's Jacket UK 8 Black Wool blend leather trim,41.26,GBP,Pre-owned - Excellent,,,viejoloco11,GB,,https://www.ebay.co.uk/itm/157735141354?_skw=All+Saints+Leather+Jacket&hash=item24b9bf3fea:g:3VIAAeSwtItpKqgi,,2026-03-10T13:32:49.126447+00:00,All Saints Leather Jacket
ebay,v1|157735141365|0,All Saints Vintage Black Leather Short Cropped Military Jacket Women’s S/M 90s,46.43,GBP,Pre-owned - Excellent,,,viejoloco11,GB,,https://www.ebay.co.uk/itm/157735141365?_skw=All+Saints+Leather+Jacket&hash=item24b9bf3ff5:g:FqcAAeSwNEVpIYfC,,2026-03-10T13:32:49.126451+00:00,All Saints Leather Jacket
ebay,v1|287188761679|0,All Saints Women's Leather Jacket size 4,151.50,GBP,New without tags,,,s_lsr,GB,,https://www.ebay.co.uk/itm/287188761679?_skw=All+Saints+Leather+Jacket&hash=item42ddc8bc4f:g:NFgAAeSwgvFprZ3y,,2026-03-10T13:32:49.126455+00:00,All Saints Leather Jacket
ebay,v1|117076624820|0,ALLSAINTS OVERCOAT JACKET UK 8 BLACK WOOL LENI LEA PART LEATHER COLLAR WOMENS,49.99,GBP,Pre-owned - Excellent,,,kicking-kicks,GB,,https://www.ebay.co.uk/itm/117076624820?_skw=All+Saints+Leather+Jacket&hash=item1b424f85b4:g:DaIAAeSwQvpprZeU,,2026-03-10T13:32:49.126459+00:00,All Saints Leather Jacket
ebay,v1|257396362536|0,ALL SAINTS Leather Shirt Jacket Mens MEDIUM Black M Biker Celebrity Grail MCKAY,199.99,GBP,Pre-owned - Good,,,londonink,GB,,https://www.ebay.co.uk/itm/257396362536?_skw=All+Saints+Leather+Jacket&hash=item3bee04cd28:g:GcwAAeSwNbhoelJy,,2026-03-10T13:32:49.126463+00:00,All Saints Leather Jacket
ebay,v1|257396362540|0,ALL SAINTS Leather Jacket MEDIUM Mens Black Biker Bomber Celebrity Grail KALLOW,129.99,GBP,Pre-owned - Good,,,londonink,GB,,https://www.ebay.co.uk/itm/257396362540?_skw=All+Saints+Leather+Jacket&hash=item3bee04cd2c:g:BW0AAOSwXoNlXXZH,,2026-03-10T13:32:49.126467+00:00,All Saints Leather Jacket
ebay,v1|257396362534|0,ALL SAINTS Leather Jacket EXTRA LARGE Mens Black Celebrity Bomber Collide Gates,299.99,GBP,Pre-owned - Excellent,,,londonink,GB,,https://www.ebay.co.uk/itm/257396362534?_skw=All+Saints+Leather+Jacket&hash=item3bee04cd26:g:nsYAAeSwjjJo3kog,,2026-03-10T13:32:49.126471+00:00,All Saints Leather Jacket
ebay,v1|117076623282|0,ALLSAINTS ALL SAINTS BALFERN LEATHER BIKER JACKET 12 DUSKY PINK ROSE BLUSH,73.50,GBP,Pre-owned - Good,,,reemunkey,GB,,https://www.ebay.co.uk/itm/117076623282?_skw=All+Saints+Leather+Jacket&hash=item1b424f7fb2:g:BxcAAeSwO2VprZbb,,2026-03-10T13:32:49.126477+00:00,All Saints Leather Jacket
ebay,v1|147192212904|0,All Saints brown leather suede jacket blazer,182.70,GBP,Pre-owned - Good,,,peja038,GB,,https://www.ebay.co.uk/itm/147192212904?_skw=All+Saints+Leather+Jacket&hash=item224556eda8:g:BlQAAeSwPfRprZKq,,2026-03-10T13:32:49.126481+00:00,All Saints Leather Jacket
ebay,v1|306810303651|0,Vintage AllSaints ‘Command’ Black Leather Biker Jacket Men’s Large 42 Chest,99.99,GBP,Pre-owned - Excellent,,,aceeadie,GB,,https://www.ebay.co.uk/itm/306810303651?_skw=All+Saints+Leather+Jacket&hash=item476f51b4a3:g:O~4AAeSw4h1prY3b,,2026-03-10T13:32:49.126485+00:00,All Saints Leather Jacket
ebay,v1|168215580868|0,"Allsaints mens small real suede tan biker leather jacket, very good.Pre owned.",78.70,GBP,Pre-owned - Excellent,,,sg2850,GB,,https://www.ebay.co.uk/itm/168215580868?_skw=All+Saints+Leather+Jacket&hash=item272a6e10c4:g:yLUAAeSwnCdprYys,,2026-03-10T13:32:49.126489+00:00,All Saints Leather Jacket
ebay,v1|147192161304|0,AllSaints Women's Oxblood Leather Biker Jacket UK 8 Genuine Leather Moto Jacket,75.57,GBP,Pre-owned - Excellent,,,bela_shop,GB,,https://www.ebay.co.uk/itm/147192161304?_skw=All+Saints+Leather+Jacket&hash=item2245562418:g:4jsAAeSw-6ZprYoZ,,2026-03-10T13:32:49.126493+00:00,All Saints Leather Jacket
ebay,v1|327034858239|0,All Saints Luck Men’s Black Leather Jacket Size L,208.70,GBP,Pre-owned - Excellent,,,m.r.peterson,GB,,https://www.ebay.co.uk/itm/327034858239?_skw=All+Saints+Leather+Jacket&hash=item4c24cbeaff:g:bLMAAeSwdWNprXxF,,2026-03-10T13:32:49.126498+00:00,All Saints Leather Jacket
ebay,v1|306809726989|0,Allsaints Eline Leather Jacket XS Red Inner Lining,69.99,GBP,Pre-owned - Excellent,,,jaffacakes123ben,GB,,https://www.ebay.co.uk/itm/306809726989?_skw=All+Saints+Leather+Jacket&hash=item476f48e80d:g:P8wAAeSwCVpoD3gK,,2026-03-10T13:32:49.126507+00:00,All Saints Leather Jacket
ebay,v1|327034785206|0,All Saints Spitalfields Black Leather Jacket Biker Style Demon Shirt Size XL,79.99,GBP,Pre-owned - Good,,,popthehood83,GB,,https://www.ebay.co.uk/itm/327034785206?_skw=All+Saints+Leather+Jacket&hash=item4c24cacdb6:g:YFoAAeSwcttppCFK,,2026-03-10T13:32:49.126512+00:00,All Saints Leather Jacket
ebay,v1|358301185751|0,ALLSAINTS Jacket Mens Medium Brown Diverse Leather Pea Coat Biker Borg Collar VG,84.99,GBP,Pre-owned - Excellent,,,stylecircuitlondon,GB,,https://www.ebay.co.uk/itm/358301185751?_skw=All+Saints+Leather+Jacket&hash=item536c6a36d7:g:gOkAAeSwlf1prVE7,,2026-03-10T13:32:49.126516+00:00,All Saints Leather Jacket
ebay,v1|168215011260|0,All Saints Bomber Jacket Womens Size UK 8 Light Brown 100% Sheep Leather Biker,35.00,GBP,Pre-owned - Good,,,lightworkresells,GB,,https://www.ebay.co.uk/itm/168215011260?_skw=All+Saints+Leather+Jacket&hash=item272a655fbc:g:t2sAAeSwULhprT9a,,2026-03-10T13:32:49.126520+00:00,All Saints Leather Jacket
ebay,v1|188133539709|0,AllSaints Women's Size 12 Leather Biker Jacket,135.90,GBP,Pre-owned - Good,,,shelleyp32,GB,,https://www.ebay.co.uk/itm/188133539709?_skw=All+Saints+Leather+Jacket&hash=item2bcda1ff7d:g:LiMAAeSwWK1prTie,,2026-03-10T13:32:49.126524+00:00,All Saints Leather Jacket
ebay,v1|157734283075|0,AllSaints Men's Leather Medium Super Soft Leather Biker Jacket Size M,30.86,GBP,Pre-owned - Good,,,zefa66,GB,,https://www.ebay.co.uk/itm/157734283075?_skw=All+Saints+Leather+Jacket&hash=item24b9b22743:g:MFsAAeSw4c1prSkF,,2026-03-10T13:32:49.126528+00:00,All Saints Leather Jacket
ebay,v1|267597659191|0,All Saints Belmont Black Leather Jacket UK 4 US 0 Women’s trucker button down,77.14,GBP,Pre-owned - Excellent,,,*v.i.v.i*,GB,,https://www.ebay.co.uk/itm/267597659191?_skw=All+Saints+Leather+Jacket&hash=item3e4e103c37:g:nXkAAeSw88Noyb~S,,2026-03-10T13:32:49.126532+00:00,All Saints Leather Jacket
ebay,v1|317970357407|0,All Saints Catch Goats Suede Leather Cherry Oak Red Biker Jacket Uk 2 BNWT,104.70,GBP,New with tags,,,windsor_red,GB,,https://www.ebay.co.uk/itm/317970357407?_skw=All+Saints+Leather+Jacket&hash=item4a08829c9f:g:uTwAAeSwr-tprRww,,2026-03-10T13:32:49.126536+00:00,All Saints Leather Jacket
ebay,v1|267597648537|0,All Saints Black Suede Leather Stud Dalby Western Biker Jacket Uk 8 BNWT,83.90,GBP,New with tags,,,windsor_red,GB,,https://www.ebay.co.uk/itm/267597648537?_skw=All+Saints+Leather+Jacket&hash=item3e4e101299:g:G8MAAeSwPqFprRq-,,2026-03-10T13:32:49.126540+00:00,All Saints Leather Jacket
ebay,v1|157733754007|0,AllSaints Balfern Leather Jacket size UK 2,130.70,GBP,Pre-owned - Excellent,,,zephyr.3,GB,,https://www.ebay.co.uk/itm/157733754007?_skw=All+Saints+Leather+Jacket&hash=item24b9aa1497:g:GrkAAeSw705prNDJ,,2026-03-10T13:32:49.126545+00:00,All Saints Leather Jacket
ebay,v1|317969376603|0,All Saints Womens Lamb Leather Snake Print Bomber Jacket Size UK 6 US 2 EU 34,99.99,GBP,New with tags,,,briram-34,GB,,https://www.ebay.co.uk/itm/317969376603?_skw=All+Saints+Leather+Jacket&hash=item4a0873a55b:g:xe0AAOSwKbpibBnH,,2026-03-10T13:32:49.126549+00:00,All Saints Leather Jacket
ebay,v1|257395337506|0,ALL SAINTS Suede Leather Jacket Mens SMALL Grey Biker Bomber Celebrity KEMBLE,299.99,GBP,Pre-owned - Excellent,,,londonink,GB,,https://www.ebay.co.uk/itm/257395337506?_skw=All+Saints+Leather+Jacket&hash=item3bedf52922:g:bTYAAeSwEmxo0oCm,,2026-03-10T13:32:49.126553+00:00,All Saints Leather Jacket
ebay,v1|257395337520|0,ALL SAINTS Suede Leather Jacket Mens MEDIUM Black M Biker Bomber Celebrity KIRK,229.99,GBP,Pre-owned - Excellent,,,londonink,GB,,https://www.ebay.co.uk/itm/257395337520?_skw=All+Saints+Leather+Jacket&hash=item3bedf52930:g:uT4AAeSwSWlo1rzn,,2026-03-10T13:32:49.126558+00:00,All Saints Leather Jacket
ebay,v1|257395337517|0,ALL SAINTS Suede Leather Jacket Blazer 2XL Tan XXL Biker Bomber Celebrity KEMBLE,259.99,GBP,Pre-owned - Excellent,,,londonink,GB,,https://www.ebay.co.uk/itm/257395337517?_skw=All+Saints+Leather+Jacket&hash=item3bedf5292d:g:518AAOSwy2Nnrmoq,,2026-03-10T13:32:49.126562+00:00,All Saints Leather Jacket
ebay,v1|257395337521|0,ALL SAINTS Suede Leather Blazer Jacket Mens SMALL Grey SURVEY Waxed Celebrity,299.99,GBP,Pre-owned - Excellent,,,londonink,GB,,https://www.ebay.co.uk/itm/257395337521?_skw=All+Saints+Leather+Jacket&hash=item3bedf52931:g:efUAAOSw-SZnOnNC,,2026-03-10T13:32:49.126567+00:00,All Saints Leather Jacket
ebay,v1|257395337504|0,ALL SAINTS Shearling Leather Jacket Mens SMALL Black Sheepskin Celebrity MYRES,449.99,GBP,Pre-owned - Excellent,,,londonink,GB,,https://www.ebay.co.uk/itm/257395337504?_skw=All+Saints+Leather+Jacket&hash=item3bedf52920:g:mmQAAeSwtexpPEOx,,2026-03-10T13:32:49.126571+00:00,All Saints Leather Jacket
ebay,v1|257395337516|0,ALL SAINTS Leather Shirt Jacket Mens XS Black Biker Celebrity Western ARLINE,199.99,GBP,Pre-owned - Excellent,,,londonink,GB,,https://www.ebay.co.uk/itm/257395337516?_skw=All+Saints+Leather+Jacket&hash=item3bedf5292c:g:dHAAAOSwu-BoIeKt,,2026-03-10T13:32:49.126575+00:00,All Saints Leather Jacket
ebay,v1|257395337507|0,ALL SAINTS Leather Shirt Jacket Mens MEDIUM Brown Biker Celebrity Grail PHANTON,189.99,GBP,Pre-owned - Excellent,,,londonink,GB,,https://www.ebay.co.uk/itm/257395337507?_skw=All+Saints+Leather+Jacket&hash=item3bedf52923:g:0VEAAeSwDyppRTv-,,2026-03-10T13:32:49.126580+00:00,All Saints Leather Jacket
ebay,v1|257395337501|0,ALL SAINTS Leather Shirt Jacket Mens MEDIUM Black Biker Celebrity Grail DANGAN,229.99,GBP,Pre-owned - Excellent,,,londonink,GB,,https://www.ebay.co.uk/itm/257395337501?_skw=All+Saints+Leather+Jacket&hash=item3bedf5291d:g:4M0AAeSwuYZovsyP,,2026-03-10T13:32:49.126586+00:00,All Saints Leather Jacket
ebay,v1|257395337515|0,ALL SAINTS Leather Jacket Mens XXL Black ASTORIA Biker Bomber Celebrity 2XL,249.99,GBP,Pre-owned - Good,,,londonink,GB,,https://www.ebay.co.uk/itm/257395337515?_skw=All+Saints+Leather+Jacket&hash=item3bedf5292b:g:DxkAAOSwNnRm1bH9,,2026-03-10T13:32:49.126591+00:00,All Saints Leather Jacket
ebay,v1|257395337519|0,ALL SAINTS Leather Jacket Mens SMALL Black S Biker Bomber Celebrity Grail BLYTHE,239.99,GBP,Pre-owned - Excellent,,,londonink,GB,,https://www.ebay.co.uk/itm/257395337519?_skw=All+Saints+Leather+Jacket&hash=item3bedf5292f:g:sg0AAeSwuY1ogqwN,,2026-03-10T13:32:49.126596+00:00,All Saints Leather Jacket
ebay,v1|257394709805|0,ALL SAINTS Suede Leather Jacket Mens SMALL Grey Biker Bomber Celebrity RIGG,169.99,GBP,Pre-owned - Good,,,londonink,GB,,https://www.ebay.co.uk/itm/257394709805?_skw=All+Saints+Leather+Jacket&hash=item3bedeb952d:g:fIkAAeSwdwxojgPQ,,2026-03-10T13:32:49.126600+00:00,All Saints Leather Jacket
ebay,v1|168213927359|0,ALL SAINTS LADIES BLACK KADIAN LEATHER KNIT SLEEVE ASYMMETRIC JACKET SIZE 12,83.89,GBP,Pre-owned - Good,,,cseasakurastar1311,GB,,https://www.ebay.co.uk/itm/168213927359?_skw=All+Saints+Leather+Jacket&hash=item272a54d5bf:g:CEYAAeSwAYxpq0WZ,,2026-03-10T13:32:49.126605+00:00,All Saints Leather Jacket
ebay,v1|406745973247|0,ALLSAINTS JACKET LEATHER Short Sleeve Gilet UK 8 BLACK Snakeskin Authentic,35.00,GBP,Pre-owned - Good,,,anwoo-9018,GB,,https://www.ebay.co.uk/itm/406745973247?_skw=All+Saints+Leather+Jacket&hash=item5eb3f301ff:g:D6AAAOSwWX9jvcjr,,2026-03-10T13:32:49.126610+00:00,All Saints Leather Jacket
ebay,v1|257395337522|0,ALL SAINTS Leather Jacket Mens SMALL Black S Biker Bomber Celebrity Grail ABBOT,199.99,GBP,Pre-owned - Good,,,londonink,GB,,https://www.ebay.co.uk/itm/257395337522?_skw=All+Saints+Leather+Jacket&hash=item3bedf52932:g:JvMAAOSwVcRoLFpz,,2026-03-10T13:32:49.126615+00:00,All Saints Leather Jacket
ebay,v1|257394709808|0,ALL SAINTS Suede Leather Jacket 2XL Mens Grey XXL Biker Bomber Celebrity KEMBLE,259.99,GBP,Pre-owned - Excellent,,,londonink,GB,,https://www.ebay.co.uk/itm/257394709808?_skw=All+Saints+Leather+Jacket&hash=item3bedeb9530:g:FDgAAeSwo6lotLWq,,2026-03-10T13:32:49.126619+00:00,All Saints Leather Jacket
ebay,v1|257395337503|0,ALL SAINTS Leather Jacket Mens MEDIUM Black Biker Bomber Liam Gallagher BLENHAM,249.99,GBP,Pre-owned - Good,,,londonink,GB,,https://www.ebay.co.uk/itm/257395337503?_skw=All+Saints+Leather+Jacket&hash=item3bedf5291f:g:zmoAAeSwfP9pd-Nr,,2026-03-10T13:32:49.126623+00:00,All Saints Leather Jacket
ebay,v1|257394709819|0,ALL SAINTS Leather Jacket Mens SMALL Suede Blazer Celebrity Grey SURVEY,279.99,GBP,Pre-owned - Good,,,londonink,GB,,https://www.ebay.co.uk/itm/257394709819?_skw=All+Saints+Leather+Jacket&hash=item3bedeb953b:g:hgQAAOSwB89oJy5d,,2026-03-10T13:32:49.126627+00:00,All Saints Leather Jacket
ebay,v1|257395337513|0,ALL SAINTS Leather Jacket Mens MEDIUM Black Biker Bomber Celebrity Grail MILO,219.99,GBP,Pre-owned - Excellent,,,londonink,GB,,https://www.ebay.co.uk/itm/257395337513?_skw=All+Saints+Leather+Jacket&hash=item3bedf52929:g:GNMAAeSweq9ofnHt,,2026-03-10T13:32:49.126631+00:00,All Saints Leather Jacket
ebay,v1|257394709818|0,ALL SAINTS Oxblood Leather Jacket Mens SMALL Red Biker Bomber Celebrity CONROY,189.99,GBP,Pre-owned - Good,,,londonink,GB,,https://www.ebay.co.uk/itm/257394709818?_skw=All+Saints+Leather+Jacket&hash=item3bedeb953a:g:HuoAAOSwtL5oJwbS,,2026-03-10T13:32:49.126636+00:00,All Saints Leather Jacket
ebay,v1|257395337512|0,ALL SAINTS Leather Jacket Mens EXTRA LARGE Black Biker Bomber Celebrity RONVER,249.99,GBP,Pre-owned - Excellent,,,londonink,GB,,https://www.ebay.co.uk/itm/257395337512?_skw=All+Saints+Leather+Jacket&hash=item3bedf52928:g:rl8AAeSwmilpA4IE,,2026-03-10T13:32:49.126640+00:00,All Saints Leather Jacket
ebay,v1|257394709809|0,ALL SAINTS Leather Shirt Jacket Mens LARGE Biker Bomber Celebrity Grail PHANTON,259.99,GBP,Pre-owned - Excellent,,,londonink,GB,,https://www.ebay.co.uk/itm/257394709809?_skw=All+Saints+Leather+Jacket&hash=item3bedeb9531:g:8aUAAOSwhx5oIeeq,,2026-03-10T13:32:49.126644+00:00,All Saints Leather Jacket
ebay,v1|257395333732|0,ALL SAINTS Leather Jacket Mens SMALL Black Biker Bomber Celebrity Grail VERDI,349.99,GBP,Pre-owned - Excellent,,,londonink,GB,,https://www.ebay.co.uk/itm/257395333732?_skw=All+Saints+Leather+Jacket&hash=item3bedf51a64:g:DlQAAeSwOZ9pMfS9,,2026-03-10T13:32:49.126648+00:00,All Saints Leather Jacket
ebay,v1|257395333734|0,ALL SAINTS Suede Leather Blazer Jacket Mens EXTRA LARGE Brown HOPTON like survey,369.99,GBP,Pre-owned - Excellent,,,londonink,GB,,https://www.ebay.co.uk/itm/257395333734?_skw=All+Saints+Leather+Jacket&hash=item3bedf51a66:g:96EAAeSwe1Jo0phl,,2026-03-10T13:32:49.126652+00:00,All Saints Leather Jacket
ebay,v1|257395175293|0,All Saints Mens ABBOT Leather Bomber Jacket Biker XL Extra Large AllSaints Hood,229.99,GBP,Pre-owned - Good,,,zecnavda,GB,,https://www.ebay.co.uk/itm/257395175293?_skw=All+Saints+Leather+Jacket&hash=item3bedf2af7d:g:C2wAAOSwOstnWzLr,,2026-03-10T13:32:49.126657+00:00,All Saints Leather Jacket
ebay,v1|257395175287|0,All Saints Mens WOODLEY Leather Biker Jacket SMALL Black Hooded Bomber AllSaints,219.99,GBP,Pre-owned - Excellent,,,zecnavda,GB,,https://www.ebay.co.uk/itm/257395175287?_skw=All+Saints+Leather+Jacket&hash=item3bedf2af77:g:z3AAAOSwGVlnfW9q,,2026-03-10T13:32:49.126661+00:00,All Saints Leather Jacket
ebay,v1|257395175296|0,All Saints KLISKO Leather Biker Bomber Jacket LARGE L Mens Black Rock Star B156,239.99,GBP,Pre-owned - Good,,,zecnavda,GB,,https://www.ebay.co.uk/itm/257395175296?_skw=All+Saints+Leather+Jacket&hash=item3bedf2af80:g:JrAAAeSwAKtphd5W,,2026-03-10T13:32:49.126665+00:00,All Saints Leather Jacket
ebay,v1|267597164000|0,All Saints Ladies SHERWOOD Leather Biker Jacket LARGE UK14 UK16 Black Bomber,189.99,GBP,Pre-owned - Excellent,,,zecnavda,GB,,https://www.ebay.co.uk/itm/267597164000?_skw=All+Saints+Leather+Jacket&hash=item3e4e08ade0:g:jn0AAeSwNn9phckn,,2026-03-10T13:32:49.126669+00:00,All Saints Leather Jacket
ebay,v1|257394709815|0,ALL SAINTS Leather Shirt Jacket Mens EXTRA LARGE Black Biker Celebrity POSTNOON,149.99,GBP,Pre-owned - Good,,,londonink,GB,,https://www.ebay.co.uk/itm/257394709815?_skw=All+Saints+Leather+Jacket&hash=item3bedeb9537:g:i3AAAOSwYWRoIgCh,,2026-03-10T13:32:49.126674+00:00,All Saints Leather Jacket
ebay,v1|257395175285|0,All Saints Mens BALMORRO Leather Jacket LARGE Brown Blazer AllSaints Suede,229.99,GBP,Pre-owned - Good,,,zecnavda,GB,,https://www.ebay.co.uk/itm/257395175285?_skw=All+Saints+Leather+Jacket&hash=item3bedf2af75:g:DiIAAeSwXh9oupnA,,2026-03-10T13:32:49.126678+00:00,All Saints Leather Jacket
ebay,v1|257395175291|0,All Saints Mens STONES Leather Bomber Jacket LARGE Grey Suede Biker Nubuck,169.99,GBP,Pre-owned - Good,,,zecnavda,GB,,https://www.ebay.co.uk/itm/257395175291?_skw=All+Saints+Leather+Jacket&hash=item3bedf2af7b:g:r2cAAeSwHCdpXpw~,,2026-03-10T13:32:49.126683+00:00,All Saints Leather Jacket
ebay,v1|267597164007|0,All Saints Ladies Pitch Leather Biker Jacket UK8 US4 EU36 steine 2,89.99,GBP,Pre-owned - Fair,,,zecnavda,GB,,https://www.ebay.co.uk/itm/267597164007?_skw=All+Saints+Leather+Jacket&hash=item3e4e08ade7:g:T-YAAOSw~MFhWg1j,,2026-03-10T13:32:49.126688+00:00,All Saints Leather Jacket
ebay,v1|198163981889|0,AllSaints Spitalfields Stenburg Leather Jacket Brown Mens Large Biker Zip,79.99,GBP,Pre-owned - Good,,,fabnab,GB,,https://www.ebay.co.uk/itm/198163981889?_skw=All+Saints+Leather+Jacket&hash=item2e237e6641:g:VMsAAeSwmeNprIhR,,2026-03-10T13:32:49.126692+00:00,All Saints Leather Jacket
ebay,v1|257394712957|0,ALL SAINTS Leather Shirt Jacket Mens MEDIUM ENEMY Shacket mckay emery phanton M,99.99,GBP,Pre-owned - Good,,,londonink,GB,,https://www.ebay.co.uk/itm/257394712957?_skw=All+Saints+Leather+Jacket&hash=item3bedeba17d:g:FTIAAOSwtoFlTlW7,,2026-03-10T13:32:49.126696+00:00,All Saints Leather Jacket
ebay,v1|267597164005|0,All Saints Mens KIRO Leather Bomber Jacket XL Grey Biker EXTRA LARGE Moto,139.99,GBP,Pre-owned - Fair,,,zecnavda,GB,,https://www.ebay.co.uk/itm/267597164005?_skw=All+Saints+Leather+Jacket&hash=item3e4e08ade5:g:kvEAAeSw1iVphcwh,,2026-03-10T13:32:49.126701+00:00,All Saints Leather Jacket
ebay,v1|257395175297|0,AllSaints Mens SHORLEY Leather Jacket LARGE Blazer Brown Grey Biker All Saints,199.99,GBP,Pre-owned - Fair,,,zecnavda,GB,,https://www.ebay.co.uk/itm/257395175297?_skw=All+Saints+Leather+Jacket&hash=item3bedf2af81:g:dVYAAeSw9Gdoj4Jd,,2026-03-10T13:32:49.126705+00:00,All Saints Leather Jacket
ebay,v1|267597164019|0,All Saints Mens COLT Leather Bomber Jacket SMALL Black Allsaints Biker Designer,189.99,GBP,Pre-owned - Excellent,,,zecnavda,GB,,https://www.ebay.co.uk/itm/267597164019?_skw=All+Saints+Leather+Jacket&hash=item3e4e08adf3:g:VVoAAOSwbGFoQeya,,2026-03-10T13:32:49.126710+00:00,All Saints Leather Jacket
ebay,v1|257395175299|0,All Saints Ladies Wyatt leather Biker Jacket UK14 US10 EU42 Pink Bomber Moto,199.99,GBP,Pre-owned - Fair,,,zecnavda,GB,,https://www.ebay.co.uk/itm/257395175299?_skw=All+Saints+Leather+Jacket&hash=item3bedf2af83:g:iXkAAOSwWx5nAulj,,2026-03-10T13:32:49.126715+00:00,All Saints Leather Jacket
ebay,v1|257395175300|0,All Saints Mens KEMBLE Suede Bomber Jacket SMALL Biker Moto Leather 2 A221,169.99,GBP,Pre-owned - Fair,,,zecnavda,GB,,https://www.ebay.co.uk/itm/257395175300?_skw=All+Saints+Leather+Jacket&hash=item3bedf2af84:g:yE4AAOSwIrVlSAKE,,2026-03-10T13:32:49.126719+00:00,All Saints Leather Jacket
ebay,v1|267597163999|0,All Saints Mens COURTE Leather Military Utility Jacket MEDIUM Allsaints B56,189.99,GBP,Pre-owned - Good,,,zecnavda,GB,,https://www.ebay.co.uk/itm/267597163999?_skw=All+Saints+Leather+Jacket&hash=item3e4e08addf:g:3KwAAeSwpf9phcp5,,2026-03-10T13:32:49.126723+00:00,All Saints Leather Jacket
ebay,v1|267597164008|0,AllSaints Mens HEADEN Leather Blazer Jacket MEDIUM Brown All Saints Bomber Biker,179.99,GBP,Pre-owned - Fair,,,zecnavda,GB,,https://www.ebay.co.uk/itm/267597164008?_skw=All+Saints+Leather+Jacket&hash=item3e4e08ade8:g:9RUAAeSwG-tphc1Z,,2026-03-10T13:32:49.126728+00:00,All Saints Leather Jacket
ebay,v1|257394709814|0,ALL SAINTS Leather Jacket Mens XXL Black Celebrity BOYTON Bomber Kino Niko 2XL,259.99,GBP,Pre-owned - Excellent,,,londonink,GB,,https://www.ebay.co.uk/itm/257394709814?_skw=All+Saints+Leather+Jacket&hash=item3bedeb9536:g:cpoAAOSwti5oIhXh,,2026-03-10T13:32:49.126732+00:00,All Saints Leather Jacket
ebay,v1|257394712946|0,ALL SAINTS Leather Jacket Mens SMALL Suede Biker Bomber Celebrity Grail IMARA,99.99,GBP,Pre-owned - Good,,,londonink,GB,,https://www.ebay.co.uk/itm/257394712946?_skw=All+Saints+Leather+Jacket&hash=item3bedeba172:g:bgoAAeSwjSRogTiq,,2026-03-10T13:32:49.126736+00:00,All Saints Leather Jacket
ebay,v1|267597164011|0,All Saints Mens IKEDA Suede Leather Bomber Jacket MEDIUM Grey AllSaints Biker,99.99,GBP,Pre-owned - Excellent,,,zecnavda,GB,,https://www.ebay.co.uk/itm/267597164011?_skw=All+Saints+Leather+Jacket&hash=item3e4e08adeb:g:89MAAOSw~V9oQe5k,,2026-03-10T13:32:49.126740+00:00,All Saints Leather Jacket
ebay,v1|267597164014|0,All Saints Ladies DALBY Leather Biker Jacket UK10 US6 EU38 Black Moto A339,179.99,GBP,Pre-owned - Excellent,,,zecnavda,GB,,https://www.ebay.co.uk/itm/267597164014?_skw=All+Saints+Leather+Jacket&hash=item3e4e08adee:g:25cAAOSwEhdlpF4N,,2026-03-10T13:32:49.126744+00:00,All Saints Leather Jacket
ebay,v1|336468321014|0,All Saints Leather Jacket Snitch 100% Leather Mens Size Medium RRP £350,94.30,GBP,Pre-owned - Good,,,flashjuan,GB,,https://www.ebay.co.uk/itm/336468321014?_skw=All+Saints+Leather+Jacket&hash=item4e571322f6:g:rLkAAeSwjlJprHZl,,2026-03-10T13:32:49.126749+00:00,All Saints Leather Jacket
ebay,v1|267597164023|0,All Saints Mens DEBEAUVOIR Leather Bomber Jacket LARGE,109.99,GBP,Pre-owned - Good,,,zecnavda,GB,,https://www.ebay.co.uk/itm/267597164023?_skw=All+Saints+Leather+Jacket&hash=item3e4e08adf7:g:1OUAAOSwGxVi0xuB,,2026-03-10T13:32:49.126753+00:00,All Saints Leather Jacket
ebay,v1|267597164013|0,AllSaints Mens LOMI Leather Biker Jacket LARGE Black Bomber All Saints Rock Moto,189.99,GBP,Pre-owned - Good,,,zecnavda,GB,,https://www.ebay.co.uk/itm/267597164013?_skw=All+Saints+Leather+Jacket&hash=item3e4e08aded:g:gM4AAeSwSYlphcPY,,2026-03-10T13:32:49.126757+00:00,All Saints Leather Jacket
ebay,v1|257394712956|0,ALL SAINTS Leather Jacket Mens SMALL Sleveless Biker Celebrity Grail VICIOUS,169.99,GBP,Pre-owned - Good,,,londonink,GB,,https://www.ebay.co.uk/itm/257394712956?_skw=All+Saints+Leather+Jacket&hash=item3bedeba17c:g:qNsAAOSwCOhoIhfT,,2026-03-10T13:32:49.126763+00:00,All Saints Leather Jacket
ebay,v1|257395175288|0,All Saints Mens Patent Sheepskin Trucker Jacket MEDIUM Black Leather Shearling,439.99,GBP,Pre-owned - Excellent,,,zecnavda,GB,,https://www.ebay.co.uk/itm/257395175288?_skw=All+Saints+Leather+Jacket&hash=item3bedf2af78:g:XPsAAeSw4~Voihfx,,2026-03-10T13:32:49.126768+00:00,All Saints Leather Jacket
ebay,v1|257394709806|0,ALL SAINTS Leather Jacket Mens XS Black Biker Bomber Celebrity Grail DOHERTY,299.99,GBP,New with tags,,,londonink,GB,,https://www.ebay.co.uk/itm/257394709806?_skw=All+Saints+Leather+Jacket&hash=item3bedeb952e:g:5NkAAeSwNyto8OpX,,2026-03-10T13:32:49.126773+00:00,All Saints Leather Jacket
ebay,v1|257395175298|0,All Saints GIBSON Leather Biker Jacket SMALL Grey Mens Bomber Moto AllSaints,149.99,GBP,Pre-owned - Good,,,zecnavda,GB,,https://www.ebay.co.uk/itm/257395175298?_skw=All+Saints+Leather+Jacket&hash=item3bedf2af82:g:oq4AAeSwYAVphcgV,,2026-03-10T13:32:49.126777+00:00,All Saints Leather Jacket
ebay,v1|257394712960|0,ALL SAINTS Leather Jacket Mens SMALL Black Biker Bomber Celebrity KUSHIRO,79.99,GBP,Pre-owned - Excellent,,,londonink,GB,,https://www.ebay.co.uk/itm/257394712960?_skw=All+Saints+Leather+Jacket&hash=item3bedeba180:g:jh8AAOSwf-9oJvYn,,2026-03-10T13:32:49.126781+00:00,All Saints Leather Jacket
ebay,v1|257394709817|0,ALL SAINTS Leather Jacket Mens SMALL Tan Biker Bomber Celebrity Grail ELWICK,199.99,GBP,Pre-owned - Excellent,,,londonink,GB,,https://www.ebay.co.uk/itm/257394709817?_skw=All+Saints+Leather+Jacket&hash=item3bedeb9539:g:0hoAAOSwtRpoLFq7,,2026-03-10T13:32:49.126785+00:00,All Saints Leather Jacket
ebay,v1|257394712948|0,ALL SAINTS Leather Jacket Mens SMALL Black Biker Bomber Celebrity Grail CATCH,99.99,GBP,Pre-owned - Good,,,londonink,GB,,https://www.ebay.co.uk/itm/257394712948?_skw=All+Saints+Leather+Jacket&hash=item3bedeba174:g:sw8AAeSwX-Zogqee,,2026-03-10T13:32:49.126789+00:00,All Saints Leather Jacket
ebay,v1|257394712959|0,ALL SAINTS Leather Jacket Mens MEDIUM Grey Biker Bomber Celebrity Grail KAHAWA,79.99,GBP,Pre-owned - Good,,,londonink,GB,,https://www.ebay.co.uk/itm/257394712959?_skw=All+Saints+Leather+Jacket&hash=item3bedeba17f:g:BBUAAOSw04FlSsWf,,2026-03-10T13:32:49.126792+00:00,All Saints Leather Jacket
ebay,v1|257394709810|0,ALL SAINTS Leather Jacket Mens SMALL Blue Biker Bomber Celebrity Grail ISHIDA,199.99,GBP,Pre-owned - Fair,,,londonink,GB,,https://www.ebay.co.uk/itm/257394709810?_skw=All+Saints+Leather+Jacket&hash=item3bedeb9532:g:IncAAOSwWwNoXWok,,2026-03-10T13:32:49.126795+00:00,All Saints Leather Jacket
ebay,v1|227246219643|0,AllSaints Spitalfields Vintage Belvedere Leather Jacket Size 14 Uk Women,99.50,GBP,Pre-owned - Excellent,,,anaprelovedsclothes,GB,,https://www.ebay.co.uk/itm/227246219643?_skw=All+Saints+Leather+Jacket&hash=item34e8ee217b:g:IUgAAeSwJwZprFG7,,2026-03-10T13:32:49.126799+00:00,All Saints Leather Jacket
ebay,v1|397686207016|0,"All Saints Dalby Black/Silver Leather Jacket, Size 10",99.50,GBP,New without tags,,,eve-55167,GB,,https://www.ebay.co.uk/itm/397686207016?_skw=All+Saints+Leather+Jacket&hash=item5c97f1f228:g:BUUAAeSwZs1prFAl,,2026-03-10T13:32:49.126802+00:00,All Saints Leather Jacket
ebay,v1|257394712961|0,ALL SAINTS Leather Jacket Mens MEDIUM Grey Biker Bomber Celebrity Grail KAHAWA,79.99,GBP,Pre-owned - Good,,,londonink,GB,,https://www.ebay.co.uk/itm/257394712961?_skw=All+Saints+Leather+Jacket&hash=item3bedeba181:g:ZUgAAOSwoB9lSsQ9,,2026-03-10T13:32:49.126805+00:00,All Saints Leather Jacket
ebay,v1|147190488685|0,Allsaints Distressed Leather Vintage Jacket Men’s Size L Taupe,125.50,GBP,Pre-owned - Excellent,,,tazy42,GB,,https://www.ebay.co.uk/itm/147190488685?_skw=All+Saints+Leather+Jacket&hash=item22453c9e6d:g:9lMAAeSwNctprEwf,,2026-03-10T13:32:49.126808+00:00,All Saints Leather Jacket
ebay,v1|257395047719|0,ALL SAINTS Leather Jacket Mens LARGE Black Biker Bomber Celebrity Grail MILO,219.99,GBP,Pre-owned - Good,,,londonink,GB,,https://www.ebay.co.uk/itm/257395047719?_skw=All+Saints+Leather+Jacket&hash=item3bedf0bd27:g:P~4AAeSw04ppAf9d,,2026-03-10T13:32:49.126811+00:00,All Saints Leather Jacket
ebay,v1|257395047733|0,ALL SAINTS Leather Jacket Mens MEDIUM Black Biker Bomber Celebrity SANDERSON,99.99,GBP,Pre-owned - Good,,,londonink,GB,,https://www.ebay.co.uk/itm/257395047733?_skw=All+Saints+Leather+Jacket&hash=item3bedf0bd35:g:EXsAAOSwgXhmT5Ih,,2026-03-10T13:32:49.126814+00:00,All Saints Leather Jacket
ebay,v1|257394709807|0,ALL SAINTS Leather Jacket Mens SMALL Black S Biker Bomber Celebrity Grail KEAN,269.99,GBP,Pre-owned - Excellent,,,londonink,GB,,https://www.ebay.co.uk/itm/257394709807?_skw=All+Saints+Leather+Jacket&hash=item3bedeb952f:g:8~sAAeSwr7Zo8OSf,,2026-03-10T13:32:49.126817+00:00,All Saints Leather Jacket
ebay,v1|257394712962|0,ALL SAINTS Leather Jacket Mens MEDIUM Brown Biker Bomber Celebrity Grail ROWLEY,89.99,GBP,Pre-owned - Excellent,,,londonink,GB,,https://www.ebay.co.uk/itm/257394712962?_skw=All+Saints+Leather+Jacket&hash=item3bedeba182:g:vvEAAOSw07hoJvBF,,2026-03-10T13:32:49.126821+00:00,All Saints Leather Jacket
ebay,v1|358298292744|0,AllSaints Spitalfields Black Leather Biker Jacket Asymmetric Zip Women’s UK 10,58.99,GBP,Pre-owned - Excellent,,,northdevonhospiceshop,GB,,https://www.ebay.co.uk/itm/358298292744?_skw=All+Saints+Leather+Jacket&hash=item536c3e1208:g:hKAAAeSwEdRpjbvc,,2026-03-10T13:32:49.126825+00:00,All Saints Leather Jacket
ebay,v1|298098216701|0,All Saints Woman’s Leather Biker Jacket Size 8 UK Black,103.66,GBP,Pre-owned - Excellent,,,miksweene-1,GB,,https://www.ebay.co.uk/itm/298098216701?_skw=All+Saints+Leather+Jacket&hash=item456809cefd:g:sZMAAeSwVZdprD2Y,,2026-03-10T13:32:49.126829+00:00,All Saints Leather Jacket
ebay,v1|227246137459|0,Allsaints Women’s Black Studded Biker Rocher Leather Jacket UK 10,74.99,GBP,Pre-owned - Good,,,reecfranci-4,GB,,https://www.ebay.co.uk/itm/227246137459?_skw=All+Saints+Leather+Jacket&hash=item34e8ece073:g:yFYAAeSw2MtprD8q,,2026-03-10T13:32:49.126832+00:00,All Saints Leather Jacket
ebay,v1|358298248037|0,Rare AllSaints Mahonie soft black leather ruffle jacket. Bustle. Size 10.,206.57,GBP,Pre-owned - Excellent,,,amber_paige18,GB,,https://www.ebay.co.uk/itm/358298248037?_skw=All+Saints+Leather+Jacket&hash=item536c3d6365:g:XlIAAeSwYOVprZwK,,2026-03-10T13:32:49.126835+00:00,All Saints Leather Jacket
ebay,v1|137104300167|0,AllSaints Conroy Leather Biker Jacket Black Quilted Shoulder Moto Mens  Small,109.99,GBP,Pre-owned - Excellent,,,bootcandy1,GB,,https://www.ebay.co.uk/itm/137104300167?_skw=All+Saints+Leather+Jacket&hash=item1fec0d9887:g:cq0AAeSwv5NprD2N,,2026-03-10T13:32:49.126839+00:00,All Saints Leather Jacket
ebay,v1|257394712965|0,ALL SAINTS Leather Jacket Mens MEDIUM Black Celebrity Biker Bomber Hooded ABBOT,199.99,GBP,Pre-owned - Good,,,londonink,GB,,https://www.ebay.co.uk/itm/257394712965?_skw=All+Saints+Leather+Jacket&hash=item3bedeba185:g:rH0AAOSwX~ZngP2d,,2026-03-10T13:32:49.126842+00:00,All Saints Leather Jacket
ebay,v1|257394709803|0,ALL SAINTS Leather Jacket Mens MEDIUM Brown Biker Bomber Celebrity Grail DUNSTAN,299.99,GBP,Pre-owned - Excellent,,,londonink,GB,,https://www.ebay.co.uk/itm/257394709803?_skw=All+Saints+Leather+Jacket&hash=item3bedeb952b:g:AEIAAeSwXcRpQXNJ,,2026-03-10T13:32:49.126846+00:00,All Saints Leather Jacket
ebay,v1|127725162669|0,All Saints “Ezra” Biker Leather Jacket | Black | Large,114.58,GBP,Pre-owned - Excellent,,,rhys_bentley,GB,,https://www.ebay.co.uk/itm/127725162669?_skw=All+Saints+Leather+Jacket&hash=item1dbd0350ad:g:gqAAAeSwCoZprDPE,,2026-03-10T13:32:49.126849+00:00,All Saints Leather Jacket
ebay,v1|257394712953|0,ALL SAINTS Leather Jacket Mens MEDIUM Black Biker Bomber Celebrity Grail RENZO,199.99,GBP,Pre-owned - Good,,,londonink,GB,,https://www.ebay.co.uk/itm/257394712953?_skw=All+Saints+Leather+Jacket&hash=item3bedeba179:g:1dcAAeSwuN9paQyC,,2026-03-10T13:32:49.126853+00:00,All Saints Leather Jacket
ebay,v1|397685890670|0,AllSaints Billie Black Leather Biker Jacket - Size Small RRP £460,145.26,GBP,Pre-owned - Excellent,,,2013preference,GB,,https://www.ebay.co.uk/itm/397685890670?_skw=All+Saints+Leather+Jacket&hash=item5c97ed1e6e:g:e-QAAeSw~zhprXsv,,2026-03-10T13:32:49.126856+00:00,All Saints Leather Jacket
ebay,v1|306808048572|0,AllSaints Mens Oxblood CONROY Leather Biker Jacket Brown Large Bomber All Saints,109.99,GBP,Pre-owned - Excellent,,,jaffacakes123ben,GB,,https://www.ebay.co.uk/itm/306808048572?_skw=All+Saints+Leather+Jacket&hash=item476f2f4bbc:g:QMYAAeSwKhJpps4y,,2026-03-10T13:32:49.126859+00:00,All Saints Leather Jacket
ebay,v1|267596983276|0,All Saints Clay Oxblood Red Leather Bomber Jacket Oversized Medium BNWT,444.28,GBP,New with tags,,,thebagladyonline,GB,,https://www.ebay.co.uk/itm/267596983276?_skw=All+Saints+Leather+Jacket&hash=item3e4e05ebec:g:K-MAAeSwCTFprC2R,,2026-03-10T13:32:49.126862+00:00,All Saints Leather Jacket
ebay,v1|306808048567|0,ALL SAINTS Leather Blazer Jacket Mens EXTRA LARGE Waxed Suede Celebrity SURVEY,189.99,GBP,Pre-owned - Excellent,,,jaffacakes123ben,GB,,https://www.ebay.co.uk/itm/306808048567?_skw=All+Saints+Leather+Jacket&hash=item476f2f4bb7:g:cpEAAeSwPgVpptPA,,2026-03-10T13:32:49.126865+00:00,All Saints Leather Jacket
ebay,v1|257394709802|0,ALL SAINTS Leather Jacket Mens MEDIUM Black Biker Bomber Celebrity Grail NIKO,229.99,GBP,Pre-owned - Excellent,,,londonink,GB,,https://www.ebay.co.uk/itm/257394709802?_skw=All+Saints+Leather+Jacket&hash=item3bedeb952a:g:KEcAAeSwVtpoyaiv,,2026-03-10T13:32:49.126869+00:00,All Saints Leather Jacket
ebay,v1|257394712951|0,ALL SAINTS Leather Jacket Mens MEDIUM Black Biker Bomber Celebrity Grail KLISKO,199.99,GBP,Pre-owned - Excellent,,,londonink,GB,,https://www.ebay.co.uk/itm/257394712951?_skw=All+Saints+Leather+Jacket&hash=item3bedeba177:g:gRsAAeSwhINogM6-,,2026-03-10T13:32:49.126872+00:00,All Saints Leather Jacket
ebay,v1|306808048571|0,All Saints Lark Black Leather Jacket - Allsaints,179.99,GBP,Pre-owned - Excellent,,,jaffacakes123ben,GB,,https://www.ebay.co.uk/itm/306808048571?_skw=All+Saints+Leather+Jacket&hash=item476f2f4bbb:g:DB4AAeSwhHdpptTI,,2026-03-10T13:32:49.126875+00:00,All Saints Leather Jacket
ebay,v1|206117949097|0,Allsaints Black Leather Jacket -L,78.70,GBP,Pre-owned - Fair,,,metal_maidenz,GB,,https://www.ebay.co.uk/itm/206117949097?_skw=All+Saints+Leather+Jacket&hash=item2ffd964ea9:g:FDcAAeSw7mpprCNC,,2026-03-10T13:32:49.126878+00:00,All Saints Leather Jacket
ebay,v1|306808048568|0,ALLSAINTS Balfern Leather Jacket UK8 Womens Black ALL SAINTS Biker Moto US4 EU36,59.99,GBP,Pre-owned - Good,,,jaffacakes123ben,GB,,https://www.ebay.co.uk/itm/306808048568?_skw=All+Saints+Leather+Jacket&hash=item476f2f4bb8:g:bCIAAeSwXQJpptW2,,2026-03-10T13:32:49.126882+00:00,All Saints Leather Jacket
ebay,v1|257394712954|0,ALL SAINTS Leather Jacket Mens LARGE Black Biker Bomber Celebrity Grail KARL,239.99,GBP,Pre-owned - Excellent,,,londonink,GB,,https://www.ebay.co.uk/itm/257394712954?_skw=All+Saints+Leather+Jacket&hash=item3bedeba17a:g:5WkAAeSwqxdpd-bh,,2026-03-10T13:32:49.126885+00:00,All Saints Leather Jacket
ebay,v1|306808045813|0,Mens All Saints Stenburg Leather Jacket motorcycle cafe jacket Size UK MEDIUM,69.99,GBP,Pre-owned - Good,,,jaffacakes123ben,GB,,https://www.ebay.co.uk/itm/306808045813?_skw=All+Saints+Leather+Jacket&hash=item476f2f40f5:g:SFoAAOSwgmFnTv5E,,2026-03-10T13:32:49.126888+00:00,All Saints Leather Jacket
ebay,v1|257394709812|0,ALL SAINTS Leather Jacket Mens MEDIUM Sleveless Biker Celebrity Grail VICIOUS,169.99,GBP,Pre-owned - Good,,,londonink,GB,,https://www.ebay.co.uk/itm/257394709812?_skw=All+Saints+Leather+Jacket&hash=item3bedeb9534:g:1iMAAOSw2qxlVVom,,2026-03-10T13:32:49.126892+00:00,All Saints Leather Jacket
ebay,v1|257394712950|0,ALL SAINTS Leather Jacket Mens LARGE Black Biker Bomber Celebrity Grail DORSET,99.99,GBP,Pre-owned - Good,,,londonink,GB,,https://www.ebay.co.uk/itm/257394712950?_skw=All+Saints+Leather+Jacket&hash=item3bedeba176:g:5gIAAeSwr4po6IvZ,,2026-03-10T13:32:49.126895+00:00,All Saints Leather Jacket
ebay,v1|397685424049|0,AllSaints Ladies AYRA Leather Biker Jacket. Size 12. Excellent Pre-loved,151.50,GBP,Pre-owned - Excellent,,,qusto8,GB,,https://www.ebay.co.uk/itm/397685424049?_skw=All+Saints+Leather+Jacket&hash=item5c97e5ffb1:g:ZSQAAeSwAuFprA9f,,2026-03-10T13:32:49.126898+00:00,All Saints Leather Jacket
ebay,v1|306808045828|0,AllSaints Men's Leather Biker Jacket “Bull Head” Size UK Large,69.99,GBP,Pre-owned - Good,,,jaffacakes123ben,GB,,https://www.ebay.co.uk/itm/306808045828?_skw=All+Saints+Leather+Jacket&hash=item476f2f4104:g:iJwAAeSwUntoyUMe,,2026-03-10T13:32:49.126905+00:00,All Saints Leather Jacket
ebay,v1|257394709813|0,ALL SAINTS Leather Jacket Mens LARGE Black Biker Bomber Celebrity Grail TYSON,249.99,GBP,Pre-owned - Excellent,,,londonink,GB,,https://www.ebay.co.uk/itm/257394709813?_skw=All+Saints+Leather+Jacket&hash=item3bedeb9535:g:X0UAAOSwkLlntF3L,,2026-03-10T13:32:49.126908+00:00,All Saints Leather Jacket
ebay,v1|257394712949|0,ALL SAINTS Leather Blazer Jacket Mens MEDIUM Suede Celebrity SARGENT like Survey,219.99,GBP,Pre-owned - Good,,,londonink,GB,,https://www.ebay.co.uk/itm/257394712949?_skw=All+Saints+Leather+Jacket&hash=item3bedeba175:g:87oAAeSwz0JpDy1K,,2026-03-10T13:32:49.126911+00:00,All Saints Leather Jacket
ebay,v1|257394709801|0,ALL SAINTS Leather Jacket Mens XL Black Biker Bomber Hooded Celebrity RENZO,249.99,GBP,Pre-owned - Good,,,londonink,GB,,https://www.ebay.co.uk/itm/257394709801?_skw=All+Saints+Leather+Jacket&hash=item3bedeb9529:g:kEsAAeSwEp1phe~2,,2026-03-10T13:32:49.126915+00:00,All Saints Leather Jacket
ebay,v1|257394709804|0,ALL SAINTS Leather Jacket Mens LARGE Black Biker Bomber Celebrity Hooded RENZO,299.99,GBP,Pre-owned - Excellent,,,londonink,GB,,https://www.ebay.co.uk/itm/257394709804?_skw=All+Saints+Leather+Jacket&hash=item3bedeb952c:g:aCQAAeSwfFdo4BUs,,2026-03-10T13:32:49.126918+00:00,All Saints Leather Jacket
ebay,v1|257394709811|0,ALL SAINTS Shearling Leather Jacket Mens LARGE Sheepskin Coat Celebrity XANDER,499.99,GBP,Pre-owned - Good,,,londonink,GB,,https://www.ebay.co.uk/itm/257394709811?_skw=All+Saints+Leather+Jacket&hash=item3bedeb9533:g:hscAAOSw6zJnIV78,,2026-03-10T13:32:49.126921+00:00,All Saints Leather Jacket
ebay,v1|257394709816|0,ALL SAINTS Shearling Leather Jacket Mens MEDIUM Sheepskin Black Celebrity XANDER,499.99,GBP,Pre-owned - Excellent,,,londonink,GB,,https://www.ebay.co.uk/itm/257394709816?_skw=All+Saints+Leather+Jacket&hash=item3bedeb9538:g:W2QAAOSwAVdoIgaJ,,2026-03-10T13:32:49.126924+00:00,All Saints Leather Jacket
ebay,v1|397685344003|0,AllSaints Khaki Leather Jacket – Fits UK 8/10 – Good Condition,42.30,GBP,Pre-owned - Good,,,daveffc,GB,,https://www.ebay.co.uk/itm/397685344003?_skw=All+Saints+Leather+Jacket&hash=item5c97e4c703:g:1rEAAeSwZSxpanY2,,2026-03-10T13:32:49.126928+00:00,All Saints Leather Jacket
ebay,v1|147190074186|0,Allsaints Kino Black Leather Bomber Punk Racer Full Zip Jacket Size Mens XL,185.00,GBP,Pre-owned - Good,,,junkpunkuk,GB,,https://www.ebay.co.uk/itm/147190074186?_skw=All+Saints+Leather+Jacket&hash=item2245364b4a:g:628AAeSwyndpq~77,,2026-03-10T13:32:49.126931+00:00,All Saints Leather Jacket
ebay,v1|306808045810|0,ALL SAINTS Leather Shirt Jacket Large Black Mens HOLMES Celebrity Over Biker L,69.99,GBP,Pre-owned - Good,,,jaffacakes123ben,GB,,https://www.ebay.co.uk/itm/306808045810?_skw=All+Saints+Leather+Jacket&hash=item476f2f40f2:g:Dr0AAOSwcbNnTvTY,,2026-03-10T13:32:49.126934+00:00,All Saints Leather Jacket
ebay,v1|306808045808|0,All Saints SECTION Leather Shirt Jacket Mens Black Biker UK LARGE,79.99,GBP,Pre-owned - Good,,,jaffacakes123ben,GB,,https://www.ebay.co.uk/itm/306808045808?_skw=All+Saints+Leather+Jacket&hash=item476f2f40f0:g:dicAAOSwiRZnBQ2t,,2026-03-10T13:32:49.126937+00:00,All Saints Leather Jacket
ebay,v1|389710882986|0,All Saints Russel Puffer Leather Jacket Black  Mens Small Rare Padded Quilted,125.50,GBP,Pre-owned - Excellent,,,maw_763,GB,,https://www.ebay.co.uk/itm/389710882986?_skw=All+Saints+Leather+Jacket&hash=item5abc9428aa:g:kToAAeSwSltpq-WF,,2026-03-10T13:32:49.126941+00:00,All Saints Leather Jacket
ebay,v1|306786427702|0,Allsaints Jasper Motorcycle Biker Punk Black Leather Bomber Jacket Mens Medium #,119.99,GBP,Pre-owned - Excellent,,,reloved_planet,GB,,https://www.ebay.co.uk/itm/306786427702?_skw=All+Saints+Leather+Jacket&hash=item476de56336:g:LDgAAeSwRUtpnBp6,,2026-03-10T13:32:49.126944+00:00,All Saints Leather Jacket
ebay,v1|198162542716|0,All Saints Leather Jacket Medium Mens Black Trucker Biker Bomber Morson Moto,129.95,GBP,Pre-owned - Excellent,,,eco.elegance,GB,,https://www.ebay.co.uk/itm/198162542716?_skw=All+Saints+Leather+Jacket&hash=item2e2368707c:g:7RQAAeSw~plpg4Yc,,2026-03-10T13:32:49.126947+00:00,All Saints Leather Jacket
ebay,v1|257394522605|0,All Saints Kenji Leather Jacket Medium,75.00,GBP,Pre-owned - Good,,,samrothery94,GB,,https://www.ebay.co.uk/itm/257394522605?_skw=All+Saints+Leather+Jacket&hash=item3bede8b9ed:g:kjQAAeSwYXxpq89Q,,2026-03-10T13:32:49.126950+00:00,All Saints Leather Jacket
ebay,v1|377014485744|0,"Black All Saints Pataya Buffalo Leather Biker Jacket, Size UK 6",37.10,GBP,Pre-owned - Excellent,,,robertdemattei-0,GB,,https://www.ebay.co.uk/itm/377014485744?_skw=All+Saints+Leather+Jacket&hash=item57c7d082f0:g:Tp0AAeSwgBlpq1vF,,2026-03-10T13:32:49.126957+00:00,All Saints Leather Jacket
ebay,v1|157731155226|0,AllSaints Conroy Black Lamb Leather Biker Jacket XL – Genuine Leather – RRP 699,311.66,GBP,Pre-owned - Excellent,,,martkema97,GB,,https://www.ebay.co.uk/itm/157731155226?_skw=All+Saints+Leather+Jacket&hash=item24b9826d1a:g:FqAAAeSwqd9pq1N6,,2026-03-10T13:32:49.126960+00:00,All Saints Leather Jacket
ebay,v1|257393232846|0,ALL SAINTS Suede Leather Jacket Mens MEDIUM Black Biker Bomber Celebrity NASH,179.99,GBP,Pre-owned - Good,,,londonink,GB,,https://www.ebay.co.uk/itm/257393232846?_skw=All+Saints+Leather+Jacket&hash=item3bedd50bce:g:WsoAAOSw7eZoJvZ4,,2026-03-10T13:32:49.126964+00:00,All Saints Leather Jacket
ebay,v1|257393232831|0,ALL SAINTS Suede Leather Jacket Mens LARGE Brown Biker Bomber Grail GRANTHAM,229.99,GBP,Pre-owned - Good,,,londonink,GB,,https://www.ebay.co.uk/itm/257393232831?_skw=All+Saints+Leather+Jacket&hash=item3bedd50bbf:g:ebIAAeSwlPBpFjsm,,2026-03-10T13:32:49.126967+00:00,All Saints Leather Jacket
ebay,v1|267596097466|0,All Saints Mens Oxblood CONROY Leather Biker Jacket Red Brown Bomber LARGE,249.99,GBP,Pre-owned - Excellent,,,zecnavda,GB,,https://www.ebay.co.uk/itm/267596097466?_skw=All+Saints+Leather+Jacket&hash=item3e4df867ba:g:-9oAAOSwbYlnQ2UF,,2026-03-10T13:32:49.126970+00:00,All Saints Leather Jacket
ebay,v1|257393637084|0,AllSaints Mens SEATON Leather Blazer Jacket SMALL All Saints Suede Biker,199.99,GBP,Pre-owned - Excellent,,,zecnavda,GB,,https://www.ebay.co.uk/itm/257393637084?_skw=All+Saints+Leather+Jacket&hash=item3beddb36dc:g:KX4AAOSw4cFoMIPM,,2026-03-10T13:32:49.126973+00:00,All Saints Leather Jacket
ebay,v1|257393637087|0,All Saints Mens KENJI Suede Biker Jacket MEDIUM Black Bomber Leather Quilted,129.99,GBP,Pre-owned - Good,,,zecnavda,GB,,https://www.ebay.co.uk/itm/257393637087?_skw=All+Saints+Leather+Jacket&hash=item3beddb36df:g:tw8AAOSwnvtn-Cfi,,2026-03-10T13:32:49.126976+00:00,All Saints Leather Jacket
ebay,v1|267596097478|0,All Saints Mens RUIN Leather Shirt Jacket MEDIUM Rock Biker shacket A321,199.99,GBP,Pre-owned - Good,,,zecnavda,GB,,https://www.ebay.co.uk/itm/267596097478?_skw=All+Saints+Leather+Jacket&hash=item3e4df867c6:g:Nm0AAeSwAqhpheFz,,2026-03-10T13:32:49.126979+00:00,All Saints Leather Jacket
ebay,v1|267596097479|0,AllSaints Mens SURVEY Leather Blazer Jacket MEDIUM Grey All Saints Biker Biker,229.99,GBP,Pre-owned - Excellent,,,zecnavda,GB,,https://www.ebay.co.uk/itm/267596097479?_skw=All+Saints+Leather+Jacket&hash=item3e4df867c7:g:a7cAAOSwYPRnfEIC,,2026-03-10T13:32:49.126983+00:00,All Saints Leather Jacket
ebay,v1|267596097476|0,All Saints Ladies BALFERN Leather Biker Jacket UK14 US10 EU42 Black,219.99,GBP,Pre-owned - Good,,,zecnavda,GB,,https://www.ebay.co.uk/itm/267596097476?_skw=All+Saints+Leather+Jacket&hash=item3e4df867c4:g:0XIAAOSwhhdj5TLG,,2026-03-10T13:32:49.126986+00:00,All Saints Leather Jacket
ebay,v1|257393232844|0,ALL SAINTS Suede Leather Jacket Mens EXTRA SMALL Tan Biker Bomber Celebrity COLT,199.99,GBP,Pre-owned - Good,,,londonink,GB,,https://www.ebay.co.uk/itm/257393232844?_skw=All+Saints+Leather+Jacket&hash=item3bedd50bcc:g:NT4AAOSwbutnMeC8,,2026-03-10T13:32:49.126989+00:00,All Saints Leather Jacket
ebay,v1|257393637095|0,All Saints Mens EMERSON Leather Jacket Blazer MEDIUM Grey Biker Rider,199.99,GBP,Pre-owned - Good,,,zecnavda,GB,,https://www.ebay.co.uk/itm/257393637095?_skw=All+Saints+Leather+Jacket&hash=item3beddb36e7:g:UHAAAeSwkWxpjKa3,,2026-03-10T13:32:49.126992+00:00,All Saints Leather Jacket
ebay,v1|198161149535|0,AllSaints Spitalfields Cargo Biker Leather Jacket Mens Medium Black Quilted Moto,69.99,GBP,Pre-owned - Good,,,fabnab,GB,,https://www.ebay.co.uk/itm/198161149535?_skw=All+Saints+Leather+Jacket&hash=item2e23532e5f:g:UQ0AAeSwEVVpqy8C,,2026-03-10T13:32:49.126995+00:00,All Saints Leather Jacket
ebay,v1|257393637093|0,All Saints Ladies Balfern leather Biker Jacket UK12 US8 EU40 Blush Pink,189.99,GBP,Pre-owned - Good,,,zecnavda,GB,,https://www.ebay.co.uk/itm/257393637093?_skw=All+Saints+Leather+Jacket&hash=item3beddb36e5:g:4OgAAeSwZJxplgdH,,2026-03-10T13:32:49.126998+00:00,All Saints Leather Jacket
ebay,v1|267596097463|0,All Saints BOYSON Leather Biker Jacket XL Mens Bomber Rock Moto AllSaints B246,189.99,GBP,Pre-owned - Fair,,,zecnavda,GB,,https://www.ebay.co.uk/itm/267596097463?_skw=All+Saints+Leather+Jacket&hash=item3e4df867b7:g:UK4AAeSwTVNphdxe,,2026-03-10T13:32:49.127001+00:00,All Saints Leather Jacket
ebay,v1|257393637080|0,All Saints Ladies Cropped LARA Leather Biker Jacket UK10 US6 EU38 AllSaints B242,159.99,GBP,Pre-owned - Good,,,zecnavda,GB,,https://www.ebay.co.uk/itm/257393637080?_skw=All+Saints+Leather+Jacket&hash=item3beddb36d8:g:51sAAeSwVVVphdtI,,2026-03-10T13:32:49.127005+00:00,All Saints Leather Jacket
ebay,v1|257393637108|0,All Saints HOKU Suede Jacket XXL 2XL Black Mens Biker Bomber Leather Blazer,369.99,GBP,Pre-owned - Good,,,zecnavda,GB,,https://www.ebay.co.uk/itm/257393637108?_skw=All+Saints+Leather+Jacket&hash=item3beddb36f4:g:tvoAAeSwe6Fphcdb,,2026-03-10T13:32:49.127008+00:00,All Saints Leather Jacket
ebay,v1|257393637103|0,All Saints LARK Leather Bomber Jacket XXL 2XL Black Mens Biker Rock Allsaints,269.99,GBP,Pre-owned - Good,,,zecnavda,GB,,https://www.ebay.co.uk/itm/257393637103?_skw=All+Saints+Leather+Jacket&hash=item3beddb36ef:g:4HsAAOSwy5hnpQZa,,2026-03-10T13:32:49.127011+00:00,All Saints Leather Jacket
ebay,v1|257393637098|0,AllSaints Mens LOMI Leather Biker Jacket XL Bomber All Saints Rock Moto A388,199.99,GBP,Pre-owned - Excellent,,,zecnavda,GB,,https://www.ebay.co.uk/itm/257393637098?_skw=All+Saints+Leather+Jacket&hash=item3beddb36ea:g:glYAAOSw63pmAezO,,2026-03-10T13:32:49.127015+00:00,All Saints Leather Jacket
ebay,v1|267596097475|0,All Saints Mens Sheepskin Biker Jacket MEDIUM Leather bomber Leather Shearling,319.99,GBP,Pre-owned - Excellent,,,zecnavda,GB,,https://www.ebay.co.uk/itm/267596097475?_skw=All+Saints+Leather+Jacket&hash=item3e4df867c3:g:BfkAAOSw9hlj~mV7,,2026-03-10T13:32:49.127018+00:00,All Saints Leather Jacket
ebay,v1|267596097471|0,All Saints Mens GASPER Leather Jacket Black LARGE Biker Bomber Blazer AllSaints,279.99,GBP,Pre-owned - Excellent,,,zecnavda,GB,,https://www.ebay.co.uk/itm/267596097471?_skw=All+Saints+Leather+Jacket&hash=item3e4df867bf:g:FHIAAeSwuOtoup1-,,2026-03-10T13:32:49.127021+00:00,All Saints Leather Jacket
ebay,v1|267596097477|0,AllSaints Mens ILIA Leather Bomber Jacket SMALL Black Moto All Saints Biker,149.99,GBP,Pre-owned - Excellent,,,zecnavda,GB,,https://www.ebay.co.uk/itm/267596097477?_skw=All+Saints+Leather+Jacket&hash=item3e4df867c5:g:xbcAAOSw0Q9oQfDG,,2026-03-10T13:32:49.127024+00:00,All Saints Leather Jacket
ebay,v1|257393232841|0,ALL SAINTS Shearling Leather Jacket Mens SMALL Sheepskin Coat Celebrity GARRICK,699.99,GBP,Pre-owned - Excellent,,,londonink,GB,,https://www.ebay.co.uk/itm/257393232841?_skw=All+Saints+Leather+Jacket&hash=item3bedd50bc9:g:QREAAOSw4sFoIhls,,2026-03-10T13:32:49.127027+00:00,All Saints Leather Jacket
ebay,v1|257393346635|0,ALL SAINTS Leather Jacket Mens SMALL Brown Suede Blazer like survey SANUKI,169.99,GBP,Pre-owned - Fair,,,londonink,GB,,https://www.ebay.co.uk/itm/257393346635?_skw=All+Saints+Leather+Jacket&hash=item3bedd6c84b:g:8kwAAeSwciBpqpjS,,2026-03-10T13:32:49.127031+00:00,All Saints Leather Jacket
ebay,v1|257393637100|0,All Saints Mens OXBLOOD CALLERTON Leather Biker Jacket MEDIUM Bomber 3 A78,279.99,GBP,Pre-owned - Good,,,zecnavda,GB,,https://www.ebay.co.uk/itm/257393637100?_skw=All+Saints+Leather+Jacket&hash=item3beddb36ec:g:NkgAAOSwheFk0--3,,2026-03-10T13:32:49.127041+00:00,All Saints Leather Jacket
ebay,v1|267596097486|0,All Saints Mens MORTER Leather Bomber Jacket XXL 2XL Biker Collide Moto B135,279.99,GBP,Pre-owned - Good,,,zecnavda,GB,,https://www.ebay.co.uk/itm/267596097486?_skw=All+Saints+Leather+Jacket&hash=item3e4df867ce:g:-VUAAOSwKdJmspI6,,2026-03-10T13:32:49.127044+00:00,All Saints Leather Jacket
ebay,v1|257393637099|0,AllSaints Mens LOMI Leather Biker Jacket SMALL Black Bomber All Saints Rock,189.99,GBP,Pre-owned - Good,,,zecnavda,GB,,https://www.ebay.co.uk/itm/257393637099?_skw=All+Saints+Leather+Jacket&hash=item3beddb36eb:g:WkcAAeSwCEBoihW9,,2026-03-10T13:32:49.127048+00:00,All Saints Leather Jacket
ebay,v1|267596097483|0,All Saints Mens ROVE Leather Jacket MEDIUM Grey Quilted Shacket Shirt A285,219.99,GBP,Pre-owned - Good,,,zecnavda,GB,,https://www.ebay.co.uk/itm/267596097483?_skw=All+Saints+Leather+Jacket&hash=item3e4df867cb:g:D2oAAeSw-PppheKC,,2026-03-10T13:32:49.127054+00:00,All Saints Leather Jacket
ebay,v1|257393637096|0,All Saints Mens PHANTON Leather Shirt Jacket MEDIUM Moto Biker Bomber Black A384,219.99,GBP,Pre-owned - Good,,,zecnavda,GB,,https://www.ebay.co.uk/itm/257393637096?_skw=All+Saints+Leather+Jacket&hash=item3beddb36e8:g:dzkAAeSwddNpheBm,,2026-03-10T13:32:49.127057+00:00,All Saints Leather Jacket
ebay,v1|257393637088|0,All Saints Mens COLLIDE Leather Bomber Jacket Small 2 Biker A73,279.99,GBP,Pre-owned - Good,,,zecnavda,GB,,https://www.ebay.co.uk/itm/257393637088?_skw=All+Saints+Leather+Jacket&hash=item3beddb36e0:g:lrAAAOSwhnNk0U6Q,,2026-03-10T13:32:49.127060+00:00,All Saints Leather Jacket
ebay,v1|257393637085|0,All Saints MANOR Leather Biker Jacket Black MEDIUM Mens Allsaints Moto Bomber,219.99,GBP,Pre-owned - Good,,,zecnavda,GB,,https://www.ebay.co.uk/itm/257393637085?_skw=All+Saints+Leather+Jacket&hash=item3beddb36dd:g:wDkAAeSww-hoblXB,,2026-03-10T13:32:49.127063+00:00,All Saints Leather Jacket
ebay,v1|257393232842|0,ALL SAINTS Leather Shirt Jacket Mens SMALL Brown S Biker Celebrity Grail MCKAY,299.99,GBP,Pre-owned - Good,,,londonink,GB,,https://www.ebay.co.uk/itm/257393232842?_skw=All+Saints+Leather+Jacket&hash=item3bedd50bca:g:53AAAOSwvnBoJ4CC,,2026-03-10T13:32:49.127067+00:00,All Saints Leather Jacket
ebay,v1|257393346636|0,ALL SAINTS Leather Shirt Jacket Mens SMALL Black Biker Celebrity Grail MCKAY,299.99,GBP,Pre-owned - Good,,,londonink,GB,,https://www.ebay.co.uk/itm/257393346636?_skw=All+Saints+Leather+Jacket&hash=item3bedd6c84c:g:VEQAAeSw4h1pqpzH,,2026-03-10T13:32:49.127070+00:00,All Saints Leather Jacket
ebay,v1|257393637089|0,All Saints Mens CALLAHAN Leather Biker Jacket Medium Black Bomber AllSaints Moto,199.99,GBP,Pre-owned - Excellent,,,zecnavda,GB,,https://www.ebay.co.uk/itm/257393637089?_skw=All+Saints+Leather+Jacket&hash=item3beddb36e1:g:ivIAAOSwJZBnfD1x,,2026-03-10T13:32:49.127073+00:00,All Saints Leather Jacket
ebay,v1|257393637086|0,All Saints Mens THENA Leather Biker Jacket Black MEDIUM Bomber AllSaints Rider,229.99,GBP,Pre-owned - Good,,,zecnavda,GB,,https://www.ebay.co.uk/itm/257393637086?_skw=All+Saints+Leather+Jacket&hash=item3beddb36de:g:gWYAAeSwIABphdJv,,2026-03-10T13:32:49.127076+00:00,All Saints Leather Jacket
ebay,v1|257393637090|0,All Saints Mens ELWICK Leather Biker Jacket XL Extra Large Bomber Milo B211,199.99,GBP,Pre-owned - Good,,,zecnavda,GB,,https://www.ebay.co.uk/itm/257393637090?_skw=All+Saints+Leather+Jacket&hash=item3beddb36e2:g:zr0AAOSwPTdnEsl~,,2026-03-10T13:32:49.127079+00:00,All Saints Leather Jacket
ebay,v1|267596097464|0,All Saints Mens HOPKIN Leather Bomber Jacket SMALL Biker Black,149.99,GBP,Pre-owned - Good,,,zecnavda,GB,,https://www.ebay.co.uk/itm/267596097464?_skw=All+Saints+Leather+Jacket&hash=item3e4df867b8:g:-vYAAeSwwsNphevL,,2026-03-10T13:32:49.127082+00:00,All Saints Leather Jacket
ebay,v1|147188752102|0,Allsaints Heavily Distressed Cargo Biker 100% Real Leather Zip Up Jacket UK 8,52.99,GBP,Pre-owned - Fair,,,halfdeer,GB,,https://www.ebay.co.uk/itm/147188752102?_skw=All+Saints+Leather+Jacket&hash=item2245221ee6:g:GyIAAeSwLqFoaTsT,,2026-03-10T13:32:49.127085+00:00,All Saints Leather Jacket
ebay,v1|366251343141|0,AllSaints Men's Leather Jacket Size Medium Black Genuine Leather,99.50,GBP,Pre-owned - Excellent,,,legitflex,GB,,https://www.ebay.co.uk/itm/366251343141?_skw=All+Saints+Leather+Jacket&hash=item554647fd25:g:jOsAAeSw6lxpqw4K,,2026-03-10T13:32:49.127089+00:00,All Saints Leather Jacket
ebay,v1|257393232834|0,ALL SAINTS Leather Jacket Mens XXL Black 2XL Biker Bomber Celebrity Grail HOPKIN,299.99,GBP,Pre-owned - Excellent,,,londonink,GB,,https://www.ebay.co.uk/itm/257393232834?_skw=All+Saints+Leather+Jacket&hash=item3bedd50bc2:g:ks0AAeSwmQBo4-rI,,2026-03-10T13:32:49.127092+00:00,All Saints Leather Jacket
ebay,v1|257393226384|0,ALL SAINTS Leather Shirt Jacket LARGE Mens Black Biker Western Celebrity IRWIN,219.99,GBP,Pre-owned - Excellent,,,londonink,GB,,https://www.ebay.co.uk/itm/257393226384?_skw=All+Saints+Leather+Jacket&hash=item3bedd4f290:g:a3kAAOSwtElmH858,,2026-03-10T13:32:49.127095+00:00,All Saints Leather Jacket
ebay,v1|257393232828|0,ALL SAINTS Leather Jacket Mens XS Black Hooded Biker Bomber Celebrity Grail MELL,159.99,GBP,Pre-owned - Good,,,londonink,GB,,https://www.ebay.co.uk/itm/257393232828?_skw=All+Saints+Leather+Jacket&hash=item3bedd50bbc:g:RogAAeSwimRpYRIX,,2026-03-10T13:32:49.127098+00:00,All Saints Leather Jacket
ebay,v1|267596120380|0,AllSaints Men's Leather Jacket Medium,52.70,GBP,Pre-owned - Excellent,,,andykins083,GB,,https://www.ebay.co.uk/itm/267596120380?_skw=All+Saints+Leather+Jacket&hash=item3e4df8c13c:g:2T8AAeSwAuFpqvSI,,2026-03-10T13:32:49.127101+00:00,All Saints Leather Jacket
ebay,v1|257393226385|0,ALL SAINTS Leather Jacket Mens SMALL Brown Suede Biker Bomber Celebrity MALICK,249.99,GBP,Pre-owned - Good,,,londonink,GB,,https://www.ebay.co.uk/itm/257393226385?_skw=All+Saints+Leather+Jacket&hash=item3bedd4f291:g:v8oAAOSwqc9oLdwG,,2026-03-10T13:32:49.127104+00:00,All Saints Leather Jacket
ebay,v1|257393232845|0,ALL SAINTS Leather Jacket Mens SMALL Black S Biker Bomber Celebrity CALLAHAN,199.99,GBP,Pre-owned - Excellent,,,londonink,GB,,https://www.ebay.co.uk/itm/257393232845?_skw=All+Saints+Leather+Jacket&hash=item3bedd50bcd:g:JfoAAOSw-clnrmK2,,2026-03-10T13:32:49.127107+00:00,All Saints Leather Jacket
ebay,v1|397682377780|0,All Saints Blade Leather Bomber Jacket Men's Small Suede Black & Beige,70.00,GBP,Pre-owned - Fair,,,r0und2,GB,,https://www.ebay.co.uk/itm/397682377780?_skw=All+Saints+Leather+Jacket&hash=item5c97b78434:g:oq4AAeSwUEdpquS2,,2026-03-10T13:32:49.127111+00:00,All Saints Leather Jacket
ebay,v1|377013661019|0,All Saints Men's Leather Jacket Xl Black Full Zip Biker Bomber,68.30,GBP,Pre-owned - Excellent,,,js_uk_oaunxb,GB,,https://www.ebay.co.uk/itm/377013661019?_skw=All+Saints+Leather+Jacket&hash=item57c7c3ed5b:g:Vm4AAeSwYFlpqt5v,,2026-03-10T13:32:49.127114+00:00,All Saints Leather Jacket
ebay,v1|257393226377|0,ALL SAINTS Leather Jacket Mens LARGE Suede Blazer Celebrity HUXTON like survey,249.99,GBP,Pre-owned - Good,,,londonink,GB,,https://www.ebay.co.uk/itm/257393226377?_skw=All+Saints+Leather+Jacket&hash=item3bedd4f289:g:ARUAAeSw0odpCOri,,2026-03-10T13:32:49.127117+00:00,All Saints Leather Jacket
ebay,v1|257393232821|0,ALL SAINTS Leather Jacket Mens MEDIUM Black M Biker Bomber Celebrity Grail LEROY,249.99,GBP,Pre-owned - Good,,,londonink,GB,,https://www.ebay.co.uk/itm/257393232821?_skw=All+Saints+Leather+Jacket&hash=item3bedd50bb5:g:f9cAAeSwxnxpE178,,2026-03-10T13:32:49.127120+00:00,All Saints Leather Jacket
ebay,v1|257393226379|0,ALL SAINTS Leather Jacket Mens LARGE Black L Biker Bomber Celebrity Grail MARCON,269.99,GBP,Pre-owned - Excellent,,,londonink,GB,,https://www.ebay.co.uk/itm/257393226379?_skw=All+Saints+Leather+Jacket&hash=item3bedd4f28b:g:AaYAAeSwUYpoXtCs,,2026-03-10T13:32:49.127124+00:00,All Saints Leather Jacket
ebay,v1|257393232838|0,ALL SAINTS Leather Jacket Mens LARGE Black L Biker Bomber Celebrity Grail HOPKIN,269.99,GBP,Pre-owned - Excellent,,,londonink,GB,,https://www.ebay.co.uk/itm/257393232838?_skw=All+Saints+Leather+Jacket&hash=item3bedd50bc6:g:VsYAAOSwM3JmGFHu,,2026-03-10T13:32:49.127127+00:00,All Saints Leather Jacket
ebay,v1|257393467498|0,ALL SAINTS Cargo Leather Jacket Mens EXTRA SMALL Black Biker Bomber Celebrity XS,79.99,GBP,Pre-owned - Good,,,londonink,GB,,https://www.ebay.co.uk/itm/257393467498?_skw=All+Saints+Leather+Jacket&hash=item3bedd8a06a:g:jaQAAOSwopFoKFT2,,2026-03-10T13:32:49.127133+00:00,All Saints Leather Jacket
ebay,v1|257393463314|0,ALL SAINTS Cargo Leather Jacket Mens SMALL Black Biker Bomber Celebrity Grail,79.99,GBP,Pre-owned - Good,,,londonink,GB,,https://www.ebay.co.uk/itm/257393463314?_skw=All+Saints+Leather+Jacket&hash=item3bedd89012:g:8n8AAOSw3NRoIiBo,,2026-03-10T13:32:49.127136+00:00,All Saints Leather Jacket
ebay,v1|227244714967|0,AllSaints Bales Leather Biker Jacket Womens UK 10 EU38,135.00,GBP,Pre-owned - Excellent,,,phillymac999c1k2,GB,,https://www.ebay.co.uk/itm/227244714967?_skw=All+Saints+Leather+Jacket&hash=item34e8d72bd7:g:kNcAAeSweQppqsW1,,2026-03-10T13:32:49.127139+00:00,All Saints Leather Jacket
ebay,v1|127722912596|0,AllSaints Women's Leather Biker-Style Jacket UK Size 8,99.50,GBP,Pre-owned - Good,,,ca-814298,GB,,https://www.ebay.co.uk/itm/127722912596?_skw=All+Saints+Leather+Jacket&hash=item1dbce0fb54:g:UuUAAeSwtWhpqsLt,,2026-03-10T13:32:49.127146+00:00,All Saints Leather Jacket
ebay,v1|257393226381|0,ALL SAINTS Leather Jacket Mens LARGE Black Biker Bomber Celebrity Grail SARLS,269.99,GBP,Pre-owned - Excellent,,,londonink,GB,,https://www.ebay.co.uk/itm/257393226381?_skw=All+Saints+Leather+Jacket&hash=item3bedd4f28d:g:kIMAAeSw309o9eHV,,2026-03-10T13:32:49.127149+00:00,All Saints Leather Jacket
ebay,v1|257393232815|0,ALL SAINTS Leather Jacket Mens EXTRA LARGE Black XL Biker Bomber Celebrity PALM,269.99,GBP,Pre-owned - Excellent,,,londonink,GB,,https://www.ebay.co.uk/itm/257393232815?_skw=All+Saints+Leather+Jacket&hash=item3bedd50baf:g:O4gAAeSwIcBo3PL~,,2026-03-10T13:32:49.127152+00:00,All Saints Leather Jacket
ebay,v1|306806099341|0,Allsaints Cargo Biker Black Leather Bomber Cafe Racer Rider Punk Jacket Large,69.99,GBP,Pre-owned - Good,,,jaffacakes123ben,GB,,https://www.ebay.co.uk/itm/306806099341?_skw=All+Saints+Leather+Jacket&hash=item476f118d8d:g:PqsAAeSwVFJoC1Xo,,2026-03-10T13:32:49.127156+00:00,All Saints Leather Jacket
ebay,v1|257393226376|0,ALL SAINTS Leather Jacket EXTRA SMALL Mens XS White Suede Biker Bomber TACOMA,359.99,GBP,New with tags,,,londonink,GB,,https://www.ebay.co.uk/itm/257393226376?_skw=All+Saints+Leather+Jacket&hash=item3bedd4f288:g:xXYAAeSwYglotLs3,,2026-03-10T13:32:49.127159+00:00,All Saints Leather Jacket
ebay,v1|306806099337|0,Mens Allsaints Konrad Suede Leather Bomber Jacket Size UK Small,69.99,GBP,Pre-owned - Excellent,,,jaffacakes123ben,GB,,https://www.ebay.co.uk/itm/306806099337?_skw=All+Saints+Leather+Jacket&hash=item476f118d89:g:zt8AAeSwO5NoC100,,2026-03-10T13:32:49.127162+00:00,All Saints Leather Jacket
ebay,v1|257393226380|0,ALL SAINTS Leather Jacket EXTRA LARGE Mens Black XL Biker Bomber Grail TYSON,249.99,GBP,Pre-owned - Good,,,londonink,GB,,https://www.ebay.co.uk/itm/257393226380?_skw=All+Saints+Leather+Jacket&hash=item3bedd4f28c:g:uTMAAOSwwRhmu7sl,,2026-03-10T13:32:49.127165+00:00,All Saints Leather Jacket
ebay,v1|306806099352|0,All Saints Balfern Dark Brown Real Leather Biker Jacket. Size UK 6. Used,64.99,GBP,Pre-owned - Good,,,jaffacakes123ben,GB,,https://www.ebay.co.uk/itm/306806099352?_skw=All+Saints+Leather+Jacket&hash=item476f118d98:g:PL4AAeSwZ8FoC1bC,,2026-03-10T13:32:49.127169+00:00,All Saints Leather Jacket
ebay,v1|389706280697|0,Allsaints Neuman Men’s Dark Brown Leather Jacket - Size XL,79.95,GBP,Pre-owned - Good,,,micgre-699,GB,,https://www.ebay.co.uk/itm/389706280697?_skw=All+Saints+Leather+Jacket&hash=item5abc4deef9:g:RqMAAeSwGH1phHxv,,2026-03-10T13:32:49.127174+00:00,All Saints Leather Jacket
ebay,v1|188126224726|0,ALL SAINTS Vintage Leather Jacket Black Leather Biker UK 10,63.10,GBP,Pre-owned - Good,,,wharf.2008,GB,,https://www.ebay.co.uk/itm/188126224726?_skw=All+Saints+Leather+Jacket&hash=item2bcd326156:g:77sAAeSw83RpqpMo,,2026-03-10T13:32:49.127177+00:00,All Saints Leather Jacket
ebay,v1|257393249531|0,ALL SAINTS Leather Jacket Mens MEDIUM Brown Puffer Bomber Celebrity Grail RUSSEL,199.99,GBP,Pre-owned - Excellent,,,londonink,GB,,https://www.ebay.co.uk/itm/257393249531?_skw=All+Saints+Leather+Jacket&hash=item3bedd54cfb:g:cYcAAOSwhCNlFCrz,,2026-03-10T13:32:49.127180+00:00,All Saints Leather Jacket
ebay,v1|327031270444|0,Vintage All Saints XL Leather Bomber Jacket Biker Motorcycle Full Zip - VGC,79.99,GBP,Pre-owned - Excellent,,,popthehood83,GB,,https://www.ebay.co.uk/itm/327031270444?_skw=All+Saints+Leather+Jacket&hash=item4c24952c2c:g:aMEAAeSwJGVppCMt,,2026-03-10T13:32:49.127184+00:00,All Saints Leather Jacket
ebay,v1|298093894124|0,Allsaints biker jacket  leather women's Damson  UK 10 brown LJKTC524,79.99,GBP,Pre-owned - Good,,,mretro1,GB,,https://www.ebay.co.uk/itm/298093894124?_skw=All+Saints+Leather+Jacket&hash=item4567c7d9ec:g:zmwAAOSwNB1nteZM,,2026-03-10T13:32:49.127187+00:00,All Saints Leather Jacket
ebay,v1|127721444299|0,All Saints Men’s Jacket Black Leather Stearn Bomber Biker Cafe Moto Racer Large,79.99,GBP,Pre-owned - Good,,,danny351979,GB,,https://www.ebay.co.uk/itm/127721444299?_skw=All+Saints+Leather+Jacket&hash=item1dbcca93cb:g:~TEAAeSwbiZpqhYm,,2026-03-10T13:32:49.127191+00:00,All Saints Leather Jacket
ebay,v1|257391939755|0,ALL SAINTS Suede Leather Jacket Mens SMALL Biker Bomber Celebrity Grail SAVOY,179.99,GBP,Pre-owned - Good,,,londonink,GB,,https://www.ebay.co.uk/itm/257391939755?_skw=All+Saints+Leather+Jacket&hash=item3bedc150ab:g:m8oAAOSwVlJnKsNP,,2026-03-10T13:32:49.127194+00:00,All Saints Leather Jacket
ebay,v1|257391939746|0,ALL SAINTS Suede Leather Jacket Mens LARGE Black Biker Bomber Celebrity CAXTON,239.99,GBP,Pre-owned - Good,,,londonink,GB,,https://www.ebay.co.uk/itm/257391939746?_skw=All+Saints+Leather+Jacket&hash=item3bedc150a2:g:UTgAAeSwe5ZpQXII,,2026-03-10T13:32:49.127197+00:00,All Saints Leather Jacket
ebay,v1|257392741338|0,AllSaints Men's Griffin Leather Biker Jacket Black Extra Large XL Excellent Cond,80.00,GBP,Pre-owned - Excellent,,,liamgseller,GB,,https://www.ebay.co.uk/itm/257392741338?_skw=All+Saints+Leather+Jacket&hash=item3bedcd8bda:g:1R4AAeSw9wVpXlu0,,2026-03-10T13:32:49.127200+00:00,All Saints Leather Jacket
ebay,v1|257392740909|0,All Saints Kushiro Leather Biker Jacket Men's L Large Black Zip Up Motorcycle,80.00,GBP,Pre-owned - Excellent,,,liamgseller,GB,,https://www.ebay.co.uk/itm/257392740909?_skw=All+Saints+Leather+Jacket&hash=item3bedcd8a2d:g:dSMAAeSwDJFpU~zY,,2026-03-10T13:32:49.127203+00:00,All Saints Leather Jacket
ebay,v1|336465483458|0,ALL SAINTS BALFERN LEATHER BIKER JACKET SIZE 6,95.00,GBP,Pre-owned - Good,,,gr8styleforless,GB,,https://www.ebay.co.uk/itm/336465483458?_skw=All+Saints+Leather+Jacket&hash=item4e56e7d6c2:g:4HUAAOSwKxpiDCIM,,2026-03-10T13:32:49.127206+00:00,All Saints Leather Jacket
ebay,v1|298092770382|0,AllSaints Balfern leather biker jacket size 16 brand new with tag on,260.70,GBP,New with tags,,,lilysitems,GB,,https://www.ebay.co.uk/itm/298092770382?_skw=All+Saints+Leather+Jacket&hash=item4567b6b44e:g:2PQAAeSwPqFpqfwo,,2026-03-10T13:32:49.127210+00:00,All Saints Leather Jacket
ebay,v1|257391939756|0,ALL SAINTS OXBLOOD Leather Jacket Mens SMALL Biker Bomber Celebrity Grail CONROY,299.99,GBP,Pre-owned - Excellent,,,londonink,GB,,https://www.ebay.co.uk/itm/257391939756?_skw=All+Saints+Leather+Jacket&hash=item3bedc150ac:g:8rIAAOSwMnFoIh8I,,2026-03-10T13:32:49.127214+00:00,All Saints Leather Jacket
ebay,v1|257392495431|0,ALL SAINTS Shearling Leather Jacket Mens XXL Black Sheepskin 2XL Celebrity FELIX,799.99,GBP,Pre-owned - Excellent,,,londonink,GB,,https://www.ebay.co.uk/itm/257392495431?_skw=All+Saints+Leather+Jacket&hash=item3bedc9cb47:g:IZEAAOSwWqNk0SoD,,2026-03-10T13:32:49.127217+00:00,All Saints Leather Jacket
ebay,v1|257391939754|0,ALL SAINTS Leather Jacket Mens SMALL Oxblood Red Biker Celebrity Grail CALLERTON,229.99,GBP,Pre-owned - Good,,,londonink,GB,,https://www.ebay.co.uk/itm/257391939754?_skw=All+Saints+Leather+Jacket&hash=item3bedc150aa:g:0cYAAOSwmUBoLFvp,,2026-03-10T13:32:49.127220+00:00,All Saints Leather Jacket
ebay,v1|257392485585|0,ALL SAINTS Leather Jacket Mens MEDIUM Black Puffer Padded Celebrity CORONET,279.99,GBP,Pre-owned - Good,,,londonink,GB,,https://www.ebay.co.uk/itm/257392485585?_skw=All+Saints+Leather+Jacket&hash=item3bedc9a4d1:g:q-0AAeSwjfBpRWuw,,2026-03-10T13:32:49.127224+00:00,All Saints Leather Jacket
ebay,v1|257392495434|0,ALL SAINTS Shearling Leather Jacket Mens XS Sheepskin Celebrity Grail BYWARD,399.99,GBP,Pre-owned - Good,,,londonink,GB,,https://www.ebay.co.uk/itm/257392495434?_skw=All+Saints+Leather+Jacket&hash=item3bedc9cb4a:g:vBAAAeSwlippA02o,,2026-03-10T13:32:49.127227+00:00,All Saints Leather Jacket
ebay,v1|267595141535|0,All Saints Mens NIKO Leather Biker Jacket SMALL Black Bomber AllSaints Rock,189.99,GBP,Pre-owned - Excellent,,,zecnavda,GB,,https://www.ebay.co.uk/itm/267595141535?_skw=All+Saints+Leather+Jacket&hash=item3e4de9d19f:g:QpsAAOSwPRtnooA3,,2026-03-10T13:32:49.127230+00:00,All Saints Leather Jacket
ebay,v1|257392299523|0,All Saints Ladies CARGO Leather Biker Jacket UK12 US8 EU40 Moto Grey 2 A166,169.99,GBP,Pre-owned - Good,,,zecnavda,GB,,https://www.ebay.co.uk/itm/257392299523?_skw=All+Saints+Leather+Jacket&hash=item3bedc6ce03:g:o-oAAOSw~zNlHcP5,,2026-03-10T13:32:49.127233+00:00,All Saints Leather Jacket
ebay,v1|177924844187|0,Iconic ALLSAINTS Asta Gilet Waistcoat Fringed Leather Jacket Black UK14 Cowgirl,179.00,GBP,Pre-owned - Excellent,,,biggerbargainsuk,GB,,https://www.ebay.co.uk/itm/177924844187?_skw=All+Saints+Leather+Jacket&hash=item296d25aa9b:g:f~kAAeSwCoZpqeGa,,2026-03-10T13:32:49.127236+00:00,All Saints Leather Jacket
ebay,v1|257392299529|0,All Saints Ladies FARLEY Sheepskin SHEARLING Leather Biker Jacket MEDIUM 2 A302,259.99,GBP,Pre-owned - Good,,,zecnavda,GB,,https://www.ebay.co.uk/itm/257392299529?_skw=All+Saints+Leather+Jacket&hash=item3bedc6ce09:g:j58AAOSwwyRlgL75,,2026-03-10T13:32:49.127239+00:00,All Saints Leather Jacket
ebay,v1|117071793336|0,ALL SAINTS Futile Leather Shirt Jacket Mens MEDIUM,104.70,GBP,Pre-owned - Good,,,gdmfsob1984,GB,,https://www.ebay.co.uk/itm/117071793336?_skw=All+Saints+Leather+Jacket&hash=item1b4205ccb8:g:L2AAAeSwJ21pqd5s,,2026-03-10T13:32:49.127242+00:00,All Saints Leather Jacket
ebay,v1|257392495433|0,ALL SAINTS Shearling Leather Jacket Mens SMALL Sheepskin Coat Celebrity BRUTE,399.99,GBP,Pre-owned - Good,,,londonink,GB,,https://www.ebay.co.uk/itm/257392495433?_skw=All+Saints+Leather+Jacket&hash=item3bedc9cb49:g:BHQAAOSwLyBoIhkb,,2026-03-10T13:32:49.127246+00:00,All Saints Leather Jacket
ebay,v1|267595141522|0,AllSaints Mens Oxblood CALLERTON Leather Biker Jacket SMALL Bomber All Saints,269.99,GBP,Pre-owned - Good,,,zecnavda,GB,,https://www.ebay.co.uk/itm/267595141522?_skw=All+Saints+Leather+Jacket&hash=item3e4de9d192:g:pGEAAeSwfrRo19rn,,2026-03-10T13:32:49.127249+00:00,All Saints Leather Jacket
ebay,v1|117071782386|0,All Saints Callerton Leather Jacket Oxblood M,208.70,GBP,Pre-owned - Excellent,,,gdmfsob1984,GB,,https://www.ebay.co.uk/itm/117071782386?_skw=All+Saints+Leather+Jacket&hash=item1b4205a1f2:g:o~IAAeSwR09pqdx1,,2026-03-10T13:32:49.127252+00:00,All Saints Leather Jacket
ebay,v1|257391939750|0,ALL SAINTS Leather Jacket Mens SMALL Black S Biker Bomber Celebrity Grail MILO,219.99,GBP,Pre-owned - Excellent,,,londonink,GB,,https://www.ebay.co.uk/itm/257391939750?_skw=All+Saints+Leather+Jacket&hash=item3bedc150a6:g:HnIAAeSw83ZoyAbo,,2026-03-10T13:32:49.127255+00:00,All Saints Leather Jacket
ebay,v1|257392299528|0,All Saints Mens GRANTHAM Suede Bomber Jacket Brown XL Extra Large Leather Biker,249.99,GBP,Pre-owned - Good,,,zecnavda,GB,,https://www.ebay.co.uk/itm/257392299528?_skw=All+Saints+Leather+Jacket&hash=item3bedc6ce08:g:eNgAAOSwvShoQe2k,,2026-03-10T13:32:49.127262+00:00,All Saints Leather Jacket
ebay,v1|257392485586|0,ALL SAINTS Leather Puffer Jacket Coat Mens MEDIUM Black Hooded Celebrity OVAL,699.99,GBP,Pre-owned - Excellent,,,londonink,GB,,https://www.ebay.co.uk/itm/257392485586?_skw=All+Saints+Leather+Jacket&hash=item3bedc9a4d2:g:g-0AAeSwVuBpMgB2,,2026-03-10T13:32:49.127266+00:00,All Saints Leather Jacket
ebay,v1|267595141532|0,All Saints LARK Leather Bomber Jacket XXL 2XL Black Mens Biker Rock Allsaints,269.99,GBP,Pre-owned - Good,,,zecnavda,GB,,https://www.ebay.co.uk/itm/267595141532?_skw=All+Saints+Leather+Jacket&hash=item3e4de9d19c:g:PIIAAOSwEc5n0x8D,,2026-03-10T13:32:49.127269+00:00,All Saints Leather Jacket
ebay,v1|257392495432|0,ALL SAINTS Shearling Leather Jacket Mens SMALL COLEMAN Celebrity Sheepskin Coat,399.99,GBP,Pre-owned - Excellent,,,londonink,GB,,https://www.ebay.co.uk/itm/257392495432?_skw=All+Saints+Leather+Jacket&hash=item3bedc9cb48:g:RvkAAOSwIx5kzVbn,,2026-03-10T13:32:49.127272+00:00,All Saints Leather Jacket
ebay,v1|267595141517|0,All Saints Mens CORA Nubuck Leather Bomber Jacket 2XL XXL Moto AllSaints Biker,269.99,GBP,Pre-owned - Excellent,,,zecnavda,GB,,https://www.ebay.co.uk/itm/267595141517?_skw=All+Saints+Leather+Jacket&hash=item3e4de9d18d:g:jlMAAOSw2bFnUhE7,,2026-03-10T13:32:49.127275+00:00,All Saints Leather Jacket
ebay,v1|257391939757|0,ALL SAINTS Leather Jacket Mens SMALL Black Biker Bomber Celebrity Grail BRANDT,259.99,GBP,Pre-owned - Good,,,londonink,GB,,https://www.ebay.co.uk/itm/257391939757?_skw=All+Saints+Leather+Jacket&hash=item3bedc150ad:g:nAsAAOSwc9VoTV4m,,2026-03-10T13:32:49.127281+00:00,All Saints Leather Jacket
ebay,v1|257392485591|0,ALL SAINTS Leather Jacket Mens SMALL Black Puffer Biker Bomber Celebrity MERCER,279.99,GBP,Pre-owned - Excellent,,,londonink,GB,,https://www.ebay.co.uk/itm/257392485591?_skw=All+Saints+Leather+Jacket&hash=item3bedc9a4d7:g:dgcAAOSwrUJoIhTT,,2026-03-10T13:32:49.127285+00:00,All Saints Leather Jacket
ebay,v1|257392495435|0,ALL SAINTS Shearling Leather Jacket Mens MEDIUM Grey Sheepskin Celebrity KARSON,499.99,GBP,Pre-owned - Good,,,londonink,GB,,https://www.ebay.co.uk/itm/257392495435?_skw=All+Saints+Leather+Jacket&hash=item3bedc9cb4b:g:5swAAOSwG5loIhjd,,2026-03-10T13:32:49.127288+00:00,All Saints Leather Jacket
ebay,v1|267595141518|0,All Saints Ladies BALFERN Leather Biker Jacket UK10 US6 EU38 moto 2 Grey,149.99,GBP,Pre-owned - Excellent,,,zecnavda,GB,,https://www.ebay.co.uk/itm/267595141518?_skw=All+Saints+Leather+Jacket&hash=item3e4de9d18e:g:VFUAAOSwnsxi0xVU,,2026-03-10T13:32:49.127291+00:00,All Saints Leather Jacket
ebay,v1|267595141536|0,All Saints Ladies ESTELLA Leather Biker Jacket UK12 US8 EU40 Bomber Motorcycle,249.99,GBP,Pre-owned - Good,,,zecnavda,GB,,https://www.ebay.co.uk/itm/267595141536?_skw=All+Saints+Leather+Jacket&hash=item3e4de9d1a0:g:5-gAAOSw2TdnW1Qq,,2026-03-10T13:32:49.127294+00:00,All Saints Leather Jacket
ebay,v1|257392299535|0,All Saints Mens Leather EMERY Shirt Jacket SMALL 2 BLACK Moto AllSaints Shacket,199.99,GBP,Pre-owned - Good,,,zecnavda,GB,,https://www.ebay.co.uk/itm/257392299535?_skw=All+Saints+Leather+Jacket&hash=item3bedc6ce0f:g:5toAAOSweRBoLfHt,,2026-03-10T13:32:49.127297+00:00,All Saints Leather Jacket
ebay,v1|267595141541|0,All Saints Mens Padded BOWEN Leather Bomber Jacket MEDIUM Biker 3 A284,199.99,GBP,Pre-owned - Excellent,,,zecnavda,GB,,https://www.ebay.co.uk/itm/267595141541?_skw=All+Saints+Leather+Jacket&hash=item3e4de9d1a5:g:PWwAAOSwY1xlbPNn,,2026-03-10T13:32:49.127301+00:00,All Saints Leather Jacket
ebay,v1|267595141542|0,All Saints Mens MEUSE Leather Jacket SMALL Black Allsaints Biker Bomber Rock,149.99,GBP,Pre-owned - Excellent,,,zecnavda,GB,,https://www.ebay.co.uk/itm/267595141542?_skw=All+Saints+Leather+Jacket&hash=item3e4de9d1a6:g:aF0AAOSwquZoL3k2,,2026-03-10T13:32:49.127305+00:00,All Saints Leather Jacket
ebay,v1|257391939742|0,ALL SAINTS Leather Jacket Mens SMALL Black Biker Bomber Celebrity Grail BLENHAM,249.99,GBP,Pre-owned - Good,,,londonink,GB,,https://www.ebay.co.uk/itm/257391939742?_skw=All+Saints+Leather+Jacket&hash=item3bedc1509e:g:5LQAAeSwYsdphdne,,2026-03-10T13:32:49.127312+00:00,All Saints Leather Jacket
ebay,v1|257392299549|0,NEW All Saints Mens CORA Leather Bomber Jacket XS Brown Biker Extra Small,249.99,GBP,New with tags,,,zecnavda,GB,,https://www.ebay.co.uk/itm/257392299549?_skw=All+Saints+Leather+Jacket&hash=item3bedc6ce1d:g:xb8AAeSwmIFoj3tL,,2026-03-10T13:32:49.127315+00:00,All Saints Leather Jacket
ebay,v1|137097694658|0,All Saints Rebell Mens Black Biker Style Leather Shirt Jacket Size Large,49.99,GBP,Pre-owned - Good,,,shyneproductions,GB,,https://www.ebay.co.uk/itm/137097694658?_skw=All+Saints+Leather+Jacket&hash=item1feba8cdc2:g:-IEAAeSwlAFpqX05,,2026-03-10T13:32:49.127318+00:00,All Saints Leather Jacket
ebay,v1|157728135738|0,Mens AllSaints Woodley Jacket Bomber Biker Leather Black Hooded Large All Saints,109.80,GBP,Pre-owned - Excellent,,,mrb_sells,GB,,https://www.ebay.co.uk/itm/157728135738?_skw=All+Saints+Leather+Jacket&hash=item24b9545a3a:g:wbQAAeSweAtoQE-Z,,2026-03-10T13:32:49.127321+00:00,All Saints Leather Jacket
ebay,v1|257391939758|0,ALL SAINTS Leather Jacket Mens SMALL Black Biker Bomber Celebrity Grail AMERSHAM,229.99,GBP,Pre-owned - Excellent,,,londonink,GB,,https://www.ebay.co.uk/itm/257391939758?_skw=All+Saints+Leather+Jacket&hash=item3bedc150ae:g:3pkAAOSw1VFoJwQC,,2026-03-10T13:32:49.127324+00:00,All Saints Leather Jacket
ebay,v1|336465007790|0,All Saints Mower Leather Jacket - XS,74.02,GBP,Pre-owned - Excellent,,,hasirony,GB,,https://www.ebay.co.uk/itm/336465007790?_skw=All+Saints+Leather+Jacket&hash=item4e56e094ae:g:XukAAeSwDAJpqa7z,,2026-03-10T13:32:49.127327+00:00,All Saints Leather Jacket
ebay,v1|257392335916|0,ALL SAINTS Leather Jacket Mens EXTRA SMALL Black XS Biker Bomber Celebrity MILO,199.99,GBP,Pre-owned - Excellent,,,londonink,GB,,https://www.ebay.co.uk/itm/257392335916?_skw=All+Saints+Leather+Jacket&hash=item3bedc75c2c:g:xwsAAeSwAIBpDyyA,,2026-03-10T13:32:49.127334+00:00,All Saints Leather Jacket
ebay,v1|257392335922|0,ALL SAINTS Leather Shirt Jacket Mens SMALL Black Biker Celebrity Grail MONSTER,99.99,GBP,Pre-owned - Good,,,londonink,GB,,https://www.ebay.co.uk/itm/257392335922?_skw=All+Saints+Leather+Jacket&hash=item3bedc75c32:g:fPgAAeSwlShorttS,,2026-03-10T13:32:49.127337+00:00,All Saints Leather Jacket
ebay,v1|257391939744|0,ALL SAINTS Leather Jacket Mens SMALL Black Biker Bomber Celebrity BLENHAM,249.99,GBP,Pre-owned - Good,,,londonink,GB,,https://www.ebay.co.uk/itm/257391939744?_skw=All+Saints+Leather+Jacket&hash=item3bedc150a0:g:l8MAAeSwgVxpYOfJ,,2026-03-10T13:32:49.127340+00:00,All Saints Leather Jacket
ebay,v1|227243403666|0,All Saints Mens COLEMAN Sheepskin Jacket XL Bomber Leather Shearling Biker,249.95,GBP,Pre-owned - Excellent,,,pozzle2010,GB,,https://www.ebay.co.uk/itm/227243403666?_skw=All+Saints+Leather+Jacket&hash=item34e8c32992:g:wEMAAeSwjchpqaKN,,2026-03-10T13:32:49.127343+00:00,All Saints Leather Jacket
ebay,v1|257391939741|0,ALL SAINTS Leather Jacket Mens MEDIUM Black Biker Bomber Celebrity Grail WICK,199.99,GBP,Pre-owned - Good,,,londonink,GB,,https://www.ebay.co.uk/itm/257391939741?_skw=All+Saints+Leather+Jacket&hash=item3bedc1509d:g:WOwAAeSwEQNob3IV,,2026-03-10T13:32:49.127354+00:00,All Saints Leather Jacket
ebay,v1|147186717673|0,AllSaints Men's Leather Bomber Jacket - M,161.90,GBP,Pre-owned - Good,,,bitsnbobsbridgend,GB,,https://www.ebay.co.uk/itm/147186717673?_skw=All+Saints+Leather+Jacket&hash=item22450313e9:g:aHYAAeSwMWJpqZH7,,2026-03-10T13:32:49.127358+00:00,All Saints Leather Jacket
ebay,v1|257391939743|0,ALL SAINTS Leather Jacket Mens MEDIUM Black Biker Bomber Celebrity Grail MANOR,219.99,GBP,Pre-owned - Good,,,londonink,GB,,https://www.ebay.co.uk/itm/257391939743?_skw=All+Saints+Leather+Jacket&hash=item3bedc1509f:g:mFEAAeSw~eppZQoN,,2026-03-10T13:32:49.127361+00:00,All Saints Leather Jacket
ebay,v1|257391939747|0,ALL SAINTS Leather Jacket Mens EXTRA LARGE Blue XL Biker Bomber Celebrity AKIRA,229.99,GBP,Pre-owned - Good,,,londonink,GB,,https://www.ebay.co.uk/itm/257391939747?_skw=All+Saints+Leather+Jacket&hash=item3bedc150a3:g:PwYAAeSwKRlpLvMT,,2026-03-10T13:32:49.127364+00:00,All Saints Leather Jacket
ebay,v1|257391937383|0,ALL SAINTS Suede Leather Jacket Mens XL Biker Bomber Celebrity Grail CIRCUIT,129.99,GBP,Pre-owned - Good,,,londonink,GB,,https://www.ebay.co.uk/itm/257391937383?_skw=All+Saints+Leather+Jacket&hash=item3bedc14767:g:cV0AAOSwHEdoIjww,,2026-03-10T13:32:49.127367+00:00,All Saints Leather Jacket
ebay,v1|257391939751|0,ALL SAINTS Leather Jacket Mens EXTRA LARGE Black XL Biker Bomber Celebrity VIXON,239.99,GBP,Pre-owned - Excellent,,,londonink,GB,,https://www.ebay.co.uk/itm/257391939751?_skw=All+Saints+Leather+Jacket&hash=item3bedc150a7:g:kIAAAOSwHVxnT3H5,,2026-03-10T13:32:49.127370+00:00,All Saints Leather Jacket
ebay,v1|157727578033|0,ALLSAINTS Black Leather Biker Jacket UK 10 Slim Fit Moto Zip Spitalfields,49.99,GBP,Pre-owned - Excellent,,,kamelia_s,GB,,https://www.ebay.co.uk/itm/157727578033?_skw=All+Saints+Leather+Jacket&hash=item24b94bd7b1:g:p~UAAOSwJrtn9Sh3,,2026-03-10T13:32:49.127374+00:00,All Saints Leather Jacket
ebay,v1|257391928196|0,ALL SAINTS Suede Leather Jacket Mens EXTRA SMALL Biker Bomber Celebrity KEMBLE,259.99,GBP,New with imperfections,,,londonink,GB,,https://www.ebay.co.uk/itm/257391928196?_skw=All+Saints+Leather+Jacket&hash=item3bedc12384:g:oOcAAeSwFoZo5ZUL,,2026-03-10T13:32:49.127377+00:00,All Saints Leather Jacket
ebay,v1|397677928814|0,ALL SAINTS BLACK LEATHER JACKET - SIZE 10 - EXCELLENT CONDITION,104.70,GBP,Pre-owned - Excellent,,,tge1230,GB,,https://www.ebay.co.uk/itm/397677928814?_skw=All+Saints+Leather+Jacket&hash=item5c9773a16e:g:Bw0AAeSwnExpqWfd,,2026-03-10T13:32:49.127380+00:00,All Saints Leather Jacket
ebay,v1|257391928198|0,ALL SAINTS Suede Leather Jacket 2XL Mens Grey XXL Biker Bomber Celebrity KEMBLE,259.99,GBP,Pre-owned - Excellent,,,londonink,GB,,https://www.ebay.co.uk/itm/257391928198?_skw=All+Saints+Leather+Jacket&hash=item3bedc12386:g:WgAAAeSwj19o2pZM,,2026-03-10T13:32:49.127383+00:00,All Saints Leather Jacket
ebay,v1|157727511938|0,ALLSAINTS Leather Biker Jacket Tan Marsh UK 10 Moto Zip Fitted Spitalfields,59.99,GBP,Pre-owned - Good,,,kamelia_s,GB,,https://www.ebay.co.uk/itm/157727511938?_skw=All+Saints+Leather+Jacket&hash=item24b94ad582:g:E-gAAeSw2MtpqWON,,2026-03-10T13:32:49.127386+00:00,All Saints Leather Jacket
ebay,v1|257391928201|0,ALL SAINTS Shearling Leather Jacket Mens LARGE Sheepskin Black Celebrity COLEY,399.99,GBP,Pre-owned - Excellent,,,londonink,GB,,https://www.ebay.co.uk/itm/257391928201?_skw=All+Saints+Leather+Jacket&hash=item3bedc12389:g:RP4AAOSwHZdoQbPz,,2026-03-10T13:32:49.127390+00:00,All Saints Leather Jacket
ebay,v1|257391928202|0,ALL SAINTS Shearling Leather Jacket Mens MEDIUM Celebrity HELM Sheepskin Coat,399.99,GBP,Pre-owned - Good,,,londonink,GB,,https://www.ebay.co.uk/itm/257391928202?_skw=All+Saints+Leather+Jacket&hash=item3bedc1238a:g:DKIAAOSw6Mdl3R9V,,2026-03-10T13:32:49.127393+00:00,All Saints Leather Jacket
ebay,v1|257391928203|0,ALL SAINTS Leather Shirt Jacket Mens MEDIUM Black M Biker Celebrity Grail DANGAN,229.99,GBP,Pre-owned - Excellent,,,londonink,GB,,https://www.ebay.co.uk/itm/257391928203?_skw=All+Saints+Leather+Jacket&hash=item3bedc1238b:g:u9AAAOSwpOhoIggP,,2026-03-10T13:32:49.127396+00:00,All Saints Leather Jacket
ebay,v1|298091100239|0,AllSaints Cargo Leather Jacket Size Small,57.90,GBP,Pre-owned - Excellent,,,jaremacka_0,GB,,https://www.ebay.co.uk/itm/298091100239?_skw=All+Saints+Leather+Jacket&hash=item45679d384f:g:pbYAAeSwwNlpqVmh,,2026-03-10T13:32:49.127399+00:00,All Saints Leather Jacket
ebay,v1|306804158410|0,All Saints Rebell Leather Shirt Jacket - Medium - Good Condition,69.99,GBP,Pre-owned - Good,,,jaffacakes123ben,GB,,https://www.ebay.co.uk/itm/306804158410?_skw=All+Saints+Leather+Jacket&hash=item476ef3efca:g:QzwAAOSwnDdnTvZ4,,2026-03-10T13:32:49.127402+00:00,All Saints Leather Jacket
ebay,v1|257391928199|0,ALL SAINTS Leather Jacket Mens XS Black EXTRA SMALL Biker Bomber Celebrity BONDI,189.99,GBP,Pre-owned - Good,,,londonink,GB,,https://www.ebay.co.uk/itm/257391928199?_skw=All+Saints+Leather+Jacket&hash=item3bedc12387:g:0iMAAOSwouhnMgMw,,2026-03-10T13:32:49.127406+00:00,All Saints Leather Jacket
ebay,v1|267594906620|0,All Saints Mens Jacket Small Black Leather Marsh Bomber Biker Cafe Moto Racer,79.99,GBP,Pre-owned - Good,,,jjclearance,GB,,https://www.ebay.co.uk/itm/267594906620?_skw=All+Saints+Leather+Jacket&hash=item3e4de63bfc:g:7PYAAeSwI49poijS,,2026-03-10T13:32:49.127409+00:00,All Saints Leather Jacket
ebay,v1|306804158400|0,ALLSAINTS Kurne Sheep Leather Bomber Jacket Size Extra Small XS - Green/Gray,79.99,GBP,Pre-owned - Good,,,jaffacakes123ben,GB,,https://www.ebay.co.uk/itm/306804158400?_skw=All+Saints+Leather+Jacket&hash=item476ef3efc0:g:tmQAAeSw3tdpb2oO,,2026-03-10T13:32:49.127412+00:00,All Saints Leather Jacket
ebay,v1|206112192531|0,All Saints Favel Leather Biker Jacket Black - UK 8 EU 36 US 4,83.90,GBP,Pre-owned - Excellent,,,filwri_0,GB,,https://www.ebay.co.uk/itm/206112192531?_skw=All+Saints+Leather+Jacket&hash=item2ffd3e7813:g:ABMAAeSwwPRpqT3G,,2026-03-10T13:32:49.127415+00:00,All Saints Leather Jacket
ebay,v1|168207021138|0,All Saints Women's Cropped Riley Leather Jacket Black UK 10 Biker,160.00,GBP,Pre-owned - Excellent,,,allvintagelondon71,GB,,https://www.ebay.co.uk/itm/168207021138?_skw=All+Saints+Leather+Jacket&hash=item2729eb7452:g:iIEAAeSwGvtpqTvm,,2026-03-10T13:32:49.127419+00:00,All Saints Leather Jacket
ebay,v1|267594485495|0,Allsaints Post Commander Black Leather Mens Jacket Size Small Brand New Tag BNWT,199.99,GBP,New with tags,,,aladdinssheduk,GB,,https://www.ebay.co.uk/itm/267594485495?_skw=All+Saints+Leather+Jacket&hash=item3e4ddfcef7:g:HKUAAeSwGt5n-NQW,,2026-03-10T13:32:49.127422+00:00,All Saints Leather Jacket
ebay,v1|406737938223|0,AllSaints Men’s Black Amersham 100% Leather Slim Fit Biker Jacket - Size Medium,134.86,GBP,Pre-owned - Excellent,,,adakes16,GB,,https://www.ebay.co.uk/itm/406737938223?_skw=All+Saints+Leather+Jacket&hash=item5eb378672f:g:FkQAAeSw~dxpqLhj,,2026-03-10T13:32:49.127425+00:00,All Saints Leather Jacket
ebay,v1|287180157380|0,All Saints Leather Jacket Convey Biker Mens Grey Small Distressed Motorcycle,109.72,GBP,Pre-owned - Good,,,shoedoyoulove,GB,,https://www.ebay.co.uk/itm/287180157380?_skw=All+Saints+Leather+Jacket&hash=item42dd4571c4:g:fGsAAeSwIHFpphk1,,2026-03-10T13:32:49.127428+00:00,All Saints Leather Jacket
ebay,v1|287180157381|0,All Saints Mast Leather Jacket Biker Mens Black Medium Sheep's Leather,99.72,GBP,Pre-owned - Excellent,,,shoedoyoulove,GB,,https://www.ebay.co.uk/itm/287180157381?_skw=All+Saints+Leather+Jacket&hash=item42dd4571c5:g:IYAAAeSwq6JppdH2,,2026-03-10T13:32:49.127432+00:00,All Saints Leather Jacket
ebay,v1|287180157385|0,All Saints Small Biwa Bomber Jacket Mens Black Leather Wool,53.75,GBP,Pre-owned - Good,,,shoedoyoulove,GB,,https://www.ebay.co.uk/itm/287180157385?_skw=All+Saints+Leather+Jacket&hash=item42dd4571c9:g:WsEAAeSw9Zpnq24V,,2026-03-10T13:32:49.127435+00:00,All Saints Leather Jacket
ebay,v1|257390683409|0,ALL SAINTS Leather Jacket Mens SMALL Red OXBLOOD CONROY Biker Bomber Celebrity,189.99,GBP,Pre-owned - Excellent,,,londonink,GB,,https://www.ebay.co.uk/itm/257390683409?_skw=All+Saints+Leather+Jacket&hash=item3bedae2511:g:u5AAAOSwM1ZoIhPe,,2026-03-10T13:32:49.127438+00:00,All Saints Leather Jacket
ebay,v1|257390683418|0,ALL SAINTS Suede Leather Jacket Mens SMALL Brown Biker Bomber Celebrity KAIGO,189.99,GBP,Pre-owned - Good,,,londonink,GB,,https://www.ebay.co.uk/itm/257390683418?_skw=All+Saints+Leather+Jacket&hash=item3bedae251a:g:yzcAAOSw9AVnf-TO,,2026-03-10T13:32:49.127446+00:00,All Saints Leather Jacket
ebay,v1|257390691697|0,ALL SAINTS Vicious Leather Jacket Mens SMALL Black Sleeveless Biker Celebrity S,209.99,GBP,Pre-owned - Excellent,,,londonink,GB,,https://www.ebay.co.uk/itm/257390691697?_skw=All+Saints+Leather+Jacket&hash=item3bedae4571:g:8TIAAOSw~uFoJFoX,,2026-03-10T13:32:49.127450+00:00,All Saints Leather Jacket
ebay,v1|198155635538|0,All saints Women’s Leather Biker Jacket - UK size 6 - RRP £350,187.90,GBP,Pre-owned - Excellent,,,london.m123,GB,,https://www.ebay.co.uk/itm/198155635538?_skw=All+Saints+Leather+Jacket&hash=item2e22ff0b52:g:oVsAAeSwCTFpqKgn,,2026-03-10T13:32:49.127453+00:00,All Saints Leather Jacket
ebay,v1|257390683393|0,ALL SAINTS Leather Jacket Mens SMALL Black Biker Bomber Celebrity Grail VARLEY,159.99,GBP,Pre-owned - Excellent,,,londonink,GB,,https://www.ebay.co.uk/itm/257390683393?_skw=All+Saints+Leather+Jacket&hash=item3bedae2501:g:W6wAAeSwMbdo1rxf,,2026-03-10T13:32:49.127459+00:00,All Saints Leather Jacket
ebay,v1|257390683405|0,ALL SAINTS Leather Jacket Mens SMALL Oxblood Biker Bomber Celebrity Grail CONROY,189.99,GBP,Pre-owned - Excellent,,,londonink,GB,,https://www.ebay.co.uk/itm/257390683405?_skw=All+Saints+Leather+Jacket&hash=item3bedae250d:g:DOUAAOSwNX5oJvcs,,2026-03-10T13:32:49.127463+00:00,All Saints Leather Jacket
ebay,v1|306813677322|0,Allsaints Owen Biker Dark Grey Leather Bomber Rock Punk Celebrity Jacket Size XL,89.99,GBP,Pre-owned - Excellent,,,reloved_planet,GB,,https://www.ebay.co.uk/itm/306813677322?_skw=All+Saints+Leather+Jacket&hash=item476f852f0a:g:REcAAeSwMcVpsB~9,,2026-03-10T14:21:29.032505+00:00,All Saints Leather Jacket
ebay,v1|257398645074|0,ALL SAINTS Leather Jacket Mens EXTRA LARGE Black Biker Bomber Celebrity COBDEN,399.99,GBP,Pre-owned - Good,,,londonink,GB,,https://www.ebay.co.uk/itm/257398645074?_skw=All+Saints+Leather+Jacket&hash=item3bee27a152:g:tWgAAOSwbY1mtkrr,,2026-03-10T15:09:52.233592+00:00,All Saints Leather Jacket
ebay,v1|257398645068|0,ALL SAINTS Leather Jacket Mens LARGE Black Biker Bomber Celebrity Grail ZOLA,279.99,GBP,Pre-owned - Excellent,,,londonink,GB,,https://www.ebay.co.uk/itm/257398645068?_skw=All+Saints+Leather+Jacket&hash=item3bee27a14c:g:8ccAAeSw7dNpd9eH,,2026-03-10T16:08:51.640765+00:00,All Saints Leather Jacket
ebay,v1|406753494092|0,Women's All Saints Leather Jacket Size 8 UK 100% Sheepskin Mint Condition,129.99,GBP,Pre-owned - Excellent,,,suzy-recycle,GB,,https://www.ebay.co.uk/itm/406753494092?_skw=All+Saints+Leather+Jacket&hash=item5eb465c44c:g:rcoAAOSwl41keEWx,,2026-03-10T16:08:51.640799+00:00,All Saints Leather Jacket
ebay,v1|406753476080|0,Men's AllSaints Leather Jacket Size Small Mint Condition,99.99,GBP,Pre-owned - Excellent,,,suzy-recycle,GB,,https://www.ebay.co.uk/itm/406753476080?_skw=All+Saints+Leather+Jacket&hash=item5eb4657df0:g:qA0AAeSw-olpsDMv,,2026-03-10T16:08:51.640808+00:00,All Saints Leather Jacket
ebay,v1|257398952914|0,ALL SAINTS Leather Jacket Mens XL Black Biker Bomber EXTRA LARGE Celebrity NIKO,249.99,GBP,Pre-owned - Good,,,londonink,GB,,https://www.ebay.co.uk/itm/257398952914?_skw=All+Saints+Leather+Jacket&hash=item3bee2c53d2:g:CEcAAOSwQKRoUDVM,,2026-03-10T19:42:46.971209+00:00,All Saints Leather Jacket
ebay,v1|257399162261|0,All Saints Mens RUIN Leather Shirt Jacket SMALL Rock Biker shacket Brown 2,179.99,GBP,Pre-owned - Excellent,,,zecnavda,GB,,https://www.ebay.co.uk/itm/257399162261?_skw=All+Saints+Leather+Jacket&hash=item3bee2f8595:g:iMAAAOSw9qdj5TWj,,2026-03-10T19:42:46.971242+00:00,All Saints Leather Jacket
ebay,v1|257399077441|0,ALL SAINTS Leather Jacket Mens SMALL Black Biker Bomber Celebrity Grail CORA,249.99,GBP,Pre-owned - Excellent,,,londonink,GB,,https://www.ebay.co.uk/itm/257399077441?_skw=All+Saints+Leather+Jacket&hash=item3bee2e3a41:g:USgAAeSwrfVomwKr,,2026-03-10T19:42:46.971249+00:00,All Saints Leather Jacket
ebay,v1|257399162258|0,All Saints Mens KEMBLE Suede Bomber Jacket LARGE Grey Allsaints Biker Leather,179.99,GBP,Pre-owned - Good,,,zecnavda,GB,,https://www.ebay.co.uk/itm/257399162258?_skw=All+Saints+Leather+Jacket&hash=item3bee2f8592:g:vfQAAeSw2QdonF4A,,2026-03-10T19:42:46.971254+00:00,All Saints Leather Jacket
ebay,v1|257399162254|0,All Saints Mens NASH Leather Bomber Jacket XS Brown Extra Small Biker Nylon,99.99,GBP,Pre-owned - Good,,,zecnavda,GB,,https://www.ebay.co.uk/itm/257399162254?_skw=All+Saints+Leather+Jacket&hash=item3bee2f858e:g:IYIAAeSw8c9owW4I,,2026-03-10T19:42:46.971258+00:00,All Saints Leather Jacket
ebay,v1|257399077448|0,ALL SAINTS Leather Jacket Mens EXTRA SMALL Black Biker Bomber Celebrity MARCON,269.99,GBP,Pre-owned - Good,,,londonink,GB,,https://www.ebay.co.uk/itm/257399077448?_skw=All+Saints+Leather+Jacket&hash=item3bee2e3a48:g:pekAAeSwbnxpcO3g,,2026-03-10T19:42:46.971262+00:00,All Saints Leather Jacket
ebay,v1|257399162266|0,All Saints Mens PHANTON Shirt Jacket XL EXTRA LARGE moto biker leather,219.99,GBP,Pre-owned - Good,,,zecnavda,GB,,https://www.ebay.co.uk/itm/257399162266?_skw=All+Saints+Leather+Jacket&hash=item3bee2f859a:g:vYgAAOSwlkhmFwJl,,2026-03-10T19:42:46.971265+00:00,All Saints Leather Jacket
ebay,v1|257398952913|0,ALL SAINTS Goat Leather Shirt Jacket SMALL Mens Camo Military Celebrity ESCO,99.99,GBP,Pre-owned - Good,,,londonink,GB,,https://www.ebay.co.uk/itm/257398952913?_skw=All+Saints+Leather+Jacket&hash=item3bee2c53d1:g:tTAAAOSwPmJoKzo5,,2026-03-10T19:42:46.971269+00:00,All Saints Leather Jacket
ebay,v1|267599916079|0,All Saints Mens MARLEY Leather Biker Jacket XS Extra Small A233,149.99,GBP,Pre-owned - Good,,,zecnavda,GB,,https://www.ebay.co.uk/itm/267599916079?_skw=All+Saints+Leather+Jacket&hash=item3e4e32ac2f:g:f98AAOSwtP9lmx3m,,2026-03-10T19:42:46.971274+00:00,All Saints Leather Jacket
ebay,v1|267599916074|0,All Saints Mens KINO Leather Bomber Jacket EXTRA SMALL XS Biker Moto A72,159.99,GBP,Pre-owned - Good,,,zecnavda,GB,,https://www.ebay.co.uk/itm/267599916074?_skw=All+Saints+Leather+Jacket&hash=item3e4e32ac2a:g:figAAOSw6GFk0~Dj,,2026-03-10T19:42:46.971278+00:00,All Saints Leather Jacket
ebay,v1|257399162264|0,AllSaints Mens JASPER Leather Biker Jacket SMALL Black Bomber All Saints Bomber,99.99,GBP,Pre-owned - Good,,,zecnavda,GB,,https://www.ebay.co.uk/itm/257399162264?_skw=All+Saints+Leather+Jacket&hash=item3bee2f8598:g:uT4AAOSwDXVoL3jo,,2026-03-10T19:42:46.971282+00:00,All Saints Leather Jacket
ebay,v1|257399162252|0,All Saints Ladies RILEY Leather Biker Jacket UK10 US6 EU38 Cream Beige Bomber,159.99,GBP,Pre-owned - Excellent,,,zecnavda,GB,,https://www.ebay.co.uk/itm/257399162252?_skw=All+Saints+Leather+Jacket&hash=item3bee2f858c:g:BmUAAOSwEQdn-ClQ,,2026-03-10T19:42:46.971286+00:00,All Saints Leather Jacket
ebay,v1|257399077458|0,ALL SAINTS Leather Jacket Mens EXTRA LARGE Black XL Biker Bomber Celebrity HANK,299.99,GBP,Pre-owned - Excellent,,,londonink,GB,,https://www.ebay.co.uk/itm/257399077458?_skw=All+Saints+Leather+Jacket&hash=item3bee2e3a52:g:BFkAAOSwNB1n9P~H,,2026-03-10T19:42:46.971292+00:00,All Saints Leather Jacket
ebay,v1|257399162259|0,All Saints Ladies ELINE Oversized Leather Biker Jacket SMALL UK8 US4 EU36 A126,149.99,GBP,Pre-owned - Excellent,,,zecnavda,GB,,https://www.ebay.co.uk/itm/257399162259?_skw=All+Saints+Leather+Jacket&hash=item3bee2f8593:g:1ucAAOSwiClk~hgh,,2026-03-10T19:42:46.971295+00:00,All Saints Leather Jacket
ebay,v1|267599916070|0,All Saints Ladies BILLIE Oversized Leather Biker Jacket SMALL Black UK8 US4,169.99,GBP,Pre-owned - Excellent,,,zecnavda,GB,,https://www.ebay.co.uk/itm/267599916070?_skw=All+Saints+Leather+Jacket&hash=item3e4e32ac26:g:QaUAAOSwvZZnqQaF,,2026-03-10T19:42:46.971300+00:00,All Saints Leather Jacket
ebay,v1|257399162253|0,All Saints Mens IRWIN Leather Shirt XL Biker Bomber Moto AllSaints Jacket B208,229.99,GBP,Pre-owned - Good,,,zecnavda,GB,,https://www.ebay.co.uk/itm/257399162253?_skw=All+Saints+Leather+Jacket&hash=item3bee2f858d:g:QDIAAOSw5PVnDr4t,,2026-03-10T19:42:46.971304+00:00,All Saints Leather Jacket
ebay,v1|257398645072|0,ALL SAINTS Leather Jacket Mens SMALL Black Biker Bomber Celebrity Grail RONVER,249.99,GBP,Pre-owned - Excellent,,,londonink,GB,,https://www.ebay.co.uk/itm/257398645072?_skw=All+Saints+Leather+Jacket&hash=item3bee27a150:g:bhwAAOSwqe5mwO~4,,2026-03-10T19:42:46.971307+00:00,All Saints Leather Jacket
ebay,v1|317981550808|0,AllSaints Balfern leather biker jacket size 16 brand new with tag on,104.70,GBP,New with tags,,,tabithabotham_78,GB,,https://www.ebay.co.uk/itm/317981550808?_skw=All+Saints+Leather+Jacket&hash=item4a092d68d8:g:oZYAAeSwSFlpsE1u,,2026-03-10T19:42:46.971314+00:00,All Saints Leather Jacket
ebay,v1|257398645069|0,ALL SAINTS Leather Jacket Mens MEDIUM Black M Biker Bomber Celebrity Grail LUKE,399.99,GBP,Pre-owned - Good,,,londonink,GB,,https://www.ebay.co.uk/itm/257398645069?_skw=All+Saints+Leather+Jacket&hash=item3bee27a14d:g:pf8AAeSwKQRo3kfL,,2026-03-10T19:42:46.971318+00:00,All Saints Leather Jacket
ebay,v1|257398952910|0,ALL SAINTS Leather Shirt Jacket Mens MEDIUM Black Biker Celebrity Grail MCKAY,199.99,GBP,Pre-owned - Excellent,,,londonink,GB,,https://www.ebay.co.uk/itm/257398952910?_skw=All+Saints+Leather+Jacket&hash=item3bee2c53ce:g:cGcAAeSwFRVopJ3C,,2026-03-10T20:31:53.062652+00:00,All Saints Leather Jacket
ebay,v1|257399162262|0,All Saints Mens RONVER Leather Biker Jacket XL Black Bomber EXTRA LARGE,239.99,GBP,Pre-owned - Excellent,,,zecnavda,GB,,https://www.ebay.co.uk/itm/257399162262?_skw=All+Saints+Leather+Jacket&hash=item3bee2f8596:g:r5YAAeSwAORowXLO,,2026-03-10T20:31:53.062739+00:00,All Saints Leather Jacket
ebay,v1|257399162270|0,All Saints Mens NASH Leather Bomber Jacket XS GREY Extra Small Biker Nylon,99.99,GBP,Pre-owned - Fair,,,zecnavda,GB,,https://www.ebay.co.uk/itm/257399162270?_skw=All+Saints+Leather+Jacket&hash=item3bee2f859e:g:cMEAAeSwAulowYBy,,2026-03-10T20:31:53.062753+00:00,All Saints Leather Jacket
ebay,v1|257399077443|0,ALL SAINTS Leather Jacket Mens SMALL Black Biker Bomber Celebrity Grail GINO,259.99,GBP,Pre-owned - Excellent,,,londonink,GB,,https://www.ebay.co.uk/itm/257399077443?_skw=All+Saints+Leather+Jacket&hash=item3bee2e3a43:g:N5sAAeSw7aVoyAhh,,2026-03-10T20:31:53.062762+00:00,All Saints Leather Jacket
ebay,v1|257399162267|0,All Saints Mens Quilted ALTER Leather Shirt Jacket SMALL rove Shacket A49,159.99,GBP,Pre-owned - Good,,,zecnavda,GB,,https://www.ebay.co.uk/itm/257399162267?_skw=All+Saints+Leather+Jacket&hash=item3bee2f859b:g:UC4AAOSw6ltkrZPo,,2026-03-10T20:31:53.062772+00:00,All Saints Leather Jacket
ebay,v1|267599916081|0,AllSaints Mens MISHIMA Leather Biker Jacket LARGE Moto Bomber All Saints,159.99,GBP,Pre-owned - Excellent,,,zecnavda,GB,,https://www.ebay.co.uk/itm/267599916081?_skw=All+Saints+Leather+Jacket&hash=item3e4e32ac31:g:O1gAAOSwbkRiXDvK,,2026-03-10T20:31:53.062782+00:00,All Saints Leather Jacket
ebay,v1|257399077444|0,ALL SAINTS Suede Leather Jacket Mens SMALL Black Biker Bomber Celebrity CAXTON,239.99,GBP,Pre-owned - Good,,,londonink,GB,,https://www.ebay.co.uk/itm/257399077444?_skw=All+Saints+Leather+Jacket&hash=item3bee2e3a44:g:8U8AAeSwyG1pDpgL,,2026-03-10T21:20:24.401289+00:00,All Saints Leather Jacket
ebay,v1|267599916077|0,All Saints Mens VYCE Leather Biker Jacket XL Grey Black Bomber Rock Rider Badge,259.99,GBP,Pre-owned - Good,,,zecnavda,GB,,https://www.ebay.co.uk/itm/267599916077?_skw=All+Saints+Leather+Jacket&hash=item3e4e32ac2d:g:z4wAAeSw8klprXur,,2026-03-10T21:20:24.401367+00:00,All Saints Leather Jacket
ebay,v1|257399077461|0,ALL SAINTS Leather Jacket Mens XL Brown EXTRA LARGE Bomber Celebrity BOYTON,259.99,GBP,Pre-owned - Good,,,londonink,GB,,https://www.ebay.co.uk/itm/257399077461?_skw=All+Saints+Leather+Jacket&hash=item3bee2e3a55:g:t-cAAOSwlFZoKzeS,,2026-03-10T21:20:24.401378+00:00,All Saints Leather Jacket
ebay,v1|257401000276|0,ALL SAINTS Leather Jacket Mens SMALL Oxblood Red Biker Bomber Celebrity CONROY,189.99,GBP,Pre-owned - Good,,,londonink,GB,,https://www.ebay.co.uk/itm/257401000276?_skw=All+Saints+Leather+Jacket&hash=item3bee4b9154:g:e7IAAeSwGjRoIFaf,,2026-03-11T22:09:25.162107+00:00,All Saints Leather Jacket
ebay,v1|257401000272|0,ALL SAINTS Leather Jacket Mens MEDIUM Sleveless Biker Celebrity Grail VICIOUS,169.99,GBP,Pre-owned - Good,,,londonink,GB,,https://www.ebay.co.uk/itm/257401000272?_skw=All+Saints+Leather+Jacket&hash=item3bee4b9150:g:1iMAAOSw2qxlVVom,,2026-03-11T22:09:25.162159+00:00,All Saints Leather Jacket
ebay,v1|227251629701|0,All Saints Leather Jacket XL,94.30,GBP,Pre-owned - Excellent,,,sportin-73,GB,,https://www.ebay.co.uk/itm/227251629701?_skw=All+Saints+Leather+Jacket&hash=item34e940ae85:g:1ssAAeSw4C5ofQmy,,2026-03-11T22:09:25.162176+00:00,All Saints Leather Jacket
ebay,v1|257401000270|0,ALL SAINTS Leather Jacket Mens MEDIUM Grey Biker Bomber Celebrity Grail KAHAWA,79.99,GBP,Pre-owned - Good,,,londonink,GB,,https://www.ebay.co.uk/itm/257401000270?_skw=All+Saints+Leather+Jacket&hash=item3bee4b914e:g:BBUAAOSw04FlSsWf,,2026-03-11T22:09:25.162187+00:00,All Saints Leather Jacket
ebay,v1|257401000278|0,ALL SAINTS Leather Jacket Mens MEDIUM Brown Puffer Bomber Celebrity Grail RUSSEL,199.99,GBP,Pre-owned - Excellent,,,londonink,GB,,https://www.ebay.co.uk/itm/257401000278?_skw=All+Saints+Leather+Jacket&hash=item3bee4b9156:g:cYcAAOSwhCNlFCrz,,2026-03-11T22:09:25.162199+00:00,All Saints Leather Jacket
ebay,v1|257401000995|0,All Saints Mens KEATS Suede Blazer Jacket XXL 2XL Brown Biker Bomber Leather,299.99,GBP,Pre-owned - Excellent,,,zecnavda,GB,,https://www.ebay.co.uk/itm/257401000995?_skw=All+Saints+Leather+Jacket&hash=item3bee4b9423:g:fI8AAOSwmZ5n0Ecn,,2026-03-11T22:09:25.162209+00:00,All Saints Leather Jacket
ebay,v1|277793805381|0,AllSaints Leather Jacket Phoenix Moto Celebrity Bomber Biker Size Large (slim),49.89,GBP,Pre-owned - Excellent,,,dusty_wallet,GB,,https://www.ebay.co.uk/itm/277793805381?_skw=All+Saints+Leather+Jacket&hash=item40adcd1445:g:1NcAAeSwx09oLy6h,,2026-03-11T22:09:25.162219+00:00,All Saints Leather Jacket
ebay,v1|267601197394|0,All Saints Mens BRANDT Leather Biker Trucker Jacket SMALL Moto AllSaints A417,269.99,GBP,Pre-owned - Good,,,zecnavda,GB,,https://www.ebay.co.uk/itm/267601197394?_skw=All+Saints+Leather+Jacket&hash=item3e4e463952:g:Rg8AAOSw4Nxl3mUi,,2026-03-11T22:09:25.162228+00:00,All Saints Leather Jacket
ebay,v1|257401000263|0,ALL SAINTS Leather Jacket Mens MEDIUM Black Biker Bomber Celebrity TORRANCE,199.99,GBP,Pre-owned - Excellent,,,londonink,GB,,https://www.ebay.co.uk/itm/257401000263?_skw=All+Saints+Leather+Jacket&hash=item3bee4b9147:g:HWkAAOSwo5BoASdv,,2026-03-11T22:09:25.162242+00:00,All Saints Leather Jacket
ebay,v1|406757021121|0,All Saints Women’s Pale Grey Real Leather Jacket Size 8 UK Excellent Condition,99.50,GBP,Pre-owned - Excellent,,,jacmei-72,GB,,https://www.ebay.co.uk/itm/406757021121?_skw=All+Saints+Leather+Jacket&hash=item5eb49b95c1:g:ZVgAAeSwW15psc11,,2026-03-11T22:09:25.162253+00:00,All Saints Leather Jacket
ebay,v1|267601192524|0,All Saints Ladies MADSEN Sheepskin Jacket UK8 EU36 US4 Black Leather Suede Biker,229.99,GBP,Pre-owned - Good,,,zecnavda,GB,,https://www.ebay.co.uk/itm/267601192524?_skw=All+Saints+Leather+Jacket&hash=item3e4e46264c:g:pVkAAeSwCiZpY9z6,,2026-03-11T22:09:25.162265+00:00,All Saints Leather Jacket
ebay,v1|257401000267|0,ALL SAINTS Leather Jacket Mens MEDIUM Black Biker Bomber Celebrity SANDERSON,99.99,GBP,Pre-owned - Good,,,londonink,GB,,https://www.ebay.co.uk/itm/257401000267?_skw=All+Saints+Leather+Jacket&hash=item3bee4b914b:g:EXsAAOSwgXhmT5Ih,,2026-03-11T22:09:25.162276+00:00,All Saints Leather Jacket
ebay,v1|277793737336|0,AllSaints Baston Goat Suede Jacket Medium Layered Blazer Style Leather Trench,125.00,GBP,Pre-owned - Excellent,,,dusty_wallet,GB,,https://www.ebay.co.uk/itm/277793737336?_skw=All+Saints+Leather+Jacket&hash=item40adcc0a78:g:2aAAAeSwZH9pWtON,,2026-03-11T22:09:25.162287+00:00,All Saints Leather Jacket
ebay,v1|257401000988|0,Brand New All Saints Ladies DALBY Leather Biker Jacket UK6 US2 EU34 Moto A139,189.99,GBP,New with tags,,,zecnavda,GB,,https://www.ebay.co.uk/itm/257401000988?_skw=All+Saints+Leather+Jacket&hash=item3bee4b941c:g:jbwAAOSwU-Zk~hxD,,2026-03-11T22:09:25.162301+00:00,All Saints Leather Jacket
ebay,v1|257401000990|0,All Saints Mens ADJUST Leather Biker Jacket Medium Bomber Moto Slim fit Vintage,99.99,GBP,Pre-owned - Good,,,zecnavda,GB,,https://www.ebay.co.uk/itm/257401000990?_skw=All+Saints+Leather+Jacket&hash=item3bee4b941e:g:g1UAAOSwJuVnWeRe,,2026-03-11T22:09:25.162311+00:00,All Saints Leather Jacket
ebay,v1|257401000987|0,All Saints Mens HAZEL Leather Trucker Jacket LARGE Bomber Biker AllSaints B113,209.99,GBP,Pre-owned - Good,,,zecnavda,GB,,https://www.ebay.co.uk/itm/257401000987?_skw=All+Saints+Leather+Jacket&hash=item3bee4b941b:g:zFgAAOSw0-FoB87i,,2026-03-11T22:09:25.162320+00:00,All Saints Leather Jacket
ebay,v1|257401000269|0,ALL SAINTS Leather Jacket Mens MEDIUM Black Biker Bomber Celebrity Grail LOMI,189.99,GBP,Pre-owned - Excellent,,,londonink,GB,,https://www.ebay.co.uk/itm/257401000269?_skw=All+Saints+Leather+Jacket&hash=item3bee4b914d:g:A7YAAOSwtMpm30se,,2026-03-11T22:09:25.162332+00:00,All Saints Leather Jacket
ebay,v1|257401001014|0,All Saints Mens LEO Suede Biker Jacket 2XL XXL Bomber Moto Leather Motorcycle,219.99,GBP,Pre-owned - Excellent,,,zecnavda,GB,,https://www.ebay.co.uk/itm/257401001014?_skw=All+Saints+Leather+Jacket&hash=item3bee4b9436:g:FzMAAOSw52NnWgQS,,2026-03-11T22:09:25.162342+00:00,All Saints Leather Jacket
ebay,v1|267601197395|0,All Saints Mens Leather Blazer Jacket Medium Biker Bomber Suede AllSaints Sample,219.99,GBP,Pre-owned - Good,,,zecnavda,GB,,https://www.ebay.co.uk/itm/267601197395?_skw=All+Saints+Leather+Jacket&hash=item3e4e463953:g:Rp8AAOSwi35nWgHB,,2026-03-11T22:09:25.162353+00:00,All Saints Leather Jacket
ebay,v1|257401000279|0,ALL SAINTS Leather Jacket Mens EXTRA SMALL Black XS Biker Bomber Oasis BLENHAM,249.99,GBP,Pre-owned - Excellent,,,londonink,GB,,https://www.ebay.co.uk/itm/257401000279?_skw=All+Saints+Leather+Jacket&hash=item3bee4b9157:g:7eMAAOSwh4JoQV8F,,2026-03-11T22:09:25.162365+00:00,All Saints Leather Jacket
ebay,v1|257401000265|0,ALL SAINTS Leather Jacket Mens EXTRA SMALL Black XS Biker Bomber Celebrity JACE,219.99,GBP,Pre-owned - Good,,,londonink,GB,,https://www.ebay.co.uk/itm/257401000265?_skw=All+Saints+Leather+Jacket&hash=item3bee4b9149:g:Ps8AAOSwO5poJupu,,2026-03-11T22:09:25.162375+00:00,All Saints Leather Jacket
ebay,v1|157742803667|0,AllSaints Women's Leather Cargo Jacket Uk10,83.90,GBP,Pre-owned - Good,,,lulubelleuk,GB,,https://www.ebay.co.uk/itm/157742803667?_skw=All+Saints+Leather+Jacket&hash=item24ba342ad3:g:BMQAAeSw27lpsb9e,,2026-03-11T22:09:25.162385+00:00,All Saints Leather Jacket
ebay,v1|257401005008|0,AllSaints Ladies AYRA Leather Biker Jacket UK10 US6 EU38 Moto All Saints,169.99,GBP,Pre-owned - Excellent,,,zecnavda,GB,,https://www.ebay.co.uk/itm/257401005008?_skw=All+Saints+Leather+Jacket&hash=item3bee4ba3d0:g:d-gAAOSwXshnoPdV,,2026-03-11T22:09:25.162399+00:00,All Saints Leather Jacket
ebay,v1|267601197396|0,All Saints Mens ROUNDHOUSE Leather Biker Jacket SMALL Black Bomber Belted,249.99,GBP,Pre-owned - Good,,,zecnavda,GB,,https://www.ebay.co.uk/itm/267601197396?_skw=All+Saints+Leather+Jacket&hash=item3e4e463954:g:X1gAAOSwD8loSdZJ,,2026-03-11T22:09:25.162409+00:00,All Saints Leather Jacket
ebay,v1|257401005010|0,All Saints Mens MYRES Sheepskin Biker Jacket MEDIUM Black Leather Shearling,439.99,GBP,Pre-owned - Good,,,zecnavda,GB,,https://www.ebay.co.uk/itm/257401005010?_skw=All+Saints+Leather+Jacket&hash=item3bee4ba3d2:g:A~oAAeSwXn5pY99S,,2026-03-11T22:09:25.162418+00:00,All Saints Leather Jacket
ebay,v1|257401000257|0,ALL SAINTS Leather Jacket Mens 2XL Black XXL Biker Bomber Celebrity Grail CORA,279.99,GBP,Pre-owned - Excellent,,,londonink,GB,,https://www.ebay.co.uk/itm/257401000257?_skw=All+Saints+Leather+Jacket&hash=item3bee4b9141:g:qfsAAeSwBv9o2pdy,,2026-03-11T22:09:25.162428+00:00,All Saints Leather Jacket
ebay,v1|257401000994|0,All Saints Mens CLIFTON Suede Jacket LARGE Black Leather Bomber Biker AllSaints,209.99,GBP,Pre-owned - Excellent,,,zecnavda,GB,,https://www.ebay.co.uk/itm/257401000994?_skw=All+Saints+Leather+Jacket&hash=item3bee4b9422:g:rgwAAOSwTVRnq79f,,2026-03-11T22:09:25.162437+00:00,All Saints Leather Jacket
ebay,v1|306815952016|0,ALLSAINTS LEATHER BIKER Jacket - Size UK14 - Black - Great Condition - Women’s,89.99,GBP,Pre-owned - Excellent,,,vintro-clothing,GB,,https://www.ebay.co.uk/itm/306815952016?_skw=All+Saints+Leather+Jacket&hash=item476fa7e490:g:6z8AAeSwkXJpsblY,,2026-03-11T22:09:25.162447+00:00,All Saints Leather Jacket
ebay,v1|267601192515|0,AllSaints Mens YUKU Leather Biker Jacket XL Black Bomber Moto All Saints Rock,239.99,GBP,Pre-owned - Excellent,,,zecnavda,GB,,https://www.ebay.co.uk/itm/267601192515?_skw=All+Saints+Leather+Jacket&hash=item3e4e462643:g:frAAAOSwSSln0Exg,,2026-03-11T22:09:25.162458+00:00,All Saints Leather Jacket
ebay,v1|257401000256|0,ALL SAINTS Leather Blazer Jacket Mens MEDIUM Suede Celebrity SARGENT like Survey,219.99,GBP,Pre-owned - Good,,,londonink,GB,,https://www.ebay.co.uk/itm/257401000256?_skw=All+Saints+Leather+Jacket&hash=item3bee4b9140:g:87oAAeSwz0JpDy1K,,2026-03-11T22:09:25.162467+00:00,All Saints Leather Jacket
ebay,v1|267601192518|0,All Saints Mens BRANDT Leather Biker Trucker Jacket MEDIUM Bomber AllSaints B99,269.99,GBP,Pre-owned - Excellent,,,zecnavda,GB,,https://www.ebay.co.uk/itm/267601192518?_skw=All+Saints+Leather+Jacket&hash=item3e4e462646:g:NdMAAOSwmExmkEM6,,2026-03-11T22:09:25.162477+00:00,All Saints Leather Jacket
ebay,v1|257401000985|0,AllSaints Mens BANNER Leather Jacket LARGE Grey Hoody Biker Bomber All Saints,219.99,GBP,Pre-owned - Good,,,zecnavda,GB,,https://www.ebay.co.uk/itm/257401000985?_skw=All+Saints+Leather+Jacket&hash=item3bee4b9419:g:AMYAAOSwQbpoNLzw,,2026-03-11T22:09:25.162486+00:00,All Saints Leather Jacket
ebay,v1|257400318738|0,ALL SAINTS Suede Leather Jacket Mens XXL White 2XL Biker Bomber Celebrity TACOMA,399.99,GBP,New with tags,,,londonink,GB,,https://www.ebay.co.uk/itm/257400318738?_skw=All+Saints+Leather+Jacket&hash=item3bee412b12:g:eEQAAeSw5QFo6PxI,,2026-03-11T22:09:25.162501+00:00,All Saints Leather Jacket
ebay,v1|257401000277|0,ALL SAINTS Leather Blazer Jacket Mens LARGE Waxed Suede Celebrity Grail SURVEY,299.99,GBP,Pre-owned - Excellent,,,londonink,GB,,https://www.ebay.co.uk/itm/257401000277?_skw=All+Saints+Leather+Jacket&hash=item3bee4b9155:g:ExQAAOSwJsZn5H7C,,2026-03-11T22:09:25.162515+00:00,All Saints Leather Jacket
ebay,v1|257401000971|0,All Saints Ladies HAWLEY Sheepskin Jacket SMALL Grey Biker Leather Suede Bomber,259.99,GBP,Pre-owned - Good,,,zecnavda,GB,,https://www.ebay.co.uk/itm/257401000971?_skw=All+Saints+Leather+Jacket&hash=item3bee4b940b:g:TIAAAeSwx~Bpi2Sm,,2026-03-11T22:09:25.162525+00:00,All Saints Leather Jacket
ebay,v1|257400318739|0,ALL SAINTS Leather Shirt Jacket Mens EXTRA SMALL Brown XS Biker Celebrity IVAN,229.99,GBP,New with tags,,,londonink,GB,,https://www.ebay.co.uk/itm/257400318739?_skw=All+Saints+Leather+Jacket&hash=item3bee412b13:g:aB0AAeSw-ctpRVaz,,2026-03-11T22:09:25.162535+00:00,All Saints Leather Jacket
ebay,v1|336474131612|0,AllSaints Spitalfields Ruck Leather Jacket Brown Double Breasted Slim Medium,98.46,GBP,Pre-owned - Good,,,fifa_86,GB,,https://www.ebay.co.uk/itm/336474131612?_skw=All+Saints+Leather+Jacket&hash=item4e576bcc9c:g:-GAAAeSw52VpsZ3l,,2026-03-11T22:09:25.162545+00:00,All Saints Leather Jacket
ebay,v1|257400932691|0,Allsaints Leather Hoku Jacket Men's Medium Black,187.90,GBP,Pre-owned - Excellent,,,markp321,GB,,https://www.ebay.co.uk/itm/257400932691?_skw=All+Saints+Leather+Jacket&hash=item3bee4a8953:g:-FwAAeSwx0VpsZuz,,2026-03-11T22:09:25.162557+00:00,All Saints Leather Jacket
ebay,v1|267601130790|0,"All Saints Brown Leather Jacket Sizes S, Chest 38"", Button Closure",78.70,GBP,Pre-owned - Excellent,,,thehouseofcoffee,GB,,https://www.ebay.co.uk/itm/267601130790?_skw=All+Saints+Leather+Jacket&hash=item3e4e453526:g:QtcAAeSweQppsZjo,,2026-03-11T22:09:25.162567+00:00,All Saints Leather Jacket
ebay,v1|267601109881|567416336198,AllSaints Women’s Cargo Real Leather Biker Jacket UK Size 12,199.99,GBP,Pre-owned - Good,,,alpha-direct,GB,,https://www.ebay.co.uk/itm/267601109881?_skw=All+Saints+Leather+Jacket&hash=item3e4e44e379:g:weQAAeSwJPJpqEfI,,2026-03-11T22:09:25.162579+00:00,All Saints Leather Jacket
ebay,v1|257400318741|0,ALL SAINTS Leather Shirt Jacket Mens LARGE Brown Biker Celebrity Grail EMERY,189.99,GBP,Pre-owned - Good,,,londonink,GB,,https://www.ebay.co.uk/itm/257400318741?_skw=All+Saints+Leather+Jacket&hash=item3bee412b15:g:eC0AAeSwDN5o0oKL,,2026-03-11T22:09:25.162588+00:00,All Saints Leather Jacket
ebay,v1|257400318746|0,ALL SAINTS Leather Jacket Mens XL Black EXTRA LARGE Biker Bomber Grail BOYTON,259.99,GBP,Pre-owned - Excellent,,,londonink,GB,,https://www.ebay.co.uk/itm/257400318746?_skw=All+Saints+Leather+Jacket&hash=item3bee412b1a:g:-QoAAOSwNwlnUgDm,,2026-03-11T22:09:25.162599+00:00,All Saints Leather Jacket
ebay,v1|327039671168|0,ALL SAINTS (Reno Leather Jacket)  Size S,104.70,GBP,Pre-owned - Good,,,smoothintense,GB,,https://www.ebay.co.uk/itm/327039671168?_skw=All+Saints+Leather+Jacket&hash=item4c25155b80:g:m6cAAeSwVqdpsX4W,,2026-03-11T22:09:25.162609+00:00,All Saints Leather Jacket
ebay,v1|257400318747|0,ALL SAINTS Leather Jacket Mens SMALL Black Biker Bomber Celebrity SARLS,259.99,GBP,Pre-owned - Excellent,,,londonink,GB,,https://www.ebay.co.uk/itm/257400318747?_skw=All+Saints+Leather+Jacket&hash=item3bee412b1b:g:aOgAAOSwDM5oUpZm,,2026-03-11T22:09:25.162627+00:00,All Saints Leather Jacket
ebay,v1|257400318743|0,ALL SAINTS Leather Jacket Mens LARGE Black Biker Bomber Celebrity Grail LUKE,399.99,GBP,Pre-owned - Excellent,,,londonink,GB,,https://www.ebay.co.uk/itm/257400318743?_skw=All+Saints+Leather+Jacket&hash=item3bee412b17:g:1uoAAeSwAPJpjKan,,2026-03-11T22:09:25.162635+00:00,All Saints Leather Jacket
ebay,v1|287195110281|0,All Saints Mens Grey Military Jacket with Leather Details Size L,47.50,GBP,Pre-owned - Good,,,johnchapman903,GB,,https://www.ebay.co.uk/itm/287195110281?_skw=All+Saints+Leather+Jacket&hash=item42de299b89:g:PtYAAeSwEVVpsWPx,,2026-03-11T22:09:25.162646+00:00,All Saints Leather Jacket
ebay,v1|257400318745|0,ALL SAINTS Leather Jacket Mens Black Biker Bomber Celebrity Grail Sample WARNER,199.99,GBP,Pre-owned - Excellent,,,londonink,GB,,https://www.ebay.co.uk/itm/257400318745?_skw=All+Saints+Leather+Jacket&hash=item3bee412b19:g:f7UAAOSwGQ9nMfzB,,2026-03-11T22:09:25.162655+00:00,All Saints Leather Jacket
ebay,v1|257400318748|0,ALL SAINTS Leather Jacket Mens LARGE Black L Biker Bomber Celebrity Grail SORA,259.99,GBP,Pre-owned - Excellent,,,londonink,GB,,https://www.ebay.co.uk/itm/257400318748?_skw=All+Saints+Leather+Jacket&hash=item3bee412b1c:g:CCsAAOSwuRRoJvHz,,2026-03-11T22:09:25.162673+00:00,All Saints Leather Jacket
ebay,v1|287194938060|0,All Saints Mercer Puffer Leather Jacket Mens Black Large 100% Lambs Leather Vgc,345.00,GBP,Pre-owned - Excellent,,,shoedoyoulove,GB,,https://www.ebay.co.uk/itm/287194938060?_skw=All+Saints+Leather+Jacket&hash=item42de26facc:g:Fu4AAeSwSltpsUYM,,2026-03-11T22:09:25.162682+00:00,All Saints Leather Jacket
ebay,v1|257400448479|0,ALL SAINTS Sheepskin Leather Jacket Mens SMALL Shearling Coleman Celebrity Grail,399.99,GBP,Pre-owned - Good,,,londonink,GB,,https://www.ebay.co.uk/itm/257400448479?_skw=All+Saints+Leather+Jacket&hash=item3bee4325df:g:4oQAAOSwcIxoIhhm,,2026-03-11T22:09:25.162691+00:00,All Saints Leather Jacket
ebay,v1|257400448471|0,ALL SAINTS Leather Jacket Mens EXTRA LARGE Black XL Biker Bomber Celebrity SARLS,299.99,GBP,Pre-owned - Excellent,,,londonink,GB,,https://www.ebay.co.uk/itm/257400448471?_skw=All+Saints+Leather+Jacket&hash=item3bee4325d7:g:SZEAAOSw2xtm4pxe,,2026-03-11T22:09:25.162704+00:00,All Saints Leather Jacket
ebay,v1|257400448472|0,ALL SAINTS Leather Shirt Jacket Mens MEDIUM Red Biker Celebrity Grail FUTILE,99.99,GBP,Pre-owned - Good,,,londonink,GB,,https://www.ebay.co.uk/itm/257400448472?_skw=All+Saints+Leather+Jacket&hash=item3bee4325d8:g:jZUAAOSwRUNnINjO,,2026-03-11T22:09:25.162717+00:00,All Saints Leather Jacket
ebay,v1|257400448475|0,ALL SAINTS Leather Jacket Mens LARGE Black Biker Bomber Celebrity Grail MILO,299.99,GBP,New with tags,,,londonink,GB,,https://www.ebay.co.uk/itm/257400448475?_skw=All+Saints+Leather+Jacket&hash=item3bee4325db:g:mCwAAeSwJFpo06Vu,,2026-03-11T22:09:25.162727+00:00,All Saints Leather Jacket
ebay,v1|257400448477|0,ALL SAINTS Suede Leather Jacket Mens EXTRA LARGE XL Biker Bomber Celebrity LEO,229.99,GBP,Pre-owned - Excellent,,,londonink,GB,,https://www.ebay.co.uk/itm/257400448477?_skw=All+Saints+Leather+Jacket&hash=item3bee4325dd:g:6bAAAOSwTGxneES0,,2026-03-11T22:09:25.162738+00:00,All Saints Leather Jacket
ebay,v1|257400318737|0,ALL SAINTS Leather Jacket Mens EXTRA LARGE Black XL Biker Bomber Celebrity CORA,279.99,GBP,Pre-owned - Excellent,,,londonink,GB,,https://www.ebay.co.uk/itm/257400318737?_skw=All+Saints+Leather+Jacket&hash=item3bee412b11:g:0iMAAeSwGI5oepLe,,2026-03-11T22:09:25.162750+00:00,All Saints Leather Jacket
ebay,v1|227248883863|0,AllSaints Papin Leather Biker Jacket Womens UK 10 EU38,115.00,GBP,Pre-owned - Excellent,,,phillymac999c1k2,GB,,https://www.ebay.co.uk/itm/227248883863?_skw=All+Saints+Leather+Jacket&hash=item34e916c897:g:hPwAAeSw5nxprxiq,,2026-03-11T22:09:25.162760+00:00,All Saints Leather Jacket
ebay,v1|306814879100|0,Allsaints Ashler Jacket Womens UK 12 Leather Black Biker Button Up Italian,34.94,GBP,Pre-owned - Excellent,,,the-gentleman-marketeer,GB,,https://www.ebay.co.uk/itm/306814879100?_skw=All+Saints+Leather+Jacket&hash=item476f97857c:g:wu4AAeSwoNdongTf,,2026-03-11T22:09:25.162769+00:00,All Saints Leather Jacket
ebay,v1|287193796296|0,All Saints Leather Jacket  Conroy Mens Oxblood Medium Biker Motorcycle Vgc,109.72,GBP,Pre-owned - Excellent,,,shoedoyoulove,GB,,https://www.ebay.co.uk/itm/287193796296?_skw=All+Saints+Leather+Jacket&hash=item42de158ec8:g:XUkAAeSwenpppp-a,,2026-03-11T22:09:25.162778+00:00,All Saints Leather Jacket
ebay,v1|257399077452|0,ALL SAINTS Suede Leather Jacket Mens SMALL Blue Biker Bomber Celebrity KEMBLE,239.99,GBP,Pre-owned - Excellent,,,londonink,GB,,https://www.ebay.co.uk/itm/257399077452?_skw=All+Saints+Leather+Jacket&hash=item3bee2e3a4c:g:IE4AAeSwcxppIGJd,,2026-03-11T22:09:25.162794+00:00,All Saints Leather Jacket
ebay,v1|257398952911|0,ALL SAINTS Shearling Leather Jacket Mens SMALL Black Sheepskin Celebrity MYRES,449.99,GBP,Pre-owned - Good,,,londonink,GB,,https://www.ebay.co.uk/itm/257398952911?_skw=All+Saints+Leather+Jacket&hash=item3bee2c53cf:g:Cs4AAeSwtmdpDbmb,,2026-03-11T22:09:25.162806+00:00,All Saints Leather Jacket
ebay,v1|366265932077|0,ALLSAINTS leather jacket CONROY BIKER 6 brown short cropped soft rock real women,199.99,GBP,Pre-owned - Excellent,,,sheba-knows-best,GB,,https://www.ebay.co.uk/itm/366265932077?_skw=All+Saints+Leather+Jacket&hash=item554726992d:g:lwsAAeSw46lpQTaW,,2026-03-12T08:59:01.640336+00:00,All Saints Leather Jacket
ebay,v1|168225563684|0,All Saints Women's Cropped Riley Leather Jacket Black UK 10 Biker,125.00,GBP,Pre-owned - Excellent,,,allvintagelondon71,GB,,https://www.ebay.co.uk/itm/168225563684?_skw=All+Saints+Leather+Jacket&hash=item272b066424:g:iIEAAeSwGvtpqTvm,,2026-03-12T08:59:01.640365+00:00,All Saints Leather Jacket
ebay,v1|257401000271|0,ALL SAINTS Suede Leather Jacket Mens SMALL Brown Biker Bomber Celebrity KEMBLE,239.99,GBP,Pre-owned - Good,,,londonink,GB,,https://www.ebay.co.uk/itm/257401000271?_skw=All+Saints+Leather+Jacket&hash=item3bee4b914f:g:67wAAOSwOsNoXE8I,,2026-03-12T08:59:01.640372+00:00,All Saints Leather Jacket
ebay,v1|257401000273|0,ALL SAINTS Suede Leather Jacket Mens SMALL Black Biker Bomber Celebrity KEMBLE,239.99,GBP,Pre-owned - Excellent,,,londonink,GB,,https://www.ebay.co.uk/itm/257401000273?_skw=All+Saints+Leather+Jacket&hash=item3bee4b9151:g:cHUAAOSwbJ1mE8C4,,2026-03-12T08:59:01.640378+00:00,All Saints Leather Jacket
ebay,v1|257401000255|0,ALL SAINTS Suede Leather Jacket Mens LARGE Grey L Biker Bomber Celebrity KEMBLE,179.99,GBP,Pre-owned - Good,,,londonink,GB,,https://www.ebay.co.uk/itm/257401000255?_skw=All+Saints+Leather+Jacket&hash=item3bee4b913f:g:m9IAAeSwXP5pcOvP,,2026-03-12T08:59:01.640385+00:00,All Saints Leather Jacket
ebay,v1|257401000280|0,ALL SAINTS Oxblood Leather Jacket Mens MEDIUM Red Biker Bomber Celebrity CONROY,189.99,GBP,Pre-owned - Good,,,londonink,GB,,https://www.ebay.co.uk/itm/257401000280?_skw=All+Saints+Leather+Jacket&hash=item3bee4b9158:g:0UoAAOSw~31oHQKU,,2026-03-12T08:59:01.640394+00:00,All Saints Leather Jacket
ebay,v1|257401000259|0,ALL SAINTS Leather Shirt Jacket Mens LARGE Black Biker Bomber Celebrity PHANTON,259.99,GBP,Pre-owned - Good,,,londonink,GB,,https://www.ebay.co.uk/itm/257401000259?_skw=All+Saints+Leather+Jacket&hash=item3bee4b9143:g:1awAAeSwQdtoqJ6-,,2026-03-12T08:59:01.640400+00:00,All Saints Leather Jacket
ebay,v1|257401000266|0,ALL SAINTS Leather Shirt Jacket Mens LARGE Biker Bomber Celebrity Grail PHANTON,259.99,GBP,Pre-owned - Excellent,,,londonink,GB,,https://www.ebay.co.uk/itm/257401000266?_skw=All+Saints+Leather+Jacket&hash=item3bee4b914a:g:8aUAAOSwhx5oIeeq,,2026-03-12T08:59:01.640407+00:00,All Saints Leather Jacket
ebay,v1|389731759157|0,AllSaints Women's Leather Biker Jacket Size M,644.20,GBP,New with tags,,,scoltd,GB,,https://www.ebay.co.uk/itm/389731759157?_skw=All+Saints+Leather+Jacket&hash=item5abdd2b435:g:690AAeSw20xpsfwt,,2026-03-12T08:59:01.640412+00:00,All Saints Leather Jacket
ebay,v1|257401000260|0,ALL SAINTS Leather Jacket Mens XXL Black 2XL Biker Bomber Celebrity Grail TROST,299.99,GBP,Pre-owned - Excellent,,,londonink,GB,,https://www.ebay.co.uk/itm/257401000260?_skw=All+Saints+Leather+Jacket&hash=item3bee4b9144:g:ZxYAAeSwviVppXlG,,2026-03-12T08:59:01.640418+00:00,All Saints Leather Jacket
ebay,v1|257401000274|0,ALL SAINTS Leather Jacket Mens XS Black EXTRA SMALL Biker Bomber Celebrity BONDI,189.99,GBP,Pre-owned - Good,,,londonink,GB,,https://www.ebay.co.uk/itm/257401000274?_skw=All+Saints+Leather+Jacket&hash=item3bee4b9152:g:0iMAAOSwouhnMgMw,,2026-03-12T08:59:01.640423+00:00,All Saints Leather Jacket
ebay,v1|257401000268|0,ALL SAINTS Leather Jacket Mens XS Black Biker Bomber Celebrity Grail BELMONT,199.99,GBP,Pre-owned - Excellent,,,londonink,GB,,https://www.ebay.co.uk/itm/257401000268?_skw=All+Saints+Leather+Jacket&hash=item3bee4b914c:g:ttMAAOSwsCtmE9mK,,2026-03-12T08:59:01.640429+00:00,All Saints Leather Jacket
ebay,v1|287195999181|0,All Saints Rowley Leather Jacket Black Medium Biker 100% Sheep Motorcycle,74.72,GBP,Pre-owned - Good,,,shoedoyoulove,GB,,https://www.ebay.co.uk/itm/287195999181?_skw=All+Saints+Leather+Jacket&hash=item42de372bcd:g:S4gAAeSwBxdpseGg,,2026-03-12T08:59:01.640435+00:00,All Saints Leather Jacket
ebay,v1|287195999195|0,All Saints Leather Jacket  Conroy Mens Black Dark Brown Medium Biker Motorcycle,109.72,GBP,Pre-owned - Good,,,shoedoyoulove,GB,,https://www.ebay.co.uk/itm/287195999195?_skw=All+Saints+Leather+Jacket&hash=item42de372bdb:g:V~IAAeSwLE9ppp8p,,2026-03-12T08:59:01.640440+00:00,All Saints Leather Jacket
ebay,v1|257401000264|0,ALL SAINTS Leather Jacket Mens SMALL Suede Biker Bomber Celebrity Grail IMARA,99.99,GBP,Pre-owned - Good,,,londonink,GB,,https://www.ebay.co.uk/itm/257401000264?_skw=All+Saints+Leather+Jacket&hash=item3bee4b9148:g:bgoAAeSwjSRogTiq,,2026-03-12T08:59:01.640447+00:00,All Saints Leather Jacket
ebay,v1|306816927857|0,Allsaints Alliance Black Leather Bomber Button Up Shirt Jacket Size Men's Medium,69.99,GBP,Pre-owned - Good,,,jaffacakes123ben,GB,,https://www.ebay.co.uk/itm/306816927857?_skw=All+Saints+Leather+Jacket&hash=item476fb6c871:g:E~QAAOSw2z5nBRIA,,2026-03-12T09:47:32.154856+00:00,All Saints Leather Jacket
ebay,v1|257402478011|0,ALL SAINTS Goat Leather Shirt Jacket Mens  LARGE Camo Celebrity Grail ESCO,99.99,GBP,Pre-owned - Excellent,,,londonink,GB,,https://www.ebay.co.uk/itm/257402478011?_skw=All+Saints+Leather+Jacket&hash=item3bee621dbb:g:mjIAAOSwvZdoJutp,,2026-03-12T12:17:32.048989+00:00,All Saints Leather Jacket
ebay,v1|267602392192|0,All Saints Men’s All Leather Bikers Style Jacket Black Size Medium Relaxed Med,60.50,GBP,Pre-owned - Good,,,anthonhar-72,GB,,https://www.ebay.co.uk/itm/267602392192?_skw=All+Saints+Leather+Jacket&hash=item3e4e587480:g:4wYAAeSw0x1psqpP,,2026-03-12T12:17:32.049030+00:00,All Saints Leather Jacket
ebay,v1|257402228482|0,ALL SAINTS Leather Jacket Mens EXTRA LARGE Oxblood Red XL Celebrity CALLERTON,259.99,GBP,Pre-owned - Good,,,londonink,GB,,https://www.ebay.co.uk/itm/257402228482?_skw=All+Saints+Leather+Jacket&hash=item3bee5e4f02:g:DgAAAeSwZitpRWsk,,2026-03-12T12:17:32.049037+00:00,All Saints Leather Jacket
ebay,v1|257402478012|0,ALL SAINTS Cargo Leather Jacket Mens SMALL Black Biker Bomber Celebrity Grail,79.99,GBP,Pre-owned - Good,,,londonink,GB,,https://www.ebay.co.uk/itm/257402478012?_skw=All+Saints+Leather+Jacket&hash=item3bee621dbc:g:8n8AAOSw3NRoIiBo,,2026-03-12T12:17:32.049043+00:00,All Saints Leather Jacket
ebay,v1|257402478005|0,ALL SAINTS Cargo Leather Jacket Mens EXTRA SMALL Black Biker Bomber Celebrity XS,79.99,GBP,Pre-owned - Good,,,londonink,GB,,https://www.ebay.co.uk/itm/257402478005?_skw=All+Saints+Leather+Jacket&hash=item3bee621db5:g:jaQAAOSwopFoKFT2,,2026-03-12T12:17:32.049049+00:00,All Saints Leather Jacket
ebay,v1|327041543709|0,"AllSaints Leather Jacket (Size UK XS) Excellent Condition, only worn twice",187.90,GBP,Pre-owned - Excellent,,,goldeemma,GB,,https://www.ebay.co.uk/itm/327041543709?_skw=All+Saints+Leather+Jacket&hash=item4c2531ee1d:g:53oAAeSwlXFpspvU,,2026-03-12T12:17:32.049060+00:00,All Saints Leather Jacket
ebay,v1|257402228480|0,ALL SAINTS Leather Jacket Mens EXTRA LARGE Black Biker Bomber Celebrity HAWLEY,259.99,GBP,Pre-owned - Good,,,londonink,GB,,https://www.ebay.co.uk/itm/257402228480?_skw=All+Saints+Leather+Jacket&hash=item3bee5e4f00:g:4dwAAeSwUpRotHSW,,2026-03-12T12:17:32.049074+00:00,All Saints Leather Jacket
ebay,v1|397704285590|0,AllSaints Dalby Khaki Lamb Leather Biker Jacket UK 8 / Small,198.29,GBP,Pre-owned - Excellent,,,thorno1984,GB,,https://www.ebay.co.uk/itm/397704285590?_skw=All+Saints+Leather+Jacket&hash=item5c9905cd96:g:whkAAeSw59dpsptC,,2026-03-12T12:17:32.049081+00:00,All Saints Leather Jacket
ebay,v1|327041532729|0,ALLSAINTS Leather Jacket Mens XL Black HARWOOD Detachable Celebrity Hood,182.70,GBP,Pre-owned - Excellent,,,benjaminp613,GB,,https://www.ebay.co.uk/itm/327041532729?_skw=All+Saints+Leather+Jacket&hash=item4c2531c339:g:sGwAAeSwvdFpspnL,,2026-03-12T12:17:32.049086+00:00,All Saints Leather Jacket
ebay,v1|298113956468|0,Brand New ALLSAINTS Orten Leather Bomber Jacket,271.10,GBP,New with tags,,,p110675,GB,,https://www.ebay.co.uk/itm/298113956468?_skw=All+Saints+Leather+Jacket&hash=item4568f9fa74:g:e3gAAeSwtCRpspiK,,2026-03-12T12:17:32.049092+00:00,All Saints Leather Jacket
ebay,v1|147199671253|0,ALL SAINTS Survey Leather Blazer Jacket Mens Medium Suede Waxed Celebrity,155.00,GBP,Pre-owned - Good,,,highqcon_0,GB,,https://www.ebay.co.uk/itm/147199671253?_skw=All+Saints+Leather+Jacket&hash=item2245c8bbd5:g:dbMAAeSw0e5pq-KG,,2026-03-12T12:17:32.049097+00:00,All Saints Leather Jacket
ebay,v1|147199671259|0,ALL SAINTS Survey Leather Blazer Jacket 2XL XXL Mens Suede Waxed Celebrity,199.00,GBP,Pre-owned - Good,,,highqcon_0,GB,,https://www.ebay.co.uk/itm/147199671259?_skw=All+Saints+Leather+Jacket&hash=item2245c8bbdb:g:xxUAAeSw2jNpq9eX,,2026-03-12T12:17:32.049102+00:00,All Saints Leather Jacket
ebay,v1|257402422453|0,ALL SAINTS Suede Leather Jacket SMALL Mens Grey S Biker Bomber Celebrity KEMBLE,239.99,GBP,Pre-owned - Excellent,,,londonink,GB,,https://www.ebay.co.uk/itm/257402422453?_skw=All+Saints+Leather+Jacket&hash=item3bee6144b5:g:MEgAAeSwxUxo4-xz,,2026-03-12T12:17:32.049108+00:00,All Saints Leather Jacket
ebay,v1|257402228491|0,ALL SAINTS Leather Jacket EXTRA LARGE Mens Black XL Biker Bomber Grail UTILITY,199.99,GBP,Pre-owned - Good,,,londonink,GB,,https://www.ebay.co.uk/itm/257402228491?_skw=All+Saints+Leather+Jacket&hash=item3bee5e4f0b:g:6XcAAOSwa7NnIC1X,,2026-03-12T12:17:32.049114+00:00,All Saints Leather Jacket
ebay,v1|306816927859|0,ALL SAINTS Leather Jacket MEDIUM Mens Black Biker Bomber Punk  KAHO Celebrity M,79.99,GBP,Pre-owned - Excellent,,,jaffacakes123ben,GB,,https://www.ebay.co.uk/itm/306816927859?_skw=All+Saints+Leather+Jacket&hash=item476fb6c873:g:EeEAAeSw3CRoRoWv,,2026-03-12T12:17:32.049128+00:00,All Saints Leather Jacket
ebay,v1|397704048283|0,Mens ALLSAINTS BOLT BIKER JACKET XL 40 42 real leather black soft bomber,229.99,GBP,Pre-owned - Excellent,,,sheba-knows-best,GB,,https://www.ebay.co.uk/itm/397704048283?_skw=All+Saints+Leather+Jacket&hash=item5c99022e9b:g:1sYAAeSwlJNpsohI,,2026-03-12T12:17:32.049133+00:00,All Saints Leather Jacket
ebay,v1|377028065075|0,ALLSAINTS jacket UK 10 cole butter-soft lamb leather biker  -RRP £345,75.00,GBP,Pre-owned - Good,,,amberly_voss,GB,,https://www.ebay.co.uk/itm/377028065075?_skw=All+Saints+Leather+Jacket&hash=item57c89fb733:g:4jAAAOSwJ75kqJHd,,2026-03-12T12:17:32.049138+00:00,All Saints Leather Jacket
ebay,v1|397704958166|0,All Saints Mens MILO Leather Biker Jacket Size XXL Brown,89.99,GBP,Pre-owned - Good,,,demari-9612,GB,,https://www.ebay.co.uk/itm/397704958166?_skw=All+Saints+Leather+Jacket&hash=item5c991010d6:g:rW8AAeSwZYppsr-A,,2026-03-12T13:42:52.276388+00:00,All Saints Leather Jacket
ebay,v1|257402478004|0,ALL SAINTS Leather Jacket Mens EXTRA SMALL Brown Biker Bomber Celebrity CONROY,119.99,GBP,Pre-owned - Good,,,londonink,GB,,https://www.ebay.co.uk/itm/257402478004?_skw=All+Saints+Leather+Jacket&hash=item3bee621db4:g:9pUAAeSwhlppgkod,,2026-03-12T13:42:52.276424+00:00,All Saints Leather Jacket
ebay,v1|257402228483|0,ALL SAINTS Leather Jacket Mens LARGE Black Biker Bomber Celebrity Grail NIKO,259.99,GBP,Pre-owned - Excellent,,,londonink,GB,,https://www.ebay.co.uk/itm/257402228483?_skw=All+Saints+Leather+Jacket&hash=item3bee5e4f03:g:ReAAAeSw0U9pVPz~,,2026-03-12T13:42:52.276434+00:00,All Saints Leather Jacket
ebay,v1|157745460939|0,All Saints Men’s Leather Jacket Size M,156.70,GBP,New with tags,,,lculloty,GB,,https://www.ebay.co.uk/itm/157745460939?_skw=All+Saints+Leather+Jacket&hash=item24ba5cb6cb:g:1FEAAeSwSxxpsrU7,,2026-03-12T13:42:52.276441+00:00,All Saints Leather Jacket
ebay,v1|257402478016|0,ALL SAINTS Leather Jacket Mens EXTRA SMALL Black Biker Bomber Celebrity JASPER,120.00,GBP,Pre-owned - Excellent,,,londonink,GB,,https://www.ebay.co.uk/itm/257402478016?_skw=All+Saints+Leather+Jacket&hash=item3bee621dc0:g:8HUAAOSw1m1oLFTc,,2026-03-12T13:42:52.276448+00:00,All Saints Leather Jacket
ebay,v1|336475721313|0,Allsaints Alkan Sheep Leather Jacket Sz S Boyfriend Wash Black Brown RRP £399,145.00,GBP,New with tags,,,stockunion,GB,,https://www.ebay.co.uk/itm/336475721313?_skw=All+Saints+Leather+Jacket&hash=item4e57840e61:g:wrEAAeSwDXtpgd5B,,2026-03-12T13:42:52.276454+00:00,All Saints Leather Jacket
ebay,v1|257402478019|0,ALL SAINTS Leather Jacket Mens MEDIUM Brown M Biker Bomber Celebrity Grail KINO,129.99,GBP,Pre-owned - Good,,,londonink,GB,,https://www.ebay.co.uk/itm/257402478019?_skw=All+Saints+Leather+Jacket&hash=item3bee621dc3:g:AgUAAOSwvxFoIezs,,2026-03-12T14:43:54.594832+00:00,All Saints Leather Jacket
ebay,v1|257402228485|0,ALL SAINTS Leather Jacket Mens SMALL Black Biker Bomber Celebrity Grail MADDEN,179.99,GBP,Pre-owned - Good,,,londonink,GB,,https://www.ebay.co.uk/itm/257402228485?_skw=All+Saints+Leather+Jacket&hash=item3bee5e4f05:g:UcEAAOSwSjdoJusj,,2026-03-12T14:43:54.615653+00:00,All Saints Leather Jacket
ebay,v1|257402478014|0,ALL SAINTS Leather Jacket Mens MEDIUM Brown Biker Bomber Celebrity Grail ARCHIVE,129.99,GBP,Pre-owned - Good,,,londonink,GB,,https://www.ebay.co.uk/itm/257402478014?_skw=All+Saints+Leather+Jacket&hash=item3bee621dbe:g:LB8AAOSwbtdluWS4,,2026-03-12T14:43:54.615767+00:00,All Saints Leather Jacket
ebay,v1|257402478008|0,ALL SAINTS Leather Jacket Mens SMALL Black Biker Bomber Celebrity Grail CATCH,99.99,GBP,Pre-owned - Excellent,,,londonink,GB,,https://www.ebay.co.uk/itm/257402478008?_skw=All+Saints+Leather+Jacket&hash=item3bee621db8:g:QGsAAOSwZCJl3Rfo,,2026-03-12T15:34:20.099073+00:00,All Saints Leather Jacket
ebay,v1|257402228492|0,ALL SAINTS Suede Leather Jacket XS Mens Tan Biker Bomber Celebrity Grail KEMBLE,189.99,GBP,Pre-owned - Excellent,,,londonink,GB,,https://www.ebay.co.uk/itm/257402228492?_skw=All+Saints+Leather+Jacket&hash=item3bee5e4f0c:g:nkYAAOSwsY9l-teL,,2026-03-12T15:34:20.099148+00:00,All Saints Leather Jacket
ebay,v1|377028834336|0,All Saints Cargo Leather Biker Jacket Washed Black Uk Size Mens Medium,59.99,GBP,Pre-owned - Good,,,salvage-kicks,GB,,https://www.ebay.co.uk/itm/377028834336?_skw=All+Saints+Leather+Jacket&hash=item57c8ab7420:g:AssAAeSwY75pnLEU,,2026-03-12T15:34:20.099158+00:00,All Saints Leather Jacket
ebay,v1|257402478003|0,ALL SAINTS Leather Jacket Mens MEDIUM Grey Biker Bomber Celebrity Grail AKIRA,119.99,GBP,Pre-owned - Good,,,londonink,GB,,https://www.ebay.co.uk/itm/257402478003?_skw=All+Saints+Leather+Jacket&hash=item3bee621db3:g:iHsAAeSwpqJosBaj,,2026-03-12T15:34:20.099168+00:00,All Saints Leather Jacket
ebay,v1|257409673490|0,ALL SAINTS Shearling Leather Jacket Mens XS Black Sheepskin Coat Grail DEKLEY,399.99,GBP,Pre-owned - Excellent,,,londonink,GB,,https://www.ebay.co.uk/itm/257409673490?_skw=All+Saints+Leather+Jacket&hash=item3beecfe912:g:ogkAAOSwW5loIwrO,,2026-03-16T23:23:18.073738+00:00,All Saints Leather Jacket
ebay,v1|117091574180|0,AllSaints Spitalfields Jacks Place Marquez Black Leather Biker Jacket Med,114.99,GBP,Pre-owned - Excellent,,,heritageweft,GB,,https://www.ebay.co.uk/itm/117091574180?_skw=All+Saints+Leather+Jacket&hash=item1b4333a1a4:g:GcAAAeSwOz1pZo8j,,2026-03-16T23:23:18.073803+00:00,All Saints Leather Jacket
ebay,v1|257409673491|0,ALL SAINTS Shearling Leather Jacket Mens SMALL Sheepskin Coat Celebrity RYOTA,399.99,GBP,Pre-owned - Excellent,,,londonink,GB,,https://www.ebay.co.uk/itm/257409673491?_skw=All+Saints+Leather+Jacket&hash=item3beecfe913:g:lAEAAOSwJStoIhiq,,2026-03-16T23:23:18.073811+00:00,All Saints Leather Jacket
ebay,v1|168239102999|0,"Allsaints mens small real leather racer biker jacket,black, excellent condition.",78.70,GBP,Pre-owned - Excellent,,,sg2850,GB,,https://www.ebay.co.uk/itm/168239102999?_skw=All+Saints+Leather+Jacket&hash=item272bd4fc17:g:r6cAAeSwq~1puHbC,,2026-03-16T23:23:18.073817+00:00,All Saints Leather Jacket
ebay,v1|168239091362|0,"Allsaints mens real leather biker jacket, small, sleeves shortened. very good.",68.30,GBP,Pre-owned - Excellent,,,sg2850,GB,,https://www.ebay.co.uk/itm/168239091362?_skw=All+Saints+Leather+Jacket&hash=item272bd4cea2:g:0jcAAeSw3ylpuHWd,,2026-03-16T23:23:18.073822+00:00,All Saints Leather Jacket
ebay,v1|257409673497|0,ALL SAINTS Shearling Leather Jacket Mens SMALL Sheepskin Coat Celebrity HARTLEY,799.99,GBP,Pre-owned - Excellent,,,londonink,GB,,https://www.ebay.co.uk/itm/257409673497?_skw=All+Saints+Leather+Jacket&hash=item3beecfe919:g:t-wAAOSwfDtoIhGN,,2026-03-16T23:23:18.073826+00:00,All Saints Leather Jacket
ebay,v1|257409673487|0,ALL SAINTS Shearling Leather Jacket Mens SMALL Sheepskin Coat Celebrity BRENNAND,499.99,GBP,Pre-owned - Excellent,,,londonink,GB,,https://www.ebay.co.uk/itm/257409673487?_skw=All+Saints+Leather+Jacket&hash=item3beecfe90f:g:tLQAAOSwYVFoIwso,,2026-03-16T23:23:18.073832+00:00,All Saints Leather Jacket
ebay,v1|257409673488|0,ALL SAINTS Leather Shirt Jacket Mens SMALL Black Biker Celebrity Grail AFTERNOON,99.99,GBP,Pre-owned - Excellent,,,londonink,GB,,https://www.ebay.co.uk/itm/257409673488?_skw=All+Saints+Leather+Jacket&hash=item3beecfe910:g:90QAAeSwIkdortMY,,2026-03-16T23:23:18.073837+00:00,All Saints Leather Jacket
ebay,v1|257409673480|0,ALL SAINTS Leather Jacket Mens SMALL Black S Biker Bomber Celebrity Grail MORRIS,269.99,GBP,Pre-owned - Excellent,,,londonink,GB,,https://www.ebay.co.uk/itm/257409673480?_skw=All+Saints+Leather+Jacket&hash=item3beecfe908:g:4O0AAeSwd4NpPDpc,,2026-03-16T23:23:18.073841+00:00,All Saints Leather Jacket
ebay,v1|306825888845|0,BNWT LUXURY MENS ALL SAINTS 100% LEATHER BOMBER COAT JACKET 42R,159.99,GBP,New with tags,,,m-saho-the-designer2,GB,,https://www.ebay.co.uk/itm/306825888845?_skw=All+Saints+Leather+Jacket&hash=item47703f844d:g:xwgAAeSwTkFpuFPg,,2026-03-16T23:23:18.073848+00:00,All Saints Leather Jacket
ebay,v1|257409673494|0,ALL SAINTS Leather Jacket Mens SMALL Black NINO Bomber Celebrity Kino Niko Mower,189.99,GBP,Pre-owned - Good,,,londonink,GB,,https://www.ebay.co.uk/itm/257409673494?_skw=All+Saints+Leather+Jacket&hash=item3beecfe916:g:420AAOSweiloCp~o,,2026-03-16T23:23:18.073854+00:00,All Saints Leather Jacket
ebay,v1|117091333227|0,All Saints Leather Biker Jacket - Medium,89.10,GBP,Pre-owned - Excellent,,,supa-2532,GB,,https://www.ebay.co.uk/itm/117091333227?_skw=All+Saints+Leather+Jacket&hash=item1b432ff46b:g:Y7QAAeSwH4JpuEb9,,2026-03-16T23:23:18.073864+00:00,All Saints Leather Jacket
ebay,v1|257409677514|0,ALL SAINTS Leather Jacket Mens SMALL Black Biker Bomber Celebrity Grail KINO,189.99,GBP,Pre-owned - Excellent,,,londonink,GB,,https://www.ebay.co.uk/itm/257409677514?_skw=All+Saints+Leather+Jacket&hash=item3beecff8ca:g:etcAAOSwikxoJwWU,,2026-03-16T23:23:18.073868+00:00,All Saints Leather Jacket
ebay,v1|257410291204|0,Vintage All Saints Mens Jacket 42 Green Leather Biker Cafe Moto Racer Matrix UK,139.99,GBP,Pre-owned - Good,,,jjclearance,GB,,https://www.ebay.co.uk/itm/257410291204?_skw=All+Saints+Leather+Jacket&hash=item3beed95604:g:DE0AAeSwlJNpuDhn,,2026-03-16T23:23:18.073872+00:00,All Saints Leather Jacket
ebay,v1|257409673495|0,ALL SAINTS Leather Jacket Mens MEDIUM Oxblood Biker Bomber Celebrity CALLERTON,229.99,GBP,Pre-owned - Excellent,,,londonink,GB,,https://www.ebay.co.uk/itm/257409673495?_skw=All+Saints+Leather+Jacket&hash=item3beecfe917:g:dtYAAOSwQrZoJwUL,,2026-03-16T23:23:18.073881+00:00,All Saints Leather Jacket
ebay,v1|257409677507|0,ALL SAINTS Leather Jacket Mens SMALL Black Biker Bomber Celebrity Grail HARWOOD,189.99,GBP,Pre-owned - Excellent,,,londonink,GB,,https://www.ebay.co.uk/itm/257409677507?_skw=All+Saints+Leather+Jacket&hash=item3beecff8c3:g:3G0AAeSwpvJouEEX,,2026-03-16T23:23:18.073885+00:00,All Saints Leather Jacket
ebay,v1|227259336291|526462212935,ALLSAINTS Black Leather Biker Jacket UK L,328.60,GBP,New with tags,,,reliked,GB,,https://www.ebay.co.uk/itm/227259336291?_skw=All+Saints+Leather+Jacket&var=526462212935&hash=item34e9b64663:g:zCsAAeSwAHNpuC89,,2026-03-16T23:23:18.073892+00:00,All Saints Leather Jacket
ebay,v1|287209323408|0,All Saints Conroy Biker Leather Biker Jacket Moto Black Distressed UK 10 EU 38,122.38,GBP,Pre-owned - Good,,,saschu44,GB,,https://www.ebay.co.uk/itm/287209323408?_skw=All+Saints+Leather+Jacket&hash=item42df027b90:g:BfwAAeSweWJn-lXn,,2026-03-16T23:23:18.073896+00:00,All Saints Leather Jacket
ebay,v1|236692315276|0,AllSaints Hadi Leather Biker Jacket UK 10 Zip Cuffs Heavy Buffalo Leather,99.50,GBP,Pre-owned - Excellent,,,bluesd90,GB,,https://www.ebay.co.uk/itm/236692315276?_skw=All+Saints+Leather+Jacket&hash=item371bf61c8c:g:uvUAAeSwlJNpuCvs,,2026-03-16T23:23:18.073905+00:00,All Saints Leather Jacket
ebay,v1|236692308896|0,AllSaints Steine Leather Biker Jacket UK 10 Zip Cuffs Buckle Neck,89.10,GBP,Pre-owned - Excellent,,,bluesd90,GB,,https://www.ebay.co.uk/itm/236692308896?_skw=All+Saints+Leather+Jacket&hash=item371bf603a0:g:0FcAAeSwvwZpuCqW,,2026-03-16T23:23:18.073913+00:00,All Saints Leather Jacket
ebay,v1|257409673481|0,ALL SAINTS Leather Jacket Mens LARGE Grey L Biker Bomber Celebrity Grail RASHI,299.99,GBP,Pre-owned - Excellent,,,londonink,GB,,https://www.ebay.co.uk/itm/257409673481?_skw=All+Saints+Leather+Jacket&hash=item3beecfe909:g:lP4AAeSwsk5o-8Nb,,2026-03-16T23:23:18.073918+00:00,All Saints Leather Jacket
ebay,v1|377039353388|0,RARE VINTAGE ALLSAINTS AW08 REBEL Leather Shirt Jacket/JACKS PLACE/Excellent/M,172.30,GBP,Pre-owned - Excellent,,,estwri-55,GB,,https://www.ebay.co.uk/itm/377039353388?_skw=All+Saints+Leather+Jacket&hash=item57c94bf62c:g:MC8AAeSw82FpuCOf,,2026-03-16T23:23:18.073923+00:00,All Saints Leather Jacket
ebay,v1|257409677510|0,ALL SAINTS Leather Jacket Mens Red Bomber Biker SMALL S Celebrity Oxblood CONROY,219.99,GBP,Pre-owned - Good,,,londonink,GB,,https://www.ebay.co.uk/itm/257409677510?_skw=All+Saints+Leather+Jacket&hash=item3beecff8c6:g:JOQAAOSwviJoHQMU,,2026-03-16T23:23:18.073928+00:00,All Saints Leather Jacket
ebay,v1|257409673484|0,ALL SAINTS Leather Jacket Mens LARGE Grey Biker Bomber Celebrity Grail BOYSON,299.99,GBP,New with tags,,,londonink,GB,,https://www.ebay.co.uk/itm/257409673484?_skw=All+Saints+Leather+Jacket&hash=item3beecfe90c:g:6g8AAOSw69doIh63,,2026-03-16T23:23:18.073934+00:00,All Saints Leather Jacket
ebay,v1|227259146768|0,AllSaints Men’s Italian Leather Bomber Jacket,115.10,GBP,Pre-owned - Excellent,,,akberalialidina,GB,,https://www.ebay.co.uk/itm/227259146768?_skw=All+Saints+Leather+Jacket&hash=item34e9b36210:g:dy0AAeSwxxJpuAzz,,2026-03-16T23:23:18.073939+00:00,All Saints Leather Jacket
ebay,v1|257409677511|0,ALL SAINTS Leather Jacket Mens MEDIUM Blue M Biker Bomber Celebrity Grail WOODS,299.99,GBP,Pre-owned - Excellent,,,londonink,GB,,https://www.ebay.co.uk/itm/257409677511?_skw=All+Saints+Leather+Jacket&hash=item3beecff8c7:g:PUQAAOSwUFpn0G~B,,2026-03-16T23:23:18.073943+00:00,All Saints Leather Jacket
ebay,v1|287208994389|0,AllSaints Taupe Suede Biker Jacket Moto Leather Jacket size Large,95.00,GBP,Pre-owned - Excellent,,,hanalook,GB,,https://www.ebay.co.uk/itm/287208994389?_skw=All+Saints+Leather+Jacket&hash=item42defd7655:g:IrIAAeSwfUJpuATB,,2026-03-16T23:23:18.073955+00:00,All Saints Leather Jacket
ebay,v1|257409673479|0,ALL SAINTS Leather Blazer Jacket Mens XS Suede Celebrity YURA like survey,199.99,GBP,Pre-owned - Good,,,londonink,GB,,https://www.ebay.co.uk/itm/257409673479?_skw=All+Saints+Leather+Jacket&hash=item3beecfe907:g:T~IAAeSw4GhpEbzu,,2026-03-16T23:23:18.073961+00:00,All Saints Leather Jacket
ebay,v1|257409677508|0,ALL SAINTS Leather Jacket Mens MEDIUM Black Biker Bomber Celebrity Grail MISHIMA,159.99,GBP,Pre-owned - Excellent,,,londonink,GB,,https://www.ebay.co.uk/itm/257409677508?_skw=All+Saints+Leather+Jacket&hash=item3beecff8c4:g:Vr8AAOSwXwVoLcdm,,2026-03-16T23:23:18.073969+00:00,All Saints Leather Jacket
ebay,v1|257409677513|0,ALL SAINTS Leather Blazer Jacket Mens XXL Brown Suede SARGENT like Survey 2XL,329.99,GBP,Pre-owned - Good,,,londonink,GB,,https://www.ebay.co.uk/itm/257409677513?_skw=All+Saints+Leather+Jacket&hash=item3beecff8c9:g:b-kAAOSwOB1oIj-H,,2026-03-16T23:23:18.073974+00:00,All Saints Leather Jacket
ebay,v1|397720861541|0,ALL SAINTS Leather Bomber Jacket Mens Grey Biker HAKONIE - Size XL,89.99,GBP,Pre-owned - Excellent,,,demari-9612,GB,,https://www.ebay.co.uk/itm/397720861541?_skw=All+Saints+Leather+Jacket&hash=item5c9a02bb65:g:gKQAAeSw9uxpt-ox,,2026-03-16T23:23:18.073980+00:00,All Saints Leather Jacket
ebay,v1|397720850193|0,ALL SAINTS Men’s Bandon Suede Leather Biker Jacket - Brown - Medium M,79.99,GBP,Pre-owned - Excellent,,,demari-9612,GB,,https://www.ebay.co.uk/itm/397720850193?_skw=All+Saints+Leather+Jacket&hash=item5c9a028f11:g:flMAAeSwpZxpt-lK,,2026-03-16T23:23:18.073987+00:00,All Saints Leather Jacket
ebay,v1|257409811096|0,all saints leather jacket women 10,135.90,GBP,Pre-owned - Good,,,vhun6894,GB,,https://www.ebay.co.uk/itm/257409811096?_skw=All+Saints+Leather+Jacket&hash=item3beed20298:g:RRUAAeSwkXJpt-HH,,2026-03-16T23:23:18.073992+00:00,All Saints Leather Jacket
ebay,v1|306824880013|0,ALLSAINTS POSTNOON LEATHER Jacket - Size Medium- Black - Great Condition - Men’s,69.99,GBP,Pre-owned - Good,,,jaffacakes123ben,GB,,https://www.ebay.co.uk/itm/306824880013?_skw=All+Saints+Leather+Jacket&hash=item4770301f8d:g:I9MAAeSwwnBnrbd2,,2026-03-16T23:23:18.073999+00:00,All Saints Leather Jacket
ebay,v1|198194007340|0,All Saints Mens Leather Jacket Medium Brown Densig Shirt Rock Biker Moto Coat,69.95,GBP,Pre-owned - Excellent,,,eco.elegance,GB,,https://www.ebay.co.uk/itm/198194007340?_skw=All+Saints+Leather+Jacket&hash=item2e25488d2c:g:4X8AAeSwwupomzo-,,2026-03-16T23:23:18.074004+00:00,All Saints Leather Jacket
ebay,v1|306824816990|0,Allsaints Survey Soft Goat Suede Leather Biker Punk Rock Blazer Jacket Size XL,199.99,GBP,Pre-owned - Excellent,,,reloved_planet,GB,,https://www.ebay.co.uk/itm/306824816990?_skw=All+Saints+Leather+Jacket&hash=item47702f295e:g:1uEAAeSwc9xpoAe6,,2026-03-16T23:23:18.074008+00:00,All Saints Leather Jacket
ebay,v1|147206424705|0,Allsaints Men’s 100% Real Leather Jacket In Black Size large,104.70,GBP,Pre-owned - Excellent,,,moormoses12,GB,,https://www.ebay.co.uk/itm/147206424705?_skw=All+Saints+Leather+Jacket&hash=item22462fc881:g:MSQAAeSwvZ5pt10d,,2026-03-16T23:23:18.074013+00:00,All Saints Leather Jacket
ebay,v1|257408119221|0,ALL SAINTS Suede Leather Jacket Mens 2XL Brown XXL Biker Bomber Celebrity KEMBLE,259.99,GBP,Pre-owned - Good,,,londonink,GB,,https://www.ebay.co.uk/itm/257408119221?_skw=All+Saints+Leather+Jacket&hash=item3beeb831b5:g:HHUAAeSwdLRpRBzk,,2026-03-16T23:23:18.074019+00:00,All Saints Leather Jacket
ebay,v1|198192381055|0,"ALLSAINTS DALBY SLIM FIT LEATHER BIKER JACKET. Black, size 14. VGC",156.70,GBP,Pre-owned - Excellent,,,itsallthatjazz,GB,,https://www.ebay.co.uk/itm/198192381055?_skw=All+Saints+Leather+Jacket&hash=item2e252fbc7f:g:CyAAAeSwd59pty1Y,,2026-03-16T23:23:18.074026+00:00,All Saints Leather Jacket
ebay,v1|257408119230|0,ALL SAINTS Suede Leather Blazer Jacket Mens SMALL Grey S Waxed Celebrity SURVEY,279.99,GBP,Pre-owned - Good,,,londonink,GB,,https://www.ebay.co.uk/itm/257408119230?_skw=All+Saints+Leather+Jacket&hash=item3beeb831be:g:vh4AAeSwgPxo~0N7,,2026-03-16T23:23:18.074030+00:00,All Saints Leather Jacket
ebay,v1|389753420566|0,All Saints Men’s Biker Rigg Leather Jacket Size Large,187.90,GBP,New without tags,,,mca-4592,GB,,https://www.ebay.co.uk/itm/389753420566?_skw=All+Saints+Leather+Jacket&hash=item5abf1d3b16:g:2VgAAeSwKO1ptyg8,,2026-03-16T23:23:18.074037+00:00,All Saints Leather Jacket
ebay,v1|257408119224|0,ALL SAINTS Leather Shirt Jacket Mens SMALL Brown S Biker Celebrity Grail EMERY,199.99,GBP,Pre-owned - Excellent,,,londonink,GB,,https://www.ebay.co.uk/itm/257408119224?_skw=All+Saints+Leather+Jacket&hash=item3beeb831b8:g:rYIAAeSwT6hpjjW9,,2026-03-16T23:23:18.074041+00:00,All Saints Leather Jacket
ebay,v1|406770724571|0,AllSaints Men's Black  Spitalfields Habanero Leather Jacket Size S,83.90,GBP,Pre-owned - Good,,,domipa_3351,GB,,https://www.ebay.co.uk/itm/406770724571?_skw=All+Saints+Leather+Jacket&hash=item5eb56caedb:g:IH0AAeSwQvpptyF~,,2026-03-16T23:23:18.074047+00:00,All Saints Leather Jacket
ebay,v1|257408119231|0,ALL SAINTS Leather Shirt Jacket Mens LARGE Black Biker Bomber Celebrity PHANTON,259.99,GBP,Pre-owned - Good,,,londonink,GB,,https://www.ebay.co.uk/itm/257408119231?_skw=All+Saints+Leather+Jacket&hash=item3beeb831bf:g:NN0AAeSwGjBpcqCf,,2026-03-16T23:23:18.074052+00:00,All Saints Leather Jacket
ebay,v1|147206112315|0,ALLSAINTS Cranis Leather Sleeve Hooded Bomber Jacket Oatmeal Full Zip Oversized,20.99,GBP,Pre-owned - Excellent,,,supremebargains2go,GB,,https://www.ebay.co.uk/itm/147206112315?_skw=All+Saints+Leather+Jacket&hash=item22462b043b:g:tscAAeSw5Fxn1dfl,,2026-03-16T23:23:18.074063+00:00,All Saints Leather Jacket
ebay,v1|257408119226|0,ALL SAINTS Leather Jacket Mens XXL Oxblood Red Biker Celebrity Callerton 2XL,399.99,GBP,Pre-owned - Excellent,,,londonink,GB,,https://www.ebay.co.uk/itm/257408119226?_skw=All+Saints+Leather+Jacket&hash=item3beeb831ba:g:gF4AAeSwUW1o4CGF,,2026-03-16T23:23:18.074068+00:00,All Saints Leather Jacket
ebay,v1|147206054604|0,AllSaints Black Women's Biker Leather Jacket Size XS/6,61.80,GBP,Pre-owned - Excellent,,,boybaker30,GB,,https://www.ebay.co.uk/itm/147206054604?_skw=All+Saints+Leather+Jacket&hash=item22462a22cc:g:i9EAAeSwpDhptxCS,,2026-03-16T23:23:18.074074+00:00,All Saints Leather Jacket
ebay,v1|257408119219|0,ALL SAINTS Leather Jacket Mens XS Black EXTRA SMALL Biker Bomber Celebrity KINO,179.99,GBP,Pre-owned - Good,,,londonink,GB,,https://www.ebay.co.uk/itm/257408119219?_skw=All+Saints+Leather+Jacket&hash=item3beeb831b3:g:re0AAeSwjPVpA1H5,,2026-03-16T23:23:18.074079+00:00,All Saints Leather Jacket
ebay,v1|257408119234|0,ALL SAINTS Leather Jacket Mens XL Black EXTRA LARGE Biker Bomber Celebrity KINO,199.99,GBP,Pre-owned - Excellent,,,londonink,GB,,https://www.ebay.co.uk/itm/257408119234?_skw=All+Saints+Leather+Jacket&hash=item3beeb831c2:g:dxkAAOSwsUdmu-qm,,2026-03-16T23:23:18.074086+00:00,All Saints Leather Jacket
ebay,v1|397718179613|0,Y2K AllSaints Karst Rare Smokey Gray Lamb Leather Cropped Military Jacket,195.00,GBP,Pre-owned - Excellent,,,estellash,GB,,https://www.ebay.co.uk/itm/397718179613?_skw=All+Saints+Leather+Jacket&hash=item5c99d9cf1d:g:VasAAeSwR51ptwVc,,2026-03-16T23:23:18.074090+00:00,All Saints Leather Jacket
ebay,v1|397718174660|0,Y2K AllSaints Karst Black Leather Tailcoat Napoleon Victorian Military Jacket,235.00,GBP,Pre-owned - Excellent,,,estellash,GB,,https://www.ebay.co.uk/itm/397718174660?_skw=All+Saints+Leather+Jacket&hash=item5c99d9bbc4:g:J1kAAeSwnCdptwP4,,2026-03-16T23:23:18.074096+00:00,All Saints Leather Jacket
ebay,v1|397718155321|0,AllSaints Ellis Suede Biker Jacket 100% Goat Leather Grey Size UK 10,94.29,GBP,Pre-owned - Excellent,,,lifelong-luxury,GB,,https://www.ebay.co.uk/itm/397718155321?_skw=All+Saints+Leather+Jacket&hash=item5c99d97039:g:QaYAAeSwbQhptwK2,,2026-03-16T23:23:18.074102+00:00,All Saints Leather Jacket
ebay,v1|257408119218|0,ALL SAINTS Leather Jacket Mens Suede 2XL KEMBLE Brown XXL Biker Bomber Celebrity,259.99,GBP,Pre-owned - Excellent,,,londonink,GB,,https://www.ebay.co.uk/itm/257408119218?_skw=All+Saints+Leather+Jacket&hash=item3beeb831b2:g:CxMAAeSw24hpaQ8j,,2026-03-16T23:23:18.074106+00:00,All Saints Leather Jacket
ebay,v1|257408119223|0,ALL SAINTS Leather Jacket Mens MEDIUM Black Biker Bomber Celebrity Grail HAWLEY,299.99,GBP,New with tags,,,londonink,GB,,https://www.ebay.co.uk/itm/257408119223?_skw=All+Saints+Leather+Jacket&hash=item3beeb831b7:g:FFYAAOSwKDdlTUpc,,2026-03-16T23:23:18.074110+00:00,All Saints Leather Jacket
ebay,v1|198191624643|0,AllSaints Sanderson Bomber Jacket Black Sheep Leather Quilted Large,99.95,GBP,Pre-owned - Excellent,,,thethreadhanger,GB,,https://www.ebay.co.uk/itm/198191624643?_skw=All+Saints+Leather+Jacket&hash=item2e252431c3:g:K5kAAeSwfbFptvkF,,2026-03-16T23:23:18.074119+00:00,All Saints Leather Jacket
ebay,v1|257408119220|0,ALL SAINTS Leather Jacket Mens MEDIUM Black Biker Bomber Celebrity Grail BOYTON,259.99,GBP,Pre-owned - Excellent,,,londonink,GB,,https://www.ebay.co.uk/itm/257408119220?_skw=All+Saints+Leather+Jacket&hash=item3beeb831b4:g:0IUAAeSwdeZo0btH,,2026-03-16T23:23:18.074125+00:00,All Saints Leather Jacket
ebay,v1|318009027351|0,"All Saints Black Leather Jacket, Size Medium",94.30,GBP,Pre-owned - Excellent,,,danieevele,GB,,https://www.ebay.co.uk/itm/318009027351?_skw=All+Saints+Leather+Jacket&hash=item4a0ad0ab17:g:~hcAAeSwlvBptu82,,2026-03-16T23:23:18.074129+00:00,All Saints Leather Jacket
ebay,v1|257408059646|0,ALL SAINTS Leather Shirt Jacket Mens SMALL Brown Biker Celebrity Grail PHANTON,189.99,GBP,Pre-owned - Excellent,,,londonink,GB,,https://www.ebay.co.uk/itm/257408059646?_skw=All+Saints+Leather+Jacket&hash=item3beeb748fe:g:CQEAAOSwckVoJvDR,,2026-03-16T23:23:18.074134+00:00,All Saints Leather Jacket
ebay,v1|257408119233|0,ALL SAINTS Leather Jacket Mens MEDIUM Black Biker Bomber Celebrity Grail BLOC,239.99,GBP,Pre-owned - Excellent,,,londonink,GB,,https://www.ebay.co.uk/itm/257408119233?_skw=All+Saints+Leather+Jacket&hash=item3beeb831c1:g:O6EAAOSwtdpoJ3zb,,2026-03-16T23:23:18.074139+00:00,All Saints Leather Jacket
ebay,v1|257408119228|0,ALL SAINTS Leather Jacket Mens MEDIUM Black  Biker Bomber Celebrity Grail NIKO,189.99,GBP,Pre-owned - Good,,,londonink,GB,,https://www.ebay.co.uk/itm/257408119228?_skw=All+Saints+Leather+Jacket&hash=item3beeb831bc:g:PH0AAOSwQY5oKFS2,,2026-03-16T23:23:18.074143+00:00,All Saints Leather Jacket
ebay,v1|389752379282|0,AllSaints Women's Leather Black Balfern Biker Jacket XS UK Size 8 (fit size 6),83.90,GBP,Pre-owned - Good,,,elbol-8173,GB,,https://www.ebay.co.uk/itm/389752379282?_skw=All+Saints+Leather+Jacket&hash=item5abf0d5792:g:bU8AAeSwZX9ptt7-,,2026-03-16T23:23:18.074150+00:00,All Saints Leather Jacket
ebay,v1|117089480151|0,All Saints Brackton Leather Jacket Mens Medium Black Suede Bomber Coat Button,99.95,GBP,Pre-owned - Excellent,,,boldfinds,GB,,https://www.ebay.co.uk/itm/117089480151?_skw=All+Saints+Leather+Jacket&hash=item1b4313add7:g:7R8AAeSwpvJprtXK,,2026-03-16T23:23:18.074155+00:00,All Saints Leather Jacket
ebay,v1|257408059641|0,ALL SAINTS Leather Shirt Jacket Mens MEDIUM Black Biker Western Celebrity ARLINE,199.99,GBP,Pre-owned - Excellent,,,londonink,GB,,https://www.ebay.co.uk/itm/257408059641?_skw=All+Saints+Leather+Jacket&hash=item3beeb748f9:g:iy4AAOSwMTJm8nk9,,2026-03-16T23:23:18.074159+00:00,All Saints Leather Jacket
ebay,v1|298126773560|0,"All Saints , real Leather Bomber Jacket size Small",146.30,GBP,Pre-owned - Excellent,,,bucci80,GB,,https://www.ebay.co.uk/itm/298126773560?_skw=All+Saints+Leather+Jacket&hash=item4569bd8d38:g:HbAAAeSwnExpttsy,,2026-03-16T23:23:18.074164+00:00,All Saints Leather Jacket
ebay,v1|236690098423|0,All Saints Women's Bales Biker Black 100% Lamb Leather Jacket - Size 4 UK,33.07,GBP,Pre-owned - Good,,,everest-clothing,GB,,https://www.ebay.co.uk/itm/236690098423?_skw=All+Saints+Leather+Jacket&hash=item371bd448f7:g:lB4AAeSwOTJpB7nk,,2026-03-16T23:23:18.074171+00:00,All Saints Leather Jacket
ebay,v1|236690088173|0,All Saints Women's Conroy Leather Biker Black Leather Jacket - Size 4 UK,33.07,GBP,Pre-owned - Good,,,everest-clothing,GB,,https://www.ebay.co.uk/itm/236690088173?_skw=All+Saints+Leather+Jacket&hash=item371bd420ed:g:LhsAAeSwPPhpHyR9,,2026-03-16T23:23:18.074177+00:00,All Saints Leather Jacket
ebay,v1|236690088212|0,All Saints Balfern Biker Women's Black Leather Jacket - Size 6 UK,44.89,GBP,Pre-owned - Good,,,everest-clothing,GB,,https://www.ebay.co.uk/itm/236690088212?_skw=All+Saints+Leather+Jacket&hash=item371bd42114:g:q1gAAeSwih9pIs35,,2026-03-16T23:23:18.074184+00:00,All Saints Leather Jacket
ebay,v1|236690088241|0,All Saints Men’s Habanero Leather Jacket Black Biker - XXL,69.81,GBP,Pre-owned - Good,,,everest-clothing,GB,,https://www.ebay.co.uk/itm/236690088241?_skw=All+Saints+Leather+Jacket&hash=item371bd42131:g:dRcAAeSw9ZFpkZWQ,,2026-03-16T23:23:18.074188+00:00,All Saints Leather Jacket
ebay,v1|236690088326|0,All Saints Women's Drew Biker 100% Sheep Leather Black Jacket - Size 8 UK,32.91,GBP,Pre-owned - Good,,,everest-clothing,GB,,https://www.ebay.co.uk/itm/236690088326?_skw=All+Saints+Leather+Jacket&hash=item371bd42186:g:fLUAAeSwwjdpZg8G,,2026-03-16T23:23:18.074195+00:00,All Saints Leather Jacket
ebay,v1|236690088331|0,All Saints Men's Kino Leather Bomber Jacket Brown - Small,45.89,GBP,Pre-owned - Good,,,everest-clothing,GB,,https://www.ebay.co.uk/itm/236690088331?_skw=All+Saints+Leather+Jacket&hash=item371bd4218b:g:j1UAAeSwctdpNA79,,2026-03-16T23:23:18.074204+00:00,All Saints Leather Jacket
ebay,v1|257408059632|0,ALL SAINTS Leather Jacket Mens XL Black EXTRA LARGE Biker Bomber Grail KINO,199.99,GBP,Pre-owned - Excellent,,,londonink,GB,,https://www.ebay.co.uk/itm/257408059632?_skw=All+Saints+Leather+Jacket&hash=item3beeb748f0:g:khEAAeSwGP9o9em4,,2026-03-16T23:23:18.074209+00:00,All Saints Leather Jacket
ebay,v1|188164983362|0,AllSaints Surmise real Leather double layered distressed blazer jacket Size S 36,99.99,GBP,Pre-owned - Good,,,tinasparkle99,GB,,https://www.ebay.co.uk/itm/188164983362?_skw=All+Saints+Leather+Jacket&hash=item2bcf81ca42:g:1-UAAeSwjoxpePvm,,2026-03-16T23:23:18.074213+00:00,All Saints Leather Jacket
ebay,v1|188165006837|0,"Allsaints reversible crinkle real leather suede bomber jacket Size M 38"" chest",34.99,GBP,Pre-owned - Good,,,tinasparkle99,GB,,https://www.ebay.co.uk/itm/188165006837?_skw=All+Saints+Leather+Jacket&hash=item2bcf8225f5:g:PMMAAOSwJpdoRX1W,,2026-03-16T23:23:18.074226+00:00,All Saints Leather Jacket
ebay,v1|257408059640|0,ALL SAINTS Leather Jacket Mens MEDIUM Black Biker Bomber Celebrity CALLAHAN,99.99,GBP,Pre-owned - Excellent,,,londonink,GB,,https://www.ebay.co.uk/itm/257408059640?_skw=All+Saints+Leather+Jacket&hash=item3beeb748f8:g:KwQAAOSwgJllndJ8,,2026-03-16T23:23:18.074232+00:00,All Saints Leather Jacket
ebay,v1|188165053188|0,All Saints Luxury Leather Country Tassel Cowboy Gilet Jacket Brown Festival UK 6,65.18,GBP,Pre-owned - Good,,,sal_-6167,GB,,https://www.ebay.co.uk/itm/188165053188?_skw=All+Saints+Leather+Jacket&hash=item2bcf82db04:g:8qcAAOSwiKFlSNIc,,2026-03-16T23:23:18.074237+00:00,All Saints Leather Jacket
ebay,v1|188164983408|0,Allsaints black distressed cargo biker leather jacket size 8-10,79.99,GBP,Pre-owned - Good,,,tinasparkle99,GB,,https://www.ebay.co.uk/itm/188164983408?_skw=All+Saints+Leather+Jacket&hash=item2bcf81ca70:g:STMAAeSw0tFo-QW5,,2026-03-16T23:23:18.074244+00:00,All Saints Leather Jacket
ebay,v1|188165035769|0,All Saints Zip Leather Bomber Jacket Grey Small Triple Zip Front Collar,69.86,GBP,Pre-owned - Good,,,sal_-6167,GB,,https://www.ebay.co.uk/itm/188165035769?_skw=All+Saints+Leather+Jacket&hash=item2bcf8296f9:g:Bh0AAOSwMXNlSMQM,,2026-03-16T23:23:18.074249+00:00,All Saints Leather Jacket
ebay,v1|277805773321|0,"Allsaints Women’s Black Leather Jacket,size 10.",94.30,GBP,Pre-owned - Excellent,,,n.a.t.oo8,GB,,https://www.ebay.co.uk/itm/277805773321?_skw=All+Saints+Leather+Jacket&hash=item40ae83b209:g:SKoAAeSw7vtptrm6,,2026-03-16T23:23:18.074254+00:00,All Saints Leather Jacket
ebay,v1|327049090394|0,AllSaints Dark Brown Leather Biker Jacket with Zip and Pockets Size M,42.30,GBP,Pre-owned - Good,,,dawid*10,GB,,https://www.ebay.co.uk/itm/327049090394?_skw=All+Saints+Leather+Jacket&hash=item4c25a5155a:g:lwUAAeSw2yNptroP,,2026-03-16T23:23:18.074260+00:00,All Saints Leather Jacket
ebay,v1|257408059637|0,ALL SAINTS Leather Jacket Mens LARGE Black Biker Bomber Celebrity Grail MARLEY,229.99,GBP,Pre-owned - Excellent,,,londonink,GB,,https://www.ebay.co.uk/itm/257408059637?_skw=All+Saints+Leather+Jacket&hash=item3beeb748f5:g:ZosAAOSw5m9oJwSq,,2026-03-16T23:23:18.074270+00:00,All Saints Leather Jacket
ebay,v1|327049006262|0,"SUPERB ALLSAINTS "" LYME "" BLACK LEATHER JACKET - M - EXCELLENT CONDITION rp £399",150.00,GBP,Pre-owned - Excellent,,,the_old_grey_wolf,GB,,https://www.ebay.co.uk/itm/327049006262?_skw=All+Saints+Leather+Jacket&hash=item4c25a3ccb6:g:wYoAAeSwnahptrC6,,2026-03-16T23:23:18.074275+00:00,All Saints Leather Jacket
ebay,v1|177962820552|0,AllSaints Men's Lamb Leather Jacket Medium Size Black New with Tags Biker Bomber,312.70,GBP,New with tags,,,dr.diana_16,GB,,https://www.ebay.co.uk/itm/177962820552?_skw=All+Saints+Leather+Jacket&hash=item296f6923c8:g:9TgAAeSwqd9ptqr8,,2026-03-16T23:23:18.074279+00:00,All Saints Leather Jacket
ebay,v1|257408059631|0,ALL SAINTS Leather Jacket Mens MEDIUM Black Biker Bomber Celebrity Ricky BRETT,259.99,GBP,Pre-owned - Good,,,londonink,GB,,https://www.ebay.co.uk/itm/257408059631?_skw=All+Saints+Leather+Jacket&hash=item3beeb748ef:g:IjsAAeSwlJxpXmWH,,2026-03-16T23:23:18.074287+00:00,All Saints Leather Jacket
ebay,v1|227257396030|0,All Saints  Black Men’s Leather Biker Jacket Cane Large BNWoT,208.69,GBP,New without tags,,,footballclassico,GB,,https://www.ebay.co.uk/itm/227257396030?_skw=All+Saints+Leather+Jacket&hash=item34e998ab3e:g:6A8AAeSwy5lptqRx,,2026-03-16T23:23:18.074293+00:00,All Saints Leather Jacket
ebay,v1|236689621034|0,AllSaints men's distressed black biker leather jacket size medium,187.90,GBP,Pre-owned - Excellent,,,deladale,GB,,https://www.ebay.co.uk/itm/236689621034?_skw=All+Saints+Leather+Jacket&hash=item371bcd002a:g:OnAAAeSw4rpptp11,,2026-03-16T23:23:18.074299+00:00,All Saints Leather Jacket
ebay,v1|306823275342|0,Vintage AllSaints Brown Leather Jacket Distressed Style Men’s Medium 40 Chest,70.00,GBP,Pre-owned - Good,,,aceeadie,GB,,https://www.ebay.co.uk/itm/306823275342?_skw=All+Saints+Leather+Jacket&hash=item477017a34e:g:m6EAAeSwnCdptpsY,,2026-03-16T23:23:18.074303+00:00,All Saints Leather Jacket
ebay,v1|257408059644|0,ALL SAINTS Leather Jacket Mens MEDIUM Black Biker Bomber Celebrity Grail BOYSON,99.99,GBP,Pre-owned - Good,,,londonink,GB,,https://www.ebay.co.uk/itm/257408059644?_skw=All+Saints+Leather+Jacket&hash=item3beeb748fc:g:R9sAAOSwjMJoJvj2,,2026-03-16T23:23:18.074306+00:00,All Saints Leather Jacket
ebay,v1|327048783841|0,AllSaints Diverse Leather Jacket Peacoat Biker Mens Size S Small Sherpa Collar,110.00,GBP,Pre-owned - Excellent,,,aw_mc77,GB,,https://www.ebay.co.uk/itm/327048783841?_skw=All+Saints+Leather+Jacket&hash=item4c25a067e1:g:V4gAAeSwF85pGcc7,,2026-03-16T23:23:18.074310+00:00,All Saints Leather Jacket
ebay,v1|257408059628|0,ALL SAINTS Leather Blazer Jacket Mens XS Suede Celebrity Grail NOLAN like survey,229.99,GBP,Pre-owned - Good,,,londonink,GB,,https://www.ebay.co.uk/itm/257408059628?_skw=All+Saints+Leather+Jacket&hash=item3beeb748ec:g:zuIAAeSwOcppXTLm,,2026-03-16T23:23:18.074313+00:00,All Saints Leather Jacket
ebay,v1|206139877170|0,Allsaints Mens Leather Jacket Biker Black Bomber Cafe Racer Rider Punk Sz L,108.09,GBP,Pre-owned - Excellent,,,soem2,GB,,https://www.ebay.co.uk/itm/206139877170?_skw=All+Saints+Leather+Jacket&hash=item2ffee4e732:g:faUAAeSwGyxo7loF,,2026-03-16T23:23:18.074319+00:00,All Saints Leather Jacket
ebay,v1|127744755686|0,All Saints Soft Leather Biker Jacket Black - UK 8 EU 36 US 4,75.00,GBP,Pre-owned - Good,,,bella-willow3,GB,,https://www.ebay.co.uk/itm/127744755686?_skw=All+Saints+Leather+Jacket&hash=item1dbe2e47e6:g:zvcAAeSw3B5pWq-1,,2026-03-16T23:23:18.074328+00:00,All Saints Leather Jacket
ebay,v1|127744746554|0,AllSaints Women's Leather Dalby Biker Jacket - Black - Super Soft! Size 6,73.50,GBP,Pre-owned - Good,,,kimbo8195uk,GB,,https://www.ebay.co.uk/itm/127744746554?_skw=All+Saints+Leather+Jacket&hash=item1dbe2e243a:g:hZwAAeSwbodptmpi,,2026-03-16T23:23:18.074333+00:00,All Saints Leather Jacket
ebay,v1|298125126683|0,AllSaints Women's Leather Biker Jacket Size UK 6 / US 2 / EU 34,125.50,GBP,Pre-owned - Excellent,,,louk291,GB,,https://www.ebay.co.uk/itm/298125126683?_skw=All+Saints+Leather+Jacket&hash=item4569a46c1b:g:QyIAAeSwmUtptjt0,,2026-03-16T23:23:18.074341+00:00,All Saints Leather Jacket
ebay,v1|257406248505|0,ALL SAINTS Suede Leather Jacket Mens SMALL Grey Biker Bomber Celebrity RIGG,99.99,GBP,Pre-owned - Good,,,londonink,GB,,https://www.ebay.co.uk/itm/257406248505?_skw=All+Saints+Leather+Jacket&hash=item3bee9ba639:g:fIkAAeSwdwxojgPQ,,2026-03-16T23:23:18.074346+00:00,All Saints Leather Jacket
ebay,v1|257406248511|0,ALL SAINTS Suede Leather Jacket Mens EXTRA SMALL Tan Biker Bomber Celebrity COLT,99.99,GBP,Pre-owned - Good,,,londonink,GB,,https://www.ebay.co.uk/itm/257406248511?_skw=All+Saints+Leather+Jacket&hash=item3bee9ba63f:g:NT4AAOSwbutnMeC8,,2026-03-16T23:23:18.074351+00:00,All Saints Leather Jacket
ebay,v1|389748823277|0,All Saints Balfern Leather Jacket Beige Cream Size 8 Real Leather B See Desc,26.69,GBP,Pre-owned - Fair,,,wingsofspeed127,GB,,https://www.ebay.co.uk/itm/389748823277?_skw=All+Saints+Leather+Jacket&hash=item5abed714ed:g:AJQAAeSwwmFpGMIC,,2026-03-16T23:23:18.074355+00:00,All Saints Leather Jacket
ebay,v1|257406248508|0,ALL SAINTS Leather Shirt Jacket Mens XL Black EXTRA LARGE Biker Celebrity CIPHER,99.99,GBP,Pre-owned - Good,,,londonink,GB,,https://www.ebay.co.uk/itm/257406248508?_skw=All+Saints+Leather+Jacket&hash=item3bee9ba63c:g:KLEAAeSw4lZpRTbU,,2026-03-16T23:23:18.074361+00:00,All Saints Leather Jacket
ebay,v1|257406192620|0,ALL SAINTS Leather Shirt Jacket Mens EXTRA SMALL Black Celebrity Grail PHANTON,259.99,GBP,Pre-owned - Excellent,,,londonink,GB,,https://www.ebay.co.uk/itm/257406192620?_skw=All+Saints+Leather+Jacket&hash=item3bee9acbec:g:ieEAAeSwHnVoYl0H,,2026-03-16T23:23:18.074365+00:00,All Saints Leather Jacket
ebay,v1|257406248501|0,ALL SAINTS Leather Shirt Jacket Mens SMALL Black Biker Celebrity Grail POSTNOON,99.99,GBP,Pre-owned - Excellent,,,londonink,GB,,https://www.ebay.co.uk/itm/257406248501?_skw=All+Saints+Leather+Jacket&hash=item3bee9ba635:g:HqwAAeSwE7doybgv,,2026-03-16T23:23:18.074369+00:00,All Saints Leather Jacket
ebay,v1|257406192639|0,ALL SAINTS Leather Jacket Mens SMALL Black S Biker Bomber Celebrity Grail SARLS,259.99,GBP,Pre-owned - Excellent,,,londonink,GB,,https://www.ebay.co.uk/itm/257406192639?_skw=All+Saints+Leather+Jacket&hash=item3bee9acbff:g:g9EAAOSwPcNlnXbw,,2026-03-16T23:23:18.074372+00:00,All Saints Leather Jacket
ebay,v1|257406248510|0,ALL SAINTS Leather Shirt Jacket Mens SMALL Black Biker Bomber Celebrity PHANTON,99.99,GBP,Pre-owned - Fair,,,londonink,GB,,https://www.ebay.co.uk/itm/257406248510?_skw=All+Saints+Leather+Jacket&hash=item3bee9ba63e:g:V6YAAeSwJ3Bow~um,,2026-03-16T23:23:18.074377+00:00,All Saints Leather Jacket
ebay,v1|318004990137|0,AllSaints Men's Leather Biker Jacket - Excellent Condition - Barely Worn Size S,167.09,GBP,Pre-owned - Excellent,,,nortarn0,GB,,https://www.ebay.co.uk/itm/318004990137?_skw=All+Saints+Leather+Jacket&hash=item4a0a9310b9:g:M0wAAeSwnjlptdyK,,2026-03-16T23:23:18.074381+00:00,All Saints Leather Jacket
ebay,v1|257406192646|0,ALL SAINTS Leather Jacket Mens SMALL Black Biker Bomber Celebrity Grail KOSHI,259.99,GBP,Pre-owned - Good,,,londonink,GB,,https://www.ebay.co.uk/itm/257406192646?_skw=All+Saints+Leather+Jacket&hash=item3bee9acc06:g:pl8AAOSwqtZn-XcM,,2026-03-16T23:23:18.074385+00:00,All Saints Leather Jacket
ebay,v1|257406248516|0,ALL SAINTS Leather Shirt Jacket Mens LARGE Black Kravitz Celebrity Grail HOLMES,99.99,GBP,Pre-owned - Excellent,,,londonink,GB,,https://www.ebay.co.uk/itm/257406248516?_skw=All+Saints+Leather+Jacket&hash=item3bee9ba644:g:DFkAAeSwcVRo-Jz1,,2026-03-16T23:23:18.074388+00:00,All Saints Leather Jacket
ebay,v1|257406192621|0,ALL SAINTS Leather Jacket Mens MEDIUM Black M Biker Bomber Celebrity Grail RENZO,259.99,GBP,Pre-owned - Excellent,,,londonink,GB,,https://www.ebay.co.uk/itm/257406192621?_skw=All+Saints+Leather+Jacket&hash=item3bee9acbed:g:dzEAAeSwkoZo0-m4,,2026-03-16T23:23:18.074394+00:00,All Saints Leather Jacket
ebay,v1|257406248509|0,ALL SAINTS Leather Jacket Mens SMALL Sleveless Biker Celebrity Grail VICIOUS,99.99,GBP,Pre-owned - Good,,,londonink,GB,,https://www.ebay.co.uk/itm/257406248509?_skw=All+Saints+Leather+Jacket&hash=item3bee9ba63d:g:qNsAAOSwCOhoIhfT,,2026-03-16T23:23:18.074398+00:00,All Saints Leather Jacket
ebay,v1|257406245643|0,ALL SAINTS Leather Jacket Mens SMALL Suede Blazer Celebrity like survey BALMORRO,199.99,GBP,Pre-owned - Good,,,londonink,GB,,https://www.ebay.co.uk/itm/257406245643?_skw=All+Saints+Leather+Jacket&hash=item3bee9b9b0b:g:MukAAOSwsuJmRm8w,,2026-03-16T23:23:18.074403+00:00,All Saints Leather Jacket
ebay,v1|277803844069|0,AllSaints Elva Olive Green Leather Biker Jacket UK 10 Real Leather Womens,97.95,GBP,Pre-owned - Good,,,pre-loved-again,GB,,https://www.ebay.co.uk/itm/277803844069?_skw=All+Saints+Leather+Jacket&hash=item40ae6641e5:g:F~cAAOSwhUdnXJbe,,2026-03-16T23:23:18.074409+00:00,All Saints Leather Jacket
ebay,v1|267606355583|0,AllSaints Mens MAGNA Leather Biker Jacket MEDIUM Black Bomber All Saints Rock,139.99,GBP,Pre-owned - Fair,,,zecnavda,GB,,https://www.ebay.co.uk/itm/267606355583?_skw=All+Saints+Leather+Jacket&hash=item3e4e94ee7f:g:4L8AAOSw7Bhn0z1w,,2026-03-16T23:23:18.074413+00:00,All Saints Leather Jacket
ebay,v1|267606355581|0,AllSaints Mens RAID Leather Biker Jacket Medium Small Moto All Saints,89.99,GBP,Pre-owned - Good,,,zecnavda,GB,,https://www.ebay.co.uk/itm/267606355581?_skw=All+Saints+Leather+Jacket&hash=item3e4e94ee7d:g:RtkAAOSwS9RmvRlu,,2026-03-16T23:23:18.074420+00:00,All Saints Leather Jacket
ebay,v1|257406192629|0,ALL SAINTS Leather Jacket Mens MEDIUM Black M All saints Bomber Collide Gates,299.99,GBP,Pre-owned - Excellent,,,londonink,GB,,https://www.ebay.co.uk/itm/257406192629?_skw=All+Saints+Leather+Jacket&hash=item3bee9acbf5:g:B9wAAOSwBlxoNMwJ,,2026-03-16T23:23:18.074426+00:00,All Saints Leather Jacket
ebay,v1|257406914026|0,All Saints Mens GARRICK Sheepskin Shearling Bomber Jacket SMALL Leather Aviator,689.99,GBP,Pre-owned - Good,,,zecnavda,GB,,https://www.ebay.co.uk/itm/257406914026?_skw=All+Saints+Leather+Jacket&hash=item3beea5cdea:g:gmsAAeSws09pkK-p,,2026-03-16T23:23:18.074430+00:00,All Saints Leather Jacket
ebay,v1|257406914052|0,All Saints Ladies ESTELLA Leather Biker Jacket UK10 US6 EU38 Bomber B54,199.99,GBP,Pre-owned - Excellent,,,zecnavda,GB,,https://www.ebay.co.uk/itm/257406914052?_skw=All+Saints+Leather+Jacket&hash=item3beea5ce04:g:-TwAAOSw86JmQ8iv,,2026-03-16T23:23:18.074435+00:00,All Saints Leather Jacket
ebay,v1|267606355573|0,All Saints Ladies ELORA Leather Biker Jacket UK10 US6 EU38 Bomber AllSaints B253,199.99,GBP,Pre-owned - Good,,,zecnavda,GB,,https://www.ebay.co.uk/itm/267606355573?_skw=All+Saints+Leather+Jacket&hash=item3e4e94ee75:g:KG0AAOSwRW5nNmX9,,2026-03-16T23:23:18.074440+00:00,All Saints Leather Jacket
ebay,v1|267606355571|0,AllSaints Mens NESTON Leather Blazer Jacket MEDIUM 2 All Saints A3,149.99,GBP,Pre-owned - Good,,,zecnavda,GB,,https://www.ebay.co.uk/itm/267606355571?_skw=All+Saints+Leather+Jacket&hash=item3e4e94ee73:g:JQQAAOSwlypkPDMI,,2026-03-16T23:23:18.074444+00:00,All Saints Leather Jacket
ebay,v1|257406185638|0,ALL SAINTS Leather Shirt Jacket Mens SMALL Black Kravitz Rock Celebrity LORRIMER,199.99,GBP,Pre-owned - Good,,,londonink,GB,,https://www.ebay.co.uk/itm/257406185638?_skw=All+Saints+Leather+Jacket&hash=item3bee9ab0a6:g:oCEAAOSw0MhmBgZp,,2026-03-16T23:23:18.074447+00:00,All Saints Leather Jacket
ebay,v1|257406914020|0,All Saints Mens KESTON Denim Jacket XS Grey Brown Cotton Leather Trucker Biker,149.99,GBP,Pre-owned - Excellent,,,zecnavda,GB,,https://www.ebay.co.uk/itm/257406914020?_skw=All+Saints+Leather+Jacket&hash=item3beea5cde4:g:r70AAeSwGwFowW0P,,2026-03-16T23:23:18.074454+00:00,All Saints Leather Jacket
ebay,v1|257406914057|0,All Saints Mens AKIO Leather Bomber Jacket LARGE Black AllSaints Biker Nubuck,219.99,GBP,Pre-owned - Good,,,zecnavda,GB,,https://www.ebay.co.uk/itm/257406914057?_skw=All+Saints+Leather+Jacket&hash=item3beea5ce09:g:pTYAAeSw4YdonFub,,2026-03-16T23:23:18.074459+00:00,All Saints Leather Jacket
ebay,v1|257406914055|0,AllSaints Mens MURRAY Wool Leather Varsity Bomber Jacket XS Biker All Saints,109.99,GBP,Pre-owned - Good,,,zecnavda,GB,,https://www.ebay.co.uk/itm/257406914055?_skw=All+Saints+Leather+Jacket&hash=item3beea5ce07:g:DtMAAOSwnLVoSdRo,,2026-03-16T23:23:18.074463+00:00,All Saints Leather Jacket
ebay,v1|257406248517|0,ALL SAINTS Leather Jacket Mens SMALL Blue Biker Bomber Celebrity Grail ISHIDA,99.99,GBP,Pre-owned - Good,,,londonink,GB,,https://www.ebay.co.uk/itm/257406248517?_skw=All+Saints+Leather+Jacket&hash=item3bee9ba645:g:BGQAAOSwK7doIgmC,,2026-03-16T23:23:18.074468+00:00,All Saints Leather Jacket
ebay,v1|257406914046|0,All Saints Ladies OXBLOOD Leather Biker Jacket UK12 US8 steine moto A176,179.99,GBP,Pre-owned - Good,,,zecnavda,GB,,https://www.ebay.co.uk/itm/257406914046?_skw=All+Saints+Leather+Jacket&hash=item3beea5cdfe:g:gZwAAOSwA5xlKZ1b,,2026-03-16T23:23:18.074472+00:00,All Saints Leather Jacket
ebay,v1|267606355576|0,All Saints Ladies CROPPED WORLEY Leather Biker Jacket UK12 US8 EU40 A451,119.99,GBP,Pre-owned - Good,,,zecnavda,GB,,https://www.ebay.co.uk/itm/267606355576?_skw=All+Saints+Leather+Jacket&hash=item3e4e94ee78:g:UCAAAOSwoHxl9IJi,,2026-03-16T23:23:18.074476+00:00,All Saints Leather Jacket
ebay,v1|257406245639|0,ALL SAINTS Leather Jacket Mens MEDIUM Black Biker Bomber Celebrity Grail RIO,179.99,GBP,Pre-owned - Good,,,londonink,GB,,https://www.ebay.co.uk/itm/257406245639?_skw=All+Saints+Leather+Jacket&hash=item3bee9b9b07:g:l5EAAeSwH~5o5V2D,,2026-03-16T23:23:18.074480+00:00,All Saints Leather Jacket
ebay,v1|257406914040|0,All Saints Mens NORTHWICK Leather Biker Jacket MEDIUM AllSaints Bomber Moto Rock,199.99,GBP,Pre-owned - Good,,,zecnavda,GB,,https://www.ebay.co.uk/itm/257406914040?_skw=All+Saints+Leather+Jacket&hash=item3beea5cdf8:g:blcAAOSwcbNnWeUq,,2026-03-16T23:23:18.074485+00:00,All Saints Leather Jacket
ebay,v1|257406914018|0,All Saints Ladies Sheepskin BAYARD Jacket UK10 EU38 Aviator Black Leather Suede,219.99,GBP,Pre-owned - Good,,,zecnavda,GB,,https://www.ebay.co.uk/itm/257406914018?_skw=All+Saints+Leather+Jacket&hash=item3beea5cde2:g:u9UAAeSwz~xo6858,,2026-03-16T23:23:18.074489+00:00,All Saints Leather Jacket
ebay,v1|257406192623|0,ALL SAINTS Leather Jacket Mens MEDIUM Black Biker Bomber Celebrity NORTHWICK,249.99,GBP,Pre-owned - Excellent,,,londonink,GB,,https://www.ebay.co.uk/itm/257406192623?_skw=All+Saints+Leather+Jacket&hash=item3bee9acbef:g:gmQAAeSw1LVomwdm,,2026-03-16T23:23:18.074494+00:00,All Saints Leather Jacket
ebay,v1|267606355570|0,AllSaints Ladies JUNO Leather Biker Jacket UK8 US4 EU36 All Saints Bomber,129.99,GBP,Pre-owned - Good,,,zecnavda,GB,,https://www.ebay.co.uk/itm/267606355570?_skw=All+Saints+Leather+Jacket&hash=item3e4e94ee72:g:42YAAOSwzn1jo0g2,,2026-03-16T23:23:18.074504+00:00,All Saints Leather Jacket
ebay,v1|257406914058|0,All Saints Mens CONTACT Camouflage Leather Shirt Jacket MEDIUM Moto Biker A173,89.99,GBP,Pre-owned - Good,,,zecnavda,GB,,https://www.ebay.co.uk/itm/257406914058?_skw=All+Saints+Leather+Jacket&hash=item3beea5ce0a:g:1wcAAOSw2TVlKvwA,,2026-03-16T23:23:18.074508+00:00,All Saints Leather Jacket
ebay,v1|257406914028|0,AllSaints Mens EADRIC Suede Jacket Biker Brown LARGE All Saints Leather Bomber,139.99,GBP,Pre-owned - Fair,,,zecnavda,GB,,https://www.ebay.co.uk/itm/257406914028?_skw=All+Saints+Leather+Jacket&hash=item3beea5cdec:g:8dsAAeSw8IZpFgh-,,2026-03-16T23:23:18.074514+00:00,All Saints Leather Jacket
ebay,v1|257406914031|0,All Saints Ladies BALFERN Leather Biker Jacket UK14 US10 EU42 Blue Grey Bomber,209.99,GBP,Pre-owned - Excellent,,,zecnavda,GB,,https://www.ebay.co.uk/itm/257406914031?_skw=All+Saints+Leather+Jacket&hash=item3beea5cdef:g:hkYAAeSw4VNpPvlL,,2026-03-16T23:23:18.074517+00:00,All Saints Leather Jacket
ebay,v1|257406185636|0,ALL SAINTS Leather Jacket Mens SMALL Black Biker Bomber Celebrity Grail KOLTON,99.99,GBP,Pre-owned - Good,,,londonink,GB,,https://www.ebay.co.uk/itm/257406185636?_skw=All+Saints+Leather+Jacket&hash=item3bee9ab0a4:g:Iv4AAeSw8-FopI2W,,2026-03-16T23:23:18.074522+00:00,All Saints Leather Jacket
ebay,v1|267606355574|0,All Saints Mens KEMBLE Suede Bomber Jacket XL Grey Biker Leather EXTRA LARGE,159.99,GBP,Pre-owned - Fair,,,zecnavda,GB,,https://www.ebay.co.uk/itm/267606355574?_skw=All+Saints+Leather+Jacket&hash=item3e4e94ee76:g:4d8AAeSwDwpo696o,,2026-03-16T23:23:18.074528+00:00,All Saints Leather Jacket
ebay,v1|257406914051|0,All Saints Mens CANE Leather Biker Jacket SMALL Bomber Moto Vintage A466,179.99,GBP,Pre-owned - Excellent,,,zecnavda,GB,,https://www.ebay.co.uk/itm/257406914051?_skw=All+Saints+Leather+Jacket&hash=item3beea5ce03:g:9HAAAOSwknhl9H2m,,2026-03-16T23:23:18.074532+00:00,All Saints Leather Jacket
ebay,v1|257406914024|0,All Saints Ladies ASTRAL TASSEL Leather Jacket UK8 EU36 US4 Black Suede Biker,229.99,GBP,Pre-owned - Excellent,,,zecnavda,GB,,https://www.ebay.co.uk/itm/257406914024?_skw=All+Saints+Leather+Jacket&hash=item3beea5cde8:g:6ykAAeSwJshpPvRl,,2026-03-16T23:23:18.074537+00:00,All Saints Leather Jacket
ebay,v1|257406248514|0,ALL SAINTS Leather Jacket Mens SMALL Blue Biker Bomber Celebrity Grail ISHIDA,99.99,GBP,Pre-owned - Fair,,,londonink,GB,,https://www.ebay.co.uk/itm/257406248514?_skw=All+Saints+Leather+Jacket&hash=item3bee9ba642:g:IncAAOSwWwNoXWok,,2026-03-16T23:23:18.074540+00:00,All Saints Leather Jacket
ebay,v1|257406914043|0,AllSaints Mens Quilted DROUGHT Leather Biker Jacket MEDIUM Moto All Saints,189.99,GBP,Pre-owned - Good,,,zecnavda,GB,,https://www.ebay.co.uk/itm/257406914043?_skw=All+Saints+Leather+Jacket&hash=item3beea5cdfb:g:5R8AAOSwCdNkGh6n,,2026-03-16T23:23:18.074544+00:00,All Saints Leather Jacket
ebay,v1|257406960968|0,"All Saints Mens GARRICK Sheepskin Jacket Black , Shearling Bomber Leather Medium",620.00,GBP,New without tags,,,joyem55,GB,,https://www.ebay.co.uk/itm/257406960968?_skw=All+Saints+Leather+Jacket&hash=item3beea68548:g:HKcAAeSwUoRptaY7,,2026-03-16T23:23:18.074548+00:00,All Saints Leather Jacket
ebay,v1|257406914049|0,All Saints Mens OSLO Suede Shirt Jacket SMALL Leather Rock Biker AllSaints B250,159.99,GBP,Pre-owned - Fair,,,zecnavda,GB,,https://www.ebay.co.uk/itm/257406914049?_skw=All+Saints+Leather+Jacket&hash=item3beea5ce01:g:LREAAOSwKa9nORYe,,2026-03-16T23:23:18.074553+00:00,All Saints Leather Jacket
ebay,v1|257406914036|0,AllSaints Mens DRURY Leather Biker Jacket SMALL Camouflage Bomber All Saints,149.99,GBP,New with tags,,,zecnavda,GB,,https://www.ebay.co.uk/itm/257406914036?_skw=All+Saints+Leather+Jacket&hash=item3beea5cdf4:g:w2UAAOSw0GdoL3bS,,2026-03-16T23:23:18.074558+00:00,All Saints Leather Jacket
ebay,v1|257406245646|0,ALL SAINTS Leather Jacket Mens MEDIUM Black Biker Bomber Celebrity Grail ABBOT,99.99,GBP,Pre-owned - Good,,,londonink,GB,,https://www.ebay.co.uk/itm/257406245646?_skw=All+Saints+Leather+Jacket&hash=item3bee9b9b0e:g:8UsAAOSwNctoJu0d,,2026-03-16T23:23:18.074562+00:00,All Saints Leather Jacket
ebay,v1|267606355568|0,All Saints HALE Leather Biker Jacket Black XS Mens Allsaints Moto Bomber,149.99,GBP,Pre-owned - Good,,,zecnavda,GB,,https://www.ebay.co.uk/itm/267606355568?_skw=All+Saints+Leather+Jacket&hash=item3e4e94ee70:g:magAAeSwIBhowWkj,,2026-03-16T23:23:18.074567+00:00,All Saints Leather Jacket
ebay,v1|257406192642|0,ALL SAINTS Leather Jacket Mens MEDIUM Black Biker Bomber Celebrity Grail WICK,199.99,GBP,Pre-owned - Excellent,,,londonink,GB,,https://www.ebay.co.uk/itm/257406192642?_skw=All+Saints+Leather+Jacket&hash=item3bee9acc02:g:33wAAeSwJPFortbm,,2026-03-16T23:23:18.074571+00:00,All Saints Leather Jacket
ebay,v1|257406185642|0,ALL SAINTS Leather Jacket Mens SMALL Black Biker Bomber Celebrity Grail KINO,189.99,GBP,Pre-owned - Good,,,londonink,GB,,https://www.ebay.co.uk/itm/257406185642?_skw=All+Saints+Leather+Jacket&hash=item3bee9ab0aa:g:P4cAAOSw89Fn4~pX,,2026-03-16T23:23:18.074583+00:00,All Saints Leather Jacket
ebay,v1|117087794904|0,Allsaints Draft Bomber Jacket Mens Medium Navy Wool Leather Sleeve Varsity,99.95,GBP,Pre-owned - Excellent,,,boldfinds,GB,,https://www.ebay.co.uk/itm/117087794904?_skw=All+Saints+Leather+Jacket&hash=item1b42f9f6d8:g:I6AAAeSw3ylpruW-,,2026-03-16T23:23:18.074587+00:00,All Saints Leather Jacket
ebay,v1|117087794906|0,Allsaints Bryce Bomber Jacket Size Medium Beige Lightweight Leather Cotton Biker,89.95,GBP,Pre-owned - Excellent,,,boldfinds,GB,,https://www.ebay.co.uk/itm/117087794906?_skw=All+Saints+Leather+Jacket&hash=item1b42f9f6da:g:snoAAeSwSn9pruin,,2026-03-16T23:23:18.074591+00:00,All Saints Leather Jacket
ebay,v1|157753802903|0,All Saints Niko Leather Bomber Jacket ..Mint.. Large,146.30,GBP,Pre-owned - Excellent,,,alansafireblade,GB,,https://www.ebay.co.uk/itm/157753802903?_skw=All+Saints+Leather+Jacket&hash=item24badc0097:g:P2gAAeSwfJZptZZX,,2026-03-16T23:23:18.074595+00:00,All Saints Leather Jacket
ebay,v1|318004045262|0,Allsaints Oxblood Leather Bomber Jacket Men's Size Medium Excellent Condition,94.30,GBP,Pre-owned - Excellent,,,danieevele,GB,,https://www.ebay.co.uk/itm/318004045262?_skw=All+Saints+Leather+Jacket&hash=item4a0a84a5ce:g:EwUAAeSwUztptZfd,,2026-03-16T23:23:18.074610+00:00,All Saints Leather Jacket
ebay,v1|257406248515|0,ALL SAINTS Leather Jacket Mens SMALL Black S Biker Bomber Celebrity CALLAHAN,99.99,GBP,Pre-owned - Excellent,,,londonink,GB,,https://www.ebay.co.uk/itm/257406248515?_skw=All+Saints+Leather+Jacket&hash=item3bee9ba643:g:JfoAAOSw-clnrmK2,,2026-03-16T23:23:18.074615+00:00,All Saints Leather Jacket
ebay,v1|257406245638|0,ALL SAINTS Leather Jacket Mens EXTRA SMALL Black XS Biker Bomber Celebrity MILO,219.99,GBP,Pre-owned - Good,,,londonink,GB,,https://www.ebay.co.uk/itm/257406245638?_skw=All+Saints+Leather+Jacket&hash=item3bee9b9b06:g:UX0AAeSwC1dowCxP,,2026-03-16T23:23:18.074619+00:00,All Saints Leather Jacket
ebay,v1|257406192622|0,ALL SAINTS Leather Jacket Mens LARGE Black Biker Bomber Celebrity Grail RIGG,229.99,GBP,Pre-owned - Excellent,,,londonink,GB,,https://www.ebay.co.uk/itm/257406192622?_skw=All+Saints+Leather+Jacket&hash=item3bee9acbee:g:OxUAAeSwPh9oyato,,2026-03-16T23:23:18.074623+00:00,All Saints Leather Jacket
ebay,v1|257406185635|0,ALL SAINTS Leather Jacket Mens SMALL Black Biker Bomber Celebrity Grail CANE,199.99,GBP,Pre-owned - Excellent,,,londonink,GB,,https://www.ebay.co.uk/itm/257406185635?_skw=All+Saints+Leather+Jacket&hash=item3bee9ab0a3:g:ZyUAAeSwcPholLlF,,2026-03-16T23:23:18.074627+00:00,All Saints Leather Jacket
ebay,v1|257406248513|0,ALL SAINTS Leather Jacket Mens SMALL Biker Bomber Celebrity Grail STONES,99.99,GBP,Pre-owned - Good,,,londonink,GB,,https://www.ebay.co.uk/itm/257406248513?_skw=All+Saints+Leather+Jacket&hash=item3bee9ba641:g:qicAAOSwD6Bm3zpz,,2026-03-16T23:23:18.074637+00:00,All Saints Leather Jacket
ebay,v1|397713947691|0,ALL SAINTS Leather Bomber Jacket Black NIKO Biker - Men’s M Medium,104.99,GBP,Pre-owned - Excellent,,,demari-9612,GB,,https://www.ebay.co.uk/itm/397713947691?_skw=All+Saints+Leather+Jacket&hash=item5c99993c2b:g:gT0AAeSwt4xptYHM,,2026-03-16T23:23:18.074642+00:00,All Saints Leather Jacket
ebay,v1|257406245641|0,ALL SAINTS Leather Jacket Mens EXTRA LARGE Black XL Biker Bomber Celebrity RIGG,299.99,GBP,Pre-owned - Excellent,,,londonink,GB,,https://www.ebay.co.uk/itm/257406245641?_skw=All+Saints+Leather+Jacket&hash=item3bee9b9b09:g:ztEAAeSwRn1okgZ7,,2026-03-16T23:23:18.074645+00:00,All Saints Leather Jacket
ebay,v1|257406192633|0,ALL SAINTS Leather Jacket Mens LARGE Black Biker Bomber Celebrity Grail KODEY,249.99,GBP,Pre-owned - Excellent,,,londonink,GB,,https://www.ebay.co.uk/itm/257406192633?_skw=All+Saints+Leather+Jacket&hash=item3bee9acbf9:g:uVoAAOSw0YFlqp-k,,2026-03-16T23:23:18.074649+00:00,All Saints Leather Jacket
ebay,v1|257406706724|0,ALL SAINTS Leather Shirt Jacket Mens EXTRA LARGE Black Biker Celebrity PHANTON,299.99,GBP,Pre-owned - Good,,,londonink,GB,,https://www.ebay.co.uk/itm/257406706724?_skw=All+Saints+Leather+Jacket&hash=item3beea2a424:g:5ngAAeSw3RNptXb7,,2026-03-16T23:23:18.074653+00:00,All Saints Leather Jacket
ebay,v1|257406692548|0,ALL SAINTS Waver Leather Blazer Jacket Mens MEDIUM Brown Distressed Celebrity M,239.99,GBP,Pre-owned - Good,,,londonink,GB,,https://www.ebay.co.uk/itm/257406692548?_skw=All+Saints+Leather+Jacket&hash=item3beea26cc4:g:zjAAAeSw-RRptXVl,,2026-03-16T23:23:18.074657+00:00,All Saints Leather Jacket
ebay,v1|257406185639|0,ALL SAINTS Leather Jacket Mens SMALL Black Biker Bomber Celebrity CHARTER,199.99,GBP,Pre-owned - Excellent,,,londonink,GB,,https://www.ebay.co.uk/itm/257406185639?_skw=All+Saints+Leather+Jacket&hash=item3bee9ab0a7:g:gooAAOSwjjJnvfpt,,2026-03-16T23:23:18.074662+00:00,All Saints Leather Jacket
ebay,v1|206137587013|0,All Saints Black Leather Biker Jacket Size 8 VGC,47.50,GBP,Pre-owned - Excellent,,,sammyyoga,GB,,https://www.ebay.co.uk/itm/206137587013?_skw=All+Saints+Leather+Jacket&hash=item2ffec1f545:g:XSUAAeSww5NptXLm,,2026-03-16T23:23:18.074665+00:00,All Saints Leather Jacket
ebay,v1|287203515365|0,All Saints Milo Faux Leather Mens XL Biker Jacket Black Motorcycle,99.72,GBP,Pre-owned - Excellent,,,shoedoyoulove,GB,,https://www.ebay.co.uk/itm/287203515365?_skw=All+Saints+Leather+Jacket&hash=item42dea9dbe5:g:kLQAAeSw~ZZptWyF,,2026-03-16T23:23:18.074670+00:00,All Saints Leather Jacket
ebay,v1|257406674078|0,ALL SAINTS Leather Jacket Mens SMALL Black Biker Bomber Motorcycle Grail CORA,249.99,GBP,Pre-owned - Excellent,,,londonink,GB,,https://www.ebay.co.uk/itm/257406674078?_skw=All+Saints+Leather+Jacket&hash=item3beea2249e:g:AzsAAeSwUztptXF1,,2026-03-16T23:23:18.074674+00:00,All Saints Leather Jacket
ebay,v1|257406248520|0,ALL SAINTS Leather Jacket Mens MEDIUM Brown Biker Bomber Celebrity Grail ROWLEY,79.99,GBP,Pre-owned - Excellent,,,londonink,GB,,https://www.ebay.co.uk/itm/257406248520?_skw=All+Saints+Leather+Jacket&hash=item3bee9ba648:g:vvEAAOSw07hoJvBF,,2026-03-16T23:23:18.074678+00:00,All Saints Leather Jacket
ebay,v1|336480333816|0,Allsaints Alkan Sheep Leather Jacket Sz M Boyfriend Wash Black Brown RRP £399,140.00,GBP,New with tags,,,stockunion,GB,,https://www.ebay.co.uk/itm/336480333816?_skw=All+Saints+Leather+Jacket&hash=item4e57ca6ff8:g:jNQAAeSwwwtpgeeQ,,2026-03-16T23:23:18.074681+00:00,All Saints Leather Jacket
ebay,v1|257406245645|0,ALL SAINTS Leather Jacket Mens EXTRA LARGE Black Biker Bomber Celebrity CALLAHAN,249.99,GBP,Pre-owned - Excellent,,,londonink,GB,,https://www.ebay.co.uk/itm/257406245645?_skw=All+Saints+Leather+Jacket&hash=item3bee9b9b0d:g:jgUAAOSwMglnIpsv,,2026-03-16T23:23:18.074685+00:00,All Saints Leather Jacket
ebay,v1|257406192637|0,ALL SAINTS Leather Jacket Mens EXTRA SMALL Black XS Biker Bomber Celebrity SARLS,269.99,GBP,Pre-owned - Excellent,,,londonink,GB,,https://www.ebay.co.uk/itm/257406192637?_skw=All+Saints+Leather+Jacket&hash=item3bee9acbfd:g:VnUAAOSwk4dm1abX,,2026-03-16T23:23:18.074690+00:00,All Saints Leather Jacket
ebay,v1|287203413252|0,Allsaints Black Elva Sheep leather Biker Jacket Uk8,83.90,GBP,Pre-owned - Excellent,,,doradu0_0,GB,,https://www.ebay.co.uk/itm/287203413252?_skw=All+Saints+Leather+Jacket&hash=item42dea84d04:g:P~AAAeSww-VptWWu,,2026-03-16T23:23:18.074694+00:00,All Saints Leather Jacket
ebay,v1|257406185647|0,ALL SAINTS Leather Jacket Mens MEDIUM Red M Biker Bomber Celebrity Grail CONROY,219.99,GBP,Pre-owned - Excellent,,,londonink,GB,,https://www.ebay.co.uk/itm/257406185647?_skw=All+Saints+Leather+Jacket&hash=item3bee9ab0af:g:iQUAAeSws1Bo52Zy,,2026-03-16T23:23:18.074697+00:00,All Saints Leather Jacket
ebay,v1|257406248518|0,ALL SAINTS Leather Jacket Mens MEDIUM Black M Biker Bomber Celebrity REIMER,99.99,GBP,Pre-owned - Good,,,londonink,GB,,https://www.ebay.co.uk/itm/257406248518?_skw=All+Saints+Leather+Jacket&hash=item3bee9ba646:g:RFEAAOSwx4toLFiF,,2026-03-16T23:23:18.074700+00:00,All Saints Leather Jacket
ebay,v1|257406245640|0,ALL SAINTS Leather Blazer Jacket Mens SMALL Grey Waxed Celebrity Grail SURVEY,259.99,GBP,Pre-owned - Good,,,londonink,GB,,https://www.ebay.co.uk/itm/257406245640?_skw=All+Saints+Leather+Jacket&hash=item3bee9b9b08:g:NEkAAeSwYV9pMf5M,,2026-03-16T23:23:18.074704+00:00,All Saints Leather Jacket
ebay,v1|257406192640|0,ALL SAINTS Leather Jacket Mens EXTRA SMALL Black Biker Bomber Celebrity ESTELLO,259.99,GBP,Pre-owned - Good,,,londonink,GB,,https://www.ebay.co.uk/itm/257406192640?_skw=All+Saints+Leather+Jacket&hash=item3bee9acc00:g:cNkAAeSwA1BpRW2v,,2026-03-16T23:23:18.074708+00:00,All Saints Leather Jacket
ebay,v1|257406185643|0,ALL SAINTS Leather Jacket Mens MEDIUM Brown Biker Bomber Celebrity Grail BOYTON,259.99,GBP,Pre-owned - Good,,,londonink,GB,,https://www.ebay.co.uk/itm/257406185643?_skw=All+Saints+Leather+Jacket&hash=item3bee9ab0ab:g:WIgAAOSw9z9oXHCa,,2026-03-16T23:23:18.074712+00:00,All Saints Leather Jacket
ebay,v1|147203797399|0,mens all saints leather jacket,78.70,GBP,Pre-owned - Good,,,pat2-826,GB,,https://www.ebay.co.uk/itm/147203797399?_skw=All+Saints+Leather+Jacket&hash=item224607b197:g:qLEAAeSwMotptUwx,,2026-03-16T23:23:18.074716+00:00,All Saints Leather Jacket
ebay,v1|257406248503|0,ALL SAINTS Leather Jacket Mens MEDIUM Black Biker Bomber Celebrity Grail BOLT,99.99,GBP,Pre-owned - Good,,,londonink,GB,,https://www.ebay.co.uk/itm/257406248503?_skw=All+Saints+Leather+Jacket&hash=item3bee9ba637:g:n5kAAeSwp7lpVQwX,,2026-03-16T23:23:18.074720+00:00,All Saints Leather Jacket
ebay,v1|287203147300|0,All Saints Rowley Leather Jacket Mens Charcoal Black Medium Biker Motorcycle Vgc,89.72,GBP,Pre-owned - Excellent,,,shoedoyoulove,GB,,https://www.ebay.co.uk/itm/287203147300?_skw=All+Saints+Leather+Jacket&hash=item42dea43e24:g:DC4AAeSwMWJptJRu,,2026-03-16T23:23:18.074723+00:00,All Saints Leather Jacket
ebay,v1|257406192634|0,ALL SAINTS Leather Jacket Mens EXTRA LARGE Black XL Biker Bomber Celebrity DREN,279.99,GBP,Pre-owned - Excellent,,,londonink,GB,,https://www.ebay.co.uk/itm/257406192634?_skw=All+Saints+Leather+Jacket&hash=item3bee9acbfa:g:KpsAAOSwvGBoJvXj,,2026-03-16T23:23:18.074727+00:00,All Saints Leather Jacket
ebay,v1|257406185632|0,ALL SAINTS Leather Jacket Mens MEDIUM Black Biker Bomber Celebrity Grail MAYA,99.99,GBP,Pre-owned - Good,,,londonink,GB,,https://www.ebay.co.uk/itm/257406185632?_skw=All+Saints+Leather+Jacket&hash=item3bee9ab0a0:g:cJsAAeSw~qRof~Ep,,2026-03-16T23:23:18.074730+00:00,All Saints Leather Jacket
ebay,v1|257406248506|0,ALL SAINTS Leather Jacket Mens LARGE Black Biker Bomber Celebrity Grail DORSET,99.99,GBP,Pre-owned - Good,,,londonink,GB,,https://www.ebay.co.uk/itm/257406248506?_skw=All+Saints+Leather+Jacket&hash=item3bee9ba63a:g:5gIAAeSwr4po6IvZ,,2026-03-16T23:23:18.074734+00:00,All Saints Leather Jacket
ebay,v1|257406192625|0,ALL SAINTS Leather Jacket Mens EXTRA LARGE Biker Bomber Celebrity Grail MISHIMA,249.99,GBP,Pre-owned - Excellent,,,londonink,GB,,https://www.ebay.co.uk/itm/257406192625?_skw=All+Saints+Leather+Jacket&hash=item3bee9acbf1:g:o00AAOSwJxFmcER8,,2026-03-16T23:23:18.074737+00:00,All Saints Leather Jacket
ebay,v1|257406185644|0,ALL SAINTS Leather Jacket Mens LARGE Black Biker Bomber Celebrity Grail WICK,249.99,GBP,Pre-owned - Excellent,,,londonink,GB,,https://www.ebay.co.uk/itm/257406185644?_skw=All+Saints+Leather+Jacket&hash=item3bee9ab0ac:g:DGMAAOSwq2poJu6-,,2026-03-16T23:23:18.074740+00:00,All Saints Leather Jacket
ebay,v1|287202984737|0,All Saints Leather Jacket Size 12 Blush New,50.10,GBP,New without tags,,,lsy2042,GB,,https://www.ebay.co.uk/itm/287202984737?_skw=All+Saints+Leather+Jacket&hash=item42dea1c321:g:QpUAAeSwtqRptTMs,,2026-03-16T23:23:18.074744+00:00,All Saints Leather Jacket
ebay,v1|257406248502|0,ALL SAINTS Leather Jacket Mens EXTRA LARGE Black Biker Bomber Celebrity STONES,99.99,GBP,Pre-owned - Good,,,londonink,GB,,https://www.ebay.co.uk/itm/257406248502?_skw=All+Saints+Leather+Jacket&hash=item3bee9ba636:g:6~oAAeSwMCVpXTRp,,2026-03-16T23:23:18.074748+00:00,All Saints Leather Jacket
ebay,v1|257406192624|0,ALL SAINTS Leather Blazer Jacket Mens MEDIUM  Waxed Suede Double Layer SURVEY,229.99,GBP,Pre-owned - Good,,,londonink,GB,,https://www.ebay.co.uk/itm/257406192624?_skw=All+Saints+Leather+Jacket&hash=item3bee9acbf0:g:9icAAeSwAKRpal5T,,2026-03-16T23:23:18.074758+00:00,All Saints Leather Jacket
ebay,v1|267605755825|0,All Saints Post Noon Leather Jacket Men's Small,50.62,GBP,Pre-owned - Good,,,goodlife28paulo,GB,,https://www.ebay.co.uk/itm/267605755825?_skw=All+Saints+Leather+Jacket&hash=item3e4e8bc7b1:g:pMEAAeSww8FptSRH,,2026-03-16T23:23:18.074761+00:00,All Saints Leather Jacket
ebay,v1|257406185633|0,ALL SAINTS Leather Jacket Mens LARGE Black Biker Bomber Celebrity Grail SORA,259.99,GBP,Pre-owned - Excellent,,,londonink,GB,,https://www.ebay.co.uk/itm/257406185633?_skw=All+Saints+Leather+Jacket&hash=item3bee9ab0a1:g:CTQAAeSwF~pofnKP,,2026-03-16T23:23:18.074764+00:00,All Saints Leather Jacket
ebay,v1|177958686894|0,All Saints REAL leather Jacket,115.10,GBP,New with tags,,,nuggetheadhelen,GB,,https://www.ebay.co.uk/itm/177958686894?_skw=All+Saints+Leather+Jacket&hash=item296f2a10ae:g:t34AAeSw2jNptSMf,,2026-03-16T23:23:18.074768+00:00,All Saints Leather Jacket
ebay,v1|257406192636|0,ALL SAINTS Blazer Leather Jacket Mens XS Black Celebrity DAYTON like survey,269.99,GBP,Pre-owned - Excellent,,,londonink,GB,,https://www.ebay.co.uk/itm/257406192636?_skw=All+Saints+Leather+Jacket&hash=item3bee9acbfc:g:GakAAOSwV0xnhYUJ,,2026-03-16T23:23:18.074773+00:00,All Saints Leather Jacket
ebay,v1|257406185649|0,ALL SAINTS Leather Jacket Mens EXTRA SMALL Red CONROY Biker Bomber Oxblood XS,219.99,GBP,Pre-owned - Good,,,londonink,GB,,https://www.ebay.co.uk/itm/257406185649?_skw=All+Saints+Leather+Jacket&hash=item3bee9ab0b1:g:7bYAAOSwVvRkdizc,,2026-03-16T23:23:18.074777+00:00,All Saints Leather Jacket
ebay,v1|257406182283|0,All Saints Dren Womens Leather Jacket UK8 Black Biker Bomber Celebrity US4 EU36,99.99,GBP,Pre-owned - Good,,,londonink,GB,,https://www.ebay.co.uk/itm/257406182283?_skw=All+Saints+Leather+Jacket&hash=item3bee9aa38b:g:cK8AAOSwroJoIcHx,,2026-03-16T23:23:18.074780+00:00,All Saints Leather Jacket
ebay,v1|257406182284|0,All Saints Watson Womens Leather Jacket UK2 Biker Bomber Grail US00 EU30 XS XXS,99.99,GBP,Pre-owned - Good,,,londonink,GB,,https://www.ebay.co.uk/itm/257406182284?_skw=All+Saints+Leather+Jacket&hash=item3bee9aa38c:g:6MUAAeSw5A9pt8r-,,2026-03-16T23:23:18.074784+00:00,All Saints Leather Jacket
ebay,v1|257406182286|0,All Saints Shorland Womens Leather Jacket UK8 Black Biker Bomber US4 EU36,99.99,GBP,Pre-owned - Excellent,,,londonink,GB,,https://www.ebay.co.uk/itm/257406182286?_skw=All+Saints+Leather+Jacket&hash=item3bee9aa38e:g:-oUAAOSwQKJlN6d1,,2026-03-16T23:23:18.074787+00:00,All Saints Leather Jacket
ebay,v1|257406182287|0,All Saints Lowell Womens Leather Jacket UK8 Black Biker Bomber US4 EU36,99.99,GBP,Pre-owned - Excellent,,,londonink,GB,,https://www.ebay.co.uk/itm/257406182287?_skw=All+Saints+Leather+Jacket&hash=item3bee9aa38f:g:ICAAAOSwguVkx7JD,,2026-03-16T23:23:18.074790+00:00,All Saints Leather Jacket
ebay,v1|257406182288|0,All Saints Luna Womens Leather Jacket SMALL Black Biker Bomber UK8 US4 EU36,99.99,GBP,Pre-owned - Excellent,,,londonink,GB,,https://www.ebay.co.uk/itm/257406182288?_skw=All+Saints+Leather+Jacket&hash=item3bee9aa390:g:tbcAAOSwxXpoIcI-,,2026-03-16T23:23:18.074794+00:00,All Saints Leather Jacket
ebay,v1|267605657150|0,All Saints Mens Jacket Medium Black Leather Cargo Biker Bomber Cafe Moto Racer,84.99,GBP,Pre-owned - Good,,,jjclearance,GB,,https://www.ebay.co.uk/itm/267605657150?_skw=All+Saints+Leather+Jacket&hash=item3e4e8a463e:g:eTwAAeSwwRlptBVy,,2026-03-16T23:23:18.074797+00:00,All Saints Leather Jacket
ebay,v1|147203396654|0,ALLSAINTS BIKER JACKET UK 8 BLACK QUILTED DISTRESSED LEATHER 'WALKER' WOMENS ZIP,44.99,GBP,Pre-owned - Good,,,trick-treat-disney,GB,,https://www.ebay.co.uk/itm/147203396654?_skw=All+Saints+Leather+Jacket&hash=item224601942e:g:R~EAAeSwGmhptO-g,,2026-03-16T23:23:18.074800+00:00,All Saints Leather Jacket
ebay,v1|137129669041|0,ALLSAINTS CARGO BIKER JACKET size XS BLACK GREY QUILTED DISTRESSED LEATHER MENS,44.99,GBP,Pre-owned - Good,,,trick-treat-disney,GB,,https://www.ebay.co.uk/itm/137129669041?_skw=All+Saints+Leather+Jacket&hash=item1fed90b1b1:g:ML0AAeSwv6JptO98,,2026-03-16T23:23:18.074802+00:00,All Saints Leather Jacket
ebay,v1|257405165788|0,ALL SAINTS Suede Leather Jacket Mens Grey SMALL Biker Bomber Celebrity KEMBLE,179.99,GBP,Pre-owned - Good,,,londonink,GB,,https://www.ebay.co.uk/itm/257405165788?_skw=All+Saints+Leather+Jacket&hash=item3bee8b20dc:g:LdMAAOSw6vRoXFL8,,2026-03-16T23:23:18.074805+00:00,All Saints Leather Jacket
ebay,v1|257405165787|0,ALL SAINTS Suede Leather Jacket Mens EXTRA LARGE Grey Celebrity Grail HOLT,179.99,GBP,New with imperfections,,,londonink,GB,,https://www.ebay.co.uk/itm/257405165787?_skw=All+Saints+Leather+Jacket&hash=item3bee8b20db:g:2vQAAeSwOUtorte-,,2026-03-16T23:23:18.074808+00:00,All Saints Leather Jacket
ebay,v1|257405165786|0,ALL SAINTS Leather Jacket Mens SMALL Grey S Biker Bomber Celebrity Grail KEMBLE,99.99,GBP,Pre-owned - Good,,,londonink,GB,,https://www.ebay.co.uk/itm/257405165786?_skw=All+Saints+Leather+Jacket&hash=item3bee8b20da:g:ersAAeSw9OJo1le3,,2026-03-16T23:23:18.074811+00:00,All Saints Leather Jacket
ebay,v1|257405165784|0,ALL SAINTS Leather Jacket Mens MEDIUM Black Biker Bomber Celebrity Grail BOYSON,199.99,GBP,Pre-owned - Excellent,,,londonink,GB,,https://www.ebay.co.uk/itm/257405165784?_skw=All+Saints+Leather+Jacket&hash=item3bee8b20d8:g:R88AAOSwUV9lX7ky,,2026-03-16T23:23:18.074813+00:00,All Saints Leather Jacket
ebay,v1|236686350503|0,"AllSaints Mens""Kino""Genuine Italian Leather Bomber Jacket Anthracite Grey Size M",139.02,GBP,Pre-owned - Excellent,,,mariosjoker,GB,,https://www.ebay.co.uk/itm/236686350503?_skw=All+Saints+Leather+Jacket&hash=item371b9b18a7:g:~qEAAeSwIZNptI5u,,2026-03-16T23:23:18.074816+00:00,All Saints Leather Jacket
ebay,v1|336479213496|0,AllSaints Spitalfields Post Commander Leather Jacket XL Distressed Brown Biker,79.99,GBP,Pre-owned - Good,,,bloomingelle,GB,,https://www.ebay.co.uk/itm/336479213496?_skw=All+Saints+Leather+Jacket&hash=item4e57b957b8:g:iyYAAeSwG-xptI9p,,2026-03-16T23:23:18.074819+00:00,All Saints Leather Jacket
ebay,v1|257405165780|0,ALL SAINTS Leather Jacket Mens LARGE Grey Biker Bomber Celebrity Grail STONES,99.99,GBP,Pre-owned - Good,,,londonink,GB,,https://www.ebay.co.uk/itm/257405165780?_skw=All+Saints+Leather+Jacket&hash=item3bee8b20d4:g:nYAAAeSw2uJpJeZ3,,2026-03-16T23:23:18.074822+00:00,All Saints Leather Jacket
ebay,v1|257404586106|0,ALL SAINTS Shearling Leather Jacket Mens SMALL Sheepskin Coat Celebrity BRUTE,399.99,GBP,Pre-owned - Good,,,londonink,GB,,https://www.ebay.co.uk/itm/257404586106?_skw=All+Saints+Leather+Jacket&hash=item3bee82487a:g:BHQAAOSwLyBoIhkb,,2026-03-16T23:23:18.074828+00:00,All Saints Leather Jacket
ebay,v1|257405165779|0,ALL SAINTS Leather Jacket Mens 2XL Grey XXL Biker Bomber Grail Celebrity CONROY,289.99,GBP,Pre-owned - Excellent,,,londonink,GB,,https://www.ebay.co.uk/itm/257405165779?_skw=All+Saints+Leather+Jacket&hash=item3bee8b20d3:g:T9kAAeSwXKtohldC,,2026-03-16T23:23:18.074831+00:00,All Saints Leather Jacket
ebay,v1|137128669543|0,All Saints Kushiro Quilted Leather Biker Jacket - Slim Fit - Medium - Immaculate,172.30,GBP,Pre-owned - Excellent,,,theoriginalcuratedarchive,GB,,https://www.ebay.co.uk/itm/137128669543?_skw=All+Saints+Leather+Jacket&hash=item1fed817167:g:Nb4AAeSwnQFptH9n,,2026-03-16T23:23:18.074834+00:00,All Saints Leather Jacket
ebay,v1|198184011344|0,All Saints Sarana Biker Jacket Black Leather  Ties UK10 US6 EU38,110.00,GBP,New without tags,,,faushion,GB,,https://www.ebay.co.uk/itm/198184011344?_skw=All+Saints+Leather+Jacket&hash=item2e24b00650:g:RnMAAeSweTlpPtKF,,2026-03-16T23:23:18.074836+00:00,All Saints Leather Jacket
ebay,v1|198184007402|0,AllSaints Drew Biker Jacket Black Leather Suede UK10 US6,58.00,GBP,Pre-owned - Good,,,faushion,GB,,https://www.ebay.co.uk/itm/198184007402?_skw=All+Saints+Leather+Jacket&hash=item2e24aff6ea:g:oDQAAeSw0v1ptH3S,,2026-03-16T23:23:18.074839+00:00,All Saints Leather Jacket
ebay,v1|198184004507|0,All Saints Chiri Owain Fabric & Leather Jacket Vintage Seen On Stars $768 Iconic,115.00,GBP,Pre-owned - Good,,,faushion,GB,,https://www.ebay.co.uk/itm/198184004507?_skw=All+Saints+Leather+Jacket&hash=item2e24afeb9b:g:argAAeSw6Eto6nuz,,2026-03-16T23:23:18.074842+00:00,All Saints Leather Jacket
ebay,v1|198184001385|0,AllSaints Owain Black Leather Jacket Vintage UK8 US4 Seen On Celebs $768 Iconic,120.00,GBP,Pre-owned - Good,,,faushion,GB,,https://www.ebay.co.uk/itm/198184001385?_skw=All+Saints+Leather+Jacket&hash=item2e24afdf69:g:QMEAAeSwfntpOgqF,,2026-03-16T23:23:18.074844+00:00,All Saints Leather Jacket
ebay,v1|257404586082|0,ALL SAINTS Leather Puffer Jacket Coat Mens MEDIUM Black Hooded Celebrity OVAL,699.99,GBP,Pre-owned - Excellent,,,londonink,GB,,https://www.ebay.co.uk/itm/257404586082?_skw=All+Saints+Leather+Jacket&hash=item3bee824862:g:g-0AAeSwVuBpMgB2,,2026-03-16T23:23:18.074847+00:00,All Saints Leather Jacket
ebay,v1|257404570257|0,ALL SAINTS Suede Leather Jacket XXL Mens 2XL Biker Bomber Celebrity Grail KEMBLE,259.99,GBP,Pre-owned - Excellent,,,londonink,GB,,https://www.ebay.co.uk/itm/257404570257?_skw=All+Saints+Leather+Jacket&hash=item3bee820a91:g:E58AAeSw989o0uf9,,2026-03-16T23:23:18.074850+00:00,All Saints Leather Jacket
ebay,v1|267604636111|0,AllSaints Ladies GRIFT Leather Biker Jacket UK8 US4 EU36 All Saints,129.99,GBP,Pre-owned - Excellent,,,zecnavda,GB,,https://www.ebay.co.uk/itm/267604636111?_skw=All+Saints+Leather+Jacket&hash=item3e4e7ab1cf:g:C1YAAOSwHwFhfCKJ,,2026-03-16T23:23:18.074853+00:00,All Saints Leather Jacket
ebay,v1|267604636117|0,AllSaints Mens FELTON Leather Blazer Jacket Brown SMALL Distressed All Saints,159.99,GBP,Pre-owned - Good,,,zecnavda,GB,,https://www.ebay.co.uk/itm/267604636117?_skw=All+Saints+Leather+Jacket&hash=item3e4e7ab1d5:g:soMAAOSwtIBkEg7E,,2026-03-16T23:23:18.074855+00:00,All Saints Leather Jacket
ebay,v1|267604636127|0,AllSaints Mens DOVER Suede Blazer Jacket MEDIUM Leather All Saints A174,189.99,GBP,Pre-owned - Good,,,zecnavda,GB,,https://www.ebay.co.uk/itm/267604636127?_skw=All+Saints+Leather+Jacket&hash=item3e4e7ab1df:g:auMAAOSwqBplKZ8K,,2026-03-16T23:23:18.074861+00:00,All Saints Leather Jacket
ebay,v1|257404570255|0,ALL SAINTS Suede Leather Jacket Mens XXL Black 2XL Biker Bomber Celebrity KEMBLE,199.99,GBP,Pre-owned - Good,,,londonink,GB,,https://www.ebay.co.uk/itm/257404570255?_skw=All+Saints+Leather+Jacket&hash=item3bee820a8f:g:IQ8AAeSweado3kZV,,2026-03-16T23:23:18.074864+00:00,All Saints Leather Jacket
ebay,v1|267604636132|0,AllSaints BOYSON Leather Jacket SMALL Black Biker Mens Bomber Moto All Saints,139.99,GBP,Pre-owned - Good,,,zecnavda,GB,,https://www.ebay.co.uk/itm/267604636132?_skw=All+Saints+Leather+Jacket&hash=item3e4e7ab1e4:g:Pm0AAOSwZ9xoHOYf,,2026-03-16T23:23:18.074867+00:00,All Saints Leather Jacket
ebay,v1|267604636125|0,AllSaints Ladies KARA Leather Biker Jacket UK10 US6 EU38 Motorcycle All Saints,159.99,GBP,Pre-owned - Excellent,,,zecnavda,GB,,https://www.ebay.co.uk/itm/267604636125?_skw=All+Saints+Leather+Jacket&hash=item3e4e7ab1dd:g:qtwAAOSwQ79nW1U6,,2026-03-16T23:23:18.074872+00:00,All Saints Leather Jacket
ebay,v1|257405162780|0,ALL SAINTS Suede Leather Jacket Mens EXTRA LARGE Black XL Biker Celebrity NASH,179.99,GBP,Pre-owned - Good,,,londonink,GB,,https://www.ebay.co.uk/itm/257405162780?_skw=All+Saints+Leather+Jacket&hash=item3bee8b151c:g:-FUAAOSwX9NoIeUT,,2026-03-16T23:23:18.074875+00:00,All Saints Leather Jacket
ebay,v1|267604636119|0,AllSaints Mens AMHERST Leather Blazer Jacket MEDIUM Biker Bomber All Saints,149.99,GBP,Pre-owned - Excellent,,,zecnavda,GB,,https://www.ebay.co.uk/itm/267604636119?_skw=All+Saints+Leather+Jacket&hash=item3e4e7ab1d7:g:HY8AAOSweStjco8E,,2026-03-16T23:23:18.074878+00:00,All Saints Leather Jacket
ebay,v1|257405234925|0,AllSaints Mens KOLTON Leather Jacket Biker XS Brown Bomber Nubuck All Saints,159.99,GBP,Pre-owned - Good,,,zecnavda,GB,,https://www.ebay.co.uk/itm/257405234925?_skw=All+Saints+Leather+Jacket&hash=item3bee8c2eed:g:IwoAAeSwiclpFg6H,,2026-03-16T23:23:18.074881+00:00,All Saints Leather Jacket
ebay,v1|157750480525|0,AllSaints Berwick Leather Biker Jacket Mens XXL Black Moto Racer,99.99,GBP,Pre-owned - Excellent,,,beatmacproducts,GB,,https://www.ebay.co.uk/itm/157750480525?_skw=All+Saints+Leather+Jacket&hash=item24baa94e8d:g:lLEAAeSwTp9pChni,,2026-03-16T23:23:18.074883+00:00,All Saints Leather Jacket
ebay,v1|257404570253|0,ALL SAINTS Suede Leather Jacket Mens MEDIUM Brown Biker Bomber Celebrity KEMBLE,229.99,GBP,Pre-owned - Excellent,,,londonink,GB,,https://www.ebay.co.uk/itm/257404570253?_skw=All+Saints+Leather+Jacket&hash=item3bee820a8d:g:DrYAAeSwV~lpLvRC,,2026-03-16T23:23:18.074886+00:00,All Saints Leather Jacket
ebay,v1|257405234928|0,AllSaints Mens RIO Leather Biker Jacket MEDIUM Black Bomber All Saints Unlined,179.99,GBP,Pre-owned - Good,,,zecnavda,GB,,https://www.ebay.co.uk/itm/257405234928?_skw=All+Saints+Leather+Jacket&hash=item3bee8c2ef0:g:bPsAAeSwX8pobloW,,2026-03-16T23:23:18.074891+00:00,All Saints Leather Jacket
ebay,v1|257405234934|0,AllSaints Mens Oxblood CALLERTON Leather Biker Jacket SMALL Bomber All Saints,269.99,GBP,Pre-owned - Good,,,zecnavda,GB,,https://www.ebay.co.uk/itm/257405234934?_skw=All+Saints+Leather+Jacket&hash=item3bee8c2ef6:g:KQgAAOSwfpVnWzGt,,2026-03-16T23:23:18.074894+00:00,All Saints Leather Jacket
ebay,v1|257405234931|0,All Saints Mens TAKEO Suede Biker Jacket SMALL Bomber Moto Vintage Leather B205,139.99,GBP,Pre-owned - Fair,,,zecnavda,GB,,https://www.ebay.co.uk/itm/257405234931?_skw=All+Saints+Leather+Jacket&hash=item3bee8c2ef3:g:fWUAAOSw6p9nEBF0,,2026-03-16T23:23:18.074897+00:00,All Saints Leather Jacket
ebay,v1|257405162756|0,ALL SAINTS Leather Jacket Mens SMALL Black Biker Bomber Grail S Hooded HARWOOD,259.99,GBP,Pre-owned - Excellent,,,londonink,GB,,https://www.ebay.co.uk/itm/257405162756?_skw=All+Saints+Leather+Jacket&hash=item3bee8b1504:g:~JMAAeSwSIRpJwtt,,2026-03-16T23:23:18.074900+00:00,All Saints Leather Jacket
ebay,v1|257405234936|0,BRAND NEW All Saints Ladies PUNCHED Leather Biker Jacket UK8 US4 EU36,149.99,GBP,New with tags,,,zecnavda,GB,,https://www.ebay.co.uk/itm/257405234936?_skw=All+Saints+Leather+Jacket&hash=item3bee8c2ef8:g:RdQAAOSw9DBlyT1J,,2026-03-16T23:23:18.074902+00:00,All Saints Leather Jacket
ebay,v1|267604636130|0,AllSaints Mens Oxblood CALLERTON Leather Biker Jacket SMALL Bomber All Saints XS,269.99,GBP,Pre-owned - Excellent,,,zecnavda,GB,,https://www.ebay.co.uk/itm/267604636130?_skw=All+Saints+Leather+Jacket&hash=item3e4e7ab1e2:g:O94AAOSwFLRkDkmy,,2026-03-16T23:23:18.074905+00:00,All Saints Leather Jacket
ebay,v1|236685967111|0,ALLSAINTS AFTERNOON LEATHER SHIRT JACKET - XL - BLACK - SPITAFIELDS,69.99,GBP,Pre-owned - Good,,,atrocityexhibition1,GB,,https://www.ebay.co.uk/itm/236685967111?_skw=All+Saints+Leather+Jacket&hash=item371b953f07:g:1AEAAeSwXJ1ptCnA,,2026-03-16T23:23:18.074908+00:00,All Saints Leather Jacket
ebay,v1|257404570252|0,ALL SAINTS Suede Leather Jacket Mens LARGE Celebrity Blazer ASPEN like survey,249.99,GBP,Pre-owned - Good,,,londonink,GB,,https://www.ebay.co.uk/itm/257404570252?_skw=All+Saints+Leather+Jacket&hash=item3bee820a8c:g:buQAAeSwa3Vpakg2,,2026-03-16T23:23:18.074910+00:00,All Saints Leather Jacket
ebay,v1|257405162754|0,ALL SAINTS Leather Jacket Mens MEDIUM Black Biker Bomber Celebrity Grail CORA,269.99,GBP,Pre-owned - Good,,,londonink,GB,,https://www.ebay.co.uk/itm/257405162754?_skw=All+Saints+Leather+Jacket&hash=item3bee8b1502:g:Z6wAAeSw0Rhpd9qc,,2026-03-16T23:23:18.074913+00:00,All Saints Leather Jacket
ebay,v1|257405234923|0,AllSaints Ladies SARANA Leather Biker Jacket UK10 US6 EU38 Moto All Saints A82,159.99,GBP,Pre-owned - Excellent,,,zecnavda,GB,,https://www.ebay.co.uk/itm/257405234923?_skw=All+Saints+Leather+Jacket&hash=item3bee8c2eeb:g:b7AAAOSwK99k2S8u,,2026-03-16T23:23:18.074916+00:00,All Saints Leather Jacket
ebay,v1|267604636109|0,AllSaints Mens OTARU Leather Jacket LARGE Black All Saints Biker Shacket Shirt,229.99,GBP,Pre-owned - Good,,,zecnavda,GB,,https://www.ebay.co.uk/itm/267604636109?_skw=All+Saints+Leather+Jacket&hash=item3e4e7ab1cd:g:EI8AAeSwzZRpFhAk,,2026-03-16T23:23:18.074918+00:00,All Saints Leather Jacket
ebay,v1|267604636112|0,All Saints Mens ISHIDA Leather Biker Jacket XL Slim Blue Moto Bomber Rider Grail,229.99,GBP,Pre-owned - Good,,,zecnavda,GB,,https://www.ebay.co.uk/itm/267604636112?_skw=All+Saints+Leather+Jacket&hash=item3e4e7ab1d0:g:j-MAAeSwq9NpjNtg,,2026-03-16T23:23:18.074921+00:00,All Saints Leather Jacket
ebay,v1|257405162769|0,ALL SAINTS Leather Jacket Mens LARGE Black Biker Bomber Celebrity Grail KLINE,239.99,GBP,Pre-owned - Good,,,londonink,GB,,https://www.ebay.co.uk/itm/257405162769?_skw=All+Saints+Leather+Jacket&hash=item3bee8b1511:g:ZiQAAeSwpmNofj7K,,2026-03-16T23:23:18.074924+00:00,All Saints Leather Jacket
ebay,v1|267604636106|0,AllSaints Mens MAZO Leather Biker Jacket XL Black Bomber All Saints Moto Grail,289.99,GBP,Pre-owned - Excellent,,,zecnavda,GB,,https://www.ebay.co.uk/itm/267604636106?_skw=All+Saints+Leather+Jacket&hash=item3e4e7ab1ca:g:KnsAAeSwhGppFg80,,2026-03-16T23:23:18.074927+00:00,All Saints Leather Jacket
ebay,v1|257404570267|0,ALL SAINTS Leather Jacket Mens XS Red Oxblood  Biker Bomber Celebrity CONROY,219.99,GBP,Pre-owned - Good,,,londonink,GB,,https://www.ebay.co.uk/itm/257404570267?_skw=All+Saints+Leather+Jacket&hash=item3bee820a9b:g:dbUAAeSwVfJo0Qeq,,2026-03-16T23:23:18.074930+00:00,All Saints Leather Jacket
ebay,v1|397710125687|0,ALL SAINTS Suede Leather Bomber Jacket Black STONES - Men’s Size Medium M,59.99,GBP,Pre-owned - Good,,,demari-9612,GB,,https://www.ebay.co.uk/itm/397710125687?_skw=All+Saints+Leather+Jacket&hash=item5c995eea77:g:Vq4AAeSwVZdptEhw,,2026-03-16T23:23:18.074932+00:00,All Saints Leather Jacket
ebay,v1|257404570264|0,ALL SAINTS Leather Jacket Mens XS Black Biker Bomber Celebrity Grail SARLS,299.99,GBP,Pre-owned - Excellent,,,londonink,GB,,https://www.ebay.co.uk/itm/257404570264?_skw=All+Saints+Leather+Jacket&hash=item3bee820a98:g:dAUAAOSw5MBljK8L,,2026-03-16T23:23:18.074935+00:00,All Saints Leather Jacket
ebay,v1|257404570254|0,ALL SAINTS Leather Jacket Mens SMALL Grey Biker Bomber Celebrity Grail NIKO,99.99,GBP,Pre-owned - Excellent,,,londonink,GB,,https://www.ebay.co.uk/itm/257404570254?_skw=All+Saints+Leather+Jacket&hash=item3bee820a8e:g:DhUAAeSwT45oyaQI,,2026-03-16T23:23:18.074938+00:00,All Saints Leather Jacket
ebay,v1|236685727310|0,AllSaints Hyde Leather Biker Jacket In Green Size UK 12,187.90,GBP,New without tags,,,wardrobepieces8,GB,,https://www.ebay.co.uk/itm/236685727310?_skw=All+Saints+Leather+Jacket&hash=item371b91964e:g:KEwAAeSwCONptDRX,,2026-03-16T23:23:18.074941+00:00,All Saints Leather Jacket
ebay,v1|389741975688|0,All Saints Mens Leather  Jacket XL,197.26,GBP,Pre-owned - Excellent,,,violets2018,GB,,https://www.ebay.co.uk/itm/389741975688?_skw=All+Saints+Leather+Jacket&hash=item5abe6e9888:g:FikAAeSwxO5ptDIJ,,2026-03-16T23:23:18.074944+00:00,All Saints Leather Jacket
ebay,v1|227254611307|0,AllSaints Leather Jacket Prescott Biker Black UK 10 Zip Cuffs,108.99,GBP,Pre-owned - Excellent,,,phillymac999c1k2,GB,,https://www.ebay.co.uk/itm/227254611307?_skw=All+Saints+Leather+Jacket&hash=item34e96e2d6b:g:ieEAAeSw3RlptC0U,,2026-03-16T23:23:18.074949+00:00,All Saints Leather Jacket
ebay,v1|257404570263|0,ALL SAINTS Leather Jacket Mens SMALL Black S Biker Bomber Celebrity Grail GIBSON,99.99,GBP,Pre-owned - Excellent,,,londonink,GB,,https://www.ebay.co.uk/itm/257404570263?_skw=All+Saints+Leather+Jacket&hash=item3bee820a97:g:9mUAAOSwDzBnjmxz,,2026-03-16T23:23:18.074952+00:00,All Saints Leather Jacket
ebay,v1|257404570256|0,ALL SAINTS Leather Jacket Mens SMALL Black Biker Bomber Oasis Celebrity BLENHAM,249.99,GBP,Pre-owned - Good,,,londonink,GB,,https://www.ebay.co.uk/itm/257404570256?_skw=All+Saints+Leather+Jacket&hash=item3bee820a90:g:RJgAAeSwZDxoiUp0,,2026-03-16T23:23:18.074954+00:00,All Saints Leather Jacket
ebay,v1|287200895103|0,AllSaints Women's Leather Biker Jacket Size 6 UK/4 EU/32 US,36.06,GBP,Pre-owned - Excellent,,,char723078,GB,,https://www.ebay.co.uk/itm/287200895103?_skw=All+Saints+Leather+Jacket&hash=item42de81e07f:g:gIMAAeSwPqFptByS,,2026-03-16T23:23:18.074957+00:00,All Saints Leather Jacket
ebay,v1|257404932121|0,ALL SAINTS Leather Jacket Mens EXTRA LARGE Black XL Biker Bomber Celebrity ACE,249.99,GBP,Pre-owned - Good,,,londonink,GB,,https://www.ebay.co.uk/itm/257404932121?_skw=All+Saints+Leather+Jacket&hash=item3bee879019:g:1W8AAeSwHq9ptBZ0,,2026-03-16T23:23:18.074960+00:00,All Saints Leather Jacket
ebay,v1|257404558956|0,ALL SAINTS Suede Leather Jacket Mens LARGE Tan Biker Bomber Celebrity Grail LEO,229.99,GBP,Pre-owned - Excellent,,,londonink,GB,,https://www.ebay.co.uk/itm/257404558956?_skw=All+Saints+Leather+Jacket&hash=item3bee81de6c:g:30MAAOSwJHNoJurl,,2026-03-16T23:23:18.074962+00:00,All Saints Leather Jacket
ebay,v1|257404570269|0,ALL SAINTS Leather Jacket Mens SMALL Black Biker Bomber Celebrity Grail BONDI,189.99,GBP,Pre-owned - Excellent,,,londonink,GB,,https://www.ebay.co.uk/itm/257404570269?_skw=All+Saints+Leather+Jacket&hash=item3bee820a9d:g:GH4AAOSwejdoIw0Y,,2026-03-16T23:23:18.074965+00:00,All Saints Leather Jacket
ebay,v1|397709513636|0,ALL SAINTS Leather Jacket LOMI - Mens Black Biker Bomber L Large,79.99,GBP,Pre-owned - Good,,,demari-9612,GB,,https://www.ebay.co.uk/itm/397709513636?_skw=All+Saints+Leather+Jacket&hash=item5c995593a4:g:XtsAAeSwBhJptBUI,,2026-03-16T23:23:18.074968+00:00,All Saints Leather Jacket
ebay,v1|257404570258|0,ALL SAINTS Leather Jacket Mens MEDIUM Black Biker Bomber Celebrity Grail ARIO,99.99,GBP,Pre-owned - Excellent,,,londonink,GB,,https://www.ebay.co.uk/itm/257404570258?_skw=All+Saints+Leather+Jacket&hash=item3bee820a92:g:CWwAAOSw5x9lXXEb,,2026-03-16T23:23:18.074970+00:00,All Saints Leather Jacket
ebay,v1|257404558951|0,ALL SAINTS Leather Shirt Jacket Mens MEDIUM Brown Biker Celebrity Grail MCKAY,229.99,GBP,Pre-owned - Excellent,,,londonink,GB,,https://www.ebay.co.uk/itm/257404558951?_skw=All+Saints+Leather+Jacket&hash=item3bee81de67:g:JI4AAOSwJKlmOpaI,,2026-03-16T23:23:18.074973+00:00,All Saints Leather Jacket
ebay,v1|406763243366|0,Vintage AllSaints KINO Leather Bomber Jacket Black Mens XL Lambskin Ribbed,182.70,GBP,Pre-owned - Excellent,,,stubrad-91,GB,,https://www.ebay.co.uk/itm/406763243366?_skw=All+Saints+Leather+Jacket&hash=item5eb4fa8766:g:UKIAAeSwnCdptAUM,,2026-03-16T23:23:18.074976+00:00,All Saints Leather Jacket
ebay,v1|257404835552|0,Mens All Saints Ramone Leather Jacket Black Size M 38 chest,63.10,GBP,Pre-owned - Good,,,sexysaab65,GB,,https://www.ebay.co.uk/itm/257404835552?_skw=All+Saints+Leather+Jacket&hash=item3bee8616e0:g:oAsAAeSwv5NptAF4,,2026-03-16T23:23:18.074979+00:00,All Saints Leather Jacket
ebay,v1|257404570248|0,ALL SAINTS Leather Jacket Mens LARGE Black Biker Bomber Celebrity ROUNDHOUSE,299.99,GBP,Pre-owned - Excellent,,,londonink,GB,,https://www.ebay.co.uk/itm/257404570248?_skw=All+Saints+Leather+Jacket&hash=item3bee820a88:g:ligAAeSw44Vo0-tl,,2026-03-16T23:23:18.074982+00:00,All Saints Leather Jacket
ebay,v1|257404558953|0,ALL SAINTS Leather Shirt Jacket Mens MEDIUM Brown Biker Celebrity Grail EMERY,199.99,GBP,Pre-owned - Excellent,,,londonink,GB,,https://www.ebay.co.uk/itm/257404558953?_skw=All+Saints+Leather+Jacket&hash=item3bee81de69:g:6C8AAOSwuQdoIdq8,,2026-03-16T23:23:18.074985+00:00,All Saints Leather Jacket
ebay,v1|306819058318|0,Allsaints Den Biker Black Sheep Leather Racer Bomber Full Zip Jacket Size Small,74.99,GBP,Pre-owned - Good,,,jaffacakes123ben,GB,,https://www.ebay.co.uk/itm/306819058318?_skw=All+Saints+Leather+Jacket&hash=item476fd74a8e:g:gpIAAeSwvdFoRoS3,,2026-03-16T23:23:18.074988+00:00,All Saints Leather Jacket
ebay,v1|257404570266|0,ALL SAINTS Leather Jacket Mens LARGE Black Biker Bomber Celebrity Grail PHEONIX,259.99,GBP,Pre-owned - Excellent,,,londonink,GB,,https://www.ebay.co.uk/itm/257404570266?_skw=All+Saints+Leather+Jacket&hash=item3bee820a9a:g:SLUAAeSw-qNoyAkb,,2026-03-16T23:23:18.074990+00:00,All Saints Leather Jacket
ebay,v1|257404558949|0,ALL SAINTS Leather Jacket Mens LARGE Black Biker Bomber Celebrity Grail RONVER,249.99,GBP,Pre-owned - Excellent,,,londonink,GB,,https://www.ebay.co.uk/itm/257404558949?_skw=All+Saints+Leather+Jacket&hash=item3bee81de65:g:O5YAAeSwPKpocNY7,,2026-03-16T23:23:18.074996+00:00,All Saints Leather Jacket
ebay,v1|257404570268|0,ALL SAINTS Leather Jacket Mens EXTRA LARGE Black XL Biker Bomber Celebrity CLAY,259.99,GBP,Pre-owned - Excellent,,,londonink,GB,,https://www.ebay.co.uk/itm/257404570268?_skw=All+Saints+Leather+Jacket&hash=item3bee820a9c:g:idgAAOSwrMdnJKU6,,2026-03-16T23:23:18.074999+00:00,All Saints Leather Jacket
ebay,v1|306819354434|0,AllSaints Balfern Studded Distressed Black Sheep Leather Biker Punk Jacket Uk 10,99.99,GBP,Pre-owned - Good,,,reloved_planet,GB,,https://www.ebay.co.uk/itm/306819354434?_skw=All+Saints+Leather+Jacket&hash=item476fdbcf42:g:Qc4AAeSw2Mtps8YK,,2026-03-16T23:23:18.075004+00:00,All Saints Leather Jacket
ebay,v1|257404570259|0,ALL SAINTS Leather Jacket Mens Black Biker Bomber Celebrity Grail SAMPLE,269.99,GBP,Pre-owned - Good,,,londonink,GB,,https://www.ebay.co.uk/itm/257404570259?_skw=All+Saints+Leather+Jacket&hash=item3bee820a93:g:P2IAAOSwIqhmH9uN,,2026-03-16T23:23:18.075009+00:00,All Saints Leather Jacket
ebay,v1|257404558948|0,ALL SAINTS Leather Jacket Mens 2XL Black Suede XXL Hooded Bomber Celebrity KAIRO,249.99,GBP,Pre-owned - Excellent,,,londonink,GB,,https://www.ebay.co.uk/itm/257404558948?_skw=All+Saints+Leather+Jacket&hash=item3bee81de64:g:at8AAeSweTxozVVb,,2026-03-16T23:23:18.075012+00:00,All Saints Leather Jacket
ebay,v1|257404570250|0,ALL SAINTS Leather Blazer Jacket Mens SMALL Black Suede Celebrity Grail HOKU,299.99,GBP,Pre-owned - Excellent,,,londonink,GB,,https://www.ebay.co.uk/itm/257404570250?_skw=All+Saints+Leather+Jacket&hash=item3bee820a8a:g:fm4AAeSwKBBpmLtr,,2026-03-16T23:23:18.075014+00:00,All Saints Leather Jacket
ebay,v1|257404517182|0,AllSaints Spitalfields Brown Distressed Leather Biker Jacket Mens Medium Pockets,119.99,GBP,Pre-owned - Good,,,freehandportraits,GB,,https://www.ebay.co.uk/itm/257404517182?_skw=All+Saints+Leather+Jacket&hash=item3bee813b3e:g:IIEAAeSwi~Jps64b,,2026-03-16T23:23:18.075017+00:00,All Saints Leather Jacket
ebay,v1|117085161446|0,AllSaints Belfort Blazer Jacket Mens Medium Navy Blue Quilted Wool Leather Coat,79.95,GBP,Pre-owned - Excellent,,,boldfinds,GB,,https://www.ebay.co.uk/itm/117085161446?_skw=All+Saints+Leather+Jacket&hash=item1b42d1c7e6:g:p5wAAeSwlJNprtr5,,2026-03-16T23:23:18.075023+00:00,All Saints Leather Jacket
ebay,v1|117085161451|0,Allsaints Manta Bomber Jacket Mens Medium Green Khaki Nylon Leather Sleeves Zip,79.95,GBP,Pre-owned - Excellent,,,boldfinds,GB,,https://www.ebay.co.uk/itm/117085161451?_skw=All+Saints+Leather+Jacket&hash=item1b42d1c7eb:g:8q0AAeSw9KNprtf6,,2026-03-16T23:23:18.075026+00:00,All Saints Leather Jacket
ebay,v1|177955085730|0,ALL SAINTS Byward Shearling Leather Jacket Small Mens Sheepskin Coat Allsaints,249.00,GBP,Pre-owned - Good,,,belstaff2watch,GB,,https://www.ebay.co.uk/itm/177955085730?_skw=All+Saints+Leather+Jacket&hash=item296ef31da2:g:TIUAAeSwOpVpcfEB,,2026-03-16T23:23:18.075029+00:00,All Saints Leather Jacket
ebay,v1|267603259385|0,ALL SAINTS KIRK BOMBER Goat Suede Leather Jacket Black Camo Biker Size Large,149.99,GBP,Pre-owned - Good,,,aladdinssheduk,GB,,https://www.ebay.co.uk/itm/267603259385?_skw=All+Saints+Leather+Jacket&hash=item3e4e65aff9:g:IlEAAOSw8V5m799K,,2026-03-16T23:23:18.075031+00:00,All Saints Leather Jacket
ebay,v1|257403499198|0,ALL SAINTS Leather Shirt Jacket Mens EXTRA LARGE Black Biker Celebrity POSTNOON,149.99,GBP,Pre-owned - Good,,,londonink,GB,,https://www.ebay.co.uk/itm/257403499198?_skw=All+Saints+Leather+Jacket&hash=item3bee71b2be:g:i3AAAOSwYWRoIgCh,,2026-03-16T23:23:18.075034+00:00,All Saints Leather Jacket
ebay,v1|257403499191|0,ALL SAINTS Leather Jacket Mens SMALL Grey Biker Bomber Celebrity Grail STONES,99.99,GBP,Pre-owned - Good,,,londonink,GB,,https://www.ebay.co.uk/itm/257403499191?_skw=All+Saints+Leather+Jacket&hash=item3bee71b2b7:g:HscAAOSw9uhoLFof,,2026-03-16T23:23:18.075037+00:00,All Saints Leather Jacket
ebay,v1|257403499195|0,ALL SAINTS Leather Jacket Mens SMALL Black Biker Bomber Celebrity Grail WOODLEY,219.99,GBP,Pre-owned - Excellent,,,londonink,GB,,https://www.ebay.co.uk/itm/257403499195?_skw=All+Saints+Leather+Jacket&hash=item3bee71b2bb:g:lysAAOSwWzNoKzc4,,2026-03-16T23:23:18.075040+00:00,All Saints Leather Jacket
ebay,v1|117084417458|0,AllSaints Spitalfields Monster Black Leather Jacket Medium SS08 Season,109.99,GBP,Pre-owned - Excellent,,,heritageweft,GB,,https://www.ebay.co.uk/itm/117084417458?_skw=All+Saints+Leather+Jacket&hash=item1b42c66db2:g:YIcAAeSwY~FpjigH,,2026-03-16T23:23:18.075043+00:00,All Saints Leather Jacket
ebay,v1|117084415036|0,AllSaints Black Leather Channel Bomber Jacket XL Fit 44R,104.99,GBP,Pre-owned - Excellent,,,heritageweft,GB,,https://www.ebay.co.uk/itm/117084415036?_skw=All+Saints+Leather+Jacket&hash=item1b42c6643c:g:6p0AAeSwhA5pjhy6,,2026-03-16T23:23:18.075046+00:00,All Saints Leather Jacket
ebay,v1|257403499190|0,ALL SAINTS Leather Jacket Mens SMALL Black Biker Bomber Celebrity Grail KOPEN,99.99,GBP,Pre-owned - Excellent,,,londonink,GB,,https://www.ebay.co.uk/itm/257403499190?_skw=All+Saints+Leather+Jacket&hash=item3bee71b2b6:g:grgAAOSwrudlTUVF,,2026-03-16T23:23:18.075049+00:00,All Saints Leather Jacket
ebay,v1|257403499188|0,ALL SAINTS Leather Jacket Mens MEDIUM Black Biker Bomber Celebrity Grail KALLOW,99.99,GBP,Pre-owned - Good,,,londonink,GB,,https://www.ebay.co.uk/itm/257403499188?_skw=All+Saints+Leather+Jacket&hash=item3bee71b2b4:g:BW0AAOSwXoNlXXZH,,2026-03-16T23:23:18.075051+00:00,All Saints Leather Jacket
ebay,v1|257403499193|0,ALL SAINTS Leather Jacket Black Mens MEDIUM Biker Bomber Celebrity Grail REIMER,169.99,GBP,Pre-owned - Excellent,,,londonink,GB,,https://www.ebay.co.uk/itm/257403499193?_skw=All+Saints+Leather+Jacket&hash=item3bee71b2b9:g:yMAAAOSwmuJl14Q6,,2026-03-16T23:23:18.075054+00:00,All Saints Leather Jacket
ebay,v1|336476732754|0,Allsaints Muir Biker Jacket  Lambs Leather  Size Mens Large  Brown,130.69,GBP,Pre-owned - Excellent,,,luela_alsorts,GB,,https://www.ebay.co.uk/itm/336476732754?_skw=All+Saints+Leather+Jacket&hash=item4e57937d52:g:Ow0AAeSwqzNnvMlt,,2026-03-16T23:23:18.075057+00:00,All Saints Leather Jacket
ebay,v1|257403228726|0,All Saints Mens SURVEY Leather Blazer Jacket XL Grey Brown Biker Bomber Suede,309.99,GBP,Pre-owned - Good,,,zecnavda,GB,,https://www.ebay.co.uk/itm/257403228726?_skw=All+Saints+Leather+Jacket&hash=item3bee6d9236:g:ldEAAOSwcYxnq8Uv,,2026-03-16T23:23:18.075060+00:00,All Saints Leather Jacket
ebay,v1|227253183976|0,AllSaints Women's Leather Favel Biker Jacket Size UK 4 Genuine Limited Edition,104.65,GBP,Pre-owned - Excellent,,,29iscoll,GB,,https://www.ebay.co.uk/itm/227253183976?_skw=All+Saints+Leather+Jacket&hash=item34e95865e8:g:WU4AAeSwhHdpqDXh,,2026-03-16T23:23:18.075063+00:00,All Saints Leather Jacket
ebay,v1|257403228738|0,AllSaints Mens MONZA Leather Biker Jacket XL Bomber All Saints Belted Motorcycle,229.99,GBP,Pre-owned - Good,,,zecnavda,GB,,https://www.ebay.co.uk/itm/257403228738?_skw=All+Saints+Leather+Jacket&hash=item3bee6d9242:g:GTIAAOSwSlBnWzOh,,2026-03-16T23:23:18.075065+00:00,All Saints Leather Jacket
ebay,v1|267602873171|0,All Saints Mens NIKO Leather Bomber Jacket XL EXTRA LARGE Black 2 Biker A486,199.99,GBP,Pre-owned - Good,,,zecnavda,GB,,https://www.ebay.co.uk/itm/267602873171?_skw=All+Saints+Leather+Jacket&hash=item3e4e5fcb53:g:45QAAOSwVyNmFwHD,,2026-03-16T23:23:18.075068+00:00,All Saints Leather Jacket
ebay,v1|287198527570|0,AllSaints Balfern Black Leather Biker Jacket UK10 Matte Black Hardware NWOT Moto,141.09,GBP,New without tags,,,falbret_637,GB,,https://www.ebay.co.uk/itm/287198527570?_skw=All+Saints+Leather+Jacket&hash=item42de5dc052:g:8UoAAeSwrDFoRxRu,,2026-03-16T23:23:18.075071+00:00,All Saints Leather Jacket
ebay,v1|267602873165|0,AllSaints Mens LUCAS Leather Blazer Coat SMALL Black Jacket Biker All Saints,199.99,GBP,Pre-owned - Excellent,,,zecnavda,GB,,https://www.ebay.co.uk/itm/267602873165?_skw=All+Saints+Leather+Jacket&hash=item3e4e5fcb4d:g:0t4AAOSwztdoSdNx,,2026-03-16T23:23:18.075074+00:00,All Saints Leather Jacket
ebay,v1|257402478017|0,ALL SAINTS Suede Leather Jacket Mens XL Biker Bomber Celebrity Grail CIRCUIT,99.99,GBP,Pre-owned - Good,,,londonink,GB,,https://www.ebay.co.uk/itm/257402478017?_skw=All+Saints+Leather+Jacket&hash=item3bee621dc1:g:cV0AAOSwHEdoIjww,,2026-03-16T23:23:18.075076+00:00,All Saints Leather Jacket
ebay,v1|336476625382|0,All Saints Black Jasper Leather Jacket Men's Small,89.99,GBP,Pre-owned - Excellent,,,soldbyjoanna,GB,,https://www.ebay.co.uk/itm/336476625382?_skw=All+Saints+Leather+Jacket&hash=item4e5791d9e6:g:GBwAAeSwxO5psx24,,2026-03-16T23:23:18.075079+00:00,All Saints Leather Jacket
ebay,v1|257403228730|0,All Saints Ladies OXBLOOD Leather Biker Jacket UK14 US10 EU42 bomber moto 2,229.99,GBP,Pre-owned - Fair,,,zecnavda,GB,,https://www.ebay.co.uk/itm/257403228730?_skw=All+Saints+Leather+Jacket&hash=item3bee6d923a:g:fi4AAOSwYhJjbWeJ,,2026-03-16T23:23:18.075082+00:00,All Saints Leather Jacket
ebay,v1|257403228735|0,All Saints Mens GRANTHAM Suede Bomber Jacket Brown LARGE AllSaints Leather Biker,239.99,GBP,Pre-owned - Excellent,,,zecnavda,GB,,https://www.ebay.co.uk/itm/257403228735?_skw=All+Saints+Leather+Jacket&hash=item3bee6d923f:g:DM8AAOSwnLVoSdLU,,2026-03-16T23:23:18.075085+00:00,All Saints Leather Jacket
ebay,v1|267602873167|0,AllSaints Mens SURVEY Leather Jacket XXL 2XL Grey Blazer Biker All Saints Suede,319.99,GBP,Pre-owned - Good,,,zecnavda,GB,,https://www.ebay.co.uk/itm/267602873167?_skw=All+Saints+Leather+Jacket&hash=item3e4e5fcb4f:g:c-8AAOSwSBdoHOzW,,2026-03-16T23:23:18.075087+00:00,All Saints Leather Jacket
ebay,v1|267602873164|0,All Saints Mens DROUGHT Leather Biker Jacket XL Extra Large 2 A243,219.99,GBP,Pre-owned - Excellent,,,zecnavda,GB,,https://www.ebay.co.uk/itm/267602873164?_skw=All+Saints+Leather+Jacket&hash=item3e4e5fcb4c:g:o5gAAOSwVk5lU9eB,,2026-03-16T23:23:18.075090+00:00,All Saints Leather Jacket
ebay,v1|257402478010|0,ALL SAINTS Suede Leather Jacket Mens LARGE Black Biker Bomber Celebrity MAURI,99.99,GBP,Pre-owned - Good,,,londonink,GB,,https://www.ebay.co.uk/itm/257402478010?_skw=All+Saints+Leather+Jacket&hash=item3bee621dba:g:sF0AAOSwtXNoLFtN,,2026-03-16T23:23:18.075093+00:00,All Saints Leather Jacket
ebay,v1|267602873162|0,AllSaints Mens CORA Leather Bomber Biker Jacket SMALL Moto All Saints A293,229.99,GBP,Pre-owned - Good,,,zecnavda,GB,,https://www.ebay.co.uk/itm/267602873162?_skw=All+Saints+Leather+Jacket&hash=item3e4e5fcb4a:g:VlEAAOSwCIBleMqy,,2026-03-16T23:23:18.075096+00:00,All Saints Leather Jacket
ebay,v1|267602873161|0,AllSaints Mens DEN Leather Biker Jacket MEDIUM Moto All Saints Bomber Rock A31,149.99,GBP,Pre-owned - Excellent,,,zecnavda,GB,,https://www.ebay.co.uk/itm/267602873161?_skw=All+Saints+Leather+Jacket&hash=item3e4e5fcb49:g:Ir0AAOSwz9xkf2Zm,,2026-03-16T23:23:18.075099+00:00,All Saints Leather Jacket
ebay,v1|257403284848|0,AllSaints Men's Conroy Leather Iconic Jacket Black Medium Size New,199.00,GBP,New without tags,,,dark.knight79,GB,,https://www.ebay.co.uk/itm/257403284848?_skw=All+Saints+Leather+Jacket&hash=item3bee6e6d70:g:0CQAAeSw-olpsxf6,,2026-03-16T23:23:18.075102+00:00,All Saints Leather Jacket
ebay,v1|257403228732|0,AllSaints BLENHAM Leather Bomber Jacket XL Black Mens Biker Oasis Liam Gallagher,259.99,GBP,Pre-owned - Good,,,zecnavda,GB,,https://www.ebay.co.uk/itm/257403228732?_skw=All+Saints+Leather+Jacket&hash=item3bee6d923c:g:PIsAAeSwaO9pZSTW,,2026-03-16T23:23:18.075104+00:00,All Saints Leather Jacket
ebay,v1|298115662332|0,AllSaints Belvedere Leather Biker Jacket In Black UK 6 EU 32-34 US 0-2,104.70,GBP,Pre-owned - Good,,,afkn246,GB,,https://www.ebay.co.uk/itm/298115662332?_skw=All+Saints+Leather+Jacket&hash=item45691401fc:g:CqIAAeSwZyJpsxB6,,2026-03-16T23:23:18.075107+00:00,All Saints Leather Jacket
ebay,v1|257403228719|0,All Saints Ladies ELORA Leather Biker Jacket UK10 US6 EU38 Black Bomber,229.99,GBP,Pre-owned - Excellent,,,zecnavda,GB,,https://www.ebay.co.uk/itm/257403228719?_skw=All+Saints+Leather+Jacket&hash=item3bee6d922f:g:dk0AAOSwKw9n--ye,,2026-03-16T23:23:18.075110+00:00,All Saints Leather Jacket
ebay,v1|257402478020|0,ALL SAINTS Leather Shirt Jacket Mens SMALL Black Biker Celebrity Grail HOLMES,99.99,GBP,Pre-owned - Good,,,londonink,GB,,https://www.ebay.co.uk/itm/257402478020?_skw=All+Saints+Leather+Jacket&hash=item3bee621dc4:g:k2kAAOSwl7ZoIjrP,,2026-03-16T23:23:18.075113+00:00,All Saints Leather Jacket
ebay,v1|257403228724|0,All Saints Ladies CARGO Leather Biker Jacket UK12 US8 EU40 Moto Grey A141,179.99,GBP,Pre-owned - Good,,,zecnavda,GB,,https://www.ebay.co.uk/itm/257403228724?_skw=All+Saints+Leather+Jacket&hash=item3bee6d9234:g:pSYAAOSwYVNlAhUe,,2026-03-16T23:23:18.075115+00:00,All Saints Leather Jacket
ebay,v1|267602873159|0,All Saints Mens MAYA Trucker Leather Bomber Jacket LARGE Biker AllSaints B70,199.99,GBP,Pre-owned - Good,,,zecnavda,GB,,https://www.ebay.co.uk/itm/267602873159?_skw=All+Saints+Leather+Jacket&hash=item3e4e5fcb47:g:vDwAAOSwFBBmdX6g,,2026-03-16T23:23:18.075120+00:00,All Saints Leather Jacket
ebay,v1|389736796587|0,AllSaints Wrap Cable Leather Biker Jacket in Black UK Size 12,125.49,GBP,Pre-owned - Good,,,your_best_click,GB,,https://www.ebay.co.uk/itm/389736796587?_skw=All+Saints+Leather+Jacket&hash=item5abe1f91ab:g:~c8AAeSwXEVo9LlG,,2026-03-16T23:23:18.075123+00:00,All Saints Leather Jacket
ebay,v1|257403228718|0,AllSaints Mens SURVEY Leather Blazer Jacket MEDIUM  All Saints Biker 3 A175,219.99,GBP,Pre-owned - Good,,,zecnavda,GB,,https://www.ebay.co.uk/itm/257403228718?_skw=All+Saints+Leather+Jacket&hash=item3bee6d922e:g:SJMAAOSwJ4hlMu4M,,2026-03-16T23:23:18.075125+00:00,All Saints Leather Jacket
ebay,v1|257403232245|0,AllSaints Bales Biker Leather Jacket Black UK10 Lamb Leather Excellent Condition,170.29,GBP,New without tags,,,biccster,GB,,https://www.ebay.co.uk/itm/257403232245?_skw=All+Saints+Leather+Jacket&hash=item3bee6d9ff5:g:6GUAAeSwnahpswl0,,2026-03-16T23:23:18.075128+00:00,All Saints Leather Jacket
ebay,v1|257402478006|0,ALL SAINTS Leather Shirt Jacket Mens MEDIUM ENEMY Shacket mckay emery phanton M,99.99,GBP,Pre-owned - Good,,,londonink,GB,,https://www.ebay.co.uk/itm/257402478006?_skw=All+Saints+Leather+Jacket&hash=item3bee621db6:g:FTIAAOSwtoFlTlW7,,2026-03-16T23:23:18.075131+00:00,All Saints Leather Jacket
ebay,v1|287198304144|0,All Saints Kushiro Leather Jacket Mens Black Small Biker Motorcycle Vgc,79.72,GBP,Pre-owned - Excellent,,,shoedoyoulove,GB,,https://www.ebay.co.uk/itm/287198304144?_skw=All+Saints+Leather+Jacket&hash=item42de5a5790:g:S7MAAeSwqkdptFqO,,2026-03-16T23:23:18.075134+00:00,All Saints Leather Jacket
ebay,v1|287198304152|0,All Saints Holt Leather Jacket Mens Black Small Biker Lambs Leather Motorcycle,99.72,GBP,Pre-owned - Excellent,,,shoedoyoulove,GB,,https://www.ebay.co.uk/itm/287198304152?_skw=All+Saints+Leather+Jacket&hash=item42de5a5798:g:jpkAAeSwy3xptFjV,,2026-03-16T23:23:18.075137+00:00,All Saints Leather Jacket
ebay,v1|168227364753|0,"All Saints ""Monster"" Mens Leather Jacket Biker Press Studs - Black - Size Large",99.99,GBP,Pre-owned - Good,,,lootpop,GB,,https://www.ebay.co.uk/itm/168227364753?_skw=All+Saints+Leather+Jacket&hash=item272b21df91:g:3hcAAeSw7cppswh0,,2026-03-16T23:23:18.075140+00:00,All Saints Leather Jacket
ebay,v1|257402478013|0,ALL SAINTS Leather Shirt Jacket Mens MEDIUM Black Celebrity Grail HOLMES,99.99,GBP,Pre-owned - Excellent,,,londonink,GB,,https://www.ebay.co.uk/itm/257402478013?_skw=All+Saints+Leather+Jacket&hash=item3bee621dbd:g:20UAAOSwxXpoIeL8,,2026-03-16T23:23:18.075143+00:00,All Saints Leather Jacket
ebay,v1|257402478021|0,ALL SAINTS Leather Jacket Mens SMALL Black S Camo Biker Bomber Celebrity DRURY,99.99,GBP,Pre-owned - Excellent,,,londonink,GB,,https://www.ebay.co.uk/itm/257402478021?_skw=All+Saints+Leather+Jacket&hash=item3bee621dc5:g:gPkAAOSwGUloLFcw,,2026-03-16T23:23:18.075146+00:00,All Saints Leather Jacket
ebay,v1|397705798397|0,ALL SAINTS Men’s Leather Bomber Jacket Brown ‘Sonar’ - Size Small S,69.99,GBP,Pre-owned - Good,,,demari-9612,GB,,https://www.ebay.co.uk/itm/397705798397?_skw=All+Saints+Leather+Jacket&hash=item5c991ce2fd:g:cewAAeSwSARpsvfJ,,2026-03-16T23:23:18.075149+00:00,All Saints Leather Jacket
ebay,v1|397705754315|0,All Saints Mens MILO Leather Biker Jacket SMALL S Black Bomber,84.99,GBP,Pre-owned - Excellent,,,demari-9612,GB,,https://www.ebay.co.uk/itm/397705754315?_skw=All+Saints+Leather+Jacket&hash=item5c991c36cb:g:gtsAAeSwKnlpsvZY,,2026-03-16T23:23:18.075151+00:00,All Saints Leather Jacket
ebay,v1|397705752050|0,ALL SAINTS Roundhouse Men’s Leather Biker Jacket Size XL - Black,99.95,GBP,Pre-owned - Excellent,,,demari-9612,GB,,https://www.ebay.co.uk/itm/397705752050?_skw=All+Saints+Leather+Jacket&hash=item5c991c2df2:g:V~UAAeSwM3FpsvVw,,2026-03-16T23:23:18.075154+00:00,All Saints Leather Jacket
ebay,v1|257402478018|0,ALL SAINTS Leather Jacket Mens SMALL Black S Biker Bomber Celebrity Grail HAWK,99.99,GBP,Pre-owned - Excellent,,,londonink,GB,,https://www.ebay.co.uk/itm/257402478018?_skw=All+Saints+Leather+Jacket&hash=item3bee621dc2:g:CGsAAOSwTApoIg-7,,2026-03-16T23:23:18.075157+00:00,All Saints Leather Jacket
ebay,v1|137123113655|0,Allsaints Krush Black Leather Jacket Mens Size XL Bomber Punk Motorcycle Biker,60.00,GBP,Pre-owned - Good,,,lee19i9,GB,,https://www.ebay.co.uk/itm/137123113655?_skw=All+Saints+Leather+Jacket&hash=item1fed2caab7:g:FkIAAeSwlNtpsu4x,,2026-03-16T23:23:18.075160+00:00,All Saints Leather Jacket
ebay,v1|257402477999|0,ALL SAINTS Leather Jacket Mens SMALL Black S Biker Bomber Celebrity Grail ACE,99.99,GBP,Pre-owned - Excellent,,,londonink,GB,,https://www.ebay.co.uk/itm/257402477999?_skw=All+Saints+Leather+Jacket&hash=item3bee621daf:g:i5IAAeSwa5ppRWtz,,2026-03-16T23:23:18.075163+00:00,All Saints Leather Jacket
ebay,v1|306817821601|0,Allsaints Headen Soft Sheep Suede Leather Biker Punk Rock Blazer Jacket Small,159.99,GBP,Pre-owned - Excellent,,,reloved_planet,GB,,https://www.ebay.co.uk/itm/306817821601?_skw=All+Saints+Leather+Jacket&hash=item476fc46ba1:g:sHYAAeSwojBpsuqL,,2026-03-16T23:23:18.075166+00:00,All Saints Leather Jacket
ebay,v1|306817821631|0,Allsaints Niko Black Soft Sheep Leather Bomber Punk Moto Biker Jacket Large,119.99,GBP,Pre-owned - Excellent,,,reloved_planet,GB,,https://www.ebay.co.uk/itm/306817821631?_skw=All+Saints+Leather+Jacket&hash=item476fc46bbf:g:p3oAAeSwH8ppsuwi,,2026-03-16T23:23:18.075169+00:00,All Saints Leather Jacket
ebay,v1|257402478001|0,ALL SAINTS Leather Jacket Mens SMALL Black Biker Bomber Celebrity Grail VARLEY,99.99,GBP,Pre-owned - Excellent,,,londonink,GB,,https://www.ebay.co.uk/itm/257402478001?_skw=All+Saints+Leather+Jacket&hash=item3bee621db1:g:W6wAAeSwMbdo1rxf,,2026-03-16T23:23:18.075172+00:00,All Saints Leather Jacket
ebay,v1|257402478002|0,ALL SAINTS Leather Jacket Mens SMALL Black Biker Bomber Celebrity Grail CATCH,99.99,GBP,Pre-owned - Good,,,londonink,GB,,https://www.ebay.co.uk/itm/257402478002?_skw=All+Saints+Leather+Jacket&hash=item3bee621db2:g:sw8AAeSwX-Zogqee,,2026-03-16T23:23:18.075175+00:00,All Saints Leather Jacket
