item_id,title,category,size,price,currency,shipping,best_offer,end_time,listed_at,condition,short_desc,seller,seller_feedback,location,listing_type,url,fetched_at,search_query,last_seen,times_seen,presumed_sold,sold_at
v1|137094564063|0,All Saints Men's Conroy Leather Jacket Oxblood Red Size M,Leather,l,119.99,GBP,£4.66,True,,2026-03-04T16:34:21.000Z,Pre-owned - Excellent,,sideshow_chris,100.0,GB,FIXED_PRICE,https://www.ebay.co.uk/itm/137094564063?_skw=All+Saints+Leather+Jacket&hash=item1feb7908df:g:37kAAeSw0uxpqF3k,2026-03-04T16:50:37.629627,All Saints Leather Jacket,2026-03-04T20:28:49.278450,2,True,2026-03-06T14:54:08.026003
v1|287179654475|0,Allsaints Netia Black Leather Jacket 14,Leather,l,100.0,GBP,£5.21,True,,2026-03-04T16:29:55.000Z,Pre-owned - Good,,katieandkarl,100.0,GB,FIXED_PRICE,https://www.ebay.co.uk/itm/287179654475?_skw=All+Saints+Leather+Jacket&hash=item42dd3dc54b:g:y7cAAeSwf6xpqF2h,2026-03-04T16:50:37.629867,All Saints Leather Jacket,2026-03-04T20:28:49.278450,2,True,2026-03-06T14:54:08.026003
v1|117069927368|0,All Saints Gidley Black Leather Biker Moto Jacket US 4 US 0,Leather,l,148.97,GBP,£28.19,True,,2026-03-04T16:28:06.000Z,Pre-owned - Good,,chiclavender,97.7,US,FIXED_PRICE,https://www.ebay.co.uk/itm/117069927368?_skw=All+Saints+Leather+Jacket&hash=item1b41e953c8:g:sf8AAeSwHzNpg8Tf,2026-03-04T16:50:37.629888,All Saints Leather Jacket,2026-03-04T20:28:49.278450,2,True,2026-03-06T14:54:08.026003
v1|287179648482|0,AllSaints Women's Stanton Leather Jacket 14,Leather,l,125.0,GBP,£5.88,True,,2026-03-04T16:21:27.000Z,Pre-owned - Excellent,,katieandkarl,100.0,GB,FIXED_PRICE,https://www.ebay.co.uk/itm/287179648482?_skw=All+Saints+Leather+Jacket&hash=item42dd3dade2:g:WX8AAeSwHq9pqFsI,2026-03-04T16:50:37.629901,All Saints Leather Jacket,2026-03-04T20:28:49.278450,2,True,2026-03-06T14:54:08.026003
v1|257390562368|0,ALL SAINTS Leather Jacket SMALL Mens Black Biker Bomber Celebrity Grail CATCH,Leather,L,89.99,GBP,Free,True,,2026-03-04T16:00:00.000Z,Pre-owned - Excellent,,londonink,100.0,GB,FIXED_PRICE,https://www.ebay.co.uk/itm/257390562368?_skw=All+Saints+Leather+Jacket&hash=item3bedac4c40:g:QGsAAOSwZCJl3Rfo,2026-03-04T16:50:37.629911,All Saints Leather Jacket,2026-03-04T20:28:49.278450,2,True,2026-03-06T14:54:08.026003
v1|257390683410|0,ALL SAINTS Leather Jacket Mens MEDIUM Black Biker Bomber Celebrity Hooded COBDEN,Leather,L,299.99,GBP,Free,True,,2026-03-04T16:00:00.000Z,Pre-owned - Good,,londonink,100.0,GB,FIXED_PRICE,https://www.ebay.co.uk/itm/257390683410?_skw=All+Saints+Leather+Jacket&hash=item3bedae2512:g:uBwAAOSw22xoUrq~,2026-03-04T16:50:37.629921,All Saints Leather Jacket,2026-03-04T20:28:49.278450,2,True,2026-03-06T14:54:08.026003
v1|257390691685|0,ALL SAINTS Leather Jacket Mens EXTRA SMALL Brown Biker Bomber Celebrity CONROY,Leather,L,119.99,GBP,Free,True,,2026-03-04T16:00:00.000Z,Pre-owned - Good,,londonink,100.0,GB,FIXED_PRICE,https://www.ebay.co.uk/itm/257390691685?_skw=All+Saints+Leather+Jacket&hash=item3bedae4565:g:9pUAAeSwhlppgkod,2026-03-04T16:50:37.629930,All Saints Leather Jacket,2026-03-04T20:28:49.278450,2,True,2026-03-06T14:54:08.026003
v1|257390756576|0,All Saints Watson Womens Leather Jacket UK2 Biker Bomber Grail US00 EU30 XS XXS,Leather,l,49.99,GBP,Free,False,,2026-03-04T15:30:00.000Z,Pre-owned - Good,,londonink,100.0,GB,FIXED_PRICE,https://www.ebay.co.uk/itm/257390756576?_skw=All+Saints+Leather+Jacket&hash=item3bedaf42e0:g:6RgAAeSwqWBpZZIc,2026-03-04T16:50:37.629939,All Saints Leather Jacket,2026-03-04T20:28:49.278450,2,True,2026-03-06T14:54:08.026003
v1|336463249019|0,Allsaints Alkan Sheep Leather Jacket Sz L Boyfriend Wash Black Brown RRP £399,Leather,l,140.0,GBP,£3.60,True,,2026-03-04T15:28:22.000Z,New with tags,,stockunion,100.0,GB,FIXED_PRICE,https://www.ebay.co.uk/itm/336463249019?_skw=All+Saints+Leather+Jacket&hash=item4e56c5be7b:g:FvEAAeSwq1ppqFJP,2026-03-04T16:50:37.629953,All Saints Leather Jacket,2026-03-04T20:28:49.278450,2,True,2026-03-06T14:54:08.026003
v1|127718394325|0,Vintage Allsaints Leather Cargo Biker Jacket Zip Distressed Faded Women 12 M 8,Leather,l,94.33,GBP,£17.97,True,,2026-03-04T15:26:09.000Z,Pre-owned - Good,,kazbetov.store,99.6,UA,FIXED_PRICE,https://www.ebay.co.uk/itm/127718394325?_skw=All+Saints+Leather+Jacket&hash=item1dbc9c09d5:g:QowAAeSwd6FpqEzl,2026-03-04T16:50:37.629966,All Saints Leather Jacket,2026-03-04T20:28:49.278450,2,True,2026-03-06T14:54:08.026003
v1|366245626483|0,AllSaints Dalby Leather Jacket – Size 10 – Khaki / Army Green – New With Tags,Leather,l,156.7,GBP,£4.26,True,,2026-03-04T15:18:35.000Z,New with tags,,nambrav,0.0,GB,FIXED_PRICE,https://www.ebay.co.uk/itm/366245626483?_skw=All+Saints+Leather+Jacket&hash=item5545f0c273:g:EHgAAeSwjx5pqExY,2026-03-04T16:50:37.630215,All Saints Leather Jacket,2026-03-04T20:28:49.278450,2,True,2026-03-06T14:54:08.026003
v1|177921201192|0,AllSaints Dalby Biker Leather Jacket Black UK 12 US 8 Soft Lambskin Minimalist,Leather,l,138.49,GBP,£25.30,True,,2026-03-04T15:04:16.000Z,Pre-owned - Good,,fiadhstudios,100.0,US,FIXED_PRICE,https://www.ebay.co.uk/itm/177921201192?_skw=All+Saints+Leather+Jacket&hash=item296cee1428:g:2EoAAeSwfbFpqEmx,2026-03-04T16:50:37.630229,All Saints Leather Jacket,2026-03-04T20:28:49.278450,2,True,2026-03-06T14:54:08.026003
v1|257390562367|0,ALL SAINTS Leather Jacket Mens SMALL Grey Biker Bomber Celebrity Grail ETON,Leather,L,229.99,GBP,Free,True,,2026-03-04T15:00:00.000Z,Pre-owned - Good,,londonink,100.0,GB,FIXED_PRICE,https://www.ebay.co.uk/itm/257390562367?_skw=All+Saints+Leather+Jacket&hash=item3bedac4c3f:g:yfEAAOSwBdtoJuou,2026-03-04T16:50:37.630238,All Saints Leather Jacket,2026-03-04T20:28:49.278450,2,True,2026-03-06T14:54:08.026003
v1|257390683408|0,ALL SAINTS Leather Jacket Mens LARGE Black Biker Bomber Celebrity Grail MONZA,Leather,L,229.99,GBP,Free,True,,2026-03-04T15:00:00.000Z,Pre-owned - Excellent,,londonink,100.0,GB,FIXED_PRICE,https://www.ebay.co.uk/itm/257390683408?_skw=All+Saints+Leather+Jacket&hash=item3bedae2510:g:Wb4AAOSwo8ZoIwe8,2026-03-04T16:50:37.630247,All Saints Leather Jacket,2026-03-04T20:28:49.278450,2,True,2026-03-06T14:54:08.026003
v1|257390691694|0,ALL SAINTS Leather Jacket Mens EXTRA LARGE Black XL Biker Bomber Celebrity LOMI,Leather,L,229.99,GBP,Free,True,,2026-03-04T15:00:00.000Z,Pre-owned - Excellent,,londonink,100.0,GB,FIXED_PRICE,https://www.ebay.co.uk/itm/257390691694?_skw=All+Saints+Leather+Jacket&hash=item3bedae456e:g:18MAAOSwxvlmwOxt,2026-03-04T16:50:37.630256,All Saints Leather Jacket,2026-03-04T20:28:49.278450,2,True,2026-03-06T14:54:08.026003
v1|257390756575|0,All Saints Lowell Womens Leather Jacket UK8 Black Biker Bomber US4 EU36,Leather,l,79.99,GBP,Free,False,,2026-03-04T15:00:00.000Z,Pre-owned - Excellent,,londonink,100.0,GB,FIXED_PRICE,https://www.ebay.co.uk/itm/257390756575?_skw=All+Saints+Leather+Jacket&hash=item3bedaf42df:g:ICAAAOSwguVkx7JD,2026-03-04T16:50:37.630266,All Saints Leather Jacket,2026-03-04T20:28:49.278450,2,True,2026-03-06T14:54:08.026003
v1|257390196288|0,ALL SAINTS Leather Jacket Mens MEDIUM Black Biker David Beckham,Leather,L,169.0,GBP,£12.00,False,,2026-03-04T14:52:57.000Z,New without tags,,dark.knight79,100.0,GB,FIXED_PRICE,https://www.ebay.co.uk/itm/257390196288?_skw=All+Saints+Leather+Jacket&hash=item3beda6b640:g:7eoAAeSwgvxpp7oj,2026-03-04T16:50:37.630276,All Saints Leather Jacket,2026-03-04T20:28:49.278450,2,True,2026-03-06T14:54:08.026003
v1|257390691687|0,All Saints Shorland Womens Leather Jacket UK8 Black Biker Bomber US4 EU36,Leather,l,99.99,GBP,Free,False,,2026-03-04T14:25:00.000Z,Pre-owned - Excellent,,londonink,100.0,GB,FIXED_PRICE,https://www.ebay.co.uk/itm/257390691687?_skw=All+Saints+Leather+Jacket&hash=item3bedae4567:g:-oUAAOSwQKJlN6d1,2026-03-04T16:50:37.630284,All Saints Leather Jacket,2026-03-04T20:28:49.278450,2,True,2026-03-06T14:54:08.026003
v1|397674476287|0,AllSaints Dalby Biker Lamb Leather Jacket UK12 Beige Used,Leather,l,195.38,GBP,Free,False,,2026-03-04T14:24:37.000Z,Pre-owned - Good,,gleamjapan,100.0,JP,FIXED_PRICE,https://www.ebay.co.uk/itm/397674476287?_skw=All+Saints+Leather+Jacket&hash=item5c973ef2ff:g:A1cAAeSwgR1pqEEi,2026-03-04T16:50:37.630294,All Saints Leather Jacket,2026-03-04T20:28:49.278450,2,True,2026-03-06T14:54:08.026003
v1|397674474466|0,AllSaints Lamb Leather Jacket UK6 Double Rider Vintage Black Used,Leather,l,161.69,GBP,Free,False,,2026-03-04T14:24:04.000Z,Pre-owned - Good,,gleamjapan,100.0,JP,FIXED_PRICE,https://www.ebay.co.uk/itm/397674474466?_skw=All+Saints+Leather+Jacket&hash=item5c973eebe2:g:zsAAAeSwojBpqED~,2026-03-04T16:50:37.630303,All Saints Leather Jacket,2026-03-04T20:28:49.278450,2,True,2026-03-06T14:54:08.026003
v1|257390691703|0,All Saints Sarana Womens Leather Jacket UK12 Yellow Biker Bomber EU40 US8,Leather,l,99.99,GBP,Free,False,,2026-03-04T14:15:00.000Z,Pre-owned - Excellent,,londonink,100.0,GB,FIXED_PRICE,https://www.ebay.co.uk/itm/257390691703?_skw=All+Saints+Leather+Jacket&hash=item3bedae4577:g:QYoAAOSwh9doIbxk,2026-03-04T16:50:37.630313,All Saints Leather Jacket,2026-03-04T20:28:49.278450,2,True,2026-03-06T14:54:08.026003
v1|257390691701|0,All Saints Luna Womens Leather Jacket SMALL Black Biker Bomber UK8 US4 EU36,Leather,l,139.99,GBP,Free,False,,2026-03-04T14:05:00.000Z,Pre-owned - Excellent,,londonink,100.0,GB,FIXED_PRICE,https://www.ebay.co.uk/itm/257390691701?_skw=All+Saints+Leather+Jacket&hash=item3bedae4575:g:tbcAAOSwxXpoIcI-,2026-03-04T16:50:37.630323,All Saints Leather Jacket,2026-03-04T20:28:49.278450,2,True,2026-03-06T14:54:08.026003
v1|257390479125|0,ALL SAINTS Suede Leather Jacket LARGE Mens Black Biker Bomber Celebrity MAURI,Leather,L,129.99,GBP,Free,True,,2026-03-04T14:00:00.000Z,Pre-owned - Good,,londonink,100.0,GB,FIXED_PRICE,https://www.ebay.co.uk/itm/257390479125?_skw=All+Saints+Leather+Jacket&hash=item3bedab0715:g:sF0AAOSwtXNoLFtN,2026-03-04T16:50:37.630332,All Saints Leather Jacket,2026-03-04T20:28:49.278450,2,True,2026-03-06T14:54:08.026003
v1|257390683412|0,ALL SAINTS Leather Jacket Mens LARGE Black  Biker Bomber Celebrity Grail HARWOOD,Leather,L,249.99,GBP,Free,True,,2026-03-04T14:00:00.000Z,Pre-owned - Excellent,,londonink,100.0,GB,FIXED_PRICE,https://www.ebay.co.uk/itm/257390683412?_skw=All+Saints+Leather+Jacket&hash=item3bedae2514:g:O8gAAeSwVuppRV6J,2026-03-04T16:50:37.630341,All Saints Leather Jacket,2026-03-04T20:28:49.278450,2,True,2026-03-06T14:54:08.026003
v1|257390691681|0,ALL SAINTS Leather Jacket Mens EXTRA LARGE Black XL Biker Bomber Celebrity ALLEN,Leather,L,279.99,GBP,Free,True,,2026-03-04T14:00:00.000Z,Pre-owned - Excellent,,londonink,100.0,GB,FIXED_PRICE,https://www.ebay.co.uk/itm/257390691681?_skw=All+Saints+Leather+Jacket&hash=item3bedae4561:g:lU0AAeSwUnlpglPt,2026-03-04T16:50:37.630350,All Saints Leather Jacket,2026-03-04T20:28:49.278450,2,True,2026-03-06T14:54:08.026003
v1|257390691699|0,All Saints Estella Womens Leather Jacket UK10 Black Biker Bomber Grail US6 EU38,Leather,l,120.0,GBP,Free,False,,2026-03-04T13:55:00.000Z,Pre-owned - Excellent,,londonink,100.0,GB,FIXED_PRICE,https://www.ebay.co.uk/itm/257390691699?_skw=All+Saints+Leather+Jacket&hash=item3bedae4573:g:E38AAOSwCspnPIe~,2026-03-04T16:50:37.630359,All Saints Leather Jacket,2026-03-04T20:28:49.278450,2,True,2026-03-06T14:54:08.026003
v1|257390691702|0,All Saints Elva Womens Leather Jacket UK10 Biker Bomber Celebrity Grail US6 EU38,Leather,l,99.99,GBP,Free,False,,2026-03-04T13:45:00.000Z,Pre-owned - Excellent,,londonink,100.0,GB,FIXED_PRICE,https://www.ebay.co.uk/itm/257390691702?_skw=All+Saints+Leather+Jacket&hash=item3bedae4576:g:48AAAOSwHBFmDvpX,2026-03-04T16:50:37.630368,All Saints Leather Jacket,2026-03-04T20:28:49.278450,2,True,2026-03-06T14:54:08.026003
v1|257390691696|0,All Saints Dren Womens Leather Jacket UK8 Black Biker Bomber Celebrity US4 EU36,Leather,l,99.99,GBP,Free,False,,2026-03-04T13:35:00.000Z,Pre-owned - Good,,londonink,100.0,GB,FIXED_PRICE,https://www.ebay.co.uk/itm/257390691696?_skw=All+Saints+Leather+Jacket&hash=item3bedae4570:g:cK8AAOSwroJoIcHx,2026-03-04T16:50:37.630377,All Saints Leather Jacket,2026-03-04T20:28:49.278450,2,True,2026-03-06T14:54:08.026003
v1|257390691698|0,All Saints Dalby Womens Leather Jacket UK8 Biker Bomber Celebrity Grail US4 EU36,Leather,l,89.99,GBP,Free,False,,2026-03-04T13:25:00.000Z,Pre-owned - Excellent,,londonink,100.0,GB,FIXED_PRICE,https://www.ebay.co.uk/itm/257390691698?_skw=All+Saints+Leather+Jacket&hash=item3bedae4572:g:qkUAAOSwh~BoIcCO,2026-03-04T16:50:37.630386,All Saints Leather Jacket,2026-03-04T20:28:49.278450,2,True,2026-03-06T14:54:08.026003
v1|257390479120|0,ALL SAINTS Leather Jacket Mens SMALL Black Studded Biker Bomber Celebrity NADE,Leather,L,299.99,GBP,Free,True,,2026-03-04T13:00:00.000Z,New with imperfections,,londonink,100.0,GB,FIXED_PRICE,https://www.ebay.co.uk/itm/257390479120?_skw=All+Saints+Leather+Jacket&hash=item3bedab0710:g:5RIAAeSwMr9o8OH3,2026-03-04T16:50:37.630396,All Saints Leather Jacket,2026-03-04T20:28:49.278450,2,True,2026-03-06T14:54:08.026003
v1|227241876415|0,AllSaints Catch Leather Biker Jacket Womens UK 10 EU38,Leather,l,119.0,GBP,£3.30,False,,2026-03-04T12:36:00.000Z,Pre-owned - Excellent,,phillymac999c1k2,99.9,GB,FIXED_PRICE,https://www.ebay.co.uk/itm/227241876415?_skw=All+Saints+Leather+Jacket&hash=item34e8abdbbf:g:SSAAAeSwfyppqCZz,2026-03-04T16:50:37.630406,All Saints Leather Jacket,2026-03-04T20:28:49.278450,2,True,2026-03-06T14:54:08.026003
v1|267593956387|0,ALL SAINTS Smart Leather Men's Biker Jacket Shacket Top Shirt Celebrity Size: S,Leather,L,199.99,GBP,£3.99,False,,2026-03-04T12:20:59.000Z,Pre-owned - Good,,krisnos,99.8,GB,FIXED_PRICE,https://www.ebay.co.uk/itm/267593956387?_skw=All+Saints+Leather+Jacket&hash=item3e4dd7bc23:g:J5IAAeSw16NpqB2v,2026-03-04T16:50:37.630416,All Saints Leather Jacket,2026-03-04T20:28:49.278450,2,True,2026-03-06T14:54:08.026003
v1|257390479118|0,ALL SAINTS Leather Jacket Mens SMALL Black S Biker Bomber Celebrity Grail SARLS,Leather,L,259.99,GBP,Free,True,,2026-03-04T12:00:00.000Z,Pre-owned - Excellent,,londonink,100.0,GB,FIXED_PRICE,https://www.ebay.co.uk/itm/257390479118?_skw=All+Saints+Leather+Jacket&hash=item3bedab070e:g:aFYAAeSwd7RoyZSR,2026-03-04T16:50:37.630425,All Saints Leather Jacket,2026-03-04T20:28:49.278450,2,True,2026-03-06T14:54:08.026003
v1|306802371116|0,All Saints Mens Eadric Goat Leather Suede Jacket Beige - Size L RRP £369,Leather,l,89.99,GBP,£3.55,True,,2026-03-04T11:20:00.000Z,Pre-owned - Good,,jaffacakes123ben,99.9,GB,FIXED_PRICE,https://www.ebay.co.uk/itm/306802371116?_skw=All+Saints+Leather+Jacket&hash=item476ed8aa2c:g:hHIAAeSwg05pb2HM,2026-03-04T16:50:37.630436,All Saints Leather Jacket,2026-03-04T20:28:49.278450,2,True,2026-03-06T14:54:08.026003
v1|257390479121|0,ALL SAINTS Leather Jacket Mens MEDIUM Grey Biker Bomber Celebrity Grail ANTRO,Leather,L,259.99,GBP,Free,True,,2026-03-04T11:00:00.000Z,Pre-owned - Good,,londonink,100.0,GB,FIXED_PRICE,https://www.ebay.co.uk/itm/257390479121?_skw=All+Saints+Leather+Jacket&hash=item3bedab0711:g:thQAAeSwGFxopkyw,2026-03-04T16:50:37.630445,All Saints Leather Jacket,2026-03-04T20:28:49.278450,2,True,2026-03-06T14:54:08.026003
v1|306802371119|0,ALLSAINTS Leather Jacket Large Mens Black Ace Biker Bomber Grail Thin Light,Leather,L,109.99,GBP,£3.55,True,,2026-03-04T11:00:00.000Z,Pre-owned - Excellent,,jaffacakes123ben,99.9,GB,FIXED_PRICE,https://www.ebay.co.uk/itm/306802371119?_skw=All+Saints+Leather+Jacket&hash=item476ed8aa2f:g:z9oAAeSwy8hpb2FW,2026-03-04T16:50:37.630455,All Saints Leather Jacket,2026-03-04T20:28:49.278450,2,True,2026-03-06T14:54:08.026003
v1|277773642555|0,"ALL SAINTS BELVEDERE Black Leather JACKET UK14, US10, EU42 Biker Moto",Leather,L,71.86,GBP,£43.09,True,,2026-03-04T10:03:40.000Z,Pre-owned - Good,,venetto,99.6,US,FIXED_PRICE,https://www.ebay.co.uk/itm/277773642555?_skw=All+Saints+Leather+Jacket&hash=item40ac996b3b:g:d1oAAeSw-Ixo3n0J,2026-03-04T16:50:37.630465,All Saints Leather Jacket,2026-03-04T20:28:49.278450,2,True,2026-03-06T14:54:08.026003
v1|177920560462|0,All Saints Italian Soft Leather Taupe brown Biker Jacket size UK 10 ,Leather,l,89.1,GBP,£3.38,False,,2026-03-04T09:38:46.000Z,Pre-owned - Excellent,,fifi708,100.0,GB,FIXED_PRICE,https://www.ebay.co.uk/itm/177920560462?_skw=All+Saints+Leather+Jacket&hash=item296ce44d4e:g:FYcAAeSwPsRpp~1Q,2026-03-04T16:50:37.630481,All Saints Leather Jacket,2026-03-04T20:28:49.278450,2,True,2026-03-06T14:54:08.026003
v1|188119257088|0,ALLSAINTS Mower Leather Bomber Jacket Mens Small Zip Pockets Black Biker Casual,Leather,L,74.98,GBP,£3.99,True,,2026-03-04T08:46:44.000Z,Pre-owned - Good,,coppers22,99.9,GB,FIXED_PRICE,https://www.ebay.co.uk/itm/188119257088?_skw=All+Saints+Leather+Jacket&hash=item2bccc81000:g:MS4AAeSwFYZpp2aK,2026-03-04T16:50:37.630491,All Saints Leather Jacket,2026-03-04T20:28:49.278450,2,True,2026-03-06T14:54:08.026003
v1|198153838099|0,All Saints Suede Jacket Mens Small Beige Biker Bomber Leather Quilted Moto Kenji,Leather,l,129.95,GBP,Free,True,,2026-03-04T08:12:16.000Z,Pre-owned - Good,,eco.elegance,99.9,GB,FIXED_PRICE,https://www.ebay.co.uk/itm/198153838099?_skw=All+Saints+Leather+Jacket&hash=item2e22e39e13:g:E-kAAeSwcSZpoutD,2026-03-04T16:50:37.630500,All Saints Leather Jacket,2026-03-04T20:28:49.278450,2,True,2026-03-06T14:54:08.026003
v1|267593767673|0,All Saints Mens Jacket XL Black Leather Stearn Bomber Biker Cafe Moto Racer,Leather,l,89.99,GBP,£3.99,True,,2026-03-04T08:06:54.000Z,Pre-owned - Good,,jjclearance,100.0,GB,FIXED_PRICE,https://www.ebay.co.uk/itm/267593767673?_skw=All+Saints+Leather+Jacket&hash=item3e4dd4daf9:g:7LEAAeSwT7xpocHP,2026-03-04T16:50:37.630509,All Saints Leather Jacket,2026-03-04T20:28:49.278450,2,True,2026-03-06T14:54:08.026003
v1|406736369028|0,All Saints Men's REIN Leather Jacket BROWN Biker Heavyweight Size Large S,Leather,l,135.9,GBP,£4.48,True,,2026-03-04T08:02:40.000Z,New with tags,,vikmykha13,98.3,GB,FIXED_PRICE,https://www.ebay.co.uk/itm/406736369028?_skw=All+Saints+Leather+Jacket&hash=item5eb3607584:g:gQ0AAOSwUIRnfrxH,2026-03-04T16:50:37.630519,All Saints Leather Jacket,2026-03-04T20:28:49.278450,2,True,2026-03-06T14:54:08.026003
v1|306802371130|0,All Saints Mens ADISHAM Suede Leather Shirt Jacket Biker Bomber Medium,Leather,l,89.99,GBP,£3.55,True,,2026-03-04T08:00:00.000Z,Pre-owned - Excellent,,jaffacakes123ben,99.9,GB,FIXED_PRICE,https://www.ebay.co.uk/itm/306802371130?_skw=All+Saints+Leather+Jacket&hash=item476ed8aa3a:g:tA4AAeSw4gtpb2lL,2026-03-04T16:50:37.630528,All Saints Leather Jacket,2026-03-04T20:28:49.278450,2,True,2026-03-06T14:54:08.026003
v1|188117933001|0,Authentic ALLSAINTS Mens MILES SHEARLING BIKER Jacket Coat Leather Black Small,Leather,L,893.85,GBP,£53.51,True,,2026-03-03T23:51:44.000Z,Pre-owned - Excellent,,saundersvintage,100.0,US,FIXED_PRICE,https://www.ebay.co.uk/itm/188117933001?_skw=All+Saints+Leather+Jacket&hash=item2bccb3dbc9:g:jLEAAeSwgH9pp3Ps,2026-03-04T16:50:37.630543,All Saints Leather Jacket,2026-03-04T20:28:49.278450,2,True,2026-03-06T14:54:08.026003
v1|257389402821|0,ALL SAINTS Leather Jacket Mens 2XL Black Biker Bomber Celebrity Hood XXL HARWOOD,Leather,L,299.99,GBP,Free,True,,2026-03-03T23:45:00.000Z,Pre-owned - Excellent,,londonink,100.0,GB,FIXED_PRICE,https://www.ebay.co.uk/itm/257389402821?_skw=All+Saints+Leather+Jacket&hash=item3bed9a9ac5:g:za0AAOSwmUBoLFfT,2026-03-04T16:50:37.630552,All Saints Leather Jacket,2026-03-04T20:28:49.278450,2,True,2026-03-06T14:54:08.026003
v1|257389402824|0,ALL SAINTS Leather Jacket Mens LARGE Black Biker Bomber Celebrity Grail CORA,Leather,L,249.99,GBP,Free,True,,2026-03-03T23:00:00.000Z,Pre-owned - Good,,londonink,100.0,GB,FIXED_PRICE,https://www.ebay.co.uk/itm/257389402824?_skw=All+Saints+Leather+Jacket&hash=item3bed9a9ac8:g:gCYAAeSwE-lo8LOY,2026-03-04T16:50:37.630560,All Saints Leather Jacket,2026-03-04T20:28:49.278450,2,True,2026-03-06T14:54:08.026003
v1|157723561331|0,Allsaints Black Leather Jacket,Leather,l,176.46,GBP,£4.26,True,,2026-03-03T22:34:38.000Z,Pre-owned - Excellent,,mokr_judy,100.0,GB,FIXED_PRICE,https://www.ebay.co.uk/itm/157723561331?_skw=All+Saints+Leather+Jacket&hash=item24b90e8d73:g:Jq4AAeSwYOVpp2Gd,2026-03-04T16:50:37.630578,All Saints Leather Jacket,2026-03-04T20:28:49.278450,2,True,2026-03-06T14:54:08.026003
v1|257389669086|0,ALL SAINTS Leather Jacket LARGE Mens Brown Biker Bomber Celebrity Grail VOLTAIRE,Leather,L,219.99,GBP,Free,True,,2026-03-03T22:30:00.000Z,Pre-owned - Good,,londonink,100.0,GB,FIXED_PRICE,https://www.ebay.co.uk/itm/257389669086?_skw=All+Saints+Leather+Jacket&hash=item3bed9eaade:g:DpAAAOSwmu9oJ2h4,2026-03-04T16:50:37.630587,All Saints Leather Jacket,2026-03-04T20:28:49.278450,2,True,2026-03-06T14:54:08.026003
v1|257389402814|0,ALL SAINTS Leather Jacket Mens LARGE Black Biker Bomber Celebrity Grail FLOYD,Leather,L,259.99,GBP,Free,True,,2026-03-03T22:15:00.000Z,Pre-owned - Excellent,,londonink,100.0,GB,FIXED_PRICE,https://www.ebay.co.uk/itm/257389402814?_skw=All+Saints+Leather+Jacket&hash=item3bed9a9abe:g:bcwAAeSwEGlpCOlS,2026-03-04T16:50:37.630595,All Saints Leather Jacket,2026-03-04T20:28:49.278450,2,True,2026-03-06T14:54:08.026003
v1|358282675731|0,All Saints Lauren Lea Leather Puffer Jacket in Black at Nordstrom,Leather,l,338.2,GBP,£4.26,True,,2026-03-03T22:05:45.000Z,New with tags,,originalbrandedgoods,100.0,GB,FIXED_PRICE,https://www.ebay.co.uk/itm/358282675731?_skw=All+Saints+Leather+Jacket&hash=item536b4fc613:g:GnMAAeSwNYFpp1qp,2026-03-04T16:50:37.630604,All Saints Leather Jacket,2026-03-04T20:28:49.278450,2,True,2026-03-06T14:54:08.026003
v1|257389402820|0,ALL SAINTS Leather Jacket Mens MEDIUM Black Biker Bomber Celebrity Grail KOSHI,Leather,L,259.99,GBP,Free,True,,2026-03-03T21:30:00.000Z,Pre-owned - Excellent,,londonink,100.0,GB,FIXED_PRICE,https://www.ebay.co.uk/itm/257389402820?_skw=All+Saints+Leather+Jacket&hash=item3bed9a9ac4:g:R-IAAOSw87Vm1aP4,2026-03-04T16:50:37.630613,All Saints Leather Jacket,2026-03-04T20:28:49.278450,2,True,2026-03-06T14:54:08.026003
v1|358282500930|0,All Saints Milo Black Leather Jacket Size Medium,Leather,l,164.7,GBP,£34.97,True,,2026-03-03T20:46:55.000Z,New without tags,,kynfos25,95.7,US,FIXED_PRICE,https://www.ebay.co.uk/itm/358282500930?_skw=All+Saints+Leather+Jacket&hash=item536b4d1b42:g:WtkAAeSwkKxpp0hK,2026-03-04T16:50:37.630623,All Saints Leather Jacket,2026-03-04T20:28:49.278450,2,True,2026-03-06T14:54:08.026003
v1|257389402822|0,ALL SAINTS Leather Jacket Mens MEDIUM Black Biker Bomber Celebrity Grail SARLS,Leather,L,269.99,GBP,Free,True,,2026-03-03T20:45:00.000Z,Pre-owned - Excellent,,londonink,100.0,GB,FIXED_PRICE,https://www.ebay.co.uk/itm/257389402822?_skw=All+Saints+Leather+Jacket&hash=item3bed9a9ac6:g:hiwAAOSwBlZoIepz,2026-03-04T16:50:37.630631,All Saints Leather Jacket,2026-03-04T20:28:49.278450,2,True,2026-03-06T14:54:08.026003
v1|406735222560|0,ALLSAINTS BALFERN BIKER Black Gold Leather Jacket Size 14,Leather,L,167.1,GBP,£3.42,False,,2026-03-03T20:24:55.000Z,Pre-owned - Excellent,,creative_concepts_design,100.0,GB,FIXED_PRICE,https://www.ebay.co.uk/itm/406735222560?_skw=All+Saints+Leather+Jacket&hash=item5eb34ef720:g:LFQAAeSwbodpp0NA,2026-03-04T16:50:37.630641,All Saints Leather Jacket,2026-03-04T20:28:49.278450,2,True,2026-03-06T14:54:08.026003
v1|257389420002|0,AllSaints LARK Leather Jacket SMALL Black Bomber Mens Biker All Saints Rider,Leather,l,249.99,GBP,Free,True,,2026-03-03T20:20:00.000Z,Pre-owned - Excellent,,zecnavda,100.0,GB,FIXED_PRICE,https://www.ebay.co.uk/itm/257389420002?_skw=All+Saints+Leather+Jacket&hash=item3bed9adde2:g:ZckAAeSwsgZpmKDG,2026-03-04T16:50:37.630650,All Saints Leather Jacket,2026-03-04T20:28:49.278450,2,True,2026-03-06T14:54:08.026003
v1|257389667898|0,ALL SAINTS Leather Jacket Mens LARGE Black Biker Bomber Celebrity Grail BLOC,Leather,L,239.99,GBP,Free,True,,2026-03-03T20:17:28.000Z,Pre-owned - Good,,londonink,100.0,GB,FIXED_PRICE,https://www.ebay.co.uk/itm/257389667898?_skw=All+Saints+Leather+Jacket&hash=item3bed9ea63a:g:WSUAAeSwdCto6Pj2,2026-03-04T16:50:37.630659,All Saints Leather Jacket,2026-03-04T20:28:49.278450,2,True,2026-03-06T14:54:08.026003
v1|257389667900|0,ALL SAINTS Leather Jacket EXTRA LARGE Mens Black Biker Bomber Celebrity MISHIMA,Leather,L,249.99,GBP,Free,True,,2026-03-03T20:17:28.000Z,Pre-owned - Excellent,,londonink,100.0,GB,FIXED_PRICE,https://www.ebay.co.uk/itm/257389667900?_skw=All+Saints+Leather+Jacket&hash=item3bed9ea63c:g:IhEAAeSwGIBpA1Nj,2026-03-04T16:50:37.630667,All Saints Leather Jacket,2026-03-04T20:28:49.278450,2,True,2026-03-06T14:54:08.026003
v1|257389667902|0,ALL SAINTS Leather Jacket EXTRA LARGE Mens Black Biker Bomber Celebrity KLISKO,Leather,L,259.99,GBP,Free,True,,2026-03-03T20:17:28.000Z,Pre-owned - Excellent,,londonink,100.0,GB,FIXED_PRICE,https://www.ebay.co.uk/itm/257389667902?_skw=All+Saints+Leather+Jacket&hash=item3bed9ea63e:g:PpIAAOSwZ4loJulL,2026-03-04T16:50:37.630675,All Saints Leather Jacket,2026-03-04T20:28:49.278450,2,True,2026-03-06T14:54:08.026003
v1|168202806356|0,ALLSAINTS 100% Lamb Leather Moto Jacket Size 2 Goat Leather Colorblock Designer,Leather,L,152.01,GBP,£29.67,True,,2026-03-03T20:07:58.000Z,Pre-owned - Excellent,,effi-collection,100.0,US,FIXED_PRICE,https://www.ebay.co.uk/itm/168202806356?_skw=All+Saints+Leather+Jacket&hash=item2729ab2454:g:i2oAAeSwOotpWYZO,2026-03-04T16:50:37.630685,All Saints Leather Jacket,2026-03-04T20:28:49.278450,2,True,2026-03-06T14:54:08.026003
v1|257388992115|0,ALL SAINTS Leather Jacket Mens EXTRA SMALL Black XS Biker Bomber Oasis BLENHAM,Leather,L,249.99,GBP,Free,True,,2026-03-03T20:00:00.000Z,Pre-owned - Excellent,,londonink,100.0,GB,FIXED_PRICE,https://www.ebay.co.uk/itm/257388992115?_skw=All+Saints+Leather+Jacket&hash=item3bed945673:g:7eMAAOSwh4JoQV8F,2026-03-04T16:50:37.630693,All Saints Leather Jacket,2026-03-04T20:28:49.278450,2,True,2026-03-06T14:54:08.026003
v1|257389402819|0,ALL SAINTS Leather Jacket Mens SMALL Black S Camo Biker Bomber Celebrity DRURY,Leather,L,159.99,GBP,Free,True,,2026-03-03T20:00:00.000Z,Pre-owned - Excellent,,londonink,100.0,GB,FIXED_PRICE,https://www.ebay.co.uk/itm/257389402819?_skw=All+Saints+Leather+Jacket&hash=item3bed9a9ac3:g:gPkAAOSwGUloLFcw,2026-03-04T16:50:37.630702,All Saints Leather Jacket,2026-03-04T20:28:49.278450,2,True,2026-03-06T14:54:08.026003
v1|227240711253|0,All Saints Standen Mens Black Leather Biker Jacket Size S *,Leather,l,89.1,GBP,£3.38,True,,2026-03-03T19:33:01.000Z,Pre-owned - Excellent,,mrsringo36,99.0,GB,FIXED_PRICE,https://www.ebay.co.uk/itm/227240711253?_skw=All+Saints+Leather+Jacket&hash=item34e89a1455:g:5fkAAeSwm1lppza~,2026-03-04T16:50:37.630712,All Saints Leather Jacket,2026-03-04T20:28:49.278450,2,True,2026-03-06T14:54:08.026003
v1|257389402813|0,ALL SAINTS Leather Jacket Mens XL Black Biker Bomber Celebrity Grail BLENHAM,Leather,L,269.99,GBP,Free,True,,2026-03-03T19:15:00.000Z,Pre-owned - Good,,londonink,100.0,GB,FIXED_PRICE,https://www.ebay.co.uk/itm/257389402813?_skw=All+Saints+Leather+Jacket&hash=item3bed9a9abd:g:K7sAAeSwfp1pYRQN,2026-03-04T16:50:37.630720,All Saints Leather Jacket,2026-03-04T20:28:49.278450,2,True,2026-03-06T14:54:08.026003
v1|257388992116|0,ALL SAINTS Leather Jacket Mens LARGE Black L Biker Bomber Celebrity Grail WARNER,Leather,L,299.99,GBP,Free,True,,2026-03-03T19:00:00.000Z,New with tags,,londonink,100.0,GB,FIXED_PRICE,https://www.ebay.co.uk/itm/257388992116?_skw=All+Saints+Leather+Jacket&hash=item3bed945674:g:g1QAAOSwOOhn0Fc~,2026-03-04T16:50:37.630729,All Saints Leather Jacket,2026-03-04T16:50:37.630729,1,True,2026-03-04T20:28:49.278450
v1|257389420004|0,All Saints Ladies PRESCOTT Leather Biker Jacket UK10 US6 EU38 Grey Bomber,Leather,l,139.99,GBP,Free,True,,2026-03-03T19:00:00.000Z,Pre-owned - Good,,zecnavda,100.0,GB,FIXED_PRICE,https://www.ebay.co.uk/itm/257389420004?_skw=All+Saints+Leather+Jacket&hash=item3bed9adde4:g:SMEAAeSwUUZpfLbY,2026-03-04T16:50:37.630738,All Saints Leather Jacket,2026-03-04T16:50:37.630738,1,True,2026-03-04T20:28:49.278450
v1|267593080901|0,All Saints Mens ALTER Leather Shirt Jacket MEDIUM  Shacket Quilted Rove Distress,Leather,l,169.99,GBP,Free,True,,2026-03-03T18:40:00.000Z,Pre-owned - Good,,zecnavda,100.0,GB,FIXED_PRICE,https://www.ebay.co.uk/itm/267593080901?_skw=All+Saints+Leather+Jacket&hash=item3e4dca6045:g:-zcAAeSw40JpfKvx,2026-03-04T16:50:37.630747,All Saints Leather Jacket,2026-03-04T16:50:37.630747,1,True,2026-03-04T20:28:49.278450
v1|177917787707|0,All Saints Jack Place Leather Jacket Size M,Leather,l,116.78,GBP,£13.48,True,,2026-03-03T18:33:56.000Z,Pre-owned - Fair,,romanich,100.0,UA,FIXED_PRICE,https://www.ebay.co.uk/itm/177917787707?_skw=All+Saints+Leather+Jacket&hash=item296cb9fe3b:g:kR8AAeSwJwZppygD,2026-03-04T16:50:37.630757,All Saints Leather Jacket,2026-03-04T16:50:37.630757,1,True,2026-03-04T20:28:49.278450
v1|257389402818|0,ALL SAINTS Leather Jacket Mens XS Black KINO Biker Bomber Celebrity EXTRA SMALL,Leather,L,179.99,GBP,Free,True,,2026-03-03T18:30:00.000Z,Pre-owned - Good,,londonink,100.0,GB,FIXED_PRICE,https://www.ebay.co.uk/itm/257389402818?_skw=All+Saints+Leather+Jacket&hash=item3bed9a9ac2:g:CdYAAOSwLR1oJu81,2026-03-04T16:50:37.630766,All Saints Leather Jacket,2026-03-04T16:50:37.630766,1,True,2026-03-04T20:28:49.278450
v1|257389420003|0,All Saints Mens KAIRO Suede Bomber Jacket MEDIUM Grey Biker Leather Allsaints,Leather,l,149.99,GBP,Free,True,,2026-03-03T18:20:00.000Z,Pre-owned - Fair,,zecnavda,100.0,GB,FIXED_PRICE,https://www.ebay.co.uk/itm/257389420003?_skw=All+Saints+Leather+Jacket&hash=item3bed9adde3:g:TwsAAeSw431pfLNh,2026-03-04T16:50:37.630775,All Saints Leather Jacket,2026-03-04T16:50:37.630775,1,True,2026-03-04T20:28:49.278450
v1|287177203315|0,AllSaints Yuku Biker Leather Jacket Brown Lambskin Quilted Moto Motorcycle Mens,Leather,l,146.29,GBP,£8.00,True,,2026-03-03T18:12:01.000Z,Pre-owned - Good,,inspir4,0.0,GB,FIXED_PRICE,https://www.ebay.co.uk/itm/287177203315?_skw=All+Saints+Leather+Jacket&hash=item42dd185e73:g:7PoAAeSw-LlppyFJ,2026-03-04T16:50:37.630785,All Saints Leather Jacket,2026-03-04T16:50:37.630785,1,True,2026-03-04T20:28:49.278450
v1|257388992120|0,ALL SAINTS Leather Jacket Mens MEDIUM Black Biker Bomber Celebrity Grail REO,Leather,L,299.99,GBP,Free,True,,2026-03-03T18:00:00.000Z,New with tags,,londonink,100.0,GB,FIXED_PRICE,https://www.ebay.co.uk/itm/257388992120?_skw=All+Saints+Leather+Jacket&hash=item3bed945678:g:Mo8AAOSwrtJm0GUi,2026-03-04T16:50:37.630794,All Saints Leather Jacket,2026-03-04T16:50:37.630794,1,True,2026-03-04T20:28:49.278450
v1|257389420001|0,All Saints Mens MCKAY Leather Shirt Jacket LARGE Grey Brown AllSaints Shacket,Leather,l,179.99,GBP,Free,True,,2026-03-03T18:00:00.000Z,Pre-owned - Fair,,zecnavda,100.0,GB,FIXED_PRICE,https://www.ebay.co.uk/itm/257389420001?_skw=All+Saints+Leather+Jacket&hash=item3bed9adde1:g:TEsAAeSwBy5pfLWh,2026-03-04T16:50:37.630802,All Saints Leather Jacket,2026-03-04T16:50:37.630802,1,True,2026-03-04T20:28:49.278450
v1|257389402823|0,ALL SAINTS Leather Jacket XL Mens EXTRA LARGE Biker Bomber Celebrity Grail LUCA,Leather,L,299.99,GBP,Free,True,,2026-03-03T17:45:00.000Z,Pre-owned - Excellent,,londonink,100.0,GB,FIXED_PRICE,https://www.ebay.co.uk/itm/257389402823?_skw=All+Saints+Leather+Jacket&hash=item3bed9a9ac7:g:6OcAAeSwvFRoyAmA,2026-03-04T16:50:37.630811,All Saints Leather Jacket,2026-03-04T16:50:37.630811,1,True,2026-03-04T20:28:49.278450
v1|257388992114|0,ALL SAINTS Leather Jacket Mens MEDIUM Black Biker Bomber Celebrity TORRANCE,Leather,L,199.99,GBP,Free,True,,2026-03-03T17:00:00.000Z,Pre-owned - Excellent,,londonink,100.0,GB,FIXED_PRICE,https://www.ebay.co.uk/itm/257388992114?_skw=All+Saints+Leather+Jacket&hash=item3bed945672:g:HWkAAOSwo5BoASdv,2026-03-04T16:50:37.630825,All Saints Leather Jacket,2026-03-04T16:50:37.630825,1,True,2026-03-04T20:28:49.278450
v1|257389402817|0,ALL SAINTS Leather Shirt Jacket Mens SMALL Black Biker Bomber Celebrity PHANTON,Leather,L,259.99,GBP,Free,True,,2026-03-03T17:00:00.000Z,Pre-owned - Excellent,,londonink,100.0,GB,FIXED_PRICE,https://www.ebay.co.uk/itm/257389402817?_skw=All+Saints+Leather+Jacket&hash=item3bed9a9ac1:g:ufUAAOSw~xhmBgvF,2026-03-04T16:50:37.630833,All Saints Leather Jacket,2026-03-04T16:50:37.630833,1,True,2026-03-04T20:28:49.278450
v1|157722886807|0,ALL SAINTS *YUKU BIKER* BLACK LAMB LEATHER JACKET  Size:M,Leather,L,198.3,GBP,£4.48,False,,2026-03-03T16:41:40.000Z,Pre-owned - Good,,seven*nation*goods,100.0,GB,FIXED_PRICE,https://www.ebay.co.uk/itm/157722886807?_skw=All+Saints+Leather+Jacket&hash=item24b9044297:g:ru8AAOSwGcZnOIl-,2026-03-04T16:50:37.630843,All Saints Leather Jacket,2026-03-04T16:50:37.630843,1,True,2026-03-04T20:28:49.278450
v1|327027390355|0,All Saints Leather Jacket Size 10,Leather,l,120.3,GBP,£4.26,True,,2026-03-03T16:36:31.000Z,New with tags,,allbabyall,100.0,GB,FIXED_PRICE,https://www.ebay.co.uk/itm/327027390355?_skw=All+Saints+Leather+Jacket&hash=item4c2459f793:g:7psAAeSw2Ktppw1r,2026-03-04T16:50:37.630852,All Saints Leather Jacket,2026-03-04T16:50:37.630852,1,True,2026-03-04T20:28:49.278450
v1|257388992119|0,ALL SAINTS Leather Jacket Mens MEDIUM Black M Biker Bomber Celebrity Grail COLT,Leather,L,199.99,GBP,Free,True,,2026-03-03T16:00:00.000Z,Pre-owned - Excellent,,londonink,100.0,GB,FIXED_PRICE,https://www.ebay.co.uk/itm/257388992119?_skw=All+Saints+Leather+Jacket&hash=item3bed945677:g:xZMAAOSw4shoIh--,2026-03-04T16:50:37.630861,All Saints Leather Jacket,2026-03-04T16:50:37.630861,1,True,2026-03-04T20:28:49.278450
v1|317949339201|0,Allsaints Strander Brown Grey Suede Leather Biker Overshirt Jacket S,Leather,l,94.29,GBP,Free,False,,2026-03-03T15:07:21.000Z,Pre-owned - Excellent,,chmo_6136,100.0,GB,FIXED_PRICE,https://www.ebay.co.uk/itm/317949339201?_skw=All+Saints+Leather+Jacket&hash=item4a0741e641:g:uJMAAeSwgeJpmpV3,2026-03-04T16:50:37.630874,All Saints Leather Jacket,2026-03-04T16:50:37.630874,1,True,2026-03-04T20:28:49.278450
v1|257388992110|0,ALL SAINTS Leather Shirt Jacket Mens XXL Black  Biker Grail 2XL Celebrity REBELL,Leather,L,199.99,GBP,Free,True,,2026-03-03T15:00:00.000Z,Pre-owned - Excellent,,londonink,100.0,GB,FIXED_PRICE,https://www.ebay.co.uk/itm/257388992110?_skw=All+Saints+Leather+Jacket&hash=item3bed94566e:g:FNMAAOSwlPFl3RMu,2026-03-04T16:50:37.630883,All Saints Leather Jacket,2026-03-04T16:50:37.630883,1,True,2026-03-04T20:28:49.278450
v1|287176894777|0,All Saints Milo Bomber Jacket Leather Wool Mens Small Black,Leather,l,69.72,GBP,£3.94,True,,2026-03-03T14:47:14.000Z,Pre-owned - Good,,shoedoyoulove,100.0,GB,FIXED_PRICE,https://www.ebay.co.uk/itm/287176894777?_skw=All+Saints+Leather+Jacket&hash=item42dd13a939:g:5H8AAeSwn-FppvRC,2026-03-04T16:50:37.630893,All Saints Leather Jacket,2026-03-04T16:50:37.630893,1,True,2026-03-04T20:28:49.278450
v1|287176885786|0,All Saints Rowley Leather Jacket Dark Brown Mens Small Biker Motorcycle Vgc,Leather,l,94.72,GBP,£3.94,False,,2026-03-03T14:39:19.000Z,Pre-owned - Excellent,,shoedoyoulove,100.0,GB,FIXED_PRICE,https://www.ebay.co.uk/itm/287176885786?_skw=All+Saints+Leather+Jacket&hash=item42dd13861a:g:7aoAAeSwEclpDLIK,2026-03-04T16:50:37.630903,All Saints Leather Jacket,2026-03-04T16:50:37.630903,1,True,2026-03-04T20:28:49.278450
v1|389694480350|0,Mens All Saints Black HUDSON leather Bomber Jacket 2008,Leather,M,52.7,GBP,£3.38,True,,2026-03-03T14:36:31.000Z,Pre-owned - Good,,joblatc-82,0.0,GB,FIXED_PRICE,https://www.ebay.co.uk/itm/389694480350?_skw=All+Saints+Leather+Jacket&hash=item5abb99dfde:g:ubUAAeSwxbxppvFa,2026-03-04T16:50:37.630913,All Saints Leather Jacket,2026-03-04T16:50:37.630913,1,True,2026-03-04T20:28:49.278450
v1|287176862428|0,All Saints Lindaman Leather Jacket Mens Black Small Rare Motorcycle Biker,Leather,l,99.72,GBP,£3.94,False,,2026-03-03T14:23:40.000Z,Pre-owned - Excellent,,shoedoyoulove,100.0,GB,FIXED_PRICE,https://www.ebay.co.uk/itm/287176862428?_skw=All+Saints+Leather+Jacket&hash=item42dd132adc:g:r74AAeSwlXFppu6A,2026-03-04T16:50:37.630922,All Saints Leather Jacket,2026-03-04T16:50:37.630922,1,True,2026-03-04T20:28:49.278450
v1|117067925510|0,"All Saints Ladies Dren Leather Biker Jacket, Black Size 12 red interior ",Leather,l,156.7,GBP,£4.26,True,,2026-03-03T14:06:51.000Z,Pre-owned - Excellent,,navy_bluess,100.0,GB,FIXED_PRICE,https://www.ebay.co.uk/itm/117067925510?_skw=All+Saints+Leather+Jacket&hash=item1b41cac806:g:m3EAAeSwhHdppuqr,2026-03-04T16:50:37.630931,All Saints Leather Jacket,2026-03-04T16:50:37.630931,1,True,2026-03-04T20:28:49.278450
v1|257388992108|0,ALL SAINTS Suede Leather Jacket Mens MEDIUM Biker Bomber Celebrity KEMBLE,Leather,L,229.99,GBP,Free,True,,2026-03-03T14:00:00.000Z,Pre-owned - Excellent,,londonink,100.0,GB,FIXED_PRICE,https://www.ebay.co.uk/itm/257388992108?_skw=All+Saints+Leather+Jacket&hash=item3bed94566c:g:nkEAAeSwJbBoy-Mh,2026-03-04T16:50:37.630940,All Saints Leather Jacket,2026-03-04T16:50:37.630940,1,True,2026-03-04T20:28:49.278450
v1|389694362010|0,NWT AllSaints Milo Black Leather Jacket Women’s Size 36 Moto Biker          *198,Leather,l,164.69,GBP,£35.97,True,,2026-03-03T13:58:12.000Z,New with tags,,kims-upcycled-treasures,100.0,US,FIXED_PRICE,https://www.ebay.co.uk/itm/389694362010?_skw=All+Saints+Leather+Jacket&hash=item5abb98119a:g:N6gAAeSwNIdpC4SA,2026-03-04T16:50:37.630960,All Saints Leather Jacket,2026-03-04T16:50:37.630960,1,True,2026-03-04T20:28:49.278450
v1|127716113655|0,All Saints black studded leather Mohan jacket - size 12,Leather,l,121.34,GBP,£4.48,True,,2026-03-03T13:48:38.000Z,Pre-owned - Good,,silverpisces,100.0,GB,FIXED_PRICE,https://www.ebay.co.uk/itm/127716113655?_skw=All+Saints+Leather+Jacket&hash=item1dbc793cf7:g:ELkAAOSwR7pjUTtx,2026-03-04T16:50:37.630970,All Saints Leather Jacket,2026-03-04T16:50:37.630970,1,True,2026-03-04T20:28:49.278450
v1|406734613881|0,All Saints Leather Jacket Mens Small Grey Suede Goat Lamb Soft Tally Bomber,Leather,l,69.99,GBP,Free,True,,2026-03-03T13:26:44.000Z,Pre-owned - Excellent,,partners-clothing,99.9,GB,FIXED_PRICE,https://www.ebay.co.uk/itm/406734613881?_skw=All+Saints+Leather+Jacket&hash=item5eb345ad79:g:0iIAAeSwSEVppuE4,2026-03-04T16:50:37.630979,All Saints Leather Jacket,2026-03-04T16:50:37.630979,1,True,2026-03-04T20:28:49.278450
v1|147182777623|0,All Saints Mens CIPHER Leather Corduroy Shirt Jacket SMALL Biker Bomber Shacket,Leather,l,177.5,GBP,£8.41,True,,2026-03-03T13:11:27.000Z,Pre-owned - Excellent,,iwa095,0.0,GB,FIXED_PRICE,https://www.ebay.co.uk/itm/147182777623?_skw=All+Saints+Leather+Jacket&hash=item2244c6f517:g:RmQAAeSw3FNpptx2,2026-03-04T16:50:37.630988,All Saints Leather Jacket,2026-03-04T16:50:37.630988,1,True,2026-03-04T20:28:49.278450
v1|257388992118|0,ALL SAINTS Suede Leather Jacket Mens EXTRA LARGE Biker Bomber Celebrity KEMBLE,Leather,L,299.99,GBP,Free,True,,2026-03-03T13:00:00.000Z,Pre-owned - Excellent,,londonink,100.0,GB,FIXED_PRICE,https://www.ebay.co.uk/itm/257388992118?_skw=All+Saints+Leather+Jacket&hash=item3bed945676:g:wYsAAOSwxfBmpMm7,2026-03-04T16:50:37.630997,All Saints Leather Jacket,2026-03-04T16:50:37.630997,1,True,2026-03-04T20:28:49.278450
v1|257388992112|0,ALL SAINTS Suede Leather Jacket Mens SMALL Brown Biker Bomber Celebrity KEMBLE,Leather,L,239.99,GBP,Free,True,,2026-03-03T12:00:00.000Z,Pre-owned - Good,,londonink,100.0,GB,FIXED_PRICE,https://www.ebay.co.uk/itm/257388992112?_skw=All+Saints+Leather+Jacket&hash=item3bed945670:g:67wAAOSwOsNoXE8I,2026-03-04T16:50:37.631012,All Saints Leather Jacket,2026-03-04T16:50:37.631012,1,True,2026-03-04T20:28:49.278450
v1|177916938215|0,All Saints HIND Biker Jacket Light Brown Beige Suede Leather UK12 (fits like 10),Leather,l,44.99,GBP,Free,True,,2026-03-03T11:47:24.000Z,Pre-owned - Good,,biggerbargainsuk,100.0,GB,FIXED_PRICE,https://www.ebay.co.uk/itm/177916938215?_skw=All+Saints+Leather+Jacket&hash=item296cad07e7:g:9UUAAOSwX41ng8Jg,2026-03-04T16:50:37.631021,All Saints Leather Jacket,2026-03-04T16:50:37.631021,1,True,2026-03-04T20:28:49.278450
v1|397670450314|0,Allsaints Monza leather jacket,Leather,l,104.7,GBP,£5.15,True,,2026-03-03T11:42:12.000Z,New with imperfections,,drybrushwitch,100.0,GB,FIXED_PRICE,https://www.ebay.co.uk/itm/397670450314?_skw=All+Saints+Leather+Jacket&hash=item5c9701848a:g:DcAAAeSwPgVppsgo,2026-03-04T16:50:37.631030,All Saints Leather Jacket,2026-03-04T16:50:37.631030,1,True,2026-03-04T20:28:49.278450
v1|397670403855|0,ALLSAINTS Lamb Leather Riders Jacket Black US00 Boulson Sheep Leather Used,Leather,L,139.23,GBP,Free,False,,2026-03-03T11:16:26.000Z,Pre-owned - Good,,gleamjapan,100.0,JP,FIXED_PRICE,https://www.ebay.co.uk/itm/397670403855?_skw=All+Saints+Leather+Jacket&hash=item5c9700cf0f:g:z44AAeSwomBppsPY,2026-03-04T16:50:37.631039,All Saints Leather Jacket,2026-03-04T16:50:37.631039,1,True,2026-03-04T20:28:49.278450
v1|257388992109|0,ALL SAINTS Suede Leather Jacket Mens XXL Black Biker Bomber 2XL Celebrity KIRK,Leather,L,259.99,GBP,Free,True,,2026-03-03T11:00:00.000Z,Pre-owned - Excellent,,londonink,100.0,GB,FIXED_PRICE,https://www.ebay.co.uk/itm/257388992109?_skw=All+Saints+Leather+Jacket&hash=item3bed94566d:g:e94AAeSwDV1pDcXr,2026-03-04T16:50:37.631048,All Saints Leather Jacket,2026-03-04T16:50:37.631048,1,True,2026-03-04T20:28:49.278450
v1|267594263319|0,All Saints Mens BERGEN Suede Bomber Jacket XL Biker Leather Extra Large Brown,Leather,l,189.99,GBP,Free,True,,2026-03-04T20:25:00.000Z,Pre-owned - Good,,zecnavda,100.0,GB,FIXED_PRICE,https://www.ebay.co.uk/itm/267594263319?_skw=All+Saints+Leather+Jacket&hash=item3e4ddc6b17:g:bFoAAOSwxCZneX~L,2026-03-04T20:28:30.187835,All Saints Leather Jacket,2026-03-04T20:28:49.278450,2,True,2026-03-06T14:54:08.026003
v1|257391033900|0,All Saints Mens GRAFT Brushed Suede Blazer Jacket LARGE AllSaints Leather A21,Leather,l,219.99,GBP,Free,True,,2026-03-04T20:20:00.000Z,Pre-owned - Good,,zecnavda,100.0,GB,FIXED_PRICE,https://www.ebay.co.uk/itm/257391033900?_skw=All+Saints+Leather+Jacket&hash=item3bedb37e2c:g:p4AAAOSwVD5lRAOv,2026-03-04T20:28:30.188635,All Saints Leather Jacket,2026-03-04T20:28:49.278450,2,True,2026-03-06T14:54:08.026003
v1|267594263316|0,All Saints Mens KAHO Leather Biker Bomber Jacket LARGE Black A276,Leather,l,179.99,GBP,Free,True,,2026-03-04T20:15:00.000Z,Pre-owned - Good,,zecnavda,100.0,GB,FIXED_PRICE,https://www.ebay.co.uk/itm/267594263316?_skw=All+Saints+Leather+Jacket&hash=item3e4ddc6b14:g:ufQAAOSw07hlbPY5,2026-03-04T20:28:30.188653,All Saints Leather Jacket,2026-03-04T20:28:49.278450,2,True,2026-03-06T14:54:08.026003
v1|267594263314|0,All Saints Mens MORTER Leather Biker Bomber Jacket Large / Medium Grey Collide,Leather,l,219.99,GBP,Free,True,,2026-03-04T20:10:00.000Z,Pre-owned - Excellent,,zecnavda,100.0,GB,FIXED_PRICE,https://www.ebay.co.uk/itm/267594263314?_skw=All+Saints+Leather+Jacket&hash=item3e4ddc6b12:g:6QoAAOSwe2titfLv,2026-03-04T20:28:30.188665,All Saints Leather Jacket,2026-03-04T20:28:49.278450,2,True,2026-03-06T14:54:08.026003
v1|267594263328|0,All Saints Mens MASON Suede Varsity Bomber Jacket XS Camouflage Leather B234,Leather,l,139.99,GBP,Free,True,,2026-03-04T20:05:00.000Z,Pre-owned - Excellent,,zecnavda,100.0,GB,FIXED_PRICE,https://www.ebay.co.uk/itm/267594263328?_skw=All+Saints+Leather+Jacket&hash=item3e4ddc6b20:g:-TYAAOSwLNxnJ9cm,2026-03-04T20:28:30.188675,All Saints Leather Jacket,2026-03-04T20:28:49.278450,2,True,2026-03-06T14:54:08.026003
v1|257390683395|0,ALL SAINTS Leather Jacket Mens SMALL Black Biker Bomber Celebrity Grail VALK,Leather,L,299.99,GBP,Free,True,,2026-03-04T20:00:00.000Z,Pre-owned - Excellent,,londonink,100.0,GB,FIXED_PRICE,https://www.ebay.co.uk/itm/257390683395?_skw=All+Saints+Leather+Jacket&hash=item3bedae2503:g:fxAAAeSwE6dpMV-q,2026-03-04T20:28:30.188684,All Saints Leather Jacket,2026-03-04T20:28:49.278450,2,True,2026-03-06T14:54:08.026003
v1|257390683400|0,ALL SAINTS Leather Jacket Mens MEDIUM Black Biker Bomber Celebrity Grail NIKO,Leather,L,189.99,GBP,Free,True,,2026-03-04T20:00:00.000Z,Pre-owned - Excellent,,londonink,100.0,GB,FIXED_PRICE,https://www.ebay.co.uk/itm/257390683400?_skw=All+Saints+Leather+Jacket&hash=item3bedae2508:g:lcwAAOSwa1doLccT,2026-03-04T20:28:30.188693,All Saints Leather Jacket,2026-03-04T20:28:49.278450,2,True,2026-03-06T14:54:08.026003
v1|257390691693|0,ALL SAINTS Shearling Leather Jacket Mens MEDIUM Sheepskin Coat Celebrity DALE,Leather,L,499.99,GBP,Free,True,,2026-03-04T20:00:00.000Z,Pre-owned - Excellent,,londonink,100.0,GB,FIXED_PRICE,https://www.ebay.co.uk/itm/257390691693?_skw=All+Saints+Leather+Jacket&hash=item3bedae456d:g:Z-oAAeSwTrFohAxp,2026-03-04T20:28:30.188702,All Saints Leather Jacket,2026-03-04T20:28:49.278450,2,True,2026-03-06T14:54:08.026003
v1|267594263322|0,All Saints Mens KESTON Denim Jacket SMALL Grey Brown Leather Trucker Biker,Leather,l,159.99,GBP,Free,True,,2026-03-04T20:00:00.000Z,Pre-owned - Excellent,,zecnavda,100.0,GB,FIXED_PRICE,https://www.ebay.co.uk/itm/267594263322?_skw=All+Saints+Leather+Jacket&hash=item3e4ddc6b1a:g:P1MAAeSwwdZpfLQx,2026-03-04T20:28:30.188711,All Saints Leather Jacket,2026-03-04T20:28:49.278450,2,True,2026-03-06T14:54:08.026003
v1|287179923810|0,Women’s AllSaints Spitalfield Black Leather Biker Jacket - Jack’s Place. Size 6,Leather,m,163.95,GBP,£35.06,True,,2026-03-04T19:55:35.000Z,Pre-owned - Excellent,,smolderingfronde,100.0,US,FIXED_PRICE,https://www.ebay.co.uk/itm/287179923810?_skw=All+Saints+Leather+Jacket&hash=item42dd41e162:g:Bh8AAeSwqAhpqI2Y,2026-03-04T20:28:30.188978,All Saints Leather Jacket,2026-03-04T20:28:49.278450,2,True,2026-03-06T14:54:08.026003
v1|267594263324|0,AllSaints Mens VAULT Suede Jacket Blazer LARGE Black Military All Saints Leather,Leather,l,179.99,GBP,Free,True,,2026-03-04T19:45:00.000Z,Pre-owned - Fair,,zecnavda,100.0,GB,FIXED_PRICE,https://www.ebay.co.uk/itm/267594263324?_skw=All+Saints+Leather+Jacket&hash=item3e4ddc6b1c:g:uocAAeSwzktpLXai,2026-03-04T20:28:30.188991,All Saints Leather Jacket,2026-03-04T20:28:49.278450,2,True,2026-03-06T14:54:08.026003
v1|257391033908|0,All Saints Mens Quilted DROUGHT Leather Biker Jacket SMALL Brown Moto,Leather,l,199.99,GBP,Free,True,,2026-03-04T19:40:00.000Z,Pre-owned - Fair,,zecnavda,100.0,GB,FIXED_PRICE,https://www.ebay.co.uk/itm/257391033908?_skw=All+Saints+Leather+Jacket&hash=item3bedb37e34:g:ohIAAOSwEMhkLu8m,2026-03-04T20:28:30.189001,All Saints Leather Jacket,2026-03-04T20:28:49.278450,2,True,2026-03-06T14:54:08.026003
v1|257391033906|0,All Saints Mens YURA Suede Jacket XS Blazer Military AllSaints Leather Biker,Leather,l,199.99,GBP,Free,True,,2026-03-04T19:25:00.000Z,Pre-owned - Good,,zecnavda,100.0,GB,FIXED_PRICE,https://www.ebay.co.uk/itm/257391033906?_skw=All+Saints+Leather+Jacket&hash=item3bedb37e32:g:tRMAAOSw~FRnojNb,2026-03-04T20:28:30.189017,All Saints Leather Jacket,2026-03-04T20:28:49.278450,2,True,2026-03-06T14:54:08.026003
v1|267594263326|0,AllSaints Mens KEMBLE Suede Bomber Jacket SMALL Brown Biker All Saints Leather,Leather,l,139.99,GBP,Free,True,,2026-03-04T19:15:00.000Z,Pre-owned - Excellent,,zecnavda,100.0,GB,FIXED_PRICE,https://www.ebay.co.uk/itm/267594263326?_skw=All+Saints+Leather+Jacket&hash=item3e4ddc6b1e:g:sVwAAOSwfSloMINJ,2026-03-04T20:28:30.189026,All Saints Leather Jacket,2026-03-04T20:28:49.278450,2,True,2026-03-06T14:54:08.026003
v1|267594263321|0,All Saints Mens Leather EMERY Shirt Jacket Extra Small XS Brown 2 Biker,Leather,l,149.99,GBP,Free,True,,2026-03-04T19:05:00.000Z,Pre-owned - Good,,zecnavda,100.0,GB,FIXED_PRICE,https://www.ebay.co.uk/itm/267594263321?_skw=All+Saints+Leather+Jacket&hash=item3e4ddc6b19:g:mqMAAOSw6iNoMIRY,2026-03-04T20:28:30.189036,All Saints Leather Jacket,2026-03-04T20:28:49.278450,2,True,2026-03-06T14:54:08.026003
v1|257390683396|0,ALL SAINTS Leather Jacket Mens SMALL Black Biker Bomber Celebrity Grail HALTON,Leather,L,269.99,GBP,Free,True,,2026-03-04T19:00:00.000Z,New with tags,,londonink,100.0,GB,FIXED_PRICE,https://www.ebay.co.uk/itm/257390683396?_skw=All+Saints+Leather+Jacket&hash=item3bedae2504:g:tRMAAeSwX79pgkyQ,2026-03-04T20:28:30.189044,All Saints Leather Jacket,2026-03-04T20:28:49.278450,2,True,2026-03-06T14:54:08.026003
v1|257390683404|0,ALL SAINTS Leather Jacket Mens MEDIUM Black  Biker Bomber Celebrity Grail KINO,Leather,L,199.99,GBP,Free,True,,2026-03-04T19:00:00.000Z,Pre-owned - Good,,londonink,100.0,GB,FIXED_PRICE,https://www.ebay.co.uk/itm/257390683404?_skw=All+Saints+Leather+Jacket&hash=item3bedae250c:g:EHkAAOSwejdoIhHz,2026-03-04T20:28:30.189053,All Saints Leather Jacket,2026-03-04T20:28:49.278450,2,True,2026-03-06T14:54:08.026003
v1|257390691700|0,ALL SAINTS Leather Jacket Mens SMALL Black Biker Bomber Celebrity Moto SARLS ,Leather,L,259.99,GBP,Free,True,,2026-03-04T19:00:00.000Z,Pre-owned - Excellent,,londonink,100.0,GB,FIXED_PRICE,https://www.ebay.co.uk/itm/257390691700?_skw=All+Saints+Leather+Jacket&hash=item3bedae4574:g:g9EAAOSwPcNlnXbw,2026-03-04T20:28:30.189062,All Saints Leather Jacket,2026-03-04T20:28:49.278450,2,True,2026-03-06T14:54:08.026003
v1|257391033901|0,All Saints Mens COLLIDE Leather Bomber Jacket MEDIUM Black Biker Slim fit Celeb,Leather,l,289.99,GBP,Free,True,,2026-03-04T18:50:00.000Z,Pre-owned - Good,,zecnavda,100.0,GB,FIXED_PRICE,https://www.ebay.co.uk/itm/257391033901?_skw=All+Saints+Leather+Jacket&hash=item3bedb37e2d:g:LJgAAeSwW1VpfK2Z,2026-03-04T20:28:30.189071,All Saints Leather Jacket,2026-03-04T20:28:49.278450,2,True,2026-03-06T14:54:08.026003
v1|267594263315|0,All Saints Mens CONROY Leather Biker Jacket Brown Red Bomber LARGE A330,Leather,l,229.99,GBP,Free,True,,2026-03-04T18:40:00.000Z,Pre-owned - Good,,zecnavda,100.0,GB,FIXED_PRICE,https://www.ebay.co.uk/itm/267594263315?_skw=All+Saints+Leather+Jacket&hash=item3e4ddc6b13:g:gy0AAOSwhfRloG5d,2026-03-04T20:28:30.189080,All Saints Leather Jacket,2026-03-04T20:28:49.278450,2,True,2026-03-06T14:54:08.026003
v1|257391033892|0,All Saints Mens HAZEL Leather Trucker Jacket LARGE Bomber Biker AllSaints,Leather,l,199.99,GBP,Free,True,,2026-03-04T18:35:00.000Z,Pre-owned - Good,,zecnavda,100.0,GB,FIXED_PRICE,https://www.ebay.co.uk/itm/257391033892?_skw=All+Saints+Leather+Jacket&hash=item3bedb37e24:g:fT8AAeSwwdppLLhB,2026-03-04T20:28:30.189088,All Saints Leather Jacket,2026-03-04T20:28:49.278450,2,True,2026-03-06T14:54:08.026003
v1|267594263311|0,All Saints Mens GASPER Leather Blazer Jacket Black SMALL Biker Bomber A119,Leather,l,269.99,GBP,Free,True,,2026-03-04T18:30:00.000Z,Pre-owned - Excellent,,zecnavda,100.0,GB,FIXED_PRICE,https://www.ebay.co.uk/itm/267594263311?_skw=All+Saints+Leather+Jacket&hash=item3e4ddc6b0f:g:bckAAOSwDIVk9ikg,2026-03-04T20:28:30.189097,All Saints Leather Jacket,2026-03-04T20:28:49.278450,2,True,2026-03-06T14:54:08.026003
v1|287179809204|0,AllSaints chiri leather jacket UK12,Leather,l,150.0,GBP,£16.00,True,,2026-03-04T18:27:53.000Z,Pre-owned - Excellent,,olekhryh-0,99.6,UA,FIXED_PRICE,https://www.ebay.co.uk/itm/287179809204?_skw=All+Saints+Leather+Jacket&hash=item42dd4021b4:g:-7kAAeSwc0RpqHg~,2026-03-04T20:28:30.189108,All Saints Leather Jacket,2026-03-04T20:28:49.278450,2,True,2026-03-06T14:54:08.026003
v1|257391033896|0,All Saints Mens KINO Leather Bomber Jacket XL Black Biker Moto AllSaints B93,Leather,l,179.99,GBP,Free,True,,2026-03-04T18:15:00.000Z,Pre-owned - Good,,zecnavda,100.0,GB,FIXED_PRICE,https://www.ebay.co.uk/itm/257391033896?_skw=All+Saints+Leather+Jacket&hash=item3bedb37e28:g:tCkAAOSwO01nKQTG,2026-03-04T20:28:30.189117,All Saints Leather Jacket,2026-03-04T20:28:49.278450,2,True,2026-03-06T14:54:08.026003
v1|227242149087|0,Allsaints Leather Jacket - XS Size 6 - Bikers/Worn Look BNWT,Leather,l,149.0,GBP,£4.26,False,,2026-03-04T18:07:56.000Z,New with tags,,togra_71,100.0,GB,FIXED_PRICE,https://www.ebay.co.uk/itm/227242149087?_skw=All+Saints+Leather+Jacket&hash=item34e8b004df:g:AMAAAeSwAvJpqHRX,2026-03-04T20:28:30.189127,All Saints Leather Jacket,2026-03-04T20:28:49.278450,2,True,2026-03-06T14:54:08.026003
v1|257390677691|0,ALL SAINTS Leather Jacket Mens XS Black Biker Bomber Celebrity Grail BELMONT,Leather,L,199.99,GBP,Free,True,,2026-03-04T18:00:01.000Z,Pre-owned - Excellent,,londonink,100.0,GB,FIXED_PRICE,https://www.ebay.co.uk/itm/257390677691?_skw=All+Saints+Leather+Jacket&hash=item3bedae0ebb:g:ttMAAOSwsCtmE9mK,2026-03-04T20:28:30.189137,All Saints Leather Jacket,2026-03-04T20:28:49.278450,2,True,2026-03-06T14:54:08.026003
v1|257390838658|0,ALL SAINTS Leather Blazer Jacket Mens Suede XS Celebrity HEADEN like survey,Leather,L,239.99,GBP,Free,True,,2026-03-04T18:00:01.000Z,Pre-owned - Excellent,,londonink,100.0,GB,FIXED_PRICE,https://www.ebay.co.uk/itm/257390838658?_skw=All+Saints+Leather+Jacket&hash=item3bedb08382:g:gKoAAeSwSEFpqAyE,2026-03-04T20:28:30.189146,All Saints Leather Jacket,2026-03-04T20:28:49.278450,2,True,2026-03-06T14:54:08.026003
v1|257390683387|0,ALL SAINTS Leather Jacket Mens MEDIUM Black Suede Biker Bomber Celebrity WARREN,Leather,L,229.99,GBP,Free,True,,2026-03-04T18:00:00.000Z,Pre-owned - Excellent,,londonink,100.0,GB,FIXED_PRICE,https://www.ebay.co.uk/itm/257390683387?_skw=All+Saints+Leather+Jacket&hash=item3bedae24fb:g:WTAAAeSwzwxo1lPz,2026-03-04T20:28:30.189155,All Saints Leather Jacket,2026-03-04T20:28:49.278450,2,True,2026-03-06T14:54:08.026003
v1|257390691684|0,ALL SAINTS Leather Jacket Mens SMALL Black Biker Bomber Celebrity Grail WICK,Leather,L,199.99,GBP,Free,True,,2026-03-04T18:00:00.000Z,Pre-owned - Excellent,,londonink,100.0,GB,FIXED_PRICE,https://www.ebay.co.uk/itm/257390691684?_skw=All+Saints+Leather+Jacket&hash=item3bedae4564:g:ZAcAAeSw7bFpnbyT,2026-03-04T20:28:30.189163,All Saints Leather Jacket,2026-03-04T20:28:49.278450,2,True,2026-03-06T14:54:08.026003
v1|236668807726|0,"🔥 Allsaints Leather ""Torrance biker"" Jacket M",Leather,l,179.67,GBP,£22.46,True,,2026-03-04T17:44:00.000Z,Pre-owned - Excellent,,staystreer,100.0,UA,FIXED_PRICE,https://www.ebay.co.uk/itm/236668807726?_skw=All+Saints+Leather+Jacket&hash=item371a8f6a2e:g:KOkAAeSwDDJpqG8U,2026-03-04T20:28:30.189180,All Saints Leather Jacket,2026-03-04T20:28:49.278450,2,True,2026-03-06T14:54:08.026003
v1|397674985613|0,AllSaints Men's Jasper Leather Biker Jacket Black Quilted Moto Size S,Leather,l,121.28,GBP,£39.71,True,,2026-03-04T17:43:52.000Z,Pre-owned - Excellent,,frcr-2660,100.0,US,FIXED_PRICE,https://www.ebay.co.uk/itm/397674985613?_skw=All+Saints+Leather+Jacket&hash=item5c9746b88d:g:IpEAAeSwx-RpqG7L,2026-03-04T20:28:30.189190,All Saints Leather Jacket,2026-03-04T20:28:49.278450,2,True,2026-03-06T14:54:08.026003
v1|257390562372|0,ALL SAINTS Suede Leather Jacket Mens SMALL Black Biker Bomber Celebrity KEMBLE,Leather,L,239.99,GBP,Free,True,,2026-03-04T17:00:00.000Z,Pre-owned - Excellent,,londonink,100.0,GB,FIXED_PRICE,https://www.ebay.co.uk/itm/257390562372?_skw=All+Saints+Leather+Jacket&hash=item3bedac4c44:g:cHUAAOSwbJ1mE8C4,2026-03-04T20:28:30.189200,All Saints Leather Jacket,2026-03-04T20:28:49.278450,2,True,2026-03-06T14:54:08.026003
v1|257390683390|0,ALL SAINTS Leather Jacket Mens MEDIUM Black M Biker Bomber Celebrity Grail LUKE,Leather,L,399.99,GBP,Free,True,,2026-03-04T17:00:00.000Z,Pre-owned - Excellent,,londonink,100.0,GB,FIXED_PRICE,https://www.ebay.co.uk/itm/257390683390?_skw=All+Saints+Leather+Jacket&hash=item3bedae24fe:g:YmcAAeSwjB5oy-3C,2026-03-04T20:28:30.189208,All Saints Leather Jacket,2026-03-04T20:28:49.278450,2,True,2026-03-06T14:54:08.026003
v1|257390691686|0,ALL SAINTS Leather Jacket Mens MEDIUM Grey Biker Bomber Celebrity Grail AKIRA,Leather,L,119.99,GBP,Free,True,,2026-03-04T17:00:00.000Z,Pre-owned - Good,,londonink,100.0,GB,FIXED_PRICE,https://www.ebay.co.uk/itm/257390691686?_skw=All+Saints+Leather+Jacket&hash=item3bedae4566:g:iHsAAeSwpqJosBaj,2026-03-04T20:28:30.189217,All Saints Leather Jacket,2026-03-04T20:28:49.278450,2,True,2026-03-06T14:54:08.026003
v1|227242088896|0,AllSaints The Biker Series 1 Patent Lamb Leather Moto Jacket US 0,Leather,l,295.7,GBP,£31.91,True,,2026-03-04T16:53:16.000Z,Pre-owned - Excellent,,jiannkim,100.0,US,FIXED_PRICE,https://www.ebay.co.uk/itm/227242088896?_skw=All+Saints+Leather+Jacket&hash=item34e8af19c0:g:kDcAAeSwHq9pqGSs,2026-03-04T20:28:30.189227,All Saints Leather Jacket,2026-03-04T20:28:49.278450,2,True,2026-03-06T14:54:08.026003
v1|397682377780|0,All Saints Blade Leather Bomber Jacket Men's Small Suede Black & Beige ,Leather,l,70.0,GBP,£4.50,True,,2026-03-06T14:40:26.000Z,Pre-owned - Fair,,r0und2,99.9,GB,FIXED_PRICE,https://www.ebay.co.uk/itm/397682377780?_skw=All+Saints+leather+Jacket&hash=item5c97b78434:g:oq4AAeSwUEdpquS2,2026-03-06T14:50:33.955683,All Saints leather Jacket,2026-03-06T14:54:08.026003,2,False,
v1|336466547852|0,Allsaints Alkan Sheep Leather Jacket Sz S Boyfriend Wash Black Brown RRP £399,Leather,l,138.0,GBP,£3.60,True,,2026-03-06T14:34:19.000Z,New with tags,,stockunion,100.0,GB,FIXED_PRICE,https://www.ebay.co.uk/itm/336466547852?_skw=All+Saints+leather+Jacket&hash=item4e56f8148c:g:z~AAAeSwRUxpgd2b,2026-03-06T14:50:33.955922,All Saints leather Jacket,2026-03-06T14:54:08.026003,2,False,
v1|127723181352|0,All Saints NWT Men's Size Large Indi Biker 100% Sheep Leather Jacket,Leather,l,374.34,GBP,£50.49,True,,2026-03-06T14:15:32.000Z,New with tags,,theriekkiscloset,97.1,US,FIXED_PRICE,https://www.ebay.co.uk/itm/127723181352?_skw=All+Saints+leather+Jacket&hash=item1dbce51528:g:bxgAAeSwq1ppquGB,2026-03-06T14:50:33.955935,All Saints leather Jacket,2026-03-06T14:54:08.026003,2,False,
v1|377013661019|0,All Saints Men's Leather Jacket Xl Black Full Zip Biker Bomber,Leather,l,68.3,GBP,£3.38,True,,2026-03-06T14:04:02.000Z,Pre-owned - Excellent,,js_uk_oaunxb,100.0,GB,FIXED_PRICE,https://www.ebay.co.uk/itm/377013661019?_skw=All+Saints+leather+Jacket&hash=item57c7c3ed5b:g:Vm4AAeSwYFlpqt5v,2026-03-06T14:50:33.955945,All Saints leather Jacket,2026-03-06T14:54:08.026003,2,False,
v1|257393226377|0,ALL SAINTS Leather Jacket Mens LARGE Suede Blazer Celebrity HUXTON like survey,Leather,L,249.99,GBP,Free,True,,2026-03-06T14:00:00.000Z,Pre-owned - Good,,londonink,100.0,GB,FIXED_PRICE,https://www.ebay.co.uk/itm/257393226377?_skw=All+Saints+leather+Jacket&hash=item3bedd4f289:g:ARUAAeSw0odpCOri,2026-03-06T14:50:33.955955,All Saints leather Jacket,2026-03-06T14:54:08.026003,2,False,
v1|257393232821|0,ALL SAINTS Leather Jacket Mens MEDIUM Black M Biker Bomber Celebrity Grail LEROY,Leather,L,249.99,GBP,Free,True,,2026-03-06T14:00:00.000Z,Pre-owned - Good,,londonink,100.0,GB,FIXED_PRICE,https://www.ebay.co.uk/itm/257393232821?_skw=All+Saints+leather+Jacket&hash=item3bedd50bb5:g:f9cAAeSwxnxpE178,2026-03-06T14:50:33.955963,All Saints leather Jacket,2026-03-06T14:54:08.026003,2,False,
v1|117073056981|0,All Saints Balfern leather jacket in brown size XS,Leather,l,209.63,GBP,£29.95,True,,2026-03-06T13:31:23.000Z,New with imperfections,,severrina,100.0,BG,FIXED_PRICE,https://www.ebay.co.uk/itm/117073056981?_skw=All+Saints+leather+Jacket&hash=item1b421914d5:g:FpUAAeSwbiZpqtat,2026-03-06T14:50:33.955972,All Saints leather Jacket,2026-03-06T14:54:08.026003,2,False,
v1|257393226379|0,ALL SAINTS Leather Jacket Mens LARGE Black L Biker Bomber Celebrity Grail MARCON,Leather,L,269.99,GBP,Free,True,,2026-03-06T13:00:00.000Z,Pre-owned - Excellent,,londonink,100.0,GB,FIXED_PRICE,https://www.ebay.co.uk/itm/257393226379?_skw=All+Saints+leather+Jacket&hash=item3bedd4f28b:g:AaYAAeSwUYpoXtCs,2026-03-06T14:50:33.955980,All Saints leather Jacket,2026-03-06T14:54:08.026003,2,False,
v1|257393232838|0,ALL SAINTS Leather Jacket Mens LARGE Black L Biker Bomber Celebrity Grail HOPKIN,Leather,L,269.99,GBP,Free,True,,2026-03-06T13:00:00.000Z,Pre-owned - Excellent,,londonink,100.0,GB,FIXED_PRICE,https://www.ebay.co.uk/itm/257393232838?_skw=All+Saints+leather+Jacket&hash=item3bedd50bc6:g:VsYAAOSwM3JmGFHu,2026-03-06T14:50:33.955988,All Saints leather Jacket,2026-03-06T14:54:08.026003,2,False,
v1|257393467498|0,ALL SAINTS Cargo Leather Jacket Mens EXTRA SMALL Black Biker Bomber Celebrity XS,Leather,L,79.99,GBP,Free,True,,2026-03-06T12:29:44.000Z,Pre-owned - Good,,londonink,100.0,GB,FIXED_PRICE,https://www.ebay.co.uk/itm/257393467498?_skw=All+Saints+leather+Jacket&hash=item3bedd8a06a:g:jaQAAOSwopFoKFT2,2026-03-06T14:50:33.955996,All Saints leather Jacket,2026-03-06T14:54:08.026003,2,False,
v1|257393463314|0,ALL SAINTS Cargo Leather Jacket Mens SMALL Black Biker Bomber Celebrity Grail,Leather,L,79.99,GBP,Free,True,,2026-03-06T12:24:04.000Z,Pre-owned - Good,,londonink,100.0,GB,FIXED_PRICE,https://www.ebay.co.uk/itm/257393463314?_skw=All+Saints+leather+Jacket&hash=item3bedd89012:g:8n8AAOSw3NRoIiBo,2026-03-06T14:50:33.956004,All Saints leather Jacket,2026-03-06T14:54:08.026003,2,False,
v1|227244714967|0,AllSaints Bales Leather Biker Jacket Womens UK 10 EU38,Leather,l,135.0,GBP,£3.30,False,,2026-03-06T12:18:41.000Z,Pre-owned - Excellent,,phillymac999c1k2,99.9,GB,FIXED_PRICE,https://www.ebay.co.uk/itm/227244714967?_skw=All+Saints+leather+Jacket&hash=item34e8d72bd7:g:kNcAAeSweQppqsW1,2026-03-06T14:50:33.956013,All Saints leather Jacket,2026-03-06T14:54:08.026003,2,False,
v1|127722912596|0,AllSaints Women's Leather Biker-Style Jacket UK Size 8,Leather,l,99.5,GBP,£3.38,True,,2026-03-06T12:06:24.000Z,Pre-owned - Good,,ca-814298,100.0,GB,FIXED_PRICE,https://www.ebay.co.uk/itm/127722912596?_skw=All+Saints+leather+Jacket&hash=item1dbce0fb54:g:UuUAAeSwtWhpqsLt,2026-03-06T14:50:33.956027,All Saints leather Jacket,2026-03-06T14:54:08.026003,2,False,
v1|257393226381|0,ALL SAINTS Leather Jacket Mens LARGE Black Biker Bomber Celebrity Grail SARLS,Leather,L,269.99,GBP,Free,True,,2026-03-06T12:00:00.000Z,Pre-owned - Excellent,,londonink,100.0,GB,FIXED_PRICE,https://www.ebay.co.uk/itm/257393226381?_skw=All+Saints+leather+Jacket&hash=item3bedd4f28d:g:kIMAAeSw309o9eHV,2026-03-06T14:50:33.956035,All Saints leather Jacket,2026-03-06T14:54:08.026003,2,False,
v1|257393232815|0,ALL SAINTS Leather Jacket Mens EXTRA LARGE Black XL Biker Bomber Celebrity PALM,Leather,L,269.99,GBP,Free,True,,2026-03-06T12:00:00.000Z,Pre-owned - Excellent,,londonink,100.0,GB,FIXED_PRICE,https://www.ebay.co.uk/itm/257393232815?_skw=All+Saints+leather+Jacket&hash=item3bedd50baf:g:O4gAAeSwIcBo3PL~,2026-03-06T14:50:33.956042,All Saints leather Jacket,2026-03-06T14:54:08.026003,2,False,
v1|188126621566|0,"AllSaints Milo Black Biker Jacket - Pre-Owned, Leather",Leather,l,203.17,GBP,£29.95,True,,2026-03-06T11:23:52.000Z,Pre-owned,,k-stargoods,96.2,KR,FIXED_PRICE,https://www.ebay.co.uk/itm/188126621566?_skw=All+Saints+leather+Jacket&hash=item2bcd386f7e:g:GMgAAeSwy85pqrpA,2026-03-06T14:50:33.956051,All Saints leather Jacket,2026-03-06T14:54:08.026003,2,False,
v1|306806099341|0,Allsaints Cargo Biker Black Leather Bomber Cafe Racer Rider Punk Jacket Large,Leather,l,69.99,GBP,£3.45,True,,2026-03-06T11:20:00.000Z,Pre-owned - Good,,jaffacakes123ben,99.9,GB,FIXED_PRICE,https://www.ebay.co.uk/itm/306806099341?_skw=All+Saints+leather+Jacket&hash=item476f118d8d:g:PqsAAeSwVFJoC1Xo,2026-03-06T14:50:33.956060,All Saints leather Jacket,2026-03-06T14:54:08.026003,2,False,
v1|257393226376|0,ALL SAINTS Leather Jacket EXTRA SMALL Mens XS White Suede Biker Bomber TACOMA,Leather,L,359.99,GBP,Free,True,,2026-03-06T11:00:00.000Z,New with tags,,londonink,100.0,GB,FIXED_PRICE,https://www.ebay.co.uk/itm/257393226376?_skw=All+Saints+leather+Jacket&hash=item3bedd4f288:g:xXYAAeSwYglotLs3,2026-03-06T14:50:33.956068,All Saints leather Jacket,2026-03-06T14:54:08.026003,2,False,
v1|306806099337|0,Mens Allsaints Konrad Suede Leather Bomber Jacket Size UK Small,Leather,M,69.99,GBP,£3.45,True,,2026-03-06T10:40:00.000Z,Pre-owned - Excellent,,jaffacakes123ben,99.9,GB,FIXED_PRICE,https://www.ebay.co.uk/itm/306806099337?_skw=All+Saints+leather+Jacket&hash=item476f118d89:g:zt8AAeSwO5NoC100,2026-03-06T14:50:33.956077,All Saints leather Jacket,2026-03-06T14:54:08.026003,2,False,
v1|257393226380|0,ALL SAINTS Leather Jacket EXTRA LARGE Mens Black XL Biker Bomber Grail TYSON,Leather,L,249.99,GBP,Free,True,,2026-03-06T10:00:00.000Z,Pre-owned - Good,,londonink,100.0,GB,FIXED_PRICE,https://www.ebay.co.uk/itm/257393226380?_skw=All+Saints+leather+Jacket&hash=item3bedd4f28c:g:uTMAAOSwwRhmu7sl,2026-03-06T14:50:33.956085,All Saints leather Jacket,2026-03-06T14:54:08.026003,2,False,
v1|306806099352|0,All Saints Balfern Dark Brown Real Leather Biker Jacket. Size UK 6. Used,Leather,l,64.99,GBP,£3.45,False,,2026-03-06T09:20:00.000Z,Pre-owned - Good,,jaffacakes123ben,99.9,GB,FIXED_PRICE,https://www.ebay.co.uk/itm/306806099352?_skw=All+Saints+leather+Jacket&hash=item476f118d98:g:PL4AAeSwZ8FoC1bC,2026-03-06T14:50:33.956094,All Saints leather Jacket,2026-03-06T14:54:08.026003,2,False,
v1|389706280697|0,Allsaints Neuman Men’s Dark Brown Leather Jacket - Size XL,Leather,l,79.95,GBP,£6.70,False,,2026-03-06T08:56:42.000Z,Pre-owned - Good,,micgre-699,99.9,GB,FIXED_PRICE,https://www.ebay.co.uk/itm/389706280697?_skw=All+Saints+leather+Jacket&hash=item5abc4deef9:g:RqMAAeSwGH1phHxv,2026-03-06T14:50:33.956318,All Saints leather Jacket,2026-03-06T14:54:08.026003,2,False,
v1|188126224726|0,ALL SAINTS Vintage Leather Jacket Black Leather Biker UK 10,Leather,L,63.1,GBP,£3.71,False,,2026-03-06T08:43:24.000Z,Pre-owned - Good,,wharf.2008,99.8,GB,FIXED_PRICE,https://www.ebay.co.uk/itm/188126224726?_skw=All+Saints+leather+Jacket&hash=item2bcd326156:g:77sAAeSw83RpqpMo,2026-03-06T14:50:33.956330,All Saints leather Jacket,2026-03-06T14:54:08.026003,2,False,
v1|257393249531|0,ALL SAINTS Leather Jacket Mens MEDIUM Brown Puffer Bomber Celebrity Grail RUSSEL,Leather,L,199.99,GBP,Free,True,,2026-03-06T08:33:30.000Z,Pre-owned - Excellent,,londonink,100.0,GB,FIXED_PRICE,https://www.ebay.co.uk/itm/257393249531?_skw=All+Saints+leather+Jacket&hash=item3bedd54cfb:g:cYcAAOSwhCNlFCrz,2026-03-06T14:50:33.956338,All Saints leather Jacket,2026-03-06T14:54:08.026003,2,False,
v1|327031270444|0,Vintage All Saints XL Leather Bomber Jacket Biker Motorcycle Full Zip - VGC,Leather,l,79.99,GBP,£3.55,True,,2026-03-06T08:02:09.000Z,Pre-owned - Excellent,,popthehood83,100.0,GB,FIXED_PRICE,https://www.ebay.co.uk/itm/327031270444?_skw=All+Saints+leather+Jacket&hash=item4c24952c2c:g:aMEAAeSwJGVppCMt,2026-03-06T14:50:33.956349,All Saints leather Jacket,2026-03-06T14:54:08.026003,2,False,
v1|298093894124|0,Allsaints biker jacket  leather women's Damson  UK 10 brown LJKTC524,Leather,l,79.99,GBP,Free,True,,2026-03-06T08:01:02.000Z,Pre-owned - Good,,mretro1,99.9,GB,FIXED_PRICE,https://www.ebay.co.uk/itm/298093894124?_skw=All+Saints+leather+Jacket&hash=item4567c7d9ec:g:zmwAAOSwNB1nteZM,2026-03-06T14:50:33.956357,All Saints leather Jacket,2026-03-06T14:54:08.026003,2,False,
v1|389705837800|0,Allsaints Floyd Leather Jacket Men M,Leather,l,245.01,GBP,£29.95,True,,2026-03-06T06:16:04.000Z,Pre-owned - Excellent,,k-stargoods,96.2,KR,FIXED_PRICE,https://www.ebay.co.uk/itm/389705837800?_skw=All+Saints+leather+Jacket&hash=item5abc472ce8:g:wtkAAeSw83RpqnGo,2026-03-06T14:50:33.956366,All Saints leather Jacket,2026-03-06T14:54:08.026003,2,False,
v1|377012675220|0,ALL SAINTS STANTON LEATHER VINTAGE WOMENS ALLSAINTS JACKET BLACK SIZE 6,Leather,L,130.27,GBP,£31.44,True,,2026-03-06T05:35:45.000Z,Pre-owned - Good,,nata.store,100.0,UA,FIXED_PRICE,https://www.ebay.co.uk/itm/377012675220?_skw=All+Saints+leather+Jacket&hash=item57c7b4e294:g:WYwAAeSwiXJouCJM,2026-03-06T14:50:33.956375,All Saints leather Jacket,2026-03-06T14:54:08.026003,2,False,
v1|358291778642|0,Allsaints Callahan Biker Black Leather Jacket Motorcycle Men’s Size L,Leather,l,138.5,GBP,£17.97,True,,2026-03-06T05:20:43.000Z,Pre-owned - Good,,oldmoney_seller,100.0,UA,FIXED_PRICE,https://www.ebay.co.uk/itm/358291778642?_skw=All+Saints+leather+Jacket&hash=item536bdaac52:g:TUEAAeSwle9pqmO5,2026-03-06T14:50:33.956386,All Saints leather Jacket,2026-03-06T14:54:08.026003,2,False,
v1|358291765600|0,AllSaints Estella Leather Biker Jacket Brown/Chocolate Lamb Woman’s,Leather,l,142.25,GBP,£17.97,True,,2026-03-06T05:17:07.000Z,Pre-owned - Excellent,,oldmoney_seller,100.0,UA,FIXED_PRICE,https://www.ebay.co.uk/itm/358291765600?_skw=All+Saints+leather+Jacket&hash=item536bda7960:g:0iYAAeSw7vtpqmK~,2026-03-06T14:50:33.956397,All Saints leather Jacket,2026-03-06T14:54:08.026003,2,False,
v1|127722185062|0,AllSaints Orton Leather Moto Jacket Chocolate Brown NWT US 0 UK 4 Biker,Leather,l,160.81,GBP,£39.25,True,,2026-03-06T03:31:02.000Z,New with tags,,goldenbecky,100.0,US,FIXED_PRICE,https://www.ebay.co.uk/itm/127722185062?_skw=All+Saints+leather+Jacket&hash=item1dbcd5e166:g:nWEAAeSwAuFpqkpm,2026-03-06T14:50:33.956406,All Saints leather Jacket,2026-03-06T14:54:08.026003,2,False,
v1|137098742694|0,All Saints Brenton Leather Jacket Men’s M Charcoal Black 100% Lamb Leather,Leather,l,149.73,GBP,£31.24,True,,2026-03-06T00:41:03.000Z,Pre-owned - Good,,millenialnostalgiagoodsandgifts,100.0,US,FIXED_PRICE,https://www.ebay.co.uk/itm/137098742694?_skw=All+Saints+leather+Jacket&hash=item1febb8cba6:g:p-0AAeSwjlJpqiGZ,2026-03-06T14:50:33.956416,All Saints leather Jacket,2026-03-06T14:54:08.026003,2,False,
v1|127721444299|0,All Saints Men’s Jacket Black Leather Stearn Bomber Biker Cafe Moto Racer Large,Leather,l,79.99,GBP,Free,True,,2026-03-05T23:53:58.000Z,Pre-owned - Good,,danny351979,99.8,GB,FIXED_PRICE,https://www.ebay.co.uk/itm/127721444299?_skw=All+Saints+leather+Jacket&hash=item1dbcca93cb:g:~TEAAeSwbiZpqhYm,2026-03-06T14:50:33.956426,All Saints leather Jacket,2026-03-06T14:54:08.026003,2,False,
v1|257391939755|0,ALL SAINTS Suede Leather Jacket Mens SMALL Biker Bomber Celebrity Grail SAVOY,Leather,L,179.99,GBP,Free,True,,2026-03-05T23:45:00.000Z,Pre-owned - Good,,londonink,100.0,GB,FIXED_PRICE,https://www.ebay.co.uk/itm/257391939755?_skw=All+Saints+leather+Jacket&hash=item3bedc150ab:g:m8oAAOSwVlJnKsNP,2026-03-06T14:50:33.956435,All Saints leather Jacket,2026-03-06T14:54:08.026003,2,False,
v1|198158467588|0,ALL SAINTS Watson black Leather Biker Moto Jacket size US 0,Leather,L,145.54,GBP,£35.57,True,,2026-03-05T23:21:19.000Z,Pre-owned - Excellent,,yrmor_10,98.1,US,FIXED_PRICE,https://www.ebay.co.uk/itm/198158467588?_skw=All+Saints+leather+Jacket&hash=item2e232a4204:g:FzoAAeSwp6NpXFV1,2026-03-06T14:50:33.956443,All Saints leather Jacket,2026-03-06T14:54:08.026003,2,False,
v1|257391939746|0,ALL SAINTS Suede Leather Jacket Mens LARGE Black Biker Bomber Celebrity CAXTON,Leather,L,239.99,GBP,Free,True,,2026-03-05T22:45:00.000Z,Pre-owned - Good,,londonink,100.0,GB,FIXED_PRICE,https://www.ebay.co.uk/itm/257391939746?_skw=All+Saints+leather+Jacket&hash=item3bedc150a2:g:UTgAAeSwe5ZpQXII,2026-03-06T14:50:33.956456,All Saints leather Jacket,2026-03-06T14:54:08.026003,2,False,
v1|117072040326|0,Allsaints Black Bomber Leather Jacket S Small Mens Zip Up,Leather,l,157.22,GBP,£30.88,True,,2026-03-05T22:43:32.000Z,Pre-owned - Good,,phidang16,100.0,US,FIXED_PRICE,https://www.ebay.co.uk/itm/117072040326?_skw=All+Saints+leather+Jacket&hash=item1b42099186:g:Cq0AAeSwF~FpqgYb,2026-03-06T14:50:33.956464,All Saints leather Jacket,2026-03-06T14:54:08.026003,2,False,
v1|257392741338|0,AllSaints Men's Griffin Leather Biker Jacket Black Extra Large XL Excellent Cond,Leather,l,80.0,GBP,£3.38,True,,2026-03-05T22:20:55.000Z,Pre-owned - Excellent,,liamgseller,100.0,GB,FIXED_PRICE,https://www.ebay.co.uk/itm/257392741338?_skw=All+Saints+leather+Jacket&hash=item3bedcd8bda:g:1R4AAeSw9wVpXlu0,2026-03-06T14:50:33.956476,All Saints leather Jacket,2026-03-06T14:54:08.026003,2,False,
v1|257392740909|0,All Saints Kushiro Leather Biker Jacket Men's L Large Black Zip Up Motorcycle,Leather,l,80.0,GBP,£3.38,True,,2026-03-05T22:20:08.000Z,Pre-owned - Excellent,,liamgseller,100.0,GB,FIXED_PRICE,https://www.ebay.co.uk/itm/257392740909?_skw=All+Saints+leather+Jacket&hash=item3bedcd8a2d:g:dSMAAeSwDJFpU~zY,2026-03-06T14:50:33.956485,All Saints leather Jacket,2026-03-06T14:54:08.026003,2,False,
v1|336465483458|0,ALL SAINTS BALFERN LEATHER BIKER JACKET SIZE 6,Leather,L,95.0,GBP,£3.99,False,,2026-03-05T22:08:56.000Z,Pre-owned - Good,,gr8styleforless,100.0,GB,FIXED_PRICE,https://www.ebay.co.uk/itm/336465483458?_skw=All+Saints+leather+Jacket&hash=item4e56e7d6c2:g:4HUAAOSwKxpiDCIM,2026-03-06T14:50:33.956493,All Saints leather Jacket,2026-03-06T14:54:08.026003,2,False,
v1|298092770382|0,AllSaints Balfern leather biker jacket size 16 brand new with tag on,Leather,l,260.7,GBP,£4.26,True,,2026-03-05T21:58:18.000Z,New with tags,,lilysitems,100.0,GB,FIXED_PRICE,https://www.ebay.co.uk/itm/298092770382?_skw=All+Saints+leather+Jacket&hash=item4567b6b44e:g:2PQAAeSwPqFpqfwo,2026-03-06T14:50:33.956502,All Saints leather Jacket,2026-03-06T14:54:08.026003,2,False,
v1|257391939756|0,ALL SAINTS OXBLOOD Leather Jacket Mens SMALL Biker Bomber Celebrity Grail CONROY,Leather,L,299.99,GBP,Free,True,,2026-03-05T21:45:00.000Z,Pre-owned - Excellent,,londonink,100.0,GB,FIXED_PRICE,https://www.ebay.co.uk/itm/257391939756?_skw=All+Saints+leather+Jacket&hash=item3bedc150ac:g:8rIAAOSwMnFoIh8I,2026-03-06T14:50:33.956510,All Saints leather Jacket,2026-03-06T14:54:08.026003,2,False,
v1|257392495431|0,ALL SAINTS Shearling Leather Jacket Mens XXL Black Sheepskin 2XL Celebrity FELIX,Leather,L,799.99,GBP,Free,True,,2026-03-05T21:10:00.000Z,Pre-owned - Excellent,,londonink,100.0,GB,FIXED_PRICE,https://www.ebay.co.uk/itm/257392495431?_skw=All+Saints+leather+Jacket&hash=item3bedc9cb47:g:IZEAAOSwWqNk0SoD,2026-03-06T14:50:33.956518,All Saints leather Jacket,2026-03-06T14:54:08.026003,2,False,
v1|257391939754|0,ALL SAINTS Leather Jacket Mens SMALL Oxblood Red Biker Celebrity Grail CALLERTON,Leather,L,229.99,GBP,Free,True,,2026-03-05T20:45:00.000Z,Pre-owned - Good,,londonink,100.0,GB,FIXED_PRICE,https://www.ebay.co.uk/itm/257391939754?_skw=All+Saints+leather+Jacket&hash=item3bedc150aa:g:0cYAAOSwmUBoLFvp,2026-03-06T14:50:33.956526,All Saints leather Jacket,2026-03-06T14:54:08.026003,2,False,
v1|117071885789|0,ALLSAINTS  Harwood Lamb Leather Jacket Size  XXL    RETAIL $649 BLACK #99,Leather,L,280.75,GBP,£35.69,False,,2026-03-05T20:37:27.000Z,New without tags,,designerbrandss,100.0,US,FIXED_PRICE,https://www.ebay.co.uk/itm/117071885789?_skw=All+Saints+leather+Jacket&hash=item1b420735dd:g:jsAAAeSw0x1pqein,2026-03-06T14:50:33.956535,All Saints leather Jacket,2026-03-06T14:54:08.026003,2,False,
v1|257392485585|0,ALL SAINTS Leather Jacket Mens MEDIUM Black Puffer Padded Celebrity CORONET,Leather,L,279.99,GBP,Free,True,,2026-03-05T20:30:00.000Z,Pre-owned - Good,,londonink,100.0,GB,FIXED_PRICE,https://www.ebay.co.uk/itm/257392485585?_skw=All+Saints+leather+Jacket&hash=item3bedc9a4d1:g:q-0AAeSwjfBpRWuw,2026-03-06T14:50:33.956543,All Saints leather Jacket,2026-03-06T14:54:08.026003,2,False,
v1|257392495434|0,ALL SAINTS Shearling Leather Jacket Mens XS Sheepskin Celebrity Grail BYWARD,Leather,L,399.99,GBP,Free,True,,2026-03-05T20:30:00.000Z,Pre-owned - Good,,londonink,100.0,GB,FIXED_PRICE,https://www.ebay.co.uk/itm/257392495434?_skw=All+Saints+leather+Jacket&hash=item3bedc9cb4a:g:vBAAAeSwlippA02o,2026-03-06T14:50:33.956551,All Saints leather Jacket,2026-03-06T14:54:08.026003,2,False,
v1|267595141535|0,All Saints Mens NIKO Leather Biker Jacket SMALL Black Bomber AllSaints Rock,Leather,l,189.99,GBP,Free,True,,2026-03-05T20:18:00.000Z,Pre-owned - Excellent,,zecnavda,100.0,GB,FIXED_PRICE,https://www.ebay.co.uk/itm/267595141535?_skw=All+Saints+leather+Jacket&hash=item3e4de9d19f:g:QpsAAOSwPRtnooA3,2026-03-06T14:50:33.956559,All Saints leather Jacket,2026-03-06T14:54:08.026003,2,False,
v1|257392299523|0,All Saints Ladies CARGO Leather Biker Jacket UK12 US8 EU40 Moto Grey 2 A166,Leather,l,169.99,GBP,Free,True,,2026-03-05T20:11:00.000Z,Pre-owned - Good,,zecnavda,100.0,GB,FIXED_PRICE,https://www.ebay.co.uk/itm/257392299523?_skw=All+Saints+leather+Jacket&hash=item3bedc6ce03:g:o-oAAOSw~zNlHcP5,2026-03-06T14:50:33.956566,All Saints leather Jacket,2026-03-06T14:54:08.026003,2,False,
v1|177924844187|0,Iconic ALLSAINTS Asta Gilet Waistcoat Fringed Leather Jacket Black UK14 Cowgirl ,Leather,L,179.0,GBP,Free,False,,2026-03-05T20:05:42.000Z,Pre-owned - Excellent,,biggerbargainsuk,100.0,GB,FIXED_PRICE,https://www.ebay.co.uk/itm/177924844187?_skw=All+Saints+leather+Jacket&hash=item296d25aa9b:g:f~kAAeSwCoZpqeGa,2026-03-06T14:50:33.956576,All Saints leather Jacket,2026-03-06T14:54:08.026003,2,False,
v1|257392299529|0,All Saints Ladies FARLEY Sheepskin SHEARLING Leather Biker Jacket MEDIUM 2 A302,Leather,l,259.99,GBP,Free,True,,2026-03-05T20:04:00.000Z,Pre-owned - Good,,zecnavda,100.0,GB,FIXED_PRICE,https://www.ebay.co.uk/itm/257392299529?_skw=All+Saints+leather+Jacket&hash=item3bedc6ce09:g:j58AAOSwwyRlgL75,2026-03-06T14:50:33.956584,All Saints leather Jacket,2026-03-06T14:54:08.026003,2,False,
v1|117071793336|0,ALL SAINTS Futile Leather Shirt Jacket Mens MEDIUM,Leather,L,104.7,GBP,£3.38,True,,2026-03-05T19:52:21.000Z,Pre-owned - Good,,gdmfsob1984,100.0,GB,FIXED_PRICE,https://www.ebay.co.uk/itm/117071793336?_skw=All+Saints+leather+Jacket&hash=item1b4205ccb8:g:L2AAAeSwJ21pqd5s,2026-03-06T14:50:33.956593,All Saints leather Jacket,2026-03-06T14:54:08.026003,2,False,
v1|257392495433|0,ALL SAINTS Shearling Leather Jacket Mens SMALL Sheepskin Coat Celebrity BRUTE,Leather,L,399.99,GBP,Free,True,,2026-03-05T19:50:00.000Z,Pre-owned - Good,,londonink,100.0,GB,FIXED_PRICE,https://www.ebay.co.uk/itm/257392495433?_skw=All+Saints+leather+Jacket&hash=item3bedc9cb49:g:BHQAAOSwLyBoIhkb,2026-03-06T14:50:33.956601,All Saints leather Jacket,2026-03-06T14:54:08.026003,2,False,
v1|267595141522|0,AllSaints Mens Oxblood CALLERTON Leather Biker Jacket SMALL Bomber All Saints,Leather,l,269.99,GBP,Free,True,,2026-03-05T19:50:00.000Z,Pre-owned - Good,,zecnavda,100.0,GB,FIXED_PRICE,https://www.ebay.co.uk/itm/267595141522?_skw=All+Saints+leather+Jacket&hash=item3e4de9d192:g:pGEAAeSwfrRo19rn,2026-03-06T14:50:33.956609,All Saints leather Jacket,2026-03-06T14:54:08.026003,2,False,
v1|117071782386|0,All Saints Callerton Leather Jacket Oxblood M,Leather,l,208.7,GBP,£4.26,True,,2026-03-05T19:47:17.000Z,Pre-owned - Excellent,,gdmfsob1984,100.0,GB,FIXED_PRICE,https://www.ebay.co.uk/itm/117071782386?_skw=All+Saints+leather+Jacket&hash=item1b4205a1f2:g:o~IAAeSwR09pqdx1,2026-03-06T14:50:33.956617,All Saints leather Jacket,2026-03-06T14:54:08.026003,2,False,
v1|257391939750|0,ALL SAINTS Leather Jacket Mens SMALL Black S Biker Bomber Celebrity Grail MILO,Leather,L,219.99,GBP,Free,True,,2026-03-05T19:45:00.000Z,Pre-owned - Excellent,,londonink,100.0,GB,FIXED_PRICE,https://www.ebay.co.uk/itm/257391939750?_skw=All+Saints+leather+Jacket&hash=item3bedc150a6:g:HnIAAeSw83ZoyAbo,2026-03-06T14:50:33.956625,All Saints leather Jacket,2026-03-06T14:54:08.026003,2,False,
v1|257392299528|0,All Saints Mens GRANTHAM Suede Bomber Jacket Brown XL Extra Large Leather Biker,Leather,l,249.99,GBP,Free,True,,2026-03-05T19:43:00.000Z,Pre-owned - Good,,zecnavda,100.0,GB,FIXED_PRICE,https://www.ebay.co.uk/itm/257392299528?_skw=All+Saints+leather+Jacket&hash=item3bedc6ce08:g:eNgAAOSwvShoQe2k,2026-03-06T14:50:33.956634,All Saints leather Jacket,2026-03-06T14:54:08.026003,2,False,
v1|168208320509|0,AllSaints Harland Leather Jacket Grey Biker Moto Women's Sz 0 US,Leather,l,134.76,GBP,£30.15,True,,2026-03-05T19:39:45.000Z,Pre-owned - Excellent,,schappens,99.3,US,FIXED_PRICE,https://www.ebay.co.uk/itm/168208320509?_skw=All+Saints+leather+Jacket&hash=item2729ff47fd:g:QzEAAeSwVftpoLez,2026-03-06T14:50:33.956643,All Saints leather Jacket,2026-03-06T14:54:08.026003,2,False,
v1|257392485586|0,ALL SAINTS Leather Puffer Jacket Coat Mens MEDIUM Black Hooded Celebrity OVAL,Leather,L,699.99,GBP,Free,True,,2026-03-05T19:30:00.000Z,Pre-owned - Excellent,,londonink,100.0,GB,FIXED_PRICE,https://www.ebay.co.uk/itm/257392485586?_skw=All+Saints+leather+Jacket&hash=item3bedc9a4d2:g:g-0AAeSwVuBpMgB2,2026-03-06T14:50:33.956650,All Saints leather Jacket,2026-03-06T14:54:08.026003,2,False,
v1|267595141532|0,All Saints LARK Leather Bomber Jacket XXL 2XL Black Mens Biker Rock Allsaints,Leather,l,269.99,GBP,Free,True,,2026-03-05T19:22:00.000Z,Pre-owned - Good,,zecnavda,100.0,GB,FIXED_PRICE,https://www.ebay.co.uk/itm/267595141532?_skw=All+Saints+leather+Jacket&hash=item3e4de9d19c:g:PIIAAOSwEc5n0x8D,2026-03-06T14:50:33.956658,All Saints leather Jacket,2026-03-06T14:54:08.026003,2,False,
v1|257392495432|0,ALL SAINTS Shearling Leather Jacket Mens SMALL COLEMAN Celebrity Sheepskin Coat,Leather,L,399.99,GBP,Free,True,,2026-03-05T19:10:00.000Z,Pre-owned - Excellent,,londonink,100.0,GB,FIXED_PRICE,https://www.ebay.co.uk/itm/257392495432?_skw=All+Saints+leather+Jacket&hash=item3bedc9cb48:g:RvkAAOSwIx5kzVbn,2026-03-06T14:50:33.956666,All Saints leather Jacket,2026-03-06T14:54:08.026003,2,False,
v1|267595141517|0,All Saints Mens CORA Nubuck Leather Bomber Jacket 2XL XXL Moto AllSaints Biker,Leather,l,269.99,GBP,Free,True,,2026-03-05T18:54:00.000Z,Pre-owned - Excellent,,zecnavda,100.0,GB,FIXED_PRICE,https://www.ebay.co.uk/itm/267595141517?_skw=All+Saints+leather+Jacket&hash=item3e4de9d18d:g:jlMAAOSw2bFnUhE7,2026-03-06T14:50:33.956674,All Saints leather Jacket,2026-03-06T14:54:08.026003,2,False,
v1|257391939757|0,ALL SAINTS Leather Jacket Mens SMALL Black Biker Bomber Celebrity Grail BRANDT,Leather,L,259.99,GBP,Free,True,,2026-03-05T18:45:00.000Z,Pre-owned - Good,,londonink,100.0,GB,FIXED_PRICE,https://www.ebay.co.uk/itm/257391939757?_skw=All+Saints+leather+Jacket&hash=item3bedc150ad:g:nAsAAOSwc9VoTV4m,2026-03-06T14:50:33.956687,All Saints leather Jacket,2026-03-06T14:54:08.026003,2,False,
v1|257392485591|0,ALL SAINTS Leather Jacket Mens SMALL Black Puffer Biker Bomber Celebrity MERCER,Leather,L,279.99,GBP,Free,True,,2026-03-05T18:30:00.000Z,Pre-owned - Excellent,,londonink,100.0,GB,FIXED_PRICE,https://www.ebay.co.uk/itm/257392485591?_skw=All+Saints+leather+Jacket&hash=item3bedc9a4d7:g:dgcAAOSwrUJoIhTT,2026-03-06T14:50:33.956695,All Saints leather Jacket,2026-03-06T14:54:08.026003,2,False,
v1|257392495435|0,ALL SAINTS Shearling Leather Jacket Mens MEDIUM Grey Sheepskin Celebrity KARSON,Leather,L,499.99,GBP,Free,True,,2026-03-05T18:30:00.000Z,Pre-owned - Good,,londonink,100.0,GB,FIXED_PRICE,https://www.ebay.co.uk/itm/257392495435?_skw=All+Saints+leather+Jacket&hash=item3bedc9cb4b:g:5swAAOSwG5loIhjd,2026-03-06T14:50:33.956703,All Saints leather Jacket,2026-03-06T14:54:08.026003,2,False,
v1|267595141518|0,All Saints Ladies BALFERN Leather Biker Jacket UK10 US6 EU38 moto 2 Grey,Leather,l,149.99,GBP,Free,True,,2026-03-05T18:26:00.000Z,Pre-owned - Excellent,,zecnavda,100.0,GB,FIXED_PRICE,https://www.ebay.co.uk/itm/267595141518?_skw=All+Saints+leather+Jacket&hash=item3e4de9d18e:g:VFUAAOSwnsxi0xVU,2026-03-06T14:50:33.956711,All Saints leather Jacket,2026-03-06T14:54:08.026003,2,False,
v1|267595141536|0,All Saints Ladies ESTELLA Leather Biker Jacket UK12 US8 EU40 Bomber Motorcycle,Leather,l,249.99,GBP,Free,True,,2026-03-05T18:19:00.000Z,Pre-owned - Good,,zecnavda,100.0,GB,FIXED_PRICE,https://www.ebay.co.uk/itm/267595141536?_skw=All+Saints+leather+Jacket&hash=item3e4de9d1a0:g:5-gAAOSw2TdnW1Qq,2026-03-06T14:50:33.956719,All Saints leather Jacket,2026-03-06T14:54:08.026003,2,False,
v1|257392299535|0,All Saints Mens Leather EMERY Shirt Jacket SMALL 2 BLACK Moto AllSaints Shacket,Leather,l,199.99,GBP,Free,True,,2026-03-05T18:05:00.000Z,Pre-owned - Good,,zecnavda,100.0,GB,FIXED_PRICE,https://www.ebay.co.uk/itm/257392299535?_skw=All+Saints+leather+Jacket&hash=item3bedc6ce0f:g:5toAAOSweRBoLfHt,2026-03-06T14:50:33.956727,All Saints leather Jacket,2026-03-06T14:54:08.026003,2,False,
v1|267595141541|0,All Saints Mens Padded BOWEN Leather Bomber Jacket MEDIUM Biker 3 A284,Leather,l,199.99,GBP,Free,True,,2026-03-05T17:58:00.000Z,Pre-owned - Excellent,,zecnavda,100.0,GB,FIXED_PRICE,https://www.ebay.co.uk/itm/267595141541?_skw=All+Saints+leather+Jacket&hash=item3e4de9d1a5:g:PWwAAOSwY1xlbPNn,2026-03-06T14:50:33.956735,All Saints leather Jacket,2026-03-06T14:54:08.026003,2,False,
v1|267595141542|0,All Saints Mens MEUSE Leather Jacket SMALL Black Allsaints Biker Bomber Rock,Leather,l,149.99,GBP,Free,True,,2026-03-05T17:51:00.000Z,Pre-owned - Excellent,,zecnavda,100.0,GB,FIXED_PRICE,https://www.ebay.co.uk/itm/267595141542?_skw=All+Saints+leather+Jacket&hash=item3e4de9d1a6:g:aF0AAOSwquZoL3k2,2026-03-06T14:50:33.956743,All Saints leather Jacket,2026-03-06T14:54:08.026003,2,False,
v1|257391939742|0,ALL SAINTS Leather Jacket Mens SMALL Black Biker Bomber Celebrity Grail BLENHAM,Leather,L,249.99,GBP,Free,True,,2026-03-05T17:45:00.000Z,Pre-owned - Good,,londonink,100.0,GB,FIXED_PRICE,https://www.ebay.co.uk/itm/257391939742?_skw=All+Saints+leather+Jacket&hash=item3bedc1509e:g:5LQAAeSwYsdphdne,2026-03-06T14:50:33.956751,All Saints leather Jacket,2026-03-06T14:54:08.026003,2,False,
v1|257392299549|0,NEW All Saints Mens CORA Leather Bomber Jacket XS Brown Biker Extra Small,Leather,l,249.99,GBP,Free,True,,2026-03-05T17:30:00.000Z,New with tags,,zecnavda,100.0,GB,FIXED_PRICE,https://www.ebay.co.uk/itm/257392299549?_skw=All+Saints+leather+Jacket&hash=item3bedc6ce1d:g:xb8AAeSwmIFoj3tL,2026-03-06T14:50:33.956760,All Saints leather Jacket,2026-03-06T14:54:08.026003,2,False,
v1|137097694658|0,All Saints Rebell Mens Black Biker Style Leather Shirt Jacket Size Large,Leather,l,49.99,GBP,£3.95,False,,2026-03-05T17:05:50.000Z,Pre-owned - Good,,shyneproductions,100.0,GB,FIXED_PRICE,https://www.ebay.co.uk/itm/137097694658?_skw=All+Saints+leather+Jacket&hash=item1feba8cdc2:g:-IEAAeSwlAFpqX05,2026-03-06T14:50:33.956770,All Saints leather Jacket,2026-03-06T14:54:08.026003,2,False,
v1|157728135738|0,Mens AllSaints Woodley Jacket Bomber Biker Leather Black Hooded Large All Saints,Leather,M,109.8,GBP,£4.26,True,,2026-03-05T16:59:23.000Z,Pre-owned - Excellent,,mrb_sells,99.9,GB,FIXED_PRICE,https://www.ebay.co.uk/itm/157728135738?_skw=All+Saints+leather+Jacket&hash=item24b9545a3a:g:wbQAAeSweAtoQE-Z,2026-03-06T14:50:33.956779,All Saints leather Jacket,2026-03-06T14:54:08.026003,2,False,
v1|257391939758|0,ALL SAINTS Leather Jacket Mens SMALL Black Biker Bomber Celebrity Grail AMERSHAM,Leather,L,229.99,GBP,Free,True,,2026-03-05T16:45:00.000Z,Pre-owned - Excellent,,londonink,100.0,GB,FIXED_PRICE,https://www.ebay.co.uk/itm/257391939758?_skw=All+Saints+leather+Jacket&hash=item3bedc150ae:g:3pkAAOSw1VFoJwQC,2026-03-06T14:50:33.956787,All Saints leather Jacket,2026-03-06T14:54:08.026003,2,False,
v1|389703425140|0,ALLSAINTS ALL SAINTS Roux Black Wool Coat Jacket Leather Sleeves XS 2 ,Leather,L,63.09,GBP,£25.23,True,,2026-03-05T16:35:55.000Z,D'occasion – Excellent,,andtes72,92.3,CA,FIXED_PRICE,https://www.ebay.co.uk/itm/389703425140?_skw=All+Saints+leather+Jacket&hash=item5abc225c74:g:cb4AAeSwTkFpqbA1,2026-03-06T14:50:33.956796,All Saints leather Jacket,2026-03-06T14:54:08.026003,2,False,
v1|336465007790|0,All Saints Mower Leather Jacket - XS,Leather,l,74.02,GBP,£3.38,True,,2026-03-05T16:34:34.000Z,Pre-owned - Excellent,,hasirony,100.0,GB,FIXED_PRICE,https://www.ebay.co.uk/itm/336465007790?_skw=All+Saints+leather+Jacket&hash=item4e56e094ae:g:XukAAeSwDAJpqa7z,2026-03-06T14:50:33.956804,All Saints leather Jacket,2026-03-06T14:54:08.026003,2,False,
v1|257392335916|0,ALL SAINTS Leather Jacket Mens EXTRA SMALL Black XS Biker Bomber Celebrity MILO,Leather,L,199.99,GBP,Free,True,,2026-03-05T15:49:34.000Z,Pre-owned - Excellent,,londonink,100.0,GB,FIXED_PRICE,https://www.ebay.co.uk/itm/257392335916?_skw=All+Saints+leather+Jacket&hash=item3bedc75c2c:g:xwsAAeSwAIBpDyyA,2026-03-06T14:50:33.956821,All Saints leather Jacket,2026-03-06T14:54:08.026003,2,False,
v1|257392335922|0,ALL SAINTS Leather Shirt Jacket Mens SMALL Black Biker Celebrity Grail MONSTER,Leather,L,129.99,GBP,Free,True,,2026-03-05T15:49:34.000Z,Pre-owned - Good,,londonink,100.0,GB,FIXED_PRICE,https://www.ebay.co.uk/itm/257392335922?_skw=All+Saints+leather+Jacket&hash=item3bedc75c32:g:fPgAAeSwlShorttS,2026-03-06T14:50:33.956829,All Saints leather Jacket,2026-03-06T14:54:08.026003,2,False,
v1|257391939744|0,ALL SAINTS Leather Jacket Mens SMALL Black Biker Bomber Celebrity BLENHAM,Leather,L,249.99,GBP,Free,True,,2026-03-05T15:45:00.000Z,Pre-owned - Good,,londonink,100.0,GB,FIXED_PRICE,https://www.ebay.co.uk/itm/257391939744?_skw=All+Saints+leather+Jacket&hash=item3bedc150a0:g:l8MAAeSwgVxpYOfJ,2026-03-06T14:50:33.956837,All Saints leather Jacket,2026-03-06T14:54:08.026003,2,False,
v1|227243403666|0,All Saints Mens COLEMAN Sheepskin Jacket XL Bomber Leather Shearling Biker,Leather,l,249.95,GBP,Free,True,,2026-03-05T15:35:14.000Z,Pre-owned - Excellent,,pozzle2010,99.7,GB,FIXED_PRICE,https://www.ebay.co.uk/itm/227243403666?_skw=All+Saints+leather+Jacket&hash=item34e8c32992:g:wEMAAeSwjchpqaKN,2026-03-06T14:50:33.956846,All Saints leather Jacket,2026-03-06T14:54:08.026003,2,False,
v1|257391939741|0,ALL SAINTS Leather Jacket Mens MEDIUM Black Biker Bomber Celebrity Grail WICK,Leather,L,199.99,GBP,Free,True,,2026-03-05T14:45:00.000Z,Pre-owned - Good,,londonink,100.0,GB,FIXED_PRICE,https://www.ebay.co.uk/itm/257391939741?_skw=All+Saints+leather+Jacket&hash=item3bedc1509d:g:WOwAAeSwEQNob3IV,2026-03-06T14:50:33.956863,All Saints leather Jacket,2026-03-06T14:54:08.026003,2,False,
v1|147186717673|0,AllSaints Men's Leather Bomber Jacket - M,Leather,l,187.9,GBP,Free,True,,2026-03-05T15:08:58.000Z,Pre-owned - Good,,bitsnbobsbridgend,0.0,GB,FIXED_PRICE,https://www.ebay.co.uk/itm/147186717673?_skw=All+Saints+leather+Jacket&hash=item22450313e9:g:aHYAAeSwMWJpqZH7,2026-03-06T14:50:33.956871,All Saints leather Jacket,2026-03-06T14:54:08.026003,2,False,
v1|236670410106|0,AllSaints Balfern Leather Biker Jacket Women's Size 0 Taupe Moto Fall Edgy,Leather,l,134.76,GBP,£23.01,True,,2026-03-05T14:27:11.000Z,Pre-owned - Fair,,prettiamor,100.0,US,FIXED_PRICE,https://www.ebay.co.uk/itm/236670410106?_skw=All+Saints+leather+Jacket&hash=item371aa7dd7a:g:v6wAAeSw~4BpC8HV,2026-03-06T14:50:33.956879,All Saints leather Jacket,2026-03-06T14:54:08.026003,2,False,
v1|206112919289|0,AllSaints Genuine Leather Rider Jacket L,Leather,l,192.36,GBP,£29.95,True,,2026-03-05T14:26:16.000Z,Pre-owned,,k-stargoods,96.2,KR,FIXED_PRICE,https://www.ebay.co.uk/itm/206112919289?_skw=All+Saints+leather+Jacket&hash=item2ffd498ef9:g:tisAAeSwBDppqZO7,2026-03-06T14:50:33.956888,All Saints leather Jacket,2026-03-06T14:54:08.026003,2,False,
v1|317958199543|0,All Saints Mens STONES Leather Bomber Jacket XS Suede Biker AllSaints B86,Leather,l,60.0,GBP,£3.38,True,,2026-03-05T14:22:35.000Z,Pre-owned - Excellent,,pazz-3346,98.7,GB,FIXED_PRICE,https://www.ebay.co.uk/itm/317958199543?_skw=All+Saints+leather+Jacket&hash=item4a07c918f7:g:iWMAAeSwCoZpqZE5,2026-03-06T14:50:33.956896,All Saints leather Jacket,2026-03-06T14:54:08.026003,2,False,
v1|257391939743|0,ALL SAINTS Leather Jacket Mens MEDIUM Black Biker Bomber Celebrity Grail MANOR,Leather,L,219.99,GBP,Free,True,,2026-03-05T13:45:00.000Z,Pre-owned - Good,,londonink,100.0,GB,FIXED_PRICE,https://www.ebay.co.uk/itm/257391939743?_skw=All+Saints+leather+Jacket&hash=item3bedc1509f:g:mFEAAeSw~eppZQoN,2026-03-06T14:50:33.956904,All Saints leather Jacket,2026-03-06T14:54:08.026003,2,False,
v1|168207626539|0,AllSaints Mower Leather Bomber Jacket Men’s Sz M Gray Moto Biker,Leather,l,187.17,GBP,£28.47,False,,2026-03-05T13:27:04.000Z,Pre-owned - Good,,polished-perfection,100.0,US,FIXED_PRICE,https://www.ebay.co.uk/itm/168207626539?_skw=All+Saints+leather+Jacket&hash=item2729f4b12b:g:~PIAAeSwJPJpqYSk,2026-03-06T14:50:33.956915,All Saints leather Jacket,2026-03-06T14:54:08.026003,2,False,
v1|397678427811|0,Allsaints Lamb Leather Double Rider Jacket Women UK6 US2 EU34 Used,Leather,l,257.54,GBP,Free,False,,2026-03-05T13:25:28.000Z,Pre-owned - Good,,gleamjapan,100.0,JP,FIXED_PRICE,https://www.ebay.co.uk/itm/397678427811?_skw=All+Saints+leather+Jacket&hash=item5c977b3ea3:g:GawAAeSwlCRpqYWl,2026-03-06T14:50:33.956923,All Saints leather Jacket,2026-03-06T14:54:08.026003,2,False,
v1|397678426277|0,AllSaints Lamb Leather Biker Jacket Black UK8 US4 EU36 Used,Leather,l,214.11,GBP,Free,False,,2026-03-05T13:24:49.000Z,Pre-owned - Good,,gleamjapan,100.0,JP,FIXED_PRICE,https://www.ebay.co.uk/itm/397678426277?_skw=All+Saints+leather+Jacket&hash=item5c977b38a5:g:JXEAAeSw9s1pqYV7,2026-03-06T14:50:33.956931,All Saints leather Jacket,2026-03-06T14:54:08.026003,2,False,
v1|117071281060|0,All Saints Classic Leather Brown Women's Shirt Blouse Jacket Size US 4 UK 8 S,Leather,l,57.5,GBP,£24.26,False,,2026-03-05T13:06:49.000Z,Pre-owned - Excellent,,navzaem,99.7,UA,FIXED_PRICE,https://www.ebay.co.uk/itm/117071281060?_skw=All+Saints+leather+Jacket&hash=item1b41fdfba4:g:HWQAAeSwFrxpkGQr,2026-03-06T14:50:33.956940,All Saints leather Jacket,2026-03-06T14:54:08.026003,2,False,
v1|188123318899|0,"Allsaints Leather Bicolor Short Padded Jacket - Black, Men's Outerwear",Leather,l,267.58,GBP,£29.95,True,,2026-03-05T12:52:23.000Z,Pre-owned - Excellent,,k-stargoods,96.2,KR,FIXED_PRICE,https://www.ebay.co.uk/itm/188123318899?_skw=All+Saints+leather+Jacket&hash=item2bcd060a73:g:AE8AAeSwdWNpqX2B,2026-03-06T14:50:33.956948,All Saints leather Jacket,2026-03-06T14:54:08.026003,2,False,
v1|257391939747|0,ALL SAINTS Leather Jacket Mens EXTRA LARGE Blue XL Biker Bomber Celebrity AKIRA,Leather,L,229.99,GBP,Free,True,,2026-03-05T12:45:00.000Z,Pre-owned - Good,,londonink,100.0,GB,FIXED_PRICE,https://www.ebay.co.uk/itm/257391939747?_skw=All+Saints+leather+Jacket&hash=item3bedc150a3:g:PwYAAeSwKRlpLvMT,2026-03-06T14:50:33.956957,All Saints leather Jacket,2026-03-06T14:54:08.026003,2,False,
v1|257391937383|0,ALL SAINTS Suede Leather Jacket Mens XL Biker Bomber Celebrity Grail CIRCUIT,Leather,L,129.99,GBP,Free,True,,2026-03-05T12:30:00.000Z,Pre-owned - Good,,londonink,100.0,GB,FIXED_PRICE,https://www.ebay.co.uk/itm/257391937383?_skw=All+Saints+leather+Jacket&hash=item3bedc14767:g:cV0AAOSwHEdoIjww,2026-03-06T14:50:33.956965,All Saints leather Jacket,2026-03-06T14:54:08.026003,2,False,
v1|257395337503|0,ALL SAINTS Leather Jacket Mens MEDIUM Black Biker Bomber Liam Gallagher BLENHAM,Leather,L,249.99,GBP,Free,True,,2026-03-07T22:05:00.000Z,Pre-owned - Good,,londonink,100.0,GB,FIXED_PRICE,https://www.ebay.co.uk/itm/257395337503?_skw=All+Saints+leather+Jacket&hash=item3bedf5291f:g:zmoAAeSwfP9pd-Nr,2026-03-07T22:07:14.261555,All Saints leather Jacket,2026-03-07T22:07:14.261555,1,False,
v1|257394709819|0,ALL SAINTS Leather Jacket Mens SMALL Suede Blazer Celebrity Grey SURVEY,Leather,L,279.99,GBP,Free,True,,2026-03-07T21:55:00.000Z,Pre-owned - Good,,londonink,100.0,GB,FIXED_PRICE,https://www.ebay.co.uk/itm/257394709819?_skw=All+Saints+leather+Jacket&hash=item3bedeb953b:g:hgQAAOSwB89oJy5d,2026-03-07T22:07:14.261600,All Saints leather Jacket,2026-03-07T22:07:14.261600,1,False,
v1|257395337513|0,ALL SAINTS Leather Jacket Mens MEDIUM Black Biker Bomber Celebrity Grail MILO,Leather,L,219.99,GBP,Free,True,,2026-03-07T21:45:00.000Z,Pre-owned - Excellent,,londonink,100.0,GB,FIXED_PRICE,https://www.ebay.co.uk/itm/257395337513?_skw=All+Saints+leather+Jacket&hash=item3bedf52929:g:GNMAAeSweq9ofnHt,2026-03-07T22:07:14.261635,All Saints leather Jacket,2026-03-07T22:07:14.261635,1,False,
v1|257394709818|0,ALL SAINTS Oxblood Leather Jacket Mens SMALL Red Biker Bomber Celebrity CONROY,Leather,L,189.99,GBP,Free,True,,2026-03-07T21:35:00.000Z,Pre-owned - Good,,londonink,100.0,GB,FIXED_PRICE,https://www.ebay.co.uk/itm/257394709818?_skw=All+Saints+leather+Jacket&hash=item3bedeb953a:g:HuoAAOSwtL5oJwbS,2026-03-07T22:07:14.261650,All Saints leather Jacket,2026-03-07T22:07:14.261650,1,False,
v1|257395337512|0,ALL SAINTS Leather Jacket Mens EXTRA LARGE Black Biker Bomber Celebrity RONVER,Leather,L,249.99,GBP,Free,True,,2026-03-07T21:25:00.000Z,Pre-owned - Excellent,,londonink,100.0,GB,FIXED_PRICE,https://www.ebay.co.uk/itm/257395337512?_skw=All+Saints+leather+Jacket&hash=item3bedf52928:g:rl8AAeSwmilpA4IE,2026-03-07T22:07:14.261664,All Saints leather Jacket,2026-03-07T22:07:14.261664,1,False,
v1|257394709809|0,ALL SAINTS Leather Shirt Jacket Mens LARGE Biker Bomber Celebrity Grail PHANTON ,Leather,L,259.99,GBP,Free,True,,2026-03-07T21:15:00.000Z,Pre-owned - Excellent,,londonink,100.0,GB,FIXED_PRICE,https://www.ebay.co.uk/itm/257394709809?_skw=All+Saints+leather+Jacket&hash=item3bedeb9531:g:8aUAAOSwhx5oIeeq,2026-03-07T22:07:14.261678,All Saints leather Jacket,2026-03-07T22:07:14.261678,1,False,
v1|257395333732|0,ALL SAINTS Leather Jacket Mens SMALL Black Biker Bomber Celebrity Grail VERDI,Leather,L,349.99,GBP,Free,True,,2026-03-07T21:05:26.000Z,Pre-owned - Excellent,,londonink,100.0,GB,FIXED_PRICE,https://www.ebay.co.uk/itm/257395333732?_skw=All+Saints+leather+Jacket&hash=item3bedf51a64:g:DlQAAeSwOZ9pMfS9,2026-03-07T22:07:14.261691,All Saints leather Jacket,2026-03-07T22:07:14.261691,1,False,
v1|257395333734|0,ALL SAINTS Suede Leather Blazer Jacket Mens EXTRA LARGE Brown HOPTON like survey,Leather,L,369.99,GBP,Free,True,,2026-03-07T21:05:26.000Z,Pre-owned - Excellent,,londonink,100.0,GB,FIXED_PRICE,https://www.ebay.co.uk/itm/257395333734?_skw=All+Saints+leather+Jacket&hash=item3bedf51a66:g:96EAAeSwe1Jo0phl,2026-03-07T22:07:14.261705,All Saints leather Jacket,2026-03-07T22:07:14.261705,1,False,
v1|257395175293|0,All Saints Mens ABBOT Leather Bomber Jacket Biker XL Extra Large AllSaints Hood,Leather,l,229.99,GBP,Free,True,,2026-03-07T20:50:00.000Z,Pre-owned - Good,,zecnavda,100.0,GB,FIXED_PRICE,https://www.ebay.co.uk/itm/257395175293?_skw=All+Saints+leather+Jacket&hash=item3bedf2af7d:g:C2wAAOSwOstnWzLr,2026-03-07T22:07:14.261719,All Saints leather Jacket,2026-03-07T22:07:14.261719,1,False,
v1|257395175287|0,All Saints Mens WOODLEY Leather Biker Jacket SMALL Black Hooded Bomber AllSaints,Leather,l,219.99,GBP,Free,True,,2026-03-07T20:46:00.000Z,Pre-owned - Excellent,,zecnavda,100.0,GB,FIXED_PRICE,https://www.ebay.co.uk/itm/257395175287?_skw=All+Saints+leather+Jacket&hash=item3bedf2af77:g:z3AAAOSwGVlnfW9q,2026-03-07T22:07:14.261733,All Saints leather Jacket,2026-03-07T22:07:14.261733,1,False,
v1|257395175296|0,All Saints KLISKO Leather Biker Bomber Jacket LARGE L Mens Black Rock Star B156,Leather,l,239.99,GBP,Free,True,,2026-03-07T20:42:00.000Z,Pre-owned - Good,,zecnavda,100.0,GB,FIXED_PRICE,https://www.ebay.co.uk/itm/257395175296?_skw=All+Saints+leather+Jacket&hash=item3bedf2af80:g:JrAAAeSwAKtphd5W,2026-03-07T22:07:14.261749,All Saints leather Jacket,2026-03-07T22:07:14.261749,1,False,
v1|267597164000|0,All Saints Ladies SHERWOOD Leather Biker Jacket LARGE UK14 UK16 Black Bomber,Leather,l,189.99,GBP,Free,True,,2026-03-07T20:38:00.000Z,Pre-owned - Excellent,,zecnavda,100.0,GB,FIXED_PRICE,https://www.ebay.co.uk/itm/267597164000?_skw=All+Saints+leather+Jacket&hash=item3e4e08ade0:g:jn0AAeSwNn9phckn,2026-03-07T22:07:14.261764,All Saints leather Jacket,2026-03-07T22:07:14.261764,1,False,
v1|257394709815|0,ALL SAINTS Leather Shirt Jacket Mens EXTRA LARGE Black Biker Celebrity POSTNOON,Leather,L,149.99,GBP,Free,True,,2026-03-07T20:30:00.000Z,Pre-owned - Good,,londonink,100.0,GB,FIXED_PRICE,https://www.ebay.co.uk/itm/257394709815?_skw=All+Saints+leather+Jacket&hash=item3bedeb9537:g:i3AAAOSwYWRoIgCh,2026-03-07T22:07:14.261777,All Saints leather Jacket,2026-03-07T22:07:14.261777,1,False,
v1|257395175285|0,All Saints Mens BALMORRO Leather Jacket LARGE Brown Blazer AllSaints Suede,Leather,l,229.99,GBP,Free,True,,2026-03-07T20:26:00.000Z,Pre-owned - Good,,zecnavda,100.0,GB,FIXED_PRICE,https://www.ebay.co.uk/itm/257395175285?_skw=All+Saints+leather+Jacket&hash=item3bedf2af75:g:DiIAAeSwXh9oupnA,2026-03-07T22:07:14.261791,All Saints leather Jacket,2026-03-07T22:07:14.261791,1,False,
v1|257395175291|0,All Saints Mens STONES Leather Bomber Jacket LARGE Grey Suede Biker Nubuck,Leather,l,169.99,GBP,Free,True,,2026-03-07T20:22:00.000Z,Pre-owned - Good,,zecnavda,100.0,GB,FIXED_PRICE,https://www.ebay.co.uk/itm/257395175291?_skw=All+Saints+leather+Jacket&hash=item3bedf2af7b:g:r2cAAeSwHCdpXpw~,2026-03-07T22:07:14.261805,All Saints leather Jacket,2026-03-07T22:07:14.261805,1,False,
v1|267597164007|0,All Saints Ladies Pitch Leather Biker Jacket UK8 US4 EU36 steine 2,Leather,l,89.99,GBP,Free,True,,2026-03-07T20:18:00.000Z,Pre-owned - Fair,,zecnavda,100.0,GB,FIXED_PRICE,https://www.ebay.co.uk/itm/267597164007?_skw=All+Saints+leather+Jacket&hash=item3e4e08ade7:g:T-YAAOSw~MFhWg1j,2026-03-07T22:07:14.261819,All Saints leather Jacket,2026-03-07T22:07:14.261819,1,False,
v1|198163981889|0,AllSaints Spitalfields Stenburg Leather Jacket Brown Mens Large Biker Zip,Leather,l,79.99,GBP,£4.99,True,,2026-03-07T20:16:26.000Z,Pre-owned - Good,,fabnab,99.7,GB,FIXED_PRICE,https://www.ebay.co.uk/itm/198163981889?_skw=All+Saints+leather+Jacket&hash=item2e237e6641:g:VMsAAeSwmeNprIhR,2026-03-07T22:07:14.261835,All Saints leather Jacket,2026-03-07T22:07:14.261835,1,False,
v1|257394712957|0,ALL SAINTS Leather Shirt Jacket Mens MEDIUM ENEMY Shacket mckay emery phanton M,Leather,L,129.99,GBP,Free,True,,2026-03-07T20:10:00.000Z,Pre-owned - Good,,londonink,100.0,GB,FIXED_PRICE,https://www.ebay.co.uk/itm/257394712957?_skw=All+Saints+leather+Jacket&hash=item3bedeba17d:g:FTIAAOSwtoFlTlW7,2026-03-07T22:07:14.261849,All Saints leather Jacket,2026-03-07T22:07:14.261849,1,False,
v1|267597164005|0,All Saints Mens KIRO Leather Bomber Jacket XL Grey Biker EXTRA LARGE Moto,Leather,l,139.99,GBP,Free,True,,2026-03-07T20:10:00.000Z,Pre-owned - Fair,,zecnavda,100.0,GB,FIXED_PRICE,https://www.ebay.co.uk/itm/267597164005?_skw=All+Saints+leather+Jacket&hash=item3e4e08ade5:g:kvEAAeSw1iVphcwh,2026-03-07T22:07:14.261863,All Saints leather Jacket,2026-03-07T22:07:14.261863,1,False,
v1|257395175297|0,AllSaints Mens SHORLEY Leather Jacket LARGE Blazer Brown Grey Biker All Saints,Leather,l,199.99,GBP,Free,True,,2026-03-07T20:02:00.000Z,Pre-owned - Fair,,zecnavda,100.0,GB,FIXED_PRICE,https://www.ebay.co.uk/itm/257395175297?_skw=All+Saints+leather+Jacket&hash=item3bedf2af81:g:dVYAAeSw9Gdoj4Jd,2026-03-07T22:07:14.261877,All Saints leather Jacket,2026-03-07T22:07:14.261877,1,False,
v1|236674276458|0,All Saints Leather Jacket Mens Pilot Biker Bomber ELTER - Size S Small Punk Army,Leather,l,85.0,GBP,£3.38,False,,2026-03-07T19:58:44.000Z,Pre-owned - Good,,beatle1970,100.0,GB,FIXED_PRICE,https://www.ebay.co.uk/itm/236674276458?_skw=All+Saints+leather+Jacket&hash=item371ae2dc6a:g:NpUAAeSwVqdprH6U,2026-03-07T22:07:14.261908,All Saints leather Jacket,2026-03-07T22:07:14.261908,1,False,
v1|267597164019|0,All Saints Mens COLT Leather Bomber Jacket SMALL Black Allsaints Biker Designer,Leather,l,189.99,GBP,Free,True,,2026-03-07T19:54:00.000Z,Pre-owned - Excellent,,zecnavda,100.0,GB,FIXED_PRICE,https://www.ebay.co.uk/itm/267597164019?_skw=All+Saints+leather+Jacket&hash=item3e4e08adf3:g:VVoAAOSwbGFoQeya,2026-03-07T22:07:14.261947,All Saints leather Jacket,2026-03-07T22:07:14.261947,1,False,
v1|257395175299|0,All Saints Ladies Wyatt leather Biker Jacket UK14 US10 EU42 Pink Bomber Moto ,Leather,l,199.99,GBP,Free,True,,2026-03-07T19:50:00.000Z,Pre-owned - Fair,,zecnavda,100.0,GB,FIXED_PRICE,https://www.ebay.co.uk/itm/257395175299?_skw=All+Saints+leather+Jacket&hash=item3bedf2af83:g:iXkAAOSwWx5nAulj,2026-03-07T22:07:14.261966,All Saints leather Jacket,2026-03-07T22:07:14.261966,1,False,
v1|257395175300|0,All Saints Mens KEMBLE Suede Bomber Jacket SMALL Biker Moto Leather 2 A221,Leather,l,169.99,GBP,Free,True,,2026-03-07T19:42:00.000Z,Pre-owned - Fair,,zecnavda,100.0,GB,FIXED_PRICE,https://www.ebay.co.uk/itm/257395175300?_skw=All+Saints+leather+Jacket&hash=item3bedf2af84:g:yE4AAOSwIrVlSAKE,2026-03-07T22:07:14.261983,All Saints leather Jacket,2026-03-07T22:07:14.261983,1,False,
v1|267597163999|0,All Saints Mens COURTE Leather Military Utility Jacket MEDIUM Allsaints B56,Leather,l,189.99,GBP,Free,True,,2026-03-07T19:38:00.000Z,Pre-owned - Good,,zecnavda,100.0,GB,FIXED_PRICE,https://www.ebay.co.uk/itm/267597163999?_skw=All+Saints+leather+Jacket&hash=item3e4e08addf:g:3KwAAeSwpf9phcp5,2026-03-07T22:07:14.261998,All Saints leather Jacket,2026-03-07T22:07:14.261998,1,False,
v1|137104938846|0,AllSaints Men’s Conroy Biker Lamb Leather Jacket - Black - Small,Leather,l,222.92,GBP,£45.11,False,,2026-03-07T19:37:29.000Z,Pre-owned - Good,,mr_fashionisto,99.8,US,FIXED_PRICE,https://www.ebay.co.uk/itm/137104938846?_skw=All+Saints+leather+Jacket&hash=item1fec17575e:g:UF8AAeSw5WJpq7zV,2026-03-07T22:07:14.262026,All Saints leather Jacket,2026-03-07T22:07:14.262026,1,False,
v1|267597164008|0,AllSaints Mens HEADEN Leather Blazer Jacket MEDIUM Brown All Saints Bomber Biker,Leather,l,179.99,GBP,Free,True,,2026-03-07T19:34:00.000Z,Pre-owned - Fair,,zecnavda,100.0,GB,FIXED_PRICE,https://www.ebay.co.uk/itm/267597164008?_skw=All+Saints+leather+Jacket&hash=item3e4e08ade8:g:9RUAAeSwG-tphc1Z,2026-03-07T22:07:14.262042,All Saints leather Jacket,2026-03-07T22:07:14.262042,1,False,
v1|257394709814|0,ALL SAINTS Leather Jacket Mens XXL Black Celebrity BOYTON Bomber Kino Niko 2XL,Leather,L,259.99,GBP,Free,True,,2026-03-07T19:30:00.000Z,Pre-owned - Excellent,,londonink,100.0,GB,FIXED_PRICE,https://www.ebay.co.uk/itm/257394709814?_skw=All+Saints+leather+Jacket&hash=item3bedeb9536:g:cpoAAOSwti5oIhXh,2026-03-07T22:07:14.262057,All Saints leather Jacket,2026-03-07T22:07:14.262057,1,False,
v1|257394712946|0,ALL SAINTS Leather Jacket Mens SMALL Suede Biker Bomber Celebrity Grail IMARA,Leather,L,129.99,GBP,Free,True,,2026-03-07T19:30:00.000Z,Pre-owned - Good,,londonink,100.0,GB,FIXED_PRICE,https://www.ebay.co.uk/itm/257394712946?_skw=All+Saints+leather+Jacket&hash=item3bedeba172:g:bgoAAeSwjSRogTiq,2026-03-07T22:07:14.262073,All Saints leather Jacket,2026-03-07T22:07:14.262073,1,False,
v1|267597164011|0,All Saints Mens IKEDA Suede Leather Bomber Jacket MEDIUM Grey AllSaints Biker,Leather,l,99.99,GBP,Free,True,,2026-03-07T19:26:00.000Z,Pre-owned - Excellent,,zecnavda,100.0,GB,FIXED_PRICE,https://www.ebay.co.uk/itm/267597164011?_skw=All+Saints+leather+Jacket&hash=item3e4e08adeb:g:89MAAOSw~V9oQe5k,2026-03-07T22:07:14.262088,All Saints leather Jacket,2026-03-07T22:07:14.262088,1,False,
v1|267597164014|0,All Saints Ladies DALBY Leather Biker Jacket UK10 US6 EU38 Black Moto A339,Leather,l,179.99,GBP,Free,True,,2026-03-07T19:10:00.000Z,Pre-owned - Excellent,,zecnavda,100.0,GB,FIXED_PRICE,https://www.ebay.co.uk/itm/267597164014?_skw=All+Saints+leather+Jacket&hash=item3e4e08adee:g:25cAAOSwEhdlpF4N,2026-03-07T22:07:14.262102,All Saints leather Jacket,2026-03-07T22:07:14.262102,1,False,
v1|336468321014|0,All Saints Leather Jacket Snitch 100% Leather Mens Size Medium RRP £350,Leather,l,94.3,GBP,£3.38,True,,2026-03-07T19:09:56.000Z,Pre-owned - Good,,flashjuan,100.0,GB,FIXED_PRICE,https://www.ebay.co.uk/itm/336468321014?_skw=All+Saints+leather+Jacket&hash=item4e571322f6:g:rLkAAeSwjlJprHZl,2026-03-07T22:07:14.262121,All Saints leather Jacket,2026-03-07T22:07:14.262121,1,False,
v1|267597164023|0,All Saints Mens DEBEAUVOIR Leather Bomber Jacket LARGE,Leather,l,109.99,GBP,Free,True,,2026-03-07T18:58:00.000Z,Pre-owned - Good,,zecnavda,100.0,GB,FIXED_PRICE,https://www.ebay.co.uk/itm/267597164023?_skw=All+Saints+leather+Jacket&hash=item3e4e08adf7:g:1OUAAOSwGxVi0xuB,2026-03-07T22:07:14.262145,All Saints leather Jacket,2026-03-07T22:07:14.262145,1,False,
v1|267597164013|0,AllSaints Mens LOMI Leather Biker Jacket LARGE Black Bomber All Saints Rock Moto,Leather,l,189.99,GBP,Free,True,,2026-03-07T18:54:00.000Z,Pre-owned - Good,,zecnavda,100.0,GB,FIXED_PRICE,https://www.ebay.co.uk/itm/267597164013?_skw=All+Saints+leather+Jacket&hash=item3e4e08aded:g:gM4AAeSwSYlphcPY,2026-03-07T22:07:14.262161,All Saints leather Jacket,2026-03-07T22:07:14.262161,1,False,
v1|257394712956|0,ALL SAINTS Leather Jacket Mens SMALL Sleveless Biker Celebrity Grail VICIOUS,Leather,L,169.99,GBP,Free,True,,2026-03-07T18:50:00.000Z,Pre-owned - Good,,londonink,100.0,GB,FIXED_PRICE,https://www.ebay.co.uk/itm/257394712956?_skw=All+Saints+leather+Jacket&hash=item3bedeba17c:g:qNsAAOSwCOhoIhfT,2026-03-07T22:07:14.262177,All Saints leather Jacket,2026-03-07T22:07:14.262177,1,False,
v1|257395175288|0,All Saints Mens Patent Sheepskin Trucker Jacket MEDIUM Black Leather Shearling,Leather,l,439.99,GBP,Free,True,,2026-03-07T18:42:00.000Z,Pre-owned - Excellent,,zecnavda,100.0,GB,FIXED_PRICE,https://www.ebay.co.uk/itm/257395175288?_skw=All+Saints+leather+Jacket&hash=item3bedf2af78:g:XPsAAeSw4~Voihfx,2026-03-07T22:07:14.262192,All Saints leather Jacket,2026-03-07T22:07:14.262192,1,False,
v1|257394709806|0,ALL SAINTS Leather Jacket Mens XS Black Biker Bomber Celebrity Grail DOHERTY,Leather,L,299.99,GBP,Free,True,,2026-03-07T18:30:00.000Z,New with tags,,londonink,100.0,GB,FIXED_PRICE,https://www.ebay.co.uk/itm/257394709806?_skw=All+Saints+leather+Jacket&hash=item3bedeb952e:g:5NkAAeSwNyto8OpX,2026-03-07T22:07:14.262208,All Saints leather Jacket,2026-03-07T22:07:14.262208,1,False,
v1|257395175298|0,All Saints GIBSON Leather Biker Jacket SMALL Grey Mens Bomber Moto AllSaints,Leather,l,149.99,GBP,Free,True,,2026-03-07T18:30:00.000Z,Pre-owned - Good,,zecnavda,100.0,GB,FIXED_PRICE,https://www.ebay.co.uk/itm/257395175298?_skw=All+Saints+leather+Jacket&hash=item3bedf2af82:g:oq4AAeSwYAVphcgV,2026-03-07T22:07:14.262233,All Saints leather Jacket,2026-03-07T22:07:14.262233,1,False,
v1|257394712960|0,ALL SAINTS Leather Jacket Mens SMALL Black Biker Bomber Celebrity KUSHIRO,Leather,L,79.99,GBP,Free,True,,2026-03-07T18:10:00.000Z,Pre-owned - Excellent,,londonink,100.0,GB,FIXED_PRICE,https://www.ebay.co.uk/itm/257394712960?_skw=All+Saints+leather+Jacket&hash=item3bedeba180:g:jh8AAOSwf-9oJvYn,2026-03-07T22:07:14.262251,All Saints leather Jacket,2026-03-07T22:07:14.262251,1,False,
v1|406745521810|0,All Saints Dalby Suede Goat Leather Rose Pink Moto Biker Jacket Women's 6 Small,Leather,l,145.06,GBP,£29.35,True,,2026-03-07T18:01:48.000Z,Pre-owned - Good,,stylinworld,100.0,CA,FIXED_PRICE,https://www.ebay.co.uk/itm/406745521810?_skw=All+Saints+leather+Jacket&hash=item5eb3ec1e92:g:s6UAAeSwc0RprGyZ,2026-03-07T22:07:14.262269,All Saints leather Jacket,2026-03-07T22:07:14.262269,1,False,
v1|257394709817|0,ALL SAINTS Leather Jacket Mens SMALL Tan Biker Bomber Celebrity Grail ELWICK,Leather,L,199.99,GBP,Free,True,,2026-03-07T17:30:00.000Z,Pre-owned - Excellent,,londonink,100.0,GB,FIXED_PRICE,https://www.ebay.co.uk/itm/257394709817?_skw=All+Saints+leather+Jacket&hash=item3bedeb9539:g:0hoAAOSwtRpoLFq7,2026-03-07T22:07:14.262285,All Saints leather Jacket,2026-03-07T22:07:14.262285,1,False,
v1|257394712948|0,ALL SAINTS Leather Jacket Mens SMALL Black Biker Bomber Celebrity Grail CATCH,Leather,L,129.99,GBP,Free,True,,2026-03-07T17:30:00.000Z,Pre-owned - Good,,londonink,100.0,GB,FIXED_PRICE,https://www.ebay.co.uk/itm/257394712948?_skw=All+Saints+leather+Jacket&hash=item3bedeba174:g:sw8AAeSwX-Zogqee,2026-03-07T22:07:14.262301,All Saints leather Jacket,2026-03-07T22:07:14.262301,1,False,
v1|257394712959|0,ALL SAINTS Leather Jacket Mens MEDIUM Grey Biker Bomber Celebrity Grail KAHAWA,Leather,L,79.99,GBP,Free,True,,2026-03-07T16:50:00.000Z,Pre-owned - Good,,londonink,100.0,GB,FIXED_PRICE,https://www.ebay.co.uk/itm/257394712959?_skw=All+Saints+leather+Jacket&hash=item3bedeba17f:g:BBUAAOSw04FlSsWf,2026-03-07T22:07:14.262317,All Saints leather Jacket,2026-03-07T22:07:14.262317,1,False,
v1|188131401844|0,Allsaints Balfern Leather Biker Jacket size 6,Leather,l,186.39,GBP,£25.14,True,,2026-03-07T16:44:20.000Z,Pre-owned - Excellent,,rrechnit,100.0,US,FIXED_PRICE,https://www.ebay.co.uk/itm/188131401844?_skw=All+Saints+leather+Jacket&hash=item2bcd816074:g:0DQAAeSwqTRph3Lk,2026-03-07T22:07:14.262336,All Saints leather Jacket,2026-03-07T22:07:14.262336,1,False,
v1|257394709810|0,ALL SAINTS Leather Jacket Mens SMALL Blue Biker Bomber Celebrity Grail ISHIDA,Leather,L,199.99,GBP,Free,True,,2026-03-07T16:30:00.000Z,Pre-owned - Fair,,londonink,100.0,GB,FIXED_PRICE,https://www.ebay.co.uk/itm/257394709810?_skw=All+Saints+leather+Jacket&hash=item3bedeb9532:g:IncAAOSwWwNoXWok,2026-03-07T22:07:14.262353,All Saints leather Jacket,2026-03-07T22:07:14.262353,1,False,
v1|227246219643|0,AllSaints Spitalfields Vintage Belvedere Leather Jacket Size 14 Uk Women,Leather,l,99.5,GBP,£2.94,True,,2026-03-07T16:28:08.000Z,Pre-owned - Excellent,,anaprelovedsclothes,99.0,GB,FIXED_PRICE,https://www.ebay.co.uk/itm/227246219643?_skw=All+Saints+leather+Jacket&hash=item34e8ee217b:g:IUgAAeSwJwZprFG7,2026-03-07T22:07:14.262371,All Saints leather Jacket,2026-03-07T22:07:14.262371,1,False,
v1|397686207016|0,"All Saints Dalby Black/Silver Leather Jacket, Size 10",Leather,l,99.5,GBP,£3.38,True,,2026-03-07T16:26:25.000Z,New without tags,,eve-55167,0.0,GB,FIXED_PRICE,https://www.ebay.co.uk/itm/397686207016?_skw=All+Saints+leather+Jacket&hash=item5c97f1f228:g:BUUAAeSwZs1prFAl,2026-03-07T22:07:14.262388,All Saints leather Jacket,2026-03-07T22:07:14.262388,1,False,
v1|257394712961|0,ALL SAINTS Leather Jacket Mens MEDIUM Grey Biker Bomber Celebrity Grail KAHAWA,Leather,L,79.99,GBP,Free,True,,2026-03-07T16:10:00.000Z,Pre-owned - Good,,londonink,100.0,GB,FIXED_PRICE,https://www.ebay.co.uk/itm/257394712961?_skw=All+Saints+leather+Jacket&hash=item3bedeba181:g:ZUgAAOSwoB9lSsQ9,2026-03-07T22:07:14.262403,All Saints leather Jacket,2026-03-07T22:07:14.262403,1,False,
v1|147190488685|0,Allsaints Distressed Leather Vintage Jacket Men’s Size L Taupe,Leather,l,125.5,GBP,£4.26,True,,2026-03-07T16:09:56.000Z,Pre-owned - Excellent,,tazy42,100.0,GB,FIXED_PRICE,https://www.ebay.co.uk/itm/147190488685?_skw=All+Saints+leather+Jacket&hash=item22453c9e6d:g:9lMAAeSwNctprEwf,2026-03-07T22:07:14.262442,All Saints leather Jacket,2026-03-07T22:07:14.262442,1,False,
v1|257395047719|0,ALL SAINTS Leather Jacket Mens LARGE Black Biker Bomber Celebrity Grail MILO,Leather,L,219.99,GBP,Free,True,,2026-03-07T16:08:02.000Z,Pre-owned - Good,,londonink,100.0,GB,FIXED_PRICE,https://www.ebay.co.uk/itm/257395047719?_skw=All+Saints+leather+Jacket&hash=item3bedf0bd27:g:P~4AAeSw04ppAf9d,2026-03-07T22:07:14.262459,All Saints leather Jacket,2026-03-07T22:07:14.262459,1,False,
v1|257395047733|0,ALL SAINTS Leather Jacket Mens MEDIUM Black Biker Bomber Celebrity SANDERSON,Leather,L,99.99,GBP,Free,True,,2026-03-07T16:08:02.000Z,Pre-owned - Good,,londonink,100.0,GB,FIXED_PRICE,https://www.ebay.co.uk/itm/257395047733?_skw=All+Saints+leather+Jacket&hash=item3bedf0bd35:g:EXsAAOSwgXhmT5Ih,2026-03-07T22:07:14.262474,All Saints leather Jacket,2026-03-07T22:07:14.262474,1,False,
v1|257394709807|0,ALL SAINTS Leather Jacket Mens SMALL Black S Biker Bomber Celebrity Grail KEAN,Leather,L,269.99,GBP,Free,True,,2026-03-07T15:30:00.000Z,Pre-owned - Excellent,,londonink,100.0,GB,FIXED_PRICE,https://www.ebay.co.uk/itm/257394709807?_skw=All+Saints+leather+Jacket&hash=item3bedeb952f:g:8~sAAeSwr7Zo8OSf,2026-03-07T22:07:14.262489,All Saints leather Jacket,2026-03-07T22:07:14.262489,1,False,
v1|257394712962|0,ALL SAINTS Leather Jacket Mens MEDIUM Brown Biker Bomber Celebrity Grail ROWLEY,Leather,L,89.99,GBP,Free,True,,2026-03-07T15:30:00.000Z,Pre-owned - Excellent,,londonink,100.0,GB,FIXED_PRICE,https://www.ebay.co.uk/itm/257394712962?_skw=All+Saints+leather+Jacket&hash=item3bedeba182:g:vvEAAOSw07hoJvBF,2026-03-07T22:07:14.262504,All Saints leather Jacket,2026-03-07T22:07:14.262504,1,False,
v1|358298292744|0,AllSaints Spitalfields Black Leather Biker Jacket Asymmetric Zip Women’s UK 10,Leather,l,58.99,GBP,£3.99,True,,2026-03-07T15:25:02.000Z,Pre-owned - Excellent,,northdevonhospiceshop,99.8,GB,FIXED_PRICE,https://www.ebay.co.uk/itm/358298292744?_skw=All+Saints+leather+Jacket&hash=item536c3e1208:g:hKAAAeSwEdRpjbvc,2026-03-07T22:07:14.262527,All Saints leather Jacket,2026-03-07T22:07:14.262527,1,False,
v1|298098216701|0,All Saints Woman’s Leather Biker Jacket Size 8 UK Black,Leather,l,103.66,GBP,£3.71,True,,2026-03-07T15:15:36.000Z,Pre-owned - Excellent,,miksweene-1,100.0,GB,FIXED_PRICE,https://www.ebay.co.uk/itm/298098216701?_skw=All+Saints+leather+Jacket&hash=item456809cefd:g:sZMAAeSwVZdprD2Y,2026-03-07T22:07:14.262547,All Saints leather Jacket,2026-03-07T22:07:14.262547,1,False,
v1|227246137459|0,Allsaints Women’s Black Studded Biker Rocher Leather Jacket UK 10,Leather,l,74.99,GBP,£6.99,True,,2026-03-07T15:07:31.000Z,Pre-owned - Good,,reecfranci-4,100.0,GB,FIXED_PRICE,https://www.ebay.co.uk/itm/227246137459?_skw=All+Saints+leather+Jacket&hash=item34e8ece073:g:yFYAAeSw2MtprD8q,2026-03-07T22:07:14.262567,All Saints leather Jacket,2026-03-07T22:07:14.262567,1,False,
v1|358298248037|0,Rare AllSaints Mahonie soft black leather ruffle jacket. Bustle. Size 10.,Leather,l,245.1,GBP,£3.42,True,,2026-03-07T15:04:14.000Z,Pre-owned - Excellent,,amber_paige18,100.0,GB,FIXED_PRICE,https://www.ebay.co.uk/itm/358298248037?_skw=All+Saints+leather+Jacket&hash=item536c3d6365:g:fgAAAeSwdDdprDsi,2026-03-07T22:07:14.262585,All Saints leather Jacket,2026-03-07T22:07:14.262585,1,False,
v1|137104300167|0,AllSaints Conroy Leather Biker Jacket Black Quilted Shoulder Moto Mens  Small,Leather,l,109.99,GBP,£3.55,False,,2026-03-07T15:03:17.000Z,Pre-owned - Excellent,,bootcandy1,99.8,GB,FIXED_PRICE,https://www.ebay.co.uk/itm/137104300167?_skw=All+Saints+leather+Jacket&hash=item1fec0d9887:g:cq0AAeSwv5NprD2N,2026-03-07T22:07:14.262602,All Saints leather Jacket,2026-03-07T22:07:14.262602,1,False,
v1|257394712965|0,ALL SAINTS Leather Jacket Mens MEDIUM Black Celebrity Biker Bomber Hooded ABBOT,Leather,L,199.99,GBP,Free,True,,2026-03-07T14:50:00.000Z,Pre-owned - Good,,londonink,100.0,GB,FIXED_PRICE,https://www.ebay.co.uk/itm/257394712965?_skw=All+Saints+leather+Jacket&hash=item3bedeba185:g:rH0AAOSwX~ZngP2d,2026-03-07T22:07:14.262617,All Saints leather Jacket,2026-03-07T22:07:14.262617,1,False,
v1|257394709803|0,ALL SAINTS Leather Jacket Mens MEDIUM Brown Biker Bomber Celebrity Grail DUNSTAN,Leather,L,299.99,GBP,Free,True,,2026-03-07T14:30:00.000Z,Pre-owned - Excellent,,londonink,100.0,GB,FIXED_PRICE,https://www.ebay.co.uk/itm/257394709803?_skw=All+Saints+leather+Jacket&hash=item3bedeb952b:g:AEIAAeSwXcRpQXNJ,2026-03-07T22:07:14.262632,All Saints leather Jacket,2026-03-07T22:07:14.262632,1,False,
v1|127725162669|0,All Saints “Ezra” Biker Leather Jacket | Black | Large,Leather,l,114.58,GBP,£4.48,True,,2026-03-07T14:20:30.000Z,Pre-owned - Excellent,,rhys_bentley,100.0,GB,FIXED_PRICE,https://www.ebay.co.uk/itm/127725162669?_skw=All+Saints+leather+Jacket&hash=item1dbd0350ad:g:gqAAAeSwCoZprDPE,2026-03-07T22:07:14.262652,All Saints leather Jacket,2026-03-07T22:07:14.262652,1,False,
v1|257394712953|0,ALL SAINTS Leather Jacket Mens MEDIUM Black Biker Bomber Celebrity Grail RENZO,Leather,L,199.99,GBP,Free,True,,2026-03-07T14:10:00.000Z,Pre-owned - Good,,londonink,100.0,GB,FIXED_PRICE,https://www.ebay.co.uk/itm/257394712953?_skw=All+Saints+leather+Jacket&hash=item3bedeba179:g:1dcAAeSwuN9paQyC,2026-03-07T22:07:14.262670,All Saints leather Jacket,2026-03-07T22:07:14.262670,1,False,
v1|397685890670|0,AllSaints Billie Black Leather Biker Jacket - Size Small RRP £460,Leather,l,145.26,GBP,£4.26,True,,2026-03-07T14:05:10.000Z,Pre-owned - Excellent,,2013preference,99.6,GB,FIXED_PRICE,https://www.ebay.co.uk/itm/397685890670?_skw=All+Saints+leather+Jacket&hash=item5c97ed1e6e:g:JPwAAeSwCGpprC-L,2026-03-07T22:07:14.262688,All Saints leather Jacket,2026-03-07T22:07:14.262688,1,False,
v1|306808048572|0,AllSaints Mens Oxblood CONROY Leather Biker Jacket Brown Large Bomber All Saints,Leather,l,109.99,GBP,£3.55,True,,2026-03-07T14:00:00.000Z,Pre-owned - Excellent,,jaffacakes123ben,99.9,GB,FIXED_PRICE,https://www.ebay.co.uk/itm/306808048572?_skw=All+Saints+leather+Jacket&hash=item476f2f4bbc:g:QMYAAeSwKhJpps4y,2026-03-07T22:07:14.262703,All Saints leather Jacket,2026-03-07T22:07:14.262703,1,False,
v1|267596983276|0,All Saints Clay Oxblood Red Leather Bomber Jacket Oversized Medium BNWT,Leather,l,444.28,GBP,£4.26,False,,2026-03-07T13:54:02.000Z,New with tags,,thebagladyonline,98.0,GB,FIXED_PRICE,https://www.ebay.co.uk/itm/267596983276?_skw=All+Saints+leather+Jacket&hash=item3e4e05ebec:g:K-MAAeSwCTFprC2R,2026-03-07T22:07:14.262719,All Saints leather Jacket,2026-03-07T22:07:14.262719,1,False,
v1|306808048567|0,ALL SAINTS Leather Blazer Jacket Mens EXTRA LARGE Waxed Suede Celebrity SURVEY,Leather,L,189.99,GBP,£4.45,True,,2026-03-07T13:40:00.000Z,Pre-owned - Excellent,,jaffacakes123ben,99.9,GB,FIXED_PRICE,https://www.ebay.co.uk/itm/306808048567?_skw=All+Saints+leather+Jacket&hash=item476f2f4bb7:g:cpEAAeSwPgVpptPA,2026-03-07T22:07:14.262735,All Saints leather Jacket,2026-03-07T22:07:14.262735,1,False,
v1|257394709802|0,ALL SAINTS Leather Jacket Mens MEDIUM Black Biker Bomber Celebrity Grail NIKO,Leather,L,229.99,GBP,Free,True,,2026-03-07T13:30:00.000Z,Pre-owned - Excellent,,londonink,100.0,GB,FIXED_PRICE,https://www.ebay.co.uk/itm/257394709802?_skw=All+Saints+leather+Jacket&hash=item3bedeb952a:g:KEcAAeSwVtpoyaiv,2026-03-07T22:07:14.262752,All Saints leather Jacket,2026-03-07T22:07:14.262752,1,False,
v1|257394712951|0,ALL SAINTS Leather Jacket Mens MEDIUM Black Biker Bomber Celebrity Grail KLISKO,Leather,L,199.99,GBP,Free,True,,2026-03-07T13:30:00.000Z,Pre-owned - Excellent,,londonink,100.0,GB,FIXED_PRICE,https://www.ebay.co.uk/itm/257394712951?_skw=All+Saints+leather+Jacket&hash=item3bedeba177:g:gRsAAeSwhINogM6-,2026-03-07T22:07:14.262766,All Saints leather Jacket,2026-03-07T22:07:14.262766,1,False,
v1|306808048571|0,All Saints Lark Black Leather Jacket - Allsaints,Leather,l,179.99,GBP,£4.45,True,,2026-03-07T13:20:00.000Z,Pre-owned - Excellent,,jaffacakes123ben,99.9,GB,FIXED_PRICE,https://www.ebay.co.uk/itm/306808048571?_skw=All+Saints+leather+Jacket&hash=item476f2f4bbb:g:DB4AAeSwhHdpptTI,2026-03-07T22:07:14.262783,All Saints leather Jacket,2026-03-07T22:07:14.262783,1,False,
v1|206117949097|0,Allsaints Black Leather Jacket -L,Leather,l,78.7,GBP,£3.38,False,2026-03-14T13:10:23.000Z,2026-03-07T13:10:23.000Z,Pre-owned - Fair,,metal_maidenz,100.0,GB,FIXED_PRICE,https://www.ebay.co.uk/itm/206117949097?_skw=All+Saints+leather+Jacket&hash=item2ffd964ea9:g:FDcAAeSw7mpprCNC,2026-03-07T22:07:14.262801,All Saints leather Jacket,2026-03-07T22:07:14.262801,1,False,
v1|306808048568|0,ALLSAINTS Balfern Leather Jacket UK8 Womens Black ALL SAINTS Biker Moto US4 EU36,Leather,L,59.99,GBP,£3.55,True,,2026-03-07T13:00:00.000Z,Pre-owned - Good,,jaffacakes123ben,99.9,GB,FIXED_PRICE,https://www.ebay.co.uk/itm/306808048568?_skw=All+Saints+leather+Jacket&hash=item476f2f4bb8:g:bCIAAeSwXQJpptW2,2026-03-07T22:07:14.262817,All Saints leather Jacket,2026-03-07T22:07:14.262817,1,False,
v1|257394712954|0,ALL SAINTS Leather Jacket Mens LARGE Black Biker Bomber Celebrity Grail KARL,Leather,L,239.99,GBP,Free,True,,2026-03-07T12:50:00.000Z,Pre-owned - Excellent,,londonink,100.0,GB,FIXED_PRICE,https://www.ebay.co.uk/itm/257394712954?_skw=All+Saints+leather+Jacket&hash=item3bedeba17a:g:5WkAAeSwqxdpd-bh,2026-03-07T22:07:14.262832,All Saints leather Jacket,2026-03-07T22:07:14.262832,1,False,
v1|306808045813|0,Mens All Saints Stenburg Leather Jacket motorcycle cafe jacket Size UK MEDIUM,Leather,M,69.99,GBP,£3.39,True,,2026-03-07T12:40:00.000Z,Pre-owned - Good,,jaffacakes123ben,99.9,GB,FIXED_PRICE,https://www.ebay.co.uk/itm/306808045813?_skw=All+Saints+leather+Jacket&hash=item476f2f40f5:g:SFoAAOSwgmFnTv5E,2026-03-07T22:07:14.262848,All Saints leather Jacket,2026-03-07T22:07:14.262848,1,False,
v1|257394709812|0,ALL SAINTS Leather Jacket Mens MEDIUM Sleveless Biker Celebrity Grail VICIOUS,Leather,L,169.99,GBP,Free,True,,2026-03-07T12:30:00.000Z,Pre-owned - Good,,londonink,100.0,GB,FIXED_PRICE,https://www.ebay.co.uk/itm/257394709812?_skw=All+Saints+leather+Jacket&hash=item3bedeb9534:g:1iMAAOSw2qxlVVom,2026-03-07T22:07:14.262864,All Saints leather Jacket,2026-03-07T22:07:14.262864,1,False,
v1|257394712950|0,ALL SAINTS Leather Jacket Mens LARGE Black Biker Bomber Celebrity Grail DORSET,Leather,L,139.99,GBP,Free,True,,2026-03-07T12:10:00.000Z,Pre-owned - Good,,londonink,100.0,GB,FIXED_PRICE,https://www.ebay.co.uk/itm/257394712950?_skw=All+Saints+leather+Jacket&hash=item3bedeba176:g:5gIAAeSwr4po6IvZ,2026-03-07T22:07:14.262881,All Saints leather Jacket,2026-03-07T22:07:14.262881,1,False,
v1|267596879820|0,All Saints Biker Rock Bomber Aviator Fur Collar Leather Jacket Moto Size 6/8,Leather,l,111.83,GBP,£51.79,True,,2026-03-07T12:06:53.000Z,Pre-owned - Excellent,,dpaddy,100.0,US,FIXED_PRICE,https://www.ebay.co.uk/itm/267596879820?_skw=All+Saints+leather+Jacket&hash=item3e4e0457cc:g:~MQAAeSwfntpNsZa,2026-03-07T22:07:14.262899,All Saints leather Jacket,2026-03-07T22:07:14.262899,1,False,
v1|397685424049|0,AllSaints Ladies AYRA Leather Biker Jacket. Size 12. Excellent Pre-loved,Leather,l,151.5,GBP,£4.26,False,,2026-03-07T11:44:06.000Z,Pre-owned - Excellent,,qusto8,100.0,GB,FIXED_PRICE,https://www.ebay.co.uk/itm/397685424049?_skw=All+Saints+leather+Jacket&hash=item5c97e5ffb1:g:ZSQAAeSwAuFprA9f,2026-03-07T22:07:14.262915,All Saints leather Jacket,2026-03-07T22:07:14.262915,1,False,
v1|306808045828|0,AllSaints Men's Leather Biker Jacket “Bull Head” Size UK Large,Leather,l,69.99,GBP,£3.45,True,,2026-03-07T11:40:00.000Z,Pre-owned - Good,,jaffacakes123ben,99.9,GB,FIXED_PRICE,https://www.ebay.co.uk/itm/306808045828?_skw=All+Saints+leather+Jacket&hash=item476f2f4104:g:iJwAAeSwUntoyUMe,2026-03-07T22:07:14.262942,All Saints leather Jacket,2026-03-07T22:07:14.262942,1,False,
v1|257394709813|0,ALL SAINTS Leather Jacket Mens LARGE Black Biker Bomber Celebrity Grail TYSON,Leather,L,249.99,GBP,Free,True,,2026-03-07T11:30:00.000Z,Pre-owned - Excellent,,londonink,100.0,GB,FIXED_PRICE,https://www.ebay.co.uk/itm/257394709813?_skw=All+Saints+leather+Jacket&hash=item3bedeb9535:g:X0UAAOSwkLlntF3L,2026-03-07T22:07:14.262968,All Saints leather Jacket,2026-03-07T22:07:14.262968,1,False,
v1|257394712949|0,ALL SAINTS Leather Blazer Jacket Mens MEDIUM Suede Celebrity SARGENT like Survey,Leather,L,219.99,GBP,Free,True,,2026-03-07T11:30:00.000Z,Pre-owned - Good,,londonink,100.0,GB,FIXED_PRICE,https://www.ebay.co.uk/itm/257394712949?_skw=All+Saints+leather+Jacket&hash=item3bedeba175:g:87oAAeSwz0JpDy1K,2026-03-07T22:07:14.262985,All Saints leather Jacket,2026-03-07T22:07:14.262985,1,False,
v1|257394709801|0,ALL SAINTS Leather Jacket Mens XL Black Biker Bomber Hooded Celebrity RENZO,Leather,L,249.99,GBP,Free,True,,2026-03-07T11:19:40.000Z,Pre-owned - Good,,londonink,100.0,GB,FIXED_PRICE,https://www.ebay.co.uk/itm/257394709801?_skw=All+Saints+leather+Jacket&hash=item3bedeb9529:g:kEsAAeSwEp1phe~2,2026-03-07T22:07:14.263001,All Saints leather Jacket,2026-03-07T22:07:14.263001,1,False,
v1|257394709804|0,ALL SAINTS Leather Jacket Mens LARGE Black Biker Bomber Celebrity Hooded RENZO,Leather,L,299.99,GBP,Free,True,,2026-03-07T11:19:40.000Z,Pre-owned - Excellent,,londonink,100.0,GB,FIXED_PRICE,https://www.ebay.co.uk/itm/257394709804?_skw=All+Saints+leather+Jacket&hash=item3bedeb952c:g:aCQAAeSwfFdo4BUs,2026-03-07T22:07:14.263018,All Saints leather Jacket,2026-03-07T22:07:14.263018,1,False,
v1|257394709811|0,ALL SAINTS Shearling Leather Jacket Mens LARGE Sheepskin Coat Celebrity XANDER,Leather,L,499.99,GBP,Free,True,,2026-03-07T11:19:40.000Z,Pre-owned - Good,,londonink,100.0,GB,FIXED_PRICE,https://www.ebay.co.uk/itm/257394709811?_skw=All+Saints+leather+Jacket&hash=item3bedeb9533:g:hscAAOSw6zJnIV78,2026-03-07T22:07:14.263034,All Saints leather Jacket,2026-03-07T22:07:14.263034,1,False,
v1|257394709816|0,ALL SAINTS Shearling Leather Jacket Mens MEDIUM Sheepskin Black Celebrity XANDER,Leather,L,499.99,GBP,Free,True,,2026-03-07T11:19:40.000Z,Pre-owned - Excellent,,londonink,100.0,GB,FIXED_PRICE,https://www.ebay.co.uk/itm/257394709816?_skw=All+Saints+leather+Jacket&hash=item3bedeb9538:g:W2QAAOSwAVdoIgaJ,2026-03-07T22:07:14.263049,All Saints leather Jacket,2026-03-07T22:07:14.263049,1,False,
v1|397685344003|0,AllSaints Khaki Leather Jacket – Fits UK 8/10 – Good Condition,Leather,l,42.3,GBP,£2.94,True,,2026-03-07T11:07:36.000Z,Pre-owned - Good,,daveffc,100.0,GB,FIXED_PRICE,https://www.ebay.co.uk/itm/397685344003?_skw=All+Saints+leather+Jacket&hash=item5c97e4c703:g:1rEAAeSwZSxpanY2,2026-03-07T22:07:14.263069,All Saints leather Jacket,2026-03-07T22:07:14.263069,1,False,
v1|147190074186|0,Allsaints Kino Black Leather Bomber Punk Racer Full Zip Jacket Size Mens XL,Leather,l,185.0,GBP,£3.71,False,2026-03-14T10:36:42.000Z,2026-03-07T10:36:42.000Z,Pre-owned - Good,,junkpunkuk,100.0,GB,FIXED_PRICE,https://www.ebay.co.uk/itm/147190074186?_skw=All+Saints+leather+Jacket&hash=item2245364b4a:g:628AAeSwyndpq~77,2026-03-07T22:07:14.263087,All Saints leather Jacket,2026-03-07T22:07:14.263087,1,False,
v1|306808045810|0,ALL SAINTS Leather Shirt Jacket Large Black Mens HOLMES Celebrity Over Biker L,Leather,L,69.99,GBP,£3.39,True,,2026-03-07T10:20:00.000Z,Pre-owned - Good,,jaffacakes123ben,99.9,GB,FIXED_PRICE,https://www.ebay.co.uk/itm/306808045810?_skw=All+Saints+leather+Jacket&hash=item476f2f40f2:g:Dr0AAOSwcbNnTvTY,2026-03-07T22:07:14.263105,All Saints leather Jacket,2026-03-07T22:07:14.263105,1,False,
v1|306808045808|0,All Saints SECTION Leather Shirt Jacket Mens Black Biker UK LARGE,Leather,l,79.99,GBP,£3.39,True,,2026-03-07T10:00:00.000Z,Pre-owned - Good,,jaffacakes123ben,99.9,GB,FIXED_PRICE,https://www.ebay.co.uk/itm/306808045808?_skw=All+Saints+leather+Jacket&hash=item476f2f40f0:g:dicAAOSwiRZnBQ2t,2026-03-07T22:07:14.263122,All Saints leather Jacket,2026-03-07T22:07:14.263122,1,False,
v1|389710882986|0,All Saints Russel Puffer Leather Jacket Black  Mens Small Rare Padded Quilted,Leather,l,125.5,GBP,Free,True,,2026-03-07T09:32:24.000Z,Pre-owned - Excellent,,maw_763,100.0,GB,FIXED_PRICE,https://www.ebay.co.uk/itm/389710882986?_skw=All+Saints+leather+Jacket&hash=item5abc9428aa:g:kToAAeSwSltpq-WF,2026-03-07T22:07:14.263138,All Saints leather Jacket,2026-03-07T22:07:14.263138,1,False,
v1|306786427702|0,Allsaints Jasper Motorcycle Biker Punk Black Leather Bomber Jacket Mens Medium #,Leather,l,119.99,GBP,Free,True,,2026-03-07T09:15:01.000Z,Pre-owned - Excellent,,reloved_planet,99.9,GB,FIXED_PRICE,https://www.ebay.co.uk/itm/306786427702?_skw=All+Saints+leather+Jacket&hash=item476de56336:g:LDgAAeSwRUtpnBp6,2026-03-07T22:07:14.263155,All Saints leather Jacket,2026-03-07T22:07:14.263155,1,False,
v1|198162542716|0,All Saints Leather Jacket Medium Mens Black Trucker Biker Bomber Morson Moto,Leather,l,129.95,GBP,Free,True,,2026-03-07T08:32:53.000Z,Pre-owned - Excellent,,eco.elegance,99.9,GB,FIXED_PRICE,https://www.ebay.co.uk/itm/198162542716?_skw=All+Saints+leather+Jacket&hash=item2e2368707c:g:7RQAAeSw~plpg4Yc,2026-03-07T22:07:14.263172,All Saints leather Jacket,2026-03-07T22:07:14.263172,1,False,
v1|147189855377|0,AllSaints Men’s Howard Lamb Leather Cafe Racer Jacket Size S Brown Moto,Leather,l,134.2,GBP,£33.60,False,,2026-03-07T07:42:21.000Z,Pre-owned - Good,,walkie-talkie,100.0,US,FIXED_PRICE,https://www.ebay.co.uk/itm/147189855377?_skw=All+Saints+leather+Jacket&hash=item224532f491:g:fdoAAeSwiCBpq9UM,2026-03-07T22:07:14.263192,All Saints leather Jacket,2026-03-07T22:07:14.263192,1,False,
v1|257394522605|0,All Saints Kenji Leather Jacket Medium,Leather,l,75.0,GBP,£3.38,True,,2026-03-07T07:10:57.000Z,Pre-owned - Good,,samrothery94,100.0,GB,FIXED_PRICE,https://www.ebay.co.uk/itm/257394522605?_skw=All+Saints+leather+Jacket&hash=item3bede8b9ed:g:kjQAAeSwYXxpq89Q,2026-03-07T22:07:14.263210,All Saints leather Jacket,2026-03-07T22:07:14.263210,1,False,
v1|168212223742|0,All Saints Bordin Striped Baseball Jacket Women’s Size US8 UK12 Wool Leather,Leather,l,58.15,GBP,£20.36,True,,2026-03-07T07:01:11.000Z,Pre-owned - Good,,geared4change,99.1,US,FIXED_PRICE,https://www.ebay.co.uk/itm/168212223742?_skw=All+Saints+leather+Jacket&hash=item272a3ad6fe:g:Ot8AAeSwa25pq8vO,2026-03-07T22:07:14.263231,All Saints leather Jacket,2026-03-07T22:07:14.263231,1,False,
v1|188128958410|0,Allsaints Natural Genuine Leather Rider Jacket S Size Black,Leather,l,205.13,GBP,£29.82,True,,2026-03-07T00:05:36.000Z,Pre-owned,,k-stargoods,96.2,KR,FIXED_PRICE,https://www.ebay.co.uk/itm/188128958410?_skw=All+Saints+leather+Jacket&hash=item2bcd5c17ca:g:L60AAeSwcxBpq2yJ,2026-03-07T22:07:14.263257,All Saints leather Jacket,2026-03-07T22:07:14.263257,1,False,
v1|377014485744|0,"Black All Saints Pataya Buffalo Leather Biker Jacket, Size UK 6",Leather,l,37.1,GBP,£3.38,True,,2026-03-06T23:00:14.000Z,Pre-owned - Excellent,,robertdemattei-0,100.0,GB,FIXED_PRICE,https://www.ebay.co.uk/itm/377014485744?_skw=All+Saints+leather+Jacket&hash=item57c7d082f0:g:Tp0AAeSwgBlpq1vF,2026-03-07T22:07:14.263274,All Saints leather Jacket,2026-03-07T22:07:14.263274,1,False,
v1|157731155226|0,AllSaints Conroy Black Lamb Leather Biker Jacket XL – Genuine Leather – RRP 699,Leather,l,383.08,GBP,Free,True,,2026-03-06T22:25:35.000Z,Pre-owned - Excellent,,martkema97,100.0,GB,FIXED_PRICE,https://www.ebay.co.uk/itm/157731155226?_skw=All+Saints+leather+Jacket&hash=item24b9826d1a:g:FqAAAeSwqd9pq1N6,2026-03-07T22:07:14.263293,All Saints leather Jacket,2026-03-07T22:07:14.263293,1,False,
v1|257393232846|0,ALL SAINTS Suede Leather Jacket Mens MEDIUM Black Biker Bomber Celebrity NASH,Leather,L,179.99,GBP,Free,True,,2026-03-06T22:00:00.000Z,Pre-owned - Good,,londonink,100.0,GB,FIXED_PRICE,https://www.ebay.co.uk/itm/257393232846?_skw=All+Saints+leather+Jacket&hash=item3bedd50bce:g:WsoAAOSw7eZoJvZ4,2026-03-07T22:07:14.263312,All Saints leather Jacket,2026-03-07T22:07:14.263312,1,False,
