title,price,condition,date_sold,url
Shop on eBay,$20.00,Brand New,,https://ebay.com/itm/123456?itmmeta=012DEW30YG0MEEKND7NH&hash=item123546:g:acwAA9KNiJowH:sc:ShippingMethodStandard!95008!US!-1&itmprp=enc%3AbgepL1tlUHjMGCVfSTGJh%2BzsVKeJ3CQk7NizDI4BZeppuFnmyS6Ijyp8lh%2FnEw%2BWqO7uTV1Q6izE1R0T54aV8j71F4xlWfVcGft4%2FiOQhtqVXA1rW6M1atPARQRmhqUxtEPJKhKtSFgI%2Bvwlzb0GwVCtkp%3ABlBMUObkmabpYw
Shop on eBay,$20.00,Brand New,,https://ebay.com/itm/123456?itmmeta=012DEW30YG0MEEKND7NH&hash=item123546:g:acwAA9KNiJowH:sc:ShippingMethodStandard!95008!US!-1&itmprp=enc%3AbgepL1tlUHjMGCVfSTGJh%2BzsVKeJ3CQk7NizDI4BZeppuFnmyS6Ijyp8lh%2FnEw%2BWqO7uTV1Q6izE1R0T54aV8j71F4xlWfVcGft4%2FiOQhtqVXA1rW6M1atPARQRmhqUxtEPJKhKtSFgI%2Bvwlzb0GwVCtkp%3ABlBMUObkmabpYw
NEW LISTING,80.00,Pre-owned ·,Sold 10 Mar 2026,https://www.ebay.co.uk/itm/147195641594?_skw=All+Saints+Leather+Jacket&itmmeta=01KKBZFQGK8W7NABKF6V88R7NH&hash=item22458b3efa:g:rngAAOSwBR1no6En&itmprp=enc%3AAQALAAAA0GfYFPkwiKCW4ZNSs2u11xCmrlpfTdGrxxkPASHNyqvPVxbot1qbCUh%2B5FLff5Bn4btgQGCGV7vTLCxFfRgnHnVCJ8P3UzqW0SVmzOd39Zq41YRnj0cPwD%2BVaY9ANhJkpfYI1w%2F7ceb9UkFoP1aLusJVAHuVctSCVts5njclMMrUPk1f3As9EXeqEQCOH3tvru5Wk4w%2FI9JHsCb15AvLKL27zPTKU7dvYUUvY9grWjh6WYkIyqEKvm%2FWXCwyp76U71NZQxEyEY1pK6WfLj1uIXk%3D%7Ctkp%3ABk9SR774vv-aZw
NEW LISTING,69.76,Pre-owned ·,Sold 10 Mar 2026,https://www.ebay.co.uk/itm/397695987191?_skw=All+Saints+Leather+Jacket&itmmeta=01KKBZFQGK1A88G914M5AZRD3S&hash=item5c98872df7:g:OF4AAeSwcrlprJJA&itmprp=enc%3AAQALAAAA0GfYFPkwiKCW4ZNSs2u11xBpMDxnxwd0VZiNDMxUwsRHuMx6VvQVLXo19kiTD6V9h2Lo2CAU3FXmWHmlVe5DwDQk%2FaPnLLJjzLrAePUpxjgcaIIyP42sKzDz%2BnX58ZzzltLTE%2FYyPg0NziuUJrNSRQ%2BCMrGTAALKlRO7U%2B5voWlN%2Bg56e2hDnXXkoVQl19Z0Xf6l8Wwd%2FJM4a%2FEHjpxdcxVk1ALDwevpCl6EPUCwB%2BHAzfjXONhxEpmoqPv4N%2FynqNixHz3TGOi%2FY9EtL%2BA7QdU%3D%7Ctkp%3ABk9SR774vv-aZw
NEW LISTING,130.00,Brand new ·,Sold 10 Mar 2026,https://www.ebay.co.uk/itm/168220334068?_skw=All+Saints+Leather+Jacket&itmmeta=01KKBZFQGKKDRRGC1PF0ZMBK5X&hash=item272ab697f4:g:6NoAAeSwFqdpY1d9&itmprp=enc%3AAQALAAAA4GfYFPkwiKCW4ZNSs2u11xAEqog0ru0%2BPeNgV%2Bm19IIfDBADPK%2BhIFD3him9KX7zGuL5AEDXSTzzTjcx4%2B7pi83WAYKr9LP12Owb%2Fn2xybmGshf9g9rc7onhn%2FWnw1MMQ6s18DDE9IzIj%2BdE8pNhtQFu36vdyIUKp6aaGpvJBSK8Op0MpxBBtYsGefrwbHukHsbQiWOt0VXYTuItEiwAeN0smRvPw4Jpv7%2FTZmQZeAUtYeJENs5398LLKiD430iDZ6iGjwIElrYxi5vIcu%2BwAA8Cm2FfMB9Hid7KwOPDQPXs%7Ctkp%3ABk9SR774vv-aZw
ALL SAINTS Leather Shirt Jacket Mens EXTRA LARGE Brown XL Biker Celebrity MCKAY,229.99,Pre-owned ·,Sold 10 Mar 2026,https://www.ebay.co.uk/itm/257380708239?_skw=All+Saints+Leather+Jacket&itmmeta=01KKBZFQGKE2KQCJEQEWD3SJFK&hash=item3bed15ef8f:g:uhIAAeSwK7VoXtKx&itmprp=enc%3AAQALAAAA4GfYFPkwiKCW4ZNSs2u11xDw8TRvf99Z1gu3egBJVywwghkmaQtyb06RCj0Kw2JM7Nbw6uTKFo7cL7zZiVz1jfZjeEvA90qJoJUi4N%2F3CcpbVtLPJpBJHk%2BgoGl0Sgv0Lme3MyTR4LqTTTcdnatolYKw51UwC9izTpt89QSwBPdGOEWY9WO6yd5m1DXIGQmtJAdH1VaBiyNNaRWYvY%2BBW3Nf3kY%2FSQaqDfZRF6ReszR1mI7yecUECC6V4iLJbWcKGHkWB3MYzlZaccib9AQIPvmTWrCX6DE1YBBZk0gzg5Rk%7Ctkp%3ABk9SR774vv-aZw
Allsaints black Dalby Biker Jacket New Size 16 BNWT £349 RRP,130.00,Brand new ·,Sold 10 Mar 2026,https://www.ebay.co.uk/itm/168199915904?_skw=All+Saints+Leather+Jacket&itmmeta=01KKBZFQGK6NMHQKDX5X7GBPHK&hash=item27297f0980:g:6NoAAeSwFqdpY1d9&itmprp=enc%3AAQALAAABAGfYFPkwiKCW4ZNSs2u11xAZnDONOJA9lNVJaJymw5vqsTCoYdHus7coIQxPm6UQDRD9WDnoG0P5vYGuWI27ihQ0oV3eOeIvTZNNGaFsXhAqI5SQvoOQhHgsKbRePWvbKYi0mNfxl0sELu%2B%2FEs%2Blxb32aQ4Dlt6hhkNFoSLmDQErED0%2BEOusLg%2FsaMDQYR0mvP881QAZWjmluCiKPk2h7wMqgZzg6wangFHGp%2FLNezRC5Xw9hHUF9EtmomU8bQ2zsgkD84hEmNm9LNLGltZRcUqT7JlHETAyGOQ80K55Cyqf9m56RtRclnSkT9NwdzjoHqtoYqo9DjLntjAJWRzVlm4%3D%7Ctkp%3ABk9SR774vv-aZw
"Large 40"" Chest Black Mens All Saints Leather Jacket With Zip, Pockets & Lapels",37.10,Pre-owned ·,Sold 10 Mar 2026,https://www.ebay.co.uk/itm/298074019569?_skw=All+Saints+Leather+Jacket&itmmeta=01KKBZFQGKGANSW27VCP03TBE2&hash=item45669896f1:g:z20AAeSwWxhoTzCv&itmprp=enc%3AAQALAAAA0GfYFPkwiKCW4ZNSs2u11xDJzesXF%2FwcBJabYaMZeIX%2F%2BgxnTPAO53EPw3mDW29q7uua%2BF1OVPT0MSqwkEHH3yQzc%2FtCtv%2F6XIJzteugeeGDxoeRfq%2FNo0I93QpEKKeRMdAOv4TJyt7K1E%2FYTH594vgrUVhmBpEOB5CaNtRzKkugaKg0F1063VFWcLARKgmoOXmRWObtR%2FNjGSWImxxM7mz7Js1LahoupBfc18XSZ6G8nZVvRQaGUmyDDVcARYP%2B2gk%2BqRSvPKnv6OCNKpvvbVc%3D%7Ctkp%3ABk9SR8D4vv-aZw
All Saints Blake Biker Womens Black leather jacket Coat size 10,80.00,Pre-owned ·,Sold 10 Mar 2026,https://www.ebay.co.uk/itm/336412155067?_skw=All+Saints+Leather+Jacket&itmmeta=01KKBZFQGKG03GJYA2Y92ZHT91&hash=item4e53ba1cbb:g:S0oAAeSw1KJosHra&itmprp=enc%3AAQALAAAA0GfYFPkwiKCW4ZNSs2u11xBiipzuZa2j8A8wBoPdh2AotGsmv09AmY25sV9GWgZMFjrQ48MFTYEDzPD8ycMxmU%2FARzqxvLDoxctSAFu2LRctr2EEeny3t3Hel5DBMaZ73nsZhyZUumNxO3pR8BmYdyBhOg4270zHFJz2dZl51U%2BDQxq%2BIDD4C8ejP0%2B26ut8R9%2BfSoBJp1ey16nqDt3EukaF4b5o92x9AhfcES%2FtJ80x83%2FrYpOwtCJJD9OrM12BD8--Xg3E%2B7iWPeBTxAcy36I%3D%7Ctkp%3ABk9SR8D4vv-aZw
AllSaints Black Leather Cropped Voxan Biker Jacket UK Size 10 3/4 Length Sleeves,90.00,Pre-owned ·,Sold 10 Mar 2026,https://www.ebay.co.uk/itm/177328662063?_skw=All+Saints+Leather+Jacket&itmmeta=01KKBZFQGK7YCBS4853JPP497D&hash=item29499ca62f:g:~eQAAeSw-z5omNe0&itmprp=enc%3AAQALAAABAGfYFPkwiKCW4ZNSs2u11xAeM8ls5ho7T7IgV8G6caP6pn%2BHjWVdv6w5%2B3%2BtOgUkLfV0tiEXB0Xaa8OTM3oO0LqGeyHN1sH6H8DTHQFn5nvFrN4joJxvOXA1DICGxF2gaK22vN4vSP7%2BgV9iYnHqAU2fauB225mkEuy5j5pltjsCop7PVSLJdzcF0so6JOKCkoiu%2Bvt7Vw4I0%2FV1KlG5JZbddwYysfoaYIrVXsNdQeVcUGp4hJuN2C0Yl5RixoH7zUJ6IbABU6TgjkW%2FKZ4diEWPaeyF3Ax2OASrjto8VuqeBXkAGzBOu37jxw%2BmT8fNpgk4upRPPabcuvVIipD3nU0%3D%7Ctkp%3ABk9SR8D4vv-aZw
Allsaints Biker Leather Jacket Women XS Black Moto Genuine,89.99,Pre-owned ·,Sold 28 Feb 2026,https://www.ebay.co.uk/itm/127691338290?_skw=All+Saints+Leather+Jacket&itmmeta=01KKBZFQGKPRRGHPRM7G18PPR0&hash=item1dbaff3232:g:uU8AAeSwjYFpkcGU&itmprp=enc%3AAQALAAAA4GfYFPkwiKCW4ZNSs2u11xBxgiczlDN4m9HHGZtm%2BzI%2F7dJ2j29f68mPDHZysNW5F5GeFh7%2FSYjK29tEAFygmrGCR61SxDvy4h5d7DBMfkc9FeOpTrZj9SszNbgJ1Qc5Wb4HJU1ga6lpBVVwkXfOmPIkJVeJUBYVZwRR2OUg9k2Y7yfsmZi%2BB5%2BpDjY9h7tzCdlZlt5fzX1XNIhRvLoEGWOobsaf1sarz2MbiWl%2FAW%2FxUFwC4mOnBSrk98t87biPW73SjsE6GPpmP64l--Lalcj44CFUWC4%2BQ0wLEWww%2Bkm3%7Ctkp%3ABk9SR8D4vv-aZw
"All Saints women's leather AYRA Biker jacket in cherry oak red, UK12, BNIB",156.70,Brand new ·,Sold 9 Mar 2026,https://www.ebay.co.uk/itm/187573416657?_skw=All+Saints+Leather+Jacket&itmmeta=01KKBZFQGKZS9G3WVXCXN5VZ0W&hash=item2bac3f32d1:g:oqQAAeSwqLloyVdg&itmprp=enc%3AAQALAAAA4GfYFPkwiKCW4ZNSs2u11xDRd%2Fj4GJzZ3BTSERdKgDqB6bCxVSLjar4GDj9A9PX%2BKkV9tqM8%2BpC5sIc%2FLMjRbNejRPiM1hrlCodw8Ra9qpqlIpPygJjSA42uWtinaQ%2FfjRG9r77%2Fu0WcOKkkSI6iPy7aJWnAyMQIaNPdS77nAAwnaVv5hc24aDel7BDmDdEw7%2BoujtJkOyO3r3Kyx%2F7GSBzKg6Is7StjwypJEMPw5X%2B5UBqDLzECE9zWHpiv8s3620PguphsfNUDLE%2BreAHPh3cTaKgNu3PtMuXihjRTzOKN%7Ctkp%3ABk9SR8D4vv-aZw
AllSaints Lily leather Dress Shacket Shirt Jacket Size Large RRP £340,69.76,Pre-owned ·,Sold 9 Mar 2026,https://www.ebay.co.uk/itm/397686958215?_skw=All+Saints+Leather+Jacket&itmmeta=01KKBZFQGKX8ZFS3X3QSPZXJJX&hash=item5c97fd6887:g:OF4AAeSwcrlprJJA&itmprp=enc%3AAQALAAAA0GfYFPkwiKCW4ZNSs2u11xCjA8%2BTWQfG4X%2BmItGa3e0ARvpXoopV%2FLLSjC39%2FNzWzJTUktPAKO1FWZ5U5S3DzZIIaAMZ1wyqlsGGyPzngT2sfYS0HmqXDbwTjrmStHBhDdaMzAUjTe2DgsEOZVeGwH4iKLP2HHSFx8%2B9iCGRX5Q6z%2BjkGhK8hQcuXbZaSazH4fQfVox2o7fk2zfYu2NJ2kBwcCvqmS2Y7Xp6wXmUN1yc%2FXYNL%2BkfSpmLeUllGEr0KKdnCpAL9cZLVerZ4CaCo6M%3D%7Ctkp%3ABk9SR8D4vv-aZw
AllSaints Women's Leather Jacket Size 10,83.90,Pre-owned ·,Sold 9 Mar 2026,https://www.ebay.co.uk/itm/127723459118?_skw=All+Saints+Leather+Jacket&itmmeta=01KKBZFQGKKDKZM90YRB47Q6Y6&hash=item1dbce9522e:g:utgAAeSwlVRpqwtP&itmprp=enc%3AAQALAAAA0GfYFPkwiKCW4ZNSs2u11xAEyQdMkxXGn%2FiWPH8zcMkoZy9FhOhrnLLwbfkzFgyoW6ipLrdjv5kWfgi7AvJb1pRlUR2Zvw2fHMlkOaDrdsncxPgw%2BxkbWXksDw63z2kc69wvLgPjZnPB8LunBURVpai%2BXp6SYqhJclXDjjaCGWHHM5EWFCLMagmJuzw%2FaNNmYmi0DwvyG%2FL8LqfExSqM6N44OlMZj8Ju06HR1d7CdHw%2BleF22aZNN%2B%2BfjSlvYsiC1SMNo8Q%2B71FzjGPHFSfIbTw%3D%7Ctkp%3ABk9SR8D4vv-aZw
All Saints Meuse Leather Jacket Mens Medium Black Biker Zip Up,79.99,Pre-owned ·,Sold 9 Mar 2026,https://www.ebay.co.uk/itm/277423840935?_skw=All+Saints+Leather+Jacket&itmmeta=01KKBZFQGKPST4APSV0BTJXPYW&hash=item4097bfdea7:g:IXkAAeSwYa5oEoT2&itmprp=enc%3AAQALAAABAGfYFPkwiKCW4ZNSs2u11xA8vrxE4fdES%2BHP%2BDBW%2FwZMr27RVARij%2F2NwHTINShPUSlXZ%2B5wm1RLVukWGR7iGPCydH1F5U7lYiKA7MCmCSFtU6Q73MhvboFcXjDs2ELuVTNINZ4gZSjDJQiQN1yLqAvzc9TCZRM9W5492mrFMiBt2MNqMgR%2Fdp28yaWO%2BFrn7bFf0gFG84EDIbCl%2Fsey%2BEKbp2aJ9OX3g%2B85DA57uzJLtE9M1U%2F2GAHU4JoduCdbuRvw0ZbzaLWVQJ2oJOLByEEVy82A4QXmIzV2UfoFC6uAeUVqnWgG%2BSJ0ZYbRvWvhDR2gyDl6HAUeaKFqAkQfRdM%3D%7Ctkp%3ABk9SR8D4vv-aZw
Allsaints Netia Black Leather Jacket 14,100.00,Pre-owned ·,Sold 9 Mar 2026,https://www.ebay.co.uk/itm/287179654475?_skw=All+Saints+Leather+Jacket&itmmeta=01KKBZFQGKEW7B3SWJ1QPXS1CH&hash=item42dd3dc54b:g:y7cAAeSwf6xpqF2h&itmprp=enc%3AAQALAAABAGfYFPkwiKCW4ZNSs2u11xA34%2BPR6kKMkN7S4BFf61Bf6%2Fv%2Bbq7K%2BruJvHqnPQ7VxsxX8FKW2fzkvAaz29qSlaCOrzXvdflbBXgMBoUdrxHRgavBktoPE%2F4VWDCklAMyTmg4%2B%2BlJKwtL0uGYRxjlGSPv%2FTuLMNJGR9KRLzouDlt%2Bjjy9AXjnZiaDVkoYrOJ3vJf%2FJa7%2BzG4v8NY0H7p%2BotGNVXvaUXqqkK8jVjpFupRtpe3XdvwkM34pX7iZeDZVG%2Bsu9KzLws2jV104bLr2%2BA01HwbUDVG4ptbS2IRNlD0F0x3dMh7tNQXqKGxLPOd8PkJa1R%2BoA%2FFOrK8sMbIPm4I%3D%7Ctkp%3ABk9SR8D4vv-aZw
"Gents ALLSAINTS Black Leather Biker Jacket, Size M. Good Condition",52.70,Pre-owned ·,Sold 9 Mar 2026,https://www.ebay.co.uk/itm/257388029535?_skw=All+Saints+Leather+Jacket&itmmeta=01KKBZFQGKB49WHXFEA2ZBZC1Y&hash=item3bed85a65f:g:Uk4AAeSw5LpolKbO&itmprp=enc%3AAQALAAAA8GfYFPkwiKCW4ZNSs2u11xCZP%2FTDb5OCe1fdX90hyZuGFfkQoVWMAA7VVLN0E%2FGXgbqikpVlJEUu7awX8bqUr6RBEOQNzmTCF07PnI5ckSuDu%2BxGqfQ87o%2B8%2B0VvPt%2FFkgB803wRP23PaimsgGi0aoPv2RrJEH%2FJa%2FgDlE5myO%2F7%2BpMMRYVHlznP5b1gKhxyaPv%2BGzNV%2F9WAhvM%2B%2BH3GUjRHcTOvUz45qv8m0kKltMeHwjYZKZIGtF1ATzKQoUFc4LnB%2BUTTWcnP%2BkxXT3rcOYNtvhxvfmBPIhrHGER2Slt0ybRdMZLUmg%2BT1xw8EqbeEQ%3D%3D%7Ctkp%3ABk9SR8D4vv-aZw
All Saints Marco Oversized Bomber Leather Jacket Black Mens Large 2025 BNWT! NEW,299.99,Brand new ·,Sold 9 Mar 2026,https://www.ebay.co.uk/itm/157620273291?_skw=All+Saints+Leather+Jacket&itmmeta=01KKBZFQGKB6XR4VDEFEYQZ1S7&hash=item24b2e6808b:g:bdQAAeSwAJZpBeqU&itmprp=enc%3AAQALAAAA4GfYFPkwiKCW4ZNSs2u11xACGK28kbU9wFaPGXj%2F56UeSjraiAk4xx9l1u9kzQTLu6jUVPHdwEA1yr2Z0KBjbmI8iLkRkKrpbqy3Cze4aRIqvbh--IUgv1twpoCL2ZKr4zTEEP2y9%2BqS8h8CoRCEm0XxwuNG205zAw6MKf47PU2Lwv9YnetNEriJr4r8tU0NHzpOipKJKLZPrGCK2Z%2F%2BtjYaiFbJ0YbnkJP56F4nsKrr39HcNM9w6SDHH8J4W2vXFYK7sKYNBou9Vod9z7ddoqFPr7pJWEI2KBhjIEupAQYg%7Ctkp%3ABk9SR8D4vv-aZw
all saints black leather jacket size 10,63.10,Pre-owned ·,Sold 9 Mar 2026,https://www.ebay.co.uk/itm/276612811320?_skw=All+Saints+Leather+Jacket&itmmeta=01KKBZFQGK62JT0EYA0KMCQZP4&hash=item4067688a38:g:cwQAAOSwullisPvy&itmprp=enc%3AAQALAAAA8GfYFPkwiKCW4ZNSs2u11xCiUTuvttEBvXKGbKcKE%2BzkSwPmSSc9Fd--1Ro1sibwWdrTZ05AeNLt2ZqWFLTfZMiFBA%2BtKGe3mepGX0tlSm%2FF5jwdmMidwhxng3s2iUzcmTBKs8IUkN5i2KVS1uEdCIlCahu1AlUnVRUkjBajvfie1XYC8ihTrC1s6bX1LWueVdf1EWQe5ImAhAwP1SUZeQbzyVZSkGBKKtWEb3JIYx%2BHDbvNG4ODn%2BKD0xJ5UfAy4qjeWw%2F7SGloC2l0zHsJIC48ge9NVIeVaatWNtAmoUBTmYD0ZDfZjEkROsUu2y2o6Q%3D%3D%7Ctkp%3ABk9SR8D4vv-aZw
AllSaints Men's Circuit Leather Jacket Brown Biker Bomber Size XL,33.68,Pre-owned ·,Sold 9 Mar 2026,https://www.ebay.co.uk/itm/358277518663?_skw=All+Saints+Leather+Jacket&itmmeta=01KKBZFQGMM306M5779Q7SGT0P&hash=item536b011547:g:n7kAAeSw1sZppaaP&itmprp=enc%3AAQALAAABAGfYFPkwiKCW4ZNSs2u11xDaFG8Y8TQYwoevVX4gHT0Rh2gV3oSv7oUuqwdCz4HTfP%2FIaVFvoexwlZ9lNTEH1kYPyQas1HvdL6YUFPh%2FXp8ViUHYlbfaNptJKKmTwVC6edgzsydpBd5nlPKnTuZ%2BGQAWDRkpkTu4VEQc%2FBbaP%2BIckYVNiWGIT9jP35l3StJ6ZeOSOi6Hb7dg%2FCBs4fdbsAzINMLIpV7poFDIb3%2FzgIPbxG2za8MK32vPN9IaYGEiF%2BefxwsacXjNHEjTxNSyykTbuNuAlD0GIzUnV8736cSEB1o7u%2BlvruWhU1OuaC2hXsks2XJ41EmsxO6r8XYhRu0%3D%7Ctkp%3ABk9SR8D4vv-aZw
AllSaints Kino Men’s Grey Leather Bomber Jacket,50.62,Pre-owned ·,Sold 9 Mar 2026,https://www.ebay.co.uk/itm/227247738758?_skw=All+Saints+Leather+Jacket&itmmeta=01KKBZFQGMF27Q4GX8WXA5CHZ1&hash=item34e9054f86:g:zO0AAeSwGjxpreUq&itmprp=enc%3AAQALAAAA8GfYFPkwiKCW4ZNSs2u11xDBaj0N%2BHT19Kr2cVzHvsPkLVjrX8hQgxmQB0WUapc%2FNXFXesAZTgiHI4lOcDJUw2FpWShc9qI%2BBIDhfARbsq8uVd0SLViWfAHY%2F19ete7mzevUFwEdLgnzySg0d0xDSX8ljYuQMMEzzPBkMfPWuWelSGMKJhjkBxd7cWxMJSPFxykBqD3DssmuPPiaoMY021VApONnGqNOGTm3KpLfZJaZnvAI0uIQZMaqdXdMh8zgg99W7QVZif66Os0pFWgg4AS3HWtto3ALUc2AYL3uvyvwxIMbGlvkIM%2F9QrQpD4TcxQ%3D%3D%7Ctkp%3ABk9SR8D4vv-aZw
ALL SAINTS UNISEX LEATHER BIKER JACKET SIZE L HAS BEEN WORN IN GOOD CONDITION,43.04,Pre-owned ·,Sold 9 Mar 2026,https://www.ebay.co.uk/itm/168199867466?_skw=All+Saints+Leather+Jacket&itmmeta=01KKBZFQGM5RH98RYX394GA9AJ&hash=item27297e4c4a:g:KwsAAeSwSdFpnF~Y&itmprp=enc%3AAQALAAABAGfYFPkwiKCW4ZNSs2u11xA6VfDaNtio3c0SKXpRQc9uwM%2FkswW4yMUtfSCbZjMDPTiONY0utnaGOEgtcQXx3vP49EySBUHa%2FeuwnLrl66%2F6oaUqcipfl8ityxFfexQl6Aks7OsMzZ1QRCqOx3HxB4tGQesLjfrhkWvYty%2BSMwGreCCUiKP%2B4TRZEGBvo4WIZLWyNmGF2CtjH0nSIu1f%2BhCbXj4AfzMpbVWRG3hxEQvnSQGpYTpMOtpo%2BrLXQPUQd95PEszk4m1palPH%2FHlHXACCEy3ndE9uQhCNCtJJklbZHHgOWIJuPf%2FTgS6NoIwks8sgfhwnu5AvgQXVf2WTdA0%3D%7Ctkp%3ABk9SR8D4vv-aZw
AllSaints Hale Biker Jacket Size Medium Mens Black 100% Lamb Leather Zip Pockets,84.99,Pre-owned ·,Sold 8 Mar 2026,https://www.ebay.co.uk/itm/306728940221?_skw=All+Saints+Leather+Jacket&itmmeta=01KKBZFQGM0TRH6QJV934CXAW5&hash=item476a7832bd:g:MrkAAeSwJRlpdP80&itmprp=enc%3AAQALAAABAGfYFPkwiKCW4ZNSs2u11xC9yYkfGRoC5vwUtY3o6IZh5iS0LKGtcretWUNL95Bqe28UzSWutd84i3Td58lmIBt3yNm4Zbpjoc9Ecs2uI10MbHCeCVKhosRkwFEZBgW7TW7YIa9KQoO8b51FAUfP9V1fwBQbkRmIPV5mxJzJC7e40yPb4ML9FVo8j7NFy%2FeFi2gX3aN5JfujIVMdIdjmsMDhChVN3lipE2IAOtB%2Fd0SIolo1ix5Jin74PbkEGcJWa8j2bqq2hXd7MlBjZ%2B5BuqYSkqRjV0FmQsnR90R0xg1WMlRivcUKd3Y46ErqomdsWbzNZhyjSmq4pUrZ13q%2BNrw%3D%7Ctkp%3ABk9SR8D4vv-aZw
All Saints mens Medium Leather Jacket,73.50,Pre-owned ·,Sold 8 Mar 2026,https://www.ebay.co.uk/itm/197919533932?_skw=All+Saints+Leather+Jacket&itmmeta=01KKBZFQGMPC5G862S9G9KK7GF&hash=item2e14ec6b6c:g:fz0AAeSwwdppL~HH&itmprp=enc%3AAQALAAAA0GfYFPkwiKCW4ZNSs2u11xChvLVCZ0VW5Cou62API2zy4%2BiHi5Gy%2BU9Owlxfwlygel4GPu2kUezUIEAjPU0IoeQQAVLsIxAVFYaObZEAic48elvGVURfDBpiR6Ke5eHJYxPYQb%2FoaHFSJzM%2FCgb2IylC%2BcfhG%2BYoGQjF%2FZPZsDwmjHeejLRNUPbn0P6PHzM0XpazZjsFrG37zPnUlqmxwpSzuzq10geCKi2zkLuuca9WWhiagbcG3f9fkFMrMXPSSpmEfjkK1yyKoz1BcyuGGY0%3D%7Ctkp%3ABk9SR8D4vv-aZw
ALL SAINTS Leather Blazer Jacket Mens Brown M Suede BALMORRO like survey MEDIUM,109.99,Pre-owned ·,Sold 8 Mar 2026,https://www.ebay.co.uk/itm/306792955154?_skw=All+Saints+Leather+Jacket&itmmeta=01KKBZFQGM39K0TSMA04M2JQTB&hash=item476e48fd12:g:-pgAAeSwp5poRozI&itmprp=enc%3AAQALAAAA4GfYFPkwiKCW4ZNSs2u11xCpuNMGLlaLoSrHR%2FLZ90kFOLkwGB4Vp7KQmqpjSuxVLIjY9Wep%2FtAgTQB8d6JnXuQTbGZRE9KZvU9%2B9XGqidx%2FV9C2bCF8NYrpwf2jHbyUfZIrZVVJykHEhNkj9ZZasQp%2BfWNCPvZ8A0qqdYpJ7tguw392las8Duy6lpP50NSaIA0wcAzIuHCm3%2BQyExL714Jea8dHUwRO8rPHsvrg2BSp2bgS9tyuZN2qnfN%2FMys9k2I48zsCkHUT0JvrutfJC%2Bp7sONE30W%2BKcBKDE8EtLqO%7Ctkp%3ABk9SR8D4vv-aZw
AllSaints Women's Leather Biker Jacket Size 6 UK/4 EU/32 US,42.30,Pre-owned ·,Sold 8 Mar 2026,https://www.ebay.co.uk/itm/287138374113?_skw=All+Saints+Leather+Jacket&itmmeta=01KKBZFQGMZZ9RAB9HBTA8ES03&hash=item42dac7e1e1:g:UnUAAeSw0eVpjiji&itmprp=enc%3AAQALAAAA0GfYFPkwiKCW4ZNSs2u11xA9wcQJQPQZ7Z9diHnH2zb586FtzD1j64v57metoLyfcE%2BxlVstzC7XeoQKgqxZ4SE00P9xX5EzUa4f3BBESsqA26jqfARci6yGZ55jI5iLHRTpCGF54Q0fX0CUAByecRzAttbxaOaWcx73GOEnLOQQqyIvjqm5YFYn%2F8qoVw4YsaLNbOkn%2BdsW4A3eJhPCeUW0BGq8O0W5jTVfL%2Fhl7arSHq%2F3WFVKpFThyKf7EmoPRmot6SbbEHcIT%2BNpL%2FAYLX4%3D%7Ctkp%3ABk9SR8D4vv-aZw
AllSaints Dalby Leather Biker Jacket Black - Size UK 8 EU 36 US 4,99.50,New (other) ·,Sold 8 Mar 2026,https://www.ebay.co.uk/itm/267318838174?_skw=All+Saints+Leather+Jacket&itmmeta=01KKBZFQGMMAW7PAZSRBGAG3SH&hash=item3e3d71c39e:g:LzcAAeSwk6xobkWL&itmprp=enc%3AAQALAAAA0GfYFPkwiKCW4ZNSs2u11xAZbTUZXLQSdVYU1256U7f0jSf8AbP7nIy2EzpaJBfBoGGdqYKVYJ88f%2BVP39sTmyR8xqz21NYjc5%2BwvXLIIZHfwbSlJWhBaId9MwN9B6jf4fXex3s21eJWUHosxeVtaTle49UeucLQvCfwJl%2BO90vLNbKc3O17Ozllah5wj4D3WTcfosXliMCl%2FYDYRKu0Bn0kSmN7snEAzZtybNpVqfLnVAGfETd0m3lrsDaGajjSP3q34g2VjKEgMoeXlG3Vm5k%3D%7Ctkp%3ABk9SR8D4vv-aZw
Women's ALLSAINTS Black Genuine Leather Casual Button Jacket Size UK14 H55,39.21,Pre-owned ·,Sold 8 Mar 2026,https://www.ebay.co.uk/itm/377006766992?_skw=All+Saints+Leather+Jacket&itmmeta=01KKBZFQGM5ZW6PW75FDGZG6D3&hash=item57c75abb90:g:H7kAAeSwFXppp0C8&itmprp=enc%3AAQALAAAA4GfYFPkwiKCW4ZNSs2u11xBh0JE%2F7VQP3Q2P1NJJN62iS%2FP%2BUHKWzFlIsN2hAj6p63DH1gVfge1XbLULPDPjTlkLTwlSiSmJ08MTM0L5KujqI5e4OpdLgz1pwrdTe1UqaY%2BlFul5TfGxYpfvZshw1Q0VszR17EASj9R0P0GTKyKKHQfVNwr3LuYgnrFaOebkjcNiSBqjqLHr84RKhZaHf1NhlK9AzfRR8qVLAh3x9uQqfQxxk4MQEeYcwcA1fVTqnrgh%2BudSqhZuU4Do28qb4%2FbJ5AcFGripT9nQja8mEEcu%7Ctkp%3ABk9SR8D4vv-aZw
ALLSAINTS Brookes Cropped Leather Biker Jacket Size 10 Black Brooklyn 3/4 Sleeve,65.00,Pre-owned ·,Sold 8 Mar 2026,https://www.ebay.co.uk/itm/406722964655?_skw=All+Saints+Leather+Jacket&itmmeta=01KKBZFQGM9HH3C8X9EGPM2PNM&hash=item5eb293ecaf:g:qzsAAeSwsthpoABH&itmprp=enc%3AAQALAAAA4GfYFPkwiKCW4ZNSs2u11xDs0fHUw3tfk7UAc7X0WQkoq8bJU7h3yZFV6w1j97Z%2BQ%2B5qioEUiNeotEGVZET6aefOAjg2xp0%2F0zJlwj9XUc7GUMFk5XdLpaGnDFnBDF47yejtDyqzDUj0ukhJ03HFixa27bBd7lfGS4Z%2BxdR0Jo0pGj0YKXnbkNIWZ8MPt3BtEKNBejtOssw8ZKVPix%2F6Vrna%2FUgiRog9s8aEMn9Z7o5f8aM2jHfPDrsRxIoOGcXMRx%2Fbxydfcb36HIC64Fiv%2B3hs2IfnlM4CEVbWwkDE58T7%7Ctkp%3ABk9SR8D4vv-aZw
All Saints Lambs Leather Jacket. Brown. Size 12,26.00,Pre-owned ·,Sold 8 Mar 2026,https://www.ebay.co.uk/itm/137081794117?_skw=All+Saints+Leather+Jacket&itmmeta=01KKBZFQGM00ZV13MC986JV0H8&hash=item1feab62e45:g:ZnkAAeSwG-JpnXIK&itmprp=enc%3AAQALAAAA0GfYFPkwiKCW4ZNSs2u11xC4OjYIRTebviRrcmqYTgUps5GTi62A9ZGmbl%2FGdnmSFFA1pgmMH7ZdRA4UFBq4djijeU99SFBBcKmHwWSJ2JZaGqK6E2J5PVyp7YJZFK5Sco3GXDTmCUiHTdXtoPz6BAorvmfh4V3hpwlfJaNswNdFJi6m8j%2B2hoQsENTbGXtWGVQbSVwpnotACQSzizBOYHWaV9tQLmDGRyd9wWihjTpTFkfAi7c16kC0%2BHDCAVtvy2p0akaqaI6d7or5AbBOQN8%3D%7Ctkp%3ABk9SR8D4vv-aZw
LEATHER COLLEGE BIKER JACKET STUDS WITH ALL SAINTS BADGES PATCHES SIZE 6-8 BNWOT,82.86,New (other) ·,Sold 8 Mar 2026,https://www.ebay.co.uk/itm/306784443581?_skw=All+Saints+Leather+Jacket&itmmeta=01KKBZFQGMQRYJA2QWY42HZJQ0&hash=item476dc71cbd:g:GBgAAeSwWKxpmtdN&itmprp=enc%3AAQALAAAA0GfYFPkwiKCW4ZNSs2u11xAOfVyCsJuvvnBsz1UEGlVaDL50VcMuvf21EcZ4EtUDUF6FfGzo3dxbxCFyQYkhs%2BO8Je%2Bd1up7Bufif5V4kB7X%2BwBZjdy71uB7OMxqBSoUDiNYxfxbwR%2BTDz3IcKhoQeNv9cu8AjbOaETykCCs%2B856DiaTMcEgmpQMAknNzq48kXKlw6ZeUzBVFfas0y54DDSzKmdxD%2BMACq9Lsfl9%2Fy12KVfWEScFYaepqQQ3OjpKUmbu%2FFM5%2FUidFuCa7rf2nYg%3D%7Ctkp%3ABk9SR8D4vv-aZw
ALLSAINTS Leather Blazer Jacket Medium Mens Suede All saints like survey HOPTON,159.99,Pre-owned ·,Sold 8 Mar 2026,https://www.ebay.co.uk/itm/306787671680?_skw=All+Saints+Leather+Jacket&itmmeta=01KKBZFQGM5Z1N918B7KZT6PNB&hash=item476df85e80:g:dn8AAeSwIfRpb15l&itmprp=enc%3AAQALAAABAGfYFPkwiKCW4ZNSs2u11xBvDKvomuypLzdRznsCYtkh6wVO6AyvvWFPHJqzNbZTDQlL6o3whjg29f2lyMQk1pqLtWAxWuvoTG8lNxeOJoqM0ukLyzdsUzMj6z5Jc4swcTW4wNF3hLHN8%2Bu%2Fm74FOnuyv19KeXeqRI4fw%2FNMMxaZ%2FxlfxqLepqHuaPSf2r1J4kERftq27reo2nBgjICyRPUSbUIFCpP25Ea%2FuW5bf9sAK9UI%2Bfs0B8zRWU%2Bs0trnehnCVc88zn4Vy%2BnsyiKtyskKSC0kq9mvXElfV5VFlGhQShKQr%2BFkvi6Obw6Zy8rJLqTZV1%2B0ErPznbol8eWNvTQ%3D%7Ctkp%3ABk9SR8D4vv-aZw
All Saints Hayes Leather Studded Jacket - Size 14,104.70,Pre-owned ·,Sold 8 Mar 2026,https://www.ebay.co.uk/itm/397604541781?_skw=All+Saints+Leather+Jacket&itmmeta=01KKBZFQGMMZX6528F0KDAZ3K8&hash=item5c9313d555:g:yOkAAeSwRihpj1j1&itmprp=enc%3AAQALAAABAGfYFPkwiKCW4ZNSs2u11xAw9WfqC0zvkCgTXN0EN1%2FeEiJRLZvysXTcUeQWnT1UyoFQezuYHwqLoIR3BjdphhUkU6M0jGRqIpHzoZanpEfpfJX3LhVC%2FcmwQLtPsFf4ryeT8iRIq3ZMsWGkYs64UPvFKV1UWJmWe9J8%2BQhDx7LWhi%2BSNtT8TwHmLjMotckgOe1TlWNkQJAZ3dYKNajqA2oFlePUw%2FWOlobI8dBWm2UAseIQUI3ZWg2ig5nvegiNS5bA7RvUy9CMT%2BYixcx%2F8bzm4BnIWeHiH2OgylK1aSchIDFuuvwrJF0GbD%2FaVuGvBn%2BphjX0PxIXFBn3WouadGM%3D%7Ctkp%3ABk9SR8D4vv-aZw
Men’s All saints Leather Jacket (Large),42.30,Pre-owned ·,Sold 8 Mar 2026,https://www.ebay.co.uk/itm/157718013701?_skw=All+Saints+Leather+Jacket&itmmeta=01KKBZFQGMHHN9NQP3BZ3RVV70&hash=item24b8b9e705:g:iz0AAeSwMf9pB50m&itmprp=enc%3AAQALAAAA0GfYFPkwiKCW4ZNSs2u11xCUizdV5hrAC65r3fHExMufEmOrCAd935qHJmXviKAoGiqxpHTeWXOkmXy7CaL8NXG98ivUJBYOPChl2DaV48B2lKahWDLrz%2FX3QjGbj52iURUvLGIMehEt0kk4SjZA7P8fTkyGnhgt4RQXBn8g52Z%2BHECFOS5zukB0Go%2FKpgfvFnIobQ0Gy0qFTA8LvZ3xUFbpvZam3gwICNMbuHg7N4iOYN%2BHdOkD8owLiG97yb7dOP6dhzNq9E2XcQ%2BBCyCoi4I%3D%7Ctkp%3ABk9SR8D4vv-aZw
All Saints Leather Jacket Mens Pilot Biker Bomber ELTER - Size S Small Punk Army,85.00,Pre-owned ·,Sold 8 Mar 2026,https://www.ebay.co.uk/itm/236674276458?_skw=All+Saints+Leather+Jacket&itmmeta=01KKBZFQGMGGFRBTQ5QDS7C75Y&hash=item371ae2dc6a:g:NpUAAeSwVqdprH6U&itmprp=enc%3AAQALAAAA4GfYFPkwiKCW4ZNSs2u11xBkCSkijCLWb3wv9d%2FEeE%2Bk%2FYzjRtgjVpztgSUdfk5JxVmqnoLY3IKzWT5zK5jN51KDg3nqkCsDUht8NKNWq9TAMKcp7y3gpYZx%2BbGRj9oexkGxq7lV5Rt1YI5iKDAOasdxA%2BCDd1nGb2AT4N45bhGUpbFcrTYZXN%2BgFJg0xQ9gpUd7IepllRCSaMuVbqp7B9JBPzIEBXN5yt%2BQYPA0bh8dP0vDBOx4y0w9qMmsMn0Gtdx1KClkkB%2FXSZlRv5qVZ%2FU2hU5nwZpidNUZljoF%2BUZ2%7Ctkp%3ABk9SR8D4vv-aZw
AllSaints Mens (SURVEY Leather Blazer) Jacket Grey All Saints Biker Biker,99.50,Pre-owned ·,Sold 8 Mar 2026,https://www.ebay.co.uk/itm/257386187017?_skw=All+Saints+Leather+Jacket&itmmeta=01KKBZFQGM78SH4NY50AZ9KBYX&hash=item3bed698909:g:ptoAAeSwXgJpiIQF&itmprp=enc%3AAQALAAAA0GfYFPkwiKCW4ZNSs2u11xBwZco8bMPL%2BvdeZi5UzZzsiKT0GYEeNj06uUgaV8P9wAzT5R%2FE8xSaoieY1cKrpKPI5KS6Syz4GbyC%2FZAKP4Ycs1umcmkPk5O2aW7hQCkYLhlH3qGpLZkkINRdKraEPgNElGJ0mdCdE%2BDE%2B11WgRGmSMr6UbDqulpS5zP5begyGBZivJIGNQuRsiuFq4ZAMZ9QBxECPKjy3EFYOot2679RMzWj0BtyjLeJBDkJvIQEevYOjQ9B2z9hQaxS4Tr%2FQ2I%3D%7Ctkp%3ABk9SR8D4vv-aZw
"Allsaints Leather Jacket, size 6 in Black - CG S65",34.44,Pre-owned ·,Sold 8 Mar 2026,https://www.ebay.co.uk/itm/389695057925?_skw=All+Saints+Leather+Jacket&itmmeta=01KKBZFQGM8WR9FBB3RYSCH91P&hash=item5abba2b005:g:10cAAeSwmS5ppyNP&itmprp=enc%3AAQALAAAA4GfYFPkwiKCW4ZNSs2u11xCKSW%2F07Y7hH9Qfd0OOvyBPKT7nYOwXrT9UeROpeRwailbMfy3031LBq%2BldL%2BwRHTOyKwHIInMJrQ4UVZ31KKv7iswiNtxR1cqQiDX090Id%2FQW58KD%2FYbuywn7i7NmfJP3S4NadgEO9oDRpG1x27Tb6xG9tQLOE9dgj%2BwF7R6ViyvQrtIoGmj4Om6ZQ18CyMwx9b9ux4m1PEaOFHIZxjT2o3f4aTkuvIqtAy%2B4pu6fNzPYK%2FVnc4EIY9PkMauEapvx6agpn%2BehY9f79na31MKeq%7Ctkp%3ABk9SR8D4vv-aZw
all saints leather jacket men's. Alkan Jacket. Large. Worn twice. rrp: approx £3,99.50,Pre-owned ·,Sold 8 Mar 2026,https://www.ebay.co.uk/itm/397667673914?_skw=All+Saints+Leather+Jacket&itmmeta=01KKBZFQGMYX662BXXQ4MCSB9Q&hash=item5c96d7273a:g:e1wAAeSwl-xppb6P&itmprp=enc%3AAQALAAAA0GfYFPkwiKCW4ZNSs2u11xBUTgqkMfE44KlhTLTItmkDVt7ZmnXJloNx37ZkzwpxRaCdKUbtpFF%2BRWBznJoFcNsgZCPIxlV2KlnD0iAO5Uno9acTeIqLvGky25YwJTMb0hd9rU5ezrx56u4U56NhT1eNCoglyjyNe2s1qBPf57mR7mb6u4U0BTpz9acgPCQ8sKddB8U%2BNjFFL8%2B67BWaE7rwH4bai--yJWhV6O0R9nB7s7MAt5ugrfIg2AxH8bmLvJ5HY04tW8y2ZzO%2FXRaz5zU%3D%7Ctkp%3ABk9SR8D4vv-aZw
Women’s All saints Dalby Leather Jacket Size 6,34.50,Pre-owned ·,Sold 8 Mar 2026,https://www.ebay.co.uk/itm/298078597713?_skw=All+Saints+Leather+Jacket&itmmeta=01KKBZFQGMFVCKGTQ0GT7BP8D3&hash=item4566de7251:g:LucAAeSwVCBpbQIb&itmprp=enc%3AAQALAAAA0GfYFPkwiKCW4ZNSs2u11xAxPYj4IFyKVM1N2Mbsv%2FIxWU%2B%2BArV5z5HvRn4IIR%2BRDhx44xXulO18HY3fGrZOsTxEtVY%2Be9BBDs4rX26IpXl3qe3F3f7hMTqwyLrJhMEnZ8AA1HGOw98zoxmXE4339aZQvGDrCu%2BN6hViD7vvJKTH1IUGtjMmPx%2B2058pW8dm5jHt1tGDgSyLmC62tRp0xrWCvPFOdZafXOhPXirYVV%2F06qlAEo2%2B09eSMdCo1mdzx3MStU126uTnDrw4hkINNxo%3D%7Ctkp%3ABk9SR8D4vv-aZw
All Saints 3/4 Sleeve Blue Ladies Biker Jacket Size M.,57.89,Pre-owned ·,Sold 8 Mar 2026,https://www.ebay.co.uk/itm/157729954942?_skw=All+Saints+Leather+Jacket&itmmeta=01KKBZFQGMAAQ6BSRN2SJ97165&hash=item24b9701c7e:g:VmMAAOSwDYxlnoNZ&itmprp=enc%3AAQALAAABAGfYFPkwiKCW4ZNSs2u11xB6dSrukeDtjhxhV9RQDO9dghZHwBw0jgR8joJeQ5tABObZEPHaQYGtWsUWTsq7O1jR7JfAqIoURi%2F7PjhfQl9IUClkOwkYR8%2F4OzuWss6FfNzMtbWR4V0xQH%2B4U%2FYe0%2Buu4YFNBTcXXBiOk52K7bWjJSxWefliBQGjuify1w4uhtyGOt36JSaXFIVlKGz4bsraCHOlj8%2FHsDX6yXllQ3qhnDsIP4i8meuUgqiGA7jWCjV%2Bo8v3hpDqOUNnqLF%2F7KkCnD9adAl1Tdrv9taKyyN0Oteko2Q0f12%2F4VBw%2BVfqVaiJEpiJW7tDdh13aEnRUWs%3D%7Ctkp%3ABk9SR8D4vv-aZw
ALL SAINTS Leather Shirt Jacket Small Mens Black S Biker Celebrity Grail RAMONES,89.10,Pre-owned ·,Sold 8 Mar 2026,https://www.ebay.co.uk/itm/257235424568?_skw=All+Saints+Leather+Jacket&itmmeta=01KKBZFQGMR9NPBWZB9DFVQDGR&hash=item3be46d1538:g:YJYAAeSwaXJpK0i2&itmprp=enc%3AAQALAAAA8GfYFPkwiKCW4ZNSs2u11xBEJSwGc1ZatfRhmj5oc4e8P1Dlhy2VDDiPLn%2BS860J1%2FrBzp%2BcRMk3bDzAtrlZ3AcQ0i0%2FCvcBGAcQOaUrQA9SXV7aAZVBGSSLqkKMjaK2JgCfLOzVH3KSyO5YEAXUdAZ%2FJw%2Fbtv1OmrK4WduAceL1ctVzNUkJ2ulwUMRGQArX35Dn25G%2BkYYfr0hI60Mpjj9qlLREQO3OlzfpGuS5xQzQzqzQOdM5EOyeo40bvLrkoDR6E0NqmHAYQRQnUmgF6va3jSWvnHZyRmh5G%2BAvwyIrcr5WOgpVJExyv%2BO5mtI1zQ%3D%3D%7Ctkp%3ABk9SR8D4vv-aZw
Allsaints Survey Soft Goat Suede Leather Biker Punk Rock Blazer Jacket Size XL,199.99,Pre-owned ·,Sold 8 Mar 2026,https://www.ebay.co.uk/itm/306791651564?_skw=All+Saints+Leather+Jacket&itmmeta=01KKBZFQGMEWW6J1BKHVD08CPJ&hash=item476e3518ec:g:1uEAAeSwc9xpoAe6&itmprp=enc%3AAQALAAAA4GfYFPkwiKCW4ZNSs2u11xCeK1GvDpYQMsIuCI11WP7v7Wtn%2BFBRuCZG6wFfscdwoGgRaCJLbpvnGtspdIWUJgAwdqJhDub2LHiW7qIkDvljB1IYjZGS94JxesLaD8hbujiIPPcxSdOAh1tBCsZEIbV%2Bgt54UBeRIM0iU%2Fl7jrVEKraAeEjpiUTgwaEKZ56Um6qYVkuTcpeZzSjdTYKNRfI6AbQ0T3cLnrGP1fkNGNWEpbLqfYMt7pGZjgQXMbWZLuei2r3bGPmKDt6gx5M0zh3%2BYE2UoEYMcZaTiY80wIoA%7Ctkp%3ABk9SR8D4vv-aZw
All Saints Mens STONES Leather Bomber Jacket XS Suede Biker AllSaints B86,60.00,Pre-owned ·,Sold 8 Mar 2026,https://www.ebay.co.uk/itm/317958199543?_skw=All+Saints+Leather+Jacket&itmmeta=01KKBZFQGM05X75DJ63XNPMRP9&hash=item4a07c918f7:g:iWMAAeSwCoZpqZE5&itmprp=enc%3AAQALAAAA4GfYFPkwiKCW4ZNSs2u11xDJyGsfTyL4r%2BbglU05GWNwHlHeBUtQjY%2F5Xw7mlWIcr%2Fk%2BF3KJC72WJ8%2F8hTVuG8YIWGixmvCXuIWK1C46%2BSNSJN87aXk4%2BlsUKAwObq0FE3p9lWxNAc3By1Wpbp2SUwlcSZomcHhTvoaQTGkXoJRfdwLfWFfJ3b2SHTRWx%2FWRPZQrDyZny9qduJMi4BHfV3m3LuqY8VkQRzQ9zzcV83yvYyqoD5oEEN5m1szBajosvTTisvYfbpte3JWsQKJ1UF43shZqmujhrj2ymxXnEApN%7Ctkp%3ABk9SR8D4vv-aZw
Womens ALL SAINTS DALBY Black Real Leather Crop Biker Motorcycle Jacket Sz 8,26.05,Pre-owned ·,Sold 8 Mar 2026,https://www.ebay.co.uk/itm/358262030434?_skw=All+Saints+Leather+Jacket&itmmeta=01KKBZFQGMANE13CS8VXYTVT0C&hash=item536a14c062:g:b-oAAeSwy4Zpl2Ld&itmprp=enc%3AAQALAAABAGfYFPkwiKCW4ZNSs2u11xDXctACV0oyRULceBdeD%2BsWfaPIOdKtfriKF8OtlrJePsnFjMjJnp3UZRV75HWUcEKcubl%2FdKSw8nfSc50nD4f5vEfsc4ZtLfXowbIzNvYxx3nrVBBberkxvKhQwgj0%2FRZ0sAOlp6oy5xJi0DuQT2y4bww0%2BK35oY3UbwPkD4DQ0vmb3FAFjxpiyRswAa%2BabkVrbMxwc%2BhCVqnNqkojONvL8M5RXwNZ6E6TvFkOHsQ7pMV46NSf2Z%2FkasfqOAjOsSLdLEh2qh8k2KGtXQY%2FSThnV4rGCsbD9WQLS%2BqjvZMzcfvU3cAsuW7lwXC0omz%2FKtQ%3D%7Ctkp%3ABk9SR8D4vv-aZw
All Saints Mens Jacket Medium Brown Jenko Leather Bomber Biker Cafe Moto Racer,99.99,Pre-owned ·,Sold 8 Mar 2026,https://www.ebay.co.uk/itm/257241950741?_skw=All+Saints+Leather+Jacket&itmmeta=01KKBZFQGM9BQWF33WMV9ASSQE&hash=item3be4d0aa15:g:bVkAAeSwRv9pL0dR&itmprp=enc%3AAQALAAAA4GfYFPkwiKCW4ZNSs2u11xBomMsNABg8E9PYdrNCSvwWnhOjXBoMvQ2awjmAoM5%2BXN70OAc9q1VxMdQpmnukQPThrIBe8vSVBqiOP5GXRIZPvAL%2BkM2UyNLCYA68MfrpoVQksZZ4Ogv6LiICA7ozscdfKsQuDBPA41Mkja2DpSUFgsa9BWNxNVd1o74FPBzo4VQL9Y8rbT8YsH5XeBuPxcVYTPBc2vMXcA4efZMJLezirM3xaidKuHzvGGzuqecKpoetczI0FLMEbHXdmSoJw%2BYFbDvLJ8MQJJ%2FfqoJkKd6P%7Ctkp%3ABk9SR8D4vv-aZw
All Saints Limited Edition Neon Pink Balfern Leather Biker Jacket Size 10,312.70,Brand new ·,Sold 8 Mar 2026,https://www.ebay.co.uk/itm/227247134217?_skw=All+Saints+Leather+Jacket&itmmeta=01KKBZFQGMV4FCSF90ATVHEGS5&hash=item34e8fc1609:g:fkoAAeSwXVppY3cq&itmprp=enc%3AAQALAAAA0GfYFPkwiKCW4ZNSs2u11xCMiTCsVPvjKVYq%2BQX59baUGi22YQ%2Fh4EP3t30AiyIF2raPFN2F8XGA88oZ7EovcOzEVHTj6fSVQX7GhqTthXjJ1d0xCam06AO470K7quSiuP18jwjRZNWnA1UVXqFtxcDsQJ27x8fqawnKpxfM6eabom3BxeXUYDdtwwX5f6tUu1qRfkZkLvAcz4RnpkS8llLzNgVYntO1OebxoU1AfStPYA7Mn8aYw%2FDWbENucyGSrl%2Bef3bdV5m8Q%2FXTW5vPFP8%3D%7Ctkp%3ABk9SR8D4vv-aZw
All Saints Men Jacket Medium Grey Leather Relay Biker Cafe Moto Racer Distressed,74.99,Pre-owned ·,Sold 8 Mar 2026,https://www.ebay.co.uk/itm/257388858034?_skw=All+Saints+Leather+Jacket&itmmeta=01KKBZFQGMYFNFDF9VGQ7AFFAY&hash=item3bed924ab2:g:9eoAAeSwYJFpoFrE&itmprp=enc%3AAQALAAABAGfYFPkwiKCW4ZNSs2u11xCQAFNnXzPslRhYThxeCB7TQ9bQdwftHVfPG7e96I0JKHxsiMABEN5TxWjZPK1mR5THXvDsqCGDdeJ9udUhsEIDPo%2FTAhNkUGts5ss5UrwAViobyrmMRCs9ryRRssRI2WKgbtyu35YY8ww9zh%2BRe4O0QfCfOhTMo09Wpuyb1TO9EdsvSeIudOmoosSHq95A98eXV5K7Mwnrsw6axKSaXOFFlSDFVTQwlHcVH6oj9WmGOWJQEh7K1GsITFRtNAS158mT48Do87X0PKf9QHMLLS4MfXkC9vP0BuGM27i1aYOokDkL%2F9plHA43FBr4pyM5e28%3D%7Ctkp%3ABk9SR8L4vv-aZw
All Saints Men's Motorcycle Jacket Medium Black,26.70,Pre-owned ·,Sold 8 Mar 2026,https://www.ebay.co.uk/itm/198146174381?_skw=All+Saints+Leather+Jacket&itmmeta=01KKBZFQGM5ZKPYW3YBHRBHB1S&hash=item2e226eadad:g:Nj8AAeSwxMFpIuLA&itmprp=enc%3AAQALAAAA8GfYFPkwiKCW4ZNSs2u11xBm8tmG6Gha78dz5jSK3XudbPXh9n2HtZGS6ohKQZM%2B4ZNzW8qWTfR1Z6OYRNIyur9QUOUWa4Jl38UOCKmBW6Gjiyg2kavXyDvaRh77CjU137CRKLlQUoYoMX%2FK%2FMTXFzE%2Fw6Q1R112Mh5vzsfjtm%2F%2BpHHLb1zmnq6WBBYrV%2BpiyP%2Fie7Jli0OTdF1q46sVkOOOyzZQ9%2B0%2FjB1XYDsK7%2FWEXFRO3ou6dKTEnft%2FXsFouGqu6ZVBzKv2oKAqXX0PzQP7QeRuE4LL2eXhsBVLgHetAOJSt2JmCsHkhS6xLpE1Vw%3D%3D%7Ctkp%3ABk9SR8L4vv-aZw
AllSaints Women’s Leather Biker Jacket Uk 12 All Saints Black Red Lining,41.04,Pre-owned ·,Sold 8 Mar 2026,https://www.ebay.co.uk/itm/147178479926?_skw=All+Saints+Leather+Jacket&itmmeta=01KKBZFQGMEZN23JA1T2SYA1Z4&hash=item2244856136:g:xKUAAeSwXDBppAMT&itmprp=enc%3AAQALAAAA4GfYFPkwiKCW4ZNSs2u11xCO8g%2BZG7lI5Jpi1owvJNU--hQQFGbihjuA%2BPE%2FXnyQVHG%2B3Vtty01MTAnPv01rr8Y8kmNBjSfTIA1P9GMxxiOMrRlL02SDTqWKRAhWOOsF%2Bx0nQsugHRzEpkQQy9MvRQtz%2BosV%2BgljIgIV3tgVxj9pgb%2FKT4VYVD%2BDl0NzxwHh0J8veNughzOkEhZ7RXNTSeW%2BHnclcHluZPVuyU2zDV9h7wMSX2TT0vuhs4Gp4TeyTTn20rGBJX9aHuR1zZH6UKaNOAlUwzdzohxnG3JnJbuy%7Ctkp%3ABk9SR8L4vv-aZw
All Saints Conroy leather biker jacket mens….amazing Discount for quick sell,68.30,Pre-owned ·,Sold 8 Mar 2026,https://www.ebay.co.uk/itm/267586128000?_skw=All+Saints+Leather+Jacket&itmmeta=01KKBZFQGME4NKDSJM630FMG52&hash=item3e4d604880:g:vHEAAeSw6U9pnquT&itmprp=enc%3AAQALAAAA8GfYFPkwiKCW4ZNSs2u11xB%2FWyJMjetvjDCf8VmbVemwcvYTSydJFPOhjPOOtEw1%2BHYG756ujOyflJ89C%2FUSSI%2B2pZw8mZVxJxcLWr2L5ldwoWlYoWDrAzeUuQ6lp0RAz11Nx8vg2TJrbrOoF5A5K4dh8wkKanp7NjvRsX6W4xJy%2B8huHGByJqdotKtL7V7a34sLkFzFLFItdVuijJczc2fdHlthAek7O4QPZ6HGQbwrBxcKctYtU2dmKNopnIbx82PlgG%2BJjnKnAj3%2BpUXQ9tIwmNEfbrivLBfqk3WUwxdHdUQmltLbwsDfI8zYNvUZtQ%3D%3D%7Ctkp%3ABk9SR8L4vv-aZw
Allsaints Emery Leather Jacket Mens Size L Brown Crinkled Snap Button,110.47,Pre-owned ·,Sold 8 Mar 2026,https://www.ebay.co.uk/itm/267546999886?_skw=All+Saints+Leather+Jacket&itmmeta=01KKBZFQGMQJG1R3HVB9R515AH&hash=item3e4b0b3c4e:g:GRkAAeSwjE1pah6y&itmprp=enc%3AAQALAAABAGfYFPkwiKCW4ZNSs2u11xDW8vAhF1%2BQHD4j%2Fq%2BI2aUgaqH7BHXjDSfKjkmpnkK97LpiiO%2FPhtGnn6c4nDlBQ3MWsw68AZ9vWHmfKHWNDJNB3i%2FXwcXbfVRA1rvvMeHb32PRzWjQlNRPgCOFJy7hzDbff85EOkG%2BicICgSckWfZb8TCbg7s6alCBnHyy6UiMaXpdPl6k%2B3xILRm5L0xalT6VS%2BDfdD%2B3SHJsNXFTY124AhPT3FL1n%2BoKw1uz195dHfRw9YwRj34%2BfI8kpcqZOjNOvVLA%2BWDphxYxYA3kQIMwbz8yMkAS%2B%2BSDi1%2FYwCFRiUrwmY%2FoEnh6RxBP8xknh18%3D%7Ctkp%3ABk9SR8L4vv-aZw
All Saints Ladies WALKER Leather Biker Jacket UK10 US6 Black AllSaints Bomber,99.99,Pre-owned ·,Sold 7 Mar 2026,https://www.ebay.co.uk/itm/267587459621?_skw=All+Saints+Leather+Jacket&itmmeta=01KKBZFQGM0EJXZMCJ52F4H8PE&hash=item3e4d749a25:g:EtYAAeSwDRZopLZK&itmprp=enc%3AAQALAAAA0GfYFPkwiKCW4ZNSs2u11xD51GTns%2FT6d6w%2Fp4H1qIsr%2FixOyojPeNwLH8LOEjp1HPBzex7LakD4TYbkXkjjNZ7DlbP9Jh2L7C1k2plKeQ0h0%2BoMOlQAvv3cAM4l5boEmLU%2BZ%2BKOF9BBIENl4MCBqhmNGzbk20sni8%2BsCJp2I9qwFKqJQQMEif7F9YtCv%2FvCEZ8ZaIdb2O5JVP4igHcsAJeOmT5O8BPqnlI9yVJfTDP%2FO9WiftFPuLdq7W59mMlzkrlaCKACzcrIj%2B8QYY6DJxE%3D%7Ctkp%3ABk9SR8L4vv-aZw
AllSaints Mens SURVEY Leather Blazer Jacket MEDIUM Grey All Saints Biker Biker,149.99,Pre-owned ·,Sold 7 Mar 2026,https://www.ebay.co.uk/itm/306787671685?_skw=All+Saints+Leather+Jacket&itmmeta=01KKBZFQGMTYH74Q67FHC37MKT&hash=item476df85e85:g:o-gAAeSwdDVpb13R&itmprp=enc%3AAQALAAAA4GfYFPkwiKCW4ZNSs2u11xDbgQsUO09P5DZuWhimyponYEMpRtoRQYals4r5UAG4BwRNJV9wvZsjxx4i5%2F4ccYZxomXuOOf3dL7ifw8SKPp84oJygxEFEMFrOIL6UtAJ3necuEq%2F3K9AXJNF%2F40gv%2FoP2nzdj%2BoDHaJtFRNptv9sBQ%2F5T3fco6j72fr8dmUX58CJ3%2B%2F9Y%2BSv%2B7Z%2FZUFATOaE2YKlAIo677OikhUPPTJjzNvqXMkbgzc2xMjJE2v6jHj5CPoI09mGna7rtS9gnc%2FWfg8rTiv8fB%2FJDVfJZnAk%7Ctkp%3ABk9SR8L4vv-aZw
Ladies Allsaints Brown Leather Biker Jacket Size 10 CG K06,25.00,Pre-owned ·,Sold 7 Mar 2026,https://www.ebay.co.uk/itm/377004156875?_skw=All+Saints+Leather+Jacket&itmmeta=01KKBZFQGM2ZMT11QXGT328J3M&hash=item57c732e7cb:g:yHQAAeSwD3hppfGk&itmprp=enc%3AAQALAAAA0GfYFPkwiKCW4ZNSs2u11xBCm0tswT5MlFiAGdA%2FF1n%2F9UwqfsTzZCwWuh0snkW9CiXf%2F6BTh%2FaLtdGLWboz06%2Bj%2FSb%2Fkq9usUJFEhlv9esmi69eMokXiO7bGGe5b8wq%2BqBRUc%2BvxdDj%2FIgj6DkuSlgz%2FzIiFwRmaywFT9bNuPElTST5j%2FfHfhUatcEme1TbURcPjU4PEC4JSd%2FUkXicXfKgi46hwtm9wFeRryCHanYXO%2FekryBst5cJSMv3Ffy2aJroZbs9Qgu%2B2YpIp967AvI%3D%7Ctkp%3ABk9SR8L4vv-aZw
AllSaints Swithin Mens Leather Biker Jacket Size XXL Black Excellent Condition,167.10,Pre-owned ·,Sold 7 Mar 2026,https://www.ebay.co.uk/itm/366148924412?_skw=All+Saints+Leather+Jacket&itmmeta=01KKBZFQGM8X4YW2XWHTPJRMA0&hash=item55402d33fc:g:S6YAAeSwvcFpdc6D&itmprp=enc%3AAQALAAAA4GfYFPkwiKCW4ZNSs2u11xAn7tCyFq9toFjl4NA0h9NGGj886fLj89gnXcRnwo1GKrPF8aEBFG8Lp3Z4Tdnp1Ho3bTWDM5YP6hReqcoNmpMGMd%2BZFjmXIZnWvTpD8OsoJzU7EXAm8Pr6N4%2B67EgAkJlSPU4yAHXgw7lh5bmekZxIOJMNThbw5PMHfdZZxsoJuZ7JaoxVnkb%2FtwY0AHR7j57lskW7IkBAkqf3KMTR7nr0oG4QBwD3Dukz%2BveR2LNBQ%2BccTh38aZI0xXTPQwQG5SQ12Wu%2F2mwV3n%2FwQs7VpsNb%7Ctkp%3ABk9SR8L4vv-aZw
All Saints Black Soft Leather Jacket Men’s Size Medium,33.98,New (other) ·,Sold 7 Mar 2026,https://www.ebay.co.uk/itm/377016183748?_skw=All+Saints+Leather+Jacket&itmmeta=01KKBZFQGMC7R7XQ9GW7TM9Y75&hash=item57c7ea6bc4:g:05gAAeSwkXJprEE-&itmprp=enc%3AAQALAAAA8GfYFPkwiKCW4ZNSs2u11xCKc0uPCaTS2u2lbfOb4oDzOwTnQkJyloHrfhfXL8NA5n1OCGfdDqMD4CxH4XE9Jn3eR8nTPV4BlPeIBDD9TkIhhIavuEwH2h2Kh9rNK0Xu7AuDRifnw18M754mbjVUVyNNqj9Gi6VvtHIEU2A5KEzXDj2%2BopsF%2Fb4X6srw9BQDW2A8%2FwwA6Qy1FkV4Fy%2B%2FZG%2FoqV10YgzFM%2FxgEnpnCKMFO1QTFwStmC%2BlhJ3saO6tX96hJeVRPsnJkMpp5BTstTrhiBHzCg%2FO98v9iqh7D4UnsNTGIK6ush4OYH%2F3nvfmUQ%3D%3D%7Ctkp%3ABk9SR8L4vv-aZw
AllSaints ‘Kino’ Black Leather Bomber Jacket RRP £349 Men’s Large 42 Chest,99.99,Pre-owned ·,Sold 7 Mar 2026,https://www.ebay.co.uk/itm/306758193499?_skw=All+Saints+Leather+Jacket&itmmeta=01KKBZFQGMPNKGCHTV20WASJHH&hash=item476c36915b:g:bN4AAeSw7GdpiLK7&itmprp=enc%3AAQALAAAA4GfYFPkwiKCW4ZNSs2u11xD3K4If%2BTugvmsdAiRuQojXCrZrIRhfn4gUkcaUBPr%2BxRMoVjcu6w73ueIvjZp3Fcr7u3IhNd2jkchVNCkPQ9LX6GZxg3IYjRAuClnwtPVuKZmWsngSdznkkBUAbb2nW3YnMMK%2Fj73Y6NGQTlg8LKu1hUP%2B4sTP52KKShyYjaI9AMraSoDuTuIhLvPrNq0OIwRLbOCmc4W6tGNcZ9Tt%2FCf3baHJkLsYk%2FGS20BnwoiFmJCx%2F9eu2EkYArr9R%2F1hi0iuxg9c79CYMt%2FfKenNciQc%7Ctkp%3ABk9SR8L4vv-aZw
Mens All Saints Black HUDSON leather Bomber Jacket 2008,31.90,Pre-owned ·,Sold 7 Mar 2026,https://www.ebay.co.uk/itm/389694480350?_skw=All+Saints+Leather+Jacket&itmmeta=01KKBZFQGMHP1S8TY64A1SW87M&hash=item5abb99dfde:g:ubUAAeSwxbxppvFa&itmprp=enc%3AAQALAAAA8GfYFPkwiKCW4ZNSs2u11xAjuamJ6pc9S9sIxySUWjxTs0a0H0i1KlrtQQ7qE8NsmdpR9jDmbwGcFACtBjFtZYGbCb2dSbVPDh3nBs6YF%2BhL7jvJU5WjU9iJHKFn2E0PZv0%2FymKhH1NT58BHIgVz9uPmTwjrQ%2BwaK964qEFIwx7VzQANbpg6bwcswETBa4FYmGP7xyEQgOo5j6qcogyh0zpSy9kXolvAtUHfokPuJqqWFJ5GrwYhD3NyU00Hp%2FBVCceKyDU0Qx3n5oIrUdIb9W%2BeIDtTYV99L0R2CnJ%2BdMI7GHBoq4nKKvyp4xU%2BiNF5cw%3D%3D%7Ctkp%3ABk9SR8L4vv-aZw
All Saints Black Leather Jacket XXL,38.87,Pre-owned ·,Sold 7 Mar 2026,https://www.ebay.co.uk/itm/277780257627?_skw=All+Saints+Leather+Jacket&itmmeta=01KKBZFQGMPCJEE3SRH53N4TD4&hash=item40acfe5b5b:g:y2wAAeSwFxxpqzIC&itmprp=enc%3AAQALAAAA8GfYFPkwiKCW4ZNSs2u11xCPWvqaJZwQoJ6dD%2FiyBwGmxGNCFGrV3rtmHBMunQgLuG6zMX7hE1DCNxnrpxZK3I5i445vBQ6KfvNp4%2BqJSZNUn1qd2PQ7m6z9k0FnAD%2BcImRvWRwV2Bus9O5Ev%2FyuP5aR0aJR85basGXwt63QxQDEXiy3jr%2BB9J9NpeYkoAzTVXGjt8A8ro8meR9LPKRE%2FFW0WvVXqnzYemn5btvtArvttCe%2BueJomWBaKD3%2FWy%2BDqFMgTXrCtoxzf1hEiHoSsvpSWtzebAwkyMu%2FsoE3LYeluQhWL7HbWOROUjxrZ0SGzg%3D%3D%7Ctkp%3ABk9SR8L4vv-aZw
AllSaints ‘Conroy’ Black Leather Biker Jacket Stunning Condition RRP £399 Medium,119.99,Pre-owned ·,Sold 7 Mar 2026,https://www.ebay.co.uk/itm/306771950938?_skw=All+Saints+Leather+Jacket&itmmeta=01KKBZFQGM6AA4A3JCG12HZ80A&hash=item476d087d5a:g:xwwAAeSwzl1pkcTz&itmprp=enc%3AAQALAAAA4GfYFPkwiKCW4ZNSs2u11xDawcXO2HVaE23kVGjdhnxgpI6gayVxpsq70UKUH2LFTk7lt6j%2Fi--FLIBXg9nLvOksjCrr8%2Ffag1y6d9IvyR5DLvxm%2B87gcXDnYUDBB7i1ItWbFBnmsJnTEgOoQ7s8z0EqLXyOPFhxUVpbXXgzlSBJkBUno5mDfuLhuIF0rm7jr9zmLBEPDO7VsCiUq8RDA3p1V96N1%2F0%2FTuxSu56y%2FAZnp8AXBdycr09GsQEBxu4DimRtYUysao3ZXOdE%2BDAc8dr6VR852L0MBJBL7ayTCdbn%7Ctkp%3ABk9SR8L4vv-aZw
AllSaints Women's BALFERN Leather Biker Jacket UK14/US10/EU42 Pink,47.50,Pre-owned ·,Sold 7 Mar 2026,https://www.ebay.co.uk/itm/277762351144?_skw=All+Saints+Leather+Jacket&itmmeta=01KKBZFQGMZS4W10RY0ZZREHT0&hash=item40abed2028:g:VsYAAeSwlGBpovLK&itmprp=enc%3AAQALAAAA0GfYFPkwiKCW4ZNSs2u11xACUMIF%2FfxSHRsQOgRmr9A0zrSadaM8QYrUIYQRS7AxtchWnpncXdE4eBm1uYi9E5oVAV4S5GNro8ipv9SQpbxmAu8Y5c5MPkKoazoHXhIeW9ATTaaleuvAevl5dT9IwqEW3%2F3NVmsfB6k0tLMSOU%2Fc3nBFNvmEMJkGeyIjeioBWCzp4O7Zpzfl%2BsnadR116AMYgMgDYXndKJBdlB7d4bePIlfm6BI%2FqTePenOgtZZDiAvnh9vsVxGWThOr81H1Krw%3D%7Ctkp%3ABk9SR8L4vv-aZw
mens All Saints leather jacket size small in black with hood.,186.86,Pre-owned ·,Sold 7 Mar 2026,https://www.ebay.co.uk/itm/257118624339?_skw=All+Saints+Leather+Jacket&itmmeta=01KKBZFQGNAMY32XES93ESXW2R&hash=item3bdd76da53:g:V1UAAeSwqwpo0ULE&itmprp=enc%3AAQALAAABAGfYFPkwiKCW4ZNSs2u11xDa4EAO395oxFLil1W10CeD8chHG11z8hdQT6RK%2BM%2FNezvP4JCQJParK7GFwSCxqSHxYkkxsz1gaobqmJ0vHJvOd%2B%2Fw58%2BPNpcempYq5NW63TPJEMk%2BSclzaHAiM9Och%2Fya%2FEBfnd1NpRp%2B5Bg%2FzyWx6Vka%2Fq8c1IgZ36NfruBWY8PyC9JnxwWIFVD6LeFbjsaI0kvkaiZogaft3iGz1QwoNcPktdyYS38QW%2FWpQIvmkPb16OZGLEavXdOT6lDvYNKKFkVrjMgtORfopcwuEVW3wy%2BxzpaSc3Z4SnjUUVK4f%2B7d7P9lXaVmwhhFeySE9co%3D%7Ctkp%3ABk9SR8L4vv-aZw
Shop on eBay,$20.00,Brand New,,https://ebay.com/itm/123456?itmmeta=012DEW30YG0MEEKND7NH&hash=item123546:g:acwAA9KNiJowH:sc:ShippingMethodStandard!95008!US!-1&itmprp=enc%3AbgepL1tlUHjMGCVfSTGJh%2BzsVKeJ3CQk7NizDI4BZeppuFnmyS6Ijyp8lh%2FnEw%2BWqO7uTV1Q6izE1R0T54aV8j71F4xlWfVcGft4%2FiOQhtqVXA1rW6M1atPARQRmhqUxtEPJKhKtSFgI%2Bvwlzb0GwVCtkp%3ABlBMUObkmabpYw
Shop on eBay,$20.00,Brand New,,https://ebay.com/itm/123456?itmmeta=012DEW30YG0MEEKND7NH&hash=item123546:g:acwAA9KNiJowH:sc:ShippingMethodStandard!95008!US!-1&itmprp=enc%3AbgepL1tlUHjMGCVfSTGJh%2BzsVKeJ3CQk7NizDI4BZeppuFnmyS6Ijyp8lh%2FnEw%2BWqO7uTV1Q6izE1R0T54aV8j71F4xlWfVcGft4%2FiOQhtqVXA1rW6M1atPARQRmhqUxtEPJKhKtSFgI%2Bvwlzb0GwVCtkp%3ABlBMUObkmabpYw
AllSaints Black Men's Leather Biker 🧥 Medium,52.70,Pre-owned ·,Sold 7 Mar 2026,https://www.ebay.co.uk/itm/168193858143?_skw=All+Saints+Leather+Jacket&itmmeta=01KKBZFX0Q1GG6NKAPNVR60XBH&hash=item2729229a5f:g:mtcAAeSwy7Fpfd7I&itmprp=enc%3AAQALAAAA8GfYFPkwiKCW4ZNSs2u11xCPxKVV9gtSpxAGc4%2B3J32hT%2F9RZ37BsCZRddDbdYklRqnQTk%2B1fquY20ThXjdvViv%2F3Mbl5Hy7q%2FSDzK%2FitlAxBm9ama7KH2Sw8ts28hz8gC0c9A1ZF%2BtFGFdEK%2BVB54CN7LJamu4%2BJh6v2%2BGN%2BHDVXqdsgH7jTiz09GFDgADEQ7U23Vw%2BlllEiph4A7rZmHZ%2BnF1zHQ55t9GmJxI8sh8%2BfbkXKZodiGJcdgvWR4Zi0iik%2Bqn%2Fq92%2BsprK1PG%2BEpkut44YdLOtuJ4IMO6jleA7kivD90DgZ4bNPgCfbGteOA%3D%3D%7Ctkp%3ABk9SR9LQv_-aZw
"Men’s All Saints Leather Jacket With Integrated Blazer, BNWOT - Size Medium.",135.00,New (other) ·,Sold 7 Mar 2026,https://www.ebay.co.uk/itm/168197321526?_skw=All+Saints+Leather+Jacket&itmmeta=01KKBZFX0QBG43GECM6D0GPHNQ&hash=item2729577336:g:jB4AAeSwwhpppF97&itmprp=enc%3AAQALAAABAGfYFPkwiKCW4ZNSs2u11xDujnSOtVFa8MYIxFraBcvIjOEBo6e6c%2BjHBJ%2BuAlDOxu%2FYWuzGA6VEIE%2BhUdJ8M7K1O8oxJUK0nPmtGtKglerUXqfvro6E%2BPykG8a%2F7hUQDbGhNosYhsHfnuBO31LeGzBrPay%2BzT7HxaYJtpaYtGijDV6H%2Fqp1OfklxWJA1z1RC%2BdyTwvJ1Vol3MOXhxdy8z3XTV7%2F8qmLH34ATfv2NJ3Hi7pawMOzw7QA7LEMbX%2FldzEhsNBF1461une6rWbOnkOg6Z77JkL4w%2BP7do8jdHwqnn2%2BCHSDzgB6Bc49znNDLk19%2BE9ZODIe0ensgt8lQY8%3D%7Ctkp%3ABk9SR9LQv_-aZw
AllSaints Papin Leather Biker Jacket Size 8,63.59,Brand new ·,Sold 7 Mar 2026,https://www.ebay.co.uk/itm/227235827945?_skw=All+Saints+Leather+Jacket&itmmeta=01KKBZFX0QFAHJTHFDP1NQTS7A&hash=item34e84f90e9:g:vWkAAeSwra9posww&itmprp=enc%3AAQALAAABAGfYFPkwiKCW4ZNSs2u11xC9%2FS5XZbBlDrfTVf07LC%2FuHH7Mxj0%2Fg22EaVsD97oPH9ZUtOWz7S8dYsmLTzIQGXLxp5g1HmtJfyaPLmNKldCkLc3%2FYaLaYrfqBDNB131fCjXmzK%2BJHzeSCPQw%2Bwjt5IGe8Ax0GYdRSMAoaTLu%2FLvzVdCmDH66SWmjiUAD9cX1TtDJOHuxR4gcItkREduCuMQm4bLl3hqe305CJieYzDRYKl8g4aGJW5Cr9ZjXxbUdeCAnkSb1GMnuxconeeMEhbpiHTvVjqtei8%2BmUj57yFvTXrvOVZoPXI3wl94rKciJDbPsovQBXnFTrxQU4i212w4%3D%7Ctkp%3ABk9SR9LQv_-aZw
AllSaints Black ‘Kino’ Leather Bomber Jacket RRP £349 Mens Small 38 Chest,99.99,Pre-owned ·,Sold 7 Mar 2026,https://www.ebay.co.uk/itm/306784495058?_skw=All+Saints+Leather+Jacket&itmmeta=01KKBZFX0Q27Q1FCV9ZJ3HJ0WK&hash=item476dc7e5d2:g:VtQAAeSwK~NpmuOa&itmprp=enc%3AAQALAAABAGfYFPkwiKCW4ZNSs2u11xDPQohrtN3a35qP8XNX%2F6szusrX4Z6uGCWVpKUtX8ANbaFhw2snZ1TOVVOpmxHAXH8o4pvXqd0a5TrfIJcUdqmIp1swP1U4hHXSqNlnvhGNimaHKqkDWqiS041LrPIAXdMmliQJ3D7Jwa1P6ScW%2FbnSVH1ld34RM0V4RdFxXuB3aDjb1g0jptytxURqaaW7QAi7r5a%2FIe72P1Z5sOaXH4sqKPHhc8q%2BkMUa9XObT1qMaGCUY4MCculoBVawSbyurt7YKV27O7gbBqTVcvUjH91nvwfFskdMsnINRw1kxa1n4PH99TUm1h%2FELxwVwXjrHX8%3D%7Ctkp%3ABk9SR9LQv_-aZw
Black All Saints Leather Jacket Size 10 Perfect Condition,90.14,Pre-owned ·,Sold 7 Mar 2026,https://www.ebay.co.uk/itm/377010739309?_skw=All+Saints+Leather+Jacket&itmmeta=01KKBZFX0QBK6SXRRK4KHMJNSG&hash=item57c797586d:g:2cAAAeSww-VpqWBH&itmprp=enc%3AAQALAAAA8GfYFPkwiKCW4ZNSs2u11xBSyxB61TXsbrX7mMwI%2B8iV90fWy7NqXrc8DsB6926sVaHfojW0DlRuSYFyRxUZBu2G507Cb6wyVf8jQAi6yp7leWKAucjjMLL5Wfj0OpFscP5ADfOrg6hQ3zA2TH3MOy8hY195FhyF8XZJ%2FiFRjBDuzL1Wf%2BVzhLnOs%2F0IOxarX4IGI%2FGcz5rs6ksX6B0u0XyGncgmr28F%2BCC%2BatEdQQxyv6a96mr%2FOE2vHfmu0O8OGafulNVvlS0Kmc9sZrdG2WbISHSadJMnl4g7L6nX4CQzrpwr6uLDDsekNuKlQY1dZQ%3D%3D%7Ctkp%3ABk9SR9TQv_-aZw
All Saints Mens Jacket Small Grey Leather Blythe Bomber Biker Cafe Moto Racer,129.99,Pre-owned ·,Sold 7 Mar 2026,https://www.ebay.co.uk/itm/267477855652?_skw=All+Saints+Leather+Jacket&itmmeta=01KKBZFX0Q5VGG4Y3E1F7V1D82&hash=item3e46ec2da4:g:kacAAeSwVltpG1AP&itmprp=enc%3AAQALAAABAGfYFPkwiKCW4ZNSs2u11xDhzM9m7zshxWg0GndHx76FvfR7Dx5HhoeKXRWCIG2Wc8BoFZ6hg%2B0S5kxQTILLQGT48J6YPu4MacUQpVIQaPVwzm6ydhUB%2FyvwQfGZDsimj1TfrB8ZXSzKUWMaL%2BaL5zEjxB%2FNkKSMRuIxToFtHYGHfhSA6yc3te5kgWWGR%2BgDGNoko9XKzXVv1yfbaArwhDvW56076%2FFf0btHpbRVdoEvfh%2BSWJde12da%2Fl8PwL8zH4Lp8XpBU1QMpK6L5ofsch8KfqSnTMhOFYP%2F5Ktz3YGDkdo%2FscGsCRxnA0bvfI1lZ8da9tLbRHpk7qdn4d01GXs%3D%7Ctkp%3ABk9SR9TQv_-aZw
All Saints Kaya 100% Leather Jacket Size:L,208.69,Brand new ·,Sold 7 Mar 2026,https://www.ebay.co.uk/itm/157496313193?_skw=All+Saints+Leather+Jacket&itmmeta=01KKBZFX0QC542F5B319BT3W4G&hash=item24ab830569:g:5UUAAeSwI1BpJD-G&itmprp=enc%3AAQALAAAA4GfYFPkwiKCW4ZNSs2u11xDhJxOQ78SctXU7Duv2P9Xby4loea%2FX%2FvIAHmw%2F6s%2BuiWtsMb0TJgSqAgIUafydTxqrdz7sbUwKD%2FnfEWZSaThpeWjo2qCjT%2BdMqZZZ242%2BLZo5nTmJdCQLAHhAL%2FSeiCZTRcfctmDZjRtoB5uYKlRZIdgH9H111uJnUKpasLS8ziXX%2F3RFV61qf7xlA3GfOUW%2FtzNdNB%2Fn39lOY%2FnsLrs3PrppJC8JkGmSxFLaF5Ls12tvjN%2Bowk5CZTVCzMAVX7C%2FKSa7y4GP1SgmAed0lpBu%7Ctkp%3ABk9SR9TQv_-aZw
AllSaints Eline Leather Jacket Size S,125.50,Pre-owned ·,Sold 6 Mar 2026,https://www.ebay.co.uk/itm/306752650953?_skw=All+Saints+Leather+Jacket&itmmeta=01KKBZFX0QDRM5RD6HJZSKCQNZ&hash=item476be1fec9:g:8aoAAeSwoRFphQzS&itmprp=enc%3AAQALAAABAGfYFPkwiKCW4ZNSs2u11xC6kjydL6YKFfVGldNTc4sKXxhDE5Y65c9brfzobaotFUti8JdmzfRwCeTXgRlqVm3mpTOVLlaO1v8brmKmSlqf%2BSZSe7mD7mdpoFrV3yxVAQdTnZLItjECctuOpKWBnRE7kBWcZplVC7qLldRI40nejA4hZLwpOdNvZaRDg3IWcaOOSLqT4bvq5FqmrkMEOdpyxTpqGep2qXFefLzOF2MQrjYwrDZmmtqNZ59SvDkQdIfU6rPDYqCH6ueB0Eo4vk7UfgEOypsN5J70uVWUfB9YieR3JzaUuQr8rnwV0a79buU8aN7KXjJkVRAVrHT%2Frbg%3D%7Ctkp%3ABk9SR9TQv_-aZw
All Saints Mens IKEDA Suede Leather Bomber Jacket MEDIUM Green AllSaints Vintage,52.70,Pre-owned ·,Sold 6 Mar 2026,https://www.ebay.co.uk/itm/236659054385?_skw=All+Saints+Leather+Jacket&itmmeta=01KKBZFX0QCXN1QEPGRVR7FX2Q&hash=item3719fa9731:g:yKsAAeSwKsNpfRN9&itmprp=enc%3AAQALAAAA0GfYFPkwiKCW4ZNSs2u11xBNYArVckx6WegCLGU8LlsPnmvrtl1jag8PEBCyUR2Is9gL8uurGHs0Vqs7zllFokdRWUUaiqKKFvTpmlX2QtuNR%2FtzwgrsUYL5VjcPi0tz575aeVqxIIISOqmOvL61z7vO9tpR1PrUoZFt0cdzegLZLAuzukZfuVAaQUTPJ0ShMb%2BdLJ6N41opQhdz%2FjCfpmqUFw0QQA3hq3EVgggWIC1eB9arFzzIkxeH2BmyM0%2BY4dtXlOqgP6OS54rsmnXQhZY%3D%7Ctkp%3ABk9SR9TQv_-aZw
All Saints Mens Pure Lamb Leather Indie Baston Black Jacket XS,17.99,Pre-owned ·,Sold 6 Mar 2026,https://www.ebay.co.uk/itm/257392564752?_skw=All+Saints+Leather+Jacket&itmmeta=01KKBZFX0RNBCFM3T9TG33QNDE&hash=item3bedcada10:g:vksAAeSwCONpqaAM&itmprp=enc%3AAQALAAAA4GfYFPkwiKCW4ZNSs2u11xCv61EwVcbU43le2Z7qVt8FmDr6vwvHlzXNk9%2FNddKUczmuZ2US2dpVNm3e6zds5pT%2FXRf0bfF%2F46xn%2FGlNPe0L%2BUuyrOkrhBb3hpmNBujQt6zAs1TH08lQIJr2IISq6QtulcqAe3bRF6s50gGgyZna3i%2BFnDYC2SBPyvzwIQGsV%2Fg65XcrSSerOCoELeAnpduQdmCHjCDp2Ke4oOzBo3pV90aquzFXc%2BnNx4XT2BSzkrRuo7G1dhXSuDNPquWQhbrYBm5T%2BDfEslKyNeV44fSg%7Ctkp%3ABk9SR9TQv_-aZw
AllSaints Men's Leather Jacket Blazer Matrix L Great Condition,156.70,Pre-owned ·,Sold 6 Mar 2026,https://www.ebay.co.uk/itm/336378949488?_skw=All+Saints+Leather+Jacket&itmmeta=01KKBZFX0RC63C94EWH07RMP1K&hash=item4e51bf6f70:g:ihoAAeSwJjxpXnLQ&itmprp=enc%3AAQALAAAA4GfYFPkwiKCW4ZNSs2u11xCo6V3cz9lNmWJZYSECdT5ozzclGO1M03A4Pe8K2IyBMY1UCk7jiIHm4Vf8eE1OOiPfabOqFQNeZyxu675U%2BZQZJy3m58WcOVBlu%2B%2FiYdHlmDTJhRj6gEp3otKcgTaTojiTE7MMNUfRBTanmDbeFPKF9G0V6WWkY1MBKQWw%2BDC82IgRXCdI2q%2FWzj8w5Bm5r%2BsResHIxKvEV4PGD70p0dZnGGkQ9x2YVaUpdeHXrh1aBKPmK3uzFiOAyVk3cHObgKxm9XHv2iXmM7IkzlzNPCH%2B%7Ctkp%3ABk9SR9TQv_-aZw
£349 AllSaints Size 10 Leather Biker Jacket All Saints Immaculate,39.00,Pre-owned ·,Sold 6 Mar 2026,https://www.ebay.co.uk/itm/147169154363?_skw=All+Saints+Leather+Jacket&itmmeta=01KKBZFX0RCT35Z42MZHASC666&hash=item2243f7153b:g:dm0AAeSw0SJpnNFW&itmprp=enc%3AAQALAAAA8GfYFPkwiKCW4ZNSs2u11xC1VkZO%2Fj63dBbcDwpIEwQwTOOgx9Q4pRe6LyfUWe4fo%2F2y9WkWy0JQi%2BG9%2FQee8rQ4Cdj4sT8r0YEfh0Nme%2BJTKcfI2Z1S%2FPNLzH%2B7iHMxKj6vDo6mAYgnKpTJWxBM4FRyc%2BkWQ7wi0NKaiKzVHJ1iNTBG3gwdHyo0dRyrMue6ZxEoAhAfCIfBxTXvxdF7A5xHxAdk6jfWmwHSrEuqwIe8b8xgeCOaVV5wkWoBJ8EuPRNA%2BGNrfoopKNDoXNsRTsq%2FqCXHiBTinOqTc6lNEUz2VIDm3HQ0pOygTHhpZRVWwQ%3D%3D%7Ctkp%3ABk9SR9TQv_-aZw
AllSaints Men's Leather Jacket size XL Brown,52.70,Pre-owned ·,Sold 6 Mar 2026,https://www.ebay.co.uk/itm/287168661042?_skw=All+Saints+Leather+Jacket&itmmeta=01KKBZFX0R9Q4KJXR0Q16QYZPH&hash=item42dc960632:g:QUAAAeSwN6dpmJwc&itmprp=enc%3AAQALAAAA0GfYFPkwiKCW4ZNSs2u11xDPIYGloaOLB%2BhhdGs72PbSqMZKMsjx780uzt2LCnNorUx%2BmpzxTl%2FDkB4zbC8RaGiKMNoO87nzxlOciMzwCs8pD3ryXsMh7O6PCov2zby%2B1UpDcNT%2B8fm3Yly%2FQ1N8uPIx1SaMBlJAXQQFDZdQQe8NvZNFiFRDxFvzSFTjlFNFAPjYY%2BOOjs3IXf6hW3k0dm%2BY1um6VNBlsdkgrH7tC%2FLbNc1rWYHljYxxWII5ixNU2V92DViRQsaEQQrpY5tP3js%3D%7Ctkp%3ABk9SR9TQv_-aZw
AllSaints Mens HARTEN Suede Biker Jacket SMALL Brown All Saints Quilted Leather,52.49,Pre-owned ·,Sold 6 Mar 2026,https://www.ebay.co.uk/itm/366124358953?_skw=All+Saints+Leather+Jacket&itmmeta=01KKBZFX0RN2VMD9PB05H99PDW&hash=item553eb65d29:g:9agAAeSwboRpZ78p&itmprp=enc%3AAQALAAAA4GfYFPkwiKCW4ZNSs2u11xDUbbHO5Ggt777RUkfHtOo1ZPr66wZXPHmfv6Zn5A%2FfvKrPNI8GqcxUjJYT7udjkxRrXvdAprJAw1qhTb3NdRbM6d1p0jbhKmRQWZGdS8Qn2L%2B2A%2BkryDlGMBb9PTV37XFBfh3ArzcoSZt0NScqE8%2FBFy--RLCUjhOGBAkXqPHrMriCIhtx2Z1Dsi6T5BbqyJZWyunJdzbPwvLPqsVGGRvaRzRufcouCbJqsu2VdigYQt%2BJIXlvTN6aV8yN7OVcFT5QCrx3KatRduPQpvUx8CnG%7Ctkp%3ABk9SR9TQv_-aZw
ALL SAINTS Bomber Jacket Leather LARGE Mens Grey TROY Biker M/L RRP£369 BNWOT,109.90,New (other) ·,Sold 6 Mar 2026,https://www.ebay.co.uk/itm/177481417150?_skw=All+Saints+Leather+Jacket&itmmeta=01KKBZFX0RQW67A8Z7JBHVED2Z&hash=item2952b781be:g:4fcAAeSwDwpo6jgC&itmprp=enc%3AAQALAAAA4GfYFPkwiKCW4ZNSs2u11xCIWACNUkoqMjltrMzIoZVhrWpbTcmS6DE9Iq1UfDWqdGWALVJjzS%2F7Wl0jj8zYIihXGBdmXDTxdN%2Babx5dazNzw2hRugBrgQVrpFtD1YYut0sJlwH495F44xYxPJw9YVRQklnbWsOdhUOWb9iLUvE5jME0zt%2FtFcrvPwJMuwl9pksocwFiHApYmMwBDFPljvDvEp6CVcSY4X%2FaUzM5LwsNHVfK%2Bbc9fUDcQlMmePdWWwVewMYYotJS%2FQgGZ8lHn7d3zYXoM8Jfp2t8ZQoxzWLD%7Ctkp%3ABk9SR9bQv_-aZw
All Saints - Petra Puffer Jacket - Metallic Silver - Cropped - Size 10,54.99,Pre-owned ·,Sold 6 Mar 2026,https://www.ebay.co.uk/itm/317962590449?_skw=All+Saints+Leather+Jacket&itmmeta=01KKBZFX0RA21TRPX701JVXF0B&hash=item4a080c18f1:g:zXEAAeSw6~tpqtDW&itmprp=enc%3AAQALAAAA4GfYFPkwiKCW4ZNSs2u11xBFhon%2FNhXEweKWJo6R4KCNitHYt5nRMhcW2DKW%2BDdFRckxbPJP4VXS%2FTq8i4HZZyBr%2BBkIygTR2Q6kQlqKNyI%2F0qAjYfpWte%2FWvzbgKnLXVXFc5jaJWXbEW5JxIdsgkXP2uGGKpfT8eMjQoMPYCSuVffKvmrOx8u0TSWl%2FYcidwV8nbWeeOp6XUaYydVI%2Fj1oeyRaYpqdPJhJJUuXR0MhvdyrW3DxMJxyeco3iAjYXkfCvmgQHc6JF7fPZ4NtLJ0eDOTa6vJJ31x4JZYnvghTD%7Ctkp%3ABk9SR9bQv_-aZw
All Saints Leather Jacket. Rosewater Pink. Size 10.,88.08,Brand new ·,Sold 6 Mar 2026,https://www.ebay.co.uk/itm/127708088741?_skw=All+Saints+Leather+Jacket&itmmeta=01KKBZFX0RD0XQ8GW07QMQ16HJ&hash=item1dbbfec9a5:g:Fa4AAeSwgb9paiEQ&itmprp=enc%3AAQALAAAA4GfYFPkwiKCW4ZNSs2u11xBR6ZoxH%2F%2BCJEBQBcrz7WkyO9Tv4wqIa0tTNnmZIE%2BVPXiptc6ZKlG%2BS0rxgPOcJfreFLz1bPrrEKFxXmmYGtzShXZ%2FXR%2FN03Z3qpmSq%2Bkg2RlLfWbUTYw%2B66SFq0aU%2FzwOU57i8CGWn91X5BvgiyJABCZGsrfbacx13Rs11Th5CyocjK80KTGVw%2Bi4uN8%2BwzOxBhmKdB9qXxBs1xcQ30BDL7nQ0opQKOjuy%2BVebUQsiW39ty4YZ35aradVxFflRq561Etu2OsoOtC7vAXHBB%2Bz%7Ctkp%3ABk9SR9bQv_-aZw
"All Saints Cobb black leather puffer jacket, mens XXL",90.00,New (other) ·,Sold 6 Mar 2026,https://www.ebay.co.uk/itm/157717931774?_skw=All+Saints+Leather+Jacket&itmmeta=01KKBZFX0RJHZAFEYGRR6CYMV4&hash=item24b8b8a6fe:g:mncAAeSwVrFpkeOL&itmprp=enc%3AAQALAAAA8GfYFPkwiKCW4ZNSs2u11xDChUkcMnM0zOMTM%2FJhqZ8Rjzgef3rCdtsXsHtY8%2FA2MPAAXXYQzb9ZT4NJqEY7KJce%2BUZfyazk5jBFkOTIUMtXwobz38q9l6l3f5dAZVA4%2BOWBvTLdbYJmqS4lTVBC6i0mNKw4ZH1nbkRKXSjsNV3UC6uiCX7L7%2F6zsUSVMjO4ZFpG0hZkn38q7NWJIBxRX0fdOFXtePPsLhBGglDpR78UPpXMom9bsxaR9fNJMsr2N%2FcyLQe--wS8o4gMlKqz8ooQNAGP1SP6Emu9GtQ0VN0Lh2zhzvtBga3IsF2kbljz5A%3D%3D%7Ctkp%3ABk9SR9bQv_-aZw
AllSaints Bales Leather Biker Jacket size 8 NEW,161.90,Brand new ·,Sold 6 Mar 2026,https://www.ebay.co.uk/itm/146989998784?_skw=All+Saints+Leather+Jacket&itmmeta=01KKBZFX0RT74DJNCSG9H24REA&hash=item22394962c0:g:EFoAAOSwAsNnasDt&itmprp=enc%3AAQALAAAA4GfYFPkwiKCW4ZNSs2u11xC3DwqVPQWCPi3Z64rNrDEim7L7MyVEl8fn588j%2B4OUB75I8PK6w82LZHVVVDzI8IdVjRp%2BchmXJ1WbikSEzjcI%2FooY1UabkZ2nvAUZ5Ong74wR13P9gNX57Hrp0GgT6I4jf5WurQBLUs815JpkWQ%2FluFoYR1zSuc5wFC919aKVvf7DUir8Buwi%2Flv78VXpyBwHKhqL6Jpo6unzwwz9inQMZN%2BFYT%2FXv%2BLEwZ0tLvc2BCH1SYN0V5Ia2hEC4rTBa7ztp%2Fmge1BqFXxmwDgAFcMH%7Ctkp%3ABk9SR9bQv_-aZw
All saints Leather Biker Jacket Size 8 Used,72.46,Pre-owned ·,Sold 6 Mar 2026,https://www.ebay.co.uk/itm/227203915698?_skw=All+Saints+Leather+Jacket&itmmeta=01KKBZFX0RR6NNJ7471YPCVZ72&hash=item34e6689fb2:g:0FoAAeSwN3dphHJj&itmprp=enc%3AAQALAAAA0GfYFPkwiKCW4ZNSs2u11xCUNL86n2tvMkoeoX23vgyioLCqofzgg8V8U0DHUUEq%2FteP9UuroVVuRh8iGx3dHuTyYfCFIR2n4P2uaKD%2B6pM99RNtRz2YGUvVHeuWqxrDkKqDxLweXRhqcMM6oLHA6uoO%2FIqddYIUXRrkFFTydERZkNnHey0a9vY%2BkpqvB5di3HlSRXPgSmbLJNvvz4gyf7xlgUe9kEqo8Ofiid1XejiSUOqNutaMODK72UxlITilVlXEkDCDXypQ7fW%2FVlO%2FwO4%3D%7Ctkp%3ABk9SR9bQv_-aZw
ALL SAINTS Ladies CATCH Leather Biker Jacket UK10 US6 - Black,64.99,Pre-owned ·,Sold 5 Mar 2026,https://www.ebay.co.uk/itm/397516577030?_skw=All+Saints+Leather+Jacket&itmmeta=01KKBZFX0S185K9ASPCCV8RP3J&hash=item5c8dd59906:g:~YsAAeSwvi1pb6de&itmprp=enc%3AAQALAAAA4GfYFPkwiKCW4ZNSs2u11xD6Wp8p7SrAstiY3mdG1GGuxIgMmT6JfOQZTFSmQQUGpVWQNwdQ3mHHzpbbdN6ub6Hfk048EUbJqutuXUIZr%2FCqrYRD5aV7%2F1D6i8mlbJ443FFSYjT12zxlhuOHBIdmuganvJDVF5EMvQvxotMtdBesYkmYJxGI2y3E%2FOKnfYDAHECEPe1Ie%2B%2BkUbnp8gBxzt%2BLJ%2FLMXeYOX4tAm6%2B3igxNMJuiS%2F0iwgRC%2Fbd3QxHWtPvKABVlmp5wFuSTT0MhksNtr7nnAgwp%2F9x%2FrKlNUQFe%7Ctkp%3ABk9SR9bQv_-aZw
ALL SAINTS Suede Leather Jacket MEDIUM Mens Black Biker Bomber Celebrity HALCROW,249.99,Pre-owned ·,Sold 5 Mar 2026,https://www.ebay.co.uk/itm/257387427290?_skw=All+Saints+Leather+Jacket&itmmeta=01KKBZFX0S2ZE1XGXQN6K9PC4K&hash=item3bed7c75da:g:SOAAAeSwgaVpZ5aY&itmprp=enc%3AAQALAAAA4GfYFPkwiKCW4ZNSs2u11xBWN4cKKs7sCKIgTeYKCyFL%2B4kkOaTRiogg4PWUpsIbWePM8cEf7RnaWuGGR9UPdiagIl6MpxFkdIb6FO%2FmC0%2BHHcZJz5V96GIFAthUGgadjO6%2F3djBuuQ3SUPSiMtc6T8Py%2F2v19TK7VVLwGfTl1kC5lPEt%2FA7mP6VoPrKQMp3253FPjE1JOF8bSO2z2LryjqvZXggt1a7kw8XcB7IKZQduXPCZDTQLfi968U%2FaCJbP4gWLKoodae992%2FLbulu4--tpM%2BZpPFWT72Pl1iFPruc%7Ctkp%3ABk9SR9bQv_-aZw
Vintage All Saints Leather Sleeveless Jacket Size 14,75.00,Pre-owned ·,Sold 5 Mar 2026,https://www.ebay.co.uk/itm/157713273347?_skw=All+Saints+Leather+Jacket&itmmeta=01KKBZFX0SNY0CNTRR4K75C35R&hash=item24b8719203:g:TP0AAeSwx-1pmJ91&itmprp=enc%3AAQALAAAA4GfYFPkwiKCW4ZNSs2u11xDE9lLYfE%2F05lBYYHfx1TCaScjZypqkuO%2FXU2whPxjYgulHbKXMx5h6rDFnuOeuu9Ywi27AjMKuYCBDnO2b4VyNnruyHpTPfdTHoxYvnyjmqBic1XF6cqVFN66MaI9TXzDdCtaK68Qrt1vAInYHYiEZ9h%2FG7aAw14foT3UVQvkraYbw77DlYxU5jylVcuYCUekjqLHpPR305Xzpg%2FqH%2Bq7VRmmfu2nyrOpwv5eUp9o%2B03TpzUA1Z8g3RgqjvEOR1cPWs3jipwJgkax5gw%2BHNfty%7Ctkp%3ABk9SR9bQv_-aZw
AllSaints ‘Conroy’ Dark Grey Leather Biker Jacket RRP £399 Men’s Small 38 Chest,99.99,Pre-owned ·,Sold 5 Mar 2026,https://www.ebay.co.uk/itm/306797667798?_skw=All+Saints+Leather+Jacket&itmmeta=01KKBZFX0S84SJ549T0V0FG18N&hash=item476e90e5d6:g:PDgAAeSwQ1tppIJL&itmprp=enc%3AAQALAAABAGfYFPkwiKCW4ZNSs2u11xD0%2BqgCmGGJVFoQauMTOBItTVgO94tBs7aRQjAVp%2Fq0Ph4yAv7Ba4LlPDqJ%2B4TcbcYmXwxJXjECVhPq4AzeThixPP%2F0hGVzOrdJsuuPbvMz1Ey4jHPO45OtGEWZqIAQ%2BwkNswyqd0vTBPIiowkFemWz%2BNi3IRKIXsaICvJjLFDyiOjCMgaj6Ryp4X3Nm35pv2tGStssHhkWdSxkiZybQb7HBUZXr0L3Lwq7MzfC89%2Bjy2yOAqQ2LTcq6wq0QOAjSHh8AC6NXpH9hLn0NWel7VwFHyB6pOdfzxZEby2NTvznZo0MkjW%2FgePXGJDpvvWkTm4%3D%7Ctkp%3ABk9SR9jQv_-aZw
All Saints Dusky Pink Leather Jacket,68.30,Pre-owned ·,Sold 5 Mar 2026,https://www.ebay.co.uk/itm/326970408586?_skw=All+Saints+Leather+Jacket&itmmeta=01KKBZFX0S76XT0YZKPGHY7RW4&hash=item4c20f47e8a:g:FSoAAeSwDrZpdks1&itmprp=enc%3AAQALAAAA0GfYFPkwiKCW4ZNSs2u11xCEDc%2BmrWIiaTweMKP3nYdZC8us%2BH7pwltGPNzkctXlu2LOyORrU9Ur9tLlaUyvoUF2%2Bdbd4%2FgWixnZuHtwmwRPX89BEHIm3dVmNU11HTuQhElci1zt%2BfSvb8P0UJDb0AsMx%2B9274XC5%2BoDzgCfcY9stRUlIPYFT0rKw9EWZfz8T6SnhlsVTVyLT1Tx43ERIgspUfCcpByWNZzcd%2BUtylRkKEkSDiFzdzts7KM%2BycybU7koOKq6jL3%2BsQm0%2Bps58tY%3D%7Ctkp%3ABk9SR9jQv_-aZw
AllSaints Bales Biker Black Leather Women’s Jacket Lambskin Moto Style RRP £318,57.90,Pre-owned ·,Sold 5 Mar 2026,https://www.ebay.co.uk/itm/277540045941?_skw=All+Saints+Leather+Jacket&itmmeta=01KKBZFX0SGHTA3G7N0MN27K7Z&hash=item409ead0475:g:MbMAAeSwdLRpKcEk&itmprp=enc%3AAQALAAAA8GfYFPkwiKCW4ZNSs2u11xD5%2BannFbrfThua5Q3VoPwGDYvVmnbxSFPBsHiKnA%2FV4A%2B8b%2FrvCp9IIoZsFr3fFOeqHAYNvZs%2Fw4%2FMowA5zPw9IfCBERDX%2BbeL8yY2XL0ct%2B6a5pg7uFfqLWDAJEWxRvG5igV8X7G8OU3ItDaYmJqmYhuHobeBUPkNWhd8hakLYDTWMZbd9UNgW%2BJmmbdfdNWEvhS%2BLjzC3bvJ7hAN%2BJmUVY%2FEe2%2BBJTxWwW0Lihk578j2%2BJVbgUTdVBRaLRlMQeUrDtYtyDW1IwzVizi%2FelUkh%2BNFIYRIgyF%2F99X35MrEXg%3D%3D%7Ctkp%3ABk9SR9jQv_-aZw
All Saints Biker JKT Black Leather Jacket Size Large Men's,68.30,Pre-owned ·,Sold 5 Mar 2026,https://www.ebay.co.uk/itm/389586583283?_skw=All+Saints+Leather+Jacket&itmmeta=01KKBZFX0S34DW4RG2HTZPGM4F&hash=item5ab52b7ef3:g:XPsAAeSwqDtphig-&itmprp=enc%3AAQALAAAA8GfYFPkwiKCW4ZNSs2u11xALFNf4JKeP0j2uYjeao3FCL%2BYF4C95qZ05K1v6WzC1K44vz%2Blx4aHV3JauUx8SHybG0%2FJ6K%2FO3y9nPACz8Jyu1NIEzS6nfqmWD9hbCwy1LfF4sW%2BGabHLBRxmwWoVthYytA9h%2FaYxaZ0WWAKLZV6YNKkE3egn88jOXTjN9xLOZ5SuwqoCGdV31CGIhqquoz3%2FN5VeboHvdTST6YvdKitijOUpXn7PCIzdIiyflINRMBArm0GbOqRU%2FtfK6X86%2Fd9%2FQ2l2lEmhjOpSGCCZrHkEvWfWHxqID2gjxFju1v%2BqRCw%3D%3D%7Ctkp%3ABk9SR9jQv_-aZw
"Mens, Black. All Saints .Leather, Biker Jacket, Size Xlarge.",33.98,Pre-owned ·,Sold 5 Mar 2026,https://www.ebay.co.uk/itm/406723634925?_skw=All+Saints+Leather+Jacket&itmmeta=01KKBZFX0S856MNFTAAG0GR1WB&hash=item5eb29e26ed:g:G9oAAeSw1sZpoFe2&itmprp=enc%3AAQALAAAA0GfYFPkwiKCW4ZNSs2u11xBEhlLMV01fpAXpVW5Og1%2FZndMUb%2FFPxcXDZExfuRgzMtBd7mN%2FRF5aGqm1VKYDb%2Bwqrw62vhRc0sPl9HjXFktudTBtzw%2FlcuPxTezQrpVJQ5SqiETAfF10ZHjJT41NOXgluzYMIw8DwIxtDKV8OU7fPHjLuTUEoFp2Enwaqm%2BfeILH2wLTcn1TYn%2BLv3isvkIBQiwU2d3gOqk0vkodUnODGjxA%2FRNmUxD5bgEExyiaRLstWdX%2FCQW4kFWjt1WnE%2FE%3D%7Ctkp%3ABk9SR9jQv_-aZw
All Saints Dalby Women's Leather Jacket,46.04,Pre-owned ·,Sold 5 Mar 2026,https://www.ebay.co.uk/itm/177898612971?_skw=All+Saints+Leather+Jacket&itmmeta=01KKBZFX0SBTKC3DVMYNRAWE00&hash=item296b9568eb:g:PWIAAeSwsQppoGlo&itmprp=enc%3AAQALAAAA0GfYFPkwiKCW4ZNSs2u11xCSY9%2FI8PUmiDtewFIaQKgVgGUnKR3QIPlFmnEXvXrRdDipdJ3b7dOQh8JiqjkklmzCe%2But8JEJmmKO2RqYaDEudlMUwfu9m6xhety3WEFP9x3NROUPfcigd5S6JRO%2FSMcb8zVFyFo%2BGcEUrDqBE4g2TfAjqaYRn841in5qVvoGKHtUArUnUfLodPLk0xnzTl%2BcoTdHcxI%2F8IJJadxzcAEOhwsLEkUw7SW0hOFLHJhEVGkfr30ysP--VzpXyghVPio%3D%7Ctkp%3ABk9SR9jQv_-aZw
Allsaints Women’s Lorel Shearling Flying Jacket. Size M. Pre-loved Excellent Con,267.98,Pre-owned ·,Sold 5 Mar 2026,https://www.ebay.co.uk/itm/287166393814?_skw=All+Saints+Leather+Jacket&itmmeta=01KKBZFX0SXPCZ2EYZ4JGC55YM&hash=item42dc736dd6:g:8ScAAeSw2lNpjfCQ&itmprp=enc%3AAQALAAAA0GfYFPkwiKCW4ZNSs2u11xB8voWdLd7IgmPZKOslH6NuStwtvNpRnh5m%2B5ZAAbzZVj9uJ6a%2FODeuO%2FXFZtPge6v42oX4GoJ7%2B897nNDtIJjDYVNSMjTMhEeZgPwM1tY9LzKbE0iBEfrc%2FjC3Tk3uiOJlxxwmeq9RCkgs2CKXim0xcP46KoErjjn4ah4pYDwRf%2F8Y8ufsauLmKhSoQPfaJBSJf0pVP%2Fl6u2vWgdI3qUvbTEJ9OYKf6Vp07fthA9dScTBmvMCItfS1GvpDhN0SyIY%3D%7Ctkp%3ABk9SR9jQv_-aZw
All Saints Ladies BALFERN Leather Biker Jacket UK10 Size Ink Blue,119.99,Pre-owned ·,Sold 5 Mar 2026,https://www.ebay.co.uk/itm/226985841158?_skw=All+Saints+Leather+Jacket&itmmeta=01KKBZFX0S58HY1PWDFW5NC6KF&hash=item34d9691206:g:AKYAAeSwhC9o0EEz&itmprp=enc%3AAQALAAABAGfYFPkwiKCW4ZNSs2u11xDoYuokdZ95YXpLt%2FIpHmIrtg%2FLk76hMeLRFpZDhPaYprLPyuIKNLo3%2BecKpStVImsiZFfltoIf5Mf1WrMy66jw%2BI3H2ejgHljU7HflCuld5pjvEIpoC2vSrF34BxIAGe%2Bic3vyGtU%2FO2IJJ5s3%2FRrOHx1xNx7NdeRqU8A678AZEdC%2FWuZkHNHoB16Asw8eZ%2BTApI6DeZrDJrocyt7KCczDV8nJQ2UghSNC%2FpIC93JrOlmfUbi3ZvFsgjAu2QeWnL%2FPFGeqpBopR5Id%2FVqmwCLMR3yo1zpqRw%2BTMnFdCxJarQ4WGNCMbv7qu9AmDYaAZrk%3D%7Ctkp%3ABk9SR9jQv_-aZw
AllSaints Bomber Jacket jacket tan,120.00,Pre-owned ·,Sold 5 Mar 2026,https://www.ebay.co.uk/itm/198073005912?_skw=All+Saints+Leather+Jacket&itmmeta=01KKBZFX0TJ1DA7C7390RZDR65&hash=item2e1e123758:g:s4AAAeSwAUhpgGRv&itmprp=enc%3AAQALAAAA8GfYFPkwiKCW4ZNSs2u11xALNGxV8sV2n%2F0zDL4mlRm8pF6uIkKgy0xGXv0dxgh0Gw9ocqFYnO1Gckv0AAeIEGF8AVkJKHwvYoUWoh5dmmzO4m7zIStFqhUupRjpqH9Vc0rKxe5RyyUc1ySp3D5sRpaFuKd9SZrRcSkUL%2B1ja0j6gYg80Yiwir13v1piSIKdKXO2xPo%2FZi%2FuzYyWdPXnLAPT0bwE%2BgEh4TgWrXDuMQVUgkDkD%2BWd5TVyj89fl2Zu3fPlSY8Uj4Bj%2BvDZTPvocLd%2Fqm1YJcUOFDKKSYRNorCoZ%2B4SU7o1vYEJzsMvJ6VFfQ%3D%3D%7Ctkp%3ABk9SR9jQv_-aZw
All Saints Leather Jacket men's brown XL,24.04,Pre-owned ·,Sold 5 Mar 2026,https://www.ebay.co.uk/itm/298058732736?_skw=All+Saints+Leather+Jacket&itmmeta=01KKBZFX0TNTV08CE636FJPQD1&hash=item4565af54c0:g:SBwAAeSwT6hpnDWT&itmprp=enc%3AAQALAAAA0GfYFPkwiKCW4ZNSs2u11xDMe8%2BnL440fw3CR0CA7MWtiJCba86s6NkXRXCUR6lawkOlcFvwIYr7ingwCnioV1QRU6LJBEUEAFpc7c1V1nvGijEvwQ4zN9nUKWssa0Di0HxTbEUKImYjjQoNfzG7lSoQoFwMxay2t0WxqGT8xTKUc8NKk79hJC1Rc7UqU1yL34CkgoxvIKHnf3P28p0xs4%2Ffgw0bZgr%2FHCZK8IBQSROWYsE3lIvHBGsnpvnWovqyuoUmEOjjaUjYVp1HGFYEibQ%3D%7Ctkp%3ABk9SR9jQv_-aZw
All saints mens leather jacket size M,52.70,Pre-owned ·,Sold 5 Mar 2026,https://www.ebay.co.uk/itm/127692332925?_skw=All+Saints+Leather+Jacket&itmmeta=01KKBZFX0TX6N0EFEP7AEYT9ST&hash=item1dbb0e5f7d:g:c3AAAeSwY~Fplin9&itmprp=enc%3AAQALAAAA8GfYFPkwiKCW4ZNSs2u11xAHzeUfZhlsu1%2F3Du7bmyUFr%2BnQlze6bpwJbyxPzLLR4OLxHGfNtx645Mi0lU2YznGRhB7kNNR916ipgWfoeCy5umQKdv9m0aoVYJVuAcy9hs8K9yzSaa1XxfLVF1l2DIENFe57Yq%2FRaQsJYpubE%2F3cN6jk8ozmV7v7GPnFidAqzmmr2eo1XJwHBa2hMSHH65tpauGJ9vfgLWFBr60UMMYdigsSjim37aI0RTDALOoAf7As3r4i5o6WELjctCdNepHR7MQx%2BL4wy0tscfPVDCq7IMGd3tIPRsppVU0vtYiE7Q%3D%3D%7Ctkp%3ABk9SR9rQv_-aZw
"All Saints Dalby Biker Leather Jacket, UK12, Sycamore Green, brand new with tags",193.10,Brand new ·,Sold 5 Mar 2026,https://www.ebay.co.uk/itm/376983862809?_skw=All+Saints+Leather+Jacket&itmmeta=01KKBZFX0TGGCQXY6ZR4CMYSMM&hash=item57c5fd3e19:g:G-cAAeSw8Kppmz2j&itmprp=enc%3AAQALAAABAGfYFPkwiKCW4ZNSs2u11xB3jUPNevc2wjqQPYVrJtKYZOOJv%2FTLQ3My%2Fd70672fqsQ%2Fl8ldFkRp3nss%2BQEjCBCrai6v5WEKf%2FUcr1mB1q6vLnjB%2Bdv%2B3atCqS89tcxPzpfru6rDoIfp%2F39W78g4YXbuNonqX6M%2BAB1fxxrViPdWw48oxn4eqU9DelLtdyBy%2FiYq0EMGXdHHSoZJFiNEO5VEoJv%2B8PnR%2BCYfUQ3jaiygYQ6cxQLTZ%2BCbn29Lyw8j2d12j8he2cxyMvFf2%2FHy0zYBXyb3l30fYjw8AEtK8TaHJ4CnYwXdy4pIvvGPBuWG2B9nhTJsDBdl8UXw0nDBRis%3D%7Ctkp%3ABk9SR9rQv_-aZw
AllSaints Womens Genuine Leather Biker Steine Jacket Black & Brown - Size UK 14,69.98,Pre-owned ·,Sold 5 Mar 2026,https://www.ebay.co.uk/itm/177752919934?_skw=All+Saints+Leather+Jacket&itmmeta=01KKBZFX0TC62WR2MB03QPVEXQ&hash=item2962e64f7e:g:L44AAeSwuvJpXkUT&itmprp=enc%3AAQALAAABAGfYFPkwiKCW4ZNSs2u11xCWEGNX2huKKlxgVgO0oLcgOhp9xKlhOcF7jEccaXShKGy5g%2Fro%2FBPj3CN1A4QkqIC5r4npMnZdSXqIQtWmzZ97VJwEBzRGK1vdQKoW6Ppy6Fb45wnf6YDq%2FZoGCyfct0pqHUwyaDc8C8h9taHJIWRtN9Xtlr%2F1xKqEzX%2FN1vcpkcqz%2FxDrNVpTppYGmWiTNX8Bw1hbqyySlYcQVj5f0hLu63AvNGHjfUE%2FPOwzgiKUFqQyQ20LW%2BTW7KatFs3RkdoZbkWOyr79w8SbfNxL3N%2BtEjjERjeKy2EKLy249C%2FSpXWslONMTNt%2BsURHhOudIoM%3D%7Ctkp%3ABk9SR9rQv_-aZw
ALL SAINTS Leather Shirt Jacket MEDIUM Black Mens HOLMES Celebrity Over Biker L,69.99,Pre-owned ·,Sold 5 Mar 2026,https://www.ebay.co.uk/itm/306757316191?_skw=All+Saints+Leather+Jacket&itmmeta=01KKBZFX0T9EJ5GG6K33MB5TN8&hash=item476c292e5f:g:Dr0AAOSwcbNnTvTY&itmprp=enc%3AAQALAAABAGfYFPkwiKCW4ZNSs2u11xBV2TTGWmrviPGjEQD9zSiNC3RZiD2aWC41cLJWtQ%2BOPxwM77c5KZZr1oJgsGhq44edkgqH4eQMonUcBAVpYVAdbMW8Bss2psKY%2Fny0lNVgnH%2FEM7Ut%2F1foz12pZu1RiiJrYM9pBPlUlI2rBIxTgPwQLuEFlq4N0DIJjgtQzcqNU1xN5pW8Nj5gMHKioKT0I0onsJviMTIyXB5n1d66Af1Es5%2FjoY7UyboGX3w%2FNudU9%2BIA39%2F8tSTx0L2DIgVECwYBEA43PcBHTMLHy07munRcJsNZSSPp%2B68rAq2HRNr0M%2B5grgqS8JPcdIVUc0Vt4Dw%3D%7Ctkp%3ABk9SR9rQv_-aZw
Womens Allsaints Elora Real Leather Biker Jacket Size 6,73.50,Pre-owned ·,Sold 5 Mar 2026,https://www.ebay.co.uk/itm/206109534854?_skw=All+Saints+Leather+Jacket&itmmeta=01KKBZFX0T3F344XS39GJR9CZK&hash=item2ffd15ea86:g:rAQAAeSwsA1pkeuD&itmprp=enc%3AAQALAAAA8GfYFPkwiKCW4ZNSs2u11xDXBEvgApmGpOmrRe4TZjL4SG%2FzeLW9HxngYaVVYiCnI1IM3sp4h54gQc7pvAki9dJtWdayDIFVqJCOJXcg6iAOiCGKh6Qr5zqpmMCu9virbP6Wzpa%2B3cQzF44qLiyGF67BM3nzmtFicnxJOs1wf0afQqdwpXTSEoup7dlmnSD5hSrBXvCbyQNqd5HuLOo%2B2asVqg%2F%2BuWRo8dVFBugyvWIN3Q69KjxqYXu1leLyQCOd64cftiMmII%2B8dyJv%2BXyaOpLBSc3WQIQHAU6%2FRlk2KGMYL1jNvW6MahJPnx8VsJ7wlg%3D%3D%7Ctkp%3ABk9SR9rQv_-aZw
All Saints Mens IRWIN Leather Shirt XXL 2XL Black Biker AllSaints Jacket,239.99,Pre-owned ·,Sold 5 Mar 2026,https://www.ebay.co.uk/itm/267577123405?_skw=All+Saints+Leather+Jacket&itmmeta=01KKBZFX0T68737M01KMJ1DNA1&hash=item3e4cd6e24d:g:qhgAAeSwxMFpLWlC&itmprp=enc%3AAQALAAABAGfYFPkwiKCW4ZNSs2u11xB6LiJTzvO%2FBYhOyH1GnB5BpmIP%2BNkaqDmeaHsZj%2F22Jqn%2FwY4PiMmTWtYtxa6KB1di8M41Es8QTEtG8kYy3U%2BznmL3f%2FFyVsV%2F2Q949KjrGChDJpaqmH3GB9LDHWpOhcp80TKM4D4fr7ibrMt2VMGYR4Ok4ZNkuHpEG99ItTk1ADeW3UPbdIxP%2FZ78k8NGPLEf50WgmCIgo5eGZlO7U4KlWV8JDvZd6yRVe8gMnVixDNakI982MDyDkn7%2FomyLQeGSBO7xfNJPnarXJzoAbYdUll65l%2F83rMIOroYiPHSVtEG552ZY2iNDQzBViym4IEY%3D%7Ctkp%3ABk9SR9rQv_-aZw
AllSaints Phoenix Leather Aviator Jacket Size M,89.45,Pre-owned ·,Sold 4 Mar 2026,https://www.ebay.co.uk/itm/127658349517?_skw=All+Saints+Leather+Jacket&itmmeta=01KKBZFX0TRQ3A7J86MJNVHRNX&hash=item1db907d3cd:g:~uEAAeSwAwBpf0EB&itmprp=enc%3AAQALAAABAGfYFPkwiKCW4ZNSs2u11xAXAsRvmnhyMZx2qumXCnBVjIY%2B5GJiHalw4%2B2P%2Fpe4rF%2B0lKAnriOyQe8wujwKcl32ocTD346LaTeqADaEajf7FZ5c8nJLFZv%2BBikuFguzu23Ob%2F%2Bvv%2F1x4LYx2LqG62ngech8GzbBzgLesA%2FhYIF9eRuYR3ve4x6eWfHfL8PhZtkZnp549f9PVRfU08ohSsI8plu9uzNM%2F1EXNXHfyOgPGJzcL%2FRjfwdct9u%2FM4HWijSA63AC6sdlYMTiKqIDNJS7kuAgJjhvoby769v17rOimUdV%2FAxv2TOW9hu5f41fbJ%2FeX7GQus3gSOtVgNFUHkA%3D%7Ctkp%3ABk9SR9rQv_-aZw
AllSaints Women's Leather,73.50,Pre-owned ·,Sold 4 Mar 2026,https://www.ebay.co.uk/itm/277369424268?_skw=All+Saints+Leather+Jacket&itmmeta=01KKBZFX0T0X5ZY72FWBRBKC7N&hash=item409481898c:g:v1IAAeSwkNNovZ-1&itmprp=enc%3AAQALAAAA0GfYFPkwiKCW4ZNSs2u11xBiCOHcNfpB2aw%2B%2BfcHqXX2hwRY7bCFrjxJLiZo8BsTBhITvI6%2BJn9CYNesV8YvSLS6w3sZVBXx1Y6gImaosQYe7V68wXTI5h9r%2BfwIrvaDPzVjCx697KTsIRBpzQ9uHIzH543Yz38JFaqsWMnM%2BrneK0H3bgvNpSjCyKzxxCyqbEbaJ1Syd9O6C8oG1IIr%2BFh10qWfopRFjQKxERzZJzr92PTQvDUipzcP6BSUx5G80y8l0YroTyPv0vWRfX9DBW4%3D%7Ctkp%3ABk9SR9rQv_-aZw
All Saints Mens Eadric Goat Leather Suede Jacket Beige - Size L RRP £369,89.99,Pre-owned ·,Sold 4 Mar 2026,https://www.ebay.co.uk/itm/306802371116?_skw=All+Saints+Leather+Jacket&itmmeta=01KKBZFX0TGM3ENYPVV5B0HT26&hash=item476ed8aa2c:g:hHIAAeSwg05pb2HM&itmprp=enc%3AAQALAAABAGfYFPkwiKCW4ZNSs2u11xBevtsQqdVhbEPZ38%2F1riflWdUgiHJTcLDnXbZ7eS15Eg%2FH6qKye6i63el%2ByVubZefVRFbk7pqhiEfBgO5MiB6KK3JhHz%2BDX4iOyPv8vv%2F6xYGTZcL1GtRknhWVi0YS7%2FnSOYwvO6%2FV5izIeA1FxTOjXN5prrQMXwUvYZivG8Thm6NH4WneEXEeE%2FT5--rjXcMTp4Brdb%2BPFzoyQru%2F1oQYJHqfX9FZ%2BNiMJeKXHemS%2B0XUfEg8N5JaVqEXKQV7pb%2F2%2FiWqtx1PKrZqNsg5BcbRteSDCQOCdDZjFsGnxijjJcw0xcsYlkGIzaR67fivGTU%3D%7Ctkp%3ABk9SR9zQv_-aZw
All Saints Belvedere Dark Brown Leather Jacket UK Size UK 6 EU 34. US 2,44.38,Pre-owned ·,Sold 4 Mar 2026,https://www.ebay.co.uk/itm/306558937908?_skw=All+Saints+Leather+Jacket&itmmeta=01KKBZFX0VQ9Y35SPPS4MD9MRT&hash=item4760562b34:g:sccAAeSwPpto9l4U&itmprp=enc%3AAQALAAAA8GfYFPkwiKCW4ZNSs2u11xCLpjJH3tINz0obIsXe7nkXKG8iekxtEpgg5jjObRpMhNFnGxWU5xFCR31LfVpxvi5cLidvX5kYVd0OqU3u4Hap3ozAKItKDjSmreu8ErjwFlEhZgYI%2BmjmLKkRB%2FWFI%2FssWFa%2BwJVv3d9ZcWfj7DExIVXeveNJ6c19oA0jNcWuVD8bNc1G3x2Ajuji9KtEwgACAbH67ivGlGfC6yGiVZ5%2FDFUOTD%2BBmZfnE0QlA3ApM%2FpO%2Fbwdj5LIqDOfMcwMnGyuZPFhOEGTqb8lMnR7aRBvqq39OQSX4zmT1iNz%2FyTt8g%3D%3D%7Ctkp%3ABk9SR9zQv_-aZw
ALL SAINTS brown leather red jacket sheep leather motorcycle moto 8 XS S CG BD3,41.00,Pre-owned ·,Sold 4 Mar 2026,https://www.ebay.co.uk/itm/397658046051?_skw=All+Saints+Leather+Jacket&itmmeta=01KKBZFX0VDVD4EG2FA1B3RPAN&hash=item5c96443e63:g:0R8AAeSwc-tpofwO&itmprp=enc%3AAQALAAAA0GfYFPkwiKCW4ZNSs2u11xDo2Sd7n3TsTIq6dKDZkastMpsdoTdQkvoWkQzvs5V0%2BP%2FuoM6tcq7HYzSp2b6%2BVz1Zf2cJi03%2FF5Tt%2ByjajgXIszrWR9C2m%2FbRiAGywy89rojF1cgrKYNbJOL9ZOorDsjBgTcAgkiar4BDEf6bO4qgygvUJ8oKzQf3FXmwbchrsQsxBtaEj3yg5%2BnzE0FciXYstaSjyR0F3PhZ1AS9kRB%2FCluuxS9VuVjrixKLi8b0WWj9o1o0dWvLyEfDQlAQhDM%3D%7Ctkp%3ABk9SR9zQv_-aZw
All Saints Leather Jacket,104.70,Pre-owned ·,Sold 4 Mar 2026,https://www.ebay.co.uk/itm/306497874555?_skw=All+Saints+Leather+Jacket&itmmeta=01KKBZFX0VNP1P8SVS44HK330B&hash=item475cb26a7b:g:DukAAeSwCYtoxoga&itmprp=enc%3AAQALAAAA4GfYFPkwiKCW4ZNSs2u11xCD5Awstj%2FxL4r63TWKa3hrfHI%2FOWo8wKEUe89Ao0q4P%2FZU8ciZ5%2Fa7k01Vo1tckspLGTdzkT23JEADC0Ye9kYnExKn21lmBl%2Bh5vooaRIxgIUULM8Horhb4qvFV0TAcArmaWHU9opN2V3kTNCyHA3TGoWFLdxfC%2BoMmVXZtIgESX0FnPU7zPGIG7AhgScNAJ%2BwFs%2FtwmzSqPbx3CLal3osVKz2uxv5q%2FhLJo1wSxu5RICfr3vCDLcsU9nmys65MEBv1kvi7xl%2F5jd0QHVnRxZl%7Ctkp%3ABk9SR9zQv_-aZw
"AllSaints KYLE Puffer Jacket Size M Black, Leather trim,Down mix fill",37.10,Pre-owned ·,Sold 4 Mar 2026,https://www.ebay.co.uk/itm/188095454305?_skw=All+Saints+Leather+Jacket&itmmeta=01KKBZFX0VHQR7XYRQHGH0E612&hash=item2bcb5cdc61:g:YzQAAeSwIHFpnxuI&itmprp=enc%3AAQALAAAA8GfYFPkwiKCW4ZNSs2u11xCfCxgLYJW6i6tahRygH7MHVXhNZ3XfnbBKeZDc5qtNMqjAIH%2FH4QiymbpbtQfTpyKtHWPk3X9ztd3B0DSuB35h0EP48SLyYZiLZhJyta1M1%2F0VAycX91x1F%2F6BtHJLmvfVWYObs8XM5sh7HdLqMq3dXy7ytHThFT8lxfka8ejFCDs%2FYSmznuuS8jM3b7TrQSemvJB2EctgOWm4E6jVdAukZENafxY8a%2Bp8roqmEGi3wPQTQ752WQ60CSJllg0R67qkBMjpVP34X4JsZcrUG9ZUuxcC5DVHYCkETI1cZfxoaQ%3D%3D%7Ctkp%3ABk9SR9zQv_-aZw
AllSaints Women's Sofi Bomber Jacket Soft Leather Peplum Hem White Size 16,119.70,New (other) ·,Sold 4 Mar 2026,https://www.ebay.co.uk/itm/389614196742?_skw=All+Saints+Leather+Jacket&itmmeta=01KKBZFX0VY32DGVB67HTQZY9N&hash=item5ab6d0d806:g:cNIAAeSw17tpjmFh&itmprp=enc%3AAQALAAAA4GfYFPkwiKCW4ZNSs2u11xAhQuolQwIwEPWraVMd1nK6DnFI1lKm%2FIWhaJ%2B6e9roU%2FBo0vlQBIAZ4kBJofyt4lJ4GIl73EfRGbJzuga8rvTwPqf%2BvRCvNIuGuZvJ5e2FpZ28DvHp%2F%2BR1oswmQ3ipBRSWEAjtYYbMT5uEGS%2B%2FYNF7sFs5XI0TZLHyiyYrY2Shx%2BclK62Ez%2B%2FWCs0T%2BU5YijoZDyGtESWSD2t%2BdJsLULSSFAWMPGH5ZyRe2FNWJKb1HXmkw%2Bnp3KkuerIvWCbYIC9kbArvvJ%2FCVMe%2BKzUGu0rF%7Ctkp%3ABk9SR9zQv_-aZw
"AllSaints Leather Balfern Biker Jacket, Rose Wood Pink",120.30,Pre-owned ·,Sold 26 Feb 2026,https://www.ebay.co.uk/itm/277743469615?_skw=All+Saints+Leather+Jacket&itmmeta=01KKBZFX0VW17HN9QRMF3K825Y&hash=item40aacd042f:g:oEsAAeSwPNNpmVbE&itmprp=enc%3AAQALAAABAGfYFPkwiKCW4ZNSs2u11xBkyr%2B56ku66DNlYgUvD4%2FDhXjOKbcphKYH5i0b35P00GGrVD%2B%2Bdhy4MNQNZt0iOYOZRcLUPD64HA%2BwKWxUcvohDR1t6C5nLqhAsFJ8psQSMpR%2FfIjbhmxsXAsRTXfqXWN2oJJuD3nRmUXacznDwj2PUy48pMu3C1edxTkfRw%2BFf9RcOpUjn1eLlOlI4fTV%2F1c8cvIN230tDLDai%2BSUISm9UMW1Bejdtss4uNPtt15FObiX4Dy8aM%2FrUAznLXuKhZv888siuSUtM%2FqF4Dx9VHGG%2B64oDKHgHQjb4GlA%2F1PEVSay4d1KQPSh7266dLc4YJo%3D%7Ctkp%3ABk9SR9zQv_-aZw
AllSaints Men's Brown Leather Jacket (Pea Coat Style),68.30,Pre-owned ·,Sold 4 Mar 2026,https://www.ebay.co.uk/itm/205952184053?_skw=All+Saints+Leather+Jacket&itmmeta=01KKBZFX0VTW7EYFDQ6DR2P44H&hash=item2ff3b4eef5:g:kT4AAeSwWhJo4mLj&itmprp=enc%3AAQALAAAA0GfYFPkwiKCW4ZNSs2u11xCgqx1%2B08LKVWPwuJ6KCoBpK73cikVo6qePoZdq4TpTrLq8h7sH5U73fHTDOdlpCNEuLpLkB%2BIjxWqfzPDIJ5JSqvhTZv2undFbVWCUmCu9I%2FAgtIfDGjPOz88Okre9dZGYUQzUyG2PaIDISdpD7Va4QyDYjAJsHJp6JLNUk63k%2F9n2vpiiunD4019NZk3NOx9jKIBWFP7Cjk%2FIIODybXE8HUydKBQvPANM0lRy9uRiTKRHnTU5sSioGn8nCdSQhzQ%3D%7Ctkp%3ABk9SR9zQv_-aZw
"ALLSAINTS - Coral Red ""Balfern Biker"" 100% Real Leather Zip Up Jacket - Size 10",63.10,Pre-owned ·,Sold 4 Mar 2026,https://www.ebay.co.uk/itm/157708427432?_skw=All+Saints+Leather+Jacket&itmmeta=01KKBZFX0V1TSZRGCDHNQKPGRD&hash=item24b827a0a8:g:FOkAAeSwsQppnzzq&itmprp=enc%3AAQALAAAA0GfYFPkwiKCW4ZNSs2u11xA5Va6zhzUjc4a6fchrIT%2FuSoUfp6%2FKO3Awx%2BqQblutf75d7DP%2FGkzSTd%2FM0y6%2FuE2U7emPi8BoIqcMy8%2FJxZEE3706CgElh%2F4rTWaLKdU94EDWXEFWHnM1x3tLkOd0HUzW7zyUjuyY%2Fmq5b9GLu8hEZDyrk7o82qGesUruKkSEq2LyoFUajPBzSmHdqxk%2BTHaNZD72qS95dAaNd9GVqGKAUDx7pyDMpbHjaoagUC3kUAlFUTfMVAeeVd3SfoJMMCk%3D%7Ctkp%3ABk9SR97Qv_-aZw
All Saints Men’s Vintage Heavyweight Cafe Racer Leather Biker Jacket. Med,54.78,Pre-owned ·,Sold 4 Mar 2026,https://www.ebay.co.uk/itm/267561397795?_skw=All+Saints+Leather+Jacket&itmmeta=01KKBZFX0VRYE8FYK9A52Y0977&hash=item3e4be6ee23:g:u8QAAeSw9zdpe9EU&itmprp=enc%3AAQALAAAA0GfYFPkwiKCW4ZNSs2u11xCEcGSzR0daZohqhYnYMbxpR8cyJB6gF7WKOJrmZcUuMfL4RBJDawpwaegQwuOX1tJniUEhBeUiz8F5BkcTdesQCOnED9%2BDI%2BM5%2B4Qo4%2BMd3Qbf2AYnAg%2FWCzvE%2Fn7EhED%2BCsXwqY56QbOkYsCWYzLyqSj30w9UMdvZkLPTjdaD%2BipxPy92oCu7lPRPUnlouAodX660wh%2BJQqJBtlxZDc%2FyyAHVRUiXRroGdjfkQVWWp0sw%2BvRvrYgjXOmbGsZsehY%3D%7Ctkp%3ABk9SR97Qv_-aZw
AllSaints ‘Kushiro’ Black Leather Biker Jacket RRP £399 Men’s XS 36 Chest,99.99,Pre-owned ·,Sold 4 Mar 2026,https://www.ebay.co.uk/itm/306747657582?_skw=All+Saints+Leather+Jacket&itmmeta=01KKBZFX0VPK994H4X9T0KABB1&hash=item476b95cd6e:g:rlUAAeSwSIBpgeyE&itmprp=enc%3AAQALAAABAGfYFPkwiKCW4ZNSs2u11xCx5y2vdtG312LLk%2FdIRrulOlTiNc5WnMIokgQ%2BN6jt%2Bi1LgEEj%2B2kq1iLIl3o5oIcgSkGK%2BMnf9GzeYjBV5ni2y188pxhkYlJcUHHSNM%2FVrdW6cByHyd%2F6iul8SlFZOehyVH8Tvb%2FcB3feoyc6cpbAdQkBjWlBj1kXBR20tIwa0MDRn%2FHVsqEqbdVs%2FWLXy0AwA2z1uzER%2F8sq89qKMhrNEl62mclFoXzPQs%2B%2FXpMk2E%2FdmqEk4WpgwCwGxsV8xP5HGDYFBXdTlXk%2Fny8cYPycLgYPqizfm1LIdECzHNY1j%2B7msKnK%2FffAnN8k0otdaXo%3D%7Ctkp%3ABk9SR97Qv_-aZw
"All Saints Leather Jacket, ladies, size UK 12",130.70,New (other) ·,Sold 4 Mar 2026,https://www.ebay.co.uk/itm/306163011395?_skw=All+Saints+Leather+Jacket&itmmeta=01KKBZFX0VDFM2T12302BDYMHN&hash=item4748bccf43:g:EnEAAOSwHs1nysMV&itmprp=enc%3AAQALAAAA4GfYFPkwiKCW4ZNSs2u11xC8hRTCzFgvoQpA3vIF9yq3EGEjmBBU0ap%2Fpr7ldNWP%2Fc2j67P5FzKbNmw2HKJmcBT4BCZ9MbjUHnC%2ByVj3%2BfThpIOCP%2FqqwKqQzWwlViVIOIZwUXoYgUBeGEzJR78czm%2FTAQjoLug0l4XQLRILwt4Fe1oprUXtgt74DmpW8utIsvSuATRZdcjaEQ%2BtfBTg0U%2BpgDm%2FgNDTznpud13ihQQgPKJF50zpJvKT%2BQuYb12xROvrNQnFY%2BwDoWZ87i9qltMawyqnEziubNzyia%2Bs8%2Fgz%7Ctkp%3ABk9SR97Qv_-aZw
All Saints Leather Cargo Biker Jacket Distressed Black Grey Mens S/M *See Desc*,49.99,Pre-owned ·,Sold 4 Mar 2026,https://www.ebay.co.uk/itm/297745819935?_skw=All+Saints+Leather+Jacket&itmmeta=01KKBZFX0W9HBW1AW4V1QZ0BA8&hash=item455308a91f:g:dbQAAeSwXY9pD1ba&itmprp=enc%3AAQALAAAA0GfYFPkwiKCW4ZNSs2u11xAD5HKSX%2FFRNNkaurKlF9xwYCHzg26ZVty9XsRXJmuo0%2BE7ZVmnsKP4fkpUhRveZwc6Qzj5%2BY1%2BT0bLnMCqPslPvgu3Br3jh7L3Y7F%2FTIDTNEauxAelnwTFRanPJVdhlmG0tUggXykDnE3D5qiaomq0LV4CCiJ%2Bc0SS0%2BSysj3MA0Q3%2Bh60GWMi30mm9z2OB4YjBGBcfWbBroYSprX89VmFIYzEzFMfrUA2iV437RwpNYNorkjpweKSoZn3Z39VaNo%3D%7Ctkp%3ABk9SR-DQv_-aZw
All Saints Black Luck Leather Jacket Size Small,31.89,Pre-owned ·,Sold 4 Mar 2026,https://www.ebay.co.uk/itm/327018280684?_skw=All+Saints+Leather+Jacket&itmmeta=01KKBZFX0W747J6FBMX00A42X2&hash=item4c23cef6ec:g:GVcAAeSw~31pnw6z&itmprp=enc%3AAQALAAAA8GfYFPkwiKCW4ZNSs2u11xAZPTJIS7y7c1eKhqk6SzPpD1Wra7A4x%2BszNcl%2B2aOExdWyCb4dBHJ5qswWPyAyi4%2BINt88%2Bf5bSssmGJWfqPJcLO2Cg0l3WZnPnPy1ruV985TQzEfGzMJe%2FFjSLPQs4fyE%2FEX%2BW%2BcMs2clSfU2Ewtr88Zj85s9Vx7dEbMlremO4zLOKF8Q%2Fse0lLGxGQA%2BhxV9IJUldCo2EnGCWLVn%2BK7dyZEjGEeNaHBoBcWk6PHYCnWD6C5%2F3ImrmcfZtU7wnR4H3c9NDfvHhLy%2FkUVIIZRtLaQakJkLpNj%2Fbd3omOjpaw%3D%3D%7Ctkp%3ABk9SR-DQv_-aZw
ALLSAINTS CARGO BLACK LEATHER BIKER JACKET VTG DISTRESSED UK 10,60.00,Pre-owned ·,Sold 4 Mar 2026,https://www.ebay.co.uk/itm/405826630081?_skw=All+Saints+Leather+Jacket&itmmeta=01KKBZFX0WD9GKQFP0K1YZSH8X&hash=item5e7d26f1c1:g:o1YAAOSwVwZnGjWG&itmprp=enc%3AAQALAAAA0GfYFPkwiKCW4ZNSs2u11xDPVaGdxgZD%2B1FB163ktk%2F2ecKXmWmtcsI3JIj5ZcMGHOSbC1dEfGD4GUAMny%2BQpEUATdzq9lz%2FuPPRd9%2BYG1oIL%2F3KNgmK49RvtxF4W277U0q5MPrlO3rkePASRzotabm1yqIkFT0oCs25qs8vguaHtGVB8EW3sY74SvFd%2BK7%2BKmKFAJ8yJ39W%2BXPr8XidMBuWov5HUJlPLTHt9vQ8Ythy4BA4RdADjtrjiVxjMKy6EprJVBBcQmth2MCj6MeU5sw%3D%7Ctkp%3ABk9SR-DQv_-aZw
ALL SAINTS Mens Military Leather Jacket UK 38 Medium Black Leather PS10,78.61,Pre-owned ·,Sold 4 Mar 2026,https://www.ebay.co.uk/itm/188009852224?_skw=All+Saints+Leather+Jacket&itmmeta=01KKBZFX0WDRBZ40B5KF2AM55T&hash=item2bc642ad40:g:hWUAAeSw9zdpfR2Y&itmprp=enc%3AAQALAAABAGfYFPkwiKCW4ZNSs2u11xBfhTYa1BSVmJr1ws7p2cLNMqQqvWr%2FcnJpJtqaAiGYNihaGexZ7gr3t9PD2Zgrktnvi5%2Fuk3lEjlw6gUITFPOYK5TAf7vUukiPt7g4NyGGaLuggdIgicjz66owHXLChLyZlO2yT5YpuyHqxiVoFdbtTZ%2BrKOiiFuNGkYuCH6my8aph--J7cc64Bnk8qzU2glg0JTnOPvShzTPe4rso4MnA8deEdyBLyco5KnBLG6bbcb8TqOzw6jfT5dDspWSmef1TfDRbIeN3XLnR41nM%2Btl1UPKkcOV4fhlYwcgcD8In19FXvbVJASwRKX6S1GF7zCE%3D%7Ctkp%3ABk9SR-DQv_-aZw
AllSaints Women's Leather Jacket Size 10 In Very Good Condition Black,40.22,Pre-owned ·,Sold 4 Mar 2026,https://www.ebay.co.uk/itm/317950413570?_skw=All+Saints+Leather+Jacket&itmmeta=01KKBZFX0W9C46W3FX5AJR7BXZ&hash=item4a07524b02:g:xGIAAeSwVaZpp1G3&itmprp=enc%3AAQALAAAA8GfYFPkwiKCW4ZNSs2u11xD7XcFY8ghikqcfDFfWYEonYqgjVs%2Bi%2BwikqE%2F6mseiDUOQ7664z4AIeyiedDde9xBe4sl%2Fjh1huewnmSNW5L5db6dnU5CfD4quHnPdoB6bfpkwQrcj17c7ha1n8knIyIIfa6JygjTGUOhn6BEfsyg5oDOAu2KCfF4jKnPZYSqLrouwNLzWRWvkN9TtSrdLnVCxT19eugn8bpw1h8hnWYfILOflIfyGVCCoyZrevIOXCFuljhjUpM92t8U1nd27iHqGtB1phrcs4MhF1JZekHpb2btYfxa9DISWf73vW5ou3A%3D%3D%7Ctkp%3ABk9SR-DQv_-aZw
"TOPSHOP grey leather flared jacket size 14, All Saints style",21.50,Pre-owned ·,Sold 4 Mar 2026,https://www.ebay.co.uk/itm/127663212070?_skw=All+Saints+Leather+Jacket&itmmeta=01KKBZFX0WEQ5FQARKY4MNVK4C&hash=item1db9520626:g:oqsAAeSwGC9pcMo8&itmprp=enc%3AAQALAAAA0GfYFPkwiKCW4ZNSs2u11xBz6XLThLDW8gx%2Bi7qlV%2F2YFGgBlN7wfpoxqePvPj69BXPjqY3YtxLUQQ4OSHeY3gN9Nuk7Anel7IFHWMuIfDpSr9RCooiWBJ%2BCYYXkfXniUPPxmSi52878ITNQo%2BrTpBEpG3HHu9Tgs%2FgXy%2B1RKXYp4xD0CWISMk1Hq355N7YzDow3lY5ccBGud%2BCXRS%2BMWYv5SVxgA1p3fLLf1kgg3kzfL6GOdMeWQxsyZn9scKODLp8fcKoomc09AXQIWUj8UAU%3D%7Ctkp%3ABk9SR-LQv_-aZw
Allsaints Niko Sheep Leather Biker Jacket Mens Small Brown Soft Full Zip,49.94,Pre-owned ·,Sold 4 Mar 2026,https://www.ebay.co.uk/itm/306765616095?_skw=All+Saints+Leather+Jacket&itmmeta=01KKBZFX0WPQD610RJYPC0CJ2V&hash=item476ca7d3df:g:tywAAeSwp8JoYl1a&itmprp=enc%3AAQALAAAA0GfYFPkwiKCW4ZNSs2u11xDJW0O7QuX%2B6CYP4ejbeNPVbS2H0gDIwmsHVoLDUQRyNa6rnMl%2BYTyhgIyGP5KJW3d39y4QNZeGLXrwgQcmYOB8bQGQD37CRMY0WuAXNAZjLnUanZBOxN69%2BJ113iA%2FIH4RWqQjYKJ3JDQQ0VOHTrvD5quEIKupheAyju3zoDsJF%2FNHxLgkQo25lje%2BGo4azkR30yhpw5LmhkOj0qC6lkJTFf2x6h%2FIV6D5%2BtcxHNjZiJr%2B1Ik68Ycm1L9w9YuBm%2BU%3D%7Ctkp%3ABk9SR-LQv_-aZw
Shop on eBay,$20.00,Brand New,,https://ebay.com/itm/123456?itmmeta=012DEW30YG0MEEKND7NH&hash=item123546:g:acwAA9KNiJowH:sc:ShippingMethodStandard!95008!US!-1&itmprp=enc%3AbgepL1tlUHjMGCVfSTGJh%2BzsVKeJ3CQk7NizDI4BZeppuFnmyS6Ijyp8lh%2FnEw%2BWqO7uTV1Q6izE1R0T54aV8j71F4xlWfVcGft4%2FiOQhtqVXA1rW6M1atPARQRmhqUxtEPJKhKtSFgI%2Bvwlzb0GwVCtkp%3ABlBMUObkmabpYw
Shop on eBay,$20.00,Brand New,,https://ebay.com/itm/123456?itmmeta=012DEW30YG0MEEKND7NH&hash=item123546:g:acwAA9KNiJowH:sc:ShippingMethodStandard!95008!US!-1&itmprp=enc%3AbgepL1tlUHjMGCVfSTGJh%2BzsVKeJ3CQk7NizDI4BZeppuFnmyS6Ijyp8lh%2FnEw%2BWqO7uTV1Q6izE1R0T54aV8j71F4xlWfVcGft4%2FiOQhtqVXA1rW6M1atPARQRmhqUxtEPJKhKtSFgI%2Bvwlzb0GwVCtkp%3ABlBMUObkmabpYw
AllSaints Leather Bomber with Zip Hood,75.58,Pre-owned ·,Sold 4 Mar 2026,https://www.ebay.co.uk/itm/336399918960?_skw=All+Saints+Leather+Jacket&itmmeta=01KKBZG2XY94Z0JA7M762T2M03&hash=item4e52ff6770:g:YaUAAeSw~UZpcTiQ&itmprp=enc%3AAQALAAAA8GfYFPkwiKCW4ZNSs2u11xCrRcAbXpRVbBfEu8YTzwAC5u5InhHNJCYge2j62CmI0aNSqBdez7cC%2FHrCLDAu5oezxZDTs%2BWyp6ckOFk29B3m0GN%2BpV2VLlfMfx1nifItE7rL2r0VZQm9EpDBN40LbrS7H1mG%2Bv%2FX28tdAT%2Bl2eguvHR3VGvQpggrDcrE4tED2O5VUUNg8PirseRmEA%2FtbCimTBX2abAXrlXsZrD6Tma9yyXElHTdQD%2BXH4Y353ECFmNmh4PWBEG%2Fp4TAPPmq7SCan6dhD3BTkBaJZSSmbMgkzieVbUaqIzMn7XEYo8EqEg%3D%3D%7Ctkp%3ABk9SR6SvwP-aZw
All Saints Nassau Grey Leather Shirt Jacket Shacket Suede large,104.70,Pre-owned ·,Sold 3 Mar 2026,https://www.ebay.co.uk/itm/326847753317?_skw=All+Saints+Leather+Jacket&itmmeta=01KKBZG2XY1NHC74NWCWDRJYSH&hash=item4c19a4ec65:g:lC4AAeSw04ppCMNX&itmprp=enc%3AAQALAAAA8GfYFPkwiKCW4ZNSs2u11xDoBiN3M8RCX8kByLvEwfCayn4vgaBZbSFsbrJMiI%2BHIvsAZVYy2IP5jBqcpb4GevMOZ76zER32FsXEW76TDmRkROIJHxOGDBIh98B0mmNgQfaWRIXZx19A1k%2B2e6f6mkb%2FoTCP90FlYVvLthyrg8fw6nE6IIwXDN8Skr8DJgfs26sYkfmWhCwigqRm5q4JU%2BzRcl07OwdXyTxV0UVN2i2YcbtxYrcIl0G8tgZwylBdx0w%2B0SDAwzrSw8nYRlBQZM0eEqKGBGbwC%2Ftx9i7dVAutxAUzHBPuxd4nyqg5KZZ5PA%3D%3D%7Ctkp%3ABk9SR6SvwP-aZw
All saints (men’s) Garter Black Leather Jacket Size Large,99.99,Pre-owned ·,Sold 3 Mar 2026,https://www.ebay.co.uk/itm/306749241875?_skw=All+Saints+Leather+Jacket&itmmeta=01KKBZG2XYKVBSFH2AHP48GZVY&hash=item476badfa13:g:3QMAAeSwk0Rpb2gu&itmprp=enc%3AAQALAAAA4GfYFPkwiKCW4ZNSs2u11xA226lryZb94QLK30jReQNUu8la1EDjd3VugPbKoTuUitLX39jR6h6Q%2FM3KN1NFW7pGh8rpJIcbWJTPruotG5%2BQcUZDgaDefe0Yz8oT4RR5EiOeYAv0UutkqsNU8MjOWTb7c6HOhoCJIJg23Iv2x0W3AUZARHQUbcnU7glAv3oaYFcTxh6SHrnrjiDdB8K4ry39nsUTW5zGRNerZ1oYKG%2BlhxYDFkrKKhEnsy2tOVCXZQu4dhGJ3vIQpj3WplhPqsUWVJhCyvcq7Rr24GPkwX8h%7Ctkp%3ABk9SR6SvwP-aZw
All Saints Ladies Real Leather Jacket In Black Size 10 Excellent Condition,26.08,Pre-owned ·,Sold 3 Mar 2026,https://www.ebay.co.uk/itm/137068843406?_skw=All+Saints+Leather+Jacket&itmmeta=01KKBZG2XYGVR97NJZCA52DXRV&hash=item1fe9f0918e:g:DlsAAeSw4uFpnhti&itmprp=enc%3AAQALAAAA0GfYFPkwiKCW4ZNSs2u11xA%2BaBEihF1mJUo3vVojY16ZOSTRvSjyVRPTZuohPQWY8STKl1NDc5DHLPlKa%2B1xAWpLDd6Kqp6N%2B4N4HZEHjzCBg0epcvlj%2B8JprxvknZEYYbIu3QcYPkIodPk%2Fs6MC8epZZetpcGxupNN5%2F1X8dgkPEVXR0YSMv5BWfGFFJH9FQkJQY8Bt1Mxp%2FI8IL%2BhVffScNUt%2Bn%2Btq3UJKoYqZOqEB19ODdGnOE2x6SSrJInbJJBqVBF8JswODZ1KXnfCOSLk%3D%7Ctkp%3ABk9SR6SvwP-aZw
"All Saints Women's Leather Biker Jacket Size 12 'Catch' Black, See Description",34.99,Pre-owned ·,Sold 3 Mar 2026,https://www.ebay.co.uk/itm/177903569214?_skw=All+Saints+Leather+Jacket&itmmeta=01KKBZG2XYVM0HAAJVCC5HWMFF&hash=item296be1093e:g:bIAAAeSwYoRpoeN2&itmprp=enc%3AAQALAAABAGfYFPkwiKCW4ZNSs2u11xBANByfPndDHTmomw%2FJ4%2BP7Y9vtU5cDsuWjqTcdLOEYLOF7K2nwe6dAuvo9JpDkNLgQnDFYNZ2g%2F980YrkRVQylMxRxTbbnTqGfCJvbrUk6zCLtRWtkA3rCbv1puRaomiG%2BpkW%2FgGel%2FCdqLPjBuG1ztcZmukZvw%2BGcpTSOGSV8DvwRMy7gA9RUlny8--ewfj%2BjS6QXDrPaG9H9mZeABusRW%2FgH6%2B0PGWciW3kIvPcSwTsaZCC3AfBr9W8qI0K1eOWPlH1L1PFW4SmcmW8ityMU4riYNC%2FJHUnnShPZFJdTHjtLcM%2Ba3tJpvFHbue8mziU%3D%7Ctkp%3ABk9SR6SvwP-aZw
Allsaints Leather Jacket Bag Charm,8.66,New (other),Sold 3 Mar 2026,https://www.ebay.co.uk/itm/277768336441?_skw=All+Saints+Leather+Jacket&itmmeta=01KKBZG2XYCP6BKEJKEKQMT3RJ&hash=item40ac487439:g:Ts4AAeSwT6hpnGeR&itmprp=enc%3AAQALAAAA0GfYFPkwiKCW4ZNSs2u11xBr%2FpWYGmxv6V67cNhmQWneLcapqpjqq6WtG0YQZc%2F1nH53rgvXimY%2F88so1BhRxCNlpFmnzkk9%2BAwyaR3eexmMXKh2aB6Wiiard3ASWeCUdr8V2PGHKj5d2Fej4gLONPEZKijYe6I4SZyIV4OK88%2F5VDyBYxOdcoG1FTNqYqw1KhfMUIuN6YMBWroDRwCDzFFjZCYGIemnxqZyIYymMckXKb43tqkHlSCZp80Js%2Be2%2BZ1XURVD9IvQFJfwhvJA69A%3D%7Ctkp%3ABk9SR6avwP-aZw
AllSaints Women's Suede Dalby Biker Jacket Beige Leather Zip Pockets Size 12,104.70,New (other) ·,Sold 3 Mar 2026,https://www.ebay.co.uk/itm/389614191966?_skw=All+Saints+Leather+Jacket&itmmeta=01KKBZG2XYJZPYE8XHZHZ9Y9CJ&hash=item5ab6d0c55e:g:mE4AAeSwAWlpjmFX&itmprp=enc%3AAQALAAABAGfYFPkwiKCW4ZNSs2u11xBzfrb%2BBFANL43OumCPspsRj5zK6ejM5z0njqumVGsuTpuseNAVogh3XFcOd2GGJ7VXbolaEezfDSR2CD26GwojLdUyljE1TsLTcDwBUkLJUX2sF8PvYCJlRdKVtT3bmw7TkTfSqxo6u8Y9cGHRXztR3tflZ6rrNDLNOE8pgDa3CoogNzrmQpypEIhTAEVKaPb7iO5%2FZfR7bVB5%2BNubfKXfXW4X%2B3Kb9o8XDbPO8BggTX6GAJia8A%2F1zbZv6gLWZWmo3EkaBR6GQaPk%2BFJ9xfiCqGPKBNJ%2FzbXEMCjSPQrxvyexFRqAyZ74WMMcZF%2BaKNc%3D%7Ctkp%3ABk9SR6avwP-aZw
"All Saints Leather Jacket, KOBEY BIKER Unisex, S, leather jacket, VGC,",26.12,Pre-owned ·,Sold 3 Mar 2026,https://www.ebay.co.uk/itm/177898833129?_skw=All+Saints+Leather+Jacket&itmmeta=01KKBZG2XYF1C27D2WRJ8QS6Z5&hash=item296b98c4e9:g:740AAeSwXVppappC&itmprp=enc%3AAQALAAAA4GfYFPkwiKCW4ZNSs2u11xDUFKZ7QNx0mtZHrMGwWhN2xlpNdc4oxWqott%2BrLa0o13qGFzMtvVfY%2B6sM8ywkVBpGwVO5XrLevuTkpCVh3O6SaG8N9j5QV4DgzFgyE%2BgQe3JhIFdSOTX%2FmTKaa%2FLa6FibpEMYh9kM%2FoV72TFmPjNMpdhmUan7xW2P5TVHQ5vQa7UqSgDl3ERl%2BU959%2BJ3SqYAjT4A9h3%2BfVyV1ag9SGnEqiQPCZNzU35bvhwJZIbaCtEjelEO--9dt9zo8YHCCwgT8UCWApMfcIkyWtZ%2BYuB0%7Ctkp%3ABk9SR6avwP-aZw
All Saints Women's Black Leather Jacket 14,104.70,Pre-owned ·,Sold 3 Mar 2026,https://www.ebay.co.uk/itm/227201598548?_skw=All+Saints+Leather+Jacket&itmmeta=01KKBZG2XY54AZFB1ATWEJRCQH&hash=item34e6454454:g:BJUAAeSwjuFpgj92&itmprp=enc%3AAQALAAAA4GfYFPkwiKCW4ZNSs2u11xD91sgrKPDFY0ekJfFf4LrQ497T4P4j7uYzM7OPP8REj3sf8s0ewdwOPmEwU8DyMQSC753msybxaiWWSZHYwOkVmbkBsKueUCpqxTzzvOcYRAtQh1qQzcvB%2B8P7ejQKe0SKOyXxl5PgeGvD4WEGpwCv8V9n4kv2Z6QqPglcWsJNFGZjeD9QdHBUjq22pzWeVEmy4ttAWDR0dBchmj01ZeKeVNM25%2FYMAfDvHgHJqSDPIvW5HAZjsLvy6T4Uf4xkUcD%2BkLnRe1tzIlJNmtoP7Cv8%7Ctkp%3ABk9SR6avwP-aZw
NEW Allsaints Dalby Leather Jacket Size 12,121.29,Brand new ·,Sold 3 Mar 2026,https://www.ebay.co.uk/itm/127702542696?_skw=All+Saints+Leather+Jacket&itmmeta=01KKBZG2XYVDFYA56QCTS1PKV6&hash=item1dbbaa2968:g:1XcAAeSwimVpna-P&itmprp=enc%3AAQALAAABAGfYFPkwiKCW4ZNSs2u11xAxDaZIBcpPFnYIEkXHmdkkZ2X58ULhuNW%2FfXv2Xg5XMTkvP3W0voMuyGBc%2BJx3mSEZL4AtHcpymF0%2FMr4oepPM5RLBop03Qv%2Bi9wXmPaBXY0axXzYdiJbcSEicJAMCiUiyROsKwdolz4jERGHpTFDYAaBd3Qt8kmX%2BLRtcWfNMJLbRgoU24nGslgSgYQGbHXx5J20LMGp7Eg%2FzP6z%2BZ7pMYvcHZkMQG4ZZ%2F6my4fnDD4xAVZpkM06OJ9h1Qn5Lu7IoVC6zJ52Tc3rhSUYa7f9hp8GMigDBcuOZT5R1PEwdTDPSFIcvFioXvelEPxGFfEY%3D%7Ctkp%3ABk9SR6avwP-aZw
All Saints Black Cora Leather Jacket Size M,144.99,Pre-owned ·,Sold 3 Mar 2026,https://www.ebay.co.uk/itm/306722955030?_skw=All+Saints+Leather+Jacket&itmmeta=01KKBZG2XY15NPE4KEST9RS96E&hash=item476a1cdf16:g:v9MAAeSwGYZpb2vS&itmprp=enc%3AAQALAAABAGfYFPkwiKCW4ZNSs2u11xAkqocIf3HHkOjyiyCJunZL%2BJDKBo7sjT1tP2WUaBJ3c%2BAduENLRoBhfh%2FXhb%2BHUe16epSn%2Fwpb7MAsH6Gz9Vrs%2Fb5jYcXSGRDLawBAIeLBndGAG5ljcBI77khvj5erN7mkjLmT03n9RGMQGdUw47tT2EVBzIbegBwUOj0H8vFDNep5qTaBeJDXwrt7clourmeL2pV8Iwydm0Cd330o%2FrquDFkZCX3IEYrJ8tWeR05jhQDUU43G8uEUlcUXsvtaklzS3MAKPih8C1v6qhnXonvfs8q9jP2ftAasv7jNiIOTKlKpalbQ%2BsPAd9egrhFq0%2Fg%3D%7Ctkp%3ABk9SR6avwP-aZw
Allsaints Leather Jacket,94.30,Pre-owned ·,Sold 3 Mar 2026,https://www.ebay.co.uk/itm/176786873395?_skw=All+Saints+Leather+Jacket&itmmeta=01KKBZG2XYPC5715SM4WHWEY76&hash=item2929519c33:g:GusAAOSwd2dng~ih&itmprp=enc%3AAQALAAAA8GfYFPkwiKCW4ZNSs2u11xDEjVZZs4o0kB%2BRiAGtW7XgTw29%2BwwY3EzqenYrzxoCOVvGhGxmRJVu1utTmX5lSp19SoCcgyQ%2Bj48WYK6OK1tiIjITWmhRcagb8CIm4ji%2F1kCgYqFyLunH3qcjEA%2FOMD1D5k5PinyW9VbfkC4DtFMyVY3%2B%2FkUw7oGXpS3erYhOOc3N13Nnv7PXfEORiG%2FQ9F78TO1U%2FyxTm8wlzJ4fsxIvcV5SAsOkFKrTTS1wi493wvCHmP0HuRGwKTCePA4o9%2FfgBJBipW0BVhDm%2BHoGDp34Alzr%2Fjn90cPT52h1j2ZduA%3D%3D%7Ctkp%3ABk9SR6avwP-aZw
All Saints Ladies Leather Biker Style Jacket Size 12,55.00,Pre-owned ·,Sold 3 Mar 2026,https://www.ebay.co.uk/itm/336458754162?_skw=All+Saints+Leather+Jacket&itmmeta=01KKBZG2XYVHA7RFSR3GD615WJ&hash=item4e56812872:g:aK8AAeSwzrZpfcbS&itmprp=enc%3AAQALAAAA8GfYFPkwiKCW4ZNSs2u11xD8RqIE%2BICsIVccOeBZt2bCbrn2oKiWWL9rcxM%2FAiGFl3hmUpFNz4VIXMs7VzZjqU6P4iqljj19kic1A5l%2FIhfO4Tp4%2BE4S7H2%2FOKUY0E7v3KMO7kvyPAvZozOncTtZl%2FU%2BGMPktR6BGI0EFhhhlDguImooBA3ZCgXvxtuQ0PNoHtdJZkOiu5j0XTxhgPBycYwMiEbQABBlQXMUW8y3XfXsfPWEENWHyUKODwrOQeP87E2YTDTEmUOBAqXFjSxd8xKYTlt%2BC3cvKuBn8XytuaNMA6V8jNxH1pZC14PK7sWsAg%3D%3D%7Ctkp%3ABk9SR6avwP-aZw
ALLSAINTS IRWIN Leather Shirt Jacket Mens Size medium Black Biker Western,74.99,Pre-owned ·,Sold 3 Mar 2026,https://www.ebay.co.uk/itm/188108599628?_skw=All+Saints+Leather+Jacket&itmmeta=01KKBZG2XYPPFKN7E76BSTR7B3&hash=item2bcc25714c:g:q2oAAeSwSgppNBC0&itmprp=enc%3AAQALAAABAGfYFPkwiKCW4ZNSs2u11xCphxsfjzywS1i6uf8B1j7P%2BTk4S0UwK7T8QCmDzamyWbKzDl1WmQA6SQUyULd5m3C2%2BC%2BdSzZrvCHRRewgrYCGczFOkM27rp%2BtwwbO8WHnYbi4nRa5WZrRe6%2FrsEBj8rBDyRBI8NDdGYb9o4wZWvoAplw9790QxSml%2FzE5LtRVE4MNfFDl0pdpbxAVQsQPDA2LXIAI8QQO3n0DkWNsrr8nPxWMyBboS5qxnEBJVfj4fj9cFPq6buDIWG6Cd%2FgW5On38M8EUTLhpYBtcfuYy9arkZG%2F%2BU9tqZdTm1V9Ibv8TLIcZWFrrLP0z%2FQ79iNUlIA%3D%7Ctkp%3ABk9SR6avwP-aZw
Mens All Stains Jacket Size L Navy And Black Leather..,30.00,Pre-owned ·,Sold 2 Mar 2026,https://www.ebay.co.uk/itm/406718900937?_skw=All+Saints+Leather+Jacket&itmmeta=01KKBZG2XY7818DQVAG53SM2YA&hash=item5eb255eac9:g:6-kAAeSwY1Bpb4pR&itmprp=enc%3AAQALAAAA4GfYFPkwiKCW4ZNSs2u11xA0d3Qzal5IM%2Bmq%2BdbrW%2Fwod0YM9ordJnwXbf3j2bhLklKhf1jIy65CsSqfDCicVcBrhieHnXuH8xCflcrBRZKJHM0RrQ0%2FH08vjK8qEkvoR6ickuUzgTziKCe9K9RDHT67N9Ah3l%2FsdNcwxpMjVvjMqjfT2TjAnFz0Qo8a3x9FIMeO5rkDb8GeVFg9Aic%2BfJw3ARs67%2Bt2isLn47Nc%2FXQf7%2Bs8C%2FitxwRaLT4MH%2F4ot%2FXy95q7bkOxYn9YebBYxEv9h85csUfZt6bQCR4GLM3W%7Ctkp%3ABk9SR6avwP-aZw
AllSaints Women's Leather Biker Jacket Size 10 Genuine Leather,83.89,Pre-owned ·,Sold 2 Mar 2026,https://www.ebay.co.uk/itm/147178900789?_skw=All+Saints+Leather+Jacket&itmmeta=01KKBZG2XYDZCGGCP3ZBJPZHHA&hash=item22448bcd35:g:0FsAAeSwqmlppE56&itmprp=enc%3AAQALAAAA4GfYFPkwiKCW4ZNSs2u11xA%2BuQOKjvPGA%2B5gMixhZo9q5nLW9PB%2FHOMtVOCuyxFJrkU443VcAIWcq%2FlnxpwhqOBDwXevGQCpl27cwEDcIMjc1oSIKOL%2B%2FJoT3QbCEfh8f2bvLZ%2FxCY9Xh%2FalVH4BroWpVwILh%2FNwVpgH3WIdER1VgjpDuwfMK2Z%2FU6bkxovO1meLsEboeCVl%2BFTDTGAGUDMfPLmyJEfAz9Y%2BYQb7ULSKIxsNiK83OKm8why3AX5sUdMJF%2Bou3e%2BiDJzg1l4wovko1%2FuzDqlm2O0%2BnBRCEQ3Z%7Ctkp%3ABk9SR6avwP-aZw
AllSaints Women's Leather Biker Jacket,16.68,Pre-owned ·,Sold 2 Mar 2026,https://www.ebay.co.uk/itm/257375463783?_skw=All+Saints+Leather+Jacket&itmmeta=01KKBZG2XYYR2QB8W98750JCJZ&hash=item3becc5e967:g:rDIAAeSwVptpk5Fc&itmprp=enc%3AAQALAAAA8GfYFPkwiKCW4ZNSs2u11xBVRPbYBLUg%2BkmSl%2Bt6LxkovwD7rtvLQaPOfnsTbQHDiFD3T3cEcBExmg5iaPg1N2WD9fRm3OgryLteAm9HuBvdZu%2FuQX8YMz5U9twu0ceF12teS%2B8m2bQ52UokvwQQA5fqcRNnivMMffqFPOZkwEzwYzMyTSbDSi25eAgIbIIgXgDZG96lP3Y77rgCCl5Hj5uLhuqt7o0ilL3ilm89WjEgyieGSdIARQtjLefIaQGRhA9b1j17NTC2Vv0cEMgw82mM4ZcgCDqh3UH6EloTrQAFfx1rL%2F4ojdzt1oIO5sj58Q%3D%3D%7Ctkp%3ABk9SR6avwP-aZw
ALLSAINTS Womens Leather Cargo Biker Black Jacket Full Zip Pockets UK 8 CG M25,23.01,Pre-owned ·,Sold 2 Mar 2026,https://www.ebay.co.uk/itm/376986820679?_skw=All+Saints+Leather+Jacket&itmmeta=01KKBZG2XY3VYVH2V9C5GHNQ9B&hash=item57c62a6047:g:7OMAAeSw7ylpnLVf&itmprp=enc%3AAQALAAAA4GfYFPkwiKCW4ZNSs2u11xAdDA6pD4lv0fT5M3Eb3KloxeDuJh63OxObkX9SbVisIqz%2FoefKFHMgh%2FLTNVMaHgnhHhZJ2KXrhPvySxoe0LO3YpQto%2BdJe7jyvh%2BJoNilL9Vnf3%2FQp3phl5p21uwysBDk1XoaoKPWHinlPN51YJyq4J9Unhed2Q6tLY%2BEiY9KYdZ1viz5PUYmwKjX%2B8a6bDzt7VGwXbrxrIRU4rgUuSX8Fk%2FmeENGMHvSnxAD%2BCHWvNsuWUtvtMZBGA2E2MUy1MywEnDbH%2BNmWMNvyOlYPl7l%7Ctkp%3ABk9SR6avwP-aZw
Vintage AllSaints Brown Leather Jacket Distressed Design Men’s Small 38 Chest,79.99,Pre-owned ·,Sold 2 Mar 2026,https://www.ebay.co.uk/itm/306730477942?_skw=All+Saints+Leather+Jacket&itmmeta=01KKBZG2XYE0N645F5A6X5WDZ7&hash=item476a8fa976:g:IIkAAeSwARhpdjCi&itmprp=enc%3AAQALAAAA4GfYFPkwiKCW4ZNSs2u11xDQD4nQJd5fanTgLcHrxjQa7Tm0rp%2FiWyAgAvKTy0Q0PA8bs05LNJME63WEsrLIJZaAmfoj8qkmROI1MC4%2Fv6QO8Xsk%2F3xnEj8%2B%2BuLhRnCVcsnl%2FqnKWIjyzn2ZqBy1yt9%2BJ65iObjnfz%2BpoeTAwM6HG%2BLkitPKNn%2Bc9N6l%2FDrBVYBUwQk3nA4fMr6B0tGZbejtkqR0xhhq2c9359G%2FCGEKIwAvofU5te4Cw6fuvpIEImmsihxEDyx3fttc9GYVyw1jxc9Uk1kSN%2F2nSV2NoUEV%7Ctkp%3ABk9SR6avwP-aZw
ALLSAINTS Leather Jacket Black Size 8,31.90,Pre-owned ·,Sold 2 Mar 2026,https://www.ebay.co.uk/itm/226599168355?_skw=All+Saints+Leather+Jacket&itmmeta=01KKBZG2XYJ5651F4EA2RHR046&hash=item34c25ce963:g:o6sAAeSwDfZnsD57&itmprp=enc%3AAQALAAAA8GfYFPkwiKCW4ZNSs2u11xCn8zdkyuTBvNsiptLJIg8EqyihkrqiSCMymMkeMtjuo6wvCWA5VEgmEePf%2BQ%2FNRU%2FSc6Q9sy3xr163K%2FhRmTxGK0ZUuCCxBtrGMzzXtO5D8gj7TTApvri969XzpBjk6F9RUgYZdUfCwUEFq2bG54mqsmt7O4eVuWI3RJH6menqcEDzN9hAbNMZ6Q1VaBBPXKqHpnb4DgZNe0I59JLTlMkn5yNn%2FVA9Rq0qXvEaiL7GxSkFiDtANkjQrKjSBTyHNTtZxNDqddwlyQug04Q8%2F8CrltwcIGa8orQWTdK2mwFchw%3D%3D%7Ctkp%3ABk9SR6avwP-aZw
AllSaints ‘Rowley’ Brown Leather Biker Jacket RRP £399 Men’s XL 44 Chest,99.99,Pre-owned ·,Sold 2 Mar 2026,https://www.ebay.co.uk/itm/306755822286?_skw=All+Saints+Leather+Jacket&itmmeta=01KKBZG2XYXDN14SSSS8VR5H09&hash=item476c1262ce:g:RsEAAeSwmehphzLX&itmprp=enc%3AAQALAAABAGfYFPkwiKCW4ZNSs2u11xCy%2FXVG59W6FU5%2FUv2GVkcarRQ2e35maj8x6x086AWbvxdqn1vIzUO86%2FIhSZbsQqiwXkmbfldd2neBG%2Fm5xE35U1GOh66pOESUFTCvMXorbomR%2FCLOSiyI9yMcc%2BxfeIFw%2FJl7zsG4QfYbhnVDrW4yufCzBBz8OX%2Fn%2FBp8orlIlb3ymwhR1NsiIE%2BjWfBXvRJ%2Byv%2By%2BpWYDXvY%2B7R7rDBmiawoMRgphsVMj24q8mZHlTTMKeuNyVgMmg3PPHlTzE3phjJzquv3DmTT2ouymnV5SpIV562mZ1Tgrm4W4%2B8Z4JvrD0duoseZMGcAaBM744w%3D%7Ctkp%3ABk9SR6avwP-aZw
AllSaints Bales Biker Leather Jacket Size 10 Absolutely Superb Condition Black,55.00,Pre-owned ·,Sold 2 Mar 2026,https://www.ebay.co.uk/itm/117057429234?_skw=All+Saints+Leather+Jacket&itmmeta=01KKBZG2XY118ZAY58T3ZGFXDC&hash=item1b412a9ef2:g:yngAAeSwPL5pHcEU&itmprp=enc%3AAQALAAAA0GfYFPkwiKCW4ZNSs2u11xBtawL0zvro7Gj%2F66BUeddb%2Fqoaw7lRkseut%2FeiM1S67Wxuia%2BkVMj%2Bl4f7hx4KKOfz5Qn5kauXXnWt1qYJZiIHPC%2Bzd614SCuZDZ6HuCs6a1st%2FRJ4%2FU7RFVThLYiTSTJMN5UV0dpVU8mxG%2FquBiIRMf6NETFFBYkhsq3j%2FyyC8liJ6IHcs5BGINBwz0kTS3XayMnmnhCbelfpj9SoU%2BC3zbvR34RnPvJ%2B2MRfu%2B3DxqhpiMsQu6THwgjq1pBaIuY%3D%7Ctkp%3ABk9SR6avwP-aZw
Allsaints Men’s Leather Puffer Jacket,63.10,New (other) ·,Sold 2 Mar 2026,https://www.ebay.co.uk/itm/198130591401?_skw=All+Saints+Leather+Jacket&itmmeta=01KKBZG2XYNYCHY886FRE53SFW&hash=item2e2180e6a9:g:~MUAAeSwLnxpfzep&itmprp=enc%3AAQALAAAA0GfYFPkwiKCW4ZNSs2u11xA65bpAuYmokDpZZx%2Bf7uXv4oyfSxVUQ0TVl%2FHrIsFpH0NkcqjAjveOX3U1Iu8lhV9H700xYC0Ng%2F2hYZEu4%2BHKstul2lguNQlS%2F1fyB%2BfKbj8rH7OiffqqPG6c51MNlAOn6hbhWnpnTmfeR1pj1BybNuNat23oX10BBfTIITRxbSRE2KYPUvlggXJw3N0Mlaq5HYDy9p4PtwKN4Y2kt%2BY2VaEQF5UDcb3ls0EtKz3Z13dyuIQLioPbg2C9vlC%2Fb0M%3D%7Ctkp%3ABk9SR6avwP-aZw
AllSaints Cora Men's Leather Snap Back Collar Jacket XL Brown RRP £389,149.00,Pre-owned ·,Sold 2 Mar 2026,https://www.ebay.co.uk/itm/177725483063?_skw=All+Saints+Leather+Jacket&itmmeta=01KKBZG2XYM4YEGC0EQFNQK6YV&hash=item296143a837:g:~~kAAeSwRXhpU9QC&itmprp=enc%3AAQALAAAA8GfYFPkwiKCW4ZNSs2u11xARSSsSE9iwx6QObe1VUvjH5v9LgtdY1DUqD1UrNe5%2Fq4qCUCtpNNFE5iBSdODIeWao8W0Tl6jN%2BWDFKg5gF0PMBHynz0FeFDnAaJJpcqMPJ%2FYFT3lmSS7K7cLd3a5jUCkyoHlbRsDAF5uGasbq%2FVePxdLsRT046z%2BHLEl6FEyGqUy7ET60r6YI9OIl%2BKUUUmXLsDZZuu%2BNzgaEwE1uDuZrPWKttxxzyWJKEpQyt0G4DDYHlUAPnKxfCXsbhNoPBADWvs5Yk3d14Ylw4ApKaGyH%2B6yLf3iGxx4WxmQnf4C4mQ%3D%3D%7Ctkp%3ABk9SR6avwP-aZw
ALL SAINTS Leather Biker Jacket ‘Ferel’ Beige Khaki Bomber Men’s Medium M,39.99,Pre-owned ·,Sold 2 Mar 2026,https://www.ebay.co.uk/itm/397139513941?_skw=All+Saints+Leather+Jacket&itmmeta=01KKBZG2XY85YF5SC82JYNJ7MP&hash=item5c775c1255:g:2-QAAeSwrZho57S~&itmprp=enc%3AAQALAAABAGfYFPkwiKCW4ZNSs2u11xACvO1VzKVrsk07%2B2gynCr0PgM5xBrNq%2FYJZtM9DytdTZZHWwWJgBiwZ%2FndBIKBluXW6K7IPc2g9qdFlisoD%2FyQKaPZNVFyk3UBOkP0emj1XhPSfErQeCF%2F6KSNWNfk89931ysq7PWZfNc48ibvhA9WpIfNTjzj9RzEABtrdmRX38A%2F6gYBCbVQnOFHnGlHu3NoQkDwgaBxlfwxgObfXCtXK%2FcJDXn2ilFM9XyEn2GrG%2BnC87FFyLcLceL%2BeIFf9wMDCmwulbZksLF%2BkSLC0zEk6WqyXyyqKdfnOvLDlZS2ptSkxK7JvM4GYnB9ZC9OeyE%3D%7Ctkp%3ABk9SR6avwP-aZw
BNWT All Saints “Kaya” Mens Leather Jacket Black Size Large,187.90,Brand new ·,Sold 2 Mar 2026,https://www.ebay.co.uk/itm/326960612268?_skw=All+Saints+Leather+Jacket&itmmeta=01KKBZG2XYWCKFDC3QRE7SGH5S&hash=item4c205f03ac:g:tjQAAeSwYkxpbOf6&itmprp=enc%3AAQALAAAA0GfYFPkwiKCW4ZNSs2u11xDIYSltcO6f3xTLZabcBCcGeTuAscN6mWkFK1n76hnE6YFq5P7vy%2Btq9P%2BUke1xbnS%2Bs93zRRPSDsKW17BmO1oAUp8WOTgOr%2FanKpIeUUuDX1O1q76eFRwTItv%2BxOf5IiA1w2YYLS6%2F6VCSFEQIIF0avTv6suMxM60wHHz9P6oSmPwbKKf%2B7DayrgnQeDcCXAPdRNMSGjkXbYYt2xFu2plqgmJ22qrLpUhcmFD9iz2zHxLgoyWmdrc4aHMsuVODMbc%3D%7Ctkp%3ABk9SR6avwP-aZw
ALL SAINTS Leather Shirt Jacket Mens EXTRA LARGE Black XL Celebrity LORRIMER,279.99,Pre-owned ·,Sold 2 Mar 2026,https://www.ebay.co.uk/itm/257380671332?_skw=All+Saints+Leather+Jacket&itmmeta=01KKBZG2XY8DE74YH1NHSZ4WWB&hash=item3bed155f64:g:TdoAAeSwwV9o1Vi8&itmprp=enc%3AAQALAAABAGfYFPkwiKCW4ZNSs2u11xAVCUl%2BxAinu9YVlzBVopTvYDlt7z2tmj6AfNFYkqsXGNUm6ORBsprQBhPDzBWbt9BDtJfnLNADlMj%2Byyq1vkQIsPHpEYhG7vaKuWSJ5NSoo1k9kFnmX%2BZ0b1v%2BCJC0h8HuOvVKG3jE2yU9pqazeVmQm0LBIfHpXZ2FSHl%2Bps9x%2F5xLXMD0pxWekGKhDeLHxg8Dp7keT6dnzF38LfG4CDAQYXWqSQvtDC4T4RtcjcZF3nv7ZqbkDpmCNtg4Cq7P4%2BKO6erhMc9%2F1LK8EEeVkBtXWio9Nj3mD9hNb6kCu1vQs4veCVUEhMqJZtz%2F8xqB%2Bqo%3D%7Ctkp%3ABk9SR6avwP-aZw
"***GORGEOUS***ALL SAINTS CROPPED WORLEY BROWN LEATHER JACKET, UK10, US6, EU38",115.10,Pre-owned ·,Sold 2 Mar 2026,https://www.ebay.co.uk/itm/116372064283?_skw=All+Saints+Leather+Jacket&itmmeta=01KKBZG2XY606CSH5629R51YZ9&hash=item1b1850c81b:g:B4gAAOSwXGFnHZCo&itmprp=enc%3AAQALAAAA4GfYFPkwiKCW4ZNSs2u11xAxw%2F0N375s7BY4rmclWW2ymf61GpGeu31qnpx%2Bt8A9jEa4dyNNUu%2BGoe5trkpI1LLdbLKTiPyMsId4JRI6NkMuRQyubbBhAl8rY3akwZFx2lfGcRnm%2BKMDVovP%2BbEPupHGgbwRHFkYnKzeV8BXG0qBSE9dMrVP3pG1dv8mFQp1V8N697QTLghdgdBnaYOBX99CczX35rnOkgUhQMwajz91vzqtcQ1lA28uP4aTdeh908%2BgfntnPNsiwfnJcNXrc0yy5QugdfTG03CxIlNXeyVW%7Ctkp%3ABk9SR6avwP-aZw
AllSaints Men's Leather Biker Jacket Size XL,31.90,Pre-owned ·,Sold 2 Mar 2026,https://www.ebay.co.uk/itm/277748978906?_skw=All+Saints+Leather+Jacket&itmmeta=01KKBZG2XYVEWRWPBWQ529J5YY&hash=item40ab2114da:g:c1YAAeSwQ1JpVDPZ&itmprp=enc%3AAQALAAAA0GfYFPkwiKCW4ZNSs2u11xCjDcmHoyTkYsbYmz0CiZSNYmvL7fJitIBdgav1axEVE%2FJL%2FIsoQXaJoSY%2B6kMn17uzc14W2gg0wbY6Hluw5i1UNyIEhr3WB7Z9y2%2BuEgCq2wLycrhzKq5wqkjoK%2BKZc8zMxT%2B5%2FqckiYe53QETLLhrBl5LzeVn9HePeAaLdE3CYUJwkBHYzCx7LcxLNvv2mTAvqfOQsRzxY3TiMwt64Dibv6P0o5%2FNVvfdiUyKs8Z3cmm8FEy5yuyoSfpnnzt1%2BMU%3D%7Ctkp%3ABk9SR6avwP-aZw
AllSaints ‘Cargo’ Brown Rust Leather Biker Jacket Rare Style RRP £399 42 Chest,99.99,Pre-owned ·,Sold 2 Mar 2026,https://www.ebay.co.uk/itm/306758158964?_skw=All+Saints+Leather+Jacket&itmmeta=01KKBZG2XYF3VKGXMF4ZQPMBDE&hash=item476c360a74:g:kWAAAeSwCRdpiK~N&itmprp=enc%3AAQALAAAA4GfYFPkwiKCW4ZNSs2u11xCbIJ67xU613A377jEYaNdxAxlcjOFETO6Pz5Xu6UEKGjQGKtpQ%2FdODJFKdGbE8hQYXE3Vs5eYPbxJyyEkchTCsv3u3utQxsn68KvZUibeXPNrI4iq9Rud6kXq3R40UYaxgHUpRF2aTqEo8ZfuwCsVGqs%2BWLlyHI%2Bc%2B4HLR8vKKvIgddX%2F3FxoZfDZY7Os52Pr4jozZCGWtz%2BO7wWPrlFCUn0KBFvw06Wazdrz4uXoKZTNipnD4OGtxf%2BEYop39NTkJfH8Kj82WNGsNjotk6bXY%7Ctkp%3ABk9SR6avwP-aZw
AllSaints Men's Leather Biker Jacket XL,44.38,Pre-owned ·,Sold 2 Mar 2026,https://www.ebay.co.uk/itm/257373526201?_skw=All+Saints+Leather+Jacket&itmmeta=01KKBZG2XYE8N9AFE8NG1KFRPP&hash=item3beca858b9:g:Kt0AAeSwl4xpmz~O&itmprp=enc%3AAQALAAAA0GfYFPkwiKCW4ZNSs2u11xC2Q2ILIBfN8xqtTmfawiloz3dGVh9DQL3KoXX9MN%2FwcGS%2FyvcEZF9zhXi7puI1%2B5YA5MHIec0%2BFkMIADklaSi1zXsWX5%2FGJxLEDcdCuTLSJSE16IBTx2LjuhjwngbogYGmGhPuQcThJZkATA3y%2BKrpqOW3d7NA6Tq9EejKfC5jtqww8OmPZulq2vTnxMnHtORDc9Eco8DydCamXwLELtHF%2BcXm0Kh%2BUwbHJWDsiiYUeiB9tY3%2BCMLCAH%2FZSBmVnX8%3D%7Ctkp%3ABk9SR6ivwP-aZw
All Saints Womens Rei Shearling Sheepskin Leather Biker Jacket Coat XS Moto Wool,197.26,New (other) ·,Sold 2 Mar 2026,https://www.ebay.co.uk/itm/188049456981?_skw=All+Saints+Leather+Jacket&itmmeta=01KKBZG2XYE83XXSYMB7MD1G7A&hash=item2bc89eff55:g:2IgAAeSwxi1pjJsd&itmprp=enc%3AAQALAAABAGfYFPkwiKCW4ZNSs2u11xB%2BcWsqaVFnrdvtp0KZSstw2PR%2Fs0Vvx%2FnTQBvncCb8gsh9OP7VBgKxtdXQF%2B%2B7DaGwIv2GT%2BhNgrf%2BzilSQkiKuX2AErkUG0dPGGYSEkmvi6kUjqYfRRYfivv2mc6PPJJv8jVRzMDk6om2iwmwQvguSSbNyng2AW%2BomyGmz8eFmmVSX1mVfB05OqBChkpOrLSZrxber14tDQTGtOXzW1b3mO4s7r5NWxXVCoYHMUshm5Ue2L09AJq%2BLKM3k58eMXHPA4WcN3JtYGVDVJRxBdN1nuDeZr72%2BVa2fTEHH2s69DVMamREs8Vb4Xm0%2FvSzMb4%3D%7Ctkp%3ABk9SR6ivwP-aZw
All Saints Mens Jacket Medium Black Leather Rebell Shirt Biker Cafe Moto Racer,71.99,Pre-owned ·,Sold 1 Mar 2026,https://www.ebay.co.uk/itm/257333607801?_skw=All+Saints+Leather+Jacket&itmmeta=01KKBZG2XY2SDBJEAY24HGKZN5&hash=item3bea473d79:g:7-0AAeSwR8hpeiAe&itmprp=enc%3AAQALAAABAGfYFPkwiKCW4ZNSs2u11xC7FDz78%2FnLWeFGJ%2B0d1fI0wymKBMTFCDvHGFLUjp8ZrCyROs4BQLAZTCdU5YfOJQVnLJBlYcYkDg9pIbDdEJJEhFgK8Nw0k%2BIOtRLi72wOSG9JChVIxhd1btORDOgmNPpv7EyYdh84tW%2BfCLJAMuODJQu3jzQH2wX%2FZta6q4WGcenWfhyYr3QZGW53e%2Ft1gMjpmmboMR5rRfsSZDoLDecXKnuFVRvjksOLKz3yjddDNuZo4kuxwFT6TMcc9F0EYb1vAJayZ1JvyOMf6m0lE%2FOpYVPiHFClEv7sIsNJ3ttw04hlOHMJofBhDluOfIhbyAQ%3D%7Ctkp%3ABk9SR6ivwP-aZw
ALL SAINTS Leather Shirt Jacket MEDIUM Mens Black Biker Celebrity Grail POSTNOON,99.99,Pre-owned ·,Sold 1 Mar 2026,https://www.ebay.co.uk/itm/257376128285?_skw=All+Saints+Leather+Jacket&itmmeta=01KKBZG2XY1QGY8BVV535T7NWE&hash=item3becd00d1d:g:c7gAAOSwAYZoLFr8&itmprp=enc%3AAQALAAAA4GfYFPkwiKCW4ZNSs2u11xD9rjy32VWjKzl7FYVyKl7%2FYkkWwbIUOKuitAAkNUVp38LDpGAtMJb0f%2FMU29N08RVOLN4WqJDji%2BhJ1v5VVat72tPrCk0OQw8HaJFemS6tEn7av%2BN1iztiWpkrJnmyC4bUe3Y2%2F43eWCOjgxpOEDGzQnd4Bs1JfAw0Ifva6FUUMJ4c%2FHbufdqDYYRBlS42IM3g%2B9wGbLhMRKq35u9H2Z6z9e1b9%2F4irxzDezJ%2FDuNZtrQiYe3mSostt%2Bae65xz2%2FT5j%2Fh6Hv13Gtcu4zGbRjZY%7Ctkp%3ABk9SR6ivwP-aZw
ALL SAINTS Leather Shirt Jacket Mens LARGE Black Biker Celebrity Grail REBELL,99.99,Pre-owned ·,Sold 1 Mar 2026,https://www.ebay.co.uk/itm/257381855056?_skw=All+Saints+Leather+Jacket&itmmeta=01KKBZG2XY3S161P9YBXVGSMVP&hash=item3bed276f50:g:s4MAAeSwNzdogqro&itmprp=enc%3AAQALAAAA4GfYFPkwiKCW4ZNSs2u11xByTSBv9cijGnHRM3ho4HVaP2FOLLZKpWVskUH1f6Jf3hOGOiuf7UZ%2BgWjfIJYDgzP1Kq0sSDAPIxSY48odDbkZaE0P%2BGUajdmNST8om3mFiOxZxQSxnpDpiMr9dT6WKV5Fk7oayB0vQSYfxuv3LamBWkkAvaFONSs7hg8Id9kE4i5tTr34Ww%2BaCrvCNofjtbKAWY0oXBLZ6aRzDfRBrSHEbX7F5Fv16nSoL%2BYFb9x1JGm1tQcFUXbNj2IrlGMgHS0VYS3M1JX8dAzaqrvejD0J%7Ctkp%3ABk9SR6ivwP-aZw
AllSaints Jacket Womens Size 8 Pink Leather Bomber Ribbed Hem Zip Up Biker Style,7.00,Pre-owned ·,Sold 1 Mar 2026,https://www.ebay.co.uk/itm/306792190527?_skw=All+Saints+Leather+Jacket&itmmeta=01KKBZG2XY25JN6FNTVV9CADH0&hash=item476e3d523f:g:2U0AAeSwd29pA~rb&itmprp=enc%3AAQALAAAA8GfYFPkwiKCW4ZNSs2u11xDBAEOMDmwiKZIbSoeqg4dfWbapH9EYw1YDQSF7EGKlbAq3LzfycWgOtNWd1Rk1unTiyTDv5mLzMR3jYKyNHvnN%2B02IbBFatCh1UMi1ANy68TCt0TGYffIEyJGvS3U206Fr6WPHC9XaEKjlm5bzYU4wngnAWDMppdgECwJ4PX75epQrrzRsdScX48ep4DRyV0pbKn1xK25AAKpCw91bG3Lbh9COK63VOIwaGVdcjpon2QZl%2BPzGo1JLCS%2BqmJKC4wVqqCR%2BhaTgZ47wGNEAnsG0xSWUz6c4Gw1jiJlYpu7Hmg%3D%3D%7Ctkp%3ABk9SR6ivwP-aZw
ALL SAINTS Leather Jacket Mens XXL Grey 2XL Biker Bomber Celebrity Grail CONVEY,179.99,Pre-owned ·,Sold 1 Mar 2026,https://www.ebay.co.uk/itm/257380679090?_skw=All+Saints+Leather+Jacket&itmmeta=01KKBZG2XY2W94N0YWCZTXKZRD&hash=item3bed157db2:g:WnsAAOSwaY5lwK7x&itmprp=enc%3AAQALAAABAGfYFPkwiKCW4ZNSs2u11xCx34o7vpdFu9hqKUR0iH%2FjA%2FJDMbOeNOTvT7eNGXXorWPwJVVGWNLK0BWTctWtAZaBnjOGsFus5wKlSRuuQyitxMW7cbrQWRkxywNqP5bUhVMTHtrVWkOODMJtpOHTMyk%2FV%2B86seyfEWYYWuBDqNb2nS5LRsfGlotVkOwtwTqlKadShKIGW6ML8fD3Rw6g77Se%2Fr9ht%2FlwTScknwGKAveAzryGwXrv09o9aGoHa823leDfR2LUidJ49tkP414Ie1qUIknRQnANZQV1jjEJZoQuXSrIIf%2B0RAJidWjDauUEHCFj7MiriV1qM7oEZtAnnOk%3D%7Ctkp%3ABk9SR6ivwP-aZw
Ladies ALLSAINTS Black Leather Hooded Jacket UK8 CG E30,52.11,Pre-owned ·,Sold 1 Mar 2026,https://www.ebay.co.uk/itm/389664868071?_skw=All+Saints+Leather+Jacket&itmmeta=01KKBZG2XYCJMSEQRAX992RF27&hash=item5ab9d606e7:g:lqYAAeSw0GxpngVh&itmprp=enc%3AAQALAAABAGfYFPkwiKCW4ZNSs2u11xAO%2BZiHbridfe9yHZhANUwGR1QuqPMT2Rg4ajZrmCLaa%2FEFUswBekJsD48M8O3aV82m9X5wiK44Wuk3jvqegRtQTO1%2BP2nYgC3W1mF44vPtdyFZxm36Aq8CDhNunO%2Bk4qTpNjh4TNh5hMi%2Fo4YVk3lnPmAntXeGSDobMCNsz3kG%2FtnLbKdII0QZy0VbwsNPCpZnCrY4YCmV%2B8g8nqRcioJlhZaI%2F5n4uWsWn9zCzQoryIX48Zw02SiLkyk9lHRaavTl6nkdy5AtHay%2BiQmq7U24ZJKRzBekEX4ZSr%2B3Vt7WoJ4vBryVryPRbdf22bY6z6M%3D%7Ctkp%3ABk9SR6ivwP-aZw
All Saints Leather shirt / jacket large,42.30,Pre-owned ·,Sold 1 Mar 2026,https://www.ebay.co.uk/itm/157700541798?_skw=All+Saints+Leather+Jacket&itmmeta=01KKBZG2XYPJ8DF93ZF91GN9JK&hash=item24b7af4d66:g:18IAAeSwRbRpm1vg&itmprp=enc%3AAQALAAAA0GfYFPkwiKCW4ZNSs2u11xCCFlrm1qS26Sa7DBKCf%2BDsqp%2BUTskuiO13zDqTPBX4uOsMEUyWqE01ICi5Ug71p7u3%2FKUP2uO8fCsI6emGSPb8%2F5x0JIn2J%2FbmSlo2KL%2BzFpyArnuoJERGQjM3ax033gpLEMH8ZayolwiMUCmrU4Yhsi7P0KWIlXarzfc8oWlkjjjepfwv%2F3%2FkNFfiJhEqfDWb9W6Ty1QF0Qb4cv0DfmZle2ay9JO47AGmY9ZxaN8E1P2Oedim%2BEmWZAJZToMnRJo%3D%7Ctkp%3ABk9SR6ivwP-aZw
All Saints Men’s Powell Black Leather Biker Jacket Size Medium RRP £389,24.04,Pre-owned ·,Sold 1 Mar 2026,https://www.ebay.co.uk/itm/267580138980?_skw=All+Saints+Leather+Jacket&itmmeta=01KKBZG2XY8TVZYJMX43917B6A&hash=item3e4d04e5e4:g:NdMAAeSw77VplkqJ&itmprp=enc%3AAQALAAAA0GfYFPkwiKCW4ZNSs2u11xDBZRthSQYjLd55fKm2bHx1tAzICJfFpjPSinK7CADXL3br5lR88fX2g8zIWL9uJ1BQ%2FtaGJmcIWT3edA5VWpgyKQ3yq5pUC%2FsVM9cVapk%2BPbQvhotnbXNetipEdIXDMu3c%2FG9khLzL6SeX7ulp1mNj5s53qDyHP3lNGrRGgvSeNH6erKqS6CfKu%2BvBVKlHAJrdA9riBzF89Jz%2FX6lLGWyLOo5knJ94Ts8%2BBB7qTo8GA25AvVFznivE3ZhKge1Z4%2Fs%3D%7Ctkp%3ABk9SR6ivwP-aZw
All Saints Leather military Jacket Size 12,57.90,Pre-owned ·,Sold 1 Mar 2026,https://www.ebay.co.uk/itm/206087143598?_skw=All+Saints+Leather+Jacket&itmmeta=01KKBZG2XZN9M83ADV9KRR43JE&hash=item2ffbc040ae:g:JZ4AAeSwgzRpm05k&itmprp=enc%3AAQALAAAA8GfYFPkwiKCW4ZNSs2u11xB3CR8XD4I7NxrLHM0CTHusGybzxFKj3L1eanEdgpW%2BDucRvXdRIccVLIJpAn%2B1TBi%2F9wBMGaP7plC6WW9za5fyJtCOA07KVOm6GTmeHA3gINVsLx%2FvYjC9K%2BEOSiNJxWZtwJZSA0wSRBT83jiKzpMZIdxb%2F9QjmRznMSyks%2BYKXM%2FvvD%2BM%2BOTPJokYIlk4hxBqDC9RGquT4A%2BgCHj05nJtajLYqHs3fCK8hxyQiaFnaufAPe%2Fr6pln5ECPSzdbGxO8Ch%2Bb5dx4Ibm32evz4diYYzdfpODqsPms4V1KaDgJ5g%3D%3D%7Ctkp%3ABk9SR6ivwP-aZw
ALL SAINTS Leather Jacket LOMI - Mens Black Biker Bomber - XL,99.99,Pre-owned ·,Sold 1 Mar 2026,https://www.ebay.co.uk/itm/397570733488?_skw=All+Saints+Leather+Jacket&itmmeta=01KKBZG2XZ66T8YW70CF0MM0J3&hash=item5c910ff5b0:g:MxwAAeSw0clpg2or&itmprp=enc%3AAQALAAAA4GfYFPkwiKCW4ZNSs2u11xB%2FAS%2F4jW%2BVI1tKCrF0lzXRpM0%2BuC2kZnPItl0H7WwmtRke5konsczKZkmnyjuW22lVunirmNGqGk%2FTKzVXfdBiM%2F9lQlOOpdhPrIS6WQx5tiy3VHmZ4n7dySh1PLBGAqk4554cHQfzYT6pTtvuCy%2F0v%2BfpPWlALg4vss%2ByX3MuTk766Y7KFJtuURVolhvt6SRICrN5%2FdiDUn%2Fuigj7j7By5f7wJmxI0tPHia7KRFNI9LVu0kLWC9GgILOEEzpdbTWMWED4uPcgq%2FaJpEVRSAUA%7Ctkp%3ABk9SR6ivwP-aZw
AllSaints Spitalfields Jacks Place Black Leather Biker Jacket Medium,109.99,Pre-owned ·,Sold 1 Mar 2026,https://www.ebay.co.uk/itm/117012528430?_skw=All+Saints+Leather+Jacket&itmmeta=01KKBZG2XZG4VRPXYEF3EKVBR3&hash=item1b3e7d7d2e:g:pkAAAeSw~XVpSsk-&itmprp=enc%3AAQALAAAA4GfYFPkwiKCW4ZNSs2u11xAsd4mlPFwne6GfKgGvW7U3bya4cwwlT0eR4NMnXdy5NFxVWcCza5nOBcAViXYv%2FJiL4VNflFtm9c8wMMT6lzm3QaZBf2BervQBubhio3PX5n8tOwKFJ4SkjkfqAv70SXmBbE76vd1%2B4uE1OiysJE%2BEeS5dcVDoiGGHTUUnW0aCypLII6HMt1UKMQZqdjrc2iXR4MmB3WX00tAQyo3GZXTBCiZ7iX47xQorlSKWyuU4dPQ61Nvm%2FYVc9blQieu7SmGMeEMCuDdTcpkCn33nTgf2%7Ctkp%3ABk9SR6ivwP-aZw
ALL SAINTS Leather Puffer Jacket MEDIUM Mens Black Padded Celebrity CORONET,279.99,Pre-owned ·,Sold 1 Mar 2026,https://www.ebay.co.uk/itm/257382651988?_skw=All+Saints+Leather+Jacket&itmmeta=01KKBZG2XZVJ7W383FBBKPM37E&hash=item3bed339854:g:oaIAAeSwknxokgjM&itmprp=enc%3AAQALAAAA4GfYFPkwiKCW4ZNSs2u11xDjW0pMdIijrD9k9NgNsenMPyJU4r9%2FwcxPZlaaesWViEDtTi0QsGXUWsk456ZAbuX2ZPAlysHS4k1unvkG72QfI0t7K9Cz13pmpkLE3mO0%2Bviq%2FNIt0Lqe4Si5Bp15mGb7%2F%2BTcZbbppGuHAZVWANIprmm%2FkDpQht%2BoAP7JWiR2DSIkGt2HEHp97tHyAUPQoUfh76q%2FIyQqh5eVSJeo3mKLYzE4P0nJItB1lnMo0AkONeMOa7K%2BchFGNhVdjxtC68jaNz8DxmJVjTWDOj5uHCqm%7Ctkp%3ABk9SR6ivwP-aZw
All Saints Mens Jacket Small Brown Milo Leather Bomber Biker Coat Cafe Moto Coat,89.96,Pre-owned ·,Sold 1 Mar 2026,https://www.ebay.co.uk/itm/257302307577?_skw=All+Saints+Leather+Jacket&itmmeta=01KKBZG2XZTEE3MG2Q9CV6E1P7&hash=item3be869a2f9:g:YoQAAeSwVkVpYmrT&itmprp=enc%3AAQALAAAA4GfYFPkwiKCW4ZNSs2u11xCQrB1BptABlHE2%2FJZgo0WkNM62Ry8z9huaV1C2lrnEnJtBn%2FusK69b4uv4mSJpVItFfuIk7SIM6lsR5h88e80X7C2DM9%2BrB4X8UL71N4ZX9D79ZKC7A9jQhH5oGfrrvht%2FvP2AyAEv5btxbjUx8yJFKeMLzpP2KyoNxPHUzjD2ZcK41sS5JqJsu%2FQReS2LC4IsQgwSXWZTk4xC2ptwsJZCPWSIh7za2TDO4tz%2B0DplpqGg1bEQlXtQp6C%2FmOeJ2USazVlnvL5h9tzalQcXMx3W%7Ctkp%3ABk9SR6ivwP-aZw
All Saints Suede Biker Jacket. Size XXL (44 Chest),73.50,New (other) ·,Sold 1 Mar 2026,https://www.ebay.co.uk/itm/397647856567?_skw=All+Saints+Leather+Jacket&itmmeta=01KKBZG2XZMCE4G3ZAWQ2CFDWB&hash=item5c95a8c3b7:g:9lIAAeSweaFpnwVA&itmprp=enc%3AAQALAAAA0GfYFPkwiKCW4ZNSs2u11xBDhYSMbqoARkymf2XRX390Nf%2Fz12is7WDVj4z%2FNXe3pwPINmIQz2ZApNZD3uuwidJO4Zgj8ybcrvvLfA2dGO4825idsShDzn6BnOdYESsltryja%2BhvYHkOmdkemTX1tOIiQ2occoIpb4XmnwniQdd5yLBxYb8punLLIjphNWQt2efLqEH%2FuQB0Vr%2Ba33If45ZXO%2Ba0mfoNmUu2kOp1ePayjAN9biBoupI61IKgllY9tMhMNCHL5lI6mbZ861k%2FZ1Q%3D%7Ctkp%3ABk9SR6ivwP-aZw
All Saints Benson Black Lamb Leather Sherpa Collar Jacket Large Moto Zip Biker,109.99,Pre-owned ·,Sold 1 Mar 2026,https://www.ebay.co.uk/itm/306749241876?_skw=All+Saints+Leather+Jacket&itmmeta=01KKBZG2XZ9FF7PGJ9HPD4E0X8&hash=item476badfa14:g:rI0AAeSw4RNpb2jH&itmprp=enc%3AAQALAAAA4GfYFPkwiKCW4ZNSs2u11xBcgaT5QZmse%2B2keBOiiTmQE%2FEp09%2Fbfi7%2BOmIRBnNdt5CQG4YD8K4BKiwZckUlfJPsFdnWF9zOEhW6hFftky9ksyAoE1rDYJOadJUfN7B77HOaZNRFUdfY2IsxG2zMojvFoGhYMpWYAreGj%2Bdkrg4tI4GI%2BmQlERhkHNJdWxtEOx%2B7M6HTDonFKNKVe7gWIU4mgDPz1zhvGOSzCL%2BFBXxwv9b%2FAIHTZ6PmRDZwBoPvC63OryW4ilPRmipeTElbWvQ8cNzdRSfOnwBb8%2FYTugpz%7Ctkp%3ABk9SR6ivwP-aZw
ALLSAINTS KEATON Trucker/Biker Style Black Denim/Ribbed Leather Jacket UK12,42.30,Pre-owned ·,Sold 1 Mar 2026,https://www.ebay.co.uk/itm/127675604861?_skw=All+Saints+Leather+Jacket&itmmeta=01KKBZG2XZ0FC3R4K788JGXXV1&hash=item1dba0f1f7d:g:HV0AAeSwGUBoNPrt&itmprp=enc%3AAQALAAAA0GfYFPkwiKCW4ZNSs2u11xDOMFsr3hPhwEaNI2SSclCS7YHF5cBaqlY6Gx1u8%2B%2Fy4OlxU3yiY4KO4zhPAGzOG%2FR%2BR9tc8xxhRdufbeV2NdyVt04reXtECe1JgeRmAAMRNFQslyFCHGkdUaeIPdGtgbwOMeyO02Fnxg3l7FJn9QOjhsIuW4aGUYp03Fv4cxy8njxAHYJP%2B1%2B7XdIfrMx%2FO%2FW8Qg4aT2cuEpf3ML2je0ebKO4uBceKfbKKgjAlDEXLXrxICxPEsZgHzMw5h3To5OM%3D%7Ctkp%3ABk9SR6ivwP-aZw
AllSaints Spitalfields Brown Leather Jacket Size 12,63.10,Pre-owned ·,Sold 1 Mar 2026,https://www.ebay.co.uk/itm/198069003751?_skw=All+Saints+Leather+Jacket&itmmeta=01KKBZG2XZV8CZFPFCZ5EDKBWX&hash=item2e1dd525e7:g:JMQAAeSwwiBpfiP4&itmprp=enc%3AAQALAAAA8GfYFPkwiKCW4ZNSs2u11xC5%2Bc9MjrV8qDuYShioFPll%2FEszGrX0B3YGeOmq0PJ2icj%2BkXGHIH%2FMLBnrJGZdS%2B9hhBVbj%2B92RFSAxS0h0DG73r%2BvEwOltCthPGLmqezwcgGoDJfVLjWSoKRNpB%2FJNUqtI1C2uRRe6UROObHNcMAdu%2Ff2qaCJfMtnYaqW8G3sd1xc%2FsR0oU8%2BFGokZikc4TgE5huqhkZD6u1frEHgDFBQCj1FXgk7f5wrhqRJXH0hPmW8rfYUGTBvM0xI%2Fs3z4dlhBcnNq%2BQffNQa1tk61FTJuQfw0Qh%2FKGOxsOaWgGw66A%3D%3D%7Ctkp%3ABk9SR6ivwP-aZw
ALL SAINTS Leather Jacket Mens EXTRA SMALL Brown XS Biker Bomber Celebrity NIKO,179.99,Pre-owned ·,Sold 1 Mar 2026,https://www.ebay.co.uk/itm/257373190211?_skw=All+Saints+Leather+Jacket&itmmeta=01KKBZG2XZ6JSZ466SQJ1KTWQR&hash=item3beca33843:g:EwIAAeSwmANonywu&itmprp=enc%3AAQALAAABAGfYFPkwiKCW4ZNSs2u11xDDyi1Lv5%2FxAXDlu%2FAPfAgyVCrZ%2F4b6NJPXq%2B8CRQmyKVwnA9Uyao49dOU7970aou1nQNrSGzV%2F7zH361QIX%2B6MDd3hUAgat2pPtabm4VwIUZXO4ILpD1ANStd0FWhuw12WTKBRVzjlyn5%2BEcf7K4uGlAKcd9xs%2BVpfpgIk9OFhbBHjPN788yMbFw47e6TacIyBd%2BiHxkpw%2BsitiqS67FKxz2XZz9naBwOXfffUBp3rSj5YWLCYGse8sWxBhMMyY9nPLpDud805Cclfdy%2By8G95%2ByPN2N5pnuKt56nOiR9DFpyWyIFimFiB%2BTNdXZBOMeQ%3D%7Ctkp%3ABk9SR6ivwP-aZw
Rare Vintage AllSaints Black Leather Jacket Great Condition Men’s XS 36 Chest,99.99,Pre-owned ·,Sold 1 Mar 2026,https://www.ebay.co.uk/itm/306688011553?_skw=All+Saints+Leather+Jacket&itmmeta=01KKBZG2XZY6Y9PT7B4ATQWV2P&hash=item476807ad21:g:0VMAAeSwjQJpVoWQ&itmprp=enc%3AAQALAAABAGfYFPkwiKCW4ZNSs2u11xDBAXR6ogCGl%2FhMbb91soT5ttUVOXokPrbMtB8UZnu1KCxddnbCzWKT%2BnPtqsX7b8NLwMT%2Fj6y5dWO6EZtJANpYRFOzAm3kc6FY%2Fs%2BkwUJOTMzFJ0qGENUkfDXARjBiVAgmxvQasnZXhO0B2z6hHfLzCPx1rkTf0F0LGMaqz%2BxWQh1V7dIfddwq32fyRebLbN3KMLp90Pgct4XSHQcVGqGZYxoE3BKPiN2Sr6ZU51wToTq9BWSJA99Qtv1kVkahrxMSaFG9ipGhdx5Llidfx7suS7yz10G%2Byab%2Ba8L%2B4vkuzl%2BhfKsnOkTvZXenp5os7QU%3D%7Ctkp%3ABk9SR6ivwP-aZw
All Saints Cora Leather Jacket XS Extra Small,50.43,Pre-owned ·,Sold 1 Mar 2026,https://www.ebay.co.uk/itm/389664080968?_skw=All+Saints+Leather+Jacket&itmmeta=01KKBZG2XZ2JY167JKF58EW3EZ&hash=item5ab9ca0448:g:7rUAAeSwH1BpdjP6&itmprp=enc%3AAQALAAAA4GfYFPkwiKCW4ZNSs2u11xA3AzRccXwr%2B6d7FiwyaQESKGjULrDGo31L2piaR2FrWaS4YbQoFhi2gZ%2BJOI1FaLea7Ksdd5IfeFuMuAUXru2nxgPYs4ksbUph%2BNjr1WiTXr689yYHpYnbQCJ6euClQtYaTqt0UBlH5i%2BMB2EUu%2FzoVnGZoD9YWYXn6md5HNZddtCQgId15HeqgB3giwF2%2Fi9EBWXe394ZXWWqwa6XOd5WBkHeDaEsftWwX1Q%2FSfPFAzjRR9rjEviXfTspg2opSGKvgxhf8aIHrd6poZMAKAHJ%7Ctkp%3ABk9SR6ivwP-aZw
ALL SAINTS Goat Leather Shirt Jacket Mens LARGE Camo Celebrity Grail ESCO,129.99,Pre-owned ·,Sold 28 Feb 2026,https://www.ebay.co.uk/itm/257376351574?_skw=All+Saints+Leather+Jacket&itmmeta=01KKBZG2XZTTF6N995SQAY7WF9&hash=item3becd37556:g:mjIAAOSwvZdoJutp&itmprp=enc%3AAQALAAAA4GfYFPkwiKCW4ZNSs2u11xBsFDPxUo5W4q%2BFlpCOlvE%2Bk4pEExNZqHjJzxQ9vbcgQIOSnqq6dp8oLUkG8JlC1h550UjexhieLvBjyiNx17jw4796zUcAlli02pafT8RmXfRzLk7LEnoFeywK1k4%2BcqXBhd6GCT9szIhIZX0qmBHT%2BDOjp37RjHSQrMIf2JRIJ8Mq1BawN6zp7Q6Xs22%2FqhXG2S%2FNGefCobnqvnvnJgVYFiGHe9G81pXK6dRZ8Ei--3QtELkVQDPHqzLhGGyDX16i8CRD3znr%2F1YWucMBUroy%7Ctkp%3ABk9SR6ivwP-aZw
BNWT All Saints Alkan Men’s Leather Jacket Vintage Black Size Medium RRP £399,219.10,Brand new ·,Sold 28 Feb 2026,https://www.ebay.co.uk/itm/236650280388?_skw=All+Saints+Leather+Jacket&itmmeta=01KKBZG2XZ6BQJ7A9NGPF9A8NQ&hash=item371974b5c4:g:B8IAAeSwFNhpUS-c&itmprp=enc%3AAQALAAAA8GfYFPkwiKCW4ZNSs2u11xC7JDOOBUetqO7uHtFEIuLBs%2By0RisTGeOuqBfyHaCB0XnaYEa4cIzlpq55XE6jksOPViiJ01evOqeoLRtoRusiLoq%2BL%2BkwFep9SaVvtFUI4iPVZMaVbx74yTOu5zR6sOk0RdIN2%2FCc%2Brt2g%2FCMKiAhZ5fgcXY8JBkPuBfFcRE7cS%2FXdDSsqbX1ftHSwqCt6N%2F1qU%2F8u5tK6YHjpDI4f6StwoIq5RTvm78oYeQw98nGz%2FqskcLzHYn7%2Ff%2BDIlWXMYZxOFwk%2FkkN1WyNf3NivdaFjknMLruQSkdtYvkNdaKafA%3D%3D%7Ctkp%3ABk9SR6ivwP-aZw
AllSaints Men's Leather Biker Jacket Medium,87.61,New (other) ·,Sold 28 Feb 2026,https://www.ebay.co.uk/itm/397487766592?_skw=All+Saints+Leather+Jacket&itmmeta=01KKBZG2XZZ3GY5Z8SPEB072AR&hash=item5c8c1dfc40:g:eEgAAeSwA-FpZQDZ&itmprp=enc%3AAQALAAAA4GfYFPkwiKCW4ZNSs2u11xAKlKSqfcVZUh4JA9qVirE8kDQnA2Q6cYDwSbhCbUhsPhsI5k7djQqcYqFxL9ufkcpSdvgZmPDMf8ux%2Bf1%2FvC9JydqdfYxlmOjVZCgxSkkCd7qWPfnzW0FV5JyXfibg%2BadHKTHuqeULjmgGvm4CQmcYHlkXDZa%2Bs86VV5Rpu51uHks91PrMgiqx0tbA7yhO5hhcBpZyWzNWr9Xg62jEcK9jCDVFk9i3apVQYbEQO69FJAhesW8qsnd97LNoVcxGELYyUB92%2Fqa8c9L%2FoQFg3ct0%7Ctkp%3ABk9SR6ivwP-aZw
AllSaints Jacket Women’s Pascao Ali Black Leather Biker UK 12 / US 8,74.99,Pre-owned ·,Sold 28 Feb 2026,https://www.ebay.co.uk/itm/397552993655?_skw=All+Saints+Leather+Jacket&itmmeta=01KKBZG2XZ6CBD1KBFEQFQ46TW&hash=item5c90014577:g:YE8AAeSwXwJodpmF&itmprp=enc%3AAQALAAABAGfYFPkwiKCW4ZNSs2u11xCNbRxpOm%2BHwHaqFzUQARcKQaqS5vbCHpz1LcfsQvbcBzm9zh0lyniPFgZEYb%2FTA6NtdS1446Jn%2B1Qpw4BUyJNJQHKc6YjwUBzZy338GTLX3smYZ11KcwT3tdT%2BA1otr1BE90n7YhTTGKeoH%2B6UjjoIEgzBBRWOv223Qg2GUpGnxj%2BXGc8MjL%2FV82HxK45xaKL8cuYnK4gBUlnp0v7IQGIexDCOWIpqM%2F1So5uAqEzBBe3lOvP5hF%2FhScTLpwQwEl9lhcTZ21xIaUgGZ7XaGDJU%2Bx%2BpSHCPZ7m1DGUbKc1SGUKHyPTe5u7zkmBBqJ%2BLs5A%3D%7Ctkp%3ABk9SR6ivwP-aZw
AllSaints Kushiro Black Leather Jacket Size Medium,68.30,Pre-owned ·,Sold 28 Feb 2026,https://www.ebay.co.uk/itm/277746587309?_skw=All+Saints+Leather+Jacket&itmmeta=01KKBZG2XZXS95S84XYMF4TV9X&hash=item40aafc96ad:g:5XMAAeSwY~FpmwGq&itmprp=enc%3AAQALAAAA8GfYFPkwiKCW4ZNSs2u11xB6P9sXLrLb5OiCOZBKtv7Ao7k2W9xm2dZWamxplsWzjhU9yEDul%2B1O1ABx9Q5xCxEcNMkLzC3Kbv6d3kwolnO2TGe%2BR4p%2F7Y9RNh0gUbMZ%2F5kI3%2BBprG%2FNtyFjgJ9h6aHOuNGldOOJOEUd7cWXcPRw4KRxuFeztytLSoxAHKfaeAgiBYMR9GVK%2B6iJOXUrrxoGB6C5a%2FP%2Fq1oHT6Ubh02pBhYLiDsJgEpx41NKEo6L2Jxfed7f3xnU4OKOYOfFOOV6UHALebm6C5%2B8E4Ek5Ga5QNboQ0eVXS%2FUGXnyqGvVfw%3D%3D%7Ctkp%3ABk9SR6ivwP-aZw
AllSaints Karst Brocade Military Cropped Leather Gothic Steampunk Jacket Uk 8,129.99,Pre-owned ·,Sold 28 Feb 2026,https://www.ebay.co.uk/itm/306795279894?_skw=All+Saints+Leather+Jacket&itmmeta=01KKBZG2XZPMHMK9GFNPXZJP1V&hash=item476e6c7616:g:Y9YAAeSwI9VpopM5&itmprp=enc%3AAQALAAABAGfYFPkwiKCW4ZNSs2u11xCvf1Mzh38tXILvVMn8bDynUqhTHYdbi3K6pFzz4tT%2FlpidgzRwZMYVtDougbUSC4duhysEWucAzclO6XEPFcnx9jQOAREVlg2XBOOjWRnXTUnsnA0MSqvGaWMqGC7381b2g7HYCrKTl4y8JlA7HdwCQ13tSYfZg4Zq0KRMJW8g%2F7UN1fbPQfrKAZlqI6tm4qi8muPe3bribSdcJ31P5WabFythK0370UbKcfJDL%2BJdKddz45QFnF%2BtstZG%2Bn9CLiVnSgq8f21DoApyKNVgsA9wq4%2FIXvcOyYlp0reO%2FF5CAO0ofC2Qp7FXqMAeQPdi608%3D%7Ctkp%3ABk9SR6ivwP-aZw
All Saints Men’s COURTE Leather Suede Military Utility Jacket Size S Small Brown,84.99,Pre-owned ·,Sold 28 Feb 2026,https://www.ebay.co.uk/itm/397367141646?_skw=All+Saints+Leather+Jacket&itmmeta=01KKBZG2XZEQJ1WYS63HN27HXH&hash=item5c84ed650e:g:Q~wAAeSwih9pNaVV&itmprp=enc%3AAQALAAABAGfYFPkwiKCW4ZNSs2u11xCzr4%2FJ%2FS3VF4I2K%2FK6KNrlKsmFzM7Ee03%2BlMNfSo8oQF5iMGYvZoLuOQBkx74Qc6DF12DFzBs%2Bz2N8uR1qhFphtMi6mTJ84A5au31aQ8ovqn3Hnjk1remSqo7A%2BRIhxptisn5dF2erS3C7ObagE%2FGfp9K4JlUkvnf%2FzUrLrHOHqb5m9Tz6gTG0BFmbX9pniw9b9Hwpgmhd1UeMaX3%2Bqsozr8YBQDvFrII2M9Sw%2BPFyZWRu%2BabXpeVb9vpsZwIYwMlg9XL50p1bXRcG13sFFOUi%2B8FjzxsS8sIV2Qu9b5tkSaRuKhKvNu2tfmOHsb5xfds%3D%7Ctkp%3ABk9SR6ivwP-aZw
AllSaints Allie Leather Biker Jacket Medium Mens Genuine Lamb Leather,149.99,New (other) ·,Sold 28 Feb 2026,https://www.ebay.co.uk/itm/327016610291?_skw=All+Saints+Leather+Jacket&itmmeta=01KKBZG2XZSPDTGG9G8JYS8JR6&hash=item4c23b579f3:g:ptkAAeSwat9pnbAt&itmprp=enc%3AAQALAAABAGfYFPkwiKCW4ZNSs2u11xCTOFgo3P25E96uxuV4TxCPeJrQYLC3iRG7G6APwH3rTwk4cwHmwyDnjspiOpEN12A0FKFvYzQds2oYdF82QnABzWNvo4zb5X3E5vKeqwffMcKsbO1Ydo35204xzJIwmB8e%2BwR3%2FiQ%2Fap0c7W8jWGd00MTIhHGKChdmsA3DilyK0ricHeyYzyNmP84oKGQ7sF0cdX5ROaEx0ODAqFHHc835jtPoUP%2Fdb3vVgj611Dsh2cdarcYhUujsXBJkfgO3nVpzfX0%2F138c2qUm4waqtvIsHkPJDgOSN3O7085Ia1rErs5cLXQSwHcq2E5A8GiSACc%3D%7Ctkp%3ABk9SR6ivwP-aZw
Shop on eBay,$20.00,Brand New,,https://ebay.com/itm/123456?itmmeta=012DEW30YG0MEEKND7NH&hash=item123546:g:acwAA9KNiJowH:sc:ShippingMethodStandard!95008!US!-1&itmprp=enc%3AbgepL1tlUHjMGCVfSTGJh%2BzsVKeJ3CQk7NizDI4BZeppuFnmyS6Ijyp8lh%2FnEw%2BWqO7uTV1Q6izE1R0T54aV8j71F4xlWfVcGft4%2FiOQhtqVXA1rW6M1atPARQRmhqUxtEPJKhKtSFgI%2Bvwlzb0GwVCtkp%3ABlBMUObkmabpYw
Shop on eBay,$20.00,Brand New,,https://ebay.com/itm/123456?itmmeta=012DEW30YG0MEEKND7NH&hash=item123546:g:acwAA9KNiJowH:sc:ShippingMethodStandard!95008!US!-1&itmprp=enc%3AbgepL1tlUHjMGCVfSTGJh%2BzsVKeJ3CQk7NizDI4BZeppuFnmyS6Ijyp8lh%2FnEw%2BWqO7uTV1Q6izE1R0T54aV8j71F4xlWfVcGft4%2FiOQhtqVXA1rW6M1atPARQRmhqUxtEPJKhKtSFgI%2Bvwlzb0GwVCtkp%3ABlBMUObkmabpYw
All Saints women's Elora leather biker jacket in black. Size 12 - fits like 8,104.70,Pre-owned ·,Sold 28 Feb 2026,https://www.ebay.co.uk/itm/287170283698?_skw=All+Saints+Leather+Jacket&itmmeta=01KKBZG92GFDKM4PKTS1H837GB&hash=item42dcaec8b2:g:GVAAAeSwTpdpg--B&itmprp=enc%3AAQALAAABAGfYFPkwiKCW4ZNSs2u11xCSjUY2pirRO49DTQm%2FIVU1tkNrkAorECBdtJf69ki5%2Ft0CzatuzjMu%2FdMfHc%2FJzEeey8Xcl6zmpNec5G9r9VlIUxDC50azMuK4PIxHbl7IssE9VPjLWzUxT%2BJ5%2BCJteBwej1MRm7v6igv8wPZUdv3n0jBNTa7gmysxOTa5qSd6twWKyZsx3CQ7Uk%2FB3K17OHy%2BWhdEiJnQcTm2TELmvB3aLTEflRVTCHqP%2BHmhY3L6LR01IiP0mYNqrXMNZKlb6dJqjGL%2F%2BIam%2B15MbarA8kVlH%2Bdfz6E%2Fz93yHRK2EpxpeoohyHWdBGmfZxVNyyWI36o%3D%7Ctkp%3ABk9SR8yRwf-aZw
AllSaints Black/Gold Dalby Biker Leather Jacket Size UK 16,239.90,Brand new ·,Sold 28 Feb 2026,https://www.ebay.co.uk/itm/298075019765?_skw=All+Saints+Leather+Jacket&itmmeta=01KKBZG92G49KZSGA5ASA6GWW6&hash=item4566a7d9f5:g:lycAAeSwGf9o1Sn6&itmprp=enc%3AAQALAAABAGfYFPkwiKCW4ZNSs2u11xChiLV%2Bn1ecnmLQwNhYP5yQHtbvjajNJOnaTV3ThLFOvCLjFQ7GJPb6H8NlOtsxYdibeo2jGR3z0AK7ym66TElqlDzz4PG52vmvgYu%2BJAiiW0oNrSngsJpyL0h4VKZ1z4VVsK8bhqwnYEbDFFmPdNc2aRnvLRfVP6L1o2YIB%2FXzGzE%2Ft19rc5bAYUNBx%2BpNZ%2BvozrskmhwZ5nHI6ucxtdppygQZNknxNAO5%2B3UMznGkYxY3mF%2FNlz0k%2FbixHqhhFFYyVn0nDYa%2FcvTK0XMACqxuZ4cVG0pEM7gmaJ6yIx0XolXIxsyXhNx7s7iU3jaynts%3D%7Ctkp%3ABk9SR8yRwf-aZw
ALL SAINTS Suede Leather Jacket Medium Mens Brown Biker Bomber MILO Punk Moto,124.95,Pre-owned ·,Sold 28 Feb 2026,https://www.ebay.co.uk/itm/198102637258?_skw=All+Saints+Leather+Jacket&itmmeta=01KKBZG92G2TA18ZTQHGCT0WQG&hash=item2e1fd65aca:g:m1EAAeSwTzto5~e3&itmprp=enc%3AAQALAAABAGfYFPkwiKCW4ZNSs2u11xAIu8hJA%2Bpi9827rvb2TBkhdvxlCT13yJBDSedhFnj7baUDMZcdsXafyk1lLfknbB47D4eeYZm17zbBwb9uNNNlF70fC4jwQAQPiFOSs7AMQos6zuMii%2Bi11dmSJwdzPdbf3%2BLEEn7xThxG2EOG52G0PRq3I1pWgHZbRc8KrZNNTV07xPKdK8X%2BjPGm%2FWFA9aNhXa%2BW24WD4Fp%2BhZquHQrwbTg5SDHh484bg9AJNNBcjf19%2FZkl1rNZMAPapCUdpaa4zvu6xJOQAJjdRg9%2BqXlMCFWhce7UxlVxD%2FlfKkpeHPC3mqo9qvkwNXaWBl1EN0Y%3D%7Ctkp%3ABk9SR8yRwf-aZw
All Saints leather jacket lambs leather western denim bomber blk medium beckham,115.10,Pre-owned ·,Sold 28 Feb 2026,https://www.ebay.co.uk/itm/146958466428?_skw=All+Saints+Leather+Jacket&itmmeta=01KKBZG92GW61Y20D6J2N0WSQ0&hash=item2237683d7c:g:grQAAeSwf5JpFGAa&itmprp=enc%3AAQALAAABAGfYFPkwiKCW4ZNSs2u11xDUq1TQ57GWtXF8ejFVYJpFiCsLxVyFdWUT95MbuLxATI6B8X6%2FnhcOHBIjogXl5F6KiI65QqGQlL%2ByahVULSqkcbK4o1EWiDTlq9TDmE%2Fn62Sg%2B34ReyAUvvD9NtD4hwk8DtJoLmSn1%2FWXhacuYdQNRrgix%2BoEIqxEowI9zMOjwktVXx4YlfNfMIC7uflb%2F%2BJ4od33aCN6TrH3g%2BJm3UmNMIQNGKV%2FwarmeRT2LhUtSbiC2OePkY8TC0nFqa7N05qtbzUtHCSKS%2Bd%2Ftvlg9Wb%2FaTfz4o7aH2oidLUF3OFkA84nMjzQwVrZyf9%2FIZhLeGE%3D%7Ctkp%3ABk9SR8yRwf-aZw
"All Saints Leather Jacket Men’s XXL, VGC",52.70,Pre-owned ·,Sold 28 Feb 2026,https://www.ebay.co.uk/itm/147165018163?_skw=All+Saints+Leather+Jacket&itmmeta=01KKBZG92GF3A42E0HEZHZRJ0T&hash=item2243b7f833:g:bG8AAeSwFd1pmZ-b&itmprp=enc%3AAQALAAAA8GfYFPkwiKCW4ZNSs2u11xDfmFNd0iKSQcvqJPJvxUbYzaJfWUVXD3IaDmZ%2B2KWB0wV20hGiaADPIkHTFxgrhgtvpEn%2FZsgBiQW9B6FItilS8tC47MkeXcb9iuYXbr8cD8bOyLNU5F10FYD2e184wK7jRhBKw3mfQSWsEaUjT4j4OoXitvrncEJwK14YjhzM2QjPKPw4WjG2D%2FxZMBQofxdOI536eE0BcAsbiY3ClL7o43e8XN%2FpgqCZHOwurVU5OWoHwFUIacpFiUeOPV4RcmkM0dKoLTwaKkXezf5kiwRA7h5rN%2FKZly%2BobIiDUnfWUQ%3D%3D%7Ctkp%3ABk9SR8yRwf-aZw
ALL SAINTS Leather Jacket XXL Mens Black 2XL Biker Bomber UTILITY,104.99,Pre-owned ·,Sold 28 Feb 2026,https://www.ebay.co.uk/itm/397469641939?_skw=All+Saints+Leather+Jacket&itmmeta=01KKBZG92GKW1VRF52XQCGWWZB&hash=item5c8b096cd3:g:8f8AAeSwHC5pXVe5&itmprp=enc%3AAQALAAAA4GfYFPkwiKCW4ZNSs2u11xDkxV7Y8RuuPPhPD4cY3%2BEJKDysaANKNEe6iltMmU8rSHoN53KCsn9U%2FO7Hmkrm%2F6%2BK6%2F4m8XN9l7uBb7TWAtyjYyeYgyutc8iAABT3LeiZ31B07V2G%2B%2BPau4EywiXyEdqslr49ahCTMwvVrzUTKjC7PAHCjDO3dM4tOLc%2FCA5nRpbcob7knFp%2BpccpZ2SMM%2FwFc%2B1Y2ZNrCuUbAq6%2BKDjnq2ya3GYel6OsmYUDPOOmHC9%2FCziHB66qvmDIH%2Finmn0qfyHIi8K%2FLYIoN8d0izq6%7Ctkp%3ABk9SR8yRwf-aZw
AllSaints Elwick Men's Soft Suede Leather Bomber Jacket Size XL,52.70,Pre-owned ·,Sold 28 Feb 2026,https://www.ebay.co.uk/itm/277743852802?_skw=All+Saints+Leather+Jacket&itmmeta=01KKBZG92GEZ74C47V9X59YREW&hash=item40aad2dd02:g:L~AAAeSwcEdpkFM4&itmprp=enc%3AAQALAAAA0GfYFPkwiKCW4ZNSs2u11xDpDv96VDyG4XUWk3%2Bzsks0A7M3og9OhOKUUpdxSbZWDvLPRnYF57UP%2BcgMWqeiLc%2FyVydFxpGZ0GDsqdgsi04EFnZjLAkPP0oHN3EAfb%2BnRlJOZz10IN9TzRe5mikEn9e8On1VpZC%2FhOaIdphWEyFYcknOKCTBA0S%2BLtIEgMnqhxmgzMJvj%2BP%2FJEMVkwTNYWcXqhuhmSebjcaOyniUjRcOupRFdhtMhQJME3EyWlnVUBQALs7Xs6K9pRIgw%2BiqDQw%3D%7Ctkp%3ABk9SR8yRwf-aZw
AllSaints Women's White Leather Bomber Jacket Button Closure Short Size 14,119.70,New (other) ·,Sold 28 Feb 2026,https://www.ebay.co.uk/itm/389614201007?_skw=All+Saints+Leather+Jacket&itmmeta=01KKBZG92HQD089SD6TK7560AX&hash=item5ab6d0e8af:g:m38AAeSwvSNpjmIM&itmprp=enc%3AAQALAAABAGfYFPkwiKCW4ZNSs2u11xBJpbEhEhO%2Fg9GxqupdZNF9eXJM48YhSWaIOiTwTQq74F7qfskaaeL4ilB7RGii2I330Bwu87VXN2kQJ9hILj5aK%2B%2Fi3GNqh7ugpsuMc4xi%2Bj%2B%2FZQZW3JgJQE3ZDGcXSYvcDgxjwSWIgOjHcqqFOh5JwSLv%2BWQhqx3PbEdORCwVBNxLcZEQzVZ4xcn6261%2BNsSW0Ix625RrDZJhFFhgCd4C4F9jIbvu%2FstcwtOb3y%2BjtgQk9j0cPT5n9momcAEQyddkT8v9NESdHYvVsFGnNMYowI8Uhonqj4m2LzO0OnyEHpZLh51J0dkiEE%2BaEPoJtzQ%3D%7Ctkp%3ABk9SR8yRwf-aZw
AllSaints pink dalby leather jacket size 16,125.50,Pre-owned ·,Sold 28 Feb 2026,https://www.ebay.co.uk/itm/365920330325?_skw=All+Saints+Leather+Jacket&itmmeta=01KKBZG92H82C7T73VGBQY2VT7&hash=item55328d2255:g:q~UAAeSwlnxo7W8e&itmprp=enc%3AAQALAAAA4GfYFPkwiKCW4ZNSs2u11xCJfNIJb3GVpKxmnIlBrARdjkybAqx0E7wdKQJDFvvqZQjI%2BdLVpSqzsPCdisZF5mV50w0th8g279Qs2Hs%2B3lpkKVJFyxoFKvDwMZQprSapVZyohaFVWiUy2iic194CDCleFpffk9XAA1Sna4jcMwdcfn64OZjRxlvVSFPbucYDsiamtJC%2BRl0FrUITZPQbzlMSBaW%2Fw6Vz93b03Ud4elfzmzLfneAtIxWEGIG6JD77Xiv4BgIqROIKlL1bPNfvUPPi%2BHggpIVtztQAXZPhFSve%7Ctkp%3ABk9SR8yRwf-aZw
ALL SAINTS Mens Suede Jacket UK 40 Large Brown Leather MT05,168.72,Pre-owned ·,Sold 28 Feb 2026,https://www.ebay.co.uk/itm/167975369949?_skw=All+Saints+Leather+Jacket&itmmeta=01KKBZG92H6Z72SE72F2GF4NH8&hash=item271c1cbcdd:g:faAAAeSw1MxpL5xO&itmprp=enc%3AAQALAAAA4GfYFPkwiKCW4ZNSs2u11xCvrsnpphNUhJ7Ma4iBmsfsT7d7rCfBHk%2FzM7cfgRXbcisNxaoMqrFFw%2BLHvf2ES1nyIFIyD%2FUU%2FFPzWhuWECUwuKxuBsZavUt6CMlHTEjbe9prbxthjSCokLCKut6KXhNPD0ZNI7CLcRCwsC%2BsS9FZKvoL4jgfRpEaITktjHARoyfQwx9dbZdxOvtbUDe8gD%2Be65J2tMtXVpwMYRnEWDW%2F9CM4f17DgYTmPpMuoiarPOjHEW0sqO2bN3sg5%2BIsvFkm2EEzwy1FpSuo7LsCBmdT%7Ctkp%3ABk9SR8yRwf-aZw
ALL SAINTS Leather Jacket MEDIUM Mens Black AMERSHAM Biker Bomber Celebrity M,104.69,Pre-owned ·,Sold 28 Feb 2026,https://www.ebay.co.uk/itm/326695713346?_skw=All+Saints+Leather+Jacket&itmmeta=01KKBZG92HGVXJG725TSNR2ZY2&hash=item4c1094fa42:g:uvoAAeSwS9tofU04&itmprp=enc%3AAQALAAAA0GfYFPkwiKCW4ZNSs2u11xAJYj%2FuRrozQyZsz514FWbxYO5SCr%2FleJMOH8A9PLFEhHyGDDRc%2BbzGAUftVw3Sq9apuvNOh3fHtCI0kyfPHXG6gDUtvXJyANIM1nxLN3FE8jCl9DTxCBsKIk2a4R%2Bq%2FppqFjwXCMm2ZgLMhEdnfEWcKuqN1tTPBLycwf57P3tuDDskpdOmmfpsR8lW2AkSQFfQP3Vaefaq8Uw%2BVk1IBWmIMfSr%2ByGZeOvrD%2F8EQW20b46KAvYJ6hl1odYiODgHUFE%3D%7Ctkp%3ABk9SR8yRwf-aZw
All Saints Men's Kino Leather Bomber Jacket Brown - Small,56.69,Pre-owned ·,Sold 27 Feb 2026,https://www.ebay.co.uk/itm/236653136720?_skw=All+Saints+Leather+Jacket&itmmeta=01KKBZG92HMEZ5MW809H86KFXN&hash=item3719a04b50:g:j1UAAeSwctdpNA79&itmprp=enc%3AAQALAAABAGfYFPkwiKCW4ZNSs2u11xA9MM8jw%2F79WrDp6TrXECL4fq8c7vt62Dnoy2kt1GCHMusN2vdj%2FJuQ3xYcW6oBEbq%2FciHG0YOJaI6Xg5QpElu6g0eTTQ4Dh4vkcxAofswNrrurbiR%2F05yxa3%2Bvrew6Bsu2zICz3e8%2BFnEvKEEKxhEUDeHIDWkpaf0882Jws0%2B3VqBjEoY9VIDws8XPeL95%2BgrqscUSsWnPpfKZuAxuyrKdfglvU1sIIzTTIKum1ybJqQN%2Buwm%2BVB7LSAH2ktMqcJ25DQ%2BM8hohSLKGqn68jUqH%2FxkY53goNVI8gynHZJEU79isL3iZg8DdHa%2Fgx0hbkS4%3D%7Ctkp%3ABk9SR86Rwf-aZw
All Saints Riggs Black Leather Jacket Medium,95.50,Pre-owned ·,Sold 27 Feb 2026,https://www.ebay.co.uk/itm/157630801246?_skw=All+Saints+Leather+Jacket&itmmeta=01KKBZG92HJE0T2VR0BC56KDXP&hash=item24b387255e:g:n7AAAeSwNLtoRcje&itmprp=enc%3AAQALAAAA8GfYFPkwiKCW4ZNSs2u11xAPWJgRCyK1aDgJutmfxKMkKpOFB%2F%2BuPAlqINBTJibXdCEvnxhtG9mkUrmQqjwsik98X758XqOitdREMco795%2BMlEVPA4ua2oPJ%2BxExcSoehWtmAM3oIyXwRUEuRg%2FY6%2BcwFaR%2Fl91gXDZtT6QxAvya9o52Y2W4R5UvFzyiQKvBfyomt3g3pUwlvQ5b3OI36rkF37vjbd%2Fnevjz%2Bx0oecNQKonmfvrJAveg4N9SQBjapnaKq3JKin%2FyIf5lqAbc%2BkXaNz%2BHbykg22WcaM0MxqbrsEWSwgv9HX9%2FvvYNRPE2sA%3D%3D%7Ctkp%3ABk9SR86Rwf-aZw
All Saints Mens Black Leather Biker Jacket XL - Rare Style,99.50,Pre-owned ·,Sold 27 Feb 2026,https://www.ebay.co.uk/itm/306731916919?_skw=All+Saints+Leather+Jacket&itmmeta=01KKBZG92HT76764MP4TB7PGDS&hash=item476aa59e77:g:TE4AAeSw--Vpd1Lw&itmprp=enc%3AAQALAAAA8GfYFPkwiKCW4ZNSs2u11xB5lNWlLKb1hLEviJEqqd97HQpRNx2AASkr9ToMlIAFnMlhRkcUgeO%2BR1UhKPr271SCvP8mbKUA%2BskrW5IBwnZaXJlVUt6VUgGn3RMMur3Sa8exo3ycBZBve9dJBim9Mu4kJRFmGL2vZrqaK%2FNR%2FsPhH1b5ZLC2PlyhG3dyciV6j1vIkw9yAe7Oqq8iXhTeJ1wvd6e%2FMwOuryf6%2FOiFRfMdDr%2FA5PcubIm7vJh%2FWn%2F9l4TJ2noW39trF3LqhRPV6%2FvNbh4So49noo7uYYmT1E16v7fyn5ZyGP4GsFaRFaGCMQ%3D%3D%7Ctkp%3ABk9SR86Rwf-aZw
ALL SAINTS Mens CORA Leather Bomber Biker Jacket Medium - Black,109.99,Pre-owned ·,Sold 27 Feb 2026,https://www.ebay.co.uk/itm/397647771386?_skw=All+Saints+Leather+Jacket&itmmeta=01KKBZG92HG6JZW4MZCGMYYWV9&hash=item5c95a776fa:g:wUAAAeSwvEFpnvym&itmprp=enc%3AAQALAAAA4GfYFPkwiKCW4ZNSs2u11xCjyLY64Hz%2BXpJO79crOCWyxpJuaBvWd6s%2FSXUGRHU%2FZNk8FcHALazu9LVUUVrTH7Tst5aKMBtoo9c6aAQREvDZgmWymGpmjJIlPHOUb%2BJ8KlLx6Jbt8JRg0eQrvnAs88Ctx1gvZXs06JNhfzco1FjVmogXvMyGCF7VRfvhLxJlLr8M1KadCz45e0ZSd1WUfXQ3fb0pwUePGvx6UjxhmP11504aqhN33GE9XSiYi3DXfiPDA03txeUzOEd6wbSzfJKEIE06FuvSRmccvz%2FDmrZW%7Ctkp%3ABk9SR86Rwf-aZw
ALLSAINTS Men's UK Size XL Vintage Black Genuine Leather Biker Jacket Pre Loved,60.00,Pre-owned ·,Sold 27 Feb 2026,https://www.ebay.co.uk/itm/177878875442?_skw=All+Saints+Leather+Jacket&itmmeta=01KKBZG92H7AZE0W98XJQSXQ2J&hash=item296a683d32:g:qmAAAeSwoippmLDr&itmprp=enc%3AAQALAAAA8GfYFPkwiKCW4ZNSs2u11xD3AFBsNX0pXdhL9G%2FL%2BmhXUl%2Fff8F3t8QsUfxknMf0429kwirOf%2FFJZSw0fIlRqWy8TjgJ40SN9lajBRznT4uqeGV2MhW3nZpQt9jDvVP30j1B%2Bto7MQ0dV5WbCdzK2rBr4QleOsLInWABbDXlGORwrgE%2FHIMLVHL0gE6J1CJA1ub017%2FWMOs0eyYbKQW3Pb2kVHcYI3zaOW%2FrRsqfuqhrtp6gC2kW73z3Ujl%2F1vaWK0O5PeUfyFY4mScYf0EoH2J4wUFuB10RRUv8I3MP0H1pufj1AJLaba4ChGjgKxBU0g%3D%3D%7Ctkp%3ABk9SR86Rwf-aZw
All saints beautiful suede jacket size 10 in good condition.,21.50,Pre-owned ·,Sold 27 Feb 2026,https://www.ebay.co.uk/itm/188085030888?_skw=All+Saints+Leather+Jacket&itmmeta=01KKBZG92H0AZM7B79NFGV2ZZD&hash=item2bcabdcfe8:g:1lYAAeSwFrxpjLpX&itmprp=enc%3AAQALAAAA8GfYFPkwiKCW4ZNSs2u11xAOFqYFDGx%2F7E4IW8Frraq9HB8gQOilXSQt5BZ2mi1AcXVIlz8bnLsslyX7ozMWxMF84A6RLXx9d%2BLuKsawINvcOFDjDZH50qeDZixTFEdabl1WZJ4bxdrvqhNUKvTbUrEFopkZkNzgbiwu6p%2F1VtLgI3%2BOb5PfnvMnEP4w1teCN0BtI%2FZSHszJ9IHuSxB1PZk3w4O2tRhdXUelsiqkMFb0wDzsqqnmSQeXzicGfsuEiqOy1h3S3eD1W71gZYv5ayUEaavwDeRkc8SMIVO5QOP2r0O%2BvaJsaVSW2SBKPGxdGg%3D%3D%7Ctkp%3ABk9SR86Rwf-aZw
All saints beautiful leather jacket size 8 excellent condition.,21.50,Pre-owned ·,Sold 27 Feb 2026,https://www.ebay.co.uk/itm/188085021116?_skw=All+Saints+Leather+Jacket&itmmeta=01KKBZG92HC2B2GRH6VFRXBC6C&hash=item2bcabda9bc:g:w7kAAeSwemZpjLiv&itmprp=enc%3AAQALAAAA8GfYFPkwiKCW4ZNSs2u11xAIf2sulv8INSlv0ck5%2Fqy%2FY%2BYa6XX44S0jACSADNS6rPSF81Mnu2T%2BTsDhrKYirJ1IAUU4XfqYPXJd4KIoos0dHXJfak%2FGhXZo194r%2BcCL2lRQcbtHhCgDZM3Cxu1MM0%2BLuHoGVxCCuNJpgjJ1DnSRsiZq%2F7aNKsNK5FKFXCrwG5WZKNpeJV9FO%2Bv%2BiTlAy6e66dt5%2F0zkjwr1%2FBHZiY5EFm8DyXb%2F1MMagCLgEoFZ2rSlqgCtU5zSg2dcPd93RLxxTIUpJJqCQK%2FZ7woNV7RXldFRfNsnWbw7EObUgIj2tw%3D%3D%7Ctkp%3ABk9SR86Rwf-aZw
"all saints Beautiful leather jacket women size 8, hardly worn.",31.55,Pre-owned ·,Sold 27 Feb 2026,https://www.ebay.co.uk/itm/188085011684?_skw=All+Saints+Leather+Jacket&itmmeta=01KKBZG92J7XD1CWC92PQ0S7K2&hash=item2bcabd84e4:g:keoAAeSwdpxpjLbl&itmprp=enc%3AAQALAAABAGfYFPkwiKCW4ZNSs2u11xBPJSJW4PgL%2FGW2wrHEHTbA0hy1E7w2NCSXxEMqvmYTPrrImvutWF1G0DfVrhrjzxPr0BQcrCKtC2pd%2Fp1fgjBSXUkqUFohrYuSccZPmcdxJhq%2Fw18FfdYHUnHnFMF6hj7CUP4K4getGjfSreo0P3PBcTvA1%2Bo%2FfCWpQOjVMCMO48FM1I6wgmvZGgu5B8oSVq9VDKtfehevBXl3tPFa%2FNcRUPYBOfV0D7UmwX%2Fy%2F%2BWqG7ivh0%2FkH7BOs9q0XjZdAbmrUWVgqs4%2Bz1Qt45GkaEiik3dzTL9Z%2FVGJjOAGgEuzJiF3cC%2FszRprruC2ylpZNMI%3D%7Ctkp%3ABk9SR86Rwf-aZw
BNWT AllSaints Balfern Leather Biker Jacket Rose Wood Pink Size 8 RRP £318,141.10,Brand new ·,Sold 27 Feb 2026,https://www.ebay.co.uk/itm/116604336918?_skw=All+Saints+Leather+Jacket&itmmeta=01KKBZG92JMSVYFCX7RR5J781K&hash=item1b2628fb16:g:dx8AAOSw5C5i56bg&itmprp=enc%3AAQALAAAA4GfYFPkwiKCW4ZNSs2u11xAcusQDUth6Wv6aUHJy7AbilMiEA%2FGjErlCKfEkYHBgxFXQXpSptYmIetgJz6Bcq2ivy6%2Fo97ab6AUJQrUGASAE66UfqGIr6bEzSkaQ0ISweMV2Hvcj76JUnbxOcuii%2BlBt9py3nKcNPaLVH2GY%2FNtH%2FePIA%2BZPf8t3TUHqF2x1MO%2BgtbZ7rExpaLgtvqto6ZJZ4n2JIZgVrbpZCZuWgqpiCz9JRyyE%2BIA9hw19H4kDQxPeY7UMpufjSaOBRbBllWPGyKgJdJ8CTv0xUtVGO1z%2B%7Ctkp%3ABk9SR86Rwf-aZw
Men’s All saints Olive Leather Bomber Jacket Used Medium,63.10,Pre-owned ·,Sold 27 Feb 2026,https://www.ebay.co.uk/itm/177826575950?_skw=All+Saints+Leather+Jacket&itmmeta=01KKBZG92JN299TD8QCX18F54G&hash=item29674a364e:g:X44AAeSweR9pf2Ei&itmprp=enc%3AAQALAAAA0GfYFPkwiKCW4ZNSs2u11xC68Q%2B6VTqBHsp4C40lrjeX7QpvLB%2ByiPw%2FD31lQkTkiGkmHI8YQ0t3nNjvKf8MvTZtcw83M3yhW3l%2B8xh9oPq8YKfUQ2Pcz02Hw%2Bou%2Bv46hfgXUAbo7O7nwO7Jrdbae7NVXm2rZ2UgvuJdxeNWfaNMt6rihx8w8wbvpv8WI5Md86DXPZKH3jatevYAXzbiNSqpy6nuSY7mZZ%2FuMs6LtO0JTc7PLLdOOSFgb21Fagfqazh6SS3l4QCVrGzXuJqm1I4%3D%7Ctkp%3ABk9SR86Rwf-aZw
AllSaints Juno Black Leather Biker Jacket All Saints - Size UK 8 EU 36 US 4,125.50,New (other) ·,Sold 27 Feb 2026,https://www.ebay.co.uk/itm/267499727428?_skw=All+Saints+Leather+Jacket&itmmeta=01KKBZG92J6BC3R2JFPSW5XDN8&hash=item3e4839ea44:g:nEsAAeSwVuppMDXW&itmprp=enc%3AAQALAAAA4GfYFPkwiKCW4ZNSs2u11xBUDeVTHHF9r%2BlS8emGpkp73%2FcyetoBWvIAZqYuBJ%2B%2Bd1Rv23iXdtj7RG0VfBXM0hGW5FVK5H1nOExXr%2FSEZ7kgrSUMQNNIiOBFwumifadwT4J782%2FNk81sDd7Ph7CqEtIe1coMeykYfrfZfhLsYrBHEfRjAI1cheaqsN4F2g0mc%2FbgeggLxOJsDgEilE4r9AKatW3UNUCyxaNkfaBgdUGX%2B%2F41VOfu%2BpRGlK9pXqnHBvAIEdL78Uql1V%2BJ%2Fu9BFeJey0Fon8Qe6jAXx0OCXnaN%7Ctkp%3ABk9SR86Rwf-aZw
"AllSaints Spitalfields jacket, leather biker style UK 12. US8",17.54,Pre-owned ·,Sold 27 Feb 2026,https://www.ebay.co.uk/itm/327010391011?_skw=All+Saints+Leather+Jacket&itmmeta=01KKBZG92JFDZGQWQNEDWW0K0P&hash=item4c235693e3:g:RvgAAeSwjYFpmEzT&itmprp=enc%3AAQALAAAA8GfYFPkwiKCW4ZNSs2u11xCtmN0h77wXodSy5MiaWugJO2%2FiZuJ7t6TjsUmUQRE%2Fz5%2FBAOghM7bixV3nLT7YR5KtRELI5VArRv9XeCOb9k%2FG7jO0Kf41sHzaLS%2BlPGki%2FKB7WaG7%2FOvpuByhygn5lOUcvK11Jepf2Rtmc8OK9iwjo%2BHId2gaCZQ2ix%2BOyiFxYSW%2FmtR%2F9trwGnaUoiZzLxhl7uDJgcyFPUqiq5EHW11O1ZOgglCMaN2qkRZsfRp7MVglPf55vWRgkmRSQyR2yaqwwNnCTaInRJsKlSWNQQUluv0B3QJxWfsLcF6Wk3A4uQ%3D%3D%7Ctkp%3ABk9SR86Rwf-aZw
All Saints Men’s Akira Leather Biker Jacket Medium Blue,59.99,Pre-owned ·,Sold 27 Feb 2026,https://www.ebay.co.uk/itm/116882520225?_skw=All+Saints+Leather+Jacket&itmmeta=01KKBZG92JAEY0KF83EBHZYEBH&hash=item1b36bdb8a1:g:SQ8AAeSwomRpGhcQ&itmprp=enc%3AAQALAAAA4GfYFPkwiKCW4ZNSs2u11xDLwzU4%2BmuiT%2BMf0G%2BjwjSw3bOA262EHO8VZ1RmsRvzMdSQ%2ButG4PE6pu1QLsYGHIiqhGKX4tJSlEqjNIt1mlCkAYf7BJE3nbGlCDM3XrDRXwpGlgV75N0rnMkq%2BJQxiGIxSSsvu8oUmHagGXJciLYGrjxYvlWjHCyn6VGkEXqcrf2PHSp7D%2BIVHQ8F1g2h9uJu0RuUnFrlPMwl8Hnfk4Yy2AHXEgcotgyrjMO5iowCEGch981FcmTBh8xUszzWdMNsNVhmxHj%2FfnLgnqtY%2Fn3c%7Ctkp%3ABk9SR86Rwf-aZw
All Saints Mens SANUKI Suede Leather Blazer Jacket MEDIUM AllSaints Biker B17,199.99,Pre-owned ·,Sold 27 Feb 2026,https://www.ebay.co.uk/itm/267567230606?_skw=All+Saints+Leather+Jacket&itmmeta=01KKBZG92JE8H4DZCXZ7CC74B9&hash=item3e4c3fee8e:g:hWIAAOSwGi9nJ9lv&itmprp=enc%3AAQALAAABAGfYFPkwiKCW4ZNSs2u11xAsCghtS2STqv83xJyewsvgK1evby2AjRGUQKxc2PHBpOsnaRbnJnXn103ojrOQD0OmzU6HYm%2BdMgQs52gDkA02eIF%2BWkkovbQLCDAsmydcQ8qYJ3sMC%2FlhkO%2FEDEalU%2Bpla48pAf%2FwCAKINkEqBmJBn0kyVTgJfeN83JHfb%2Fr8Zf3HPcw3LbC2tgFCXJM%2BRI8n1SE7gS9R5fyt%2FxUyDMxNHZWFWnjj78HwxzDf5OnCwGLTF819f%2F63LYuqG3YRc67R9XoH%2B31bGE5qE3qW1bqmek13crpzQulFllPmfpFt6f1ehbk%2BAEPbQUODEPqyWsM%3D%7Ctkp%3ABk9SR86Rwf-aZw
All Saints 100% Leather Black Biker Zipped Jacket Size 10 Womens,48.50,Pre-owned ·,Sold 27 Feb 2026,https://www.ebay.co.uk/itm/406610888358?_skw=All+Saints+Leather+Jacket&itmmeta=01KKBZG92J8A70P11WMWTZMFFR&hash=item5eabe5c6a6:g:j7AAAeSwppFpbCET&itmprp=enc%3AAQALAAABAGfYFPkwiKCW4ZNSs2u11xAN3vMObp1S6I8LZ5XoeSgZ7CDBkUf0asl4CKF%2FtcnGa8EQr4n%2FabfnrDotViaajjlnSPFuo3e9WPabtwEHrsjEwCtMhfI%2BO5IEsOmJyMWNAQiK1XXzsq488cDGhRrnugibh1D27pkHncQucrnfcfOSMhuuMGcIGRSntgGf%2Bth0Y23O7YIAEcEEkZG%2FpKYvKoffmvXm53cDqwlTpGLvVzbyFu8QrDpchUSyi4ShJCrPx9wi3I5BVefSzpnG8d2kOP5iCYJku8o87l8sO1bxEbxf8S19YtjPZQDB%2BvcyM%2Fia0IuQnrGSHMoSKe%2B8X1cYXc0%3D%7Ctkp%3ABk9SR86Rwf-aZw
ALL SAINTS LUNA TAUPE SHEARLING LEATHER JACKET UK 8,156.70,Pre-owned ·,Sold 27 Feb 2026,https://www.ebay.co.uk/itm/206041733170?_skw=All+Saints+Leather+Jacket&itmmeta=01KKBZG92JHY5CHTZ4QYR9QSNJ&hash=item2ff90b5832:g:2e4AAeSw-vppf0ay&itmprp=enc%3AAQALAAAA8GfYFPkwiKCW4ZNSs2u11xDmEnj8aSZoJ7JkbWguxu2%2FnO3D621cgIm8NqVdG1SDq4WdozycVKctYg7yxhypgPcwQo4X2nLdWqoSOANWBl7j1nYDB9jHkhQa539o5rSnZSP%2BOJVIx1kSDVJvx%2Bf%2BKEsltHon7xF%2FIM5soDVr89YnMEXB44nfCgIa%2Bu02OJhZpONt4wfEH7bZe4TLTcIGukazu958fRp5qxmQ3g6bWI%2BIEZBOAGfzxcOiKLBkX1IfZRANMEw7BwgVxd11JWD3H%2BUOkrHwFb1%2BJBuWykh4Ez%2FvM8XDma%2Fr%2BlNXP%2FmSr125pQ%3D%3D%7Ctkp%3ABk9SR86Rwf-aZw
Men’s Real Heavyweight Suede Slim Large Jacket All Saints Excellent Condition,65.00,Pre-owned ·,Sold 27 Feb 2026,https://www.ebay.co.uk/itm/358188777316?_skw=All+Saints+Leather+Jacket&itmmeta=01KKBZG92JYNJTZY6EGBD24JYD&hash=item5365b6ff64:g:~gYAAeSwLClpg5AW&itmprp=enc%3AAQALAAAA0GfYFPkwiKCW4ZNSs2u11xAeZM2bdmgyDuT3dxQnqY2XZR22q2k7Ko%2FOC8x52SKtZeaAcy1w4pNWQKz72VBn0iiGmBdixeWL7ZX8%2B7tqssZjt6rJPeRuPY7L9VUpX2KFWwKJ2oS1gx21AbY5zqG%2BKV8S9f2hNYuEguj8A0jFMNYbSOfGWiCCPrbK%2BCA7SbcfdnQLxrOupeSQRvJs5Es%2BeKR2MwbCOz8vCs7es0jfsiD6qTX9XSsfkxX0CYvUi%2BC53zXz%2B0D3%2FMGnnbfAz1RVAgo%3D%7Ctkp%3ABk9SR86Rwf-aZw
Allsaints Leather Jacket,32.94,Pre-owned ·,Sold 27 Feb 2026,https://www.ebay.co.uk/itm/227233674406?_skw=All+Saints+Leather+Jacket&itmmeta=01KKBZG92JCQYYSQ58TAA12XGQ&hash=item34e82eb4a6:g:UkIAAeSwl8lpoJ5k&itmprp=enc%3AAQALAAAA8GfYFPkwiKCW4ZNSs2u11xBULmQEQXF%2FmbR6fO0eTlDXYQv%2F%2B%2FiPq28YD03wLCoKVzC21WgaWHxAJO123oDWN3y%2FTj2UF9wkcsaV9NaCixzEn59tNDTnNAWUUktv7fxQ0aXVMB8DQh7jI3jnAwCxih0pABQos5UxDKsAZu9qm9Tfv8fYdlUNarNetSC%2B9vHSW8%2BqrJPzMWxqs7vStnZsj6Ygng7%2FHHNeeUMIlRL3ivhSWGhReOHdn13CRlA2AzxeEpquPvaTlEwrSpJmG5J8tqwAh3iUnYt6PmqZJX41G0PW3E1N7ZMRe%2BREjVIj5re7xw%3D%3D%7Ctkp%3ABk9SR86Rwf-aZw
AllSaints Men’s XL Black Kushiro Leather Biker Jacket New Without Tags,109.89,New (other) ·,Sold 27 Feb 2026,https://www.ebay.co.uk/itm/287131790520?_skw=All+Saints+Leather+Jacket&itmmeta=01KKBZG92JNAMCBVD2FD85F5HY&hash=item42da636cb8:g:gOwAAeSwI4Bpid8A&itmprp=enc%3AAQALAAAA4GfYFPkwiKCW4ZNSs2u11xDri5uDKq2LuW%2Fdw9WOFypjhBoKQiSHc9JtGEmmsku9bNhSld0BHQVFK%2FOJIjyUEUcxtvzJ%2BmRtc3qfl2%2F0y9X7fHSm4d20b4PB8JMk3u%2BIVE9KCDrmbiYOsQddBR8pNgIPHwie7B63aeu0xvIbZvqqZ5ppmRuXzKJi4CVzf5TEN3nATd0CY73k%2B%2FeheKoKj%2Bl4xjlAhs%2F9OhoE0TNTeJrx55IyA%2B8aL8xYqiFt3jaN1vlTBUhstxEJhjpwTMy2f30tOW9neZ%2BbEHhhfiuiF2Za%7Ctkp%3ABk9SR9CRwf-aZw
AllSaints Boyton Brown Leather Biker Style Bomber Mans Jacket UK Size L,269.99,Pre-owned ·,Sold 27 Feb 2026,https://www.ebay.co.uk/itm/267586327920?_skw=All+Saints+Leather+Jacket&var=567402231661&itmmeta=01KKBZG92J17239M0QX0QJCWQ1&hash=item3e4d635570:g:CmoAAeSwOvlpnchx&itmprp=enc%3AAQALAAABAGfYFPkwiKCW4ZNSs2u11xDYUrT1Rh5cH9ND1Fj6GIaZI9DXyil1UvW1g3dJu%2BhzuTvLuEGaGq5OgmIzbtShrQUgf72ArNzMQVgjuNmLyUCRvs%2BfC%2BYeJeamZ8QqlYjod0mSVy9duTWKdXWeEeX0lk8NZI9al8ppeVLXqGk6DUzzQvSKUVP46OuggkF%2F2IPfZAA3hZdSuuWbJbbfgb5FTq4WbI5LtCZjOf8Li2aV4wH4vzb86ZNVMR8sI9PPnLnUDsBiEUYBRJ32yX1AcZk3ATH0m36F5TpBZxKnAEBjEHg1W5OkvCqdGWNZqbULavWCYaAFWT4M%2F%2BnlR%2BKLGtdhXP8%3D%7Ctkp%3ABk9SR9CRwf-aZw
ALLSAINTS Ladies Suede Leather Zimmer Bomber Jacket + Tags UK4,49.90,New (other) ·,Sold 27 Feb 2026,https://www.ebay.co.uk/itm/366035906831?_skw=All+Saints+Leather+Jacket&itmmeta=01KKBZG92K0P26HVC3NWF9693M&hash=item553970b10f:g:VpAAAOSwkpJlr8WI&itmprp=enc%3AAQALAAAA8GfYFPkwiKCW4ZNSs2u11xDeY8AXqm1trokvo5xo6MXEv4%2FiCgmD18aREwkhJBeGmLz1B3N63LIFmsx82JG7Bsh%2F0GhV5WNRs5bxpgVVLMRGIeA2MzC1ae09vpwYLl5LadrQcCaSB%2FWEHBITwZNbgSNYZtFRHVijPZq8eKa3v9AsIpm0tUsvmCqO%2FrxFiNmjH8caDMVaZjV7J8hT3rCpI2rsm9oC72F%2BNsMicAv44urmJD6RW7YnJzS%2BhJ5nbMjCFoDsKuOwvqErmwrVhaV66WJEbLe0sKoBO5BUWouiSkPj2usG5LLbAJLtI8%2BjNFlcGA%3D%3D%7Ctkp%3ABk9SR9CRwf-aZw
Nearly New All Saints Leather Jacket Size 10 Excellent Condition 100% Leather,75.72,New (other) ·,Sold 27 Feb 2026,https://www.ebay.co.uk/itm/317782848906?_skw=All+Saints+Leather+Jacket&itmmeta=01KKBZG92KTC698E4KDQCAG7QG&hash=item49fd55758a:g:khUAAeSwk0Rpb4It&itmprp=enc%3AAQALAAABAGfYFPkwiKCW4ZNSs2u11xC0WmR2WVlDOJ%2FW17BsBf%2B%2FVZb8zUStcqc7muEXvM6%2BVPn6F2Sk%2BbWvLOwp9N%2F1%2BZ3mTGKX0TcCmCipfFm6ZNlXEfTbVaR8SGX8oEN%2Fm3Rz7dw2IASuni8hAsKrUpoWK31JYxZyqXViTiwvOtz4VrPrlAIa%2BkJrkSZJIW5ezwbx%2Fh2SjAca8tfukR7HzHT%2FSQTaPQeB7phahxGNWZz1smKwm9270brBd%2Fd2%2B6vDjR2psw0hQ5x53z3Q9KtmstcmvsqErdA5lGgUHPPYoi8A3iYkoTpg33aOofNsuEDwfkuDbZBvr5Kx6c%2FUcVod6tD9TLY%3D%7Ctkp%3ABk9SR9CRwf-aZw
Original All Saints Rock shirt Leather Jacket XL. Very Good Condition Rare,68.30,Pre-owned ·,Sold 27 Feb 2026,https://www.ebay.co.uk/itm/136550015490?_skw=All+Saints+Leather+Jacket&itmmeta=01KKBZG92K26H5Q4ZAVTWS32V4&hash=item1fcb03e202:g:8DEAAeSwTzto4rhL&itmprp=enc%3AAQALAAAA8GfYFPkwiKCW4ZNSs2u11xD%2F50YoE2ejHhQWUKILm3Sdvp6Fvux9MWfXgXQPMeWHQI3itFmlIGsK7SAbA%2F36m9kf81Yf74%2BaCyy36dZPyPJQbE0HogM%2B43aOSe9HFBqvt%2B6CPf3GMnRFztdSCPPVhfwXQRWd1pwPxLjB8v0X2FVCQC3I0Fw5cnnzC2ceMaCJzkQqbwyzcoNKZTdC8WgmTcn5Czt0srkxWP9aAEe2g2lbkpJ99AbCEPQdXS1RWGh35cgTseU8FnHhCgJNghWieyGB0jWiDEtE22ny4pI4z8rSFO2qY2yzdV4%2FoJNFwluXDA%3D%3D%7Ctkp%3ABk9SR9CRwf-aZw
AllSaints Women's Bomber Jacket White Size 8 Soft Leather Ribbed Trims,119.70,New (other) ·,Sold 27 Feb 2026,https://www.ebay.co.uk/itm/389614201031?_skw=All+Saints+Leather+Jacket&itmmeta=01KKBZG92KN8GZZGDH669ANC7J&hash=item5ab6d0e8c7:g:sGcAAeSw1kNpjmKr&itmprp=enc%3AAQALAAAA4GfYFPkwiKCW4ZNSs2u11xBSPeK3QLa2wGdqGhWJJaQ%2F1z1HjAsBXm3cCpwgn2WpNpnJcC%2BtK%2BQfIFIK6rwH5Px3Kmj72g%2FDMVx25H%2Bp9MuG8jhSBZd8AWULgIORbOBg2fb5pzJ2yJkzYpg7pkCnUlCmzPx9oyVmRHkY03cC9zoL1TL8L1JMVUDfEVorJBvDnpTfETprBb6DJkyq%2FgdVuSo1HlweqaudQLR0oCtXxVLdNY48WzDoESgUTsiWZIMg7CICcS4w%2FBiVVOKlp926jR3p%2Bw6gj%2FIOaAkDthIhZRLn%7Ctkp%3ABk9SR9CRwf-aZw
All Saints Leather Jacket Mens Large Checked Pattern Shoulder Detailed Zips,70.00,Pre-owned ·,Sold 26 Feb 2026,https://www.ebay.co.uk/itm/389129825923?_skw=All+Saints+Leather+Jacket&itmmeta=01KKBZG92KQA09T2FCYMSC0S3H&hash=item5a99f1ee83:g:rnkAAeSwrHpo-Mg5&itmprp=enc%3AAQALAAAA4GfYFPkwiKCW4ZNSs2u11xCxpt945UK7bU9ClhO60rRkJDdLiArJX6ZKZPjPB23SjCrcFb4GhI79gEuMjWZfZt25ojzWg9ESYg%2FwjCHOOTPwLPlpUQ8VRjhjxxeiQZ%2F39P4LuKpjnNTAp6TIBYfd7DsOB21gcgeEDtV8NHm%2FnbVGtUYQKXKrEm1V7E4nQvSkcFExETpt1rtgr1VC36EtMxsn%2BNXGP6jqtTQvXs5xwdzHgNkQYJBBO9bc15rcxE8a%2BJa%2FWcZESpbT5Qepy40J0TEEFgh8qsxssS9y3YO7QhVU%7Ctkp%3ABk9SR9CRwf-aZw
AllSaints Lorimer Suede Bomber Jacket Slim Large Tan Brown Goat Leather Zip,69.99,Pre-owned ·,Sold 26 Feb 2026,https://www.ebay.co.uk/itm/277755181796?_skw=All+Saints+Leather+Jacket&itmmeta=01KKBZG92KJY9M145Y3BKNEPXW&hash=item40ab7fbae4:g:XBYAAeSwqHhpn1s7&itmprp=enc%3AAQALAAAA4GfYFPkwiKCW4ZNSs2u11xB89dH5X3risUay0sEaEDOjZdZxlMB4J1wONLw%2BR45yCvMaXH0v2F%2F0GC65xLE1Kdkke%2FXLiP2fnpvq8FD2%2BTeGJ0VXbGG54smpWCkzNcUyQ%2FeuhVHyjHwuoZ5vx%2BS5elavbyo8UcAjWiM8Ia67MrgjejoYMmaqw%2F8JAPIhJ%2BClqxdGHk94krtPvAlRZIUkmHNDfUU3lVyCKikwDnYuAf0B12ToW024KGWej1Lt79YK0Ckx5i%2FtXP9pBj02v7WxWEjPSpx0uw%2BG%2Fq%2FCDB4G3cl6%7Ctkp%3ABk9SR9CRwf-aZw
Allsaints Memoriam Biker Black Leather & Nylon Bomber Full Zip Jacket Mens Large,69.98,Pre-owned ·,Sold 26 Feb 2026,https://www.ebay.co.uk/itm/306589627574?_skw=All+Saints+Leather+Jacket&itmmeta=01KKBZG92K8RT7HETDYRQ6DWG6&hash=item47622a74b6:g:LuIAAOSwM5FnJLJC&itmprp=enc%3AAQALAAAA4GfYFPkwiKCW4ZNSs2u11xDjAz48cdQHQDfS%2FNM6EHlTJbhNERkBFnVJ2oupA%2F3yI3JyzgF3PNWz3B4bhGvLz18sXHaqrldszpOvOW4fC2jl2LxKLn%2FCxXrrlEyBWM9YwbRKBuiLbXuyuz%2BBiofbZJqjHqMv%2FHUs0UFPEQdKhaYb0BZsOiUhvmXkNfGEkhBfNwIL18Vn8h%2FDIZybk5K5HXsje99LWXW50qiLJTPyBVUa556vf%2FTZoIfQSsREkwCYr74qZHd1mJR8SpOG3wu3uD62MnUA%2B63Upfp%2FnnR2LDxM%7Ctkp%3ABk9SR9CRwf-aZw
All Saints Black Cora Leather Jacket Size L,159.99,Pre-owned ·,Sold 26 Feb 2026,https://www.ebay.co.uk/itm/306722955029?_skw=All+Saints+Leather+Jacket&itmmeta=01KKBZG92KA8S16XY5KX3TTC3G&hash=item476a1cdf15:g:EoEAAeSw-ytpb2s8&itmprp=enc%3AAQALAAABAGfYFPkwiKCW4ZNSs2u11xDoo2bRJav1hlaWGs0MFZATwhhMIEhe1UhpR31sGfIukITPLPpPXyS09s7I8ojQrOwZLaOf%2FRSAX01HBzzgQicsdFWEzByjCwrtQXwY6v8xR1Eh3J%2BIT0OBKwDwKx4RSp5FAnicpKkEtFSlDPmuqa70%2BxqOYELETg5NM8PlmWUeZ9Gpo6hovUHWZ8LI0CdeEiNzSvR1ZcnSWNXnm%2BjT4B5XToVcTjMbiDTjEDWARuk00qJh6BZnCUnKW9peYG1UEbE7%2B61CNN64Q%2B%2FHob5vCbbpXg1dbq7V%2BUABskfyZggrnVwBgXECrSJh8B%2B5pCIhyjc%3D%7Ctkp%3ABk9SR9CRwf-aZw
Men’s Allsaints Suede Black Leather Jacket Size Large,63.10,Pre-owned ·,Sold 26 Feb 2026,https://www.ebay.co.uk/itm/397623960465?_skw=All+Saints+Leather+Jacket&itmmeta=01KKBZG92K4X6JC2JYT9SRV51J&hash=item5c943c2391:g:~xwAAeSwG6xplXhl&itmprp=enc%3AAQALAAAA8GfYFPkwiKCW4ZNSs2u11xA%2F4FldmZrOLisDTX6TbSweQnnXh1HMb6S8r%2F%2B27A%2B5DoWgzs%2B2YGqTSIvkSiDsjSlYalRN7viHXkIZAnY0p76HP5zxed1snM01B0YahZHp6v9PEpkPCpN%2BqcnV4LYjgvJnWtPsWIc6aV8Y6DAj2rJAdI56vTiTx93ZLXkkDDuKbhoX3eGbSC8l8q%2BMsHS6wTn%2Bj4W6N5VkjbeUhbdQZf0sf0XIs3euo9I8ifTfOS5Sa6ynpWcwe1PK%2BxclC3WkxgvPZhh%2FTGUYo47uRffJKMjNhExNLt7CaesXS2st7Kp4%2BQ%3D%3D%7Ctkp%3ABk9SR9CRwf-aZw
All Saints Lark Leather Jacket Mens L Large Black Goat Bomber Biker Racer Cafe,124.99,Pre-owned ·,Sold 26 Jan 2026,https://www.ebay.co.uk/itm/397420354208?_skw=All+Saints+Leather+Jacket&itmmeta=01KKBZG92KGGT7GRDFCMT7NNBQ&hash=item5c88195aa0:g:92cAAeSwwLBpScAy&itmprp=enc%3AAQALAAABAGfYFPkwiKCW4ZNSs2u11xC2Qa%2F%2BHjmW79LBaQ4pUgLPMtwnXUK1LdWd7AEB5%2BDNREZxBe5UIA4wI1qYZtCz3j0L%2BucttmtvIDultjQGCZ3D%2FDby6Lwyfa8ibrZHeh1Ha0ziKsOX8ruafJwXXlIqtY7dwLk18LN5HNoetemh6l9trLKXfM4GTSiUVcrqCYY00Wqx8oS0ffwDBQK8hbc5qxiOv6vBYfvgFN547OvFaiqhYtMeWW9qfomA1WUhvjl%2FSTBQx7kynVycO8G2DcOEm6%2FLue%2BWr7wBWO7c2W5HSWbJtEBn6oWNmwY1JgSJQDsoM2Bvz5frX5WqRZLWxR4PCQg%3D%7Ctkp%3ABk9SR9CRwf-aZw
All Saints Size 16 Black 100% Genuine Leather Cropped Jacket,156.70,Pre-owned ·,Sold 26 Feb 2026,https://www.ebay.co.uk/itm/298023537471?_skw=All+Saints+Leather+Jacket&itmmeta=01KKBZG92K4FGR0Q93S7VG268G&hash=item4563964b3f:g:ySQAAeSwTf1pjOp7&itmprp=enc%3AAQALAAAA0GfYFPkwiKCW4ZNSs2u11xBubgT6tLM6J5FUrv9O4Dxcl%2F45Cb%2FlOU3ZI3Wjp9hPxD1QBPuUG%2F%2Bde9w%2BbwBNkTu0%2BZHICFb7WD%2FiqHdDpPAe1fLJ5dl%2BLNew0GwuE9REGzdgQXVckMLlEG%2FqqOZocJrjVRhWEgjEUJA83SDKY8RTgUeBMtFE7VFIb5Uz7Cr%2Fx7KiBmOsanhnLX4pvUlG1JK9J8hs2eS0o0pY9Q7FNgEFZYuEWXRB%2FVben2i%2BGQ5nTzsCA8SFakAj6gTtGIFgRjQ%3D%7Ctkp%3ABk9SR9CRwf-aZw
All Saints Brown Lamb Leather Military style Leather Jacket - Size 10,72.00,Pre-owned ·,Sold 26 Feb 2026,https://www.ebay.co.uk/itm/137074168809?_skw=All+Saints+Leather+Jacket&itmmeta=01KKBZG92MJ2DCQ5WSWV4DARD6&hash=item1fea41d3e9:g:HpsAAeSw0UVpHalL&itmprp=enc%3AAQALAAABAGfYFPkwiKCW4ZNSs2u11xC37SCkThG3TAuX8Uh1AQzEVfg6seSFyxniUhMTiJSkDkins5tWS6t6NRWp1MrXRMSLWNiy72ljzHT%2F210vhTU1HvL3YvvxYIK8tYdUUJ73Vv3c3ChdWb3V%2F6rZW74h%2BuSvibYHoaX5b01zsJu0eP8mVSIoevJcQ5lMIgWquAe8wQ52VpeLiqavicP0BuCkNo%2BjEj8K5nnfHcuMO9HE%2Fy%2BCOz1gHkQES5lCBMP%2FJGVJeteACZKMvL%2BMC8SVVeTmLOn0zjH4CeekG%2Fe9a3RvXIYRaFydTXylpHVuNwLh%2BDYHKphAnVgbQVNNZ6hJGqXsAjc%3D%7Ctkp%3ABk9SR9CRwf-aZw
Allsaints Zone Hoodie Motorcycle Biker Black Leather Bomber Jacket Size Large,149.99,Pre-owned ·,Sold 26 Feb 2026,https://www.ebay.co.uk/itm/306788134298?_skw=All+Saints+Leather+Jacket&itmmeta=01KKBZG92MDFC6WZTC773MR6M9&hash=item476dff6d9a:g:XvIAAeSw8KppnXIF&itmprp=enc%3AAQALAAABAGfYFPkwiKCW4ZNSs2u11xARd%2B7cnk5obOYTND9s4WkVGgM0NeMmdUeNGl%2B9bT9ia1E0K%2BXRoKtJpO7R3uozCBw4o%2Bmg%2B0mFnNdfxd4ZZeG0vQsOXh7hKIbK8Tvja2Bm%2F8lCAO4y%2BC%2F3AmFLAwsS2Zk88tWQB%2B%2Fbae1HCpzu%2FNR1BCNJQiYxYjwj78GL%2Frz1sDtMSpSxyZh8CaUOnvCJBt0Pvq%2FOMr1cqovbUHyr2ZUFMAHTGwOoSS0WXjffKY6ID5NzGj4klkqZ6V7RWqBFlipbiHm83i8cTTr33Lx7bHpu8NFUQnjVp7bmxJqFqpOxWdWMacjaDXXk%2FcGttBwDmfI%3D%7Ctkp%3ABk9SR9CRwf-aZw
All Saints Vintage Leather Jacket men’s M,16.54,Pre-owned ·,Sold 26 Feb 2026,https://www.ebay.co.uk/itm/287151390570?_skw=All+Saints+Leather+Jacket&itmmeta=01KKBZG92MBR6AWDPNZD6BZH50&hash=item42db8e7f6a:g:SagAAeSw8~ppIBGK&itmprp=enc%3AAQALAAABAGfYFPkwiKCW4ZNSs2u11xACZIERN3Il65WCzd0QmAu0ooUDTjCKYAJjJXzacyGCoo8Gc6Iw4JrDhbWpAtSCX2JXLz7Ux3PZVj7XMQeoEyV0wgguPPVo9l7WWkPuBlRonV109cAAtHpw0BlkV1RfQwEQw9kliq7zvsmm94RK%2F0Ao%2FRHI4JGTMZwbwMeqXkbt0%2FwN%2BQuZtnRhhkNJtQLpBalN3NcXP%2BukdX3hNZKv8IyBDVVDSLMHQxswfNzqKwMk7D3Ct9X6MisG5cBzPtsdcwWQaD1q9LWShJ7%2BFz1WZofYVcduO%2B%2F%2Bu6WHtPevQMQs4AnSkt1wXSv5ggoJwomWnxE%3D%7Ctkp%3ABk9SR9CRwf-aZw
Ladies All Saints Miller Biker Black Suede Jacket Size Small,22.54,Pre-owned ·,Sold 26 Feb 2026,https://www.ebay.co.uk/itm/389063551978?_skw=All+Saints+Leather+Jacket&itmmeta=01KKBZG92MF5DGT6Q5CRKXT9BT&hash=item5a95feabea:g:ToMAAeSwVvpo5URw&itmprp=enc%3AAQALAAAA8GfYFPkwiKCW4ZNSs2u11xCOqv46AdDpTv7OGoBqolBGW%2Fc2%2F%2BaA90jB4uHqDRCYxiPEa8Ajw04VYh%2BJW1EM%2BIfXxpemE8GBUb7TuKQYG4%2FbVBGnoX2g4O%2FToYejdJeRuyuSwbUn7iQVFRiGRG%2BeGMtddFZJin%2F7%2BMJ%2F4knwlNYtcVvEXG4Kz5MSKaSsTOabDYbLg0MyLJitAGoTeedLBpnsCbCs2fcNwBYBf74hmN0h7EV3k4brEEM0vOyv%2FvoBrEfObnQBYfoDMJh82INmpJ0Npbe74ruB90ajjnAnrJixgBIGxpHFkI%2F9EfwACVayZg%3D%3D%7Ctkp%3ABk9SR9CRwf-aZw
All Saints Miller Black Leather Jacket - Large (BNWT) - RRP: £399 - New season,219.09,Brand new ·,Sold 26 Feb 2026,https://www.ebay.co.uk/itm/277728468690?_skw=All+Saints+Leather+Jacket&itmmeta=01KKBZG92MFG3F9WZTCA19SF43&hash=item40a9e81ed2:g:ryMAAeSwQ8xpkb5l&itmprp=enc%3AAQALAAABAGfYFPkwiKCW4ZNSs2u11xDypauVvTHfMlRZFBB7emiivXr8fMffXqRPPOJE4tU8yCc%2BxAkejZHMEuCdborgVm5ZDh%2FnF28XSCJxLQSoLomUYbvZD%2Fik4wE6ZqU6El%2BBdX6yjNq66g0jBidKjJS2EaOln1UDbN%2FZk7%2Bu7aKh0Ala2ZH6sep4q9B%2Bj84sZPKoLxHcWfr%2Bg3H%2Bw%2Ftsefa8Z%2FCmJSEOuxgyqVeAHi%2BnLl%2Bzf19jNMY0CWChnHFrpdmV6voBszFoDJ4r%2B3pdwz8tzyhU93sBXf1Dsy4XbnSrP4%2Fvtep%2Bhw2s3DgWVfClKhJ6dEqH3QgfqlIrcVdUCC5qzEM%3D%7Ctkp%3ABk9SR9CRwf-aZw
REAL ALL SAINTS spitalfields CAFE RACER Brown LEATHER JACKET SHIRT medium large,79.99,Pre-owned ·,Sold 25 Feb 2026,https://www.ebay.co.uk/itm/395982796727?_skw=All+Saints+Leather+Jacket&itmmeta=01KKBZG92MQQDRQ9E4126BVSBE&hash=item5c3269f7b7:g:iqYAAOSwAXxnVaFm&itmprp=enc%3AAQALAAAA4GfYFPkwiKCW4ZNSs2u11xCh6w1atrVxFxGNkia8lAYaDqUvkm%2FDo1OZ%2BmYhtrxSyxQCAHPQ89Pw9tAwrd%2FwR%2FEoiBS0ZUspnaTFBf0fbZLr%2Fgun1pUavickPh%2FiSToxgTu%2F9E7njnAgG5YD%2Fyk4o2gb%2FqNAFPN9OE%2FAD9RYctIqhbCsvzuqzxI61DltiNXaAEVnDnUILMkNDUOpIK4gzQ1PtxD7sugsZGIkMvSPtwKsxmXrw28NRlyN1wfFfcHqmvqMp%2FZ3YHlsKjipY4lR6WY0V78EEr44S%2BCTUQG7BVwo%7Ctkp%3ABk9SR9KRwf-aZw
AllSaints Men's Spitalfields Black Leather Jacket Size Medium,37.66,Pre-owned ·,Sold 25 Feb 2026,https://www.ebay.co.uk/itm/227222511620?_skw=All+Saints+Leather+Jacket&itmmeta=01KKBZG92M6VFGZSWCAMJ28JM7&hash=item34e7846004:g:KPYAAeSwz0NpgQGQ&itmprp=enc%3AAQALAAAA4GfYFPkwiKCW4ZNSs2u11xDQHDPwjpstgicArLh3mGcuprE72Ifd3yK8UoCigGC14Qnj937FuPszVp54Jk3KnfL%2FoYp%2FVd4ff8VJGtA5fX4oA9i%2BQ5XrJPG9Zuu9SAme1rV805RHUctE12ynvXhREx%2BxHhxas%2BUDxKLlipud69UmmMVKEP2AVZ2Omf4jQlukFTM1jCbC9dD65Fi437WxdsiSIJlDD9%2BfqhTsrf%2FXR6FQoJm3ZCl9opRW%2B6Ppzm8vE8IiKSFZjLy8900x5nulCB58TUner%2FFRpIMVxa7aPacW%7Ctkp%3ABk9SR9KRwf-aZw
Men's All Saints SARLS leather biker jacket 2XL XXL (ref96) £249.99!!!!!,249.99,Pre-owned ·,Sold 25 Feb 2026,https://www.ebay.co.uk/itm/358056049274?_skw=All+Saints+Leather+Jacket&itmmeta=01KKBZG92M0829CGS1C673DAJ4&hash=item535dcdba7a:g:AUMAAeSwjQJpTwfn&itmprp=enc%3AAQALAAAA4GfYFPkwiKCW4ZNSs2u11xBN1qXh%2FUQaG5se91QglBzNSWnxF2I0N7uKHUVEb0ROMfRNnAnCxABxd53iCOEaJKzLa8yJXqWq7R523JJPbHZEx163fXgDuWrgKRmtkXMXy82zQN69692xfQN58Fp9CFpJaJ69SXUzPYmV1cClcHx6fewLKSFUQ6FefysEe78z9jds%2F8uTAVSGtqzh9EPn2F1GekHLZ0iiJRg%2FfplkiTDXZmueohwjX35qGvtCy7vzKDIqPYqJHmfDJvMj2jbne6txJw11zfrtjuCHMkowmEM%2B%7Ctkp%3ABk9SR9KRwf-aZw
AllSaints Men's Leather Jacket Size S,42.30,Pre-owned ·,Sold 25 Feb 2026,https://www.ebay.co.uk/itm/236650102239?_skw=All+Saints+Leather+Jacket&itmmeta=01KKBZG92MZVFWPQ4A1492EW30&hash=item371971fddf:g:M40AAeSwwQlpmzpX&itmprp=enc%3AAQALAAAA8GfYFPkwiKCW4ZNSs2u11xAPyzbNnGqd9zgRiHKx9L%2BHFXJdUIZFk9wqYFgpoAFeTJtG9Kzo5P9xDfJczIZazdHwuCfaeCKc7wzG%2FHyuT7SsoPN%2BhuZF7tZLp4Mx1%2BIYvrm8%2BL%2FnUXzS5%2BuR%2BDJrsGNZQ%2BmzQt9H5QFPcDz88UavYqNGPD%2FVCoPo%2B6yUab104sb1n0xW7MyJuW0fZrxFH462BSdcOWSAUXY55ICGsfo7FXPQi6XisMVpCy23TvMyWPksZ6yJaGpDigDmyxOn4e7PTQHf1OhjEJHYhdGaJOT9LBxqAG172BbiPnRyODocdw%3D%3D%7Ctkp%3ABk9SR9KRwf-aZw
AllSaints Men's Dark Brown Distressed Real Leather Biker Jacket Size Large,37.10,Pre-owned ·,Sold 25 Feb 2026,https://www.ebay.co.uk/itm/336416139794?_skw=All+Saints+Leather+Jacket&itmmeta=01KKBZG92M8NW6G8P5PRV7N770&hash=item4e53f6ea12:g:iFMAAeSwC7lpf2dd&itmprp=enc%3AAQALAAAA8GfYFPkwiKCW4ZNSs2u11xCu9BXLc95E6SjhE7IfprPSD%2BEquAZ7IWZ3GQTSKWyzTdwHWkfPzDPBZvME8%2F2CXwYWdxOQmqFnl6vh2qfQrkKCPAy4NbOrR405M1kt378zmHD1BhnN68lMH%2BCJBFSC3yeUIy9MHf8jWBfbpwYGZqisKV0zadQjGsMAB5iWUW%2BEnELWVdpbnqC1d%2FEFtBr2yNNDIRN4TTjqS9GG%2FlnKfYD%2Bg1Vnd6cNODUm4oy5HI4MTuz%2BT2%2ByZpLISWdTc92ElDCxHLchZJmJ72MdkIEgBreTX8898INoIMGNX1y9GPQYug%3D%3D%7Ctkp%3ABk9SR9KRwf-aZw
All Saints Black Leather Men’s Jacket Large Excellent Condition RRP £499,185.82,New (other) ·,Sold 24 Feb 2026,https://www.ebay.co.uk/itm/177875830372?_skw=All+Saints+Leather+Jacket&itmmeta=01KKBZG92MH3B8D8K2V7661KM1&hash=item296a39c664:g:XKEAAeSwB7tplxoL&itmprp=enc%3AAQALAAAA4GfYFPkwiKCW4ZNSs2u11xDQ%2BT%2BqkQ5W3ytI7%2BJPqNR9Y9li8%2BdB8ZX1uOBMXFV6fSBKEzf2KunIvPWbKBQ568B3Rq5x5F1cEoA8LV6lGE0avZKOgwMTGxekBSQ1We0C%2BPVNp5yrNSdVIvjgFNGoUXn%2BrdMbS0QG5MVmU5VLb0wQAOQSw1ZrvKTFVv2X4uLgDvniFQnKQgQA3nnsbwnpVtshEU4IVyMTY4E7j6iHHT30RtnLBJ0XWOVnx7kMRJy7hcuzYSSMoJBCio5j%2BNqHdpCA%2BP61zB5VxCRH%2ByYE3FLg%7Ctkp%3ABk9SR9KRwf-aZw
All Saints Conroy Black Leather Biker Jacket Size L Large,42.30,Pre-owned ·,Sold 25 Feb 2026,https://www.ebay.co.uk/itm/137063503654?_skw=All+Saints+Leather+Jacket&itmmeta=01KKBZG92M4MR5CE3FMWMZDCR7&hash=item1fe99f1726:g:~F8AAeSw53Zpm1lT&itmprp=enc%3AAQALAAAA0GfYFPkwiKCW4ZNSs2u11xDfRo%2FXMwpzBCqZnLtFirxLwnx%2FhfCaSUZuDyNnQ8w5fY1eMa65baa0hTpzvyXFfnH2uqi3M98tgp%2F%2BfcggLEcmQKVEFzvyCHlmIDoTvkzDTS3%2BMw5KWDIoHimjxglPgj3emcBS72heoz5q4%2Fjt27QhYqvzVJDjq%2F42lfoage6saPd7XBclMssUCxNDJBYYb8dytsi9wxlx6EliO2SPZ5IDQEvW%2B1pv4Y4%2BWOGxHe2fUymRNl2qV64aCK4wXGQJ1gY%3D%7Ctkp%3ABk9SR9KRwf-aZw
All Saints Leather Bomber Jacket Size Medium,50.00,Pre-owned ·,Sold 25 Feb 2026,https://www.ebay.co.uk/itm/236654525057?_skw=All+Saints+Leather+Jacket&itmmeta=01KKBZG92N5XHJ6HTQHZZFSBBS&hash=item3719b57a81:g:yIoAAeSwDu9pMEI7&itmprp=enc%3AAQALAAAA0GfYFPkwiKCW4ZNSs2u11xC79WWTIuudr7sdoTdy6XYbuYwTte%2FQTakKZer8TfdKVNI%2FKNOSTzRiPu52n5DB0e2cedWFeLc5JMrlYfR5kO8dxcqjZe%2FbKuXG%2FjMcCie3KzZx7nAXymxwATs2NXbhMpSC1XrLo3e1xJerLv3CKe0erNtj3lkyJHPPZzCvy5WAh%2B73%2Bs5YtxVFG5xiZtDcI1I6dBKPrW8D%2FCRb%2BQ3WG72QlyRvjQ1%2F9hrv7%2FNYNaCIO%2BkZJ9KfneyhOjydTD9xjLg%3D%7Ctkp%3ABk9SR9KRwf-aZw
all saints cora leather jacket XL (Essentially New),149.42,New (other) ·,Sold 25 Feb 2026,https://www.ebay.co.uk/itm/177894207888?_skw=All+Saints+Leather+Jacket&itmmeta=01KKBZG92NM6CTEM7DAY4KKFSC&hash=item296b523190:g:TvIAAeSweyppnsS1&itmprp=enc%3AAQALAAABAGfYFPkwiKCW4ZNSs2u11xDrCO78%2BdGuNs2JRY8kPUUzy0xeXSs19yrp8R46jzZgqyUEnWpB8yqeLcpkjMCanzDSCe159Z9aknbLj2nj6vCV1XCR9aQLfS8YnlV%2Bwic%2FZzF12hAnMExW4NSDg7atyI9ZhuyKrAfHDTGO4l0D3rilkfb%2BPA4foMHdKP1uNsY6fJ1owZvfdVj86WzwZqi5rDyTEeLT4aLqolqfj8Wjjhdt9p%2BcV%2BefVMDkaJGmixi50hs9TBGTjkch62vE28gWZIcRGMJEMI8nrkYT4aDs0P9RcKBxvuvnxooue6SkB3eSL49bpji6SGNKalAGWtXiOpg%3D%7Ctkp%3ABk9SR9KRwf-aZw
AllSaints Leather Jacket | Men’s XL | Mixed Material | Black | Zip Front,38.25,Pre-owned ·,Sold 25 Feb 2026,https://www.ebay.co.uk/itm/317785850719?_skw=All+Saints+Leather+Jacket&itmmeta=01KKBZG92NYG34SM1KRXC546KH&hash=item49fd83435f:g:HCQAAeSwpcBpcKSU&itmprp=enc%3AAQALAAAA4GfYFPkwiKCW4ZNSs2u11xCUUSmVxjhlM%2FtJMOEZzHzbbVkryM1IQhVwsuItUFxuJQqMS2MLDDQ2hyuuyEvpjZ6Ay81V5fr0vvrTBmqP4cTBbgXD6ApFaoocdavvBPBYnS%2FUzAZLOE34fP%2FMa1NNDBepB6wgwLls0zFwWC1%2B4LX4mWhI0jATZe5Iao4gMajSTGYxvMCgsXEuvrCztt%2FsYJNCG%2B6j0KtgWYqDpKxwY8OdluAjzzdIqIDF%2BzHNsb9euHwFCLXsRpLxM1hXLNWQg7Mk9jgoy0y7CLh5%2BMfJwee8%7Ctkp%3ABk9SR9SRwf-aZw
All Saints CargoDistressed Leather Biker Jacket Black/Grey size 12 UK,83.90,Pre-owned ·,Sold 25 Feb 2026,https://www.ebay.co.uk/itm/326984293475?_skw=All+Saints+Leather+Jacket&itmmeta=01KKBZG92NR6RPE0GFM1S8790R&hash=item4c21c85c63:g:oUgAAeSw9Ttpgi2x&itmprp=enc%3AAQALAAAA8GfYFPkwiKCW4ZNSs2u11xAiC46uUsl4KGSyjLzHrPNBO12IWCDy12FqsusMPbjpfURfz1dGz2cvoUJdmDo2ITK7OLYAxpPGw5racK30DnhE9XY5ASnBSNngHhAgTvfEHIxaoekGeGNtNKZgkB09xFjfklkKM%2FyLUAIu9cWluINDR8RQhBgTAq%2BoVWYPCerARIqt8H7%2BYs8RB0XQHV3w83BwwLxn%2ByB3n%2Bg17VoE%2F7OCAH99GYBPe9RAOk8lc0uTmlGALhqMSAp%2BtWIKXH1zEdzyVzWxRQxxZp8K4r%2BCMdry5nxktpvOihqcy1Ih4oWFCQ%3D%3D%7Ctkp%3ABk9SR9SRwf-aZw
Vtg All Saints black soft Leather biker bomber jacket elastic waist XL revival,35.99,Pre-owned ·,Sold 25 Feb 2026,https://www.ebay.co.uk/itm/326985659160?_skw=All+Saints+Leather+Jacket&itmmeta=01KKBZG92NHKXP6SPD92R55VAD&hash=item4c21dd3318:g:SPsAAeSwysppMVkP&itmprp=enc%3AAQALAAABAGfYFPkwiKCW4ZNSs2u11xBa5%2FdNAYHDwjJRPE6MbZlu3mEUgwzWl79c7JjC846eeeBfrCMvtyM%2BrHad9A5BQ9s%2FvRs1wHDeTym3hJxHVHhiRf26IHexD1VXx6GxB3g41c6D4yxxh%2Fp6LQjb%2BVYhCMeTC1G8oefLP5FJOFqDKSIKSCSim081kbM%2F%2BPgLzYo5msSwoWkcFHFnSVzlHWKPjXaJl3bVPvP9uUnMWHSf%2BaP4oCiKl9e%2B06Qzi42Vqoj825hg9Fjr7XJIuTUX5Gkksp3ZdbKcIIB8PT7WkJXtSK5pw%2Fdakpcxf1w5qCi%2BR31O%2Fzm56qSNHkPvH1AxEFmg76g%3D%7Ctkp%3ABk9SR9SRwf-aZw
Allsaints Women distressed natural Leather cargo biker Jacket,37.10,Pre-owned ·,Sold 25 Feb 2026,https://www.ebay.co.uk/itm/147170214741?_skw=All+Saints+Leather+Jacket&itmmeta=01KKBZG92N8BQ3DPQ5P0TN2M22&hash=item2244074355:g:AHMAAeSwS~hpnaaS&itmprp=enc%3AAQALAAAA0GfYFPkwiKCW4ZNSs2u11xCuQnix%2FerAApVziVqjhpHSLYsrTasRiMFXfltHV7iGtHLlvdMrCNdVeuwPEfTBZakEKSUL1ZhlcEHLSTvwj3VJDNo2ZM%2BWVWeHKDxsNIfPZ3AwM06srWLWNikJcTvsl3yOuALPTI%2FjhCnC8OL66BhIRy%2Bfg05NLCvWmMYOuco9VYHbmyO%2FVaZ9R9ZQRS0snsMt37WJRfHuSblAzF26qBgMSm%2FzGNBsnBzZnhblArh440RCx7qkeI0MOsE1o5ieze8%3D%7Ctkp%3ABk9SR9SRwf-aZw
Shop on eBay,$20.00,Brand New,,https://ebay.com/itm/123456?itmmeta=012DEW30YG0MEEKND7NH&hash=item123546:g:acwAA9KNiJowH:sc:ShippingMethodStandard!95008!US!-1&itmprp=enc%3AbgepL1tlUHjMGCVfSTGJh%2BzsVKeJ3CQk7NizDI4BZeppuFnmyS6Ijyp8lh%2FnEw%2BWqO7uTV1Q6izE1R0T54aV8j71F4xlWfVcGft4%2FiOQhtqVXA1rW6M1atPARQRmhqUxtEPJKhKtSFgI%2Bvwlzb0GwVCtkp%3ABlBMUObkmabpYw
Shop on eBay,$20.00,Brand New,,https://ebay.com/itm/123456?itmmeta=012DEW30YG0MEEKND7NH&hash=item123546:g:acwAA9KNiJowH:sc:ShippingMethodStandard!95008!US!-1&itmprp=enc%3AbgepL1tlUHjMGCVfSTGJh%2BzsVKeJ3CQk7NizDI4BZeppuFnmyS6Ijyp8lh%2FnEw%2BWqO7uTV1Q6izE1R0T54aV8j71F4xlWfVcGft4%2FiOQhtqVXA1rW6M1atPARQRmhqUxtEPJKhKtSFgI%2Bvwlzb0GwVCtkp%3ABlBMUObkmabpYw
All Saints Leather Jacket Mens Black Biker Bomber KINO - Size S Small,89.99,Pre-owned ·,Sold 25 Feb 2026,https://www.ebay.co.uk/itm/397163097707?_skw=All+Saints+Leather+Jacket&itmmeta=01KKBZGES6WE0GW1BYX79Z39B8&hash=item5c78c3ee6b:g:kY4AAeSwxEpo8N39&itmprp=enc%3AAQALAAAA4GfYFPkwiKCW4ZNSs2u11xDhpf%2BLy0hQKEMwYrjIMI1dfMSeEcorFFzqWQXQ1OyMLjaP6e%2BDBcKau5%2BHtBwadxiUEAXpwJsIfAIvMNzScWF2wamKNOkRAKYwD7fP5dK0xOVYNA1%2FtoiaXXj8rXDgiIKaV18eM3N0h54%2F%2B5T0BrCjF4mP2CGTz3L93gUNyqHNxZy6UjeC0NYpOqPIoWVxckeATMI5ywvayVDql46TjdQu1H72uXS7EGQMKd5AXRU5sYNKS3%2FpIu%2BtEKOH6VRkeg9dJdV2P9cH40Bmhz%2B%2BCapQ%7Ctkp%3ABk9SR_bswf-aZw
"All Saints Mens Black Kahawa Leather Biker Jacket Size Medium Chest 42""",119.00,Pre-owned ·,Sold 24 Feb 2026,https://www.ebay.co.uk/itm/187144968734?_skw=All+Saints+Leather+Jacket&itmmeta=01KKBZGES705AQP7ATG467VM4K&hash=item2b92b59a1e:g:AuEAAeSwOOpn-5O9&itmprp=enc%3AAQALAAABAGfYFPkwiKCW4ZNSs2u11xBDYwZRXhd2Su%2BOrjvu%2Bm0vwoCdTdStwJH9IF%2FBPVtvK801i0evz7hGmvLXan7Xk6jOEv7furaE4zzIu7Lg7FjkoaRoIfMvXdC1peNknhJ6ddYe8ObevRvWKBLEEeCyyDIECMOspSw1vc5Zot%2FAzAnNv7LvERY3ZCY68rIs6yzzCKKXLU%2FndmBzs8cb3KvTyy6gRC13cysuh0zGLB3zN9d4t7cqXQWPOiJLmg9ZvkKdMEwImjcEbLKWLstAj8WP44MrrHK%2BULisGK%2FkqQToZMeak%2FFdyVFrzocKDtPsuFw5B73DRDGtiqm2pjLPtPASWVQ%3D%7Ctkp%3ABk9SR_bswf-aZw
AllSaints Men's Leather Survey Jacket Size XS,75.58,Pre-owned ·,Sold 24 Feb 2026,https://www.ebay.co.uk/itm/188079127564?_skw=All+Saints+Leather+Jacket&itmmeta=01KKBZGES7M34KQAQ7P6WJRQNW&hash=item2bca63bc0c:g:G4wAAeSwgTFpfh5V&itmprp=enc%3AAQALAAAA8GfYFPkwiKCW4ZNSs2u11xA5xiT%2FX8kIHzfB2mFPKkC7wMChbS38eeRRBQjtVG3vB3oXkL0TZyOO1%2BXAPxk%2BjzzTbmB26z%2BbmZuv2wXm%2Byj11RTk0h3OboZBXDFlGZhcM%2FugzObZ3GfeydRXb1cegB1KMlUiNP%2F5rReqp5yKvxwWIIawZoTnU03pM%2FIlTZo1noqbO0bPFLgg2XlcRnu2Xk4Ua8d4aoJq%2BfBIV6bc%2FejbNT0zGVzX7NVYBa0koUCAZ1V22rYBcLkA8r23PdIRePjdWRtRf14PNusCN1Eojw0ZbxlDu29kjmNeRijmXSEZ%2FQ%3D%3D%7Ctkp%3ABk9SR_jswf-aZw
All Saints Brown Leather Jacket Size 10,42.30,Pre-owned ·,Sold 24 Feb 2026,https://www.ebay.co.uk/itm/168160032742?_skw=All+Saints+Leather+Jacket&itmmeta=01KKBZGES7B46V9K2R9PC9WY06&hash=item27271e77e6:g:f4oAAeSw7thpkN2q&itmprp=enc%3AAQALAAAA8GfYFPkwiKCW4ZNSs2u11xCeBOehSMioqgux4FVGB98lXWx%2F1%2FATW7rzmZopgK2jSY3cr3IlDfg6Qn7f9uONoAbaCOIN2GNPcCmgF2vM%2FNk%2FIaSFfmV4Z2iGKFqZe1SX6FvxGs7Yh3%2Bt%2FXnLBRmp4jm%2F37HgQsqg5yb1tZzumL%2BhjFdZ2aj72GBMN%2BfqDVPw3ADMrI%2BTs4HiZVsW66QlOguTwSqUT9%2Bj9GOkd9Zfwo482QEU3uRtGH1mn0WD%2Bs2uekZXXu2fu0znycv6I60jKmJ7ybfE57L8ds6qOsE4mJliQd4ZSwYIWsxPFSDii8y1GA%3D%3D%7Ctkp%3ABk9SR_jswf-aZw
All Saints Leather Jacket XL,94.30,Pre-owned ·,Sold 24 Feb 2026,https://www.ebay.co.uk/itm/226877128807?_skw=All+Saints+Leather+Jacket&itmmeta=01KKBZGES79RYCEE5FE0H4X3HC&hash=item34d2ee4067:g:1ssAAeSw4C5ofQmy&itmprp=enc%3AAQALAAAA8GfYFPkwiKCW4ZNSs2u11xAugKcvbHrg%2F%2Bt%2F6scdBeU6kEmJGrLrYhV%2BnMjgNWBiAXeqBzEp5jHahVIPpi7hhlScPlAZfMzl6Srxhxwd015Cw4Gp9XbrOrTq1RQ%2BFvTgmgrPy%2BbxaIKIaY7fNhvRNpkKqR3dnji7JSFpHCl9Kk2PldSMP1KmiYi8vMCvRsnG6UiZaNQdmHPAJd1rTVd2eAGd5JKmRXjEwIs9JSGSK09IyrXh7oS3%2B0CMlGLbKKubQSpuafHrDYca7kvo67XF8IzOCBOEJud9JoB4Lih0JbDtN2r8hYIg3cjwfRerR3IzkA%3D%3D%7Ctkp%3ABk9SR_jswf-aZw
Allsaints Cargo Biker Black Leather Bomber Cafe Racer Rider Punk Jacket Large,69.99,Pre-owned ·,Sold 24 Feb 2026,https://www.ebay.co.uk/itm/306767598500?_skw=All+Saints+Leather+Jacket&itmmeta=01KKBZGES7KEATVT2GCH8BVXXV&hash=item476cc613a4:g:Ja4AAeSw-xVoRoUV&itmprp=enc%3AAQALAAAA4GfYFPkwiKCW4ZNSs2u11xC5hR5TcbjhJmJjS9JHKLNmGPfdBJOTItph6240Y9Ra6ug%2BQJFKr3fAwWqob605BwDhKderxHj3GTf7uGO%2B5vD%2BtvPJn2eSMlc5e9afj%2F67FnsbtgTNRS1h%2Frfk9GK3l8RUESVUh14HvD64N8w8Tb01GPMpNv7zWrWOpWdfMkATHDAh5arMALgV4q1ZQKzOKnlQwVqCvc5HzdZ7q3vc0Y8b5J0OsohR0z6olkU4mCLMP2RjSeI9O6VbBQpdEvWJi1ELRjIwEFlAcYAWLBPvMTjG%7Ctkp%3ABk9SR_jswf-aZw
ALL SAINTS LEATHER BOMBER JACKET BLACK SUEDE XS,26.70,Pre-owned ·,Sold 24 Feb 2026,https://www.ebay.co.uk/itm/168166809644?_skw=All+Saints+Leather+Jacket&itmmeta=01KKBZGES7WFDW4TDJ7NM0KZX5&hash=item272785e02c:g:IUAAAOSwwhNlL7Xn&itmprp=enc%3AAQALAAAA0GfYFPkwiKCW4ZNSs2u11xAx8j%2F0vSSn1W%2FP2ceOPnvdhvYaM%2BOv5gjkYUeAoUQL%2FyVyuFJ83hQwNpd1yMWo3cYww1M0JuNoKz8Z4RVuYm%2BdxdJn8%2BY5bRmaw3TDrn9QxBvY%2F34KPTR%2BPkvaDX37lZ0Jb9VTShwCj%2B3vq7W6iRyBbtWZgmcu68lVztmR0KSwFcKznMeZK%2FOGm6AllabgGFLAxEMb4ABt8Yjw5fSmRMXxJnCHjhriDjpdqm9FvBpg8JunJ6KuyLLvhdwgTneR%2BIE%3D%7Ctkp%3ABk9SR_jswf-aZw
All Saints Estella Leather Biker Jacket Black - Size UK 8 EU 36 US 4,120.30,Pre-owned ·,Sold 24 Feb 2026,https://www.ebay.co.uk/itm/267537318419?_skw=All+Saints+Leather+Jacket&itmmeta=01KKBZGES70HB67F1WW633K5XX&hash=item3e4a778213:g:EWkAAeSwSytpXsFt&itmprp=enc%3AAQALAAAA4GfYFPkwiKCW4ZNSs2u11xDyN1mlUg2Su8W6z0kd%2Flet2rMVtn1PU%2FDBvCQFF7f3jb%2BJRCQZlCq48Gk%2BqBJrZ5dTiKCjdVXQvRV%2BhBVSrEC%2Bz3xYHT0KsdPB83MrsbjAT6EGklygv9VYSzVgwPxuaNmx34Ym34i9VCT32fa%2FHcDEOur9OM%2BJV3tYaXgh%2FlvzbeMNN2CiU8JqKeU9qkcm0IY6xIdocLZffDLfh7pblKaf%2FKVBn%2BL7faxL0SdYR1bsk8Q89rZf%2FB%2Bogcy4cW7Fi2RuWji8QVX%2BLhBvNiWY4khL%7Ctkp%3ABk9SR_jswf-aZw
AllSaints Milo Leather Biker Mens Medium Black Zip Perfecto Jacket,94.99,Pre-owned ·,Sold 24 Feb 2026,https://www.ebay.co.uk/itm/157695988754?_skw=All+Saints+Leather+Jacket&itmmeta=01KKBZGES7TS3BS2W41QJDQPNA&hash=item24b769d412:g:yoMAAeSwVrFpmNiM&itmprp=enc%3AAQALAAAA4GfYFPkwiKCW4ZNSs2u11xD5DQdyE56SxW3DuWjaWDOzG13bk2Ri23UxgTMFcXhAqeI8Cr39iT7yURbaM16s9Lam9GC3yue69Gz4rEkd7ArAvAUq0bnJQC%2FrvliQ8MraGC7luQhPQBKUIEzS30MGXeVyiZC2FAKiOmbUBxbUHUyd7OLwpBb5l5lIF%2BI6%2BTSUF02Wbbxn%2Bqb3nzREVb%2BhoIU9svhuekwigmgqKOpTR%2FQ8PbWl3dgMs64AWCdpmWy%2FiTmC2l9NekAaPqhbJjcUCvksKUarTZVd4%2BUA%2BgxnuBZU%7Ctkp%3ABk9SR_jswf-aZw
All Saints Black Leather Biker gilet Size 12,27.00,Pre-owned ·,Sold 24 Feb 2026,https://www.ebay.co.uk/itm/206087142440?_skw=All+Saints+Leather+Jacket&itmmeta=01KKBZGES732NV9QRDWFZ7KR8B&hash=item2ffbc03c28:g:WIAAAeSwmDRpm03X&itmprp=enc%3AAQALAAAA4GfYFPkwiKCW4ZNSs2u11xBvgsVYwaOb%2BYembdjqmX0H0eVNVhiZnkyzUHwoMq5n2Nfe9BN6fdzQPYYAzA4oHVpw1cvis7UUyPcfHLjGuRVAC2Tg516%2FZgb42GmcLFsTY%2BQumqXwoOpdSJb2UjM30iffageTdhQv0B11qO7L4ifxO49dec%2BUoWfNOiYkSJ2heVRVPBTvusl%2FbUlox7tUSli0R9a0q%2BHIwTcb6QEv176bJS9J10uMLGSwr%2F7uvLfLOnM8XPzT7OZ2hZR6ibm%2Fm1%2BDt3zVgaPU3wVQOEUwtIJ4%7Ctkp%3ABk9SR_jswf-aZw
Allsaints Womens Billie Biker Leather Jacket Small Black,125.50,Brand new ·,Sold 24 Feb 2026,https://www.ebay.co.uk/itm/117042261767?_skw=All+Saints+Leather+Jacket&itmmeta=01KKBZGES70XDEQMX4XBM29XV5&hash=item1b40432f07:g:ZKEAAeSwdP5peMgm&itmprp=enc%3AAQALAAABAGfYFPkwiKCW4ZNSs2u11xC6E11POkpmG8veCiPpIWgKuiu%2BnFlwTT%2BDL%2BpiP%2FMBkQQNJycVHukn7i3%2FeaYns7X1vtryDkMQwm9hTio8PkSnN74bRsjumuKZTjOXp%2BZfa0OWUNz5tbKqLp4Wn1t7f0vBMhQYpLFM8pmbJfiBIWL%2FMJ87EEWPokLia3YCDVwS%2BUEAXelZtmC3MN4HV2ABCyaSglsSHIB%2B8PSwoPlCy9gdZ38B%2FQkOukAUr9W6%2Bgl3GSknF9XNB1sqIV8u3Wq6Fw8r4QoL24enFFjS6%2BFPZbwqg%2Bw9UdvTFCaEIoGCTCqXJ4VoZikq01N%2Fd%2Fz2coFbxLs%3D%7Ctkp%3ABk9SR_jswf-aZw
All Saints Conroy Men's Leather Jacket M,50.00,Pre-owned ·,Sold 24 Feb 2026,https://www.ebay.co.uk/itm/236636249968?_skw=All+Saints+Leather+Jacket&itmmeta=01KKBZGES7KVARW3RATVPXXGJY&hash=item37189e9f70:g:sOQAAeSwUXtpTsdv&itmprp=enc%3AAQALAAAA8GfYFPkwiKCW4ZNSs2u11xDCDEleWzcXHsizzN8719PhxR2ppbG2lyxNJBpyqzCPbDmu9C5usF1EL6%2FyrX4ibFyxS7QfHnDGRqLuYDNtYtBNzap1PjvhbRxIAi%2F8qrHUk9%2BuJwiLZ9qWk%2FKGn9NoW3E6J%2FRlaXkqss1We2PsnK7p08KD%2B%2BpI%2FlheW%2F3P2CX3zELop4nu6%2BJiGZtyb%2BjxY4z%2B7IhjU%2FIO6GFKp%2B77XBLB3eJqwEOktrqLrQaI7A5U5jAn42OISIQLGt6AnqfhleWOnbHags3E5nafSz8xxg%2BvWJdfpgLcMsYefaDq2PF5Zw%3D%3D%7Ctkp%3ABk9SR_jswf-aZw
Vintage AllSaints Black Leather Biker Jacket Men’s XL 42 Chest Great Condition,99.99,Pre-owned ·,Sold 24 Feb 2026,https://www.ebay.co.uk/itm/306758172277?_skw=All+Saints+Leather+Jacket&itmmeta=01KKBZGES7KAP1PNN45SHWZNX6&hash=item476c363e75:g:u0gAAeSwEfZpiLDf&itmprp=enc%3AAQALAAABAGfYFPkwiKCW4ZNSs2u11xDvjgdAuTP382f51OHQlpl%2BYYq8ii0wpXgDYT1kawxtr5EGxQFdubkm8kqTQbdC3Yt8B1P4pT76rjAjO6jnykkUuszbv6t0u1kepAd8xULV1J6DLsXQIWXnaWEWsstuwQZm9bVv7sNIwpo8BgUcGbQw0T7Chc6ONFRqysiMAH%2FAeZjP9as9e0DbAg66ZYqfjAHsE2vcOEG7pzqC2nCDoUYepVDmArOADqe7q83XUYvA2K%2FhfHzKIPiM%2BPRYbaXZS7XcKbkv09eMBrt9Uw3LNypvrGKXESbPXdKghYNjUUQ9I0UMrf5O7fB%2FbcR6cjKtdmo%3D%7Ctkp%3ABk9SR_jswf-aZw
ALL SAINTS Leather Jacket Womens MEDIUM Black UK10 Biker Celebrity LUNA US6 EU38,139.99,Pre-owned ·,Sold 24 Feb 2026,https://www.ebay.co.uk/itm/257347675961?_skw=All+Saints+Leather+Jacket&itmmeta=01KKBZGES76NS3CN3RC7T1X8H3&hash=item3beb1de739:g:DxMAAeSwLHJpA1Au&itmprp=enc%3AAQALAAABAGfYFPkwiKCW4ZNSs2u11xBORMWCTUhScTf29W%2BxrNxC%2Fo%2BlGQgnOYi93VtvDQQ2rs%2FZ%2BzHhYDjhXhnEqSmREw7HEFCbQu340vzWq0XbxvlDZD4yKs%2Fw%2BeOF9rPclcDNzbSKgwsqMhZcWvrrdldRzYHSgLSxOEqsTh4sDqxbLwEi9eM1Fs2GJ9pX6YF7deg9vO22pXA5SozSjkTldFjhCdOVasQDdNMk0JBE3I6MTtfbljZkYrIukrxu3sZ3bO9VFk7Om3XlxYaHmGldJ8HDqBQaRmqRAyC%2BWpHSr8Ls%2B%2FLWylYZZsfQ3rNzdFaVKU8S2LpVbqbyaO5Rny9T8aNbIOc%3D%7Ctkp%3ABk9SR_jswf-aZw
ALL SAINTS Cora leather Jacket Men's Medium Black,104.70,Pre-owned ·,Sold 24 Feb 2026,https://www.ebay.co.uk/itm/188067758832?_skw=All+Saints+Leather+Jacket&itmmeta=01KKBZGES7T78DSBG5RT805ZPX&hash=item2bc9b642f0:g:mdcAAeSwLdRpgeeJ&itmprp=enc%3AAQALAAAA4GfYFPkwiKCW4ZNSs2u11xD664BoLoAUf6mNoX7rHyydZLzE9PP%2FVY6Hm0W7yfVTv0i9jcYQOyPP86iUAnljXS5m510J93XsTPnbFOX3xUH2rynGiMhuFLYCA%2BZ2fzKBcYrXxUxx1vfs%2F%2BzIHHfrSuh8feskBqWDqgXFrpq7ZLBDCuSo4IrRiWNA9Ixb2r%2F8UjaQRBsrkrkQbDswbac8wNJrfxGwbyY4mLeEt0buh09YPbPlMjLf77ojbcSVuzEsfhxBXGJQ6ewUm4kRrWoL2BV6mEqPWJNlYfNq9yrrhLRC%7Ctkp%3ABk9SR_jswf-aZw
All Saints Wool & Leather Pea Coat Jacket Biker Sleeves Blue Black UK Size 10,62.06,Pre-owned ·,Sold 24 Feb 2026,https://www.ebay.co.uk/itm/168172673545?_skw=All+Saints+Leather+Jacket&itmmeta=01KKBZGES7BGA4QCTRCWXRX2T0&hash=item2727df5a09:g:i-0AAeSwXAJpc4sy&itmprp=enc%3AAQALAAAA0GfYFPkwiKCW4ZNSs2u11xBuPCXbpXtObYuRMfJI2h8QD%2FWqUJ8pCPscgYpi31y7DZ%2F18pMxd6hazmm9j5wPccIELznlRU0bTuuugRJMhYfOWlJxyXxE5Y9zNCwygX%2BIz26rPNX3nYGCWdNYyBQVefLJ%2BRehR0xS5%2FapCVRJzjh6Ex1NX097y0K6zyaECFEd5Fpu%2FY1e%2FMGIjtMT6CAHH6UBJVDcFRp9WdOjmEudi0CJ0aqC08tiGma%2BK0%2BXZ3XV9ar36038TYOtJZSNGZXaD4E%3D%7Ctkp%3ABk9SR_jswf-aZw
All Saints Leather Arms Italian Wool Front Jacket Size 10 - New Never Worn,40.00,Brand new ·,Sold 24 Feb 2026,https://www.ebay.co.uk/itm/198107477637?_skw=All+Saints+Leather+Jacket&itmmeta=01KKBZGES87742705CDJR996NR&hash=item2e20203685:g:P2IAAeSwOJpol0yb&itmprp=enc%3AAQALAAAA0GfYFPkwiKCW4ZNSs2u11xArggsPgNYNtazRM5bxRMp2cUul8XdxBj1tEbjZo4t3HUlj0dUbt2ROFMppF6qB5Xir%2FjdYEnSBgBq6Pizvw53RscTbb1bpg%2FzBKw%2FtZoGozNwyWZzi2Ft25Dmt9ZkA8r4esPgbsP0267UKC9AeNdY%2Bh93ziHxTtXZL9uLj0jqzHVzs655J%2BLYD%2Flcpl2rWbuLp0xf4oHzH%2FyTmLT4HZQbSz7pwIRBVWwcyiys4UHraK2dW8g9pw%2BcQNrv00%2BCpf6U%3D%7Ctkp%3ABk9SR_jswf-aZw
ALL SAINTS Spittlefields Mens Leather Shirt/Jacket - Jacks Place - Medium,23.00,Pre-owned ·,Sold 24 Feb 2026,https://www.ebay.co.uk/itm/198126149111?_skw=All+Saints+Leather+Jacket&itmmeta=01KKBZGES8N9G4ZT4XTKDHZ4YF&hash=item2e213d1df7:g:b3wAAeSwEdBpmdDo&itmprp=enc%3AAQALAAAA8GfYFPkwiKCW4ZNSs2u11xCO63eEk6H%2BCw6sn%2B9WmtEE9yChFlNF4LIVmJ2jR7nb7YuGWlb1wkP8ruhUOxLq%2FPs%2BrZwv%2BEY0v6M3loKq4Sk3yQ%2FYMJio0gdS33cw4r0onAtyJkf3GfCxoqWaRB1DUWxdh8ih0Ar4GTrBmtvSxeI%2Bm2YCxcSwh%2BpX9TwNU%2FNzpulNa0HxdmmsJZL47ux7Y%2BH7ZEjE8wyyKzgVT2qmNSlFEoB85iUkCea6vVbnMlmhrcS3RXBVG%2FSuOM24eKNglp%2FdqmrYpfy5orWVtXUogK%2BN8TJ3MzEIjOi%2FwzAoZy71RA%3D%3D%7Ctkp%3ABk9SR_jswf-aZw
All Saints Spitalfields Lot no A Jacks Place Leather Jacket Mens Size L,21.50,Pre-owned ·,Sold 24 Feb 2026,https://www.ebay.co.uk/itm/147147186255?_skw=All+Saints+Leather+Jacket&itmmeta=01KKBZGES8A2CMB283331AYRQ9&hash=item2242a7e04f:g:u8IAAeSw1bxpi1L6&itmprp=enc%3AAQALAAAA8GfYFPkwiKCW4ZNSs2u11xBJjPbBaXlpVBAAQ5s7dudBveT0Y0JJ8zUQqmb2m4TVzn%2FY%2FpzM1bBZL4wlFXsuMmvQhp5ma2HG9EC3OUyDKAPf7KSq%2FbHuHoL8bhMTgPgv%2B2WI1nclG2j7ApClXLQle%2Bq0E%2BvnYUHxw7m7Z%2F0tvG5iW1k7YsqDWuGdtb7dY2h9BRenurFsVgAAwOwFjlnffDNCsXKnc5OTY%2FUsavt%2FpdCxAL5R%2B1Xzawnh8P3Bv1veSnmmNVVedyNf01ynfzGKP65lUZRjjXjB6dVN3YA6rQ%2BArnd9eFDcpZvDeWg9Akws7A%3D%3D%7Ctkp%3ABk9SR_rswf-aZw
AllSaints Women's Genuine Leather Biker Jacket Size 12 Excellent Condition,63.10,Pre-owned ·,Sold 24 Feb 2026,https://www.ebay.co.uk/itm/117011416874?_skw=All+Saints+Leather+Jacket&itmmeta=01KKBZGES8TN3WNJ7FVMY90HTB&hash=item1b3e6c872a:g:jrcAAeSwUnlpflkq&itmprp=enc%3AAQALAAAA0GfYFPkwiKCW4ZNSs2u11xDbK6AaHIRwK0Ox%2BUsZYj6c%2B4z0Vv1GDKuHL3IMZfnqGJEtz3xnQMwU%2BfEK%2BYDeC%2FLHxQKeon%2FJTPejhjrn2e9O68yR58vcZ30YY6MIs0fyipGhkrl%2FbCnBc6oDg9c4wL7XVnboaz759p7XYZCvDjZ5IygweRs3Gl%2Bpsh3JU6AdW4F9aWb2ZHTs1Lr4iW5J3F0doHLihrH4NIgEvQuWRuXe%2FYarnqsRc6hlbwLpfuaHz7%2BmndpzHAWroHFCdiITuAQ%3D%7Ctkp%3ABk9SR_rswf-aZw
Vintage All Saints Spitalfields Leather Biker Jacket . See Photos For Condition,38.07,Pre-owned,Sold 24 Feb 2026,https://www.ebay.co.uk/itm/286986883815?_skw=All+Saints+Leather+Jacket&itmmeta=01KKBZGES842YKTT3VJ1HFHQBR&hash=item42d1c052e7:g:jFAAAeSw4y5pMD7I&itmprp=enc%3AAQALAAABAGfYFPkwiKCW4ZNSs2u11xB5ncptVybSQp0yHNMVFUZsJCT%2Fl0seTdxlPxdJFhNQXgSz12ZxVQPvgIiNycZJIelsh9US9wFte9kIqeIQr9lqouRWLuNTDLjU81pwCO1smchlfwEutECKXBY3z71qaribQtdF85tzRn0Lo8zJLNLP85GFNuxW5sHCQu1aqx2tulLGPtWLtO6l0hmeeVoeFjIorwqmd66m1C6UJZsuc99NvEfe8s25QfliOYO0TgYP6FzKZXFEjYA%2BQMaY%2B8JiT4mxZmsvftjJtJ0YWOrOoN7YvyCtI5t%2FOUxsThg3rg%2Fyw0t%2Bf4%2Fdy1aQtbmMLZo5U1c%3D%7Ctkp%3ABk9SR_rswf-aZw
All Saints Women’s Leather Jacket,150.46,New (other) ·,Sold 24 Feb 2026,https://www.ebay.co.uk/itm/406699503647?_skw=All+Saints+Leather+Jacket&itmmeta=01KKBZGES88JCV1GFSTJQ3DS5P&hash=item5eb12df01f:g:xVEAAeSwG7ppkhz-&itmprp=enc%3AAQALAAAA4GfYFPkwiKCW4ZNSs2u11xCvnQ3hpxBsxOnPxqbHB2gW8Ef6HHYfwx9TtMwGZuJaWF5doijlfEWQs2vct5WSNQG4oYT0qfN%2BPFihjRgsm9dzhafGL0bct72SI4rNl3mbkDit%2FpT832AykChZfTW85r4Dgi2XjCD0kg9BUppnPnm5VPh4j0wLhR4ywK80jNrRALNAuyw50RW9AAQnJkd0jD2nCxh36JIeckc9PDQNZMsTffTJw4spHxgvepsiqk%2BCkz9rV9SCXt5s7h5FKpFrUquI0zEW46oEJRoWuAu6XERu%7Ctkp%3ABk9SR_rswf-aZw
All Saints Mens BENNETT Denim Jacket *MEDIUM* Cotton/ Leather Arms,73.49,Pre-owned ·,Sold 24 Feb 2026,https://www.ebay.co.uk/itm/336274278095?_skw=All+Saints+Leather+Jacket&itmmeta=01KKBZGES8TQ179D7KMWBAPE7T&hash=item4e4b8246cf:g:CwwAAeSwjtBpDhR7&itmprp=enc%3AAQALAAAA4GfYFPkwiKCW4ZNSs2u11xAJXzOu1J3f29IaMWUBqwWhSrOkQXeXm2ioykR36uy%2Flgk8s%2FZt4b%2FCcT2QBI1xvu9kJ9gTSgmzcD%2BySP79iS8%2BQDJpk9mXs4fOmzcktxgKI1JVcByCGZqtd5LC0m6GsJaIuBzXW%2BGDFKz2HZic1PU%2FPJIdp0yPMub2qpTBFzoPL9Ide7UTUARRdEifj2oh2IevnOV2jwaNwvIiWJmU7uuTIkvKpPg2U8D5Uk%2FtGf7MrUoLLzo2fFt05alPIyypn8OLcEGAp8bEq2HS0pK9z7I%2F%7Ctkp%3ABk9SR_rswf-aZw
AllSaints Leather Phoenix Aviator Black - Size Small (S) New With Tags RRP £380,139.99,Pre-owned ·,Sold 23 Feb 2026,https://www.ebay.co.uk/itm/227185573106?_skw=All+Saints+Leather+Jacket&itmmeta=01KKBZGES86HCAPKS74VVJYQAM&hash=item34e550bcf2:g:DJgAAeSwZfBpcyO6&itmprp=enc%3AAQALAAABAGfYFPkwiKCW4ZNSs2u11xCUlcF8QVA2k3j1FTArpmuPr7u%2FcE3YLT0A%2FWPGa7fnHmGatXgx6oZJ72BqQsfDpSZjcc2%2FcKx1RzOxMgSyr%2BvmC4%2Bu%2FaMULbg%2BSxv%2B82WwoC%2FGjWb%2BLWTLaywpinFrPf35bL0KFQ5OmRrN5fWBTun4GwcKHZ61SmOdu6gI%2FLQlYqMow29IkhPGQ7mvWSmHKYmqoKWxCW%2FWR8sVlW3N%2FtBlxZokSwYYMRiu7G8Tv1wMr8BWHokF2ZnI3tUH4mErIUxM3NGiZUcum33hKSZdNnYXuZTq3SI1PEj%2F9eOPjDToFPnYwYjMNA%2FctjZNfLnBZtQ%3D%7Ctkp%3ABk9SR_rswf-aZw
ALLSAINTS LUXURY WICK LEATHER BIKER JACKET (BLACK) XS 🏷️ RRP £369 ✅ FAST SHIP‼️,199.95,Brand new ·,Sold 23 Feb 2026,https://www.ebay.co.uk/itm/126709547005?_skw=All+Saints+Leather+Jacket&itmmeta=01KKBZGES8REYRG75VSE9YG5HY&hash=item1d807a3ffd:g:GZkAAOSwnTNnAu~k&itmprp=enc%3AAQALAAAA4GfYFPkwiKCW4ZNSs2u11xD2QZYoZcRhZukpMI7kpAvNwdZlFWno0nD8ZneJ5K9ytlRbkpOXe0Oim4nRNGM75BhQzMCcTyUUnqsygd5rAfhRGYsG3EHnH4yEGVmrWdAYyNsz6oFS1mPzsMDucGRDwtAM2mgvJskij8Dcu2sDeM%2FJpg%2FJcYOx0xjtigXoV1%2BnT%2BjWzitCi1XQHcRFK1g0i6TdV7ydS54Kchdbkw2ygbQ5nEPsx8R5%2FsbwiOmFWm2b%2FSZIIANIIH%2BgsPgX6Kiw3yos6%2BOLo5XKVGP558D4Yn2M%7Ctkp%3ABk9SR_rswf-aZw
Allsaints Survey Buffalo Suede Leather Biker Punk Rock Blazer Jacket Size Large,199.99,Pre-owned ·,Sold 23 Feb 2026,https://www.ebay.co.uk/itm/306781096073?_skw=All+Saints+Leather+Jacket&itmmeta=01KKBZGES8MQC5RSYTWJBKCYYT&hash=item476d940889:g:A8oAAeSw3nZpmDeI&itmprp=enc%3AAQALAAABAGfYFPkwiKCW4ZNSs2u11xApFkbvLD2fpATRlG%2BD5roGPvfs5wLQ7M04kx2mi8UItq7GIBQ7CO%2F55swzBVNAFAHEJN1NbuSMu1JBo0mRfqSzNX8dcUwu5f2OeOH6pHhzAX1BtSMO%2FlGdeTz34jtmYFuJI0FPmyhxkeBRm%2Bt2%2Bp%2Frh3C%2F1xecfGcqMSHlsJ8X5r%2FRPyk9a2hJa%2FNHbvd2IDrQ8aZyFC6QrNsDDjuDXbrKD8X%2BKMTcEA%2Boco8lENWRdAZYq9U9FzQwBSbrf67qyJVhaDkwuesbrTmIPUrjAK3w8SjTq%2BhR5ycGuaE76BQAqatBc17YV1Pa0ggjxw9Gg28%3D%7Ctkp%3ABk9SR_rswf-aZw
AllSaints Men's Leather Biker Style Jacket Size Medium Dark Grey/Black,61.02,Pre-owned ·,Sold 23 Feb 2026,https://www.ebay.co.uk/itm/168176360163?_skw=All+Saints+Leather+Jacket&itmmeta=01KKBZGES8ZC8WJ54EJX5HCKE5&hash=item2728179ae3:g:EMgAAeSwws1pfiDT&itmprp=enc%3AAQALAAAA8GfYFPkwiKCW4ZNSs2u11xCEv7DS72McO1MP6iZIH%2BqBHujc%2FqSPKNYidH4Oe9mFLi4dXqqtG81anEFijmOuSUkDtyXfz9yRhUBy6HPc8kFGYd%2Bps3o9Tm7gDe4ziELXodTYUut0SxmUHT8umkDZ%2FkaBEm7%2FHu3UsrQVKV9fJJMjJ84PGuipYKYX70QOpt2crpY5LqLRkUTFzl6TlvVyNLvS1a%2BDJToc3T3%2BE2dJyVDP6zJbjIkHuvAA%2BCBShWisUWEzne79%2FQWPq6YFHrictGHJAq6sXHjmEFfQttWT%2BCvuDNICTQ9F2lGJg1OcozgjJg%3D%3D%7Ctkp%3ABk9SR_rswf-aZw
Allsaints Survey Goat Suede Leather Biker Punk Rock Blazer Jacket Size Large,129.99,Pre-owned ·,Sold 23 Feb 2026,https://www.ebay.co.uk/itm/306781096076?_skw=All+Saints+Leather+Jacket&itmmeta=01KKBZGES8XSMV196Q9Z4NRYS8&hash=item476d94088c:g:sioAAeSwvTlpmDNs&itmprp=enc%3AAQALAAAA4GfYFPkwiKCW4ZNSs2u11xAjLTExgWqzdbtPXjmIho5GO1fAtZM9z4gf5OSG3C9BzBfpXxUyCOKmnGC27VJz7HFEBOCGya9ADm%2Fh%2F3NpwfLTo96NL4MNY49wVBJE6cGTEl5wnQF3wkSH9SQsA%2Bokc1DZee3rkSOHZLTmYDPQVSc8c7Pk%2FClvHGBa0X3zu7CUDVG3xDcgYgDHUtRQ%2FmeU%2Fs2lU%2BMpSIg9PufMBvjsWLRlwr1vs0Vmt%2B%2BXaGrZe15eQqB1i%2FJq0CDQcjuSW7JtSIfrp5wTYAFKwn%2BEegVvboSd%7Ctkp%3ABk9SR_rswf-aZw
ALL SAINTS Leather Jacket Womens UK10 Black Conroy Biker Bomber US6 EU38,100.00,Pre-owned ·,Sold 23 Feb 2026,https://www.ebay.co.uk/itm/257371272038?_skw=All+Saints+Leather+Jacket&itmmeta=01KKBZGES8VH5ZRKDPBEH9PS0W&hash=item3bec85f366:g:rWYAAOSwZbRoIb~I&itmprp=enc%3AAQALAAABAGfYFPkwiKCW4ZNSs2u11xDJIIkVHgAa6rbhRgH%2B88cgA89qJ3%2BwOC7EXmFMvsXYKZ7rUCXfp7vYMMEUpC7sSpV--BGUgrdIq24OzlAM1yHM6nnwzkRTRsqLVLziB0qp33ywvuy2zM%2B7d1uG56CIO0NCcoFiG3KdYnZMs7ZJN6m83n02urPJ4ffDjFz4%2B2npxyWky1cxBmgzZbHgDKbpAP3yHZhshrq7gj5zWn2WPe7QW52RcdAvScjBRKEai5M7hYH49jeD7WqCxkpfrRwR25ixQXoJPnKLALZUZmWrU%2FIxhvE1zYMjFEvAdnUPEYFZ7p7a%2BCY17AFZJ07XZu9vb7Q%3D%7Ctkp%3ABk9SR_rswf-aZw
Immaculate All Saints Dalby Leather Jacket Size 14 £329,94.30,Pre-owned ·,Sold 23 Feb 2026,https://www.ebay.co.uk/itm/147156792915?_skw=All+Saints+Leather+Jacket&itmmeta=01KKBZGES82FSRNNN7KJGV664J&hash=item22433a7653:g:aD4AAeSw9lhpiez9&itmprp=enc%3AAQALAAAA8GfYFPkwiKCW4ZNSs2u11xD1fNR0QVvXYljsOHMBB3dRqC5Q4iajIe2kPsn9YIqfhcuHMrnOB%2BoxJOs35fgOYNHCorhG5HtVuYdTt3UD%2Fz2zzVraHGn4bIhTQAIusTGl0%2BKkm4LqknUyf8NZg5x0jHjdHp9wvQ04aFmsM%2FWQuHB4mjTGAccZptsC6ww2%2FeKgJMDlPmd%2FMj3LUTlH3lkYe84XB%2BSi5e3aZVqcrX65j0TzEDP47Fh97wkUikEBcj%2BybwKYSoAKbDKz7K9v6rhaFnXv9rl6JkDscBG%2FRf2v0yIAIX7%2FzNFq5e3T%2Bm2gnsHZFg%3D%3D%7Ctkp%3ABk9SR_rswf-aZw
Allsaints Leather Post Noon Jacket Size Small,66.21,Pre-owned ·,Sold 23 Feb 2026,https://www.ebay.co.uk/itm/135197748645?_skw=All+Saints+Leather+Jacket&itmmeta=01KKBZGES84YH41BK32K67YFWT&hash=item1f7a69eda5:g:7Q8AAOSw5jdmwK6a&itmprp=enc%3AAQALAAABAGfYFPkwiKCW4ZNSs2u11xA%2BhziShspQJwSnnoFhVG9gOWHFDOBiALGQBM9hbKO0YAiWPCgEO4fD18BzwVyaNMAgmxzVU8YxI820hsUJL9n7bHbLQnf%2BNLoeUmvR7AaqDEpQhEI3s2X6kNQvTJxUPk6E6frJ2%2Fz%2F8rD5tdLF5dSfhzbNXC4E4ikWt70MDVgIWMjzqGlRV67S8gWNoIy3ksY1Z%2BpXTEUUp3OWX6QHZ3Ly9jOi3crFTNwzeFjvP5fS%2B4czuBzBvFHHqBnsEmablCOreWqURIDUM57mex7C0IDgGViGUjCoa29k755BfFcoMXngE1O%2BLeyxnKDw%2FtWEb24%3D%7Ctkp%3ABk9SR_rswf-aZw
All Saints Balfern Suede biker Jacket.,68.30,Pre-owned ·,Sold 23 Feb 2026,https://www.ebay.co.uk/itm/287139873810?_skw=All+Saints+Leather+Jacket&itmmeta=01KKBZGES8ZZVB5XW9WTWQ2TTN&hash=item42dadec412:g:Cm0AAeSwNoRoA4nJ&itmprp=enc%3AAQALAAAA8GfYFPkwiKCW4ZNSs2u11xCPevCqkwpPpgGB4%2BNFhHKasdWWFjJmD%2FBirgjyZtwgu4Qqz3b09k7hGf4FLa492Jto4avlHYibEW0FnokI98xapdalBIJ2q6wHyLAK%2B4HG6Y3gBsS5CIMLYjmLW4ce1RlcJBf8ddOcrriq1r8SWLMhyUqBCF1yxoS2R9%2B5U5JbWuttaCyoBvEfPK5a8263c7DflPXbmsfl8GDP0vqVQkK37vOX3bDFHCI0eQmAF6dJdP1Y37Qah%2Fvn0anwYxxLRsg9on0Ws3Mnkn3No47e3JKccGsl5WRXSga2DCEKRhr0Eg%3D%3D%7Ctkp%3ABk9SR_rswf-aZw
AllSaints BLACK Leather Jacket Conroy RRP £356.78,99.99,Pre-owned ·,Sold 20 Aug 2025,https://www.ebay.co.uk/itm/267197836478?_skw=All+Saints+Leather+Jacket&itmmeta=01KKBZGES8RHAJ6SKDM3VQD3KY&hash=item3e363b6cbe:g:IQIAAOSwwQZn3qEw&itmprp=enc%3AAQALAAABAGfYFPkwiKCW4ZNSs2u11xC3wiIGcitHlI56JjRJOaMrSI0Z6Iki7CoZA8Fp87qElH3v8GC9XozUCeWxWL%2BCT4p%2BILrDVY1G5AWlxRMQsxSMXvbx2Kwg6Qh%2F2jCM1ZiaX3Bz7zUKVN%2BU168eScP8f1v97FpOrHWB%2FU0CbBIwT0UYNQFkxbpg3kybE5VZlZqXKoCWmHjp3sF4Y%2BdFbtu69j5814YeQBRumKoh4YBkXUkpWDd8q1AXT1vuU3rffdi%2BBUyGDK28v%2F9ctlIbBq3VXc9VFawzSyYh%2FT5phiD2nhECdPAIlfvPYV9pqwXo4%2FjcugdHN4z4Xp%2Bt9keAWiXQqTI%3D%7Ctkp%3ABk9SR_rswf-aZw
ALL SAINTS Leather Jacket Mens Black Biker Celebrity HARWOOD Medium,150.00,Pre-owned ·,Sold 23 Feb 2026,https://www.ebay.co.uk/itm/147001239805?_skw=All+Saints+Leather+Jacket&itmmeta=01KKBZGES8MXYCVC1SE92SKKP6&hash=item2239f4e8fd:g:TqIAAeSwbNFpKibD&itmprp=enc%3AAQALAAABAGfYFPkwiKCW4ZNSs2u11xBnlDIRNSrO33538OwMWjSekb5ogf8oMyBCw1iJKewSyL4wpgNBbfHK2nsYfL%2BDCwcAL1hyGghwBWGXdgnRjOxAcBO77eEcmKyX%2FLdJQT4owxB39l53YoN4e%2Bvm%2FIGynTkBl9E%2F9%2FUkGQV1N8%2FY9k8%2BKs31ro40fBI%2FBTJpKYXzP8jcI%2BgRfWGWWmWhT75VbfHq5pCna%2B4ltijSK3znDKB%2BZdWUthA7ToMBp1X4p%2BC5JJw37O0nbVe1go%2Fbgofp%2FY18aYGV5bYA%2FVjGd90yREFGgDjftDyRkigNhDBjMpOWb2McneQMOw431S%2BbuBB0iCM%3D%7Ctkp%3ABk9SR_rswf-aZw
AllSaints Men's Milo Biker Jacket Black Sheep Leather Size S Zip Pockets,128.70,New (other) ·,Sold 23 Feb 2026,https://www.ebay.co.uk/itm/389614196728?_skw=All+Saints+Leather+Jacket&itmmeta=01KKBZGES85ZG70B8HCSFZS0EQ&hash=item5ab6d0d7f8:g:aNIAAeSw~pNpjmIW&itmprp=enc%3AAQALAAABAGfYFPkwiKCW4ZNSs2u11xBsPlxSpodJ9IN%2BdiIyW7bBpbDs97CEJq3HvhyYs%2FIJkBWdei6N%2FaM97oxwhJWcGZv2lSI%2BJNwTdf71oCUMYYxh4lCdvlDfwzkxaaTl94yiNiLm8stq5jIuab3UrHSRYOqQLbZhe6Kf2NSw2Mco78TEU4aVRsoWndurc5v305hvp7miYqWQO5oofDZmpTn3WTwny0LaELi8T1xSaKquKoMgRmKDobLt6McSwnHkb4LhasTtzVQH%2BfG5%2BAEjNNFTr2cPc0P0%2FeG5jLjSUeZvRYYWjKojdvSxRb1K%2FRJJaRg0i%2Bzmjs%2F9YNTdzoQ6fl9%2BQE0%3D%7Ctkp%3ABk9SR_rswf-aZw
AllSaints Leather Biker Jacket Black Size UK 10 Women’s Zip Up Moto Jacket,69.75,Pre-owned ·,Sold 23 Feb 2026,https://www.ebay.co.uk/itm/298010939262?_skw=All+Saints+Leather+Jacket&itmmeta=01KKBZGES8D3RR353W8613PHTD&hash=item4562d60f7e:g:CeoAAeSwjoxph1ob&itmprp=enc%3AAQALAAABAGfYFPkwiKCW4ZNSs2u11xCICH3HhWiXB06KgA2gDjcmXRi0arqeBTH2uK33RH6ukpgDeRPjFCV9IyTMk%2BqBbGs2XjbQcPXlVTUP%2FoCAjG2HMOR5X%2BiXEfRPgMpDLI%2Fk6sNjsHg9ZrAvcf4ZHoRxP0nQzZzjt6TYwrEabz3GhRTBcey%2FQKH%2FzVjtOW2PQVSS75BVGZHNR7cjHp3MXHARdkTl0SnFe4PtsVvdR7eJgQh%2FRMmAltrQitP%2F4ENlyaAOCby3bmjksf88BetdWVuyIzhsGsmGWNIWtrNSU8aENvDXtkWPna8VhGMovgzUypzrKPejiWoKD8JMKX51%2BU6DqY0%3D%7Ctkp%3ABk9SR_rswf-aZw
ALL SAINTS Tide Leather Biker Jacket - Black Size Medium M - Like Cora,94.99,Pre-owned ·,Sold 23 Feb 2026,https://www.ebay.co.uk/itm/397628392780?_skw=All+Saints+Leather+Jacket&itmmeta=01KKBZGES83BVMF9Z3SP3KBH9F&hash=item5c947fc54c:g:wlwAAeSwHypplyIb&itmprp=enc%3AAQALAAAA4GfYFPkwiKCW4ZNSs2u11xCO9FbuwlUXbm2e253VaZifOsN57G7cD2Lh32OdSfPLtmLkxd7kkhsLJKRQvAenSVIronGrBVans3JIX3omf8AyAKyeE2td13HzwClYlRz44vo19hGitSZhLmoKigaZ4bP%2BpTikTkNpG1x3LBC2kmoGGuSYOEXLeT%2FoJec7h2iEU%2FItSfrJHxwtOnoriIoPaEEd3Y3PJIQCxUY6U9kSD8Vp%2BmsgSyIw0%2BkQuSwCF%2F3S10UTpZn7G%2FNcxCPzjFWtpLIkyOuhR7QBT01u1ua2nomD%7Ctkp%3ABk9SR_rswf-aZw
Allsaints Futile Red Black Check Tartan Leather Shirt Overshirt Jacket Large,79.99,Pre-owned ·,Sold 23 Feb 2026,https://www.ebay.co.uk/itm/306674482508?_skw=All+Saints+Leather+Jacket&itmmeta=01KKBZGES8QXW32FRP539D410T&hash=item4767393d4c:g:yUYAAeSw8qZpS5XT&itmprp=enc%3AAQALAAAA4GfYFPkwiKCW4ZNSs2u11xBrU4XYDkB0sul0tTnnhVzCQx4Lah7SoBgdaUUN1iQEhCsuCuZxo9AvDzdIGggjI%2FkpmHGN54%2Bx%2BOgja7ZQTeNj5fDARAR7j3tVlGwD3nD8OgmaXDJ1J0s1tvln1etEhmnrp%2FgDPPyper6jVryi1e%2BahvoQXLrgIypuoc0FMtp%2F2sR05aQ4wseXC9k18mi2ncRfev5itgz%2FODIyWqlbUJfQomhzv9EV8SeVE%2BEKhQPJVoioyFvc4YZiZsVByh451YhzD4Nm3RctOfZvqTEO6KZf%7Ctkp%3ABk9SR_rswf-aZw
All saints Suede Leather Jacket Women Size 10,104.70,Pre-owned ·,Sold 23 Feb 2026,https://www.ebay.co.uk/itm/236612288056?_skw=All+Saints+Leather+Jacket&itmmeta=01KKBZGES86CCZGFFZFQ5CRNNH&hash=item371730fe38:g:0oEAAeSwat1pf3hE&itmprp=enc%3AAQALAAABAGfYFPkwiKCW4ZNSs2u11xAy6NTWjggFZ0D7SJtKIVwKRz4%2Bw5zyTkx7CiCWGBywlg%2BvGjcvUcMGVn5xyPCCSRUJq5%2BjplE8NONqw8zDllI%2FzdJWBjaL7QtT103d2%2BWPAcOJdjgiBNnmJ2%2B0TiRGI2%2B3PUpZfNIvb6hhQleOcgo5Tjr435rpzd027yMASbnwrPmuLVZA7znJWyKVMdbu7LkXlrEkDk0AVAk7VEIMe5eRIgRXssp6%2FOyWRn4w%2Fh9a3dEf3xXJb7FWZif7hd9XEyOEdzazr3cVcVhyazPthOlHMBjpKvdd%2BI5922wnrqCSWavC1Ys9vaAlK9pcprp21Bk%3D%7Ctkp%3ABk9SR_zswf-aZw
AllSaints Women's Leather Crop Jacket 8,115.10,Pre-owned ·,Sold 22 Feb 2026,https://www.ebay.co.uk/itm/227102510787?_skw=All+Saints+Leather+Jacket&itmmeta=01KKBZGES8SAJANR9FHYD3J50J&hash=item34e05d4ec3:g:WrUAAeSw1MxpJZZK&itmprp=enc%3AAQALAAAA4GfYFPkwiKCW4ZNSs2u11xCghCW0Qh6PNZZ43MLZNEy0dwIQFq1Gu1c%2FBQyOsIdIet19CRUC08dhXxtdWORGpWQzZVTfdGYVeVNkn%2FACRF921M%2BtSwJOwOXWABP2iDHAjQg63T%2B1q1jm4ZRcFkcR2r3qiz1WyhXr7DyliSAyvlNDUMG%2FjI%2BxcxXH0Yh0HBOgB4CHrWnOC0kreW6MF7hqjq11WkGS812tCMJGd9kDyeGArpDIPSceCrhc0hMh0FYV%2BOZiz%2FedrpUueiBLAYIIVHGKN6dToat7wbgZY5k9KrYl%7Ctkp%3ABk9SR_zswf-aZw
Ladies brown ALLSAINTS leather jacket size 8 cg s46,29.00,Pre-owned ·,Sold 22 Feb 2026,https://www.ebay.co.uk/itm/376967052012?_skw=All+Saints+Leather+Jacket&itmmeta=01KKBZGES9QZC5Z6PC2ZYKDC1D&hash=item57c4fcbaec:g:QGoAAeSwr75pkjX1&itmprp=enc%3AAQALAAAA0GfYFPkwiKCW4ZNSs2u11xDAnmf%2BURInIIO50MzFTrw2WSHMASuNc1VWbwciAkR%2FlyV3wng1mRpb0JH2vPpE%2Bc%2BFXFGJJVm0mvbvEy2pv5gWCP8kKGXRH%2B9%2BWyW1N3%2BZZoaWkPg0At6qflnwqw06je3t4rOxpmNde3NBXwVHfaBmEnc54%2BnGgcZ2qXr%2B7BUQ6n4q92%2Br6NSVcSWNkCqmyaTR1F2t6G2xC35i7vFZAi8Qpw5vxU36Z7%2FQGMhz9yPoV%2Fj3jUqf%2Fi9mTH5tzJrEqs4%3D%7Ctkp%3ABk9SR_zswf-aZw
All Saints Suede Biker Jacket Women's UK 10,26.27,Pre-owned ·,Sold 22 Feb 2026,https://www.ebay.co.uk/itm/168161589954?_skw=All+Saints+Leather+Jacket&itmmeta=01KKBZGES9XGN86TFEVT8G0G7J&hash=item2727363ac2:g:HOwAAeSweIlo9khy&itmprp=enc%3AAQALAAAA4GfYFPkwiKCW4ZNSs2u11xCVJM5OYZsvdoy4tpYEXLGo2Wzrc1GjWOIalOxASamOC2Xvcq9gdxr%2B6Lw8dw4bK24IZXW2ME5Eqlej1qauC6O14mt0oR%2B885%2BcnQLD3reVtBi%2FGNbhHg4JNrrAIPeHhsguCQrqBKzTyx%2F3FBukeanJ4okNj4OjARDO457b1eMbJ2d5dIofjrlN02gP1CXpZ3jLB6JcTEXaBELe2YVAOF7dQrVAXeerCvn40422yKL89WznStT8%2BV9Xw5lesIc0WxyaI%2F0G3EBtu64NtFHCllD7%7Ctkp%3ABk9SR_zswf-aZw
Women's Black ALL SAINTS 100% Sheep Leather Shacket Shirt UK Size 6 - CG S17,23.00,Pre-owned ·,Sold 22 Feb 2026,https://www.ebay.co.uk/itm/397601200906?_skw=All+Saints+Leather+Jacket&itmmeta=01KKBZGES9RNAW3X36TZ1ZBWZZ&hash=item5c92e0db0a:g:uMYAAeSwl4xpjjjr&itmprp=enc%3AAQALAAAA0GfYFPkwiKCW4ZNSs2u11xDG3qqTtQVTZSBzHx3zHU9MIpFkPhUkMsXOrGqECXZCt0cjDmuIao3b84BQSK6N%2FEfMuI1ruIXs6%2B0brzyCqQ8bqCbW58SlCsghsX7p24lKTzZeUezAN4keaR1We%2FPkJ93bcKPbRRDPYlv66ag0RCeKbjwR9f31CZ9KR3kRfJ%2BZSTmdZyQ40K8RoB9tIQ2FgW15V7aOm5emdItt78HfueEzIQCtXn9%2BRpMBbop9FkI7JXsXJxUu3qwg0pm3Rr%2FMU2k%3D%7Ctkp%3ABk9SR_zswf-aZw
AllSaints Karst Military Tailcoat Leather Jacket UK12-14 US8-10 Gothic Vintage,454.99,New (other),Sold 22 Feb 2026,https://www.ebay.co.uk/itm/198127378545?_skw=All+Saints+Leather+Jacket&itmmeta=01KKBZGES9JDWVTJZVDJJZ9YFQ&hash=item2e214fe071:g:d08AAeSwjTBpZfjt&itmprp=enc%3AAQALAAABAGfYFPkwiKCW4ZNSs2u11xAXaJ2QA8T11ovIy7eWnuG5Y8aJuTeC9CUHEWpbycyYIm7lTFswVIYbPpxAnm35s8Tt%2BmrwczAyMqelvXKO3Apls0A8iCAhIq6kPeBGcqnas2mNkL1ClqiOC7O6NvN2F6grYZTyZWxwmpC5QFz2qCxCxHUB%2FFpUIZ2kNL3zHwD3VC5nsmFMohQwTKhvJ3E54TMPrM0v%2B6%2FAXE4G%2Fn7qbE3MIzWb88tjk0YlGVLW1gaqvDjH8dkyrZKEIeuVz6TSuM6SWhryrHKga1SaiPIpZZ2bQO%2FgLR3oVfnu9mSyj6CR%2BoBm11epbPo4d6zXlZPxiG4%3D%7Ctkp%3ABk9SR_zswf-aZw
BNWT All Saints Alkan Men’s Leather Jacket Vintage Black Size Medium RRP £399,219.10,Brand new ·,Sold 22 Feb 2026,https://www.ebay.co.uk/itm/257355205251?_skw=All+Saints+Leather+Jacket&itmmeta=01KKBZGES91QPS888BP6XTWKF8&hash=item3beb90ca83:g:B8IAAeSwFNhpUS-c&itmprp=enc%3AAQALAAAA0GfYFPkwiKCW4ZNSs2u11xBeN0NmAGlPu6YwS8vWWkeZLNrJOISAU6J3fCvJ63Tz%2F5XRgHXijgvRgWa4Ie3YCgkOtHOruuI1WcrAvkxhUmEBwaQ4VDLNAYvI5L8vGsX9YzAexJh23pjMUhwLNuGAMwvIveMpJyy%2BiQr0mXANd%2F3MD%2BLx5iXa2QivpDcvC1f7xcQlw0BHRgQlBsASNLQzXOEGxRloErsy78O%2B1erYxDD3gw89FH47Tw7DgFyJoJdLjzJzYo2mdjCOtYb15y7vc%2B0%3D%7Ctkp%3ABk9SR_zswf-aZw
ALL SAINTS STANTON LEATHER BIKER GILET VEST 8 BLACK VINTAGE,16.08,Pre-owned ·,Sold 22 Feb 2026,https://www.ebay.co.uk/itm/168161589966?_skw=All+Saints+Leather+Jacket&itmmeta=01KKBZGES9SVXSEF9CJ6NHAW4Y&hash=item2727363ace:g:xMoAAeSw4LNpHvXL&itmprp=enc%3AAQALAAAA4GfYFPkwiKCW4ZNSs2u11xBNB0h0E0Jn7Pse7OTuoQImkc1jo4gr0ZTUiWiYeT4n3H0jbFvufoHSB09Szw%2BQCvl0GOgbezgowGe1E%2BHL8Ew%2F7whebnXcN0CLYXm4VEoUVMKb%2Fm64gABp6k%2BeM%2B%2FMe9Hnl3jVmuwnugdmtEFVl8w%2BP8U3di9f1h7xV%2Bfxhri3tjJepKSZfPxGEZUflZJ0WcN2m3qEmw1%2FYv7AeTqgyZSzRq%2F%2B5JpWaAkbPhpDWZjJ1D1NA34F1UFJ4oNm0WSk6NH5qmfqFbA7entLKGEmrYQu%7Ctkp%3ABk9SR_zswf-aZw
All Saints Women's Misty Pink Dalby Leather Biker Jacket UK 14,39.99,Pre-owned ·,Sold 22 Feb 2026,https://www.ebay.co.uk/itm/227214658492?_skw=All+Saints+Leather+Jacket&itmmeta=01KKBZGES9FKQ66MK2M65Q9ANM&hash=item34e70c8bbc:g:q~kAAeSwLixpjjW1&itmprp=enc%3AAQALAAABAGfYFPkwiKCW4ZNSs2u11xCpDSwz8IbrkBDJBTSmpaDE5sUx%2F7NqFElT9JQ3ihig0Jw50VPM7Y84uapr5I3s23jLQ3iCazBxotYc4IWhDjvFZYhrIPtoMHYK6XOIYRpqPiq63USXQkjQSh2EbBmbTV%2FE9PFYeZWWOec2VQJQ%2FyuOFm1JLW%2BQRxd8C9LH3y1cLIj%2B903hHf20CXWHnjUmhHrv64hGE1tR5LlZwJMlHKx0SAzE6QQQVLSjkr4iatQNnqR4y7EEpCBfFz84YT4Ut5eeJsV3wN8deVjjGMDYgn9wysSwK0HAjxzBzFwsR0ld9Y%2BGLBxXOboAbelbSeSfbkQ%3D%7Ctkp%3ABk9SR_zswf-aZw
ALLSAINTS Conroy Leather Biker Jacket (HBY),31.00,Pre-owned ·,Sold 22 Feb 2026,https://www.ebay.co.uk/itm/277726060924?_skw=All+Saints+Leather+Jacket&itmmeta=01KKBZGES9G7EQ1ADQ9K5YGZCY&hash=item40a9c3617c:g:41sAAeSwJCdpkFrD&itmprp=enc%3AAQALAAAA8GfYFPkwiKCW4ZNSs2u11xD%2BD3wQH5dZH5dQ84w6A%2FOrRMcKJTS9KlAWUn0yLGWPWd6%2BYuoKAWZSThYvmcHrrMRFpVuXfik4NPLwznu0DvImo1iHGMVSrWP0xJXDyvFR3JtMNItIuboAPL26vFkZAfVhiM0ngQAU62YJNdTsQ2PwQGqlrNQZwKg6C5vOaBjMK%2BsL7aWcTGbCpd%2FE%2FCJOdgPfifSzRAtMA2clTOfP5f%2Bx4638NGeRxPOM5FdUXJdVALVcNpTS1PZLZ9IGjkvnqw4CLvP9DNrNdkcL2P%2BnDkqYZPVvNHUULJSoso%2Fe5orxEw%3D%3D%7Ctkp%3ABk9SR_zswf-aZw
Black Leather Biker Jacket Large All Saints,17.22,Pre-owned ·,Sold 22 Feb 2026,https://www.ebay.co.uk/itm/336436685022?_skw=All+Saints+Leather+Jacket&itmmeta=01KKBZGES9X18SJ9Y9N2TCHXZN&hash=item4e553068de:g:JtkAAeSwVZJpkf6-&itmprp=enc%3AAQALAAAA8GfYFPkwiKCW4ZNSs2u11xBIPb0vXAbdovryI3iCsBVnbdvcgOvGYD4tlpAhLv0SmXcPXMFWci9nIupYhBuxjU2ehbqx3ZNPxZkLmRkGb75ypiJs0USNEr2I0fi0Q4TodPV9sSRgReLmitGjpM5tklI0Dp4jf2Jzg0ueP7nJU1At8x%2F33nAaZzE5VSH8GvEicb4VjDzqudST5yw05zhF1j3Fo7G%2F%2BL3z9evuQUKAoHGNIZrcPyj7jdmSQqvrAqDhZgKbWUDAqRH97AulViDXKyQ6wiTzIn88QqM2eZE0gJKjMCKHdMJsvmTicCbiOnEcXQ%3D%3D%7Ctkp%3ABk9SR_zswf-aZw
Brown Leather Biker Jacket Large All Saints,39.59,Pre-owned ·,Sold 22 Feb 2026,https://www.ebay.co.uk/itm/336436682695?_skw=All+Saints+Leather+Jacket&itmmeta=01KKBZGES90VCYCG8A8QR97CVX&hash=item4e55305fc7:g:ctsAAeSw3pVpkf1~&itmprp=enc%3AAQALAAAA4GfYFPkwiKCW4ZNSs2u11xAcnjHAOMRoUy3fNbRQto70nIj0cxCLVXqKVtccWvwJrHfzLNkrazeXmzTLs1WifQMRUGN6TYkAgue69bFJkO9%2BniWqgxG2YNRQNvggLvk6MRhwftI%2Fs3X1IhfayXUDZMv4%2FeWWQx%2FzLiO77wwaYvYtxzfzf0bC5sO5ZCY7sV1%2F9Ds0qxzYpg2sEk0FxGlZ1vwQz7mCNA%2FzoMfcxXhv4g9OhEOTF21DbxsZIkLH3b9B8l7C0q6pE2bECDI2TQ7fawaZDuAK3cj05XyCxfm4zb3I%7Ctkp%3ABk9SR_zswf-aZw
ALL SAINTS Leather Jacket MEDIUM Mens Black M,94.30,Pre-owned ·,Sold 22 Feb 2026,https://www.ebay.co.uk/itm/116607210230?_skw=All+Saints+Leather+Jacket&itmmeta=01KKBZGES9RSY8298A0DWHK408&hash=item1b2654d2f6:g:VLwAAeSwPiZoKQKs&itmprp=enc%3AAQALAAAA0GfYFPkwiKCW4ZNSs2u11xCWeV5E%2BsY8yY17R3MexEnXoKgB%2B1g1dR8PkuidNguhREis88aVNtQrQT2WwbD5iVaHqTCTKKS%2FlmGYc3DTD8yYl1uU0kAeah24CGX4HC1uVbkbXiQ%2BEFweJejT6S8XlUfX5iabFMJyz%2FQYfBGJWatnhJtlojhoY83ZwrfxvLs11AhcKXzdYxj36olAviIUrd0Dbpec0gBrqFFadEY%2Bc8V8Ak%2FP8IM6tN4IMFzpknpEoK9Ff1wg5kLQqgme8e1%2FboQ%3D%7Ctkp%3ABk9SR_zswf-aZw
"All Saints Quinn Quilted Leather Bomber Jacket, Black, size 12",44.04,Pre-owned ·,Sold 22 Feb 2026,https://www.ebay.co.uk/itm/157683884646?_skw=All+Saints+Leather+Jacket&itmmeta=01KKBZGES96H6EXZWGE5Y50AED&hash=item24b6b12266:g:IcUAAeSwQUNpkdWC&itmprp=enc%3AAQALAAABAGfYFPkwiKCW4ZNSs2u11xAtCQezkPDCyjL9wiKVHuEwsOL%2B2DiRY7Ox5y%2Fr%2FFLr57rngYN7%2FQ0XMLIoagWB1zrbG7qYpPLdWC0O1q2M8uSK1l3UEi2WwZK758Yh4lxUwRJQDU4KXX7wdvAzFfGtY%2FfWk0pKenLu%2Fz8oIPdhzJhA1wr%2B2RXh3zF7Mnud54%2F3uCRopkHyuYR3kDYFn5XLxIjnbzB1b7Kcg4NiARXLPVr7ZPHInTOmzsc65kzIa3y55y6nZlvuN8qmbJUSgJ9FPMNXIQtvH898zs7eBWFTxn86DFPF0D%2FDBgTlkNVXM9FoFcXnsXLLnc5dlZ1Dp6AfDCI%3D%7Ctkp%3ABk9SR_zswf-aZw
All Saints Asymmetric Leather Jacket Women’s Vintage Biker Moto Uk 12 Brown,73.49,Pre-owned ·,Sold 22 Feb 2026,https://www.ebay.co.uk/itm/127569801559?_skw=All+Saints+Leather+Jacket&itmmeta=01KKBZGES9FQ53BS5E205D4SK0&hash=item1db3c0b157:g:5UUAAeSwid5pQ803&itmprp=enc%3AAQALAAAA4GfYFPkwiKCW4ZNSs2u11xAmvo6R5TA7Nd5LouZXwmFjSO1yP1HfzmJgxblLrBrU964sPqs5wsG1IDan2qtRutZEvcNnfiBvAhUDawVr2bQ8sCgArDs6E%2BgZrVABmMIvFXBsbkYnWl1TWQreNhqAkljPuVESuNMDUaPC5HX07QBeOcPD%2F03SuawUHCNwYgud9qCqNP%2FvsNedP6RHs3X05GtWfzLOtClPsNq3%2BZnLEt0fh5t5PnHP2F6C7EPNIZmpMbPZTFYSLvDg404lJ8Xt6LRZsM6dFBkeGJ7ciRBAvI3C%7Ctkp%3ABk9SR_zswf-aZw
All Saints Balfern Leather Jacket Black Size 14 Excellent Condition,73.50,Pre-owned ·,Sold 22 Feb 2026,https://www.ebay.co.uk/itm/236608405363?_skw=All+Saints+Leather+Jacket&itmmeta=01KKBZGES90GVVWQ6D1VWG5YZP&hash=item3716f5bf73:g:RK0AAeSwjVFpfF6a&itmprp=enc%3AAQALAAAA0GfYFPkwiKCW4ZNSs2u11xCgXjGFCA5rdxrGqFK7F57qE6rOdl4OTXPs%2BTXL0tgksBdm9byp2uEMN888az%2BlzWsVOuA0TEuc2SvmvuJWoyoc5WvGpM%2FcSTk3v735uoc700hhH7ESzpfankS4d9GllbsXzLeFw7JrBmKCD1d1B4cs6hsF56MvQ%2FY55abegubMIG30VleQ%2B41GZc291V%2Fvu%2B93PkX93xQP5fJDIa7fhJxmTifnG%2FQaWz1EBbrbS0uPnsQpZkRJ%2Ft19rh6GTYZeaVU%3D%7Ctkp%3ABk9SR_zswf-aZw
Ladies All Saints BALFERN LUX BIKER fur lined jacket uk 10 us 6 eu 38 (ref25),75.00,Pre-owned ·,Sold 22 Feb 2026,https://www.ebay.co.uk/itm/357948146901?_skw=All+Saints+Leather+Jacket&itmmeta=01KKBZGES90YGDXBFZ21TM5QYG&hash=item53575f44d5:g:62MAAeSwdVZpJkDK&itmprp=enc%3AAQALAAAA8GfYFPkwiKCW4ZNSs2u11xBpYs3%2FAfFAmC8qU8XUuiPh9sNHkPweU40Y%2B2FFDQg8EnQaNChnwSoP3fth0laPvhgi7wXlHw6TQ00TRCzkIg1%2BQqhxf2CCd6rtXPBUn7hvTEE2EYwbNzmlnupwZPBwbYXBPqZNQR%2FHnAFu5NHDRbyZoF6hUSvnesF2h3Jg%2BzKacP0pY0%2B6ODLV6%2FiNwwc44mJH2NXWnpMn%2BotZ7GNUYN0l3o9W4fiNtbJVLsNwrGGHWvYo8%2FV0IIz9cT1POhgzM%2BqrihXvFFPVoCfyKGHKHQnSgQUGG%2F9ZNJPOFaY46LG%2BgA%3D%3D%7Ctkp%3ABk9SR_zswf-aZw
NEW All Saints Baron Biker Leather Jacket Light Blue Size UK8,89.09,New (other) ·,Sold 22 Feb 2026,https://www.ebay.co.uk/itm/296619434718?_skw=All+Saints+Leather+Jacket&itmmeta=01KKBZGES9YQT7D1QFXSPS4NFV&hash=item450fe562de:g:TyMAAOSwT0lmaYs-&itmprp=enc%3AAQALAAABAGfYFPkwiKCW4ZNSs2u11xDkYETjlRZ1b5FA39axp4F9TmacpFQWWaFkNfZ3IUWHuBgDbud580LVZ8g9fcEwwK83NYLLEHB9rqTA0KgV6Lc20WIg%2BrFTpDENsqmKcdc1cRuW%2F4T7KgixHT38k1MmWdFjBRcnckFvaMCt%2B%2FMhNpN%2Fc1t2aZ8MLpkPoJX0Uie16qWb9M9MhFA5DhdDa%2Fcdgr4iCYw5%2BVwVdWJiUDEfl9prv2PrZE6J0l8008cjMUYIgqm2MpTNY%2BHtCZDzl0PC2lGJ2MgxfBQVqeSc59MY7SQp9MPWpcaA1mKkswWn83bzYA3%2BObv2rtpn7gCtJ%2BDnUlU%3D%7Ctkp%3ABk9SR_zswf-aZw
AllSaints Mens Sleeveless VICIOUS Leather Jacket MEDIUM All Saints Biker Rock,229.99,Pre-owned ·,Sold 22 Feb 2026,https://www.ebay.co.uk/itm/267555039593?_skw=All+Saints+Leather+Jacket&itmmeta=01KKBZGES9BT7DTD6P28K7T7X7&hash=item3e4b85e969:g:RmwAAOSwqL1oDOQ1&itmprp=enc%3AAQALAAAA4GfYFPkwiKCW4ZNSs2u11xCHFzBEsOBMkXwqPvQz5xamjcMAv9T3Ko1oCh0UTzMjyH99Tn0EGpPjF6GM%2FEdUHMey5GHD3oT%2BDcdR3PCPWMhNYNPYsTkHOzusxy0h9fciH2jz9UkwY6sBe9hsqleHT67bTTN1H89UrmHhVg22e7XlBUlspBkYVmd3%2FEviP1X09mlje9yBhGGbGb8782aKDuT9nXZoNH0kFf4eYTDRPLPhr2aG1VjSt7vPnUKv5IW%2FO8TRfh3War2hGfIUqxMEwszUj4CRO%2Baa5fDE5oPa3Acl%7Ctkp%3ABk9SR_zswf-aZw
AllSaints Garrison Brown Leather Zip Up Jacket Medium Excellent Condition,156.70,Pre-owned ·,Sold 22 Feb 2026,https://www.ebay.co.uk/itm/188061301567?_skw=All+Saints+Leather+Jacket&itmmeta=01KKBZGES9K3W74EJGMGQ4F0J5&hash=item2bc953bb3f:g:kcYAAeSwevBpiGtn&itmprp=enc%3AAQALAAABAGfYFPkwiKCW4ZNSs2u11xDpBjppKgF%2FMb8FqyzOME26pNFNH8JzLcxOZ1mYYUqjj18%2F8XgPIc%2BnzPPwa5Kf6vUAXwJax6HZZl8zvrAMEDOlPJdFxzXNIKzfwwjpvEjBtnN%2F%2BjSNPS3g7N1sypqRPRRWTneqBetHs8CEB5ku%2FVbUm%2BpMu4ciwFa7fIfxDvmMLoqRTimJB1uBFD1Af63cDPTEUjinKoTE8%2Fm6zOoDk4TCa4SHDqgC7H3BZPXXpugfc8gaPSifjuCagh8DkUALqfSvGWd4fjbLhP3gmhYu1v8E0iU7HvN%2BSmQf2016Q21JjNEJCrTIFBkaDPm6oUbaH%2BE%3D%7Ctkp%3ABk9SR_zswf-aZw
AllSaints Jacket Mens Large Black Chatton M65 Leather Biker Celebrity Motorcycle,44.99,Pre-owned ·,Sold 22 Feb 2026,https://www.ebay.co.uk/itm/137039658014?_skw=All+Saints+Leather+Jacket&itmmeta=01KKBZGES9Y092MRDCZZXASWCE&hash=item1fe8333c1e:g:4I8AAeSwtN9pOvXe&itmprp=enc%3AAQALAAABAGfYFPkwiKCW4ZNSs2u11xB16omhmRH9A8hfNCOA4gcQXyxpIF2mKwJbdIdOjydVA79wypsDTkRQ2lqeiXRDVFiTCjC%2FBj%2ByMrm%2Bgop3gQDhcMmqaeIExCfqEj61k2WHu%2B1m9pdYfKgVTXIf6nJXv3qW4M%2BdTb3qDMsHmRqYhvNpnOyAUF1C3U%2FZRvcX0DlI2piTeHK53qghKos06dV2HPu6Uy2xKZ%2FPS%2F1838VWyi9D02OApUMvee9V73m5PCz1sqpWlm2bKVudxxWQ73j2s736DT2j3yDEO6tYyRJFwoZ0IAiBj69cCIpSGUqJtYl6XIKdDw1XmQnHjopl7P%2F4bG8%3D%7Ctkp%3ABk9SR_7swf-aZw
ALL SAINTS Leather Bomber Jacket Black NIKO Biker - Men’s M Medium,104.99,Pre-owned ·,Sold 22 Feb 2026,https://www.ebay.co.uk/itm/397465339432?_skw=All+Saints+Leather+Jacket&itmmeta=01KKBZGES9SA72JSHQ7Y19RYW9&hash=item5c8ac7c628:g:p~cAAeSwg-ZpW68Z&itmprp=enc%3AAQALAAAA4GfYFPkwiKCW4ZNSs2u11xCSINartek8%2FkggZDVg%2FRUX3lydi08QqbQ43Aqas5%2FHH6OyZqXxrM9R%2FWViXTA%2Bp%2FyxqGO9O9k00K92rQ%2BQfxlBlCcLRltPQlFxWtC7s3SIejPoz4QgPyL29Xx690dZC3EaLPWoHEUnKzGvijbtGlMLeNhWKkVVI6VFk%2FcJ7w%2B7yFhzXFVeNKYEOtawsgRBE3oddyvkVBFC8LdRoCC%2FgWfLSl8if%2FHf5JgdE61m6X4GHCbMKmrR4crvmO0JCY4nsqY5RHzECbgFFSkiagBXC%2FPm%7Ctkp%3ABk9SR_7swf-aZw
