platform,item_id,title,price,currency,condition,brand,size,seller,location,image_url,url,listed_at,fetched_at,search_query
vinted,8349746561,Balenciaga Arena shoes/trainers size 3,100.0,GBP,Very good,Balenciaga,3,louisdeans96,,https://images1.vinted.net/t/05_00238_KYvJK7Bds28sRBd63oRfPkuK/f800/1773043404.jpeg?s=b497236146144be03f727cabf77b4c6dbd488cc7,https://www.vinted.co.uk/items/8349746561,,2026-03-09T13:15:05.634396+00:00,Balenciaga Arena
vinted,8346736248,Genuine Balenciaga Grey Suede Arena Trainers,125.0,GBP,Very good,Balenciaga,8,craig_coates_clothes,,https://images1.vinted.net/t/05_0151c_xBLL75bWoPCKPthgYnucmDfX/f800/1772991464.jpeg?s=279999b8c7a08348d60a333416e771e45e87ae13,https://www.vinted.co.uk/items/8346736248,,2026-03-09T13:15:05.634452+00:00,Balenciaga Arena
vinted,8349306915,balenciaga arenas high top,190.0,GBP,Good,Balenciaga,9,oliverdancer,,https://images1.vinted.net/t/01_0051f_Qw6jMoV8j2S13M63vcsAWCYB/f800/1773017261.jpeg?s=3ccd2366234539196e2e3e26e6babc867591a09f,https://www.vinted.co.uk/items/8349306915,,2026-03-09T13:15:05.634526+00:00,Balenciaga Arena
vinted,8341527976,Balenciaga arena low,75.0,GBP,Satisfactory,Balenciaga,11,arlokelly00,,https://images1.vinted.net/t/05_01a98_5WHmu56CJvfEcq2FhWiedPdP/f800/1772968202.jpeg?s=c116f5e9e77912377ec2a221c1c76144602c377f,https://www.vinted.co.uk/items/8341527976,,2026-03-09T13:15:05.634615+00:00,Balenciaga Arena
vinted,8337140017,Balenciaga Arenas,120.0,GBP,Good,Balenciaga,8,delvanek1,,https://images1.vinted.net/t/06_00023_DmZmMHj7CJK35zGdadvptdd9/f800/1772905528.jpeg?s=1648d83efdb75664545b84e0b11c2bc72677b486,https://www.vinted.co.uk/items/8337140017,,2026-03-09T13:15:05.634638+00:00,Balenciaga Arena
vinted,8335920351,Balenciaga Arena shoe/trainers size 3,70.0,GBP,Good,Balenciaga,3,louisdeans96,,https://images1.vinted.net/t/06_02196_Kcw14bP1BEq8woioVi1QuxTZ/f800/1772898458.jpeg?s=6567e02184c8fde2d803824016ccaf847d711f86,https://www.vinted.co.uk/items/8335920351,,2026-03-09T13:15:05.634647+00:00,Balenciaga Arena
vinted,8332799420,Balenciaga arenas trainers,120.0,GBP,Good,Balenciaga,10,eve0038,,https://images1.vinted.net/t/01_0159e_GdYwdPU1ZpCASxbA9PNzgfh7/f800/1772881265.jpeg?s=57aa71608413f3c3e1ad01991a260518af9213d6,https://www.vinted.co.uk/items/8332799420,,2026-03-09T13:15:05.634654+00:00,Balenciaga Arena
vinted,8328908714,Balenciaga arenas red,125.0,GBP,Very good,Balenciaga,9,chewy.2real,,https://images1.vinted.net/t/05_00d3f_BQnV7Jj8joCG91Ed1ubNBjJT/f800/1772819679.jpeg?s=19e9aee504f51806619203b14789841db2d584ca,https://www.vinted.co.uk/items/8328908714,,2026-03-09T13:15:05.634684+00:00,Balenciaga Arena
vinted,8329709443,Men’s balenciaga arena trainers size 10,120.0,GBP,Satisfactory,Balenciaga,10,shelevs,,https://images1.vinted.net/t/06_0131b_dBznYh8zChtA44qAB6Tr2UCw/f800/1772826424.jpeg?s=9fe1b24e63b0e8e79ab53ebf13630f9c1c860dc4,https://www.vinted.co.uk/items/8329709443,,2026-03-09T13:15:05.634693+00:00,Balenciaga Arena
vinted,8324999953,Balenciaga Arenas - Mena – Grey – Size 7,220.0,GBP,Very good,Balenciaga,7,sophien886,,https://images1.vinted.net/t/01_01d50_cRPyynEMu3oJZNhfXiXbeL7y/f800/1772791532.jpeg?s=7b17c270deddf567cb60550c9552ef237f225171,https://www.vinted.co.uk/items/8324999953,,2026-03-09T13:15:05.634700+00:00,Balenciaga Arena
vinted,8323833501,Balenciaga Arena Black Suede Mid-Top Trainers,199.99,GBP,Very good,Balenciaga,9,kscollections,,https://images1.vinted.net/t/06_000a6_68kotseJzVNpKLzp863sPade/f800/1772773714.jpeg?s=5a6f48ed62523dc7b386c0854ac2d7decbf16b80,https://www.vinted.co.uk/items/8323833501,,2026-03-09T13:15:05.634706+00:00,Balenciaga Arena
vinted,8322111099,Balenciaga arena,70.0,GBP,Very good,Balenciaga,10,artem926,,https://images1.vinted.net/t/04_0071a_CCyhG76zTwTGMuQesKiZdSZ8/f800/1772735754.jpeg?s=6be0275e12dd5e1d56739889dafe3cf2647a8b7e,https://www.vinted.co.uk/items/8322111099,,2026-03-09T13:15:05.634712+00:00,Balenciaga Arena
vinted,8321087994,Balenciaga Arena High in Ombre,500.0,GBP,Very good,Balenciaga,5,tanv1,,https://images1.vinted.net/t/06_00aab_BN3X6PCkwQgMkdcFtutmsBZh/f800/1772728175.jpeg?s=e705ebb251a3fdbe60b997c827e07bd921263275,https://www.vinted.co.uk/items/8321087994,,2026-03-09T13:15:05.634718+00:00,Balenciaga Arena
vinted,8320115251,Balenciaga arenas low sneakers,110.0,GBP,Good,Balenciaga,6,lyfstylearchive,,https://images1.vinted.net/t/01_020f5_5SmTJdGUZTFJB5iAEramUkRX/f800/1772721274.jpeg?s=2fc4a47d16ce4600f1b3153e3aa99154117c203a,https://www.vinted.co.uk/items/8320115251,,2026-03-09T13:15:05.634724+00:00,Balenciaga Arena
vinted,8319023647,Black Arenas,150.0,GBP,Satisfactory,Balenciaga,5,anniep81,,https://images1.vinted.net/t/01_006a0_6GBkfYdxZ5T4wTbYWCu1QkZu/f800/1772713424.jpeg?s=1c3d7eb3f763ebbdc9d93874154d5557114f9f39,https://www.vinted.co.uk/items/8319023647,,2026-03-09T13:15:05.634729+00:00,Balenciaga Arena
vinted,8316668311,balenciaga arenas,120.0,GBP,Very good,Balenciaga,7.5,kuenam08,,https://images1.vinted.net/t/06_00cac_SaUonDz75nQDUZAYyCZAWZXE/f800/1772672101.jpeg?s=ffac725d05fd50bc7c97c081431857ccc759742c,https://www.vinted.co.uk/items/8316668311,,2026-03-09T13:15:05.634741+00:00,Balenciaga Arena
vinted,8316712121,Balenciaga Arena Low,250.0,GBP,Very good,Balenciaga,10.5,xdxmclothing,,https://images1.vinted.net/t/01_021f0_rCz4e34G24GiRsSy6o246tUg/f800/1772680318.jpeg?s=12f469edffe2aa0ee3c16a49ec595d0a592d5294,https://www.vinted.co.uk/items/8316712121,,2026-03-09T13:15:05.634746+00:00,Balenciaga Arena
vinted,8316392276,Balenciaga arena ombré red,320.0,GBP,Good,Balenciaga,9,j0shl,,https://images1.vinted.net/t/05_00dea_7sDkfN5oaFikRfP2SQwDzWz7/f800/1772661832.jpeg?s=876519abf35c4d027d1b6e90bf197211e618ed88,https://www.vinted.co.uk/items/8316392276,,2026-03-09T13:15:05.634752+00:00,Balenciaga Arena
vinted,8316138239,Gradient Balenciaga arenas Uk 8,250.0,GBP,Very good,Balenciaga,8,dov.garms,,https://images1.vinted.net/t/04_010f7_PYWed2dRMAKWvhhphbwcT5fA/f800/1772658556.jpeg?s=c576b111099522a79dfd3cda0b5f045d6e49f1da,https://www.vinted.co.uk/items/8316138239,,2026-03-09T13:15:05.634758+00:00,Balenciaga Arena
vinted,8311712302,White Balenciaga arenas,100.0,GBP,Good,Balenciaga,8.5,vexrtym,,https://images1.vinted.net/t/06_01f1a_PqTNqWiyKaJgj2YhHrcAgj6P/f800/1772626390.jpeg?s=7b53855f53555b4b8a3e820def108c379afafd34,https://www.vinted.co.uk/items/8311712302,,2026-03-09T13:15:05.634764+00:00,Balenciaga Arena
vinted,8301438488,"Balenciaga Arena Mid-Top, D Ring Red leather Trainers, Size 9/10",165.0,GBP,Very good,Balenciaga,9,connorjordan5165,,https://images1.vinted.net/t/04_01967_UBcrH6uSiGsCpWqoFs9JbWpp/f800/1772484427.jpeg?s=d84b2bae54a660b79c61454d1cbe1c70dffa4830,https://www.vinted.co.uk/items/8301438488,,2026-03-09T13:15:05.634770+00:00,Balenciaga Arena
vinted,8302052666,Balenciaga arenas (EU37),64.0,GBP,Good,Balenciaga,Other,shuk120,,https://images1.vinted.net/t/06_026ff_QibtFrkyuCUXWwf6Vepgg1pD/f800/1772492445.jpeg?s=3d76745e1d4df201486fbfe87d23d397f4d58dc8,https://www.vinted.co.uk/items/8302052666,,2026-03-09T13:15:05.634776+00:00,Balenciaga Arena
vinted,8302025826,Balenciaga arenas (EU 37),72.0,GBP,Good,Balenciaga,Other,shuk120,,https://images1.vinted.net/t/06_002ce_dNfWSzkfxJFeJQUXqEAo9tau/f800/1772491761.jpeg?s=387eaf238041d4940af291f4d0f6c766b46d87a2,https://www.vinted.co.uk/items/8302025826,,2026-03-09T13:15:05.634840+00:00,Balenciaga Arena
vinted,8301891188,Balenciaga Arenas lows,100.0,GBP,Good,Balenciaga,8,hyuzuu,,https://images1.vinted.net/t/01_0027c_ovKumUK2CJVSYsPCptjQzGBV/f800/1772489240.jpeg?s=582fe083df07c35c48c5be5edbda3048db582cac,https://www.vinted.co.uk/items/8301891188,,2026-03-09T13:15:05.634853+00:00,Balenciaga Arena
vinted,8301514465,Balenciaga Arena Sneakers,120.0,GBP,Good,Balenciaga,6.5,pnh92,,https://images1.vinted.net/t/05_01119_SuptA52dH7cfBTNYKzTY64vv/f800/1772485075.jpeg?s=ce99425c25b822944f2efbd36e34c714c1d120a8,https://www.vinted.co.uk/items/8301514465,,2026-03-09T13:15:05.634859+00:00,Balenciaga Arena
vinted,8291133692,Balenciaga Arena Low Trainers - Black Fur,135.0,GBP,Very good,Balenciaga,6.5,mikewj,,https://images1.vinted.net/t/06_013d1_2ppUNSw12G13xBXe9EUhMzFE/f800/1772382036.jpeg?s=63e7e9814f2cb75296ef8ab5920fcabc6dec7751,https://www.vinted.co.uk/items/8291133692,,2026-03-09T13:15:05.634866+00:00,Balenciaga Arena
vinted,8294742773,Balenciaga Arenas,200.0,GBP,Good,Balenciaga,6,byronwalker,,https://images1.vinted.net/t/04_02685_7ofSBdAApdt7o4ZxppmCBqte/f800/1772416965.jpeg?s=9a3ab17de94c4596176730f6de56a2207d321ff4,https://www.vinted.co.uk/items/8294742773,,2026-03-09T13:15:05.634872+00:00,Balenciaga Arena
vinted,8294736438,Balenciaga Arena Opague Noir,200.0,GBP,Good,Balenciaga,6,byronwalker,,https://images1.vinted.net/t/03_00c20_h35zbEmNtMqvP5vY7LPrMsp1/f800/1772415892.jpeg?s=fd65399a675e47e70f990712dd520d0df3990de9,https://www.vinted.co.uk/items/8294736438,,2026-03-09T13:15:05.634877+00:00,Balenciaga Arena
vinted,8294244341,Balenciaga arena,90.0,GBP,New without tags,Balenciaga,7,yakiv_shop4310,,https://images1.vinted.net/t/03_00b50_gCuy9Vt9GFCSpNBgE9tWVq4k/f800/1772400790.jpeg?s=62c99203e53919b39e1b9eba0891860c3134024d,https://www.vinted.co.uk/items/8294244341,,2026-03-09T13:15:05.634883+00:00,Balenciaga Arena
vinted,8287944940,Ladies Balenciaga Arena Lowtop Leather Trainers Size 4,150.0,GBP,Very good,Balenciaga,4,paul_fairbrass,,https://images1.vinted.net/t/05_01ed7_kxXqTUYzJ958Du4hZA2J9i1G/f800/1772368096.jpeg?s=843edde7aefb76baab73a2e2b57fa1f26252bfd0,https://www.vinted.co.uk/items/8287944940,,2026-03-09T13:15:05.634888+00:00,Balenciaga Arena
vinted,8291730108,Balenciaga Arena Low in Iron Grey,100.0,GBP,Good,Balenciaga,8,byrneo31,,https://images1.vinted.net/t/06_00e60_VVGWAAxLj1ovjr4HTbUMMAYP/f800/1772384654.jpeg?s=0513e503bbec780de0672a5d3d67a327bb2c5c71,https://www.vinted.co.uk/items/8291730108,,2026-03-09T13:15:05.634893+00:00,Balenciaga Arena
vinted,8290851314,Balenciaga arena low,180.0,GBP,Good,Balenciaga,10,shaunturnbull,,https://images1.vinted.net/t/05_022d6_SginQHpkZRY6j46fKXcAgG4n/f800/1772380836.jpeg?s=ae3480da24a26d8ed374d2dcf9d5270434481fc2,https://www.vinted.co.uk/items/8290851314,,2026-03-09T13:15:05.634898+00:00,Balenciaga Arena
vinted,8259582801,Balenciaga pelle arena extrablanc sneakers uk size 4,80.0,GBP,Very good,Balenciaga,4,fashion95x,,https://images1.vinted.net/t/04_01875_Az1ShUzC8tG3bMXySQfA7J4J/f800/1772034095.jpeg?s=74bd4a9687e946d22e2a3ee701ea009a708c165f,https://www.vinted.co.uk/items/8259582801,,2026-03-09T13:15:05.634904+00:00,Balenciaga Arena
vinted,8278504020,Ladies Balenciaga Arena hightop trainer,80.0,GBP,Very good,Balenciaga,2,khloeodonoghue.1,,https://images1.vinted.net/t/01_019b4_NuLinSeLie7LiKWGMU9o5t7h/f800/1772277172.jpeg?s=9478e2204b68cd7c859d0aaa4f947eac584e038a,https://www.vinted.co.uk/items/8278504020,,2026-03-09T13:15:05.634909+00:00,Balenciaga Arena
vinted,8273155044,Balenciaga cosy cagole arena slippers,450.0,GBP,New with tags,Balenciaga,11,jerryteetea,,https://images1.vinted.net/t/06_01dd8_UurgfghdTmcraHuHMY2d9bxJ/f800/1772204102.jpeg?s=eb2fc07062a01a458370174b4febdb8065d500c4,https://www.vinted.co.uk/items/8273155044,,2026-03-09T13:15:05.634914+00:00,Balenciaga Arena
vinted,8272246963,Balenciaga Arena trainers,160.0,GBP,Very good,Balenciaga,8,juliam1964,,https://images1.vinted.net/t/06_01538_sKugx7Gt5irNCMpFWn3gYh3L/f800/1772197764.jpeg?s=18d6abafef9c70f1131b95242b47a3f64d030454,https://www.vinted.co.uk/items/8272246963,,2026-03-09T13:15:05.634920+00:00,Balenciaga Arena
vinted,8267326686,Balenciaga navy arena low,200.0,GBP,Very good,Balenciaga,6,dkeen88,,https://images1.vinted.net/t/06_00ed3_ddxXhLa4FJieP7Hzmc1Lzw71/f800/1772125483.jpeg?s=d0496ae2c7528b8b346a752439655918f2903a5f,https://www.vinted.co.uk/items/8267326686,,2026-03-09T13:15:05.634937+00:00,Balenciaga Arena
vinted,8254708830,Balenciaga Arena High Top Logo-Jacquard Trainers- Size EU40,200.0,GBP,Very good,Balenciaga,7,cp.vntd,,https://images1.vinted.net/t/04_00db6_WfA1xQ1zG2gJL4JJTJzkKTNu/f800/1771964582.jpeg?s=dc11f415b72fa70abe4587f550532223a1bd95db,https://www.vinted.co.uk/items/8254708830,,2026-03-09T13:15:05.634958+00:00,Balenciaga Arena
vinted,8251785241,Balenciaga Men’s Arena Sneakers,100.0,GBP,Very good,Balenciaga,5,leo1431,,https://images1.vinted.net/t/05_016b3_j41b3DoMNQ7B85seWpaUgJUt/f800/1771943730.jpeg?s=96e86129f94076f82509a22fe4c5e7996e77cf26,https://www.vinted.co.uk/items/8251785241,,2026-03-09T13:15:05.634975+00:00,Balenciaga Arena
vinted,8251828127,Balenciaga arena,118.0,GBP,Good,Balenciaga,9,ithomas483,,https://images1.vinted.net/t/06_02124_WYChvGJ7FoaZXodTt12tACou/f800/1771944007.jpeg?s=edf2b6fb35494dc509db5f0da356e0f06f3b7594,https://www.vinted.co.uk/items/8251828127,,2026-03-09T13:15:05.634980+00:00,Balenciaga Arena
vinted,8241384097,Balenciaga men’s arena trainers - size 9,60.0,GBP,Good,Balenciaga,9,blossom9627,,https://images1.vinted.net/t/05_003f5_JdpogZoZvMWkqE4uYEkhxhpX/f800/1771836925.jpeg?s=de074dfd1c0842b07300923a33026eb99932b879,https://www.vinted.co.uk/items/8241384097,,2026-03-09T13:15:05.634985+00:00,Balenciaga Arena
vinted,8237066882,Balenciaga Arena Shoes,200.0,GBP,Very good,Balenciaga,8,gcollinson1,,https://images1.vinted.net/t/01_019e7_J86G6vcDEvFqcJfnc8cfym3Q/f800/1771776537.jpeg?s=bae5c1b1799258307ac78e2b807f17aefccaa0dc,https://www.vinted.co.uk/items/8237066882,,2026-03-09T13:15:05.634993+00:00,Balenciaga Arena
vinted,8239586242,Balenciaga Arena High Top Sneakers,285.0,GBP,Very good,Balenciaga,9,fprv,,https://images1.vinted.net/t/05_02182_RFB4Zwa7bnNBsvAC1ddpKrn8/f800/1771790032.jpeg?s=93047ffad521a8510ae9af661bd925828ab47654,https://www.vinted.co.uk/items/8239586242,,2026-03-09T13:15:05.635003+00:00,Balenciaga Arena
vinted,8227087711,Balenciaga Arena High Black,100.0,GBP,Good,Balenciaga,6.5,sjg_1996,,https://images1.vinted.net/t/04_00edd_QPjMnu2f4Q6dF3RSp6wxSo8Q/f800/1771686560.jpeg?s=979c08dd1ec70dd1ab9f08c6e3795de36e09cfbb,https://www.vinted.co.uk/items/8227087711,,2026-03-09T13:15:05.635009+00:00,Balenciaga Arena
vinted,8219880201,Balenciaga arena,80.0,GBP,Good,Balenciaga,Other,bwhite33,,https://images1.vinted.net/t/05_003a8_vBoBHREKPniZMZXMw33GTg2N/f800/1771604419.jpeg?s=05055b20732e81f69a32cc5fb09f56f5d483f76c,https://www.vinted.co.uk/items/8219880201,,2026-03-09T13:15:05.635014+00:00,Balenciaga Arena
vinted,8218466604,Red balenciaga arena,200.0,GBP,Good,Balenciaga,7.5,sonnyhudson1,,https://images1.vinted.net/t/05_0247b_MmaG7iRJWxeZ7gsrwMmrS6eV/f800/1771595551.jpeg?s=4776803b7cf5740489e081545ae23fd8e31dabab,https://www.vinted.co.uk/items/8218466604,,2026-03-09T13:15:05.635019+00:00,Balenciaga Arena
vinted,8192210881,Balenciaga arena trainers,170.0,GBP,Very good,Balenciaga,8,jodie121,,https://images1.vinted.net/t/01_00c72_xnqPTfGyxbPBUUqaSfSZGg5J/f800/1771271771.jpeg?s=56b5a3d11de674713431349533728d06726f1c66,https://www.vinted.co.uk/items/8192210881,,2026-03-09T13:15:05.635024+00:00,Balenciaga Arena
vinted,8215261925,Balenciaga ladies arena sneaker (off white),120.0,GBP,Very good,Balenciaga,3,dan11ielle,,https://images1.vinted.net/t/06_016a2_AteJQRmSGatnLV6ec7a4e2qX/f800/1771540784.jpeg?s=491001191853a28288fef2d2d1474f599fc616dd,https://www.vinted.co.uk/items/8215261925,,2026-03-09T13:15:05.635029+00:00,Balenciaga Arena
vinted,8208327809,Grey Suede Balenciaga Arenas,100.0,GBP,Very good,Balenciaga,9,z-lp-1800,,https://images1.vinted.net/t/01_00459_Ygqg5Mf4svgZfSpqq7o8iCQ3/f800/1771484530.jpeg?s=6cdef21b98c06ceef850d1ae7dc98118f03f10da,https://www.vinted.co.uk/items/8208327809,,2026-03-09T13:15:05.635035+00:00,Balenciaga Arena
vinted,8207949971,Balenciaga Arenas High,200.0,GBP,Good,Balenciaga,8.5,mezosol,,https://images1.vinted.net/t/05_00e11_H1VdGAmfFUi6vEcdr3wKFHEv/f800/1771454653.jpeg?s=ee2bfb9c9b9708cfa79d27f1dfcdb045d5f56baf,https://www.vinted.co.uk/items/8207949971,,2026-03-09T13:15:05.635040+00:00,Balenciaga Arena
vinted,8207851069,White balenciaga arenas,85.0,GBP,Good,Balenciaga,8,joelffff,,https://images1.vinted.net/t/06_02234_bQWa7U461qJvkVocDYVvvYPQ/f800/1771961892.jpeg?s=839c7c312ef5eb80bf781990251d98157beccd35,https://www.vinted.co.uk/items/8207851069,,2026-03-09T13:15:05.635046+00:00,Balenciaga Arena
vinted,8203504544,Balenciaga Arenas Low,300.0,GBP,Good,Balenciaga,7,neva790,,https://images1.vinted.net/t/05_01377_mJjHYLcP5JvyMSvdyhaLW89J/f800/1771421030.jpeg?s=74b4b29e6b800f1767d4e40426d9f4f773e0bcdf,https://www.vinted.co.uk/items/8203504544,,2026-03-09T13:15:05.635051+00:00,Balenciaga Arena
vinted,8196760532,Balenciaga Arena Red Leather  High Top,210.0,GBP,Very good,Balenciaga,7,aggie770101,,https://images1.vinted.net/t/05_01a3a_MCQvKvXwLBm5ufEuDUTAJ6pF/f800/1771344811.jpeg?s=aee673a85902ef5e2532881b6c73f50f19e6bbba,https://www.vinted.co.uk/items/8196760532,,2026-03-09T13:15:05.635056+00:00,Balenciaga Arena
vinted,8197302338,Mens Balenciaga arena trainers,100.0,GBP,Very good,Balenciaga,8,jodiewilson448,,https://images1.vinted.net/t/05_018f7_vcJmKcbSeMTqjhmQ8Db7nTiU/f800/1771342048.jpeg?s=bcb5a0eabfb889a2d886cbf96f7792b69fde8ff3,https://www.vinted.co.uk/items/8197302338,,2026-03-09T13:15:05.635061+00:00,Balenciaga Arena
vinted,8195360361,Balenciaga Arena Ombre Leather sneakers,375.0,GBP,Very good,Balenciaga,8,savsandhu,,https://images1.vinted.net/t/04_00f59_b44f9mHdRVSTtVusD58zVQRS/f800/1771329479.jpeg?s=e51ce7e543f27b174610b5d36b42c22487915e9f,https://www.vinted.co.uk/items/8195360361,,2026-03-09T13:15:05.635075+00:00,Balenciaga Arena
vinted,8182774974,Balenciaga Men’s High Top Arena Trainers,250.0,GBP,Very good,Balenciaga,6.5,indg94,,https://images1.vinted.net/t/05_00e3e_pF1Kj8DQ6GCLQhkgGyPqa6ZF/f800/1771175383.jpeg?s=b3f0975aa1fbb45b697918c071f3526805f7b161,https://www.vinted.co.uk/items/8182774974,,2026-03-09T13:15:05.635081+00:00,Balenciaga Arena
vinted,8186096801,Balenciaga Arenas White Size 8 (41),350.0,GBP,New without tags,Balenciaga,8,locogarments,,https://images1.vinted.net/t/04_00fdd_ZVono2XBqhjyVR6ZUqpQvifK/f800/1771231412.jpeg?s=2fc2003d8664039a09fdba536b10a0add073c401,https://www.vinted.co.uk/items/8186096801,,2026-03-09T13:15:05.635086+00:00,Balenciaga Arena
vinted,8184936733,Balenciaga Leather Arena Low-Top Sneakers UK 5,110.0,GBP,Good,Balenciaga,5,lukejacobs10,,https://images1.vinted.net/t/04_0030a_JpxFYfoMzZJS47XeymrHNHVT/f800/1771189272.jpeg?s=ff30781aa1ad17503bac6e7f05dc26ae8397ba80,https://www.vinted.co.uk/items/8184936733,,2026-03-09T13:15:05.635091+00:00,Balenciaga Arena
vinted,8168795631,White Balenciaga Arenas,130.0,GBP,New with tags,,10,thvvo,,https://images1.vinted.net/t/01_00b49_Xmz4zzp9bXP3WkkPnVeJwC18/f800/1771020453.jpeg?s=9f3c9d59cef3157431535c6f01f2bcd3a9f089ba,https://www.vinted.co.uk/items/8168795631,,2026-03-09T13:15:05.635103+00:00,Balenciaga Arena
vinted,8144437357,Balenciaga Arena Metallic Blue,190.0,GBP,Very good,Balenciaga,10,betterthanmostvntage,,https://images1.vinted.net/t/06_001bf_UiPutpeW4Uqu7YncG9VGsVdg/f800/1770728004.jpeg?s=0d5a6bb43a78135b17a298457767d19321f77281,https://www.vinted.co.uk/items/8144437357,,2026-03-09T13:15:05.635109+00:00,Balenciaga Arena
vinted,8143532422,Size 3 beige balenciaga arena trainers,65.0,GBP,Very good,Balenciaga,3,loveshopx,,https://images1.vinted.net/t/05_01b30_B52NLDDT11yyzepk8CLXFpYZ/f800/1770721160.jpeg?s=8dfd4dc2b7d8065ab07f2d7c095f62683f2def34,https://www.vinted.co.uk/items/8143532422,,2026-03-09T13:15:05.635114+00:00,Balenciaga Arena
vinted,8167328008,Balenciaga Arena Low-Top Leather Trainers,250.0,GBP,Good,Balenciaga,7,nanasafro,,https://images1.vinted.net/t/05_02487_RuCgqdv6NmM1PLtF4B4agfGW/f800/1771005205.jpeg?s=10a064923041eaf91783e48088dafb5faed44711,https://www.vinted.co.uk/items/8167328008,,2026-03-09T13:15:05.635120+00:00,Balenciaga Arena
vinted,8160707071,Balenciaga Arena Gradient Trainers,400.0,GBP,Very good,Balenciaga,10,porchestores,,https://images1.vinted.net/t/05_00380_EwFJQb2ymNeSo8fuX21tLHVC/f800/1770916719.jpeg?s=dfa5960b05a0c5fca0144d7f27e1273957476a31,https://www.vinted.co.uk/items/8160707071,,2026-03-09T13:15:05.635125+00:00,Balenciaga Arena
vinted,8159457837,Balenciaga Arena Black,150.0,GBP,Good,Balenciaga,7,lnsect,,https://images1.vinted.net/t/04_0114a_Kmw91GriuR6HhAsuXK9uWSfk/f800/1770907157.jpeg?s=2e6e8c9002341e1e5bce96c80f402fa1b8bae6c7,https://www.vinted.co.uk/items/8159457837,,2026-03-09T13:15:05.635130+00:00,Balenciaga Arena
vinted,8159360409,Balenciaga Arena Sneakers,300.0,GBP,Very good,Balenciaga,9,revive7,,https://images1.vinted.net/t/06_00d10_YBD4co7HqCuV2tSpDyWSKdTU/f800/1770906482.jpeg?s=62184b992159f6fbbf1fbd43379e1fe7675ba984,https://www.vinted.co.uk/items/8159360409,,2026-03-09T13:15:05.635142+00:00,Balenciaga Arena
vinted,8154441412,Balenciaga arena,220.0,GBP,Very good,Balenciaga,8,siennasun100,,https://images1.vinted.net/t/05_0011b_miGffvp3ae5k8FS5R6ohip82/f800/1770833486.jpeg?s=d4dcdc4aabf06493543be882e452f1112c709a58,https://www.vinted.co.uk/items/8154441412,,2026-03-09T13:15:05.635148+00:00,Balenciaga Arena
vinted,8155133934,Balenciaga Arena,220.0,GBP,Very good,Balenciaga,8,siennasun100,,https://images1.vinted.net/t/06_00573_vmBPo2zho87AhsXtqpN638fT/f800/1770838871.jpeg?s=552ddffff440ad7a3c04298460095545b67b5681,https://www.vinted.co.uk/items/8155133934,,2026-03-09T13:15:05.635152+00:00,Balenciaga Arena
vinted,8149785091,Balenciaga Arena High Top - (Black - Size 5UK),100.0,GBP,Good,Balenciaga,5,c_s_210195,,https://images1.vinted.net/t/05_00de9_asxQ5kE2YRKiCV1uCM9NS3rA/f800/1770800292.jpeg?s=0ed80c4a85f0ddf2cbd890172f8f4bf958043ad9,https://www.vinted.co.uk/items/8149785091,,2026-03-09T13:15:05.635157+00:00,Balenciaga Arena
vinted,8143081862,Womens Balenciaga Sneaker Pelle S.Gomm Arena,150.0,GBP,Very good,Balenciaga,4,rim190222,,https://images1.vinted.net/t/06_01359_qvVrsBHxmaHzks8Bdcnk7JKF/f800/1770717615.jpeg?s=0863cb4f0b71a69e094eb416976ca53e78f85008,https://www.vinted.co.uk/items/8143081862,,2026-03-09T13:15:05.635162+00:00,Balenciaga Arena
vinted,8140691154,Balenciaga Arena High Grey Suede - Size Uk 10,129.99,GBP,Very good,Balenciaga,10,charliel8,,https://images1.vinted.net/t/05_015f0_GB8vm7Z9XmNnAzNu3ztgwYvM/f800/1770664976.jpeg?s=bdf982aae63e353671e553622430b0c8c32d8e32,https://www.vinted.co.uk/items/8140691154,,2026-03-09T13:15:05.635168+00:00,Balenciaga Arena
vinted,8142014860,Balenciaga Arena Carbon,145.0,GBP,Good,Balenciaga,10.5,nikita_oph,,https://images1.vinted.net/t/01_00a53_6xcH1fqnoRF79oyMrARu3PXS/f800/1770679799.jpeg?s=86b7b54b7ad950420baed53738fc7d3dd1cecaac,https://www.vinted.co.uk/items/8142014860,,2026-03-09T13:15:05.635173+00:00,Balenciaga Arena
vinted,8138180985,Balenciaga Arena rouge grenat,325.0,GBP,New with tags,Balenciaga,6,thomasluke1991,,https://images1.vinted.net/t/01_00a68_ghw92jxLoaqW5SsWoCkQyQzU/f800/1770647873.jpeg?s=5e87bfbacfab478e8511e908561a3c884fa70717,https://www.vinted.co.uk/items/8138180985,,2026-03-09T13:15:05.635184+00:00,Balenciaga Arena
vinted,8138135130,Balenciaga Arena rouge grenade,345.0,GBP,New with tags,Balenciaga,6,thomasluke1991,,https://images1.vinted.net/t/06_0019c_eanPg8JZWnQWzREJpN448psU/f800/1770647577.jpeg?s=ff831b60a475b5a2d702a11486676ad9c6af405e,https://www.vinted.co.uk/items/8138135130,,2026-03-09T13:15:05.635190+00:00,Balenciaga Arena
vinted,8134890863,White Balenciaga Arenas Size 7,75.0,GBP,Good,Balenciaga,7,darnharn,,https://images1.vinted.net/t/05_0231d_fpfiAdPtVUrtUDu8VqDqHnXN/f800/1770597088.jpeg?s=5dbca438b8dc3b2fc27e7617369fb481f413bdae,https://www.vinted.co.uk/items/8134890863,,2026-03-09T13:15:05.635195+00:00,Balenciaga Arena
vinted,8129855051,Balenciaga Black Leather Arena low sneakers trainers Size Uk 4,64.0,GBP,Very good,Balenciaga,4,7sullie83,,https://images1.vinted.net/t/04_01d06_CBWG3FFHbFRU1ie8YBZKcgnq/f800/1770561694.jpeg?s=8975460fce13638489217f12bd122f7467c1dd86,https://www.vinted.co.uk/items/8129855051,,2026-03-09T13:15:05.635205+00:00,Balenciaga Arena
vinted,8123942838,Balenciaga arena,90.0,GBP,Good,Balenciaga,6,indiaraine4,,https://images1.vinted.net/t/06_013c3_G3GPeeuS2UqQjVYCsaoathTm/f800/1770494539.jpeg?s=1296e23fd46da2977889684816d1d3724bdbe9c0,https://www.vinted.co.uk/items/8123942838,,2026-03-09T13:15:05.635218+00:00,Balenciaga Arena
vinted,8123116733,Balenciaga arenas,100.0,GBP,Good,Balenciaga,9.5,kurt22681,,https://images1.vinted.net/t/05_015a7_98QNkPsXnV37PmnQ4mgMfHXu/f800/1772659092.jpeg?s=44c587b9ba2e16e1d64053ee56b561a4d0d9d32a,https://www.vinted.co.uk/items/8123116733,,2026-03-09T13:15:05.635224+00:00,Balenciaga Arena
vinted,8119317831,Balenciaga arena low size 7,140.0,GBP,Good,Balenciaga,7,jt230199,,https://images1.vinted.net/t/06_008f8_BNhC8XArEgfeSnt3rLq2cRdk/f800/1770466888.jpeg?s=55dc14fb89471fa56c36b1f3cdbdc5dd076ae6a9,https://www.vinted.co.uk/items/8119317831,,2026-03-09T13:15:05.635229+00:00,Balenciaga Arena
vinted,8112861378,White Balenciaga Arenas,75.0,GBP,Very good,Balenciaga,7,darnharn,,https://images1.vinted.net/t/06_01f01_DTpeRAdxM4Gk3nU3rNGTnu7P/f800/1770387915.jpeg?s=2f80c4fc98ff4379413ef1738618274fec481b26,https://www.vinted.co.uk/items/8112861378,,2026-03-09T13:15:05.635234+00:00,Balenciaga Arena
vinted,8113100450,Balenciaga Arenas High.  Authentic!,100.0,GBP,Very good,Balenciaga,Other,asht8n,,https://images1.vinted.net/t/01_023f1_F6ePfaKTfYcmjDK7xjxQ4pfj/f800/1770388997.jpeg?s=49af20335eb50b319805c2b14dc38025dfb4dc71,https://www.vinted.co.uk/items/8113100450,,2026-03-09T13:15:05.635244+00:00,Balenciaga Arena
vinted,8105987649,Balenciaga Arena low top trainer in Navy or petrol blue creased leather,120.0,GBP,Very good,Balenciaga,4,uzo80,,https://images1.vinted.net/t/06_016ca_rzEKhFhEpNi4u6baSc5iDdqq/f800/1770301807.jpeg?s=2dd5ced7414eea1daf87100d5f37bbc7cda05342,https://www.vinted.co.uk/items/8105987649,,2026-03-09T13:15:05.635249+00:00,Balenciaga Arena
vinted,8105193795,Balenciaga Arena Wayno,90.0,GBP,Good,Balenciaga,7,tom-johno,,https://images1.vinted.net/t/01_01d71_RBUUif3fhGuRFMFNsckvixE7/f800/1770296235.jpeg?s=5bf84abd0b77628f8016d1a48a4eec23f7a97687,https://www.vinted.co.uk/items/8105193795,,2026-03-09T13:15:05.635254+00:00,Balenciaga Arena
vinted,8100029788,y2k 2000s balenciaga arena grey low trainers,128.0,GBP,Very good,Balenciaga,8,joeforbes,,https://images1.vinted.net/t/06_01b8d_6d6EFdmW1sCMNVnVJhaGbXnG/f800/1770222483.jpeg?s=b5e0bab97b246299d7721ca5f5a88d634c4b6fa5,https://www.vinted.co.uk/items/8100029788,,2026-03-09T13:15:05.635259+00:00,Balenciaga Arena
vinted,8099866211,Balenciaga Nubuck and Cork Arena High Top's,200.0,GBP,Good,Balenciaga,8,dylantheprofessional,,https://images1.vinted.net/t/06_02664_KfpK3VmBkoRDRvcscjk6cM5M/f800/1770221420.jpeg?s=b772964ccec9dea73f0a3013fcccca86e193281a,https://www.vinted.co.uk/items/8099866211,,2026-03-09T13:15:05.635265+00:00,Balenciaga Arena
vinted,8092209957,Balenciaga Arena High Top Trainers,120.0,GBP,Good,Balenciaga,8,jawe808,,https://images1.vinted.net/t/06_00c20_gsiiWCEyZuvRQCosf8x61Y86/f800/1770131821.jpeg?s=62a9ff57b3e20fbd43342d10f50188a60c02b727,https://www.vinted.co.uk/items/8092209957,,2026-03-09T13:15:05.635284+00:00,Balenciaga Arena
vinted,8076405494,Balenciaga Arena Low,130.0,GBP,Very good,Balenciaga,9,cleandrops91,,https://images1.vinted.net/t/06_01969_E2vv2NbTybVrpJo27obcRtXk/f800/1769956779.jpeg?s=45896851693bef51e878e219f70d0bec4d49f75d,https://www.vinted.co.uk/items/8076405494,,2026-03-09T13:15:05.635315+00:00,Balenciaga Arena
vinted,8069300016,Balenciaga Arena Low white,65.0,GBP,Good,Balenciaga,7,hannahkenny1,,https://images1.vinted.net/t/05_02254_4sznu7bzMntjywxh5eBaa8Bz/f800/1769880184.jpeg?s=86d16b8b26ea1815c25dc301386b1a68cbbeb805,https://www.vinted.co.uk/items/8069300016,,2026-03-09T13:15:05.635320+00:00,Balenciaga Arena
vinted,8292291573,Mens Balenciaga Arena High Top Grey Uk 7,99.95,GBP,Very good,Balenciaga,7,dappashak,,https://images1.vinted.net/t/06_0144b_AvaRMXCi2HhE9EUhovmweCX4/f800/1772387420.jpeg?s=a5535041cd12c77f1bc1d9604e64253b779c5067,https://www.vinted.co.uk/items/8292291573,,2026-03-09T13:19:17.938340+00:00,Balenciaga Arena
vinted,8355281620,Balenciaga Arena,130.0,GBP,Very good,Balenciaga,7,mycoolstuff4u,,https://images1.vinted.net/t/03_025c0_U2c8RNqsLqCH4563saJXtdvt/f800/1773081406.jpeg?s=9dd2864997a81dd16d48278d3c31e859d6cc43ce,https://www.vinted.co.uk/items/8355281620,,2026-03-10T09:45:44.014498+00:00,Balenciaga Arena
vinted,8355227638,Balenciaga Arena Grey High Top,170.0,GBP,Very good,Balenciaga,8,isellcl0thes,,https://images1.vinted.net/t/04_026ee_VucVFWNeHsgZLE787Z6584s6/f800/1773081043.jpeg?s=18686cc27c859faae463f9fd0eaf2aefe32a2441,https://www.vinted.co.uk/items/8355227638,,2026-03-10T09:45:44.014518+00:00,Balenciaga Arena
vinted,8355506286,**Balenciaga Arena High “Dark Night” Sneakers**,100.0,GBP,Good,Balenciaga,8,summerx20z,,https://images1.vinted.net/t/05_00551_SjthPHewyvUhE7Y7xvpKv5JB/f800/1773082944.jpeg?s=5da8f727e8f9b4da721e8b663f34e25854784de0,https://www.vinted.co.uk/items/8355506286,,2026-03-10T09:45:44.014524+00:00,Balenciaga Arena
vinted,8363153718,Balenciaga arena black,80.0,GBP,Good,Balenciaga,8,luker98,,https://images1.vinted.net/t/05_01b2b_ZyrLCZFuMFd2ZdeBFZHMDTcL/f800/1773168897.jpeg?s=d829e9953654d4f7b9c4b89aab88434514338efb,https://www.vinted.co.uk/items/8363153718,,2026-03-10T19:42:50.736994+00:00,Balenciaga Arena
vinted,8358493583,Balenciaga Arena,150.0,GBP,Very good,Balenciaga,9,1saiz,,https://images1.vinted.net/t/01_01290_YT1wdb8KZBWTVKsLZtbRSFNk/f800/1773137498.jpeg?s=d2e3a28bb9f05e155496bce49586cd9f5779e566,https://www.vinted.co.uk/items/8358493583,,2026-03-10T19:42:50.737015+00:00,Balenciaga Arena
vinted,8363870603,Balenciaga Arena Black,110.0,GBP,Good,Balenciaga,5,veridical,,https://images1.vinted.net/t/05_0162f_HS9tmsWPSVCMnuP1pcezc764/f800/1773174122.jpeg?s=6958c894c4997284bd30bd1b0f498518b0971b2a,https://www.vinted.co.uk/items/8363870603,,2026-03-10T21:03:50.826148+00:00,Balenciaga Arena
vinted,8363634349,Balenciaga Arenas,225.0,GBP,Good,Balenciaga,7,rickierichy,,https://images1.vinted.net/t/05_004d1_St9WACp71uVkwp3o11K6ghjj/f800/1773172349.jpeg?s=81e142750195911ec641296db3bbb2cb80ddfd5d,https://www.vinted.co.uk/items/8363634349,,2026-03-10T21:03:50.826165+00:00,Balenciaga Arena
vinted,8368877569,Balenciaga Arena High Top Trainers Black Leather – UK 6,90.0,GBP,Good,Balenciaga,6,eldarwby,,https://images1.vinted.net/t/06_000ff_oVVF3Jb7UWiVDMSFNCPTjGCM/f800/1773241113.jpeg?s=bccb594832f9d6145ac47a88be6c4c14ce21a1b3,https://www.vinted.co.uk/items/8368877569,,2026-03-11T22:09:30.054363+00:00,Balenciaga Arena
vinted,8364229466,Balenciaga arenas,90.0,GBP,Very good,Balenciaga,7,pokemontcg12,,https://images1.vinted.net/t/05_007c8_mciifDtGXKBWiLs22BGjxZ4w/f800/1773177157.jpeg?s=08e05481dac7baf3308fc35ad8bbd1a63d9c00f2,https://www.vinted.co.uk/items/8364229466,,2026-03-11T22:09:30.054379+00:00,Balenciaga Arena
vinted,8367166128,Balenciaga Arena High Top Trainers White EU45 UK11 – Designer Sneakers,215.0,GBP,Very good,Balenciaga,11,cubcart,,https://images1.vinted.net/t/06_00872_MGZdcCnmaTH3Rfem63MrDHni/f800/1773230400.jpeg?s=871d32572621c29bac0fe6c338b13b74b774dd4f,https://www.vinted.co.uk/items/8367166128,,2026-03-11T22:09:30.054385+00:00,Balenciaga Arena
vinted,8366521101,Balenciaga Arena,110.0,GBP,Very good,Balenciaga,8,sangy1010,,https://images1.vinted.net/t/05_00019_TFJ83LCYsJ8urDqEkipAPQgo/f800/1773226027.jpeg?s=f503df38d74b107f1d418b513063806c72c76237,https://www.vinted.co.uk/items/8366521101,,2026-03-11T22:09:30.054389+00:00,Balenciaga Arena
vinted,8365270521,Balenciaga Arena,80.0,GBP,Satisfactory,Balenciaga,3,h1596s,,https://images1.vinted.net/t/06_00707_Qi15yHWzqzVHCk4UQJ6TPXt5/f800/1773215977.jpeg?s=26cdfb81cb1ffcd40eda869398bb58096ab653f2,https://www.vinted.co.uk/items/8365270521,,2026-03-11T22:09:30.054392+00:00,Balenciaga Arena
vinted,8365248034,Balenciaga Arena,150.0,GBP,Good,Balenciaga,11,h1596s,,https://images1.vinted.net/t/05_009a3_quZDsfTtz9trCTvxijZLHJsJ/f800/1773215696.jpeg?s=575a4fe572df6f437dfab8b202a75b73f1a930da,https://www.vinted.co.uk/items/8365248034,,2026-03-11T22:09:30.054395+00:00,Balenciaga Arena
vinted,8362261872,Balenciaga Arena,90.0,GBP,Very good,Balenciaga,8,aryanvro,,https://images1.vinted.net/t/03_00afd_D6Sbocu1PtgzZC9UEUxbVV8u/f800/1773162781.jpeg?s=078d1b5d0d7b8c1620689f7e327f57cef1b05228,https://www.vinted.co.uk/items/8362261872,,2026-03-11T22:09:30.054467+00:00,Balenciaga Arena
vinted,8371501629,Men’s Balenciaga Arena low trainers rouge Bourgogne burgundy uk 6 eu 40,168.0,GBP,Very good,Balenciaga,6,leecruz1,,https://images1.vinted.net/t/06_0249e_k98aGwfv7QPK7Se8f4Dfkdci/f800/1773257994.jpeg?s=557cfd834abdd102fcf194f5131c4b84c9395833,https://www.vinted.co.uk/items/8371501629,,2026-03-11T23:24:44.596846+00:00,Balenciaga Arena
vinted,8371200886,Men’s Balenciaga Arena black High Top Noir trainers sneakers UK 6 EU 40,150.0,GBP,Very good,Balenciaga,6,leecruz1,,https://images1.vinted.net/t/05_013b7_j4a5V1izCSpuxr86Efxf8siS/f800/1773255769.jpeg?s=e935f44600f4f0665c4fe47bdefb54beb434d0ae,https://www.vinted.co.uk/items/8371200886,,2026-03-11T23:24:44.596870+00:00,Balenciaga Arena
vinted,8361262203,Balenciaga Arena Low Trainers- Size 11UK,145.0,GBP,Very good,Balenciaga,11,ohitstom,,https://images1.vinted.net/t/05_004f8_Lo14DajwnkRUtkzHbw2FnjNZ/f800/1773156346.jpeg?s=81ee339685fb5dc48aef9a234ec35b3dc76a7b4f,https://www.vinted.co.uk/items/8361262203,,2026-03-12T13:42:56.745370+00:00,Balenciaga Arena
vinted,8375689435,Balenciaga arena ombré red,300.0,GBP,Very good,Balenciaga,9,j0shl,,https://images1.vinted.net/t/06_00bca_aGAD7tfXaPVAcpGTVozFC3kg/f800/1773322086.jpeg?s=fadf8e07183ab6eba06069c438be9384619145da,https://www.vinted.co.uk/items/8375689435,,2026-03-12T13:42:56.745414+00:00,Balenciaga Arena
vinted,8355139746,black Balenciaga Arena suede minimalist high top trainers streetwear casual sneakers designer,225.0,GBP,Good,Balenciaga,7,rostykss,,https://images1.vinted.net/t/04_023d8_sokeVWR9MqFUpzbSLkMBY3f5/f800/1773080449.jpeg?s=eaf391e1e5ad14fb8e752fd43634d9a99f67f1d4,https://www.vinted.co.uk/items/8355139746,,2026-03-12T13:42:56.745420+00:00,Balenciaga Arena
vinted,8372701844,Blue balenciaga Paris arenas,190.0,GBP,Good,Balenciaga,9,savethesaviour,,https://images1.vinted.net/t/05_00575_gQEyti2bjphApjQopJFezPUC/f800/1773273902.jpeg?s=045b30df203b4f874cdf00e7dfa602ba203ca1fc,https://www.vinted.co.uk/items/8372701844,,2026-03-12T13:42:56.745424+00:00,Balenciaga Arena
vinted,8414737484,balenciaga arena white,125.0,GBP,Good,Balenciaga,8,clein337376566,,https://images1.vinted.net/t/06_01be0_Ug2MvpB1YnoRXD9WNbxXoN2X/f800/1773703067.jpeg?s=3b0638f151d38597a8e2d39d1d52e7b827fcac17,https://www.vinted.co.uk/items/8414737484,,2026-03-16T23:23:28.628062+00:00,Balenciaga Arena
vinted,8377762038,Balenciaga arena low,125.0,GBP,Very good,Balenciaga,10.5,harrisonorme123,,https://images1.vinted.net/t/05_018c7_3bngc3CkgUGYVqBcGrBXB9Pu/f800/1773335781.jpeg?s=99903349c414ecea3a576da4cf7a4e37076e9698,https://www.vinted.co.uk/items/8377762038,,2026-03-16T23:23:28.628085+00:00,Balenciaga Arena
vinted,8409321436,Balenciaga Leather Arena Wrap Bracelet - Grey/Gold.,50.0,GBP,Very good,Balenciaga,,mykidswardrobex,,https://images1.vinted.net/t/05_0135e_zmC9uCbwEad4FDtAuGoZinAM/f800/1773663845.jpeg?s=d817893cb2be0c9b09dea98f1575cb0026d56ed9,https://www.vinted.co.uk/items/8409321436,,2026-03-16T23:23:28.628092+00:00,Balenciaga Arena
vinted,8409084321,Grey Balenciaga  Arena Trainers,70.0,GBP,Satisfactory,Balenciaga,5,tee7241,,https://images1.vinted.net/t/01_026ea_BYYnyuyy121xaeYkNHrdD9Y6/f800/1773662265.jpeg?s=b04e0109a19dd2b32d17f8f2f3f0b84378104e07,https://www.vinted.co.uk/items/8409084321,,2026-03-16T23:23:28.628096+00:00,Balenciaga Arena
vinted,8407950753,Rare!! Balenciaga vintage arena high top trainer boots,75.0,GBP,Good,Balenciaga,6,mintandvint13,,https://images1.vinted.net/t/06_000e1_Mx9X2EdbqqusMer5xsKSyP8B/f800/1773654568.jpeg?s=39448f248a7f861c4f8983a3c79431bd583d3468,https://www.vinted.co.uk/items/8407950753,,2026-03-16T23:23:28.628100+00:00,Balenciaga Arena
vinted,8407855146,Balenciaga Arena high top,95.0,GBP,Satisfactory,Balenciaga,7.5,jackwils99,,https://images1.vinted.net/t/06_009b4_gkhSKF8gokziGPQti71CFRQp/f800/1773653852.jpeg?s=821f5ba0e3ef85d348ca5ad267e14185b59e8237,https://www.vinted.co.uk/items/8407855146,,2026-03-16T23:23:28.628103+00:00,Balenciaga Arena
vinted,8393969100,Balenciaga Arena High,80.0,GBP,Very good,Balenciaga,7,aaronlennon1,,https://images1.vinted.net/t/01_005e0_XaQdMCPt2efB1UrmCES5xHNt/f800/1773509570.jpeg?s=db9489efb5426f5da176975c47c4f74190c2bb0e,https://www.vinted.co.uk/items/8393969100,,2026-03-16T23:23:28.628106+00:00,Balenciaga Arena
vinted,8390051484,Balenciaga arena black,165.0,GBP,Very good,Balenciaga,9,dillsclothing,,https://images1.vinted.net/t/04_0199d_Vm9EQiVFMRUPVKtUYCSxyKgd/f800/1773489580.jpeg?s=93be96e5b4a383ddacff972f8413c329c62c2722,https://www.vinted.co.uk/items/8390051484,,2026-03-16T23:23:28.628109+00:00,Balenciaga Arena
vinted,8403548557,Balenciaga Arena Thick High 'Black' UK7 EU41,75.0,GBP,Good,Balenciaga,7,shdw.wzrd,,https://images1.vinted.net/t/05_0115d_QZ6Sk3G8TJJSQk2FxHjTzqEw/f800/1773593380.jpeg?s=98c89e5c01d43c4a4a3ab61e62a123bb6d485bf3,https://www.vinted.co.uk/items/8403548557,,2026-03-16T23:23:28.628112+00:00,Balenciaga Arena
vinted,8386788491,Balenciaga Men’s Arena Trainers Size 41,120.0,GBP,Very good,Balenciaga,7,nonnons1,,https://images1.vinted.net/t/01_01895_PgKCG8ysCBt9ZnNR54AuetHR/f800/1773436693.jpeg?s=18624c26f5cfaa6f421be59c729ac49424889766,https://www.vinted.co.uk/items/8386788491,,2026-03-16T23:23:28.628116+00:00,Balenciaga Arena
vinted,8386035544,Balenciaga Arena EU35,65.0,GBP,Very good,Balenciaga,2,isellcl0thes,,https://images1.vinted.net/t/01_00652_3vNk5EM1USK9GJZbUBiuS2xY/f800/1773429597.jpeg?s=348b49d95207ed20bcf7138169ed4786e073b769,https://www.vinted.co.uk/items/8386035544,,2026-03-16T23:23:28.628118+00:00,Balenciaga Arena
vinted,8382129261,Balenciaga arenas,120.0,GBP,Very good,Balenciaga,8.5,iscmrshl2,,https://images1.vinted.net/t/05_00509_q1wi5Nx1e1qCPjYhZ9qk2sph/f800/1773402067.jpeg?s=37b7d019f5952903187e1357791476fee590ef25,https://www.vinted.co.uk/items/8382129261,,2026-03-16T23:23:28.628121+00:00,Balenciaga Arena
vinted,8396162070,Balenciaga Arena High Top Trainers Black Leather – UK 6,74.99,GBP,Good,Balenciaga,6,eldarwby,,https://images1.vinted.net/t/01_01cd4_Ev2VPLJSU4CXfVCiaUNUfybQ/f800/1773532095.jpeg?s=04cd160fc2e942caa13734d2140ec4bd9869975b,https://www.vinted.co.uk/items/8396162070,,2026-03-16T23:23:28.628124+00:00,Balenciaga Arena
vinted,8393020387,Balenciaga arena holiday edition 2016. !Sole Damage!,50.0,GBP,Good,Balenciaga,10,dyl.sells,,https://images1.vinted.net/t/06_01c11_x1D394Q1bU22KD7E3TjCiV97/f800/1773504579.jpeg?s=2194795c5085361d64b9ad1d86bd688b68e517bf,https://www.vinted.co.uk/items/8393020387,,2026-03-16T23:23:28.628127+00:00,Balenciaga Arena
vinted,8392239782,Balenciaga Arena white low,129.99,GBP,Good,Balenciaga,10,dziubenkolada,,https://images1.vinted.net/t/05_0243a_QP6jCEimAu8zbhBFTgNCUp4H/f800/1773500767.jpeg?s=51b38229b06c3d87ed3f2d524f1164376b017c70,https://www.vinted.co.uk/items/8392239782,,2026-03-16T23:23:28.628130+00:00,Balenciaga Arena
vinted,8388659670,Balenciaga Arena Trainers,125.0,GBP,Good,Balenciaga,8,porchestores,,https://images1.vinted.net/t/06_01c04_fojCD4sFc8aEAY28jR92cdRG/f800/1773481877.jpeg?s=b13f732438b35280ea7b5268fc5dac73c8041456,https://www.vinted.co.uk/items/8388659670,,2026-03-16T23:23:28.628133+00:00,Balenciaga Arena
vinted,8388593622,Men’s balenciaga arena trainers size 10,99.0,GBP,Satisfactory,Balenciaga,10,shelevs,,https://images1.vinted.net/t/04_0108d_z3QTKgnjrg8V6V734hdi6PU7/f800/1773481474.jpeg?s=471017999e8787ff3ece96592d0c954d0b21d95f,https://www.vinted.co.uk/items/8388593622,,2026-03-16T23:23:28.628137+00:00,Balenciaga Arena
vinted,8387293178,"Balenciaga Arenas Low-Top Shoes (No Box, No laces)",75.0,GBP,Good,Balenciaga,6,blopydeals,,https://images1.vinted.net/t/05_0119c_vBvrcJBK5Q7tRKhNHwxNiway/f800/1773449022.jpeg?s=12f919552dc6bc9198ebc392aa4822083c2f9f89,https://www.vinted.co.uk/items/8387293178,,2026-03-16T23:23:28.628140+00:00,Balenciaga Arena
vinted,8386316545,Balenciaga Arena black high,199.99,GBP,Very good,Balenciaga,8,dziubenkolada,,https://images1.vinted.net/t/06_00e42_8vRaqzP4j4SRmhru7UbEYaGc/f800/1773432041.jpeg?s=aba7de660c4eda8afa1d33ab1942f2c0fef7f034,https://www.vinted.co.uk/items/8386316545,,2026-03-16T23:23:28.628143+00:00,Balenciaga Arena
vinted,8386286449,Balenciaga Arena gray high,179.99,GBP,Good,Balenciaga,8,dziubenkolada,,https://images1.vinted.net/t/06_004c7_Wp2dAXX1Hnmhdszem2T4zBBu/f800/1773431775.jpeg?s=a3a21f8dc75fe708fab8b2366f2128ad6ef81f14,https://www.vinted.co.uk/items/8386286449,,2026-03-16T23:23:28.628146+00:00,Balenciaga Arena
vinted,8371939070,Balenciaga Arena High Top Leather Trainers,110.0,GBP,Very good,Balenciaga,6,george.not.asda,,https://images1.vinted.net/t/04_01728_uKJnozFbKbTeyhBsXCpkNmqb/f800/1773261353.jpeg?s=f91338a4f0fe7bd5a414c877bad0400c65342a8f,https://www.vinted.co.uk/items/8371939070,,2026-03-16T23:23:28.628151+00:00,Balenciaga Arena
vinted,8378350014,Balenciaga Arena Low,100.0,GBP,Good,Balenciaga,3,raahilj,,https://images1.vinted.net/t/06_01763_XoaswqaPYosmtrJqJvN1QGUo/f800/1773339998.jpeg?s=229307a584464971f096e0b44c32744c559ab37c,https://www.vinted.co.uk/items/8378350014,,2026-03-16T23:23:28.628154+00:00,Balenciaga Arena
vinted,8363895785,Balenciaga Arena,250.0,GBP,Very good,Balenciaga,9.5,mrfelix808,,https://images1.vinted.net/t/03_00b1e_j2CswL2Ygb72eiBLZjEXa78w/f800/1773174318.jpeg?s=cebf4d36210e059f242d5629d839156593bbdeb9,https://www.vinted.co.uk/items/8363895785,,2026-03-16T23:23:28.628157+00:00,Balenciaga Arena
vinted,8272662607,Balenciaga Arena white high,199.99,GBP,Very good,Balenciaga,10,zhukivan,,https://images1.vinted.net/t/01_00be7_GMZiiQ7FBCGwroyQioRRfhRu/f800/1772200708.jpeg?s=dbcb28f9028e67a8c1046104c01d2e9a28b82400,https://www.vinted.co.uk/items/8272662607,,2026-03-16T23:23:28.628256+00:00,Balenciaga Arena
vinted,8415886769,Balenciaga Arena High Top Trainers,120.0,GBP,Good,Balenciaga,9,7000hooch,,https://images1.vinted.net/t/04_011e3_L4Y29VBqPjYe3b1j7995W7vb/f800/1773740148.jpeg?s=1e3a9402e51a89398f31048a071d57e1709e8aa5,https://www.vinted.co.uk/items/8415886769,,2026-03-17T13:45:35.836939+00:00,Balenciaga Arena
vinted,8405325091,Balenciaga arenas,185.0,GBP,Very good,Balenciaga,9,noah6373738,,https://images1.vinted.net/t/06_00e06_c1GjG9io3TgWFQSuzTcjMxEG/f800/1773602391.jpeg?s=94da5dca30dcb95539bf74a078e9f08849d372ad,https://www.vinted.co.uk/items/8405325091,,2026-03-17T13:45:35.836973+00:00,Balenciaga Arena
vinted,8403221332,Balenciaga Arena Burgundy EU 39 UK 6,110.0,GBP,Very good,Balenciaga,7,shdw.wzrd,,https://images1.vinted.net/t/05_022a5_uzx72tdUgzZ34jY8eHob6AKS/f800/1773592042.jpeg?s=70c0662262978005dceed0aa495e388ed4275cfe,https://www.vinted.co.uk/items/8403221332,,2026-03-17T13:45:35.836979+00:00,Balenciaga Arena
vinted,8399246128,Balenciaga arenas low top gray with silver hardware fits 7.5,85.0,GBP,Very good,Balenciaga,7.5,archiveisland,,https://images1.vinted.net/t/06_019eb_uzwgGwSuxSwbHbf8g3uuCbpi/f800/1773575317.jpeg?s=83ad1ece797f8721c5ce2a9901aee50ff68226ca,https://www.vinted.co.uk/items/8399246128,,2026-03-19T13:53:18.137456+00:00,Balenciaga Arena
vinted,8424436398,Balenciaga Arena Low Top,65.0,GBP,Very good,Balenciaga,5,isellcl0thes,,https://images1.vinted.net/t/06_002be_kUckVG7BLVH4ASTVfznfusrV/f800/1773832484.jpeg?s=000b90d7ae3a4d48daa9e3cc9c10dee5c1e240b6,https://www.vinted.co.uk/items/8424436398,,2026-03-19T13:53:18.137570+00:00,Balenciaga Arena
vinted,8420128357,Balenciaga Arenas EU43/UK9,130.0,GBP,Very good,Balenciaga,9,apparelfromceon,,https://images1.vinted.net/t/06_01a4a_vezeE2hbUYsvF3NyKqohWysT/f800/1773768324.jpeg?s=644cd972149133bee04a5f2800a32e85664f9d09,https://www.vinted.co.uk/items/8420128357,,2026-03-19T13:53:18.137583+00:00,Balenciaga Arena
vinted,8417859290,y2k 2000s balenciaga arena grey low trainers,92.0,GBP,Very good,Balenciaga,8,joeforbes,,https://images1.vinted.net/t/06_014b1_9RYeCAoPAYhanLjcj7cMrozm/f800/1773753910.jpeg?s=f9660ef789c826fcdbea88d576a32ead4fa15a98,https://www.vinted.co.uk/items/8417859290,,2026-03-19T13:53:18.137589+00:00,Balenciaga Arena
vinted,8429586182,Balenciaga Arena Leather Trainers Size 36,280.0,GBP,Very good,Balenciaga,3,sk1924,,https://images1.vinted.net/t/05_00102_kk3BYKa5yQFM6Ue9cpw5En6K/f800/1773869429.jpeg?s=f38d0249e44021f4aa86ec0bf8bb5e7676f28cb1,https://www.vinted.co.uk/items/8429586182,,2026-03-19T13:53:18.137594+00:00,Balenciaga Arena
vinted,8417165326,Balenciaga arena,50.0,GBP,Very good,Balenciaga,6,jadehopexx,,https://images1.vinted.net/t/06_01939_jwzdcxd3XGLRxQKb3r8SwD7K/f800/1773749204.jpeg?s=d647e75b4360c7e599b70b3f0acd54e5b621df9f,https://www.vinted.co.uk/items/8417165326,,2026-03-19T13:53:18.137601+00:00,Balenciaga Arena
vinted,8411655262,Balenciaga arena,90.0,GBP,Very good,Balenciaga,7,artem926,,https://images1.vinted.net/t/06_020be_XnaCbvuxioL27nFe7iqduxMS/f800/1773677964.jpeg?s=9d3bd10dc89d639302ffe420306c76a6731f2ae6,https://www.vinted.co.uk/items/8411655262,,2026-03-19T13:53:18.137606+00:00,Balenciaga Arena
vinted,8409695762,Balenciaga Arena High-Top Sneakers – Off White – Designer,130.0,GBP,Very good,Balenciaga,6,star_archive,,https://images1.vinted.net/t/05_00ceb_Xv6awxG1tGBbEfdHyRnEtMXM/f800/1773666272.jpeg?s=63fcd83d673ea0cf5aa8342e3ba7c5f03fb158d8,https://www.vinted.co.uk/items/8409695762,,2026-03-19T13:53:18.137610+00:00,Balenciaga Arena
vinted,8458138908,Black Balenciaga Arenas,100.0,GBP,Satisfactory,Balenciaga,6,georginaxbibby,,https://images1.vinted.net/t/06_01355_BpZsJ5Ea48QprbHprnvWUJQL/f800/1774192955.jpeg?s=961ecc3ef3eb1b03e0b51d3bad533aa7b1777068,https://www.vinted.co.uk/items/8458138908,,2026-03-22T16:43:08.519677+00:00,Balenciaga Arena
vinted,8451917257,Balenciaga Arena Ballet Pumps,280.0,GBP,New without tags,Balenciaga,6,birkin_1,,https://images1.vinted.net/t/05_00347_pv5v1NaGzrTdCeGA1nu8pPaH/f800/1774187700.jpeg?s=6d1de5d20849a40daf485f2db35c3a2b25a04d00,https://www.vinted.co.uk/items/8451917257,,2026-03-22T16:43:08.519708+00:00,Balenciaga Arena
vinted,8443728575,Black Balenciaga Arenas Size 44 EU,250.0,GBP,Very good,Balenciaga,9.5,robsty1e,,https://images1.vinted.net/t/04_00665_mhr8CQxakEvmsRZNsMuJTHTU/f800/1774045690.jpeg?s=9fe9a0da066a728068c87d26f2e7466b596ea622,https://www.vinted.co.uk/items/8443728575,,2026-03-22T16:43:08.519717+00:00,Balenciaga Arena
vinted,8446449206,Balenciaga arena,90.0,GBP,New without tags,Balenciaga,7,yakiv_shop4310,,https://images1.vinted.net/t/03_00b50_gCuy9Vt9GFCSpNBgE9tWVq4k/f800/1774093582.jpeg?s=b7243804a0e780a30494665c9cb78e3ec3701207,https://www.vinted.co.uk/items/8446449206,,2026-03-22T16:43:08.519721+00:00,Balenciaga Arena
vinted,8435952027,Balenciaga Men’s Arena Trainers Size 41,120.0,GBP,Very good,Balenciaga,7,nonnons1,,https://images1.vinted.net/t/06_011a1_ra6Fb7cgSBsSx8EoMsMQq3E1/f800/1773949124.jpeg?s=bb9dec2403b9fd15d8a4b1cab07c702307ca1a9a,https://www.vinted.co.uk/items/8435952027,,2026-03-22T16:43:08.519724+00:00,Balenciaga Arena
vinted,8414502596,Balenciaga Arena Metallic Blue,170.0,GBP,Very good,Balenciaga,10,betterthanmostvntage,,https://images1.vinted.net/t/04_0071a_ufZh6TebeEftUmag88VD9zuP/f800/1773698109.jpeg?s=7c40aed206b02979474add7ea3b4b9a53ea6cf7c,https://www.vinted.co.uk/items/8414502596,,2026-03-22T16:43:08.519734+00:00,Balenciaga Arena
vinted,8436772901,Balenciaga Arena Low,100.0,GBP,Very good,Balenciaga,8.5,z-lp-1800,,https://images1.vinted.net/t/05_01474_GMrZPzyTh7VeADLeEcSe9wyN/f800/1773957639.jpeg?s=8a777f337c2d84257eb6e8947ea189f1e6ba915f,https://www.vinted.co.uk/items/8436772901,,2026-03-22T16:43:08.519741+00:00,Balenciaga Arena
vinted,8470217264,Balenciaga Hi Top Arena Rubber Leather - Black - size 42,200.0,GBP,Very good,Balenciaga,8,leekw808,,https://images1.vinted.net/t/01_01bed_P16Dh7GMnoGoeaQQmq1VvP7C/f800/1774303096.jpeg?s=65d7a95be22dda4fadb89e3a33d202a6837e72f8,https://www.vinted.co.uk/items/8470217264,,2026-03-25T13:49:25.079488+00:00,Balenciaga Arena
vinted,8470195310,Balenciaga Arena Low Top Sneakers Beige Leather EU 44,160.0,GBP,Very good,Balenciaga,10.5,leekw808,,https://images1.vinted.net/t/01_00569_gcYN48WNzHDMYWKzWbwsyWA8/f800/1774302791.jpeg?s=3829156b584751e1b7a1e649ecb99fd47c0e47ba,https://www.vinted.co.uk/items/8470195310,,2026-03-25T13:49:25.079516+00:00,Balenciaga Arena
vinted,8467886427,Black Balenciaga Arenas,120.0,GBP,Very good,Balenciaga,10,maximusth3rd,,https://images1.vinted.net/t/04_00a75_vmSGymNyzXtEUqBcwRDf2soU/f800/1774285682.jpeg?s=2713776aefb498500e91328b531d0ec189d49cf7,https://www.vinted.co.uk/items/8467886427,,2026-03-25T13:49:25.079522+00:00,Balenciaga Arena
vinted,8476148188,Balenciaga Arena Ombré High Red,220.0,GBP,Good,Balenciaga,9,pexus28,,https://images1.vinted.net/t/06_005c5_etTruEaEJ3swpAZ4xUZqycRt/f800/1774375421.jpeg?s=979231b85510efb8579837358528bc977c4fc79e,https://www.vinted.co.uk/items/8476148188,,2026-03-25T13:49:25.079526+00:00,Balenciaga Arena
vinted,8474751863,Balenciaga Arena Lows,35.0,GBP,Satisfactory,Balenciaga,9,adidasoldier,,https://images1.vinted.net/t/03_0244e_jSf84ZjJiS3gbE6cAvTuqTu5/f800/1774366488.jpeg?s=4743320262bebc6b47d5a1340fb1237682bbb6f2,https://www.vinted.co.uk/items/8474751863,,2026-03-25T13:49:25.079529+00:00,Balenciaga Arena
vinted,8473267179,Balenciaga arenas eu size 37,120.0,GBP,Very good,Balenciaga,4,hehehdjj,,https://images1.vinted.net/t/05_00fc3_5KoP2je9a7amxra36yjMaVtN/f800/1774356797.jpeg?s=1069d1331c95794036b2f16daaaff46104b00852,https://www.vinted.co.uk/items/8473267179,,2026-03-25T13:49:25.079533+00:00,Balenciaga Arena
vinted,8474160925,Balenciaga Arena silver derby,160.0,GBP,Very good,Balenciaga,6,birkin_1,,https://images1.vinted.net/t/01_01e89_gBrkKozNhjx5aCDiLtHGZE1p/f800/1774362669.jpeg?s=825e716c37548d11890f95f443436845ef736bfe,https://www.vinted.co.uk/items/8474160925,,2026-03-25T13:49:25.079536+00:00,Balenciaga Arena
vinted,8473048433,Balenciaga arenas,60.0,GBP,Good,Balenciaga,8.5,joel7984,,https://images1.vinted.net/t/06_00415_s4Cn7L8NdeUuwswjkXcTCwQg/f800/1774355311.jpeg?s=73b16adf4199762b4767c5dc938338f59b71bd78,https://www.vinted.co.uk/items/8473048433,,2026-03-25T13:49:25.079539+00:00,Balenciaga Arena
vinted,8472836289,Balenciaga Arena Trainers,150.0,GBP,Good,Balenciaga,10,porchestores,,https://images1.vinted.net/t/05_00c04_RWxgZa7g8oqNJpCWqT3tKrmE/f800/1774353841.jpeg?s=3f16f633646c94685c6a1ca0d19451655307e058,https://www.vinted.co.uk/items/8472836289,,2026-03-25T13:49:25.079542+00:00,Balenciaga Arena
vinted,8463259372,Balenciaga Arenas,160.0,GBP,Very good,Balenciaga,10.5,tolgagu,,https://images1.vinted.net/t/05_023c3_fDCd1V2ShJ98jUhVUFBn23g4/f800/1774254445.jpeg?s=d48d95b3e1eded585d3a18c4e12a80287b1233d0,https://www.vinted.co.uk/items/8463259372,,2026-03-25T13:49:25.079545+00:00,Balenciaga Arena
vinted,8468945317,Balenciaga Arenas Black White,144.0,GBP,Good,Balenciaga,9,solesctr,,https://images1.vinted.net/t/04_00534_UsMQHVa6GYKfXPXSPncrzgT6/f800/1774292462.jpeg?s=9be2ccff2511c6390c6c02b03057a24769a13a42,https://www.vinted.co.uk/items/8468945317,,2026-03-25T13:49:25.079548+00:00,Balenciaga Arena
vinted,8460657537,Balenciaga Arena,59.0,GBP,Very good,Balenciaga,4,y4klt,,https://images1.vinted.net/t/03_0257e_YpeBB8Jd5RsjYYuhkX8vquYe/f800/1774203977.jpeg?s=8fe49364c4e1d45d5a33a514183bb9be76756fcd,https://www.vinted.co.uk/items/8460657537,,2026-03-25T13:49:25.079550+00:00,Balenciaga Arena
vinted,8469391376,Balenciaga arena white,135.0,GBP,Good,Balenciaga,8,hugob7712,,https://images1.vinted.net/t/06_023f4_jLErPgWunSF9gG6FVWrD6Dd7/f800/1774295620.jpeg?s=ff78cae63ced430f0f0f4d9f56b8f200a042b541,https://www.vinted.co.uk/items/8469391376,,2026-03-25T13:49:25.079553+00:00,Balenciaga Arena
vinted,8462685479,Balenciaga Arena Panel High Tops,120.0,GBP,Good,Balenciaga,8.5,994.0207,,https://images1.vinted.net/t/05_0135e_3ZzCGANe17m3m6cbLw5WetVY/f800/1774226165.jpeg?s=648b43fbfda1ff96d9046303731bfe7bbd994065,https://www.vinted.co.uk/items/8462685479,,2026-03-25T13:49:25.079556+00:00,Balenciaga Arena
vinted,8466522760,Carbon White Balenciaga Arenas (Spain Batch),100.0,GBP,Good,Balenciaga,11,lustkillslove,,https://images1.vinted.net/t/01_000c3_ZgYDYP3Xiqh1j9Pr9RjFNvai/f800/1774277390.jpeg?s=5754120a259633ffc9df886035706fd53eef3059,https://www.vinted.co.uk/items/8466522760,,2026-03-25T13:49:25.079559+00:00,Balenciaga Arena
vinted,8462227835,Balenciga arena,10.0,GBP,Satisfactory,Balenciaga,9,arrj,,https://images1.vinted.net/t/06_0115f_zbqWpH1YM4rcYYanoYoBVE1j/f800/1774214791.jpeg?s=e0b6d4dd5c412c4855ef5dc6bed4ec5beb3c7fc5,https://www.vinted.co.uk/items/8462227835,,2026-03-25T13:49:25.079562+00:00,Balenciaga Arena
vinted,8450551468,Balenciaga ladies arena trainers size 36,80.0,GBP,Very good,Balenciaga,3,daniberry766,,https://images1.vinted.net/t/06_01b6a_J6ctW1xvoWcoeEtyvsEBUyFD/f800/1774116991.jpeg?s=fe3c23a11f5841edb531c3d7093b4fc42e20902c,https://www.vinted.co.uk/items/8450551468,,2026-03-25T13:49:25.079565+00:00,Balenciaga Arena
vinted,8459842600,Balenciaga Arena,70.0,GBP,Satisfactory,Balenciaga,8,maxcarson21,,https://images1.vinted.net/t/05_00109_K5XN4RUi8b8anEEg6aGGYDEY/f800/1774200063.jpeg?s=f5d1eecc8e4188579d9177bfe70b45115e02d2b3,https://www.vinted.co.uk/items/8459842600,,2026-03-25T13:49:25.079568+00:00,Balenciaga Arena
vinted,8451814545,Balenciaga Arena Trainers,125.0,GBP,Very good,Balenciaga,8,porchestores,,https://images1.vinted.net/t/06_010ab_SewNEzzzLL3gjWHXJrWsxUc5/f800/1774128504.jpeg?s=ecf0468daf7a5e0aa967213a50275106dfe9bcbe,https://www.vinted.co.uk/items/8451814545,,2026-03-26T00:44:08.698258+00:00,Balenciaga Arena
vinted,8485103940,Balenciaga Grey Suade Arenas,100.0,GBP,Good,Balenciaga,8,needfits,,https://images1.vinted.net/t/06_0215f_x2ZdFKMmSwKvKJQ4MxDK6CQo/f800/1774475511.jpeg?s=1c33789e7b4bbba625ab2a9dc54531bde87a111d,https://www.vinted.co.uk/items/8485103940,,2026-03-26T00:44:08.698287+00:00,Balenciaga Arena
vinted,8482557937,Balenciaga Arena leather high trainers,300.0,GBP,Very good,Balenciaga,7.5,ddd222did,,https://images1.vinted.net/t/06_0238e_qn9WacJNXZVzzHeAXVJihx82/f800/1774452421.jpeg?s=af59fba480ff39cc7cc0c0bb4a4037cbb10a2382,https://www.vinted.co.uk/items/8482557937,,2026-03-26T00:44:08.698294+00:00,Balenciaga Arena
vinted,8482820332,Balenciaga Arena mens leather lace up shoes,475.0,GBP,New without tags,Balenciaga,7,birkin_1,,https://images1.vinted.net/t/05_004ce_MqctFasdp94sS5oBAgdYtZJU/f800/1774453935.jpeg?s=ba24a5ea4e314694be6ec795dfc11f2a798d2dc7,https://www.vinted.co.uk/items/8482820332,,2026-03-26T00:44:08.698298+00:00,Balenciaga Arena
vinted,8716763791,Balenciaga red arenas,85.0,GBP,Good,Balenciaga,9,ghapzy,,https://images1.vinted.net/t/05_0030f_stsDxYyDYNKEW1vNbZ713ZVp/f800/1776801514.jpeg?s=e01b1e7ae5e39740ee66717382c34cd1cd652d42,https://www.vinted.co.uk/items/8716763791,,2026-04-22T13:36:20.232157+00:00,Balenciaga Arena
vinted,8716728374,Balenciaga Arena High Men's Size UK39,189.0,GBP,Very good,Balenciaga,6,pawelhanek,,https://images1.vinted.net/t/06_02521_hhbFW31BuLvi2kzCkzbHEZsA/f800/1776801239.jpeg?s=d43ba6c2fdfbcb6cd512cb627fbe9741dc4904eb,https://www.vinted.co.uk/items/8716728374,,2026-04-22T13:36:20.232164+00:00,Balenciaga Arena
vinted,8695138080,Blue Balenciaga Arena High Top Trainers,120.0,GBP,Good,Balenciaga,9,eddiesarchivee,,https://images1.vinted.net/t/05_00fd6_ayRxDTe6qUdfTctohk6HVU2V/f800/1776610382.jpeg?s=36de60fa2e733034298e9c4dfdde0fd86e088c62,https://www.vinted.co.uk/items/8695138080,,2026-04-22T13:36:20.232168+00:00,Balenciaga Arena
vinted,8712618934,"Balenciaga Arena D Ring Mid-Top Trainers, Red Lambskin Leather. Size 9. Good condition",190.0,GBP,Very good,Balenciaga,9,connorjordan5165,,https://images1.vinted.net/t/05_02275_NXLMCDaJsHcEdJReLXquScEK/f800/1776776879.jpeg?s=4858953bd6953ed52517e807d4093c81106e3ed0,https://www.vinted.co.uk/items/8712618934,,2026-04-22T13:36:20.232171+00:00,Balenciaga Arena
vinted,8709652992,Balenciaga Arena • Size UK 6 Fits 8,94.0,GBP,Very good,Balenciaga,8,kai.chagger,,https://images1.vinted.net/t/05_002aa_ApMbLTs8fmN9B1eUsfiDpxg2/f800/1776799733.jpeg?s=414275d8c77671827536c3c8fab18e8ad1832f53,https://www.vinted.co.uk/items/8709652992,,2026-04-22T13:36:20.232174+00:00,Balenciaga Arena
vinted,8707412565,Balenciaga Arena Low Black Size 7,220.0,GBP,Very good,Balenciaga,7,nwotwo,,https://images1.vinted.net/t/05_0036a_4rqdQ3gSfMEcm8tYyAP8ifoB/f800/1776708872.jpeg?s=0c09d49c5df2877ef53dc52591dbb1c7339d1f68,https://www.vinted.co.uk/items/8707412565,,2026-04-22T13:36:20.232177+00:00,Balenciaga Arena
vinted,8708027727,Balenciaga arena holiday edition 2016. !Sole Damage!,50.0,GBP,Good,Balenciaga,10,dyl.sells,,https://images1.vinted.net/t/06_01c11_x1D394Q1bU22KD7E3TjCiV97/f800/1776712691.jpeg?s=e9383a07f98fc963416f4511c3d00a2c3a7f0ad8,https://www.vinted.co.uk/items/8708027727,,2026-04-22T13:36:20.232180+00:00,Balenciaga Arena
vinted,8707603404,Balenciaga arena,50.0,GBP,Good,Balenciaga,5,amy232025,,https://images1.vinted.net/t/05_01519_bLDQ5Yzb27UsFY91Se4QST3N/f800/1776710006.jpeg?s=24358f841510da506d712a3bfaf160ff3084eff2,https://www.vinted.co.uk/items/8707603404,,2026-04-22T13:36:20.232183+00:00,Balenciaga Arena
vinted,8705241289,Balenciaga Arena Men’s Trainers (Smart) Black,140.0,GBP,Satisfactory,Balenciaga,8,sjchaggar,,https://images1.vinted.net/t/05_001b8_UXJUg6f1pK5PJ9qmXknp29uK/f800/1776697059.jpeg?s=8bb31c5f0edc3e2b038c306471674f2615077682,https://www.vinted.co.uk/items/8705241289,,2026-04-22T13:36:20.232186+00:00,Balenciaga Arena
vinted,8704837172,Balenciaga arena Lo top trainers,85.0,GBP,Satisfactory,Balenciaga,6,darcieww,,https://images1.vinted.net/t/06_01abc_kt6AdDpbjynWbwpyz29o4F2s/f800/1776847485.jpeg?s=58151e29c85a17717c50d9cc60651c10da63cbd0,https://www.vinted.co.uk/items/8704837172,,2026-04-22T13:36:20.232189+00:00,Balenciaga Arena
vinted,8704513131,Balenciaga size 3 leather black with gold trainers arena,90.0,GBP,Very good,Balenciaga,3,georginaaam,,https://images1.vinted.net/t/06_01523_WPTrxJ8xi2NWk9RHpk8tcW2e/f800/1776693058.jpeg?s=8beb6c105a1ac318ab6ccd5c93daca788ee558e7,https://www.vinted.co.uk/items/8704513131,,2026-04-22T13:36:20.232192+00:00,Balenciaga Arena
vinted,8704281323,Balenciaga Arena Light blue,100.0,GBP,Very good,Balenciaga,2.5,lilianaezra22,,https://images1.vinted.net/t/04_01cdb_DGiR8Yu7KixjacdtpoAQcoMY/f800/1776691602.jpeg?s=fc11b567fd7cb234611587fc95ef549872d9fe0e,https://www.vinted.co.uk/items/8704281323,,2026-04-22T13:36:20.232195+00:00,Balenciaga Arena
vinted,8699530925,Balenciaga Arena,90.0,GBP,Very good,Balenciaga,9,dendus56,,https://images1.vinted.net/t/05_01665_VVZMeRZH1vDpDVrcJwLrbCZM/f800/1776627776.jpeg?s=e25426ce52372384427b41b39dfce3cbaca07519,https://www.vinted.co.uk/items/8699530925,,2026-04-22T13:36:20.232198+00:00,Balenciaga Arena
vinted,8661301990,Balenciaga arena leather dark green white high top trainers shoes,195.0,GBP,Very good,Balenciaga,10,rostykss,,https://images1.vinted.net/t/05_01031_3WpZM4ePvF23zWpHCNhkyQ1o/f800/1776267219.jpeg?s=93b3ea7f3954b4fcb6ea667ec986bc9f0332a776,https://www.vinted.co.uk/items/8661301990,,2026-04-22T13:36:20.232201+00:00,Balenciaga Arena
vinted,8695778150,Balenciaga Blue Leather Arena High Sneakers Size 43,125.0,GBP,Good,Balenciaga,10,tombo50,,https://images1.vinted.net/t/04_0044c_p2qKY3skNBC3dp1hKLkf7fx6/f800/1776611294.jpeg?s=ede10afb9990fbd22d6fb69783c878e2bf1447af,https://www.vinted.co.uk/items/8695778150,,2026-04-22T13:36:20.232204+00:00,Balenciaga Arena
vinted,8685814131,Balenciaga arenas,40.0,GBP,Very good,Balenciaga,2,yanbam,,https://images1.vinted.net/t/01_008b3_j9i8UN4qsezYoCdSjn626yNd/f800/1776585777.jpeg?s=31e6497f0271f93119f765242edeca9caab6636a,https://www.vinted.co.uk/items/8685814131,,2026-04-22T13:36:20.232213+00:00,Balenciaga Arena
vinted,8681582429,Red Balenciaga Arenas,70.0,GBP,Good,Balenciaga,11,whist01,,https://images1.vinted.net/t/05_019a2_kutSmcPGwcFSTXw1RJB6Yaod/f800/1776502364.jpeg?s=87462957dac7894ca674043141bd7dfa1dec7d02,https://www.vinted.co.uk/items/8681582429,,2026-04-22T13:36:20.232219+00:00,Balenciaga Arena
vinted,8679859217,Balenciaga Arena Low top Casual sneaker White,75.0,GBP,Good,Balenciaga,6,neilaldrxn0,,https://images1.vinted.net/t/05_026ef_nvoRAje6cjPDY4uaALCvesX4/f800/1776458597.jpeg?s=7c62b63d46b7372e214dea239a44a6ded2412741,https://www.vinted.co.uk/items/8679859217,,2026-04-22T13:36:20.232224+00:00,Balenciaga Arena
vinted,8646268228,Rare Balenciaga high tops blue arena colourblock,150.0,GBP,Very good,Balenciaga,11,s.s.d,,https://images1.vinted.net/t/01_014c2_CDAuYxRnPX6jzC7g9TEB8Zd3/f800/1776104921.jpeg?s=6f5e362f9112ee01d2762017cd13ef9af36a4d1a,https://www.vinted.co.uk/items/8646268228,,2026-04-22T13:36:20.232227+00:00,Balenciaga Arena
vinted,8675673379,Balenciaga arena sandals,175.0,GBP,New without tags,Balenciaga,4,closetjules4u,,https://images1.vinted.net/t/06_00910_TjbDBDuTCFepNmwde5BUH3Qb/f800/1776429180.jpeg?s=92d8ef8e1261116eba0f03ef9324670b77f819b9,https://www.vinted.co.uk/items/8675673379,,2026-04-22T13:36:20.232230+00:00,Balenciaga Arena
vinted,8670428248,Balenciaga archive arena Black snakeskin 2017,265.0,GBP,Very good,Balenciaga,8,boblyons,,https://images1.vinted.net/t/06_0179c_MXjWGMR1q5BA4KCBevyoZ4eC/f800/1776411713.jpeg?s=e4a24c0c07369b3840905abdde479c01555ecb54,https://www.vinted.co.uk/items/8670428248,,2026-04-22T13:36:20.232233+00:00,Balenciaga Arena
vinted,8671090740,Balenciaga Black Arena Ballet flats,200.0,GBP,Very good,Balenciaga,5,darceycurran,,https://images1.vinted.net/t/05_00215_LA5WoVjWMsBDnhakos8TBbSV/f800/1776363534.jpeg?s=4d291e934a101074bf73e6b8f4a5af9f0e1b16e5,https://www.vinted.co.uk/items/8671090740,,2026-04-22T13:36:20.232236+00:00,Balenciaga Arena
vinted,8670858419,Balenciaga arena low,90.0,GBP,Good,Balenciaga,7,camtay7,,https://images1.vinted.net/t/05_025f0_qfDrb2UdyeevxJDa4mNe9MCN/f800/1776362034.jpeg?s=a528fc54c42d74de2dff8bc339e894391bc019e4,https://www.vinted.co.uk/items/8670858419,,2026-04-22T13:36:20.232239+00:00,Balenciaga Arena
vinted,8670285484,Black low top Belenciaga Arenas,70.0,GBP,Good,Balenciaga,10,n.howell,,https://images1.vinted.net/t/01_0237d_CCdN9k24B4kbaR3Qqprpudpq/f800/1776635136.jpeg?s=4fd78882fcf5ef7734487039c9efacf6aeb436d8,https://www.vinted.co.uk/items/8670285484,,2026-04-22T13:36:20.232242+00:00,Balenciaga Arena
vinted,8668990757,Balenciaga Arena black leather low top trainers size 40,100.0,GBP,Very good,Balenciaga,7,mumsbhoys,,https://images1.vinted.net/t/06_01677_tgR2MugLjeaY8QAnYbXyWdVt/f800/1776350705.jpeg?s=02d794bdb194bda27a57489ef9edb44d9bc7c06a,https://www.vinted.co.uk/items/8668990757,,2026-04-22T13:36:20.232244+00:00,Balenciaga Arena
vinted,8669093900,Balenciaga Arena black,160.0,GBP,Very good,Balenciaga,7,jordantig,,https://images1.vinted.net/t/06_015d7_12zuAYtj6TLQPCg9LkSQm7b4/f800/1776351347.jpeg?s=5c144f7d6bd3628dc5b8566846a4908c997daa27,https://www.vinted.co.uk/items/8669093900,,2026-04-22T13:36:20.232247+00:00,Balenciaga Arena
vinted,8641033217,Balenciaga Arena Navy Blue Size 11,45.0,GBP,Satisfactory,Balenciaga,11,5eva9nn,,https://images1.vinted.net/t/05_01ace_wtKz2FJqZxYA7D9NUyGywWiS/f800/1776075734.jpeg?s=6b446751088c3624461afb9495320b58da0b326b,https://www.vinted.co.uk/items/8641033217,,2026-04-22T13:36:20.232253+00:00,Balenciaga Arena
vinted,8622617335,Balenciaga Arena high gray,179.99,GBP,Very good,Balenciaga,8,dziubenkolada,,https://images1.vinted.net/t/05_011ba_NYUswbDd4u6texnyGXxvHCM5/f800/1775916275.jpeg?s=a3ff796912d64ec3d20d31e5174dd60fd7a0bc55,https://www.vinted.co.uk/items/8622617335,,2026-04-22T13:36:20.232256+00:00,Balenciaga Arena
vinted,8656107064,Balenciaga arena low top sneakers white leather geometric embossed,65.0,GBP,Satisfactory,Balenciaga,7,balletchicxx,,https://images1.vinted.net/t/05_00af1_NsrCFzc6FkUv8Ey5rfm3NH5p/f800/1776203601.jpeg?s=213efd8a1182adecffe71d60171ec15a140041e8,https://www.vinted.co.uk/items/8656107064,,2026-04-22T13:36:20.232258+00:00,Balenciaga Arena
vinted,8614004969,Authentic Balenciaga Arena High-Top Sneakers - Black Lambskin - Size 41,105.0,GBP,Very good,Balenciaga,7,cosminar76,,https://images1.vinted.net/t/05_0237b_RRitnhwzo2BJyTHyuA62rW3K/f800/1776366587.jpeg?s=f555d4085cfcf779a7855fc92b969004a29e4b28,https://www.vinted.co.uk/items/8614004969,,2026-04-22T13:36:20.232264+00:00,Balenciaga Arena
vinted,8648410238,Balenciaga Arena shoes/trainers size 3,100.0,GBP,Very good,Balenciaga,3,louisdeans96,,https://images1.vinted.net/t/06_023e8_jMb4piksBdagD4yvb99PEzBe/f800/1776150850.jpeg?s=ae4f74c9628edc0bdf55eac00bac906c83bd94fd,https://www.vinted.co.uk/items/8648410238,,2026-04-22T13:36:20.232267+00:00,Balenciaga Arena
vinted,8644131265,Balenciaga Leather Arena Double Wrap Bracelet,120.0,GBP,Very good,Balenciaga,,tanleigh26,,https://images1.vinted.net/t/01_0258e_HspWft65bQRdsPGiDLogbacJ/f800/1776093673.jpeg?s=6edd9b4db59d98a36d8f394e6ede56a52b5e5525,https://www.vinted.co.uk/items/8644131265,,2026-04-22T13:36:20.232270+00:00,Balenciaga Arena
vinted,8643492867,Balenciaga Arena shoes trainers size 3,70.0,GBP,Very good,Balenciaga,3,louisdeans96,,https://images1.vinted.net/t/05_0100d_WhycFx4g9UCS4hnHEsu671Pi/f800/1776090282.jpeg?s=6b5ecd3cd39eb566b822e6db711d4bc3c3f16d64,https://www.vinted.co.uk/items/8643492867,,2026-04-22T13:36:20.232273+00:00,Balenciaga Arena
vinted,8640296461,white balenciaga arena,90.0,GBP,Good,Balenciaga,8,clein337376566,,https://images1.vinted.net/t/05_01065_EduMYxwTZtMvheNGwf43KnBc/f800/1776070979.jpeg?s=43ac29a6b596509cc88f19a52e7ef0c9000b0085,https://www.vinted.co.uk/items/8640296461,,2026-04-22T13:36:20.232275+00:00,Balenciaga Arena
vinted,8639361578,Balenciaga Le City Bag Small Dark Burgundy Arena Lambskin Brass Hardware Handbag with Strap,1100.0,GBP,Very good,Balenciaga,,linhphuonglala,,https://images1.vinted.net/t/03_00140_1goUnqmWjZty2UjhuvY7oeSb/f800/1776060354.jpeg?s=eee9b3e1db47072e5b01b588a0162b8f70085022,https://www.vinted.co.uk/items/8639361578,,2026-04-22T13:36:20.232278+00:00,Balenciaga Arena
vinted,8632834836,Balenciaga Arena Black,130.0,GBP,Very good,Balenciaga,8,jckickzz,,https://images1.vinted.net/t/05_0225a_ccqvjNR6z68BK5vFDF1ZbHHF/f800/1776001682.jpeg?s=9931f5b97511db73c5aac0993d764ed4a8d5974a,https://www.vinted.co.uk/items/8632834836,,2026-04-22T13:36:20.232281+00:00,Balenciaga Arena
vinted,8636084050,Balenciaga Sneaker Pelle S. Gomm Arena,350.0,GBP,New without tags,Balenciaga,9,semaj1985,,https://images1.vinted.net/t/06_015a6_zgBtwzLSB3X1fvb4AJdjHuG6/f800/1776013077.jpeg?s=d0d384d2ab6f58826759efe34701544d6184c3ce,https://www.vinted.co.uk/items/8636084050,,2026-04-22T13:36:20.232284+00:00,Balenciaga Arena
vinted,8632007085,Balenciaga Arena Low Dark Green,150.0,GBP,Very good,Balenciaga,8,palaciology,,https://images1.vinted.net/t/01_013af_wUhRDnqna5YrUJaLcmH15uCv/f800/1775998655.jpeg?s=258f5389aba591f662c846e2cc6a21bb7f9ac942,https://www.vinted.co.uk/items/8632007085,,2026-04-22T13:36:20.232286+00:00,Balenciaga Arena
vinted,8628926678,Men’s Balenciaga Arena,138.0,GBP,Satisfactory,Balenciaga,8,islandskipper,,https://images1.vinted.net/t/01_002a4_NzrEc1yNe4PyzDNsAszYhhSY/f800/1775986070.jpeg?s=a21bce9194689fea6bd50361ff470fa13f3c35c7,https://www.vinted.co.uk/items/8628926678,,2026-04-22T13:36:20.232289+00:00,Balenciaga Arena
vinted,8624010827,Balenciaga Arena Lows UK7,200.0,GBP,Very good,Balenciaga,7,sellerno01,,https://images1.vinted.net/t/06_004e4_fBwXrckGWQViGRdw9qaTyFym/f800/1775922864.jpeg?s=71b9a12f5650ef7b8533b2cd1a1701ed82214ff3,https://www.vinted.co.uk/items/8624010827,,2026-04-22T13:36:20.232292+00:00,Balenciaga Arena
vinted,8623193695,Balenciaga High Top Arenas,140.0,GBP,Very good,Balenciaga,9,differencesoutcasted,,https://images1.vinted.net/t/05_005e2_5yBW3FTwVdXoyBKJWannCcfm/f800/1776616026.jpeg?s=c92555975db728dceca63f76181b77abf0c1a389,https://www.vinted.co.uk/items/8623193695,,2026-04-22T13:36:20.232295+00:00,Balenciaga Arena
vinted,8626224827,Balenciaga Arena High “D Ring” sneakers in black leather 6-7,120.0,GBP,Good,Balenciaga,7,rfi1980,,https://images1.vinted.net/t/05_0123a_KXpUu42vMVn3BkW9oubLRAC6/f800/1775936006.jpeg?s=9e8e801b8e642d157d6449b56ab79b4628a1ee76,https://www.vinted.co.uk/items/8626224827,,2026-04-22T13:36:20.232298+00:00,Balenciaga Arena
vinted,8624541674,Genuine Balenciaga Arena High Top Sneakers | Size EU 40 (UK 6/7) | Red Leather,120.0,GBP,Good,Balenciaga,7,a1authentics,,https://images1.vinted.net/t/05_00937_EMdxbnHhFJCCh4wZezEoYk7X/f800/1775925469.jpeg?s=c7db3050a5ccb0f54f5a5ebebeeaa28e9c4c0c31,https://www.vinted.co.uk/items/8624541674,,2026-04-22T13:36:20.232301+00:00,Balenciaga Arena
vinted,8621558741,Balenciaga Arena red low,199.99,GBP,Good,Balenciaga,10,dziubenkolada,,https://images1.vinted.net/t/04_002a4_mLE6Zznaybj13XuRvLVjCvj4/f800/1775911208.jpeg?s=2c2e14eb5483c6bcbfdc1505f2a74ed8aa40dbde,https://www.vinted.co.uk/items/8621558741,,2026-04-22T13:36:20.232303+00:00,Balenciaga Arena
vinted,8621247644,Balenciaga Arena Style Black Leather High Top Trainers UK 7,125.0,GBP,Very good,Balenciaga,7,cosminar76,,https://images1.vinted.net/t/04_026ed_1vJMkHxYhKvZWVaCJTPwLTp9/f800/1775909655.jpeg?s=061ab9fba724cffd1cabee1a7013e4361cfff030,https://www.vinted.co.uk/items/8621247644,,2026-04-22T13:36:20.232318+00:00,Balenciaga Arena
vinted,8587777910,Arenas,65.0,GBP,Very good,Balenciaga,11.5,samsawyer444,,https://images1.vinted.net/t/01_009e4_W3q5MEwRcAcnh477ZdT6KojC/f800/1775560050.jpeg?s=d540c38da54b718c7b0032e94238fc2669fd612a,https://www.vinted.co.uk/items/8587777910,,2026-04-22T13:36:20.232321+00:00,Balenciaga Arena
vinted,8609506989,Balenciaga arenas,60.0,GBP,Very good,Balenciaga,8,noah_4469,,https://images1.vinted.net/t/05_0205c_41FM5Qu2ihxUhC39SHaftWFG/f800/1776810570.jpeg?s=a96e83d3a4c7ab1fc243bff3b8b1c870df1b4ee9,https://www.vinted.co.uk/items/8609506989,,2026-04-22T13:36:20.232327+00:00,Balenciaga Arena
vinted,8609441937,Balenciaga arena,60.0,GBP,Good,Balenciaga,6,bethanylouisesmith,,https://images1.vinted.net/t/06_00767_N5XS2XNiqoV31nxiSqEwBTcL/f800/1775768298.jpeg?s=d3067fc32fe90c8d41217d901a30c353ec0ae9d5,https://www.vinted.co.uk/items/8609441937,,2026-04-22T13:36:20.232330+00:00,Balenciaga Arena
vinted,8598739066,Balenciaga Runway Arena Blanket Square XL Bag,295.0,GBP,New without tags,Balenciaga,,lumulama,,https://images1.vinted.net/t/01_00ff9_ALUW84f3PMe9AjSY2i3gzQtH/f800/1776758798.jpeg?s=a2f7dd42bf22c64a8d7edf461072979437d2c0fc,https://www.vinted.co.uk/items/8598739066,,2026-04-22T13:36:20.232333+00:00,Balenciaga Arena
vinted,8589540698,Balenciaga Arena Carbon Fibre Embossed Leather White High Tops Uk Size 7,85.0,GBP,Very good,Balenciaga,7,eda.uk,,https://images1.vinted.net/t/03_006db_mx8YRSbvQQq9x89Hq5dEkfao/f800/1775571270.jpeg?s=f2b37c97b4e31513532dd05fd20abee878520ab8,https://www.vinted.co.uk/items/8589540698,,2026-04-22T13:36:20.232341+00:00,Balenciaga Arena
vinted,8582001508,Balenciaga Arena lows grey,130.0,GBP,Very good,Balenciaga,9,time_flow,,https://images1.vinted.net/t/06_00c0b_aeuYgVndf18ir4wvyPRinpN1/f800/1775490410.jpeg?s=f33f7ee07185de4f088ba0c1b7bb2408f1ea6a59,https://www.vinted.co.uk/items/8582001508,,2026-04-22T13:36:20.232344+00:00,Balenciaga Arena
vinted,8562239574,Balenciaga Arena Gum Sole High Top Burgundy Creased Leather Trainers Sneakers UK Size 6 RRP $650,180.0,GBP,Very good,Balenciaga,6,soleandstitch,,https://images1.vinted.net/t/03_0047b_bmvUu726EzTv4E23P2n3egV2/f800/1775300384.jpeg?s=aacd9899558e6c804f76d3a7e528542fcff0c947,https://www.vinted.co.uk/items/8562239574,,2026-04-22T13:36:20.232346+00:00,Balenciaga Arena
vinted,8562314169,Balenciaga Arena Gum Sole White Creased Leather High Top Trainers Sneakers UK Size 6 RRP $650,170.0,GBP,Very good,Balenciaga,6,soleandstitch,,https://images1.vinted.net/t/01_004d3_P9ukGWs8N31JfGojL6ckzG1c/f800/1775300898.jpeg?s=afad00cab727c07bc3f4a0adbbda0e47d2458fdd,https://www.vinted.co.uk/items/8562314169,,2026-04-22T13:36:20.232349+00:00,Balenciaga Arena
vinted,8592948308,Balenciaga Arena City Snakeskin High Tops,275.0,GBP,Very good,Balenciaga,8,sujypat10,,https://images1.vinted.net/t/01_00ba7_fEHb3YPcUNVVEsDUarhvKZ3e/f800/1776764776.jpeg?s=89dbd248c3a9a33db62f87d1401616ab6c91d316,https://www.vinted.co.uk/items/8592948308,,2026-04-22T13:36:20.232352+00:00,Balenciaga Arena
vinted,8592784598,Balenciaga Arena Lo-Top - MENS ( discontinued !),500.0,GBP,New with tags,Balenciaga,7,tee2819,,https://images1.vinted.net/t/01_00830_UvQDewKyV1bCegeqz4x4ycyy/f800/1775590834.jpeg?s=dfdc7d5d37eb4b06e5e8f49e652317300f17f4bd,https://www.vinted.co.uk/items/8592784598,,2026-04-22T13:36:20.232354+00:00,Balenciaga Arena
vinted,8580102768,Balenciaga Blue Leather Arena Trainers UK Size 7,100.0,GBP,Very good,Balenciaga,7,amymcdonough,,https://images1.vinted.net/t/06_01f58_bJq7pjWR8TaFb87ctxckqCRQ/f800/1775481612.jpeg?s=9098df05ba8c6b1d9a70de713523c07ed6fad24c,https://www.vinted.co.uk/items/8580102768,,2026-04-22T13:36:20.232357+00:00,Balenciaga Arena
vinted,8584082945,Balenciaga Arena Double Tour Leather Bracelet. M. Unisex,60.0,GBP,Good,Balenciaga,,z_girdlestone,,https://images1.vinted.net/t/01_01332_y9z4q2DQ67JMtSvykPbaC6zQ/f800/1776510093.jpeg?s=e2563f9303b5b068474333238f0e2094f1eec19f,https://www.vinted.co.uk/items/8584082945,,2026-04-22T13:36:20.232360+00:00,Balenciaga Arena
vinted,8581714548,Balenciaga Arena Creased Leather Sneakers,72.0,GBP,Satisfactory,Balenciaga,6,patb98,,https://images1.vinted.net/t/06_021bd_mNZLvzu79yDL4MCUeaULjX1w/f800/1775489141.jpeg?s=5a556bf007efbe8ed3b2c217059d8cfc60b49e93,https://www.vinted.co.uk/items/8581714548,,2026-04-22T13:36:20.232362+00:00,Balenciaga Arena
vinted,8664141344,Balenciaga arena low trainers | uk size 8,105.0,GBP,Very good,Balenciaga,8,amitc80,,https://images1.vinted.net/t/06_023d1_yqMLL6UP1LUDRZsbeKjDDbN2/f800/1776284991.jpeg?s=70f617939b41bb605866c9e585d2324d757b4394,https://www.vinted.co.uk/items/8664141344,,2026-04-22T13:36:20.232365+00:00,Balenciaga Arena
vinted,8575667711,Balenciaga high top arenas,140.0,GBP,Very good,Balenciaga,7,fayeeex,,https://images1.vinted.net/t/01_017fb_NLNHqGZ6eZVsb8eUpDmHP9X1/f800/1775425786.jpeg?s=8cbe75272d27ffd71d5d771bb51743b9aae908d9,https://www.vinted.co.uk/items/8575667711,,2026-04-22T13:36:20.232368+00:00,Balenciaga Arena
vinted,8574495351,Red balenciaga arenas,100.0,GBP,Very good,Balenciaga,6.5,t0mmy4nt,,https://images1.vinted.net/t/05_00635_NHFjQWAscCTcsX9zCmzFUrSE/f800/1775414404.jpeg?s=83eda55e6452198a7e4f8b9335d91a4115fa4a40,https://www.vinted.co.uk/items/8574495351,,2026-04-22T13:36:20.232370+00:00,Balenciaga Arena
vinted,8573302727,Grey leather Balenciaga Arena trainers with metal hardware,88.0,GBP,Good,Balenciaga,9,joe.hw,,https://images1.vinted.net/t/05_01158_EdTawLbuRgQt7dkx5K4uWtK9/f800/1775407323.jpeg?s=c1285b1655cdc5ecb030dad2940592c4da0b6f2e,https://www.vinted.co.uk/items/8573302727,,2026-04-22T13:36:20.232373+00:00,Balenciaga Arena
vinted,8573055645,Balenciaga Arena Low Top D Ring White – Size 40 – Leather – Authentic,180.0,GBP,Good,Balenciaga,6,anna0_0maria,,https://images1.vinted.net/t/01_01e2d_Kccpk2oAT7fuLYYqUCE39Wzh/f800/1775405973.jpeg?s=8adbef038f2359e4b0f12f147d26def6766b2f04,https://www.vinted.co.uk/items/8573055645,,2026-04-22T13:36:20.232376+00:00,Balenciaga Arena
vinted,8567776892,Balenciaga arena,80.0,GBP,New without tags,Balenciaga,7,yakiv_shop4310,,https://images1.vinted.net/t/04_01cf8_NjEwabHgwieDXyKswwwKxZbx/f800/1775346165.jpeg?s=da04ba4c8334ad848d72605d657ffaf0ae26c6c8,https://www.vinted.co.uk/items/8567776892,,2026-04-22T13:36:20.232378+00:00,Balenciaga Arena
vinted,8565213756,Black Balenciaga arena high top shoes men’s size uk 9,185.0,GBP,Good,Balenciaga,9,joshm456,,https://images1.vinted.net/t/05_00fd7_LDxDYYzKeRW8RFTosQqvVnt6/f800/1776691416.jpeg?s=c43d5352ded4655d2fc4ccd1fc614ae7bb0ae33e,https://www.vinted.co.uk/items/8565213756,,2026-04-22T13:36:20.232381+00:00,Balenciaga Arena
vinted,8558915527,white balenciaga arena,60.0,GBP,Very good,Balenciaga,3,astxlin,,https://images1.vinted.net/t/05_00754_Z5qL91AJgEHva8fZba86dGiC/f800/1775241799.jpeg?s=e7d3d33dae6216884bec2e070df5c5f3cd76dde7,https://www.vinted.co.uk/items/8558915527,,2026-04-22T13:36:20.232384+00:00,Balenciaga Arena
vinted,8560541259,Balenciaga Arenas,70.0,GBP,Good,Balenciaga,6,trickettsmith95,,https://images1.vinted.net/t/06_00e1d_7wdt5d8BFDRQECMohoWuYwti/f800/1775285709.jpeg?s=f2ae820bd3fb91182288fd70cf964eb1f118b1ac,https://www.vinted.co.uk/items/8560541259,,2026-04-22T13:36:20.232386+00:00,Balenciaga Arena
vinted,8560101413,Balenciaga Arena Low Grey Trainers,99.99,GBP,Very good,Balenciaga,7.5,luker2000,,https://images1.vinted.net/t/01_023c3_ZMWVDAbDhiPvnXVQMNH42Yha/f800/1775256019.jpeg?s=b0b7692029dbb04f04f41e6514faa223f6eb09ab,https://www.vinted.co.uk/items/8560101413,,2026-04-22T13:36:20.232390+00:00,Balenciaga Arena
vinted,8548355407,balenciaga arena high-top sneaker- navy and gold- designer,100.0,GBP,Very good,Balenciaga,6,myatenzin,,https://images1.vinted.net/t/06_00d06_HCaoy9aWbHdfYRyHHkQWekGF/f800/1776764207.jpeg?s=f8b27434d517640d08752f1315142c1ef7884b47,https://www.vinted.co.uk/items/8548355407,,2026-04-22T13:36:20.232392+00:00,Balenciaga Arena
vinted,8547866127,Balenciaga Arena,90.0,GBP,Very good,Balenciaga,7,cooper.009x,,https://images1.vinted.net/t/06_00db8_RBiLQPf1rGizurUUozoqeu74/f800/1775206262.jpeg?s=ebe8ce95994e7e89840fc988d7e97b2c63f4ddfa,https://www.vinted.co.uk/items/8547866127,,2026-04-22T13:36:20.232395+00:00,Balenciaga Arena
vinted,8546011070,Balenciaga high top arenas,120.0,GBP,Very good,Balenciaga,8,evanhllm,,https://images1.vinted.net/t/05_018e6_RWpW5JGxLAqjowCJQiGcBjiQ/f800/1775120431.jpeg?s=5097d31c6b2d9f230a91c07d0fc637113d3a6c57,https://www.vinted.co.uk/items/8546011070,,2026-04-22T13:36:20.232398+00:00,Balenciaga Arena
vinted,8550374134,Balenciaga Arenas Black Size 40 uk7,90.0,GBP,Very good,Balenciaga,7,awbargains,,https://images1.vinted.net/t/05_01f9a_qZ1x42t6b1WCiq9M3F3kaiq4/f800/1775151020.jpeg?s=8cb7ea74e4ce80e5372f36e4b15bd4d0744cada1,https://www.vinted.co.uk/items/8550374134,,2026-04-22T13:36:20.232400+00:00,Balenciaga Arena
vinted,8549707575,Balenciaga Arenas,80.0,GBP,Good,Balenciaga,8,sonny_122,,https://images1.vinted.net/t/03_01390_s5wpxYJTpvHqRspdY5hUvis7/f800/1775146513.jpeg?s=b20a52f1fd887ae8bceb5a40c3f3f7d3391b69a2,https://www.vinted.co.uk/items/8549707575,,2026-04-22T13:36:20.232403+00:00,Balenciaga Arena
vinted,8539905836,Balenciaga arena,200.0,GBP,Very good,Balenciaga,9,lar57006,,https://images1.vinted.net/t/06_01a08_gbyvnAMWukymo29Lr9UL1cy6/f800/1775045985.jpeg?s=a0cb3db33f7ca68c4ac5e610b561a49f2371fdea,https://www.vinted.co.uk/items/8539905836,,2026-04-22T13:36:20.232406+00:00,Balenciaga Arena
vinted,8537131788,Balenciaga arena,100.0,GBP,Very good,Balenciaga,4,daisytaylorx,,https://images1.vinted.net/t/05_00f62_qFmBXC3xA18yorELoVqZ142c/f800/1776700032.jpeg?s=ce5632f7d80892670bf384577511bf87b922526f,https://www.vinted.co.uk/items/8537131788,,2026-04-22T13:36:20.232409+00:00,Balenciaga Arena
vinted,8536569352,Balenciaga arena high,95.0,GBP,Very good,Balenciaga,8,freddieswardrobe7,,https://images1.vinted.net/t/01_0046d_UgheK6heGUaFzBqwXhdJA3ge/f800/1774988629.jpeg?s=2178db0b9b1d55c7adf20a37a94a24cab96af503,https://www.vinted.co.uk/items/8536569352,,2026-04-22T13:36:20.232411+00:00,Balenciaga Arena
vinted,8544425376,Balenciaga arena high tops blue and white colour way,75.0,GBP,Satisfactory,Balenciaga,7,devangradner,,https://images1.vinted.net/t/01_01b87_GuPLDDkYPY4XnUze8qcbRyME/f800/1775075542.jpeg?s=e1ffcab3a6fcf9d34d802d02373be243d80a4f34,https://www.vinted.co.uk/items/8544425376,,2026-04-22T13:36:20.232414+00:00,Balenciaga Arena
vinted,8542175470,White Balenciaga Arena Low,90.0,GBP,Good,Balenciaga,12,aaronburnley,,https://images1.vinted.net/t/04_004b6_cogZ9brtXgXa6SEQPNLX1fTB/f800/1775059892.jpeg?s=ff5268ca2dc36639f7d4a25aa91c2a1404d6208e,https://www.vinted.co.uk/items/8542175470,,2026-04-22T13:36:20.232417+00:00,Balenciaga Arena
vinted,8535126310,Balenciaga arena high,220.0,GBP,Very good,Balenciaga,8,campbell.izzy,,https://images1.vinted.net/t/01_023ca_7mHGWV9gFf7G6bJa1Wt75x6m/f800/1774978622.jpeg?s=381c48f3699b5704618600d332d9d5af5ddf017c,https://www.vinted.co.uk/items/8535126310,,2026-04-22T13:36:20.232420+00:00,Balenciaga Arena
vinted,8532141851,Balenciaga arenas,135.0,GBP,Very good,Balenciaga,9.5,noah6373738,,https://images1.vinted.net/t/06_011d6_NeDxBjtoYX3HMYTJ8RVUywXJ/f800/1776712158.jpeg?s=7edab1726956ae22525cbf7a929f8ef4d365436f,https://www.vinted.co.uk/items/8532141851,,2026-04-22T13:36:20.232423+00:00,Balenciaga Arena
vinted,8527466515,Balenciaga Arenas Burgundy (custom laces and soles),120.0,GBP,Good,Balenciaga,10,michaelsbankai,,https://images1.vinted.net/t/01_02573_G5k8tFtFhpAfgaoBHEMcuwRs/f800/1774895013.jpeg?s=d4d458fb253a0c8274560cde04f2c2a973ae49a5,https://www.vinted.co.uk/items/8527466515,,2026-04-22T13:36:20.232425+00:00,Balenciaga Arena
vinted,8526264565,Balenciaga Arena - EU40 - Navy/Navy,82.5,GBP,Very good,Balenciaga,7,harty29,,https://images1.vinted.net/t/05_00188_3dk3unqdYDWyzFqRdrCAMitU/f800/1776352607.jpeg?s=7811d6c418dcb0cd3364f160f50fc21880e56b2c,https://www.vinted.co.uk/items/8526264565,,2026-04-22T13:36:20.232428+00:00,Balenciaga Arena
vinted,8524392236,Balenciaga arena Trainers Black,100.0,GBP,Satisfactory,Balenciaga,8,elliot9797,,https://images1.vinted.net/t/06_01535_Pkdk5WehzBBg7HmEtmvpcQ8h/f800/1774878312.jpeg?s=2c7b01d1d9a3e04f5b30e455100479f04a5bb9df,https://www.vinted.co.uk/items/8524392236,,2026-04-22T13:36:20.232431+00:00,Balenciaga Arena
vinted,8451043577,Balenciaga Arena Hi-Top D ring,300.0,GBP,New with tags,Balenciaga,6,rue_de_couture786,,https://images1.vinted.net/t/05_0068c_gSCxCJXwJqmBNziYKQjHmw7M/f800/1774120912.jpeg?s=5fd64997e8a06bfb1a42671922b66a4830f98280,https://www.vinted.co.uk/items/8451043577,,2026-04-22T13:36:20.232434+00:00,Balenciaga Arena
vinted,8520586550,Balenciaga Arena High - Grey Gradient size  EU42 8 UK,300.0,GBP,Very good,Balenciaga,8,jefach,,https://images1.vinted.net/t/06_000b2_hjHAsQs3WV8GBwzEeVRFcRLM/f800/1774822797.jpeg?s=945f16972a1ff06a1bc337b8f40fc33986ad5ab6,https://www.vinted.co.uk/items/8520586550,,2026-04-22T13:36:20.232437+00:00,Balenciaga Arena
vinted,8517164993,Balenciaga Arena Low Black,200.0,GBP,Very good,Balenciaga,9,dawidkay,,https://images1.vinted.net/t/06_0128a_GDRC6a8G8uSUj59RMVRbMgMi/f800/1774801065.jpeg?s=2685d9f4995a19c3f86a589d3db0a894bcef9459,https://www.vinted.co.uk/items/8517164993,,2026-04-22T13:36:20.232440+00:00,Balenciaga Arena
vinted,8721133756,White Balenciaga Arenas - UK 12,70.0,GBP,Good,Balenciaga,12,alessiopatisso,,https://images1.vinted.net/t/05_02374_FYAz56EW4GzsiJP65BqroZ1p/f800/1776864086.jpeg?s=97579763862e8a4532c55e51f8e6c37167900a90,https://www.vinted.co.uk/items/8721133756,,2026-04-22T14:42:28.271786+00:00,Balenciaga Arena
vinted,8981421700,Balenciaga Arenas | UK 6.5,120.0,GBP,Very good,Balenciaga,6.5,strawberrycasserole,,https://images1.vinted.net/t/06_01ed3_grFDawwGGEmbgL32PhfCMEnZ/f800/1779468195.jpeg?s=8cdc68eeccd0bee21585562f1ec46c5b1901a31c,https://www.vinted.co.uk/items/8981421700,,2026-05-23T11:53:34.637204+00:00,Balenciaga Arena
vinted,8983528152,Balenciaga Arena High Top Red Leather Size UK 6 EU 40,130.0,GBP,Very good,Balenciaga,6,shopwithtk,,https://images1.vinted.net/t/06_00c7f_dKBaofSn9kpiUE6uk6YPuyPM/f800/1779496071.jpeg?s=84093c8398f3d1ff2c52f7b5990ae67287598671,https://www.vinted.co.uk/items/8983528152,,2026-05-23T11:53:34.637228+00:00,Balenciaga Arena
vinted,8980682294,Balenciaga Arena Sneakers,135.0,GBP,Very good,Balenciaga,5,rensgems,,https://images1.vinted.net/t/06_01737_Gp1Sk1QfxuMYVgpg9P7c2h8w/f800/1779462529.jpeg?s=c96919ac8992e3baffead5aeba69dff9268290bb,https://www.vinted.co.uk/items/8980682294,,2026-05-23T11:53:34.637234+00:00,Balenciaga Arena
vinted,8967611079,Balenciaga Arena,170.0,GBP,Very good,Balenciaga,9,daniel-moffatt,,https://images1.vinted.net/t/05_0119b_VJFacHmc1G8TSULR4eJYiTWB/f800/1779300440.jpeg?s=4e39cec9276d35c14d23f7119d381aa37b1aa1df,https://www.vinted.co.uk/items/8967611079,,2026-05-23T11:53:34.637238+00:00,Balenciaga Arena
vinted,8957697862,Mens Balenciaga Arenas,200.0,GBP,Very good,Balenciaga,7,vintagez2219,,https://images1.vinted.net/t/06_00f11_WYwZ1TgNQTgzMvrdbv71ruC4/f800/1779204141.jpeg?s=cf2e50ccf3703abb1050bd4fb2b1eb25782eb94d,https://www.vinted.co.uk/items/8957697862,,2026-05-23T11:53:34.637245+00:00,Balenciaga Arena
vinted,8967676623,Balenciaga arena rouge grenade low tops,275.0,GBP,New with tags,Balenciaga,8,thomasluke1991,,https://images1.vinted.net/t/05_00f09_HuFat3ZPgSGgtmrQvxPmxNcC/f800/1779300847.jpeg?s=e4ca081f2af11ad803411f18872e9e11a2c95c5e,https://www.vinted.co.uk/items/8967676623,,2026-05-23T11:53:34.637249+00:00,Balenciaga Arena
vinted,8965834634,Balenciaga Arena,195.0,GBP,Very good,Balenciaga,10,rubs8888,,https://images1.vinted.net/t/05_00ecd_TYrG4cG3wcVycuyzWyaK35J7/f800/1779289839.jpeg?s=ea826130dc4af460eec27249ed8150b78e419dba,https://www.vinted.co.uk/items/8965834634,,2026-05-23T11:53:34.637252+00:00,Balenciaga Arena
vinted,8965484946,Men’s Black Balenciaga Arena Low,120.0,GBP,Good,Balenciaga,8,6eorge.96,,https://images1.vinted.net/t/03_00f5a_aH3G92JAa6Kgmzm72nGhksJe/f800/1779287685.jpeg?s=5e198f9000c166b0d4dcddbb4a9646bd8914ed27,https://www.vinted.co.uk/items/8965484946,,2026-05-23T11:53:34.637255+00:00,Balenciaga Arena
vinted,8962681568,Balenciaga Arena High Top Lambskin Leather White Trainers Size 7,115.0,GBP,Good,Balenciaga,7,jadegreen2510,,https://images1.vinted.net/t/06_006ac_w2Kp6RfSTpC1AXP4nRNZ87Qy/f800/1779268673.jpeg?s=6707112de11ae963c23c77ff9287beec48d0bc2d,https://www.vinted.co.uk/items/8962681568,,2026-05-23T11:53:34.637258+00:00,Balenciaga Arena
vinted,8958592646,Balenciaga Arena High Sneakers Navy from 2016,120.0,GBP,Very good,Balenciaga,10,peakgoon,,https://images1.vinted.net/t/06_00516_14jtef2h5G7QVHZyt2a9GfGY/f800/1779209345.jpeg?s=53483f2d7e20c14a8e18299b1732b75b04e61c80,https://www.vinted.co.uk/items/8958592646,,2026-05-23T11:53:34.637261+00:00,Balenciaga Arena
vinted,8960972004,Balenciaga arenas,115.0,GBP,Good,Balenciaga,10.5,roudy88,,https://images1.vinted.net/t/06_01c84_7wnYj7jqqq1u4WCkuSAaXv9N/f800/1779225580.jpeg?s=f993c44c779033be1d76d4ce4aa916d78d336a5a,https://www.vinted.co.uk/items/8960972004,,2026-05-23T11:53:34.637264+00:00,Balenciaga Arena
vinted,8958270528,Balenciaga Arena Size 40/10Flats Sandal Brown Studded,69.31,GBP,Good,Balenciaga,8,sooextra,,https://images1.vinted.net/t/06_00579_DF4jakaQ6vMuNDuuXTSNEDVp/f800/1779207501.jpeg?s=bf077cb74d0caeca73678b2e8b66df33bb7cc245,https://www.vinted.co.uk/items/8958270528,,2026-05-23T11:53:34.637268+00:00,Balenciaga Arena
vinted,8957273764,Balenciaga Arena logo-jacquard high top trainers,190.0,GBP,Very good,Balenciaga,10,scott2608,,https://images1.vinted.net/t/06_00566_maqMae66AZi8NkbXFE2u2x2b/f800/1779201506.jpeg?s=5acf3468ad0e1b03c19a342bf044c83fe8c2efec,https://www.vinted.co.uk/items/8957273764,,2026-05-23T11:53:34.637271+00:00,Balenciaga Arena
vinted,8956975037,Balenciaga Arena Trainers,240.0,GBP,Very good,Balenciaga,8,classysells200,,https://images1.vinted.net/t/01_01ff5_VRwyoWxzUS965zGQRpoA8A7Q/f800/1779199574.jpeg?s=08299b97404fdea35664e07e6960b63a479b4895,https://www.vinted.co.uk/items/8956975037,,2026-05-23T11:53:34.637273+00:00,Balenciaga Arena
vinted,8954810352,Balenciaga Arena Pebble Leather Black Low D Ring - Uk 9 ( EU 43 ) No Box,175.0,GBP,Very good,Balenciaga,9,lbanz21,,https://images1.vinted.net/t/05_01c84_Zia4vK6uPzFGBpJxLMW6btxv/f800/1779184827.jpeg?s=eaab34e8d4e19db9950c32b3ff8747ff1ffeb455,https://www.vinted.co.uk/items/8954810352,,2026-05-23T11:53:34.637277+00:00,Balenciaga Arena
vinted,8954417582,Balenciaga Arena shoes/trainers size 3,100.0,GBP,Very good,Balenciaga,3,louisdeans96,,https://images1.vinted.net/t/05_00974_nQTU3X115uSEU5bN9RfGtVBq/f800/1779181979.jpeg?s=5f872968bac2246ef26c848ffd522c6089077966,https://www.vinted.co.uk/items/8954417582,,2026-05-23T11:53:34.637280+00:00,Balenciaga Arena
vinted,8953270573,Men’s balenciaga arenas,90.0,GBP,Good,Balenciaga,7,kraff27,,https://images1.vinted.net/t/06_01190_qNfeLSBSgGzAUSS1MDK6dkKb/f800/1779165101.jpeg?s=130a5ce0c484efb02b4b50a0fa9d8e8558d93fab,https://www.vinted.co.uk/items/8953270573,,2026-05-23T11:53:34.637283+00:00,Balenciaga Arena
vinted,8952890638,Balenciaga Arena trainers,15.0,GBP,Satisfactory,Balenciaga,9,mjet21,,https://images1.vinted.net/t/06_01fbd_wmCWiWWxtU3EmrLtdmGS26rR/f800/1779140370.jpeg?s=c7d1baed7fafb547467a8953692207b3876e4d24,https://www.vinted.co.uk/items/8952890638,,2026-05-23T11:53:34.637286+00:00,Balenciaga Arena
vinted,8948621496,Balenciaga Studded Arena Sandals - Dusty Pink,115.0,GBP,Very good,Balenciaga,9,natashacobham,,https://images1.vinted.net/t/05_02367_XicvVCD66N82RZNdriCZcn9N/f800/1779112926.jpeg?s=aa708e4f5184cb14714978e556edf77b73d8abda,https://www.vinted.co.uk/items/8948621496,,2026-05-23T11:53:34.637289+00:00,Balenciaga Arena
vinted,8943655495,Balenciaga Arena White Creased Leather Low D-Ring - Uk 7 No Box,160.0,GBP,Very good,Balenciaga,7,lbanz21,,https://images1.vinted.net/t/01_0117f_CTUASkHsWgPPM9wyTPWs31nd/f800/1779046650.jpeg?s=f78fb5480e6f9fb9ca087dbb6bccf3ef06934c0a,https://www.vinted.co.uk/items/8943655495,,2026-05-23T11:53:34.637292+00:00,Balenciaga Arena
vinted,8939454673,Balenciaga Le City Arena Lambskin in Red,825.0,GBP,Very good,Balenciaga,,luxury_discounted,,https://images1.vinted.net/t/01_0070d_pVw4Kg7QQo9by1BxsE39NiWB/f800/1779028882.jpeg?s=e6457a2130614c7ceeda6f419c061e454d0b9a86,https://www.vinted.co.uk/items/8939454673,,2026-05-23T11:53:34.637295+00:00,Balenciaga Arena
vinted,8927078927,RARE Balenciaga Arena High Top White Leather Sneakers Men’s UK 9,120.0,GBP,Very good,Balenciaga,9,welovetrump,,https://images1.vinted.net/t/01_0139d_fFphAAFHtRLcpdJpDjwGM4ha/f800/1778932490.jpeg?s=bab642eee5acfb48e517649774bd47e649be561e,https://www.vinted.co.uk/items/8927078927,,2026-05-23T11:53:34.637301+00:00,Balenciaga Arena
vinted,8919766079,Balenciaga Arena Low,175.0,GBP,Very good,Balenciaga,9,lilbabysplug,,https://images1.vinted.net/t/04_009d6_baJhr2ZLKFcNUdTupwLrAa6u/f800/1778854290.jpeg?s=538f7538d62073d8f0fdf3992ee3b7e416b91a7d,https://www.vinted.co.uk/items/8919766079,,2026-05-23T11:53:34.637304+00:00,Balenciaga Arena
vinted,8919359538,Balenciaga Arena Pebble Leather Navy Low - Size 7 ( Fit Uk 8),190.0,GBP,Very good,Balenciaga,8,lbanz21,,https://images1.vinted.net/t/05_00ce9_qNPdf7Nivbh2R98fwjCXYpEs/f800/1778851892.jpeg?s=94bd9db13eb55e1622eab9ef6e43ca2166eba369,https://www.vinted.co.uk/items/8919359538,,2026-05-23T11:53:34.637308+00:00,Balenciaga Arena
vinted,8909878978,Balenciaga Gradient Arenas,300.0,GBP,Good,Balenciaga,7,994.0207,,https://images1.vinted.net/t/06_01f9b_kjPgK4N4nG5WhjxCajdUPahh/f800/1778764165.jpeg?s=92f217a10082c771d852866209ec7f53a397cdd7,https://www.vinted.co.uk/items/8909878978,,2026-05-23T11:53:34.637310+00:00,Balenciaga Arena
vinted,8914258441,Balenciaga Arena Black Leather Low Top. - Uk 8 ( Fits Uk 8.5/9),245.0,GBP,Very good,Balenciaga,8.5,lbanz21,,https://images1.vinted.net/t/06_010c0_L9RqyXsLi62RtLKVAHyds3YR/f800/1778785747.jpeg?s=e24eeac9e21f8854d698bcb06df5d8219fdcd130,https://www.vinted.co.uk/items/8914258441,,2026-05-23T11:53:34.637314+00:00,Balenciaga Arena
vinted,8913676271,Balenciaga White Leather Arena Lace Up Casual Sneakers Trainers 36 3,110.0,GBP,Very good,Balenciaga,3,nessybabes,,https://images1.vinted.net/t/06_01eb2_yGkGcG9cf6GPf2jJf1Xd4ixF/f800/1778782303.jpeg?s=b8fba00042e5e1e3a3e64d4e3c26ffba6c993f7d,https://www.vinted.co.uk/items/8913676271,,2026-05-23T11:53:34.637317+00:00,Balenciaga Arena
vinted,8909165548,Balenciaga sneaker Pelle 43 - Arena Opaque - grey,120.0,GBP,Good,Balenciaga,9,philbp1,,https://images1.vinted.net/t/01_00531_UHCpHMhqE4vn4KXuKHCJtoTp/f800/1778760718.jpeg?s=6187d5f1720e57f023c4b80b14f65f9ecc48b5e3,https://www.vinted.co.uk/items/8909165548,,2026-05-23T11:53:34.637322+00:00,Balenciaga Arena
vinted,8908312570,Balenciaga arenas,90.0,GBP,Very good,Balenciaga,9,username12098,,https://images1.vinted.net/t/06_006bc_W822G8wiTbyip8aMjknsHfUS/f800/1778756246.jpeg?s=c5c02b176477c243e0409a59c86c88876ab63591,https://www.vinted.co.uk/items/8908312570,,2026-05-23T11:53:34.637325+00:00,Balenciaga Arena
vinted,8867266722,Balenciaga Arena High Sneakers Black In Size EU 39,150.0,GBP,Very good,Balenciaga,5,sameerayoob,,https://images1.vinted.net/t/05_015b0_spWPjwU4pboRsgGVaPZhqXvM/f800/1778345235.jpeg?s=5de2655989a6cc9bc50bdaa3b780cb82bb88741b,https://www.vinted.co.uk/items/8867266722,,2026-05-23T11:53:34.637328+00:00,Balenciaga Arena
vinted,8896843478,Balenciaga arena - stingray,124.0,GBP,Good,Balenciaga,7,patman0810,,https://images1.vinted.net/t/01_02104_vbN7AkcDvY6vcmSgwLEnNgLj/f800/1778618163.jpeg?s=e44594f3eb06f1009c3532239038999c7b266197,https://www.vinted.co.uk/items/8896843478,,2026-05-23T11:53:34.637331+00:00,Balenciaga Arena
vinted,8854188352,Balenciaga Arena High Sneakers Black In Size EU 39,150.0,GBP,Very good,Balenciaga,5,sameerayoob,,https://images1.vinted.net/t/06_01721_pqHERye2FTFCB5SQp3MijcBe/f800/1778229205.jpeg?s=eabc4a6facd980ceb46f2862eb2e094fc4efd684,https://www.vinted.co.uk/items/8854188352,,2026-05-23T11:53:34.637334+00:00,Balenciaga Arena
vinted,8888933114,Balenciaga Arena High Tops EU43 Dark Grey Leather,250.0,GBP,Very good,Balenciaga,9,palwasha18,,https://images1.vinted.net/t/05_00edb_c74RDTh2F1W1rwfbz6c7guS8/f800/1778536407.jpeg?s=412407d6c9faa729cd20ac99d583ef15236fab04,https://www.vinted.co.uk/items/8888933114,,2026-05-23T11:53:34.637337+00:00,Balenciaga Arena
vinted,8887889239,Balenciaga Sneakers Arena Size EU 44 341758 Mens Shoes Grey Leather,195.0,GBP,Very good,Balenciaga,10,rk_trail,,https://images1.vinted.net/t/05_012ba_5Pa18T4Kfuc89KPBo3gs8RM1/f800/r1/1778526888.jpeg?s=9d1785e42bc805e47acb636b9746cf66d5024b79,https://www.vinted.co.uk/items/8887889239,,2026-05-23T11:53:34.637340+00:00,Balenciaga Arena
vinted,8888238655,Balenciaga Arena,120.0,GBP,Good,Balenciaga,8,ryanm3481,,https://images1.vinted.net/t/01_01b39_gv365bYnhdzs8i72PZQU4tU3/f800/1779217622.jpeg?s=f34b6a1f48636ce2df200f84e7629f7398142c2e,https://www.vinted.co.uk/items/8888238655,,2026-05-23T11:53:34.637343+00:00,Balenciaga Arena
vinted,8886392403,Balenciaga Arena Sneakers,150.0,GBP,Good,Balenciaga,7,intimatecorp,,https://images1.vinted.net/t/03_01081_ndPsfdPw4UQtD68GSiTJ2BCQ/f800/1778518595.jpeg?s=46963198282f88c5f41175535e5e76f155dec472,https://www.vinted.co.uk/items/8886392403,,2026-05-23T11:53:34.637346+00:00,Balenciaga Arena
vinted,8884087972,balenciaga arenas 43,200.0,GBP,Very good,Balenciaga,10,disturbdlandlord,,https://images1.vinted.net/t/04_011a1_BtFZ5tEbkLgViEoRH1coLULJ/f800/1778505634.jpeg?s=f53287bb6ff8fade206fafbfe9774d39e30eec21,https://www.vinted.co.uk/items/8884087972,,2026-05-23T11:53:34.637349+00:00,Balenciaga Arena
vinted,8882768936,Balenciaga Arena black leather high-top trainers.,140.0,GBP,Very good,Balenciaga,7,ludemonte77,,https://images1.vinted.net/t/05_01cbb_8gHe66qrBXoRbgENmqgfio13/f800/1778497202.jpeg?s=57d07d54c1e1733f5ca9994d038a0e607d7717a4,https://www.vinted.co.uk/items/8882768936,,2026-05-23T11:53:34.637352+00:00,Balenciaga Arena
vinted,8880943953,Balenciaga Arena Black Leather Low - Uk 7 ( Fits Uk 8/8.5),230.0,GBP,Very good,Balenciaga,8,lbanz21,,https://images1.vinted.net/t/06_00189_CEB8TgqyecoqTCyTWxqi6Uas/f800/1778481981.jpeg?s=e37d79abd662a27661f68c8ad83519edc97771fe,https://www.vinted.co.uk/items/8880943953,,2026-05-23T11:53:34.637355+00:00,Balenciaga Arena
vinted,8877438947,Authentic Balenciaga arena high tops Blue UK8 to 9,160.0,GBP,Very good,Balenciaga,8,goroblond,,https://images1.vinted.net/t/06_00789_t7Ah1fXbN594nUkrNCU6EBBZ/f800/1778431667.jpeg?s=bc8d698f0b6076583b458a0a213766e95706b163,https://www.vinted.co.uk/items/8877438947,,2026-05-23T11:53:34.637358+00:00,Balenciaga Arena
vinted,8877010474,Balenciaga Arena,60.0,GBP,Very good,Balenciaga,8.5,issnel15,,https://images1.vinted.net/t/06_024cc_8dbW3TCwwyeyVUCw513QFTrj/f800/1778429956.jpeg?s=2cd868f3846bd467320d83bc80e23dff6207b4f3,https://www.vinted.co.uk/items/8877010474,,2026-05-23T11:53:34.637361+00:00,Balenciaga Arena
vinted,8876036784,Balenciaga Arena Women’s RRP £399,100.0,GBP,Very good,Balenciaga,3,meganlilyuk,,https://images1.vinted.net/t/06_01839_3SXBMYKGhQJaHNa8upJYy5jE/f800/1778426159.jpeg?s=989623509b609144d9eb85b84b73a606b2830ee2,https://www.vinted.co.uk/items/8876036784,,2026-05-23T11:53:34.637364+00:00,Balenciaga Arena
vinted,8845064734,Authentic Balenciaga Suede Arena lows,100.0,GBP,Very good,Balenciaga,9,jens_17,,https://images1.vinted.net/t/06_01ea5_3XnKsAuRdcqtuXZomBqsiK1h/f800/1778102451.jpeg?s=e7d0e87b1b3912b32010077640139a374c8f526d,https://www.vinted.co.uk/items/8845064734,,2026-05-23T11:53:34.637370+00:00,Balenciaga Arena
vinted,8877367362,Balenciaga Arena sandals,80.0,GBP,Good,Balenciaga,5.5,anniecj94,,https://images1.vinted.net/t/06_0115c_GhrXQANSZ1W3h6FodH83X473/f800/1778431377.jpeg?s=e7329cefe3e55a505c9d2451c9a8d3fcbaf791a0,https://www.vinted.co.uk/items/8877367362,,2026-05-23T11:53:34.637372+00:00,Balenciaga Arena
vinted,8873440605,Balenciaga Arena High Top,45.0,GBP,Very good,Balenciaga,4,jf0923,,https://images1.vinted.net/t/01_020d8_HiVyv2PPmFEiUz8CezCGTcVf/f800/1778415258.jpeg?s=1a7f1278278da7b6796a5869038eca8f6986ebb1,https://www.vinted.co.uk/items/8873440605,,2026-05-23T11:53:34.637376+00:00,Balenciaga Arena
vinted,8871706894,Balenciaga Arena shoes/trainers size 3,70.0,GBP,Good,Balenciaga,3,louisdeans96,,https://images1.vinted.net/t/06_00006_d77tpSBx2R3cGG52ooCZRV5j/f800/1778406940.jpeg?s=ed04fcb83d907d7c7015b5a93f41e5802b689b5a,https://www.vinted.co.uk/items/8871706894,,2026-05-23T11:53:34.637379+00:00,Balenciaga Arena
vinted,8867066255,Balenciaga Arena Trainers,150.0,GBP,Very good,Balenciaga,9,lukie24590,,https://images1.vinted.net/t/06_0250f_8gzWNEnxk1sfoaEJ1s6CzUAz/f800/1778344062.jpeg?s=d1a183f907b0985240f478592d1a94c81bd05e74,https://www.vinted.co.uk/items/8867066255,,2026-05-23T11:53:34.637381+00:00,Balenciaga Arena
vinted,8866985186,Balenciaga Arena Sneakers,90.0,GBP,Very good,Balenciaga,8,lukie24590,,https://images1.vinted.net/t/06_01a01_Mmvmx84GuBFBVECJBQ6E7QEC/f800/1778343593.jpeg?s=773951f65b58121892323a2b2c449c310710ca5c,https://www.vinted.co.uk/items/8866985186,,2026-05-23T11:53:34.637384+00:00,Balenciaga Arena
vinted,8869707801,Balenciaga Arena sneakers 37,125.0,GBP,Very good,Balenciaga,4,sabz1991,,https://images1.vinted.net/t/01_01934_Hc6rLjxZvwZuVc9HWWssWx3R/f800/1778373592.jpeg?s=5cea9e9e67827f59880eee4004b80e7c31adb611,https://www.vinted.co.uk/items/8869707801,,2026-05-23T11:53:34.637387+00:00,Balenciaga Arena
vinted,8865730122,Balenciaga Arena Hi Top Trainers,100.0,GBP,Very good,Balenciaga,8,soph1emk,,https://images1.vinted.net/t/01_00edb_e7eYYPahK1YjA2kQCNMmxq6j/f800/1778336535.jpeg?s=508f68fa12c0c6008b5bc3c11d718f2278b0ec18,https://www.vinted.co.uk/items/8865730122,,2026-05-23T11:53:34.637390+00:00,Balenciaga Arena
vinted,8865240058,Grey balenciaga arenas,75.0,GBP,Very good,Balenciaga,8.5,lbarker224,,https://images1.vinted.net/t/06_0167c_RkXXJtYunt6FFWawYc1iQXHZ/f800/1778340353.jpeg?s=174614e367908f2f694eea2c7249918a96c71442,https://www.vinted.co.uk/items/8865240058,,2026-05-23T11:53:34.637396+00:00,Balenciaga Arena
vinted,8823554763,Balenciaga arena hight tops,200.0,GBP,Very good,Balenciaga,7.5,cameron0023,,https://images1.vinted.net/t/06_00957_B8UEt58j97aTxdoWXwEf1WL3/f800/1777905446.jpeg?s=41fd10d14d8ed3f11b95b0226706f0c1733ef9d2,https://www.vinted.co.uk/items/8823554763,,2026-05-23T11:53:34.637399+00:00,Balenciaga Arena
vinted,8852269467,Balenciaga Arena,100.0,GBP,Very good,Balenciaga,4,scarletandrews,,https://images1.vinted.net/t/05_0178d_4ugNE2qg1d1e5o61tKGifB5T/f800/1778183108.jpeg?s=bbe03a8927cb65074ddcf2a11df02d1018c26f9f,https://www.vinted.co.uk/items/8852269467,,2026-05-23T11:53:34.637405+00:00,Balenciaga Arena
vinted,8851668608,Balenciaga Arena high gray,169.99,GBP,Good,Balenciaga,8,dziubenkolada,,https://images1.vinted.net/t/05_0106c_Lwv3Tac7USoKPVaxTNaKWGtm/f800/1778178810.jpeg?s=4641dd5034cbe710027dcc1860bbfd98a2b42303,https://www.vinted.co.uk/items/8851668608,,2026-05-23T11:53:34.637408+00:00,Balenciaga Arena
vinted,8851658035,Balenciaga Arena red low,179.99,GBP,Good,Balenciaga,10,dziubenkolada,,https://images1.vinted.net/t/05_000fb_VfFQLtv2nqmTYrPo6pqYUZYK/f800/1778178739.jpeg?s=2783727429fd79df1bb5fbaff823f175c3c5c5d1,https://www.vinted.co.uk/items/8851658035,,2026-05-23T11:53:34.637411+00:00,Balenciaga Arena
vinted,8846800353,Balenciaha Arena White Hightop Trainers,99.0,GBP,Very good,Balenciaga,3,rewind2021,,https://images1.vinted.net/t/05_005a7_iY9rJPouLPDoWdr82ugKwgbB/f800/1778145959.jpeg?s=73ed7b1d3f1bbc2eb8a975ea48869d64c22c9c55,https://www.vinted.co.uk/items/8846800353,,2026-05-23T11:53:34.637417+00:00,Balenciaga Arena
vinted,8843239949,Balenciaga Arena low tops,200.0,GBP,Very good,Balenciaga,8,deana.1991,,https://images1.vinted.net/t/05_00cca_Ei9cjrq1pPp3JDYn6s4wprMs/f800/1778089241.jpeg?s=7e5eed10a6d47cd327286b5a1103129b1ad7fceb,https://www.vinted.co.uk/items/8843239949,,2026-05-23T11:53:34.637423+00:00,Balenciaga Arena
vinted,8843128109,Balenciaga arena,40.0,GBP,Good,Balenciaga,5,x_amyleigh,,https://images1.vinted.net/t/04_01002_AnErcJLLQn1E4y9C8CmJSrJm/f800/1778088598.jpeg?s=d2f7c8304c9e4cd53ef2f553d41c1698a3aa8af4,https://www.vinted.co.uk/items/8843128109,,2026-05-23T11:53:34.637426+00:00,Balenciaga Arena
vinted,8842409001,Blue arena Balenciaga trainers,350.0,GBP,Very good,Balenciaga,4,styledbykands,,https://images1.vinted.net/t/06_021f7_cF2txLQFGh1XSzRummjXb1z6/f800/1778360340.jpeg?s=1ae665539f2a280d9dee32bbff5cea9e274cd75b,https://www.vinted.co.uk/items/8842409001,,2026-05-23T11:53:34.637429+00:00,Balenciaga Arena
vinted,8841229230,Vintage balenciaga arena red destroyed shoes trainers designer,135.0,GBP,Good,Balenciaga,9,rostykss,,https://images1.vinted.net/t/06_012c0_PxHCpoo2szApF7eKBJwyDRfH/f800/1778077935.jpeg?s=68783dd5f215df2f4aea6bbbd501942c49d1b8ae,https://www.vinted.co.uk/items/8841229230,,2026-05-23T11:53:34.637432+00:00,Balenciaga Arena
vinted,8835190295,Balenciaga arena,100.0,GBP,Very good,Balenciaga,10,keonbyrne,,https://images1.vinted.net/t/06_004ef_Kt9tt9NjCYiK9AGVDisWfo3a/f800/1778006406.jpeg?s=af6252b6a157238156f8d93cc36179515158f460,https://www.vinted.co.uk/items/8835190295,,2026-05-23T11:53:34.637435+00:00,Balenciaga Arena
vinted,8789876864,(Balenciaga arenas)Comes with original box and the balenci sack/bag shit also comes with spare laces,150.0,GBP,Very good,Balenciaga,8,leytonbe,,https://images1.vinted.net/t/05_001a3_bdygxawFdxrkbxcJQZSsq6XR/f800/1777582111.jpeg?s=6e95d2455cf11372173aa5101c027762a2c784a4,https://www.vinted.co.uk/items/8789876864,,2026-05-23T11:53:34.637441+00:00,Balenciaga Arena
vinted,8803329731,authentic white balenciaga arena highs,180.0,GBP,Very good,Balenciaga,8.5,n.lewis016,,https://images1.vinted.net/t/01_00d69_9QYcxHUvhwSfzjqQZfuKzqVa/f800/1777731902.jpeg?s=e03336a83a75a755955d336035fa9ead6f1e34a4,https://www.vinted.co.uk/items/8803329731,,2026-05-23T11:53:34.637444+00:00,Balenciaga Arena
vinted,8801706752,Balenciaga arena trainers size 10,85.0,GBP,Good,Balenciaga,10,shelevs,,https://images1.vinted.net/t/05_00d4b_BmzZXTfXRv3VShsf4auykute/f800/1777722317.jpeg?s=7a77883d57507f9f01f9ab3c809fa8af3357738c,https://www.vinted.co.uk/items/8801706752,,2026-05-23T11:53:34.637447+00:00,Balenciaga Arena
vinted,8796272799,Balenciaga arenas,155.0,GBP,Very good,Balenciaga,10.5,ethfenr,,https://images1.vinted.net/t/05_00429_TPFwunYeqn99pk2kUdymwnd6/f800/1777652592.jpeg?s=5907126c395c334f4ff2c557bbdc987b58b6c902,https://www.vinted.co.uk/items/8796272799,,2026-05-23T11:53:34.637450+00:00,Balenciaga Arena
vinted,8787176564,Balenciaga Arena Sz 8 black,185.0,GBP,Very good,Balenciaga,8,topsellers1984,,https://images1.vinted.net/t/01_0184d_XGfcuXhQ51pny5BVMThQ1HEJ/f800/1777560686.jpeg?s=f4b5cfb911a63b3e025042eb374e99574aa6fdbf,https://www.vinted.co.uk/items/8787176564,,2026-05-23T11:53:34.637455+00:00,Balenciaga Arena
vinted,8782402565,Balenciaga Arena Trainers,140.0,GBP,Good,Balenciaga,9,porchestores,,https://images1.vinted.net/t/05_00d1c_SqbBkRBYiwZi7xRT1zqRN5o4/f800/1777491941.jpeg?s=2f4501968c0a105272cf671a1e322e8b3890d317,https://www.vinted.co.uk/items/8782402565,,2026-05-23T11:53:34.637461+00:00,Balenciaga Arena
vinted,8774592835,Balenciaga Arena white,80.0,GBP,Good,Balenciaga,8,bleachedcat,,https://images1.vinted.net/t/05_00421_37DhHmMsEk2pffNpwLKD6gbS/f800/1777406965.jpeg?s=e3779b3be799a9627f481e62e53b91a02999719d,https://www.vinted.co.uk/items/8774592835,,2026-05-23T11:53:34.637464+00:00,Balenciaga Arena
vinted,8736123474,Balenciaga pelle arena extrablanc sneakers uk size 4,80.0,GBP,Very good,Balenciaga,4,fashion95x,,https://images1.vinted.net/t/01_01c52_eQJY1Fno8rSm6zxyhzx2Hh5F/f800/1777033324.jpeg?s=53efbf55e1332a583d946dd095094ef8814c0058,https://www.vinted.co.uk/items/8736123474,,2026-05-23T11:53:34.637466+00:00,Balenciaga Arena
vinted,8762049633,Balenciaga Arena High - Black,140.0,GBP,Very good,Balenciaga,7.5,aidi500,,https://images1.vinted.net/t/06_02603_Csd89y4JzLPCfrh2fr9dU2Mr/f800/1777292265.jpeg?s=73f3d3c1796e96c3b1c6f5afada83cda19e32241,https://www.vinted.co.uk/items/8762049633,,2026-05-23T11:53:34.637469+00:00,Balenciaga Arena
vinted,8721100548,Balenciaga Arena Black Suede,140.0,GBP,Good,Balenciaga,7,ethanb326,,https://images1.vinted.net/t/04_019f2_23cAZTHqxtvyVGSMTbQ3eiHV/f800/1776863831.jpeg?s=4a8b89fab4dca1c8b529b4e0fe1bfd1b15c2f3e7,https://www.vinted.co.uk/items/8721100548,,2026-05-23T11:53:34.637472+00:00,Balenciaga Arena
vinted,8748731123,Balenciaga Arena Hi top trainers Size 9,149.95,GBP,Good,Balenciaga,9,bfit2011,,https://images1.vinted.net/t/01_01be0_udx7VkktCvTGy4VaRiJr3fLa/f800/1777166127.jpeg?s=36d5256e01c7fd85374d04a1b235a682034e3a31,https://www.vinted.co.uk/items/8748731123,,2026-05-23T11:53:34.637474+00:00,Balenciaga Arena
vinted,8740633259,Balenciaga Arena Black Cracked Leather Hi-Tops,290.0,GBP,Very good,Balenciaga,8,archarcharcharcharch,,https://images1.vinted.net/t/05_00801_iSscwNWdFR51o5BEha8nfVjW/f800/1777092347.jpeg?s=a26a38f2f8d2f0c9168c39c237617f32bb459e76,https://www.vinted.co.uk/items/8740633259,,2026-05-23T11:53:34.637477+00:00,Balenciaga Arena
vinted,8727677603,Balenciaga Arena,65.0,GBP,Good,Balenciaga,4,buntybeau,,https://images1.vinted.net/t/04_01ef4_Z4W9raNwXBa1stx2ppkUz6VV/f800/1776940363.jpeg?s=a936c6036d9519d4eafad97b5e6a01d33b28c9be,https://www.vinted.co.uk/items/8727677603,,2026-05-23T11:53:34.637480+00:00,Balenciaga Arena
vinted,8955996049,Balenciaga red arenas,90.0,GBP,Good,Balenciaga,9,ghapzy,,https://images1.vinted.net/t/05_026db_JagotJSQmpcvZ7zzU4vaz6jJ/f800/1779193287.jpeg?s=6ce4fcec4ab3dbbda7536fc5ad2dfc2d843cbd9d,https://www.vinted.co.uk/items/8955996049,,2026-05-23T11:53:34.637485+00:00,Balenciaga Arena
vinted,8962962287,Blue Balenciaga Arena High Top Trainers,100.0,GBP,Good,Balenciaga,9,eddiesarchivee,,https://images1.vinted.net/t/05_00fd6_ayRxDTe6qUdfTctohk6HVU2V/f800/1779270699.jpeg?s=868fffd6423c34153d560d5d27375ead1aa1a572,https://www.vinted.co.uk/items/8962962287,,2026-05-23T11:53:34.637491+00:00,Balenciaga Arena
