title,model,price,shipping,date_sold,days_ago,condition,url
Shop on eBay,,$20.00,,,,Brand New,https://ebay.com/itm/123456?itmmeta=012DEW30YG0MEEKND7NH&hash=item123546:g:acwAA9KNiJowH:sc:ShippingMethodStandard!95008!US!-1&itmprp=enc%3AbgepL1tlUHjMGCVfSTGJh%2BzsVKeJ3CQk7NizDI4BZeppuFnmyS6Ijyp8lh%2FnEw%2BWqO7uTV1Q6izE1R0T54aV8j71F4xlWfVcGft4%2FiOQhtqVXA1rW6M1atPARQRmhqUxtEPJKhKtSFgI%2Bvwlzb0GwVCtkp%3ABlBMUObkmabpYw
Shop on eBay,,$20.00,,,,Brand New,https://ebay.com/itm/123456?itmmeta=012DEW30YG0MEEKND7NH&hash=item123546:g:acwAA9KNiJowH:sc:ShippingMethodStandard!95008!US!-1&itmprp=enc%3AbgepL1tlUHjMGCVfSTGJh%2BzsVKeJ3CQk7NizDI4BZeppuFnmyS6Ijyp8lh%2FnEw%2BWqO7uTV1Q6izE1R0T54aV8j71F4xlWfVcGft4%2FiOQhtqVXA1rW6M1atPARQRmhqUxtEPJKhKtSFgI%2Bvwlzb0GwVCtkp%3ABlBMUObkmabpYw
NEW LISTING,,£104.81,delivery in 2-3 days,4 Mar 2026,0,Pre-owned,https://www.ebay.co.uk/itm/287177378439?_skw=Iphone+11+pro&epid=11034210273&itmmeta=01KJWWJQNGCTRZRFV0VZJ01PGM&hash=item42dd1b0a87:g:jvMAAeSwOndppbRV&itmprp=enc%3AAQALAAAA8GfYFPkwiKCW4ZNSs2u11xDskmM5NdfS771yfVtjrLyWYwpEM6sAlmydQwF88HFqT9LBg42vqknryxs1YJPOBbwaOktvZ5By0tiWUcK4JQRDEJ%2BBjSMHMavpuZmKolwrc68pvpY9Qae6B0gbf8VC1pwWfIW2QIRAg1so%2BX6isb6cCC7Ybbxgfde5yEGGFadDEOBaQmNgE0xOrmn63uTZrxA%2B8UHDYqodQypmWigb1gfLUip5ZZZTTfG%2B%2FGH5845wvnIXfW3AiVQqm10OUBHCji9qQ4Cq5Nry0gDDeEGB4xfvI6Ilib982yZDbRsQW%2Blnow%3D%3D%7Ctkp%3ABk9SR_76ypyXZw
iPhone 11 Pro 64GB Unlocked,,£97.04,+£2.94 delivery,4 Mar 2026,0,Pre-owned,https://www.ebay.co.uk/itm/157722635507?_skw=Iphone+11+pro&epid=11034210273&itmmeta=01KJWWJQNGVGEM5V99AQTK0YSZ&hash=item24b9006cf3:g:y8YAAeSwfKFppvRT&itmprp=enc%3AAQALAAAA0GfYFPkwiKCW4ZNSs2u11xAGXtSrGdm5Q8jbekbXm%2BuYTp3IkpBn2VruMWw4xD15PFqh819EkpTp%2FF5keLKIZ2vTWYGDHAFGUfIwkd7cnO8cn5FU%2BadNDwig9duRJv6kEnFIdQEuIU2i60MMP%2FyI5ggFNLsdK5f%2F60w2wDC%2F4DtpdIOiw3ZJxlvOORocMB36YNKyVc4tNCrt5FCNru8MnAjvYyW3biY%2Bnj%2BERp1bT3l87DBwImLd%2BjA0Jrog6h2iWL7EESBJg6kJKNylNwCntU0%3D%7Ctkp%3ABk9SR_76ypyXZw
"iPhone 11 Pro, Silver, Unlocked, 64GB",,£97.08,Free delivery,4 Mar 2026,0,Pre-owned,https://www.ebay.co.uk/itm/366227747694?_skw=Iphone+11+pro&epid=4034210697&itmmeta=01KJWWJQNGMB230FF07NVHHFJ8&hash=item5544dff36e:g:O-cAAeSwjW9pnxMZ&itmprp=enc%3AAQALAAAA0GfYFPkwiKCW4ZNSs2u11xBsG8DY29Hx95bVkHccJ8sxIK46bMZoet5Nh3MOi6lpk7IlElwJiKM2Ja8Ai9ENLnYINWvn7%2FyYRlrQh68xxWmYGzR9WXpXPqC0hOW%2FMm2LM3ajrj9OasuZXO6WyAx6jGZ9QQ7m3ME0EJOI2ZuHVf1aKy%2FBU4PrzPCWopEBXBZOW5bAMtNrtdyiuVKQxACCbWvpMl31SeSaBbagMSfV2lTAxYxJxvpsIi%2Fg%2FrR%2FLsMamKa2wNxn2TgA2xxaRuwJlok%3D%7Ctkp%3ABk9SR_76ypyXZw
Apple iPhone 11 Pro Max 256GB Unlocked Silver - Battery Health 80%,,£169.95,Free delivery,4 Mar 2026,0,Pre-owned,https://www.ebay.co.uk/itm/117067752595?_skw=Iphone+11+pro&epid=11034210143&itmmeta=01KJWWJQNG61S1EQ1TWAJKS9CY&hash=item1b41c82493:g:c8sAAeSwJEJpoDst&itmprp=enc%3AAQALAAAA0GfYFPkwiKCW4ZNSs2u11xAAelzPsDZsbWC5xxyUH4d%2ByW3PkTMLKULwU67wtMKdiGyIo8fsGCGSntA1eAy1CuC0j2DmwXH3seuhKmATIa9Mv22JlUjyN%2BoeEL6WqOO0AwO9F%2B3xMBX7U9UVdIxH1SYUCEG575pEIIEnErkPWaDFIvfvBPgMSUgtNaOwjXn4r5ECMSovru7XO6DBb6IxJgKR601huoMpeEEeAmnHaMYVNyVw8as7WIADkVTfhX19I2IYcy7tsfh557XdDw54T3I%3D%7Ctkp%3ABk9SR_76ypyXZw
NEW LISTING,,£120.30,Free delivery,4 Mar 2026,0,Pre-owned,https://www.ebay.co.uk/itm/188119408134?_skw=Iphone+11+pro&epid=8034218244&itmmeta=01KJWWJQNG20P9N9AZ5F1Q8R6X&hash=item2bccca5e06:g:78cAAeSwCONpqAGI&itmprp=enc%3AAQALAAAA8GfYFPkwiKCW4ZNSs2u11xA6VK1HABKKSAMb%2B1f9XHe8EfAvq8BiCbgS96uAOvuqqx7oFN4uCgGZsG26kJm5JsaeVI4hAU5NuwsCIBg%2Bqkgs1BhQhpYiZ7SuRrsdO3j%2BteiqZ3fZL0N7AYV9nOHKmbAycdZtxIn8PIfLhSlVhbO65vDGNfb4HGzNdXaEIctkOul3s1InWdgRqEAhEmnAqIlEEzy%2B1LeThy4DbTsOtMC6%2BboA0F0qD0BWooNcibxnstkDEpUUMF9xS698t%2B3llzOzbG1rwbwQmRovD3c1QOyZZA63l4lr2%2Btk14UkF%2BgHnA%3D%3D%7Ctkp%3ABk9SR_76ypyXZw
NEW LISTING,,£140.00,+£3.42 delivery,4 Mar 2026,0,Pre-owned,https://www.ebay.co.uk/itm/366243774902?_skw=Iphone+11+pro&epid=11034210143&itmmeta=01KJWWJQNGA14XW1R9KVF084PZ&hash=item5545d481b6:g:QkUAAeSw-RRpp0Ch&itmprp=enc%3AAQALAAAA0GfYFPkwiKCW4ZNSs2u11xAJuXFdDRvtgp7WBYOX2tHjekiEOnp0VIy4tv92jMK6hAAkFPm%2Fp9sfMgrLHBFEn%2BMDrGzne0GAatqh6LbIMbVoOA9hIevsKzd9wlV0IUpaddLiRKNK4AGmlxDfVWweZX6KkxtkKO7GQXssY22emYAuS3XMlL8rKfAxgWfDPYVONmntdfal46zshq92uvTRbn96N6c%2BfHQmJSVOw9FKipNzf58PwM1B3ZRGwB0s0YF8izfF1exCOjWcD78AYbkXnAk%3D%7Ctkp%3ABk9SR_76ypyXZw
"Apple iPhone 11 Pro 64GB, Space Grey, Unlocked, Fully Functional",,£137.98,delivery in 2-3 days,4 Mar 2026,0,Pre-owned,https://www.ebay.co.uk/itm/358127341701?_skw=Iphone+11+pro&epid=8034218244&itmmeta=01KJWWJQNG73318VD291RSJHMZ&hash=item53620d9085:g:hNgAAeSw8nNpbCn-&itmprp=enc%3AAQALAAAA0GfYFPkwiKCW4ZNSs2u11xCQsoYUMxLuAOFrNwOu3GViZoAsBfvTxo9zTDIlCPH7gZQoOlWJj9EEhqyQdO8Fac4UdLWKFbxkiXa5Qtem9TSzhl7YSc4MBNQfadGoxpK%2Bj0h2g%2Fvu7%2BpXdthStVGEGTK2ZbXSBE4dQlPUxLoYDtkUk5%2B0Z0Kvu%2F8ac8dao9FiYTMlY4dFUyI1%2BIobGVbautFVSWx%2Bv8MMp1RuROERmOV7Nd3z3RgOrliE67BScAMvGULPYWghxMBNh7qH8niCNKw%3D%7Ctkp%3ABk9SR_76ypyXZw
iPhone 11 Pro Max 256GB Space grey (see description),,£124.46,+£3.42 delivery,4 Mar 2026,0,Parts only,https://www.ebay.co.uk/itm/277674978424?_skw=Iphone+11+pro&epid=20034530783&itmmeta=01KJWWJQNGGH6MCP49TBW8B6WR&hash=item40a6b7ec78:g:iJUAAeSwnnNpY8VL&itmprp=enc%3AAQALAAAA8GfYFPkwiKCW4ZNSs2u11xAQbZYJuQ7HCKzSnV3LWZ0ccoCF%2B1zCIZ5f4kjR5vqA7fA33Ro%2F4UgPf8qFcC6Oe7%2F2YKxO83f0Qk4H6Ri3amBPmuM5DuMOPwXdQyR0HfdZJJwYaYfMBnXMg1Dkd4W0yig%2FP4OYoYapN7PLS6KXLWBY7S1vpHpW%2BjtlnFmB454iTaDHyPPZJUP1kk0Vlhq7xtibfQ7suZ7zRjLZi5TLY0bbGu0p5xsECkGvDXHmCAeRsObGO1YY8ORK%2Fe3xJ2ZJDrOWWEnnjheL5WbBtET6w5q%2FcOV6Bj5KHCGorc8YX1EwnA%3D%3D%7Ctkp%3ABk9SR4D7ypyXZw
"CARBON FIBRE CASE for iPhone 15 12 11 13 14 Pro Max,Plus & 2PK Screen Protector",,£5.89,Free delivery,4 Mar 2026,0,Brand new,https://www.ebay.co.uk/itm/167170447338?_skw=Iphone+11+pro&itmmeta=01KJWWJQNGEB6C34GNNWPJY4YX&hash=item26ec2297ea:g:02wAAOSwhLFnWqLP&itmprp=enc%3AAQALAAAA0GfYFPkwiKCW4ZNSs2u11xCVtKdoTYcxfRLZLqWaUKSH4FgzMuVLygbrpX87IA3Ahl0mzXg2NtL%2B54XvFSJMmEWqv8h0Be%2BV9tGNlN4Vdp%2FxL80EBm2IjNd73uGkLsSZIhdiV2%2BCuQBKGlT8Fk7aEkPcAx1dzd08CRc1feja9D9L2WbDKzQA7JhFtbKrZZ4SuKk4RKOCInrC%2Fpv7nQe6ECDql9Gkzm%2Fy2q69OrEt9bnE2sC0vliOQ6D7W3wFy3b0HwnZkokcgLdqu1iQIe3Rkfg%3D%7Ctkp%3ABk9SR4D7ypyXZw
"GORILLA Screen Protector Tempered Glass For iPhone 15 14 12 11 13 Pro Max,Plus",,£2.90,Free delivery,4 Mar 2026,0,Brand new,https://www.ebay.co.uk/itm/176846534111?_skw=Iphone+11+pro&itmmeta=01KJWWJQNGA8G79QY5WPNPA7TR&hash=item292cdff5df:g:DKsAAOSw1PZnr2LD&itmprp=enc%3AAQALAAAA8GfYFPkwiKCW4ZNSs2u11xCO%2FRH8CTQJEALwHBx1nB557lflgEln7iuvCq3YSMSpA6jd3Rz7J%2FUs8k8KRuC6YCFlEiqDE5tr6vO1AP5FrxqnnsZGAQO31eE55sySKWLxmtkSm%2BHrfzKE8l1X8NeRXwV6YDZn98GUIUS5YyDbMNFanMdfjfcsV6HNhyInJWBRZvXyelfxokqm%2FzUUQEF6GbNI%2BQf5Vec1ba1OmBT0mrFadJdIZHcRnlETEmxkPALgmo16Znd2gx1YTqiJCekpk8bKXlSvM84c4v8zAOIGhDUlmtTPHhiLMSaZj2tTIIg64g%3D%3D%7Ctkp%3ABk9SR4D7ypyXZw
Tempered Glass Screen Protector for iPhone 17 Pro Max 16 15 14 13 12 11 XR 17Air,,£3.99,Free delivery,4 Mar 2026,0,Brand new,https://www.ebay.co.uk/itm/135239023741?_skw=Iphone+11+pro&itmmeta=01KJWWJQNG48HSY5WGMJJ2BZ6C&hash=item1f7cdfbc7d:g:nqsAAOSwEE9m3ucl&itmprp=enc%3AAQALAAAA0GfYFPkwiKCW4ZNSs2u11xCRfQnCzewH7lUHMoJa%2BzxVQuDMwMuNl3EYlkaMbk5N71c3qobYQ4isvW6X2d17jrIekt6c2hXEZNbDyKy%2Bv2wa4r7Hcvv7QA637z0ZaMAYIHfstdz%2BIoHyuVdapA8wuZzJegROgjyANOSOzYrRedbQdD%2Bnunj8JMhtEbShFmuVNN8TBwfcr8kCAR4clv%2FZgwijD6fzWpxOyahZe4kpPd4WStKClPCf7PvUUAuToxX8M6cJHnVmREvrMCJ0oQZzRNs%3D%7Ctkp%3ABk9SR4D7ypyXZw
NEW LISTING,,£156.70,+£3.42 delivery,4 Mar 2026,0,Pre-owned,https://www.ebay.co.uk/itm/157725028794?_skw=Iphone+11+pro&epid=23034272116&itmmeta=01KJWWJQNGKJX9XVW8E85XHQJ8&hash=item24b924f1ba:g:kPIAAeSwI6dpqA~l&itmprp=enc%3AAQALAAAA8GfYFPkwiKCW4ZNSs2u11xDa6F38QCMLxqdeq5u%2FxLzwCn1E4jxdNkmWzcT%2FEJy91HmPyOhYTeYjhRfCbpoybHBJjaxwVAhyEhRG3d7%2Fx%2F0oTqOvPrE%2Brr2QIHIBWsCBjFck7UHJ4AT7xVF5fcPt37sgHmOCtGl4bPvCih0kqrGmagYD7%2FRU4iyWnUVAirEXYNoJwqlT4Qp72QfvZ4HLg0fnMfuRmSkXmzBwNZU6OFyYoNVrzwscyMfUBOAQr33b8nzSmoy4pUWmkVg%2Bke0kcZdzQrrB%2FWV2DRXOmZmFz72X94eZYxtwO3w%2BT9zLDxOAOA%3D%3D%7Ctkp%3ABk9SR4D7ypyXZw
Case For iPhone 16 Pro Max 14 13 12 15 17 Pro Max 16 Shockproof Magsafe Magnetic,,£5.99,Free delivery,4 Mar 2026,0,Brand new,https://www.ebay.co.uk/itm/135411975026?_skw=Iphone+11+pro&itmmeta=01KJWWJQNGAGWR1B7X76YC45T8&hash=item1f872ec372:g:69YAAOSwmsdnSzqr&itmprp=enc%3AAQALAAAA0GfYFPkwiKCW4ZNSs2u11xCV6qS%2FSqrBYs5RNJC5e%2BZq1xmidWRdl8OLSDhwAx9zlRx9cN%2Fkk4ItZ3JRmnp9PzemydzZf11vYg4316UX6VCOwQojJg%2FgDHMlpJi1iipqRNA7LyYfqjw7TuKXePzXpP5qtXAyJVqz2sFVnvcMlQ0kvqiz9uSW5%2FgK%2BVXAFzX4ygL7imMtH99oNRRPgt5qs5Br6KTywz4Y6yPW2ClscocutbamewqmiE2geWcg2ynGaRW%2Foy3fdvQehCozbjHTRuc%3D%7Ctkp%3ABk9SR4D7ypyXZw
NEW LISTING,,£69.99,Free delivery,4 Mar 2026,0,Parts only,https://www.ebay.co.uk/itm/188119421252?_skw=Iphone+11+pro&epid=19034211539&itmmeta=01KJWWJQNGNNX0H1KFZHFSF07Q&hash=item2bccca9144:g:-SQAAeSwmS5pqAWu&itmprp=enc%3AAQALAAAA8GfYFPkwiKCW4ZNSs2u11xCAf%2Bvhd6IU7xTPrWJ9ttsaFftbXDtWAZm%2BtDS0ayKBgLg9r%2BROxLWz7LZ67KheP8R4mzQbuSbAvxdUFESym9s1qXcQvJfS1wZc7v3liS5j4kNgYtcszuFpsYQXimv2128MC4tNwoBFyoUaQzfyJth4%2FLcGHQSXDZIBQJ7i1ZGAX9nyTqJtkgquNzghoKdkRRTMNPk1kAn%2FFaP4D7BC6trIKr%2FXMHaVN1KRECOIUml%2FCPOzD4FdMIzj9vma%2FS7ApZQbYV8LkE7zm5XTyMoH11Bk2ijJIt24x4AHJa%2FhiZbj7A%3D%3D%7Ctkp%3ABk9SR4D7ypyXZw
iPhone 11 Pro Max 256GB,,£170.20,delivery in 2-3 days,4 Mar 2026,0,Opened – never used,https://www.ebay.co.uk/itm/198134640652?_skw=Iphone+11+pro&epid=27034209624&itmmeta=01KJWWJQNGPRVQS86XPBJ9H4Y3&hash=item2e21beb00c:g:1aoAAeSw3IVpnsru&itmprp=enc%3AAQALAAAA8GfYFPkwiKCW4ZNSs2u11xDHpOskTOzO6JBmUYcWkc9%2BGzUHkb26kD%2BU8WTx70tpSVy5kZcrslMnX5u%2BGg%2Fkp7YsWrRsy8SR4LJaFEovcsRCB9yWRqT0b0klHue8Mxe%2FkeR66G%2BJqzfc2OiDbmTvMQj%2FZEZCL5%2B2%2FlhyO1lZcmlI%2FMYSbTa5UkXym%2B%2FOKsX204pRN14LOnM1XBH5VRhGSWtQfoxHBjt5yHbbHIHjabVy5Y8cgI%2Bcq%2BXmw%2FKnCUd2HHPHS5cVg0hGMQvT56%2F9vp%2Bs84ZVT7j0NdpoYwDtGAYVHW%2BivMUZzFSuQIV3sxZf%2BA%3D%3D%7Ctkp%3ABk9SR4D7ypyXZw
"4X Gorilla Tempered Glass Screen Protector for iPhone 15 13 12 11 14 Pro Max, XR",,£2.79,Free delivery,4 Mar 2026,0,Brand new,https://www.ebay.co.uk/itm/166384236217?_skw=Iphone+11+pro&itmmeta=01KJWWJQNG6E6M3SB9NPSB83GT&hash=item26bd45f6b9:g:fm0AAOSwiqNlMAdb&itmprp=enc%3AAQALAAAA0GfYFPkwiKCW4ZNSs2u11xAVM2%2FNX%2Buyd%2BXMT0kk%2Byx3%2BXBMQHDRMbmBCuN701j%2F2S8AUj6J3wcdYYZTEIXE5QN0nIX2NPN784SU1feHuCYYnNBDTZukT14HuUr1hnnni23fI0UOT6a84TnG3ihPssBnkXSQciuiCVpUVAAl7em1Txm9h0ZFKB8zm6PN8CpH0yx3bbWlR7ge%2FfSpUOvkLONzC2wp1U1Pl5II8vM%2F05dpk1%2Fxl%2FXnMwzledw7rH08QC6HszxaBBReIa72w6iUTy0%3D%7Ctkp%3ABk9SR4D7ypyXZw
Apple iPhone 11 Pro Max 64GB Midnight Green Unlocked Pristine Screen 92 BH,,£210.00,Free delivery,4 Mar 2026,0,Excellent - Refurbished,https://www.ebay.co.uk/itm/198124424754?_skw=Iphone+11+pro&epid=5034224996&itmmeta=01KJWWJQNGJBQ6SE0SACK3CEMJ&hash=item2e2122ce32:g:ZXIAAeSwMdhpmNtq&itmprp=enc%3AAQALAAAA8GfYFPkwiKCW4ZNSs2u11xApb9%2Fa0fMo0%2FjQGE%2BOO1La6Dfj9J%2BRzeX3kC4WOrtk6BHDl5VLm6DDayH9d4x%2Bd3iyGSd9q5YV2D%2Brq05E2LxwvdXfwKj4V9FzcO1I%2ByPPWshis21lsVCdlEST%2Bic%2B5POEsxYc9uD2AqyQrbQUxj2X9NWua2CKRFDKAo0A09gF3dJfi3c1C8UCljmCFAE9oUFK9KcNumhXpMpw0jiWbo4Lg0C1XJ5l6bF1UEMZxuwzYHSIvmtANSPkgNQ%2FI4U6iTZL5M1%2Fu%2Bgqzfad11ti%2Fg1E1YWwuTx1uMyfZtilVl%2FJ1A%3D%3D%7Ctkp%3ABk9SR4D7ypyXZw
NEW LISTING,,£149.42,Free delivery,4 Mar 2026,0,Pre-owned,https://www.ebay.co.uk/itm/177918013429?_skw=Iphone+11+pro&epid=11034210143&itmmeta=01KJWWJQNGT1D9NSKRNWPVGETJ&hash=item296cbd6ff5:g:EwkAAeSwNctppz3Q&itmprp=enc%3AAQALAAAA0GfYFPkwiKCW4ZNSs2u11xC31sThdadrp1%2FL3fezfKe9xttTK0KUUiNThvtuEihGrDcASUXQ3Dq6esdSvXSOBX9ukWU6tInO%2BpXImdzxKcI1AcKa0OyG3eVxC5gIjI%2BWQ2DF%2F%2B8lCMJ2O8m%2BNjQ5RAV3RnQwumKpYzRBm5tJIQFAe%2Bt2PQiG4IlkVM1UTn%2F8yu7D%2BcYnSS3uizh2%2FCse56qljpBdWYwDg8K8Ctz%2Bkb2x%2Bkk1dzphRMdp0HM5u5ITLqug1tUpjcTUeVh%2FoUtphbI%3D%7Ctkp%3ABk9SR4D7ypyXZw
iPhone 11 Pro Max Space Grey 64GB With Box,,£140.00,delivery in 2-3 days,4 Mar 2026,0,Pre-owned,https://www.ebay.co.uk/itm/168181627199?_skw=Iphone+11+pro&epid=26034221360&itmmeta=01KJWWJQNH7J02HB3Y5Z5XM4H4&hash=item272867f93f:g:KLQAAeSwkj1plc2V&itmprp=enc%3AAQALAAAA8GfYFPkwiKCW4ZNSs2u11xCBWbpuZsQRToSeb5ImYP1Au4YW7ChwT3%2FXPje5MDUw7zwUul90UqmBBVfS1gyog52vsxIxDg2IIqcBWj%2B57arNbMOFDbrM5XxtftBv1p7APNrudhLsMKdb%2BuIZGOrYKE%2BsHss8FK%2BJ3tQiIbZ1TWLrM8YTTbfF4x5zZNETfmfpuZbdGQuLLrlPOzl96UR7YciiUqPRpvv1XnhR7q3pG5E6gH%2F0THFpjHGqN2swKiDHlXXpeTT0%2FGKWeGgnZkA63GbUQbgX6UWoliaRF2nkzCMoiQeT3xTHeyASpyPYghIHtg%3D%3D%7Ctkp%3ABk9SR4L7ypyXZw
NEW LISTING,,£89.99,Free delivery,4 Mar 2026,0,Parts only,https://www.ebay.co.uk/itm/188119196754?_skw=Iphone+11+pro&epid=2319588247&itmmeta=01KJWWJQNHF519YHTSVHCSK2V3&hash=item2bccc72452:g:er0AAeSw7cppp-ut&itmprp=enc%3AAQALAAAA0GfYFPkwiKCW4ZNSs2u11xAnmRJ10WHHEjyGjZ3F6u4Wx9VAmJ9s%2FkBM6xj2YG6WdwKRTrBJbRIUbkk8QITyqosRxwWUMy85IPc43VmsbaxuBZstVCIOua9SHGy8UG3E7Xd06u2H9MtZ2pUNweTwJddXRoS%2BFKx68tTcIDEAEvjCnD0Jrfvye5gm49OtGVLCpWcHzJwN6eqOQa1qV53ftAON8ufXh80caV3dlrxhX7m%2BzCCaIK5a1t57KbTZLSxT30wKkOhJvPlL12Bv3%2FPL06U%3D%7Ctkp%3ABk9SR4L7ypyXZw
Magsafe Case For iPhone 17 Pro Max 16 Pro 15 Plus 16E 14Plus 13 12 SE Lens Glass,,£7.99,Free delivery,4 Mar 2026,0,Brand new,https://www.ebay.co.uk/itm/226456975668?_skw=Iphone+11+pro&itmmeta=01KJWWJQNHVP29J6SFGW8E8KRD&hash=item34b9e33934:g:DC4AAeSwH4lpjMrM&itmprp=enc%3AAQALAAAA8GfYFPkwiKCW4ZNSs2u11xDkhU8JXjnU2xIBYP9b6Nh%2BRxJJnH92k9PfkaOO5Jn1zFVQw31XAPOVKor%2F7D%2FwRLlLPButLvGwF0vipBonF0XmUH1Ky6EYx7gdRrcDlQkGvMCdMo%2BWOC1aw2lHTWQ6mNVoW8OlJUq5rljdiagMUSvLpNGgA3Fg3XfWO1Jnk46BKMlsW8I9Sgj8ozy5A0CmVGcoN9yFQfvOxF5XBTqja3pKvgr9%2BkLknD6P%2BNPcdRqTBiuJHaY2v9zE8KgcyZzKBmt8p1wyfgB9zpOMr6PzFy1JS0lOCSQpuer5WRVZU7iKIw%3D%3D%7Ctkp%3ABk9SR4L7ypyXZw
9D Privacy Tempered Glass Screen Protector For iPhone 17 16 15 14 13 12 11 Cover,,£6.95,Free delivery,4 Mar 2026,0,Brand new,https://www.ebay.co.uk/itm/257153812576?_skw=Iphone+11+pro&itmmeta=01KJWWJQNHEKR2H69ZTDAFFV83&hash=item3bdf8fc860:g:91AAAOSwWBth9Ard&itmprp=enc%3AAQALAAAA8GfYFPkwiKCW4ZNSs2u11xCQ59%2FI4MDudDQEbqdK5wuvWNiIKDk9UM2v6dx41lYwtGffwMf%2Buj4%2Fq0XHyFsaEDq%2F2tmtgsChtjvEhQOg9LekK95McYSt5sK0lywYt13itl9UJQ88nQHiAAgLOHEgsWVR5k6IZbvsKkzzqCJWD7Yy5y--cx%2BXgQEKs%2F52i3kNw9ykY4ILfEfUG89fql%2Fmuk68rMCPqttKsxvt%2FtWaX9wsw8IpDFPqngD1clcZi0oK05hwKtvRjMd9IAhhqcrwS7nb4QS93%2FEE7jPnw%2FQkWqjXOVFNQRLRu6QIhiZRWScypQ%3D%3D%7Ctkp%3ABk9SR4L7ypyXZw
Case Clear iPhone 17 16 15 12 13 14 11PRO MAX Mini XR Shockproof Silicone Cover,,£0.99,Free delivery,4 Mar 2026,0,Brand new,https://www.ebay.co.uk/itm/165544421456?_skw=Iphone+11+pro&itmmeta=01KJWWJQNH8K473EJKTE0JCCZ4&hash=item268b376850:g:6WAAAOSwiRxjH13T&itmprp=enc%3AAQALAAAA8GfYFPkwiKCW4ZNSs2u11xDwCm9IS7g29BWpNUO01J1O3JH1XlEELGH9DnO2XBSCVT6a5prYY6J4iivZR40BShqHcY3BRIKjbawl8BmNYXmCisdRROVU6Pz6d4bORgjo79FPBJ%2BOnP1BynE2G47pX8szsQ4c%2FcJ7bb06v3xKFhWbsEs4omPEFsOUMDx0u3bKt7wE3mzNF4KKYp6Oco9NlPSBjV5ARyzvV0mCnpVFj3rYtWdTRWFUXp6NTlYnS7YFAwcn1aC9ijDq6U1fL1UoJ1g%2Frqzw0VAzzwLZEW2LdZFO%2FjyCa0o8bgQlhytqXxw8SQ%3D%3D%7Ctkp%3ABk9SR4L7ypyXZw
Apple iPhone 11 Pro - 64GB - Space Grey (Unlocked) Smartphone,,£104.70,Free delivery,4 Mar 2026,0,Pre-owned,https://www.ebay.co.uk/itm/336411044700?_skw=Iphone+11+pro&itmmeta=01KJWWJQNHQRMRJQ1XHKNWTWFP&hash=item4e53a92b5c:g:zl8AAeSwPHZpep4Z&itmprp=enc%3AAQALAAAA0GfYFPkwiKCW4ZNSs2u11xCJ7OM29gL%2FkTFEzI6WzGUG4niNTKHB0cVfK%2BJr5enqhYetqF6hkrhncCT4ROoYtxwxhdpg3Zhm28pyaLX%2BC41TI16Ti7nWUeM6ExBaOZ129%2BrX%2FLjqqPQI8RnFex5oKC%2B7EhxWza%2FWb%2FugbGlVnkdF%2FRVHP7ZPuziav7misuodXECbYwY7Q9Qew0uWaLg0dSzVO1isB4OtB6n0OsN1oF7MqmMtv85jtNr9rOQszEhtE9wgoN9u2R6ZxeyN9j56F8Q%3D%7Ctkp%3ABk9SR4L7ypyXZw
Shockproof Stand Case For iPhone 15 12 13 11 Pro Max XR 7 8 SE 2022 15Pro Max 14,,£5.99,Free delivery,4 Mar 2026,0,Brand new,https://www.ebay.co.uk/itm/315997837647?_skw=Iphone+11+pro&itmmeta=01KJWWJQNHVJD896S3A8Q678FC&hash=item4992f0594f:g:DJoAAOSwicNjje2E&itmprp=enc%3AAQALAAAA8GfYFPkwiKCW4ZNSs2u11xBezMaZhXpBVm6QLjtKNGx8eH2ylfVy3RW%2FM0dagNSnB80lpJZiU7fDGF6o41RRkjMKJvvgPCJrknTDZDZ%2FBxb9MLty9wNpRd2t8J6ummznzji1l4USroTgJMDssUuU5EMe8qym13Oc%2BkpTGlgRdHQbD5oLrEqaINJIshHJeH255qDjZSi1DjYTZwgZ1ZOGKP%2Fgz69roen2qGc6rf1vcN8L8%2BYOQkmVhfrswk18mb%2Btb9tHvyQMYMYFqfpXaAlOuvLnXOYKr8tWEIaBoGLUP1eLXRYRNx4nrM%2FP5QwKVQKSaw%3D%3D%7Ctkp%3ABk9SR4L7ypyXZw
Apple iPhone 11 Pro Max A2218 64GB 12MP Mobile Matte Gold Unlocked VERY GOOD--,,£159.99,Free delivery,4 Mar 2026,0,Very Good - Refurbished,https://www.ebay.co.uk/itm/336388166059?_skw=Iphone+11+pro&epid=16034689566&itmmeta=01KJWWJQNHJVPQ87HT6XMGM5V0&hash=item4e524c11ab:g:d70AAeSw7MRpZmVP&itmprp=enc%3AAQALAAAA0GfYFPkwiKCW4ZNSs2u11xBpN963Cpw20kfUHvmnyL2vVvz%2BqVprl0%2BLTgCP9JgIqi5xc5x23sx98Yo%2FloaQPJYhV4%2FUF4IjoTSuBUeSY%2FQWk2P9QbrfjQssDZD3oFXF00iZ2gb%2FfN%2Bns3fHMWoRliQ9BZpz6fF5sUkiD%2FCp%2B1E5RqRQEBhYpdIdJdMCUliOa4vdyhBNt7mJquvavlR%2BqZ7Y1XdRMy7vzJRcqzMbhN9FYkGHzMEYW37fzWoNlrYlq7Is4tYlGpcowNxMbjrVDho%3D%7Ctkp%3ABk9SR4L7ypyXZw
Leather Flip Wallet Case For iPhone 17 13 15 16 Pro Max 12 11 XR 8 SE 17 Pro Max,Leather,£6.99,Free delivery,3 Mar 2026,1,Brand new,https://www.ebay.co.uk/itm/224941053663?_skw=Iphone+11+pro&itmmeta=01KJWWJQNHRZ0EZ5CAJBP6Y6XA&hash=item345f8816df:g:pW0AAOSwtmRiWulw&itmprp=enc%3AAQALAAAA8GfYFPkwiKCW4ZNSs2u11xAcfxvvIRqHvXHbuJgzBcRNGO348RbMZuMs99YzdaTEK15k4Y3%2B7JbFEHPsGfKRlsjI1iGF9zuCMln8ruI5mRfMQsDYCu2cmgLf0n5kufGXK7DGkf4cPNIjYIHg5HCP9y312yyPzdHcVnaaLz9SgdrxSJ%2F13uvqM5nmdkMqdSGp2fAJojiCM7214glaJLs48IMt%2F6eIH%2FeKyo%2FdGJzVfMWY0KL4G3Oco9RFLmfV25eodk%2BZuCmxkrreWOi4s79hWwh0%2BHuG12cswwmhuwyWAvZf6bvQDkE3yKAjSO4w3Sq6ww%3D%3D%7Ctkp%3ABk9SR4L7ypyXZw
"Shockproof Ring Phone Case For iPhone 17 Pro Max,16 Pro,15,14,13,12,11,16Pro Max",,£9.99,Free delivery,3 Mar 2026,1,Brand new,https://www.ebay.co.uk/itm/336154390263?_skw=Iphone+11+pro&itmmeta=01KJWWJQNHPZJGKECFBG93D1PR&hash=item4e445ceef7:g:I94AAOSwqedn~plq&itmprp=enc%3AAQALAAAA8GfYFPkwiKCW4ZNSs2u11xCTitEbhpQhzO1DOWK3LCMlXjkN9edICUtAQ7jt64ryR0mGhsI7VWZBiR5UtBBrSs26DiesCBA5UFYK%2FUdELzQf6P%2BcdBCwc9lE0pVAT7r5%2FXUJCbtpNBnpRrT%2BdaxsBpHHjGzoh11JjoG5zKMuj6VyBE60NTc1VUJRTnBBLU%2BzYSakZDWQS0ZsfuI12occ1T%2BIWC8oRZok%2FE3AIDu9emoCRFUS%2FNbnD7G10GDOxVa0P2L8aA4ZV9d66ZpB%2B%2BV7ySZV%2Fmxkg49h1UPVRGddI4kF7qGQ8Un%2FF9pjigDkA3IajA%3D%3D%7Ctkp%3ABk9SR4L7ypyXZw
Apple IPhone 11 PRO MAX..SELLING STRICTLY FOR PARTS ONLY..FMI IS ON UK ONLY,,£3.20,+£3.30 delivery,3 Mar 2026,1,Parts only,https://www.ebay.co.uk/itm/137088446860?_skw=Iphone+11+pro&itmmeta=01KJWWJQNHVMHTE91TSV1AWR7H&hash=item1feb1bb18c:g:7c0AAeSw8x9ppLDr&itmprp=enc%3AAQALAAAA0GfYFPkwiKCW4ZNSs2u11xCbHqfXcaXpD4IZrQ%2F%2BlxHdgay3rdFCxcOHNhEKubIBJ%2Fsh4yGlN7%2FwNL0ZEw0VDAYLnmZfX8xEc77WtAvvN0dp9%2BjGCBKmoWmArtZ2Ye0PHuly4bavJcTfmQRaDyz7ZmrhNKDg6m%2BRKbv16Xlo4I2MGWfOM5g8hmsCBFXJtVauj4AZsxExfupE7zLBnme%2FMMWvTLpkrCRsKmqiykIBXAkFSJvT0vfnTR5TAKF6vrQb5j%2FYml%2Fjsf6usvCFds78ZQg%3D%7Ctkp%3ABk9SR4L7ypyXZw
Leather Flip Wallet Case For iPhone 17 Pro Max 15 13 16Pro 14 8 7 16e XR SE 2022,Leather,£8.99,Free delivery,3 Mar 2026,1,Brand new,https://www.ebay.co.uk/itm/284779187440?_skw=Iphone+11+pro&itmmeta=01KJWWJQNHE5FAHRDA7DQANBAX&hash=item424e298cf0:g:1dYAAOSwJC5k2OKh&itmprp=enc%3AAQALAAAA0GfYFPkwiKCW4ZNSs2u11xBaXL67e9M%2B%2Ff%2BMXnIDFNp3UVn1xm%2BJkPMkiLafO0KVxvDTdnhV98ml2aBfJon2T%2FobqGv9TuUd2n3Q5b1aHhDWPGCLZLCdhZuoCpu%2F%2BcBIEFmWMVFJi2SSJzeIEKIlUVXXYd58BW4hUtFqkBC9mBGx3VSlHu1xRm90VoN4Pvu%2Fr%2F7L2a56XARIx3LkQXVZSqzrM3xwUHqx%2B249zb7vekm95%2FDU1J6JADPa6RBc%2BI6llCbpzIiuTCYnsdxhOTAjbqs%3D%7Ctkp%3ABk9SR4T7ypyXZw
Full Privacy Tempered Glass Screen Protector For iPhone 15 14 13 Pro Max 11 12 X,,£0.99,Free delivery,3 Mar 2026,1,Brand new,https://www.ebay.co.uk/itm/156152457167?_skw=Iphone+11+pro&itmmeta=01KJWWJQNHQYJB08VNWM05C6B7&hash=item245b6967cf:g:xfMAAOSwUApmDqr6&itmprp=enc%3AAQALAAAA0GfYFPkwiKCW4ZNSs2u11xBCV%2FdZfouYsZJqxGCHzESlj8YvkUzZ1UfwrUHoYeK1xvTl%2FacG7eAiolxHeNhJaZWIfQ%2FGTtcFHTmPN%2FS%2B3ZwXvodYzmmrKdIXMRZqCNOLuh2tx6jzSukAnHBU6f6M11sXfdHDgmgwV97HCBTI95hkgCPuKtu02mhu6wgXkhLVMyLVRdulWK2NGq6faoIEcxuxbfJCfX8GdO4JMQZyOeHvha3HJqz9IdjNvNE1EIHk1UKMsXSiRMB8w2tKF7Hth2g%3D%7Ctkp%3ABk9SR4T7ypyXZw
Brushed Carbon Fiber Cover For IPhone 16 Pro Max SE 16e 11 XR 15 Pro 13 12 14Pro,,£4.99,Free delivery,3 Mar 2026,1,Brand new,https://www.ebay.co.uk/itm/284264249459?_skw=Iphone+11+pro&itmmeta=01KJWWJQNHSYJZVE36CEN5Q24P&hash=item422f783873:g:RyIAAOSw7tJmyI3I&itmprp=enc%3AAQALAAAA8GfYFPkwiKCW4ZNSs2u11xDbZL6d47m%2F9TdyIQQdJylyWZ%2BT3bUCDgXFXUmSAhVc6DULHKeKKoa2YRfEQRU%2BdlKm3xe4p2bMU8D1k45XwQ3%2Br%2Ff84xKrNZl7%2BCr0VibRs1k70tXtpz%2BFfd9MBJ50qUl9QBW42d1yzDhyXYJjrmo9LS61XSuhK2ylHd0RCB7nGBHYoFNkAeyOb0DnCzB88ftp25o3o6taJEeJbdusQY75vxnDwnitjZ5TwbQWsY%2B%2BF5FLnhStK%2FKrc77alZqttjt8n7puLdJazmUo35tPBgpiSWYI4A3Y5uWnnxjSF%2F9LCA%3D%3D%7Ctkp%3ABk9SR4T7ypyXZw
"iPhone 11 Pro Gold 256GB, Used, Fair Condition Boxed",,£94.30,+£2.94 delivery,3 Mar 2026,1,Pre-owned,https://www.ebay.co.uk/itm/406719450499?_skw=Iphone+11+pro&itmmeta=01KJWWJQNHX38ZY05HMMZMQWYR&hash=item5eb25e4d83:g:lBEAAeSwhC9pWVtR&itmprp=enc%3AAQALAAAA8GfYFPkwiKCW4ZNSs2u11xCwc5kEHympxnyc1E7HH5N%2FCN5pabTtAFMoVTGqzcfWEcVPuOGdzrBZ1of7kf%2FAaBStyTCmZYSLakHintGeQH5HuxBPqN282vJV75UF0EVOd%2Bndev%2BCdDnDB%2FHgE1biLzwmBtKFnqhGqTCsf83QsxjKylf%2FS8p%2Bg4VLSnHrtKD1MRF2LM8i3tb%2BtB%2B%2B3nDexbIo5vbE3aghKrB3kY8jAo0X12z6UYk0Ii4fh6BVNHXyjxjeF2RHJeIKOwUYUOWPTWNJyjPqAGEsxKaeNvl3c0Lc4rF4PVC83oq%2FFBp59MhtOg%3D%3D%7Ctkp%3ABk9SR4T7ypyXZw
"Case For iPhone 17 Pro Max,16,16 Pro,15,14,11,12,SE,8,XR ,X,7 Leather Wallet",Leather,£7.49,Free delivery,3 Mar 2026,1,Brand new,https://www.ebay.co.uk/itm/395754034853?_skw=Iphone+11+pro&itmmeta=01KJWWJQNH5EG3D36KQ0EWZMCC&hash=item5c24c756a5:g:K5wAAOSwl01kJIUN&itmprp=enc%3AAQALAAAA0GfYFPkwiKCW4ZNSs2u11xAaXMz1AOiJ4tjS%2FPCPDNzm1PVRPL8zk1IJwswgsr%2FmgysdtdUBiqV9MYdRUJFd4TxMe54nCGiVdXC%2FJr%2Bkwcb1yYRlWZRHqdYAQ7CvkHVIKi7cH4fGn7IkBsCJB7TH5e%2BgaPckJ3lzdq3qyGP3TyapH0BwvUxYdV4v752z--7EcDUPb2zjweCEqq8DU74m0qJZek5Bs9%2BMGjSNIHLnFYjh4Uw7pSZuQ0ek0rcsYwXZ3mRjIOSzZMaf4puHtEqhtDk%3D%7Ctkp%3ABk9SR4T7ypyXZw
Gorilla Tempered Glass Screen Protector for iPhone 16e 14 16 Pro X 15 17 Pro Max,,£5.99,Free delivery,3 Mar 2026,1,Brand new,https://www.ebay.co.uk/itm/195527893699?_skw=Iphone+11+pro&itmmeta=01KJWWJQNHZPWZBM3GXZFS6W2Y&hash=item2d865ee2c3:g:6yMAAOSw8T5jo6Zu&itmprp=enc%3AAQALAAAA8GfYFPkwiKCW4ZNSs2u11xAxe8HnHU9IwIeYALXXKbBlL8gC28pW4mD2hSbVBuiHF86XF2WsTO405MD6LT8OqbN9vxgtJDfkHsejAh3%2B7OkLXehxSObwkO6bHc20c40Tt9RkbaADL29qKEGrKIYH8Or5ah1GUPRpX4lFd5UPtwMLD7A374h%2BytY57qxaeiURdpyK0T3BPhWSX%2FdytIedFUjNYfgxC3KjfP2RFHW3nwcOHR9ZzjPJ8rqqvmiYY0QYgzSDmsIcCMivvMWfyK4Z7JX0fxIATe0NK6qGObLRCfWYez%2FeHhsWNCL8PgdQjFBYsg%3D%3D%7Ctkp%3ABk9SR4T7ypyXZw
Shockproof Magsafe With Lens Case For iPhone 17Pro Max 16 15 14 13 11 SE 17 Air,,£9.99,Free delivery,3 Mar 2026,1,Brand new,https://www.ebay.co.uk/itm/336168446626?_skw=Iphone+11+pro&itmmeta=01KJWWJQNHH96S9TWXPH9YAZYJ&hash=item4e45336aa2:g:rXMAAeSw7QVpJ3ie&itmprp=enc%3AAQALAAAA8GfYFPkwiKCW4ZNSs2u11xBKmrU7wsbPEYo2QvWi5lwrs7SY1BmgbLp7acaNCCT4DBkB0JiZAKeV%2BZ%2BLiw7Rr65cGOGDjRbIzXRlJM80Z4MRlHVJoQwhdJ%2FCK0Tn6WnXiIA0yT%2F4Eys8hMmO0iO%2FLl9iPDZ5HofUTXifF2kQbd2LGI%2BuDzgpxM94QeE5ZBoKvlkEwScZq0xaXV%2FR%2BO0010j28qwyEOtUPzQpYvAAndZAOjqAkesTOcjJ%2BB1zYTVvEIlf7IIiksVh%2ByZhu%2FXGuKnY2EcM%2BQd3TkuM%2B%2FrZhdQX%2Ftqvum0uBHWa1pU%2FXl4a6g%3D%3D%7Ctkp%3ABk9SR4T7ypyXZw
5 x PD Fast Charging Cable For iPhone iPad 14 13 12 11 XR X SE 8 7 6 14 Pro Max,,£14.99,Free delivery,3 Mar 2026,1,Brand new,https://www.ebay.co.uk/itm/286080033676?_skw=Iphone+11+pro&itmmeta=01KJWWJQNHGYFJ4DHGNJBGHPD5&hash=item429bb2e38c:g:93EAAOSwWl1m9b96&itmprp=enc%3AAQALAAAA0GfYFPkwiKCW4ZNSs2u11xDrTz0ng9ZOvdYwugPwCpZZIsZ1Q1uNtuE1m2pHl72gLA1KAA5tVIbTWqtNZ7YlwJbFc053EA%2FOOvr33%2F1czK1UZdDmMq19yOxzrCGwZchXDqBcQYXtBo2PgIlvBWgy1XG8%2BvueoKi%2F9E0AvRAbehuP96qvmaWneomWBye82duoMUnhbEjgWZ6kRvKjL7re5ZToSpLH8LRIoqcVp8tLu%2FRcQxiQLz65jDXh9O%2BVy2ZxiyGynJAl1GNCqJkErOT6%2FYY%3D%7Ctkp%3ABk9SR4T7ypyXZw
Gorilla Heavy Duty Shockproof Case iPhone 17 16 15 14 13 12 11 7 8 Full Cover,,£6.95,Free delivery,3 Mar 2026,1,Brand new,https://www.ebay.co.uk/itm/277666913399?_skw=Iphone+11+pro&itmmeta=01KJWWJQNH1602GRY55T0D516E&hash=item40a63cdc77:g:rB4AAeSwJDZo5Tmb&itmprp=enc%3AAQALAAAA8GfYFPkwiKCW4ZNSs2u11xC3G765moewnrepO%2BRPbUN7Ivc7owO%2Bjmn04lOHnS1ktqB4l8YOYBJQJeYWNYVyorVlmPY%2FpGpTmH5zEY2hyxws%2FAPN4TzHNK78NT67JjiYDh%2Bv7RRlbjZvCUsfDbBCZBqzySnI95AZLVqrjIu%2BC6Z7BuUDAAddcRm%2Fi1T5HoeZIFmnji9MSrhJiaZkSSf3lA6spURmu8XaZlZ2s474TIRM%2B66yzOgvQMWyGLmIAxcWpPA1GRuoX10gnhnnEzaEwrESdHQcI2NjGxNPHdAlnYuyUAdkslC0NzqfjoFNtivuTw%3D%3D%7Ctkp%3ABk9SR4T7ypyXZw
Shockproof Silicone Case For iPhone 16 15 14 13 12Pro Max XR 8 16 Pro 17 Pro Max,,£6.99,Free delivery,3 Mar 2026,1,Brand new,https://www.ebay.co.uk/itm/365213261729?_skw=Iphone+11+pro&itmmeta=01KJWWJQNHE3TJDVJDAKJJT4K4&hash=item5508681fa1:g:i2sAAeSw0y9phPnO&itmprp=enc%3AAQALAAAA8GfYFPkwiKCW4ZNSs2u11xD9RrbkEBXA2WvnZiV2zF4HXkemF0Q07HZx0%2BhkQmwxnx2kWM8hv0pHBTraF6AC8y32ybZZBV%2Bsk2ogrjJuf%2BGV0deON5xAVQEw2ZSq15VGdgMFePIYhly3h02A6%2FfPhgdnvfei5SXnbbekGhF4vN8%2FO5o6kkPeR2gajyMGeSwwIJvdtbdkhSTmghfEB%2BTZDHs6L99wVOETEfAXapaQXpXTqZpmB3QDLgTA%2BxkPOacwaFkQGAxwoIUfsWtfSxT20Lofkn3SzXJieCzOyxbSX8zUsFaUaJ34iJ0EUxj8RQD9VA%3D%3D%7Ctkp%3ABk9SR4T7ypyXZw
Apple iPhone 11 Pro 256GB Unlocked Space Grey –with original box and headphones,,£135.90,Free delivery,3 Mar 2026,1,Pre-owned,https://www.ebay.co.uk/itm/236664267495?_skw=Iphone+11+pro&epid=5034225079&itmmeta=01KJWWJQNHZ275AEH0VRSMR2EE&hash=item371a4a22e7:g:DvcAAeSwT7xppZXj&itmprp=enc%3AAQALAAAA0GfYFPkwiKCW4ZNSs2u11xAknQHOH5OZTZW61HloxNBO9TwpuaGfgUWUD2SDG9kl9YMdMIb9zUKuq6ojC8EKqU7JdVTCP7DjKPRVafPhAvAJLXOMjLgoe1GhwTDqd%2FlrPgFpQmQh5E4EBQjWEHjeDRt36k2GNu2e8y66rynXhPFzmZ4G1noiJ5s4MWefadnT%2FzH2YA3oIgb%2FW%2F2y6vMs1NFAtkpReF0oAcKttu%2FGCX%2BTr5gq4H%2FupZKUc44mgDTQfOlAqxCwLSUlEPGx3Ay7bmc%3D%7Ctkp%3ABk9SR4T7ypyXZw
Apple iPhone 11 Pro Max - 256GB - Space Grey (Unlocked) A2218 (GSM),,£204.99,delivery in 2-3 days,3 Mar 2026,1,Pre-owned,https://www.ebay.co.uk/itm/257380501502?_skw=Iphone+11+pro&epid=14034212889&itmmeta=01KJWWJQNHPQVJBW6JY75GS0PZ&hash=item3bed12c7fe:g:dNgAAeSwXMVpoHSZ&itmprp=enc%3AAQALAAAA0GfYFPkwiKCW4ZNSs2u11xDLYvuTUG%2Fu7J10df1eiPpxar2Kt%2B6qiyAI7SrIOzfr8okO9ToEV31WuimCiOcjU%2BpNlck%2FBQd%2Btf2qddiwr1pfy3DgEJwg2CMLgIHBN0PsEDFXgtexIdqL7nE9FxlYfhQniwEpmz3CnGWHLAE3Uv8gt93F4KjXqg02e%2BoCroOvDeqUd5blk9RZWFSYWXlPvFi88NpFgY7EbBWe%2BQqtWLVZUZJ%2BfFNQ4zb8w3i6to53nwN8VX2ib%2B6bOkPMaf2NK%2BA%3D%7Ctkp%3ABk9SR4T7ypyXZw
Apple iPhone 11 Pro Max Smartphone 64GB Pink/Gold Unlocked,,£62.06,+£2.94 delivery,3 Mar 2026,1,Parts only,https://www.ebay.co.uk/itm/198132959444?_skw=Iphone+11+pro&epid=9034209168&itmmeta=01KJWWJQNHHQB67HBGPSEKR7JZ&hash=item2e21a508d4:g:fcYAAeSwf4Rphkoj&itmprp=enc%3AAQALAAAA8GfYFPkwiKCW4ZNSs2u11xB0EgE1oD3sXyNL6GDc6NxDjBrymOso5ZdisNsh2%2BUlycmTX5zMgW3kMdbr4ogATeAN%2FxBkXbGfOeQBIZGfxmPMxtyHijBN4IFDofEojhAQEglCVOr9CdnyHzFWA68anCXmSxah8rNxalZ6rrHIrihb6X6%2BKpte4QBw2MPcikBd2EY9Zlya9TRlL7XNBqaRCDzXDV9tXP7%2FpHu9CCJkAPYEC9tdIdFHNZPHtMqAcbvVsu%2BnuIRhEwJmDVEZOvaLWgAuh5meJgxbQQF8%2BMcu%2BeAKXlLUcBkBNB5ErbrOmMQ3EA%3D%3D%7Ctkp%3ABk9SR4b7ypyXZw
Shockproof Ring Stand Armor Case For iPhone 17 Pro 16 plus 15 14 13 12 XS SE 7 8,,£8.49,Free delivery,3 Mar 2026,1,Brand new,https://www.ebay.co.uk/itm/226034874911?_skw=Iphone+11+pro&itmmeta=01KJWWJQNH7N4HHPX99E1CTTM4&hash=item34a0ba7a1f:g:gAYAAOSwKS1iWflA&itmprp=enc%3AAQALAAAA0GfYFPkwiKCW4ZNSs2u11xBSiDqrznzYms%2F35A1UfIoOM5nFRtx4pk7wuVcGIi7CLIQ1rNpCZQ6ntldu01LzyHfZLE6bo374vs8ZtVcCBQeTM4koe5HThgRyJeaPil3Exgr8TYa%2F4TNBKeLXfxbT9onAz6BED6RmIzlb2MPw5B%2BX2OMvKWu5L%2BHUHJdEx70g%2FhJMXdZ8IFLQAm6XSbWEsnxIWFwJPf7wq7U9t9ngAcnuwuDuFb8VepZyOYwxPGXkoP57QBLQgvhUDoBt2sig3gk%3D%7Ctkp%3ABk9SR4b7ypyXZw
Case For iPhone 16 15 Pro Max Plus Shockproof Silicone Carbon Fibre Phone Cover,,£4.45,Free delivery,3 Mar 2026,1,Brand new,https://www.ebay.co.uk/itm/225772225603?_skw=Iphone+11+pro&itmmeta=01KJWWJQNJWRXN1ENCYBXWEW7M&hash=item349112c443:g:~RoAAOSwBrFlAras&itmprp=enc%3AAQALAAAA0GfYFPkwiKCW4ZNSs2u11xCxp626lR5TsMFDmUDnsL1HZSyCCL3oA3oFCbmuskIrhOVoLrTMc%2Bn7C5eK65%2FbrJu7kceEdMPwbgrxyoKbt9E3L2ErlmDTXWA1T6Ki7PJ8xhJP8fqXlhWpsF8rLQM8ByqsYUv27Lnksgve%2FmmnCJMTRZOypAj7XdiASrkZwkDTk%2FcIMxBtxxiE84dTnJR25gmp7cNa%2FVvNEgcWou7KsdQUirqsMTjDS--SIeYeGkB3PkeA%2FpAZBtdZKM0Mied3p%2FI%3D%7Ctkp%3ABk9SR4b7ypyXZw
2 Pack Privacy Tempered Glass Screen Protector For iPhone 16 Pro 17 15 14 13 Air,,£8.99,Free delivery,3 Mar 2026,1,Brand new,https://www.ebay.co.uk/itm/395934052406?_skw=Iphone+11+pro&itmmeta=01KJWWJQNJN0ASQKCH7HPTXJ4W&hash=item5c2f823036:g:L2cAAOSwHCxnQwzj&itmprp=enc%3AAQALAAAA8GfYFPkwiKCW4ZNSs2u11xAxsseItCz%2BnhpZeq89xqW5Rl6y2Wb%2B3ifGgvFObHCqVvOubeM%2BOIiIq7yCQZQZpvgkeLbULyH0x4kOf3KsOKZcb0X88aoMWQ9kbMb1%2FZZaboOHXsRVcqEYplOfVkIow5x%2FBPVcBdEX29iIdRiTbCoxdW1sAOYvBUOA533Fibn9T4x%2FKGaJodq59HcymsIoeAInhB4yHTT9Wx%2BUczWrOuUxBGwJ8O4gczds%2F5HxTJlPvO7YaZBvj%2BNZutOwZbfI5naEmo8UU4V5YQiaoGS7cVHN1uVhyY%2FLFzbKUdGyIWt9Rg%3D%3D%7Ctkp%3ABk9SR4b7ypyXZw
"Apple iPhone 11 Pro 256Gb, Gold, Unlocked TI005842",,£79.99,Free delivery,3 Mar 2026,1,Parts only,https://www.ebay.co.uk/itm/206107545274?_skw=Iphone+11+pro&epid=13057692509&itmmeta=01KJWWJQNJ63XVE64P7BXFSS5Y&hash=item2ffcf78eba:g:MH8AAeSwOn9ppqzJ&itmprp=enc%3AAQALAAAA0GfYFPkwiKCW4ZNSs2u11xAjlFq91p2gADn%2BaBpjKQwSWIWQJPEi8QDjg4sppVz9EUEt6brU3Jcq1OIAELuKKEo18stFCtIPs05Q5AftouPOLcOQxpz3dJYqCPvwwkNEr2d6dVu%2FZqpVcl2S1kcEas3NHzta70xQ6CfoUYkZiTtkhv7AqJtXsaK0bJPtKJbbMaeEqqYlk6ZI85jc2rAZ5oSU699dXBqpRdthA0GB%2BYsM9kPCRaCCLmXH5tRjmTjk5Y0YxUCRDSz9xmtbK0YhXqk%3D%7Ctkp%3ABk9SR4b7ypyXZw
iPhone 11 Pro 256GB Unlocked Smartphone with small cracks on the Screen,,£104.70,delivery in 2-3 days,3 Mar 2026,1,Pre-owned,https://www.ebay.co.uk/itm/358281171921?_skw=Iphone+11+pro&epid=5034225079&itmmeta=01KJWWJQNJF0DQVXVA6ZCY4YT9&hash=item536b38d3d1:g:UX0AAeSwz6Bpps5m&itmprp=enc%3AAQALAAAA0GfYFPkwiKCW4ZNSs2u11xBkIm7DyyQcrs%2FUHg4P7ArtxJrCiFdC5y2hceSIO5jaGI2%2FRr4%2FWlhTp4U3VMDcEh%2FBQG4jIHrB8Zj3WULawo5yfQfAh22uRiyCndGwjHwpFFelD5dm0pzVdybKVpSYekpqCjUQqM%2BnSI1f%2F%2B8zNNx7WX%2FQ%2Fg6qAvOWoO4jo6sPzypabLJ415EwkmOzp1CxzAzgGQxsVjIM7AtFQ66mqU3vYvmkVGsH6%2Bi8N9Thmqt1ChwxqV7UaQvJKvoE%2F6BR8fc%3D%7Ctkp%3ABk9SR4b7ypyXZw
"CLEAR CASE for iPhone 15 12 11 13 14 Pro Max,Plus & LENS+ 2PK Screen Protector",,£5.95,Free delivery,3 Mar 2026,1,Brand new,https://www.ebay.co.uk/itm/156695259944?_skw=Iphone+11+pro&itmmeta=01KJWWJQNJQDVMKYX0EA2VTJQN&hash=item247bc3eb28:g:JXEAAOSwyJdnrNIt&itmprp=enc%3AAQALAAAA8GfYFPkwiKCW4ZNSs2u11xDm3lXF6Szj5YJaQrbDIVVCbURDApedMVtdjP0KjctE6LV09KUrJ7DOo5G3Q3p40V2lfPYBWShD4XN9%2BBF4Xia4tH5nmmkYxS0DLgSurk24lObgEI7b4XQ5mhWEJZljxMa3W9NGEY9S2lWYiOBoFDoxG18hahfIXHBXoWzIjGtPoEHgG%2FptA8OPktutrlC29YtZ5W7GDxweDewxQE1Z4xEkZcyKKPM9VM6zNJufugiHqt78CWX%2BZkaHjnd8jyXP8KMr8Aogyr7317O5ReczFNCgeYeFtoPI6novNokZsKABIg%3D%3D%7Ctkp%3ABk9SR4b7ypyXZw
Case For Apple iPhone 16 15 14 13 12 16 17 Pro Max Shockproof Magnetic Silicone,,£8.99,Free delivery,3 Mar 2026,1,Brand new,https://www.ebay.co.uk/itm/365213299584?_skw=Iphone+11+pro&itmmeta=01KJWWJQNJRHGECBB2TQKNS7NR&hash=item550868b380:g:BGoAAOSwwUBnKNDH&itmprp=enc%3AAQALAAAA8GfYFPkwiKCW4ZNSs2u11xDsskP%2F97p%2BfHctmE%2FE2t2Luq81GopAUI7PzIIZli6YYlbUtE8bpYr0yKst1KZTlXHaJ%2BXmQyTf0a551cEE08qMMB8MeMAK0LVCrUyNDJeXJxxjClNYy82TjskFxpAuvOloY%2B9PfYfjTWnS80eiokfiPJCGaf9HpE5JiJSvMw4B%2BjNcRJdIRALf3%2BP9cSwIEfow7GhDaqGqZnx%2BI%2Bfh23cnPBXb7yLDuVIo5FUFfohcYvdhk6QHhIS3xEpTZtMUC%2FhZYjuNkDr8%2Ffn%2B8ojpHoiOSV6%2F6LsynOGehmTMlWa0hQ%3D%3D%7Ctkp%3ABk9SR4b7ypyXZw
Apple iPhone 11 Pro 64GB Space Grey (Unlocked) very good,,£115.99,Free delivery,3 Mar 2026,1,Pre-owned,https://www.ebay.co.uk/itm/336134080755?_skw=Iphone+11+pro&epid=8034218244&itmmeta=01KJWWJQNJNRXRTKBWBQB4S9AQ&hash=item4e432708f3:g:B6gAAOSw0fxhqPQP&itmprp=enc%3AAQALAAAA8GfYFPkwiKCW4ZNSs2u11xBvl3plksZkSVvZDmHCtxP3gYQYfiINUdga%2BAxLFU2qWRiHsH3PKxFUWG3jJ5c%2BQUJAzvvWbJIRVysQS57VfiX%2BhsQOtxC2Vd53oVYu5Ap3uH5KIp2BkUMWzTtLkh1Dw6%2BtUvEZslMt1zj5u3IQUMAvWCs1h47Pn34o4MdeCfq9rhf2B5F%2BXL7LP2t4b5NH%2B%2BQYZ6avVp%2BmIvH7YlQs4j8JTbSZn7ffMEDrMYFN3jibZQPSooMDNbHqisRRByL2ZbPoKnyYVYe5iJIXqSQ3eyPYpjTA%2BUfXWNpRFj4iU8l%2FcA%3D%3D%7Ctkp%3ABk9SR4b7ypyXZw
iPhone 11 Pro Max 64GB Grey Unlocked Cracked Back,,£130.00,delivery in 2-3 days,3 Mar 2026,1,Pre-owned,https://www.ebay.co.uk/itm/376770688648?_skw=Iphone+11+pro&epid=26034221360&itmmeta=01KJWWJQNJH17N3F1Y2WDDP7WC&hash=item57b9487688:g:wnEAAeSw0ShpOuon&itmprp=enc%3AAQALAAAA0GfYFPkwiKCW4ZNSs2u11xDffNZr8qKMwtVO%2F7IkhzKmPOzyy8pg3u1IH7spVNEY5CKsfBP%2B0w73CRTeKvQb36%2B9v1XXlzdgkN%2BPDUqXrcK%2BC8t%2FYO3gpW4d6mSWoCtQZWGYTvKaSadJTY573H3T8bB22K0vNM6GZEB3I6PilrhrdBTtEuMednOKpI9Vbp8AlF00rqhBNqMr7Yr6C%2BxQwK3gbiyzPVSygcPYS85iqoXJp1fpNfmqwaDyTWgmHrnk0ANitG7JAM%2FIihQ37F5UfaU%3D%7Ctkp%3ABk9SR4b7ypyXZw
IPHONE 11 PRO / 64GB / UNLOCKED / 69% battery health/ scratched,,£90.00,+£5.95 delivery,3 Mar 2026,1,Pre-owned,https://www.ebay.co.uk/itm/227240073576?_skw=Iphone+11+pro&itmmeta=01KJWWJQNJBR0PRQ3PFJY3GKGA&hash=item34e8905968:g:RvQAAeSw31tpprtY&itmprp=enc%3AAQALAAAA8GfYFPkwiKCW4ZNSs2u11xB3Qti0Pzpx5FFXPokgA2KVWMJD%2B%2FGZ7U0ySoByLEUNYgT9sd3wx2W7qAH6TJpey8DLRTbn4WPHJc2rlVFUdEXrXDlsid5nvtYEqkTsNTd2y428fd7LjQr7xXxBu8flQvA2VFXDLw8vsi7ZDb97eSEu4aBU8HfrqwQM8m4Rah6iJjB7In5LanA4S9lRQ0M91xyJ08BOUjEXMPmVE9iuToo56jCH07dDaqIPoStdUziNyC6Bo5gZduYvOepTK0N93%2FH1ZxelssWSW9YkrYMTaDeFKSnPC76OctefIlY3pqLdAw%3D%3D%7Ctkp%3ABk9SR4b7ypyXZw
"GORILLA Screen Protector Tempered Glass For iPhone 15 14 12 11 13 Pro Max,Plus",,£2.99,Free delivery,3 Mar 2026,1,Brand new,https://www.ebay.co.uk/itm/225420112210?_skw=Iphone+11+pro&itmmeta=01KJWWJQNJ9GPAWD6TXZ5WAWJZ&hash=item347c15f152:g:bCcAAOSw1SJj6lTj&itmprp=enc%3AAQALAAAA8GfYFPkwiKCW4ZNSs2u11xBF%2Br%2Ffw10wSaeVB4IpY%2BUPPNttDOLEZgq9F3MBzlp9hdrCPEL9VHR%2Fbvma2lEE%2BF7Yft6L%2F0LbNa0ffO7q8kp6oYyvAgZKVXYHugCfnDsLRicTqtmI7LdqdTECjGDl1BiGc9Tm4BdhrFT0V9pQ4%2FeHyjiI76VZp0vN2vFQ%2BWazHAOV%2Bof7V0iOla42NDWqMRwRMCWvfjk1GRMuTkEtTPqJovW6Aqsk2rPmBB%2BHB1Oc0xVIVXqLyr4kuOT3vYHx66cUA%2BAZ7nyI694Rnl7h8OJ1xZWkVpwbSAhLA3kIpNJoPA%3D%3D%7Ctkp%3ABk9SR4b7ypyXZw
Case For iPhone 15 14 13 12 XR 11 Pro Max 8 CLEAR Gel Shockproof Silicone Cover,,£0.99,Free delivery,3 Mar 2026,1,Brand new,https://www.ebay.co.uk/itm/225600149386?_skw=Iphone+11+pro&itmmeta=01KJWWJQNJDD2NKZJ7XERV1P8S&hash=item3486d1178a:g:x3EAAOSwnRFkecTO&itmprp=enc%3AAQALAAAA0GfYFPkwiKCW4ZNSs2u11xB5ZwaPj1PxvB9QN1Wry1B%2FsmSLxKiVbDRe16WYtwi1KSGT0ygfNXRsnRpdZjVIKXQBSPSnbLu9qabmTUQwZ6HHTlH7zI1zT1NwICAZlfeVsdBpeyZZyGpLUjTMGEDOw3I%2FgoBnPq%2FuX4Qb8nd%2FFBGi53UkPyX%2FjjMdH5o0QEA2Sd1YEmV61D0HnhWjjduFE7jPtf293AFxcr%2Bw5Ne%2ByJ8N7Y6x5GT7PaUmwdPz8qRDK3rEXqy6nbY1Ybqoq5KXSbM%3D%7Ctkp%3ABk9SR4j7ypyXZw
"Case For Apple iPhone 11 Pro Max, 11 ,11 Pro Leather Wallet Magnetic Flip Cover",Leather,£7.99,Free delivery,3 Mar 2026,1,Brand new,https://www.ebay.co.uk/itm/226585130238?_skw=Iphone+11+pro&itmmeta=01KJWWJQNJWJWJ49J0NKB5NTEG&hash=item34c186b4fe:g:TJIAAOSw4G9npMgS&itmprp=enc%3AAQALAAAA8GfYFPkwiKCW4ZNSs2u11xA8HdFFFMjCK%2Bj4Pk%2F%2BSyO4ivVp2cN8UjfhJDGzfIZrnJV6PU47SJv12WFgdgAhUNsm4p3GIsF4BEROI7CxixQUfJnWQx5SjmVgDWD0KKhogmrPHpYJbt%2B%2Bb00awCxkGtMeNH%2FyYpU48gLOdL0ckJu4Xc6j46vQS8dRDMP6cmAhQbp3hn9uzbmjAOBtIfSAMlPN7Nul9%2BIwMOfJ2QC3EnssuMR0ZUrv768nc6g9CY%2FWdWpZrUrQN%2FGQKWy6Zil3gZRHZjF97EqNPZs81CD5HNxXjZyQ7aXM7S0gHv7RXhoXlA%3D%3D%7Ctkp%3ABk9SR4j7ypyXZw
Ultra Slim Shockproof Case For iPhone 17 Pro 16 PRO MAX 15 Plus 14 13 12 XS 7 8+,,£6.49,Free delivery,3 Mar 2026,1,Brand new,https://www.ebay.co.uk/itm/224933037081?_skw=Iphone+11+pro&itmmeta=01KJWWJQNJZXG63RS0MQM71VND&hash=item345f0dc419:g:16QAAeSwkOFpoZl1&itmprp=enc%3AAQALAAAA8GfYFPkwiKCW4ZNSs2u11xBZfnS1IIRHEmsDMp2jPH5GogYjpP%2F65pdNVGRBd7u6Vow6wnFPVyokDPxUiItzHBbgMYKmTPB6IHKxZMeEMlxaOltphh6JgFGnh1xCjZglDSeX2%2BoWXSc76wcc6qJvYSCH8PA4pqMMbd2AqQrwyQb5Lxbe0iY%2BPtLz6zDK0Yeb5nIQplbiqYk7iov5scXit5OVApG0vH%2FShpe1qFuPKg7Z5D7LsxrY%2Fr4eN3QAJG%2B%2BsR0jWhOUzIimPjjpZjmXnoggurRSLyOKLKpIlYoMWeWJt5RbbTQChuSlXJe%2FXUzaOA%3D%3D%7Ctkp%3ABk9SR4j7ypyXZw
Apple iPhone 11 Pro Max 64GB Space Grey Unlocked Smartphone,,£83.38,delivery in 2-3 days,3 Mar 2026,1,Pre-owned,https://www.ebay.co.uk/itm/287175636212?_skw=Iphone+11+pro&epid=26034221360&itmmeta=01KJWWJQNJG5PGN2X4EHJED6S0&hash=item42dd0074f4:g:wWsAAeSwQ1tpph-u&itmprp=enc%3AAQALAAAA8GfYFPkwiKCW4ZNSs2u11xCSpKYIGFDQafrrTYD7fWpE4kgZYlzT1RlE7Y4VpMnCgiuB0RGBsMB1sx3Q6Bd3LlLNvX3GS3cFzhUMM1qr8%2Fyl1n8hLnzlX6NTAA6GpcmTXWhSZQRv2vHADrb9%2FwBrOCZnfkuTBo1uunkGR5JD2YlFSREbUg1%2BWQQWSYZDWKaNCLCI6GdyND6olq9YcZtSKkex8xQ5SE7eLqedplw%2BHKGLztpDDs7zMmu1SXWI8RwHFxiQufqojNIkMF5qIhmVXIxSmExSDhlwaBo7npxtzABpTPQdmRXKbhZxNOTQMPiBhw%3D%3D%7Ctkp%3ABk9SR4j7ypyXZw
"(FAULTY) Apple iPhone 11 Pro, 64GB, Midnight Green, Unlocked",,£55.00,Free delivery,3 Mar 2026,1,Parts only,https://www.ebay.co.uk/itm/177916905049?_skw=Iphone+11+pro&epid=9034684724&itmmeta=01KJWWJQNJ07QMKRFTNHEXBNDM&hash=item296cac8659:g:4QYAAeSwZcJppsQi&itmprp=enc%3AAQALAAAA0GfYFPkwiKCW4ZNSs2u11xAhWB8JzqR0zl0fCJjf8bO7ICyarIrqE9LdUl9mbprjzl3HUiB7ik7EYOJxvu7pnhzu44UwHQbz0z9AdRQJ7VDLoaIvUv0t5ALQD8OD5mK1WILC7g%2B%2FpvGL%2FY5wtHxZRCFgWDhwfGnMeY2gp2lVhix9UrSd08YE59ExXyohYtSjBuI22basSG6ZS%2BnnBBugRSFo2Jl4vnV3LfX2odFBTBlCo%2Bus5Lk9SXDQ19V%2Bc6VpNo8vHHqPgUqQSsD4lcQgdPE%3D%7Ctkp%3ABk9SR4j7ypyXZw
Apple iPhone 11 Pro Max 64GB Space Grey Unlocked Smartphone,,£73.50,+£2.94 delivery,3 Mar 2026,1,Pre-owned,https://www.ebay.co.uk/itm/389673045584?_skw=Iphone+11+pro&epid=26034221360&itmmeta=01KJWWJQNJ3DKF2EHZH56ZA5HV&hash=item5aba52ce50:g:0QMAAeSwD8NpoCJW&itmprp=enc%3AAQALAAAA0GfYFPkwiKCW4ZNSs2u11xCd0M3TE9DLUvyNtEbsNfyIoZp%2BbE0cuZbFBcFe3GPxnIqa6a5xiGuLzElbDzy77QXZLeB2n6ws88%2BL647MPqUpm92dY6LS1wcLviOfHygHppJI7hzCDMZOgKSfvo8M13HDaMj5HIlnyolTyvgdy3fOojubA%2BPmdKvliVlzG5GRpKgnsA434NJfVbsNgZGRD%2BndTdFNzTZ6dRoBIp1U1Li3iv%2FX52bNquYVylGp4kq10wI3vv4P2qgwuBb7KH9LGbs%3D%7Ctkp%3ABk9SR4j7ypyXZw
"Apple iPhone 11 Pro - 64GB, 256GB, 512GB Smartphone All Colours - Very Good",,£154.99,Free delivery,3 Mar 2026,1,Very Good - Refurbished,https://www.ebay.co.uk/itm/334311867887?_skw=Iphone+11+pro&epid=13034214373&itmmeta=01KJWWJQNJCXZHD3KM0SJWM3KR&hash=item4dd68a45ef:g:cwUAAOSwEhViMHo4&itmprp=enc%3AAQALAAAA8GfYFPkwiKCW4ZNSs2u11xBRnqY%2FUeOmUV6JOilr14EVe24TPUAjVom6erov7GM7vVtSysnCKeL8C5cTrx%2BxzT%2B4w2M0keTifTOheVpZqA%2BntRPkLjqBzLeKiirrHLBQiYrxhpmMJxVpSyyV5HQrbbKlEcBtZMcEOuLK2JiOHweop6Et9Y4M3yehj29Ch%2FRnPmwSl6i9y3Jwce435vIEXcPeN7Q5hWL3ffizru5DS6f6ty4552ACFcmFd47ZSP%2FQVeCFrfq7yY6jPFL7gGdcab%2BjMGITupTu5BOfFCs5YnIrGkbWpRKeQ%2FFbFoHfEoQTJw%3D%3D%7Ctkp%3ABk9SR4j7ypyXZw
Shop on eBay,,$20.00,,,,Brand New,https://ebay.com/itm/123456?itmmeta=012DEW30YG0MEEKND7NH&hash=item123546:g:acwAA9KNiJowH:sc:ShippingMethodStandard!95008!US!-1&itmprp=enc%3AbgepL1tlUHjMGCVfSTGJh%2BzsVKeJ3CQk7NizDI4BZeppuFnmyS6Ijyp8lh%2FnEw%2BWqO7uTV1Q6izE1R0T54aV8j71F4xlWfVcGft4%2FiOQhtqVXA1rW6M1atPARQRmhqUxtEPJKhKtSFgI%2Bvwlzb0GwVCtkp%3ABlBMUObkmabpYw
Shop on eBay,,$20.00,,,,Brand New,https://ebay.com/itm/123456?itmmeta=012DEW30YG0MEEKND7NH&hash=item123546:g:acwAA9KNiJowH:sc:ShippingMethodStandard!95008!US!-1&itmprp=enc%3AbgepL1tlUHjMGCVfSTGJh%2BzsVKeJ3CQk7NizDI4BZeppuFnmyS6Ijyp8lh%2FnEw%2BWqO7uTV1Q6izE1R0T54aV8j71F4xlWfVcGft4%2FiOQhtqVXA1rW6M1atPARQRmhqUxtEPJKhKtSFgI%2Bvwlzb0GwVCtkp%3ABlBMUObkmabpYw
Apple iPhone 11 Pro Max - 256GB - Gold (Unlocked) A2218 (CDMA + GSM),,£140.00,delivery in 2-3 days,3 Mar 2026,1,Pre-owned,https://www.ebay.co.uk/itm/406728353759?_skw=Iphone+11+pro&epid=23034220841&itmmeta=01KJWWJZ5P1DZ4TPMYHV30H8QK&hash=item5eb2e627df:g:I2AAAeSwAM9po1U-&itmprp=enc%3AAQALAAAA8GfYFPkwiKCW4ZNSs2u11xA%2FR%2BXKlwnQyEBswDAetDYl1mzTBHdSigGEBUKOUnXKVQn1ABFCEZuN73foxFt8bvwB4YvGpppHkDbdusJpgkFf3ij8x1OeDIieOWAPOE99zh47mlUkT2oYVnL2wHctjuIPpRtr%2FynVqJONpURWtj86Zr%2F5zrSY7gQjq5SCvEhKPhjyvycGzY3FuqJkE%2B%2FLEAKc%2B%2BJP6belUZfRH2tsZI1BPKYEkeOGt5q8UKWBXqS%2BwPSvksTsFLiHbZurHJTutWZ2gFbogyXWlmzSrV%2BH1GB1jEyhoxHVEXHA%2BwJXp%2FaSOw%3D%3D%7Ctkp%3ABk9SR5zzy5yXZw
iPhone 11 Pro 64GB Unlocked Smartphone,,£87.08,+£2.94 delivery,3 Mar 2026,1,Pre-owned,https://www.ebay.co.uk/itm/168183327850?_skw=Iphone+11+pro&epid=13034214373&itmmeta=01KJWWJZ5PY8KF0ECMVDXH61TH&hash=item272881ec6a:g:HxIAAeSw~pNpjZ9c&itmprp=enc%3AAQALAAAA8GfYFPkwiKCW4ZNSs2u11xASuhFpP1P9A%2FlwFLW2sPkPJ4MOJu99O25VLfU%2FnddbTXrBS%2FQL4npuvxWBQOGT98Es0%2B%2F5ylmXwSjYUgH91ltx8nL46rL7KyZgHHQI8BrsnwiDIb67AU8UYhBSmvJz4r11Zx40eUfsRN4bB%2FfRmzRhUYyGc%2BuBe6LbbtP6TuiHdBlX1ix0ea6tbrJZ%2Bp8uKzHBDlW3JLhij8nxjAQZog%2FpK8gKJ84MMNrrvCKORf1ozw17BYTsbSFVxcbgOJ98TVnYDp7kHiMzfeli8uNPSJG9boRxnUuWfAgaXMADvOI%2Fvw%3D%3D%7Ctkp%3ABk9SR5zzy5yXZw
Apple iPhone 11 Pro Max 256GB Unlocked Silver - Battery Health 80%,,£169.95,Free delivery,3 Mar 2026,1,Pre-owned,https://www.ebay.co.uk/itm/117058481174?_skw=Iphone+11+pro&epid=11034210143&itmmeta=01KJWWJZ5P543TK17PA7QFJKE9&hash=item1b413aac16:g:c8sAAeSwJEJpoDst&itmprp=enc%3AAQALAAAA8GfYFPkwiKCW4ZNSs2u11xBtXK4gPeCFSF0L6G69uB5qs5QwTPX6J0z0y0U11JHNMOdCsn27KZ5%2F0%2FXQLav%2Bi5agQFdeHbr05zJxjdd%2BPMxMx2t9UeiDwPeNztw0IIOVaj%2Ff48D%2F1IakvO%2BA6IubOwuLv42CwlFvOCtV6JQy%2FugqmMGPc2Fvb2CTAeLwBCVXVQtutTnkFLTKxadXXfeENJMwMBoaXq2Bg79p3NnebHOIfF%2B%2Fj1r8wmEK2GgnrqKf6gmYGnKecwTkNpd3dJNPepEh52qTi%2FHWIyc%2BWWsoAT%2FMpi31APjnwqClx4xBCgK9wg%3D%3D%7Ctkp%3ABk9SR5zzy5yXZw
Case for iPhone 11 Pro Max Plus Shockproof GLITTER Hard Back Phone Cover,,£5.95,Free delivery,3 Mar 2026,1,Brand new,https://www.ebay.co.uk/itm/157487393899?_skw=Iphone+11+pro&itmmeta=01KJWWJZ5PYYHEJP0YWSQQWVNN&hash=item24aafaec6b:g:toEAAeSw4VRpIIR7&itmprp=enc%3AAQALAAAA8GfYFPkwiKCW4ZNSs2u11xAM74iZPOGRb1g3VAvrZOTIbpw6NedFgL0ChEeTqWWeZwywxf3ue5LsYRiJ5hPOXgraT4nbEiAMfKkaXtCJTJ4trDXHxjIQ9e29eOCT5aqAqDzQgscAvIFNRLO%2BROGoEHOvsbU8FnTLjOO%2BTTtGBHAdAZOHecrOICZGLtxJHFx4vlfiYHqQTbQUHvXy7mh3FLOXbj9152mpRslKN5N7jGkCzxz2PbxeYTt%2B7a7wDhpbqWJIiM6bj74ZdYu%2F3eAGZFukD8Rh%2BvKdWSU04O%2Fj%2FNbSGoJweWAt7RWcL50MzLcw6Q%3D%3D%7Ctkp%3ABk9SR5zzy5yXZw
iPhone 11 Pro 256GB Unlocked,,£128.18,+£3.94 delivery,3 Mar 2026,1,Pre-owned,https://www.ebay.co.uk/itm/188080346060?_skw=Iphone+11+pro&epid=16034214113&itmmeta=01KJWWJZ5QDE78T1HRGM9P7AVZ&hash=item2bca7653cc:g:nVgAAeSw1lVpiKtu&itmprp=enc%3AAQALAAAA0GfYFPkwiKCW4ZNSs2u11xCXXXgbDkbsj72snE7fzLHXX9iX7RZ8J4uf5Gwk7DUR8m0BlMYlEnKfaq0XM7DYwocyINghpE1qQ4UoWpgFhwIdtIl82QYY2WOrV1lkNbegtTFC6XXYGZbhON0qpoCmaS8vGz6gNmJit0Bk4x7eDaam8wAF19zESp3%2Fn34AAvR7dHVp1QkdJtHdLtqljYju%2F8Ofq8Pq9IFvivsuSpPpgGcLmIpAnLRLD8s8QtJYVLCVR%2FcIFxO8rEyIC%2B78HpUGbF4%3D%7Ctkp%3ABk9SR5zzy5yXZw
"Apple iPhone 11 Pro Smartphone 512GB, Space Grey, Unlocked",,£139.58,+£3.94 delivery,3 Mar 2026,1,Pre-owned,https://www.ebay.co.uk/itm/188080345538?_skw=Iphone+11+pro&epid=12034199365&itmmeta=01KJWWJZ5QMH1E086VBJ0CDPSQ&hash=item2bca7651c2:g:ooMAAeSwBk1piK0p&itmprp=enc%3AAQALAAAA0GfYFPkwiKCW4ZNSs2u11xBNpUVxEeDqf8WbApSNtzLKIfDjfBHlCwCv2V8SxeLeIEllwLyWTII3GwILAtGJjd6SiiWDMCYSTjILbKNfbw9IcmzV05K%2FteVXYCXMmpSVAtwmocUO0xyJZc0e3Vncojj7JCA7DNvN6vTauCaUgCqRG0DXzGlZEzi18b4S5hpMg7z%2FFPUyCG8MJ4QJQS1%2B%2Fq9uSsg5SSB3jnMWEHSr4QBHV3soNjqYd2KxT5MT1p38fNim8JV2lEAq3xycGd4K8I8%3D%7Ctkp%3ABk9SR5zzy5yXZw
Leather Flip Magnetic Wallet Case For iPhone 16e 15 14 16 Pro Max 13 11 8 17 Pro,Leather,£8.49,Free delivery,3 Mar 2026,1,Brand new,https://www.ebay.co.uk/itm/365131428689?_skw=Iphone+11+pro&itmmeta=01KJWWJZ5QX95KKHV0XX2TFPNR&hash=item5503877351:g:4lsAAOSwq5tnwxfe&itmprp=enc%3AAQALAAAA0GfYFPkwiKCW4ZNSs2u11xAX3ELHjb0jf0WIH2m8hwcR57%2Fcs2vJji8HfvG%2Fa3yG7WwdeVb90C2jRj2qvZqr9dPIfv%2BjJhJNlocJx1bqe1ByfAJMg13kQUOPOeNY8hOTdQTkimDWl3CkHP1dFohcvXsBFYcnwUZeflT888uV1QWQ4AEkSxXJLsFhDgC0Sel2F3nsltJy35CDiMoqYtvoq9gILYkLp1p4%2FVJ8%2Bj44AhLRZ2gISnzmUaRThlzxsmtsK%2F%2B7cOH4xKBKikD%2BtP%2BDaiU%3D%7Ctkp%3ABk9SR57zy5yXZw
FAST USB iPhone Charger For IOS Cable 7 8 XR 11 12 13 Pro Max iPad Air BRAIDED,,£6.95,Free delivery,3 Mar 2026,1,Brand new,https://www.ebay.co.uk/itm/185104927020?_skw=Iphone+11+pro&itmmeta=01KJWWJZ5QSFCR6NHV892A0MZG&hash=item2b191d092c:g:fkEAAOSwl8VhZyjF&itmprp=enc%3AAQALAAAA8GfYFPkwiKCW4ZNSs2u11xAi5MRomm9Unsz96fD83MKTl3VlEyWFYspu%2FtnLR4B9xbm3n1qa5bRsEQI4qWiipH6itkG8aaYLhUaRe0oxeGgmtY5%2B5bwTOxD7BstO%2FwvB93JEjBibUFsKes9M%2BIMQcZQVw0qiSVbn6Xx4h4wSzfHgO21pTfow40fgROjcyM6rnhTKDaXuHdHxq%2FSzTcoril1krG%2BWHbn%2FasdOdy%2BF79uZUnYGr0IFyPdQNF57ocqocYjVHA98GhQmYCLhE%2F6iXjogk%2Bfl%2FBgwyEhjqgygiNDVrHItZUb1HrdOiYVf0gb0uA%3D%3D%7Ctkp%3ABk9SR57zy5yXZw
Clear Back Case For iphone 17 Pro Max 16E 16 Pro 15 Plus 14 13 12 11 SE XS 17Pro,,£4.99,Free delivery,3 Mar 2026,1,Brand new,https://www.ebay.co.uk/itm/284760072202?_skw=Iphone+11+pro&itmmeta=01KJWWJZ5Q49Y9DYVFVWW05155&hash=item424d05e00a:g:IBQAAeSwiz1ouWbz&itmprp=enc%3AAQALAAAA8GfYFPkwiKCW4ZNSs2u11xA4hPTjcFPJAR1OWIvujVjejvzlA1ZAJIWfArlegIJyLAun%2FEkCVYGAgGU9LNaleOMFHosy%2FyVZbe0yqfiveAB3Sl7jGZzv0OLGsOUSnKj5oIEvf5zF%2BDPztYxvaxAC3UoBEOqV9%2Fuu3zCW%2BV26UwwqSQb%2F8FTylPl%2FyLA5f1%2FB%2BLQG5lWGsFad1HU%2FPsmtyMgGh1Ly4%2B2P1ABHDH0eM09xlIzqE97iNPoGzw19ZrUzfNcK43he28vuZ3RXOEIz5GlHXEkPcW77xH3DnSm3005wJVUuvJgX2UrpEC1ycd9gBQ%3D%3D%7Ctkp%3ABk9SR57zy5yXZw
5D Privacy Tempered Glass Screen Protector For iPhone 14 13 11 12 PRO MAX XR,,£6.95,Free delivery,3 Mar 2026,1,Brand new,https://www.ebay.co.uk/itm/175480369700?_skw=Iphone+11+pro&itmmeta=01KJWWJZ5QX0TE4RGR83BSYP4M&hash=item28db71f224:g:KzgAAOSwBaRgv4nX&itmprp=enc%3AAQALAAAA8GfYFPkwiKCW4ZNSs2u11xDCbAYCyJPiKgC8jv4FMS2xECKLwygkFuv%2FmzV9ta7LApd4JTZLlbN4Zib5kdPIn7PVlkfzqUi%2FkFi8BNTIa%2FxXnVOO23E4VwZ5Lc3TYK0TydOVmNEdZdXzzdoGttJNFseXdoeru7ARB4BFDUAxCpSt3dtMAYPEJjVqby0XTk7sqZArMdtvyM82TJzWM%2FqANpm8cqR5CZY0BVEmthKpo%2BoPijgwIOYrx%2FXaLey%2BMXyePKNVGmMJB1jb%2Bj8Ar0UdyFPSZGnAGm7Jb2fvDf03DI95GRiuei7C338El2rRFE08PA%3D%3D%7Ctkp%3ABk9SR57zy5yXZw
Magnetic Magsafe Case For iPhone 17 Pro Max 16 Pro 15 Plus 14 13 12 11 SE 7 8,,£7.99,Free delivery,3 Mar 2026,1,Brand new,https://www.ebay.co.uk/itm/226457021551?_skw=Iphone+11+pro&itmmeta=01KJWWJZ5Q111XK3C979C34SAB&hash=item34b9e3ec6f:g:0gkAAeSwHnhpHKWd&itmprp=enc%3AAQALAAAA8GfYFPkwiKCW4ZNSs2u11xDJapZEu8MIoO%2Boan8iDhVlJy9WZjnKiU4qJxZhcIkR6ddnUyMUa3pPmqZvsSucbQndsf5q9hJXRQK3j0T8ZVO7h23LVC%2BEZOJzpSACbzbzyN%2F4mdvaJxvgBx39zUEVI517QqSZ2DrCYcTQHh6rj9URLJRjQjhvBfPl5oB9p6lf57k6C4Wyt%2BxRhAVJ6qB1bi8j3JmJM9IC6FCTRTgFZaFBWEZTSa4T6rdQRoaic0DPD2P5FTJp5zjM2YciNZ0EmSwipxszGlnAg3LD19haUz8Stz85Livbt0IKCHI%2Fi9%2BhKQ%3D%3D%7Ctkp%3ABk9SR57zy5yXZw
Apple iPhone 11 Pro 64GB 256GB 512GB Unlocked All colours - UK Model - EXCELLENT,,£204.59,Free delivery,3 Mar 2026,1,Excellent - Refurbished,https://www.ebay.co.uk/itm/184654766275?_skw=Iphone+11+pro&epid=11034210273&itmmeta=01KJWWJZ5Q2FWQMHYYCJFYAA2F&hash=item2afe4820c3:g:xicAAOSwMhJh41ay&itmprp=enc%3AAQALAAAA0GfYFPkwiKCW4ZNSs2u11xA%2FJzQwDCBIqL5RtvIc%2BpKGOVXHWAk9MI%2BgoXTZZVE3s8pztlLl5KhTR00HxN9sdelDQ1dQOxquJVj0jmuJekEnw0bgqIPpXHLfgKs4uO1FG5Vw1v%2Fi21xSn0EGbWvLtYS32Lh5ChjsjzPkReQEn9D0CmBcnS1hE8OgoepiizsGuZIiAQFz6yKc%2BsY5mwSlJQ%2BT38szK6R1SadVVWyhhMuH8n5ec2ZwsUCK4qbxMj2pO7S0V6y8LNbOL3tcQo4hb7c%3D%7Ctkp%3ABk9SR57zy5yXZw
Apple iPhone 11 Pro 256GB Space Grey (Unlocked) very good,,£149.99,Free delivery,3 Mar 2026,1,Pre-owned,https://www.ebay.co.uk/itm/336392615071?_skw=Iphone+11+pro&epid=8034218244&itmmeta=01KJWWJZ5QB5H6JSEW7PS09XN8&hash=item4e528ff49f:g:B6gAAOSw0fxhqPQP&itmprp=enc%3AAQALAAAA8GfYFPkwiKCW4ZNSs2u11xCTibjN7Ur7m%2BYFejEI7yu15HQB%2BpLMGbxytr5DdV9k6p9YrtfUskUZttixVuHqHxW8ZkBBqZgd4LA0dRKvEJHlsxBPjs1BSy6Wjew0%2F0dWsHH4KOiG0NSIuI%2FmMRFz3vn9dRtzQBgOeUF8enbvSbKwDsuTBtEc1xeM21%2F7waVgAtdh8GNBbkvEGtXBaHlwmvAwtY3sumFCC7EDu9idRpvpMzV4zIJXLHuMECxIV%2FtZ6NtU4rXbvFctc8%2FpWkuCUBBrWHv%2F9ney%2FAK57snEm4xjr6%2FhHPbWkVpzBY9DZnx8%2Bw%3D%3D%7Ctkp%3ABk9SR57zy5yXZw
"Shockproof Magnetic Case for iPhone 17 Pro Max,15 Pro,14,13,12 16 Pro Max,11,16e",,£9.99,Free delivery,3 Mar 2026,1,Brand new,https://www.ebay.co.uk/itm/335797926727?_skw=Iphone+11+pro&itmmeta=01KJWWJZ5QNTGAB3DZK3WKYG6J&hash=item4e2f1dbb47:g:lRwAAeSw5aJpJ352&itmprp=enc%3AAQALAAAA8GfYFPkwiKCW4ZNSs2u11xATTz8FnIKvpX7vWZ%2BES3uPVzNRgrK%2Fx9ID6vBK%2F5PPihT1BPQBjuMuGmtcz0uIhd4MyidCt7GLA6SWRRz2J1zQ0jvYuwuUVnh8p4a024T9M%2B3iccQO0UaDNvwiv5n5OrCBDz1oqGUl3Vha9L%2BewivTjSLk2b3HnTBPFXP7N14aJY1CH43XBKEAdSvB1xP8%2F9rjXxwvbUHTPlGmVe%2BOxVbuIcGXik046arpErQWJnD07eeIBBea82RUqs6%2FV8OEoMpffTHK4zBX86psY4%2BjHKxxzTCjsmIvlu3v8zWO9KJUBw%3D%3D%7Ctkp%3ABk9SR57zy5yXZw
Apple iPhone 11 Pro Max 64GB Mobile Phone - Unlocked (low battery),,£119.99,Free delivery,3 Mar 2026,1,Pre-owned,https://www.ebay.co.uk/itm/157720834789?_skw=Iphone+11+pro&itmmeta=01KJWWJZ5Q3P25NNDMYX40F28H&hash=item24b8e4f2e5:g:62wAAeSw-V1ppfit&itmprp=enc%3AAQALAAAA8GfYFPkwiKCW4ZNSs2u11xCTRauPQZ5wR39%2BBz27%2Bo3mxbYUSmLFMPPtkABcMK%2BEmyqYEsDLshMjoqMJutiWSXHt%2BlGpE31vHQ7gfayCTPNW%2Fwmx4tHmd%2FpAuv1O7uRaSVHbQ0XpLiziguhvKrNX72Opy9u2Zy5dTm63NGKw6GdHNdp3LejYP%2Bn0suB2uPhmMM9EzzwZZDfATA9Y6WA65KGM6%2Bhd029ldh70quB5HcVodCWjU4P8x1pC3DyT4WLhpBqiUQTEXiz0qldjGOHKpvsYwbAFSCQvwUj3Gk1GUfCZjHDScrMANJKILaGHtvrJdw%3D%3D%7Ctkp%3ABk9SR57zy5yXZw
Privacy Tempered Glass Screen Protector For iPhone 17 16 15 14 12 13 11 Gorilla,,£4.99,Free delivery,3 Mar 2026,1,Brand new,https://www.ebay.co.uk/itm/257248113509?_skw=Iphone+11+pro&itmmeta=01KJWWJZ5QVK6TNQX8E7QNA09S&hash=item3be52eb365:g:48QAAOSwgn9lH7b-&itmprp=enc%3AAQALAAAA0GfYFPkwiKCW4ZNSs2u11xA60It3MODvEY6yVU5yjesoJ%2FTQVERGEJKiAYUdSK8PHhhKKEbmUjF2iWu1G%2BVXWTOf6ggQZ%2FPFtWHX%2B4qoTsf5MXuZOkyDgc6NcMk%2F59QrFjVOr77VZ9LzfYVHCYY2a0Klbxx--foIz9xLhzDQRCLc16n%2B8XrvgSFKvNfpGhVSbWrIVGxFyQcrqCYQnsAV%2FKATDb7yKDrtCjRO%2BVv58LpXysxpM3FeN8Ie2Ro%2BJlwoS83GkUbGgNJAQA52y%2Fwqf7s%3D%7Ctkp%3ABk9SR6Dzy5yXZw
Apple iPhone 11 Pro 64GB Unlocked phone Silver - UK Model - VERY GOOD A,,£167.39,Free delivery,19 Sep 2024,531,Very Good - Refurbished,https://www.ebay.co.uk/itm/402682030484?_skw=Iphone+11+pro&epid=4034210697&itmmeta=01KJWWJZ5QTF67M43282WHWNP4&hash=item5dc1b82994:g:-K8AAOSwugxhQlp4&itmprp=enc%3AAQALAAAA0GfYFPkwiKCW4ZNSs2u11xAtQl6GDE7PxVn60VQH5e53ej%2FSpVYZTA4KbKEED1Q0Hpp%2BAHWU9%2Fo6SmZyCM%2BTrmqO%2BRuEsAVz8Tnlpm6ceJPIx1YcCLeCFXmK6mgsPeum3XqXDXJnviqJODHxg8QxIscUwhsCrkWvXUG%2FvAeLoL2zWj%2FecvpKYX%2F0Of3Hk20%2Fwwy9HdfM2KJx%2Fu58cj%2FMXJg3s51U%2Bc59LLc7BnWsxFfX8LcCLttTxyG6s8KhR8EFjmC3zZgGwuUDlFyHnLxr1Rk%3D%7Ctkp%3ABk9SR6Dzy5yXZw
Apple iPhone 11 Pro Max 256GB Unlocked Space Grey - UK Model - VERY GOOD A,,£256.49,Free delivery,20 Sep 2025,165,Very Good - Refurbished,https://www.ebay.co.uk/itm/405061992292?_skw=Iphone+11+pro&epid=26034221360&itmmeta=01KJWWJZ5Q41BZHF2V031BVM64&hash=item5e4f937f64:g:CeYAAOSwcktmfH50&itmprp=enc%3AAQALAAAA8GfYFPkwiKCW4ZNSs2u11xCU3CHEdpv5Tbw5lIYBnIHktdrmC6Zwjuh5VSExzLGxWoN6rbVA6%2BkwA8G%2Fbs3emCXoT5vr5XP71epIbKgB32OoQsHHmiqDM9DArpilulxbNeUfUjEOga2YqYRirzEbTBlDQpgv2QJq%2Ftp6gXeablePqt%2BFVGsDqByLtOEmcJ4EDwbyPz2FXoaw0H6QNaFGZaDzFsmW9gh1ZRyB39mj6CmSM8%2FRJ%2FP8gZAvrUl4LSOfyssD%2Bh%2FvEHxd4V4D1hw6%2BJaaK4Q4zjutTmigGLZrC7sxWkEisw9fC37ixkocxPIEng%3D%3D%7Ctkp%3ABk9SR6Dzy5yXZw
Apple iPhone 11 Pro 64GB Unlocked Space Grey - UK Model - EXCELLENT AA+,,£213.89,Free delivery,11 Apr 2025,327,Excellent - Refurbished,https://www.ebay.co.uk/itm/184199829561?_skw=Iphone+11+pro&epid=8034218244&itmmeta=01KJWWJZ5QK4QQBVMP6F24QVP0&hash=item2ae32a5839:g:nDoAAOSwJ45g7vbE&itmprp=enc%3AAQALAAAA0GfYFPkwiKCW4ZNSs2u11xDdE3PJzRCZ5DLWfVubE%2BJt%2FFHvlVKjQW863h1XoQ833iuDMOJsnuXDOjfU33GmTwwsRuYMxbzGBVToYoyJUgj09zSHrWSdAIKNJTJpjH3of1B9YNMp5jHuje%2FZ90w3eeyce8r3tUqqqGQ0dBLbRFbcYBYEiQaQ20fqNca2%2FV7m6AcX8NVy4Aav9vsTzHwexlHggltq4lTP76OUsuQ65LXSO5ejJxuHVKfMf75F5EACqwWd%2FcNbB3x8klnSom6haOY%3D%7Ctkp%3ABk9SR6Dzy5yXZw
Apple iPhone 11 Pro 64GB Unlocked Phone Space Grey - UK Model - GOOD B+,,£142.28,Free delivery,17 Feb 2026,15,Pre-owned,https://www.ebay.co.uk/itm/403267491213?_skw=Iphone+11+pro&epid=8034218244&itmmeta=01KJWWJZ5Q93PRK1DB37PPGJ8B&hash=item5de49d958d:g:cBwAAOSwd65hfjl0&itmprp=enc%3AAQALAAAA8GfYFPkwiKCW4ZNSs2u11xA8SyJM71HnDTJbcsWDS932uIH%2Fw7wesfLNvmx6NZrMvYNVK8JCDZZzBZJZx40Xx3rB1qufYV7zRIXjYOTWyxM8UYiGAOsqiqf7lugSjnZi4AgUT8OsHpGDzK3Ny9Rsv2ynY%2FRFKtNoyGWxcvVvM2vnrEqOQdiJnQt1eVRi3u%2FuJPQVoNohvoNVp7wGasGyDQt6V2WQFTWpAYWfrG4ioJ9zl16jtWeYUF9SBALs0zNeLONMK07BS%2BhIrsmF1Wv4F5XIouxtmrnRpT9nd4jQHgnvAy7M1Y1tIoyex3mcv2R6Mg%3D%3D%7Ctkp%3ABk9SR6Dzy5yXZw
Apple iPhone 11 Pro Max 64GB Unlocked Phone Space Grey - UK Model - GOOD B+,,£195.29,Free delivery,21 Sep 2025,164,Good - Refurbished,https://www.ebay.co.uk/itm/186519032189?_skw=Iphone+11+pro&epid=14034212889&itmmeta=01KJWWJZ5RV4PKHHTZD5QR7GSZ&hash=item2b6d66917d:g:ySgAAOSwnopmfH67&itmprp=enc%3AAQALAAAA0GfYFPkwiKCW4ZNSs2u11xD94UF49x3EDjquZqyGbG7kOVq2bwCCr6ZEt80Q6CbMEOscUDy2NqxUBbcocoM5KN%2Fv8lQflfzDr%2BxIGyiwJfgLDN91he2ZHhVByKHorfDYszPkPMez%2BnFVmOxs3YpbAVM%2FnNpoQ025blo9%2BO5IHGF%2FnQqlsVKMBoWMd1ZFq7ZPadNVIfXlZkcFer7QniP%2FkYfWcvewHMi2UoVA1qgeMAlx3dy2kJWUm4Di8dktWbFQo1nvxRAtwOQ%2BEEiuWZA6hfU%3D%7Ctkp%3ABk9SR6Dzy5yXZw
Apple iPhone 11 Pro 256GB Unlocked Phone Space Grey - UK Model - VERY GOOD,,£213.89,Free delivery,23 Aug 2024,558,Very Good - Refurbished,https://www.ebay.co.uk/itm/402713680601?_skw=Iphone+11+pro&epid=5034225079&itmmeta=01KJWWJZ5R3K2M6QW0CAB78M0S&hash=item5dc39b1ad9:g:Wj4AAOSw0~5hZz1H&itmprp=enc%3AAQALAAAA0GfYFPkwiKCW4ZNSs2u11xAPg8zEjCC4jfW8mG4w7cz1%2FESyZ0TW8CCGIprEvBnb%2BZzSZzTqJdMYrkKIzd4uzgih7ZDHritoEmdmCgm0gpcR8i53yL3BaW4EyFFFGZjlkqG62l8HJ6VONuPi2rf%2BZNRUhd1e4XozQ39%2FElR26L9e6vVbo5sLLEgEm%2BYqhs3g%2Bae0h5Ntdh2%2Bq6Gagw8Vsf742d2C3V1KFDaibE29b4JcFpHX3SyU0N9talr94CmeXJnFsatU5NDZNEz8%2BPHB2bs%3D%7Ctkp%3ABk9SR6Dzy5yXZw
Apple iPhone 11 Pro Max 64GB Unlocked Midnight Green - UK Model - GOOD B+,,£203.66,Free delivery,13 Feb 2025,384,Good - Refurbished,https://www.ebay.co.uk/itm/404318967004?_skw=Iphone+11+pro&epid=5034224996&itmmeta=01KJWWJZ5RRNMMAJ3M6A5E0W4Q&hash=item5e2349d4dc:g:Ba0AAOSwoKJkfHRM&itmprp=enc%3AAQALAAAA8GfYFPkwiKCW4ZNSs2u11xAAsAnK2lvt75Ft6VNgTW7sG1piMlmTEnlpEwWdlgo%2BseyQagGwbnnAKjLa9dfMvTyKM6QHdoShrZhTsPA9CskYlNQMafenRGKd%2FgzCPBVUu5ZvwONP5QF6sJzmezxvl3%2BCKcI9W1gDzAoC9FluLqYJ4%2BZxPcO9VjyQYA%2BGC5Yv2PjrmiTNJENpOGpEJyuPgClLIebXSw%2FgJNSM%2FRdxrnqdcHOChy%2BG2H7vQOnuskF4%2FrqXZm2dMXZPd29juDjAZhb%2Fytt9fAdz3g3PmIQTOT0BmsN5RrtE%2BCXusMkfLLedgA%3D%3D%7Ctkp%3ABk9SR6Dzy5yXZw
Shockproof Ring Stand Armor Case For iPhone 17 Pro Max 16 Pro 15 14 13 12 XS SE,,£8.49,Free delivery,2 Mar 2026,2,Brand new,https://www.ebay.co.uk/itm/224939926444?_skw=Iphone+11+pro&itmmeta=01KJWWJZ5RYQFGX3PJB3Y4BD63&hash=item345f76e3ac:g:e0oAAOSwTHNiWflX&itmprp=enc%3AAQALAAAA0GfYFPkwiKCW4ZNSs2u11xCo5XF%2F2ch8yTRueD8ZOaiPo2cLzXPpbSgrUw9IoKCwRpetFdRiLFSZDaz1DIHypxtn9VgKlahuhumTbBnGVq90GARDCEeHX5%2FlONiDTwAODj75XG6yCPtrZ2wRUqRTz%2Fun5tPMNlJq2gPsbMLL5S%2FYPEWFod1HLLwNsTo81JDhlYIELQNZZ4B3oGnPqLcu1T8DDoNAd2d7ytrriUr2J8qEMgSQy9AgtYvgpDJrlgNQF9pHg2kbW%2FNzlwCcyo%2F72nc%3D%7Ctkp%3ABk9SR6Lzy5yXZw
Apple iPhone 11 Pro - 64GB - Space Grey (Unlocked) - 70% BH - Read Description,,£78.70,+£2.72 delivery,2 Mar 2026,2,Pre-owned,https://www.ebay.co.uk/itm/306781635360?_skw=Iphone+11+pro&epid=8034218244&itmmeta=01KJWWJZ5R6YJJ045SZY48RZVA&hash=item476d9c4320:g:klwAAeSwOetpmJLE&itmprp=enc%3AAQALAAAA0GfYFPkwiKCW4ZNSs2u11xCoxt%2FE5ItLZj70CLGTk7MNlfJKHeUCieRoVB9%2BKYrM%2FJGFAsucVwLaaszYAvrMw9GvVq%2BPEzxYgt8gEw%2BmpWjSXFBF%2BJID3xfB7eIdkCLnokNIGOaAcqJIanuzvyUw%2FACENaR5KGU3xtcj6S2OjUbNuUYUpbP%2B%2BdymSDS1HwAxdrtN4WfJkbapYS%2B6PZuq18cpiCQ%2BWsmS6KM3%2B5DWACOyRSLQIdDR%2FmRygvjeQ%2FK588OVCHyPw25ru9zW1nq8XGA%3D%7Ctkp%3ABk9SR6Lzy5yXZw
"Apple iPhone 11 Pro 64GB Silver, (Unlocked), Smartphone Excellent, no face id",,£99.99,Free delivery,2 Mar 2026,2,Pre-owned,https://www.ebay.co.uk/itm/336376324633?_skw=Iphone+11+pro&epid=4034210697&itmmeta=01KJWWJZ5R28HDJ3SARPQMVWBH&hash=item4e51976219:g:EtAAAOSwZpdgPmcM&itmprp=enc%3AAQALAAAA8GfYFPkwiKCW4ZNSs2u11xDQlb0rVQ5Lz5HlpM487b4bduXC4PWcS52msR6AhQCE3SUv6nJ9IF7YSLiW8Tdn8oxnMI%2Fxobflr3ygbYr%2FZgQaQJoIEObz6AJJGNdalv7MCiDE34laf7V%2BoqEOUi%2Blo9hzd%2FHz%2FyJ5ZKxKDwhATklvUprFpVPWfTBxC8qrj3VeXoZ4R8juvsqQ8LyZGwYgKV5%2FsykEsbIXwhwx3KUCXI2eXfPQB9FMlC8QMxyqQo0GctrdrcgrfEbdGKYjeV3zSAHnYQQXuB6FaF99IWZHiPukhawKb4aZ2MqgPZqv128HfA%3D%3D%7Ctkp%3ABk9SR6Lzy5yXZw
Apple iPhone 11 Pro - 256GB - Space Grey (Unlocked),,£134.95,+£3.42 delivery,2 Mar 2026,2,Pre-owned,https://www.ebay.co.uk/itm/297968785405?_skw=Iphone+11+pro&epid=5034225079&itmmeta=01KJWWJZ5R5YENNZ4VJ8P4G7RY&hash=item456052d7fd:g:KCYAAeSwxbxpdnf1&itmprp=enc%3AAQALAAAA8GfYFPkwiKCW4ZNSs2u11xBPNi0CrcmeiLAvvWWiq8sMV0WMF%2Bl%2FM4%2F4T--Q9kHqTmOaxdIqDc9eJr4EApwHckff%2BcHh4PcU0RE9aaC%2FcIsFos2g%2Btm8PylkcOUA7Qg7ASRFPipT6bC9jwnjGHG6UGaBGkwMQmJ4mBtZCOhjg8xA3f3GEruHsEkKkLNU5P4w3cT4QcwOLEqFKcnCblQpGxG%2FsLDle9Bds9qOBE4UY%2FOMJM59ouPanjksJ6cmKvVNMiO6Lnh1RMrHTtgposPQnTS792G99H6DM%2FB%2BKLqRTjdkhbkuEr1idg3Yl2VtnuljRg%3D%3D%7Ctkp%3ABk9SR6Lzy5yXZw
Apple iPhone 11 Pro Max 64GB 256GB 512GB Unlocked - UK Model - PRISTINE A+,,£339.99,Free delivery,8 Oct 2024,512,Pre-owned,https://www.ebay.co.uk/itm/203555593720?_skw=Iphone+11+pro&epid=27034209624&itmmeta=01KJWWJZ5RYHGVSCJH4HXCAA36&hash=item2f64dbddf8:g:zJ4AAOSwSplh3sU6&itmprp=enc%3AAQALAAAA8GfYFPkwiKCW4ZNSs2u11xBSdy4lEg1%2BVJ8%2BQaVGgNAi9%2B1DTA%2F6XK%2BHzoTCxMe4JyrPmZMj2bXKdsXNtYBUA1AphHIN0%2FIRzx7fXYkLRoo6KYgisX6W85vVFmAOGjKLQiesXyAzyzKZyrhjSJcCl2BLpsAlJ4vEFshD3XFKWJ8ZOfTYR6riQTa3Ctv2yrqCiglVYf475YNUXzJ5BzJtTEw87U8pqBdbjS%2FGVA7SNglRurSUo6ZLADeVaYkONMGOPVqluDCm0fXuJrPyWJD1GknL9mrFOa%2F7rzyMevsjdcYGmRuGsvUyzWgWO%2B%2FzxJn5lg%3D%3D%7Ctkp%3ABk9SR6Lzy5yXZw
Liquid Silicone Case For iPhone 14 plus pro max Shockproof Ring Stand Soft,,£3.02,Free delivery,2 Mar 2026,2,Brand new,https://www.ebay.co.uk/itm/385423544803?_skw=Iphone+11+pro&itmmeta=01KJWWJZ5R8NATB6N6F9TCW0P8&hash=item59bd0891e3:g:J4QAAOSwxa1j71Mr&itmprp=enc%3AAQALAAAA8GfYFPkwiKCW4ZNSs2u11xCT%2BwE--GWDgtD2WdOWY%2FN1Kl71UW%2BQRWTBxZv%2B6254E7nao%2BC9HBdGgnvsNdL2%2FZM5KUyuxbIqDfMdPgaFvOSx5HTIYe1mkM9IyfStGFvad50BRj7ecVwHFdwknrRcwNw4%2BUgaaj%2BAB1M5HaEahWqraZbhSsiq%2FTGhrYXhw2CHeF02h0HvmAkdIdR5Q5jiwSVRQtuvUDF8IKlPL8xvpux5KI%2Bqyq%2BZndkNemM1cxgwyKmclyMBn9BFXj9%2FhvcjLOkxUB8efMgRpvEMHmHnV4TIGs07mRxyLyIDsYHpcozS8Q%3D%3D%7Ctkp%3ABk9SR6Lzy5yXZw
Apple iPhone 11 Pro 64GB Unlocked Midnight Green in Great Condition 93%BH,,£125.50,delivery in 2-3 days,2 Mar 2026,2,Pre-owned,https://www.ebay.co.uk/itm/327022782376?_skw=Iphone+11+pro&epid=4035649505&itmmeta=01KJWWJZ5RHY56S91YHEPPMB12&hash=item4c2413a7a8:g:VhUAAeSwqHhpozKT&itmprp=enc%3AAQALAAAA0GfYFPkwiKCW4ZNSs2u11xDYRB43%2FICjqNfNKycp635V%2BmNrM8vvWh2ENIThG%2BSixcL68zB0U%2BMAecwytIb1rNAfB1nahbh92KCPtoXQeg8ZDI%2BlO6mE8FYMLDdZVz%2FzuxvWJ5N75ZcJRbpYt44plu2YNe6MDEKYEmOfHfjpCfOzX%2FSss%2Fl4VwXuPYU9EvVh3sop8k%2BJ13rKhUwRf7FOiD45HAL2uDqry1Z6Iv5ZcSJLn5CPwWQ7BqjQ73ivja48OzhWG%2BdAy6BfsTMUz0b5C8M%3D%7Ctkp%3ABk9SR6Lzy5yXZw
Leather Flip Wallet Case for iPhone 17 14 15 16 Pro MAX 11 12 16e 13 17 Pro Max,Leather,£8.99,Free delivery,2 Mar 2026,2,Brand new,https://www.ebay.co.uk/itm/196310581521?_skw=Iphone+11+pro&itmmeta=01KJWWJZ5RW69H19P70YMGREH7&hash=item2db505c111:g:4dMAAOSwsPBmAHm4&itmprp=enc%3AAQALAAAA0GfYFPkwiKCW4ZNSs2u11xC0MQgWLngu0tQqD5LLwhoALmocekf3gND7%2FmsC1d7fZjIdaOwC6hCFuGHRLJBbK1e6BzRxPWUX%2FIgnZ8G2a7JY6J6zVTeBSOYa5XommC%2BbTbcJEETK4ROVIn%2FM4AsdfthfrlEEOtUQ4118WpmHAnt5MtmLhArARJYejm08R3%2Fi59YZltN53VBrGOfuj4IJAYrB9R8a90vmue8lOqyyECDnRICAVaNpj%2FmncchAhhvFO77LMOHdQe9duJbXNxmIsO4%3D%7Ctkp%3ABk9SR6Lzy5yXZw
NEW iPhone 11 Pro Max Midnight Green 256GB 4G Sim Free Unlocked Smart Phone,,£376.68,Free delivery,2 Mar 2026,2,Brand new,https://www.ebay.co.uk/itm/187702545095?_skw=Iphone+11+pro&epid=24042009294&itmmeta=01KJWWJZ5RFQSA80E32P63ZGCE&hash=item2bb3f18ac7:g:fMAAAeSwTTNpBkTF&itmprp=enc%3AAQALAAAA8GfYFPkwiKCW4ZNSs2u11xBXYuV77HvzoFDKESap7Y1Nxq54v%2BBnOlzlsJPXzbATI%2BYdvuAqGosfEdqRD%2BQrsjNvsO%2BCAJGtn3BCa867Gr981I%2FWuMD%2BgrC%2FhAXnh4xm%2Bwg5PisBZPdAxGS8LfMkWNqXCH9bEFyKNfVdl7V4R%2BcSKJIX3aaqwN93eJngYpD8ZCZK1Y0MAyqzq6S9h%2Bv8L--W8JVmAVYJmE4%2F5UaBpXITwFHwTz67%2BLNJMj8WfLKruB9EEJyqAWegUpA78lgooirUepmTw2nfmnIwWvM2Xw5HLmtORB8SQDUqSDOa9A%2F44Q%3D%3D%7Ctkp%3ABk9SR6Lzy5yXZw
ULTRA SLIM Gorilla CASE for iPhone 16 PRO 15 14 13 12 11 X 7 SE 2 3 SHOCKPROOF,,£6.95,Free delivery,2 Mar 2026,2,Brand new,https://www.ebay.co.uk/itm/176770438474?_skw=Iphone+11+pro&itmmeta=01KJWWJZ5RQRSHX9AHVA4E490K&hash=item292856d54a:g:JFkAAOSwwxtnd7tv&itmprp=enc%3AAQALAAAA8GfYFPkwiKCW4ZNSs2u11xAmfnghcrDzlbMpWJARm6Y0EzPN8tHlibW0zBsYxWdKTnA0CnItWkDh6Em41KDwvnDz8WvA%2BDKfSRKUsykUscMv77GRDaDJ%2BXW0lsQUO7uK%2B5MEVSPmNtb4oD%2FhhJKVJ3ANkqPNaR56CxLsRswTSh3GrX1oXUo33RTOSO%2FPTLkAXGzOaR8Y8FJBcaVk9RvZWT8e2v8jLZNCvy9dLeKwBNhxkRQ2em89NPD0Ywccc6A%2BzDmeWTzt1L8EWqhrKjZVsykdsU4Stge0lXM6YCMgIdZ4vYGuY5%2BEO0jVlKnrO1buIA%3D%3D%7Ctkp%3ABk9SR6Lzy5yXZw
Apple iPhone 11 Pro Max 64GB/256/512GB - ALL COLOURS - UNLOCKED - GOOD CONDITION,,£179.99,Free delivery,2 Mar 2026,2,12 Months Warranty - Fast & Free Delivery - Unlocked,https://www.ebay.co.uk/itm/324760206572?_skw=Iphone+11+pro&epid=26034221360&itmmeta=01KJWWJZ5RRC9B0MGTNPR4BS1X&hash=item4b9d377cec:g:0BMAAOSw7VFhEnc9&itmprp=enc%3AAQALAAAA8GfYFPkwiKCW4ZNSs2u11xA6PeqR6Ri27kfdG0Clg2AWXPxFeCbXr7fch4jrFPA847XAbHzvZbQbLT3YqH4l%2FUZDz%2FoyJsoqOYLlCSFnBuO6XI%2FhnEnnDEvzdaBeosM7Jr5T%2BUP48OJ3xCkMWXkzT7sig6scxbkhtKoax%2F5aYde824LwgbFEdrPko9pcHUn363UoS0usa7C6H53SrIeDxwuW5PZaWG6q0baIUvbkI%2F6dykyFwtz2eoYqxEOX6CkjtFHyXS9xBcEGla7kBz%2B2CGLlRDyXdLS%2F%2BJktIDTB1d%2BwID7fVAOaV4BQzqSchuzCMw%3D%3D%7Ctkp%3ABk9SR6Lzy5yXZw
Case For iPhone 16 Pro Max 15 14 Pro Max Plus 13 12 11 XR 7 8+ Shockproof CLEAR,,£2.79,Free delivery,2 Mar 2026,2,Brand new,https://www.ebay.co.uk/itm/165553784942?_skw=Iphone+11+pro&itmmeta=01KJWWJZ5SJ79WGF8MCP0B545V&hash=item268bc6486e:g:nZIAAOSwEzJivGju&itmprp=enc%3AAQALAAAA8GfYFPkwiKCW4ZNSs2u11xB7AbBiX7vJrtVXrG3B5hLdoyjScSt5OuM2N%2BifId7w1EYgGrq7NxVIPvHA%2BIeRJmdnQOULhobxFNXTa2Sv3wwdNhCDdPBtL5%2Bfrt6NHMj4EJPaan2PNnYsQpP2D6ZB06YxeTvdWN1YBQOoledxoGG18YqYR5Id9xLhgPX2b5Dka32RoLd3eHR5fYVUmFalarDkyZYou9bu36xJu3Md53gnWk65hEg4T8PSs7wHScZBFjW%2By4unZwiPZEd4Y3CiAYNBNKdO3jfdY0kzjtLb7NJ8FVu82ULSbflVPYRF%2BU%2Fteg%3D%3D%7Ctkp%3ABk9SR6Lzy5yXZw
iPhone 11 Pro 64gb green,,£77.06,+£3.55 delivery,2 Mar 2026,2,Pre-owned,https://www.ebay.co.uk/itm/168200471994?_skw=Iphone+11+pro&epid=11034210273&itmmeta=01KJWWJZ5S3HVEYW2NA5C35FGT&hash=item27298785ba:g:tVoAAeSwlGBppexY&itmprp=enc%3AAQALAAAA0GfYFPkwiKCW4ZNSs2u11xClHbkFUTpBLWrs5jLi61MwZGdMPATi7b9XF6xhgV70Z7RszLj5faY4RcDppPfxL6xzRzerXFcVMxt3kol27Nrd6l1KndS5d%2BjkpCiygbU2lXT%2BTokDfz9hRzGSiYjW9IsnnZW3cKlSHdJ8fIyfjQ95d5AAUpZz2kodb%2Bd8U2QslQaqnpiHp5kvRDJObuQd8SmlnCC1RW1RyFPawk26JehnAAgc1eD4NHhqyLxP%2Beh%2B5Zut0i4sAkeVTJOzOs5k0f4%3D%7Ctkp%3ABk9SR6Lzy5yXZw
Case For iPhone 17 Pro Max 16 Pro 15 14 13 12 11 16 Shockproof Magnetic Magsafe,,£8.99,Free delivery,2 Mar 2026,2,Brand new,https://www.ebay.co.uk/itm/135411744549?_skw=Iphone+11+pro&itmmeta=01KJWWJZ5SJJ7S7MEWJSNJJSBD&hash=item1f872b3f25:g:xEwAAOSwTgpnSxar&itmprp=enc%3AAQALAAAA0GfYFPkwiKCW4ZNSs2u11xDbPwT%2FSf5CgA9jHjSVqH3z09bu006LzK8nqZOXP8lXvafPtnWby2JRJjidiRLO5G5vXQqzOsu2sA7pkU9CN%2FGtjXvn1EkH9AmMfQVMYaWix75CbXRyNZE5Guk%2FT62npTyqm6SjiVYJsccx1%2BbUjsQldRJlNgfUNjnhITwx4uxNuJkFlwovrKDxW9MBDyctj1PcPS8Htej%2B0jmg3qyL9OPeuWCg9sxfHulW69iENNUr3vEM%2BdfSCEslaM27iR9ymQc%3D%7Ctkp%3ABk9SR6Lzy5yXZw
iphone 11 pro 64gb in black; working but with cracked rear; unlocked,,£63.10,Free delivery,2 Mar 2026,2,Parts only,https://www.ebay.co.uk/itm/177899487647?_skw=Iphone+11+pro&itmmeta=01KJWWJZ5S8FJY7YZZ02MZHPZY&hash=item296ba2c19f:g:uUQAAeSw4TxpWBLD&itmprp=enc%3AAQALAAAA8GfYFPkwiKCW4ZNSs2u11xCRgdw%2FLBIlB9iNStXFsXk0KQYr7Hq9F5Heecr2AUucyTY7H5jn0I0MRtyPxXxLrgEIg9P7tKXXVQsPtOI%2Bd7fuiJwdY2l3msmVF2J%2BHWriZfSUOX59m4M9AhlTSyffFHWGF0VdBFzyFHy0JvJf9iXzqHFff35Jfljo7ClotPwQFIbyCoix88i75Ka%2F9LBGUcGpTHLvI1PMIa5NzT4ilwfjpSN5eO7LqZY%2BN9WOFABlcW%2FlYsn%2BvBDkuMLEkYO7ZtUevWfvFV3O2P5g%2BtEp2UFFGqHszbyD6DcB6gjt9eqfKQ%3D%3D%7Ctkp%3ABk9SR6Tzy5yXZw
Apple iPhone 11 Pro Max A2218 256GB Gold Unlocked 12MP iOS Mobile,,£159.99,Free delivery,2 Mar 2026,2,Pre-owned,https://www.ebay.co.uk/itm/397644676016?_skw=Iphone+11+pro&epid=23034220841&itmmeta=01KJWWJZ5S3KTQFCGS0JEJ6WME&hash=item5c95783bb0:g:064AAeSwN7JpndD~&itmprp=enc%3AAQALAAAA0GfYFPkwiKCW4ZNSs2u11xBwSKUMj4u5JUU8W%2B%2FshC0kcy7hdMSW%2FnpAbNAgycmhQvn9it4aQKwq3EUXDx%2F8O7fyDNIigErguYh4QEB1U%2BwNvwSsPNaJUvDRvGRjzQwZuxdmzvp6Xvn40kwlyH3OZ0ixIhhmaOE%2F2iHMRs%2FPXcQ8ymWFfK3tg1QOXU7kLcQ0dx4%2FrhfJFkIxBwJmIIgCDFifIkYUBwpKRPsg9vdVM%2F1VMRaza4ZXLWoUq%2FVz4tIKRRFdLXbP5r9nFxWstw9whEk%3D%7Ctkp%3ABk9SR6Tzy5yXZw
"Apple iPhone 11 Pro Max A2218 256GB Matte Midnight Green Unlocked EXCELLENT,,",,£189.99,Free delivery,2 Mar 2026,2,Excellent - Refurbished,https://www.ebay.co.uk/itm/336424035350?_skw=Iphone+11+pro&epid=14034578851&itmmeta=01KJWWJZ5S5YEFTB29NPYM3XAW&hash=item4e546f6416:g:h4MAAeSwmHdphhti&itmprp=enc%3AAQALAAAA0GfYFPkwiKCW4ZNSs2u11xDzQ0QBcb%2BMKi0TV3IFKOtOEQBFLSrLwvFSUNVCjssfvsu%2Fn42sgRqVvuoB93PqPJHPu3ZolvgqtMxdkMLYhPotYcs5fzbGcbyOVkkEMpzdpD%2BlVN2vBxZ4zp5wkz7oX%2BlxD%2FwofZx5fK7ND7KJn5lGVRpOViPfihBb4uNlHNc0NrW04SpXav8OLzwr3KF%2FNlbaKBFItI22tJcbeP17a8Pia%2FROxpBoLTk%2FNPouJapQuRF36%2B1zZfeOlPF09OuiHU4%3D%7Ctkp%3ABk9SR6Tzy5yXZw
Apple iPhone 11 Pro Max 256GB Midnight Green Unlocked Smartphone A+ Condition,,£142.36,+£3.94 delivery,2 Mar 2026,2,Pre-owned,https://www.ebay.co.uk/itm/257387659820?_skw=Iphone+11+pro&epid=27034209624&itmmeta=01KJWWJZ5SV0H895EEGKM7VJZN&hash=item3bed80022c:g:GEQAAeSwlXNppZb-&itmprp=enc%3AAQALAAAA0GfYFPkwiKCW4ZNSs2u11xA5badKZOv2%2Fxo4AQirJNx%2BeRA%2BEWR3fGu3tVPclUeMZjzYc2hsiCy467OU08buBy%2FXAQss5dJDJ8AbwPBdWSCCO0y%2BmAfuPpqt12IdiuaJX2Pks9KljrsqVLEIJC3zkrc3QiDTq3T7G0SwcyBqf4LOCr%2BoX0Z2ZLcW%2FcCtQ7mVDNmFcOpfMQmaYvOXzpvhy5jWanY3QVPn68ih1JuG7gHEh%2B52hyBFu6RpFGrj9ppJLf%2BMz2FBgzPlxRUVzDYc7VU%3D%7Ctkp%3ABk9SR6Tzy5yXZw
"Clear Soft Silicone Case for iPhone 17 Pro Max,17Air,16 Pro Max,15,14,13,11,16e",,£4.99,Free delivery,2 Mar 2026,2,Brand new,https://www.ebay.co.uk/itm/336154409786?_skw=Iphone+11+pro&itmmeta=01KJWWJZ5SBC4ZBPDA5FN84CZP&hash=item4e445d3b3a:g:AQAAAeSw109pGPku&itmprp=enc%3AAQALAAAA0GfYFPkwiKCW4ZNSs2u11xDIdcWA9GcumzqAxQPIEQAn1Z3JwyR9%2FV84IKCgZL56ULII7RbFg%2BZMffUzUS34mdL452Wx5wQZBtOHNQSj1xxLCejd1Lujbld1kRcyFiKyY0SDw6n9NMHgZiCwBSKbZ%2BYSrGhxtTv6N%2Fhqj7ZVc9sF75VC6KRrC2O9Yudc%2F3KYunfMViG0JqlU6N53dbv961KjRD0VwwZZierw%2Flc9uP5K0vdnMxUhafXBo9SARwSsdYpZ8Q%2Fwn9Ys2TxC3A7Tw30%3D%7Ctkp%3ABk9SR6Tzy5yXZw
Apple iPhone 11 Pro 256GB Grey,,£95.08,Free delivery,2 Mar 2026,2,Pre-owned,https://www.ebay.co.uk/itm/306786794491?_skw=Iphone+11+pro&epid=5034225079&itmmeta=01KJWWJZ5S030ESCNX166F1TF7&hash=item476deafbfb:g:SgsAAeSw7thpnJLQ&itmprp=enc%3AAQALAAAA0GfYFPkwiKCW4ZNSs2u11xDxq%2BUj6XsseqvjfVxQ5swhBPZ1nTGMaQFROOKDsI5cGUeJbWgl1RoTPQMZseDKb27iEpnTA8Qkff%2BH%2FrRYlE7TmjXrQ7rTN0YyFAfc%2FJpIsh9cbTmxH7%2F66vzBYrrFw3%2Fytx3L1xh94X6B8qLg11QSQVBJqdhRg29XbsP1zSxcoWYJhB1cv68K5ej7dc5y%2FIMTJT4lBjCFpFUUrkKqXMuixTdU3Z6d7JN18T%2F9xjycNy%2B%2F0eSH%2BLmEVq%2BbhxJx7ts%3D%7Ctkp%3ABk9SR6Tzy5yXZw
Tempered Glass Screen Protector for iPhone 17 Pro Max 16 Pro 15 Plus 14 13 XS SE,,£6.99,Free delivery,2 Mar 2026,2,Brand new,https://www.ebay.co.uk/itm/226495794596?_skw=Iphone+11+pro&itmmeta=01KJWWJZ5SNDBXK5QHKTMB8JV7&hash=item34bc338da4:g:4MUAAOSwFc5nXLGz&itmprp=enc%3AAQALAAAA0GfYFPkwiKCW4ZNSs2u11xC0ftrtHyVGecrvWVrkKub%2BwxcfbS94nvAvXLoR5KOxtA5HOzunLMFXXsP1PqJ%2F9csWuObVq%2BvanA8YMOic4j1qEFDJz9dm2OmkblwkPo1QOAlrRvzw7EFR3NyA2RrTwfT1IgS0pxfaxYMj4%2BVYxgUC%2FzOWpOjtIsRP66VLL7o7U8nyADHAJzI2L7mEnb7Msm9%2Bm9tAes%2BVXTocoo2RzlwNxQ1QBtSzMm3nBGwfeAZTl3oYRTL3nvAy31oGP%2FcepQE%3D%7Ctkp%3ABk9SR6Tzy5yXZw
CLEAR FULL BODY 360 Case iPhone 16 15 14 13 12 11 7 8 Shockproof Phone Cover,,£6.95,Free delivery,2 Mar 2026,2,Brand new,https://www.ebay.co.uk/itm/276677660842?_skw=Iphone+11+pro&itmmeta=01KJWWJZ5SVHEDECV08GCAC438&hash=item406b4610aa:g:gFgAAOSw8dFkO-Vg&itmprp=enc%3AAQALAAAA0GfYFPkwiKCW4ZNSs2u11xDF8RL%2BQIjP1%2FIg4O73rESoABMaxP7Jgo60pzGXQMtwnfpp7hvnZ738DO4jYw5Plt3TtdIgt9Hp7wE%2Fi8RmqCYDHOGQQOCDJ5eiG7vMg9bA7YDHv9LxZkiDCvUrgIFFhqnkcXzoHpAlKR7AVWYi50iq1beu4a74Dai3HzXWAVfyIX4B75s7%2FXT8qVkCe3jlZ0GeKYmkWupY4P8OmZLwyCMw0dRaOlogW1oF8t%2FYeXMIsDbqUPymotZ0vPi%2FlBlejkI%3D%7Ctkp%3ABk9SR6Tzy5yXZw
Shockproof Wallet Case For iPhone 14 13 Pro Max 12 11 XR 7 8 5 6 SE Leather Flip,Leather,£5.99,Free delivery,2 Mar 2026,2,Brand new,https://www.ebay.co.uk/itm/225711026002?_skw=Iphone+11+pro&itmmeta=01KJWWJZ5SM9H821SFY85VN9V0&hash=item348d6cef52:g:ex4AAOSwP4dkzslh&itmprp=enc%3AAQALAAAA8GfYFPkwiKCW4ZNSs2u11xDgcpu6oko2ouB9I%2FpdNZWDzovR6rv%2BvGIlBGwbvnSWTbkeslTeQ%2BJj0mGfU1IMxUzAhPevBS3U%2BUj6rvMPBpHSjZ9K4dHl8F5pHIdClC%2BEiwz7FuhUlUs7khLUdf5IalyJk2U39LwhYy0dUkagX%2Fm4F91S0ZYrcJlShK%2FatcMz7%2F2%2FP4umcGyEsrdeF3J0D9F3vtcn1cJrWcyMJzBXr2ghvWYtCxMj0uF7ylyyZO1KKk%2Bt6BqtzaqAk4eXyqF1c42IqcpH6iEfAp%2BpqP9nhD7HTKKu5%2Fg8bUy53uKr%2FlnQvQ%3D%3D%7Ctkp%3ABk9SR6Tzy5yXZw
Apple iPhone 11 Pro 256GB space grey,,£100.00,+£2.94 delivery,2 Mar 2026,2,Parts only,https://www.ebay.co.uk/itm/198141903590?_skw=Iphone+11+pro&epid=5034225079&itmmeta=01KJWWJZ5S4Z9B8DX1J3GWKQ4R&hash=item2e222d82e6:g:p6IAAeSwEWhpoZEq&itmprp=enc%3AAQALAAAA8GfYFPkwiKCW4ZNSs2u11xCSc9B%2Ft110NMVRF49%2Bcl14dfFszgpnZ7m414fD9zWRw5do7pGyupIHQq2gEXraZEFApedlXdxicJXB66ov2jkvb%2Bfv%2B3K0cZSf%2FyPlIsqH9VUjNqhTAE9lAoLp4H3%2F1K7e5RYSsK%2BY3GeOKCWCbfLYgXuT8GNgk%2FQhgjmlGAc6rnbVSK3aHSVsOH6veXnh%2Fyak1vC%2BD8OxfkWzwYVTG7djoaCySLu0muvPEH9r9k2uQVfkgoPh8dh7epyofGXDrW4%2FyU93SAGLEoHqWqbw%2BEDvJ0q3IJjJG3KlLtLLrvT3aA%3D%3D%7Ctkp%3ABk9SR6Tzy5yXZw
iPhone 11 Pro 256GB - Unlocked - Space Grey,,£130.70,+£3.42 delivery,2 Mar 2026,2,Pre-owned,https://www.ebay.co.uk/itm/147173423784?_skw=Iphone+11+pro&epid=5034225079&itmmeta=01KJWWJZ5SX1YFY0BR9TCH1VK6&hash=item2244383aa8:g:81wAAeSwP8ZplZ5j&itmprp=enc%3AAQALAAAA8GfYFPkwiKCW4ZNSs2u11xBRc3G8p0PJ0lBeOVRx5DJF282ZExkLWhGivNqNXTqglNBe28y6Eth2II874C%2F1yirJdJAiEtS8c5KxQgefMRv8ik%2BBXftyj4Fwko1v78CU%2FZjSIKPMZZp0auaUuxFujpeaDHJOot31BsN1dLM2hCOxKKkQ2jN0U3ux1PSwHdc4Z8i9stf07QsGztJVKK4p8x5K4M73tiZLOU5O%2B4z9sy81jFiaszy0J%2BwvFADwzA0SaXoGvKu%2BpKLlPp7rylUcJUPyMa%2Fo73bZcw2Pr4C9owEFKmZ8Or7YQYcoizUonHht0A%3D%3D%7Ctkp%3ABk9SR6Tzy5yXZw
Apple iPhone 11 Pro - All Sizes - All Colours - Unlocked - Good Condition,,£153.99,Free delivery,2 Mar 2026,2,5% OFF CODE MAGPIEPHONE5 MAX £50 - 12 MONTHS WARRANTY,https://www.ebay.co.uk/itm/304402726562?_skw=Iphone+11+pro&epid=8034218244&itmmeta=01KJWWJZ5SZMQ2P0VXZ7A6N9HC&hash=item46dfd0fea2:g:UvkAAOSwfLtiNI2O&itmprp=enc%3AAQALAAAA0GfYFPkwiKCW4ZNSs2u11xDYgnNZeyFMtWOLv3jPg%2Fhy%2B5yw7GjzH5%2FZ67JiBZe6JshwHYG2dDPrw8cSnFE6%2FxIisiyTa4uYWS6NCfNTuBk00GysDE%2FgZ6hbclAB%2BaIr6cvxMvddR4OYutYa0KcTroVQaGO4eT0N2%2BdhmIO4r4FvlQbBUFN5AqMNloN8Tnl%2BFdWbj7uSu4cRdMaWqQU1qICa2spq6I5gKJnZRuB66Jo94oi9iW0Fj4tz05yhGMfEvUv2z0UIZMtQA8DRueesXX4%3D%7Ctkp%3ABk9SR6Tzy5yXZw
Apple iPhone 11 Pro - 64GB - Gold (Unlocked) 70% Battery Health Great Condition,,£105.00,+£3.72 delivery,2 Mar 2026,2,Pre-owned,https://www.ebay.co.uk/itm/147169056205?_skw=Iphone+11+pro&epid=13034214373&itmmeta=01KJWWJZ5SNCTQ3R2BSQZHWBTC&hash=item2243f595cd:g:HxMAAeSwr75pnLrq&itmprp=enc%3AAQALAAAA0GfYFPkwiKCW4ZNSs2u11xCvv4WzJblX00AML%2BeSrrNjmCV%2BZ86rt5JKtRMY0lkpRwk5VSbuHLLXTsskM95OqNSP9lAE7UQfwuOzOdf6wbIu1WK3F7aSwiXEuSm1dKWiaitOGUV8SZr%2FsdBfPa6xyhifeSvzsbGrBxVY%2F2daZqqThZ0sx5iKp2AU9R6CTzY4h2kS1lyLnIrsGFay%2Bkdm3zCwkmFnfJcBG%2Fw3KnVKx%2FbccpUcCfXSh%2FQTBewrrjlM%2FvQazZpbraAYM7yd1NGEPl8%3D%7Ctkp%3ABk9SR6bzy5yXZw
iPhone 11 Pro Max 256GB Unlocked Smartphone Midnight Green,,£144.99,+£3.42 delivery,2 Mar 2026,2,Pre-owned,https://www.ebay.co.uk/itm/298081775861?_skw=Iphone+11+pro&epid=27034209624&itmmeta=01KJWWJZ5SG48HXNA6MJPVSWYM&hash=item45670ef0f5:g:V6EAAeSw5rpppat2&itmprp=enc%3AAQALAAAA8GfYFPkwiKCW4ZNSs2u11xD81uAqQSvLbvtLanwpckISkGPV3kci2M1DrlLlb7LvrlWdWGCROgxbRyMsZP%2FrX%2Ff3y0c2qitWgSfIll22JeyqMRWHW1yVGh3V%2FV%2F%2BYyCjAhMqHjJ2nc%2Ful9r%2B4GZb3d--RuBjbUYtnRJ%2B70ROBgQES4xJ9J8wyKtbXMRzRl4PP1pGXlb%2BpEjrYH9wS07fH3FKrpP0QRiftqxLJgfXS8E8ro9Xc9ikGVeDcih2%2FR%2FviOHLq7LGC2xt9vj%2BkHY%2F74fKNstvzzFPL%2FsLQ1zT9F0qwZPOQgagu%2Bly%2FELblOMIiA%3D%3D%7Ctkp%3ABk9SR6bzy5yXZw
iPhone 11 Pro Max 64GB (Gold) (Read Description),,£73.50,delivery in 2-3 days,2 Mar 2026,2,Pre-owned,https://www.ebay.co.uk/itm/157720180095?_skw=Iphone+11+pro&epid=9034209168&itmmeta=01KJWWJZ5S83H4PK3AB9P2F5Q4&hash=item24b8daf57f:g:po0AAeSwBvRppaBA&itmprp=enc%3AAQALAAAA0GfYFPkwiKCW4ZNSs2u11xCMtM%2Bc%2FlhYSpPEwFquY%2FrVcQxwLxenMu%2BQNSjwdRhxNq9%2FU1Xai6QyxZIYHw4Gu%2BpKI7buzR9m13q1dz32eShPZr3yHt56owNsI2oV%2F5qxdZXfpPKn9KJDmXH5P4UtY766B1uVl3ILZajP95HyHM2PaXDunMPhPFxSBmac%2B6T6KxZXBcA2u1HIsHdySAmOYkRWjJXNqaiU25LBuzCa7zC8lVqiZg3yFdad4kElKaXbKbPexoBYniby6h4M%2BNawCfI%3D%7Ctkp%3ABk9SR6bzy5yXZw
iPhone 11 Pro 64GB Silver Unlocked,,£94.00,delivery in 2-3 days,2 Mar 2026,2,Pre-owned,https://www.ebay.co.uk/itm/236651558629?_skw=Iphone+11+pro&epid=4034210697&itmmeta=01KJWWJZ5SVDC6Y83RRR1DMB30&hash=item37198836e5:g:YPQAAeSw0TtpnGnt&itmprp=enc%3AAQALAAAA0GfYFPkwiKCW4ZNSs2u11xCQ67AsGErNLB%2BNc%2FREZa4TlgYVpAXbF2vdwDhGo4GweoN53wIvTce0deR4H7JORSmWCQVZMrl6Th8PmvV%2FVd73Z4q0d%2FsGMUj2u%2FPvUiloEJjYZ70caXz3VHR4ud4FEOlLcFhf%2F6cvDrwAetBZL%2F3H0DZlCaPSXCF3IzxR3YPoBCzRHdnOdLyL7k%2BHSfwFuucKm6sr9E0%2BQTtm3iiwIRzOJ7z2Nup30FrYKf7KCjdDSkAYxu2W1%2BJzfydv%2FavopqM%3D%7Ctkp%3ABk9SR6bzy5yXZw
iPhone 11 Pro 64 GB Unlocked Gold Condision Excellent,,£80.00,delivery in 2-3 days,2 Mar 2026,2,Pre-owned,https://www.ebay.co.uk/itm/389660341405?_skw=Iphone+11+pro&epid=13034214373&itmmeta=01KJWWJZ5TF48J7HS95NAM3K58&hash=item5ab990f49d:g:CCwAAeSwrr1pnIP4&itmprp=enc%3AAQALAAAA0GfYFPkwiKCW4ZNSs2u11xAr6WK%2Ft%2FQdgFwtKK07pjVk0%2FOOsnSoXqaMzQMY7xmmxLuu0k7w9Y%2FagH6gq9FCtsHPGJ2QAr1F6ekP2BJ%2FjpAs9NC0y7WuWpIJoPXX5PLn017afKELKCLvbZtPDyzDtwSmdYyzkgRdz3SK7CvoAVApGWrfvgUlu2cRVn79tM5pgk%2BsR1SOJyA02x95ni5W9MtmoXssMwAUl17Jt%2FpWNjcSSSoUjVQJRmy17BrT2nsFCRJTTcEo%2BGbvjt3eJoXXfhA%3D%7Ctkp%3ABk9SR6bzy5yXZw
Apple iPhone 11 Pro 256GB Midnight Green (FHS81399),,£79.99,Free delivery,2 Mar 2026,2,Parts only,https://www.ebay.co.uk/itm/188112071507?_skw=Iphone+11+pro&epid=20035764151&itmmeta=01KJWWJZ5T8G49KQKJQW94HSZ2&hash=item2bcc5a6b53:g:N1kAAeSwrclppVPC&itmprp=enc%3AAQALAAAA8GfYFPkwiKCW4ZNSs2u11xDIHvn%2B6od15h%2BdFxcgQX5LPQErYCeXsd5MO4OVkw6YuF67Iln2uIDCnX%2FhMZoW5Ax75K1h2JZuHFXlk7jT1yk35FCintCCYwHIHBpiXB7t0K1jJJ%2B3brnjW7xUNmGQ9Heu0lxhFZDQPzTs5c1lNDJW0AoqSQS6V%2FO7RM7yPN8XJ4XbP1BEWsYBj%2Bma2Akd6915%2BbHO0YRpXpuVlYniwtWxi8xWx4y09CNEK%2BihJ9iktD226HoIHFcDSaX%2BW02ljBZQAPXeVceNgsY8rodiY9A%2BFCccb1fbe%2BPXWxRETo%2B%2Bqw%3D%3D%7Ctkp%3ABk9SR6bzy5yXZw
Apple iPhone 11 Pro Max 64GB Rose Gold Unlocked 73% BH,,£109.99,Free delivery,2 Mar 2026,2,Pre-owned,https://www.ebay.co.uk/itm/397660782410?_skw=Iphone+11+pro&epid=16034689566&itmmeta=01KJWWJZ5TEJ4YK7VJQG3DA6DB&hash=item5c966dff4a:g:~4wAAeSwWK9poxiW&itmprp=enc%3AAQALAAAA0GfYFPkwiKCW4ZNSs2u11xD5P1%2F%2BLxRH80AWia0E0TRSnwoDnaQvJypGzOsGaFZzU4ytoanpfIJc%2FOM68Svk7Y%2BiKOBYLBv3KCQOB%2FZ3TDqbu69R7FnCmya9c3hRTw3gMkDOHwp46IOI08zlhQQ6eFOhO%2FGbdSqeYKV7gPzjpKGelym7C1xvTXKz6KjmoMhkAjw1ICyq1ZYd%2FPtzXj%2FF4WQqmCII2IcSA8TJU4B0Y9OvotgSmqJzf2mmQWFPb73DnfW9AWLAOi020H82HmS%2Fm0w%3D%7Ctkp%3ABk9SR6bzy5yXZw
Apple iPhone 11 Pro 64GB Grey Network Unlocked IOS26 battery Service 70%,,£106.00,Free delivery,2 Mar 2026,2,Pre-owned,https://www.ebay.co.uk/itm/127713776946?_skw=Iphone+11+pro&epid=11034210273&itmmeta=01KJWWJZ5TZ10B7XPG6F1QVBTP&hash=item1dbc559532:g:kpAAAeSwip5plbK2&itmprp=enc%3AAQALAAAA0GfYFPkwiKCW4ZNSs2u11xDJjBidwngaaXKc%2BzIb3XDaju7ES8uDWWUS4OVTUmIDkPUlLsscjFCX5t%2FAUnYdNXEwe%2B%2BZOr6fLqvcB9gmmmhRd%2FV8%2BTL6BoGTljed5ay3LtrpyC4sBrPQCqsdnZbnp4QW4kXv3o5wmZRbQUs%2F4PASIztNUMMdGwccic%2BMcdVa61LVM2byfZzyaiQ8r%2BZKX%2Bvyw3EJF1jpCr79GWPnVPsb965wodrLKY7GEuKN4l4lIw83KAGEd6B08Cf7t7PRvO0%3D%7Ctkp%3ABk9SR6bzy5yXZw
Apple iPhone 11 Pro Max 64GB Unlocked,,£113.08,+£3.42 delivery,2 Mar 2026,2,Pre-owned,https://www.ebay.co.uk/itm/277749283462?_skw=Iphone+11+pro&epid=26034221360&itmmeta=01KJWWJZ5T7E8YF1KD3P0DJZHE&hash=item40ab25ba86:g:M1gAAeSwGjNpnFmy&itmprp=enc%3AAQALAAAA0GfYFPkwiKCW4ZNSs2u11xDsTzQGkdiS4xzRWfxhJYrNBRTwJn154xW9nV9AIdC0d6Gox3z%2B305HFG%2FOL1Pwas72pc418rblsgZiEHo5pEtYLu1uXd9j%2FVJ%2FxXse7%2Bi%2B%2FONr4Cg2CsWV0ZyEyIgF2B5UFbj1RpHGUacjaJvfCxjQKf3C1AQ6a4NTH3BguSJXSvViCWCNGWNStX5JSSIK9y7VT9Qf5OZczXSWFRH6x5VTnzT1%2BTpniAPftOdEB6UioF7INGPW2ekgTpE4ke1%2F4pQ%3D%7Ctkp%3ABk9SR6bzy5yXZw
Case For iPhone 16 Pro Max 15 Plus 14 13 12 11 Shockproof Full Protective Cover,,£2.99,Free delivery,2 Mar 2026,2,Brand new,https://www.ebay.co.uk/itm/116245333277?_skw=Iphone+11+pro&itmmeta=01KJWWJZ5T01FFTZFGH1YVW46E&hash=item1b10c3051d:g:V7UAAeSwvUBpWAkH&itmprp=enc%3AAQALAAAA8GfYFPkwiKCW4ZNSs2u11xD5inzsocJjtso2YKGTlmId4eqx9omc38Chxku60b0VXMe8iDqTCwgCXa0%2Fyhf04HKsDNwEpjBTxB%2BNQS1nNu1nZ%2BGziTuSsCMtLRHtNIxlTMaBo92uVBOwFX%2B8hkkAWa70WpJDmZto3%2BPyggTXWH55JHE6XVcEGULwNcuMzaSIZVJT7%2FxWkqeB6vpNzNKbxvCt3jQ7dHq9AD0%2FkVOwOHMTN9BTV7V9NWtmcjP3nMk1uuDabCPRuzWZdgk%2FOhvqd%2FHIlHLqa0z3Ivy9lFlAQXepJycGsBWPvM9u6kG47H4w3g%3D%3D%7Ctkp%3ABk9SR6bzy5yXZw
iPhone 11 pro Max 64Gig Unlocked,,£115.10,delivery in 2-3 days,2 Mar 2026,2,Pre-owned,https://www.ebay.co.uk/itm/306799053865?_skw=Iphone+11+pro&epid=26034221360&itmmeta=01KJWWJZ5TSG1M9P49NMXD56QF&hash=item476ea60c29:g:4goAAeSwEIRppWv7&itmprp=enc%3AAQALAAAA0GfYFPkwiKCW4ZNSs2u11xBIyZZzqJPyy3ChKktsj1oNa3Mmp%2BcWieY2BvyyZAxmSnO82cJjTxWc1Lq9Oj3j7Ifl1UkidqSzNTLgrfY4JHGIPHWO1hAz7cwqQ87eQGSl4G9B7s43wBBxzt6MnnT%2FE3g4HzdaLLUf4O2UwxKLDF684355UfmuLDDWN89NuyiwkUe8jNggRCTwhyrpl8WP2c9X5Jz7DozYsENNoo%2BcXxefxVhFOUKe89u5UuJbmlk5Z3DvTRGP3KWUSFdEFFGed8c%3D%7Ctkp%3ABk9SR6bzy5yXZw
Shop on eBay,,$20.00,,,,Brand New,https://ebay.com/itm/123456?itmmeta=012DEW30YG0MEEKND7NH&hash=item123546:g:acwAA9KNiJowH:sc:ShippingMethodStandard!95008!US!-1&itmprp=enc%3AbgepL1tlUHjMGCVfSTGJh%2BzsVKeJ3CQk7NizDI4BZeppuFnmyS6Ijyp8lh%2FnEw%2BWqO7uTV1Q6izE1R0T54aV8j71F4xlWfVcGft4%2FiOQhtqVXA1rW6M1atPARQRmhqUxtEPJKhKtSFgI%2Bvwlzb0GwVCtkp%3ABlBMUObkmabpYw
Shop on eBay,,$20.00,,,,Brand New,https://ebay.com/itm/123456?itmmeta=012DEW30YG0MEEKND7NH&hash=item123546:g:acwAA9KNiJowH:sc:ShippingMethodStandard!95008!US!-1&itmprp=enc%3AbgepL1tlUHjMGCVfSTGJh%2BzsVKeJ3CQk7NizDI4BZeppuFnmyS6Ijyp8lh%2FnEw%2BWqO7uTV1Q6izE1R0T54aV8j71F4xlWfVcGft4%2FiOQhtqVXA1rW6M1atPARQRmhqUxtEPJKhKtSFgI%2Bvwlzb0GwVCtkp%3ABlBMUObkmabpYw
Case For iPhone 16 Pro Max 15 Plus 14 13 12 11 Shockproof Full Protective Cover,,£2.99,Free delivery,2 Mar 2026,2,Brand new,https://www.ebay.co.uk/itm/116245333277?_skw=Iphone+11+pro&itmmeta=01KJWWK5WWZKGDS655K2DYQAMY&hash=item1b10c3051d:g:V7UAAeSwvUBpWAkH&itmprp=enc%3AAQALAAAA0GfYFPkwiKCW4ZNSs2u11xDgM%2FwPH24a%2BE8jvXrFM%2FWsQJPTehHyi1KObH6QD5H%2B50OuF1Mxgk1DfNCl%2B9jaq6PzH7phfg5N5itNi8A7LIxBJOFHR4NLU0TmSJoCey2BJ6uD2Nf0R8dAtEWwaTTKdSk4u%2BKADS75%2FPZekSXLsKfCqHSQRndcpJHMPbUzz2PXu5hvnd0SKPnrAmUk40ghWNf7sHCy6rlO5FEVQ1r0b4gOK22OQkdQ6fgnp6BCrP5IHKgdvSyD6vLrQ7CoE5qQnuM%3D%7Ctkp%3ABk9SR-DezJyXZw
iPhone 11 pro Max 64Gig Unlocked,,£115.10,delivery in 2-3 days,2 Mar 2026,2,Pre-owned,https://www.ebay.co.uk/itm/306799053865?_skw=Iphone+11+pro&epid=26034221360&itmmeta=01KJWWK5WWMDH39MXPK2YG789F&hash=item476ea60c29:g:4goAAeSwEIRppWv7&itmprp=enc%3AAQALAAAA0GfYFPkwiKCW4ZNSs2u11xBIyZZzqJPyy3ChKktsj1oNa3Mmp%2BcWieY2BvyyZAxmSnv0V6Kzn1b5U9jAifiqTWfoJmvoZ5HcUudwuURg%2FoS1666lNu0zfAcWHLjdywePAmCcyHK2NC8xx4b0fHN3iPKgrT4ydKYaQ7GEIbmZ5GCp3lEO5KwDHC9SjHg9X%2BIG56OtFsOIzkYhLrC5hm6bLLX7Hc%2BaYzhpLbt44KLt8N8jkIJuEziTRBmVo8N%2BoIG0p7DAZu%2Fy1sKz3v8xbwjq%2Fq0%3D%7Ctkp%3ABk9SR-DezJyXZw
iPhone 11 Pro Max,,£78.88,+£2.94 delivery,2 Mar 2026,2,Parts only,https://www.ebay.co.uk/itm/137077527545?_skw=Iphone+11+pro&epid=27034209624&itmmeta=01KJWWK5WW7G48E933RFGPKCVS&hash=item1fea7513f9:g:1fMAAeSwPMFphe5q&itmprp=enc%3AAQALAAAA8GfYFPkwiKCW4ZNSs2u11xA2sOCeNQHvfCjCsEgisv7uVR5x9XqkIu96LxNOtLvlqxaa5EYWPNgHM%2FQUnm9%2BBFuNvFaBbvI9PbjOL%2FFUSFoOvo3ZB7slmV8afLK8OgixX1DGD758oLNZ6zCQ6u863DPNKRBk7hZ5AsFM3Vxcac%2Bpm5GYXlb2YKk1m0DQKEFCEkQYXlhUUGSM64ouqeLhH%2Fys4MVxx6WYDugZnMP8pu%2FvMPofQc%2FMwvdapqpBPKzKfsg5D7OoBjkP4gkQzJB0jp2ct3FNyLgs8aro1v80v6isUKTCiFYnHup7hqgfJ8FDnA%3D%3D%7Ctkp%3ABk9SR-DezJyXZw
Glitter Bling flip Wallet Case For iPhone 17 Pro Max 13 12 11 15 16 Pro 8 17 Air,,£8.99,Free delivery,2 Mar 2026,2,Brand new,https://www.ebay.co.uk/itm/226460179494?_skw=Iphone+11+pro&itmmeta=01KJWWK5WWWC8B5TN74GDKM7A2&hash=item34ba141c26:g:DKsAAOSw7TBnPzP3&itmprp=enc%3AAQALAAAA8GfYFPkwiKCW4ZNSs2u11xAZ8wGXl1WkQkxGviCzpQQ57kiFQcX6xb4nzkO1Fg8rMU310WlfvCARltblIEcoJy8wU8bvV0Yo7X1oEVrgaUtvZZlGxWwdqAoZiHWyvVWyH%2B8d8mgQx2t07e%2FvG4awtioWNbFjeFWeTbe7KDDSlBuNJtv2EGi8%2BjwVvdqIv1DW03SXtcHrSwDiHfcMkF%2FrMgXSMWUNpQd11WYPSrZFnylt8AFjjn%2BBlFS2icU5VoMuhWHSCWjiWWmDEbVG2qE9tI%2BaV%2BGbc2iCnxUnCCZV3he49K2eF5%2F0cugT87%2BKA90fdw%3D%3D%7Ctkp%3ABk9SR-DezJyXZw
Apple iPhone 17 Pro Max 256GB - Blue 💙 RRP £1199 (11 Cycle),,"£1,029.00",Free delivery,2 Mar 2026,2,✅ A GRADE ✅ NEXT DAY 📦 ✅ 12M WARRANTY ✅ UK BUSINESS,https://www.ebay.co.uk/itm/358261851348?_skw=Iphone+11+pro&itmmeta=01KJWWK5WWT9HBZK4APG4WTXFJ&hash=item536a1204d4:g:7R4AAeSwN9ZpoDD6&itmprp=enc%3AAQALAAAA8GfYFPkwiKCW4ZNSs2u11xCbb60nTpVSs8WHeouhDMx2FATWTI6bosPUPEcQX0ANH2hC1UoL8jyzTxyTnFCeaz2Q2j3eb2VFKcHlkU2mOYiPSxxIKgFy4vgwn048AovhxR%2Bfhc6g5kVk99VADPV9tFninsZEs4MTbEaYqdiI4btCtYTrhw7msVuXxCsQPlafp01nGFuvjSU1W6EElN26rHXigGWV6WB1hPTVHRXcdLsVSmzt6b6YgktbeH%2B2aCZuj5PMMoi8HutFkoge8UjbPMfb6CWq%2FNozJfzk%2FnXJWQaQzmFEZ5T9hbNyhOEXKKA05A%3D%3D%7Ctkp%3ABk9SR-DezJyXZw
Apple iPhone 16 Pro Max 256GB -Black Titanium 📲 100% Battery (11 Cycles),,£779.00,Free delivery,2 Mar 2026,2,✅ A GRADE ✅ NEXT DAY 📦 ✅ 12M WARRANTY ✅ UK BUSINESS,https://www.ebay.co.uk/itm/358263335066?_skw=Iphone+11+pro&epid=9085311621&itmmeta=01KJWWK5WWXTR30KZ21KHD2CQP&hash=item536a28a89a:g:fKsAAeSwY75pkzfS&itmprp=enc%3AAQALAAAA0GfYFPkwiKCW4ZNSs2u11xANUcQzu41NSDvz3aGmS5jeKPeCmLoSITIjJ4kXcHpj3XDhVp9FjqY43RRtgczHDhwbp4KvcEekaj64FlGOyuH%2FporDEMnYe3O2pu4PnZCyBU3F1NoCfvW6b7KqwnNezUzsGLki%2FZOHzuwD5NJO0gSPh%2BdgITDLrtx8w2Kt1ks1ZUH1YC9q1wWnTXJ%2FirwlgVgZiZM5t7jDJVeQwWsuKWgrulgNmUcbtln7FKc2dgBFCL8HOehEovkZY27AeTxxwYg%3D%7Ctkp%3ABk9SR-DezJyXZw
Glossy Magsafe Shockproof Case For iPhone 15 16Pro Max 14 13 12 11 Pro Max SE 8,,£7.99,Free delivery,2 Mar 2026,2,Brand new,https://www.ebay.co.uk/itm/226246853671?_skw=Iphone+11+pro&itmmeta=01KJWWK5WWDXB2B1E7S3DB8CYZ&hash=item34ad5d0427:g:m5cAAOSwrQBmlqwQ&itmprp=enc%3AAQALAAAA8GfYFPkwiKCW4ZNSs2u11xDS7vA1EMoAu9m4B0EzP07b1SYyJhtmZAv%2BKhZgdunQJxSRdajSunC2qsE4qq16HVr%2BZ70ABdgNqYhgpWNVOMCsYg4zM4Q1K%2F3cvOdUSyFebKQxQwBe6Gg7n1dgdPc%2Bg4yo04RzJ8SbPlNLt3o0sIlWhsgawcgbf5SH7QA5lC9tkEhpGFcIuCKpHyDD0BiG7XWkODwN2%2FFe4erwv6dn4Q%2FdOR0b%2FLmVOaZwASZZNR8XT1zvF1G46ANiyGqd5JPBGkb4yLYaDLVuF2VtUx43DcJPSy4PgtOKapAcGbhPzcDm4Q%3D%3D%7Ctkp%3ABk9SR-DezJyXZw
"Job lot of 8 x Apple iPhones - (11 Pro, 7 Plus, etc) - Spares or repairs",,£45.42,delivery in 2-3 days,2 Mar 2026,2,Parts only,https://www.ebay.co.uk/itm/317914709028?_skw=Iphone+11+pro&itmmeta=01KJWWK5WWJFK4G4NYCZZ9DPFG&hash=item4a05317c24:g:S7cAAeSwJCdpnDYA&itmprp=enc%3AAQALAAAA0GfYFPkwiKCW4ZNSs2u11xB2d8q758bhMkacMCqiGYyp%2Byp2SceBC9xxyaZ0RrR03rbJpAD3MNPeLiBD%2FUoGk5jmcxFFUhBle1jv9vIFUZzReo4j4stf7ZN7jNAB2LsMyFmKyaqknNkg5FIOFhTEDVMaIGcLZTrhDdknLSJb6xLfIdJH%2Fd4zqx4l7cgA99exQEDRL3XnW46mgVKVfNAYGO6dUHPLp7szkoha9KWgUSVsfsTzOyZCopY8FeikGxsnL%2FNw2teDLZe%2F0TlMjEZlCjo%3D%7Ctkp%3ABk9SR-DezJyXZw
"Apple iPhone 11 Pro Max Smartphone 256GB, Gold, Unlocked",,£125.50,+£3.94 delivery,2 Mar 2026,2,Pre-owned,https://www.ebay.co.uk/itm/147179632532?_skw=Iphone+11+pro&epid=23034220841&itmmeta=01KJWWK5WWF47ZGV2GNY6Z2BK4&hash=item224496f794:g:NcUAAeSwPZlppL48&itmprp=enc%3AAQALAAAA0GfYFPkwiKCW4ZNSs2u11xDR7FGFYNxmxN166Nf3vMFfFLsNwRZzTbOxpO%2BnrPFEmhfCGpRlduGz2HpAClQ2eDvDkuwqdV%2FCaFvuMFFWJpBWp%2BeVmNauS5xcgnMtn%2Bii81cz9SDCkP1AaCEwjgq3CzB3A7%2FMciel8w4sS23ey2GcAcRcUptFDKydpKqRufpciPExeqBI0LlsqRaxMk3x6yv23OIkw2a79i0pCfULA%2B8UhAJM1Bqp%2BuoAK5y1c5p5YcYJNTIpzwZvGaJ5S8qJkkI%3D%7Ctkp%3ABk9SR-DezJyXZw
iPhone 11 Pro Excellent Condition 64GB 100% Battery Health,,£141.10,+£3.72 delivery,2 Mar 2026,2,Pre-owned,https://www.ebay.co.uk/itm/157674417391?_skw=Iphone+11+pro&epid=8034218244&itmmeta=01KJWWK5WXK6G7X3MNW8B7RT84&hash=item24b620acef:g:GeMAAeSwGjNpi~p4&itmprp=enc%3AAQALAAAA0GfYFPkwiKCW4ZNSs2u11xDrnt%2BwBDE%2FmWnOL1UQFMP3QI5cqqtlWsbSxd%2F%2BNrv4yWIOxURXEWCL9J5NwLkTsIZzYvTp0AbNW1%2FCzPkBV75Z3%2Ft4AZVudAGvluDqDrfopPUseB08dhKJw2gIv%2BvWmFfG0mSyNSaHulAe6q7i3LVnH8ab90AeqUr2XqvKgQOAHTD9tWGUGz%2B9zdiJOiI8%2BMpu1lsho%2BWr4fn2vLOUcbmXk0OOpTCB8gHZv8GjTgVFF1kgWiBus8Za2N0SRwnniPA%3D%7Ctkp%3ABk9SR-DezJyXZw
Apple iPhone 11 / 11 Pro / 11 Pro Max 64GB 128GB Unlocked EXCELLENT CONDITION A+,,£139.95,Free delivery,2 Mar 2026,2,✅FREE RETURNS ✅ NEXT DAY ✅12 MONTHS WARRANTY ✅UK SELLER,https://www.ebay.co.uk/itm/326518838259?_skw=Iphone+11+pro&itmmeta=01KJWWK5WXW8XFYX4RCGZGX57J&hash=item4c060a13f3:g:h14AAOSwpg5n8RyX&itmprp=enc%3AAQALAAAA0GfYFPkwiKCW4ZNSs2u11xBO%2BS6YGpDyVK%2BOlIGI2eW6mi22tfbVCfPbY84TnLlRF7URxQJICEOMkD1P97NCqyveD6kr2UHoJsFzUclMbh9VO5F9sid6h3GorK8GBB3WGKg2N4GdXXPISQgAdz8t49VTEsJD8xCLmQLD0Fi0%2FLS8wNEc1j0kQLAJ0tdm2OUWOXm%2FtrE%2BIiy35L3zVtegT5Lk%2BrycnqsI%2BD0BFvU2OGEuVxQaOYZC2EOTGCpFEkLH2k%2BsjF74G6JndKxzDb1I2ts%3D%7Ctkp%3ABk9SR-DezJyXZw
iPhone 11 Pro,,£67.08,+£2.94 delivery,2 Mar 2026,2,Pre-owned,https://www.ebay.co.uk/itm/267583946164?_skw=Iphone+11+pro&epid=8034218244&itmmeta=01KJWWK5WX0Y90MN40GS2ZAGSN&hash=item3e4d3efdb4:g:kFIAAeSwyiJpjYXi&itmprp=enc%3AAQALAAAA8GfYFPkwiKCW4ZNSs2u11xALIIrq%2BQlR5HwAnrGQQiNiE9gLgB0L3nU9xggqpPc8ep5GC9MBeATQWUryrR6qd1oQjC3%2BhsVcnI4B58%2Ft6WM2xUrQ0x6VFLnBkFLwbnfEMEANVmiZPcSQPfwCbRpU0vL44281790TXguxaYA7GN03dG6C3C4b7tKEslWmlDuC%2FLaJNJtdT3PhcjKBvjqh99py85akXnlufzFL2wm9EHWSnz%2BhTudivdLyq46EtEjqXy3HPB2SgSm7I5WcsdcN0cfCSfKzOYquRN1Zh0%2FUQO%2Bi1OjuGuSUjDZROzZNCjEgQg%3D%3D%7Ctkp%3ABk9SR-DezJyXZw
Apple iPhone 11 Pro Max 64GB Gold Unlocked,,£125.00,delivery in 2-3 days,2 Mar 2026,2,Pre-owned,https://www.ebay.co.uk/itm/188098405673?_skw=Iphone+11+pro&epid=9034209168&itmmeta=01KJWWK5WXBTZN5BP8YVZGJWHX&hash=item2bcb89e529:g:C3QAAeSwXPppiht9&itmprp=enc%3AAQALAAAA0GfYFPkwiKCW4ZNSs2u11xDZ%2FvwPuLFPM7i6FHGTRKMCmnl97ckW%2BCB6JmEIriNDEO16jzlcS339aZ5sdkiZq1B%2Fev1yTcewU69xGMJf4kDTSLKz7lSJ0WEn20KHTmVqfAmhSsS149pDitG9aEL%2F54JmdTAF7SLrIZdV%2BAVkEoyoOvCtD0tAh5yvb2fkYP95oZplA%2FzynzCSXnBp8sRV%2FTUZDZEjDGs7Jdm6uzd4zAd0vBs3uArvF%2B026R%2FOdGO8ZSlfthDTIK0WUzUR2neiahA%3D%7Ctkp%3ABk9SR-DezJyXZw
Fits Apple iPhone 11 PRO Camera Lens Tempered Glass Screen Protector,,£2.99,Free delivery,2 Mar 2026,2,Brand new,https://www.ebay.co.uk/itm/177576685985?_skw=Iphone+11+pro&itmmeta=01KJWWK5WX66ETJ8X4604M1NVQ&hash=item29586531a1:g:q0EAAeSwXu5pF1Ce&itmprp=enc%3AAQALAAAA8GfYFPkwiKCW4ZNSs2u11xBh%2BgdXKQiMldJYRbn9iv0c560macv0netyguRWAvDsAt8%2F0L4XUkDvGuA1Jtk3s0nzJpzZlhy8HGkCIkeuGBkC1HkwzFd8KcUXS4YY7kWoGJzQO8tkquQhOP98nzRDcoUaLRoS9vhRM9tNCP3BLT%2FC9%2B%2F4IxxuqfAPkJNPwgx3V2rv40NcjnH6qSsFpEGMhYBMHdF07CQXfSWMmGQrWYPXrOjZ0IPmhLs0fS8tFLSTwIQaa9hRX0YFR2uENmgW3hTbWLf0bheUDU4Lq2zvMWV6smcu%2F4JKUWWZG%2BhrXtHijQ%3D%3D%7Ctkp%3ABk9SR-LezJyXZw
"Apple iPhone 11 Pro Graphite, 256GB",,£104.70,+£3.38 delivery,2 Mar 2026,2,Pre-owned,https://www.ebay.co.uk/itm/236663021409?_skw=Iphone+11+pro&epid=5034225079&itmmeta=01KJWWK5WXNQQ8VA98546B0D6H&hash=item371a371f61:g:wpkAAeSwJRpppLOb&itmprp=enc%3AAQALAAAA8GfYFPkwiKCW4ZNSs2u11xDRxhVpAhc%2F2JUcxMmEaeuJ0LMXeqmkdpdgb6vU2%2Bpq7%2FIgSNxEDkirj5OJHh8p%2FhSp81vhjq6txUU45po%2BBTNItoLdKapYSfbYSlAv%2BF8TpAmCsZZfb1ABRp1Pwjp7KwNoP0kI%2BcKd9osNle8xV5AMSNqX%2FJXqOU6TzU%2BRNf5NUXtYvilDBKkNTwTi5LO2ayueqqEqFOqZEl6HWq8N5%2Bwltc9Df6YIduCqcCq%2Fsemd%2FqcF0F3eiUvsLGuu%2F0tZH2uHFOzthfG13xOgRM5EkwIg698UAMzwskvR1tlyCshu4g%3D%3D%7Ctkp%3ABk9SR-LezJyXZw
Case For iphone 15 Pro 11 12 13 Pro Max 15 Plus 14 15 11 Bling Gitter Shockproof,,£6.99,Free delivery,2 Mar 2026,2,Brand new,https://www.ebay.co.uk/itm/285601085709?_skw=Iphone+11+pro&itmmeta=01KJWWK5WXEBPMMBG81W3CP7W9&hash=item427f26b90d:g:oMIAAOSw5xJldf-i&itmprp=enc%3AAQALAAAA0GfYFPkwiKCW4ZNSs2u11xC4T9VMK6SRzzqkHaav71j6mPP48ovuRyxt5xPx3Wt%2FHnIX0bBMXOtUnYHt%2BjPPpkJp9bhHvAT8FIJSgdSQgmqMYySZm%2BMJsces5hmedRDLV1LL5uX6DqHpSzVI66%2FgFIv6h0yFLH7gnwocnVrg%2BIewHoK3Io%2FayswzY2qKYx2LDnO82v3pfg4kUTSJf4UEYQpbncvel7s8juLOLp9%2B7UvcudJy%2BxUBDnDPT76XNMemU88pj%2BYv%2F4jhSIK8L5z22wE%3D%7Ctkp%3ABk9SR-LezJyXZw
Full Cover TEMPERED Glass For iPhone 17 16 15 14 12 13 PRO MAX Screen Protector,,£0.99,Free delivery,2 Mar 2026,2,Brand new,https://www.ebay.co.uk/itm/165640693929?_skw=Iphone+11+pro&itmmeta=01KJWWK5WXG625EBN0V6HPY725&hash=item2690f468a9:g:xCcAAOSwYT1jBO~7&itmprp=enc%3AAQALAAAA0GfYFPkwiKCW4ZNSs2u11xC%2F0mtCzWvUNv1A3K6ImMczp%2BMPiT7%2Fz0Y79BXdVBm7nvonisJqrzodEaWYvsrgPTLAqlRSZodjNAZU0Ztvvxav2WAzsbEAMmt2As8Bi0w7E36LN%2FZK4DWsx59aOM1zrurO7pxt39yYIwVpjMJlawzC92F9OgXiQeiccMNdnaHBNRqprQ2zG%2FQ771axupsLN387ewjMrQ8f%2Fe6F2T%2BSKGLgfHhOtOT1KcOPIc4RLC1FdJKgAWy%2BUodO%2BaeZosImB60%3D%7Ctkp%3ABk9SR-LezJyXZw
Screen Protector For iPhone 16E 12 13 14Plus 15 Pro 17 16 Pro MAX Tempered Glass,,£7.99,Free delivery,1 Mar 2026,3,Brand new,https://www.ebay.co.uk/itm/395934022479?_skw=Iphone+11+pro&itmmeta=01KJWWK5WXWP2QG7ZW1MQ13TJ0&hash=item5c2f81bb4f:g:2m8AAOSwugRnQwsH&itmprp=enc%3AAQALAAAA8GfYFPkwiKCW4ZNSs2u11xDicOQVBfjiNCcpznuMmP6LgpmzlnBwWJMQAgqlY3eoUGTlYNR3AdiKqaELhhb4V9%2BDApbaRRN1CleR%2BViQciTFXWVWM9T%2BwhZTZMV1wrAS50O%2BQt1fPbo4td7abL8cA2m8u7zeGbS85HaWBfR3fzDhXk4CyPWxZyEylIubWjLc3jCeGGpB2KlYCYNkMEjSQO3M6e4FcZ279qNokrUN52CKeA%2F9lOv1kUiqAmTa87MmkbsWLDBjyQluCoLKLCpudfyxzDxXFKmJgctutPAD%2FvvimAmMBCpA%2BLYP0nQtkVs53Q%3D%3D%7Ctkp%3ABk9SR-LezJyXZw
Apple iPhone 11 Pro 64GB Space Grey Bundle 89% Battery Health Great Condition,,£120.00,+£4.48 delivery,1 Mar 2026,3,Pre-owned,https://www.ebay.co.uk/itm/287158148325?_skw=Iphone+11+pro&epid=21034693424&itmmeta=01KJWWK5WXF77PX5F6B7BS4FHQ&hash=item42dbf59ce5:g:bOQAAeSwODlpm03N&itmprp=enc%3AAQALAAAA0GfYFPkwiKCW4ZNSs2u11xDvZU1fknyPE%2BDrcNNj%2FfZPIuA%2FgXto%2Bgo1c1EEGBS%2F5Is3J%2FwZzZDVm8W%2FRT4WYJgNPvhqOomnLlLtWA9lxP0H1nW92RSTKIsSHh4to0i8jW1%2B8bRm5NHMP9Y6TZzmAv078eXXrZ7bMaFYva6KHnK8cn%2BBk5PQ7ewNaIBSm%2FaONtYjnGPhGpaqnSFuHmQVJ%2FpBdUJgG4cTtSWkpX%2F84mSRSE%2BXyb2tpyrl4ZtZir6M9ePjeq3QCiGfIj%2FQSUVxE5w%3D%7Ctkp%3ABk9SR-LezJyXZw
Case For iPhone 17 Pro Max 16 17 Pro 16E 15 14 13 12 SE XS 11 Pro Leather Wallet,Leather,£7.99,Free delivery,1 Mar 2026,3,Brand new,https://www.ebay.co.uk/itm/226466581439?_skw=Iphone+11+pro&itmmeta=01KJWWK5WX1HGWSVZZ16P23RPM&hash=item34ba75cbbf:g:exMAAOSwmMxnqgpg&itmprp=enc%3AAQALAAAA0GfYFPkwiKCW4ZNSs2u11xA5mEV4kqNpJ4LR2aHe5NQ5OQu3QWnKEhOSDDXDpJa2kcfR99wgBYIqxc%2B6Mv0q17CjneeVzmrHl%2FhBUeb%2Bpk8RoV5D%2BolcoxZzICtJLP0imJTRSpl9FfQ7YIyhEzd4eNZ8g9D86XtNd%2FPND%2F1OcYKPIuRdLKxK%2FP1PRJIAjaWg5KodILTBvltqVQze9%2BFQSnQ26DMrxFEEsSlwTa%2B9Tz5IfZZB8z4aNJN7sH4lUH76cSN1Af%2FBjm4YR5oP3Vk5%2Fa0%3D%7Ctkp%3ABk9SR-LezJyXZw
Apple iPhone 11 Pro - 64GB - Space Grey (Unlocked),,£115.10,delivery in 2-3 days,1 Mar 2026,3,Pre-owned,https://www.ebay.co.uk/itm/236660593398?_skw=Iphone+11+pro&epid=8034218244&itmmeta=01KJWWK5WXV7DEPXWWKW48ZYAR&hash=item371a1212f6:g:E0QAAeSwl8lpoyBV&itmprp=enc%3AAQALAAAA8GfYFPkwiKCW4ZNSs2u11xAtife4c2CmbzYu3voVci0Gllx%2F1qo6TiMzidU%2FZRHYQ%2BhF9BMX2S8gGoFzeYGtNP%2BOFkbQdLbO6EBS8zipZOIPO1DGCvtb3tL8d%2B9AM0BfMAy%2Fr3JgTBYy%2FLIEckag3kNbWwIcDtkKSU4N3IeLn7Ku2QNSuWg%2B5Nceo8HDvnAKE3emKJCgDM3x7m83wUCxyN1eHY%2BLtSABuoUO5fluR0dFHwajYKfwGJDJZIXblUhE3btfB9MQUNkBShffTu028wPqiWNZ%2FtZJgJGS%2BQtHnuZIbUS5UrTiyVn7qw%2FS0%2BOntA%3D%3D%7Ctkp%3ABk9SR-LezJyXZw
"Apple iPhone 11 Pro Max 64GB, Unlocked, Space Grey",,£87.58,delivery in 2-3 days,1 Mar 2026,3,Pre-owned,https://www.ebay.co.uk/itm/198144903491?_skw=Iphone+11+pro&epid=26034221360&itmmeta=01KJWWK5WXRQJS51XV6KJM5CE5&hash=item2e225b4943:g:83gAAeSwcJ5plLfe&itmprp=enc%3AAQALAAAA0GfYFPkwiKCW4ZNSs2u11xCHacEN%2B8ir0%2BhetRLEIomUYXmc57hHAANdn%2FRjEBYVVhDuTyI3Kw%2BVLHaxmNj2vDxJZZukzyCpQUrH8bKY9RhYnvrzcwUiPfy%2FkU%2FItgI2x7LF0Pa1JAKE2Djrd4hsnsylzB7dIK6%2Fsj1fTP82Jc3McmGdPvOM8tTEnCBx8e88RoL1Cblyivl9Z1m6IMIDhj%2F23SdPcuMy9jgQKa8zebclXLTc8bVlqURAlKNjcLjC4PszNj9Yt2LcL93NVYoTZ9U%3D%7Ctkp%3ABk9SR-LezJyXZw
iPhone 11 Pro 512MB Unlocked Smartphone,,£146.30,+£3.94 delivery,1 Mar 2026,3,Pre-owned,https://www.ebay.co.uk/itm/227231145192?_skw=Iphone+11+pro&epid=9034209097&itmmeta=01KJWWK5WXQXFD88SBQCTK2MB0&hash=item34e8081ce8:g:YscAAeSw5Rhpnj86&itmprp=enc%3AAQALAAAA0GfYFPkwiKCW4ZNSs2u11xA0n09GOx1%2FfJg12x2cuj7vVWNE0ANAtlN67lVEUafTvX1i%2BQ4%2F0FRGJUgPLvXDw1jUElUlRyU67dUaIr93yFVi9KVwj5%2Fuer3eGKygBcVZieg%2FCrLD0vpcgFuwWEN7Ol%2BkaJIUJag4sViRO1oijj3IDUWyTnCqIWWt7QFEmCvpC6K5PlxtPPew%2B9xh7BOuiqbEGOWG6Lg0k59jf8qHrYjX0FBauuBxdg1P6VkzJsVjX9IlXLEFzWhjnWKOQhHJncw%3D%7Ctkp%3ABk9SR-LezJyXZw
Leather Wallet Filp Case For iPhone 17 Pro 15 16 Pro Max 16E 14 13 12 SE XS 7 8+,Leather,£7.99,Free delivery,1 Mar 2026,3,Brand new,https://www.ebay.co.uk/itm/224933049630?_skw=Iphone+11+pro&itmmeta=01KJWWK5WY7J2H4HEPMTYXGZM5&hash=item345f0df51e:g:nxgAAOSwjFtlIsoM&itmprp=enc%3AAQALAAAA8GfYFPkwiKCW4ZNSs2u11xDGz0ddYjyT8JGQLR6U0lw3dvo1N9lUpT6jPkcqpdq7gX8hBOBACnU9TKqPqMg3xuJui6Jg5dBOXP3IBLGJz%2BxMgy9TJcKcsM4Dnxqn9e%2F2u7r8iypiQUZazlmfSe8mbai8qRgQ0OywrWnPhzjMkUfazo%2FYhwByNFVZGLjx4t%2BNVKP81Rkd6qa%2FnIt%2FW0Qt2wOuGXzoyb2Lozo7OT3HcNT8tbgPHku25f%2BJrx9S64zhIIXh7lBhOXrnblhQxi9tpbab0F0X%2Fr%2F69iaFsK%2B7sZ27l7TfLL4tfMKppcllyQh4OQ%3D%3D%7Ctkp%3ABk9SR-LezJyXZw
Apple iPhone 11 Pro 64GB/256GB/512GB - ALL COLOURS - UNLOCKED - GOOD CONDITION,,£149.99,Free delivery,1 Mar 2026,3,12 Months Warranty - Fast & Free Delivery - Unlocked,https://www.ebay.co.uk/itm/224579833494?_skw=Iphone+11+pro&epid=8034218244&itmmeta=01KJWWK5WYWCNXK7F66MMS2SKD&hash=item344a004e96:g:4IUAAOSwCIxhEncq&itmprp=enc%3AAQALAAAA0GfYFPkwiKCW4ZNSs2u11xC8bIRzMxTtdDyyHMDlWvy%2FEkI0GOAdlVIlSU8T6XzMMHqvkOHe%2FgbyTRdsPRzGDIPvqpGkvZEM%2BbIYk08YJGgCnXcKnZSrahgHcro8dQxLkNlAheDChXkGOpPyv%2BV7BqVep%2FZb6mJlwGUpSPntspq85Ilq3ff3iy35VrmU7T%2FKmAxtxUx6RwabadBUoRc0dt8KGt779gIXwuqnILpTmDQszY27jx4dU24tn%2BbWPNfhksbAn4LA4D9fhPr%2F0po6qQ4%3D%7Ctkp%3ABk9SR-TezJyXZw
"Apple iphone 11 pro 256GB Green, VGC",,£110.00,+£3.94 delivery,1 Mar 2026,3,Pre-owned,https://www.ebay.co.uk/itm/157717578911?_skw=Iphone+11+pro&epid=27034209772&itmmeta=01KJWWK5WYDG17898M9JXVKCTQ&hash=item24b8b3449f:g:tyUAAeSws2hppElg&itmprp=enc%3AAQALAAAA0GfYFPkwiKCW4ZNSs2u11xCBUKuhEEtKdYwj1enfqLzTKc7ITcsjDVsrctlnDs9QMAVIm3C7i9H3UvwDrs7RWkFw2GR2bpE1L4kyWq1iC5APw8OAB3iQ072unRBnxiiqL3NLq0DRROkhs2Zz6hD7MX08NgQPfyi1HnPD%2FqHKFeqpisb%2BXLuqus1%2F52IzrKNJIgPubighnm2YC3N8JyWjXGjHN%2FrSGyBYpGDa3iopXXM9lO5BPJk92U0fr1W8qiS87Xkv9JTB6Dl7jKTc%2Bl46HNE%3D%7Ctkp%3ABk9SR-TezJyXZw
"Apple iPhone 11 Pro, Space Grey Excellent Condition",,£109.00,+£6.65 delivery,1 Mar 2026,3,Pre-owned,https://www.ebay.co.uk/itm/376987005413?_skw=Iphone+11+pro&epid=3034231239&itmmeta=01KJWWK5WYDNRVK0P6DN96X528&hash=item57c62d31e5:g:SpkAAeSwMDtpnMnW&itmprp=enc%3AAQALAAAA8GfYFPkwiKCW4ZNSs2u11xDdo2RICBss0DjS131cIRLBbfAHXRj94UieCIFPOLclrbGQvYvi%2BYo0PWkbnvc8%2FUQWjfhBm0mpisHY3vfvvDN9e0eluXScHeD3ZhQ5bSEdHlpFA%2BAJvSUlZoibfb%2BdvQlb8yKqHa%2BFlFt3QMvtfrQOO2MLeun2%2FQqniiXqs2MUONkqL1c7pg2SjT47nJ%2BagntSzcnznraMLmsmGFirgdN91BaLf2zixXniy6en5aX8RAnm08iVkXxrGl7cUunHteRX0BMRfPno%2Fx2LVlxQvLQLbMkNwfPn656RY9KP2wk1hQ%3D%3D%7Ctkp%3ABk9SR-TezJyXZw
iPhone 11 Pro,,£63.10,+£2.94 delivery,1 Mar 2026,3,Pre-owned,https://www.ebay.co.uk/itm/137084814223?_skw=Iphone+11+pro&epid=4034210697&itmmeta=01KJWWK5WY0D8A6VJTHG9MPZWX&hash=item1feae4438f:g:FJkAAeSwD2ZppHk3&itmprp=enc%3AAQALAAAA8GfYFPkwiKCW4ZNSs2u11xBJwFB8mKiJ17wWeAu8TcZZS9%2BbcJH4qAAekNBm6V3Xx8tTMhXANeA8Aiwi17X7AcZjaxQLUJNsLmTI1f0b6Bf6JSqv3EyVGDETeduO%2B018y%2Fwc5q0GwVBr9dIYWTGUaNw%2F%2Bo23T7ic0u%2FQZbQpl8FDDA61XbKDQ9iRBmEZj5t2sqvlAmWsei3sQo%2F6LGkQ7rqFNSfU7TNcMZY%2Bxobd6XN0pYnXmxgXszN2H%2FVnwEif04tIWrvFnXTbuZNIaxLqOpFHKxerCdlVdxOQv2yxIK4eBJ48m4KkRaNW9hQoS8iPcQ%3D%3D%7Ctkp%3ABk9SR-TezJyXZw
Case for iPhone 15 Pro Max 14 13 11 7 8 XR SE 2022 Clear Shockproof Phone Cover,,£7.49,Free delivery,1 Mar 2026,3,Brand new,https://www.ebay.co.uk/itm/395997426349?_skw=Iphone+11+pro&itmmeta=01KJWWK5WYGX41APWCK5Q65DCF&hash=item5c334932ad:g:VqYAAOSwvtBnWctt&itmprp=enc%3AAQALAAAA8GfYFPkwiKCW4ZNSs2u11xDC91KCvPxwk7SuPmOxigFp0Q8KVkrDYxANzFTGWZj7a7SD2%2BVGF8F3Hlvnvph08KOD7QjjWRIXGxtvR5mVrmsDyyc2%2BSz3GKfkATxac9km7tc8LJ70xe1mAdhnam%2FMCqdin7q4OpvmA5HbDNeerIuwDdMyOwZyWpKfLGpm1TSQl1yiRcdjk3ZnB0RiXU80poTijfupHVzxL%2FPgd2BzIQNWkyimLa7jSJYBS0r83AKrz%2FfdsvSY9a6oHqezPaujl9bpyJ5Fp86WJrP16%2B8vVSZhTz1XSiNhJ0rueZTUDY1fXQ%3D%3D%7Ctkp%3ABk9SR-TezJyXZw
Camera Lens Screen Protector Tempered Glass For iPhone 16 15Pro Max 16 Pro 13 14,,£4.99,Free delivery,1 Mar 2026,3,Brand new,https://www.ebay.co.uk/itm/225245861144?_skw=Iphone+11+pro&itmmeta=01KJWWK5WYSE8APR78NBMRWHXB&hash=item3471b31518:g:zdcAAOSwmzdjL4nF&itmprp=enc%3AAQALAAAA8GfYFPkwiKCW4ZNSs2u11xBItgX3d6OZBg7Nj864R626%2Bu4oHq3y7BIF9aIFAgct5TFLq4AtGJiFRJWfE25lf4oQedbrACOcJgPKyjLZgnQDA5TSqpVfsS%2BjcrzM2JaYlaMqp%2FdiCIyrA3MASvcYnMOmqPIn10Ii4sZTURiOQs%2BePsV0ngAgdtrTqgUjRixzUg%2B50HLutDCc7FMIO05QlH0Q8A4blmGEwy4dtXrr9pulpA9QRkz0Ob8VdWd0At7B0FdJ7U9gNrqb5yOJbESY0v7SfcJ952hT6wjSBgvoBikrAARSr667mPF8RAUdEPzjqA%3D%3D%7Ctkp%3ABk9SR-TezJyXZw
Apple iPhone 11 Pro Max A2218 64GB Matte Midnight Green Unlocked VERY GOOD--,,£159.99,Free delivery,1 Mar 2026,3,Trusted UK Seller with over 340k Positive Feedback,https://www.ebay.co.uk/itm/336222703115?_skw=Iphone+11+pro&epid=9034689328&itmmeta=01KJWWK5WYHRR3HXKWW3XGEHVD&hash=item4e486f4e0b:g:qzEAAeSwQy5o5nU~&itmprp=enc%3AAQALAAAA8GfYFPkwiKCW4ZNSs2u11xCaONJadhLUdvka7tsBfMan%2BAsYJfV3qwJNWjWvmPK8jvM80mo48K4OPH%2FyG13FR1A3nSPUR8Pe%2By5UrxC0iHrlhhToueIl7WVzIoXpr1mTx2QF%2FgWwMfDdntu4vkeG59mvQct79dnGYg0GgaSDMr9Sr7TkKVEkCv8IoH4ypG%2Fi34dao5vkLn%2Bmjpw0WCzLdU2qSPEY8rJ%2F%2BYmTmnmvBXdptqSR01zBk46%2FqoroJA903CtMNBbkqmaJe8qPb3HnHP6iZikrfmaAvrLVb3NbZn1L5wLoJ%2FqtMIABF8tSJfv17Q%3D%3D%7Ctkp%3ABk9SR-TezJyXZw
Apple iPhone 11 Pro 64GB Space Grey Unlocked 86% Battery Health Good Condition,,£92.22,delivery in 2-3 days,1 Mar 2026,3,Pre-owned,https://www.ebay.co.uk/itm/147174039105?_skw=Iphone+11+pro&epid=8034218244&itmmeta=01KJWWK5WYVVSNMAZRQTCAQMPJ&hash=item2244419e41:g:KLMAAeSwKAJpg4bq&itmprp=enc%3AAQALAAAA0GfYFPkwiKCW4ZNSs2u11xBlTXJSVtBPYquM8L9PXG%2FrvNawpwNq2pHG8H1H7vMU7Jk9I8kkUwQMJHQJOEJ8gsWTG%2BfiIr58jwQruVaN1u4W6DaApu%2Bm%2FrYsABzjqosPQBkWTWzxdpQ5zmQ5Pfabnr%2BJ39B9Dnjy3QlgUwzs8GfMRgVyk%2BO6GT43TX1d1kYotQU6eTE3PyS09PL65dPAClJvdpotjwFoV784Gnb%2Bia06V0YM3t2YDpmEG5RUqe17Ysgq1x3Mpe1tuc07YU3fPMM%3D%7Ctkp%3ABk9SR-TezJyXZw
Luxury Shockproof Heart Case For iPhone 15 14 13 12 11 Pro Max XR SE 7 8 Cover,,£3.95,Free delivery,1 Mar 2026,3,Brand new,https://www.ebay.co.uk/itm/155849427275?_skw=Iphone+11+pro&itmmeta=01KJWWK5WY5Q69XN7SH5QGWM6R&hash=item244959894b:g:TukAAOSwpu1lOMop&itmprp=enc%3AAQALAAAA8GfYFPkwiKCW4ZNSs2u11xDNe8heXPu4iLDGiZ9mjgIwtaBFULXjKZJVPr2qkQK8rjnVk94Dbzt68mahfeGZSNQxtK5xYf3A2PGyMjIST27HJIzxBtf%2BkIF%2By3heLm9br8WEVlxo1xsb9vaF%2FTQp56k8MCuPBMSeoCoi01t6h%2Fir%2FVAGjRcMlVRV8P5pK1CmdPndjv9%2BqdKIJLCzuFstN7vmsjpC%2BMJA0Fw%2FWECitlLPzI2Ip2LtNWD%2BKjTlW54Lk%2FKGyZ1Gwx8VkBgLoKBh2OUihy%2BVViT8B186xcJenR5N7U%2BbXCWgkfL15fLV00DMwg%3D%3D%7Ctkp%3ABk9SR-TezJyXZw
iPhone 11 Pro Max 64gb Unlocked Battery 86% Immaculate Excellent Condition,,£172.30,delivery in 2-3 days,1 Mar 2026,3,Pre-owned,https://www.ebay.co.uk/itm/147174327359?_skw=Iphone+11+pro&epid=5034224996&itmmeta=01KJWWK5WY46XD1QXTB4CRCZT0&hash=item224446043f:g:zjUAAeSwBmFpoKMO&itmprp=enc%3AAQALAAAA8GfYFPkwiKCW4ZNSs2u11xAhLOYnoDQ9RsOgK2su4Q8ImWIGxOxaxZtHFeow6kgby8ll8QJeRLqMnEcO9cuzCBtIuRd%2B5lQ%2BpBCUlT4Gzteq7OkWRgXPFLophOZpb8RTH1LTY73JwiEoCByhJNRNjNo6Lp6RMdPV0m2XXvfM5%2FlemJueAS6OL0XKOTgBBx%2FNk%2Bf6vYU1Sxl1Cj%2FwQEsexH5R0CVCRMkmTkc3AfhdeVGLXuCPTAxSjhTWa5Q2jnLgHwCGALEKmC5rl8El6vn1JQ9sp1wPa26llTzy8JDt4gN8gsqWiPCsDo0t%2Ff2kyueTPg%3D%3D%7Ctkp%3ABk9SR-TezJyXZw
Case For iphone 14 15 Pro Max 13 12 Pro 11 15 Pro XR SE 7 8+ Shockproof Silicone,,£6.49,Free delivery,1 Mar 2026,3,Brand new,https://www.ebay.co.uk/itm/195256150861?_skw=Iphone+11+pro&itmmeta=01KJWWK5WYG6RTSN006SW6XE46&hash=item2d762c6b4d:g:GBIAAOSwhVRj-Ua7&itmprp=enc%3AAQALAAAA8GfYFPkwiKCW4ZNSs2u11xBc3%2FGHKbkphInCrz0Bu32BK9ic2QNd6pm%2F6q6Au%2FxwWe%2Fo75k4tEi10TeqG3XPwV6%2BqoH0UjqEupAVvq6cu69PjFlEMw9xe1bmPHk4HL4Y3gJL8gkZ57hfqq%2BNlHM4ecWUJk759aKfl2HMdF3%2BnnRoLV8UAQ8%2Fk9DzvX%2BLzN2WarSrd82x%2Fjp%2BnkbFEzM9DBfRpPGo8r9jFO1%2FT8CjpEdIRH6HSRh1IG32OFGEVvtMiWtH7UZzeAPyQKn%2FwLPXTvcXA%2BDawfG552%2FZZk4eRGmrjv2hufbLmgc4OzIJc4ZADQ%3D%3D%7Ctkp%3ABk9SR-bezJyXZw
2 Pack Privacy Glass Screen Protector For iPhones 17 Pro Max 16E 15 14 13 16 Pro,,£9.99,Free delivery,1 Mar 2026,3,Brand new,https://www.ebay.co.uk/itm/315849232468?_skw=Iphone+11+pro&itmmeta=01KJWWK5WY332JRXC9NS8J7XGM&hash=item498a14d054:g:X3YAAOSwsVtnDWav&itmprp=enc%3AAQALAAAA0GfYFPkwiKCW4ZNSs2u11xCBuYH6uRSmTTEIJt1TSmy01HUDk9a4heWiVBkuqZ6vanr%2Fgmt3jBPpKUy7j5%2B5NDrLADoafx36BblDkcMBld8%2BYJLQwSPDJB8gTWFrqeVoYNRRsgzZQeaYJvMoV%2BG7vXVGPxTAJwG75QCi4J5d%2F3e9HaEKvqBCx3jhOayJ53SAJcgmZOpgj5pEklnoCid9iJOC13sUPl%2FPJqbHbP0WaPuvGnf2qtJqWgxyZ%2BKRBcam8VjUMsAVAR9ImegRQe8f1iA%3D%7Ctkp%3ABk9SR-bezJyXZw
Apple iPhone 11 Pro 256GB Space Grey Unlocked Smartphone A2215,,£104.70,delivery in 2-3 days,1 Mar 2026,3,Pre-owned,https://www.ebay.co.uk/itm/227236501604?_skw=Iphone+11+pro&epid=5034225079&itmmeta=01KJWWK5WY3QAME8B2ZAD8QCF8&hash=item34e859d864:g:58QAAeSwzMJpmxqI&itmprp=enc%3AAQALAAAA8GfYFPkwiKCW4ZNSs2u11xBxEgyW5IUu%2B1fC4N2z9tz%2BwLEd35Ud2C2Sv4xRLtYG%2FKFBMpvLb7cN45eT2%2F27r8Bj9heoM6n1uwq5zjpKklrhmlCwY%2BwMKeWCseYbxtG3YPruZkAuNq2Kouoxux4qfTTJ3Q7PWPD36lE7iAiLg88tF9sONpUYrobgV9aBzpxfAEPQVHl9IOF6oBq8QZVIIz75qNe3aHy2bIGQiiW6o%2B8xWry%2BSkQ1qxr60dxTH1PSvObZREvF2YE951HbgklXJH7TRKBDFrmiMg2Mu9cbdcarVrKYWgrV6Pj9R6SF9K54GQ%3D%3D%7Ctkp%3ABk9SR-bezJyXZw
Apple iPhone 11 Pro - 256GB - Space Grey (Unlocked) A2215 (GSM),,£126.80,delivery in 2-3 days,1 Mar 2026,3,Pre-owned,https://www.ebay.co.uk/itm/157705450731?_skw=Iphone+11+pro&epid=5034225079&itmmeta=01KJWWK5WYNEZPAMKRC08N81S6&hash=item24b7fa34eb:g:-GIAAeSwyd9pnaWC&itmprp=enc%3AAQALAAAA0GfYFPkwiKCW4ZNSs2u11xD7X3VoCSR%2B7302yMLoCUQC%2Fzulh21R1OSduDxLtVPA1mjrZJAj2%2FPt98UzvGmxCvVbgNuKBOSBGRKNY%2FcfCuAM63Dnk5Us4nKkoE2EM1fPn7EciRVO0%2FLeD9QbnLccukQIr0g2Vp9fS2jTh1v2VO4rJl%2FXU4te2wTUGh3hf1Rd8jLnWdS60hkYsxgrfhhCGmckqmnkadVq3I2bmN8qWb51hNX7LVfyomkz%2FlwSjSyv04xyXZ%2BjoH70xN%2FUfVDsyKs%3D%7Ctkp%3ABk9SR-bezJyXZw
Full Cover Screen Protector For iPhone XR 11 12 13 14 15 Pro MAX Tempered Glass,,£4.45,Free delivery,1 Mar 2026,3,Brand new,https://www.ebay.co.uk/itm/225082903337?_skw=Iphone+11+pro&itmmeta=01KJWWK5WZF7WJ0PHXB6VA9EK3&hash=item3467fc8b29:g:E5sAAOSws1RiOz5m&itmprp=enc%3AAQALAAAA0GfYFPkwiKCW4ZNSs2u11xD4fliouFvCB2S6Uvw22u6VIs4rUiDMRFdZ1k1Zm1wbayPvpu86K%2FHk%2FrpjjwxmLpnwbKxpRwu8SpGr%2BeKEKj82Z0%2BBiXUn3m%2Bd3xu5xcxmRMfUxbDjKsdcH%2BLKXOJlXFXACjAUag3uTxmQnng5DG06SCChbOwSOeLYJSX3vKlWGx4MhpL2A3h9En3uZahbEVtuAegPRWy8%2Bvk7tww14WwQspZcmp5J--F8KA3uyrq7DImhUAJsSmw6ckuHiQW%2FAUg%3D%7Ctkp%3ABk9SR-bezJyXZw
"RUGGED ARMOUR CASE for iPhone 12 11 13 14 Pro Max,Plus & 2PK Screen Protector",,£3.99,Free delivery,1 Mar 2026,3,Brand new,https://www.ebay.co.uk/itm/225609695002?_skw=Iphone+11+pro&itmmeta=01KJWWK5WZ45D3AVVCRE9NE24A&hash=item348762bf1a:g:xdMAAOSwOtVkgcMh&itmprp=enc%3AAQALAAAA0GfYFPkwiKCW4ZNSs2u11xASipETtRdzZlcE12Kax%2BWctoOejIpwrjeaV%2BNXFo7Fd645d0lUoA2%2BCz%2BJG9L%2Bc%2BojiFhaVaL36%2B0H%2FCl2%2BC%2FlI3L81oRtYw4YEEEmJYMtPjEH%2FeHeMwZ%2FqlVFG0YG2ucoBPBMPZNXRZTwDWcvRmd%2FbC%2BcHlY7gY9DmTRppMuGJhOIh1ADeFX1aMQ3JQr%2FKRv5qEBgcyE5CoCcKmujGs7WpZcMgnNm4CCVz8LBc3VweBqnLztT1AVJA66ZeCa4Df8%3D%7Ctkp%3ABk9SR-bezJyXZw
Apple iPhone 11 Pro Max Gold – 256GB – Unlocked –100%BH,,£199.00,delivery in 2-3 days,1 Mar 2026,3,Pre-owned,https://www.ebay.co.uk/itm/157703174126?_skw=Iphone+11+pro&epid=23034220841&itmmeta=01KJWWK5WZ13AWBHQYRRQ7EZVS&hash=item24b7d777ee:g:AXwAAeSwMXtpnLwC&itmprp=enc%3AAQALAAAA0GfYFPkwiKCW4ZNSs2u11xA8w6IuT4dTOTUqQmAp1biyFZhobrHXrmpPRE7UWabZJzIGWPXkteuYKSnHr9nt3iXB70UeVYN8JFZSetFT%2FgY%2BK5TMYbnjvXOpdtPegHobNabEddfkhTOldYs%2Bpt%2BA8vwUixPOl4gidIFGBDfckurEQTWYGvTAug1STBxnPqEislaJayPe4vIdtO3JlAYFRltMpmQ1hIx0uF7y1qVJcJQaZxnWL8GtUjOvjwHvrqPhxilSWGsXfNOAJHH0zlld05Y%3D%7Ctkp%3ABk9SR-bezJyXZw
Wired Earphones Headphones Bluetooth For iPhone 14 13 Pro Max 12 11 Pro 7 8+ XR,,£7.99,Free delivery,1 Mar 2026,3,Brand new,https://www.ebay.co.uk/itm/316008302057?_skw=Iphone+11+pro&itmmeta=01KJWWK5WZJC5M1J89D0QKSB67&hash=item49939005e9:g:bGgAAOSw9uZnSMfK&itmprp=enc%3AAQALAAAA8GfYFPkwiKCW4ZNSs2u11xBzI%2BTp6zxfsZO6t41RrAy%2FSF%2FZIEwcCEE4YxaajQI8rB9CGSI9Cp%2FAqh4iGBQwJxttK19mEYMLToJ1DOXGvBp%2Bm8gFvu8nOL2oR6WP9ZV5dPQWrPJCA6%2B1VsktQbLnp4GUnlWhs2YLr4mBD%2BebJ3HkR3mU33wwhvd3kIFwYg7CvaKYwJvhptTvKaqHZ7updNAnJywfuVnUQO%2BLWIQf6oEddnJ7uvn0j4TqpMM4DcFjgEAl9h9F1JWKEbfdKlGjvw0LGQrTbWhxs7wJRoFpY8QiwWJYXA3j1dwq5EsmcNu0Tg%3D%3D%7Ctkp%3ABk9SR-bezJyXZw
iPhone 11 Pro Max 256GB Unlocked,,£177.50,Free delivery,1 Mar 2026,3,Pre-owned,https://www.ebay.co.uk/itm/236657298049?_skw=Iphone+11+pro&epid=14034212889&itmmeta=01KJWWK5WZ80PC5H3TC658QC0T&hash=item3719dfca81:g:8l0AAeSw-V1poMK8&itmprp=enc%3AAQALAAAA8GfYFPkwiKCW4ZNSs2u11xAs8c7h2FgjBfpk2TZGEEbBzlrkSyJd978wSCudFl8PM%2BHOh9jOPQrs2hV1lBIWClrXkCfwCWLltPkdKnIOyczQVB3RULjf8fokA9U3z9VP7G1KQkEk6RpK86%2FPNJbgWhZjdhkj1lj6wIanYoL4d5S28qwDj428qZ1guLprRFWvr21vGwtgQMXB4f6WYp2TsH4JjtMZMxcN9zYvwfztEvCRBWgGcSZoMhdYIa294G12kBOhaPKNoNusjskSqadkmMF7UY2EbH1HVd1m%2FtlTi6xtMsN%2BQWZgq52CIo3J1ku2XQ%3D%3D%7Ctkp%3ABk9SR-bezJyXZw
Screen Protector Tempered Glass For iPhone 16E 14 13 12 15 17 Pro Max 16 17 Pro,,£5.49,Free delivery,1 Mar 2026,3,Brand new,https://www.ebay.co.uk/itm/364803206163?_skw=Iphone+11+pro&itmmeta=01KJWWK5WZ1RMNBSVMS695DQZK&hash=item54eff72c13:g:DE0AAOSwLa5l~WRS&itmprp=enc%3AAQALAAAA0GfYFPkwiKCW4ZNSs2u11xA06cLR%2Bra%2FBw5eoHI%2BlxfGDrVrN9fxKdSQvULqSXeZqgF6ooVd4fObbifrakpXCsn4zFpqC01idtdtg3npWbirbf8IRA3IY6iuMJ5WtE1DCNjNBykg2FSaK9YjPkFFeiJxjeqh2mDaf3FrWy34PX%2F1InkL%2Fb%2FWY8X1XjgHNZZFkaQv9IPtsWiq%2FplQzc6z9cWBAjfKBWSUD9rSX0dptJeSIY790AT9bcTZTX6zWxlgV6dGtHdjJNZl2DZ0wQMlwpQ%3D%7Ctkp%3ABk9SR-bezJyXZw
Privacy Screen Protector For iPhone 17 Pro Max 15Pro 16E 14 13 12 11 SE 7 XS Max,,£5.99,Free delivery,1 Mar 2026,3,Brand new,https://www.ebay.co.uk/itm/395937911698?_skw=Iphone+11+pro&itmmeta=01KJWWK5WZ7SPYJ02Z7BWZGWWV&hash=item5c2fbd1392:g:C4wAAOSwha5js0py&itmprp=enc%3AAQALAAAA8GfYFPkwiKCW4ZNSs2u11xDrNP5WmoTROfmqSSl8ZlV3cJbBSuLqe5A4PcshCSJEpLtHK2DKbgY14a49MpR3htQnZp88d8OLCcCju%2B6EtNdWY3jDcgFOYrXldwXTEXxYKlGs%2B%2F8xIPbGD0POly5CTDB0oZR4wV0JPANCi6ezfGhhiW8Ii0SlDRT6ZX5jFFmQ3iXAnEUNOi5fTrDbitgMPk%2FEFrvp95CRYDmaPu%2FpVU%2F3XsauItn9iIBmtSoSsathsMV4N9C2hg6dV1UwhYysnXxx0oeRSAhk%2B9z%2B%2FgMbisX1oqZuc3QTrdmuZO4mq5BXgA%3D%3D%7Ctkp%3ABk9SR-jezJyXZw
"Apple iPhone 11 Pro 64GB, Midnight green, Unlocked Smartphone",,£80.95,+£2.94 delivery,1 Mar 2026,3,Pre-owned,https://www.ebay.co.uk/itm/157699759817?_skw=Iphone+11+pro&epid=8034218244&itmmeta=01KJWWK5WZ8B5TQDJG58HH1XR6&hash=item24b7a35ec9:g:vgYAAeSwThVpmvP0&itmprp=enc%3AAQALAAAA0GfYFPkwiKCW4ZNSs2u11xBHywPyr8tFM3u7itZZVO4rK3Wlq%2F7PXkXC29RhydQNqZgLIe1Ostal9F0FnBXFpPT96nrBqXEu6VvZuwlQaS6hwDg5Wqwd%2FkJqD8dtTYALierQhGmLKIPRjdhpai6dZiNp52E2CSR8LiAfvrUwtHennw0Fvpwo80e0G%2FS%2B6w4QBdAVe%2FFtWuFRxeiQcnNl0gp6yGrBUtY8fjvLeevJTpKVyOA17DIDFujRIHSNCmhlJ16%2B8YaK3Gbz%2FBzPvgKC%2FOI%3D%7Ctkp%3ABk9SR-jezJyXZw
Apple iPhone 11 Pro Max Smartphone 64GB Space Grey Unlocked,,£147.00,Free delivery,10 Jan 2026,53,Pre-owned,https://www.ebay.co.uk/itm/397420997827?_skw=Iphone+11+pro&epid=26034221360&itmmeta=01KJWWK5WZ9DFP90DZ5NP584XB&hash=item5c88232cc3:g:6zsAAeSw67lpScv0&itmprp=enc%3AAQALAAAA8GfYFPkwiKCW4ZNSs2u11xD3Mj55rbpNlaKNoC%2BTy5Db%2FRNj4rVtfXZ97zOreo%2BR4PFKPZUcK%2FuHvVpQoTaTXc2vqAFIwLqUZ6HoC8chjQtZjTbZ8rBjFcadRkX%2BWIpSEw9ND%2BE8%2B5Apvpb4e%2FptDXtC6Gw%2BBjFp2xeWBMjfi1AmGO%2FOV3jlxNk1u8C4Ss3f3StzXQnqqSfPmganeK9coBP39ZBhVPjaVRQAbirNvLfDPuQ7xdz5yGOGzNPeZyr2xkzNcIOkM%2BoS8YOA88WBSbmECiv40UKS21k%2BxV%2BClFo8nByBGLyOVEIImUpPZNGAvA%3D%3D%7Ctkp%3ABk9SR-jezJyXZw
Apple iPhone 11 Pro Max - 256GB - Midnight Green (Unlocked) A2218 (CDMA + GSM),,£187.90,Free delivery,1 Mar 2026,3,Pre-owned,https://www.ebay.co.uk/itm/227214539840?_skw=Iphone+11+pro&epid=27034209624&itmmeta=01KJWWK5WZYPDKCQ9QANH5SQ6K&hash=item34e70abc40:g:20EAAeSw3~FpjhXf&itmprp=enc%3AAQALAAAA0GfYFPkwiKCW4ZNSs2u11xDA4yfpYKm9rmMyOYYF4Ix8tUS2M6S9ZGxkGLPL3bi5jZOYOw3rUH2nZRCyBC4LZ0YnbpAH0LmHLjI5HCtlIDrZ927gDulidCgX9FrRUd6qj85RzlOM8KaMURo563OzzGH4tMkHcyCn5gQCIf1fkWuOkmALJQ7eV%2BHrbMvjIxlKiN5SJNs2Y%2BDnnH6kdGcScq5WSanAXmg0ESPD4hMAXmFd6RpH6xz486J%2B1sB89EnSLYdgAI%2FotkNv8PF3dOcsPZU%3D%7Ctkp%3ABk9SR-jezJyXZw
iPhone 11 Pro | 256 GB Storage | 71% BH | Unlocked,,£141.10,delivery in 2-3 days,1 Mar 2026,3,Pre-owned,https://www.ebay.co.uk/itm/147166977064?_skw=Iphone+11+pro&epid=2305260666&itmmeta=01KJWWK5WZQM554P9WXVQGSFB1&hash=item2243d5dc28:g:oNsAAeSwX~BpmzFH&itmprp=enc%3AAQALAAAA8GfYFPkwiKCW4ZNSs2u11xBVfbBo2SpAWWHTrQgp0f7b%2FTJfHMjap%2BWw5pDCqDvBJ4GN1H2mq6Jj0oSGW5K4KTaqACDsvKr5AoG7W%2BZ43%2FGIOb56V3yUyq3yHcliFQ2SQ6z4pzuAuomGvFKb1vlIYktu1N3wqGpoTPCRwKAfg6AhabhqTZ6OCycWe3vlem%2BM%2FCWoX%2B0x1eMCcdiIiWsk7x%2BhIAdODhYx4X9qOOs6jEjiIg1QrtM0gepuuNhkK9tRcacXh%2BNDYKFETKTqCMy%2Fb9oPahfspT1iGtMF5eFK%2F2SvV1tZXdPgdwxhDXmDlDpxHg%3D%3D%7Ctkp%3ABk9SR-jezJyXZw
Apple iPhone 11 Pro Max Smartphone 64Gb damaged,,£68.30,+£3.38 delivery,1 Mar 2026,3,Parts only,https://www.ebay.co.uk/itm/287162223518?_skw=Iphone+11+pro&itmmeta=01KJWWK5WZM6YR0KKN0NHWEJNS&hash=item42dc33cb9e:g:gK8AAeSwl9dpnf1n&itmprp=enc%3AAQALAAAA0GfYFPkwiKCW4ZNSs2u11xD77vP8u5LKcdLGBhBq4EY064e3XFYMopQdakjPkMIsNZ%2B45kyrzOIazrrVPEjcK4Lg3ooFbZabjPl3e%2FpqfJfmXR2Be0TqID9DXHf9yQU2yL6d7R7VTa626ojnAnp5%2BRcAKKEiYYkh8VX%2FiYflHLpDwO584WZgE6j4ATcsnEXAu1Oz9tG4HF0kPQjF3gotJbaYoElpHVa5Y3qxUj0z4f11gjhCSLWiWIYry7aADZiaXgWNFOjGYgHCeiMPj1ZBUao%3D%7Ctkp%3ABk9SR-jezJyXZw
iPhone 11 Pro Max 64GB Unlocked Green New screen & battery..,,£100.00,+£3.38 delivery,1 Mar 2026,3,Pre-owned,https://www.ebay.co.uk/itm/406727669570?_skw=Iphone+11+pro&epid=5034224996&itmmeta=01KJWWK5WZ2KGT51C2Z0P8RZX8&hash=item5eb2dbb742:g:LIoAAeSwrpBpnuSM&itmprp=enc%3AAQALAAAA8GfYFPkwiKCW4ZNSs2u11xDw3%2B%2BNS1pPKRS7aZlQ%2BB2MzqAEscR5uHK1kF9PXGTws7nPr%2FP%2BeRpcbXNIhiF7V00H4HDb1AJbxaRTKCyMQaDsotUur5Zub%2ByrD%2FXWm3BHbDHFXrcd0gs%2Bb%2FmT2a5KF0tcygT1VSTHwNHfofoFzNEnuE8HMrORqckzuByE0TNVE7pB3hG40W%2B%2FtjJ70FqrrKZt1zXg9v1Wd24PZSN%2Fdz2pq%2B%2BHeJSWEsF4xYkhxkOxhofEgKTKbFqZsDe0cozc%2FhNgtt9fU%2B9Cbla4uHEhN24NYJlL06rp9blyyIngUSQfzA%3D%3D%7Ctkp%3ABk9SR-jezJyXZw
Apple iphone 11 PRO MAX 256gb unlocked,,£156.00,+£5.50 delivery,1 Mar 2026,3,Pre-owned,https://www.ebay.co.uk/itm/168183469362?_skw=Iphone+11+pro&epid=14034212889&itmmeta=01KJWWK5WZEXCKBPJ7D0EC0HE6&hash=item2728841532:g:YMAAAeSwbVhpnYzt&itmprp=enc%3AAQALAAAA0GfYFPkwiKCW4ZNSs2u11xBWxtpT%2BEya9cmtm0ZLlHAbBt0ZZ%2FLFP4PQmPVjr2wQnXGnEsI4ZgSFbAreuS8b0ejPavboRTMNyPtuPan%2FBfLi99JtAR9eMqcfSDnP0wNXBiOLDiz8SG9UNBNjDWMckdRXq1BDuyPKKWkKR5gFLg1a7vmLMZttZrDfMO%2FF2ZxWOhBQNoHzXfKLXID4FddC6msLhr0dpXMmmtO7%2B0TekW%2FlNM8gbECYk4yO3hmCtPloh1F%2BYA2HrmvlLMZvL7lFeBM%3D%7Ctkp%3ABk9SR-jezJyXZw
iPhone 11 Pro,,£89.10,delivery in 2-3 days,1 Mar 2026,3,Pre-owned,https://www.ebay.co.uk/itm/336456805395?_skw=Iphone+11+pro&epid=5034225079&itmmeta=01KJWWK5WZYZ1SG31KQK36HAJQ&hash=item4e56636c13:g:UkIAAeSwN9Zpoy26&itmprp=enc%3AAQALAAAA0GfYFPkwiKCW4ZNSs2u11xCjLNa4h0Dyqtv%2FzgyHrkbQ26w%2Bjh79Fc4rrK4w4Ihn1eJj8SIS5OhTs%2B6iw24IwjHNaYh1i9JaEE2ok9GNjhI1EcW5uAa78f76jh2RmYgsBoublLEHSMTrwdJYca6V83%2FmklInFatAvRBqUDmBo5%2F9VMzGPXXkT3JgTj3cPejCiVFTPL0JcaWtGW0FfC0DlztpMPexsMJh6VWKLJhM0BrcfU3sIVqPQTaRLwS3cQsfKS74BnXQFsdPPdCdjIQh5CM%3D%7Ctkp%3ABk9SR-jezJyXZw
faulty Apple iPhone 11 Pro Max Smartphone 64Gb for parts.,,£104.65,+£2.94 delivery,1 Mar 2026,3,Parts only,https://www.ebay.co.uk/itm/267589565213?_skw=Iphone+11+pro&itmmeta=01KJWWK5WZTF35W6QDSW0PK8YW&hash=item3e4d94bb1d:g:RZcAAeSwWfxpovKz&itmprp=enc%3AAQALAAAA8GfYFPkwiKCW4ZNSs2u11xDUtuLPexGWURPgrk66zM%2BR2n793ZzpKY4nSsKELodsB5nGcQ7sDNXcPeCREbow%2BciPD1Ke1Kn9TsehuSfXcxsCWxlW92DVocMDTzBDM4bMbP3xLxnPcUe9GIHMXE%2B2tvzFzMfSVEneB9EyYv9JYlmWcY0KVn4qAs6vh2Jz2CO1ZkW1kp2uLCWYMEebulRXMQEDSvcLin%2FRJShOQzrHdv1aczwMMN6mYDdpNjK%2FC70BsH6jRLkKQSq%2BJ245Iz5U1iWOivhj%2FK1xw09xeoLQFFHYYkAIoYQWIX8r6oxWy5wfFA%3D%3D%7Ctkp%3ABk9SR-rezJyXZw
Apple iPhone 11 Pro + iPhone 11 JobLot - 64GB - Unlocked - Working / Minor Fault,,£166.05,delivery in 2-3 days,1 Mar 2026,3,Parts only,https://www.ebay.co.uk/itm/257378723069?_skw=Iphone+11+pro&epid=13034214373&itmmeta=01KJWWK5X0MTRRTN9H4B9XAK9W&hash=item3becf7a4fd:g:GgIAAeSwoippnyKr&itmprp=enc%3AAQALAAAA0GfYFPkwiKCW4ZNSs2u11xAC1mHeiE%2BcMt%2F5EYGbW2m5YuDbEwn0JN6Uun--Tpp11%2FT2C7PLSd%2Fzb9u6RJKRPAFk6uOuMflx6hTnClZVBwZEQCSDQDdcl3X8sHrgHM%2BkqUd1HPk1yge2vWvINnydP8e0eptuBAmsVoJ92fPENdA8TeMAc1hdnVB152Osx5Fen%2BznSBNmfnVgBKiK1LJ93vDy5IfvpbxyJftdYrUfipWjhYhNXqprYwNyeKe7UREcWXATCSq%2Bf66kzPe700XWit0%3D%7Ctkp%3ABk9SR-rezJyXZw
Apple iPhone 11 Pro Max - Iphone XR Joblot Bundle,,£64.00,+£3.55 delivery,1 Mar 2026,3,Parts only,https://www.ebay.co.uk/itm/306784443208?_skw=Iphone+11+pro&epid=14034212889&itmmeta=01KJWWK5X0W1KZGQ392REQ24M1&hash=item476dc71b48:g:HPwAAeSwb-Fpmtac&itmprp=enc%3AAQALAAAA8GfYFPkwiKCW4ZNSs2u11xAtyf7rVdHMyDX2ur%2F%2BmSUsaafW%2FO0UwiZSaijkZhr9snie77BSSAD00YJTdo%2Bx0j347VdtHpGcK4sgqiPry3NgiSvFd4Gb1XKkhO%2B%2B0wWZYsm3dnum0XVieUv2kofdD4iqBjBGhgkB%2FYSWk1agjuD2mAgMNHc5g13Zen7wlKe3%2BbXugnCJj9tg1Wl9UZNxgZmwagV%2F%2BwAmTOiklfW85fnnueYYE%2FXtWuVN19OBK8NWN5nffO8C6lxcmOR00Xi3%2BatsmCWT0B8ZDNpdllCSgKxmHmFGiyuYeBTOQVXoYRo%2FlQ%3D%3D%7Ctkp%3ABk9SR-rezJyXZw
Apple iPhone 11 Pro Max - 256GB - Space Grey (Unlocked) A2218 (GSM),,£142.08,+£3.42 delivery,1 Mar 2026,3,Pre-owned,https://www.ebay.co.uk/itm/168178025183?_skw=Iphone+11+pro&epid=14034212889&itmmeta=01KJWWK5X0VBV6A47ZY2F7S7HT&hash=item27283102df:g:aDYAAeSwxghpmtXX&itmprp=enc%3AAQALAAAA0GfYFPkwiKCW4ZNSs2u11xBbEKnEaJrYDnjI0dO5BzwI6lvP4qXxp%2FTLmDOpEm%2BYu19i5nZf0BbK%2FLG6NFsXFIcHp8Ti8ynHaZYq6T2oqtyFPOSBQxBbkBT3lH9GVq4vw5gxu9AF0pBfzZVBi939RPvIVf1KuWTtIFGAvVI862IpJUSNcjP6DyRxVL1ukn1Uh8NXrjaoVfVj84dEagIliBvL0PbZuoCHTRi4tfiqD9ITpiVYC74PDpo3Di8ugZrDYqrn4gAXLTYwCLLyKueUqAg%3D%7Ctkp%3ABk9SR-rezJyXZw
Wireless Fast Charging 15W Magnetic Pad Charger For iPhone 17Pro Max 13 14 16Pro,,£11.99,Free delivery,1 Mar 2026,3,Brand new,https://www.ebay.co.uk/itm/317596365823?_skw=Iphone+11+pro&itmmeta=01KJWWK5X0VYPFBF9GSPNZ8XZ2&hash=item49f237f3ff:g:Iw4AAeSwrBRpKQJy&itmprp=enc%3AAQALAAAA0GfYFPkwiKCW4ZNSs2u11xAv%2FRKMyRkdQLAfbH7PfRiMMXZEMXm4QIo6tKl6s9ZggQCUXftgwDFwymLRVKLTm4lSUB%2BzOwTjfsSPGMHjueek1eAQB%2B4gTN9MkI5kv9Bv5AXpgGpg2BHjr9AiGQcOeWxl0YV5f1QK16vPefgGORfpiMKy55RXAFg%2F1yjQUmw4%2Bq5CmsT18MnjjoR6AWH7az4qsYmWPwiGlFXDCFkOMAX67HxB3rw2DQRhy6W73h%2FCxImtcXjePU3WDF97dECl3vY%3D%7Ctkp%3ABk9SR-rezJyXZw
Apple iPhone 11 Pro Max 512GB – Unlocked – Space Grey – BARGAIN!,,£229.49,Free delivery,1 Mar 2026,3,Pre-owned,https://www.ebay.co.uk/itm/277710770025?_skw=Iphone+11+pro&epid=6034218752&itmmeta=01KJWWK5X05HYNB76G48B8Y8EP&hash=item40a8da0f69:g:DwkAAeSwZidpbPtC&itmprp=enc%3AAQALAAAA0GfYFPkwiKCW4ZNSs2u11xDbkWCUshDvuDSpJgmaH4Nfqd71DIPPDxyl2ZKRpLq%2FF4LmJbi7HZrQkszMlqe5xx4J07Ubrcwfmrdc%2F5pGzy9xWousD1cCoEp45Whek5QgjbFcgakS9uzMlyA%2Fh2va11MnAJkGYHEaF9%2BZ5fYLzbg2CZFqhkNSVR9PWpJ1Oa1sNNNE2PiOQR9jg6hcYBPPEjQ2iTAYNdjz0osiL%2FFMWN5BTUQ0FNflsNS7aZBZoudCJkN7iXmLvlG%2BiZjqDayvrWM%3D%7Ctkp%3ABk9SR-rezJyXZw
Heavy Duty Shockproof Bumper Hybrid Armor Case For iPhone 11 12 14 13 Max SE 7 8,,£5.99,Free delivery,1 Mar 2026,3,Brand new,https://www.ebay.co.uk/itm/324595770356?_skw=Iphone+11+pro&itmmeta=01KJWWK5X0CJ0QABJT0AZM6X3T&hash=item4b936a63f4:g:VuYAAOSwvG9fpeB2&itmprp=enc%3AAQALAAAA8GfYFPkwiKCW4ZNSs2u11xC2PgPj0EgWuuTlwjJ6mXORocULkRRA%2BRVRydfvdiHr4cXyG3APOHHA47GrdjSRO15ITag72FXgJNkL%2BT8EuSkuEsgHMtVs07LYewZ6P0EuW7EJqc7DDCbbMmiB356epz2g2P7TFomgOOkQZNVOlIvyIQEgsso9v8y6SO3DQKbYRBS3XY3ObhIaYT%2BjPPuNrOBqiLS6wbWqU70Inv0M1%2BqIC%2FkLk%2BZvxNa%2B76Zn7scDgmgRJZxKmCzjzetLilgl7jXEBhmBSBTLOHGP3xcc46hJtTtqaP9PBokNYXaRvjGdDQ%3D%3D%7Ctkp%3ABk9SR-rezJyXZw
Shop on eBay,,$20.00,,,,Brand New,https://ebay.com/itm/123456?itmmeta=012DEW30YG0MEEKND7NH&hash=item123546:g:acwAA9KNiJowH:sc:ShippingMethodStandard!95008!US!-1&itmprp=enc%3AbgepL1tlUHjMGCVfSTGJh%2BzsVKeJ3CQk7NizDI4BZeppuFnmyS6Ijyp8lh%2FnEw%2BWqO7uTV1Q6izE1R0T54aV8j71F4xlWfVcGft4%2FiOQhtqVXA1rW6M1atPARQRmhqUxtEPJKhKtSFgI%2Bvwlzb0GwVCtkp%3ABlBMUObkmabpYw
Shop on eBay,,$20.00,,,,Brand New,https://ebay.com/itm/123456?itmmeta=012DEW30YG0MEEKND7NH&hash=item123546:g:acwAA9KNiJowH:sc:ShippingMethodStandard!95008!US!-1&itmprp=enc%3AbgepL1tlUHjMGCVfSTGJh%2BzsVKeJ3CQk7NizDI4BZeppuFnmyS6Ijyp8lh%2FnEw%2BWqO7uTV1Q6izE1R0T54aV8j71F4xlWfVcGft4%2FiOQhtqVXA1rW6M1atPARQRmhqUxtEPJKhKtSFgI%2Bvwlzb0GwVCtkp%3ABlBMUObkmabpYw
Apple iPhone 11 Pro Max 256 GB Space Grey. Unmarked condition. Factory unlocked.,,£190.20,delivery in 2-3 days,28 Feb 2026,4,Pre-owned,https://www.ebay.co.uk/itm/157691651146?_skw=Iphone+11+pro&epid=20034530783&itmmeta=01KJWWKCSBR2V30QR0SCMSBBJC&hash=item24b727a44a:g:5BkAAeSw1kNplkQi&itmprp=enc%3AAQALAAAA0GfYFPkwiKCW4ZNSs2u11xAPJ5xTLQzRLZqFM1Lk%2Fh2TSgyMwG0IlEBvUpRDCUKIr0KTYrPhXGkMTPwqjEnWN%2F0YlZDljY%2BC7FScZf%2BOSzxyd%2F0wx4fmywz%2FxnJm1BpAdttuo5vfRUdz7ZTuCYviE0jkTvxO3z1iXn2zPHAhHc8EHR3Vk5ieuGfhgHuGXT5CdhwQRygI9z%2FERumbvugMMW7PxeiJVayNRQuQqiD3t1HAIK3WFdVSZSKpOe6e7g79xymE%2FcCJhgUeWEZup9YVgCc%3D%7Ctkp%3ABk9SR5rNzZyXZw
Case For iPhone 14 13 12 11 Pro Max XR 8 SE XS LOVE HEART Shockproof Phone Cover,,£2.95,Free delivery,28 Feb 2026,4,Brand new,https://www.ebay.co.uk/itm/225254958147?_skw=Iphone+11+pro&itmmeta=01KJWWKCSC2TTPYABWBH5S77P1&hash=item34723de443:g:SS8AAOSw4wxh-VZB&itmprp=enc%3AAQALAAAA0GfYFPkwiKCW4ZNSs2u11xDKc1ySAK54pCtTENsTAeDTR9QCaQT0GuBDd%2FUsl8sEuZAP2hPRtM1L6ZwMLOC84IT8aAwFeGSXAQR%2BCRRdoPpVaeps4KlR0jnmx3XbsYf1kvqaY%2Bn3ZilmXHfP%2FaEKYY4Dbg1g%2FS7vzDJALkH0aBbFOMAIng%2FraYNzUWpvwwsEUzV0hU5rbqdbdAMjbRILP8n7OPyq8uycfH75bwvsdO2Dgio8J0xziJe9tytZwkqsJaweyPlWAZaw4dYDoH3iGTY%3D%7Ctkp%3ABk9SR5rNzZyXZw
Apple iPhone 11 Pro 256GB Space Grey Unlocked Smartphone A2215,,£104.70,delivery in 2-3 days,28 Feb 2026,4,Pre-owned,https://www.ebay.co.uk/itm/227227665624?_skw=Iphone+11+pro&epid=5034225079&itmmeta=01KJWWKCSCC75Z7775ZD0G12D8&hash=item34e7d304d8:g:58QAAeSwzMJpmxqI&itmprp=enc%3AAQALAAAA8GfYFPkwiKCW4ZNSs2u11xCw38xmhaRV%2FejhueXdew69mAyv9lbMWwfCzx%2FvT0tz%2FBcVCi4VIuIwBgpQS%2BJKL0R9P7%2FXRPWYSKplqEHFadasSPOqYUEuDeCwz23Ed95M%2FYh%2F9eghzWd9UV4pkVlxOmv0XN4RvX9hf%2FXc1vq0Nv%2FuGHH%2BV2HJx42GUEyWJCdQfIFvMf%2FOsFEGPblB%2FbYiwXuG2MMgJ0qnUUrrgjV3DnLW5%2FzP84ePruZqNk%2BCbDmCdZzQLdLPFCnTRgJWsgmCrze1QHasQP8fEJnh7J%2FJi7n0dqyetvTSl5e4yVZmaV2H5g%3D%3D%7Ctkp%3ABk9SR5rNzZyXZw
Apple iPhone 11 Pro | 64gb | Silver | 100% BH | Mint Condition (Unlocked),,£122.00,+£3.94 delivery,28 Feb 2026,4,Pre-owned,https://www.ebay.co.uk/itm/397635367855?_skw=Iphone+11+pro&epid=4034210697&itmmeta=01KJWWKCSC0H0KCT1VDFB8NSNR&hash=item5c94ea33af:g:14gAAeSwVZJpmhfT&itmprp=enc%3AAQALAAAA8GfYFPkwiKCW4ZNSs2u11xAqcV5%2BaxnaLhmLky70iqC5gbLRiYwmmx818TScmN3Dr%2BvbfF0BuLCVYlDvV5c0tRW9lp3bepTxi9gDQsAOFcldSCsVnJZKqfE0Z6AN1fIU6c51Ou46NXHW9H4XLPwvnSWza5a5G8hhGXOKoAlYhmCW9bnOdIOUODAtRZxJB9xzVIsfuzAVW6wod9sgTNvUFLjioutKXjONQRryJyM%2FDJSHV1k8n54q%2FbOnrl0jObM8Q4na7z3sYF4klDUlYkb27Lo2Cj28IW1ag0fdKC2sADOhvu3kRhjwkbqdt0kopuDXcw%3D%3D%7Ctkp%3ABk9SR5rNzZyXZw
iPhone 11 Pro Max 256GB - Very Good Condition Unlocked - Midnight green,,£143.08,+£3.94 delivery,28 Feb 2026,4,Pre-owned,https://www.ebay.co.uk/itm/227228958903?_skw=Iphone+11+pro&epid=27034209624&itmmeta=01KJWWKCSC0FNVFNCAPZWDS9J2&hash=item34e7e6c0b7:g:3RUAAeSw~zBpnEQ9&itmprp=enc%3AAQALAAAA8GfYFPkwiKCW4ZNSs2u11xC7zX0XQt0jmXmqrIxOLVkgL%2FFTCMsNCeauDj1ZeuyIaELG%2BcTzdazxKNdoolQ0NY9BBKsd4mLscJZvzJ%2FKTOWfkTN%2B2cTmYjGtKGX7oAMVyjEXDaTtpvnba2oHNBxUoMj7tdgfbZ39NNAu5oEjW7Qmjp2FpLyFW4unJWO5%2FTdoVuY0y4ckYlBjrgszLbwH8ogX%2FOXVnMlFRmgHhdgMlr%2FgZANle64DE1lMpnSTWIxuRYmeyku%2FW5%2F2tnDE5WC0LwLRZDbdTyktORbnInVB1K2ZGq7h%2Bcyuw0H6bjOG%2B9mD4g%3D%3D%7Ctkp%3ABk9SR5rNzZyXZw
"Apple iPhone 11 Pro Max 64GB, Midnight Green (Unlocked) Excellent, No Face ID",,£149.99,Free delivery,28 Feb 2026,4,Pre-owned,https://www.ebay.co.uk/itm/336433901832?_skw=Iphone+11+pro&epid=5034224996&itmmeta=01KJWWKCSC0V2WPABBG4YEVQGQ&hash=item4e5505f108:g:8B8AAOSwIFFirwRM&itmprp=enc%3AAQALAAAA0GfYFPkwiKCW4ZNSs2u11xBDi4VorDoefM3NwJnC9532B76UEfFDcw7CZXegRpnr8TvtHli9Jg6wdXKo9qla3I60ZS6OqSnz2o5zNoE4miPKpNlzEJGHlbZlE%2BV7t4CeTK3aK4rdbvLhL8%2BnUJqI8cHrw0uxeTdRQBX0QmawY1suJ7baUGv5SFUmimluv7WJbTrBW6pBLOXa%2Bo0ubFKdyS1WmlQh00YpCvHKYmRgIYH7RJq24qlSzyrnRrF3sAJwHep73XmkxfnSQo1aEvMoll8%3D%7Ctkp%3ABk9SR5rNzZyXZw
Apple iPhone 11 Pro Max - 64GB - Gold (Unlocked) A2218 (CDMA + GSM),,£51.47,+£2.94 delivery,28 Feb 2026,4,Pre-owned,https://www.ebay.co.uk/itm/127705075455?_skw=Iphone+11+pro&epid=9034209168&itmmeta=01KJWWKCSCXMTJ5BB7S6M2VQH0&hash=item1dbbd0ceff:g:mvcAAeSw8ptpk4Jc&itmprp=enc%3AAQALAAAA8GfYFPkwiKCW4ZNSs2u11xDJywrEGkKZiriXSyVicZNwsXGIbwCYLVcGhHkJxTTYa5RjPWcZSDYvYifjBr5GxQJ7SOJQBCQAPnxLmw9WrIWsOeoEDfNny4rxpR0N24lx5DGYHWoIlW5qC%2BnErgp5V2h0marHO9F1F%2BAnj2kDIrDiA975z5rsz9K7H%2Fu9ypwufkdAILDKll9uTZiSsHLUjeL6PVxYLUDJjkq%2FiNTc4g38Q9W0eGq01x5ZIhvieOZNFd7Zc1AufdXJaMVeGnzjk29hwbyhenB%2BrcUXt9Fv0%2BXmQUP32Lfq%2B4xvRkHq4%2BLDLA%3D%3D%7Ctkp%3ABk9SR5zNzZyXZw
Apple iPhone 11 Pro 64g,,£108.12,+£3.42 delivery,28 Feb 2026,4,Pre-owned,https://www.ebay.co.uk/itm/287170493705?_skw=Iphone+11+pro&epid=13034214373&itmmeta=01KJWWKCSC3HHB9NFP471TZ3ZC&hash=item42dcb1fd09:g:4HAAAeSwv6lpoxZq&itmprp=enc%3AAQALAAAA8GfYFPkwiKCW4ZNSs2u11xDkJR8L2i3pY30%2BqAyrJGhx85KfkIQi792EPnG0v1VPJaLInG5mUEE8mmyxperLunMWjN4yBrldz5k8R%2F%2BwYIEK%2FIjjRqAXaBGo0P%2FD6YQwCv7DLutqOGP7%2BcpnLMAbHV%2BmO2U5D%2F3dWya%2FkkpAzrFY0nOrkj%2Bxhm3%2BF4iJY1XSK9hgy9YW848C8S7jRw5ZJOry94glDKTiBhYZVp%2BMog13mgqUceRQS9jAbL2V45HfWWFLbpvUozn5FtvsUHaldYQsZ0hxl6aEeQesfGBqZlb6XX3xmjHLd683JNNigieKDQ%3D%3D%7Ctkp%3ABk9SR5zNzZyXZw
Apple iPhone 11 Pro 256GB Silver (FHS82186),,£69.99,Free delivery,28 Feb 2026,4,Parts only,https://www.ebay.co.uk/itm/188102400574?_skw=Iphone+11+pro&epid=4041593351&itmmeta=01KJWWKCSDCTKP3G6M1V62NFJM&hash=item2bcbc6da3e:g:NdkAAeSwqutpjKRo&itmprp=enc%3AAQALAAAA8GfYFPkwiKCW4ZNSs2u11xCUHI6TxVKOvnxXi%2BzFH4t4usDNs3Vf77jSVc3Tp1Uo67Uniej3F3RU1ViKy1p4YBSSnBJ0XPv6gwrUoTyxQ0gE09dBxLILrVpiqKy819ATp6iHt3H431XoWP7kObNTOHh4XvN7OPzoeyXoDnQJdb9T7CRq1z6VKPm5Mobazi4D1DirUlnNzTv03YNkHzqItEHZDBG8cFanOEW3RYboBQRsTgKt4ByywxIjntXjzSWvIIcGiOeKnqmhuxmt2D64u11XSYhNJqLxKZR40DukmH4mtjCRKD5vF1aI1EVhvZin6g%3D%3D%7Ctkp%3ABk9SR5zNzZyXZw
2M Heavy Duty USB 3A Fast Charger Cable For iPhone 11 12 13 Pro Max XR SE 7+,,£5.99,Free delivery,28 Feb 2026,4,Brand new,https://www.ebay.co.uk/itm/394268169110?_skw=Iphone+11+pro&itmmeta=01KJWWKCSD30B68PGS987228N5&hash=item5bcc36d396:g:5gAAAOSwLh9jwUvP&itmprp=enc%3AAQALAAAA8GfYFPkwiKCW4ZNSs2u11xDhYxxzYRMhBEwXWlDv38ouYPKlvALnQwUDNj4nht1HpLmY5jFGRaoy%2BFH9qVtt%2FKGrXUfKQbj9Oq1gxfuTz2Em9DdCH0ccn30dUaAVVBExgmhXxLb4IPLFA3oS42lbUhEn8UGURTBNQPHFhdroIncGzQ%2Bis2mUjwKSJByH%2BZdGrY2ezGlctntrOGJvRJ6Jgby4DD3Su%2B0ou7iK3hZmFQt%2BkPc68HwP%2FYVmvTNo3hEKZuTj3qN%2Bhy8fVFrUj%2BZoasVFsFsiLAvknGZeIoB1n5vN5y%2FRlKf%2FTkturSWjcOcWhQ%3D%3D%7Ctkp%3ABk9SR5zNzZyXZw
Apple iPhone 11 Pro Max 64GB,,£107.87,+£3.72 delivery,28 Feb 2026,4,Pre-owned,https://www.ebay.co.uk/itm/277744589784?_skw=Iphone+11+pro&epid=9034209168&itmmeta=01KJWWKCSDAC77ZSQTXCGZK5CV&hash=item40aade1bd8:g:JOkAAeSw1KlpmfD0&itmprp=enc%3AAQALAAAA8GfYFPkwiKCW4ZNSs2u11xAlDwNRSHuwNEHtd%2F566EI0xo4ycJYc2FJuvm7Cm7h%2FFgM8zwZACWMAcYcVNHj7JojUSprWeU3QMfSHuGAADut4anW6a4szSyCUCkqu1BfZLVzn9qPx9gDEMk1T7cajGxXRvudPrzDwBf%2BIIFkKA%2FTNXDv32ibLY%2BbLvZQx%2FgXEsTX45Nqs6SVmVg2CjszPpr8wuZTHaG2g45hHHohT7ZGWWYik%2Fm%2BaGXTDSyXYX75tPj1pZ46k959sYCZsXADBpkrue9ohayNP2FIDaz5%2FdLJq0P%2B7rZH5QZKNnS6B9ILqyg%3D%3D%7Ctkp%3ABk9SR5zNzZyXZw
Apple iPhone 11 Pro 256GB Grey (spares & repairs | read description),,£24.00,Free delivery,28 Feb 2026,4,Parts only,https://www.ebay.co.uk/itm/267584262547?_skw=Iphone+11+pro&epid=10055486865&itmmeta=01KJWWKCSDG1GKGDWTPS3HKWJM&hash=item3e4d43d193:g:VPoAAeSwbkBpnI~H&itmprp=enc%3AAQALAAAA8GfYFPkwiKCW4ZNSs2u11xCQKvgka%2B%2F3%2BAXWSydeYWAwxbtRO56aP1L2DAQQThS2wzCjcrYq6%2FvrzFpo0qIYAxDlLbV%2BPjE26fz6Pwl9iXHXDjqI7Ho4nLw0IyBpgObLtW1x1CKP11v0oU2Vb2FXP%2BooYrFP%2BA1%2Bj6UuwLZVreCm2sUP9AwM7uHzqHPOsCkXYqocK40pW9XnuZpqxn5N8HakzhztCd2SwYqQgJLfb6qEt9Kt5kA0sMvTB5bd%2FjCPVoVnzB%2BpznW46PSe8UtG74fG4swZUVy8U6yksTfAoDFYAwFWOxBJK%2F4sywqLzNY3hw%3D%3D%7Ctkp%3ABk9SR5zNzZyXZw
Apple iPhone 11 Pro Max 256gb Unlocked - Immaculate condition - Fully Boxed,,£180.20,+£6.16 delivery,28 Feb 2026,4,Pre-owned,https://www.ebay.co.uk/itm/227226497247?_skw=Iphone+11+pro&epid=14034212889&itmmeta=01KJWWKCSDBNT8YZQYZDHCYKSF&hash=item34e7c130df:g:tMUAAeSwiqxpmel3&itmprp=enc%3AAQALAAAA8GfYFPkwiKCW4ZNSs2u11xAAHfWq3GAtBabxIQ%2FdVZZG%2BgVI4xUu0RQT%2FxN9QdrM7iGd1TLiv2mC6RopsOrk6WEkig3zRKaCBrEGapY0h6ku7i%2BU0oJdySzlgr0YNiRc7aNd5PHzAF85NZbJXYJFfeZ44c7UjMV%2BnMl3VRbepTBaQUnYMZ8qox6tbdrNQeYc2y%2FfZDxqNN4fLRpZod2XLta4%2BSFGBy7EIe7Bo5yK%2BBRKh0eVqG6MVNs3VJbRbOoF5lbb6ZZ0lmEK2bXt2CXfMw0QVxsvpbsOV7kBXelzexFw7TvH1mngYivPhOXapJY0zw%3D%3D%7Ctkp%3ABk9SR5zNzZyXZw
Case For iPhone 16 Pro Max 13 14 15 12 11 17 Pro Max 7 8 16e Shockproof Silicone,,£7.49,Free delivery,28 Feb 2026,4,Brand new,https://www.ebay.co.uk/itm/135411789152?_skw=Iphone+11+pro&itmmeta=01KJWWKCSDCBY2TRRVFQS3107Q&hash=item1f872bed60:g:OYQAAOSwuwFm3vJL&itmprp=enc%3AAQALAAAA0GfYFPkwiKCW4ZNSs2u11xC7vwWAh5y9qYRWa5MNmQets01IpmmcwcYP7hhkAg6XBrCzf4ZKOVc3awzmTMlfIgxxVbyEaBmhJAnWV7aHUYIS9FviY%2FuUPfs%2F%2BGiyFm65MWPK%2Bzuzgkv6%2BSmv5LJV8P1y3nKPTP9LNVk9Ijt38dfJEr1R%2FiIe5kAiZ%2BnZShMAhaEoyvVwI8aFEhsz9QDDJn9sHtRmPmq%2Bqrn5x%2F7JvZ4LSVSh8a80N2IjAIbi1Cvi5AwRhrWDkOGmoIu4XM30k9U%3D%7Ctkp%3ABk9SR5zNzZyXZw
Apple iPhone 11 Pro Max 64GB - Midnight Green A2161 (Unlocked) Read Description,,£94.99,Free delivery,13 Aug 2025,203,Parts only,https://www.ebay.co.uk/itm/406088039848?_skw=Iphone+11+pro&epid=17036192304&itmmeta=01KJWWKCSDYKZ7BPKG0MTM9EDR&hash=item5e8cbbbda8:g:WWEAAeSwQBdoiOiy&itmprp=enc%3AAQALAAAA0GfYFPkwiKCW4ZNSs2u11xBUquCuk6Z04Y5f67voOTgV5sbWXYl540tKnEB3c5YpDmIjVdkNyvEpbPxs3y%2FNBN%2Fc481ILRKwmqt9TXH1BPeHw5uOzfLEuw%2F2HSsgX3bt5SBXsA9bHqm88bS%2Bu0yccM9oNhwGiUIPBkd3cB3QBSReXTY8m69E0VC3MIxV%2BIP5Ifta2W3WwOvhzqgqqMJCGztH%2FnfsFUDRs4u8TKplhO4DejQ9nTfVNowKact5uScajHj52KB%2FjcZfLQ8jNJn1Z0A%3D%7Ctkp%3ABk9SR5zNzZyXZw
Shockproof Silicone Case For iPhone 16 15 14 13 12Pro Max XR 8 16 Pro 17 Pro Max,,£0.99,Free delivery,28 Feb 2026,4,Brand new,https://www.ebay.co.uk/itm/167784583332?_skw=Iphone+11+pro&itmmeta=01KJWWKCSDVWPABSRDE2E9XG77&hash=item2710bd90a4:g:zckAAeSwYBhowt3H&itmprp=enc%3AAQALAAAA0GfYFPkwiKCW4ZNSs2u11xBKFEeXgO8UGcPU%2F06rmNQETD2ytS3Ld%2F%2B73bdaAcwkssKZtP0lhvIAWtvg36oDS2RWHzlJ%2B4FWCCcjtd9CUvBUS4ijH4Q9jk7VNKgyU1LpCC3NB%2Fgw%2Fg6tWBzgDK8yfwQrhECw%2FyE%2Bur%2BE92WvYp18yF0KS89Flo7ThlOE2CSOfAnVLzkeC8jIZuEoAWt%2FuQ9VBUlcAXShkisLPDQA%2BS1DszKAnXAI6G26L3nbYsAEoMjM9hqjTQ2xv%2FNv8B3zMfs%3D%7Ctkp%3ABk9SR5zNzZyXZw
Apple iPhone 11 Pro - 64GB - Gold (Unlocked) - 92% Battery Health,,£119.99,+£3.94 delivery,28 Feb 2026,4,Pre-owned,https://www.ebay.co.uk/itm/157714739462?_skw=Iphone+11+pro&epid=13034214373&itmmeta=01KJWWKCSDS53JC7MA50KY8JBT&hash=item24b887f106:g:qVwAAeSwcEdpmDgn&itmprp=enc%3AAQALAAAA8GfYFPkwiKCW4ZNSs2u11xCyVo55HKaTdCUw4tlha40%2BZg1LNjt%2FPVFIMoJIdG%2BqepzDvJraLoGh1t4rfQh3eTUnVela32z6SrcPLHTK337OCAkCqYo0TMLtSwP2W9n4mhaweKgvKT7nWy4PNPOzD%2BQ2IRnjAqtvlg99sFeQSLJob3YEabuYJwFxmx0dzkyRQgIMOgUoaF%2BdpdO%2BvUWqiBzAWPGqWqJgUNlU9dRIan%2F0Br1fn9K%2FRiopfSikgn9QDrPIL0SaTwptQO1Y%2BaDiS9UZjv%2FpsawrWqhf2VvPythqmHwXbz9ezGDg8Vc6PtV77g%3D%3D%7Ctkp%3ABk9SR5zNzZyXZw
2X iPhone Tempered Glass Screen Protector for 14 15Pro Max Mini XR X XS MAX SE,,£2.99,Free delivery,28 Feb 2026,4,Brand new,https://www.ebay.co.uk/itm/335222136822?_skw=Iphone+11+pro&itmmeta=01KJWWKCSDA0VJS3AGHMHRJXB9&hash=item4e0ccbdff6:g:Cu8AAOSwiIBlrpCV&itmprp=enc%3AAQALAAAA8GfYFPkwiKCW4ZNSs2u11xAv8JGmy9QjbXPI401qExYDD5%2BIjh%2FnqMOTXuqB08Ej6388jdD8vIJ4Tm%2B0gErXOfm5cUnMj8mM3IvyGbvNMahduwH%2BR5RHjz0csvANR0zKVh8o%2BdzWbZQS82sq0J%2F1jYLRC4TBLUqxsPDfoygszS5X%2FIablDzIeN3D9vSwsraFZEKNDRMiRerp5PZiD1F8QlwmuLugr52wRGZAQgGWkaCon8lffkkTSxqhlTEhAQAR6RglG9qigZBpvELOUzOHlXtAeGuFMf5LuHTnDso07%2BgLm6FEqkwMrHQWy89oZvfILg%3D%3D%7Ctkp%3ABk9SR5zNzZyXZw
iPhone 11 Pro Max 64GB Space Grey 'Damage to left side of screen',,£62.00,+£4.99 delivery,28 Feb 2026,4,Parts only,https://www.ebay.co.uk/itm/298053364612?_skw=Iphone+11+pro&epid=26034221360&itmmeta=01KJWWKCSDW71NARZTRCDFEW80&hash=item45655d6b84:g:KcYAAeSwIwVpaM7N&itmprp=enc%3AAQALAAAA8GfYFPkwiKCW4ZNSs2u11xDeIUCc2Rqvgp%2FuR0ZOz1GgtOM532%2FAiEJUjTpEsPEMaEtx8vFfK%2BBMho5ek0lrmKMWodvcxKntY89i2HxwpW41uCMK0KGGYiEDeR%2BdQaMLaQELt5rYJosb1Yxv3Tt%2FmxiC9w94yImTK4E48%2FS%2FUixRpYRiOP2HBOKTwJ9UxE9DDKe3%2F2qw6dtiCQTJDENCORcT4UZPiJu6zfOilZ7%2B6YJHGc5KDBeoVOSUuj4BNU25wsP3U9fh5CnQB6harrI0QskwB3OWYkdBOc10zAzfuUpsTz0XvoqOWjJXHoZvv6Hfkg%3D%3D%7Ctkp%3ABk9SR5zNzZyXZw
iPhone 11 Pro Max 256GB Unlocked Smartphone Silver Fully Working Original,,£177.50,delivery in 2-3 days,28 Feb 2026,4,Pre-owned,https://www.ebay.co.uk/itm/358266289934?_skw=Iphone+11+pro&epid=15034218456&itmmeta=01KJWWKCSD2B6P15BS62SG0PHT&hash=item536a55bf0e:g:8-YAAeSweaFpocqd&itmprp=enc%3AAQALAAAA0GfYFPkwiKCW4ZNSs2u11xDeglgYdIx5c%2BeHvGQynMKeHI1qWCbXwb%2F16v2oljZ3kMQWYN9AHFa16sfIqz1Btl8ucTzjoBzkfglxDp9NPyL1GMB6OwWpH49btbWbPVtA2asYrG%2B9AmFt6RJFdTbLVatfKR%2FsYy6Pw6l2lLBZoxm%2BllwiA%2BGCXPnVNktBtnQooaMOA4eJpgxk0wMpf14K%2F93r48JCPmYcsPNroeRgb7TnBfh32bnEMEX79HQ2yhjH4%2BTS9ZBRx8wepuaNFbeamaM%3D%7Ctkp%3ABk9SR5zNzZyXZw
Apple iPhone 11 Pro Max Unlocked Smartphone 256GB,,£180.20,delivery in 2-3 days,28 Feb 2026,4,Pre-owned,https://www.ebay.co.uk/itm/206084749829?_skw=Iphone+11+pro&epid=15034218456&itmmeta=01KJWWKCSEPBME5J3A0MAHDG67&hash=item2ffb9bba05:g:yZsAAeSwNlBpmbsR&itmprp=enc%3AAQALAAAA8GfYFPkwiKCW4ZNSs2u11xBHRG3uof8WRjFaP6RAkTyBc4UXxT%2Buf6oVXmhjIzJrLTNmDc71TyJHC08aJ8vdHij6ZHW6jmCh0X0kpbD9IEe%2Fl%2FczHuAgw4EFe%2Fxxe39CXiBbupZA1%2BcbTtCE0kpIRJU04PJtJgZIcDdk2F6gSXXh63IvjaIkPEBihey1TbsEjSUpENbK9YJmYeM3cFNEdG9fVrxSzLgTPjDgZ5Oy2Ufu2y3bHWKZjM99CH%2BKuT84ZCiL1x557Kq%2B2o2SY4VHH4UdCu2PJzvb7u8yb329BeXrf66XEq43iRhq4yI5tjMA0w%3D%3D%7Ctkp%3ABk9SR5zNzZyXZw
iPhone 11 Pro Max 256GB Unlocked 100% Battery Health!,,£179.99,Free delivery,28 Feb 2026,4,Pre-owned,https://www.ebay.co.uk/itm/267588782538?_skw=Iphone+11+pro&epid=27034209624&itmmeta=01KJWWKCSEQ6G3MHKQ5XDYZNM3&hash=item3e4d88c9ca:g:TnEAAeSwL5BpoeDH&itmprp=enc%3AAQALAAAA0GfYFPkwiKCW4ZNSs2u11xAXnwaTPFKRJlGUkzRGvM9%2BEmiICc%2BRrfka2A0ZTbo4b0YoKxUln0aWJ6IOpm2rPGArd3%2BT1ZNKgSMPhPDPKZvZScCqP1uI6OQafnw4GtYzjufL899T6rLtqxWVH7kqUZmKsMI4I9QfOChM7ggf4GdtBrwzDcNXB7eAc2tMWknjYEqzPsoVfgLcPSfooRvc9jetLtgIvgxMkaQBdL6hiRK3I5p7viC460pVPDVfZPpgBDIsG4xgyeTWMTU8a%2FM81C4%3D%7Ctkp%3ABk9SR5zNzZyXZw
iPhone 12 Pro,,£44.38,+£2.94 delivery,28 Feb 2026,4,Parts only,https://www.ebay.co.uk/itm/287140902583?_skw=Iphone+11+pro&epid=4034210697&itmmeta=01KJWWKCSENRVERRRA579W2NBA&hash=item42daee76b7:g:QqgAAeSwWKxpj8La&itmprp=enc%3AAQALAAAA0GfYFPkwiKCW4ZNSs2u11xCRZ3YrAVRrj2JTnD1i9%2Fy2FEveG9j81qdxW11G%2FBP4vHri82ea5CtmXsnIphZG32vZrUKMFzU6d1uTrSbClORz1ac9qYj4%2BDkDYs2MYhUhSfJrSv08%2BYgIs3ZC%2FYOsoiStjpum6p%2BFwirw5G1Pdy6ygX%2FqA4bIokXw2YLG%2BZlSpMfEb8SbSBz593OgdWRXDiPjNvJgdqQxV74LCmKugQRGs0LaBkpqThApgMFEpyNgW6Yt47L7nH9cOfupfGx48wQ%3D%7Ctkp%3ABk9SR5zNzZyXZw
"Apple iPhone 11 Pro 64gb Unlocked, Green",,£87.74,delivery in 2-3 days,28 Feb 2026,4,Pre-owned,https://www.ebay.co.uk/itm/267579724957?_skw=Iphone+11+pro&epid=11034210273&itmmeta=01KJWWKCSE8T65MYW629NP4E5W&hash=item3e4cfe949d:g:4D8AAeSweFhplbli&itmprp=enc%3AAQALAAAA8GfYFPkwiKCW4ZNSs2u11xCXeJGEjolZACHoJrzCcLWlv3pjKvIeNTZIM9wgnpJjnQR11DXNtXnYDrrZJgSeOgzne%2BNL34b1r%2F1nxoJ03swThnFBeWtTMpMcROW92vUfSFeU8FkPdjZKFIfI%2FlPlrJbrqRt2eW6utkwDhxeucDpsCi3pgQ0gC5nHXAZ4kYGPZ2WDDYg%2BejG16UiH7qSLn1MwA9HwsmuHnd2L9xsqCff8Ks%2BnkXZzjwqxFQnYSozK8qxu94JPhTkiuHVZpluuLtzzIUW%2BxBWNdp0mZ3SskEIK0bm1ipYTalmQO%2Bs7DAyVmQ%3D%3D%7Ctkp%3ABk9SR57NzZyXZw
iPhone 11 Pro 256GB Unlocked,,£86.24,+£3.38 delivery,28 Feb 2026,4,Pre-owned,https://www.ebay.co.uk/itm/117049562384?_skw=Iphone+11+pro&epid=5034225079&itmmeta=01KJWWKCSE1E4MK7NES44SXDPC&hash=item1b40b29510:g:yzQAAeSwl4xpmavP&itmprp=enc%3AAQALAAAA0GfYFPkwiKCW4ZNSs2u11xDHVymGR7Ldv68RehRTc0l9rwqNjrqLRpUvBkQoZ1M9OugOQ77eFz2ylAJeWUd8mYo9zRFpS8WNcrlqfL7%2BW1ZhLfvpzjwMFnfR1yIdmmSAWbGRd35wd1j3aXYcrJ9Y7ZkXcSRjclBlbB8G50D5RfemVoZlKjYE9Z1OSq68D0DR%2FMqVMGOSLO5hNI2w3R%2FdIBGt6geq7oL0WyIJS6WD2v1uDztnflacsY9JOa%2FePoXAG7auNRKb3v6VJTM2a3nB4Tc%3D%7Ctkp%3ABk9SR57NzZyXZw
iPhone 11 Pro Max 64GB Unlocked Green New screen & battery..,,£100.76,+£3.38 delivery,28 Feb 2026,4,Pre-owned,https://www.ebay.co.uk/itm/406720917536?_skw=Iphone+11+pro&epid=5034224996&itmmeta=01KJWWKCSE54N4PWEM1XNRZW63&hash=item5eb274b020:g:LIoAAeSwrpBpnuSM&itmprp=enc%3AAQALAAAA0GfYFPkwiKCW4ZNSs2u11xDayKSuFvj2rz%2BwmolkG1Q50nGHS%2Fvo1Bp32H80wDJBYmk2D%2FQ3vefrnrCOrxhdhDmN57nVw0GMgS2iY3ViA3HsPadFRSfn6WG7P9sCIuksxXYUWMY5Op%2BZR%2FtJTiXgpP3n%2F3SgzeACbXckL8HtXdud%2FFmUP2rAL1aaMFUmuEddPV5c4P9OzZf3RU4IqXOf0QHb8d1%2F7CjPLm3LzIuaroEHyilCcudYxApCjFDjUSSZhGSOSpZdEsXrXV2JfY%2FwqiY%3D%7Ctkp%3ABk9SR57NzZyXZw
iPhone 11 Pro Max,,£75.00,delivery in 2-3 days,28 Feb 2026,4,Pre-owned,https://www.ebay.co.uk/itm/397647237798?_skw=Iphone+11+pro&epid=26034221360&itmmeta=01KJWWKCSE6PKRPS2CCJK674WC&hash=item5c959f52a6:g:uewAAeSweqhpns5~&itmprp=enc%3AAQALAAAA0GfYFPkwiKCW4ZNSs2u11xAlrH1isiZ%2FSjditFjoVPc3yTc0JDGKuxfupOy9YvRA4fmwnjwugIRTrDGiyAdfatiVbi2ZvDhkx5y7Hq2MopRCbVMxV4yTbxL40ZtyE%2FHJHx3tRAMRP2X4McbcNUHv7nKCNb%2Fxitpiv4%2BS7rDKbmuhbWh4ALxoq0SJP0xvJA%2Fdx3%2BDgmLJ%2BTuKqVuafyKA6dBewPNmwrbqGU%2FBJOwu33Oy6oY5Vgp8NmHAcHIjveyA02l9%2FvQofrjKzo0Rz9o4qsU%3D%7Ctkp%3ABk9SR57NzZyXZw
Apple iPhone 11 Pro 256GB Unlocked Smartphone GREY,,£135.90,+£3.42 delivery,28 Feb 2026,4,Pre-owned,https://www.ebay.co.uk/itm/227235393214?_skw=Iphone+11+pro&epid=5034225079&itmmeta=01KJWWKCSEBNN6VB9Z0DDSSKWY&hash=item34e848eebe:g:rlcAAeSwEWhpojWa&itmprp=enc%3AAQALAAAA8GfYFPkwiKCW4ZNSs2u11xCcC52KGRhlTiyTlKPLw8ZM9Ccr3wRQ9u5cq99hkad13DMnig5xfndf9TWZ886ZXCcIctCSOLpoQHAxxHIPK9PU6T97TDsH8hSL841eYwmTjTTaXcaGDOJ2P5ngSImuErWwd1ZY7tK%2BAQT2IeH4w%2Fa90eFcEtq7zJLNcA7dNx9vvSkdG8pg2icDgBARQKzTAgO0ukoaQFj0LlMJdjfTaHONeEb4AVLWkjvtuxmre10QR3MTN7PEoZ6sbOk4vyEFH5o6qQEf9dHrWao3NgL5awk%2FpHdtNUv8Eg6upLo5LQdbvw%3D%3D%7Ctkp%3ABk9SR57NzZyXZw
iPhone 11 Pro Max,,£90.00,+£3.50 delivery,28 Feb 2026,4,Pre-owned,https://www.ebay.co.uk/itm/366233520083?_skw=Iphone+11+pro&epid=5034224996&itmmeta=01KJWWKCSEY3MW62XHN0X5K8CD&hash=item55453807d3:g:f0AAAeSw3uJpohWp&itmprp=enc%3AAQALAAAA8GfYFPkwiKCW4ZNSs2u11xB4lZBjzE%2FGRNrlY5fzNYe4KPP%2FMSB1b13vlGjip3w5YBfKB9rmjr8atWKpgg6GqrqzT%2FPCLwr6mH7aNmN11L0NN7l0V%2BL8WCbl1GHkWkHi2gLuO3ccvp2zXitcXayQfYvqjkWAD%2BqoECfqwo%2Bs%2FehmaDQHCwpfc%2Bc1vEcGQbDk0MCxtYoAxVng6nBf3QzYyUGD9BAleMUqVC6QR06PIrgiLVD9dg41lAKmZeblN6ikSuagYj2r3Uhpb2li5Hqs5K86uz9woN3pqsHfNB5k2xPkiV22upWB5GIWImJAQZZ3lA%3D%3D%7Ctkp%3ABk9SR57NzZyXZw
"Apple iPhone 11 Pro 64GB, Midnight Green, Unlocked Smartphone",,£123.42,delivery in 2-3 days,27 Feb 2026,5,Pre-owned,https://www.ebay.co.uk/itm/127707177111?_skw=Iphone+11+pro&epid=11034210273&itmmeta=01KJWWKCSE202JJZ42CN7E4ZQT&hash=item1dbbf0e097:g:9lgAAeSwJ4ZpoN3n&itmprp=enc%3AAQALAAAA0GfYFPkwiKCW4ZNSs2u11xBSs89qBTeeO5g%2Fhcfe21Sf0HLO1wtSGBQobY2qSWLQgbIC0DJ6zM8qlbTNK7DDib07FZwocc87IMZ7%2BT1HPSmB30TSnpzreufBDaCHGNgZvjd0w6Jj7lZXJqN7oNwr9EKGPhYNE38gyIqDCEmfYRRNDbdv7kBR%2BLvbBsKZedL7BJmmKEbNcDICBNSMVlmlZLdD8HDUjDwNJSMRi0dNZr1D3vpMvGHibVHAVE%2FL%2FOG%2BJYH2pG8ccNuCZ%2FuaQAI0EDM%3D%7Ctkp%3ABk9SR57NzZyXZw
Full Body Clear 360 Case For iPhone 17 Pro Max 16 Pro 15 Plus 14 13 12 11 SE XS,,£7.99,Free delivery,27 Feb 2026,5,Brand new,https://www.ebay.co.uk/itm/286178657532?_skw=Iphone+11+pro&itmmeta=01KJWWKCSF3JY9MF531NDTBXGS&hash=item42a193c4fc:g:SgQAAOSwpHJhAXca&itmprp=enc%3AAQALAAAA0GfYFPkwiKCW4ZNSs2u11xC8X6mbgnJurTfxK0pf8t7Qjrlk5mNiLrealBJxp9Phk97LknpTK6oGdTGY2s48MkAjrMjq4YVgyDGNHaKsB1rXum7EuZ%2FhYMhBdtGSsx2vqFCADm6%2B8y9gOcJUJfcLx47GnCaioY09g7SK3DU7ECNdDW8sTUi%2BQIzM0iTTgyLs9oSnKcX5xG7%2BrrgrKLlgGB87XyevvugTRO9xbyYuWfZrIG%2B7fxG2cGa0sq8qObVJWbsxY4cZz4PhXzkSg7NalDc%3D%7Ctkp%3ABk9SR57NzZyXZw
2x 1M genuine Fast Charger For iPhone 17 Pro Max 16 15 14 USB TO TYPE C Cable,,£7.95,Free delivery,27 Feb 2026,5,Brand new,https://www.ebay.co.uk/itm/257179936175?_skw=Iphone+11+pro&itmmeta=01KJWWKCSFT15NEWH8MAVD95B3&hash=item3be11e65af:g:CI0AAOSwtvNkdIU0&itmprp=enc%3AAQALAAAA0GfYFPkwiKCW4ZNSs2u11xAnu2WjhjNxJUplWXdFZXQr62AK7KmkYUIL0XSZ5yMrQyOTxwK2tdslOp5a9%2FduDFdrrCCLKU1YeVvxM94FQCCet2UcLeD4bstv3m7s19pueicKYH%2BN9Fu%2Fe2fY3tLrQRdtOg75jItIO%2FoE2I8jWrtXKvsQUO9PXzyMNsX4ZklxW0DW%2B5Kzp%2FLvPlB%2Bo0XooJKhZLILflLSlcacLrzqpnmWHk3ZDrrL41QXig7WK6FGjRT%2BcGL8I15Z0oBJ4YCboLY%3D%7Ctkp%3ABk9SR57NzZyXZw
Apple iPhone 12 Pro and Apple iPhone 11 FAULTY,,£54.03,+£2.94 delivery,27 Feb 2026,5,Parts only,https://www.ebay.co.uk/itm/177879294760?_skw=Iphone+11+pro&epid=21041715458&itmmeta=01KJWWKCSFBBZWFYHZTGW1FW39&hash=item296a6ea328:g:Nt0AAeSwYxJpj6LM&itmprp=enc%3AAQALAAAA8GfYFPkwiKCW4ZNSs2u11xCvb8GqQQUdTBXg5hjzHHeXkVFIzc7zr7RjD7KxoyEeWAirxmgbPVx5NYboQmBWO%2FaKxwlYS0zlb%2BciHBVjIZhE7X9QwYZA%2BuoJQsqwJIuoYHbK34qRv8IK4LMetSbB%2BXY9hFHzrJiR%2Bh%2FOBDBvxwpbWgE4I1Z6Pg7o0ArxwaCQ3tReI5Xrq1RPb8xShCGlBSlIz1UCh7nYg1BAEjYmpNM2%2FyJSlIdQ7Wpo75xEh6jXEHSowLN0ZYmo8Bm3GTeBlMnPTPP6UbGnEdQrlXUpV0TrrrIZWzAK%2Bau7%2FP4HamabCg%3D%3D%7Ctkp%3ABk9SR57NzZyXZw
iPhone 11 Pro,,£90.00,+£3.50 delivery,27 Feb 2026,5,Pre-owned,https://www.ebay.co.uk/itm/366233516173?_skw=Iphone+11+pro&epid=11034210273&itmmeta=01KJWWKCSF4KZ4AT86MVN4NH28&hash=item554537f88d:g:NZwAAeSwrQ5pohSg&itmprp=enc%3AAQALAAAA8GfYFPkwiKCW4ZNSs2u11xCpn59Lev1zioZP7tY4B1%2BGgnR1FIaMTe7ShBuj2%2Bhin9hq3NSX191ZBQm%2Fn3rRBtpcFopoTIMTrIBzbYrvVF1llU0W%2BguB%2FL%2BOcAl6%2FJuz%2BFplulQ9wxCXXI1lPIFHFqKHTcBLEvMCoLieW9csz8UHAxUEQ1SPzR29DnxqYF4sltFaRuAyTugICY6nSkCD25sfcHbY66ngmDhiTFkJD5FoCCnomGYnBC0alpv1Z8G9QwImjhxA48jFIqIuovUREb%2FvrK7qMMPM9NjwL1a71ZN%2FMqp%2FDWxbD3yglmiTSvALfw%3D%3D%7Ctkp%3ABk9SR57NzZyXZw
Apple iPhone 11 Pro Max (Unlocked) All Colours / Storage - Very Good Condition,,£199.99,Free delivery,27 Feb 2026,5,Very Good - Refurbished,https://www.ebay.co.uk/itm/168149587181?_skw=Iphone+11+pro&itmmeta=01KJWWKCSF7TP0D41G1AMW7M6H&hash=item27267f14ed:g:ldMAAeSwDAJppxKI&itmprp=enc%3AAQALAAAA8GfYFPkwiKCW4ZNSs2u11xAIkrdFKM4ia%2BrTxexHXLjp2oyarCWtKbMJsaPIZGa7ixa%2B6MAQ%2B8p87VvDe4YoUxEWK3GKvmF%2BsMAe5ydCD6eILS%2BA8buww5eQ6GcM%2FDhdQeo%2FdfcZugf8ES3ucvlbK4nSYOqw4IJLFzrENXk%2FjYFEcKkKTo%2FwbQaxrp6g0KTycRkFJpSiiJOJGM%2BmqGoGkpdOLLGWfWXHHOr6AwpmJv%2B%2BmQHVZwEH4SvyKDLJH7%2BrUnmOCikqa0zgSzA4uOuMyk55refi%2Bkvs517LQnGDVTjOhpQ3NXnwCkfRTMXuZFWQeQ%3D%3D%7Ctkp%3ABk9SR57NzZyXZw
Apple iPhone 11 Pro Max 512gb Space Grey Unlocked Smartphone,,£161.90,delivery in 2-3 days,27 Feb 2026,5,Pre-owned,https://www.ebay.co.uk/itm/376996955753?_skw=Iphone+11+pro&epid=6034218752&itmmeta=01KJWWKCSFZ9SP6YBPZFTE164V&hash=item57c6c50669:g:BaEAAeSwzFhperD1&itmprp=enc%3AAQALAAAA8GfYFPkwiKCW4ZNSs2u11xDRfjo1579bdjMeFzAhNYLqAIeemO8oViKxiFmR7bj0rWYXrGHXwX%2B6IjoiAPXrjhVHXaogTch13kJ4veuV4F1%2BW3uIcgj33dSkxb2NqZxm6fTXZIAvHE8Q1Hs7WIn2R5TgI6VzNlYtfx%2FAvSrHnqURxkPOL5f2sJmq7XMzdvpSNN8MUm5wpZZ%2FYC8dydplCoRtvTtp2q%2Fo6rFY2caleHOKxihHXUxeTChoSCHNV9AMWICUhTOAhJhijqzQug4lJX6jkNG1Yg3DEQuoTH2VQuW2m2YhONmVS4i7J1dH2q7Y1A%3D%3D%7Ctkp%3ABk9SR57NzZyXZw
Apple iPhone 11 Pro Max 256GB Space Grey Unlocked,,£87.08,Free delivery,27 Feb 2026,5,Parts only,https://www.ebay.co.uk/itm/227228056620?_skw=Iphone+11+pro&epid=14034212889&itmmeta=01KJWWKCSF2D9P3MAS4NYF6PK8&hash=item34e7d8fc2c:g:dskAAeSw1MxpJvUo&itmprp=enc%3AAQALAAAA0GfYFPkwiKCW4ZNSs2u11xAj1nNNcBCHWNvEwaoelw7mLcEGRpxQoJ5tdnj64wKvnVdo9yy0iSPNPeG8R%2F8Kjn14infX%2BgVaK%2BGTAxI3bO8aueIZgWot35Y3UqNW09GngFDtKeeEVhfEszHBEClC2GjCbmTq3fgu0QJjFd3ifZ7A8p%2FUNgDhkBJiAfmTTCHps5AxNfJOftOlX8ey1ykNAYPmvwYb%2B0MT6mV0BO6NmWXTzCJVDMKB%2Ffv8i9BZZEQNDbivEvs9BnX5AL6lYr9wmJg%3D%7Ctkp%3ABk9SR57NzZyXZw
iPhone 11 Pro Max 256GB Unlocked Smartphone,,£149.42,delivery in 2-3 days,27 Feb 2026,5,Pre-owned,https://www.ebay.co.uk/itm/358201017143?_skw=Iphone+11+pro&epid=27034209624&itmmeta=01KJWWKCSFE6TVFVDVMVAHGE63&hash=item536671c337:g:GesAAeSwoRFpiMJ0&itmprp=enc%3AAQALAAAA0GfYFPkwiKCW4ZNSs2u11xD60aDRkvAIBDMS969yhWlsVgVTm8XKz1jQdXX3n3%2Fe2uNCnxjg247dz5KU5G4Q39zWLcYgU3ClIQCCZShPDMxZhYbquglY6VBWeTmKUUa8D%2FQJInbG5cwN721ShU1y16NsGvvzIueQPqMuC1l7iJSjOWwrjGG512hORsQ84SxmBaFPhKinmKLyLZ%2FWS3nXSQqpfxbUwNlQI5se3n%2BtEeZxDQyHwiCjXdR7IcptHlCyYxEaBBt%2F76KHeZfNyar222g%3D%7Ctkp%3ABk9SR57NzZyXZw
iPhone 11 Pro Max 64GB Unlocked,,£87.74,+£2.94 delivery,27 Feb 2026,5,Pre-owned,https://www.ebay.co.uk/itm/327013709176?_skw=Iphone+11+pro&epid=26034221360&itmmeta=01KJWWKCSFYZ3EDNP15P3MAQPZ&hash=item4c23893578:g:w14AAeSwVYVpmxfl&itmprp=enc%3AAQALAAAA8GfYFPkwiKCW4ZNSs2u11xBYaAEVmabD1roWNhB1DSVOMw4jn2pnkbv7rYyJRjtDiW%2FIU8MVrykbIM5A0MVnP363TSkhwyAxFTq5RP9Dc2yjA03nmrG70Qxmi%2BUikRxmDm1%2FlwbeP9Hch5x%2BIhAVeQ%2BNsEvmEr5TSvjWvjlTWsq0Vt5S0o%2BPoN%2FDsuRY5IYgCObC94q1n9tLGP4GR4SKlutGdmsC0wken%2FCJBA1z5illDPpQSJ29L6r1zqOMlRY%2FFlana7JtniWt9w8RJfH%2BX1%2F68odJ1zpaf3PT0jceIJPCu9KKS70HBONYoD%2FwieW6aA%3D%3D%7Ctkp%3ABk9SR57NzZyXZw
Case For iPhone 16 14 13 Pro 15 11 12 XR Max ShockProof TPU Silicone Phone Cover,,£4.37,Free delivery,14 Dec 2025,80,✅UK SELLER✅ FAST DELIVERY✅SAMEDAY DISPTACH✅Mini✅ ProMax,https://www.ebay.co.uk/itm/126690347737?_skw=Iphone+11+pro&itmmeta=01KJWWKCSFDH14KTSRADQA9H45&hash=item1d7f554ad9:g:bMEAAOSwJRRm8yUL&itmprp=enc%3AAQALAAAA8GfYFPkwiKCW4ZNSs2u11xCsXdlRa8MQaWXpEi9lDKlVTJcbAehPH9YSduM1N%2BJrzaODENMUntqgq6NjoNgXSDILjMMldMM76zI51YmBT8CeK3ky65h8iXewQev1DdTPFR7h6CSG%2BZkqCF%2FpgHMA0o2rbrhGFbK8C%2BZoESd6shLrxvVZIGo8rFGOdkWHEpBuvVxHT13CvOwGQugS2LFz9tB%2FkX110Y6lpr6n26uDI9eCUSPYu7Sdz6ESgp2hINx2M1dALp2AuAFO648jo6zSw8%2FwZ%2BAswrv3%2BKekH4%2BNkE5F0AgjiVMBmXmEwWteToc6gA%3D%3D%7Ctkp%3ABk9SR57NzZyXZw
"iPhone 17 Pro 256GB, Deep Blue, Unlocked,apple warranty till 11/26",,£785.00,delivery in 3 days,27 Feb 2026,5,Pre-owned,https://www.ebay.co.uk/itm/358266498541?_skw=Iphone+11+pro&itmmeta=01KJWWKCSFSERQQYWS8122NVWK&hash=item536a58eded:g:yOMAAeSweYFpocCz&itmprp=enc%3AAQALAAAA8GfYFPkwiKCW4ZNSs2u11xBkfL%2FFULFsy8DcmHzNqXJe8aCAVG6WEluv8Tnn41iaPmT7WX2Ue9NQ9AR7L55uvSXoASBb42w9GWpgi60dSvczjYeeUwEE7J4nzy3sRuvk%2Fzba%2FHw2ERiJjVmo%2Fl2KCmaVrSJa7ZmHd5cZYC0PDDqT69UPqTfNzFpjS50mbokNNeE5QYDb%2BYj5PGmCWxDRoFa8UYxirTIup6EJ7uikz5zdoosP6hew9I%2FZVz2rLNiqDR9%2F68sYktb%2BCUjwV3YGxPvQ9wIf672POlQv%2FBIDqzgDLo4tZhdLMGbXSvc3IHCAlw%3D%3D%7Ctkp%3ABk9SR6DNzZyXZw
Tempered Glass Screen Protector for iPhone 17 Pro 14 13 12 15 16 PRO MAX 11 XR 8,,£4.99,Free delivery,27 Feb 2026,5,Brand new,https://www.ebay.co.uk/itm/395937700712?_skw=Iphone+11+pro&itmmeta=01KJWWKCSG75V5SDRDK59BRV94&hash=item5c2fb9db68:g:I7AAAOSweK9hvMNL&itmprp=enc%3AAQALAAAA8GfYFPkwiKCW4ZNSs2u11xCSxv7wlM4xMzcwPWlNRzuFLXXqXMa1u9M0UCWXbUlFaxHQ38OjmvsgdE3HDucYsU8R731DIL1YoyytjhhNiNopfFb%2FdZRpZUmvtPeXg%2BFXHwoMSlY3VNpjDyJxy%2FSqIjzgwj8htoNi4Ht44jY7420pBXrTgWopgPOVSXnA%2FzLuCs8OIrawRX9BFvZVPzN03wxQ2AmztA%2FmqaAgEiXEWirLWx6VLNsd9JrPX8fNDkj77Jsr--KgwW%2FN5MVgWvrecUIe3orXwgj3KSz1HuJl0dRqyswpsb89Z9j3S%2FK5MrXnGw%3D%3D%7Ctkp%3ABk9SR6DNzZyXZw
Apple iPhone 11 Pro Max 256GB,,£182.70,+£3.42 delivery,27 Feb 2026,5,Pre-owned,https://www.ebay.co.uk/itm/127686153734?_skw=Iphone+11+pro&epid=14034212889&itmmeta=01KJWWKCSG88ZSTBQ6VFKN4GPW&hash=item1dbab01606:g:4ocAAeSwR1hpkeNd&itmprp=enc%3AAQALAAAA0GfYFPkwiKCW4ZNSs2u11xDCLFGKUCef4svNOUbJUxJdeKVzx6kvgG%2BZwDnW5Oj5Qme%2FwdHZDtKvFTPtDLwKTKYEuHDK9gdJwBOuFXCK13RpGknVzMNk2gemQ%2BAkEqkoAW1EhBA1RrBwnN9I1XXK3fkfdfMtGMBz3GS8f6%2Bc0IDuLvCjYo2cUiZGvrqx6ypZNNEEfImSmJ0KCKpd277WFgPkXFaBZBdFYh%2FH3YwZqGYSUizXwh71nA%2BLc3R89qO1uQ8POsbsSN1x92GYPkojbZ4%3D%7Ctkp%3ABk9SR6DNzZyXZw
"iPhone 11 Pro Max Unlocked Smartphone Midnight Green, 64GB",,£115.10,delivery in 2-3 days,27 Feb 2026,5,Pre-owned,https://www.ebay.co.uk/itm/389678804830?_skw=Iphone+11+pro&epid=5034224996&itmmeta=01KJWWKCSG8S089HDMXMCG8CE8&hash=item5abaaaaf5e:g:ea8AAeSw3uJpod6T&itmprp=enc%3AAQALAAAA8GfYFPkwiKCW4ZNSs2u11xDqWk7OZwuc8%2BI9o3iCAm%2F%2Bj2grC6z0uX%2BobPPaE2iD%2Fa7wRksETxaAMVqADW9TwzXg2x4WPl%2BZQjMltd1ZzIISnSP6276jt8BRBW1RRSWu2JFygQyYoS3VAZ34J2LPGtjPIvOnIb3ycp%2B%2Ff2WYnMuzBLxEttGsxRxyRo85Ent4X6sldRdALs3AElL18q%2F660WHF1jUOp9Lq%2FNeLg%2Fq9azohXqfepQHb242w3VPrtaZV2AlxrKDK4d3hFYFHvJfeZxqwD38JLb8QeZ%2B6Kht3JmwePQ4MF1Q3tCTtAdYUtU1aw%3D%3D%7Ctkp%3ABk9SR6DNzZyXZw
"iPhone 17 Pro 256GB, Deep Blue, Unlocked,apple warranty till 11/26",,£785.00,delivery in 3 days,27 Feb 2026,5,Pre-owned,https://www.ebay.co.uk/itm/358266225944?_skw=Iphone+11+pro&itmmeta=01KJWWKCSGJ7E701Z1XF0JQSD0&hash=item536a54c518:g:yOMAAeSweYFpocCz&itmprp=enc%3AAQALAAAA0GfYFPkwiKCW4ZNSs2u11xBo9qVVmLNAtSaqbvb8Zou1l%2BpuUbHZeueMSacBRRP8K02d2hMo%2FpwPceDhzuTKngEj9xi4ErF5zt16qh8Xp%2F6724edG1GyaFyWzb0OabXEI7RTza1hUgXSaiRArGwGHo2%2BWpCfvoNLjH5OJWLiLoCK0YGJXGqgmIEzaq3NCt9V%2F%2Be6DE3R9f6Kse7nRN%2F47GTrvmJm%2BrX4a9WPzAv3S2ELr2t2F4Z5vqws1a1RlJT2YzkwjsVIXbj9T24LSG8wew0%3D%7Ctkp%3ABk9SR6DNzZyXZw
Apple iPhone 11 Pro Max 256gb Space Grey Unlocked Smartphone,,£125.50,delivery in 2-3 days,27 Feb 2026,5,Pre-owned,https://www.ebay.co.uk/itm/376996388218?_skw=Iphone+11+pro&epid=20034530783&itmmeta=01KJWWKCSG2EP4240KH5TBDXN5&hash=item57c6bc5d7a:g:BaEAAeSwzFhperD1&itmprp=enc%3AAQALAAAA0GfYFPkwiKCW4ZNSs2u11xDsXx2TwYwUCghpPL27nnkSOL6Qp2eq6S%2BZ4f1JjjPAc2iCwSdBemeK7p5hAW9hn4lqk1d0IkLKI8mxVOxEfxQVV64k8vod%2Fx%2BS2V827MatpqGkIfyiP%2BVzvWC%2FjU9wwQKIw3okK4nhKDBxEjZ9m7kOlzcyzb5igDcXhdRyhTPt%2BK1WuaeRJwp1c2Ab2WUUa%2FlVt47%2FCTU5rgLak4w7qGVj84v5xE8gCrcLJ0%2BhqxJtikZMyBK%2Fi%2FUFJ21AJUju2N8%3D%7Ctkp%3ABk9SR6DNzZyXZw
Apple iPhone 11 Pro Max - 512GB - Space Grey (Unlocked) A2218 (CDMA + GSM),,£180.00,Free delivery,27 Feb 2026,5,Pre-owned,https://www.ebay.co.uk/itm/358227435500?_skw=Iphone+11+pro&epid=20034530783&itmmeta=01KJWWKCSGN08YJFEY1K735DWG&hash=item536804dfec:g:3g8AAeSwAIZplF7O&itmprp=enc%3AAQALAAAA0GfYFPkwiKCW4ZNSs2u11xC4rRFIJbb33BQzIZ5gJ2V1uT%2FuUqUy%2BOI18fpHcpA19wa0exJZ3o9haHUwuLLHoQSd6lK9LvQzYhS6ZWp5md3JXTISp1Z2Jv0kQA4BErRLdPtKDhwQygk4%2FIu7CZxKl%2FImo%2B6r4nJz1EhlK%2FGowJlJL27RqXzoAdSHOyTeA%2FeQ7b4RHzWeixFW6CwO83fcbsELpd0baOjWigdFze4QdmttgCnAqYmdiwX%2FR3FIEa29R2tj0VOR7ZlLFjuDWX6EgI0%3D%7Ctkp%3ABk9SR6DNzZyXZw
"Apple iPhone xr 64GB, Unlocked, White, 80% Battery Health",,£53.49,+£2.94 delivery,27 Feb 2026,5,Pre-owned,https://www.ebay.co.uk/itm/206091372386?_skw=Iphone+11+pro&epid=4034210697&itmmeta=01KJWWKCSGEBFS5B7HKBHK4BK1&hash=item2ffc00c762:g:5m0AAeSwobBpnda2&itmprp=enc%3AAQALAAAA8GfYFPkwiKCW4ZNSs2u11xD86BpkpugcZY9zG2Ij3N1zqaW321%2Br4HUxWBR4koNU8bixtaAY%2BVykqTNBQG9XkU5EK5%2FTTAJAJHMrl8JdKLVHwkPE9Hq2ctu6AKoWrE5KiPn03oZxJlsj3pMh3NMtMudwNOVxgNs7mf5PJmoiaK3SnboE495wXR%2B3VG63F%2BDp5XUNCVoY7mL2m%2F8LDywcrb0d%2FNm%2BlCGAkY5VP9YzR9Pyit0L4aSNkxesJi0vqY5QoXAqGQ%2F0A8zylh22idzvjSMCh4ceEL9%2FuR%2FlpJxYavS6ukIsEpvgB6omN%2BSyOGo%2FjA%3D%3D%7Ctkp%3ABk9SR6DNzZyXZw
Apple iPhone 11 Pro Max - 64GB 256GB 512GB - Unlocked - EXCELLENT CONDITION,,£186.69,Free delivery,27 Feb 2026,5,12 MONTHS WARRANTY | FAST&FREE SHIPPING | TOP UK SELLER,https://www.ebay.co.uk/itm/126987671517?_skw=Iphone+11+pro&itmmeta=01KJWWKCSGMKGTPTEM5KGEDBHD&hash=item1d910e17dd:g:mRMAAOSwld1lhFcb&itmprp=enc%3AAQALAAAA0GfYFPkwiKCW4ZNSs2u11xA15AiNg7LHUSZJ2xe1JPcYxZK92h79rf6txqLl4YTEqOJsvjyxaTyOmUOlMwNLMFM0%2FZ--k%2FyoaAjUgOTsfGlYwjYXz%2BX1UosZugdGbq6pKdAPk2IidQuttOPTiz1oMO%2F8mNleRDncaQsocFVj7fgH1ZU561bizoFJi7%2Fri5au5Q4LtnjvSSz2Vc38oa9PGlp1QpoRMyBAGfVvEtRd3VBsQe8WvT%2FI7AseQc2wMa3RomoTVRGb4czmZRQ%2BAQlbUwM%3D%7Ctkp%3ABk9SR6DNzZyXZw
Apple iPhone 11 Pro Max 64GB Space Grey Unlocked BH71% Bargain UK Smartphone!!!,,£185.99,delivery in 2-3 days,27 Feb 2026,5,Pre-owned,https://www.ebay.co.uk/itm/177830519710?_skw=Iphone+11+pro&epid=22035995376&itmmeta=01KJWWKCSGGD5FVGCC72EJHGC4&hash=item296786639e:g:cpYAAeSw-3lpgQjG&itmprp=enc%3AAQALAAAA0GfYFPkwiKCW4ZNSs2u11xBwfdeKZ2QPIcJh3SgfYjtEy7IpnmN2ds7Os6IGDQVLJTf8pw4e80LHQRpvpMHJmJAusLPb%2Fu9Pp1V4tI65PR3yjuVdhUZjjaMLsUzv8urOZFDypH%2BkXtlA0t%2Bc3vLKOJbIIJ5gNBbMs%2Fut%2FMXYhiql0XGU495%2F8aR77k%2BjPN2DeV%2FNiRUJtpW8XzHshtOrr5UMosIeElR8W51ShC6Yjty6Cpf1Lfw1Xkwkco89BVS5ELHYwKYUUlkLXQ9gbT3IG4A%3D%7Ctkp%3ABk9SR6DNzZyXZw
Pack of 3 Fast Charger Cable Lead For iPhone SE 7 8+ X XS XR 11 12 13 14 Pro Max,,£7.99,Free delivery,27 Feb 2026,5,Brand new,https://www.ebay.co.uk/itm/226475653000?_skw=Iphone+11+pro&itmmeta=01KJWWKCSGJT1QFG79S1B8TK0E&hash=item34bb003788:g:158AAOSw0JlnTHUh&itmprp=enc%3AAQALAAAA8GfYFPkwiKCW4ZNSs2u11xCmcvIRO%2FL8x4eH8sPLGvNPVJcZfkoiV%2BAdsMxMjrcGU4CkheHxX%2FMvTmkUI9ASq3ralBBOOMiD5O7Wj3w7%2Bf4bEd%2F87fgQlD9C3rVkz%2BDzJniN8nFI6ToWSDSU7PGwrAyd8ckar5prtM3yPe5w5f80vb%2FBCBiB3pOfftTGrw8t8H5B%2F9NAlhcl%2BG%2BiitSscO7UF9x%2BwNDRRTEXSdT17GxvwoOOd7JPK%2Bo0whiw2GSMRCepzHG97iZTM%2F53khnyyR27hyy5%2BglfNsRkJhJsvhZAnr4VkKEPgD5IMSy4lq8K6A%3D%3D%7Ctkp%3ABk9SR6DNzZyXZw
Gorilla Shockproof Case For iPhone 16 15 14 13 12 11 Full Body Protective Cover,,£6.95,Free delivery,27 Feb 2026,5,Brand new,https://www.ebay.co.uk/itm/277428413268?_skw=Iphone+11+pro&itmmeta=01KJWWKCSGZ6RZX4WHENRX23Z6&hash=item409805a354:g:rB4AAeSwJDZo5Tmb&itmprp=enc%3AAQALAAAA0GfYFPkwiKCW4ZNSs2u11xDFFQKbYc5M55W4AH1XjqSPzoKSg7HHi2v94MPyUez17DYdT30wcoXs6B9U%2FQ2n%2B3d2ssVuJHASOZJM%2BhFbiupUji5fLfecUD2ULf2AJRalE5mE006QPGk69jBMozfDn%2Ftfw8%2BoU37DhAIgsCorJX6XnxxzdEOsaaSByk2znUea788NiVDjqaKD%2BNYexHLI%2FO07WJWfOhzAlVCY4E7zBEWLW0RNYezlphyi7DqXmXoHCcrK4QY%2BUGv%2B7e71c5%2F1zB8%3D%7Ctkp%3ABk9SR6DNzZyXZw
"iPhone 11 Pro Max 256GB Unlocked, Frosted Glass Midnight Green",,£137.78,delivery in 2-3 days,27 Feb 2026,5,Pre-owned,https://www.ebay.co.uk/itm/227232511583?_skw=Iphone+11+pro&epid=27034209624&itmmeta=01KJWWKCSH8Y4M5YEQXNZ8KAQR&hash=item34e81cf65f:g:628AAeSwhJlpn2v7&itmprp=enc%3AAQALAAAA8GfYFPkwiKCW4ZNSs2u11xBKG5nGfv459KLHyJXY3sVJ1cCigLPODbPXopfBg9fnAH2Xzqm%2F1J1pHkfIsa%2FI7yqD7gOlPOzVrkOaF3AU%2BnNE1OP31hfNHolzorvqhFOki7iGB5yMrRZp9EPhf8ka3A4e0N3XLBSf8dI3eDuUz%2FKnfKM%2BAa1ONaXKITTSvDMFHP%2ForXs%2BimxpidKgY%2F7Ns%2BIlpfQSoaw5cK%2BNFvSSxmI5CAGI%2FaGJvBf80azc9kVtK6jTggYnfIUo1T34JusUJPSzE75OsZT4AvugmDREmYwyGBFtfYMkGEEscPIMRyqtgg%3D%3D%7Ctkp%3ABk9SR6DNzZyXZw
Apple iPhone 11 Pro Max 64GB Gold Unlocked,,£83.90,+£2.94 delivery,27 Feb 2026,5,Pre-owned,https://www.ebay.co.uk/itm/147175668991?_skw=Iphone+11+pro&epid=9034209168&itmmeta=01KJWWKCSHXGY946ANF6S8DXQX&hash=item22445a7cff:g:jugAAeSwovppobIx&itmprp=enc%3AAQALAAAA0GfYFPkwiKCW4ZNSs2u11xCDSB1M5gfY0WCQxvdKGG14ej0eHM6hNDuQjY19hQiSuyr8fwADmQ6Gectcao0nb67RY9o7ad3JiZm4WBBv7msmVB%2BMr1FL8eWxB7p%2FNRhU5clNJxdEOVEI5LZBf4fqKNoBd%2BSEqOaVG%2BurYXt4xzfEhfqxCKsnKyhFtJ9SQAQ9VSyxZ9N6smyAvwZkrmyeFMnuor13Dp00RjOYFSM6VS6ITvvS3v%2FECI6ZA96JZoUTYXfEMYjxujAP0lFIt82JAP4%3D%7Ctkp%3ABk9SR6DNzZyXZw
iPhone 11 Pro 64GB Space Grey 'Cracked screen',,£74.00,+£4.99 delivery,27 Feb 2026,5,Parts only,https://www.ebay.co.uk/itm/298050072399?_skw=Iphone+11+pro&epid=8034218244&itmmeta=01KJWWKCSHTGJRHD2AMYAMK072&hash=item45652b2f4f:g:7j4AAeSwTVxpbi2R&itmprp=enc%3AAQALAAAA8GfYFPkwiKCW4ZNSs2u11xC85M03Mz1JYpQN8%2BYFXDo0ETgPyOV3dLjEf41cVHNz1vY99%2FBnq%2F%2BogXSjnmfij2FFAM63nKVHvdn8SxV5iM%2Bajd7wiGLx0iVesme%2Big0w%2BI9a%2F9VDs44l1GCbP7EQvojOFp1vtCMqMLJd0Ea1u0sgOJ0aGPASWFBrDX2IJlPq4N68uTpi8Lm%2FVMtw845vivVLbjGjQE4hQw6mOWCEehgEXpk7q3%2B%2Fajmf9C9wjaRiqOqrBVgbzTFm53WP%2Fd7Ld9Ewk8qgGp95q%2B339GDL%2Fq2juvyvG%2BPD%2BFGwa%2F9CofBltg%3D%3D%7Ctkp%3ABk9SR6DNzZyXZw
Apple iPhone 11 Pro 256GB Midnight Green (FHS81746),,£79.99,Free delivery,27 Feb 2026,5,Parts only,https://www.ebay.co.uk/itm/188102437126?_skw=Iphone+11+pro&epid=12034566289&itmmeta=01KJWWKCSHXR8GFYETDS58MXRY&hash=item2bcbc76906:g:beMAAeSwtI9pffwy&itmprp=enc%3AAQALAAAA8GfYFPkwiKCW4ZNSs2u11xBBWZsQUUH5xZ4%2FYmdoCE%2FwUeumiobDpuMJhJ%2BTagtXZr5JR0BtTwTSWoOL%2Bj24ahSrjFwRVzPdzulgtKI4aL%2B79jErChaZAl6Qssjt0M9cwGFbijE6xul3696yjDGlWay%2Bnh0SNRcixmXHNHRox7mm2CjH%2Flgjx2XFzaDl%2BedTGogymovQ1JxSytT00O5UW30sprMIUPZinDlfz3ErxF58LP%2FhgTSFXb9GQJ5w0K9tqvRAH7PqZ5tzkDFy5W9SmJwEGcapebiC4IXuesejiVE6DS49qmRDeUmxNOVAovQwVw%3D%3D%7Ctkp%3ABk9SR6DNzZyXZw
Leather Magnetic Flip Wallet Case For iPhone 17 15 14 13 12 11 16 17 Pro Max 16e,Leather,£8.99,Free delivery,27 Feb 2026,5,Brand new,https://www.ebay.co.uk/itm/315983969579?_skw=Iphone+11+pro&itmmeta=01KJWWKCSHVNFTKNVQFX5YV9XR&hash=item49921cbd2b:g:1cAAAOSwqYhnP3sN&itmprp=enc%3AAQALAAAA0GfYFPkwiKCW4ZNSs2u11xA1pfu6y16H9YEUBhmWBYR7Kl6fCmK5k3Po4Fn86Dft8%2Fn%2FrinIQJihhiQ8L2cjQJ4Z0cbPbsEPUE5nh0nMrYZ6cl10yVGb8s7TWdiY1pzniTd4ITMjArq7ido4%2FXuHu0NTDf5979e9nzsUIcVzYTCR3KxQEzmjfxRuW0csBWkH0volI2vSl9r6hfLCqcV0cn8KvQLARnsu5fIphicLCL3GU7BphE7gFlhcXG2F1NtVOIEIpVoOTDrhkfDG%2FiOv1GU%3D%7Ctkp%3ABk9SR6LNzZyXZw
Apple iPhone 11 Pro Max 64GB Midnight Green Unlocked - 100% Battery - Excellent,,£194.99,Free delivery,27 Feb 2026,5,Trusted UK Seller with over 340k Positive Feedback,https://www.ebay.co.uk/itm/397315530442?_skw=Iphone+11+pro&epid=20056038880&itmmeta=01KJWWKCSH7VQ7FGAJYVHVMXJ7&hash=item5c81d9deca:g:LZUAAeSw-6BpcNfG&itmprp=enc%3AAQALAAAA8GfYFPkwiKCW4ZNSs2u11xBLbWJbVqPmqQ07XJZ%2BxWZFeb6T%2BL6v7fb8JCeCRVaYxzXt76P96XurEi0cWIeAK0AN2dj%2FmvvqH4oqJr3zlOv%2FguQFBH5%2FZYAJF%2BJUNl72l%2Be3yK08H5jAtUxvaDi3WzSO5%2Bxdz4GpCZe16Ko%2BDCg0SMU5hUgyHaIhTnNNTNEmPD4OyMFZpCjhMRNBERpv9zCcD5HWWHaX70SPF9E%2BsBYdDcU8EO9Z5JvS%2FwzKKvZRXtjB5%2F1f8UcSmMJgGpBfo2rLsj8HCGY6cFqoJGco606UgQz79bFShRTa1n90vnmCtA%3D%3D%7Ctkp%3ABk9SR6LNzZyXZw
"2 x Privacy Screen Protector Glass for iPhone 17Pro Max15 14 13 12 16Pro Max,17",,£8.99,Free delivery,27 Feb 2026,5,Brand new,https://www.ebay.co.uk/itm/395919088001?_skw=Iphone+11+pro&itmmeta=01KJWWKCSHZWRW5A1DJN6GVJZQ&hash=item5c2e9dd981:g:meAAAOSw9YtnPRcf&itmprp=enc%3AAQALAAAA0GfYFPkwiKCW4ZNSs2u11xB%2BglpQf85cOmHgNjTbbm8vug2IvzttMBaoTMQ1PhXBiSDoFCMtRyAQN7accmsb3uIZRVe5ZDIF0T%2BHZtPf%2B%2BH2NaFr6lHGVxt2Zo98o%2BroSuZ%2Bk6b%2BqlfyYnnnbbyzYOuxepvOBbythPW%2FIJai%2FC1AJIr9t%2BI5K1OuuP7qVH0Z24XVYFkYKVhEc7HKCQKbaQfIK7S7eDNshgk8jopWHOENCcokfxZQMO%2FTIPF0zclTUTnfCKRtejVwecDt63c9ZW8%3D%7Ctkp%3ABk9SR6LNzZyXZw
"iPhone 12 Pro, Silver 128GB",,£134.86,+£3.42 delivery,27 Feb 2026,5,Pre-owned,https://www.ebay.co.uk/itm/188077267248?_skw=Iphone+11+pro&epid=16034214113&itmmeta=01KJWWKCSHPM893DBYMVGEQ6TN&hash=item2bca475930:g:52AAAeSwUZtpfI1r&itmprp=enc%3AAQALAAAA0GfYFPkwiKCW4ZNSs2u11xDFUv5pgFFfmKQ9hk9zXG2Y4%2BP5puTQUwh4k2O41W7Ey3SLbc4%2FAm9w5OPFOzemK5lWeblDui8tJF81zMH59jVMFWoEo1wtEO%2BP7ncXoHig%2FWkhRV4sB3fdlVbJKnXzd4zawj7KQWeQYdOf9og8H13W2k%2FC43Hs3FxMZ%2BjHnOKa3%2F4B6a43vE9NF5Id%2BKgLtauVOiV0s2bmQH%2FzzfJOY%2FQntX7Ozne9hqoMcv%2Bmw2EXP0fDTIUffdB0GKKD4gFO46s%3D%7Ctkp%3ABk9SR6LNzZyXZw
Shop on eBay,,$20.00,,,,Brand New,https://ebay.com/itm/123456?itmmeta=012DEW30YG0MEEKND7NH&hash=item123546:g:acwAA9KNiJowH:sc:ShippingMethodStandard!95008!US!-1&itmprp=enc%3AbgepL1tlUHjMGCVfSTGJh%2BzsVKeJ3CQk7NizDI4BZeppuFnmyS6Ijyp8lh%2FnEw%2BWqO7uTV1Q6izE1R0T54aV8j71F4xlWfVcGft4%2FiOQhtqVXA1rW6M1atPARQRmhqUxtEPJKhKtSFgI%2Bvwlzb0GwVCtkp%3ABlBMUObkmabpYw
Shop on eBay,,$20.00,,,,Brand New,https://ebay.com/itm/123456?itmmeta=012DEW30YG0MEEKND7NH&hash=item123546:g:acwAA9KNiJowH:sc:ShippingMethodStandard!95008!US!-1&itmprp=enc%3AbgepL1tlUHjMGCVfSTGJh%2BzsVKeJ3CQk7NizDI4BZeppuFnmyS6Ijyp8lh%2FnEw%2BWqO7uTV1Q6izE1R0T54aV8j71F4xlWfVcGft4%2FiOQhtqVXA1rW6M1atPARQRmhqUxtEPJKhKtSFgI%2Bvwlzb0GwVCtkp%3ABlBMUObkmabpYw
"iPhone 12 Pro, Silver 128GB",,£134.86,+£3.42 delivery,27 Feb 2026,5,Pre-owned,https://www.ebay.co.uk/itm/188077267248?_skw=Iphone+11+pro&epid=16034214113&itmmeta=01KJWWKK4P68PTEZVYVZ9Y4XD6&hash=item2bca475930:g:52AAAeSwUZtpfI1r&itmprp=enc%3AAQALAAAA0GfYFPkwiKCW4ZNSs2u11xDFUv5pgFFfmKQ9hk9zXG2Y4%2BP5puTQUwh4k2O41W7EyzKZcakbkJh6L5t2FeJjJnqE9u0XKNzQ6RGx3G5BFPR59aPdVq78OwP72IyRwpjRnRt7%2BxdvOAd9kFc3diceipqUonmDFVZmiAUuk2wysHca%2BthKzBwo3vIqx1KBoGdwVGgDjSuJaEU%2BcBTmr8fhNwVl%2B56CudVUB3WSXoAIeQU29%2BRmjNHOaz9oaDAmLXmkCwtz1Lfv3txMOi%2BFiwr0zbw%3D%7Ctkp%3ABk9SR-CyzpyXZw
Apple iPhone 11 Pro Faulty for Spares or Repairs,,£52.69,+£2.70 delivery,27 Feb 2026,5,Parts only,https://www.ebay.co.uk/itm/358262691678?_skw=Iphone+11+pro&itmmeta=01KJWWKK4QNKP1KY57HBZCWBZP&hash=item536a1ed75e:g:1SAAAeSw1sZpoHNJ&itmprp=enc%3AAQALAAAA8GfYFPkwiKCW4ZNSs2u11xCEeWWArbIO9lUluKOC8veLh%2FAliDVCPoaRbyPoIGFW12n3z6Y5YBX2D2rUt1lUjj0ffocFWWGxMBFH0SMOrjRBExV6Yr8utgK3VtiZjuTdXwyvazHcRQPHPcPPKbS%2B9SUWcx%2FQ%2F9jF%2FtZcLFg4%2BZKtafXKtyiVmbzLYoaVShtrsBTnGjDOTDS9SWa1pmlYlC%2Bj%2FxC8UCcQIGxmGV7mZiO8Kuiyh%2F48xjct%2BqwxADDCUz6xt4oTFPlRWOd0MJXGZwpBAjlq2Ww9zHFaSfMFAV42ymaLWLCOWaNKcU4HG4F%2FBg%3D%3D%7Ctkp%3ABk9SR-CyzpyXZw
"Apple iPhone 11 Pro 256GB, Midnight Green, Unlocked *GREAT CONDITION*",,£104.70,+£3.38 delivery,27 Feb 2026,5,Pre-owned,https://www.ebay.co.uk/itm/406684136486?_skw=Iphone+11+pro&epid=27034209772&itmmeta=01KJWWKK4Q849F8A2NSN39K7GG&hash=item5eb0437426:g:GpwAAeSwNHVpihpp&itmprp=enc%3AAQALAAAA8GfYFPkwiKCW4ZNSs2u11xAhtgm9sl1BYeBzSUnFu1ov7EaQaoGiQxOuMPjJ6M3GE0VPI08Bauz%2F7%2Bl8ZziswZULT6j4V4b1tUU7DpQ70sJkzbRQvLbVuSyCV3%2BBwG03rst6kvdgWmt817slkk1Ot4yGt7tkV2WH%2BFqH0PxW8FYN0hIo2bcIaS3DFzDVW%2BCUHjIN3BF6bhHSx4M2qzymJNZxOlWGwItvErXGsnDQRGBESb4Bk7%2FmAqMJqgDkujKZ8BT2sV3io60NTLEvzXY3qRmNUuRMKWxnPeS3yZRIfM9D2gINQBNf2dmTPEdO1ulXcw%3D%3D%7Ctkp%3ABk9SR-CyzpyXZw
Apple iPhone 11 Pro Max A2218 256GB Smartphone Matte Space Grey Unlocked GOOD^^,,£174.99,Free delivery,27 Feb 2026,5,Good - Refurbished,https://www.ebay.co.uk/itm/366162630377?_skw=Iphone+11+pro&epid=14034212889&itmmeta=01KJWWKK4Q80ACQZBJF37N3PGK&hash=item5540fe56e9:g:sRsAAeSwUy9pfOIM&itmprp=enc%3AAQALAAAA8GfYFPkwiKCW4ZNSs2u11xBYnBdM%2BnRMGl7MeWquHFimxcw8T4wHEyiNVvdWzOkYs4OQpm2zSPhUkga51oH8bJ48nShpvPOy4iNIflDDMLsoJGIUhUaD81jZSmcuHaPULb5W4n7PH%2FMR5IQYBOqQd1eGMI8zR2E%2BrfHKCh079uZ4uWojCknBmNytXZQxveNc39p3xz4T%2Fa0qbtDWe7rMryfsVP69nQR5dFTs2VRY9tHepLVPeDrXqz7axVIQde0nIHP2dWev1akO%2FjNaRLclPaXoVCxBt4wgh07usSQ%2BmFZXZj1f042dTH2IrYEgMEPiYA%3D%3D%7Ctkp%3ABk9SR-KyzpyXZw
Apple iPhone 11 Pro Max 64GB Gold Unlocked,,£155.66,delivery in 2-3 days,27 Feb 2026,5,Pre-owned,https://www.ebay.co.uk/itm/358251478961?_skw=Iphone+11+pro&epid=9034209168&itmmeta=01KJWWKK4QMJAEE1D600BPS2GQ&hash=item536973bfb1:g:K1kAAeSwG8RpnL~u&itmprp=enc%3AAQALAAAA8GfYFPkwiKCW4ZNSs2u11xDK%2BDdRZ%2B3tVWXDTRPqvIhJfGHVcP1qJZuQYPvHIKOILsmHakmp8kHrB0yBiYE5NaeIGWML%2BqK3wWdHL3HJRndPMrUMwB1ImVj9B41sEO3bbPp4j%2Bpade2N%2FIG3G1Wa0WwaLMVXTqo9z0fE8Ru7M%2Fpz72NXL%2F0dKRAX2%2FhB%2FmYK7tcouceGdiTnkDNqQB5BAHKX0qM1SkRYsJqKLDimEB699TMVPF%2BRLKgRxqPLAGFnYm0l1GndWOPtXD26eE3RPub1SlO4e9Vzlx%2BuBiQzFiO70abmMiJmBiBKj4nCz3qZRA%3D%3D%7Ctkp%3ABk9SR-KyzpyXZw
Apple iPhone 11 Pro - 64GB - Space Grey (Unlocked) A2215 (GSM),,£100.00,+£2.94 delivery,27 Feb 2026,5,Pre-owned,https://www.ebay.co.uk/itm/127636444296?_skw=Iphone+11+pro&epid=8034218244&itmmeta=01KJWWKK4Q72YQMK93NPQ4FY7K&hash=item1db7b99488:g:kXMAAeSw45xpcLvC&itmprp=enc%3AAQALAAAA8GfYFPkwiKCW4ZNSs2u11xBAoy4isYUUIIfjwWgOqUz5TspaE%2BzsJgrA0U%2FHdtZw4wF1nI9S2Q6kG7JgvkXyJlC0DxnrIBAFqGiWlWUGrJQJ2pLLUuBRF5RNO7ggwxDI47%2FpM4BDqf%2B4kJzXm54CLszbTp4DBIWqfxWmj7DxHZcY2Oo8tMJ6jW5UMKXA99BzPpzSAKeCFEIKjjsZeHWMeEMp%2F6WYupNq95xkFAV5gFl4c0Ebw18PRtzkyE5lHoOhgrLXz9WPyXcKBuqV7VA4hbMtlmqRr9GK8BaiBZOOWHdDqWzbg5OKMHA4cRH0Z3T0LA%3D%3D%7Ctkp%3ABk9SR-KyzpyXZw
Apple iPhone 11 Pro 64GB Space Gray (FHS77597),,£89.99,Free delivery,27 Feb 2026,5,Parts only,https://www.ebay.co.uk/itm/188077013665?_skw=Iphone+11+pro&itmmeta=01KJWWKK4QPR4G5YVAE6JVZ16R&hash=item2bca437aa1:g:cVwAAeSw371pmDS6&itmprp=enc%3AAQALAAAA8GfYFPkwiKCW4ZNSs2u11xDBjL1FcLgrwv3RB5arTRxDpCIMA2b%2BoDsowBkEUIymBw2ooyi5Cy5FWHc1z%2BWy0fMTEa7VNLGg%2B%2Fc7q0jpep%2F3hA%2BKazAiXNF1YjrLWL5u5HZwjhh8iM17TJLZA7DnwGpYOXe6p1hVUzxpPUSbgK8UwGBiHQbhhBq6TKUsw5O3Xk9bz63jmTqv9%2FmA8KGLesspNLMRAOH1xEmUk1%2FRkkSmGf70VA2NeF1HyilkQlBKQ%2ByFbnMUNGaK4OzwpbsNAXjC8yH%2Fo911opPy5eLOkevz5LVxnClpkpmyXTuUPqKDiA%3D%3D%7Ctkp%3ABk9SR-KyzpyXZw
iPhone 11 Pro Max 64gb,,£102.08,delivery in 2-3 days,27 Feb 2026,5,Pre-owned,https://www.ebay.co.uk/itm/127694824676?_skw=Iphone+11+pro&epid=26034221360&itmmeta=01KJWWKK4Q978EBWV9S7RQQGZF&hash=item1dbb3464e4:g:3uAAAeSwtydpmB9o&itmprp=enc%3AAQALAAAA0GfYFPkwiKCW4ZNSs2u11xAZg%2Bw8dUcQVDfRvr92RroKG2d%2BjXS31jVZEj5IKTiY3QAIbGFIrbkO27ULisdHSbw1DkfXUwxs1SM4JjPm6DvIL66NkwhhjE9qTrX%2FxzE90uPvW7%2F9D3E29oXdwa2QA5tJdfhD9zWc01ijcIKXIrnqr5abnvqnHWnP8hDrXmyjuZKNmzt5AF2wWYov4FsiIG1u%2FDGbPt9xNjYCQ%2FB3UI0zBQchAd%2BVRbTE9yIdeuKDPHXbdaP08kfPTcJGUvBJyWU%3D%7Ctkp%3ABk9SR-KyzpyXZw
Apple iPhone 11 Pro 256GB Midnight Green (FHS79671),,£84.99,Free delivery,27 Feb 2026,5,Parts only,https://www.ebay.co.uk/itm/188099516673?_skw=Iphone+11+pro&epid=12034566289&itmmeta=01KJWWKK4QK7BVJT99NBQBZKC0&hash=item2bcb9ad901:g:qRsAAeSw6~hpjGjM&itmprp=enc%3AAQALAAAA0GfYFPkwiKCW4ZNSs2u11xCiY9LUDCSyTXdXpD%2BsfT8%2Bp6a4B%2BdEe%2B0DVN%2BtpYunMQq21kInTIAog4KNH%2B%2BoFfnAnJZ%2BVTyKjnbo8fk3uDq%2Fr7AS%2FVBe11qyVmP8WbIcm4PiqMaWGQB8uE9hTDWBjckwon3B8rsoIYmmZI%2FTihMR%2FzxjMhHjaLXOR2sb91sHrUEEi6r%2Bz6cefNckYvn3x7PeQdmM1wgPibUH0tBn3Qql9dWiu3CR5cZDxE482dIZGkcImN6urpt0Ec4NtDnwmPI%3D%7Ctkp%3ABk9SR-KyzpyXZw
"Apple iPhone 11 Pro Max - 64GB, 256GB, 512GB Smartphone All Colours - Excellent",,£189.99,Free delivery,26 Feb 2026,6,Excellent - Refurbished,https://www.ebay.co.uk/itm/334311884084?_skw=Iphone+11+pro&epid=9034209168&itmmeta=01KJWWKK4Q8EVHY1C548EJ9CXZ&hash=item4dd68a8534:g:3ggAAOSwAbNiMHoB&itmprp=enc%3AAQALAAAA0GfYFPkwiKCW4ZNSs2u11xBqaoMtHzZYbte518r7rO3laXa3qjXkzLeLqBPUljoiqUCbVT8hYcy8jNUhzLCPHOofuiU4gH%2FuZe%2Bq8VP8GxDsQ1IpqODHYckvggZz7gvih0j5%2Fo1uQahWc0qnMM%2FxZGgYE%2FLfV71jE3Q19bfWXMkg77q8usp6U7zIM2nS2w8NwJP8M0YPHi3wiM1YDB0pqn9eNe4n1bKn1VmXjsV%2FpETz6GC0ndNiWP8jx9B1Nbz3cCu3suz8SVNJABT9NJeJ11I%3D%7Ctkp%3ABk9SR-KyzpyXZw
Apple iPhone 11 Pro Max A2218 64GB Mobile Matte Midnight Green Unlocked GOOD^.,,£163.99,Free delivery,26 Feb 2026,6,Trusted UK Seller with over 340k Positive Feedback,https://www.ebay.co.uk/itm/397323446861?_skw=Iphone+11+pro&epid=9034689328&itmmeta=01KJWWKK4QXK2GK68QZK1XMPMF&hash=item5c8252aa4d:g:pEMAAeSw7CdpJyN8&itmprp=enc%3AAQALAAAA8GfYFPkwiKCW4ZNSs2u11xAm4vYC0aCKSnbedJM7TcPWcZNv%2FGMUu6vNMYp8Iu31h7trTr6sOY95FFWvRHEASAgDelpVBskKGtDw0SNTFcjZHF%2FpbdxYDbqm3gcndzLnCQj4SLv7Ktnvu0TaCeioZCn98I0e38dypT%2FiByCwc8s%2FeHy8qNAwtvzYYGn3zaBxxwMUonFgM4ljbMossFQI072pKxkFJtmrfyx3ozBuF2%2BHER7gMOPu5cAdM2O8mpewd3jn%2BrGolumBstq%2FBvn0QfyHsrwckiSWiG2zPgDQ2z2R5exAxO5p3KBIQ5auZ8t0Yw%3D%3D%7Ctkp%3ABk9SR-KyzpyXZw
"Apple iPhone 11 64GB, Unlocked / Apple AirPod Pro 1st Gen",,£108.08,delivery in 2-3 days,26 Feb 2026,6,Pre-owned,https://www.ebay.co.uk/itm/127694132278?_skw=Iphone+11+pro&epid=22034217345&itmmeta=01KJWWKK4QGHKZ3W8ARCKB5EC8&hash=item1dbb29d436:g:MpMAAeSw2lNpjlWD&itmprp=enc%3AAQALAAAA8GfYFPkwiKCW4ZNSs2u11xCrxmbvxLA%2BJlD%2F3xoU0uTibVCygsMkWfht0f3Xun%2BCs9raDjQEpwL6wHjQYwOHGdwRl8G5oqVxNu6fvhGrYt%2FFxxViHuGkNmVzdq%2FyrtpAtU9oRopXtTczA5Q%2BYomA%2BwMHEdg7UcTBxjEDbmJtxWiy4cGolowbIU%2F1QNAGkf36eUEWfHTLamwcFFlqZ9aAXuU3VK1w%2B2dtPvxUsM0I%2F6Pmn2P2ecEr6DkQXwFD9bLMKHUZ%2FYP70GMUjEhsRrMpe5TVwZiUF87OBHR%2B4ikQdIq0LYjAUDUbkpPoAC8on4qzcQ%3D%3D%7Ctkp%3ABk9SR-KyzpyXZw
Apple iPhone 11 Pro Max 64GB Matte Space Grey - Unlocked - 100% Battery - Good,,£179.99,Free delivery,26 Feb 2026,6,Trusted UK Seller with over 340k Positive Feedback,https://www.ebay.co.uk/itm/335903305768?_skw=Iphone+11+pro&epid=20056038880&itmmeta=01KJWWKK4Q1PMN2H97EKGBT6CN&hash=item4e3565b028:g:wbQAAeSwisVpcNW~&itmprp=enc%3AAQALAAAA8GfYFPkwiKCW4ZNSs2u11xCOq%2BLh7QPW2pmEHL2Rjmb5MUXyye1KawteAtqcCtFJw0JriksaL3PL8hyBv8Gh%2FfGkENdK3q%2BXNMhQfcr0ClLFyXH0guQ7oYMkI4TlQCIsTgJ7xsPfFHSOVLbU6qFM7F30MAqQBkf6nI1ZVSMdPCHk6WlmjJoHoY5I%2BNQ7AoAwMAlhysO7tTEmGjGpPtXQ3JLkOLmMvae%2Fd7tGIjNe5BTsqvQUnN7wCJPKeRngie4LRlLkmQc0KiTTolDTPzf449su5KkXoyp0WMShhrT1h30a17lw%2BToiJECu%2F%2BAYZ3fikA%3D%3D%7Ctkp%3ABk9SR-KyzpyXZw
Apple iPhone 11 Pro 128GB Space Grey Unlocked 83% battery health,,£117.87,+£3.42 delivery,26 Feb 2026,6,Pre-owned,https://www.ebay.co.uk/itm/168165080989?_skw=Iphone+11+pro&epid=26034221360&itmmeta=01KJWWKK4RHNBRKN3J2S3VGMQ9&hash=item27276b7f9d:g:f2UAAeSwnbhpk4f4&itmprp=enc%3AAQALAAAA8GfYFPkwiKCW4ZNSs2u11xA5sR%2Fzw42K1pg2zr%2Foexpa9xHL8sAz6knE9RHtUmth2GtaudzyGnRyv4EoOjAnGsDTOy7nqAHoheORnH15J65S8FzZ%2FrSquDqWavCcFIShm1jBQqH%2BrsJH8EoJM%2BG7ArYlYrrl56lykPHUCtgA3tuEVKT%2B%2FLjUY1Zz0Q%2Bqfl183ws9HTQEzBU3aIxrdSW5TTE971LbRe8eZVxM6C7Uwf2abcLULAPmDj6E3klK6BdUz5I%2B2cX7fea9mMVuCMhqlYtrjuPsiXqqMo0R4xWmIYoUJqROwa99lAd6JrP9%2B9mxbw%3D%3D%7Ctkp%3ABk9SR-KyzpyXZw
iPhone 11 Pro Max,,£99.50,+£2.94 delivery,27 Jan 2026,36,Pre-owned,https://www.ebay.co.uk/itm/389508218601?_skw=Iphone+11+pro&epid=9034209168&itmmeta=01KJWWKK4R8HMAHCG7PDRTDAV4&hash=item5ab07fbee9:g:ZA4AAeSw4iBpbEW7&itmprp=enc%3AAQALAAAA0GfYFPkwiKCW4ZNSs2u11xBW4t4eUPWLRBaihOuYAqVk5v46reCKTRvjoeZ0npI7DmTT%2F7emtZ3jbVMDdoPyTSbFIno29%2BB2s47uMSS0FrSlj8Q2ceVuzxBqDcBcUtpHIZU8vL2XnT4zFPVqGtEiuEfqW%2BRwrUR%2FbQ3wPCTQV1MH74DjU%2FrzLtlLjLozVKlbZSvqk0QDHtHY5ZT0k63GPUr%2F5bna8YMZYrTRWlAI1B7UmELxMgw2arW7R1zIYB4vqmaZDyYa0mck0AFtiS56McQ%3D%7Ctkp%3ABk9SR-KyzpyXZw
iPhone 11 Pro,,£89.10,+£2.94 delivery,11 Feb 2026,21,Pre-owned,https://www.ebay.co.uk/itm/389508232673?_skw=Iphone+11+pro&epid=13034214373&itmmeta=01KJWWKK4RFS5WRQBHQG3REN17&hash=item5ab07ff5e1:g:PuwAAeSwUdppbEfr&itmprp=enc%3AAQALAAAA0GfYFPkwiKCW4ZNSs2u11xCR03q36Fi9Hg9WLajAqVx%2FlxBdJEIFVGRiorn5GCAD%2BKBt1U%2BUnDc%2FI3AwtsSeqK1SxPeuOaZGYNiQ9kDaWM3Kk1rotkFhzqA2zdess7fO05cfJdsVQZOwcTIr70OksGf0oNhRT9LBbUNuqoLP3ueXJ89iGxNQIAQ0gELQWM1yQokt4iakPOMleOCTvf%2Btd1OBjCRdn%2Ftq%2F9nc8cQqJ3Cw3QM85cXBTN2I3FCCQ%2BtBp%2FgSBJf11Kfh%2F0ZbdepO5P8%3D%7Ctkp%3ABk9SR-KyzpyXZw
iPhone 11 Pro Max 64GB,,£89.10,+£2.94 delivery,29 Jan 2026,34,Pre-owned,https://www.ebay.co.uk/itm/389508261876?_skw=Iphone+11+pro&epid=26034221360&itmmeta=01KJWWKK4R5SEHEDG0P98HPTCW&hash=item5ab08067f4:g:MMUAAeSwYIppbEw-&itmprp=enc%3AAQALAAAA0GfYFPkwiKCW4ZNSs2u11xAFnxmS6xglrjX4%2B6zweLP5od5mOqUed8rbGE0rQ73lPOYzqkcStwXNfauG74xDagUGTcljqImVQ%2BZysSjC0BThBEtAB5siOEEuFTl5IQkQFITo9qIQAVhyvB%2FGdRSS%2FZ0eGDv06m4p7opR8cdhU3KAvqVtq0%2FSoTKgAizFtT4DvaJHnzE%2BVTtIYJ%2F10QBsxNeH0JUXdMICKmu0uhf%2FgW%2FuIek54fHM8qrBmOKfQNOXIRPUXbgQJxmxRb%2FYwJNnZrM%3D%7Ctkp%3ABk9SR-SyzpyXZw
"iPhone 11 Pro 64GB, Midnight Green, Unlocked Smartphone",,£109.90,+£3.94 delivery,26 Feb 2026,6,Pre-owned,https://www.ebay.co.uk/itm/376905837915?_skw=Iphone+11+pro&epid=11034210273&itmmeta=01KJWWKK4RPHPQQ37WF2S7JPYC&hash=item57c156ad5b:g:O1IAAeSwRaFpeL7X&itmprp=enc%3AAQALAAAA0GfYFPkwiKCW4ZNSs2u11xCyNhHrQ2UpVi5vz6UCSLfusdlqRDrI1mNA0oZ7bII4FjxXiJ4ohkDWOEUL%2FpLgR0A8DG8ADl5kJlYeFjxM6fn1RMICxrJyPeIH%2FgZYr3ioHqDjimH37QRc5u%2FLAau6s8TkO0MYpO05YaL2gX9oqpY%2FRKkKjG50dnoB%2BwcEZeBcQklNCyCGH2%2F%2BLoBL86w7wdCljwD5FXrviEpXElCX0RsrDChZ7B7AyevJ9wk%2BMSSiokbH4RwSTL9En4avs4xcygg%3D%7Ctkp%3ABk9SR-SyzpyXZw
iPhone 11 Pro Max￼,,£89.10,+£2.94 delivery,21 Jan 2026,42,Pre-owned,https://www.ebay.co.uk/itm/389514211518?_skw=Iphone+11+pro&epid=26034221360&itmmeta=01KJWWKK4REJEP1G64RPY6YAQG&hash=item5ab0db30be:g:ScAAAeSwhaRpbo~n&itmprp=enc%3AAQALAAAA8GfYFPkwiKCW4ZNSs2u11xCzWvcSXjVQktoWAQR3IqGdaI2GrcqSsiJgRdWynJyTBvm9A%2FJFacADtC9J5Ok45UppLle66dpAM3bLIGOYBhniE%2FWg6Z3o2xVfhteSrAG2pPHDUvpulYnF1j46EbOBPCJyxJtdwq%2FPigLet910KfjoGyin%2B4AzJYmRJGl%2F8j%2BlYL%2Fx6WmEeYfc%2BWbkYkY2bjym57pL%2B8ZxyLEMGTmsccRGjRx9dTX%2FrxepwU9IDuzuLEcJyvrKjNRPXjuGnbto%2FrZffyRUn73XSARTmuJskQ2ZJqeCCIZeYG1afluOw%2B6nuA%3D%3D%7Ctkp%3ABk9SR-SyzpyXZw
"Apple iPhone 11 Pro Max Used, Unlocked, Fair Condition",,£110.00,+£3.42 delivery,26 Feb 2026,6,Pre-owned,https://www.ebay.co.uk/itm/406719431592?_skw=Iphone+11+pro&epid=6034218716&itmmeta=01KJWWKK4RGG4BRBWTAT7PQ384&hash=item5eb25e03a8:g:KAgAAeSw9Q5plM0l&itmprp=enc%3AAQALAAAA0GfYFPkwiKCW4ZNSs2u11xBRhX12hrmsaRzXZkt7oB8v2cHdBf4ZLIy8SEvGkDcZYN5tPjUwLL7HRLhkgWzW6jw%2FdyKrpa8H%2Bvmtr0NeghdXXnhw9XSegH%2B64%2Fc%2FD93LAcEwrOjIwI6Om5vEGVV18wEPwxkM2trdy5meEfVsHNH%2BK0J9yDRC8bDZlcSo3bX0oiecSAv1WBL1e3Zv%2BOkvv98HRuthlNM5xAwuCvA6pIYecK7SC41tFovAEN%2F8RgrG3PqwNnO6V0EPys41cP5R0E4%3D%7Ctkp%3ABk9SR-SyzpyXZw
"Apple iPhone 11 Pro 64GB, Midnight Green (Unlocked) Excellent Condition",,£155.99,Free delivery,26 Feb 2026,6,Pre-owned,https://www.ebay.co.uk/itm/335972227651?_skw=Iphone+11+pro&epid=5034224996&itmmeta=01KJWWKK4RKY93MFM3VZPDPFYE&hash=item4e39815a43:g:8B8AAOSwIFFirwRM&itmprp=enc%3AAQALAAAA8GfYFPkwiKCW4ZNSs2u11xCzyZNBzgbEgnJEr%2BvpsdiyAmN1L%2Fqs3ZagwV8gY7xbojh5J8%2B1lwpW1GAMAsC79P8VLgcmIBCZZRQWeHtUwlWQkx%2FxjG1V3VFy%2FaLzQ8h2oEEKcxsbKKqw3xla0GRPtGNVjHX4i84bFR4SZzbxRwBmEue4lflRAL%2BA6zXRa75HI7UivJS1%2FdB8aQxFFNoswt68uaBYdmPbwKa%2FWOld75sBE0b4VWBJzuncu8ZYL%2FWWU1pyYglCWPY5pnRbh0eGcI%2Fq7yfQS7%2B8qf81ub0V1IFVJPIIIwA5R3Ggb7Wewlz32A%3D%3D%7Ctkp%3ABk9SR-SyzpyXZw
Apple iPhone 11 Pro Max - 64GB - Space Grey (Unlocked) A2218 (CDMA + GSM),,£113.08,+£3.42 delivery,26 Feb 2026,6,Pre-owned,https://www.ebay.co.uk/itm/317883701605?_skw=Iphone+11+pro&epid=26034221360&itmmeta=01KJWWKK4R6Q2RK94HCWSG99N1&hash=item4a03585965:g:wD0AAeSwuGtpkeNC&itmprp=enc%3AAQALAAAA0GfYFPkwiKCW4ZNSs2u11xBuSAwgzho3rkvZnMVO6AHSklYqd6wOi%2B5X0tanCNDdV55NSd7MnBxrPJXs1Zn15rCmO9riYADQuXImetNbSUP8%2BCgPY5BdF%2FDpVPCPPP%2BXNv3Xi6ugJqufu0t5MzU602lmwsO1jjVq3NaMCKEkRr99k754yvqUaMPTBZovKvyKy4vEz%2BsRiDaXhtB26b0inTMucsr6kxE%2FWH09NluiZWINCHha3ApxpwBjqp2wM%2FGkApoM17ixbX7e1r8DObnYAgg%3D%7Ctkp%3ABk9SR-SyzpyXZw
Rugged Bumper Case For iPhone 17 Pro Max 16 15 14 13 12 11 X 7 SE 2 3 Cover,,£6.95,Free delivery,26 Feb 2026,6,Brand new,https://www.ebay.co.uk/itm/188049794038?_skw=Iphone+11+pro&itmmeta=01KJWWKK4R3530ARRW97SSFJ16&hash=item2bc8a423f6:g:Hk8AAeSwlXdo5poZ&itmprp=enc%3AAQALAAAA8GfYFPkwiKCW4ZNSs2u11xA2aXY3Pu%2F7kvmuo5WznHOEN5xcLfiROl6%2FNn4BOlVawU4LEbhEOI%2Bmz3jd15ftPCIFCldbusmGXmRr4vmLqrAhjB2blqtKQcw130WdFY2%2BiObVp%2B%2BM2rJRoCGWZIm86I1T7vppEa19FXj0Xr2BIeSfONaSibSA0KYPFHvp9tqfOFqxsUCQe8meL9YdXoK0XTlaHz9kuqNeQ%2Bc5LFAuagEsfYjtrG%2FJ3alPB0VXmN1jvIkzmbRipp9674UR2lzv81Or7rk3cK32R5N7szom%2BBGI6IJ0KGhe12Xp6hAjyxzuxw%3D%3D%7Ctkp%3ABk9SR-SyzpyXZw
Clear Magsafe Case For iPhone 17 Pro Max /17Pro/17Air/16 Pro Max/15/14/12/13/11,,£9.99,Free delivery,26 Feb 2026,6,Brand new,https://www.ebay.co.uk/itm/336277254378?_skw=Iphone+11+pro&itmmeta=01KJWWKK4RZNPARSGG5N7KXV7Y&hash=item4e4bafb0ea:g:dKEAAeSwev9osiGs&itmprp=enc%3AAQALAAAA0GfYFPkwiKCW4ZNSs2u11xC7j3wv41nokKvLW%2BSmN2Wd4YdXQizYkl3r%2BK0NB0Jm7L2s7xT8pHqo15HCN9G%2F8WAVHG2bRdN8BWryCVVLnrgNnl38o4NhxJBRVdMokAq3XvD7KbTr9kJdCEeDxovSfXiMLylS9Rpmd7RhJOuoZiFRYnXj%2Bar5lCUP4wW%2BogIhH0Ls5XsiwMSWhY4NUmagS9cA7BAO%2BGCTYX3LWUcdEWG8NTaMAPST4vQ%2BBNu7IjOvJJ%2BOWaIk2D2CCD3Uad90Xn4%3D%7Ctkp%3ABk9SR-SyzpyXZw
Leather Magnetic Filp Wallet Case for iPhone 17 Pro Max 16 Pro 15 13 12 14 SE 8,Leather,£7.99,Free delivery,26 Feb 2026,6,Brand new,https://www.ebay.co.uk/itm/395920923584?_skw=Iphone+11+pro&itmmeta=01KJWWKK4R9520E4XR1JHFXN80&hash=item5c2eb9dbc0:g:K5wAAOSwl01kJIUN&itmprp=enc%3AAQALAAAA8GfYFPkwiKCW4ZNSs2u11xCsE0IhPKi2NXVTdto04W7Y2hdTIH6CHFAYKJ3qxQI%2F3Zsux06X33PSeEzu2jwbgwqYebqqaLc1Ob%2Fo3uPi7L5wTXdc8CuL5aKimN66TERfJEysr0k93FURQwXvm5duJwG4st0HS4kzdFmxLGepJXRFKkRpWs38rb85EkYHQCtNGeCKqCHuYEmUY6Hc%2BwK86iD99DI4tvYbQrfgJh6Elzxjs7U5zbkw5%2BsrPvX%2BoOwA2nSWE9rkuFeZYOcw5DeG%2By0CNDQ%2FTOIGU7M6f0VOmJ7NnT8mVAtCb2z816X%2Fe%2BCUrw%3D%3D%7Ctkp%3ABk9SR-SyzpyXZw
iPhone 11 Pro,,£79.74,+£2.94 delivery,11 Feb 2026,21,Pre-owned,https://www.ebay.co.uk/itm/389579990800?_skw=Iphone+11+pro&epid=13034214373&itmmeta=01KJWWKK4S5K9HR8GM9FF9NFHQ&hash=item5ab4c6e710:g:xewAAeSw0MNphBcN&itmprp=enc%3AAQALAAAA0GfYFPkwiKCW4ZNSs2u11xBsM76bYr6ZB7LXMR9Tqb9PZ5m0n3iDLBlzuOcoANb7vlUGm6jxd%2BlvLkkcPZGwFy6Sr%2Ftk0Uo3xI%2FYGHBY2vqaxpH0OslKqBAtAePBLz56Ki72GA0jJ9TGhcHIixYS4HtcNsVpgsGHX4p1ecFub0SnFytacolI154zHBaaaYReJ%2BvTuOHGlD2r1xXgNnJjaNh3idw7IPCWXHgZKP3sC9%2BkkDOkyS%2BZiXZl0VeZgCAuwYr5ZbKLpEaX9WDyC8Ojfbg%3D%7Ctkp%3ABk9SR-SyzpyXZw
iPhone 11 Pro Max,,£94.30,+£2.94 delivery,9 Feb 2026,23,Pre-owned,https://www.ebay.co.uk/itm/389580030517?_skw=Iphone+11+pro&epid=5034224996&itmmeta=01KJWWKK4S54WTRJWPCSZM7PMF&hash=item5ab4c78235:g:hGYAAeSwI0VphBkG&itmprp=enc%3AAQALAAAA8GfYFPkwiKCW4ZNSs2u11xBGn%2Bb%2BEZxi%2Fv2mMvewEd9UePuATX%2BC96tkp5r3CppSagbs7hICB%2FgJr66lo3DhIDfZGir0kO9FrMv9EwpzByghE0B6ssY84TA73maYSUAlZgHBqBNT9hyxa08H2a85bn%2B2WdJkRX%2Bl8tw2HAFUqFFnf3B%2BlUzXfqpbUUtuyY0YZnNl%2FS5538Lg%2B6mjTAeKPICCvi1KzrSGrGweIe2Dh8zKkOuvCM9pBWiiqa3hkzlZMAyBjMKrSMSS8d9D19px2b4ROYeC7jmwD5YrB3v6uI3550l6n6vslNWyWIdh3mGNng%3D%3D%7Ctkp%3ABk9SR-SyzpyXZw
iPhone 11 Pro 256GB Unlocked,,£135.90,+£3.42 delivery,11 Feb 2026,21,Pre-owned,https://www.ebay.co.uk/itm/389580044161?_skw=Iphone+11+pro&epid=27034209772&itmmeta=01KJWWKK4SX04BVZ05BA2HW7AY&hash=item5ab4c7b781:g:iQUAAeSwsFtphBop&itmprp=enc%3AAQALAAAA0GfYFPkwiKCW4ZNSs2u11xBd%2FhLQhe1zsiz4eykdbNvwy2FLiy2rygRey9RB%2BcubzHrTjYdCPS9s68UNrKv%2FJXF3gDzZzSDRmV%2FRFswSjiK9EXpl%2FQyZ%2Bb1KH8UoziLQ2L8ryXSZkN0B2QWaN%2BBWecpdCznL19KpSOmOs82cO1Cgq%2BLslqKcP2gPjpKGiKusXpE%2F9WMXtpcBfRcjITWstzlctGBd8cTbebO1iDAEwYc7XVbrTF58g8pTt8rUh%2FSIhDRm9NoyYQUsmUzXN4Ygle8%3D%7Ctkp%3ABk9SR-SyzpyXZw
"iPhone 11 Pro 64GB, Midnight Green, Unlocked",,£89.10,+£3.38 delivery,26 Feb 2026,6,Pre-owned,https://www.ebay.co.uk/itm/236655077174?_skw=Iphone+11+pro&epid=11034210273&itmmeta=01KJWWKK4SCVE0PP4PESG5Z6EH&hash=item3719bde736:g:bhUAAeSwK~NpmbNB&itmprp=enc%3AAQALAAAA0GfYFPkwiKCW4ZNSs2u11xDJOr2rvqmV350JYpcrhnZn09WvmVnGqhF6GC7f1XIgPcPN2MBFAOOJypFJVk8%2Bkg92ij0JCqjNvU77lTls1fCJHrj6L4lsE0%2FMek8Q8Gt4RjsY9pmLyf%2FU7eWWNz9SZQAiMQwwC%2BMzL3Fqrcq0ZRV42dTL3nQ2FLDzq8z8ryWcvtrxMEwMYRJD6gS1N%2FeoV%2BE97wTJRk6NBd9AmwnPBIZ6yYFlSQBiSJKDa9EnwSJ2G9dtvCdf3V2JdbytXjVLPZQ%3D%7Ctkp%3ABk9SR-SyzpyXZw
Case For iPhone 17 Pro 16e 12 14 15Pro Max SE XR 7 8 16 Pro Max Leather Wallet,Leather,£8.99,Free delivery,26 Feb 2026,6,Brand new,https://www.ebay.co.uk/itm/315997885462?_skw=Iphone+11+pro&itmmeta=01KJWWKK4S3NFYJBMH6P6NR107&hash=item4992f11416:g:q6cAAOSwzndmx4dV&itmprp=enc%3AAQALAAAA0GfYFPkwiKCW4ZNSs2u11xAH%2F8OGGvIpjhOCxUhK2jscvVdYUMJXoQdtx3HuTzYr9Yi4kI0OWrdCYd0baPlosN%2BWAUZX72O%2FJnYU7jO2mTQo4gV3sVCl%2FQm69SS3CSNai0Lfhfq%2Bl%2FzOe67Ja2e%2BHwybuNQNXxy1XxqYXomdXbYt2SemnYRVsUnkQDKTjqDazZopUEv78QQvLP0S4KLybhZ8HL%2F%2BXLt7K7ZmUBY3uoUqszwSAmb1eIkfpIPO6v6%2B18oPdYhdUphqYkRDbxsMF4A%3D%7Ctkp%3ABk9SR-SyzpyXZw
Apple iPhone 11 Pro Max - 256GB Smartphone All Colours - Cracked back,,£73.50,+£2.70 delivery,26 Feb 2026,6,Pre-owned,https://www.ebay.co.uk/itm/317927703597?_skw=Iphone+11+pro&epid=14034212889&itmmeta=01KJWWKK4SRP0SQWE7JQ4GBYDZ&hash=item4a05f7c42d:g:yEgAAeSw3dBpoIGk&itmprp=enc%3AAQALAAAA0GfYFPkwiKCW4ZNSs2u11xCVK3UP5yws2igDYbNaKlD5XPHyCIRRnolG8VX2C5I05S61bv9gVDu%2FBA1z%2FhyWOLbHsXb8%2BWCo09dpJMmnoIL5eY2r%2BJ%2BJ1VDoVvU0rScpSgSZINCj0rvbaxA%2FBTNYLSZhGfRpS2MrAAaDeoIh%2Bncq47FlvLUKOw0FIHRHTv0OyaCAGxKPeePjph6Ny05QIGc74pZIsPkSjqSgycAM4J%2Blz3WcavyTdPgIxPI14KGHY%2BOo%2FbWmXEztQ941u14z5GU%3D%7Ctkp%3ABk9SR-SyzpyXZw
Apple iPhone 11 Pro - 512GB - Space Grey (Unlocked) A2215 (CDMA + GSM),,£135.60,delivery in 2-3 days,26 Feb 2026,6,Pre-owned,https://www.ebay.co.uk/itm/257368409164?_skw=Iphone+11+pro&epid=12034199365&itmmeta=01KJWWKK4S2XQH9T7RPWNRXZ7P&hash=item3bec5a444c:g:naUAAeSwLixpl0QL&itmprp=enc%3AAQALAAAA0GfYFPkwiKCW4ZNSs2u11xCwW7SMqGQaFnqfasshOwQypTuNgy4bXehps4Vc6n7CgTyu%2FYUj6tXPNvSjxSc4X9kL6dayMm2OTDRn5szkmwII7vO0Ek3BH5O0YHYpvcTPHzRR62fIVSH53XH6X1bvtbJpeEcwiKb27gFuI2b3%2Fc6KjszgBxuUcZskV6D%2FeWVQDB9WAH3f0EAobsZ4fWQu6YBjN7AdX6wc4GzNT8i8OkxS7itLOBv0kwaAUxeTcU5WShfc9LEqxSFOmqhIXpon%2F4M%3D%7Ctkp%3ABk9SR-SyzpyXZw
Leather Wallet Book Case For iphone 17 Pro 14 Plus 13 12 15 Pro 11 7 8 SE 16 Pro,Leather,£8.99,Free delivery,26 Feb 2026,6,Brand new,https://www.ebay.co.uk/itm/226034857638?_skw=Iphone+11+pro&itmmeta=01KJWWKK4S3W7RNGN3ZRX1KV8D&hash=item34a0ba36a6:g:nxgAAOSwjFtlIsoM&itmprp=enc%3AAQALAAAA0GfYFPkwiKCW4ZNSs2u11xCcQyWwFA6HXiMiZEdi6fWFHfO6mUESVcfQJQf9C2dByIQDeZoN3RW8SPhehxDTa82SiwoI1julhA8pLVOo8TAc0DEloy1%2FchT7HvIDM%2B3N%2FFTenqMhQ5VtlrFFUyGcvLY7E69uDkqN1eIacJdWM6lliNNY41nVkGoZm9QRKya7cfmAYwLdtNaFWocQ1YfmhA%2BPrtglk5sGtiDi7pZI6mvg2ai7oWQBY6qiM2NIUrZVPgYyfTWWrhqTYgoXNJELTck%3D%7Ctkp%3ABk9SR-ayzpyXZw
"GOLD MAGNETIC CASE for iPhone 15 12 11 13 14 Pro Max,Plus & 2PK Screen Protector",,£6.99,Free delivery,26 Feb 2026,6,Brand new,https://www.ebay.co.uk/itm/225706737521?_skw=Iphone+11+pro&itmmeta=01KJWWKK4S5DQWT6224YPCTYWP&hash=item348d2b7f71:g:BqoAAOSwYS1ky64E&itmprp=enc%3AAQALAAAA8GfYFPkwiKCW4ZNSs2u11xBLvbJ7PRpTxEyZSRx8d%2BTjdfflAdFFai1stMdv0AlJHpfN2CrVb2CtqoNw6yahnWnWUssA60jyhjRcH%2BTKT6UND1VLA%2FavfI88%2BejjkL3ypRb0o8mgiX%2FUok0MJyVnZD2Xll2gE%2Bst4MP063hlp33cpc%2FawqA09Zg%2Bhn1Ya3vHyGleD%2B%2Fc55ZOVKOv9Il%2FBhSC6Kpl%2FNuh4G7vUJuCvuvcJo%2BKsZ3FQEO%2B4EnyzJ29uQH1%2FlowTxShwBPY%2Bhf4820k0Zbk%2Fyc23N2z9QFhEJg6mKc%2BVl7MXNcWjnoHhUj7sQ%3D%3D%7Ctkp%3ABk9SR-ayzpyXZw
Apple iPhone 11 Pro 64GB Midnight Green for Spares and Repairs DONT TURN ON,,£31.90,+£2.94 delivery,26 Feb 2026,6,Parts only,https://www.ebay.co.uk/itm/206095696414?_skw=Iphone+11+pro&epid=11034210273&itmmeta=01KJWWKK4TMGBA1H58Q07RFC84&hash=item2ffc42c21e:g:lysAAeSw6CppoHY2&itmprp=enc%3AAQALAAAA0GfYFPkwiKCW4ZNSs2u11xCnszr0qkF3AegnEqGReaNdRK6gdSL8jlrJ4X5EKEgAombydxKK3iNuevB%2BBiVXHAGtUlOYRMajO86XMnXqzmvW8tSroazo592JkEw1UcLkipYUlqypqtq%2FD%2B2XZvjj4hew5TeUkU2GOQFkQC1TLp9s%2BiekC18PQ9LXrMUMopz7JKg1McQ%2F2VNlxkKyVYVo38WMHClwDwerPsT3QIJkfu025OcANU4TuIgBiUWzbh%2F9wWCAY6bhtt4HaJtE16MbFeI%3D%7Ctkp%3ABk9SR-ayzpyXZw
Apple iPhone 11 Pro Max 256GB Gold Unlocked,,£142.18,+£3.42 delivery,26 Feb 2026,6,Pre-owned,https://www.ebay.co.uk/itm/376976231802?_skw=Iphone+11+pro&epid=23034220841&itmmeta=01KJWWKK4TMKQDQEJRCJNMB264&hash=item57c588cd7a:g:Kw8AAeSwgY5plz4W&itmprp=enc%3AAQALAAAA0GfYFPkwiKCW4ZNSs2u11xAcR9D7LmrPQMg1lU7RbiXPXZN%2BfX%2F3K17dVVExzu0foprzuE58VpP5LPIqdtJyvM24u39UzMj5%2BltzuapnO63vptviyOjxyA8RfiMNLMRFcj2wmJcBrgJP64GANAsSUv0Yv%2BKs0REsHvhBH%2BSL22E3aa4LknvqzJ6MTg7iswPHTM3V5%2FUFnFc8AGG4%2FV4wM6FQUvt8JkJdwKcpDXAINs2DnqFykvi87QFhJBqtbIcwDYc723fTES8rHgKlH94l%2B8I%3D%7Ctkp%3ABk9SR-ayzpyXZw
Leather Flip Card Wallet Case For iPhone 17 Pro Max 16Pro 16E 15Plus 14 13 SE XS,Leather,£8.99,Free delivery,26 Feb 2026,6,Brand new,https://www.ebay.co.uk/itm/286055460510?_skw=Iphone+11+pro&itmmeta=01KJWWKK4THRGHK6AXT68P1J6D&hash=item429a3bee9e:g:Rm8AAeSwDBFo4PMp&itmprp=enc%3AAQALAAAA8GfYFPkwiKCW4ZNSs2u11xBJKCAfF42m8Q0tMJfxPVF1Ccm%2FVKvtS8N1LankIyNlrMmag1xdMJyk9UlD2kgvMzSYfiQ5jMhYbNlIqsbut%2B6ZnkaQkudO6C6dABk0Kthxp1KxYuoe35loDrZ4nxcyrQ5sNco8TYhDXnPl4muaRG5524m3yBg6isl69K7IepcgMUM3usx3t3wf%2FHhX6jkvNP6GSYd%2BtogSYXTCrIakiSpbcWIMm9CBCRdSDvTKznSJG790ZIocj9krXNCgU2glK1%2FdiCRP1afTh%2Fw9KX89670xHkijA1qL3JbiIfccjqpkMA%3D%3D%7Ctkp%3ABk9SR-ayzpyXZw
Apple iPhone 11 Pro Max - 256GB - Space Grey unlocked - cracked screen,,£125.50,+£4.26 delivery,26 Feb 2026,6,Pre-owned,https://www.ebay.co.uk/itm/177890753666?_skw=Iphone+11+pro&epid=14034212889&itmmeta=01KJWWKK4TKMRZC71CECQJCH44&hash=item296b1d7c82:g:TqUAAeSw-Z5pRtUE&itmprp=enc%3AAQALAAAA0GfYFPkwiKCW4ZNSs2u11xC2DySPUgB6o4JBVDovFr3uraCRXVftigS4Dey8V%2Bg6NxBKYwU5PE8J1MuZHBHSOQX6Ny6%2FOuqhoBL94Vbqq83PfvmsNbYWrtBEhF7qq7vQZY8V3zWa3QvDem5YlY8VdBKPYntbeuA8CNNUjSqjwuQPjmA55SgpehE6BqfX%2BntT5%2F1nNCzhkoevCXMrZFnVxca%2F4gx%2Fg7ZNzbTtIk%2BuP%2Fuh2ioMU4A47DZXGOGinvoY54MnFahSegNBmJSRNr6YCXE%3D%7Ctkp%3ABk9SR-ayzpyXZw
Apple iPhone 11 Pro Max 512GB Space Gray (FHS83968),,£149.99,Free delivery,26 Feb 2026,6,Pre-owned,https://www.ebay.co.uk/itm/188097814007?_skw=Iphone+11+pro&itmmeta=01KJWWKK4TKRNQMJ9KH5SV7Y7Y&hash=item2bcb80ddf7:g:mEIAAeSw~31poEzh&itmprp=enc%3AAQALAAAA0GfYFPkwiKCW4ZNSs2u11xCqYa9qMZvcwB2YRlomFTS9m5hGyyX6g0KB%2FtE6sC5zyl77vqr1A77PftnEHoc%2Bt4s5wvRD7mjxJyPhS6%2BH1Bs5A91OMcCjelAnvXCA0kJpwnCZwnDdnCMACyq2FsTbcKA5MIE9xvhy5tRq7iJvkCWkc%2BCYDAMrGaB7BvfW1kIAKMt3XoXG8EJEc0nT2VEEn1Bs5YzadYsd0QYBKaZJhFyO7avVfqtymqt9%2B6WxEdQU9vLk5T6HzIgutK8xK%2BrnHAI%3D%7Ctkp%3ABk9SR-ayzpyXZw
Apple iPhone 11 Pro Max Unlocked,,£99.50,Free delivery,26 Feb 2026,6,Pre-owned,https://www.ebay.co.uk/itm/127706524260?_skw=Iphone+11+pro&epid=26034221360&itmmeta=01KJWWKK4TYSDXF9P154SQM3DR&hash=item1dbbe6ea64:g:2~oAAeSwsQppoFjs&itmprp=enc%3AAQALAAAA0GfYFPkwiKCW4ZNSs2u11xC%2BxjndYbnlrEAe501tr0UR%2BGcsIPxCoychuYcNag4qwAWg5dTgtzh1%2B7qCcq6ec27VSkTjEi0Oh9bR7CmRqTmB5DUQBIK8Dzq1DRBHpfmT0OXAqh2Bu8d2hGvRiurb3B4ESgwfO1ytb8uEFQvOUdyQYbSpqrOdVbBvqVHA23tEsEsSjk%2BgtSxJTB6dv0%2F0fOTTIjBq2lpB%2BkQoE1vBQOpDkFGSLv7ynoJY%2FgbS5LXi0IYCXGJN9Oa5meVv6TJSoD8%3D%7Ctkp%3ABk9SR-ayzpyXZw
Apple iPhone 11 Pro Max 512GB Midnight Green (FHS84013),,£109.99,Free delivery,26 Feb 2026,6,Pre-owned,https://www.ebay.co.uk/itm/188097890402?_skw=Iphone+11+pro&epid=19034211539&itmmeta=01KJWWKK4TCY3NDDX3C1A8SHDZ&hash=item2bcb820862:g:yA0AAeSwp25poFUJ&itmprp=enc%3AAQALAAAA0GfYFPkwiKCW4ZNSs2u11xDJTprmFyegvRUeDuAnw37owMN868KZxeTZSrqJxrVCVS%2Bzl3IGMcGy53hPA5%2Fjf3zaNsCFfQQfrUTn5BIokwDyuJ8e1IgpHTX1FNlEVGriBur75ZrFutT7A0IgOSuFwQcjreqAMpquH6pigCMjEyXeAE9uey0%2FHmqbI5%2Bd5sPZdI0m8vKYcZ84gC97O8o9ozqC%2FLcV0MVdCdG7M5Fe4zn2Kglklz07l0DAtkhR%2FZ2m73jxbBV1vRJqN2JxAUg%2BhMk%3D%7Ctkp%3ABk9SR-ayzpyXZw
"Apple iPhone 11 Pro Smartphone 512GB, Midnight Green, Unlocked",,£157.89,+£3.42 delivery,26 Feb 2026,6,Pre-owned,https://www.ebay.co.uk/itm/227227683524?_skw=Iphone+11+pro&epid=26034221261&itmmeta=01KJWWKK4TKW71SKYB38JYRSHZ&hash=item34e7d34ac4:g:-xwAAeSwyQ5pmx92&itmprp=enc%3AAQALAAAA8GfYFPkwiKCW4ZNSs2u11xAdUdpbUqmEd%2BWrSSYsoU%2F6sSiv%2B%2FInyvrD1wn6I34BMCiOLveqk4NMPnjlQ%2F%2B2OEB%2BTDwM5hxrufCAlqHv11liHV6RBnVGfp5vUHI%2F0KsoJZrbfvvbe6sT7RupQQjvTGmr9hQHZa0sErQUfEqE2n1aZsEOsw7nZ356lvdQggZaQOicmPSVp1oNFv69Ea%2FZaFZUExBZNCKtWSS2556rVPrIZEN5GGvd3psec1JQqywy2ewEiNMKLgMB7YoCElSubPGxp2MJA7GeKPCDE1oHYvlwVTUFbhmNse%2FtIj7GEoqdTw%3D%3D%7Ctkp%3ABk9SR-ayzpyXZw
iPhone 11 Pro Max 256GB IMMACULATE condition in gold,,£163.98,delivery in 2-3 days,26 Feb 2026,6,Pre-owned,https://www.ebay.co.uk/itm/188095447762?_skw=Iphone+11+pro&epid=6034270122&itmmeta=01KJWWKK4TYMQNA6YD11ACPGHK&hash=item2bcb5cc2d2:g:aUAAAeSwEIhpn1Fk&itmprp=enc%3AAQALAAAA8GfYFPkwiKCW4ZNSs2u11xCRuPpd7lqHjuve77GyFQz3bSoJt5cst8nUhJiBMxxWebe%2BJ7xHK3LAmTI9IbLCorf8GJuIPpLuuxSvClcQDlpX7cP81TP%2FaDTo%2BU%2B6Mb2pEj6hTHn%2Bmib9a9p0YkbVnsZ6JlvEu7KtmfNkdsvdDqlBpHNj3XRSNIzGv1QWLWMm2ZxZM7EJmLP5v8S5pnbY79DxJmp3KNSKJrwlEtgJy8UB9%2FE%2BGdj2R3Acc5k3CjZtl0VGJ%2FaGlKuTxhQO3FrO%2BKNUESk69kd%2F0FJsBX%2F5m09tgWRG8ZzfU67gPpxbUGzeFQ%3D%3D%7Ctkp%3ABk9SR-ayzpyXZw
Apple iPhone 11 Pro 256GB Space Grey Unlocked,,£111.41,+£3.42 delivery,26 Feb 2026,6,Pre-owned,https://www.ebay.co.uk/itm/188097639574?_skw=Iphone+11+pro&epid=5034225079&itmmeta=01KJWWKK4TYNDW7TSJYJGBZAM9&hash=item2bcb7e3496:g:ZQMAAeSwgxxpoDx~&itmprp=enc%3AAQALAAAA8GfYFPkwiKCW4ZNSs2u11xBJm878yqbCvWpjXk04Aw1wSPhLZ%2F4DeXGjmD1uy4FZxHJToVTZ2x4HySzz8jdZNMrmbLkzLgglEDRTuE9s9pQ6gEP7cxpmYC7p%2Fp24hj4mw9QEu2xUMaKU1bgCzHXQXV3zO5uV6%2BNq6cazpxo94bDJg2NTDEWLeSBuGt65F4pz4zt7K771nQ7XmVmxrny3gN615IW0U5LsxgIsMcHZLNefRp5ZQRyhDq515gdB0zBLS2qX%2B8eSUkEzy6NmZl2Bq6xSSPSGxfy7snNsOpHcUz2g9W2LcUIPOfIekoEhqR5afQ%3D%3D%7Ctkp%3ABk9SR-ayzpyXZw
BOXED AMAZING CONDITON iPhone 11 Pro Max Unlocked Smartphone 64GB Space Grey,,£149.00,delivery in 2-3 days,26 Feb 2026,6,Pre-owned,https://www.ebay.co.uk/itm/177898039613?_skw=Iphone+11+pro&epid=26034221360&itmmeta=01KJWWKK4T8SBH868ERT0RT0TY&hash=item296b8ca93d:g:cDQAAeSwTLlplayd&itmprp=enc%3AAQALAAAA0GfYFPkwiKCW4ZNSs2u11xD2Xn9HALnNibTphb5pt4I6iq%2BetLE99uOddABUPtcqrdhf4%2FuelIj0O2EGXgcvVZTfo0KUuqvIeIbqnNeEvW8WMApUAwwq%2B%2F2uVJbbUKPEd7pUqJm7AIBgvV5u071AAOwoQxhUsR5BUPwUdhT%2F3LrI4bJg9qxrILZxyFGQUe1wCJBOBc3Ak0lWH0xvXUs06V2aP%2B%2FZp4dekY35o64SRmnQTnZfbX%2BZYZzT5cpg2PqpHDAiK7llpyq620bC1gnbfGA%3D%7Ctkp%3ABk9SR-ayzpyXZw
iPhone 11 Pro Max 256GB Unlocked (Broken),,£80.00,+£2.94 delivery,26 Feb 2026,6,Pre-owned,https://www.ebay.co.uk/itm/137051215975?_skw=Iphone+11+pro&epid=15034218456&itmmeta=01KJWWKK4T54EA9C4HVBC9P7YM&hash=item1fe8e39867:g:fbEAAeSwVjJpjRZQ&itmprp=enc%3AAQALAAAA0GfYFPkwiKCW4ZNSs2u11xC0W6HdE2EmF3JERUlPy1riTy7gefYM0MoItYtdXeLdUnGrYz8cS9axTxvf%2BurP8YhAKdxEIFQbl3Y9XY2F0j%2BzJtEbPE6tYDlh8hVCRXC%2B4aQL6jA1vk6Br566Wp800NpC1H91iEVHWBq%2BqdpKUDi4RvAcBXhB60gB0gWkRN5Z8cIvxCn%2Bkf2eqL02PoBY0PMQgr6ZdYNMaZwg9jh8oWZDtucKT4p0EInVZ81cm5YfIRgg2vwL6MSvVXmHRiOo4qY%3D%7Ctkp%3ABk9SR-ayzpyXZw
Apple iPhone 11 Pro Gold Unlocked Good Condition,,£130.70,+£3.42 delivery,26 Feb 2026,6,Pre-owned,https://www.ebay.co.uk/itm/406717228000?_skw=Iphone+11+pro&epid=2305260666&itmmeta=01KJWWKK4TEB8PJ2BEDE94TS7E&hash=item5eb23c63e0:g:AJwAAeSwT4hpnLWf&itmprp=enc%3AAQALAAAA8GfYFPkwiKCW4ZNSs2u11xDH3k%2F55%2FTGTW7lw5nF%2FyMkrQezZkff2Cxfs3RFsyY88xyAXZhFdqWS8gWEvPtJdmeI5Ncu7frX1nhTLd5RUPBjiR55AFWJ8wf1YNWACTTzXbD1B0%2Bv%2FX7cTBDX%2B16e2YOv60XT6QC2ULC2MOFeXJthNZz5gdZxSNyQpnp0fRorl7wmknfFs8WTnfshYACIzjYj1WKQ1U0LmW7X0Joof9qkENoM2HQT96vqFJ3%2BIt6Dcz3dyZ56q%2BkKHwS9k9B6ql4qu3%2BiDvYwZ9TLFsXFB%2FWRoKS3yD91hhbCGH4yA517nQ%3D%3D%7Ctkp%3ABk9SR-ayzpyXZw
Case for iPhone17 Pro Max 16e 15 14 Pro Max 13 12 Slide Camera Cover Ring Stand,,£8.99,Free delivery,26 Feb 2026,6,Brand new,https://www.ebay.co.uk/itm/396260047772?_skw=Iphone+11+pro&itmmeta=01KJWWKK4V1XWGNTC9VPV3C29Q&hash=item5c42f07b9c:g:TUUAAOSw8V1nwm0g&itmprp=enc%3AAQALAAAA0GfYFPkwiKCW4ZNSs2u11xDR1M0TYnzcsO0TTvSHSrV4QJOmEImgvniqtsA8WwOKHC4rX1Mmo%2Fb1Tqx4%2BQbXFZhczNkcc8v%2F8NtAjlwg8fRwsLQcIyoxqhiKPA4GePWGdLrp1czuc0Xqg2nTe9OTDCWsdvlDBMg19FFDtEHC0rNZdPbAxEeFTV0pFueQK6QvFjmatmmq4b2gsjx9lDKO7WuLOZIm9wDaMHYQo8id%2FMP4r4N5IEV6jNpz3W%2FR%2B4E%2F43EbInSTfUbJVOM%2Bpz5jQLM%3D%7Ctkp%3ABk9SR-ayzpyXZw
Apple iPhone 11 Pro Max 512GB – Unlocked Gold 76%🔋 really really good condition,,£199.99,delivery in 1-2 days,26 Feb 2026,6,Pre-owned,https://www.ebay.co.uk/itm/188094043889?_skw=Iphone+11+pro&epid=6034218752&itmmeta=01KJWWKK4VPQYKV1BHBFYKDRVW&hash=item2bcb4756f1:g:h2UAAeSw5bNpnsqZ&itmprp=enc%3AAQALAAAA0GfYFPkwiKCW4ZNSs2u11xAlGUcCpnsTRDcdYZ%2BNPADpxCAJX7x4HdcAL5GL9r92MZybU%2FTmdnz5v0FhkgQpu20e4NfJbv8HFeWD7pPxtPxb8CNQaFjo6KGrDibzl%2Fj%2BbWFzJwd9749dYZC91yZi5u8V%2FU6Ds8koq%2FbOkA9oipyGAXp8ZvZQq1TNSLHcOgPYaq5nBm0%2BL9JknMpT7wpJHYkgakrFGVvokvBY2Ap2JegbrX2Ner7APyyCXzoZU28jpfn9E3srifDNUonY9pmw2es%3D%7Ctkp%3ABk9SR-iyzpyXZw
iPhone 11 Pro Unlocked,,£89.10,delivery in 2-3 days,26 Feb 2026,6,Pre-owned,https://www.ebay.co.uk/itm/358240003352?_skw=Iphone+11+pro&epid=8034218244&itmmeta=01KJWWKK4VWA43NK5K9E5YHQK1&hash=item5368c4a518:g:gncAAeSwJ05pmNfW&itmprp=enc%3AAQALAAAA0GfYFPkwiKCW4ZNSs2u11xALgFqGL326MbY6WJsptq0o6g5RcJ%2FEm%2B2cL5w8t0sjmcSd38iBph7d%2Bd1Gom%2FgGy7L7VbCQ%2FDQC8A1m02qiq8Jox%2Fg5%2BKgmLaTzVbFGSJ34pnSE%2FsxkXmRtS1eKFVYLNAdK%2Fa42%2FArru718nSumdmwp%2BL%2F0F7M5cRgb63hG63zx7NmT7ks4z3duu6qWAM4YPw8bXz0L0RxdiGgYcRNOhrROQfEf8xYnsyEgIv%2BRW8z4h0GqFHhk4DvjgaLlohyDh4%3D%7Ctkp%3ABk9SR-iyzpyXZw
Apple iPhone 11 Pro - 256GB - Midnight Green (Unlocked),,£149.00,Free delivery,26 Feb 2026,6,Pre-owned,https://www.ebay.co.uk/itm/257373525921?_skw=Iphone+11+pro&epid=27034209772&itmmeta=01KJWWKK4VMN1H5A53KRQQT2DG&hash=item3beca857a1:g:NY0AAeSwF9Fpmz3e&itmprp=enc%3AAQALAAAA8GfYFPkwiKCW4ZNSs2u11xDlR5xbYeByCi86diNIkwar01SztCyyADc0%2FwWMm11BPeGej%2Fx3AV9OERwo3NPDvwaMXBnLtRWqO03vj9Z8KoZf4J573uDtv0R%2FTpX1SBvOUqsmBdFrtinf5pJ1VIAxpFg3U%2BeTHO3U0MDZGH7A2pR1paeIF9%2BwowdYwXwjdFzUz76YCW2nBxz9%2B3KizDXB%2BFc4C5PQuWbPeGo9r62dQpO%2F0oGWUOthf73tAiYiggHeLmOWlObxlNGQSkfjj10EkdyvEnI8GUlVNyzEY0H5bznRwhAVyEk%2FuRGgKREychWmAg%3D%3D%7Ctkp%3ABk9SR-iyzpyXZw
Apple iPhone 11 Pro Max 256GB Space Grey (Unlocked),,£99.99,Free delivery,26 Feb 2026,6,Pre-owned,https://www.ebay.co.uk/itm/257379994007?_skw=Iphone+11+pro&epid=14034212889&itmmeta=01KJWWKK4VSYAKN3266KSN1S14&hash=item3bed0b0997:g:n~QAAeSwT4RpoCJD&itmprp=enc%3AAQALAAAA0GfYFPkwiKCW4ZNSs2u11xAcIh%2Fc5GiIC0X1StLRypplqJK88h4QPfBxWvhxKnkhAo35TMJ%2BYRl7bFOiXvqM59%2FYozsyW3GTsmCoPupi2wakQBWC1ANz%2Fvine4%2FTfhgpmXic2EGihbmUmxToqcaTcdl%2BU6z7kvYN8%2BXF3qzvqu%2FDCD%2FxQpJ9Uv2skmBfR2CUwEXftn98ucyHPTjHFGTbBCaUFJyFteADuB4dgmlMNIVxQJslqr9y0apAeveMH23RAX%2F3CXZjUb3fnP5feTxnNMo%3D%7Ctkp%3ABk9SR-iyzpyXZw
Best Privacy Gorilla Glass for iPhone 16 PRO MAX 15 14 13 12 11 Screen Protector,,£6.95,Free delivery,26 Feb 2026,6,Brand new,https://www.ebay.co.uk/itm/256774631469?_skw=Iphone+11+pro&itmmeta=01KJWWKK4V7WCGGMVS5CP76CV6&hash=item3bc8f5f02d:g:Z~sAAOSwUptne9oh&itmprp=enc%3AAQALAAAA8GfYFPkwiKCW4ZNSs2u11xBhXKlGGsz9u9bT96GaLiNBS8d6SFcoN7IAUVm6jq5WdnSGMO%2BA5SZvkP50w9tcNlL8n1%2FA5CqRmRut5Us8qcbrdLkYstjMhHrKQYwwGqF1oC9vi%2BjPE%2FteCKgt%2Fz8InQTYsykOYfeoNJ9RCNkOhaA9DxSF60W2WTkeS4nLWQ0lGmukAwtGsmoaIKLYqgc%2Bbg7DQeW1cWkLJUGeKBtJT4tplko0Q5xkQ8GbT4Jjz0Fq%2FvmlrP65%2FQLZio%2FWVTE8Y3KMKJkPqx2JpGrF8Hy4bnonYA6WuGe5cqpNyPoEui0fXQ%3D%3D%7Ctkp%3ABk9SR-iyzpyXZw
"Case For iphone SE 2022,17 Pro,16,15,14,11,13Pro Leather Wallet Flip Card Holder",Leather,£8.99,Free delivery,26 Feb 2026,6,Brand new,https://www.ebay.co.uk/itm/396267104477?_skw=Iphone+11+pro&itmmeta=01KJWWKK4V9JCVTG1P8ZM3MJ0Y&hash=item5c435c28dd:g:~gkAAOSwssJnuJI6&itmprp=enc%3AAQALAAAA0GfYFPkwiKCW4ZNSs2u11xDPBAq90HTpadg04ZsJ0R2w919L%2FKwkN2%2F7ZHTAJYqCdLKmUUqM5iRYc17%2FxM%2BNSrnr6FY0CvfmUqdksBZAoSB%2BG0nUCoiNNs0qyrjQnWdq5GYXBLldzUogSt1rUmNd5MbYL02pv7Y1HDvHsunTjfYUG9c9KYP71RI2Q%2BkI7i%2FO4QN0Lkwl6scaQc2KF28W2YmjLhL6oS3Pyy7bTg4zy2ofbHDCGhtF67qRH4ykh3MU46JVkJNCLViXWfEWC54REus%3D%7Ctkp%3ABk9SR-iyzpyXZw
Apple iPhone 11 Pro Max 64GB Space Gray (FHS83989),,£99.99,Free delivery,26 Feb 2026,6,Pre-owned,https://www.ebay.co.uk/itm/188097185378?_skw=Iphone+11+pro&itmmeta=01KJWWKK4V2DQEF3PVRE5BDDRQ&hash=item2bcb774662:g:VLYAAeSwTqFpoBLd&itmprp=enc%3AAQALAAAA0GfYFPkwiKCW4ZNSs2u11xBbLrzKlN29o5XvSeFt7qe4oga2k57xMPgCCH%2FG87VYtKpUEqKMChYlzUhlAHZPW3hy%2BHttAsyXr6PvGqtyKHNJcBwJjQAg10Q6s%2FRMbXFpXpyYzvS0%2BVAe2CZLI0FuGahXJ41AMBQopPB1xdn1uHNALBZzwK4oHsbY%2FB3ryRbvVIwTXhftJqIAtO2Gzm53preOLGk4P%2BbOszpO4NCkpnj0keUoezv0RwcX%2FeEB9GLyhuttOq1lT92hizogEN2rD70%3D%7Ctkp%3ABk9SR-iyzpyXZw
Apple iPhone 11 Pro 512GB Midnight Green (FHS83987),,£99.99,Free delivery,26 Feb 2026,6,Pre-owned,https://www.ebay.co.uk/itm/188097173986?_skw=Iphone+11+pro&epid=26034221261&itmmeta=01KJWWKK4VHCMQRXETSGQ7NAPE&hash=item2bcb7719e2:g:FfkAAeSw7WVpoA9I&itmprp=enc%3AAQALAAAA0GfYFPkwiKCW4ZNSs2u11xAgZrpTCuZNZ%2BApCc4qZAgI01otazRMVc1ZPh2OVy70OUJa%2F2glThLIpQxCIVROB4VQPqQcyW8y0J2xiVifsaZM9AT01wPwagRq5JuLIVO2jaetZVk632Qg0VvxoqiU2iUy2UTRZoQ1vHLHNFO2WKN0RsnzR2nZoa7Wkjv820DKIyvz9m8LXY3vwhhuqKhWP1bGjeXllL7D1XXdY1ZcNyXiAXnATwDowawZ2efJ%2FrTLtnYt%2BWdjEfFzoU5XoUME208%3D%7Ctkp%3ABk9SR-iyzpyXZw
iPhone 11 Pro Max 64GB Unlocked | 63% Battery Health | Cracked Front,,£99.99,+£2.94 delivery,26 Feb 2026,6,Pre-owned,https://www.ebay.co.uk/itm/317840677557?_skw=Iphone+11+pro&epid=9034209168&itmmeta=01KJWWKK4VCT59SXMGMR8JQPPW&hash=item4a00c7dab5:g:GTQAAeSw~85pc6Bh&itmprp=enc%3AAQALAAAA0GfYFPkwiKCW4ZNSs2u11xBcvBUV%2FOrq52oE54SAD2LlopI4xTBxhOHvo9FmESdv2ikp6zB756GoAPlWIQv5iPtfqdEzqj0At9PnkAHw%2Bu9rX2XgCPjzaiSlTYGWAxrAriMNJH9t38kBRUSNMRKaHlgtc6fQY13q9rwyfQiJSyql4d5ervM2V4ROS%2BnGweK0JjriuKTZFbMFtBPI30RiVzw6AHNsT0nJ0NJd3gaY3QP0mGj9arOwl55u6KTuI%2BRusUSJRg4DlwplS06aesdkU14%3D%7Ctkp%3ABk9SR-iyzpyXZw
2Pack Screen Protector For iPhone 16E 15 11 13 14 16Pro 17Pro MAX Tempered Glass,,£7.99,Free delivery,26 Feb 2026,6,Brand new,https://www.ebay.co.uk/itm/364863774366?_skw=Iphone+11+pro&itmmeta=01KJWWKK4VB67RNWD5181EZ50B&hash=item54f3935e9e:g:eMAAAOSwHL9mLPSW&itmprp=enc%3AAQALAAAA8GfYFPkwiKCW4ZNSs2u11xDCq%2FRQjwT8pR5mj9261qqvjv8PBuqRkJ%2BsJM6ZGewDh5V%2BhY4OJMEoquziLI0ZppjNF1iQZ4ISG7NDm4YrZXfkV7b6W4FUOfhO8bwzdaI72Jip%2Bpy%2F23hyVXeP4fiyzkVzdl3qSmvlNB3m7cFgdh10TDQSyv62yv8gbeay6f9phj8QIXHfe5CwVFeBUEF0hFsmkG3JSSCr6MtiWyCb29mOBTEKLwhrid%2B36QdLzpOTC97XlKFK5hqE9cfRFNtrAuzGP9UudjE05CHLrvWKGk%2FFwG3k9nE18G6a3Yz%2FA7vH%2BA%3D%3D%7Ctkp%3ABk9SR-iyzpyXZw
Read Description -- iPhone 11 customised as iPhone 17 Pro Unlocked 128GB,,£172.50,delivery in 2-3 days,26 Feb 2026,6,Opened – never used,https://www.ebay.co.uk/itm/327015387164?_skw=Iphone+11+pro&itmmeta=01KJWWKK4WN3MX709TCJZ3QJAG&hash=item4c23a2d01c:g:umkAAeSwO8ZpiM5C&itmprp=enc%3AAQALAAAA8GfYFPkwiKCW4ZNSs2u11xDgcdvwW%2BmL3BeFGmY4UIFlaTQGTcyYjPwanrftXlq5qMip5ykjbZbfUckbNH6AuhPZf0NXjRYWc3bXf9ul%2Bx7ciW5MS8ZS2%2FtWut48Q7eDZdcA50Hpn8JtYa5Pp0WcU4KMB1GF2pzV2qAu7%2FztApuMQqXhfbxxpXA9FO7SL3Drr5AM5NQyLKyMQVlz%2F5JAV6uNdlK8yINoOqNEOPnQlSL3ZEpc4MqT2IFTNBzwZ9iWcYGXYSxudsLQuTXKWwrcH59FqbLIA0o3xhG8movaVsj3VU9EoifXczZP1VmB7ideiw%3D%3D%7Ctkp%3ABk9SR-iyzpyXZw
Apple iPhone 11 Pro Max 64GB Gold Unlocked,,£135.90,delivery in 2-3 days,26 Feb 2026,6,Pre-owned,https://www.ebay.co.uk/itm/257376918535?_skw=Iphone+11+pro&epid=9034209168&itmmeta=01KJWWKK4WQ6W3GH5SQPYXZ3J5&hash=item3becdc1c07:g:fyoAAeSwAWlpndof&itmprp=enc%3AAQALAAAA8GfYFPkwiKCW4ZNSs2u11xCkEjEvaXr1rGcSifec1IOoxGtGdNdRIeUj5FiwmTCzqiiWgTEKvxHDZA%2F9NpysJJTJBVXEkQuesNJZ6LlDSf%2BN7qTpi5OjXpjiCEeh%2FTbTPGp%2FrChzGmzqRUPbmq5aJIQAai9mrK2pv0tCMgmn8KSouPIBh1UyAgwTIaF%2BJ4WVof8npR2DA0eF%2FqEonyzeK9NiTOkjgcF8wPOqkLmG6fXlC6CPzSB6bULDTeFag7mROmhRLk1xIcxoaa9wM23XJ3jxRe3bCL729yRruZJyPKC%2FDrH8l0Cj92VB%2Fbs0%2BjnTtQ%3D%3D%7Ctkp%3ABk9SR-iyzpyXZw
Shop on eBay,,$20.00,,,,Brand New,https://ebay.com/itm/123456?itmmeta=012DEW30YG0MEEKND7NH&hash=item123546:g:acwAA9KNiJowH:sc:ShippingMethodStandard!95008!US!-1&itmprp=enc%3AbgepL1tlUHjMGCVfSTGJh%2BzsVKeJ3CQk7NizDI4BZeppuFnmyS6Ijyp8lh%2FnEw%2BWqO7uTV1Q6izE1R0T54aV8j71F4xlWfVcGft4%2FiOQhtqVXA1rW6M1atPARQRmhqUxtEPJKhKtSFgI%2Bvwlzb0GwVCtkp%3ABlBMUObkmabpYw
Shop on eBay,,$20.00,,,,Brand New,https://ebay.com/itm/123456?itmmeta=012DEW30YG0MEEKND7NH&hash=item123546:g:acwAA9KNiJowH:sc:ShippingMethodStandard!95008!US!-1&itmprp=enc%3AbgepL1tlUHjMGCVfSTGJh%2BzsVKeJ3CQk7NizDI4BZeppuFnmyS6Ijyp8lh%2FnEw%2BWqO7uTV1Q6izE1R0T54aV8j71F4xlWfVcGft4%2FiOQhtqVXA1rW6M1atPARQRmhqUxtEPJKhKtSFgI%2Bvwlzb0GwVCtkp%3ABlBMUObkmabpYw
iPhone 11 customised as iPhone 17 Pro Orange,,£180.00,delivery in 2-3 days,25 Feb 2026,7,Pre-owned,https://www.ebay.co.uk/itm/317715156880?_skw=Iphone+11+pro&epid=27034209655&itmmeta=01KJWWKTHZN5ENKJCPF7MJE22P&hash=item49f94c8f90:g:UnEAAeSwpAVpVDin&itmprp=enc%3AAQALAAAA0GfYFPkwiKCW4ZNSs2u11xApEXgNVCilx9XhCVI3icRhA3lDQ8PVRHwv6%2BvRK6AomucPoyaLZvkRhJMhWYz3UY2Vq8vJmj10h%2BvqplYqvjgTbUmPo4R8AFQ5tpKhW4Ola8Nh654%2FJ58m0XP7b54QBJ%2BON%2FjFZJ5YHmI964IhYC9h01ZglOdlD7ci2XUxQQnu7fQcblCa8fJTsJxCOhorX3LRBMpZyNU1fDd7YhisZcQikgWT8s%2FEAZMlApXqwgknj2fab1fSFPUl8y34zGe5e4Y%3D%7Ctkp%3ABk9SR6Cpz5yXZw
Apple iPhone 11 Pro Unlocked 256GB Midnight Green,,£144.00,Free delivery,25 Feb 2026,7,EXCELLENT CONDITION,https://www.ebay.co.uk/itm/366214445263?_skw=Iphone+11+pro&epid=28057647159&itmmeta=01KJWWKTHZ3BEG5DTT47W2FD4M&hash=item554414f8cf:g:2-gAAeSwvD5pdrAB&itmprp=enc%3AAQALAAAA8GfYFPkwiKCW4ZNSs2u11xA%2FBb4mITXavNNzcXdwDxD1fdVDNT5OPHiDfWe8hHaUI25OLZNDz49B9MR1d1vT7%2B2rjy2kIUlSqb2bYZrF6uv1yUiUVxVSIVeZf%2B4OERkaBvVz3lVND4KcZcB1y72eEYOd08VBSH0klaf6mLI9vMuCS%2BgPZwn72mvlL2QrKZq338TWwuSpfDNXPxJl8gFKFfW75yTN7JNd4P%2Fy4JdGTKAsNgmiNRUMbFcZyqoDX7f3VFFJYHW7uD0JG%2FalougTeE9yf24FPaKvzNVJtdg2nI9He6B8qvzU7R1BmC0eI0ZUHQ%3D%3D%7Ctkp%3ABk9SR6Cpz5yXZw
Case For Apple iPhone 11 12 13 14 Pro Plus Max Magnetic Clear MagSafe Cover Skin,,£1.99,Free delivery,25 Feb 2026,7,Brand new,https://www.ebay.co.uk/itm/167763671850?_skw=Iphone+11+pro&itmmeta=01KJWWKTHZY3NTQGEZAH1HEYWT&hash=item270f7e7b2a:g:QgQAAeSwZDZot1tg&itmprp=enc%3AAQALAAAA0GfYFPkwiKCW4ZNSs2u11xC03aKTFlo0cbQnwN4NRSYj7wIDTcBPMAZQny6tDm0yqQx%2FRbZsxC4h0l4a8zhLw%2BC9i%2FiDG%2FgBgFuyswz3953PDaga1202se0fGwfD3GIF5vFSo%2FDpFGB3gNzfmGS2FN1rYT4eBosEbXhf3z2%2FLkpktx2PzfJhbZeL1sj9v4Al885rPuEs9rXctziMD%2Fbo3jFaVsTlrDj6YYaSWq%2FgXautjCAkBNb14lnKwn1ScVqtSEoF4FvqgIdCOECPjh59byU%3D%7Ctkp%3ABk9SR6Cpz5yXZw
Apple iPhone 11 Pro Max Model A2218 64GB Grade D Battery Health 82%,,£129.99,Free delivery,25 Feb 2026,7,Pre-owned,https://www.ebay.co.uk/itm/137064552990?_skw=Iphone+11+pro&itmmeta=01KJWWKTHZ0R3VHV5PZKVXGASJ&hash=item1fe9af1a1e:g:wBIAAeSw1nlpnGnI&itmprp=enc%3AAQALAAAA8GfYFPkwiKCW4ZNSs2u11xCPCWgyXzHQgRPwDOeGE9B%2FBhT%2B6HSC%2FhpeiWJKVJIdFyiisfz%2BYbrUdNGJTt2ehPNrvBynT0I%2FceplYG8adtpBIyQj7z%2FCESLOU5szzc2SPcOzefDP29c%2FViNiVioo%2BSHIaoGCN0PYagyWBNxnAfKRgiArcvVgMdWNyQDRy%2BG2n%2BBBkIv8SasCdZoOxAH2QdOwWtctV3Xm3XEWSjtt8suF%2BbVn7En56m%2Ft6CWQ0%2BX%2FDI%2FGRGfPjMqMdoPQSWL9PB9XCDg%2BirSnCDRpmrovhApF1zZyoTfqPaeC2OdDabyJiQ%3D%3D%7Ctkp%3ABk9SR6Cpz5yXZw
iPhone 11 Pro Max 64GB Unlocked Smartphone Mignight Green,,£150.00,delivery in 2-3 days,25 Feb 2026,7,Pre-owned,https://www.ebay.co.uk/itm/317923820724?_skw=Iphone+11+pro&epid=5034224996&itmmeta=01KJWWKTHZN94J5A8JQ6WHF01B&hash=item4a05bc84b4:g:HOYAAeSwYJhpnyRJ&itmprp=enc%3AAQALAAAA0GfYFPkwiKCW4ZNSs2u11xCXokOcvzLvmaBajOBFdcAn0azqDZrP8jQyMWHQmgNdFfkgG%2FpQY2cO5hghxzmsW2B0WoHpFtb9ndKfM%2BkJE5YphED03ze0JscmgW8%2FfJr%2Fx3fymbxE8IUhF1u7velxRKor0VIq4zbWWOODw72liXwgHaZcpKTfg6OrLxn3pLrZMQby78IfveUttyrBg3cBtXBAOsha3TRynS%2Ff0HfT%2Bql4u03qXsWd%2Blh0vtoLcDRhoXVoasIAFgn8n6Uqdrjjisk%3D%7Ctkp%3ABk9SR6Cpz5yXZw
Apple iPhone 11 Pro - 64GB - Silver (Unlocked) A2215 (CDMA + GSM),,£81.60,+£2.94 delivery,25 Feb 2026,7,Pre-owned,https://www.ebay.co.uk/itm/157684222736?_skw=Iphone+11+pro&epid=4034210697&itmmeta=01KJWWKTJ06FE16MT8KH2RNN0C&hash=item24b6b64b10:g:uJAAAeSwx4BpkgzX&itmprp=enc%3AAQALAAAA0GfYFPkwiKCW4ZNSs2u11xA9nCQtczy6Dz5LaQznxxDqmkPIilMQQTu22jIAVQGoBwLz2HYRtCacHTElW%2FemKopCqi9MvnE2pZESsI0r0l18Q73LLNH%2B8CWbk5alzQMmch9HMpCnss%2BGOmCuTwTzfOxOaX2450JdT0esFGGoBhfgPGcsX3t8lNEdo%2BK5aPqITbj7%2BdZhi9NQTxyvbRjiRabC5OCz7hus%2BbxoCCyJV1dVikRuLMYjiK2QG0QCHRtIUak5jB3fGvmiRaCYKH9V5ss%3D%7Ctkp%3ABk9SR6Cpz5yXZw
"Apple iPhone 11 Pro Max A2218 256GB 12MP Smartphone white & silver, Unlocked",,£92.77,delivery in 2-3 days,25 Feb 2026,7,Parts only,https://www.ebay.co.uk/itm/317896003581?_skw=Iphone+11+pro&epid=19034211539&itmmeta=01KJWWKTJ0AS2X0V0907FPDPHY&hash=item4a04140ffd:g:NxgAAeSw2Kdpb9qB&itmprp=enc%3AAQALAAAA8GfYFPkwiKCW4ZNSs2u11xArUuvMm0WQKXPWT%2B5--h%2Fe2992pAP5MmmjZ6%2FMGd8cRfkrzxZV5hrz1%2BSGBuEDCWmtfTTvp1X4uPq1SDcHaZzulsB9BpfcezGVhVnBmCghctJ%2FSX2wgCKTSfCN5Pl8T3u85E9vLcv1IkDe4ZkpZaB%2Blme9twjGtSf1eWPcKE4lL%2B1Axow%2BNERu6NA6%2FuzOip2QVSwV5mg53eTBRqzAmxjXSTEdO%2FaOuAfJtnczGKdMmNvNAcHAYukRVEEBmX1LeIIuVYEwoYfFarvdirjYcJz2N2XuzGn%2FH0P0SMoI3JVKqg%3D%3D%7Ctkp%3ABk9SR6Cpz5yXZw
iPhone 11 Pro Max Grey Unlocked Smartphone,,£135.90,delivery in 2-3 days,25 Feb 2026,7,Pre-owned,https://www.ebay.co.uk/itm/389667916224?_skw=Iphone+11+pro&epid=26034221360&itmmeta=01KJWWKTJ051WF9A2QHTX80FBW&hash=item5aba0489c0:g:P24AAeSwxQFpnv7R&itmprp=enc%3AAQALAAAA0GfYFPkwiKCW4ZNSs2u11xAkv9iZBrc80eFnCd5NOPMzfdPj0IhHP6ctMRwVvjnOee%2BKafIj0Sqbslz4GexmW9BzDf0emNKUSuKLI3CIGuR7YHOudgC85GhbhIwsUQYifuHLGi9VTNBGkZTphyCXImmQd%2BKLkipc0pXL9Mya2ufxTXtLsD2x5GbavJo7MmP--%2FsZtcIVhr3RMrlKufN1ZN2SAomQPIHcSawISiGWKrKbZj%2F1VZKXKcO4cGFDs7daiVjHcRL3qiviJxuVXTMVhm8%3D%7Ctkp%3ABk9SR6Cpz5yXZw
Apple iPhone 11 Pro Max 64GB/256GB/512GB Unlocked - All Colors - Very Good,,£204.99,Free delivery,25 Feb 2026,7,12 Month Warranty - Same Day Dispatch Order By 2pm,https://www.ebay.co.uk/itm/165543551112?_skw=Iphone+11+pro&epid=9034209168&itmmeta=01KJWWKTJ0NXFXAXDAYJ3B5TMY&hash=item268b2a2088:g:LBcAAOSw~WJisZFv&itmprp=enc%3AAQALAAAA8GfYFPkwiKCW4ZNSs2u11xAglNxfhIs3eEaWZkC%2BLpWCIE1LzWR7atZYfB0%2FDo%2FBi%2BRP%2BNQVMDiJ88c%2BMbMo3ObC2F5xrv1YIW3gWMPRyYmwqP4ELXTQNsOh2Tn8tyHqKL5Z9CBCKoBmp8SNg%2BF7%2BZM5e%2BYtXckvFtLT%2BMY2oAs4d5Duc%2Fuj1nJqz0XplINT0dwESEr267ynDfHUpb9z0EMl0FivRK9UFL%2Bwt4ftH%2F92PECLVYK2rrEJBmSlQDaNFEw4QSv1oSAyd6C%2F%2B8Mw8VZorlmILuo1FgF6eh9OGKvM9rE06u32h6SG0vUaOTb%2BvQ%3D%3D%7Ctkp%3ABk9SR6Kpz5yXZw
"Apple iPhone 11 Pro - 64GB, 256GB, 512GB Smartphone All Colours - Excellent",,£164.99,Free delivery,25 Feb 2026,7,FREE ACCESSORIES ✅12 MONTHS WARRANTY✅BEST PRICE,https://www.ebay.co.uk/itm/334311861274?_skw=Iphone+11+pro&epid=13034214373&itmmeta=01KJWWKTJ0WWXD6BWR8334TSC2&hash=item4dd68a2c1a:g:EVAAAOSw~iBiMHoo&itmprp=enc%3AAQALAAAA8GfYFPkwiKCW4ZNSs2u11xAKGev2hkJwYqg9zKUo1x%2BJIZb1u%2F64GKgibfI9gbTVzwfSR0YlgR2EAd1N2KlaoOADykCcwVLr7kweIztRwbcJWIXYNUChKbT%2FmpvbYm8%2FUKV3Bh%2Fo8i8MQkr8j8a3D8Vep70oI%2BplEFJGXgIf6ba1Caeobt0hz4shPKubYKzZyM3RDF9%2BSKm49Md3TntqIw18idAeRlc5gXwuEahPHRTAkZAkFRBbhdwU6uxHJcJZG%2F2m7g6Jz4rhYE%2Fv4A0Tw8UzFRsDXgB4Gc5P%2FKTCf1vv1%2FCU8jeo2vz2JF78nP3Gow%3D%3D%7Ctkp%3ABk9SR6Kpz5yXZw
iPhone 11 Pro,,£99.50,+£3.38 delivery,11 Jan 2026,52,Pre-owned,https://www.ebay.co.uk/itm/317745924931?_skw=Iphone+11+pro&epid=8034218244&itmmeta=01KJWWKTJ098Q6F1W3QP57A1X9&hash=item49fb220b43:g:8XIAAeSwimRpYCuh&itmprp=enc%3AAQALAAAA8GfYFPkwiKCW4ZNSs2u11xBStyq3WEqnfn4dhBjYYJLVnAUVHTvufVZuRsUgDBDnwxW6g8yGONHiTExRwD8E7MHAiGqLJ%2B7p5%2F9a8ANKlk64Ce%2F6kJ3Zz5tUHTZBT9nkBqcDxgHjB2hyKH3vml4t%2BGVXt5EMNDfCMMcaFVJd8CEU%2B3YCJKKIXuhYkYN%2FqTWexcBUdMDkt8MBqs5l7sV%2Be0AtL%2F8QRT3xA6KoRg%2FY2l5CHMPeoKcRgpqXSh2Wrz%2FuAoXLkw4ADxOZJVEVJ23qCgaSQrMKrvTYcok2YUHe9iN%2BdwqVpoRmfUm4vHoXUdZ4nQ%3D%3D%7Ctkp%3ABk9SR6Kpz5yXZw
"CARBON FIBRE CASE for iPhone 15 12 11 13 14 Pro Max,Plus & 2PK Screen Protector",,£3.99,Free delivery,25 Feb 2026,7,Brand new,https://www.ebay.co.uk/itm/225411523231?_skw=Iphone+11+pro&itmmeta=01KJWWKTJ0AZFYAXN1EGB99GJ9&hash=item347b92e29f:g:~lgAAOSwbQ5j5eki&itmprp=enc%3AAQALAAAA0GfYFPkwiKCW4ZNSs2u11xBsXf%2F84wiqffwWmaCp6hsPYDeFaEOwIWrhBHWOC%2B11dFJZ2Rcv3mRPWD8oQuDIQiiLTQme%2BDbbJXqvOLfRE8y1WknqSFSxls224xy99HQvzC%2BJ8qwiVmgItc1aOJMH9NUeOnNAB34wd%2BunwTL2GV7lRK9IjhpnC4CmQkJvSFG0Q7%2BIjyOhNm7IqjknXNf1Q4Xxyi%2FCcKaOBgWX6RbaFozAuSd%2BaoGaQawrb1xGH8GvgtEbN4MHazU0ec4mgAezyAc%3D%7Ctkp%3ABk9SR6Kpz5yXZw
Apple iPhone 11 Pro Max 64GB Silver Unlocked 100% Battery,,£220.00,Free delivery,26 Aug 2025,190,Opened – never used,https://www.ebay.co.uk/itm/277345554976?_skw=Iphone+11+pro&epid=11034210143&itmmeta=01KJWWKTJ093ZXQ1KQ33JRDYJD&hash=item4093155220:g:NPcAAeSwXftorK3f&itmprp=enc%3AAQALAAAA0GfYFPkwiKCW4ZNSs2u11xBdo6k79sCok8GgO9OrUwkvQIx%2F4V7GWAdeDySTPDTyO%2FkQKoItMOMVhRWD7j0Qbn7iB%2B9FAkpanA01QpaBnZInCv0CNQ85Mt1aXJULnBNXpOFN%2BhgY5x0kZEjnlz9yY1yd07uGbBQfJFGB4ogsEWaxOnU5JRI3v7eBv2b9xvrY0jFpkn%2BxOTI1lyxq%2FDW5KPqge--UPrPhladWeTDfI3SN1iGXs5zM4s1KvclCDtl0b9Uf1sUC2jfC%2BnTnXGY0%2Fws%3D%7Ctkp%3ABk9SR6Kpz5yXZw
iPhone 11 Pro Max 64GB Unlocked Smartphone Mignight Green,,£42.30,+£2.94 delivery,25 Feb 2026,7,Parts only,https://www.ebay.co.uk/itm/376981800525?_skw=Iphone+11+pro&epid=5034224996&itmmeta=01KJWWKTJ0CZGJSNKEXZQ3CB35&hash=item57c5ddc64d:g:c7YAAeSwNlBpmkqS&itmprp=enc%3AAQALAAAA0GfYFPkwiKCW4ZNSs2u11xBYlCM8iWTwIyzZnN4c0CvX9S%2F1uvWTS7ahovxl8bytSOXgy0U5V98lI%2FBprl6EcKl6XzbJEZpsxVLqYjWyjUcSyEp%2FJepdH1Kz04O5CuabHtKdwk4b4CmqkikaUK2WrE60aOcP%2FWDx%2BHEqYjFK%2FPih2Sy3gi23UHW3ZjmPGSbhpBwi1vp4nvZMeyyVoeNUCEdBNgQnq49HrhcnoNcMyFOtTumWBFk3FBKfs3SkOuqFq74tJPb9DL3zvWRKW88KM4U%3D%7Ctkp%3ABk9SR6Kpz5yXZw
Apple iPhone 11 Pro - 64GB - Silver (Unlocked) CRACKED BACK,,£90.00,delivery in 1-2 days,25 Feb 2026,7,Pre-owned,https://www.ebay.co.uk/itm/117055673378?_skw=Iphone+11+pro&epid=11034210273&itmmeta=01KJWWKTJ0N5BMX346Q8MBMM9Z&hash=item1b410fd422:g:WcQAAeSwIPBpnhsL&itmprp=enc%3AAQALAAAA8GfYFPkwiKCW4ZNSs2u11xCZ44Lcvkxe%2FQP96d1aDt8W66udUzKoVn7XYquWlcOlUbAv7mO8vyHV4hn7wBEbdwHbJ0h0XQsLpWdnb5jIKFeAqaTGXkKYT0C%2F573fEo%2FwvrUPNXS2F6ccSeGHtxa9S%2FYE5iHgH8EzFaW6GJG%2FwWR004oSxOKO%2B%2Fc5QGXfU4iUYS6avvs6FdPmSL2dT6IGEwRhtDfFe%2FY9%2Fwc5VfLbQiPSuflwGiZBaDcTytXaJllfBAaIg5yC7DsDAAzRAKCmCVodOXg%2Fe%2BQ%2BtWRUYgHQSvcId1CyOyqDwvXskeyxSnLD3w%3D%3D%7Ctkp%3ABk9SR6Kpz5yXZw
Apple iPhone 11 Pro Max (64GB) (Unlocked/damage) (A2161)(Gold)(9220/32),,£102.00,+£4.00 delivery,27 Jan 2026,36,Pre-owned,https://www.ebay.co.uk/itm/168115674968?_skw=Iphone+11+pro&epid=28043360551&itmmeta=01KJWWKTJ0D0XP0EGE4X96NEQG&hash=item2724799f58:g:nIMAAeSwgqhpdefL&itmprp=enc%3AAQALAAAA0GfYFPkwiKCW4ZNSs2u11xCWfwB9C2G5m3Qmclf1Wc9Ao%2BpY%2F8dG4oAVFLbPW1nwIX9fXYNON9g%2BOan1KS5QSc32%2BQFijvYnwQdrC3ucktLViy9kCb4P1eahpiymlZFoq5u60wH4jeRG9YAmvr9DNRcsAVgnfDDrpjRnKHFqiCa4s3mtP2MLZA%2F8D4OhRwg9EN4Tsountt989nmoyDuPTRkSUCmTcO5XviYMYvOLrO%2Bkt5IwsBnFd2vkIdA%2Fj2tKFecZkEeCEbNs7jhdJrQb4AY%3D%7Ctkp%3ABk9SR6Kpz5yXZw
iPhone 11 Pro Unlocked Superb Condition,,£130.00,delivery in 2-3 days,25 Feb 2026,7,Pre-owned,https://www.ebay.co.uk/itm/406705918212?_skw=Iphone+11+pro&epid=4034210697&itmmeta=01KJWWKTJ0WS0V2JTR1Q25W1TG&hash=item5eb18fd104:g:dJwAAeSwfX1pldgv&itmprp=enc%3AAQALAAAA0GfYFPkwiKCW4ZNSs2u11xBmdMxdpRM8U98CZAVISxhBCK0zJ2sew9xvAM2T0abn6egjwBhRVdzY%2FGMO3XPNUMeBYmk6zTfn8EBCVRt1BZ6z3Tx0gthahWs0BR5dcm%2FiMaY4juVcAmEPIjFEX6LKTe3AOS0hrnivjFao2RXlaYBlsSwJ%2FK11r2z31S34CtckAdWPCPlTa4MrJGI2bAJc%2BPoGmCNcHNzc47n%2F1K8mwl9OYRFgILHzManX7DBWpfsN9TNQXRDY6wvPDOpIivPZ2Ys%3D%7Ctkp%3ABk9SR6Kpz5yXZw
iPhone 11 Pro 64GB Unlocked Smartphone Green,,£77.38,+£2.94 delivery,25 Feb 2026,7,Pre-owned,https://www.ebay.co.uk/itm/257366695069?_skw=Iphone+11+pro&epid=5034224996&itmmeta=01KJWWKTJ1GEVKN4ZN50R09F3H&hash=item3bec401c9d:g:Y3AAAeSwIUVpldZR&itmprp=enc%3AAQALAAAA0GfYFPkwiKCW4ZNSs2u11xB6D7M1fsxzZEL2CVVNYUcR0I4JS8hJb3q4VROcx3%2BUJSSpeWuV99ok3LeJBjxE9a03JXORfxy3PzykMaAqbmap8RupTAuHtaII5mkwsKxr4v5fXFU9xTToz%2BjwFOglmqYKLrGq%2Fcc5lmrIwOKnDR5g40xIaO36tCDyrvtnawHyV%2BQ7O9gGjahtXvokCRCvTTxNM3CgakxmVA9R8LCHlyIcdfBgPLcCPloVaTWQEbMtThdr1fK7FW05osUfhnXtvi4%3D%7Ctkp%3ABk9SR6Kpz5yXZw
Apple iPhone 11 Pro Max 512GB Midnight Green Unlocked Excellent Condition,,£200.00,+£4.26 delivery,25 Feb 2026,7,Pre-owned,https://www.ebay.co.uk/itm/277754524039?_skw=Iphone+11+pro&epid=6034218752&itmmeta=01KJWWKTJ13W7RNNFQDXQ0DS9Z&hash=item40ab75b187:g:E2gAAeSwT6hpk3wI&itmprp=enc%3AAQALAAAA0GfYFPkwiKCW4ZNSs2u11xCOQYs3%2FUOKJAnMg%2F65qTT6BS38mIG4oAtTFQz9j4kA4pOJf%2Bs6IccNOUFToj7PiMY1bfbvEcf0IK4VKsjWOQB%2Bhn2ivux0in6nCgF2twhIJN3vri0gi%2BFEYwUtEbweR3lg5HMLAl501ZMG%2ByIAiojih56vqg1mCS8EH8gdepIl2y%2BCyz9savq7cjIo%2FVfauz1bI%2FhyXxmJUQeHTFET6fqVghY2kU5cB%2BB9NhM8aj5KhJwMtmeTM1xk5iKJPw%2FSGuo%3D%7Ctkp%3ABk9SR6Kpz5yXZw
iPhone 11 Pro 256GB - Unlocked - Space Grey - 90% battery health,,£154.99,+£3.46 delivery,25 Feb 2026,7,Pre-owned,https://www.ebay.co.uk/itm/157704824944?_skw=Iphone+11+pro&epid=5034225079&itmmeta=01KJWWKTJ1REZH9GS4304HNDD4&hash=item24b7f0a870:g:IzEAAeSwCDtpky3T&itmprp=enc%3AAQALAAAA8GfYFPkwiKCW4ZNSs2u11xDlj%2Bb0IV4uYz4coaQZYR9q5j69%2BD8--kFI81%2BpMkYt2kq5eAnO6YjwogQIrYGEDwXqOyDIZXGItr4x7QPt7pjFmWe1WVkpjCUyUWqQlJS9jrux%2BBbWYeZc8oVKoeq1uVGxVN0nAq2yk7tyQdI5UkcX%2FPh8eWfA4OOBLzPSchmfwlx3kNMR5YHGb5ocgujKn1Qgfvl30zQEWkie1k8uleMmSfUUwSlaDQUmg43RuHwMEj%2FDXI2HFB4BfHtwlRPMwDOqe00cAU1obf2DjakOUr%2FiH8xHLmdPLqFCcBVAFYQygA%3D%3D%7Ctkp%3ABk9SR6Kpz5yXZw
Apple iPhone 11 Pro Max Smartphone 256GB Rose Gold Unlocked,,£81.13,delivery in 2-3 days,25 Feb 2026,7,Pre-owned,https://www.ebay.co.uk/itm/206086801857?_skw=Iphone+11+pro&epid=23034220841&itmmeta=01KJWWKTJ10FX06X0EJ4QK2KJ5&hash=item2ffbbb09c1:g:KckAAeSwtydpldKE&itmprp=enc%3AAQALAAAA0GfYFPkwiKCW4ZNSs2u11xDXJ%2FEmAHkcte%2FOaKb3TrO16AClzRx3p2%2BEvYPcVvewXnisLr3igAOScXXgGl9xf3ID6ZOX7RRa1JJmx%2B5sS29XzVJQV0otaZBuTzaq4Ouhiqy7I%2FvaQs14udtkah4NC4roR5jZkxr5Hs2Q5ZfnipnBc3bP10ZEy%2FWwmB3ZKqwAXjv%2BcGEO%2BnhIYOWAF4%2BE1wy0oNpUQF0PdNphlVlj1o9l5pdghYRXqrOiDYG6uzneQCKawIi0IFS%2Bs7swZdDjJ3E%3D%7Ctkp%3ABk9SR6Kpz5yXZw
Apple iPhone 11 Pro 64GB Matte Midnight Green Unlocked,,£75.24,delivery in 2-3 days,25 Feb 2026,7,Pre-owned,https://www.ebay.co.uk/itm/177878266262?_skw=Iphone+11+pro&epid=9034684724&itmmeta=01KJWWKTJ194XRBBSM32T99VT0&hash=item296a5ef196:g:eisAAeSw7thpmGh6&itmprp=enc%3AAQALAAAA0GfYFPkwiKCW4ZNSs2u11xCm3uy4rwn%2BEw9qbf%2BhVpjlZY6OxU1Hrs1J26Zq3jr4JsdVW78IU4Bf7hJawc6Mkc3vFvZdrnVRZbZBau8BR2x7ZWkSKb866uV24LSP64ZBaOslFDK7fmOhVdjaSKJGrLFcZ4xLSp5S5hpAh%2F4d0YuYmQD%2FprCKhzM2uJ99pmlQfOvfIYSJbFvECV%2BUvqJ5qEPlh%2FQDMWZa9M6Fgx6b1vmoCr1inQiVCNWzTL1kHcgmx9oV%2BrDhp3vhsX0CPBSw5tg%3D%7Ctkp%3ABk9SR6Kpz5yXZw
iPhone 11 Pro Max 64GB Unlocked Smartphone Green,,£112.08,+£3.42 delivery,25 Feb 2026,7,Pre-owned,https://www.ebay.co.uk/itm/157695142716?_skw=Iphone+11+pro&epid=5034224996&itmmeta=01KJWWKTJ1AKNZ7M1DQBXP7RQV&hash=item24b75ceb3c:g:-NkAAeSwcVxpiKO-&itmprp=enc%3AAQALAAAA8GfYFPkwiKCW4ZNSs2u11xA4OmYiq5O1wHUiWjts5%2Bn0mBJ%2BFFke2TbWTiC%2Fc7LreaGI9UKzcLC9iTTpA6bQ%2FJeX5OdsdZiYuxEbiZWcs82whhnjovvmtcMUsabWdVt5MlBeDA1NbAf%2F2npOnen%2B%2BPa%2BhePtVWKEqF74CVJqB9VJzZw%2FTEK%2BhKbp9O3aUIEcRFzgXAWPkTOQsphJMn2RvIHLjuy%2F9NzrbwBx4YRT%2FdrkYlimsF2Kuv2A6LmjjHsmwzIly0toUhi1QvmmfO457F72mwcmBiZCb10C4VarevH9prCgn49CdntHtsGddaw%2FWw%3D%3D%7Ctkp%3ABk9SR6Spz5yXZw
Apple iPhone 11 Pro Max 512GB Midnight Green - Unlocked - 100% Battery - Good,,£224.99,Free delivery,25 Feb 2026,7,Trusted UK Seller with over 340k Positive Feedback,https://www.ebay.co.uk/itm/336054055937?_skw=Iphone+11+pro&epid=20056038880&itmmeta=01KJWWKTJ1H860SWWYFRDR8BKG&hash=item4e3e61f401:g:84kAAeSwVuNpcNTQ&itmprp=enc%3AAQALAAAA0GfYFPkwiKCW4ZNSs2u11xAIODDETuMTJqdpxZLPoJtBvRsAWs8vicLc%2BMzNl8Zg7ITWHMwHehR0eFcmkeApQWOZ1FC5w3O9rfDFzOu2TsOnEJq95oi0Tfjyn%2Bp2je2NKZNTlijC1%2FQwsbrKFlvoqYGMfYF%2FpmqwXUgSW79cHPRQ4hqfPOnUwcWwmpCj41XVwOBXpTv8rfJFO28CBGL25CcExOgXmet2Luf89s7ZGPDFeaRiUgG9qA0WlvNLdpwon1d2xT44aXPbRfUmziWHqI8%3D%7Ctkp%3ABk9SR6Spz5yXZw
iPhone 11 Pro Max 64GB Midnight Green Unlocked Smartphone Phone,,£120.30,delivery in 2-3 days,25 Feb 2026,7,Pre-owned,https://www.ebay.co.uk/itm/389667818991?_skw=Iphone+11+pro&epid=5034224996&itmmeta=01KJWWKTJ17B4JP2YMZHHTN9KN&hash=item5aba030def:g:HUAAAeSwWflpnvau&itmprp=enc%3AAQALAAAA8GfYFPkwiKCW4ZNSs2u11xBxKUMd%2BYUiKxKGhwKZgLEo%2FRyJLeQg3bDpP%2BnYiKpJA7nFEedt7psszXef%2B841muxRVaNdOzb9RiciVZ%2BCtfxRbIKiweUgQXb67RfvRXRKn%2F5c8KPfJopWnhLW4QiWdDpDyWDNLPMFFE59yFRsigDhTnMSByRD68dASxE75T%2BHigfhJt1q1RcfEANP4%2BlEfpMciS5VySd2FwITplYJB0J9yzloIpvSvFfAYZ1qLXyQN2OXCrTsPf6K9LzTJoEOt%2FOCE1VQMT%2Bf4V15rTlT8tKGX0GY7b0fVj9XF0Kkp39kFQ%3D%3D%7Ctkp%3ABk9SR6Spz5yXZw
Case For iPhone 16 Pro Max 15 11 12 13Pro SE XR 8 14Pro Shockproof Silicone Ring,,£8.99,Free delivery,25 Feb 2026,7,Brand new,https://www.ebay.co.uk/itm/396173462895?_skw=Iphone+11+pro&itmmeta=01KJWWKTJ1S7KR0PN4CH21RBA4&hash=item5c3dc74d6f:g:sfsAAOSw4a1nP01W&itmprp=enc%3AAQALAAAA8GfYFPkwiKCW4ZNSs2u11xAf8awOoivL0TFGevpzrtRVfz8dlzyxTm6DtksYPvOWPKFxzXJrTRHxkysY51a2Uep9y8%2BqR%2FGu2P9X7%2BM51G6%2FPc0Ide4b3BfjU3rcYajmg15biHmAIXybNvB%2BzwD9nZCU5daloDCR61iQDb9K2MhLA%2Bn%2F8pwk4ZEi78%2FgVe26vZx1WU1vXbt5eQWZU9JyFk7mIgXQNocZHZSVS%2BPEgY%2Fk3KxPRb1RLrT7HZPoJTIPNDjjd15Rb%2Bvf6Kw9IU6F5VAidJz6VWa%2FpYiaKgi7fTITgTzpWvj7bWCRqP2SSrrfVw%3D%3D%7Ctkp%3ABk9SR6Spz5yXZw
Apple iPhone 11 Pro Max - 64GB - Space Grey (Unlocked) A2218 Full Working -with,,£155.00,Free delivery,25 Feb 2026,7,Pre-owned,https://www.ebay.co.uk/itm/406577157380?_skw=Iphone+11+pro&epid=26034221360&itmmeta=01KJWWKTJ1XAJNXXPW8WKRYW91&hash=item5ea9e31504:g:hS0AAeSwySZpYYzB&itmprp=enc%3AAQALAAAA0GfYFPkwiKCW4ZNSs2u11xDeiJCSQMNJXZfs2EKHiF0d6STvUxa12nXixLzkCXhtOgiAzhwsRjNiV277uinfL1I5Q9eKNWsIIWHgkTpDMETDR2I2oeStaqnJh9ehTjYB57NOA0Rvp1wNnjwqlJvtJwYmHAEDaXV0iTcV1bAHDK9omrYjtZoDArPQavuVlOBYQkRbaMf5VBJ606swKi04E3Kql%2BxA%2FxYxhaWHA2uLkZ72Sw1ACczYt0OOpGP%2Faem943EncoCNgnXg7DffmYxvNI4%3D%7Ctkp%3ABk9SR6Spz5yXZw
Apple iPhone 11 Pro Max 64GB Unlocked Smartphone,,£130.70,+£3.94 delivery,25 Feb 2026,7,Pre-owned,https://www.ebay.co.uk/itm/168131803315?_skw=Iphone+11+pro&epid=11034210143&itmmeta=01KJWWKTJ1QAFXDNK1XSXQCQ4N&hash=item27256fb8b3:g:UjYAAeSwdyZpgbux&itmprp=enc%3AAQALAAAA8GfYFPkwiKCW4ZNSs2u11xBpx%2BLnxCOHp%2F6yOMAj8KpapyAK8FUjHbns0OKKzO9vJTPmHK1dxwfbo%2FOKYqc7nuqI1KGE9RpDqqQme9v02d0iEZyUmmmPdQPI8tVb1XwEDUS2iCGnb%2BJoex7sZ9x45%2F4WOrZFh%2FAFwrdNAcmrd90U0ijbvy6tLzzg%2FB7p1%2B%2FWk6c73WsaeYJ3E1KuySaSpv3fU%2B3gqihwB4Agrh%2FvXjq1Y5JBQuFSPkiChQ6qNZRzvhw1OnLx66oELvV5BrLhiyNBxPx2tfWSjQVniKrbAPekOX00y2siDDcSeRmtvwrVCw%3D%3D%7Ctkp%3ABk9SR6Spz5yXZw
"Apple iPhone 11 Pro Max, 64 GB, Used but functional, 81% battery, Space Grey",,£116.66,+£3.92 delivery,25 Feb 2026,7,Pre-owned,https://www.ebay.co.uk/itm/366227159457?_skw=Iphone+11+pro&epid=26034221360&itmmeta=01KJWWKTJ18FR8T53DV21WVTTE&hash=item5544d6f9a1:g:t6cAAeSwl81pntHj&itmprp=enc%3AAQALAAAA8GfYFPkwiKCW4ZNSs2u11xCcjuo5u4jErzFnpxS2mFcMbfyas85BUOILUcVfj9LhPzLjorxWDI3csDWn1B0tC3MhcJmjO5xUP7JdC75IGb2M9ieza%2F4MA2GSAIP7MgvQV%2Faritwh0PeoDmpFeNJ3LzQ6fgBRGkFm4W4R9lS3LFvfJQHXTemtk7oaIXBwWzrUtqNSLZ8WRACyqtTusCFpmayC%2FusnCI93kxiMqRC%2FzA%2FfPoU%2Bn3ddW%2BoAbSDrDZAY4piQc5dKcTQ8ldi%2BIjIw%2BOA40iIsYgJFYgX82jqd8fb8N9sf4S87hXLHduPIHoBhEA%3D%3D%7Ctkp%3ABk9SR6Spz5yXZw
Iphone 11 Pro,,£45.00,+£2.94 delivery,25 Feb 2026,7,Parts only,https://www.ebay.co.uk/itm/317908276818?_skw=Iphone+11+pro&epid=21041715458&itmmeta=01KJWWKTJ2F2V13W2EZVC8Q1E1&hash=item4a04cf5652:g:5mYAAeSwrW5pEcGO&itmprp=enc%3AAQALAAAA0GfYFPkwiKCW4ZNSs2u11xDxzuPF%2FQntQLlXRmleywDg7uBWHUevtiWRAnHRUu5waNToeGD7nTwzQBumDq55WJOBk3XfKahufQQ2ETU5Mly%2F0YTWm6m%2FhfSD0qnWvoIHloPvF%2BL8sBFypocdC1Ug%2F7Hr3d9qfOWpFTdVzwblIkXZfrqLllMsc9bkw8UTIf9qeKZq64DMVHtjph43PKuGwx1ivf3aWM02RAjCiJ8AFFM6315%2BNgilzxJ1RIgSdNWCsN4LSJNEy8vvPUCNM927mek%3D%7Ctkp%3ABk9SR6Spz5yXZw
iPhone 11 Pro 256GB - Unlocked - Space Grey,,£100.00,+£2.94 delivery,25 Feb 2026,7,Pre-owned,https://www.ebay.co.uk/itm/147159777647?_skw=Iphone+11+pro&epid=5034225079&itmmeta=01KJWWKTJ2WRA67JEX4BFT2F2B&hash=item224368016f:g:81wAAeSwP8ZplZ5j&itmprp=enc%3AAQALAAAA8GfYFPkwiKCW4ZNSs2u11xD0DaM5rEqgCOwF0WIQMIygkAL925tr4fIOV4INMt7bOz3J8hYCQvRqXSZEUa1UugV%2FbgfSfnVnumcw%2FjlztSzYyo0h37SV1z2efqNkCrASHlNmsm84VXs52%2Frkkn%2F1SutFD4xU4NFE%2BwIQ%2BUwfTYKqcHlwiUUD8OuIgXzo8te7tBc5V2ferb5Oxp71BBb%2FWLL9notOo43u6nRI8c5e6%2F2zrPblBuWuwjsqPglCf%2Be3LnsPFb8Af4Z0G1PZJGNahY%2ByFnOuuyKVoGhAZobUTCfoxzMsWcxbj0CxrBKBeHd1eg%3D%3D%7Ctkp%3ABk9SR6Spz5yXZw
Apple iPhone 11 Pro Max 64GB Unlocked,,£119.67,delivery in 2-3 days,25 Feb 2026,7,Pre-owned,https://www.ebay.co.uk/itm/336440658449?_skw=Iphone+11+pro&epid=5034224996&itmmeta=01KJWWKTJ2V1QRNRJP7ETGY2AD&hash=item4e556d0a11:g:zbEAAeSwKf9plZPv&itmprp=enc%3AAQALAAAA0GfYFPkwiKCW4ZNSs2u11xBNB%2Fj5jTEeCkyht5UrH7nZ5G%2BuezBR69BZpUxgzeE8KSmKobONxNZ5n44NBQ5ZYiwSHXwDXEo%2Bq4Xeopv7gzmyXh9W8ixRqSxnmwMakIAW45ia508WCMtD9xtpo3LSgwyK%2F2Jcno9NOd%2FLzXljmaun2Hgm6DU6X623fvAxmIl7krI4zTUnTnOp3pq7yfL73QsSf%2BuPHkCBdFLd62qm8OWMm%2BUoVkEYnz7xvX6UG%2BJ2bdOOYrAOHj9PVqtnJUFA%2BGs%3D%7Ctkp%3ABk9SR6Spz5yXZw
Magsafe With Lens Case For iphone 17 Pro Max 16E 16 Pro 15 14 13 12 11 SE 2022,,£8.99,Free delivery,25 Feb 2026,7,Brand new,https://www.ebay.co.uk/itm/286195046874?_skw=Iphone+11+pro&itmmeta=01KJWWKTJ22CJQRK02Y0X3GJC0&hash=item42a28dd9da:g:iP8AAOSw5XVnTdDp&itmprp=enc%3AAQALAAAA8GfYFPkwiKCW4ZNSs2u11xC4NnBPrMeosFFKJfSwKKEauFoDC6gPrJi4Es7N%2Fz%2BlEwVFu7gw8roAKHBV0CcvLBU0NW8I1Lk8WvrfMpx2UrBkwnoohLgTJjzXqFR1Kf6xf2RqzoplXZXAnaDyxPXhjMiOBMrI7RCbObIWvT2XAwGXDBT4X2oFz7NEdCFPYNAaQjCMotmupixq%2B1JF4L9qWA%2Bn6zC4J%2B2S3%2Be2xpnuAh%2FtIhmkyeSuJ0ktIqwtf3TODMfMl5i1ZOHXFYbKzUcyecCAmkYQ%2BCusew6hKWz%2BSuLNfbYKQZ1B6bKOY4kOCkHWyw%3D%3D%7Ctkp%3ABk9SR6Spz5yXZw
iPhone 11 Pro Max 64GB Space Grey - PARTS ONLY,,£66.08,delivery in 2-3 days,25 Feb 2026,7,Parts only,https://www.ebay.co.uk/itm/306784371828?_skw=Iphone+11+pro&epid=26034221360&itmmeta=01KJWWKTJ2SSQ2PAW756DGAYJ4&hash=item476dc60474:g:u-8AAeSwN2tpmsda&itmprp=enc%3AAQALAAAA0GfYFPkwiKCW4ZNSs2u11xCQdnqWsKFSqfNgzV0lQr342NeoK7204Ffdnin5d3zeTJy09z%2B3giuoNSUTL36Y726oX8Jj90%2BZToe86HyuseNz4Y1LQfdgEf56zZpepYUSRyW5%2BZICGXQn4I30LL2dwrKjFkKmEMQE2bVmtxI2Zx4MDYKBd6trz0MZwYXs%2BYZ5wkz1akOT1w1SM8KBOv2NYZD90SCmRhSWveHDcRqqiLLVSuZV4NHnRSEY16LZ3M6vitUvP57eAFYEBXh1s1b%2FR3I%3D%7Ctkp%3ABk9SR6Spz5yXZw
Upper iPhone 11pro 256gig Rose Gold Unlocked Excellent Condition,,£135.90,delivery in 2-3 days,25 Feb 2026,7,Pre-owned,https://www.ebay.co.uk/itm/297952448081?_skw=Iphone+11+pro&epid=2305260666&itmmeta=01KJWWKTJ2QC5YK104TNCGDGPP&hash=item455f598e51:g:xboAAeSwAK5pb8i6&itmprp=enc%3AAQALAAAA8GfYFPkwiKCW4ZNSs2u11xDjoGieGIgmua%2F9r7Z0%2BAdFI--bQ8xmwQd8vnocB6emwxb5Pc%2BPLhUpiRBbeqYXexPM%2BixREOot%2FNRDKztGeMGASKe0ZHUuWbkWNcY3uiCQHykEAGHW3U1k6OK5cd7C849EQqTnFtfhG6QDRnGnbHIUdnJ%2B%2BdqsWxFxtDtIEIZxNYAv6miWi2DEa8ElaNS03T5o%2FpeLEwed%2BwpfXNeoTF8KioN8j9%2FDJUSMjGzVCe9PXcU1uEgDjmiqU2bE1ybT3Xomox1XW1GS3VABflFYHBrgIoiEWCD3bYwWGlnDjSTkqA%3D%3D%7Ctkp%3ABk9SR6apz5yXZw
iPhone 11 Pro,,£156.70,delivery in 2-3 days,25 Feb 2026,7,Pre-owned,https://www.ebay.co.uk/itm/389608145891?_skw=Iphone+11+pro&epid=7034272009&itmmeta=01KJWWKTJ201G944VZ25FVMZKP&hash=item5ab67483e3:g:TokAAeSwl4xpjKSk&itmprp=enc%3AAQALAAAA8GfYFPkwiKCW4ZNSs2u11xB8CWlQBbN6gXX0HtHIewzw0cxvuyLyMFPBQEJlgg93weMAntkYURvZl5AGOHqSnpP7LIvEVhybg19kYFO5mOHLxgjUKHJrNfZzxCrPru%2FS%2B%2FXpW2p9n1pn7howvtyMKqEc2KHdsDiWquL1HkBu2alEmtrWoXU1LPO%2BydE6dk6uwXCaSFbrE2And4JTtyH%2FXXyrAVpuRKB%2Bw2SoZXgOSWWXp2KsGyJxGncUuSMebEC8x9H8NQNQu5K9sPNkGgV5Gm7oHEhMKWvQZy1ShYQ98DYiiV5WwrlBb2CuBJSWAjEJRA%3D%3D%7Ctkp%3ABk9SR6apz5yXZw
Case For iPhone 16 ProMax 15 14 Plus 13 12 Mini Shockproof Full Protective Cover,,£3.12,Free delivery,25 Feb 2026,7,Brand new,https://www.ebay.co.uk/itm/115728454508?_skw=Iphone+11+pro&itmmeta=01KJWWKTJ2CQEAT9XF41QNAJ1Q&hash=item1af1f4136c:g:5rYAAOSw-cxldkbA&itmprp=enc%3AAQALAAAA0GfYFPkwiKCW4ZNSs2u11xB0akHwhRxgHDVqxMPSHDAvV1sk2GYt4xVRDisv9H8IM9czCAHlFsTOKpPpBtnm0B%2B1cBWIVtZMm4A3FaRMQwrj3u%2BJ8Czo1GhXHQfDw5stRy0G8gKenqZ5Ml8V9S3p8mR1i4aWfmU9OIWLOzY06k0N32dSmcAVkJboIpUdBTMuT3rKuuTPndK4f4JYZGsERDTBBdYYvSmyGCnWxZtjmC3jNfvK7ni0ftlurETEvpeqEinj5%2F3Mwoi6z9QWVI9c%2Bhc%3D%7Ctkp%3ABk9SR6apz5yXZw
Gorilla Shock Guard Bumper Case For iPhone 17 Pro Max 16 15 14 13 12 11 7 8,,£6.95,Free delivery,25 Feb 2026,7,Brand new,https://www.ebay.co.uk/itm/277659260883?_skw=Iphone+11+pro&itmmeta=01KJWWKTJ2W2WPB5QZN06GF67J&hash=item40a5c817d3:g:jGMAAeSwAZFpbljr&itmprp=enc%3AAQALAAAA0GfYFPkwiKCW4ZNSs2u11xAIbOhHGy%2B9jEHkhB%2FjmAEpepezujYPeAjOlr3cEbiMD0LwqLKos%2BU8O3HUg4PGsmN1krNU3ceE35J0fGVGyMs%2FbwqM1IH74pV27UTr8zAB5ltjYLCRyWNM6qZI0gWiyWRx6DV9dBBYQsHhL5i8hA37kjWJMjnqFJsujhIA8jOwr4tDII8rUi6AX6sHjRCw1hc9zWLgMdGuJGygA57LWz%2Bes460R5%2B4EiIFkNhXx%2BL8eBVo%2F%2BnltOEjozD4oEDy7Wc%3D%7Ctkp%3ABk9SR6apz5yXZw
Apple iPhone 11 Pro - 64GB - Midnight Green (Unlocked) A2215 (CDMA + GSM),,£102.95,+£2.94 delivery,24 Feb 2026,8,Pre-owned,https://www.ebay.co.uk/itm/397611903313?_skw=Iphone+11+pro&epid=11034210273&itmmeta=01KJWWKTJ27AZQ7RGKZ88K9539&hash=item5c93842951:g:CNsAAeSwjddpglJX&itmprp=enc%3AAQALAAAA8GfYFPkwiKCW4ZNSs2u11xAjI3AD2iy1xKYAjCvippPmztNPmrJV489AKFDN%2BS80QE4f5oVGtS3OkGZrN1zL0LdzVK7erg6rqK%2FrCMQTAeWOP8wr2HJOGn2R45fK9vjVbpu%2BsmkfcauAbDvNqrthEydyMkLkTGOZaP1Hkas%2Ft87giiJvK432JCwh4BqVi2awMVA9jycr8cdP%2Fq9Tu32bXrA5dv%2F6j171B7vg4Paz9KkCX55FCFZ9YNNBVrEu9zNSzKl8RRMzDc6N3uGxLNTGdqZWrqM46KJuvA5d1HWX3BxnYIfFalOuUNpPnfgXIh1FTA%3D%3D%7Ctkp%3ABk9SR6apz5yXZw
Apple iPhone 11 Pro With New Battery - 64GB - Unlocked - Gold - Good Condition,,£164.99,Free delivery,24 Feb 2026,8,5% OFF CODE MAGPIEPHONE5 MAX £50 - 12 MONTHS WARRANTY,https://www.ebay.co.uk/itm/297663065295?_skw=Iphone+11+pro&epid=7041845769&itmmeta=01KJWWKTJ266AGKQC80R0QHB37&hash=item454e19eccf:g:0FYAAeSw6WFo46R3&itmprp=enc%3AAQALAAAA0GfYFPkwiKCW4ZNSs2u11xDS%2FcHzd35io%2BxhSq67%2FTxxR7x6%2FL2VH7DVHHr8zpDkr6f%2FpbIVl%2BsjpfOqeZ9MET4TwMdaO6076dtmA46hyhh59RHq9HxPn1H9JnKjK4FqBxtIQRUn8399ytvmXpJKvo3ZS9VfV26g48DTF%2B9oEGraZRQM8tFiPPlAZDoXBJEA493xuNp7a0j8Sk4o%2FUZ%2BYXMDiPT17KuCsCmnNB3yXvOurH9IseDnasp%2FGOBF1VvclcEgLHPTkgC56x6m6QW2bdk%3D%7Ctkp%3ABk9SR6apz5yXZw
Apple iPhone 11 Pro Very Good Condition All Sizes and Colours - Unlocked,,£139.00,Free delivery,24 Feb 2026,8,Pre-owned,https://www.ebay.co.uk/itm/144443656684?_skw=Iphone+11+pro&epid=26034221360&itmmeta=01KJWWKTJ2HKBWZ5XQTWECBC1E&hash=item21a18349ec:g:deIAAOSwjPJmDRFs&itmprp=enc%3AAQALAAAA8GfYFPkwiKCW4ZNSs2u11xCwHmHxqroCBClBAoQ1mX37YA%2BTbUfmFcFTEzg3ajUD7kTmmaFRsUEEjO99JaqrU3Ajaai99QrctCnRn0y24gbIB8EwDFgHXwYFSNNLgEZG5RxfJJJUS40ShngSMB5qrgHpocbtC1VQsISliDFsFF4sFXuBWoZlakSp6%2BwLR6crC5EjwDVYV7g9AKpcwt1HgrtTPQ6WELefVEnz2QZdRp%2BbVtKKbCaF0wuwk91PHN0yi6CRldWRT1VPixFlEvyBN1wzk%2BMVmgUkbhJnSskWJjOYZ2%2B4DSbqgB311%2BQKTK7i0g%3D%3D%7Ctkp%3ABk9SR6apz5yXZw
"Apple iPhone 11 Pro - 64GB, 256GB, 512GB Smartphone All Colours - Good",,£149.99,Free delivery,24 Feb 2026,8,FREE ACCESSORIES ✅12 MONTHS WARRANTY✅BEST PRICE,https://www.ebay.co.uk/itm/334534132130?_skw=Iphone+11+pro&epid=13034214373&itmmeta=01KJWWKTJ23YDGBWPGHXV6F160&hash=item4de3c9c1a2:g:cwUAAOSwEhViMHo4&itmprp=enc%3AAQALAAAA8GfYFPkwiKCW4ZNSs2u11xA10S92tKF%2BK%2FH0i8w9pBvET%2FYOH6TDqfBWCVIdwj%2FYFRg%2FmXBvhTtP3HmO17bxk8xSBlGg0tByKyKCbG3jbs811NWipPiFnSS6idKDUOtYMr7PFsxEIDi%2FIO4dPyaRGJZFRdXIl6iMVt5lrdb0jAKdOM4KQxCwcA%2F5lu6UWtNcjXG%2FhkjIbUG63SlfZO3gOFkUh%2BsrCQkZiWoh6XtajDD6ilSmhDFoMxIoF3JWxtiyCA3kXOuQq6jhX%2BVTQ8bUS%2B5GM5XH%2BSNxtYCxaL7DVmp2wNdHsDmBQ3uHtuBeX0QEXg%3D%3D%7Ctkp%3ABk9SR6apz5yXZw
"Apple iPhone 11 Pro Max 64GB Midnight Green Unlocked - 100% Battery - Very Good,",,£193.99,Free delivery,24 Feb 2026,8,Trusted UK Seller with over 340k Positive Feedback,https://www.ebay.co.uk/itm/365703939886?_skw=Iphone+11+pro&epid=20056038880&itmmeta=01KJWWKTJ26KW0FSCT6T697MZA&hash=item5525a7472e:g:4DUAAeSwIchpcNcx&itmprp=enc%3AAQALAAAA8GfYFPkwiKCW4ZNSs2u11xDmcEPWCPhLMmB9z0yn5BFowgfT%2FOHycLxCdbQwmYSrNj5LFFpOgDAxuVBedzyHYaAPyQrvxZagKcbLZY8MYHm320Ju73nZDrtFeLC1THi%2BdXwRcJe%2FAXuWbC%2FApXH1UILr9s7U%2FN1FcikWkCcgaz%2F7ZyI4M2UYYRIfoqAOTfGDivwOkZc%2Bmt%2FbtGEZqd82GrqvB5kta3JxMc8OSJRhEPR7rC7zqFsuy8gUdG%2F1ZdYC8XAYJ94NEeXAJDqSGyq22CFrYjz1QejcPVeBSNdqYaJ0mwlkGtTQU4qMf5xg2qWR5g%3D%3D%7Ctkp%3ABk9SR6apz5yXZw
iPhone 11 Pro Max 256GB Gold. Unlocked,,£152.00,delivery in 2-3 days,24 Feb 2026,8,Pre-owned,https://www.ebay.co.uk/itm/227223995032?_skw=Iphone+11+pro&epid=3041600455&itmmeta=01KJWWKTJ21EMPA73HTQ7VGD0P&hash=item34e79b0298:g:104AAeSw45BpdSBC&itmprp=enc%3AAQALAAAA0GfYFPkwiKCW4ZNSs2u11xCSiSWeKDbEWN%2FLxJYhpOvrTAIv72yiHRAGO6QEKrS6i1cSPJS34djQUhZO7D2LpSVorWgDOTZQIcptgJEoDax8rplauAo0fHuayiy2y4pgvgr591HrQdnDG4j8Hu%2BtnkbOTeXb46W6omWH9H1CdYuIMAxz%2Bi1C8vJBWHtFRftuePxgLe6RQr2w1YpWVGKWEakleN2JUf9Qn2CR%2FYhb%2BUKpo7AH4%2BQJOZu58a29V2CehpUiYPbjRIrpWC1GB9IPyKg%3D%7Ctkp%3ABk9SR6apz5yXZw
iPhone 11 Pro 512GB Space Grey Unlocked Smartphone - Great Condition - Boxed,,£229.50,+£3.94 delivery,24 Feb 2026,8,Pre-owned,https://www.ebay.co.uk/itm/198079045419?_skw=Iphone+11+pro&epid=12034199365&itmmeta=01KJWWKTJ2KPHMJYBQA8R7KRM7&hash=item2e1e6e5f2b:g:M1AAAeSwGL5pg2hu&itmprp=enc%3AAQALAAAA0GfYFPkwiKCW4ZNSs2u11xBTf7n%2FU1IHGwu5FxV5d7ocNNJ%2FPLUbrDqXIPgQASmd%2FbZrH9giB%2FJjkryDp2h6OrZIFQQpR2%2FfcVMAtvU8VZCUrJgDoC52NL6mrhbyYmLOz6%2BCNJhkE2tWMYmHKPjZcd1e6U7NSkyeTDlM2Y%2BIaRy%2BH%2Bwph2gRB%2FOYaKtqzNSdSItyaeAfoIRmjPMN3gPmrXoi%2BZkaR9PJJ5fP3xdfY2ReVlKSJIEcIED4vpU5KKKO73GW%2BRop3%2BP28FDMrvuQ8qs%3D%7Ctkp%3ABk9SR6apz5yXZw
iPhone 11 Pro,,£80.00,+£5.50 delivery,24 Feb 2026,8,Pre-owned,https://www.ebay.co.uk/itm/147170679718?_skw=Iphone+11+pro&epid=8034218244&itmmeta=01KJWWKTJ2G7JF7SG3PGB77WP5&hash=item22440e5ba6:g:rWQAAeSwfOlpmgx4&itmprp=enc%3AAQALAAAA0GfYFPkwiKCW4ZNSs2u11xBh%2FsLvNDY0LZ6ZVr%2F8ro3LWt2u2i%2BuF1tJmIiR161yPKSj0vD5Mgx0Up%2BJeArrmPbNLWgDjxdpK8NH%2Bg1BbSb9YG5M8Bv6v8TdhRfAvxZ7r33Z5ruarIcj8znoklqZc2y5Ej5ng1VsQjpfd0HKM1IR5RTTF%2BwWNBwMYSoQ%2B3LxlAi%2FsJSVMUd1F74DHc1O%2BCdVLxuiT3SERIkdhNWvpMeOjTj8FX5mdRwVZsG5VEvtmdz5Hw%2FWJ2cuvRdK85oheVM%3D%7Ctkp%3ABk9SR6apz5yXZw
iPhone 11 Pro Max 64GB Unlocked Smartphone Green Midnight,,£120.64,+£3.42 delivery,24 Feb 2026,8,Pre-owned,https://www.ebay.co.uk/itm/198132843731?_skw=Iphone+11+pro&epid=5034224996&itmmeta=01KJWWKTJ3FTFK4Q71ZFDFY6SG&hash=item2e21a344d3:g:LIQAAeSwogJpnct6&itmprp=enc%3AAQALAAAA0GfYFPkwiKCW4ZNSs2u11xBy0k%2FpFy5VF28bcmCHvXepNh1lS3I%2FJL8uKtWJiUEydIJzffIfoYeXkLNO5k%2FOrdLR1eMyC1atBq7I7ormNu3sPvm2J%2Fs3mVZiH6VA%2Bv1NdkB6%2BP8Ubr6aom9qEF%2BHNYwtG6ez0VUorCcDwBxGByvhgYukeD%2FpAi0lKa1aECbC8d0FFZ1FXfpC5ZUaeH7wtRJ85pYNeXxs0ee2LNGx%2Bia8dAGrPt93xArIrRvKDH8hNg6nn0dMhg5PKDaRM3tp%2Fak%3D%7Ctkp%3ABk9SR6apz5yXZw
Apple iPhone 11 Pro Max - 256GB - Unlocked - Midnight Green- Excellent Condition,,£262.99,Free delivery,24 Feb 2026,8,5% OFF CODE MAGPIEPHONE5 MAX £50 - 12 MONTHS WARRANTY,https://www.ebay.co.uk/itm/298046560593?_skw=Iphone+11+pro&epid=14034578851&itmmeta=01KJWWKTJ3BKZZV2DVZPYT00YM&hash=item4564f59951:g:fmIAAeSwiqxplvmx&itmprp=enc%3AAQALAAAA8GfYFPkwiKCW4ZNSs2u11xDSE%2FS8bQuZ7UOVN%2FTTS0ThNMwO5WcKfjbx5bY4Z3pQrkhby1jCXl2tt687c%2FUQEk0kCYwrFaj3vbzthLfgHUcPHLp04u3%2BL5LLjjRACOjTBt1K6pZHWIsFu4vn%2FIg6yJ1VRlP5kZVyECuBTxnSwlREexdgw3%2Bi2NY1g4b%2FXmFh3%2BJAIMfo6iwO7TSayDAQxrewls7aFAlDcsUGgdWq8lc%2FcHPKav2DWAGURE97tld05cEToqKSDTUaBrn5a0n3SXrJp2rKnfpyCPwK7AFFsFCg7ZH4Q%2B1BOUHN9G40n7610A%3D%3D%7Ctkp%3ABk9SR6apz5yXZw
"Apple iPhone 11 Pro Max 64GB, Unlocked, Space Grey",,£81.00,delivery in 2-3 days,24 Feb 2026,8,Pre-owned,https://www.ebay.co.uk/itm/198116692828?_skw=Iphone+11+pro&epid=26034221360&itmmeta=01KJWWKTJ3G2M5QHPG0KFQK20G&hash=item2e20acd35c:g:83gAAeSwcJ5plLfe&itmprp=enc%3AAQALAAAA8GfYFPkwiKCW4ZNSs2u11xAAuZ8xHYP5NWmqLGB%2Bg5qrx9pt22JYyHwIjWzau6VecloFWB2FxXSM2mYiLBVjVBUrVVoT8p34wyVFxA0vDhWpxg9N98VI4cIJagXCKDdF2h3%2FWbAy%2Fn%2B5FIPZzNXcJFVLWPJ6NoWuPDmfC5FXfvyxuu2xFBuFjjh%2BobS1169vbQfCTkGkd8ZBsV9VyabKMTBGmNE9ge24dYTV%2Fwe%2FfoIDRtlRrt8CgJGRnVMXMbMbQV6LOxR3NVynykQfCNUOI%2B4IuqNW1tNMLMFmaXuaS2b80quZBoZ1QQq%2FkVe6iKLoOw%3D%3D%7Ctkp%3ABk9SR6apz5yXZw
iPhone 11 Pro Max Unlocked 256gb,,£200.38,delivery in 2-3 days,24 Feb 2026,8,Pre-owned,https://www.ebay.co.uk/itm/327016918244?_skw=Iphone+11+pro&epid=14034212889&itmmeta=01KJWWKTJ3VG31RT1V9WXD36DM&hash=item4c23ba2ce4:g:MdgAAeSwv~RpmvpV&itmprp=enc%3AAQALAAAA8GfYFPkwiKCW4ZNSs2u11xDhB6Q7ay7BPWY4v02Kmy6VOHPtF6Q%2F2STRL%2FHCb8EqjBztVD7YgQJlmet66HYAq8wy1cCVG7oZ47uZTsSSTStCfW%2F6vx4n5OBLPYtEA1EPl4as4UzVleiQLzrTUr62y7uAP6mQZ68qhloynwT2JyV4NChv7gw3Vtf1reTn6jkTH7pEZr35pESdbfUaySTloNQqdZYIm5RBT%2B88R6EShCoGkeJl09NbEC4deCI9AZyszZa6XesTlxs5rKIhsA5Rul14rqShO3OBrc2W%2BdBfmux0R2hMBJmcR2mXdx10D4m6Dg%3D%3D%7Ctkp%3ABk9SR6ipz5yXZw
Apple iPhone 11 / 11 Pro / 11 Pro Max 64GB 128GB Unlocked EXCELLENT CONDITION A+,,£164.99,Free delivery,24 Feb 2026,8,✅ 12 MONTHS WARRANTY ✅NEXT DAY ✅UK SELLER ✅PERFECT GIFT,https://www.ebay.co.uk/itm/395978229956?_skw=Iphone+11+pro&itmmeta=01KJWWKTJ3VPV7XBWVTMH0RJY8&hash=item5c322448c4:g:3p0AAOSw27dnUeEe&itmprp=enc%3AAQALAAAA0GfYFPkwiKCW4ZNSs2u11xCoMmVBlshkKUpOMhY3UMt2hCaHeWMHF65oxuONFgUxKIowDoRy35EvFCl%2FkCB4QhcVRCP3W1ZtcQVvPx3F8vVmZTxBxHVPtsaZXKjOWvqhVMfTrQCKmzasVRKez2lvup1pFbjH5UCTTgujerb4Pk1f0j5X%2Bbn6GVNIqOn0fjmAKMssArKkMmvR602r8BWSr%2BmHZkws4xePnJXApQU7snFYNIrJ3Sw9KpJ%2F7V%2BsSv0E96dhXYdYgUUnEApeMVsZYLo%3D%7Ctkp%3ABk9SR6ipz5yXZw
Apple iPhone 11 Pro. Unlocked. Silver. 64gb.,,£104.70,,24 Feb 2026,8,Pre-owned,https://www.ebay.co.uk/itm/188091633087?_skw=Iphone+11+pro&epid=4034210697&itmmeta=01KJWWKTJ3QJ48H78X2PFHTYA7&hash=item2bcb228dbf:g:ElwAAeSwNgBplIzx&itmprp=enc%3AAQALAAAA8GfYFPkwiKCW4ZNSs2u11xCih0%2B2HgMOWVst51%2FS68t3jbO%2F0eUYpMIts5UQ0SOfOFPhRIyaTkfu4pFqL11NwVwFk6oDX63BPCvOnMOBXyQ1Cm9msxgmp%2BC2vmp%2FEUJ36pmGYK2Q7XzayAOnqp4kudMSdXcULgO4KtxGE4LYJNkMdzng488YdnWfKkhgplbzn0l70wOlfJn62B%2Fp4e7dd9V10ihqnQunwFYQ5FjoPBISOO3ZqpxZBGbgV44zJEN8mH6%2F67H4F1NdCGacLpdEmfp8k3vAHt9AN9NWRlecxmkdh7CaFtxYCEiUneHVOOicUA%3D%3D%7Ctkp%3ABk9SR6ipz5yXZw
Case for iPhone 15 14 13 11 12 Pro Max Mini 7 8 XR Clear Shockproof Phone Cover,,£6.99,Free delivery,24 Feb 2026,8,Brand new,https://www.ebay.co.uk/itm/395997390447?_skw=Iphone+11+pro&itmmeta=01KJWWKTJ38C3XATCVQ134V41Z&hash=item5c3348a66f:g:TXQAAOSwJxJnWcgR&itmprp=enc%3AAQALAAAA0GfYFPkwiKCW4ZNSs2u11xBOlVhHh2eC325XCjbzsIE2%2FImXhgje8Z4VzdBgbETiZyUJIEMn4Y5EuUF66kuXYAg8gYZUlOVDtJw%2BfCkjkhK14hOfOZLGqAbEaEcfpLm6u41MOxVmpOMoYqybSFMQWGjphCaTdJ4R%2FUFvtZ4C4ynwhz3Ju5Hnsi3RDd2jo7zWmHDjy8LmZHDnCERrUHpTo6HBSmvAv7tWf2wDN1IRaMKh8Vx9QJrRqLJ05lhUz5ve6nJPGQxkhPS9LGb8rvGEdcE%3D%7Ctkp%3ABk9SR6ipz5yXZw
Apple iPhone 11 Pro. Unlocked. Silver. 64gb.,,£106.08,+£3.42 delivery,24 Feb 2026,8,Pre-owned,https://www.ebay.co.uk/itm/188068300309?_skw=Iphone+11+pro&epid=4034210697&itmmeta=01KJWWKTJ3TF0YX7W5RB64Z20F&hash=item2bc9be8615:g:ElwAAeSwNgBplIzx&itmprp=enc%3AAQALAAAA8GfYFPkwiKCW4ZNSs2u11xB3K8Hq87n8O79KT3be6ZyCp5N6FRn2Qiyvx%2BggCMbBltJsWFDwsBAogcnGJCli1WuSNBgvEWEJTqpJheKD9G7er7KNV5HjbYJ3eMVJ8eVu5duEgPExv32PnwYIB8CdPP4KGAZuz4ionmjjKn0xnISkePKDDePU4j7SRzSMWF1SNaSxz7f2EcDIjzN8P27FKFsJGCweQ5jB9lb9T9N65TCJ%2BVpYEC0StGTHj1%2FEgFOUmNHvf4smjwj0KofqGjfS%2BNDYjSCpqe9PcG0fV36sMtOHQLT9GQYa38bJgvwS5fpjrw%3D%3D%7Ctkp%3ABk9SR6ipz5yXZw
Apple iPhone 11 Pro 64GB 256GB 512GB Unlocked All Colours - UK Phones - GOOD B+,,£138.56,Free delivery,24 Feb 2026,8,Good - Refurbished,https://www.ebay.co.uk/itm/403094038856?_skw=Iphone+11+pro&epid=8034218244&itmmeta=01KJWWKTJ33PYRSG1AK25VH560&hash=item5dda46e948:g:JGIAAOSwJN5hQRQT&itmprp=enc%3AAQALAAAA0GfYFPkwiKCW4ZNSs2u11xDF1y2drDMY7n0OabMz9pl665MnyPa3DEFerqpYqISp3sT%2Bzej5QAhZI0NhYQxKAjmORq7I34Mu4EV%2BgIHr6UfZ1riOOoSxKeRiwXgI%2Bb4aUK5KySwbhjy8wt38YH2%2FNpNyrudAYCLBU3OZoEF%2Bz5mLDDWCgZu4PgUHpqX%2BwZClpcUuH4b%2FaLf285rfj3Oyse4oQFTECx7lyyHb7nFPDt%2Bxk8WaulMlKyVJf5gSkqVgvBorKpZuPxKFmdcdi7Me1KA%3D%7Ctkp%3ABk9SR6ipz5yXZw
"Camera Lens For iPhone 15,13,14,12 11 Pro Plus MAX Case Protector Glass Cover",,£3.49,Free delivery,24 Feb 2026,8,Brand new,https://www.ebay.co.uk/itm/166376695794?_skw=Iphone+11+pro&itmmeta=01KJWWKTJ399MFZHKYB0PZ17DV&hash=item26bcd2e7f2:g:WRYAAOSwvGZlKVHK&itmprp=enc%3AAQALAAAA0GfYFPkwiKCW4ZNSs2u11xD22ZKVeJuD0inQKI31sqcOS55bdBmhq29iju%2BeMJmW22rTnJqgMdnT7vHYv9OGsFe062NLO5o1QhHB%2FBsUdmzd9KmpDZATRx6jpmfYdcp%2F4ktXq2eVg4s%2FCxigq9eAFxwXgP8OCza8%2FEbC9%2BnMqAeausfxPjyveQI3DcKlvaVX3qiI%2F2nV22W6J%2BOSuI6bNkHFf1pFAZ4C4oF4HvS8ETGWATX03K%2B84v0WKt1WfB%2F7NGxoUmLXrncCFLtb4UVqA80%3D%7Ctkp%3ABk9SR6ipz5yXZw
Apple iPhone 11 Pro MAX 256GB Unlocked - SILVER - Excellent A+++ Condition,,£179.99,Free delivery,24 Feb 2026,8,Pre-owned,https://www.ebay.co.uk/itm/406349454721?_skw=Iphone+11+pro&epid=15034218412&itmmeta=01KJWWKTJ3KG7TZ821HP3QAB5V&hash=item5e9c509d81:g:EzcAAOSwtBRnSRtk&itmprp=enc%3AAQALAAAA8GfYFPkwiKCW4ZNSs2u11xBtqX8GQZ%2FwKqjY610NiQfSYRH0a0cw5aeF1s0fkPdp50tpwqeUrDOQ71BQsCoV3VQf1ZIElayyhtFPLFN%2F7ug3ryrusKuDpTdEZgSN82MvCU4sN%2BQEvrYZZYo8jJRybcZnFeK%2FQfiJ9B5lmd1s2v9ALKyB5E3fH8WKvXdOD90Dt3kpnsO%2FiIDLJuSy4I3fewAiZrxLADfNyGo9au6VYkbyaWAefBtJkhJuw7Dy3tTLsqIDmevCshxb21jxIig9FZ4bGHZsFnkGSJAOanLJ8Pqeg2nD%2F9aQsYnH51elcQa9wg%3D%3D%7Ctkp%3ABk9SR6ipz5yXZw
iPhone 11 Pro Max 256GB Unlocked Smartphone Midnight Green,,£129.99,delivery in 2-3 days,24 Feb 2026,8,Pre-owned,https://www.ebay.co.uk/itm/358200937391?_skw=Iphone+11+pro&epid=27034209624&itmmeta=01KJWWKTJ33DS3DT0A0YHM8X10&hash=item5366708baf:g:w5gAAeSwAfRpiLgp&itmprp=enc%3AAQALAAAA0GfYFPkwiKCW4ZNSs2u11xBFuy79RVwKsDg7ICsjVWRWhS8wUU0EEpr7lAD5g7cW57z1HPFS0GAzQqwGOdeoyyzQXRdUoZD0pzrJAtw13mLnOcg4PkTOVsmCOHfq%2FwiAPyOvK3KJL4drcAD1CBUCLupP9bmL7fhkO4SaJhprW9lU%2Bz8PKOcQlEf5C3s%2BenqwGv7M0NDpvqu%2FDRcZdytCPzGgUtx41WS4%2B2H9J5AlO%2FvwjeTjSY%2BXJKKfjkvaTGTplnVN8EaV%2BbIo9%2Fi4H0LVBGM%3D%7Ctkp%3ABk9SR6ipz5yXZw
Apple iPhone 11 Pro - 64GB - Midnight Green (Unlocked),,£104.70,+£2.94 delivery,24 Feb 2026,8,Pre-owned,https://www.ebay.co.uk/itm/336445492147?_skw=Iphone+11+pro&epid=11034210273&itmmeta=01KJWWKTJ3TR561NTXD74MF6M1&hash=item4e55b6cbb3:g:apUAAeSwU69pmZy9&itmprp=enc%3AAQALAAAA8GfYFPkwiKCW4ZNSs2u11xDpobjuHMnXA6cwOMvslf5RDMBliCGmJUFVvWELUBNyffr%2BWwhar60SLztGhfA1wXIRFWw7LHVUcLYQQ%2FFlurZkkxd4vm%2FXm6%2BDKW9E2E1LARpZUx8BZZ3zBTeDAD9YqPCQ5aoHZ6AGmEgJeecajUHpomgQSApMxR5hk2FzDM4KaVi5juIZOkGBas8LH3REBEowGjUV%2FKpUiw72h9z7%2B8p2N5ep9lMOwZaTPEl4AU%2FxzsgrxSMDu15qMHR1sXwFFeYDAaKyDmkHwg1ulN1IqRbTlQ81z2ytMEDPdxVGRVdr3w%3D%3D%7Ctkp%3ABk9SR6ipz5yXZw
"Apple iPhone 11 Pro Max 256GB Space Grey (Unlocked) Smartphone, Very Good",,£219.95,Free delivery,19 Aug 2025,197,Pre-owned,https://www.ebay.co.uk/itm/336031922946?_skw=Iphone+11+pro&epid=26034221360&itmmeta=01KJWWKTJ3AH21MF3NKFFYSGE1&hash=item4e3d103b02:g:B6gAAOSw0fxhqPQP&itmprp=enc%3AAQALAAAA8GfYFPkwiKCW4ZNSs2u11xAfLGM%2FIKOA0OugzAQJbbD%2FYPj5j7Z2EG5G999%2FjFPyz9221DEO9bWznk32PTUXuQYBmZZs9t3ax8Sdv8bugniy6A1M4r0s2J0otQQ19xFwHq1glGv7w3iCCY%2FU%2Fg23evb7NJAM9TjbCNGXnbMD3jX94wKcqJAfBJ7CbF%2F5VZyu7M945QPkuP5MTqZBLxQu0sjVl%2BbfiueNtUqkh%2B6JeKZnZIPGtMoJZS9Abth0GMv2x8IVzip%2BcJV%2FMmhuX9t3Qz0Z2l9bN87CZRZ35qdaF4a%2FTB7zpVkF1RLrKctA6Ap50g%3D%3D%7Ctkp%3ABk9SR6ipz5yXZw
Shop on eBay,,$20.00,,,,Brand New,https://ebay.com/itm/123456?itmmeta=012DEW30YG0MEEKND7NH&hash=item123546:g:acwAA9KNiJowH:sc:ShippingMethodStandard!95008!US!-1&itmprp=enc%3AbgepL1tlUHjMGCVfSTGJh%2BzsVKeJ3CQk7NizDI4BZeppuFnmyS6Ijyp8lh%2FnEw%2BWqO7uTV1Q6izE1R0T54aV8j71F4xlWfVcGft4%2FiOQhtqVXA1rW6M1atPARQRmhqUxtEPJKhKtSFgI%2Bvwlzb0GwVCtkp%3ABlBMUObkmabpYw
Shop on eBay,,$20.00,,,,Brand New,https://ebay.com/itm/123456?itmmeta=012DEW30YG0MEEKND7NH&hash=item123546:g:acwAA9KNiJowH:sc:ShippingMethodStandard!95008!US!-1&itmprp=enc%3AbgepL1tlUHjMGCVfSTGJh%2BzsVKeJ3CQk7NizDI4BZeppuFnmyS6Ijyp8lh%2FnEw%2BWqO7uTV1Q6izE1R0T54aV8j71F4xlWfVcGft4%2FiOQhtqVXA1rW6M1atPARQRmhqUxtEPJKhKtSFgI%2Bvwlzb0GwVCtkp%3ABlBMUObkmabpYw
Case For iPhone 17 Pro Max 15 12 14 13 16Pro Max 8 SE 16 Pro Silicone Shockproof,,£7.99,Free delivery,24 Feb 2026,8,Brand new,https://www.ebay.co.uk/itm/315997928270?_skw=Iphone+11+pro&itmmeta=01KJWWM0NKRFKB8KAY8K57H8MP&hash=item4992f1bb4e:g:90YAAOSwETdmxdA4&itmprp=enc%3AAQALAAAA0GfYFPkwiKCW4ZNSs2u11xDwM5tfHltzVxB42iGhTQqi%2Bz%2BIR5Mj0ByL7WjW5mLxAyZPxKHBgozpZZ7mYUOlnoIGRXCnvWQBKhX0Tss4PbhXm4YwzF8TRYvehza1xcDlLKFYk5%2By2cokg94BOG1wdYs4TPN0tr87SzcwdpKbV3iZwxXKEtCi%2BdH%2BEjGFt7VLhkpch7IoL0zAqg0EauYyI9mjhTJVnDMXOkea3R9r6bOWTgSSHxh77L5HoxpKiWWDE%2FYtG0XTHDNZdoDEmodGUP0%3D%7Ctkp%3ABk9SR4qL0JyXZw
"Apple iPhone 11 Pro 64GB, Space Grey, Unlocked",,£75.66,+£2.70 delivery,24 Feb 2026,8,Pre-owned,https://www.ebay.co.uk/itm/336442244635?_skw=Iphone+11+pro&epid=11034210273&itmmeta=01KJWWM0NKCHAK3H6BNMDDYQBH&hash=item4e55853e1b:g:lFIAAeSwgzRplvxV&itmprp=enc%3AAQALAAAA0GfYFPkwiKCW4ZNSs2u11xDOmoCJLIOWI%2BYlk82sjzcU%2By1RN%2FQkgl8j2qjdhMbRAcvOvMo30QEXdXYPiMcWl7xhsM8t06Iuddog3A8tC7UY5Lu2Wq8Xfe7wq4yP%2Bcixb4a19E20cNUGm7Om89zQ9UGcGKziQ9ZJt6a8RzQDL%2B9zO%2FjTWNp%2FqGy%2BXNazdmP7W18oyQgnM92nO1F98T48GC8OA2oBzDx9y86OwcjUE6gz3%2FRRX%2BteaaulfziBCLrBYC5Flw5%2F1OSn0IK5RWU5MVg%3D%7Ctkp%3ABk9SR4qL0JyXZw
"For iPhone 7,11,12,13 14 15 16Pro Bling Glitter Sparkly Back Cover Silicone Case",,£5.93,Free delivery,24 Feb 2026,8,Brand new,https://www.ebay.co.uk/itm/324595770357?_skw=Iphone+11+pro&itmmeta=01KJWWM0NKY9A5KEP8JR4SAQ8F&hash=item4b936a63f5:g:pS0AAOSw9qFdwNEl&itmprp=enc%3AAQALAAAA8GfYFPkwiKCW4ZNSs2u11xD7wtwOyrMdVbWs53oopPVXOxHoe6Xjx3b7eHm8IDFtawN2V0xo8lFcYn89gC5qQesvGGmiL%2FYpWnh8XzNFwqkNKmMFY28vmWwDWHoKHCGBQxmBg8RH2bklbxS5rhaS%2F8FW4yRi8WoEm8txE7khvyXnrtn%2FcWEyUo9xBkL9sH%2FWTZ%2Bi8futc3ZBCI0EZhxEq6yl2x9tuCUHXDEtI%2F8RfpvLMLnIgku7oZQTB9HyyXQPNDCE08ZmF92%2FD25aYeW3fw9rsvUIr67KPqb3H7ORyLgS%2BcG%2BAmYHPWzc25sjqLeDaQ%3D%3D%7Ctkp%3ABk9SR4qL0JyXZw
Apple iPhone 11 Pro Max 256GB Silver (FHS82889),,£99.99,Free delivery,24 Feb 2026,8,Parts only,https://www.ebay.co.uk/itm/188090643004?_skw=Iphone+11+pro&epid=26036167127&itmmeta=01KJWWM0NK3A71H1TNM2JSFVZ7&hash=item2bcb13723c:g:H-kAAeSw1eJpnYNr&itmprp=enc%3AAQALAAAA8GfYFPkwiKCW4ZNSs2u11xBgWlXj1IcXMIU9%2BVROZClrePTQuYQZCJswgCnH3KP1MwqONznSXaQ%2FxW%2FIyFPOxYzyUekYw%2FARRfViAYanGYOFn%2Fi42biWlMuFFtVzX2Y%2BpXdaImL98YsT20w%2FBNwHI%2BkMyJf5rV4J4yL1Q%2ByeqspHHKRMaWuxW9fuY%2B%2FereX4dcyRQgF9r7%2BNH6Fn4lIneR7uBfi2pLwXulXRKSAbnHW4K74UtmGOzVi7debqxDQn%2BuXovUeTrWBkrmP8%2FASOpc%2BesN3JOBaSe8XtYKog4ykszsEzhxPLr1AigUoWOxsvQA%3D%3D%7Ctkp%3ABk9SR4qL0JyXZw
APPLE iPhone 11 Pro Max 64GB VERY GOOD Condition Unlocked (NEXT DAY DELIVERY),,£160.00,Free delivery,24 Feb 2026,8,Pre-owned,https://www.ebay.co.uk/itm/376978979854?_skw=Iphone+11+pro&epid=13034989294&itmmeta=01KJWWM0NKSSW2NSW98335W38A&hash=item57c5b2bc0e:g:eJkAAeSwTThpmLAo&itmprp=enc%3AAQALAAAA0GfYFPkwiKCW4ZNSs2u11xCT0mJ8IWy2PPx6WxyIUnzRTN4DmMUIK%2Btftj%2FsUprtoAQ1bUgpmiAMotWb0l8%2FyaxgEWL3lnI52fQBPKh85c1pP9csFrLpGMEWxPeqog0IDrYamw%2FEJoRwH--oQoEBdq5ewfvVq8JvumF0zjaiNFzFUImY9d%2FQZIDZCXZ3cq5hBpmm%2BPRBz6yGKkhl97bDPuQ9JFalOTZomHWoU5987izo6wIZUwMA7skOAzkkE3YkiOm25W53c9aKbKwg2pVn1fM%3D%7Ctkp%3ABk9SR4qL0JyXZw
Apple iPhone 11 Pro Max 64GB Silver (Unlocked) Smartphone Very Good Condition,,£159.99,Free delivery,24 Feb 2026,8,Pre-owned,https://www.ebay.co.uk/itm/335911160052?_skw=Iphone+11+pro&epid=11034210143&itmmeta=01KJWWM0NKJX9WB5PZ36TNKH4R&hash=item4e35dd88f4:g:EtAAAOSwZpdgPmcM&itmprp=enc%3AAQALAAAA8GfYFPkwiKCW4ZNSs2u11xAJRdRo%2BwId3HRnBo1IR2QLsVwC1GmzM%2BjEV%2BtlhFpzPWPTof9r8MWRTADfTKjTfdKZhs%2Fu6LTc%2BAL1%2Bm7%2FPecBINb1SkKYYMuzpkF2H750fvsYFcQjS1iAmwFjbf6z7e7bFzhy8cil3c24vPHPg26pj1919oBlczy%2BH33gTvQrl%2Bkyd%2BVvZgwytpNg4WiiAuquUKXS5hWN6htvKqgQVABc7wmc%2FsUeu6R%2B5CeQjwkiRxRXMNX1TpYgxTpBlpkFr9%2BP63R7r33rxuDtemGN5pvY3BfzIDWRdYqeUb9iVJXslg%3D%3D%7Ctkp%3ABk9SR4qL0JyXZw
Privacy Tempered Glass Screen Protector For iPhone 15 16 Pro Max 13 14 11 XR 17,,£9.99,Free delivery,24 Feb 2026,8,Brand new,https://www.ebay.co.uk/itm/195653039844?_skw=Iphone+11+pro&itmmeta=01KJWWM0NKJXMZ3J2YX35VTBGX&hash=item2d8dd476e4:g:6XQAAeSw7PxpcAqv&itmprp=enc%3AAQALAAAA8GfYFPkwiKCW4ZNSs2u11xCy%2B1qdVKYso3DRi6Fxtpt61zGSyxowzWtBdEOBRdUmuSp0M5BZ8BGir9SRgnZg0F9yT9QKnkJWh2vTq%2FjpV3rL0vmeO4VbuvzGjAEpC1ThC%2F3gOOov3uIt8opf5kuHJLM3HzJcZpO5WMnDxH6b8Sr1Q1PMtNS2hs6ISfHynz04qegi3wh6Qo86F5wtyYAVGjeBTeFpVtQplkqJTiWDxKapXb1V8BDW%2FFUNa9IkEzLZPQ3bG1ogfici3XUHx338g2mH2OdrUV8CDoEPtI2TRZ%2FOklKccmEv%2FbYyi8mbUcc9wQ%3D%3D%7Ctkp%3ABk9SR4yL0JyXZw
Tempered Glass Screen Protector for iPhones 16 Pro XR 11 15 Pro Max 14 16e 17Pro,,£3.99,Free delivery,24 Feb 2026,8,Brand new,https://www.ebay.co.uk/itm/315752306530?_skw=Iphone+11+pro&itmmeta=01KJWWM0NKY68TFNC2T0NF2A6E&hash=item49844dd762:g:6A0AAOSwdd5mxcPX&itmprp=enc%3AAQALAAAA0GfYFPkwiKCW4ZNSs2u11xCU8vixfs%2B0qBDYhtDUs29OR1cTS--IPQSAjsngDwgrmlPQBB27uTzAXE86HWE8oprUHmFVWDX4EXf%2BKUOGT3RhbNBeeh9WRgG%2F54Ofgap8XVovLyXjTQjkpT6jdAPUffoVVWw3GftNaUbnjMsSuDmiOZ%2FLkKu1C8hEKLOL6B4mvCD%2FA9QruDutnJee2ZXAmPuSiKIhg%2B%2BUMcO1hWMSfX7OFFNWDy%2FGSuFzAMZE6m3Hw2KiWulZ6jg%2Bw%2B5s%2Bnfec2I%3D%7Ctkp%3ABk9SR4yL0JyXZw
APPLE iPhone 11 Pro Max 256GB VERY GOOD Condition Unlocked (NEXT DAY DELIVERY),,£174.96,Free delivery,23 Feb 2026,9,Pre-owned,https://www.ebay.co.uk/itm/376959761639?_skw=Iphone+11+pro&epid=24042009294&itmmeta=01KJWWM0NKT1XXA3MP6NMQGDRT&hash=item57c48d7ce7:g:FPUAAeSw~pNpjfak&itmprp=enc%3AAQALAAAA0GfYFPkwiKCW4ZNSs2u11xAQPfiemq%2BJz%2BjzwEak%2FzMwz3OmICNQ8cc8Nc8GhFHjTpxIUX3lBDfDEp6vn7PmRZKkeTJfinPfOGRlu2%2FFsPnBMMuHZJNoB%2BdcUtAhjwmH%2BFvX%2BlmEYCupSwtVEs9uE6HFwpU7ESyTrzWwHezykqYSdKQ11ZZuUScA6daN1j4jXV8t4zMW9zilCYUVST9HWs1LVBfsKi209ZxbAisG9HUhaZFmY%2FuGyh8O3ULmoKlG0JZ9DW7XkCujbs7lRiKf5ZI%3D%7Ctkp%3ABk9SR4yL0JyXZw
Apple iPhone 11 Pro Max - 256GB - Space Grey (Unlocked) A2218 (GSM),,£185.00,Free delivery,23 Feb 2026,9,Pre-owned,https://www.ebay.co.uk/itm/227227458481?_skw=Iphone+11+pro&epid=14034212889&itmmeta=01KJWWM0NM8DMYZSXVGW4RZ5FE&hash=item34e7cfdbb1:g:lHwAAeSwIWNpmvAa&itmprp=enc%3AAQALAAAA0GfYFPkwiKCW4ZNSs2u11xC91O19WsAsQO14WdsAoR41GaZ%2F8dPb2wh02DeIiQIhA%2FGK5L0Hno%2FCvV8QRBOgdbh5fomNv%2FjgDH%2BG0PwycckPwV3XUApDx6f%2FtHtPjL40KtPQHMJtbUvtbnVnyx1qLpeHHxcq%2FdSSMi7u9coH8rzKNrTm2NKjCOLfsnlVRaXoADAqhOekn4qcRQuAdAeh5imVZ9WyzP45N5k98CTM6PZDE7BP51qQHgFFiQX4PV%2BtFbufUxkPpnPjktFooMWTJjU%3D%7Ctkp%3ABk9SR4yL0JyXZw
Silicone Case For iPhone 11 12 13 Pro 14 15 16 17 Pro Max XR 7 17 SE Lens Cover,,£3.99,Free delivery,23 Feb 2026,9,Brand new,https://www.ebay.co.uk/itm/324595770341?_skw=Iphone+11+pro&itmmeta=01KJWWM0NMCBD80EQ845452YFY&hash=item4b936a63e5:g:bbEAAOSwh2NjWyJj&itmprp=enc%3AAQALAAAA0GfYFPkwiKCW4ZNSs2u11xBe37IGqfcJcQAN%2BEgtn18FldEiF6s8cZwSd8BYExcTfX9ZmENUIDpcAU7aTPhIcwieLMSdGwd1M3DEswiJZrZnAYBJblDSAO6IhMLfK3ZSHaPeQPtWrr6nCtFhyuwtfLaqj5belnAN%2BFcInzJuE1boP6REZ%2BlZSMybuR2m89t98C5EPuILzc%2BxgPJPvlLd2DWZDHJffX1nELTOS1cSFqWDCj7hsMgpNzH%2FEtWtJFsjhi7FqmLAkGedFqDS2EqoN1o%3D%7Ctkp%3ABk9SR4yL0JyXZw
Screen Protector Glass for iPhone 17 16 Pro Max 17 Pro 16e 15 14 13 12 Pro X SE3,,£4.99,Free delivery,23 Feb 2026,9,Brand new,https://www.ebay.co.uk/itm/395919100921?_skw=Iphone+11+pro&itmmeta=01KJWWM0NMV6CRADV8HMHTM1H3&hash=item5c2e9e0bf9:g:S-AAAOSwBzJnPRhq&itmprp=enc%3AAQALAAAA8GfYFPkwiKCW4ZNSs2u11xD5wSc1A2thQuv0wn7V4%2FzCKV1EgNXRCUmDc9SS9opygLYAep0t3QPHlOonqvVJEp40vg0WPjjatTcATHQDWAKTjhS4KMMpjU45hdMmU033HXcOhbr3BYWxuPW8b9r%2FBywuM5YB0JSlTB%2FvEOPQ77S4tEsD1C6Ip5NVuvhsJGYC7MjdB0AYvCcD7BsLE6rP4PfntEbtnS7UGgcWAjwZW1OfneotU0oV3BLNmztteNClNjV2wTqcNaFT2bUiYB6%2FOWgnIjCXBE3vjTcGw55qDlyLl56NxIee%2BDVsaNPeMe012A%3D%3D%7Ctkp%3ABk9SR4yL0JyXZw
iPhone 11 Pro Max 256GB Unlocked Green new battery,,£147.08,delivery in 2-3 days,23 Feb 2026,9,Pre-owned,https://www.ebay.co.uk/itm/227225301154?_skw=Iphone+11+pro&epid=15034218456&itmmeta=01KJWWM0NMA0V6WBZTZJ98E7XS&hash=item34e7aef0a2:g:1ZIAAeSw7ylpmMJD&itmprp=enc%3AAQALAAAA8GfYFPkwiKCW4ZNSs2u11xDO5dsoQ6XwnEIS7mQlN8UtkeTqA7J4Cmk2gP8grJpxLrVaGJaPN0qzEZSblK2ceju48OEsdMvfYCuztUNqPlcdkebCGuu0oFGky3vmSvGBmJLzi5KFZzRsYmcqdp81v0TOfYJBTw4IiowDnrDnbC5UOVlVVw5Oxa5vk4kArIHQuVSttenvx6wp216JruyLOtabVxsO5i8oYq1rRxtU3t%2Bg3StXYYm8FLdz7sBMXp93q3QgNM2rzpFmcsKw1GVQT0WmpvTf0Ba20k2jHvPoCseIj87JxyD2PbS8NI9VPCON%2FQ%3D%3D%7Ctkp%3ABk9SR4yL0JyXZw
Unlocked IPhone 11 Pro Max 64gb Amazing Condition,,£128.74,delivery in 2-3 days,23 Feb 2026,9,Pre-owned,https://www.ebay.co.uk/itm/317888316149?_skw=Iphone+11+pro&epid=11034210143&itmmeta=01KJWWM0NMH1MKENZVPMXJMB80&hash=item4a039ec2f5:g:s2AAAeSwbkBpjzC5&itmprp=enc%3AAQALAAAA0GfYFPkwiKCW4ZNSs2u11xBrZg0q%2BCYmro0fMD65ammskxDwYTxRhRkr4OI%2BFcutI4RpQ5rwm7Iqpou23KZ5zKsBEjZ6Bhq%2FK79rN2qWrQ3mwY57wEWZo9WuPntKRc7F%2FZePpKchFnEGSsSv6m1zxR1O67AvDxsjUeDb%2FP3BBMQVd0NZT%2BmFXYXdG9%2Fr75ogsAPJ1HmvCbnttLKWoh5tyWMBQgAYa4%2FUbQf1ZmedmE1azNwJk17Sr619%2FERX%2B2afAs25TQQjxDPX0vU1dJm0BeA%3D%7Ctkp%3ABk9SR4yL0JyXZw
iPhone 11 Pro Max 256GB Unlocked,,£128.00,+£3.42 delivery,23 Feb 2026,9,Pre-owned,https://www.ebay.co.uk/itm/157686732131?_skw=Iphone+11+pro&epid=15034218456&itmmeta=01KJWWM0NMZ9FF8QAC6MNCJ7BM&hash=item24b6dc9563:g:5OsAAeSwY~Fpk20J&itmprp=enc%3AAQALAAAA8GfYFPkwiKCW4ZNSs2u11xB5WSzmAShau%2BKrhOyHr33EemyF4pZiWqx569r5c9iVX3lLSfzYmdtUn2TdKxZ%2Fj%2BwZgAqamg3iDd0KYBelWGNDshkTLu%2F9CtXtPjxyZbzeMFsd5AQUOnbEtSVSIx8TCDITTT%2ByGYR7rE3j1uGLf4EytuRDFXP3fT4RMLlgixCiC%2FX7ZNPv7UdA1BvoutNRBW5FuR1I3RO5CXOEH0CtfyN0tnHIhdh2IJ%2BPxHSlo3nv%2BxS5ae%2Fdc8ZBOKfaVIpU%2FjT4eNof1NhArUwseK2gihzsgyxDVH4XPK3uqjLTynMOlw%3D%3D%7Ctkp%3ABk9SR4yL0JyXZw
iPhone 11 Pro 64GB,,£68.30,delivery in 2-3 days,23 Feb 2026,9,Pre-owned,https://www.ebay.co.uk/itm/188088484227?_skw=Iphone+11+pro&epid=8034218244&itmmeta=01KJWWM0NMBRC5552K57MKS1E2&hash=item2bcaf28183:g:ntwAAeSwUS1pnJB7&itmprp=enc%3AAQALAAAA0GfYFPkwiKCW4ZNSs2u11xC1wO7nkPDYd8hso4t0A2V32%2B5eSCJyo8o39Rp4njjdfBFx5luhYH2242Go2MHjhonnQrC0V85G96MeqBWfepfypy5TBf6%2Bk0kPjEnf%2B6KYyfpKfL9CXtFs2nQOisrXnmpe%2FhAVyXw6X9%2FHtS%2BEpDiFcmqEFq8x3qqL37BlFEao0w1xyvJHRK2wxJ3ug3YCPCFzhi4%2FXqFXLbu891eVyIc3V10CbE1eLEdCGOJ%2FuY2qxOGvmphbKNiIbj3iADCy%2B8w%3D%7Ctkp%3ABk9SR4yL0JyXZw
iPhone 11 Pro Max 256GB Unlocked Phone Only,,£85.73,+£2.94 delivery,23 Feb 2026,9,Pre-owned,https://www.ebay.co.uk/itm/147163671666?_skw=Iphone+11+pro&epid=15034218456&itmmeta=01KJWWM0NM0WFGMVF03VB2R3DD&hash=item2243a36c72:g:MvoAAeSwoN5pmJWR&itmprp=enc%3AAQALAAAA0GfYFPkwiKCW4ZNSs2u11xBf9ERbLYYV9yxIoZ%2BwowdHzmCgqWnWtj%2FnaA94tCYeuI6eAQUt9f2Qs81GPwTewyGTpFZBua1d8ivtNXTn6vj9AfeW9mAhfULhUNeEK8COoqlwMwN4aJ0q7IlD1CuU0iARgMnXeMnGwVMwugaA6cQcfdKwU0JvIPLKH9IyIBNuCZMx3%2BWZa0Ek8kWjihB7Wz8%2F8SgRx0J9HuhLOPjsU%2BWaiON43ObcGnx5sL2IkRT%2BpgXTEvLQcrbf%2BkjOMfFlJng%3D%7Ctkp%3ABk9SR4yL0JyXZw
"Apple iPhone 11 Pro 64GB, Space Grey, Unlocked",,£70.08,+£3.38 delivery,23 Feb 2026,9,Pre-owned,https://www.ebay.co.uk/itm/157691027363?_skw=Iphone+11+pro&epid=8034218244&itmmeta=01KJWWM0NM5K1ZDHAEPK2SEQ83&hash=item24b71e1fa3:g:Ly4AAeSwFD9ple1l&itmprp=enc%3AAQALAAAA0GfYFPkwiKCW4ZNSs2u11xCapD9lIaNn4Gh6RYlBr4pJki7cJai19Z8mpNWdoEfuI5mj0MWDgcu3bPw5vcaCIGe7y99OrXLmIlx8IRYhkfa2xWPoOzQ0VeWprKPEUDPkGH%2F4d2eXPtq0lrpzP9hr9KSYC8C2wcpNkEFTwBzGtP2n3BKqVdAztNaKIbADjiEo3guV6AFfrNX5i0Q6Zoff1HjKbXYtXLdhqc5ANwVj%2B4ZU2owit7doSMITdC7toLnj5Hcy71k1IwX40WG%2FCWhfHjw%3D%7Ctkp%3ABk9SR4yL0JyXZw
Apple iPhone 11 Pro 64GB 256GB 512GB - Unlocked - All Colours - GOOD CONDITION,,£148.99,Free delivery,23 Feb 2026,9,12 MONTHS WARRANTY | FAST&FREE SHIPPING | TOP UK SELLER,https://www.ebay.co.uk/itm/124900894109?_skw=Iphone+11+pro&epid=17041383147&itmmeta=01KJWWM0NMX4404A6VFXWZ81E8&hash=item1d14ac659d:g:r7YAAOSwRd1lhFYN&itmprp=enc%3AAQALAAAA0GfYFPkwiKCW4ZNSs2u11xBW5muC8rC9fXvE%2FikfnwNv1ISu%2Bn79cdlwE9HquYr9v9A00jqRLCP1THJ6q0W37AfzpH7ETEJkt%2FyiGIyUhaRb6AEEsTpl0DfA0QYCfq9a3o3iHBSmkYQkLYRV%2BGKQVMK7yQTwUVrXdqXna%2FHwJx2cUG6dM3qg2%2BlOe3UmpshFr5dNGpoykdWiZqFNunmxXclehmqbMRaczHuhQl7QdSAb2%2F%2BKMOvivmCph9N4TQdIsHPwGxq5hsgkiG66sYifDco%3D%7Ctkp%3ABk9SR4yL0JyXZw
Case for iPhone 16 Pro Max 14 11 12 13 15 Pro Max XR 8 7 16e SE3 Shockproof Ring,,£9.99,Free delivery,23 Feb 2026,9,Brand new,https://www.ebay.co.uk/itm/135412137366?_skw=Iphone+11+pro&itmmeta=01KJWWM0NMS7SGKY65XDX1AW7Q&hash=item1f87313d96:g:Zx0AAOSwfXFnS0fv&itmprp=enc%3AAQALAAAA8GfYFPkwiKCW4ZNSs2u11xC5JwK%2BGUovOUbgpurtIBj02Ztu5IiwfrC4uTlrHPD105xVOiT4jK%2F6HW3tixqDpBqXolhmhyxSNdJNe3USMjzP0d9wxjVqJaZmHJC33OOKG3ofaAled7b3F4ze%2BiENYxMA5caxy2eZ7grniexHoEU8xZSwspMU2R4exfQVCEyseSNQUJDNHN%2BbuT65Mm8zg0e%2FVvLxPv4nFlFWrst9m8tPXjvNlc4kEEg%2BgQf2MhX9kLmP%2Ft5aZS%2BnUUPbjibYo1NHBNhavmxmhPiFFzIV%2B%2BzPo4fr0zpE1%2FpuWzaOhGAbDQ%3D%3D%7Ctkp%3ABk9SR4yL0JyXZw
Apple iPhone 11 Pro Max - 64GB - Space Grey (Unlocked) IMMACULATE,,£135.89,delivery in 2-3 days,23 Feb 2026,9,Pre-owned,https://www.ebay.co.uk/itm/277731220249?_skw=Iphone+11+pro&epid=26034221360&itmmeta=01KJWWM0NMA3QQ81AVZ5AWJTS4&hash=item40aa121b19:g:tJAAAeSwLvFpFj7S&itmprp=enc%3AAQALAAAA8GfYFPkwiKCW4ZNSs2u11xDZR5SLwtZgCXivjiYI9tiY1ivM%2Bt7m84Gt1O%2Fu7LqDUt%2Ft4EBc9dSn281rMWlUF3e8In3O0tJxQD2KCG90bNXlsrJcus5Xkdo5N7%2Ft6GmRkBo4%2BdO3gi5LNr1fGzM3xJnRy%2FI9e54tQvERZlK%2BPsHhkS%2FBxm6cJ1tEnljrZYSIeVPfBLZCGRT1vZZPgrLh6dIxOeGUjhuRk9oYK6spCKc5nYo%2BNjZv%2FH26Wni2ROGRzR9Z%2FHxWgix9jxbsMrwh%2F3Fg%2Bq6svcA%2FFaDAMtCRQvb%2FWzIFIQaZ7rtdMelQAX9LZA%3D%3D%7Ctkp%3ABk9SR4yL0JyXZw
I Phone 11 Pro Max In Gold With Box,,£153.08,+£3.94 delivery,23 Feb 2026,9,Pre-owned,https://www.ebay.co.uk/itm/317876193017?_skw=Iphone+11+pro&epid=9034209168&itmmeta=01KJWWM0NMWF62QGF3DH23MCFK&hash=item4a02e5c6f9:g:56kAAeSwnaNpj0GF&itmprp=enc%3AAQALAAAA8GfYFPkwiKCW4ZNSs2u11xCcjHE%2B4%2FhjOvINQtmh3wpvTksdDtrMkrG5SOp7aLe3f5VSxV2q3JVY64G8s0iri4cpFAzLWuWpSH1NfSwt2fYs1DXMhgDKhDolQS44cgr5o%2FTQFsz6gUBb65CpHotKcipRhzj1NGwatV1hYFQaakOkuXTtj%2Fs3yQw6s8ZEdjTccSilh0ZyMTzM%2FKsdG6RjVFiwU%2Fgtpkx6B%2BR04qD6tvHI%2BgW2h7oTJel0sxoTA1YtaKe9XCupe7pnV8c8fFXSJn7u5db0yiVh9tSykb3G2JimJq%2FpXpVkgElr%2Bsgcg0yR6w%3D%3D%7Ctkp%3ABk9SR46L0JyXZw
"Apple iPhone 11 Pro Max 64GB Midnight Green (Unlocked), Cracked",,£115.00,Free delivery,23 Feb 2026,9,Pre-owned,https://www.ebay.co.uk/itm/336380535011?_skw=Iphone+11+pro&epid=5034224996&itmmeta=01KJWWM0NMCVS4RHS2XBA4122Y&hash=item4e51d7a0e3:g:8B8AAOSwIFFirwRM&itmprp=enc%3AAQALAAAA0GfYFPkwiKCW4ZNSs2u11xCXzENUf6b6wbHBgEjElM4JV5ueByeBzqOdWKuGeQkv5CLRvswxBa%2FLQIvMcutpjaIylfdXOtHSg%2FfGhERKFSCOQuzzaZf8JixHBwFLFQ%2FDUNVNzsD3eCabP05h2oY6uh04BNi9ZOzdIa6phZtL3%2B0K8ReebDfd4VWfyIrZ45E4l2D7OEki3BIC5aV1Mj5PFViqajoY89q4j4wzxhXLkIrON0QsG3WYE824IwrlkrFaZiBx3BF2nGq1tCGtnWJdZyY%3D%7Ctkp%3ABk9SR46L0JyXZw
iPhone 11 Pro 256GB - Unlocked - Space Grey - 70% battery health,,£123.97,delivery in 2-3 days,23 Feb 2026,9,Pre-owned,https://www.ebay.co.uk/itm/206086744847?_skw=Iphone+11+pro&epid=5034225079&itmmeta=01KJWWM0NMA2P6CCW0WNWZ4YHS&hash=item2ffbba2b0f:g:2mEAAeSwgs9pmwRb&itmprp=enc%3AAQALAAAA0GfYFPkwiKCW4ZNSs2u11xCfEJzn1oGXV7VpB8mau3hBdKfU%2Bj7%2FUv3qWxZnTuz9Kx9jaZU%2BbYtIw3Vf8vdcfUxMk8l3CkvQadZvmOupdaNuVUZBKEWVtCFdMjxBaVHqnxyiG%2BgpFcopr2hmOyfrpCJ8lBjCwxssrpvu4v9gAHJJOddnrvtqEYudGrgHDExfuzqPpeOFBp22iEmQUi8XsNV3N2VtIf8f%2BBDk5Wenm9F5ejf4r1jr7LhMcNCYgT0GEF7atnBCI1edmt45CzdR3hY%3D%7Ctkp%3ABk9SR46L0JyXZw
iPhone 11 Pro 256GB - Unlocked - Space Grey - 90% battery health,,£154.99,+£3.46 delivery,23 Feb 2026,9,Pre-owned,https://www.ebay.co.uk/itm/157686530583?_skw=Iphone+11+pro&epid=5034225079&itmmeta=01KJWWM0NMY3BN469JTQ3Z5TA5&hash=item24b6d98217:g:IzEAAeSwCDtpky3T&itmprp=enc%3AAQALAAAA0GfYFPkwiKCW4ZNSs2u11xAJQ2yv8G1t026z3tTycvgvRlUyytrKJODsLygln16fsmgGnGD6WlxzRiIzHoZqZN78bX6kdgzVbw2GvCcwuGcIhdWlsbEJ84%2FcSrN2iJvblKESvG9n0KxiER1tbnsL2nynt%2BiTER5Np4djJRbOW7Te%2FrylCSTzZt%2FmtIJ%2FKwoRjUKb7ydcUCocYNXdImPEP9gNNTgrvllK3BD5Pimc%2BnB5ycQrtBwBxams5I7XGIQwtWsRLrV3h0tHGZa7inBqZwI%3D%7Ctkp%3ABk9SR46L0JyXZw
iPhone 11 Pro Max 256GB Unlocked,,£125.00,+£4.66 delivery,23 Feb 2026,9,Pre-owned,https://www.ebay.co.uk/itm/127699452939?_skw=Iphone+11+pro&epid=14034212889&itmmeta=01KJWWM0NNCN7JA86WMCX3TY4W&hash=item1dbb7b040b:g:ckoAAeSwxghpm3iS&itmprp=enc%3AAQALAAAA8GfYFPkwiKCW4ZNSs2u11xBfjrNWxfsX9QNRqqALsrtX2MoSPNzuq1x%2Brip5Fo8x%2F%2Ba0ccJrV0cTetPdeA982X%2BeftMMj7GpAzIGpuwD8FjmrpObSaGqxPKojdf2GBogwg1IBB0l%2BoJZUjWg1BolRIMBu0L5AM5UymnSBLIkqjn%2BoSVZ0%2F09LW67oS9Yn%2BuGuW13wl4azABrlMh0yI56e3gIp5yWIv6mnNU%2Fg9cPw7oiXrAWIR%2BfmrSRmYv%2FDmEvD170VjD3AbjWCMOjNHZsSdrrHL7R8NveZcwwUwiK23Erxb5BO7bbn0%2B0DloKV0oQcQ%3D%3D%7Ctkp%3ABk9SR46L0JyXZw
Unlocked Apple iPhone 11 Pro 64GB Gold 68% battery health,,£98.00,delivery in 2-3 days,23 Feb 2026,9,Pre-owned,https://www.ebay.co.uk/itm/376978842827?_skw=Iphone+11+pro&epid=13034214373&itmmeta=01KJWWM0NNFFF34QRTREMQYSCX&hash=item57c5b0a4cb:g:v2UAAeSwstJpmJtv&itmprp=enc%3AAQALAAAA8GfYFPkwiKCW4ZNSs2u11xA8eHb5P0b0qnktExl8Rst6HKKs3Gn6zxCW5G2ax3%2BXPvcPZlubZZ8caWhWVEIM4V2ZMMkjsrIN3GZ3qXWm%2BXyT8zpv7k7FjDiUZoPv3uvcEDLHC20%2FdjVQEBDl8h0CBR0jUUmK%2F3QYcUDRPrqTWHRq6qQuiByx29w7LqInE5Dlldj1emWpMBwoBfTRHvmMdaLApHYGpAR37d9fnCcz76j2%2Ftt01yQrYEFCtJLN7M1Qxzk1MK9DngLpTAm6x3dy%2BH7unUqHS5VeRsKAzSgGvEXfTzuRd10nc2wSgWoD566KlA%3D%3D%7Ctkp%3ABk9SR46L0JyXZw
Very Well Kept iPhone 11 Pro 64g,,£120.08,delivery in 2-3 days,23 Feb 2026,9,Pre-owned,https://www.ebay.co.uk/itm/317887145216?_skw=Iphone+11+pro&epid=13034214373&itmmeta=01KJWWM0NN5YZQRJYMDYNC6ENK&hash=item4a038ce500:g:IagAAeSw9MVpkw7h&itmprp=enc%3AAQALAAAA8GfYFPkwiKCW4ZNSs2u11xCP%2FNuRX1SZGgShYuA5Ef9Q%2FcONPc6nQvsjNtOEgz%2BU%2F15TrdcWS5%2FBd%2F7i4xHyjWbmD37vJfq06mxJZ7JBErnY2yyMSujcZ1xyol3n3LKsjh3krLcbzD%2B24STJ33NjrOihDJSad8%2Bw5DbA1dOs3t665d6v5gvk0d2w6qcMkWQobAQKGpv%2FSyVVhkRPB5H%2Bh0kmgNK92zL99ISKNyyEtKS8dkji57E1%2FxaGN8uaa5XVyhv8ZtkLV4bSe8PF5dE7ER06BKFGC8yXZJL5itcXkszH9cgljg9F5CASAkP9RKMeBg%3D%3D%7Ctkp%3ABk9SR46L0JyXZw
Shockproof F&B Case For iPhones 17 Pro Max 13 12 Pro 15 11 16e 7 8 SE 16 Pro Max,,£7.99,Free delivery,23 Feb 2026,9,Brand new,https://www.ebay.co.uk/itm/197070116114?_skw=Iphone+11+pro&itmmeta=01KJWWM0NN5FANC607WEVYGAZ8&hash=item2de24b5512:g:jSoAAOSw~VdnxFkd&itmprp=enc%3AAQALAAAA8GfYFPkwiKCW4ZNSs2u11xDWa4sJzL1Z5yMYHol8F0pyA4qCDBiZ8Co1Eu1hqywrVF%2FaqAWAlxZ7Tf%2FuRwy6pDcemdgmLpZzLcvXDbapq2tGZmKddnXSC8%2BWoW0uiX7MQ7PLGI8H2tAQUgqyoApoaU%2BG7Ad4nJAieGxnnaitsxMP9zVQBz1%2BnEExM%2F5CTiTVAhSn2AIL07UduqhfBmCNVGMyASrid9JNs9%2Fh%2Bn43AbT0H79TBW6MulAMjrJwsvrercpF96ChilOdqA00XC05IWyVnPtdfhkwQtQb%2FFYwc3QorEht8fIYmaGuzOj1mk742A%3D%3D%7Ctkp%3ABk9SR46L0JyXZw
iPhone 11 Pro 256GB Unlocked,,£130.95,delivery in 2-3 days,23 Feb 2026,9,Pre-owned,https://www.ebay.co.uk/itm/206073862046?_skw=Iphone+11+pro&epid=5034225079&itmmeta=01KJWWM0NNHE5M9R0ZMEJT887H&hash=item2ffaf5979e:g:0rUAAeSw3etpkvVE&itmprp=enc%3AAQALAAAA8GfYFPkwiKCW4ZNSs2u11xBxLdNt0GMpIMa7BL7xVd9asXaSXCdpPsFebAlJwHlslvszJFMJLRMwKgqY4rVJvPAyPzjqlAuZrOpG6FVrat6Jd1nfUdSq3Kb%2F3vMBLZ0FApaGZTwuPnKMdYC3eBj%2Bqa%2BHeP%2FF9lJzqMx%2FcmYGVJE64ClKv4vkX52TUXdOFWHhuxPYrJ3Vh17EbCm53NuWT0IVgRc7uU5yb9skSzBDE6fd0QkHflvCBbqKPWScwYow15UxEGMmlUC7sippeeQGxCTy%2FVeV1H86XeDQPr4oP1qwVONwhK6pkWhB9ukl95NlTw%3D%3D%7Ctkp%3ABk9SR46L0JyXZw
iPhone 11 Pro Max 64GB Unlocked Smartphone White,,£115.10,delivery in 2-3 days,23 Feb 2026,9,Pre-owned,https://www.ebay.co.uk/itm/277689999648?_skw=Iphone+11+pro&epid=9034209168&itmmeta=01KJWWM0NNM183SFFRNWYFXE92&hash=item40a79d2120:g:Xy0AAeSwW4NpflrV&itmprp=enc%3AAQALAAAA0GfYFPkwiKCW4ZNSs2u11xCFOx6TDFKOGYqxNHVenSzxl%2Bpy0pshhzI7l0z9yAVwP6pvHvSciu2brI97vuusel5XFMePGgPAMNR6hooV6WVtaPPJf%2FGanhBanpwqvVaUJYjipzuEQGJ7wsYIK0b%2BGNDhormMeCf3sxggvwbA3rayFAJ1CWXaaYua%2BBmpU9vJe5X3XGtm%2BQV9rL7VA9YAbQaahMJlycH9G8wZ%2B3MAClHSikzWgJ3clUn2HadcK7srInBrz17lAFKecR2njJHL9vw%3D%7Ctkp%3ABk9SR46L0JyXZw
Silicone Liquid Rainbow Case For iPhone 13 Pro Max 13 11 12 Pro X XR 14 Pro Max,,£5.99,Free delivery,23 Feb 2026,9,Brand new,https://www.ebay.co.uk/itm/225935163751?_skw=Iphone+11+pro&itmmeta=01KJWWM0NNJVVWBST81BRXH32F&hash=item349ac90167:g:y1wAAOSwsfJiWfz8&itmprp=enc%3AAQALAAAA8GfYFPkwiKCW4ZNSs2u11xCpKIt%2BQKQ5Xko4cUICPeDYYv7mHJq7z7FMRUzPQepRwj54gXtkjdcQB9J%2FKKhJxsDFNyta%2FVpjdPGmLwOSUzfme3q%2FKM5yOBrZJyCNnQYMs3BmwKAxBcqJjGFoq%2FQb2Wdk%2FRvJ0FICEgNscXbvK5KcrxXjp9jvSWG%2FN690KuErAsSHaezlI3h6frXcQgVmiEBOgzofkbbKrxOY4AWGRuc%2B0bUMz8toTJYBcqEYkmSWsW5lFcRXUIIozENo3RyBF5B3rJ8yLqwVhtk%2FeKRh%2FylB0T3EGLlrdiJFIUbjzEjLNQ%3D%3D%7Ctkp%3ABk9SR46L0JyXZw
Apple iPhone 11 Pro Max - 256GB - Midnight Green (Unlocked),,£139.99,delivery in 2-3 days,23 Feb 2026,9,Pre-owned,https://www.ebay.co.uk/itm/366203795975?_skw=Iphone+11+pro&epid=23034220841&itmmeta=01KJWWM0NNR24Y7HKTD7NYM5X1&hash=item5543727a07:g:tjwAAeSw~8dpkhkN&itmprp=enc%3AAQALAAAA0GfYFPkwiKCW4ZNSs2u11xAhpAJVXKR7u5%2BvWXptXBQytH%2FVV31OQOZ9hH09gEFFiLrWlVbl2EhsTCGojVVLDK2Q7dEa2cg5AyR5lF6hioRPswHGJ482HT0SLySTA2FYsCxwJw%2BLD8VKPcG3NIxnLQgdE1tf6NXy4KzdHmNMHYgF1reQu1DQjSy0B63gAK0%2BVYMCuGL20ySlRbaI92tjT4eeyQhP8c6gWJe0CC9o7TVz38Tk3us2gf%2Fvp9GBNBg7iuKR0SaJKFaQEFSwioAOO3s%3D%7Ctkp%3ABk9SR46L0JyXZw
iPhone 11 Pro Space Gray 256GB,,£151.50,Free delivery,23 Feb 2026,9,Pre-owned,https://www.ebay.co.uk/itm/168176545253?_skw=Iphone+11+pro&epid=5034225079&itmmeta=01KJWWM0NN3DG59PT3YJVS7HNP&hash=item27281a6de5:g:3qoAAeSw4GxpNC6F&itmprp=enc%3AAQALAAAA0GfYFPkwiKCW4ZNSs2u11xBb2ARgBGB5KuxeA7cuC8OKhv%2BgM6kakc8X02uYiEKE1mn7ipJhC7IkKkcnIlVZBUNY2oUivhUisXtE5Y7e%2FWALdClfXv%2BsM2i21--i9K7isrJLnhXO3MEqPlxkqCkRcCjfEtgspE8aJ7Oul%2FMT9afXyYtSyQPyZWTGsZlpu6ZJFH%2F7JRYpo0XIJZ02tmJHZm8%2Bnen4dapshdOsAglQdiWzv6RhFOk1cnXtiP%2Bjgp%2FbwM8KB9rGoS3abiSiuFNshFo%3D%7Ctkp%3ABk9SR46L0JyXZw
Apple iPhone 11 Pro Max - 256GB - Graphite (Unlocked) A2643 (GSM),,£117.08,+£3.94 delivery,22 Feb 2026,10,Pre-owned,https://www.ebay.co.uk/itm/277722013144?_skw=Iphone+11+pro&epid=8049288697&itmmeta=01KJWWM0NNWE1ZZ4EHCSR8HXTB&hash=item40a9859dd8:g:D9AAAeSw~V5pgQPL&itmprp=enc%3AAQALAAAA0GfYFPkwiKCW4ZNSs2u11xDX8ol6ojRbvqLZ7IYxtBnL%2BAzkLSuB5iDi0%2Fo3yZRDkFlixR5%2Be%2FUTMvIH%2F5rtCB%2BIVKRx3VOhid%2Bnpp7q5MTo5aO2o9kPHEC8%2FzhQpu0Z%2BCoRhUvfhS%2FIJ%2FbXHMLHScuPags6vXGFqpULweV2hGpx2XaC054%2FvfiVuWU2BW1BoCSTUTUvMkW6vhYYXG57jA8mQ8IqZj1eyZE%2B9%2F%2B%2F1auFYxYfUan9WQQdbqlcn3DUMRLaY5eW%2BqSDLLSBfQqFqOE%3D%7Ctkp%3ABk9SR46L0JyXZw
Case For iPhone 16E 15 14 13 12 11 16Pro 17 Pro Max Shockproof Magnetic Silicone,,£8.49,Free delivery,22 Feb 2026,10,Brand new,https://www.ebay.co.uk/itm/365021700149?_skw=Iphone+11+pro&itmmeta=01KJWWM0NNJ7MP0H1NBP2V73KD&hash=item54fcfd2035:g:iWcAAeSwS~5pANbO&itmprp=enc%3AAQALAAAA8GfYFPkwiKCW4ZNSs2u11xDEL4swUmM2fqOo7fivG4UKURTbPS7bTvusXsrZdp70MIcndrP5RUCF3J3RvMS0z78F936rrGorLqSeYSzAR4mCcwzoR3rjuNR7sHVaU%2FWtpdOxfxo0YUZT3JThSse8VZtDNubpyJmhY8fLi6oMiCKcYbeV3Wwao2kYiinTUAx2z3IQp7RWzXs%2F9NgBWiKqiym9udMk3WXC4IMwRSQ3P12C45hcyuTe1xQ%2B%2B78r8Em82D3g7s3eG%2F%2Bw1PBLOc%2FzV8og5FThWs%2BJvhVj8TeAeS0mVC%2BDdCZAGR3Ksb4eaMfpeQ%3D%3D%7Ctkp%3ABk9SR46L0JyXZw
Apple iPhone 11 Pro Max 64GB Unlocked Smartphone No Box Minimal Scratches Silver,,£92.08,delivery in 2-3 days,22 Feb 2026,10,Pre-owned,https://www.ebay.co.uk/itm/317884475157?_skw=Iphone+11+pro&epid=11034210143&itmmeta=01KJWWM0NNP2515XGQHPMMQ1CH&hash=item4a03642715:g:MVIAAeSwsDBpkjOx&itmprp=enc%3AAQALAAAA8GfYFPkwiKCW4ZNSs2u11xDTdLEZsJtBqXhP%2Fd5OYzGUkxCud3w6%2FiYmdXW5DXwZzl8o4FRxH1UBUJt7aEMBg9Zx2L5GDAvjcK4HOaKjnJ8OhzzvhT0zsiq7Yj%2BB0YalFW3onDuBB6utF%2BBjyRuzItwzFLtxMn4PxDErV4Yx3EFG3Z8eB6TKQlU7JEXXwD9waKGGiVjxEkUC%2FMNj8ryg5%2FDzhMdPaRqe125Ub3U%2BiRXJsuUKkqm1kq7tU1Pd7YKdOywS7IVARIv%2FaXXfP2M24wloLl%2BBiqi0OBJiFgPFWG0b0%2Br6CflKZhTwNT743g12Dw%3D%3D%7Ctkp%3ABk9SR5CL0JyXZw
Apple iPhone 11 Pro Max - 64GB - Space Grey (Unlocked) A2218 (CDMA + GSM),,£175.00,+£3.42 delivery,22 Feb 2026,10,Opened – never used,https://www.ebay.co.uk/itm/127697463048?_skw=Iphone+11+pro&epid=26034221360&itmmeta=01KJWWM0NN2T29J72GWRNZ2D8H&hash=item1dbb5ca708:g:CdkAAeSwVkBpkZ7E&itmprp=enc%3AAQALAAAA8GfYFPkwiKCW4ZNSs2u11xA6JaCD%2BtBTkSXhDm9L0B2Yp2LTUMKxOa8B9Pf88%2Bi2YHRlbznpqKyjJS7KpzaC0hrMS0Kvi0wCVrEy0ryepcL5i%2BCjTNvzycEUCSyIMM0elTV46wuKGwESyj6%2BkPUBHyHzJ87bmAWEuGBEKlQKEwn3J2aP1iL6%2BbxTM0owyXMvAMoTkTI7criI%2FxATnZGEqnUobJ94P6erq0Wf6m8js1tLF%2Fm%2FQNI%2FexSpsQbHeEoy6G0i7gsCAbiWSOEcMmm6ZCLR%2FdFZC%2BVocE55oK1uAumGBJ21RTZDJ6gem9LRs60vgw%3D%3D%7Ctkp%3ABk9SR5CL0JyXZw
Apple iPhone 11 Pro - 64GB - Unlocked - Silver - Good Condition,,£153.99,Free delivery,22 Feb 2026,10,5% OFF CODE MAGPIEPHONE5 MAX £50 - 12 MONTHS WARRANTY,https://www.ebay.co.uk/itm/306779110713?_skw=Iphone+11+pro&epid=17041383147&itmmeta=01KJWWM0NNNBPCM68ZP9GAFCB8&hash=item476d75bd39:g:v0UAAeSwoZ9plvBI&itmprp=enc%3AAQALAAAA0GfYFPkwiKCW4ZNSs2u11xA4Ao5iyETVTUGTsz9ZRLyfFGZu314lI9XJmqn716uOhunhLT%2F8usejhEcp4TBHVsbEzrM6xRM6eMe6bpu6e5rxtdRa68gn%2Ffrl9RJ2IEsN70jFN0oxgVIWTu6ON8VM3lllVGzg1fQQk45yRt8LuWejBxyaW%2BDjkmZLLckxNJAL0SKzr%2B%2FBJ6BOi9lwEuGoROq%2FkeZ1brf9NcdZIeaQT69SNIjtYD3uLb40sVjvmeX9KkwEgwCMGmHylbijEqhluoE%3D%7Ctkp%3ABk9SR5CL0JyXZw
Apple iPhone 11 Pro BT/EE 64 GB,,£89.10,+£2.94 delivery,22 Feb 2026,10,Pre-owned,https://www.ebay.co.uk/itm/147138861433?_skw=Iphone+11+pro&epid=7034272009&itmmeta=01KJWWM0NNKCBJVS6Y8CYJA122&hash=item224228d979:g:Y2IAAeSw9aBpdniE&itmprp=enc%3AAQALAAAA0GfYFPkwiKCW4ZNSs2u11xBPt4s3Mtq5E0Alur4xFEM3wx61%2Fh4jmz1Pb%2Fc9ZhD4HMmzF74pNN4cZD%2FqrpJwueZf4gcy7juOGZSGYRYMhCUS7iQIrbSbBMMOOGK77zAUtAKTYXjGxau5lFTvqV2ru4wIzUOMO2ix246fKxa7Nvn4NYkedSmMd5zUqIJ5NUc7paWxzkDbjZXJ6XyQo4hbyjUaFmHRYJdLLAPAKXJHhBU2AJSzxl%2Fp%2BO9Q8zr756sPl9qX3TF%2FNaCSckYHPj4hMw0%3D%7Ctkp%3ABk9SR5CL0JyXZw
"iphone 11 pro 64gb black, working but with cracked rear , unlocked",,£80.76,Free delivery,22 Feb 2026,10,Parts only,https://www.ebay.co.uk/itm/177840226179?_skw=Iphone+11+pro&itmmeta=01KJWWM0NNXWQKMWGHFR609Q31&hash=item29681a7f83:g:uUQAAeSw4TxpWBLD&itmprp=enc%3AAQALAAAA8GfYFPkwiKCW4ZNSs2u11xAkorhT1nsS6oUJWCUCay1hMlgSh9iWM520kcJUs%2B0pQZVtEZehsQuuwTbSb%2BKdWXhcqmsXuTX3ecmo43zg6eBM8bZZxqBrxBMLOwQ2XLlgNAoz14HQinsQt5gko2ylNbzO9YrO8Rg5tLbxCrrsUiWpkv5tXJiAqPzN3azUmiLExAUA3t2qtuz7KyctbextuFWvgdUQbKgzo0JUIHZYEveKRdLBfn%2F6tn0TYTttxudrhiazGQc146vwuydT%2Bzl371u%2BOInypUOSGxLWSRlp5TTk9KH87doDlKFot2mNvsx0Fg%3D%3D%7Ctkp%3ABk9SR5CL0JyXZw
Apple Iphone 11 Pro White 64GB unlocked Boxed 99p No Reserve,,£89.76,delivery in 2-3 days,22 Feb 2026,10,Pre-owned,https://www.ebay.co.uk/itm/227222267085?_skw=Iphone+11+pro&epid=4034210697&itmmeta=01KJWWM0NN5P3ZWPTVH44Z96B5&hash=item34e780a4cd:g:3LkAAeSwSUBpldZg&itmprp=enc%3AAQALAAAA0GfYFPkwiKCW4ZNSs2u11xDOvUIM%2B9p1%2F4710m%2BrjdcxYJmIzO1jpK35P%2BmSHrwY7W9x6Ippx285W2Oq5DWUGGZY0VbAHPNtH2sSVH5SaVHWF2e2vtyiT967a0RuY8Y2BPFstRCOWHmny2zkd5gfLKe35jHlMJ1xqlt0zfcvwwMhROGStxXEZuMO%2FebqCPSzy4523X%2BymkZqdSeK8GoNd32aOIGB450PmetBreYsjWyVETxIVkmocaVtslpAHST5ECc5R30nL2G3oNrGd2YSrhg%3D%7Ctkp%3ABk9SR5CL0JyXZw
Apple iPhone 11 Pro Max 512GB Unlocked Smartphone Silver,,£114.08,+£3.42 delivery,22 Feb 2026,10,Pre-owned,https://www.ebay.co.uk/itm/257362101535?_skw=Iphone+11+pro&epid=11034210237&itmmeta=01KJWWM0NPEK6EFSC48WNRM9Z1&hash=item3bebfa051f:g:7bwAAeSwwoppkiRz&itmprp=enc%3AAQALAAAA0GfYFPkwiKCW4ZNSs2u11xAQwUU8gcOe46FB3NF0aArrfhSk2ba6%2Bv1xlaKsxcVxn1Q7gUTq7Fgj7QApA5s5V25rglGCtZBUAgaSOpLeSRTvaKHB%2FvAFnNn1j1Por8KDbb4tF6m5OeSUZYcVqWtvWdh7Zv6gwpq2xXzkEsE%2FpEVMvIYEXAxF2bCK0CnBMsn1Kl4rmjQLrt1PiN4oAgH1TRKoboq7YBUuGFxR2zoW0uSZcwZqz63EigKFJvy3fHdNx5%2F4DuoeT8kaA1owzUbs5l0%3D%7Ctkp%3ABk9SR5CL0JyXZw
iPhone 11 Pro Max 64GB RAM 256GB Unlocked Gray Screen Scratches Cracked Back,,£63.50,delivery in 1-2 days,22 Feb 2026,10,Pre-owned,https://www.ebay.co.uk/itm/127691480044?_skw=Iphone+11+pro&itmmeta=01KJWWM0NPB6Z7Y3K24GVS0H1P&hash=item1dbb015bec:g:644AAeSwNgBpla9m&itmprp=enc%3AAQALAAAA8GfYFPkwiKCW4ZNSs2u11xDoMok40NDvpmfGYwcM9WyCnFRWwIGgqAWiojHXGlEFLpYwSNMvSzJKYE0MYSrWJUhzpDGyfjF0eLI%2BfdvNEyOwcYD0R%2BdHvSYLOJipyhQ4c0DRT67IXhonY5iEth0yxy8wkPGwIWl3VmJ33VsxyqX9guqOxecgCtfmqhtW%2Bvnw5HIWxM5Q2Y99%2BWQHxspUsNr4yvOV1dhODk3WDFjdqJkQXgVVqslOYY0x%2B9mkAeIQE9wRqX8lRZz4oHyvXZj%2FM8szZsUcNcJNNKTKVxS0zumazvG3KBlQqYTNyfVo6RK8eA%3D%3D%7Ctkp%3ABk9SR5CL0JyXZw
Apple iPhone 11 Pro Max – 256GB – Unlocked – Gold – 100% Battery Health- Bundle,,£199.00,delivery in 2-3 days,22 Feb 2026,10,Pre-owned,https://www.ebay.co.uk/itm/267576216810?_skw=Iphone+11+pro&epid=23034220841&itmmeta=01KJWWM0NP1SFF3QDX0KT9D4Z6&hash=item3e4cc90cea:g:yGkAAeSwmDRpkJGy&itmprp=enc%3AAQALAAAA8GfYFPkwiKCW4ZNSs2u11xAb9KuPPv82raR3txjw7QP9RWlp7dthAWvtzyc8XzKU5KV9TpMH%2BWQD1F9fuG1q8%2Fn%2Fi%2FUrsHpavYReDS%2FpDrFM7yhVWwxARN7vlmr79t4rcASPHIXrju2lTZd1KP4larjSE8ERMDWRt88qbVaeFEreBKGvRQm860DVI0HS5qKUq9ewYm5rA%2F07Ud2LIeEJnyinV%2B7Icqgvqbf9M6ua1zPvdI4ffj%2BtvxmTbobgCqd6o%2FP%2FlwHjMGlTDfio3Vde5Vv5LzHCfsQnnw0CRSukvGwBlL2wP%2Fd26IkGxM%2BoAdMEtQ%3D%3D%7Ctkp%3ABk9SR5CL0JyXZw
Apple iPhone 11 Pro 64GB Unlocked Space Grey 79% Battery Excellent Condition,,£99.50,+£2.94 delivery,22 Feb 2026,10,Pre-owned,https://www.ebay.co.uk/itm/298042164353?_skw=Iphone+11+pro&epid=8034218244&itmmeta=01KJWWM0NP9HQXFH2Y0KKDYQ4H&hash=item4564b28481:g:8vsAAeSwIUVplPjA&itmprp=enc%3AAQALAAAA8GfYFPkwiKCW4ZNSs2u11xAlmTlGWHEEZVFJuZlHoiRyCJJ8T50UuhQ9VnW%2FxgqTJ9MtydGvvlivouEt03mnVhtgG0PtKqH%2BIILpLdeVO2vI5aPzxRAn5RO052XJLb717bX5nwJIISiM7qt4Kk6V7eeSgQx0%2F%2BI7gO7wr7b5duUiXd0hwsVJN78ktIA6x11%2Bz6gpD9HiXl1yUkbGWaheTdCK4sveAbIB5OSZqRAxhswgwjewYzhXkMhjE1sz7PNdVoNyx0Fssw%2FgshJAyKRspsXgO2CoSLDOoVEKJMB9kCk%2BHLVpfrFSHtVCBLQQSTt8hA%3D%3D%7Ctkp%3ABk9SR5CL0JyXZw
"Apple iPhone 17 Pro 256GB, Cosmic Orange, and ipad pro 11 m4",,"£1,455.10",Free delivery,22 Feb 2026,10,Pre-owned,https://www.ebay.co.uk/itm/389637454835?_skw=Iphone+11+pro&itmmeta=01KJWWM0NPXJNQGYAD91MJ7VDK&hash=item5ab833bbf3:g:zh8AAeSwwVtplObm&itmprp=enc%3AAQALAAAA8GfYFPkwiKCW4ZNSs2u11xAcE4VouZb8iccm9CPH6Bl3JrR8s%2B78c91lrvFZPNLEC64AdUWCQ9meYLXMK8HfF7v9sXJesPV511D9xY4EVn0E7lzrZKb2FjitqT85s2ZpbpB5BYaBxUJevs1KbwZSgbqiMegcJIR%2FD1aa1UXI9%2BkWXaC53KPs8YOzOdWLVOuw60DLfZZFFXnQtFCGpsUyfC0akdrh1g4qucGrbdATMarmAdPX9ZbJiigYr3OaKw3Pn8KH0Qsh1MoqRCZjbRsbFj0xCgn%2BQydgxKPiygYkXRPRq%2FssZbsreqXwqbIyi59O%2Bw%3D%3D%7Ctkp%3ABk9SR5CL0JyXZw
Tempered Glass FULL COVER SCREEN PROTECTOR For iPhone 14 PRO MAX 12 XR 11 15Pro,,£3.95,Free delivery,15 Feb 2026,17,Brand new,https://www.ebay.co.uk/itm/266729591536?_skw=Iphone+11+pro&itmmeta=01KJWWM0NPGFV89YEAA2SA4K9R&hash=item3e1a5292f0:g:KN0AAOSwRnRk78B8&itmprp=enc%3AAQALAAAA0GfYFPkwiKCW4ZNSs2u11xDiSHjLgNO%2BVo6Oy--KrB9goYlkTOlbXUyiYqy3nlljhTgk6b5NZ1AsvHV2w5O%2BpYpylVhfD0NNNDU5TaDdJ5PrJXupqXTyBoVP71EbG2spRD7sN%2FmcPd7a4euxERpqVjW8e9OegbQHiDOHzyHEDS68x1eId2J5La1zQsYxfv56c4Uv0VmdP0d30%2FC2pRldTr8WGCnqfILJ%2BO5ncHxgLJ8GZ61VzSQkEKs5nprFrpv0ftFK5l8jANFdef0%2FiuK1d9w%3D%7Ctkp%3ABk9SR5CL0JyXZw
Apple iPhone 11 Pro Max 256GB Space Grey Unlocked,,£84.86,Free delivery,22 Feb 2026,10,Parts only,https://www.ebay.co.uk/itm/227221093743?_skw=Iphone+11+pro&epid=14034212889&itmmeta=01KJWWM0NPBYN23H8Z5ED22QV7&hash=item34e76ebd6f:g:dskAAeSw1MxpJvUo&itmprp=enc%3AAQALAAAA8GfYFPkwiKCW4ZNSs2u11xC2Wx34QTTHCrRFrylmY%2FgkcyuPyIeoC1OnNSIriJ7uaZilP1oLugP1FU6N%2Bzj33tV5Z0RwR0GjJLzIwxEL3gN%2BTJpX9aFTIXbt72WnEqUXxrInbWReYHWm64Ny%2BbrQf0C4BdFAq8tAMm9wy4rRbBmAP0gTNC7rqtDgPWV1NV3WJLJowbhn%2BNjYyifYCEtyMg4OttOGy7MVaxWCbPF1lCPSJeHs5OB1llAWCy7sv5RBfjlzL1glwmtzJAhyzYe4%2FnPO9tP5OpIdOcvMhg0XnfLowwrjEZ6LbmbLPFYIBqXHxg%3D%3D%7Ctkp%3ABk9SR5CL0JyXZw
Apple iPhone 11 Pro | 256GB | Gold | Unlocked | Boxed | 66% BH | CRACKED,,£54.00,Free delivery,22 Feb 2026,10,Pre-owned,https://www.ebay.co.uk/itm/168171231202?_skw=Iphone+11+pro&epid=5034704705&itmmeta=01KJWWM0NPYACV5RRBCGDQYHFC&hash=item2727c957e2:g:niwAAeSw61Bpf5Z~&itmprp=enc%3AAQALAAAA0GfYFPkwiKCW4ZNSs2u11xDk1X7GI61BsM8cVpTLRElG8igPYlzUM%2F1ufpIMatVV8FUoITlonFkSQ3EELuEeVEw3vk6gnC4F2qJZmBmpnF6sOFXIcOcBACMPa72FQJuagkUZ6gsGoQPRZIUIMyFx%2B7rnj46an96tpFfJluYW1B58UG4qpmauYPBJGPiJMWNEhsNOccCCWT%2Fb5j1%2BdblYKy6MvOMBOeVbzhDxKb7x6tmnvfdumVK02EKcOvpr%2FzJCc5p4D8v1yJGB0fKJKLZQ18o%3D%7Ctkp%3ABk9SR5CL0JyXZw
iPhone 11 Pro 256GB Unlocked Pearl Grey/White. Very Good Condition,,£115.86,delivery in 2-3 days,22 Feb 2026,10,Pre-owned,https://www.ebay.co.uk/itm/227227435198?_skw=Iphone+11+pro&epid=16034214113&itmmeta=01KJWWM0NPFQVV0SMWBB7WRYJV&hash=item34e7cf80be:g:1eoAAeSwHthpmuoj&itmprp=enc%3AAQALAAAA0GfYFPkwiKCW4ZNSs2u11xDZxP2cNV07OkX0cfItuW5CiGeWxLB6xCRDjL9h8dcUyRbY5xMhPzQhwdhT%2BWOeG7qEk81rnf46YDek%2Fda7J9BZLOr8RSweqcrypC3Z8YjSIz0gaHwSBZo0Ozd0Js4Zs8%2F%2BQPdJd2NPwqc3EfUF8oksUYPlF3KuZkh%2BOatVuxKIDhz5UkD5LuYDcFeU1gyK2xcS7nL5PXTIxHmAwQNgzVVbyOYoIXy53bYl22gYa6hhazU0duzud%2F8AIlXU3Q6f%2BU8%3D%7Ctkp%3ABk9SR5KL0JyXZw
IPhone 11 Pro 256 Gb Unlocked,,£146.30,delivery in 2-3 days,22 Feb 2026,10,Pre-owned,https://www.ebay.co.uk/itm/358218869239?_skw=Iphone+11+pro&epid=5034225079&itmmeta=01KJWWM0NPRTQP60TXS4RCYF60&hash=item53678229f7:g:3LoAAeSwUpVpkL9g&itmprp=enc%3AAQALAAAA8GfYFPkwiKCW4ZNSs2u11xAtul6RlOmKh9Wg5xZoIRAxLv0JzujhZiuijBqKfFTMCyqcdFWove%2BSjpDHmVCYlzTNUji3zXNzYlRKFD7hceas9OQJsvejdcWrAGAs0YmPIR%2FPnbWSXLmAQR981P71C6BTnDYc1xaO0KBhOYoQWj%2FlrTen4pg6O%2Bkz4xU7%2B583EHLQN%2BNPFtPIlXWOrd704jW%2Fshb6nZo5BbMMRSfWoGb7OmSej2nH03odQjyy6mSy2oZU6iKoQ%2BEauo3SWpsMY6GzMxI6m6B3yBvrKDWTTyINFRqGmCvGL%2BfvPg1AffPiHw%3D%3D%7Ctkp%3ABk9SR5KL0JyXZw
Apple iPhone 11 Pro Max - 256GB - Gold (Unlocked) A2218 VG Cond. BH 84%,,£163.20,delivery in 2-3 days,22 Feb 2026,10,Pre-owned,https://www.ebay.co.uk/itm/147155113231?_skw=Iphone+11+pro&epid=23034220841&itmmeta=01KJWWM0NP9RYF5JH5Z1K1RVG7&hash=item224320d50f:g:n90AAeSwP9hpkbwH&itmprp=enc%3AAQALAAAA8GfYFPkwiKCW4ZNSs2u11xD1%2F2s6MVWJp1aVcHiOSW6UV0NnBaAj9HULGWx7CPp67%2BI30sM08paSXX7jda0lamZeRecyY%2FGmbE7Dod7zhNvYUkU1eCYSlkW2AM4BNKul6q8y96%2BKYg1B9IQBL6luJV2YEHM2MoJT7iG%2Fxr9zlCmR5m%2FaO9aitb75sPtNkZJxGikjtmEirD3q7NmiQT2LDwpZVrjyERMr%2FlaLDY%2BReUKhp%2Fb%2Fg%2FcUvXMoOiS3nzWMTFCPCYvmQz4QAUpDkX%2BneP42DoFt3c1QDLTGFs6Ie%2Boq%2B%2FeFLaWUzozUhrSOOi%2F4PA%3D%3D%7Ctkp%3ABk9SR5KL0JyXZw
Apple iPhone 11 Pro Max - 64GB - Gold A2218 Unlocked - Read Description,,£119.99,Free delivery,24 Aug 2025,192,Parts only,https://www.ebay.co.uk/itm/406153626036?_skw=Iphone+11+pro&epid=28043360551&itmmeta=01KJWWM0NPT9K5F2CB6YQ5GHDX&hash=item5e90a481b4:g:VCsAAeSwFfNoqF2P&itmprp=enc%3AAQALAAAA8GfYFPkwiKCW4ZNSs2u11xDcSpFB4VgiaIGUJHNJkUnJIIDthht5p%2FtrUi%2Fun6eSMy4THJD8lx7liKZhwVwNw8ykQIKQniIrWqZo4DoKAfJYV%2BF3dEh363rAn3g%2BLpA7aPk%2FCAT6DkDV1gKwha9Yyalfr4ALvVdglHXvTcq%2BbNc719EkkMQ8TH6MYXDt%2Bi0PDQ47BSYsUXnhPl5WpFe2Md0pKnTxDXtxP0ezwZMesc20mX3pvbelhRl9PLOKijH6SUKfJNx0w8XMEwWhpEZggAw4h1E3CkJJk5EDJjNwvDEcHiqHueoLXUvnVSF9Wmn%2FJg%3D%3D%7Ctkp%3ABk9SR5KL0JyXZw
Apple iPhone 11 Pro 64GB Space Grey – Unlocked – Very Good Condition,,£109.90,delivery in 2-3 days,22 Feb 2026,10,Pre-owned,https://www.ebay.co.uk/itm/389652969539?_skw=Iphone+11+pro&epid=8034218244&itmmeta=01KJWWM0NPWK8P2WMSMYPKW8F7&hash=item5ab9207843:g:QscAAeSwDoBpmiha&itmprp=enc%3AAQALAAAA8GfYFPkwiKCW4ZNSs2u11xB01ky5Xd%2BgMaLLj4Ma6aZMHIEc8KFIuvR05%2FR33eBzX2nR0C55iUv9YRE34nvGIF6gIJF83kJ5M1qrUeiuR18yNAbfk6FImrr5su2X70P%2FLbbjfM93XnTf93MiAfovzDH7l6qYliG0HTLMsAxby3VfDo8U5xN352ysf4Asvu6U6qj3eDOvYiQIkoyZm2KNNXB1K8KB29i3KcTsvAoF89E3jWuA7oQdhacg7a8Dv7IyhZSAzEwDu0O0DUKlIW%2BNG%2BuKSsS1Kq4gpmED6AMzoRXk6p1DwfyIJdaMRKp%2Blf1uSw%3D%3D%7Ctkp%3ABk9SR5KL0JyXZw
iPhone 11 Pro 64GB Excellent Condition iOS 26.3,,£127.70,+£3.94 delivery,22 Feb 2026,10,Pre-owned,https://www.ebay.co.uk/itm/298034931765?_skw=Iphone+11+pro&epid=8034218244&itmmeta=01KJWWM0NP82XQ4T78JM99JBDC&hash=item4564442835:g:4~sAAeSwNlBpkcfE&itmprp=enc%3AAQALAAAA0GfYFPkwiKCW4ZNSs2u11xA2PiSF0N4U3hb8LNx4EPEQVvcRi9OfHrHGRj7QFyzLPiRBoWvgoEFPtO9u%2FQO%2FC4zLiv%2BTQlOK8Vvc3p6rEpt1UZiPefAFctOuecMgmfnTyqrTV8%2BHi0VO1bOaZmVnAyAb%2FY%2Br%2F68p9Ze9Ez7tgtm8gICehNcnpeZUu%2FZ3MAhhvmcQ63PPwjkp5ZrX5RDGBdCyPHmihZ2pjPbI2lfE5%2BRAAyvNKRnfHUgq1KspcXdyeM%2BwxP3z7StU6LkqtthPGPo%3D%7Ctkp%3ABk9SR5KL0JyXZw
Apple iPhone 11 Pro Max Unlocked Smartphone Space Grey .,,£125.50,delivery in 2-3 days,22 Feb 2026,10,Pre-owned,https://www.ebay.co.uk/itm/397637416329?_skw=Iphone+11+pro&epid=14034212889&itmmeta=01KJWWM0NP2G1EEMR34KR1DE5A&hash=item5c95097589:g:w9EAAeSwODlpmu4x&itmprp=enc%3AAQALAAAA0GfYFPkwiKCW4ZNSs2u11xAazMIwvJJMmWb7SZuLDbXFmLWJutGxrdjo3vEfLOkCmfn%2BYVMffe6Dwnblz%2FedwrKCkUTW0cmX6zeVOvz1ZA2z2uoX9y3%2FYAKucF%2B%2Fr6UwHfWRM59lyPS2zWo%2FfTsZ0%2FO7CGvS%2FpHplc12LrMoEc55p%2F%2Bpq7bujgNhlJLcH1R2bqaO0BEIMla2PlJnI9tN9fD2EcqX5%2BwYbu2UtVP4VMiVRPw%2FpiayhLAbAbdO%2FnXU3E299EADR5TfoXmWYRveDpY%3D%7Ctkp%3ABk9SR5KL0JyXZw
Apple iPhone 11 Pro 64GB Space Grey Unlocked Smartphone,,£86.07,delivery in 2-3 days,22 Feb 2026,10,Pre-owned,https://www.ebay.co.uk/itm/358232810641?_skw=Iphone+11+pro&epid=8034218244&itmmeta=01KJWWM0NPGRA5BXF7Y2HGJ740&hash=item536856e491:g:ksoAAeSwtMZpj1C3&itmprp=enc%3AAQALAAAA8GfYFPkwiKCW4ZNSs2u11xBu%2B0rDvEElNxd0h4OerM29dx9vMAaRnOXyJ6OquUHdFH6vGB3bh%2Bm9%2B5pA0XRky5lifwppsYMlOygzENfk9mX3UjnKL2WRTLVjTmkSY72C%2BpGnSdb85FlTuj3BoHCmXYxgFsXYb4EguuD5xIDXx8cY7KNauvHwJ%2Bz3dNTf0CPhwvO5UPSh5SgmUKf6JhZbSwbOhXHNnafsbgXB%2Bsqbe9Z0IQnZEAOZgHPzff2tqmVtMsov8c2olbBX4bM%2BL8eR4pNlvQNiJI5Buq5oGE1Ya5OjsTjswy318Myc4wCeLPcviQ%3D%3D%7Ctkp%3ABk9SR5KL0JyXZw
"iPhone 11 Pro 64GB, Midnight Green, Unlocked",,£89.10,+£3.38 delivery,22 Feb 2026,10,Pre-owned,https://www.ebay.co.uk/itm/236648003100?_skw=Iphone+11+pro&epid=11034210273&itmmeta=01KJWWM0NQMVRJ7F3CAKTCWTKN&hash=item371951f61c:g:bhUAAeSwK~NpmbNB&itmprp=enc%3AAQALAAAA8GfYFPkwiKCW4ZNSs2u11xB9HS2PW%2BEgu7LQQDwp2jYRh%2FM4irTI%2FVzaFxuhGupSQJx3jLEyrO3pUswfeTvhnk0A6LQhgOM1vxeBKN4eMr42laC0q4ubW9dFFcMj%2Fg8qqwjAX0PludZZXUAF4aHWP1mUUaVf8vQG0fbK0OvB2DIwBRMaTbC0HqcbLmgJP0AV2gqnAwdB%2Fx4a%2FRYfz%2F3YnYN%2B8lyvuDAVtgkSUzClaWLpRk4dikBRzm5pExU%2BmgJo5Q4BUogXTZGRrxaMD3baRurfwfdXPHRQHjjqmi6n0CBIVXm8bflKn9bFMtKNdL1INQ%3D%3D%7Ctkp%3ABk9SR5KL0JyXZw
Apple iPhone 11 Pro Max A2218 64GB Matte Space Grey Unlocked iOS 12MP Smartphone,,£119.99,Free delivery,22 Feb 2026,10,Pre-owned,https://www.ebay.co.uk/itm/397619782960?_skw=Iphone+11+pro&epid=22035995376&itmmeta=01KJWWM0NQP1K5S97A3S35XHNG&hash=item5c93fc6530:g:PkoAAeSw-pZplDrP&itmprp=enc%3AAQALAAAA8GfYFPkwiKCW4ZNSs2u11xBpz7lQXeOFAHlrdhGBTbCUdK7RQE3LPEwCCoy7mVhFyvOitn5LbR2oyFBsfiYujMcbl6rpieH7jAp1DXl30FXnTlLRY%2BY9rKb%2BwWKBDEcBc5eaP%2FTJ%2FKdkDSDzAvE%2B3F4H9UnetDJl0793YbWRrrnUUj57tVFOylpzF7G1wCHUJAND6I%2B8XFCXi%2FDk3BnJch7mlAUY2lyqGp6pFk10dm%2BG9lqDHXddx73M1Qxpr7IgNDEGaV%2Fph5%2Bzpt9sh2ahDU%2B0w2lVsgKFVEy2P7BDlmuoOnMX1YsWsUlZSYYuIyVgFg%3D%3D%7Ctkp%3ABk9SR5KL0JyXZw
Shop on eBay,,$20.00,,,,Brand New,https://ebay.com/itm/123456?itmmeta=012DEW30YG0MEEKND7NH&hash=item123546:g:acwAA9KNiJowH:sc:ShippingMethodStandard!95008!US!-1&itmprp=enc%3AbgepL1tlUHjMGCVfSTGJh%2BzsVKeJ3CQk7NizDI4BZeppuFnmyS6Ijyp8lh%2FnEw%2BWqO7uTV1Q6izE1R0T54aV8j71F4xlWfVcGft4%2FiOQhtqVXA1rW6M1atPARQRmhqUxtEPJKhKtSFgI%2Bvwlzb0GwVCtkp%3ABlBMUObkmabpYw
Shop on eBay,,$20.00,,,,Brand New,https://ebay.com/itm/123456?itmmeta=012DEW30YG0MEEKND7NH&hash=item123546:g:acwAA9KNiJowH:sc:ShippingMethodStandard!95008!US!-1&itmprp=enc%3AbgepL1tlUHjMGCVfSTGJh%2BzsVKeJ3CQk7NizDI4BZeppuFnmyS6Ijyp8lh%2FnEw%2BWqO7uTV1Q6izE1R0T54aV8j71F4xlWfVcGft4%2FiOQhtqVXA1rW6M1atPARQRmhqUxtEPJKhKtSFgI%2Bvwlzb0GwVCtkp%3ABlBMUObkmabpYw
Apple iPhone 11 Pro Max A2218 64GB Matte Space Grey Unlocked iOS 12MP Smartphone,,£119.99,Free delivery,22 Feb 2026,10,Pre-owned,https://www.ebay.co.uk/itm/397619782960?_skw=Iphone+11+pro&epid=22035995376&itmmeta=01KJWWM7W2ZW26G6AWRKP7N6HN&hash=item5c93fc6530:g:PkoAAeSw-pZplDrP&itmprp=enc%3AAQALAAAA8GfYFPkwiKCW4ZNSs2u11xBpz7lQXeOFAHlrdhGBTbCUdK7RQE3LPEwCCoy7mVhFyvOitn5LbR2oyFBsfiYujMcbl6rpieH7jAp1DXl30FXnTlLRY%2BY9rKb%2BwWKBDEcBc5eaP%2FTJ%2FKdkDSDzAvE%2B3F5KTzUkJZGYyC4Pgm1LP8oG8I%2BW58Z0W2bJWX%2FuULUk5z6AB%2Fkhc7mwJajkB3EurXtfj0%2Fd%2B%2FsgHjSeY8biT4nwtT7%2Bo2FiLM4gC%2FanxgRzECpbU%2FWKjmd60msVD7Ah5N%2FNwtg%2Fzb3ZFBCmplma2T0AGFYQgqWq83fpu1E96QjT7Q%3D%3D%7Ctkp%3ABk9SR6r-0JyXZw
Apple Smartphone iPhone 11 Pro All Colours & Storage (Unlocked) iOS - GOOD,,£159.99,Free delivery,22 Feb 2026,10,✅1 YEAR WARRANTY✅FREE TRACKED 24 DELIVERY ✅ UNLOCKED,https://www.ebay.co.uk/itm/406646840583?_skw=Iphone+11+pro&itmmeta=01KJWWM7W2732J2N6HM4VYD4V8&hash=item5eae0a5d07:g:rgsAAOSwRS5i56sJ&itmprp=enc%3AAQALAAAA0GfYFPkwiKCW4ZNSs2u11xAfyt%2B0dvgKlHPSGbkplQRAlRaggRPeXvgI4meBB82gW%2FrSnzRWeydamGPI1tAywRBF9XwWNXpLwDs88MUtPUu1e3jmn679jW2W9hG0NPBqISzkVgLo%2B2ZOXK2qfcA7tmnl%2FIUsJBo%2FB1oicSEFCazyd47pvYSVFHuvRLk6Psac3FQQqyY9xb%2BAKwQtUHjL2o9UTpOBhvNqp1ZiMPbXLockHKFmwKshqzO0iIto7CWsYurRTZIlo8W2yOcKghJJqzU%3D%7Ctkp%3ABk9SR6r-0JyXZw
iPhone 11 Pro Max 256GB Unlocked Smartphone Midnight Green,,£129.97,delivery in 2-3 days,22 Feb 2026,10,Pre-owned,https://www.ebay.co.uk/itm/358235297388?_skw=Iphone+11+pro&epid=27034209624&itmmeta=01KJWWM7W3PXPGH3JQ1GB1DH8K&hash=item53687cd66c:g:l9QAAeSwg5ppTTmG&itmprp=enc%3AAQALAAAA8GfYFPkwiKCW4ZNSs2u11xAlJxguGVo9FQ7wU4zPWw0qPWvE9oAHZG0nJHKdxwtloVZDbDeo%2FZ8FpW1AHOTHlSO3C6tevnojeDvEzZu0nqvMJSJgSjPq5zepSjG%2FgWJ2MZazi%2FA8cIEmXh0xL7h%2B5QKFL0Qghi1bG6XVJZ%2FEYE7SsSXl3HrREWj2SeMcgw9CgDCmlABLNJAYXDH%2FQM9EJi3UQl%2FV7mvATJNRysMYtbMt8FX4fg9F%2BvqIVwGrBO%2BNzN1syFqesubRz%2BHv06QBogSxaWH71ndAozFQm%2BpPxGS3XjgHNnkRN5%2FTCF%2FECef8EQ%3D%3D%7Ctkp%3ABk9SR6r-0JyXZw
iPhone 11 Pro Max Unlocked Grey 64GB | 72% 🔋,,£114.99,+£3.42 delivery,19 Feb 2026,13,Pre-owned,https://www.ebay.co.uk/itm/188025704181?_skw=Iphone+11+pro&epid=26034221360&itmmeta=01KJWWM7W31S04D7TM2QPVB946&hash=item2bc7348ef5:g:7bcAAeSw7-ZpVqJo&itmprp=enc%3AAQALAAAA8GfYFPkwiKCW4ZNSs2u11xANoajrWrtlUUUdpHolfbfRREcEwgWCYmpZw%2Bed7%2FonF%2Fv2C22Lq4Tg5WcebHICeNQyX2mPz6HqskFZDGyimrAIR7XpZhs8mBqTmcPsgZg64vsBq8gssIjTNlevrHVBIyzmL3%2FOMsJt6Zd83afgvnmRhHalOCNKvDHvsvUKvbn2QnEmu%2FYUe4BXfSpqBUt2UpZfwAjo9bCS1fnMx4aqNrU6im%2B1jcsmZjCDYctFRNw6pfmAzxOfD%2BJKKOs4Rq0RjcTZ7%2F%2BLs190qnTzrAoLxmjSkapmJH%2Fa7FUlR4B49yjd6A%3D%3D%7Ctkp%3ABk9SR6r-0JyXZw
Case For iPhone 17 16Pro Max 14 13 12 15Pro 7 8 SE 11 Glitter Bling flip Wallet,,£8.99,Free delivery,21 Feb 2026,11,Brand new,https://www.ebay.co.uk/itm/167294425271?_skw=Iphone+11+pro&itmmeta=01KJWWM7W3XV7CVFCHS4RQ2FDK&hash=item26f38658b7:g:l48AAOSwsqVl51b0&itmprp=enc%3AAQALAAAA0GfYFPkwiKCW4ZNSs2u11xDKTL1Du8mEj%2Br4nP8bWFgvUzgMdJtZnd8ZSvx6fbqW34pj1gb8z7yZ1F4285BbxGQ9yQRFID0JDQ7PTmAguNE%2FzYsI5Vfv7v3ig0Sw8cDbff1w29yEgh7vKUK6rZbRtY--lRXmxbPBdvatulXEDI2T%2FYUkPaqMhHSINJDgGynCxFvRXuBHO7zjd6GNV%2F8hRL9efLGSiHe8lR1H95egiuvT%2BTqvZopb3WZz7j%2BRRBr3m%2Bgx739WTQmCFzEoC7TJ0SE%3D%7Ctkp%3ABk9SR6r-0JyXZw
Apple iPhone 11 Pro Max - All Sizes - All Colours - Unlocked - Good Condition,,£195.99,Free delivery,21 Feb 2026,11,5% OFF CODE MAGPIEPHONE5 MAX £50 - 12 MONTHS WARRANTY,https://www.ebay.co.uk/itm/294871171901?_skw=Iphone+11+pro&epid=26034221360&itmmeta=01KJWWM7W3BQ2FGJFS6PVMR4T8&hash=item44a7b1033d:g:UvkAAOSwfLtiNI2O&itmprp=enc%3AAQALAAAA8GfYFPkwiKCW4ZNSs2u11xAfERPV3DOh9Uu99%2BV1OzKp0%2Bpr5Xyj10P%2F5nrqP6Y8BEvL6mjEHzCi7djP%2BwC1bZCn4EQ43kP5bj1n6tr6EF%2FECpuylUb9fSs4A7XN04mn0NReQ9vo2ftRQgm5ecexAY6vCK4LO9Zk9Lk%2F1ZpunXQ%2BQCKIZTdMxJ16BbN51jmlhr3EixiGZFQ%2FQZSgZ3I1RIaloxjjn92R7uew0A%2BmaSF%2B2%2FnShqvlmpLeUo5jCUzsRoVYXR2VYkxnyEQx2tF2DV3J3h6Sgyk1uWFOBTciLDf2xMej2NC4n%2FJ5wrI0xEbJOQ%3D%3D%7Ctkp%3ABk9SR6r-0JyXZw
iPhone 11 Pro Max 256GB,,£147.06,+£3.94 delivery,21 Feb 2026,11,Pre-owned,https://www.ebay.co.uk/itm/298034288757?_skw=Iphone+11+pro&epid=14034212889&itmmeta=01KJWWM7W34635QDPNDZPFT73H&hash=item45643a5875:g:Z0sAAeSwUzhpiFEi&itmprp=enc%3AAQALAAAA0GfYFPkwiKCW4ZNSs2u11xBMWRNwJmrsGtnGeWDtbyVRwBzmgSC1BF%2B0Gz7i8rLTR1nHS9nAe0Rxt4tVgG3YCKBC%2FxGHgXoxvYsJr7kpS98w4L8RbU7S4NWCl79Wd7X7SY%2B4Pwl48aG%2FngBN%2BpF5i5Sk3izVBtPjJ2X%2BkTFjEhxk%2F2eADrbIraUSANx7cpIDhFvLw4D%2B766v95fAsDmK2G9kkvx9KJRnwajIxPLTqB%2FFIAkXPskmTZTcuJFmkrgZdT7uBwJPm74%2FNJqMeRlbpdw%3D%7Ctkp%3ABk9SR6r-0JyXZw
iPhone 11 Pro Max 64GB Unlocked,,£135.90,+£3.42 delivery,21 Feb 2026,11,Pre-owned,https://www.ebay.co.uk/itm/327012175503?_skw=Iphone+11+pro&epid=10055692066&itmmeta=01KJWWM7W3348A8R1CF58SX5KJ&hash=item4c2371ce8f:g:aSgAAeSwobZpmcmY&itmprp=enc%3AAQALAAAA0GfYFPkwiKCW4ZNSs2u11xBsDVhJ28rHBmoGIz90W1xa5AxjKaTzmxYEB%2FSwhxFgABoSL4MUEnQfpn70lXKPI%2BCKis9wkCyMabV%2FgoDhTXD4zVXA07mmLabTuNbPAgq4pkLeYosjalDa3Q7fnucc3ZfHcSr8OzhuSLGhabbxLApDR8Ia2vd9o5Z6NvqBS2fGng%2F1frgKWmPyay8rv%2FJ0vOr6s2crfUQTRepioObXa0QCeZsfj2PjlGe8O6tBSRZcgJJQ5NzcJzzlvcY6QxKdjmQ%3D%7Ctkp%3ABk9SR6r-0JyXZw
I Phone 11 Pro 64 Gb,,£109.08,Free delivery,21 Feb 2026,11,Pre-owned,https://www.ebay.co.uk/itm/198107539077?_skw=Iphone+11+pro&epid=4034210697&itmmeta=01KJWWM7W359J0C8P1BDN3ZPPP&hash=item2e20212685:g:9zAAAeSw0m9ph7FQ&itmprp=enc%3AAQALAAAA0GfYFPkwiKCW4ZNSs2u11xAMPxW5cV7u3Cc%2FF1DpsT3Wgelm4FGj4mj2DJ795w92yf6FnNQPJDYFumKCUyw1eEZp%2BbxnnrHzDHgnz%2Bljg%2FHaVKRJ97IT71H99X939wrzbmG%2FHXVhaOKSfhBIKQQw%2B72dH7FeqBVx3b9%2BI3VcC4GOALZtQ6CGGBxpz4bptevJzGi4uYeX%2FNcY9SRBrdk%2BJ3KXUatI9lOsDsdfCya9H1G4yTgRZ4RXId33nuPMP%2Fp1h7dP6LLlDwWqCJZUf3orvwQ%3D%7Ctkp%3ABk9SR6z-0JyXZw
Liquid Silicone Case For iPhone 16 Max 15 Pro 14 13 12 Pro 11 XR 7 8 SE Cover,,£3.99,Free delivery,21 Feb 2026,11,Brand new,https://www.ebay.co.uk/itm/324595770340?_skw=Iphone+11+pro&itmmeta=01KJWWM7W3110EX8FQP1BEJBBC&hash=item4b936a63e4:g:GFAAAOSwRnphTQ27&itmprp=enc%3AAQALAAAA0GfYFPkwiKCW4ZNSs2u11xCyHlUdIjbx4DXhGbdfHRTfu1kuKCjIS5yPUF9vCfQKQGIQEg7JBbYJpP%2FAVDIwGdK4UV5uBqmgPBDnFH5pBCMZcBMUMeyM8Iyy455k0zvP84URJ%2FNe%2FT--tBAG4CMZGqM2kulLxnETm9F4OwYHNEkBqaccuC8bpQkO5bw2aNKWRW5aSRDYEXQSgLdd8Hq748ngi6m8gBEN%2F4y3YIo6YPMe0ApiqhxW9VuszlX6jNjnP%2FxYMAy9r3%2BytskCdoVg3%2B0%3D%7Ctkp%3ABk9SR6z-0JyXZw
"Audio & Charger 2 in 1 Adapter Splitter Dual Headphone For iPhone 17,15,14,13,16",,£8.99,Free delivery,21 Feb 2026,11,Brand new,https://www.ebay.co.uk/itm/335333077958?_skw=Iphone+11+pro&itmmeta=01KJWWM7W3155R9M11RMM67F5G&hash=item4e1368b3c6:g:lvQAAOSwoXhjqLvb&itmprp=enc%3AAQALAAAA8GfYFPkwiKCW4ZNSs2u11xB0nwlnuS9XcUHELjKSrlsl12YPFyWTfvTObTQZkpSjXg9me2vDxoZsMQFsggUqHVcgcqTOOipSSjZdY%2Fstd5BBkcaljJsDIrWVWDsjS0QEoyrlca8KugdPuJmkdEY1yZoq3WIZCaOYwiu%2FpFSP7zUAwT3N6wuVlvgYVXlp38vW1KO4SnEGym8%2FsYodrxA6xsK%2BkTqAU3y69qZFFM1eME496GJXoPvu13XUv%2FSA5SnxLQbMXx99XL2xn9A6VLgNNyS127OycLo2VhRto4xWATBRyeGRotbI375DhbABt2Q8sg%3D%3D%7Ctkp%3ABk9SR6z-0JyXZw
Case For iphone 15 Pro Max 13 12 11 15 12Pro 14 Pro Max Shockproof Back Cover,,£7.99,Free delivery,21 Feb 2026,11,Brand new,https://www.ebay.co.uk/itm/287010816288?_skw=Iphone+11+pro&itmmeta=01KJWWM7W3MG8QQMX2HS19FCMQ&hash=item42d32d8120:g:kuAAAeSwFLVpg3P3&itmprp=enc%3AAQALAAAA0GfYFPkwiKCW4ZNSs2u11xC8Mxe%2B9Bk6TkTf%2FFHSng6vDD7bYZ0VqUXhsSJ1o4PqGiuIm2Yl9fkKckAYsPsaXBUXSnBGgexWuPDDJ2mS4SiCSTqjrRlK%2FUyzH4kZNwCmpfoAp0RlbPe7A1ZsyBmzyzErrn%2BssgQSbN2kGe87ijY0tjvR6E00sIm6oYCndIqyEarDYAFzp3TfObXCYzA9s5uWrnapxDgfatlUppIh4PsUfZaDiVMaCoUn3cwYPsimEr3Ioiqw%2BaKxsjrHh63fUIc%3D%7Ctkp%3ABk9SR6z-0JyXZw
iPhone 11 Pro Space Grey 64gb Mint Condition 93% Battery Life Unlocked Boxed,,£146.25,+£3.42 delivery,21 Feb 2026,11,Pre-owned,https://www.ebay.co.uk/itm/358003805062?_skw=Iphone+11+pro&epid=8034218244&itmmeta=01KJWWM7W3BR0JQBNG9PFBG1X8&hash=item535ab08b86:g:HcQAAeSwysppOXMb&itmprp=enc%3AAQALAAAA0GfYFPkwiKCW4ZNSs2u11xDNP1v4ZpMTUuxZ4gwZieQcOZFUa8uqSk5m2ja6DK%2FUFmOI7sQAXHI2vJtZsflvfkVXQ1V5RxIWcmeom3pT9VH3egkCgEs%2FJ300g%2B1SuwIQNZRX0gCxzaUwxqvepoa1GKl0kWjRDBm2mHqi43ctJtPjcw6%2BkTsw5bpfvEKVVoEvVlpkRNQcdGaO%2BxbtKgMkfXqSdcTRF05gUzrMiCakPaPmrsBeBdqQW7TbgnYytv8NBnWmZ4xxwrcpQpDjEnBrLjs%3D%7Ctkp%3ABk9SR6z-0JyXZw
job lot of iphones iPhone 11 Pro Max & iPhone 11 ( Faulty for parts Read desc),,£85.00,Free delivery,21 Feb 2026,11,Parts only,https://www.ebay.co.uk/itm/326955755631?_skw=Iphone+11+pro&itmmeta=01KJWWM7W3CNS31H8659AC143Y&hash=item4c2014e86f:g:F~YAAeSwAZFpZ92~&itmprp=enc%3AAQALAAAA8GfYFPkwiKCW4ZNSs2u11xBprBNGw8CXpPUqGiw1Srf9FU7HYUiNfEFXEKc25n9uWlw0CmYpTzUSx%2Ff7GT9JAzoQTL2XuJl5v6sxc2CCrpQYCtV0wgGLnXXhneHP2PmuRjRzAmy1uLiAs8aDEgimQmLmhj8V0wdFGErR03--moajJNyCfSPkM2m%2Fkqg%2BdC%2FT0JdKqLBYIKcCCJ83GTQovn9wO9RBwHDX7oW6g22OU1pSV2ACYQfVuY3mgM%2BnlPZHDcm17YQlY2dZTlmFnSnzlzo54kyZIMa4hAA%2BZjTwPMFUO40eV2Ff9ucs2tA4p2CHWQ%3D%3D%7Ctkp%3ABk9SR6z-0JyXZw
"Apple Smartphone iPhone 11 Pro Max All Colours & Storage 6.5"" (Unlocked) - Good",,£159.99,Free delivery,21 Feb 2026,11,✅1 YEAR WARRANTY✅FREE TRACKED 24 DELIVERY ✅ UNLOCKED,https://www.ebay.co.uk/itm/405983542815?_skw=Iphone+11+pro&itmmeta=01KJWWM7W3FSC8KSBA58YB6MK3&hash=item5e86813e1f:g:rgsAAOSwRS5i56sJ&itmprp=enc%3AAQALAAAA0GfYFPkwiKCW4ZNSs2u11xACHBaX%2FrkKgjAymxFtTBgE%2FCbX88vVSr5257ktVc2JPxvXKmU8LoOATuE0H6bgocF69r6P79j2Yvl%2Bc11sQxGbrhaJ8mHsffXvOoRO18VDUxmGsXCeIujIw5Ozxoy3wuVEN2G4HsEZA3MKZkMRUbEo3ptg48v81QkdlEqDT5INvdRLAOFNhNFQJAa7tcxEhDYFkuffTyf%2B3Avo4RloDTcvXPlnyGauRWwxVfVlNK1pXaPc80eqszN1g1XgZqumQ1s%3D%7Ctkp%3ABk9SR6z-0JyXZw
Apple iPhone 11 Pro 256GB Midnight Grey Smartphone Parts Only,,£26.70,+£2.94 delivery,21 Feb 2026,11,Parts only,https://www.ebay.co.uk/itm/358243343785?_skw=Iphone+11+pro&epid=5034225079&itmmeta=01KJWWM7W3Y5TWXZPF19QHJQF6&hash=item5368f79da9:g:qIwAAeSw4tVpmeCn&itmprp=enc%3AAQALAAAA0GfYFPkwiKCW4ZNSs2u11xAlPZN4VLz%2FZoZyLM4cSRPnZXNuZZnZLyEouMZNCACrPVndxH%2Fbew29Mev2NDxv7huxAqDUvq%2FcvK5ewJI3JirgvZHJ7FkKS2iQvcZDlK8pbIdI3iugyZU%2FsnGSdcumXZXP%2B5yB4C%2BxrU3zlJGEwn1sYA1e%2FnKHFw%2BaPnMJF1ROSWJdvaM0sSxyAX2CUa6t%2FR16m3jzKgeJn7bKJeos6FWn4E%2F3mqnOju2GqHascxf8oakpd5sIRlcO4VKSvm4n0Bc%3D%7Ctkp%3ABk9SR6z-0JyXZw
Apple iPhone 11 Pro 256gb Unlocked,,£132.78,Free delivery,21 Feb 2026,11,Pre-owned,https://www.ebay.co.uk/itm/317906565027?_skw=Iphone+11+pro&epid=5034225079&itmmeta=01KJWWM7W3C96M2DB0A81YXP0H&hash=item4a04b537a3:g:s7cAAeSw6yBpmXKl&itmprp=enc%3AAQALAAAA8GfYFPkwiKCW4ZNSs2u11xC1QHH2xFccmD1S%2BR57%2BNZdhgDZEMtN5tdqeDpoByJOb%2BhaELUALivN4F%2FpdtQfHbtLo37nYkg3mRpMNORYqLMCbgGMqtNMHSrwfAshJwxJB4IoTwG%2FcKcm0UzhQ15btnwWXLK6WM7Iiw%2B7kcCI0cSz%2FhgBmci4wzVhq88iS1aLF7Z8HZgHji5Vfp4lYrDSkln%2B35eDTBxpPpB8kSqCOiynwazSQw8yI2bnYO0UsVQ77CZylMPerv9KMv4UklyJtCR6oqAwlw3RRutt5bL3l6GoDeL%2BCtFaI2ZxMElkaBGgrg%3D%3D%7Ctkp%3ABk9SR6z-0JyXZw
Apple iPhone 11 Pro Max,,£115.10,+£3.42 delivery,21 Feb 2026,11,Pre-owned,https://www.ebay.co.uk/itm/198126123183?_skw=Iphone+11+pro&epid=5034224996&itmmeta=01KJWWM7W30CQXGXB6Y7NJ9M9Y&hash=item2e213cb8af:g:M1cAAeSwHthpmcfj&itmprp=enc%3AAQALAAAA8GfYFPkwiKCW4ZNSs2u11xBrp8gO%2BjFOCN9J4tkBS3Q4sLSfEpUhuh79EbYQBKHAQeUezItyF6HYC1kO6THZdDuJom%2FFercjnumGv9cHrd1HOB6pttZKQkRb0j1Dk3YGt%2FntsG63Jw1ZvNGSX7ZHKW490nmgncBmh48qdBLT7y0KIp62ZO4LLNin%2FyZ9LTvt9Yrs1Y2N8IuSnOfx4vfhdxJdMwkDWsD2oBI8y2YPu2hyZ3QCfk52vSsfZepTOiw2KQQKz309P6gm9Dd0QspWqGZ4hRjXKsY3JNXzZ7Jp2b5pAdUesHnU0NqS4GRwCIaR5Q%3D%3D%7Ctkp%3ABk9SR6z-0JyXZw
Apple iPhone 11 Pro Max Smartphone 256GB Rose Gold Unlocked,,£78.25,delivery in 2-3 days,21 Feb 2026,11,Pre-owned,https://www.ebay.co.uk/itm/206078438997?_skw=Iphone+11+pro&epid=23034220841&itmmeta=01KJWWM7W3JGSY5F7K3YJNTXPM&hash=item2ffb3b6e55:g:KckAAeSwtydpldKE&itmprp=enc%3AAQALAAAA0GfYFPkwiKCW4ZNSs2u11xBERoD5PdqErae9kIi9SdKAa4%2FQ0WSSzxR278nK4yVFeB3S%2BxkvWboAaRM0J%2BZpJqkCTvGBjDhsKU8iK4j1t4kwSZ1dUt7Th3P%2BH2T1%2Fx6J4CLj%2FpiAZJPK8FoHqohCe4rHoJ8G5wWtqkiKQ5DPG9oToIheib9emDDEKylTxB9PNitBFeI8cNYNV9fCobCyoOr47rx6RD9Qekskx3kYDIehjt8WyOfk--QPchKYw5V%2BfgqS08uZoExplzHcgsoNzmA%3D%7Ctkp%3ABk9SR6z-0JyXZw
Leather Flip Wallet Case For iPhone 17 13 15 16 Pro Max 12 11 XR 8 SE 17 Pro Max,Leather,£3.99,Free delivery,21 Feb 2026,11,Brand new,https://www.ebay.co.uk/itm/117006038393?_skw=Iphone+11+pro&itmmeta=01KJWWM7W35MCJNPHPJA0GX01B&hash=item1b3e1a7579:g:z1QAAeSwzFhpekfI&itmprp=enc%3AAQALAAAA8GfYFPkwiKCW4ZNSs2u11xA6G94wNd7rpWIXK4oe8ljVPRIwyid3ULMBo7gcQ3N36LbV3eMtZpeHovCVUGp6QX7MOt%2Ffxg%2BK4SlL0RUHafFlW8exdbHSWbfFHr4xEdA0%2BWz0Xrxy1XI%2B1K48Uu35vFdOw2gT0NPzw1I3gvAFFPf9ODq13HzAqtXu4jEJwFu4EVAPdyUZ3JJd6y9eQypznHYIBjmvliWMC%2BN4NZlIyaJ1uhocRDmTTWZNTH2EZ34F1aBCsJswwdl2j3KJ%2FrcmaJpMA50GNn82ARoYW4HjHB7a9utLNvoryYf7UA%2FxfLxWDw%3D%3D%7Ctkp%3ABk9SR6z-0JyXZw
Apple iPhone 11 Pro 64GB,,£118.08,delivery in 2-3 days,21 Feb 2026,11,Pre-owned,https://www.ebay.co.uk/itm/327001553623?_skw=Iphone+11+pro&epid=4034210697&itmmeta=01KJWWM7W3KMCY9H4CBRNRKWC4&hash=item4c22cfbad7:g:JJQAAeSwe4VpjJbK&itmprp=enc%3AAQALAAAA0GfYFPkwiKCW4ZNSs2u11xCCo1Rn3KTIGVSQprcfzL%2FocKRonJ2xY13emyF39hmdUYjMmvjg84rQugVUcrIwOJIaI0Lsh9y2TLTQm39Rkn4jFPAgvcMJ%2FJj6niw%2B4XedA%2BlBIzeJbRUveLRBn4wQlqlAeBfN6KTmi7N7pa85peqGVEIOweJXVjmUnQmKm92x%2BFR0ic5bqMPLcP9jUCsP3UnvfcFnQMZ2MLOW2rYEbUPcPghWgcXQ7qcMJLW1jEw5mxSwt3KeLglh3kgB1%2BHDSS0%3D%7Ctkp%3ABk9SR6z-0JyXZw
iPhone 11 Pro Max Chassis Used,,£31.90,Free delivery,21 Feb 2026,11,Pre-owned,https://www.ebay.co.uk/itm/365981382052?_skw=Iphone+11+pro&epid=11034210143&itmmeta=01KJWWM7W4FEJA36E8269ZWVTH&hash=item553630b5a4:g:46UAAeSwEMJpDzmP&itmprp=enc%3AAQALAAAA0GfYFPkwiKCW4ZNSs2u11xDoBjyMmY4k1ljgJJzpezoRoK41txHLYxv9ftW3cR74nKKnkoM21zQqnsOC3eEmfwjbKTR%2FNIPEm2vZOH%2Fo3UdYiyM3HRxqmhLO2OkwdCQC1Hw6lMjU71Y0vEoB%2B71c%2FFDhrJdUwhAliVAx7EdMTazE44z6Tw94zchME65gzCG52zYypQNJmFA%2B6mAd0maY0ZaJXZr%2BZfkkurSzv8OZKKY0o8hRIP6BtQkmLHy4dWLXpvQbfIM%2B9TvJqbqAl%2FtzAfc%3D%7Ctkp%3ABk9SR6z-0JyXZw
Tempered Glass Screen Protector for iPhone 16 Pro Max 17 Pro 15+ 14 13 12 11 XS,,£6.99,Free delivery,21 Feb 2026,11,Brand new,https://www.ebay.co.uk/itm/395934000429?_skw=Iphone+11+pro&itmmeta=01KJWWM7W4H5ECQ077MC2334RX&hash=item5c2f81652d:g:SvkAAOSwpVhnQwlU&itmprp=enc%3AAQALAAAA8GfYFPkwiKCW4ZNSs2u11xCZJwJZxkXYJxtJDmDt0vkzpjD5hkhVvofHh98osaQ08593jKQhtCUSPXkio6xs5gOJlRhfUy2FA6VOk1zwwo9JvS%2FyFm4z2uQ0RS%2FG1dLFg3Uo3l5bh9pUBuLYUDDrQp%2FArkwTA07t%2F2bDE%2BBp9oCon3F99Q%2FWKTG2zzwrWj86GYQbbD52e%2F2dhPoPClgPaj6c7k6DYpSaIYM%2BibhpwM19FikfIzKil3KRmh471BAvgNnwHDfARijyVRcOwZ2zHQB1OF%2FLmepwMdwhV3t8BpTT0zD4T0FF6noM4dVUJ0BZAQ%3D%3D%7Ctkp%3ABk9SR6z-0JyXZw
"Apple iPhone 11 Pro 64GB, Space Grey, Unlocked Cracked Screen. Fully Functional",,£95.00,+£2.94 delivery,20 Feb 2026,12,Pre-owned,https://www.ebay.co.uk/itm/177868283769?_skw=Iphone+11+pro&epid=8034218244&itmmeta=01KJWWM7W4N2QW4F1CVPM4NSBW&hash=item2969c69f79:g:C~AAAeSwKqlpkyfd&itmprp=enc%3AAQALAAAA0GfYFPkwiKCW4ZNSs2u11xD6yin5sdL8bAz%2Bn7V%2F0O1hZcn45wGVxJHUSfryAtidT%2BFcOudE2mYacDlUJmLX8pr2fe1Op5nebTeXDTE8E6G4yt8XiSEJ6hPVHLGSdN2f8cgEwcaVVA2ZE9z8lbrxHFzmPrNaYErVSm9HAesVD0f15lS6CQa7JGTPAzcjboEpN92I7FH23VL8RCWfrG8xi%2Fs5hWRugQLplhvoXLYgl6W5On8apsvZoNUAUu6Vn739E8TbYAw093AJn3RJQTik0yk%3D%7Ctkp%3ABk9SR67-0JyXZw
"Leather Card Wallet Case For iphone 17 Pro Max,16 Pro,Air,16E,15 Pro,12,SE,XS,17",Leather,£8.99,Free delivery,21 Feb 2026,11,Brand new,https://www.ebay.co.uk/itm/315852358710?_skw=Iphone+11+pro&itmmeta=01KJWWM7W42GBRYNCSXVSRHVP2&hash=item498a448436:g:Lx0AAeSwWB5o4REk&itmprp=enc%3AAQALAAAA0GfYFPkwiKCW4ZNSs2u11xB%2BKtLdnmXtrNr5%2Fv04n8j8pjt%2FWdFbQKMcGvzQ45sfO5Pn7GR53%2BHSz1HlpE2cp8MzVGEnFU%2FKI0gkOtSLkE5r1paT8rl9AyVfwk3wz9oV4f1q%2FCoHQGKsO14T2R06MNtKVwEZL4VOuAhePrwj7TM83t%2FWk8OwifKax51DgoJHDclUdQNxb1uLZaohRDMB11wKYOdLdXzEEArPnOucBC0k7nT%2Bs3xDfE%2FBBQxsPi6q3ale%2BNPKS%2BQ3YhPLoeqesl8%3D%7Ctkp%3ABk9SR67-0JyXZw
iPhone 11 Pro Max Midnight Green 64GB Unlocked,,£156.70,delivery in 2-3 days,21 Feb 2026,11,Pre-owned,https://www.ebay.co.uk/itm/188058451870?_skw=Iphone+11+pro&epid=5034224996&itmmeta=01KJWWM7W4W3YKHJ9KW4FBED7H&hash=item2bc9283f9e:g:2z8AAeSwHhJpTo5e&itmprp=enc%3AAQALAAAA8GfYFPkwiKCW4ZNSs2u11xBkUA6WZnz%2BcF%2BwuJm81blvW5iZfa1w9%2BiE%2FF8NrbJ5jCZAD5QMp5JAj91VvSDCQqwrwhNL0Y%2BTVVeSY34w7O%2FOUh0F0xk3%2BnX8Oh3wlhYVrXYR%2BqAIrMDrp49zERsw2Fm2EuwBsAQsr%2F3UCp3pVyTgtzarWHmuBkOi8XiSrkQkHngJmCVQDKSbXr%2FY8yJOtMQ3duU%2F5QWCsln8isZMnvNWX%2BvxcD6hHC6xGcFAvQ9vlQupG6aCdaJiCv%2BjToFCcW8dOgB0tdhwc35bjv4OB3%2FdywTBHrBMmAx6exsOJyi%2BIg%3D%3D%7Ctkp%3ABk9SR67-0JyXZw
"iPhone 11 Pro Max Unlocked Smartphone Midnight Green, 64GB",,£141.10,delivery in 2-3 days,21 Feb 2026,11,Pre-owned,https://www.ebay.co.uk/itm/236639135815?_skw=Iphone+11+pro&epid=5034224996&itmmeta=01KJWWM7W4SB9XEZ79V0WMNJ7M&hash=item3718caa847:g:uPYAAeSwm2Zpkd21&itmprp=enc%3AAQALAAAA0GfYFPkwiKCW4ZNSs2u11xBpdFgFLQhIQHrCvypf8j7EjBGP4q6URKu6azzLSBd1UrcrrDRFQnfyoJ7Tm%2FQP1b6c0oq9Gfgrqf1nfx8SIa6eloRIL9sk7teEY4z3qQMZqOv3SVIZve7NXjwKmQSfLgKjOY1AxVOsuyh6rcHXgzR3PXknX30DV6Hf9VIwcURKLy1zI%2FRv8qZ6bTfik6gVQ9IqgjWMoniU2K32CWg2Te7898O8OUCj618NePOYzjT4Q2wLyw7YCN4fmZ6syF8bD2g%3D%7Ctkp%3ABk9SR67-0JyXZw
Apple iPhone 11 Pro 64GB space grey,,£56.86,+£3.55 delivery,21 Feb 2026,11,Pre-owned,https://www.ebay.co.uk/itm/177880486390?_skw=Iphone+11+pro&epid=3034231239&itmmeta=01KJWWM7W416WNPAQQ4TAA2M5T&hash=item296a80d1f6:g:rbMAAeSwy4ZpmYCL&itmprp=enc%3AAQALAAAA8GfYFPkwiKCW4ZNSs2u11xDhug9od0VkkMnffegl%2FvYJ8%2FvC7dVvyDw5obxjUuBdCLuqHzmxU%2FeYRsvvsuFCNyKYCuXZJWDdJomAqe8--d8%2FshmsAbTqS3IB5rO4zlu6WSedzotFJfFwRupF9gk21abGR5ojGkroYjRPM5oUz5MJ9k%2B2wlA14B5%2BLGb4Sburxur5Cqi9LTeZuMgwzF%2Bgi19CkwGYiyl3KLw29JtJyunQvcTpHQO6svFtLo0ysC3t5Lv8M2v6cwevZT4pEkFET6ufPACUwwE8UuozfSxecxnK%2BV4dCjcRCAePtvZiV6TYWw%3D%3D%7Ctkp%3ABk9SR67-0JyXZw
iPhone 11 Pro 64GB,,£156.70,+£3.42 delivery,21 Feb 2026,11,Pre-owned,https://www.ebay.co.uk/itm/157634579213?_skw=Iphone+11+pro&epid=8034218244&itmmeta=01KJWWM7W4E1YQ0MM7M50FGC0S&hash=item24b3c0cb0d:g:lZ8AAeSwW1VpdNzk&itmprp=enc%3AAQALAAAA8GfYFPkwiKCW4ZNSs2u11xB33gXatI7cMDCXVRAoifeRhGD1vdh99EVc3EViwhTzawB3pQB33eBAbDp7Qa4U16eY753QLiwPSmhSiwcIsK4eyPyh5%2Fepz0vaZaiFk0itwKVSbK55YuPqBnG3WKm%2BU4V3Di1Q%2BoioElCisEGN8FpVo0Qgi8dPnMMT05CjHOjNofvwKGwb%2Bteb%2BhFf0WexSWm9CLDCGoEfi7L8ATHAULsEGQ7O61agyYrDEII%2FplI8CJo43weJNNiS5n%2B2jQgGnrWY3Cjbhb5gnPeIwEMjqTD9Ai1HWe%2FN%2Fhv1XmYwVquUrQ%3D%3D%7Ctkp%3ABk9SR67-0JyXZw
Apple iPhone 11 Pro Max Very Good All Sizes and Colours Unlocked,,£189.00,Free delivery,21 Feb 2026,11,Pre-owned,https://www.ebay.co.uk/itm/145597811347?_skw=Iphone+11+pro&epid=26034221360&itmmeta=01KJWWM7W4VRGKD0JPPK6E1MA0&hash=item21e64e4a93:g:0DQAAOSwmZdmDRBE&itmprp=enc%3AAQALAAAA8GfYFPkwiKCW4ZNSs2u11xCEhOKKwmPq30tYgFhPxkPaBGoOJTgn8n7crWmYc2W6uaxG2X9D7EyFz4yDfJ5%2B1%2Fm4KpkSlw9nO%2F7VCK4%2BRnnemXbQCdpxeQZZIrqRUFJRJOGz2HX0nXpjSCOzesAWf8MbW2%2BaNXbhTvRzZV77wAkNG3fsrbkwm6ae5PrKZzA31awYNIghxMh0wpItkkECqxJY7kbz5VdeLl8vtnaolTvirBZP%2BlBTaGGrvl%2Bl5oMBAUho3XBAMzvFVgN87gNdZFPIbXmqr4i8ZKDA2FTfekSD2WUeTWhdZO4e7ZIpPv108Q%3D%3D%7Ctkp%3ABk9SR67-0JyXZw
"Apple iPhone 11 Pro 256GB Unlocked Smartphone, Black Grey",,£132.78,Free delivery,21 Feb 2026,11,Pre-owned,https://www.ebay.co.uk/itm/317906560193?_skw=Iphone+11+pro&epid=5034225079&itmmeta=01KJWWM7W4YMYA41BN8TCF2BP0&hash=item4a04b524c1:g:gXEAAeSwkWxpkxUH&itmprp=enc%3AAQALAAAA8GfYFPkwiKCW4ZNSs2u11xDDExulaQSxt0R4Qb1aTDhLkl%2FlUw%2FOIEONB2zBt51JBENLgWfdgUQipxhlJNep%2BDQyXKoU2BWrTW8I%2BwdDowwZiy978z6kK8Ctk2sDrmOCYaHTSQFSpo%2FlOM%2FbNS1%2BwzqiLu5btygE%2BwRSy7Fnt7974%2BfiZ2SBcUqapwgMupL7rNkEV0lkA%2BlU0DqbpwGHEi2e9cf1EUFjVSOUGThaFb0kxH8DhW%2BOTcfIfbtKD2TSZKMyoFYGnJwXsP2OBEH95%2FWEbjkZ8jSnQbnqbLW5qa9oW7%2B74VlEPO6Op02uaY2pCw%3D%3D%7Ctkp%3ABk9SR67-0JyXZw
Apple iPhone 11 Pro With New Battery - 256GB - Unlocked - Gold - Good Condition,,£179.99,Free delivery,21 Feb 2026,11,5% OFF CODE MAGPIEPHONE5 MAX £50 - 12 MONTHS WARRANTY,https://www.ebay.co.uk/itm/297795368960?_skw=Iphone+11+pro&epid=7035572805&itmmeta=01KJWWM7W465R0A3TEKDEWYRTH&hash=item4555fcb800:g:gSUAAeSwMVxpJx9~&itmprp=enc%3AAQALAAAA0GfYFPkwiKCW4ZNSs2u11xBiICc2b48ji0plrqhFDjv2uWgVgktYt51cEZwACzF3QTV1etTUvETwITbBeiTFbdLuIEWUw4My9TOWm5iAZEs%2BEPOi6obT8PlNDMvHtTEuW2F%2BE7mel%2BSySXjDqD34aq1x75GuYjUfFvizbEF8qfGYxQWUP5ULRO1UALt7nPpVYvWnh7BgnWsjxQO1Ip8Fq1SkpAj6ZWXnanjHvyIQZH656Ey81VIhnozgfIeHkwJ7zDqDaM5OtLchmXHbw%2FjfM%2BI%3D%7Ctkp%3ABk9SR67-0JyXZw
Apple iPhone 11 Pro Max 256GB Silver (Unlocked) Smartphone Excellent,,£179.99,Free delivery,21 Feb 2026,11,Pre-owned,https://www.ebay.co.uk/itm/336424199337?_skw=Iphone+11+pro&epid=11034210143&itmmeta=01KJWWM7W4B154QARWM6NJE16C&hash=item4e5471e4a9:g:EtAAAOSwZpdgPmcM&itmprp=enc%3AAQALAAAA8GfYFPkwiKCW4ZNSs2u11xA55nNu%2Fg7e2TwexGbQt7JXNSkv18mZEh%2Fb6OecrgrfwgcCZWXm6FtLkjkAhsYlau4hcsjRBY51%2BxXFvooXlW5WGH0ft%2Fh12vJ9HmRm6TAu649HHMsWPByjrDjTKeaQYjo0SQ6mooMjY1ZcMQve%2F1Wc92g1tmmUUnHf6cBLnm6OkXgmE%2BkIORyt55Z6UZLaFyBRxbdpvR0T3qN%2FhoqN%2F3ZRii%2B3%2BCJQdQ5nx%2F%2BFmuEweK%2FI2a2SWlvt%2FHtdHx1WDdSWLkI%2BoYF9%2BDEWA8pctsHccSlYUwCZn%2FCmK57QlbcG%2Bw%3D%3D%7Ctkp%3ABk9SR67-0JyXZw
Apple iPhone 11 Pro Max 512GB Midnight Green Unlocked Smartphone,,£177.50,Free delivery,21 Feb 2026,11,Pre-owned,https://www.ebay.co.uk/itm/317896046003?_skw=Iphone+11+pro&epid=19034211539&itmmeta=01KJWWM7W49N5BA3ZMGRVC9F4J&hash=item4a0414b5b3:g:ek0AAeSwT6hplgSs&itmprp=enc%3AAQALAAAA0GfYFPkwiKCW4ZNSs2u11xA6dOpml7yM1SE4fD3Y9V93CmSvxuYWfE5%2FYYkFCm6kEvloZOMcyen0zNxjrqHVE6cF%2F4%2F9aod717tam52YCTW1t61Z0UMI8lj750kPigP5c%2Bj9Jjo9OudsMkA7ejp3OgwFa2STisn5tdgRoZYol8kSEnqSuB5tpmQqfYfw33Zrxo4kxzUk%2BcbVFR7AE3OYpao1PNmQShmBRs4LWIdDo19pb4phI0gTEAvfES27iDJfvA0KMIDfwJivujfPP3PnnVE%3D%7Ctkp%3ABk9SR67-0JyXZw
iPhone 11 Pro Max 256GB Unlocked,,£99.50,+£3.38 delivery,21 Feb 2026,11,Parts only,https://www.ebay.co.uk/itm/137054931255?_skw=Iphone+11+pro&epid=14034212889&itmmeta=01KJWWM7W4SSVPQT49XNNQJS1T&hash=item1fe91c4937:g:7bcAAeSwd0lpmHel&itmprp=enc%3AAQALAAAA8GfYFPkwiKCW4ZNSs2u11xCbCQJ7PI3mWR9hTbEMgkp1Dpa5WkzEqJzR5UIEqwKvqYuEAa3VQg9E2GGRzj4sYl%2F0QAOlzahij5VfKYrhmvKdwMboLA2INtf4%2BfwxW5%2F9hyPn%2FQvBSFSuYYCrS9HP0XLGojT8rI62n252u8YwLLckm6Qj81tzEcdeGTFF0UYbiuBvqgZ9PwxpV4PCBB8mRhKJW428wgX93ZV02rtwOcquitLZD%2FI3pV0iZzOZ5BXCx%2FrEmCXGUuuWT%2FTTTCOGRmYdAH2%2BXY7fwHxs0QpjBvopvmVe8kMcGU3rzA2gZu60ig%3D%3D%7Ctkp%3ABk9SR67-0JyXZw
iPhone 11 Pro 256GB Unlocked Space Grey Smartphone Fully Functional,,£124.01,+£3.42 delivery,21 Feb 2026,11,Pre-owned,https://www.ebay.co.uk/itm/389602771793?_skw=Iphone+11+pro&epid=5034225079&itmmeta=01KJWWM7W4TF2MEVWGCA65YG6F&hash=item5ab6228351:g:Jl0AAeSwPo5pi2f~&itmprp=enc%3AAQALAAAA0GfYFPkwiKCW4ZNSs2u11xC4tkpzZIvE1hEErQkd4EtpGBJ8ieMbneH5MWx9rEJ1idM0aJ4vhcZS%2B%2BxokOyruItW22r5oiMuHnTowVAqta6NZSUV9J2ntluH1mcQEn2ccxqBMVM%2FCEgGoLRfNzOs8yrovdfVj9qjXFJr5caXhyfgBzivDT1YcHPZj%2BvKxOkLGJSc8B3A4ou%2BN58HGUFGqhY%2BvHHZyONo9TH%2FFHT3Aj3Y7v9%2BZcun0QT8rRGM8NE8rPpC4BI7TbwV%2FwCMoNKAMPY%3D%7Ctkp%3ABk9SR67-0JyXZw
Apple iPhone 12 Pro and Apple iPhone 11 FAULTY,,£59.04,delivery in 2-3 days,20 Feb 2026,12,Parts only,https://www.ebay.co.uk/itm/177861332936?_skw=Iphone+11+pro&epid=21041715458&itmmeta=01KJWWM7W4Z5HEK9031MA629P7&hash=item29695c8fc8:g:Nt0AAeSwYxJpj6LM&itmprp=enc%3AAQALAAAA0GfYFPkwiKCW4ZNSs2u11xBqgZWlmmEBHEyFK817BpNFfML0VYvK0psZhnYCzaBxezc3dl7%2FAvo2TSpeL646STvGJELlSvXmmc9RmpYMgzad%2BlTBbn1PXRhvEHo7mis4u1qnuq2L%2FNzkJWOMKA%2F3ec6vC22oOo1hKi%2FXy2A3ht8trrrip9BsBKo5P8k78FeGp5NvdXBUq46%2F3fxP9JReZwwoHWn0SbCnHRuQ%2BN6jMbSFs4c7E%2BN13y6MNJI8fGh3i5epcjTk0P%2BJJ4BHV3WcBVI%3D%7Ctkp%3ABk9SR67-0JyXZw
"Apple iPhone 11 Pro Max Smartphone 256GB, Gold, Unlocked",,£208.70,+£3.42 delivery,20 Feb 2026,12,Pre-owned,https://www.ebay.co.uk/itm/376956247332?_skw=Iphone+11+pro&epid=23034220841&itmmeta=01KJWWM7W40C7JM7TMD3V1PG9R&hash=item57c457dd24:g:-eIAAeSw2iRpjE0t&itmprp=enc%3AAQALAAAA8GfYFPkwiKCW4ZNSs2u11xCNYnGjklR0aI0Gn6kHufI9XDI13sPwh7zGrCJZ5Hi%2BAgbXjEKF4H7oX%2FusmiMQJy3YbY6N5UJR0EVkaTKuLOTPqr7kOH%2BxdGPm3D96RApaJlyr69Lg3DVCnd9EDFZ9QHp8CRg10hEPr2vtzypDcClBCGxDdQueOqAM%2B321ffcGZDHkVWd4maVbDnrYrH9JTEZkY8lJI0FWIK3%2BwqQsXQFT5NOJeK9Tym3Z9vmkxzNewz8ZQAVdCDKZaop2xRdxJpAxHmVd%2FyTUCi4bt74qdFEh935ZxalDlwXC7CMmRulpUA%3D%3D%7Ctkp%3ABk9SR67-0JyXZw
Apple iPhone 11 Pro Max - 64GB 256GB 512GB - Unlocked - GOOD CONDITION,,£135.89,delivery in 2-3 days,20 Feb 2026,12,Pre-owned,https://www.ebay.co.uk/itm/389648870142?_skw=Iphone+11+pro&itmmeta=01KJWWM7W43T98D9TFHD3C87QK&hash=item5ab8e1eafe:g:s9YAAeSweFhpmK~d&itmprp=enc%3AAQALAAAA0GfYFPkwiKCW4ZNSs2u11xA8h07IhEbfReQ1kYZ4W3%2BBYWLD0u%2F5rYnSQLxu71S78lgW0koLM9yEyfUlNFO5%2B7zSgyys4HYe18JpM1MwIb3PU%2BgHUdFh%2F56Xe8Sv8xRZGkGP4Vr%2FvuWMRINbW7cyrUQGc%2FGrBUOys37UxqNAHVyij1ZUjFfyqkJ5BaopyUPxAI%2B0Qeh0RuZWnELYiM6kptztm%2FdNb43XfrkWaSakyJhyIE33e3hK3Avnnn0Ti1TLHIXGxV%2B2WWUAx4q5cNkgNY8%3D%7Ctkp%3ABk9SR67-0JyXZw
iPhone 11 Pro Max 2x Brand New Cases - Untested,,£29.99,delivery in 2-3 days,20 Feb 2026,12,Parts only,https://www.ebay.co.uk/itm/376870955236?_skw=Iphone+11+pro&epid=14034212889&itmmeta=01KJWWM7W4Y50RCPM0RDVTX3AQ&hash=item57bf4268e4:g:I~cAAeSwYJtpXsj9&itmprp=enc%3AAQALAAAA8GfYFPkwiKCW4ZNSs2u11xCFoxnKlXBe564mnvqGpfjKczHLcsaYEdP4oegeH6fWQLDS0IXoHsNWlOtfGzTF3PbZAPKiL8mKyBn9et4rwHjk05NxNJMtOnld7gu4omqlyB2BSBLeuyUeSrPlb%2BfVE1K7N1TElUOfJPdtAOdRJMm%2BWcK4fS0hu4k8NT6F9pgmyg0eFvfArotsFZZONzi6NtKFSB8oesaSMus6fem6WCbQtnWLtjUm%2ByzufzXnv7KIcbmRCquakVpZj9brAtPQOmBFzCQ%2FVJVGVJypfEpAQk4U7Ob6wmUjTWX8Q6LxOTi31Q%3D%3D%7Ctkp%3ABk9SR7D-0JyXZw
Apple iPhone 11 Pro 64GB Space Grey Unlocked 82% Battery iOS15 Good,,£117.00,Free delivery,20 Feb 2026,12,Good - Refurbished,https://www.ebay.co.uk/itm/117046509683?_skw=Iphone+11+pro&epid=11034210273&itmmeta=01KJWWM7W4V2WDQ2PVVCS25V1C&hash=item1b40840073:g:77gAAeSwbkBpltkb&itmprp=enc%3AAQALAAAA8GfYFPkwiKCW4ZNSs2u11xDAQ6BRWCRay%2BCHK%2FOb9UJCQBQPr3WrdCMza%2BL302Einme3P%2BolTQd6qVMYX%2FjMR3lNgFoMXi7jMr2IzNtDuSMKisARXGZMDy4qAO7UgPZC8Eb5dnAytChDaFynGzva0ryd4Jof8%2B03tJ8qiYtbO5gcstp8%2FTuP1IdJCOr7YOKOat6vi5XG%2BV6EMoamwjKlcD%2FatxCkUmHcHsr3lqO9IqficcsjmVzpiaDjlu92igswLDi3rar3aW9SFaZAFumDntqD%2BtCVU0OZwOaufXAzav7R7bwGMQROgR4xDUD%2FA1Pa7g%3D%3D%7Ctkp%3ABk9SR7D-0JyXZw
Apple iPhone 11 Pro Max 64GB Space Grey Unlocked Excellent Condition.,,£124.08,delivery in 2-3 days,20 Feb 2026,12,Pre-owned,https://www.ebay.co.uk/itm/147158332050?_skw=Iphone+11+pro&epid=26034221360&itmmeta=01KJWWM7W47M2JF8XB8QSQM81Y&hash=item224351f292:g:3ugAAeSwn4NplcBC&itmprp=enc%3AAQALAAAA8GfYFPkwiKCW4ZNSs2u11xAV9gVY3jEn4FQRqu9zK4s%2B9vIw800LIGIVoRXMGR%2FgF%2FTFx18%2BnzANMK9CYbF9VB1m1tBC1dX0ik4PAO2OTC9DLPvZwWWwXwoJ01B8vP9Sn1GeX0Kip6%2F99zcIf3VObnDUyB7TAoiZjIsEKK0zemy323VsWDvXcihccWl7%2BJDrfHu%2BtE01i%2FHxE9Qo%2FI4qfudJKL1NXOfmZEVQw%2B4li5J8Jtb5QRh1vGgdnYwct1Y7%2FtZyJ%2BWtIRIusg7y%2FYg3UT0A2mZqRCKdyjMMwx1vNFZA0K6pJFYX5tRci5vtKl9DBA%3D%3D%7Ctkp%3ABk9SR7D-0JyXZw
iPhone 11 Pro Max 256GB Unlocked Smartphone,,£167.10,delivery in 2-3 days,20 Feb 2026,12,Pre-owned,https://www.ebay.co.uk/itm/168153005327?_skw=Iphone+11+pro&epid=27034209624&itmmeta=01KJWWM7W5PH6E7G4SJ9DJHRKY&hash=item2726b33d0f:g:Iz8AAeSwHIdpfLsb&itmprp=enc%3AAQALAAAA8GfYFPkwiKCW4ZNSs2u11xDyLJZm%2FJPJmHrZVSAXZJ682yjn2j84SJtVxMKXsHCGmx54NYpwt3G%2BB5E%2BLG7NG%2BXbcrLk3X%2BVPKz4WxT4RSWaJRgkIcvIi9gvWFlXLPqQfuCAq1u1R8q9yJU6CylTuT1pXzlu8lEAzOEIs8%2FWIRfImyrlsWPsZB6zmODtvFvGK7kGyZI9IWs6hTwhIR%2BdPandOwMqh87UmoDZY%2BPT%2BDg9fDs8tBtqGgdcNdv2DmC4BmDqDDca%2F9E5IIWupmKQJ1ey7schSk9jZL0CGD7vZj%2BJQ7Ht%2BzS54f7VCjOmOoBXbw%3D%3D%7Ctkp%3ABk9SR7D-0JyXZw
"Apple iPhone 11 Pro 64GB, Space Grey, Unlocked",,£91.00,+£2.94 delivery,20 Feb 2026,12,Pre-owned,https://www.ebay.co.uk/itm/376971612295?_skw=Iphone+11+pro&epid=8034218244&itmmeta=01KJWWM7W5ATSTQC22PJHE9WSZ&hash=item57c5425087:g:-soAAeSwIzRplLSn&itmprp=enc%3AAQALAAAA0GfYFPkwiKCW4ZNSs2u11xDT23dDQNcH728ppS%2FbrgYqW5NuxKK3dXwTFtefnnvwpinE2wBGby9U%2Ff%2BqN6TrHFkptfkbjpxYD%2BVPntiWVdGBzpLpfVHLVChJNScqmYgPZy7akJelDZR7EZ00OBxIHdQt8y4L941fQ8Me93SwApTss%2F7UY%2Fs%2F7WSl7qWfUvXE%2FCh4FpOQaixBtR%2BCS%2BjpMTz%2FSAbRMYSGdW6zMiSsxMYQOV3Pv70jDMuqmKBI21NZqdQHaPa1a0j3wt%2BXIekq%2BR8%3D%7Ctkp%3ABk9SR7D-0JyXZw
Apple iPhone 11 Pro Max - 512GB - Space Grey (Unlocked) A2218 (CDMA + GSM),,£240.00,+£3.42 delivery,20 Feb 2026,12,Pre-owned,https://www.ebay.co.uk/itm/227211760573?_skw=Iphone+11+pro&epid=6034218752&itmmeta=01KJWWM7W54NP1RHKKHAWGS1T7&hash=item34e6e053bd:g:euUAAeSwIaRpi3i-&itmprp=enc%3AAQALAAAA0GfYFPkwiKCW4ZNSs2u11xCVQB8k0qNb5YYU%2B%2BbJ9Kj6DKGPxnaR1Zn%2FqtZGLgJd7n%2FDwmoizRkERnZhDDngRxu4vDYxdLimB0GxXBLA4TuTTVGi9VzElZkePvS3%2F44yeahe23HJb2hSaQj8dbsfWMOA5bQ1EIPRYTWVe7I8EXyPdBO89NuLwQ7n7N%2Blz2AlGpXuWnxvsmVQHwxOdlg8CvLLQTr%2BqlsJuy2EbdHI990FFNWrOieOMS1OIeL%2BUTdGVvAtvyoMIDZdPCDaJF%2FB7yU%3D%7Ctkp%3ABk9SR7D-0JyXZw
Apple iPhone 11 Pro Max (Unlocked) Model: A2218 Gold Grade C 64GB,,£102.00,Free delivery,20 Feb 2026,12,Pre-owned,https://www.ebay.co.uk/itm/177839658424?_skw=Iphone+11+pro&epid=23042726035&itmmeta=01KJWWM7W5P6332C1DRSERBSS5&hash=item296811d5b8:g:RJIAAeSwbcxphZxD&itmprp=enc%3AAQALAAAA8GfYFPkwiKCW4ZNSs2u11xAc0hDBBKR8CP1DlVAMP7QLa6%2BJ4f8v5vSjmFMb32bxO8U7oAcESuQV4ga75oPaTNKwPIhIRKOZ4xbeYOgwiNaj7P3ECNZO8irRMFQFZwI3dX6SF2b5hzljQy589I%2F4PhVqalqOknRUtxNRpLuqLF56Pb52XSVJrMPMZo%2BhvjMB2bRd0k6swZv8trHKdpvdSsSIkvFCsHRMJVxnjx9ZW7t%2FxWth1KPjosyctmq0GyN8dGPXeYCazTDMx3PWMHlNbCplEQh5JbNQPTM7%2FXU1iBh4QjgHKXQ7cHaDkximIrOF3Q%3D%3D%7Ctkp%3ABk9SR7D-0JyXZw
Case For iPhone 11 12 13 15 16 Pro Max XR 14 8 17Pro Shockproof Silicone Carbon,,£7.99,Free delivery,20 Feb 2026,12,Brand new,https://www.ebay.co.uk/itm/224317502169?_skw=Iphone+11+pro&itmmeta=01KJWWM7W5QC1ZQR8FBPDS53FB&hash=item343a5d72d9:g:z38AAOSwYodgAd6a&itmprp=enc%3AAQALAAAA0GfYFPkwiKCW4ZNSs2u11xCSKiFP5Bb51CeM8t5EY8NCnaxWOhLitJ2p8Sdq%2FI%2Fii3JiO10Grl1ls%2FTuY%2BkY6MlkqzAMR8gjlcm2dUjHbTw4%2FA55bO72Rry6Y0MoFJWEMHcyPOvFxq6k3rmLY5%2FVB%2FfVlzuRorJov5RjMst2nZRdou3Exu46vdwURmtJLUgVFo4y1%2F4tdrS2X%2BxDQ8%2Fct5C%2FdaHDA9%2Bfy2hIIHProRKawG%2B%2FntwYIYqrzioYHSwSdncLm2Y7whYpH4cNH5PwbqI%3D%7Ctkp%3ABk9SR7D-0JyXZw
iPhone 11 Pro Max Unlocked,,£123.96,delivery in 2-3 days,20 Feb 2026,12,Pre-owned,https://www.ebay.co.uk/itm/147155305101?_skw=Iphone+11+pro&epid=14034212889&itmmeta=01KJWWM7W53QKE087DMQ03SSVE&hash=item224323c28d:g:hHsAAeSwtR9pkfc2&itmprp=enc%3AAQALAAAA0GfYFPkwiKCW4ZNSs2u11xAowXYnfSNUONlvCmLjxk2kVGPTGl3yC8sxtjFBkgLlLtK90dwtBjlSj4Wo%2FvvtJz9UJMb4xORcMp9UrZrk2g5CGhjIDY5IPPx%2B%2BRWLjLP%2F9oP86esD9VienmVnJ9y%2FjXGm%2B5CpCO5qb2K56YcmdIRsTucXDNgI8w8PoPFCHVNYfenFw6AiZ7c0ANPzHAgkfOBaT7AQktOFY%2Bb1tAoD%2BMnSNAvpUXRbibIk3lTWbiv8Guegaq%2F8YBSMNwbb7o2bKJM%3D%7Ctkp%3ABk9SR7D-0JyXZw
Apple iPhone 11 Pro Max 64GB Grey Unlocked With 85% Battery Health,,£73.50,+£2.94 delivery,20 Feb 2026,12,Parts only,https://www.ebay.co.uk/itm/397631272036?_skw=Iphone+11+pro&epid=26034221360&itmmeta=01KJWWM7W5JP7P6GHRT91JW0GX&hash=item5c94abb464:g:POYAAeSwSdFpmE3a&itmprp=enc%3AAQALAAAA0GfYFPkwiKCW4ZNSs2u11xCUkSNNjimHiOKHz6B5tgzmqYEkLezudYWb27twlBAEQTUf6O0wINMuK%2FoI2yjWBM8SAyHpAJNsk%2FshSSjrp9tQTOjfgu73VD3xTJ0da8jOmVtyqypG%2BrplTYUz0DLirpJ9OazYzHpnbZR22GAGeb2yqkM%2FbPQ2nblQQgrvheBVqlmkVi8sFQOGZNWXUBMHssKMaTCHkUcS50ld41spv%2FDw8KlQXCvmplqGYk3Jiyt%2BxspbNbhm9JqmRu30UjP3ESY%3D%7Ctkp%3ABk9SR7D-0JyXZw
Apple iPhone 11 Pro Max 64GB 256GB 512GB Unlocked Refurbished Good Condition,,£199.99,Free delivery,20 Feb 2026,12,Free Fast Delivery - Same Day Dispatch,https://www.ebay.co.uk/itm/196472879715?_skw=Iphone+11+pro&epid=11034210143&itmmeta=01KJWWM7W55T21ESQF3CX8YBT9&hash=item2dbeb23a63:g:bWYAAOSw6Otmf7aj&itmprp=enc%3AAQALAAAA0GfYFPkwiKCW4ZNSs2u11xCO4EN%2FRW2rtfI6xEWae5P5YpC8XHmEHpEx1bBhnp8jR%2BjQsWjhMdtXEE29if6ZRtbYjHa0C7zjbLXSmFwfLcrsR85iBiQNMenf4Zleb2PJDT8zZf76qC7iXgdFx2m6rr%2FuR42Uh9heimBvbsVRkljFoD5Hg1t6C3H57eH6NPkOXqH1H%2FDh0x7t3NggfRYH8z0%2BfcTH%2BgsfLlzHvprDAGvd8jm7kaWQ2%2FpKqlhlOOySuPfRQJjMBQ%2F2Gy8PIpfjFGs%3D%7Ctkp%3ABk9SR7D-0JyXZw
Apple iPhone 11 Pro with New Battery - 64GB - Unlocked - Space Grey,,£61.05,+£2.72 delivery,20 Feb 2026,12,Pre-owned,https://www.ebay.co.uk/itm/227215782675?_skw=Iphone+11+pro&epid=18041383774&itmmeta=01KJWWM7W518S4FBQ7183X7CRP&hash=item34e71db313:g:RDAAAeSwxzNpj0bw&itmprp=enc%3AAQALAAAA0GfYFPkwiKCW4ZNSs2u11xB3UHv9iGeUlZ0%2BqTQjMVLywmWqcsVxHcIIz2kza5EYOcoubHJlNJbeOlo%2B13cYk%2FgeKEgh0s3rBENxxMc%2Fkt4ynHtoGGjW46%2BFQAxQTeWp2zXd2fLYMoI9F7Avkjh2KJw04RtD47mo33AKW1ZRdOHTqlgylESSlZ0JZjCV0DRn7c%2BQFLm7m5nECCDOAb5ySMvlzEgGYuwhxcH7hPlkTv21JF0p64OdMz%2BmnuKZC7sTJwy80UI223gramCrTFm4rVw%3D%7Ctkp%3ABk9SR7D-0JyXZw
Apple iPhone 11 Pro - Unlocked - V.Good Condition (64gb),,£102.84,delivery in 2-3 days,20 Feb 2026,12,Pre-owned,https://www.ebay.co.uk/itm/227215780891?_skw=Iphone+11+pro&epid=7036261631&itmmeta=01KJWWM7W5B5T9Z29JXZZDTXK7&hash=item34e71dac1b:g:IDkAAeSw5itpfM9U&itmprp=enc%3AAQALAAAA8GfYFPkwiKCW4ZNSs2u11xBwuf8LwOgfwkigTNtAYUhKwXunLV6CBdc%2B0v4v3Dl%2BCPWtP7LDAg11PjgoMZFfETpfvrYhAXyJzoyMWFLe2I6tkYtdHh%2FSdwgwFfRvAXDfZKzxFMBroQA5waikKHeIVbKnT61jMiJ3W5NCCk4BuKkBhyAQFPfVobLX1XDLCa0T5XBuhpOiW%2BCUgpAoYb4E%2BtA1qJOKbeIODM5wI40BlIrEmfZT0mCQRmhGwSe9%2BZAZxrPXYlSwKfibZ0Rx7im0Np8ooG%2Fhc2xUJUSYdJQNY%2FaoOjgahomEGtJ3tF%2FFnJ2UvA%3D%3D%7Ctkp%3ABk9SR7D-0JyXZw
Gorilla Front + Back Case for iPhone 15 14 13 7 8 X 11 12 Phone Shockproof Cover,,£6.95,Free delivery,20 Feb 2026,12,Brand new,https://www.ebay.co.uk/itm/186428032249?_skw=Iphone+11+pro&itmmeta=01KJWWM7W5VBBEVPBJF85CAMDS&hash=item2b67fa04f9:g:S5kAAOSw7K9kwOxa&itmprp=enc%3AAQALAAAA8GfYFPkwiKCW4ZNSs2u11xB5WPjReYVMFfP60oM%2FMNlZSRuBCIgIZOxOuDPs30mNiMYQq5v8acP%2BK4OhDo%2F6XC3k6j0nHINYbCaJcKej6xGg%2Fl%2B7d4FwelZyWlj60m4UedJFJirLJS8BDZVwGQqMlqUyug3vqOvqAC7vzNImgpuJSLfICM%2FQAU6kPXsmIz%2FMelqqGfXwpHz%2F1b%2FoUypLHl7ZabORkwVJP9XpqxaWK3SX4OubsJQKE%2FU9gh2DIatH5jK44xPvGrtvrD%2FAhgWzWfDPWB5aB6ZznRIUyhrU7XJgI4h3d0iNW3tMnGDnMNnoYQ%3D%3D%7Ctkp%3ABk9SR7D-0JyXZw
iPhone 11 Pro Max 64GB Gold New,,£156.70,+£3.42 delivery,20 Feb 2026,12,Opened – never used,https://www.ebay.co.uk/itm/198123795412?_skw=Iphone+11+pro&epid=9034209168&itmmeta=01KJWWM7W5H74KAH2KTV0F5YRD&hash=item2e211933d4:g:YMUAAeSwDGVpmG9r&itmprp=enc%3AAQALAAAA0GfYFPkwiKCW4ZNSs2u11xBERv4fLgKVosEm%2BhumyTtb1gZshM%2FREr4rn%2FSd1xb%2Fy3YNeRtAKejF1VatDF3aip%2F%2B7B%2B1WqbO3W%2BXHI1sRLEVScZUPHbi6owt32ArHs2ZBVQJyHuwKzjGr38CGA7%2Ftpxag1piPuuM0Q0XC8uxC66EZywd43n062rvLNop2TIqGZwC2nHYG0FNeApg7zEdRbSjPqpnrdYUpa8p56abMjjZTlQVI%2BUCUFERt6ANnG9MLrkvEQSLXPzyA7dcYNbFfkQ%3D%7Ctkp%3ABk9SR7D-0JyXZw
Apple iPhone 11 Pro - Midnight Green - 64GB - Spare Parts / Repair Only,,£63.10,delivery in 2-3 days,20 Feb 2026,12,Parts only,https://www.ebay.co.uk/itm/177878210512?_skw=Iphone+11+pro&epid=11034210273&itmmeta=01KJWWM7W53A7RNJHVKM8DQR0T&hash=item296a5e17d0:g:biwAAeSwMdJpmFfR&itmprp=enc%3AAQALAAAA8GfYFPkwiKCW4ZNSs2u11xC1M0GO3anTsjTRuZVwrOrpAm4kjAdHu4Redi2lkgQh5su4pDwH9of4KKMdoEO7uuy4AMyyr02GkcB4ALRUCneMWeEnvadpC7Ld5VOHs8pgGDA8RwYL6YpmzRqUy3PFkQSgp0Z3kpZOLP3yZ49pUAu6H8QcPD37%2B9UhcWsl0jApc8uV2vNQLqCpSltrdhstlwaEQkqcAFlZ2DXRupHccPIRhsscUMg%2BoFCbIAKr10ZS%2FT0gpFDzWCrkf0aOGeQSLUV58Bmz4DD0R%2B4FrAN4peMNrnEP4jcFZgdtWUE1eJMU%2Fg%3D%3D%7Ctkp%3ABk9SR7D-0JyXZw
iPhone 11 Pro Max 64GB Silver Unlocked iOS18 Grade F Battery 73% Cracked screen,,£73.00,Free delivery,20 Feb 2026,12,Pre-owned,https://www.ebay.co.uk/itm/127691652678?_skw=Iphone+11+pro&epid=26034221360&itmmeta=01KJWWM7W5NBN51B14ANDY5EKJ&hash=item1dbb03fe46:g:BkIAAeSwJOFplb6f&itmprp=enc%3AAQALAAAA0GfYFPkwiKCW4ZNSs2u11xDQF7f3s9jdQIjUdV11HY3FyAmRCjg7I8RZA49S0BBjSb4nwT%2BFJQhrtTHDW0sIqVgt0sMUksRrUg6DiScrcHiyLDVmZJQk77kTnTkyEi9vVlxChBkxH87HCu0cTWnccl40ZOFLLGfsOwmY52I57U5024UxaG5Q0%2FXuz41Uh22qrxy9Qp1m%2BIkuu9PVLI0cjO2zekyyVeJN1ahZE9FZXwldUQErzYOp%2BA7qEnefsFK%2FkbcR1KrxWZfzItOXhNx1xzE%3D%7Ctkp%3ABk9SR7D-0JyXZw
Apple iPhone 11 Pro 64GB Grey Network Unlocked IOS26 Grade F Battery Service 70%,,£92.00,Free delivery,20 Feb 2026,12,Pre-owned,https://www.ebay.co.uk/itm/127691515964?_skw=Iphone+11+pro&epid=11034210273&itmmeta=01KJWWM7W5QZQFP4ZW8R42PAP3&hash=item1dbb01e83c:g:kpAAAeSwip5plbK2&itmprp=enc%3AAQALAAAA0GfYFPkwiKCW4ZNSs2u11xD50P3p%2FpjkfAr55tblbdpDb6%2FrUSl3oEL9AoSLJjB%2FIeBcYZWWp9GkP8mpedjRcZX9oPzpCaBGlqxh6aT9TBBxR1bkrEhn5k5Vna7OR1HALdeq%2FCkav8rBk1CYOA2D%2BLflM1Tb0q3qP8tIaOgj%2FquTXudmMH9f7nzl8N%2B%2FjpYPKclO%2BVatUgqeeVg%2B6H%2BrsQ--I57fcLp0vE8NYGYdF%2BzLI4hLHBcP%2Fv%2FGZfIWpChxim%2F0dZgvAXlaRgkIa3qSfSI%3D%7Ctkp%3ABk9SR7D-0JyXZw
Apple iPhone 11 Pro Max,,£188.00,+£3.42 delivery,20 Feb 2026,12,Opened – never used,https://www.ebay.co.uk/itm/306780466051?_skw=Iphone+11+pro&epid=27034209624&itmmeta=01KJWWM7W57SC6H8G99VFQV9VD&hash=item476d8a6b83:g:OmsAAeSwBuFpl8KZ&itmprp=enc%3AAQALAAAA0GfYFPkwiKCW4ZNSs2u11xDH691eXEQMVeRQM%2F0oSnHS0LfTR%2FLcT10c%2FJ0ww23UI5F%2BylW4o%2Bx6hraz0JA4p3ibriGSBVrqBJDJoIF%2BiddV9g7CkCE5lEKHLTDljxt089hjEyzM%2BMbdJz%2BrEUrZLXTiOE6tpp1NxBe8316bZFOzbcXrCeL%2FsOIGWEMOw36gOJk1voXJvbVR6F5aiZD3fBGA%2FVndb%2B9M3y24hb4ic1ULapbh2qSs4z5TfXbLAGRZnYuMjQOSMzbWoI9ljjChv3Y%3D%7Ctkp%3ABk9SR7D-0JyXZw
Apple iPhone 11 Pro x 2 Faulty,,£100.00,Free delivery,20 Feb 2026,12,Parts only,https://www.ebay.co.uk/itm/188077672429?_skw=Iphone+11+pro&itmmeta=01KJWWM7W59J1BGCKMRJT7WVXJ&hash=item2bca4d87ed:g:l58AAeSwjFppmFyy&itmprp=enc%3AAQALAAAA8GfYFPkwiKCW4ZNSs2u11xBFdW5RJaJh3KoMmodX5ZqYj1TdSwsnmF%2Fx%2BayHakcoP16m85n%2F8S8xgvwB0DPRhE4SkfzwAdCNbd%2B%2BTrfwXOJKdhGX6GO41ecCYnK2H7swUQTwiJyXixIpUGx6lwh2gdTWp7AdxDSHAoukqq8i%2F%2BoZvN35zTEh%2F08yGm4Jtw6%2Bjv%2B5NTz5%2BjlY3oEt44X%2BE%2FecFMg4z38oVt0BkmhUh%2Fy%2FzL9PECiF0z6EScVrfQguO3y3wgSj9XvmmPkgLcF%2Fz5FkzFhzIMSB3ppOaurCtE5nYGaQjawWRAzwTDXFwTsnWA%3D%3D%7Ctkp%3ABk9SR7D-0JyXZw
Apple iPhone 11 Pro - Midnight Green - 64GB - Spare Parts / Repair Only,,£42.30,delivery in 2-3 days,20 Feb 2026,12,Parts only,https://www.ebay.co.uk/itm/177878168699?_skw=Iphone+11+pro&epid=11034210273&itmmeta=01KJWWM7W54E639ZFVAXQFAZST&hash=item296a5d747b:g:biwAAeSwMdJpmFfR&itmprp=enc%3AAQALAAAA0GfYFPkwiKCW4ZNSs2u11xD4hJzoHTUo2w23%2BFpl0teKRHvPqhv0hX8OsHAKPBHbvt2sxl%2Bl0U%2BD2S0sjbyarjdMlYFNxP%2BJNkBdMHR7n7XoGfwWDN%2FG4cA9svEXRwhkjMy4dTddTknkAp%2F4pX6nsKvf0RBU56FfjsA0WlCaBgFS2nH8YklBjLH0hwphYzM0bptRyMjOHlEBC2nP0xJo2J6EgK8kyThmErGyUh14TAbVcWjQdJYaZsyYLkpKifVpdlqzdal%2FL4MxSXIwOe94MVU%3D%7Ctkp%3ABk9SR7L-0JyXZw
Shop on eBay,,$20.00,,,,Brand New,https://ebay.com/itm/123456?itmmeta=012DEW30YG0MEEKND7NH&hash=item123546:g:acwAA9KNiJowH:sc:ShippingMethodStandard!95008!US!-1&itmprp=enc%3AbgepL1tlUHjMGCVfSTGJh%2BzsVKeJ3CQk7NizDI4BZeppuFnmyS6Ijyp8lh%2FnEw%2BWqO7uTV1Q6izE1R0T54aV8j71F4xlWfVcGft4%2FiOQhtqVXA1rW6M1atPARQRmhqUxtEPJKhKtSFgI%2Bvwlzb0GwVCtkp%3ABlBMUObkmabpYw
Shop on eBay,,$20.00,,,,Brand New,https://ebay.com/itm/123456?itmmeta=012DEW30YG0MEEKND7NH&hash=item123546:g:acwAA9KNiJowH:sc:ShippingMethodStandard!95008!US!-1&itmprp=enc%3AbgepL1tlUHjMGCVfSTGJh%2BzsVKeJ3CQk7NizDI4BZeppuFnmyS6Ijyp8lh%2FnEw%2BWqO7uTV1Q6izE1R0T54aV8j71F4xlWfVcGft4%2FiOQhtqVXA1rW6M1atPARQRmhqUxtEPJKhKtSFgI%2Bvwlzb0GwVCtkp%3ABlBMUObkmabpYw
Apple iPhone 11 Pro Max 64GB Gold Unlocked Smartphone A2218 (CDMA GSM),,£133.08,Free delivery,20 Feb 2026,12,Pre-owned,https://www.ebay.co.uk/itm/306771750483?_skw=Iphone+11+pro&epid=9034209168&itmmeta=01KJWWMDSZC16M0S9AC7S8TTB9&hash=item476d056e53:g:X1sAAeSwNHVph7dA&itmprp=enc%3AAQALAAAA0GfYFPkwiKCW4ZNSs2u11xDVkILnyjT4BOH7nhrjy%2FfQ8SIxYtcB4IBQLUIpPk5OjCoMFEBz0qrQU%2ByyL7xikcr9B%2B4uyijuLLRB8dXJ58oOklHk%2BLNI0YFOQGAAQsGov0%2F8OGgX3hn554mtZSq3UCEA2iEMWsJQRlyUMaBUDZpGqERxYyAPSihv926APMbksnyWv1yUAhOR1wAUJOe%2FXFYsgt3dJtTft%2BFzjVQHWkrhl3Bf0SciFPT%2BfuHYXvI1vtBVKBZmAya0f4rGiNaWPto%3D%7Ctkp%3ABk9SR57d0ZyXZw
Gorilla Tempered Glass Screen Protector For iPhone 17 15 14 13 pro max 11 XR 7,,£4.99,Free delivery,20 Feb 2026,12,Brand new,https://www.ebay.co.uk/itm/174753712976?_skw=Iphone+11+pro&itmmeta=01KJWWMDSZXQWBJK37ERXY2NCK&hash=item28b0220b50:g:iY4AAOSw6OpgjZRh&itmprp=enc%3AAQALAAAA8GfYFPkwiKCW4ZNSs2u11xAsmfCh1ejkmeTNNrdYbM0cSRtUuXfQHc3uDkppeUYAFLlrmTth0SGrrox%2B06KLf0aXxzHTTqY3MQuhYDjVUMv7Yjp%2FgBeJTo5VWnRlRydNUJXVhVVLDNnngGF5Gvrg%2BQCCAn1j%2FcC0F%2BZgljBs%2BgpAPUmBL62GU4TDsLbaq4ysYXKoCdbBMW%2BhaYPDRI%2FCH97ntFCWvNGqNyAla0jBMZ0PrXZ6deZq26avKhEyI8%2F49VPUJE37aIJ0a13SWIKqKDimD8KNxF7nKOyybwLdG5Iy%2FWxRjMUYR6etO9VKdILcFw%3D%3D%7Ctkp%3ABk9SR57d0ZyXZw
Apple iPhone 11 Pro 256GB Unlocked Amazing Condition,,£146.30,+£3.94 delivery,20 Feb 2026,12,Pre-owned,https://www.ebay.co.uk/itm/317899596258?_skw=Iphone+11+pro&epid=5034225079&itmmeta=01KJWWMDSZN6N6NMSCHT2VYSCB&hash=item4a044ae1e2:g:WcQAAeSwx~Bplzfk&itmprp=enc%3AAQALAAAA8GfYFPkwiKCW4ZNSs2u11xDcogKGVp153dUo%2BugoTzLf1Z0vJ7Pr0XEot5uyLvKcJ7465EmXnFgTbYW9n1Ux6%2BoLcfY7YrIE8nD%2B8aB1e4FOIo0%2FB2dAhsppbKTW3QHOcPrN4RS5iTT%2Fz6yjQGFKwd8R%2F3p1EGhy1zntBVm1dQ0hfVaVqwTg15UxLN0tZ5vDhSGa5JEs2aTEKs%2BviuxxJSxoKBl3jPPnyaMRUFK%2B1LayiSDcKDBz2J%2FjOPybY3Wst46%2BP45aiw4IuL5RcQo64UZB9aRZFEG4ch%2B4bZP8%2BoAXK9MXEkmHc%2BfC3Z311g%2FaUA%3D%3D%7Ctkp%3ABk9SR57d0ZyXZw
Apple iPhone 11 Pro,,£94.30,+£3.40 delivery,20 Feb 2026,12,Pre-owned,https://www.ebay.co.uk/itm/376977820350?_skw=Iphone+11+pro&epid=13034214373&itmmeta=01KJWWMDSZSW3M46MFRRCA9XBS&hash=item57c5a10abe:g:N5wAAeSwAd1pbURc&itmprp=enc%3AAQALAAAA8GfYFPkwiKCW4ZNSs2u11xDrlaApJyVohpBKyhQ2%2B6ruMoo21pla9VpTFGqsuTNplWgPew5dco0QYpX%2BitvBNQm5yVvixhgLFtz%2BM32rSHvRYnCro%2FhcKNaZY48Aa%2BiwbhUQgXD%2BDgIm6uizBkaGDBajp9JiLVrUtTvFv97eXcooQ8CB7iexC4IWRgk5bgcQcQJPws%2FlhKHm%2BvdiBLGxeQUl8eOClT73TFpqBRqADGBuVGjNGh7xUKlgOW3l06J7BKfR6Dc%2F6WYgmwqBn7gWlHZ3NQJpdZIRtQGI%2FTyvuE9iJae1JbFNxciv1A2bUcdtuA%3D%3D%7Ctkp%3ABk9SR57d0ZyXZw
Gorilla Armor Bumper Case For iPhone 17 Pro Max 16 15 14 13 12 11 7 8,,£6.95,Free delivery,20 Feb 2026,12,Brand new,https://www.ebay.co.uk/itm/177790269860?_skw=Iphone+11+pro&itmmeta=01KJWWMDSZ3GDD4HX4T8B5AXKK&hash=item29652039a4:g:gzIAAeSwnpdpblfm&itmprp=enc%3AAQALAAAA0GfYFPkwiKCW4ZNSs2u11xD9mLvjV1NQfdw%2Fy6q38n6xQqRfNn64MHcFfgpjRLuETvH76K8wHrlXg8Bee8l2etssYjAv6260tkpKZcPjO7zS2q5SKRedbHLEBHO5loA6PUeVkuDEA5%2BVFmCNASUQ%2Fz%2FC0Fk3z7M3ICFC7OvykUqkM%2BIDEjmGzI%2FAc1qu4kqz3yM3rOqAAA0CDgRxOIwZ%2Fnn1w7HOLzEExoXZzRurSbUCcc6ktOaPbcK%2BzRqos2Lc1yrdPv4H8jtfHWKX%2B2bNsPI%3D%7Ctkp%3ABk9SR6Dd0ZyXZw
"Apple iPhone 11 Pro 256GB, Midnight Green Unlocked. Excellent Condition.",,£137.00,delivery in 2-3 days,20 Feb 2026,12,Pre-owned,https://www.ebay.co.uk/itm/267575155790?_skw=Iphone+11+pro&epid=27034209772&itmmeta=01KJWWMDSZQ8XQK9NXRKV7TP4T&hash=item3e4cb8dc4e:g:RHEAAeSwDoBpju68&itmprp=enc%3AAQALAAAA0GfYFPkwiKCW4ZNSs2u11xDFD1pzUQmEyxXRw8aFuyDnxf703vfJX6SUCpRB%2BaFjVkl6hYVCfLEQYQqzYeZKiphTSrcllGabvzfK9Fgzz%2BWyht5gTFRuOIoWs%2FLorjcCLPU5NEMSSiDJirlmKaVNkmwzAGgBvTy%2Bvd5LvOwpulzQir%2BnMdqt5aWCngAcsP1dr1%2BY4w%2Fl%2FghpjnT4Y0nR4rWjEsFi3s12tFP2u91VBwI2GuvzLlteHnfEP4bda2MC0c6AQxDYi%2BE2BWkOCO2%2F0Ug%3D%7Ctkp%3ABk9SR6Dd0ZyXZw
Apple iPhone 11 Pro Max 256GB Gold Unlocked In Good Condition,,£135.90,delivery in 2-3 days,20 Feb 2026,12,Pre-owned,https://www.ebay.co.uk/itm/327009498673?_skw=Iphone+11+pro&epid=23034220841&itmmeta=01KJWWMDSZ4WCSEB741J2C5NZE&hash=item4c2348f631:g:4d0AAeSw5btpl4Lw&itmprp=enc%3AAQALAAAA0GfYFPkwiKCW4ZNSs2u11xCO7a1xDkech2S4lLk%2Bx6W%2BQaXjgKSfPZehDeQ12ophqDAg7%2FFhtbCRHxPTr0x2aLsrpxL3IbGZ0AQb09FMeJud78FNKh%2B9FwH7anBP7x50KVRO8UKLlhF0PMl%2FF2RaJVI3hiJLB8DjHk7UKdNYAsVVpIw9IgcObabbhq4Q0aPhi6H281BUEe4anJm1mMNLdLg6anurFpUjnQZDiVrWYjYzqH60qJKM%2FrluNeAg3SW7LGYsFytL4BjsUaI%2BqEiyhKo%3D%7Ctkp%3ABk9SR6Dd0ZyXZw
iPhone 11Pro 256GB Unlocked,,£112.08,+£3.94 delivery,20 Feb 2026,12,Pre-owned,https://www.ebay.co.uk/itm/376970620452?_skw=Iphone+11+pro&itmmeta=01KJWWMDSZH0M2CS76TR4Q78MS&hash=item57c5332e24:g:20cAAeSw~gBpevZF&itmprp=enc%3AAQALAAAA8GfYFPkwiKCW4ZNSs2u11xBYL9%2FsCeHMEa2ouPykfg7rTlez%2BfNCP5mmgvwpQyrOGCgH%2BTZ99ubbH3pb6ztaEfpQZs57sY%2Bb%2BqwxNBLzqmGRMWlJc%2FP94B41lL%2Bc0tza4mtTNPuN%2FInLvL7C1taHDUkjitp5TbEbG%2BWA7APrtZELS87ka9C%2BhyPCHPyeG5s%2FPDwlHg5MnFMSgDlY6VYJD2WvEV0WUH7BJeTI9frQaKYJUESBtYjPLZnMT1lhDdJa6Ut2Bftb9yT4JKSootcnDNFHXuf6Df4gHKg5U%2FX54eDNUms653jGZN%2FmB6%2B%2BSyzVlA%3D%3D%7Ctkp%3ABk9SR6Dd0ZyXZw
iPhone 11 Pro Max 256gb UNLOCKED,,£172.30,+£3.42 delivery,20 Feb 2026,12,Pre-owned,https://www.ebay.co.uk/itm/198116678434?_skw=Iphone+11+pro&itmmeta=01KJWWMDSZYK5GKE8VKAGR6YY7&hash=item2e20ac9b22:g:wwcAAeSwwVtplLbU&itmprp=enc%3AAQALAAAA8GfYFPkwiKCW4ZNSs2u11xA9R31G9V1lsYNnL1bnPy7ibeKjsSkyLVXvSDrVkNWO5G8Z%2FaW4gzTFQN4ceoWCd69LL3m%2FrWLkvac1PhyW0CxC5our7RyGhCn1Cmk69FCaqvDJzYFYLN40NDqpDZD5LxB3EgfVN5CmAjvVVVW357MqR0obs0LzcMz%2BVm0Z1Fjcat%2FFiui105caV9JYpVSMnz7eKbgea5mtgIkQVyi56cTcv--IV%2BgxdP09hBvunEzuC0rkuy%2BG0vCW8viJt1QBIx7yAUwsZfZbeDkvujIDtNftGq3qJCZBhqVrx77G0d3e8A%3D%3D%7Ctkp%3ABk9SR6Dd0ZyXZw
Apple iPhone 11 Pro Max – 64GB – Space Grey – Stunning Condition – Fully Working,,£144.99,Free delivery,20 Feb 2026,12,Pre-owned,https://www.ebay.co.uk/itm/287132454172?_skw=Iphone+11+pro&epid=26034221360&itmmeta=01KJWWMDSZ7VD629K0DQCHR53V&hash=item42da6d8d1c:g:SwYAAeSwHVZpik27&itmprp=enc%3AAQALAAAA0GfYFPkwiKCW4ZNSs2u11xB7huCOWvWkfiht9trXiCOp7WBN9m39gwXGjTlcGCYUSbBZcaHt471F9jZlhBoF4fzayo%2F3GnAhZebT4potH4UwuH5dKpG3BLNr4aKlJXCNxI0Mu4nYIkN4%2FMZdyzLw%2FgDMQwH4Qy8Jz7%2FGy7m9g8IZn95SIA8EhREQ0t3jlbW%2FAaRE1WbReuZ7kkD%2F3XYTECzUpBUSphGFWtdhmppB9PGDOZM%2BoY1do3wyv1TB7ELvor6ZIzt%2BcMs3NK4WL94Kd7c%3D%7Ctkp%3ABk9SR6Dd0ZyXZw
"Shockproof Ring Phone Case For iPhone 17 Pro Max,17 Pro,15,14,13,12,11,16Pro Max",,£9.99,Free delivery,19 Feb 2026,13,Brand new,https://www.ebay.co.uk/itm/336277270749?_skw=Iphone+11+pro&itmmeta=01KJWWMDSZJN2XECF0RRCPAWRA&hash=item4e4baff0dd:g:I94AAOSwqedn~plq&itmprp=enc%3AAQALAAAA8GfYFPkwiKCW4ZNSs2u11xAWPgOmMZXJmbJYLuCLWGSpJRmn8wTl8ycEKBKJZq8WJzVchOg2nXVpMLR%2BG379vR15rx1ulQMuK1V9RSjj%2BZn%2FWykydOU0dXk0XvHTW4sFNCJZ1y%2BbuCM4v%2BfOpifToke8O4tVa0hEbUNk9np%2BQe7R0yz52YKfFqDS9ZrDR9Xl2ZIySaO2AW2R1xkOk3fSpL2TkpB34az%2Bfym0HRb0LnJCSOD5Wj%2B0oq%2BjrKaY7OcmUHLdE%2Bv%2Byo3%2BmYgM%2FvdvVQRbMp2J9k%2BXPUBo0k%2BEQ3mSPgaNqEFKinibY4%2FZnYSVzA%3D%3D%7Ctkp%3ABk9SR6Dd0ZyXZw
Apple Iphone 11 Pro White 64GB unlocked With Box And Accessories - 82% BH,,£130.70,+£3.42 delivery,19 Feb 2026,13,Pre-owned,https://www.ebay.co.uk/itm/397578633240?_skw=Iphone+11+pro&epid=4034210697&itmmeta=01KJWWMDSZKYKHZ8QWVCMQ9FF2&hash=item5c91888018:g:pjkAAeSwwiBphh~i&itmprp=enc%3AAQALAAAA0GfYFPkwiKCW4ZNSs2u11xC0WdhkK2b3zav3Sj%2B8HixYmfKYETDjzzQJSFkbQ%2FiMaRLQuaYTCCfvaSKC7ql6qXUs9s2v6FwaKMCva2Jjvd6TFK%2FUUiT3ItCdMFgt9JTQAf2ogN2MkO4yEv1FuBcxvxgJ%2BXbFqo23rvUSfBdlko4kWtNBWPJ9Nut2wf0Tv8QXHY7LzruDbMxZwDFPF0ca%2FaiW13WGXeZ1%2FbA4WE8MrftAd04emhWvFLhUHdwqYcouyHcmVN2ejcScUX6PggfwKuc%3D%7Ctkp%3ABk9SR6Dd0ZyXZw
"Apple iPhone 11 64GB, Unlocked / Apple AirPod Pro 1st Gen",,£128.00,delivery in 2-3 days,19 Feb 2026,13,Pre-owned,https://www.ebay.co.uk/itm/127681380614?_skw=Iphone+11+pro&epid=22034217345&itmmeta=01KJWWMDSZ4WRAHDYE7NY0HF15&hash=item1dba674106:g:MpMAAeSw2lNpjlWD&itmprp=enc%3AAQALAAAA0GfYFPkwiKCW4ZNSs2u11xARNsDmZiKgJuyQwT%2F9BaOwA0ylgx13KaaYNWQx9V3TKWjfTsX6EzARuaAwfRxBRz3YIrWU38fLRMMqFXhZrjOIFgiHQaB%2BDcFiF%2FDPu6%2BLX6jGXOYNtH3mVxLXEtj58bPOGCQXyhU50FqbVtS%2FsMTbFvtreGGMmpZQYGTgh1HMnLpxyAz5KBM%2BQHI2eyvXi%2FMbRRjIEwbT929dog8uXXUH9yLDpkS5DSiBC3JdDyxVkO0VIleRydwSV2TaFpPHqdU%3D%7Ctkp%3ABk9SR6Dd0ZyXZw
iPhone 11 Pro 64GB Silver Unlocked iOS26 Battery 100% - Free Postage,,£99.99,Free delivery,19 Feb 2026,13,Pre-owned,https://www.ebay.co.uk/itm/389643832406?_skw=Iphone+11+pro&epid=17041383147&itmmeta=01KJWWMDSZKMXBJP8JAWZ3GXW0&hash=item5ab8950c56:g:13EAAeSw2NRpjOWV&itmprp=enc%3AAQALAAAA0GfYFPkwiKCW4ZNSs2u11xBeHBGT5%2F00%2BE2cLgOGUUeQKLdsm8cRbJO1hQApuDUrV2%2FQ3Puvq2zYmGGGoQhOhGYG9mNblzATvU9G52kPHOg8kFtZXy%2Fy0FtTP43pZuH3%2FytsuFTQmAS2X8ieiXxxbiomDY9o4ZEHlU9bNygupPh8FlI%2BDi2goZF5hZSMhpiTFHNH3fR7KRYfav3%2FXiDPiLL1LhYtvWYl3S%2FkoPcVaXYJnuthdxjwT0z7UTPyTIgzF6fBQMTZq8UWI4z215UMvXs%3D%7Ctkp%3ABk9SR6Dd0ZyXZw
Apple iPhone 11 Pro Max - 64GB - Gold (Unlocked) A2218 (CDMA + GSM),,£68.52,+£2.94 delivery,19 Feb 2026,13,Pre-owned,https://www.ebay.co.uk/itm/127688425353?_skw=Iphone+11+pro&epid=9034209168&itmmeta=01KJWWMDSZ9W6RYRKTQ7PYKQYA&hash=item1dbad2bf89:g:mvcAAeSw8ptpk4Jc&itmprp=enc%3AAQALAAAA8GfYFPkwiKCW4ZNSs2u11xAI%2FMbbux0NfEVW2NmA8WKgJOHNqC%2B4zDXpz7afv0PaEl%2B1%2Fdoc4ej8DeuF4R8evY9Prz7QPnI0MK6t5E6bpLCrHt%2BDVX%2F2yVXYyTYOnnF95TxJs88ZAoVkv7HmyjSn4gC4jknTMOLs7oA%2BqLTthBZhfUxShX5vjSpACEC%2BPankT1IMf7jz73VlaOYr6bkKMsUpe650%2Bx7RgW1LYGk2FTI3WEAWd5fkzDyV8D0ahQBsRpxx5ptZrL4%2BmeAIc6%2BZAkNmc%2BYjBrUe%2BzbEiSGV531Ta8Z8xLd9NN06ERl%2Bx8%2BjOg%3D%3D%7Ctkp%3ABk9SR6Dd0ZyXZw
Apple iPhone 11 Pro - 512GB - Gold (Unlocked) A2215 (CDMA + GSM),,£169.69,delivery in 2-3 days,19 Feb 2026,13,Pre-owned,https://www.ebay.co.uk/itm/147056892828?_skw=Iphone+11+pro&epid=8034218188&itmmeta=01KJWWMDT0WBQKGB8M3WYGZWDT&hash=item223d461b9c:g:DaUAAeSwG0VpT8PA&itmprp=enc%3AAQALAAAA0GfYFPkwiKCW4ZNSs2u11xBojTwLE2gBd21Xqh3koaNw0jRXW0B0IZHIskR7ABlRvK4xbD0smt8eBrkQ7zdLkuCOv9y0OwtjuYLG%2BeDg2T93vnI6A80f2hXu91Dw8fbllq%2F3OlxVdBPDOurEH7NZ%2BzCs%2FrJO8MUew22vAbiXdFlVqvdALeYfmgQ9PFn6UW%2FVI%2BcHrn22LA1PhADg4uOrMSiC8%2BrWISdTOOLVz8sbiRAOkpw%2B6lg%2F6O8ns2pWc%2Fu65VcyKP2Ak8Z%2F63ufsk3IBao%3D%7Ctkp%3ABk9SR6Dd0ZyXZw
Apple iPhone 11 Pro 64GB Space Grey Unlocked 82% Battery iOS15 Good,,£100.00,Free delivery,19 Feb 2026,13,Good - Refurbished,https://www.ebay.co.uk/itm/127693105944?_skw=Iphone+11+pro&epid=11034210273&itmmeta=01KJWWMDT08P69B69KZD8N6WQY&hash=item1dbb1a2b18:g:77gAAeSwbkBpltkb&itmprp=enc%3AAQALAAAA0GfYFPkwiKCW4ZNSs2u11xC8fEfYwpEbzwXu%2Bx7hIS%2BWYV0W3dW7VqMus%2B9ymAdt9Qg4Om69eay%2B2REUKzJgN6I%2FbCaVPd1i7rN4Gr5Rj01roH3SxTwseKweCdPjhfmEF56Zia7nJ5h8Ixx4JvwZt1n1OLMKcqPqzGxgHYrFPobiKkKQQQMt8eLAM3zkvrFhst3uus4SE8s4ubTIhs8hxeAnRhf9PTT7w2r4nSnO0MJsr2ZfhVLAlevArFo7fdjIsyZ0zrQBzWM2S8AMGtFKAys%3D%7Ctkp%3ABk9SR6Dd0ZyXZw
"Apple iPhone 11 Pro A2217 256GB, MWDH2ZA/A",,£186.86,+£3.42 delivery,19 Feb 2026,13,Pre-owned,https://www.ebay.co.uk/itm/198071193592?_skw=Iphone+11+pro&epid=27034209772&itmmeta=01KJWWMDT02NFCC05FTATRCF8K&hash=item2e1df68ff8:g:glUAAeSwNPhpf1Qr&itmprp=enc%3AAQALAAAA0GfYFPkwiKCW4ZNSs2u11xCoeC0Dj4XqcFNY3pcQz5YTWHeOciJtY6r1sL5kuf6FjZGj79Z2tryKVZLDgd7gnt6io%2BUzAho1fZ3KlnA2kd1KD%2Ff4lr04w%2B44SckyDqitpMqsd2QYqhLqE45fa5lkAOiCkAJRclJ0mPaI%2BZH9rgi2D91jnv5xS6YrROJCMasZRVuy31JZ7amrCAsNaRYItX9ox%2F7SzDTYMOnPqKkoIwGGGAUoWKuW579O9Boqos3xyTJubvZmh2Y87IYX4XOQxn4%3D%7Ctkp%3ABk9SR6Ld0ZyXZw
"ROSE GOLD MAGNETIC CASE iPhone 12 11 13 14 Pro Max,Plus & 2PK Screen Protector",,£6.99,Free delivery,19 Feb 2026,13,Brand new,https://www.ebay.co.uk/itm/225692733630?_skw=Iphone+11+pro&itmmeta=01KJWWMDT0QQB73TE5Z1P135WT&hash=item348c55d0be:g:c7UAAOSwI8RkwSu2&itmprp=enc%3AAQALAAAA8GfYFPkwiKCW4ZNSs2u11xCiHI7gbcI%2FTTg%2BhZhOiQT3sMrEx6WIOJsaxeS9mJvKtllNoVzGSDs5W8aq%2FiayF9cxX%2FjOqE7DlBUEU44O4lFwMCMoQGksYc2O2bwa7sfIFMD%2FOt6%2FzNnRtVnfivUibbWWFVbEqOuKSb9iljpQjRIcQOQbMrUoIgK%2BVr4QPFHbVVqwDJND3irgCT24yyLkFDpr1EZa9hkVWhxeAUzvTJQIVLiSH2IdzVOddlkUPjOdYLas4yHoC%2BEWHFLKhOXlsKZHZFu--k3muKjajymd7rcVnWOVqj0Uc90K0xSnj5M58A%3D%3D%7Ctkp%3ABk9SR6Ld0ZyXZw
"IPhone 11 Pro Max, 512GB, Grey, Unlocked, Pristine, With Original Box And More",,£297.10,Free delivery,19 Feb 2026,13,Pre-owned,https://www.ebay.co.uk/itm/376970965159?_skw=Iphone+11+pro&epid=6034218752&itmmeta=01KJWWMDT0XDJ3QEPN4JVYMKY5&hash=item57c53870a7:g:uuwAAeSw1bxplFrC&itmprp=enc%3AAQALAAAA0GfYFPkwiKCW4ZNSs2u11xBjwRlyiS%2BxQNQaH%2B5NSdG4ydDyvFl6f9Ver1WOXNGigLOOZJunlpJ%2Bdn4ha2sO1sFb8u%2F5JIg6o%2FR%2FIwnlR7odowQOX4CiVioclGAbv7CVN%2BAIwS2KnoxxhTNxFJLoFTieTetEKHoQnCMAD6idB44LtiJLbRSEthKb0%2BbAkXinW3pR1WICBdmf5tLezTvQ4G5NoU1DxwjcwC8otLN0Pv5J4oUBMvktlAv9drwJkiEjBhwnXgDmAK0P8d%2Ff1RpR%2Fjc%3D%7Ctkp%3ABk9SR6Ld0ZyXZw
Apple iPhone 11 Pro - 64GB - Midnight Green (Unlocked) A2215 (CDMA + GSM),,£94.30,+£2.94 delivery,19 Feb 2026,13,Pre-owned,https://www.ebay.co.uk/itm/366208595403?_skw=Iphone+11+pro&epid=11034210273&itmmeta=01KJWWMDT0CK733AB87HPWZMK7&hash=item5543bbb5cb:g:Ty4AAeSwP9hplJ3v&itmprp=enc%3AAQALAAAA0GfYFPkwiKCW4ZNSs2u11xC%2F54Z2jAKA5HrF6VbynAePvcgkE%2BA5bOVIJOECMCBe1dS9wlLoBm%2F4FD%2B%2Bg9fmbp7rV%2F7EW0u4seIViZO5Ke1gf6q6uIVFEjwyDjbLuIJmXpJWvQb2X7HAeOTOS5Nf0dAYMLFWSVF7lff%2BO%2ByDTaI4cpJegppThYod3DgEuGpWmldxrZARW9bC48EUERWys9hmIbKxQWnaL9BfXOQInDxfTNM6e71vBAllGZJkbZs3I136XwXTtuB%2BRVy3YT8KA%2Bo%3D%7Ctkp%3ABk9SR6Ld0ZyXZw
15W Fast Wireless Charger For Apple MagSafe iPhone 15 14 13 12 11 XR 16 Pro Max,,£8.99,Free delivery,19 Feb 2026,13,Brand new,https://www.ebay.co.uk/itm/166789395700?_skw=Iphone+11+pro&itmmeta=01KJWWMDT0KEAA09DN2CJXT3D6&hash=item26d56c34f4:g:IncAAOSwO1JmVc8A&itmprp=enc%3AAQALAAAA0GfYFPkwiKCW4ZNSs2u11xDNbhzx1E3hvb19nqH1Be7dmE1zHCG1QwQ1dodIZxWtoJE63mRAZWBBvU8PD2Bvn3w1GJ7ZBgbJWlwsAIqYCZR2KpmdCFH3lRAAr7N73W9bSOp2eOG6%2BDguOijDuWmOPpDgQUBtY9Siirdpt0L34Rp5HUgJT9SFF1GU4nynZa2Im0yQkPbts8LJ5P095Pw4HYLb6%2Fx3kGuiAu5EhTaq2bLz7zEHZmPYOpSTR0PRgkXSwQ%2BLc2930IcFfVbdj17rvZU%3D%7Ctkp%3ABk9SR6Ld0ZyXZw
Apple iPhone 11 Pro Max - 64GB - Gold (Unlocked) - Very Good Condition!,,£149.95,Free delivery,19 Feb 2026,13,Pre-owned,https://www.ebay.co.uk/itm/267577032739?_skw=Iphone+11+pro&epid=9034209168&itmmeta=01KJWWMDT0X28M6D5F0TN108JQ&hash=item3e4cd58023:g:Q74AAeSwxvxpkdoQ&itmprp=enc%3AAQALAAAA0GfYFPkwiKCW4ZNSs2u11xCHPkvRjMqNK31liRUeczW7A9eI4GbqS93tOAMTUuj9njuFTGrIyvPuOT7JqPw0RBndSYmfGsN8dlg51G12u3Aa%2F6Zm5wHqGcQjbcdpqnxdb1mHL%2B3lKbaWR4rob1UMH28D3BZW7VNp0oirDxkhXIkKjD0Lo2c40asdrTV%2BZ7Q6ISPHEf7nypcetGtQmYvpSvTDLD9FkP6AREP9VtiJscItQe9XKderDiMws2wWXK9ljcfksc0eOFZoU%2F60L9pv4Gs%3D%7Ctkp%3ABk9SR6Ld0ZyXZw
Glitter Leather Card Case For iPhone 17/16Pro Max/15/14/13/12/11/SE/8/17 Pro Max,Leather,£9.99,Free delivery,19 Feb 2026,13,Brand new,https://www.ebay.co.uk/itm/396483193805?_skw=Iphone+11+pro&itmmeta=01KJWWMDT0ATPFTBMWBBHCXCK8&hash=item5c503d6bcd:g:5kwAAeSwSXhpE2H1&itmprp=enc%3AAQALAAAA8GfYFPkwiKCW4ZNSs2u11xDBZ%2BrmQ5X1RbwPwdybli6DAVbEc%2BKCv8flhXnrmmHcd9f2YyYdxURlLT8yLedMraohy2qfqtWnkjScd9B%2BSODiaqFpuWOgZIgG%2FQpH%2FwpHFYI7LQ%2BXSObcfMxiPlrjNOxfam1z72NxQ9JHyAnJN9dPWF2HC8Y30utHh1SS4x9LGAKUVsbaVJsYDtUOjmQGvfJWovEUpyYYD9Q0VfwQ2fAC8wExYfiFNbg0FbcVcxD54J5C7PlomkhUamphgNr6UUUSVHgIMs5sYAiwjnqYIgoP9ChOpnvn7qbTIgHwQRTDxQ%3D%3D%7Ctkp%3ABk9SR6Ld0ZyXZw
Apple iPhone 11 Pro Max 256GB Space Grey,,£61.02,+£2.94 delivery,19 Feb 2026,13,Pre-owned,https://www.ebay.co.uk/itm/137050595567?_skw=Iphone+11+pro&epid=14034212889&itmmeta=01KJWWMDT0J7XFMHG9ZC11DP53&hash=item1fe8da20ef:g:5kgAAeSwT-tplrGn&itmprp=enc%3AAQALAAAA0GfYFPkwiKCW4ZNSs2u11xDz8jr83NcUgzKQnmGLt71mrdyuMXszowghxw6cTRHxGmxqV%2BKrp3%2BS5ca%2FwNp0zVPT7yY%2B051UbbNRnT6Y5kzprlcr%2FOHDfQWU8GhtaYtxBdDnzsrkqv%2Ft26HU%2BEUGdICvptQEUVzDssFm1q7Qv8JWpcB%2FjsLhiTqCrZVO9USi%2BnsvNs7cTyfdG7hJC8Gm63iCqEwuFmTSFLdHnXgik%2BK62zRuJA%2BpcHZB8nLRbDB%2BbjXnaR%2B1tE451ty%2F3WrtD%2B0%3D%7Ctkp%3ABk9SR6Ld0ZyXZw
"Apple iPhone 11 Pro 64GB, Midnight Green, Unlocked",,£73.20,+£2.94 delivery,19 Feb 2026,13,Pre-owned,https://www.ebay.co.uk/itm/198100510331?_skw=Iphone+11+pro&epid=11034210273&itmmeta=01KJWWMDT0BJC0QQWA92MHDEVE&hash=item2e1fb5e67b:g:o-sAAeSwfVxpjesU&itmprp=enc%3AAQALAAAA0GfYFPkwiKCW4ZNSs2u11xAYFWcZqTQFCnv%2BNHs2HYdO7NUopg93m45Kf9XKhB0la%2BZPXdIrRrzqTc4BlAhR9O4to0%2F%2BrmcoGnPRKWEPUt%2FDQFyI4ycWSNauqC4fzXH7eZ18lBhSB70KI%2FBnu2G2udzt6bMsZ2HmgYEdO%2FQbzTL2cwnmTHZAtch8Sae4D%2BjNGb0jVprJzAQ4osMxcDMRW70u2yTF9ayWdkzuSzkNfEKnrLI5mR55A6grcL3lzRqe5pmd9z%2F5ptGrLL%2BMUsT2QcU%3D%7Ctkp%3ABk9SR6Ld0ZyXZw
Apple iPhone 11 Pro 512GB Space Grey (Unlocked) very good,,£189.99,Free delivery,8 Aug 2025,208,Pre-owned,https://www.ebay.co.uk/itm/336076773471?_skw=Iphone+11+pro&epid=8034218244&itmmeta=01KJWWMDT02TA480KYANZ5EYVJ&hash=item4e3fbc985f:g:B6gAAOSw0fxhqPQP&itmprp=enc%3AAQALAAAA8GfYFPkwiKCW4ZNSs2u11xBQNpAvIvxS8A7R6ymWj%2BWuRUoPG0moQp9dBGJT%2FsOTWJjeQJJC1uL6Mv%2FNPRW0TAZBizME31iGlG143EEbs2pnVnzhDvXd5c1ukQIu%2FA0CXF7f--cdLE4nc2J3LSIhzS9CkXAWPnNqLyXLMnDjhAzloEz2JDZgk39LqDLK0%2F8k7Mz4iQqcKB9SlLtJT3V7L7kaGz5olw0FAjiPV%2BbwO3u%2FhaL81hTq44zLxfgivWIorvUIoDxr0psuUVlfgRnzHIohlJPVUezV%2F8I1fJDm1ZEK824EVnrw3%2BX%2FjPOri3mGgQ%3D%3D%7Ctkp%3ABk9SR6Ld0ZyXZw
Apple iPhone 11 Pro Max 512GB Perfect Condition Unlocked,,£187.90,delivery in 2-3 days,19 Feb 2026,13,Opened – never used,https://www.ebay.co.uk/itm/358096894353?_skw=Iphone+11+pro&epid=6034218752&itmmeta=01KJWWMDT0375KB40ZE8WQPCRF&hash=item53603cf991:g:lJUAAeSwrq5pYBEM&itmprp=enc%3AAQALAAAA8GfYFPkwiKCW4ZNSs2u11xC4dilNpIJMsbVSK6I2IMPgwzTjZIW039wGatQFAJn6KbrYPzQrlpDojTVZ9ODn9sOu06UP%2FUpkFD34s3odMg6OfEtM8H8TuM%2BYs8jDXfcyx8hooYOTC7notf7BTVdbNaysAPg70SqQRhHikt3ps8jp4qRw1MhQcWMys1zD104bajL0KQ8CXSQvoAqp8aewaPvVlF0kaf7MYqBSHODqAuPjM9T5yL%2FAJRWKq0DS4vsGo9xm8np2QQW5QeIgjEqJ5kl4I%2BFJmQStcarFGt2ICUnCPWmeOL%2FLzxZf4yMP6x64tA%3D%3D%7Ctkp%3ABk9SR6Ld0ZyXZw
iPhone 11 Pro Max 64GB Unlocked,,£128.00,Free delivery,19 Feb 2026,13,Pre-owned,https://www.ebay.co.uk/itm/358228545186?_skw=Iphone+11+pro&epid=11034210143&itmmeta=01KJWWMDT0EDN09FHEXP43ZPTY&hash=item536815cea2:g:54kAAeSwiZtpghQi&itmprp=enc%3AAQALAAAA8GfYFPkwiKCW4ZNSs2u11xCzoyFHxRrOEhRohmQGJGu0N2LDJiD8VCC8hFtivx6zWTZJ7KFirLKNokHyH%2FJDcOFQfczIm6YADdZRejb8Wq3VXMJRGJppSnOpUp0fU2%2BnCQcVIloP3GhPkLPZxu0R5BWnJJlD3Hz%2FqdBrqyEaPtK53nX%2FXPrBoEHKfPbBgEbJqNCEKLuO7SvpkIIIdj96b%2FsuQDfjg6Fu6p9JXtlgE%2BBbHeX6llo%2FUw8PBfdP9ld06siLueEmg8IymHJNi8eyh4cuzGhb%2Fc9WYNyzV3kQKfbKA58DVjF0TsVG5SKFKp2WFA%3D%3D%7Ctkp%3ABk9SR6Ld0ZyXZw
Shockproof Magsafe Clear Case For iPhone 17 Pro Max 16e 12 13 14 15 11 16 17 Air,,£8.99,Free delivery,19 Feb 2026,13,Brand new,https://www.ebay.co.uk/itm/364964680660?_skw=Iphone+11+pro&itmmeta=01KJWWMDT0BZFZYQKVD7CTJRS6&hash=item54f99713d4:g:KJwAAOSwKQ5mdqdk&itmprp=enc%3AAQALAAAA0GfYFPkwiKCW4ZNSs2u11xA2RkbxbNCtn6x5OCjYf7Aeke5z2TBQEYZpwhkgxGekcmuIFAuVXpxniJJ5K5yYTNp9%2BPs5YgoaBoq9RPnnZSQnivzWBq%2BRZx9G1CP61zivJMBzoI9xCUv3mf3q6CGIcxUCjVx7IK6mRDx9OveNPFQ2QnaXck3gXPoDCdT67Tvie1eBYFoFklwpjIJNGoA1HqLuIk3SLQc5cIrkFPL8t8WFFVh1X5kAajO%2Frm7JiEj6KqbTTweOirFWq3QAKj%2Beln8%3D%7Ctkp%3ABk9SR6Td0ZyXZw
Privacy Tempered Glass Screen Protector For iPhone 17 Pro Max 16 15 14 11 12 13,,£6.95,delivery in 1-2 days,19 Feb 2026,13,Brand new,https://www.ebay.co.uk/itm/277448985918?_skw=Iphone+11+pro&itmmeta=01KJWWMDT0BR9ZKA96V5VAYJP3&hash=item40993f8d3e:g:pVEAAOSwPc9h51zA&itmprp=enc%3AAQALAAAA0GfYFPkwiKCW4ZNSs2u11xBvs1MMTDctoYnSgndpsXX8P53pyNZ9YHtf0eiZzQCNd8IYzffnJ4PfdSCBFZxzrz5uw8ylmEz%2BHyMXMiIzwuUeox23p2gv2kX68lADcz0w5zK52wmHU9tRzMYtVT5F%2Fo5mNOe4MDa%2FwqnDMHvxz7OnWtEjyHSYg3%2F9zTYtWzdxyQd5MUscU8TIYWv1K7WbmRgtSx3KCLJl9mra30O3h5qXnYyxY4%2BKberWYTRwVHG%2BYkxgoahzNMIKNHj6FhguxqY%3D%7Ctkp%3ABk9SR6Td0ZyXZw
Apple iPhone 11 Pro - 256GB - Silver (Unlocked) A2215 (CDMA + GSM),,£129.95,Free delivery,19 Feb 2026,13,Pre-owned,https://www.ebay.co.uk/itm/267571452821?_skw=Iphone+11+pro&epid=16034214113&itmmeta=01KJWWMDT04TR3AZY4HMZYY3SD&hash=item3e4c805b95:g:gWMAAeSwmnlpiZnX&itmprp=enc%3AAQALAAAA8GfYFPkwiKCW4ZNSs2u11xAt4wl9ys0iPRLBclpiAmXv%2BiGpaPA9udeEzLkrtSfeq4E6F6NByJx7hTMjyGOHkXAeHFq2s8i%2FwiDCMq3NeXqH4VvxXxv%2B5Ua%2BRUWXftb5SFX%2BV4vQBl7IpnuURW498RT--E7aUXAgJU%2F3%2BwJV2P--%2F2LDOgHSwG0xPVSWtqBJTSZfFLLXah%2BAZBN%2Ft4KmUqQcEkNqxVWJ3sDp9BgQAwLuGc3of34kyN33fMUijweemndzt9MjUcChDLFEG77KEuBG%2FoENa5ad7zRqVjnO8NkC%2FQhtwNfNtRkYDy0z7Aly6w%3D%3D%7Ctkp%3ABk9SR6Td0ZyXZw
Apple iPhone 11 Pro Max - 64GB - Space Grey (Unlocked) A2218 (CDMA + GSM),,£141.10,+£3.42 delivery,19 Feb 2026,13,Pre-owned,https://www.ebay.co.uk/itm/317898863800?_skw=Iphone+11+pro&epid=26034221360&itmmeta=01KJWWMDT0WY2FSAPVEQPZMAN8&hash=item4a043fb4b8:g:4zEAAeSwmDRplv3w&itmprp=enc%3AAQALAAAA8GfYFPkwiKCW4ZNSs2u11xBJKPYRcjWLcWG3aaK6%2FeID%2FZZpwL5ji5aYXEbPj%2BF5X80%2Fq7P8oftraI2SCx2RcmCOWkjaUjFPTf7vqiwjpwS6XNDUq%2B9Q7N01cDErnvwfsbPl9L7oY78NMjhDtf4%2FlhYOm5SZuG3Nhw9ULSySafjNUDMrbPYzfyY3d9u1o4x2IHXHc7o%2BCKpLjUNOF2FKo8JR9zH9oJdWnnVA7SYjCBdPKEvef81QQoMZ91Y4ahsznQOUkZ%2BDy8kWLvgpPD5PDXrBQNwzq76npdwlwBOKGZUE6ohyaeIv%2FWJlLlyluBGBnw%3D%3D%7Ctkp%3ABk9SR6Td0ZyXZw
Apple iPhone 11 Pro Max 64GB Gold (FHS83160),,£99.99,Free delivery,19 Feb 2026,13,Pre-owned,https://www.ebay.co.uk/itm/188074156747?_skw=Iphone+11+pro&epid=9034209168&itmmeta=01KJWWMDT0PSRR7N7QHDBHCWH8&hash=item2bca17e2cb:g:70wAAeSw77Vplv0f&itmprp=enc%3AAQALAAAA8GfYFPkwiKCW4ZNSs2u11xC%2BDOt4RwGUVpWLE3IREy8ZX7%2FDu4LQuZJ2EIecZso5itQpR9bvuSYHFhsAtM9mJyGaWfDaBOzJ0fyh644EkMlO2xU8VZAvtwfPbC7RMKuUzrtiWRFZRlJSllG4Y9NdHwk%2Bqd710%2F6vXAulYmA9606VzItiEERfgYrYf4PgJbmEj4Vf7qM%2BHLHFSmQYVMGgAomkT%2B8esfH8R4V3xNtdbfpu3o1YRPADhv0qZwv2ku5O7tIy97OeC7vU%2B4%2FNQsSVjqxUMDa6QK4M9fvL%2BoQLRFVs6y4rI8r2LCVoXFkRjF%2BACQ%3D%3D%7Ctkp%3ABk9SR6Td0ZyXZw
Clear Silicone Case For iPhone 17 Pro Max 16e 13 11 12 7 8 SE 16 Pro Max 15 Pro,,£6.49,Free delivery,14 Dec 2025,80,Brand new,https://www.ebay.co.uk/itm/167294449842?_skw=Iphone+11+pro&itmmeta=01KJWWMDT0B9YKQBFJBX34X0W0&hash=item26f386b8b2:g:cfkAAOSwe7VmLOdr&itmprp=enc%3AAQALAAAA0GfYFPkwiKCW4ZNSs2u11xC2i8yLP4EXqmszOKmk90zPoxoaKWjyJnhC1dZUXRWs%2BhYL6rofvJ%2FKCGPCd9%2Fk0FXNX0zG%2BlAqwRnG91iB%2FdIoseXWhiUKJPTl%2BxEN6SQqFF0EL8yXxjNWwWF4g3YreDPLAFrfXk%2FjYXfTCpkR85pg5FGDFNhNks4MTp3Xph6EUerN5YThHy5wOmOCAjSxeXrYwR%2FPBYrJLGGyzlD2p8oNmoCgrs5ffeezfgmVyziYZl4k88tAh%2FqHA6oV%2FXduKRI%3D%7Ctkp%3ABk9SR6Td0ZyXZw
"iPhone 11 Pro Max Unlocked Smartphone Midnight Green, 64GB",,£95.80,delivery in 2-3 days,19 Feb 2026,13,Pre-owned,https://www.ebay.co.uk/itm/127687553817?_skw=Iphone+11+pro&epid=5034224996&itmmeta=01KJWWMDT00GVH92JKG7376B8H&hash=item1dbac57319:g:jFAAAeSwPxNpkFyj&itmprp=enc%3AAQALAAAA8GfYFPkwiKCW4ZNSs2u11xCbYwSdQTtVFkK0zt%2BNKMomp9kyfJmhCqmViflswc3oDOZ0NWIJHhYncTIXgMO2nVrweh9xZPAc2jceefLOF7cV5EOClI3I0Kjhy3eo8hRGoiy5W%2BrakwOfwymJkXcXrCf6eD%2BqLzTkEfDJauirpcqASHT0xOaUjiPUxxWw9tmmZ%2B5Zvaw9B1ATwC9rbxgmQqafLtJ5cIXYV3jCKT3RcnFXIt6odQjpMfQI4APpGnQpOXoLjxPcr2ULIc4df8BEaz7UrtUwacHyfyBIVn8XuM1gqmH%2B%2FLpcbuNzqnI%2BXGD18w%3D%3D%7Ctkp%3ABk9SR6Td0ZyXZw
Apple iPhone 11 Pro Max 64gb Green,,£175.00,Free delivery,26 Jul 2025,221,Pre-owned,https://www.ebay.co.uk/itm/167598326332?_skw=Iphone+11+pro&epid=17036192304&itmmeta=01KJWWMDT0H30JN27W5QAJ7MZ5&hash=item2705a3823c:g:gnEAAOSwmwJoU9mS&itmprp=enc%3AAQALAAAA8GfYFPkwiKCW4ZNSs2u11xBThK6qr6voXCte1as7xfP3WSg%2FDM26DHQNY%2FsXOrsAyKEahCAArOPZGsxZjHxxhWYB6WZXxMZIj3kUq9ZBR6Tehc1nySGBKFGck0Gb4PuWPMhMYjERXbhxXgE2hBYi30FW2DfmmeFjiI3dJKfnh5THnSzsQKeVzSdfMkwLgRhThFmQu0QAN4bpIKUHJcjmSrblr1Jyz0RT5DGPxT0ElWBIVBbWTm4TLxFd7EO7CuFQEKbCyv9NXf4QJ1LH%2BP%2FNmE6WN6nRFYjPX9NT5bLR4odlo5rZBZQ%2BwPVOH9vA1nKkFQ%3D%3D%7Ctkp%3ABk9SR6Td0ZyXZw
iPhone 11 Pro Max,,£109.90,+£3.42 delivery,19 Feb 2026,13,Pre-owned,https://www.ebay.co.uk/itm/397383052989?_skw=Iphone+11+pro&epid=26034221360&itmmeta=01KJWWMDT0ZHXYR29W5P23CJM5&hash=item5c85e02ebd:g:JvwAAeSwHjZpO0F6&itmprp=enc%3AAQALAAAA0GfYFPkwiKCW4ZNSs2u11xChTG4CyQJMFekVXH9oHVoXwHd00p6zigGiE%2FdeJqviuDZ0EMvabouXTQqfj%2FIGKrOo%2FWaKuPkIdzmlx4wDqkMgTuZO0Gu9%2BgzgPjdsh%2BxlXKJtpA26PlC6MT88bQ2%2FSRfSjMmyoCxMI%2B3J99JkSz%2BFxxh9ATgRnmHmhYAUqVHg4Ur%2BkElg%2F7xls5smvucogDTfgZRaBl1Y5%2BzkwFKVNeA1V7J%2BeKugoXmWPXRSCF0KkVe9QXtVup3xDoDAJ%2Bj%2FAWs%3D%7Ctkp%3ABk9SR6Td0ZyXZw
iPhone 11 Pro 64GB Unlocked Smartphone,,£127.08,+£3.42 delivery,19 Feb 2026,13,Pre-owned,https://www.ebay.co.uk/itm/168154259356?_skw=Iphone+11+pro&epid=13034214373&itmmeta=01KJWWMDT001NDYFD54GWCR31K&hash=item2726c65f9c:g:HxIAAeSw~pNpjZ9c&itmprp=enc%3AAQALAAAA0GfYFPkwiKCW4ZNSs2u11xAEsf0jI1ASToOi6fGuGJ%2B6rafn%2FGaZvheUoA0PUKaGvfxPztHAdy17Wf%2BqQamBqrSLUS85KC%2FpN90PNNjXdKLOPFdls9xyUdDE3f3zf1jdO5GhK%2BJ4F69JRyuoiiGU2YG2LWCaSdDF9J6r1AZIn1PTi5HK1c4rxGNQ1jRb1vuJtcsRGtDaRC4oGL7JB2PRRRGWW6zL6iTxMW708tl%2FpCYoF%2FuuW%2B%2BS3n4NGlyl07Cj4ajcDN259srkcLA%2FhSWh6aM%3D%7Ctkp%3ABk9SR6Td0ZyXZw
Case For iPhone 11 PRO Phone Cover Shockproof Silicone Carbon Fibre Auto Focus,,£5.99,Free delivery,19 Feb 2026,13,Brand new,https://www.ebay.co.uk/itm/157378067508?_skw=Iphone+11+pro&itmmeta=01KJWWMDT0K8YV9CCGV2KTBYM1&hash=item24a476bc34:g:u80AAOSwG65oPxWe&itmprp=enc%3AAQALAAAA0GfYFPkwiKCW4ZNSs2u11xBbfNRsPMxPmAuCjvBvePssG%2BhjZZLwrXbxbq%2B8llRp06K079R1PsD2%2FdnolstczEF9bTvp5yR5Tl%2BwSldm%2BqW%2BwX1EA3tV%2FO%2BPQStSWZOID%2B9gjvxG5t6%2B9fl6thftUsZn1%2BICGfkOJsEQoAjDPqhyLg1ILmEsX7AYO%2BO1cktj0EVzvCudEeynYPzhDEbASMzkVBiKs7FBQwec5zMzfCAIQMLUErrhpwk5SO8AprxkBV9Hg1TZSBqTKAv%2F0sK2VTU%3D%7Ctkp%3ABk9SR6Td0ZyXZw
Apple iPhone 11 Pro 64GB Space Grey Unlocked with Defective Pixels,,£78.70,delivery in 2-3 days,19 Feb 2026,13,Pre-owned,https://www.ebay.co.uk/itm/127672872986?_skw=Iphone+11+pro&epid=8034218244&itmmeta=01KJWWMDT1M6FR1ME11C0MN80G&hash=item1db9e5701a:g:4z8AAeSwC5RpiHph&itmprp=enc%3AAQALAAAA0GfYFPkwiKCW4ZNSs2u11xCnNJ9vLEL5hR7O9cY2x7wtFYryVs6xiJEhnyPFj6iPrdpfo%2F8yuReffr%2FHI1FDf7Gh0Wfg6CLHTykR6z2QtCRahstrACTK%2Br2fM0ad2mmyYybPvWuvFYXUz0GYp%2FAKIQV9lXoTG%2Fd7rei9Go2LNLZ0OHeMfVG02Bc2u0E28p%2FuEl7AlAu5ygwTRuwu5RSBG%2FRKYanGusx4BJDwus4uWyFv2NjIg2Gzc%2FIC0AwPVSVOHYSWIlTNZaWRTgSQ1U0RaL8%3D%7Ctkp%3ABk9SR6Td0ZyXZw
iPhone 11 Pro,,£68.07,+£2.94 delivery,19 Feb 2026,13,Pre-owned,https://www.ebay.co.uk/itm/267574177244?_skw=Iphone+11+pro&epid=8034218244&itmmeta=01KJWWMDT1V42DGQQP6NF3THYT&hash=item3e4ca9eddc:g:kFIAAeSwyiJpjYXi&itmprp=enc%3AAQALAAAA0GfYFPkwiKCW4ZNSs2u11xDmNQ%2FQofHnE1gu%2F3Eu1X%2B3%2FpBWBxLQ7kQf6aIhEheOUcBJTiMq9FyOZBHQPL%2BnGew9CFaju0vRgNfiqU%2FG5Wcm%2BwWl4fFBjQudhQDqin7PR9rdIDjO%2BULC6Od8M2zBwQPfIFwC3Z5VizEO03unC8giP%2FozrEbHftshTJ%2FSJWUXz8MIH314dH%2FA%2FXDYaFF%2BQm7E2YoANcXB9axQBjZx9IUg%2BgKlI8vBZRRTSV%2FyHZFoGzOsiEQTSxVy%2FiQbHjeTlY0%3D%7Ctkp%3ABk9SR6Td0ZyXZw
Apple iPhone 11 Pro 64GB Space Grey (Unlocked) A2215 (GSM) - excellent condition,,£125.50,+£3.42 delivery,19 Feb 2026,13,Pre-owned,https://www.ebay.co.uk/itm/227222321576?_skw=Iphone+11+pro&epid=8034218244&itmmeta=01KJWWMDT18GZY2QSKB78WFPBR&hash=item34e78179a8:g:JukAAeSwdHppkwQc&itmprp=enc%3AAQALAAAA8GfYFPkwiKCW4ZNSs2u11xBb4VJF9Kt65qjfLzd0loUtkDPEgB3XChOTVG%2FuLKqwYQ66tUcv8t%2FMcSQ8ybwI9iwhJtJCYppyTor01u0uInjc%2FulTGPA0%2Bn2BIqR38a6L9leMMIsDvpgXSEn1%2F4ESZ9hylTVTwL8LEHC%2BX8IJYm5BdJr8Gy%2FUitgiKIujWIbUk8UtmFGwWdusy5TRbdUYFDZ73kTV35kbeoziA%2FmsDpUM8ioA2cM6L7LvM%2FBXfmSRVcFBSCnSXgwdZjV5sBkCIDo9KKjEDV9%2FXVHgvI76JdPBIBhjBf2Q8zQ36GkUkaPUfQ%3D%3D%7Ctkp%3ABk9SR6Td0ZyXZw
"Case For iphone 17 Pro Max,Air,16e,16+,16 Pro Max Cover Leather Flip Wallet Card",Leather,£8.49,Free delivery,18 Feb 2026,14,Brand new,https://www.ebay.co.uk/itm/396248254338?_skw=Iphone+11+pro&itmmeta=01KJWWMDT15GV7HKNAXSS4K68Z&hash=item5c423c8782:g:KIsAAOSwcYxnuIgD&itmprp=enc%3AAQALAAAA0GfYFPkwiKCW4ZNSs2u11xB%2FLvgraOl04cwnifwZmJi%2FjLAfG2HCGwK5FchtSCf1k%2FBmP7nh4Nipnan5P06kUR%2F5FyKo9i%2FB47nEPdl%2FtquLztE7orFTDQAWnHB3%2BpDL3an0VQDhzdRD6Pf2SzB5ry5Ge%2BqL5rc1LHi1Kzp%2Fd33DLc1ZGcbg7P%2FffVnt0PuUXyACiYIhKzuMzcHgt2FwEftz%2F36vCPHuyqPhECP55ANHjAEArmUxuVYd9bjTLlNdDu84EWbw3%2FnQQciKlAPWr00%3D%7Ctkp%3ABk9SR6bd0ZyXZw
iPhone 11 Pro Max 256GB Unlocked (Broken),,£99.83,+£2.94 delivery,18 Feb 2026,14,Pre-owned,https://www.ebay.co.uk/itm/137031457423?_skw=Iphone+11+pro&epid=15034218456&itmmeta=01KJWWMDT1XKMWZZ6ZZ3PQDATG&hash=item1fe7b61a8f:g:fbEAAeSwVjJpjRZQ&itmprp=enc%3AAQALAAAA8GfYFPkwiKCW4ZNSs2u11xAxZWHLWcdFVzVIVMnUcX7ZGze0eyKCDFcTftFysMdibsMZmkROwE7DPo%2BtTu7I7xVRaj%2FTcLlRQEoIBReNUs3%2BVnY3Tvdf8gDwWswyeRa8XqFPWw3upOnSubSa%2FyjiK41MiXSx8B53Qnryt4%2FzDUGXy6Vd6NZ%2BogYzmAg0rYuyOTYGZInQuqPh5SIfgX79mF0qSoziNX54TAf%2BBoRpG5KGUFpobP71PbpMUk8g9RkieIvEcN%2B7vTuVsCTrZ0DgAJO3nrupaby2IMvhZ03f%2FCcYhuYCfXqIP7nLnExw1ZJwfg%3D%3D%7Ctkp%3ABk9SR6bd0ZyXZw
Apple iPhone 11 Pro Max 512GB Unlocked Smartphone,,£130.70,+£3.42 delivery,18 Feb 2026,14,Pre-owned,https://www.ebay.co.uk/itm/137048207327?_skw=Iphone+11+pro&epid=11034210237&itmmeta=01KJWWMDT1Q3ZVP0WA8D9EQ4B7&hash=item1fe8b5afdf:g:OCgAAeSwVkBplafb&itmprp=enc%3AAQALAAAA8GfYFPkwiKCW4ZNSs2u11xAq7peQAh6DrI4oRBaDuizguujE62qzDOTh7SZ1fUXOdouuRF8yVJRHPz7dRkdbWf%2BplgwxNE9tyyHfsLJprWvhSrwcDIru8bTiKZXDE2qzl7T8Na6sVW5q3ckXDYJEjXOurPp6yNtZKl%2B9xgT7ixm3gQVlF4mS4ewGZulA2onLVS5VC%2F9tKrchNubOqs98PNyH018RnaDOGZpg0%2BVRQjynG1QGatNxIeQ0tE929TsPp554ezOp2dLoE1NHdAyFgL5q69RzF5ZcuYQp35Tw3H1BBLlxsHnqkvy8O%2BBTzr8MIA%3D%3D%7Ctkp%3ABk9SR6bd0ZyXZw
Apple iPhone 11 Pro Max - 64GB - Gold - Unlocked - 70% Battery Health,,£100.00,Free delivery,18 Feb 2026,14,Pre-owned,https://www.ebay.co.uk/itm/376825809601?_skw=Iphone+11+pro&epid=23034220841&itmmeta=01KJWWMDT1E9DHBBGGCFCRV2AY&hash=item57bc918ac1:g:sbAAAeSwYlJpVqWE&itmprp=enc%3AAQALAAAA8GfYFPkwiKCW4ZNSs2u11xBgGV0RPuddpxFWoGdfV95Bpy7LgZXMOdRbMERuTmljEu0%2BY2TGUL5CS2i1Ez%2FeLHFHaAshWcJ5M%2BNtw8fhjf7QNIM34sUuLipHbXHjWyb6cvmTGXGE4JTRlVjBpRQCHPRiHaX1gMfx%2Fmk0w6bn1eUpTRjvDuNLnA0guHZKmyjpKryvonWptssbE%2FEtHmdDaJxaQZf%2F59%2FyEZNaZXrUdsELLdq1gS%2BNqxoz5MWxSiWfLtXK7hhqp%2BZXglBdGbLOpyq6cp80nLM5t3%2BIoR3zN4DsR929Daya4jg6mBjwgAnxeQ%3D%3D%7Ctkp%3ABk9SR6bd0ZyXZw
Apple iPhone 11 Pro Max - 64GB - Space Grey (Unlocked) Fantastic Condition!,,£156.70,delivery in 2-3 days,18 Feb 2026,14,Pre-owned,https://www.ebay.co.uk/itm/397616637960?_skw=Iphone+11+pro&epid=26034221360&itmmeta=01KJWWMDT1V75DXB104D18N9S9&hash=item5c93cc6808:g:gwQAAeSw5Alpk0Mc&itmprp=enc%3AAQALAAAA0GfYFPkwiKCW4ZNSs2u11xCpL36UzwYDjcKodLOAcYd0GpxWd6NO1ZLGmtDiFPv4cRsjYBVFrR0x8eb1Q9%2BDGT1hd1re7c%2F2Q9fdk7FjNNMKQhDk7DI%2B6nToqfumnISENz0opqCLUs3BOk7FX08mFoDZa8VyDNQYmNDi2L5TV%2BAI8YYLx6ManFsFxT3moOq9R%2FwRQIC6TmNpMEjL1f4TOsjvHsROn18At3guff%2FKmW%2Bp2PEeMnf0eJJbpk4XhaOyX9kuV%2FDgM0UHbSNKouJuing%3D%7Ctkp%3ABk9SR6bd0ZyXZw
iPhone 11 Pro Max 256GB,,£132.08,delivery in 2-3 days,18 Feb 2026,14,Pre-owned,https://www.ebay.co.uk/itm/267573807904?_skw=Iphone+11+pro&epid=14034212889&itmmeta=01KJWWMDT1SCFQ04BS38WWMJ2A&hash=item3e4ca44b20:g:B04AAeSwY75pjPZP&itmprp=enc%3AAQALAAAA0GfYFPkwiKCW4ZNSs2u11xAAt4%2FVcb8gGHkLC2KV52dkVGHkgW9e0DhtQ%2BwIMuscQukUtswA4xnNnun%2BIhDKVuuk72cQA5OEIeSXCtQR7cVP0npqMuNJcn3cWbPQ6hGN6Xdt7toKN3i%2FVFlFwk%2FPEYZxbRV%2BcINNNkxtNM685kpG4YoSIM52VEidT%2F3P9x95KTCCYRIpZ69quVX5G5joQZTVifsdoxKerNU2d%2FK2EWOZpuE0z2M8MVWgqnVI4u%2F302%2BPbEZaOEiRSJ1VLY%2BwY48%3D%7Ctkp%3ABk9SR6bd0ZyXZw
Apple iPhone 11 Pro Max 64GB Perfect Condition Unlocked,,£141.10,Free delivery,18 Feb 2026,14,Opened – never used,https://www.ebay.co.uk/itm/358224266537?_skw=Iphone+11+pro&epid=9034209168&itmmeta=01KJWWMDT1MNVGHKTJF2T8K33S&hash=item5367d48529:g:hD4AAeSwYJtpXrGn&itmprp=enc%3AAQALAAAA0GfYFPkwiKCW4ZNSs2u11xCuovi0WmM1%2FRf5%2BQA5TGHkvu50jhgbnX6JYKpBTRfC%2FoI%2BnF6fHfEsQKx7hUXJB7wMcINsKXAeQFIrWzjcGZdnj1rK%2Fp5o6NBO8f%2BSPwpcJr%2Bxx9BCpsqYK1kwIYH5sfBQMEFJxxLTFUpJpzb%2FtR1cxCce97nqfm0%2BJZoQHpbWS05L8Ezavn3jumr%2BTDCAOS8W1PnpWDD%2FZwFbcsIwsQTQpBy50AXVxsaRlM78VqnjVLKeTJmJUgqGQKV2sP0qQvs%3D%7Ctkp%3ABk9SR6bd0ZyXZw
Tempered Glass Screen Protector iPhone 16E 15 14 13 11 Pro Max 13Mini Xr 17 Air,,£3.99,Free delivery,18 Feb 2026,14,Brand new,https://www.ebay.co.uk/itm/315849219738?_skw=Iphone+11+pro&itmmeta=01KJWWMDT1KC8MHEDGM9PBRJ5G&hash=item498a149e9a:g:5CIAAOSwQztnDWR3&itmprp=enc%3AAQALAAAA0GfYFPkwiKCW4ZNSs2u11xAOpV3P2GbjQ%2F2wBVEJxVEieXu%2BzEy6xP4Cy%2B2gI9OeRJ8rtQl%2Fg56FKTgwH6eKxvok0yOU%2BmhWDO6Aph%2BDk7O3cPRXruE%2BVxFXSXNCBUblSsfMDhg499gODrNIKU959VGy%2Bb26%2F5eMX1Hq%2BBGcMstqetIHuEQ3Dtwyn1W0gmVZoh6G5sHIHa%2B9kGJPKhe5cnY5fd2wuh1BRjDwvjfdJIKkYyJf68sQOOOsO8I6WE2nAbgz3J3dBv9PweR5IyRdAo8%3D%7Ctkp%3ABk9SR6bd0ZyXZw
"Apple iPhone 11 Pro 256GB, Space Grey, Unlocked Smartphone",,£141.10,+£3.42 delivery,18 Feb 2026,14,Opened – never used,https://www.ebay.co.uk/itm/306777425396?_skw=Iphone+11+pro&epid=5034225079&itmmeta=01KJWWMDT1JQ8ZJ2PN02Z5NPQE&hash=item476d5c05f4:g:zN0AAeSwLQFplbmK&itmprp=enc%3AAQALAAAA8GfYFPkwiKCW4ZNSs2u11xBPSF8uYt%2B7kULuFUPpmAplDGFdVr5i2sW5vYmssxne7pKYSGy3JtqNUuIlge5vWtXn8DxTBYTUO0D9FtWZIL9Cg2mQ7OjAfoGKvcGi4xk49vNLsugmZe1lmdXfB1zK%2Bt1A%2BFcvb2hxj09WwJoqxwLoGq9SQe%2F8N9FqNFipEUG6ws9%2FwaIWN6teHtSlH5ZpVugl4wxBVttL8yCI13LyHWcW9Z4rpjLzMbpWudINtJUdwHcuSVgoi3O4v6RAuE0ZQc5hJoA5TWK8VLb9lv2b0SLbSeEi7ibJD2olZU7FqPyZzA%3D%3D%7Ctkp%3ABk9SR6bd0ZyXZw
iPhone 11 Pro Max 256GB,,£130.70,+£3.42 delivery,18 Feb 2026,14,Pre-owned,https://www.ebay.co.uk/itm/397621259313?_skw=Iphone+11+pro&epid=23034220841&itmmeta=01KJWWMDT1V2K354RQW750J2A4&hash=item5c9412ec31:g:tPsAAeSwCOpplKW~&itmprp=enc%3AAQALAAAA0GfYFPkwiKCW4ZNSs2u11xDFKzp9haqyYqibC819S83%2FaNxajLiu1sv6CCXEb%2F8OjmYrfuF7%2FjnSrlcIYmI72Q5O6Ls82NVJov5mK9tz%2B4yBMVxieoHLmAYtpD3esWnpWvlduxw68af%2B3H9fX1016OWPvR3BJRV3L8%2FRC0aGLaQIQnRMTgx1UbSFuTiaDkD%2FmXkvdg07%2BAmIy1PgHRh1S44BdQ2cWpe4jqGm7VA%2FS8xJwpmMTx%2BU4zqEiHO3XOBnV8kk%2BienTScY%2Fr38iNfXuJc%3D%7Ctkp%3ABk9SR6bd0ZyXZw
"iPhone 11 Pro 64GB, Midnight Green, Unlocked Smartphone",,£115.10,+£3.42 delivery,18 Feb 2026,14,Pre-owned,https://www.ebay.co.uk/itm/267577105657?_skw=Iphone+11+pro&epid=11034210273&itmmeta=01KJWWMDT1PRM2ZVBH24FBZNHG&hash=item3e4cd69cf9:g:arYAAeSwiKBpku23&itmprp=enc%3AAQALAAAA0GfYFPkwiKCW4ZNSs2u11xCmVZWgjUQWJlKAVRlL8EmSgas1Z26sdv73%2BYv4RdWNySH0DCbDccgtNSregfbnPRh73ly4jCU5QzjaKIOjUxJul%2BDBQq5NepzFDaXivObX7daaqid9qFV8JltpAv3%2B%2BoRp3X9DMlxhFSyLEhJ7%2FsKBpvk710YoT26hJcwfhbsjVTneDYruIuGLH4LwAGlKuA3QwpUk16H0LdEQ53wOwp67hlV4Tn%2BpRfs%2FCSzzZFZfQhPxQT3s6m8zCDc02fj%2B3FM%3D%7Ctkp%3ABk9SR6bd0ZyXZw
iPhone 11 Pro 256GB Unlocked,,£110.00,Free delivery,18 Feb 2026,14,Pre-owned,https://www.ebay.co.uk/itm/267575520516?_skw=Iphone+11+pro&epid=16034214113&itmmeta=01KJWWMDT1JDB7KZ5Z40TZ3TVT&hash=item3e4cbe6d04:g:quEAAeSwCx9pj3Sc&itmprp=enc%3AAQALAAAA0GfYFPkwiKCW4ZNSs2u11xDS3FKyekVduH3s%2BbpS1yuyTU0%2FebNA3Fj8G1la6PyE6MrqwHui%2Fl6w7wCKihOB0DhyNsLJMd6%2FV%2Fs2k52U3bea8DkpGWUY5LTjkP9HYTg7xswWO27K%2FfK0aiAk94efxRn2IIrczBZrlB2RB2jIz6lIaxvKDhw2vMMmYXcwczpH7lpHSI%2FhdxE274g8f8EorxzKfnMroiWaS3BU8FSROb9CTkNdLNyGwlcPAuWEdMqWbaT93kihjB3q2JsFvSMjqrk%3D%7Ctkp%3ABk9SR6bd0ZyXZw
Apple iPhone 11 Pro Max - 64GB - Space Grey (Unlocked) ORIGINAL SCREEN AND BATT,,£120.00,delivery in 2-3 days,18 Feb 2026,14,Pre-owned,https://www.ebay.co.uk/itm/227216950314?_skw=Iphone+11+pro&epid=8034218244&itmmeta=01KJWWMDT147KJNXGVVXEAGQ8X&hash=item34e72f842a:g:dX8AAeSwl4xpjeP-&itmprp=enc%3AAQALAAAA0GfYFPkwiKCW4ZNSs2u11xBwW1juawXfPReucPqERsqRYXbeHhxx9Ava%2F0ronAANQO0NFUlZp9vnyrXAvg7xrSldfq%2F7cyobDAkzy0NfaoGOUcj9yTWEUjt2%2FPE6zNPhx3UyciREXoy8XxAxocClkvRp8VyfVsfw5FeYEp2bpzSMme6tZOUkLav%2BZiM2Df5XzGEF0IOznwxoj61PThit0muDDOT%2Bjz%2F2ANQH6ospbDdf%2Fceaf1J571u%2Bvwymt9UgR%2FZtU1R8%2FBgk%2BXVMFUxsdRg%3D%7Ctkp%3ABk9SR6bd0ZyXZw
GORILLA Privacy Tempered Glass Screen Protector For iPhone 17 16 15 14 12 13 11,,£6.95,Free delivery,18 Feb 2026,14,Brand new,https://www.ebay.co.uk/itm/257153814501?_skw=Iphone+11+pro&itmmeta=01KJWWMDT1S51FE4K6A1GF1ACE&hash=item3bdf8fcfe5:g:DMwAAOSwT8pnjm~~&itmprp=enc%3AAQALAAAA8GfYFPkwiKCW4ZNSs2u11xAyOfHyNhTL9hJP2JTMCAvA2Y%2B%2F1jWypB%2FyxXxTfh3YKo6mKDAQEP1t6BlwS4Ypu388o8Ktb9m6qnhbQNzao7ztTIZ4NPQrZvwNVdS%2Fy%2Fc5Dfmy0JMk0If7g6UXoaUCJ8HfNeR6e67GF%2F0Q9%2BLP7ggZtpvot%2F86J0a1UHVk3FnWOTz%2FlUyiHC1sdCid2CmkGBLizWKJX17sj1jshORvQfxZrjn0iulQsPaSpim252ZqUfswFMT4LxXaW7GWByJmfAhj1e2UBxZbE9BIyY7%2FfGJN6kKxByxXSo0Ykof7bYfeCw%3D%3D%7Ctkp%3ABk9SR6bd0ZyXZw
Apple iPhone 11 Pro – Lovely Condition – Screen & Battery Replaced (Non-Genuine),,£99.00,Free delivery,18 Feb 2026,14,Pre-owned,https://www.ebay.co.uk/itm/287149969918?_skw=Iphone+11+pro&epid=4034210697&itmmeta=01KJWWMDT1KN1TDMZV6D0FDG92&hash=item42db78d1fe:g:BVEAAeSwbFlpleis&itmprp=enc%3AAQALAAAA8GfYFPkwiKCW4ZNSs2u11xCJf5UOulkt7NcKs4y6lo4qv2oNfy0VqNtFGyM%2FylN3cOJ5aJRvZ21JdJtNUfnhbthI%2ByykKMqyZPejF2ivsA--g2%2FGqq77wlvv8y0PLrUuM8LaUaFehfVu6nlTH%2FeKZQoy%2BiL9Dduo6UEbk%2FTIKLAyWOpdmz80HUTnyNHN2Dxyb8Ihatt7q58lgBoc1w2gHZ4LBS73MlQyAJrPfI17YMuRH9Fxozmmo5IXPUZzfuw%2Bk9qnwFbcbfJpmK9ki3eD%2FkrBRRLkr9vefNOJ%2FMa0JXTxh9I0qJLGXr6W3CTL6Q4YVQ%3D%3D%7Ctkp%3ABk9SR6jd0ZyXZw
Apple iPhone 11 Pro Max 512GB Midnight Green Unlocked - 100% Battery - Excellent,,£239.99,Free delivery,18 Feb 2026,14,Trusted UK Seller with over 340k Positive Feedback,https://www.ebay.co.uk/itm/397570575606?_skw=Iphone+11+pro&epid=20056038880&itmmeta=01KJWWMDT1SF9VN7RT6C691HZ1&hash=item5c910d8cf6:g:frUAAeSwHVZpg1xf&itmprp=enc%3AAQALAAAA8GfYFPkwiKCW4ZNSs2u11xBG54%2FnVOxRImWG4GXigWsJf1fzvAgv7TANW1OZgooasQ15GfUS%2BAlLogcyP4X1Qna9t0980gMFzhrDoIxc8ldJ40abjl%2FUSR5cwMfEjwMC6N32yW0Kz39KtyjVQk4bxYENvFUU40NYJ09EMPvB0Bi03J%2FcDg53wSLdfFUI297MLHRgvjJ5WODiK9SCghzWNKWWnUFK3hZOnl7IbVKT08g2BklBJK8ATqbnW7kXfvYYvSqbzqjKttka%2FpwuaRw9wG7UubQ8ukbrQgXPU6sSNMJ01k3D9zyOx6gS%2Bi4Vm1QOPQ%3D%3D%7Ctkp%3ABk9SR6jd0ZyXZw
"Apple iPhone 11 Pro 64GB, Space Grey, Unlocked,",,£99.99,+£6.99 delivery,15 Feb 2026,17,Parts only,https://www.ebay.co.uk/itm/397443835150?_skw=Iphone+11+pro&epid=8034218244&itmmeta=01KJWWMDT13AB0MAP8SQ3YMX01&hash=item5c897fa50e:g:n6kAAeSwxQ1paAjG&itmprp=enc%3AAQALAAAA8GfYFPkwiKCW4ZNSs2u11xAoHPxbmkQGllJLy2W0iybiX%2B3QpmlMpKO4p93JPNlgE9f1dGbCxSssCNzeRhVUco%2Fk1UjjkLYxfrGV8lRrBGZiia%2F9I7CKDHrRREnxFkGigZ4dcue%2BldnDFfrJX%2Bc2sJn3iVqk392yImivEM%2FpbtNkQ1uimw7bgOPf%2BOeBQ0ILxeLGlGXf6mOYNxO%2FFkQEPrAqogDegtMUsJIF0njJnoTk812NAJu6k0IwVluIsVr7BxZR64ftOscOOrt2CtRoXiR2DxeBadbY%2Fr7%2BF1Fwti1lav9mGXNSunGOwUkpOjq8SA%3D%3D%7Ctkp%3ABk9SR6jd0ZyXZw
Shop on eBay,,$20.00,,,,Brand New,https://ebay.com/itm/123456?itmmeta=012DEW30YG0MEEKND7NH&hash=item123546:g:acwAA9KNiJowH:sc:ShippingMethodStandard!95008!US!-1&itmprp=enc%3AbgepL1tlUHjMGCVfSTGJh%2BzsVKeJ3CQk7NizDI4BZeppuFnmyS6Ijyp8lh%2FnEw%2BWqO7uTV1Q6izE1R0T54aV8j71F4xlWfVcGft4%2FiOQhtqVXA1rW6M1atPARQRmhqUxtEPJKhKtSFgI%2Bvwlzb0GwVCtkp%3ABlBMUObkmabpYw
Shop on eBay,,$20.00,,,,Brand New,https://ebay.com/itm/123456?itmmeta=012DEW30YG0MEEKND7NH&hash=item123546:g:acwAA9KNiJowH:sc:ShippingMethodStandard!95008!US!-1&itmprp=enc%3AbgepL1tlUHjMGCVfSTGJh%2BzsVKeJ3CQk7NizDI4BZeppuFnmyS6Ijyp8lh%2FnEw%2BWqO7uTV1Q6izE1R0T54aV8j71F4xlWfVcGft4%2FiOQhtqVXA1rW6M1atPARQRmhqUxtEPJKhKtSFgI%2Bvwlzb0GwVCtkp%3ABlBMUObkmabpYw
"Apple iPhone 11 Pro 64GB, Space Grey, Unlocked,",,£99.99,+£6.99 delivery,15 Feb 2026,17,Parts only,https://www.ebay.co.uk/itm/397443835150?_skw=Iphone+11+pro&epid=8034218244&itmmeta=01KJWWMMX3911XTSKCFDHF88H9&hash=item5c897fa50e:g:n6kAAeSwxQ1paAjG&itmprp=enc%3AAQALAAAA8GfYFPkwiKCW4ZNSs2u11xAoHPxbmkQGllJLy2W0iybiX%2B3QpmlMpKO4p93JPNlgE9f1dGbCxSssCNzeRhVUco%2Fk1UjjkLYxfrGV8lRrBGZiia%2F9I7CKDHrRREnxFkGigZ4dcue%2BldnDFfrJX%2Bc2sJl4PAWIkij38YObD%2FeCj5Iyok9hAOIqtCUlrBuFT0z%2FmJnNJY%2FSZU9OE8EcUjM9r%2BOu3RlkndgsvRxaCXCxP8p7APMtfNcvv9hreCUWaC5%2FlxWtVJahgBzmGPrB2%2FO0nssB9Gx%2FqFgQXIaFI54MVF0CI9CZRmU0xUJGraiNFMlRTQ%3D%3D%7Ctkp%3ABk9SR4DP0pyXZw
"Apple iPhone 11 Pro Smartphone 512GB, Space Grey, Unlocked",,£138.07,+£3.94 delivery,18 Feb 2026,14,Pre-owned,https://www.ebay.co.uk/itm/188038951987?_skw=Iphone+11+pro&epid=12034199365&itmmeta=01KJWWMMX42HCQCEVYV11HFVGV&hash=item2bc7feb433:g:ooMAAeSwBk1piK0p&itmprp=enc%3AAQALAAAA0GfYFPkwiKCW4ZNSs2u11xDjd4T%2FMqpcIm121aDVSc8BOCgLTJ1wT5VPDWr8lz8WfZGAfyuDSwXnVctvg2SkrT0rxoar%2FqnAHJ9lFG2v%2FPhp3D5gWiK3wHnNUPtPxfE3VOB0fXbYy2Ci1OAUz453f2Xo7rkox4iv3HJOaGgyjfRhzMUpSPqKfUsMF0nK6lifWSEKH7jkGGhOMk%2Bu8eMUwMISH1C4f1Evds8roa%2BdFD84oxSj4BgTEN%2B8AWcGm2nLyTlsyqlr2%2FdaZaJFLpq%2FhaY%3D%7Ctkp%3ABk9SR4DP0pyXZw
iPhone 11 Pro 256GB Unlocked,,£134.08,+£3.94 delivery,18 Feb 2026,14,Pre-owned,https://www.ebay.co.uk/itm/188038938005?_skw=Iphone+11+pro&epid=16034214113&itmmeta=01KJWWMMX4A1Q764NQR1ERBNBP&hash=item2bc7fe7d95:g:nVgAAeSw1lVpiKtu&itmprp=enc%3AAQALAAAA8GfYFPkwiKCW4ZNSs2u11xCSF2NlUHtWY4ePNqJ7euJ5KZSvDE%2Ft0ohIYBbqtCjhgcGy2o5NEVPH2F%2BT1YLZyzEvTbkZcZ4%2B27IPnRRNXokH3b4ltNSIx8mtCcF%2FfXZKaBJDOG%2BLWAEOmZr5ZYOaQq8PBi3C4ACDeBnreUgqUtmshf49xZ9po%2Bf1O34DcMha%2BrLNe5lR80wZ8MAcX0%2BWgjjIUPL1niBiSp6lUv1VrBD0gXWEA9w7VOLxdsMjhjFBY3rGeUB7PKYSC6dVGHHMequBSvOQ73wIGnVCDYb5yYjfKltsLbfHwSB5tH7rqd9Xsg%3D%3D%7Ctkp%3ABk9SR4LP0pyXZw
Apple iPhone 11 Pro 256GB - Silver (Unlocked) *FRONT CAMERA NOT WORKING* BH100%,,£110.00,+£3.42 delivery,18 Feb 2026,14,Parts only,https://www.ebay.co.uk/itm/326959612082?_skw=Iphone+11+pro&epid=16034214113&itmmeta=01KJWWMMX4ECHZYZBX4C513WHV&hash=item4c204fc0b2:g:5KUAAeSwPoVpXAD~&itmprp=enc%3AAQALAAAA8GfYFPkwiKCW4ZNSs2u11xC8GecqIp80tU%2BrllP9fVVBVXJ6j0I1d7%2F%2BLP8SPFwB36R7K%2FafQKFf4h7ZP%2B%2FlUpeJdrPThiZW%2FFmfAyDfWNC%2Fgdjde9UWu09ItEGOMM1Z9YQe9zRLb1qnAEYEvaAaB8Z26dY7pRxHPdU4p3T9zDlVOWVBcxXCJTJDObB9tjjtFI4odeoMnZvUIX5KcjZJtiQtsdfLagKZLIQOqq8qrByoJV3Uymy%2FPmfJOylX1tRQTr3BSvsoBXXeDcJvMg8RF5s1Im6LLvRLHMKZimuUFeXO5HKj2YzQjX5v6JQNC0QDLg%3D%3D%7Ctkp%3ABk9SR4LP0pyXZw
iPhone 11 Pro 256gb Unlocked Mobile Phone In Silver 93% BH Amazing Condition,,£109.34,+£3.94 delivery,18 Feb 2026,14,Pre-owned,https://www.ebay.co.uk/itm/327005852306?_skw=Iphone+11+pro&epid=16034214113&itmmeta=01KJWWMMX4S9EXSNGHNG4VNEZ2&hash=item4c23115292:g:UI0AAeSw2r5plGV0&itmprp=enc%3AAQALAAAA8GfYFPkwiKCW4ZNSs2u11xCCcJXBcjKQC2%2BzrL2CZocCSJX8w%2B1AocOwW8%2Bgc4QYZzLEi9CUewK7ovWWJo%2F49wNOqDPcMYglsDoN7o2CyHUH%2Bki072hN60UTVbjcGymDuXE2F9gdueO670bOdCu%2FrSJoybJ6smPD%2BkUzKMDjtVDdvB5OxoqZEl056Rzc5wyWEaWIcvdMpCZrt9PV58D%2BmSXbewo6%2FeMgmKKdwbC6DMjF9znldmJg1%2Feo9z%2FjZxEZf3n1a7TvwXSZsnYXo6vYp%2BVUhNmmsn7oMGVQBtaXcH2jaK%2FefasKOpJBrVbz%2B%2B7Fzw%3D%3D%7Ctkp%3ABk9SR4LP0pyXZw
iPhone 11 Pro Max 64GB Unlocked Smartphone Green,,£104.70,+£2.94 delivery,18 Feb 2026,14,Pre-owned,https://www.ebay.co.uk/itm/157679883158?_skw=Iphone+11+pro&epid=5034224996&itmmeta=01KJWWMMX4SYCPWMPKX8CAX2KX&hash=item24b6741396:g:-NkAAeSwcVxpiKO-&itmprp=enc%3AAQALAAAA0GfYFPkwiKCW4ZNSs2u11xBVmSb4XJiXQ%2BxXj0ehfBliFCAoCA%2Fj7cpH9DVe2MgmrTRA6qvMxcV8YunhplXfkwF20hd3ydNxLtYO%2FBos08Eiqxn%2B%2FZh2xuLHXoBt0rqHysD08c3lESFBcWcPILclRPSr9Krfe%2BkXN%2BiyXUPdfZt%2Bc38ZN%2BMe3vl9WwOP4gIogX6CKcfVqDPzJANWbbSjU60WsoVUcIcGaqq7cv4Kt2s3gWj64F5se552H4RkmjBNIm6at1oLhcKbNTPI3B7eAXs%3D%7Ctkp%3ABk9SR4LP0pyXZw
"Apple iPhone 11 Pro Max 256GB, Space Grey (Unlocked) Smartphone Excellent",,£209.99,Free delivery,18 Feb 2026,14,Pre-owned,https://www.ebay.co.uk/itm/336079386508?_skw=Iphone+11+pro&epid=26034221360&itmmeta=01KJWWMMX44FC814AAFRNB0PR8&hash=item4e3fe4778c:g:B6gAAOSw0fxhqPQP&itmprp=enc%3AAQALAAAA8GfYFPkwiKCW4ZNSs2u11xB%2FlTy9X%2BaW9T%2F2HIAnodp3fTRa7g4W1sS7ZX7FLy2Sws2Rog0q8ZK8bdRXdVxCoN7P9o7ed4pjbgGrvaHUPS4vS1AMAOcnB8Xf0VZ8kMpIKVl%2FUOMwaD1BtuyxdvL9Gu%2Furmir9XT6UYuXx7dlaR8r4OJKgntXcqKmNWZy%2BzKhkl1hmviOWJqtLWlDdI%2FMdqwCK4EQn9KmSuS6wINpdBEJCLtZICKmIf978BlH5UVAifm1j2LJAy3xHYCqc%2BlWWKTnpeZxNmu2kcF3qfcc2kpQns0ctleiC8PkQoJao2og0A%3D%3D%7Ctkp%3ABk9SR4LP0pyXZw
"Apple iPhone 11 Pro 64GB Unlocked, Midnight Green, VGC, Boxed",,£109.90,+£3.42 delivery,18 Feb 2026,14,Pre-owned,https://www.ebay.co.uk/itm/168165162081?_skw=Iphone+11+pro&epid=4034210697&itmmeta=01KJWWMMX486F6583E9W95ZA9W&hash=item27276cbc61:g:UdMAAeSwYZlpilgJ&itmprp=enc%3AAQALAAAA8GfYFPkwiKCW4ZNSs2u11xA7t3x9AYSDuyvqmzyCn56tzwg%2Fe2Op5QGEXeKf%2Fr4IGP4rXbA0I3gww%2FSmflpQAMV09vrSzsaDQ4eBN5lTx%2FUBoVdDLkNVXbnI5%2FJdZevd0yH8Ci3z7YZobvBEYcccWGdICFXv%2FFh3%2FByNhnK8tvWp%2B%2Bqz2OEWvmmQzpn3safLJijoh8WQpX9giaBj1Ep0CPjjsgz7XklGBPqtluauG2Bf%2B6GJz--4pOXS8V5d5sdLvuo0R3oDddEUzB5kBGjr%2FDbMUhJkPMekbjz4ihj1vahppIfcAtVwdZTjniaq1wBlCg%3D%3D%7Ctkp%3ABk9SR4LP0pyXZw
Case For iPhone 16 + 15 14 13 11 12 8 7 Clear GORILLA Shockproof Bumper Cover,,£6.95,Free delivery,18 Feb 2026,14,Brand new,https://www.ebay.co.uk/itm/256670733304?_skw=Iphone+11+pro&itmmeta=01KJWWMMX4WSJ363DG33A9TB8S&hash=item3bc2c493f8:g:AlIAAOSwDr9l7sGv&itmprp=enc%3AAQALAAAA8GfYFPkwiKCW4ZNSs2u11xD2nzYyc0L%2Fr1id8LdihNjjRHjVybSEgR%2FAZcJpyzQRUfvRopsVVGPNW6itecCWUktcZm2LVvOcNorAe8KtXFh4pbqZlEZrJ5KF%2BPA%2FaSa3qTTFHB%2BVBbFgEWXlmZUikiHDlmmUHh5U6UW9MhMIYuyhZeaiuJ0budy0bgoKzvlmqLHhqAs7GjQu%2BOJ5TnhADQfpiUK8vCmmtkgqmMGwAhsICq%2BMVuK3%2Bs58WcK09YPPRdnXmLLeWH7L4X73t06tuzRm%2B6ML22fJuTZHXD4Rh7Ohc6be4eHS0bi%2BDBIxpMjEbA%3D%3D%7Ctkp%3ABk9SR4LP0pyXZw
Apple iPhone 11 Pro - All Sizes - All Colours - Unlocked - Very Good Condition,,£169.99,Free delivery,18 Feb 2026,14,5% OFF CODE MAGPIEPHONE5 MAX £50 - 12 MONTHS WARRANTY,https://www.ebay.co.uk/itm/294342966872?_skw=Iphone+11+pro&epid=8034218244&itmmeta=01KJWWMMX5RSVD7W8WHCXRMZZ8&hash=item4488353e58:g:UVMAAOSw8UxhhA-~&itmprp=enc%3AAQALAAAA0GfYFPkwiKCW4ZNSs2u11xAPUJv24lCGEZamk2GGWgvGyOdO31oHn0hwf7QC%2BHl04YEnvDhjPS%2F6qHnoZLgWc5%2Fz1Nx4jjXSDQXDTufgRPM0gqZpUNp%2FMdu3R6JDXSwmFwy9Silw7UD4DTZ89%2BuO76VJq6FuhTAPdjuPLTYyNNuM5DAOd2zTmBuGMgb6Lyxo2DhKtMT9%2FI6MqQB2b%2FLi5wQCP%2BKGe8Pb4M1kJRirRUX2rba0ONMNsU37Lf8eCUGDgNZzpo%2BcDmuKAjzSMAgagC8%3D%7Ctkp%3ABk9SR4LP0pyXZw
Apple iPhone 11 Pro Max 256GB Silver Cracked Back See Description,,£90.00,Free delivery,18 Feb 2026,14,Parts only,https://www.ebay.co.uk/itm/127691719312?_skw=Iphone+11+pro&epid=26036167127&itmmeta=01KJWWMMX57BN3EHECE26CHFPC&hash=item1dbb050290:g:xYIAAeSw~KBplcEt&itmprp=enc%3AAQALAAAA8GfYFPkwiKCW4ZNSs2u11xDXZ7o%2BKCk8zVyquR%2FcTU47priZeF6dW8kPPbqF%2FizqaJmGk5t1QdXdJAr0NEswdqQ5WYy0%2FaE8LJI%2BO5zWXMkUBuF%2BCnBUjX57G3XIkWHXU20RsUOUVv5VaGf%2FOCPOjK3Fqz9%2BT%2BpJkgKX0pB68ZpgWFDDHfCrQU3pcArIKxZSebK1Y4ikiIrsVpoHWgJUV8zqEOAMIm5bancMfCLirsvbmjM%2FrI5XcF%2FxuYqQ7HLKHqVb2cY0Vfasu%2FraOEOP%2FSmxQkLASHS5gJ4SRuqoKKtHRK4SJUwnkMquwXRxhdcFgg%3D%3D%7Ctkp%3ABk9SR4TP0pyXZw
iPhone 11 Pro Max 64GB Silver Network Unlocked iOS18 Battery 71% - Grade CM,,£84.75,Free delivery,18 Feb 2026,14,Pre-owned,https://www.ebay.co.uk/itm/117043611314?_skw=Iphone+11+pro&epid=11034210143&itmmeta=01KJWWMMX5B7RS58KB9P15WM9P&hash=item1b4057c6b2:g:9sQAAeSwG7pplXgR&itmprp=enc%3AAQALAAAA8GfYFPkwiKCW4ZNSs2u11xDSqqAEBz8bqttOtVphhjnBsXb%2FH18bjHRw1bkq0VMIZF60EGuihLzDpkz65R5v32tm%2FFb3%2BZoATVyjiAaLgoOFINYD4wGpB%2F%2BU6kgJaNMROszUqSyos2clHsky1zTaXFDSM%2BBW9vIT6JEV27uwhp%2Fa84J3eH5vOj5%2FaRK6ZJrws07i3In1LsbNAm5NvxZKsaRt1CA6XuIaqxwodtulbNMsbvPH%2FzzdoJM%2BQTh1zufbnuzSBaeEHDSLpyPxWesjnaVlfoSNswfr2yzNIqiSGRjUxqpsOLIf9Yu15NtKSX9GAw%3D%3D%7Ctkp%3ABk9SR4TP0pyXZw
iPhone 11 Pro Max 256GB Unlocked 94% Battery Health!!!!,,£169.99,Free delivery,18 Feb 2026,14,Pre-owned,https://www.ebay.co.uk/itm/267575524024?_skw=Iphone+11+pro&epid=14034212889&itmmeta=01KJWWMMX532V9860RYQE0H5KD&hash=item3e4cbe7ab8:g:hOMAAeSwPJ1pj3a1&itmprp=enc%3AAQALAAAA8GfYFPkwiKCW4ZNSs2u11xA6DlvKLFPV4bbDUagzD36EX%2F8B2IO9KJCADBCJaZ7GtkpRu80ikDloPvcF4uX08rDBvayV9w2xDUSNAINq4Fu0YkeCfT%2FqZqG2voY%2BV22QIKRYoLWKieBHnkJadqcEpV2afX7nEOlKSFXAg7Yb9wXPHe7kZfgnzm5EMd69eeoNhgrL%2BoNY1rIvGxgP8skFWLuul1a4qMGvU6cgjT6A6xFqPObxvLQM7jaz558D%2BVYJwCnm7s0ne8D7XZgDJR5JstwFLIXeRlkpBUxLj5MkoqhoVGJjBBIMZ83uhh9byOLJMQ%3D%3D%7Ctkp%3ABk9SR4TP0pyXZw
Apple iPhone 11 Pro 64GB Space Grey (Unlocked) A2215 (GSM) - excellent condition,,£125.50,+£3.42 delivery,18 Feb 2026,14,Pre-owned,https://www.ebay.co.uk/itm/227219447182?_skw=Iphone+11+pro&epid=8034218244&itmmeta=01KJWWMMX5NY65NMSDD2SJRDK7&hash=item34e7559d8e:g:JukAAeSwdHppkwQc&itmprp=enc%3AAQALAAAA0GfYFPkwiKCW4ZNSs2u11xDcywZiT7h3xKS9x9FOPEZZfT0hEHKS9X924BwoxiNzQQW%2FAoOOcQWF0rl6Gq3RVJCbSuFV6bVeWz%2BLTH%2B1TsZn2MylCBElhpBHUZ%2Bmrb7EouG5b6w1Vzd6ypXHYsT7GFEXDQjALYPXP2ixOTpgt42zroYI7INzH4%2BzEdWCUmz5jqshQqkwKNdTGore%2FVeQ1dfoNdx80zm6vPoXw%2FftQSp3HVmiL3zXFKpq9hQPJ2dsbNQFfrFvERlwIOwZLlwYc%2Fs%3D%7Ctkp%3ABk9SR4TP0pyXZw
Factory Sealed Apple iPhone 11 Pro Silver (Unlocked) Rare Collectors Item 2019,,£379.00,Free delivery,18 Feb 2026,14,Brand new,https://www.ebay.co.uk/itm/227174024853?_skw=Iphone+11+pro&itmmeta=01KJWWMMX5Y4BGJBDGXY0G3FTH&hash=item34e4a08695:g:5OYAAeSwiktpZ5~t&itmprp=enc%3AAQALAAAA0GfYFPkwiKCW4ZNSs2u11xDFLQ5LHvxUPrghetTssOJe7C4mCIbdvfT9f7iIzZZe0q6BGUaSnobb%2BXsajCFBItzfvtTeFIimHjAGLfP7xVP8bDyoW4PosQ%2Fhn9V1seg%2FY2k5MI0Fo5AifsG6V8JCw%2BRzMkR7cLml86%2BaHbRtnMPCUTthaqKRVCKD%2FSlexQC39y4E9FF7z%2Bwetaa2NBMNwPdHn%2BrmBmyLm9xEzfpOzS%2BvjRYrirZNjwXS15V8a%2BcBlO1CdNKTniU6rJiOyRbxPX0%3D%7Ctkp%3ABk9SR4TP0pyXZw
Apple iPhone 11 Pro Max Smartphone 64GB Unlocked Space Grey,,£125.50,+£3.42 delivery,18 Feb 2026,14,Pre-owned,https://www.ebay.co.uk/itm/127665751923?_skw=Iphone+11+pro&epid=26034221360&itmmeta=01KJWWMMX58X03RGEDWAAAVTZS&hash=item1db978c773:g:fgQAAeSwreJpg6I3&itmprp=enc%3AAQALAAAA0GfYFPkwiKCW4ZNSs2u11xDGeIT%2FYv9CdsRAJVUpHfM%2BIlRjpmr1QZvT6SOsdVQrsgWd2zwOIrDKljqOVfJTMR6mkWtKQIAfM9LhTIpSm167hpN18cwei1s5psgBkXad%2BIqEsMk1nL82dc09Bi%2Fw%2FDW8BPYOmbJrSiyO2KDJiYYiqbwEUUJZiNytFxH0OOzai%2FAZPRZSrc6sfuBQ1bg133U090BsSj4%2BW9pQjlNRmqEe3YFNxOnULChnHFK8guoovgn2ZH7xf%2FnHq7kF0K7qeuM%3D%7Ctkp%3ABk9SR4TP0pyXZw
Glossy Flower Silicone Case For iphone 15 Pro Max 12 14 13 14 Pro Max 11 SE 2022,,£7.99,Free delivery,18 Feb 2026,14,Brand new,https://www.ebay.co.uk/itm/334491695215?_skw=Iphone+11+pro&itmmeta=01KJWWMMX58QCT6C23QKHDVBZ8&hash=item4de142386f:g:DskAAOSwVGhiwLHg&itmprp=enc%3AAQALAAAA0GfYFPkwiKCW4ZNSs2u11xC2rdHuTHkUCNRjUZ7jZZnX5y%2B1XXLxso%2FeJ9NpWbVn46Vj09ufxFt2eRatVtV1IEwtqmSX4ht8Z1onjoondAS0%2BRF1GB0E%2Fm4h16jqrg11x3ITibpvjFZI2kok%2BXqCRssBbdmzYwJ%2BXNSf6sDdDCbwqBFsQJmQ459aoLCn2MAQaABRokhPNuYlzrBPIzO2hOd%2F%2BVXXqKNgh5aoI6doM%2F5gWg8LmPf7Ph0Ecahr4pLqwxx6r3ulLw%2BfZ8ncdTFdssI%3D%7Ctkp%3ABk9SR4TP0pyXZw
Apple iPhone 11 Pro 256GB Silver Unlocked Smartphone New Battery,,£78.70,delivery in 2-3 days,18 Feb 2026,14,Pre-owned,https://www.ebay.co.uk/itm/267579659694?_skw=Iphone+11+pro&epid=5034225079&itmmeta=01KJWWMMX5AQJNG1AHYYPP0KJB&hash=item3e4cfd95ae:g:UtYAAeSwODlplaTG&itmprp=enc%3AAQALAAAA0GfYFPkwiKCW4ZNSs2u11xCPMJkSVcctqBCLU3p14Er3KV%2BGioRfC4mDP%2BHnGwLt%2BATjVmV%2FLFkAOHGbPkdaweQN%2FlfwK9WqcY3yVqkOJzLSF1DnFg2d20S4aTxkQQEKtM5txlZhbPM7mcLfkZWip8zrifFIIB0rzJRwOQmKOfIwv4odCuEYuLLjYAyF9onHHFblGnuROe4D4Wod5s7YA9lXpZWN9YzEwN0qO2j5pk%2BfADlvjS%2B%2BLEY6uSSoi0PMpjYXv3jP6ejhtUgNAJ8rXcI%3D%7Ctkp%3ABk9SR4TP0pyXZw
"Apple iPhone 11 Pro Max A2218 512GB, Space Grey, Unlocked",,£167.20,+£3.42 delivery,18 Feb 2026,14,Pre-owned,https://www.ebay.co.uk/itm/227212824664?_skw=Iphone+11+pro&epid=6034218752&itmmeta=01KJWWMMX6XFMTNJK9R578WW3A&hash=item34e6f09058:g:Xc8AAeSwl4lpjGs6&itmprp=enc%3AAQALAAAA0GfYFPkwiKCW4ZNSs2u11xAGJjZ3nDppgBKYA89EciH%2BZaKMiotGa4zHpb%2FP7hUMmkfgBg0lQiKHDbbuTQ%2F0SJDr8CFzonr%2BlvBKppkK4TTQte6VbuQ%2F8x4pwno0iyjbSCSCZjZ86WkinYi1U9omVEf%2BmKZTbt3XLTCA0cTR3L8DlM8aH2bYnHgyXii3W1SCnboJXeKme2tLS8pBUnIKy7qOzOrL8R256BVT2m3y4kW%2F4m7WTl08BoVBPZ1WuBLyVL4MZ%2BpWZPvW1T5WezKBcrI%3D%7Ctkp%3ABk9SR4TP0pyXZw
iPhone 11 Pro 64GB Unlocked Space Grey,,£28.78,+£2.94 delivery,18 Feb 2026,14,Parts only,https://www.ebay.co.uk/itm/336428079891?_skw=Iphone+11+pro&epid=8034218244&itmmeta=01KJWWMMX6QP2CG5M91BCD07ZN&hash=item4e54ad1b13:g:CEUAAeSw0m9pe6iu&itmprp=enc%3AAQALAAAA8GfYFPkwiKCW4ZNSs2u11xDr3Hf%2BSXGqKLeptpf01EBv79vFp9mjJlITilOGylrPk5oJ1lOMIsJmCPCsHEkcDaw18jicXzLdpVezHi9UGYjjHFJpnGJKY%2F%2BFcAFfWfv2%2FFK%2Bi8FiONS1dsOIITwIYLjZCQ1SPuSmXW%2FbTE3jgFT%2Fc%2FMCxto3vOT6yBm%2FdrmVSdM57MN0%2BBkE2iMG3QGhylZnnbBAJX5G2rAGxwFbMt7csyyRhlyd5hMeI9uoL9AnbTRqKyvzebtNg%2F11I7v1xhruJG97YoSxJITcvEfp4nyHSh1hJyht%2BIaH%2BM0kC2j1zA%3D%3D%7Ctkp%3ABk9SR4TP0pyXZw
Bundle 4x Apple iPhone 11 Pro + 8 – For Parts / Repair Read Description,,£50.00,delivery in 2-3 days,18 Feb 2026,14,Parts only,https://www.ebay.co.uk/itm/206076922578?_skw=Iphone+11+pro&epid=8034218244&itmmeta=01KJWWMMX6WZDJ94VABGRZVN4T&hash=item2ffb244ad2:g:dgEAAeSwqutplN5g&itmprp=enc%3AAQALAAAA0GfYFPkwiKCW4ZNSs2u11xCuG9lXjrDnsxXKcVDZjgbAtxO1OYhRCSD0XNelKDydovA7JxE543fAaRStCrV9xBXDpgx4SClpUCMZhDi1AlZlz6J9CD2kVdb8z41TwzAyFWnX5E%2FbOEfvcaDsLxfjGWGuLo7qWTBIipc50dCV%2BkKCPIGB5OFVHn66CLxH%2FoWv2F196wXIc5%2FLW4ibI6AqMNxmCZRMXYner2Vi8S0578YmGKpz7lJLQHPLXoSpTM1jNFW2ppWt6xp3OcvDomenAEE%3D%7Ctkp%3ABk9SR4bP0pyXZw
"Apple iPhone 11 Pro 256GB, Space Grey (Unlocked) Excellent 95% health",,£150.00,+£3.42 delivery,18 Feb 2026,14,Pre-owned,https://www.ebay.co.uk/itm/358201393624?_skw=Iphone+11+pro&epid=8034218244&itmmeta=01KJWWMMX62AW5G6ZTWYBE7MBD&hash=item53667781d8:g:3eUAAeSwOnFpiPXX&itmprp=enc%3AAQALAAAA0GfYFPkwiKCW4ZNSs2u11xCMyKGhRwFPadbPNvQUGtqIO0QYZsBTAh8O38XZn2iJ3yEMmeRiDKodOT%2BdMorlFxfiP7MvrmVvGXmVvif2wLSnrPlr9ievg%2FXTq9f70P7cQOte%2FKYVXQYBs%2FcDqftikW30Q2I4ZSHGhIyjG0Hh7xOT8ULGsUhUSMkXYiYuR5Db3lBmb%2FoMdefdDsXlM5yTUbtI8--IovvcGPkbPcnOe6LlJBV2O00hZTgWYy1xJ9h%2FyF%2Bsg7F8Zv8bZxVV17Jb6cA%3D%7Ctkp%3ABk9SR4bP0pyXZw
"Apple iPhone 11 Pro 256GB, Midnight Green, Unlocked, 72% Battery",,£137.08,+£3.42 delivery,18 Feb 2026,14,Pre-owned,https://www.ebay.co.uk/itm/326999786716?_skw=Iphone+11+pro&epid=27034209772&itmmeta=01KJWWMMX6ND4ZJ7GG5TQZCTB8&hash=item4c22b4c4dc:g:KswAAeSwmJRpdI3p&itmprp=enc%3AAQALAAAA8GfYFPkwiKCW4ZNSs2u11xBPjoYhjw5B7PoHiGuhJdRpSwd2uPwFXMCbmSLQOLlCb8QHmWbBQJUknbZlQ%2FQJ5OPT24MbddJqqJdvnh3l1DoDKmGIAVVfRARwwAv0YwtcqBlx8DeHA797aDV9B%2FfJY5V48zBmHNBpL8ywo3PE8l3Y1Hte8l1GgxqM%2ByZHh1sjCvg6LnrVktdeYtYmrGMSRVPzxWVvPXckOqTVf6yG6pCCDXB43zYMlFvRGcthDtDlND1%2BmaKG%2FLzQ8nT62Uo5Ts7sr3kjCu%2BTGvGaf3XhWYIqYg8nrfjr%2BAngqCvJBZJ9MA%3D%3D%7Ctkp%3ABk9SR4bP0pyXZw
Apple iPhone 11 Pro Max 512GB Midnight Green Unlocked Smartphone,,£172.30,delivery in 2-3 days,18 Feb 2026,14,Pre-owned,https://www.ebay.co.uk/itm/358201012231?_skw=Iphone+11+pro&epid=19034211539&itmmeta=01KJWWMMX6P48JE048Q65CJXCR&hash=item536671b007:g:IAwAAeSwajtpiMIV&itmprp=enc%3AAQALAAAA0GfYFPkwiKCW4ZNSs2u11xCwKYMTk3H03JXZ7roUkuxErHjbo4LlfYHaDH9%2BgWvhxdMzxEGf6OMiiC2rNVVM%2BvZKofYQDBMaCAtIA3tkjz9Ck%2Blk3S7TlDabdLh452ZzY5XXs0BGSf55ZmXx03JEOPQQf5L67QE%2Fsoc5Rol9J6rqg6oLo4ccr31hJJ7cpsdNukj7k73nB4HCGxI2mEm0nQC0yzMlTRafKDAvjvjofsIxSLp0yRUqK49vcvK7bSjlnbQKuokavPFIMR%2FTpZ%2BFnX4%3D%7Ctkp%3ABk9SR4bP0pyXZw
"Apple iPhone 11 Pro Unlocked, 256GB, Space Grey",,£115.10,+£3.42 delivery,18 Feb 2026,14,Pre-owned,https://www.ebay.co.uk/itm/336425621794?_skw=Iphone+11+pro&epid=5034225079&itmmeta=01KJWWMMX6C7AV87C827HP0G2G&hash=item4e54879922:g:sjAAAeSwpNlph6ar&itmprp=enc%3AAQALAAAA0GfYFPkwiKCW4ZNSs2u11xDLZjx5mjFRgVGI%2BEiDVKzep5Sf%2FTKaI02vqg%2FeLAsqtxgc8ebx10BN8YGAhBETaub7UgZLYfh9w5RZBsmZJDD0MutFj4kbjlnINbDAvdAjvENDFRsl8c4BAGdZj%2FYY8ikJg4z%2F1nvd9B5EdWsY43c7bBz1qtsu97C3sxAC%2FXA%2BS2JFtxLu%2BwdLsbcbWWsjGUBo9geR1CL2w5uHls0wOe32BRwlXwTYxlH%2FT4iR5MI1jpgOCbfkk%2FWSA8g1xtn%2FrRY%3D%7Ctkp%3ABk9SR4bP0pyXZw
"Apple iPhone 11 Pro A2215 5.8"" 256GB Gold Unlocked 85% - Cracked Camera",,£169.99,Free delivery,18 Feb 2026,14,Pre-owned,https://www.ebay.co.uk/itm/277374431615?_skw=Iphone+11+pro&epid=13057692509&itmmeta=01KJWWMMX6ZCEF4J93E8V3NVVX&hash=item4094cdf17f:g:G20AAeSw48lowVI7&itmprp=enc%3AAQALAAAA8GfYFPkwiKCW4ZNSs2u11xBZtn9KhbySZsfiKXG30Dqx6rlLElfLdzCj5la%2Fblor47yVwFOarbDlvPQmCJTPzhJ3WRp7qJ4zFkxkiqfpYNF0hjORDUk5SfLHePmDTqZuu%2B14ngsNV92fNTRJYmeopDv%2F13YoY7MRhrv%2FiRQu63a5pf9YByfBWlz6JXKG%2FHsy6WJE56AXx62vXN38et6ybmKHppPbDIWMuVqm5SG0F--6iFB%2Fyn9INvcGNr6yNskDAV1aHJOcgaAR5dy9wsenGwa25FaojlAtsIXLx5MoehMGoud9jU4SyMmpth8LelCCng%3D%3D%7Ctkp%3ABk9SR4bP0pyXZw
"Apple iPhone 11 Pro Max 64GB Black Titanium, Unlocked",,£109.90,+£3.42 delivery,18 Feb 2026,14,Pre-owned,https://www.ebay.co.uk/itm/127682442389?_skw=Iphone+11+pro&epid=26034221360&itmmeta=01KJWWMMX6XR5JYSTCTPARJR44&hash=item1dba777495:g:M4kAAeSwQNlpblHP&itmprp=enc%3AAQALAAAA0GfYFPkwiKCW4ZNSs2u11xDw72RrFNtQQVQfSzX47yNiTqcV5YHqJS0c%2BE5bdxOp3VFkfhTF1RjoXTcgSlQPoWaMXmkJi6vSNG1Jh%2FkvwidURQyYUXaFaMO6Ul22TygliSc6hMUPX79vYQyZdvd7cp%2BrUOsNU1f8wzX2wTt7inCj1Asiu3DiSJjamOZHvaxtNT7Hj%2F9FkKoXem9DAZlrV2TSSWmMLniIaumxKkpI7LzLYQAKracVLEKdHEAihoiHZTHhNt4gSe8ZZpfkTLuVO1M%3D%7Ctkp%3ABk9SR4bP0pyXZw
"Apple iPhone 11 Pro 64GB Unlocked, Silver/White, VGC, Boxed",,£94.30,+£2.94 delivery,18 Feb 2026,14,Pre-owned,https://www.ebay.co.uk/itm/227208468966?_skw=Iphone+11+pro&epid=4034210697&itmmeta=01KJWWMMX6A1RWHR6Z6RFGVM3Q&hash=item34e6ae19e6:g:ilwAAeSw-FJpiKON&itmprp=enc%3AAQALAAAA0GfYFPkwiKCW4ZNSs2u11xD45Tsuc0rKcOexew6lIkiOnPeRrv%2B3wP2p5bLEBJWZ%2BMQVrDDnlsShvMv5Wl8h2iXYQaAf0Jxz3%2Bc8A65Hw%2BHeH3O2Mpi7BWZJBMq7nQHjuLx9jZtqEmgWMe1K4au2Tn9EWSdZfW%2Fw7Uoup127DxQCAqmYZxUOr7qtUPRntYzG%2BiIgYLIp%2BCHD3p3SON0%2FKxY5R2i84JCFJ8Qxw%2FT0TDNyuW2wl2y7jfyVj80EZnQaTWYt0GlWNBCFKUV%2F397gcF0%3D%7Ctkp%3ABk9SR4bP0pyXZw
"Apple iPhone 11 Pro Smartphone Unlocked, 256GB, Gold",,£125.50,delivery in 2-3 days,18 Feb 2026,14,Pre-owned,https://www.ebay.co.uk/itm/168114668756?_skw=Iphone+11+pro&epid=2305260666&itmmeta=01KJWWMMX6DGYEGN0EZ7423YBD&hash=item27246a44d4:g:OR0AAeSwUzhpeF4j&itmprp=enc%3AAQALAAAA8GfYFPkwiKCW4ZNSs2u11xDhK1nTU%2FW8%2FZi40YvqVkWIASJ2RyB3e2vPyVTjnXbUivr0LLMyAR63PU85uhzpL4rEOluw8UiazrMszexKriGKqf0rp2083ylJkGStO5RdRPbrQW%2FjCYsmhCeFO3xjjPUu4jJuG4cGAqm7%2FJUfilm9gcc1BSZFamJlaEqeAfdME%2BJU951084%2FkAdrwGlsBugOoDX89oZDSZLVGkbzYlnhMudc%2FpBvZmYc4g3htBtAd3Avp1cSSZXpXQ91EOYvLTGx%2FV5YhuIuRwmCTvIpz%2F9wElPkZdxlqhNkJPczp5Z%2F1Pw%3D%3D%7Ctkp%3ABk9SR4bP0pyXZw
Apple iPhone 11 Pro MAX 256GB Unlocked - MIDNIGHT GREEN - Excellent A+ Condition,,£179.99,Free delivery,17 Feb 2026,15,Pre-owned,https://www.ebay.co.uk/itm/406349475514?_skw=Iphone+11+pro&epid=15034218412&itmmeta=01KJWWMMX6C0XTFXFH04HB0K6X&hash=item5e9c50eeba:g:EzcAAOSwtBRnSRtk&itmprp=enc%3AAQALAAAA8GfYFPkwiKCW4ZNSs2u11xChEGU8%2BrsEawR88muObsLkQ91Fuho%2F4NBfYv3enzFw6fQnTcxF9QYcU3uSBfFNMtgoDv17JvITECNMUBoI3VjWkqI7NqsbERQOeyxUmffzQha20tXjOygA0D%2BFFx9h3KvTkcNHguVtUXDLERo%2FTQjWt3A5i7jitWFIVNc2d22TZdmhPlD7UMzbIpWvfDpOQQoejrf9qIYDbNZJiD0W8GK%2B0y0Ngl6U4TlvlDcvys7LrRedo82P3HXYb7a3YczXVSblut6Q%2FGfKq%2B%2FdqwIc6kxjv%2FBJm%2Bz28uNl7dF8hvGliw%3D%3D%7Ctkp%3ABk9SR4jP0pyXZw
Apple iPhone 11 Pro 256GB Unlocked - SILVER- Excellent A++ Condition,,£129.99,Free delivery,17 Feb 2026,15,Pre-owned,https://www.ebay.co.uk/itm/406691244032?_skw=Iphone+11+pro&epid=15034218412&itmmeta=01KJWWMMX7N1RS4314TPZ6XE6K&hash=item5eb0afe800:g:sWgAAOSw6QRmfHIA&itmprp=enc%3AAQALAAAA8GfYFPkwiKCW4ZNSs2u11xAbKet2vrQtQBo6K3wpuHyC65%2Bm4oIfv6LP6JJnKJh345K%2BTZHl4q6SdHNNYbSnZsp4LLwEfRbh8UU9gtUt3B%2BWJ7yMKycCByniBnyE%2BEsNZQJM%2Brat3hOU4hCPYZHV3FHqJJ6AmHd9rwTVvBD6oRB7FxAJ2K5KLmX5ltKx6Fc7vo2%2B58JdSg1if5SBMd2hfe0TjhGPLOtwiGt2z%2BOb%2F7%2BgJkBBVYHm1oltbpfbb3F3DDkn4AcvRYXZAluDOUjgmNMXvgoA%2F8KAiKWaGWDkUxoXm2O57m83hXf3zIvn2WPN2A%3D%3D%7Ctkp%3ABk9SR4jP0pyXZw
Silicone Case For iPhone 16 15 14 13 Pro 11 12 Pro Max XR 7 Plus SE Lens Cover,,£3.95,Free delivery,17 Feb 2026,15,Brand new,https://www.ebay.co.uk/itm/324595770360?_skw=Iphone+11+pro&itmmeta=01KJWWMMX7E5YRSPS7MKJAT9GH&hash=item4b936a63f8:g:0Y4AAOSw~RVismPc&itmprp=enc%3AAQALAAAA0GfYFPkwiKCW4ZNSs2u11xDQ1cwSyP5lpjejzeQH2sHe8FBwSeSjrJ3zio6bDQGfNiZdFxyrtec2DZM%2FSVXpTf%2F44PwK7VgCTSVUJrd0aD7UmsULaorB8HTIMYBfXm1S7S2KrvpoSpGFLvjbZ0OHJWgruTp4GrWafKsrPlguxujIu3%2BYgscsvGnn%2Bk84czQPobMsXvNFpZqQQxmyw9oBY%2FXSFKU2v6E767ISlkUSKuC4TFlgzZi5spKvr1TKVqiGlEeQp8YnuJx2H4Og4--gYY4%3D%7Ctkp%3ABk9SR4jP0pyXZw
iPhone 11 Pro 256GB Unlocked,,£125.50,+£3.42 delivery,17 Feb 2026,15,Pre-owned,https://www.ebay.co.uk/itm/317865124072?_skw=Iphone+11+pro&epid=5034225079&itmmeta=01KJWWMMX7AAAW26MZS9M0W103&hash=item4a023ce0e8:g:1aUAAeSwvcFpeR8K&itmprp=enc%3AAQALAAAA0GfYFPkwiKCW4ZNSs2u11xBOpdn3eRehpzZ%2BZxB4rdClfcY%2F6X90AQDbJbJJAuPnn8NNzfb6KVS7V%2BpIHpEF4tB9UWDpDCKEAoLDF9%2BtLZbAvwtD9tdn6yYFwu0m0lzbsMwEScQTlmPc36yswkSdRZMNCfPZ8JvBHge%2BAh6UA61cx8WXXgpd%2B7hPiG%2F6hBhV9qQtcdDcH9rMoLYjizSJw9ZUTpPPcsycOYtC3F2%2FGKhIBNnCLGCDf%2FGGiludxyr8WT2j%2F4cvSUwXsI%2FzHw8ddDU%3D%7Ctkp%3ABk9SR4jP0pyXZw
Apple iPhone 11 Pro Max 64GB Gold Unlocked Smartphone,,£151.50,delivery in 2-3 days,17 Feb 2026,15,Pre-owned,https://www.ebay.co.uk/itm/298030196653?_skw=Iphone+11+pro&epid=9034209168&itmmeta=01KJWWMMX77EPWE1B39NQWYVZQ&hash=item4563fbe7ad:g:yCoAAeSwMXtpj6vD&itmprp=enc%3AAQALAAAA8GfYFPkwiKCW4ZNSs2u11xAfxzPYMPQVbLkleIi3HqYb8VGNIk7UePwEfjZHOJUfjAfziEstawB%2BqmEVYYvMZunEOcmOW3Zh292jZ5Z3KGrelvQcN3P%2F0gwCgHi4gdh5M%2FqB79hkQh4dWPpaPsFiA0APK5aGn8pGch4fMSoWY%2FRa4nJLEi8SWfd5NVqyAG1dkmFMrxZY%2FQ1WR8Ujg%2FuIAk2qBHP6tHwDQA%2FxP5GQnFtZ%2F6%2FiaS%2BwqDKifUX6t1CRCOJO9WAAlTKUQYXZtidH7mOMD9Bxf49%2BRR0uHjsrOnmXmQfrr%2F9j9y54QA%2FX0l4UHw%3D%3D%7Ctkp%3ABk9SR4jP0pyXZw
Case For iPhone 17 Pro Max 16 15 14 13 12Pro 11 XR 7 8 16e Front Back Shockproof,,£5.99,Free delivery,17 Feb 2026,15,Brand new,https://www.ebay.co.uk/itm/135411775808?_skw=Iphone+11+pro&itmmeta=01KJWWMMX7N2PNG6PGFM6BNB0M&hash=item1f872bb940:g:qU4AAOSwAd9m1vka&itmprp=enc%3AAQALAAAA8GfYFPkwiKCW4ZNSs2u11xCBQDMWQOQ8vH%2BKI4s97vEHeWgexgEqOaWKn0jWpdv1HvRPcZyeTDFueSrlt0X02IB9giXtWVcJGSr6ynriXIKJg9nIZkIgJ4WIbrfRXETCg9kR1bZl86OYhVT51bfuCW1FMSwjyeGVTK6H72gMlbNB3rR7JQzDosHKxwH6S6ZkYlsEV3oTnMuBi3gShNcrFquMahQWNrkhOakAw3yfRF3hRrExpg5gfZ89fhDf7eYW%2Bw2Qccr5cEi0nx8p6A%2BHQC6imiApyoLDO1eCDk0P9RQJw6k1x8p247n8e%2FnmXjHkjQ%3D%3D%7Ctkp%3ABk9SR4jP0pyXZw
Apple iPhone 11 Pro 256GB Space Grey - Very Good Condition,,£120.08,delivery in 2-3 days,17 Feb 2026,15,Pre-owned,https://www.ebay.co.uk/itm/227211851125?_skw=Iphone+11+pro&epid=14034212889&itmmeta=01KJWWMMX7SWXYJFXTMWZRATQN&hash=item34e6e1b575:g:ThQAAeSwbFlpi5oN&itmprp=enc%3AAQALAAAA0GfYFPkwiKCW4ZNSs2u11xDGTQsTjJoe36pgFvlX%2B3ZYBcxfKnnnpHlypqlB03KzrZDC64nQWOaFaXOwy9XmVIrJ4zzyuMfLPl63FfgR4H0yXms%2Fjxjo06nmTf5XKnkW7ZnDVpRwI24VgF3q9REptVL3OXZBciFoakqDCnTL5aWZ0skN0EZUk%2F4SBc%2FdBfL5qnpQlcQxMZiuhAPXj0999Q5ElFOFAeuowNP4BfP64Vc8aDvnWSYRwgt6x3MBnlSYt2KCogubCN28JeSrITK438s%3D%7Ctkp%3ABk9SR4jP0pyXZw
Apple iPhone 11 Pro Max - 256GB - Silver (Unlocked) A2218 (CDMA + GSM),,£103.66,+£2.94 delivery,17 Feb 2026,15,Pre-owned,https://www.ebay.co.uk/itm/298041637739?_skw=Iphone+11+pro&epid=15034218456&itmmeta=01KJWWMMX7EYE8D9GN3N3SEC0K&hash=item4564aa7b6b:g:NlgAAeSwML9plLv5&itmprp=enc%3AAQALAAAA0GfYFPkwiKCW4ZNSs2u11xD4uAV2j3aUdG%2Bc9fh%2FSjJwG%2BHece1kIuFb8sXf1JXkMVNDiICpQPcfQdiO73JRf0Oeol2Zsz2GAK8MQI3NKIapLieBeGTqOj1HTIHDEy1MhAfgpobGfn5IsJOnBXIJvE0XCI3Kyynhca5mDhmcV77bdh3vtYJoGTYEY0%2F3Ussrc6j34rhcbsGA7tDM9AZqiYXO16SGchx6KOgTYSa0Qshmp806NxE5sjm6tsex4%2B4rzEAQObqyemVV5QvIZciw43c%3D%7Ctkp%3ABk9SR4jP0pyXZw
Apple iPhone 11 Pro Max - 256GB Memory - Unlocked - Second Hand - Some Damage,,£105.00,+£3.94 delivery,17 Feb 2026,15,Pre-owned,https://www.ebay.co.uk/itm/376953782547?_skw=Iphone+11+pro&epid=17036193232&itmmeta=01KJWWMMX7PQEQ83EMM5RP78D8&hash=item57c4324113:g:SgUAAeSw~vRpi0QJ&itmprp=enc%3AAQALAAAA0GfYFPkwiKCW4ZNSs2u11xDHs6QY68nMF5UyaxenidVH5d530idaARXDh9vxbFxDmxhRrQGcjWmQHwElIPOhSXRZiIrarA%2BVzACDY9FIAl3n8R9%2FIKiMmkTVXR91Tb2mS1iOE5p7Wv%2FYvRX7lwhHtH86FhP4FQ%2BMmtZRlCGsl2G8ucbXIMfgfx8pccHo1pq8726XjTyAmL51eFvNPEyOhvYRIpPROAPFQzrGPEaUC8S9eh8nsyGu%2FQsvnKUV0KD5V1JMzoD0Fubk1Z6d0q%2B%2FQEc%3D%7Ctkp%3ABk9SR4jP0pyXZw
Apple iPhone 11 Pro - 256GB - Midnight Green (Unlocked),,£160.00,delivery in 2-3 days,10 Dec 2025,84,Pre-owned,https://www.ebay.co.uk/itm/227121852590?_skw=Iphone+11+pro&epid=27034209772&itmmeta=01KJWWMMX7N3MK72VRTRQ3TDK3&hash=item34e18470ae:g:pw8AAeSwOoppNinK&itmprp=enc%3AAQALAAAA8GfYFPkwiKCW4ZNSs2u11xDsw2pRoQ7BZ3XWquGX%2FCllKmmXtjgZHTz56QTHz2r3P%2Bhax7dL--%2B7NWa7RNgMId0V%2FExsJasxwXwhRVhSY%2FEpgWU6lfm91zipOaty7QANfD23SLIG9A593%2B2nxzTTlU4urLfRJKLXPHOM8Mj%2FnIMpqBDBCoY82wGoE4qrhIolFz%2F2woHbN%2Fzhoqrw1JScyYsXJ6O4VaA0fVir7udfAbRboLfvtflzu8tj0ZGYsh%2BOrQymk39c3AVC%2BHc7eM%2FKg95GuSxLoU2jPsTGQ8TVjmLsylvXGgz4gNxaWjUWX3TBuQ%3D%3D%7Ctkp%3ABk9SR4jP0pyXZw
"Apple iPhone 11 Pro Max 64GB, Gold (Unlocked), Smartphone, Excellent, NO FACE ID",,£139.99,Free delivery,17 Feb 2026,15,Pre-owned,https://www.ebay.co.uk/itm/336006925497?_skw=Iphone+11+pro&epid=9034209168&itmmeta=01KJWWMMX7NZ17N1N4BWZTKNGQ&hash=item4e3b92ccb9:g:yJkAAOSw~kRgUOak&itmprp=enc%3AAQALAAAA0GfYFPkwiKCW4ZNSs2u11xCVMXWMHZGZpsDFF%2BEnu0LAIT0RcBNAZtsd9Z%2FGmdxL5uY1uj2O4TmvDdyAOYHLAWbY%2BJNKQnzdeoaMaGI8cDH4U1w3rmffabXPST5%2FlFx1v9jqN02z87oRi9Ce6NevWagXX3%2BP%2BUFIFtloZeNPOEkUzEQYBOEmH88VZTc9tqKHMuB%2F8NpRFPEo5YT%2BXLJgmfpjMgOrZH0KsCAY%2FdPaboQpfR2nV5GZoBLLimmGtcntJS2Dh5aNkj0mYD%2BRL%2FgjpWo%3D%7Ctkp%3ABk9SR4jP0pyXZw
Apple iPhone 11 Pro Max Smartphone 256GB Gold Unlocked,,£187.90,+£3.42 delivery,17 Feb 2026,15,Pre-owned,https://www.ebay.co.uk/itm/376946797269?_skw=Iphone+11+pro&epid=23034220841&itmmeta=01KJWWMMX7C4WT5KQAABF1549M&hash=item57c3c7aad5:g:ocEAAeSw8GNpiMcD&itmprp=enc%3AAQALAAAA8GfYFPkwiKCW4ZNSs2u11xD8BrlTDTfQIfo2px1mL6QgEJ87M2vA4kv4xZWLmIhm%2FSPQ%2BPCMmEunpg052k1svuWs%2FeoJJSOhC1G1BWG7OkIXOkYmKUkr2uUzItJB6yov1k3O76%2FS2YlznXxxy%2B9Zt2FMBUnvESJIap4F7WnJwSdeqStfmOFlAcduFjPT2r7Iognlu9ruP1XJ9D%2Bdli6b7uV6k9S8eK%2FNtk%2B7vI18WpEFIK6fg%2F8ZND3Qvb0HJZrJuY6mA8dXjhkUnFz7WDa%2Fh9vUi4mcs2DJUeofLlVss4C2Ot3HTofvhjMchxSTDeaehw%3D%3D%7Ctkp%3ABk9SR4rP0pyXZw
iPhone 11 Pro Max 64gb 100% Battery No Scratches/Cracks,,£219.88,delivery in 2-3 days,17 Feb 2026,15,Opened – never used,https://www.ebay.co.uk/itm/298019798544?_skw=Iphone+11+pro&epid=26034221360&itmmeta=01KJWWMMX7G0WQC7JMND22JEM6&hash=item45635d3e10:g:prAAAeSwzq5pi1-z&itmprp=enc%3AAQALAAAA0GfYFPkwiKCW4ZNSs2u11xATGN2y4II21O5Ao48TeloPO5yWg--xEmEypCYJehW2Jz27ciRwbPDRzoleRXhvXAGV6aKcNSzyIP%2Bc1d52JjahCV8fTU5O0bbbYHHgIg3Plaj3ohTXSYYIVBgbOretzz3bXURV5nKoQbMlI0F55faX2Swzps0qWLbRZvFSjo8Mu%2BVLxRJnUMNa9mBvqbdZ201eOJL8%2BdYmRQemjrfQRvgwv41UERlR1brYaxwFyE%2BsGYiM1WVGNN6YRDqNKXG%2FPIs%3D%7Ctkp%3ABk9SR4rP0pyXZw
Apple iPhone 11 Pro 64GB Gold,,£90.00,delivery in 2-3 days,17 Feb 2026,15,Pre-owned,https://www.ebay.co.uk/itm/267576244840?_skw=Iphone+11+pro&epid=13034214373&itmmeta=01KJWWMMX718N0FDB8TJRTJ64S&hash=item3e4cc97a68:g:67kAAeSw6bZpVtTT&itmprp=enc%3AAQALAAAA0GfYFPkwiKCW4ZNSs2u11xAkqRcZvv2N%2B9I7PQ3O8YksDS4OgZ3bHbPXfZB1IiiCPqpCWVucUEEIl7z71qDhgARZdRvXVIYyb6Fmtjk8St0fwxSYXOp%2Fy489c1KoHecAMc6kQ5duOUDT24iuL7dlwQc6I7Z7wUNVHEfMFBsBvxB1%2F%2Bp%2BiqmTi24B%2B2XkSOwrmhXdnSNUAF0PpyV7Ojgqd4iNGe08mBSYC7hFQKP%2BfTW%2BICHvlKOoF4J0pccxvJuoFqKpybm%2BeaajXTQwlMBoXZo%3D%7Ctkp%3ABk9SR4rP0pyXZw
"Apple iPhone 11 Pro Max A2218 256GB 12MP Smartphone white & silver, Unlocked",,£111.98,delivery in 2-3 days,17 Feb 2026,15,Parts only,https://www.ebay.co.uk/itm/317864265087?_skw=Iphone+11+pro&epid=19034211539&itmmeta=01KJWWMMX7754RS6Y2AWD3MZBW&hash=item4a022fc57f:g:NxgAAeSw2Kdpb9qB&itmprp=enc%3AAQALAAAA0GfYFPkwiKCW4ZNSs2u11xD2N6nRn8v2G%2B9JJFaCVnv4q%2Fam87Kl%2FqlOWdYt1up5NcpKDMS3ILO8zNI7n6LXXfmY20WFmpUOguooFIlT12HbwcvKdho12bz2N9RKTNqtTJ3qsSg6znmq9gFLvMI5ptOAwO8VzHfPKP0j%2FR%2Br3X26hLFwx99%2FzOy5oFXBVaaRkinWgG9fL9njEY4WyzVmipI0ecSj%2BTaExp9xxzM1KR20ci68ayhKXrDlCO0udLN%2BfJJZiMkLUpHmcIOVhQKNd%2Fs%3D%7Ctkp%3ABk9SR4rP0pyXZw
Case For iPhones 17 Pro Max 14 13 12 11 SE 16 Pro 15 ShockProof Magnetic Magsafe,,£7.99,Free delivery,17 Feb 2026,15,Brand new,https://www.ebay.co.uk/itm/166878352747?_skw=Iphone+11+pro&itmmeta=01KJWWMMX7RVR0DGJ43CJHGY02&hash=item26dab9956b:g:WdcAAOSwwpFmnAPz&itmprp=enc%3AAQALAAAA8GfYFPkwiKCW4ZNSs2u11xAi%2BD%2BZivF86QdxmhlJzF1eyTYDqzpp%2FFPa4FbNGx24NFMr3v55S51DTCvRdjq630%2BRRDejUtS0OB%2FTf5tkIII7oT0d3OdU%2FzfQHApBxPykEYDZpt3Zwf4moMotoKk9IDgv8TJqxzO7u9xXmgV7J2ji4%2BQBp2AljVJP1SlloQJcuT2w3FyBdcztHWmDK1ufeMjcJmXqiQAkK7HmJPi4QWnYKX3ta04jW9mR9L3jQBqHdPySXnbavOoMouQ3ysZmqt%2FJzg5ME35wk2P0m7up8UnPS%2Fn8bGOiNOxaj%2FLFLBNKpQ%3D%3D%7Ctkp%3ABk9SR4rP0pyXZw
iPhone 11 Pro Max 64GB Space Grey 'Crack on back bottom left',,£80.00,+£4.99 delivery,17 Feb 2026,15,Parts only,https://www.ebay.co.uk/itm/298019584646?_skw=Iphone+11+pro&epid=26034221360&itmmeta=01KJWWMMX720X86M9JVQFC2ZPQ&hash=item456359fa86:g:bg8AAeSwpttpi0kx&itmprp=enc%3AAQALAAAA0GfYFPkwiKCW4ZNSs2u11xB02L7OFa1h3j0BPuPooVIxFsYNCKELvqEJVM4W72sZBTuoh%2B%2BdwA4j0wbZcH%2BP44fK%2F6VcZ%2F56%2FeSDudT5RsFAM6ES2Rsmk71TiCdxSnaRNZ%2FJ5VBrYsQ2JhP9ePzq%2Fm3CfJkerDraIpjIa1z2lhq3aRH%2B074HBoezY9cp%2F21syxO%2BtRVzRkfcTkh63cgXzngj%2B%2BzVoAmFO831oIs4rrE2XSInrgn4nG%2Fk3%2FQl7plQduu9S3dRdr9%2Fo%2BFyUfPTwKk%3D%7Ctkp%3ABk9SR4rP0pyXZw
Apple iPhone 11 Pro Max 256GB Space Gray Unlocked Smartphone,,£70.57,+£2.94 delivery,17 Feb 2026,15,Pre-owned,https://www.ebay.co.uk/itm/137040193330?_skw=Iphone+11+pro&epid=14034212889&itmmeta=01KJWWMMX7NCJ3W3D12913541M&hash=item1fe83b6732:g:Xn8AAeSwsgZpkhLk&itmprp=enc%3AAQALAAAA0GfYFPkwiKCW4ZNSs2u11xDGlVKpQ58cE2V9FSi%2FDF0Rb3vyvWNaV1pN2AWrckCsXk4fGgWoUGe6cgRDgFdCt13DQA6KvrJtLEcZw0Lj7dLIkwG2Bsv3gAit7cwLZSBZieLCl7EfoBTjX5KMH3et72GAk%2Bc3EVZV6vkJCFPZvVOcUq1PuZNbwJ4mo1RISB%2FifWH8pYKv1B75uk0aR%2BxNk1eOCL07Aqcs9mqKPMC8CHH9yFViREei6YzH00OgOvn7IATmgowQZIqDnDJzNTAgY9Y%3D%7Ctkp%3ABk9SR4rP0pyXZw
Apple iPhone 11 Pro 256GB Space Grey (Unlocked) - excellent condition,,£99.50,+£2.94 delivery,17 Feb 2026,15,Pre-owned,https://www.ebay.co.uk/itm/147158379403?_skw=Iphone+11+pro&itmmeta=01KJWWMMX7498XWF0ZMYNDTH9D&hash=item224352ab8b:g:V3sAAeSwo7hplHcJ&itmprp=enc%3AAQALAAAA8GfYFPkwiKCW4ZNSs2u11xAhud4k4wy2fxTdRjkTcCMzUQQvY9XV%2FxK5gaxq69wt716x3TOJY%2F4O6B5U4WoESELC1iWHglSGJNb2xLmIbu3PtAn%2BK75WOpfx%2BXWcykKTWFSBwxu8hs8B394X45DJXPsBN6D3542F6gzCEElUrriecQqHQZmuMz2lKlpO%2BDM%2BCiwkf4UL12Ai4oCMXZuE%2FSher4dUixDNiY8wU2dj9JYQokjR2wAxwRLu3FD4qYLZKEhhL%2B2DFlT0NPnSlwfmYlq3FZuYI4edeIMzdg8E9jiTJxeCHhRcEosEqHluf42VTw%3D%3D%7Ctkp%3ABk9SR4rP0pyXZw
iPhone 11 Pro Max 256gb Unlocked - Great Condition - 76% BH,,£155.00,delivery in 2-3 days,17 Feb 2026,15,Pre-owned,https://www.ebay.co.uk/itm/389614170824?_skw=Iphone+11+pro&epid=14034212889&itmmeta=01KJWWMMX7E61BSR1AWH7D744V&hash=item5ab6d072c8:g:S-wAAeSwLYRpjlyQ&itmprp=enc%3AAQALAAAA0GfYFPkwiKCW4ZNSs2u11xBay0cBRZRKd3qCqF0BFtUAS7ksMATP6ONVyHZ6mcssv9ASktVreAUhCdqO80AwB363ZcgfuKMmREGa38UEI8h6wuVQcLZ%2F6pw43Xp8Jo1yvhGIuMk99sb5AvLPC%2Bqa%2FA%2FJtdBtV8bv%2FFnqZd3qI6YbLgvbQjnEsKCWZnOfE4dbfCP1r3sl74UwNxchadgbQ0DoOBu8XVEcHWe50XqjLwDwZdDqa%2FljlZtr9cFa0qYjFFpta1gj%2BCLpRnMYyjoe16k%3D%7Ctkp%3ABk9SR4rP0pyXZw
iPhone 11 Pro 256GB Midnight Green Unlocked iOS18 79% - Grade F(B),,£107.00,Free delivery,17 Feb 2026,15,Pre-owned,https://www.ebay.co.uk/itm/127689491582?_skw=Iphone+11+pro&epid=11034210273&itmmeta=01KJWWMMX7YF3WGMG0VQAMXAGK&hash=item1dbae3047e:g:iAEAAeSwWpdplE6C&itmprp=enc%3AAQALAAAA8GfYFPkwiKCW4ZNSs2u11xCYVuRiVU2mk5rIEqtTUc2Nydh4k3c5mGQXJMlC1t2wycmCO6E%2B1rLnzBPtpG4FOEUM8lRrLW3OihZ2EFSVDz24tK97P3vuRUPd1sL2vp35huVajNZF7DMj2Tdh96gcJtBf5lWD7IJg1Wc%2F%2B4%2F11z55biMKWh9gyjwrzJLl64AuiSZsLJKkn6bZLkwK71GeZjoxDLzJXgNCaemGRyFsphVeWO8HiR0IJMzw9QLbAmztvdUV9f9t%2BcQKJWrlNXjXtcKBgpgz%2BJcRcrOlRrIb3%2BfkJ9dK4g52KDKpFjwUnGRgbw%3D%3D%7Ctkp%3ABk9SR4rP0pyXZw
Apple iPhone 11 Pro Max 256GB Unlocked - Slightly Damaged Screen,,£104.86,delivery in 2-3 days,17 Feb 2026,15,Pre-owned,https://www.ebay.co.uk/itm/227206779482?_skw=Iphone+11+pro&epid=14034212889&itmmeta=01KJWWMMX7Q3MP1XBVYC54YQXK&hash=item34e694525a:g:8R0AAeSw6eJpcLaO&itmprp=enc%3AAQALAAAA8GfYFPkwiKCW4ZNSs2u11xC2eR7wpvgKHUHKLxD30ugrBl9VjGuWh7vnb%2FSx64TiVZuEPiOvOVPojsFo5ZwL5TMs9Y83sLjnrLeD7NW7DbYNm5bE%2BJQrs8u3JCMiPE7QENtYyh8sXbXAwExPECuwTo8l9GNyVcVwDaaK3ydK8xbaMWZKLlk4YpQuQPlSEF00D47%2Fe5qoTKMC0aOVAYfoGH9eYWVTde%2FnxfCCEfvnZ1GyAwALp8Oxoximqq02nfe%2BvCxe1Rmu07vVxP3abGsNZu9JUfSBTXzjb3NiFCXXv8kEprioWlqTOB2Y0mKv3hN1Sw%3D%3D%7Ctkp%3ABk9SR4rP0pyXZw
Apple iPhone 11 Pro - 256GB - Gold (Unlocked) A2215 - In Excellent Condition.,,£161.90,delivery in 2-3 days,17 Feb 2026,15,Pre-owned,https://www.ebay.co.uk/itm/177865639738?_skw=Iphone+11+pro&epid=2305260666&itmmeta=01KJWWMMX7W6ZS4H4NKJ3FQTW5&hash=item29699e473a:g:G6kAAeSwS~5pkf5e&itmprp=enc%3AAQALAAAA0GfYFPkwiKCW4ZNSs2u11xCwLU%2BqqM5xyrHlKo9I9P0VF2sS2YM4fni1dXyjMnC2zyGYjOC6vU4038xYdgm88IQImS3fqnYvkrR4y%2Be6gtlDomJkt%2FbUWgc5ECQbn2YTX2z2pi79hQnNztCOL9YRBVzEll6VFkhyVkjb75bWQokeNu2N8%2FDK5h0gx%2Fq6B2syrg4bPg0Ou10kINd%2FpeO29PDzKiGpuOm8gfXX9ekBL0xZGbQlAz07kVCayQEb2T%2BVjsLNdliuXljxpbVnlY49sB0%3D%7Ctkp%3ABk9SR4zP0pyXZw
Braided USB iPhone Charger Fast For IOS Cable Lead 11 12 13 Pro Max iPad Air,,£6.95,Free delivery,17 Feb 2026,15,Brand new,https://www.ebay.co.uk/itm/174976274224?_skw=Iphone+11+pro&itmmeta=01KJWWMMX8RJEZZW6CDEM71F5G&hash=item28bd660f30:g:tgEAAOSwvcRhZyen&itmprp=enc%3AAQALAAAA0GfYFPkwiKCW4ZNSs2u11xCsa0SBLYEXeBBm0nBZoUQ%2FB6e1ADvgZsTZAmk4nVgf90Nfh1JcqmctYAtopRkeJuGWPns%2FeA6Sdn7J%2FuZc6zFWmd8AawlPWee5mmuSwWffYH7rgxbVg6goZtjWzO80fvAGUdqe%2FTnwmClTi%2BOByFlaDDqsXoGHWhUGUeyk%2BnBhARTMpEmkJvBl6%2FNlAtqCvtFSZ47RH9mWXcS6N0kkqggvOnSZkZt48lDG09MDpfZBwwyUcREjkCY8Zd7%2FOdygOdA%3D%7Ctkp%3ABk9SR4zP0pyXZw
Apple iPhone 11 Pro Max 256GB Spares or Repairs - Damaged - Read Description,,£59.99,+£3.38 delivery,16 Feb 2026,16,Parts only,https://www.ebay.co.uk/itm/177869255421?_skw=Iphone+11+pro&epid=14034212889&itmmeta=01KJWWMMX87YYXRMBVGEG7JG2S&hash=item2969d572fd:g:3gEAAeSwwoppk5vZ&itmprp=enc%3AAQALAAAA0GfYFPkwiKCW4ZNSs2u11xBwjFH%2Fjh1tHulWtLVElmG4gsPd6b3vLgfEI%2Byx7Tih9oww%2F9XxJdiL0GvHmzs5Oc7WT4%2F6qiln%2FJpg9SRbIcTkPYLn1ZSl687K1%2BWdiR5NduOtij3NMjgesisdqsXjM0uH5vW93v%2BCasRTG0WAi93wQhG2equjmM2OeE5yA7t9VA6Qv2DZi6qjvXV0YOXaI3ffgzDQqkO6RHi1rc6BGYGQDrETvUDs6YZcRxmGX4i6ZK2dcAfjTsqeg6PbcljMHX8%3D%7Ctkp%3ABk9SR4zP0pyXZw
APPLE iPhone 11 Pro Max 256GB VERY GOOD Condition Unlocked (NEXT DAY DELIVERY),,£157.74,+£3.42 delivery,16 Feb 2026,16,Pre-owned,https://www.ebay.co.uk/itm/277731642603?_skw=Iphone+11+pro&epid=20034530783&itmmeta=01KJWWMMX80GTP74FNNQQJVQHZ&hash=item40aa188ceb:g:2agAAeSwn4Npk26N&itmprp=enc%3AAQALAAAA8GfYFPkwiKCW4ZNSs2u11xBAVjC6bNhrNPDRw8mAMnY4ZP6fboosqZwi1Jnxnoye%2Bv30tgmw4o67nlap%2FjIuBY%2FiPscr7YtH69%2BsrHH4S8G%2Fq0BNtBsFgGT19oJy2fB3JYgW0St8qi4nEB%2FmyV4JsVMHvvbIdZoagf0GTUKmRbJjWWLg0PgfJ91JHpl1ElkeJql7HIFo5sSzWwNN9A56Q2azz6diXKDpY27YKLfugqACMQBkHVo7mBAc5R%2BBJR8YbvDbWHugwq292sGtzgj9IbPzGcn1iwl4RNCUReY8GoSdMjPkVgFizECUFbgNoNuncA%3D%3D%7Ctkp%3ABk9SR4zP0pyXZw
Apple iPhone 11 Pro 256GB Midnight Green Unlocked 82% Battery Health with Box,,£115.10,delivery in 2-3 days,16 Feb 2026,16,Pre-owned,https://www.ebay.co.uk/itm/306774437003?_skw=Iphone+11+pro&epid=27034209772&itmmeta=01KJWWMMX8A0W84C1VZ2BYCTFV&hash=item476d2e6c8b:g:d-YAAeSw-HZpk3Rt&itmprp=enc%3AAQALAAAA8GfYFPkwiKCW4ZNSs2u11xDtvz%2BWPK7AqXTuz6yj4wrevXLSruxjk2NW%2FKCwWVQDrFN6vimcxZWO5dFYI312ka9qo0oN33jLabB2Tv016ZiahDhJu4I9%2B0%2B3AFNGY41cXwqMyKevA05bNZzGwKzwPD%2FXlZSBHVaWcIdTc%2FUVhl4ASHo0M9QAoq%2FSyFwtwWZmu7HDl6gufUR12zaul5936HA3ZG%2BzLBaIJrQ%2F2QTNVaUCKgMZ8OzxvoFXRuxgPpW63Ii8KNJGp4JApVrwrYdCmp0fC4ivbPcVLTU9aNFOD3ph2j746PVsbvK6x%2BAZbXMdCw%3D%3D%7Ctkp%3ABk9SR4zP0pyXZw
Apple iPhone 11 Pro Max - All Sizes - All Colours - Unlocked - Excellent,,£241.99,Free delivery,16 Feb 2026,16,5% OFF CODE MAGPIEPHONE5 MAX £50 - 12 MONTHS WARRANTY,https://www.ebay.co.uk/itm/304402773324?_skw=Iphone+11+pro&epid=26034221360&itmmeta=01KJWWMMX89AENSCZFRS7SJ4AH&hash=item46dfd1b54c:g:UvkAAOSwfLtiNI2O&itmprp=enc%3AAQALAAAA0GfYFPkwiKCW4ZNSs2u11xBAYgd1KFvaa4wg3Ls02qzKJ8i4nnHZ1Kalto9xnmcqtpd68RW11b85MkoOcUGinIiqYlYgwuYnRFld7PsNJ4Ya%2FG06NYIG9FRY6Rni4fFA8t7Gfb%2BIdY2XXcVr1dvk3DpTz5y6%2FzeBulUkVx6udkuBDqp%2FGWt7UJWLxlfFORj3mQATctXcrwujk2nt2199ZppTVoPgGcU8RVwid0hyc9eny4KlNIX5cKeyG2JXa0U7ErDAsiCxTF6VGbP6KCzKHW8%3D%7Ctkp%3ABk9SR4zP0pyXZw
"iPhone 11 Pro Max -256GB Unlocked Smartphone, Space Gray MWHJ2B/A",,£150.00,+£3.42 delivery,16 Feb 2026,16,Pre-owned,https://www.ebay.co.uk/itm/287146039662?_skw=Iphone+11+pro&epid=14034212889&itmmeta=01KJWWMMX8M9A9520R556P9DH4&hash=item42db3cd96e:g:yAUAAeSwzl1pk0eA&itmprp=enc%3AAQALAAAA8GfYFPkwiKCW4ZNSs2u11xDOB9HjdhpRV1DlpkFk7ijSduTd1KfQiKaGtYAAgoGMi5LL%2FIYL2qbdNkdfGyNZ81nXjd5Zoz0XN7Z4uGW%2Fj66cthdwsY0Yqx0eVsw3cg7eyogHoDtrJmKXz5HhGFi4zkmrkMwPE1MzKQfJceRCDZwD%2FyOY4AcR781pm%2F4cMSG0%2FQpYF8Xg4dXGn2xYdPxHsXG53GkvxqyyCvccQuiMhqEjuC6ZcOLUTYYRRiNdlwB%2Fm9L7SCeJbpgoGGK4fehn6QJjQIZgcL%2FLckhPCFYp%2F4CjdvsFTL20WDQtbLrvlpZMiA%3D%3D%7Ctkp%3ABk9SR4zP0pyXZw
Apple iPhone 11 Pro Max 256GB Unlocked – Excellent Condition – 82% Battery,,£171.37,Free delivery,16 Feb 2026,16,Pre-owned,https://www.ebay.co.uk/itm/206060125156?_skw=Iphone+11+pro&epid=17036193232&itmmeta=01KJWWMMX81NDC4YN990X7QYW2&hash=item2ffa23fbe4:g:c~0AAeSwfP9pij5c&itmprp=enc%3AAQALAAAA8GfYFPkwiKCW4ZNSs2u11xDBjVFcKYZNXFmXpQ37Mp8nZa5R8RTef3g9AAS7j2gfqu3znujLIXwvNqaqjR%2BijY8LxW01f%2By%2FYi04k5j4TcUqykn1K6o1ZOHFLItji1GXClvj5kFAVOa7ALSgkqa7RRGpnjTSdVTuahggMcD3SgiYYyldVuc5NJeidlst9a1pwYcrKLH0fIN3Ro6tW%2Fh%2FK0QrZ7Gic%2Fi%2FIoa7a0JiPB%2F5t8KbWXHkrRpRonpwKvQB%2BK1wmbnF%2FIe1VjcIN2ncyixWGZ7B7OhYMRSaebvGo5PpGqYmYz3m%2FSHQZ7%2FY9EEkUA%3D%3D%7Ctkp%3ABk9SR4zP0pyXZw
"Apple iPhone 11 Pro Max A2218 64GB Mobile Matte Space Grey Unlocked EXCELLENT,.",,£179.49,Free delivery,16 Feb 2026,16,Excellent - Refurbished,https://www.ebay.co.uk/itm/336391041545?_skw=Iphone+11+pro&epid=10055692066&itmmeta=01KJWWMMX88ZXGFDYJX9K6RPZW&hash=item4e5277f209:g:-BgAAeSwLLVpaQrT&itmprp=enc%3AAQALAAAA0GfYFPkwiKCW4ZNSs2u11xC6C1s%2B777U6BOO1L%2BDj6r4htvwhPXWwuoJIyXGJniCnDZq4%2FZw5pWe1SEFNv9NgVHXjFM0MYpkViDEYXH82KrfZS9e4WcE9ixI4CCA8FyOYZgPN3nJSr2J52gfwHg35yZBu46ikQlPmy07xilIiM5z%2BCVkwm%2Fp1XTrkqLs0C6qtfGLE%2B3UE03qySR%2Fm0WqiEjnAe9p%2BOg0MVEYEgNlMQeI%2Fwz7Jvy%2BftUPJpXPPeZ85lijT719YmeKpZP7XpUbcYE%3D%7Ctkp%3ABk9SR4zP0pyXZw
