title,model,price,shipping,date_sold,days_ago,condition,url
Shop on eBay,,$20.00,,,,Brand New,https://ebay.com/itm/123456?itmmeta=012DEW30YG0MEEKND7NH&hash=item123546:g:acwAA9KNiJowH:sc:ShippingMethodStandard!95008!US!-1&itmprp=enc%3AbgepL1tlUHjMGCVfSTGJh%2BzsVKeJ3CQk7NizDI4BZeppuFnmyS6Ijyp8lh%2FnEw%2BWqO7uTV1Q6izE1R0T54aV8j71F4xlWfVcGft4%2FiOQhtqVXA1rW6M1atPARQRmhqUxtEPJKhKtSFgI%2Bvwlzb0GwVCtkp%3ABlBMUObkmabpYw
Shop on eBay,,$20.00,,,,Brand New,https://ebay.com/itm/123456?itmmeta=012DEW30YG0MEEKND7NH&hash=item123546:g:acwAA9KNiJowH:sc:ShippingMethodStandard!95008!US!-1&itmprp=enc%3AbgepL1tlUHjMGCVfSTGJh%2BzsVKeJ3CQk7NizDI4BZeppuFnmyS6Ijyp8lh%2FnEw%2BWqO7uTV1Q6izE1R0T54aV8j71F4xlWfVcGft4%2FiOQhtqVXA1rW6M1atPARQRmhqUxtEPJKhKtSFgI%2Bvwlzb0GwVCtkp%3ABlBMUObkmabpYw
Disney Mickey Minnie Love Phone Case iPhone 16 15 14 13 Pro Max XR XS 7 8 SE,,£4.99,Free delivery,20 Feb 2026,12,Brand new,https://www.ebay.co.uk/itm/317860988444?_skw=iphone+13+pro+phone&itmmeta=01KJXJMQW1RYB3QZH2AJWP8EJF&hash=item4a01fdc61c:g:G4IAAeSwjbBpik8G&itmprp=enc%3AAQALAAAA0GfYFPkwiKCW4ZNSs2u11xB1TzacamPZ1ag66YHaiSP6bD%2BqHeDrYFObajZlzO7vsrEakLptdnk%2BmscQ0DKzelTZC9p41EBRrzAnd7xksdLMCcTJ84PZbInZ3aYX3gUP4jG1OLPBfr3eAKZ%2FUCrwwnuu6KEB8SG%2B77kXW8h7ZC%2FzwWtVQ1%2F6uHjHhE8g7S0N%2BGu8AhduEv2ZMgsHUWvPsp%2B5raIf6lWgQGCKO9Riju1%2FA2BzMJNpLGvSg6RrAIwMxlYcNOQUVqT8ATS8XqROYwk%3D%7Ctkp%3ABk9SR5b_0rKXZw
Cars Lightning McQueens 95 Phone Case For iPhone 17 16 15 14 13 12 11 Pro Max,,£4.99,Free delivery,28 Feb 2026,4,Brand new,https://www.ebay.co.uk/itm/317845161393?_skw=iphone+13+pro+phone&itmmeta=01KJXJMQW12GMXZ5BXB47N6P6Z&hash=item4a010c45b1:g:4YsAAeSwGf9pkIxw&itmprp=enc%3AAQALAAAA0GfYFPkwiKCW4ZNSs2u11xAucZrNfMfoyGZHA7AhS1aeRg42RaZdSCYUElQwrtGCLU8b9klUO1O1POCMyF8fYihzXnAnVAp6RJFmDK2MuiTqSCkAZZbRA%2BWRcam8FSvtWA3sS4JM1e9JbLottGS%2F%2BGmcV0wezz1N982CzMlij6MgnE4%2BJHb7Lvc%2B5rZwcOEe%2Bq%2BnqV%2BKGc7q8J8QFbo46w2hAtCBuCMtlwpqE3NrfnLTV5NuZe%2FdgVq3DsMX9PMNyxZZUm1PzZpFIOA2Fg%2Bontg%3D%7Ctkp%3ABk9SR5b_0rKXZw
MagSafe Case Luxury Frosted - Shockproof Cover for iPhone 17 16 15 14 13 12 Pro,,£5.69,Free delivery,1 Mar 2026,3,Brand new,https://www.ebay.co.uk/itm/127702331132?_skw=iphone+13+pro+phone&itmmeta=01KJXJMQW1PK05GV8AY4MXFXG2&hash=item1dbba6eefc:g:fx0AAeSwe4ZpnZH~&itmprp=enc%3AAQALAAAA8GfYFPkwiKCW4ZNSs2u11xBOoEMRaQkCFcYyU%2B425DCakFpdTG9yHOaahzgdizJV9qF35CweZAqQERCZZBWFI8VUYpcywdfeZH4%2BtklIrbQbvONgoCZCAbcV7s08JWXHSTKUqimKdKM4pqBVDvPtxbNQHnxxcbAoMOMAtYD8gMQpN2vVKt7L1LX0iMRzP0wQrwUAhyOc2gffehZkIFd63kn%2FHnvyOorlA0gZCktl%2Bq%2F90ynhlHjZRej5P9AK5YDiwMU8PaFfVQUVnS%2BApJQwNf9dXXYi7kEJ5ZnwFrPWszUyw3bbYaNjJRaVFc0l%2FfbtuQ%3D%3D%7Ctkp%3ABk9SR5b_0rKXZw
Leather Wallet With Card Slot Stand Phone Case For iPhone 13 Pro,Leather,£5.45,+£3.40 delivery,4 Mar 2026,0,Brand new,https://www.ebay.co.uk/itm/187119343568?_skw=iphone+13+pro+phone&itmmeta=01KJXJMQW1BGFXF7546Q1RJ9Z0&hash=item2b912e97d0:g:ZHUAAeSwcZRn8qlr&itmprp=enc%3AAQALAAAA0GfYFPkwiKCW4ZNSs2u11xBT%2FJkJKxFACQE8%2FI2Z2zO1q3HPL0xEvdcUnc3WwQbWgtXOugq84iNKo%2BprtBcLEaciewln2J0M4wxNlz7zm4bWIRXYELb5LPR50g9DvwyVnXTIlMRf7O8sYG6f0D7iYWDwaUr4StfU0dSaCLId%2Bg4SAKw%2BIin2StjGfCaNsCa8fuigz3TMkcYqJ4xDqF%2FCaHlcdKMYl1JKXZtbJvLArN5LTrUoNqDWF4TYOEKgrtaRwv3BEKxw5dIg2OTaO9ULQXg%3D%7Ctkp%3ABk9SR5b_0rKXZw
For iPhone 11 12 13 14 15 16 17 Pro Max Leather Flip Magnetic Wallet Phone Case,Leather,£1.95,Free delivery,4 Mar 2026,0,Brand new,https://www.ebay.co.uk/itm/127606959301?_skw=iphone+13+pro+phone&itmmeta=01KJXJMQW1VZHN8631EPXHJ3MM&hash=item1db5f7acc5:g:oUYAAeSwdOFpXLXQ&itmprp=enc%3AAQALAAAA8GfYFPkwiKCW4ZNSs2u11xDfv36CMuIy%2BO1KC%2BRr%2FeoOoakJwGG0Nw7GqY%2BFSDRB7vZ6TthiBgQqd44Q5eP2sytpfSOq9OTdwEnEcd5i5fzxpNdRYLaqiU6F5RqsXIqy%2F5ldmeSvMSPHOQ5nAGcrRbbMCV6T3AQteC9eKbtGzSLkmDgiliWipyP0FZjzqmx%2Fnz87YMmUDFr9D7owSwD9gEAVOykmoXdBzC9vCzSItOeCw5zHEfoeLhKBTDhTSPNIkEdmYh0bCYXLHvZ87Gw200oA2jaUtrp%2BlmM7UefSn%2FFFmcAqwfevAGb7hRWBJ6U8Sw%3D%3D%7Ctkp%3ABk9SR5b_0rKXZw
Case For iPhone 16 15 14 Pro Max Plus 13 12 11 7 8 Clear Cover Shockproof Phone,,£0.99,Free delivery,4 Mar 2026,0,Brand new,https://www.ebay.co.uk/itm/397629695974?_skw=iphone+13+pro+phone&itmmeta=01KJXJMQW1WMA7N9W0EWCPYVJC&hash=item5c9493a7e6:g:j1wAAeSwbFlpl6I4&itmprp=enc%3AAQALAAAA8GfYFPkwiKCW4ZNSs2u11xDVWx3MPvYfoXPGXF%2Ba%2FXQdabilPBgYX%2Fn6K%2Ft0Xut6FsdinxiNWbqHMuNnLbHB6aDX6XsijgA2zvXk3u7wmYz%2BLP%2BP1MGRn00Bg6WjvQp%2B4LKBrg%2F2Q2oaotFj662FE%2B%2BKW0LrGDjsQuTYAyyauT3pqS4w9fvVqwb5RbvDspeE14WByqxsUF8%2FCXUoNORsOSeQO94tM5RbFsAlNheGcxjzm3uyge4CcJMvWasLnjxW6hRNPzLyRhPtGh9YIwVaDGI1JaPRfAAH6K2nMzu8gZ9zOZrpw1CaXchibj5zJNL5vA%3D%3D%7Ctkp%3ABk9SR5b_0rKXZw
BLACK Case For iPhone 17 16 Pro Max 15 14 Plus 13 12 11 Shockproof Phone Cover,,£0.99,Free delivery,4 Mar 2026,0,Brand new,https://www.ebay.co.uk/itm/135443359031?_skw=iphone+13+pro+phone&itmmeta=01KJXJMQW16JBWDJRT2RJ3MBFB&hash=item1f890da537:g:l2AAAOSwGQVnXrH2&itmprp=enc%3AAQALAAAA8GfYFPkwiKCW4ZNSs2u11xD7pghL6rBDkBieijUcSeMjawc0oJ9il4YdOhJVDrIoskq%2BYtOYeC2qpc7XL7dUO2Sd6vVpPpXO3mJfLoPToKX%2BLwLDE%2BDTQ4oE0G11nTG22zGiewH23%2BzRqis%2FHCG1%2FQt99mVaeG%2F0KNHbv1aVa9v31ezXfa3iVhQ5UnA%2F9t3%2BmdaqCggYFW7pVkBvK2VFPfyPsWw7XL%2Bmpe%2Fjd0lHgATbb%2Fa4uJjUC7avFGPuk%2B8jxUWAjoM5zniqZWMdqFX4QwiueVBHFkI0hnsRrVmx8IHJLTRStaxWRDcGE3CeFbaB6A%3D%3D%7Ctkp%3ABk9SR5b_0rKXZw
Case For iPhone 17 16 15 14 Pro Max Plus 13 12 X Shockproof Silicone Phone Cover,,£2.99,Free delivery,4 Mar 2026,0,Brand new,https://www.ebay.co.uk/itm/115855412673?_skw=iphone+13+pro+phone&itmmeta=01KJXJMQW2ASAXVTJMCM3SY5BB&hash=item1af9854dc1:g:vg4AAOSwbVJmmFsD&itmprp=enc%3AAQALAAAA8GfYFPkwiKCW4ZNSs2u11xDo6naVeTOLS5UR7gkYovIEuuJfT3yhf%2BzgPYUAJdccD4SL%2FrHvfFUBjFdZSQqaD0uYPHe4qUrEAp%2FTdMPxHdk6LOjqBDqHXPq46iMbX3%2FpgRcaOKuKOW5%2BKGoY2R9dO1%2Fvewc%2FWDLrV8Bo8g6O02TutLt539G%2F7MPswnhXGaU8g63YnxYm5qIdVG95STl0lZA1ytqA11VcbAiH%2BmentLrXDtEqCRiPBTaP3QBo%2FRTwWxv0JTUfftgOgJeDWqAR%2BqWlHZ6OkvyyF6ZEwAXPZ1mtm9UCQ%2FXyJO2%2BHdzHzi3SrA%3D%3D%7Ctkp%3ABk9SR5b_0rKXZw
Glitter Case for iPhone 16 15 14 Pro Max 13 12 11 Plus 7 8 SE XR XS Phone Cover,,£0.99,Free delivery,4 Mar 2026,0,🔥 EXCELLENT QUALITY 🔥 FREE & FAST POST 🔥 UK SELLER,https://www.ebay.co.uk/itm/224190065858?_skw=iphone+13+pro+phone&itmmeta=01KJXJMQW2X0JHP6WHMKS69ZBH&hash=item3432c4ecc2:g:OI0AAOSwJORl6d~j&itmprp=enc%3AAQALAAAA8GfYFPkwiKCW4ZNSs2u11xCowe%2FHB%2FI6Q4o4BEWtje0xMJNTXb4o82RzQ4d4BZABs%2B9k8qPb1pTCR8pig%2FaGmrhr2LjUPxb6zu045a6M0GBakR2k3RAxqlxQQQiJDlhmsXfk2bLRxHV0T1Nw2Oj8xm5VbdQOVAUq9GJEjcF0YrKFJOjaJZGkzHE3L4nYgasSFHpoGBbaXziA1JcMP%2BSXe7uv%2Bhs8pCOjxr1T6LVIuh7L7AzNKmJdEBe%2BiKPkHgsa%2FPM0zOFu%2BQ6KRxPcFS9W%2FQ9MeMUYjMeHnhx%2BDYtXgX5OuVaIc9BPPwJPjCjrKUz3iQ%3D%3D%7Ctkp%3ABk9SR5b_0rKXZw
Shockproof Phone Case Dual Layer Protection Anti-Slip Grip For iPhone 17 16 15,,£10.87,Free delivery,4 Mar 2026,0,Brand new,https://www.ebay.co.uk/itm/376202414589?_skw=iphone+13+pro+phone&itmmeta=01KJXJMQW2CPA8QEFT09E9P4GM&hash=item57976949fd:g:QMYAAOSwStFoDUpt&itmprp=enc%3AAQALAAAA0GfYFPkwiKCW4ZNSs2u11xBLojuCk1ORqqX6sg5Dz2he6pXQjAJ%2BAUwCfrRvm9CIned%2BKUgvv1i1hBzx2%2BlC12az5k617RIOIQcENjhb1r1U%2B4f1NAo6YrZQH3Y3Y7mct%2FHNJJ42N%2FXMXgAiwywQJVogjh26TcdDnMT7sCetydvH%2BYMRKvuQWttaqDI9PxZAjSSQkbhWRt9E62%2F0OIfpWsJU4zkHPbASoNbvAB7h12%2BZ6qso1%2FQfPJYsuqYt%2FvwH7mr7lD1d1rNZCpXrCRNyOMo%3D%7Ctkp%3ABk9SR5b_0rKXZw
Case For iPhone 17 16 15 14 13 12 11 Pro Max XR Shockproof Silicone Phone Cover,,£0.99,Free delivery,4 Mar 2026,0,Brand new,https://www.ebay.co.uk/itm/225790435039?_skw=iphone+13+pro+phone&itmmeta=01KJXJMQW2TTAW3N4CNHF3QTTW&hash=item3492289edf:g:vRcAAOSwC0plI7D4&itmprp=enc%3AAQALAAAA8GfYFPkwiKCW4ZNSs2u11xCEXCFoCmJNpDkKp%2BGlELL5Gjw4tTNw5mMVnE8PYMEA2cio6JHeET8FHMKujpmkb4esHzpywkujeAyk1j5YTqA4T5lYc8%2B3WE3sdA2N%2FlWGaydbAxQi8z0UfJKcyTsC1NIV3PrgMmvMFTejNbfMTvcA08z%2FvVwnXJqz4td1janaRub5nD2kgchfYfqqBu4OpUH2LqXqePXVPbC3xDDdlFqblBCsOYIUS17rP3Gl1MGg%2FZBT5nz2b0fl6w77thvoho5cSgzHDubL7hpaPxcxJUBVLxcPaeK9QCbTU%2BSOnJydXA%3D%3D%7Ctkp%3ABk9SR5b_0rKXZw
Leather Phone Stand Wallet Cover Flip Case FOR Apple iPhone 6 7 8 12 13 14/XR/SE,Leather,£2.93,Free delivery,4 Mar 2026,0,Brand new,https://www.ebay.co.uk/itm/365193328525?_skw=iphone+13+pro+phone&itmmeta=01KJXJMQW2R64PW5S6HNGZXQ2P&hash=item550737f78d:g:WcMAAOSwXvFnGRkA&itmprp=enc%3AAQALAAAA8GfYFPkwiKCW4ZNSs2u11xDfWBPkv1IPNPlW9tiqVX5acNtivgSIEM%2FfgJFcImF1O4o4RU6k%2F8E5JfvD2TIUjLKixMLb7zqOQvJF1z%2Bele5wkaYuWA4Ieb4OLpO2wcKfjw5ekXbvoqFHY9jQwtHMj0Y%2Fh8Ec%2BEYCHetblS%2FH8EEvsYf6QPTroKdTDzhYqnMlN2ezagmFaUezRi4nzO6F3%2BZCHws0NFO%2BSXwmYQ9Nq8JykDWJN5cTcVD8DnjhCJglX7v2usLgTBIBHrX8rXlmfCnm9QN1V0h8ohICPKETXQMbI0DdI4mV79H34opZwPAL9g%3D%3D%7Ctkp%3ABk9SR5b_0rKXZw
Case For iPhone 16 Pro Max 15 14 13 12 11 X XR Flip Leather Wallet Phone Cover,Leather,£4.99,Free delivery,4 Mar 2026,0,"⭐⭐⭐⭐⭐15,000 + SOLD✅ PRO / PRO MAX / PLUS ✅5 Colours",https://www.ebay.co.uk/itm/265326737496?_skw=iphone+13+pro+phone&itmmeta=01KJXJMQW22NGFCDHJTTN39E0F&hash=item3dc6b4b858:g:LVEAAOSw5mRl28Ld&itmprp=enc%3AAQALAAAA0GfYFPkwiKCW4ZNSs2u11xC6bz5OZ2HqCbY098LtpdclPAGWzTBVqyJCRbGnUZASGpMYDH8JwXh%2BC7QsQd0CFUvYChJtskuzwp6w2ewTuAndlRHUfc3k4WRoRnwmpz4Khoc%2B7y3bR%2FQdDHLhrxDxbyJgQMtXx1xtFCCcAPcEZ3NF%2FGfZdDEmieK8X265kZ8cTRWjrPK4KvD%2BL0tvjQrlPXiRaB0PlAPhlSbaKh2JzYFbHuDLpJ37f60Fh78qqIsi0zovY6g8p6tAjfh2Rfpwy3E%3D%7Ctkp%3ABk9SR5b_0rKXZw
MagSafe Shockproof Phone Case for iPhone 17 16 15 14 Pro Max Plus Magnetic Cover,,£2.99,Free delivery,4 Mar 2026,0,Brand new,https://www.ebay.co.uk/itm/326972262744?_skw=iphone+13+pro+phone&itmmeta=01KJXJMQW2TKMV8Q09MQ0CEP1Q&hash=item4c2110c958:g:tc4AAeSw9Z5pd9vL&itmprp=enc%3AAQALAAAA8GfYFPkwiKCW4ZNSs2u11xA%2Fo7Hw5%2Fc5VwNM6eJD1ymN2U5%2FzkN9nF15fEuHd5e%2BWc8F4381FAtsLYQtKvXYBwome1MxIwGbaekgfJUMU%2FIxiUgApGsIQzV%2B1zKwanyU3Zodr1Krvm79M4LYJ2TSPWxlCrYCEnVBwa7pTkKu%2B%2B71Y%2BCQlaKYkSyKkQk02fWf4Sj%2B%2FKjJprIINN0oybZeUMzJg6K5WPNan1BRPeIlUMwi0AS18o%2B%2BhMkAr3MX2WzWiaY3%2F%2Brwg811VdOx1uQml11o%2FsHhGGYlJSUY54q3Cozb0nGZRBAqZIqvjJEMI5zhew%3D%3D%7Ctkp%3ABk9SR5b_0rKXZw
Card Holder Case For iPhone 17 16E 15 Pro 14 13 12 11 Leather Wallet Phone Cover,Leather,£5.98,Free delivery,4 Mar 2026,0,Brand new,https://www.ebay.co.uk/itm/127462284070?_skw=iphone+13+pro+phone&itmmeta=01KJXJMQW26Y8D88NFT1EG1DQ3&hash=item1dad581b26:g:VtQAAeSwv3FpBGPM&itmprp=enc%3AAQALAAAA0GfYFPkwiKCW4ZNSs2u11xB%2Bi3CnxxxZsPDHnCuRJH%2BXpgxz1DqAE8bYZg%2BxBjHPUYrdSElHr6VA6noS3xqP6ByyssyDpLx0tdxOLFEIgJtBE75YXqRm0AC%2B0evpsLaAzkYbdJ9Wb0xg%2Fzu8yhR1B%2BLML1HwEad2zQdpicMPpbaKP%2FgSM6wNY2oI41GHy%2FKPCsayvVE6584Ei27dUAaFG%2FyX%2FZ3y8GvPsziRDbLH%2FtwIt0wrMOZXjQNKZ9kl5w93YTHF9iNx5BOtN%2FMbWDzbDig%3D%7Ctkp%3ABk9SR5j_0rKXZw
Case For iPhone 16 15 14 Pro Max Plus 13 11 12 7 8 Clear Cover Shockproof Phone,,£0.99,Free delivery,4 Mar 2026,0,Brand new,https://www.ebay.co.uk/itm/267223422439?_skw=iphone+13+pro+phone&itmmeta=01KJXJMQW2ZW66N6CSQB07MNV7&hash=item3e37c1d5e7:g:H5YAAOSwD21oATpg&itmprp=enc%3AAQALAAAA8GfYFPkwiKCW4ZNSs2u11xCCDRkXqTxqrg06HOdRGb76WYdVAybKWEWukH8prOjse5pkQJfZBqRN3cNj%2B%2FDsYPoIzkO3vsRDeOKKZhVLm9WZnjJo6cWsoFj0bWaVPldf%2Fq0KmRFOs7JeFQxFUJmr%2B%2BCDflFwU%2BrISh1NKiLth8ov4W8jEHNcPuriU6UeNILIyTXGFjw2PgPyvTPuBpRfGPUupBr2N1LdXuYZgcjpTD3b%2FjCUiROr54eiaRr51z%2Ffql1Uyg3VbPlVbrLI4wvZCH4V7p0WU%2BCd9IaDTQr1fR8ldYtWeG5NdB76DuIBAb%2FhqQ%3D%3D%7Ctkp%3ABk9SR5j_0rKXZw
Personalised Phone Case for iPhone 17 16 15 14 13 12 Pro Max Cover Matisse,,£4.99,Free delivery,4 Mar 2026,0,Brand new,https://www.ebay.co.uk/itm/267388604092?_skw=iphone+13+pro+phone&itmmeta=01KJXJMQW2F55F1R0BC04P1SV8&hash=item3e419a4ebc:g:CwQAAeSwZclotXVG&itmprp=enc%3AAQALAAAA0GfYFPkwiKCW4ZNSs2u11xBfNTq9AS7fYdmF2AUEAWFPHv8FpM87Ek%2FGMjIS4nzXdXfirwoZmpPKw3WCCucURu%2Frab4Nz8lNeqmarQy25QEkRg6GNt8KziVFtL3L1arSn5jXZaFe95tEqBq2RtPOU4lYXQnfic1VyU%2FIthmzFoSUR07YyQlU2xKoZlrXli0sZNZAkbM%2F6JUz0os4A%2Bp%2FrG6Rben9LUPpc6dZQnah5YBqNi%2B8xQs2pEbxs5dEVJOyt%2BrgipsxF3%2BZcLV7vLFlRTI%3D%7Ctkp%3ABk9SR5j_0rKXZw
Personalised Wallet Phone Case Custom Photo Cover for iPhone 17 16 15 14 Pro Max,,£7.99,Free delivery,4 Mar 2026,0,Brand new,https://www.ebay.co.uk/itm/267438017354?_skw=iphone+13+pro+phone&itmmeta=01KJXJMQW2YTEGBVC5N2R8DCBJ&hash=item3e448c4b4a:g:sHcAAeSwHgZo730B&itmprp=enc%3AAQALAAAA0GfYFPkwiKCW4ZNSs2u11xB4k%2BjQp9WxfdrWKgGQcKNWsRYOBKLHzd9I%2BuqN1dk9dfEOOpYigv8M0F25MCIK4dn%2Bgh3VMhW7BCa9MWHwE840q89x5DfR5glpdhiygBBoeBkigl5PU361OSx7%2B9FnO8%2FLVq6At8DQ9WjZAgXja%2B4Dzet1IpIljWgWU%2BL0baVCx1JZJ32cqoaHAxvAyaN3QXRqekFPMJ%2F9%2FOSFObEsVj9j7qINFuZUiasXtawBFGPD5liXgbWsZPVW33sWle8fpWU%3D%7Ctkp%3ABk9SR5j_0rKXZw
"Screen Protector for iPhone 11,XR, 15 14 13 12 MAX Plus Cover Tempered Case SE 8",,£0.99,Free delivery,4 Mar 2026,0,Brand new,https://www.ebay.co.uk/itm/165828978868?_skw=iphone+13+pro+phone&itmmeta=01KJXJMQW2E7J3B20Y461G31DV&hash=item269c2d68b4:g:iAEAAOSwyo1jlwDN&itmprp=enc%3AAQALAAAA0GfYFPkwiKCW4ZNSs2u11xBq4NcFuMoaAq4VWKk2TloHYbOZ%2Bk9DhP4gPjKalAFEob28G9oZbH%2FCJC5kjoBGE1%2FvF%2BM%2FWLlL%2Fun3oduYPWZvrBxbGX3rTmMmIyW8HvgsAQYEiL%2F3YsTsoGcJYvjF7p3YFEj4jfdwiu5SwfN%2FFmaQFt8mBB5HmJM6k4Ct4BRNPpygQgWT8YGh5fIWNPPQJ2%2FWX2tig1L03wH98C2WbiQl67pYlExO3UyRz0GnZJl1RGl%2Fzm1IxXEqQ9hNgwN38ok%3D%7Ctkp%3ABk9SR5j_0rKXZw
Waterproof Running Arm Band Phone Holder Touchscreen For iPhone 14 13 12 11 XR 8,,£2.99,Free delivery,4 Mar 2026,0,Brand new,https://www.ebay.co.uk/itm/176656800786?_skw=iphone+13+pro+phone&itmmeta=01KJXJMQW29YMYWYQFJF5VW97B&hash=item292190dc12:g:cYgAAOSwctVnI-9R&itmprp=enc%3AAQALAAAA8GfYFPkwiKCW4ZNSs2u11xCnCvImMgvejWC412Ki7sUTZnMipdkNEhXvUvESzy4d581gh9pRZD9NV6OTpPJmwn1%2FNRI1JwjwGFwMlMpj9zJzNYmEDsxnOlBaljX1yAdbcliy22BVY8Rvj5wgNaVSVSyTi8lP2J0%2FTSSPH1E%2F5Od1lniZec60GGbtuSgncNp6OOpR2yloLeo54YnmfjeiduFANzZZW27bS4xyvigiGIHFOuPvE0wEHc7lvi4803GpiM5uyGIl4EYMyu7U9qOSVwAT5NufGKgqycH6sQuudD6sTcZ1UH88IoOezVi49SAzYg%3D%3D%7Ctkp%3ABk9SR5j_0rKXZw
CLEAR FULL BODY 360 Case iPhone 17 16 15 14 13 12 Pro Max Shockproof Phone Cover,,£3.33,Free delivery,4 Mar 2026,0,Brand new,https://www.ebay.co.uk/itm/168186538099?_skw=iphone+13+pro+phone&itmmeta=01KJXJMQW2PFAMW064H3ZR4FXT&hash=item2728b2e873:g:Z3sAAeSwkOFpnxyM&itmprp=enc%3AAQALAAAA0GfYFPkwiKCW4ZNSs2u11xCP8yhfnVnNsc0Fqkooi1TyaDzxhg0D13AuHFi3nzNZzMXQAs6ig8ZLaWLNZTG3ZfnodCzZo6iDBF8lj%2FI0M45NO7EpAVbAshxuLDN9kCBw%2BoezVln9Wd4vQUq%2FGepkHcI3H89nTRQdFX4tmAU%2BJOq6Jpl10hZK69rg0YfisiiCS%2FeGrkJT%2B4aMt%2F4syNhwSb0B42o8H3UW3LcpcGc99KRU6N21Kv12TSr7WnkKNU5H1Bhy7TdGUT8mfY9tBfoQdQg%3D%7Ctkp%3ABk9SR5j_0rKXZw
Tempered Glass Screen Protector For iPhone 17 16 15 14 13 12 11 Pro Max Air Plus,,£4.99,Free delivery,4 Mar 2026,0,Brand new,https://www.ebay.co.uk/itm/157669003483?_skw=iphone+13+pro+phone&itmmeta=01KJXJMQW2QCFPCG1QX66AWDAB&hash=item24b5ce10db:g:130AAeSwyqhpiN2V&itmprp=enc%3AAQALAAAA8GfYFPkwiKCW4ZNSs2u11xB5qjU3riRUSpNueR3Lut2zPvOZLehpJbs3Nm6gTgGoziZOfsyvwblXbaoItn0vOGYPg65vh88d1qTnpWDUU7kSLF2Sfo42aOyXnuoFznFkFX1hBKyI6J29vnbGAkfwMexTElZPhsmkfQfEfi9c3%2Bp0N66UAp9hNESGZW1PfQr%2BLJDLC28WIvgSc9D1F7nisN%2FUWzXTrvWHHnEoEbFDgnM2%2F2BqbtQAFa4sZJGX%2BiIDYuyTKOcWiyLVWlczmTAAPJLje8NojfwqNzAAGCOwaLHYOxUR59%2BsDH2heSIwdB7Mww%3D%3D%7Ctkp%3ABk9SR5j_0rKXZw
360° FRONT + BACK GLASS Magnetic Phone Case iPhone 11 12 13 PRO MAX X XS XR 7 8,,£8.49,Free delivery,4 Mar 2026,0,Brand new,https://www.ebay.co.uk/itm/127560023065?_skw=iphone+13+pro+phone&itmmeta=01KJXJMQW2R6Y4SQHH08EES443&hash=item1db32b7c19:g:GvsAAeSw-odpPPww&itmprp=enc%3AAQALAAAA8GfYFPkwiKCW4ZNSs2u11xDv3RvQiEojVr7eq47J5yqo0k8zIxR%2FozmZJpHipZ248s34JKZfTINbeinl7cezt2FDGyO3FYXq3OFcSLL8rzwQy1IbRPF64IGhaiLVB3O0Q7IppRoFLbSTeBwy0U5djNN%2BNuiCT77RHoHjPPxXIuPZGecUsbOUtX7xPnznaYiBaeZnSK%2FHKwhQZEfKFIXk9GT4vBonCF2ytQ8Sc4zNxFbtp0Ax1tag0NPtKtisP2x%2BJSvGf9hM2gjGEyW0Qjggh%2Fbt%2B2UOKuFNtdbzA4UBRO2gsGul5AfeAQqHcVsStyLFtw%3D%3D%7Ctkp%3ABk9SR5j_0rKXZw
Magnetic MagSafe Silicone Phone Case for iPhone 12 13 14 15 16 17 Pro Max Plus,,£1.99,Free delivery,4 Mar 2026,0,Brand new,https://www.ebay.co.uk/itm/317839760613?_skw=iphone+13+pro+phone&itmmeta=01KJXJMQW2FMQ3RZ7XHGGX326K&hash=item4a00b9dce5:g:GugAAeSwzrZpgzLc&itmprp=enc%3AAQALAAAA0GfYFPkwiKCW4ZNSs2u11xAm9WtWSPvglCGmyPS1SgtZTE2zfF2BsYLzIq87HHLWyzrkuhhnoq8G4irM9tpd8yPKLb5UUKGtNGfIw5GdxPR6OEoJDsbxbKKImEhkJCabMMGouvwMLQoVlCmGqC62ASy0TkE28v8gT%2F1dCkwTQhesIQNw9KUBtT7XqK3ll24syEXMT68Z4rt0BcvX3PAhFmvElNpwx24H8B1gPZCtQJfvgmVBGj%2BjXH32ZFmd7VRxRrhoMXVkU0Dl%2BzMIWqF4r9c%3D%7Ctkp%3ABk9SR5j_0rKXZw
Case For iPhone 17E 17 Pro Max 16/15/14 Clear Gel Phone Cover+Screen Protector,,£1.95,Free delivery,4 Mar 2026,0,Brand new,https://www.ebay.co.uk/itm/146004901743?_skw=iphone+13+pro+phone&itmmeta=01KJXJMQW2DBJCHCF987XCG154&hash=item21fe91ff6f:g:1RoAAOSwrB5m2ewk&itmprp=enc%3AAQALAAAA8GfYFPkwiKCW4ZNSs2u11xD3TwGjg0LXQ0TrKHbUeG%2F7WUM9v2zzELYy28GeXRbFWhFLzGcvh4tBUrEcJUC7PADhgXHjR5DsxxLKJD26YWJTj2VFO%2Bpk1IO5Th%2B6hoRQycngDwQczRDbZhNqtckn%2FEHShFIoVueIAW8jv4P4vnFjjU6%2FvDFQm%2FxpKQsyZbSTrtocnxctyFh2E%2FMklHQ3M4Zabd2BAYY8Zx%2BUIZRd4%2FNaY5o%2F%2BsnV5VtH%2FVlNV1WH4skr%2Fg%2F50SMkL84sn4E4cSmHSz7rzV9fhL90ZNPGssI8c1AFNJxRYbb66zHDeVGB0Q%3D%3D%7Ctkp%3ABk9SR5j_0rKXZw
360° Bicycle Motor Bike Waterproof Phone Stand Case Mount Holder For All Mobile,,£6.99,Free delivery,4 Mar 2026,0,Brand new,https://www.ebay.co.uk/itm/324542493630?_skw=iphone+13+pro+phone&itmmeta=01KJXJMQW28GQ8Q304C5H910Z0&hash=item4b903d73be:g:oX8AAeSwZjhorImi&itmprp=enc%3AAQALAAAA0GfYFPkwiKCW4ZNSs2u11xDA7O4KNnbqsDpcaGOgINIqETHJGhtcapZ5ZzYgpP9OFlKcuzA89KkT041PLJnSNKnSVgT92WKmvq42bTPwS5m1wTdI6HSuEz1TK5wkmc7aB2pQLRf%2B14TyB0Pk%2FbYp%2Bco0qsozGUVDf8oAxckMY%2FTbIAos1VsoZwyFlPaiLk2xj5uYghpzocVxvOGBSQU9pa24Oe5p7f3EvQth9CSvcGBhm8pTEokSPj3%2Fj8QpHfQV9ByuvGsvfe3JmVz4xVIUPpc%3D%7Ctkp%3ABk9SR5j_0rKXZw
Case For iPhone 17 17E Pro Max 16 15 14 Clear Gel Phone Cover+Screen Protector,,£1.95,Free delivery,4 Mar 2026,0,Brand new,https://www.ebay.co.uk/itm/127341530393?_skw=iphone+13+pro+phone&itmmeta=01KJXJMQW2A5HKCF1B97NB0XMF&hash=item1da6258d19:g:19QAAeSw-ddozSiL&itmprp=enc%3AAQALAAAA8GfYFPkwiKCW4ZNSs2u11xC7iZIC9tJn3eGrP2ufYUeRxSM8foE26YRW9qz3vTMN5XqktCO%2F9NEe704P1p%2FwrsPA8fbjmP%2B43APPPh8IcIghl2LElzaafBuFnWJWykPwnygBnAWaJhADAwDgZHGP9eP2iMEaen0%2Fn8uhLFyF%2BELUExoASAT4%2Fiux8y0kQogTAYGBOx2Jz6iNKBO2wzqh1NeSJ%2FgmnpVK02WGN1ziQnRCI%2F43F0ySNvtMDdgnUyWDIyUTuv4r3%2FcCAxwxhPEZIWH4RpT32wud5z3Xey6FYQK9WUcegViWZarpZq0qZ4H6ug%3D%3D%7Ctkp%3ABk9SR5j_0rKXZw
"NBA Basketball Phone Case for iPhone 16 15 14 13 12 11 8 7 X, Plus, Pro, Pro Max",,£8.99,Free delivery,4 Mar 2026,0,Brand new,https://www.ebay.co.uk/itm/127602135006?_skw=iphone+13+pro+phone&itmmeta=01KJXJMQW2FA5HVE5VCF6062N8&hash=item1db5ae0fde:g:2M0AAeSwUy1pWWHM&itmprp=enc%3AAQALAAAA0GfYFPkwiKCW4ZNSs2u11xBeVHfzt8bgibTarywgBwCInpmwY4j3DYT7j464lVo1kpdPzsYWfjigbncikJVP4Z%2F9pXl5y3msbauT4Clv%2F1i%2FSdzg4Qs9w%2FbLwIWiBAj4jmWjovfMpI7eoxzLatkkZgsHttIt6ochpVB5l63oQnfI%2B4i4w3xKAXrq3MtsP3PZeg6HeV7f1nXBQ3KX2kyK%2Fd%2FEFNck1a1N6%2BpG92HW4UdNvrPdc9naXbwx%2BDbJuzNVLUqZ%2F6eZopksNxLCuuF9gf8%3D%7Ctkp%3ABk9SR5j_0rKXZw
Pink Floral Phone Case For iPhone 17 16 15 14 13 12 11 Pro Max Shockproof Cover,,£3.78,Free delivery,4 Mar 2026,0,Brand new,https://www.ebay.co.uk/itm/157697589456?_skw=iphone+13+pro+phone&itmmeta=01KJXJMQW26NDXF64RZ88AV6C1&hash=item24b78240d0:g:aQ4AAeSwRihpmdTV&itmprp=enc%3AAQALAAAA8GfYFPkwiKCW4ZNSs2u11xBSfi69scPdijoCER7ZisBk58zyDrH4AJ7u5kst0OS9nvLKEPuPswcxpfn7kWIfWmLcfkd%2BD%2B8VSLXcl1W9RQiv7lVJ%2FjgG7DQMFRaEAVOcs7w%2BRza0KfMB1AMBK%2Bv%2BGiI73SsHqAw1v0DUQG3OMuNnmaxVEZjOHBBa12F0zWqmFllCUOJgGCakUQISzdFkh1EaOz%2Faqcgw7jYOzoc5QZ4BBUGz3GxVUsB4%2Bkelye96o0Qmri95898jXkqCV3U9EsxnQFHXhl0k69XRrFgBAiP2bY8m%2FOifkoBEhlQ49dWDew%3D%3D%7Ctkp%3ABk9SR5j_0rKXZw
Case For iPhone 16 15 14 Pro Max Plus 13 11 12 7 8 Clear Shockproof Phone Cover,,£2.95,Free delivery,4 Mar 2026,0,✅Built-in Lens Protector ✅Fast Delivery ✅ A+ Quality✅,https://www.ebay.co.uk/itm/135453982576?_skw=iphone+13+pro+phone&itmmeta=01KJXJMQW3Y0MT2A6AKGQ7VWP1&hash=item1f89afbf70:g:y4wAAOSwMBhnvGLV&itmprp=enc%3AAQALAAAA0GfYFPkwiKCW4ZNSs2u11xBbfQoykA0rMbj85a4jFp9nrwolTW0WpqKk0LKSDyNmJCThJla1cBsUVnFUapEq1Bp5mnSbpPigi%2F72I6SeUVvsBq446TNQmn%2BK8Yd6uylWF0DLYrNHs4YKAoLyu1V1%2FnhNOyf4gCT0l%2BrDBrEhZhhLiH2bandl3qnmQ13bHJxuG6SD7waZC6cFt%2Fne99pLBQ4J0nHnYHlmDwUCyYz8mcmxh9kkBTBAxSNKSvvxECbg9ohk2O7U7%2FFDuN1%2Byhsnx60%3D%7Ctkp%3ABk9SR5j_0rKXZw
Case For iPhone 17 Pro Max 14 13 12 11 Mini 7 8 Plus XR Leather Flip Phone Cover,Leather,£3.25,Free delivery,4 Mar 2026,0,Brand new,https://www.ebay.co.uk/itm/127154906466?_skw=iphone+13+pro+phone&itmmeta=01KJXJMQW3XZZ1RE3G7R8C81C9&hash=item1d9b05e562:g:N98AAOSwoYRoQDd2&itmprp=enc%3AAQALAAAA8GfYFPkwiKCW4ZNSs2u11xDt2d58Sml6VYfaj%2FNp8zgWC0E2Q40KD4OKL4IEjXD%2BgPDR4KP9bK%2FdzULAUK3A52G1QaLroLAe0L66JtIr72LvR8OMHNXhEcHHQxWoxRSmSVQBHfSlxapoyzkFnpxKX%2BS5Ij%2BjLIitGpJI%2Fb%2BmRXGGG2GXak%2FVMU082tCqCa5dm8LBxvd255spmSGyuZbNacyVlQFs0Zp8wCYPcN3gomXDHhwk--pfXHyJ1EXmqKmbXAmN8841r1v4U0bAvMNELAqnGN8ih0M09O6svFV304TfdbiBATnlpI6onWTbYF67wg%3D%3D%7Ctkp%3ABk9SR5r_0rKXZw
Case For iPhone 17 16 15 14 Pro Max Plus 13 12 Shockproof Silicone Phone Cover,,£3.99,Free delivery,4 Mar 2026,0,Brand new,https://www.ebay.co.uk/itm/113156427254?_skw=iphone+13+pro+phone&itmmeta=01KJXJMQW323H9P1AHS7ATF8FJ&hash=item1a58a60df6:g:pYQAAOSwp6pk79xt&itmprp=enc%3AAQALAAAA8GfYFPkwiKCW4ZNSs2u11xB1OfLDEPEJ09hrmUgiB2oj3MFpQNu8xloGBWrmKsTnkAaUkgpMD%2FBdOH%2B5FEYwB--Gfw9JYX%2FaVfSqxmPrgIR7crk38asAwU9yOEZPjCFFR6juB%2F9QzP5xGHh6aJ14Zpwboj4m0Z8dxZ7ZIEFyaiFGjgagvTdki35IVvaESxcuRCZHTsFFwN%2FDC8yXPo45CKuB0wrv2H7aekVJWM2xf0u%2BYcGWyFDdqjdEKrpGDA2n32VEZYJLuWjf9ZhMJRNcphNAfFdsopnm%2F7A0qdcIAX3aF6uyUHKMPxmcdUZuQLTWuQ%3D%3D%7Ctkp%3ABk9SR5r_0rKXZw
Case For iPhone 16 17 15 14 13 Pro Max 11 12 Plus 7 8 XR Shockproof Phone Cover,,£2.65,Free delivery,4 Mar 2026,0,Brand new,https://www.ebay.co.uk/itm/256581681937?_skw=iphone+13+pro+phone&itmmeta=01KJXJMQW3XFE5Z3Z2YQE824AG&hash=item3bbd75c311:g:tiEAAOSw9yFmoQYv&itmprp=enc%3AAQALAAAA0GfYFPkwiKCW4ZNSs2u11xCJdZ5%2F9yS%2FC2uQiGd8DAyZm%2FEJI45axRG0ERnYN0%2BWviOpnREBscbgmDz62tSeE8pIPKPQkO2tKN58MYc5eIIvtr7zA3zpx%2B9Mq5wS1AIUlbqzp9gRLX1u%2FOMwSw%2BDIxzU6LwcavNin7W3Pwf1tg3DE1kp5lIG0b2zJoGs1GEvbYlDFV1R4SSfv1M%2FfKStNWtKd%2FAE17EMQ27ysroKVE9YgpukjX22djCg8%2Fsu%2BB3DJdv%2FAlvIc7l%2FagI99FWE0%2Bg%3D%7Ctkp%3ABk9SR5r_0rKXZw
"Cute Cherry & Bow iPhone Case - Soft Pink Aesthetic, Kawaii Phone Cover",,£3.99,Free delivery,4 Mar 2026,0,Brand new,https://www.ebay.co.uk/itm/388611576793?_skw=iphone+13+pro+phone&itmmeta=01KJXJMQW3495HRXARJPVSMKEM&hash=item5a7b0e13d9:g:ZCQAAeSwMgloU78-&itmprp=enc%3AAQALAAAA8GfYFPkwiKCW4ZNSs2u11xAffUaZ5WihRo2G%2BCybxtVSxaaf%2B%2FlrIrckCHYC0kyGwq3EWjT9omPt851aODre7g8oONBsHQaJWtVz7UiBMQklrj%2BZmDy89wcvGoxCUjelkeHXluiHLUcEF%2BKNlvIkb63oCm5t0%2FGjixbYwpVxveADBtLt0Vodh9GMh08ZIqDZ5V2iUgGFWyAf8LyoKqq5I90nfq3%2FQL4nAB9%2FMZpK9rv7KNCWOTrQi5W9VDvL0O9sDgqTmkyRmJiKF8XnETE7xDApNvylijt1mK2lW0EnF0UEAJiiy8233%2FuX2GSQ7D7uww%3D%3D%7Ctkp%3ABk9SR5r_0rKXZw
Boho Fruit Clear Phone Case for iPhone 16 15 14 13 12 11 Pro Max Shockproof Case,,£3.99,Free delivery,4 Mar 2026,0,Brand new,https://www.ebay.co.uk/itm/286764961239?_skw=iphone+13+pro+phone&itmmeta=01KJXJMQW3PKDG4D62Y1EMPSB5&hash=item42c4860dd7:g:bW4AAeSwyL9onZOo&itmprp=enc%3AAQALAAAA0GfYFPkwiKCW4ZNSs2u11xAwlfVZfuPRxzw%2F8nOCyqCsgrNQjPRZSZGw%2B5Jd%2B1dbssqolyjMgq2SDZvmXtloysGggCUdAe42C%2FYHK7ZSkx8Nk4XEjIeyyrp4Ab0C79U9f4tsUXvLKqiay3OXgWIfuNeCbz6U7TeD7X95tHbX6HfiOtVqko4npXtp2skHMR2tQSBDdPvMFNrGPZ9jdY0WPpWLYhMwclEJjJV6c%2FtVQTtc3kfEm%2BcRAwQW85QGaPMkjjljOTTY7c9VDFA5U%2Fa1%2F78%3D%7Ctkp%3ABk9SR5r_0rKXZw
Shockproof Magsafe Phone Case For iPhone 17 16 15 14 13 12 Pro Max Plus Cover,,£3.99,Free delivery,4 Mar 2026,0,Brand new,https://www.ebay.co.uk/itm/357553571223?_skw=iphone+13+pro+phone&itmmeta=01KJXJMQW3E8EGAMESG6JFRP7B&hash=item533fda8597:g:hhwAAeSwgIhork4s&itmprp=enc%3AAQALAAAA0GfYFPkwiKCW4ZNSs2u11xApbFwIgbUCjxyKWjVZJIp68WVa4rPL6yYbxKERtGuWq730NSCXZjnzhG5nNjv2%2BaTC%2BiB3VlQpBj2lEht9cZuAj0LquQcQKsmEZMTHC9A%2F6EQ6dPsUZaUn0LIj9q4TgD86hS8M5kI97pp6Xd4OlomQS%2FOPgbFTmlzM2oAPmsjgPpbi3KuXlZpQK%2B0hdGKuY0y2FrB9zfV3b%2F7ywcwvDgr%2B3Edap5HLEK3iAGX%2BfD97Qz1d%2BN8iFvDCbAEKORmEKNM%3D%7Ctkp%3ABk9SR5r_0rKXZw
360° Rotating In Car Phone Holder Universal Mount Mobile Windscreen Dashboard,,£6.89,Free delivery,4 Mar 2026,0,Brand new,https://www.ebay.co.uk/itm/235956057942?_skw=iphone+13+pro+phone&itmmeta=01KJXJMQW344BSQRCRP0RMQRFV&hash=item36f013b756:g:~DEAAeSwtotofy4V&itmprp=enc%3AAQALAAAA0GfYFPkwiKCW4ZNSs2u11xD5Lmy2L%2FA5DBA5mtxWrJ9QjRybElTQpB12SPm6mGmVltrPac8vBk40DnIFhhbcpkNwT3N7l5h4hsCX6wq2oKf4daID8P0jfq8r2UNQXs0e8XnxsPoDMO9LVO9svC%2BF3TeXDPp3r2nk2YiWupHFUIcz%2B3bXkOicJQbtD9N%2FfaX%2FypjfWwpHg7M97gVGOolt0BOSTZwSNB2dp1YKWlIZC8jkbjd0TlYzTI3pNzCshuiftCUIe7O75EgZzAOxZ3HIgkQ%3D%7Ctkp%3ABk9SR5r_0rKXZw
Tempered Glass Screen Protector iPhone 17 16 15 14 13 11 Pro Max Mini X XR Plus,,£1.09,Free delivery,4 Mar 2026,0,Brand new,https://www.ebay.co.uk/itm/256212417376?_skw=iphone+13+pro+phone&itmmeta=01KJXJMQW38FVD7M8MMNVQD3WM&hash=item3ba7733b60:g:4PAAAeSwC8tpGpeL&itmprp=enc%3AAQALAAAA0GfYFPkwiKCW4ZNSs2u11xBAv3EPew6HyHAYW6A10NCSWci9%2F13mN9qN%2FGsEBn1Tie%2B8zxqtCbYOeBlNg4AYHqRfp9a1S1upo9xUnSWHLs932QYY%2FipOwDMinje8lf7A8PkNHBwJcIWvJ3xeGtnidVhc5nPjpvNuFV1Ub4NWCcfL9bYK5mbMbNA%2BbZi7Hog6gkJ%2BKEl5QoyvkFX%2BFKPJmtT9ox4gcNceoCbsISnTXQGbwaOZL%2F9lUyVqG6VoEA6BgFxv53UDemND0%2B9c1n%2FE4T8%3D%7Ctkp%3ABk9SR5r_0rKXZw
Case For iPhone 16 15 14 Pro Max Plus 13 11 12 7 8 Clear Cover Shockproof Phone,,£0.99,Free delivery,4 Mar 2026,0,Brand new,https://www.ebay.co.uk/itm/389578988086?_skw=iphone+13+pro+phone&itmmeta=01KJXJMQW3F5A6ZKBJVK4QBPS9&hash=item5ab4b79a36:g:9ZIAAeSw-Ltpg73J&itmprp=enc%3AAQALAAAA0GfYFPkwiKCW4ZNSs2u11xCCFXLB%2BWwLAcyZmos4BtzzRbL8vJ3GvmQoNzbWc58%2FfFcBIv0y1s%2BbBhz3E1JSVJzM2q%2FWrOXjpCG7qW8qLjdKs112XUTrfhCknCvGxWy3IYOI98TO00EQLrl39zd7kH4c0HqtlaXtoW90N6EgKI9JLD%2BLUFnRIKA1yZu6uMTal%2BAtDfYmdYMVLBF4anQQQzXEj5C1iH3y0hv84iKJwnU3KyZeUBOK3bR33OOHcxvYweJkCF2tBcufRMmLn%2BoUXgo%3D%7Ctkp%3ABk9SR5r_0rKXZw
Rhode Lip tint Silicon Phone Cases WITH Lipgloss iPhone 11 12 13 14 15 16Pro Max,,£4.99,Free delivery,4 Mar 2026,0,Brand new,https://www.ebay.co.uk/itm/397462056718?_skw=iphone+13+pro+phone&itmmeta=01KJXJMQW3W0MEPSVAD9CWRN6Z&hash=item5c8a95af0e:g:ZucAAeSwInxpWnBb&itmprp=enc%3AAQALAAAA8GfYFPkwiKCW4ZNSs2u11xCZx2h1Nl8aguOU%2FgRShPAr1TMVdF%2Fo4dSkM4IOc5xTls1I%2FkCF4XX6yGufPhTkul07stmImkLVxW%2FPPNsd25Yjm9Z6qqwR00TjR%2B%2BIxwFqBTorSA4v7vVSl0gwhgQ7eKPyZS1R2NSkf2fImiafyMStfSJ%2BOmo6kxlxnEWWxcEa8pOnyyOaErapI8wfD69r4%2Bxh0cTXu4cAohL%2FQL00FlI8%2FgVrX%2FkasptojcjR8rkFYCB0Q0J%2FAAOX0Ztiwz6822ANFTrAKVI8na9i7xI62Xp9JxuzVi2hDWyyUeW2qftSCQ%3D%3D%7Ctkp%3ABk9SR5r_0rKXZw
For iPhone 17 16 15 14 Pro Max 13 12 Leather With Card Holder Phone Case Cover,Leather,£8.79,Free delivery,4 Mar 2026,0,Brand new,https://www.ebay.co.uk/itm/286868978500?_skw=iphone+13+pro+phone&itmmeta=01KJXJMQW36G8HD1VABTV1AHR5&hash=item42cab93b44:g:Iv0AAeSwOI9o6Kk0&itmprp=enc%3AAQALAAAA8GfYFPkwiKCW4ZNSs2u11xCMjAb7S0BxhNemJ9GqJ4SW%2FatDz1UVqRsVvt2w5XJkQWL9qk09myEHlr%2Fb714tmSTLEBjDjqcokSto8MnyohxpvIRgp6zIL0qOJC2O6eLDhTp7qMt4%2Be8bw2cg6i%2FLe3Qrx%2BtnZL%2FWdCVYcd7nCivAL3komIi3h%2FXkTolFe%2FBoEP%2Birm7y8UilGPh62yr%2F92I2%2FVju1V%2B3pEUIiYTI%2FzzOn2HsTeZNcf3skQJqzjZSJ6TP%2FoqeTdhYvPPjlH0To9CG%2BqjTgxEiERol6Z89r2dHN%2BqT0koQFw8kWEptZXAeeg%3D%3D%7Ctkp%3ABk9SR5r_0rKXZw
Shockproof Magnetic Magsafe Phone Case For iPhone 17 16 15 14 13 12 Pro Max Plus,,£2.23,Free delivery,4 Mar 2026,0,Brand new,https://www.ebay.co.uk/itm/397592992444?_skw=iphone+13+pro+phone&itmmeta=01KJXJMQW3NHPEP1VR4STHF0DB&hash=item5c92639abc:g:pnkAAeSwHkFpi3Xd&itmprp=enc%3AAQALAAAA0GfYFPkwiKCW4ZNSs2u11xDW9bvjIoWO4jsTIuNl6G58B9nFLBjrkz2YcbfCFxzGguauvf2dBAXYVtjfk2iRyPzgnxqFY1BUO1KwQAfOFRiEQAManBAPAwEy9shxBTryH2MTk3zkbCAbjQwltGFvYUk1RsN6HRTQDI%2Fqghmf2uBMHYFmLJHoSkbUuB8QRUV6%2FjbYZSb2TjNeJtWtt540fRDDQmF03zwgo%2BGTTvRKEaX69FTsbcdhRK1q9fzZCBvF1w6r%2FJn5ZTxM3qZgqpiMEMs%3D%7Ctkp%3ABk9SR5r_0rKXZw
Leather Phone Cover Case For Apple iphone 6 7 8 11 12 13 14 15 Pro/Pro Max/XR/SE,Leather,£2.93,Free delivery,4 Mar 2026,0,Brand new,https://www.ebay.co.uk/itm/395499381073?_skw=iphone+13+pro+phone&itmmeta=01KJXJMQW32057F5MBAF9W8WFQ&hash=item5c1599a151:g:JNIAAOSwb6hmflR~&itmprp=enc%3AAQALAAAA8GfYFPkwiKCW4ZNSs2u11xBDcFTeCpeEfqNxi71COO2OGrj%2B%2Bm9oDBtdP4qxBHZJxTpg5PNpA9JqwjzMpumaQZ%2FHUhs7RQ0KTyfK98nYkHBiaLtBV5uE91ro2BQnmtKTHdTphXrE9CbsGmHEG58n36mPzQgx7%2FuNXentsXI9QvfQFMOpxps0hmks18LRJBF4kLFhuWjxM3RpSK2ocLv9S8fMhwabnkbXNH0zaCksPtqCL3y7rDfxXv7Uv5NmXb2ZzH2BNtbbPXttNmKrViwbJmghjvP8s7AwYOw4fOwOb3Fz6mwv0oN8J5BUWm3WSa4pgQ%3D%3D%7Ctkp%3ABk9SR5r_0rKXZw
Case For iPhone 16 15 14 Pro Max Plus 13 11 12 7 8 Clear Cover Shockproof Phone,,£0.99,Free delivery,4 Mar 2026,0,Brand new,https://www.ebay.co.uk/itm/137015473105?_skw=iphone+13+pro+phone&itmmeta=01KJXJMQW3K0YQK6J1V7G9W79N&hash=item1fe6c233d1:g:6ucAAeSwANVphHbn&itmprp=enc%3AAQALAAAA8GfYFPkwiKCW4ZNSs2u11xABz3ifBx1sGqOt6h5As%2FqEHQHC4%2FPV20%2Fv0oI9e0Gr4h6KFG8iYd7dJxEUc%2F2N3fDU1arMtTmY1gYKim8GxoryYz4BibcH6akFEv1%2FMUG4Yz5oaWXoWhho8cLC0YaKfwMVVNwLIplou7zmlZD4KMfCMcASOjtcPhxKUrBTo6cEGZaPE3gWj8NCdw3TBwplotdECOGmT0%2BRttdqkLTXMZr9qfEy1L4Vn24kd5aXkcTLRpYGrjrd02yyjIWrgi9%2FAAKOZPO2LnlOfRYnrwWQ442vkLlq9gyW2VHgZYLdNbGeLw%3D%3D%7Ctkp%3ABk9SR5r_0rKXZw
Case For iPhone 17 16 15 14 13 12 11 Pro Max Shockproof Silicone Phone Cover,,£3.11,Free delivery,4 Mar 2026,0,Brand new,https://www.ebay.co.uk/itm/358090373092?_skw=iphone+13+pro+phone&itmmeta=01KJXJMQW3PJ4T5ZCGQV3MT79V&hash=item535fd977e4:g:OkkAAeSwwOppXWUO&itmprp=enc%3AAQALAAAA0GfYFPkwiKCW4ZNSs2u11xD2uj4n%2BWq2fcQylppPPGoowKV6cyOpglV0PDrFOgdFdMwdc1amRyxMTVA9pSVdL%2BraXVgp9rxxOR2zpjagmLyVe1%2BsKYatwcmIcKNBCqPlL%2BW8r7zgRQjg1gwf7OwOTzQCTMF%2BTCGTuLnC0JGnKPSFGI%2BJuorvM3v5HTM54kYK6cqi4CWeD9Y%2F5BSMNDFQIP0sS%2FuSyi9HWD3k8HAk3knNlYTlHSvr3iW%2FwxYIZYPOWUzoNCGMfoVj8RBM9A8is7k%3D%7Ctkp%3ABk9SR5r_0rKXZw
Dachshund Cute Sausage Dog Wallet Flip Phone Case Cover Photo Picture D2 D3,,£9.99,Free delivery,4 Mar 2026,0,Brand new,https://www.ebay.co.uk/itm/156439600366?_skw=iphone+13+pro+phone&itmmeta=01KJXJMQW3WJX1NGVP43T6Q2XT&hash=item246c86dcee:g:e5sAAOSwJRRm~nEx&itmprp=enc%3AAQALAAAA8GfYFPkwiKCW4ZNSs2u11xBJsblCt0JmoYJ%2FkzFkw4ud%2Fm4sp1roPMSP4H9Gx8lKTx%2BB4yYfFTTQaskWH5MNpa8VBx3DaNZpJAj06hlf2W6ZQ--krZ70ZvP1x9TrfjJzpA6HQ1AXDHS1nqBJw4T9%2BCBb1h7FKgCUIlvU0fEknLKk4c8y84dgOTG9i4g3e2VJowc67llJ0CdQqErZy%2BXk%2F25Grc720YMgUA8y2EwyIOcKxCohfBt%2BCU5IxV0SqHmb9r1SDwuqAcUUzIV4NkueICbplzHaqGavV9uF519CtMYnYrvjgEGV%2B34KSG7XQRQeNQ%3D%3D%7Ctkp%3ABk9SR5r_0rKXZw
NEW Rimowa Aluminum Phone Case for iPhone 13-17 Seller in Stock 2026 UK,,£23.99,Free delivery,4 Mar 2026,0,Brand new,https://www.ebay.co.uk/itm/397643573190?_skw=iphone+13+pro+phone&itmmeta=01KJXJMQW3JZ2RQ8B1FV4CZVMB&hash=item5c956767c6:g:8F0AAeSwBYhpbxs1&itmprp=enc%3AAQALAAAA0GfYFPkwiKCW4ZNSs2u11xCKZQt1NbO93CgaY7g2jIIFW0qlSShxZCal0btWS45LXWSPNPq6F8qqivd5YgivAK98YHqlJ6uFsc601dipCSEK%2Bi31cP%2FPwp634ekXnaNjgxrdQzJsZZi6xPOkFGDAW2XG3yYAuN8qTM0CpaXgNKwDuDp3bZ2bVzck%2Bpu%2FxD1Sti2futoPdX3p3fg%2B%2Ffv0BWvbKA5pnAI%2FMy%2BYWKTliaIwCPmEHnbTBIRn4cDI%2BOst5Oy3JlRtpIkcGg03DiX84pg%3D%7Ctkp%3ABk9SR5r_0rKXZw
Case For iPhone 17 16 15 14 13 Pro Max Plus 16+ Shockproof Silicone Phone Cover,,£0.99,Free delivery,4 Mar 2026,0,Brand new,https://www.ebay.co.uk/itm/226438784232?_skw=iphone+13+pro+phone&itmmeta=01KJXJMQW3G9D4S7G6NBMGA9YT&hash=item34b8cda4e8:g:I0gAAeSwasdobNNW&itmprp=enc%3AAQALAAAA8GfYFPkwiKCW4ZNSs2u11xBucvptla%2FNE5uHNaWZSDcTCZ1lh%2Bl4Y99eIiPZLt416rB9gslXpXBQFRyprTlTgCGTQKjxeqJ0a4auMFVDJZOhR9%2BzbPuffdblwBeFwVf70L5CM7E9wr69dyFmYgcq41Yn%2BzACtkli8mEgqVzZczvayjFy40fuqiurIHmggX7EMoeLMYDLg6JXrw3xHBAAyScu7UMXTdp6L22Pt%2FtsPhdd9tCmvDvqPA9i9yJSTF3UQtTL64%2FhGYCWGe5%2BkTPYeYbZjq9JlCECMJcZxG1meT9sCyGkkkcM%2FYdyMxjWdO7ZLw%3D%3D%7Ctkp%3ABk9SR5z_0rKXZw
360 Bicycle Motor Bike Waterproof Holder Mount Stand Case for All Mobile Phones,,£7.99,Free delivery,4 Mar 2026,0,Brand new,https://www.ebay.co.uk/itm/115071081563?_skw=iphone+13+pro+phone&itmmeta=01KJXJMQW3F8T5T4W9GS2YGJPX&hash=item1acac55c5b:g:zHEAAOSwGAVe2NV3&itmprp=enc%3AAQALAAAA0GfYFPkwiKCW4ZNSs2u11xCcMnPWy57VoGBh2wnsD69yXSJNV%2BpW2tBBN4XTSThu5Hg%2FbTV9cdBqV1NKZpwZv8CRQXWjqix2PHx%2Fywne2eO6LJsV%2BIOIJbh8FZ7yOhzKd0bgtVqQqQmPGLtOZ8LgG2NYqdKtluOiyUqAfAVYylC2GsPo6Ns9kgB3pJ2WaERgo1yta%2BTGLVTtNi5J6YOOtEWV5v5hPKbknIII74zOrJbv3x8Gp3Ba8MHCorXwfl8E0%2Fb5ZJ7FrTHdVnb%2FjGG47LA%3D%7Ctkp%3ABk9SR5z_0rKXZw
Shockproof Leather Magnetic Phone Case for iPhone 17 16 15 14 13 12 Pro Max,Leather,£1.99,Free delivery,4 Mar 2026,0,Brand new,https://www.ebay.co.uk/itm/389259098031?_skw=iphone+13+pro+phone&itmmeta=01KJXJMQW3ENHDMXTAA8T6NR72&hash=item5aa1a677af:g:gRMAAeSwc7ZpHxTj&itmprp=enc%3AAQALAAAA8GfYFPkwiKCW4ZNSs2u11xAT7QysloiCSGcG7GN3FABORUFySkT0t%2FXEwHFcz%2FFbP8jgLJgzWAklFPazQ4Sn6jb34Py3iBTp5%2Bqd6Mh0Vk9qLO5eItHsNzwGJ4l7NPQuQFuZ1G83ee5c3SWrXg6%2FjehEajvURWDN2KmYdbNCKIF5vUCqsFc8Du9IhO6nDHLkATUNa%2FtnQjsBYEvfWw%2BoH4OhDLn3FP9egoA2B8XGp6Q1PAarLbAO6eKH3GE%2F0TG8q1PkO1yReEWaQxrJgk8w2ZAv7twwd31RIx3%2F7E%2Bi6aE7Wuxl68X%2Bqj%2BQUuPORme%2Fyg%3D%3D%7Ctkp%3ABk9SR5z_0rKXZw
Burgundy Cherry Phone Case For iPhone 17 16 15 14 13 12 11 Pro Max Shockproof,,£3.30,Free delivery,4 Mar 2026,0,Brand new,https://www.ebay.co.uk/itm/157688791736?_skw=iphone+13+pro+phone&itmmeta=01KJXJMQW3VFGRV1A0V4B8XPDA&hash=item24b6fc02b8:g:cysAAeSwEjFplJsy&itmprp=enc%3AAQALAAAA0GfYFPkwiKCW4ZNSs2u11xDYw%2Fvr83itqbz7HemDfB6hkAPww%2Bk5eYmgMihejbNrEZh6BIxngFrVn2ZznkMzyuA5woMuPkcab6plb3MqzR1W%2BPq2lV%2BQL%2F7uAvHZ8Ck9DUyFl%2FErwUFBr9nQv7b4Xae1RDg7MHiC1n4BLI1tBMXekCTs7kDMH7et9fRtci%2BSxt8BohrQI3V1O1zpHgI7O%2Fp96lVy84UhoBSy8JNK%2FZwaf%2Fg4YMik15%2BxEXgOvo7p%2F27PeST5T7YQfX0mo9k0ouc%3D%7Ctkp%3ABk9SR5z_0rKXZw
Holographic Cross Luxe Gothic Phone Case for iPhone 17 16 15 14 13 12 11 Pro Max,,£5.99,Free delivery,4 Mar 2026,0,Brand new,https://www.ebay.co.uk/itm/177545389434?_skw=iphone+13+pro+phone&itmmeta=01KJXJMQW4VK2Y6X0A4K3N3NHX&hash=item295687a57a:g:sl8AAeSwLdVpC4xl&itmprp=enc%3AAQALAAAA0GfYFPkwiKCW4ZNSs2u11xAoutcgejxvUYL9NG1AIN%2BEQUt6jjgp%2Bqt3fs90z3IEhUPVzZTD5Qk443nZtcvfMDZMBfdZ9jh9hsHKN%2Fo3mnT1QKOXr1muawKvEagfQn7m7Kl58UUTkQZ%2BvznsGcy%2FETH%2FaWe%2FcS0gVo6g7%2B0IwUGGP%2Bw6eyaJdG1BSe71LfSYHsZS9AHHXaQ2RMOgBGCFq2Uy7h5TlwbVzKnhQY%2F0j3pHSGc1PIO%2FaNTC71Z0DFgNrvTz6MS301WsX3m5ewSaS5U%3D%7Ctkp%3ABk9SR5z_0rKXZw
Case For iPhone 17 16 15 Pro Max 14 13 12 11 7 8 Plus XR Leather Flip Phone Cove,Leather,£0.99,Free delivery,4 Mar 2026,0,Brand new,https://www.ebay.co.uk/itm/298002599726?_skw=iphone+13+pro+phone&itmmeta=01KJXJMQW4297D4GRABS9D3GG8&hash=item456256cf2e:g:MWAAAOSwP0Zdhow1&itmprp=enc%3AAQALAAAA0GfYFPkwiKCW4ZNSs2u11xBKZdYiR8RGF3sGkNROq6h9AEkz0agnLhEo0y019lfXUv0OuzDtbmY4w8ShLd7nZHHw10J5WR5mWggB8r2keNOtGHEnVUobm73NZaUY3uu11vHIYxRpkZp2rvF25EmhxaDN%2Fhp1dv3nYOityD59WbIxp0Rr0%2FoefBP89j167TJFDHwjjQEdL5MQBEv9Lrb9np4E5VRLUdB6ESycxrrN5CD01SgVvB%2BDWra49xeqJr9iOc5QNx5TskmXlvW700bD%2BvQ%3D%7Ctkp%3ABk9SR5z_0rKXZw
Phone Case for iPhone 13 14 15 16 17 Plus Pro Max Air Protective Shockproof TPU,,£3.79,Free delivery,4 Mar 2026,0,Brand new,https://www.ebay.co.uk/itm/256979879237?_skw=iphone+13+pro+phone&itmmeta=01KJXJMQW4C2YZX1XSY9JNE2E7&hash=item3bd531c545:g:vcMAAeSwEUJowstq&itmprp=enc%3AAQALAAAA8GfYFPkwiKCW4ZNSs2u11xB78sOv5THFQIAcgtn9ADGP9zIyFQwaDxjhwyHt36nNoowycsXm71AAAoL2oHnuW1fmpQ%2FEW44EwcGAc07%2Bq7lvTnQqZ353%2BKFRVuYrP2ncok7g%2BgCW94Veb3SZGGdNxL8QiIypJutNK9XzmxHJo%2FuaxzemfsSudhREl2na4ptsbsCd8olgnfnSIaUiySgEnqISx4Lv9jodhB7PSUtlHSlWF2LQxlG%2F6%2BPTwAqds1UbJVCkUjzXH103cNzkdM5Yim43NMpOkX4tuV%2Bvdgr68d1YcVPdeIqGGAKHpE0woIrhIw%3D%3D%7Ctkp%3ABk9SR5z_0rKXZw
Universal Car Mobile Phone Holder 360 Dashboard Windscreen Suction Mount Stand,,£5.44,Free delivery,4 Mar 2026,0,Brand new,https://www.ebay.co.uk/itm/184374096107?_skw=iphone+13+pro+phone&itmmeta=01KJXJMQW4D7YFB9RA8G2FGQ0P&hash=item2aed8d70eb:g:SGwAAOSw94ddMa1X&itmprp=enc%3AAQALAAAA0GfYFPkwiKCW4ZNSs2u11xA7LaL%2FHwESFCTCo7ktBSwh0iLNFScv3K1Untj4VZyUWD54tq2%2B8hZoP0nmpBzYbRwgsb3Xu9s9oUZPWpbsaafp0UBYe3BZ%2FfxxWO3Sj%2BSob5%2BfLVYHidlwkcUTZi84k9hNKxWNXE8gzYjgOjeLd0ZfaSogigxTZ7zvsRvw001lWHIhJNTpCdH8eEYcVtS73Nwt7aJL4WXtEm6mvU0ZT%2BQ75W63d6apK%2Fmx0XVO404JI0R7LNaqUdYBD8gsTxzfKM8%3D%7Ctkp%3ABk9SR5z_0rKXZw
Personalised Silicone Photo Phone Case Shockproof Cover For iPhone 14 13 12 15 7,,£5.99,Free delivery,4 Mar 2026,0,Brand new,https://www.ebay.co.uk/itm/126163644178?_skw=iphone+13+pro+phone&itmmeta=01KJXJMQW46GXYCNTEF82712WA&hash=item1d5ff06f12:g:t0AAAOSwXk1lQQT7&itmprp=enc%3AAQALAAAA0GfYFPkwiKCW4ZNSs2u11xDswqJPr71N%2BA4OxnQ8OHw3CsvhQs2LeWDl514%2BkKm4fmHxVgL%2FKRvAEPPsdJPNfteUPOCHdcbm4igXRqOMOp%2FUZeTpqhgVvTiGQwHiTPtEtHIi%2FIokDS7uREW0H4FEQsE45eEcupXGYu5BTUW3l1ls9P4gE0AiaVuMhH2FzMrJPtLeOE3eehvxqNdkVvc8RCdrotkmYAgV%2FDkMq1fKAevsn0nz%2BiIPwS3sGhjMssFEdHrI0K%2BgpFOZ7MjynvPPnhI%3D%7Ctkp%3ABk9SR5z_0rKXZw
Case For iPhone 16 17 Pro Max 15 14 13 12 11 XR Flip Leather Wallet Phone Cover,Leather,£0.99,Free delivery,4 Mar 2026,0,⭐ SAME DAY DISPATCH⭐UK STOCK⭐UNIQUE PRINT⭐,https://www.ebay.co.uk/itm/156131032371?_skw=iphone+13+pro+phone&itmmeta=01KJXJMQW4BT1MN0WDD7SHFTMM&hash=item245a227d33:g:kfUAAeSwSZFpDwU-&itmprp=enc%3AAQALAAAA8GfYFPkwiKCW4ZNSs2u11xBJV3dfVz2nbb6bjk6WnNPvgf37F4M%2Bxbkmt6SORXHXr2TVQR9USYThJ861GHCr7bPhfPt8IJ%2B1DVcvdOsgnAcEnPhizPOOzElyc9JSOG0F0rnYgo2x95eG%2FCIZ9FvMfM2t969vi6G7h%2BZg3g0roQWeu0BKTSOeW0OItbM1xLHV%2Fny6x01DVtdt3r6pmUDc3dmv%2BHEH1uhzZKVg%2F12A363IMOwx%2B0xQYlPela%2FRgIrTA7qbhArOCAwiD5wxBSOjxeK3glMyMF18suZ58KARbt6s1kz1kBpP2RaIOuo9s3nZkw%3D%3D%7Ctkp%3ABk9SR5z_0rKXZw
"Waterproof Bicycle, Motorcycle, e-Bike Mobile Phone Holder, Handlebar Mount Case",,£4.96,Free delivery,4 Mar 2026,0,360 Rotation Plus Portrait/ Landscape View | Universal,https://www.ebay.co.uk/itm/374782942303?_skw=iphone+13+pro+phone&itmmeta=01KJXJMQW412HVAE6X1FY7D9WC&hash=item5742cddc5f:g:HkEAAeSw0SVoqHyM&itmprp=enc%3AAQALAAAA8GfYFPkwiKCW4ZNSs2u11xBiqbDxd1JP53JpsGcMZIjV1hxMVc%2F2SMGMyeRPK%2BFXxl3zmjM8IJpWrYL7tLEa2Zq31k%2FKtL5h8k6b%2BADafbhX9vnitWTq42PsZQO3VGuPh1Ejj%2FcUceF%2B3dme5fiZqKQSf3SVfqfSXHZXz68BMohhbFKfAoJWCjasEguBWrOMhNYriDW2wIV3kXyQ4vzw79fsCqDl7YBqJ%2BbSCE1cGK7nbgZIEyqGklRb6e3s3k9yYRZgAKfC6GT8BnwFh9eUXsuqqE8tzPwlYXq2UGYEXlEqJg0dEh1ZnCXQOU4W969b1Q%3D%3D%7Ctkp%3ABk9SR5z_0rKXZw
Magnetic Stand Phone Case for iPhone 17 16 15 14 13 12 11 Pro Max Magsafe Cover,,£2.99,Free delivery,4 Mar 2026,0,Brand new,https://www.ebay.co.uk/itm/226606984029?_skw=iphone+13+pro+phone&itmmeta=01KJXJMQW4C9AKH8E9YKY00D5T&hash=item34c2d42b5d:g:Hv8AAOSw0sFntbns&itmprp=enc%3AAQALAAAA8GfYFPkwiKCW4ZNSs2u11xBuI6zt4jMV2U4eCPkocSavfs8FPMi5yS1PZEMy0GakhgUCJL6DoCrJjsIABqeTYXwbBHZhZ9h%2B2r5IrFt0U2bdfaMyt98ii9i%2Fa2MmAKJ60FDML%2FAzXUNFZyq64xv%2BjjPpeFhMOA6lVaew0ojD522MvQ09JO9nDATvVAbjV0C1w0k5TclAbwvex2THA%2BE0quQFHhTn3Zf3j%2BCEOFX%2BXy1qP2IJj2Go1x7ofQI4iqMKuhljFBFpNbS%2BqRkXLiWG9%2BZCpw%2Bide6LO0gcW4tKGTkm3pvYLERoWtA66MsiLwjHDA%3D%3D%7Ctkp%3ABk9SR5z_0rKXZw
Shockproof Magnetic Magsafe Phone Case For iPhone 17 16 15 14 13 12 Pro Max Plus,,£0.99,Free delivery,4 Mar 2026,0,Brand new,https://www.ebay.co.uk/itm/317841246842?_skw=iphone+13+pro+phone&itmmeta=01KJXJMQW4NP5F8JRXB10XVZQ3&hash=item4a00d08a7a:g:u0gAAeSw45Bpg7MC&itmprp=enc%3AAQALAAAA8GfYFPkwiKCW4ZNSs2u11xC5tuvsfkS63rtpQSyjqdDR1cdipyzTdy3JU47h2U4sgLeesOxtXxpnydAizsP%2F%2BxnL4ZUynDXPXvDcR32X%2FjFlK472s8UFC%2FKSuKfWbdyu4KpMl0F1t7pV3strl3%2Bg46QFQ%2Fy6S%2F7vFQ3tizn%2FCfhLtb55asQ2%2BXtwevDdb9RNhRP%2FpmdHzjnIZYtKbMODFFuL42%2BAo0%2F8x8p%2FzP%2BC8%2FpiPI9rcLU8k8Qn909V4HyCYDWIb9HR5eaVK6u94W%2FJpMaGEGeJFX1si1nhWf6d%2BHz%2FU%2FSnslBpbb0MRFVwCbt5oA%3D%3D%7Ctkp%3ABk9SR5z_0rKXZw
Shop on eBay,,$20.00,,,,Brand New,https://ebay.com/itm/123456?itmmeta=012DEW30YG0MEEKND7NH&hash=item123546:g:acwAA9KNiJowH:sc:ShippingMethodStandard!95008!US!-1&itmprp=enc%3AbgepL1tlUHjMGCVfSTGJh%2BzsVKeJ3CQk7NizDI4BZeppuFnmyS6Ijyp8lh%2FnEw%2BWqO7uTV1Q6izE1R0T54aV8j71F4xlWfVcGft4%2FiOQhtqVXA1rW6M1atPARQRmhqUxtEPJKhKtSFgI%2Bvwlzb0GwVCtkp%3ABlBMUObkmabpYw
Shop on eBay,,$20.00,,,,Brand New,https://ebay.com/itm/123456?itmmeta=012DEW30YG0MEEKND7NH&hash=item123546:g:acwAA9KNiJowH:sc:ShippingMethodStandard!95008!US!-1&itmprp=enc%3AbgepL1tlUHjMGCVfSTGJh%2BzsVKeJ3CQk7NizDI4BZeppuFnmyS6Ijyp8lh%2FnEw%2BWqO7uTV1Q6izE1R0T54aV8j71F4xlWfVcGft4%2FiOQhtqVXA1rW6M1atPARQRmhqUxtEPJKhKtSFgI%2Bvwlzb0GwVCtkp%3ABlBMUObkmabpYw
PINK FLOYD FLIP FOR IPHONE SAMSUNG GOOGLE ROCK BAND GIFT WALLET CASE PHONE COVER,,£5.99,Free delivery,4 Mar 2026,0,Brand new,https://www.ebay.co.uk/itm/186746116013?_skw=iphone+13+pro+phone&itmmeta=01KJXJMYP8FP18Z7Z5YR8X0S0H&hash=item2b7aef97ad:g:MQ8AAOSwD4tnGrhf&itmprp=enc%3AAQALAAAA8GfYFPkwiKCW4ZNSs2u11xDaYGWJJNKYInC%2FK0nB%2ByZ4d6ofUa1BE3CXE%2Fx0CMJLPhPqh3vtt6izC5ZgfXIc464%2FKkR31ADtrM0%2Fj6VM3L1x%2FxRNPHstV1lt0DdTP51EW%2FZrBc0Ctv%2BzhxqpVBCvlIbS%2BvEMd%2BxCftLl9PlfkZvneySOpt0oR3vQriFnzT3z9KLgwVci%2BVyyqKEv8BP11cqRzwxNEBKk%2BsrWkDCJry9jRLxqpkrUNS4DtTNl8rN7shedbkt%2BF1ZYmkygnCK5EFRhtGkKD3DSV3dpjwWcaEyXlDlmjr0dlZcE4tZNnD3Crw%3D%3D%7Ctkp%3ABk9SR7Ls07KXZw
2in1 Universal Belt Hook Pouch Holster Bag Nylon For All Mobile Phone Case Cover,,£3.99,Free delivery,4 Mar 2026,0,Brand new,https://www.ebay.co.uk/itm/234519703813?_skw=iphone+13+pro+phone&itmmeta=01KJXJMYP8KWPXXFJ9ZRKHTYGP&hash=item369a76b105:g:DTkAAOSwXPBiYZX1&itmprp=enc%3AAQALAAAA0GfYFPkwiKCW4ZNSs2u11xAfu7oqsun6i49qEPkxKmPytvPyVVlcj8qCtaJeAlA6Wx3L6TspSSHOLdwTD6Bu3N%2FaMLKScLFD5Fh2rpVpqioNNBfwc6ZjY7nNxPRwdN4kh2DEG7n0sjoLgKzpAF0wqBuhWFkDD3dVr9imxereEIXWOqLqPcxXLUKdYFYv5g6T2omug6uEuyUPUVFyccvSumlYnDn9a1M3A%2B6D7ECyZ6%2FX76hwXhx3zjKitmwlT9rET25eOSTRAEB44l5BzpKwavE%3D%7Ctkp%3ABk9SR7Ls07KXZw
Shockproof Leather Magnetic Phone Case for iPhone 17 16 15 14 13 12 Pro Max,Leather,£5.99,Free delivery,4 Mar 2026,0,Brand new,https://www.ebay.co.uk/itm/145404200720?_skw=iphone+13+pro+phone&itmmeta=01KJXJMYP8M1849QBF4C632SA5&hash=item21dac40710:g:1NUAAOSwuRlmcWJy&itmprp=enc%3AAQALAAAA0GfYFPkwiKCW4ZNSs2u11xBh38SP6EVLXgk77flduuADR8X9xeHf3tB5UoOI4iUr0zt%2BpQ%2B00wWTp%2B%2BfUi4nHy2U%2FTK8wTvp%2BzYOcZGpdafjvaVHAFxgpcQdpMbTXBgVSA89lqeSid0PUZkCsILm6ppR8ZDa6Nyl7QPc3PJsP9TtzKGHbk%2B3agWx0Bj4TL7AxbzqDGJ53LDw%2FOB3NdUW0%2BAhEVvFGlFEOnYaT73Kkt65bn9uf7eM32aYa7NjjLFf0%2Br20Au%2F7so1iwbUKa9I8P0%3D%7Ctkp%3ABk9SR7Ls07KXZw
Case For iPhone 17 16 15 14 Pro Max Plus 13 11 12 7 Clear Cover Shockproof Phone,,£0.99,Free delivery,4 Mar 2026,0,Brand new,https://www.ebay.co.uk/itm/298002632153?_skw=iphone+13+pro+phone&itmmeta=01KJXJMYP9Z4W0DZCY52WRB2QW&hash=item4562574dd9:g:y88AAeSwBEJphHHh&itmprp=enc%3AAQALAAAA8GfYFPkwiKCW4ZNSs2u11xApmNpTfvbPFYCvOgjO%2ByTwMJXrC1tsLKodXWeRezFKMn2KPjM6JVtGZpCbJj98sWZQeo7e%2BMG0XHpewyTXm0Hi4Ur2tE46jkAv5VIHsiugKyAHPykIu2ppCM62Vivhv7lAj%2FMOLl3xiU3PY1Ww5xKQ60tgbJfJARRjYMdV3KLNN4pK3HVhx3PEIhLvici0RYYgrTxXrtxvbr0%2BwVspjAV0dwcaXFZxzxicncyAaY5bQyqmPDChj5DxuwpNQIfpQJosZ%2B7fq%2Fmwmshfj9YeQ6RjKEQlktAyvefbEhwHcRNTfQ%3D%3D%7Ctkp%3ABk9SR7Ls07KXZw
Case For iPhone 17 Air 16 15 14 Pro Max Plus 13 11 12 7 8 Shockproof Phone Cover,,£0.99,Free delivery,4 Mar 2026,0,✅UK SELLER ✅SAME DAY DISPATCH ✅Premium Quality,https://www.ebay.co.uk/itm/157558127631?_skw=iphone+13+pro+phone&itmmeta=01KJXJMYP9JPKEDJFSZ6ERXHTG&hash=item24af323c0f:g:51oAAeSwtWZpR-UQ&itmprp=enc%3AAQALAAAA0GfYFPkwiKCW4ZNSs2u11xBxn3CMqML8DYv%2FAxAS52hXdaC713NB1mCSeTp0Zua4aM6Mygqy%2BgFq3bdKJFDdkD4X63M%2Fh5K1sOBgAqy9pb9AKrW8k%2B2Sc2VXwGaXAnYTV6h7EXhz%2BuLvHzoGdSsxXcLUdG3RLc35XzXIi%2BmjyJN5XTA%2BXV9sVYOBR8IN37gHOtoQ29%2B1%2Fbx2M%2By0dSCt33ohlHrb6BSlPIvUuz01BBvx3UVGK%2Bm%2BL2D87Ae9s29LkXjXt9a7jdo68Z70A2MR1qE%3D%7Ctkp%3ABk9SR7Ls07KXZw
Case For iphone 17 16 15 14 13 12 11 Pro Zip Flip Leather Wallet Phone Cover,Leather,£3.30,Free delivery,4 Mar 2026,0,Brand new,https://www.ebay.co.uk/itm/267569772488?_skw=iphone+13+pro+phone&itmmeta=01KJXJMYP9CFJDSSA61HKB4KZB&hash=item3e4c66b7c8:g:trUAAOSw-4FoOY57&itmprp=enc%3AAQALAAAA0GfYFPkwiKCW4ZNSs2u11xDXHG8RbeKf%2FtcgnVYRvOHy1M3Q9%2FwM0SpoicYQQyqZRZQ0mYEmELBIDMyQThEQ3AJUQnUrIu9%2FJN4ju1B4P2sMcBWs%2B9jlpY5Xi520lbIvBvFH8hWwzU7wxL%2FbvYVW1MHiBawELbw%2FjRi893XJtd5TGH0LutxngqDJlydhx0k94Zh36g9JQfJXXQRhgjUbQZxtVc%2FC87YkVi9dqnhlsHFMcNAeYjGr2BITePaWctMD6WFnAtyP7Vurm1pzajCr6GI%3D%7Ctkp%3ABk9SR7Ls07KXZw
Universal Belt Pouch Clip Hip Loop Case for Mobile Phone Cover PU Leather Wallet,Leather,£2.99,Free delivery,4 Mar 2026,0,Brand new,https://www.ebay.co.uk/itm/352854269273?_skw=iphone+13+pro+phone&itmmeta=01KJXJMYP9ZPK5FZPRED3Z9DZ0&hash=item5227c0dd59:g:PAkAAOSwPW9dzcVM&itmprp=enc%3AAQALAAAA0GfYFPkwiKCW4ZNSs2u11xDvtEPrKmRtDCZzOYFXtPndcYoRHWiwSwA8nbd953HfzNaeeeumXLTJxnQeMAEqPLvEB3LwQ4%2FuJ3dYRqihM8A1WZmmKqnqqE8njPnKM%2FhVrIv8cPN9xY%2BFyW0gqwM9o9QQaO3nuQt6Cq1aDMU0gLHkHK9izhRkAEEJrKOfCTADeB%2Ba4l4W%2FnJLGwAPnrQiXqVpdym3MMvzVRgXNMS4nJpcn6GWcQQ%2BeASsU%2BwwYcNj6HxKYtN1BEpkacq6alMDpfQ%3D%7Ctkp%3ABk9SR7Ts07KXZw
Personalised pet dog cat photo wallet phone case cover single image or collage,,£8.99,Free delivery,4 Mar 2026,0,Brand new,https://www.ebay.co.uk/itm/163222553233?_skw=iphone+13+pro+phone&itmmeta=01KJXJMYP9X0VR5HHKN504P8EA&hash=item2600d28291:g:66kAAOSwtOZbhCXl&itmprp=enc%3AAQALAAAA0GfYFPkwiKCW4ZNSs2u11xBFr4YYdCwtSDhGVJRODd5xtHjf8EK9vQsh%2BBp0KsJ7z9202gSLJnWr9sJ6FRvyB3kdMX0ANUa6%2FZ8U8yIVLvtM7oMnfMdathmFOWXlUVHYCJxx1wQhKgRSjZtXZnT1VzK7RDx5IwYHlFEENuwat1BeSnpI7aimgpDtQYEG6CbGulI%2BSA1oSBTXZTA8UDGTIw7GgHOwmH6blCi6JiUbpvbVOac9TKD5WF3jqpwuutSAsHDNGwOd5gajrdpnc5vagUo%3D%7Ctkp%3ABk9SR7Ts07KXZw
Case For iPhone 16 15 14 13 12 11 Pro Max XR 8 7 Shockproof Silicone Phone Cover,,£1.25,Free delivery,4 Mar 2026,0,Brand new,https://www.ebay.co.uk/itm/127239386427?_skw=iphone+13+pro+phone&itmmeta=01KJXJMYP9HS7Z4MNC39ZAA8AC&hash=item1da00ef53b:g:VsQAAeSwcQZoeSwG&itmprp=enc%3AAQALAAAA8GfYFPkwiKCW4ZNSs2u11xCRLmjSDFj7DhvEIT2Iri1vZ5JlkEZitnupkRARu7qHUrniR%2BbS3dHaPv0isGVg53MECfxIJ70UISH6pOWtKOa3W83z09qYwXxY1gV64hpfXJmzF2wCa5fHcCeziNSdf2Q0HIjTj%2FJBvVkGIF4zp71C1EySNSanullbBqaf1BokC0iE6fGTz1%2B%2B2sZMH6g5DKrhnUPEJqXS5Gld2QR762npJXyeaW3yf8bie2CTaBFxx5XiaOG5QCq7WmXPBAW9Sca8eI%2FoQHvsiIHfu6%2BFmF19m4So2lCK5pdx%2FKK4ylOvWA%3D%3D%7Ctkp%3ABk9SR7Ts07KXZw
Shockproof Magnetic Magsafe Phone Case For iPhone 17 16 15 14 13 12 Pro Max Plus,,£1.36,Free delivery,4 Mar 2026,0,Brand new,https://www.ebay.co.uk/itm/206090769865?_skw=iphone+13+pro+phone&itmmeta=01KJXJMYP9HNPMTE8J9GR3V2GT&hash=item2ffbf795c9:g:VUgAAeSwQSxpnYtt&itmprp=enc%3AAQALAAAA0GfYFPkwiKCW4ZNSs2u11xDdYj6dtwWtHQ%2FjFkIINz2rv7zVDazb5YPkuT30FHrbaDsCwxA46txqqavGFBDbn9X7K7Iu1FijRMw7A86U7FmeyZNsMCDCVIHg12etacjBRPT6gOR0xomN7YBDhMgZwrKOqQFissHwKVWj5A%2B32TQSPKyQz5BA2WhZWLIwyPLiZXbXHsB%2FbP7vaTo6jCIQjoXVBxe95Bpiwnn8Vi%2F4vt%2FgeKE3MZMLNwwFZpGAwYtSmtgi%2BcY5k0jMdjBdyDyyJuE%3D%7Ctkp%3ABk9SR7Ts07KXZw
Waterproof Case Underwater Phone Cover Dry Bag Universal Pouch For Smartphones,,£2.99,Free delivery,4 Mar 2026,0,Brand new,https://www.ebay.co.uk/itm/204826658280?_skw=iphone+13+pro+phone&itmmeta=01KJXJMYP9X935N1KVT90QYDQG&hash=item2fb09ec5e8:g:5o4AAOSwc3ZmZxh3&itmprp=enc%3AAQALAAAA0GfYFPkwiKCW4ZNSs2u11xA8X2xjUnR8Z0X7NbDzN0MJMsqz%2FCo1gEYiQmUbjg6rjh2%2Biw2zL1dfldX9vpIKfyfWRKJxDYCtLRednFmEoGYncC2E6hub8in10PjEN8X0ZlpHDtUWIsbkVsGiJCxwbM4Jd3mMGIvawmL1vfuQJADZNcMpBd6Rdfy86eRwfLYzwWVM2Ju9PCYJDbbQZMSjZu5HvkgIGJdzcdTRpht4mQ5M1RyXeOdxP8kppPoRMDpW9aa%2FAlWap%2BR%2B92vHPzJ%2F%2BPI%3D%7Ctkp%3ABk9SR7Ts07KXZw
Hybrid Phone Case with Hidden Credit Card Holder For iPhone 16 15 14 13 11 12 XR,,£5.49,Free delivery,4 Mar 2026,0,Brand new,https://www.ebay.co.uk/itm/357723673534?_skw=iphone+13+pro+phone&itmmeta=01KJXJMYP97EJSTPJTBY1WVHQ4&hash=item5349fe13be:g:OCYAAOSw4chnwdWI&itmprp=enc%3AAQALAAAA0GfYFPkwiKCW4ZNSs2u11xBMiXHQ4fyYlhxkAId939HukWEIqFRcGc4uDA0G1%2BWX6X9YHtPgO%2BUDVYBxyMTr9ZsED6Y9CGQWmldmGAyFWe7F3encQGHVyxjVgNeBKZp2C6GQs2BbVQ%2Fe8iWeXTprYX%2F8PVbe0tsfxt3wOt%2F4JjIr9%2BpBbHl%2Fo86bf1tYHThUF1Rlxga7hlpJ6atlnB7%2BUpOtmoSInmZ8oEf9IZCcfTwP5rrQR%2Fok5jxd8cSDN2ZfsERo7aSaaUrw01n9l%2FFIEdE%3D%7Ctkp%3ABk9SR7Ts07KXZw
Shockproof Full Body Phone Case For iPhone 17 16 15 14 13 12 11 Pro Max Air Plus,,£2.99,Free delivery,4 Mar 2026,0,Brand new,https://www.ebay.co.uk/itm/127387339407?_skw=iphone+13+pro+phone&itmmeta=01KJXJMYP9WW68CH952P1A2DR7&hash=item1da8e08a8f:g:q~4AAeSwkq9o0ULY&itmprp=enc%3AAQALAAAA0GfYFPkwiKCW4ZNSs2u11xCqSgj%2BohuLP87wHmWRwGs4m4RkIciXsXatWRfHobA91pNVUKHG7aOI8QAmuQumzPEK9h0hxWSaCtMSoyxYDAIM%2BSYn%2Bfe59eGouKP9ld1tJhvV0MoWTzAQKItlZyyYnWIbKctUfUAO%2F0C5EnmrvSt8phbXnQN3RLMaYLTrEsl5Q8vmsfUcJ0zIhXfAXrNVox6%2FGfCVRyrBm3qAwcgtHpGTDASlb7oTJ1e7ZtnDL%2B3PNKX382uTiarLtRlM6WB4O5g%3D%7Ctkp%3ABk9SR7Ts07KXZw
Metal Holder Phone Case For iPhone 17 Air 16 Pro Max 16E 15 Plus 14 13 12 11 Mag,,£4.99,Free delivery,4 Mar 2026,0,Brand new,https://www.ebay.co.uk/itm/298065175219?_skw=iphone+13+pro+phone&itmmeta=01KJXJMYP9XFNHQWC5EF3H7SBW&hash=item456611a2b3:g:RY0AAeSwmhtpihD1&itmprp=enc%3AAQALAAAA8GfYFPkwiKCW4ZNSs2u11xDwfZFJP0byRJY5%2BIK%2FqEJF30v9C%2FU4Squy2akmtxOOVoPS6Lwd7YUTj83Kbem5MbSPBCWF1qvbm6P%2BfzoQkrnUMG30lcen71C9uNoXOH4KZOurQz4Q%2FceYUiYOs4ukgFV%2FKCmz%2BxZN9H4scofyf5SOYP3YkoE6POLOOlX%2Fby6V0jOfr9S2NOlCrjJLz885eCwhLBBtTAWyPtsyMY0jSsG6Bt9qv4Ly1q22E7nGcUjT7eZrnPh5JvEYdhCQRJpY5%2BiB9alerltIPe9HFgFXg0sG1Q3E7uGNJ5AOpWFOKOgA7A%3D%3D%7Ctkp%3ABk9SR7Ts07KXZw
Case For iPhone 17 16 15 14 Pro Max Plus 13 11 12 7 Clear Cover Shockproof Phone,,£0.99,Free delivery,4 Mar 2026,0,Brand new,https://www.ebay.co.uk/itm/136808893222?_skw=iphone+13+pro+phone&itmmeta=01KJXJMYP94FV1A9RCNK035B9S&hash=item1fda720b26:g:FPkAAeSwKpxpLsio&itmprp=enc%3AAQALAAAA0GfYFPkwiKCW4ZNSs2u11xDlknX13Tb71%2FIiocAVpiRW%2Fg6kfjFvMajar7qdwa%2FFzmG86c6Ilq1pLr6IRtNMwlZMgBO3jFOHSklis5FWPNdF0UC%2FaeqsVG2NNOSy6Svxhyevk9pEIfEQu3ZIdPeJYIyb03ty8BViMAHR%2B3gpddieDNBUxBYhS%2Fcjg5tC%2Bq3HKMjYXjn4jPB1GTeKBEpkKPMfIlkw9OeENclRoIiubovWsOQrtMkR1YhrE2%2FplMkwH5ZRPPXmCBahiuc2ccZf%2Bx4%3D%7Ctkp%3ABk9SR7Ts07KXZw
Clear Shockproof Case For iPhone 14 13 12 Pro Max Mini Plus Silicone Phone Cover,,£3.49,Free delivery,4 Mar 2026,0,Brand new,https://www.ebay.co.uk/itm/225591174799?_skw=iphone+13+pro+phone&itmmeta=01KJXJMYP9DCPD9F042Y6KR02K&hash=item348648268f:g:F6EAAOSw6wNkb29q&itmprp=enc%3AAQALAAAA0GfYFPkwiKCW4ZNSs2u11xAEVIsZ3%2B0DvBirZKm3aziHKrYl7A76LOo0s60Wj%2Bv6j3sQOYG73kwM%2BSof1UXFOtdOHQ6MluUq7QpyTvH0GYrb7pFOKM5t2gIbXtxuV%2Fvw6Ls1w4cBvxnOoWxVS4LdeoBByWDmH%2B8dMcBZzb0VZSz4sihsasScdyriGXV%2FS8U1XO4eAt76CNjxJCT9a8UKhNaM6VU9oWOmwrAJJHkKvK5AVLVQkkbT0IRFhbcGxQEtC267H8Z3ir%2FDDX70qvanEKE%3D%7Ctkp%3ABk9SR7Ts07KXZw
iPhone 16 Pro/15/14/13 Models Carbon Armour Shockproof Builder Case Phone Cover,,£2.95,Free delivery,4 Mar 2026,0,Brand new,https://www.ebay.co.uk/itm/176733997642?_skw=iphone+13+pro+phone&itmmeta=01KJXJMYP93T3B25SW60P5FC6D&hash=item29262aca4a:g:PtcAAeSwFTRolixo&itmprp=enc%3AAQALAAAA0GfYFPkwiKCW4ZNSs2u11xC8LnDKQ%2FQvIwOTv1u2NcUgBNOQR2D6I4Pmlhxy44MniclrnazAK7wBGq6YEIC7D9R1%2BuE3umQj2qI7QnZf3YfCkfbpuTto8hEoUBFHpgKskRhCQgpkQgmqh1RQqgx3Occ2FCkIB9GUU10lESteXsELokI8CjYEh5S9GBHnrN72ge8FzS6e3o6dM5%2FYGsU%2FmHFsTrJxPggOYw23XsvSTn1KQXyLTe2ecfxko8pi4y6kJclaCLJ3xrqRqNfV0cF%2B4GE%3D%7Ctkp%3ABk9SR7Ts07KXZw
Case For iPhone 17 16 15 14 13 12 11 Pro XR 8 7 Shockproof Silicone Phone Cover,,£1.99,Free delivery,4 Mar 2026,0,BEST QUALITY ON EBAY ✅SAME DAYPOST ✅BEST PRICE ✔16 NEW,https://www.ebay.co.uk/itm/256350109045?_skw=iphone+13+pro+phone&itmmeta=01KJXJMYP9T1B03PR2D3T67NP7&hash=item3bafa83d75:g:4kQAAOSwC1RnTzgv&itmprp=enc%3AAQALAAAA8GfYFPkwiKCW4ZNSs2u11xD53j3OsYAPNzd5R%2BdqkDRP5HRiTZDjY44ff%2BrB9qRUBoZBXPpiZqxXD8A%2BEiQZ%2FBN5Nf28gZZVMk7wQuKvxD5MDu32t%2B%2F21rDJXjMsSMFPzAJvMjpQ3GbG%2FR87BsepKKsx%2Fah%2B11jmIvOyU6bZWzGvMYGsmy5yZbzpRt%2Bm%2F94ffIO7mFVYOuS5T97mh%2Ffn4jiJh4Q5SZcrsQRzALy2hLeOk1vzCP0HRaBCS5O6NSE1%2Bug2jAjqyD8GiY7%2FXh%2BFx6sjF2AfsCDS5sIGPX8xOfMfEbYDXHs4jj4sMhwhcmEW6Q%3D%3D%7Ctkp%3ABk9SR7bs07KXZw
Case for iPhone 17 16 15 14 12 13 Pro Max X Magnetic Shockproof Ring Phone Cover,,£2.99,Free delivery,4 Mar 2026,0,Brand new,https://www.ebay.co.uk/itm/225982563738?_skw=iphone+13+pro+phone&itmmeta=01KJXJMYP9GF6SGVMVSAF84RAH&hash=item349d9c459a:g:rPQAAOSwpQ1luiFr&itmprp=enc%3AAQALAAAA8GfYFPkwiKCW4ZNSs2u11xCzJk1Gp5P0qGAKJVmP7crQWI6Tf6yvw7cSVwPxXY9u1jxyfRHU8KO5P25wb1T7OK6G7GRNddw52V2HwgnMdODBol4Aq%2BWQVkvYy2J17mNgBFBTn37pSLDdDlE7UOnwsE2ISm5su9S41pOuHANp6qmIm%2FFaNcPx%2B2GjnzOKUA22O0EmWfNu5p5W%2FTbYwr5GxSTyc27dzXsgB3JrTyyexSAa5eMT2g7Fz81caSmOd4PqpsmC7N3jrvOfbelucPFbS%2FhA1DCM2iymKcBoNPTsrikig9mL8vAIRgr0%2B65csh83MA%3D%3D%7Ctkp%3ABk9SR7bs07KXZw
Case For iPhone 17 16 15 Pro Max 14 13 12 11 Leather Flip Wallet Phone Cover,Leather,£1.99,Free delivery,4 Mar 2026,0,Brand new,https://www.ebay.co.uk/itm/198090835607?_skw=iphone+13+pro+phone&itmmeta=01KJXJMYP94954MKNG4MMPC1Z3&hash=item2e1f224697:g:WqEAAeSwdwxpiYbp&itmprp=enc%3AAQALAAAA0GfYFPkwiKCW4ZNSs2u11xAZJDaZT3uI0bMrW0cQVT2%2FZaT0MRa3IpqAIIlx9xpzcm6DpjAIpzj1nQ66183FbEqTPW15RfGqKKKKwP9hLN87b31xN2yr78Rhb2MKOoFPKXDlAPsNyqgVtFbZ%2FZALOH7z%2B%2BzWPQte1HQA88onq%2FoGpMLWYTtPK7KR5VWSoR64IOhuRBEh6KSXG14p812pWp8x10EB5bcsSUaISIOGCBRkjyTwlW2jVGM4%2Fsyay5JB%2FeegIMLvSE%2FvhHWJnXa3%2B0Y%3D%7Ctkp%3ABk9SR7bs07KXZw
Mobile Phone Lanyard Neck Strap Cross Body Rope For Apple iPhone 7 8 11 12 13 14,,£4.37,Free delivery,4 Mar 2026,0,Brand new,https://www.ebay.co.uk/itm/404836688600?_skw=iphone+13+pro+phone&itmmeta=01KJXJMYP9FYJNARH3E5NFVJAF&hash=item5e4225a2d8:g:f3kAAOSwedxmvs2X&itmprp=enc%3AAQALAAAA0GfYFPkwiKCW4ZNSs2u11xBsS9O0WkA%2BN7UWekCUcHe702CYpzdIu9dnf70k6RLCKQKWRZ3kEizSDKpK1IVMdglz9O6us9RhyIMR9VlUFbnfv4FQyhmjgglKgjAlgnN4AXYxGTFyue6rw2AU6Ige0JqHzeyEeTPhsajWjMAmI6%2BMx2x54qdm%2Fo2rFKM1nUtVXZeEXJIfV8zSbVsxka2G8dyTgvaiiPgY0EwZzFal1bmb7W9GG1lk4f6tzK1EU49TZLNWLKLOtRwkdyos1qIIm0s%3D%7Ctkp%3ABk9SR7bs07KXZw
Butterfly Case For iPhone 17 16 Pro Max Air 16E 15 14 13 ShockProof Phone Cover,,£4.19,Free delivery,4 Mar 2026,0,Brand new,https://www.ebay.co.uk/itm/267559843984?_skw=iphone+13+pro+phone&itmmeta=01KJXJMYP9ZNRH37MWPYRY9MGG&hash=item3e4bcf3890:g:gr8AAeSw9Z5pefLs&itmprp=enc%3AAQALAAAA0GfYFPkwiKCW4ZNSs2u11xCRXFLC57Prn5M9xd8XnTXE2SRdwgLi7waIhQjjvkWbCOKsSO4hxatgANpdfnImUlOSTTmBno25kvrayDwdJ%2FB5kfFjIhbiWaxBBTI27JSz0R6os4SdRxAjpyANN8Q1c7fU7fho8BFaTQyj7vmQwT2dFw5OdflcdJK6tss7z551871OYOWUHBI6GgswF%2F4M1lMZR1G614s%2F%2B4lKu4lbjlkxEFx4PYfp6vC%2B6EJuMAGkiMeAPv4Wo0XIukFLkUDFEG8%3D%7Ctkp%3ABk9SR7bs07KXZw
Colourful Wave Side Clear TPU Phone Case Apple iPhone 17 16 15 14 Pro Max Plus,,£2.99,Free delivery,4 Mar 2026,0,Brand new,https://www.ebay.co.uk/itm/115881908245?_skw=iphone+13+pro+phone&itmmeta=01KJXJMYPAY5J440PKT8EADMP3&hash=item1afb199815:g:Pj8AAOSwqnVk0Phh&itmprp=enc%3AAQALAAAA8GfYFPkwiKCW4ZNSs2u11xD2KfpsDQOWyscPQrHuvAhRGwHUXFKA5eRRGoo6iA1EDpqVz%2FZ9PwQbu0cfwQGCXNMJmNe%2Fy1K8DKbEmh5WQ7%2FWYn1kuz%2BjzUUEem2XZronR7Ubk5Nry%2Fx3v3G2p5Yae6xy3ISsPa4ifCwieEvWGDx4ZAToKjeUF5%2Bi0ovl88wWjF785oGJuAj6SbRWcDEeqNzG7vsHDDoo61Tr0XkIS2KB5dHxeEjKeTRpX%2FKC3OI9dg%2Bb3HqIjBo2IgFo0hd8JPci8%2Fe7UqIhlnWPwpoKfCU1PkDbf9z0Lx9Bg48NVRu%2Fmg%3D%3D%7Ctkp%3ABk9SR7bs07KXZw
Leather Wallet Phone Case For iPhone 16 15 14 13 12 Pro Max Plus,Leather,£25.19,Free delivery,4 Mar 2026,0,Brand new,https://www.ebay.co.uk/itm/335342964139?_skw=iphone+13+pro+phone&itmmeta=01KJXJMYPAQ8THX15ZQCBYC83R&hash=item4e13ff8dab:g:1IEAAeSwdP5phQPE&itmprp=enc%3AAQALAAAA8GfYFPkwiKCW4ZNSs2u11xAi1oyXcHsKwcaF5RVRibLrEwszdXhutg37w93IWPfbaMFBzmg9EHmdMTsohcLMDm8Nr8p8xhki%2FiA9rx5W3pu8wpSAUmZr4Sg4nSY8H8VXIIStUVgMIlDi%2BqAyRMd%2BbiAu4OmlXXETv%2BZTkzqKuwvBmEBHP21tXRwhkWM6Uvr%2Fs1kkjTZznauBMWLHZD6cHt9ErA5MkNPYF6BL9owc82U8Cs%2FYkc92QV8kszzg0CAI%2Bmkcs5NiVprA36tIl6WF5Bicr0WDJGEJsQc4rwozfh4UyYRJV8vzGyTN0rPw6cX%2BTA%3D%3D%7Ctkp%3ABk9SR7bs07KXZw
Case For iPhone 17 16 15 14 Pro Max 13 11 12 XR 7 8 Clear Shockproof Phone Cover,,£0.99,Free delivery,4 Mar 2026,0,Brand new,https://www.ebay.co.uk/itm/297899677171?_skw=iphone+13+pro+phone&itmmeta=01KJXJMYPAB43V3SYYYWWZHSYA&hash=item455c3455f3:g:QQMAAeSwzqlpV6Az&itmprp=enc%3AAQALAAAA0GfYFPkwiKCW4ZNSs2u11xAGI57VXGfyagCbLpm8WpeXzT1U2ThOB4%2BQQBub8Jq7fQEqNjRboEttzDU4e9w5f8hNyAfEJOilPHpIVMX%2FJlz7ZE1flcNwi3qSzCjASpJ7rzNnHBMjV8MPqvMETePZ5zX%2FrVE9ddrpoyw5mTKt0MEzfg8R8vt7CD516H0XebFwAY5mbMee1buJh1pxMbsG%2FCsA3HlHHeaMAKTSFXXsSYOCOeEvyvFpfrqokEbDLSfGwurVra0wmtg35MhQc9O8t%2B8%3D%7Ctkp%3ABk9SR7bs07KXZw
Case for iPhone 16e 15 14 11 13 Pro Max XR Magnetic Shockproof Ring Phone Cover,,£3.45,Free delivery,4 Mar 2026,0,Brand new,https://www.ebay.co.uk/itm/126714141911?_skw=iphone+13+pro+phone&itmmeta=01KJXJMYPA3JE0PH44533SSDX3&hash=item1d80c05cd7:g:fZQAAOSwVrxmpilp&itmprp=enc%3AAQALAAAA0GfYFPkwiKCW4ZNSs2u11xDLVfU8kdeCZLlWWoEB0OgnE%2F8jv%2BfI3ve9W1DLJyC7e60E2w69uxPkZXs2k%2FSme9XANeaLOMqQHYQa8x%2FcN6v8jN8eVbFoy3%2BdUWejub1C%2BeD%2B9Yshr6%2B4%2FvQt5l4E9QewS%2BLh7j14ONw%2B6D8kfT7RC6zg6ZoQzBKk7POsZxYon8j3qVd8V7dL4H6Y2DNba5g6LENKuPPjh%2FjGVw5GvJ6Fk8eCUaEurN4b50LbDzNiL3dibYNyDSBA8bP725MR9mA%3D%7Ctkp%3ABk9SR7bs07KXZw
ELVIS PRESLEY FLIP CASE FOR IPHONE SAMSUNG GOOGLE ROCK GIFT WALLET PHONE COVER,,£4.99,Free delivery,4 Mar 2026,0,Brand new,https://www.ebay.co.uk/itm/182483527236?_skw=iphone+13+pro+phone&itmmeta=01KJXJMYPAB1FY5PRZ2K432SRA&hash=item2a7cdda644:g:aSoAAOSwNzhnR39a&itmprp=enc%3AAQALAAAA0GfYFPkwiKCW4ZNSs2u11xDoLQtNHaDNx5oy3tBhYZ3J5b%2FS3Mul7NzclXvK64zEvY61rtYoNHPZE%2FZ%2BzSRTMTvHT6UNjLGCpU%2B4bMECQBc4oV%2Bu3hB4%2F3BP08rUSSoiFT2C9NdKPPobKbrkcoyM02hU6xfTRpSwnzYABtiF0bJu8m7a%2F8Xb4Rg3blr4toQb7R10hnqF44HbeaY4GKh%2F7IAp4IoiZrTcgLzYgRweanNJoAxgHwjd17YstQmTXrxEykpIPVpYMJc1A%2FEk%2Fn87DQ0%3D%7Ctkp%3ABk9SR7bs07KXZw
Case For iPhone 16 Pro Max 15 14 13 12 11 X XR Flip Leather Wallet Phone Cover,Leather,£2.99,Free delivery,4 Mar 2026,0,Brand new,https://www.ebay.co.uk/itm/127281517918?_skw=iphone+13+pro+phone&itmmeta=01KJXJMYPAJGHZSWHRGDBZW8PC&hash=item1da291d55e:g:kMYAAOSwiTloQYfu&itmprp=enc%3AAQALAAAA8GfYFPkwiKCW4ZNSs2u11xANQ03KpTwAWmX1TIHR6ALlYtc0E45JZY%2BQLAYqud5ermYWz1WZbUu7Cyrg7Mre2YisS7WG5eMD87DJuSvVUAf9O5Ev4p5ixlkpT574wSdO2WE5hQPIXoVkK7%2BpVH4FQ4Oa%2FcpQlxLB5WViERpYVI6PfkMoJ%2F384gXyJ2CG5kEnVIEr1QIQNYrZirNMQxj%2FmLLpb1CkWVmOipQaX2iEerJeAtvMQc5sagbrMdP7EDbeX%2FaFGarDHY5FHeH9Y%2BfGjZqVGpwKnfMah1vVnNGXy2ePG%2BN8RSbK68SOFayNLXfuJw%3D%3D%7Ctkp%3ABk9SR7bs07KXZw
Case For iPhone 16 15 14 13 12 11 Pro Max XR 8 7 Shockproof Silicone Phone Cover,,£3.38,Free delivery,4 Mar 2026,0,Brand new,https://www.ebay.co.uk/itm/226768912110?_skw=iphone+13+pro+phone&itmmeta=01KJXJMYPAS04MZVT55X2FGDEK&hash=item34cc7afeee:g:P20AAOSwpFpoLyhT&itmprp=enc%3AAQALAAAA0GfYFPkwiKCW4ZNSs2u11xBgENpy2Be2walXtbm2m9BS8apTJiHbQNPUw78NYUZXyuOSiAMcBWmjoJ1Qc%2BTZFag74Gs5Ab5wgxWSWvWg77BtvSTNqhRuR2Ah6%2F9%2BMt%2BG0PkmtVsRLNUU5TWJbmLcjrDojbE5I4CQm7Xpua7pIVA%2Frh0NagGXvbbuUQMe5mBYFVEAq4L7waZcga15LDDirubx1FMz2ACXFekW4YN2%2FmW9pe6m2d%2BSrcTxeXN7QqSRX68QuoQSaBwv6euhqGM1bqI%3D%7Ctkp%3ABk9SR7bs07KXZw
NEW Rimowa Aluminum Phone Case for iPhone 13-17 Seller in Stock 2025 UK,,£26.58,Free delivery,4 Mar 2026,0,Brand new,https://www.ebay.co.uk/itm/406727350348?_skw=iphone+13+pro+phone&itmmeta=01KJXJMYPA1NP77XDPVFS5DKJX&hash=item5eb2d6d84c:g:-0gAAeSwwJxpUkjB&itmprp=enc%3AAQALAAAA8GfYFPkwiKCW4ZNSs2u11xBm84RJI12rGxu1KsBLvubVXpVCPti1LcqLFg1NZNc54%2FncPyOer6MhInhrHqh3RJNKQ4eJC%2FaPZ09XsIarQJHwbZOeHzfcmxTs04CV3OJHQtuI2P%2Bv%2F%2BJIn0AgrGA2xmPsY5lRBSlgFoqu1s1QLVJJQty0VAAOtSYmDsKGaehia5GfUaR%2FyMUTWZwlGCGpePaAGYVtnV5m4puIwha3Yxm6aLjfB4lN9iGryPKsF0yLdgCt52%2FmME87%2BRsYepgN%2B5hlcFeev6svRP72I59wIAOC%2BTDUQ--tNix7nTPTBOlx5A%3D%3D%7Ctkp%3ABk9SR7bs07KXZw
Burgundy Case For iPhone 17 16 15 14 13 12 Pro Max XR 8 7 Shockproof Phone Cover,,£3.89,Free delivery,4 Mar 2026,0,Brand new,https://www.ebay.co.uk/itm/286112180271?_skw=iphone+13+pro+phone&itmmeta=01KJXJMYPAKNR7Q873971VWGXW&hash=item429d9d682f:g:610AAOSw1A9nECgP&itmprp=enc%3AAQALAAAA8GfYFPkwiKCW4ZNSs2u11xBLOda6541yxh8RPYPLRDBc0voVlKCgne3UMH4iots5%2F6VcsPnI3G7f0W0OKEDdwGmYixFXx3gWMV4ZnHy6Olze%2B%2Bf%2BObcMS81%2BXhKSSc5SgoTNduo0JeBvF02%2B8ptXWJtYsGpKt%2BtLy1RIlSX1TcloqZAxrX6QwAKWY8%2BNJmJNTlJpXYwtdLNO%2FZfsQevwhS5nXubTkSm0wjWmcOQTHGHxOWHURfKsb3Q2ZFG0%2F0Dme2hcTQnhd28nJ6cU%2FHbZw2khK8hnDp1sBhZlqbtnObtEnE01%2Fa%2BQnxZGKImYDeR9PQ%3D%3D%7Ctkp%3ABk9SR7bs07KXZw
Shockproof Bicycle Motor Bike Phone Holder Mount Holder For All Mobile iPhone,,£10.99,Free delivery,4 Mar 2026,0,Brand new,https://www.ebay.co.uk/itm/167053549337?_skw=iphone+13+pro+phone&itmmeta=01KJXJMYPA62QWCZ1CX5X8E7EX&hash=item26e52adf19:g:QqoAAOSwZoZigEoB&itmprp=enc%3AAQALAAAA0GfYFPkwiKCW4ZNSs2u11xDtgSOeurS7l0ahUpsf1tyxVJN4uOcNksWY2e2pmHP4wvfYakDZzVUwY4UQW1AFFO1%2Fcmi64xZndGzy9Ms%2BYJv1Yo0jUrA82icIEpFujonWAJBYF8cIUPvlCrLOpssLUauk2LCqWehKRbKztijeGHhm6DcYOajDNGs80%2BvemsEKQZdRbWTuGy%2B6R5HJFeMv0Dmib2%2FmBHbLCQEntzb8eTN9wclXzdiaBNocBMNz1zweibxO2DEOehN%2F21KNOYx4puI%3D%7Ctkp%3ABk9SR7js07KXZw
Mini Mobile Tripod Cell Phone Gorilla Octopus Mount Stand For iPhone 15 Pro Max,,£6.98,Free delivery,4 Mar 2026,0,Brand new,https://www.ebay.co.uk/itm/255733247964?_skw=iphone+13+pro+phone&itmmeta=01KJXJMYPAK55QJ6EHT5W9TMSQ&hash=item3b8ae3afdc:g:p9YAAOSwMDJjJ4jc&itmprp=enc%3AAQALAAAA8GfYFPkwiKCW4ZNSs2u11xAEU%2F7%2BIJd0jcQqNR5%2BzBhJN69%2Bt506oVWMsNiYTT9vwXqHdfHnBU4qyGxzmd0h2iF1mQUMWCaSgnO2xezq90YBikT2ty1y77XXVkx4RZxYRdpaGEaRnuim26%2B0Rmka%2F1WMYSX6M%2Btrl6E7BXrtnwHWoCJK603sZJRm3XvQJ5MlA82vfRtdhtraPnyQpXqGY6qCX1rD8uZkb1dyhLdznGj60WEs53O%2Bn39JB4PRHqFeymVqMq9km2twNGXKuJ%2FFJwptR2OK5hO71qDLWWVsC2Hb0MBkLH%2BR%2B20IHbS%2FOQbrig%3D%3D%7Ctkp%3ABk9SR7js07KXZw
Case For iPhone 15 Pro Max 14 13 12 11 Mini 7 8 Plus XR Leather Flip Phone Cover,Leather,£3.69,Free delivery,4 Mar 2026,0,Brand new,https://www.ebay.co.uk/itm/294359411804?_skw=iphone+13+pro+phone&itmmeta=01KJXJMYPA0K63EP1E1KME3XTA&hash=item4489302c5c:g:MWAAAOSwP0Zdhow1&itmprp=enc%3AAQALAAAA8GfYFPkwiKCW4ZNSs2u11xCStJIMpNqW%2FDQxBfWHOIR3ydRVDSOlcr1tlDfNHZEAn%2F0OnyRsZ2fW1So1jt1dEy3inENdSSkGGoKYRUJK0tZ%2BWJeHNwulPhj1ZTBI0Nh62niiCvi%2F4exg0ZyhHxorPLaNlt5%2FcBXEb%2BCxsks2vP7ShagyEPviaKJK8zFYrRM2yqgskFBxDfSNIE8%2F9vhlrZbLNeiYWQaa0Y4PmQ0GIDPE%2FcRrvKcJHOwCvUFXWarWplOrGjBa1y3%2FCgPsv5Gy3j4Foifsiz%2FfSGFfZpT39wyzQ2wu%2BW6WKrpB%2Fis1l221TA%3D%3D%7Ctkp%3ABk9SR7js07KXZw
Graffiti Gaming Controller Personalised Phone Case for iPhone Gamer Name Gift,,£7.99,Free delivery,4 Mar 2026,0,Brand new,https://www.ebay.co.uk/itm/186483611827?_skw=iphone+13+pro+phone&itmmeta=01KJXJMYPAT94YJWTKF5K4BAXP&hash=item2b6b4a18b3:g:CJgAAOSwWtRmZCxw&itmprp=enc%3AAQALAAAA8GfYFPkwiKCW4ZNSs2u11xAwgPz8CxSLxWVSujrAdrUYPxR0EvOKFTYd0SxFFyz7gLjKBksWlTSXPgiueoon25SAtkzKD%2F3aqHMoU3mucFTk7Pv25rlE72803igxsnfacgTB5AgZJpbNkh8HiNcDvG13soNbu4JcarzHLbDhG6g6HG%2FU4HG%2FufciPbNhvL9Ow2yVRyxMrkbsdJC30jlffWpa4WOS78JPCO%2BMDBxtby9CeTN5GymRYqxefXiYlOzfMnmsMoDfgBpoBS0XPGx%2F4SEj1lWL9OtJc4FFq3FTS3CBDtBwjHH3DV8Fh41th0UKaA%3D%3D%7Ctkp%3ABk9SR7js07KXZw
Case For iPhone 17 16 15 14 13 12 11 Pro Max Shockproof Silicone Phone Cover,,£1.99,Free delivery,4 Mar 2026,0,Brand new,https://www.ebay.co.uk/itm/389570716274?_skw=iphone+13+pro+phone&itmmeta=01KJXJMYPAJ42JWRS1R2SFVESY&hash=item5ab4396272:g:MbUAAeSwWaZpgQ-7&itmprp=enc%3AAQALAAAA8GfYFPkwiKCW4ZNSs2u11xAGlTxU2VfdxDkNh5ty3o86SSPPHOlR%2BDUFF8qanX2XD0uR8uJpatJIbClDtAPdnghBvP0mq8xk6MllWEb%2Ffm7CEFupkO7Fe4wU4xvv5U2m5I2JoSjOHTA0xCKh9trStveSzKa3ZeJ9KdIkdXX6fxcKG5oZ9ZefMAKKNt2Oxek%2BdkAeRPlsPN0Ig3HQfp%2BIndyZ8mjecJnRShueRUaOlHJID48foKcpe1SzT647fyvNCJcZJElkI%2FJVZ8YmeHrfZ5WrraI2fLhZJ%2BPVSEut3ztILlKl7%2F8I6BNFwEVj2KlTjg%3D%3D%7Ctkp%3ABk9SR7js07KXZw
Mint Green Wavy Stripe Phone Case iPhone 17 16 15 14 13 12 11 Pro Max Shockproof,,£4.39,Free delivery,4 Mar 2026,0,Brand new,https://www.ebay.co.uk/itm/286980082350?_skw=iphone+13+pro+phone&itmmeta=01KJXJMYPAHDGZQA3GYYV9PPQ3&hash=item42d1588aae:g:flIAAeSwnbtpLFfG&itmprp=enc%3AAQALAAAA8GfYFPkwiKCW4ZNSs2u11xBIXfdM2ooOKOdjzuKtfo1rQJ8YehD3%2BZxfrX1Tdphsb0vTX2HMtxTnNgjP5ULI9HWtnrcuW8aLVY7dJ%2FINAKDkfZ7DaODVC8A4zI41a2bdUNk%2B7TzwC0HC0e7G%2FX0qElIo8SLfpQWsONstLRNEPCQEyADmdGP22B7NuA5xBVkRD7rlzZigxBb6eMl8WhIjbolpacVGwFH7wMGDXcjyoW69RD3DTAp13ociOenPGOZL3M5tcEJCNFKUqkbpTYnLnEUSuo7cNNJsRWmdmubHm0jpRI9cD0LoAleNLz1zeITk5Q%3D%3D%7Ctkp%3ABk9SR7js07KXZw
Personalised Custom Photo Phone Case Shockproof Cover For iPhone 15 11 14 13 16,,£7.99,Free delivery,4 Mar 2026,0,Brand new,https://www.ebay.co.uk/itm/195655459714?_skw=iphone+13+pro+phone&itmmeta=01KJXJMYPBCPP44JXPF3KDN4DY&hash=item2d8df96382:g:f4QAAOSw5TBkDw12&itmprp=enc%3AAQALAAAA0GfYFPkwiKCW4ZNSs2u11xAvLPHnZ1PDy2tQLkt%2FxC7aXOg3H6D1vXuTxwMTrjChchLYECcmRjS3utNXpkfbBnYzZtslkJDla8S0s0UpQNGpMBMnLIpbzfzaJdaq7WNagtXHHqX%2BjrYptkWNvAAtjzisOyVdyfYRtj7q%2BuHi6NtfyHUDnkKw89dHssTsb1Q%2BDTxZi%2F527Ud6I%2Bwz%2FOfg0w%2Fei4ZPxcCQJxN4E9WXIqbQ0LjoIZAWcuzQl7FiXvxit%2FduJ9u3hbJVX%2FuOrjsoqew%3D%7Ctkp%3ABk9SR7js07KXZw
360° FRONT +BACK GLASS Magnetic Phone Case iPhone 13 12 14 15 16 17 PRO MAX XR 7,,£6.75,Free delivery,4 Mar 2026,0,6Colour ✔ Fast delivery ✔ Double Sided Glass✔UK Seller,https://www.ebay.co.uk/itm/224553112457?_skw=iphone+13+pro+phone&itmmeta=01KJXJMYPB8BWSTBW6J983ZSFQ&hash=item3448689389:g:jZoAAOSwwd5hA~s~&itmprp=enc%3AAQALAAAA0GfYFPkwiKCW4ZNSs2u11xA56PZFO3WErTRwK7rRcz46AU88lyWmnkFVaNj2dfZ8FNab56FSApTxbSAh%2FYt%2Ba9jAyH%2BbIbDguR5D4nwD8OOlkQCXS9ew6H7Zv0jUOm94EzxCQrh08NCXHYws8Ug90nKKIrj6d1oL4583wUulg8nmsDOthM4a8EZRQY2q7rfBtiwkZnyG7hJ%2FS%2B0Aadk6jDMhNU34WEomO4ZwPBliD9wCIkVA%2Fptyw8cyDXQDcA%2BDpIlLn9hbq0o3wQTQhsGMZ%2F0%3D%7Ctkp%3ABk9SR7js07KXZw
Transparent Magnetic Mag Mobile Phone Back Cover Clear Safe Mobile Cover Cases,,£4.38,Free delivery,4 Mar 2026,0,Brand new,https://www.ebay.co.uk/itm/126984646471?_skw=iphone+13+pro+phone&itmmeta=01KJXJMYPBWMV1B6QQ1R6WR0FD&hash=item1d90dfef47:g:HUMAAOSwAwJnzcvp&itmprp=enc%3AAQALAAAA0GfYFPkwiKCW4ZNSs2u11xAwM2XityE0CkWtwALiNe1dAsyD%2FYt09%2BJ5ufy41G3iWFQpgXtYGUvbCULnaRjOrETmI1yma3ExXMtAUFt8943VqSlQSU8GAHDaC%2Bxk3fkkIZaFz%2F3oR9O5kQbKW8S3sr%2BrNyk0ErkjK9%2BAq5h19fNpELY0NVJdYVsIeNMKpLdySDeYA6%2BmZSeDPqWXkyiRugfRS%2B%2BwH5WD0TiJriBmN1XEbdaXqS77WAfYt6loWAfKIvzJHyEypIsRk9xAkp%2Fi2KQ%3D%7Ctkp%3ABk9SR7js07KXZw
MAN CITY FC BADGE CAMOU LEATHER BOOK WALLET CASE FOR APPLE iPHONE PHONES,Leather,£17.95,Free delivery,4 Mar 2026,0,Brand new,https://www.ebay.co.uk/itm/133817461761?_skw=iphone+13+pro+phone&itmmeta=01KJXJMYPB8EDSDJ483W14CWX4&hash=item1f28246c01:g:wzkAAeSwVpBoZ0BA&itmprp=enc%3AAQALAAAA0GfYFPkwiKCW4ZNSs2u11xDd%2F16jI45LThC6riJlChaYrO6ENmMNielm3REUOt0U97vLEh9Xfoz9Nb%2F7LEBpqpqjSif8FY3gDfU8kQOSGe7YgvXzFsT9xB%2FQbsepAVURB%2BERjF%2FuTfBIQxeBZ6%2F86ie5GrDiEasjXQwiy%2BgPSB3BVw4SwVqWaRoFXOy%2Bx7jU7E3Sn6sP869HU5MH9Z%2FShggawYungGUUfnav0sFKlfBVP0%2Fe4QxSFXtb2y6BtUmouccLXJdc9oSK5dHzdTnqmeI%3D%7Ctkp%3ABk9SR7js07KXZw
Leather Phone Case With Strap Crossbody Phone Cases,Leather,£12.70,+£1.90 delivery,4 Mar 2026,0,Brand new,https://www.ebay.co.uk/itm/306300717979?_skw=iphone+13+pro+phone&itmmeta=01KJXJMYPB5EQM4E98FHW9T12B&hash=item4750f20b9b:g:VTwAAOSwuRRoIy3k&itmprp=enc%3AAQALAAAA8GfYFPkwiKCW4ZNSs2u11xD9XAFjmbY3sEU0%2FDf0ImITKGjvBk5mIZ1iNRv9UCIuDoglwfVnMUyNxEvDD7voNId4SnR4J0L5zbxNpcmsewO%2B1RYO6fJufPsoTtuKpL01dtKcLzy%2Bj63g6672LpY4df6mW%2F6AFn%2Fm2Mkv%2BSINxkQF%2FBRKbTI8X20Tc4uKVLj7cDogcSP0PS7PfCLyMoJrGQL6s%2FBzbmkg8JG%2FADyGA0nWyo4Qqe0ov9abbG7UxNHSieHnbT3EfY%2B156JK%2BrC2qrTlT0S%2BCRxyDCR4TWDn5Lrq76oRC3ylntqPDJjLxSOiCg%3D%3D%7Ctkp%3ABk9SR7js07KXZw
NEW LISTING,,£0.99,Free delivery,4 Mar 2026,0,Brand new,https://www.ebay.co.uk/itm/389697614694?_skw=iphone+13+pro+phone&itmmeta=01KJXJMYPBGK9KZ3X5001WA265&hash=item5abbc9b366:g:CasAAeSwOOFpqAET&itmprp=enc%3AAQALAAAA8GfYFPkwiKCW4ZNSs2u11xDhiYfnnVQUm0QONLNUdp1rKvcGTbGz18Qj0pkLA6EPl9T2c1qB7%2BGjspv9pMBcFXMupJHu8eUWEguC3T4VYq5ohASCrnaTcPrZYuzDrXwo80s5bMfMAQlI6c2eI2rPogLjey9isCaVEu4dmhmuSfYRV8qrBKUO6sYl0S%2Bs5Z5AVlafeZUTB2f6nQEuKM1SDsQ872F3wQqBYrAG2IJFrpAUaOeH7S5b%2FxIHO2cW1HqwTo8ZdDoibODkL%2F7iJOtH3bQ2CijWmV5qYpMpXEzCXZgflc1cphW3SvDugCQzzYtgZQ%3D%3D%7Ctkp%3ABk9SR7js07KXZw
White Bow Clear Phone Case For iPhone 16 15 14 13 12 11 Pro Max Shockproof Cover,,£3.49,Free delivery,4 Mar 2026,0,Brand new,https://www.ebay.co.uk/itm/286224397045?_skw=iphone+13+pro+phone&itmmeta=01KJXJMYPB5328EN0SBGP4XB5C&hash=item42a44db2f5:g:y1oAAOSwW~xnZWu2&itmprp=enc%3AAQALAAAA8GfYFPkwiKCW4ZNSs2u11xDYb74xBxhVy40Y8NOZLt5KXpSVQ%2FyugqqaUgIN8AaNYuIzRQJ2KMi21EXnTFNNCl3xawHHD%2BR7%2FLCx7PLGBwsLSUN%2FK5f6egBS0Mg9fkVil2dfq6sTKcqqg55WYtluYN65opS0NYn3vvPRflNPdz%2Ff5KwmJFy4M9g0RulAPljaldMnCgxsSe4dxdQkBLBTMeANdsg2q6P8P6oW3cz6GVlQlp3pHVuDrBberNciZ3DoEO%2FzPI1sm9BXhrfL6O7WmuC3mtHEhSwCiK6YnXNDHUnROFz8E3ZeVrQYnNOsEO29Tg%3D%3D%7Ctkp%3ABk9SR7js07KXZw
Burgundy Cherry Phone Case For iPhone 17 16 15 14 13 12 11 Pro Max Shockproof,,£3.75,Free delivery,4 Mar 2026,0,Brand new,https://www.ebay.co.uk/itm/157611150408?_skw=iphone+13+pro+phone&itmmeta=01KJXJMYPBJ45KSPDGHZCE9B8S&hash=item24b25b4c48:g:-mwAAeSwHfJpZiH7&itmprp=enc%3AAQALAAAA8GfYFPkwiKCW4ZNSs2u11xBvBz1Tt2wCP0jHgc4n7RhIN31qtSVLOjoHr4VeJbpSLP%2Br0dAbCzpDSaw0keL2YACnifFCwnz280kECpSrbMlPDQhju%2B9Q6Lu8kyjB%2BUc0rR%2BGEsuCgcRiaIoO35fin5spqbzz7KUOYfoUs7dMRv3V8fOqKOSWuG%2F3xEBBKcvGPaAgGpSIqBJ7VZzbtZDZNyhQr6UQLKdunb%2B0jE6OfyYc%2B6WLsiwggwoP5vxf6Wl8aOZl8DJZ016TcEqlV1SFcFxmqeCR8xXrk%2BygVUfsPnAtEgVQhn5dzeDeZC08vLSgtw%3D%3D%7Ctkp%3ABk9SR7rs07KXZw
Case For iPhone 17 16 15 14 Pro Max 13 12 11 XR X Flip Leather Wallet Phone Cove,Leather,£3.47,Free delivery,4 Mar 2026,0,Brand new,https://www.ebay.co.uk/itm/145310704273?_skw=iphone+13+pro+phone&itmmeta=01KJXJMYPBBBEBFDAY9NZJ4V0X&hash=item21d5316291:g:S9kAAOSwn9lleZN-&itmprp=enc%3AAQALAAAA8GfYFPkwiKCW4ZNSs2u11xB4O6cJSOC%2BNsXLpK0Gfx8Kr8TNn9D7pHWaxlJdLSu1v9ujRWqQZVBB3nigwKfnIKgF9boCagZctI8qTHlw0g2cPqohnchhLfrEZTINaYZPsXPXJt8a65iXIalZ0sC0aAhXiQAWsvXkSi1LefuJuqhgb%2BYs9ctMv27ukCACvtZiIBERIsPpiDENL0ovooVk6ZfhYYWLxL%2FKtcDVtRZ0H75ug%2Fw8CN%2Bma2kIQKetotLYfHowTZza%2F8CzFb5qVXHWPWEUvWZZikxo0z0RFWpsW%2FCGcVBO0j%2FLpwVkcipo4wIf1g%3D%3D%7Ctkp%3ABk9SR7rs07KXZw
Shockproof MagSafe Phone Case for iPhone 16 17 15 14 13 12 Pro Max Plus Air 17E,,£1.99,Free delivery,4 Mar 2026,0,Brand new,https://www.ebay.co.uk/itm/126776462646?_skw=iphone+13+pro+phone&itmmeta=01KJXJMYPBT61AEV1N9KWR88EG&hash=item1d84774d36:g:WWQAAeSwQ1po7keN&itmprp=enc%3AAQALAAAA0GfYFPkwiKCW4ZNSs2u11xBr1FzQFRgMal8%2FgIMSK%2FTWBzc%2BLG6mlPRDsq%2B2MlSZfkssTkTuiJzXzma1aZrhcpsiIS8QglrMER90jJSFUAxIiI3Ysk9xfjMsa827PDPZCvSfBfwiqCCNAhIIGIyzEqFqyHEnTJtk4TGsCiNUMfmfZV240yOi32I0B9znyMKnkNqHCZHEe8kawjCa2ocoECjejR%2BjIqzc0ZGWFPog07vAi0vqVpuK9cpwT4o5DskY4AzZxqVNIDZnO4ppRxubepE%3D%7Ctkp%3ABk9SR7rs07KXZw
Rhode Lip Tint Phone Cases WITH Lipgloss Set IPhone 17 16 15 14 13 12 11 Pro Max,,£11.60,Free delivery,4 Mar 2026,0,Brand new,https://www.ebay.co.uk/itm/406726289173?_skw=iphone+13+pro+phone&itmmeta=01KJXJMYPBZ5DMJY7X2H7VXB1J&hash=item5eb2c6a715:g:xLoAAeSwyZxpocLn&itmprp=enc%3AAQALAAAA0GfYFPkwiKCW4ZNSs2u11xAqFFxKxSEOIiRUb%2FAV0HhRFdL97pepobmsWMbO%2FOChecIR4XM89tfpjQHv1mP6u9FX0tIKqspIgKbm%2F5fyVsWM9%2BjkVMz8DhzRi2Zq1ICmtpyxRMxSy%2FC074EXmv2FgtSg9xQdq%2BEh%2Bid9qT%2FrwXcpBNNMYcN0U8VsM1D%2FqjEvn1C46%2FiYSn7UURURR23IatlS21ODnv2lvC2FxwYBAE%2BhEXh9AtKane%2B0J%2BmL1IBTwaIH%2BU%2BJgBhXAM3e7SnsEy0%3D%7Ctkp%3ABk9SR7rs07KXZw
iPhone Glass Privacy Anti Spy Screen Protector Tempered 17 16 13 14 15 11 12Pro,,£0.99,Free delivery,4 Mar 2026,0,Brand new,https://www.ebay.co.uk/itm/256787007937?_skw=iphone+13+pro+phone&itmmeta=01KJXJMYPBNYG9R6RHRPC0CQDY&hash=item3bc9b2c9c1:g:3a4AAOSw~bdmG79O&itmprp=enc%3AAQALAAAA8GfYFPkwiKCW4ZNSs2u11xBU16EHtt2rVpRdxDfsVVCyWk9gNOXxKIv7wirHFAzXFfuQ2ukEo72lHR5ng8L%2BkP6xFjAJ3APDY2W%2BCvEp%2BBrZovzYfoeAdvYLcuqWVAwXNn2VHdnrOaJxBTTTcLb9xKAcNJNrdJS7r9EZ2GYFY3hUd%2Bi9T2PzHwbOzlMn9RbC8NT0HXP8%2FuTEOJUoGqGJXmE0PjeKz0Zh5CFVIHOuEIXqCA%2Fn2Ir%2F9%2BrMzmGAd4VcEY5H2JSTapG%2BcvNCBXQQVqKYzNzvG7it1qCNnRMZSDOG6ArZMryLYsW58KT%2Fc9xXRA%3D%3D%7Ctkp%3ABk9SR7rs07KXZw
Leather Magnetic Flip Wallet Phone Cover with Card Slot For 17 Air 16 15 14 13,Leather,£12.49,Free delivery,4 Mar 2026,0,Brand new,https://www.ebay.co.uk/itm/287121188227?_skw=iphone+13+pro+phone&itmmeta=01KJXJMYPBFT7ECMNM0F2C9BWA&hash=item42d9c1a583:g:ZIEAAeSwvcFpgadP&itmprp=enc%3AAQALAAAA0GfYFPkwiKCW4ZNSs2u11xBKTvNaMZO6kLhqVkhECx98zWpkyf9U248Gv7OjdkgfCrqnBHgBFkqVvauIzqy3wBxwtqRREjjrM2ixkA7P2BtL6frYTpHpvz%2BqoweGZVCpn0%2FecaJtQEyVgFEZC7V5AUxJD53%2BNQjohL9wMAvUEGROfTspNLF8GoUoka8kg3Udd5XCdozUrIkeGNlq9CaePAXLLeUku4pS1BsEgm987p2iXr%2BvoyFDVpDi5Mun36E8O3ESsY4wthK7cNU8SHXgsaY%3D%7Ctkp%3ABk9SR7rs07KXZw
Case For iPhone 16 15 14 13 12 11 Pro Max XR 8 7 Shockproof Silicone Phone cover,,£2.98,Free delivery,4 Mar 2026,0,Brand new,https://www.ebay.co.uk/itm/406727202963?_skw=iphone+13+pro+phone&itmmeta=01KJXJMYPB1YJ7BFKMMAKHAPW7&hash=item5eb2d49893:g:kvAAAeSwCBhpi0xW&itmprp=enc%3AAQALAAAA0GfYFPkwiKCW4ZNSs2u11xDrC3jSjYYUR85y2bJbeCkawdJ0AcuYbAeSDds%2FgSbj73kdEqYq60HmXfEN2X85kgQyaFks5rB23y40TraN8GbjjQMidDo8OxbX81sFEN3uIPJV3XdeB%2BQZqDdjDUYm4jBLGiHJLP6DTdrzMUu%2FuUvfonYdYUIj%2Fv0Xh1ZQQGKSrPy0nNsjvqfW56PKFCLmBHJ0BXQiHCqz8jJHUpZOndT1Kh17nPclboP1YyingxAfwmNLGVwqUBU3QsSJK957dAo%3D%7Ctkp%3ABk9SR7rs07KXZw
Tempered glass Screen Protector For iPhone 16 15 Pro Max 17 Pro Protection Guard,,£0.99,Free delivery,4 Mar 2026,0,Brand new,https://www.ebay.co.uk/itm/353349508774?_skw=iphone+13+pro+phone&itmmeta=01KJXJMYPC3TTRRJN41V0W1WT4&hash=item5245459ea6:g:VWMAAOSwPMFkDClk&itmprp=enc%3AAQALAAAA8GfYFPkwiKCW4ZNSs2u11xDBntOV2cnois5rRx4NOQSyUMclsFCb0ioNf78DddlenXIuhSKjnv9pO44gMsyy4aeJFs6qRZv%2FZkPjOPzW8SUWjulmm7Y5fGBzDfLOmrjqfWLwQpZGZhFUJ5aQSmhWYVFQjdUveyBts9atjU%2Fik7GcLkAV0pWqsdczofYo6h%2F6CP%2Bego8gFUHw%2F0FATk1NDjmF7Z8dUl2kxNNY6jFleXMF3tN%2FINTPBWQZVwgCJs86htNWa1xcp2PEnATUUGpzjQVjMqltRad%2BPSUmKMPuvpa1FuiSF%2Fq8vfB4yOnv%2BZ2m2w%3D%3D%7Ctkp%3ABk9SR7rs07KXZw
Case For iPhone 13 12 11 Pro Max Mini XR X XS Silicone Shockproof Phone Cover,,£1.78,Free delivery,4 Mar 2026,0,Brand new,https://www.ebay.co.uk/itm/393582712763?_skw=iphone+13+pro+phone&itmmeta=01KJXJMYPC9QRAZ63WJ8K137FW&hash=item5ba35b97bb:g:9uUAAOSwwy9hjw05&itmprp=enc%3AAQALAAAA8GfYFPkwiKCW4ZNSs2u11xCG7mhIiz7bQ0jYFSDSvAbtE8T03e6oHy6v7si4tM0EmzEHll%2FAG2ofqO1GBp29hTHK%2FZCnv2iRe4u%2BSOB6ZsXl%2Fnch8maH8M2Q39o4uj9zrTgEnqKZ59Zz1YCP2UwRcbMZrQNGhKZcKkLIQgaIeql65cXDRbnu%2Bytujqk%2B8xdL9YHEdJ%2BfgWImMlS7UasPoZlVPhK365gfu3dmu7xjI2eWJisalKefcejAH0Z0FYZJZReXWrPlT%2B4vijObgENyqkX7zbG0dMLqmOkWT88adZSMLLXshdEC24%2BoXi9xlMIx6A%3D%3D%7Ctkp%3ABk9SR7rs07KXZw
Case For iPhone 12/13/14/15 Pro Max Case Soft Silicone Shockproof Phone Cover,,£3.38,Free delivery,4 Mar 2026,0,Brand new,https://www.ebay.co.uk/itm/146707746535?_skw=iphone+13+pro+phone&itmmeta=01KJXJMYPC59JRHZWKQJ6EXHMK&hash=item2228768ee7:g:EsYAAeSwlJ5odOa~&itmprp=enc%3AAQALAAAA0GfYFPkwiKCW4ZNSs2u11xBSCCEe04IJZmUy%2BgR25n3PjX3n1UlPPuD70j7yToHV5VojrM0IQLRG%2B3mmFsRIb2qn%2BP5cgh0Bp1oB%2BqAfX9lK570LtEyMR2qt95CXFmvkNA2K608A%2Bh08238ap0fmPjPKHjQGHD9X0%2BDRVs5SDrnMNMq75sNeIAVwj0aP%2F8vBuLYMhsAW7rjjOTYxVobxSfrC9z5d0aNb2S0PqlL2AxVzZAxamFThNEPtPX81xTc73qP4vg0NrelxfDuFFP90s08%3D%7Ctkp%3ABk9SR7rs07KXZw
Waterproof Underwater Phone Case Universal Dry Bag Pouch For Smartphones,,£0.99,Free delivery,4 Mar 2026,0,Brand new,https://www.ebay.co.uk/itm/314900125450?_skw=iphone+13+pro+phone&itmmeta=01KJXJMYPCQRN1GFAT8C8HTXC7&hash=item495182970a:g:xFkAAOSwkttkgGtC&itmprp=enc%3AAQALAAAA0GfYFPkwiKCW4ZNSs2u11xCwBdgTr5e3jiQ7JxY6nrPKqGGJg%2FrzhBOW9q6DlOhqKIt74uM3IlTKeJ6BPGAl2x6CSlBIhLcm%2BknRj0fXYnRJLzPGW2rR%2FP4xvMiaBY6SAczDHzOlb75xBLnR0uBviwZ9F3%2FMPy3Lh6%2FTW3GEJsviS34IvT4fxT8G2hVBOJBxf%2FLC02GCDNkWBZilc3vwQjelkrWV8vHsgQjeY6c1vavi%2FJuQs1jELzihDmoQX2awhn1g5ZTcf7QV5V7uJ9JMz0U%3D%7Ctkp%3ABk9SR7rs07KXZw
360 FULL BODY Magnetic Phone Case For iPhone 17 16 15 14 12 13 Pro Max XR Cover,,£3.47,Free delivery,4 Mar 2026,0,Brand new,https://www.ebay.co.uk/itm/146167311944?_skw=iphone+13+pro+phone&itmmeta=01KJXJMYPCP72AA8PEJTEAMMQK&hash=item2208402e48:g:3VMAAOSwMGZniNDs&itmprp=enc%3AAQALAAAA8GfYFPkwiKCW4ZNSs2u11xCq0g5CKpzJbI0RjwofBJaRjoijjiN8Um2WQiDHFwNpTqha%2FdOjcPxrBjbmQU4zXbkhn6nkSYGMXpl%2Ft9uIEZILgbLvBgbmu8G0GaCYkGiBDQdL%2BTj2TlfuR%2BfLP7DgdL4NO85LkoZ0bB8ymJCDzlHGb4QtrpxwfRabYEm71MU%2FLSptExiWVYdspgFpRhUE89TkWotNr4OAEt6uDP8%2BvST%2BuFBMrxq6kWC2wXRuoG4O5Ek5uUHE4%2Fk63YglQVF7YBsaO2kYFSGwNyrNbx%2BfiBw5gUfwhXFrNE9gtt8jf3TVeg%3D%3D%7Ctkp%3ABk9SR7rs07KXZw
Diamond GLITTER Case For iPhone 15 14 13 12 11 Pro Max plus Bling Phone Cover,,£4.99,Free delivery,4 Mar 2026,0,Brand new,https://www.ebay.co.uk/itm/226255273214?_skw=iphone+13+pro+phone&itmmeta=01KJXJMYPCXYJ4M37T1CJ25T11&hash=item34addd7cfe:g:tu8AAOSwBmJmnh-0&itmprp=enc%3AAQALAAAA0GfYFPkwiKCW4ZNSs2u11xCfZm5PhITavGW2JigZd2LV17MRjAL%2FPsEpUFzb6B59KmCeW2au1BJ93fuXQ3ig84A5vIG1AnbFByn37vOR%2FY8TnL7r0pYSbqMmQjRJDZ4Kl%2BRCvEDLZzngT1Dn1A4RsQrwteL9rqWu%2FRnrdlUW%2B%2Fst9Tf4BlOOdXKDjPGOb2%2FUWMHZ1WJzS5vvRyq%2Fv4m3vTUSPoIvUEUTeeJgKIYSPNN%2BLnnvvWyTvCZzf96zqj3JzQqHy0t0B74qBLBJYrPphL8%3D%7Ctkp%3ABk9SR7zs07KXZw
Flip Leather Phone Case for iPhone 16 15 14 13 Pro MAX 11 XR 12 7 X Wallet Cover,Leather,£0.99,Free delivery,4 Mar 2026,0,Brand new,https://www.ebay.co.uk/itm/296225410637?_skw=iphone+13+pro+phone&itmmeta=01KJXJMYPC755AE7W1CYNBM7ZW&hash=item44f8690e4d:g:0SMAAOSwrZZkSkr3&itmprp=enc%3AAQALAAAA0GfYFPkwiKCW4ZNSs2u11xBZ5KDMkw1wM8CGF0N1GXE38ezThctnM6wbAzPuuJXHXfJU%2Fv%2F2McLMtYwovbdL9GcuEJei3Jp73H8%2FLGzCWfd24MwS5COJRPeA9jtBUfxjGo8JxOlis8Trc%2Fi1agNVGfKnveUPpveXwrRrrDCdRP915eYpn969BvZosTfGgbXeD48UvyS0T2NKa9m9oya44pT2nd8I1TwYmE774pCH7FpIlHcAvH7RP8Nt3HiI9QV4zAU5WeC%2FzgmmLfFR1I3lPs8%3D%7Ctkp%3ABk9SR7zs07KXZw
Personalised Phone Case Name Shockproof Cover For iPhone 11 12 13 14 15 XR 16,,£7.95,Free delivery,4 Mar 2026,0,Brand new,https://www.ebay.co.uk/itm/204570725801?_skw=iphone+13+pro+phone&itmmeta=01KJXJMYPCQ8SMWJ5FG5XY6X1C&hash=item2fa15d8da9:g:874AAOSw1jplcdNM&itmprp=enc%3AAQALAAAA8GfYFPkwiKCW4ZNSs2u11xBf5KHZZ0TJtRFuh6HrXGWzHKWdMrFrLa%2FYePzuSmRtmXTiUe%2FYG3o1qSVQ8eymMQCK2g%2FHc03GJQunO%2FAGzNMYIpkwqiWkixBmOfqc8am%2F8BzKEviKYqhqBKDC23IE4fJkNarW7fXiLcbeJQfGDQ67VDKUn7t%2BwWmMq8qXKIk%2Bn0cbazrFTz7tK7xZ9jPi98wLITR1TemJ0bqlWU56EvqWzMfvYhEQc0cyZoI2YcqmxGZVf1OnC9UAP6wrpP7xwl9yxkotl3yvPHpcignDIRUsBiYgRz5Pfct669unqdkQcA%3D%3D%7Ctkp%3ABk9SR7zs07KXZw
Flip Phone Case For iPhone 12 13 14 15 16 Pro Max 16 Plus Shockproof Stand Cover,,£7.66,Free delivery,4 Mar 2026,0,Brand new,https://www.ebay.co.uk/itm/395947826881?_skw=iphone+13+pro+phone&itmmeta=01KJXJMYPCJ1754MSHGAPB0C50&hash=item5c30545ec1:g:sc0AAOSwdOJnSC~p&itmprp=enc%3AAQALAAAA0GfYFPkwiKCW4ZNSs2u11xDKefasP3w4Ya58Ya3dbDQOK%2BOsx8KleQgr810dGX6ph9jF0KVXSSDiJhFAMBi3w5iKrM%2FhXw%2FmonS88e%2F0aq%2By6o3H%2BOaX%2FMausWxmBzTNqqcTM6ott3bkwLNa5gq2BPKvusfRfku4riS%2FALFxmGR3ljufyec71DCAuIIRt0wD0g5g0lAq6zcQ1EDW6h89xVVL16Tu2HnNDNynzHXYCGnS2zLmSUW9sJ44Vsvl%2BZbvRNMTbFYLOvSFzWphD8hJWSg%3D%7Ctkp%3ABk9SR7zs07KXZw
Shop on eBay,,$20.00,,,,Brand New,https://ebay.com/itm/123456?itmmeta=012DEW30YG0MEEKND7NH&hash=item123546:g:acwAA9KNiJowH:sc:ShippingMethodStandard!95008!US!-1&itmprp=enc%3AbgepL1tlUHjMGCVfSTGJh%2BzsVKeJ3CQk7NizDI4BZeppuFnmyS6Ijyp8lh%2FnEw%2BWqO7uTV1Q6izE1R0T54aV8j71F4xlWfVcGft4%2FiOQhtqVXA1rW6M1atPARQRmhqUxtEPJKhKtSFgI%2Bvwlzb0GwVCtkp%3ABlBMUObkmabpYw
Shop on eBay,,$20.00,,,,Brand New,https://ebay.com/itm/123456?itmmeta=012DEW30YG0MEEKND7NH&hash=item123546:g:acwAA9KNiJowH:sc:ShippingMethodStandard!95008!US!-1&itmprp=enc%3AbgepL1tlUHjMGCVfSTGJh%2BzsVKeJ3CQk7NizDI4BZeppuFnmyS6Ijyp8lh%2FnEw%2BWqO7uTV1Q6izE1R0T54aV8j71F4xlWfVcGft4%2FiOQhtqVXA1rW6M1atPARQRmhqUxtEPJKhKtSFgI%2Bvwlzb0GwVCtkp%3ABlBMUObkmabpYw
Card Holder Slot Phone Case Cover For Apple iPhone 17 16 15 14 13 Pro Max Plus,,£3.99,Free delivery,4 Mar 2026,0,Brand new,https://www.ebay.co.uk/itm/116055419092?_skw=iphone+13+pro+phone&itmmeta=01KJXJN5FFG48PG5H13GZNJBA1&hash=item1b057128d4:g:ufcAAOSw0q1luqse&itmprp=enc%3AAQALAAAA0GfYFPkwiKCW4ZNSs2u11xDizQjyW%2Bqx9Lot4mipNyH6RIjFrYwlGrdPE6Qrkl7mGqtzLv7vAB94Rsz0oq6so2Y2Kf6hNEpjMjfwYG63LAxR9xvmHXaDv8rf4wF%2B%2B0sgS9uIs0pjBjfSPUsuu2Z5tzlA%2BjzqL4Bp%2FGlYAwXbDKHapqN2r7cTbg7wewMZUuHS0J8AwGmrzl2f1ZVxALzuiCyBmoO%2BgpUYW3hDsnSEy2eFSwI3SYqefr4ioYL0Zg8q67xposECRBbabhmWmWyoEpY%3D%7Ctkp%3ABk9SR-7Y1LKXZw
Privacy Screen Protector Tempered Glass For Phone 17 Pro Max Air 16 15 14 13 12,,£0.99,Free delivery,4 Mar 2026,0,2Pack Case Friendly-iPhone Air X XR 8 7 SE Plus Mini,https://www.ebay.co.uk/itm/117022444766?_skw=iphone+13+pro+phone&itmmeta=01KJXJN5FF52K3A7BEWZCBWP10&hash=item1b3f14ccde:g:idgAAeSw4VRpMtyR&itmprp=enc%3AAQALAAAA8GfYFPkwiKCW4ZNSs2u11xDS0nfg9%2BLGNhC4mP%2B2Nq5h7PwImy7dIXJEP%2FFVvHlWu7XBMevFeT95bsYlGrzdH0SbY5OdE%2F6KlxhIJ67MQNCZfkCwdP3wtqaPIw7b0f%2B758uSqAzaup1Y12TN%2BaNcrpuUl%2FLIapxwY7LduvYv%2BVMSYBlGuZPLmxQGXHy%2FShaK7krXnuykIoBmv%2BYfkN0Go5CQgJgzPulHo3iwOJXDo90kSJFKuLE%2B6iZB1OWv6jrxiGCRUaPeWBahIe3WVvgPCn1BdbxztNs65dS89UC4nOvD6q46T5692gpfcuhIn5CAYw%3D%3D%7Ctkp%3ABk9SR_DY1LKXZw
For iPhone 15 14 13 12 11 Pro Max Shockproof Funny Knife Shape Phone Back Case,,£7.99,Free delivery,4 Mar 2026,0,Brand new,https://www.ebay.co.uk/itm/364503345181?_skw=iphone+13+pro+phone&itmmeta=01KJXJN5FF7KZ0TBYCR9TQQNC2&hash=item54de17a81d:g:y8cAAOSwTgNlFTLX&itmprp=enc%3AAQALAAAA8GfYFPkwiKCW4ZNSs2u11xBy7Bj3UQ136r0J1tnvyjQ7SbTCvXnUpC1wxzF%2FtMDeptCEwa%2B%2BhDhmEoEAHhyRO5B8o4KeDHT8U2DaztEFHP0cT0Gl8%2FwlQxpQGSD6CP1nAqTZk8MygDRgQXcs1JWSGJhKfWx%2FdgbKdSK3I34vna7J9%2BUXn1%2Fh5e%2FVk1Vv73eDPSb24uE9o1NTfRrx1Z57ldKdf4dwmoJLXvwPBwbyslzDgsSZTM%2B1vioiHq6NpV66IFI0JA3HbvSJHkRR2Bp2OUFDWZ0OHWqFxCmXuZ9bi92%2F2XYcmHh1lDisXdZJzL0MmA%3D%3D%7Ctkp%3ABk9SR_DY1LKXZw
Personalised Phone Case Photo Collage silicone for iPhone Samsung Pixel,,£6.99,Free delivery,4 Mar 2026,0,Brand new,https://www.ebay.co.uk/itm/276287984860?_skw=iphone+13+pro+phone&itmmeta=01KJXJN5FFQP5DKPNM8G044SMQ&hash=item40540c14dc:g:wzIAAOSwe~VgbuIC&itmprp=enc%3AAQALAAAA8GfYFPkwiKCW4ZNSs2u11xALZ0nZDv3lo%2B%2BZBh2ZkduBOOsHgIifrjJkcmAtzwiwbmrRUxAgzrZp3HTAeLOrzueqUXKw8Sk6EDeYy6Z9oqlSLvluqHpeCSxddnk4GAHg5REYFV7Su%2Bre6dDK3paE2cWgPMDCZDTUA8sjKWo7e90r7J32gf7ne7nJrds4sKN5iVEafmCZDSpBD%2F2YPoDdrxhJpIJaQ2qemVqejqaIvl7P9POLx%2F0JQaCWHgj1xEkzUUhW0QMHfU2ZFf9U9H4gbG5X%2F3IGAR06umiWlqEjgWx1T11LNKSlLa0RODiKcI6IQg%3D%3D%7Ctkp%3ABk9SR_DY1LKXZw
Personalised Phone Case For Iphone 11 12 13 15 16 14 Name Pastel Silicone Cover,,£7.99,Free delivery,4 Mar 2026,0,Brand new,https://www.ebay.co.uk/itm/204609268418?_skw=iphone+13+pro+phone&itmmeta=01KJXJN5FFQ0A5H5J2JD1F4EZ4&hash=item2fa3a9aac2:g:ZXEAAOSwfttlhC9Z&itmprp=enc%3AAQALAAAA0GfYFPkwiKCW4ZNSs2u11xDeeSX7UpyU%2BfC4s%2F5HibAkFVipyjRzr%2BcqdCR8WG5TLbK27FDaLC%2BOY1VeljVnpMv%2FyyatfwrFnxONy8soMjsLDkvZb7uIrCYjkJ8ZT2N48oxWkFfxwfCFzUW1NIBQdqdLpDE414tNZavIo5tEJfcAkaYrcnpUneODMKhTllEsB2vCMEogBReRo6g%2FKcav6UZdSBrkS6LI06k5w0Etotx%2B9IM8srYN8VFKqRBqeskBKDxoAtSKtEHDe0VGAMbVja8%3D%7Ctkp%3ABk9SR_DY1LKXZw
Blue Police Phone Box Tardis Design Faux Leather Flip Wallet Phone Case Cover,Leather,£8.99,Free delivery,4 Mar 2026,0,Brand new,https://www.ebay.co.uk/itm/161826422235?_skw=iphone+13+pro+phone&itmmeta=01KJXJN5FF0YHYA6S098EZ9J0G&hash=item25ad9b3ddb:g:r4EAAOSwQPlV9zbO&itmprp=enc%3AAQALAAAA8GfYFPkwiKCW4ZNSs2u11xDsxWFmcc4fpGpEpyf%2Fu%2BjQn30A7t5wGzqsQx6d27Tlqo1w%2FEunlO5c1JqtJZYsjhhjBlz1Edcrpz4Bd2vM6Lske70sQWerVCfUyJuUHfByBr6%2FodkUeeSKJHTjL1bOdWcIV%2FKLiBkdH3XX7IBP7AUBvfNDQzsV%2FCqj6WByNfSyB0JRgXIpyV4ix9oOkBKH0VSrtKXlSiKVPKEInKnMC5ns5delGsxffMOuYNdxLsfY7riZssXgyJeQsgUIZ6eKKMzv0EB9wiqRmiaoyLC3zVxj6S1c%2BxXoe4S6urVVIGOMwg%3D%3D%7Ctkp%3ABk9SR_DY1LKXZw
Phone Case For iPhone 17 16 15 14 Pro Max 13 Ultra-Thin Magsafe Frameless Cover,,£5.99,Free delivery,4 Mar 2026,0,Brand new,https://www.ebay.co.uk/itm/287040163763?_skw=iphone+13+pro+phone&itmmeta=01KJXJN5FFWM6YR8KA5FPKKB5E&hash=item42d4ed4fb3:g:1PkAAeSw8wtpRO6b&itmprp=enc%3AAQALAAAA0GfYFPkwiKCW4ZNSs2u11xDNfoMyr%2BMxLRsdhD%2Fzg1mseqj%2B9yjkNB61FmKmTlb%2FSCroaMCQzu68vH223dqnI4e%2FoT86zxutSIy3t05RNtOnegOC16mipW3Z1fEwzDiWmpR5dTGqy3N5z2MtJEYp0fhbFLMEjS7jNvtwJNkAZ0gJglWg7sXnZVTpZnXGpkEaGCCNgI8lTKUmF2ikT4QAslxc4dMl8S0Nm8%2FQCJsB93nyyoa2iyYYygP8hDMHDzq%2BQCjfcW6rlRRWIxv4U1NuRp4%3D%7Ctkp%3ABk9SR_DY1LKXZw
Rhode Lip Gloss iPhone Case Fits All Models Protective Phone Cover With Lip Tint,,£10.79,+£2.94 delivery,4 Mar 2026,0,Brand new,https://www.ebay.co.uk/itm/406559500832?_skw=iphone+13+pro+phone&itmmeta=01KJXJN5FF0B7HCR992RRC24QX&hash=item5ea8d5aa20:g:4jMAAeSwhD1pW9al&itmprp=enc%3AAQALAAAA8GfYFPkwiKCW4ZNSs2u11xAIC6OfoVRQIIxfESA9z8C5HkyRzKAJNGOWcLqNB3OQB2QUnJAutYNztKQFhCpRzlpcPWs6sLoEIhQV4rzSDv6Lq320vyqlxaU7bYAWkyFtLAUWKghHhBLM5ONnZcTbrEm7KF2SRYqYTgpY9hbk16vUc%2FGfHLHJoccK0BpfklIL0Wycmi1onmbhd5ZNpsPyG5cRzhAUYeqTKJF26D8R9mWQc0T%2FuRnLUWqgxGszfUAwGOxeAOpCNlUFs0u5w%2FGFj1Dk9FMAvl4oQaVHBCbU%2BVAv4vsBpldSMm1S1JquxIzLzw%3D%3D%7Ctkp%3ABk9SR_DY1LKXZw
Case For iPhone 15 14 Pro Max 13 12 11 XS XR X Flip Leather Wallet Phone Cover,Leather,£1.99,Free delivery,4 Mar 2026,0,⭐⭐⭐⭐⭐ BEST SELLER ✅UK ✅Wireless Charging ✅ 5 Colours✅,https://www.ebay.co.uk/itm/266903479511?_skw=iphone+13+pro+phone&itmmeta=01KJXJN5FFMR8XJS5FX09ZQB7E&hash=item3e24afe4d7:g:shQAAOSwJ5Zmko6k&itmprp=enc%3AAQALAAAA0GfYFPkwiKCW4ZNSs2u11xAeE7VuGGw4mlyXj0%2FRCHOtM5qPJsr2bOCvfTicC65ebau35TfE7Er2ga%2FRklQquv7L4xq%2BVS1LvsGJbrcFbUBv%2FbOujjMs2j1kQWvDZWF%2F0nM0ty53utqhurSS3S00Z5rn4nhM24hO4h%2BoxuW30JuKAouLEQs08oTRhseah4fmU04o%2FZXlVgo0HXA5gDseVP9a7YXh1dlCGYXl4b54XxlDwkv7geZouxS2e3kDbFBbwzQY1IWYKBrbgxahFauSCJE%3D%7Ctkp%3ABk9SR_DY1LKXZw
Silicone Case For iPhone SE 2022 2020 7 8 X 12 13 14 Pro Shockproof Phone Cover,,£2.84,Free delivery,4 Mar 2026,0,Brand new,https://www.ebay.co.uk/itm/194979514602?_skw=iphone+13+pro+phone&itmmeta=01KJXJN5FFP7XDCZ5DZEMKG115&hash=item2d65af48ea:g:RmAAAOSwzqpiWPad&itmprp=enc%3AAQALAAAA0GfYFPkwiKCW4ZNSs2u11xBBAIKaNkkMbZhl%2FCKzA9UJYfcOC5arkIFA5KexOarj2sx%2BDHiEX0%2Bez%2FgJ%2F36LLTU%2BMOfN1D2O2jtn1yUPR%2F5ItmKnerg%2BD7vWtsnrfXwaJs2kGRYSkzZ5grzj%2BGXqXTf0%2BrZtI5ba8Kph2QEj1cWgjv63UGjcYahiizsH4D8S9BrrOs3RszZoY%2Ff8awcb3YrRcuNtKJboa1uHYdSZo0%2FKu%2BMP8GEDeMOXIKhSosajdJ26GqJ%2FjW9cApo%2FCYh%2F8cQ%3D%7Ctkp%3ABk9SR_DY1LKXZw
ShockProof Strong Armor Phone Case For iPhone 17 16 15 14 13 12 11 Pro Max,,£2.99,Free delivery,4 Mar 2026,0,Brand new,https://www.ebay.co.uk/itm/389579223972?_skw=iphone+13+pro+phone&itmmeta=01KJXJN5FFEDQM4GB6QADEE6RV&hash=item5ab4bb33a4:g:~7AAAeSwQ4Jpg9HR&itmprp=enc%3AAQALAAAA8GfYFPkwiKCW4ZNSs2u11xB3LJ8L%2FyX6JkU1ku5%2BSSjpyrwdURAcIdfjSWWHhbQnKn9Rk1YTppohCC5%2B2taG5mIX84%2BWrRra6Sqvkpm%2BHZH72C67eAP%2B8L%2F5ojxz%2BV%2BEEDHcd%2BeCYULpayuLO1DX6k3N5GzGGJJzy2jhuiaCOdm7o5xQozLFdSvidMvbZSNNKccZ6FRbniBnXEWVNK%2BwurTBhLU8no705eYKWJ%2FVQl%2FeCC3nL7EiLTFLL3s8RxFhj4nWGDKwM3Kb7%2FLF7o7waL%2BPPAs0%2B6DwaYnhWZKp2lJ%2BKRTqohgsPCgy69zjhnXmbA%3D%3D%7Ctkp%3ABk9SR_DY1LKXZw
Apple iPhone Gym Running Jogging Sports Armband Holder For Various Mobile Phones,,£2.95,Free delivery,4 Mar 2026,0,over 11400+ sold iPhone 15 Pro Max 12 13 Pro 14 promax,https://www.ebay.co.uk/itm/123772270135?_skw=iphone+13+pro+phone&itmmeta=01KJXJN5FFD5TZ08NAFH7QMCDW&hash=item1cd166f637:g:tjEAAOSw2YZc4B7-&itmprp=enc%3AAQALAAAA0GfYFPkwiKCW4ZNSs2u11xDcYKzQf1SxGligh2%2BlKIkI63jwPVvq3VlaGu9MEp2L%2FUh7pRKeW4FtXFkLfs%2F%2BtiOqt2WQrh0FkG%2BAXP3SCu1QzrqxfDkoi0Z1ylXTrRU47cnr8ahnZkMb0vDTE8WPemNlJgy%2FodgUB3VNEPJM2ATPj7FDR7%2BYM2KmmOW9o3yeNmS545v2Eo%2FKbQKE6a2dVoEXXMJN1lYeGP%2BgDce19ixbXsHdHmPAEWXs%2BxpXyqe1T3WQu0fhDNcgwO5X%2FuBll%2Bs%3D%7Ctkp%3ABk9SR_DY1LKXZw
Clear Case For iPhone 16 15 14 Pro Max Plus 13 12 11 SE Shockproof Phone Cover,,£0.99,Free delivery,4 Mar 2026,0,✅ UK Seller ✅ Fast Delivery ✅ iPhone 16 15 14 13 12 Pro,https://www.ebay.co.uk/itm/335607282644?_skw=iphone+13+pro+phone&itmmeta=01KJXJN5FF9Z13JH4EWPHEDCHZ&hash=item4e23c0bbd4:g:XCwAAOSwKihnAxH9&itmprp=enc%3AAQALAAAA8GfYFPkwiKCW4ZNSs2u11xDwYPCzB4dlTsRYFKqBsJqNisUMUllIwS0PZM%2BYW3h0eYIl0zjN1d1CqPUXwCgi02Q36o09Xt%2FcQyFO8DaqrejhiO4%2FEc5e%2FHja%2FTsETOHckHPYqCnyoxsybT6eCt9gqDgiT%2BGSDup%2FCC0552yW7LkzmNWxHaJ8X0VQyRv4yq3QGAiyXzZNrGZJBPzdW57gDP5coJ2grgp6nlAmQXdP6ZRnIIg2k1GTrz6Eym9X70dCYyIs5uPRY6Gap1nLgRsfTsubanXP2Xmq%2FTawxrip01ktOY3eW57rz7hlmFLSIxfFIw%3D%3D%7Ctkp%3ABk9SR_DY1LKXZw
"Star Wars Mandalorian Phone Case for iPhone 16 15 14 13 12 Pro, Max, Plus, etc",,£9.99,Free delivery,4 Mar 2026,0,Brand new,https://www.ebay.co.uk/itm/127482587929?_skw=iphone+13+pro+phone&itmmeta=01KJXJN5FGZAH2MJR3ZWWW0QF0&hash=item1dae8deb19:g:1HAAAeSwS6xpEgiw&itmprp=enc%3AAQALAAAA8GfYFPkwiKCW4ZNSs2u11xD9XsjZwQ2BtnH%2FxAYq8e%2Ffy16OzuqK2oslRHiqYrkQ9KiEL2oTDlCSNzuMkXJ%2BYmDATYRc1lGMXb%2FoTzTGzSQMpAlEdc6GssJc%2BoO3L7HgdgYHU4%2FGLYNkMQfKFg9gmXC1tJehCbsFFkgg5mF1d0q29RwI3WZHLlzrOPM2RSqyV%2BsvWJBAX4v%2F9H%2Fu3WzYtQc6bUeZ9fyIdNEki11qNPj3oHKBCwymIkuzgz1dpC5f803ylrNq2pikR%2BMrfMMxZVDzPWCKvvSf1M0fUtqh%2FsVPp8V%2F8TRUxNFPTGUXIt2aZg%3D%3D%7Ctkp%3ABk9SR_LY1LKXZw
Magnetic Leather Phone Case for iPhone 17 16 15 Pro Max 14 XR Wallet Flip Cover,Leather,£2.79,Free delivery,4 Mar 2026,0,For iPhone 15/15 Plus/15Pro/15 Pro Max,https://www.ebay.co.uk/itm/225241903369?_skw=iphone+13+pro+phone&itmmeta=01KJXJN5FGKQ817YQQVFHC2BQ6&hash=item347176b109:g:i8AAAOSwJd1lCRSc&itmprp=enc%3AAQALAAAA0GfYFPkwiKCW4ZNSs2u11xB8uMTujN1Hy0pPPsvuLE%2B%2Bnoqmby8lcUOzIDkIRhqgAhP2ObBVukNGJ7F0ltjrcnQYIm7NVRTuKZHsLPbXahY7CfeZh2EPKwlOHnFJVbGCQgS8cz%2Fp15LsOyvHVSaMd2qR6aBpYGYr9MyhRT59pXMbi4j29C7bxiY80PtIMDOV6D6j5CxIx4CsXkUVvok7PpUDbGJ50WrOwYBAltQzECQMPj2TOYXgr28pYxOJWQwaQJqa1WJS7c8pMDXML5JXnYU%3D%7Ctkp%3ABk9SR_LY1LKXZw
"I Phone Scren Saver Tempered Glass Screen Protector iPhone 16 15,13MAX,14,12pro",,£2.98,Free delivery,4 Mar 2026,0,Brand new,https://www.ebay.co.uk/itm/146672583046?_skw=iphone+13+pro+phone&itmmeta=01KJXJN5FG5RJP25AZ6EWDYEH2&hash=item22265e0186:g:tJMAAOSw4LFoXDI9&itmprp=enc%3AAQALAAAA0GfYFPkwiKCW4ZNSs2u11xB3fUIGoS2FJwVNbO%2BwVWHYZApkAgBzUGLatb%2FOLVgMqkDBhnzg3C3LJxVacSW11gz%2Binnfo2hgRx6owVN0%2FBgYelFdau4OaE0hMMo4F0z1suuJiDK%2FHU0NTR0ThJvE3tNf3yNOF0Jh7%2F9ISpWgDp%2FvwYuvccDd0zgiBSA77GcgkyFw%2FOCWxswd8RwRlJI6LdqeET4HuniyHyOwr59X9IZgQl1fe0%2FjQppmSaWFTVD2IGuDQf5JTQlhJn%2BvhKAoE%2FY%3D%7Ctkp%3ABk9SR_LY1LKXZw
100000mah Power Bank USB Pack Backup Battery Charger w/ 4cables For Mobile Phone,,£7.89,Free delivery,4 Mar 2026,0,Brand new,https://www.ebay.co.uk/itm/389207986405?_skw=iphone+13+pro+phone&itmmeta=01KJXJN5FGFE98CWVS0S5V22BG&hash=item5a9e9a90e5:g:Ko4AAeSwUW1o5HXW&itmprp=enc%3AAQALAAAA0GfYFPkwiKCW4ZNSs2u11xD%2FrwGA0r%2BqBBinV5I%2FL0Z5Sb7XEeSy%2B%2BaQr6gB6wVXTTyRs7e4QOo3i7SRYgs15dNUdlpDjxeK7TEmyTtT4c7gmdgIrYuNa3U29nwOcDWcmDEpZsxdmeJf49BMVs3cdMYt01iAtceJJxgoQSbvABZPsBU0ni2V0ORYtYSxrslda2A94yGkrzItWD5nvyt3mYelI%2FfdXVdixtb%2Fd97cxb0S9L8R6M3tdAaApYVA1G4IPpYaoiHe%2BdxeBkOGALAYxDE%3D%7Ctkp%3ABk9SR_LY1LKXZw
Custom Exquisite Marble For iPhone 16 15 14 Plus 17 Pro Max 13 Phone Case Cover,,£6.97,Free delivery,4 Mar 2026,0,Brand new,https://www.ebay.co.uk/itm/366212994059?_skw=iphone+13+pro+phone&itmmeta=01KJXJN5FG0X5MC8QMTJ4YF6J1&hash=item5543fed40b:g:aysAAeSwPu1phwND&itmprp=enc%3AAQALAAAA8GfYFPkwiKCW4ZNSs2u11xCuOazWFL7JB%2FpoqMlrr9JFAO3zBUQelkiHycD5ddRGc7EOwtDYEdA%2B28fcA1W5yEDHFrpnsbhbhmCDzDZ5pXaau9o%2B98dX0FSsbiPVPew48Ye3j%2B%2FDHtr6fwY1uBk2Fmh2QnVeRCHEP8FP7yYZzDr%2B8G8%2FEi%2FZr9Dc1w32WrdxsNDDrOCC4J6RjrMZY6zPxcM8qpPpYOXY81v3aDSlc75DicA46Zdq1SB3QAw045p5tiQ4xgm1DohvmGHWxxRD%2FQZuWViXGshqTlgTd8Rdd0Xy1g8G1RYsySXSK%2Bg3Sx3Zxw%3D%3D%7Ctkp%3ABk9SR_LY1LKXZw
Case For iPhone 16 15 14 Pro Max Plus 13 12 11 7 8 Clear Cover Shockproof Phone,,£0.99,Free delivery,28 Feb 2026,4,Brand new,https://www.ebay.co.uk/itm/389647332038?_skw=iphone+13+pro+phone&itmmeta=01KJXJN5FGNF445NF109196Z1A&hash=item5ab8ca72c6:g:EqIAAeSw7ZRpmDI7&itmprp=enc%3AAQALAAAA0GfYFPkwiKCW4ZNSs2u11xDKazoPtvabvtRhZt1HhAXqbF4MNne0SwhO%2Bue3IpjGvZsYnTAKIxrW3KPGW%2F1Vn%2Fo9Bfl3dQ3pEAXvFPI4NRbRTjO6iTaOKoJjNKCq6dboe3SGGf8NrVjZH%2FQ5F5OyOPKesx668SbI8pVZSKXzzQwiIHLcOLGQlEBrFN1qpRxyxE1o4ItoulcjtmIONpG0iyewOgYl1gf2YNwXKm2nJh5BuDW8v2nx3L2qp23%2FWYxeu6y9A%2B1beMXvJJ%2BG31JtH78%3D%7Ctkp%3ABk9SR_LY1LKXZw
Fashion Shockproof phone case suitable for iPhone17 16 15 14 13 12 Pro Max New,,£11.03,+£1.19 delivery,4 Mar 2026,0,Brand new,https://www.ebay.co.uk/itm/397670113916?_skw=iphone+13+pro+phone&itmmeta=01KJXJN5FG8YY63DFMD24DMKJ1&hash=item5c96fc627c:g:5wEAAeSwA~JoziD1&itmprp=enc%3AAQALAAAA0GfYFPkwiKCW4ZNSs2u11xCLXjAengoYrCT3poPFpZxJqgyjMAi%2F80yVoOZ%2FN5pYHLrTvd6M5nkdUN%2FwKtE5qeJkGXvXj7UhdNkGUyW8kJVFpzXLcf6Tvy5f86sfe3sBc58Ut8tjPpYVxaZHsG%2FwFdbKttBqtsfEMtZVh1%2Fa2S4YHXuGPLeNRH7NbZ6SWm3mCtvS7GUIeq5cDrewj6FYKnufp0PhEL%2BmT2%2BhTjhSHNU9kHhYGjc6k%2BZV2rYigux1YGrSjcE2aMixlFUplS4apjk%3D%7Ctkp%3ABk9SR_LY1LKXZw
BEAUTY AND THE BEAST CASE FOR IPHONE BELLE DANCE QUOTE GIFT HARD PHONE COVER,,£3.99,Free delivery,4 Mar 2026,0,Brand new,https://www.ebay.co.uk/itm/182841163250?_skw=iphone+13+pro+phone&itmmeta=01KJXJN5FGDQG436RYQ9SGCDJY&hash=item2a922ebdf2:g:IZQAAOSw5AtlRpfm&itmprp=enc%3AAQALAAAA8GfYFPkwiKCW4ZNSs2u11xCFvxRGMuDXm0Pvi%2BwY8KHCoJiMX7e6wSL66Uh%2BFrrODtmcO5CxG1IEfIxKRS5DQM7Vkp1de62nnV2TO7OAWPk0g0kQPCJN51VqlGKEObpqeqq666imRYZXI1H7M63zsHQDprLI9C3E%2BNKDrw86SFZSYxxd7DCI0QOccTK1iOtUHn%2FGfzhisz3k4mTI1IIO6hFaMwCXNGnNyxaVmGPlOz1I2bka5MD8nhqTJzkRchodBHYNicG6U9H8joO8bql5uvewTpKeG%2B01MoIgqhRP4lVT%2BOCx0vrFsml4JrC1r1LalQ%3D%3D%7Ctkp%3ABk9SR_LY1LKXZw
HIGHLAND COW FLIP CASE FOR IPHONE SAMSUNG GOOGLE SCOTTISH MOO WALLET PHONE COVER,,£4.99,Free delivery,4 Mar 2026,0,Brand new,https://www.ebay.co.uk/itm/184980506453?_skw=iphone+13+pro+phone&itmmeta=01KJXJN5FGJ3QK65C98RGZ371P&hash=item2b11b28755:g:VyAAAOSwdbNhCZ4R&itmprp=enc%3AAQALAAAA0GfYFPkwiKCW4ZNSs2u11xD0PbbHGdfkqx6wPFdWVNA1JMS9uWxzPqMWHD%2FitljZCMo8Gh6nuEEJ6BJRHdY8QSMv6J0Lpu6rwXufBomPpMQcMMUUXI0a%2FGLEeizgMcfAVKUzCuYmgEQpGkuc9bmGv4N8EeGnqiDco7yTwSAb0rY5W3k5E0y4preKkptUXrNgJPCRu69lCsNPN%2B4ryDuHc2dmnKAFM9%2Bl3Kc6KziS%2BquGNxDGe6t7uO%2Fevy8CVZvZHtrsZOc4SpJ645onI%2FfeSqw%3D%7Ctkp%3ABk9SR_LY1LKXZw
iPhone 16e 15 14 Pro Max 13 12 11 XR Case Ring Stand Holder Silicone Phone Cover,,£3.89,Free delivery,4 Mar 2026,0,Brand new,https://www.ebay.co.uk/itm/225773546403?_skw=iphone+13+pro+phone&itmmeta=01KJXJN5FGP7ZXEZCDTDGWKVBS&hash=item349126eba3:g:ex0AAOSwLqllA~hc&itmprp=enc%3AAQALAAAA8GfYFPkwiKCW4ZNSs2u11xAW0y0e4V%2BRqceQhxbQoM6FC5xSPzAo1PNWb0C0vcEVfZrbDyaoxttReN%2FmAxnHJKZ%2Bh5QapdPp43VquontpkRcvPd%2B9Buf%2B7NbYYm6uB9UQrsu9uED1fo6uYdajUUh6Pp2TraCB%2F7NJRZYwIcFLBFsm%2B25t%2BDK%2FDPvZCLmBSBQzdKa3UNQZcgnwbMa2Q%2BB2cE0G%2B%2FaSOWOibmcn8%2BsyHmwI97nJztuWz8k3TO7MNK4poUD8xBM6BJCEPub0OQp8Gn8wOvJgsmqKQKWFiwfZlgZnB8Oo8ZHcGz4GuZkQzz%2BsA%3D%3D%7Ctkp%3ABk9SR_LY1LKXZw
Personalised GAMER - Eat Sleep Game Case for iPhone Video Games Phone Cover Gift,,£5.29,delivery in 2-3 days,4 Mar 2026,0,Brand new,https://www.ebay.co.uk/itm/233499298649?_skw=iphone+13+pro+phone&itmmeta=01KJXJN5FG4YP1CA0V80MQJWA6&hash=item365da48b59:g:NXQAAOSw-E5eTEKL&itmprp=enc%3AAQALAAAA0GfYFPkwiKCW4ZNSs2u11xBDYlrOlFVhUJgI9nW%2Fl0hxTRDkvEzVb4mFlYLG6GwXBchSzwZL2rzgXmlSXc9cOHmVXH6olWDDQZ0jqK6GdQKd%2B6kSwBUrftfSXmVDNcKgs1v64Nre%2B3kVY5fVwF5kT%2BuXwdlPOj7sir%2Fktfc%2BMay8Lmxu5KVdOmM1IPNZ0dF3PidRSzWl0CRFlrjyInEg10OqPWYbEgfQGqTh4RM6Lff3LPx6QpsvGvVUmoDFIFAe0xKnkksHiFplaOD8gqY4syo%3D%7Ctkp%3ABk9SR_LY1LKXZw
Sports Arm Band Mobile Phone Holder Bag Running Gym Armband Exercise All Phones,,£5.98,Free delivery,4 Mar 2026,0,Best Seller - 8000+ Sold - Fast dispatch - UK Seller,https://www.ebay.co.uk/itm/264298281377?_skw=iphone+13+pro+phone&itmmeta=01KJXJN5FGRK5MRJZQZA5MVE8G&hash=item3d8967b9a1:g:ZoIAAOSwBcVcwg1T&itmprp=enc%3AAQALAAAA8GfYFPkwiKCW4ZNSs2u11xCPVfWdTgicWvY4Kc2IDvNDp3q2GPujAkqxQXWqcl8IH0gUXubWnELdDwe9OUoibvgk8niR1zyLCaO7%2BdR4fRFoEG%2Bvhwpk9f9LL74oCxo7IVhXFnvTn1FsvPMmg8R7HSXPCBiER03XiSGDm2Ory18bVU7q7qN9ey%2FChihFeN%2BUDTQZ5vsUJM4H%2BD3sZAp%2BGJ0wFiQ2Y1RpX6GvZkCERjyLYj607KHq7p4%2B%2BV4p4cI9wNXmfVzgCesc4fpf6ay2hY%2FDpm5bKoxWNxBrLVFJZcw9iYFs%2Faq5551tqVHjIRszBw%3D%3D%7Ctkp%3ABk9SR_LY1LKXZw
Case For iPhone 16 15 14 Pro Max Plus 13 11 12 7 8 Clear Shockproof Phone Cover,,£1.99,Free delivery,4 Mar 2026,0,Brand new,https://www.ebay.co.uk/itm/127328470443?_skw=iphone+13+pro+phone&itmmeta=01KJXJN5FGSVZ1A6R68ZH1V6FK&hash=item1da55e45ab:g:w-8AAeSwtupoqxpn&itmprp=enc%3AAQALAAAA8GfYFPkwiKCW4ZNSs2u11xBMTcUKYX7GKM1alqYrrRlIuo3AlOLyNjpXgnlY9MV3KyEMbaaymEqnoRrSh7%2Frja09hosplPaS5T9MeapKpTCdUJNxIzLJhAbRa6SgFeCbxETSLz27L5p3ct4wAKrS4hN38prZs6GXkO2v5ZnRm8Bqpgq2wZR2eCW1FumN4EMK3BWp%2FiTog8dLVFcTF0wgN3xQOnnFpUrnNqezzpG2Jy03%2F92chADMuzKuwZItnqpSfC6UuOkEloCEpk14ZHLuquT%2BNGN1rhtGpdw73ImgLlNuGMj7CxMw9DGKfaPmXYGcWg%3D%3D%7Ctkp%3ABk9SR_TY1LKXZw
Gorilla Tempered Glass / Screen Protector for Various Mobile Phones,,£2.99,Free delivery,4 Mar 2026,0,Brand new,https://www.ebay.co.uk/itm/165601250541?_skw=iphone+13+pro+phone&itmmeta=01KJXJN5FGK4XT4NNA6JQ91TF1&hash=item268e9a8ced:g:8AwAAOSwLSZmSJbG&itmprp=enc%3AAQALAAAA0GfYFPkwiKCW4ZNSs2u11xD7e%2FpL3jlZhDHWGfqkCj2mRQTktUufq68MxB1F0eDik6eJjXMQ%2BZWnjK%2B8dTXUoo5f41sU0BMNO1wA46yH4q1N99q45JUTuU4fOVT0a5lZOEW47G2%2Bcbj4ZtDV1NFHUbZ6Srt2NAqt9Y05Z%2FzJ0QdF%2Fw54%2F1k%2Bt5nNfT2nTxNSZRjroM3P1RNMGzULwaO4TbAChCz0XcNXIfBh1utm41ramHNEbltJ9magxyp836mxnyxdFwmWD8IVE0OnlkUeNbs%3D%7Ctkp%3ABk9SR_TY1LKXZw
Case For iPhone 17 16 Pro Max 15 14 13 12 11 XR Flip Leather Wallet Phone Cover,Leather,£3.45,Free delivery,4 Mar 2026,0,Brand new,https://www.ebay.co.uk/itm/127204544181?_skw=iphone+13+pro+phone&itmmeta=01KJXJN5FGTWSYCN5QGZTN5WXD&hash=item1d9dfb4eb5:g:4acAAeSwu3toYTqL&itmprp=enc%3AAQALAAAA0GfYFPkwiKCW4ZNSs2u11xCbMMmFBchURRdQQE1Dpp9Eg3HEzLb%2FiBXwqdh6vHyLZPyYTd4J0q3JEbg9OFegdO%2FfgnNr7gqNXI1Ro1VkTGsy8vUnX7%2FJeQ1YZ%2FY2B0yxxf4UNdwQa4oh3%2BEjWd3sw4Jp2wRlh0xcAuqWU63icBEbKz9HBObW%2B7hHjz9ZHVC2E5R%2BYt1uQTF2BQdjrYYAWerKkjfR7pmZed2t3sOy9MZJaLV7gIHoS%2BzZ99tIKdo0ZMQ%2FN%2BTWZUahDi8Kopw06Fw%3D%7Ctkp%3ABk9SR_TY1LKXZw
Ring Armor Stand Shockproof Case for iPhone 16 15 14 13 Pro Max,,£5.90,Free delivery,4 Mar 2026,0,Brand new,https://www.ebay.co.uk/itm/358280801464?_skw=iphone+13+pro+phone&itmmeta=01KJXJN5FGVYKHAJVC1B49487E&hash=item536b332cb8:g:fQcAAeSw8VZpprZt&itmprp=enc%3AAQALAAAA8GfYFPkwiKCW4ZNSs2u11xCYbpC%2F5lA%2BTxvH1jhAWo1vZ5XnMGHjHfGSrQyWoVhkLkU4Wc5HfmwFsioWxGJF5m5XJADHmkQPCrh3rBAbJLzv%2Fk24ImB88ykSoqBrWvCvYhiy9BHe%2FayUpH0XigBETPv%2BwfPMvg9d1%2BY%2FmTg8GyyIuineiZzyqhy6FSNNpo5%2FTGFHykAMYfcmikrRstz8djLJmtLDx7sGCIXPH1%2FGDJRzBn0uexpBtW5z1MSQEy3Gbpr4D1N%2BhZf85aupMbT8Rq9r7cs6DQhxmCkBCzGJs8KvaTctvDZdGY6oDOb4ZQFC0w%3D%3D%7Ctkp%3ABk9SR_TY1LKXZw
Rhode Lip Tint Phone Cases WITH Lipgloss Set IPhone 17 16 15 14 13 12 11 Pro Max,,£12.50,Free delivery,4 Mar 2026,0,Brand new,https://www.ebay.co.uk/itm/389657140784?_skw=iphone+13+pro+phone&itmmeta=01KJXJN5FGB5CE4NW31DFEQXE0&hash=item5ab9601e30:g:GOEAAeSwXLtpm2Sn&itmprp=enc%3AAQALAAAA8GfYFPkwiKCW4ZNSs2u11xBdT%2FkD%2FS%2BcqI2DDUAB%2FjfuIApeK6lHhvBSvhkxex3JVc%2FyUaFAeiRXEKaBeW3ShQYupg9KWr24YeuDe6QYhP2w2Y6QBPVBBQ2AZQFejS1QFxoLBlYrCeSu6D9edR4i4WcHmpinlnrN%2FtzMlFwjPD12EelchWpbEdMXdnlrkAuczMKUALZioIiKeGLJJx8lIURfFeAtLAUJNiIhGBBk8%2FiiTBCfKwb08cNFXUNNL%2BC3PLd3MfyT%2FSnNYGERjg12ShKR%2F%2BD%2Fbew05q95FmpATvTk5o%2FbmgqLOKSkbnd1efRzZg%3D%3D%7Ctkp%3ABk9SR_TY1LKXZw
Universal Car Phone Holder 360 Rotation Windscreen / Dashboard Suction Mount UK,,£5.99,Free delivery,4 Mar 2026,0,Brand new,https://www.ebay.co.uk/itm/147053192501?_skw=iphone+13+pro+phone&itmmeta=01KJXJN5FG4RC4RXF0B85D2G9C&hash=item223d0da535:g:JjEAAOSwKkdmBCNz&itmprp=enc%3AAQALAAAA8GfYFPkwiKCW4ZNSs2u11xDcnanI2xwynfW%2FvwvAim%2FjdGZfn6HQXdLZC6fOL5czAmZRECmocXKtq%2FdQbApTX8fsd2HG0MFNcklZnWQkrSvTZYF3X9f2a7trR%2FrCdGqivkP2QIUPXXuBYHTF4gFq%2BAdhveCRvgXxr%2F5pMNh2FzspidrjkP8R%2FKTFqTTof8jycMth65tOY8n3hG8yTY9MCftPQM3BOFkezefC1aPLgrMFJ8t4KMKqjUGDsG5TBAp56exb2A7FBqxL8o0p1m9duI%2FXqov32fX3KY6F8EspfvT5vbMC2vTuTpCzuX%2BMlXUPeQ%3D%3D%7Ctkp%3ABk9SR_TY1LKXZw
Personalised Clear Name Phone Case Cover For iPhone 12 13 15 14 11 16 17 Samsung,,£4.99,Free delivery,4 Mar 2026,0,Brand new,https://www.ebay.co.uk/itm/168044337456?_skw=iphone+13+pro+phone&itmmeta=01KJXJN5FGA350JJTBP0S8PBP7&hash=item2720391930:g:IuwAAeSwhF9pVE7f&itmprp=enc%3AAQALAAAA8GfYFPkwiKCW4ZNSs2u11xBkAZj30OcG2qvUAIwXao2owRo3zg0WYNrl%2BcNLBhLCUGZK0K10%2BpoS%2BMXXhiHR35iGx77LiskRI9smuzVVqSUFU4piHX%2FcywEIfIqk248%2FIudoStnPjqSbJ79LklaVuu98sbSaVqxs47gwPVmseS%2Bz%2FrTOOggFxDRn1mlSGbi5jWpDd3WJAyehJYsokvpXy%2BmInIHqXJN%2BhumzfoBA3jRZQckEjZbGWHnn8LjEKuDImd9lu64Wf0Kjg18aXiQ977UFMliyRjB37vVZ9JDLM%2FT0lB%2FVCATCjzhZhdUGB%2FxU2w%3D%3D%7Ctkp%3ABk9SR_TY1LKXZw
Wavy Candy Colour TPU Case For iPhone 17 16 15 14 13 Soft Shockproof Phone Cover,,£3.99,Free delivery,4 Mar 2026,0,Brand new,https://www.ebay.co.uk/itm/116829859341?_skw=iphone+13+pro+phone&itmmeta=01KJXJN5FGKPW92YNNXV27YK1Z&hash=item1b339a2e0d:g:jCMAAeSwDzZpp3OB&itmprp=enc%3AAQALAAAA0GfYFPkwiKCW4ZNSs2u11xDsHmo%2B9rN40iye6Xgdku0Ul8eSG9TKB3HIHYx3caSxFBnO%2B6acgEXWPGNd%2FLd06gsqGBc9XG0nAIw8qG2I8gZaXDQiLgBq8q0m8oaOalM42WszrGQG%2B2WVRnCJVyGfl4WRigt4W4MZijB2D1UBKZKrMSurH6%2BJdLtgP0KewPt732QSaj1N%2F1cQ0tVHJfi2NauxYSfIkCi6QaWEMeYFV8zL5pom3oDbuEVpeDGyJUjnOCmHjBVrzQ3u45kvrFR5AyQ%3D%7Ctkp%3ABk9SR_TY1LKXZw
"I Phone SCREEN PROTECTOR iPhone 14 13 12 11 PRO MAX Mini XR XS XR X 8,7,6",,£0.99,Free delivery,4 Mar 2026,0,Brand new,https://www.ebay.co.uk/itm/255852466202?_skw=iphone+13+pro+phone&itmmeta=01KJXJN5FG1AGQK239RHZPRSV4&hash=item3b91fed01a:g:j1wAAOSwU4djhcQp&itmprp=enc%3AAQALAAAA8GfYFPkwiKCW4ZNSs2u11xDDjESyGqhr%2FeleUbht1qxvqnWMBG82RMiaTwYaogB08Jphf8OguE06RE1FrRtMXp15gSgL%2FUkR2C0Dueszlp5l8fwL%2BzwpBLdF38qIWdX4h27Fre7ZpxpGw007kiqFXcK%2F74XxML9OztkPMk3Mw0koIwQVspdwxzAfpZs9kLoAHObWXs%2F3aHSiug3eggOVZ5vZqSVMdwedCCA%2FFl%2BiArEs2czp7uGPr1NzPqnH1kOzJfOm7DCl6kWHNCjex7RyE7dS%2BIhiKMTUMmkRRp679ogMsJQvenqJrLtgMlH7m89ZhA%3D%3D%7Ctkp%3ABk9SR_TY1LKXZw
Red Pink Striped Glossy Phone Case Protective Cover for iPhone 16 15 14 13 12 11,,£3.69,Free delivery,4 Mar 2026,0,Brand new,https://www.ebay.co.uk/itm/286764949759?_skw=iphone+13+pro+phone&itmmeta=01KJXJN5FGBCVEK91N1EM41JC6&hash=item42c485e0ff:g:pAoAAeSwlQhonZFp&itmprp=enc%3AAQALAAAA8GfYFPkwiKCW4ZNSs2u11xASkH6vrVCPtXTuw22cYFjDxE7rCjSp8qs6qwTkmcWoJPPjadyHo7kkVXV99QqEAg7JtkZOWVo0vSJkekg9fla7cJ5%2FsIg3v8nsH7Ypn1exNJNlUFU5S5ZHOXRBUS%2Fc30sxuX2qGRsLEalArJMCTPtAMf0U2FZv7AznWsjjXwtxCKR7aqWFtj7DItlyqC%2FS9VzP7b3eO3CpPptrpIAQTZ1d%2BewsNfgJwwE%2BmXwMhAsu2%2Fw1MLFW6FTAFiwKK%2FaOgSijvKuNYDCFEVISrMYvFR9fbLxrSZ0dwTVBblQhTWLSvg%3D%3D%7Ctkp%3ABk9SR_bY1LKXZw
Case For iPhone 16 15 14 13 12 Pro Max 11 XS 7 LOVE HEART Shockproof Phone Cover,,£3.39,Free delivery,4 Mar 2026,0,Brand new,https://www.ebay.co.uk/itm/226250980745?_skw=iphone+13+pro+phone&itmmeta=01KJXJN5FG4X5W7PHK6DED83C6&hash=item34ad9bfd89:g:n2AAAOSwtoplXbww&itmprp=enc%3AAQALAAAA0GfYFPkwiKCW4ZNSs2u11xAa4q6yGs1rFr%2B4MqiPHBnEDf%2BFMeRZunxc9gIz%2Bhzp04vHMzWPS1I80pLcCzH%2FpinKvUjchBdiHRm4iMzlYacKp%2B2krURRB3AeNUTbDUMLghJnMEKJy24GuMnsgp%2FFjNBg1vE5LZ4QZ4LYxdbwpjReigtYWEbb%2BOMQM%2BpOF7eLFR%2FTw9fNWvESZq%2F6cP2IhMKS3lLxdc0PmDuDt%2FvkK5Lu7Zxnn8%2FqMHEMhaxaqLxcbVvtvQpJkkg3ULbE0EF6kNU%3D%7Ctkp%3ABk9SR_bY1LKXZw
"Tempered Glass Screen Protector Screen Saver For iPhone 13 15 16 17, 6,7 X 11 12",,£2.82,Free delivery,4 Mar 2026,0,Brand new,https://www.ebay.co.uk/itm/384963270765?_skw=iphone+13+pro+phone&itmmeta=01KJXJN5FHYAV6015V7M6Z2E1M&hash=item59a199586d:g:gYkAAOSw4clisqLg&itmprp=enc%3AAQALAAAA0GfYFPkwiKCW4ZNSs2u11xCL5s3J7LCgnbsbDi36CSGeTvDosBBUAYel0iLOMV3QbNMS%2FtpN2%2BnD9rm5GqRfXFblFAft7h5Trp4uFOxk136PZgWWDus6ctgO7fj7dIc2laxp7OP9tU%2B1hXUZbfa8IaDG%2FFMoWaD%2BstChaY372AhioTeSXyF68pb270vbCwY6Jv8P4eY0GqKDXa2CByx6WJydormWzD4ojiJWBfTq21JwD7897qLhwR4EwazjPI2N%2FRSbWbV6V51mzpPKibtz%2Fyc%3D%7Ctkp%3ABk9SR_bY1LKXZw
Rhode Lip Tint Phone Cases WITH Lipgloss Set IPhone 17 16 15 14 13 12 11 Pro Max,,£9.99,Free delivery,4 Mar 2026,0,Brand new,https://www.ebay.co.uk/itm/227162985147?_skw=iphone+13+pro+phone&itmmeta=01KJXJN5FHYT1W625X6XB7BM89&hash=item34e3f812bb:g:FmsAAeSw4hlpXTtw&itmprp=enc%3AAQALAAAA8GfYFPkwiKCW4ZNSs2u11xDyuhJEQcOxNFJ%2B3vA1s7qXQkgZiZloTOqQIAQCT%2F4tZ%2FMGldTvAuHWR78btT7xUjoMVsRDZe8x7UUm52lSK6E0JcO2vRFTZtRTJCH8d96FDJTnhWy%2BJyhMfo%2FfJhHsLKXbwl11Y19VA1gqbdmuEA9ui8P%2BrYmzM1t82RgmLJvasxjNIFGGsK%2FcZ6iZgzR%2FtTzQTZfTsuqvX07rIxR%2FGlZM1JEyAa%2BfUCDEv4eCoyGzfhOqWw4K%2BQFNQBAQ8mT6Gp5p7qVorRyTuM6oflP3E6wbJEUSSV7G96cVOJC0YSnEFA%3D%3D%7Ctkp%3ABk9SR_bY1LKXZw
3D Bow Pink Phone Case with Pearl Charm for iPhone 17 16 15 14 13 12 11 Pro Max,,£4.69,Free delivery,4 Mar 2026,0,Brand new,https://www.ebay.co.uk/itm/286930931143?_skw=iphone+13+pro+phone&itmmeta=01KJXJN5FH192XPTSB4FZFG3FV&hash=item42ce6a8dc7:g:s6sAAeSwlwBpEwOc&itmprp=enc%3AAQALAAAA0GfYFPkwiKCW4ZNSs2u11xBDs3b0ULxsAlp4vmjjd032OBHyGVEXPxeY6XF7QA94tjmsjxM4WJrl9vsA5Z6YfVttejFOie8dBKMpjAggEmQvqhKCi4JyQcdQgjmyzzg5kzX0e%2FWE8CZvimiDdWHwwZYt0DsQvW3SMIess%2FYyhYcQwvQbivwnoH7C0gpFgAaLMI%2Bwau9%2F5PSDriHNHurDPLNRWfrsnYsWvkhvOIn1oQIiB0DfYgC0AUJyjwh2Qn8fvo8YkUYejv%2BiLclpB0k6QOA%3D%7Ctkp%3ABk9SR_bY1LKXZw
Personalised Custom Photo Phone Case Cover For iPhone 15 14 13 12 11 8 7 16 X,,£4.99,Free delivery,4 Mar 2026,0,Brand new,https://www.ebay.co.uk/itm/354280913780?_skw=iphone+13+pro+phone&itmmeta=01KJXJN5FHQZ48NT6XMANY8ZD5&hash=item527cc9bb74:g:dG0AAOSwUNhjItM8&itmprp=enc%3AAQALAAAA0GfYFPkwiKCW4ZNSs2u11xA98tUuXVaA4HTjb7uOTfsizKQgvJA6S%2B3w0oyUcEpPUPpNf5o2UEQhkxnvDZDFEbAsdTjbix6%2FjttKcgyb3B0YxT5jbmKHNRtX15bXxO%2BfDRcK8DEQZ9vHRLgKXM9ooU2Bua%2BPi0kxqwar4neal5J%2FFbrcUmlWxHwHMKEPJDM8yIe9o6f%2BBCteqoNTYgQWBNOXJwCYLj021XdtLFyNVZL%2BdOcoMPUVY37oBLk2z0QuHf9u54k1PkdiUyx%2BCkjKJpw%3D%7Ctkp%3ABk9SR_bY1LKXZw
Personalised Name case For iPhone 17 16 15 14 13 12 11 7 Plus XS Max Phone Cover,,£5.99,Free delivery,4 Mar 2026,0,Brand new,https://www.ebay.co.uk/itm/156935826381?_skw=iphone+13+pro+phone&itmmeta=01KJXJN5FHM0M33R0ZP08FENV3&hash=item248a1aabcd:g:U1IAAOSwGRZh~U4t&itmprp=enc%3AAQALAAAA0GfYFPkwiKCW4ZNSs2u11xBUfuKI9IxQqW4D%2FxuwRWSw1F4UviCcp%2FYySc9UyQlg%2BhD6OMAvRvjYRf%2F91FrZ67AD708PYeI1SXg0VmUxPG0fv5j60NSrPguNjrGAz6mJuTLHH0Us9sBNkb9IDZEU8sU8oyvnu6njMlxcMV2oS82SiidsKLa8tVnMsbOCuoLkbxZ6RmSaLktAIkMHivOW2fYrCeHuO4dQIxhhQCLp5EX4PehLBiZrXIZoh85Y0XGAOVGhj68I%2BUK89oBsSUzVh0k%3D%7Ctkp%3ABk9SR_bY1LKXZw
Case For iPhone 17 16 15 14 13 11 12 Shockproof Credit Card Holder Phone Cover,,£2.89,Free delivery,4 Mar 2026,0,Brand new,https://www.ebay.co.uk/itm/227037345918?_skw=iphone+13+pro+phone&itmmeta=01KJXJN5FH669M1BHFMWXKD9V6&hash=item34dc7af87e:g:BvYAAeSwrHpo-JY9&itmprp=enc%3AAQALAAAA8GfYFPkwiKCW4ZNSs2u11xDAqqxDJa6xUCuQLRIBzzxweupPoY3BPKEptnHeXqYqMuIH2G53turK%2FkIDz5vOibYs4XRgu6CdfkSscqSKZL2OvoCSLElxzGjHmtuBEfYHS%2BrXNw7iCVto6ThiqoujE0Hq8mQROH%2FXbS9A%2FnqAMVsdkWdb0LlENq08YNDFjftGvDnM8JlShhGl5VdTeMZt0i1RTLA9pDRO%2B0QPYJCtf%2FZ3ED5LCYAwWfW4aoUZSfwb1t06u31tan4nXdzXrSQngHZCU9MWy%2FZwd4eEPAi3YWHUiK1sp1grvuWHr%2BbfZmP4bg%3D%3D%7Ctkp%3ABk9SR_bY1LKXZw
RABBIT BUNNY FLIP CASE FOR IPHONE SAMSUNG GOOGLE CUTE GIFT WALLET PHONE COVER,,£4.99,Free delivery,4 Mar 2026,0,Brand new,https://www.ebay.co.uk/itm/184897376929?_skw=iphone+13+pro+phone&itmmeta=01KJXJN5FH2S7R2SH8VKYXKD7B&hash=item2b0cbe12a1:g:49AAAOSwDF9gz4go&itmprp=enc%3AAQALAAAA8GfYFPkwiKCW4ZNSs2u11xAXEwlzPVIEDE0of%2BmKmlzmlawnWnaVw9UrVn7Jgj0nGn5TLHWv%2BcMrcphZLVEF22eb1ftOziKXxg66d9kIT8aUtZzUBUtDaE57EWLQmZV5DIu8%2FtjVXKVWP2BvyAhHD0H71ZPZvQgaXvgp4TkDGsVWjhkQ3ue5eKk%2BZmohIDtUaaAfqEi16FnS0cUVOm4sG0DJlnJjwCCWrh6zPkVthMf4HfwSGrgVuDeyYJRfEMorHKRY5f5wvbehvqqy70Z4%2F4s4VlI9jkbOWf4uTosDgIHONHzPA%2BWuY%2BWClgyBn8Q5rg%3D%3D%7Ctkp%3ABk9SR_bY1LKXZw
Case For iPhone 17 16 15 14 Pro Max Plus 13 12 Shockproof Silicone Phone Cover,,£1.99,Free delivery,4 Mar 2026,0,Brand new,https://www.ebay.co.uk/itm/226395790962?_skw=iphone+13+pro+phone&itmmeta=01KJXJN5FH24X26D1STAVH4DHB&hash=item34b63d9e72:g:4l4AAOSw2T9nCi4D&itmprp=enc%3AAQALAAAA0GfYFPkwiKCW4ZNSs2u11xBqeB%2BiiQNNwONeyPIVRJmwkCU%2BKy9Rt4IYQXWcsF%2FC2NIi8vvKO9wJ50HzIw51EyIZ6SIskZRhNZBKQjGwGk0Dga71ORTEoURv043sSnizG%2BODZ1ZHpoA8uyzP35ExKA%2FXC3vOzvT2oHFAR%2B0BjvoZf0eTmUGxAj7Mn5C5Ee0v3v9YsQJRwyvcowrvxddo6dkom1KyQN9%2Fg2PSY5UySVJf20LPqOYe6eSpPDao56yLGV9wyg9381FhhULx%2FbvbRs0%3D%7Ctkp%3ABk9SR_bY1LKXZw
CASE FOR IPHONE 17 16 15 14 12 12 PRO WALLET FLIP PHONE COVER VINTAGE ORNAMENT,,£2.99,Free delivery,4 Mar 2026,0,Brand new,https://www.ebay.co.uk/itm/265653201476?_skw=iphone+13+pro+phone&itmmeta=01KJXJN5FHPPHFT0WDYGQWNNCS&hash=item3dda2a2a44:g:ZxgAAOSwjQpiX8Qy&itmprp=enc%3AAQALAAAA8GfYFPkwiKCW4ZNSs2u11xCMgLMTjJz2Hdanqolf%2BS63HKQ%2FMTtnExLSi1oSJ3VMCU7VlmOkh0gh7fM4lVlip1PsZlReXs7jrbPlyZs4fQOQQR65Mr0BNlbGXdqhtc6pGsfdr36ZpC5lm5vX%2FEjrsm6yupafzbZ6691FD5vmKy1tOAmO8SP%2BLCFtWcqMjclrXcHvA2HCV8dR87JLGl3Sry653AesGMeH6GwJwiKRj7RnY23DJzAcTqnnLaWbCd8dJWtNk3NmeLfbiwSnBmpJap2KkQEBH6Z2IHqiGaYXMv2RQsEcvxRQEGHdJdwGGLRoGg%3D%3D%7Ctkp%3ABk9SR_bY1LKXZw
Rhode Lip tint Silicon Phone Cases WITH Lipgloss iPhone 11 12 13 14 15 16Pro Max,,£4.99,Free delivery,4 Mar 2026,0,Brand new,https://www.ebay.co.uk/itm/389625693029?_skw=iphone+13+pro+phone&itmmeta=01KJXJN5FHTEZW1ET1NSTYZ98D&hash=item5ab7804365:g:tsUAAeSwy4ZpkaZe&itmprp=enc%3AAQALAAAA0GfYFPkwiKCW4ZNSs2u11xDCxf1L3w0N%2Brjjb67a371afUjn%2FgFFVVtvHA%2BRAUmYexqqhgWxpMaIRw3dKs6ukidRYpsAxXWoSj6VG%2F0NS2W%2Bwp6gUpid40ESrZFWY76LVtz16Vt%2BLfy5Z5HDTutSW9%2BZ%2FwhZH0GBbXWPQCKFDlQCJcLeOgbe1f4PPoDOzq8WSchTMCgcECpOSMIIh67vUifOVSQJZbVflaTTdA8WGgeEwWB3ddGgH2eekqH1HEAw3NHACUQ8pvtKRlcMvAal1Ao%3D%7Ctkp%3ABk9SR_jY1LKXZw
Privacy+Clear Case for iPhone 17 16 15 14 Pro Max Plus 13 11 12 Shockproof Phone,,£1.99,Free delivery,4 Mar 2026,0,Brand new,https://www.ebay.co.uk/itm/116526820094?_skw=iphone+13+pro+phone&itmmeta=01KJXJN5FHK4FKRYV5T6VF5D5V&hash=item1b218a2afe:g:OXYAAeSwh5VoyssR&itmprp=enc%3AAQALAAAA8GfYFPkwiKCW4ZNSs2u11xB3sWfrjvjGvZJL%2FKlJL2qhoOk7J7PsBQvwex9WvTuFNBZkSNkqAgDpsulUr9%2BWscCskMO1WWYwjrnJnC5fAnq3M3KQ0ad%2F9Gqs6e%2BBb1o7zqA7U%2BzRo6ZZvmOqaOwcYZt2q7PwG1qfDTdengwwQqYwj5fx3a2TIAV%2BEbnuPRx04xqvfxRfZh5IPSFO27zRN2ErLmTXKcssezdTL%2Bk0O0QW%2B7JXdp1ywlDGIxS9kbjctp6uiBU0gXkr94WSisaBmeEO1MSgltGoc7V5lyUoyNjNc7UpfsOjx2XoNZnE%2FYoqUw%3D%3D%7Ctkp%3ABk9SR_jY1LKXZw
Heavy Duty Gorilla Metal Case Shockproof For iPhone 17 Pro Max 16 15 14 13 12 SE,,£13.90,Free delivery,4 Mar 2026,0,Brand new,https://www.ebay.co.uk/itm/366129704154?_skw=iphone+13+pro+phone&itmmeta=01KJXJN5FHPP4TA4V8TMNB9KGQ&hash=item553f07ecda:g:PPEAAeSwzahpanE7&itmprp=enc%3AAQALAAAA8GfYFPkwiKCW4ZNSs2u11xAA3aC5p88tfSzkN0cVVgmadM2JPAo7sxgszV4lme2HA8U382YIkI2%2FHyFInMkCs%2Fk8Mfc8JRSC%2B6NtpfmrUQqLF24fYoB6l0FR4W95%2FnNorM0WkpxMVBTHlrMM8h51TgzEB%2BeQktncGZG8wVnPga4LKtcX8XTzVTHG8K9tL7IxOTJFzfL62PmxPwcltECafPNBoVk8YlGMcr3JYF410KOcpfiNLCYmUgbfud73HIGZ56eBsz4d5CirByollYZDjhNEHxBa%2FD5T2L8i6kKEPxJTLYilIz%2FRVHi0KOyt%2BKHwpA%3D%3D%7Ctkp%3ABk9SR_jY1LKXZw
Card Holder Case For iPhone 16 15 Pro 14 13 12 XR 8 7 Leather Wallet Phone Cover,Leather,£4.99,Free delivery,4 Mar 2026,0,Brand new,https://www.ebay.co.uk/itm/187580644290?_skw=iphone+13+pro+phone&itmmeta=01KJXJN5FH6C0G17K618035BSS&hash=item2bacad7bc2:g:dHQAAOSwcw9nvbeN&itmprp=enc%3AAQALAAAA0GfYFPkwiKCW4ZNSs2u11xAQVKw5Mzop6pPwI45graYJe90PmxSNVIFsWEEdoMisEFK5abgwG1Y0WhK3hRCwSkuG%2F4zu9pzSThjeFOQYRm1W%2B98ZbdPiiRmMsga4YwK%2F2C0L2m1uC1cnlROP%2Fhaz5X8qXUnjBTmRb6RIxxVzUMUefd3ErFtal7ufppNRbCwSWOy8ZyLpYDeOk38B%2BcdhtGN0jw9%2BzJwBu%2FDA6JxJIXAtE2wV9j%2Fq3dUiI%2BHgTKllknOVjO%2BkknY7WDA1DGjrmZg%3D%7Ctkp%3ABk9SR_jY1LKXZw
UK 30W Fast Magnetic Wireless Car Charger Phone Mount For iPhone 17/16/15/14/13,,£11.88,Free delivery,4 Mar 2026,0,Brand new,https://www.ebay.co.uk/itm/397138796520?_skw=iphone+13+pro+phone&itmmeta=01KJXJN5FH1F80DQSF5Z54ZXZP&hash=item5c77511fe8:g:BpwAAOSw8kdl7oJ~&itmprp=enc%3AAQALAAAA0GfYFPkwiKCW4ZNSs2u11xBb4ZuaWiNVneLFEe7bmCLgxsp6jZmZ9tHXXrl7fgaHCCLxdv745NEEqG6N%2BwTCLT8pih0SPczRWAYTImb5oSh3KkpNT3zw6fBp2YVkQWkdB2tEalEE3C5J4rbwLltBjVrM4ZfSgnR2NbSbR3Xza1f78jPoatcnbYGyBbSGS1UeDu0FyRldLxjWWb1hdPoxd6PMQSa7yUlV1lQwbDHMXMm0BsEJwpJykIdw4mI%2FX6bGu7fr%2FRh0tGjaMxPBOTmhjog%3D%7Ctkp%3ABk9SR_jY1LKXZw
Case For iPhone 12 13 14 15 16 Mobile Phone Shockproof Flower Marble Butterfly,,£5.99,Free delivery,4 Mar 2026,0,Brand new,https://www.ebay.co.uk/itm/389148132562?_skw=iphone+13+pro+phone&itmmeta=01KJXJN5FHDHEJF0KJZ47PHY1G&hash=item5a9b0944d2:g:pX4AAeSwR6BpHxWC&itmprp=enc%3AAQALAAAA8GfYFPkwiKCW4ZNSs2u11xDIXeTmI0%2FDWPU6DGxDQjiuBiw0wjGlmBplRbOlF5eIgUKLV%2BDhxj9uHE9DxzlzlMGHoGeMb9nfnbjCIJkwUIRxXMkEP%2F9ORaB9Se7qWZgjIf3jl6xbxuvI9zw1pHfxKkzGQeLqhTb9wsxjFCAsVcGy3sc7iP2n3Qs9eEJ6Xsl8xY40Zr9tDg2vaHNsA5qYzcXbBmUzRM%2Bn2aCrgXsdltPKPKPCsQNVsYKfz5g%2Bz7o7JUXkz4%2BH5HNjtC2oYB35C8aGaCFsfQCHcAeauT9qVXb3lR1zvAePrEdN9066lgDgnQ%3D%3D%7Ctkp%3ABk9SR_jY1LKXZw
Case For iPhone 16 15 14 13 12 11 Pro Max XR X 6/7 Plus Clear Cover Gel Silicone,,£2.89,Free delivery,4 Mar 2026,0,Brand new,https://www.ebay.co.uk/itm/363654961369?_skw=iphone+13+pro+phone&itmmeta=01KJXJN5FHEW3ZG5SSX43HFGZ9&hash=item54ab8658d9:g:NvkAAOSwRWBnWqTh&itmprp=enc%3AAQALAAAA8GfYFPkwiKCW4ZNSs2u11xDHA1cZGt3j%2Feeki7DkHVEx6yoiO4qzB0aGI1i5Z60CMyoviZTz42i99WBIR9HqhHVKtQOSvgODiNCNi1SFp06pKsljzd8jXbTU6SCGO51JLS4lAHTo0wq33W3SU8470C2jC4bRb3kI%2B3IyNNsv%2BydUqNglHH4bWmQu9BvrB4xbebhuwXLmshljNuIJO8PXtvtBsj8RIKm1aXNAcgwojjE%2FddE3n3bfb1sAEPMsU%2Bw6leL7jniOI4p3qrCi%2BsMl1vyPrkSsNCNKS9wIgs6q3tl3gVN6xGxVOjggNBK6%2FgJjxQ%3D%3D%7Ctkp%3ABk9SR_jY1LKXZw
Case for iPhone SE 2020 22 6 7 8 XR 11 15 Shockproof Phone Liquid Silicone Cover,,£1.10,Free delivery,4 Mar 2026,0,Brand new,https://www.ebay.co.uk/itm/144590451862?_skw=iphone+13+pro+phone&itmmeta=01KJXJN5FHCBRH8QV8X1SYYB3F&hash=item21aa433496:g:tk4AAOSw0v1oHluh&itmprp=enc%3AAQALAAAA0GfYFPkwiKCW4ZNSs2u11xBlAfDAdlsMpvQsdlOpwc536cG4PemxVCZozLBJY%2F6vraDMY20z91DnD8n6%2FzF15XM5rNyia8pyd%2F6pMUw1EcViCayOM186yZI%2BN3%2BOPaIRp9YFXJ1zcA1oV9LjGaAvN3QVNS2UdbDmOPheDmH5kX7Xzmou0vkgPYGkS6anxBy00dxYHgAaIkSm9abkayA6EcJZM%2F4lCx%2FQkKsroSuDZKKcMt9U1pQp5ER08%2FIUdIEKhMIa13gYbv1PFaJsRcCi0Tc%3D%7Ctkp%3ABk9SR_rY1LKXZw
Extreme Shockproof Rubber Phone Case Children For Gaming Phone Cover Lot #O,,£7.99,+£1.55 delivery,4 Mar 2026,0,Brand new,https://www.ebay.co.uk/itm/204463102597?_skw=iphone+13+pro+phone&itmmeta=01KJXJN5FH0H0DA4TYD6EB70JY&hash=item2f9af35a85:g:eJMAAOSwVGplJYKI&itmprp=enc%3AAQALAAAA8GfYFPkwiKCW4ZNSs2u11xDdj7CrWhJi%2FsgEkemSrRhxVmig%2FKJNjThVGS26eO8eOnybdMri60zv82%2BwyytBLteB%2FBKdFhgsiJv9sbwO1siOq3oM8hwt0Jvzg%2BbUijz59qtu7SaZk%2FVu2Ls2ViNl4gAPhKP8%2FNFvaUWgXWY%2Fz4JJLxM2Pr9aFnvx46hoXfI3cLm2ANGYihXiS497oSinLv4CwaXe2t%2F%2Br3CI8Vx9NI%2FFKGS4RcXXYBXpTwM2S%2BBXW7YyFh9sG%2BcQIHBL8cpA0Xq%2FjEgOpnqLtY3zLtBVgsAvzQ2LM1msZC0pC%2B4L%2BkX2hw%3D%3D%7Ctkp%3ABk9SR_rY1LKXZw
Phone Case For Apple iPhone 16e 16 15 14 13 12 16+ Magnetic Clear MagSafe Cover,,£3.95,Free delivery,4 Mar 2026,0,Brand new,https://www.ebay.co.uk/itm/156470308751?_skw=iphone+13+pro+phone&itmmeta=01KJXJN5FHG3BA67MBH2CEPN8W&hash=item246e5b6f8f:g:y0AAAOSwxfpnFreA&itmprp=enc%3AAQALAAAA0GfYFPkwiKCW4ZNSs2u11xAtCy%2FLk2mFknQcKEmyvWOAkFedDBQYItZ5ZdYfoZycXVUCh7WTy04m5A0ru6v60Lar0MvmGULj36yrEYg39m2j7DnQtbBOwJmxUIWbQDcD3%2B3IdAajF%2BS4yrpGidTXhOatbOO87UBbs5%2FebM9LMRFl%2FeUr6Q6ET9WQVx08G%2BHtNqs%2BE8ds0lIZ8gK0wcMu7yuX%2Bk6cVu9c0Y5XQjxxsC06UU5FJzrEkgRr0ffXLUeUfkKi2926BwTc8M7kI4TISpQ%3D%7Ctkp%3ABk9SR_rY1LKXZw
Case For Apple iPhone 16 e 15 14 Pro Max Plus 13 12 Card Holder Slot Phone Cover,,£3.99,Free delivery,4 Mar 2026,0,Brand new,https://www.ebay.co.uk/itm/115463452344?_skw=iphone+13+pro+phone&itmmeta=01KJXJN5FH2C04417XJXDDM11A&hash=item1ae22876b8:g:JlsAAOSwiQxizt0U&itmprp=enc%3AAQALAAAA0GfYFPkwiKCW4ZNSs2u11xDs9e2pAnRQXIkjJh0zH934RcRr0Qcl%2BEFBcFC587jEr%2BaURgzbyRkIi0nw9shr8w%2FfVbPKAPS3vqmZbfJi%2FXIQFS%2Fvc5kQfxI1IlNl5b5vpD06Wg1pcmSGXNJfZSwgu15O%2BkQjleK6eelVhiHO5NZK1DK2%2BRNNyv0wOKDyXFoP1UEUxsJamaSNg8YKPlb8gxVhh%2B7mWM5onrWRJHeMtxcwQLbBQDlW%2FKcUAS%2Bf%2BiwO37pYZQ4lfonOuzfeYKMDECw%3D%7Ctkp%3ABk9SR_rY1LKXZw
Carbon Fibre Adhesive Phone Skin For Apple iPhone 16 15 14 13 12 Pro Max Plus,,£3.99,Free delivery,4 Mar 2026,0,Brand new,https://www.ebay.co.uk/itm/115935697041?_skw=iphone+13+pro+phone&itmmeta=01KJXJN5FJ4XQ741JSYBJ59JZ8&hash=item1afe4e5891:g:M7UAAOSwp1BlIK-q&itmprp=enc%3AAQALAAAA0GfYFPkwiKCW4ZNSs2u11xCZqxFATddKBS%2BSWZFRnzlvYu%2FIYC4WOBuTBoDwwX3cFXLBxvBOIS0CrpdqZmOCbLipXs2sl452u4sM%2Fmg6Z3NjD%2FvSpQczXoGgwMPSkndl0axIVZPMqoYmS5deAt8fCRrZM7A1wGYzIEYbgUdPinwrcLbnR9P1PjaKWEfCHY6OEwDhuWKIvpcaU4UdJ8SjboWea%2Fb8RlxAQh6cLhCp2IUBsBLPnhS%2BJI1vspFFzFD2dWi3Nv0Q6OqJzPR3rGDiASE%3D%7Ctkp%3ABk9SR_rY1LKXZw
Retro Laser Texture Leopard Print Phone Case for iPhone 16 15 14 13 12 uk,,£3.48,Free delivery,4 Mar 2026,0,Brand new,https://www.ebay.co.uk/itm/358172133587?_skw=iphone+13+pro+phone&itmmeta=01KJXJN5FJYW9BTYW8A82EGZXW&hash=item5364b908d3:g:l7wAAeSw1cFpfJqP&itmprp=enc%3AAQALAAAA0GfYFPkwiKCW4ZNSs2u11xDvx5a8WxJM5SoBcSTSB9YYKl8g1McFjSpeys7SkWPYv%2BLFK9XQSmOxEj5T%2BlWKoqaF7ACy2L3BI2fjbQC0qWiHjZCyangzRgRQCdxTVlkpzcSsFSoOIiidPRFpW6dtgrnZVj7RgCc%2BmeImKVoyk%2F8T%2BAHHVBeGxGtglVrrIaXz%2F1r4GvzV1sthnr8FGyatIXqttjzpvH139%2FCWxM3opd4RlYpFJ1DoS%2B%2FKRpBGo2msXX6omL0JOOEY0BBPRFduFKQ%3D%7Ctkp%3ABk9SR_rY1LKXZw
For iPhone 13 12 11 14 15 16 Pro Max XR 8 Plus View Mirror Flip Stand Phone Case,,£2.99,Free delivery,4 Mar 2026,0,New For iPhone 14/14 Plus/14Pro/14 Pro Max,https://www.ebay.co.uk/itm/224085316529?_skw=iphone+13+pro+phone&itmmeta=01KJXJN5FJSM9G7ABRS0EJXKNE&hash=item342c8693b1:g:h6IAAOSwSMdmowV2&itmprp=enc%3AAQALAAAA8GfYFPkwiKCW4ZNSs2u11xCkvwH6pfaHEuOwc%2BWap6CFOqZJ%2FTonFwg8jb6dlra0N0B%2FqvZ4p8hRCOSR6gBFPF%2FvvwU%2BFEfbuAxsJ7aogIDoskf8jZj21Xv%2BPQ6T7kMXDcQN5QEFdsW4Bd%2B0ggw1mYmsSoE2mnuzpd8qrt4ZxkTEY6E0zq6iE6Xtu8F7JVZcr9XR21OmlTVKddz9PLY1K2piEwockPrKFCPh345%2FBPSGJOyQkuXr5dfXaEF1mPxeL%2BYFvSGYlmuLh%2BZ%2BZY53oygnEhBVPGq7kaTJN22QPKIzhpkWPun%2Bh%2FOx2qOFgM6GxQ%3D%3D%7Ctkp%3ABk9SR_rY1LKXZw
Phone Charging Port Dust Plug & Cleaning Brush Set for iPhone 15-16 Pro & Type-C,,£1.85,Free delivery,4 Mar 2026,0,Brand new,https://www.ebay.co.uk/itm/397246316807?_skw=iphone+13+pro+phone&itmmeta=01KJXJN5FJT3B3R05PNH65AB32&hash=item5c7db9c107:g:8qsAAeSwoJhpEUER&itmprp=enc%3AAQALAAAA8GfYFPkwiKCW4ZNSs2u11xDHkes2wQFagPcC6voULgdf7uaxsAgScHVLMHyJ8XNfXTEZgbTiyXcba3xmDufTMoh7NrnIY7F%2FV1pfzxLaeMmk15tBSJ7RsdPCFkBA0CJ99IP%2BR6AWNgrezDkQ%2B0ZKB38UNpK6iji2rasJeFm4u7GZ3vaxQYiBcTsYot1Uz57%2B9AMMFGCHWkRTyjOEvAu92EmMUm86M4y3vuF1CIg%2BGJnTndQ6luFaxuZL6%2BCkgfCKbsY3ca3ybCOpLQeQ7JhvIl%2BTTmCO1cYmkAaobhJxi2Zt2unSVkrLVkksJ%2FmJza%2BP2Q%3D%3D%7Ctkp%3ABk9SR_rY1LKXZw
Shop on eBay,,$20.00,,,,Brand New,https://ebay.com/itm/123456?itmmeta=012DEW30YG0MEEKND7NH&hash=item123546:g:acwAA9KNiJowH:sc:ShippingMethodStandard!95008!US!-1&itmprp=enc%3AbgepL1tlUHjMGCVfSTGJh%2BzsVKeJ3CQk7NizDI4BZeppuFnmyS6Ijyp8lh%2FnEw%2BWqO7uTV1Q6izE1R0T54aV8j71F4xlWfVcGft4%2FiOQhtqVXA1rW6M1atPARQRmhqUxtEPJKhKtSFgI%2Bvwlzb0GwVCtkp%3ABlBMUObkmabpYw
Shop on eBay,,$20.00,,,,Brand New,https://ebay.com/itm/123456?itmmeta=012DEW30YG0MEEKND7NH&hash=item123546:g:acwAA9KNiJowH:sc:ShippingMethodStandard!95008!US!-1&itmprp=enc%3AbgepL1tlUHjMGCVfSTGJh%2BzsVKeJ3CQk7NizDI4BZeppuFnmyS6Ijyp8lh%2FnEw%2BWqO7uTV1Q6izE1R0T54aV8j71F4xlWfVcGft4%2FiOQhtqVXA1rW6M1atPARQRmhqUxtEPJKhKtSFgI%2Bvwlzb0GwVCtkp%3ABlBMUObkmabpYw
Rhode Lip-tint Silicon Phone Cases WITH Lipgloss iPhone 11 12 13 14 15 16 17,,£16.99,Free delivery,4 Mar 2026,0,Brand new,https://www.ebay.co.uk/itm/187756439581?_skw=iphone+13+pro+phone&itmmeta=01KJXJNB0CVR6ZZJZRCQZNFXC4&hash=item2bb727e81d:g:Hx8AAeSw0ylpHajD&itmprp=enc%3AAQALAAAA0GfYFPkwiKCW4ZNSs2u11xByd7gEsmjX4g7oOKN0aO3fs5jTrCe4TTCEqIpasaM3xsNJW9wPn1rWWQ3VOphs3bGOZFZW%2Ft%2FqsAZSnVFPQBOql0r8m2E5UNY%2BfbAdrq2SU43FPLc9RfkCu5Pk1GwO2oze5mGTFlFbWjQLDY8uUubiDawgnjHA1q56iffnQI4Jc7HZV4hHkGqUmf4NWecv504h%2B0VhQyjdxXTamKIxyU0%2FkSQPsdnRGk0ebspa59dDncM%2BmsJTyCDacwWihWkbwVg%3D%7Ctkp%3ABk9SR6iw1bKXZw
Personalised Flip Wallet Phone Case Cover Collage Custom For iPhone Samsung,,£6.66,Free delivery,4 Mar 2026,0,Brand new,https://www.ebay.co.uk/itm/274722179363?_skw=iphone+13+pro+phone&itmmeta=01KJXJNB0C822YJ2G1RMHXK5KE&hash=item3ff6b7c923:g:SawAAOSwJeRgUJHk&itmprp=enc%3AAQALAAAA0GfYFPkwiKCW4ZNSs2u11xANkBHHZtq0rualbPsQ40Mih8n2kVh8R%2BZLeN8CSN9sqkpMgHQYWQFeJE9sYdsuJHkiq4ULifz6%2F7SrkI0cUomjoc1lOD7Klc0I454d52Rn3Tu8FrfnCMeuvIemeFpUSOjIxL7KnTR1WyTdkQVeu6vTEHXNhMWgN3%2BXBQhQ3j9zVCiP291ejMDBRebc742o8ympz0%2Bq7xgDoCqz9KFH7u28mOHkR56qeBekO2frtuGXtdC06EWPfxit7alq6YZeLT8%3D%7Ctkp%3ABk9SR6iw1bKXZw
Shockproof Magnetic Magsafe Phone Case For iPhone 16 17 15 14 13 12 Pro Max Plus,,£1.95,Free delivery,4 Mar 2026,0,Brand new,https://www.ebay.co.uk/itm/126681587359?_skw=iphone+13+pro+phone&itmmeta=01KJXJNB0CSYPXVVEZ75VF0WBM&hash=item1d7ecf9e9f:g:tUgAAOSwMHxm7YI3&itmprp=enc%3AAQALAAAA8GfYFPkwiKCW4ZNSs2u11xDi281IUpJ9hyTTbJf5%2BQCHCOJC1oef551G02inhM%2BYNSTonUw6OEBsd9JJ%2FTh16doR3PJ7yfDivVOeSjQmve3%2BDr40yTjgLV07WI66i%2BmY8D1cTki8%2FNjg%2Frd3D5KTCBitC2yhyC8BW%2B2ioYDVX32zX6cwL3TGLyvNEdq1w0giZK%2B9zXdpXw5J5%2FRtg3%2FHFXVBgMAgxdLMYDQDRp7MTjDAkTYmt7rQGfdT%2FImB8RRoOF38e8Uu8cOPtdYgQ--RxN49F3jeLhcOrIz1SOOl95skN68QQgqZICz%2BiuhCAUaLZg%3D%3D%7Ctkp%3ABk9SR6iw1bKXZw
Clear Card Holder Slot Phone Case Cover Apple iPhone 17 16 15 14 13 Pro Max Plus,,£3.99,Free delivery,4 Mar 2026,0,Brand new,https://www.ebay.co.uk/itm/116055373763?_skw=iphone+13+pro+phone&itmmeta=01KJXJNB0CS88BHEQ7MY7FFGAJ&hash=item1b057077c3:g:46EAAOSwC1llupcl&itmprp=enc%3AAQALAAAA8GfYFPkwiKCW4ZNSs2u11xDy%2FY9akoEuvF5jD1zS0dIeUChmpiyGiwpSJ6jDDspXoUw57iwS8WmlIH4laaBKqGWro0ig%2B60z6H8PztRIeYXaxlCdtyKcq5EAl3K9FG9V84X%2BE2RleJ6CBvHAirzLcIakrEsFUGwRHQpFexWVgeDm%2FDIFo5sYLz18HE0ihVMTiOu%2BFqp6EctXk8lyBTEt30JTGXj09aohRKyWQk6td5R112pNcjHRGoTcqAvrcul9SDEJAgna2qNDKAVwQ21ka5pdHZJN4uiV0XlWck2Irqap4PwDs4C1yKBFbke8GMjLLQ%3D%3D%7Ctkp%3ABk9SR6iw1bKXZw
Clear Glitter Sparkle Phone Case For iPhone 16 15 14 13 12 11 Pro Max Shockproof,,£3.29,Free delivery,4 Mar 2026,0,Brand new,https://www.ebay.co.uk/itm/286158092201?_skw=iphone+13+pro+phone&itmmeta=01KJXJNB0CGWN6XK0AM3VX4VFH&hash=item42a059f7a9:g:GvwAAOSwHGRnMnxu&itmprp=enc%3AAQALAAAA0GfYFPkwiKCW4ZNSs2u11xDkhWmSJZbLmJxgJEGq%2BJU4jJ%2F3Mzja4d3S3xWJNAfyEBBS%2FmXYhFYNKaK88whZh4069ZYqMfNpCD2YsfzDPDiBIOyU5Vftz%2F5n0BQoPklkQrJZimidDxlsAj5m7z9iQ3eizwrHMR3KGoUX6kslkPLYi5G7t%2F4D5xTRr%2FKbDZY1u4OWoh%2Fg5KrqdIVHKETmLC8G3CID4NjyiLkc2JwN2c%2BzPlfDOTjawxz7j9zbL%2BdT5WiXyabqDOYrYSCzkj2J82w%3D%7Ctkp%3ABk9SR6iw1bKXZw
For iPhone 16 15 14 13 12 11 Pro Max Case Full Body 360 Shockproof Phone Cover,,£2.39,Free delivery,4 Mar 2026,0,Brand new,https://www.ebay.co.uk/itm/146331012567?_skw=iphone+13+pro+phone&itmmeta=01KJXJNB0C841WNAFMG91QH5QR&hash=item2212020dd7:g:avUAAOSwPAdnibH3&itmprp=enc%3AAQALAAAA8GfYFPkwiKCW4ZNSs2u11xCAdpDORriXGaNqT%2BYkmObGdySipjwKdm%2Fwq%2B0cQFfDrm30Bn1%2B6EBkBvfcAivl2LZJ1DJkbRaEUSh9QA9UVO35bhomLq6gCQIa1gnw7MBmz0UaaOxVyzEUYUUXrelkDXj%2FKyFm%2BpncCo9dfkFGHQZQXo0h1rU20CkzIb6yFDJdQzpvOmNWr4nMjgkUL%2BMoNcFLhyD%2Bj2kDAj438mak6yj7Z6%2FCxNrCIH5Ep4wtOzuLh53QA83tGcRVlqYZz1H4hPcA%2BQ4Q%2BTA3oqmYaerluNU82T7TF3e8KZRAlJq44u0m2g%3D%3D%7Ctkp%3ABk9SR6iw1bKXZw
Luxury Magnetic Shockproof Phone Case for Models 11–17 Pro Max Plus Full Cover,,£4.90,Free delivery,4 Mar 2026,0,Brand new,https://www.ebay.co.uk/itm/136930890652?_skw=iphone+13+pro+phone&itmmeta=01KJXJNB0CC38ECRJYPXV5BGDC&hash=item1fe1b7939c:g:b6kAAeSweN9pX6HA&itmprp=enc%3AAQALAAAA0GfYFPkwiKCW4ZNSs2u11xCATfLcrfiEShsyq%2FnchEftNFSz9gbpQltwYlQEu2Mkv0nZO8GLJk%2BdrFePocTfPbxGV%2Fhkv7soQxk%2BHOJebhltjpPTVBHtw2htznme%2Fkxra9iP%2F62nz6a%2B2Pe3m97RB1clgtA%2B1Ghfb%2FokrcNW9Roh72ri%2FortBgdzXAHC%2B6LInZEmocO2d%2BRYu8KM4pzTVOFMxayi36puIlxn5qaYDlbOAo%2F2pkMD2zmDR9D1qrv1jOAEo4MCVn0otM2ErStQbd4%3D%7Ctkp%3ABk9SR6qw1bKXZw
Glitter Case for iPhone 15 14 Pro Max 13 12 11 Plus 7 8 SE XR XS Phone Cover,,£5.99,Free delivery,4 Mar 2026,0,Brand new,https://www.ebay.co.uk/itm/145327745863?_skw=iphone+13+pro+phone&itmmeta=01KJXJNB0CY7F9M0EEJXAQ8MJ9&hash=item21d6356b47:g:AF0AAOSw2rplE-FY&itmprp=enc%3AAQALAAAA0GfYFPkwiKCW4ZNSs2u11xC4Ieg0W2sffYzMkEgwScaL3K94mGnx1hTRLYFHvmCb0V4s%2BVf8Dk9D3DOaGcH3qINTGuutsHkW%2F57a6TCTB9pHpvjidXKrXbAW5ELq0sshi%2B3O8S5czl4T7GOca2yRqcbcKuEY7fyDwrD2vfOrz7KfAshWXS%2FTtWtXdH3TdGefNP2XQ%2F2I67g%2B4Tjc%2BEWXYJYp5ruhzwvUMntdMJycZHQMoTjRXc8E4B7ay9zZDtbtUxsbYn%2FoIJtMWne9OxcI%2BzI%3D%7Ctkp%3ABk9SR6qw1bKXZw
Vintage design Union Jack Flag Wallet Flip Phone Case Personalised Name initials,,£9.99,Free delivery,4 Mar 2026,0,Brand new,https://www.ebay.co.uk/itm/167015736693?_skw=iphone+13+pro+phone&itmmeta=01KJXJNB0C9RCJC2KE55FP93Y3&hash=item26e2e9e575:g:H-wAAOSwbH5nB7Y7&itmprp=enc%3AAQALAAAA8GfYFPkwiKCW4ZNSs2u11xBgno53hQJW1J9Bl6vcrapafKSAtVRp7kg4bAvF5szA0VQhk3Wf22RQQb%2BWHWD%2FJjsSVzVBlXF54HB3UVxF6upkQPOCR4l1Ej4S%2FBukHWGxMNRJ%2FySwW9seEs5EiElIDSVTzygx3vDhZBVDEq52RqRU4jA3XJmztnqa0zgSN%2BSAHxv%2BH1G30Zx67kWqZiWzCLPV0OKWntinaeSTgEg7CRmNBPqAFlFbULKrrbjbWgjaY1ij7SEgYC0tp3kajP22Nyxn7mZOPsO5GU3u%2Bq8C9BrGXudQWaPeJ2GBro4Tcj10Lw%3D%3D%7Ctkp%3ABk9SR6qw1bKXZw
White Bow Clear Phone Case For iPhone 16 15 14 13 12 11 Pro Max Shockproof Cove,,£3.90,Free delivery,4 Mar 2026,0,Brand new,https://www.ebay.co.uk/itm/358151229735?_skw=iphone+13+pro+phone&itmmeta=01KJXJNB0C4EQEK8YJZVSXAEC8&hash=item53637a1127:g:GcQAAeSwmpNpdTR8&itmprp=enc%3AAQALAAAA8GfYFPkwiKCW4ZNSs2u11xBjCXLcueHN8mBQTnEuDVsdzsajKFTUkNteT37zILkjgwcAngfPOY8PNrpi8YVdgjMr8uv1TO3lCGvPxsxBkVmXD4QdICVtVS%2FkJ8d7Uuf3h4zUnZKfg7m9pXIYCZQI0KcvnP6m%2FUKqUI80YxgsEowiPrBlVAvum9%2F1yWj0Z0ChfQZ2stvEUnuvnJkEP9VLwAPx%2Bc1ETHvS%2BDhlJ9CrV2XNfwhaNQy2C%2BDkY%2B6loc9zc2aA0QsfabtmPbc%2FQ44cpTjNQtD9Pf1HSDkCu0nUKo0hrgqT44V1D86nu3cmf0bC9g%3D%3D%7Ctkp%3ABk9SR6qw1bKXZw
Clear Case For iPhone 16 15 14 Pro Max Plus 13 11 12 7 8 Shockproof Phone Cover,,£2.79,Free delivery,4 Mar 2026,0,Brand new,https://www.ebay.co.uk/itm/267319059438?_skw=iphone+13+pro+phone&itmmeta=01KJXJNB0CW9W1NDFF5WD1YVXF&hash=item3e3d7523ee:g:iVgAAeSwJxBobnZK&itmprp=enc%3AAQALAAAA8GfYFPkwiKCW4ZNSs2u11xCy8bMZFCNBvV4kRwFuLpCYpX0Q0qiSzLvlpW%2B1FM6EFGCSGvoNy4vTlKF2dE9XDQhwHJ%2FOQ%2BIe2vDcf03oyI88Dc0QSIFnyGFmg937PkSmnOAPsxcbIpPaNhjFNZjfdq5yx4ipXtyeWlMOW4bq8%2B8K30pu2tQ0IjppwpLwDME0ccRK4sHAoe%2Bmb5G4tGbCDV0kMQVvJDMH%2BI7u6RE%2Bh%2BsPMVvRoOexXk%2FDwMiAAUwlUhUqHHw6P37MAljRc86rqGw0fmQDZEsc6i48NBiaGY9kQVFOCmuWUPMLdEYLn3Af9Q%3D%3D%7Ctkp%3ABk9SR6qw1bKXZw
Personalised iPhone Custom Photo Flip/Wallet Phone Case 11 12 13 14 15 16 17 XR,,£6.00,Free delivery,4 Mar 2026,0,Brand new,https://www.ebay.co.uk/itm/194424761834?_skw=iphone+13+pro+phone&itmmeta=01KJXJNB0C66R13NTSYGZEYS80&hash=item2d449e6dea:g:ufgAAOSw2OFnpgmm&itmprp=enc%3AAQALAAAA0GfYFPkwiKCW4ZNSs2u11xDRZtWGVDUmcRmxSTDypBsp4p%2Bdmhefpu%2FMfgIIsTlyoo7HGIDX8JhWq7nWjT3Bw%2BNrxQ52lxMQ5rGFmmQ3ColtPjZmPzrg1EIW6vx7ubFpzeMll3rJA5aC5so4%2B8usmgb63wu%2FaupIRaQfILNmGa2ljslpD7OJLXaLhdLulC6eGT1KGIXB52DstQ6TC006WVOQrMr6ZB6tXZ6bstV7nl0VUDwvz9%2Biu3Y9f2m88UVA4LlR9L%2B0skVfulh0u%2FhuEmM%3D%7Ctkp%3ABk9SR6qw1bKXZw
Anime One Piece Luffy Phone Case For iPhone 15 14 Plus 13 12 11 8 7 X,,£6.99,Free delivery,4 Mar 2026,0,Brand new,https://www.ebay.co.uk/itm/267365794102?_skw=iphone+13+pro+phone&itmmeta=01KJXJNB0CKXGMNSJ3A063DMHG&hash=item3e403e4136:g:Nw0AAeSwqsJonG0U&itmprp=enc%3AAQALAAAA0GfYFPkwiKCW4ZNSs2u11xAYZ7WiOV4BWmziuXxwk%2FK81QivBW45YnL6WQR23ANnOqPynwZfKfHK5pE8jXC%2FkxmOY5pRxM%2FrPV4ATxNPNCdGsOqwSV05tre0qxamNh0xMGOzxNO0sNqQzvXNq6LEWIC2RqWkGnKjYR15acTcD7Cz7ZeisenU%2BXUOgqS5Jhf11ZgvyTPKq0%2BWPmFq9LgS%2F7T0vp6B5fLoX9Q%2BHmJFOs2kKt6vEAEpRjNBkqWONQcmoKPe3OwcqhP%2FqXyPEopsgIs%3D%7Ctkp%3ABk9SR6qw1bKXZw
Luxury Liquid Silicone For Magsafe Phone Case For iPhone 16 Plus 15 14 13 12 Pro,,£6.85,Free delivery,4 Mar 2026,0,Brand new,https://www.ebay.co.uk/itm/146886670956?_skw=iphone+13+pro+phone&itmmeta=01KJXJNB0CGJSN6Q992593ZHH9&hash=item223320ba6c:g:dvYAAeSwMSRo6Uwt&itmprp=enc%3AAQALAAAA8GfYFPkwiKCW4ZNSs2u11xDRn6jFCzNzU3UPq9DcqJd3S55TkBfiSiFzVrRTRnVzY5ThKAhANQDkJfpemU9NlqwAYKSoAM%2FBLs2mCk2B3ZJr1WEYbkmrOxsgG1a%2BWs9FVJXbFTYQ8muOdyhiGH9FP2%2FqV3QX4iKwJJxolYvnKixGx9jaFdOqu1TBjlDRF5NJUKYERv7I0ZsDx4JZse6IaGQrU2pyUAeGGe5MNa%2BxbqheU16cn8YIchJ2jV8o9ggHfEg%2FAWu%2F6cvMjj8svFUCVbmP5uxz%2FaXvPpCDjS7oiuF0P%2BMgTeADCA5eddjPxC9ZOQ%3D%3D%7Ctkp%3ABk9SR6qw1bKXZw
Stitch Angel Crossbody Strap Phone Case For iPhone16 15 14 13 12 11 Promax XS SE,,£3.30,Free delivery,4 Mar 2026,0,Brand new,https://www.ebay.co.uk/itm/167602743298?_skw=iphone+13+pro+phone&itmmeta=01KJXJNB0CWZRTYYV0MN6K2A1X&hash=item2705e6e802:g:vB0AAeSwz0xoS-Gk&itmprp=enc%3AAQALAAAA0GfYFPkwiKCW4ZNSs2u11xCzlaAQDkdTO6XCGYNs2LTM%2ByzVkyJAbLr4eVCfkQ7Qk%2FHgMejMG9QoVH0uL6zAkpgh%2B1lFHz%2BkwkF6WIfMj3OhnkMgFz%2F8n4jgVz9rZJSif8Mb6HD1BefpGBozr3ttOTA6Wese3puQQpvjWd6FJvOAgkg1yOrdXmJd9u0s%2Fb8jvceNKfeah6mFdZImJ7CQ%2FZVofg0VAxuebfZrpf9j52xSOHFQhg7Y7RKAeSc2zw2UUbgJTY8SYP4VyjXnbrTcPVc%3D%7Ctkp%3ABk9SR6qw1bKXZw
Pokemon Phone case for iPhone Pikachu Gengar Charizard Snorlax Eevee Venusaur,,£5.99,Free delivery,4 Mar 2026,0,Brand new,https://www.ebay.co.uk/itm/267364025253?_skw=iphone+13+pro+phone&itmmeta=01KJXJNB0C9M4TFDK6J23T6C55&hash=item3e402343a5:g:qdQAAOSw2HxoIe5t&itmprp=enc%3AAQALAAAA8GfYFPkwiKCW4ZNSs2u11xDvYZw0OpRPh3ERiAT5%2Flb3%2FkxNCcU1hwGGezI3SNizyZ1eSP1lh%2BsZhUIgOs0hcsz%2BfSfoYSJs3rgoNRRQV0xQA6Zf2LWPdFWOvBL6Eul0ksMFs9K3gVRyoXYhQxThGctMMzeCNq0Vi7H6Rq2WueXGp9lZadWvgkS40dwrq3LA3S6ZALfEjaSQ4eWEe9ZhxZhnI%2BFd9rS4UFQMYF4wFJDb6Kitt7aClfm9nJTC7aCToNN%2FUomMgUJNnpxnJrcay2%2FPEIIfH14GZU%2BA%2BYZIXK%2BCHUmk1x%2Fo3gCD74Cjt5G5YQ%3D%3D%7Ctkp%3ABk9SR6qw1bKXZw
New RIMOWA Metal Fashion Phone Case for iPhone Silver 17/16/15/14/13 Pro max,,£23.99,Free delivery,4 Mar 2026,0,Brand new,https://www.ebay.co.uk/itm/397646968555?_skw=iphone+13+pro+phone&itmmeta=01KJXJNB0CJQCHS1EM7K06ETX3&hash=item5c959b36eb:g:jd0AAeSwfBlpXhIw&itmprp=enc%3AAQALAAAA0GfYFPkwiKCW4ZNSs2u11xB8O0iluNOHTrVYyDvaf295sIELzY1TPK9yKKW1MgDCujsswBstOTNLagyOI%2FhryKFQzWp4KTWu4%2ByyN9%2FxJWphQpzxDISvQkCzZ0RNsUl0QMUAEb8gAGxtJAnkK%2BJI%2FA79gUSw7KyIGqaXnsFwWrHpBJpsU8KT0r9LaDAiUEBZCWDfmUqca4sYN3zTeNb3rVbNXhizZ8aGoXhb4r2mQ4Fi82HsYA2kVk5Wvsfex4bdzVCglmO2GeC5%2B3QBSQZ78cY%3D%7Ctkp%3ABk9SR6qw1bKXZw
"Screen Protector for New iPhone 15,14,13,12,16 ,17 Pro Gorilla Tempered Glass",,£0.99,Free delivery,4 Mar 2026,0,🔥3850+ SOLD ✅ TOP RATED ✅ 2 PCS ✅ GENUINE UK 🔥,https://www.ebay.co.uk/itm/313567770236?_skw=iphone+13+pro+phone&itmmeta=01KJXJNB0CGCWZNF76BBBXCSEP&hash=item490218767c:g:MnwAAOSwTd5hYXWq&itmprp=enc%3AAQALAAAA8GfYFPkwiKCW4ZNSs2u11xCUATsy2Ssl6Rxgw1l8SMGLkcE6LXUCdPRah%2BX20B2Vycm9p4ZHITIb4Kb44dr9%2BNS0oe0%2Bnge%2BLjWJBJ2zcIJOyGCHWttac1U9l9pVRnfCvxEeKMFAWuZsgJki5snGJSa%2FGmuyze1cIvZC7YJjdWIR8b86uZYgw0JemrDZEy2MIJDPbdzTdN2cYjS271BszvD%2BkTF2yeAZLPpVPpleaeR6jzRNHwzKZGp1x14cXKZXEOFWSNgv6doTQ%2F08lONlLI6A6cQCDSQaldoSlSzzMkV5NhO8E6LnqnteOVlP77aaSA%3D%3D%7Ctkp%3ABk9SR6qw1bKXZw
Personalised Phone Marble Case Name Shockproof Cover iPhone 11 12 13 14 15 16,,£7.89,Free delivery,4 Mar 2026,0,Brand new,https://www.ebay.co.uk/itm/195161646680?_skw=iphone+13+pro+phone&itmmeta=01KJXJNB0C763RC97K5R3NPH7K&hash=item2d708a6658:g:8msAAOSwgQFitFok&itmprp=enc%3AAQALAAAA0GfYFPkwiKCW4ZNSs2u11xAsU8O6QNo2AJvj4UFmHdxXhBxCZWI4vaa4OQBjTpcLYiXGz5ltKgeusAV8U0UKklMCLkDtxfqtD6PwMXXrnynEkh3bkDO2Q66MvLHgxb7VpyBfGSVZgDZVw3bDVpaOIW6dM8HPM5XAAcqz9pGdXxHhp2aRoJUGOLubtgd7QXq4jBKSFWC2PBf03lVc%2FncwDT58BIG6%2FC1T%2B7oKTjANLnnn2L9odorUz5Rzlh8J0ss9eY5r2ADMM3W10avlyE%2B%2BR0w%3D%7Ctkp%3ABk9SR6qw1bKXZw
Case For iPhone 17 Pro Max 16 15 14 13 12 11 XR Flip Leather Wallet Phone Cover,Leather,£2.59,Free delivery,4 Mar 2026,0,Brand new,https://www.ebay.co.uk/itm/226031394797?_skw=iphone+13+pro+phone&itmmeta=01KJXJNB0C4GJENXY9SZE5XA9H&hash=item34a0855fed:g:dWYAAOSwFCZl5thJ&itmprp=enc%3AAQALAAAA8GfYFPkwiKCW4ZNSs2u11xB6o%2B7PmnNF3QXdvzBoZABBG5QuHWO%2FRCqRSys%2B9Ce6Dhvw8s%2B93PHoJle3U9z%2B1kZZaWYkplzhhUFAsuBSGF84Qpm6ivIel6Uq13dXAa5f%2Bo%2Fy1pUzYuRYY6RGuTLPh3OH6%2FIH3l8i0bkbpovCulrClZEFawonYBWca44bzhJgZ%2FhWneVFfigQ5PWByJ7Y1CY8K3TJZ09GOnio5%2BGjecR0GIscP7WU%2Bzb5cKEi9Vvc6KklMfA6iti4atFBVmPlZ2Bgyh5sH%2BYHl9TRMDcBW3jIJh%2F37YbRBQuhCb9g4ucpYQ%3D%3D%7Ctkp%3ABk9SR6qw1bKXZw
Burgundy Rose Phone Case For iPhone 17 16 15 14 13 12 11 Pro Max Shockproof,,£4.09,Free delivery,4 Mar 2026,0,Brand new,https://www.ebay.co.uk/itm/286973112423?_skw=iphone+13+pro+phone&itmmeta=01KJXJNB0CBCRGY6G85EZNHG1D&hash=item42d0ee3067:g:VXwAAeSwH9ZpJ~XT&itmprp=enc%3AAQALAAAA8GfYFPkwiKCW4ZNSs2u11xB8iaaKOSNex252ntHwNiYZ60PFctk2OnrCH7GFXUvSv8ow4QqcBrvg8YnZR%2Byeb80yR9Zr2%2FMM91EHAMs9NcWxpyZxzOg85vVMr2rFWw%2F8JcNTi82LFGVCZ71q3jYHS2fPRe2ATnQB4RhY6x6I9wHcvzemN0LOphEYXQYg4SN%2FdMnX6GLbiXnwPhBZx1uSDD7J4%2FTtDQPabW4D3vqUPxAeVqN%2FurSywwomjU2Pu9QDiqpm5jqkzWOrMG0gYMBUeg5vk0c1%2Bb1cP983CKVYtM24o14L3oKG0tpEUUkzFg%2FwLQ%3D%3D%7Ctkp%3ABk9SR6qw1bKXZw
Case For iPhone 16 15 14 Pro Max Plus 13 11 12 7 8 Clear Shockproof Phone Cover,,£1.99,Free delivery,4 Mar 2026,0,✅ UK Seller ✅ Fast Delivery ✅ iPhone 16 15 14 13 12 Pro,https://www.ebay.co.uk/itm/235870768212?_skw=iphone+13+pro+phone&itmmeta=01KJXJNB0CVMYQ8NGDJ6JXWVKT&hash=item36eafe4c54:g:th0AAOSw0sFntlZ2&itmprp=enc%3AAQALAAAA8GfYFPkwiKCW4ZNSs2u11xAhz8XBIT0HOnHBnDZJR9BX09gnBSIzo5ZsyPxdr5VS%2BjEsPVHHOy9SJX%2BuVKAKfyLeCcTjlVLgQXHCF7XGjgdZ4hwVpAVuVfKfCcQVQabcfsXhancKyWdOjlM5djSj5%2BnwOUUzpGX4JlC6e0VlK%2F89qPzI0xe3ZQxFxEQBEZ2B2wz5qlkTL5eyw%2B%2F2JRGajU8i5EAisfZhDWAWpXUV3hxc9Olo0cphA8VH%2FoSLdhzH8QutLxUqwnuLhgXJgseYieoaSByQUp%2BHncP2fui4RZtdM7CKhFlqfm0cbNTjuttskw%3D%3D%7Ctkp%3ABk9SR6qw1bKXZw
Lanyard Phone Case With Card Slot For iPhone 7 8 + X XR 14 15 Pro Max Ring Stand,,£6.99,Free delivery,4 Mar 2026,0,Brand new,https://www.ebay.co.uk/itm/185541548648?_skw=iphone+13+pro+phone&itmmeta=01KJXJNB0CS7HHZSW22XJ4W5G8&hash=item2b33235a68:g:oRoAAOSwyOli~LAe&itmprp=enc%3AAQALAAAA8GfYFPkwiKCW4ZNSs2u11xAC%2FIZva75ZmzYSxjbtI3gFhh5%2BmCyeH9vI3bpk2g4tWCNGncguq4HM9RK%2Fu2xH1POSXEgNjYTP1UJ8dpnYHz%2FGrVoEPtZFF55%2Fy%2F9D2QvHmAct7ViDMdJRG5VevDoTq%2Fz93IZSljdZANnhHOy5WR0Q0FF2Bm3eMSYku7q3xLaoidxsOJI4oVEUKs6El9OeASk6v7GBgmKSLyWZ4P5B7NlS08%2FoRhKIPCYzisv25PqsoWsCgcacHUeu%2Bs2lBEx2159Snd3HoS%2BQKDwHm3zMrSvVOAo2aGCCFGDgxOuGwHICuQ%3D%3D%7Ctkp%3ABk9SR6qw1bKXZw
360° Bicycle Motor Bike Waterproof Phone Stand Case Mount Holder For All Mobile,,£6.95,Free delivery,4 Mar 2026,0,Brand new,https://www.ebay.co.uk/itm/177558033997?_skw=iphone+13+pro+phone&itmmeta=01KJXJNB0CY27FRS40ZP79Y01Q&hash=item295748964d:g:~tgAAeSwA71pFcpO&itmprp=enc%3AAQALAAAA0GfYFPkwiKCW4ZNSs2u11xAs7kOFdQDdAunuQO7Y%2BzgVKVlE6rEV%2BpbZ7%2BJgkZxsI589s5Er4d3r25gAJWhD27YWhUjrU9VY8AjBG1nHxHZwldljX6%2BSzny%2FIq1h4rbi64xKycvpCWCbiRCLuO4dtE43%2F46v1tzJUS4fVz0qhLe74op8yOaw%2BujmAp%2F820DcTAaRYvwOr4dyw70Dr9QWd9OfappLtJh4W%2B9xokx7MaPfGoyktj5SY%2FfXOLQyiDFbYA4KkjEYsFFu5a66VYK06VU%3D%7Ctkp%3ABk9SR6qw1bKXZw
Case For iPhone 16 15 14 Pro Max Plus 13 11 12 7 8 Clear Cover Shockproof Phone,,£1.68,Free delivery,4 Mar 2026,0,Brand new,https://www.ebay.co.uk/itm/317752782067?_skw=iphone+13+pro+phone&itmmeta=01KJXJNB0DZCCRRFEH312DCR4R&hash=item49fb8aacf3:g:DSMAAeSwJdBpY3Ed&itmprp=enc%3AAQALAAAA0GfYFPkwiKCW4ZNSs2u11xAuHYSErhdWPU8vogjGdTmcgOF7%2FrZat0QAjFh7WZp64lyDGxTiQX79QlMHmpeRrV%2Fd90ydZeoZSdB1LvPOBbB4oeyottH3L3McDcFI0%2FkalTM%2BnK6BtloF6rDB1cPBjzxNexa7jLlvYBpvbANmjzg%2FT6eaD9jQz29ZVEoR499SzzI6Vh7q2QSdPmSvdSv69SmrkI6SjrB4fQgUbJcstcluKEA1gW17%2BDvA4tE1PeBRCxJ%2FzxNbbkMQgcpN4MXJVZY%3D%7Ctkp%3ABk9SR6qw1bKXZw
Silicone Case For iPhone 16 14 15 Pro Max 11 12 13 17 Shockproof Phone Cover Gel,,£3.99,Free delivery,4 Mar 2026,0,✅Lens Protection ✅Shock-Proof ✅ Same Day Dispatch✅,https://www.ebay.co.uk/itm/406062720944?_skw=iphone+13+pro+phone&itmmeta=01KJXJNB0D3ZRF2BG6XAK036AM&hash=item5e8b3967b0:g:FpIAAeSwA95pCKE1&itmprp=enc%3AAQALAAAA0GfYFPkwiKCW4ZNSs2u11xCJoN0KQ7xxwwVnc5O%2FReUME2a5ylyk4jkFx7Hk11TCDCNbmfDY4U3qx1Us09bUcsbCnUbdODBOJWpgv3Rc3myNnfysqxV0ZJsmGnMQny0GaWBG3kv%2Bl6siovdU94msW17hoEEfcx%2F22ZlAhIcMtd0OpJ%2ByfEWSJpKyrCTcixfzJHXKfFvqAqQQUGn0WtAn6%2FkGLLHIHYWKxdLDTZKvcAAg3zTbVEZP10u6uudt0dEH3NojCySAdxtToY54YoWCXGI%3D%7Ctkp%3ABk9SR6qw1bKXZw
Rhode Summer Lip Case + Fall Lip Tint for iPhone 16 15 14 13 12 11 Pro Max,,£4.90,Free delivery,4 Mar 2026,0,Brand new,https://www.ebay.co.uk/itm/236465446558?_skw=iphone+13+pro+phone&itmmeta=01KJXJNB0DHAQGWDC41WVZNEX4&hash=item370e705e9e:g:7WEAAeSwWO9pZp2u&itmprp=enc%3AAQALAAAA8GfYFPkwiKCW4ZNSs2u11xBUGah16lvwKjbTeMhVMLP9jxJCVBIlqPjFHRoOrOD9aCjkUM%2BOh7KZnFbqIsLTX4Yvj9U4biQK9CAG6eGsGo9nJj%2B%2ByMssG%2BzOqLCaUZ851j%2FmsXoIHni9Wd4SFYyfnFE2s5iOOId1bPAR7JCSgcvm9qNc%2FxLA84a8e3JLQWzhKUfXzKD%2B6HYvLz1llr7Ml3ybUc4LJ40TRmvtUqhEH%2FXfEW0sPRI43%2FmJceNevHqNFyrAojlJtRpCTwT2EXEpHRybqyGA8m0Zl0d6bR1S2EVsvfb33wbeML5Dtik%2FYnHFNQ%3D%3D%7Ctkp%3ABk9SR6qw1bKXZw
CLEAR FULL BODY 360 Case iPhone 17 16 15 14 13 12 Pro Max Shockproof Phone Cover,,£3.95,Free delivery,4 Mar 2026,0,Brand new,https://www.ebay.co.uk/itm/406096795126?_skw=iphone+13+pro+phone&itmmeta=01KJXJNB0D2GVTBVDD4Z8BVKAA&hash=item5e8d4155f6:g:j1AAAeSwiCxojSwn&itmprp=enc%3AAQALAAAA8GfYFPkwiKCW4ZNSs2u11xBsMtMz3KvD6yzRDoBUovzjalS%2B07ktonM%2BWP9scrRlXCeYT9KEhUZaiWMDFsERO6%2FiAmBjMNln4MunFbBZ8%2BNMr9jh%2Be2xCc5xe8hTbzCVOc6Tp6LLj1e9%2BoYaQIKmJGyELRvQqXRZa0052zHq8Ar3NFvwLyYXVRGbukw7ycXJ0f6OarwYylZHA73mKKEisRcvfFd19D7VoOBSEGfIp9MSg55vOtVbM202elFjfVHm7AQDn1%2BRb2YLYtp8QUJcLn%2Fp86iTkXoySLRwwZyeEEFp9ZzD5zKRLT%2BesWqDh1UP0w%3D%3D%7Ctkp%3ABk9SR6yw1bKXZw
Phone Case For iPhone 16 15 14 13 Pro Plus Max Shockpoof Protective Skin Covers,,£4.89,Free delivery,4 Mar 2026,0,Brand new,https://www.ebay.co.uk/itm/157120213475?_skw=iphone+13+pro+phone&itmmeta=01KJXJNB0DC3679KKG3622YC3N&hash=item24951831e3:g:x4MAAOSwhX9oV-Z5&itmprp=enc%3AAQALAAAA8GfYFPkwiKCW4ZNSs2u11xD0GftYJ1kgtIrAHURYjbRB4kStFHQaSb0P3zkia9PH%2BzxeAuqxNBVxNTcoVwJDNhrPodzrcix4SetNF%2FSXjcNdJsmpIfpRsiL1BWfs%2FhjB%2BIu9LrUFLtuZj03QByO8DO32d213cFPaFVOL8iYskKShjb3pTZX%2Ft3DfLX8fZPqFZuP%2BLZ9KwWCEAprkS6oiptv4kdUjRWOJsf4GQuVJOdYYPTM1I5tzNBOfrtWB9bEG9wmJ8PeiZ2jU1gQ%2FNpzptdBDYkIKKWRmkkQpGJGNQcZLva9usVNdBKMXSD7VTiZE3Q%3D%3D%7Ctkp%3ABk9SR6yw1bKXZw
Lando Norris Mclaren F1 Phone Case iPhone 17 16 15 14 13 12 11 Pro Max Mini Plus,,£8.99,Free delivery,4 Mar 2026,0,Brand new,https://www.ebay.co.uk/itm/127600186704?_skw=iphone+13+pro+phone&itmmeta=01KJXJNB0D8BNAB0X18VE4STCG&hash=item1db5905550:g:Mi0AAeSwo7hpjMqL&itmprp=enc%3AAQALAAAA0GfYFPkwiKCW4ZNSs2u11xDS5o0CW%2BB%2B1U4YG5fJ9BEsvObP3cSgsWiGgEH0y6B8IRRCxLBSavjTTxKBXGogtE%2F7bw4jaiWXCuDiydrOL8I1BFY%2Bhy4s2a1Sf4V11pi3%2B%2BmQMi%2FVVk6muaAjWF2niGRBZmvTIRC4lwyhXQqMJZsR3CI9%2FFECzmqNx8PLse3nLD6maCePZK%2FutWlKRFzadnZiHhsLvW8W5xtfayL3p7E62kSZtop86EE9oL38Oigz%2B4XOrkKnWfqFgTapnP3H0F8%3D%7Ctkp%3ABk9SR6yw1bKXZw
CASE FOR IPHONE 17 16 15 14 12 12 SE PRO WALLET FLIP PHONE COVER BLACK CAT FACE,,£2.99,Free delivery,4 Mar 2026,0,Brand new,https://www.ebay.co.uk/itm/265624001323?_skw=iphone+13+pro+phone&itmmeta=01KJXJNB0D06Q8W1MG4K5ERXCS&hash=item3dd86c9b2b:g:wusAAOSwngViRph7&itmprp=enc%3AAQALAAAA8GfYFPkwiKCW4ZNSs2u11xAaoVm75oKvJHIfk79upcwwRTO7Qq7gSWrpTNqqHr%2ByCrQBov77NB2Ph7dpF8NMPzgRYOnPCKlC5RVfn5anZD3gqHenB4VRyXBGIEcUsckrmZozrnHQr6qFvFHUrzl8RIw9AJ%2BXBjPD4qDHsa17hwBAz%2FhGvOV1ZN0meUMyCckb%2Fkxr2Fre%2BIXQGhhFaEz0iuYl6zlk2czmV8TbbxGODDSMOXm75MsIGcvMhdPUEkU54FyZIAG6nghPGN4CXvAZg2nSa6vtpmYBXGY%2BveurHeS6OKh5DLa2%2Fd%2F5jZG5mi4%2Fbw%3D%3D%7Ctkp%3ABk9SR6yw1bKXZw
Tartan Rainbow Pattern Scotland Flip Wallet Phone Case for iPhone Models,,£8.75,Free delivery,4 Mar 2026,0,Brand new,https://www.ebay.co.uk/itm/193366470149?_skw=iphone+13+pro+phone&itmmeta=01KJXJNB0D0BSAJ7V8PRT72XYW&hash=item2d058a2e05:g:V3QAAOSwEwpeXWZJ&itmprp=enc%3AAQALAAAA0GfYFPkwiKCW4ZNSs2u11xAgjIjA%2BfMoH8Z5de537CoRwVdrsM%2Fj0ipct3eimGoTTCuQHw8V2pyR7bHNEFOolJ8gcsZ4YBm6uMHyKgn73yIDbNHPfgl1LljxizEddGGU5ZRBjBT9GXXvskAk%2F2IEvu9wVvmLL3d4Pitjar4qeaoRBjnc%2BaOgLL1nE8qthcyU0lmafYqe3KVFsK1Tumah1Is62tGAIVngyVITg4TTHZ2%2FS8unlj02qjyke9qSHezvEueLLEnfvHGdCT7VFPjTnRo%3D%7Ctkp%3ABk9SR6yw1bKXZw
Easter Bunny Egg Floral Matte Phone Case for iPhone 16 Pro Max 15 14 Plus 13 12,,£3.99,Free delivery,22 Nov 2025,102,Brand new,https://www.ebay.co.uk/itm/267177725186?_skw=iphone+13+pro+phone&itmmeta=01KJXJNB0DFAGG40W7GJWTFHVW&hash=item3e35088d02:g:QbwAAOSwlmBnxn8y&itmprp=enc%3AAQALAAAA0GfYFPkwiKCW4ZNSs2u11xBJorTnw9rlGSzVY1gEJtBwmsp%2F8QuFefWGwmXio%2BZUXL%2BLX4Sv%2FPj7PMjTJnr%2BWQaBuJ%2FL7EkiOw4UZReXNj0Q0c9rJUOnoz%2FzNZ3m6J6TrFn%2BKPsI7uYrmZ4g05aoESQaq%2Fg0anUEIXbhqWBvwi3Clixy3oK1FncrgTBnScDmLnu5XBDTbiUyABBRXr6xQ4OvWqq4h7XBVogpvmiE9hbJWNccuE50HaGVqAO7K5ZlWYMZwLuOx2qTYD981Vuf8O8%3D%7Ctkp%3ABk9SR6yw1bKXZw
For Apple iPhone XR SE 6/ 6s / 7/ 8/11 Phone Case Leather Flip Wallet Book Cover,Leather,£2.93,Free delivery,4 Mar 2026,0,Brand new,https://www.ebay.co.uk/itm/384216466760?_skw=iphone+13+pro+phone&itmmeta=01KJXJNB0D225YCY2SC42JMW6E&hash=item5975160548:g:tz0AAOSwoF5gpM8~&itmprp=enc%3AAQALAAAA8GfYFPkwiKCW4ZNSs2u11xDKKb9kGDRZwrK%2FrbaZfaZ9Gl8WbMraK0%2FHw6mS9QDGfXHC2QUvKfzZsaQRHMUv3QXDwP2J6TWRIdIGJU5JcaqRN4mZ0G3%2Bn3f9klwoVilFOmcCz5W9Fw2B8BdA6%2BYwWn7Wsba8YR3G38X7eK%2FFwzH%2FUVTgQ0%2FsRd7%2FEONRxQ401fwvK8of5DpUiS2nlXBSe6T7lumXz28eoC8T8cANl16RkALF1iGXDbWVi0Ut5On6c5%2B%2BSwMkIvqJJNsxLjIrav%2BteCsP8%2FAyCITgIGmgBDP6UMmyMvelAitZQD4QwjI4DA%3D%3D%7Ctkp%3ABk9SR6yw1bKXZw
Case for iPhone 17 16 15 14 13 11 12 Pro Max 7 8 XS Clear Shockproof Phone Cover,,£1.19,Free delivery,4 Mar 2026,0,Brand new,https://www.ebay.co.uk/itm/145085796217?_skw=iphone+13+pro+phone&itmmeta=01KJXJNB0DKYV8ZCVQEYTP6H91&hash=item21c7c98f79:g:R08AAeSwaUtpLqyE&itmprp=enc%3AAQALAAAA0GfYFPkwiKCW4ZNSs2u11xD%2FCy2Bt5PoekWam4e9vN3W82NWSBxIYqRdgW%2BKNRTlLgpaAWTgqmnn3pQnnYGCfisEREIFfdIeimJk5DCFlJJKFhYsB8KAkWz1aT6C7ZK%2F%2Bd5xHmDTbad1ZfBRdhvXEBLCspAXQAWlcFm%2BekDI3Bl4I7JtFbFWJD7GSCmGnw46GHq%2F2WgGVXTS166GNDUsKtu0oJk0M%2FjZLB3emZ%2FgWifSNanqZSWFZ4GQr9nUHLF7jGLcL7pGbJ98U3odcpD1hrc%3D%7Ctkp%3ABk9SR6yw1bKXZw
Shockproof Magnetic Magsafe Phone Case For iPhone 17 16 15 14 13 12 Pro Max Plus,,£3.94,Free delivery,4 Mar 2026,0,Brand new,https://www.ebay.co.uk/itm/376902914229?_skw=iphone+13+pro+phone&itmmeta=01KJXJNB0DWVPX7DXKN941G1J4&hash=item57c12a10b5:g:aysAAeSwH5Fpd7tX&itmprp=enc%3AAQALAAAA0GfYFPkwiKCW4ZNSs2u11xBhTnRlOEVJTRvtNcgDCuVTEzN%2FCf16zqBX33ojtYdcuPB5ArfKID4Hcj5Ckp4U39tDfp8lUnn23JsJ7a7mTdo2I0O%2FafFz3aib2s0dhOtjupOx2KejpfLVcIQskI2OuEkleed4uw3GOnig7llBE7YUZqexst4yETGG6TDj6Eubv6KfdpiQ7dkK7MgeYkbhWr9M69UnltrKRyQzyoD5Y3tqhuh9WR%2B%2BemNvQL0aEaheatHxZMFhP5MWQRGEeGpl4lk%3D%7Ctkp%3ABk9SR6yw1bKXZw
Leather Wallet Phone Case Cover For iPhone 16 15 14 13 12 11 Pro XS Max 8 7 Plus,Leather,£4.99,Free delivery,4 Mar 2026,0,Brand new,https://www.ebay.co.uk/itm/376512012075?_skw=iphone+13+pro+phone&itmmeta=01KJXJNB0DSVTHJZ82THGXQ5DC&hash=item57a9dd5f2b:g:DNsAAeSw0h5osAGc&itmprp=enc%3AAQALAAAA8GfYFPkwiKCW4ZNSs2u11xDTujZn29sc13pKQ18IOF9%2FltjcI%2BEkVt9mvsFC9frZGF7YPy%2BSVavNTLofPwMIp1pooSC4YeVjT1LlOSd0q%2FrcNn7iXIQwyj4ZeNKu93S%2FTJOMvcV8orSoAz48bGuVUR3d3BoUsn%2B12GPUpSg5i4KTvbffkcjz%2Fcyq92kQWKgZ%2Bh1VzChfwenmL%2FRso86H6lrAULEzLd5YLTTZM4MMkVYc%2FrtRkMX2Yvk2JKosb2UQbCjxgPd%2B0YiMe9A7YT9gieq8EF8K7sodvSyH2AewO8yhTL1g4g45kBiJB1cIn%2FxmHg%3D%3D%7Ctkp%3ABk9SR6yw1bKXZw
Personalise Phone Case Shockproof Cover for iPhone Galaxy Huawei Honor Moto #26,,£9.99,+£0.99 delivery,4 Mar 2026,0,Brand new,https://www.ebay.co.uk/itm/387702298273?_skw=iphone+13+pro+phone&itmmeta=01KJXJNB0DXAHTYEC4D7KDCF03&hash=item5a44db96a1:g:yIkAAeSwn7JpNFMB&itmprp=enc%3AAQALAAAA8GfYFPkwiKCW4ZNSs2u11xAZZFqKzzzykfIpb0U7A2E8g1Zlxzxw4rD2UBQR%2BzYJ6RknCWjsLrYSgOxAqrbRtFG0P0BCLZ0Bf6DqzRpiViENrvaI8qzui7P4lWrlMQv1ZkhfyPjCZNebJivv1X5kIx2lvCEc5Q30F0hGYKTfAFNWAmn77d6nxCiEwS%2BlTFXc7%2BrN5%2F1OlFPNjrhCd7pR40nlfwaHTV6GD1auVH8O%2B80Ri7yQOYeXckVokEf8zsTnirunPuOGMFXf%2Fhc3ycXMKTgj1lVdqI3wnqJpaHbzBPZqDUxfVcoBXIpocIPOwiW3hg%3D%3D%7Ctkp%3ABk9SR6yw1bKXZw
Universal Car Phone Holder 360 Rotation Windscreen / Dashboard Suction Mount UK,,£7.19,Free delivery,4 Mar 2026,0,Brand new,https://www.ebay.co.uk/itm/167246627710?_skw=iphone+13+pro+phone&itmmeta=01KJXJNB0DSKG10K27R4WM5T3W&hash=item26f0ad037e:g:JjEAAOSwKkdmBCNz&itmprp=enc%3AAQALAAAA0GfYFPkwiKCW4ZNSs2u11xDrYdHz7RW8qFrbLpMsop78NVsIRTqN%2BGJvirpwejwVY1%2FeP2qXicZF0q7pn6m2RMGxMDncNoAmaRSSdDA37r44%2BdnvX8J0oWyKRoIbaFoM5o7YJQlRXIHKRhZSVZLA1owmoVsPW4dSf5UfWgijXFiXQGOijixSA4Lsm8pZAH0qTawPSQN11u%2FyX3aXgluDkwV42FOGZvFE%2FQaSs4sqa2brmLDMzOhC%2FiJJv7nWE4JuGVjfrapJz6rF86j89IPv43c%3D%7Ctkp%3ABk9SR6yw1bKXZw
ELVIS INCREDIBLE MEMORIES- Faux Leather Flip Phone Case Cover - iPhone/Samsung,Leather,£10.00,Free delivery,4 Mar 2026,0,Brand new,https://www.ebay.co.uk/itm/335522921499?_skw=iphone+13+pro+phone&itmmeta=01KJXJNB0D8AET268QTW7YYCE1&hash=item4e1eb97c1b:g:qCkAAOSwJrpmtR4g&itmprp=enc%3AAQALAAAA8GfYFPkwiKCW4ZNSs2u11xAF7kVyCOpENDTn63kVjONmJvFjT%2BpsSE7ou6Om79RhpW%2Fsji8fefb3L0PnBxfJmfeHkXAD2jNLKksHoP4Ygs%2FQsoh15bwYVxDoxmG4BeTPjKXIlmIXbdIyZurjTfFY%2BztooiyvkJ0aOj1gYFJwtIXR3o1aeXj8N2e8yW%2FzfX7jBYbNPceMKepr430nOX%2FI8qJMEBTrVKIiwaXbUlt0%2BtMim%2BsB%2BPBnOpf1EpsmNlwIyHVr2edcDNgI%2FZ9G9SJqI4czpetf4e0fzgCLRip4FOyVWD6kDU31GAa%2BdhZMrF5Xug%3D%3D%7Ctkp%3ABk9SR6yw1bKXZw
Case For iPhone 16 17 15 14 13 Pro Max 11 12 Plus 7 8 XR Shockproof Phone Cover,,£0.99,Free delivery,4 Mar 2026,0,Brand new,https://www.ebay.co.uk/itm/287156787736?_skw=iphone+13+pro+phone&itmmeta=01KJXJNB0DYZGM4RM7B4JHMDKT&hash=item42dbe0da18:g:wpkAAeSwBWNpmlh-&itmprp=enc%3AAQALAAAA8GfYFPkwiKCW4ZNSs2u11xDjOZt07jExBybcXaL6vdhGwS1PlmRA5A4xkCI9NXnP%2FlXmn4qzVZrVHr2YgyNJN%2F7mCbJcaoeICDiuGuRbZnwzIGzxEDFM5i0nOG6%2FWh8U6rCDHLKQDM1rB67P%2Bn36xlLIMInHnrzd0Vu5pa3iLTWppGvcNDC%2BPE2nPTuxecABc5JKYWH8IqfB1HhAQgDCkXcDuYa1WakyNhpCYgxKBGaGsNO%2FvTsGGN0AoCKf7EAvEx058qUZ5JAXJRlvYwRHaTR2uu429M%2BuA1iI7YHY%2BTppilajTnnVpmip9zwbUDRxkQ%3D%3D%7Ctkp%3ABk9SR6yw1bKXZw
Magsafe Case For iPhone 14 13 12 Pro Max Clear Shockproof Magnetic Phone Cover,,£3.85,Free delivery,4 Mar 2026,0,Brand new,https://www.ebay.co.uk/itm/156470852115?_skw=iphone+13+pro+phone&itmmeta=01KJXJNB0DY71GBSBHSFEYXD5V&hash=item246e63ba13:g:u1kAAOSwN9RnBK7Z&itmprp=enc%3AAQALAAAA0GfYFPkwiKCW4ZNSs2u11xCMcewMiWgVXQF2rrjE6VtdyQGy0DtKGkfEm3ZdqRQS784qUEYjVyio9getXGXkZeGTlfT9sHHktHHmVo92Ikf7a75hIfxFw1WabR%2F3NgDebkJv9hlZ54wUzjgXrne%2BkFIKIOx9ysihwWZB1qYupFcEU4Sk4ss87y5HjX9qX0xW9ufwv6CMyjEl5To7uEJC%2B8SHOziWkWvr6bdrVxNgVLNpxVYRSQj5w%2FjmTEH1nv5Y66jwm06uXVzTX%2FchCCzdlGc%3D%7Ctkp%3ABk9SR6yw1bKXZw
Case For iPhone 17 16 15 14 13 12 Pro Max Leather Flip Wallet Phone Cover Stand,Leather,£1.99,Free delivery,4 Mar 2026,0,Brand new,https://www.ebay.co.uk/itm/376880487586?_skw=iphone+13+pro+phone&itmmeta=01KJXJNB0D0QA97AYJASCQ45GY&hash=item57bfd3dca2:g:L8QAAeSwaThpb1Lg&itmprp=enc%3AAQALAAAA0GfYFPkwiKCW4ZNSs2u11xC3vzienFQjmwsFi8OOWIG52DDiAb%2BYXbCYCsX4z%2BzM%2BzBt9N4HHoJrMYhrHxc4wNu55j%2B7Iy5Xf%2F3FpJP6K%2Fbctvhk03zyBpl87Z1i3aqnCOFvxer8D8jVmtSzZ%2BTEMrPy4nA9Lx8uIA%2F5U%2FeRzXBQnngDBYhxgGg8O1hn5q%2BDbO1dFdOR%2BROOrEcO%2FMI8XTo9WYqgHGsWenKxOE%2FHgWMlvsGHKdC46WFXdtvaODRdpyr9iYtqOWgyPiwS%2FtLA--0%3D%7Ctkp%3ABk9SR6yw1bKXZw
Leather Phone Case for iPhone Air 17 16 15 14 13 12 11 Pro Max Hard Cover UK,Leather,£16.13,Free delivery,4 Mar 2026,0,Brand new,https://www.ebay.co.uk/itm/336414509639?_skw=iphone+13+pro+phone&itmmeta=01KJXJNB0DZJFFXAKKRXWHQTGB&hash=item4e53de0a47:g:MZ8AAeSwUMRpfGCE&itmprp=enc%3AAQALAAAA8GfYFPkwiKCW4ZNSs2u11xAnXuOIbtvMO04T0dGQZhQ6ebpp4zh92Sg%2FddQoJb%2FOtmi5TII9%2BQNvz%2FFfKBe4YVF%2FFVyJrAqHxnUvUoVN8ERuOBtZPh8aoOWzud3VLknirXEGvDIchm%2BBvzGwxodSIwaPvFiujRMQUYLoXOPMXihWImd3Rp5%2B3QPFHKjF2QZv7M8gQG29dEC7mC2gzVpVhIjShZxQwSvPOo8Cu65g%2FzNFJynWMAHaPh8qAk%2BzwBriFVXYQGQmy%2BN1uwJreTQkp%2FYdBgnjIDL2qj90SdJoMSdV32gvVI25BgqXG6FXjr5Weg%3D%3D%7Ctkp%3ABk9SR6yw1bKXZw
Case For iPhone 17 Air 16 15 14 Pro Max Plus 13 11 12 7 8 Shockproof Phone Cover,,£2.49,Free delivery,4 Mar 2026,0,Brand new,https://www.ebay.co.uk/itm/366241460833?_skw=iphone+13+pro+phone&itmmeta=01KJXJNB0DSNR6KFVCEZRPDJV4&hash=item5545b13261:g:c64AAeSw7ZxppiWE&itmprp=enc%3AAQALAAAA0GfYFPkwiKCW4ZNSs2u11xAS4zIAf07xUpUiUP5qtZ51OrwYDGUMw79%2Bj5NEJgXLXb3bqh9c846XvPyH8PLtRxCow7FuIi49PInMeCQrocjOkqfMSISK0dJjK7v3t%2FbvDC1Rvnbajdlf1HXnnkASUE6C9c%2B4NBzPwtkyPWbo1PV%2FMuUPXiC1qYezJ578QREZdUSmJioyd8UqyyIfm8Js5o%2F5U9fK2XwKphpezn4fX%2Fq8giVz3sBOkerpbZ5jLC3SQ1KZj7nmmrZb9NyuaXSwoEQ%3D%7Ctkp%3ABk9SR6yw1bKXZw
OFFICIAL ARSENAL FC CREST 2 HARD BACK CASE FOR APPLE iPHONE PHONES,,£15.78,Free delivery,4 Mar 2026,0,Brand new,https://www.ebay.co.uk/itm/392813318587?_skw=iphone+13+pro+phone&itmmeta=01KJXJNB0DG168EVJ3R4BAA01F&hash=item5b757f91bb:g:X3QAAeSwNV1oIrSc&itmprp=enc%3AAQALAAAA0GfYFPkwiKCW4ZNSs2u11xCnG4AUaQsvTv4TBHjstN8Zr8PWFu6vPLyULD62puURPcCLyOFu8%2B%2BRoRyeS%2FT0%2BDkcqHScjAq0Zsa6FtGqLsD6I6rMBFi9V80E%2FjBPeejLrg3SDmQ5SqyWzx104dCPLqcUJTBypYYion4Fkg3rbcQ5nDA50pJEcqo5fBui7P18MW38WqePJocv%2B18MGpl7ORrEOgu1KLGmtYt0Il%2FKCZUr5Cla7T4YvTT6WRvNihrTDPgD%2BQBBt5%2FKU%2FM8uigV6Vw%3D%7Ctkp%3ABk9SR6yw1bKXZw
3X Screen Protector For Various Phone Soft Clear TPU Gel Hydrogel Film Cover,,£4.39,Free delivery,4 Mar 2026,0,Brand new,https://www.ebay.co.uk/itm/315195250826?_skw=iphone+13+pro+phone&itmmeta=01KJXJNB0DT6FKVTGT2K45KP57&hash=item496319d88a:g:wQIAAOSwfaRl4v3a&itmprp=enc%3AAQALAAAA8GfYFPkwiKCW4ZNSs2u11xAnIEvXH7qsJQbWwKzYR9fAJgTv7SSFgYi4AM44i44sHLCxxOsISwK%2FaW8DAvERdpd%2BTry%2FOBjMuFllD6jG2BSL1hxBMOutLdguXuvhU2gyFA9r1ZhxQ02hgTqSd24g1cIqOYJ%2FFXAI1r7Gz7u8Px0Oi8Jx5dt%2BbuCX1WmvPJkRE%2BHzxJwnNwH2Dog2PeKtaJwxgMJWRWpe1TQSaQMNzipWikKZWFPMIX9NvSQevZ%2BPDaEcul7HGCfyhJeCr5AGnUoxu88Sp4f%2F4M%2FgL5cqYQ8TuR0UMq8lpcSZIqSCTx1xzQ%3D%3D%7Ctkp%3ABk9SR6yw1bKXZw
Soft TPU Case For iPhone 17 16 15 Shockproof Plain Colour Silicone Phone Cover,,£3.99,Free delivery,4 Mar 2026,0,Brand new,https://www.ebay.co.uk/itm/116828030471?_skw=iphone+13+pro+phone&itmmeta=01KJXJNB0DGD3MBH52BDCX6JCH&hash=item1b337e4607:g:~qQAAeSwUTlpJ1rl&itmprp=enc%3AAQALAAAA0GfYFPkwiKCW4ZNSs2u11xCmaFRGyavGARdlKQLchSaDw9m2UrjQ%2F6gewl2Y5DVFWOBAZY679FOn6zH5Rd%2BF5rHf24i%2FYFbunDfSfqFBqQr%2F2KnszT9o06eI0Xf%2BpGwlnUvozsFSYgtp3%2BmMkqqjuVFOOatahMnFoGsDOaCUo%2B4wCALHYuzrFSEfkYpJpwkmg1bj7gUDs18aovVqfyTyT5GxZTBPJKE1DrntJ7FTM18AZVndPNYNAcKnAeaFVFqGHdgUtD0ZHd2Er%2FWZjLvLDdI%3D%7Ctkp%3ABk9SR66w1bKXZw
Flip Leather Phone Case for iPhone 17 16 15 14 Pro MAX XR 7 8 XS SE Wallet Cover,Leather,£2.99,Free delivery,4 Mar 2026,0,Brand new,https://www.ebay.co.uk/itm/226229680667?_skw=iphone+13+pro+phone&itmmeta=01KJXJNB0EYJGQWQY06RY9QGV4&hash=item34ac56fa1b:g:Y8MAAOSw-OVmiQe0&itmprp=enc%3AAQALAAAA8GfYFPkwiKCW4ZNSs2u11xCizqoIvlCuoVIyIO4949HkHFqqj%2FJnM8Q2scirrF4I4KUCUfZ8DU5BTaNWpM47WZNytbCodHerpG6Lhw36UroSFQ2K5zLGLCRWlNXBSKjSPYoMV%2BIzLrIhFzWRgbRf6CFWGQt08hii5eLnRVB1BqRsjMv1TKCBCPBO%2FB%2FT98Xc0kNpi9WDxQNu4O7oNqjPPQdLHatLD5a32Fk8Qib9HqatB302X3GhCYQJ4IlQFjf45%2Fo%2BoDTqOi%2BEO%2F2pDorin170AwcnKx9v1lScXgQTjOEQkOOTNIC7ArfGzd%2BD%2FJw4ag%3D%3D%7Ctkp%3ABk9SR66w1bKXZw
Personalised Flip Wallet Phone Case Cover Custom Printed Photo Picture Collage,,£8.99,Free delivery,3 Mar 2026,1,Brand new,https://www.ebay.co.uk/itm/161738334423?_skw=iphone+13+pro+phone&itmmeta=01KJXJNB0E2M6FRN6GPNJ1PHJ7&hash=item25a85b20d7:g:X0sAAOSw4O9bhB7a&itmprp=enc%3AAQALAAAA8GfYFPkwiKCW4ZNSs2u11xApBmSEVQjSpT6zqy5oawE1cDlWemexKvy4yzkhS%2F9fO4N7Jh3AndsynXF3pIp3fwHhKgzdir28z5cryg7iO1pUb1c6s%2BVqxoRl4FOhHXfCuCJ%2BGw68iZ7FNlYPmZbC%2Fk%2F3A5a2Etk7k0rYobsSHSwjj8SkvmzZPx8QxWgi8gBlsIt5JzTBOQxodSaWki4lPfnsbbYFr9dnIu0FhR80DmRFmgAKR9fhky2KlNl8FJM8DAHIp9xf8OLk%2F%2B7rmFBQNG4qPFgW8QPjcDJeaMCLFgZSVYdpvStUpvIOCtVmFD6IYg%3D%3D%7Ctkp%3ABk9SR66w1bKXZw
"Cute Pokemon Phone Cases For iPhone 12, 13, 14, 15, 16, Pro, ProMax, Plus",,£13.89,Free delivery,3 Mar 2026,1,Brand new,https://www.ebay.co.uk/itm/236637707669?_skw=iphone+13+pro+phone&itmmeta=01KJXJNB0ESAXQVNDB3TBKRSYM&hash=item3718b4dd95:g:MxQAAeSwFD9pkf-B&itmprp=enc%3AAQALAAAA8GfYFPkwiKCW4ZNSs2u11xAL2DVl29qxqtGr--ZRjDrDsomYiRfcL%2BE%2B3p9vzgktrFt%2FYs5Z1%2FOCfXAYPWrlmG905Nyu8nhg%2FxTRteQlBwyFcL1NsUaq735xzRUSdjhT5qv3kaFwwZ3me%2BoLgeUtYEoJ%2BuXCB1SI%2BWPX3AxF7tf7T%2BhL7ocveyoQQiurrC%2BvSvz7dLuXmV1Pb%2Bf2xCKlLYW4T1O0ymlElNg5%2FaZf4iw3bvgCXc8vaaaRYCvuQ7aRSenyWVrmvY1NiHTBELclv0dzVQOyuylW4R0hcc32RKohLPtc4ZRD6fym4b%2BFQ7XAfg%3D%3D%7Ctkp%3ABk9SR66w1bKXZw
Personalised Custom Photo Phone Case Shockproof Cover For iPhone 16 14 13 15 25,,£9.99,Free delivery,3 Mar 2026,1,Brand new,https://www.ebay.co.uk/itm/126733546346?_skw=iphone+13+pro+phone&itmmeta=01KJXJNB0EP91E3CJKABGT28VD&hash=item1d81e8736a:g:JCgAAOSwNYxnFS-S&itmprp=enc%3AAQALAAAA0GfYFPkwiKCW4ZNSs2u11xAYC%2Bddy1UBWboTaZ%2B0ig--6VvIDVgsJ3y%2FAzLKcZ%2FyMcIJVKTdQgaF1kbh%2BtyEzocbHL7n4fDI97HcYxypfwBZ8dxnKSRVF9OFNhE0LwbpGhKQ%2Bo19WaObtjNFJ%2FIQF1slCffnCkG7kIi1I8mBmzcQYvmYLeuMnptTY3N%2Fr%2FQttFf%2BnxbPIhWz2XbLVxrz%2FQF5kOJyAm384HeKPnzOWZ2w82q57xKKnxcpXIVdJq8QbVQqHfVcuBi%2BgpHL4J%2Bkj3Y%3D%7Ctkp%3ABk9SR66w1bKXZw
Magnetic Liquid Silicone Phone Case For iPhone 15 14 13 12 11 Pro Max Mini X XR,,£6.48,Free delivery,3 Mar 2026,1,Brand new,https://www.ebay.co.uk/itm/406397848672?_skw=iphone+13+pro+phone&itmmeta=01KJXJNB0ETK89THMTDYXRK4VF&hash=item5e9f330c60:g:BCcAAeSwAJZpHMnK&itmprp=enc%3AAQALAAAA8GfYFPkwiKCW4ZNSs2u11xDTa7HWDCVBJPrzxWvAMybM%2FAx%2BAAgIub93aFJggE52xJuYPCegFZGITli%2FWoOXFYet9plz0OqFC27GV1G3%2F%2Bgv%2F7Tkts%2BvM4og66DvD70ZFCXlPQLTaXn%2Fhn%2Bhh7qInCU27YIN9KPZitAcapzpsrR6hpZegDo6a90ktpZqPSEnDaNszFEa2J58Spckz7Q1Jpe59NtS6jN6PewU93TBtrjY0bLZlauVq1AkezyXpQizu%2FrLLJ4%2B9u9QFuH%2FsfRHAnmehdmcPrn1ZWghHotJ%2F0NKbL8qcevYrRYA3ou75fdIPQ%3D%3D%7Ctkp%3ABk9SR66w1bKXZw
Shockproof Magnetic Magsafe Phone Case For iPhone 16 17 15 14 13 12 Pro Max Plus,,£0.99,Free delivery,3 Mar 2026,1,Brand new,https://www.ebay.co.uk/itm/389562188519?_skw=iphone+13+pro+phone&itmmeta=01KJXJNB0EMYN9EMPE5XCR9SJ3&hash=item5ab3b742e7:g:cmwAAeSwW1VpfUEC&itmprp=enc%3AAQALAAAA0GfYFPkwiKCW4ZNSs2u11xBPsEDzTXW7gfPI5aWQRm%2BsXehNoak2W5kSKyqioDAaHYCtL%2FKt8Bv0cQOBNQ7XRVKwtZ66n1swKi0hEK4omu7JHT5IfPORvzB%2Bf1eoJv5qHYP5YfPHZvoe1FfYFPIiwe5%2BW910HG0ae6Kf3H4TbVWz7WlSmf2%2BbypZ509%2F5GWbvk8L7PWyelJoC7%2BvanMOOQDFSFao20M%2Fe7QSQ2GNhb5v4oQrTn8EOfsw%2B8busTDB6n6efmAiH%2Blqk%2FfUuYCrH3w%3D%7Ctkp%3ABk9SR66w1bKXZw
Nike 'Swoosh' Silicone Phone Case For Apple iPhone 12 13 14 15 16 Pro/Max,,£6.51,Free delivery,3 Mar 2026,1,Brand new,https://www.ebay.co.uk/itm/116797239417?_skw=iphone+13+pro+phone&itmmeta=01KJXJNB0E6HXQJ7G6N5WB5EWG&hash=item1b31a87079:g:aJwAAOSww~9ndl3r&itmprp=enc%3AAQALAAAA0GfYFPkwiKCW4ZNSs2u11xBqw0J9%2BVYb6fWu2%2Fuwa1ls9eNr5YYy8ozpkn%2BAIuvw6PTEmLZTrtybK8cRYFYU4Kd3isDrxBN%2BiOtHi687If9Ls60HDmkvaWKIBk9JeBTO1%2Ba%2FhIXsl4Gr6ZuIUEZyWGyJ6T8qMqrq1FwIF6nG%2Bnvue1hY%2FrTnXVON2ajhGeWzcQHjTt%2Bq5A6TusHotxsABDFJaRZ%2FVSK4SNuHQtx2FsJUen%2BB0qkZ0nDpL53DSKJMkhITckynqdicWM7XxDvkG20%3D%7Ctkp%3ABk9SR66w1bKXZw
Disney Minnie Mickey Leopard Print Phone Case For iPhone 17 17Air 16 16E 15 14 1,,£5.99,Free delivery,3 Mar 2026,1,Brand new,https://www.ebay.co.uk/itm/357636185838?_skw=iphone+13+pro+phone&itmmeta=01KJXJNB0EQJZ3CE65EDAP4QFP&hash=item5344c71eee:g:gfwAAeSwIqRozAn0&itmprp=enc%3AAQALAAAA8GfYFPkwiKCW4ZNSs2u11xDD7AtwITZt5CCtDe2tc6gqQVZr7OTi84O53WiyvYdGqp4hqazBGSssKydmfPrBN85hthVZB9zns8%2FDEREq9eBXJ1KbbmQCL2q9dyZPNZhiFPSuTAn%2FWWvVBwfnQsv1f9HP7Y7xMddCJ9JbCEiDFd0cAcCUvAj50sxh1r1fd594ZwDExaHCfQA5yT4Qw6aQKRtOGLM%2FyW%2F9JazlRYbj%2Bfr%2FDHOxuTEvjrYJ7FvLQxC0UfjX70yVhbJYHK9mRHGKx50XGnXlVBdXgPet2cY2pzK4Q4maAFe%2Fqxj7PjDtUCrqUg%3D%3D%7Ctkp%3ABk9SR66w1bKXZw
"F1 Lewis Hamilton Phone Case iPhone 11,12,13,14,15,16,17 e/Air/Plus/Pro/ProMax",,£8.99,Free delivery,3 Mar 2026,1,Brand new,https://www.ebay.co.uk/itm/127223175904?_skw=iphone+13+pro+phone&itmmeta=01KJXJNB0EX1HTZ4AR4XPRK4NF&hash=item1d9f179ae0:g:kJEAAeSw4n5pYN3f&itmprp=enc%3AAQALAAAA8GfYFPkwiKCW4ZNSs2u11xCycLV6gxoN6BmzxFGnTo9ywMkDw8UlN5xIr69EDfBUYf24x1vgakVwmCAdafZ3FzdI%2B7vwflvgpYGdV2NCfPykZv2b0C%2Fa%2BuB82rgTRWwclyWNPuqu8XZcpHzQpQomIxQ%2BJsPkZJ8jwOQ1CeaON4IOwh4kTMJpWv1my2tGNOYvRiJQMZlUXFjz4PfFjYeC0t9Zy%2Be1gmlLOZvhB4%2FE0MzV5f%2FnMy9ofBUa6A80TCXbYUX6YInGpHkQt0cCJu5TNUUSNLQet4RKo%2FA%2FQQUdm2cDc8cJ3H%2F79FB2w%2FT8J9L90g%3D%3D%7Ctkp%3ABk9SR66w1bKXZw
Gorilla Hard Case for iPhone 17 15 16 Pro max XR 11 SE Tough bumper Phone Cover,,£1.26,Free delivery,3 Mar 2026,1,Brand new,https://www.ebay.co.uk/itm/165781776808?_skw=iphone+13+pro+phone&itmmeta=01KJXJNB0EF41HTS0RS6889KP3&hash=item26995d29a8:g:amEAAOSwufBjdPLf&itmprp=enc%3AAQALAAAA8GfYFPkwiKCW4ZNSs2u11xAK%2FT4APVvjuw%2BrwEGzdJvaYQHJeHGUppdQsaplwlWRkX5dMIxT47%2Fb8RuZaGXj9iwJiN7xqnsgyF%2B%2FC9p0PPkkKlTqCm3BJ1wxymaCmlF3zWh49jc64FYhBKhfYyAWvTiAqGpRvyRDGWQHdfApmX4%2FdA75lUS69gwuFJumTrpPfNV7zz%2BjG%2B22hqH2232WW%2BQlcwMR2s%2FMhNwCafQO9oneLJ4qqMc0U2jJPaIbGICu22n%2BN5Kdb5vSqHLEhFNW8zpC5MH4RAeiiLjGfuYEUi78nrh%2BTmt%2BBoVQnklp4VLvPw%3D%3D%7Ctkp%3ABk9SR66w1bKXZw
Motorbike Phone Holder Bike Phone Mount Case for Motorcycle Scooter Waterproof,,£4.99,delivery in 2-3 days,3 Mar 2026,1,Brand new,https://www.ebay.co.uk/itm/187617419232?_skw=iphone+13+pro+phone&itmmeta=01KJXJNB0EA56DM075PZVD6GSN&hash=item2baede9fe0:g:16UAAeSw-zBo3vZW&itmprp=enc%3AAQALAAAA0GfYFPkwiKCW4ZNSs2u11xCa1djOkpz9zyuBXArDMWxAUy1If7ezJsuGR6KCibUiTyVQU4yEivTZa8zhYbkMzAGlXpgHyef2PE0Xrrr3MuatVlYpSdZzyrndg7sL95OCcGS2olJxTRh%2BZnU6yDjLU4mYeQS3qHy2udZvCJ%2FFxEjghuB5rxASFMnFH4GXM2JVjurpgbuEZKZzFOrtKdmc0LPHGEQhD3YDA3w8YYMHVQcuXqQR6L0dsWVxuQau1zV%2BprpkiKTyfIGdjo6ddfxcapY%3D%7Ctkp%3ABk9SR66w1bKXZw
Clear Case For iPhone 17 16 15 14 Pro Max Plus Air 13 12 Shockproof Phone Cover,,£0.99,Free delivery,3 Mar 2026,1,Brand new,https://www.ebay.co.uk/itm/365615323733?_skw=iphone+13+pro+phone&itmmeta=01KJXJNB0ESW7YZSCY6E1QY65D&hash=item55205f1a55:g:Fv0AAOSw4ypoLLEw&itmprp=enc%3AAQALAAAA8GfYFPkwiKCW4ZNSs2u11xD0Iadyz0EM%2FEVCp36JIk0dLAmAHZ4%2FSRqXKnJeazy47EGNM2Es7bGlWQ9aVjPqg9QpZOm6VVm43N9poqOf4EWP8U5Qr1y503w3acXOR6llnbtirOtzzZKO%2FtCdWyUv2FEUFV223ReDqvRTiKKAY6u4lCPPMV76fB%2Bhjf1mbCL8Ws%2Fh%2BxYqQOdPjOcsGv5INFUNfsUHizjKwwiAVeieIyCLUnMMdgCCJfZYH140ev%2Bqd6lz2XtZmZ3AHlPSSVme8%2FMVBAhwYM%2F8vagmj%2B7qPLjlWRlDEVOS%2BzW0mUtyPWDqjQ%3D%3D%7Ctkp%3ABk9SR66w1bKXZw
Shop on eBay,,$20.00,,,,Brand New,https://ebay.com/itm/123456?itmmeta=012DEW30YG0MEEKND7NH&hash=item123546:g:acwAA9KNiJowH:sc:ShippingMethodStandard!95008!US!-1&itmprp=enc%3AbgepL1tlUHjMGCVfSTGJh%2BzsVKeJ3CQk7NizDI4BZeppuFnmyS6Ijyp8lh%2FnEw%2BWqO7uTV1Q6izE1R0T54aV8j71F4xlWfVcGft4%2FiOQhtqVXA1rW6M1atPARQRmhqUxtEPJKhKtSFgI%2Bvwlzb0GwVCtkp%3ABlBMUObkmabpYw
Shop on eBay,,$20.00,,,,Brand New,https://ebay.com/itm/123456?itmmeta=012DEW30YG0MEEKND7NH&hash=item123546:g:acwAA9KNiJowH:sc:ShippingMethodStandard!95008!US!-1&itmprp=enc%3AbgepL1tlUHjMGCVfSTGJh%2BzsVKeJ3CQk7NizDI4BZeppuFnmyS6Ijyp8lh%2FnEw%2BWqO7uTV1Q6izE1R0T54aV8j71F4xlWfVcGft4%2FiOQhtqVXA1rW6M1atPARQRmhqUxtEPJKhKtSFgI%2Bvwlzb0GwVCtkp%3ABlBMUObkmabpYw
Case For iPhone 16 15 Pro Max 14 Plus 13 Shockproof hard-shell Phone Back Cover,,£1.99,Free delivery,3 Mar 2026,1,Brand new,https://www.ebay.co.uk/itm/277229675358?_skw=iphone+13+pro+phone&itmmeta=01KJXJNJDGZH8616EAZB7HZ46V&hash=item408c2d235e:g:1SgAAOSw8BJoWURi&itmprp=enc%3AAQALAAAA0GfYFPkwiKCW4ZNSs2u11xBKzixS60mw8EaUvblmf5osVYSKW9%2FxALTR4lxRoWilfVcGPCNJd2CkHbQyzqInBWEjYoGsijypVJKJpKPfICjDc5zBFTELFOI4GpI%2BKEJa%2FjTNR6ElnnNsBDuVDWz%2F9PkaB36FdJ9PSYNjGsf0fSGcERBELy03SB4ZHCM%2FaTnsh3HrjWVz47z8gfihv599Mv%2BccAyLsqkYC%2FR63YZdl%2FM6mq%2B8IRZgSdVvzeV4QIiEAX0EuwhzGSf2s6sKOZBbY%2FU%3D%7Ctkp%3ABk9SR_am1rKXZw
Diamond GLITTER Case For iPhone 15 14 13 12 11 Pro Max plus Bling Phone Cover,,£2.99,Free delivery,3 Mar 2026,1,Brand new,https://www.ebay.co.uk/itm/225885512607?_skw=iphone+13+pro+phone&itmmeta=01KJXJNJDH0GP6F65M0H7PTAZQ&hash=item3497d3639f:g:J7QAAOSwKMxlYGmF&itmprp=enc%3AAQALAAAA8GfYFPkwiKCW4ZNSs2u11xAwZAGFMDw0fXERiD%2BAog%2B6WIfQZChjC32bbRGeDGz7g8e5Pz6blk7RxLI14QbPEzrSzLKZQbffnQ76zPA9Y1vbXbdNEtKizSj4rO2sCoodStIRVJ%2B0YNuiy01bFX60ph4EFr72J0nsx2IsCdjcAhDn4xrKDkrIO%2FnYIdOus5lHuuDKGHlXIyw53pezyHLghEndvJ%2F21EuA7vACdgcdqm92igwhHjmBaRN1rMBDsiYPsnemNhhBgc8oQS774%2B0d5Yly6%2FtQ94dyTycZBgv%2BTg0TBY9L16lxVCRdF8mnCKwtFg%3D%3D%7Ctkp%3ABk9SR_am1rKXZw
Luxury NewDior Brand Design Phone Case For iphone17 16 15 14 13 12 Pro Max Gift,,£13.06,Free delivery,3 Mar 2026,1,Brand new,https://www.ebay.co.uk/itm/377005249531?_skw=iphone+13+pro+phone&itmmeta=01KJXJNJDHSG2S5YQEKHYCFXCT&hash=item57c74393fb:g:cDoAAeSwp6NpT3sb&itmprp=enc%3AAQALAAAA0GfYFPkwiKCW4ZNSs2u11xDUkYv93wjCv6NAyYKzh51FP1Adg1%2B3FXTPXXzPisqPow8ONltMVL3R2s4CYGl%2F6WnI1QBktDP3U94hjCgZ6tgEwWMeUYKAVukUDJMOTPDWLoZMt6izmaU2nKCKNqcXEpJ3AhSqoQYpFCMKeDN7EctHnoLmQrOlKO8Rjb3AsIVOuj4eeWSYUPtOW62zWCeKuCPJPWxMnya3NTsJidbYi24QJZANyNNyVw9ld%2B7PTHciD0lAL21eM2o7deKkKIJGhPo%3D%7Ctkp%3ABk9SR_am1rKXZw
13PCS Mobile Phone Speaker Dust Removal Cleaner Tool Kit For iPhone 14 13 Pro,,£2.45,Free delivery,3 Mar 2026,1,Brand new,https://www.ebay.co.uk/itm/287063886230?_skw=iphone+13+pro+phone&itmmeta=01KJXJNJDHWWMZJ4B4MQNQV4Q3&hash=item42d6574996:g:2nQAAeSwRaxpYX0l&itmprp=enc%3AAQALAAAA0GfYFPkwiKCW4ZNSs2u11xBkra1vfLR8moz4fjE%2BCBauPk4UREcO88lFDSeFoMu2hKXqvQk8xuksEOjEDmZnxG7GkdYalTRtW%2FW4Vm%2Fpo75MvsfKT43fCgiigcG6%2FQFQms2Gs%2FPQCgCPXFrdPY4ilwKaYXk7SGmwZcG8JptATI22Qiw%2FzP3q5on8%2F9Klfbnuz6tEyKwN%2FBxglN--VuT5OomFbEL%2Fu9l2XAm%2B5JJwKRzl%2FCEe297yx6C%2F66gl%2BRjWS24Vd9JXcaO5sQ32d64AU4k%3D%7Ctkp%3ABk9SR_am1rKXZw
ELEPHANT TROPICAL GIFT FLIP WALLET PHONE CASE COVER FOR IPHONE SAMSUNG GOOGLE,,£4.99,Free delivery,3 Mar 2026,1,Brand new,https://www.ebay.co.uk/itm/185892336217?_skw=iphone+13+pro+phone&itmmeta=01KJXJNJDHZHRGQKYBPS43TWEM&hash=item2b480bf259:g:YpcAAOSwC81kXXCR&itmprp=enc%3AAQALAAAA8GfYFPkwiKCW4ZNSs2u11xAXMGvJPEivbAUB5UV4aJJyrTCjas3MbC8IPn78P%2FOPPGasC0tLCU%2BCJGJ%2BAqZQ%2BxsspH6K24CHmEeww9LgJG4EKa1pTdXLn%2F0j%2BuUvxj%2FfcYBR8kynfIwka%2BfOBmlcOZ6UC7r%2Br9vWA%2BMAtL49UnpXqfPQFDvbxpuGrX2c6lIi%2Bu8z1V%2FejlaELK%2Bknx88of8IFn%2FDvf%2Fp4aGpYPxtuOgf7kekg2kA3CrGxMS5Ppcit2NivaBD11bJZjYsX8cg%2F43WRUS2bKlcWqUiA6Oxq2j8nHup%2F4MIGrO2%2Fw7kSWoJvQ%3D%3D%7Ctkp%3ABk9SR_am1rKXZw
"Shockproof Ring Phone Case For iPhone 17 Pro Max,16 Pro,15,14,13,12,11,16Pro Max",,£9.99,Free delivery,3 Mar 2026,1,Brand new,https://www.ebay.co.uk/itm/336154390263?_skw=iphone+13+pro+phone&itmmeta=01KJXJNJDHEQF62Q4D12ECT7AJ&hash=item4e445ceef7:g:I94AAOSwqedn~plq&itmprp=enc%3AAQALAAAA8GfYFPkwiKCW4ZNSs2u11xCTitEbhpQhzO1DOWK3LCMlXjkN9edICUtAQ7jt64ryR0mGhsI7VWZBiR5UtBBrSs26DiesCBA5UFYK%2FUdELzQf6P%2BcdBCwc9lE0pVAT7r5%2FXUJCbtpNBnpRrT%2BdaxsBpFC1s1Jd3GrWPSOAw2OHOk%2FKhbaBA6krSgW9ZkjbBmsis%2F037f2CiBPZna%2FBUY7Ees6%2FWeK5zvZftnIrs0DnNTsi%2BDIMBP214Rzae92uT%2BTwojavtaHmgCMRvNVeQ4YZr7nj3LgddR6ASpo%2F64NpBHdj%2BEXt6DzW%2FGKQTK4TUW52w%3D%3D%7Ctkp%3ABk9SR_am1rKXZw
Card Holder Case For iPhone 17 16 15 14 Pro Max 13 12 8 7 Shockproof Phone Cover,,£2.99,Free delivery,3 Mar 2026,1,Brand new,https://www.ebay.co.uk/itm/226244774830?_skw=iphone+13+pro+phone&itmmeta=01KJXJNJDHQQZ16WTYXQ4H440D&hash=item34ad3d4bae:g:X1MAAOSw0R5lI7qp&itmprp=enc%3AAQALAAAA8GfYFPkwiKCW4ZNSs2u11xAdmST4aQgord9GuSdbQKgnfQ78L0kfk%2B7bRtTz0ACC1NUgZsgRRoLQAABczbAKUCVNlQYghsDAS5ZasuzidZ42rnmWpvfFmUaoAyBOBLzlzply%2FFBmiEKk%2BGH7wgWUo1l%2BGqfmXG2Nv6zWmdvjnBZbV7mWt%2BswMHDgrcacoBG1SNt5iWb61uk8z1rsBS5zAe0w8wfytbr7YQrjS9I1gCRaP%2Blr1tVkB9rJvM3stVx3QXp4CZRz6%2FVpGyXjNSscQu2ZVglR5eAWDD1L6aCvXx8gbenCU3w%2BfvBEkwusRZ0ouQ%3D%3D%7Ctkp%3ABk9SR_im1rKXZw
Anime Demon Slayer Phone Case For iPhone 16 15 14 13 12 11 Pro Max Back Cover,,£6.99,Free delivery,3 Mar 2026,1,Brand new,https://www.ebay.co.uk/itm/317848993281?_skw=iphone+13+pro+phone&itmmeta=01KJXJNJDH5C55X3X3X4Z93PWB&hash=item4a0146be01:g:xyoAAeSwUzhphmJ5&itmprp=enc%3AAQALAAAA0GfYFPkwiKCW4ZNSs2u11xAtXY4S5XH7uO0Dd8B3VjXjCLtonew1Q0kBu7Iu4yA2MPJA8elLkRPubB8wMyk7ZIZwRuuNSObesARW2IkHoJ%2BWua12lJfx9RFFggR6SDAL6nHJ0MjjlOAD7VmNhe9FDH98tZdUUwYyMmYYPXp1XBwRVEhYiepbVRNhc2kPLAcZPLRw8NM%2BBJThoSKXRYQnk8TevWJgMDRz91xWG5NV3MG06ZTBakR03ShSJGb8iPiGpTLPR3w7wYqqfPLGz9mIT9o%3D%7Ctkp%3ABk9SR_im1rKXZw
Burgundy Cherry Phone Case For iPhone 17 16 15 14 13 12 11 Pro Max Shockproof,,£3.79,Free delivery,3 Mar 2026,1,Brand new,https://www.ebay.co.uk/itm/389612300993?_skw=iphone+13+pro+phone&itmmeta=01KJXJNJDHW5V7W6T2D5NYB7KK&hash=item5ab6b3eac1:g:x3YAAeSwzGxpjcL2&itmprp=enc%3AAQALAAAA0GfYFPkwiKCW4ZNSs2u11xD6TbBCBO1EzmzvExOvDdPpPEsBfZj50XRXeNznw%2B1md85deA9bal1UPE%2Fs%2Bk2mMaqktq8NoMyxEOxCI4itVyvLJe%2BTWChTxYwOhRM1ph1WvSM4X7ujNjK8lVZ0gXVbRxcADo3n4NtnfaUcivBrlMGY0UJDXOaAgfB%2FodnBjRqfr0nMXYxPQkEeqnFF170h9Ig%2FPeJ7Ap0fIysof94NYtpxtnTo4ERDnzhAsaKSn43JLRMvtMcX4hQwru2EpeZPw1A%3D%7Ctkp%3ABk9SR_im1rKXZw
Case For iPhone 15 14 Pro Max Plus 13 12 11 7 8 XR Clear Shockproof Phone Cover,,£0.99,Free delivery,3 Mar 2026,1,🔥CAMERA PROTECTION🔥FAST & FREE POST🔥A+ QUALITY,https://www.ebay.co.uk/itm/226203937329?_skw=iphone+13+pro+phone&itmmeta=01KJXJNJDHJR6RD2J4J1K0HZD3&hash=item34aace2a31:g:wR0AAOSwWsFmcwx6&itmprp=enc%3AAQALAAAA8GfYFPkwiKCW4ZNSs2u11xA2PPun54bDpYBjn4NJ%2BqPZoI9gpA4i5fRz%2BdZ6O%2B7e8MAmcOEVu1S6BOY%2Ftfc%2FqdnioGJKqbBQ2vFiAuBHjmJym8S%2BsP70jp%2BlL1j%2FEJZBTyWM7RIKgOHlh%2FXE7TQqav%2F27K%2B7oFdGTxMfCVkuMtwq0L4DvR8EfA%2Bry3vFKDmNqA6CkRmriFqjo31tUUHGQX%2BIogIJDpJlq5EL0GWHkWW8Tc%2FT9s6LReoNrddHE3R9dtcnzxrgHc9qsqVAIgPIP6PYxwlevh0EOV%2FeP9B0t9H9XGV8uLrC9y458OXYFVpgGw%3D%3D%7Ctkp%3ABk9SR_im1rKXZw
Rhode Lip Tint Phone Cases WITH Lipgloss Set IPhone 17 16 15 14 13 12 11 Pro Max,,£9.95,Free delivery,3 Mar 2026,1,Brand new,https://www.ebay.co.uk/itm/406641540495?_skw=iphone+13+pro+phone&itmmeta=01KJXJNJDHACD2JK43X63097BB&hash=item5eadb97d8f:g:WtMAAeSw0l9pd6Ec&itmprp=enc%3AAQALAAAA8GfYFPkwiKCW4ZNSs2u11xDFIJbD%2BTteUaBThVa%2FR7u2evYkOzdiWEWOXqzvQVjFBtiUbFqh%2B4OiDCPQfOI7TtAQWhVt34voqJAWp4AWhjRfBRLBf67%2Fn%2F8vRXaPaVRTkPalX6HjloxoJGXv67IlNI5VhkpxZbM2XjzNJtJAIcfhAQJWTV0a3yZWlEDduoIJ4ie9MCqrOG4icr%2BBMW1ObSs%2BNChfT%2FF%2FLHkktc8yuF44HzGu7KXzKRDu0rCvmavTRADTVFO8FhfGlXCiKAPoAbJKZMd0cFPs%2FbyLOJYQA7IkRSZAmCmrWnJK60ZWSXc31A%3D%3D%7Ctkp%3ABk9SR_im1rKXZw
For iPhone 14 13 12 Pro Max 11 XR Plus Diamond Lambskin Girls Phone Case Cover,,£4.35,Free delivery,3 Mar 2026,1,Brand new,https://www.ebay.co.uk/itm/126785642123?_skw=iphone+13+pro+phone&itmmeta=01KJXJNJDH3DX282KWDNCCEZBS&hash=item1d85035e8b:g:DZgAAOSwDLdmnSyS&itmprp=enc%3AAQALAAAA8GfYFPkwiKCW4ZNSs2u11xCgagbNDh5qQoQRRkNTRvFJ1qUTBE78liaukWeVsT2NHEGZloge4ZXF1VDQgz2Vh%2F2vvMmgp8DeuSJt52b8mksq0Y%2BhwnPUMlkXTw5wFx0RzBhE4eftC4wrAsHeNhoeHI8q0ipfvASeX4p9yTcp3RZWTjsoCbPSGjnDj5EKS06VLaEefx86vmrKD9jKmkMGpgmhxpZgjTMALwceowHEtsbtckKKs6wPZphBKCjK5U82ICWAM0gsEjWwIklvsgxeyisdmmL1AwYYhnQJq4FFRG5QnB46XsLL8O%2FuH7BxdPxcIg%3D%3D%7Ctkp%3ABk9SR_im1rKXZw
Case For iPhone 15 14 Pro Max Plus 13 11 12 7 8 XR Clear Shockproof Phone Cover,,£2.99,Free delivery,3 Mar 2026,1,Brand new,https://www.ebay.co.uk/itm/156244548108?_skw=iphone+13+pro+phone&itmmeta=01KJXJNJDHJH614KGQNRPF9CT8&hash=item2460e69a0c:g:E7UAAOSwQnNmYWgA&itmprp=enc%3AAQALAAAA0GfYFPkwiKCW4ZNSs2u11xCzYW0t5FAf34%2FGbixRELQnoTNnPI%2BP%2BcAxYzbAlF6l03sICDgvnbjd7nzB%2FPGJKRIIxzmRsLyUk4V9l8bHDDHvJQrdwv8Kxy3J5XDSplFL8AZ%2FFH0lF967iztt1odFjiRGsVeXU7PaC032VEjomDTjfnEr3YM9OugMRdexl%2BekuIYe3sHSNtE0H8oIvvb8MUvb887XxNDcRABXt0LJ5asS24UAZ7C6o5D3nON26G5g%2BYGZRrAui67UeSqLpcZ4RMU%3D%7Ctkp%3ABk9SR_im1rKXZw
For iPhone 17E 17 Pro Max Air 16 16e 15 14 Case Clear Gel Shockproof Phone Cover,,£1.95,Free delivery,3 Mar 2026,1,Brand new,https://www.ebay.co.uk/itm/115913777052?_skw=iphone+13+pro+phone&itmmeta=01KJXJNJDHMF315BS6WFCS0GWZ&hash=item1afcffdf9c:g:U6QAAOSwXcRlAEW9&itmprp=enc%3AAQALAAAA0GfYFPkwiKCW4ZNSs2u11xA2Nb8SbiOeqwfpxYJit4Ys72uL%2F1NAcKccxqXJ2PWqWu5GblxjalHjEBURixHvUVCnWaZoOX6%2BdjvXQpHuukCVowzJr0ZDzI4xOI%2FR9svMYn5ZEawDRVVIaxotf%2FsnHvoQP7dEyFvFI1yH%2B4wHLLAPtu%2FbBv05vGXRmvPPxPdSijyStE7BExb97E9wB4mUU%2BusiW8S%2FsZ25hPzTiphpl6JLlCsECNgTIQgho%2B2Ooi2n88u7h9vOcUS3k4gyEjYdP4%3D%7Ctkp%3ABk9SR_im1rKXZw
Heavy Duty Lead For IPhone IPad 90° Degree USB Data Fast Charging Charger Cable,,£3.89,Free delivery,3 Mar 2026,1,Brand new,https://www.ebay.co.uk/itm/197818035044?_skw=iphone+13+pro+phone&itmmeta=01KJXJNJDHX8XFMBV2J8G98HGC&hash=item2e0edfab64:g:FzkAAeSw2B5pBJdV&itmprp=enc%3AAQALAAAA0GfYFPkwiKCW4ZNSs2u11xBryQq%2BTdkZqq7aarh2uKR%2B344cKJflY1uscYK0QBLIjHfJrHJudVrwguVov0j%2FI2p3xio6O3hjZGUGlpOduwDghOPA8wXoErFPc25Iirykk3JApCtpRB%2FaspudqgPsMydvzyySmFta46ChGgpPH2cORV3dVaUyZ0AYEim03GzL4S8OaXTSMAyXtfXx5pkFZkMENgv2t8s2oAEtW8drXZV4FCU7VakKMPhXJeUe9U04mPkuWc6727o3yjzDFM0V0Ok%3D%7Ctkp%3ABk9SR_im1rKXZw
Hybrid Phone Case with Hidden Credit Card Holder For iPhone 17 16 15 14 13 11 12,,£5.49,Free delivery,3 Mar 2026,1,Brand new,https://www.ebay.co.uk/itm/356619705284?_skw=iphone+13+pro+phone&itmmeta=01KJXJNJDHSBAC6XMEN69WV4PH&hash=item530830dbc4:g:OCYAAOSw4chnwdWI&itmprp=enc%3AAQALAAAA0GfYFPkwiKCW4ZNSs2u11xC1W7kIBXu8ROSmRMu%2Fik8KoFzFc2ww6sqYCUrKg3anAjGjyW7yOys18oTVBitewtxPa91TQbFaONxhZVqMAilhSsOrS4Wy3an6O1Rnb9FvThcDsrWv%2BxLztaQkBXV7BXck%2F%2BbIoMgMnnJkKzE%2FVzpPCiUr4GkAC2%2B3iFw2ExEYEoRdZERMc7iS1CUqf82BpsQgHL%2FQ2Xxf0CBHl07itQHVd7FyNXcvpgwb3K5b0nR6AmQlKn3Du2wDAk96SWjToKk%3D%7Ctkp%3ABk9SR_im1rKXZw
OFFICIAL SUPERMAN DC COMICS COMICBOOK ART SOFT GEL CASE FOR APPLE iPHONE PHONES,,£19.95,Free delivery,3 Mar 2026,1,Brand new,https://www.ebay.co.uk/itm/133486968747?_skw=iphone+13+pro+phone&itmmeta=01KJXJNJDHDYVHMSHQ1TVTHMFK&hash=item1f14717fab:g:QPcAAeSw9-NpnmTy&itmprp=enc%3AAQALAAAA0GfYFPkwiKCW4ZNSs2u11xBkqIw9SMkbQKYf8QLV0v30PX5VS%2FIvoM%2BB88DkBxdG2GFVMBxy88oeVMgFVgQvNYnmfKw1emysStrqj%2BOlPuXmnlFVBJ62FqtZCAWW7LxfMvmkGfDw5p3c376zlYdEJon90igNkB0x5P%2FGIdcABsz9BatyiGfFkISVOs%2FfeuYT6BDUblSk99E0KxWmJwXwWsAOSmg3wSU2GV7OSJbPaPXj0i7439Bxxcel41G7mmTywPQizQ5oAfPPkn%2BkPFRYm%2Bk%3D%7Ctkp%3ABk9SR_im1rKXZw
Case For iPhone 17 16 15 14 Max Plus /Air Love Heart Shockproof Phone Cover,,£2.45,Free delivery,3 Mar 2026,1,💕3D LOVE HEART💕NEW ARRIVAL💕UK SELLER💕,https://www.ebay.co.uk/itm/256903777856?_skw=iphone+13+pro+phone&itmmeta=01KJXJNJDHPH9W0YXQG8CVCQWE&hash=item3bd0a88e40:g:fDIAAOSwSmllpYbu&itmprp=enc%3AAQALAAAA8GfYFPkwiKCW4ZNSs2u11xAC%2ByJpDrgjKT2viU8HCcF2Ng%2BG%2Bh9rNJyLybYjTILppa9AaB3jd5AALs%2Bc3SGCTf%2FYVXgaRy6m0aiSc%2BKxI57KxKqtV6o3v%2FreEaSf33myQT--yN%2F479dy3N7hm5oFA7bU7dmQHVSio%2BcG52fqxHzu0m%2FYteuhz7RlEKH%2Bi2Hknj4VwKKH0z9YbNKyUPMlMED3Cdqpnb7oHWpcP02hqy6jn81CK%2Fq2YkLz3sUzvDA5cs%2FChiUbFetI%2BNHLB9a90K0O2GvRe8coiumrC%2B4iSIU6JMmZWLQ4AgbupvLg%2BgFL6Q%3D%3D%7Ctkp%3ABk9SR_qm1rKXZw
Personalised Leather Phone Case for iPhone 17 16 16e 15 14 13 12 Pro Max Initial,Leather,£7.99,Free delivery,3 Mar 2026,1,Brand new,https://www.ebay.co.uk/itm/168065686299?_skw=iphone+13+pro+phone&itmmeta=01KJXJNJDHS2P025GF6T3V1427&hash=item27217edb1b:g:ORcAAeSwIJxpXrFd&itmprp=enc%3AAQALAAAA8GfYFPkwiKCW4ZNSs2u11xAOI6%2F5Lxj%2BH0XFb%2FYQcdqd3VOF4Ib0afbnEo2ticYiuNTJyXnvoinhF0t%2FaLV1QjEvQr0p4rgEp8Ygb3gH8aVMo%2FqiFWBgOEyVcU9%2FHlDvTrqyb5%2BbQ%2BnDHpbjJ8q%2FUkzNhS9o5NenSkD485yNdzXL2bdJqrR%2BBUX87f%2BTL7D89SgMXcN7hG%2F%2B4HXmjSokRLa0fuJQvzV0Q9sMDzUiE27l6dcDArNgBdKPvHzXXsyjCeLkCf%2FtOq5IKpvEqs4%2BT2jrpUYcUDg5vyE2FYcf6E8dn5CaIAzw3NhEpF5rFwYZWg%3D%3D%7Ctkp%3ABk9SR_qm1rKXZw
Burgundy Polka Dot Phone Case Shockproof Slim Matte TPU Protective For iPhone,,£4.99,Free delivery,3 Mar 2026,1,Brand new,https://www.ebay.co.uk/itm/136988657044?_skw=iphone+13+pro+phone&itmmeta=01KJXJNJDJ83KZ0SK56QZH88HF&hash=item1fe5290594:g:G0gAAeSwOkppeJTv&itmprp=enc%3AAQALAAAA0GfYFPkwiKCW4ZNSs2u11xCfKQSp2cjex%2FsIxFXvt7nulSBz%2B4MwKlbtZT72oinG0jHbXqBYbE1jzdBLE%2FXMJUIiBeoVhXngKsIB9qo7XdIifVnSwn3k5wA%2FWVYH9oLjdiz3EEi17nE4C6FGXTf%2FSHEuBcW4ns%2FRavI7Kgh%2BBKDh7hDn%2FLiVHOldkaw7o6ZZtEshi222eglVn%2FNu6waeuRpShCa%2FI8e%2FKL8zc%2B%2BJ868WqdFg8ahD5wrc3bXwSn0EQqAR3GeYpMrBtUyIRB%2BQvME%3D%7Ctkp%3ABk9SR_qm1rKXZw
MICKEY MINNIE MOUSE FLIP FOR IPHONE SAMSUNG HUAWEI PIXEL WALLET PHONE CASE COVER,,£4.99,Free delivery,3 Mar 2026,1,Brand new,https://www.ebay.co.uk/itm/184052029810?_skw=iphone+13+pro+phone&itmmeta=01KJXJNJDJ0SHF6TE6ECXGT07T&hash=item2ada5b1972:g:AtkAAOSwnQBlIZs7&itmprp=enc%3AAQALAAAA8GfYFPkwiKCW4ZNSs2u11xDAqlYWCB32klGgLzXnFSLF7eaYVJZ%2BMGKwZI2IR%2B83pKRahwfsq3%2FqBEQam3PGbZWbFbwoJ7OXdXotgTAfXBVpJGOfRF5bqI%2FPx%2FZ1uM%2Bj40%2FA9SqnBKTKiEIp1TIT%2BabgdMJ5OAYuxijgCMKrnGxdzaLrMMJlds%2F0a6QgVM0mpiVlJysOa1qCIs7Cd00QudDEVI8Un1EuzGIBClPbLGPIaxWyIB4l7AwqWtulddxpPW3FyUf2TiNnCbXvpjsLerRA0elje8yQlRumsFA49GWDMYk4xbH%2FD7aNArLxlAsqqQ%3D%3D%7Ctkp%3ABk9SR_qm1rKXZw
For iPhone 16 15 Pro Max 14 13 12 11 X Phone Case Heavy Duty Shockproof Cover,,£6.95,Free delivery,3 Mar 2026,1,Brand new,https://www.ebay.co.uk/itm/406314570971?_skw=iphone+13+pro+phone&itmmeta=01KJXJNJDJQFMK7XAJDS45RACN&hash=item5e9a3c54db:g:LF0AAeSwJYJo-Tnh&itmprp=enc%3AAQALAAAA0GfYFPkwiKCW4ZNSs2u11xASRd7ERWSKQjzGRn3vTtzzmaTuKQRSfEuPWJK0WneGw1Itol2bOVJ%2BK5HxAR0ZE6uwJGcyXxty%2FOpUwQQJoOXJNT%2FAqCsuffg4PqD1%2FUZ5TxauoREgMR8rK0rmmehzmmw1KDTrzu5FtgueIoSANRsQjzjq88Ol%2Bfcsf%2FyRzBPemPoKmJkTg4qOnpfyVnVMEv32v%2Fq%2B9xHHOtxA3VHN8xsLA%2BOeoPuNsAlj8gUQP6gA8hIytMdAfOLSHVOPrOFqXkY%3D%7Ctkp%3ABk9SR_qm1rKXZw
Transparent Non-Yellowing Ultra-Thin Hard Shell Protective Phone Case For Iphone,,£1.99,Free delivery,3 Mar 2026,1,Brand new,https://www.ebay.co.uk/itm/388301019871?_skw=iphone+13+pro+phone&itmmeta=01KJXJNJDJ6WX4S08MWEA0H9PB&hash=item5a688b5adf:g:9TQAAOSwZNBn7lEW&itmprp=enc%3AAQALAAAA8GfYFPkwiKCW4ZNSs2u11xCWGZ%2B4TKU5EIaUmUrISOkW90BCV2YWhF62Wuik5ZGxxgMjZDpP%2F5QwFJE0w1%2B%2BWk8HIiwKAU2RoSTJr0xvMj2tTIUJlLA%2BvAzd4VewKPK4ZMeFPACtoWLLptllvU532QutZ39qN3Dp%2BzceqOQk9WwUuftt54A4je8xG6JAYJDnxyEyviLl8HlysSFWvBwbg9s1gDxHX310tRU%2FJCgfybGYTSWtF%2B7WIESkqqpHTu%2Fm%2FgHuJzORC7FGaieGxoHjWIu3y9e3sojGWa7cZXxoaAy%2BXIX4YnA2acA9ruLOVCscJw%3D%3D%7Ctkp%3ABk9SR_qm1rKXZw
Case For iPhone 17 Pro Max 16 15 14 13 12 11 XR 7 8 Clear Cover Shockproof Phone,,£0.99,Free delivery,3 Mar 2026,1,Brand new,https://www.ebay.co.uk/itm/397516837126?_skw=iphone+13+pro+phone&itmmeta=01KJXJNJDJGERF7459KKKY8YQP&hash=item5c8dd99106:g:XQcAAeSwRZ1pb8MR&itmprp=enc%3AAQALAAAA0GfYFPkwiKCW4ZNSs2u11xAwVlzF1WrGM8ih6KUTj1SzUiHNKPvFomyMPF5E%2B%2BuFq3j3N%2FIOA2zqbg5ImLdRDTL1M5Fu6Y1l%2BEKBZa5%2BNhvvaaRX1z9OeKYTkB4XXQJcO1mlBJv%2BT86jMg4yEMB%2B33Gsu7Vdr8laN14PflDECBmlTo3x0f0qD%2BYu%2FDeQdGO9VWngJqiHxkNslgwW3233OI1itudKxymyxU3vnRor%2BcyF8DFOjF7dUDuccTq%2FCDa%2B8dKFoUP95YNP0UjWe3DWLAU%3D%7Ctkp%3ABk9SR_qm1rKXZw
Personalised Photo Phone Case Custom Logo For Apple iPhone 16 17 Samsung A16 S25,,£4.49,Free delivery,3 Mar 2026,1,Brand new,https://www.ebay.co.uk/itm/205353336122?_skw=iphone+13+pro+phone&itmmeta=01KJXJNJDJ7SZFXH1YVHC2C1Z3&hash=item2fd0033d3a:g:kskAAeSwLaRn1GkS&itmprp=enc%3AAQALAAAA0GfYFPkwiKCW4ZNSs2u11xA2RMa2JiNFLol8pwyy7NxDojz3LVyz3F3aFWw7%2FPlvqXnVwnlwiIKD5w04RiY5QSR4ErhldhiStPzguVqz2DjNjojHP6vaKosvoIgMAanoo8lxJUKKvg0gV9%2BAsVyT%2B4t%2BtSBeO56erKQ6ASVP5gw8vnTVTP2t6CgmhGzF6J0lky%2BgRk88b2kbzScKP8KF1a9%2F0Y8LKLSNNu%2FXCyMjnI%2Fnhvk0C%2FbZxHsFBu%2FOFTf52Hz7CR06vJIwGdGcCGZzwmM%3D%7Ctkp%3ABk9SR_qm1rKXZw
Case for iPhone 17 16 15 14 13 12 Pro Max Clear Magnetic Shockproof Phone Cover,,£1.29,Free delivery,3 Mar 2026,1,Brand new,https://www.ebay.co.uk/itm/277634488050?_skw=iphone+13+pro+phone&itmmeta=01KJXJNJDJFEQP43MPX1N7099K&hash=item40a44e16f2:g:38oAAeSwVwRpXiil&itmprp=enc%3AAQALAAAA8GfYFPkwiKCW4ZNSs2u11xAhhFQlex7AG0Uqa3Y6sJC9gqTGG3m4l6L0wUPXt%2F5WEC0I6GzD98lCaHB5H%2F8PRRONRhxeJuKbwSTgLiVOyHrQenV%2BroTYY7GOStvghXPCpIax3hqPu5USjnr27NrOasohh9V6vXpfPB%2Fskq9VNCfW%2BPQwynFMBsro%2FsnQdPGCvoct6eWCpFTdMS3NoVtauBYm%2B63%2FLjdp%2B63LEclnHkpALA6Z%2ByeJJLZztle3lmh%2Brf0cJmx5ORcRdAfLTJTKn5hql48hOpQJwrf%2B7er%2F5%2BIi7ZRkJwBj9RWG3UWvBECZlg%3D%3D%7Ctkp%3ABk9SR_qm1rKXZw
Waterproof Running Arm Band Phone Holder Touchscreen For iPhone 16 15 12 13 XR 8,,£2.99,Free delivery,3 Mar 2026,1,Brand new,https://www.ebay.co.uk/itm/176791775581?_skw=iphone+13+pro+phone&itmmeta=01KJXJNJDJZJQDYZ4BZ0C4C4AT&hash=item29299c695d:g:-qUAAOSwBB9nI-8~&itmprp=enc%3AAQALAAAA8GfYFPkwiKCW4ZNSs2u11xCZ%2FFQUBcz38C49VK4amHWR0BKFDZwhYERdUdsX0kFq%2BNUyAdQ8fEpj5%2BT7hryhWhvQYs0sRQWGnndhj1YiXn6Ab4BKJ0jwdLvJmb4Cw6bI9N2Fj4%2FrORiTOc7UeekERUyW0D6dvO1T3zBXJcB38RejEk%2FYFo7p2vtBE66qUaqHDIKBd%2BYBWgKOXXG8v5DeV579dmytnSttLSO4jPdRuAAfy4FeTWlxx2DzAeUkWQLhdLbaWlT53RQFsidEh5QmiKDfeZsnaJCVVuteVGWJFwNKhr%2FUmkjAZCbc%2Ba9ohdKeiA%3D%3D%7Ctkp%3ABk9SR_qm1rKXZw
Ring Armor Stand Shockproof Case for iPhone 17 Pro Max 16 15 14 13 12 7 XS SE XR,,£5.95,Free delivery,3 Mar 2026,1,Brand new,https://www.ebay.co.uk/itm/127517841103?_skw=iphone+13+pro+phone&itmmeta=01KJXJNJDJKH9WPAR9FWFYQBJB&hash=item1db0a7d6cf:g:WlUAAeSwyqZpIPoj&itmprp=enc%3AAQALAAAA0GfYFPkwiKCW4ZNSs2u11xC6%2B1R79eT4MnkYUhtkt1NYvtV08uipFRTCElbW8Dmq6ymrQFTWBtzGWCU8DJr2rJzr9H5awN6yhds5sPi4BwYp7xAmge3Sn0Fsq4PzU%2FR3xv6GBLhXTgbp9HQqeWUO0eX9%2F8RHeDtAmEyrLvsMNq0U4IKkl1gyU3%2FcZ0o1tJM7V9hMJ8IYDoAcIGiJIpy3mojqGPdF8xOJ4LMsYkc5crlqkB2XBisPQA3%2FmR8RocaHRXctkLWqnjLcvyS%2BllgTHVY%3D%7Ctkp%3ABk9SR_qm1rKXZw
Personalised Photo Phone Case Custom For iPhone 17 16 15 14 13 12 11 PRO Samsung,,£5.99,Free delivery,3 Mar 2026,1,Brand new,https://www.ebay.co.uk/itm/168044574665?_skw=iphone+13+pro+phone&itmmeta=01KJXJNJDJEB92EJWSZY1PB630&hash=item27203cb7c9:g:-8MAAeSwhVxpVG2M&itmprp=enc%3AAQALAAAA8GfYFPkwiKCW4ZNSs2u11xB8jiEdR6ApafU05L1ikG%2F7gAYbrX5zqY14b758hf76ZzCDlWIVfhQfaYlxtCiBAGHY7%2F34cZlLfp9ztxbj0OunDx80YHx%2Fp3WqTnOYXV%2FIQ617ISbQ5LynU7vwhhvXjr%2FCnJ7t%2F8UnzAoeBbHZ1z%2BmeERHGipG9E%2FOb67LyipLVbCwwBDgmznYCeXy5j23NnkS1USRhGAkDpLH%2FVHfBgoAd5O8N%2BfVmJ6mFvnMAKo5N%2FvERmp9I5dg0FIqE6ejoAwmq5I6PSZDB4qXkT1W8jKoKquzU6%2FQX7GcfvSVepAQTA%3D%3D%7Ctkp%3ABk9SR_qm1rKXZw
Case for iPhone 11 12 13 Pro Max Mini 7 8 SE XR X Silicon Shockproof Phone Cover,,£1.95,Free delivery,3 Mar 2026,1,FAST DELIVERY UK STOCK - STRONGER SILICONE THAN OTHERS,https://www.ebay.co.uk/itm/225041816503?_skw=iphone+13+pro+phone&itmmeta=01KJXJNJDJM58VP71FM45Q6Y7N&hash=item3465899bb7:g:6iwAAOSwdcVisUeF&itmprp=enc%3AAQALAAAA0GfYFPkwiKCW4ZNSs2u11xCibNisqbVwhbrfAfQ0Sn%2B%2FuBNw3DYrlwbqeHqL5gpX20qwYMefoHi7AU66FQee03JhGJjd8EJMj63S52EMh3HNWllcfE4TOszU7tarjeZeLZIwxuMtvVFhxXFzbYMPIZO%2FI1caWPXHlmfxpGjr7cc2oQ9RVdrmh72NQj1XB7wu1C9G%2Bdz4cHJDFjpcPpVJ%2B9RakSqV4cYH4Y7VZQJRBytTUdyzcgGWfjUJd4TtrzIFpaOYUpsvK3e9SoSoqCxn7Eg%3D%7Ctkp%3ABk9SR_qm1rKXZw
IPhone Cover Shockproof Ring Stand Card Holder & Lens Slide Wallet Phone Case UL,,£1.39,Free delivery,3 Mar 2026,1,Brand new,https://www.ebay.co.uk/itm/256119272762?_skw=iphone+13+pro+phone&itmmeta=01KJXJNJDJY30WYT3BMQ44B7MX&hash=item3ba1e5f53a:g:easAAOSwhN9klboz&itmprp=enc%3AAQALAAAA0GfYFPkwiKCW4ZNSs2u11xB50D1L0Cb7wKoxOuer1cWGIVTTQkUja0uZUd5AnSgsPtb%2BSGCz77ag8ZE2rB81VkRAhK27xhIrkF1DIp2eYFZya7qI5HhU40R9eDYG0GLQpmTdg2W%2BGO3t707RxlJh%2FpBzx%2FaBgKCK7VO2R3ZJJxe3DCrC6OKeUyuKH4QTSC23SXZNQF7eouHNutEX697e6IV3VJb9FigVZIS%2Fq%2BRg2BEG802Qgqky%2FiAc75z1zK3NcEige3auW9oYb3eI5d2hmSs%3D%7Ctkp%3ABk9SR_qm1rKXZw
Case For iPhone 17 PRO Max 16 14 13 12 Ring Armor Shockproof Stand Phone Cover,,£4.49,Free delivery,3 Mar 2026,1,Brand new,https://www.ebay.co.uk/itm/187002067482?_skw=iphone+13+pro+phone&itmmeta=01KJXJNJDJRCZF2PQM58EM8ZN2&hash=item2b8a311a1a:g:RMoAAOSweU5nwd1S&itmprp=enc%3AAQALAAAA8GfYFPkwiKCW4ZNSs2u11xBQSJtTEZGGaa5bu9NYbJq%2BxCm%2F0Ke158bT%2Bj%2Fa%2Bvfely2K6IZAjTCrbHo4bczjepcIsjOOKAS%2B%2Bu5cvGVKrI%2Fkto0WWpQRSCXGlgFgPYGA04JIGbG4LElQdLw8BN9Ok2w4d9O9vfw5xyqwsI5plU0YU%2B%2FEWteoVZHDJa1esbkH5WFFuxXy8tL%2FJOx7U%2BgXlz6Zx6pDM%2BKhWqOTLi1qc42%2FosRtv%2FEE47C63r5yB8q5aSwbVUoeHj9Zdi%2BwmMqh16kH4H3ng6GzEcFqxRTylK6%2FoSXzNp30ISczew9FXXoAAA%3D%3D%7Ctkp%3ABk9SR_qm1rKXZw
For iPhone 14 PRO 13 PRO 17 PRO MAX 15 Genuine Tempered Glass Screen Protector,,£0.99,Free delivery,3 Mar 2026,1,Brand new,https://www.ebay.co.uk/itm/313256260184?_skw=iphone+13+pro+phone&itmmeta=01KJXJNJDJZR3YXT3YK9XM8S63&hash=item48ef873258:g:noAAAOSwJB1nPaTS&itmprp=enc%3AAQALAAAA8GfYFPkwiKCW4ZNSs2u11xDNSOJYRec1Bz1%2FtH4%2B1StTSRg2jdqJRTe%2FgaJnsBNQzJlwkiSg0VGmryX1BB3OO0IYXnQfwkYCNZbOX3Wb5E1lgCa22C20i4chePUpnrV%2FpJo6nUeO5z5vlrS7xmY%2Fq0fWgaXWpVAa%2F36gCN7%2Fs726vRGTbkluQQHjpKMsHUcNL8aHQsa9LqYTm3AwseNUjURBwH9i77wxZU5P8Yng3DmzGi8JALYf7ZqwQCjSd0QfR7EDavGZt0ylMeOnW%2F7d9%2F%2BMFBVH3yx%2BeWD%2F8M7iZKgwUl%2FhM48%2B9DzghzHzr1IhUQ%3D%3D%7Ctkp%3ABk9SR_qm1rKXZw
Case for iPhone 17 16 15 14 13 12 11 Shockproof Case Phone Cover,,£0.99,Free delivery,3 Mar 2026,1,Brand new,https://www.ebay.co.uk/itm/406614235680?_skw=iphone+13+pro+phone&itmmeta=01KJXJNJDJYF2J765TBSNPP8FT&hash=item5eac18da20:g:hlEAAeSwHAxpbVwG&itmprp=enc%3AAQALAAAA0GfYFPkwiKCW4ZNSs2u11xCL8RFs%2FPMaK4t%2FH%2F3tP8Eh49hZzbsAf2eAZ2a50yl3smTzHn0tjUpVWaAfPef0okYYAeYUAKAXXECV0JxYpJt1x4xcwKPu5xTmZcpy%2Fqd4OUmjdcKUVr1Zf3FZGyk8wHsoxzPHd3%2BYpkyEjn9NegUSBToQlFsmnH8udn77d2b9aaCvSKk4ShRQZoWUBpUURkbB95IWN8T5wKmItbTkOQ8aPIwkUeA5STxc5c2hxdMzWsP9FL72wTn13N08wGTAq0Q%3D%7Ctkp%3ABk9SR_qm1rKXZw
"Rhode Lip Tint & Gloss Phone Case Makeup iPhone Case, Cute Viral Gift Rhode Case",,£10.65,Free delivery,3 Mar 2026,1,Brand new,https://www.ebay.co.uk/itm/406557100917?_skw=iphone+13+pro+phone&itmmeta=01KJXJNJDJZKAP85X0690ZXEQP&hash=item5ea8b10b75:g:TasAAeSwrBBpWpk7&itmprp=enc%3AAQALAAAA8GfYFPkwiKCW4ZNSs2u11xCyePt7R6P9KC6PKo4R%2BOZhK%2FHJ3837cxcVrm2204hraeeR6ggXMgQywVRP81yFw3tarKV0pwf3T%2BrGbz9K3HtRooN1H6m7hAiSZGiRRpC2Zh1rTV%2F2pBbQnF%2Fhob4QmqvEUS4fuiYnUpLwPnJdQuFmNeafjVw5v1mNqglNBhOHV5eRrjgacPJwfKVSwkzUxtcofwBcaSaLImMUnlqBCDxyOgsvdo1%2Bp8rrhA7Lw8s0YA6Bapz72eJeNB67RHIwJdb8k9WeBoJbkzS%2B6ryMsnkE%2B942EzBSGRIRtj3PAZ2zeQ%3D%3D%7Ctkp%3ABk9SR_ym1rKXZw
"Man City Phone Case for iPhone 11, 12, 13, 14, 15, 16, 17 - Air,Plus,Pro,Pro Max",City,£8.99,Free delivery,3 Mar 2026,1,Brand new,https://www.ebay.co.uk/itm/127658838772?_skw=iphone+13+pro+phone&itmmeta=01KJXJNJDJ5QGHD95PSTKQ36RG&hash=item1db90f4af4:g:P~kAAeSwRv1pf4Rf&itmprp=enc%3AAQALAAAA8GfYFPkwiKCW4ZNSs2u11xBRTZs9BQEhEz9xBxLeA9Yoh4ehqYBGBAAcJRkpFOgVomdaXGz9BtY3lMk%2BFI7HgcHtWWYYyFh7Ywgrdl4ouzRoF2apKDF4ChE5fjcSOZrmNTEjtcovSNc%2BsQ2PEmZ%2Bb0WQ1yCnsWxo3qdnv9SHG0qo2e7haqsbvPB9HV46mcfRAxqa90%2F1DeBLlNZxEqVFfG4UrRwTXYWzLyLq61A8S0FeRtCua11AMiBJ40e5JAl4wWoVLA4Ycr%2Fuxm5z8wNDmwztvQASbwpgFVlYlmnhgLrJOwmmDCBG0424SWQzGU%2FeLQ%3D%3D%7Ctkp%3ABk9SR_ym1rKXZw
Hybrid Phone Case with Hidden Credit Card Holder For iPhone 17 16 15 14 13 11 12,,£7.07,Free delivery,3 Mar 2026,1,Brand new,https://www.ebay.co.uk/itm/145248397605?_skw=iphone+13+pro+phone&itmmeta=01KJXJNJDJBX60MNF6WQJAPK5W&hash=item21d17aa925:g:T9UAAOSwDvFk3elu&itmprp=enc%3AAQALAAAA8GfYFPkwiKCW4ZNSs2u11xAc3fsXrtfTm6qfrdu6%2FS0%2F5W7moEGZ3VFGAPzaK3HWHpmosg4pN4ADJnK2579A%2B5XF5Cvws4fbrApFM%2B5KsWS0RiLac5L%2F8N%2FS6fgIbiDDAPc9Wd4bYIkK7y%2BK7VBI1S7Q3vYdZTHuckCoxbajzT5KN7y9yJY8TgZ2lR8EsNTwQE%2FwChJ2FOiBiDNqtjfaT6dBfAnDOaM%2FF6CixYMozLQZsWCgTY7Pb7Io6j4yj9ABBREz3P7xiRUoR5nKJX2T1ePynommd2hbfbGIDYBJwO4TbzqLAOlPWdf3MMwwz95naw%3D%3D%7Ctkp%3ABk9SR_ym1rKXZw
For iPhone 16 Pro Max 15 14 13 Phone Case Stand Magnetic Bumper Protective Cover,,£4.99,Free delivery,3 Mar 2026,1,Brand new,https://www.ebay.co.uk/itm/136066696974?_skw=iphone+13+pro+phone&itmmeta=01KJXJNJDJF9XWBCHESRRR0XW0&hash=item1fae35070e:g:41MAAeSwnfVoXmTK&itmprp=enc%3AAQALAAAA0GfYFPkwiKCW4ZNSs2u11xDT1X67lzl73cQAVvnTC18m3YBBsCyfLrfp1cNqF0%2BNN2%2BfLZMXGNmuXkeHvOse0LDf3Q0t3awLZf8nBc1Bj3AqJIyn9JKq6GwxTIP0NwsQN7Hi3KIgpe3P0Brgq%2BKbIsMBGJozLvGV%2FsIEf2nLt9vZL%2B1q%2BxL4E14lWRve%2BYmmt3OU8DDEn2F0IT%2FEsyQEcwDepoehuxlCsbqEUGIDFH2XsHemE1pIHGW95qd4MH1Cv6p%2FskHa%2B9MRtTftvTP7mV8%3D%7Ctkp%3ABk9SR_ym1rKXZw
Phone Case for iPhone 17 16 15 14 13 Pro Air Plus Pro Max TPU Shockproof Cover,,£3.79,Free delivery,3 Mar 2026,1,Brand new,https://www.ebay.co.uk/itm/256981078518?_skw=iphone+13+pro+phone&itmmeta=01KJXJNJDKXSE6TP19V6J54RXP&hash=item3bd54411f6:g:R04AAeSwJKpox2e7&itmprp=enc%3AAQALAAAA0GfYFPkwiKCW4ZNSs2u11xDzuELes8sXWIybRVIAcvXz6u%2Ff7uD9o1Sl0ZLC6%2FoFgGFaaXHu0Qh3Q4PgXk9G2s%2FDBMhm2rCYx6XeZneWxnSEwW3JtI9m%2BFUuVCjs3%2F5PbQf5UIcWh9qBf9wnISsDkq9Fcg9BZr78iB%2FQKBS%2Fhgsz%2BaK0VIgRkx90xF%2B1U%2FaM%2Bd4zGeGFZiubeHMFl32GJPzymwB%2BTLxLCqurFQ5To214P6FGksxWHS994P4u6DvGTD9FjX7AkETswGhxPT0d2wg%3D%7Ctkp%3ABk9SR_ym1rKXZw
Black Heart Phone Case For iPhone 16 15 14 13 12 11 Pro Max Shockproof Cover,,£3.09,Free delivery,3 Mar 2026,1,Brand new,https://www.ebay.co.uk/itm/286401216711?_skw=iphone+13+pro+phone&itmmeta=01KJXJNJDKTAWKP7RNWA24RTYF&hash=item42aed7c0c7:g:Mz8AAeSwuSRn0ERs&itmprp=enc%3AAQALAAAA0GfYFPkwiKCW4ZNSs2u11xCIxYWsRV6mJupJESicEklbYVPDSi3rA19czKo7JG5FJiMb3PAiN%2BCLKOFTScYUUxP%2BKksL8%2F73tCGOopnpT0mswaoAWXHJS%2FJQhnY5z38DkarRuXv%2BaMDWbWtpNXlNC%2F6r0YnZDnkVj1590k7Ktw6ckaGI%2BarJ4XnH1Czmy%2FflQRcgm%2Bmhh2fzTBd7ZvaLGcx1co0mXlzdTLOrvqtyLcjAi6HVZCiSs79524FdwbHVl3StNGqkwptPQVR5yhEvF4c%3D%7Ctkp%3ABk9SR_ym1rKXZw
Case For iPhone 17 16 15 14 13 12 Pro Max X Bling Glitter Liquid Gel Phone Cover,,£2.99,Free delivery,3 Mar 2026,1,Brand new,https://www.ebay.co.uk/itm/113394979890?_skw=iphone+13+pro+phone&itmmeta=01KJXJNJDKJ3RN5F22B29APK0B&hash=item1a66de1432:g:3GwAAOSw8nNlZ6SY&itmprp=enc%3AAQALAAAA0GfYFPkwiKCW4ZNSs2u11xA9dgXUS70%2Bt46ftNYlZ9aFwOc1m8qtgcQhdjMk4AiY7dEwgoESRe3JBXFwhEDGqXE9lFdSYIGjcwzpzwJmIXcskBJ4DT3dne3%2FIBc09aJCNhDjZMgU5OT3mq34gUg3jKyp8WN8YsrmL22FhRRqOSHhU3NUV4PzKgmm6jTKmqg0gZLhVrqsiP%2BkCugJ%2BrxGI9nL4x5T2Oi5kr7BkghbEtQZqT5OIzhFLp1cSQS7%2FfCM28Ba03h7SXJYwy2JB7zqJCE%3D%7Ctkp%3ABk9SR_ym1rKXZw
Photo Phone Case Personalised Picture Collage Flip Wallet Cover,,£9.95,Free delivery,3 Mar 2026,1,Brand new,https://www.ebay.co.uk/itm/163924820891?_skw=iphone+13+pro+phone&itmmeta=01KJXJNJDK8AHRA39EA28P56ZA&hash=item262aae439b:g:WRsAAOSwT7NdufxV&itmprp=enc%3AAQALAAAA8GfYFPkwiKCW4ZNSs2u11xDQgaBbA02yvi2iaiZDJlKHDYbLqzhIykXvV%2F5b%2BmFEi8A6Wtf0dPPpero7rls6joDCqSJimGx0Shq80%2FV2%2BJVxzjim6o7th8qc%2BGiXhlpldSS7DN%2FydE%2FiAphsUcfUwyn0bM0Nnv0vwbjpfFJit45Q1BSK%2FwdyFYuVhKAdMXjNTJSSrUQRMKDrvcPDBK20gzh1Pb8AZjJ%2Bl4oEyzLp8FN4AsZkHVASPqivLXZzKPBRY2laXvV%2BMT5JCTQrQKQcR8N4M2H1O%2BwHkiuzv%2BTu06shwC49LyymVygHI4l8BMtl9A%3D%3D%7Ctkp%3ABk9SR_ym1rKXZw
Pink White Striped Phone Case for iPhone 16 15 14 13 12 11 Pro Max Shockproof,,£3.49,Free delivery,3 Mar 2026,1,Brand new,https://www.ebay.co.uk/itm/286770781392?_skw=iphone+13+pro+phone&itmmeta=01KJXJNJDKJAGWBCE9PBPDH15F&hash=item42c4dedcd0:g:BKIAAeSwHXxooi6L&itmprp=enc%3AAQALAAAA0GfYFPkwiKCW4ZNSs2u11xDCulGkcNSWB%2F9%2BdVyYnKarM3%2BGS%2FrrHLMnakFAxCb0ilufSE3QmOTF9e%2BLuF4H4hdl1gUlTT8bcYhmtRjHA1eZiCm5yHTt28ZRwNpkbUl%2F7WwZ9DFIYvqrWqjTULLUyAU6o9fqyXBq1katoIDE7gtwGxFVG%2FtTmXCCHh80jpuylqq5Naa3tYWei1r08zIVxTHUkp%2BPvTYEdr3fJxjQt%2FMQX%2FYtTJYNq1Z7aVIsHBp%2FZUHPIec9Dm3pEzxxOQL69CU%3D%7Ctkp%3ABk9SR_ym1rKXZw
Luxury Liquid Silicone For Magsafe Phone Case For iPhone 16 Plus 15 14 13 12 Pro,,£6.75,Free delivery,3 Mar 2026,1,Brand new,https://www.ebay.co.uk/itm/406391334548?_skw=iphone+13+pro+phone&itmmeta=01KJXJNJDKHDGT4JZT5GV8CZ1H&hash=item5e9ecfa694:g:UlgAAeSwwUJpGklJ&itmprp=enc%3AAQALAAAA8GfYFPkwiKCW4ZNSs2u11xCiZ5ovPzVGYtk%2BhLSOl6%2B9oiszAbFTOJ5DsUBeb9h%2FeDvrfKmEK2LzqbgF%2Fwt6LFz7mbUSazpzicdLIQsCHdPrnK%2BWCd56o6V%2BslnU7VeZ8OQz2brqLS3uxEPy7H0dHRA3sgJkXI%2BtTFvfl17ao%2FmWqIPw0ZzPBQdOnGnsZjy7n3h5nxFEgLux%2BWPVaU1zvy2ZGO2wbl%2FjQ61NZ2Pxw8A%2FLL2awC2vuOZYotTK2h%2FKYxrmxTv%2FDdLPmMglN1zUjuyobfOKfoytcviaVDPgkQHJ1OP7ChM6PuDg7o%2BnuvrZYQ%3D%3D%7Ctkp%3ABk9SR_ym1rKXZw
PU Leather Stand Phone Folio Cover Case For Apple iPhone 11 12 13 14 15 16 UK,Leather,£2.93,Free delivery,3 Mar 2026,1,Brand new,https://www.ebay.co.uk/itm/365701188229?_skw=iphone+13+pro+phone&itmmeta=01KJXJNJDK2MAR1V94N3HBTJS5&hash=item55257d4a85:g:SIYAAeSwI8xoYiHX&itmprp=enc%3AAQALAAAA8GfYFPkwiKCW4ZNSs2u11xD%2FtSLaZ1kpNpgvcG2Px5T8w335xs2zBrDe3IFYhGjpmTX8IhWDgngPVihT5JLhn2S21qj0cI4b0TEiORV3wQpGoLmb9LoWdlFTxTqkaxjvJz0lRpFgro6S5M33hSg5cv3XCmrUrv35CNw0ioVMOfHoepMsF%2BfyTCE%2BgWFDtK%2Fs1QQHz7lkN8KMkjKo8cr5xjZbMzCNHZv9fXwvl8HWcZ3SJz51Y39%2BBmmfndQ3isnvmWxelHC0rdaBH9ufG89lwgrH4rhPp6%2F0hHHlE3bzWYjTT71PTA%2BH0tNHHuviOWBfqw%3D%3D%7Ctkp%3ABk9SR_ym1rKXZw
Zip Wallet Case Leather Flip Phone Cover iPhone 13 12 Pro Max 11 XS XR 7 8 SE 6,Leather,£8.79,Free delivery,3 Mar 2026,1,Brand new,https://www.ebay.co.uk/itm/114884246994?_skw=iphone+13+pro+phone&itmmeta=01KJXJNJDKTX58DATHV98457WP&hash=item1abfa27dd2:g:ekUAAOSw81Jg58S6&itmprp=enc%3AAQALAAAA8GfYFPkwiKCW4ZNSs2u11xBq%2Fr6IsA3nW%2F1jv%2FP--ncIHlQK7m10kfJrIcvnnjoi4w%2BvxwVbRPQs9Dt2mGZYcItefCS%2FGAfWa%2BKGVTnJh1KxoM5nBz2W0wtstaoowWSg1sLkYKeDs7Qkgkmge%2F4LNJQkKJz%2FEZ8mdYEXno5lH0VbeScXsa08ctULurCJKEjjITB4hdL7lkyE4AzAeFZHwRHDnUQJLj2rAqTXgNxsOurthxIWfGPch29Qv3rdVHWSI7k31PxxRejixjFPIPJXspRRBvIPPE5nauEeVziAuEOvpPBNOlCYtwCxtKTMQOgYqw%3D%3D%7Ctkp%3ABk9SR_ym1rKXZw
Personalised Leather Phone Case for iPhone 17 16 15 14 13 12 Pro Max Initials,Leather,£7.99,Free delivery,3 Mar 2026,1,Brand new,https://www.ebay.co.uk/itm/267388387040?_skw=iphone+13+pro+phone&itmmeta=01KJXJNJDKFECRS5JWJEXN92BZ&hash=item3e4196fee0:g:~ocAAeSwZDJovvb8&itmprp=enc%3AAQALAAAA0GfYFPkwiKCW4ZNSs2u11xASSKLAeRogbqG2EN60kgna4dgi2z4Wknq8B3BKHuI1JLXqsK6JtxfCAm9p2NM%2Bf0LPoM6QMsYIATg5Gvaco58Bo4BswU8yu1UnzQqb1p5%2BrzHgHj%2FtIA9qUF7ig33vvT0ASBgBV7noao192cjJYZf2wpCpNkyeCEeLzQCc1TwQMphOZfR1IqcN7uzPffPJxclO5VJ1rswMN0Mo8z0ur86Du7KloWDhoL4cmKclLK3KnTYePq1%2BQGwG6n9bIAYWYYA%3D%7Ctkp%3ABk9SR_ym1rKXZw
Automatic Clamping 30W Wireless Car Charger Fast Charging Phone Mount Holder UK,,£12.99,Free delivery,3 Mar 2026,1,Brand new,https://www.ebay.co.uk/itm/147127863480?_skw=iphone+13+pro+phone&itmmeta=01KJXJNJDKVAG4HKH5K4HJZVAN&hash=item22418108b8:g:6DUAAeSw78Fpfd46&itmprp=enc%3AAQALAAAA0GfYFPkwiKCW4ZNSs2u11xDpyVIUQH8KxVPQj%2BfEwyrtTwZkW4hSz2GRlQlg7fmS6rz0lA%2Bi1S%2FVfxIHFqTy3fJzbhFXUQkYnfzDNTa%2FBIa7dbI3Pk%2BtigpRF0xZMXBNzex6VPfYlPfIVDLG9myd45bYvhGpOttCbvFDZNDC5LcqbiM6jnEtDyVbb3O9H7b5vHC4zReb%2Fq0vXMvuVGB3ytosUcNSLQl1zKS6N6MDcYEdd5K6we%2FptKLakThO5sjbQTsiLSRuTeY4r1JQPr9WN8k%3D%7Ctkp%3ABk9SR_ym1rKXZw
Personalised Wallet Phone Case for iPhone 17 16 15 14 Pro Max Girly Ribbon Bow,,£7.99,Free delivery,3 Mar 2026,1,Brand new,https://www.ebay.co.uk/itm/257156697952?_skw=iphone+13+pro+phone&itmmeta=01KJXJNJDKM6Y5HRRPJ0700J8K&hash=item3bdfbbcf60:g:cOoAAeSwEcpo7iAp&itmprp=enc%3AAQALAAAA0GfYFPkwiKCW4ZNSs2u11xC11KL3GWKQdsjWymPHDitzvz%2FCBsHqS541B--P7FjUbMONmJvGTdJ%2FpXMOvKKA0m3veKuz5MdwEjVrF9ntn7zitXw0DV0vs6Yr%2FJlG1tZHj2mha03Nhq6K1Psc%2B630XK%2F6KDkIkerNyOxVk5WalH1ei3ohoakUdhlMCNzTR7e4Bqi2wS76%2B5oMfU5jrSLLJ%2B08qJTGGYDxX%2FGNTnlmcIIUNvUcR1BOLKZG3esx%2BLEXkNL0qovxQWiT7RKaPdIo%2FIY%3D%7Ctkp%3ABk9SR_ym1rKXZw
"Van Gogh Phone Case Cat Meme Parody Cover for iPhone 16 Pro Max, 15 Plus, 14, 13",,£6.95,Free delivery,3 Mar 2026,1,Brand new,https://www.ebay.co.uk/itm/226616315190?_skw=iphone+13+pro+phone&itmmeta=01KJXJNJDKPXEK19JM8WWTRWET&hash=item34c3628d36:g:sOgAAOSwnvxnvLME&itmprp=enc%3AAQALAAAA0GfYFPkwiKCW4ZNSs2u11xDEHn%2BvLZ1sTgQ5W10uX9iFNrDIUKviUgUtT4xXodz6ayfwoT7FrfUo6wm7e2HvZ8yKmOMf1UTQ7y%2Fg2tL%2FIMjhqUnESq%2BwncO3tmDO924uV1I%2B%2Bm6rQap%2F1UEaCdsPfsZaxlAulqHgNF0zI4nnKDMJRugCnDOqtMLEAeWsMpQehZk7jzEFB4gAvweJTeYMCwv13YYlxAAOuml3Ed%2FtBfKXY6MBJoVS%2FaPL66hYB%2F0cnhtIJ%2F%2B%2B1SlM489z0CWNIpk%3D%7Ctkp%3ABk9SR_ym1rKXZw
Shockproof Magnetic Magsafe Phone Case For iPhone 16 15 14 13 12 Pro Max Plus,,£8.66,Free delivery,3 Mar 2026,1,Brand new,https://www.ebay.co.uk/itm/286463250351?_skw=iphone+13+pro+phone&itmmeta=01KJXJNJDK3S4WDA5WHYWB43XD&hash=item42b28a4faf:g:-FUAAOSwVfRn8QO-&itmprp=enc%3AAQALAAAA0GfYFPkwiKCW4ZNSs2u11xAJLGwCyS0uKzYOfPUYbODhNFsJNwCF3KDhzz8k%2FXG1V15tQaHc%2BmUqqyLma4OoBATLbbpY0k8N%2FiXb3nTJewnYDZrPoee3T3BWjpTRRSTQIGy28nbRjXU%2FsBO0%2FzCOuMTYClOnv%2FnUePgfSXAghXRfkS%2FAkAw7fhntKJ5WOetI97bFVHv%2BB1MjTQVLQ06k1FRQdqdFFsFNfy7acO0DvpbLkmzHOWTBCNU%2F3UwXTZxEgAB9ni3d%2B334XMRfqYELUMs%3D%7Ctkp%3ABk9SR_ym1rKXZw
Cowgirl Pattern Cowboy Western Pink Hat Boots Phone Case/Cover For iPhone,,£9.99,Free delivery,3 Mar 2026,1,Brand new,https://www.ebay.co.uk/itm/266790716838?_skw=iphone+13+pro+phone&itmmeta=01KJXJNJDK0G0SMTWMFWR8EDGG&hash=item3e1df745a6:g:C20AAOSwtb5mMKoL&itmprp=enc%3AAQALAAAA0GfYFPkwiKCW4ZNSs2u11xDsysQQiYf4y70ojOEaZUZ9ET1f7Vf78mxv%2FZGnBcsKojJYWkbNdhq3k0e5YXH314xdFUIRo%2FU2N8FlTuccjgw5yjYMez%2Bd0gTldlWLg3tpKFtGzqjWDRKhQO5EdzNHe4WVoeMMGFapBWFlOkJAnQ1QnoHskTA%2BikXRnRgSreAphHVgqHnSpjLsIi1xVgQTpBV45OrYIHKbCpr7Dt4sRCrlQEAae%2Bqzlsx5KLWE2T%2FZTFfwTgthoBWr4TWynLbzZyI%3D%7Ctkp%3ABk9SR_ym1rKXZw
Flip Cover Zipper Wallet Phone Case For iPhone 17 16 Pro Max 15 14 13 12 11 Mini,,£3.95,Free delivery,3 Mar 2026,1,Brand new,https://www.ebay.co.uk/itm/205814131352?_skw=iphone+13+pro+phone&itmmeta=01KJXJNJDKZJ3JVB51P6MD5RAY&hash=item2feb7a6a98:g:IjIAAeSwx21pAf1C&itmprp=enc%3AAQALAAAA8GfYFPkwiKCW4ZNSs2u11xCfbYqtjAJKp%2BSGqoesFMskxS3%2FtMP8FoWtgy%2BOtoQZtcv0yo2iKH%2FkdGg8qqL76JbQ2KpRRhHP8z%2FfIMJ2UOGNJSID0XKr%2F%2B0TZ3sYWFL5gz%2BTQZExlJtNCey8K5yji32Ps09QNwsR5TZc3nAQJ%2F5bGM1aZQ4ZJhtxtplO3yTUlRMDgMc5IuazN6k98n4jGG0Z0wDg%2BRAfN1YPrS9DITL53RvpRY%2FFruYg6vIQm7R1OJ84axtUne59eOJ%2F1%2FGEEewxGFIIhMl7Fydc5smz4QDxMGQICvzeZOuKuriXxpDxSA%3D%3D%7Ctkp%3ABk9SR_6m1rKXZw
Universal Car Phone Holder 360° Rotation Windscreen / Dashboard Suction Mount UK,,£5.99,Free delivery,3 Mar 2026,1,Brand new,https://www.ebay.co.uk/itm/316262724861?_skw=iphone+13+pro+phone&itmmeta=01KJXJNJDKHYXQMBJYGJTAT3P7&hash=item49a2ba34fd:g:xhwAAOSwi49m2qFk&itmprp=enc%3AAQALAAAA0GfYFPkwiKCW4ZNSs2u11xCsmr%2FcszNiYnrSIfRdYo1YEF%2FNCSMyEfPZlC%2BL98At87q5KFWKRWbn6XOTsEWENZfvaIhpk%2FiGDHwYD%2FE0MUPak7Q8oBDecRZmE0314JCB0kchmlBthB2onxKJZkxulSd9CVEVXaOS6mv8vPlZMA5KCZLofKhDwm7XnWig3ao8bS%2FwzbC4XXmCd5vNN%2FxGD8ucHPEWqrN69%2FSIM9M6dJmGh9WCD0Nb06VFq0yG%2FFkarD5qOCitmUZpsvOyVBCUyZo%3D%7Ctkp%3ABk9SR_6m1rKXZw
Rhode Lip-tint Silicon Phone Cases WITHOUT Lipgloss For iPhone 11 12 13 14 15 16,,£7.99,Free delivery,3 Mar 2026,1,Brand new,https://www.ebay.co.uk/itm/389206305430?_skw=iphone+13+pro+phone&itmmeta=01KJXJNJDKZTD4PCB33D5YTXXC&hash=item5a9e80ea96:g:UZMAAeSwWYVpED8F&itmprp=enc%3AAQALAAAA8GfYFPkwiKCW4ZNSs2u11xDnRG69aWAtr61EaBCABAgFS3qjtNPNd4n70rr2Aypa13YnH%2FRswWUfxa9H%2BxvI8cfEsSueMJG6GRALKTqJh0pypAkOAxsUhvsGBUXvP9CiXxMCeLFy16NWI8H%2BtqCYwaBUbFvDwef%2BAUzSRkKwbelmsnxPlXABB%2BMMqZD0xbyDuNU7qInMc8Z5Imr9eMnGp59kmkdk5aD72dEyHL2F5PdHBIvbqpWU9xjsBoxPHippVpBFgSfLOain4ubbipXk638hl4p%2BFZZkoeW0MGgcb491gQzN9VfQoJxGnCYqMzJMJg%3D%3D%7Ctkp%3ABk9SR_6m1rKXZw
Union Jack Flag Personalised Phone Case Rubber Sides Premium Tempered Glass Back,,£7.99,Free delivery,3 Mar 2026,1,Brand new,https://www.ebay.co.uk/itm/157318153810?_skw=iphone+13+pro+phone&itmmeta=01KJXJNJDKP5F8AHRX1HV6DDNX&hash=item24a0e48652:g:3BkAAeSwFPNoxVNy&itmprp=enc%3AAQALAAAA0GfYFPkwiKCW4ZNSs2u11xAztpJMBdZXsX97nFX9OoCXnDRNgSd6vUY5TBzx7megQxU%2F6fOAMUfAHvi6qysjFCfQL%2BpkHNrodEy2zvo%2FzxhxK4V5hYMTAvrB29d9dIAJrOuGfvfa2I9jDXstXp5uwKkLOpJm2civb%2FV2GzIsEEbemjr4qSfwr%2BsYsDymmvjFQ3LSFMLJ%2FOuq08FlUeHwIRK7RjXLBtp6HEotRLPznV8oHafkKJ%2FQ%2Bh9E%2BaAVnIiIPaqAYrTWAmAY9IR0bzRXRKg%3D%7Ctkp%3ABk9SR_6m1rKXZw
Tempered Glass Screen Protector for iPhone17 16 15 14 13 11 12Pro XS XR Max Plus,,£0.99,Free delivery,3 Mar 2026,1,Brand new,https://www.ebay.co.uk/itm/325684804079?_skw=iphone+13+pro+phone&itmmeta=01KJXJNJDMZH3P792KAQDE314M&hash=item4bd453b9ef:g:QwwAAOSwy8lkgHAe&itmprp=enc%3AAQALAAAA0GfYFPkwiKCW4ZNSs2u11xAy062XouMNlMJhiXlha8ylMTfRbaFQeSpOpXl0A8HC1tlje9%2FUQct81RTcAxIyfuWBdSI%2BHHqzh1I4rJ%2F6oc8Yf6lyBgvekmeRqXeZbj%2BQ0nJQLGiz9hatmzGROW%2BT%2BbrXXxttQXOYoNd357Q1xV2sRE5xFms2xJ0w5gpQ0Uqaxtka9PeFIdEMIoOHELvxYz2Cqp3C%2Fqxeo48RImxsq94ERvsdRtwJloSbZXMdD91GBQDOVJHBqPyKHC5i8oI4fWU%3D%7Ctkp%3ABk9SR_6m1rKXZw
Card Holder Case For iPhone 17 16E 15 Pro 14 13 12 11 Leather Wallet Phone Cover,Leather,£5.95,Free delivery,3 Mar 2026,1,Brand new,https://www.ebay.co.uk/itm/286981743509?_skw=iphone+13+pro+phone&itmmeta=01KJXJNJDMZENMVTFH8W7V7WYN&hash=item42d171e395:g:kLYAAeSw~z5pLVVq&itmprp=enc%3AAQALAAAA0GfYFPkwiKCW4ZNSs2u11xAsaXbdQIBFIogiiU%2FYa3ahOfaEEHEj0hnTPs9%2FumyPziEtsCPGloe5O4its8sQTb8JQCtIqEJJ8qNp%2BMztD5t0zILGL0p9%2FYOv4KTfmlapmDLRBMTIQHuJc9zjnDu9bTjxW1hioWsvkTqy6bGYWEr3%2FiZCS7jnJ9NWYpwvfUiqXnmuc6Az5zljRzvQQsbYOkricLHRU9piFmD8YtDi6Ir1lbhvAQFt%2Fk1QAzBQjFFwtJ6kWTyCU824oXDz6YzmGuw%3D%7Ctkp%3ABk9SR_6m1rKXZw
Phone Case for iPhone 11 12 13 14 15 16 17 Pro Max-Leather Flip Wallet Cover,Leather,£9.90,Free delivery,3 Mar 2026,1,Brand new,https://www.ebay.co.uk/itm/226529524087?_skw=iphone+13+pro+phone&itmmeta=01KJXJNJDM8QQA25ABKMWSCPWD&hash=item34be363977:g:Y4QAAeSwOx9pHFxy&itmprp=enc%3AAQALAAAA8GfYFPkwiKCW4ZNSs2u11xA1TD613d5InM3i2rRmS76x%2Fd7cJDNknZAwlUZ8dMPKuS9GzLWIGJOtPXD46f2scayw9SnKvM0W1YzdUxeARAKOoUz7doGoP10pXoVamEUIIvJ2pgfpGhgDYpYtDbuw9kgkCjpXPNJ10s2Nu4gDT97Prk5dE8Jr19hMC7g2dQk5eEsI4xV1kCx6jYSxFI3CUTpr2Yq7tAXBhvB6vDlAtzzNLbRxaKDqD7LAFjKJgtSvS0LY7WbwBhbfMxHqiFiHa7zWLea2my8KUi1uXwexXS4OimTt1B2JJM%2F9J8brXc89OA%3D%3D%7Ctkp%3ABk9SR_6m1rKXZw
"Moomins Cartoon cute phone case transparent for ipone 11,12,13,14,15,16,17 pro",,£14.00,Free delivery,3 Mar 2026,1,Brand new,https://www.ebay.co.uk/itm/358178082725?_skw=iphone+13+pro+phone&itmmeta=01KJXJNJDMH0NQ0DRKYVRHGMV0&hash=item536513cfa5:g:XNwAAeSw00hpfxd5&itmprp=enc%3AAQALAAAA8GfYFPkwiKCW4ZNSs2u11xAzrGCMZfT%2Bw7VnJ6GVRu7kmFiDnjt6lpCTEbvydmusxiMmg7ZO%2Bt3y2YGbENoMz2i7WoKnPD%2B%2F6GUwgbxkI6x9MOzS5rcKq2BnCdAp9gS47oa3kBMGk3%2FunS2Huo0fFNZ62QVUsM9xix4STVf2TzY%2FS8J5jvHDgadAXrKL%2BKy7ffZYMHhmRxwtKEm0YId1cqZeT6rwC5aqY8rVqMPmqdmEJ07uhhUl134NDOhPU4Ps%2BdyupaqRJ%2B%2BpiIyyy8SOORkvglRAhK3%2BryiJ1hoKuRdSrKjTL0JJ5IDRsWh5qdKAjw%3D%3D%7Ctkp%3ABk9SR_6m1rKXZw
Shop on eBay,,$20.00,,,,Brand New,https://ebay.com/itm/123456?itmmeta=012DEW30YG0MEEKND7NH&hash=item123546:g:acwAA9KNiJowH:sc:ShippingMethodStandard!95008!US!-1&itmprp=enc%3AbgepL1tlUHjMGCVfSTGJh%2BzsVKeJ3CQk7NizDI4BZeppuFnmyS6Ijyp8lh%2FnEw%2BWqO7uTV1Q6izE1R0T54aV8j71F4xlWfVcGft4%2FiOQhtqVXA1rW6M1atPARQRmhqUxtEPJKhKtSFgI%2Bvwlzb0GwVCtkp%3ABlBMUObkmabpYw
Shop on eBay,,$20.00,,,,Brand New,https://ebay.com/itm/123456?itmmeta=012DEW30YG0MEEKND7NH&hash=item123546:g:acwAA9KNiJowH:sc:ShippingMethodStandard!95008!US!-1&itmprp=enc%3AbgepL1tlUHjMGCVfSTGJh%2BzsVKeJ3CQk7NizDI4BZeppuFnmyS6Ijyp8lh%2FnEw%2BWqO7uTV1Q6izE1R0T54aV8j71F4xlWfVcGft4%2FiOQhtqVXA1rW6M1atPARQRmhqUxtEPJKhKtSFgI%2Bvwlzb0GwVCtkp%3ABlBMUObkmabpYw
"Leather Wallet Phone Case with Pull Out card Holder, Money Slot & Photo Frame",Leather,£1.89,Free delivery,3 Mar 2026,1,Brand new,https://www.ebay.co.uk/itm/145233214928?_skw=iphone+13+pro+phone&itmmeta=01KJXJNQSCNVEWHGD60S5750TT&hash=item21d092fdd0:g:HFsAAOSwBRFmNTKb&itmprp=enc%3AAQALAAAA8GfYFPkwiKCW4ZNSs2u11xBbgAhD0LmUkNNdGLMJ%2B7OFxz09V8%2FUVRyas6Dwqs6YrY58aA3rq%2BuFhQexbxGppKkwHAkBm%2Bc2a02Nfb9GOXkKCK1uid%2FSHD%2BwyHT%2Bq59rkUYmMBmctJFoLksIqA2olj%2FYS%2BXewUGFs4Vlaonihay%2FkAPlChOyGlhp0wys5%2B6s1N%2FxZ068tC1Gl4zPZ9lH957poGT364PrwIK%2B5JExAYuyNt1uHvXbIQKL%2BuA8KNKKG8pJdjs4xbjemG%2FvByRR65kcZtukeWZJCE08XY0G5ArnmASRRWTo5XaHcAbMBDXOGQ%3D%3D%7Ctkp%3ABk9SR9791rKXZw
Peaky Blinders Phone Case for iPhone15 14 13 12 11 Pro Max Mini Soft Black cover,,£10.99,Free delivery,3 Mar 2026,1,Brand new,https://www.ebay.co.uk/itm/236527607520?_skw=iphone+13+pro+phone&itmmeta=01KJXJNQSC1NSHAMV8JD71Q940&hash=item371224dee0:g:BM4AAeSw48ZpQGMs&itmprp=enc%3AAQALAAAA0GfYFPkwiKCW4ZNSs2u11xCIDh268jEzKEY9%2FdIijYaRHHD5cWrZlNpUirnhpVItUqjVgixjHehVmKbKjEGQFHMGD%2BtjhuYulXYW2FymP7jE%2FCu9ep%2BjgmPgdGGGIpnlAJ64f6tB3Tt321WNHm4z%2BBLYpyFOfQoa5r%2BzEXpoyAww6eFlTpJGAhmDBN4pcfyXEMivPrb8t0qWb6nOE80N3OjtviiKV5VNJdqCKq6BUk8rrvdp%2FdxwLyDG%2BW5frJwEsnQPkw%2FMLBqsfmtWex%2BHIn0%3D%7Ctkp%3ABk9SR9791rKXZw
Cross Body Nylon Patch Phone Lanyard Strap For iPhone 7 8 11 12 13 14 15 Pro Max,,£4.57,Free delivery,3 Mar 2026,1,Brand new,https://www.ebay.co.uk/itm/396181121325?_skw=iphone+13+pro+phone&itmmeta=01KJXJNQSCVAVE7WCEYS2M4FDM&hash=item5c3e3c292d:g:ursAAOSwhIhnpPg9&itmprp=enc%3AAQALAAAA0GfYFPkwiKCW4ZNSs2u11xAfZqydtcSx1vNCioMpsyUp2kyzhuO%2BJ1MG5%2BHwBMZYzR%2B%2Bir%2Fl1GcJwU9SmPTMlkbfuWvCrHG%2FZ%2FJdNgui2ancIMOqFALPExUGZJu1BdYQ%2FWQlbENuz35kp66rDCa9EFlC3R572GSyZ%2FFcj6t9Bwy4av6XBihybSpuPfRRlUxFje5CXXE68Z8p9KpoHPvsXZDMAN7REKXX5JmofJ7af3yVdHqw%2FdmgYeyxfkQXoo63yOuZx1vMLBehU8dHUn%2B4KaI%3D%7Ctkp%3ABk9SR9791rKXZw
"Luxury Liquid Silicone Phone Case Apple iPhone 11, 12, 13, 14, 15, 16 Pro Max",,£5.39,Free delivery,3 Mar 2026,1,Brand new,https://www.ebay.co.uk/itm/317797274857?_skw=iphone+13+pro+phone&itmmeta=01KJXJNQSCPFEH8NENAYMM1KS8&hash=item49fe3194e9:g:ekkAAeSwBhVpcV~w&itmprp=enc%3AAQALAAAA8GfYFPkwiKCW4ZNSs2u11xAE%2BnjEKmkNUJYbUxmnQ9kEYr1xXYeLGWKNKvhKaEwrd0pQsICwxLLzQQkuuYE399Z4aAA6%2F72lxGVgpl7Q%2BMjv0sT6wAUqRDrUhTZLVgShpx6%2BeYObTWv8kHo9dphhC4ZIf6SV9rPul9JOLCT%2FXY5NPyClZ%2B2VeH7OZ3l0rfL%2BpN6nQ4SaI%2FWigBy3OTw6JH1be4MmYU2xFwbWOcM0SRLfzpEoe%2BsGKTT1tWOxktZ2AWK0Ac4IVeVgxfO79z8ww1cgpLfUUM%2FBSBtw112PWwAlDg78X9j3QBV3e1Vc0PPF2g%3D%3D%7Ctkp%3ABk9SR9791rKXZw
"Personalised Football Phone Case available in iPhone and android Samsung, Google",,£5.95,Free delivery,3 Mar 2026,1,Brand new,https://www.ebay.co.uk/itm/225224798728?_skw=iphone+13+pro+phone&itmmeta=01KJXJNQSCPT3MGZPQ3YRCYJRM&hash=item347071b208:g:QH4AAeSwU6honu1Q&itmprp=enc%3AAQALAAAA8GfYFPkwiKCW4ZNSs2u11xC%2F7HpaZv40tKxs7vTv%2BuK4dgKp00RL1ISXkkMU1haFndFdQyTPmZI7C2NwhXg9WN06kFpezk7C%2F86Owd4oF%2BzedsznGwjlEt0RTAI3QqZYke%2B%2FuMTyR7Sc0LdaNPpTy2E%2BsvZACQUpX%2FBhJIxNiFhpWaKxtlzVgvdC2raGwupFNbWJWZZw0p61TApeGUD8kKl4tYypxkGidUbNbgeeE1HWA0rcvoBQ93%2BG3jL3JSoj91cDIqi217WBZrOIuJfWJ%2F8seMjdmw7Hr1nCyN9%2F10BXR%2BIPQZGP9ZzTpOwcOpREVg%3D%3D%7Ctkp%3ABk9SR9791rKXZw
Rhode Lip tint Silicon Phone Cases WITH Lipgloss iPhone 11 12 13 14 15 16 17 Pro,,£3.99,Free delivery,3 Mar 2026,1,Brand new,https://www.ebay.co.uk/itm/206057780221?_skw=iphone+13+pro+phone&itmmeta=01KJXJNQSC6QPZXMDS6RY7M9DM&hash=item2ffa0033fd:g:RbAAAeSwJm5piLsj&itmprp=enc%3AAQALAAAA8GfYFPkwiKCW4ZNSs2u11xBVASlsoWiHCEd4HJJkXHkZcOQAtC685BQN19Ea%2BGULTCwcr4OEslWQgN9PkBNNMvALVcgppnSy3CQnSxRZhmPitDYQ2Z5nZLj23500Xb9C4VG7WEXmCuByGj0C0QX05AMWKP%2FqVTf1Y8MORr7eiVHRvfsX%2FSLra2Lk5d13E3aqA2JBSNaWm6gT23DIIJPLBEms3qTSOTtADX9gC0JDKrs%2BgfjmhYbu4CLQbkSbJqWrT%2Bbb7W9xTMjRLqpR0yhDmDUFkKxnQ7xr52Xel6GB668cX00kjNvr%2F7BgED1D8zy4bQ%3D%3D%7Ctkp%3ABk9SR-D91rKXZw
Highland Cow Autumn Fall Cute Phone Case iPhone Samsung Motorola Pixel Huawei,,£5.39,Free delivery,3 Mar 2026,1,Brand new,https://www.ebay.co.uk/itm/205026364722?_skw=iphone+13+pro+phone&itmmeta=01KJXJNQSCRS3E1V71MQPSJH8R&hash=item2fbc860d32:g:bvgAAOSwHdBm~s2Y&itmprp=enc%3AAQALAAAA0GfYFPkwiKCW4ZNSs2u11xBVPd%2FZFe5XZggD2gPChV4CoOh3fU18QhMV0urlc8s8Qb4vOvFR9qP74qsaqlFl%2Fs%2FqJ05z2hpAlS9ivbzIFwuYX2CPG8kAridlBw%2FbbvDwL2BdZqhUNh8ch9MWx8HQWEQCwhT2hw03navfXreVKVmom%2BBwwCfs%2FoOZ5ufX6W8mUxtYkcfBnB6VNDU3J7j62fs8AJjsI8xPNENnDP4GDf4%2F7pstXN%2FzYyd%2FMyQ5JvRB%2BeY1a4RDqTWJykIS8ocyMIo%3D%7Ctkp%3ABk9SR-D91rKXZw
Nylon Belt Pouch with Hook and Loop Closure Holster Case for Mobile Phones,,£4.99,Free delivery,3 Mar 2026,1,Brand new,https://www.ebay.co.uk/itm/234699562129?_skw=iphone+13+pro+phone&itmmeta=01KJXJNQSC1VM02Q58SBX03YZP&hash=item36a52f1c91:g:iUYAAOSwpoxjJpVB&itmprp=enc%3AAQALAAAA8GfYFPkwiKCW4ZNSs2u11xASUjApuIxSkJtgZ6UauSxVH8yWTkOnOCaK2Q6DBWM1zYnwmH3GGRLac9modFRDuDRJa0PMnfO2uixWFOATGlKJC3hEYpJ0BXvFdt1J0OLPzneNojBbqjrDiiaOW%2Fx2rPD8mDkoeQsszecxRaTZNrmf3kZibK24H71rJJxhKuf3DQsnRyFVICiGHpDa49u9HZj2nSCYXcD%2Bd83jQMvtcLHkmzTDCkimi7LiL9hK2cfeGFllW3usVxioyPKRVCOqOU26Z7O1rIuYeM5DQkIZKg9BSSg6k7tQj%2FIJ%2Bynt4yvRcw%3D%3D%7Ctkp%3ABk9SR-D91rKXZw
Tiger Phone Case For iPhone 14/13/12/11/XR Horse/Elephant/Giraffe/Bee Hard Cover,,£4.99,Free delivery,3 Mar 2026,1,Brand new,https://www.ebay.co.uk/itm/204246088347?_skw=iphone+13+pro+phone&itmmeta=01KJXJNQSCH7T07XNC76ZZ1XVF&hash=item2f8e03fa9b:g:2FoAAOSwctFj7ljr&itmprp=enc%3AAQALAAAA8GfYFPkwiKCW4ZNSs2u11xC5C0PNE2sFbQnROkrPRaL4osntm%2B8bY%2BbVKhiZSbFqPETVjiYe14NR0yiGKXD9mVjfgFUnvOjLBjSThNepu0m%2FJG58Eq75OM%2F8PpoERfUNpQMwpOX0YmH176Ivt89XS2AspjeyIMvgr7H4YJXJSSm%2FoRLj9yW93XUrBUpJqX3gv8gQzBrIdEpfUdcm93CqHusDOcYeL7IlDLXZj0ZAaKidjK4kkm3oVU9v8cBlLMqlAbWAy8D0L5QGNmsC6ITp%2BA18n3dAxdnkOK8oevTxUwEiFVBkiRfpZtH%2Bf00RVdGNRg%3D%3D%7Ctkp%3ABk9SR-D91rKXZw
Rhode Lip Tint Phone Cases WITH Lipgloss Set IPhone 17 16 15 14 13 12 11 Pro Max,,£14.99,Free delivery,3 Mar 2026,1,Brand new,https://www.ebay.co.uk/itm/389613893418?_skw=iphone+13+pro+phone&itmmeta=01KJXJNQSCQ33V1TVQDRK7PM4H&hash=item5ab6cc372a:g:pSIAAeSwlNdpjjrA&itmprp=enc%3AAQALAAAA0GfYFPkwiKCW4ZNSs2u11xCmr6kYNr6r9BNJtE8vIKT7UOPLKsnVBLgXUMLqIW5e3iXlGRxW%2BBT5PiGABBIh46QPSciB1TeA6fb6Wt065ge9JZcNlrViTGcI9A%2Fvq1CodjBU8RSnI0ZrMwNJFatCfJq2VQw%2BkmUTlvJVpiEhY2KQ52bm7E0FUtsY3Z2pWQF3isCzp2ptbntkrqCVEaqwk%2FzSlKHy%2BWM2HPBTbNHEIKR0Qy8%2FXDkn2lX2JuRzpptjvJlG9cnTfHjTXBtz48d5d%2F4%3D%7Ctkp%3ABk9SR-D91rKXZw
"Tempered Glass Screen Protector Screen Saver For iPhone 16 15, 13, 14,11 ,17 Pro",,£0.99,Free delivery,3 Mar 2026,1,✅ Top Rated🔥10800's Sold🚛 Fast Delivery🇬🇧 UK Seller,https://www.ebay.co.uk/itm/313334485760?_skw=iphone+13+pro+phone&itmmeta=01KJXJNQSD35V2HD2VHBK5J6Z6&hash=item48f430d300:g:4D4AAOSwRetfzygh&itmprp=enc%3AAQALAAAA8GfYFPkwiKCW4ZNSs2u11xCtsVedOx4KaNE%2FYmc%2F043TFj1w%2BGaHu81eff4op%2BcgrgC9wn05nSRX0%2B0L2%2BMxxP%2FWhMCaOJDAhKlXNYMxIWwkbyhEJfUJaCsILATi3dHogq1E54uLvEAtwPHNZjQM%2FAnNWyVRzcApnN3opbuaaRAymNOxiQeXrJW6v6quY38JQenS2NgTsiCXUZ8RABDFNAiurj6RQzvsuTFwn3cByFXa5c9DCdZzBJc9ThHC7u8oH9FuopuzIbeMMWsnfZdeBBSrrDPuxSGFMPqbs8CC4EHLSKtLN1XLZfmB4XPzLoplqw%3D%3D%7Ctkp%3ABk9SR-D91rKXZw
Marble Soft Case Stand Holder Phone Cover For iPhone 16 15 14 11 13 Pro Max 12 7,,£2.89,Free delivery,3 Mar 2026,1,Brand new,https://www.ebay.co.uk/itm/224867746637?_skw=iphone+13+pro+phone&itmmeta=01KJXJNQSDMARA3WMBE4HJWKSN&hash=item345b29834d:g:t5YAAOSwl9BiE0jL&itmprp=enc%3AAQALAAAA8GfYFPkwiKCW4ZNSs2u11xASqnt3SAlzEJrEI7QUD4rvFPiCSlzXupfV02eKBhXsBGg3gAgskIarv8ylN4kJsNuqKj9sBIXEYnVmUrjwvE5TtFNEvFxm%2Bj6Lt5F0EOT1mh0SjLQuz%2FJOZv6QKJFb%2BQ1d4i63x0XE3wgKMf8f2Z%2BU80COlnAogbEDCuIlSWIQh5pa8gy8gwg%2Fizx578M0GfvmkHMbmW4Me5gDVhW4%2F3Hy1emkAJ88KCW9ut%2FI6M9V9AkZdJ0xy2EZB%2B8cNqCeumUv2IDJidmXuWPyOmHMvAgCBNE73OR7vcvbIVnZGvf1Dg%3D%3D%7Ctkp%3ABk9SR-D91rKXZw
"Bruno Mars Phone Case iPhone 11, 12, 13, 14, 15, 16, 17 - Air,Plus,Pro,Pro Max",,£8.99,Free delivery,3 Mar 2026,1,Brand new,https://www.ebay.co.uk/itm/127644968557?_skw=iphone+13+pro+phone&itmmeta=01KJXJNQSD2KXJPFWSFSR9AB4Q&hash=item1db83ba66d:g:8zoAAeSwBy5pdl85&itmprp=enc%3AAQALAAAA8GfYFPkwiKCW4ZNSs2u11xD9YMsRxC%2FaRtlJ%2BzCFcfTo5exW2U%2BbYbMRxoJuRCzcPDgHuHwAguL4VMoNYdZIyk03lZWTa0his1fJc6dQK%2FOYhX1CTSSMYREnilAZua0Piy554qs3l%2Ftd4pm4nm2XMdu2ZuG5UpopvbvcqZFscdwEfkk4cGwHKTdVFSIL0eJZe8mFI%2FWWCqmFr%2BFUkzOcuWYiGsB7KcHJL5TyCxJQD00dK8tDxb9Fx%2FJEmwz3Go3s44lVadaGQMO0dKa0f18zK4xoqmOjHIQ69b5hOgo8JEuB6ZRR2GXjCDQv1WkCcE%2FbMg%3D%3D%7Ctkp%3ABk9SR-D91rKXZw
Case for iPhone 17 16 15 14 12 13 Pro Max 8 Magnetic Shockproof Ring Phone Cover,,£5.98,Free delivery,3 Mar 2026,1,Brand new,https://www.ebay.co.uk/itm/145951100179?_skw=iphone+13+pro+phone&itmmeta=01KJXJNQSD8223JJBSK59HK524&hash=item21fb5d0d13:g:mfsAAOSwpBVjY5Tm&itmprp=enc%3AAQALAAAA0GfYFPkwiKCW4ZNSs2u11xCystXq6TcWUict%2FsUkpliIb0YFMAY4y6EguG0eqf9mnOceCowSl53Gp2GP3KCLV6EGQL8RCksryy5kpUWnug7w9D9aYHjuHJXO7qAwsaPhURFOyTx%2Fr5U4ZxWXBVoLNcYGrk5SvP3Z3BKlbNrB%2FSZWEzo%2FkfkZcomIA3u1QjAkuFHEgpvGKMo6RfVyGvKwI0fyWSM%2BXn2QS7hXedTEj%2FOGJMI45nK9VQNNugzviK5Kxw2%2F2GfV%2B0MC9P84xRm3d4w%3D%7Ctkp%3ABk9SR-D91rKXZw
Personalised Phone Case Custom Name Silicone Cover For iPhone 11 12 15 14 16 Pro,,£4.99,Free delivery,3 Mar 2026,1,Brand new,https://www.ebay.co.uk/itm/205034067064?_skw=iphone+13+pro+phone&itmmeta=01KJXJNQSDFPP4RQ2R80V1C9NS&hash=item2fbcfb9478:g:shgAAOSw6alnBprm&itmprp=enc%3AAQALAAAA8GfYFPkwiKCW4ZNSs2u11xCP02qmvBbPedjrysZAug2nmIM574XsWbEwBRh6dmwUVwa%2BHAt7OS0hq%2BXkFSYxKUMfej4TAakSWakXLEMSNnlq3u%2F3AqujKcTTK53nvPfUQuEh3WQauh%2FiTd2Ew8wpQkd9uCEIs%2FqEWvG464PdiiK2rix2fkpIG8rjPwiGW6poCvPyxw78%2Bme7%2B1PJHLxKZQ0z%2B%2B0mdAOOKhvFfb%2B2t8PT4cslV3E1CScPfNJ37VR2xDkCCQEWCWrgj9YGFepBjY88RwJNWvM9FXyhbgaVouRMKJIyBuDcLskL8RFPGydkyw%3D%3D%7Ctkp%3ABk9SR-D91rKXZw
Genuine Leather Luxury Pull Tab Flip Pouch Sleeve Phone Case Cover fits Apple,Leather,£6.99,Free delivery,3 Mar 2026,1,Brand new,https://www.ebay.co.uk/itm/163908753041?_skw=iphone+13+pro+phone&itmmeta=01KJXJNQSDF7MXFJ6488SWXXEZ&hash=item2629b91691:g:ZxQAAOSw4shX7gou&itmprp=enc%3AAQALAAAA8GfYFPkwiKCW4ZNSs2u11xCnS84Wf8LtHuV1ol%2B6qiy%2FsDl5%2FCtjF25JEhW61xU4wd7gQ0I5eftAF0b7DoxzeXpFjpp3vt0GtZJoNbeaZvcq%2BzEQl9n%2FIqJfyz1ggE50NOW2crTcjyqMSdpIR9oGFufJi%2FgNI2IRK7nL5G6m522ie%2FdBVSTT%2Ffh7EiQzrvvbZhcNuJde1OUmKT1CoC3z%2FXIJX7OwA5oIuGVxjhpdVZbN0e67WGTUUi1Sqs27gYMXu3hlyocBIFXpAk9ksuy0O%2BrzpIXupXWJKnB3WHafDm%2FJSqwKxGykuxa6jH6%2FJ7TxCw%3D%3D%7Ctkp%3ABk9SR-D91rKXZw
Zip Wallet Case For iPhone 11 12 13 14 15 16 17 Leather Flip Stand Phone Cover,Leather,£3.59,Free delivery,3 Mar 2026,1,Brand new,https://www.ebay.co.uk/itm/397588003836?_skw=iphone+13+pro+phone&itmmeta=01KJXJNQSDHGFJ4M5YDBKBRG27&hash=item5c92177bfc:g:z1sAAeSwmxRokGx4&itmprp=enc%3AAQALAAAA8GfYFPkwiKCW4ZNSs2u11xCN6w%2Bx8X1XiW8WxVd%2Bq%2FIcJaxkebxt6%2FlYZjjaDL7uVaTB0P%2BQfHEzfLV1cAXCkrMF9oXWXuVAV88Y6IgN489xuWN5iphJm30xZT8cPYXv26cAYuYNd3C7CprTqUUB3aYiSI3c2%2Blp0PHKmbaVgJQuBh0G1ak5%2BXQ1TVQvEQ7mY3BUwRTVT%2BoQDNSoeOtfnBm4keKrRy9elexAtK4aN%2F9JnQzdPu5sjmJM193bupE7u%2BeXkYOC%2FH79rTA75uf5Ensk%2FDHiqWi%2Fb%2FoLleV7aM79DrC9bYWKiz%2Fmu2NQLSATHA%3D%3D%7Ctkp%3ABk9SR-L91rKXZw
360 FULL BODY Magnetic Phone Case For iPhone 17 16 15 14 12 13 Pro Max XR Cover,,£8.03,Free delivery,3 Mar 2026,1,Brand new,https://www.ebay.co.uk/itm/145356558176?_skw=iphone+13+pro+phone&itmmeta=01KJXJNQSDK7NA3N3F9E3KR0MS&hash=item21d7ed0f60:g:AP0AAOSwdnJkm~q3&itmprp=enc%3AAQALAAAA8GfYFPkwiKCW4ZNSs2u11xB2KVDXjdn0uVhDx8OpgyIVxjw%2Bn4G46cqUC2D0EaVAlrWCPrMLuOir4bT6ECNEmVXvjr6z3jMvZe4dglkApho7xpOdHtzgVJeXeZvx1z9rBLg4SYekly1xk%2FVqCwQxkrWIf5rRXziilhoXW2u%2B8vGMBvIHcqyLHcrtuBqOMD0pKjzp%2B4%2FjUZp2opus5ItFyeWDmQiPlkNcReJR3afpLmVKX6GgW81bkee6yEc6iUjrb16aKWfh3LLh0qFSAHNw7ThLRf9QWuIQD53CLrlFSyIdny7O8ljXCwLXtKx7oiCi%2FA%3D%3D%7Ctkp%3ABk9SR-L91rKXZw
Shockproof Leather Magnetic Phone Case for iPhone 16 15 14 13 12 Pro Max UK,Leather,£8.99,Free delivery,3 Mar 2026,1,Brand new,https://www.ebay.co.uk/itm/167376185687?_skw=iphone+13+pro+phone&itmmeta=01KJXJNQSD4QN6WDB6RA4BRK09&hash=item26f865e957:g:ukYAAOSwGdBn1BQt&itmprp=enc%3AAQALAAAA8GfYFPkwiKCW4ZNSs2u11xDWLQFfwL7%2F9yEaZHRIHLHa%2BLCZgFu6K2XfmF%2BQmHFF3Ss6pqSQCo6h%2BHfq16%2BeNjFI%2BTBmPPVOitaFdUdFDOunOF7aJs4n6e7KtupYosyvb%2FDTSRONswsWhdB4%2F6FRMDrN4TuTkg5V0jsrDp%2FL80P9zny2ZEhaI6iXU7YWbUokMnNAmVo%2FioUmWJcdkfeX%2FiDa%2FDOp4A7CAAbtc06YXQ7%2FLN2IfsWpv7I2V3s%2Fl17lTQ%2BMEdLnSzfAP8rXdk54L%2Ffbz1u%2B9UHC88AiMV%2FkYGkMkRJ2FZwPw00DvbASe4f8cQ%3D%3D%7Ctkp%3ABk9SR-L91rKXZw
for iPhone 16 16e 14 Pro Max 13 12 Clear Case Full Body Silicone Gel Phone Cover,,£3.57,Free delivery,3 Mar 2026,1,Brand new,https://www.ebay.co.uk/itm/165683429520?_skw=iphone+13+pro+phone&itmmeta=01KJXJNQSDDCBQ2DS4BSC63Q07&hash=item2693808090:g:SQYAAOSwtnVjKHMb&itmprp=enc%3AAQALAAAA8GfYFPkwiKCW4ZNSs2u11xABEKbdFUTJM4bn1NT83Y%2BMqP4miARQMgp5M690R3zOqJWj29rYFmT8vpGqHU2rjPuERf1DOALX32FdB%2FWKBxNOBq65dRdnGOLhFZpQ1t%2FODbFExEBOj1tIG0xn2JfkeZnshZggqFzJ%2BiE6GNlgHv8%2FzF%2FlvwctaoXrWaW1%2FIebnVargONILflRtN2jl72oNS41cnwGD2XL6g6ecp6IvvcjqogtmiS6Aed4%2FgUN10WLL%2FADMHH37Z7xW55NfqcikMhvBPLYXXHSDP5dNAGgpKpsc0Z3MUo6gvnkyDYFTM6unA%3D%3D%7Ctkp%3ABk9SR-L91rKXZw
Screen Protector for iPhone 13 12 14 X XR 13 Mini Pro Max Gorilla Tempered Glass,,£0.99,Free delivery,3 Mar 2026,1,Brand new,https://www.ebay.co.uk/itm/255925078450?_skw=iphone+13+pro+phone&itmmeta=01KJXJNQSD564PC0AP2AX3X99F&hash=item3b9652c9b2:g:B64AAOSwbopjwNEt&itmprp=enc%3AAQALAAAA8GfYFPkwiKCW4ZNSs2u11xCaAmYiPBvyBguNyH9tmomb3bIqFVZx6--US%2BQ3Z4orUlfIdh1LSzd7lTnx0gpauaWQINjj5wwt6vHCm1Ez3wR8y03lpXq0CeVzeS3JbsDijBpYO%2FfWq7Zd0oU%2BgCvKoNtYwDTXOE3%2BrPF7kHkUqsie5%2BsR%2Bgr1gL44WFeKNstzON04pkwJfbncTYACSZNi%2FNhQCk5mD3s0TY%2BkwX24D%2FBEjQzEeCz%2F5umTUKc3t5moebee49h3yJ3NQTzLPTGletSthdW%2BEEAoR0QhxGcEKvolRKgvnP%2BuLEOCR%2FaDQWNtSg%3D%3D%7Ctkp%3ABk9SR-L91rKXZw
Anime One Piece Luffy Phone Case For iPhone 15 14 13 12 11 8 7 X Plus ProMax,,£7.99,Free delivery,3 Mar 2026,1,Brand new,https://www.ebay.co.uk/itm/267364024160?_skw=iphone+13+pro+phone&itmmeta=01KJXJNQSD4K5RE3PYXRXSX58K&hash=item3e40233f60:g:xk8AAOSwfTFoGMD0&itmprp=enc%3AAQALAAAA8GfYFPkwiKCW4ZNSs2u11xAsnP4PPjbTiIF8sNJrQN4FtbGPhakxwLebyRm6avcLXBOK%2FGgekCJtVQpgWi%2FWSLLv9LZCwKmjclr%2BXNl6JxVQ8GL4y38gwCWEXO%2BvOgunSLlfUF9eSKD3TbdXkFNCcANzrnaAuzL8qAHOJS0N103S2M4uR3%2FK18--SBYndF1W63uJt%2BR1bzKsSc63ST3h%2BY7pisKga2UoeEOKIBv%2FpDW7jFvm%2BrCdmSopPuRVSt%2BEYOgaw5HhJRUpyn9G%2F3GgGFvp7AqFdb6FSP%2Fior3UvPpalzLS%2B3K0VoprILZHeVqs1g%3D%3D%7Ctkp%3ABk9SR-L91rKXZw
Personalised Initial Phone Case Black Boys Cover For iPhone 15 14 13 12 11 7 16,,£8.99,Free delivery,3 Mar 2026,1,Brand new,https://www.ebay.co.uk/itm/125515929725?_skw=iphone+13+pro+phone&itmmeta=01KJXJNQSEQBWH2WY0BX8HBKGE&hash=item1d3955187d:g:hzgAAOSw4HpjQFv3&itmprp=enc%3AAQALAAAA8GfYFPkwiKCW4ZNSs2u11xBAExKZZwlky91o8TjYmCT%2FkiRr3myE13cZVbkbjKolaEGQLnLhF1ut8aoEKmVZ3byCmq6Qc%2BjKziKVWiumyJ8tdIGG7wqSovSVjsmx85j6WuUed7vL68plyjuKrw2Y9nC01VmwuCXm2YyrJeC0ekXjhK%2FKzMxuBeasBxtmzrScoQkdYUpBTpsjUviyl6KErYUe87x6GlZCL%2ByquuLYxpybap3D%2BYCBWFGRqZgpAsENoJW2q1cBZ%2FgTfo0IKD9VQiXdMUjNhAh6eSAs00NlatwnJIooMuFY0keDM8AFZZ7Gcw%3D%3D%7Ctkp%3ABk9SR-L91rKXZw
Crown Football Print Shockproof TPU Phone Case for iPhone Galaxy,,£4.99,Free delivery,3 Mar 2026,1,Brand new,https://www.ebay.co.uk/itm/267351340051?_skw=iphone+13+pro+phone&itmmeta=01KJXJNQSEPTQ5JCD5FMCRJ8PX&hash=item3e3f61b413:g:eL4AAeSwtQlojdQ-&itmprp=enc%3AAQALAAAA8GfYFPkwiKCW4ZNSs2u11xBugFw0e8ZxJom873Mxt9GqmnUwPuUOAEUeDLC%2FvhYwANkTtAqJveUOOvEp0%2B5DtFbIJOu1MMqinyZn%2FLicghNuLmT76A8lLQGg97ZcaYKC%2Fc%2BFznyGNSfRJvDxznlknXTNZL6wPGVL9%2F9w9K%2FCiJUKG54FHQ0ld8T0nxMeo%2F8jmGKTLoCxzB%2FW7I5PapMya0H2w6D7A3Mdc8dwYp3dhyL6okymjKUz9aUoGtE%2FsW1x9oE4x%2Bv30AeLvKlsx9Ogc6CslXZDnJZ4WMt%2BkjdmaXmM6eVlyEXTzu574t5vGqRqzg%3D%3D%7Ctkp%3ABk9SR-L91rKXZw
Case For iPhone 17 16 15 14 Pro Max Plus 13 11 12 7 Clear Cover Shockproof Phone,,£0.99,Free delivery,3 Mar 2026,1,Brand new,https://www.ebay.co.uk/itm/157521906337?_skw=iphone+13+pro+phone&itmmeta=01KJXJNQSE9P7W4XRJBJQWWQCS&hash=item24ad098aa1:g:-woAAeSwcXppMeKm&itmprp=enc%3AAQALAAAA0GfYFPkwiKCW4ZNSs2u11xDhmYAnmrKzUJKC%2FPcFYr6o3Kf8adw78jBsXPsyUKY2JWTPueLXpRfJqy1TV6nqN5URJSwP%2FpkcKNwiKKU7bGNLPirXhFcbt45mWx6yC49%2BOk74CJUYK1DrzjLWuu6b48%2BuRo%2BONULXHNmwNy9Uiv01DTGWhmVS24zuIOTXSyyIgtHv%2FzGqAqJpVTIZbKJaervRvLB3C72zL%2FjaI8sksOKjy%2BdcoDXYOihVM55YTjnNvdYZI%2BbWu%2Fckg3AF9enHLdk%3D%7Ctkp%3ABk9SR-L91rKXZw
2 in 1 Clear Silicone 360 Full Phone Cover Front/Back Case For All Apple iPhones,,£3.90,Free delivery,3 Mar 2026,1,Brand new,https://www.ebay.co.uk/itm/135454416651?_skw=iphone+13+pro+phone&itmmeta=01KJXJNQSEYB9394TKHARHEAM4&hash=item1f89b65f0b:g:RW0AAOSwdzVg7Db2&itmprp=enc%3AAQALAAAA0GfYFPkwiKCW4ZNSs2u11xBij6g2%2F4uKM0%2FEGWPgPXOoOxoBjhalGU3Hgh2bfNRLlAY4IFw8owRkKOibJLcTlBcR1nABn9aR3gcIbuvRBIW1iyziHH05qd7%2F1kLsELroZxz0R9uCh5%2BgbCHe5%2Boz%2Bha7qWv8JAaCEAXAr61V5KOKg9nFzbqLiHS4wlQ6sKYpnR97uvgHGpa0uOfZkTXWzKLYWP114r09GcqeiF4BNZT8iIozQvCTXPqTbkYmoS10j0nx5D0g%2FzuYF%2FzCJEJEBHQ%3D%7Ctkp%3ABk9SR-L91rKXZw
CASE FOR IPHONE 17 16 15 14 13 PRO WALLET FLIP PHONE COVER PINK BIRD FLAMINGO,,£2.99,Free delivery,3 Mar 2026,1,Brand new,https://www.ebay.co.uk/itm/265662790840?_skw=iphone+13+pro+phone&itmmeta=01KJXJNQSERG8FHH5HQWXVVG3G&hash=item3ddabc7cb8:g:0MwAAOSw5GpiZ40b&itmprp=enc%3AAQALAAAA0GfYFPkwiKCW4ZNSs2u11xAxUyE54od527n%2FK4EDZajrmw0vTLpBQhedLLTAQU6ufDT5EHDdAEp3LfNu2AMb8jTM2iWnYCvXQvnA5MhINYXwhCGZhEmkgymdnXQAdylsvovWHpWdg8FSTVpiQWCaGqONEYhRdD%2FyNutlDTDfTHHiA0p5c0Imyjl7iVzKBgSUGnJIPto14GG3yJGDQlf2Z58O9CPwlrjGv7VJwwUYeLCaiJmRGUDMctf1XBZSYf5n%2FAW0GnlbBDXjl%2Bi6fI6Uhbs%3D%7Ctkp%3ABk9SR-L91rKXZw
Case For iPhone 16 15 14 Pro Max Plus 13 11 12 7 8 Clear Cover Shockproof Phone,,£2.99,Free delivery,3 Mar 2026,1,Brand new,https://www.ebay.co.uk/itm/127318394642?_skw=iphone+13+pro+phone&itmmeta=01KJXJNQSEM9CQH3259NJPM6RM&hash=item1da4c48712:g:rm0AAeSwM1VopKzm&itmprp=enc%3AAQALAAAA8GfYFPkwiKCW4ZNSs2u11xBqj6tFv5LKrlkIGPQiMP6bgzcHFIH7Ldsx1QcyTzYFj9tC0QNTYb9EHdVr3sMObFSR2Tyt%2FddMx2BdAX0gpwaj2bPqrzn%2FT9gTUUjqj5c7fCRxKlT0ymXxuXCQaDmqbkkkyrx8SFlwWdh4P93r7tG%2BXgR4dLOWXxeP0xicEzQ8WkE23kof6d9YsJ63d0Lls56pydbOX3zd2%2B6VairOsCmoi1MjJqPkmuX2kO0340%2B0WCPL5NSqJ27lE5VV%2Fb2XQF%2BsdNruQC1orPFjlMVAQwEMNle%2FjGkZ%2BbKJJCcIc2ZlPg%3D%3D%7Ctkp%3ABk9SR-L91rKXZw
Heart Case for iPhone 16 15 14 13 12 Pro Max Plus XR XS Shockproof Phone Cover,,£3.49,Free delivery,3 Mar 2026,1,Brand new,https://www.ebay.co.uk/itm/225319553041?_skw=iphone+13+pro+phone&itmmeta=01KJXJNQSE47PHEWPB7X462GT8&hash=item3476178811:g:cNIAAOSwRe1jqrwu&itmprp=enc%3AAQALAAAA8GfYFPkwiKCW4ZNSs2u11xBFnLKo2RLCMPbG3h2jqb1jSuuXeBfoh2qWJ%2Fs1sxLMlUXTFg72UpHjdx%2FzE8%2Fg9kwtCmmmjzTB5HOz6BM37a22nC27YgsciP3CGb2UzlpTlZQsOTmDTBBdjhjjgWTZWzsp%2Fx%2F2Anjnwf7E46EP%2BhVeRy2HOUy6qHUDeM1k4o6UzNTZqXTKxu2Rxf5Pr%2FN8UxM7pu5cv%2BcOy5G4w1mpPfwFCDXDiJN%2FOv9w9ufp447DyWQUTcDs0mQi7IlK62x6WcXSowbey3fKi0ESXxKi7Ma%2Fb6ECGibHCyffSJhsNngLvQ%3D%3D%7Ctkp%3ABk9SR-T91rKXZw
"Personalised Photo Phone Case For iPhone 17/16/14 Pro/Max/Plus with Text, Logo",,£4.49,Free delivery,3 Mar 2026,1,Brand new,https://www.ebay.co.uk/itm/205383888834?_skw=iphone+13+pro+phone&itmmeta=01KJXJNQSEEJ4K0VHWYMFJ875F&hash=item2fd1d56fc2:g:2hAAAeSw0o5n5q97&itmprp=enc%3AAQALAAAA8GfYFPkwiKCW4ZNSs2u11xA7xv9WtDOW7vgLD16JfcjQ4kivJ6weGDrZt4FZ%2BINU7aUSsa1jwsLCeSbutvf3g9lCBJpGCUJXvonVpcqDUF9yKRgoqqARpkdI5kLnY%2BNKIPAQcNSM%2FoI533WcfF0buU59EODRqXG4em4AdybsUvWyigQKO1Gbyjjm2WXcWdunjNKTk8gpgJMRWa7rnKkO%2FlfQKx3N5jpmBTs%2BWnEfG4LPDjPahTUHWll2V95Kw5TvdxU1Ppv59%2FCl5VkQDP6fzPk44sWZJpFlEMQNpaULm964gzJHqxGyU3hTE61g20q58w%3D%3D%7Ctkp%3ABk9SR-T91rKXZw
Beige Wavy Phone Case For iPhone 17 16 15 14 13 12 11 Pro Max 7 Shockproof Cover,,£3.89,Free delivery,3 Mar 2026,1,Brand new,https://www.ebay.co.uk/itm/286238263529?_skw=iphone+13+pro+phone&itmmeta=01KJXJNQSEE1KV29WZ0H2TYK7R&hash=item42a52148e9:g:MmIAAOSwspFncYeY&itmprp=enc%3AAQALAAAA8GfYFPkwiKCW4ZNSs2u11xAQyNJuGEEyhCizZ15azaiT%2FaMzZV9nZAczFi%2BJpWTJZ%2FtF%2BY80n6s2lChAIUwniB9OZJJRetzovYegU3J8YnT%2BLlpKqn1po--KahW0qJUcIH%2Fs8cuiel4FQFvc3goRZ2jdhKWOLyVObXNTeG6z023T6yqnqjii9X2lARg%2B%2BiTTqPupB1%2BGSbzwW9IIx%2BzBkZlEuC8SO1wViHx2EPrpyDZLwQeniUOEOdefeAotpigJlDAuJPutA2gxcmthxHZztPHXiq4jmyaVUdea1UgcfUrobEhxBQV4gxQiprBSj6E2bw%3D%3D%7Ctkp%3ABk9SR-T91rKXZw
Rhode Lip tint Silicon Phone Cases WITH Lipgloss iPhone 11 12 13 14 15 16Pro Max,,£3.95,Free delivery,3 Mar 2026,1,Brand new,https://www.ebay.co.uk/itm/197968242111?_skw=iphone+13+pro+phone&itmmeta=01KJXJNQSE4M4RRQM31HMNCBK9&hash=item2e17d3a5bf:g:QloAAeSwcxppNhQm&itmprp=enc%3AAQALAAAA8GfYFPkwiKCW4ZNSs2u11xB5sGzKmNoY%2ByjF3KfkCqZWqv4JEI%2F%2Bj0D2zj0hLLZEGyKyDvZpnE%2FAbBlpo%2B%2Bzx0Wwz4f3OJSnCdD%2F751PlV3IMnwiBI74FIh2W3OWBpJUhv%2BlgsHvYlsBwJ327Xeyasr9l7C31L06mKzcbR2O2QhYTPD%2FVy4gYy83vVuqED5eHhMkrOHr5aQJMR7CujjBHpr8QtH9HBoUCmEVB7Y23rvdN2kWwD7hgftKnudyZw5F%2B%2B01fhNHN9mMND%2F38ej2i0QaQGcK5UC8IGf%2BZr9vtAkm6xtNev%2FhTV31d9sYyhd0Mg%3D%3D%7Ctkp%3ABk9SR-T91rKXZw
Diamond Glitter Case For iPhone 15 14 13 12 11 Pro Max X Clear Bling Phone Cover,,£1.99,Free delivery,3 Mar 2026,1,Brand new,https://www.ebay.co.uk/itm/225881162552?_skw=iphone+13+pro+phone&itmmeta=01KJXJNQSE8XTXHR7ZGC8J2WSY&hash=item3497910338:g:sMcAAOSw9L5lXI8g&itmprp=enc%3AAQALAAAA0GfYFPkwiKCW4ZNSs2u11xDcoibsPZ1qObK9yopgKSox4FKy%2FkwPPbK75jSYxBmJGdo84geYiiMss9ETx7vVdomKVlmvCgnHKvikzCmGOlUp9hxvil04jS%2BX3031vZROAEPTkPGf6HCMxI39HUB2orVUAS5hRB4JmSZIknBWVvtXk5PwJG5tC5BZV5YvvIh295rWDdQDLF%2FXnrvulSWlGAeF8K%2BkDz%2BYs9a7fcaobHcbwsmi2fZbvaTF4bYSZ45Hlqz5Jfrl4Wg8HE%2FSjdPuwWg%3D%7Ctkp%3ABk9SR-T91rKXZw
CASE FOR IPHONE 17 16 15 14 13 12 PRO MAX HARD PHONE COVER FLORAL PASTEL FLOWERS,,£2.99,Free delivery,3 Mar 2026,1,Brand new,https://www.ebay.co.uk/itm/266349489247?_skw=iphone+13+pro+phone&itmmeta=01KJXJNQSFZEGDGJRBY7F5CEG0&hash=item3e03aaac5f:g:O1sAAOSwUklkwmEU&itmprp=enc%3AAQALAAAA0GfYFPkwiKCW4ZNSs2u11xCJbvSFWCnmLkW3H5eLKIu%2Fbk6HIGqyV81C8m2gvifgIY8plJA9dMYmZbn0nLnipBJ58vZ4ljmVE9%2FomLAp4YPmpOapbhzTgItF8kI2CD8oaZsnaRfv%2Fr5uacuWpdsX8GWGjkUJyJH8BtZOOWLCq2fX9XQydAv%2F9t2Ch4D9TImkhtz1sT4e3i2uqTAldCAecyz9%2B2GhD93TFw11GG9m%2BkUTDyZoZi8mlImRrPqPzrZ7PuB%2Fim%2FPmfCzYb3hQmKENR4%3D%7Ctkp%3ABk9SR-T91rKXZw
Personalised Phone Case for iPhone 17 16 15 14 13 Pro Max Girly Ribbon Bow,,£4.99,Free delivery,3 Mar 2026,1,Brand new,https://www.ebay.co.uk/itm/257156696925?_skw=iphone+13+pro+phone&itmmeta=01KJXJNQSF6294R3R8QMVPZG67&hash=item3bdfbbcb5d:g:PUQAAeSwBDxo7hw3&itmprp=enc%3AAQALAAAA0GfYFPkwiKCW4ZNSs2u11xCkAJLSz%2FjgBoQ2F9HhD%2FFbUwAXFLpCWGDRPki6erdADmKs0%2BqKNIZSkOKNGL2s8%2Ff9YkB3uCt72lj4OcwrirBYQFYNqOQndWSBcE%2FPXWx2tRFxb2DhtEsIfP8CCniGj%2FJ4gnPN6Jr9mTOJrGUOsO2BdceFWXRw27%2Fuv1tP8CJUOM%2Fhsh9I3aAQ22VTO8cXwHDuJWJC%2FMKDLF0y9O3M0%2Fs44RCQJOEh5%2Fs36ZvAywuGVjtEfVloQI9EiUHeZoumPQA%3D%7Ctkp%3ABk9SR-T91rKXZw
For iPhone 17 15 14 16 Pro 11 Phone Case Silicone Cover With Wallet Card Holder,,£1.09,Free delivery,3 Mar 2026,1,Brand new,https://www.ebay.co.uk/itm/295597764448?_skw=iphone+13+pro+phone&itmmeta=01KJXJNQSF3GF98731B4QADY2H&hash=item44d2ffef60:g:V0AAAOSwMexkJwd2&itmprp=enc%3AAQALAAAA8GfYFPkwiKCW4ZNSs2u11xCRYrhSnCNFj7EKPmyDMwhk4PLVaje3vkUYDg3vsTVC%2FU4f5EHaSABZoYfbLBCOSb3dzvXSHaAYSKCu0IkM1TBdsYaXd3WIzFWOHKHJX8hy6vXpWadDqB--c6BKnoJcdBAy443to%2BlAdJN0Aai3QOmWXVda5RNknsQfjiTWtTTG2pDmItL%2Bsbvy6rk62BhtEE21gVM5MniCVRE27jf6GQKs8WK77W8D4v7EKa1RT5DYfQ1hBrKZJq5Ln3XYxhUk8rGb8%2FJAxRtBYpNPg31ds%2B6vgbfLWLZRKbNRDv4oxrCPhw%3D%3D%7Ctkp%3ABk9SR-T91rKXZw
Mercedes Car Phone Case Gel Cover For Apple iPhone 17 16 Samsung S25 S24 RS041-4,,£7.90,Free delivery,3 Mar 2026,1,Brand new,https://www.ebay.co.uk/itm/365028265372?_skw=iphone+13+pro+phone&itmmeta=01KJXJNQSF148RGAH9QKDP13Q0&hash=item54fd614d9c:g:Y~kAAOSwqptmoPNF&itmprp=enc%3AAQALAAAA8GfYFPkwiKCW4ZNSs2u11xBCYAr1FO%2B2N%2BG1WqpdsAX%2B1eQu%2ByWzyc4zpOqQD33jHPi0YgrGFSv1qBhDuATqcavGbBJef%2B0XPxaGbz5RlGmbx1Zp1HNnC2scG%2Bu3vMeps%2BPseJeS6w7P5hWQBZ8h0XBs7SNVdLkDjrVXQw%2BowX4QlydJpc%2FDgRsefImoH%2Bj5N%2FwBS5EWeP4zq4Vpt2a5%2Fx8qXf9hGv6RMr6eS86fb8BHOV0ak76py4W4bNXq7Wz4%2Bh7Txm8%2Fm%2FWtmLWVCUSHigLLCI%2F7WnGXTzF3UZLJ4DlW%2Bj5WOraAZghNJHUddaHbmw%3D%3D%7Ctkp%3ABk9SR-T91rKXZw
3D Cartoon Cat Phone Silicone Case For iPhone 17 16 15 Pro Max 14 13 12 X/XS XR,,£7.99,Free delivery,3 Mar 2026,1,Brand new,https://www.ebay.co.uk/itm/366024625105?_skw=iphone+13+pro+phone&itmmeta=01KJXJNQSF7FW9961FFXK4B8EF&hash=item5538c48bd1:g:AUUAAOSwxGFmrrL-&itmprp=enc%3AAQALAAAA0GfYFPkwiKCW4ZNSs2u11xB3UL5AYFfRrk90l9EKWgb3cmq23k%2FJLoNxmz1XYyTynoX9POJIMiD%2B1GMWAxu16bLY9mjZU%2FBevVsv3HATNQV1ztcuhPKp%2ByBp5%2BwzUI0x9IkNCdBKAXxd16giNIaeyvItprcPotKPk%2Bkf083ulKTlfckaSv45cSXaLcbUceiL%2BoT%2BjRz5XmsqOnJnbTCOXWkNNwsWVFxypDRXpF0JkswzXrYELdloJssYyrWjKfshP%2BzPUMf3SKEyx0u6f3qblQI%3D%7Ctkp%3ABk9SR-T91rKXZw
Silicone Case For iPhone 11 12 13 14Pro Mini Max XR X XS 7 8 SE Soft Phone Cover,,£2.99,Free delivery,3 Mar 2026,1,Brand new,https://www.ebay.co.uk/itm/325603946194?_skw=iphone+13+pro+phone&itmmeta=01KJXJNQSF6HR838J8MS6NW8GJ&hash=item4bcf81eed2:g:Sf4AAOSw2uFkLsoY&itmprp=enc%3AAQALAAAA8GfYFPkwiKCW4ZNSs2u11xBstvL%2BeYeBoWa1Ox2t3X0T8fwRiCQ%2F7XUJDfy97SWieAyFE1Oow6E1BV%2FIVG%2BF2XKvhvyVxqAQ2lJIfT9fO%2BHUiZemyKbpFNlvMDrA19IV5xVudcDsV6l4qG6qOBOVtMCL2hgZNuTihaq3Rl6ldJRR4wjGsOIIfLPhFcRW1%2FMqJbemSjJ4FPOMeeiH7kOVz5%2FoRMdB5klmqkPBeUhzSUtSz7FLLk%2FFUeS3pKrU6AjR7sXUgljIZfZpaXg3xfiX1QMlqrAl23GP12%2Fu5tlEBRAt4a87l9Sax3STT5lzB5sR4g%3D%3D%7Ctkp%3ABk9SR-T91rKXZw
ShockProof Strong Armor Phone Case For iPhone 17 16 15 14 13 12 11 Pro Max,,£6.95,Free delivery,3 Mar 2026,1,Brand new,https://www.ebay.co.uk/itm/277651912854?_skw=iphone+13+pro+phone&itmmeta=01KJXJNQSF50HZ43G2JK89NHV8&hash=item40a557f896:g:7iUAAeSwBWZpaPO-&itmprp=enc%3AAQALAAAA8GfYFPkwiKCW4ZNSs2u11xBQWo60ISj6I899H2Le4PE6J9U3FELS8pNJT9EayVOzfENYQhgYVGvvV%2Bk4zaJs5nUiUGkTdav9S5ci%2FNe74uTPNyfnzOlCBYAv%2BUILT7graC7enG61r4JM2rzFd9VSH7FkqxGICtuRgGZadPJ%2Bj82B4szAZemAyos9%2B7LFOkkVfyUHg2uGJdjydiyxuME9m722QXv5xTQTE9GRmcCYR%2FO4I7AfI%2BaOOJzZxyQxDGuHwbnrf5S%2B5a7XSUYrc7oX%2B45Wj3T2yPtoZJC0jQEeUnGCdxpIvzic3diWCgqzcbpFmA%3D%3D%7Ctkp%3ABk9SR-T91rKXZw
360 Auto Fit in-Car Phone Holder for iPhone 17 Air 16e 16 15 14 13 12 11 Pro Max,,£8.75,Free delivery,3 Mar 2026,1,Brand new,https://www.ebay.co.uk/itm/134149927141?_skw=iphone+13+pro+phone&itmmeta=01KJXJNQSFH6N6212MX9Z0K56P&hash=item1f3bf570e5:g:WhwAAOSw12VmlTcd&itmprp=enc%3AAQALAAAA0GfYFPkwiKCW4ZNSs2u11xDs8BoxHvmXKetCYBZ%2F9Ssq%2F1b4nR733R43mYm7iCclnHZLLr2MMAGP76lr9hOTIllU8dXfscDgbSTpnzBFesBFDTr7gizc4yy5L%2FM2ark2tKd0cGoWKfYwJAeMVdTAQMpn6ZN%2FBsPy%2F1HmH2%2BuLXYHlMBA1CRI8lHEmn%2By9Cngd36xslLapDjwV125aw9XiSJSrJxMbJ9rMUDMqQG91QO4T8zcHYUxaXwdIvoxoZpmJRoxNBzp7m8qRztVRmyhEXA%3D%7Ctkp%3ABk9SR-b91rKXZw
Kpop Demon Hunters Phone Case All Models Birthday Christmas Gift D1,,£11.99,Free delivery,3 Mar 2026,1,Brand new,https://www.ebay.co.uk/itm/177347716586?_skw=iphone+13+pro+phone&itmmeta=01KJXJNQSFCVANXX6TYWQMCSTD&hash=item294abf65ea:g:X1QAAeSwJKBooyCg&itmprp=enc%3AAQALAAAA0GfYFPkwiKCW4ZNSs2u11xADqP8537wtOV5A6IhnIY%2FhLH%2Fm0XKQimCxK22P9c%2FTb2QWh01HsDoDe%2BKtL3sbVme2G%2FaWlg8lJnyKvbYgRmdk1J3FkavgXJX673bjfM1Cb7ItnAY1m7pnDn2obs7EdBl6QgTFBZJHrJAfAjCHRp6jrDNX91PmKxpF8Ao3FqQuuhZxhXqqdYwtHkVc%2F17yZh86tcfBJBvdTX4yQGEl0W%2Fa4%2Bq0KwesencuxXaHC3YKaHYWpvdsOolWqhrDNGtarJM%3D%7Ctkp%3ABk9SR-b91rKXZw
Personalised Photo Phone Case Shockproof Soft/Rubber Phone Cover All Models Lot,,£7.99,+£1.55 delivery,3 Mar 2026,1,For IPHONE SAMSUNG HUAWEI GOOGLE Honor Motorola xiaomi,https://www.ebay.co.uk/itm/203349557515?_skw=iphone+13+pro+phone&itmmeta=01KJXJNQSF59QXKDWX6ZACXTMC&hash=item2f5894010b:g:1F0AAOSwdeRiTwNi&itmprp=enc%3AAQALAAAA0GfYFPkwiKCW4ZNSs2u11xC93VjeoMyfz%2BtVswGJhbiIFRsxE%2FP0szf7PeRbfy%2BGntO8LGengg4G5lFtIG%2FG9U0gr2hRlhIVvKOyjP3a2zy61MKB2mNzHat7VuZCuy5ytK6c42tTuA6ln%2Fltxn0EdGU3a2InGKbZTohpC3LWoKlcAWrZXYm%2Fya2MDa7o90y5SiyBsRYKHgZYuzofjbIns4JWjV6xJ7JMHuPk9l3ACK6GTZORJyIbchCf19OE22NdjS2nldcOTLx4ioebwCnlvuE%3D%7Ctkp%3ABk9SR-b91rKXZw
Pink Floral Phone Case Beaded Butterfly Strap iPhone 16 15 14 13 12 11 Pro Max,,£4.49,Free delivery,3 Mar 2026,1,Brand new,https://www.ebay.co.uk/itm/286770739926?_skw=iphone+13+pro+phone&itmmeta=01KJXJNQSFSW38MKDTG69NMVHW&hash=item42c4de3ad6:g:WMcAAeSwO3looiQ5&itmprp=enc%3AAQALAAAA8GfYFPkwiKCW4ZNSs2u11xD%2FEz5X2DLmFAOSe006xgVGB0JTGHxcIvCw5R4xwx0Kw1ptLmeWG7ygANe0ZAtqth5ue0oWP%2Fv1h3jeJf0GT3iHLUKpUlCddWLhK476s4Iiqj%2BAgOB73FzAHezAzLQAbG6YOyJYaFXsKOLbwnMdWVDqUjlwpeEL5AiNIpiWUuh9wdSrvi2XsMHuHUPuyjkJXM3fBslVusRBpGHpem4qEaSUgn2DiJ3RXKTfguOMvAfUa0l6JMdsQ8OiXHXCByNyjqocCwSWfKJBWjd7sMxoiN0pL%2BPD7jnpD6BVxgNnfSzRtQ%3D%3D%7Ctkp%3ABk9SR-b91rKXZw
Leather Book Cover Wallet Flip Phone Case For iPhone 14 13 12 11 XR XS Pro Max,Leather,£3.83,Free delivery,3 Mar 2026,1,Brand new,https://www.ebay.co.uk/itm/404728342997?_skw=iphone+13+pro+phone&itmmeta=01KJXJNQSF6218DYWBYYF6T8F4&hash=item5e3bb069d5:g:-9IAAOSwLD1lmSj-&itmprp=enc%3AAQALAAAA0GfYFPkwiKCW4ZNSs2u11xAyiGn3gYXHKxLPpW1jTCfROKKFUQRg9saQBOHU6EVL5MEXCYG63VeGNFsN6reBcYINiHEYV%2B%2FJM%2FDZtR8ksXZis8F3bZMZ14XlAsFlA99otizB5wTYu6Z9ivqSg3pgXCfjeMV0bng2kqVeiBE1MVucTLJtnspWJQ4wlZYvJsMjhXdKxSpyKDhCdc%2B%2FCez9wL1EjHrAsEopwzwdiHDJRu1EJKqdOVpzwsUlPCv6i4BymggyYidlmiwZas9ZL%2B3Un88%3D%7Ctkp%3ABk9SR-b91rKXZw
Teddy Bear Rhinestone Cartoon Transparent Shockproof Phone Case for iPhone 16,,£4.49,Free delivery,3 Mar 2026,1,Brand new,https://www.ebay.co.uk/itm/316841306802?_skw=iphone+13+pro+phone&itmmeta=01KJXJNQSFZAT42A7XSVKN8HW2&hash=item49c536aab2:g:yvsAAeSw7clph0Dk&itmprp=enc%3AAQALAAAA0GfYFPkwiKCW4ZNSs2u11xAzZAvW%2Fn6XCTcES7LVQiMx2rx0i8spql3NGciWa41V9qOgtE0k86w20R4rkei9%2FmcQJ9CDdJ8bffjNrWmnWR%2BeJRmOIjF8CbhPaKvFdgVq12TIxsIerkNzVmYSPAjSpW4jFgpc50gCiDL%2F2oW%2FR9DAiZQzgpmC4zz1NWoKvuQWuB5brBat6LoYFL4YNn17IptRavkZlP5Iq7phQDk85gRKbeojuN1D9OvFrOesoWAH%2FRSpc6C4nvnfZFK9OMTA%2BUs%3D%7Ctkp%3ABk9SR-b91rKXZw
Fernando Alonso Aston Martin Phone Case iPhone 16 15 14 13 12 11 Plus Pro ProMax,,£11.99,Free delivery,3 Mar 2026,1,Brand new,https://www.ebay.co.uk/itm/127615947535?_skw=iphone+13+pro+phone&itmmeta=01KJXJNQSFKNNX4MBX4XXBZD1Y&hash=item1db680d30f:g:heUAAeSw~JVpe0uN&itmprp=enc%3AAQALAAAA0GfYFPkwiKCW4ZNSs2u11xCzFUC8p66prc22TtNIarT3QQHKWSudx0ukI4%2BWyacY%2BiZFnjoXrgz%2FExPMlm7dRvvl1HbddEh%2BKbSifl9KeBomin%2BH%2BFiLWFqQnL3edYHCGkeHfJoJDXh2p%2Bw8MWUI8tbse8AcB1GqCWa8SI5uhwc14g0L203MmAmXriWLi7qtLSnF1bIk3zhSt91dZ%2FR%2B%2B58r5sRu51TuAI1b44QkKvwbdwvOud34UtphJFwCLSj3oemq%2FXobj%2BP3d2h5kUlMR2Q%3D%7Ctkp%3ABk9SR-b91rKXZw
Rhode Lip Tint Phone Cases WITH Lipgloss Set IPhone 17 16 15 14 13 Pro Max,,£10.98,Free delivery,3 Mar 2026,1,Brand new,https://www.ebay.co.uk/itm/157607646104?_skw=iphone+13+pro+phone&itmmeta=01KJXJNQSF632GNJH1V6F11EVG&hash=item24b225d398:g:-~kAAeSwjLJpZByT&itmprp=enc%3AAQALAAAA0GfYFPkwiKCW4ZNSs2u11xBx7Tu17vPu8%2F1mW0K%2FBNe96IgeyoqV0eqGI4jCSNW2J1nzYVKMZIOLMx6vtZGDHSXFFAeeDBlfjn7IFpBEDiAinoobLWj9n6K%2FiExF0S5UHz7H8yWFf7dnhErcciKAYnzDU9F35cKE%2BmaJ8tIL76gQFukzQluNZRbNIoU4JYCQYvkehS2BwG1N8Zn5%2BBl5CJ6mD%2FzA8rFlG%2FvAwdVFfzbxVak9MQjfDI9vBu2FiilLPls2hopgOkDwe3%2Bma11VssM%3D%7Ctkp%3ABk9SR-b91rKXZw
CASE FOR IPHONE 17 16 15 14 13 12 PRO MAX HARD PHONE COVER ANIMAL LION TIGER,,£2.99,Free delivery,3 Mar 2026,1,Brand new,https://www.ebay.co.uk/itm/265695401923?_skw=iphone+13+pro+phone&itmmeta=01KJXJNQSGEQVBZ6R3GHWMX64F&hash=item3ddcae17c3:g:1zEAAOSwvOVigwMC&itmprp=enc%3AAQALAAAA0GfYFPkwiKCW4ZNSs2u11xA12Eruc5NLnJSeZ7ddXgO9W2vNl%2BxX5%2F1JdvSTHc45Gg%2FWVs%2FmgLdMvsyBIqM%2BXVnvMzIT7RLI%2BtYloxyBZ2q7rVsmICFpB4HC2qZhE1lBtPrBDwLzE7YfmJIaVQXEpCt7TAjEoP2QMpt2KbyWy9kiCbVjEYoW6oDNNZIWNNSQhzjIfZS8w2y5hezFxVZ0BhX00nz7haYo6F4H%2FHL2DqRn%2FeohfUwC3ohO0hhNBz23KmQ8TieJ%2FOXLtFBLdR4Il%2FM%3D%7Ctkp%3ABk9SR-b91rKXZw
Shockproof Lens Case For iPhone 17 16 15 14 13 12 Pro Max Magnetic Phone Cover,,£2.39,Free delivery,3 Mar 2026,1,Brand new,https://www.ebay.co.uk/itm/146121334276?_skw=iphone+13+pro+phone&itmmeta=01KJXJNQSGC5CEFFK47GFB4F6Y&hash=item2205829e04:g:HTgAAOSwagZnGK0~&itmprp=enc%3AAQALAAAA8GfYFPkwiKCW4ZNSs2u11xDoYlyUIF4EuzgrD2DoO3snaH%2BOpkB8bpAdPg1xakyPEhTiKV51F9Hzfy4Dg5a%2BYhOj%2FWGzIAQMBk9HhJJh5zpPnCWfhvx199ZC6lcZzRtnt5r%2B1Mo8k%2BRpZ0grU73iWZBLXZ%2FCCY5GUNlOhrMuBVJqCamiqAkOpuC85ciOC7242RBa%2FCQHJ5jkwskhnAfNGDwRYx4YJMM9%2F5J09gaiPVhioT27n0%2FVvX6IAsh3o147l14U9wPslkvB%2FPcG6oKKaK9li9dtkxb5YjiadrQCy8d9aDawUNfA9yz9JWrYMpzGDw%3D%3D%7Ctkp%3ABk9SR-b91rKXZw
Minecraft Phone Cases for iPhone 17 16 15 14 13 12 11 Air/Plus/Pro/Pro Max,,£9.99,Free delivery,3 Mar 2026,1,Brand new,https://www.ebay.co.uk/itm/127704998733?_skw=iphone+13+pro+phone&itmmeta=01KJXJNQSGK5RA77MG8GQBTWCY&hash=item1dbbcfa34d:g:OcoAAeSwlGBpn0Ib&itmprp=enc%3AAQALAAAA8GfYFPkwiKCW4ZNSs2u11xCzYDn0pc9E2UoKlSolKRLfFLIizkRvrnde8KDDy%2BIo2LwyugN3cRPzAGgBKUCzBdRK8k%2BKtdnLRlYN2Vy8g%2BPKXGMifwNfvduMaGUY7ISlaz1UA6ngLC%2F9qVz22BJNvetEU2%2FWTmjrRFhyZVcfpGy46FdWWmmDxgYqMEdHAul8hjwW%2FQKbbGOLR%2Fy8qkOizeOpTikK%2BaNud93R4Lv88capIDfTCVSixqRgiZZwlO2FYJGhfZncO%2F15QyfKEMO6ivgzZ4g6ZHMk%2Bd0wWbPBBWq3KPvAM155m8N3T1t8a2XoKw%3D%3D%7Ctkp%3ABk9SR-b91rKXZw
2 In 1 15W Fast Wireless Car Charger Mount Phone Holder For iPhone Samsung,,£13.99,Free delivery,3 Mar 2026,1,Brand new,https://www.ebay.co.uk/itm/125111163899?_skw=iphone+13+pro+phone&itmmeta=01KJXJNQSGVXNM6NE676CEFA3J&hash=item1d2134dbfb:g:QukAAOSwJ2dh6h1D&itmprp=enc%3AAQALAAAA8GfYFPkwiKCW4ZNSs2u11xAte4%2FrumfS4eOPR%2BX7gVr0ODpphWDIeBydD2ym%2ByYFHdKChDjh4cMeDRzUUCV9qF9Gz8s75V%2B0OXgwaSLu5qel3hSDfp67xM6ASmBUNnPoQdzhSS%2BFa5H3jzLPulZNv2KR8UUPo8ZLiVfkNfsZn4csKtQ37OTiiuLlEANb4bxv8fnGd0kSP0YhUL3BbNodVO7MoBdu4kmdswxh9T0EPj0tYXURH%2FrhWrReObJ7og%2BT4p3X4OU8Dh%2BFICq%2FuMNVlt693OK%2BkljPXHK5JHnUU9aU5QuoHIfg3T35CCkYw3woXA%3D%3D%7Ctkp%3ABk9SR-b91rKXZw
Case for iPhone 17 16 15 14 12 13 Pro Max X Magnetic Shockproof Ring Phone Cover,,£1.69,Free delivery,3 Mar 2026,1,Brand new,https://www.ebay.co.uk/itm/188098911619?_skw=iphone+13+pro+phone&itmmeta=01KJXJNQSGSWPFHW4JCSP9D8WH&hash=item2bcb919d83:g:wtwAAeSwvEFpoLZr&itmprp=enc%3AAQALAAAA8GfYFPkwiKCW4ZNSs2u11xC1Fgbr%2BtO7XKVHuUfa1YVpzRqakQdXEAPLs5wOHR8FsDlhJ%2BWjaKXsFmSnI04qZhnO5Iw8ufILtE3Ukep20TxRCZCAwVfxPgmvDyRV80a0W7MH3X0SxugX9cp6fnJ6NmlkqNxCPMSxZz9nZI9EEN4hXi3nGsxfStwKkCrssnbCgjKqWyrR98X244QjwrWgnmNL1TBuO2bFuvPdbyM08SVY6VHKQRstAP7ITqw0Z7mZN3X0ldImrCI%2B5q1JN72bPNQ6sDscwbj4IqzKJiw9kSXv%2BIC6Pk5aaZpQZuX9s%2F3dPw%3D%3D%7Ctkp%3ABk9SR-b91rKXZw
CASE FOR IPHONE 17 16 15 14 13 12 PRO MAXHARD PHONE COVER PAISLEY BANDANA,,£1.99,Free delivery,3 Mar 2026,1,Brand new,https://www.ebay.co.uk/itm/265698614830?_skw=iphone+13+pro+phone&itmmeta=01KJXJNQSG3R9Q9KV54GQ6N8P1&hash=item3ddcdf1e2e:g:B~kAAOSwX5hihc1r&itmprp=enc%3AAQALAAAA8GfYFPkwiKCW4ZNSs2u11xBHMKNJFFft4EKUhhYNwTFb0YRTCmsb%2BqBI7KQsobIeV%2FnMUfratyMRPQZiDIhaWgrWLj29iBBuhcK51TDamJARrx6AOSrso2WiC0WN%2BKoYgoo%2Bze07BpThqmIjNJ%2FSVwcs8ZRMhtCwG3KiatkX9r5veReyeaiI7Hy5eQbl7z6SvgiZ%2BLcWlny2twuTV5XzwUVG2jCa4zQTHAc0VI%2BXErhbUVKzCU%2BGLzkTnJYjt8P52T%2FZBbIXW70%2FwIYnfptkjZkEiCR5qYV7MVz%2Bu%2FPanr2JPoshnQn9e6b0kbCj0y1Bpw%3D%3D%7Ctkp%3ABk9SR-b91rKXZw
Super Mario Phone Case for iPhone 17 Air 16 E 15 14 Plus 13 12 Mini 11 Pro Max,,£6.79,Free delivery,3 Mar 2026,1,Brand new,https://www.ebay.co.uk/itm/198086072413?_skw=iphone+13+pro+phone&itmmeta=01KJXJNQSGAECXE5K1N6VXRFNE&hash=item2e1ed9985d:g:E-oAAeSwFLVphyRh&itmprp=enc%3AAQALAAAA8GfYFPkwiKCW4ZNSs2u11xB6siMf0MzI2Fq4S0CrhNTbZHTUBO3FstcVb0gE7bTZPpUmBITg33qc6VG8eZYNHVbX%2BoMzOCNK8YcjJGMx4HTh--DYlsBKkTvEqZKYftAIPw2%2Bf1vjzSJDHMWvmLQ7qnAgWUn7ItK%2B55eEYUNTlScSCqGaLJ6NLcRzOTV32671nnLdX1C2o%2FVLR5gAsNo2GRD9qo4Y1ysLqkJPWqRRI7ms9k0iEvLsDDNiiG6yLBTy1PsofPFLy4n%2Bc2SiGoGPc4bON%2Fxnfy9ujL7PwC%2FqhWVF1PB2o7O35AppadUn2ir1LA%3D%3D%7Ctkp%3ABk9SR-b91rKXZw
For iPhone 17 16 15 14 13 12 Pro Max Shockproof Phone Case with Card Holder Cove,,£5.89,Free delivery,3 Mar 2026,1,"For iPhone 7 Case, iPhone 8 Case, iPhone XS Case",https://www.ebay.co.uk/itm/224192732622?_skw=iphone+13+pro+phone&itmmeta=01KJXJNQSG3Y4CH8789Q92KW58&hash=item3432ed9dce:g:K5oAAeSwZWZoy-NU&itmprp=enc%3AAQALAAAA0GfYFPkwiKCW4ZNSs2u11xAcC%2BKalCVePuMwp4GSGma0rSEnjBmLPCpJzWudeTGrJHCQlNJucT%2BxjDi1u%2Fs2m3hsKCbwqgSzZ4F5M%2Bu46cYXseDM%2BIQWdrC3iC4nb0uZz2rfvkQMmH6lNaBOVAKQ3wk0a6ay6%2ByEAiD%2FL7gQnbR%2BgAXtxTbHAkRDXDCp8q3LvBqvgavRKTCUnMu7poE0X4zrgHNj6rt4P6KAHmY3Rl5YwxIk5XCweo7sKgE29X1yEzhwIn6zObxplFz3YyqkC%2FM%3D%7Ctkp%3ABk9SR-j91rKXZw
Tempered Glass Screen Protector for iPhone 16 15 14 13 12 11 XR Plus Pro Max,,£2.70,+£0.87 delivery,3 Mar 2026,1,Brand new,https://www.ebay.co.uk/itm/376607022608?_skw=iphone+13+pro+phone&itmmeta=01KJXJNQSGW4J3YSE0CBVKMN9G&hash=item57af871e10:g:R34AAeSwbvFo5pIl&itmprp=enc%3AAQALAAAA8GfYFPkwiKCW4ZNSs2u11xC9lR4ttOG2KC%2F1bqqLfwlACg0HVJARm%2BRPTpySZiIWMsRKWKZboyYjZjjYH%2B%2Bks9c%2BBcCOilUE6SZb8aWtD1h%2F0c8Ai%2BVbrQJwK1nTHQNeV50TKSwWN%2FHl6X8f4Eh0TOAAyeZiyiNc52u%2BfF0GyXE2AWCt25WqWq03ynjOH2y6s%2F%2Bqx8ojxM39I7W79UhiM5s0U8At%2Byaxm7J3ozu%2BKZFxWIJqJXZ7DWHSx8JWD94J8rW9JcBdp1BqGrDKife28ySzfy0s3FtcCmVWnkvsZD9aMWerbSdYI83tQGRAH3VtvA%3D%3D%7Ctkp%3ABk9SR-j91rKXZw
Luxury 3D Pearl Bow Glitter Phone Case with Silver Foil for iPhone Models,,£5.99,Free delivery,3 Mar 2026,1,Brand new,https://www.ebay.co.uk/itm/375891583366?_skw=iphone+13+pro+phone&itmmeta=01KJXJNQSGQRSR172D9T7D00RT&hash=item5784e26186:g:9QYAAOSwNi5nb55X&itmprp=enc%3AAQALAAAA0GfYFPkwiKCW4ZNSs2u11xCxXmkhOgOBFsFmUjuPqcOooHwYpGTXhxl888aKQW1VASBYkWcbFL3bjEjWKO%2FR8UfXAIQHWrLuWTT1uGQCXGuLPGBgQJxYFx%2FeT7xjy1PErnNcNXOjmxUbtGM2YCwzkmrRcgqveymPC82VWtF0QrK01y2chqmj5PM5MClkRGVvpeiLDQe6hm34R7ws4oTsRmunf7SlwZAMB3V6%2BWuqHgIOZiQC5fUEgSzFrxoQEBeyB0bkd7n6B%2BkkLMprwnLnk%2Bg%3D%7Ctkp%3ABk9SR-j91rKXZw
For Apple iPhone 15 13 Pro Max 16 XS 14 17 Screen Protector Glass Case Friendly,,£0.99,Free delivery,3 Mar 2026,1,Brand new,https://www.ebay.co.uk/itm/283874657922?_skw=iphone+13+pro+phone&itmmeta=01KJXJNQSGP4ZRX7NWREBS5XJ8&hash=item42183f8682:g:Q-QAAOSwMPxerAtK&itmprp=enc%3AAQALAAAA0GfYFPkwiKCW4ZNSs2u11xCvI0h%2F4fNNbfnjRjxOBHULV8g%2FwBaAUSIydTxy5MLEdDXAFL8WzfmmWQMZjSU6NFslOLhyCFtbk6XtcPJZvzcyS5aEHuaiaaphtpngyfNl1qxJVXeEy2xhNHQvMsuXJsY3Zz3YqZP%2B7UhOKGkY%2Ft%2BtpdItmOme2aepNT%2BgZy0da99XHmcqqxxWpZAVbHFmXL1AdJCPTTnaysLJJPy7jOdOE23Jukj%2BgfXMyD7wLmnIU1kobIYzZ5owlXI05us%2BMl8%3D%7Ctkp%3ABk9SR-j91rKXZw
ALICE WONDERLAND FLIP FOR IPHONE SAMSUNG HUAWEI WHITE RABBIT WALLET PHONE CASE,,£4.99,Free delivery,3 Mar 2026,1,Brand new,https://www.ebay.co.uk/itm/182893031356?_skw=iphone+13+pro+phone&itmmeta=01KJXJNQSG55J9J1PDPNAZ7NYB&hash=item2a95462fbc:g:pDwAAOSwgiZlOoUJ&itmprp=enc%3AAQALAAAA0GfYFPkwiKCW4ZNSs2u11xA0Aq0v3GM9T2SGDkvNkdSI%2BASY4lgAzVAilGd2v14CuWM%2BVxIAv%2FCpGbhJvBaczLdJDdLzAwfIlxha%2FZ0OqBiBluG3mC9LhqNFixyRiTXqqj6y2K6ACGNzcInRxjHS69O%2BqhMNL55%2BypTYWKFXirCVrMzcBbJ17gU4GvI%2B%2FCm15yHyweKgX9lzMwfZpDtztO5SVLYDz1Pn%2BvpYrianbp5pFNH3ogSezjVPUxf1HYjZ%2BV39adET8bFfGTpnOUROpDU%3D%7Ctkp%3ABk9SR-j91rKXZw
Shop on eBay,,$20.00,,,,Brand New,https://ebay.com/itm/123456?itmmeta=012DEW30YG0MEEKND7NH&hash=item123546:g:acwAA9KNiJowH:sc:ShippingMethodStandard!95008!US!-1&itmprp=enc%3AbgepL1tlUHjMGCVfSTGJh%2BzsVKeJ3CQk7NizDI4BZeppuFnmyS6Ijyp8lh%2FnEw%2BWqO7uTV1Q6izE1R0T54aV8j71F4xlWfVcGft4%2FiOQhtqVXA1rW6M1atPARQRmhqUxtEPJKhKtSFgI%2Bvwlzb0GwVCtkp%3ABlBMUObkmabpYw
Shop on eBay,,$20.00,,,,Brand New,https://ebay.com/itm/123456?itmmeta=012DEW30YG0MEEKND7NH&hash=item123546:g:acwAA9KNiJowH:sc:ShippingMethodStandard!95008!US!-1&itmprp=enc%3AbgepL1tlUHjMGCVfSTGJh%2BzsVKeJ3CQk7NizDI4BZeppuFnmyS6Ijyp8lh%2FnEw%2BWqO7uTV1Q6izE1R0T54aV8j71F4xlWfVcGft4%2FiOQhtqVXA1rW6M1atPARQRmhqUxtEPJKhKtSFgI%2Bvwlzb0GwVCtkp%3ABlBMUObkmabpYw
"Memumi Protection Phone Case iPhone 13 Pro, 13 Pro Max & 13 Mini Blue Black Whit",,£7.99,Free delivery,25 Apr 2025,313,Brand new,https://www.ebay.co.uk/itm/167053414810?_skw=iphone+13+pro+phone&itmmeta=01KJXJNYFJ1XTJD0HC60CBT919&hash=item26e528d19a:g:p4oAAOSwC61nITMU&itmprp=enc%3AAQALAAAA8GfYFPkwiKCW4ZNSs2u11xAsJjxhcng%2FDJ6OhXuyXYD1krB0k6uDmtYTBQ5XrrAHYsPLUL4sb6OBg4x3Anp2HXT3fZQp0ws5J6%2BBhAOLyTlwfLimySbqIt3cwAev3yX6yvOZ6nnG2VGISklSq9pMqZ63unZCSbsDP3gIlOi7pxyAVvbesnTYGtMFNNZxPYKOpr2XYiuIHa%2BtpUXrEi%2FJXzGP026ntfsMAh%2FXFtfMM40QNt7iBdCRuZOoJUNyKrYrUY7apW7iG%2Bhoajs1O%2Fgf4GILZeWxw8GzOqi85X5xV%2F6jdZjv8T7b1LJ30QQkBumFxw%3D%3D%7Ctkp%3ABk9SR_zn17KXZw
White Bow Clear Phone Case For iPhone 16 15 14 13 12 11 Pro Max Shockproof Cove,,£3.30,Free delivery,3 Mar 2026,1,Brand new,https://www.ebay.co.uk/itm/127560544920?_skw=iphone+13+pro+phone&itmmeta=01KJXJNYFKZ0C5S5TP1ZQ6K1XF&hash=item1db3337298:g:rlIAAeSwGtBpPXpk&itmprp=enc%3AAQALAAAA0GfYFPkwiKCW4ZNSs2u11xCvSmGOPGU70938SNUUHDNLvxbn2yjhkzrDNKPA4S%2B2eC3CvjaJsSA0xg9EldPL%2FN2EwXdUVmRkXZi763cfLxDIQwVup6%2BrXdLLqTLmvJv9v1kpBxOOEJgOz%2FAwIiWC4faygI7lMx4AQjdv5aI6queP5lhHyKnSkf3AZpdXNM8Wb8KCtfoQ446R54haqk7C0zkh8O%2BL0EHctaKQmk87nShco%2BmeQT73Y4FpMi1DsDnujXU809BKpG5hDMNLSeFggHg%3D%7Ctkp%3ABk9SR_zn17KXZw
Clear Case For iPhone 17 16 Pro Max 15 14 Plus 13 12 11 Shockproof Phone Cover,,£0.99,Free delivery,3 Mar 2026,1,Brand new,https://www.ebay.co.uk/itm/227229584892?_skw=iphone+13+pro+phone&itmmeta=01KJXJNYFKZRF9F1Z29XP49RDT&hash=item34e7f04dfc:g:PhUAAeSw4~9pnMOD&itmprp=enc%3AAQALAAAA0GfYFPkwiKCW4ZNSs2u11xAHAraix3m19DAcLzZRiVb1EVLNu1vlu5V%2FeptuUBSasLuPLhfZClaHY%2BO2xKfItUmBRuVepqKTIr%2F4XLr7lC2uE8oIeUihAO2QnySg1XtbifOWEhEs9nV1Hzij8rSF%2FJnDN%2BgOv8kD2aAoxHqFfbGi%2FSqA5%2FcGflQfdbPDa5EEMWMmWDpkTnV9NhKknMSAxDTEmkC%2BYBZEgI8GUM%2BMxdUcuSBoqtmgwaQKPJ36tvs3%2FPmCuW3zId%2FXGN51uzH2mWw%3D%7Ctkp%3ABk9SR_zn17KXZw
Glitter Leopard Print Phone Case iPhone 17 16 15 14 13 12 11 Pro Max Shockproof,,£4.19,Free delivery,3 Mar 2026,1,Brand new,https://www.ebay.co.uk/itm/286927651173?_skw=iphone+13+pro+phone&itmmeta=01KJXJNYFKV9201XBWKTPZKJ0C&hash=item42ce388165:g:AkYAAeSwEw9pENWT&itmprp=enc%3AAQALAAAA0GfYFPkwiKCW4ZNSs2u11xCsfoNzah1ALZ%2BKOCKP7AV%2F8JdXL40Lt225GRhY19mrTEjK0Eh8sWiA%2FtKeHLkPhKs%2BIQyXyc2qkuqFQPqOWoTe%2FQABpcH7nfy9fWalRCkjC4OqMg16bJYET481tFLUFYuwcMc64fC1y3zaXv1M8qFDYuN8ztjbTBxIFNXncFiebrbbtKDvMvZrk0jFfVKCuVs1Wj5GRM5OznSx05vV%2FFcYsGsPWvRzUNpYICw9bsR0KA1BB4Ky15AD2Pympwarh50%3D%7Ctkp%3ABk9SR_zn17KXZw
STAR GLITTER Case For iPhone 16 15 14 13 12 Pro Max XR Clear Bling Phone Cover,,£3.25,Free delivery,3 Mar 2026,1,Brand new,https://www.ebay.co.uk/itm/325837362145?_skw=iphone+13+pro+phone&itmmeta=01KJXJNYFKJ6RY0ZQSWWEH0Y8F&hash=item4bdd6b93e1:g:i6YAAOSwKDFlHnI4&itmprp=enc%3AAQALAAAA8GfYFPkwiKCW4ZNSs2u11xCu20j5NPVP9kvMaPAbcZqIGDf0myVczVQBNmRX%2B60506TrqlxNPMpG1iTtGKfw5VSTfAO1%2BOMdaBLrBSpZ3Z4N%2FN2ZflKEg3HML4LmA3lOLrx4GCzkCZQMK0gC%2BeTwgbdj7Lja9ChHFdYrmNrTxQV%2F7t%2BiAKTMnUAYDa79erOJ3nHRojNWNgeqbs7FqpoliL5zlDRd8RrxGwwzu9h7QXJg6odJ7m%2F3zuVQv1NZQWRTtDZWKiZeNPdhWb9DgZOIFGrVYfyle9qJ5YfQR48PSYrywrcEXgk1XBom2zFh7TWPhg%3D%3D%7Ctkp%3ABk9SR_zn17KXZw
"Classic Van Sole Phone Case for Apple iPhone 13, 12, 11, 14, 15, 16 Pro Max +",,£12.34,Free delivery,3 Mar 2026,1,Brand new,https://www.ebay.co.uk/itm/388355427995?_skw=iphone+13+pro+phone&itmmeta=01KJXJNYFKFR2C1KE16NR8WBJQ&hash=item5a6bc98e9b:g:AJgAAOSwRVxoFJl8&itmprp=enc%3AAQALAAAA8GfYFPkwiKCW4ZNSs2u11xBSz5KphXwnwXDsSfFq3r8fLvsjdSiDBtNKHSfUKS71pJqtBIPCN6rfsgIiyCQAE6V1az33YQYELqyDTnyb00FKaeOSrgBK1LYFBFw6zazM1sW%2FtLNun7axNQeI7gOXOyk0TN2mPw20%2B8RWkakya2etgTjeaz8VN25ruWkEzc0DKBS1MGeqD1uOM9w4b0Vt9u%2Bf3pbfa07QaQES0gOVtyt2Ga0WCgH0uK80zX95eO0hUaWGuo2n2MnmES%2BRfbQPrCRbnPLqWpG43vdqvm1881%2BD1kPslxiJhvQf%2FgW56Ya4dg%3D%3D%7Ctkp%3ABk9SR_zn17KXZw
Personalised Shockproof Phone case For iPhone Galaxy Honor Moto Oppo Pixel #S185,,£9.99,+£1.55 delivery,3 Mar 2026,1,Brand new,https://www.ebay.co.uk/itm/226661499548?_skw=iphone+13+pro+phone&itmmeta=01KJXJNYFK55T0QB1YDJ6TGVBW&hash=item34c614029c:g:SWEAAOSw7EVn8jLy&itmprp=enc%3AAQALAAAA0GfYFPkwiKCW4ZNSs2u11xBQrG4BBXR4rJSVDcv6fUt0DUh3POMMf54F8%2F9Y14asFMLyE3IpmZgsaKPi%2B6AmgE35oXM7drDoI8rHRK%2Fer%2FMFQatjwEW1bnUjM09guQiRPFJcQ1xebacC9nXZse%2FrX9RgTDqKvjHsEVg4%2BasEC2oFMzAtTtYD%2BBKNyoVJaJDzDqtU5eK8l5pKg9RzeA3H6%2B5hTnNZLHwnMZ%2BXTJKelop1L%2FjNgPcoMgHZpq%2Fzx7QA1Bo8l46hlFxt8sNlNqbB7JI%3D%7Ctkp%3ABk9SR_zn17KXZw
For iPhone 7 8 SE XR 11 12 13 14 15 16 17 PRO MAX Leather Wallet Book Phone Case,Leather,£2.99,Free delivery,3 Mar 2026,1,Brand new,https://www.ebay.co.uk/itm/126807301427?_skw=iphone+13+pro+phone&itmmeta=01KJXJNYFKJXVE0QPSWDD6WDM4&hash=item1d864ddd33:g:7ygAAOSw-75nTFuh&itmprp=enc%3AAQALAAAA0GfYFPkwiKCW4ZNSs2u11xCZ3Z6OvyYe3pTipeVWQCPD%2FWuAgUZD17JIlJFKvG7Q7jw0ndnQHhysuA6OR2KgvTtT%2FrsmGlajR6qMH5j%2B%2BOha0Lf4dM0YOv3GSKlvlot3bKWCd%2FJC1dkV5NNYvQV2J2Q98Zee2AxY3xitjVVq%2BEbZXBhuQH4kZMOA%2BhDYIYyoNR1E%2FfJGPrKLRaKrqU1yaPU6f2LEI%2BtAjUvWDn0uXfI7UzQzy4GbNaWVzuljaE4U1LLCExTRqcntQRQ33F%2BOpk8%3D%7Ctkp%3ABk9SR_zn17KXZw
Personalised Silicone Photo Phone Case Shockproof Cover For iPhone 14 13 15 16 8,,£5.99,Free delivery,3 Mar 2026,1,Brand new,https://www.ebay.co.uk/itm/357657451808?_skw=iphone+13+pro+phone&itmmeta=01KJXJNYFKRTBAW6E2QAC68B8R&hash=item53460b9d20:g:qX8AAeSw2yZo0n5C&itmprp=enc%3AAQALAAAA0GfYFPkwiKCW4ZNSs2u11xAcZ4ctV0K5UydYoUSqyOc%2FCnkWTGYQKrevHtD0nbNnMR8smoKDUYYbAaaBVcIgkrFmaIJCwPSdPaPWVXo9fqNW9aiYTE%2BHkN8GKQT%2Fv%2B5zWSulTuAyJOwtGiTXB9xvVmednYg6q4FAaK2ckAIRGEw0HXsrWh6ijx8CTmHTfEbcyTF6FIwdlM%2BOn5LoL1GlczAqBZCdwCVBVs90jTwlzX5Msxe2UNMwLrC8DwGx4cMeN7Ztub1Fzx2GDxp21kMIDqY%3D%7Ctkp%3ABk9SR_zn17KXZw
4 Pack Screen Protector For Various Phone Soft Clear TPU Gel Hydrogel Film Cover,,£5.49,Free delivery,3 Mar 2026,1,Brand new,https://www.ebay.co.uk/itm/336135131910?_skw=iphone+13+pro+phone&itmmeta=01KJXJNYFK2GB0NAGBC7CM9YD0&hash=item4e43371306:g:pN8AAeSw2eVopH9m&itmprp=enc%3AAQALAAAA8GfYFPkwiKCW4ZNSs2u11xDyAefmAV6%2FwMr%2FXq4pR%2FSZrSnsz2l2QJj05gvkknRwmVc8MzNOPmk9ZPZth6dr3Byy4JYc340%2BSS%2FMNOFDvU9oeVI3oexUQzXuy%2Bc5S37Y6x13rW4TL6gVMoJMQR4jatqEvtd1OoTiAxlHw3Y%2FjdJj77bSDIfHJDYNshztiDB1UWx2RHn3bnkYX5gPuH6FNFb7Poh388eM8rm0tbQ00Z5dF7VlUXt%2B2QdvvKhtMs%2FPLwLrpvylpp9u0uVymLwxS0PJbIh7DNMCp34cyoSleTa9eumYK6q5LW6ULcgJbicouw%3D%3D%7Ctkp%3ABk9SR_zn17KXZw
Football Boys Personalised Phone Case Shockproof Cover For iPhone 14 15 13 12 11,,£6.99,Free delivery,3 Mar 2026,1,Brand new,https://www.ebay.co.uk/itm/204527158142?_skw=iphone+13+pro+phone&itmmeta=01KJXJNYFKG4JNQHQTW66NB4XB&hash=item2f9ec4c37e:g:WKoAAOSwAAZlRNO3&itmprp=enc%3AAQALAAAA0GfYFPkwiKCW4ZNSs2u11xC3eOv2Y%2Fle0qKPi7GgvNHY7%2FSJKZJ4I9y9%2BwqJHygkFFvSJ6eXyqgOj3ALtpKOEz4bO7%2F9dZ1q9jjBEYWxhb4DahbfCaW5ORGkxcuNETqmJhCcv7hPi3y0EH6oK%2FQ2JGICaukfCaOp7qxkJ8abj2ID22LFhTnTu5Dj05NRNWkxavTT2otUAVG0JA4f1K%2FB69y9hnfnxs9bNGCUM5HlzPQJn8ZyTI3Ig%2FRVbApdFutKccG2COT%2B0zPybp%2Bq1mRDHxA%3D%7Ctkp%3ABk9SR_7n17KXZw
3D Soft Silicone Labubu Phone Case for iPhone 17 16 15 14 13 11 Pro With Holder,,£7.99,Free delivery,3 Mar 2026,1,Brand new,https://www.ebay.co.uk/itm/366016049611?_skw=iphone+13+pro+phone&itmmeta=01KJXJNYFK6NC5N4WQDMZKG20S&hash=item553841b1cb:g:NFEAAeSwvEBowVLT&itmprp=enc%3AAQALAAAA8GfYFPkwiKCW4ZNSs2u11xCgpG65jJbYhcyizdC9HJyBk79Ngv7aRhFMTf7ascY7UkV0i1iN3BoRR6MVJaE5x0zU1gd6mwYSuvBDDI1BkVPhv5Rzf2cVZN9ID5TklTZytTMXA7adUdUziVImpd2IFt0MjD4JH4fjnerhtFjOrjaL73t9hnBPJll2p0prgUG%2FMGIfMa47kZs%2FJBril3Q%2Bh151u0Be57RdDUggXduSojPreW%2BJHtYN4YCTwqOaRCDthy5aTHLDf2tmvo7ApE69O3nLB2t1qCCiFeW9X6NGRKEHxebbfI58uSKTo%2By6pfQB2g%3D%3D%7Ctkp%3ABk9SR_7n17KXZw
Tempered Glass Screen Protector for iPhone 16 Pro Max 15 14 13 12 11 XR X Mini,,£2.44,Free delivery,3 Mar 2026,1,Brand new,https://www.ebay.co.uk/itm/396667811786?_skw=iphone+13+pro+phone&itmmeta=01KJXJNYFKK3ZQMZ9SR1XWFK0A&hash=item5c5b3e77ca:g:8pwAAOSwJBRnrLcf&itmprp=enc%3AAQALAAAA0GfYFPkwiKCW4ZNSs2u11xCoaYhVoy3A1EolbtXbIh2nN4j4DGe06Zr2VIfSFozxw5Hbd1AcVO%2FhKhVupnIKaetYBznQlA%2BgJCVhT8tJonob5KheewHnQXn%2Fe3NCBCpO2pMtb6ONir4S4nRQJtoPO8W4Iz8aabJ0PFL8U4QpSG5kw%2B1Yq4Y4F5bz7Kzz9Fr6TEsOlgNoNKxcYAnBp9vAQe3Dyjv5Veah6MWedlyQSuIblpOOP1MPhnUbel%2B%2FJRXpOCLQLkNMwjYn3oijkZGIhs4%3D%7Ctkp%3ABk9SR_7n17KXZw
Spider-Man Marvel Phone Case iPhone 17 16 15 13 14 12 11 8 7 XS Plus/Pro/Pro Max,,£8.99,Free delivery,3 Mar 2026,1,Brand new,https://www.ebay.co.uk/itm/127686352467?_skw=iphone+13+pro+phone&itmmeta=01KJXJNYFK9NCJME23QSQ25E3P&hash=item1dbab31e53:g:hcMAAeSwVR1pkhAH&itmprp=enc%3AAQALAAAA0GfYFPkwiKCW4ZNSs2u11xDnsMlTYxfgDDH%2BQ8rIL6r%2BIDW41iDRAgKAijp0EPYYGl8EX4DxMABr1znls%2FwfZ%2FwtWEgIoiFy0DtsFMOeJacR9cCZAPmnDTyhRywNwubpgrmvyjCjgCSeYaczbhjJFNjs%2Bt8UhNoocKv0fi1WiBBiVw7qWS7ed%2FDHn0Z3VlvMiiJSpQu5%2FNFRogvpO8dD5O0DLJECVmAkyEBxVL1zolIwLrP2i%2Bawp9xCGKmpqM838dZqymnvod8dxNzkwLm65Sc%3D%7Ctkp%3ABk9SR_7n17KXZw
Case For Apple iPhone 17E 17 Pro Max 16e Clear Gel Phone Cover Screen Protector,,£1.55,Free delivery,3 Mar 2026,1,Brand new,https://www.ebay.co.uk/itm/116488777366?_skw=iphone+13+pro+phone&itmmeta=01KJXJNYFK4EXX9ZXB185Y0SSK&hash=item1b1f45ae96:g:6LkAAOSwn9NnuH1M&itmprp=enc%3AAQALAAAA0GfYFPkwiKCW4ZNSs2u11xAlACMGN7ySo%2FuSTrPoeWowgCJCbWYAAcTe9RkW6aHTrcHsJ6uIffWm4lTp9oHfSz5mF2tuLRI2EiPp1MGE4Nwp2dbDb39eQAM7ab22VAWutYVJF6K1DkymQiGi4fOh%2BNqFOY%2F2DAzwUWVxmF%2FZ08nAXsVoVKt79horghZ9msPOsJAfbV%2BzOh0jmI%2BrycRdHBPVIOo%2BXJDf3JfksVnlmBa%2FR3R3qI6RMlObBvK5o39tmpPO3aMrSMAqNZf58SPPoPE%3D%7Ctkp%3ABk9SR_7n17KXZw
CASE FOR IPHONE 17 16 15 14 13 12 PRO MAX PLUS HARD PHONE COVER WILD ANIMALS,,£1.99,Free delivery,3 Mar 2026,1,Brand new,https://www.ebay.co.uk/itm/265707210563?_skw=iphone+13+pro+phone&itmmeta=01KJXJNYFK9G9N656WHM9AF7CK&hash=item3ddd624743:g:wkUAAOSwjcRijaYC&itmprp=enc%3AAQALAAAA8GfYFPkwiKCW4ZNSs2u11xBEQhzagX4WE81nwInaEHTjjx%2BOnGFvkqGEbNbJQPWJJtX%2BjKEsMkW5ZsXHrMq%2BwMfQzFOg6ast6EPTshaJlGcWw2j%2FWRuPZqPq2UxTj81cqOuaMBY1bQKGpzYVqIPO2x5SMQm3BP%2B%2By3bQK0IHDcg2BQDulTBAkY40cHHfpsSaq5T86z40n8nYnvL7HyF5uoW2kQDysW6VwnyQPIlnT6kbaZ%2BR9AlxZ62nICvwfWKa%2FLZT3XLlhPv2KFLRFTDlc837%2FxUolirNhn3hNgO1nJU2easeMEdBuy4oRArBmPA0lg%3D%3D%7Ctkp%3ABk9SR_7n17KXZw
13PCS Mobile Phone Speaker Dust Removal Cleaner Tool Kit For iPhone 14 13 Pro,,£2.43,Free delivery,3 Mar 2026,1,Brand new,https://www.ebay.co.uk/itm/297605571211?_skw=iphone+13+pro+phone&itmmeta=01KJXJNYFKQF0XTXB4KQASHV2V&hash=item454aaca28b:g:JRkAAeSwxm1ow7GU&itmprp=enc%3AAQALAAAA0GfYFPkwiKCW4ZNSs2u11xCGHJW0T210Byi1JZMo9ix9xI4aRHpI4dLrJ6Jbrh2c81dn74iNr%2B7HK0lqB331J9LWUpuYhqACyjK9piNg0Sg6rdrfgOjB0vw32N7E05Rwo0AdeIwa4ear1Ki%2FI%2BrDOpNRiPs40XA289iLHTDrR16PAPDiyORTJ%2FT2dR6rQWRpQ59Yd3gedwLERJQ9D9nQJNjZzTVibQQ8EmVp6Hse7cmoKcw1R3WHG2mGMackrejnIMaIxokoP2AuSoTnJ2VWDOM%3D%7Ctkp%3ABk9SR_7n17KXZw
For iPhone 17 16 15 14 13 12 Shockproof Silicone Phone Case and Screen Protector,,£1.95,Free delivery,3 Mar 2026,1,Brand new,https://www.ebay.co.uk/itm/406626226417?_skw=iphone+13+pro+phone&itmmeta=01KJXJNYFK337W3K3W4YEVEPXT&hash=item5eaccfd0f1:g:DagAAeSwFoppccmy&itmprp=enc%3AAQALAAAA0GfYFPkwiKCW4ZNSs2u11xBzqro6meNEDwdCubLtCe%2B%2Ft0l5jKOTeQobObbkx%2B9BXGiXSbHEVs9Kgdd6lUle2%2BhfoSQiNg%2BLi7gGhyELYOMGAqVYkZ01J0%2FhVbVxrjUjOozyPQRbBibJwcHSLTlvlHXc53%2Blzm9buWXc36v6rrbjbZwuQqB4%2F2qdfDxQFj7JDFh%2BN80ipC4olVDkPwgMrBRCny1OklQnWwMnSIJMXeCZR0bUol9ILVXZ93vPSto8sM7hPKqgibh%2BDQyRtcLqh18%3D%7Ctkp%3ABk9SR_7n17KXZw
For iPhone XR SE 6/ 6s/ 7/ 8 /11/12 13 14 15 Phone Case PU Leather Wallet Cover,Leather,£2.93,Free delivery,3 Mar 2026,1,Brand new,https://www.ebay.co.uk/itm/256730283204?_skw=iphone+13+pro+phone&itmmeta=01KJXJNYFKFWNYZZ4B1CHCBN50&hash=item3bc6513cc4:g:GOwAAOSwX6hnRytd&itmprp=enc%3AAQALAAAA0GfYFPkwiKCW4ZNSs2u11xDac1ibKzUpbVbMC9wCOiIstsg12QXI0QzZbcFKPwTj4OdA%2FHWUktrGQLL6pbv%2BjfxRm8aY%2BK3ZuzbS38vEWgE41LTFzAf8xL%2BJY1Qc3As9Gv%2BeupqUAAlVvVJKkvPUPGDLP%2BlbMGnxhtVaY46mM3THxSsGe%2F3PSQqZNBlpHHViDAh8tw4gyom1FF4q6YTtDBugVD8JoeRQ6aJGha1Nws4kNIko110UwEiLIWiHl7ee6aNspJpCGb%2BUBlJ8Ge2kPrU%3D%7Ctkp%3ABk9SR_7n17KXZw
Shockproof Magnetic Magsafe Phone Case For iPhone 17 16 15 14 13 Pro Max Plus,,£1.99,Free delivery,3 Mar 2026,1,Brand new,https://www.ebay.co.uk/itm/226461556189?_skw=iphone+13+pro+phone&itmmeta=01KJXJNYFMQ7F8CNSKZ01QDFD7&hash=item34ba291ddd:g:~P4AAOSwzORnQFm1&itmprp=enc%3AAQALAAAA8GfYFPkwiKCW4ZNSs2u11xA%2BkViyafA96Qn5mNiM2ylTb4Wi5x1hcP9Be1zCN9vOtqyZq32tA1ZhZ4EW4jQuusGgawcJCTVkYQUbgD%2B%2FP54DdGhtDvKJgsKZ31O255QZbZITFuFQloVKOxrZvm976HPUcxHj6Y7XHcuS2P%2FMdOIBfug1%2BY74tVzZd89f3Z5mL5IELDYbdlGzd9%2FmRX3Qk337m8tKXn7GJ8CrMbQKqjZMqNhxglGGz3v%2BuZ9eaQv8%2Bj8WCYhVKQSWoQWu12t5t%2FotxbdXbMeTmRAgk2hDkr21v0kjdgmghPO21HpsRKmWaw%3D%3D%7Ctkp%3ABk9SR_7n17KXZw
Card Holder Slot Phone Case Cover For Apple iPhone 17 16 15 14 13 Pro Max Plus e,,£3.99,Free delivery,3 Mar 2026,1,Brand new,https://www.ebay.co.uk/itm/356564623472?_skw=iphone+13+pro+phone&itmmeta=01KJXJNYFMJSKD738HQ0CMP7K1&hash=item5304e86070:g:9vUAAOSwfA9nrTsa&itmprp=enc%3AAQALAAAA0GfYFPkwiKCW4ZNSs2u11xBJ8BXSKZyx0UC1%2FXEkwZIEFvLI%2FZ5QQwEPM2%2FKIV1dLTtsiczVCmzPlpUZCVPgMp11WtOCMdvhDQI0U2iQR6Rx4MlHGKrAULG%2FOBvTgDl%2B6yEcyZaQhP0%2B5eWkvEe1ISG1Bu%2BYVvDQRH44GWf5i5pF5XzRnK3iShb0zLsD17BeO%2BkTbcESuZdtPr9DuHUw%2FGKxikABDvo4oc43aTfeqr1%2FeMxAtDHIwcHfx2rjKLYEyc82SAqm5XW9Azq8td0U2P4%3D%7Ctkp%3ABk9SR_7n17KXZw
Screen Protector for iPhone 15 13 12 11 X XR 14 Pro Max Gorilla Tempered Glass 7,,£0.99,Free delivery,3 Mar 2026,1,Brand new,https://www.ebay.co.uk/itm/325418355028?_skw=iphone+13+pro+phone&itmmeta=01KJXJNYFMBX97SF0R04N0A7XP&hash=item4bc4720954:g:XsYAAOSwDpBjbHT9&itmprp=enc%3AAQALAAAA0GfYFPkwiKCW4ZNSs2u11xDONbI3lEo4fs1ndmvfptmjvnNfXLKuPabBrQJLbf8WkORv%2FC%2F2diEOUTnmttAeMr6cRabZ%2BZIYwU7st%2BscpCMW141xKP9BXTnDoa1OjSeSsufz9aYosDYRyJgiPTuvxc%2FVsBXB%2FLH%2FRJ96uhYF6ODzU0DFPYykvI7K%2BToEq6ZsaiSgNUGhJTIVeLYE7zivV8g7gzz9DEr%2BDe7EF6%2BvwCaCUa7asGXm%2FCJKuiiRqM%2FBn4L9py8pSbM7BxmSX6PzJ%2Bk%3D%7Ctkp%3ABk9SR_7n17KXZw
Case For iPhone 17 Air 13 11 16 15 14 12 11 Pro Max Clear Shockproof Phone Cove,,£2.99,Free delivery,3 Mar 2026,1,Brand new,https://www.ebay.co.uk/itm/127370876393?_skw=iphone+13+pro+phone&itmmeta=01KJXJNYFM7FD9Z47FEGK7ER1M&hash=item1da7e555e9:g:id8AAOSwP4hmrPD-&itmprp=enc%3AAQALAAAA8GfYFPkwiKCW4ZNSs2u11xDkDLIUK5H3D1RrbdouNPwagTI7dovCc11phtD5Je%2BRnysVo%2B7HGqEPd8nX1eiHKZOQZZkN7KqkVNb4o1MViqLFs5y7zKNMGktclQ%2Bfy8qug%2FeatyvpDjwc10KdZl30jjKq0SQwIZNXtwCWekO%2BLZ%2F%2BLosTaE2A7a3XZbhtnagZ8H4NiflP9vj3o25MOx8v7qLQonr0UsZ2DSaqNqAwwYA%2F4C4J89FxvkX11fl83R3lPNGRv0URV0zl3vGIENyGQ0XmaCtnfH%2BTDBkLc7uJFL1l0UairKLLwGGhwu6nLFVEpw%3D%3D%7Ctkp%3ABk9SR_7n17KXZw
360° Universal CD Slot Mobile Phone Holder In Car Stand Cradle Mount GPS iPhone,,£6.89,Free delivery,3 Mar 2026,1,Brand new,https://www.ebay.co.uk/itm/388423717999?_skw=iphone+13+pro+phone&itmmeta=01KJXJNYFM8AB8A657R600PN81&hash=item5a6fdb946f:g:dj8AAeSw9LZoeI29&itmprp=enc%3AAQALAAAA8GfYFPkwiKCW4ZNSs2u11xAC3hhLONI4D3u2GRzZqAg4kDHNojSpj2KEUocVRoBBSYhIqDMIuKkO8HH4OsJjizSNPA1PTqBi%2BeSbwEjwL2upFUjvoS1AwAq7rnjzkCfg2OpUIWQSneWUJCMGmtRWUqDZAp7pa7u5OOt6uEiIVDT10gcR5klz7UXKaDFs%2FlhoIwDCDvmRYNfjmTCgp1WdU5Fl9TRuQoNcdB9O--69bUeXzGGUKvywJUGNPuvJF4CaMu9xMIZpgv6GRK3JAAahiZ0bRzlDMUuqcmWuHIdB3JXfnH8VGm%2Ffs2S6qVzBIJ3XhA%3D%3D%7Ctkp%3ABk9SR_7n17KXZw
Printed Phone Leather stand Cover Case - For Apple iPhone 12/13 Pro Max/14/15/16,Leather,£2.93,Free delivery,3 Mar 2026,1,Brand new,https://www.ebay.co.uk/itm/357185081121?_skw=iphone+13+pro+phone&itmmeta=01KJXJNYFMZ1WPMBAAB6XNVEDW&hash=item5329e3cf21:g:DwIAAeSwyIRoXtiE&itmprp=enc%3AAQALAAAA8GfYFPkwiKCW4ZNSs2u11xAo7nSRmk2Iuwikn8hsoh5eEisZWeJTUNsA0RvLVSRLGJQ2PKVpF7nGENfgyqo%2FL2%2BCgzhzvf1btGe2XNQcGGHHhUanGFEi2UXgY7J%2BEECTzKijA01UF2VFDlSNgJhCPkG6CqStsjudwWqHMdPi1nZL43uW80oYrcgyvQ6FVgzCJhAD9ELh39UfkdXVI9hboI6oyqt%2BR5XKdT4wkWVb4M0f%2BdVKNskxD9DAceKY2fFo3U%2F8H5xRq3HreBgAiW2lOCMMoETn0mkhJjSB19%2FaEzoRutdagtNoEBzuBDZiK5IuZw%3D%3D%7Ctkp%3ABk9SR_7n17KXZw
Candy Color Silicone Phone Case Matte Cover Free Shipping UK,,£8.34,Free delivery,3 Mar 2026,1,Brand new,https://www.ebay.co.uk/itm/317656640463?_skw=iphone+13+pro+phone&itmmeta=01KJXJNYFMP1GHVX24FAYV6X3S&hash=item49f5cfabcf:g:OagAAeSwgIBpmKD5&itmprp=enc%3AAQALAAAA8GfYFPkwiKCW4ZNSs2u11xACz8kZFX0eHiLYJ4bj1EEuexSOyqrW1PzIwPKLrRG0jCfKz0B9Vwa741vCFIVh2xnEzDut6dQs3qSJZ1dXZlPq%2BxDvUT6KpSHgsvDSIlslkRpFEJu5DzHO87AOK3wu7ia9Ty8se1w%2FE%2BCxD9d4XZKH15XyauLmTN8PhmD5smLmQ7oJwsEJLv%2BXy4ODC9ADMGKZqqfAFOMgXFeE%2BwPzj7TwQCexpXSZXZH2XaANWZfGph1Xl75UPNF8lL9pPEXsLYRSihgNxK6oAx1HvR2LpCh9uQz2tnEA323vTl1NVrIleg%3D%3D%7Ctkp%3ABk9SR_7n17KXZw
Rhode Lip-tint Silicon Phone Cases WITH Lipgloss iPhone 11 12 13 14 15 16Pro Max,,£7.99,Free delivery,3 Mar 2026,1,Brand new,https://www.ebay.co.uk/itm/127501195705?_skw=iphone+13+pro+phone&itmmeta=01KJXJNYFMGZY2Q8C23MTW7VBB&hash=item1dafa9d9b9:g:LBAAAeSwdwtpGu5I&itmprp=enc%3AAQALAAAA8GfYFPkwiKCW4ZNSs2u11xBOyMw9AkrZIdprVjkypICES%2B9HQvPsCfKMmMP0htZ0gG9CyVdQrdda3a8VLiUuA9hMfeCv0rO3ZBtGwxx9eItIpARYrSjyXv5EdYdgXBkN4HwTlZL3%2FC0ShKjpNvL4c1rSFjEXUwDvuIJV1MO%2FpK4JNXsWWTAXe2Q794y480QUkPXR04l1uTbuh01lh5D%2FjsStBw2LXTVCBMlqxDprA0nv%2Fv6ROxQ5cMv2njUKswIup9BorpQHnsn6VrnQMnlmA8XQSbH8aNRB6M%2B32pKfsW06S4L06XADyKVe5EZhaXpTtw%3D%3D%7Ctkp%3ABk9SR4Do17KXZw
Case For iPhone 17 16 15 14 Pro Max Plus / Air Love Heart Shockproof Phone Cover,,£3.99,Free delivery,3 Mar 2026,1,Brand new,https://www.ebay.co.uk/itm/116972678540?_skw=iphone+13+pro+phone&itmmeta=01KJXJNYFM06JYX1GFXG8P1QH7&hash=item1b3c1d6d8c:g:HkEAAeSwy8VpYAqN&itmprp=enc%3AAQALAAAA0GfYFPkwiKCW4ZNSs2u11xD3QdgAcZQfbB%2FpY4TuF50EoeEE4oVQKSbcOAbVsHJZVIkQmtpCIXZfdd4KQ36zu2tCbWDA%2F4HCsIfh2LDvvSVn%2BqOS6Yg7VCnPCd0BHQzDztVkIUgeT8PicT1KyHo4CJiznEdagDEM0dFIuuDDxnIVS0bwqIXVyma8xqdtYh%2BGtMHybWk04NsgnvXpGDM%2Fze%2B5Ej66935AMpmOJjCV60I%2BNGBj55i7Uzg6iMZ55VNRHKt2PtzM48iqBIroyatgQoA%3D%7Ctkp%3ABk9SR4Do17KXZw
Case For iPhone 16 15 14 13 12 11 Pro Max XR 8 7 Shockproof Silicone Phone Cover,,£3.59,Free delivery,3 Mar 2026,1,Brand new,https://www.ebay.co.uk/itm/317026543939?_skw=iphone+13+pro+phone&itmmeta=01KJXJNYFMAJRXDJ64HG648PT9&hash=item49d0412943:g:EDcAAeSwNkRpE5pV&itmprp=enc%3AAQALAAAA0GfYFPkwiKCW4ZNSs2u11xD1CRNjICOKMxPnmJfnDME%2Bf%2FnvuCsbcG3XAL%2B%2BVpf6b5Cx9Zi7mkTXO2CG52%2F6KWQRfF%2FsNCkHluvKCHZtjHPExuHvv6GM5Buge5T0LmG4mCNtdlPuOEoGMpdx6QTnr%2BEb0L5sWBqaDpRNHf0z2p8J0mEwp%2FHWu53vQLxZp5jlFbC%2FpfwFQkuYfeOiFtiXLyQdsN3kIxsZnVKXWTEaReTuyghkJshycFH%2B%2F7gL02HyCDFpJ%2F5KRs4SmGmQwA6p1%2Fk%3D%7Ctkp%3ABk9SR4Do17KXZw
Case For iPhone 17 16 Pro Max 15 14 13 12 11 XR Flip Leather Wallet Phone Cover,Leather,£7.99,Free delivery,3 Mar 2026,1,Brand new,https://www.ebay.co.uk/itm/176862844424?_skw=iphone+13+pro+phone&itmmeta=01KJXJNYFMWA7DEJZRD809RXHN&hash=item292dd8d608:g:hhYAAOSw5JNnuCvn&itmprp=enc%3AAQALAAAA8GfYFPkwiKCW4ZNSs2u11xBYfaIoJC6c7ldgDj%2FbUbdzF3yle2yqhSMy5J%2BKxGLPSXUS8%2FMpD1arxqFSrut3Xe%2BBdXm9Y6mZKhFjGRkW1%2Fo0W90x5GiDHGQ6idrRoGjpQhuohOuVzJJrgP8D2eEHVTUgm1nPt4VNl3h9s5AogXHXpeJ3icfqCBxr8RsabgYH8Jh2y1%2FaklM5D58CDoy4tkeyYVLrZ%2BFWUNXijms29VwnKAXdTow7MG6Wiy35%2BNZ5N2O6u6rw9Ia90OqDRkztLT17sk738EFWAgypEruvf1TFvmyinWXzTpzlqVqmhWZIsw%3D%3D%7Ctkp%3ABk9SR4Do17KXZw
Black Case For iPhone 17 16 Pro Max 15 14 Plus 13 12 11 Shockproof Phone Cover,,£0.99,Free delivery,3 Mar 2026,1,Brand new,https://www.ebay.co.uk/itm/227230201348?_skw=iphone+13+pro+phone&itmmeta=01KJXJNYFM3JGPFC7JYFQVMSNA&hash=item34e7f9b604:g:S4MAAeSwyCdpnWGK&itmprp=enc%3AAQALAAAA8GfYFPkwiKCW4ZNSs2u11xBStWCW0DytNftz2SbVc6J4x472m3Qcljc7VGbRMQhtDHT4D3yMd0bAqZlFNJL85Q48ipWUllb2ccSopp7fZqeqpsHKIVR4n9X1P9CoB0TSGw87ryekA7pJkBbJy09fL3%2FMl087eMrZSRViqBf6cakzcMD8O%2B8kiizXidsJK7TiP1LNRSFE7RrPLpTXvhL%2Fy9EzsTbhZyriUGU0Ty%2FfBqBn9lEMNCZNn5gm5TeXvvNTSBkR5zIiGXB2eODgk7S7l6MRdXTvCpytu5GvmdmalW4VPgeBo98VzZ7EP3vRqLewkQ%3D%3D%7Ctkp%3ABk9SR4Do17KXZw
Y2K Electroplated Pleated Phone Case Retro 2000s Fashion Aesthetic for iphone,,£6.99,Free delivery,3 Mar 2026,1,Brand new,https://www.ebay.co.uk/itm/376433995013?_skw=iphone+13+pro+phone&itmmeta=01KJXJNYFM74GCT5XKERMSWDJH&hash=item57a536ed05:g:GWkAAeSwaG5ohMQF&itmprp=enc%3AAQALAAAA0GfYFPkwiKCW4ZNSs2u11xD3JgWukKy8JlylqlWMuOaOeVsMKzBzt8Zc%2FpYu3bL4EUd0D1FmEYF4s4MmJ5W2M7aOC9StpMCRxnA3nA2xrLJmw4HepoCYiITGdjIEFq3YJC7inWLhYxfVPY5v9JRUnTcopT1fsk%2Fy5MWs0rp3twgW1Ryj5iKCRhfAo2Vu%2F7iiESg1GuWIo%2FzgYPprPfKNKwDYn1AWNUV2RpfAXYIcbR1AWMpesimDC0Dlq%2FWYqwik%2FL%2FVideCgunUS7OUVR3JtLc%3D%7Ctkp%3ABk9SR4Do17KXZw
Clear Glitter Sparkle Phone Case For iPhone 16 15 14 13 12 11 Pro Max Shockproof,,£3.98,Free delivery,3 Mar 2026,1,Brand new,https://www.ebay.co.uk/itm/227168264794?_skw=iphone+13+pro+phone&itmmeta=01KJXJNYFMYZZCJZ16RB21GVX1&hash=item34e448a25a:g:GvwAAOSwHGRnMnxu&itmprp=enc%3AAQALAAAA0GfYFPkwiKCW4ZNSs2u11xDM3Qdco5UcwcBL4OuuVw1Nbkv7ObveXvlk06A6Ng%2B7ZWneOa2Yg82WnWmA0gchszLndYCPhcPYjGeE9SKP7SGPeRb9LB8o689xZaU8Ne45Rl6BjOCurydGcWT4uza7rMapBFMd6cel5HyiugAWED2%2F9SLEku%2FD7Q0ff6xXNT6ODM0VJSenIDU6Y%2FPzznNbVUBR8iplfcbXR4wIuj%2BUyf6PItZI%2FEQya5oxyyqK1BSglc9Lu1zTRpPvo6dzDTX%2BLZQ%3D%7Ctkp%3ABk9SR4Do17KXZw
Personalised Phone Case Custom Photo Cover for iPhone 17 16 15 14 13 12 Pro Max,,£4.99,Free delivery,3 Mar 2026,1,Brand new,https://www.ebay.co.uk/itm/267438043638?_skw=iphone+13+pro+phone&itmmeta=01KJXJNYFMY9F7NNZXN5M55ND0&hash=item3e448cb1f6:g:w84AAeSwxnRo73~g&itmprp=enc%3AAQALAAAA0GfYFPkwiKCW4ZNSs2u11xASR%2FPEpdFz%2BiA10XWSBxX5Dv7uvqGxBTa%2F2KYsZYcUoBKMop3aqw%2F5YObclRFpZPTZNATFr5nONqE3dOh0PNjiPJNql%2B94taIGmZZTpQsMLp%2Fn2nXEy5UVepp%2FE7TZqRkEUQDnUA1h9%2Bz1kIt%2FVmdRHk2slTiqZ5tYpAMEmq8z%2BoZB%2BmQaItVXcn8iDy%2BdsJBug3lpR0SBNYknrgVhEHmRBlbFHKcnb6cvbBPP5LpVUmACg9RbBmUoqJcx7aD0ZSU%3D%7Ctkp%3ABk9SR4Do17KXZw
Cute Bow Bear Pattern Phone Case Soft Protective Cover for iPhone Pro Max Plus,,£5.88,Free delivery,3 Mar 2026,1,Brand new,https://www.ebay.co.uk/itm/336395648026?_skw=iphone+13+pro+phone&itmmeta=01KJXJNYFM3G99B9K589112GXK&hash=item4e52be3c1a:g:C5AAAeSwfBlpbXeu&itmprp=enc%3AAQALAAAA8GfYFPkwiKCW4ZNSs2u11xDv7boY0QgNQ%2BPOEU%2FzOzXej6Yw0bv0tj4ln30HIn3WVJ4jvGJpaR5KXpM20x2YJh3sYoQTTmvPikbWypyQLcaJeMdl0hyWqGLIez6u3QC2rkEMyYZwToxFAsnZ0FTAYwdm%2B8%2BB5oJVq74Hl%2FYqFTak8rXwekavvSUSbvCqVpkIwLNirszTd4ATeJOpWjNYljgR3huYr0E7e2eWq5B7vcGkVdXly9YQRb%2B%2BBDV7i3M2CTp%2BFJZ8%2B7IbUWTjTYHKqml1t887lkXey%2FfIMrdLWMcgQgjLypdBw3VPJ653Qk5LFw%3D%3D%7Ctkp%3ABk9SR4Do17KXZw
Case For Apple iPhone 17 16 15 14 13 Pro Max Plus Card Holder Slot Phone Cover,,£3.99,Free delivery,3 Mar 2026,1,Brand new,https://www.ebay.co.uk/itm/116753174582?_skw=iphone+13+pro+phone&itmmeta=01KJXJNYFMB6QJ4FCZMPZSC97N&hash=item1b2f081036:g:JlsAAOSwiQxizt0U&itmprp=enc%3AAQALAAAA8GfYFPkwiKCW4ZNSs2u11xBtCduV%2BGhQf5ApDzQTUdMCwY0EEJLz%2BqrrOqVw76u6KjIrvzu6zKB01P5nlDohaehm3JqxPbHPYKDjOz5inXlVmWDf5PziqztGLqePaJscJjQc0DBnF6ibN1jpK5pA%2BSIw8%2FF4stjzUu%2FF4fACCng0TPYo%2FcGEojzPwl03gPUapPy2KqplmO%2FD8FuKzfAug3Y0jMPfR7hJ3Ock5tUCORCs8kq3UJkr%2FaiE2rznh1czwWDxxqkWKOeOdjvTz668OEU3pwsHhYo6sgMhqW95AgOPuhEs6gylGGrOVrBZRLxFxQ%3D%3D%7Ctkp%3ABk9SR4Do17KXZw
Case For iPhone 17 16 Pro Max 15 14 13 12 X XR 7 Flip Leather Wallet Phone Cover,Leather,£1.94,Free delivery,3 Mar 2026,1,Brand new,https://www.ebay.co.uk/itm/127204491569?_skw=iphone+13+pro+phone&itmmeta=01KJXJNYFMQ69HH2M779WEFWPN&hash=item1d9dfa8131:g:VtMAAeSwC~1oYTPG&itmprp=enc%3AAQALAAAA8GfYFPkwiKCW4ZNSs2u11xA0b802iao2VpwEb%2BKS8XTAQWUTaHqVsMReVZVcsLZvBjSBzFNJ3PpD6wKQbObqEYuJbh7RJk8PUPibuNSQr%2BQ%2FSJsE0Rf6piOqNnNtnjVY6ziLwNfbcLDhpK6Vcx2Ng5CHRqYA7Akr5L4VG6fJ0i2tSp78lvIIkDzrAoRrhrSXx%2FZyi4ZfTSb7YvNfIfvuW1Hvyh99xGd34G%2BBP6zcCQr8NNDPN0F3EaT%2B36rNTpT66n%2BVbwIX7fS%2Bm0aoGNskRyQfsBUgw%2BJSuU6NQbQMJRQ%2Blx6fGwvxxpRz0AcW3Q1yKQ%3D%3D%7Ctkp%3ABk9SR4Do17KXZw
Case for iPhone 17 16 15 14 13 11 12 Pro Max XR Shockproof SILICONE Phone Cover,,£3.49,Free delivery,3 Mar 2026,1,Brand new,https://www.ebay.co.uk/itm/225312610497?_skw=iphone+13+pro+phone&itmmeta=01KJXJNYFMAPBBRS6WHVWF294S&hash=item3475ad98c1:g:HF4AAOSwHJJjpFet&itmprp=enc%3AAQALAAAA0GfYFPkwiKCW4ZNSs2u11xBfzH2gPKxrjF1DCA98YNXq58heH4gSSliFH7elk%2Bf9kkIyjevu1buomCA7kWW%2BHpzMUOQ63302pI6OgIL%2F4rcfKLsCOpieMzLkpn8id9Now%2FjrfiIkqtYdfGiQv2fx%2B%2FDkvuRnkImTd3nRjDvJm5T5BMOPtxLzJ%2Byl0a%2BlwTBoNeAygexSsAK9NKjZjZbZENVQSoORLzDLD0ygH0%2BoX8K9EfrUzBxuNj8QK3kpmfjT9RB1vThnXU65zBL9BOf4964%3D%7Ctkp%3ABk9SR4Do17KXZw
Case For iPhone 17 16 15 14 13 12 11 Pro Max 8 7 Shockproof Silicone Phone Cover,,£2.39,Free delivery,3 Mar 2026,1,✅2MM Premium Quality ✅Fast Post,https://www.ebay.co.uk/itm/144810017194?_skw=iphone+13+pro+phone&itmmeta=01KJXJNYFMDC9HAJ7JEB6VJ32V&hash=item21b75981aa:g:JYYAAeSwtkto-0yi&itmprp=enc%3AAQALAAAA8GfYFPkwiKCW4ZNSs2u11xA4weDyEm%2BrmfIa133oerVWNjV0hM7r1%2BUx3SFMCaYoMamY91WQGgQKfJA2ynsj87q8cWqMZ3jEECm%2FFprtgk%2FFzFicu4H7ZTdkKRa7zYCgum40AVNmPRJrejkKZ8HHEBQ7ejrjNSOKCBtqONOxbRoFasyjXi9wVmteB9Wru0PjWYjnUkCXRiAChfP%2BmkzrnegkHnL8Sogn%2FbBLF1ghaAmBlmKB53ft3Fpk7fguhlmS7QypZreKU4LD7u%2Fz1ws4QttMRH5YUW9TIKywjXi%2FhXG0qlvmBNdTF3cPvfzhItMwWg%3D%3D%7Ctkp%3ABk9SR4Do17KXZw
Case for iPhone 17 16 15 14 13 12 11 Pro Max PLUS X Leather Magnetic Phone Cover,Leather,£4.99,Free delivery,3 Mar 2026,1,"🔥Buy 2, Get 1 FREE 🔥 Free First-Class Speedy Dispatch",https://www.ebay.co.uk/itm/155228187353?_skw=iphone+13+pro+phone&itmmeta=01KJXJNYFN3RFAJ6RADRYQRKFH&hash=item2424522ad9:g:5LQAAeSwHWhpHvf-&itmprp=enc%3AAQALAAAA8GfYFPkwiKCW4ZNSs2u11xBlqe8%2BkZcZzXLRn4sQxAyYkgN3lSGxuUwYv%2FdKhYAokayiVt7UiaErVc%2FOGZq9YLv1VH7%2BVD%2FHPhp%2Fmbdkx89LNk6lq0Xp%2BRt1cyxuMp7LpfZOLph7Lu5F1%2BSBUlNsV3Um%2FYawvFVdmAiBwj0NmZTFWpoITn0I8PcY0DlF3tTeM55hay%2FnXpoejJm7UwMAIGuxZ5jlMv2dzqtSk2oSjOCHxw66nyg1kO2IwdqzzSPMxwGa3SduLA%2BPJtownQGNdaGErGlfGKutk3IjE1gOG%2Fzfdn6zqN3H3T%2Bj6V48f3PeUA%3D%3D%7Ctkp%3ABk9SR4Do17KXZw
Case For iPhone 17 Air Pro Max 16 15 14 Clear Gel Phone Cover +Screen Protector,,£2.45,Free delivery,3 Mar 2026,1,Brand new,https://www.ebay.co.uk/itm/116803839742?_skw=iphone+13+pro+phone&itmmeta=01KJXJNYFN0JAZ7FCQJ1DCRTHT&hash=item1b320d26fe:g:vlsAAeSwRK1otX2-&itmprp=enc%3AAQALAAAA0GfYFPkwiKCW4ZNSs2u11xDYecw2z2lpEYjWNUwlIyKf0r67bDja67vwLCFArR%2B7PHideA2QPz3YIATEDfAv2Sry57IWfPO6BDJlaD6saWV7%2BOs3jzPUJNUtB8UWn5DtoB6tSLQn6ssQg0ICzdmHlAzmg%2BbOJxgciGrXcy5TEGJHdQSGm09MZpqB7cj8ht5RWlviRfl4SUPTtsAGoW5LwcEGAa7WgTQiJtPmvwjLeMcfCZaRZsohtui%2FkvYfiqjmueOBadmzNTDz1dtDiIhV71s%3D%7Ctkp%3ABk9SR4Lo17KXZw
Original Liquid Silicone Phone Case for iPhone 11 12 13 14 15 16 Pro Max Uk,,£3.89,Free delivery,3 Mar 2026,1,Brand new,https://www.ebay.co.uk/itm/236587071043?_skw=iphone+13+pro+phone&itmmeta=01KJXJNYFNNR7CHG6FZPQ7QTS6&hash=item3715b03643:g:wcoAAeSwc6hpa9Ih&itmprp=enc%3AAQALAAAA8GfYFPkwiKCW4ZNSs2u11xD529SRbIx9bN%2F7p2FEYPc71DVfNl8St1U8Ud%2FXkbNixoZQYYDW67YKDg8oB4Hn0HixvvUFldpnE2%2FZs8AdpNlqDlKdoOWIOc7QrZmLEkIRHSo%2B%2FIMknHK%2BhPxCE%2F1HbbmB3%2BrAI4ixcfbbcDRBA0dK1Xt9RNsIUUt4pI%2BPMcL%2FnPSEsAGQmHHprhsfjkbDXtPgA435KOTbQnR958esuqquAII9uW7E0Aid3bjMYiJyO6B4UKLrldO5b6ztqT1Lil0Epr59neT%2Bpveu2y0HIFd6vKZs8wAkmDaGxEkZEW671A%3D%3D%7Ctkp%3ABk9SR4Lo17KXZw
New 360° Bicycle Bike Waterproof Case Mount Holder Cover For Mobile Phones,,£5.99,Free delivery,3 Mar 2026,1,Brand new,https://www.ebay.co.uk/itm/352813388600?_skw=iphone+13+pro+phone&itmmeta=01KJXJNYFN5EXP8DNGXTQR9Q5S&hash=item5225511338:g:CooAAOSwn4tdlo4K&itmprp=enc%3AAQALAAAA0GfYFPkwiKCW4ZNSs2u11xCmD3xP7GsVfL3vdkudObYJgQVZgAxJxJg2pkU6%2FIqZqLxwbxXQQlSgPMHv%2FMP7fzrMTjmb7ffpZmi1KACcKSEY%2F2zerjwtsOMCVaq1Hk2EwIboenKwsKUA--BlFJ1uS5rxIZ4oo20Mk4yM%2BDJqB1pddXs8VPDbgGdYw%2FS%2F6srJ6bHd6QDU%2B5NXSWSzN34Na8K7T9sQo%2BfsEOncLQKMgoFcDTm2R9Bo2B2O7d6BXb3OD4yPnTsK6EZPMKm2eSxVx%2BA%3D%7Ctkp%3ABk9SR4Lo17KXZw
30W Fast Wireless Car Charger Automatic Clamping Mount Air Vent Phone Holder,,£8.99,Free delivery,3 Mar 2026,1,✅For iPhone 17 16 ✅For Samsung Galaxy S25 S24 ✅UK Stock,https://www.ebay.co.uk/itm/186386890388?_skw=iphone+13+pro+phone&itmmeta=01KJXJNYFNYN0NWK1XX45259VF&hash=item2b65863e94:g:y~8AAOSw-kpivmwG&itmprp=enc%3AAQALAAAA0GfYFPkwiKCW4ZNSs2u11xAY1PuKMo2c%2F5Z2RM9%2FEnLFyXXWkjPSdM3EmaBC9SbxC3jAekC%2Br945gfiTqgUf%2FVPSo4rfljfyp5LpWv6Ql%2B94HO2f4W3GdE6NLZ8mhlZRquEHqeEMURwL42%2F1xf8m1w9gE8YLdAhcrOOB7mMfcwwIpuHC5WXHe876xoCnRgHKeUarQNgvHRIMAI62CmkvTn7gjky6N82FFnu7QWmIlyrhC3YrAccsMo2ajXiKUS7VK9I%2FBuTNXUVdhk63L8gVqFw%3D%7Ctkp%3ABk9SR4Lo17KXZw
Sublimation Blank Rubber Case Black For iPhone Samsung Oppo Moto Google Phones,,£2.98,+£1.55 delivery,3 Mar 2026,1,Brand new,https://www.ebay.co.uk/itm/146850421108?_skw=iphone+13+pro+phone&itmmeta=01KJXJNYFN33CG0GHD57NRTBZB&hash=item2230f79974:g:ixkAAeSw7UNpNoG0&itmprp=enc%3AAQALAAAA8GfYFPkwiKCW4ZNSs2u11xAN4LhWDkDWhtTkon3HQmKsy%2FmhGzei1S4UxAXhg6sazuf%2BUYRGIdo9ftDPyiUT9dZPQxIC%2F17P0waHYN%2FYOXWPCcG72uEhR4vdemi6G--O6o22sZNvAsv2USt6HSYAHK%2B2BT7kpfhl62BD%2FCLi55BZrRSK7cwzgcnfQRmH8rq0Bto%2BoC33yZF%2FqNfQ04yBsln4puF%2BuU8GJ2106jOW6401u10VwsIy5DMQoVV078JHLJa6pSODSX0YAVFkm9PRFObgf%2Fpn3kfPP9mB9hFsCH5kjeigJT3NoOVnzjz9VFQ7Vw%3D%3D%7Ctkp%3ABk9SR4Lo17KXZw
Personalised Phone Case Name Silicone Cover For iPhone 15 14 13 12 11 16 XS MAX,,£7.99,Free delivery,3 Mar 2026,1,Brand new,https://www.ebay.co.uk/itm/204609268009?_skw=iphone+13+pro+phone&itmmeta=01KJXJNYFNQ6FSQXG2C54KXSSN&hash=item2fa3a9a929:g:rjsAAOSwjcNlm~Ke&itmprp=enc%3AAQALAAAA8GfYFPkwiKCW4ZNSs2u11xAGgTP7LYimtPAAuFzIRNPQBuCAxa7vhJBkJ94nlj8DURUmUkNYNzvE7NVxEtRkJBYiDFqAkhvu%2FPOMvYCmpwVyuWZMwP91DFZ6uQCxJegO%2BiYH0un%2FFbmWHGjQvYNKtEP8OhCs4ttszuN5eXxtkStk%2FtuZyEn24xW2jdpZJHNF%2FuFIfn8jzvaHVX%2BVmER6HWt8z9OUNtquqHA264j8uah%2Fh3nhb%2FiFDbu4eJ7fVswAC6CTyMwHZW3zSiS6Ma4pCehUDLogzxZ1yro39oQ1EDzby40AnaIUi2gWEY%2FWROL5gA%3D%3D%7Ctkp%3ABk9SR4Lo17KXZw
CASE FOR IPHONE 17 16 15 14 13 12 PRO MAX HARD PHONE COVER MAP FEATHER LEAVES,,£2.99,Free delivery,3 Mar 2026,1,Brand new,https://www.ebay.co.uk/itm/265710377591?_skw=iphone+13+pro+phone&itmmeta=01KJXJNYFN5XPB0CDAQJGE6W5B&hash=item3ddd929a77:g:FFsAAOSwQj9ikH9A&itmprp=enc%3AAQALAAAA0GfYFPkwiKCW4ZNSs2u11xCdaEBJQmbhTyEfVlPqYz6pSyVUY%2BCPWWScqlH%2BfCP5wVFBAJa6kRG9fboQHPRaUA0lXRsBYkX2h5RXvlUXU6VFRNxqZgP%2FSMesXN1wbvHm1Vx%2F89Udr4wnirxRDCJvhafVfzWz%2FPz8bR3ROkTMpsxJvv2Bc8TR2hVXZWA41hHArsuzXH5pbSgMR9oxBibpuXIAav%2FMreZmS7qfeK%2F90V2EJ1lgLBHkNvzEnDmuMBHAg0hk6xp9oqyjT%2Be5OhkPXJk%3D%7Ctkp%3ABk9SR4Lo17KXZw
Zip Wallet Case Leather Flip Phone Cover For iPhone 17 16 15 14 Pro Max 13 12 11,Leather,£4.91,Free delivery,3 Mar 2026,1,Brand new,https://www.ebay.co.uk/itm/187330430551?_skw=iphone+13+pro+phone&itmmeta=01KJXJNYFN1Y5VZS20VA4BG098&hash=item2b9dc38657:g:AxUAAOSwVDNko-gu&itmprp=enc%3AAQALAAAA0GfYFPkwiKCW4ZNSs2u11xAfc2i%2BQZM2jxWhFDR9%2FlMn47miSNdt6zHHvqarfRCi7CI4pgnN0qHPXYVOXiwVrRZ3NIg%2F6NWkC0T30LZreQ%2BkYV2TyvcwyRxMtCOzghzmRU6GMlAze9QvSgfeDXeGelCPw91DnwBKqn5W3YREn%2B1%2Fp03qKD2emcqwUsieDaDQjAi9jz94k0BRiLm1wisoK0NkuXQ%2F3N%2FAcQrU5cUsXLOz7UHp8gWBBZ8jDblHnNYEZ8frBEldlFH0j4i1FPzPU5Y%3D%7Ctkp%3ABk9SR4Lo17KXZw
printing Color Leather Phone Cover Case For Apple iPhone 6 7 8 11 12 13 14/XR/SE,Leather,£2.93,Free delivery,3 Mar 2026,1,Brand new,https://www.ebay.co.uk/itm/364571775247?_skw=iphone+13+pro+phone&itmmeta=01KJXJNYFNRCZRGRX3DN8385KT&hash=item54e22bd10f:g:p8sAAOSwms5lTPRq&itmprp=enc%3AAQALAAAA0GfYFPkwiKCW4ZNSs2u11xDTAgBN%2B2p553UGIa8pMc6r0vjN33%2F1ijyeHTWZLaPRD6cNAXv92N3rKLQx%2BFH7SqeprLnIejY%2BdpaPpM6Q24JAV6C21k9rLaqMH60DoqyzQsKHsS0dcrAvcjy2GKaeZAT1p0ByY9RG6%2FC%2FiYx1ZIv7LVX%2FGyxf6PKiBsjJ45CJv%2FTd2hcuDikcrd84jG4vTfC%2F4h%2FXvEFmdwZPwn3ug1bWmC33x8Q0PKsfIW4xLm1SkKodhY5W8bILGTXmHmmcSho%3D%7Ctkp%3ABk9SR4Lo17KXZw
ZAPRIX Sweet Cherry Phone Case Soft Cover For iPhone 16 15 14 13 12 11 Pro Max,,£5.99,Free delivery,3 Mar 2026,1,Brand new,https://www.ebay.co.uk/itm/357665402860?_skw=iphone+13+pro+phone&itmmeta=01KJXJNYFN9TG6EX0C4ZH66X62&hash=item534684efec:g:~qsAAeSwzlpo1VJZ&itmprp=enc%3AAQALAAAA0GfYFPkwiKCW4ZNSs2u11xA3K7QGUt9ao%2FoRoYyBCeVkDtZfF3FuCz7JHeLph7PxrV1e03DtYog3sW4PHr1bgjYKvlzG0OHEp1TE8YP316nUfVM1aIRYkqgywQ7jaIUVtFUtRLOQQMxp%2FprMrznWXiGHIvoLiWAN72bws6QC2DCrw7vCAynmigA9OVY%2B8FhczIKn3d7%2FEqAJUDpQ2asrR6G1QgalzUE20ZAlupd5X02dm47FnxanbepPdxmbgQ8Vp9JXpM5P8FJIO6%2FLj7jMeuc%3D%7Ctkp%3ABk9SR4Lo17KXZw
Flip Phone Case For iPhone 12 13 14 Pro Max 14Plus Shockproof Wallet Stand Cover,,£6.88,Free delivery,3 Mar 2026,1,Brand new,https://www.ebay.co.uk/itm/396100227765?_skw=iphone+13+pro+phone&itmmeta=01KJXJNYFNSGMFEYQB1YS6VQFT&hash=item5c3969d2b5:g:mPoAAOSwdrhnfPnQ&itmprp=enc%3AAQALAAAA8GfYFPkwiKCW4ZNSs2u11xDAN5lyUoHiYMgYyCJKM2TLVqpJ7y8F62JxX9TNGQ%2Fmd2csS6HIDNbx%2F1xR92ZYbln9%2FHioID9TQNfNobOA9Lov0c9EHWhT1Du62EStJNBar406kla1dcFDCuqZDTewPd1Ig%2BbsVmMoQv%2B6LqrdSiOBA2trXURvFDntXcRiQmVUroaE5rirxDRM9F8JTReDP%2FjrpTUq9UbmYQHxBFmcAhDrqkMVPfn7zOo0wgFHnVpNGGvmXOyxP7TySyRXq%2FTAsYEhhyLuvCJLbCqXckw8hPkj6eMXnG0MQ4%2BVU2SyfVpQmg%3D%3D%7Ctkp%3ABk9SR4Lo17KXZw
Gloss Wave Shockproof TPU Phone Case Cover iPhone 17 16 15 14 13 12 Pro Max Plus,,£2.99,Free delivery,3 Mar 2026,1,Brand new,https://www.ebay.co.uk/itm/116158656992?_skw=iphone+13+pro+phone&itmmeta=01KJXJNYFPBYSH7MMPNX5PBMXD&hash=item1b0b9871e0:g:Q9UAAOSwZ49mKZJS&itmprp=enc%3AAQALAAAA0GfYFPkwiKCW4ZNSs2u11xDsQEo0MtIP8KYJkJIFlmlnGXmYqmwFEpdSCQrK%2BsCyLr1u7MRWVWXnXY0H--r8DR4RnexLR91fxJ%2FMyWqBAu8bNEMsUObL5LrgS7JZjkCyGfHZm5KiQ%2BSdYE%2BNEVSd93Kajd%2BzOeqZoXnuk8PwxbWj6ea7PNinDos%2BIVyNwjfijk6TJokD31bpOVJxBTu46j%2FlpBq29dy6R3Q%2B6b%2FqutiwhZHOZ4B9EEQJ%2Be8QCkeNI9jXCuu3KvV4zJO9D0gqYyQ%3D%7Ctkp%3ABk9SR4Lo17KXZw
Black Butterfly Phone Case For iPhone 16 15 14 13 12 11 Pro Max Shockproof Cover,,£2.39,Free delivery,3 Mar 2026,1,Brand new,https://www.ebay.co.uk/itm/146883638081?_skw=iphone+13+pro+phone&itmmeta=01KJXJNYFP66EJ4PS0BVVJ3XNR&hash=item2232f27341:g:3rQAAeSwEplo53nc&itmprp=enc%3AAQALAAAA0GfYFPkwiKCW4ZNSs2u11xAHLr4rYNpnBj4DsKGbhGter5e%2FA3fsqt3rQapTcsqrvC9QEbDEyBRTPvWHHVr2i0nnxyrzkzlxe9O78LFFCz%2BJh0dW13IDZ2P%2FkYyfdEnI31%2Fk%2FgEjrtafuZlVTbaW1mTnS9Z%2Fu%2FS9XO3DcBWAwInJVuIuEuSBDEIfG0ACaHxkBtGHCAMI1X5W3BPLVKVoTtnXyDapXaFCWXgtf52U%2FXq6ArcY96zll7DPnvilS9j4wKUuu2%2F15cosQBXvtfVb8nY%3D%7Ctkp%3ABk9SR4Lo17KXZw
ZAPRIX Lovely Bowknot Clear Phone Case with Lanyard For All iPhone Models,,£4.99,Free delivery,3 Mar 2026,1,Brand new,https://www.ebay.co.uk/itm/357745412018?_skw=iphone+13+pro+phone&itmmeta=01KJXJNYFPBK120CGQW0M2P5M7&hash=item534b49c7b2:g:S6QAAeSwEGZo7S4S&itmprp=enc%3AAQALAAAA0GfYFPkwiKCW4ZNSs2u11xAl%2BLM7GBBB9hN2fIRuy2Q3MIh%2BshJr7qu4mv5Ip%2FXxsEOeE%2FGTKYG4teu3dIGfUJbXfPsbsD5QKII83Ku8NJTWdH4xFRJWh5uC7gBKalxnJsWhuh%2BpxKC4I3QcDVj%2FEuLJmhd%2BR7kVmKHNQuK9yuFyeqP%2B371cKuTC1bQ3L5Rw31tWH2o32pcMEiMiYveYZr0iIo6N6SlCmWkqer96ExOSMbHAeNKlQFrwUi6ReLssPplW4pwJReKGxDG%2B38g67lY%3D%7Ctkp%3ABk9SR4Lo17KXZw
"Gorilla Tempered Glass Screen Protector for New iPhone 15 Pro 13, XR 14 Max UK",,£0.99,Free delivery,3 Mar 2026,1,Brand new,https://www.ebay.co.uk/itm/325396975249?_skw=iphone+13+pro+phone&itmmeta=01KJXJNYFPP0PPGQYYZYN33797&hash=item4bc32bce91:g:LsEAAOSw1KNjVscp&itmprp=enc%3AAQALAAAA8GfYFPkwiKCW4ZNSs2u11xASCdSK4ezO9M6C9WootUYHWIzOj8%2BjN0P%2Bbuux35vK%2B9TSyxcGIOG5qrDKqW7QVIg%2Fns7UANNt55ccs4vdPzpyztcaH5GKm5ka3ElkTJkz5XCqiymYoRealVMFu2eOOda9Kvju017xU24OtqOojNnKT310Qihtho1TSFTU6NOuhN7ivXjBEG0FjyCB8FkEKtoj813l%2F%2B0tX%2BxL1b%2BAPsPDXfOOoX%2FyHnoXb%2FddLSzZl8UdxMmBzJtJOcJn1Q9NFrk1Z0PPXxf505iTEWK%2BHm%2Bm%2Bfg%2B4atEHkuQlicrXvXy2A%3D%3D%7Ctkp%3ABk9SR4Lo17KXZw
Clear Case For iPhone 17 16 15 14 Pro Max Plus Air 13 12 Shockproof Phone Cover,,£2.79,Free delivery,3 Mar 2026,1,Brand new,https://www.ebay.co.uk/itm/177521664763?_skw=iphone+13+pro+phone&itmmeta=01KJXJNYFPFHJCKHQP0Z6BJ4KR&hash=item29551da2fb:g:zo8AAeSwbMFo~U30&itmprp=enc%3AAQALAAAA8GfYFPkwiKCW4ZNSs2u11xAuBReZLdHENb6W2GU%2BOw%2BDoUiPDv1bEAvmQrHovyfqL0Ycwkto056Xp9Iv9oY6mwG8J0iSt0dn4AWNFYnkVgXj4PXoRhI9WbcbGArPi%2Bciax4Vn6CpgDEbt8LZANnSZLlrrTlWvi3IbtcqDnqO6TcuzysPYN%2F346iVBqMbf8LyYmBnc3OGDciq4YTv%2BEy0As3NWUXu%2F8HO8aK4xIv%2FizC4XPCYD9ZoKIeda%2B7pNJ8Ts13AwJsqXBKvRkcVNsHq4TqkBgP35MndadLWH5V%2FHJQsf%2Fnh20nVLlztqdfDAXMtvA%3D%3D%7Ctkp%3ABk9SR4Lo17KXZw
Luxury Wallet Phone Case Leather Flip Cover For iPhone 17 Pro Max Air 16e 15 14,Leather,£6.99,Free delivery,3 Mar 2026,1,Brand new,https://www.ebay.co.uk/itm/316904624971?_skw=iphone+13+pro+phone&itmmeta=01KJXJNYFPEV0CV3PE54EE5Y62&hash=item49c8fcd34b:g:A-YAAOSw~EBoPsKX&itmprp=enc%3AAQALAAAA8GfYFPkwiKCW4ZNSs2u11xAu3xkV3fpbqtbVuJqFgPA%2FuBf5UH1sqm%2FvLCwzwQ%2FrbpD2IcfneXOWMuMH2ebYG52FHhJwUB7vvy4QDvRkfen3YP3ESPRIhSxbunPaKQ5RhAZgFVaoVjU8Yax%2BpXEj6m4%2F6XOBHK4kMcAZyWBNfB4DZhh7aUDtdS--nKO3r3w9OrAmkkbG87kyXfo27hxDnWOvUnORQS7ZXPEIOT61SiK5ty%2BqkjEnlXoPzs9ZcRcb5r7GH23DQrFDKZpynRZVhd8WLlAB76vw3Eke4PiiIZ%2FxpRZyUs2v%2FDBtFxcBEF0qHA%3D%3D%7Ctkp%3ABk9SR4Lo17KXZw
3D Funny Hole Slipper Phone Case Cover For iPhone 16 Plus 17 Pro Max 14 13 12 11,,£7.99,Free delivery,3 Mar 2026,1,Brand new,https://www.ebay.co.uk/itm/365765177096?_skw=iphone+13+pro+phone&itmmeta=01KJXJNYFPFEZ766CPSRM5YB28&hash=item55294daf08:g:p9sAAeSwdSFoiI-4&itmprp=enc%3AAQALAAAA0GfYFPkwiKCW4ZNSs2u11xBIcBp1h6C1IihspHysxdL64Sabpml0X0lrwi6pP%2BYNk8aUfKkE2yNd8PCFkms5m2u%2B9IT%2FOJjwAn1vpH63fDSitPxuiQ2wlhdlR91AE%2F97tXiG--awxNeRntpZcXS39anq6ztpXtgwrQaoTbkJ6kRrmzENe14SjVCSeJs4pC7ppJBA6VNAezErlfCuC97%2F1BmKdG6RHePu8xqBetYN9Qc%2FGUTmS4kL1KSbOW2T8FUxy4VIK1IYAb93NyccbFM6TAk%3D%7Ctkp%3ABk9SR4To17KXZw
Case For IPhone 11 12 13 14 15 16 17 Carbon Fiber Flip Wallet Stand Phone Cover,,£4.37,Free delivery,3 Mar 2026,1,Brand new,https://www.ebay.co.uk/itm/267569774124?_skw=iphone+13+pro+phone&itmmeta=01KJXJNYFP0NBSDXBRD6VQBQ6C&hash=item3e4c66be2c:g:dLUAAOSwuMJnf--I&itmprp=enc%3AAQALAAAA0GfYFPkwiKCW4ZNSs2u11xDAz78ix6kRj9nvEfuGMrkG0p%2Bpc%2FypyxUtWyAw28KM0a3QqS9Wu%2B7m9YkXFs2%2FDoQ%2FCmw4aM20ax8IH88TfGy9KzJiHLq4l0VRTNlKkDHEhiXD20qEbU1Zu0hmvtWGbOZ8XKGGr2AFZU73GwhfgpebbwWBByscD70wb%2Bne%2F1YzSjBlvszxtitreeV9Rv%2BR%2F%2BdEiQuF9Ur%2F%2B3q4nhIOGkvtKjx0kP4SN2FRlBblaP4a37%2BpRVT0UGvXJwbPw6isv0Y%3D%7Ctkp%3ABk9SR4To17KXZw
For iPhone 17 Air 16e 15 14 13 17 Pro Max Flip Leather Wallet Case Phone Cover,Leather,£4.99,Free delivery,3 Mar 2026,1,Brand new,https://www.ebay.co.uk/itm/156979933185?_skw=iphone+13+pro+phone&itmmeta=01KJXJNYFPYFY27JWMNVAC8E47&hash=item248cbbb001:g:qzMAAOSwHatoIcux&itmprp=enc%3AAQALAAAA0GfYFPkwiKCW4ZNSs2u11xBl%2Fslb9HZVV4lK61NnnvxOE4XGx%2FesB6dwMBlt96Ck%2BW9df3PIZoYbCYoqYGvwyifEgPhIKrV2pAcVf0OCMvhLIRCVte4qCA2Oy4W5e1U8DmIezPMJ4cz4ozKUViJHU3a3DdgzwJ3SouHKSOo0E9zazVaFtujbeGYbxKmfObTqQt7tGdTmyG3OarQ%2FiPFMgsqXJ9OX4FpaPLwU5ZUBvsSRi4PddHQ3aQ%2BFRIFVvxG%2B1%2FpBbplc6qcl5TSglgTquVY%3D%7Ctkp%3ABk9SR4To17KXZw
Shop on eBay,,$20.00,,,,Brand New,https://ebay.com/itm/123456?itmmeta=012DEW30YG0MEEKND7NH&hash=item123546:g:acwAA9KNiJowH:sc:ShippingMethodStandard!95008!US!-1&itmprp=enc%3AbgepL1tlUHjMGCVfSTGJh%2BzsVKeJ3CQk7NizDI4BZeppuFnmyS6Ijyp8lh%2FnEw%2BWqO7uTV1Q6izE1R0T54aV8j71F4xlWfVcGft4%2FiOQhtqVXA1rW6M1atPARQRmhqUxtEPJKhKtSFgI%2Bvwlzb0GwVCtkp%3ABlBMUObkmabpYw
Shop on eBay,,$20.00,,,,Brand New,https://ebay.com/itm/123456?itmmeta=012DEW30YG0MEEKND7NH&hash=item123546:g:acwAA9KNiJowH:sc:ShippingMethodStandard!95008!US!-1&itmprp=enc%3AbgepL1tlUHjMGCVfSTGJh%2BzsVKeJ3CQk7NizDI4BZeppuFnmyS6Ijyp8lh%2FnEw%2BWqO7uTV1Q6izE1R0T54aV8j71F4xlWfVcGft4%2FiOQhtqVXA1rW6M1atPARQRmhqUxtEPJKhKtSFgI%2Bvwlzb0GwVCtkp%3ABlBMUObkmabpYw
IPhone 17/16/15/13/14/12 Pro Max Case -Brand Logo Designed Shockproof Phone case,,£11.88,+£1.80 delivery,3 Mar 2026,1,Brand new,https://www.ebay.co.uk/itm/168191306233?_skw=iphone+13+pro+phone&itmmeta=01KJXJP55H3T04T8TZ8JYW5E5R&hash=item2728fba9f9:g:EoEAAeSwJdRouUss&itmprp=enc%3AAQALAAAA0GfYFPkwiKCW4ZNSs2u11xBc5FjW8MnKm%2BiajWsB%2FhmgtAWiimDnmWHy%2F5PQBZYwIfwNcSD3e5AckULIPQ3ZC2WiX5ktePH%2Bvyi6%2FLcZtyVL15xblUFpQt6VcKN7JTKiJzb0gj7AcbUZ9rq6rrE7qnJdkA%2F1wX%2FiQYuFZpWqUzJvPQ2BjK2zSTSgo8mR32OhbjLoeoW6RfbKIs%2F0zuFgJZLvHBty%2BHBah1pWNGTN%2Bst3m6wUK5L1WXLl330AY%2Fx4gNrTG0QyLM%2BS3krXVqcrnF0%3D%7Ctkp%3ABk9SR5TU2LKXZw
Vintage Checkered Phone Case for iPhone Galaxy Models Stylish,,£4.49,Free delivery,3 Mar 2026,1,Brand new,https://www.ebay.co.uk/itm/316165477806?_skw=iphone+13+pro+phone&itmmeta=01KJXJP55JTRDPBWYD1CRPY5A3&hash=item499cee55ae:g:fKkAAeSwW4xpkZhB&itmprp=enc%3AAQALAAAA8GfYFPkwiKCW4ZNSs2u11xCzoCwB1FG3S5OfSO9foj09URXXj%2FUpWH1dwuHuhluIOI6eQDhIILNgINZvNKMVihS%2FEU6GAZpT%2FoHgmU6zHv3o7JJx0ugV8Hg5GC4dOdrXZ1P58a13grL8GxS64UQlR9cFsBM9rP23VDdYhPvAjR1dXrEmEijRXOGMQvBQx7lPeqWdxzyNqtLDiO06nTSlrTKqfrfl7%2BAErwxEgPVpluu4Efn0Nu07n%2FcYQIR2R%2FJwhrjsxzeUZTdNZwJ25GZrr0GpTUpCw8Pgu4nf%2F3Mg%2BHpB7Fast%2Fzo8fkiTGZwFw6WdA%3D%3D%7Ctkp%3ABk9SR5TU2LKXZw
Cute Colour Block Checkered Clear Phone Case for iPhone 17 16 15 14 13 12 11 Pro,,£1.99,Free delivery,3 Mar 2026,1,Brand new,https://www.ebay.co.uk/itm/317931926485?_skw=iphone+13+pro+phone&itmmeta=01KJXJP55JE3REFRJBG709H7FY&hash=item4a063833d5:g:nSsAAeSwegBpodxb&itmprp=enc%3AAQALAAAA8GfYFPkwiKCW4ZNSs2u11xDkBPk1fM1anaU%2F0AOh1q73Mo72qhMPpSPeUE8K%2BOI5504J4Mp58ti8D3tfbjNcsWqbnutPZgnvKVMumdmbHrZcnbBQvDBXAsR8w2SW40h2ZK6SEIe3CYE0UVgfwmF7d1abJlcdZIWrjyOMsANghyAOa%2B7rpvyEURN68qzuyfzDgIJU5EIcujyDREUPN7z7q%2FQzBpUd80bGIhZd5h%2FuetI4h%2BcxsABXYL5yS87f5WBEeu2GRugIWYXdD7AT%2F111vzSHjSN4v5JjydqVono8%2BlUj5SPn0Uy4SWvxSG7WyvNE5w%3D%3D%7Ctkp%3ABk9SR5TU2LKXZw
Personalised Fanart Phone Case Shockproof cover iPhone Galaxy Honor Google #7,,£7.99,+£1.55 delivery,3 Mar 2026,1,Brand new,https://www.ebay.co.uk/itm/205063990987?_skw=iphone+13+pro+phone&itmmeta=01KJXJP55J7XEBX76Q4RW3KR17&hash=item2fbec42ecb:g:5jwAAOSw5Ahna4qa&itmprp=enc%3AAQALAAAA8GfYFPkwiKCW4ZNSs2u11xCxcbfvybHAm%2FpDNRxwuuuqA70gwTs9UPfgTFm0wkgXKs%2BDgGou65CZm4EdAnwcHLAPlWTo%2FaZe1IZSUB%2B9L5uhwp6DcfRAyudrAI4HLz3QB0qshVFMcLaa7N2oZDjm%2BnT65V6%2FGzFtNuTZvqCnFEi6Z774pQUD%2FKt1Ee98PJ5f98pPyuQAKOFOOJMeaRZFd6rl%2Fr8%2BeGtgGjrh85C2ILG%2FGHdxDtBj0l4Rn9vQ1Dn2lXKEzrJCZ9o%2BxulzmEme5clLZDJbhilPI4OKaeKUODwsdpsnsQjWaSqeh2hCeVQiMQ%3D%3D%7Ctkp%3ABk9SR5TU2LKXZw
CASE FOR IPHONE 17 16 15 14 13 PRO MAX WALLET FLIP PHONE COVER CLASSIC PAINTINGS,,£2.99,Free delivery,3 Mar 2026,1,Brand new,https://www.ebay.co.uk/itm/265656231974?_skw=iphone+13+pro+phone&itmmeta=01KJXJP55JR7WJTK990RN7EDQ3&hash=item3dda586826:g:9N8AAOSwzKxiYkFj&itmprp=enc%3AAQALAAAA8GfYFPkwiKCW4ZNSs2u11xD2RCILQoyKv0b11pfXY577DAis40K5rohXItHBJi5AYiP5kRLDeqCx%2FpiLDGPyHcbtb7%2FjUCHdSw3saU4gbBN351G1DWewEDf%2F%2BdfZLtaj%2FmPiKxOz9MO6YmQebz9lXvsN5QE0sj06UCN069Y%2FakdqPe4TpGOvqYqY%2BD9VSzKTxzX%2Bav29DE9E63Cgs%2FCn2I%2BLa9JYcdKfO5SXmaf6KCGXXHou1I%2B95KHcH8roP3UHXm97oRtpZMLX0WAkQJTY16CpqUYfRpyJaoAivtS%2FKKvetx5Uu1yncHEMUsSpHvrAuA%3D%3D%7Ctkp%3ABk9SR5TU2LKXZw
CASE FOR IPHONE 17 16 15 14 13 PRO MAX WALLET FLIP PHONE COVER FAMOUS PAINTINGS,,£2.99,Free delivery,3 Mar 2026,1,Brand new,https://www.ebay.co.uk/itm/265656295145?_skw=iphone+13+pro+phone&itmmeta=01KJXJP55JFYE93CMMWE69E7DK&hash=item3dda595ee9:g:eU4AAOSwRXViYkn-&itmprp=enc%3AAQALAAAA8GfYFPkwiKCW4ZNSs2u11xD1cnV8Tvf6xt9R0WXaaA97pEbDtgRkR%2BrJht7Cba86uicsKaqw32mXsjr4Z4t%2BUsJxBJROSfcBZNSTlT0eBPxez945SdbRHPwaGje9nsONXdGLONMdg4j37bZVwb7kBIQgyX5tIsYyUp9rILsAZmgxv%2FoCL5oLaCAu3b1eZrCZV6%2FdsPKatNdRo1fmrlD4sm%2FL597UpkUUVr69ekYMIrs9kImfp3IHJYWpBn9jUo0ie0CYQuPqD%2BLmKsB27HiHmb7YRW26jgEg5O0H3qsZXGYcmiorKf8eXVBijAj0ws1l1g%3D%3D%7Ctkp%3ABk9SR5bU2LKXZw
Clear Case For iPhone 13 Pro Clear Shockproof Phone Cover,,£2.83,Free delivery,3 Mar 2026,1,Brand new,https://www.ebay.co.uk/itm/317301234853?_skw=iphone+13+pro+phone&itmmeta=01KJXJP55J7DKXXNW9KRNGTM7E&hash=item49e0a09ca5:g:oCAAAeSwzPxoy~x-&itmprp=enc%3AAQALAAAA8GfYFPkwiKCW4ZNSs2u11xC8oLbzouXJjOA57LEJBfrANnaV9TVawgOtzkQrW9oBNX9aFbKPUN7m2jDECw3LU1FoylBpUFKbUq%2Fn%2BF%2BtTrL6HWEBeJf5FV6vq3oq2ptl7D4AllSdrT0crN6%2F64hFP8Vfjdn%2FItltBDYUf%2FA8RTOWDo9CNWSyGrlBkt3HSRRKZgaTbqf7DTQDrUbqIg40sUA818TLFUfS7WVHwGKT09R5pY5r1CXidmINFBNHq2ys0tmJO1J0YUUP8iCpIS60AWr11RBh%2BAOFyQHae9C6QvfVOIyk4CfOcNAUf%2B03zLXsMA%3D%3D%7Ctkp%3ABk9SR5bU2LKXZw
Luxury Liquid Silicone For Magsafe Phone Case For iPhone 17 16 15 14 13 Pro Max,,£1.99,Free delivery,3 Mar 2026,1,Brand new,https://www.ebay.co.uk/itm/358259069567?_skw=iphone+13+pro+phone&itmmeta=01KJXJP55JQHK5A0YV540TJQTR&hash=item5369e7927f:g:sjkAAeSwxVVpnyoT&itmprp=enc%3AAQALAAAA8GfYFPkwiKCW4ZNSs2u11xA7WMFPQYrUjDJB9yuyqW8VSohdI7Oby8Mp0ckLZs25k1jjkmdb%2F6jlY8U8O8d%2BrZEVId7l7c57a2HU9P%2BurSWr5AyaLulDHRmOw9J0ds1GaEQXj%2BeWxmmgC3nfTTExysZdgPuJKePg%2BWebmiDVhI0p0QpxBttgKyuHHVjOrzVakXueZ5LT47ZIooWu8C2NtXRisLypFpWAn50YmFDU87RmJvIJqzNKg6jpsZCibyd7RLIo9jWEWv5IXUCcPmBmerVQQp%2BKJtC%2BfjC0iQeM%2F11r99BHuVeWpEcPdIvGFa74Pw%3D%3D%7Ctkp%3ABk9SR5bU2LKXZw
MagSafe Shockproof Phone Case for iPhone 17 16 15 14 Pro Max Plus Magnetic Cover,,£7.99,Free delivery,3 Mar 2026,1,Brand new,https://www.ebay.co.uk/itm/287147199497?_skw=iphone+13+pro+phone&itmmeta=01KJXJP55JQ9YMRPDND1GC263C&hash=item42db4e8c09:g:ay8AAeSwgiJplBHP&itmprp=enc%3AAQALAAAA8GfYFPkwiKCW4ZNSs2u11xBBGYgud238g3D16da7qa1sNYXhsSIC4DQ5h08L0bBLvL5c4n9nqHIN6NhxqExv9YxqCOFg6qLWQNiyYHXK3eTCwTG4jpW6qPngmEPjMxpShPUkilChp3%2FBiSBMIKZQF07oz3dZ0IDu7lHzWoCcxYVrL83K8XDbyl%2FuBaBQQ2e0Wx6oz7xCwbKoqcf2ElnfSjImlf%2BjztKIkzkdRrjNNLmsPTsH4VKxfYK1q%2FMbmgEfP2lOaWu3fxPmdr%2BHRjG%2BimAZPIPadK%2B5smIgPla%2FNB%2Br6hwYW1x3hU4Yj1HrsELstg%3D%3D%7Ctkp%3ABk9SR5bU2LKXZw
Personalised Initial Phone Case For iPhone 13/12/11;Robin PU Leather Flip Cover,Leather,£8.99,Free delivery,3 Mar 2026,1,Brand new,https://www.ebay.co.uk/itm/193125181523?_skw=iphone+13+pro+phone&itmmeta=01KJXJP55JA7TEEA3JC7KHVX3N&hash=item2cf7286853:g:LAYAAOSwG39djNtv&itmprp=enc%3AAQALAAAA0GfYFPkwiKCW4ZNSs2u11xDL4tfDdmi%2Bi%2Bz4eUpLqF%2FQFwHbJutvFE1eoYmEsR8tY0t9mLzjAkB%2FW5Vw8uENWE67qi5MeGSiZpt4VUREPL5IZ7aRLSgWVlrxQJzwEGSotHfKm%2BSyAxUKK%2BLrBzkPC51tAweh4eeUdiZnFH1CjpQNRpOndazLe5L8T428juXMKOeMH1YZqWKKTKI35QcQH%2FHfPYFGscW3tRaEYpLTdfeu56bh%2BEnTpCDN0bPMQhUghS7FWYmmK%2Fnd5q1PycBXnbw%3D%7Ctkp%3ABk9SR5bU2LKXZw
Case For iPhone 13 Pro Max 12 Mini 11 Leather Flip Wallet Card Stand Phone Cover,Leather,£4.99,Free delivery,3 Mar 2026,1,Brand new,https://www.ebay.co.uk/itm/274472586088?_skw=iphone+13+pro+phone&itmmeta=01KJXJP55JN96SPMHYPVPGZE8E&hash=item3fe7d74b68:g:Xn0AAOSwzxVfRiZy&itmprp=enc%3AAQALAAAA8GfYFPkwiKCW4ZNSs2u11xBBbJVCiBMl6ohyPbwAN5lHXi%2Bs9Tbh2L2zY2qpRI4wFamcX8OlVYLsvsG8gsxXhZJzGCLIhbSR3n%2BHE8QdgBXU%2Bi4N%2FOhrj22inW3wnIN9W2hGYRRjWsrggmgi5p9ThzYQS6CrXFdRZp2sEqNH1nJVznS1ClqXOIutLDyJIyfjES36pnx7WU81Z2W75fOb3%2FcrAnYwaoKFAEOFL0Siaosyxca%2FGtJFvW6%2F0KMkua%2FIkDA3EeqlKIcZ02FqpSsKAD3IV%2BG2gzGpcdXVXs5%2FcXZWmARCkiLptmeoZeSNU4I8lA%3D%3D%7Ctkp%3ABk9SR5bU2LKXZw
Gorilla Tempered Glass Screen Protector iPhone 17 16 15 14 13 11 Pro XMax Cover,,£3.30,Free delivery,3 Mar 2026,1,Brand new,https://www.ebay.co.uk/itm/147047624471?_skw=iphone+13+pro+phone&itmmeta=01KJXJP55JY0ZY7GWJHASCP15P&hash=item223cb8af17:g:0QAAAeSwi0ZpSXr2&itmprp=enc%3AAQALAAAA8GfYFPkwiKCW4ZNSs2u11xA3kfQHrYyHQ8oe7L%2BgS7YpeOHpd5CYy0loa5E%2Fnx8LiO0o2deGvJNXCaK6zQ4W1b77B4ZOq4KXUu8HVTUCj4GLvbZEr7yE3I1M5TFQxEsqRCedi24rCAfmfNY8J8c2gGv%2BgjGYxs12MpO4TEqQzz97Dz%2F2sfVPmKg0L2xmcIypkn2ck8LPhw5l%2BM%2BWRTixmkI8ey4PqvQo0TyObLg38FOop34M6VfAZACuLNuk5ng8P2pgE0X62AU4H6nDejSvq%2FPplZUBUpaEWNF3N0LGXeU4fwYv48OUcM8IvNsk4R--Uw%3D%3D%7Ctkp%3ABk9SR5bU2LKXZw
For iPhone 13 Pro Max 11 12 13 8 Candy Color PU Leather Wallet Case Phone Cover,Leather,£5.45,Free delivery,3 Mar 2026,1,Brand new,https://www.ebay.co.uk/itm/335757333777?_skw=iphone+13+pro+phone&itmmeta=01KJXJP55JHB264AJX7EC0NJCW&hash=item4e2cb25511:g:6OgAAOSw1SVneYZh&itmprp=enc%3AAQALAAAA0GfYFPkwiKCW4ZNSs2u11xBYwqHhUKozkJB4kBcMTYtaW5e4t8aVo6jhuPHK%2BxAp2mqa8VHPD2kAgXJGOkz5dZKifUSGTzqnUVcUNVcrGrhthF6psMzZjdrB0i0Ut0lnR%2B1ECh%2F690c96tMU%2Bn5GSm3rxhlcaqP4f7VhCBp2fKgMHhLSQUch9zTqnwJrUSHIqH1ohDmt%2Bd5E71FZzStOGe%2FKVjVMJuR0K4p8tQrG%2Bmuo65y%2B8%2Bt4XiDEkFAP%2BDVLMl66bwd21I%2Fz8h1w1mboQAI%3D%7Ctkp%3ABk9SR5bU2LKXZw
Sports Arm Band Mobile Phone Holder Bag Running Gym Armband Exercise All Phones,,£2.49,Free delivery,3 Mar 2026,1,Brand new,https://www.ebay.co.uk/itm/286725995258?_skw=iphone+13+pro+phone&itmmeta=01KJXJP55J3A94NTF92YZSRJSM&hash=item42c2337afa:g:eM4AAeSw7lhojKsv&itmprp=enc%3AAQALAAAA0GfYFPkwiKCW4ZNSs2u11xBYGznJv6VWSGnmbGy7dSkbRfKkTBg2JKV79EAUG%2BexSqNoh3Y37kDDIieSeCj16CXAR6VLPg2qkiFQJ1ExkFtHvuwm39YaucvkT9RmMCMF8JjsxuELNUz%2FOY7Yr5yWH7XzwrbU5AQqQ39DdSYuhQvvBDKiWZPTZhs8sdw11oc%2BWUfPbtWaVi2CvppecK6FAk9c0GMHts7%2B49hq2KrIO6PSfqwtU3QW%2FPpJIl64PbtzO2JxDAV7%2F7NTP8VHvenJ50Q%3D%7Ctkp%3ABk9SR5bU2LKXZw
EEYORE CASE FOR IPHONE WINNIE THE POOH PIGLET TIGGER PATTERN HARD PHONE COVER,,£3.99,Free delivery,3 Mar 2026,1,Brand new,https://www.ebay.co.uk/itm/182796190240?_skw=iphone+13+pro+phone&itmmeta=01KJXJP55JKNYZPQRV7FGA120S&hash=item2a8f808220:g:o5cAAOSw9S5lRpx6&itmprp=enc%3AAQALAAAA0GfYFPkwiKCW4ZNSs2u11xDsyoMMKzyoHofl%2BbMrFOz6lGUpW46SzqVTJBinOJJo4UI%2FP51tp2qXm23bceAMM2Bu2V9cH9e%2BiDe%2B2MQ%2BSSINmBQ6el9fRyE5DKZ4zWSvQdrg9bk0bpi4Ytbn3KPgiP2FY1q%2B5kcgX9s8aeK9gXTuwQ9eJm5aLHiF%2FP1omagfIub%2BluqDktTsFe2sC0WvX3J0I7y9Rm3rOjhrah%2FoqMKPGhSGFFnUIn0aL5xnZYCiZf4n9UItysfWhz04mm1LXkM%3D%7Ctkp%3ABk9SR5bU2LKXZw
Tempered Glass Screen Protector for New iPhone XS 13 Pro 12 15 14 16 17 Pro,,£0.99,Free delivery,3 Mar 2026,1,Brand new,https://www.ebay.co.uk/itm/283874657917?_skw=iphone+13+pro+phone&itmmeta=01KJXJP55JQ7FZW1HHBSC2E4AP&hash=item42183f867d:g:r4gAAOSwcpVep~8r&itmprp=enc%3AAQALAAAA8GfYFPkwiKCW4ZNSs2u11xBxs7W4RGPaP5RNlReX8fkzhKYQJJiHJeXK2yAuVCNS7mZh2q0gj9iLqv%2BysnqkcBp%2F5cRvbWxVDFr1zFhMqyf2cXtZl8DrkzkRIQ46TYMpghee56LPxC%2F5Y2rQSsYKJkzhGHRZO6gRs09vXvpZSpTrWXrPtCQgF7lyNJu6HN%2BPEtdsNziU5yaXQRY4hypDc0OBUElOLZzFLrcXirjFNn%2B4UTNEzkKUe9nJU2HTV1Zs9aTlWgpijvqj6Ct1ZDidRbWHPzrxowzjIqdUXqBYE2elDZdyd4Tlzr5eBETojc4GXQ%3D%3D%7Ctkp%3ABk9SR5jU2LKXZw
Eco Friendly Phone Case For iPhone 14 13 12 11 XR X XS 8 7 Pro Max Plus Cover,,£1.79,Free delivery,3 Mar 2026,1,Brand new,https://www.ebay.co.uk/itm/357608620405?_skw=iphone+13+pro+phone&itmmeta=01KJXJP55JK8TRMSPTKCHEZK3Z&hash=item5343228175:g:i6sAAeSwJAxo0xCK&itmprp=enc%3AAQALAAAA0GfYFPkwiKCW4ZNSs2u11xC4EpCDxDHQIvV%2BjUQyjw3sIKPXlifqw5qI%2BODvHyue2KhKPGalk3JHhYEzDu%2Fc1tWJE0KBSQrDZJZKi56Jfw71Tyufva3VeSlxdZMwE9aX5Mr%2FqBTlMT2uImfzaZKeaD%2FLpfGEZsRjc1Dk2dj8cen06%2B%2F0ux3K2ov5hkoVObvZKE%2B5oCf1JKP%2FQJ44e6ILLI8rpGL4ZRBkyieBnqCnl7NrS4KoWDSWOxVW3nW3PFx0DvS8LthYrQJRf4mvFbgCnbc%3D%7Ctkp%3ABk9SR5jU2LKXZw
Silver Slim Case For iPhone 16 15 14 13 12 11 Pro Max XR Shockproof Phone Cover,,£3.89,Free delivery,3 Mar 2026,1,Brand new,https://www.ebay.co.uk/itm/286682791259?_skw=iphone+13+pro+phone&itmmeta=01KJXJP55JYTD7NFYFVCP0BTFB&hash=item42bfa03d5b:g:LusAAeSwBaxoY6HQ&itmprp=enc%3AAQALAAAA0GfYFPkwiKCW4ZNSs2u11xDFlPafnNZ02v1lW4qoTvaV6X8r0wtlJ697Zp1G7djntaclOme3WRGdbGWzuJYhuGuRD9kWwNtfQRJmpf4PZ2qPh4a49%2B6teSII70pOfWebZja1b7OND65RwsExE%2FQb901T%2BX19uPsDPJXZsA1F5E%2FW45vMx4Kf7JMIyc6XvKN7871AEyITY8ugk%2BJEo3JIGQybak7zp9P6EGsm70EpfyJLYwaNA8kWkKcoKxCNrpoWuDiiJi2JzDFWxjMVh8Sg94A%3D%7Ctkp%3ABk9SR5jU2LKXZw
Clear Phone Case Pink Bows Cherries Beaded Charm For iPhone 17 16 15 14 13 12 11,,£4.59,Free delivery,3 Mar 2026,1,Brand new,https://www.ebay.co.uk/itm/286857346333?_skw=iphone+13+pro+phone&itmmeta=01KJXJP55J8FZ9XWM8PTPZZPPM&hash=item42ca07bd1d:g:eXcAAeSwM75o4O82&itmprp=enc%3AAQALAAAA8GfYFPkwiKCW4ZNSs2u11xDLky6wdz2C%2BKJm0EjBLm9dJqR2HkExdFDhAoBd0Azyoua9IJJrlPaiLShgdUU5Ckm%2BYKrObl2aKwP4MGao3WMVh%2Fub9Pwpt6jw%2BgnMthVLgUtCNnvVoq4l1U%2FNFKa2Mv1WETvjNJe2U3b9y2dXWcFWlZqG2E3AZb1XA13M1LOTeUqCV6swrEtTcaEYV4r9ot6h99TKZk4emoO2MNGrzlJX2j0B8URNedDqaJxeJBr456w4%2F17J4xIdS4YoQ9xopnGS0Oz9LU30BvLA3YGAScscIwB5IQRHEklDFIvSV7gyIw%3D%3D%7Ctkp%3ABk9SR5jU2LKXZw
iPhone 14 13 1215 16 17 Silicone Case BacK CLEAR & 360 Front+Back & Black Case,,£2.99,Free delivery,3 Mar 2026,1,Brand new,https://www.ebay.co.uk/itm/313938645226?_skw=iphone+13+pro+phone&itmmeta=01KJXJP55KVNXE9SZMNBG62T88&hash=item49183390ea:g:dzoAAOSweipiRq8N&itmprp=enc%3AAQALAAAA8GfYFPkwiKCW4ZNSs2u11xC%2FkJVhjzg6%2FbpjEv3VoVTdELz1sbUhGzX0M5MGGjQB7rGcWRfltAw2jv6mIdCe%2F2WbqdySL04c5CIYS8t2qVLW64%2FaHzBXyKYBducXDA4PRpnhuj1JOWxZMmp%2Fh7cfZMo4ew8J0oBbczm5sv7VIXNaZWcVr%2BcTUWR3qWRQeoSOcJPF9bFUz7s7NpNvKKJ5n5QzTdgrCP%2FuZGNLuniuoRwgrLFA5y2r7uZv6Wi7lXM4g9rOVNFPRCMEvctoNKgbdTTQ8PYnQtXHBzQTFPZNU7T6aJX8xIDBxId7vIte72bYTw%3D%3D%7Ctkp%3ABk9SR5jU2LKXZw
15W Wireless Charging Car Charger Mount Automatic Clamping Phone Holder Mount,,£13.99,Free delivery,3 Mar 2026,1,Brand new,https://www.ebay.co.uk/itm/125306463031?_skw=iphone+13+pro+phone&itmmeta=01KJXJP55KZ7XWBR31KYHQJBQX&hash=item1d2cd8e337:g:UDsAAOSwxk1js94r&itmprp=enc%3AAQALAAAA8GfYFPkwiKCW4ZNSs2u11xA%2F9Iu9fR2g1xtKjyY68Fv47amqh%2Bjj4TbmMZlT%2FJRwI15X8iQ6VpA80PkZFLLUifMLR8%2Bp9H9Ll18gEt64Soa1aQcVoBzSEqLLVJfcSROaN1BO49wEAEgU3UJIXzHpINZizuILBJWSgS5xkKz1Dc1PO4u9dHPCYqz9ZOoXenAHfGn3TindIxfv2%2BbMUjataVCpGZ6VhA2mK98Cgvpwk2CGUahFwvFOgvVZXah%2BwUTeKMO8qOfqK%2F%2Bi02j3WKmmP3sIpUaGv42yOgtDebIWE3QuViAe0cDtz3J7crh6oUPnCQ%3D%3D%7Ctkp%3ABk9SR5jU2LKXZw
For iPhone 17 16 15 14 Pro Max Zip Wallet Case Pu Leather Flip Stand Phone Cover,Leather,£7.63,Free delivery,3 Mar 2026,1,Brand new,https://www.ebay.co.uk/itm/358194028135?_skw=iphone+13+pro+phone&itmmeta=01KJXJP55KBRX7ZAS1GQGT9HNQ&hash=item5366071e67:g:qAAAAeSwxQ9o-0oU&itmprp=enc%3AAQALAAAA0GfYFPkwiKCW4ZNSs2u11xD0SCxRLh%2Bs%2BQJaUQBIJQTuK21mUkbHJjTUR7ytK0uFh7SxC8%2F8hUEoeDkuPsIsJIeTtwu0Shq57ht2QCxH2o77uQmk4dgCADAWL1dg6APNpXIdnVZW2vd7bqSI2m%2FMW5lnEmDIHJGRAtdVnje6cdibbDzndz6FfI5NsXIp8U9%2FX2K92RrUieVgOfsmi%2BZrscTlGGMX2r%2FcqCmwSLeZrHTcA8HMhEFKwvLvWwzmNOWzVnENeE9%2FRWWyevRnMax4C%2BU%3D%7Ctkp%3ABk9SR5jU2LKXZw
OFFICIAL IRON MAIDEN ART HARD BACK CASE FOR APPLE iPHONE PHONES,,£17.95,Free delivery,3 Mar 2026,1,Brand new,https://www.ebay.co.uk/itm/192370879863?_skw=iphone+13+pro+phone&itmmeta=01KJXJP55KF4JDEVNRQ0Z5C5Z7&hash=item2cca32ad77:g:1rEAAeSwkDNn9V3D&itmprp=enc%3AAQALAAAA0GfYFPkwiKCW4ZNSs2u11xAsDYqP3NmyLklTErUZCFnVxy5wt6arjMTI6%2FSaZ8vsrxNunFqaXzMdOIgetWHgeWNDQF9lebSJOKWgrVfIqg9BDj3CsSQvTaE8rVdIJ1PrmSwQ%2FTrgHQ1IY9g9TmVNF9QJXjC9W5JuGjEhYT%2B3%2BATvfD%2Ft3GSoNFcaT17WoThhoM4QxSzUhUsc6Bksf5AP%2BwCJrQej3rQ9Gb45BE%2F20vfv8in8wohxEUZgqZt55ZSkYH1tH5mZElIQwooVuHZmexM%3D%7Ctkp%3ABk9SR5jU2LKXZw
UK Tempered Glass Screen Protector For iPhone 16 15 14 13 12 117 Pro iPhone 17,,£0.99,Free delivery,3 Mar 2026,1,Brand new,https://www.ebay.co.uk/itm/313143279323?_skw=iphone+13+pro+phone&itmmeta=01KJXJP55K82HX13GXEGXN34DZ&hash=item48e8cb3edb:g:hD8AAOSwMrpm4~by&itmprp=enc%3AAQALAAAA8GfYFPkwiKCW4ZNSs2u11xANCoofJwwBG9xVn%2BNJj1FIkoBe2aYalHtpUSQAKJjHxlpm1IVMzKkhITaR3AaC6%2FxaeW1bko9wWh1c13XvIzE7ZpeiSTcmBAKZZ7KaQlr5tjAZ3AeTkYMR38sBCBYL%2FYKwC2hL2KGQj1rRnOBN3a0WapNAGy0YkpRn2ezTHqhhkP2cTA0ilu244Ih%2BSi3MaR4aGNd%2BXLDRSIJInZUBR9JILtn9dO14q3%2FBqnpygsA9LVJwNGYxPrx2rouKzEqPaf04wSsr6bVHNuOJYdnGtdP%2Bf0v0BdOWwZ6acHwUP%2BJvJA%3D%3D%7Ctkp%3ABk9SR5jU2LKXZw
Phone Cover for iPhone 16e 16 13 14 16Pro Max 12 Full Body Slim Protective Case,,£3.06,Free delivery,3 Mar 2026,1,Brand new,https://www.ebay.co.uk/itm/165580972698?_skw=iphone+13+pro+phone&itmmeta=01KJXJP55KMD7WBZB1C3YWQ6WE&hash=item268d65229a:g:64QAAOSwtj9hEaAF&itmprp=enc%3AAQALAAAA8GfYFPkwiKCW4ZNSs2u11xCqE74bqVzGQlq%2Fu%2B1kVfcwUM23S7VzWOWk375ka1VjqQCkp1drA4sSwnRiNwz%2B4QhpqaHU8kQuxnCqZDOm%2BGoOVs9c1%2FX1GFPZq5%2BaWo9cmFIHOfh45lF4VPqnL5DNZoRdKarLIcgglkzQw%2FXuZI%2Fv9CyMOImpOY0H2W%2B1pto%2BNOYi68Ea4Hf9AO3mHpTCytw8EyRnv4e6OTp8g5Y3lsPpKBcYTmkE%2FBZSnP3SBszG90246MjAIW2izPzvkJHeg5nUArgaVayqs4CodSXD9dJf0kdXHRp6SufmzC1OdgdOWA%3D%3D%7Ctkp%3ABk9SR5jU2LKXZw
Zaprix Polka Dot Shockproof Phone Case for iPhone 11–17 Pro Max Plus,,£4.99,Free delivery,3 Mar 2026,1,Brand new,https://www.ebay.co.uk/itm/358083114564?_skw=iphone+13+pro+phone&itmmeta=01KJXJP55KH0ESYW4P7NAG138V&hash=item535f6ab644:g:mYcAAeSwAbRpWmv-&itmprp=enc%3AAQALAAAA0GfYFPkwiKCW4ZNSs2u11xAhsodo%2FJgz%2FZtfI8K7j01%2F1esVYX%2BtJ5CMoPC%2B9FtPJiN82IVrCImoZrv0jcthc%2FkH3lOpMhq9ohCPNmUOtGBaV014n2qPOEkhP%2BGsEyZvdX0BZVvHH1%2BKxqoBmhssydOevi4DK8ZO3nJS9xclZYjl8oObEIsaGDioV79b1%2BhvWV8QwLbGEI%2BGw4qgsLIkbCDG%2FKNvwlVhBI%2Fd%2FnTY%2B4l7goVFiHg8TN7iRAOVqBq%2FKe1Nnk9LeTQAjW2jVpeLC24%3D%7Ctkp%3ABk9SR5jU2LKXZw
For iPhone 17 Pro Max 16 15 14 13 12 Max Case Bling glitter Sparkly Phone Cover,,£8.98,Free delivery,3 Mar 2026,1,Brand new,https://www.ebay.co.uk/itm/358184059182?_skw=iphone+13+pro+phone&itmmeta=01KJXJP55K41B9PBK402F60ARG&hash=item53656f012e:g:R6cAAeSwkPJpgbPa&itmprp=enc%3AAQALAAAA0GfYFPkwiKCW4ZNSs2u11xAw3Tgg7Jmnwl4oqPIDDnmd6Jj54UqQo2tw%2F%2B7dB11QPuqvDjYJAZM9tMfk4V5hndNS7fe1B8MEQ%2Fnji7USB8PVdvSjYyjrAmRTLCS29U6xdtHjJBBlXCJ%2BgQMsmrLJ3r98FltIPiKNruLj5UwHOSs22uQ3YqsqsomeoRaydKGHgbZGRd%2BtAoVmdvygcMjflWZMY4SCCGOwNdLdvifA%2BcQf2dV8lSvu9eZpCwYbFM4OdcYKwRFA0XaSBHX5CsgBoKo%3D%7Ctkp%3ABk9SR5rU2LKXZw
360° Universal Windscreen In Car Phone Holder Cradle Mount for IPhone 13/12/SE/7,,£7.99,Free delivery,3 Mar 2026,1,Brand new,https://www.ebay.co.uk/itm/134146787517?_skw=iphone+13+pro+phone&itmmeta=01KJXJP55K7J7CG85RZYB9V112&hash=item1f3bc588bd:g:mTUAAOSwk9Rm-Asy&itmprp=enc%3AAQALAAAA0GfYFPkwiKCW4ZNSs2u11xCRP9CDrY%2F1la4DRKKeVvTt7q9gQL3CEicQEcePQ5B0Vu8629yty9XxL%2BPPYJC%2BMv2TjQLym5ehvGsIlzX%2FlOyPCU%2FBpObrN0F1W2aUWzXem0eQoj3mUeh8tSOBXcx987UMkGdDpOv7fPRsoC8ydXammBeSVmBTOQlAK8cRTeMR2NMPHt4zuvBMKtSfPnpy6pHbUf8WFAnJ5m3Agcqi9%2Fmc4CgXdzAvYcxPjPGYv9QCMfxoX%2F9GzLO8oGobuE0mJEY%3D%7Ctkp%3ABk9SR5rU2LKXZw
Pink Red Wavy Stripe Phone Case iPhone 17 16 15 14 13 12 11 Pro Max Shockproof,,£4.49,Free delivery,3 Mar 2026,1,Brand new,https://www.ebay.co.uk/itm/286980093071?_skw=iphone+13+pro+phone&itmmeta=01KJXJP55K2ECGYFB05VZW0PTW&hash=item42d158b48f:g:g3oAAeSwEE5pLFhF&itmprp=enc%3AAQALAAAA8GfYFPkwiKCW4ZNSs2u11xCjF0UQbm1rQmBahFl2JKEg1lCwTAQiRwaucKiLLSSRP5OSfL75PkR%2Feee2YnetokVRMDQDF%2Bp8sTGtjVZlC%2BGNEjaKWKUKUvd5d%2FpindJXwrpSHjSxs1DPsp5rJgJlOE5cuQaQ4hqSlzrffCse0ZbVZ7sG6RHU2wUPgv%2F3pY2rgxmUgDaQM0cLiqaaEvkEpj1iptgmjMY%2Fuo0TdvwpHz8dim4a2tIMxS0Fl%2B9BW8IT9zEkTJD0kxxJ5MuQey3o3hLPktdUTc6chUXQjXnw1IzCCMqaaAZcHZm62s%2BFM6fS8A%3D%3D%7Ctkp%3ABk9SR5rU2LKXZw
Personalise Fan Art Phone Case Shockproof Cover iPhone Galaxy Oppo Huawei #54,,£9.99,+£1.55 delivery,3 Mar 2026,1,Brand new,https://www.ebay.co.uk/itm/305862307330?_skw=iphone+13+pro+phone&itmmeta=01KJXJP55KSYCJARA5HYJAT2PZ&hash=item4736d06e02:g:NqoAAOSwyz9niS3r&itmprp=enc%3AAQALAAAA8GfYFPkwiKCW4ZNSs2u11xBPZ6HflRFMj%2FuI4yhA7mnWAXtgYv2OH7hCR%2FVhb28rxnY1d8eWMQeFrYCW90MIgg1JnnA7FmAPjR%2B5sl6CE%2B%2FmC7J%2Be32q8HfTdXBhoCeAJA3GcZoz%2F3KtWedadC8uVPpN2CSaEyTo%2FqmLsv%2Bpqq4e22efG8w%2BuXtGJWWFLm68lyDGpxZLMPE7juNnoDOT2JIEmtrWXgaAo7%2BYbsdW%2B7N8oWqW3Zdt%2FyJD7jCWAmtbpRBtmKXits%2FZK%2F8CBQypEWcGdhHi%2BiKNQGnq4j7kV%2FnBTsaDuOAlZg7e8pS5E1s4BA%3D%3D%7Ctkp%3ABk9SR5rU2LKXZw
Personalised Cartoon Phone case Kids Phone Cover for iPhone Galaxy Oppo Pixel #4,,£9.99,+£1.55 delivery,3 Mar 2026,1,Brand new,https://www.ebay.co.uk/itm/314752766736?_skw=iphone+13+pro+phone&itmmeta=01KJXJP55KDD2FT5WXPW93B7KE&hash=item4948ba1310:g:fVsAAOSwQqRmFCMT&itmprp=enc%3AAQALAAAA0GfYFPkwiKCW4ZNSs2u11xBxKsuVnlSL8JOtjyzggcrMxmbc%2F0vCNEe8fuuOMTFEtgYmdroC78N8lg2jGL3lNg%2BzyBrtQfRasWUPwj9Tw9gP4no3su5v3ZRrmr5KkX8yO6JOdCBGtJ7YiEwY%2BdhrFwphmUhHAWWNdX1fLQ0stGUVA3NufrA96ZmCnf2%2FbHf8mYfvxTlBxaA9ruON8qMvic0BswdzguKH0AQUMeb710PV4Aujik3qSO4zF%2BW2Gf%2F4uzdPTR8mv7y9Wp%2FpNb%2FxnPY%3D%7Ctkp%3ABk9SR5rU2LKXZw
Ducati MotoGP Racing Phone Case iPhone 11 12 13 14 15 16 Plus/Pro/Pro Max/XR/XS,,£10.99,Free delivery,3 Mar 2026,1,Brand new,https://www.ebay.co.uk/itm/127669094770?_skw=iphone+13+pro+phone&itmmeta=01KJXJP55KRV5PY74C3D3TRGEB&hash=item1db9abc972:g:NAwAAeSwOnFpheYU&itmprp=enc%3AAQALAAAA0GfYFPkwiKCW4ZNSs2u11xCVAhRj0Ofdr8qS5dJY4uNTeO5q368dCX0lXIfcvwQrqMu3T2JveOrYmlgXNC93sIrH9NFA%2FHQH897xyjk4Gacq6cc4ySFXXXOMi7eGocoHRn6y1q%2BfvqW8om0mMabyTSWNFS8spooSX69P%2BRX33ZJ54Q2M%2Fn9hzpl2J%2FpjaZG7AePkfJ4MOvUY5Pb65U4J%2BN96%2Fmq89il1jq4z3n27QTgwOAmqjneKE5y%2Ff%2F8r9iPPTKHOyMx%2FCp6xzYIonXJrZGM%3D%7Ctkp%3ABk9SR5rU2LKXZw
"iPhone Gothic Skull Case Flip/Wallet Designs 12,13,14,15, XS Mini Plus Pro Max",,£6.00,Free delivery,3 Mar 2026,1,Brand new,https://www.ebay.co.uk/itm/204767485343?_skw=iphone+13+pro+phone&itmmeta=01KJXJP55K16BT8HCAKG21MXPJ&hash=item2fad17dd9f:g:LcwAAOSwMvtnmw8u&itmprp=enc%3AAQALAAAA8GfYFPkwiKCW4ZNSs2u11xDJXiws4yQTXKOLJ6agnv47i2HFmwgtzKb5oWdOtw1ypP2H%2Fvr1Bzs%2FufihOqnOUZXnFIJjs1KvVHk19Ay2D0Px3vjE8yAij5%2BdeYFUz1Esq32i8x8Ar70Js%2FgsIH8kHVfPueFdUZErZPQdnN6FbOn5xEhMZyK%2Fa2Vk8PwILxjIPAuEygO01wGrhS0pWOCvaucYxo9TMw4hgszSr4RUfVfeDkcoXyYgMJS8QYJqoymuupKu7Hk4PbHsuY4PBevai025NAtxuajRgppsP7t8NFeoGV6YFsJWPPFZP3A7FmFgRQ%3D%3D%7Ctkp%3ABk9SR5rU2LKXZw
Waterproof Case Underwater Phone Cover Dry Bag Universal Pouch For Smartphones,,£1.99,Free delivery,3 Mar 2026,1,Brand new,https://www.ebay.co.uk/itm/375195000206?_skw=iphone+13+pro+phone&itmmeta=01KJXJP55KTWD1TY51HFWX7196&hash=item575b5d5d8e:g:YikAAOSwcw5lp-rr&itmprp=enc%3AAQALAAAA0GfYFPkwiKCW4ZNSs2u11xBGyTyzwyoL4kBSM0D4q3BOuwDWhAdPgBt78unY6AHmHbndnGLhnQojgFMALG0g7aHmp51OFJMcGjNvrAJrl2Gcb9El8FE0kdg9vM4sXzJwXwkX0QgZTg%2FgHhlwbk8gRFgDNgwudXftNazNpNsLWppElLpBpO%2FQlhMm7gRKS6shbEvg%2BEozPoHxGAIGMfgcZXoWnc%2FLTAJXCJhW5wpMtCph7Gr9Bxszf4L3u%2BA9euD5AQkWNWOsW9h15wgRIo8JyGI%3D%7Ctkp%3ABk9SR5rU2LKXZw
Silicone Phone Case with Glass Screen Protector for iPhone 17 16 15 14 13 12 Pro,,£5.65,Free delivery,3 Mar 2026,1,Brand new,https://www.ebay.co.uk/itm/127038618460?_skw=iphone+13+pro+phone&itmmeta=01KJXJP55KR9VMNDEPJ38G0V5N&hash=item1d94177b5c:g:tb4AAOSw9C1nLP71&itmprp=enc%3AAQALAAAA8GfYFPkwiKCW4ZNSs2u11xB8pk0mQ7MNbek6Ls7b6LuiL1LY2%2FHxPylsx5ZcPM9lASRDmXi8oYd%2BQzDsBdqSS7muLQw2uq%2Fq1GDPndgOiVqAqiz%2FzliIEoWuXiIVI0mYsKEdA4QbV67xtNLFkEBgtWWNqUj8%2BNnTrpqQMoYYjhDT4oHld1Qc%2B3YzpQ7JSs%2BnfuasjPxnAnhQw7awduDMXzjMQhySKZwFPCDp%2FzRDJBqNrlPufeg%2BlccLXSPPZDsapl%2BtvrrCAvnBrCLUF6RJPh%2B5bBtY0aZ3vUnHwwhrV%2FUY38NtmnRRGKUcwbD1AKt9eQ%3D%3D%7Ctkp%3ABk9SR5rU2LKXZw
Personalised Wallet Phone Case for iPhone 17 16 15 14 13 Pro Max William Morris,,£7.99,Free delivery,3 Mar 2026,1,Brand new,https://www.ebay.co.uk/itm/267392573543?_skw=iphone+13+pro+phone&itmmeta=01KJXJP55MANZESFT821RZC3X0&hash=item3e41d6e067:g:~I4AAeSwovZouzVA&itmprp=enc%3AAQALAAAA8GfYFPkwiKCW4ZNSs2u11xAb0O4pTRQ0i8tRphZSM8Hmu4s3peUzOuaFhePdYZtJDaNK3h5Kb4gREq57JjOXtpRjVIvs9twYYS8DZZuZfM2ufg7EevxlxuVWYu5HM9c7%2BYaiIuTx%2Bf%2Fum%2B8aXlXkzrmMxRZhOA%2BmTmI4PxRp8EJUegs%2FuW6Hm%2FfO0OY9Mbism8W4F%2Fdr0z4kfYtkUoeFCq16Dkq%2FMvEazMGcRG8hcImeRRxqihFI94rfqoxHxrk6jS4mIQBCqQAbhUnucH3A6BHUKTjjjXKsw1%2Bt8quByq0eexvXzkNPUuYU2Vn5DllEPA%3D%3D%7Ctkp%3ABk9SR5rU2LKXZw
"Leather Wallet Phone Case with Pull Out card Holder, Money Slot & Photo Frame",Leather,£1.97,Free delivery,3 Mar 2026,1,Brand new,https://www.ebay.co.uk/itm/145570737118?_skw=iphone+13+pro+phone&itmmeta=01KJXJP55MJEGNYZYSFXRS36R7&hash=item21e4b12bde:g:T3AAAOSwx1tlr8LX&itmprp=enc%3AAQALAAAA8GfYFPkwiKCW4ZNSs2u11xCs%2Fdy3Bhh4%2FGo%2BEV4Q%2FGNk23qhCf%2FlS%2BjdPNNT2tLuejftOwzeDTm%2FlMz9akLPwWsZ5lehhevepnFvDUcM2OYdob8kgR3LXLw9VN14eCPVaklt0tJmy54nr4UWgK%2Bn6BZfDUjrK0WH2gE%2FFMeGOKIpRks7fn5onHs%2BCb4oGN4brjINplj9U10r3iNsYGleUssZvTtvp2kIItgXMJ3zFA80FsuofXcESFNbLorAsyg%2BqY6qu5Z1CaX2EYP84ZCg%2FqB5CgFBzRZnYy3BGl5r6WhSeZN%2FAtgRoFvikhvQMUCOAg%3D%3D%7Ctkp%3ABk9SR5zU2LKXZw
OFFICIAL HARRY POTTER DEATHLY HALLOWS IX SOFT GEL CASE FOR APPLE iPHONE PHONES,,£19.95,Free delivery,3 Mar 2026,1,Brand new,https://www.ebay.co.uk/itm/193062924922?_skw=iphone+13+pro+phone&itmmeta=01KJXJP55MY7SNQCGSWYBES69X&hash=item2cf372727a:g:H8cAAeSwIXNpnl~m&itmprp=enc%3AAQALAAAA0GfYFPkwiKCW4ZNSs2u11xDkZ88OUotvfUji2IWTBodPlAlsrZZtINgJjaQg5LznUUAxZuftLfj%2FqynNPBdjfKurOZXqaxh8U5bu2YxroNaz1zMbjXOHnkLkx%2F9u1YZvs0u3keEO1btAyNLLt84S1eWXzD%2BEWsW87fCEHqt3xV6mdrG%2BramqMeGYUpRINOmWkOHyM55voDKmbFBj%2B5tSta58TqC%2FO8CgwsYActxZ86zR6g3yxhjUUjrdwaC%2FUTJYoclVfbjhcbxwgFfYSORN0ag%3D%7Ctkp%3ABk9SR5zU2LKXZw
Christmas Robin Phone Case Wallet For iPhone Samsung flip Cover ROB1,,£9.99,Free delivery,3 Mar 2026,1,Brand new,https://www.ebay.co.uk/itm/276137665348?_skw=iphone+13+pro+phone&itmmeta=01KJXJP55M7YNP8GDT5KS4NPZG&hash=item404b166344:g:tqMAAOSw2gllQpTx&itmprp=enc%3AAQALAAAA8GfYFPkwiKCW4ZNSs2u11xAPdDJYUE99vbH%2F4HP%2FQcNugMTUCUEOhuyaujsjf5OXEhyQuoqV2iFPTVLGr1%2FhAsRBOtUe5DS6TLXPRPfWPcS6dvE5ET%2ByDnW6lPvT%2Bxjk41E7dWNlNWWjpGjzZk4rfoBY6DOhs2wnLq4zoEpb60cFsKkTPu%2F2bReIU3SmzqeB%2FM%2F8fK7jS4o%2B%2BmrngBEKXuUfOp6R6E8JmrEkZo%2BDLGEvRrqwyNkfvuZLp6y8AFoz6hnUOJNR6C9gGDjJvGj04SJZgY3o4xF3ECsGvfhMJaPPwr9eQu7iCkgBEQaQZWd0PA%3D%3D%7Ctkp%3ABk9SR5zU2LKXZw
For Apple iPhone6 7 8 11 12 13 14 XR SE - Leather stand Phone Wallet Cover Case,Leather,£2.93,Free delivery,3 Mar 2026,1,Brand new,https://www.ebay.co.uk/itm/256047988940?_skw=iphone+13+pro+phone&itmmeta=01KJXJP55MM9B4C7BAYAFD9A9M&hash=item3b9da640cc:g:8h4AAOSwL0xjnCOL&itmprp=enc%3AAQALAAAA8GfYFPkwiKCW4ZNSs2u11xDqo5lZadHPUdWLK%2BU3iixjmzJ1Wv3WvmaOucg%2B%2FItOeq5M29lGCy1DLI2dGqFImKlYhvKcYwp8QA1wH%2BRRGIhqWQM2R8RzVRA8AjbmRJHV13RJCoXpRFC73XNOHBku5fEwwqQmUbXF2cJLalJuvHMj3kjCAIbsbDC7%2BUz6t2rHTnf1zn1E49MdIxBFiPuyC%2FOCaFwJAUoPcyv3NwC504FfixY0BiZIM2Kt2H4JaZuLtQjJ78i8Pj0DROe%2BAGRTGAzPbgosRCZYbf1ov7F6zyZEnlL8ZlSxgq2pB9Qo4HlQVw%3D%3D%7Ctkp%3ABk9SR5zU2LKXZw
Waterproof Pouch Bag Phone Case For iPhone 16e 17 15 Pro 11 14 13 PRO MAX 8 7 SE,,£6.99,Free delivery,3 Mar 2026,1,Brand new,https://www.ebay.co.uk/itm/224510564148?_skw=iphone+13+pro+phone&itmmeta=01KJXJP55MD4GPCB5GH6RJ4ZQV&hash=item3445df5734:g:y4sAAOSwOZVg1gs2&itmprp=enc%3AAQALAAAA8GfYFPkwiKCW4ZNSs2u11xD4MekgQljmDqKzyQU6qCNBYioB47JmsF2OV6dLWiV5shMZWBQRVs2kGM%2BrJLbM39iIKG1yprvt6n0uc7EXNylBh5XTUJ0BA2E5oW0AFpGVD9REpYk5xg90zHp0eM0NQtp25fJhjuh4akJk9kIZb8njdcxRWQPMm2HZq2dZqerXCfMfNawndFvovkY5g%2F0bAJxvoJV53FV9Q%2FaBA1Sz7PsukJyfl0qhMjrA9k2%2F0Lf1GbsNhtFyyCudUlkhMhhS%2BXELVrf7FX52veXRJ2Nb%2B5MlCXDSjKOePrGTueaq1qDK%2FA%3D%3D%7Ctkp%3ABk9SR5zU2LKXZw
Case for iPhone 14 13 11 12 Pro Max Mini 7 8 XR XS Clear Shockproof Phone Cover,,£3.96,Free delivery,3 Mar 2026,1,Brand new,https://www.ebay.co.uk/itm/127290174896?_skw=iphone+13+pro+phone&itmmeta=01KJXJP55MEPPB4EB5E3FX2E2H&hash=item1da315edb0:g:GK8AAeSw971okibO&itmprp=enc%3AAQALAAAA8GfYFPkwiKCW4ZNSs2u11xDSRsgHJFTS1Ole8%2BhI2idTN3cFbarPtICLqHCIXUJr27VOHOtSnY0mTdFeccrujp1BlSDJfskBAsqKinC6ZZeZQ0rU7MQxwQVz6tUqOHh8fwfNYcc5IJxLljHwNsSNmd%2BBoBg4HKG4v%2FQY2d2XGwm%2BikcQ9pZXJ2X74m4Gr652RYvYEPWdbc47u8Ru7%2BdPE5vBoNqlhNsYY1x2MHG6VlBJ6jP0pTx6ifx6CSpcgdthGHBq4mJnjE45T3SIih4GS7P2jcgGGOm0akVy79LVl%2F5j0AKVEuCPmIDY4JL4AXZqKw%3D%3D%7Ctkp%3ABk9SR5zU2LKXZw
Shockproof Phone Case Dual Layer Protection Anti-Slip Grip For iPhone 16 15 14,,£9.95,Free delivery,3 Mar 2026,1,Brand new,https://www.ebay.co.uk/itm/336112380350?_skw=iphone+13+pro+phone&itmmeta=01KJXJP55M3G6974VA73B2N1AZ&hash=item4e41dbe9be:g:i9EAAeSw1EVolIZn&itmprp=enc%3AAQALAAAA8GfYFPkwiKCW4ZNSs2u11xA2FEZg%2Bw%2FuS69Z2BAp0ZrEjBIFDkCv4nLbFoUJsGMy8aYvOP7vhoKyICYfZdYTXfebeJiCyGmjgSGdfIwspv%2FyUisXpHuPaxvC93aiD6qE2rj9nH%2FgN%2BeQpuvjrxX%2Biev5E7dlj%2FWEk8BAMhdIvAUE5ABiVxrgW2YFhgL6C8DkujLbsy3zDkgx0i61RRIjTi3a2%2BXKigdnhLOB1h3NHHGNeLYEZR0UyMnsVyVT4ItGssDKe8NBjanXdQ5N82uXgEVcQEbZdTEVSfxSZjT17yz8BZ7pH82%2Bu8UU6IB9gG%2FwJw%3D%3D%7Ctkp%3ABk9SR5zU2LKXZw
360 In Car Air Vent Phone Holder Cradle Mount for Samsung Galaxy & Apple iPhone,,£6.99,Free delivery,3 Mar 2026,1,Brand new,https://www.ebay.co.uk/itm/167804514443?_skw=iphone+13+pro+phone&itmmeta=01KJXJP55MD442Z170MNJMY5T8&hash=item2711edb08b:g:K90AAOSwa-9kjIY2&itmprp=enc%3AAQALAAAA8GfYFPkwiKCW4ZNSs2u11xDgFSQRN9Um5xVE12%2F044Cc26zE%2B5Ft9XmcjjaM8NiukV6XvyhRep9ZS%2FXKG5W4w1PXgSV50uC6iut%2FBcAXTCF8%2BqjDrSVSJq%2Bb3k5d0ukcS9KYXgTseznIZrZixcwLjdhoEUKN7XyG8rMUUPyCbcso4GFEYAvuKHnyzA%2FUwoPMFGzG3W9YvMUH9wZOjOhtb1hV%2FYT%2BR2FYArEeDWxTx16PUUkrAHLxfSq3Jq5c3soMs52d%2Fd5tN3Cp%2BIHpPEnzX6swCtrdbTYmRiEfO6TJW7g2t52zGXhHdFkvO8of7xvCfg%3D%3D%7Ctkp%3ABk9SR5zU2LKXZw
Quality Pull Tab Slide In Slide in Phone Case Pouch Sleeve✔Apple iPhone 17 16 15,,£7.99,Free delivery,3 Mar 2026,1,Brand new,https://www.ebay.co.uk/itm/362103000080?_skw=iphone+13+pro+phone&itmmeta=01KJXJP55MZ0KHFRECYHMQH1VS&hash=item544f054c10:g:QIwAAOSwXedZxSAK&itmprp=enc%3AAQALAAAA0GfYFPkwiKCW4ZNSs2u11xCPyGmX0fM5tkj7XU7S5sKHsiGThMdhUDAGapluWw95w8pvyIdBRVoCslglPIacHtv68w6vmNP7mX5WYMZ7cfmjUpaebFqHrF2JjXknj7mNkLCLtHq99UpChd1RFP81Xk1A%2FDTBzHZF6Yhr3%2FqrcRz2c7HiMhk0EDyuD6N%2Bj%2BZhC3REBofGuaGwY9ISLi6lYmqxHHdVSH9vTpypOB11wSwbSlUCgkK6RUU3xRkiVEq0gaW74BeG%2BwWgkgzZbafQ61g%3D%7Ctkp%3ABk9SR5zU2LKXZw
"FOR Apple iphone 12/13 mini /14 Pro/15 6.1"" Phone Case Leather Wallet Book Cover",Leather,£2.93,Free delivery,3 Mar 2026,1,Brand new,https://www.ebay.co.uk/itm/135385348302?_skw=iphone+13+pro+phone&itmmeta=01KJXJP55M9XENHFEJR63MDGR7&hash=item1f859878ce:g:fkMAAOSwZe5nO1Ef&itmprp=enc%3AAQALAAAA0GfYFPkwiKCW4ZNSs2u11xDB6jC09fjYcx6UX2rgU4gw%2BL%2FpHJsrV5lnsKnIlz3Hxmnar%2BJZk23897pi2q1Qzchxd0szrq7PM5%2F8cj3WTcmmPTc%2Bf3yIYSgELvK%2Fi2efw3bTnxx6fElrLqGBLjujPNfdN5UIUKX97QcR6dPyQMtlwAUvCE4zj1SUWKi6b%2BnyZn5VnvM9GfLJF%2FfjNvzNBeVpAS4L0JeE5%2BeFI9konLYoHJBe5xANa%2FxQfG2i17ruWyCP067ZWqaC4p4eFMNktJ4%3D%7Ctkp%3ABk9SR5zU2LKXZw
Flip Leather Phone Case for iPhone 15 14 13 Pro MAX 11 XR 12 7 X SE Wallet Cover,Leather,£4.50,Free delivery,3 Mar 2026,1,Brand new,https://www.ebay.co.uk/itm/126809426390?_skw=iphone+13+pro+phone&itmmeta=01KJXJP55MPXXXN0HK34DW0B43&hash=item1d866e49d6:g:uQgAAOSwjBpmTdhF&itmprp=enc%3AAQALAAAA0GfYFPkwiKCW4ZNSs2u11xBXwMcC3VKcat40%2B2pGcs8UfQMItO2NHsZA9w5D7%2FV%2B5dqFsL3R0i6vfuJ76AABeWDKDZkpJ7cJnkQJAje1LABaaWQwulPvR%2FoEbV6Pom6lMmU7btYLo7ZfmsuSamZoPuS8s3ZkXG34RMgj5EdHS7FV%2FxqbEF9OlWm8reH0iNPwh9CGXR5vfwWlyRi2awy%2F72sfcdl1NnhvTXrdSzxzwXvtYCCQD7wWyQfQ6TulQCu9lNbuEYuKGuh2ynvUalukev4%3D%7Ctkp%3ABk9SR5zU2LKXZw
5A Fast Charging USB Cable For iPhone 14 13 12 11 Pro Max X XR 8 7 Phone Charger,,£2.99,Free delivery,3 Mar 2026,1,Brand new,https://www.ebay.co.uk/itm/155776114620?_skw=iphone+13+pro+phone&itmmeta=01KJXJP55MRVX3CC22JHTY8K0E&hash=item2444fadfbc:g:ClgAAOSwZ4ZlC1fB&itmprp=enc%3AAQALAAAA0GfYFPkwiKCW4ZNSs2u11xB9vdHLOJMUsz2G9ZFu7%2F5xtAzVdeFsLqTxdhTPrjNtgFWCsLpVAlXweIPsWVt5jSbGU2i%2BKQgcHzi7p%2BgsKgahT6qQ7KkSqf1ZVw2pCDDGIvi6kGc6jvkZiZrsQ%2FS8QC9cwTXVM0t8eNwL%2B1Vl%2F%2BTCVqueL50YaITsqspIfRcKMPqp1XAXDjNZQwChV0DOx0fdeVyhOkvWH3LtGLJhltXMlih3yo%2F2gN1YugizmHZh0fNceCl3Cz95GwtcTachMA0%3D%7Ctkp%3ABk9SR57U2LKXZw
Rhode Lip phone case with matching rhode lip tint,,£10.79,Free delivery,3 Mar 2026,1,Brand new,https://www.ebay.co.uk/itm/236640225349?_skw=iphone+13+pro+phone&itmmeta=01KJXJP55MET3NNSMYMWN3FYHW&hash=item3718db4845:g:o5UAAeSwKBBpk~zX&itmprp=enc%3AAQALAAAA8GfYFPkwiKCW4ZNSs2u11xAnmOtlpEfqLVRWd1De6uZjwV7KxWsTIMuKyr2DYcihwPhHbJcVOpF8Ib8Rl8RlFxrS%2Fz6ebzPCDDxxa7L8gUiCwT%2B5PWi4x9kG3t4HfzEDHC8Q7aQIuMHKsN0Dl6nmabBKsF7OuLNrQkvfRjmWGw0egjEUE%2Bu%2FpiFfxvRSiakf90p0hS1%2F7jrbyDFfYAt4PXzBqxogTB6DaWi87VCKG9Yk%2BG8%2B9bnrVAktcoL8XDMIEdPV6qw1b5RljLIK6oHSxFt%2FT00SCACW6BXjCroATufowQrrMRwZdttYhuiW38wuTQ%3D%3D%7Ctkp%3ABk9SR57U2LKXZw
VINTAGE RETRO CAMERA GIFT FLIP WALLET PHONE CASE COVER FOR IPHONE SAMSUNG GOOGLE,,£4.99,Free delivery,3 Mar 2026,1,Brand new,https://www.ebay.co.uk/itm/184864256447?_skw=iphone+13+pro+phone&itmmeta=01KJXJP55MPM0DNA2GBBN73N07&hash=item2b0ac4b1bf:g:etcAAOSwqbRgtUkF&itmprp=enc%3AAQALAAAA0GfYFPkwiKCW4ZNSs2u11xCCHV52fS0OBdk256V%2BbrRUwyImAMEjU%2BgDTD2cTkHe9%2FXkEpG7feLBZngHgCwS5cUXHnLwLkhaRLKa1%2Bk9QAkUlMmbYpSlTVFWGJ10VAezYardGAOIGx7rdl5E0QIXaTu1ZN4f%2Fe9eFHDszYXnl1vsUD1FwZA%2BNCWDy%2Fz0%2BYpJncveN6yX%2Bk7KzykjkGGpMyd3ke92fl3HxXxR3oGVmB4vF8WFh5wVHCiV%2FeMx2qtqpfNaRkbp%2FBy82eIz2itxsMg%3D%7Ctkp%3ABk9SR57U2LKXZw
Cute Bowknot Kitty Cat 3D Silicone Phone Case Cover for iPhone 17 16 15 14 12 11,,£1.99,Free delivery,3 Mar 2026,1,Brand new,https://www.ebay.co.uk/itm/389490905717?_skw=iphone+13+pro+phone&itmmeta=01KJXJP55M8JQ1WYCQFG09P83C&hash=item5aaf779275:g:COEAAeSwQfppZnuS&itmprp=enc%3AAQALAAAA8GfYFPkwiKCW4ZNSs2u11xAnF3XCzkrn8NMa%2FlrvKe4HmjWTACJdDx73SkIIxFs6GXNIrwyFxWWG9ekX3qTxDJuQMcwyfH90uPPKdBLkGlhYKgOHkrcGuseh9zT0taLtxwDlvfRRz0cH9Yal4ZnbZW%2FhrKpuD81bEDPnw%2BOPSYzAJLSS8a3yg9a%2B2zbySpvM64lrPw9pxUnvsB4dEuAAOZ6ngJUDIeVHlewkc5NagnF%2F2km5rjOqqtSZRYYgA9fQnr6MUAULCtjcjlGrGSVjd7JjxKhEV29jMu9BT%2BUtGXhsqh3lmQwV0xiUnrNlfqKWyQ%3D%3D%7Ctkp%3ABk9SR57U2LKXZw
"I Phone Scren Saver Tempered Glass Screen Protector iPhone 17 16 15,13MAX,14pro",,£0.99,Free delivery,3 Mar 2026,1,Brand new,https://www.ebay.co.uk/itm/165254182265?_skw=iphone+13+pro+phone&itmmeta=01KJXJP55NWTEH9YV40HTH04MC&hash=item2679eab579:g:nPMAAOSwhMliTgYG&itmprp=enc%3AAQALAAAA8GfYFPkwiKCW4ZNSs2u11xDBxlsaAjARAO1TG6KJGSz9Zsi1AAwsTPvDlXzUiYFCMF46HhJI4kvSKXDKK782NTyonM0Ce3Ffq%2BQSjJNN9bzexXyqViDTUcmY107mZkOVfyafhcPi3Xs%2BHGnR3Jgz0AH7yOsV7d3JtPW3WyxQsPCAM4Q8rRsRPNRwpK0kN6z1GHW%2FlFX5KWh4%2BBh%2FcdtZUWLxDTeCqjFJDrjVxsNXlzQVqE5DdHJqXycrTdgrHbJ2BIR%2FHWSVSDobo82iv7U%2FQx5kTVSV9Uuy%2FwgnUeglGxjne9mSVqqPkDPInWIQKPcptQ%3D%3D%7Ctkp%3ABk9SR57U2LKXZw
Hydrogel Film Screen Protector For iPhone 17 16 15 14 13 12 11 Pro Max PLUS SE 6,,£0.99,Free delivery,3 Mar 2026,1,Brand new,https://www.ebay.co.uk/itm/376490669357?_skw=iphone+13+pro+phone&itmmeta=01KJXJP55NBQNH1KH7RB7E4K1Y&hash=item57a897b52d:g:uX8AAeSwaptooy1d&itmprp=enc%3AAQALAAAA8GfYFPkwiKCW4ZNSs2u11xCzkZ2MVGis7hbdi0zUgnHDuhTaDtYihgAd2deAuPxV7PQ--5aifeMx%2BVXgfwuiRUtlRBW0RSfEqu2C2nIoh6bPKW2A9PNitQ7mCF32TaGah518iK37ej2S31Virn%2Bt%2FVpnYNFz2Bz%2FH5OGnNWbHtMIMzz1CXq74sxCfC8EL717GlLVEPyOuPZkfFFkpHH%2BaOvUTySe7sW%2BEWukamiscaikQgNUkNhtzJZv46GRWdTeJQvooypbY2igtDleKBxHIt7cY%2BW5rGNSoANPDI7j3RGlg4RXhqOX%2FHsEfVia6jHeAw%3D%3D%7Ctkp%3ABk9SR57U2LKXZw
Personalised Fanart Phone Case Shockproof cover iPhone Galaxy Honor Google #6,,£7.99,+£1.55 delivery,3 Mar 2026,1,Brand new,https://www.ebay.co.uk/itm/205063983254?_skw=iphone+13+pro+phone&itmmeta=01KJXJP55NSBH2SYF1RAZ5C4BA&hash=item2fbec41096:g:3fgAAOSwu2ZnHKxD&itmprp=enc%3AAQALAAAA8GfYFPkwiKCW4ZNSs2u11xByD8BDNDHdOcUb9P%2BPvQm0ejI1egB%2BiaapgEeZ4mkKxRZtYzkC2MxL9U4U5kC2WERKnYZAmcvAMsRCnbD%2FgC%2BGNMtcO6ssIOaKZovcylTfMQv%2BMZJBoHMtotlCOLNcIbaUYAnL4Ch5AmxdVDw3MdKLHO8Z2KD4sve%2BYPDT7FYrd78ZU9atM%2B0HVZ3pyWPSbipZSepTYv2R6N1vYK%2FMjmv2ISBEPj1PT%2BIGTXHzjKlEWlaCr8%2Bzrts%2BEWaW45TETi%2BFaqz7kj7EHoKSwZcNHtsnXaofInuXn2MPeh5boCRBKA%3D%3D%7Ctkp%3ABk9SR57U2LKXZw
"360 in Car Dashboard Suction Mount Windshield Phone Holder For Samsung,IPhone",,£8.95,Free delivery,3 Mar 2026,1,Brand new,https://www.ebay.co.uk/itm/375354264635?_skw=iphone+13+pro+phone&itmmeta=01KJXJP55NXME46VGJ1S3TY2HN&hash=item5764db8c3b:g:yz8AAOSwaDVmDdYG&itmprp=enc%3AAQALAAAA8GfYFPkwiKCW4ZNSs2u11xBODqoUsW7BvXLjvrJL0wnvyK2vFCAvTRwpSxHt5kaYfQILmU0gyBStM1IONB11Qk0Yu9cnuHxw1SMLtcAtRVqdkV02MvjQJOSVH65%2Bpt1g0ue7uBFIWyOVuoGSRRKfYdxLx5n69Hh%2F5llATa7zliN%2BvpfIzL7tfwQ9C%2Bu9PzdSYXrRyXjRxwOwlSDDYG1YmRkrpqGHi0aIyuEht0NTgnewAY5BbQ8RjiQ0wSGLCGBH5ynPEgB1TNmWFxQKlquHY%2BWsr%2Bo31%2BwvafH0Nh9bdEvqsiUFVDAoX9SVeB4uV0aqvg%3D%3D%7Ctkp%3ABk9SR57U2LKXZw
ELVIS PRESLEY FLIP CASE FOR IPHONE SAMSUNG GOOGLE RETRO GIFT WALLET PHONE COVER,,£4.99,Free delivery,3 Mar 2026,1,Brand new,https://www.ebay.co.uk/itm/182483523299?_skw=iphone+13+pro+phone&itmmeta=01KJXJP55N4E2TG9G1J85P18MK&hash=item2a7cdd96e3:g:Q0YAAOSw~P5lZmwf&itmprp=enc%3AAQALAAAA0GfYFPkwiKCW4ZNSs2u11xA6bwimpQ3tX%2Ft1Adz9wQXdZLv0ZjM4ay79wE3%2FVdrHNJk6cmDopk5JmRauS%2BTRgMSJn7c%2FPvDHHsV%2FPFBD8d7OahvUvn9jp3KTaBErPuoIqKslzwKUUvDI8Gk%2Bs2wyNMQCUJDEh5QqsPyAknK9TZNm0AOWCOu%2FT1hzBuLhVABMcmm%2FPolvb%2F3M4VJr3JnBOhN5YwsLLalZm%2FQyF2nU5F%2FaJrmUNoBG%2BQoWuLZrot%2BFaQk6hrPG63QCBJuJdhXYbIY%3D%7Ctkp%3ABk9SR57U2LKXZw
For iPhone 13 14 15 16 16e Pro Magnetic Flip Leather Phone Case Wallet Cover,Leather,£5.99,Free delivery,3 Mar 2026,1,Brand new,https://www.ebay.co.uk/itm/226894028123?_skw=iphone+13+pro+phone&itmmeta=01KJXJP55NQBDBJKTD1AHJRJ6Z&hash=item34d3f01d5b:g:HcUAAeSwf~toideR&itmprp=enc%3AAQALAAAA8GfYFPkwiKCW4ZNSs2u11xCDm%2BPK5VD2Dyj9T9U7NT7M0oszNHaVHRpneCpIR7DZ9aIv6yosdJa9JCfTGq%2BQkB6BIT5KbId%2Bev4rEbCcid0WiWub0e8EozBtP54y5zmioRRV6nhMirr1Igum061qvhykGx0Tk89QZ%2BDVfRnZacevb2TpAzXZOUIt300BL7DLc9u8F0mib9zMxjCB2TbeYR4t78gfqUhJC1XPWEA9u%2Fvsk0%2FSW%2FaikfTw3GxJatq0ulbMi2hy6%2FXuug6se1eD3hQx%2FVmnMm5jic%2BPzxTkeqN2%2FH1z9oLFzVE0LgkdikugSg%3D%3D%7Ctkp%3ABk9SR57U2LKXZw
Lanyard Phone Case With Card Slot Ring Stand For iPhone 11 7 XR 12 13 14Pro Max,,£4.99,Free delivery,3 Mar 2026,1,Brand new,https://www.ebay.co.uk/itm/134426360356?_skw=iphone+13+pro+phone&itmmeta=01KJXJP55N8PCRB0B9PNDG801M&hash=item1f4c6f7a24:g:ya8AAOSwZ3Zj0u1m&itmprp=enc%3AAQALAAAA0GfYFPkwiKCW4ZNSs2u11xAjH85zBXRaBzYn1iT5wq4GxcJyMtQJGku14tUvQSsHMKmdDmhs%2Ba9YXW0BULkMxA32%2B3u1%2Bly64fNYUnxb%2BHZVf5rzkawug8TGK%2Br7FffsEQfpAvRom5Y%2FD3FYEqsaxhxRp2WmAGdAMm1RIzYFGDIN8kO8y5SOSktIKC8sRzg%2Bt5AMv%2BGLMITO3Nhki3GiRu%2BNYZpYmUoYMyUWCk0gi%2FVU6WckIeAM5LyKEPGTHBCOJO2fK0ZRn0%2BeIuKId3uas9I%3D%7Ctkp%3ABk9SR6DU2LKXZw
For iPhone 11 12 13 14 Plus mini Pro Max Case Shockproof Phone Hard Back Cover,,£0.99,Free delivery,3 Mar 2026,1,Brand new,https://www.ebay.co.uk/itm/116415367636?_skw=iphone+13+pro+phone&itmmeta=01KJXJP55NSDP8GSK1FTE0C14V&hash=item1b1ae589d4:g:MDgAAOSwsl5jLVwN&itmprp=enc%3AAQALAAAA8GfYFPkwiKCW4ZNSs2u11xDgC24JTHFU2Xjbr%2FBLckag9VoPilpXcVg5ARdoxVsgsSQi4q2wMRqPFHei7a6i6bTPKyrx1nX0qihdZNqxkjThvqVwt0SpcVeT8oDegCIRQFrPTNt83ERxaq%2Bqtsv5Hy%2BFx%2BG8AbGzSKocW%2FIq%2BjGw5YPVR8dKL7ndombEnj2Xq7dDgn5oMb0So9nsUO66zYmMC4F0ASqKSzoy7LewMPgavXnE%2By9f9FC5TJhqvP88TZOgUGPxaNXROzv0NwqngpuVltltR2zF3KwOpRn1DF09i0Ps5maJ7kQyC1DS3AiTMQ%3D%3D%7Ctkp%3ABk9SR6DU2LKXZw
Personalised Phone Case Wallet For iPhone 13 12 11 X XR Photo Collage PU Leather,Leather,£8.99,Free delivery,3 Mar 2026,1,Brand new,https://www.ebay.co.uk/itm/265909848445?_skw=iphone+13+pro+phone&itmmeta=01KJXJP55NWYAEJ2TJJ5AKDMDH&hash=item3de976497d:g:ijAAAOSw8HBhgVEZ&itmprp=enc%3AAQALAAAA0GfYFPkwiKCW4ZNSs2u11xAwBFCh08uK%2BYLLYcKFbqCmZwoPZgL7Ta2IepNZG7fKKRYDbaA%2FpgRmEMeQuq9mb7QiHfGm3sL%2FdYsJTuwT%2FsKIW7N6z2q20L1MphXih9BsLew7N1quUp3mbSdD2HGB3GK8MyDLnZVrcSmNF3RlOTSi88FVlJYvU2wxWScIPFbpGrWOWSNj2umn8MX74sK82VRY8qgDf4JpiKVLJXN%2BVSMwLivGwMrdj1pXePnpij0JMLk5ytq0NuiPZ2TplO%2Fr99M%3D%7Ctkp%3ABk9SR6DU2LKXZw
Shop on eBay,,$20.00,,,,Brand New,https://ebay.com/itm/123456?itmmeta=012DEW30YG0MEEKND7NH&hash=item123546:g:acwAA9KNiJowH:sc:ShippingMethodStandard!95008!US!-1&itmprp=enc%3AbgepL1tlUHjMGCVfSTGJh%2BzsVKeJ3CQk7NizDI4BZeppuFnmyS6Ijyp8lh%2FnEw%2BWqO7uTV1Q6izE1R0T54aV8j71F4xlWfVcGft4%2FiOQhtqVXA1rW6M1atPARQRmhqUxtEPJKhKtSFgI%2Bvwlzb0GwVCtkp%3ABlBMUObkmabpYw
Shop on eBay,,$20.00,,,,Brand New,https://ebay.com/itm/123456?itmmeta=012DEW30YG0MEEKND7NH&hash=item123546:g:acwAA9KNiJowH:sc:ShippingMethodStandard!95008!US!-1&itmprp=enc%3AbgepL1tlUHjMGCVfSTGJh%2BzsVKeJ3CQk7NizDI4BZeppuFnmyS6Ijyp8lh%2FnEw%2BWqO7uTV1Q6izE1R0T54aV8j71F4xlWfVcGft4%2FiOQhtqVXA1rW6M1atPARQRmhqUxtEPJKhKtSFgI%2Bvwlzb0GwVCtkp%3ABlBMUObkmabpYw
Sleek Acrylic Mirror Phone Case Hard Back Cover for iPhone Models,,£4.99,Free delivery,3 Mar 2026,1,Brand new,https://www.ebay.co.uk/itm/236144372739?_skw=iphone+13+pro+phone&itmmeta=01KJXJPCTDT3CQ2RHH1CEC2TGP&hash=item36fb4d2c03:g:S7wAAOSwgFdoR-1D&itmprp=enc%3AAQALAAAA8GfYFPkwiKCW4ZNSs2u11xCxT1hntukHkxXtEvVYLIhteYO0nQ9XVDv9u%2BmCKU7SnW7tyjyJQrWdSXAvf2tKwNMPfEGOAZZpg5rCWU298f6tfPJqkP7vruzzRAHMivFzLsUQcPTGW6AvIz8mh7tK9%2BBi%2B5EFEPj2I2oSiyLySOCRoAzKhfdDglUfj7G8RFMN4mc7BFUK7FJl5%2BWpKvTFn1s8YVFqASBdYRwM0T5o0RpKyFB6BknnzDpNXipfN1k%2FX19EhFgg8qgusOnpZLyGXIgzm67aB3zmNNckMan88BqgW5mP%2F6ZLjpiUTk%2BPEATZCA%3D%3D%7Ctkp%3ABk9SR7rN2bKXZw
Makeup Mirror Phone Case for iPhone 16 15 14 13 12 11 Pro Max XS XR 8 Plus Cover,,£5.01,Free delivery,3 Mar 2026,1,Brand new,https://www.ebay.co.uk/itm/267591257456?_skw=iphone+13+pro+phone&itmmeta=01KJXJPCTDFAPWCWSMP96SVRCX&hash=item3e4dae8d70:g:~f0AAeSw8ltppLLf&itmprp=enc%3AAQALAAAA0GfYFPkwiKCW4ZNSs2u11xDtJlq%2FvwQoMRTCwY%2FBiUG%2BAzvWTxLHVeSeUpcVdkDCr2W1yKSj1YMTT3wWibCsVmKJAkBaN4oIK%2BfTy48haHB%2BJGapFKEfqpVoZ0DbaxnQAS3NEiVi8DBmbMsLHePm9%2BhNk18rdy2H9Z%2BT%2Fd%2FX6m1OqzdatUdwLhLBbvaBQ3eYAmVt4Cq6XrlFuzUasSRkFlf%2FK%2Ft3yfpIMQCrJ61RG%2BIvBxxei1yyZtTc9ne3dKoWFNoBoH2Yr9tkpCO2Q3lAlRg%3D%7Ctkp%3ABk9SR7rN2bKXZw
"Screen Protector for iPhone 16 15 13,12,11, XR 14 Pro Max Gorilla Tempered Glass",,£0.99,Free delivery,3 Mar 2026,1,Brand new,https://www.ebay.co.uk/itm/165946861958?_skw=iphone+13+pro+phone&itmmeta=01KJXJPCTDWDQFF6ZX0Y8W0Y2Q&hash=item26a3342986:g:uBEAAOSwWhBm0qcN&itmprp=enc%3AAQALAAAA8GfYFPkwiKCW4ZNSs2u11xCCcdkvGxNfmBd9D1cq%2BJInIo0n1Rf5ACTeEUQ7AEQIebuwMOsGpaR%2BZVkgmv5CoL97GiOS4bRAls2n079Ts%2Fp1cWl4Xn23oicRxhk6bET5UqITbGyNNawp0CEEFOK0FYlU87cWXFBfHpqfHyZAoQiLf71MT6%2BK8XY117DckEWjhS2JUqYTa0ylRJWZRzgIWxjvren2NDuyyIUcYu2hV24u4UdqfWRUQVz6bGj7eS7U38qR51W4dp8%2FFBNfeyz8POnMQF7b2D0yHYpbhcHD0buCvdxaW1JNyyVyTZF%2FHqprhw%3D%3D%7Ctkp%3ABk9SR7rN2bKXZw
Fits Apple iPhone 12 13 14 Pro Max Phone Case Leather Flip Wallet Book Cover,Leather,£2.93,Free delivery,3 Mar 2026,1,Brand new,https://www.ebay.co.uk/itm/385249941542?_skw=iphone+13+pro+phone&itmmeta=01KJXJPCTE56CD5WAEHH02DXKP&hash=item59b2af9826:g:VDUAAOSwoSxgpNGt&itmprp=enc%3AAQALAAAA8GfYFPkwiKCW4ZNSs2u11xALVixTkhflczP%2BAv9aU%2BeHAS8G2gLW59zjOrYh7%2BlMfE2wfpOjMBCAStvtJaLlmvzfz8Wx1idI9qhmuVLtOpbttfj7xTYQJpwqD2GTj7zi6FneX8OPLvrK0fhlZaYw4gU%2F%2BXjaEQfMfYy3fs2btoR1EcHPXHMKr5pQg1%2FPRQDMLT9fLaZd6dWrSQyNCjVv8GuI9OCYeKRwuDp%2BtQqV7OGEPAOrgA1I%2B0%2FY2vuMwnARbV1rSLMuYl2iWb9knpgmzuJvBXELOLMI3Fm6oIKGaT3s77ZhviX7qrnmqxD7tVfCog%3D%3D%7Ctkp%3ABk9SR7rN2bKXZw
CASE FOR IPHONE 17 16 15 14 13 PRO WALLET FLIP PHONE COVER IRIDESCENT GLITTER,,£2.99,Free delivery,3 Mar 2026,1,Brand new,https://www.ebay.co.uk/itm/265609358112?_skw=iphone+13+pro+phone&itmmeta=01KJXJPCTER3JZN2BZ3NGJPZ3A&hash=item3dd78d2b20:g:xagAAOSwqKhiOsKm&itmprp=enc%3AAQALAAAA0GfYFPkwiKCW4ZNSs2u11xDEIOtsLGuYoJraHJCRYTHwSYqM9J%2B%2BpSU9OvITHO%2Be71My0Pez0bWO2NF1lHN8CLr8qDR%2F4y%2FfMYRgaQLGcbxZ816zvDfgzIQNe1e6lQru3rSKGRuqiPuHBhIXQLjcbk9zFzqgtIYUdqm1DPBRXyuxLieIjiGGZ%2FlJYlyJzA7Km2bU8E2%2BEK%2Fu9JIytBbe25TKDARyTfA0AP9oZFiDCsB6jBGJvZCg9FYE9AYD0UrYNxk1TfbomuZDXj0f8wc4o5E%3D%7Ctkp%3ABk9SR7rN2bKXZw
CLEAR Case for iPhone 16E Pro Max Plus 15 14 13 12 11 XR Shockproof Phone Cover,,£0.99,Free delivery,3 Mar 2026,1,Brand new,https://www.ebay.co.uk/itm/177090871262?_skw=iphone+13+pro+phone&itmmeta=01KJXJPCTEKG60SXMCB62FMKN2&hash=item293b703fde:g:gyYAAOSwti5oI1LC&itmprp=enc%3AAQALAAAA8GfYFPkwiKCW4ZNSs2u11xCiZx3UHhIPM%2FRt4uJcTL4SJuylAFeS%2F96tg3NTKk7aADRYASiEDumtcqHBpvJwFS7RdHkDhCK4HSJ77hL7rWEWOW6dbb3jADjetQ6vvBFoC3OZHQ0VRVe6QzLYB1UTT5IOeqYfgMToPWZtEKn8HVL5OFYAy%2FPSAavXCcvBF7lUMxFTb8P3kCtaWtzSABHyB6ouOe4nTMk%2BCCsTEPM5UPdAIT7Xg%2B87XlrQCzf8ZUeOUrfDCt24clbLn92wD%2B4zM2WVMVqX7xTYhMWN1FgUC1Ud0u3QSHaPWTnYcB8HUbhJTA%3D%3D%7Ctkp%3ABk9SR7rN2bKXZw
Floral Retro Phone Case for iPhone 16 15 14 13 12 11 Pro Max Shockproof Cover,,£2.49,Free delivery,3 Mar 2026,1,Brand new,https://www.ebay.co.uk/itm/286849983574?_skw=iphone+13+pro+phone&itmmeta=01KJXJPCTETZEJSAJHQQQ594KG&hash=item42c9976456:g:tR8AAeSwXbto3A5S&itmprp=enc%3AAQALAAAA0GfYFPkwiKCW4ZNSs2u11xAe2OS3MWpWmd19K8ufC8ma%2FFBOjLZZDmcYrWQQJ0z1L6qWGiEGbBZzON%2F6UfFxlj4ZkDDG14HBsXh114YZbRScQZJsoYFxGTl7L6Yrhac9FzelDwkaAbp06L8JvWO1gPpqis0ioZzWwpd%2B7zYc8Pa%2BLjO3kjA5MJnoeBGiOQRHYoEnf4C6Z2%2F2Hg0G94%2BV4GgdwPGOAP37JBG407jaiTdfoDFM5WLqhuZ812hFCZoS1CzQjDwBQ9jUyNY8LtHQxHQ%3D%7Ctkp%3ABk9SR7rN2bKXZw
Personalised Phone Pastel Case For iPhone 15 14 13 12 11 16 Name Silicone Cover,,£8.39,Free delivery,3 Mar 2026,1,Brand new,https://www.ebay.co.uk/itm/196507161577?_skw=iphone+13+pro+phone&itmmeta=01KJXJPCTEJREMVQE4B342P7V6&hash=item2dc0bd53e9:g:mO0AAOSwU1NmllcM&itmprp=enc%3AAQALAAAA8GfYFPkwiKCW4ZNSs2u11xCYAF1%2FPAlceY3KPUaJwhbxGD3FXrUWUAQOr52mm%2BMd5MyvPg5xPcrBGc5BUNF%2FMDVS1fMuo6GISNM0AkkmgAlfIjJKso7kfZWYjOTysvdtJJBC1eOuWQ9ggn7fKa6ctnm--zrAVvbRrKBYWRL1txqiEF%2FioFIxDmXECSaB5Wb%2FxwMBiPiqlYmDkFnUBlbd7rqrUzA1JLoxkLETBU5QYR1eVQgrHzHWfkUzNZ5Xn%2BUPAbltVHT2AdhjVgfQ%2FBGQfPFDGw5WB07HaXeuMtO1KXgQp99R5Zaikp8korAnI0KoSw%3D%3D%7Ctkp%3ABk9SR7zN2bKXZw
Magsafe Case For iPhone 17 16 15 14 13 12 11 Pro Max Plus Air Shockproof Leather,Leather,£1.99,Free delivery,3 Mar 2026,1,Brand new,https://www.ebay.co.uk/itm/389291716833?_skw=iphone+13+pro+phone&itmmeta=01KJXJPCTEPARXRHJKWYHPP5CB&hash=item5aa39830e1:g:lccAAeSwdLRpJyLA&itmprp=enc%3AAQALAAAA8GfYFPkwiKCW4ZNSs2u11xB8oJvVfaN45e%2Bm9sl7rXItgjdRxIrNZs9jPMtKOmZSovwffhftdkfmj2sgW0MB7NRZcm11WlpV4EO59HhWk2hTE%2Fq9f4DVOMU8pDWwdhQEqAqkpS6s%2BEZH21%2BApbvgDB1ctMlqhEOzyN6yyD6rFSuB7EcEmNgRkyb7rdv%2FBRuKLQrANpetlDGb2wEsXiq2Es0muIDF%2BRRGSjbAYEQDtwgFBmNvyHmMLk3XrHdY7THabedkVWDQnS%2BqPoaNsTjwj5S%2BMaVj%2FVD1fAXehxY6Da2rBXBO1PhKG2vPs5wZnxWjZA%3D%3D%7Ctkp%3ABk9SR7zN2bKXZw
3A Fast Charging USB Cable For iPhone 14 13 12 11 Pro Max X XR 8 7 Phone Charger,,£2.51,Free delivery,3 Mar 2026,1,Brand new,https://www.ebay.co.uk/itm/157657400160?_skw=iphone+13+pro+phone&itmmeta=01KJXJPCTE4EYS3R5V89V913D7&hash=item24b51d0360:g:ddsAAeSwsaBpgjaI&itmprp=enc%3AAQALAAAA8GfYFPkwiKCW4ZNSs2u11xAo%2BqpL2ymHNfYr5M2oFF9eKwruxCnDIHN2XOicVx9hmQQ6l5RibLHn894E%2FpuR5XPUeg%2FyRM7H7ca4NuQ5OWeMWnAee%2Ff7pCpEXfjSgfdxQ0E796YbJt16kDYYzCg3Ap6NOCS0Q4YPJOsHItuTYyag4%2BnMf8nYeZ0QR4C1cR0DCS%2Bcr%2BmfvA5DJb6cwLux9db83VX3FMNSi%2BsD6hlLJqF3RuFZIhQXKo91qXJc3ZX3Es%2BAilZV%2B9J0XHkJjHxLsiXyrN9XjOnALWpR%2BFfEH78S27IYA0wvhPz4%2FSnm4qjjDw%3D%3D%7Ctkp%3ABk9SR7zN2bKXZw
PD 20W Fast Charger Foldable Phone Adapter For iPhone 14 13 12 11 Pro Max 8 7 6,,£9.73,Free delivery,3 Mar 2026,1,Brand new,https://www.ebay.co.uk/itm/397648537208?_skw=iphone+13+pro+phone&itmmeta=01KJXJPCTEBVY7248X9PD50PH4&hash=item5c95b32678:g:vGMAAeSwvEFpnyxl&itmprp=enc%3AAQALAAAA0GfYFPkwiKCW4ZNSs2u11xBxm9FV31KWsTHsmlxhPLBpoChZAPvMrSaH5HMeAeilKmWIdNwrPdofWQ7fwJiuIJ2A%2Bx5OncJIydK2zvvGQ5jrV0FzjQhjbZghKAhw1KU%2FiQ9oix667fTT43szfMQiYqn0Wt9YBWmqreThQsk%2B7iMNFQNu6ruI8NeMLdnifYw1uMTpBULmLIIuwqGxyKtVvKJfCeG%2FNaDqeLAEHmS%2BtQypEkKkP7xJhMeIssp9V5WMEp4bMxDZrW4SvgmVQQk4W%2FI%3D%7Ctkp%3ABk9SR7zN2bKXZw
Original Liquid Silicone Phone Case for iPhone 11 12 13 14 15 16 Pro Max Uk,,£3.99,Free delivery,3 Mar 2026,1,Brand new,https://www.ebay.co.uk/itm/187854759459?_skw=iphone+13+pro+phone&itmmeta=01KJXJPCTE25JQBRQQY6Q4EQQN&hash=item2bbd042623:g:XJkAAeSwxcRpRBls&itmprp=enc%3AAQALAAAA0GfYFPkwiKCW4ZNSs2u11xDXhKwDOUWIZu2CEMpx%2FofFAq8NMiZnXaZlfmjwAVUNxzg7ppj%2FT5va%2BG4Aj1P4zgXd%2FmRgvTdM89BTKKkun8OWZhSLxMFrGBgGbDwWB3U4bqFQ1wuD8H%2FUEC2XnuFZ%2BY%2FPvSjTcztQWUn%2BtCfJxO8rUFpsG56wauBJIr7oYIE1vKPOzPMoYYF05w6i205%2Boz9SqR88rSTLiSkXI5F%2FS3ucvARI9xgctq0NT%2FAqWmVrxUMOpsV2zhKB%2FMTyGbJhnHk%3D%7Ctkp%3ABk9SR7zN2bKXZw
Case for iPhone 15 14 13 11 12 Pro Max 7 8 SE XR XS Clear Shockproof Phone Cover,,£2.39,Free delivery,3 Mar 2026,1,Brand new,https://www.ebay.co.uk/itm/286081297069?_skw=iphone+13+pro+phone&itmmeta=01KJXJPCTE9KXW16KD7Q0E1VC0&hash=item429bc62aad:g:3xwAAOSwbNBmJTSv&itmprp=enc%3AAQALAAAA8GfYFPkwiKCW4ZNSs2u11xAmxU6En1FTQsTVsPGFBQzp39jhK2V%2F4UnVfW9PtygPZq35F8NetikZVQAuJ2c%2FId%2FPc4VkEUfTJDquJll42R%2BXr5%2FQlcVcyBEMuWLnd0PG25Ykd0zTvREL%2BeLoZryMUB74HmWHPEFQzUDqGJVUEJ1d2Wj2i%2F5rmk80VMl%2BcvqkoAr7tKB9hteIOTh5blcergMU2doPuxTYf5Aa32v4AKXpqiBsulqIUezWRUpzvt5rNLGlFFQzm%2Bzy9Ou8cXvqHVY9V7D%2FG9wWU7DKo%2B3%2Fyqnig8fmu7Ghxb0USJm7hBjuhg%3D%3D%7Ctkp%3ABk9SR7zN2bKXZw
"Leather Wallet Phone Case with Pull Out card Holder, Money Slot & Photo Frame",Leather,£1.63,Free delivery,3 Mar 2026,1,Brand new,https://www.ebay.co.uk/itm/296182298256?_skw=iphone+13+pro+phone&itmmeta=01KJXJPCTEE7H851V0P7XAJM0F&hash=item44f5d73690:g:oEIAAOSwwt5lr78e&itmprp=enc%3AAQALAAAA0GfYFPkwiKCW4ZNSs2u11xBeTUGfPH16r%2FK4jt%2BSk8xS61X6YR1z0e1PFk0t%2BmPHEgmO%2B53j3HvleMP2Ds9wZF3MCXecU5TI%2F0I4XS8MvSkToBRWoGLcp61JGzjs2lEZbM471pVM4H3teHBuTmP4ayXUTzUy%2Bn2cT4VFInprToH59lY8fsQoShsQBtzT%2B8Ivbi%2BnEtg991AtwHkFbVYCaguN2qRnlZtU%2FPM40v1HIL2VRqNFQ80qjK%2BucBkOm1NO%2FD7V1JmUGA8Fb4ZohPsVfmA%3D%7Ctkp%3ABk9SR7zN2bKXZw
Personalised Photo Gel Phone Case Custom Cover For Apple iPhone 16 17 Samsung,,£4.49,Free delivery,3 Mar 2026,1,Brand new,https://www.ebay.co.uk/itm/205802996534?_skw=iphone+13+pro+phone&itmmeta=01KJXJPCTE4CR9WVK0PRJP084W&hash=item2fead08336:g:~rQAAeSwi25o-kRg&itmprp=enc%3AAQALAAAA0GfYFPkwiKCW4ZNSs2u11xCqtNwep83Y%2FnxTrPlJjP39tKAXiM%2B5SH2amn7K8syF%2F2GWAtLafq2hdb%2BUAhhEY7eMB7QJdwPnewyz1FnKOrF82kW%2F0g%2Bh%2BXzTQaL9hHbE5gWEOZ%2FKxkV5CKxJtkwc5ReywXTCIUKaB2Ive69UQobnzBWjSr8d5yZXE%2FVthrhZvD37EGDNza4nT3H99mZ0PWgOKj6RFtRNbhA5SjLu9ON45LhpnigqPA7kKov%2FVAYoPqU7nCxtyKfW%2B%2BxQ7V38eq0%3D%7Ctkp%3ABk9SR7zN2bKXZw
Belt Clip Pouch Holster Vertical Magnetic Phone Case Cover Holder✔Apple,,£9.99,Free delivery,3 Mar 2026,1,Brand new,https://www.ebay.co.uk/itm/162194380963?_skw=iphone+13+pro+phone&itmmeta=01KJXJPCTE2N3HN4HWZQSB8MRP&hash=item25c389d8a3:g:KGAAAOSw-kdXz9XU&itmprp=enc%3AAQALAAAA0GfYFPkwiKCW4ZNSs2u11xCVO1APCLxKn8K%2BEt8lbmaZwGdQqta2CYNfcvWkf3jxh%2B9zNC2C3yJJMGI3d2rhtfYZRIczhC2qCc3IjMh2CuFb1YOplXPFWzz6WbJHZ9L4CylTw4eX7iGCHAmIb858%2BljTdENQF%2BBuMVuNOjLhSoDhHC2l%2B7jpo%2BkJFBdGlDSU%2B%2Bw8vs2mi9CKkIZlRiy5ZodmKE%2B1KqzF%2ByS5J3OoXOT4rDJqN0oyZ90XbNrDZ9n2K8rp1zomCoe4L7FO5HFC0q8%3D%7Ctkp%3ABk9SR7zN2bKXZw
Rhode Lip-tint Silicon Phone Cases WITH Lipgloss iPhone 11 12 13 14 15 16 17,,£7.37,Free delivery,3 Mar 2026,1,Brand new,https://www.ebay.co.uk/itm/406593696928?_skw=iphone+13+pro+phone&itmmeta=01KJXJPCTE44K1P85JT80XVM9E&hash=item5eaadf74a0:g:0SQAAeSwVQJpZrDy&itmprp=enc%3AAQALAAAA0GfYFPkwiKCW4ZNSs2u11xDIPJ8BpFfwuUUhB0HRjcPuTeVvp%2Bui7VE9WmOPZqgO3E6WRU0isFe7TFEVY8%2BFSL0hTCJaTNjWIarvu4ecQI6JioDpjwxNwnSX76%2B0JeZ%2BQTmFtlCi%2BeaQS%2Bn%2BO1B6ulrrHLOD4ofy%2BMVxpbMMe4IiFRETO5aJsw5CcWB3ip51E%2FROQtqs%2BZpKW%2FeMWlmj0wnUp7lRXZefSrllOAuEIdbUS3T5tGxjiRfTMahAcLnF2ZWvxlDzQPM%2FFTQGUveW5GM%3D%7Ctkp%3ABk9SR7zN2bKXZw
Colourful Wave TPU Phone Case Cover Apple iPhone 17 16 15 14 Pro Max Plus 13 12,,£3.99,Free delivery,3 Mar 2026,1,Brand new,https://www.ebay.co.uk/itm/116518570283?_skw=iphone+13+pro+phone&itmmeta=01KJXJPCTEFGAR0J9RJ7DZQBV9&hash=item1b210c492b:g:snkAAeSwzNJpp3Tu&itmprp=enc%3AAQALAAAA0GfYFPkwiKCW4ZNSs2u11xCptVrnmSY2R4YYsJ%2BhXgzttvFGkN53urjBYDfx5z32MRCfAms%2F8%2BBIINaSYWvZgQYd33yuygjbXWKzpG4vcIGooWepndeJxLBO2TomcqNjhrKfHL2Ztqlu4SuGltXRkrpFUO691Nm%2FIUCQil20Lk%2FQZop6DQIsQpgc1zfZk7KYxEYJnj5hM%2FNrApDk%2FKp9UlFV3tTgDKKcAgzBp130zbnu8zPyN8kv2y3qQl48R9klxUbZzJAMwI9VdroNjlDKGTA%3D%7Ctkp%3ABk9SR7zN2bKXZw
Clear Floral Phone Case Shockproof Transparent Flower Cover for iPhone 16 pro,,£5.99,Free delivery,3 Mar 2026,1,Brand new,https://www.ebay.co.uk/itm/376827291292?_skw=iphone+13+pro+phone&itmmeta=01KJXJPCTE7J3F7ME57MGTWKV0&hash=item57bca8269c:g:f54AAeSwUpVpm9sZ&itmprp=enc%3AAQALAAAA8GfYFPkwiKCW4ZNSs2u11xCCU31HenRkzblpDxdRRDp9VeeoXahwkYsaVZT818H4ARM5QOwfBajV0pGcOm%2F8PpO8YLNIJCL8M8QpF%2FVrJCEk0VB6daOrNIv1jGnecyZcYiWiQ%2B1UxDyqBu5pzZKHqWpCu4qwdSasFgsWszqpeyXLmEv%2FoPAT%2BOk2Hl8JVjKLhse9MMzN4m2W5yZvGxnd6uyGkyTqx396Tfd5mWSznBW4rzQWuzxNqETIUXuK3E5x731ZFZI4V8MKngw8gEVy08j7BaMyGnLA0zLikdZh5MrFWaixe9eOYnG2I9g%2BlauWNw%3D%3D%7Ctkp%3ABk9SR7zN2bKXZw
CLEAR FULL BODY 360 Case iPhone 17 16 15 14 13 12 Pro Max Shockproof Phone Cover,,£3.79,Free delivery,3 Mar 2026,1,Brand new,https://www.ebay.co.uk/itm/146799373007?_skw=iphone+13+pro+phone&itmmeta=01KJXJPCTE6CKE5Q7FR8FQ67QH&hash=item222decaacf:g:6~0AAeSwO9tosKFt&itmprp=enc%3AAQALAAAA8GfYFPkwiKCW4ZNSs2u11xA1tOf%2B%2BXc6UT34mX%2BFqHW06%2ByM9HUPB8g11EfaqSNicZp2kvnuBWb0QnRjILaKpqIKj1xLaaYxAc9YUZlcDz7Zvh71%2Fp4dgy%2BJ%2Bmp7Gonj0ucKLjbK1DkN%2FndYzytO3ObG09h5aw5vt4S2A0u3JeWkfVcT5dsSKNbrDBSRXgpq1mocsZ0DPtaiHuKhcAc1MD%2FNuFdb3iqASRf4Ujnifhxxjf3oYZltfUV%2BdIpThs7tkMgHoJKnGUg9nbwj74nH3qcW6E%2FVkYd8iXjmW7GA%2FvdcRuYZuUZ6qKmwXw%2BLjbMT5A%3D%3D%7Ctkp%3ABk9SR7zN2bKXZw
Phone Case For iPhone 15 13 12 Pro 14 11 XR Se 2022 8 Wallet Leather Flip Cover,Leather,£3.24,Free delivery,3 Mar 2026,1,Brand new,https://www.ebay.co.uk/itm/166329207737?_skw=iphone+13+pro+phone&itmmeta=01KJXJPCTE7G9CNHSJA62H0TK3&hash=item26b9fe4bb9:g:jpIAAOSw2GRlAfyv&itmprp=enc%3AAQALAAAA8GfYFPkwiKCW4ZNSs2u11xDun9kCWAJIqFV1mfYUM0lrQ3F8MyzuIWkrXBmiNLb%2FTSoX6pDXqI6e9b%2BF%2FGjwB6Rbbor71EUHM6Vtqi%2F7gXRNzOERPtDZwDpxYTixIySSXb5XIhpGnJdkjYWT5e6ZsKOlx5OCs06RXkga%2FSpMFz4UHqEMVGVfyqU2ewtsiIQax3S9e8446dqejRy%2BmkxTRjUjhBpW45fESlQ%2F1rEIZ3Uxfc1tMSlD0Me%2FN%2BUAZUkOrWy4ucnhYhZeWs7vz%2BAZ50TIU7XPKyFJi50xOv8InOjOHzGd9MF0KcLYwV55QCxzRw%3D%3D%7Ctkp%3ABk9SR7zN2bKXZw
Rhode Lip-tint Silicon Phone Cases WITH Lipgloss iPhone 11 12 13 14 15 16Pro,,£4.99,Free delivery,3 Mar 2026,1,Brand new,https://www.ebay.co.uk/itm/406434076732?_skw=iphone+13+pro+phone&itmmeta=01KJXJPCTEXVH6XYN06TKHCC2M&hash=item5ea15bd83c:g:e9YAAeSwCQBpK3Yj&itmprp=enc%3AAQALAAAA0GfYFPkwiKCW4ZNSs2u11xBXhaO3z9J4JvVM9%2BqlfCN7Zt1dRe1PIOnG3FMfjzKU%2BleKomceIWJoehWyoFrf7rCpmXc8sUrl6eLkZGrGOo5wpJ5Ok4nycf6bEzLQzH65WDncupGfQbV6uKxxUDW4tXUWJEch68DDUV%2FRaFWwMPyA%2Bw0B4mbwnE%2FC%2Fi6vCggeFNJVPn5N3XOTd4lDTCKzlJQmdSxAzNOUnVOROkymaACcHd3UEBJ%2BD%2Ff3P7UBFJiTZfJLdkX8fRSeuYwtfXdS6Vk%3D%7Ctkp%3ABk9SR7zN2bKXZw
Quad Lock Original Phone Case- iPhone 13 Pro Black Used Excellent Condition,,£10.80,+£2.94 delivery,3 Mar 2026,1,Pre-owned,https://www.ebay.co.uk/itm/168200045774?_skw=iphone+13+pro+phone&epid=27054361761&itmmeta=01KJXJPCTEYN5HE4MAF0AKN8ZS&hash=item27298104ce:g:~80AAeSwXstppbOM&itmprp=enc%3AAQALAAAA8GfYFPkwiKCW4ZNSs2u11xCa1AvZHgAVL9xpUgIWW4ZczkT2orPmJONwLaeERP9SLciB5PHGRmlEHBHOOzm4bkkLRD9MN6x0tajE2cv30DaL88WkEJQ%2Fl9QYBEutPoPS%2BSRc9ucL7A%2FUXnT%2F2aiAR1tUNATFwlyazpEUo8L7RTds5XBXZ%2BvkCPBWuuwonKzpLVWpTexdleKq7CaUOtYQ6Muk0JR8FCw1Y1ew8Ymm1LsmS6E%2FXNVint0%2B6Qe8bkoaoUx5xCXbeAP%2FYso46oJnrvwzSCkzEcd1v%2BltX3PlJFUQKdVGELoWFGPLUIS2kJ4HWQ%3D%3D%7Ctkp%3ABk9SR7zN2bKXZw
Personalised Shockproof Phone case Kids Mobile Cover Oppo Samsung Huawei #f4,,£9.99,+£1.55 delivery,3 Mar 2026,1,Brand new,https://www.ebay.co.uk/itm/315781640400?_skw=iphone+13+pro+phone&itmmeta=01KJXJPCTECN4QZJ1YP3A9BMFC&hash=item49860d70d0:g:bZEAAOSwtIlnMkBz&itmprp=enc%3AAQALAAAA0GfYFPkwiKCW4ZNSs2u11xAxNSpqOOlZE6dx9KCx3hFa9VFnbSDnvPdxPTC3NmLSXXrbp4YnBFd%2B9yB9kgmrGAr4YDVzS2CMEb%2BvzL9DOAqcHnNaCZXyVh2uSN4BqHtIJlhaw8AwAUWB2gfZsLxZq6YPqWvJktWvBWXe9Un9oBXZ%2FVexTTGybBJm0Zr8NllAIiLThnVS2QTCMNHsHf8anruqjz8KxrDpRh1u9iV61UhL5WfGXrxkfVqRmIC0iyYsDSLECufvpDoDSnJCUXDhOo4%3D%7Ctkp%3ABk9SR7zN2bKXZw
FLIP WALLET PHONE CASE FOR IPHONE 17 16 15 14 13 12 SE POSY FLORAL RETRO FLOWERS,,£2.99,Free delivery,3 Mar 2026,1,Brand new,https://www.ebay.co.uk/itm/266399904497?_skw=iphone+13+pro+phone&itmmeta=01KJXJPCTE4WXDRQ7A0TD5JJCF&hash=item3e06abf2f1:g:5a8AAOSwqRNk9eGw&itmprp=enc%3AAQALAAAA0GfYFPkwiKCW4ZNSs2u11xARtdmW3IA%2Bq64mrKEmffZXogamEVxGZ9CmiBUWtIGnzl1en7p0gGzTBHevfW2GlZhlcbRMGlbRQNlwPOQQOIH%2B0POncNmLzxzZXB3fDN%2B60RhjtGAY5qGheABainZtnAJgFzTWx%2F9%2BljGCyNx4BSfG0JTy5rUfiuBYQwXfpORAyJExYFaKvJOZxOPKXBXuAHXwr%2FiyfzkeZ975jZlzbQXTycatURYplYGsn8UHASif11fIiWQkyVVtx6X0IiEupS4%3D%7Ctkp%3ABk9SR7zN2bKXZw
Ozzy Osbourne Phone Case for iPhone 17 16 15 14 13 12 11 Air/Plus/Pro/Pro Max,,£8.99,Free delivery,3 Mar 2026,1,Brand new,https://www.ebay.co.uk/itm/127579426100?_skw=iphone+13+pro+phone&itmmeta=01KJXJPCTEC7GCRVWVQ8HWVE9K&hash=item1db4538d34:g:0SQAAeSw-Pppe3hX&itmprp=enc%3AAQALAAAA8GfYFPkwiKCW4ZNSs2u11xDoZCakUkEmiWtUOgkoyfxvX9%2BxEPGNKLWYJeHYnUlRznvcup7sQE%2FPxLZ6DbSaHxBnk7zs%2FB5Ss1r0wrYA1TNHFGWgSIkAzl3G%2BQgQwTOeNZiAmvf022RnUMdwvaKLjgQxT%2F4ljWQCZQinhgzUpCqUkm5B7VzaMjDNsCTAPRQNk9xVnyJWt%2FDqv31El4erUhj2B8s5z981KuYzz%2Fhf0Mr766yUd2cKDoFAyO1S4kPGzT01S4E9eZclKqYIZda1SN5%2BWgPmB1XLVNVx%2BK1eSiZWTX1ZdTB%2FlOaw%2BNLnnErqYQ%3D%3D%7Ctkp%3ABk9SR7zN2bKXZw
3A Fast Charging USB Cable For iPhone 14 13 12 11 Pro Max X XR 8 7 Phone Charger,,£2.51,Free delivery,24 Jan 2026,39,Brand new,https://www.ebay.co.uk/itm/177746449854?_skw=iphone+13+pro+phone&itmmeta=01KJXJPCTFDQ6V8YEFA873R0RX&hash=item29628395be:g:ghoAAeSwePhpW83k&itmprp=enc%3AAQALAAAA8GfYFPkwiKCW4ZNSs2u11xCQC%2B4Uv%2BEDFxvvzr1soLm2STc0d4%2BLVUMvqGO2YyWpRAGv554LkMK5CKvl6zqxEU0Vph%2BUcT5%2BK9G8%2BJAwGz7PLYJxb9q%2FPmCHf6S9GzU3MzHnHotSsi9INxZe78%2B0IgNCR0wAMho4d1BAIsIyaQV6RQs2yy%2Fx4oARRoNAYcsA1oLyheS35SxLwZ2zlVSGydjX5LO%2F1udYLOq84kwYFtFqRPwMz9FhZ1%2BqrmMHqIu0B7QPKHNBMj92FuUY5QQnEC%2BZEAbVYLBHcwcyTM0n1WuywQat7O87Wa0MxRlYyv0sGQ%3D%3D%7Ctkp%3ABk9SR77N2bKXZw
Rhode Lip-tint Silicon Phone Cases WITH Lipgloss iPhone 11 12 13 14 15 16Pro Max,,£9.03,Free delivery,1 Mar 2026,3,Brand new,https://www.ebay.co.uk/itm/127706406173?_skw=iphone+13+pro+phone&itmmeta=01KJXJPCTF9YT36W4D0C3327R2&hash=item1dbbe51d1d:g:FNcAAeSwhGppHXVX&itmprp=enc%3AAQALAAAA0GfYFPkwiKCW4ZNSs2u11xBate70nqVRi%2BfW7Sm56PWc06BbRPJSeEC%2BPrunugGUd6yvglAFzLok%2FAQuXUffX6WWNsDaok6f%2B3Ap5ZnYBCGd0FO8xSmgYI3%2FCTLS4v3zbQnLJ1Db3YJ5o0X25YPLBFVmvMdgumFknCW9nI%2FBSu39p3tT1cTa5G3fdxfAPzyRu4GEz%2FVoL5tQg0ebtn%2BToDujkdFQJ38MPlIzeszYb1ySWYj758cawtysK1SVb0SCcmqHZxzRwupxtngY2VRBIJQ%3D%7Ctkp%3ABk9SR77N2bKXZw
Wholesale Sublimation iPhone 17 15 12 13 14+ 16 Max Pro X XR SE Blank Phone Case,,£3.49,Free delivery,3 Mar 2026,1,Brand new,https://www.ebay.co.uk/itm/156900497905?_skw=iphone+13+pro+phone&itmmeta=01KJXJPCTFA2R4FF0B1SE5P12J&hash=item2487ff99f1:g:CwkAAOSwzoJlqSzt&itmprp=enc%3AAQALAAAA0GfYFPkwiKCW4ZNSs2u11xDhWoc69n2FXU6G2I3PHjBtP5zubm8lFfpqfGxaz6QAcmIZDH4EwlTwP9C4SPzE2hKk8CwoYpLnBCyBEwBeWPKYPZsb8PLhWdZr3sjN6Z6sL0modCsH%2FknKfnXnHqFKtfDpl4aisjc3DvoPVaHaS66ksBxAtnv0slPA%2BC2--1h35PooVhpWybrbwTniuEtvlWvmuRdvKxgkRUf0Y1WxM1Odn6ewpumJnf6jGS7KFs%2Bwr6JACemqopgCbn5vMKv5yEQ%3D%7Ctkp%3ABk9SR77N2bKXZw
Spideman Case For Apple iPhone 16 15 14 13 Pro Plus Max Protective Phone Cover,,£2.78,Free delivery,3 Mar 2026,1,Brand new,https://www.ebay.co.uk/itm/157000315089?_skw=iphone+13+pro+phone&itmmeta=01KJXJPCTFEZGF8JMVWYJZZ04J&hash=item248df2b0d1:g:L0YAAOSwsa1oKc9n&itmprp=enc%3AAQALAAAA0GfYFPkwiKCW4ZNSs2u11xBc%2Fg6IAPPkk3LYFFRbicHtA2PoAGh2pUZwqo3DSmazpvb3cL6gTPFXL8kr3sztdjW89YuAuInGnuLuDL4Fd%2FJjrplpB%2BNRzVyf5pbYSJnelAmcRAHgCY6aEJwlBRXX8tmoMZkKvM2oYlMGMTaCiFp4he3iNn4B%2FvvO0aCfwbT9uKAcF2MU%2F%2B%2Bupv1DYjVj07mG3%2FTIEfvMtjY%2FONf9FuEPvONg1ORfLUk8UXKjnznW5yigSwn6BLLac%2FINSKNmSRI%3D%7Ctkp%3ABk9SR77N2bKXZw
"Leather Wallet Phone Case with Pull Out card Holder, Money Slot & Photo Frame",Leather,£1.74,Free delivery,3 Mar 2026,1,Brand new,https://www.ebay.co.uk/itm/295557324489?_skw=iphone+13+pro+phone&itmmeta=01KJXJPCTFTS0KG8VARCBWRBMP&hash=item44d096dec9:g:srkAAOSw~whoBoeI&itmprp=enc%3AAQALAAAA0GfYFPkwiKCW4ZNSs2u11xBkeWqzr6YYKh3YSezYPvQZ3mCL2Vl0LbixryZfDzZMPwN9HloHB%2FaY7YwobNf0cZXevWfatCooROavUgpVBQkCMS3RGZtPZlbTabPgN9a2F84nQKEiW0XEgtY3x7hAqugmpuG9QCNNvHhq3b0nTMKr%2BrU8CV5sEJszAlq5FT7AQZJeTlSqUubKe6QzTdqIrrwL9Ga1ae4vAf5kH7Vsmb2x%2BudBEQwHhX36BqKd18u8JXO6ziyRJhcuu7IL2DOxLqA%3D%7Ctkp%3ABk9SR77N2bKXZw
Rotating Telescopic Phone Holder Car Back Seat Headrest Mount For iPhone/iPad,,£9.99,Free delivery,3 Mar 2026,1,Brand new,https://www.ebay.co.uk/itm/167062295889?_skw=iphone+13+pro+phone&itmmeta=01KJXJPCTF89N00X1W7WACMN40&hash=item26e5b05551:g:id0AAOSw8xdixmAj&itmprp=enc%3AAQALAAAA8GfYFPkwiKCW4ZNSs2u11xC9c8zrkXaZvsgVxGzodoEm8GGVrcUpIDjviMP1gB2ZgtwWRn4R%2BaNoypmaG0IzHBYb%2BI%2FLZ%2BfbG6K8%2BkHVbCv%2Bt32lizoYhJFdePR1w8bIW1xKL%2FIxcpaDgqT61ZJ2mYpqkYYO5EQ0bt94WWEyiQkHk4E%2BBX0zebgqVqucpdvkd74957sALZDa2H%2B1JLo0t10nixRrPSG8BKx%2BXl1XXL9O32dJk9l66hdmVhStLiBrqZC6ISROE67NtIT2OGDkWZdQUVRokf2ujuWcemjYi1L3BhaE%2Fu64RtD6L72Hi0YlnA%3D%3D%7Ctkp%3ABk9SR77N2bKXZw
Stranger Things Phone Case for iPhone 17 16 15 14 13 12 11 Air/Plus/Pro/Pro Max,,£8.99,Free delivery,3 Mar 2026,1,Brand new,https://www.ebay.co.uk/itm/127617450646?_skw=iphone+13+pro+phone&itmmeta=01KJXJPCTFQW7G36DERSXN1EFE&hash=item1db697c296:g:dl4AAeSwGjBpikBx&itmprp=enc%3AAQALAAAA0GfYFPkwiKCW4ZNSs2u11xDczrTpXA5%2BDijczgglwU9sTLK20s8COm5qrUuH8vHfaqWBDgfUvGatJ5kPPE187H%2BP2SX0fO%2BbxTz8xmX57D5RXCrg7vsqpIGOKAU%2FnTtBvPN06eG8PWVkMKivcl%2BWNytMPNZfpGUvDmmQi%2BZtWv3YJXrE4%2Bjm9XWay69GzPKbyg7Slt%2BT0pUvRLn72KERDXhts7pxkZWUxdUxsnCOx87fni7cGzT6LuXvR%2BiCezXvuchvS0ylI453Mj4%2B8A9o2Bw%3D%7Ctkp%3ABk9SR77N2bKXZw
"Pokemon Character Phone Case For iPhone X/XS to 16 pro, max, plus, mini",,£9.99,Free delivery,3 Mar 2026,1,Brand new,https://www.ebay.co.uk/itm/116407349006?_skw=iphone+13+pro+phone&itmmeta=01KJXJPCTFS290GATEAGAY6MT4&hash=item1b1a6b2f0e:g:ROsAAOSw6PVnNSko&itmprp=enc%3AAQALAAAA0GfYFPkwiKCW4ZNSs2u11xBxdN4zAGP%2FhG7LhcABuWiPlDIzFuFzfHiIaH7anvhickQpKDbWYrri1v0EszoeDnukYYrkDPOApGrOr57aBXUHKElcYb19fIQuE%2FHVp9PJZcrvaY%2Fi1ArnaXubyKBM5rHIyYAeNr0ZoQwjZOuuXjulGDvbCvsX8dAGBYjbaWSDJd4iHxM%2B24G3EWUvXfVNq4Z7codIa%2BXu4ZJIwdjv9iCFwYNlK0oLlVvVa%2BDKSNu3eAf6yjyXN2ROC3H3jqGQ2a4%3D%7Ctkp%3ABk9SR77N2bKXZw
Shockproof Leather Magnetic Phone Case for iPhone 17 16 15 14 13 12 Pro Max Air,Leather,£5.99,Free delivery,3 Mar 2026,1,Brand new,https://www.ebay.co.uk/itm/387884561431?_skw=iphone+13+pro+phone&itmmeta=01KJXJPCTF4BPKCBSGH29RKR3Q&hash=item5a4fb8b417:g:q3YAAOSwjXxnowP5&itmprp=enc%3AAQALAAAA0GfYFPkwiKCW4ZNSs2u11xAZXCPj5XiGvOni1IVXfinC3vK4x1j3il5TNv7YMepp%2BnnOCVfwpdPn7p%2FndEnub36IOzoa4B4pjeqA6TA6i1buSypH7pZvwl3d7yQvTiA%2BkByLAJ5gb490W5TtbCIbDsvnXhHKiCyv8vxrclV42vF%2FciXanGB1wMNlPKCw3jFuOckb6Ox1iqnfidArVh8sqxbZAphGARL1RgGi8lBfLJRGrI9COzLP%2FbqFLnGqgk9w80g8nU0VTTkJOgNiCna2yuc%3D%7Ctkp%3ABk9SR77N2bKXZw
iPhone 13 Pro Max Black And Red Metal Phone Case,,£5.00,+£2.94 delivery,3 Mar 2026,1,Brand new,https://www.ebay.co.uk/itm/327016585426?_skw=iphone+13+pro+phone&itmmeta=01KJXJPCTFKQV35R7E4JJQEXGX&hash=item4c23b518d2:g:b~cAAeSwwQ1pU9U6&itmprp=enc%3AAQALAAAA0GfYFPkwiKCW4ZNSs2u11xA5I%2BpUhk7OaLcOEatxOBY1Wy0L0tUPHikJF5kFW3h4l3XTwUkeTrK0iFtGsv6lvMfycinnpMjR3XsZ0FC%2FICqhKO%2FTlcGBbZ6UheOe2BXFsbobbXn1dYVvQ29Gm84PPRkmMj4Ga9OKNpJFwoVA%2FyPX%2FmWmwMMQU2BDzzS2sZy60tGFWmm2g2UaWVGQHTOCoetWBB7YgVmFJU2iP0fZPFBK3StaUbSDEYlmC0jKc2bHFMQAAvb6QRj81aQnSkxOoIg%3D%7Ctkp%3ABk9SR77N2bKXZw
For iPhone 12 13 14 Pro Max Magnetic Double Glass Privacy Anti Phone Case uk,,£6.80,Free delivery,3 Mar 2026,1,Brand new,https://www.ebay.co.uk/itm/386382618525?_skw=iphone+13+pro+phone&itmmeta=01KJXJPCTFF6D1Z2ZZMZSCBD2R&hash=item59f632df9d:g:GyQAAOSwKrJlcru1&itmprp=enc%3AAQALAAAA8GfYFPkwiKCW4ZNSs2u11xBc5L9pM3%2FTE5%2BPNTg2XclTObUBdds3AqEsfI7xU1vkY5D%2FzmHAH2JKi4v6qRg3UrezAeb1rHrCrJj9FKMY2NI42OYXa5K%2F9kuvqxmTZ9J4dJXlTytbI%2FCIwHcNU%2Fu5g4%2BL2iix0HSl6vkrYWPq1LvQJmlVwvfKJEnrej4lZ0pqpEDpGA4hjAZagiTNByGAu%2FvqSOPM9DiWcj37Hw%2By0LzLy%2Bw%2FItlNZ1eS8a6DSaX30v4zDNrd1v0vcFdkzyjziYFqSY43CbbFHcei9Ocou75vI0oXCJiKKkhci%2BszBktzPw%3D%3D%7Ctkp%3ABk9SR77N2bKXZw
Luxury Leather Flip Wallet Case For iPhone 17 16 Pro Max 15 14 13 12 Phone Cover,Leather,£5.99,Free delivery,3 Mar 2026,1,Brand new,https://www.ebay.co.uk/itm/136417139417?_skw=iphone+13+pro+phone&itmmeta=01KJXJPCTFJJAAG8X4BE62AQNZ&hash=item1fc3185ad9:g:l5EAAOSwYTpm6ocg&itmprp=enc%3AAQALAAAA0GfYFPkwiKCW4ZNSs2u11xCCZtzuIrrrr0MInwFyKjg1nRVZhNh36FLqmQbJsf6HOwbgiXT2S7BcNQxgxqBp3bA16f3YhjTJwhuN%2BKOWU8c2WKc8wG0lmCiNVWmGTFhbT%2BHB0uoJgP3On4bVw%2FimYdJSqOfWvdsBDJtbK2qxeOiQAkhTEST7fR5R12fhTxh3CMrv1ZQy3Qa1sX9SPoDk09%2BidQpvKfaVMOQDN9c0TngyJG3aY7qQl2uWoi6ZOabq6ELUp8cBhBT3fWejPupaqMU%3D%7Ctkp%3ABk9SR77N2bKXZw
Disney Cute Stitch Phone Case For iPhone 16 15 14 13 12 11 Pro Max XR XS Max 7 8,,£5.79,Free delivery,3 Mar 2026,1,Brand new,https://www.ebay.co.uk/itm/167324297151?_skw=iphone+13+pro+phone&itmmeta=01KJXJPCTFMDG71KYRD54S9G97&hash=item26f54e27bf:g:PAwAAOSwLtFntHz8&itmprp=enc%3AAQALAAAA8GfYFPkwiKCW4ZNSs2u11xClPQUwHDSSFsBnkU7f26kuTKY2GsenG8u9hnLdI7oI6koDW0Lq4M7zGXwz7lN4Lc4Mc5uQ5bg9skwbRvpeO4fKQawlJw6MRLMtmNPvzyDPKVbdxCLf0LZeqHwahVTAJh8zENAC%2Bwu%2FkwvCvHrrd3%2BIVIVpg5qAxPPpeYgFP%2BOo%2BMQcm%2FkVblnIbMad32pmOulnlHpabHWV3%2Fa%2BlcIuakUhqYkUNHwxI4t6qWr%2B7GnQg0TIoXH2FWpVu4MLsfICjY3I4kk%2FPVF%2Fx4awU80eS8teEURN0amgiXag7zLRo3ZVBg%3D%3D%7Ctkp%3ABk9SR77N2bKXZw
Personalised Name Boys Phone Case Cover Shockproof For iPhone 14 13 12 11 15 XR,,£9.99,Free delivery,3 Mar 2026,1,Brand new,https://www.ebay.co.uk/itm/355158239441?_skw=iphone+13+pro+phone&itmmeta=01KJXJPCTF399GDPPN5PZY5B3C&hash=item52b114a8d1:g:kbIAAOSwor5lQ8Z4&itmprp=enc%3AAQALAAAA8GfYFPkwiKCW4ZNSs2u11xDrkiOyJKmakRyPiYjt0nqUn8qAA8oa2DdApGFgKF3qPqEYNm7ccS%2BGQJ1%2BNKl%2BA1KtrVip%2FZganMP93CB9kTjpmmLYhZqu%2Bo%2FP8aXKFWCr--YNEKX2F8u1stqsrJk8HMzUukmnjX5%2Ff%2F4CeuGxqQfxoWq5NDYoBZkvf8YW2I0D5ZzWJvhE%2Bd2SCw9OcmWuZTytrl6%2BarJ26DFR7UgZdqXDjM%2BOXnsN83MYCecZ3jbJZ5YHdvPWPPp545iTW0x2nu1Wx8LXfiVFGKATeDXsAxH%2F9LtozaE1cC3lIZsq%2ByjujA%3D%3D%7Ctkp%3ABk9SR77N2bKXZw
IPhone17promax Mobile Phone Case Iphone16/15/14/13 Mobile Phone Case 16Pro UK,,£13.20,Free delivery,3 Mar 2026,1,Brand new,https://www.ebay.co.uk/itm/136941689487?_skw=iphone+13+pro+phone&itmmeta=01KJXJPCTF3GTQP55M0QBE20SA&hash=item1fe25c5a8f:g:RSYAAeSwKpVpZPLB&itmprp=enc%3AAQALAAAA0GfYFPkwiKCW4ZNSs2u11xA511VnDBZbOHC3znaLtc8l2LZFp7GBSzkAHbkuIC7XSB1vWNL6DzuLhd9GTffK4iE0iQaMR2%2Bz8De3thYDgnEN6%2B9RgP%2FbtIMNNFYKXiaP%2FBjRO3HbItWAaP31yIlfR9%2B%2Bu%2F9Z4SKC9WquVxo7TyPjql7Ep%2Bp2vOyFepvhQY4YsNHb8Uxt9lKGOMuoKzt6AjSFeVJ%2BT9e5jxEjOgcYz9QwwqDXt6V1nq9k%2FLglX4PC%2FqNfd64HtvQbix1gTTbZi8s%3D%7Ctkp%3ABk9SR77N2bKXZw
Black Bow Phone Case For iPhone 16 15 14 13 12 11 Pro Max Mini Shockproof Cover,,£3.09,Free delivery,3 Mar 2026,1,Brand new,https://www.ebay.co.uk/itm/286405990036?_skw=iphone+13+pro+phone&itmmeta=01KJXJPCTFFHH6SPZYAR4B7WW4&hash=item42af209694:g:34UAAeSw76Vn0tSy&itmprp=enc%3AAQALAAAA8GfYFPkwiKCW4ZNSs2u11xB0Wl4NfZPCyUD5G3LWy2uJTxdX3MDlG%2BdW4yXAELR78T09NHK%2BWrr0a2MYjviJq%2BMJwHLfWQ1yYmc%2BmxGUk9YEijLAiAJdSdgVf745I%2Fi7HC3AIl1H4IBZuWRLn%2FWTxfRM7E3nmeP59mVy4qBJ8s%2BMwdXlvG5WPwlwd5qiePGdykUqiWbKGApUxCtM1%2B6oM102tJfL8oAG5mjJufToVDDtVaXP1FFPEWqFDTFi6P83eeEosYc%2FlOUBdnJS7kYK%2B8aIhLvxb%2Bzbqfgel7X6Y7F4Pp7URutmTZzRgazvp8hYgA%3D%3D%7Ctkp%3ABk9SR77N2bKXZw
Tech21 (iPhone 13 PRO) Case 3M Drop Protection Shockproof Slim Phone Back Cover,,£4.49,Free delivery,3 Mar 2026,1,Brand new,https://www.ebay.co.uk/itm/227211273785?_skw=iphone+13+pro+phone&itmmeta=01KJXJPCTF0JCSW5X3F1GNZ7T6&hash=item34e6d8e639:g:574AAeSwqZhpixEn&itmprp=enc%3AAQALAAAA8GfYFPkwiKCW4ZNSs2u11xD7hwnwRDbX847wL%2FlUwgwaTr1ouvXHT7DNL7mu%2FfZyB%2FpgqtQjVBvRIu%2BE4l4WRYUXippdQC9pMBtYcWBjJINnxqf5hfB1%2Fe%2Bbl4JZHEe%2BfsXssagVOorlAVmugv%2FC78TcLdOQo3hxUziZYLziSdRIykOtRjG82cvn90r8bo4mqc1Mp8at%2FwDg5mO6IvUebRa%2BxA5YxdsGkwKdJ6QBy07X9Xr%2FWV%2F8mJnzRjbK0q%2BfIoANllLsLkDlWETmuz68LMbYQAkJZipqC4TzYzVZ2an81JizYrnYaw1Kf3CbW6Tfyg%3D%3D%7Ctkp%3ABk9SR77N2bKXZw
3A Fast Charging USB Cable For iPhone 14 13 12 11 Pro Max X XR 8 7 Phone Charger,,£2.51,Free delivery,3 Mar 2026,1,Brand new,https://www.ebay.co.uk/itm/177746050401?_skw=iphone+13+pro+phone&itmmeta=01KJXJPCTF2YP53W8EZDKZ1D2W&hash=item29627d7d61:g:OrIAAeSwIW5pW6e5&itmprp=enc%3AAQALAAAA0GfYFPkwiKCW4ZNSs2u11xCnrI1Z0QoQxc%2B%2BELYp2qmtlJLj7IjN1k0lrr5M75GUaTYaU%2FE3JDIj0mfaXM44VV4EpCvq9o6cu%2BRp879P3UYyhVP8JWQ3wYmaMJBTwPA9pRORhDGP%2BtzwB6YDuO%2BGIzg9eul7MzD8JNxWO7Yg4hKc38%2BR9xg44J3muZr5ZYrDIY6cYy3jUjRfzST1PaXbxBVUuKufs7WZd4GYLcZo4k%2Fg9U7viu8LRxx66nV6HtjoAo%2BzGbMG0Bm3WjnfrmW0QRk%3D%7Ctkp%3ABk9SR77N2bKXZw
15W Wireless Car Charger Mount Automatic Clamping Phone Holder For iPhone 17 16,,£9.98,Free delivery,3 Mar 2026,1,Brand new,https://www.ebay.co.uk/itm/387698298380?_skw=iphone+13+pro+phone&itmmeta=01KJXJPCTFMRQKP7F5CM2CMSPS&hash=item5a449e8e0c:g:7dwAAOSwysBgiR82&itmprp=enc%3AAQALAAAA8GfYFPkwiKCW4ZNSs2u11xA0R3UXj5cWuJXaJ%2F42IRgPuEcjxU5aGQwJOl4cxCfWGyUKjIJGTswE7f52%2Bz8BxHYEjlnDoKEmlhCzKRebgLQJlIEuc0FxQW4jzCNCgtezUJJ30fWBXQ5niNTx8ibelIq7NduLu12RfWgZ1tVDx2vB0HOzx9KZLRm2yAHnBl7jOOkRjArguas%2B117PrBcpTNc0or4LfSjZmFxG9WXerewsHP26lhnE1lBP3uadXgo2v4RI1kx0RrxonKoJ2P7%2Fn4j4urrlU4ifNiI7zAZb2K6Y%2B9%2Ff6MUUU7tM3tqjA5V78A%3D%3D%7Ctkp%3ABk9SR77N2bKXZw
Billie Eilish Hit Me Hard & Soft Phone Case for iPhone 16 15 14 13 12 11 Pro Max,,£7.95,Free delivery,3 Mar 2026,1,Brand new,https://www.ebay.co.uk/itm/116583906739?_skw=iphone+13+pro+phone&itmmeta=01KJXJPCTF5RP7Z7H000AJA51W&hash=item1b24f13db3:g:5yUAAOSwm8doE6~-&itmprp=enc%3AAQALAAAA8GfYFPkwiKCW4ZNSs2u11xBmGl38vs2rtPozznigKzM%2BPQ2eYve6%2B9Jo%2BBt8YyrrG15FS%2BOkivjSpXDdGjqG92s3nHekyadgb%2B2jvuWxzUOOdO%2FFhBSFaJeQW3IyWcnv9sGC5kIo3e2n7aVHzJv7puq1EwKbrtvhk17XCy1iFC3L9FGZBGCxseIFbN9%2BzKdrmrXSNOZyVxWVdHpJsOYcPmROqpx6JnqeSbLBBWx2QmHkEZPnjTBjGtYDVOBZQvpjBp6HyywIdDkFD%2FeXEhARWsCYv1LVkUksq91xLXd6ZpHulGKiQNaQ5Rn2Ge5oNdCbfg%3D%3D%7Ctkp%3ABk9SR77N2bKXZw
Swimming Waterproof Underwater Case Cover Dry Bag Pouch Armband For Mobile Phone,,£3.65,Free delivery,3 Mar 2026,1,Brand new,https://www.ebay.co.uk/itm/256896461645?_skw=iphone+13+pro+phone&itmmeta=01KJXJPCTGGFX8V6ZKXC8Q9JMC&hash=item3bd038eb4d:g:dwUAAOSw1CthLyB1&itmprp=enc%3AAQALAAAA8GfYFPkwiKCW4ZNSs2u11xAHhfdnAEzYkXi8AOS5%2FsnVaygqSHesnP6Lo2XuOE4DzETgFP7UO3BqqYZvGVMDQc5jc1WDNhvWW0wCHp%2Fpzi4QZyeb5qajr74TdZ3cKx6%2F%2BUtUCI8gwypQJwc4NdontzN6phFx5ZjOVklfbrHZH3HoFXtY3W9fxjABu8YXj5rJv68aOcm74fWkciM4ZQ%2F60CuZ2y0hAbYwvaGCuuJWzn9warpKB0E0xLJMpYaFptkJi6eFpPh6bSR7ZL9N9908vsSmik01mL0wpf2dEm9t8FDoefDyCR6lznDryj6FTBUvbQ%3D%3D%7Ctkp%3ABk9SR8DN2bKXZw
"I Phone Premium Tempered Glass Screen Protector Apple iPhone 15,16 MAX,13,12pro",,£0.99,Free delivery,3 Mar 2026,1,Brand new,https://www.ebay.co.uk/itm/165254180397?_skw=iphone+13+pro+phone&itmmeta=01KJXJPCTGR94FBW21J9YCJB4D&hash=item2679eaae2d:g:5R0AAOSwlqNjiHsL&itmprp=enc%3AAQALAAAA8GfYFPkwiKCW4ZNSs2u11xCMmDctzlj8ECtCsITq2f4DFbYssEO5l4dMrqbOMxTuN2uAzSi5Eg2hYjlHU5XMQuJqd7vYKI1EzQND0%2FAqcottAQVLSG28Mcqxd%2FKxkIsfkPrteNa85TuXBgdVh00F0oNDGpnITXSqCodtTo6Cu4GRWhD6uEoPgqpsYhG4z0p%2BYI2XytB4PozOTfJYWioAISb6CNmVTSifpngnKJtQ3qySaJEHIRHa2lBfWI1x5wBgCYK90bSb4NHjzuLXSUAD3htwJCyvaj1rERsS7vkEPUNmjHrBa0iitxYdyn8yMMDoUg%3D%3D%7Ctkp%3ABk9SR8DN2bKXZw
Girly Heart Phone Case For iPhone 15 13 12 11 Pro 8 SE Shockproof Soft TPU Cover,,£3.99,Free delivery,3 Mar 2026,1,Brand new,https://www.ebay.co.uk/itm/184891207527?_skw=iphone+13+pro+phone&itmmeta=01KJXJPCTGJB7DWSJGFG66AN2N&hash=item2b0c5fef67:g:32cAAOSwCz9gyhj5&itmprp=enc%3AAQALAAAA0GfYFPkwiKCW4ZNSs2u11xCH6qMJZLH1zQ9EUC%2BVwfcYqhH%2F54oXPkno6S2wuPntPp%2FLgxYMz7VBVz5ns%2FbxBy46wSol8I25HTb3DgY9p4VFenFoggSBR6I0OzrnQ6zQtM7pEusznU%2Fdps5qg3I6qW9WGvkg6FOiws3ElYsTaoJhQkpP%2BLJlWB6y515E1zQ%2FBocKq32SDW3k25yqFheFugX9IXU%2BMfyUWM%2FliHc6NQn19gy1%2BJ2SeMMNSbshlfsZ%2FoKCenU7xDmW2d5PwYGaV%2FI%3D%7Ctkp%3ABk9SR8DN2bKXZw
Crossbody Phone Case with Adjustable Lanyard Strap for iPhone 17 16 15 14 13 12,,£1.99,Free delivery,3 Mar 2026,1,Brand new,https://www.ebay.co.uk/itm/317932122498?_skw=iphone+13+pro+phone&itmmeta=01KJXJPCTGZ4S5085BEB49JKQW&hash=item4a063b3182:g:tpQAAeSwVi5poehY&itmprp=enc%3AAQALAAAA0GfYFPkwiKCW4ZNSs2u11xB3iI6IowmKASOzhtxQOxp0nEtJdMmnFj%2FdjpJig6q696pHmP8oPrDahfsshnMubSl6UUQN1AyTr3WPF6%2BrV8W2jkxczmqG8zCLuO1uPzmyWmYDwYR1Odt4ukpXB7PTOZQ8t3KbkwduuVAyRnNoEO5Brkzd68lh9y5L%2Fk%2Fzi1NsKdMCC7omQ7kGvd8yrUeO%2FU4HZg2aVIVr9HhaLiqHfvnF26ZUedNaS9xhu3dbUTgXyCkKStOfInWzyyRwRU3R%2B4g%3D%7Ctkp%3ABk9SR8DN2bKXZw
Double Side Tempered Glass Phone Cover 360° Magnetic Adsorption Metal Frame Case,,£6.69,Free delivery,3 Mar 2026,1,Brand new,https://www.ebay.co.uk/itm/277332423803?_skw=iphone+13+pro+phone&itmmeta=01KJXJPCTGNM1Y480H0ZMRFQ96&hash=item40924cf47b:g:w1oAAeSwfs9oov2R&itmprp=enc%3AAQALAAAA8GfYFPkwiKCW4ZNSs2u11xC3toL1NLYYaJZ%2FcY7u3%2B7GUqMswizofBWiSKxAykQSVQ8CT7dvsIjbhR4mU6iOAYY%2FC05%2BjsaMvvYHk1XY8ltEo8Jt%2FakGRwuz3rm2NjLNr2fD7vqyOeXLazX%2Bp4mh9LPXRXAuViNHuNhob7AM4331oWZDlaZwTy5kOZ5hKZJiipXxAuqpqgKD7jf%2BSdgOopa1QiljFgTtL4tWseCyFfoR0SutnOO0vzNAySFSY3qg2sBMcy59Ft9QFv9Cyn1bQnnDyECQYMeWYqXSydFeLraeSHcfuPC3XK9jI7XR7h73Iw%3D%3D%7Ctkp%3ABk9SR8DN2bKXZw
Liquid Silicone MagSafe Phone Case For iPhone 16 Pro Max 15 14 13 12 11 Cover,,£6.98,Free delivery,28 Dec 2025,66,Brand new,https://www.ebay.co.uk/itm/127323600259?_skw=iphone+13+pro+phone&itmmeta=01KJXJPCTG7HZYQT7AK631BAC2&hash=item1da513f583:g:FEgAAeSw5xhop-lt&itmprp=enc%3AAQALAAAA8GfYFPkwiKCW4ZNSs2u11xBWEX4E8%2B5igaQmRNJ0Dv3FhkLm6j6SJAxZwBCQ9BZpo4FKGy78L42%2Fvt2YCIstefjQa%2FY2t4em15hrAJeF3uraLURz7JihC93xwNgBPffdy9lF16BJFjqIFPxIYULW5ZDpzspQ3ct1w20xA2a2FD0MwMAI13BGrNV9980pBkCYs2w0ygTSDTU0IYHuIRwZ6FoZz1%2FIWJtQ4Ysa1HT9WYvISMdXzorC2UfSOdNscca48GkaB9alP5Kos6ouMr74JzOiSNst7Jh%2Fe2sUtJIkjPe%2Ff3bkEVbyWLH5j9Lav6guIg%3D%3D%7Ctkp%3ABk9SR8DN2bKXZw
HARRY POTTER DEATHLY HALLOWS VIII LEATHER BOOK CASE FOR APPLE iPHONE PHONES,Leather,£18.41,Free delivery,3 Mar 2026,1,Brand new,https://www.ebay.co.uk/itm/373493814621?_skw=iphone+13+pro+phone&itmmeta=01KJXJPCTG5QZEK4VFQVCMXN43&hash=item56f5f7555d:g:6r4AAeSw97loa0Q3&itmprp=enc%3AAQALAAAA0GfYFPkwiKCW4ZNSs2u11xAJEoqoUjc%2FHYZgk%2B49vY1%2B96eb8BGf7TqFk7uSyuUGkVv5E2sOQ1YaabxUpNXQYQHWx96hUaGBfvI4D1sF7xmORBMsGGqzZY14MwCxu4gB8s78nyZ1gFk6ZosCpb1JQs76IRrMrDeg7qQPik58ELzuPdjQur0WaK4QZ0o0OBnKlIKyqVPja7QPmNfeZwO%2FGL47wR1ESG8tWlOtFda4WCfu4fa2puLfTSIEzgYAm%2BIySSocHdn%2FhtXCT5pV3Z5fIRo%3D%7Ctkp%3ABk9SR8DN2bKXZw
Case For iPhone 15 14 Pro Max Plus 13 11 12 7 8 XR Clear Shockproof Phone Cover,,£2.95,Free delivery,3 Mar 2026,1,Case + Camera & Screen Protector For iPhone,https://www.ebay.co.uk/itm/276431770053?_skw=iphone+13+pro+phone&itmmeta=01KJXJPCTGG1QJ3N9YD8568S88&hash=item405c9e11c5:g:pR8AAOSw3kpmSKMX&itmprp=enc%3AAQALAAAA8GfYFPkwiKCW4ZNSs2u11xDwHgUP3tBCB8kKHzRCcOx1Be1Arh0zb%2FRzJgIwREWg5xxAIuTFhoiYpc%2FZqBn8uRTYZb7OJlWPpN43eCo8rUNa%2B3Uc24SHwQB1ayWmZ%2FsJ7fdggqn5l%2B2NSaYwyzyjFqA%2FhIpdhCTTq6QODVwd9fEJza1a%2FD27zKSrckL%2FX33y%2FvI7qjMoj9BilZNiilPWILSQOfhTCRNzZc6W3S9KIc6o3P2kiIVLKa8n9umLWvdYzINyJf7vsKbU7xQcyxr5n2%2BWE4ybthhHN2qKyybVQEJWjJpx5lIluOABdvlDhlcZRw%3D%3D%7Ctkp%3ABk9SR8DN2bKXZw
CASE FOR IPHONE 15 14 13 12 11 SE 8 PRO SHOCKPROOF PHONE COVER MOON ROSES HEART,,£1.50,Free delivery,3 Mar 2026,1,Brand new,https://www.ebay.co.uk/itm/265553810859?_skw=iphone+13+pro+phone&itmmeta=01KJXJPCTGPWZ7977Z1T4AXND9&hash=item3dd43d95ab:g:~dEAAOSwp3BiDh2m&itmprp=enc%3AAQALAAAA0GfYFPkwiKCW4ZNSs2u11xAC8W0z4su%2BfZlqAqPfoSfA6OOQbTybFPsTgYkzAQDp5d%2BF2%2B3J4KF6F%2By4rolZFTY6kErfj2un%2FhHdWP1%2FTcYPbSY2y07HjYNKw3Hy%2Fm8VhKR9VxESqsZxqDUBNzvKceeBUnZf8zCHgDKZ6LmEVpp1bLXvHGWCKkM1TRrW%2ByEyeDDJgxPygUGeualn2izKyqVL%2BGZppDCTRfILGLllfjxfGdOMGnYSuPl582GNAHGphrDEhm3m0SGqSs9UcnMajuU%3D%7Ctkp%3ABk9SR8DN2bKXZw
Cute Heart Phone Case Shockproof Slim Cover For iPhone 15 14 13 Pro Max 12 11 SE,,£2.99,Free delivery,3 Mar 2026,1,fast √UK Store For iPhone 15 Pro Max， iPhone 15 Pro,https://www.ebay.co.uk/itm/224903827772?_skw=iphone+13+pro+phone&itmmeta=01KJXJPCTGKMXMG65F5DXBXAZ6&hash=item345d50113c:g:NB4AAOSwx7Rit2RT&itmprp=enc%3AAQALAAAA8GfYFPkwiKCW4ZNSs2u11xCb9F3c2pMCEfo16Fpv772AATCaeJUK75OvLh9X2qQyd1ptQC5rg55HcUqWmOXD5%2BYnDnh66fnpB2xpmkjX8gQHXcxvgzQfGB0fNVX%2FOZM4vVH6E5FBSC66ZABAAAvZBXOl0scOnOXQvSt%2BvooBzK8c%2B6Rd99cZdetPSVvbXO5egcoW6o4vIrl3V5Jwp%2Fan7i3YBOxQk%2FbpwHpZtJdgHqzTVO3eprf1UTablH551ei1cE47doa1%2BBP2wvJqI46YhcgsrlMs%2BFDhh08ESn19DBLSLfj4dnFqYTfTKQKyGXG%2FdA%3D%3D%7Ctkp%3ABk9SR8DN2bKXZw
Classic Van Sole Phone Case for Apple iPhone X 11 12 13 14 15 16 17 Pro Max Plus,,£9.99,Free delivery,3 Mar 2026,1,Brand new,https://www.ebay.co.uk/itm/388638923439?_skw=iphone+13+pro+phone&itmmeta=01KJXJPCTGRS691G8G6Q027F3S&hash=item5a7caf5aaf:g:nuAAAeSwMTRoXooI&itmprp=enc%3AAQALAAAA0GfYFPkwiKCW4ZNSs2u11xCD2ah%2Fpmqe2zb8zfbF%2F5%2FYa2GpoKwQkOIk01ja8dUYxj5rEYTYQ6thXbaKbjT9VRKgf2JMPUzu8qXzzup90KXqXRSwb18HwI0HsBJLboR15YHlQrvj6icNH67%2BrSpyMlEOj0LkEeIz22sKSJwDPjX0Kh%2Fk11MPcx2zMI0koTeGvN%2FsEwnJHYdLyrqRCLbor1h4OMgWSxPY%2BMPhCgSrzc%2FhC9ALJyQFtChvj7fI0SbbVmdjCU2rtodhEW1gazXu%2Fxk%3D%7Ctkp%3ABk9SR8DN2bKXZw
Luxury Pu Leather Magnetic Mag Safe Deer Phone Case For iPhone 16 15 14 13 12 11,Leather,£5.66,Free delivery,3 Mar 2026,1,Brand new,https://www.ebay.co.uk/itm/256689590282?_skw=iphone+13+pro+phone&itmmeta=01KJXJPCTGP42C99CKFGWGMWHD&hash=item3bc3e4500a:g:xToAAOSwsN1nHAVa&itmprp=enc%3AAQALAAAA8GfYFPkwiKCW4ZNSs2u11xBKZaLHHkzNkwzyekp5IcR9ZWV3UUmxN%2FlfmpQXO8cl%2F6jp5pNQ5UyEXta%2BfcjzBpqhtA%2F7Kwur4P%2Frwiv7UMgZ8qmfvzsOcN4VMnikiX4M3iiLAlpBf8YOR36x5UaCFbQKUN7JCsaDCwaVTCxWXvO%2BdC0DjueTtLr7BM2RlNd%2BHXNOLcADF%2FADvktcyxagXtS7enkEN1Mkb1IKoo3uN%2FrnHr2245qYvqjJaHA4GtxgXb36TEYD1zI4mGMZ2o8Qxrw4GYRxQr5Po%2FbTf5zTqxQITDQEGbMBiRt%2FLgtd6iG6Ig%3D%3D%7Ctkp%3ABk9SR8DN2bKXZw
Phone Case for iPhone 13 12 Se 6 7 8 11 XR 8+ Leather Flip Gel Wallet Book Cover,Leather,£2.83,Free delivery,3 Mar 2026,1,Brand new,https://www.ebay.co.uk/itm/155078790255?_skw=iphone+13+pro+phone&itmmeta=01KJXJPCTGK2XGV0V0W4R49STC&hash=item241b6a8c6f:g:O3gAAOSwCilhEXX~&itmprp=enc%3AAQALAAAA8GfYFPkwiKCW4ZNSs2u11xAOHFUS8ux5rJq0HNd0OJRrrMraovtug28p3aHcdVoQ2IywbCJaMvS1TKjKvb6R%2BJL5RzRtaLVbV9WAQFpToXcE4vGAohQZ1lAaF1FJmjHjKIsI0wI2btKGP1v8y%2BjhpIi1UX9ijhcrWlwNMbGnF9evJg%2BEsUW0X9zoxVebR3CR9eRpxFkJiWH8m8GhXwhCvXvF%2F0ntRPa4P8r%2FA2WGKWBqmYwafXzE%2BlSGoRsyan64%2BHud1VRs%2F6eHokOIlsz9qg1AdRbTkX5RBIJqPd0U48qAFJGAzRiR1zTPC5IwxylkfQ%3D%3D%7Ctkp%3ABk9SR8DN2bKXZw
Cherry Blossom Phone Case For iPhone 17 16 15 14 13 12 11 Pro Max Shockproof,,£3.99,Free delivery,3 Mar 2026,1,Brand new,https://www.ebay.co.uk/itm/286980005837?_skw=iphone+13+pro+phone&itmmeta=01KJXJPCTGSWJ6H68JH1RK11S1&hash=item42d1575fcd:g:d48AAeSw9RhpLFPw&itmprp=enc%3AAQALAAAA8GfYFPkwiKCW4ZNSs2u11xDPjXvnOnDPcR%2FWAEk2pJWJQg8m4r8SJ0YV0LeR5HCaGvOHqL8htzW3%2ByOVAc%2BGijuwKVxSKPVCyaw49lzrHlF6XSauzPyoxAkoc%2B4Iz3g85MDbyLrul%2Fqx1cqQMFmEkUb4nqQTUKc23HW%2B1ph0Shmu8fnx3qAO%2FDyqQnRIEBYKAbsNmbuGFNyh%2FX4xppA%2BZuxza472DZJ5iUvl4RYhuvDEyon82Qz5JFj7woKAM9VXl63gHPbHic%2Fn%2BeRGKq328wK7EBEZVP%2Fqzy9cUiHhjJh9meC%2Bv2Be0AlrtjS3YxbJrQ%3D%3D%7Ctkp%3ABk9SR8DN2bKXZw
Shop on eBay,,$20.00,,,,Brand New,https://ebay.com/itm/123456?itmmeta=012DEW30YG0MEEKND7NH&hash=item123546:g:acwAA9KNiJowH:sc:ShippingMethodStandard!95008!US!-1&itmprp=enc%3AbgepL1tlUHjMGCVfSTGJh%2BzsVKeJ3CQk7NizDI4BZeppuFnmyS6Ijyp8lh%2FnEw%2BWqO7uTV1Q6izE1R0T54aV8j71F4xlWfVcGft4%2FiOQhtqVXA1rW6M1atPARQRmhqUxtEPJKhKtSFgI%2Bvwlzb0GwVCtkp%3ABlBMUObkmabpYw
Shop on eBay,,$20.00,,,,Brand New,https://ebay.com/itm/123456?itmmeta=012DEW30YG0MEEKND7NH&hash=item123546:g:acwAA9KNiJowH:sc:ShippingMethodStandard!95008!US!-1&itmprp=enc%3AbgepL1tlUHjMGCVfSTGJh%2BzsVKeJ3CQk7NizDI4BZeppuFnmyS6Ijyp8lh%2FnEw%2BWqO7uTV1Q6izE1R0T54aV8j71F4xlWfVcGft4%2FiOQhtqVXA1rW6M1atPARQRmhqUxtEPJKhKtSFgI%2Bvwlzb0GwVCtkp%3ABlBMUObkmabpYw
Case For iPhone 16 15 14 Pro Max Plus 13 11 12 7 8 Clear Shockproof Phone Cover,,£1.99,Free delivery,3 Mar 2026,1,Brand new,https://www.ebay.co.uk/itm/127320268592?_skw=iphone+13+pro+phone&itmmeta=01KJXJPKX4H43DF80NMZ0G4J4T&hash=item1da4e11f30:g:xQIAAeSwhbVopd4q&itmprp=enc%3AAQALAAAA8GfYFPkwiKCW4ZNSs2u11xDUyQNJQSENiLi31afg1J26DrJLE2ryVPZUguHlNRKSGslUZIEvvQOqPPCUvtdCbDNS1hJRutFZVVdUre%2Br0nFr%2FYTRN%2FsPC2ggSDQLlF1t8km%2BCyovIStuBOY8k%2BRteYjA0KTMnNnRaJQcvqq6aOsKK1xIH2EU3Gb64mDo6lo2lvi8s5XzeD3Wlg8Clw%2F0HJZZpzGCRatpl7AdqNMZZTyvHN%2B7cMRvykODZ7yoakQZ3VdySAdtQrDfUJ5CZb8TmHq9bre2jaYTbe2JMM5GIJ9JfBhI52VCqAI81JiMXiofLg%3D%3D%7Ctkp%3ABk9SR6a_2rKXZw
PERSONALISED Silicone Rubber sided Phone Case for Samsung iPhone PHOTO collage,,£3.99,Free delivery,2 Mar 2026,2,Brand new,https://www.ebay.co.uk/itm/256119378299?_skw=iphone+13+pro+phone&itmmeta=01KJXJPKX44J1YH72ZZTCY8AZ5&hash=item3ba1e7917b:g:YtsAAOSwbHxkldns&itmprp=enc%3AAQALAAAA0GfYFPkwiKCW4ZNSs2u11xBblzqGuqeiYrLH8jcW%2BM%2BqbcbIt25uCBQ63rDdySlhmXVUzbzvt%2F4nIlKY6rcTz3nebEg0s2yJxhdWHn5qqKN5gBSzqUO%2BQ18RWeQaDla7ezk1DGa92CZKEFJX%2Bt4e%2F26VkerLMTXh9d5GFjfT3p5aVsPNqLOD%2FyGga65okEwjfa3plZcpZ4T2%2BPrG48Fnc9aHrl18jK5IGQVMHTbB3zVei5wFCL%2F5oO52fPpnW%2BaXk5PlLHFxg18yfOSqg%2FBEVbQ%3D%7Ctkp%3ABk9SR6a_2rKXZw
Cute 3D Cat Phone Case Simple Polka Dots Shell for iPhone17 16 15 14Promax 13 12,,£6.98,Free delivery,2 Mar 2026,2,Brand new,https://www.ebay.co.uk/itm/205946771854?_skw=iphone+13+pro+phone&itmmeta=01KJXJPKX4XGPNH7DBQJ9MZF8A&hash=item2ff362598e:g:buYAAeSwMX9pTQQC&itmprp=enc%3AAQALAAAA8GfYFPkwiKCW4ZNSs2u11xCXWnUNC0%2B9Nl6TeflvFI%2FVxlPZUgBaBW2xzIs8%2FqeXUGrD2Zzfiw%2BSvO87ZHWaIFO5dXOq7itTo334sgJU0iDkBzfKMQ%2Bvr4LVij7n4C%2FPAfXa%2BD4Cph3GBwaV2GJmZvw0QQ5rW67BmyCIZl8H%2FO31p45q%2BffCNqF9Iri%2FVVFdiHwqX7ZtNFPjIvg1iODVm1z6zKRHJMKdaEBU4BI4wTVDXHUB0AaS7dnqhoKDluc9g1qf1esO9RHtt4%2FWeHhg7yLknDYJ0O9UAK1W39ejs9q8g0ufA9071Q6bFoa7Kt7qYA%3D%3D%7Ctkp%3ABk9SR6a_2rKXZw
Vintage Tortoise Shell Phone Case Copper Rust Amber Design For iphone 17,,£5.99,Free delivery,2 Mar 2026,2,Brand new,https://www.ebay.co.uk/itm/317879146970?_skw=iphone+13+pro+phone&itmmeta=01KJXJPKX4E9Q4GAK6G1AWBMS3&hash=item4a0312d9da:g:GlcAAeSwvIdpkDVw&itmprp=enc%3AAQALAAAA8GfYFPkwiKCW4ZNSs2u11xAZZPWZyCZEyybLgczAsktaYHwyNYPj5dsxcwX3ts97rr8AjcpadldGsn6cnPAMmTs6ODFQT73mySl0CycGPf5y3c8fBKyd8vlFH7C0V0yxP7cp83oPlGpBJsVtgfdlS9%2Fv2DiqX2zJ%2FfEKdbbtduH0tO0R368guL8ZqGwGVLclcV%2BvhAqitBi6JrLxg5rZeTx61Xv%2BjIXyYYekWrijo93rrSe3Y8TZ1oPG3zIKRUh%2FcBJ419i0pR%2FABGserxDlyz9U%2FFlkUX%2FM5IqRfEVyXj%2BZNpkLAN7rVNurwHl4utk%2B%2Bg%3D%3D%7Ctkp%3ABk9SR6a_2rKXZw
Apple iPhone 13 Pro 128GB Unlocked Phone Gold - UK Model - VERY GOOD A,,£322.99,Free delivery,30 Sep 2024,520,Very Good - Refurbished,https://www.ebay.co.uk/itm/186519032201?_skw=iphone+13+pro+phone&epid=3049291559&itmmeta=01KJXJPKX4XWJ4J9C3NYSNYXM5&hash=item2b6d669189:g:NhIAAOSwrjxkgMUt&itmprp=enc%3AAQALAAAA8GfYFPkwiKCW4ZNSs2u11xARkYSKBCWns6LkSln4EUVoqX3ee6dIJq8Z3DUmOLmWIPiUetU8fodcXNh0vSb%2FdWmh4R8ZQDgUIAzr3G991aJjxGH44JuZBXjkzy%2BUTIm4%2Bau4Nuaa%2FRd%2Fdfu%2BcXmzKvs2Tds5ZdcQQos%2BNsUMjKlatk%2BlxUGrsSLve%2FXFiLItQlDfyezJzJCdNFIJkxsbZj5iMpe3rLmzxvH8oP1%2Fvki8ShX3YUKpViNv6AjZDn%2BmAtJKrUCrSNhdCwxWw%2F2U5pjxyaa1SiGiPbHn1fh4LyZTumzQ9VLW8Z18uhBmd7oxZA%3D%3D%7Ctkp%3ABk9SR6a_2rKXZw
Apple iPhone 13 Pro 128GB Unlocked Phone Gold - UK Model - GOOD B+,,£294.49,Free delivery,6 Aug 2025,210,Good - Refurbished,https://www.ebay.co.uk/itm/204939716297?_skw=iphone+13+pro+phone&epid=3049291559&itmmeta=01KJXJPKX4P2TFTBC0HSEBB9RR&hash=item2fb75be6c9:g:ORYAAOSwk5tmu-Zc&itmprp=enc%3AAQALAAAA8GfYFPkwiKCW4ZNSs2u11xClpSgJNHWWmyJobnm14hTvsXrLooUPBK5zaDs5opalQwE7opdbd4AJyCRBUQ%2FdqZ7vtJV%2BBxCp21ucRxZJhpVA9kHNESw5S7j%2BJu1ZsGnp7hAjabbCvzqDRSbAaExECUuA5mqPSMe8PnXW5CToSWMmjof4evGXia8jSO7JrBnx1kVpjMeE1%2BFX3BNDbF7oIThdDni8xWLvb2Cngpk2D7zHMffozsoS%2F7zxa7EesTm9ufkX0e75StpIle86Ue%2F9zIcyleQc4li%2B4DioqOi6AfMs3EGNG%2BwdL1IBQlYWciQWBw%3D%3D%7Ctkp%3ABk9SR6a_2rKXZw
Apple iPhone 13 Pro 128GB Unlocked Phone Silver - UK Model - VERY GOOD A,,£322.99,Free delivery,24 Sep 2025,161,Very Good - Refurbished,https://www.ebay.co.uk/itm/186553977170?_skw=iphone+13+pro+phone&epid=3049291559&itmmeta=01KJXJPKX4680HQ1M3W9BQFR9T&hash=item2b6f7bc952:g:fUcAAOSwO4JkPxf5&itmprp=enc%3AAQALAAAA0GfYFPkwiKCW4ZNSs2u11xB0uEtwRyABTEwIXhNETkJAKhR3bQ0zwSfzJB%2FFfOPfhIbdZ1VPKGkOu6PobDXdE1kusAnS5ItA3zv3zwU54OyvtlnvKYMzUlai2UnlS1YbwIJCsPNdDlq7IiKQCsYZ4W5cVOdtWgcQJARTGl4osrz7pwTMVHJRNy%2BJm%2BaEPHHFpWJaH47hBq9FfWGTFjcfQRYKYAKMKEFnTYZ7Kw0DmmKFHYHzQO2rDXOtNbkTDXTAHkT3tmPmiVTvgrkQp1ZyXA0%3D%7Ctkp%3ABk9SR6a_2rKXZw
Apple iPhone 13 Pro 128GB Unlocked Phone Alpine Green - UK Model - GOOD B+,,£246.04,Free delivery,30 Jul 2025,217,Good - Refurbished,https://www.ebay.co.uk/itm/405981022499?_skw=iphone+13+pro+phone&epid=3049291559&itmmeta=01KJXJPKX47X6EYA7QGKJKHRXS&hash=item5e865ac923:g:tRwAAOSwlWZmY1AR&itmprp=enc%3AAQALAAAA0GfYFPkwiKCW4ZNSs2u11xAu1DjOTLhw%2FG0eBP2vzByaonJhQd7LrbxGEE6hPPIZ3sCTdk%2FoMg7n2P7s7UsBfGoZpwTyitvUbAf2LSlcnNHVdZxJKeoJLSTT2ritaEhlAz8zCsgleliyaQuxcYdSrVd7osLgAYaF5%2FNB6%2FM7O4BFccGz7Ilq75Oi8wFifw44v%2FdPYWAlCsYXmRler6sd1V9b6xyw8n4GwEV4N9l8Qh93UFYa8MmwWQIjB1UgTIt%2FiwksUOkSdO1riMeo4U7QAA4%3D%7Ctkp%3ABk9SR6a_2rKXZw
Apple iPhone 13 Pro 256GB Unlocked Phone Graphite - UK Model - GOOD B+,,£275.49,Free delivery,25 Dec 2025,69,Good - Refurbished,https://www.ebay.co.uk/itm/405056867270?_skw=iphone+13+pro+phone&epid=3049291559&itmmeta=01KJXJPKX46NA1JJ8P5YJ1X51H&hash=item5e4f454bc6:g:yQ4AAOSw1n5l32jD&itmprp=enc%3AAQALAAAA0GfYFPkwiKCW4ZNSs2u11xBm6tFl6aaVCrZs1gxzaZuuGbBwefKt9bu3mwwJCCSwpardFGJ1ydtOUPX39U9m4qLblr6IKsJrBocZQ5dEymuPKUtYfTxh92qnFSxC6IDSoGlmKkbT4szzDuTNH8dz4S%2BiFDUoNc1tMs9V%2B%2F9Rbf2BBzrJVYuWjy6CflcnIM56OZ0PczS26ZoQkeSF08qn2y2%2FDyrmkOceBZlAA6S%2BNfbMJLdfmG6kDZKq5zMtT8cdMulB8wnEdj4lo%2BbkmK%2B1fw4%3D%7Ctkp%3ABk9SR6a_2rKXZw
Shockproof Magnetic Magsafe Phone Case For iPhone 17 16 15 14 13 12 Pro Max Plus,,£1.99,Free delivery,2 Mar 2026,2,Brand new,https://www.ebay.co.uk/itm/297952981242?_skw=iphone+13+pro+phone&itmmeta=01KJXJPKX46218ZXZ1C7EQSZR4&hash=item455f61b0fa:g:t78AAeSwECtpcAEi&itmprp=enc%3AAQALAAAA8GfYFPkwiKCW4ZNSs2u11xDYyK%2FBBSFN%2FAHlrQHznPWkuTZMSdOvAUHFnQrDz7uEEiBs0BtLX2%2FAvpGxMp1NXGoSQ6PbqPPMJX6heoFBv5v1yTC4ovvsSBS%2F6u6IBzYpw%2FJLhA5N73KikhroV3DCfWa9YPkv7tOnMWfPTpiawGgROteS5AauxXEdEjlW7fNBS97Dx63Wa8bwEQkchM8FtLS3uGq9F4cF2h3B1krhqvLdONvct7l5%2BMcNztYwrUyCBKg6XSojx7sj%2FTvGoLsAY6T5f6%2BR6bEpLFY%2B%2BzZaXS6Ay2CJyjL728i1gso%2BnQSeJw%3D%3D%7Ctkp%3ABk9SR6a_2rKXZw
Stitch Soft Phone Case Shockproof Cover for Iphone7 8Plus X 11 12 13 14 15 16Pro,,£4.37,Free delivery,2 Mar 2026,2,Brand new,https://www.ebay.co.uk/itm/167744922606?_skw=iphone+13+pro+phone&itmmeta=01KJXJPKX4D1QNKT3HAKDAFPES&hash=item270e6063ee:g:TGMAAeSwKj1oZRc3&itmprp=enc%3AAQALAAAA8GfYFPkwiKCW4ZNSs2u11xC4lG%2BuU4HXjykE2zLlOU0zKNtiXRPsPgl165MRLu1JPsejd6NYy%2B9eaYvpsJIDSiLojp%2BZUZfwRk9Zvup%2BdFjwbm%2B%2FznCf76l7pyGXLITiRb%2B9BEmVGFnfB3VzD7ovZFUBGnpidXU1BDTxYY%2BXWt59Jg341nOq9xM5konY1rNbMU8hS84Vh583GAp%2BhP3%2FZpwm8DMZPLSRgfBEumwwbNH%2B0xD4EcRh%2FotXIQ85%2FTXmpT987i4ufr0pMhIRNGPCLKRk%2Fc70e7VrxFyQPcwqNoZ6Mu75%2B3mHul9MsHeQET8evg%3D%3D%7Ctkp%3ABk9SR6a_2rKXZw
Stranger Things Phone Cases for iPhone 17 16 15 14 13 12 11 Air/Plus/Pro/Pro Max,,£8.99,Free delivery,2 Mar 2026,2,Brand new,https://www.ebay.co.uk/itm/127671676963?_skw=iphone+13+pro+phone&itmmeta=01KJXJPKX49EMYZ9RVDZ3MNE15&hash=item1db9d33023:g:59IAAeSwLnxph3-r&itmprp=enc%3AAQALAAAA8GfYFPkwiKCW4ZNSs2u11xBxmLtyG46p1rPwTmc3Wr6xD5OHRTLI%2FMqTcl3aJ4bf2f4QEsbVqKKzr4%2BZiCtPz%2FtzSIjfO55E9Rk2UO4mDsfPltIu46MA3QOrw9ox3K%2B%2Be%2BW3y3C1FfM%2FKNqugFoSEVNFyGfkF2dYwl4S5x3vB%2Fc1%2BvATrtfvSxO%2FmanSgwW1tYZUzf3%2FKzaY%2FAxcfmjgFxLJWavZxLNINS6D1jpOaz%2BIMl%2FZ09csaiQAZ77AW1G4Rxle9jqUIP%2Buo1y8vFxzfTiMO1CGN4SSgvy3NE97KBlyvu1%2B%2FOGHXiyoQDZu9MObGQ%3D%3D%7Ctkp%3ABk9SR6a_2rKXZw
Privacy Anti Spy Glass Screen Protector iPhone Tempered 17 16 13 14 15 Pro 11Max,,£0.99,Free delivery,2 Mar 2026,2,Brand new,https://www.ebay.co.uk/itm/256477354654?_skw=iphone+13+pro+phone&itmmeta=01KJXJPKX4KENMSTD5SB2MCEHK&hash=item3bb73dda9e:g:3a4AAOSw~bdmG79O&itmprp=enc%3AAQALAAAA8GfYFPkwiKCW4ZNSs2u11xBQ2FtUBG9RssEHwhFvdWMT78nubu3sFOQnYXwl%2BrwlvsSG7vaQYC8V3tWC155%2FEgcgEPP9A8uicP6euFIwMGkT7lhZ%2BCQYBouJSiqvfiqazMs%2B4yTiaXleLHtLJfr%2FAxiKcRNqyvl8yla0sfY4Ut6tLDhivu8uH4xRmLn6Y3AaoUhOw4mSNeVaWq%2BYt2vW0M3muBQE%2Bd5MAUtNelbmJu1MJp9l9yqzHzwG9z8e7hQFmaU4XF4Y7WOYQCdWtu5qKzlwx7CVcvQa%2B7Kn7t9D42iWG9ZU8niaIR%2FO6%2B4C2vu2ng%3D%3D%7Ctkp%3ABk9SR6a_2rKXZw
Personalised Phone Case Custom Photo Collage Silicone Cover For iPhone&Samsung,,£6.95,Free delivery,2 Mar 2026,2,Brand new,https://www.ebay.co.uk/itm/196390798027?_skw=iphone+13+pro+phone&itmmeta=01KJXJPKX4M68WYAAMFMS2JN2A&hash=item2db9cdc2cb:g:vaQAAOSwIz9mOO5c&itmprp=enc%3AAQALAAAA0GfYFPkwiKCW4ZNSs2u11xDTnUTOz9wR3fv7ByQ4fd6PLAlskaJHwPw2zLA1LveiOSi3qI8nr1P5Sz2zadyv3jCJp48ZDylzvo%2FPzhr0AoFpPJQeWxkcni4IMYkn3bSrOB5OJjPzOLNzhrx5suWhO97nqulG9l65Cd9ja9awVAzkau%2Fkugzzwti1EYGaN5PHaouMf0%2BY6q%2FgdvOtptDvD5h5w7ywdQjiSiejLpbMOC0B49mDG3rOfZ5uiuZqZ1VaeSJUQbsX8V34SfmesnucDj0%3D%7Ctkp%3ABk9SR6a_2rKXZw
Clear Phone Case with Black Bow Pattern Soft TPU Protective Cover Cute Design,,£3.99,Free delivery,2 Mar 2026,2,Brand new,https://www.ebay.co.uk/itm/286849996330?_skw=iphone+13+pro+phone&itmmeta=01KJXJPKX42E0MJKSF5K3NXB82&hash=item42c997962a:g:lTsAAeSwUBVo3A~7&itmprp=enc%3AAQALAAAA8GfYFPkwiKCW4ZNSs2u11xBk%2FRV1BeqKNeBIE%2F2l5qEw6sjG9JMRTWZ1m83lGZFb%2BIP9c6RNn%2FGivvGSZdojVL1LC3y%2F1OCTMe0P6lUphUqptCPtu%2B0%2FW3JkB3Lqkke2A05pDpb62pa7iAKe6RBYRe5%2FPzaXd616FxS5AjtZBROiUZ%2Fp7RHya5CkiH%2BZa2q3lOTkgrtrrmVYKgTipR6oFtpzB1qz73sl8hKquPz2y6ob37MbVku1h08icReYTtw3j9ZmBZ07QwaVR2WhzJrZmAdekp8HtI8Jry9YmRH3SGcgmUe4ztSJzkE4TeQ0UbeqOA%3D%3D%7Ctkp%3ABk9SR6a_2rKXZw
3x Privacy Screen Protector iPhone 16 15 14 13 12 11 Pro Max Mini XR X Anti-Spy,,£1.89,Free delivery,2 Mar 2026,2,Brand new,https://www.ebay.co.uk/itm/358099936305?_skw=iphone+13+pro+phone&itmmeta=01KJXJPKX4Y8777TYJHGVEZGXH&hash=item53606b6431:g:2EkAAeSwIJxpYUWS&itmprp=enc%3AAQALAAAA0GfYFPkwiKCW4ZNSs2u11xC%2BT4OVt0OWS1N%2F10kOuwxy3Be0MhocQBKYfI1yPaRK2YTY4OJvA1iutfSPoTjxwpk9fMTlKWPbUOUXrASsepcmMl13lZ5z71QA%2B2Lh5iNEqQazAyDpRr1mOH3PAzW8KA035oojPqReiigfXaP4m4dYFlIN7Jl%2BKC6Xh45FhQcxvwjhVYIlfe0FNDwMMpnFOW9Dzz3rP%2BctkcMSA5zXpdp036GuD5TVKv9kXvq%2BnGRC4c8mUsFmJPLBMSQzZrgJKjs%3D%7Ctkp%3ABk9SR6a_2rKXZw
The Joker Batman Phone Cases for iPhone 15 14 13 12 11 XS XR X 8 7 Pro Max Plus,,£8.99,Free delivery,2 Mar 2026,2,Brand new,https://www.ebay.co.uk/itm/127490886980?_skw=iphone+13+pro+phone&itmmeta=01KJXJPKX4XRWSJF7KSPNR0KJD&hash=item1daf0c8d44:g:R6YAAeSwDrNpFitw&itmprp=enc%3AAQALAAAA8GfYFPkwiKCW4ZNSs2u11xDx0kEs12Jck6Q0jPIcHOimKs5X%2F6r%2BDGbtzQCyCayoewXUj3iHM5cy9KtqrKPoOtqjuhGJpV06c4JcERqt6tSwFcjNJ5M2TbNWzcPOECn428RpLtHvdSrmUCSbtuyTKtBPLGMCRbVUCJIWA%2Fa5tw77cndjAD058bIIMNHj%2FtjuX3zKwb5cYkNc49Wz1DLKcpVuE0k5JDJ5K3cuQa4KJH5cKTcPfi3lRoGb8503PYkE9wl1WI9MQ1jflf53tnXvt70BrROxWMZNvWnxnQsKOIYMt%2BKRDK0ZyGN0yEFTUovpIQ%3D%3D%7Ctkp%3ABk9SR6a_2rKXZw
Real Forged Carbon Fiber MagSafe Phone Case for iPhone 16 15 14 13 Pro Max,,£24.01,Free delivery,2 Mar 2026,2,Brand new,https://www.ebay.co.uk/itm/317362070121?_skw=iphone+13+pro+phone&itmmeta=01KJXJPKX4KP0WK8CY7EKTJENT&hash=item49e440e269:g:HIIAAeSwPpto3oaR&itmprp=enc%3AAQALAAAA8GfYFPkwiKCW4ZNSs2u11xA1oqCvzpk8AGxpYVqr3ovcFxWu1ukbY2lkVMC6rCc%2Fa957lIcWA6A%2F2gvmLAAdjvLiUimsWrzSp7iO78kCEhgygNNsNStgC3gXpWhqvlPt9IEO9zFUx7VXXddI54aH4xIKNh6CDuCNT6AicZrw%2BUGYxzVDBoQqw3MPmBwaBPoVLn1QC0Fe7czMR1TGiR6DcewjgJCOOQ%2FCuLLnbQNRYXQc9cWb7xmFhBingasM8bk8xe8af%2BoEv3qEBtIWQvdQqQg645NPtbKNSIIEw1AdyGphzNPMBZCNtGxRO0xGL8831w%3D%3D%7Ctkp%3ABk9SR6a_2rKXZw
Flip Phone Case For iPhone Air 17 Pro Max 16E 14 15 Plus Magnetic Wallet Cover,,£7.42,Free delivery,2 Mar 2026,2,Brand new,https://www.ebay.co.uk/itm/366065541452?_skw=iphone+13+pro+phone&itmmeta=01KJXJPKX4Z1T8J669FHAA23C8&hash=item553b34e14c:g:-3EAAeSwfNhpQ8jW&itmprp=enc%3AAQALAAAA8GfYFPkwiKCW4ZNSs2u11xAW2%2BAlkQ3LQedCfGcNEUEqDN8W1nBy1%2BWhKmreSmrmeIOHeXiFcSzwvVENu2F5eFxcFmBLpltBRvKEPXgXKO6GMT6J%2Bsm6346ELt05pGsg09%2BVMrN6MeOdxs7lkpptAKbK5AepC5kgwG6KbsEGjtL5PQz3kXBPV%2B0Tmt5NLTpLZ4Rky0BCoAx0CXuvtL%2FRU6UGbkYqTKEQnmMwc1SEdSzLuUak19NWOO5JdIoY04yLqKJ6B3vy7r8CS6XAqOuAfmBQR%2BqsqGOQHqmxytHydBDZb90WvVEgTPCEcULBfkofbA%3D%3D%7Ctkp%3ABk9SR6i_2rKXZw
Personalised Silicone Photo Phone Case Shockproof Cover For iPhone 11–17 Pro Max,,£2.99,Free delivery,2 Mar 2026,2,Brand new,https://www.ebay.co.uk/itm/389301057390?_skw=iphone+13+pro+phone&itmmeta=01KJXJPKX40VS0WFG6MP8N4K1P&hash=item5aa426b76e:g:dFAAAeSwj59pS-Ki&itmprp=enc%3AAQALAAAA0GfYFPkwiKCW4ZNSs2u11xDcycRNN8F2hjYmJU4CZPv58tQ52Iu7ZtjtvOxbRmszJBMW%2FQIowBeabBTqsCaiJcYeXiQXwpIyfk7m44if3%2BUbpyYXGtvP%2BeDNcr%2FNMANv8oYgOYWtYMrUYQFMyPuqjY8%2BPifvbUIsWMPcojas15eiuVBS4hMZHAiBRAerDVjj6eDpCxBTgnt8zBORazQNHXZja3CfNlbdUllIn5utRPp%2BZYO3z8c8X2NxkdhrGmCsVcr62UTryZBQE5BMxM2MhOM%3D%7Ctkp%3ABk9SR6i_2rKXZw
Shockproof Silicone Bumper Clear Phone Case For iPhone 16 15 14 13 12 11 Pro Max,,£2.96,Free delivery,2 Mar 2026,2,Brand new,https://www.ebay.co.uk/itm/227163030691?_skw=iphone+13+pro+phone&itmmeta=01KJXJPKX54FK2RYPQ18E158TF&hash=item34e3f8c4a3:g:Y~UAAeSwqxVpXUet&itmprp=enc%3AAQALAAAA8GfYFPkwiKCW4ZNSs2u11xA1qoopQNeBe4nk2KnysUQ27FocEPh3emFlyFKDHY7%2BiJmay8CzQQUJ9KF1e%2B%2Fmn%2FVR4bKMEeclL413gmsfSRTs8gcGp%2Fd4Ia4Q7MOsBmOYRhgya8dx7iSSqvPw%2Bb7%2FaQ%2BdwkMERGi6LmXu2GEbJNNXDbHf5DjvKUUmeOUPz4eVh4SflfOC2yzxFBd2Lqol5gtZK20EMp45ggMyLNGElKwsY69YqgIEQvgU96w%2BI2j7OsinE7dOMjYVuvPLDlT5avfSXacGla9HgXn6Afgv2FZeuqTa0jwgpw8hJj9qiTSOvA%3D%3D%7Ctkp%3ABk9SR6i_2rKXZw
Clear Cute Monkey Banana Cartoon Phone Case iPhone 17 16 15 14 13 12 11 Pro Max,,£3.99,Free delivery,2 Mar 2026,2,Brand new,https://www.ebay.co.uk/itm/286850016883?_skw=iphone+13+pro+phone&itmmeta=01KJXJPKX5HQ9GB479573FQN5N&hash=item42c997e673:g:1z8AAeSwXUho3BVd&itmprp=enc%3AAQALAAAA8GfYFPkwiKCW4ZNSs2u11xAS4MkJNQT4dBRMSa1cKhtfrkTLsqai408mWbI3UutvuxuVxDPmczP%2FuQhi2p9qq0WDqPeKv7ydlcgk4q7Dt2UyKR3qun181u1u4rvKEiShIrdgjbjsfE2P0TLsstKahHvvD32YBK6b7iI4%2B9EsSDGwRvzTDPax4L5CgwNsoMgPA6cx7FxgN7a0C2vHUPLSxCXFwtNR54p4Rd9mZDMgLUjd9gNeUBh5Wsmras0uUijVXc1Wl1K3TG8uCm%2FX9s0otZWOyoBYuwQFA%2FwVT2n2Jwuh9QpVE4RHgr9mk%2F4Wo91hNA%3D%3D%7Ctkp%3ABk9SR6i_2rKXZw
Metal Ring Stand Matte Magsafe Phone Case For iPhone 17 16 15 Pro Max 14 13 Plus,,£3.47,Free delivery,2 Mar 2026,2,Brand new,https://www.ebay.co.uk/itm/146506128835?_skw=iphone+13+pro+phone&itmmeta=01KJXJPKX59GAWWBF0S004JW8M&hash=item221c721dc3:g:Gc0AAOSwi5pn0ThZ&itmprp=enc%3AAQALAAAA0GfYFPkwiKCW4ZNSs2u11xBWrX0IW9hJqur2ijQDTN4pUSQD0eC9%2FCLGW58b%2FCk8PfY2chiMltYfCD9VErT%2Bq8F2n3C8Eco51c%2FL7IMgbHBbp%2BDK%2FW1CAYz8RIx0a1OYzPmq%2B0Aj3FlhuTkrA4w%2FKF3VQ4oZLPDmL7BrPBmE6AmwmAks9t2u%2B90Axa1rKLDIkwflBe2JegnL5iQ9x1T8%2FKWTHQBx4Bl%2B81fj9%2B2IX3YOM39%2Fo5djxy4ReTVTcC%2BrECx6%2Bm5v5UEPu8S4NkGjKEU%3D%7Ctkp%3ABk9SR6i_2rKXZw
Sports Arm Band Mobile Phone Holder Running Gym Armband Exercise All Phones,,£3.99,Free delivery,2 Mar 2026,2,Brand new,https://www.ebay.co.uk/itm/353533163994?_skw=iphone+13+pro+phone&itmmeta=01KJXJPKX5YJZ22XRKZX3T97PD&hash=item525037f9da:g:eTcAAOSw6yBgxe~g&itmprp=enc%3AAQALAAAA0GfYFPkwiKCW4ZNSs2u11xBbKkOQza8vFjb2nVbemYiaHzD9behHQYNiLqvTkCkQswsEyVuL7UYiGWcu%2B8jNuGjguD4KA2TfWMG6oPVyGkGwXoC8qeX2rXTeY2hW0bV%2Fm38nF8nF9N%2FtP7mKTu2pA5xn3wTCEEM3oLmrwwgSX7Wx6yuzqEUjXP0ziCMCuKGR7Tvrp3Sc6gpk31QZSQ8eyZ%2Fdf4OkhQ7tX06ujwonrxSilxih01F%2FTW8VxGKdUvDrDHoF%2FoIb%2F3%2Ffh5d7xIgs4gA%3D%7Ctkp%3ABk9SR6i_2rKXZw
"Tempered Glass Screen Protector For iPhone 15 12 Mini,17 Pro Max iPhone MAX 16",,£0.99,Free delivery,2 Mar 2026,2,Brand new,https://www.ebay.co.uk/itm/313562330568?_skw=iphone+13+pro+phone&itmmeta=01KJXJPKX5JAH7BDBGHTTR0JGK&hash=item4901c575c8:g:9d0AAOSwIHNmF49L&itmprp=enc%3AAQALAAAA8GfYFPkwiKCW4ZNSs2u11xCT1mEvssmCnoa2P%2F1q34tvYg1lhX1VLilnNHR3JyMcD5N0O9b3lwZI%2FoYacu3HMXJe0UbW2V7IoJp306GADOD4FlHtQjn7ezpTag38qTxhaLbWHOBIOwnajdIcnrpBYZbWII7bAEqjQ4b%2F9tW7ShDH7FU9QRQIWWL%2FDjhUQ%2BT7v06fHMuX4FaoqaiE2PI7rdoPkDiFO1NWaVhiaIVHXvnkJ5TCvtKqLvJLdb%2BCgbGdxIlnYhni7XEsSrXwI%2FEgGOfbSuBi718G1g2A5PdWvdKKn%2FhDoXWlp3fpRpaupePuSQ%3D%3D%7Ctkp%3ABk9SR6i_2rKXZw
McLaren F1 Luxury Phone Case for iPhone 17 16 15 14 13 12 Air/Plus/Pro/Pro Max,,£11.99,Free delivery,2 Mar 2026,2,Brand new,https://www.ebay.co.uk/itm/127615972372?_skw=iphone+13+pro+phone&itmmeta=01KJXJPKX55B1QVN2PB95HVKA0&hash=item1db6813414:g:q6gAAeSwV2dpe0~K&itmprp=enc%3AAQALAAAA0GfYFPkwiKCW4ZNSs2u11xAL%2F%2BHmh49QPrCx6osW8ZU1FV5oWorkwn4g1r4kUfANdZkQi%2F16BWpkfY4Q3H1bXIpM%2FaYG0uOq6v50Pxi7QuIRPKX8wu4WLeOarwhRmJyuJt1By7IvrordVyKTQvClOqMr3k9ROnorvmKYbrCMTpKqWLfZhdYHZ6N%2FRy51Q3%2Fp3ZmpDfyUqnnvfzZDxxhpYSFdqfXoOJVAv%2BEwlNafLWag1Polhl7PB%2FEz1AkkFi%2BEfU6ZpLT0zQagWlZmr5ZPrzo%3D%7Ctkp%3ABk9SR6i_2rKXZw
Personalised Phone Case For iPhone 7 8 11 12 13 14 XR Custom Name Silicone Cover,,£8.89,Free delivery,2 Mar 2026,2,Brand new,https://www.ebay.co.uk/itm/204247486940?_skw=iphone+13+pro+phone&itmmeta=01KJXJPKX5F1ZDBGYZN7SD2HCB&hash=item2f8e1951dc:g:pswAAOSwXkRj76s7&itmprp=enc%3AAQALAAAA8GfYFPkwiKCW4ZNSs2u11xBoOIpKofEX4CVrU8nLnMBs8jid9nkkh6bx93w4JgRWeJGtGvX6szoDfA3gImaCbjYrrlCuT4onpkY4eqLBxiIzEy27%2Fu8WPOTc0F65Dv0PdoRqiVnnJl7IfRPabVodTdWtuHNmX59rD%2B2%2FJpmY1yKK%2B0NWpSBh%2FMLD5hR1mHYv3WSKzmnNDdGeXjhHrO9QEX82L7j%2Fg9tvny2SbUBMYVpiNz1CuT9UYQIdk10q%2FMea1DbF4X%2F%2Bk4SmAIdpZRwDC42QpO55dTondCREJgdffWd7ltmaeQr5BagTS%2B0dnPRiEg%3D%3D%7Ctkp%3ABk9SR6i_2rKXZw
Hybrid Phone Case with Hidden Credit Card Holder For iPhone 16 15 14 13 11 12 XR,,£4.49,Free delivery,2 Mar 2026,2,Brand new,https://www.ebay.co.uk/itm/286148765249?_skw=iphone+13+pro+phone&itmmeta=01KJXJPKX5RE0N634JQ4ERFF6P&hash=item429fcba641:g:S3MAAOSwh9hnK-pA&itmprp=enc%3AAQALAAAA8GfYFPkwiKCW4ZNSs2u11xC%2BlXnCSe5ePUsE%2BpHGx80wwFM6dNkh7mF4eMIB54bm1R1j0Jy7ncfHBz3XG8T%2Bnp6XR1uuhO5e6A4xMZRiFP%2FZ0oLpX6Fn0XtuvxRwWihGCXypeP8Bv904ZHWzeQvPoDyLq3Ievsamz2JTrVlxViCt%2FiUjubFxjxY0qy%2B6RsLvYxdXu%2F%2B47JF71%2FSbKUxDy%2BB2DJgn4TQWIW3fxX2szN4gg%2F9dymzbJTaMHnPFMn3CeoBZEKGhPVJJxCZx7agOxQKrqM0x4Nri6XWLIDnSdk%2F4BVXw8TbynCVvW0%2BNYCwRUg%3D%3D%7Ctkp%3ABk9SR6i_2rKXZw
For iPhone 16E 15 14 13 17 12 Hybrid Phone Case with Hidden Credit Card Holder,,£7.99,Free delivery,2 Mar 2026,2,Brand new,https://www.ebay.co.uk/itm/365116537396?_skw=iphone+13+pro+phone&itmmeta=01KJXJPKX5CHXC5HFTGJHH64TB&hash=item5502a43a34:g:kA8AAOSwNlldsXd7&itmprp=enc%3AAQALAAAA8GfYFPkwiKCW4ZNSs2u11xCdsproLnLWI8xyFpfCVr9FQSKD460eDhBL2YEmUrZp270qJ5Kmn%2F4bNS3HzPAODqC4oGgYGWbJBucpoIJtU26d%2BbbXaeHhVQI9CTshoMnoiuAuAmRXaZ6o%2BDbPOc3ladfhbY2geWozTdJxRwDgeuRSPQfXS8FbmMkY45T8sPtVy%2FygBO4MboIYO2TlMAPioWLke5xFXpdusQR%2BxXyuxeuQ%2FzkxiHbqh%2Bbn42D0axz1a5D81KYiEPHRyruNxrHIvhO5D2PndPbGYwWRsyC1zRaheW5%2BpLiv6aMEc1948X1akg%3D%3D%7Ctkp%3ABk9SR6i_2rKXZw
Personalised Football Phone Case For iPhone 17/16 Pro Name Red Shirt Black TPU,,£4.49,Free delivery,2 Mar 2026,2,Brand new,https://www.ebay.co.uk/itm/205656375685?_skw=iphone+13+pro+phone&itmmeta=01KJXJPKX5X0FPX1H24P3SRRJ9&hash=item2fe2134185:g:xqIAAeSwqElok5Zp&itmprp=enc%3AAQALAAAA0GfYFPkwiKCW4ZNSs2u11xBosubrQqPNUh3nXVD6HSo7JoDo4goQF3hBwhNMfMZi%2FAMo8QHhs4nivN1TdEHUCHEqTCPMzWcxbUiGOV4A0xlnC4SmCs0XmlWvlGlL9gHvd02913ms3LdT2BB9N%2F6pQCHEnbxh5IaXEaIj8IbHI2%2F%2BHSYQ2mXJLqeoHDoikUvOEjnwEVZxlws1b07KHhs6JWBk6vrQR%2BSEDILrL8TnuXCfLN6bZIVeikTbnhdv%2BJ1TPTdnM2fr4E052NPY0hxzHRI%3D%7Ctkp%3ABk9SR6i_2rKXZw
Cute Heart Clear TPU Phone Case Full Coverage for iPhone 16 15 14 13 12 Samsung,,£3.99,Free delivery,2 Mar 2026,2,Brand new,https://www.ebay.co.uk/itm/375881906436?_skw=iphone+13+pro+phone&itmmeta=01KJXJPKX5JJNNK6S1DYFA874C&hash=item57844eb904:g:JWEAAOSwKSdnaQBQ&itmprp=enc%3AAQALAAAA8GfYFPkwiKCW4ZNSs2u11xAtOBkyB7KFluAxZURq0Zhyi08V0fkTSUoBKTE92OJVFtR3TGkB5D%2F7QWVlP%2BkXELi1s552p4jY9AI0SZmZvohAaXyIQYNHShTa0ztUMSxfFqS3Fag%2BZNxjEzThrK2%2FvtwB9DmbxHlTxphgN5qeLjOi0p4v31xJurFX0NkrnKouugPSmLIMcGflvmZAIqNOC%2FQy79HCwURb2DdGFPHBbFd9d7R2vk4sZOUm8sfdNWu3ddmHATkLyxw%2FKwfFU6ItX9P5zyS0kmDctuiSXr1zmY1MBNx9Q2C%2FpaGev3jDRGHiJw%3D%3D%7Ctkp%3ABk9SR6i_2rKXZw
Leather Flip Card Phone Case For iPhone17 Pro 16 15 Pro 14 13 12 11 XR SE 7 8,Leather,£5.49,Free delivery,2 Mar 2026,2,Brand new,https://www.ebay.co.uk/itm/205151683071?_skw=iphone+13+pro+phone&itmmeta=01KJXJPKX539RK39JEK6WF64JJ&hash=item2fc3fe41ff:g:e3MAAOSwzIxnVOzv&itmprp=enc%3AAQALAAAA8GfYFPkwiKCW4ZNSs2u11xBdS7ZLYxnCSgz6UxMdTTUwYuYCrKjzBxe2Px4e0EM2V0agwZfeClMTkpRfbL3Nd9K3XkrfenJIduHNxhmQBTUS0Xdi1RLq0KfJ18Cy2NpBM6x7M%2BRApndHM2ZM%2Br0YbHxC2dPOLvKBzzPQCpA1MWLLpAkkASEZa9OCRHd2vDA2GcykKjtgaPLg3a4%2B4%2FCoNJtfpZMetRHTOl2KPGaJNmxzdVk3sO6wseS393slL9CtdqsuvPk6Wp13HAvik4otBw9NuK6mb6Ym%2BaiYFXms24%2BbboIERBtLZfBX%2BY7xxTlwAQ%3D%3D%7Ctkp%3ABk9SR6i_2rKXZw
Personalised Phone Case for iPhone 11 12 13 14 15 16 Silicone Cover Custom Name,,£7.99,Free delivery,2 Mar 2026,2,Brand new,https://www.ebay.co.uk/itm/204685352653?_skw=iphone+13+pro+phone&itmmeta=01KJXJPKX5NNHZSDZEN0Q3NT9H&hash=item2fa8329ecd:g:h0IAAOSwHfVl4Z71&itmprp=enc%3AAQALAAAA0GfYFPkwiKCW4ZNSs2u11xAMEgyNWv0bsVL8tV79sI6TNdov6YdtOwdz5KFSOKzsKO%2BGAhqv%2FJHXV%2FO9xquF30eMcbVDV20aunAO1l7wl8V8obzKVK9Vh9ljegRlv2%2BzzBojzJirx8xmKEgYwX66%2F1SxMfe8KE0sY%2Bx%2F3KmNst5TaCAW9Ai4s1ADyj7idMb5iNQ1ylU3f7Ffz4i6SfIZTwjy4icP5IDCkZ28eYychFZzvO8voxria9Bo%2Fjfx2eREllLt55VNESLA3dSclfNk8ME%3D%7Ctkp%3ABk9SR6i_2rKXZw
Zip Wallet Case Leather Flip Cover For iPhone 15 Pro 16 Pro Max 14 13 12 11 XR 8,Leather,£3.86,Free delivery,2 Mar 2026,2,Brand new,https://www.ebay.co.uk/itm/335790217392?_skw=iphone+13+pro+phone&itmmeta=01KJXJPKX5A0H67W1229PJV624&hash=item4e2ea818b0:g:ynsAAOSwjapnm1dw&itmprp=enc%3AAQALAAAA0GfYFPkwiKCW4ZNSs2u11xAkyOlpZYj097ksnPQzj0vjJNGFBkTb2RMH8N3SxVscVztw12gwbn2hlPoHBsFddsDs4v5WG43N9gKkJWCsHDBD4VTU%2F1Qtbtu%2BdjU6lLZ%2F1vyb4WyG1Y0mcQ4cVJzc8lCzRqBtZhuoqPWxFEqt%2BrdCRlMVJeE8ClBsJRtnxN%2B8slYO5eggOeq1A7MDBIc5co7Q2o%2F7FHG8L0TwmHxIRwjsYVtrp4RfWacrHhO3RTFIy3NWuiTjA%2BOPjdI2LNGQT%2F8%3D%7Ctkp%3ABk9SR6i_2rKXZw
Phone Case For iPhone 14 13 Pro Max 11 12 8 Clear Shockproof Cover Hard Plastic,,£1.49,Free delivery,2 Mar 2026,2,Brand new,https://www.ebay.co.uk/itm/144273149160?_skw=iphone+13+pro+phone&itmmeta=01KJXJPKX5RSEBKJXW3H699VPE&hash=item2197598ce8:g:CY4AAOSw~Bhiql8v&itmprp=enc%3AAQALAAAA8GfYFPkwiKCW4ZNSs2u11xCCljyhVpkkf93mdSBFZb1yeNz5lvSk12I5k2nhsRysvlhHMpoaPs6IkJSmKXWOFtE2mj%2BZYaJC9UQ1LgAdkiFNwggBvJXaZiwn0tqDU1%2F8Rg6a2e%2FogUGMS%2BV9uwGtS9ltSHowKSEKrLNF%2FIxkBWg4KuI6XrZWvPvKjtGmnx1e20aILBBhSekxdeacjESqZTrmqvpJIHlD9WkuQJnBEtkhrkjHSCfd4Pr6TZT7ksVwy4hxQM20n%2ByIeHoyYeQz2l7vo4M9uasByRYRde3WOIhT78LJF8G8sZMJzvv7pL%2Bijg%3D%3D%7Ctkp%3ABk9SR6i_2rKXZw
Cute Pink Jellyfish Coral Pattern Phone Case for iPhone 16 15 14 13 12 11 UK,Cora,£5.49,Free delivery,2 Mar 2026,2,Brand new,https://www.ebay.co.uk/itm/357423079937?_skw=iphone+13+pro+phone&itmmeta=01KJXJPKX5XQ80FF5AVC01MB67&hash=item5338136201:g:N5YAAeSwiaJolMTs&itmprp=enc%3AAQALAAAA0GfYFPkwiKCW4ZNSs2u11xA450diKvdnJTz94EpvZbJOhZ96w8gzGS8lilBpSDPVzBB0FA9%2FDA54LfUMSsFfRIjLJqSvU3b8DmlyOVOLTySi8LcmkwyCIuAqHc9lAFHlMMeU%2FEwXLe5UI3Ao928qmfQ1vJ9cT4OcqhWb49xWu%2Bp3AXlagl6IEunl56ewTvhfvHoAMsFtWgzvaXm3IUn6rOKAeY7pOS0Y%2BCi6hi2CdVdvqABJWMnaxI%2Bub%2Fp02AoIEKXmZI3U08Ciz05NS65LKhg%3D%7Ctkp%3ABk9SR6i_2rKXZw
360°FRONT + BACK GLASS Magnetic Phone Case iPhone 12 13 14 15 16 17 PRO MAX XR 8,,£8.03,Free delivery,2 Mar 2026,2,Brand new,https://www.ebay.co.uk/itm/145213162312?_skw=iphone+13+pro+phone&itmmeta=01KJXJPKX5W9YAWJE2CS67FPR6&hash=item21cf610348:g:Y88AAOSwa9xkw4y1&itmprp=enc%3AAQALAAAA0GfYFPkwiKCW4ZNSs2u11xCSViZ2yr0IPpduae7uNxm%2BofL3RdxmyMltBwiqz9u%2FaqGiUlJHoBIeTa6z6h2fbOL6woO7FHOyciFqCMl1hdFAb%2FGqhVJ2pzVLiLs4OiNzQ0GM6ncgQ9YeiSJUA0hgsIn9V%2B7oppX3OORCBAFGsirv%2BfhbHHhT6ijy2FC8pBiax3wKE3%2BxVj0iiXX8TjeYBA8WkqxiChnSqk2btnQ22Yi7g0R7%2B8rxMR7SkUGsSZfO5NfAIvY76Zj0y9jLhM74sYA%3D%7Ctkp%3ABk9SR6i_2rKXZw
Puffer Phone Case for IPhone X/XS/XR/11/12/13/14/15/16 Pro & Promax -3 Day Deliv,,£11.99,+£0.87 delivery,2 Mar 2026,2,Brand new,https://www.ebay.co.uk/itm/177316945374?_skw=iphone+13+pro+phone&itmmeta=01KJXJPKX5TNPQ62KXR0Z6M47Z&hash=item2948e9ddde:g:iUkAAeSwWeJoklpZ&itmprp=enc%3AAQALAAAA8GfYFPkwiKCW4ZNSs2u11xAbbxTKCjJI9OxD8I5wZXRkzfl0tbEpoea1mNTmcdOh91p%2FHM9O9bAyBD1gfC7PXqG3%2B5kRdfLXZR8wzZhHlSbrerVtZmw5tBtODeQfTp%2BFkek4ErjQEeeyIVJ9ttu%2F0j%2Bbh%2BsDSAvhB6xWz6tAx8P4bPkKV%2FjO%2B6pmsaJ%2FVidXkngGHoP2oMEcmUCvpgRJiwPJddRST6l2Jo%2Bg53%2Bm9Ujgll4AcjLtHnjJldDM6yKN12lSHjn38P%2F38o3erjmGSUIaXfSwsBFNbQHP9hNBSW6gkneoC0ukchG18ItWkR6e7Q%3D%3D%7Ctkp%3ABk9SR6i_2rKXZw
Love Heart Soft Clear Phone Case For iPhone 17 Pro Max Air 16e 15 14 13 12 XR,,£4.58,Free delivery,2 Mar 2026,2,Brand new,https://www.ebay.co.uk/itm/386207844435?_skw=iphone+13+pro+phone&itmmeta=01KJXJPKX500AD5X7H0PPVJS1W&hash=item59ebc80853:g:gyQAAOSwyNRlL5WR&itmprp=enc%3AAQALAAAA0GfYFPkwiKCW4ZNSs2u11xDLqDT3q%2Blg8dQXyc07Bt81CqtEYsRZTVjn2ycqM1m64d3xCX%2FnVibpZwFAt4SQR97j2qngVbPHgfCZqttVanVY7YVSS4QBeaCdASarcgZJYcohpMedUPF5bdqK6KrP9TDIezjN4ipveSmQCCr2EmBc6lsuOIEVB157rDCFiTB8HygrlZNtyLum49sk7s2VIDOS7GZCXzXZ3uqUJZLRsNBB34B7kVqROF3fyYMovvx80ih9C15WgfvnhUdgt%2Fgch5s%3D%7Ctkp%3ABk9SR6i_2rKXZw
Phone Lanyard Adjustable Neck Strap For Smartphone Cross Body Nylon Universal,,£3.29,Free delivery,2 Mar 2026,2,Brand new,https://www.ebay.co.uk/itm/395512219766?_skw=iphone+13+pro+phone&itmmeta=01KJXJPKX5XXEA05FFKANCHDHJ&hash=item5c165d8876:g:sT0AAOSwfgpmhkHY&itmprp=enc%3AAQALAAAA0GfYFPkwiKCW4ZNSs2u11xDtf9jTGRYygi6Hk%2BJSMaXlXpIB9xDyJIy0%2BJTJ2zQCymuMKsOBAnfLwxg1FxYCfgLPVX6dpY8M%2B%2Fb2UxU6D6%2B8r2wPB%2Fiq8%2BjPcewhRO36oBLaZTCYZgLYdyLthZ32OEUI9T747ep0nJYv8ne1mEFRp%2B2kHCdVO8hJI05cyg4s4UGL4ArYRWaG%2FL46gYmCg9CgYQxzvEqUnvKnENfMZStGY1mIkRmjVUtvcG0Mob2K%2F3XRPflDt4TjFqsbAZ9eT4E%3D%7Ctkp%3ABk9SR6i_2rKXZw
iPhone Samsung Cover Phone Case ALL SIZES,,£12.99,Free delivery,2 Mar 2026,2,Brand new,https://www.ebay.co.uk/itm/317415723911?_skw=iphone+13+pro+phone&itmmeta=01KJXJPKX5NMPA4BDWX2S81XPR&hash=item49e7739387:g:wq4AAeSwDB5o7rcZ&itmprp=enc%3AAQALAAAA8GfYFPkwiKCW4ZNSs2u11xBIX8MJi3jd%2FAZ5rrrWF5R3B7AxJz6tK74G6lUvTjtY1YcuT8q2RFoDXTwLH%2FOqYztfr3bOjwnL115ryUU4jlcyfzy5%2FFX%2BeANXfEVnvMySGlWpGFwoGsEAN3ETLBZqfm4YPM3w8qqxfaePL1vajjVKPKgkeKQQU9G6GQoVjoyiUNCec%2BLGRLlyP0jRPu7zvsFVQ%2BwZUhXI9AGvcwGpaM%2BIs7rsN8927Y6M1iY0hT46etU%2B9vMBHBbJTVvzyTQhQi0SK6QPqZYpyNB06UzwU%2BZ9z7%2ByKakUjW3D%2Bpy1%2F5a4cQ%3D%3D%7Ctkp%3ABk9SR6i_2rKXZw
Detachable Multifunctional Wallet Phone Case for iPhone 11 12 13 14 15 16 17,,£29.99,Free delivery,2 Mar 2026,2,Brand new,https://www.ebay.co.uk/itm/196471100908?_skw=iphone+13+pro+phone&itmmeta=01KJXJPKX5RF5NV7AVEK8F14QX&hash=item2dbe9715ec:g:e6EAAOSwZUxmfohX&itmprp=enc%3AAQALAAAA0GfYFPkwiKCW4ZNSs2u11xCZm8EG7JlQZ1w3A9k%2FmuHB%2BjI09VhHhWG24BGH3EJDKRK9whvkY%2BBAlPzhtMH6gBovsnttyif%2BgTF0cozRSq%2FOsbKEsHuAWu9spmZQCAadbXP%2BoHP36yeesmXgrsyZ6bxZv3IMZSk079W1ZRfW97tPg8VItm3zUP1wAaNAK4qDxJUtFWscKTpbUdEjYqZJHYvMWvMVjTUJeI8zmK4ehNcbi9pJaW3WmceNMDQ3qpiiuAMWqFbu4EisxYNU44mjRV4%3D%7Ctkp%3ABk9SR6i_2rKXZw
360°Rotation Motorbike Phone Holder Rear Mirror Phone Mount Waterproof Easy Fit,,£9.99,Free delivery,2 Mar 2026,2,Brand new,https://www.ebay.co.uk/itm/236277132655?_skw=iphone+13+pro+phone&itmmeta=01KJXJPKX5YXE8Q2ZV9FNJ5F7A&hash=item370336ed6f:g:k5gAAeSwu-BopNH1&itmprp=enc%3AAQALAAAA0GfYFPkwiKCW4ZNSs2u11xCJqgOUIHSdGVOWc2R9%2BFh888%2F9a0g4vUx2pmRxKmTbx2f%2FVhrvc960zoi64uUi80cPuWDWNnqqlyg1woIC%2FzEQlEgncUjJsuMGvIVC%2BHxiSSuUzMrGmA%2FSiYP1eCalNtymQ8jBxZm47UrauoZmLnZC83DvEyxnO7xQALNPuSylbBAIGbBKQW3bWdZDv0aN2%2F6qNGsIfF1QzRrYR7b%2BcNK1m5pLksWfkSAbcZtgjQqounjR2JVWyLbmiT0jGoK5Vv4%3D%7Ctkp%3ABk9SR6i_2rKXZw
Rhode Lip Tint Phone Cases WITH Lipgloss Set IPhone 17 16 15 14 13 12 11 Pro Max,,£4.55,Free delivery,2 Mar 2026,2,Brand new,https://www.ebay.co.uk/itm/188078565359?_skw=iphone+13+pro+phone&itmmeta=01KJXJPKX5HNF70460F7R2EBQE&hash=item2bca5b27ef:g:NHIAAeSw9VppV6Xk&itmprp=enc%3AAQALAAAA0GfYFPkwiKCW4ZNSs2u11xCQrIKpWZoMkG1Zd%2FyYMkP120AnEHohCKmA%2BXr7g%2FTrHhItLO4NHJ0L0qE%2BvL3y6adIgc0agVM353GWF5we%2FtNldmK%2F0Hv5WB25ZAZc3dkN7vdbvOe2n%2FtQD0O1PEhmbUIij5U9ww5Cou9U1r1VODf%2FuNs7yP--Z8jlMXH0fyRXEA2Annmbj8PkMb2yJaNdNnnYQhlSztpaQSLwLuWXGBOKGZ5UPYXemDRsXscxIPDXxlANCrXdtjkRtG2M%2BrkDFsk%3D%7Ctkp%3ABk9SR6i_2rKXZw
UK Wireless Fast Car Charger Phone Holder For Samsung S24 Ultra Apple iPhone 17,,£9.99,Free delivery,2 Mar 2026,2,Brand new,https://www.ebay.co.uk/itm/395915103255?_skw=iphone+13+pro+phone&itmmeta=01KJXJPKX5QA2XDVF60GS922N5&hash=item5c2e610c17:g:7v4AAOSwM-VnNWnM&itmprp=enc%3AAQALAAAA0GfYFPkwiKCW4ZNSs2u11xCq%2BTaGxnH9lGVQL58%2BRXsh6b5p6%2BYiMKektB56etEdfcwQAbIQH8xCpfvr1pnabtHfG%2BfXgxXe2wyVoWkA9ud3pIMq759a0bRV8O0pwYIwZNKZvwavK%2B9DAyQ70dj9vfhfpg99mVprNjixiQYnS%2FwBpLsRjAnjRNPR2MViHbHJu6SfSrhpzIeFaPsZH83cVrii32UQXmacTi3Ap8WTsWypmZx2JrPUl1my0ExF3kvVuUI%2FZljuUs7hO3zk4lPIk9g%3D%7Ctkp%3ABk9SR6i_2rKXZw
Black Lace Pattern Phone Case For iPhone Shockproof Soft Cover,,£6.20,Free delivery,2 Mar 2026,2,Brand new,https://www.ebay.co.uk/itm/389477752583?_skw=iphone+13+pro+phone&itmmeta=01KJXJPKX504FZDES69H2MW2C0&hash=item5aaeaedf07:g:WkQAAeSwxlRpYk2L&itmprp=enc%3AAQALAAAA0GfYFPkwiKCW4ZNSs2u11xD2NYk%2Fd2GOm2vOqEkBCQksS9mT6Z04KH1KdUQWxOjxenQGDZu1qK%2BenhobaMz3XsV9xISEKsc3f0jSY01ZTIrWqk7cAMZaiEuIdiKdfqtVRoyX1wjoPPwPQwcp5iNQUnlZJslG6iy%2BiDNKHt0dgW5M8PGmPQL6U70WX%2FlJLGjS9P6MP1STbM0sluv860fECPtBXz88JtQJ0%2FsCmidlTahSALNmUf82MZLRM09LH2hdWDL2U4DG3kxRiYj9xfSVZFo%3D%7Ctkp%3ABk9SR6i_2rKXZw
Wallet Case Cover For iPhone 15 Pro Max 14 Plus Shockproof Crossbody Phone Bag,,£13.49,Free delivery,2 Mar 2026,2,Brand new,https://www.ebay.co.uk/itm/156238376135?_skw=iphone+13+pro+phone&itmmeta=01KJXJPKX5GZAS1EX51AHPQBSJ&hash=item2460886cc7:g:K~sAAOSwbI1mXEe5&itmprp=enc%3AAQALAAAA8GfYFPkwiKCW4ZNSs2u11xBLQ7A7J6KVu%2BRn3DqOUplqponjgyyP1AB14%2FTfM4c27XuQSoHsJSdmnb5LLiW%2FW%2FCGJYP414YxxkcPbjffv5BBjYsgbiaNF2sp9ffWr2ZcWfQXnPYsx8f0zXzJSIhwf9NLXRz%2FxYJIsWXBmwOXmaVgXiB3GL89FbHdm1Zoo74%2B4CDsExXvmdYBKbI43mUUgjXapyYcp4RX4ura9vbC1ll0bdYIrb5%2BAbJWEDnPCAHgplhVRDUGXCDDALJKZy4s8zWBRRAYcJfGQ0C6G2HNRTekpe%2B5Jvjjp%2B6jifKb7ERGag%3D%3D%7Ctkp%3ABk9SR6i_2rKXZw
HIGHLAND COW CASE FOR IPHONE SAMSUNG GOOGLE CUTE PATTERN SKETCH GIFT PHONE COVER,,£3.99,Free delivery,2 Mar 2026,2,Brand new,https://www.ebay.co.uk/itm/185931666926?_skw=iphone+13+pro+phone&itmmeta=01KJXJPKX5B5FD36JNT2777RB1&hash=item2b4a6415ee:g:Pn4AAOSw4gVkxA4y&itmprp=enc%3AAQALAAAA0GfYFPkwiKCW4ZNSs2u11xAXZ%2FoYfCrYFQJuqMIS%2B1Ph2Nnq1hemr1EBEaAOPHTtQ6IrCJbVRLzajmoviO1ELwkJvYvA2b7lygZbt0P31OR6SR0Xg333KTvoiuwDV83w8LYNiq%2B6aav5PLCcAA64LmJKifnOzNLZhrdl1ZUttL5uRizl9%2FfTDQCzyKMdNVZSwpovQrSUd3I3BEZUbK5X8%2B%2FKxwQSlZVxbAnLKx%2FLHBc7rp6hAeC2nnoZfoMOglfULSIvkUbo3XpPGveJgBac1L8%3D%7Ctkp%3ABk9SR6i_2rKXZw
30W Car Wireless Charger Phone Holder Magnetic Charging For iPhone 17 Pro Max 16,,£11.99,Free delivery,2 Mar 2026,2,Brand new,https://www.ebay.co.uk/itm/155425060881?_skw=iphone+13+pro+phone&itmmeta=01KJXJPKX51VNAVSJ7EJMT0GEZ&hash=item24300e3811:g:-NoAAOSwIERj2tW2&itmprp=enc%3AAQALAAAA0GfYFPkwiKCW4ZNSs2u11xBeYGDocjrtS5yyY6wKVcmDUDvjkK2OOfewtxu2MKDQAh2R4Ma3srZzXGAZ66aCiZb0L0BNFjgQz14Nu3QQlwbN%2BXPLEPFqZ4bekeV%2BvYCSupZWHakAkNpqd7C%2FkR17s72tKRtHZdAd4ZcZhiAu5fsT7vdKfTLxUc4cgApgrqifvM%2FfV7kq3%2FJet5%2FGixmAFxi%2BcxXa4WLwCT9MVtetmytWq%2Fx3YBEL5E1Kz8EjGSi8Psd9ERjSNN4buZJ6b3k%2F1NY%3D%7Ctkp%3ABk9SR6i_2rKXZw
"""Flower Vine Clear Phone Case For iPhone 16 Pro Max Case iPhone Cover Floral""",,£5.00,Free delivery,2 Mar 2026,2,Brand new,https://www.ebay.co.uk/itm/376787297851?_skw=iphone+13+pro+phone&itmmeta=01KJXJPKX5HST8A39H5Y74DFHS&hash=item57ba45e63b:g:CtgAAeSw3H1pRFOO&itmprp=enc%3AAQALAAAA8GfYFPkwiKCW4ZNSs2u11xBcjz5REk1lRzx2K9otC3ICjokYB%2Bf%2F4aP6AXrG394cuhu2jZPPXYuDdamb3entQnDW2%2FE6KlMdgsCLU0%2FSBI6JCEwaRhqkGnMzyTnE4kAR6x%2F112IrmYT2RoPurExTluMZ9SIrji7YtW2NnJ3y6YSnzH6%2FgTcee1%2F8W4xRymneUVN2AAnmaACYAPkGLtD6z4E3bZPxoW%2FUAtPHHQaPtlKQpbqnnZjsgpT4DzIIszKRV76xG5XaVJHrtWLUuc6XnH9C3zowfOTRpdbiJH60LekaHwqkd6K7dEl7mcqWP%2Fgpbw%3D%3D%7Ctkp%3ABk9SR6i_2rKXZw
Phone Case For Apple iPhone 11 12 13 14 16 Pro 15 Pro Max 16 Plus XR 12mini 13mi,,£4.99,Free delivery,2 Mar 2026,2,Brand new,https://www.ebay.co.uk/itm/167284004565?_skw=iphone+13+pro+phone&itmmeta=01KJXJPKX52SZWXD2NY3V5P9WR&hash=item26f2e756d5:g:SykAAOSw95pnm3QQ&itmprp=enc%3AAQALAAAA0GfYFPkwiKCW4ZNSs2u11xCWB1%2BCuTc368AAAjcf66sV3cpufmu4Z89ECJoPgnLR4NLoYDHwAQi82WSyPn8bThdSkPDoh%2BvyYQ4DyOn5bz0Vm2XIeg%2FkBqX1ttt9%2BWg9o7EzXCprDSSRLwPxhXV9N5cHTtkA820ydBxQW6y0XcwtARgqtChqyq%2F3wMuQczYl46PuPoyK9qLrakYFThOSua9Lp6AChvfpHGl%2BqzCnb3GPmFj%2FTQTj0d83c0wh%2Bs4hDQTIfAZ5eytPH30qQRLohLw%3D%7Ctkp%3ABk9SR6i_2rKXZw
Disney Stitch Glitter Phone Case Liquid Blue iPhone 16 15 14 13 Pro Max Plus XR,,£7.59,Free delivery,2 Mar 2026,2,Brand new,https://www.ebay.co.uk/itm/257240264931?_skw=iphone+13+pro+phone&itmmeta=01KJXJPKX59BG2VYSXY80WWBVW&hash=item3be4b6f0e3:g:V1EAAeSwDu9pLteu&itmprp=enc%3AAQALAAAA0GfYFPkwiKCW4ZNSs2u11xA40C7v%2BqYyYjrYg%2FxOJpVUirbURlUA2v0vahd2JTfhS0X08kxzLzyLLl3qGjEGtHzBayD9HPNW1GKWqrsjylYtE9ILqDP%2BCKWBzCCU3nY1iHY2bDoH3cqB%2BeY3qj9K0llf0OSTRevG9iSe7RsntwQwDkHns2pLuyFc%2BFUmJWk%2FsGM85m7FKo6K5dHUpEiOuZN4BS1ID3%2Fk7mU6qfDVLz8ae1m--d9KiB%2BW7Vayxp1%2BvmgLW9tOQ4YsggGhysR6TKM%3D%7Ctkp%3ABk9SR6i_2rKXZw
Mulberry Red Wavy Edge Phone Case for iPhone Series 16 15 14 13 12 11 Edition,,£3.99,Free delivery,2 Mar 2026,2,Brand new,https://www.ebay.co.uk/itm/375892122935?_skw=iphone+13+pro+phone&itmmeta=01KJXJPKX5A7X9HYV5Q6BR7JTK&hash=item5784ea9d37:g:N9gAAOSwpNRncBP3&itmprp=enc%3AAQALAAAA8GfYFPkwiKCW4ZNSs2u11xDX%2FslY2%2BGltg4uU2HFNkDeb3xmMaC8bFzhkd4wUhAXsLzRKZGrnKp3I5BOGb50QndmPMITYoEz7fz1ia%2FlfExcVX%2FIPYa%2Ffhrn3I72dBeVjArwZdjR1YTDF1OIHKXjHRAuDC%2FDKKRSNY0j9cVdvbCX3JurGHI5VDam7GzLa%2FZQWrIJcCGklVOUoHs3LP2f0udL0fyTke3X6ydKSQ%2FlZ6KoXJ%2FdsfeDp8yVabq5Gh1luVqBh1ckv0mN7GJCxe7Mp%2BLzboW5k8RTMPqHskHgVgPWQtEcD8ZSHLQkOQJq4HSIjQ%3D%3D%7Ctkp%3ABk9SR6i_2rKXZw
Cases for iPhone 16 15 14 13 11 12 Pro pro Max Clear Shockproof Phone Cover,,£2.23,Free delivery,2 Mar 2026,2,Brand new,https://www.ebay.co.uk/itm/296840776798?_skw=iphone+13+pro+phone&itmmeta=01KJXJPKX5R0Y55HND251WWARV&hash=item451d16cc5e:g:-4wAAOSwj7hnYKgK&itmprp=enc%3AAQALAAAA8GfYFPkwiKCW4ZNSs2u11xCYtFjepFT%2BaSsKlCv5qBzloSxgID9XIAiqa5Kue%2BshQhUG7rpddXWb%2F67SzWcyNSeItBvk%2BKo9OhrwrkOO5rQaJMIU%2F3%2B%2BWjmhaCBQ2EQSNcskfF1o11avPfDzsGyPZXaE5W26PERJLi8Kd5LS%2BN6Cx%2BVIwdZ1dqpLj%2BdQ8WdO%2Fjya3q%2FtKwrjINa4Jhp8pcUntdYCrua9Mnmn71FxROFWaq75950RZwdXcVwcQFr%2BZFjfKddmVpxx1Dlgt35jE%2BHW1VTyD7q8MYgwnXz1dg3Q085k4MTLo%2FoVyNgJl1SqfQ%3D%3D%7Ctkp%3ABk9SR6i_2rKXZw
USB C Kit Type C Charger Cable Micro USB iPhone Adapter For All Mobile Phones UK,,£5.95,Free delivery,2 Mar 2026,2,Brand new,https://www.ebay.co.uk/itm/176417015087?_skw=iphone+13+pro+phone&itmmeta=01KJXJPKX5ER4A5H9BYJRBPGSY&hash=item291346052f:g:6~wAAOSwGkpmZiEV&itmprp=enc%3AAQALAAAA8GfYFPkwiKCW4ZNSs2u11xDtuiVKsgwaPuZCWA43PLpbAaF80xtkU47%2BdUVdeT9AR7eMgMolMCBpqpEcLZGtdVQWyk%2FBYZ9ToNQs9T4II0AnEuK%2FDXaQZiwMrfl5veklEY6oWRZrul68E8FpnhqN8PfQmO8ObW35VKCN%2BBM%2BbhhsauXX0pTRNg%2FaFjLaBnOa9DW5UNd4MpT4JhfUM5vn6WBXPUhMG5s4NHzPhAKZn6L%2BsfYOAgmd2dt5QuBueyXNNXmfIpyk2OnXtV6%2BHDC6yPQLLblbDeyMYyfr8kysdfc5qBdtFpqclJF2ulytFsuJQw%3D%3D%7Ctkp%3ABk9SR6i_2rKXZw
CLEAR Case For iPhone 17 16 15 14 Pro Max Plus 13 12 11 Shockproof Phone Cover,,£0.99,Free delivery,2 Mar 2026,2,Brand new,https://www.ebay.co.uk/itm/313626634460?_skw=iphone+13+pro+phone&itmmeta=01KJXJPKX55JZW9F40YYFAB1XC&hash=item49059aa8dc:g:egAAAOSwCJxnSmV1&itmprp=enc%3AAQALAAAA0GfYFPkwiKCW4ZNSs2u11xCByj%2BPAhQnfYQ%2BY0EsA1rd%2F2396gxh0Dnuh2DoQIeqIeUaThF9NXKI6fim94kp%2B7TNtZTdHDBhkjg1FIc4t%2FbtkLIGiewulzH1SLPI15UlWH%2FwxP6fQbXqk9VeiFwqPokFcHet%2B6M94W2Go7gDcUMsuOsmgI0NmXpFS004YI5xq7SUh7L8SyK%2BVqyyS7%2BsHlgzfiogi%2FxGr09zMbkdomG0DmIpH0P2ZbWH7XtZbqiAki1kWvV7%2Bfgz%2BSNw9RXm9cI%3D%7Ctkp%3ABk9SR6q_2rKXZw
Real Leather Wallet Case For Apple iPhone 17E 16E 17 Pro Max 15 14 13 Flip Cover,Leather,£1.95,Free delivery,2 Mar 2026,2,Brand new,https://www.ebay.co.uk/itm/276753534000?_skw=iphone+13+pro+phone&itmmeta=01KJXJPKX5AK0S88MDMPP9K3FT&hash=item406fcbcc30:g:mhEAAeSwhQNo0XJ4&itmprp=enc%3AAQALAAAA8GfYFPkwiKCW4ZNSs2u11xCl32pXwhhdJ25RzfgaomGEuo%2FHfNOWxrfwkqbTVRbZ4U64qgmk6xgxwYwLu5C4lz2hvOXU%2FShBHDUE3%2B4c6PhAJh%2F78bI6hywKioty7NEc4f9KAWDTcCNz5UmABU%2BCilQCbxFs%2FVTKE8zDgi06khxL51--5MKYZNDBDBwd%2FLFoSl6dPWKR8cbmXLvG0WBUO5v%2FDxZGyuoil7rH%2FxIf2StcXtQCCGvZmINrOBWg9gbx9UrQdpeyzQ9kvkp%2FppIOep54Ndw7OeVMzv0VpDlIPsvnbUNgW6VwwkVSBCFFxU5hqg%3D%3D%7Ctkp%3ABk9SR6q_2rKXZw
CASE FOR IPHONE 15 14 13 12 11 SE 8 SHOCKPROOF PHONE COVER RETRO CLASSIC CARS,,£1.50,Free delivery,2 Mar 2026,2,Brand new,https://www.ebay.co.uk/itm/265584438915?_skw=iphone+13+pro+phone&itmmeta=01KJXJPKX5RDRH3KKRS5C72ZVN&hash=item3dd610ee83:g:a2cAAOSwHRtiJxaO&itmprp=enc%3AAQALAAAA0GfYFPkwiKCW4ZNSs2u11xDZQLfTOuag%2BLOAzMreRfNP%2FlXf83xDWyYCzroF9JUW9hMgM2YX9NikRlPMqoQ2BHCrg3%2FOTMMlAv6e1IEGRDU5oFc6YgmPhoWKw0R%2FD%2FlbP86yXY5kTyXV8vutwY6egrS25smn%2Fn2yIF2qOM3PvxAISY4%2BEVsgiULskOMie53BqursarQG7%2BVNgusfzLAhk3j1IVZdmBSAPn2UkMx4MES%2FIA%2BAjezYfS4JEfMsJoxjWBLAdZgJdU%2BKH3TJ0tLbYyY%3D%7Ctkp%3ABk9SR6q_2rKXZw
Deftones ROCK BAND Phone Cases for iPhone 11-16 Pro ProMax Plus,,£14.50,Free delivery,2 Mar 2026,2,Brand new,https://www.ebay.co.uk/itm/236655579143?_skw=iphone+13+pro+phone&itmmeta=01KJXJPKX55SYPPVPM0HYWQG1K&hash=item3719c59007:g:IREAAeSwqcxpn3jO&itmprp=enc%3AAQALAAAA0GfYFPkwiKCW4ZNSs2u11xAHrNNHI1uvlSdFwk4yJyE3Rz20qYrti65aB6LkllymIUrmLm%2FvEZE%2BXzi2Uc2LzsMSLq9EatRXX5IMykM9Bc%2BHiUy7ZuQAU1nn3Ll2yTYvauG3NCKKCZcHll6osUQlyJzxeZa6nw%2BYWlT8rNC3oZMuiEQuPOF4AB1sxVzgCYclbBfVHFf%2BIIhCXrrp%2B1zj%2FKexyaOzikRkjMNvwvkygCC39oSfEVF3EadD%2BBf76wQMhxM4oqXPBLyzDF119mPkngo%3D%7Ctkp%3ABk9SR6q_2rKXZw
Wavy Phone Case For iPhone 16 15 14 13 12 11 Pro Max Shockproof in Black & Beige,,£3.40,Free delivery,2 Mar 2026,2,Brand new,https://www.ebay.co.uk/itm/306407863328?_skw=iphone+13+pro+phone&itmmeta=01KJXJPKX6DV7106FNCFVGPTTD&hash=item475754f420:g:nRsAAeSwTlNof4WO&itmprp=enc%3AAQALAAAA0GfYFPkwiKCW4ZNSs2u11xD6%2Fnwf%2FKjR6dQmKWx0zr8nlMm8eB3RKQsH3aC6lwzjl7Eq5XnXZ9NuggjL%2FwHHAS%2Btm6KnuAD1slIxKSdO1Obe3k8zhxvBQYUSrb0xSXnWg6ujJPiBnNvA0IxO5Ai2XXyE%2FXv26uTiyYIxzF4zykoU96ceRmyXfCm6CRyOfvhjEv986VleyJ7GjfCYctVp2THrCnFC1OZ6KgY34ZFO%2Bdr%2FHc1Umk%2Bb%2FkHoRzpfutdBi1mXZNzUjtStvFH3Jv7fgJo%3D%7Ctkp%3ABk9SR6q_2rKXZw
