title,model,price,shipping,date_sold,days_ago,condition,url
Shop on eBay,,$20.00,,,,Brand New,https://ebay.com/itm/123456?itmmeta=012DEW30YG0MEEKND7NH&hash=item123546:g:acwAA9KNiJowH:sc:ShippingMethodStandard!95008!US!-1&itmprp=enc%3AbgepL1tlUHjMGCVfSTGJh%2BzsVKeJ3CQk7NizDI4BZeppuFnmyS6Ijyp8lh%2FnEw%2BWqO7uTV1Q6izE1R0T54aV8j71F4xlWfVcGft4%2FiOQhtqVXA1rW6M1atPARQRmhqUxtEPJKhKtSFgI%2Bvwlzb0GwVCtkp%3ABlBMUObkmabpYw
Shop on eBay,,$20.00,,,,Brand New,https://ebay.com/itm/123456?itmmeta=012DEW30YG0MEEKND7NH&hash=item123546:g:acwAA9KNiJowH:sc:ShippingMethodStandard!95008!US!-1&itmprp=enc%3AbgepL1tlUHjMGCVfSTGJh%2BzsVKeJ3CQk7NizDI4BZeppuFnmyS6Ijyp8lh%2FnEw%2BWqO7uTV1Q6izE1R0T54aV8j71F4xlWfVcGft4%2FiOQhtqVXA1rW6M1atPARQRmhqUxtEPJKhKtSFgI%2Bvwlzb0GwVCtkp%3ABlBMUObkmabpYw
Vintage Scully Tan Suede Fringe Western Jacket Size S Rodeo Cowboy Boho Leather,Leather,£34.99,+£4.06 delivery,6 Mar 2026,0,Pre-owned ·,https://www.ebay.co.uk/itm/267556738552?_skw=leathr+jackets&itmmeta=01KK1T4PN7NNNSQH86EQZ33CJ0&hash=item3e4b9fd5f8:g:gdoAAeSwlE9o1VUo&itmprp=enc%3AAQALAAAA0GfYFPkwiKCW4ZNSs2u11xCxDo%2BxS31QBL0%2F%2BiQtj4SkGmRFCbiPulxaEvwToWl1EdHqQYOi%2BnmrYh3CmN43HJWm%2ByjXxk2eUVobKweCfgvTmQe6AlTHnaaxDaQMQRuSSa87z9eknD%2B4%2FVyhzt3wwv9AQ5vW14NjJiSp4l969OvjVQJKAC9S1yyJmOiZ1Q%2FVVOaFjRaoqcZvmRWm--CPZAvRiuc3JPEU65NK6yHwECdeXh40cawjg%2Bv6n4kHY7xR%2FJNP6PeV7UZyreJspoqmRx0%3D%7Ctkp%3ABk9SR9zskrqYZw
LAB Black Biker Jacket -100% soft lambs leather size M 10-12 REDUCED!!,Leather,£21.50,+£2.94 delivery,6 Mar 2026,0,Pre-owned ·,https://www.ebay.co.uk/itm/236617562607?_skw=leathr+jackets&itmmeta=01KK1T4PN7HG5MGKDAV2X348ZP&hash=item37178179ef:g:u-YAAeSwDXtpg1Ff&itmprp=enc%3AAQALAAAA0GfYFPkwiKCW4ZNSs2u11xD3sjrFjc7wf7epaQ0z86znDkOOBJk6pR3qIirS9gvMf9r6pjJ0fYWjRFgegQpI9WsCc2I93NHy6%2BfwGmyyXWR7WEPFTaKEHryKJHNN8WUpXdQU2rXbFYaptSX0OYPF9V4%2B7UJlRcGZSIk3J0NEA551KYTtwgJ03OhcinQblsBTz3qhE1rG0F7z5Y1lTJCYPYmCHEqBB%2BP%2BB4vbDMUIwK9XN6tko5MbNWsA24Y7LxydGF3BG%2BTrgDt4F3yWX%2BQD%2BDU%3D%7Ctkp%3ABk9SR97skrqYZw
Vintage Gap Black Leather Blazer Jacket Women's Size XS UK 6-8 Y2K 90s,Leather,£36.58,+£2.94 delivery,6 Mar 2026,0,Pre-owned ·,https://www.ebay.co.uk/itm/136969336631?_skw=leathr+jackets&itmmeta=01KK1T4PN78171DT7895ZB47Z0&hash=item1fe4023737:g:SosAAeSwZ41pcSJc&itmprp=enc%3AAQALAAAA0GfYFPkwiKCW4ZNSs2u11xDfmN29yvkRw3jOdDz%2B9e3GotGA%2Ff7zgwQJvxQLUM6p5FdAIZFjd3kN7xwHUabbqxSlwTMPe6IKUIydYODz47EeUxqyBNes2Ls%2BXeYIDDkZ1UyVlRl4SQK1%2FUofXI7%2F2wKiFZoFeZqWVPPsqfg5vWbvdWaRecDunFJ0tUZEcjEJ1zB64hmGN9F8DjfoTOayyAEw3ym2pXhb3GZQqRG5rxyGxKQkCW3J4vCxabdkQX9eKJ%2BIEPKkIZ1%2FjgG09WcMN4Q%3D%7Ctkp%3ABk9SR97skrqYZw
VINTAGE GAP LEATHER JACKET WITH BLOUSON STYLE SLEEVES SIZE MEDIUM,Leather,£19.29,+£3.38 delivery,6 Mar 2026,0,Pre-owned ·,https://www.ebay.co.uk/itm/198146571831?_skw=leathr+jackets&itmmeta=01KK1T4PN78MHWSCCXR67H3P47&hash=item2e2274be37:g:G5oAAeSwmxlppEkF&itmprp=enc%3AAQALAAAA8GfYFPkwiKCW4ZNSs2u11xAoAb6BKSx0gykfT5T5bK3KNQUOQ11OY4SSOEKSECN3ksThOStqTrRqFEcDq%2BKpvAu2mIjlp7L%2FmL0AN2W1dRxdUO9ZOa0krLw5n1o8uOeIjArk9%2Bzt58y63e07L2JMW9zvJZoFWVPiN3TASAo671WPj1BaY%2BicgTenCvgXCAF2LfssD8v7rMgSMbITURLuYG5Oo7myxqtzCbo0X6hvz1bf22IfBfnZpdUPPiRwZq9Y5Cb8m7iU2Ay%2BHfQmShEZZst4tQ6ibWV18QmlSDaD4MOYvRMkykISYWKkji669Qt6aA%3D%3D%7Ctkp%3ABk9SR97skrqYZw
Brunello Cucinelli Beige Chamois Peplum Jacket IT 42 | UK 10 | US 6,,£387.19,Free delivery,6 Mar 2026,0,Pre-owned ·,https://www.ebay.co.uk/itm/204186376592?_skw=leathr+jackets&itmmeta=01KK1T4PN76N4XZNT81MJ9WMBH&hash=item2f8a74d990:g:1ogAAOSwugRjma-6&itmprp=enc%3AAQALAAAA8GfYFPkwiKCW4ZNSs2u11xCnSJelb4nw80sqbOPG4%2B02I8dRPLYqO4%2FI2bxjSn5N10PIe562jGBZk%2BDD7C2OzwOZTgVRAmSRniKUYROeV0GeWKFMDI6gZtn5IqD2aG4CT0hEAqHs04LQFOmWom2NsMXKmO7fu8fmgd5MIT5R%2BH17QXzgsyfatGXZKi39NV2cld5x8W7ka%2FX0R%2FY60VJoDVea9Lpo61F2OuyFCZAAQW5jJ1H5IrepYbQsgeuH1bk%2BEWszl%2Bddgwh4s7iIJgNAxx%2FErYzOC0f7coWr1djJOAcsUIgHShyGjzIzz3%2Fi8VaQSA%3D%3D%7Ctkp%3ABk9SR97skrqYZw
Skintan Black Real Leather Bike Jacket Women’s Size 32 Excellent Condition,Leather,£10.69,+£3.71 delivery,6 Mar 2026,0,Pre-owned,https://www.ebay.co.uk/itm/397663747096?_skw=leathr+jackets&itmmeta=01KK1T4PN7H1EYR4VPHVCA7JTA&hash=item5c969b3c18:g:BmcAAeSw0ihpGyVt&itmprp=enc%3AAQALAAAA0GfYFPkwiKCW4ZNSs2u11xCUnje0LkjvFBe3wfPlEOBfnS88%2BCzB7ruYHZ%2BANKq96xnH2LQZQUCCEFhubahNp%2FOoHKmLRKhwFm9t20tS5uy2b%2FZ1PYUHTDs4spnBJicD%2B0YbEKRR%2Bp6qSIBfzZzbvgzKmlauIzsfzFKt%2FFUY1Dit58%2FuOGN9fXy1QCEy2FmLvQ51zpTLCRqI6kqh20HZKFk1zxnUEyzdK88c2cwanZ%2Blm3KcJhj%2BUAbV7EHkMc2ErEEg7HJWd1lK0d%2BkOatQN7o%3D%7Ctkp%3ABk9SR97skrqYZw
"Ridex Leather Motorcycle Jacket, Large size",Leather,£24.25,+£5.21 delivery,6 Mar 2026,0,Pre-owned,https://www.ebay.co.uk/itm/188052335162?_skw=leathr+jackets&itmmeta=01KK1T4PN7PFX25DVNASXYVJF7&hash=item2bc8caea3a:g:Ln4AAeSw3~Fpjc4F&itmprp=enc%3AAQALAAAA8GfYFPkwiKCW4ZNSs2u11xB8ictw5dBKbDzw4AJRr8%2FoeW97Vw%2Faf10HGUxIFOB6JkTFiirXHmif%2FCIf4KygkuQQEk4Ioz6D%2BJbRuZEOfTjhZ9%2Bitu5LZvMp6Xl210lgYr0LOS%2BeMRR7Mppiz5WhLg5lZXzFzZvkgiy6rV%2BFdbfTncyUSDjVfcfSzvnVJfw%2FLOMdY2UQz%2B0TvNNn1VZUmR%2BEEZEoixO%2FCigfYZLotnj4Ud6XjpBT8SSFchGPfwS68cJ%2FXOHPeXKJ6YVLEJvxQ8AUOOq6V%2Fa1bid36RGaKp4wdlCFMIBqtLIrk%2B0Aw0HOMA%3D%3D%7Ctkp%3ABk9SR97skrqYZw
TIMBERWEAR Rodeo International Tan Brown Leather Men’s Jacket S Vintage,Leather,£21.50,+£6.65 delivery,6 Mar 2026,0,Pre-owned ·,https://www.ebay.co.uk/itm/127408104388?_skw=leathr+jackets&itmmeta=01KK1T4PN7V3SS1EF4B61DYEZA&hash=item1daa1d63c4:g:EQEAAeSwqPlo3liF&itmprp=enc%3AAQALAAAA0GfYFPkwiKCW4ZNSs2u11xAAJU7nBr4a%2BFz76AAv2kgvpnyQVa%2BiFqiJFwQ24BCNUUR%2B%2BdqasODG07zMNFidtbcNEpZE9b0DB29ZQ%2FVuRKUUM6hKZLhvMngAVzNJxkClV36GFkpFgjTNudBwWtWzaZ5v1uz7ZCJODAb3kOY0KL5zPNCGrlukRbVt%2BuI0ClFAjys0Td8jWYAdhS46UJ7TPpjdgwemKAvF%2Fmw3bjD7AXvQKyevqqNnHeHHIyhDG55%2FlrO0dEJHyyCagHCrAmSpR2g%3D%7Ctkp%3ABk9SR97skrqYZw
Marks and Spencer Autograph taupe leather zip up jacket UK size 18 immaculate,Spencer,£39.45,+£2.94 delivery,6 Mar 2026,0,Pre-owned ·,https://www.ebay.co.uk/itm/306761629394?_skw=leathr+jackets&itmmeta=01KK1T4PN7R2W43ZDJJFQPMYDK&hash=item476c6afed2:g:1hQAAeSwgSdpb9ek&itmprp=enc%3AAQALAAAA8GfYFPkwiKCW4ZNSs2u11xA7p5vFBrwcMC9NPv27HMNS33kwsghdDqPhcrfxsGwCw3BFtWCLSj08jf0GTFy3TktVX3ThfRlP4Z%2BrrLt8XtrzRmm%2FWE4kbVVgqHfSeMqdoFHYHV9gkZ%2FJhH4Ktwwy6fskXNgyECMAEIhk%2BiKCAWIW84cAslTFxfOUtXay0jB%2FnkeuKMynqi48gk2NLNG32oRGTlf6L%2BV6Yh82v1htMRYL%2FEMaExwdf14I7smFiR5Z0VBYrnPpF2M0S9%2BStSy9vLC%2BHcDfdlQURognrkFzPHI4Q5odVoobrxsswoSbADwI7g%3D%3D%7Ctkp%3ABk9SR97skrqYZw
NEW LISTING,,£54.99,+£4.99 delivery,6 Mar 2026,0,Pre-owned ·,https://www.ebay.co.uk/itm/317962590449?_skw=leathr+jackets&itmmeta=01KK1T4PN7EZ829M0GZAZZAP7T&hash=item4a080c18f1:g:zXEAAeSw6~tpqtDW&itmprp=enc%3AAQALAAAA0GfYFPkwiKCW4ZNSs2u11xBFhon%2FNhXEweKWJo6R4KCNitHYt5nRMhcW2DKW%2BDdFRQ928oLLzQ5f041bQvxNTLEl9%2FdC1m3epT3BQCpNVgWKJCEWGA7OZqllRstazLhqZqO1jxNXXgyfoH5Pmw4iKq0QQrrRqG0RnXmPRu19aUqP7myAsveGswvaaKipKRsXWsIBn%2FCN%2FOSqWZsGhAGLZKBbL4%2Fss7N4FuxpeJ0b21Yg8sR%2B1Ndob%2FRwmaEiBfeQO%2FSeLti%2BFbkGMRNV5sn9XmM%3D%7Ctkp%3ABk9SR97skrqYZw
Hein Gericke Pro Shell Goretex XCR Armacor Waterproof Jacket SIZE M 50EU 40UK,,£94.30,+£5.15 delivery,6 Mar 2026,0,Pre-owned,https://www.ebay.co.uk/itm/336384703208?_skw=leathr+jackets&itmmeta=01KK1T4PN7R0D9EZ99NA2W6K7P&hash=item4e52173ae8:g:Q44AAeSwJRlpY4Nc&itmprp=enc%3AAQALAAAA8GfYFPkwiKCW4ZNSs2u11xA54yzuJSozzdmXPAer1REiDOm7lMqgysX96FDUrcSR0xKRygujE4NVU494Mqwk%2FNjPYi3RgOdCQqiPTXUW1Zlxi%2BahCXpXRx20V9sAZD1mt7izLjsZBwQ4WK8jyTgjyPXZXFTtHX0%2FFYDUSLAnFZH3vj8PX1o7cbTLO7m6R1Hl1i%2BZvJ1Bwkm8axWqbpYf1JTe18TobqWpOmJPS4vxU%2FGnNJj3oqzu3SiJoRTyL5U%2BBdF46Sfd%2Fxd6zyInRDEP8Oh%2BvDxaQh9BFqNsauAAyp2010TGdebUv53gFS4ZE%2BTPBg%3D%3D%7Ctkp%3ABk9SR97skrqYZw
Belstaff Men's Legacy Gangster Jacket Brown UK 48 Leather Stand Collar,Leather,£540.00,Free delivery,6 Mar 2026,0,Pre-owned ·,https://www.ebay.co.uk/itm/389648056104?_skw=leathr+jackets&itmmeta=01KK1T4PN7H5GZ5GNWEH76D60D&hash=item5ab8d57f28:g:Hc8AAeSw4-xpFfgo&itmprp=enc%3AAQALAAAA0GfYFPkwiKCW4ZNSs2u11xDQGQVeD8tie%2FfRxSu3V4drQ%2Bw8KfqM4A9snOsTHw7XK1ZhLFagFQ0ow0vhYrhncsKJm%2F9Lq%2FvHot3otKX%2FxR6lodkaFdLbydIOdNqLpwGMzbNRbK%2FT0xgFiOvkd1s0zeLmi%2BVb3O8FVI8NKNFLh373Q%2Fr%2FjcYuXbgAoepzPvgd66xftfG%2B7Hcn096CXe3T2C4pGnkuaWU%2F0odDJ0ereFPWd7%2FAzgAV9zSYrkQ7pblVAz59lbDL4l8ye93ZPQdnfZk%3D%7Ctkp%3ABk9SR-DskrqYZw
Womens Very Black real Leather Jacket Size 10/12 Excellent Condition Worn Once,Leather,£34.50,+£4.06 delivery,6 Mar 2026,0,Pre-owned ·,https://www.ebay.co.uk/itm/389586015527?_skw=leathr+jackets&itmmeta=01KK1T4PN716FGBYJDCE6XXCFM&hash=item5ab522d527:g:2dgAAeSwRUJphe77&itmprp=enc%3AAQALAAAA8GfYFPkwiKCW4ZNSs2u11xCPGAUoczdp%2FZRkb2pgmOfvlvgU7WxZ81yDF%2BC5egYg9KHa2IuSBLL4mGVvqNc5DCET%2Bghqh9RaZNEl4vNBtwGGDgh%2FmyAXSBbz%2FJZu6%2FvQWep%2BWrnx6J7I5atJJpk473%2Fczai8KTkqvVkmZoAfyw3lbftLkjxAOaspN4ms6PBp%2BBHr4OVKs%2BhjLKfoz%2BUMoYez81TcLiMDOu%2B0OD0GJkwYNsseaDxxxHqmZveAaSmc4gU2wxdJ1hIo%2F0MstTqo2GNUOMg%2F1W1JRW3%2Bi8RBA0snxEr96eMDeAJnEOJZmuHhQA%3D%3D%7Ctkp%3ABk9SR-DskrqYZw
VINTAGE Mens Suede Bomber Jacket IT 50 Large Brown Leather MJ20,Leather,£25.95,+£1.95 delivery,6 Mar 2026,0,Pre-owned ·,https://www.ebay.co.uk/itm/188115014397?_skw=leathr+jackets&itmmeta=01KK1T4PN7A47JF9AR2VY7PC9P&hash=item2bcc8752fd:g:1iMAAeSwCBZppl74&itmprp=enc%3AAQALAAAA8GfYFPkwiKCW4ZNSs2u11xBsNdMdNvO2ob%2FfoXkhlDsueaM0R4GJnkHAkoGatLsmPQzfelVooU6b38iVuoPASv641QeyCXTQB%2B8L9sUJm0gF4C%2FqjenRE5FOg9b6YiQbQj8oxukpSGwPhNQMkKmnls6o%2BBd%2FIzxD9y07Q%2FG7tZyEBezPJtdmXoY4gSPdvQyx8Rpij3dTPDY1xiqmxqi%2FTtA75voHBLgNAVLqrxHO549B7EegtMKtFBO%2F1rPhmMSEyFkU%2FR29rTqyVA9kV8AYDzBhsaZPrSzIJzYgd3AEgHi%2FDMXwErRUaiA%2BdetUF3vUDg%3D%3D%7Ctkp%3ABk9SR-DskrqYZw
Mens Jacket Jumper 100% Real Suede Leather 90's Vintage Grey Size XXL -C2183,Leather,£24.00,Free delivery,5 Sep 2025,182,Pre-owned ·,https://www.ebay.co.uk/itm/274563936334?_skw=leathr+jackets&itmmeta=01KK1T4PN7ZQXWPAN68M0NBWRW&hash=item3fed49304e:g:~AkAAOSwvZ5fpVnk&itmprp=enc%3AAQALAAAA0GfYFPkwiKCW4ZNSs2u11xDqKWI4Fu%2BDdvTP5XJBf%2FRSsn2mnVrcP3cn%2Bl676kdarOF%2F6HSZHlPdUOJzUSvL0v8HKkTePcKENzg0ujtBu2UHNZbGAPw13jnos%2F1ptsmxkM7il9c5w3Aun4XuoOuVxy1CL82j6T%2FaBge7wUkz9y8pScv1VApJxAnWgjWQXSlEFFUx14IfIJ%2BdT%2BD4%2Fchf41qpJMrFtevtF5iJPyMoaJ%2BlVVFkBiLXGzXT3szsw1j9fkva4TmweAMuWpKmRslxBuI%3D%7Ctkp%3ABk9SR-DskrqYZw
Style File Genuine Leather Jacket Women’s Size 14 (Blackley),Leather,£19.99,+£3.55 delivery,6 Mar 2026,0,Pre-owned ·,https://www.ebay.co.uk/itm/306737508978?_skw=leathr+jackets&itmmeta=01KK1T4PN7QH2A9BYYN7PDPG69&hash=item476afaf272:g:qIMAAeSwDCxpe10s&itmprp=enc%3AAQALAAAA8GfYFPkwiKCW4ZNSs2u11xDqE%2BLHTg970bGEiaiChFtOxFc%2Bue%2Bwt9YR9LaDQOQ0fLyL7jAAFzm0IRihpio7p5Ld%2FQiCVOKE0rlPV98OzEarddb4FUfTGFBvSChCEqNzgqpFKSGbvhrF33tLu4atXMKXZwq9qjsog5wLxMBNx0%2Bjltvc2U9FEq%2F9Ih9t4W%2F1B%2BWYVNCiAH1RNSpgPa%2FeTl6fWmPR5XgR1FDE4Eea%2Bvh2Pbyzz1PXSmimP8h19l8FSvqLwJl%2F64NJyqG3w8Se31xtHy5fKZpgzqCp6rnoOexaHgWZ14kcJ%2FrLHJQ98EVCSA%3D%3D%7Ctkp%3ABk9SR-DskrqYZw
Fairfax & Favor Navy Frances Goat Suede Lamb Leather Jacket Coat 14 RP £495 NEW,Leather,£275.00,+£4.48 delivery,6 Mar 2026,0,Brand new ·,https://www.ebay.co.uk/itm/389598384143?_skw=leathr+jackets&itmmeta=01KK1T4PN7WAG51P48AWP4RN9S&hash=item5ab5df900f:g:4BsAAeSwjVFpif6k&itmprp=enc%3AAQALAAAA0GfYFPkwiKCW4ZNSs2u11xBHgm2EqcIplr3jSpncARNxD1jsCmX53Vp2F36nhDYgU8agrK65Dq61uQoKZsFt3l09MjBeiHal8ZxRydYepfajdJdwnpdnCPBjSKYb%2Be%2BsggoK%2Bu1zJiItdXSltKNDXUMrIHPNOmKWOva8GwkdvcOO3YphOKps%2Fia%2BbYUvwRAOzqqbMz8C0j3irozNkaUh72XsJ%2FQauNyPcCUyB3fMxM1DW1zCDZmk%2FfW2B88hWm81CEAEoPPrs3jLpwYuRJVWDrY%3D%7Ctkp%3ABk9SR-DskrqYZw
Vintage Y2K Karen Millen Fitted Leather Biker Jacket Cream Size 14,Leather,£45.00,+£2.99 delivery,6 Mar 2026,0,Pre-owned ·,https://www.ebay.co.uk/itm/326971505749?_skw=leathr+jackets&itmmeta=01KK1T4PN7A0KNFR02ETFE7DYP&hash=item4c21053c55:g:LS0AAeSwJwJpSrOn&itmprp=enc%3AAQALAAAA8GfYFPkwiKCW4ZNSs2u11xDrPybucz9Yjbu8ML46EswHE9eJaGbN7U1Q6FC9Uw5WjYkMhA3l7wcgqly9cyImw6BIdOEuF73h8kXVGB%2Fcren%2BnPBupetbiL4rUE5jzNghJjR020P2YcwzxFyRfOanFUnVNpzUtcz6viYMiB73tHzj9gaKQGUn%2BjHHpteUyqrpNxF85wplL3PXldI18%2BxKPxoALCLtAObWxkiIA12WtlibqfqalSPpkcScNxxfziOo4LW4Mfh28SXTPVf6nTr93%2FEnO5OcwZ7WpKuqIqA4YDbv6eyRcZVcPe0%2Fkzo7De1RIA%3D%3D%7Ctkp%3ABk9SR-DskrqYZw
"MONSOON brown leather jacket,size 20,zip&popper fastening,zip pockets &cuffs",Leather,£11.54,+£3.71 delivery,6 Mar 2026,0,Pre-owned ·,https://www.ebay.co.uk/itm/336455016691?_skw=leathr+jackets&itmmeta=01KK1T4PN86WQW45ZNRXTGXVK5&hash=item4e564820f3:g:KcMAAeSwMFZpoaM5&itmprp=enc%3AAQALAAAA0GfYFPkwiKCW4ZNSs2u11xA6dwCHdE49F%2BO82q6yxU5xH%2BJDIBFdmXPRuiGo93S5zmwEc%2BUMA2JLS7R32zppBpDu2HdEdELVHhse8H2mHoEPVmtL153WuPP5Y2CwzaCkR%2FJ%2BHDv6%2BKuBjVyNQiInGtJ16gWy3SVz6OqQ%2FurnzbORhZKB2Do5bKYvIG%2FkgREB8Y9QUSTCqtUR2Ofrws07U11JeAQU81tqqe1%2FxF6OgF8SlK%2Fc5HShxjeIaf8OXKmrdOhpK8iK%2FcbK4KisdRQ%2FlBI%3D%7Ctkp%3ABk9SR-DskrqYZw
Marks & Spencer Brown Leather Jacket Men's XL 44-46in Used,Spencer,£17.21,+£3.38 delivery,6 Mar 2026,0,Pre-owned ·,https://www.ebay.co.uk/itm/117048075797?_skw=leathr+jackets&itmmeta=01KK1T4PN8HRVNAF73Q0VKHQ3D&hash=item1b409be615:g:ufwAAeSwtJ1pmI~F&itmprp=enc%3AAQALAAAA8GfYFPkwiKCW4ZNSs2u11xDAG92Gfj7%2F5FejX4hKKDewDlTiu2OkSCxUmrvsiw79M7SIGsAZlchsnUEqstE4CKtcQ1yuzmBmlouHT7JVZhOrd%2Fc6bNHFGPWQiC9FxmK3V0ZZbtsWOwOlQv6mc8BHoJVYSTcVLkCuzmU69UvR3jGV8BfkaGxWlioftn1ZLm6Q3utPykCDG9tqIOimwOQsmEX8mEilr4VVmbORYpSDWMkN4JNwV1aDIKV5wo9SAfklzjD2jXSdPq%2BNkcCP4AmmWjVq70R9CjFA%2B3L5ilu%2F3odH%2FfdbXCs5ETi75jtn8yWQ7Q%3D%3D%7Ctkp%3ABk9SR-DskrqYZw
"Reportage RGA Italy Suede Leather Mid Length Jacket Beige, vintage, Size XL, New",Leather,£7.58,+£3.38 delivery,6 Mar 2026,0,Brand new ·,https://www.ebay.co.uk/itm/177868253117?_skw=leathr+jackets&itmmeta=01KK1T4PN8CAYDJK6GQ1DCPXB9&hash=item2969c627bd:g:8IEAAeSwizNpkyRR&itmprp=enc%3AAQALAAAA0GfYFPkwiKCW4ZNSs2u11xBKBOBhpuqrpN4oAejRyMBty0j%2FyP0xpm2%2BdzQch%2B5iiHNcFAyQ%2FDEO0AxjK8S9tMxr%2FDaN2fHoqFTQObYdzjmzhDqXhzrKvKP6sAmJ7m7uqWcR7tNj8SVmPgv%2BBGWb7zw1ZZRmkcdCXkGRBg0X2tTCgH63BzQnV5vx9OQnc3OKocTdBRdfx6vhm2kH0bTJu%2FmykZFU6HfXAjl1Rc4LjyohVqy8qt%2FaRojtST%2FP9MHRofjslPSwg%2BnJyqNHIy7g8xc%3D%7Ctkp%3ABk9SR-DskrqYZw
CIRRUS ORIGINAL SHEEPSKIN FLYING JACKET - XXL - SUPERB QUALITY HEAVY DUTY - VGC,,£250.00,+£8.95 delivery,6 Mar 2026,0,Pre-owned ·,https://www.ebay.co.uk/itm/327030135569?_skw=leathr+jackets&itmmeta=01KK1T4PN8GMYQHY2H1Z65TEGN&hash=item4c2483db11:g:FoEAAeSwPU9pqYVk&itmprp=enc%3AAQALAAAA8GfYFPkwiKCW4ZNSs2u11xDXMN%2BH6MDJ6jNVWXhCHZfbaSSAiG3%2B985lKBfkfm2E%2Filjg724oP5nI4ZneEWlHyB43Z6Ov4X4DuX%2BEIdW2WRHpEruejz362utSK5vqGTEHtQhB6WM7V9fiECiIqMyjTI6W%2FWkZOjBKcviQ5NBX6kB2cxlJsEttcOa15aEHsavaXOWWeVeaaYIK253RehpigfysM5kvs%2FnXrMzpmQNtasPJcToZjN4vNE0t5Q0k77uTqc2k5EDw1VYl7ovuB4dssoH44ihnWXawiZTzOW15ES6puSAZZYlmlWDddzqlzeQoA%3D%3D%7Ctkp%3ABk9SR-DskrqYZw
Sheepskin Men’s Flying Jacket Aviator Bomber STAGG Made In Australia 44” Chest.,,£73.50,+£5.21 delivery,6 Mar 2026,0,Pre-owned ·,https://www.ebay.co.uk/itm/257377149858?_skw=leathr+jackets&itmmeta=01KK1T4PN8FJ23JRCQXAZ8EJVB&hash=item3becdfa3a2:g:aAMAAeSwzGNpbMTp&itmprp=enc%3AAQALAAAA8GfYFPkwiKCW4ZNSs2u11xDaGKScoQYQqrr9N0rqNRLfM9QdXX%2FMQRNym3kBQWAby%2FAwNkPI56VvIDGJxs6Un6uLFP6gME6PeSJhw7OYXVPKsccyp5d9%2B3t34lRBlaufYF0P3vSiYb6D6W2AD6kJPnLRDMKv65GwoFrVQXRSah3%2BqAyn96875rVRHJ0ppipR170zMe7q5VWz2XBlgEpWfTDqn%2BwXaiywiRvMHRw5GNKKjqm5%2BWTkgq2osgLAWrBfX%2BQ98PnZIPvyDEQCD%2BGIaxxcxkmtt4sLi5bGDZU3TnS2ALUj3p4yR8fDvn%2BXDfYtiQ%3D%3D%7Ctkp%3ABk9SR-LskrqYZw
Vintage Black Leather Jacket Button Front UK XXL,Leather,£25.00,+£3.55 delivery,6 Mar 2026,0,Pre-owned ·,https://www.ebay.co.uk/itm/287119345064?_skw=leathr+jackets&itmmeta=01KK1T4PN8WDXSHJYWXEBYXPGE&hash=item42d9a585a8:g:i1gAAeSwGcNpggVu&itmprp=enc%3AAQALAAAA8GfYFPkwiKCW4ZNSs2u11xBcD6ZET61W1jjw0aJ0OXj54JCzR4IhOLZgEb9S4sfIn9FbRHk5HAsMzGbVsU%2FCboZbjGgLDUjPnhJXwFvOLVhf%2BokAkfob4os5%2FO6KciiOAOL6lCo2blsHEDcwla3%2FzKp%2Bm116EisdAjiaNiJAh1ytbczCLbwdsTOLYOUd7C6MSK8gVmPzvmvZhgddo7h9NVIi0VWBd3LHxOqlLw3EhugCuY%2Btb%2BWAYFJaLTewu1P1ZSpYKYU40UkghuLStw2Y3miR9ohTJqXOWMrSmfR4URDIiwiuSxTbjM444%2FvVZNCy4g%3D%3D%7Ctkp%3ABk9SR-LskrqYZw
PLT Label Womens Beige Faux Leather Biker Jacket Size 12,Leather,£8.90,Free delivery,6 Mar 2026,0,Pre-owned ·,https://www.ebay.co.uk/itm/197830025203?_skw=leathr+jackets&itmmeta=01KK1T4PN8NZP3NH516NF39RA5&hash=item2e0f969ff3:g:tFkAAeSw9JlpCjRX&itmprp=enc%3AAQALAAAA8GfYFPkwiKCW4ZNSs2u11xCSbAGom9hb1oKWPu68PjZhpNYv3Q9dSLGnyHOvU7LYaal8EbiB%2FzQVxvYQy%2B2isvDGCSWKhz3NXnOZDqf%2BSLrO0%2BpXFjfv2N71u%2BcOkV9HB586N--%2B472P8TiE%2FsMqZI8VaElwGQfr5eU25VcNC2YIw0p42tXGxW8TMkkux2MVgY9zPCfk9yR07scvSrbOxl0YAwnngNQCI6WYd%2F86TdYCGyfAPBHUH81RufKcvVKqK1rjezVRX8mQlkYrpOlePT4oQTfX1AVLmsYOXyvvgEJrmC2mXeK%2B8azYRgg6OUebBA%3D%3D%7Ctkp%3ABk9SR-LskrqYZw
Belstaff Gangster Shearling/Leather Jacket,Leather,£771.70,+£5.88 delivery,6 Mar 2026,0,Pre-owned ·,https://www.ebay.co.uk/itm/127708383501?_skw=leathr+jackets&itmmeta=01KK1T4PN8J64M622TJS4EBJMN&hash=item1dbc03490d:g:BKsAAeSw9rVpoaBF&itmprp=enc%3AAQALAAAA0GfYFPkwiKCW4ZNSs2u11xBJy0mLdkTm8DtqwuPjU6oTIZjedh2CfD1vbal61or1TjT6F8sXuNHm0HJftbVUY41lTvVVcJOOCLku%2Fj6yHdeumbcn0QIn%2BLAONzhZAsvDMQsn5O6i123P%2Fd3MtANAUMspeHaC839q3JozCID1I%2FbAfdVyha9mK4MOkH0fSpkxnXRCG2FVZ6O67Wxk2KK3DBYd7MbDebdAnwcdVoMmAfoGpOzikfowAssvu44%2BZtPsKd6C3XJt7ItugFxuSsrHAO8%3D%7Ctkp%3ABk9SR-LskrqYZw
Stunning Calvin Klein 100% Suede Jacket,,£13.99,+£3.38 delivery,6 Mar 2026,0,Pre-owned ·,https://www.ebay.co.uk/itm/156403329575?_skw=leathr+jackets&itmmeta=01KK1T4PN8H31ZWSZV5PTRC5H9&hash=item246a5d6a27:g:BNkAAeSwJFFoZ~by&itmprp=enc%3AAQALAAAA8GfYFPkwiKCW4ZNSs2u11xCB4IwNyDceCqDVLhZgxtSMFF5PtdVjU%2FcwUI%2FdmucrTu7A%2BepM065ZZXMdx3jQy%2FCS0qYvOE%2BNY1JLS3OI2kDGIx5VINmbR3wFgxI15rj3Voponc10d%2BeFs8UL2%2B69pZKcRqZfEhDSrr3dzPIDspLC6tZGDNSesaOvwYZzKpT82FrMTE0RFsb9k1M1feQFFgI7r5lLAZunQpN5OuFwgA0%2F6G%2Bdc7hMJCFvIMqr%2BUY1oPEBhvwl%2BL108KjqMxpbsJj6O7EF%2BxfIICu9loSfJZ95mqco9t%2BakxDMfcOP2SGrkQ%3D%3D%7Ctkp%3ABk9SR-LskrqYZw
Faux Leather Ladies Caramel Biker Jacket Size 10 Petite New Without Tags,Leather,£10.80,+£2.94 delivery,6 Mar 2026,0,New (other) ·,https://www.ebay.co.uk/itm/306756134879?_skw=leathr+jackets&itmmeta=01KK1T4PN814NETKAS4PSB9KXE&hash=item476c1727df:g:ou4AAeSwKAJph2kH&itmprp=enc%3AAQALAAAA0GfYFPkwiKCW4ZNSs2u11xAOW86EgWUqpzJiq4%2FRl8j5Ck45%2FBdNp6Tm9%2BUlRdNzWgGrcokfQeeiODrs3xJVnYc%2FtQJmrvuE4vf9H0ajQn0u8QDa1%2F9%2F4plTvSiM9WjXFC5hYhUVP1P2gaTedZHkjBcYM%2FVuKGycaEB8Gdsiqk4LfkmnBnwDCfwzcSUjEss0flFM6Y1EFSSoaRNWUmqo%2FlMsPKFMqViklnv1Vs5SiZROhI0Eh%2BPJu%2F00rUErlDgZtRhbxzbadiJN71gMe4c4B8c%3D%7Ctkp%3ABk9SR-LskrqYZw
NEW LISTING,,£39.95,+£1.95 delivery,6 Mar 2026,0,Pre-owned ·,https://www.ebay.co.uk/itm/168207885733?_skw=leathr+jackets&itmmeta=01KK1T4PN8M0YHM4FQRR4H9EJ6&hash=item2729f8a5a5:g:eMEAAeSwgsVphnWV&itmprp=enc%3AAQALAAAA8GfYFPkwiKCW4ZNSs2u11xAB4hpOgObP6eMC1I647V8fsLY1qzhtprn2mgap2LOQHP5AKslbKOs%2B%2F00ULQxoirzcJJm25qQ%2BUAmY4m70KnHVA0zBmnsUCw729VN2NsWpuIOrLeESkf6WcbYVrSPxphrMXVkTXxMLIXzmQo5MAX0QXeLB8XaxYDOsY9xpp%2BsIlBTk0BrWGXU%2B1iLE9xvQdBvwZuk6%2FcYWxgdZet55s6UDPhBUOG78HOZd4uPiNW1tABiGan%2BHrlBVRoSUgzTt0o9XdDbdfjBx4reorERV94yQK62xiT4xEqIe0SnjahignA%3D%3D%7Ctkp%3ABk9SR-LskrqYZw
Gent Brown Fake Leather Jacket With Fur Cover. Size L. New No Tags.,Leather,£12.94,+£2.94 delivery,6 Mar 2026,0,New (other) ·,https://www.ebay.co.uk/itm/137080824474?_skw=leathr+jackets&itmmeta=01KK1T4PN85WKR4T8WR24T6E76&hash=item1feaa7629a:g:lsMAAeSw5F9povw3&itmprp=enc%3AAQALAAAA8GfYFPkwiKCW4ZNSs2u11xBzy47Y4Fk1tQLv4XersD4M4vWjr0gY1knAT76ZYjJtGgLIJrdHbj5N%2BXU1QuGmif3rANbP%2BC5vm1LJ5Hrkp759OKYEkkv13OWeay83QN4nenrcn4xu15Ly01tsx2dTFbcDzR0Mna1%2FDFpyvvAnAsdudIxicJXAIvxGhYWrWLTBwVIFh7Hq9L9Hkkpa2jvKDG8Fgf8zP%2FDuMT%2BbW555dLpuS4qATkbyedCzhzqqRKSUNzD0%2FpY9o2HzfJY8vOkAUiI%2FWwMb3kN0cT1scKa%2BrBuoi19kEeheyJqQu8yyPwcnDA%3D%3D%7Ctkp%3ABk9SR-LskrqYZw
NEW LISTING,,£30.86,Free delivery,6 Mar 2026,0,Pre-owned ·,https://www.ebay.co.uk/itm/198159626064?_skw=leathr+jackets&itmmeta=01KK1T4PN850Y6E4Z08AHXKBM9&hash=item2e233bef50:g:pZ0AAeSwK8BpmDZB&itmprp=enc%3AAQALAAAA8GfYFPkwiKCW4ZNSs2u11xA6lv3jMoweUm9sbCmzlhXFqUBeRJcjo8jptnF9q%2FvKUL1GNcRBuyNpmF4Bj1kaSn%2FPCtxvRDWsM1CftUiJSoDw2GiUfZ04YxIH5%2BxoRTf9PmGWyDqm68Yd%2Fma1qCLnXVr7U8MsBszlBmAAPG57lvZRmINT4gFpp%2F%2BjajZ96SnG8u4Emv6Bsyh5krjx6IBwdaL45PnyJBOcw42WRCeODhGGmt3XaHXApcAY19vACPKDhC3%2Bm4ck%2B3By1w9ASKfXAvWLerC0RjKmAHA0rRh6OapSw98NJohIVqAPJFNKXxMwgw%3D%3D%7Ctkp%3ABk9SR-LskrqYZw
GIAN LUCA Black Leather Coat size 4XL Womens Jacket Casual Outdoors Outerwear,Leather,£20.52,Free delivery,6 Mar 2026,0,Pre-owned ·,https://www.ebay.co.uk/itm/317804573292?_skw=leathr+jackets&itmmeta=01KK1T4PN8S9C3JKB7YYEFY2T1&hash=item49fea0f26c:g:6p0AAeSwDNdo42Gt&itmprp=enc%3AAQALAAAA8GfYFPkwiKCW4ZNSs2u11xCdKCs51WA3%2FD6aTRQNDEJCwgT3%2BcmmBJmkdu5wJWhrgxcWaTabtjWNPLB7oY%2Feck3MYmy1oFu8klHYCggL3k5m3NQIb1XdgxAQ2RkjGpjwKBYhSJpa92kk13KEjDSc3ucBb2R3%2BQlbFvm1Pbx95WGBDyQlBKIVhl9fIV3CZs%2BEwOzSFnbaD1MQjOCcVcXdb9F1fhO%2FS2zTxS%2FutfZewp10QR%2BLZjBkfA75yOeGDvpXRStE8r9%2B0g639vN4F8nvzihhRIl3w2bntG%2FYKYQL5jO2UZTqJYmJ1Tbh9sIHWrhqyQ%3D%3D%7Ctkp%3ABk9SR-LskrqYZw
Belstaff Motor Cycle leather Jacket size medium black,Leather,£94.30,Free delivery,6 Mar 2026,0,Pre-owned,https://www.ebay.co.uk/itm/286216242415?_skw=leathr+jackets&itmmeta=01KK1T4PN8QP11N95JZFTJ0TBP&hash=item42a3d144ef:g:wAEAAOSwU0FnXqjx&itmprp=enc%3AAQALAAAA0GfYFPkwiKCW4ZNSs2u11xDOO%2Btdjr2maNQQQiKON2O2wzF4njWXt1nOWru9YxknFR2RTybXH6aNwuCmm0qRkprfl0WAQpflPDafBSEaHT8k9Fj9JRCsFm9EVGqrILuzS3mLbtJeBul1Pvd4W2obxD0GpUFornofzBnc9swwiuXNFcaJmasY%2FDH65LvnxMevE5rKrj%2FnNVX1443Vo4xeNhPz2c6cYTdNxEvhTJE8frLAyIlul9NUT5%2B6mGhqJFhWYooZhnj3r7mbQ8juGaurEdk%3D%7Ctkp%3ABk9SR-LskrqYZw
1957 FIRENZE BLACK COAT LARGE VINTAGE MENS REAL LEATHER JACKET COLLAR LINED,Leather,£29.99,+£3.49 delivery,6 Mar 2026,0,Pre-owned ·,https://www.ebay.co.uk/itm/117069093625?_skw=leathr+jackets&itmmeta=01KK1T4PN89TW7NCFMNHJPW6B8&hash=item1b41dc9af9:g:TXkAAeSwWBVpJcJM&itmprp=enc%3AAQALAAAA8GfYFPkwiKCW4ZNSs2u11xAXP2cS%2F8MRcUv3dT5bWp6qvO1zfFu1NhRqWwXhvpfZwhWMUdBE6X2ZEJkiKE7QUyzRApKxkpjS%2BUShF6kOuc8y1S2EN%2FwP2m5JkFl%2BO7qP%2FesLikLu%2BmVKM6WQpLalaYfYf1ogBpEoXQjEqwyG8wwyzl%2F69zvWGsmDk1RF59MNyaffYCOapTOZTMvm6dK9Jbi9npe%2BFuoNP6p%2FXLThIS8JAhW%2FRauHPukOQLUNNtQ4QVCaOM4Vftz%2FVKScY%2BlspzOIK7m8TjJNH19tuXnoN0Q2RwiNIRnfUPP%2B5Qy%2BNOpyhQ%3D%3D%7Ctkp%3ABk9SR-TskrqYZw
Women's Brown Leather Jacket Size M,Leather,£9.19,+£3.71 delivery,6 Mar 2026,0,Pre-owned ·,https://www.ebay.co.uk/itm/267588581104?_skw=leathr+jackets&itmmeta=01KK1T4PN8QMPKKAH079XYRGED&hash=item3e4d85b6f0:g:9kQAAeSwQbdpDb8Z&itmprp=enc%3AAQALAAAA8GfYFPkwiKCW4ZNSs2u11xDtBgiTbuNdHdHZYR3XLB9o%2BqC7iP06N%2FK84eHfbwFEnMk5T7aB%2FdNSmAh%2FyJ5gY%2BLiXi8ztrr6sNbXbF%2BqahM03xPpPTbA4x%2FW0ZFBSGcqSfcVBFvmdQKs14xQOOqnXOhijud%2BSF2okp3HAWs91I8HIgnhQWSoc0Ydg%2FyNvW36nSnoOhy7I3RxcwCRoetSmCraOgFUrZIYsnk95X%2FWUhFd%2BW3JNOeVH45RXvkOfEzxOq1k0loA%2BidT32UpgUVd6YuL%2BbgGteHmrtNEWJIMgEdhxeR%2FMjZZ4aTZ9TMnTZ48nA%3D%3D%7Ctkp%3ABk9SR-TskrqYZw
Armani 90s RARE archive leather bomber/flight jacket,Leather,£496.30,+£4.26 delivery,6 Mar 2026,0,Pre-owned ·,https://www.ebay.co.uk/itm/366193946858?_skw=leathr+jackets&itmmeta=01KK1T4PN8YNWHWPTQNTDQMRQC&hash=item5542dc30ea:g:cu0AAeSwoVJpjNYe&itmprp=enc%3AAQALAAAA0GfYFPkwiKCW4ZNSs2u11xCctEuNbmpFAPxrkGyUBSezjkQO9G1e7Wr2N%2BNm%2FtmlsQ%2FrMtgnq5s2K6bEzHMmq1APIML9tDXq2Bvden%2FzfB%2BEpilLGd%2BDXj7EwBSfJ61ZWrEPS1BVKbO1PQCKrJRnFXyngN9QSCzorFx4dGliozp7H%2BS9SZZMg0f3LRYzlW%2FLv%2F5bRtAML7b4Y6%2BDV3LatmAfWPzd4xp6f3EAwgADwe6Gwe0qu0azzjvaka5f6rKY9%2BDCcgq121kJL5lcPxeCop0%3D%7Ctkp%3ABk9SR-TskrqYZw
Boohoo Women's Black Faux Leather Bomber Jacket 10,Leather,£8.00,+£2.94 delivery,6 Mar 2026,0,Pre-owned ·,https://www.ebay.co.uk/itm/127716275382?_skw=leathr+jackets&itmmeta=01KK1T4PN8J0H3HNPVX1S267BW&hash=item1dbc7bb4b6:g:zigAAeSwHbtpncIT&itmprp=enc%3AAQALAAAA8GfYFPkwiKCW4ZNSs2u11xCTzuoZ5lRGgD3yV4r8N3f67ZBuCCxztgAg3zh2VnXsB6zdPPvdM9gT7KvkaQLRUMy3e21QmCaQvSJ3uRUjrdo%2FNmMAL6B0t8Z79yYKSpq3%2BI%2F7CIkWukj7GDNF%2B7Vn0WTlsV2wWJI5jO68iWfKsi8mEyJbIBhdGfQN89VskR1mZuD6Lw5p8LmmIF8gaRG1C5Z%2BgcvwTmYAEvkwnu31OCJ9eaE2oLC9IekeR9S14%2BjdO%2FUHhLTllwUbq85BTmMHhw7yww%2BE6vUcTk2iKMHyJ4K%2BaBCmD3GE3pmXLILvtZLQfQ%3D%3D%7Ctkp%3ABk9SR-TskrqYZw
Cream Leather Effect Jacket Size Medium 12-14,Leather,£10.80,+£2.94 delivery,6 Mar 2026,0,Brand new ·,https://www.ebay.co.uk/itm/389636670339?_skw=leathr+jackets&itmmeta=01KK1T4PN8XQASEAC6B5MPS6K8&hash=item5ab827c383:g:ThUAAeSwU69plKOv&itmprp=enc%3AAQALAAAA0GfYFPkwiKCW4ZNSs2u11xDx8f7bCvXgGsORXhZB0BLRiaZMNoDDCqE9qPSE%2FSKhzWqZDFgkRFKNgQXIvyubhlfVJSdnn6IzikUYo4GO1T%2FkdfwxQ2Qfljb3t6Shp02IkNm8oW2Tu%2FJQZBQg4p6ElH9pH10SPgBryuN1gRpkmhU1QPbgtpkPmQSmTjIPp52eesIyqhtLVCLi8dAww1ClNAgydE0%2BNpW%2FwOVJmg00y2zB%2F8QqtAhLNpRLizU8ksPL3UqT1Kv2NgA%2BI9p5nbEalkg%3D%7Ctkp%3ABk9SR-TskrqYZw
Red Pig Split Leather Womens Biker Style Jacket Size 14/16,Leather,£52.70,+£3.38 delivery,6 Mar 2026,0,Pre-owned ·,https://www.ebay.co.uk/itm/326174953900?_skw=leathr+jackets&itmmeta=01KK1T4PN8B908P3XSX9DSQNRT&hash=item4bf18ad1ac:g:o~sAAOSwFRFmeYDN&itmprp=enc%3AAQALAAAA8GfYFPkwiKCW4ZNSs2u11xDfNbCWlFAeFgEPws5nZwN%2BySQichkGtQFWD14icy19qU%2FWwYRjU9hs9GMJkPUnfyq1W%2FMUiP%2FQwPoLKyoQF%2BsQRWHeiO7E%2FZigCgX9pujhzRwz45bCL3TPcIuDGhBOtbrfPlbC84MgOfzW1rACOHTv%2BcroHdrPptpdEkk1Wo2hezFCgKhb0akMKRt1Q2dxt8rdXXARbUzN17iJ%2FaJ7ziUrB9iuozojPx3IVKINobp3F8U8E9Lv3QQPcIcAJUbaWEi5c%2BDre3%2BKkWrn5GpccBD4atp9hW0AKD29q4joaHu6uA%3D%3D%7Ctkp%3ABk9SR-TskrqYZw
"Lovely Soft Leather Jacket, It’s Real Leather, Size 14, Very Good Condition",Leather,£31.90,+£2.94 delivery,6 Mar 2026,0,Pre-owned ·,https://www.ebay.co.uk/itm/327012410538?_skw=leathr+jackets&itmmeta=01KK1T4PN81CDM2H3NHGT06TDS&hash=item4c237564aa:g:NB0AAeSwCxBpmfop&itmprp=enc%3AAQALAAAA0GfYFPkwiKCW4ZNSs2u11xAjYdnpSmGM2954hRsduIPuk4vWRI6%2Bm%2BpjSPIjT3ySH1CzIjES32%2F6UDluJKhUQFOYqOquDjFpPqVpiWKBhtac3po6CNkMLsGRW90yMCudmVfnfu7ehbaJqXcBKHlBTJWayfRocmz9t1UXJdZl6y%2BCzGyMXuP4rp8KaQ1l1fP6pVwJt2jd5w%2Ff86o9WlM2voKyw8N%2FWU7vnJyTrZMGRQerC9Tf8CPVDWix0Lpn%2BVJ6cf8sRAgsPhrvbHtyVnISX9A%3D%7Ctkp%3ABk9SR-TskrqYZw
Richard Draper Womens Vintage Shearling Sheepskin Leather Jacket Coat Size 14 UK,Leather,£30.85,+£3.71 delivery,6 Mar 2026,0,Pre-owned ·,https://www.ebay.co.uk/itm/317868912858?_skw=leathr+jackets&itmmeta=01KK1T4PN8JTYH17NTB3SMPX77&hash=item4a0276b0da:g:8MkAAeSwuzBpjO4r&itmprp=enc%3AAQALAAAA8GfYFPkwiKCW4ZNSs2u11xCUM%2BbKBweiSsnHLGEqJYzbj38FMiHxAKBlL7H2O2%2F2FQJZcoewIJ0Xdt2gb8OC3C7eBgngFDeBTb0L9q6gmjHhiacKBOWohsc%2BKh41vcO0avJCww5mKn7%2FefTnCpv845aaWaSxAw1zrqIPMSnC1BgSOXxP4pNyW7xbWrFsWCvgbcOrLRriYziK6p8cLUvTiYVmhFG94oeCH2axOMAOl60%2F6BxJHj%2BPSDJjoG32Df7A08LMrRPG4ltKAYl2bZORWQXxb1aX9VmDDE0yWVFxFflYNjK3ccY6q3%2F0Kzur2RErww%3D%3D%7Ctkp%3ABk9SR-TskrqYZw
Hackett Cognac Brown Suede Leather Bomber Jacket XL BNWT,Leather,£105.01,+£4.48 delivery,6 Mar 2026,0,New (other) ·,https://www.ebay.co.uk/itm/397593572590?_skw=leathr+jackets&itmmeta=01KK1T4PN91W8GTKVMKJCNJK4N&hash=item5c926c74ee:g:qK8AAeSw3etpi62J&itmprp=enc%3AAQALAAAA0GfYFPkwiKCW4ZNSs2u11xBEueXtDWbCiGRbk61Pu34fmJwISqW4Fel11sqTlWuu3p1ozFgUJq31Secbbw7N%2BfwcI8rhlGfsh1C8E0A56k3ed%2FWpkh7I1Y%2FPu6%2B4myvbttPXYJIMfFYgWtHLBBlYDidzV6E52%2B2dAp36c%2FgiX6uUHDN8pGEoKrlwl%2FH3XpEV%2FRqhDPUI8orAdRSC7JigC15%2FwCEfoS4wPe0evYK5k6ovBzOAEoaCb4qkeIpUernGTvJJ04sbB9j6nL1oQ3Zm7qI%3D%7Ctkp%3ABk9SR-TskrqYZw
90s Rebel By Rino & Pelle tan brown leather jacket blazer Hood EU 38 UK 10,Leather,£8.00,+£3.38 delivery,6 Mar 2026,0,Pre-owned ·,https://www.ebay.co.uk/itm/327019555473?_skw=leathr+jackets&itmmeta=01KK1T4PN9MGRY42YGC58YWVE0&hash=item4c23e26a91:g:ns4AAeSwA~RoPDQO&itmprp=enc%3AAQALAAAA0GfYFPkwiKCW4ZNSs2u11xD7tGtvNKrVju399ZfvIFKgEGCFxpl4o7qhOiWlUcXuey7LcUvlKxFSoWO%2FBKVSasYsOPvGYXtMa92YS37pdG9CxdWnOUuBvHzGpXu3IggRbL9I0xrI2Sit%2FU8H09TqJHfEfqsk%2FjtOrmdAEj3staDhCB42sRgDDhIcO6N1xfOB5c%2Bb49zW%2BkvAQeeXj5bqskZx1mQ2ORV7H1%2FiEfSzrA7RM1s720WTZzzQxtoaZPT9zghon4XcOfPbsqQmiSphYWk%3D%7Ctkp%3ABk9SR-TskrqYZw
Womens Black Pleated Leather Jacket from Warehouse 12biker ladies coat designer,Leather,£42.30,+£3.38 delivery,6 Mar 2026,0,Pre-owned ·,https://www.ebay.co.uk/itm/164822503976?_skw=leathr+jackets&itmmeta=01KK1T4PN96EX64QDXXXTA144C&hash=item26602fd228:g:7scAAOSw3K1gfek6&itmprp=enc%3AAQALAAAA8GfYFPkwiKCW4ZNSs2u11xBIGg7g8hwFMmVdL%2BEjS1l9PTyNLjEKcfEv1cMAeQtpivXem%2Fw5bLGyeuGkOrlNq3pz6Q6Y%2Bf5Blfw84V4fKj%2Fr3JQe4b0s4syTRep4LNJlqfA5W2mjrxkBC%2BEzz%2BRbOCRbGZfGnUqSfgPq%2F9cdHW4FesdaZKUjMdzPuvoShfVjtL5I3gxP9gU8sWVdoEVRLNSSqJcAUQ8xPsntp5XptvSZ%2Fx4d7zqQctW%2FsPTzG82Gx05W5ZkAJ%2FFPbpB--ikuYJrUMDXtrP2Vh7usEgBHlAYc7SFWAGEft5uFbk5M6qekdg%3D%3D%7Ctkp%3ABk9SR-TskrqYZw
Rugged West - Hudson - Size 40 (M) Heavy Leather Motorcycle Jacket.,Leather,£312.70,+£4.26 delivery,6 Mar 2026,0,Pre-owned ·,https://www.ebay.co.uk/itm/227230525067?_skw=leathr+jackets&itmmeta=01KK1T4PN91GQ65X9K02ANEEN7&hash=item34e7fea68b:g:Uv0AAeSwBAhpnAVP&itmprp=enc%3AAQALAAAA8GfYFPkwiKCW4ZNSs2u11xBVkNGdIz7u3Z9six%2BpglN%2FHOeg8g97zJAb888xpOMDDguIzLsrkKZwcRqmRZ2AHydlnTI%2BHvGhND6KbBpkwEz8Qgk3DiZLP9RcfBFjs7bNsbly8GWB4L9LpffsJ%2FmM1kdCA%2FynuFCow4fgaTlt1nNO0T%2BUrL3zPnHxK02iyx%2Bd02QtlYwUbmtlz9C6vWfh3hNswUW4sHiB%2B6ry4QHL96n4NqfqZX2FlLaYRIY4hwPtFjQYPQni4LaYvbQq7BpL3fvTcaEBzaT5OompDhycDddxqO7Fqh9KyCMWBvIqD6LCdg%3D%3D%7Ctkp%3ABk9SR-TskrqYZw
BMW Compaq Racing Vintage Real Leather Motorcycle Jacket Size XL,Leather,£73.50,+£5.21 delivery,6 Mar 2026,0,Pre-owned,https://www.ebay.co.uk/itm/257324571697?_skw=leathr+jackets&itmmeta=01KK1T4PN97RY22HP9RJ4Q33AX&hash=item3be9bd5c31:g:zZgAAeSwHOBpc7O2&itmprp=enc%3AAQALAAAA0GfYFPkwiKCW4ZNSs2u11xAAXXJhNt988zE4EG%2FqGZbKAmcqGd3g8lQ92aQeTJAO2fCmyZbcyKahosUHZOuWobhY0s1aC%2Bt7BHidFi5S0Voy32StxaHNaQXIAxx7U7QieYm5Z2xuWpnn2hba4M4Jm81so9gBLaGTNlH57qN5BdN7nTY%2Bb5n4AYa5K6dHpqh9DewObwtoBZEDF9sZOfS9PfOVvo34qy5D3XRfxXsLjb0%2FEenC5sRMyog7mVI%2FhfXKR8zrgZHEmpIP3KQJfvu8jsw%3D%7Ctkp%3ABk9SR-TskrqYZw
Leather Funnel Neck Jacket Vintage Coat,Leather,£49.58,+£3.38 delivery,6 Mar 2026,0,Pre-owned ·,https://www.ebay.co.uk/itm/406197806324?_skw=leathr+jackets&itmmeta=01KK1T4PN9HG6PA0H1FJA4WZYP&hash=item5e9346a4f4:g:N-QAAeSwgf5ovzh~&itmprp=enc%3AAQALAAAA0GfYFPkwiKCW4ZNSs2u11xAgS0zjICc5NnJNtrBp96gcqhXYJehovjrLTbp%2BYUP37tulSpGXm8XbZvBwGm5eVoqIIgLZOh3X63GXeEntwrpZJ6sezoKvqHKf53721aL0JQLQHdk6uHctslFcJQo7s0upYBt3EuR4uWeUSxSdoh%2FAPPAMazTqbXWl5Cz7G3TGSbH6MCPv7DVWPneYrdzhEFORnpRJepe%2BGgqdS%2FgfnLF5EehAHLtyBCu0hj6vDtFBmsA273XGQjGBBR%2FB%2FZgPNUE%3D%7Ctkp%3ABk9SR-TskrqYZw
Superdry Leather Bomber Jacket - Men’s Large,Leather,£63.10,+£3.71 delivery,6 Mar 2026,0,New (other) ·,https://www.ebay.co.uk/itm/226568605651?_skw=leathr+jackets&itmmeta=01KK1T4PN9RPASMFQJ7VVDKDWX&hash=item34c08a8fd3:g:Y-YAAOSwOQNnmBzy&itmprp=enc%3AAQALAAAA8GfYFPkwiKCW4ZNSs2u11xBNOHwVZl977Ok92qMS80HpkXRAMgPxXPKL0wiNlpz82OmLsdHrgq6NrQx6VJfOtbnocpe7yUx8PR6F7dSMFTZnctw0UmaMf4H%2By2t7Xd%2BXmOQtJUPeN%2BkjDo15DyvvWq5q8l%2Blz62zOXEWsgFeJGDfqyqLJE5mT2ysSDVD1%2F3nwjpCw%2BpKUke6Wa0CKOdec9ABOxiC2okCJ9lf4zhR5r4hFUad9UE3gbFfQcXriQ5WJ1MCrSV%2FAc7YltDAhOrj64Y5ebqwpRl%2B1iSUl%2F0fvhkot3OTizaND3kKd1Ox9bQCuA%3D%3D%7Ctkp%3ABk9SR-TskrqYZw
Orvis Suede Leather Pullover Shirt Size L Tan Vintage Western Button poppers,Leather,£89.99,+£4.06 delivery,6 Mar 2026,0,Pre-owned ·,https://www.ebay.co.uk/itm/157700779149?_skw=leathr+jackets&itmmeta=01KK1T4PN9J4RKF76AWWKVVZ09&hash=item24b7b2ec8d:g:HI4AAeSwZvVpm3kj&itmprp=enc%3AAQALAAAA0GfYFPkwiKCW4ZNSs2u11xBpAQrVdjKiNMO89lwBaOSIS0ZQoLrP%2F0TH9q5pops1bOtA1FrnVukPtDcdlVXG8S8knYahOIP8T6yOhHnRWT1G36CVD4rCqFVK5Htig1sYfHJOnoRGgQidC8V3u%2B9SV6Hozsa1M1eLQ2%2FnZAdKODy6nIvmlYnNDrHtNyJZL48ApyWBIQX7rdb6WoWykSJHriaB0we%2FhBQDKSU8xbUiMcBAA7CuF%2B36Nc%2FjaGFVX2OpVVA9oOHT5nMzYThfq9F6QCU%3D%7Ctkp%3ABk9SR-TskrqYZw
Drole de Copine faux leather military style jacket Small .Used,Leather,£42.30,+£3.38 delivery,6 Mar 2026,0,Pre-owned ·,https://www.ebay.co.uk/itm/267446864097?_skw=leathr+jackets&itmmeta=01KK1T4PN97B0T4YQJ7ASMM114&hash=item3e451348e1:g:8iQAAeSwsKxo-0j6&itmprp=enc%3AAQALAAAA8GfYFPkwiKCW4ZNSs2u11xBLAW6pw9xjL3YpcGd3oa1i9zDqAUfqW7Oie1q4pL7Bs5NBLKcRgdOR6XugNrBF06qQBWv9r4opCkodMlpzZVF4gkf861CFFpAl8CzdJySJ87QG3fv9hg%2BePuJsM2isDR0D6%2BHW6mti6wMSrxIZW0HlXfiMCvHUKIEYPaVwq3IQvAmRoeyhS%2BVj0J1MWgyRqX%2Bgq4Y0sxbSmqvLT90Rl%2BcNsYAQtC1AEpJsGSNS49hOOEwxy5Yw%2FKc%2FxPIRTq9ZZh%2BtRlOA5vVUIqbPas1awkm%2BzKXMJJbg5nsDY9OPQxBIAQ%3D%3D%7Ctkp%3ABk9SR-bskrqYZw
C&A Black Leather Jacket (Small),Leather,£23.99,Free delivery,6 Mar 2026,0,Pre-owned ·,https://www.ebay.co.uk/itm/406717400588?_skw=leathr+jackets&itmmeta=01KK1T4PN9Z5ZSAFG4QQF22SCB&hash=item5eb23f060c:g:fWkAAeSw~KBpnNbj&itmprp=enc%3AAQALAAAA8GfYFPkwiKCW4ZNSs2u11xCpqAlH%2B%2F5iXbxllC3Way1JZy6rqTYUFe9T2kQOCM6tXoAxwZ9sK8mjKpkpWUqWUJNuTFnQgxgIzgDGdyq0tX%2BlNOm91EpQ8MJP1q%2By3KQFMJuf41P3UCaO99%2BBGevca7zlQRmStN%2BHggcq41cRFnBKt8LNlRBp5r%2F8dQhSarVSgAdLen0QBsKBFiMg2xIYbZiG9EBANBR%2FMqrJZvgEJZ0BEXJip58NDj3sMKReQJn9Y72eGr4njghJw0isKjlvnKpksmSgjjjUJdENwOCvaa2xfZP6M6jHKIXYsH5xOy2X2Q%3D%3D%7Ctkp%3ABk9SR-bskrqYZw
M&S Black Very Soft Fitted Smart Leather Jacket/Fully Lined/ 36”Chest,Leather,£57.90,+£3.38 delivery,6 Mar 2026,0,Pre-owned ·,https://www.ebay.co.uk/itm/276653781347?_skw=leathr+jackets&itmmeta=01KK1T4PN9TP50B6QYGBB37Y60&hash=item4069d9b163:g:FW4AAOSw5Itm8ZES&itmprp=enc%3AAQALAAAA0GfYFPkwiKCW4ZNSs2u11xCHXLXLuYVxFoSl%2BmNJtHYodq12d%2Feh%2FKdZsgIFpi0fONu2lHgzGpHV0WGLjsGN3yltQT3%2Bwe7%2B9bg3XtEahgOH4EIl70I0bjZruhqcp1nojN9y9v1lkWeSzC1qE5feUywTB4izD0Rs2QWc6GN3%2B9EOrrk64TlH%2BGx%2FL%2Fv%2FfkO2gyd4Dm0l3h0qS1SlfmzQieTXKYY1FnOzFbAYfja644KgX3Fz6n%2Be4SrkU6j7%2BOwLdRTD6GOEkEw81XHgO3l2AjQ%3D%7Ctkp%3ABk9SR-bskrqYZw
RODE ISLAND Men's Grey Faux Leather Jacket Size 2XL - CG B73,Leather,£14.50,+£4.25 delivery,6 Mar 2026,0,Pre-owned ·,https://www.ebay.co.uk/itm/397663282374?_skw=leathr+jackets&itmmeta=01KK1T4PN96KY1VGX48BZ6BZPZ&hash=item5c969424c6:g:hkoAAeSwoPdppCq1&itmprp=enc%3AAQALAAAA0GfYFPkwiKCW4ZNSs2u11xC9GxdHy9GxpbBls8zaq%2BiJJ0Iq6PZVmI24PP6G3xI%2FmdSCMVaKJYvA52KbaxsPSdv95A5UD0i5Lla%2FZdnvGsn881h%2Br2lqhesMDH4GpvT7E2goH8tKVJwc9fNJjzZ65%2BptDdihPaydPOFvm8h%2FNLxELRBXbGUhegA2Ca1gYTr3QUpo0wt4ib%2Fxtk2dAYY7SPV%2FIQEA9%2FdecbTBbE0r7LNrsnaLFc3A8QErCFYoM%2FvjjYT2ZmLl5gMzLQax9rDLhNo%3D%7Ctkp%3ABk9SR-bskrqYZw
Shoei vintage leather motor bike jacket,Leather,£177.50,+£5.88 delivery,6 Mar 2026,0,Pre-owned,https://www.ebay.co.uk/itm/267434639973?_skw=leathr+jackets&itmmeta=01KK1T4PN9BTMRR644HG4NX148&hash=item3e4458c265:g:pyUAAeSwrido6407&itmprp=enc%3AAQALAAAA8GfYFPkwiKCW4ZNSs2u11xDYMiQMjyuNUfcwehuaZFfsbGPQmDdaBUgbTTc3qwJIXI6mFnLJ4mjj1FQYyEu2yqujXZraZt38Dw%2BZ0PmMpjNENOJR0sinhmsn76%2FpwYWfmY%2F1AcWntYv3X80F%2Bi0sJ4Wz2g1Msup5faVv2WFc7KBoRBfTZc8osXmgWEF9V3D55SryfsZKhfdhVSSGeyEK0GolGhmW2ciXPVUjK2VukRq1qZyKd89O0YZEDx8676fYYWn5FlhqzWkJbbwc9Y7SyrCkHd7D%2BIJsKf4jsUc%2By7miruuR5EE1u6Q5zG9CaScofw%3D%3D%7Ctkp%3ABk9SR-bskrqYZw
Aero Leather Highwayman,Leather,£414.70,+£5.88 delivery,6 Mar 2026,0,Pre-owned ·,https://www.ebay.co.uk/itm/227236067412?_skw=leathr+jackets&itmmeta=01KK1T4PN9SWX689AVNSA1D6CC&hash=item34e8533854:g:nIMAAeSwkOFpowZU&itmprp=enc%3AAQALAAAA8GfYFPkwiKCW4ZNSs2u11xCHTfu7zh3Mwkn6oKFtb5%2FOzk7aYtkPvHE0Nre14hlsYQb45NiPdFJim%2FUZzQOkqIs3Ic9rWCFxXXhRQRN5PjJ8lxAxITOfX7jQLl7fJXSFKNS8gNnLRihSdu5LueYCJrSf7uhsPkRwjzZywza%2Beiki7rrHQZEwYxWJ1yf%2BXXnDTiKojuFvBP25WwELfrOsJlifmYT6k8rVHw%2BFqqUQFFP%2BqMN5Za%2BsrQx35BPdSrw6m%2B8V1BAql4H3vPzUBd6X%2FAMTWRDVsnAN9fiFveTo7%2B3zXt2nhgFmH%2FT%2FYWU--NxMGw%3D%3D%7Ctkp%3ABk9SR-bskrqYZw
NEW LISTING,,£52.70,+£5.21 delivery,6 Mar 2026,0,Pre-owned,https://www.ebay.co.uk/itm/298091789762?_skw=leathr+jackets&itmmeta=01KK1T4PN9CJYVHBMSHXFG5M69&hash=item4567a7bdc2:g:v3IAAeSwOn9pqZpX&itmprp=enc%3AAQALAAAA8GfYFPkwiKCW4ZNSs2u11xDDByDvAFNit%2BbmmdYZv%2BcFeQPhq3ChGlXVMNBmaL8nBN4LpPNBp29zZ2EJbNcePfg872626miswPBJiQoYSa61FTkQKyVZt3BLgzbI2doIkuKFtIh4fmHafgXgg9Vo8wAaxG32PYhJVosNqBv9xG8ocEHLDnomcCiEzJlAarYbWoIffiSm%2BMAkTJ5UMCPl64BU6VnQopa%2BBN%2BEJR0ycEFkXYCfOn1qgSrVC4kQsizhFK8IDt7326LB4AMhCWfnaxcxx6q1Uqey8YiFBFyFy2AKmI%2FVjHkAvQAPUqRlNN9%2BuQ%3D%3D%7Ctkp%3ABk9SR-bskrqYZw
Vintage Donar Leather Jacket Smart Casual Retro Brown detachable lining,Leather,£35.00,+£5.21 delivery,6 Mar 2026,0,Pre-owned ·,https://www.ebay.co.uk/itm/227202675884?_skw=leathr+jackets&itmmeta=01KK1T4PN97BRCFYC2Y1YPQ0HB&hash=item34e655b4ac:g:wf8AAeSwdUJpg1Jo&itmprp=enc%3AAQALAAAA8GfYFPkwiKCW4ZNSs2u11xALeC9Zp35bjb2Cx3BhnnHDPzJSWl2R76dbJ8QrdkxdGAUwOCb5xRDkNMC0HBMIqP8UT7Lqreg%2FwaA0CazQiyO8M%2FWqJWtVQAGkR2sLEVPdO%2BQJzTqJAMeVcTO5XRkO2WjaxoeMIpuN8CbR0xlh02A%2Fxbjkyr%2F1Waz0OmAl6BEVX%2Fcrr%2BmFMrnpx%2BR1kmKJGd9Luq1KhtY9RcO%2Fc5dOlWusZOQESx5XQUBOxZ9FvzP4%2BOLds%2B30kVwNOF7jXspJdjuv%2Bup5Ywy0HGVJHXnxDrAdCgdXtItW29dt0A2hjc2JQA%3D%3D%7Ctkp%3ABk9SR-bskrqYZw
FRANK THOMAS Black Leather Biker Jacket size 50 Mens Casual Outdoors 023557,Leather,£55.00,Free delivery,6 Mar 2026,0,Pre-owned,https://www.ebay.co.uk/itm/317843859584?_skw=leathr+jackets&itmmeta=01KK1T4PN9704PTXKNHTVH92N0&hash=item4a00f86880:g:OUsAAeSwQ4JphJiY&itmprp=enc%3AAQALAAAA8GfYFPkwiKCW4ZNSs2u11xAgHk%2Ba%2BOua1jyAUDBaDY016bYAN%2BKS2qWwLNzhUFbAV5sUvVkaNHyPxlkNJm6TdGq3GaNDs8cD5VEjlsG32uldju2Au93Dte96dSyG0DZ7nu2FFG3YJvuabtjveC2Q4E0fKaaWhQN9meBnZvf9BlXcSY4mKBlOj%2FDNj18EcJimBIFCHouJmWOnUHjwTm%2FIqpsLN8eNFVlVYT0qtW5BlBN4sUi7mokJTAm7IUg5oiHlEF5Vzkm0UAJyaBaa1X4JvQqpMDMZlxr0BKQ4AdDjmpmuihmXh7z%2BnPMQE3W5zZcfnQ%3D%3D%7Ctkp%3ABk9SR-bskrqYZw
All Saints Leather Jacket. Rosewater Pink. Size 10.,Leather,£88.08,+£3.38 delivery,6 Mar 2026,0,Brand new ·,https://www.ebay.co.uk/itm/127708088741?_skw=leathr+jackets&itmmeta=01KK1T4PN9K0MV4EQ8QAEWV7XF&hash=item1dbbfec9a5:g:Fa4AAeSwgb9paiEQ&itmprp=enc%3AAQALAAAA8GfYFPkwiKCW4ZNSs2u11xCswTY4AFx1uURYtjeUwoG6UzAxN7opie2iq6FB%2BRXeUBhzRJJvOTYb8lK%2F0XwF%2B250OMBceSLMllZ7NY4BPJBuH1qWJV1Oplg163eGDDMIlCJvWeGNBCw9p1jO1KTeO813jLTh9wGEgvkUH97Wc4Mj01Gv9F0gb0Rr%2BlC0v1%2B3kOZ4usvMS1YoiFFlDs7gYmYlZ6lgltWORt%2FkUZpq9p6Hn9VcyH7I4SNk7EsQRYgef%2F3j%2FjjJ8XbK3i63J%2FjEIwfxhMZ1TukBaJp242jS8Q%2BxjefeO%2BMtOYayU5U0wwT1sA%3D%3D%7Ctkp%3ABk9SR-bskrqYZw
Barbour Highfield Mens Waterproof Green Jacket Size XL 44” Leather Patches VGC,Leather,£100.00,+£3.55 delivery,6 Mar 2026,0,Pre-owned ·,https://www.ebay.co.uk/itm/147157122355?_skw=leathr+jackets&itmmeta=01KK1T4PN94BQKE06KY48MGXXT&hash=item22433f7d33:g:23gAAeSwnxppk2wn&itmprp=enc%3AAQALAAAA8GfYFPkwiKCW4ZNSs2u11xDUS62SBcDeUsBHv7ziFJeiFAo3wERiQo1hQcJ3elZ2bIMUcAgaw8mzt14Gtqhb62VVX77yRJT%2FVbaAbyYyfe6mnlhg737jU%2BJQPefSBOwb2A97rGz4nPRlmeZ29jWrSF3LLmoDK%2F33XwHjc6iGxEqO1m%2FdzXu%2FH4ynR7gFZjOqU8bDvdUENXWY2SFZVH6WpEFNYY%2BZk0K7vwlMMKtIzaj6027q1xlaa7elUk--FsBt0IpoU1e6e%2BY7YMvl1QGQiCj76JPRXMroeyr1Uaj1Ziddiytl5NotN6O85XFeeYo2Og%3D%3D%7Ctkp%3ABk9SR-bskrqYZw
Shop on eBay,,$20.00,,,,Brand New,https://ebay.com/itm/123456?itmmeta=012DEW30YG0MEEKND7NH&hash=item123546:g:acwAA9KNiJowH:sc:ShippingMethodStandard!95008!US!-1&itmprp=enc%3AbgepL1tlUHjMGCVfSTGJh%2BzsVKeJ3CQk7NizDI4BZeppuFnmyS6Ijyp8lh%2FnEw%2BWqO7uTV1Q6izE1R0T54aV8j71F4xlWfVcGft4%2FiOQhtqVXA1rW6M1atPARQRmhqUxtEPJKhKtSFgI%2Bvwlzb0GwVCtkp%3ABlBMUObkmabpYw
Shop on eBay,,$20.00,,,,Brand New,https://ebay.com/itm/123456?itmmeta=012DEW30YG0MEEKND7NH&hash=item123546:g:acwAA9KNiJowH:sc:ShippingMethodStandard!95008!US!-1&itmprp=enc%3AbgepL1tlUHjMGCVfSTGJh%2BzsVKeJ3CQk7NizDI4BZeppuFnmyS6Ijyp8lh%2FnEw%2BWqO7uTV1Q6izE1R0T54aV8j71F4xlWfVcGft4%2FiOQhtqVXA1rW6M1atPARQRmhqUxtEPJKhKtSFgI%2Bvwlzb0GwVCtkp%3ABlBMUObkmabpYw
Vintage Leather Blazer Jacket with animal embossed design Size 16 Large Black,Leather,£22.02,+£3.38 delivery,6 Mar 2026,0,Pre-owned ·,https://www.ebay.co.uk/itm/167765725035?_skw=leathr+jackets&itmmeta=01KK1T4WD9MW6WQWFDT981P5PA&hash=item270f9dcf6b:g:hgAAAOSwtJ9kFfhK&itmprp=enc%3AAQALAAAA0GfYFPkwiKCW4ZNSs2u11xB9WoDUMuDrGzwwoqfzGenhi2oMOxJM41t3hWTnj2a77wVKlsvTroZrrTWzKuIkMptKuQGEOSLcjYgrmtmlO%2Fo2OWvU3iUcv2oDy6guA0Kobk9Op%2FfTqQMMIesYZMLEJlTvZx1UXglnG4dr1oW7HHFrLNKz7Newl2fcsoTpUgl9hGNVPEjHWW0PNznZDsAfi0p93SsXIqi8aKqhHPZIEErWkjb3%2BPZ%2FmNhL0e7hzaJA0iHuxY47pYiVFC%2BloFNJ4UA%3D%7Ctkp%3ABk9SR9LIk7qYZw
Men's RAF Flight Aviator Bomber Sheep Leather Jacket Faux Fur Brown Leather Coat,Leather,£109.99,Free delivery,13 Nov 2025,113,Brand new ·,https://www.ebay.co.uk/itm/406215008003?_skw=leathr+jackets&itmmeta=01KK1T4WD9AM06CVHSW4GJMMR3&hash=item5e944d1f03:g:usoAAeSwaJtox-fH&itmprp=enc%3AAQALAAAA0GfYFPkwiKCW4ZNSs2u11xDXt15i2IHvVxNqd3HBIisIk1a%2BZEy8V90WZwc88AFPGJKV52M%2BwwDR3tQdgMzJVTwgs2gQreiWYpDDzN2fIXI8dLtUVCDcbblKdeFK5oydZWhSMTLVc525pxQN%2BIqEsas3yV%2B33VhOtRNUu1D4gw6I4CUwL2EGQ1JEYys1KOo6%2F8muR85tSL%2FN6U9qD6gmfMFjbbJcA8pVzbYYi6qxDk38VJMDwDLo3q%2BgkEi6mSKWI89dwHnT%2FA5sVyL3ZzP1LuQ%3D%7Ctkp%3ABk9SR9LIk7qYZw
"Wallis Leather Look Jacket Black,brand New With Tags Size 16",Leather,£16.15,+£2.94 delivery,6 Mar 2026,0,Brand new ·,https://www.ebay.co.uk/itm/358265419154?_skw=leathr+jackets&itmmeta=01KK1T4WD9XV4NX74DVVD5TS6J&hash=item536a487592:g:CXYAAeSwThVpmEN3&itmprp=enc%3AAQALAAAA0GfYFPkwiKCW4ZNSs2u11xDRNsCDokBQ3bPGdCk7YIumlfY3T6qMKjZPwDSvLXv5tRH%2B4Ykmk0DZr6jDYC96fLDfyvmHUub3mqsnGZniDS7XWd7gCv2TDboUF54I6JY3%2Bg9HIc9rPFWI7bT4VdM9ymox%2FqxYLOFrDW4ZTH%2BZRFA77Gpf97G9YJeI6Tq8tPkvtWyQNt%2B2H6PdCv%2B%2BNsPM9LrSvrA1xrUD5zm%2BT5yWEs3T7x5FVFnbs%2B6za%2Fd9ewal78%2FR1fM6P1uOCRyIldTphB8%3D%7Ctkp%3ABk9SR9LIk7qYZw
Womens Leather Biker Style Motorcycle Jacket Genuine Lambskin Size M,Leather,£47.50,Free delivery,6 Mar 2026,0,Brand new ·,https://www.ebay.co.uk/itm/326993862448?_skw=leathr+jackets&itmmeta=01KK1T4WD9P6Z2WS416ZAT7TXZ&hash=item4c225a5f30:g:EiMAAOSwHt5oC-Tz&itmprp=enc%3AAQALAAAA8GfYFPkwiKCW4ZNSs2u11xA4OqAaFKhkGCgsE4gAE%2FzEvtHjSWiEGGtMJ7RMUuJGpIeWCrrf9ovHs0OGN%2BgsC9VBH%2FT4EcSsWJ7vZaUQgFC3avXSCd%2BI6WNd9qsum1Xdw%2F44B7kMQPdDgAQJDahvKdADJuTFgw09%2FKaxCTmZYbfb0rLj9YX373CxTlhM901WpyCxMs6azknNYGG5SeZByWuIGBqc7RObX%2FESPbtZuMMQAG0MFqEmOwNwyQFQcjFhvrmuouPzz9hRTf0COxiCiKkUjLuUHQO8hM0Z4HVtzk8H3uGl80902mQAr4uNthkI0A%3D%3D%7Ctkp%3ABk9SR9LIk7qYZw
Bayside Womens Leather Jacket UK 14 Large Brown Leather AF13,Leather,£36.95,+£1.95 delivery,6 Mar 2026,0,Pre-owned ·,https://www.ebay.co.uk/itm/157724023542?_skw=leathr+jackets&itmmeta=01KK1T4WD98K0Y9VWETQ72R4E2&hash=item24b9159af6:g:wVgAAeSw6HNpp5qt&itmprp=enc%3AAQALAAAA8GfYFPkwiKCW4ZNSs2u11xDMWXzH9jEekM0NSrqg%2FlmlxLrDoxY4YdGUFNaunA9b%2FYI%2B9MJn7dsmrWZj36WxRXdDS%2BB1aSG2cB5uqYm%2FQnNxF%2FN3eWtAh%2FhGqar7jrgRnzmM9PD5LwMhGYLLvAMLKoUr9jG9%2BClC9t18QXNc7QMM2bfzo9gogR9tlWnfvDuhBBFte0FRo%2B9mBZ9feSOwDvbKEUz1piQgzrI1fVBle%2BlEbI%2B2mT3ks%2BgkVAK6sLA6hHbLgh5T0mbcX%2B0n%2F98s3BIVaNQLwugE%2FlLp4EQQhJbu0lfZfWtOb9V8B7qXE7FBdg%3D%3D%7Ctkp%3ABk9SR9LIk7qYZw
"BLACK MATCHLESS OSBORNE LEATHER BIKER JACKET, MALENOTTI BELSTAFF XL BOMBER",Leather,£312.70,Free delivery,6 Mar 2026,0,Pre-owned ·,https://www.ebay.co.uk/itm/277375001638?_skw=leathr+jackets&itmmeta=01KK1T4WD9CH4X1GTVHG8CBVG0&hash=item4094d6a426:g:pboAAeSw-6Bn4DYT&itmprp=enc%3AAQALAAAA0GfYFPkwiKCW4ZNSs2u11xDMDHorZXvCDDHosag7MKW0x4VJdFLzz7E7l2UCvPLILbdOX3m2A5t6tPOcFuXEdwRAznMrqBRu2L26eRi%2B6UbyQG%2BJjMFXXN1fEdcgLHT69SJYjlao%2BoP9hO%2FWk3y343y%2BLe%2BWNxc0kAaoO1uJRc%2BgKPphSgi%2BDwUdxrFSu85%2BpjmYF6kuTR6zufh%2Bqj1U6u9YyQtQTECjK0eVAseFHvlRO3YjdOc32r9%2B7AinZo4AdOg48sWPuoR1o%2B3E4ndUN5k%3D%7Ctkp%3ABk9SR9LIk7qYZw
"H&M Boys Kids Black Faux Leather Biker Jacket, Ages 7-8",Leather,£8.66,+£2.94 delivery,6 Mar 2026,0,Pre-owned ·,https://www.ebay.co.uk/itm/358203684621?_skw=leathr+jackets&itmmeta=01KK1T4WD960EXJDT6E028VDJM&hash=item53669a770d:g:6f8AAeSwsaBpig~Y&itmprp=enc%3AAQALAAAA8GfYFPkwiKCW4ZNSs2u11xBZFgG2FX2JTEUxFWnb9ZZEHaFXUxH5rbaaTA0Jb%2BMiuK%2FwJ10AFXI8Hcw4ECKO28xUXNuf3GQoJbp4tKJi3wvJyYh2VKW4Egq9E4asilhTlYM2Ff23%2FljpMIiZQmNJmQcy79KoEbuIyp4agf8kb5iO4ZG%2F6QN%2FZYOEOZ0GhGjREeZpL2QK8apqClw0U7gsuyzyxaa9E7tyEpaS1xDBB8dEcAqF5IBlf%2F3rgBtT%2B%2BMJissxZqTUloJza%2FvQrzY%2BEjsrrjtK4r7UGb26bOQoE7ASeohKeCY3W0l2zWX7EU4bFg%3D%3D%7Ctkp%3ABk9SR9LIk7qYZw
NEW LISTING,,£31.89,+£3.38 delivery,6 Mar 2026,0,Pre-owned ·,https://www.ebay.co.uk/itm/366248556886?_skw=leathr+jackets&itmmeta=01KK1T4WD9QX8FR57B2TZNZPJW&hash=item55461d7956:g:5NYAAeSw5nxpqcwk&itmprp=enc%3AAQALAAAA8GfYFPkwiKCW4ZNSs2u11xBE4mci13nG5gwrsSyFIcY1YfBSnJqcVVllXfOe1F4eaqEAKGGPoDC5u4aj5RPuLcNpW1pd0mvqM8E%2FUFPvGATsqOnlIoInlEbhXemD7OZ3l6pEyWlDrnWCADi7u%2B0rgyNFj%2B57%2BhzgDKUh9AoYNFbLuh157wfrpNkM0oHMLpfNXv6%2BT0jNwnr4GI9eTWBdGy5y%2FnPMPG9UZPxL2m1AV1qmMr%2F7kzeDxaB8FGDQii5M9DJIwOL93xaixmUwJF30KFOh3LJd%2BNgGVlwrmoX832CIHLDl0sqNIW2ZGy%2F8WJOCtQ%3D%3D%7Ctkp%3ABk9SR9LIk7qYZw
Mango Womens Leather Jacket Size Small Biker Real 100%,Leather,£30.86,+£2.94 delivery,6 Mar 2026,0,Pre-owned ·,https://www.ebay.co.uk/itm/188110402257?_skw=leathr+jackets&itmmeta=01KK1T4WD9KVZYFBBPV04BVYKG&hash=item2bcc40f2d1:g:9HUAAeSwdGpppLCV&itmprp=enc%3AAQALAAAA8GfYFPkwiKCW4ZNSs2u11xAVte%2FAyHIDfaTalej9XGOsKUjIJFMdoDVAB77VyIry8t8b4ZDxlGTDLXujgwzPSLKXA85bOtJSHzv4neKMOA%2FCG6NCrdyItwnC63PX7jW77bsGX0OaeAmDfaohSpTIdcXSgm7sgU3VdOi1FaPEeZHyFRFjgnEclWzzcuYMTs33eixGf4NjUEoo%2BnOupGLzp%2BrCrH4uHatt68GrYmjoBzkV7oMrknXceP%2FcBG%2BuRqb9CoP7UVzcTVAfLaoqz4tApgvFg2VW6hEIRr%2FVXTx6zz%2By2Q83sn9Ci%2BRJhsi8865asw%3D%3D%7Ctkp%3ABk9SR9LIk7qYZw
1980s Girbaud Burgundy Leather Jacket,Leather,£312.70,+£3.94 delivery,6 Mar 2026,0,Pre-owned ·,https://www.ebay.co.uk/itm/177753397779?_skw=leathr+jackets&itmmeta=01KK1T4WD917H9KMKHRJ1R6ETD&hash=item2962ed9a13:g:pRoAAeSwH2FpXna5&itmprp=enc%3AAQALAAAA8GfYFPkwiKCW4ZNSs2u11xD%2BdRTf51IYU%2FOLZbvdjFt8XgerkxCRQQoUO5fGHwr9oetoU5cR9%2FW%2B92o2XGJS5jsJxOiRwz5yTd%2BB1%2B8RfF1rLECE2PqXqM5gO4oRV1W%2Fbbvz4M8srSlIfDawOrmLADoFrmLbZYEKFRhiMOARrBhrNfCA9R%2Bmf%2F8TY0sMq0nl43EJum%2BCyKq%2FwvIgjqS9Frg2HDcdtuyOVkiCU%2BRlmFmdfENQqXq2jetNeHjEu%2B4CI3K4rpIaEeuhcXpfaBpLMymOem4PGfg%2BB6CbXZ7QZGuO%2FGI5gkiH9AncmVqS1ucueA%3D%3D%7Ctkp%3ABk9SR9LIk7qYZw
Wallis Womens Black Leather Biker Style Jacket Size 12,Leather,£26.70,+£2.94 delivery,6 Mar 2026,0,Pre-owned ·,https://www.ebay.co.uk/itm/177647238839?_skw=leathr+jackets&itmmeta=01KK1T4WD9KEBJJ1PATSPBNK75&hash=item295c99beb7:g:KVYAAeSwGjtpMqc~&itmprp=enc%3AAQALAAAA0GfYFPkwiKCW4ZNSs2u11xBs7nM2ACj%2Bob4TgXlaWKvORB1VBgAkYMpktZfDApu3EeKYE7mXbj7d8ZOyb4%2BiLlNd1M%2BHJ0P9RnFopmHMeoZJEHFbr6J1%2FdoiJNlAiXvijTJscARX80s%2BmR7NOPNaIOhMCmOCaDiSHgHLcUxSJSpvHOXQZLxkJiHsKuiXgL5JkfsV7e0%2B1W1h%2FY2QfosM%2F42elN4w2H2%2Bmte8tTunVALXV%2BcgfMZlJ9HD1UUlg7bJg8yYG1EjkdqUqTN7SDLettw%3D%7Ctkp%3ABk9SR9LIk7qYZw
RST Ladies Leather Motorbike Motorcycle Jacket Pink / Black size S-M UK8-10,Leather,£94.30,+£3.38 delivery,6 Mar 2026,0,Pre-owned,https://www.ebay.co.uk/itm/206051659990?_skw=leathr+jackets&itmmeta=01KK1T4WD9STA4G65WG1VVM3Y6&hash=item2ff9a2d0d6:g:hyQAAeSw9XRphzAy&itmprp=enc%3AAQALAAAA0GfYFPkwiKCW4ZNSs2u11xDG4Fd8%2FScd3saZsXHBhGcAkzVKB6gVZbSRBadZ5acxMAWNHUi4lNwri2r2LEXWF1rZBEBOgnkpyMa%2FWNfb8ym6OpxZ4DnWdaqF8f2pqfwEVkF0hpemEw5mqOW%2FPX1cI8hPTHLJkn07us1fhMz3GgUB3ClbdFAEimut8fzei9v9IFQv4%2BjZ6nHx7W4YpaumdcXmjaqoRgOjr7BIXYvVq84AsOLzyVjCGmJeG%2Bq3FgKCPAL0QzYaTdT1tn80SWUzV%2BY%3D%7Ctkp%3ABk9SR9LIk7qYZw
ICON leather motorcycle Jacket XXXL,Leather,£73.50,Free delivery,6 Mar 2026,0,Pre-owned,https://www.ebay.co.uk/itm/168191650303?_skw=leathr+jackets&itmmeta=01KK1T4WD9W37907X21VQ0HDWE&hash=item272900e9ff:g:unYAAeSwizNpkvAQ&itmprp=enc%3AAQALAAAA8GfYFPkwiKCW4ZNSs2u11xDIx2pQCOVBG25GXTot%2FUoOEF0VrJEuSsHEJfxV74xceaCXQrzfABPgnqGJmvA5hbQYW9uVvWXKgsoyScKYLzspzETwttkkqmY5yIiUQSvsXZoDDLNWIeamMxCRIiPXt%2Bh82HJA2gavMSJD4%2Bv8lLfpLxLp%2ByzuungTFk5O%2F38Pj%2BC7QRmo%2BRgxxlyfD5Vl%2BXnCiB9uTKFETV6aUXJoETHpbsa%2BZFuDQ7k5nnFq7NtgtiSr35aicgjOdDjN3BbwRxEiaC00RLS0Qm%2BMygCafX%2FWZWCczY4vIQbqjl2CgiQPjg%3D%3D%7Ctkp%3ABk9SR9LIk7qYZw
Rayven Padded Black Leather Motorbike Jacket Size XL,Leather,£41.50,+£5.21 delivery,6 Mar 2026,0,Pre-owned,https://www.ebay.co.uk/itm/168149128316?_skw=leathr+jackets&itmmeta=01KK1T4WD9XNM1WWQYKSYMS152&hash=item272678147c:g:6x0AAeSwK~NpiwRf&itmprp=enc%3AAQALAAAA8GfYFPkwiKCW4ZNSs2u11xCTxRvzu9nv%2BJ048U0ZnUzjPShG6a%2B6SzL1C%2BeeuCXPZH57WZkIqvdg%2FEMwDqYordzZi9QpqntmOXZorm07h8vADMKXZOAqcT9wj5SHT%2FFrKUF3QNd9cDGdROamFdlrhrnV5a03BS7n9iInG2dMdDtCLg5sgml%2BEdx9pohouNwAIy42D0qW6oSHITfeLuqpPvaCQhXbWMM6tGOE8FbkjVuSOH%2BY%2Bf8ShjERlpcPOI3hS843M3Z6Ws%2FwS2qJO1LsayrOZiKkkQK%2BbvskFkTvy02yYajdfpMSnF0TopFQlc5ryw%3D%3D%7Ctkp%3ABk9SR9LIk7qYZw
Savoy Taylors Guild Vintage Brown Suede Coat (Made in England) - Mens Size Large,,£79.99,+£5.21 delivery,6 Mar 2026,0,Pre-owned ·,https://www.ebay.co.uk/itm/297896524324?_skw=leathr+jackets&itmmeta=01KK1T4WD9GRZW2ZDSQ0D7DRW7&hash=item455c043a24:g:IGIAAeSw61JpTGzi&itmprp=enc%3AAQALAAAA0GfYFPkwiKCW4ZNSs2u11xD0q%2Fr3miUJZkgB%2FXMN5xkRuxAkgYXYgn2xWieAPeSdW2aWCECW%2BUcLpwpi7Tguf3Is8encGemKkFd9%2F4XMGgl9u%2F5Us6Oj5QmYfDZGGkqhI9PXUFpHrQen1RBZ%2FRCoKv0%2BfI0va9dNCnzDFKRG0PVNRRNeRLlvlan8uKNLBYm6zvdJR0ocwKWZ12VeqKOQsmHCoiYrUTP%2BBBMfihc3q0X6tKY9pWg7M5RBgcEo4dL8Yq2FEEUpBe6Qcw2vh9KySew%3D%7Ctkp%3ABk9SR9LIk7qYZw
J Hudu Red Faux Leather Fleece Lined Biker Jacket. Men’s 6XL,Leather,£26.70,+£5.15 delivery,6 Mar 2026,0,Pre-owned ·,https://www.ebay.co.uk/itm/397525059211?_skw=leathr+jackets&itmmeta=01KK1T4WD9Q0VJ6WY6TSY7E5ZS&hash=item5c8e57068b:g:XcwAAeSwsPVpcqjj&itmprp=enc%3AAQALAAAA8GfYFPkwiKCW4ZNSs2u11xCQOjXBGDwuOlUZTghA0AknTEEtXdFBND760ZZMAk9KitJ7ru9UtMO50nNIhpcVj0IMLvdw2OErpNzx6x7poNcz56CLjAifwLOhmGgqmFEFB8dFpQNIU%2FXCgYfIYgkUXI5SRoGXLFgIJlSCG3cJGxfblua47UvKRWrCzUc9VM3jNMTKtGFdzJ%2F9VG4BMsZ8id%2FQvq30lunTIE4MvfkS5GbAfx0qW6fQZvlNs9Aee5eaErUKLR4X%2FAzYFiUFLou5%2BPQI7%2F9aihyyb7v5NhXJJeKNSXL%2BX4DMFSZ0LhN0pRp%2Faw%3D%3D%7Ctkp%3ABk9SR9LIk7qYZw
Dainese Biker Jacket,Biker,£104.70,+£5.21 delivery,6 Mar 2026,0,Pre-owned,https://www.ebay.co.uk/itm/376886571081?_skw=leathr+jackets&itmmeta=01KK1T4WD9QCY0JGJ8B6XYQKP0&hash=item57c030b049:g:losAAeSwDkJpciut&itmprp=enc%3AAQALAAAA8GfYFPkwiKCW4ZNSs2u11xAjh9VeAwfpv%2BgG1WQY1TBDbxIunVO9pqW%2BCpdqlwXDbmpP4fh%2F1Qn3nK71HFGAdRtc26XCk0mjtHxMoztWzzZWEj1Uz1h4VBvFuUzdHafaKe8tGGsyoAS3pYdd4Yb%2Bpn6WYudTjKOyATn0A6SdKcETUXWSCRUTX33cWxrNSPy2oy7MclDf3uNcv8BXEZqbeYplUD1PnF%2BzwqKtsp8x2NqzJrZefR6CyB6IQrvT7qk6tttezZuJbvh5K2TePe99bpt0%2FriKoKgr6Im9TspZHkYU7h8lIABrWRbkAMKBJyn%2BPg%3D%3D%7Ctkp%3ABk9SR9LIk7qYZw
AGNES B soft leather zip jacket size S,Leather,£399.40,+£4.48 delivery,6 Mar 2026,0,Pre-owned ·,https://www.ebay.co.uk/itm/226985851238?_skw=leathr+jackets&itmmeta=01KK1T4WD966B1786JB7MQSWBC&hash=item34d9693966:g:NXEAAeSwcdpo0EFd&itmprp=enc%3AAQALAAAA0GfYFPkwiKCW4ZNSs2u11xC0LWmTAU2tatg8DeL3fkJkAfh91Jkv5WL%2BAkedky5CWfz5WIvUXz4DcVjNhBWtXfXq1r4K1MFoKYoZsYkhWQ9bV4hlTdID6%2BXTMG4XbxiFOo04ui%2F5XP2roEZHGX2MbiMuC8Y0fmLnHCqEidxAjhaub0MUbsSY6dk1jTzLiQB60hOUhoYfdsNj2m21JBIQ1cEnz6ExWmkWMBwkb5IgUbc9z4jqjEdz6Pq1P796Ug9dwVpfGRrpt9e2fCWaibiIT6c%3D%7Ctkp%3ABk9SR9LIk7qYZw
"Beautiful, Genuine Silver Fox And Leather Jacket",Leather,£156.70,+£4.26 delivery,6 Mar 2026,0,Pre-owned ·,https://www.ebay.co.uk/itm/117037765421?_skw=leathr+jackets&itmmeta=01KK1T4WD9KHXWKFG31YTTK70A&hash=item1b3ffe932d:g:dZAAAeSw7ZRpkNkH&itmprp=enc%3AAQALAAAA8GfYFPkwiKCW4ZNSs2u11xABBgu2%2B5%2FZA7lfQwwaY9DR3Ncc7sjzjayEuZuivtxpWDmoBgizXuSfXmquEBeyQ2iWFkTtPJx%2BR3C%2BVkRBUxHm5r0BaAgs49hDAFRC0Nwu2UzbgH811DyhZPmeBmS4Vyydxe7s071iBc88PDwkaXv1ZEPDyLcrHoNyn8NoiB%2FwNQ0h8X0gUo1www558gjWuhXXeOby6x6iwBSFd9OcFkm4BzCzBf8qfkmGA%2F93XDnZX3bJJcRayI4ljg5Sb9bqre9qzTMAKg77fQaUopJSjbmEzivxHPykP8JknMMduS4EFw%3D%3D%7Ctkp%3ABk9SR9LIk7qYZw
Vintage St Bernard Black Genuine Real Leather Fitted Jacket Size 12 Fully Lined,Leather,£31.90,+£3.38 delivery,6 Mar 2026,0,Pre-owned ·,https://www.ebay.co.uk/itm/317939600115?_skw=leathr+jackets&itmmeta=01KK1T4WD9PXM6VEN1HF67730K&hash=item4a06ad4af3:g:x2AAAeSweBZpoSI8&itmprp=enc%3AAQALAAAA0GfYFPkwiKCW4ZNSs2u11xCE7qnsrzfnEZ%2FESjSxBNsdNy5cEAGGokflAzf4fa09p5atXgbZGccULeyyRQfYwD78tTvxUKsTDSpytLYU31SFPvR%2Fe76KB6jrQuM7XCCBAJlkI7B61eW0hRzCR099VZpb08JVjtXmhIl94yFmjEybnV%2BNrfdSPVqY21mO9hxO895%2B0WnY6GmGae%2Fv6EHerGCRDcBeyi8qZcLLjUjXB7S6Va0t3SPkc554er9Rvl0dfK26uJHUN6jK3MWOOyuJbOM%3D%7Ctkp%3ABk9SR9LIk7qYZw
Mantaray Faux Leather Flying Jacket Size XL,Leather,£36.00,+£3.38 delivery,6 Mar 2026,0,Pre-owned ·,https://www.ebay.co.uk/itm/306668023227?_skw=leathr+jackets&itmmeta=01KK1T4WD9A0TZ5WYMPYTWDTD5&hash=item4766d6adbb:g:5OMAAeSwKxJpRosO&itmprp=enc%3AAQALAAAA8GfYFPkwiKCW4ZNSs2u11xB23rmUd227HlVLNfcQ5agkIXSY0MSf%2F45aMSZWteAxxBOEMOapUwkchwpOv7h7aHXVooTDvKrmun7wQv0PpxUNZIJV%2Bu4NhsOyo0x7IY2AxcHCBKzNqv3emRLwDEd9nPc%2FIvK%2BNi91c%2BTU%2B9nJtxsMCBxKW9WGrFYkdtpUFSOrKLMb6Smy002hcbh1ZYGeGoQXuhc8M%2BL%2FavqqdCl0xBXMuTACmpCjJCZqjNmi5nT%2FnpQC5t684uGtzsxVfUEHcUitHSGy6JBo7TOclwliRwCt7g1pxhEF8uAuIK0fWfTciA%3D%3D%7Ctkp%3ABk9SR9LIk7qYZw
mens leather jacket black size 56,Leather,£31.90,+£3.38 delivery,6 Mar 2026,0,Pre-owned ·,https://www.ebay.co.uk/itm/396999369414?_skw=leathr+jackets&itmmeta=01KK1T4WD91F9AWQBC7KS0CAE0&hash=item5c6f01a2c6:g:1OoAAeSwuRBorvuo&itmprp=enc%3AAQALAAAA0GfYFPkwiKCW4ZNSs2u11xAPXwXIktRdMk0PP2Z5KHfSQJB6weay1mbi7aq%2BTkRyhcAqRaQTdltVxOynIUBYbdbEKFYMscKonUgg32--NK6l3QLj8H2IEc1SKZe2TbmANeLZDqkmut--BsoA2mdh%2FVKfvG%2BMhvbkyGXj2ZJjpRAXL71demsQKX4OBCWWc02Ntq02AVQvmtdM%2BhuoOqZlpzMqLW8OxC6UClcE7mJxJcvpsuo1bZ3U7zR%2BYshjA7ZP70mjGWOh0FBcsPRcbttMJow%3D%7Ctkp%3ABk9SR9LIk7qYZw
Ladies Reiss Burgundy Leather Jacket size 8uk lambs leather with belt,Leather,£22.00,+£2.94 delivery,6 Mar 2026,0,Pre-owned ·,https://www.ebay.co.uk/itm/117049908511?_skw=leathr+jackets&itmmeta=01KK1T4WD93A302ERH6VQRD7JW&hash=item1b40b7dd1f:g:rBgAAeSwZUFpmd5i&itmprp=enc%3AAQALAAAA8GfYFPkwiKCW4ZNSs2u11xDBSpsPQ82uOYFMi%2FSIzKhrX4Osq1%2FBOnZSFc3rwhuO9Fj9%2By0tyoOH7aetSGqsF00Eza0jw5BppdGLvB8TIztxYovilHJhNIgHwgWo0ixNwOchSXf4sGfSlg0l3h7f3aeCE8abAtyPVhgSSASz6DBLKFOOsAewWzuIBpkfhbdodKr08uvfy1%2FUlf100R1zU00mrWdMjc7kHAH%2Bz8BwUVD8kJ5FjQeywjtpAyLsMpZL9wrpynwGZsq6MSgGl8BbdHzpbJIiOAQzN%2FqKmPJb3AOzdode58Q4zZ2Y3Psm3ZNuPA%3D%3D%7Ctkp%3ABk9SR9LIk7qYZw
AQUILA Mens Leather Gilet EU 48 Medium Brown Leather AU08,Leather,£28.96,+£1.95 delivery,6 Mar 2026,0,Pre-owned ·,https://www.ebay.co.uk/itm/157586900006?_skw=leathr+jackets&itmmeta=01KK1T4WD94WRDED7PM6T8F95J&hash=item24b0e94426:g:C5oAAeSwAbRpWF77&itmprp=enc%3AAQALAAAA0GfYFPkwiKCW4ZNSs2u11xCmPdele1QzvepCNlf6h4y7s0dKVbiJWm9wEI5S3clMxnnTUTk3%2F2UywA9yT5hc8tDqZMjbm9oktcua7BYKAusiTAE4yBXwl603IscNzi%2F8lpNWWc6djFHHkTYUAscuyrfI0jKLjB8qV8r3zROl%2FPlHS2aVqScY6qIpsjLtmZzM1JRFU6eCIYCBLD2a0mJNtJTqOfQMsbJzlE4Aprx8omkJf2Zpi99c2fQSRHhrV0wmDDcR5iYt3HR0vKMm0h0P2ms%3D%7Ctkp%3ABk9SR9LIk7qYZw
Dainese Avro D1 Men's Leather Motorcycle Jacket Size EU56 VERY GOOD CONDITION,Leather,£180.00,+£5.88 delivery,6 Mar 2026,0,Pre-owned,https://www.ebay.co.uk/itm/177916577546?_skw=leathr+jackets&itmmeta=01KK1T4WD9QNRP5J5WAW18K7B6&hash=item296ca7870a:g:BBgAAeSw8ltpppKG&itmprp=enc%3AAQALAAAA8GfYFPkwiKCW4ZNSs2u11xBENGxPBupsGEfsh4BmFHavBZwSvtVyE3PyEW9wVA9HfFoezJ6OBiMDngGeu9U9ng6JDwFjweBBQTApGi3PtnF%2F9bjQ13RgOmIUX3Q8nSgagsajWwhU0CN%2Bhn7%2F3E7VAJoW6suX%2FK5%2FW3jK8r%2FTwba8Pn8ZlYxryPh71h2VFgzNgaj%2FHA%2FpqmfShoTUtoOAeQNgdTzNgmkQTQ47gddtMwhLsPD9dQv5CS7sbdIzXt%2BUTI1Z%2Fag8Ce6HowJxrd3lbJNzoTGugO8LI8qRjTjgfhNn7hYrEm9UH1olIEOX%2BWNADg%3D%3D%7Ctkp%3ABk9SR9TIk7qYZw
Men’s Penfield USA Trailwear 60/40 Down Gilet Leather Yoke Size L Colour Olive,Leather,£42.30,+£3.38 delivery,6 Mar 2026,0,Pre-owned ·,https://www.ebay.co.uk/itm/257371813855?_skw=leathr+jackets&itmmeta=01KK1T4WD920R13SCHR416A8EH&hash=item3bec8e37df:g:vU0AAeSwGf9pmeQ1&itmprp=enc%3AAQALAAAA0GfYFPkwiKCW4ZNSs2u11xB0pNgzF3k9%2BsxFPPVwmYle1j4PxWfllLFOGWU5LhAVqEbCWQsVjmm9AuszAy1smT9b3TO2q1Y6CZG3ZscB1zcMyntS5RaRGc70zD4UJ2uUDwNq6BwivN7jQyGVkTOXCczrjIwUlo780vo6FzVIONEpjTPAhoChEp52K4uztjtDhswZmo5N0BnPHoOPrVlib8mEsWJUiosQCJJkfdrOssnTWwYSzyPkLtukIcLicoJ5dyqNTylCSO44Yze3DZCc49k%3D%7Ctkp%3ABk9SR9TIk7qYZw
Ben Di Lisi Black Faux Leather Jacket Size 14 Excellent Condition Used Once,Leather,£21.50,+£3.38 delivery,6 Mar 2026,0,Pre-owned ·,https://www.ebay.co.uk/itm/168087449592?_skw=leathr+jackets&itmmeta=01KK1T4WD96MQ14A5EFERNE18S&hash=item2722caeff8:g:ROEAAeSw9J9palTM&itmprp=enc%3AAQALAAAA0GfYFPkwiKCW4ZNSs2u11xBO2zejgbXOzUbcjZRRpJxONWGQtwQAE8ab6TCoOqJjpcnEmL9UHgT7uWrx55PtZVaoR7%2BiDXFeVQxemhJK9ukempe3WEjUAq56HFdIJmKRG03hjXe6IudsegO0aDPSV3zRkpA2ZMFFK08AkFrmninF7fa%2FbSHLOSf8u3qWAYE75xGvmkfC03MtSY1LbRD8sme35Wl9xpO6vDoMepOk9BBBmT98zRxGWa9WaxnFy9MEIylO2g%2F%2B%2BglT18h4Ukx%2Fhs8%3D%7Ctkp%3ABk9SR9TIk7qYZw
Brand new with tags - ZARA 100% leather black biker jacket. Size XS /S. RRP £189,Leather,£89.09,+£3.38 delivery,6 Mar 2026,0,Brand new ·,https://www.ebay.co.uk/itm/267587584981?_skw=leathr+jackets&itmmeta=01KK1T4WD90KXTY717DAG2S0WN&hash=item3e4d7683d5:g:-eEAAeSwODZpoHsD&itmprp=enc%3AAQALAAAA8GfYFPkwiKCW4ZNSs2u11xAvjdIeBSZHYcQJgHYPKYEKwGtJgV5d8ncPyTQIhZlN1ewzDIZD2YzsBJctyFt7un2iWisI9ZZKfN8M5CTau8EpbC2f76joHdfg7Lx89lXBS%2BDi2NZomY%2B39NDYcV4E1VISYcaUzmV0O5FfFMbOZtlol3RoFCFY4FiZTFVJdCY6LfaTxU%2BILQeupdMKJNgf4NPOK6CFBXhk%2BydoqOpy4jVRXw6N1hf4q6w3VxF9b5jf0EA5MF7sEyzj8%2BiJoUqPr1SduaNKRimS%2BYuqqtjeyf3Lvc1c4yfBYJsfvdMaR%2BPphQ%3D%3D%7Ctkp%3ABk9SR9TIk7qYZw
Hein Gericke Mens Motorcycle Jacket Orange Size XXL,,£26.70,+£5.21 delivery,6 Mar 2026,0,Pre-owned,https://www.ebay.co.uk/itm/406682170004?_skw=leathr+jackets&itmmeta=01KK1T4WDASMB1A13B8JCF9TT4&hash=item5eb0257294:g:6IkAAeSw63JpiOQi&itmprp=enc%3AAQALAAAA0GfYFPkwiKCW4ZNSs2u11xBfpu2R2UfBbsDR18eL0xc%2FaZvjo%2BDUqGJWdlcqWB7%2BcJZ2mTyoWXI%2BX1F0NhjZS4NEQaW7xXmzbY5HfKjIc82e3mMb6kvJ89V4NMaWr8pECOMMbKBinV5aSJjWiS41%2BHNQm1VgtCErUEN1hS2YzzGhw8rl%2FCfkjBlPakpYNlVIFWlMcnAZSZ4uZa7V9Di7wEx7Sb72D8pSfvmnjPwolQYBnHIGYfN%2B%2BMldvDH%2B3ENhqLwGt1lkuvKcWir9agzjQPo%3D%7Ctkp%3ABk9SR9TIk7qYZw
Ladies coat size 18 from Nutmeg faux leather.,Leather,£11.86,+£3.38 delivery,6 Mar 2026,0,Brand new ·,https://www.ebay.co.uk/itm/406725336896?_skw=leathr+jackets&itmmeta=01KK1T4WDAX2SGGW652XRJACXS&hash=item5eb2b81f40:g:wxAAAeSwRJ9pOWE6&itmprp=enc%3AAQALAAAA0GfYFPkwiKCW4ZNSs2u11xAjK16suPAaC759FLkJO6vhJ6rpnI18Ez7rm9naWcbgMKRG5dIciScncVJG95%2F%2Bd1wZiZjDB6g7wC7vC8sxUZJMLlOYfaZHEOto1VkwR0I8hPGPbQPVHI4fBiH8bavktToSrYsoeyjOE9qT5AqVAB7ZK8l%2Blbjuob4bMYw%2FqZGBPD0nvzWd6lN64Z8pfqHL%2FTQxNPlnIHvweO3X1VMfNcTsZbbfQXvi647F05%2B%2BgkwDFmzp1gpOsWtM%2FcCaFivMZyQ%3D%7Ctkp%3ABk9SR9TIk7qYZw
"H&M black leather biker jacket, Size UK 6",Leather,£21.50,Free delivery,6 Mar 2026,0,Pre-owned ·,https://www.ebay.co.uk/itm/168179410399?_skw=leathr+jackets&itmmeta=01KK1T4WDAC04GWDR36NJQV1QN&hash=item27284625df:g:g5gAAeSwP8Zpm6Gh&itmprp=enc%3AAQALAAAA0GfYFPkwiKCW4ZNSs2u11xCAyK7Ww1KjqmG4AKg3wEtuzaQAmqCHW6luhXgwuSbq%2Ffr5gB66CCKXnEHzdj5zRkNx23wY9kpCBsuWbZs58CVdwdCcn478syrAB7Zr%2BcsSfqqbFjn%2BAj7kE8DTG2Y6yrvWHDukC%2FIY50UEqG%2FxvCda8HRM%2FSGuYX0m2QdZTffiLlLzSaL9ajdrE8RMjJ%2BDxhf8XRpFwqVLHbAZZyyrV2ic0QBpQht9VENqokrbNYjvsWCuiMmVyhMuqed7BJsFIRU%3D%7Ctkp%3ABk9SR9TIk7qYZw
"EVIRON BLACK, GREEN & WHITE LEATHER BIKER JACKET WITH ARMOUR/RACE HUMP 44 INCH",Leather,£59.00,+£4.00 delivery,6 Mar 2026,0,Pre-owned,https://www.ebay.co.uk/itm/306528252082?_skw=leathr+jackets&itmmeta=01KK1T4WDAX046CXSK4M7KPPKP&hash=item475e81f0b2:g:ftsAAeSw81xo7kXM&itmprp=enc%3AAQALAAAA8GfYFPkwiKCW4ZNSs2u11xDWsHrpSQKjZnaxURz7opGk35g0KpsgjCQl010tQHOE7u%2Figgrs%2BC7qT3%2BByYKKVFnkYLZcMCWQ7SrdHDKhVp0B5uH1OityE7VGAJRyZGZhrK4LBfh4NLVFxoBN31dLBXUv15RijMlQfmPLv5l4p7AJQ5bdJV0GiSD3AXj%2F0zCq275ZHiISrVOTni0CilyaIZT0h2Ut8jNXWsTdao83IeP3B11oYu7yCdXdxsAze1oic%2FkAqLaWGLgA1lq7N3TxpbzlfGGcJJI%2FqqOvWBVBK4783prmJagXa2Nb3QYkSVy6pw%3D%3D%7Ctkp%3ABk9SR9TIk7qYZw
NEW LISTING,,£99.50,+£6.65 delivery,6 Mar 2026,0,Pre-owned ·,https://www.ebay.co.uk/itm/336464904566?_skw=leathr+jackets&itmmeta=01KK1T4WDABK88KE53DP13PYPR&hash=item4e56df0176:g:w14AAeSw5A9pqG1D&itmprp=enc%3AAQALAAAA8GfYFPkwiKCW4ZNSs2u11xA0a92AfZA%2FUccQec9CwV8ttFDB%2BW3DPzAW%2BoDZofQ9Bpqey0ndIaAJVC4DI3qXSrJJtIrXPdZhKVQWiGU5vNC0LnxflI6yhM7RKOeXizI78i%2FLgAzjDJGZTU2pmPtwKgXfXRpgpbIB0iKdmXXFAkVfsp0ZbMIrKA4Q0YDXbfeBKKg9Nd5TQie%2Fu3ooJkZg5nrQHtpj7pKAa7K8FG1Pjd%2BZ5PIePVDGurJx%2Fb2TRcagJReFeJvtCCCsY3sl51%2BlWgXsVHesfDq0yq7TZb%2Fd1FWohFeSzz1rymmjdXDTTRdyvg%3D%3D%7Ctkp%3ABk9SR9TIk7qYZw
JOE BROWNS - RED SOFT 'VINTAGE AGED' BIKER STYLE SHORT JACKET - 14 (MORE 12),Biker,£37.10,+£2.94 delivery,6 Mar 2026,0,Pre-owned ·,https://www.ebay.co.uk/itm/366208291903?_skw=leathr+jackets&itmmeta=01KK1T4WDAX14VX1CS47YZCCYX&hash=item5543b7143f:g:CBcAAeSwfjxopeyx&itmprp=enc%3AAQALAAAA0GfYFPkwiKCW4ZNSs2u11xCEDKs75ak1v4UVie7e23d5RUocFNYwpKdWk9n66w9y9nadSx5bpB6UPHLVpF7E4lxg1jvGLBSUX3fV3CWHuoXMsojDGJZQDIE6l4VtciNTjQyTuw0c1VwybCEaP12h9MzHs3kumLPWDRFqW4BOTJU4Mt9ZC4r319p2yfj4oO64sQBqVbB26ytTrlBYcnSD%2BOOErsFhYJc%2FnQjPs%2F9YfPJkywAn0kFivLaNrlnMrZojpLVqdfm%2FRUq%2BD28kMNq9bis%3D%7Ctkp%3ABk9SR9TIk7qYZw
Vintage Marlboro Motorcycle Jacket Genuine Top Gear Jacket Size 4xl Ykk Zips,,£89.95,Free delivery,6 Mar 2026,0,Pre-owned ·,https://www.ebay.co.uk/itm/205866394971?_skw=leathr+jackets&itmmeta=01KK1T4WDAWJE01TGAJE9HVGJ4&hash=item2fee97e55b:g:H6AAAeSwdDBpIeZ4&itmprp=enc%3AAQALAAAA8GfYFPkwiKCW4ZNSs2u11xAR210Cl03LmzK3PJ5jdbWccrzZtCPsvSxIYzOWTWGo6aHbVNx1nB2LA6jtuehCSnRfKVt%2Fed3jxY%2BYZic2Oho1OUKejDw0wUtM1bj8Htu37OdyTZ08zdIuAD3tUhCJCkzp2EBIc1fLV3vaOikHLplgPISr3jLUFgZhJ%2FX81Q8Pbh1dh3kk32S2kLwfCn8Dm3sqYrW8U7%2FUKtZ3fPRn6Wc%2B8R%2B2JWDFHFPSgQZQRTXG1etcMrApRl4EP%2Fd5v%2Fj9y%2BOcDRD8ByX9IC2y2IXNFXBW%2FGXfN2woM3XlpJoYZZiqgA%3D%3D%7Ctkp%3ABk9SR9TIk7qYZw
Arms Leather Jacket Brown Size 18 - VGC,Leather,£24.99,+£3.50 delivery,6 Mar 2026,0,Pre-owned ·,https://www.ebay.co.uk/itm/197953383853?_skw=leathr+jackets&itmmeta=01KK1T4WDA4YXGGQN18NKE6ZYG&hash=item2e16f0edad:g:mtwAAeSwHh5oLZgP&itmprp=enc%3AAQALAAAA8GfYFPkwiKCW4ZNSs2u11xDYmEcDx09odXldbvGjpCwuAz9WE2MhIP2Xan5fThtuIv04bf%2B8jvfrmKcjHv49mLfg4o0cI7Tdxvyxbmr5UEHrYffajqerQY%2BPM9yUmJ4XOlhP7imwUMRpkdCEpa0rP%2FrormIDEnZpEXZ0nVqBZgUczH45ePcOFFXsYKW8BrqM8Ssw1Unh77py4rgw%2F%2B6YWLNzAxoPSQlFEQcBnMvzJuCowtC5q0%2B2NhCvBs%2B9yFzOhL%2FMucjtkhoJ0u4Q1Ul7u1uUsaVo%2B%2FmxeVwzLy4%2BkTkU3KiJmu5SY%2BoQrxCVhjMJtQ%3D%3D%7Ctkp%3ABk9SR9TIk7qYZw
Women's Black Leather Jacket size S (10) - CG A24,Leather,£9.00,+£4.25 delivery,6 Mar 2026,0,Pre-owned ·,https://www.ebay.co.uk/itm/397662935626?_skw=leathr+jackets&itmmeta=01KK1T4WDAK2RXNA706YDW65VC&hash=item5c968eda4a:g:Ue0AAeSwFLlppAdD&itmprp=enc%3AAQALAAAA8GfYFPkwiKCW4ZNSs2u11xAFjUACNeiSw1Ow6HuyFpjqOGU5qLZkK%2FR8VpYQT2PtoJqEnCmZD8%2FE6jsII0w5snVZmNshMocMfZlGhvbudpzOEtOKhREg3SoG1T4CyKxai4I0zB6u7tfGOovbm0gMvu1a%2BAExicauj5%2FfHnhwubfwivrD3ZDY%2Fd38GMXH4%2B1SdeIjsiphzyl9MR1hWEXYdnBi%2FYalLayQmuvLvMI7FnuZFbAv1s9jzl3dveKMlWyyEtw61yzkjSNqJgi9XC5SDcP50%2BryPSDmLYtzAy3NvTXTvu%2BS9%2BcppFGlPeGkmPGrfg%3D%3D%7Ctkp%3ABk9SR9TIk7qYZw
Next Ladies Size 20 Light Brown Faux Leather Jacket,Leather,£14.00,+£2.94 delivery,6 Mar 2026,0,Pre-owned ·,https://www.ebay.co.uk/itm/306803419897?_skw=leathr+jackets&itmmeta=01KK1T4WDAQHY6DN5E4Y8FFDS8&hash=item476ee8aaf9:g:TfIAAeSw~J9pjHrZ&itmprp=enc%3AAQALAAAA0GfYFPkwiKCW4ZNSs2u11xCyuFomPSU3fO%2BIhABhIDp4nyJyiGfq5cGvdvJwUGFRs%2Fa%2FckXkaErDiCtCCLpJESbCSPSHBQ62g1LhEW9vbVksC7DHkjvGtoQwZrP%2B7V5M%2FFJp9q9Kdvyn8s8rsba7Spy62Sy99eZvQIKsT4qz5VchXS7POKEfEA%2BRwWvgsUUoc1z8F2XGV6w4%2BihMCdb%2BIc1IGSJs7dG%2FA9YtJvQzksqJ1aHTyOwPiqj7UgNHkwqt2MA867DHWZBgFe7kJ8YxO8E%3D%7Ctkp%3ABk9SR9TIk7qYZw
NEW LISTING,,£45.00,Free delivery,6 Mar 2026,0,Pre-owned ·,https://www.ebay.co.uk/itm/168209618357?_skw=leathr+jackets&itmmeta=01KK1T4WDAXVXXHDWT8KHGKQZ3&hash=item272a1315b5:g:PJcAAeSwnjlpqo2V&itmprp=enc%3AAQALAAAA8GfYFPkwiKCW4ZNSs2u11xBauJ0T%2FFm5y66R2b957%2B%2Fhh1Vf1lRtRQb7%2Fau%2Fzw7Hhc7c5%2B0uaHz5FpZadNiWmMIxTNTCcsuz72MHgS3Dfc%2BcRazO8ZA1lHTgh5nIBjPbnUxcqqpFqtpa4xY2iyZuJJwPR4ay9KJ6h6u8UJUisJSdrqKXZg5Z1to77kozia%2BSOax9g%2BzqFL9GHcXe9IPOP2NsiwPDwrbihrz3LKd0v2FbSxT3k2BKWn5J4eercemU8zBtylq2MzeTAS2whKlhZrGUrCMgQpV7ESc7UXlrbY8OZv8azl1N2984grZG%2BcGnKw%3D%3D%7Ctkp%3ABk9SR9TIk7qYZw
M&S Faux Shearling faux Leather Jacket XS womens this season,Leather,£42.30,+£3.71 delivery,6 Mar 2026,0,Pre-owned ·,https://www.ebay.co.uk/itm/177809826040?_skw=leathr+jackets&itmmeta=01KK1T4WDAP9TSTH6RNH25E05D&hash=item29664aa0f8:g:UD4AAeSw-vppd3c6&itmprp=enc%3AAQALAAAA0GfYFPkwiKCW4ZNSs2u11xDc%2FtB1q%2BhN7er%2FspbRMpCq5nzEeUSltIQ6zVqnSkpEYxWBGDhLvaf%2BEuoi7ueRE5f6N2EC6zTCd2BuI1%2FYC2iZ4dx3bj3OTglOuPEHflT9aHXnrP2TfT4rmis29cADgt3K69mOpGtP4XIqizNfWXae%2B1IlyCInMhwZaYVGAF6hG%2Buh%2BbOc6TE8S7iD1mWM0dtW0N8cbV6%2BuzKD3AMsdI%2Fq0kU3p07cvk0FY%2FsTBsWuxFB8jSiXkOquMZThxhUHoK0%3D%7Ctkp%3ABk9SR9TIk7qYZw
belstaff Panther 1966 Leather Jacket Large-XL Black Brown RRP £1345,Leather,£629.00,+£20.75 delivery,27 Feb 2026,7,Pre-owned ·,https://www.ebay.co.uk/itm/177867720872?_skw=leathr+jackets&itmmeta=01KK1T4WDAKWR4Y6128YEMG9XH&hash=item2969be08a8:g:gzIAAeSwr35pkudO&itmprp=enc%3AAQALAAAA8GfYFPkwiKCW4ZNSs2u11xA1wyWZ%2BgquX2%2FS5l3ytLNOaa7iMkhVpck9P9UH0Uryfbs%2BHHP%2FwewUPZHeJUZbaspUzeXL00zHwEvPEjUPcP8qBdSXaRm2ZMnL14VEwBw0%2Bz0%2FkplwmL3W74XWJpg3DC%2BMHJ9%2B9%2BH7BfI8GB68xlpYBXDUQHn2BKnWi%2FwJXAmwBVgz9isdNR%2BXG2FKXMGOPUycBd2yFAJl8T--%2BNMTObFtgDEDVCwCwC4Hm9FPJIqWo67Egyi%2BNDn6I%2BB6LkGrza9SGzAS4CC%2FFsiyGHuslBwSfwPonD%2BJfhmaDq7HSBA%2BFA%3D%3D%7Ctkp%3ABk9SR9TIk7qYZw
NEW LISTING,,£39.95,+£1.95 delivery,6 Mar 2026,0,Pre-owned ·,https://www.ebay.co.uk/itm/188125725267?_skw=leathr+jackets&itmmeta=01KK1T4WDANDKMAYJT42CB0S08&hash=item2bcd2ac253:g:Ge0AAeSwKL1pqlpm&itmprp=enc%3AAQALAAAA0GfYFPkwiKCW4ZNSs2u11xCbyMogVB8CbOGPgOsqnt%2BRfEs4cyZrAESugL6173hWVm4jWmK4La16A%2Fo2D%2FiMnsf%2FoUa%2BTuWp1XDmlezigOA697Qgq92098Wzonocy5KywLGqAhF%2Be%2FlwePKis5O6QREsX5Zorp5Kw7kugFXxEw5tjZiggQtQw5v9TaaQF4AEh0%2FhZq4i9FLspvtZG863P9nMYp9AlxPbsE7bChp%2BELtGRpNhnkVSoIvXfbL4uuv95kTJDsBOGrEY4lyFBawjoxw%3D%7Ctkp%3ABk9SR9TIk7qYZw
belstaff Leather Panther 1966 UK38 IT48 Medium RRP£1350 Trailmaster Black,Leather,£699.00,+£14.75 delivery,3 Mar 2026,3,Pre-owned ·,https://www.ebay.co.uk/itm/177865123305?_skw=leathr+jackets&itmmeta=01KK1T4WDARW9HDX7EH1X1JMAY&hash=item29699665e9:g:V9wAAeSwxCxpaPAl&itmprp=enc%3AAQALAAAA8GfYFPkwiKCW4ZNSs2u11xAa0XvR3k2akWWJ1K5crLQgCZqcdlpAwhBy7luMZRtC5FaE9UaL1WUgR5TwXFnMtgpT0wS5UBg7dC%2FEBRIuMpIWcqEHtj%2B34VbebilthkRqK84Q9CyQ%2FxY9C6B6nMv1uzOLVWb%2BKtGqFXIFplL1w6xgz9FWxUpzDHuytJ9MvOpRveGMqfYlAr%2FAqd4LDdVCNtszn7YVrtZJj8St60anM8w%2B%2BUOuWL5Uu2oSdVqnSDOCypumB%2BCy5%2FwCoZinkxUgarZEb1O89oIeKN47milVA1dCVJztVkKVc9FMXl%2FKSidlQQ%3D%3D%7Ctkp%3ABk9SR9TIk7qYZw
Michael Mortell Womens Waxed Cotton Overcoat UK 14 Medium Brown DU17,,£55.95,+£1.95 delivery,6 Mar 2026,0,Pre-owned ·,https://www.ebay.co.uk/itm/188097462449?_skw=leathr+jackets&itmmeta=01KK1T4WDAM2KKHJEJFWYBET3P&hash=item2bcb7b80b1:g:4iQAAeSweBZpoDBc&itmprp=enc%3AAQALAAAA8GfYFPkwiKCW4ZNSs2u11xAZsGxxWqhEvXVkCCKHS08DPVftR3%2FxEvZ8L2PjZm9vXr3B6DMlICKR%2ByW80jWMHP%2FJV7pINxx7fRFeqBTTuA49gGw%2FDzTzXtimsjH4h6WeXwB5QktUhmwoL%2F8DCNoHk6rdUIpwCkOEpqJxV%2F5ODPtgnRFxfsMG3fVqNqyHRczanio5zax6MT6jdc%2FuW75LLYOGLpXjIAe3zE2oa1GKPwBaNLqd7ArBw85cyBKJFuNenAFSh0YfQnmc71vN12Apq9jwcec3fGKBoMW45O3K%2B2%2Bqiiyq2W1JThw0Ii1lcNzg6w%3D%3D%7Ctkp%3ABk9SR9TIk7qYZw
Belstaff Crystal Palace Leather Jacket Green LARGE Pure Motorcyle D30,Leather,£499.00,+£20.75 delivery,24 Feb 2026,10,Pre-owned,https://www.ebay.co.uk/itm/177767620940?_skw=leathr+jackets&itmmeta=01KK1T4WDA2SE3WJVS8A5FG2NT&hash=item2963c6a14c:g:qAYAAeSwmwtpY85D&itmprp=enc%3AAQALAAAA0GfYFPkwiKCW4ZNSs2u11xBn7oDMK8q1C6jL0rUEmtcaTNFD3MUikmKy%2BPRdE7cZNxkmD6VPW07UglZrt34bJv5AI62yKdPmwWT6BA05pMmqnFtkl0etrgxT57iX%2FQro%2F4l3%2BHMyRYy%2BxkXLRRXIirkvZHTB4g6E2NZ57iGtUhmeIsSEtTpQijyvVdnbMqXOFj26vOEocFVod9nS6dMHb3zyRzAWMyos%2FVuW6EWdAtjGanBoK6RrfSA0EiKlAvlusTC9fqrHu6HVSF%2F1avB%2BLNw%3D%7Ctkp%3ABk9SR9TIk7qYZw
norton leather jacket,Leather,£130.69,+£5.88 delivery,6 Mar 2026,0,Pre-owned ·,https://www.ebay.co.uk/itm/374976553768?_skw=leathr+jackets&itmmeta=01KK1T4WDAQSQFYKVHVXVKWNGV&hash=item574e582328:g:lScAAOSwKSxlIyP7&itmprp=enc%3AAQALAAAA0GfYFPkwiKCW4ZNSs2u11xCyq0CPvyW77V2tGmSJNgYFrZ6%2FM46L%2BGhQbXaGRa9TPgi%2B1omIRHCvPV18vedLSG23jn5CMdhLbsxNCa4Gjlmj8JPpE5iALuZyP1ERHMM8V8r9rR5tEKHKnPMHgRSCb6KUJhbCO12aA23JWTa9cN%2B7YsBmO4yikqHFptnD3War3jtuj3oAkIHdTYFQZwIsVC8FlEwuDs9IIY50f61uViMtApP0xal5y2pnf1rvCr8fss87DAvUzoY3urt6AWrN%2FVA%3D%7Ctkp%3ABk9SR9TIk7qYZw
Vintage Scott Leathers Motorcycle Jacket – Size S – Red & Black Keprotec UK Made,Leather,£14.99,+£2.99 delivery,6 Mar 2026,0,Pre-owned,https://www.ebay.co.uk/itm/236419084084?_skw=leathr+jackets&itmmeta=01KK1T4WDA5QK5Q8GTPVFX1BGS&hash=item370bacef34:g:GosAAeSwqIpo~9rx&itmprp=enc%3AAQALAAAA0GfYFPkwiKCW4ZNSs2u11xBzRcxUeIfoD7cJkkKCbQtort5x9CHN4fG4RmpaJLEE6OMU6ny2HX8QKNi453eF1qgyB0yBHe7AWf06Ht8GYHtQTJN5RqwN8ZEKl9VU3lzcB%2FKn0nlWxf%2FmI0pojz6F1iDThXyQz%2Bilp4ko7g--MsQ2L8nKZlw2IcKYZihUG06MvwxbhoSqolg8Nbu5597cFWSWk6uMyLvjDpxKEnc08WrEwHf%2F7tcsl9yygieXuHTZi1dSRi2KgYsnQp2Xuokte1I%3D%7Ctkp%3ABk9SR9TIk7qYZw
Texpeed Mens Leather Motorcycle Jacket Touring 4XL Biker CE Armour (EN 1621-1),Leather,£35.99,+£3.71 delivery,6 Mar 2026,0,Pre-owned,https://www.ebay.co.uk/itm/137090275212?_skw=leathr+jackets&itmmeta=01KK1T4WDA69ENK7CXQBV2G6Z2&hash=item1feb37978c:g:BAoAAeSwSltpptEg&itmprp=enc%3AAQALAAAA8GfYFPkwiKCW4ZNSs2u11xBwiTyhzW%2FaRPvh2z2czrgk28QDVPxAiTzpsNelO0lV3XW9NDPExocZgh8MyndY0A%2BCiZXHoqhZKvlGXn3wSDwozXSip0p2SpOl4nCyGrSMn82agqENx3wplQABPgOuGrzd5uvIToRseOo7biWaORRCAEJj2W68CNP3jtKTp1Sm%2Bj%2F5rEP%2B18v6BYd61On6V8g94OfIl6OPWrWWlp6XsbnwoFx0h5zZAxX7Mce1pxGqyabLfb046ikF%2B1QIlTjLM2VT43XAQZkSN7AvXIZWyw6OmxCcvX3rA8kv%2BCcUHYcniA%3D%3D%7Ctkp%3ABk9SR9TIk7qYZw
Mens Calvin Klein Leather Jacket UK Size Medium Soft Black Leather Premium Brand,Leather,£39.99,+£3.60 delivery,6 Mar 2026,0,Pre-owned ·,https://www.ebay.co.uk/itm/137093555697?_skw=leathr+jackets&itmmeta=01KK1T4WDA4AKVH3RSE4KFDXN9&hash=item1feb69a5f1:g:RrgAAeSwDq5pqAPH&itmprp=enc%3AAQALAAAA8GfYFPkwiKCW4ZNSs2u11xC%2BvBVu1QoymA%2BQmzPwge3UVd1pHhlhuYuuJFlr5VY%2BnNJ03aQNUm45tjY0sjG4mNxtUYqxyN5CNUd5D7EGK6nBIpOd2STEYp1sVZUQjZLH%2B3QpAkRATNgohhN5BTXaDs6kz78LlaP5038mI97H7GctBvE2QD0SwjOpHe237v9tmaxuzHedQrBdZELgrIhdVWsYLuIFE7eeJ9PspkXUspgwb8xoL%2Bcyw2Se5y%2B9GKj%2Bdr1ySneVCMK2HviJ2T3vFoF1b9Ps10IoSBWYD4Uvn8ICtCB%2FAMLVxV1tFDbg4kfFzA%3D%3D%7Ctkp%3ABk9SR9TIk7qYZw
oxford leather motorcycle jacket 5XL,Leather,£167.10,+£5.88 delivery,6 Mar 2026,0,New (other),https://www.ebay.co.uk/itm/136787725146?_skw=leathr+jackets&itmmeta=01KK1T4WDABHS4QCP95KFB6N5T&hash=item1fd92f0b5a:g:m8YAAeSwmTZpJveg&itmprp=enc%3AAQALAAAA0GfYFPkwiKCW4ZNSs2u11xCeXJtj9Ssx0nw9o5Qitc8usq3llFhbDNIcM4QoH99T89zYdG0zO9ZNwxa9P4LXKrjV51lGlG2dvm0TcJycDDooUWAeLnF2OTSjasooH%2Ff1XX22%2BP2A8PI0ZXBlLkobxXxWyG2xqiAKrz0kOn1uSwg4OI%2BWJhA%2FX0UmEP9QQNXy%2BZzBcHTE7LvVLOFqTNA3O3gSUJ91Jj0mNh4mcOJzm6Dsz%2BusmZxP7RA2lMot9OCsbnHN2rPclqqn6r4gV%2BvEDeI%3D%7Ctkp%3ABk9SR9TIk7qYZw
brown flight jacket fur collar,,£42.30,+£3.71 delivery,6 Mar 2026,0,Pre-owned ·,https://www.ebay.co.uk/itm/389577167548?_skw=leathr+jackets&itmmeta=01KK1T4WDA8EKQKD38S7XESFHG&hash=item5ab49bd2bc:g:AdYAAeSwFPZpgyob&itmprp=enc%3AAQALAAAA8GfYFPkwiKCW4ZNSs2u11xDMrsm30%2Bf4mzZxhD83rok0Mjvw%2BPsHFkUtENyNf0FtSQuLuwcxLvVeRi%2FE9UaTXEGZeFBUFNjJ%2Bn5UTomDQQuI8gHxGXA1gnFoAxn4MaFxafp72YAeC%2BW%2FxBxFuyUvloiQ2FR52yPG3IcyCBa8%2B5ZaTdN0u%2Bn0SOPO8VzfXu0Ych99LwOBUG%2Fb54sf1s%2Fm89ZGEnfi3Xdz1nn5TSll7hfURC60iJAhBMeytPAM25vrTLAuvTvnIG4sra%2FuT5M3GDCSdq45k3aZOwIhEMaVCJBRp74j%2FCwzBcRMbilnCshFKw%3D%3D%7Ctkp%3ABk9SR9TIk7qYZw
Vintage Women’s Real Leather Black Cropped Biker Size Large,Leather,£35.00,+£5.21 delivery,6 Mar 2026,0,Pre-owned ·,https://www.ebay.co.uk/itm/287179419913?_skw=leathr+jackets&itmmeta=01KK1T4WDA1CZDW9HZ0P9847CD&hash=item42dd3a3109:g:o80AAeSw4v9pqEBb&itmprp=enc%3AAQALAAAA8GfYFPkwiKCW4ZNSs2u11xDpl1BB94hfFw6y8YFos3vXvf8O5HDMjoGkU5b%2FSOXzEh93KYkzs84owP%2FR8vBkui2A%2FL%2BORaRBBZVtBCj9Rs5HrnQ9%2Bzn7v6VhkUWjnjRfXA8YMI6JfjBMmmO6IgDHScWH0zn2P1HE9o9bOM%2B27bMwJgNy%2FKxvMNa4o10Nojtq102r77QrzOFUeAblaJXpzgtwnmMSzjhGyDy6jN%2BGo0DAEbPWrboVyWZcyb477y8r8%2B7iUZTOnHI0q6QonyAJCW2DbkEr5kkGBGqj1etB%2FPJHWk8nsEHz1o2a%2Fukwfo2Z6A%3D%3D%7Ctkp%3ABk9SR9TIk7qYZw
NEW LISTING,,£26.70,+£3.38 delivery,6 Mar 2026,0,Pre-owned ·,https://www.ebay.co.uk/itm/358290678764?_skw=leathr+jackets&itmmeta=01KK1T4WDANKQKD3H6XHM1WD62&hash=item536bc9e3ec:g:eqIAAeSwenpppFuH&itmprp=enc%3AAQALAAAA0GfYFPkwiKCW4ZNSs2u11xBBhtRdW01k2JaSyM3FkWZGw9tePyMt1ERzPzCmqd9ZgMJDVSkZpEiGkzCtcd4F1AQ3aKZbNAd4VgSYNyvZQWlcdP9zIhybmOKo9AZzEVMOoZDXoAltMU6a3Utgk%2FR29RP39h464qwjWPvfhOeFKxpyM1T16QlrPNm4wcbw%2B5npo5OWwcJCqO9%2FXcBvAEbm1ojri0OJJN3OeZR99OAPm55RXTiS38LCA6%2FllDRAHzLk5FU3zrDZR7pXiHb1%2FVp7Vo4%3D%7Ctkp%3ABk9SR9TIk7qYZw
Oakwood Leather Jacket,Leather,£16.15,+£3.38 delivery,6 Mar 2026,0,New (other) ·,https://www.ebay.co.uk/itm/157291401902?_skw=leathr+jackets&itmmeta=01KK1T4WDAW74YP9R6WFDPH1YT&hash=item249f4c52ae:g:604AAeSwEh1otyMy&itmprp=enc%3AAQALAAAA0GfYFPkwiKCW4ZNSs2u11xCrKNe5Eyh7593dnkjUnoHrBt%2BOL7%2BQm0amlz%2Bc5irGR7Bq3rPFp3iVXX1hs0A4aC%2FJ1M4yBQV1RthO5paV6wPAh%2B6xxe4WwQcrsFtUFjWe%2FKNSRB9sZQBDtIbKHbS%2FIH%2FiRZoIPkPLJmHpXgO6SSwwjipUowaBvjKIYUwRa4WaVQ1hAqWK0calLUCLGhz03ByPayD9i3gaqfhXqGGMmJGz6m%2FZmoM%2FAkiehRtUuFDhclfIyKmiBdGdBORArxL8D0Q%3D%7Ctkp%3ABk9SR9TIk7qYZw
"All Saints Cobb black leather puffer jacket, mens XXL",Leather,£90.00,+£3.38 delivery,6 Mar 2026,0,New (other) ·,https://www.ebay.co.uk/itm/157717931774?_skw=leathr+jackets&itmmeta=01KK1T4WDAN0Z2NPMYT7NH37YS&hash=item24b8b8a6fe:g:mncAAeSwVrFpkeOL&itmprp=enc%3AAQALAAAA0GfYFPkwiKCW4ZNSs2u11xDae2ywadJMrO3nLQOlLbMLhJHjr3DkddOvu2nGTdUkSGEws%2FLGbqGsL0ZvwRQVavtJrSPsmAOqF%2BsA%2BpWDiRYcgf%2FALYjavcUPRNPRAnIIeN1ADty5g1URicCdMY%2B%2B7bub8eDSIf3EeuYKGWgF0qprewztfMcYbCD7Te1YT0AP3gZZjmhD%2BeshQv0CDZjE3rXpBfVDaJ79mPBRitItHUIpfQhKNxJGhPmoJrtUpDUsEtqII28EQ5fnsFDNgBEmduk%3D%7Ctkp%3ABk9SR9TIk7qYZw
Ace Leathers Biker Jacket Size 2xl VCC,Leather,£33.50,+£4.06 delivery,6 Mar 2026,0,Pre-owned,https://www.ebay.co.uk/itm/277746656925?_skw=leathr+jackets&itmmeta=01KK1T4WDAA7JJ5MEBVDEDR437&hash=item40aafda69d:g:m6sAAeSwx~Bpmwuv&itmprp=enc%3AAQALAAAA0GfYFPkwiKCW4ZNSs2u11xBrK9F97Kl6gO6170LrHsiFuD3HDg672fTD%2FRTTDTsNiHIsxh5b38ABqEMYB5gNkMmuagvdD4IeEkrh%2B%2FbtKfKSsHhyqgDbrmSnAh%2F1NwQ2FSnUFlFyd9ypTyxD34YwKilZ0SJBedIxdyJo6gRhgFhMZMajQXLd8%2B2zffAst%2FpxHmuUfhoc5YUC5mxIwgmeEKjV48NnblnEBCq8ZfTJymdYR8cRqqsjdnEp3O7MtDNBt2y634aht62VnPs4MkEtkBM%3D%7Ctkp%3ABk9SR9TIk7qYZw
Mulberry Leather Quilted Jacket Small,Leather,£78.70,+£3.38 delivery,6 Mar 2026,0,Pre-owned ·,https://www.ebay.co.uk/itm/397621229635?_skw=leathr+jackets&itmmeta=01KK1T4WDAY77NM1BRNRYH98KC&hash=item5c94127843:g:Q0kAAeSw~pNplKQ7&itmprp=enc%3AAQALAAAA8GfYFPkwiKCW4ZNSs2u11xAiWJqYWqle0GFXkyQ6ObA6lWHwKwcWonM9FNIkDDaC5hOSLfPNoKyNqsxIOlPfsbnE%2FYKK5SMtUASPBfLHhM4PRZnr5%2FoleXUUf9l4eVxlf%2Fq81xkSpGY1mW48DQrtaDItuIg4uGI%2F8JUiJzpdmSIX3Qbp8nPCI1v1q1KVV8Mrluq6jz%2B%2B8d8C5RjQdxhia9s29107q6KwGI51hEw--7i1C%2FtP4zYXBkmQe%2BBGs9h0ZgHwQHQNpdyPYgIf1KIHQ18MkC2%2FMQLBRghrLkcPEzkqTb4aXQePZGCy4qTc12TV2Q%3D%3D%7Ctkp%3ABk9SR9TIk7qYZw
Massimo Dutti Kids 100% Sheepskin Leather Biker Jacket Age 7-8 Black VGC,Leather,£37.10,+£2.94 delivery,6 Mar 2026,0,Pre-owned ·,https://www.ebay.co.uk/itm/257384167481?_skw=leathr+jackets&itmmeta=01KK1T4WDBQ62PF3JJ05CZZ9Y2&hash=item3bed4ab839:g:EnkAAeSwI9VpoxxM&itmprp=enc%3AAQALAAAA8GfYFPkwiKCW4ZNSs2u11xDuZqsypiBJc7jR%2BXIdTAy4cGsZvpDXzAsqMNFj6iLvTG00y2F%2FMhh9JIP6BRuvgKK0dz8OnZlHp1PWNqH%2FJUDeosiOiQF6yIJzxfZK6hfTBaOZ6iIV%2FSRzhgjDjQfWUhwVKhW6SwmY%2F10G21zoCfsylVie2JDFmadnj%2BQVhtdCEaiF4MbVDSKMWhk%2FohcvrOomexmeW%2BwzKjB0ZGsndyK0RojBZX2EtMWSwjzZ%2Bm%2FU2X%2FowxOgya6YAbv4ACo5MHkYlkjJZQ6UlS0kRe9QvUuMsbJEK8A%2FWcVc%2BoVz9vM6Pg%3D%3D%7Ctkp%3ABk9SR9TIk7qYZw
Ben Sherman Men's Vintage Real Leather Suede Bomber Jacket Size XL,Leather,£42.30,+£4.06 delivery,6 Mar 2026,0,Pre-owned ·,https://www.ebay.co.uk/itm/376938702254?_skw=leathr+jackets&itmmeta=01KK1T4WDBNT5D5F741XQZHSHP&hash=item57c34c25ae:g:qM4AAeSwH1BphiaM&itmprp=enc%3AAQALAAAA0GfYFPkwiKCW4ZNSs2u11xCADieyX7DCGIxOKJHl3mpn4zI%2B9RnOHJIOq8%2FsCQ2C63rPKMJike2KUzZDycP6YflXVR4W%2B3GbDOo3ImhlU4TkQebU7X5QsDO0SkUYqaahVuvqkC%2FcaBtjtpx%2BEYd6U41L0kI%2BETnB3dRbrQdrH3hs72sTW30Wz6WBWqV%2BJPPgG3fzAgAeJKG3EZQOLTAxTNHG6dFnbRcUzq9CtVDc8fwV%2F2aLYg0OKBXGubTn8tg0k91yb7ovyR5tIWlz227ZePQ%3D%7Ctkp%3ABk9SR9TIk7qYZw
Black Genuine Soft Leather Fitted Short Zip Up Collar Biker Jacket Size Small🖤,Leather,£7.00,+£3.99 delivery,6 Mar 2026,0,Pre-owned ·,https://www.ebay.co.uk/itm/287160097619?_skw=leathr+jackets&itmmeta=01KK1T4WDB4KPJYW9P9HQGT65R&hash=item42dc135b53:g:uUIAAeSwJOFpnJ8K&itmprp=enc%3AAQALAAAA0GfYFPkwiKCW4ZNSs2u11xA7yonEgN7vyj1ZBTEfqGZq0M8yCkgJqT8JzHDhL4qe3%2BltzzclY8vW1i5VfHC6PbJiIM45W2yjq7bYbz2apApUT9pKARn97Gq8YB8gRM9lX%2BybddXzCg4Sp16YR6QWGPX94M42EXIJwT0%2B2gXK12zXqHAgRBmZ0uqVlQnG7AkgF4Ea3aB%2BhdaGAGtxfCxvzXdpvVma%2FHf9qaf5N4j3FKKJT5OVqy3pb5UJuMDgEu7W9IpzRnYSApUE5iZLZBo5UmE%3D%7Ctkp%3ABk9SR9TIk7qYZw
Shop on eBay,,$20.00,,,,Brand New,https://ebay.com/itm/123456?itmmeta=012DEW30YG0MEEKND7NH&hash=item123546:g:acwAA9KNiJowH:sc:ShippingMethodStandard!95008!US!-1&itmprp=enc%3AbgepL1tlUHjMGCVfSTGJh%2BzsVKeJ3CQk7NizDI4BZeppuFnmyS6Ijyp8lh%2FnEw%2BWqO7uTV1Q6izE1R0T54aV8j71F4xlWfVcGft4%2FiOQhtqVXA1rW6M1atPARQRmhqUxtEPJKhKtSFgI%2Bvwlzb0GwVCtkp%3ABlBMUObkmabpYw
Shop on eBay,,$20.00,,,,Brand New,https://ebay.com/itm/123456?itmmeta=012DEW30YG0MEEKND7NH&hash=item123546:g:acwAA9KNiJowH:sc:ShippingMethodStandard!95008!US!-1&itmprp=enc%3AbgepL1tlUHjMGCVfSTGJh%2BzsVKeJ3CQk7NizDI4BZeppuFnmyS6Ijyp8lh%2FnEw%2BWqO7uTV1Q6izE1R0T54aV8j71F4xlWfVcGft4%2FiOQhtqVXA1rW6M1atPARQRmhqUxtEPJKhKtSFgI%2Bvwlzb0GwVCtkp%3ABlBMUObkmabpYw
Armani Horse Leather Jacket Large Men's,Leather,£187.90,+£4.26 delivery,6 Mar 2026,0,Pre-owned ·,https://www.ebay.co.uk/itm/389657138068?_skw=leathr+jackets&itmmeta=01KK1T545J092EQD6RBPE6WB69&hash=item5ab9601394:g:a~gAAeSwD3ZpdmPz&itmprp=enc%3AAQALAAAA8GfYFPkwiKCW4ZNSs2u11xB79AoME7ODoRtDBYs8%2BZh92bsVdFq2QEOrqD%2BBZddkZ8YkEGWfkoUk2v%2FIGUgZKbv1EACsQKEFxCrjiagT4yIZwFQ4NAuBAKv95J8ROILI3aWaep86qdcNX389RQUoPcIXkZaAlo6v3NkJ7IZpVXXpL3xuzjz47ERCG0El6L9DKIBJdwLuKkwNGKFRTBU5TcRN4FU2cfFS9lQPZWa8h3Oc1dWmUpFm6OUi8t2AUSCg9EI19hYVk1oWKPEBSOYQ8LWRTd8cq5WMFUQXLPPFRy1rnU8duNfP2fnsWCEfJmOAjA%3D%3D%7Ctkp%3ABk9SR5rFlLqYZw
Madcap Lamb Leather Burgundy Jacket Size UK L Retro Alternative Spring Summer,Leather,£37.10,Free delivery,6 Mar 2026,0,Pre-owned ·,https://www.ebay.co.uk/itm/134855861768?_skw=leathr+jackets&itmmeta=01KK1T545JRWXNBX9MA473K4J1&hash=item1f66092608:g:QhEAAOSwDcllWdzA&itmprp=enc%3AAQALAAAA8GfYFPkwiKCW4ZNSs2u11xA49WhveXXfQoxldrYeeFqdOCb39vnUPlvYIhOzIRE1hy5Oiup3SS%2FYt8f18387iVtpz5RqhfNlo6exTDXQocEj5wvO9zbUnLjbkbUCcXKV2S62AJmG8F8se7hfQIj9JrMd0ODF4%2BEOKOjnQfp1SyhUb3ZUBQKl%2BCGBilzKgEhAJuRKqMoU1usHqVkfynczF4HT1obn9snt8jWF9ohE6BDo5nMAwk0BUcnLxwE0HJd1FJBiqJOIE68k9Q305g2OBG87nf2FiBcOdlzWftPxO%2Bp73Bo%2FVp7HUKg82StbMneztA%3D%3D%7Ctkp%3ABk9SR5rFlLqYZw
LEWIS LEATHERS AVIAKIT BRONX 440 Motorcycle Biker Motorbike Bike Jacket Coat XL,Leather,£995.95,+£7.95 delivery,2 Mar 2026,4,Pre-owned ·,https://www.ebay.co.uk/itm/117022688413?_skw=leathr+jackets&itmmeta=01KK1T545J8J2ZM4HWC335WD72&hash=item1b3f18849d:g:CDYAAeSw6R5phhn4&itmprp=enc%3AAQALAAAA0GfYFPkwiKCW4ZNSs2u11xDS%2BSaw6pvubDYyzcABBfbby5Io4d0V5HMFEkBYl%2Bf0R75pxRFBF%2BqnS1MTKr8XyJ3jnK0E8FZVkNvUM%2BMy4wCp19QDdawHTeasi3c48Ko5COGSYEC65Xwvy3PW15imXeDL6CKkZPpa8hrfPiGn9uXC2%2Bbae8bpzcAC07vO8vfcrmeSosKyWDJO8UmfsTT17S9UBjL0KfqbSnsYmO0v0L%2BGYYRPgCknxMN8Wo9lp0mm%2BFFjeV5%2FUKZewlVF9WXcjQY%3D%7Ctkp%3ABk9SR5rFlLqYZw
Superdry Men Jacket Large Black Leather Real Hero Benjamin Biker Moto Cafe Racer,Leather,£74.99,+£3.99 delivery,6 Mar 2026,0,Pre-owned ·,https://www.ebay.co.uk/itm/257324514090?_skw=leathr+jackets&itmmeta=01KK1T545JFG4YPN6E1JZM9RTA&hash=item3be9bc7b2a:g:C5oAAeSwOnFpc6aC&itmprp=enc%3AAQALAAAA8GfYFPkwiKCW4ZNSs2u11xAnTDPQrT%2FGpPLiFTohX1a3QugicDtIwysqsZ5J%2BA6Gsmmo5EzFcxYEDH9kMiRuCmTDM7s0ctWu0dK9T9xhvxESgwhRSc%2FWPZNLOPbAu0ZophbrXdl52aiQ2WVPunbqN0JEh0UueyA%2ByGP%2BW%2BLFz64GqeiXNyZ9VWhqN7mTsnAV2t%2FU%2Bx3FY5v6qSR9H4uR38QHiFQelagvzOzaX--vuO1tqr1o4%2F%2BPB1KqXKhE%2F9Vrl8kBOtismkObtkdUZhSqclffgWMiryCnWFbs7Q6QOCj46XD6ILXjS3ZTWjJqDjkXEg%3D%3D%7Ctkp%3ABk9SR5rFlLqYZw
Vtg 50s German Grey Goatskin Leather Bundeswehr Luftwaffe Flight Jacket L,Leather,£220.00,+£5.00 delivery,6 Mar 2026,0,Pre-owned,https://www.ebay.co.uk/itm/326944040412?_skw=leathr+jackets&itmmeta=01KK1T545J18KN9GQSHNXHG328&hash=item4c1f6225dc:g:CLkAAOSwwylmYJOe&itmprp=enc%3AAQALAAAA8GfYFPkwiKCW4ZNSs2u11xDydpRFDIYFVd7wvH0URPqGN01FvSiyIKBt8PAvh5phnKx%2BZXU%2FNm0Svg1pmcVU327AJPeqiFUIDZ7DdjVLRygFVlJ3HxFgiLpxmOe1srRorZ1vPQE%2BYDJWWmCt78ZhgVC3JkZ0nRTBQ15bOwx625TQUKjhdrPqsllSQYEpue8Gx7XoYal%2BdgBT2OVAjyG9V5vuyBDrs5DYf0rGSFz2hi8SpRNj%2B%2FLABUwpvAi53aPv%2BxL1lUVkRYKSnydTzUoPUMy%2F5PE99BJlqJGdOIojv9EEXxu%2FGGljOgEfc07r0QWydg%3D%3D%7Ctkp%3ABk9SR5rFlLqYZw
"Barbour Beaufort leather jacket, Medium, Rare, Fits Bigger, Dark Brown",Leather,£229.50,+£7.27 delivery,6 Mar 2026,0,Pre-owned ·,https://www.ebay.co.uk/itm/257389050571?_skw=leathr+jackets&itmmeta=01KK1T545J9QTD442B7K0M0Y86&hash=item3bed953acb:g:uqIAAeSwK9ZppsmW&itmprp=enc%3AAQALAAAA8GfYFPkwiKCW4ZNSs2u11xCloVY8E2cXGOCpxn%2FMIbvdxyrLWgIXGFowpvcg48v8bATtOZrMMEu%2BlHeUIg%2FV6MOUa2jBfrC44nIbjDJaHYMKQCFG39YoHHvP8tRMz9WKkHyuqoqOiQk8dAnlDuMcH%2FA549%2BndVUUBHu2%2BlaFtZIMxD3TOb9TlqwcOFgl446DdIr%2FZfxIRnSDCRTE1nVNCITZ%2BrDbim7j81C44kAOr4vrCR0FY6RNNkYdac4hhRYOE4AwXWDwzxgqzP2E5agyHsiP0vBOdjlWakZp7Ndl3r8VfzzbpKyRnfXLXJhhL7h%2BJw%3D%3D%7Ctkp%3ABk9SR5rFlLqYZw
Frank Thomas Motor Bike Leather Jacket - Size 52,Leather,£69.99,+£5.64 delivery,6 Mar 2026,0,New (other),https://www.ebay.co.uk/itm/326958372887?_skw=leathr+jackets&itmmeta=01KK1T545JSKDPHJNCQZQBQH9D&hash=item4c203cd817:g:GKMAAeSw4xtpajiy&itmprp=enc%3AAQALAAAA8GfYFPkwiKCW4ZNSs2u11xBONLfUkC%2FJX%2B85fHa%2BTAjoaKUzVQweDWk6%2B129S4sXl6Jd9LjIeQZhypSTFU0QgIT6LZBUC8GQbpoBddDDW9W5VXpSJqc29YxpHd45NzYU%2FM9UtuST9gkX1ybA17F4qW5Rw46Wvmk0LOtslph1k1oDryd7ALkmsAL%2Finz%2FRZvGi12L7lIOg9xxlAcU%2BlLmQmc0pJOGpupWMhdZLU579MIumMMiRCkSfE9i0onVj9AEz74ROYjXC%2BAkp5vhXuwitlTsSChCUZziUavHfBvKfNirLbYs%2FT7Q9mIIwkGY26BsGg%3D%3D%7Ctkp%3ABk9SR5rFlLqYZw
Edwin Leather Jacket Brown Tour Bomber Zip Vintage Style Pockets 44” Large VGC,Leather,£78.70,+£3.38 delivery,6 Mar 2026,0,Pre-owned ·,https://www.ebay.co.uk/itm/136903583827?_skw=leathr+jackets&itmmeta=01KK1T545JRKDJQQMRP4YKFT29&hash=item1fe016e853:g:jk8AAOSw2Epng60o&itmprp=enc%3AAQALAAAA0GfYFPkwiKCW4ZNSs2u11xDd%2FF4uzeou3VtGP%2FlBZP8eTSmNasXQ9XTfpGl7tHwjNTndGEwg%2B5iPxVJ%2FuxF8n7FLloEXWm2cg3qVu3nPY%2BbcxJlEjsisX3wMZmT7n1But4%2FyOktajhFPaqqUGL7BmjXwKKY1ocRDBmAhnzPT3hfYthFOis9dmXRx%2Bu9KdvwnjqjnM74LQFEk04ukuvhq%2FkGeiWIDlG4FTESJD6KIro65uWymuOOQW7yPtTzCFhJDvzglYY8WEH8bGxmANJ1qSFQ%3D%7Ctkp%3ABk9SR5rFlLqYZw
Autograph Longline Luxury Leather Jacket Waistcoat Sleeveless Gilet White UK 10,Leather,£29.82,+£3.38 delivery,6 Mar 2026,0,Pre-owned ·,https://www.ebay.co.uk/itm/177328629064?_skw=leathr+jackets&itmmeta=01KK1T545JDJ87J32HZXQEFSQ1&hash=item29499c2548:g:jYAAAeSwgNxoj4qw&itmprp=enc%3AAQALAAAA8GfYFPkwiKCW4ZNSs2u11xBFwPnTIWyaMgmbnW1C2rv3gUDcrPmKW9rl%2FybXEy7SsZwC8hjWfBTQhlsxKiaZBoC11hwH8JyqBVlCBoKJcufEnIL9ugli6BTQEy4u%2BK308Hyv%2F6BwyhMkgimWCsijQI2w1K6eygnfbbFzA07Elpo7eLIgpZwCfisagQg3vRQgqZ0QaZlsFaKL%2BqvhTNrddIntdCTM9fajDEBzVHCONAVPztRCX3hUgLnJcj%2BRZWgStZeHswJdiZJJdeX41l8%2BGa%2BWcHTwsohKGniyELo9cZYNZlGy7V3sVid0X%2BrB6gMr4Q%3D%3D%7Ctkp%3ABk9SR5zFlLqYZw
Black Real Leather Biker Jacket Size M (8-10),Leather,£22.34,+£3.38 delivery,6 Mar 2026,0,Pre-owned ·,https://www.ebay.co.uk/itm/157470821190?_skw=leathr+jackets&itmmeta=01KK1T545J9JX5W2F2R4XM08K8&hash=item24a9fe0b46:g:ggEAAeSwZ5lo26P7&itmprp=enc%3AAQALAAAA0GfYFPkwiKCW4ZNSs2u11xBIYEpN2N8YIw2mLYKexcLyIf8zUsHvyMjMZPf78sHb4mbrX9KlVzgI5Yp4G52wZz59mw%2FagZ3IFUX3DzYv8uUTWeNLbLAN0yMEokEM1qX19PVBmHrR4Q1cWf7SDAl0w2p5I%2B47N3cbCqXM%2F1vVc8%2BItuOpm62i3gKdzRXjyl2G02dnac89PuyjZ0IbLans7Q%2BiCKjFolHPeu9UmJNYIQsXF%2B3JeUW4aGjR9zePeNJaqs9rnmkIm8TIIzU59S2rW3Y%3D%7Ctkp%3ABk9SR5zFlLqYZw
Women’s Ted Baker Leather Jacket - Very Good Condition Used - Size UK 4,Leather,£24.00,+£2.94 delivery,6 Mar 2026,0,Pre-owned ·,https://www.ebay.co.uk/itm/389673801447?_skw=leathr+jackets&itmmeta=01KK1T545JXWTTKEKN4W021SJ7&hash=item5aba5e56e7:g:xIkAAeSwPllpoFRG&itmprp=enc%3AAQALAAAA8GfYFPkwiKCW4ZNSs2u11xAV5tJ%2Biic5woeYGJ8ZVvk6V9A0AC9jgr3RspoZpD%2FDEHGku0RlXCa%2F4xgFkgDP8OP5%2FZlXCy1kJh5lzvisR5xrgDGg87plCqfjbEAiZlpUvhTaC1Zkd0qjAb4omIAfT99r6Xo8uFSrv16gEjHTfVYKxYkei3n%2FsI3KeCfjsI44YnreEoGsIf5FkjsT4oE08ws7oJ%2B%2FPddOXCPcaKyMa1Mubaeq9BQuAUIjYsAhsWX4pV91cYoQXDLL80yoN85A3qhg3jKOjP%2FWbSDhBJ0AGvx4A0kIZP9lGEEdicLgzni23Q%3D%3D%7Ctkp%3ABk9SR5zFlLqYZw
Milan Women's Leather Jacket burt red size large with buttons and pockets,Leather,£10.00,Free delivery,6 Mar 2026,0,Pre-owned ·,https://www.ebay.co.uk/itm/389699185077?_skw=leathr+jackets&itmmeta=01KK1T545JQ3TKY8C919R8N2C0&hash=item5abbe1a9b5:g:9lEAAeSw0gNpqHuW&itmprp=enc%3AAQALAAAA8GfYFPkwiKCW4ZNSs2u11xCpA10Yw3rh3MrFDBc%2F9oyHUvItNr7mmv6TrjMRMzatMQA3n7LFiZV1gzboBNYminJ3nQFubVMqk%2BbVgUqcdNQHw7lWl8L0N84OPL%2BEq%2F0JpjzGvYhmt7seLSzmWUB3hkOTVd41LJ9CqvAhF9oCh7g54WUrgkfoKtOZdGrxn0kvRxgE%2FtNhQsS6ckrvOwWmPR9Bu9o%2F8pyb5NjAcbPex51qSndtD%2FOLM5%2Fl6g8%2BYldFeZnsk313hAUafl7d8vq07TmDn9wQAJ6d%2B87DnyTXonmB1R8az4PkwXeSi4q1m28EPg%3D%3D%7Ctkp%3ABk9SR5zFlLqYZw
Trapstar Varsity Jacket (Snake Slayers) BRAND NEW,,£312.70,+£4.26 delivery,6 Mar 2026,0,New (other) ·,https://www.ebay.co.uk/itm/316127654995?_skw=leathr+jackets&itmmeta=01KK1T545JP7K11JM8EWQ7Q40W&hash=item499aad3453:g:h6kAAOSwfAlnawjH&itmprp=enc%3AAQALAAAA0GfYFPkwiKCW4ZNSs2u11xAnlQedoI3L9hXq1ZZxuAtewQC1XNBybrx7UESyWO8yLwZ0jtbdpuEv6TZpwlDrdmo%2FmgRqNwlG72T1Hm74%2FrpzUd3O9FA5suEuLarZoqVyNs7sNIO7dxlBJAkLviXaIjkK3omP7tWff6CrM1rAvzLm5Jn4iWdUr%2F7iUCVdNM0oWbksd4DKANk6V3Bge4toPG%2FUjCGiJlXe71Yg70inreE1ztxdPy%2FN%2FaVfAP%2B%2BbulqX3H6Io2AlttjWC39cP6rE7Y%3D%7Ctkp%3ABk9SR5zFlLqYZw
Vintage 1970s/80s French Airforce Pilot Leather Jacket. Black. 42/44”,Leather,£85.00,+£9.00 delivery,6 Mar 2026,0,Pre-owned,https://www.ebay.co.uk/itm/257382051618?_skw=leathr+jackets&itmmeta=01KK1T545J0P1TDXB1QK0D0VB1&hash=item3bed2a6f22:g:kZ0AAeSws2hpoYn4&itmprp=enc%3AAQALAAAA8GfYFPkwiKCW4ZNSs2u11xCezqNKqLunKvCIXh14HwHU1Gp0xWTyjMttB%2F2aVp0Gxlt6vmvW5f2XtXXunLnRC8QWy%2BNDYRIxbe7%2B3sUbgS3SfgP%2FFBuV9rFaFnCAro%2BPNGTzniXSSswbi79itbYKib1V1K6%2BFrb%2F%2BI9KHpjGlOOWNbNyTTaFks1kDsN3lvdWHiMy71U4UMvMb0HFo4o8fJEBU2reG1mSeuwYgl5GzjNdPLWz6QFmfHkeb6EzCBi3dbXBUyQzJmuH%2FLbU6b2F7NEltMxEPU5r%2B--Fi0CcWAP6ZBEytVCXdYz2QBi15yU2yQ%3D%3D%7Ctkp%3ABk9SR5zFlLqYZw
Conbipel Womens Biker Leather Jacket IT 48 XL Black Leather CB10,Leather,£40.36,+£1.95 delivery,6 Mar 2026,0,Pre-owned ·,https://www.ebay.co.uk/itm/168069779664?_skw=leathr+jackets&itmmeta=01KK1T545KJGPTFAJ5P4FCCXTW&hash=item2721bd50d0:g:VQkAAeSwYBxpYNPE&itmprp=enc%3AAQALAAAA8GfYFPkwiKCW4ZNSs2u11xDBuIjwQoQ1zk2bUWIeJdt2tD5nhG8C73BWf6iEq4QsEfpieLVe0DPxOmESnqH2tOQtsNmR20X2Lqz5gaYgXsfH5vRVH3DWhNComHCjUIPiy2aZEDDaZUzaMenLK7V5TSstW%2FnY%2F3mMoCq4CEWdD3JunVzimhAxXwDZhpniae6XRVnpBr6IrvCqXu5Egsvt2yH%2FpmbiakMBkIStnZ6DUBMWFr6wkW86eYB545%2FLW2LDHKQA0T6V8YFOhLts42DTL5iI%2B7Bi%2Fys81aErupymk2t1yXTmF2S%2FX9rzpTfX0N6m2A%3D%3D%7Ctkp%3ABk9SR5zFlLqYZw
"Leather Trench Coat, Men's, Black",Leather,£13.75,+£2.99 delivery,6 Mar 2026,0,Pre-owned ·,https://www.ebay.co.uk/itm/287179891062?_skw=leathr+jackets&itmmeta=01KK1T545KAAWQBJBD4MP72Y2S&hash=item42dd416176:g:VfgAAeSw0x1pqIcn&itmprp=enc%3AAQALAAAA0GfYFPkwiKCW4ZNSs2u11xCrmXmWvwF46BWzzDrLKn95jz8kGNjbOhZGSjbyGSczKnzTrNQ0JIR9OLgPz9DLrn6sU%2BZLhwOfTBfZbGWbqi7nkkybtkdSIO9ODCKQ%2FEZyu7%2BhBP2uu1IY8nw3%2FLDwCjryGwjupkaHcYN7vPWPC9AIf%2BCvSapTnzlWIIEkoZ2pffEEQXI7qPjZ6EIdQpCTKGCbf8eFS2bJ51xJF9xlfQuHp0T6lpwFZxD4QVn8k9Jz4JO3hiJ8Arkpqr8aLWK7%2B5M%3D%7Ctkp%3ABk9SR5zFlLqYZw
Nasty GAL Collection Genuine Leather Black Short Biker Jacket fringe tassel 8-12,Leather,£51.66,+£3.38 delivery,6 Mar 2026,0,Brand new ·,https://www.ebay.co.uk/itm/306772411875?_skw=leathr+jackets&itmmeta=01KK1T545KCX4R1WQ8F1NWJ7KD&hash=item476d0f85e3:g:wdQAAeSwxzNpkd71&itmprp=enc%3AAQALAAAA8GfYFPkwiKCW4ZNSs2u11xBgtoIaUHc9pFDhbRqhjGJWlzOvTyAGnkCgOrbwpO9gvdbeSYwz0Sei6pj8F%2Fc7QRBfoGvOhsEyWWDlwR1qTA5yqjpyP%2B0Uo8LZEoeG%2FH4tcnX2K2Pi%2BAoONEEHBm9flWMjHtT8fgaK4i5p18QjB1t1pAFzU%2FYgkmWOKor4F%2FZYHx8cKRAtUKnvgnaHxdTi7bfaetPk%2BnjATctDQVTcpptnDoWgLQXSSFUd%2FZbP53P0YPQhEXHHOPiOzCmBNmVtz%2BNY4U24WEKmFcu7OMwtiZC%2BUuGih17q4%2FnoAibzj0%2Bn6A%3D%3D%7Ctkp%3ABk9SR5zFlLqYZw
IXS Womens Racer Jacket IT 44 Medium Multicoloured Colourblock Leather AF08,Leather,£40.62,+£1.95 delivery,6 Mar 2026,0,Pre-owned ·,https://www.ebay.co.uk/itm/168191095406?_skw=leathr+jackets&itmmeta=01KK1T545K3582X3HP2908WJFB&hash=item2728f8726e:g:3VgAAeSwOURpoTSg&itmprp=enc%3AAQALAAAA8GfYFPkwiKCW4ZNSs2u11xAiHvv%2BHngzKpZyzXyNggEUy4ku%2Fjqe95MkQH2RAWTXJao9ZSK7%2BQwZiROTzKdg7a75i%2FTPLtxsgUUQ9u%2FfHrTUU1wmq4UyCeRir%2Fopr%2Fb8xR7PtozfrWe%2FLPsNRT0eBn%2B0MuvMVfF7AKVAX8dkqTRhBqnTCvng09eaXd0E%2F2ltyDuKk90%2BAzpgOMfiGL1w5CxeUoEejQqPur8vZvlD1VgvUDRWocr3WBtfOtMP2pi81ObfNsVAH2DOCscgH9ZT6kOwr%2FDJf5BuBt%2BQWiYwu%2B6xUZmNgOax6TZ2utj9kQ6xMw%3D%3D%7Ctkp%3ABk9SR5zFlLqYZw
Anne Brooks Petite Beige/Cream Leather Ladies Jacket Size 6,Leather,£10.80,+£3.38 delivery,6 Mar 2026,0,Pre-owned ·,https://www.ebay.co.uk/itm/267493157623?_skw=leathr+jackets&itmmeta=01KK1T545KSHW3EBH4RQ1642YF&hash=item3e47d5aaf7:g:7lYAAeSwJjtpKbjG&itmprp=enc%3AAQALAAAA0GfYFPkwiKCW4ZNSs2u11xCLnuPF7tK%2FIE%2FjggUkseVE1lzPdpVTNCuiHt49RtpCX9%2FMQOQo397t5%2BBhTQ%2BkhCZDV4s4otdRNtTNB1DNFxjsQREygbWEbGcPOKxadmZJA9wR8Q8q0GaPE6dSWW7c85NR%2FIvTVyqWy5YzFAEsDf06zeZrqAnI%2FwPGqCilUzH%2FBjzIxyBCR8wDrFybBb203mvNooE2sWqe9tOnbAQLNNVusHMXDrnG9NoaD2oBtZRvcGtmoEhj%2FkI%2Bmy2S5T9eEYw%3D%7Ctkp%3ABk9SR5zFlLqYZw
Vintage Womens Leather Jacket UK 18 XL Multicoloured Patchwork Leather CM06,Leather,£43.60,+£1.95 delivery,6 Mar 2026,0,Pre-owned ·,https://www.ebay.co.uk/itm/188073068568?_skw=leathr+jackets&itmmeta=01KK1T545KH7DRFVP3K0HJX84E&hash=item2bca074818:g:85QAAeSwtJ1ploSw&itmprp=enc%3AAQALAAAA0GfYFPkwiKCW4ZNSs2u11xA2I5byrZXjGTn2VHo9BYflzMb6RCWn4GHdL%2BhTOWXsidyOKm3hoUS8o5pEhWOpetf57gYAZFcHytDCRvemwsescoZtGSimoIvn0BRvZcySHlbk6MYvYe1AC1rFYO776Gn%2FfUWJ%2FjF1WNYAPCKT723O%2FhQID0mqHtvdUQBw3nhyWrU%2BSNPy9jXOoHLPHhh44y1YqYAxuijPbHlMewb%2FuYWiG61zByB%2FOiOcsf99V%2FykL3T6Qv60IxXDSz0XtcPqdE0%3D%7Ctkp%3ABk9SR5zFlLqYZw
BELSTAFF GANGSTER MOTORCYCLE ANTIQUE BRONZE LEATHER JACKET NWT SZ:M IT48 UK/US38,Leather,"£1,000.00",+£10.00 delivery,6 Mar 2026,0,Brand new ·,https://www.ebay.co.uk/itm/286300681587?_skw=leathr+jackets&itmmeta=01KK1T545K6BYMB1QB1FN5FHQ8&hash=item42a8d9b573:g:cJUAAOSwM5tmCY9A&itmprp=enc%3AAQALAAAA8GfYFPkwiKCW4ZNSs2u11xB7QwpiqH3QM5iQU9ajxGgBo%2BWtb0pqrngOMLF8%2BaY9SthSgtgOXw5F23j08lyxJqUVHM7jXmYExT6fdZzTLRTs1YKED5PoBsXOZQrpLB6P%2B7GHNW9QtMhsXHxnRWAi9%2BSDA9aSEwOf%2BsxxPo3b4dNNFxPxk8y31df367WFweGrCAtUq3TZZC2MY8wu8LAfBjYjdCPaHn7COWfSZFh7bI0gp%2Fo757tA0nbyL%2FK2tUNI094syRFhWG7BG0BU9L8b6vR7RPnnOTlA2spzCaWabHNpuUbhHRSzDjVL2Zm0FEGJKw%3D%3D%7Ctkp%3ABk9SR5zFlLqYZw
VTG Antonio Rossini Jacket Womens Large Red Leather Biker Moto Lambskin Zip Soft,Leather,£49.99,+£3.01 delivery,6 Mar 2026,0,Pre-owned ·,https://www.ebay.co.uk/itm/317880791897?_skw=leathr+jackets&itmmeta=01KK1T545KES35H6HH5P1834MY&hash=item4a032bf359:g:No8AAeSwT-tpkEzf&itmprp=enc%3AAQALAAAA8GfYFPkwiKCW4ZNSs2u11xB4U%2FZfwUKDimJtOXoZx3R8q4Cl5kePj%2Be4rkKuybXTHJIf5xreMrmuB15TBxgiD82HHhhRfuwuFNH4ZtTBpntRpF1%2BD8qJ6W2Yi5xxCfPZui2Ybyn2An4Af5fCt4dTM8jHdcyy1s2KbDEXGpJrc%2FWdQ88zwNChNh5KZXYKDa2EDbd%2BkHeIA47gjLyp%2BsPUVKm273ytNrE7iotZ2k1jsufyu3ez4cCZMNOw0RKh5mlYKCAuu1z5eL8qcpHi3s8Gf3nfdomYZpYbTr6M8sMS0o4nlt0oEdDxBnSvXKkdTU%2FM%2Bw%3D%3D%7Ctkp%3ABk9SR57FlLqYZw
VINTAGE Womens Oversized Leather Biker Jacket UK 10 Small Black Leather DP20,Leather,£30.39,+£1.95 delivery,10 Feb 2026,24,Pre-owned ·,https://www.ebay.co.uk/itm/187811244876?_skw=leathr+jackets&itmmeta=01KK1T545KQB9T97PWY1WN5HBP&hash=item2bba6c2b4c:g:5LcAAeSwkD9pMnc1&itmprp=enc%3AAQALAAAA8GfYFPkwiKCW4ZNSs2u11xAwZuRK6JacXO0pq0alU6Usr23ihttglvoINXFhPzPd%2F%2BzL%2BRZA6FIlLMd%2BxKJadd%2FBKi8gk7mmXZiJms9K%2FNR1gwj6cWf%2Fnf4%2FtFsPq09%2FkCS7M11exmKt8IBWIJIqW%2FEGD43ms1Eoi4mq%2F9J0dZd4UwNznzvuypoZvX%2FrupZvWW2JnyVlwAtRmbHH%2BVdSl26fkmeUrP4YWUdhtMGSy7bN0f%2Bkg%2FgUENM9NKuuPYfr5lrGFYNUJxhZQgOqXIfM3h9b4oSbcJKhf6re4xRqorvVEU5gUcMogY3zs1bbZfZfJQ%3D%3D%7Ctkp%3ABk9SR57FlLqYZw
AllSaints Bales Leather Biker Jacket size 8 NEW,Leather,£161.90,Free delivery,6 Mar 2026,0,Brand new ·,https://www.ebay.co.uk/itm/146989998784?_skw=leathr+jackets&itmmeta=01KK1T545KJDYV39MY8QRRNPHD&hash=item22394962c0:g:EFoAAOSwAsNnasDt&itmprp=enc%3AAQALAAAA0GfYFPkwiKCW4ZNSs2u11xC3DwqVPQWCPi3Z64rNrDEim7L7MyVEl8fn588j%2B4OUB4H6lv%2BXfBf2oB5jc6aCjJXQa6U4I4wLq6a4hJt%2BjfXj75RBd9Dlm7Udj9faJflAx2XpXqwx5lGLP7knNsvWZ9X0OVhPQcj%2FKOepGIUYdiLd7%2BdB68adI8zw1S4gX--yPCJoy%2ByRgKk3%2B6aHdH3xKQX8PGHcrdmvo5mFvNP4t80TeNmWtJFdCC8kbyR38PTaM9n8cLXKIDrWgtQPuZml%2FjY%3D%7Ctkp%3ABk9SR57FlLqYZw
"Jeff Banks Men's Dark Brown Leather Jacket Size Large, Excellent Condition",Leather,£46.97,Free delivery,6 Mar 2026,0,Pre-owned ·,https://www.ebay.co.uk/itm/397612415242?_skw=leathr+jackets&itmmeta=01KK1T545KM8JJ6KS694508MM8&hash=item5c938bf90a:g:mFQAAeSwXMRpkegv&itmprp=enc%3AAQALAAAA8GfYFPkwiKCW4ZNSs2u11xDSnU7BvqLD0R%2BKxb7Vk1QAj2%2Bw2MtqBhKWeBQZ2Sr4eNRqcYSnr2Kz5k3GutYLzeRNDLrEco5GlAkAqZhtzDnrayfTN6ObDnY4Ve2e4Vd%2Bo33s6PigQmbp1dc04sjh%2FPpTz84m9uprFv9%2FMWq43DiWnH9%2FkgAhhenuTASVshQWnVopZNmlUuqlrtxSTTGX5jhNQkYoKv3u9kjrmt4HnYViKsXrKvRVEq58wenKbb2j81IuLZPUMuyiTPe3m2rP2nocNKoHbHj7581mbO61DmKYYIhTnhWKHbbrYkvkKHwRag%3D%3D%7Ctkp%3ABk9SR57FlLqYZw
Gap Vintage Black Heavy Thick Leather Single Breast Coat Jacket Size XL,Leather,£99.99,Free delivery,6 Mar 2026,0,Pre-owned ·,https://www.ebay.co.uk/itm/306794642005?_skw=leathr+jackets&itmmeta=01KK1T545K2Q35THKY5YHHP36Z&hash=item476e62ba55:g:548AAeSwB9Fn75~y&itmprp=enc%3AAQALAAAA8GfYFPkwiKCW4ZNSs2u11xCb2QjP66qDosA9QaPF0i1ZwrlFmK1sYOShtAkdqh4rs2ZaQLSy9D6m3DARAWmotGW9ar%2FoJADiPNKYV6e3Gl9qcIvKT9Susj7jXpwR3WsjkkSvRH%2BdEz4EkhKToat7%2BRpaaP1Waw8T0gUYMI3StXsSoT%2F8qL9jDw5ouXTtiduSE2%2FGoG3PW89bmFH2S5z0nCY%2Buj3rOSGU7QaTW8WDkvqfJPPL98mwJtihvizQwmOOGJ%2FDmegLiJsT5sW0ITfYgE1cQ7%2FMVvu96B7nsh3S6jQ1ReHkTEx2H7HImgFxyMdbIA%3D%3D%7Ctkp%3ABk9SR57FlLqYZw
Real Leather Men's Biker Jacket Size S Dark Brown Rub Off Zip Pockets New F1,Leather,£60.00,Free delivery,6 Mar 2026,0,Brand new ·,https://www.ebay.co.uk/itm/187737548575?_skw=leathr+jackets&itmmeta=01KK1T545KXC9N2AQG385S3XW4&hash=item2bb607a71f:g:KToAAeSwDG1pFbg4&itmprp=enc%3AAQALAAAA0GfYFPkwiKCW4ZNSs2u11xAbNGrsfsufUQYpbNhWTM2vLoWXzprBqeLfglJbGu98NUxcqRCIfSig3R8c1%2BPklW7Ccc1kSSOytnsEux%2FiOKSSTunMXE9AVv13J%2FFCexIRwlEM%2BflaQucijH2fWkpJeWUROkB118wuat3we9Le77OguWbEloHzkuFfzcqluKb5Ajfss58WFxVbnB3vAtDJOZiL8qOltQ2yCZpvVylSAchWxldTvaELav9dpM7R4CPKOXUSRqeuxg0V%2BDdi4psnXjY%3D%7Ctkp%3ABk9SR57FlLqYZw
Joe Rocket Leather Motorcycle Jacket Black Grey White Size 50 XL Padded Armoured,Leather,£63.10,+£5.21 delivery,6 Mar 2026,0,Pre-owned ·,https://www.ebay.co.uk/itm/137046284430?_skw=leathr+jackets&itmmeta=01KK1T545KQ96W59N8WBG0RVKS&hash=item1fe898588e:g:6McAAeSwv7VplNWh&itmprp=enc%3AAQALAAAA0GfYFPkwiKCW4ZNSs2u11xDhlsK8lm6GDMJ4Kcn49UGjffMFfqYdjhI6gefhOhsFOMlT9iEDXijhvqErKF6nEHUhtvUZEAusq9W6QI8FVObgkET4pVAJo2XR3b4HwcyKLvB4EKLVktrkELdcivniwnnjf5ADNbycQnRC92CCYuq15m1u3NSWgkRHTUR6IMiYyaF21Sm8hQnT%2BzMjOuLKMjkwjKOItcSUfJGRQSimDYK684seXx9ld%2BAyNPc%2BqcC9w6GlC9oa9cRzrbMgYtyS3ls%3D%7Ctkp%3ABk9SR57FlLqYZw
NEW LISTING,,£29.82,+£3.38 delivery,6 Mar 2026,0,Pre-owned ·,https://www.ebay.co.uk/itm/389704011696?_skw=leathr+jackets&itmmeta=01KK1T545KNNY1QCHKD3EX2V8K&hash=item5abc2b4fb0:g:IzYAAeSwq7RpqdiU&itmprp=enc%3AAQALAAAA0GfYFPkwiKCW4ZNSs2u11xDcYJgCRscSSPt%2B6JRtQ5%2BbqwezDG3QEI0xDceCEO3ApngHn4PJcCef5JcoAcY69Ob25NyDl5te%2BSGR1p9co46FJSDwJPyE3beiGQMsZBg7F6joz9GiwnTgjTnciBUnJWcy8Sy37TB0OQQAORIg7RPGiKSgljHi34W5hnNbNEZRNPlcruXB8yVYYai3mdahl9F2SkGXXrZw8MwTBe28YYQYqKLJpYjajPALPO4y62rQm15QdY9JM3QEBQ4yavGsgr4%3D%7Ctkp%3ABk9SR57FlLqYZw
"FRANK THOMAS BLACK, YELLOW & SILVER LEATHER BIKER JACKET+BACK PROTECTOR: SIZE 40",Leather,£19.99,Free delivery,6 Mar 2026,0,Pre-owned,https://www.ebay.co.uk/itm/406083763652?_skw=leathr+jackets&itmmeta=01KK1T545K18TEVY6JMP51C8E3&hash=item5e8c7a7dc4:g:fUQAAeSwLOFohsQx&itmprp=enc%3AAQALAAAA8GfYFPkwiKCW4ZNSs2u11xBUFJMF3aDjvxVtxKaYfIKJs%2B0ZbxAuMSlI%2BD%2F3RYHvY9X200I2tQqiceQ7PVrHRwW%2FWxSjmV3r9iKCh%2FduPpY3WIpzud7NCmv2yYLxa9sFEcHgYgyimgwNXmL5wlq7x%2BR2YYaNVhPO1qVllKpud1FiCQyzsB5y%2B6cnyt988FM8anKqPO04jWkvuRFWrVs0e%2FIZAJmeYl5C9uV0hhsV%2FFZfILTVra8z5gXwiNzUVKiCnyfFIY%2F2A6I5%2BdeVL147tVvLoICgDANFFwc0Jr6Ij9oyAmPxEXHNlTCOiE0QpCxR4g%3D%3D%7Ctkp%3ABk9SR57FlLqYZw
Men’s Camel Leather Jacket black - Label 50 - Fit 40/42,Leather,£20.43,+£3.38 delivery,6 Mar 2026,0,Pre-owned ·,https://www.ebay.co.uk/itm/327024240887?_skw=leathr+jackets&itmmeta=01KK1T545KPGP04F5AR6GMR7N3&hash=item4c2429e8f7:g:jLgAAeSwuHtppGez&itmprp=enc%3AAQALAAAA8GfYFPkwiKCW4ZNSs2u11xDCkVLamrb3UquDirpjxCqxxZjcLULE0V2zEPYysIPMMUSEcaDmXQO%2BErBnzr5bQiQ9kRotoaxzzlSwuBq7w4daa7LGxJU7hecHrHgEWEXoq3hZ6VRNl9U6F%2FT9Wl%2Bx6KYtgP37AcQB3HrrZWI5H8TLsWRQvRzeRuI4zIcuhjtyfbX%2FCTpZ7LRkEhj7KmuJ4k4HvLFIwjY5VY4olDUhUMPYkiOtaWaPRo5qcFDP%2FVb6bSss4yp1jhNIfNXTAc1nEl0gi%2BfThKVPZXuH2mR3RxwkxWULn63iEY8Bykerwl2eLA%3D%3D%7Ctkp%3ABk9SR57FlLqYZw
Black Leather Motorbike Jacket size 42 Mens Biker Riding Casual Outdoors 023739,Leather,£35.00,Free delivery,6 Mar 2026,0,Pre-owned ·,https://www.ebay.co.uk/itm/317847520232?_skw=leathr+jackets&itmmeta=01KK1T545MJESFKT9QM4X81MPH&hash=item4a013043e8:g:CPcAAeSwvh5phdtC&itmprp=enc%3AAQALAAAA0GfYFPkwiKCW4ZNSs2u11xDAB%2Bcd9%2FrMr%2BPVjQHyWWbay34viKVBsi4fKusx2Q4QEeiIBhEwudH6%2FvTtkQizfyDc%2BUD6T63R4UJJhoIlv7oq0zGAPrtE%2B2VsTXXlGfKKXYs33RtAlDNEE31V5eyOiA9axzJVdwPakOfgO1Dw8XZXLvUAAM865lHxyew%2FhKMZJbOni7L00htUBCOwCJExY%2FQqXiRyEI4ZdbckFpl29sa6kcaIsUG7%2FxgKTiM3dFAlcBJh1O4omCtU1QwEvCWrRns%3D%7Ctkp%3ABk9SR57FlLqYZw
New Look Leather Jacket. Size 24,Leather,£5.45,+£3.38 delivery,6 Mar 2026,0,Pre-owned ·,https://www.ebay.co.uk/itm/397664053286?_skw=leathr+jackets&itmmeta=01KK1T545MDBZ00JE8S842VA8A&hash=item5c969fe826:g:xlwAAeSwqXlppGhW&itmprp=enc%3AAQALAAAA8GfYFPkwiKCW4ZNSs2u11xCNAxl5rsi1Xgl%2B8X1d%2BYA2tZJv8dvSZ4mBBKjYkkIAF7BmV7AOdXeBGsGp9Rx4FrWLOUNlBiFH2tsY0%2FLP4drEk0CNhymNgWXc6rSVRE5%2BTmsIgbW51INDchnow6GaHa64b3268hsNDkt%2B8QVtBSMZbXzMdlrI9I97jFLOyDMSSy5BFzq1MrOG26%2FiL3pgtDdtual9YIMLmJzEXAOdCTRJeoEPZ1j3c%2FH8aOrzPNBm2VjHjfIF0HHS1qWyk2%2BiR9HXxiftXw5o3teFwoh6J19N0xXMktL1HKdrTUTAKi9pXQ%3D%3D%7Ctkp%3ABk9SR57FlLqYZw
Hidepark Men's Leather Jacket Large New With Tags,Leather,£21.49,+£2.94 delivery,6 Mar 2026,0,Brand new ·,https://www.ebay.co.uk/itm/267590060406?_skw=leathr+jackets&itmmeta=01KK1T545M7QDE2ZR1BY8BYYEY&hash=item3e4d9c4976:g:PW4AAeSw~J9pnMjD&itmprp=enc%3AAQALAAAA8GfYFPkwiKCW4ZNSs2u11xCGm3goLpTG7eBYhIz0PE8JK3Cxxm9z3U9Qetq5G5UBA7RFyysyQ42Gq1OrG%2B1rUdbV2vLEeeAxdrTbMLxNErRUFevsUXJ9IaK9r5%2BYPWm9LWAi62dUcUr2bnbBpK9TfbA0ZiGfx1rRuIDqbvQZUbBqLZnMEwLuG1nlSMT2psfwQ%2FUt5JYxOaITS7JfUnY2SzdJCRz019BiBic78eKaLQT6h%2FsWC0GWTjHCGu%2Fe9uJDjsHHEvXnImpLAEk%2FbHN2eW7db8A6dJhWxOlRNJJGmRP8uonO2b6gUSiHX3QljfW1kQ%3D%3D%7Ctkp%3ABk9SR6DFlLqYZw
RST S1 Motorbike Motorcycle Leather Jacket - Black/Black,Leather,£199.99,Free delivery,6 Mar 2026,0,Brand new,https://www.ebay.co.uk/itm/235916396660?_skw=leathr+jackets&itmmeta=01KK1T545MCNQJSA9XPW6MEE7V&hash=item36edb68874:g:kFEAAOSwY3BoUX6B&itmprp=enc%3AAQALAAAA8GfYFPkwiKCW4ZNSs2u11xAOTy4qG2atJcd1gjPJtAXbxFS7mhBCWS5VI6SgrBtJbHxCLnolQUfmen%2FOkb9rWFPebXtVBnS5fFphZgSJjnh0fN0zGlfuH0aS3VnANEdBP7LjrEd0hqqO0gfwXuCu6%2BlEzz1o3qbTDh%2Bjte7gBqO3KfzXQ8RssDxeuxA7zlJesxIu0w%2Fk2RHpAIH3QhhSi9jHJ0hMSiWafWfUwhGldK8jzTQ3CHJaNUyIhhQMxAAc9yOiRP2UIsNxt0EpwbygTtANFdaFI7CNSxRpx1uPtldmw6XRGt%2F9iBV3J2yJBQnETw%3D%3D%7Ctkp%3ABk9SR6DFlLqYZw
MKI Miyuki Zoku Leather Jacket Men’s Black Size Medium #REFOF,Leather,£190.00,+£3.49 delivery,6 Mar 2026,0,Brand new ·,https://www.ebay.co.uk/itm/267592788388?_skw=leathr+jackets&itmmeta=01KK1T545MNR4S5P0PKP6J0SC4&hash=item3e4dc5e9a4:g:HqkAAeSwv6JpprA6&itmprp=enc%3AAQALAAAA0GfYFPkwiKCW4ZNSs2u11xBnByWXnIXpMAyJGHT86MA%2FAmKwEhm94nVNyFzfhnCbct9R1twLPEjVKQbtqZXDQ%2BZB4dpRLJ9aaD%2Fg6%2F613LPBVbjKtFygJ86gvpEfFa26OwqkFG8Sb9RziKG2udlztS7vm9sC3mqr3v0oahZHgHRWcNdBzboABScGE4nAHnzdzOIxmQ%2FiyLic0pcUlkEx%2FNVtuwecAQy2ADLZ81kzQ4QTFXcacEDDxgO9tyrQuahdzUjkC5Kut5NPvOGUpDRJyXo%3D%7Ctkp%3ABk9SR6DFlLqYZw
womens SMALL Hugo Boss Leather Jacket BROWN,Leather,£82.86,+£3.38 delivery,6 Mar 2026,0,New (other) ·,https://www.ebay.co.uk/itm/305808365801?_skw=leathr+jackets&itmmeta=01KK1T545MZ7WCESJPN7ZG9C5W&hash=item47339958e9:g:j1wAAOSwGTJno3pB&itmprp=enc%3AAQALAAAA8GfYFPkwiKCW4ZNSs2u11xD3ZEaM7NH09ieEMBSbNOJXM87dt%2B037nwDHL%2BODSCtauQ9PtfqAcgnvrIeRDdtS8HjOJ%2FXX1K0pCKCwBnvIu5HeoiCEHjt5K1nK1iYqG2wflgQc%2B%2B61ZnsZIxr%2BSWJ8cdPp0g2BPcMpdLULlE%2BEgGIEpBeqbDJcNGqHjMAc01Vy1u03qgoFFo9Ol6ZNk2hmnmjfqQDEnIBdRy7tlFLq99GFOofg3NTWhXroGfcaOGVk8%2Bw5GG6pMr8Zj28U26GzGrlZnbU%2FLa%2BvswJtov9K3HEp9OAwWgOQ4xobe7AtYvt1A%3D%3D%7Ctkp%3ABk9SR6DFlLqYZw
Mens Lakeland A2 Tan Leather Jacket 48 To Fit 42-44inch Chest,Leather,£49.99,+£3.99 delivery,6 Mar 2026,0,Pre-owned ·,https://www.ebay.co.uk/itm/177920713943?_skw=leathr+jackets&itmmeta=01KK1T545MZS7VFX4J78GS6QV9&hash=item296ce6a4d7:g:S1kAAOSweWFoLH4x&itmprp=enc%3AAQALAAAA8GfYFPkwiKCW4ZNSs2u11xDavYPHy884DkSG1yuM8aDEV4WcbJK9qunDIeWBUbA1tGr8Byli9un1TShzg7eeuZRAsceosdKxtS9vw%2F66FjGzT794kuMeO1xEIi%2BjSVc6GOExt7cZ4wW2pk7OTPuKQzl6X8v%2BujtecMuNLGng4It%2BwJA95adticEWlpUGAcZ5BkZHLCukeR%2FKxM%2Ft0y8PzNngl5Shb24CtyTqZ0kvhEBhJJsdxQgQm8tdSb8rmSC7OS6PtmkrD6TE5qLhwJ4PNmiPjr4Hb2VtpCgo%2BX1o3619hhcIT8VUfh113FYjtPCceQ%3D%3D%7Ctkp%3ABk9SR6DFlLqYZw
All saints Leather Biker Jacket Size 8 Used,Leather,£72.46,+£3.38 delivery,6 Mar 2026,0,Pre-owned ·,https://www.ebay.co.uk/itm/227203915698?_skw=leathr+jackets&itmmeta=01KK1T545MD0F78A3ZXCARE5WN&hash=item34e6689fb2:g:0FoAAeSwN3dphHJj&itmprp=enc%3AAQALAAAA8GfYFPkwiKCW4ZNSs2u11xBK8Kro47G--8WV0MF8%2B5TY5RraYvUYyJkOOSgDICs9WCMITo9br%2F4O7UgMp0XKPgZTy4jwefNkqjgrGEJO89b530tl4utmG0OjKUW6IqkpMNtxNj4bMj271AblkiXi9bI%2F6K4kQPHrW0ibbI%2BeAqYVjANBExaLL%2BsNdnrHTLfQq44qlmbCuJSUzqqHh1jhB9co8wKjXOPrWQWsalO4lSRPLs8ERtlyiM7oftb6113Dy9o4iGm3qq%2FJPSEW2ERLQetQ24aOFD17jAeTlSvbGN3qdYGDqm6lFFjunlDFAu6%2Ftw%3D%3D%7Ctkp%3ABk9SR6DFlLqYZw
Berskha Women's White Leather Biker Jacket Size S-M Used,Leather,£29.99,Free delivery,5 Mar 2026,1,Pre-owned,https://www.ebay.co.uk/itm/267593421970?_skw=leathr+jackets&itmmeta=01KK1T545MQ20DA3M2XQ645N7J&hash=item3e4dcf9492:g:bVoAAeSwCOppjQxt&itmprp=enc%3AAQALAAAA0GfYFPkwiKCW4ZNSs2u11xDerDvkTLQJzq4onxBLYS7fGkd6MZxZCwKFY2CsrLE97797O0KlQ6elGx%2B%2FALWzxVREsFKreSiKYtjdsDi2RCa9xt5E7l5T5k4kCidi4Dqj5nlW9dXQ890z3mFUviDg%2BMDiHbtG0u%2BVCf7nDQOM7gTH4I%2B1H05IsGDrQgji5DkhksQhF9teDIsFQxsRZ%2Fdxtq7wtyksQERho5zofu3gYDnY%2FIGn7xppbs46jNrrzBoDhal%2Ffn7WCJ85lPxYjUcRMuY%3D%7Ctkp%3ABk9SR6DFlLqYZw
Womens Real Leather Jacket Biker Casual Ladies Fashion Diamond Quilted Jacket,Leather,£77.13,Free delivery,5 Mar 2026,1,Brand new ·,https://www.ebay.co.uk/itm/297502324337?_skw=leathr+jackets&itmmeta=01KK1T545MMVQMMG6SX7C4HJMJ&hash=item4544853671:g:VP4AAeSwGDloh8CI&itmprp=enc%3AAQALAAAA0GfYFPkwiKCW4ZNSs2u11xALoU0jgTi0RcTibl67qQPg1kpbhAhmRphCfwSZQeloHLBWq5UBEd57GUnyRbD4e9oBg8lpr8H8ilJ5NbCDgJF098SIIJs8lqd3NevHTnkwO9NkrO867mMRIVlJQysSt%2BpqkwKyg3ZlvLWjbx9A4Cgl%2B67WcRaA4EXojrXlGWAI6Lswc%2Feneu4Egoteu62nkfb7YicUhgRVCEoIh50mXECKFtgEcXCaQJydJhqoLh%2B3%2BxMT8VZ%2BJyTzsff878E3%2Fow%3D%7Ctkp%3ABk9SR6DFlLqYZw
"Biker style Leather Jacket, by Ted Baker, Size 10.",Leather,£12.94,+£5.15 delivery,5 Mar 2026,1,Pre-owned ·,https://www.ebay.co.uk/itm/176684877253?_skw=leathr+jackets&itmmeta=01KK1T545MX5DT0HFEZNZ2T9FY&hash=item29233d45c5:g:xFoAAOSwq-dnO1Zz&itmprp=enc%3AAQALAAAA0GfYFPkwiKCW4ZNSs2u11xCx9Mpe%2BR8kpZT5oyi%2Bju8KChXD%2Fe3BQS1B7MBu9uV8rBUchuCJCobid7K%2BDMEuBxLzz0ieMXaRjXIKb3q9eS%2Bz4EuIzO6b2xA1LoEseInpbJsJbYZ9H%2B1HcyzzOT0UH1Lc5dzzMVHSvXyITo5L0v%2BbMU08hACZeP2F1dIVTpfGowkAHgXUKGNlH8ys2FWzH38eSKwaj3jSWDbTlsFCjNP3zjP0bya29FcgICBzm%2ByeaQm0ZfW6OqnFdawZFQ4r8Ck%3D%7Ctkp%3ABk9SR6DFlLqYZw
RST S1 Mesh CE Leather Jacket Motorbike Motorcycle Black / Black Large by TriCo,Leather,£100.00,,5 Mar 2026,1,Brand new,https://www.ebay.co.uk/itm/376768006756?_skw=leathr+jackets&itmmeta=01KK1T545MNZV7FR42123ZNZ1K&hash=item57b91f8a64:g:UqIAAeSwXfdpOXLY&itmprp=enc%3AAQALAAAA8GfYFPkwiKCW4ZNSs2u11xCsayk6XdBo7batY0lllThsV1ogv9qtxL8eHQ0BbqDRC5gMIHyKqNCbNskdBqhS%2BAoHiCKpQKsV0eeaPGHLsv%2FHE9qGSFP8PWxiABOboKSOvuc2igxmhsqnvxKG85HuLnOsrFnBRG4bFkrAOBIr%2Bp6pa9T2lIGoqxspZ5RXNpnVwFMiVf356x6GXo%2B2ZCf8l3sKoXXOPfa4HRMsuZwr41YUNuTfeaFOl2yuAEEb7pP3xW3LsJLN%2FFh0K4Vcy3i8wyn7%2FYHw3c9aN%2FEDXNtDq0zO3n6uTX7Mkz4QfG6xlZ0VYA%3D%3D%7Ctkp%3ABk9SR6DFlLqYZw
NEW LISTING,,£63.10,+£5.64 delivery,5 Mar 2026,1,Brand new,https://www.ebay.co.uk/itm/188123807778?_skw=leathr+jackets&itmmeta=01KK1T545MW9FQP2A3H3RXVHXG&hash=item2bcd0d8022:g:GvUAAeSwlD9pqaRb&itmprp=enc%3AAQALAAAA0GfYFPkwiKCW4ZNSs2u11xCm65nqNwJlmHohjrBI17r%2B%2B5gHf%2Bddnjd2nKvggNJRqVghN%2FWoHQ0Yd78D5age8bTCqeIxvT5JtWW0kMR%2FDveQoyxSI3ox0ZpzePj2UrOnT4V3E7oQuWk0hqXTPnI2Qly4KVnUsUpLusfJSMSUGGv9DhRo0YglghL%2FKIHDYhdKsf2peLVymNggKoUv53PKrvYPTEWqY2Gbf7bhRxeO8wzz5pEZmZxctQic4VDdMQ3m%2FI5%2Fi6GyPDQt1mqfY3TuR5A%3D%7Ctkp%3ABk9SR6DFlLqYZw
Gorgeous Marlboro Classics Mens Red Leather Jacket Size XLARGE never worn,Leather,£207.66,+£4.26 delivery,5 Mar 2026,1,Pre-owned ·,https://www.ebay.co.uk/itm/226990111623?_skw=leathr+jackets&itmmeta=01KK1T545M22MX32YSJW5GB2FR&hash=item34d9aa3b87:g:6WkAAeSwRZxo09Yp&itmprp=enc%3AAQALAAAA0GfYFPkwiKCW4ZNSs2u11xBMM2mk30oUPV8YbsT8%2BeeS0LSFzEweXju%2F49ZT38inevQtM9K0oOBkknrFIoNVE7dkOTnqqiyHe07DzYbSuBUV6196Qz1WOGMoCjxRrF9ly1dEjUEP8dOUMpwPi1ldDOSpvOQXafkeQTyCQqy%2FTCkQCXhif%2BLdL8DI7E3cIJEWPc481Rn9JcuB0dNzpN6p2sGhnYyJ5xQHbod%2BAqFvf%2BspjwXH8uzS2q6qSdI7rNOHdfDjxPW%2FaDZSF7gh2kv%2FCvg%3D%7Ctkp%3ABk9SR6DFlLqYZw
River Island 100% Real Leather Jacket. Size 16,Leather,£37.10,+£3.38 delivery,5 Mar 2026,1,Brand new ·,https://www.ebay.co.uk/itm/267594278331?_skw=leathr+jackets&itmmeta=01KK1T545MZQE054KGP1KFWHX3&hash=item3e4ddca5bb:g:c3kAAeSwfyppqHfR&itmprp=enc%3AAQALAAAA8GfYFPkwiKCW4ZNSs2u11xDNTB8LjBJOds%2BOuurCb4PBIhvGjeMsY0yiQbe0%2BZH7Oiq%2FAQZzrl23wG4TDzyGdep5frhPCh5f30gPwFQ1%2Bo8FZMsO0DTOm8hCdz7L3uIIY5eVRKAk%2B7VYeIn4bdT0kIfx5kJtL%2FHC4ID2p7HV9QvVuxPvaZdje3GfTwrEUH%2BUuLtNTxBG6KIX1Rix5APg1yqOvMW50wpZIdFnZqUCoNNln%2BvZcYNpZvxcFg%2BWWK3YQsIgbm1zs0%2B4RFiOCPLcGePcnhdU4zJUeSeA7N%2BlZX%2BSjEVgOSc9e27GAhvzb9%2FtQw%3D%3D%7Ctkp%3ABk9SR6DFlLqYZw
NEW LISTING,,£26.70,Free delivery,5 Mar 2026,1,Pre-owned ·,https://www.ebay.co.uk/itm/287181760171?_skw=leathr+jackets&itmmeta=01KK1T545MGKSJZTNF2FAYPG52&hash=item42dd5de6ab:g:ti4AAeSwKL1pqZ6L&itmprp=enc%3AAQALAAAA0GfYFPkwiKCW4ZNSs2u11xDb5oofhnvBZdiD6mPE0ej1lU0VM8ShvFn%2BKmyW771piahLpo1dnK%2Bw5pfPa2ttd8cqvNmWP3j3yZTSA6mv3TyIgxfXnNHedxJEjtNVu%2FjGlNa9HGIlSIL%2BV3tfQ6zA089R5S0dw6vZVFOa%2BVxkAL3ezT7s%2FDAovFvmcaYUmwkiSbWnEOA%2BkbhfGVdIXOmRAthJNQd9eDDJCyQgsGsLsI68t%2FLhxfrc57vugVDkP3vYBZeJ8HvdA9iYDYmOaz3%2Fxg8%3D%7Ctkp%3ABk9SR6DFlLqYZw
NEW LISTING,,£16.14,+£3.38 delivery,5 Mar 2026,1,Pre-owned ·,https://www.ebay.co.uk/itm/358290341386?_skw=leathr+jackets&itmmeta=01KK1T545MJ9F0M6927N6YZ0AP&hash=item536bc4be0a:g:ANYAAeSw-olpqdc4&itmprp=enc%3AAQALAAAA0GfYFPkwiKCW4ZNSs2u11xCjdRtvmPLmbagWtQr07wBQiZWKOO%2B3GEdPczXN5M9tU8K8HIeXmkVtgmUivkjfsBzvQwWiOJgwpc28d2Yvanry5ueQjbbrfsENQ3r83TNoCIkbougBW0BGQ8ccsWA4w1AXOkr4Xpd02SsD6kFNdvAanJ1blE7xo%2BajRkHd4L7G7l54VPaQPzDQyIcQAJw7Gvqkpa5GumxOofaqcvkhDae7m307umUCrqzRplK7yfZgrh3pK8I%2FWtw8lOdSojUVZKI%3D%7Ctkp%3ABk9SR6DFlLqYZw
ALL SAINTS Ladies CATCH Leather Biker Jacket UK10 US6 - Black,Leather,£64.99,+£3.55 delivery,5 Mar 2026,1,Pre-owned ·,https://www.ebay.co.uk/itm/397516577030?_skw=leathr+jackets&itmmeta=01KK1T545NCD42R44QRNCG0P94&hash=item5c8dd59906:g:~YsAAeSwvi1pb6de&itmprp=enc%3AAQALAAAA0GfYFPkwiKCW4ZNSs2u11xD6Wp8p7SrAstiY3mdG1GGuxIgMmT6JfOQZTFSmQQUGpYgEy320zeexQz29lhJIX0Q5q1LhZeQHv%2FcrUjkgL58vqHl00p3yLMbEXhMTOQEsNoLg%2FfqwEcEfWXK2ufPGdiZyKG4vBt5as3Np3%2BnviqC0k0zXizCXd5vjNEDlRm%2FnFkfLjQngLLNdpzKG1OicBXDiwrhfvzZSZ3CSMA5DiW42S791cTVGE3xc%2B6OrKbJ4R82wrTUP5O6QhR1o2Ugp2A0%3D%7Ctkp%3ABk9SR6DFlLqYZw
"Next women's black leather jacket, size UK 14, Medium",Leather,£17.22,+£2.94 delivery,5 Mar 2026,1,Pre-owned ·,https://www.ebay.co.uk/itm/406737659731?_skw=leathr+jackets&itmmeta=01KK1T545N0AAP4WWMBBVT4652&hash=item5eb3742753:g:vKsAAeSwHCNpqIHm&itmprp=enc%3AAQALAAAA0GfYFPkwiKCW4ZNSs2u11xDGj%2F%2B7IiWxXYS8DAQn906Ae%2F0K4ZK1RzUVHWczFYpFSSSpIDfUu%2BbY0RmI6FsGjBXMNlgc5PZ%2BSQWs9U0usE2fOsm7gsv7kHZK0WC1TnqvD%2FSyasVAxtYBvs90coy3mBWNFaxErQoSqpTQ8%2BhecCS0802fQhpTSBCdRs1q8b%2BanraFoXL%2FS94nsbIjCI%2BY3jVURZDnQikd1knmXg8UI51l92y3hSYYf2R%2BBgjkdwtTlj41cMZN2v210lgquKCmU%2Bc%3D%7Ctkp%3ABk9SR6DFlLqYZw
NEW LISTING,,£135.90,+£5.88 delivery,5 Mar 2026,1,New (other),https://www.ebay.co.uk/itm/198157815002?_skw=leathr+jackets&itmmeta=01KK1T545NRF8YCYSM87N3MMFD&hash=item2e23204cda:g:-O8AAeSw4c1pqcO0&itmprp=enc%3AAQALAAAA8GfYFPkwiKCW4ZNSs2u11xB5yAuadNRmxiESQM7QHkMDytRbokthn4%2BpOyV%2BD93nb2wNkNhbBtcO5v10BB7%2BJwbbqbjgjL98u6YGKS%2FVIJyaqFryPIergUhz%2Bq1XmrcFyPIHDyUAUJjYhKM2Ogpj18WUpM%2BnrO%2Ffz6RlAfB65P%2FZRISIyiyFD0YoP9AdTK6khiwTRNADi1rkil%2BfC60JDatfCpU4NNWcnqa609nv9onnF1ARG3tpesx3sLsDA6%2BkEgHJNNSSpDKQtO5Dkz5pn2OG%2F0ezd%2BEYZ8eOJld9Lprvk3KHUWDDXTnbOZd03sjBEA%3D%3D%7Ctkp%3ABk9SR6LFlLqYZw
‘Members only’ Genuine Leather Jacket - Size In Photos,Leather,£8.66,+£5.21 delivery,5 Mar 2026,1,Pre-owned ·,https://www.ebay.co.uk/itm/336453778737?_skw=leathr+jackets&itmmeta=01KK1T545N21FGJ0MFDDYW1HD9&hash=item4e56353d31:g:6v8AAeSw5D1poKR0&itmprp=enc%3AAQALAAAA0GfYFPkwiKCW4ZNSs2u11xD9ayff4Vq32YlpHPZYjpumodHBFwQXD5WyRgXcCmqBuLAXXq6UNMG9cv%2FQN1Igl7rXAgABdwNZeOfiBPp%2FRd5qA5yL1J5UvDKVvQogvICZv%2BfhXNLt%2FRjuiJ6r4xPH5Zac3Je7Wv1tw2TR9MmWRmTGJedtRX6%2F25CmcIBbV8BL18AZZlO0S2dUN5XfhArBgOe%2Bko6igJfCZgaGUjq6o2G4vo7sYPTJBJDyN6%2B9vMox8S9fvQvseSSe5iRAoqA3ycc%3D%7Ctkp%3ABk9SR6LFlLqYZw
River Island Girls Cape Jacket Beige Faux Leather Collared Outerwear Top,Leather,£10.00,Free delivery,5 Mar 2026,1,Brand new ·,https://www.ebay.co.uk/itm/406115429998?_skw=leathr+jackets&itmmeta=01KK1T545NFXY758V0Y1H64WZ5&hash=item5e8e5dae6e:g:zlYAAeSwkWxolb~E&itmprp=enc%3AAQALAAAA0GfYFPkwiKCW4ZNSs2u11xDFskbatGjd5q3Tr%2B8nhK7KObGNwPGeaHoCY6bpC%2B7uU32%2FVagzZSRJJk0xjD2d5PkSrI3a4FNFy92KjwZveH4FGHF9FwebTzpC5k5n5wIASEvHl0BDQD4l%2FMHAGzWKR65IKqD4%2FG9Mdq91ioyhVw%2FG19pRSa6C1OYR3kg5dAMrk07Ewgh7jKaAetpBWt3Dzf%2FWinPI8o0Hq%2FLNJyEDfZFjFnHhbzRCF3e0IRcxTKcNiZQORE%2FpcX%2B0W4UUkm3yrYU%3D%7Ctkp%3ABk9SR6LFlLqYZw
Boohoo Black Faux Leather Biker Jacket Size 22,Leather,£11.87,+£2.94 delivery,5 Mar 2026,1,New (other) ·,https://www.ebay.co.uk/itm/397654662467?_skw=leathr+jackets&itmmeta=01KK1T545N7SYDRQ2PX0X70TWY&hash=item5c96109d43:g:aVAAAeSw4iNpbrLT&itmprp=enc%3AAQALAAAA0GfYFPkwiKCW4ZNSs2u11xB%2FQAhNSgl3OL9b1uQk7Zq3hX3DLbI3Ahot91xrW%2BnH8%2F6zZ114m0FOMsjnV69ElJ%2F4n7YBvurKDl92H1fjQTJfTQmMPNFKT07Tv1Js%2FYW92LJzvigiIfSQx%2FTQXB4PN4A11bHU6O4WYSwMifvaNuoPX7at1zFb%2Bys9EtAtDslSfI%2BVqjyNr5OY5JTz%2F1BXN40o9yiz%2FU%2FDPZR1ukBGDIgHve3wTHX4f5E9gJ7qz9QnAvG%2FGrhXBSv6ZJTDpY9kS90%3D%7Ctkp%3ABk9SR6LFlLqYZw
Richa Toulon 2 Leather Jacket Motorbike Motorcycle Hooded Mens Size 54,Leather,£68.08,+£5.21 delivery,5 Mar 2026,1,Pre-owned,https://www.ebay.co.uk/itm/168200678871?_skw=leathr+jackets&itmmeta=01KK1T545NAMVW710PM7CYWA1Q&hash=item27298aadd7:g:qZIAAeSw4hxpphIX&itmprp=enc%3AAQALAAAA8GfYFPkwiKCW4ZNSs2u11xCgOe%2BYv1uD5rkvNmRJXWtvH%2FPw973BaHB0ebIjKuKd4phyWqQgAZ3lhkE4B3wvpmG4RcBS8PPJ33gX%2BIxjq15LoQUbjObwGQrhM08ykx5MhTOWFK91iKbxSTYBm06ujiiYtTNnO1nAYNPsqM6BKkkC1BtE05ONuXXunJGyE3ujHj0YEYaZ8VFuHVMt9hl8b75wVQAsybPxThpk0y%2BsXRoXPs0MRtrs9OKB5ae%2FmrICYyK2qn7uqaMUC70ZUC%2Fnwz0IhdLG58u8EZOtO9aACWFJDqKUQgGMiJXW0gvzeZ%2FlKw%3D%3D%7Ctkp%3ABk9SR6LFlLqYZw
UK Women's Biker Jacket Slim Ladies Faux PU Leather Zip Formal Coat Plus Size,Leather,£18.99,+£2.99 delivery,5 Mar 2026,1,Brand new ·,https://www.ebay.co.uk/itm/157333359178?_skw=leathr+jackets&itmmeta=01KK1T545NFB4TGADCHQ37YAMQ&hash=item24a1cc8a4a:g:-LoAAeSwTSpozV5r&itmprp=enc%3AAQALAAAA8GfYFPkwiKCW4ZNSs2u11xAVTv8eHNFpEvJoE6g7lXf5GrSWS5YLDmljuDrJfhqNO29Kc15MX0A31CNd5iP4j3FFNKPT%2B66R0uelIF6vm4O3eCNo%2BhfWkxFatlxP8CV5hlXXH95qfCW08a9evdNE0suUndGMSa82S5T1wvYfyIlyCz3%2FDEICIVAnE7dDEMuPVAcA%2FQZlOcLvOfqACin%2By%2BAZG3V9eeIb6rvdLkGY6BShWBs7ubkT0YDR9fyGL8GMBLpwaUJ9OLT9w4X5hnT4n2IFV7rEdFdWIhxczQhqAkgcIcb58wYlQ%2FWu9jTOEideXQ%3D%3D%7Ctkp%3ABk9SR6LFlLqYZw
Zara Corduroy Jacket With Leather Effect Collar XS SMALL Medium Large Sold Out,Leather,£69.99,+£3.50 delivery,5 Mar 2026,1,BROUGHT FROM ZARA! CAN PROVE WITH RECEIPT!!,https://www.ebay.co.uk/itm/257346725083?_skw=leathr+jackets&itmmeta=01KK1T545N05BBJM7AAZ0QJBGK&hash=item3beb0f64db:g:L6gAAeSwNHVphPWm&itmprp=enc%3AAQALAAAA0GfYFPkwiKCW4ZNSs2u11xDwSwI4e43bU6ZmbiI3Se8MQSSKdXWRjyMsy1k9K6Z5jTt2DHA2zGNMlMVGcyUqjRPX%2BtoIC2zfNF%2FVjmq%2FOaNc9D6osY2KwPsPnno%2BqBriEkQpwyAK0Y274Qlkv4oomkAiPmCMOdGUIXDo5w4ErjRPDsKOlrxSHPKMO%2BvDNoQ5mdJgduiVnANPbDEsYGEOTdsjCZKn3wVPjttajjZ3P0%2B9J1qyFPnAfGnPYHtTfI1L7opkVetKkbVrXnIIf8HptDU%3D%7Ctkp%3ABk9SR6LFlLqYZw
Barneys Originals Women’s Black Real Leather Jacket Size 10,Leather,£31.90,+£2.94 delivery,5 Mar 2026,1,Pre-owned ·,https://www.ebay.co.uk/itm/257342814462?_skw=leathr+jackets&itmmeta=01KK1T545NVJ45KJ7H8JKN7N2F&hash=item3bead3b8fe:g:qscAAeSwg~hpgemi&itmprp=enc%3AAQALAAAA0GfYFPkwiKCW4ZNSs2u11xDNafNQRxGL6%2BhBNvd8916WChZq4bX5GnFAgp%2FHBrd8WFC0QzfLa8hdtS9VkjyVZAMBHw74v9Pr93Fn0dYssed8zc0FWRr944M8ff5k18WTQmb3naGHD3VMgHRNmJ6DnmgJzONiqTgncvoVIubT2VPhXa8hyQEAY8EBAn%2FXTN57jQXPhs0TDlX%2FxPYMZpe2E%2FoVE4crohQ6WYZeTQVdi7vVtQmZ%2BPsjyjdUh6OY4eY%2BTh5IffIaDzPxGaupOMSALEw%3D%7Ctkp%3ABk9SR6LFlLqYZw
Mens vintage Dolce & Gabbana brown nappa leather jacket Large,Leather,£172.30,+£4.48 delivery,5 Mar 2026,1,Pre-owned ·,https://www.ebay.co.uk/itm/147101272329?_skw=leathr+jackets&itmmeta=01KK1T545NVKF9YVDPQFYP9XE3&hash=item223feb4909:g:bj0AAeSwzahpbVhu&itmprp=enc%3AAQALAAAA8GfYFPkwiKCW4ZNSs2u11xCTbnUNI2BQ92JA3cGdgja1ITJYod9sDX70StDR%2F8b3%2FA%2F1kHUNqONvT1w8JwhuJ7yztRQ4paA3P27S%2B3BY0L012UV6NRHyx7sWoNPXTUp2FzyJlLLEZ8nITKkDJpj6RWq5Sg1615H44111EJ6RshbNDFSY5r7Xc9ML1Dcekw%2BllFcLdIow9MxT9lOm9k72uI9j6OmqDAbixDrxAVoCOuehRQEAlAC%2Bcx%2BNnmfGRrDofuTPvkNJfmlOH8jFlEE216azoS5Q1KYhiytmRKTJ22v4a9f9eRiriysm7NDcIvUlzA%3D%3D%7Ctkp%3ABk9SR6LFlLqYZw
NEW LOOK TAN FAUX LEATHER PART FABRIC WATERFALL JACKET SIZE 12,Leather,£7.58,+£2.94 delivery,5 Mar 2026,1,Pre-owned ·,https://www.ebay.co.uk/itm/127081033232?_skw=leathr+jackets&itmmeta=01KK1T545NMN751D31ARC86G7Y&hash=item1d969eae10:g:ROQAAOSwdj1oD7F-&itmprp=enc%3AAQALAAAA8GfYFPkwiKCW4ZNSs2u11xA%2F645tSBTeZ7ec9P5LUUsE8CCXv83oArcVHE8ULKzLt2%2B9VLaP1Iymmxl0jm84Ipk46zUW02BFwXCqNdvPN4%2FHtElfLRa04k8h2GpgmjH3Uw0CieZtURG7iIUOxGH%2F2hRxvhN4xiTDC85%2B13ZN8p3OFTvnRf29KifbOCQtSKT7yMDJljmv8SrsunixWnic6W5NBflHR5odlsSw%2Bduce%2Fs0Hm%2F8%2BaK0hCnRWWulnTPvwz3Fn1k8k1t44ZS2y6pJZonV2Abe7px%2FG3hPGQKBG0t1lipBL29D7TdOj4O0ritHvw%3D%3D%7Ctkp%3ABk9SR6LFlLqYZw
Shop on eBay,,$20.00,,,,Brand New,https://ebay.com/itm/123456?itmmeta=012DEW30YG0MEEKND7NH&hash=item123546:g:acwAA9KNiJowH:sc:ShippingMethodStandard!95008!US!-1&itmprp=enc%3AbgepL1tlUHjMGCVfSTGJh%2BzsVKeJ3CQk7NizDI4BZeppuFnmyS6Ijyp8lh%2FnEw%2BWqO7uTV1Q6izE1R0T54aV8j71F4xlWfVcGft4%2FiOQhtqVXA1rW6M1atPARQRmhqUxtEPJKhKtSFgI%2Bvwlzb0GwVCtkp%3ABlBMUObkmabpYw
Shop on eBay,,$20.00,,,,Brand New,https://ebay.com/itm/123456?itmmeta=012DEW30YG0MEEKND7NH&hash=item123546:g:acwAA9KNiJowH:sc:ShippingMethodStandard!95008!US!-1&itmprp=enc%3AbgepL1tlUHjMGCVfSTGJh%2BzsVKeJ3CQk7NizDI4BZeppuFnmyS6Ijyp8lh%2FnEw%2BWqO7uTV1Q6izE1R0T54aV8j71F4xlWfVcGft4%2FiOQhtqVXA1rW6M1atPARQRmhqUxtEPJKhKtSFgI%2Bvwlzb0GwVCtkp%3ABlBMUObkmabpYw
NEW LOOK TAN FAUX LEATHER PART FABRIC WATERFALL JACKET SIZE 12,Leather,£7.58,+£2.94 delivery,5 Mar 2026,1,Pre-owned ·,https://www.ebay.co.uk/itm/127081033232?_skw=leathr+jackets&itmmeta=01KK1T5AAD0BY7SDRGEDJKTM74&hash=item1d969eae10:g:ROQAAOSwdj1oD7F-&itmprp=enc%3AAQALAAAA8GfYFPkwiKCW4ZNSs2u11xA%2F645tSBTeZ7ec9P5LUUsE8CCXv83oArcVHE8ULKzLt2%2B9VLaP1Iymmxl0jm84Ipk46zUW02BFwXCqNdvPN4%2FHtElfLRa04k8h2GpgmjH3Uw0CieZtURG7iIUOxGH%2F2hQiZ%2Bm1%2FQPWfCsJmZUQ9bVhCOEFWp%2FFOS4TzYciyXD5YSzBXdd9I4np0SlLK5ZWO7AT3%2BTuWSTq5JvfWSJDd18lDsTJYIRF0d3GWmBXUVWst19j07oh2PbJ1SodE13hTPgCjg%2F%2B%2FhVWEOXy34K3Foa%2FmTLIkPFSA2mopxjD7qUd6A%3D%3D%7Ctkp%3ABk9SR4anlbqYZw
ALL SAINTS Suede Leather Jacket MEDIUM Mens Black Biker Bomber Celebrity HALCROW,Leather,£249.99,Free delivery,5 Mar 2026,1,Pre-owned ·,https://www.ebay.co.uk/itm/257387427290?_skw=leathr+jackets&itmmeta=01KK1T5AADXX2ASY1GYQB4DR3V&hash=item3bed7c75da:g:SOAAAeSwgaVpZ5aY&itmprp=enc%3AAQALAAAA8GfYFPkwiKCW4ZNSs2u11xA6U1CCodtEnKBBRcow9Rzi9drdFAWsG0n9W%2FPnnkhUxfkmwLMPWwuoI%2FhaVr3KzEay7DMxvoPPdv11FISsYpQ0knDCfNhYApMXymj7CJAvJNwu77YVJpktyjX0gfYb0HiyxehBZK%2BShdB3G%2FGnV%2FAHsjycA2%2B0Usk%2FamlPChl6Zt6dEvpdeD81cXwfqK2q6RkQmZw8XpUYxLKBNex24HyGIRJKNYnkhgg4TPe80ec2S7jTj0wYpWE1ooNVbI5L1b7jj9vqMLmXCvKCVWBwEHs5GsP7EnWhu9k2mgqf1oiGNQ%3D%3D%7Ctkp%3ABk9SR4anlbqYZw
NEW LISTING,,£363.70,+£4.26 delivery,5 Mar 2026,1,New (other) ·,https://www.ebay.co.uk/itm/327030522679?_skw=leathr+jackets&itmmeta=01KK1T5AADV56NT0J50VKCG61C&hash=item4c2489c337:g:NjEAAeSwCONpqdtY&itmprp=enc%3AAQALAAAA0GfYFPkwiKCW4ZNSs2u11xCEhY4ya44Cn80fDINPVWUm0UfJAl%2FaoqlVkn0Dn65qvabgIO5sNeMNHNcL3iYPZo7XjiiMlIe43BeI0rQk87KN9rqX%2F9mPu7L%2FnkfbUdDowfxOYdzLwdjQHlvYdKOhgiuV3XPODWdeKFbiBYUjaqGBKiXQGlE5IOJdesce960EiK0gAC2nrlQ9vb%2BujE7XJURYL4CkHRnQC1DkqcNQajOUEgQgKkyWGeLqegfktcmNIy8RwcSJeZlyr9jx4hcX7f4%3D%7Ctkp%3ABk9SR4anlbqYZw
GILET VEST JACKET MEDIUM M FAUX LEATHER FUR LAGENLOOK WATERFALL CREAM,Leather,£8.66,+£2.94 delivery,5 Mar 2026,1,Pre-owned ·,https://www.ebay.co.uk/itm/198144407535?_skw=leathr+jackets&itmmeta=01KK1T5AADGNAX8D8FB2S2EF6H&hash=item2e2253b7ef:g:IM8AAOSw445mKP4b&itmprp=enc%3AAQALAAAA8GfYFPkwiKCW4ZNSs2u11xB49t3bpUV0t8fRHt13OyYg3h0Dv7loXfb8RCuke5xNnG%2FG0VHgaJ1nN7ytbE2nRHWnZC%2Bb2zQYG2vKLLbDgTEoIu2JBb9ayQ7d8yAGv7ATJ2vJgeKfqLQzTrmDLegIj0OPU3NCoR9DAtUOEzd7Nlt%2BVzIaI0V8SR0fwSzGyJlUCWI8FwwOcnDHxl3GANc208YBIMAfrTuX%2FT5bvJoPsUi%2FIHC2bPYp3UmbbXzWvTBsKVIRVn7gcqtnm9kuALuxoezhWljviQVXHaLPmhmNrZe%2FLf4mLu5XVwQeU5hjLa0oGg%3D%3D%7Ctkp%3ABk9SR4anlbqYZw
Gerry Weber Genuine Leather Jacket UK 16 Brown Floral Embossd Blazer 100%Leather,Leather,£21.50,+£2.94 delivery,5 Mar 2026,1,Pre-owned ·,https://www.ebay.co.uk/itm/168205370419?_skw=leathr+jackets&itmmeta=01KK1T5AADP0XVD00PQGC14P9F&hash=item2729d24433:g:G~EAAeSwcrlpqFd9&itmprp=enc%3AAQALAAAA0GfYFPkwiKCW4ZNSs2u11xB6B7Ai%2FG5gTuGOJ4r%2FVk7%2FvwgKgfYH5a47qi6a4YmeUXB6WstjXo2K2O43ZoWlsNJWHoQ%2Fh6%2F8Mr7ym27cvfLtGMsiLbNkxbydga0YMs%2Bp3RjBp7xa0OiPZqhliSs4nlEBGtiFzS6KfnNHWOATY71hPUYNvnY%2Bggq4xH3XhV8IZG%2BJoz2ZO1b%2BnCrM30j9mvKNeAG3Nloy15pxN3JGrVgupaX1K9PGouAy8cF4AUahNdxA%2Fo9nzZz3ZtvXaM5pL%2Fs%3D%7Ctkp%3ABk9SR4anlbqYZw
100 % Lambskin Ladies Zip up Leather Jacket Slim Fit Style Tan,Leather,£52.70,+£2.94 delivery,5 Mar 2026,1,Pre-owned ·,https://www.ebay.co.uk/itm/397436236804?_skw=leathr+jackets&itmmeta=01KK1T5AAD08JQK2CG11JHASGF&hash=item5c890bb404:g:qdQAAeSwfpRpUDIq&itmprp=enc%3AAQALAAAA8GfYFPkwiKCW4ZNSs2u11xDKZzusOvlpSsBtgjAVmkAPnS1xAQLmDSKwFOjkhZGjqJcfGhzk0vehzdvA4PC2pfPI3O16wmtGZdZWfVqgR06wXx1O2RkI0YhWFDKkjvezk74aZtXN8YOxa%2FSpTi0%2BPYTPbqEWV6i95sSQeoaC59i9Sqwjs2Xku1vBRJ30WmcetwQwD8%2FNcUJU7IPWxS%2FfoHMluTE5KUJmbeOkrGg3v3t29XdbhCC2TTIgyYt3OJ%2BvqoW17tyX6amO4V35xIitJ%2Fxf%2Fq1yGKb7dbCD5I6yt2WvTbhaKwf3UZZpU0QgaNLCtA%3D%3D%7Ctkp%3ABk9SR4anlbqYZw
Vintage All Saints Leather Sleeveless Jacket Size 14,Leather,£75.00,+£2.94 delivery,5 Mar 2026,1,Pre-owned ·,https://www.ebay.co.uk/itm/157713273347?_skw=leathr+jackets&itmmeta=01KK1T5AAD7JQVPY4NMMBZ04QB&hash=item24b8719203:g:TP0AAeSwx-1pmJ91&itmprp=enc%3AAQALAAAA0GfYFPkwiKCW4ZNSs2u11xDE9lLYfE%2F05lBYYHfx1TCaScjZypqkuO%2FXU2whPxjYgjDGDG6tX41%2FFuk7GGj0kbyYH4cONPm1wx5fnmIjfDS%2FK7KzMUEYa3XLXFTL%2F%2BnofVnI0U0CQnbg%2FWEivu681abkglmjDzYxFGTXo160XTaw%2Fm85fNRIaDvydgvpBXXDHHom5hMigU6ZKjlwvQC3%2F99T37eOs84aeiJ48ndamP%2F9rJ1skqQf1B%2FITVPZqiKtTJ8RXFtvAOw0Rrbbf8cPSXY%3D%7Ctkp%3ABk9SR4anlbqYZw
MENS YELLOWSTONE BLACK SUEDE LEATHER COLE HAUSER RIP WHEELER STYLISH JACKET,Leather,£25.99,Free delivery,5 Mar 2026,1,Brand new ·,https://www.ebay.co.uk/itm/375953794698?_skw=leathr+jackets&itmmeta=01KK1T5AAD6SKPTG655VMYKCXY&hash=item578897a68a:g:zeAAAOSw7ztnl3iJ&itmprp=enc%3AAQALAAAA0GfYFPkwiKCW4ZNSs2u11xBQrCsiFOrX%2Fd%2BBwfWZCOYSlYzb6St%2B%2BEzzSdnIeCcYZwSDois800FokaORg%2FXkrG0fMWOoWrqHpJ3ZLoc%2BFwHpMsgpwlPE%2FNIxo312l3yriUnAa003owxF9MakLwMZ%2FT8Y4yEn65hE2u5r4sHpZKB2YU4Soue%2FpQme7GJvOG2h8vbQe2mWRDmxNveFH3NH7Xi4FGEm3Iq8T1e034ZHryP5tn4OxFXapLHF625eEQ9wmbL5GzG7PoiSuWoNJyNa9s4%3D%7Ctkp%3ABk9SR4anlbqYZw
MENS RAF B3 AVIATOR SHEEP SKIN LEATHER BOMBER WINTER FLYING PILOT JACKET COAT,Leather,£90.14,Free delivery,10 Dec 2025,86,Brand new ·,https://www.ebay.co.uk/itm/397135394102?_skw=leathr+jackets&itmmeta=01KK1T5AAD47RP9FGAQCJN0FD7&hash=item5c771d3536:g:Ly8AAeSwhjdo46LW&itmprp=enc%3AAQALAAAA0GfYFPkwiKCW4ZNSs2u11xACS0w9zHoou7GIk8Z9gHaEYfyyjtwQPj6zwfMBqs01U6%2Fv%2BRKjrcE1TgLzc9a6GAIano1GwTlyvBlbJAahQHAeiNew5PguodqfjQZgXuWX4Wi3WjZB6sJ%2BDleJ%2FlJjy1cD45ySWgvlMXxrnNvkc8k%2BkF8hKv%2BOmC%2BbJvDa75LOvoP%2ByjOtR3vrPKby9p91Hak2aL0e4f7z1re3uqaBatZAG7oi%2B%2Bnn52fNFb6y0F7tWC6NZWqYRXOhNzPiH6Mx3bI%3D%7Ctkp%3ABk9SR4anlbqYZw
Mens Brown Full Zip Real Leather Jacket Size large 40” chest,Leather,£13.96,+£3.38 delivery,5 Mar 2026,1,Pre-owned ·,https://www.ebay.co.uk/itm/117059213642?_skw=leathr+jackets&itmmeta=01KK1T5AADMJ6Y6KZWBB06K12V&hash=item1b4145d94a:g:fOoAAeSwc-JpoL~g&itmprp=enc%3AAQALAAAA8GfYFPkwiKCW4ZNSs2u11xDgLTjOB8Zl5QFx9T0RhZetQ0XSTF3nwDaLw0Xe%2FU48NvCgIcVCcfO6K6u3sl%2BnGM6ylw%2BYiZMd7qtzXTOD%2FgEZXIC3%2FbjWIJYkrZ7q5arYTK%2Bl4WW43Bj83T0ejCbyVqnJ7nVYOuLKuYYHhxfu1EPBdRDip5%2F6zfiyxpN1a6pgeEA%2FeDm4l3blVesGlm9pSsoByifMfkVR7hGSPrEOUye8JHLI4wDU8vBWVHFWqXleX0Fh7HFehUoF76s283GTaTWirJ3gQ%2Bes0luyePXfVtJHfXODmBzeKtk9Busp4OpNRQ%3D%3D%7Ctkp%3ABk9SR4anlbqYZw
AllSaints ‘Conroy’ Dark Grey Leather Biker Jacket RRP £399 Men’s Small 38 Chest,Conroy,£99.99,+£3.38 delivery,5 Mar 2026,1,Pre-owned ·,https://www.ebay.co.uk/itm/306797667798?_skw=leathr+jackets&itmmeta=01KK1T5AAD5V5NHV0RWG2091NY&hash=item476e90e5d6:g:PDgAAeSwQ1tppIJL&itmprp=enc%3AAQALAAAA8GfYFPkwiKCW4ZNSs2u11xD0%2BqgCmGGJVFoQauMTOBItTVgO94tBs7aRQjAVp%2Fq0Ph4yAv7Ba4LlPDqJ%2B4TcbcYmXwxJXjECVhPq4AzeThixPP%2F0hGVzOrdJsuuPbvMz1Ey4jHPO45OtGEWZqIAQ%2BwkgrhAfklxp32WOHz%2B74Vo7SjQzkgkvkWDbkYzNskU9JOtkwQ5UNpmmM8l6jKPrsVGYIZV2BWrC4VczDJhoQbIwnhKnUwa3XNIPVlkrKttgMX3gpza7e%2B7D%2BWPQqccdFeG953--5J2ImYLxBLtbB0KgCIltsxei8LWPvSB4RGIO6A%3D%3D%7Ctkp%3ABk9SR4anlbqYZw
Ladies Black Leather Jacket Size M (10/12),Leather,£9.73,+£3.38 delivery,5 Mar 2026,1,Pre-owned ·,https://www.ebay.co.uk/itm/389674980447?_skw=leathr+jackets&itmmeta=01KK1T5AADPTV6T18H1620PD8H&hash=item5aba70545f:g:-GoAAeSweYFpoL1o&itmprp=enc%3AAQALAAAA0GfYFPkwiKCW4ZNSs2u11xAcmZ9Uol7PtkD%2FcA7PqTZj2%2FWeLMKFO4RYHrX4%2FjcxJgMNerI%2F4xyVe2W2PH%2FOC2r9hDrJ6a337mXM3le%2FT9BehKt28KTeWuHfIr8Hx%2BMiKoI7jhZ3kDIz%2BPvh5q7VqskxqeROyGOaTbpVasMeHn9ZPM0MBUD1kyoUUcN3NSZMsyqrdLZ0fftYiHKmSnBnHF87id8t4GyTZpcsoFwmUTGf%2Ba6%2FUDLetUkD%2Br%2BwORtOxeg%2FRf9bJjPWvyPBuyNXyUU%3D%7Ctkp%3ABk9SR4anlbqYZw
Really Gorgeous Pink Faux Leather Jacket. 18-24 Months. BNWT. Primark,Leather,£4.38,+£2.96 delivery,5 Mar 2026,1,Brand new ·,https://www.ebay.co.uk/itm/358263311373?_skw=leathr+jackets&itmmeta=01KK1T5AADY55JWN9KGFBGCHXM&hash=item536a284c0d:g:p6sAAeSwkcZo0x7i&itmprp=enc%3AAQALAAAA8GfYFPkwiKCW4ZNSs2u11xCVx--2fk5mcS%2BEwTEWxa7iJMdNvBAUSAFb7s4Q8wpE4geR5a%2B1OZEX0nRDHwahNPlxT%2FYYSfKYc%2FZcj7VkhMQPMvmA3amvn5OXFLhcgCRIBn0tNpIsmLZc30TxdkLUJtr5wIB%2BaXWxvybZsEgYMFJt5iovEX1wOZOlW8JtPJR7wKvl06RgOYEIRDPoNxm3G1XoVSArswET7ISmOz0PevY%2FcVPkWz8CEdIoRZ3PgiTdvCgMYsq9vDgTagHBNDqvGaXX%2BYu%2BgSPRUS7%2FYiCiCELJ3XgrS9MUI4eJv7pGaB9lFg%3D%3D%7Ctkp%3ABk9SR4anlbqYZw
vintage brown leather motorcycle jacket,Leather,£9.73,+£6.65 delivery,5 Mar 2026,1,Pre-owned ·,https://www.ebay.co.uk/itm/157710268522?_skw=leathr+jackets&itmmeta=01KK1T5AAD54KMQ00WJ55M95Q6&hash=item24b843b86a:g:kdIAAeSwR0BpOGIy&itmprp=enc%3AAQALAAAA8GfYFPkwiKCW4ZNSs2u11xBnTzC0Lb9aaKsYIqE5C3UAJKQlf4OVWwXMB2hSmc3hwLAXUoBk4CPlcL6nzKLZZOQXOAA%2BjbE82x4%2BESEo%2BJQhi%2BvhpE%2B9PFOunBmeYnz3vZJpCWFGDXSv2lt13H8Pz43KUn3Hi8UsXgB%2F4BcrtdyfW0lMd5wIvK4t%2FNQgoBIytAFJ9tCj%2F0wOGcMk%2FqHd8nmb6lohli4D%2FwDNqP0VPjhdgCK1x%2BAIx75yKlvcZfBsxBRuPmQX%2F0E9ELOvYSyork6ybffFeUueQJ1W8YN9zw2X0%2FPNA0dgdkuEmleJOCfcZg%3D%3D%7Ctkp%3ABk9SR4anlbqYZw
"Ermenegildo Z Zegna Black Genuine Leather Racer Jacket – Size S - RRP £1,400",Leather,£172.30,+£3.42 delivery,5 Mar 2026,1,Pre-owned ·,https://www.ebay.co.uk/itm/168205495324?_skw=leathr+jackets&itmmeta=01KK1T5AADQ9EQZTYTKMEYBA08&hash=item2729d42c1c:g:oiQAAeSwk6BpqGcc&itmprp=enc%3AAQALAAAA8GfYFPkwiKCW4ZNSs2u11xBL3bLzzyjJ7ipX7tsZplar%2BvhlC8OMabcjioZ%2Fyjq9RcjTC4jnuL5YFd13PEJ0ecTyn19nj8e6FCHo93c%2Fkf1UYLAXA6AECJ4DEZmA9lz362khZyHXw0nXVdSQqekNAMWFTeXCF5Uyrkzw%2FGoxA21IC74YJ7FMaqB857dq2XPNkPRnKlIqJPV2iO0oLoPP0dp2rl6HOXweL9pazeA0EAcayzGmz4WW9ZL292SmYHB5EQ%2FTj8nQJQkwurOg%2F1GoV6%2BMWTptYxJzkWFrHj31j9rpAkx0zA1gUoBCDlm2uB4iRA%3D%3D%7Ctkp%3ABk9SR4anlbqYZw
BURBERRY SHEEPSKIN Duffle Trench Motorcycle Biker Duster Over Sports Jacket Coat,Biker,£127.00,+£7.95 delivery,5 Mar 2026,1,Bomber Rain Flight Pea Cruiser Parka Mac Car Puffer XL,https://www.ebay.co.uk/itm/117051903614?_skw=leathr+jackets&itmmeta=01KK1T5AAD37734WFP54EEGQYN&hash=item1b40d64e7e:g:LTkAAeSwCOppnFbU&itmprp=enc%3AAQALAAAA8GfYFPkwiKCW4ZNSs2u11xBLd6tkzXnGSBve6gDHb731X8o4sQPR%2FrBDq1IrgdZ6aqiE3NC0eCP4O4o2J0%2Fso7t6quth%2F5Izc5YhssUDrbApwsAWSC6sz4ypS%2FSS1THgFXNQVEWtdlGoSKKB2M9%2FBIDj1dSLwckMZDX8bfycp%2BsNLtw48HUyXuIj4%2BMM3zt4xuby8Yy2FRzmU48vIIBtL4%2F%2B0dJP73M8p%2FX8MqDjBU83O0ZUizERGoQwqR6V0JXIAGDl49nAs04m9vCcqBVWT1yyKeKYfZDqQ%2BpkSjpZYZmpgoJKbfKc8ZK%2BQz0aqyUHMw%3D%3D%7Ctkp%3ABk9SR4anlbqYZw
VINTAGE 80'S WOMEN'S BROOKS USA LEATHER MOTORCYCLE JACKET SIZE 8-10,Leather,£26.70,+£3.38 delivery,5 Mar 2026,1,Pre-owned,https://www.ebay.co.uk/itm/236607032346?_skw=leathr+jackets&itmmeta=01KK1T5AADSN5QDKJ43EEQ8DE2&hash=item3716e0cc1a:g:7gUAAeSwdUJpeyyK&itmprp=enc%3AAQALAAAA0GfYFPkwiKCW4ZNSs2u11xA8ASH6Dh59GfbABmV8GHLG7mLMsMFDfO3IPaDPIBNiBkHAzDSbCF%2BypCNwjmpn109X51yJ7LWFw9xzvxseUjbFZ67voxmEkgFIbr6S%2FjNb03AwXrY%2BdsuOdhe1rc0TEqpu7d7ar2hZkKw8vWqfV3JJg029VW24usmT2Y%2FHqJnjAFuIhzzOP5fSeCsf%2B5x9W4%2F2Jn0zpkEFxkQpbnt5RZ6pxxAe5CW4Bfl6XexpRizNjIOd5I9Q%2BX8LJQMG7RaUn3c%3D%7Ctkp%3ABk9SR4anlbqYZw
Frank Thomas Senegetti Leather Motorcycle Jacket Size M Excellent Condition,Leather,£47.50,+£5.21 delivery,5 Mar 2026,1,Pre-owned,https://www.ebay.co.uk/itm/257372162497?_skw=leathr+jackets&itmmeta=01KK1T5AADS1GCAAEFQRCF0DFZ&hash=item3bec9389c1:g:NCsAAeSwFD9pmizJ&itmprp=enc%3AAQALAAAA0GfYFPkwiKCW4ZNSs2u11xBRrnhJ9ahUu6QnTfj0QUDkbjQbwzeb2NSKnniad6QRw2RgyCYmTflbQG6mwnLfInqsoKXfZJNuYnp6%2FFMWef339VxLCuTZIgbd4LvGs%2BxS2MSp74o3EvzUH%2FslyxLwMD36zUwEyR17pMyVK48iy8jQUxzxrvnlXZjXTS1u4AYbSqrYuM4qpXuTv2gwpKYE3MIWk7zUndvORz6Y2D90Ohravibekk%2BlSIQe2unP%2FsKDCgtb39XezQ4bm%2FtE%2F5puJho%3D%7Ctkp%3ABk9SR4anlbqYZw
Women’s American Eagle Vintage Jacket Size M,,£33.98,+£3.38 delivery,5 Mar 2026,1,Pre-owned ·,https://www.ebay.co.uk/itm/376999154520?_skw=leathr+jackets&itmmeta=01KK1T5AADB6K1BQZYS1AD5P0M&hash=item57c6e69358:g:AYoAAeSw2u9po05Z&itmprp=enc%3AAQALAAAA8GfYFPkwiKCW4ZNSs2u11xAS%2BJOGS7ESU6BEEzIis%2FvnoPWN8vlzpx5UbAMf0QNGTdjf4fTghQO%2FAdHHkOZ2t%2BD6Grgi4egmRkjcfsngYJfwtQ48X24y8slfZ0g%2FPSjU5gIvsb3mQ%2BKb7oItyd3Qhz%2BV9www%2FXHPBGY4aOM6ZUMfmtJ4lg%2F8DjFfybNdwaZ7HFPGBtBt5UlIjBwHCJLtR0eTPBbkSeKq02HhsI6aSg5t3lqH%2FZzcpvV2AkRTryJHwzhA0sxV4G71kjt7Kdybnr%2F0nRRqqlPOezv7s6kQL0dwKd3MtQyu2JvosVA8WAEBDQ%3D%3D%7Ctkp%3ABk9SR4anlbqYZw
Vintage Belstaff Leather Jacket,Leather,£83.90,+£5.21 delivery,5 Mar 2026,1,Pre-owned ·,https://www.ebay.co.uk/itm/306787013846?_skw=leathr+jackets&itmmeta=01KK1T5AADZBBM4NEGGM6S92YV&hash=item476dee54d6:g:uFsAAeSwjFppj3zq&itmprp=enc%3AAQALAAAA8GfYFPkwiKCW4ZNSs2u11xBJS%2BOdJiZHJVbE7H%2B6x%2FbJ7EX1O6QH%2B8BUI1oQx0Fyse0BQmxXRv5HbB%2FyXdklIEk47Y6XD1iSco%2FYQIA26NMwf1lg3sqcJ7L1nrXeYNO1MPXfTyuVkJrdbPaBHHRj%2BFFFncdJSmW7EVcppLxuFEzYAOIe51TViRMNIJsmLyWqzMPP7tpCFYbpfhl8K7UO34rtO9UWfYKDk1qRdz90EhdQTFHZdFeySi5K6GGC0SMb4jko%2BPHetiQx8dBEYb44B1Qm8rhlGTy9jZUQw7uct5ogvBUXuomyu%2Fd6zS6RFAJY2Q%3D%3D%7Ctkp%3ABk9SR4anlbqYZw
"Zara Faux leather, Suede green jacket size S brand new",Leather,£31.90,Free delivery,5 Mar 2026,1,New (other) ·,https://www.ebay.co.uk/itm/257390878057?_skw=leathr+jackets&itmmeta=01KK1T5AAD24MS9MN7JVFM49GQ&hash=item3bedb11d69:g:amQAAeSwlNtpqE79&itmprp=enc%3AAQALAAAA0GfYFPkwiKCW4ZNSs2u11xB8O6ko1iEobxr9%2FZ03xNRKNcazylzFjH4nq%2BGEkmkATyNryQq%2FuUXDVlUFl0n6CZeyrSUvAVoPDoHixaY1GmQTJER%2BkmkatdnnJ51c%2FdifTPMb3aaWUw5mAMQNHJfzffC6ozyOIBGwlB4JVDW%2BaqXmt0nNFOAnhWZh8zeVtnETvgczqAeoaIQSEG27IimqZx4D6D8%2BKzBdYkcaqEKQ5%2BOBF0VZyzgW7jOt2fX%2FVqb7T2wMttMTXLsNxTQCrf3Q170%3D%7Ctkp%3ABk9SR4inlbqYZw
ZARA 100% WASHED EFFECT LEATHER JACKET BROWN FW25/26 Bnwt Size L 🤍,Leather,£161.89,+£5.88 delivery,5 Mar 2026,1,Brand new ·,https://www.ebay.co.uk/itm/137078028938?_skw=leathr+jackets&itmmeta=01KK1T5AADYHEP2GCDQQYYZM28&hash=item1fea7cba8a:g:65AAAeSwCRdpeSkx&itmprp=enc%3AAQALAAAA8GfYFPkwiKCW4ZNSs2u11xD72otE657DWbEaPexCUBO5UHXtPIMTQ%2FoYQ8v2gUdqPFchijCn%2FoWL97sJFTtXTSKRRK%2BsZdf5mt6z1jo4i75IoGjM4ulLiWUQtitrDyqCJDx5IArylTDvlOxZqKr4wuSBfS2Dg1DSriZ4OQpY5hwwCHzCQ9laxsS0Q2rBCyS%2BeGUNWoQlYN7xrwyA8NrKN4cUePkIidmff79ETDoy8k4bobSO5ipTxPZ3JZM98QrMB72AuapK0yq8P7SY01S9PZj7CSMMCgTpeBjTfIjgHlP%2BEzc%2BG%2BuH1MMDjy%2FW3ennPw%3D%3D%7Ctkp%3ABk9SR4inlbqYZw
Girls Biker Style Leather Like Jacket With Fur Collar Age 13,Leather,£1.70,+£2.96 delivery,5 Mar 2026,1,Pre-owned ·,https://www.ebay.co.uk/itm/147111861243?_skw=leathr+jackets&itmmeta=01KK1T5AAEQG3PQTZJBAYZFPCK&hash=item22408cdbfb:g:XhEAAeSwE3dpc~4Y&itmprp=enc%3AAQALAAAA0GfYFPkwiKCW4ZNSs2u11xAIEukBiKP%2FxRs9vZxeAp%2BYsR9knoj2v7mCpWh%2BLilg0XlcN1znzbx%2BecOeWJGyNRUn5vIJ%2FLAXYpxyNyQq2jsY%2BSp6yPzMVTbe%2BFbpO1Ezoy%2BL7uLZ%2BpcffbVkgEbsjOKYT4gdBB%2BNysY8cYMe53uxyfxAcDZHESczgaH8afzxC9tOVLgKY1s0g2VjtwZB%2FZywU6Bu5JI7FgOtw5Om6NHZEm0UgemK%2Fxqzry6w%2BKvK4n6%2BCe45lhfnrizlAqNfQeY%3D%7Ctkp%3ABk9SR4inlbqYZw
Red Sz 12 Red Leather Biker Jacket F&F Collection Lined Zip Accent Pockets,Leather,£5.45,+£2.94 delivery,5 Mar 2026,1,Pre-owned ·,https://www.ebay.co.uk/itm/267587481623?_skw=leathr+jackets&itmmeta=01KK1T5AAERKK1Y759PEW2S4WM&hash=item3e4d74f017:g:290AAeSwb25poFdb&itmprp=enc%3AAQALAAAA0GfYFPkwiKCW4ZNSs2u11xAU%2F32xcEoxsSl2eoKv2YckNfFKokU8Y2ycm46GXCX9l1SfWppj1Frywythv7khfFzY4Cda5dptQM9tH5BQSgct6Gh24M5Zi7%2BA3G6H%2BRMD6GqA7iNRLS7k4hKPtGgEYb3uNixtQVOryeMN7NjRG4bXajY2hRaPwUeXenrqET6msy0gMmgk9lLPHTVg984uxFOe7SanEShvSrXbbeC0T7guETOodDaxxZlqsaciKekHXKSqhMQS8noTHvS6d2qv37g%3D%7Ctkp%3ABk9SR4inlbqYZw
Urban Outfitters Teal 70’s Style Cropped Faux Leather Jacket Size XS PT,Leather,£27.00,Free delivery,5 Mar 2026,1,Pre-owned ·,https://www.ebay.co.uk/itm/227132751722?_skw=leathr+jackets&itmmeta=01KK1T5AAEVEHGVNKHH2ES7X76&hash=item34e22abf6a:g:sQkAAeSwP8ZpP~Fs&itmprp=enc%3AAQALAAAA0GfYFPkwiKCW4ZNSs2u11xCDvCs%2BvxKH2QBGEfeAYgLyOXPCkudXJSC3079U7po3hkilO65%2BMhsnyytrQQhnPgmm9yGkbVI%2FhvmkcOFfGIq8xdutFq6BnV6T%2FY95Jnhg%2BC%2B1ySwWaPHaf%2FR5xqOXh2dSbL1jlHmy4Es1sEdVhupf7MafHa4idAy1DwZOT3NKkdaqZWsMk5ADiZZEwumXhCqW3moUfb0Zw4Wi8%2FXdxRIfTroWdHjR9Ozsh2ImFr6idIEoY2AaPIgtXfqM%2Bm9OLJY%3D%7Ctkp%3ABk9SR4inlbqYZw
Zara AW 2025 VIRAL Black Faux Leather Jacket All Sizes Ref 4391/872/800,Leather,£110.00,+£4.50 delivery,5 Mar 2026,1,Brand new ·,https://www.ebay.co.uk/itm/187844861877?_skw=leathr+jackets&itmmeta=01KK1T5AAE8MMGAA34XFAB0JY6&hash=item2bbc6d1fb5:g:macAAeSwSIRpQIxx&itmprp=enc%3AAQALAAAA8GfYFPkwiKCW4ZNSs2u11xDPNWXOTRtdtbrKwqe1HfzlZbVAPIY7c2MgZ45Zs6khHwyGx3pYmNDjn5AeNGNPleS6K0r8eo%2FUO2wA7vYGq2NNTpijEwru8Q8RzFckSfr%2BF6481vaK9LjAnZKiDcOdm3zqACoYK2Z3brFsbGgYJG1KOVjviWmKVAqlxKSWCxAtSXRvmn73yXFmJOnr9PFn5ivGr3bAdY1WzGRb10vKCDqfaAyh0USjiObtQYYZKfb8doh6mM%2BuRaGQ3RZEluHdYMcgv0oi10JYgeJyn%2BlcfAZhXmTQUH%2FXcAR66EerbuVDJg%3D%3D%7Ctkp%3ABk9SR4inlbqYZw
Vintage JOGI LEATHER Men's Distressed Brown Jacket XXL Bomber Style Flight Coat,Leather,£54.97,+£4.25 delivery,5 Mar 2026,1,Pre-owned ·,https://www.ebay.co.uk/itm/188052884046?_skw=leathr+jackets&itmmeta=01KK1T5AAEHAPPHHQXMSZKP9ZG&hash=item2bc8d34a4e:g:ZAAAAeSwLixpjgU8&itmprp=enc%3AAQALAAAA8GfYFPkwiKCW4ZNSs2u11xApz8Kk7prWMKo0hWqTV3gvyG3UG2c%2BG5xBDNfArLt%2B1nbcsvn6Ah4ApOhfws4Ht0YyIZ%2Bg3YEyYrOYy0wU3cS7rTNUAIn60BQ07Jb1LXPsWBVKrr6MqJUkZwe7XZUAIdqLHor%2BUj5i48fZCuhWokk8afAKn9h%2BNySz8NJpf2e%2FtibMyoT9OUFoLyRT4hQevmjeyqNOxrF2kEQfjjPjRMF33prGsb6Ke07F75PdI8N9VwRoTsmG7y5u%2Fic%2Fogl7ynRJ8fZ70vHHzs02oB1jJpUpinKVp3viuSs61N1BYq7QtA%3D%3D%7Ctkp%3ABk9SR4inlbqYZw
RST Leather Biker Jacket Chest 46' LN063 MM 01,Leather,£89.99,Free delivery,5 Mar 2026,1,Pre-owned,https://www.ebay.co.uk/itm/157725389965?_skw=leathr+jackets&itmmeta=01KK1T5AAEK9PJPCWHW5CV1EQQ&hash=item24b92a748d:g:xJAAAeSw6YBpqD9D&itmprp=enc%3AAQALAAAA0GfYFPkwiKCW4ZNSs2u11xDDecG6Kal5%2F6mFoGCUDguxxxP7PIs%2F9qvmRPN6RotOFVb0EKv%2Fy1qOdiLKYck0yg76JXJzwy0Jb6R0fCDhhDJzo%2FN3q4yPOPde5Vi2ksOZoU%2Fv3FgMEuncc36Trow6Riv7RddYTZRuwTwddLD60DveYWLCDkJvo8V11K9bOxBq6RhE%2BH4vqQ1d7WslbCz%2BKyQqdV8YgUvuOA81YD%2FVUn7f21WVnKGyapkeOKi9rTIU2sf7A5g30lno2BQsocIluFc%3D%7Ctkp%3ABk9SR4inlbqYZw
Resident Evil 4 Remake Leon Kennedy Bomber Jacket Mens Gaming Cosplay Costume,,£104.87,+£14.97 delivery,5 Mar 2026,1,Brand new ·,https://www.ebay.co.uk/itm/126821451846?_skw=leathr+jackets&itmmeta=01KK1T5AAEDW1HS8TCMM2H5DAT&hash=item1d8725c846:g:4NUAAOSwZElkgJhX&itmprp=enc%3AAQALAAAA8GfYFPkwiKCW4ZNSs2u11xDipNthDSzCptC4eGpU5leevokwI%2BKa6dFHeksldnLE6T%2B2ygzIiMRTvMVEowdnYic6S5LLAY9fdr7n3HHnrutzxClbmBefO2%2BqLJ97bykmElU99lzcPIF45GhiyHKJ4NuIUUmxXpjl1QW46d46hm64ASoHxjze2KEL4Ek1tDOg2sk6eq8rxtSnL4NrDAhpIv9bnAX43T%2BVpPPY5v6spth6bp%2BwBbjwpGiy6IDuLp4SaAWSr%2FMvJSrHdxorixcl%2Bg4QhtJit86BaGY7jdcN6oigP7S4x6stgxDDv25iluP4Zw%3D%3D%7Ctkp%3ABk9SR4inlbqYZw
Sandero Mens Leather Jacket,Leather,£156.70,+£4.26 delivery,5 Mar 2026,1,New (other) ·,https://www.ebay.co.uk/itm/376938325856?_skw=leathr+jackets&itmmeta=01KK1T5AAEYHR0CY137WHZDMCD&hash=item57c3466760:g:lDQAAeSw0MNphfks&itmprp=enc%3AAQALAAAA0GfYFPkwiKCW4ZNSs2u11xCdstPwInrau7dDo9RMhntLsI3o1%2B2hZaJQyPk3XbY1wU4C4ty6dnKExSQOTN%2BrOuSJnAH3V7tfLHAU9xyyftRhAOYBQ1Cod6Dh9vhQXW4NN6xufmfmkyXfg%2B7sRr7Qlx5uqWdZNK1FGK82uBaUe63fajORkXGAgH7LZzybJ%2FOR3OqVwAnBrXTZv0dQ06%2BSnVgW0Nv19BoMlkiS0VjW983awAyEozA3jTYBaTJIMXf%2F6Eu2BKgBD2lYvxZxLMTRonc%3D%7Ctkp%3ABk9SR4inlbqYZw
Superman Man of Steel Smallville Black Leather Jacket Costume,Leather,£94.99,Free delivery,5 Mar 2026,1,Brand new ·,https://www.ebay.co.uk/itm/283951269571?_skw=leathr+jackets&itmmeta=01KK1T5AAENYT2YJRRTXAQ8MNF&hash=item421cd086c3:g:6OIAAOSwCB1d5N7E&itmprp=enc%3AAQALAAAA8GfYFPkwiKCW4ZNSs2u11xCKnliO1YrYHIvizqOuRh7L8jfNG3xXL88PDcPvna%2Bopu3mJJzCjO8UW1m%2BDsZ7oWO21QGFI8JzAg69vAgiKRCNWImU2P%2B924MJqr1HsHmZHwdxUkSzaefQ7A3pguWlaJTf1gMyMQuz3Zq3Q8%2B1FfXfGWMe%2BvWAUIPciMn%2FmxVEPq2eYK38NeeGBu79Hy%2FdZxJhH6K6Krru2mcu8yHAo5H8jn%2B1BLs5Sk2%2FllViXW3ynXKrYJKGSCvngwwcz0fSI4Vvdfwa6wFMTkUKJ3Si8SKK5INMXbXJfguMnn5cEXOE6Q%3D%3D%7Ctkp%3ABk9SR4inlbqYZw
TU modern style authentic quality 100% genuine leather black jacket size XL,Leather,£21.39,+£2.94 delivery,5 Mar 2026,1,New (other) ·,https://www.ebay.co.uk/itm/397016924278?_skw=leathr+jackets&itmmeta=01KK1T5AAENMQ9Q52JMWN29BNW&hash=item5c700d8076:g:mIoAAeSw-plotdzf&itmprp=enc%3AAQALAAAA0GfYFPkwiKCW4ZNSs2u11xA2%2FUttUKshuHVpCDjJXRHEpBb%2FZFJyioNEZGZCj60bZ%2BdoaKm7ISjAL2OVqu3jB4ubiZkr5gf3iu8l28NxID1NKJ8dRIqSROTTGN4LF4KN%2BqG3D2pGm31Ybf5nvbUX5kyglgjbrjZp62aIiFvCqqU%2FRfLHT9HizeTyG%2BrWO7j8RvC9AI1t9a4hdubjWUYzUqvY09iAO6EAW1lxvtcr9zMhMgl7Dvy8mbq28bK10MU3TjYtpl%2FBYw5hGJh6zm07PfQ%3D%7Ctkp%3ABk9SR4inlbqYZw
Vintage Womens Blazer Jacket Black Leather 90s UK 12,Leather,£18.40,Free delivery,5 Mar 2026,1,Pre-owned ·,https://www.ebay.co.uk/itm/287097272564?_skw=leathr+jackets&itmmeta=01KK1T5AAEV18Y96ZSS5P5D2D6&hash=item42d854b8f4:g:nyAAAOSwJ8FnNyXT&itmprp=enc%3AAQALAAAA0GfYFPkwiKCW4ZNSs2u11xDJDPcCQKUW0xdPRPIvveb6vWGj30vjPCqUksKd21agK0FpbZZtiRYfwEVmSm0Bf8wX95KJJCjWzWaWP%2FF65lL2ZnvC151OArKeQXKr7uTK9iyjqIBWWPioIQPFgQPHMGWQBceOrJI%2FlFnpLlwMn6G%2BNpVqqO7K9FuKgM%2BzAtJ%2BQhMEkNlUgjEwkAhl9vw2lbVbbgTtJ52vudxvS6ZRTXXJ2JX75n73eiACwfeue5bhDHA%2B8fJ%2BBcEfL--w9S4q1Lc%3D%7Ctkp%3ABk9SR4inlbqYZw
Mint Velvet Leather Biker Jacket Size 14,Leather,£78.70,+£3.38 delivery,5 Mar 2026,1,Pre-owned ·,https://www.ebay.co.uk/itm/198150957535?_skw=leathr+jackets&itmmeta=01KK1T5AAE25M2226CME8916AZ&hash=item2e22b7a9df:g:jXsAAeSw3ylpprtI&itmprp=enc%3AAQALAAAA0GfYFPkwiKCW4ZNSs2u11xAn8kQ5%2FPyBOUJB4MNq61sOS2cejOXuFS9e2dsiZr2O5he68giXrPvVr388p2I9fxBO%2Bs%2BGf0zoRDWk36I0GgZDWSbTmUWLB61%2BVLoydCiS4GfryyigHN0ImcPZPLPyPAcJj8CLUVuLlFjcrSn%2Bkxb6hEB%2B%2BFS85j9zhwjL8vpoXFkdriCkZcZPvxLjwHIxVf0ycWm%2BzLD%2FxIoqM9q55vheeTwAaOKxLuBSEBJTM01atinsplKY65UMPYesrmUd1XQ%3D%7Ctkp%3ABk9SR4inlbqYZw
Belstaff Weybridge leather jacket black Large Uk40/IT50,Leather,£312.70,+£4.26 delivery,5 Mar 2026,1,Pre-owned ·,https://www.ebay.co.uk/itm/357989278398?_skw=leathr+jackets&itmmeta=01KK1T5AAEAPDRX1TCGXJE83BA&hash=item5359d2e2be:g:M6YAAeSwSVVpNA9f&itmprp=enc%3AAQALAAAA0GfYFPkwiKCW4ZNSs2u11xDJlF4Oichha2RC3UhioAY2CG04qJ7O20HvDzWpqo8kGvOyxa0lhJMYOsxbPw%2B56lL6Pj81cHYElk8cxvrkA7zz3tkpSFZtPAjmvOaLFiEQ0SK7YO16KWaAUdZ9UP7TMQRGthkd%2FgFoGfHdCAAM8GPrmXXOO1KPSv2dgTzc4tdxtSukJM%2B4f8DuGF2%2B0tJi%2BbqUwjb%2BOsEzfdWANaeuZHxASjZpZMNdHHtT7qWC1Yh2nCsL4LT%2BzbRJFU2JkyGRr5g%3D%7Ctkp%3ABk9SR4inlbqYZw
Aria Ladies Wool Tweed Jacket Blazer Size 14 Black White Leather & Lace Trim VGC,Leather,£26.00,+£2.94 delivery,5 Mar 2026,1,Pre-owned ·,https://www.ebay.co.uk/itm/236650281873?_skw=leathr+jackets&itmmeta=01KK1T5AAE6WBYPXDPVJ4NQBZ0&hash=item371974bb91:g:VJIAAeSwcEdpm1KT&itmprp=enc%3AAQALAAAA0GfYFPkwiKCW4ZNSs2u11xBigP7f55f%2BjNEcSSAvs7PBAtOkHT8t74e%2BwuoN8ITXjwChSSzmek1qD1vNSobiVr9GoSd4U%2FnsdqWqZn2HvOsXmKVj3iHGqo9Ouka3zbI6QaRrvX2QjUdccV1T%2FyNCNSwlVXC24zz5NlkW3x0qhhpNGwyU8pw1Rr8dz4YijP9GhizifYvzzPZqCDTJeZOxzdo51TpIBp1dVsVUc74rbDVJ54yYK31kBF2LQailsxhsATCMEECQ7b1vFfdPgAbLRAs%3D%7Ctkp%3ABk9SR4inlbqYZw
Real Leather Men's Jacket Size 3XL Black Pockets Collared Pockets Full Zip New,Leather,£40.00,Free delivery,5 Mar 2026,1,Brand new ·,https://www.ebay.co.uk/itm/188067511327?_skw=leathr+jackets&itmmeta=01KK1T5AAE7C9EJN25MTR27XY6&hash=item2bc9b27c1f:g:TGsAAeSwIyhplELy&itmprp=enc%3AAQALAAAA8GfYFPkwiKCW4ZNSs2u11xBwtMkXwVkXdVL4FCXU8Lo3CugANhv79Cm41OU5Q9e36BFvybzWBYC7kSz8AawKc7eqJ49IBW1cNmWJMod%2FBiEFCj6lnEm43pr%2FZlicvd3%2B819ntsdUp6aR2ynZTA9z0qZEIUkapW1BS5hfRu--Myvuaza1l38nkzvoQf4BN%2B7js4LtlPrlGILPU%2FncHpIewO0gUSgzl%2Fuu9FOYsEpa1ZVMmCns%2FqnRVODPbOwnwbgOpIDQucnOdbkOW6qZ2FadmOQ84BRPCJMcbb21pTAuXtJAs9EoDG2ylXieZI3F1sD1rw%3D%3D%7Ctkp%3ABk9SR4inlbqYZw
Used men's medium brown hElium soft leather jacket - large,Leather,£42.30,Free delivery,5 Mar 2026,1,Pre-owned ·,https://www.ebay.co.uk/itm/287128417020?_skw=leathr+jackets&itmmeta=01KK1T5AAEW5DDP1C98XEEZ4ZE&hash=item42da2ff2fc:g:ZAAAAeSw0clph5fD&itmprp=enc%3AAQALAAAA8GfYFPkwiKCW4ZNSs2u11xAOp%2BiiF6WM3QcmwKROmvyeP11W9i9Qdb6rbm2oFzg%2BPw2DBril7oUNCO%2B3YaUQNf490K07EZBF%2FYlz8yrs640NNNa9rpdGgg9Dcp%2Fslwu3rKcQ%2FM2M5kxPF9Okc3YMM0vvkcxjzoVSUjVl54OX5gn3n4zZIr7VQPpMWt2Yda06qe4hZWP0O5yIAErM7TDVI1zc%2Bm7MR5lqQoXn2R5OfxqB53DtXXWaUX19qg51Zq7IqYX%2BxOWrY0Xq56s9L34RkWqa5aNPllX4DmbH%2Fhhf6ngsDRAaZ8hI9RfmFgOoUAMupw%3D%3D%7Ctkp%3ABk9SR4inlbqYZw
All Saints Dusky Pink Leather Jacket,Leather,£68.30,+£3.38 delivery,5 Mar 2026,1,Pre-owned ·,https://www.ebay.co.uk/itm/326970408586?_skw=leathr+jackets&itmmeta=01KK1T5AAE30YM64NCRDED3636&hash=item4c20f47e8a:g:FSoAAeSwDrZpdks1&itmprp=enc%3AAQALAAAA8GfYFPkwiKCW4ZNSs2u11xDRNyKNgC2cD%2FKb0%2BgMfAJlp9d09kANJHjA8cZ1%2FR%2Bi6htrH3gZikoEgNAdH1rt2duhq6QD4D8ALBhXZX7I%2FESXZtpTYqMbLqreAkkSRxTZzCHr4pheMgfOEn5r4JSI6PvBDOJZ1E6Z%2BRVJk5EeE5qVJxiF6V6BWIOSFUlyML7MR7wRo6kL%2BTJN90HohnK8%2F4b8rkatwMFSxKQrCUMz6JGRHmwltLFMifbIQH9IdPE9ymZQ8fcPOGrH2NjbgXQJ37F0zjE6HSR4iLkbYtVfufWNaZjvb0Fruoayvgteyf%2BbRQ%3D%3D%7Ctkp%3ABk9SR4inlbqYZw
Zara Cropped Faux Leather Jacket Faded Black Size Xs Excellent Condition,Leather,£16.14,+£2.94 delivery,5 Mar 2026,1,Pre-owned ·,https://www.ebay.co.uk/itm/277642988332?_skw=leathr+jackets&itmmeta=01KK1T5AAEPPS6HTR81BDKPXK6&hash=item40a4cfcb2c:g:lK0AAeSwxvppZArg&itmprp=enc%3AAQALAAAA8GfYFPkwiKCW4ZNSs2u11xBPQsgoRbE1MBDRk2uMqNzShdQLipDXaDQI7JjLcxHG3Tc9wLX6FKbjqhnecFL6fVbNuZp7ZP%2FOp9bHg6F%2BbNbNinOSRKHPTN9KRB1kxWCL9KgNpB7Xzc6emvo8dzYVUe1F%2BHpksU4%2B7q%2FyvNyTV5ZaZFLBVwnr2lSxsA9QHz2hl%2BawNlhJhGZBtuDts5HLumDIwfx%2Fh0ZEVOHdUdF%2FjieAxLJcZAUMswhjQ1K41fyjku53vWB0qTayEO%2BeOYbEpgN9QoSXK8gjXTKhpUcW95SKXFi2J1Z3cXWITr%2Bbu3AmCg%3D%3D%7Ctkp%3ABk9SR4inlbqYZw
Women's Milan Leather Jacket Black Size 14 BNWT *Read Description* - CG W71,Leather,£7.99,+£4.25 delivery,5 Mar 2026,1,New (other) ·,https://www.ebay.co.uk/itm/397654390703?_skw=leathr+jackets&itmmeta=01KK1T5AAEZDYSRPWKXQFWVEWB&hash=item5c960c77af:g:G5kAAeSwx2hpoK24&itmprp=enc%3AAQALAAAA0GfYFPkwiKCW4ZNSs2u11xAih4XbOoyFWEbWz8Gm95kURZCNUl9BXHogMv3AmUQKmhpC9ELcRlwMbEgHtikrO4o3%2FZ8DVhNGY%2FZmUmbqxEgrnZl0NyotGGRt1ipf34i4I5ewt07qoqwZAmV1r07pMgrHh2ED8%2FBqEOTu7%2FRbFK6KIZpva1sHSfL3naaF%2FjlEmccB6VAIerhjAfoqAYfM0gR2Yym9j78haLWQMUf6drPhxQm8PQG3MD%2FU1Roi5aT1YhlhzmuTKpalCkLg9Y5xY5U%3D%7Ctkp%3ABk9SR4inlbqYZw
New Womens Black Faux Leather Biker Jacket. George Size 20,Leather,£10.80,+£2.94 delivery,5 Mar 2026,1,Brand new ·,https://www.ebay.co.uk/itm/298090049245?_skw=leathr+jackets&itmmeta=01KK1T5AAEMEHR51AHADWAXG1E&hash=item45678d2edd:g:PpYAAeSwcQFpqOD4&itmprp=enc%3AAQALAAAA8GfYFPkwiKCW4ZNSs2u11xDdtXnHgnIiWbfcI%2Bgw33WOlXHR5JAhfow7upe%2FDNrXv%2BEjQluzqUtOchXB10JUhw4cycBpazBiZ0dqL%2BUG29YnBvE4WTs1hqInCe%2FmV9Zf%2FY52Ggkt0Cr%2Bm1Nmg1VJWcyLGiST5YsvW9x8O0Gs5LInmbQ%2FdTQuFVSv25gI4uqubU1dPQiFHQmCWWZS4ep52NrL32eYUFNGRjU8npw7rdcCnHz55uTRE4ortEWzkhV2OAevA1KimTuNTMf3wzGDGwc6KpEaw%2FmH4cr%2BkJuDCVGqW9awc87%2BKWf%2FN64DYWDhzQ%3D%3D%7Ctkp%3ABk9SR4inlbqYZw
Leather Vintage Ladies Jacket Size 10,Leather,£5.98,+£2.94 delivery,5 Mar 2026,1,Pre-owned ·,https://www.ebay.co.uk/itm/227233719824?_skw=leathr+jackets&itmmeta=01KK1T5AAE8NKRPAVD1K1AR3NE&hash=item34e82f6610:g:CboAAeSwFzZpoKud&itmprp=enc%3AAQALAAAA0GfYFPkwiKCW4ZNSs2u11xDc%2B0oHjXPYBTnkMocwYN%2BEgoEAKlKRBiG40r24rrK2JZEmWXeCREz8gxYNqe6ne8UFk%2FRJfH8a%2F3kC4eF4O%2BjPEuxIBawmpit6RvBMzceVajRwaQqZfOFVcQ6Q7YG2AxM0hi3nUywMH0HGYfuEboZBzrRbLOKvqim%2FW2FWT4VrfJMuVCIzpo70L7K5b1Tqefxot95HBqLn6dcmG%2F%2B0je0P2QURcFxms0%2FUK1gzufsUe%2BX3G6Dto4VN9VuqFtLwlcM%3D%7Ctkp%3ABk9SR4inlbqYZw
"VINTAGE LEATHER MOTORCYCLE TOURING JACKET SIZE XL,",Leather,£37.10,+£5.21 delivery,5 Mar 2026,1,Pre-owned ·,https://www.ebay.co.uk/itm/236665884147?_skw=leathr+jackets&itmmeta=01KK1T5AAE48CVX153MVYE8KS0&hash=item371a62cdf3:g:0FIAAeSw3ylppsPs&itmprp=enc%3AAQALAAAA0GfYFPkwiKCW4ZNSs2u11xBXpqoMpycOzDjjPFYmpK8KWcsAXLRk7aZxZsYtKZsyU5YsStkFLVhp9XVL50kLHfOVjQsPH64yErR9dlZQ0g7mMvbqm5ZWwHF9A73KoQBUTO4wVp16a8kIPFVntcZJTaBRig8QQqxNyb8tndjWLGIPK5LVVHLy3WZOZZgoPxEKIP1%2BRWj5QBMEdr2%2BW63bogajYXa13QzIFNdZ%2Fcp01m4CcT%2Fqa%2BKs5aTwcMql0P%2FmdVGZZixbHuRCD4XoEtKZHLs%3D%7Ctkp%3ABk9SR4inlbqYZw
GANNI Buttery Soft Leather Balloon Sleeve Shirt/Jacket 34EU UK6/8,Leather,£120.00,+£3.94 delivery,5 Mar 2026,1,Pre-owned ·,https://www.ebay.co.uk/itm/236571710019?_skw=leathr+jackets&itmmeta=01KK1T5AAEKKTERG72JGNGYSQ0&hash=item3714c5d243:g:ex4AAeSwLmtpYCNn&itmprp=enc%3AAQALAAAA8GfYFPkwiKCW4ZNSs2u11xBn4CwkdtdMQkATVaV%2BX57%2B9s5EAEweQWDhudAP1o4Fpeok1QVKNxtzq3ZXyxFPnXu2EE3rtB87brUBnMaKDJriGRPqKBZtnL1ZGptK8X7fKTRrrMhkeCYMakP7pPJ18w298Qz140LDia68uq2ks%2FFdrhmIWFtDsVESUJUt6aNRxQRHoPUrQdXics9tPValWc8dBFTJmy0979xVrkBKywSigw38UTHyl6lSYKeHGFjXL9iHSBXn5s7N5LmXCn3EfqFshvizWirUyJ%2FohqZzKktUmEhA2uiL5lRB6L3Us%2BZNtg%3D%3D%7Ctkp%3ABk9SR4inlbqYZw
Vintage black Leather Biker Jacket 46” chest,Leather,£42.30,+£5.21 delivery,5 Mar 2026,1,Pre-owned ·,https://www.ebay.co.uk/itm/317939905991?_skw=leathr+jackets&itmmeta=01KK1T5AAER525G2RRFH7KY4BQ&hash=item4a06b1f5c7:g:C6YAAeSw615ppFlI&itmprp=enc%3AAQALAAAA8GfYFPkwiKCW4ZNSs2u11xBj93IaNAVqgqj0DerzAApc2xVmAr1Z1PTaXFXOmClnUhPgqnsoD0uDU%2Bj1kZMNUM4Iv0zP0mK1Rdd%2B8TsdP7mCN0akMVKoAmniv4B%2FFTvD6VosxE0a0LaQv%2BwxNffuG4GVE7ah7PJwxn0FdMLnCosNkxewIyNUn2TqmKB4vuo9OeudqJR%2BF1CvFLdyBHBCYYSEDnRPPQfuxpMbmR6%2F4KyDnSiZcFz7SMh2LB6cWxTMm2VxnldVVvF%2F9BoIrzuTQyMpPHd2SxTSbgnoYoopuFQ5v5kgw0d1nPV71RxB0O0EeA%3D%3D%7Ctkp%3ABk9SR4inlbqYZw
Honda 2026 Men Motorbike Leather Jacket Motorcycle Bikers Racing Sports Jackets,Leather,£109.99,+£34.99 delivery,5 Mar 2026,1,Brand new,https://www.ebay.co.uk/itm/317175720666?_skw=leathr+jackets&itmmeta=01KK1T5AAEHX8A7FKBZBNZX3WV&hash=item49d9256ada:g:KPgAAeSwZYRonTR3&itmprp=enc%3AAQALAAAA8GfYFPkwiKCW4ZNSs2u11xC5Mpa9IYQyCahMakrrylayiREgLXDYbBv2L5H5YwevCvMBGa3qB8vkra4IEnxCDNuKa5OIDSNOiDJ7zgMnf8nOGQYrYBbnOBotCGioJ6lGoo%2B%2BHQeL18COgwf93nQ2g%2Bs96YnxgAH510PuqqmhtxqojwGOCD5WzmOqNfDVNEUJph9OYOLKcj96auSCeUF8CgMAxtGEvd5ChjBP%2FO47pYHf26YG190Zc4FzZ6FYPzNCsk%2BI7t7pDvRiwNDWeiBt85CoRRN0L6PoPqyRyGybPcAk0glyvJC4GDBnNuBcc4rWtw%3D%3D%7Ctkp%3ABk9SR4inlbqYZw
MENS BROWN RADFORD LEATHER FASHIONS FULL ZIP JACKET size L - CG B10,Leather,£36.05,+£4.25 delivery,5 Mar 2026,1,Pre-owned ·,https://www.ebay.co.uk/itm/376999143951?_skw=leathr+jackets&itmmeta=01KK1T5AAE8ZSSWQ8VTP7NK3QP&hash=item57c6e66a0f:g:63UAAeSwT4Rpo036&itmprp=enc%3AAQALAAAA8GfYFPkwiKCW4ZNSs2u11xCr8MgYyYVQHtzAqNu3WpoqwkiT0Y3%2BI8ebUL55Tl85xomvwqJYI9H6ug3hoBaD5oHWd%2B8Dqfq6aU0XAUKyLPyEBJMec2WgwnkBhdLhc3KfB4EMKNGfeRXMw4z4i2BSdHYdhg0GwqDfuYCEvdx2IrRMvdRzKStuxg7zyX3KpVC4VKrFgq%2FmdsLUXDGECsbnSvo%2By1p38Ao%2BnZQ4BVHPxiCXzCu61qbiK6NPlwWFFvTCqJN%2B7O%2Ft%2BaPg8hOJfYJy4PfghNVsgS6o1%2Fmv91IFLB%2FdBrTsUtwRKP1G4CP%2BD%2Be3qA%3D%3D%7Ctkp%3ABk9SR4inlbqYZw
Stradivarius Size XS Womens Cropped Faux Leather Biker Jacket,Leather,£20.00,delivery in 2-3 days,5 Mar 2026,1,Pre-owned ·,https://www.ebay.co.uk/itm/168180842860?_skw=leathr+jackets&itmmeta=01KK1T5AAEHWN3XHZB43RTXPFY&hash=item27285c016c:g:~6sAAeSw67lpWEcr&itmprp=enc%3AAQALAAAA0GfYFPkwiKCW4ZNSs2u11xAIgV5f9NIgN66sB%2BPXW%2FAPXnxdEUZp0MyKqoM9LHyAoWIFkGUhuuCyRvfBYN9GoiXWd4%2BjDYW6xtSeAvAWaycPbBeTFaMk6kbhvgfWBZSoRA02Ma2PpU2rItk8m%2BM5ZHmupK17n5qY9VahwTCedEp0sMZn2Izu02guDr0oGe6CVwnQi0Yo5hj0%2BmYwleb3diVY0B2LYHeWQ%2F5xHmi3MYnRbqXPTQk3PIL3MHkm5UODDALhJGibF3SAI%2Bmmhya5mZo%3D%7Ctkp%3ABk9SR4inlbqYZw
MISSION THE LEATHER COMPANY MENS JACKET Black Size Large,Leather,£7.50,+£4.50 delivery,5 Mar 2026,1,Pre-owned ·,https://www.ebay.co.uk/itm/177897548685?_skw=leathr+jackets&itmmeta=01KK1T5AAES2BKS021C6ANZN99&hash=item296b852b8d:g:regAAeSw-V1poAAa&itmprp=enc%3AAQALAAAA0GfYFPkwiKCW4ZNSs2u11xA%2Ffdswf39CoiL1exvcf1keJKinMwLEBOyH9hBc8DZP4nzvEVnWb3MmiRBNHSCLSkQ0W%2FK%2B47LhFzNNqEFTqzCfbZNNuPJhqkMPcC2%2Fjm6lKMhB9BD7fmYBrCjgjDr%2BflK9%2FN%2BRUrNlHVMcAI3NiWnPmirkpijThcnpcErryqHXGF%2FSayTbw07x4SlTzgnSymTL15%2BpTpqpi89VMN3NlbjybRVvmuLKAyKaI7v5cQ6aoKsID1Bz3WD5YP88A7R%2FUH4%3D%7Ctkp%3ABk9SR4inlbqYZw
IRONSIDE LEATHER MENS JACKET Black Size Medium,Leather,£4.99,+£4.50 delivery,5 Mar 2026,1,Pre-owned ·,https://www.ebay.co.uk/itm/177897540785?_skw=leathr+jackets&itmmeta=01KK1T5AAEYZ5TSJ31XWRSAFKK&hash=item296b850cb1:g:ksAAAeSw8cdpn~9F&itmprp=enc%3AAQALAAAA0GfYFPkwiKCW4ZNSs2u11xCAnO9qMtpyhbZ1vfWJGhZUklnQ6k8yNFsoI3wSZJytPFdi9QVmlDuIh3FXlCRokEv5UoLAPM7nxzUbvlVK0Z5ke6EaK%2F%2Bo%2B5EMYCrthOhYxjVlz0gVeMKrCp%2FZaMoPo2jCw8YzLXck2fkL1xOzepkoJRq34boN%2FlpzwMZPKL%2BekV9LDudYsJ7KvuMw%2BZI%2FzHGq7913G4LJ3rq3RMP5qfR1cz20com3pVb3fj53k6ALYcmvkiqeLeGfAhFo%2BCfrnFQ%3D%7Ctkp%3ABk9SR4inlbqYZw
AllSaints Bales Biker Black Leather Women’s Jacket Lambskin Moto Style RRP £318,Leather,£57.90,+£3.38 delivery,5 Mar 2026,1,Pre-owned ·,https://www.ebay.co.uk/itm/277540045941?_skw=leathr+jackets&itmmeta=01KK1T5AAEZ2PWDCDFG70V64YZ&hash=item409ead0475:g:MbMAAeSwdLRpKcEk&itmprp=enc%3AAQALAAAA0GfYFPkwiKCW4ZNSs2u11xDF69pppdkp6QuWrfdthYpm7lU69KJ2Cy5Zjh2eisSn%2FA1nfTVDDL%2Fz9P1XOO%2FhQ9Wd1m6trs2K5mTSbOeq9FeKO6qVrCyWzXvxFZc3LaLh2gOZ0w3JW%2BhFhnxqIP4iKd1QUHFk9wssxpYZi%2FV1jHZvmMaFRdPydrhnBWpkJHoRcHdXW%2BU24vPvdlZMK3OhmDUWi4NQrh5Hp%2FDDu726fZgwOa1wwO9sTo6Po0EIv78i6div5KMVA%2FvjbRNaIpi1oTg%3D%7Ctkp%3ABk9SR4inlbqYZw
SPEED ICON MENS PREMIUM QUALITY BLACK MOTORBIKE MOTORCYCLE ARMOUR LEATHER JACKET,Leather,£64.99,Free delivery,5 Mar 2026,1,Brand new,https://www.ebay.co.uk/itm/224829226220?_skw=leathr+jackets&itmmeta=01KK1T5AAEMSC9FQ3Y8T48P6FJ&hash=item3458ddbcec:g:1CQAAOSw2Ehjf9bp&itmprp=enc%3AAQALAAAA0GfYFPkwiKCW4ZNSs2u11xCUHip2j3SyitKBpysLewFMGg61Fq30A8S6fGISw4iyI7wMmiNn8YI2nXmPgUIBV%2Fs0t56XyuHTZx20wdg37UWU2Pah8Eu81tP8TcaTn4V5AIP4F30wslqB3dTB27ajgS78oiRJMkMVGLQ2hr6pfqUWE10Rtlf%2Fi8I8V2V%2FhW8qznDrk0bhUz8hSuTSxvBmcDoTYyxTC1Eq7o3AaAHh%2BofI5uMc4ddJyvDQ8pdcbAnOC%2Boos0%2FLhvMvoE%2FYQ4Pp6Xo%3D%7Ctkp%3ABk9SR4inlbqYZw
Mens Black Leather Jacket Black Size 42 Ribbed Hem Zip Front Classic Vintage Y2K,Leather,£38.99,+£4.99 delivery,5 Mar 2026,1,Pre-owned ·,https://www.ebay.co.uk/itm/306788122605?_skw=leathr+jackets&itmmeta=01KK1T5AAENZDPCDPQ9T9CBC7N&hash=item476dff3fed:g:Fm8AAeSw5slpnZW4&itmprp=enc%3AAQALAAAA8GfYFPkwiKCW4ZNSs2u11xALh9ioEo8GfsbdmnQcX%2FWD9RxKS6bfQB%2Bx2acDS%2B%2FyNKm8Rhm%2B8c40ZEFmtMNhlwep0laAEKzsnwMlRdLDlesyEkpGuVcygvXKac%2BI%2FnLf3994xX56beE5GrYvpXktN0dLfXBrOLv4vRIwuOxgatsaZ0wpHl8qugQ9GQE%2BsTxmeXGyVn%2Fv8V2BIcIkJRbPQf6e2ugMjsMSADT2h10Lj2d%2FzJHnhtC3lZ4ISKYUl%2BYAYWPUVBC7O%2FArOCaAGU%2BEWmiBjOErKu9LuhCYRd%2FR1KlRrXmUIN0w6A4gyrvg9SN0Sw%3D%3D%7Ctkp%3ABk9SR4inlbqYZw
Next Mens Signature Medium Black Leather Jacket,Leather,£12.00,+£3.38 delivery,5 Mar 2026,1,Pre-owned ·,https://www.ebay.co.uk/itm/267591175075?_skw=leathr+jackets&itmmeta=01KK1T5AAE1MSNA8WPFN5CMED3&hash=item3e4dad4ba3:g:a5wAAeSw0gNpmxhU&itmprp=enc%3AAQALAAAA8GfYFPkwiKCW4ZNSs2u11xC%2BdM7NaGiuukEKqBX%2BIOIYKysCgJomiRJ8JGzUgTVNvhWWK0n1StzEW3RvrF%2FvKGr43f%2F5%2FwWAa9ZotoweP1VG2DWrPuh2kz%2FbY5FiPyhKr8YR2WCtPn7SSrpnsI5S20ThEJ%2BS5K4GptDEbQrS%2Fz1bE2L7xJYM0tFF9aUq5K8%2FEWsLOhAr7vVcOYHCnxNplW%2FBYTr0wyltT%2BRrIiIeiuPe7OGy%2BOoB3cPNpkGq3%2B4ZCIhyIt0OFRy%2BDIoXY5dboPV4F46ty7%2FPgwddAdaloYAtvucwtkJJPnxhHRh2GMvxWg%3D%3D%7Ctkp%3ABk9SR4inlbqYZw
Leather Jacket top quality mens size large 42 inch cow hide motorcycle quality.,Leather,£39.18,+£4.06 delivery,5 Mar 2026,1,Pre-owned ·,https://www.ebay.co.uk/itm/188088769470?_skw=leathr+jackets&itmmeta=01KK1T5AAEQYZK7MW7NNKG9NEJ&hash=item2bcaf6dbbe:g:pN0AAeSw92xpCdUJ&itmprp=enc%3AAQALAAAA8GfYFPkwiKCW4ZNSs2u11xBfGSm96dfRsypCNYFyIfFGn1p5OwyHA3CfDLYXE%2FXJ94D8MapNTNNC1R8plL6gENDBanLCHgKWCa%2F7NOSG6A1crsz6QcThJGayaPOu9UPtAln14ssUVpAAl8O%2FyZ%2Frfw7nhs3QJy1a%2B53N0I06X6AbV%2FDdlegRr3Mu%2BIHYBAVLon3nxascwR3tfUz9cGoNVoHAmTaTO%2F7QJip9%2BkgyvwU5WAxvFn3y2A8vQ89Ev0fTrwQ5Yf%2F5XH3J9rA%2Fmpzjh49ECzcGe4%2FGGVFnwtdTRkXfaXwKM%2BGcuraASm53gG5Qfw%3D%3D%7Ctkp%3ABk9SR4inlbqYZw
Mens pu Leather Casual Biker Jacket Coat Soft Motorcycle Genuine Biker Style Fit,Leather,£27.35,Free delivery,5 Mar 2026,1,Brand new ·,https://www.ebay.co.uk/itm/357834924164?_skw=leathr+jackets&itmmeta=01KK1T5AAER4ZRSQNYMHHKH3FR&hash=item53509fa084:g:FgAAAeSwyixpA1K7&itmprp=enc%3AAQALAAAA0GfYFPkwiKCW4ZNSs2u11xDp63I1oa%2FQ6NiI9hRJlRYio0Zk8jkbmeVakPM3GMNuKhQnZO3NwagABC%2Ft1erTQqekXCV8Lt3NrTKDYsKguKW10pIrqJCOriISt47bMDni%2B5bWefz%2Fe8iqBw%2Bb0OWkWjhhmoKgh1oiHV8V5IqeFbLiC%2B720VnxISdfFFlNfCXhATs%2B6ZhZbUmapuaBih8ILsKLi9oYNIaRmWk0rk9kH9Dx8aWWyLN1W4gaIyleF%2FDbJ14qvTzrQowzxbJQ9%2BNl0mk%3D%7Ctkp%3ABk9SR4inlbqYZw
Dorothy Perkins Petite Range Faux Leather Biker Jacket Size 12,Leather,£10.80,+£2.96 delivery,3 Mar 2026,3,Pre-owned ·,https://www.ebay.co.uk/itm/257323915680?_skw=leathr+jackets&itmmeta=01KK1T5AAE402AZ11XDPB00731&hash=item3be9b359a0:g:fecAAeSww19pczUN&itmprp=enc%3AAQALAAAA0GfYFPkwiKCW4ZNSs2u11xBHv51WPI39zzquVl7xp7T5k4WkLHJhsEiCZKRwN5FKpRfP2FBhdtxqCCoKLqjQit3R6recQtYQ4aE8CeQimxufG010hjEB9EQtvvF9BcWEFvuqZ8yCnngWil51n8PoaUBoVVsKScfkkQx%2FI5I3%2Bm6ORp%2FvlB3EMuz6BmLGGjjP7E0NbSVW7xUr6wuzaSxcjjvqSZ4RdFjvUF74xO8JAnx3kCf7Rx6K7qwzCM2m7vKk95ZMakxJ1bioWBwvaUjfoj4%3D%7Ctkp%3ABk9SR4inlbqYZw
Hugo Boss Men's Black Leather Bomber Jacket Full Zip Sheepskin Boss Orange Biker,Leather,£24.99,+£3.38 delivery,5 Mar 2026,1,Pre-owned ·,https://www.ebay.co.uk/itm/406729556427?_skw=leathr+jackets&itmmeta=01KK1T5AAEM76ZKM4JE2K9PQEQ&hash=item5eb2f881cb:g:dzsAAeSwyA1ppCZ1&itmprp=enc%3AAQALAAAA8GfYFPkwiKCW4ZNSs2u11xB9dUeu4q8we9S92FryCmAaDbrIfsxawhwJDuL1m9bAWRU5r9teA9UfgJ0PiMR8mpgSklSipq27dPszzFGIxs8GMutlSeL1LI8t1hd7PAj52wxeGrXIya0ByKr2pvsac3wefEpMJP7FXdSo3gx%2F%2Bb1dtvtv9VX9G6TP5QKwFUdqcbhv3Bo10FTBvamRfWoqfWtjG%2FWpNEbzWEcWAOMpRQvYaw03Nej4mCwqepCDNUYrmk1cMRY8JlJcFk0yu4AnNRWR3ia8xplyvIce%2Bc2lEf5%2FbMWb8vFqFkRPEiWZGcUqNQ%3D%3D%7Ctkp%3ABk9SR4inlbqYZw
Harley Davidson motorbike jacket,,£125.50,+£7.27 delivery,5 Mar 2026,1,Pre-owned,https://www.ebay.co.uk/itm/298069513676?_skw=leathr+jackets&itmmeta=01KK1T5AAE3PESWHM053A2Y099&hash=item456653d5cc:g:2hYAAeSwzmFpoJ5f&itmprp=enc%3AAQALAAAA0GfYFPkwiKCW4ZNSs2u11xA8vJkpLfrYDLUUnavQDqFKFOMMvQcQ6Jki8HvxTGeUbGMTV%2BsE8mjkS6slatsTgDlBfKQr6gSkvwuzVpruj1tmad72WW0d9v1dBkQcXVkPIYogTVsPWHxtW2i0GoNC3RHk3Mou67Tw8grfmRP3%2FTK8uc0H02aw9jTO6wPNoJ5WKinMaddRlXYbnwuxA9eR%2BeKZBG%2B36Zbc6b%2B7jYNxFbcM03%2BB5bB13xZGtKAbxtW8H3dLUChCvQoq8kuz%2FRXHqhI%3D%7Ctkp%3ABk9SR4qnlbqYZw
Shop on eBay,,$20.00,,,,Brand New,https://ebay.com/itm/123456?itmmeta=012DEW30YG0MEEKND7NH&hash=item123546:g:acwAA9KNiJowH:sc:ShippingMethodStandard!95008!US!-1&itmprp=enc%3AbgepL1tlUHjMGCVfSTGJh%2BzsVKeJ3CQk7NizDI4BZeppuFnmyS6Ijyp8lh%2FnEw%2BWqO7uTV1Q6izE1R0T54aV8j71F4xlWfVcGft4%2FiOQhtqVXA1rW6M1atPARQRmhqUxtEPJKhKtSFgI%2Bvwlzb0GwVCtkp%3ABlBMUObkmabpYw
Shop on eBay,,$20.00,,,,Brand New,https://ebay.com/itm/123456?itmmeta=012DEW30YG0MEEKND7NH&hash=item123546:g:acwAA9KNiJowH:sc:ShippingMethodStandard!95008!US!-1&itmprp=enc%3AbgepL1tlUHjMGCVfSTGJh%2BzsVKeJ3CQk7NizDI4BZeppuFnmyS6Ijyp8lh%2FnEw%2BWqO7uTV1Q6izE1R0T54aV8j71F4xlWfVcGft4%2FiOQhtqVXA1rW6M1atPARQRmhqUxtEPJKhKtSFgI%2Bvwlzb0GwVCtkp%3ABlBMUObkmabpYw
"Furygan mens leather biker jacket used, padded elbows & shoulders, size Large",Leather,£82.86,+£3.71 delivery,5 Mar 2026,1,Pre-owned ·,https://www.ebay.co.uk/itm/116420610218?_skw=leathr+jackets&itmmeta=01KK1T5HC4Y465S0Q5DV1CSDJV&hash=item1b1b3588aa:g:OHgAAOSwDaxnXuau&itmprp=enc%3AAQALAAAA0GfYFPkwiKCW4ZNSs2u11xAqU1cx8BcXNVleF4a0W1smFCdBU5QhX0QUwtuzguj9Fn%2FlgWiB4ld89%2BFuuACGRmKLXFxMK3d38yEEFi5vvcejSqD3Wd4kkdHAEmqptoSK9RdAHbrj711v5WXibQWUO%2Fy%2BtxEYvExFOLBHVdQ%2FT7GV5%2B5nPUylBSR4X0jRtSB5FgxXqz%2FyOhxgRKpB0elIwqOMDXfL%2FsSmLNGUUEPwyzImjNfXfOgaY8sgj5A8w%2Fw8o5BE33jXcUpHC1bIzqgTKCI%3D%7Ctkp%3ABk9SR4CYlrqYZw
"Reiss denim and leather collar of white jacket, New Size Large",Leather,£81.82,+£3.38 delivery,5 Mar 2026,1,Brand new ·,https://www.ebay.co.uk/itm/326992293073?_skw=leathr+jackets&itmmeta=01KK1T5HC420Z1QHHAFEDQFCGK&hash=item4c22426cd1:g:jlQAAeSw8A5piODw&itmprp=enc%3AAQALAAAA0GfYFPkwiKCW4ZNSs2u11xAHKSVicOsEUuSvOxznkmGIicDjOo6QxbxzMvcE2RgnSNTqlLA3XLQC53Zun2FePajD7NkruZQLa9C0bT3UkmT%2FBiP4lbyNd2xi3rmPgwSgbHQuFfugRC94OubcnVRcns4HN8eLlpPBQr2ckxhvgeg%2BcjOiggpPnmXkMtrvioWNvrSQbLKce5jpSq%2Fn6s6qk3OyhtsL4Q0MKk9wpaIy4PMC32t6o0MA%2BLMTuFsAZ8PM18CsSHp2z1ZnYeDXXL%2BrzxA%3D%7Ctkp%3ABk9SR4CYlrqYZw
Harley Davidson Men's Classic Orange CRUISER Jacket 100% Cowhide Leather Jacket,Leather,£119.99,+£9.00 delivery,5 Mar 2026,1,Brand new ·,https://www.ebay.co.uk/itm/287051643691?_skw=leathr+jackets&itmmeta=01KK1T5HC4NTG88DXB5ZFW7RM2&hash=item42d59c7b2b:g:uW0AAeSwRydpD9FR&itmprp=enc%3AAQALAAAA8GfYFPkwiKCW4ZNSs2u11xAW%2Bok9Q7Vtutp5YVJwbLK%2F8XeUkxJTDXaGvvsTPXDqxJXs0ZFF5GZ2ker8AnAYMZwqN%2FPsEr37RrxHgEHDkdt4fP8%2BjnYeUN5GaCz4H4m6mU2khh%2BK0iIQe6xUxT5gQ%2F5K2oO5I3XXR9K%2BLgLGNDDJo8yi%2FBPl9DYK9DahvA1HuL3ENFqfkwk2OhbjVfgY0fxdzygt5SwsSgyrNiXJRKhsRdfk43JQ3wxqZsqLQ%2FsyakdXsWghcNhevcOaDsS2%2B49Y1QUpK%2Fb1AarcGN6JCjmnx8Hd6hU8zfbUTtBx%2BgLjNw%3D%3D%7Ctkp%3ABk9SR4CYlrqYZw
beautiful soft leather Torus jacket size 10 used,Leather,£10.79,+£3.55 delivery,5 Mar 2026,1,Pre-owned ·,https://www.ebay.co.uk/itm/358263085075?_skw=leathr+jackets&itmmeta=01KK1T5HC4BXH3KK9B9P1Y5C6E&hash=item536a24d813:g:RS0AAeSwqZhplsM3&itmprp=enc%3AAQALAAAA0GfYFPkwiKCW4ZNSs2u11xADFL4tHF6d3P0jRif%2FDAqG54x1dMZJuGDjUjyrB5ArJt0XvIRtoQ4pKLrNfbrCARk2nts3qlpL6tPUEF0TZgdkafByv8bTMuWKovTKaBnfTw2wrb0duaaHi0Oi8IW7XOPsahZ3bvLCoHeVHXwxW2YiMehuzBog63%2BK3IsAH1VWTiiCaF88kwnm8tVwmG102DDQnTjtfupx%2BXYoNCW4pYTJ6QnV6CI4LxZzJ5un8Pm86RXrI%2BBPJ8%2BsRrtMvMbCaX4%3D%7Ctkp%3ABk9SR4CYlrqYZw
VINTAGE JAPA A-2 LEATHER FLIGHT MOTORCYCLE JACKET SIZE XXL + LINER,Leather,£47.50,+£3.38 delivery,5 Mar 2026,1,Pre-owned ·,https://www.ebay.co.uk/itm/236645808557?_skw=leathr+jackets&itmmeta=01KK1T5HC4BSVDCPAK32S33GTM&hash=item37193079ad:g:zZQAAeSwqVVpmDDa&itmprp=enc%3AAQALAAAA0GfYFPkwiKCW4ZNSs2u11xC3pa9DvhPQT3DdonntQETBzV9%2BBA69nfg8E2X6tXAyaVkZzDQ4M9G%2FRQBE7nvKzOTtVZ2ZPAgzA57E5X%2Bil9SzdcC8FQa%2FVo6XX22wAoj%2F%2BxhsChtrQbK1pALDCSvAEFf09%2BBnNAOE7dq79IT49FHu%2FMLsGNyWgNDZf8Z6fTFM2%2BRFQMTVTT6fp6m9kvnvPLEIrLM77RrBAHL3uYF2KYrr1Cl7r9xHj197%2BTIYmYKdzeylRlUfh9RTb8H3VNdraio%3D%7Ctkp%3ABk9SR4CYlrqYZw
Motorbike Jacket,,£42.30,+£2.94 delivery,5 Mar 2026,1,New (other),https://www.ebay.co.uk/itm/196700855829?_skw=leathr+jackets&itmmeta=01KK1T5HC4PXFE05DR311FWZNM&hash=item2dcc48de15:g:ZRAAAOSwtNVnAoUc&itmprp=enc%3AAQALAAAA8GfYFPkwiKCW4ZNSs2u11xC2F0n20Dzig9tqh1wvUt%2BAzoLOT3Et4gmbRbvj8Jc0LJUmGHV5IoJ2zuHz4iz%2B7MRTi%2B8jk%2BmSs8GrkOjNbluaygprYyzmmKZcTAgnd3LOC3%2FWW%2B7nGgzrKgyi3byqS6PhdXhWk2kbVLGmgwq%2B5shRrQwXngiNZ1FiqPPVFe2oV6ctwG2hFmELUc1dupcXwJ9lLCNymDpLV46EjHvuQwi%2BOeygTTUaFfeBAMjITiN4OvAsBgpfkBkwHdGPmBOnQGXbuTL4rcTItf4mHD2KdCOrck%2FqRgYK8o2iuSWYXKz4yg%3D%3D%7Ctkp%3ABk9SR4CYlrqYZw
Firetrap Dark Brown Leather Jacket,Leather,£16.15,+£3.38 delivery,5 Mar 2026,1,Pre-owned ·,https://www.ebay.co.uk/itm/236660759469?_skw=leathr+jackets&itmmeta=01KK1T5HC46NV85Y4AZFV7ABQC&hash=item371a149bad:g:knwAAeSwy4ppNbvs&itmprp=enc%3AAQALAAAA0GfYFPkwiKCW4ZNSs2u11xCzmIg3CXWAN%2Fn0gqatpXDi5ppKlP1qEzfNFzz9p1zyrIXtVPy53X8cQ1YmajTGSH8Wd%2FNwvo26B65rOcdP6VMP%2B74M7HX8Y2eHWlOKw9IZvb6hX0nsL7y3LaGOQ%2FBbyeimdk2nyhbN3emrIk%2B0CmCnkhjp7rWgw8nD3KeEe1lK%2FQlTo7Kx6rtTvW1KKyhxGZFXMPga%2BOxbxay7mJhPEml3vAc5TxizROpD8ihL%2BizytbsGQ%2Fj93Y5eSBuNxYGrtcQ%3D%7Ctkp%3ABk9SR4CYlrqYZw
NEW LISTING,,£104.70,+£4.45 delivery,5 Mar 2026,1,Brand new ·,https://www.ebay.co.uk/itm/127720717627?_skw=leathr+jackets&itmmeta=01KK1T5HC4HHRYHEFSKHF2HCCT&hash=item1dbcbf7d3b:g:xu0AAeSwVxJpjkJN&itmprp=enc%3AAQALAAAA0GfYFPkwiKCW4ZNSs2u11xC92ywrar%2BR6NIDmVjfPINTCHTME8kEkug1VtauhbXoeMjK3L%2F4r3PXPKyr8z0viFEPL89HFLWeMA2XccdRvFLE7hVIZCHEtiJJAPXNNK%2FAfA862Z0QnMvieh4B4DROo54GBVERUsS29cA3FTCi0hveXVGNYBvtUYLj9hB%2B7BfVlvAIVhIM2%2FxLZFq2qz7novI7IG828LwQNJLGIDijxWje9meQPwedg9prnrUXJy%2BN5mGcSyolBQ%2B8NfQDL7aEVVw%3D%7Ctkp%3ABk9SR4CYlrqYZw
NEW LISTING,,£125.50,+£4.26 delivery,5 Mar 2026,1,Pre-owned ·,https://www.ebay.co.uk/itm/147187025707?_skw=leathr+jackets&itmmeta=01KK1T5HC4PETZD6V6J4MRKTVS&hash=item224507c72b:g:7gQAAeSwjk9pqdRz&itmprp=enc%3AAQALAAAA8GfYFPkwiKCW4ZNSs2u11xDkv3phkN4GqDWqAKfbH6KpDoPjGbnb85Kg%2BHMRRZDlGsqehabhEcZig7HFCTVByCVArjVPBt3D3yGATPLpP1siNlQEpJ6mOR%2F0H%2Fcg6BSkd8ybeGXsRosk6%2BUxhdDUK%2FkL%2BwzgQHtTzoZEzQV3ikYVatpdELRWAoR15f1e0GevPVp1r4Cobc0Vyb%2B8QWqg%2FTcWecAASxxgV4Qroi1qdqyqj0oIukOnGZX05LXTlBAuxnraZtyUHxV7mDYetKPgfykL1w6grsmmV9HDdye9S1lvcVJikJZTnuMN30dK9z4Vaw%3D%3D%7Ctkp%3ABk9SR4CYlrqYZw
EXCLUSIVE AGARTOGLU Men's Leather Jacket Black Size M Pre-Loved,Leather,£4.99,+£4.50 delivery,5 Mar 2026,1,Pre-owned ·,https://www.ebay.co.uk/itm/177898051848?_skw=leathr+jackets&itmmeta=01KK1T5HC442XHBDWY4J80T8C2&hash=item296b8cd908:g:LW4AAeSwBmxpoDq1&itmprp=enc%3AAQALAAAA0GfYFPkwiKCW4ZNSs2u11xB5psrfX%2Bx45lJRwRr9ySavNioXLZ3eaen8kfMdjaprP3VsFzwDjTIEn0PjL9cgJelLukqn%2Fat9PikA0GYc6yiRFJSXNav1V6yjYMIn5nstQVrfoQYCwxT3UykbUSm2oQEo1%2BKhjF8Wc4o7NGAnLTWWxpElaYoqOlBeoCzQRf6lRExLhyzuOfUSSdniC%2BXRgSw%2FP0Tobnuj0lvPmRlZvcVIH%2BKkf%2BmncatcmER06YAOCQM8KwmnbTyfNi4poP3AmoU%3D%7Ctkp%3ABk9SR4CYlrqYZw
MARKS & SPENCER Women's Mid-Length Leather Jacket UK10 Pre-Loved,Spencer,£5.50,+£4.50 delivery,5 Mar 2026,1,Pre-owned ·,https://www.ebay.co.uk/itm/177897673002?_skw=leathr+jackets&itmmeta=01KK1T5HC4RYQBZCMKYFEM0TXM&hash=item296b87112a:g:LvIAAeSwLO5poBG8&itmprp=enc%3AAQALAAAA0GfYFPkwiKCW4ZNSs2u11xD341mut7CZ857F5rVvTsWYMlDJ0SyzaABWOIencNiGrsLi0dlo4QyKDUawcoUUoFoShsrSh7TkxHfsoCHga1rtDdQLIrgI2Ejn6Mi2lGI9OIMAnwPP38Dw4Ok3rtzDu1joX3fPccfpo%2BDWhNFlMHiDj06oh6a%2BpFN2X2PJ7FT11lKIxyADFMz5VBp2xR7HGf6YR2OiQuUJ8SigsbBAHmSjBxX0DeO0BsGWfehprgsZoZClXsYX8n11w%2FhJc8bmSUY%3D%7Ctkp%3ABk9SR4CYlrqYZw
Buffalo David Bitton Brown Genuine Leather Jacket XXL Mens Biker Moto Coat XXL,Leather,£41.26,+£3.38 delivery,5 Mar 2026,1,Pre-owned ·,https://www.ebay.co.uk/itm/327016930815?_skw=leathr+jackets&itmmeta=01KK1T5HC4NPRZ37PKZMX116PD&hash=item4c23ba5dff:g:TFAAAeSw7a5pnfG6&itmprp=enc%3AAQALAAAA8GfYFPkwiKCW4ZNSs2u11xBogVS5UWvcGkHLMpY1JBnI1P4z3QGaAxHgc6Xyp%2Fllgubj76Oufy0sKEyA4G%2FjL1lIigvWQr2C04gCAmx5CESViI%2FsG1aeon4PrHn371f3C%2Ff%2FMfWeGZdpDtY8IgDo1%2FX2zGF0ZUZDFp99Dw6kEF1wAl6nrsx8UeBSQZxO90aCSmgAW42YOy%2Bv9aV9WN4HSzMXrzvtG6nWl%2F0lgkJykZiUhb9OrzMc7ezmUayocQSMWf2WaIwbmZd3X9qnQvU2TABtuGFXatC2q%2BrvsQm5CCLrABgqDhq9aDy36mq4XwIfYA%3D%3D%7Ctkp%3ABk9SR4CYlrqYZw
Original Hardware '57 Heavy Men's Vintage Leather Jacket Size UK S,Leather,£74.95,+£3.95 delivery,5 Mar 2026,1,Pre-owned ·,https://www.ebay.co.uk/itm/198049023940?_skw=leathr+jackets&itmmeta=01KK1T5HC4BTPQJXWFA7H9T7JN&hash=item2e1ca447c4:g:ey8AAeSwBgdpc37E&itmprp=enc%3AAQALAAAA8GfYFPkwiKCW4ZNSs2u11xCXaKtXOd6teFjmC6BwXilx1r3kpwkC7zzgf9tTbUfLeuDMy%2FmlulArHySSX41xZ2Rb1WwI0mR3RuOFyIwqhsY2VR8QDvV3uf%2FQEwel2XxB84Hxn6w4JyvNXewtuAlpKNhRBCHcy5wTO6sMQBzAGlv%2Bd%2FcFM1EfEfvw5sud3mk6GoWHOZ8pSS5mM1KhGb8OAE4oAsTx5wpEXxe94wqenMIfrxMULOgDi%2FVFx9qRc1idtfVGRAlxoDVgLww6RHe%2FVFKsTsL1pXyq5nkiluIAgSj2BGVj5C2xV5bEi0fsA%2FqAEQ%3D%3D%7Ctkp%3ABk9SR4CYlrqYZw
BARNEYS ORIGINALS UK10 Ladies Lightweight Brown Leather Spring Jacket Pre-Loved,Leather,£10.50,+£2.99 delivery,5 Mar 2026,1,Pre-owned ·,https://www.ebay.co.uk/itm/177899309795?_skw=leathr+jackets&itmmeta=01KK1T5HC4YPP4N70GVMJ8VNZN&hash=item296ba00ae3:g:a38AAeSwulFpoJ43&itmprp=enc%3AAQALAAAA0GfYFPkwiKCW4ZNSs2u11xDGz4dI%2FZ7wvosVVS5jHzyVhJd06A91fWAkPAdk1SNSIMwmfETyhaZ0Nu%2FCahuvg15LgdINKY1WNh%2F2%2F04BfH87xyscfIXd4DvVwi%2BItgXinQgz6RFTofzqUBS9vjbUk3QfJoGYzitfxGxtHhdPxeXkpy11NLK20kCcFw5rTMmOV3f5MORyCIoUd84Lgkl%2F8kcW%2BTVdPXVDVfi%2B6L3osXy3PV83UxtZJl6GxnW%2FLI3ZeDn1MDvbZYc355QvISjLBWg%3D%7Ctkp%3ABk9SR4CYlrqYZw
Preloved Men's CIRO CITTERIO Black Suede Leather Lined Jacket UK XL - CG C04,Leather,£6.39,+£4.25 delivery,5 Mar 2026,1,Pre-owned ·,https://www.ebay.co.uk/itm/389674626369?_skw=leathr+jackets&itmmeta=01KK1T5HC4EX5GJ59RM1DHC2BJ&hash=item5aba6aed41:g:DRQAAeSwThVpi5Ka&itmprp=enc%3AAQALAAAA8GfYFPkwiKCW4ZNSs2u11xCTmhSuzxi939bSWFUTphY2pVnk82Z1FBzPUnCNV6EQe1leUGVIxcagEmPMrYMLFMyB85OTf8jU%2FDUpINGKBoD1fwHPa5%2FaaVVi%2BLo4M6yygWrS1J4XZiglna79HO%2BgMcWeJZ75g5xvgkYVgYtP1meg%2Fl1hOnzwT8Fg06rTI2VfaeZK1c15h0r4Nkx7K85BGg9R%2F636u8rDfAQrnvKlcZrakPFDrFOmHqBnmSRZ%2BnJBg0ypp6tH8bb531NsRZCu8b9p%2BRXGsYN%2FWT%2FpE3jlykgfnP63IvBD928QBliyAcg0xg%3D%3D%7Ctkp%3ABk9SR4CYlrqYZw
NEW LISTING,,£104.70,+£7.19 delivery,5 Mar 2026,1,Pre-owned,https://www.ebay.co.uk/itm/157728389879?_skw=leathr+jackets&itmmeta=01KK1T5HC4CSGH4G02P4BJWJE4&hash=item24b9583af7:g:F-kAAeSwn-FpqdPM&itmprp=enc%3AAQALAAAA0GfYFPkwiKCW4ZNSs2u11xBfWG4k3J2M%2BgknOkVUf2WkjDo780%2FCCIIkd%2FQ0KiktqA%2FPwOC6xxLbs8MFSYV9KkYaKvQVV69%2BoPsHDzMsk9q0t9b1QIz%2FqVHZMcyJvmkrme%2FbOCEi8JggD9ftFvRTfsBoJodf5jlNwO7%2B3o361tgwfY8gyM%2Bh7vpAX5En3F7zJx1i7YJXzuq7eAR3lny3X%2BBi2W%2FhfxUbfxpuS84FUpsyKIr3MKt%2FEBMgHYCO7DrzVnNWVS%2BWdT8%2FGyjOeb%2B%2FvHs%3D%7Ctkp%3ABk9SR4CYlrqYZw
VINTAGE ST MICHAEL BLACK LEATHER JACKET CG O02,Leather,£8.50,+£4.25 delivery,5 Mar 2026,1,Pre-owned ·,https://www.ebay.co.uk/itm/397661118965?_skw=leathr+jackets&itmmeta=01KK1T5HC4M4S54HK14ZRZAY97&hash=item5c967321f5:g:lGoAAeSwrL5pk3m5&itmprp=enc%3AAQALAAAA0GfYFPkwiKCW4ZNSs2u11xDRYv7VrLVDzcoTrrgJpAPCKO36iBkWLzJr0nJQOi2%2Bv%2BObsyVoXjIwmSWSy988il2mNcPoJoSaaa1icOSvdJB5vx49rXCta5mv1xqAfxSI1zyQI2VACZ%2B6C6y4gHFNChF17WFhGKUWAW8g0xSQMQHFhSfW3hQ79qFjw32ckIZXpkgw%2ByShg%2BqJJuoPhGQkBHHC5RUIDXYcOvr%2Bv8kM6vMhAhKOQ8Mc7Cf9YDXDdpajxR4ROavB9GhFc8CDoVmXgM8%3D%7Ctkp%3ABk9SR4CYlrqYZw
Bikers Gear Australlia Motorcycle Jacket 6XL Brown Real Leather,Leather,£37.10,+£5.21 delivery,5 Mar 2026,1,Brand new,https://www.ebay.co.uk/itm/177921661098?_skw=leathr+jackets&itmmeta=01KK1T5HC4J9RZKM6AHARC4X72&hash=item296cf518aa:g:LcEAAeSwD2NpqIY1&itmprp=enc%3AAQALAAAA0GfYFPkwiKCW4ZNSs2u11xAOltPzbdnKQHtoGG3KKqKg0tYWiqxh9K29b2EbnUrQOrPt6szSOc%2BcdxQGIW1oYfa5Vx8p51FUxOrA5TLePK7zLE83Ps3vvOTAsOmR7gOODDSTduhwFIsemjch13pScZYCGSLJkqomy50P4b%2Bk5DCqoq%2FSFmQdFeNj5ldsyzsoEO%2FsRjgYDovF5U0UVBas5WIYjSrJBQKWs6iq9poIsgr8OhL8g96FlVErDCg%2B5rx5pVqs1DbpWZnTn1uoesgV67c%3D%7Ctkp%3ABk9SR4CYlrqYZw
Women's Black Leather Jacket Size 18 Collared Zip Up M&S,Leather,£44.99,+£3.38 delivery,5 Mar 2026,1,Pre-owned ·,https://www.ebay.co.uk/itm/227233647418?_skw=leathr+jackets&itmmeta=01KK1T5HC4YAYJPAR5WE73C98F&hash=item34e82e4b3a:g:plMAAeSwnjtpFJlL&itmprp=enc%3AAQALAAAA0GfYFPkwiKCW4ZNSs2u11xCjdNj8zMiigamAOHjfEhSsjVPaZJjELMYRwY%2FWgg8AtnAx4IpJ4cv9uZHYPRzo9%2BlG%2BXrcokwFgttybtzbcFnjJj7cyhdqEm7oO5H7ErzMDIIyQHxGwe%2FM0pP%2FOJqHRbRuuA0MDTUjlMkyMJQPyWaz%2FcpGuSAx4GlHIy%2FDS0ixMjf6ZySYmatw7U7Kr28qtTwHDrsX4KSjY4W0OSN1p%2FqeaDCdkUVJ%2Fey51TYjkpC8uu%2F4Xh%2Bqrnlnhgdy%2B71xYBo%3D%7Ctkp%3ABk9SR4CYlrqYZw
ZARA LEATHER BOMBER JACKET ZW COLLECTION LIMITED EDITION XS-L 5761/240,Leather,£125.50,+£3.42 delivery,5 Mar 2026,1,Brand new,https://www.ebay.co.uk/itm/366246103854?_skw=leathr+jackets&itmmeta=01KK1T5HC4JJWBW6ZEFMPEPT7K&hash=item5545f80b2e:g:R~8AAeSwbQhpqIib&itmprp=enc%3AAQALAAAA8GfYFPkwiKCW4ZNSs2u11xDPKHaPkZc%2BqNdAWa4SkE9CHcMz58kc4NWjjY1Q8PjCwY8XcsUJDiGh%2F4%2FZJcZUbg%2Fw0AhIjluLTLjmAjUHxqX68M0IFIzuSBAZWgb2ADKq9nBS0tMqzHtowfy5PeiZKgtLnGkAjyQTKjQZVKMix6obJwLA%2F473KnVvenxo3uYeF2M--8TFIm7K0K%2B3WEGhnLVPO0C45odvpe%2BUx7gzUaLA5yUIJzG4NXNbyGiUqMiBhHnk8MwMEkwUDlB9NIx5IWIWh%2BW0MBf0Vg%2Bowi3e485GHCTEJ3N1bbt8GwYFMgvuGA%3D%3D%7Ctkp%3ABk9SR4CYlrqYZw
ZARA Brown Faux Leather Fitted Blazer Jacket Size Small New,Leather,£34.99,+£3.30 delivery,5 Mar 2026,1,Brand new ·,https://www.ebay.co.uk/itm/177840048389?_skw=leathr+jackets&itmmeta=01KK1T5HC4Q2SK262B28R1XF35&hash=item296817c905:g:wbQAAeSwO8ZphdDc&itmprp=enc%3AAQALAAAA0GfYFPkwiKCW4ZNSs2u11xBQElVInH%2BdOs9feMkpVljtrgdZ22yWFDoeOZovbotUvaIj18Olx2UwkWdRNMCzuZzYe%2BF9Z5yn4MVfPIXkX9wvfKTniRS33rqmzUBdn6J3gJFoiaUQkqBb15nvRjKoCPwUtaZHoq2MqSeKOVLwOU67e%2B%2BJ09NWqiw%2FD5Q5wt3HU8vyoMg3Qgx8QBfwh6gx6ymMLimMhJE0TSSXSKxoYpZfnnja9F%2BiVhHHOEkcNXyLj3MxTk4fgltyOInV6Sk2Gak%3D%7Ctkp%3ABk9SR4CYlrqYZw
BNWT Newlook Womens black faux leather biker jacket size 12 BARGAIN,Leather,£21.50,+£2.94 delivery,5 Mar 2026,1,Brand new ·,https://www.ebay.co.uk/itm/227193886219?_skw=leathr+jackets&itmmeta=01KK1T5HC41DCD17KFAZAANR23&hash=item34e5cf960b:g:bkkAAeSwBRppe0G6&itmprp=enc%3AAQALAAAA0GfYFPkwiKCW4ZNSs2u11xAyo%2F6jdCTtTGTg%2B4yQyPb8N6%2BuDLNSzBnWqjZNGxO%2BkcwqJCqGxxtU98%2FHZutToqRymvOgKoIOnnjd4klWee7F2IWkdyIu1NXhkLfmyk18GvH6UjUcy%2BOIYmp7IyA9WBelgtH8UngMeKBJCm%2BBONWIeRE5Ow%2FzvZHeGA7EeZ2kDblOrwTxqNObhmWBNM%2FPvfKbveVJl%2F5VUEkz1wEsUsMFgwcEct%2BzFdbbsDck398%2FGbaQ60DYMuSeQPPe3sv6TkI%3D%7Ctkp%3ABk9SR4CYlrqYZw
M&S Faux Leather Animal Print Reversible Jacket Medium £90 Leopard Fake Fur BNWT,Leather,£73.50,Free delivery,5 Mar 2026,1,Brand new ·,https://www.ebay.co.uk/itm/366225040779?_skw=leathr+jackets&itmmeta=01KK1T5HC4X4TJYPPZ0QTDY5SW&hash=item5544b6a58b:g:G78AAeSw88xpndFn&itmprp=enc%3AAQALAAAA0GfYFPkwiKCW4ZNSs2u11xCtUh3ws%2F7oR%2FDXW7NzchGCmOi%2BPvCiTxtamX3jOUBgzNJ2Z6IPVfO%2BqzOY4yIiZwqaHZ4U6BX%2Fv5TR1nIQshFAgBi0GgWFKrrreCmjWJ6lUb9O5F%2FNB8aJsmFW8Gz95LrH95YUEpLf%2BnLVSiLjRTTCwRf8Y2WkhEDVV587O0U4Mhr%2BoFiyx9olXpU7TiApPOSaYQDeWT3t2IEjkqdcsc%2B%2FoMWvJmaF7QR9q46sRBQ9R%2FSXpfU8ygi%2BbjsY3IJllfs%3D%7Ctkp%3ABk9SR4CYlrqYZw
Gentlemens Soft NUBUCK Leather Brown Blouson Jacket Classic Bomber Zip Up Coat,Leather,£169.00,Free delivery,5 Mar 2026,1,Brand new ·,https://www.ebay.co.uk/itm/304670152830?_skw=leathr+jackets&itmmeta=01KK1T5HC4C0AG2HYBAF4NV5N5&hash=item46efc1987e:g:aysAAOSwi~dhHOgf&itmprp=enc%3AAQALAAAA0GfYFPkwiKCW4ZNSs2u11xCZWZEpFHOyxArDNFQlObLJGN2jx3GMhYA9fVDm3lmqynDCHFWR8IMvRfvK8PCAZhCFVJ1KLwhjWUOaIW0i%2BjVe5GrUE%2BWn03R0Hg5h6CiUtIDEzEvADM%2FPK%2BCNaUHVwL%2FPO8W8BNOUOe9647yjhudsl%2BprcAAIrwPUAjBJcBcyoXa7YzATgmtjbS3T0isHins8XxMn7KCuRztGrhs28hwuXZwhtaMC4jLXS3vK6FPnLbLFxFBAEp%2Fo%2BPJR4ON8mvA%3D%7Ctkp%3ABk9SR4CYlrqYZw
"Hein Gericke Textile And leather Jacket, Trousers And Trouser Liners.",Leather,£52.70,+£5.21 delivery,5 Mar 2026,1,Pre-owned,https://www.ebay.co.uk/itm/236660601570?_skw=leathr+jackets&itmmeta=01KK1T5HC58TNA0ARFPBPE20QW&hash=item371a1232e2:g:HNIAAeSwN9ZpoyIX&itmprp=enc%3AAQALAAAA0GfYFPkwiKCW4ZNSs2u11xAYbiKWATsy3y1VQ%2BjKjzIm8l3tN9B8ptc1eO4xieDe5NvXjqyADcSEAnvsE43hDiN%2BLvPrXH53wn7FEAts9SRyGhq4Qfp9ppIs3O2HV3AZpEdO4RnkNg3lRFHAONnQkyO2X%2BdpF2NCwelqnil2KyJ3O5%2F3LgjMKD4AFmOHjOZYDXbkWydroVdv0pgnUF5ZlRJ4137kTCGGkBD6fEIaifvof5eGKPnA2XmeIOVgbepSCnWF9VIvq1dYZhOJQm19Lv4%3D%7Ctkp%3ABk9SR4CYlrqYZw
Women's Black Soft Multi Zip Coat Retro 100% Nappa Real Leather Biker Jacket,Leather,£34.30,Free delivery,5 Mar 2026,1,Brand new ·,https://www.ebay.co.uk/itm/285457510183?_skw=leathr+jackets&itmmeta=01KK1T5HC5ZNN0R0N5PGBWAJWE&hash=item427697ef27:g:~qMAAOSwHgZk9IYZ&itmprp=enc%3AAQALAAAA0GfYFPkwiKCW4ZNSs2u11xCXbOXfbfQp3RCY9WTtCATJxuwNu7nQgkse0u6Q3TUpiByGVHnZho4u2qDGP%2FgdzOBMRKCTYRZLlRgDwQXneRdl5EP5Cdg2sM6sARt2wI17pe4DMHLW7DLRRgYp5p2l80FDTDCYFKzEiBnodiQvqOJgbA9oJZNE11OIy3xsqBCtiF7e74PcZGfEvCJPJccKzrsWzpRivv36xQQKqJo06fQsbOeBP%2B%2BdIeJfRwJr1gsQJfa9dtsZbwRYMbwmVUrYQDg%3D%7Ctkp%3ABk9SR4CYlrqYZw
Superdry Women's Leather Jacket Black Size M Excellent Condition,Leather,£46.00,+£7.19 delivery,5 Mar 2026,1,Pre-owned ·,https://www.ebay.co.uk/itm/157718119356?_skw=leathr+jackets&itmmeta=01KK1T5HC5D4K9631204QA4DZT&hash=item24b8bb83bc:g:cqUAAeSw431piJxA&itmprp=enc%3AAQALAAAA0GfYFPkwiKCW4ZNSs2u11xDudC5UaBrSRvRrPNqjVutUSZfKMTlaG5fRA5UeLY3KMeHr4tak8AHsdg4%2F10wvQ1VplYnOaKe2dm%2FRIPBnKJ0vP1nwfRfT9JLsqWCDlIo8seMJP2l8jLj9pKqE77%2BHpIrZmPIlNYxsN%2FY2zQDVQelWMKG5wFr%2F3Z4JysLeyUfFzIi6ImW9%2BAfReeRx7V2hVs2JEqzv3NR9cnViV%2Boc5X9GgX9BH06jP01fiCJvlYIz1qMs9NYOxAKYUf3OohDBTOE%3D%7Ctkp%3ABk9SR4CYlrqYZw
Man's Lld Originals Leather Jacket 2xl 48 Chest retails at 135.00,Leather,£28.10,+£2.94 delivery,5 Mar 2026,1,Brand new ·,https://www.ebay.co.uk/itm/227223699704?_skw=leathr+jackets&itmmeta=01KK1T5HC5XNQH26T3WGTCN3S0&hash=item34e79680f8:g:AG0AAeSwY~FplzR0&itmprp=enc%3AAQALAAAA0GfYFPkwiKCW4ZNSs2u11xAAt0QoJpu85XZngPxFK6Pn3QvI17WMMHkbfekagYHInCDhYbA2mno03T3XMJCz6LmbVxRgsADU78XzsVg3AK3v2DUNK3W0J6APsxTyBcJQhXmyefdYPnAybcBfTobGPRzPcEN9xkN5mZAGGq9sE3eQrDRwIw8Oraoq12WNqiVQgdyykVjkKUCkuzgpVBG39igYg%2Bux5432m9ycQhmVjap9XSOa4m70EHS2DGDjWR107bnN8Ml7QJ3v12xJzobluAE%3D%7Ctkp%3ABk9SR4CYlrqYZw
"VINTAGE WRANGLER LEATHER MOTORCYCLE JACKET SIZE XL , ACE PATINA",Leather,£194.14,+£4.26 delivery,5 Mar 2026,1,Pre-owned ·,https://www.ebay.co.uk/itm/236634334386?_skw=leathr+jackets&itmmeta=01KK1T5HC58YRGR18952DCRWWE&hash=item37188164b2:g:n80AAeSwJPdpjznG&itmprp=enc%3AAQALAAAA0GfYFPkwiKCW4ZNSs2u11xCW9SFdoJO4T8hAYKXJ8G%2FOkfzm70jPZ3jCIYq11Ma8965T2fRowU1v0193uuzk1TmYppy72W1yAqkZj5rtcfzyiyhKLiZpc9gUG6qAA83zzO5UdM%2BLSC9wEF6pU9M2fAYTL0Pws0wS6HkS4cMepCPEK4VHCuMmOAWNy6uSaLpb%2BBTEZBkDM3MIRY2NnLOk%2Bxx0V2dzKbyUeYPfxjz1%2BRXNkzC4yT4TVEIzt%2FBG7IBnVNisa3BJInA4nqo3u6WqSYY%3D%7Ctkp%3ABk9SR4CYlrqYZw
G Star Raw Mens 100 % Real Lamb Leather Chopper Jacket Black Size L,Leather,£75.00,+£3.99 delivery,5 Mar 2026,1,Pre-owned ·,https://www.ebay.co.uk/itm/236024110795?_skw=leathr+jackets&itmmeta=01KK1T5HC5JF5NG1VDRZX29XEB&hash=item36f4221ecb:g:T4YAAeSwtQpn5ciB&itmprp=enc%3AAQALAAAA8GfYFPkwiKCW4ZNSs2u11xBMi7xHKNY0YY2IDANzRPe5Fv47f5hDoT6C74u2VyjeWhxmyqf0NJjshDMNxfa%2FE6fNUa7EXCF1JInx2iC8UV3B5%2Bdcu5vxasa6%2F676BdIiDSILvU%2F01V7jHUPgb1SciJ1SNS02VmTmHNTjyf29Et8%2FQCfWnn2qBntKsjFxNnWiK8HLplJRmdjD1dHDpW7VzX0HpsFuNrt7TfYjHZNyrC0O1GlgoafuxlCWO3TptYzNQKRAhUybUOyQ1JROhWUHN6psV1QswwoOm6vrLzD6ZHfh2t4GXSINA0tGGukRNSNQpQ%3D%3D%7Ctkp%3ABk9SR4CYlrqYZw
Men’s 100% Leather Jacket Size medium Matinee,Leather,£16.00,+£6.65 delivery,5 Mar 2026,1,Pre-owned ·,https://www.ebay.co.uk/itm/377001540701?_skw=leathr+jackets&itmmeta=01KK1T5HC5VBD8RB1RKZ38VG1G&hash=item57c70afc5d:g:tnAAAeSwfzxpGanp&itmprp=enc%3AAQALAAAA0GfYFPkwiKCW4ZNSs2u11xBTU8AheTrT7gzBgczOj%2FVqG%2Bco%2Bdr6pjzoSTUEyB15qNzFOWIOC%2FJob4kOlnKkfv%2BHXAepgGWl27YVw0nzvCiToO%2BYXixmeJofxvvnLqAG5A9hg%2B5zOgVAXvPKWjatVbPO5W2e%2FKu9ZDt4b%2FTXn7mwLx3kDAfXSP%2F418iD%2F5%2BMnxST5hvOWoHDeeQMsLDrApBrPFN80l7eg2OMB72QYfGGEdnL42v%2BuGiYoYi7wNn1kNWJRUHR6us1X4gY5SH%2B%2FKY%3D%7Ctkp%3ABk9SR4KYlrqYZw
Biker Jacket Women's Black Faux Leather Coat Zip Front Stand Up Collar Pockets,Leather,£20.76,Free delivery,5 Mar 2026,1,Brand new ·,https://www.ebay.co.uk/itm/168057269591?_skw=leathr+jackets&itmmeta=01KK1T5HC5D7R5HANHSEHQGQ5B&hash=item2720fe6d57:g:mZgAAeSw9cNpoEIz&itmprp=enc%3AAQALAAAA0GfYFPkwiKCW4ZNSs2u11xAg42IvZOJ%2FazMlMbF2Bb2VJgg4Rufz38uASNaGB1TBVg787aIknQhDDO04jnDLol50HrLpKdw9tHBgR1VspQLB1F7w1yygna6A0d7qYETM7F2%2Bd4XDpwnrn6kaSEXSSthDPcdHScNqfFhAqTcL7A%2FZjPm78TdvmFZh6G6JmPEj1lqMJytB0ZMFXa4HsPtu4JuMBw6H2z11sxFjW%2BialFSpVZKsy01UsSlXgGHRYjtHmji9BRGAPjj321forADjhG0%3D%7Ctkp%3ABk9SR4KYlrqYZw
Mens Medium Gap Leather Jacket Black,Leather,£26.69,+£3.38 delivery,5 Mar 2026,1,Pre-owned ·,https://www.ebay.co.uk/itm/236666700679?_skw=leathr+jackets&itmmeta=01KK1T5HC5S980MT0KJ1K8DSX4&hash=item371a6f4387:g:EQYAAeSwCoZppyj0&itmprp=enc%3AAQALAAAA0GfYFPkwiKCW4ZNSs2u11xCoh9P0DcWPTXNgK%2BisRTvlrGiKudntYTpR8yLYOAs9EYsX%2FTpk2RVynLrpj3GbZ89wjuMuiH8Y8KvIKrlNjQQNHhpeuM7htavquwG%2F4L5uegUZhjAU2gqB7cOkYOhnSGnES01Th0BFPQrqVkrOEWfURHevzpsENNiuvMpZHg6eyjAEtYl9eZeeimBUQFuh5sSBXmpeEthhw8kYl%2FuOdhPFrYHq2Xb0sgc9Vm3Jmz4mWC1haMjXk0cuTSkvTsciWfQ%3D%7Ctkp%3ABk9SR4KYlrqYZw
Baby Girls Pink Leather Jacket 6-9 Months,Leather,£1.97,+£2.94 delivery,5 Mar 2026,1,Pre-owned ·,https://www.ebay.co.uk/itm/147181362520?_skw=leathr+jackets&itmmeta=01KK1T5HC5X9VDRWCV2A86Z8Y5&hash=item2244b15d58:g:j18AAeSwO2Bpd9Nd&itmprp=enc%3AAQALAAAA8GfYFPkwiKCW4ZNSs2u11xA113rTatOKEWkuzEhMmE2GCgSyal8HnerKny2OaQR8P%2B5t84w1qygDWmbenOfIdWdLqmamQyJe4ymnfq15y7vZIkV%2BX9ro0rFemN8lj%2BIYv%2BNgF3%2FOQbM3tRuN3YcwHOvCNLmrfDKhZSxO8mewDy7TBeG6RfZQpZ3%2FSXgN87OyxK5nIuykL68ylQA2UG%2B3Bfk0c3b19dMDuTbT10iU050ZmJgg0Kp37ACfo%2BVgs7JEk9TdCV8M1x6RjKIc5%2Bvq4a0fp3TOsB%2FUUiYAeejPBU98TdVxouvFxhr3LTedMXOYew%3D%3D%7Ctkp%3ABk9SR4KYlrqYZw
Leather Vintage Jacket Size S,Leather,£5.45,+£3.38 delivery,5 Mar 2026,1,Pre-owned ·,https://www.ebay.co.uk/itm/147177355804?_skw=leathr+jackets&itmmeta=01KK1T5HC569YM8Z68YDJDS55D&hash=item2244743a1c:g:XCEAAeSw0LVpozQP&itmprp=enc%3AAQALAAAA8GfYFPkwiKCW4ZNSs2u11xBGhtv%2FS14fEw1LEPGz%2F6Xef1Swx3RONMu%2FClrD5TV0hoQbs8thF%2BWERH9YAc30Uf9lvmTpzTDpAF7rv0el7I4vQbXwX4N2sMS%2ByoDCD8VUtu8ZL%2B%2BsxXx6is8oc8k%2BhuPw3Vvo1p8HEj9eAAbN1c4gi9YadNy3rhodk1s7dvGt9qXzgtdQx4lXuMBYOojjqt%2BZPCtFqJ7DNrb9NdLBMYdfgH6A8vUdy5cLIuwvuP37Ocf0YwNQ8tzPvAAk8pMskvZbL1YPfmxyffbGRqf7x4Yr6viUOFrUJZtT1ydDk1qz%2Fg%3D%3D%7Ctkp%3ABk9SR4KYlrqYZw
Men Vintage Cafe Racer Brown Black Leather Casual Slim Fit Real Biker Jackets,Leather,£19.99,Free delivery,5 Mar 2026,1,Brand new ·,https://www.ebay.co.uk/itm/306416481510?_skw=leathr+jackets&itmmeta=01KK1T5HC5EVK5Q5TDCZ5VF7AZ&hash=item4757d874e6:g:EUUAAOSwP0RoOWAK&itmprp=enc%3AAQALAAAA8GfYFPkwiKCW4ZNSs2u11xCbwdNw6uk2N6UPhlpPQi4I%2FCf9g4Q1ntDnR%2BYC0YGvuTuUhKjMpn8zWstTK%2B60SkggKjTFbAhW6RHDImU%2FSsUKUxHr7C5Yl8JG%2Buo06AUqmLxLhN4lX2ZB6hEMcQLZak4oP%2BbBT1XJOvRhzKAxnx%2FPAx7Pe4Da%2BRmMUOLv3CkB4qvf2B0Cq%2FuCIfHi7mczo4yLjyp%2B3rjNLATSR9wYsQulsdFNiMjWtAQXrRNOOXQaLKx3oc6yf0fA3mVxp89SDZOEkvgCQkSRw3SypWmmepDqMU8%2B184%2BwMadr3fbi52pKg%3D%3D%7Ctkp%3ABk9SR4KYlrqYZw
Vintage Vegan leather moto jacket military buttons JouJou M HAI,Leather,£15.00,+£3.70 delivery,5 Mar 2026,1,Pre-owned ·,https://www.ebay.co.uk/itm/277776624836?_skw=leathr+jackets&itmmeta=01KK1T5HC5M6K8PZSXJFJ3AEJ9&hash=item40acc6ecc4:g:L60AAeSwBxdpqYda&itmprp=enc%3AAQALAAAA0GfYFPkwiKCW4ZNSs2u11xAPuSYhg7wCC3CVlTLhEyLEP73AS%2BlN8GC2nPUwI6Sgl5mXxOYUhg3qz22zFpuO9zSRtmIfrw%2FwFG22H2ij1UGSB7fvjXIEzECJcUo%2Bn12agWl6nqVYbXZ9CNwZw3JlxYi24fYxnRtjHLvVPkUzs1o7E5T6REk73%2BtF5O%2BcsoSvXknHpOkt54G3sQDVLG0DcMYyAjedej5JptGCKimKaia0xgtUvTNAmt%2B8dLsjeXUpQFY4XTdl9wpFiGQOaGbvZss%3D%7Ctkp%3ABk9SR4KYlrqYZw
All Saints Biker JKT Black Leather Jacket Size Large Men's,Leather,£68.30,+£3.38 delivery,5 Mar 2026,1,Pre-owned ·,https://www.ebay.co.uk/itm/389586583283?_skw=leathr+jackets&itmmeta=01KK1T5HC5PRMX2FR07FTZ5J2S&hash=item5ab52b7ef3:g:XPsAAeSwqDtphig-&itmprp=enc%3AAQALAAAA8GfYFPkwiKCW4ZNSs2u11xALFNf4JKeP0j2uYjeao3FCL%2BYF4C95qZ05K1v6WzC1K44vz%2Blx4aHV3JauUx8SHybG0%2FJ6K%2FO3y9nPACz8Jyu1NIEzS6nfqmWD9hbCwy1LfF4sW%2BGabHLBRxmwWoVthYxrvj%2Fh4OfXfDnjGcYNt8%2FKpa1aKLR1jipngmCnrr%2F15VVZ7HIOzumzLokppZckZ0deOE413clt4xfvCy%2BmKWQac186VafhtPOto64KBKBSDL0FMXXhOlnUHjBHb9NfkARHUwu4E5CxVMm7qeKCGMhrAt4t0EHr7Enx5a41mr6pgA%3D%3D%7Ctkp%3ABk9SR4KYlrqYZw
Vintage Waddington Leather Biker Motorbike Jacket,Leather,£46.46,+£5.15 delivery,5 Mar 2026,1,Pre-owned ·,https://www.ebay.co.uk/itm/177924060484?_skw=leathr+jackets&itmmeta=01KK1T5HC5GR4ZQWBET8QV8CJX&hash=item296d19b544:g:C4oAAeSwnc1pqYeK&itmprp=enc%3AAQALAAAA0GfYFPkwiKCW4ZNSs2u11xBL0wla%2Fu25LeaK%2Fi0kkvsuiKjpiHL%2BkZgQgY9uoEk%2F6dtFcNiv3PEDUghdg38d%2BY2UE944GnQtb4S4Q1OdPt0%2BW%2BNJtTg8ceaF5xejVOxJ7Ls7AVNMb4G%2B8QnXz8Mc2cX3dcjvfkuppIk%2F5uwxU3qyFSo0eFS7rDQp%2FZiLiWJ17KoDfeDvA5s6VE%2FS6%2BoY4l3IP%2B9BZo%2FCLwhRlFcvUrx%2BD04zKQwW%2Fdb9NZeIvOZgIHIKOk0eI94t8L%2FeO73IYM0%3D%7Ctkp%3ABk9SR4KYlrqYZw
"Mens, Black. All Saints .Leather, Biker Jacket, Size Xlarge.",Leather,£33.98,+£3.38 delivery,5 Mar 2026,1,Pre-owned ·,https://www.ebay.co.uk/itm/406723634925?_skw=leathr+jackets&itmmeta=01KK1T5HC5DSD6APM6HBB7TBS7&hash=item5eb29e26ed:g:G9oAAeSw1sZpoFe2&itmprp=enc%3AAQALAAAA8GfYFPkwiKCW4ZNSs2u11xD%2Bz%2FJxX0HNWuPHhXFce%2FGOYBHNVPJxw%2FhpeTEkEJcuE8SrXDhlW0mit0SlXnYEkIfgcyRuqqjLTBVgciltlel12yucbxwJGBXYKqI4n5RM%2Bwpt893C3ZLctpCQ6Xx1EioYnwg3uT4kv7xfxvZvafBJqyS2lgRSVrbxkxPdM3tt9fLyiubHixfUNl5%2FmF%2F2ehEBA2MdCpto%2F05h2zdUDuLeYtNP3SEFvNCTXFHN%2FKABKUihGviGCPPE4RbJODMew6mCrxsjAIPk5NtD%2B0PJ1lKxEjd575xcfP3Dp8y5rvYNRA%3D%3D%7Ctkp%3ABk9SR4KYlrqYZw
Leather Flight Jacket Men’s Large A-2 Bomber Aviator Military USA Black,Leather,£29.82,+£3.38 delivery,5 Mar 2026,1,Pre-owned ·,https://www.ebay.co.uk/itm/389699201593?_skw=leathr+jackets&itmmeta=01KK1T5HC5RQA3YB4GEEAK3NKC&hash=item5abbe1ea39:g:AesAAeSwpvJpqHz2&itmprp=enc%3AAQALAAAA0GfYFPkwiKCW4ZNSs2u11xDXOAFIywf%2FYI%2BaJVajJ3eVKUDCOBxzaGFRnjcI4KuUgg02W9olkVKdrNxfdTiOdhRrXIiJfKUxMh4H7gaz7qu245Q6Vlf5PAcBtWZf5LKrxeMyHOXi8D5tmvx%2BSds14Px%2BvThwOfp35VpufDdVUE53sp4lAdbMeRGjVt5umf58y9yz5bKHKXMuSxbXFB8Hn%2BW2%2F9AWtjaQtAiH7WwXh0PAgYcIjlAwTcNg5qa6USJIb6qMMysTW5cF%2BaEZOjOSiA8%3D%7Ctkp%3ABk9SR4KYlrqYZw
Alice Temperley Leather Jacket Size 6 Never Worn Excellent Condition,Leather,£125.50,+£4.26 delivery,5 Mar 2026,1,New (other) ·,https://www.ebay.co.uk/itm/358154716583?_skw=leathr+jackets&itmmeta=01KK1T5HC5VY57X3J2G0WK0M59&hash=item5363af45a7:g:YwgAAeSw06Bpdp3F&itmprp=enc%3AAQALAAAA8GfYFPkwiKCW4ZNSs2u11xAptk17k7VRO%2Fpd4X1%2BmOWfHnBsimdHsWqTraVVK7drhxpk8SmRII2GSYwkyvGVMghj4sPkqRjfP6MO5f9zYlnUbh3i0XU9IAWR4aIi%2FVLb3ZO%2B2mm9GPAmQPREchN47nIkaM2mBOi7dJAaQdlwhWKmJ02jv4fs7NNSEN%2FozG1Pp56a52rJT6uwy8cwfxX10kyPR%2BHtoCPUK8pbDh%2FMdhqmezuuoWCh3QFVozPlhFfTGcJFo9rw7MbWKQ4kC39%2FIXpgezgEi5u7bEif%2FtEfn%2BTVlZTA4quKqQ7a7PEzF%2FTmCA%3D%3D%7Ctkp%3ABk9SR4KYlrqYZw
Womens Leather Jacket Biker Style 100% Original Leather - Brown,Leather,£50.00,Free delivery,5 Mar 2026,1,Brand new ·,https://www.ebay.co.uk/itm/164043578178?_skw=leathr+jackets&itmmeta=01KK1T5HC582RZT8HK8ZYJMS3W&hash=item2631c25b42:g:q0UAAOSwPbdeKGQp&itmprp=enc%3AAQALAAAA0GfYFPkwiKCW4ZNSs2u11xDaPdw1HW8%2B0BxUzwpqIb8DHTOBS2dG6Gk%2F6BcTbVM941yUObrPvh4ir2I7WC60odQ1rn0k4ZTXaoq65eXHVYCN8A%2F3F53InMWxkaVAvpf0L8qz8LA6FXtOdttV458Ys6l73SkTy84Woae809QNWlP3CdXRGV7sIZGAGE125hAGelEqk1wzF2jyCwOXjR0cUrCzYyeykjlbxYlgXAFtEKHXrRlriKgktOb9nqUA2lKMCankgfGtp5fo6S9PEVjE1b4%3D%7Ctkp%3ABk9SR4KYlrqYZw
Cole Buxton Men's Leather Jacket Size Small,Leather,£182.70,+£5.88 delivery,5 Mar 2026,1,Pre-owned ·,https://www.ebay.co.uk/itm/147170457332?_skw=leathr+jackets&itmmeta=01KK1T5HC5H4K4FG6GKPTYZKV1&hash=item22440af6f4:g:1mcAAeSwlB5pndmQ&itmprp=enc%3AAQALAAAA8GfYFPkwiKCW4ZNSs2u11xAsdB0DdPJwpx0eJK%2Bz6LhFu4UTN%2FmGIuRpUs4%2FbCJ4s5D8os71cjsPnbbe4PTwWhk%2FJpDzYM2RRskwNRXc1YkWNvHsbuILiCMsFZs2xzJXIwJjZm%2BPJHUaO58Bvryn3%2BSTZqWu1Y3acUIYB6VPsVCiTMhK5bNABppRM4vTtyrFh6LIJL22q24NumyPwnfiejeibAah8clTNDauihHvH5qu%2Fw9--EzTsie8g6g2230ipVbzHB4GzOa3Cbj11Z99VSHEjexOPRtxynRknrmMzsmQGhOGjAIvj1E%2B2Yi5kSMnYg%3D%3D%7Ctkp%3ABk9SR4KYlrqYZw
LA REDOUTE COLLECTIONSSignatures Abelle Leather Short Jacket,Leather,£49.01,+£2.94 delivery,5 Mar 2026,1,Brand new ·,https://www.ebay.co.uk/itm/336306361918?_skw=leathr+jackets&itmmeta=01KK1T5HC56DDA60GZB11XRHP7&hash=item4e4d6bd63e:g:~CYAAeSwC~ZpIatQ&itmprp=enc%3AAQALAAAA0GfYFPkwiKCW4ZNSs2u11xASyCmhgXpxNMGsaMxVGFf3XWPzDiNjeP6%2BXGLiregn%2FO6ETvm%2FrDGdbbSIBrcBx%2FJX65DVN7gvdkfZHwn86mA1f6l5x6jfd9VAyc6bzK0GKpEphs%2Bn0SzouYLtSyfKddLkg0iZrapEuZnCYmLz9lmzRIn3fp8OZT6B09OysxUVVa2U6opGRZki4Bh28SeBmu8GXSlTqHluc%2FxJHFCvM%2FT%2FotwaIhpPBaDKIyEFmCjeLH1z5yiXwogxgghzbu20dcQ%3D%7Ctkp%3ABk9SR4KYlrqYZw
Bolongaro Trevor Leather Biker Jacket Men's Large Brown Quilted Suede Panels Zip,Leather,£44.99,+£4.99 delivery,5 Mar 2026,1,Pre-owned ·,https://www.ebay.co.uk/itm/198097213563?_skw=leathr+jackets&itmmeta=01KK1T5HC5T1GTH7NF3NNSDQTS&hash=item2e1f83987b:g:UZwAAeSw4A9pZUru&itmprp=enc%3AAQALAAAA8GfYFPkwiKCW4ZNSs2u11xDU8LScN%2Bk62%2B2FO7m5oUfMjSdybEe3t8EQuGs9iWddLog57j1yA0exxDXMGsrc8sj8nxqwFvQQp%2BWge7iVjUGUdfmB21NthBo9XlelSVgrWPxgCyuGMNCr7KayQ9NsUkhZlxVWTmMuC7wHpSEKDGKK3dBmlV2F%2FvPvC2UaK7wHv5Q2%2BLzJzTVYQRkO7H2J7M6vkRk9%2B%2Bnxf0%2BdHGHZ1kvAEBsKWcTYi%2FCUA9y4a8XoYYXyw3Hy9Ki1pXF59jo7mkrdcdkSZ6PblVnlyAtPVRSjwzy3xKZc%2Fo6aP4ZPRm8Ipw%3D%3D%7Ctkp%3ABk9SR4KYlrqYZw
ONE Vintage Black Leather Women's Jacket One Button Fully Lined Size 10,Leather,£4.38,+£2.94 delivery,5 Mar 2026,1,Pre-owned ·,https://www.ebay.co.uk/itm/198139786593?_skw=leathr+jackets&itmmeta=01KK1T5HC5EK49FGP07P1NB2YX&hash=item2e220d3561:g:4XAAAeSwwJdpcmSZ&itmprp=enc%3AAQALAAAA0GfYFPkwiKCW4ZNSs2u11xDHYMrZPkGWzKfSJzh3MDO2ETgn8XVus4gK2OnYsTvz9drJuZ8GZi10AECIjSXNsvapGOmRhC2g9NmFVi28prYOtmK%2B2a6ZZxkbvjruhM3xzXQKRhY7GEwv%2BosWnmb8wZs8iKWmGFZs4h4PxQzHULRG2kDpII7cvjZ0O7oSHgDUnej5K2iHdW7OYXxq5I8Cdm5D2z7UKNbUcBL4LTrT5XCaJS8CMciXaf41QfeT8Gx%2FK6pm%2Fn98YOBDeWKraKlKZiU%3D%7Ctkp%3ABk9SR4KYlrqYZw
Matalan I Love Girls wear Black Faux Leather Biker Jacket Removable Faux Fur 13y,Leather,£7.59,+£2.94 delivery,5 Mar 2026,1,Pre-owned ·,https://www.ebay.co.uk/itm/198139784516?_skw=leathr+jackets&itmmeta=01KK1T5HC5G5GRCRCMJ86EY0JP&hash=item2e220d2d44:g:5JAAAeSwhJlpoIkd&itmprp=enc%3AAQALAAAA8GfYFPkwiKCW4ZNSs2u11xDFL4tWm1hEyzFT5QlaQ9nPL0WqB1Yw5%2FQhFRE73Tb3ddEaQeFw3LSVVw%2Bf3lr3sKwKtMQ79CaP8zPLn71CLdUlTHZsBWlu%2BEej2ct8MgS%2BGUwVmZC27jfGcgazP0q%2BU9z2W785R7aSK60uDoe6DVQBl3D5LgX3ko58G928m0BHzHltgmnP2BbnDLjBOs5LqrPdklpp8GhIu%2B4u93CVNBW7EDx9zl93PW0qseF7s8QkQiM0PeA9GC0mllI8Tf7sU1ykwmEIhON%2FbebzW0M6xQeylxIqLn%2F%2BUr8IQSTkOpuNvg%3D%3D%7Ctkp%3ABk9SR4KYlrqYZw
Marks & Spencer Autograph Men's Black Leather Bomber Jacket Size Medium,Spencer,£29.82,+£3.38 delivery,5 Mar 2026,1,Pre-owned ·,https://www.ebay.co.uk/itm/397556037103?_skw=leathr+jackets&itmmeta=01KK1T5HC5XMNXG3TT31MY3KF7&hash=item5c902fb5ef:g:dOMAAeSwRv1pfgOd&itmprp=enc%3AAQALAAAA8GfYFPkwiKCW4ZNSs2u11xCT8WjQpG0Q3IDzIdebwbPOgUZpo6HTXFnMZpmaPON28kUBxw4CQrKqVHm%2FowhsT%2BNZ6I6yAxYK0qQatYHe%2FSspJ79zXzomMW5kegYlaONklQ8FXrK0haNgRKYkaZubTW79QBXR7zaZStCRuanh8G62rGBuGUeJUF%2BCvo8z9up1EGD6MwxvsWJN91HcYwroZ8BbldoB7cJzCejBxDbGwdUGLcNierIeJqthGd5j3tTTh8pS5m0UWkh3CjZ362R%2Fs%2Bi%2BlE3ChXaJ2vuMWHlC1ySZwO2XfwWInVlO4ZX5xobriA%3D%3D%7Ctkp%3ABk9SR4KYlrqYZw
Kaleidoscope Burgundy Ladies Soft Leather Jacket 14 Women’s Button Front Blazer.,Leather,£26.70,Free delivery,5 Mar 2026,1,Pre-owned ·,https://www.ebay.co.uk/itm/277659601794?_skw=leathr+jackets&itmmeta=01KK1T5HC5SYQMQGFWN224HWY0&hash=item40a5cd4b82:g:V~YAAeSw4U9pbolw&itmprp=enc%3AAQALAAAA0GfYFPkwiKCW4ZNSs2u11xBt90SkPmHTedrC0PfnGR0qgTwRBd4RjqR1w%2FbyNMsmF9Nogblo98f3rlTdqHrlxeJlP86nNjCNiMIWWLNt3iQzrDQijahY8kbriuaipgge4%2Bq2IW8FfybnQkmku2tlWSKb93FD8HSFfebeKxwiYO3lXCCyAk4nwotu%2BEzaw03JMP%2FGhctis8zK1E%2FBT%2B%2FtMFw1d6odCHrja8FmzWjp0Mvb4HAkbYml2C6cd0Xq7oh2P6RAq7dR%2BC8qi6EdqryKV%2BI%3D%7Ctkp%3ABk9SR4KYlrqYZw
Men’s Black Leather Jacket – Biker / Racer Style – Zip Front Size XL,Leather,£38.25,+£4.95 delivery,5 Mar 2026,1,Pre-owned ·,https://www.ebay.co.uk/itm/317785962671?_skw=leathr+jackets&itmmeta=01KK1T5HC5DKFFNNXFZP2H3DB3&hash=item49fd84f8af:g:3lkAAeSwdg5pcLFe&itmprp=enc%3AAQALAAAA0GfYFPkwiKCW4ZNSs2u11xCveYPH1xewJwzAFLLH6xZDgwvcQboFM%2FvwFD36bFIAtcVoCXtlRhvZ6V%2B9Czoofdvmgd6LZkW5uo%2Bijq6U95Mo7g6HS4yhLumMenr8U1L6Wb%2Br9rJJajfV0D5sd567wywp3Tegs66DUjYRfdN6OGuTNkMphUUMzGWw1F%2B8eVi0RRydyRYcpIRmExmYLnC2mrGO9JyH6sIjqvM3R3soviNz3MdzlLSm0h%2FHhasSoFIpPMWWc7e2mGF2m3bpGhunlh4%3D%7Ctkp%3ABk9SR4KYlrqYZw
Belstaff Highlands Leather Jacket Men's Medium,Leather,£162.94,+£4.26 delivery,5 Mar 2026,1,Pre-owned ·,https://www.ebay.co.uk/itm/227233576752?_skw=leathr+jackets&itmmeta=01KK1T5HC5VMVKXFAKFPYYNRFH&hash=item34e82d3730:g:4WMAAeSw2dxpoIZK&itmprp=enc%3AAQALAAAA0GfYFPkwiKCW4ZNSs2u11xCHZMG4Pk1%2FxTW8W%2B5gAn%2BkPfQ3E7jEdTTWSjLvEx6fmkMJ9FzYXk1eXiI6J%2BkT3OA%2FG3vklAJ0KTX99O6vGGo4PXHPXfpY9KawrXEYJ%2FHl9SHKsNJYUhGa5wPdJ1m%2FS71CPBzJSlPGsEKLWWlGHwD6yQbrHQgmmk2ZUnaGM%2B1fJRy2quXaWW%2F2HhShp%2B%2BXT8Ja3AmlkoLJi9us5Lptscv8KBsPEBOYh6aEWQUaQq6TX6ar73pezREc%2FpvOPUamV6M%3D%7Ctkp%3ABk9SR4KYlrqYZw
Vintage 80's TT Leathers Hand Painted Biker Buckle Punk Jacket,Leather,£135.90,+£4.26 delivery,5 Mar 2026,1,Pre-owned ·,https://www.ebay.co.uk/itm/389581841518?_skw=leathr+jackets&itmmeta=01KK1T5HC5Z1GRW5MCDYMNTVM3&hash=item5ab4e3246e:g:96QAAeSwLClphLRI&itmprp=enc%3AAQALAAAA0GfYFPkwiKCW4ZNSs2u11xDrWzqW8dh%2FfT7n3ELu71%2FZvMalMFb4LZ2jA9l2dq5%2BniZKnKQfRf22lcDJTUj0l5WmoUFRxrkehZ7ilZNNAT4bBqSNFkNpAAsEqSKlpG48SzMp1SUkT%2BwStkfjJTSRgg4kovl8cqtyPqzF0tJKJJDmVl2l0L%2FQwoz89MT8jkGWt84BdNau7Djg4csRKWiTvS9fl0lniU6GEHPb53P94gIEXkNHiF6SqXcDMj5BmWrkj3gUhyMzG3S5B75NOUPhQaI%3D%7Ctkp%3ABk9SR4KYlrqYZw
Mango Faux Leather Jacket Size M,Leather,£10.80,+£2.94 delivery,5 Mar 2026,1,Pre-owned ·,https://www.ebay.co.uk/itm/336453649352?_skw=leathr+jackets&itmmeta=01KK1T5HC5RCSWG95JC4QDWKZG&hash=item4e563343c8:g:cIsAAeSwGJZpcmI-&itmprp=enc%3AAQALAAAA8GfYFPkwiKCW4ZNSs2u11xBty3%2F9u4hN69npOaN1KxHBUGVnZ%2Fw7t4Ciw%2BK0pgbRHJVmAjSGm%2Blz8%2Fh%2FLYv1m6rxZcQ%2Fv8xK0EivMp6UvQRNkik06inc1r8VehPXTcJBThaIfvUDbWMPW%2FGMTdm%2BTObBnlGDULbHoAZUvXYNpdoMy7jSY%2FQeBJn8plqSDpbYnohX5byYQ63YjqqTtd8zUHBFWmWm630blNdX01dQa77l6gc5rXa4XIkg%2Bkl103pad6AHxVJU9icVIkeS8NY9zsmsiBpjKdsK1GASh7yY6hhZWGPA3LNBHxkAuls6zIoV2Q%3D%3D%7Ctkp%3ABk9SR4KYlrqYZw
Vintage Cropped Red Leather Biker Jacket Size medium,Leather,£40.00,+£5.21 delivery,5 Mar 2026,1,Pre-owned ·,https://www.ebay.co.uk/itm/287179454502?_skw=leathr+jackets&itmmeta=01KK1T5HC56Y16ZFN9V2QK9X63&hash=item42dd3ab826:g:zfUAAeSwHq9pqERN&itmprp=enc%3AAQALAAAA8GfYFPkwiKCW4ZNSs2u11xB1GbNmsPkFumEuOxfnOJlqls%2FXbDGGgZCS9fkGtw0oy2QRtd%2FDV8LLW3w%2FNWzDQnKbHGUBv8U%2F5%2FMkGsSK7ehhC3Z5FNLIbjWD%2F3kUA%2FbgZ1o3JmeAZnX2sRfzE%2FU22tsZy2WN35cFQQXB%2BV3MIAfeF4jZFr7Hcm7xBYU%2FqIi%2BjSV%2FDhstQ67JEaenMOf415JaCUX0gykIKujVtskH9IacBO0W60YwobKVpw5NHtCiSnaRK4SOkuEFzyw6%2FCqyM7UCBbJ8AP1gAi4jooV%2BvtoL9apA8yuOPQzpSngJvzj2Sw%3D%3D%7Ctkp%3ABk9SR4KYlrqYZw
Whistles Black Suede leather Biker Jacket Uk 10,Leather,£42.30,Free delivery,5 Mar 2026,1,Pre-owned ·,https://www.ebay.co.uk/itm/336453643406?_skw=leathr+jackets&itmmeta=01KK1T5HC5RDT2T87PRVRE5SPY&hash=item4e56332c8e:g:nTQAAeSwyQppY8~s&itmprp=enc%3AAQALAAAA0GfYFPkwiKCW4ZNSs2u11xDW9Wci3%2BPwiVPRTjxmGufqYWBU%2BXtMMj9uXtb3m9mJSjE%2Bw29Hur3wphhVHJpktLBmOvvAaHXXMaUVnYRUWGmpmSU3tl7khyX0Z44XIsswdefhTqP2jcwm6GoLKHbzmpmHZaOjVMmh7GF0cpNxQONFz23iwa%2Fdfk0xGdvWKcF%2BId0vuUk%2FHMI1m%2FgLb%2FKjvUUnIHxq%2FKLUXhAHYNai%2BPgRwsIV5KjcT8LORqIlYQjiXJl45WjJGy0At75cPsgftYs%3D%7Ctkp%3ABk9SR4KYlrqYZw
Cavani Mens Leather Jacket XL,Leather,£42.29,Free delivery,5 Mar 2026,1,Pre-owned ·,https://www.ebay.co.uk/itm/147158492001?_skw=leathr+jackets&itmmeta=01KK1T5HC5TTM8WR1BPBV1MG4F&hash=item2243546361:g:M18AAeSwK8BplJHs&itmprp=enc%3AAQALAAAA8GfYFPkwiKCW4ZNSs2u11xBmXQxvYFaGxnRiSDyTsu3qnR3uSLbOUknVKAm7lWwgEoo4z4NmtUBqhAuc6mCZFsBhpIDK6wh6znGCoIxuagOKK9f6rXxsbSA1JXos6FA6Rh88vOqtTzQ9f8hsXVJgseoQpZDKz380SNE%2FARkDHDpgiSWsGZvVeZ5JDJFJ62i63mX5iTdRnc3Pcch3NaRr9eb%2Be90jBe%2B7jxvhHBHsAfv8Ssjwk0V7J%2Fu9Q9p%2FOMdMhokthY67EC%2BljzFQsg%2FrDHOqIYivAQ65u51wTqUn75yANkhUKQg6mK1TakeTOT0ecw%3D%3D%7Ctkp%3ABk9SR4KYlrqYZw
Mens Leather Jacket With quilted lining,Leather,£31.90,+£3.71 delivery,5 Mar 2026,1,Pre-owned ·,https://www.ebay.co.uk/itm/117071271207?_skw=leathr+jackets&itmmeta=01KK1T5HC5QSJ207D6BBKCXPF2&hash=item1b41fdd527:g:rkcAAeSwON5pqXtf&itmprp=enc%3AAQALAAAA8GfYFPkwiKCW4ZNSs2u11xBNHaTFQQTtIXP2riiAge0JNDLESM4Tg9s2QLFdN4IeoL1JtxM%2BDNzaEj89TbAtH0p1lsM6u40BUfwp2oZrdaJrd3T68m5wRwvFoqENbkdzh5RpBJgS4SA6nL7yGJ6JdnRUXa9ckZM7K33nHBSiXgQMm4Zl2u%2BHHUlb0reGzp9BU0hJpYph7ZUwbyS8FceKnmuUb%2B3KkvGhYr00ESckKyfS%2FmlOeAOopOwXyuoGG38Bs7etZ%2FJVpQb0cl72wL5rlNUeFvK5m36W3cturYqCEek3%2BoNRoCz3jGFTjc0Z3az3Vg%3D%3D%7Ctkp%3ABk9SR4KYlrqYZw
Vintage Ben Sherman Black 100% Leather Jacket 4XL (Southend),Leather,£40.00,+£3.71 delivery,5 Mar 2026,1,Pre-owned ·,https://www.ebay.co.uk/itm/397548907883?_skw=leathr+jackets&itmmeta=01KK1T5HC50EGVT9HA8T8W2Y92&hash=item5c8fc2ed6b:g:b7MAAeSwO2Bpe2Xz&itmprp=enc%3AAQALAAAA0GfYFPkwiKCW4ZNSs2u11xCtB1Q1RlWh1JYc%2B2Q5ProeMDZbBCCNV5sBIXSyumC2kRSl0I3I4T6BMXEUy9VFXSjdfBLDT%2BXT2IuoiJ1f78pydw5NoAPp2uQVWRazHmrMUOAIYzeKYEwpLDeVs2Gf3ZfTVzWWEyZ4Zx1vK7OOjIXtVJPrmGz5rdVt1vvfp90BM2ooETx3hWYvOmCmREeQXRfdL5TiFPApCMQrc%2BuGPRm591aiJzAy03uOYFdXbCMwJke5c4ogfyYou1rpOja%2BuMQ%3D%7Ctkp%3ABk9SR4KYlrqYZw
Men American Native Westren Cowboy Suede Leather Jacket Fringe Dark Brown 2XL,Leather,£42.30,+£3.38 delivery,5 Mar 2026,1,New (other) ·,https://www.ebay.co.uk/itm/358262804147?_skw=leathr+jackets&itmmeta=01KK1T5HC5VNH52XP60PRY07EB&hash=item536a208eb3:g:OVcAAeSwLt5pVovp&itmprp=enc%3AAQALAAAA8GfYFPkwiKCW4ZNSs2u11xA0k1aEwJApOlQBcdBEr6Ynfi9uB9OL%2FJTyJM9wXkpFQHV9wgsFr74vTlHXfn%2FNbvV36X%2B7TFPDo2iqfQY2G41KRt6r2%2BJETCL763NsW63Bv9lXTxQ9l4qDuqMvRC4CRY1BAQCXAON4vswduJ6LlmZEuWpDkUdBoo6HHNnjZH11qvWJay%2Ft2u0vzR1RvIvAxwtautUp%2FkcLZLuPV9fnEBWVjqNM5AjiVaex0RvPvfWk80%2B0LNGG%2B6fyKKoY%2FjqD5UhqVQr8Ki7pDTL2dYJF%2FOtid34Fok7VJAerlcJd8sOyHw%3D%3D%7Ctkp%3ABk9SR4KYlrqYZw
Shop on eBay,,$20.00,,,,Brand New,https://ebay.com/itm/123456?itmmeta=012DEW30YG0MEEKND7NH&hash=item123546:g:acwAA9KNiJowH:sc:ShippingMethodStandard!95008!US!-1&itmprp=enc%3AbgepL1tlUHjMGCVfSTGJh%2BzsVKeJ3CQk7NizDI4BZeppuFnmyS6Ijyp8lh%2FnEw%2BWqO7uTV1Q6izE1R0T54aV8j71F4xlWfVcGft4%2FiOQhtqVXA1rW6M1atPARQRmhqUxtEPJKhKtSFgI%2Bvwlzb0GwVCtkp%3ABlBMUObkmabpYw
Shop on eBay,,$20.00,,,,Brand New,https://ebay.com/itm/123456?itmmeta=012DEW30YG0MEEKND7NH&hash=item123546:g:acwAA9KNiJowH:sc:ShippingMethodStandard!95008!US!-1&itmprp=enc%3AbgepL1tlUHjMGCVfSTGJh%2BzsVKeJ3CQk7NizDI4BZeppuFnmyS6Ijyp8lh%2FnEw%2BWqO7uTV1Q6izE1R0T54aV8j71F4xlWfVcGft4%2FiOQhtqVXA1rW6M1atPARQRmhqUxtEPJKhKtSFgI%2Bvwlzb0GwVCtkp%3ABlBMUObkmabpYw
Reiss Mens Suede Leather Jacket Size M,Leather,£172.30,+£4.26 delivery,5 Mar 2026,1,Pre-owned ·,https://www.ebay.co.uk/itm/177753147106?_skw=leathr+jackets&itmmeta=01KK1T5RJJT27SAHVYJ47563FZ&hash=item2962e9c6e2:g:VDEAAeSwxxppXl19&itmprp=enc%3AAQALAAAA8GfYFPkwiKCW4ZNSs2u11xBcIkmGFS2mD9G%2BAOd%2BHZ%2FP%2B8ghJAcEkHAZk0YR6sT8i9XT3zIopNfsO8cw0bS5lwtzPxCjhEu6UacpyIMKC%2BjXEE53%2BgsUV7QzcPtnhI3BWjOu64pF8HkmbDt9EDVzw2BfVYMuSSTak%2FUek%2B%2FRMWrx5xnJYXP2otc8jCB2ZNisq2oJgbOy20%2Fh%2BdcqQvTWrb7HazxC1YxssU3s%2FeC9MmJ1cabitsUmct4mp80XN8w%2FQZeJ0byB76%2FWyQD605fqQBcH363J7WLXkQgLCOoSLmMG3khXhy2qv2eqfdZa%2FLNmQA%3D%3D%7Ctkp%3ABk9SR8iLl7qYZw
Gerry Weber Designer Mink Beige Soft Real Leather Biker Style Jacket UK 18,Leather,£29.82,+£2.94 delivery,5 Mar 2026,1,Pre-owned ·,https://www.ebay.co.uk/itm/177924053969?_skw=leathr+jackets&itmmeta=01KK1T5RJJC8DK2Z8ZXYCFB7KT&hash=item296d199bd1:g:F5UAAeSwpDhpqYf8&itmprp=enc%3AAQALAAAA8GfYFPkwiKCW4ZNSs2u11xB%2Bp4gYnmFKfJuq%2FWCs4q3alZILUH2kCZQdPg6V3akGVutc4i6Ryyo9v%2BJsWLqtUpzXFV9HmFRT6LzC%2FhZ4tI2NtzClrsWAsSqXJVAqnkKiaDaSgCI0pHoSpgUP5XQM044uk17LIyRKSdcoqCPQPpXshPdc29AMGQZyg5czX74dmqaMPAIgnV3gNL%2FGHKss26KCbJjMWxNHArlaRYiN93FiZFLyvOrJULVW%2BmRNZwMmjqHZhIE2QdzJv2g7RtBRvepe%2F3EBHP%2BijtGQFBni5UKds8UDqPti%2BXmj7fTRCNe7Qw%3D%3D%7Ctkp%3ABk9SR8iLl7qYZw
Men Yellow Concert Freddie Wembley Biker Mercury Leather Party Stylish Jacket,Leather,£44.97,Free delivery,5 Mar 2026,1,Brand new ·,https://www.ebay.co.uk/itm/392947140285?_skw=leathr+jackets&itmmeta=01KK1T5RJJCQ1ENVD5CS6J9FZ2&hash=item5b7d7986bd:g:XYIAAOSwZTFkIg-K&itmprp=enc%3AAQALAAAA8GfYFPkwiKCW4ZNSs2u11xCU881XHx9Ib5E3VUfBGgVR099DusuXj7DonSBlFUdNNNQIMARHruZpX3hMhOi1zqeC1Ln6OmKGcizGIdIKDqYGk6ucFZHMoE7DJHmfTzNPqcwrnXQjT2JuLehsD2%2BzkalwSrfGnJKPeIzDGn35B7d70JWd%2FG5OtMaftQYCbj47wkQCkPZJhNq6s6h6xy88nLLTVfqjpT2IJbfNJ%2F%2BzDTFEpYEIMreqdjZKBaS%2Fy0Nb8WdtqAvNeilX7Fwt8P5TesLWbPtxUx16XJ33%2FHLL0oAdsoESt2l2DijKTLkEzeql%2Fg%3D%3D%7Ctkp%3ABk9SR8iLl7qYZw
Reiss Women's Leather Biker Jacket Size 12 Black,Leather,£66.00,+£3.38 delivery,5 Mar 2026,1,New (other) ·,https://www.ebay.co.uk/itm/298069135159?_skw=leathr+jackets&itmmeta=01KK1T5RJJGS3F2FTB5P4H398Y&hash=item45664e0f37:g:tyUAAeSwC-tpoH8e&itmprp=enc%3AAQALAAAA8GfYFPkwiKCW4ZNSs2u11xAUPxP1Dr5OQ57P5HEcm%2BafHHCnRLy6iKgxHXrj3VBjutaMG%2FIN5gL3JYTJeT7bEEvn7BTJVgky26tbtN4irGVL3uRHG9kgkW8Gekvl3ZsKFK7v6AOJDzqgpmoT6YqhJgeX69d1v2IDN4Zlgxnjz%2BdSz6Mm2WAorqZgVfFVLTaxpMmbuNloG8pcOlTa9UuGrl%2F7ia5iq1I4V%2Be811RKtwClN0lZUaCqE4nVzl5NB6TSHlLI%2BB4X9zzfyCsfrwRummZw36qGhASgTaiJBQ9zVtdFgeUF%2BPl82W2WICGIc%2B217A%3D%3D%7Ctkp%3ABk9SR8iLl7qYZw
Men’s Small Superdry Grey Leather Jacket.,Leather,£19.99,Free delivery,5 Mar 2026,1,Pre-owned ·,https://www.ebay.co.uk/itm/206101373702?_skw=leathr+jackets&itmmeta=01KK1T5RJJ0G180NE68V7ANKKQ&hash=item2ffc996306:g:kdMAAeSw--VpgSPD&itmprp=enc%3AAQALAAAA8GfYFPkwiKCW4ZNSs2u11xAmUf60znPyeQNZ35mqC%2FbMmvCiIbzDPzAg4siPt9ebAro4CxsoWrBJm47cYQ210zx23uRnJJR409JhMCKhRvzAKkXfxVmBNaeZTjFkz1MZU54FB%2BI3VJKREt59fmCGe9JCgzT%2F%2Bxbeb%2FXnCEGuqnTa54%2BSH9bS3LyY97ZdSCGxPjXDsWGZD2qskk7dcZSsqVD%2FJQPCW1TKi65TPAth8HHWYqBcxDyRT2%2BICtOzwDEpvpFXi2%2BmcB4%2BOEVGunf%2FN%2BoCiFyAJ%2BBbhNHbUwkmfo3acX3AD7%2B6bmfwa%2Bl6N6wKjw%3D%3D%7Ctkp%3ABk9SR8iLl7qYZw
Mens Brown Shearling Fur Real Leather B3 Bomber Biker Aviator Hood Army Jacket,Leather,£109.99,Free delivery,5 Mar 2026,1,Brand new ·,https://www.ebay.co.uk/itm/397541280145?_skw=leathr+jackets&itmmeta=01KK1T5RJJ2654FATZPHXVGM2P&hash=item5c8f4e8991:g:kIYAAeSwxBZpeI8F&itmprp=enc%3AAQALAAAA0GfYFPkwiKCW4ZNSs2u11xCTlGp5r3mLBTTkAoawCZIy3NEc5vkhxsR0%2FSwmLmhypwR81V%2BHpez250a0TRqTKPlQaxF8tLsvvqYUWkEhijVg7i9CdzsJAf%2FC9%2FnOv98IfaG7fxrf92%2BjjQwU0wczAFAYcmsKotnaQPeZirFfmOoCy9z%2BeRxBmCW0k%2FX%2BUyV%2Fy%2Bmp1M9YX%2BMP4%2FJfOKsLPNI9LCYtyrwo2Zao%2BDMuGppb1R6kD0rPi%2BLj0MU2ixX2qfbhhikZJDUAc7VDfBuApV0%3D%7Ctkp%3ABk9SR8iLl7qYZw
Leather Ladies Jacket Aviator Brown & Cream Beige Lined Zip New With Tags 3XL,Leather,£29.99,+£2.99 delivery,5 Mar 2026,1,Brand new ·,https://www.ebay.co.uk/itm/198139725989?_skw=leathr+jackets&itmmeta=01KK1T5RJJZMJE2FVDJDZ7E214&hash=item2e220c48a5:g:sX0AAeSwC-tpoH4p&itmprp=enc%3AAQALAAAA0GfYFPkwiKCW4ZNSs2u11xAMRo4XGZp4gALU8nfpgTLhqqW4bXJVYR3Qbv1hclBCR076d1MylLglLDnFNwZApVu2GiFIQURFH9Q20ltiPmx8J3FRNpmq2t%2Fxm%2BpaDTFl1MAp0Vm1GY76inOcxZuLixp%2FBAQYO0uiiIhxrq9vJp5taA6nywZiyehf0VS6vEoe%2FOul59gsOjK%2BuiG3l%2BDGUdydkcRBvPUOTUldY1gwoLSon7zJOoaS9q%2BEij0dX%2Bx6qE7lNxwYlRKgUN9MXscKJzI%3D%7Ctkp%3ABk9SR8qLl7qYZw
VINTAGE Womens Leather Jacket UK 18 XL Beige Leather BQ14,Leather,£11.72,+£1.95 delivery,5 Mar 2026,1,Pre-owned ·,https://www.ebay.co.uk/itm/168075759934?_skw=leathr+jackets&itmmeta=01KK1T5RJJR06ZVS585EAC4DNF&hash=item272218913e:g:EgYAAeSw-M9pZHLx&itmprp=enc%3AAQALAAAA8GfYFPkwiKCW4ZNSs2u11xCIBLVvPHwDE0Ap3b%2F4Fc0dT3e5bSnevbn7RpUtJkl0pQmFwV8IrUzRZHXzo3m%2F1mScKMXvoq254KQCmSnikQMKpENJgD7SqZxQ1sijhf7vc%2FFQmY2Al%2FOTKR1PGDoMneqmc%2FJDZ5eH%2FcdF2SOCTmWZOh4rdWd9kDk26IsG3cbX0ERl1baV1yveaAHKbYZuhfXbKVjkCnj1O8VxuTLMJE%2B0I%2Fsu7bVSHl6G%2BbYlvXsBzmPmvO9XqGpEENid4WI9RuUqwRPhvCz1qQObfm9NyJfGTtfrQOVG9q69qTY4zkefTA%3D%3D%7Ctkp%3ABk9SR8qLl7qYZw
Reiss Jacket Women's Small 8 Black Leather Lined Mid Length Jacket With Button,Leather,£28.77,+£4.06 delivery,5 Mar 2026,1,Pre-owned ·,https://www.ebay.co.uk/itm/277220901787?_skw=leathr+jackets&itmmeta=01KK1T5RJJP2C52AMR4TDK6KRM&hash=item408ba7439b:g:im4AAeSwSXBoU1vd&itmprp=enc%3AAQALAAAA8GfYFPkwiKCW4ZNSs2u11xCJ5PDDQndRB6%2BvJvgnxfPzmy4OB3NFcj5nnwb9hBGsrNhdnZJ0H1a1BuysXROrgBky5Kc%2FGU9RyF4siqE4E6W4FGMmt4xHFD%2FrmTDYVYpMTTmWVu4qCKiEZWlev2TVec7P6PQJPyvEAHlcZ7M%2BusMbeBOT7oUTkHm244jhti6A8Fk0YXxye49KXC7OXQrGEN1OUJ%2Bqd2xC2wMevsJTpJEjMaeqmaA8ohE3twA1Q3%2BNNqaRCuLqIPxaZ34JB%2FZDnKuxoIUvj%2FZCLtVSkarT%2FdEXirJp%2BKwwIuQBD2dlQUS38w%3D%3D%7Ctkp%3ABk9SR8qLl7qYZw
Vintage Bomber Jacket XL Leather Embroidered Black,Leather,£76.99,Free delivery,5 Mar 2026,1,Pre-owned ·,https://www.ebay.co.uk/itm/198093937691?_skw=leathr+jackets&itmmeta=01KK1T5RJJAKF2C6SXK9SFVFNN&hash=item2e1f519c1b:g:TvcAAeSwCtZpDg9w&itmprp=enc%3AAQALAAAA0GfYFPkwiKCW4ZNSs2u11xDyWUozAvoSQdCjI0vZSRKkh3T%2FwouMOQUBDjDRil%2FmB8DLdeogpGM9x%2Fwmy3SGhBfKitKbZ37M%2FgHJZ%2FSSXHcu3x4KDQEwQaFHItaXAqJW49fRSv86CFrT6C39Owv9pnL1yYODDNf0JDw%2FtVvXCP6nQJ8yeox4O0KGgGvp1IiNRooT%2BBKUFllwclOMXzuXWC2Rn1Ds0y%2FTWmqkudtWy17NhQ3GJbsmy7OKmOO22Gb0q9z7E%2Fg9U%2F1eflrWEnZj5fw%3D%7Ctkp%3ABk9SR8qLl7qYZw
Vintage Niko Leather Leather Jacket XL Bomber Beige,Leather,£42.99,Free delivery,5 Mar 2026,1,Pre-owned ·,https://www.ebay.co.uk/itm/198078918991?_skw=leathr+jackets&itmmeta=01KK1T5RJJZA6GY4AD11WFMD51&hash=item2e1e6c714f:g:fIIAAeSw1aFo-5hW&itmprp=enc%3AAQALAAAA8GfYFPkwiKCW4ZNSs2u11xBaLotUx3WozadxOGOVEoqHLldN%2Bae9MzySmB50HeDJdX2dqClXzMaqdHV8i5ECnnMUiDrAvm9r37chhs7zbIldHodTIVc6zMERCpHBlNBcli%2FYmbdH%2FXBpAm9BbPQ35GvCqNvEknBb6M9lRU6c%2BlM91EHMKCr3x1eNq37CJAqHGl7uTJIDGdBjIlZh17k0YU4Qw6mPHW2yZoIcWe9f46wBTbJAlCaWWLVElPuW%2BzeA8nr88WTN%2B8OjANgM9GAo1tIkKqTAnrZiYpiR%2Bd0Vo%2F6CUzYWl%2F%2B3%2FHDv3NmnbNGbTQ%3D%3D%7Ctkp%3ABk9SR8qLl7qYZw
Vintage New Zealand Outback Leather Jacket M Bomber Brown,Leather,£43.99,Free delivery,5 Mar 2026,1,Pre-owned ·,https://www.ebay.co.uk/itm/197941135119?_skw=leathr+jackets&itmmeta=01KK1T5RJJG0PRDP82DKG5EREX&hash=item2e1636070f:g:oNsAAeSwcFRotwcC&itmprp=enc%3AAQALAAAA0GfYFPkwiKCW4ZNSs2u11xAZnY2Y0jwfXX%2BavT%2BWSa3ROPfNO8D896sLp%2FbixbT5G68VtrMdecf5QOlpwMo4Q9xBDO6b5uTvA6di7C2CW5880x2lnX%2B5oGNcrH%2FIQ8DdNTxalDAYeQrW%2BheJtnbPrNqwOkhsOohnf9RowaYf0NNusRrpSS4qHowkPbdbEG90Rd9%2B0%2FpUK0qaHOzG%2FCvedGV5OoniYbOgt5PyhLor1VhACSD6NW2tXI%2F1JKPCBF5KutPkVqLVUylxvtxitMGrNqQ%3D%7Ctkp%3ABk9SR8qLl7qYZw
Superdry Vintage Real Leather Dark Brown Jacket Mens Size L Dark VGC,Leather,£19.36,+£3.38 delivery,5 Mar 2026,1,Pre-owned ·,https://www.ebay.co.uk/itm/267590835929?_skw=leathr+jackets&itmmeta=01KK1T5RJJGWNRB0W049PXSGPF&hash=item3e4da81ed9:g:P-wAAeSwNoxppE-q&itmprp=enc%3AAQALAAAA8GfYFPkwiKCW4ZNSs2u11xDSewud5HomL5M%2Fc9uQKKdZd378DaHpzOGWviWzecvzWLUGVPOjk%2B1MeI7CM1SY2lsrJrd1%2BLIK%2BspCxhXyikSRH%2FI3WAEXLp8vh8tnlUWSSdB3oHstkre%2BcWcDG6xRo%2F8UIeNcOyCnXX6OANEAPajMQUuTgqKLuH01cyTKP%2FrplwOc%2F75%2BtG1StFvezkFwMdPfNNXRlY%2BXcRPfrc4FyQyhYSf9P3AQJs1%2FpkXN3WZFKjgY1uygovaE0lHfvFIlKENAwVlPlDuRjD0O5bz3TMvD4yKDRMQJXdCDsfVqOmRixg%3D%3D%7Ctkp%3ABk9SR8qLl7qYZw
Gallanto Distressed Leather Motorcycle Biker Jacket with Embossed Flying Skull,Leather,£123.50,Free delivery,5 Mar 2026,1,Brand new,https://www.ebay.co.uk/itm/115918291081?_skw=leathr+jackets&itmmeta=01KK1T5RJKMK5A0K05ZTEXXTB1&hash=item1afd44c089:g:9fgAAOSwrchlB10A&itmprp=enc%3AAQALAAAA0GfYFPkwiKCW4ZNSs2u11xB4ilfkYR%2Br4Uc2veumKjIFinvgXwM3FSp1ZNUSP2gOm5y5hWBGzKqlukeK4yZimJkXJftMuqRlbHZ9gplo1wl7l0rmtwK9Yle2%2B5yilYA06OEeW8z1B4NG4O8p8NaM7qVoxHpcZtOFHNUKblfxQA52GV0DKaqZCzWSl1%2BGm8dIZnRbC%2F%2BJ6JZJhgoZS9B0u2IeIihGMxES1VLHbYt51cIQYNZtR0R3WmGeKZbJONPsdX5eXouRmahygC3sqQs3h4k%3D%7Ctkp%3ABk9SR8qLl7qYZw
Punk Biker Embroidery Patchwork Streetwear Vintage Wax Black Real Leather Jacket,Leather,£199.00,Free delivery,5 Mar 2026,1,Brand new ·,https://www.ebay.co.uk/itm/335112980653?_skw=leathr+jackets&itmmeta=01KK1T5RJKWZRK2N9AD8VHHTXC&hash=item4e064a48ad:g:c2cAAOSwTb5gXf6Z&itmprp=enc%3AAQALAAAA0GfYFPkwiKCW4ZNSs2u11xCORXZstFaltkB0LfIj%2FezuuYsIKpz5a%2Bl1G6BARihPLtjNBOOINFu9rJqTnF7p399qP4PwYJvXAA221Qv2jq4nfoyXyOKi598%2F9XrtuiXIBwMp51CSfMvr3FBBEirUEVjW33Cm0mSMbHE1vqzLV2qslvWlmGOuTSQ4sSIsy7fHU6o2hecdNefJ%2B0xSvlnziWOkIsUe067SLImAJF9tnK0TzzgvBtBzhR%2FfCecVZYChD9sftyXBDUx67jV3vRfqnYo%3D%7Ctkp%3ABk9SR8qLl7qYZw
Real Vintage Leather Tan brown Jacket Size 40,Leather,£19.36,+£3.38 delivery,5 Mar 2026,1,Pre-owned,https://www.ebay.co.uk/itm/166951492065?_skw=leathr+jackets&itmmeta=01KK1T5RJKMPZPBECAT7FD58JP&hash=item26df1599e1:g:KTIAAOSwA6Nmj7PM&itmprp=enc%3AAQALAAAA0GfYFPkwiKCW4ZNSs2u11xATxgnyY6RBCLRPqEc7wd8PnQpjMQAKUqTKapNJkT6feaBY%2BcmoCPtnF%2BdMNLvu0VbzMLhBrHWGdget4yAJhEI6xER7hWUUqE2vmU%2B7prOTX2cwNgBzHDo6R5svXUSVc7CxcNsz10fkrhtAfCNEReOWmc39qBqyaM5os6NH6wufrFQjP2WzQny26m8E9rp757IBWCyRV6WmW0R61u%2Buebxq%2F9AH5CjX61zjchH1yY%2FmtuyEKySCdfEonMAATnsGLUY%3D%7Ctkp%3ABk9SR8yLl7qYZw
Vintage Leather Jacket 80s Maroon Size 40,Leather,£37.10,+£3.38 delivery,5 Mar 2026,1,Pre-owned ·,https://www.ebay.co.uk/itm/236626156683?_skw=leathr+jackets&itmmeta=01KK1T5RJKTYQM7G6FCKZG3M4X&hash=item3718049c8b:g:migAAeSwf4Rpib4a&itmprp=enc%3AAQALAAAA8GfYFPkwiKCW4ZNSs2u11xC1D1EThZ0Ya4lgrVYN0M1Fmfv8%2B5cR75tGXHxrBsTkb206nnNjypxndwXKg12yLBtr3AP%2FYWpvYsRvA%2F6EmijxH%2F3EgxKdDET6vWHCkoULchthhEkBYx2s%2FKrl6lBwmjB7Jdir%2BK1BbnRwBt3cbM9fZg5CTcEAKI1RWlpM19s99AuIq0LL9EZL8TwKmY7UecWqFJ6HwL4Q86EW5RrY9G%2BD%2BZ5k1X2y%2Bi9c8y7S0th5pdBOfjICZZ007tRNycgJGBVB7ZcNa3r%2BPGzlPNJhND9TmNh9zZwWgMtxa%2F4RbOVW4Q%3D%3D%7Ctkp%3ABk9SR8yLl7qYZw
Barone Volante 100% A1 Goatskin Leather Flight Jacket Aviator Bomber Brown (M),Leather,£89.99,Free delivery,5 Mar 2026,1,Pre-owned ·,https://www.ebay.co.uk/itm/267462088576?_skw=leathr+jackets&itmmeta=01KK1T5RJKVTBS9KS51DG31EZX&hash=item3e45fb9780:g:-EIAAeSwCKVpDa6t&itmprp=enc%3AAQALAAAA0GfYFPkwiKCW4ZNSs2u11xAJ54RLH0OJdXoeXrgreT9w0MD8PShnT4sWpQf5TgzwmKlxxSWs128S4j%2FmgdwF3lKefpfKO2tQsc0YH2%2FB93bfjZViTN4gA8gxySJI2X2tDWDkWFTz0%2BGUwP2LxWsGbrLDZKA%2Fzw5j3AhIEPRljvWhmCIsWmOBG3VEZgFKMLOhcdbR%2FcoPZflrQQ5KwpIplsnJZnKo%2BsQSTKTwamW2TZhb6zjFShY7ajwREhwyFKHGbHUBmT6ZE8Rv5EblXhSTvNs%3D%7Ctkp%3ABk9SR8yLl7qYZw
Men Vintage Cafe Racer Brown Black Leather Casual Slim Fit Real Biker Jackets,Leather,£20.89,Free delivery,5 Mar 2026,1,Brand new ·,https://www.ebay.co.uk/itm/406238121275?_skw=leathr+jackets&itmmeta=01KK1T5RJKW3X696N3PTTDA6Q8&hash=item5e95adcd3b:g:IqsAAeSwzo1o09vG&itmprp=enc%3AAQALAAAA8GfYFPkwiKCW4ZNSs2u11xDoUoWg9nMtAj%2FoQnvm8Jv%2FJI9vvI9HRPp8BDbzW%2FmXnpZbbd2hzSugpaabScIEK9oXXOW%2FwkDQoHoGXsbR0EhIYPV2%2FD0ikMFK05yZW%2Bv9vTjey5MuWNAXohOz09fu87kq%2FpC%2F2C1Cd6tWqDWnnVAgJnWyqDOT5zm6Cdbo5pen7fv8iNw95RWLs2yH2AkJb76X4ChqPi6ELPh3WRszIqek8ZBn7a2b4LUtYe68lTixcL0HSOslmV%2F3T8iUICNfrLo6k1l33tSggfzUHYd%2BtMq8StltVyIK8bQdwGgCUTOEgQ%3D%3D%7Ctkp%3ABk9SR8yLl7qYZw
New Mens Classic Fancy Freddie Wembley Yellow Concert Rock Queen Leather Jacket,Leather,£39.99,Free delivery,5 Mar 2026,1,Brand new ·,https://www.ebay.co.uk/itm/225033835234?_skw=leathr+jackets&itmmeta=01KK1T5RJKH0ND78JEZ0C0XE5T&hash=item34650fd2e2:g:z2AAAOSwymZirCjW&itmprp=enc%3AAQALAAAA8GfYFPkwiKCW4ZNSs2u11xC8YZ5PWI8SYRpHnJYSW2nCiYzhBwLycdM5SnrvpsoPQz8WCS%2FxIm9rhQ%2BXZRBuDoE6C74nKfZ%2FyRdis14%2FU%2BbJbAPzBTD6CgmF5BwhREMy11Uy7UOXG%2FqNXrgJsNine3xd5QonYOQ03Lb0szZcGuZ11qgP8VolNYb4C5GASg3OKvv2KcMPrqefoUQlWSfylhD5VQ1Za4B6S3GKmkRVAW25SLhQTS3ivIEow5ii5pzZEGfJFHGoIeS%2F6tB0T43vQHO4gLIRsv5F3hYJOW9hSTEBEhZcNpKv4WUp2mz%2BoKZd2A%3D%3D%7Ctkp%3ABk9SR8yLl7qYZw
Ducati Branded Leather Jacket- Mens UK XXL - Dianese,Leather,£83.85,+£6.65 delivery,5 Mar 2026,1,Pre-owned ·,https://www.ebay.co.uk/itm/236662626425?_skw=leathr+jackets&itmmeta=01KK1T5RJK5J2TRJH6Y5MBQCYQ&hash=item371a311879:g:Vv4AAeSwGU9ppGYy&itmprp=enc%3AAQALAAAA0GfYFPkwiKCW4ZNSs2u11xB3tpvB8bV2Hp55baf3nEN6bgH5Nb4%2FGQirq6X6%2B96iXJAvZnyH57pyby6Mx74xRQVjqfcjTOZz%2Bvfw1V9yJpVo0gIa6gAST58wgeqlEiUw4YVRXF41mJMZSJEfq6KChdo8e1L4F5UIfkHMUmaAwAtiV1HWudB85735Oh2%2F80nbZS4u336GTCjaPG4yN7cYYu3R0rrK5vr8LfS7Tu6eefmI1OMVBp6hTE4jqBzTvCq033L5IHp5vuTxCkRdhJDHjqw%3D%7Ctkp%3ABk9SR8yLl7qYZw
Karen Millen Real Leather Jacket Size 10 Sheep Fur Collar Biker RRP £250 Black,Leather,£78.55,+£13.55 delivery,2 Mar 2026,4,Pre-owned ·,https://www.ebay.co.uk/itm/135787779281?_skw=leathr+jackets&itmmeta=01KK1T5RJKK46JZDRT1QV61S48&hash=item1f9d9514d1:g:2W0AAeSwtwhoI1tO&itmprp=enc%3AAQALAAAA0GfYFPkwiKCW4ZNSs2u11xDAWhXRvtK2auzFIsKdYvnoF0McrAr7u0%2FRuV2JWmnSUl9x77zAzNMLAcp6lCQxGWViAMxnpF5jS5l%2FMIdBXvQoF%2Be1jlVO4sXDU%2F1JMLF0vjLoGwuxEOT6yKHRb5UZwQCJPORCsOfh3bvtTwNvFBAixwbwKOxK6Ky%2BUi3XVUAkEVIagJikbN%2BOOZGOEotr3wS59W5dybt2VSMrjfp2dlq7Ier6NsjXllL%2F7lWN6BaENJZ46nlvGQcUT6CKDHs8nJQ%3D%7Ctkp%3ABk9SR8yLl7qYZw
Superdry Genuine Leather Black Jacket Ryan Size Small,Leather,£36.99,+£3.38 delivery,5 Mar 2026,1,Pre-owned ·,https://www.ebay.co.uk/itm/137070540441?_skw=leathr+jackets&itmmeta=01KK1T5RJKR4T2VJWRHVJXW819&hash=item1fea0a7699:g:JbIAAeSw6fNpZTg6&itmprp=enc%3AAQALAAAA0GfYFPkwiKCW4ZNSs2u11xCZS%2BGP88Q5Ydm0CXW3l6Hc5QpRcwbkDEmVtAvTDU6cQB6ePlonWasD1xaQAn%2FD2eajoCd5%2Fp3rk%2BNZU3bPk5kjZUn8OCaPl7YT8gB7cAnan7AVk3rJYnwnqSJYtX9u1dgGWAG6kOPCYelJpn1CfUHIpc0eXe9MP8PyPp817LaqNOLj9ks5ix5jBALCmVk0QRKtYLCrgXAYAFMxudoHASfjTS2eLsz3v4OsSHnpZW5T7Za5Mr52R7x4gHAX6Yyp3aU%3D%7Ctkp%3ABk9SR8yLl7qYZw
RST Leather Motorcycle Jacket 44 Uk Motorbike Ducati Norton Yamaha Honda Moto Gp,Leather,£80.78,Free delivery,5 Mar 2026,1,Pre-owned,https://www.ebay.co.uk/itm/157645049260?_skw=leathr+jackets&itmmeta=01KK1T5RJKZ7GPZ9DAHDN6FAQM&hash=item24b4608dac:g:c5wAAeSwc51pewDa&itmprp=enc%3AAQALAAAA0GfYFPkwiKCW4ZNSs2u11xDslL3Xf2tjyPPj4mu5EudK%2BEMQ7uoxjYi%2FFm3iX5vCelg9O1JID8MzfZ3vXvYKuHO8srSTY9tW%2Bj2yBl9222E9gF%2BmOXgBuQmie9aWN7OKzwLhXcC6bcunuoPPxBkMKquEaMC0%2FxizfdQtvo0Jj5%2FucHw9Ups7h0H8OEGVzdI%2FUD4taoLE53kgbJf3yct93%2FdtE6xXglfRDy7LZdDxUIBvC6LbH7Ku2UzzWv5jU873R%2B7ZFclUFrd%2Bby%2FYoc1i2YM%3D%7Ctkp%3ABk9SR8yLl7qYZw
REISS leather BIKER JACKET medium 40 38 slim mens black patent cracked modernist,Leather,£108.74,Free delivery,5 Mar 2026,1,Pre-owned ·,https://www.ebay.co.uk/itm/366174402867?_skw=leathr+jackets&itmmeta=01KK1T5RJKNSX9FZ67TCGVC2MC&hash=item5541b1f933:g:COwAAOSwLtFnoc8h&itmprp=enc%3AAQALAAAA0GfYFPkwiKCW4ZNSs2u11xCTSw%2BBSxF%2BHkC5PeF1XHhB9%2F26MpxZUxnHAkKrQjnSrzDJG42sfdk8cJ6IzNsOcLM%2BH6hx71%2FVcLFFaAoYDHMPeOKfBgqUo9mI973f9ZsDu%2BLUL18cgTr%2FhwD%2FzyUSxsKWCkPD3aJ2px0oB8v1qDf79dsMfRcIXSeiPEPyhs7LrJwHb%2F7mw9PCtCsNCaRSE489Jf0lAeSOdnbFvzgHXL3MdKtTYw3grwtJupDup2TIt4RxNAvC5SAjNsy40eGcG7w%3D%7Ctkp%3ABk9SR86Ll7qYZw
River Island Men's Black Faux Leather Biker Jacket Hooded Size Medium BNWT,Leather,£28.00,+£4.99 delivery,5 Mar 2026,1,Brand new ·,https://www.ebay.co.uk/itm/227229245943?_skw=leathr+jackets&itmmeta=01KK1T5RJMFVTCKANH1WNM3B0D&hash=item34e7eb21f7:g:hxMAAeSwWStpjjRs&itmprp=enc%3AAQALAAAA0GfYFPkwiKCW4ZNSs2u11xCQTiXeyzvZmGrwaVa8%2FfU5slsc60I2OAE3vgczUslDPCtDmqrEujG8rnMlaPp881TWYmmlSdqTToQEtgDiXlLDysz1tJHoIUegmoFM22qHiqqU3r1g%2FZiQjSVHUVl4bpjF%2F1A8%2FxmXIhM4DKfPrcS8lnTK4KGXOnlWkhutBqAuuAvphiM5HRUuPqB9CmEVjtBSdgC2YgLp25mqYMOczpxPQ5aW5sU4g3qxRYyJ35STY6tYBWqInT%2BXiYmg7JN%2BInU%3D%7Ctkp%3ABk9SR86Ll7qYZw
Girls New Look Black Faux Leather Cropped Biker Jacket - Ages 14-15 (164-170cm),Leather,£10.80,+£2.94 delivery,5 Mar 2026,1,Pre-owned ·,https://www.ebay.co.uk/itm/267588705658?_skw=leathr+jackets&itmmeta=01KK1T5RJMW24MCQX0TP124TWF&hash=item3e4d879d7a:g:0-YAAeSwUFhpoccm&itmprp=enc%3AAQALAAAA0GfYFPkwiKCW4ZNSs2u11xAUWOO0HgSGFNLolx%2BYLNGpmbkTVnrreMsnEiSTKGDUNMROrRx0QM7IWTshkT2Iw6Q0M75bTdxnpVqhldk%2B9olVfyDsiDhUBTk8LzYvjdZT36RDz2%2Bp2j55aVzSYgkHhZg5TWpjN4rmQWMS3CYBdYc%2BMwhmUubGtBIwVRNi05E%2BwZrFKNF7jskzlaqtIu%2FYHcuZvmcFMvdZqsmShoql%2BTh3kDB%2BO3al3b6F886QPW7%2FLJEoMQBzaeDztpx4CTYzDQk%3D%7Ctkp%3ABk9SR86Ll7qYZw
River Island Ladies' Leather Jacket Black UK Collarless Open Front Size 14,Leather,£31.00,+£4.99 delivery,5 Mar 2026,1,Pre-owned ·,https://www.ebay.co.uk/itm/227229243558?_skw=leathr+jackets&itmmeta=01KK1T5RJMF3MS42BA83RFJ3ZD&hash=item34e7eb18a6:g:ptYAAeSwBgdpe8DJ&itmprp=enc%3AAQALAAAA0GfYFPkwiKCW4ZNSs2u11xDF1jEfT%2Fewep9v0aCBpVxrU7p0e9uK1oKwnnUsvvSQXOUpP8iYDTGYPNn75wTmISo7rYg430VZ8j0gQpRGcwxBFBa7%2FUqoWq2MNsAOmYg2xXz%2BmsBGQNigwT%2BllvioP4LABBWVXm3yswRnj6SuwWqT9wD7Z6IMriB2C%2BPS0o1bmBI1WCURwukuzOY1F%2FHrd1S%2B%2Bx60eGcfve1iubiDkHvwBSjjffuYPuZTgLZ1GmfXCzzRLD%2Bq9gD5UwGj0XGECSQ%3D%7Ctkp%3ABk9SR86Ll7qYZw
RST Leather Motorcycle Jacket Size UK40 EU 50 Excellent Condition,Leather,£68.30,+£5.21 delivery,5 Mar 2026,1,Pre-owned,https://www.ebay.co.uk/itm/306795446400?_skw=leathr+jackets&itmmeta=01KK1T5RJMWYSH7TMESCS37FX3&hash=item476e6f0080:g:wacAAeSwRgFpowqV&itmprp=enc%3AAQALAAAA8GfYFPkwiKCW4ZNSs2u11xCz7KY1US3Sn4uOR2ItiYIMwfHiJC1sV%2BVTWMCpoDOUB4h%2FIQNW9RG%2BUAQBtQjmVMy8xPMSANA9JoxvDImUj8sDuGI1%2FVmRa0Bw55TDLsjOUbw65oCEMMczwtGu--tUlzaNdXFklsUPUbQ0m%2FxAwtAgxezdaJPsayNoQ3TDW5RP32BmqhlzchkVuybGVwSC9w6gpDtth7OUyA83fJP0g%2BHrejvlsNqclpLnPSFvMqonfjLWFD35XG6PcZTk1Gl%2FxdH%2BmzHYiFoLP2ajhLIGwDvSwfMNFulMoRb69DcwRUeztQ%3D%3D%7Ctkp%3ABk9SR86Ll7qYZw
River Island JACKET Womens Black Stretch Size 12 Leather look Material 34' Bust,Leather,£8.65,+£3.55 delivery,5 Mar 2026,1,New (other) ·,https://www.ebay.co.uk/itm/376969238022?_skw=leathr+jackets&itmmeta=01KK1T5RJMN90BZ188SKY2JQJZ&hash=item57c51e1606:g:oykAAeSw0wJpCLwp&itmprp=enc%3AAQALAAAA8GfYFPkwiKCW4ZNSs2u11xA2u9aKaxlnFkYOQfzn3jEv39v99w9RT08SeuEA3yfz2GkdYRjnKloMGEm%2B6Xa3i2W%2Fqty9%2B7yjDF%2FSBJF%2BW2EE%2BUk7yLlfdLA0x%2FHKFj00L6Wg58PFbaRuf1QyGEW9PRE0HCuXZuhwKS5bcj663d5cA%2FDVdIxence2iZunY383kG4DaO9aLe3YQJBY4OCck%2FrXokEB6kWsD%2F6oSNjtynIxx4ylyH2FalTIxmNtzWEeT0N%2FMZXvvFqaVHZi8AKamqx2L79Wkw3EM1aT9s0e6yyaLyP1KGgPnOJ52AHfEYgDrg%3D%3D%7Ctkp%3ABk9SR86Ll7qYZw
Vintage Hidepark Women's Genuine Leather Jacket Size Medium Tab Brown Zip Up 90s,Leather,£16.00,+£4.99 delivery,5 Mar 2026,1,Pre-owned ·,https://www.ebay.co.uk/itm/227229232953?_skw=leathr+jackets&itmmeta=01KK1T5RJMCRA8W104E3JRFBTW&hash=item34e7eaef39:g:yRgAAeSwtH9paUpH&itmprp=enc%3AAQALAAAA0GfYFPkwiKCW4ZNSs2u11xCIs9LUjxdWaPWt1pFT%2FeSE6eL9RKQXuXWnhmkylJZg%2BARa6kuxTsA5xmXc0IosCpVU5woTLV%2FcxWtij9bkXc8Ix6t8B34idzVUtYtU0i8mKxnUA5OgE6wBxAAXmnuVHXRrUoa3B%2FDL6Kh3jhyJBUa6pU78ZmXLLumqbJcg9K%2BbSy7Y9FgfOxkZU24sfcQ2x3Im56iqpc1r8ccvLY%2FLGZnHK1Xr7D3zohw4SN%2BNJJZux%2BUhPNQy8yAGm4U64E7z8uQ%3D%7Ctkp%3ABk9SR86Ll7qYZw
Zara Faux Leather Biker-Style Jacket Size XL Used Black,Leather,£8.66,+£2.94 delivery,5 Mar 2026,1,Pre-owned ·,https://www.ebay.co.uk/itm/198139659542?_skw=leathr+jackets&itmmeta=01KK1T5RJM24CEC2DFFHRJQEM8&hash=item2e220b4516:g:jr8AAeSwtElpe4cX&itmprp=enc%3AAQALAAAA8GfYFPkwiKCW4ZNSs2u11xA6ZBDNtJHn%2B5P0Qb3oMUhcQiW9b%2BfF75jddtXOikf3s%2BmK3%2FMW%2BzRsjOKezgBmGOMPNkyi3Ag35xubpYLX4jwUAB55foKfQEihLl%2BBtQIRwGtd%2Bh8w%2BxWHXoRBe0WtDOTwq2gugllFvSlQfpJvC%2F11o7CU3f4vRV%2FM14BTd4IC40OG1s7e6%2FcGbP9TRhJPKof%2B84QovcYpOql2THXoG4UcsDAiT333ICW5qu%2Bv5lLv%2FNupG1ryVgCjrtSmyU4riACgy3OkK7YVUNyVv3nWDLjKnIqD%2FIJSUDtbRky2Ql%2F5Pg%3D%3D%7Ctkp%3ABk9SR86Ll7qYZw
Mens Raf B3 Real Leather Jacket Aviator Flying Bomber SheepSkin Pilot Coat Brown,Leather,£39.99,Free delivery,26 Feb 2026,8,Brand new ·,https://www.ebay.co.uk/itm/147136750258?_skw=leathr+jackets&itmmeta=01KK1T5RJM533YF39DGKR8BEG0&hash=item224208a2b2:g:lPQAAeSwCylpg3YN&itmprp=enc%3AAQALAAAA0GfYFPkwiKCW4ZNSs2u11xBZDX97fhz1oXMZQhmjNX359phO8LbAJkXNCjX3W5bulMaz2jHujxz02rYqRTKM2VniDbSGta0zdMu3HIZO9XUHziisvzR2RULbL1eFNdwLpv51saRPkZQANtm6MUNbBGcfiqeItFtXoLUSdBY7XzyLVUC19bT0RJOyeQABWyPoWSdGWVPg6lEM7i1Sd4sZ9KTowCW2Y4d47Ekm9w9v6caKTZRAN1xwwWBzsSeBh1qeHCAbVCl6aYXa%2BVSjiCblAU0%3D%7Ctkp%3ABk9SR86Ll7qYZw
M&S Ladies Dusky Pink Faux Leather Jacket Size Uk 8,Leather,£2.77,+£2.94 delivery,5 Mar 2026,1,Pre-owned ·,https://www.ebay.co.uk/itm/406723755875?_skw=leathr+jackets&itmmeta=01KK1T5RJMRA452083Q8MCVRZM&hash=item5eb29fff63:g:b38AAeSwI9VpoHAX&itmprp=enc%3AAQALAAAA0GfYFPkwiKCW4ZNSs2u11xCm9FzI9xgJ2V8Y9f0o6crEQad91--BOyOfQPI93FcaMnrFYbvV7t0ALESBftwqtq8bAUDuA11EdKTpcT%2BZqLSLBemNofendEB41mv7jRNziLrUkL%2B%2B0KEWfz5dB1YSdelyOaYvjM1HmjE7xK3kWBnC5vgtUBIrj3nFTx50YWRYB9vw626g1D1u7Y15jhg62edA4D649vorzGphOuDslTvKpK75GsY%2BxyvJS3au0FwW78fusQk9Z%2Fg%2BTJ5sd6WknHc%3D%7Ctkp%3ABk9SR9CLl7qYZw
Dainese Archivio Ace Cafe - Leather Jacket - EU52,Leather,£232.22,+£9.99 delivery,5 Mar 2026,1,Pre-owned,https://www.ebay.co.uk/itm/336460534614?_skw=leathr+jackets&itmmeta=01KK1T5RJMYXNTWYZZ0263JWM2&hash=item4e569c5356:g:pKMAAeSwhYxpph1q&itmprp=enc%3AAQALAAAA0GfYFPkwiKCW4ZNSs2u11xDIQe5Tes4xpV%2B0xHA8wTVtT9%2FUaMZaodRC9mllksYVWG4JxsKhogSzwDu57ar4XHeQz16CoNNRU1gz9nPnE7mTpNr4%2Fvyq6qLvkWG0eGju4DJR27P3NrK43B3BxvQtL3nb5OjT3GkFrSkfOuRPMn6rbPOkjZGmJ%2BFKLjrTmAD3vgra4NyHXY5HzF%2F7KkX8431iKbJ7Xn9h2JDQibmGN9xXoHML%2FF4SaAa3T0a7u6QdPqFTJDyqnBDPaJ0u1hGAdHE%3D%7Ctkp%3ABk9SR9CLl7qYZw
Mens Brando Sheepskin Black Leather Jacket Asymmetrical Biker Motorcycle,Leather,£47.40,Free delivery,5 Mar 2026,1,Brand new ·,https://www.ebay.co.uk/itm/306682311592?_skw=leathr+jackets&itmmeta=01KK1T5RJMZJMSV7H31TB09M05&hash=item4767b0b3a8:g:mX8AAeSwkzVpUiNF&itmprp=enc%3AAQALAAAA0GfYFPkwiKCW4ZNSs2u11xBnfonJkEGoEIn0Aj415vc5D9C15lJgy3oEyZSnbn%2FQp9xCqaFtE3Iya3A9yMkaIy2djbxdX%2BLN3rp8WIb3D4fjFOd352k5htb3Ap9yDLfUV0h4ELiIuai5PRvijrhzgq2nv9KB3LIbSRbtgFd2CTvBbngD8StGf1Q8%2FpMwiEcE9sl2R8D6ZjdnZIUVlXFAXO5MOoqwC3dqtPRj0PYEjfZuCDR%2FB1nZuv%2Ba3NndOR9a6%2FVpPZisrB0shMwMY8PhR88%3D%7Ctkp%3ABk9SR9CLl7qYZw
NEW LISTING,,£8.12,+£3.38 delivery,5 Mar 2026,1,Pre-owned ·,https://www.ebay.co.uk/itm/377011268044?_skw=leathr+jackets&itmmeta=01KK1T5RJM30TSNPDTD5F3NGE7&hash=item57c79f69cc:g:REoAAeSwog1poF69&itmprp=enc%3AAQALAAAA8GfYFPkwiKCW4ZNSs2u11xCISRTCSTK8HknJQcjgwwKf3%2BR%2BLY%2FVzmhxxJU39nmzS%2F4BOXP7Lh33oBeN9AT9tXPPjSBrUg83l%2BH1qzDVMXXbR5GDjDdjChL01imgfl7R2IXbhbNMmRCW8JtC15AlD9dB4%2BODFQV88BoxAosCfiJzYTo3C%2Bh8JPWmqJmwOfWCGPrsyivANdbJ7MsbiLMaUZR0oqkRHiFvlbUc571Ye6ARcTZg8a8uGJlwof4PZBQqnXrVXXm5t5tkMaPeIXM8dwsAQoltok2X9%2Fs8fRqQoakRjz%2F1JDHB2JscYagDX0ALtQ%3D%3D%7Ctkp%3ABk9SR9CLl7qYZw
LAKELAND Black Fine Leather Jacket UK 14 CG N21,Leather,£40.00,+£4.25 delivery,5 Mar 2026,1,Pre-owned ·,https://www.ebay.co.uk/itm/389701959814?_skw=leathr+jackets&itmmeta=01KK1T5RJMP84CZBXFVNFHZZ7K&hash=item5abc0c0086:g:bSoAAeSwwNlpqVJp&itmprp=enc%3AAQALAAAA8GfYFPkwiKCW4ZNSs2u11xBSCV6UcpaePyJL2X5XhObpLmnaHfgcA0L%2BaSdG5bhDwD%2BZvgQ65OEqw7sHrLxr8CKKk7Abog5zrMsAmmrR3xuXlSn7CI5s%2BDWeqk8S3mDhmmTHmXOySKr%2FJdu8xkYSDbG%2Fv%2BUTwoW%2B8QLwBhMB70cpMRFzO%2B073Lzf3D1oah7ajMMVC9nAVt0C2SMqR5uWr6eGSOTXFZEXnuQHqT16%2B3KLERsllsAV%2BeZUGpKmpWatBS7DHt0tP2mjPArXBAXWwpks6CqGf2Dsxf0G84WEaCKUr1f5ZkIW2oo%2FFtBT%2BWyFkw%3D%3D%7Ctkp%3ABk9SR9CLl7qYZw
Ashwood Women's Leather Jacket Size M In Mint Condition,Leather,£19.36,+£3.38 delivery,5 Mar 2026,1,New (other) ·,https://www.ebay.co.uk/itm/136815208070?_skw=leathr+jackets&itmmeta=01KK1T5RJN94TT85VZGZE736V5&hash=item1fdad26686:g:gcQAAeSwwdppMS6E&itmprp=enc%3AAQALAAAA8GfYFPkwiKCW4ZNSs2u11xDvbmHYSlCtAAbXC%2FHZXJFg3f%2FnvhcntfUgv9ph18bUDB8KPK4G54Lv4V%2B5rXqnWw8pLWgEf%2FTsznj2qhfiG7ZvUzgpRwn1G4ANdCRRIidssKMtqHB%2FQPXEvBQmWrrvt4Ej7qc4cPV3ztqkf6rNJ7DcyAaL8%2B7kkaxtXCxblmOtb7BRO4ITmiqRcpq65oOUVdHCC8S%2BxYiJ2WcWhVytJqpHPvVD78riDDOG%2BR9rdwxUbDKX2qIiBPz6VX%2FaBstDZmUP%2F5nzTwSMKxZ36Z5QLu3KqbuaC4rJCw9KpbVrosT4QQ%3D%3D%7Ctkp%3ABk9SR9CLl7qYZw
John Paul Richard Women’s Leather Jacket Size Small 10 Black Vintage,Leather,£17.22,+£3.38 delivery,5 Mar 2026,1,Pre-owned ·,https://www.ebay.co.uk/itm/377006070068?_skw=leathr+jackets&itmmeta=01KK1T5RJNM283JRQ9HX009A10&hash=item57c7501934:g:x3YAAeSwJllpptyv&itmprp=enc%3AAQALAAAA8GfYFPkwiKCW4ZNSs2u11xCEgUTKVFVaO9pRLID6X%2FqWeg%2FdyXmRg1M2QdQpAhbDC7LS7DgLZLmpC3FXxiB5%2BWUaZdVkxQtdnwxJkK2Iqv1tkG%2BqSGBJo1Fi%2B9ecQg97zu7KPNFwF8lW7iNeXCP0n2hi%2B1lsCdnYgtpZU1kYmmuWR3h0gimFxzg%2B4VjXzCLbI%2FBYZUCFs97qGGhmOE86sTGnT0JH0cyLK%2BGqQhoAoo17h7hkWFuRjgacQh8wuCgfnffEpsg2FPykQhWamz3T025ou8S%2BFCeH5PX%2B9%2Bo7giEh7G2rkSS5%2Fc4mTnHY8uEraw%3D%3D%7Ctkp%3ABk9SR9CLl7qYZw
Vintage Women’s Next Leather Jacket. Biker Style. Size 14,Leather,£10.80,+£3.38 delivery,5 Mar 2026,1,Pre-owned ·,https://www.ebay.co.uk/itm/198157283914?_skw=leathr+jackets&itmmeta=01KK1T5RJNAPKWF0Q2JZ1X90MM&hash=item2e2318324a:g:77gAAeSwq1ppqYEi&itmprp=enc%3AAQALAAAA0GfYFPkwiKCW4ZNSs2u11xDmWBqM0EHD1%2BD6erpoiBgwxoDXPXRmZBwp%2F5dG0tyzloOFSJf4R%2Fq7gA3pmeTdHqITqm8r1OomdHBXGsu2dDz2e9W6rAMTetGfwBOLZrBbzSDohryoJkOIXX21hWDiC1v0lNXHz%2BbnrJKg1yyFa1yelBdpTfVCpkX30n8dLlHbP7ikFcljeGjJVs2hHYNmwZK1q43UF48r9u17Qx1qp389UFQ7hTZWmdnFciwtcJ6Lef1c2LqcONA4prsPqR6eHkg%3D%7Ctkp%3ABk9SR9CLl7qYZw
Vintage Kudsak Goatskin Leather Bomber Jacket – French Classic | Size 42–44,Leather,£295.00,Free delivery,5 Mar 2026,1,Pre-owned ·,https://www.ebay.co.uk/itm/147071271993?_skw=leathr+jackets&itmmeta=01KK1T5RJNGCNVRV2Y9MQXS68C&hash=item223e218439:g:iCYAAeSwd8po6RTr&itmprp=enc%3AAQALAAAA8GfYFPkwiKCW4ZNSs2u11xCHfjKWrX6YuNlxrKVTpZFHy6gHgfemhECvlAiKXvNZALtp07aWznu5pKuDdbpHURBA%2F1VNcL39glDcnDQCquYUH2Sgb5HKkh%2BfNKpxcKAIyT%2BQs8nJwXCbgCG4S5XIO0NpXxyUwQryHlNNMvjZAstU%2F5%2BUfC0w2tauh2e1C6DhIpyerLt7J4cxNQHNuYukiNAJF2t%2BkX%2FinVTRhWYxA0JwFsxGkvke9LrKdGXa60A9Yu0SwQrE7qM2SxxmeQPKeVNQc4YM4T%2FNwaSpckkiZ6s8LHGqFCExAp5yAN60yXzs8w%3D%3D%7Ctkp%3ABk9SR9KLl7qYZw
Vintage Jigsaw black leather cape style jacket,Leather,£35.00,Free delivery,5 Mar 2026,1,Pre-owned ·,https://www.ebay.co.uk/itm/267582701776?_skw=leathr+jackets&itmmeta=01KK1T5RJNPG96NQ4RJ2X2RGTA&hash=item3e4d2c00d0:g:Lw4AAeSwnhJpmg2S&itmprp=enc%3AAQALAAAA0GfYFPkwiKCW4ZNSs2u11xDLe6m%2FQ5bg9RqeFlq0tkFC3Y8zx%2BTiSun4zkvYW6kg4tSi%2F9wqXdXSvZCAzFCP5qFalHXH8UGF9r%2FLWeynUeNUp%2BpQuVlpWVkdftOW6bZSoQZSa7MfqbNo0zyxxXAp9ADGCGvE1pnmIw6ZXJzlwJsFpatENGFmoDxm595hd8%2F5ZVyXsB2fzvlr5ZucH2nELQiEveKLe28HpXyreGBjR5xx5KEyKOj4GXMXmnFH%2FK5Yn5FyawxyE3EgZbt0JDFFC4w%3D%7Ctkp%3ABk9SR9KLl7qYZw
Schott Leather Jacket Mens Large Slim Fit Brown Flight Western Heritage FulL Zip,Leather,£150.00,Free delivery,5 Mar 2026,1,Pre-owned ·,https://www.ebay.co.uk/itm/406737477296?_skw=leathr+jackets&itmmeta=01KK1T5RJNT71WVB7SQ5VR95SD&hash=item5eb3715eb0:g:t5AAAeSwSEFpqIHk&itmprp=enc%3AAQALAAAA8GfYFPkwiKCW4ZNSs2u11xDbouJT0qhpPSp2EXjn9L04mYxr%2BnVEDAs1DacXhtpFa9kBC9tW90W9zh7B0k3g7wr2jMbSTZZRX2aabO59F5GwlkGKJML1ZzkRF3GiqqvAzqohxKcryyaSnBInMgMNm5IWk4n7kdTrYr7uDkoXSfTvavuQrumCzbmjbIU14OfowIZdqjmiawWrNGjXNup5kn1JCL3NTs2laZfABkGPmzx7VoJUYfzuYj24XUiREHJUTrtx42xeB65LwiBX8n%2BKlaW11TxIaAUd%2FSNPe59hstbFe6MzFl31UNnn%2BFG5BgNePQ%3D%3D%7Ctkp%3ABk9SR9KLl7qYZw
All Saints Dalby Women's Leather Jacket,Dalby,£46.04,+£3.71 delivery,5 Mar 2026,1,Pre-owned ·,https://www.ebay.co.uk/itm/177898612971?_skw=leathr+jackets&itmmeta=01KK1T5RJN4SFSNWY89H9XQATQ&hash=item296b9568eb:g:PWIAAeSwsQppoGlo&itmprp=enc%3AAQALAAAA0GfYFPkwiKCW4ZNSs2u11xCSY9%2FI8PUmiDtewFIaQKgVgGUnKR3QIPlFmnEXvXrRdPkb1KNgCaTF8sYZ1X7WqbEWtz1bflSd6bv0xDAFO6gFhOZ%2Bnq3DJxfYTeSbHAyqKv0fbM97R45EJlf9bpMW6ban%2FjAmz0Wu1AKWhULAqxytEUJIiOQxliGJlixi4WZ5wdpEUhNUedo8WE0flAYnJ1yi8LMi1%2BHmwjAlPMeFJvfzDQZkWheaMwF2F%2FLb4WuE4SCLF4WRucqizKrHCKGtiUU%3D%7Ctkp%3ABk9SR9KLl7qYZw
UK Women's Biker Jacket Slim Ladies Faux PU Leather Zip Formal Coat Plus Size,Leather,£18.99,Free delivery,5 Mar 2026,1,Brand new ·,https://www.ebay.co.uk/itm/355710244685?_skw=leathr+jackets&itmmeta=01KK1T5RJN2K31VJ6KZHSHKMDG&hash=item52d1fb974d:g:GCEAAOSwN3FmQbK1&itmprp=enc%3AAQALAAAA0GfYFPkwiKCW4ZNSs2u11xDr2bKB%2FpclkiH5VIA8MLM2uoay6i723o2wzbc3z%2BnanRVbFUwVrsJPZipGyg8yAeutzPRwjx8lExlM4VYfTakX6k%2FjYSqhZJCunEIY0FJgFirvUMeVdmCDHQeMe2%2BTMHjsPnTszCnuGXaKW8sSYmo4oY2eRAhvXsLf8plfr9jIkZLuPwXJ9IrMyy3q%2BbzfNV8j9kRQqVUxUKWyMBTKlxEPVdEOQoWv1W7DwlPFnvC2wl%2FTrAnqo1pH%2Blkfmb1w7lI%3D%7Ctkp%3ABk9SR9KLl7qYZw
VINTAGE Black Leather Jacket Biker Jacket. YKK Zips. Lovely piece!,Leather,£14.00,+£5.21 delivery,5 Mar 2026,1,Pre-owned,https://www.ebay.co.uk/itm/188098157745?_skw=leathr+jackets&itmmeta=01KK1T5RJN5HXT4W28TZTQ2JSV&hash=item2bcb861cb1:g:~tUAAeSwws5pjfQp&itmprp=enc%3AAQALAAAA8GfYFPkwiKCW4ZNSs2u11xBAFTL7pSRUopiMLGuQhMcPDykCNFihupqLw16DA%2BZUnasojkqQYn9TVI0F4HVzIQB8xJowDVq3egO%2Bn0TjEdDDxB8sUF%2B7HGuok2YPdVLzfqunimKsJ1zMbfsRu2ip6HUGtO4SW%2BbayD1m4psaItr3CrSqdtcRtXzRq3aFRUT1z%2BjCJrkc46ESSBmyiev3H3r8NNNmqwkoJsBZkd1cT5x%2FLnBssKMczzEzi7JQhMWPUnqZ4EpAu4EzNn0Doqk1Jb39wRlnvlDkWT14H7z8KhTpbF7oGRi7ME%2FEGYbxwkXr9A%3D%3D%7Ctkp%3ABk9SR9KLl7qYZw
dolce gabbana leather jacket IT40 UK 8,Leather,£79.73,+£2.94 delivery,5 Mar 2026,1,Pre-owned,https://www.ebay.co.uk/itm/226455039383?_skw=leathr+jackets&itmmeta=01KK1T5RJN1G9VN2C379SFVXPK&hash=item34b9c5ad97:g:BIUAAOSwJsRnOzUC&itmprp=enc%3AAQALAAAA0GfYFPkwiKCW4ZNSs2u11xDpMubkhAAci3RF8xNgEk5gL%2FTip0bT66YfSt%2FyKhpHOu9poG1oELKSmXxGc%2FIkmXazHa72rV4xWEto8VUIYhsso6wONH%2FlI7RrWT4zOyQZlzV96hZmmSypxzPA%2FjrHo9aiSzo7WmQxV5jv9s6sbIRYHAfEfeudsXm%2BfyPMZ9Qhvu%2BC6LXFJ5FToZMMvliRwi7T%2FLqOHlECXSEGe2BiC%2FEHvWXluCnAm%2BLq%2FwX96WAciyfUiGZCZmUL%2Bn1DduQUDmk%3D%7Ctkp%3ABk9SR9KLl7qYZw
Principles Ladies Size 12 Tan Coloured Real Leather Jacket,Leather,£12.94,+£2.94 delivery,5 Mar 2026,1,Pre-owned ·,https://www.ebay.co.uk/itm/336447249000?_skw=leathr+jackets&itmmeta=01KK1T5RJNF38RF8WP64A2Y3TA&hash=item4e55d19a68:g:GmIAAeSwROFpmxpa&itmprp=enc%3AAQALAAAA8GfYFPkwiKCW4ZNSs2u11xBxq3N7FPMkoQgBvJA%2FKpI34tSn6tyQEdpXIqWXiiGdTzBiJDjaxJQUGJjpcC%2BtI7%2FIZBGcs2%2BuQ%2Bm4En19Q0pMfuhyVZLKDTmvkAy13NLZYxKcresaoC69p0kXfDFSpbr0XXWVIJc3B63J6%2BU6ce8niXI9mGGkkRj0p7GnEoG1mmYXaiVzKBxBT9VrLC4KOpJYXDJN50yJGOA%2BZ6vHCkGbvMDRxazFJ1HggR9i%2F2Q9Vur4SeQ%2F5madxi9alKmxdGTSnkrSIj11%2FhDNNjGStO8%2BW7%2FNNHvU%2FwZtKIW9VsLtjA%3D%3D%7Ctkp%3ABk9SR9KLl7qYZw
Belstaff Men's Leather LEGACY TRIALMASTER PANTHER JACKET Brown UK 42,Leather,£540.00,Free delivery,5 Mar 2026,1,Pre-owned ·,https://www.ebay.co.uk/itm/389648056168?_skw=leathr+jackets&itmmeta=01KK1T5RJNEWWYXQRG8F0QSSNJ&hash=item5ab8d57f68:g:C5gAAeSwxXhpb6lk&itmprp=enc%3AAQALAAAA8GfYFPkwiKCW4ZNSs2u11xAOlo7gwoUVQsh4BvVe4mtfVOSf%2FxnnKvZvztQWZVv0XZTp8DFgpWgwDTqcaXDctM73%2FO6TyMGcmXvMjhVmd9187ZdimK95uNXDPo%2BhMNwgLttGrXjzVhZ2AkutNwXo800ifJX8S%2BpFPOl565XHpB17S8oJG16x6HzqSr%2BFWl%2Bzt%2F5iJ5cv1Ln9cejLRu4XQtV5LZLa%2F8RQY4SaIUUKxFl%2BzNnB2FwsIT9DmYD9yguEgqaHOZEhE4hABC6oj8F9q2kG3JLWh3TiEQ9lA9Frg5UAs%2BYIVBkU6AsW57J6YHc%2F0w%3D%3D%7Ctkp%3ABk9SR9SLl7qYZw
"Vintage retro leather jacket 54"" chest (4111)",Leather,£26.99,+£3.99 delivery,5 Mar 2026,1,Pre-owned ·,https://www.ebay.co.uk/itm/267479652434?_skw=leathr+jackets&itmmeta=01KK1T5RJNKPMK3JDG1918EYYF&hash=item3e47079852:g:WO8AAeSwww5pHJIx&itmprp=enc%3AAQALAAAA8GfYFPkwiKCW4ZNSs2u11xCE0pTBDdQ1eHOEqSUqYYMeFuXt7yXsrMfW%2BDkItEsm2PUGi%2F67V8L9E62MpvEcNimnrEH3169S4G3otggS55lPSWD%2BdQVQixq8i8MpsTXz4mBQW2FD6Q26F4OsKbhW5HwNgERFQ153yoStFS43178pU9LwAoEt%2BDEhGRUMdTfgrolB3VZ4duT9SDEO2j63Ft6pOJYVQ%2FX3YGghcnaz6GtAWmTblhvNQd1q23kMstYU8nWGVLBiNQSCndOAmylJR0U0HOeMh0BqgBlNLNByzjShXCmpqmpZuMJ%2Fwz60CDvPrA%3D%3D%7Ctkp%3ABk9SR9SLl7qYZw
Vintage Cow Hide 90's Hand Painted Metallica Leather Jacket 90's Biker,Leather,£130.70,+£4.26 delivery,5 Mar 2026,1,Pre-owned ·,https://www.ebay.co.uk/itm/389581793969?_skw=leathr+jackets&itmmeta=01KK1T5RJNPTD439KQEMV3015F&hash=item5ab4e26ab1:g:Z4gAAeSw0bNphLIl&itmprp=enc%3AAQALAAAA0GfYFPkwiKCW4ZNSs2u11xAOcoEArvAO%2B5nskRYBk3jyU3GD8KY3TguveVzxd1TTOVyM1FUKn3YekUn3Vvweuzv%2FuRpoaPEED1Zh1R7ZZcaAQAQVRCGR%2FtGkzVtRxC6%2Fz1NtM%2FEfYObFKDEjzcJk8kRxWUfV1GF65e5vfVlI0wKGNVigQE7jpvVLlQrA0%2BoxeLrkvbaH%2FVzdPxU1hz5U1%2B6Q8Kk%2BWaQuuWPkmJiURysH3UxBjXWHkrTH0tlksUQJxHWVMN2NzlezJD42sxDCjuE%3D%7Ctkp%3ABk9SR9SLl7qYZw
Allsaints Women’s Lorel Shearling Flying Jacket. Size M. Pre-loved Excellent Con,Women,£267.98,+£5.88 delivery,5 Mar 2026,1,Pre-owned ·,https://www.ebay.co.uk/itm/287166393814?_skw=leathr+jackets&itmmeta=01KK1T5RJNT1EEXZ00T1SA5B21&hash=item42dc736dd6:g:8ScAAeSw2lNpjfCQ&itmprp=enc%3AAQALAAAA0GfYFPkwiKCW4ZNSs2u11xB8voWdLd7IgmPZKOslH6NuStwtvNpRnh5m%2B5ZAAbzZVg6jJptW%2FVh9%2FHbyEz%2F7RBAUUjx5LWiAaW8VF5CZCHjvZasBoWJ7ystcqc3EEO5BfamHWOH0osYYGz%2BEhqPyd3mkV5lC7V2MbgGjaDqGKVA%2FtqgCnuxuYyQGEav3PsyuBKMVvAkEsI85Sr82G4inWv3pF6eBKEIq4MMm8d8NDtH7FnlHbU5xRJ%2B00VPVSj64GgqNa%2FvF6Lj7j1vp4ntbr3A%3D%7Ctkp%3ABk9SR9SLl7qYZw
River Road Leather Motorcycle Jacket Black Size 44 Quilted Liner,Leather,£32.00,+£3.71 delivery,5 Mar 2026,1,Pre-owned ·,https://www.ebay.co.uk/itm/257391302916?_skw=leathr+jackets&itmmeta=01KK1T5RJNF863WDV16MA5KPWA&hash=item3bedb79904:g:t-0AAeSwFXppqLHf&itmprp=enc%3AAQALAAAA8GfYFPkwiKCW4ZNSs2u11xA900GKWSgg888R%2BI5vHTEIcA7GHPiEATc65SZeVmHaeUfI7TVb%2FrjfOam3XjB90Usbz5GHyGbN2r%2Fy5HzCulRiyQl9ydF927bpbMSTGnIz5xUo6NyxKnGGBVKXk%2F%2BpF1hKJrzYdDRmLGrscQFc8ArLAItd4vphpqxMaXo5d5IITGTNptOhgQUp2kno3qB2daK9avQLqA%2Flq07nsc%2F7Z8mP3UBl4kJQozZsP%2FgesbkWgBX3xs4rw7xVlxb1BcGnFcWfsD7fqe3ayIoacq8yw6ykMiWrUwfB%2B6yMN9fz8v2%2Fvg%3D%3D%7Ctkp%3ABk9SR9SLl7qYZw
Superdry Leather Jacket Men's Medium Black Motorcycle Biker MOTO Brad Real Soft,Leather,£20.00,+£3.01 delivery,5 Mar 2026,1,Pre-owned ·,https://www.ebay.co.uk/itm/389606790022?_skw=leathr+jackets&itmmeta=01KK1T5RJNYY9RZS90B3SRVP26&hash=item5ab65fd386:g:iOcAAeSwCYho6miZ&itmprp=enc%3AAQALAAAA0GfYFPkwiKCW4ZNSs2u11xACH4HbxyypQkxH1qYGMbhmZlUysGk1KKdq2w11BSf6QGk4df8VUIwuRA1Wksx388GyiacPumLjDwuP0ztreLu%2BGCv4b8G7FrV0tQdswqpnyOMk41A93m%2FoU9xxyfKrwXzkDTqDxyPoCy6fZD%2BDmdpHezP2ZuHJLOIQ4aDa%2FRYYFHhvzpTf%2BeyWNeUiWHmASLzZdDMVB4aA9J6zuZaHhtQjFd8mjkuX9%2FncY76ouaM5f2Ebvjd%2BIvFP%2F99TJig2bF4%3D%7Ctkp%3ABk9SR9SLl7qYZw
Leatherick Men SOA Anarchy Real Leather Waistcoat Motorcycle Biker Cut off Vest,Leather,£35.99,Free delivery,5 Mar 2026,1,Brand new ·,https://www.ebay.co.uk/itm/262803767593?_skw=leathr+jackets&itmmeta=01KK1T5RJN42FE379J7M3SG93W&hash=item3d30534129:g:vBIAAeSweado5sgn&itmprp=enc%3AAQALAAAA8GfYFPkwiKCW4ZNSs2u11xB3tqmWJLMEPIQAxA%2B76KJftJhz0maR64GRWLrOGVcNQq42xnyytYsZc4YqG6UY7Ydz5QGhhtARmbm1ZSmx7UFkfeCg85wLHBuwD8XSVOCVq49E%2Fk5NRWuc7k4XrUzGcA6vtjWWzReH7WCQTKguzCHP4gmoHpFUfEeq7hixNdu%2BX%2Fnl6Aq%2BiS8tDp0OWmdb3%2BuRJxaoYcDyHIGkSpnHEy9DFfWVDDZQlrMbBzxwFI%2BWvtTjS8xo6sHi4LowkxX81UfbAVcX5YljNMz8zeC6HFAQFdzMoRUIXsCECmIo16xb9w%3D%3D%7Ctkp%3ABk9SR9SLl7qYZw
All Saints Ladies BALFERN Leather Biker Jacket UK10 Size Ink Blue,Leather,£119.99,delivery in 3 days,5 Mar 2026,1,Pre-owned ·,https://www.ebay.co.uk/itm/226985841158?_skw=leathr+jackets&itmmeta=01KK1T5RJNGZYQ1WT460DTZGQ0&hash=item34d9691206:g:AKYAAeSwhC9o0EEz&itmprp=enc%3AAQALAAAA8GfYFPkwiKCW4ZNSs2u11xDoYuokdZ95YXpLt%2FIpHmIrtg%2FLk76hMeLRFpZDhPaYprLPyuIKNLo3%2BecKpStVImsiZFfltoIf5Mf1WrMy66jw%2BI3H2ejgHljU7HflCuld5pjvEIpoC2vSrF34BxIAGe8BnUSw8NDMz53y5Fglnp%2FkJeImbpnG45DU4yRePF%2BuMaWYxRMjK12iiT09JspCCOOGDVcfpl3YJwNLc4P%2BHx7MAOV2DRBuYsHKC6d1%2B5nhHlAEOXkJOrFpMH%2FcAOrodsigsgMn02bj2hxRlJC4wV38CmLxzGk6qAHxtoMfwXs0XA%3D%3D%7Ctkp%3ABk9SR9SLl7qYZw
Lisa Pellicce Shearling Pelle Italy Nappa Leather Coat Jacket Mink Fur UK 14 16,Leather,£208.70,+£7.27 delivery,5 Mar 2026,1,Pre-owned,https://www.ebay.co.uk/itm/397442871862?_skw=leathr+jackets&itmmeta=01KK1T5RJPVN6R83T7EZT2B4J5&hash=item5c8970f236:g:kZ0AAeSwYfppLPCy&itmprp=enc%3AAQALAAAA0GfYFPkwiKCW4ZNSs2u11xAtozqi6DSMBhXSOLiQee0vbyGXDYCS83x5TvV5rNMR56Iw8hTBm0kllRGy6FS%2BK1xLHGxR6%2BsAWA5Kl0MR9dkKQ%2FTpLiPgxk8%2Fw7DoRMGji%2FuAM2644ZG0R0MQbweeyzpUcHpoq4%2FKQsGOihi7rnkoqb4xDONj2An8T7rxCl3wFcgSUBvPxUpqeEwCXRVFliWkgYaA9a9WTlaNWNVprPFijajHUzezAJQgsevjQCv8QGPbIOmYk7qVmWknxNqVfng%3D%7Ctkp%3ABk9SR9SLl7qYZw
REAL SHEARLING SHEEPSKIN COAT UK Size 18 (US 14) Women`s Jacket Great Condition,,£28.00,Free delivery,5 Mar 2026,1,Pre-owned ·,https://www.ebay.co.uk/itm/397593349279?_skw=leathr+jackets&itmmeta=01KK1T5RJPBVDBR8M3SP20426N&hash=item5c92690c9f:g:TsMAAeSw88xpi5kK&itmprp=enc%3AAQALAAAA0GfYFPkwiKCW4ZNSs2u11xCZZW76dkXfEVR5DotwaPr23eWuf7KMPoOoRDMXHCG%2BTtH3HbMXIQMV%2FQKgppUudZ6dj896Euhu6OdG%2FLh6pXuBY%2B8l6eZRxNWrAREvlTauG2DkDUJ8XQeh0QFLgH%2FMl159Vh%2BVUzgq1SKTdT%2FyR2V9pmcWCpIZu4FWAyOA2EbdXFD3je%2BkMkT7%2FOMHmFqLaAf%2BIMYSqG61EORvR6Q8CmUy3vBTQx6XFFdz9i67qfYz4LaSFkZy9YnUx3uxwJf3%2Bso%3D%7Ctkp%3ABk9SR9aLl7qYZw
Lakeland Fine Leather Jacket Biker Retro Y2K Brown Ladies Womens UK18,Leather,£26.24,+£3.89 delivery,5 Mar 2026,1,Pre-owned ·,https://www.ebay.co.uk/itm/168171205987?_skw=leathr+jackets&itmmeta=01KK1T5RJPYH616RJYTFPXXSA1&hash=item2727c8f563:g:L6oAAeSw3~Fply8t&itmprp=enc%3AAQALAAAA8GfYFPkwiKCW4ZNSs2u11xC1bYbVJigvIwdKPK8EydIYgTxEanzgfqRp3UZ0XfWOM%2F4l0YA2l9rolb9xX29uQTQeAx24GyHGUqqzRdfkuPQE6dh6v7iT%2Fi47ccxeTjfeK5CVaGAOi%2FU%2BinecqMsHV0W8D9jD%2Fy4%2BWJwrazA8ZRIBwFVGVbXA%2BrxUn6Rk5cXQ7WE%2FHK%2BCy9NbM7fHXaKVdvEzttpGuckWloE8DXST2uSGUsTIRi2XZU5R8fgECsBq5rP8im1vpKQuoobA7HXzbcCiDsDMQ8BxPHkeFrhmH%2F83klqb%2Foti%2FK4py1%2B0CRfkLw%3D%3D%7Ctkp%3ABk9SR9aLl7qYZw
Shop on eBay,,$20.00,,,,Brand New,https://ebay.com/itm/123456?itmmeta=012DEW30YG0MEEKND7NH&hash=item123546:g:acwAA9KNiJowH:sc:ShippingMethodStandard!95008!US!-1&itmprp=enc%3AbgepL1tlUHjMGCVfSTGJh%2BzsVKeJ3CQk7NizDI4BZeppuFnmyS6Ijyp8lh%2FnEw%2BWqO7uTV1Q6izE1R0T54aV8j71F4xlWfVcGft4%2FiOQhtqVXA1rW6M1atPARQRmhqUxtEPJKhKtSFgI%2Bvwlzb0GwVCtkp%3ABlBMUObkmabpYw
Shop on eBay,,$20.00,,,,Brand New,https://ebay.com/itm/123456?itmmeta=012DEW30YG0MEEKND7NH&hash=item123546:g:acwAA9KNiJowH:sc:ShippingMethodStandard!95008!US!-1&itmprp=enc%3AbgepL1tlUHjMGCVfSTGJh%2BzsVKeJ3CQk7NizDI4BZeppuFnmyS6Ijyp8lh%2FnEw%2BWqO7uTV1Q6izE1R0T54aV8j71F4xlWfVcGft4%2FiOQhtqVXA1rW6M1atPARQRmhqUxtEPJKhKtSFgI%2Bvwlzb0GwVCtkp%3ABlBMUObkmabpYw
Women's Urban Code (Next) Leather Jacket,Leather,£83.90,Free delivery,5 Mar 2026,1,New (other) ·,https://www.ebay.co.uk/itm/287161687133?_skw=leathr+jackets&itmmeta=01KK1T60DA9ANXGB8VEMJ7463P&hash=item42dc2b9c5d:g:apwAAeSwmOFpnaN9&itmprp=enc%3AAQALAAAA8GfYFPkwiKCW4ZNSs2u11xCx8jKDPRR59Y%2B7wPEz8%2FAsPWgYpvdq85Fuj59YQ%2Fd0p0o%2BN9lI63YN67NTlRlwyWHSxwqi7WtfFwCeVm9hRIkp86pPixU5w%2FrXv8e6U%2B5j5yzuySFeLE0lI8ljZChantfDDoAUwfWu2G9lE5%2BnloVDiD0Xsr2wQapcyBd%2FN9W5P%2BmKAGlowze0VF10bFyWn0P4bVs3X24aVluMQo2uBlwWJcMbYh4B9PnwZkCMfxZdRgz0Pp1eUTbtEkFIoyGG%2BW3mZaRvBXIU53h6T%2FuWZpVkas6JljY05W2h7DEQp0uU8A%3D%3D%7Ctkp%3ABk9SR4CJmLqYZw
"Vintage Rhino Motorcycle Leather Jacket 44"" Chest Black Biker ARMOUR Excellent",Leather,£26.04,+£5.21 delivery,5 Mar 2026,1,Pre-owned,https://www.ebay.co.uk/itm/188088125162?_skw=leathr+jackets&itmmeta=01KK1T60DAYVZJW20RETT1SHBR&hash=item2bcaed06ea:g:m~MAAeSwVZJpnGyQ&itmprp=enc%3AAQALAAAA8GfYFPkwiKCW4ZNSs2u11xCqddcYdQwXs7IePoKcdVhSzYTRgq37yXI%2FBcOSwz5%2FzTuZNWkiMPtRnA1ynBKGU4xtUvJJFuiQr5WYc%2F9hxbO8sANGjWHTZhG4ivwS8FGQmlyFvcNMA%2BzmHEeg4DPnfn7h2EF8P8o76aa3qrFKoWktzvwzqQ7Z8kpuaAjm4OMObCXA6RLu7dzr5mmdtfbrCpuCr7n%2B0W93mr0OBGT75wAsJdYQgK2JbJ2BTmhn%2BFRBS1S5VZM2x4DJG4ZRX8OzGZTyAi%2BoJG7Eof4bDMCmbxcPuBQIjfJ09bayzDYLzQ3BSQ%3D%3D%7Ctkp%3ABk9SR4CJmLqYZw
Woolrich Navy Jacket Leather Closure Large Men’s Excellent Condition,Leather,£25.00,+£3.38 delivery,5 Mar 2026,1,Pre-owned ·,https://www.ebay.co.uk/itm/336463014733?_skw=leathr+jackets&itmmeta=01KK1T60DBHG4BC2VSVBPKTGXB&hash=item4e56c22b4d:g:QoYAAeSwZzRpqCa8&itmprp=enc%3AAQALAAAA0GfYFPkwiKCW4ZNSs2u11xAqRVDLWVQYm%2BNCFxeOCKFlXkp63cChlZR%2BiPhy%2BXHyRndVAd6Xgw%2F64JBHwD1BzWWyX%2B6vf0foEAsB1HvMctkste%2BlcQJOXY5joJmk8dzU9jaVRBQ8UrZ2V7d6OrJ4XaIgLq%2BFAhKD0MrxWPaBi4A1V6n%2FyYvq88UrwFG8PQATJS7KxFEiseaixjztWYwVAPouuuWbwZdLImLJk7c86W0%2BS8dSelFVedxmu1pLXw8HAZuIT%2BZblIEEewpl2zZwUHY%3D%7Ctkp%3ABk9SR4CJmLqYZw
"VINTAGE mens INDIE/MOD CLASSIC RENIFER BROWN LEATHER RETRO JACKET BLAZER 36""",Leather,£39.95,+£5.00 delivery,5 Mar 2026,1,Pre-owned ·,https://www.ebay.co.uk/itm/366023222109?_skw=leathr+jackets&itmmeta=01KK1T60DBJ09PKMEXH4P56NFP&hash=item5538af235d:g:AI4AAeSwPelpKHhN&itmprp=enc%3AAQALAAAA8GfYFPkwiKCW4ZNSs2u11xAErnN1byLQMUahx%2BAiCot10LBkuw03%2BfSc1ul%2Fashp5wxCMWp%2Fgv11r1oJuSTtaxzZG%2BW1zOw%2F5kPTJ2FlUPJpkkKSB%2BDurZIqnoso5I%2BuQkaItPHMDov4UMzcwsPCi5C0dy5IE%2FxVAR42%2BqERsTkW9vnhbSvXxOcTpA2UjNDhu22Q88Xi4X4kfirsymPbBOTw%2FbeALX%2BzxI1XkXFvPuXwzQZZuzbJhEzAEWU90MUFK%2BWsAAM8mjF5%2FeML83%2BRj5v9sCxsNl6kw8cVJqtrJjE8p4SYq1Exgl4WqrAXo6MaQA%3D%3D%7Ctkp%3ABk9SR4CJmLqYZw
Milan Leather Ladies Brown Leather Jacket 40 Chest,Leather,£12.94,+£3.38 delivery,5 Mar 2026,1,Pre-owned,https://www.ebay.co.uk/itm/277757178520?_skw=leathr+jackets&itmmeta=01KK1T60DB9BBEY3FC0FC4SWYH&hash=item40ab9e3298:g:koMAAeSwNIdpDheY&itmprp=enc%3AAQALAAAA8GfYFPkwiKCW4ZNSs2u11xBBPIh3qVIgUwpoAxnIAbVK1QDl5id0mS7weaTlOBabmpTQyxO%2BPZ%2FK44N%2BalbCeDWSLZvC6BaAXNo3NeIJFEwvt65mKQ5VhTotnolbdqzrEpRYcGsp22bk7sLJ6JFZ22aTCopFmpPPsXmwmnJHKiNVjJlBh9vM3Ggq9aZa8Pesz8q%2B7AlbD6slwMwe67j8%2FRx18gwZ0SpNP%2B9ZCa7K4qYIthRG%2F6TTHnrl6tEEj1ZYCg%2Fbq0GFflIPI%2FsozDZhOIyFWVlEAmQaJ8nlwASRQoIkcha0u4RFVYJAumjeiiNRFg%3D%3D%7Ctkp%3ABk9SR4CJmLqYZw
Vintage Diamond Plate Leather Biker Jacket Motorcycle Jacket Patchwork Size 3XL,Leather,£42.99,Free delivery,5 Mar 2026,1,Pre-owned ·,https://www.ebay.co.uk/itm/236638750253?_skw=leathr+jackets&itmmeta=01KK1T60DB1YNRV58NDS0FFQSK&hash=item3718c4c62d:g:jj4AAeSwupZojgcP&itmprp=enc%3AAQALAAAA0GfYFPkwiKCW4ZNSs2u11xBJn5mJoP1ri6g4cGngh9fy13u9FgxZXtkbrfYqmVZ2IDSD730sIB00WvhsykELX5Xv4irHi0DISIZa9OJkcPLcCU2uzBmFzbAjyIT0s80rpML3HjSV3yu7PoFs4FZoZ47jC69CSvxBjPiyusIX1CdXy%2Bh9juvvRug0HV3hT0RzZUZXHyR1O4hHEJjNHxkNngBuAVHgbJNRNzdGjBYO7ZM68sKJVnYafmkfauSHV5dw26EMX12mJvRNzAeySt%2BvNKk%3D%7Ctkp%3ABk9SR4CJmLqYZw
"Jaeger Real Leather Biker Jacket - New, Never Worn",Leather,£39.99,+£5.99 delivery,5 Mar 2026,1,New (other) ·,https://www.ebay.co.uk/itm/157707640975?_skw=leathr+jackets&itmmeta=01KK1T60DBC27J68GWJ1FTXJ4G&hash=item24b81ba08f:g:XFMAAeSwWatpntzn&itmprp=enc%3AAQALAAAA0GfYFPkwiKCW4ZNSs2u11xAn1VRnlAqyqdv%2BxxtDbAfSOsZkk%2BCutHsEFXW71SR0jB0WYKNfd5w5gWa0yvNBBKBiFqgQsZ%2F2RaxipBKhAkw9hmVBkTnQTzotLWVBtYNWnebRp2FRzH5hzErugAIQKRb3QDknlP1MVh8xb5i%2FtrWzh2cinG15u2giPZ6jYjjOqjjc5KnXrHTh2SstgFgMCXbxVxQwUZgypFDJKl7BF%2FNzhPo2A%2FPCjnWmMANdEVGaPZG5p0o9yGpz19L3mjZoDhk%3D%7Ctkp%3ABk9SR4CJmLqYZw
Ladies Fashion Style P645 soft Real high quality leather jacket,Leather,£39.99,Free delivery,5 Mar 2026,1,Brand new ·,https://www.ebay.co.uk/itm/164548736155?_skw=leathr+jackets&itmmeta=01KK1T60DBBCZVERMV8JJP8CE4&hash=item264fde749b:g:JVUAAeSwgdNph002&itmprp=enc%3AAQALAAAA0GfYFPkwiKCW4ZNSs2u11xCUcv9k4Z1X0sSeEYICd4o%2BRMcM%2FZ66DexYlWFJQmCThds3C--RJ9qsZxrep5JyW5gv3oxtvzhONW7g%2FEwfgxf54ze%2BJLqn95u9wcRuaQt3k8%2FfxCNZ5AZJyWa91c7fTPU%2FvIilsr16ik7KuWJrCO4vSrt3WCUztjPew9NZHuCrwEzshQJgryMvK8B0U%2FfjTZuURPFhDC0FBzQIhH0VZeLO3PayLFzFMxMZ5w7ojvrEH8V37MMSXHJCBKCvAaym2MI%3D%7Ctkp%3ABk9SR4CJmLqYZw
First Classics Heavy Weight Biker Leather Jacket Size L Rugged Comfort MFG Co.,Leather,£31.89,+£6.65 delivery,5 Mar 2026,1,Pre-owned,https://www.ebay.co.uk/itm/147173901093?_skw=leathr+jackets&itmmeta=01KK1T60DBVSSSC1GCG0AY9XWR&hash=item22443f8325:g:yFMAAeSwVNRpaP4F&itmprp=enc%3AAQALAAAA8GfYFPkwiKCW4ZNSs2u11xBPwY3at8mjsQUmuMiDMkJHPGIwCd4JduHEwT1IB0ymG3A9rHMKYoue7pjEKw2xsO8ZrDen6A3so73xBo7QqyKAIN6Ti%2B6uMoJ59BiXiN5clg1Q83PfaVFDzI78hir0M94qnUQQXn0LNyVufRwUljqs2SKegBOrIGQF%2BL%2B0MgSUP525BQ5OxhbbJgP0iaogp6SZmp2g4thbQfvDAWEoyg%2FRBjL173TSkb3UronyrTW5h%2BQVi%2FSWcW7BIschfR2r9W3lTh2DwyRvDy3iPOT99hv2dgkU3o%2F3eJRLssKWodGPtw%3D%3D%7Ctkp%3ABk9SR4CJmLqYZw
children's faux leather jacket,Leather,£3.84,+£2.94 delivery,5 Mar 2026,1,Pre-owned,https://www.ebay.co.uk/itm/393845976542?_skw=leathr+jackets&itmmeta=01KK1T60DBA12RAQZFPTG4Q9NK&hash=item5bb30cadde:g:hroAAOSwZf9h1Zts&itmprp=enc%3AAQALAAAA0GfYFPkwiKCW4ZNSs2u11xD5%2BsVSfxmrzPE2aADfUc8r2V%2BPtf0K85aGNvAbx7%2BafzU%2BIZhOnZgjuNse%2B6wZZxSMLo6eOtytOf3gAPzuF%2FoW%2FzlYO1zx3dyQrr9PDR%2Bk5znodxBexj%2FcS%2FcHMcAQOuyIeWCWytLa5cPVbGeEac3D%2FtdVDAt6yDZTp9KaLMI3wkNImBqFAk%2BDBvFKxZdU%2FDJhWRq%2F2pJc7Uqzu4Psiiv7Kdfcrqg1U6Akco4%2BaWUPvKo%2Bv33lzSy6YJjXH7uKwEM%3D%7Ctkp%3ABk9SR4CJmLqYZw
Vintage Men’s Sheep Nappa Leather Jacket Size XXL,Leather,£7.59,+£3.38 delivery,5 Mar 2026,1,Pre-owned ·,https://www.ebay.co.uk/itm/227233414334?_skw=leathr+jackets&itmmeta=01KK1T60DBJHJ7RGSWRS3XZHCP&hash=item34e82abcbe:g:BzMAAeSwcK1phK08&itmprp=enc%3AAQALAAAA8GfYFPkwiKCW4ZNSs2u11xBwVUmyEqyfrcpJGSV%2F2Y%2FOkfINDMl1UvHblJI8lEqiuu9jvMwwee1hNDewot8Fx%2B0Nw4%2FlV07hNTVX83%2FxV1hOfWP9LF96CyrKTwL3yZOx9ohzEH3u9h2N8BrUBm8DlgWkop2HxpzSmf77m%2BJDTLtn%2BJwtJ79YfVbtbKYKKkH70GU9M2Px4fIdeI%2FAzR7esqD%2BmwYhxH05V5s8cOoZ9Y3dP%2B2ZRWhNYxWy2zndDP8gBYexM2ue%2Bqq9XE%2BF2Bbaw9VqIFoapkKhqYx6sGK17iW%2FUen6c79RG%2B3BFNiL2A6yRQ%3D%3D%7Ctkp%3ABk9SR4CJmLqYZw
Dino'Z Jacket Multicoloured Genuine Leather Grid Design Size 12,Leather,£70.00,+£3.55 delivery,5 Mar 2026,1,Pre-owned,https://www.ebay.co.uk/itm/227191273474?_skw=leathr+jackets&itmmeta=01KK1T60DBMGBPWSBJD6BAYERY&hash=item34e5a7b802:g:Op8AAeSw9lhpeL7k&itmprp=enc%3AAQALAAAA0GfYFPkwiKCW4ZNSs2u11xBqRM5RyagNezB1P7Nd6DITfkEx54HtzSS94F99OHf1AaA5ni8t9AqmUlz1EY%2FRUZKKgj70oj%2FGx0S2EqYbYYd7opDUEqcZ6poceo75VpChreEU6kGIYBa%2FrJCryNjYHSmtgbE8eiAOuXqhSV7pvl9HIcVtZmquqzSFp3gdnGZZzBqG2IejActbVR1jcgK1ciOEzH2QKkiraGa3Xbr4rkEUC23JQ2Z2fL%2FqU4YCOwJo0qzp%2FysLwOZhNu618cQYVQA%3D%7Ctkp%3ABk9SR4CJmLqYZw
Women's PU Leather Straitjacket Bondage Harness Straight Jacket sexy Costume UK,Leather,£24.99,+£3.99 delivery,5 Mar 2026,1,New (other),https://www.ebay.co.uk/itm/388933435430?_skw=leathr+jackets&itmmeta=01KK1T60DB6CK4WEMZ8HEPSH2M&hash=item5a8e3d4026:g:U7MAAeSwb-xou-kU&itmprp=enc%3AAQALAAAA0GfYFPkwiKCW4ZNSs2u11xBm%2BUhk1RtBH1S5Dmi6GsiH8WXQqP15z%2BMdmiQcJrw1%2Fl4f3nQmRqjxUidr9HSEskbmIbNFmMUObu3dJEy05leGG5D%2BiQKRatfuZjOOztGWGmV%2BQ4OO1qzfk2DMQa6pHx0K4bClJi%2FRowFuV42tygb%2BHc0HQEz9T4MiIB0BALGL%2FAlPZRn9znTfajeZnZhVecOjgg%2B08u9HPmIWQMhiRlm2raHwrGcYq7ACcGM7P%2B1uwdsGUZTWNkcKx4m5UlEr0z8%3D%7Ctkp%3ABk9SR4CJmLqYZw
Mens Dress Leather Jacket Large (Next) Black,Leather,£8.65,+£5.21 delivery,5 Mar 2026,1,Pre-owned ·,https://www.ebay.co.uk/itm/147173890736?_skw=leathr+jackets&itmmeta=01KK1T60DB9QDBZ77NPHH37GW3&hash=item22443f5ab0:g:8pAAAeSwumBpoFqP&itmprp=enc%3AAQALAAAA8GfYFPkwiKCW4ZNSs2u11xBVevbjvbi%2Fc0HBWlBt6x639sj7kAA2JSYMdaBZRySs4nPcJuFzm0HYO5WnSYhmX7Iu5ZeIQMw0YKvihj1HHgW9Y9KnFR867wV9%2FVcY6FUfPLB06fQzaLwuDXrMwCnQ%2F9y3oHwAwBGkdZfeAHf9JuvyrOtc2%2FFKbpMqax15Zc5%2FpE6YnQBqQZTOglKjnLSJmwix9s7fuRvNhioL4OTIk262Zh8xqQNmEG2S44keXsRp7DnW0luNUNZeBeuuqWyZxMemdYF8EBHZHcFkO6N4FJHSovicxo7U3QfyZNbt3hNlPw%3D%3D%7Ctkp%3ABk9SR4CJmLqYZw
Ladies Real Leather Black Jacket L(16/18),Leather,£12.00,+£2.94 delivery,5 Mar 2026,1,Pre-owned ·,https://www.ebay.co.uk/itm/397653567321?_skw=leathr+jackets&itmmeta=01KK1T60DB5CJJPQPJFRDG7Y1B&hash=item5c95ffe759:g:3GwAAeSwsaBphLVp&itmprp=enc%3AAQALAAAA8GfYFPkwiKCW4ZNSs2u11xAGtPxUOeMd%2FILML9A7%2BccIYyiH3EIe6heIrE2YMacYDKiNdzU7WAvZjETPzKQHZzgB2MSSgvnYPpMEtKmw24DBJd3HE2OvnqrJVydSn8Wuhsp39h4VpuMUx2fXuGVi6fDfV4Bj1ggOKFBo8HvHKWtmAfRA1QZvJs54DxUtCPAIWBj%2FP7axa0%2Bah4OVeYogQJCg6v7PXIRpKMKvZ3ssSCXgrQMvTO2rosF0e1tw3XeErjZP5jYeTjh%2Fx6UhTM81QgpYVn1BFcrgfJamuBOXAcbe18OpCgvKXJKWRZ81XSTlGA%3D%3D%7Ctkp%3ABk9SR4KJmLqYZw
Men’s Real Leather Jacket Black Large VGC Biker Ben Sherman,Leather,£39.99,+£3.90 delivery,5 Mar 2026,1,Pre-owned ·,https://www.ebay.co.uk/itm/357974347111?_skw=leathr+jackets&itmmeta=01KK1T60DBWZQ9B6HBRX3H954Q&hash=item5358ef0d67:g:cCUAAeSwOippLs43&itmprp=enc%3AAQALAAAA0GfYFPkwiKCW4ZNSs2u11xBW6golC7teRVaAqG3NRqEc0RD%2FpXvrbkKOxB4SZf2WYJdnd3BbvwVXb--VjYul%2FfWeXrgApMSLF3D4g0Rtp%2FGr8perSaTeDaxRphAVpYMaHRU%2F3UfsZPNCdWIe3X5g0ZX3SCYusHa1MZiZ1n6QX1IdVVe72zoLF3v5cM9LOkpcI%2F1OPA%2BOgU4JDmG1CS4hm7ZTFYzJNm4VOx3JJoQzgcn2iUIEMHpYFFNfczcGB%2FPzyodl7AHXrqy%2Bmzu0SWCunUk%3D%7Ctkp%3ABk9SR4KJmLqYZw
Belstaff Black Biker Leather Jacket - beautiful condition - size medium,Leather,£260.70,+£4.26 delivery,5 Mar 2026,1,Pre-owned ·,https://www.ebay.co.uk/itm/187051153040?_skw=leathr+jackets&itmmeta=01KK1T60DB9FKP07H524ZCZVVW&hash=item2b8d1e1690:g:oyIAAeSwNSVn1uU5&itmprp=enc%3AAQALAAAA8GfYFPkwiKCW4ZNSs2u11xDq3AObTIDa19C0OnhvlkAkb7Bz3MJILWfmWReeKvjYSNfdvUJYcVtuoCxquUxbn6%2BKDJaxFX2g0uHuUgw2zSOEImJ6DN5rvkssd7F9OHxFPDXz5UB60knd%2FshzileMVO8c21iwumHc%2BzdWxwU6uS0QPogzITPCM%2BrRM4gm%2BUwCrqrHkeoRZBxcbtVUo7HsgPEr1DG7X%2BSbAgitMSz8jwOXPohQf5EmSLPZjugYE7F4ZBwUCpwK9ZaPrR8hx4MmJzP1d7rex%2B9TMcN0fOpHY0FJvOTiCUek197DGvlkHJQq3g%3D%3D%7Ctkp%3ABk9SR4KJmLqYZw
"Ladies PU Leather Brown Blouson Jacket, Size 12-14",Leather,£4.91,+£2.94 delivery,5 Mar 2026,1,Pre-owned ·,https://www.ebay.co.uk/itm/327019743282?_skw=leathr+jackets&itmmeta=01KK1T60DBHHPAM16WK0179WSX&hash=item4c23e54832:g:rTcAAeSwLixplx45&itmprp=enc%3AAQALAAAA0GfYFPkwiKCW4ZNSs2u11xBAsUHJDAro9eltmcj%2FlDHG0yJ9gBCkDM%2BjfW2meys--tViI9QFOZHl1kVeX2aZwYPNJn3y%2F6QHRO8WJ5Ib1nOowVy%2FPbt032rk0VH7oNa1sWO36Thrn6eXhRRuANj8ihqGWILEkBFl8l517XAt2Xq3nZQG8SPrrZ0oUVANz9M%2BtAhWjSUGXT4%2B7FCVuc9UA0oCnL8VXhM0I9uGKjC1TsWYxIsxfsX1d3DVWcfuosUI8yhSqhLL9qFetajFoeMU0%2FA%3D%7Ctkp%3ABk9SR4KJmLqYZw
Marks & Spencer Leather Jacket Brown Classic Mens Large,Spencer,£33.74,+£3.79 delivery,5 Mar 2026,1,Pre-owned ·,https://www.ebay.co.uk/itm/168171106713?_skw=leathr+jackets&itmmeta=01KK1T60DBM20VV02NF4Q863X2&hash=item2727c77199:g:nIwAAeSwThVplyCi&itmprp=enc%3AAQALAAAA0GfYFPkwiKCW4ZNSs2u11xCvy%2F8SRjLucBJwuEnjzYKpk%2BYfe6Mx3oC4zKDKnC6JuzWQ7vuaGTlFQXshwdKKyP%2F2pI82fTNvUi%2F5pqpC6%2FgV5UvhCTSryJRCPzcxHTdr%2BPPiJBOz2MrGE1g6p5kircrg6C%2FqhmF0%2BivaFaDeixX3D1m2JuP1%2F7BJW8b5%2BI2NrRL%2F30vmUQ5viREhu346VVejKP0gV5X%2Ft65IBcgzXUCAU4fdgwUUu5%2B5XIB05oljjgm15d2xtHA4uZNJcUPyadQ%3D%7Ctkp%3ABk9SR4KJmLqYZw
Le Mans Steve McQueen Brown real leather jacket xl 45-47”,Leather,£78.70,+£2.94 delivery,5 Mar 2026,1,Pre-owned ·,https://www.ebay.co.uk/itm/137096568656?_skw=leathr+jackets&itmmeta=01KK1T60DBV4GD7E7DVYEAJJXE&hash=item1feb979f50:g:6FAAAeSwfLxpqUiF&itmprp=enc%3AAQALAAAA0GfYFPkwiKCW4ZNSs2u11xAGF3DDAA5OIvk9gBnp2lGeDuzQo9kV6Gru%2Bxpd3liSpJqq%2B2EhJkfXaFO%2FGx%2BqhBVYe5qUUg4Y8jIQBKuom5v7ZbbYEqSVbMaJ4gDTXXuLM7l2ncX0pSB%2BDEdO7J3lZRzK4l8vVNj%2FJGo5n0ht%2BnEF70bhj0btufL58ouO343dktnohtKCaqKbaVIEdyjiVstq4J%2BMCUMQZEWnFXVoOqgWpFNZXViYAnYE55aEe78jnwsdOkln9wRsJKXQDkCheeU%3D%7Ctkp%3ABk9SR4KJmLqYZw
Barbour Admirality Lightweight Waterproof Breathable Rain Coat Jacket Size XXL,,£89.99,Free delivery,5 Mar 2026,1,Pre-owned ·,https://www.ebay.co.uk/itm/306626803215?_skw=leathr+jackets&itmmeta=01KK1T60DC4CQND7X5M2FFZZ0D&hash=item476461b60f:g:O7cAAeSwusNpJXFT&itmprp=enc%3AAQALAAAA8GfYFPkwiKCW4ZNSs2u11xDK4%2BGDjlHntC%2FDcAxkHH5MPQUBKlUTNim2225OMCyFNwPT%2B%2F7TT9j7Czb7oxQ0VBQnsCjzmjZutx55YakxaL3YU5fuP5V711yO5lnzo4n80eGGXk%2FG2K1PoF3%2B10sk6Elwus%2FfGTv84qv03XNWUgPS0tesVZu2Gyor565qtFvvyjNg9%2Bv1gTRHX1K8JP70OPwTZ3IL1kNm4AC3xABUq19U%2BPMq6rv1vSpIRPfoiByGPEk76fAGEf0yS95GfQJ7J%2F8Cs4a8bn9IDhjx9jdsIvh3eqP5g3CqSnYxEHip8p6hGQ%3D%3D%7Ctkp%3ABk9SR4KJmLqYZw
Men’s Engage Black Leather Biker Jacket Size XL,Leather,£21.50,+£3.38 delivery,5 Mar 2026,1,Pre-owned ·,https://www.ebay.co.uk/itm/389673845141?_skw=leathr+jackets&itmmeta=01KK1T60DCGHDHS0HAM7M82SBG&hash=item5aba5f0195:g:p8EAAeSwpNlphKdU&itmprp=enc%3AAQALAAAA8GfYFPkwiKCW4ZNSs2u11xCFJhs1Ki4%2FO%2FJKbNMdLvhRLBF%2Fg8o95Y9gaIj34E%2FOizLeRz2pWEWGXoGHohqXH3QShlPYoKCE37YruujRQELZ5ulAstQVIl9nko4Nhq8eHKLDKYAtvx1FipwT7i%2Bp3HFEQHYnbRKvy6cCVsEY5UK5HQEbtbeafRRbxjtCvknd4zQBHSMH0gLSCJ%2FZRmJd1EnVQ060nzy6goJKx2KwC4lHqn%2FKX3nlmwlcv2e1ASWUUKlgeAFKKxdpKLLm908ROdjzq%2BDa9gp9FIMzD%2BwaaHMWTiAD4VPiCYuHkORbpmf6bg%3D%3D%7Ctkp%3ABk9SR4KJmLqYZw
ONLY Meghan Sage Green Faux Leather Biker Jacket Size 12 BNWT,Leather,£21.49,+£3.38 delivery,5 Mar 2026,1,Brand new ·,https://www.ebay.co.uk/itm/389673830936?_skw=leathr+jackets&itmmeta=01KK1T60DCZKP96YGJ7RX8HKZM&hash=item5aba5eca18:g:4rUAAeSwKCho-AOh&itmprp=enc%3AAQALAAAA0GfYFPkwiKCW4ZNSs2u11xB5gpQ%2FOnZIeSaoipQsj86iuZJ0MtrxqJ9vYJ8Lfsgl3BnBdVU7o9%2FLjFd67toJ7pnNEa%2BVTdzLBR%2F7wNUx7CPzttwXX6AhUn1hMh1y8MHADr6HmLvbQFl22S2SaCmrU11IZLNi3oqq0FFEMg0RUFVWvEtZhM2p79cMJ%2FWGSjp2zUzqRwCtvCm62YmF%2BU3E6kB%2FM4q554%2Bj6DscTBRjqMxGwPoRljbo9f6H0CZuMpYXR%2F%2BCghw5Na3hlmy%2BYy71tvQ%3D%7Ctkp%3ABk9SR4KJmLqYZw
Genuine Jaguar Men's Heritage Leather Pittard's Jacket - Brown - 50JMLEATHERJKT,Leather,£59.99,Free delivery,5 Mar 2026,1,Brand new ·,https://www.ebay.co.uk/itm/334288419770?_skw=leathr+jackets&itmmeta=01KK1T60DC2TY7HWMXZYWMQ1X8&hash=item4dd5247bba:g:zIsAAOSw3glmnlf1&itmprp=enc%3AAQALAAAA8GfYFPkwiKCW4ZNSs2u11xDjqCiV%2BAqIhSvFCdkWxucQAdeocvKpva86tTTxQk7%2BqdDGTJ66A8PdaINgX2VTfIsKLROXnPvNR2VvY0u3FhRGxmSYYEkBV7bFEBuIvnnSAtaTBHhXvZOwwFzsBo3BpdUtC7bPmdETGZQEoQCJi1OJKSCn0bxYJTC1iflp1Q%2F4iiGQZHnsCOifsmST0rLJw5rJ%2Bsx%2FwEJ0f9BCGZdR%2BIqLezmQ9A1XCrcwIGm34vnMHZJZQuHSlTjXJtD4PiahBlaOaRMRrfdCPjh8YNxb83O6sleXqXZ63vWYqyTgld13vA%3D%3D%7Ctkp%3ABk9SR4KJmLqYZw
Unbranded Faux Leather Black Jacket Size XXXL,Leather,£9.54,+£3.38 delivery,5 Mar 2026,1,Pre-owned ·,https://www.ebay.co.uk/itm/157710570057?_skw=leathr+jackets&itmmeta=01KK1T60DCJ08GX4BWSNGVE3Q8&hash=item24b8485249:g:LIEAAeSwERtpjd20&itmprp=enc%3AAQALAAAA8GfYFPkwiKCW4ZNSs2u11xBReHGqul7D4aDeWdNsWzl4n%2FTEsS2THDUC0EZGxNQzLajFDSKor%2BH1TAcc4LKKEuANFdeTNhJrxJEOfhIf8QhOmf6CzLYkE0j%2BCVfmz9BLG6di1SUnrGMXOcERDEeDQ%2BTqGBMMQLP5aXyEbAq%2BwEPFPkjrzRlN1OSsAgd6kQ8pmK3NyUSmEd0cPq69NaoDPU5U6oOkMufVKc55Y%2BQfg345qVz3DF4HAaKfKSVPsUJbNq6aXuvIo0oevG37uUebObZTDGETBRbHx88qoyO3Sxs6qPmDNzwJgT36zZePxLldeQ%3D%3D%7Ctkp%3ABk9SR4KJmLqYZw
M&S Leather Autograph Open Front Aviator Jacket Size Medium,Leather,£62.06,+£5.15 delivery,5 Mar 2026,1,Brand new ·,https://www.ebay.co.uk/itm/198155081310?_skw=leathr+jackets&itmmeta=01KK1T60DC95M01SQJE21KJAXT&hash=item2e22f6965e:g:AWcAAeSwcABpMBgR&itmprp=enc%3AAQALAAAA0GfYFPkwiKCW4ZNSs2u11xC9YuL9bdvRAZio2PH1O81geqHedtEu0lFsv9MftKR%2FeOWtk4Gwjzw2fmfvmXsagZem3rUtzgrHo1sfodA5PHFtXDBa5MGD8o79owbYNmEM0fOhpjh3JhnFG5wIMjI85SP0RaRTXlGOhypW7BYi34NWJi3KbdbkoRmp2%2BA9d%2BTgJvph996%2FTLY%2B26jhea%2BEbA8BXfB6sE7whO5PV2yXQWpneUqxEDj4mJzyODqT34%2FIw9gIFxxpQgCgVsa7JryxArA%3D%7Ctkp%3ABk9SR4KJmLqYZw
Frank Thomas Leather Biker Jacket. It's a 3XL But Does Wear Larger.,Leather,£10.80,+£5.21 delivery,5 Mar 2026,1,Pre-owned ·,https://www.ebay.co.uk/itm/127607389548?_skw=leathr+jackets&itmmeta=01KK1T60DCPYA92SXG31JN2R3A&hash=item1db5fe3d6c:g:rOwAAeSwNn1pXP21&itmprp=enc%3AAQALAAAA8GfYFPkwiKCW4ZNSs2u11xCu%2BxnqpsI1CH6fDsetgmoidVaV0%2FkXsXAQkHevJsCCgcaNB1JaRSwcTh2rXc%2FILw%2FBftpI8%2F614h9FPb2f4LinpC9%2Ft5leCJMQhDKZWzDhZ8Y3CJ%2BzkulgNfi9MNWDddWgMNB8yoV40t93mkG1jxrKue%2BfsWHGrnIXVKecyp5dkFtgIaoiQvmhDrTpVx8YAU7vbyoaQPV%2Fhc6vf1ELw0QuSxFw9ZtYZ3Vtnpwb1eXUtRDYULlO4b%2BmpGjX6MIxW%2BkxG2xdNQDyTAeZbh7PGqHqHejFf%2FR96D6vhEpbrJquGw%3D%3D%7Ctkp%3ABk9SR4KJmLqYZw
ZARA Molly Mae KHAKI CHARCOAL OVERSIZED BELTED ZIPPER FAUX LEATHER BIKER JACKET,Leather,£50.99,Free delivery,5 Mar 2026,1,Brand new ·,https://www.ebay.co.uk/itm/193466890733?_skw=leathr+jackets&itmmeta=01KK1T60DCHGJ5JQ5GJ9TTSMQD&hash=item2d0b8679ed:g:t~sAAeSws~RpFH40&itmprp=enc%3AAQALAAAA8GfYFPkwiKCW4ZNSs2u11xBzlIjdfwxtq5nF7FPyu%2B0PGt%2Fgg2ItIlnbjJvyOti7aT9q%2B7NHvZM%2BapO0jJcyFBL9PBnEKR7DzGbuHDhxMjQPPoD97HmIBgRAdHx47HorEGMJrHha%2Fgy9bkc53kZJgaRCVRh52LW6rjB9N8iOOc8ox2%2Fjx7Iet9JsCTiNx%2FsJOzlZN5AEIvG6xGu7AYm%2BoQpg%2BeSicKJUTNrsAjQOhHTMqVZEVi595k2tfo6q7PQ29MMJeS%2FqhOf7dAOsWsIro1KATAo4FjGWz3GXFXekmT32v0%2BjaEpRdDk2lFlTKWG3Ow%3D%3D%7Ctkp%3ABk9SR4KJmLqYZw
Paragon Leather And Sheep Skin Aviation Flying Bomber Jacket XXXL Excellent,Leather,£69.99,+£6.70 delivery,5 Mar 2026,1,Pre-owned ·,https://www.ebay.co.uk/itm/257389342883?_skw=leathr+jackets&itmmeta=01KK1T60DC7DW6104QGKXB8FXY&hash=item3bed99b0a3:g:LPIAAeSwGBBppwMY&itmprp=enc%3AAQALAAAA0GfYFPkwiKCW4ZNSs2u11xCiEkUm9mM%2B9IibweZM46Nb2LD0hqfHU98zGCBKxaHg9vm2QTJaxnkQswXYJPjma8xkiO1oukHm3sNXU9Mk%2B1fyYIcI2caDXONC9i9Ie4FnQiPC2KS7j490oz1%2Bk%2BBS4lteV%2Ft9m13fw%2FAKuIvr4M0c7Rsoq9QNvMNXAEBXiq8%2FrhCvFakdBinXZh016jA3JP28YAVG8HzEgWaHURj8UlareyaFSQEHVu885zuj0tru2K2WYHcOJgI7LRogBKuZHhU%3D%7Ctkp%3ABk9SR4KJmLqYZw
Arlen Ness Leather Motorcycle Jacket Size 48 Black Elbow Shoulder Armour,Leather,£52.70,+£5.21 delivery,5 Mar 2026,1,Pre-owned,https://www.ebay.co.uk/itm/127706439078?_skw=leathr+jackets&itmmeta=01KK1T60DCPMZYXRZ8MMJ3ZT79&hash=item1dbbe59da6:g:ISkAAeSw09dplxNP&itmprp=enc%3AAQALAAAA8GfYFPkwiKCW4ZNSs2u11xA%2FJtskWskPq6AR3Fc8mNUhtu%2BOOLqi55TyXmCZrxzx%2BcB6xibrom9tC1%2FX7mWkQKLeAgn2ewt18LOHdJ5yoTFfAFc40jYrVHd7e4umAoURii5NAeEM92H59eaIumFc0%2FtEMamED47HWVXOaDj6X%2FftwemPJ8v5TocTyPVnS4EhunHc0HE0RVYGDyLLvDuo1Ca1%2Fk%2BrkZIfxl%2F94eyYuHoIgwsLrfO925zIOE6oTECEcwOixFt6tkUYh0HVzNWPM1bsNUe%2FdoeHU9oghGJe00SJAhkoiFq0ygiWgGGgTda8mw%3D%3D%7Ctkp%3ABk9SR4KJmLqYZw
Women's Brown Real Leather Jacket,Leather,£22.05,+£3.38 delivery,5 Mar 2026,1,Pre-owned ·,https://www.ebay.co.uk/itm/197870234275?_skw=leathr+jackets&itmmeta=01KK1T60DCRZB3298RY7AZMX19&hash=item2e11fc2aa3:g:7HIAAeSwlphpG0ET&itmprp=enc%3AAQALAAAA0GfYFPkwiKCW4ZNSs2u11xAXLkuH1lPBuLoVgBOkIrsLFZZg663xufEcNloAcDMybqlJoVGL05TKDcgkqQsGVBBXyHNHqhPd2QWBtBUOiLXSuRuLQcHsY32SKYkV8ucm3RW4M%2BT6m3yPLpmKb8Pyd7CFPdjcD7KPY1Q3%2F%2BhtwC%2BicjRXwFaAEi4wHwe70KhHhMWGklnvZJsH0PmiLE%2FvSjbdx8ecrKm8h1gNtvCMDlz0CXFLp%2B%2BBykBFbktU5IT4BcFCX7aPxX4UOkKRWZZT40c%3D%7Ctkp%3ABk9SR4SJmLqYZw
VINTAGE BROWN TAN REAL LEATHER JACKET JOHN ROCHA 12/14,Leather,£22.99,+£4.65 delivery,5 Mar 2026,1,Pre-owned ·,https://www.ebay.co.uk/itm/227210996634?_skw=leathr+jackets&itmmeta=01KK1T60DCA1NWVCVFX6QF8YAV&hash=item34e6d4ab9a:g:u1YAAeSwlwBpFHKT&itmprp=enc%3AAQALAAAA0GfYFPkwiKCW4ZNSs2u11xANfnGtHYi6X5dIcw5ZSagAWdrewXj9JGB9VJ4eR88umNVllE%2F60w8xYmwSnCm%2F2%2FIzPXSxjucqDTg%2FeYPLttdFj6eldHH%2FlsrxuK9VgskU%2BEXCqjz%2BVoc8npzcVaeuXsf1PIQiSMK8D7WJVDvFtWgXmae5SUbSSNsme1AOekjEFJCAORu2vtph3yC5q83f1O9aDaMkGE5gpko4bWc2TWSSXZJPks8s%2FFHcL8NaJgSBFHEdQBrTmo%2BBa6iRH0rWpNQ%3D%7Ctkp%3ABk9SR4SJmLqYZw
Brand New Belstaff Outlaw Hand Waxed Black UK42/IT52/XL Leather Jacket,Leather,£695.20,+£7.27 delivery,5 Mar 2026,1,Brand new ·,https://www.ebay.co.uk/itm/358178893525?_skw=leathr+jackets&itmmeta=01KK1T60DCYN4ZWV5EG4995EW2&hash=item5365202ed5:g:y4UAAeSwXAJpf3dZ&itmprp=enc%3AAQALAAAA0GfYFPkwiKCW4ZNSs2u11xBPD5LoLxZJ8F2009KYriXHvSDI0sSddEgQOj%2BVF0cuuax%2B44t9%2FUoXdf641I0%2B%2FrmIOam6G2L0kWY1WC%2F1Rx3MMHtr%2FnHh9IAjbVAjfQY64TmppLZ38r%2FVLNcL5Y%2BmP4rsmiEOJHPFfJe%2BI1aDX532Cx9E%2FgtKguaUzygAxwiliA8C3socPoa7x0kGebFd1SKlRdh5Hll29DyuPVaaB0pQCw0t72QrP6exljsOFR%2Fnau2X5UpDF4x3T%2FBlvOKN%2Bek%3D%7Ctkp%3ABk9SR4SJmLqYZw
SARDAR LONDON Vintage Women's Suede Leather Jacket SIZE XS Disco 80s 90 Batwing,Leather,£28.78,Free delivery,5 Mar 2026,1,Pre-owned ·,https://www.ebay.co.uk/itm/406501096017?_skw=leathr+jackets&itmmeta=01KK1T60DCAZ43CDPSRB5V0NR2&hash=item5ea55a7a51:g:Q-MAAeSw2FtpRnw~&itmprp=enc%3AAQALAAAA0GfYFPkwiKCW4ZNSs2u11xDSUfVWix6%2FQ3FpdXwxC%2BESNekOGXJ6tZ06hjs4t3N%2F7K8hxEB1QpHx2Yyi2B6YQ7fCBoJK7lGOel7NUP0YG2YZZJBJUw7mxRwF9doQWUy4OR4OfsQR6pCJhlYYmrxocufSTUPl7WY%2FSZdoMXI19vbeuFfqxjmlQmos3jL7B%2BPidrxJ80SZwKHvSeKXOSV9QLAsZyf5wC5BMIf43XiyPAjckpa0K%2BbOKxNrAnsmdWchwbyCd8k8zbUSd23SaV0DlRc%3D%7Ctkp%3ABk9SR4SJmLqYZw
Ladies Lakeland Suede Leather Biker Jacket Size 18 Brand New Blue ink colour,Leather,£52.00,+£5.00 delivery,5 Mar 2026,1,New (other) ·,https://www.ebay.co.uk/itm/117066225650?_skw=leathr+jackets&itmmeta=01KK1T60DCGCBXJN30XQNCREKQ&hash=item1b41b0d7f2:g:-OgAAeSwLrxpifCi&itmprp=enc%3AAQALAAAA8GfYFPkwiKCW4ZNSs2u11xBlVvNyksp7RJmmdHcmZMWsZeCT6qJ2WYfX2AlwQx3%2FlhooaXEY5llC%2FxsNfYfnITvBZYWdY6uT6LLhw8kYnm%2BRiJUsxRh993XovYvilZcF4%2FVGUyvWLkcoeN69aQeu9JZb8sAC6CirE3F35YVinIBh23jg%2FrwWfTf73flD1%2BIOV5sxMWS3cKP9EbyRkKXJCjsCpZ27C2NsyyOdccnEHfdBR5booSi%2BsZ8dFqoc5vDsqWEE8bpYuMDGPXGmkG5eBrm4RDWK8vfLjLGciGP5o%2B9InUCB3PihIBa4Tqhd8%2F3fHQ%3D%3D%7Ctkp%3ABk9SR4SJmLqYZw
Vintage Leather Jacket Unknown Brand Woman’s Unknown Size,Leather,£5.45,+£3.38 delivery,5 Mar 2026,1,Pre-owned,https://www.ebay.co.uk/itm/267587429930?_skw=leathr+jackets&itmmeta=01KK1T60DDP4NX06RV7RVKJ2KC&hash=item3e4d74262a:g:t1UAAeSwiKBplbBV&itmprp=enc%3AAQALAAAA0GfYFPkwiKCW4ZNSs2u11xBUZuAjczL1%2FOshbc2l%2Bs6lPIbivnvktv4R6dDGpVuNzfYi5YtSjJ9Sv56yl9eDGT85qvXxMWc4RCEv2sj3adMKyFEb0o4UqBImFwL%2BpmjnZv9nZ0K4jNtEI6%2BQHavgIHYQXq8B6iBCNjm5G2DPXlC2UQIEM1ENZ9JJo%2F9ie9APNIuKvVqxNTQcZVe%2BM9AHfQq1lLVHvrR9%2Fp7cy9gZcRFLbId%2BPmFpyal6QVbHn4Lb3A%2FgxVhOC0vKdz%2F2rzXAe0k%3D%7Ctkp%3ABk9SR4SJmLqYZw
Vintage Angelo Litrico 2-Tone Orange & Black Leather Size L Biker Style,Leather,£45.99,+£7.05 delivery,5 Mar 2026,1,Pre-owned ·,https://www.ebay.co.uk/itm/267587245275?_skw=leathr+jackets&itmmeta=01KK1T60DDPC0EZVVZXFNTAF55&hash=item3e4d7154db:g:fv4AAOSwyrdoXTwk&itmprp=enc%3AAQALAAAA8GfYFPkwiKCW4ZNSs2u11xAPrztBskIomLUFwWbPnMVB92m%2Fqs9zhQSQpwUHXJnidjDRIruopyRY17H0SCwWQGTY8GvtjCpPzN7b6Z%2BEDwy6EfYTVn8dHXWB%2FJJxQrli5FN5McD7RwhcLtkYYOSLAKMJ%2FZU4aZh7t%2F9xT4C8eJfTeS1E5KGdiawdpxZEEpeMVa9LSmFQME9Lhlb3oE7x7zN519dKtWu5cuN%2Fj8BIBDkgzH1abUDIMvcEUqppsFZ%2FNqJUIoufTp2z6zWyOx%2Fp%2Fdg1L0K3cnLw1PCC9Oy5kJ%2FGzS%2BtZCSuBKw%2FgQ4Xhon97g%3D%3D%7Ctkp%3ABk9SR4SJmLqYZw
Suzuki Leather Motorcycle Jacket,Leather,£31.04,+£5.21 delivery,5 Mar 2026,1,Pre-owned,https://www.ebay.co.uk/itm/177898247368?_skw=leathr+jackets&itmmeta=01KK1T60DDRYNYKZHMGR95VBPB&hash=item296b8fd4c8:g:gjMAAeSwbkVpoEdP&itmprp=enc%3AAQALAAAA0GfYFPkwiKCW4ZNSs2u11xCSv8RvDOlY2QpuKAA1FGVSntvzDe2bs%2BFBg2I4Hry8Dwv4x%2FlYx0O29JCUAJX0B%2FbVy8n7FiJAfgUKHVPv3B9PMwDufgdQWYu6E5BMFwHDLLa7ZssIAIhflqZOYWmFTFLUPsP8iGWJDmzmDCTRn%2BDQofRi%2FzqQvpAgL4uaC%2FvovPflNWq3vCgqqXmAwxvECYSiwgsl77bWACCD3k9%2Bubghp5QyrTlYDXCR0Nkap0BF31R60o3fRE0itXZaGcQuzWc%3D%7Ctkp%3ABk9SR4SJmLqYZw
MORGAN Faux Leather Biker Jacket in Light Blue Size 10 Fab Colour !,Leather,£4.95,+£3.38 delivery,5 Mar 2026,1,Pre-owned ·,https://www.ebay.co.uk/itm/168192555048?_skw=leathr+jackets&itmmeta=01KK1T60DDJPSFFS8DGSQHDE6W&hash=item27290eb828:g:3m8AAeSw2yFo54JV&itmprp=enc%3AAQALAAAA8GfYFPkwiKCW4ZNSs2u11xBntT0bLiD88quKnzGfZhQBD4qPWkMH1HEsCDdg66kzBZwhUpR8NCfKroNSN1c9Lq%2FxofAVVVM2WSMb2UJzGZHPugc6lYf5nqFvYVdlGPPHgulOU2GVHh8vMG%2FuWpxM%2Bz9aRP%2BsN14Nk35SuFdza4JdUp7qaWBAKNAIDeycFAeGxzT9ham2cweo32kkEywI%2BjnRC7YYv%2Bq2xa%2BbtO1vLQP1RZVEFmyIOtTy8F5fmUISr3Y9cSQw12PNliu4ZaX%2FKLhvtp3aKO7O4%2FkftjydO57gGN4zYg%2BrpVqMOS95%2FfqJxA%3D%3D%7Ctkp%3ABk9SR4SJmLqYZw
BNWT Bronze Leather Centigrade Blazer Jacket ~ XL,Leather,£30.00,+£2.99 delivery,4 Mar 2026,2,New (other) ·,https://www.ebay.co.uk/itm/326906209641?_skw=leathr+jackets&itmmeta=01KK1T60DDP14SXJRVM09PNYB5&hash=item4c1d20e569:g:2XgAAeSw3XppOCN~&itmprp=enc%3AAQALAAAA8GfYFPkwiKCW4ZNSs2u11xDz%2BgHJFMQZKDn%2BDmzABFsTedjg1tzEeNC0dx%2BnRP6tXDSb3lxJMsnLHPnJoA4fp9cz%2FYPcBVOZk483joWYDRrGKPVvRFYegvUOApIY%2Btx%2FYDP%2BYqeY%2Fhb0pdyn9qZLxBfMPU9g8luYoCFMCGUra2%2BPie2c5I6Itg3410MMvzZl%2FFp5u6C57hAQQZpYmsETvVzY%2BvWhpXMPKup2uCgIA1aMiTxDwD8xTNYSW3zoBKOTGGFMVnBZqASXWsIbaNYkF7sMIUq7jnM8C8C27LCCJawYb31370CY6roV5a82KGRF5A%3D%3D%7Ctkp%3ABk9SR4SJmLqYZw
YYNUDA Faux Leather Jacket Beige Biker Style Size L,Leather,£18.00,+£2.99 delivery,4 Mar 2026,2,Brand new ·,https://www.ebay.co.uk/itm/227151375255?_skw=leathr+jackets&itmmeta=01KK1T60DDA895X78V1NTXJWQZ&hash=item34e346eb97:g:GjgAAeSwi7NpUnK5&itmprp=enc%3AAQALAAAA0GfYFPkwiKCW4ZNSs2u11xD4G40H83k7e7awtjeONhuVoudckd2319HJvvpv%2FDR2NfOMyqC8GHexfUc3CU6HN6nqeO%2BNPb3rPF7WjS2zZUDauHRZZHq1tIdn5Rm2OmYs9JdZecr9T%2FZY7nKJ5nwXppDDS7DZvih6wE8oUi9X%2Bnq4dJEtNs0cYbXCpRSXt1exMnvHS0bJvIuxpKonDrsWdej3CqGo088EkPPGM3rvIrnylKtldCF%2BTG%2BpvSGpcnsmS6N43pW9Q37KuMBbW3z1Zus%3D%7Ctkp%3ABk9SR4SJmLqYZw
Ladies Vintage 'Principles' Soft Leather 3/4 length Jacket - UK Size 12,Leather,£40.00,+£2.99 delivery,4 Mar 2026,2,Pre-owned ·,https://www.ebay.co.uk/itm/326826860127?_skw=leathr+jackets&itmmeta=01KK1T60DDE74GMTK57WTY5VHS&hash=item4c18661e5f:g:4X4AAeSwnKBo83Gu&itmprp=enc%3AAQALAAAA8GfYFPkwiKCW4ZNSs2u11xB6Czk6Vi29NzrTJkSI3beHxCJ6gHijnaTHmTO4leU2f7I51E9337rhb40yO%2FbWe1fMTXG0f%2FMfunYeEML%2FlKlVMxBVqeCk5jgZ%2F5qWy7f1rVCKQ%2FBc4b%2B%2FZdHFhkE4ns%2B8rWSiBJuqavV0c3Oj1HMjU1BEb8zVR%2B4KiREbmLwPJZzbZBd2Lam%2FUQLbizozA%2F%2BI3CZQ1mwSlkbobOj4G%2FG7sUzo%2FfdeeDhfNyjfeM9J29Zh8QzuK25K5oREdjWPmUWzdrk9M7C6E6AOzRIqdstixw3OsJKLoSQcDF9QPMC%2BRg%3D%3D%7Ctkp%3ABk9SR4SJmLqYZw
Arna York Black Zipped Faux Leather Jacket - Size 22,Leather,£45.00,+£2.99 delivery,4 Mar 2026,2,Pre-owned ·,https://www.ebay.co.uk/itm/326857615264?_skw=leathr+jackets&itmmeta=01KK1T60DDV00VARN5NVQ9FYWC&hash=item4c1a3b67a0:g:cYoAAeSwvYxpEbTA&itmprp=enc%3AAQALAAAA8GfYFPkwiKCW4ZNSs2u11xCtwok%2BxOwsNCODyA6INyCT%2BdcYY4yPbYlQljtdg8ivHtLOGvxYBdaEdv7HwkKbgBC%2B4kwqWXG8cae7MBx1hP3o09YY3A%2BlO8LLVmb981QC3Vs0vjMz8ysOQ55pmrsi6fpljcBuYNLifbfyCwkiF4fvAHGklbJHQCCcn2Ttkl62XDdm3NyGj3Iyf3Xj8DC%2Bo3sK5c6mSj750WoW5DvIMhI0HD39FQwUccmz3Hn7KU5XeL1v7NUXVhc%2F1Ti3BqCLNMtii%2FRCgxBpnRVfCBMFPpC8lKVLsHDnzHsegIP72XrqhQ%3D%3D%7Ctkp%3ABk9SR4SJmLqYZw
RST Ladies Womens S1 CE Leather Jacket Motorbike Motorcycle Black Neon Pink,Leather,£169.99,Free delivery,5 Mar 2026,1,Brand new,https://www.ebay.co.uk/itm/168099337461?_skw=leathr+jackets&itmmeta=01KK1T60DDX43J74K9YH511K1S&hash=item27238054f5:g:37wAAeSwy~xpi4Zw&itmprp=enc%3AAQALAAAA0GfYFPkwiKCW4ZNSs2u11xBLyd5ktjmQcn4x7Pbqfe3%2BLAcE1cXxY7JvDUGazNZFQyfMKmCPuH6eo9wbHoXi29zXyqye0%2FnQRihGHVOJOVTRcBjzWTl8tnuel7jZwrEvZpcnMg%2B0RBXYpJolXFYpJFk39YVNjB0eLEfrgot46c7imjso%2FUnpxUpYHPrvTvXXkPIBLopTeDIUAt1wJUAVncvvJXac6hvhu3AUZBt9MHls0Snuq7seXFQ%2B3a8W3Li88HNflnik7gXLffvCu4Z7wVE%3D%7Ctkp%3ABk9SR4SJmLqYZw
Oasis Women's Biker Jacket M Brown Faux Leather Quilted Zip Pockets,Leather,£16.15,+£3.50 delivery,5 Mar 2026,1,Pre-owned ·,https://www.ebay.co.uk/itm/206103492789?_skw=leathr+jackets&itmmeta=01KK1T60DD448QA0FDHYJ653XW&hash=item2ffcb9b8b5:g:i4wAAeSw5tpppFnV&itmprp=enc%3AAQALAAAA8GfYFPkwiKCW4ZNSs2u11xD8ON4Z%2FHBp3yNT7Zu3zhHQJfKNKclmDCHBd4NrCmoceBWMV4NQolW%2FMUqfkSY6wESEKEDsWU%2FecjmnzLgJV6tNzajIVScN23kga6QW7RTcjHIZo6aC3cyN063XLvr%2BvecOGxoG9EUVW5TLCnxZg%2Bi%2B%2BnC8Mdgy03VneqV67Ap03sT0Wtt1416SbQGkHxakF0w94baQehbyODDPXzLkC%2FMF7bbjdPChc5Kqqvs9N0T88ATXi%2B0B1snBGpK0Iy26ZNlD7I7OgciH1U4RiUCEnNu64tilUIYBVa3FAKzTTsQv5Q%3D%3D%7Ctkp%3ABk9SR4SJmLqYZw
Richa Ladies Womens Laura Leather Jacket Motorbike Motorcycle D3O Black,Leather,£206.99,Free delivery,5 Mar 2026,1,Brand new,https://www.ebay.co.uk/itm/187916959326?_skw=leathr+jackets&itmmeta=01KK1T60DDYY81H1AQ11WD8PDE&hash=item2bc0b93e5e:g:7w0AAeSwK~Npi51j&itmprp=enc%3AAQALAAAA0GfYFPkwiKCW4ZNSs2u11xBvyb4MS%2FhdcT4QZlJ7IMWtGBNTZBMkr2AU%2FSgih59a1l5sFC3gJwTr1ZEOtFnigjiC3JAvjHGwhjq0%2BIEXmGUUiAf6yK1SfXzGjUoZtOY5%2B1nFCKAthwS8Jsj3dtF3Pwl8jfOpkCFRJcwpZ6vDkLDHdg8l%2BEnK1Rus7%2BCeshET3YUhE8u3WvMSrFP1M%2FFXRWbIyD3b974oBGXMV5CmoPfM5aUnVGlCp8IQrD89wzdzRxME7byJKF--KYaNYCZfXqI%3D%7Ctkp%3ABk9SR4SJmLqYZw
womens KARL LAGERFELD Leather Jacket,Leather,£40.22,+£2.96 delivery,5 Mar 2026,1,Pre-owned ·,https://www.ebay.co.uk/itm/147173780958?_skw=leathr+jackets&itmmeta=01KK1T60DDSZB2R9DGRP6C5SCK&hash=item22443dadde:g:mKoAAeSwBCxpQUjA&itmprp=enc%3AAQALAAAA8GfYFPkwiKCW4ZNSs2u11xCxQ%2BUrGJaS0NLUdEhAEq5rZiqnSzJGaTqEnijNq5P1HssM3XBzPeJ%2Fy9qsMUpTGY7fjwuaNiMgmi4hlAJCdNi1C9IDivdElvwsh%2B%2BYgepMirrvJ5x5Gf7JmQYHl3nqySrSNa%2F42VlUDAzEQIJdFoBWjZ0yt%2BEFA15fkAvoyjV7zSdjvIq0RgYHvYgFpCbMEPHNQXlmNIea2f0sq3JeorI3Xw%2BQ9ChKbceC9bK%2FZwbN499qxJmblBOM%2BaHFBTYWUSHLePilSxYbTFaG4XpNeMGKCzqJz5eEcSrC71EzI4xYdQ%3D%3D%7Ctkp%3ABk9SR4aJmLqYZw
Men’s Leather Large Jacket From Next,Leather,£21.50,+£3.38 delivery,5 Mar 2026,1,Pre-owned ·,https://www.ebay.co.uk/itm/257383833707?_skw=leathr+jackets&itmmeta=01KK1T60DDRB1433QX01S057TA&hash=item3bed45a06b:g:R9wAAeSw9wVpX8Bp&itmprp=enc%3AAQALAAAA0GfYFPkwiKCW4ZNSs2u11xDV4nP8vdLFzIHzgGdLjtKlxLedv2ILTnWQp2Sxe3cUy0AxmBvV9ZKCmxWi06sGpcbJBZWIpfJFdji72Icn1yrwEYiSoh9N68z9HZwdJMIztoTF1xtgPyZuJ91YIVTmT07q9MuLN5hImyhOMI8LhJXlDqQFL9pOczcdAr8k1gIBSiQOHk8LT0LcNAwPezoM8hOgnnWFGb8rsn8bBI%2B3RHH5L%2FgINlJaWCZ2iPOBye9gkvEYn%2FOFjsNrJokWvVUCUx8%3D%7Ctkp%3ABk9SR4aJmLqYZw
Men’s Retro 2 Biker Distressed Grey Vintage Motorcycle Genuine Leather Jacket,Leather,£79.99,Free delivery,5 Mar 2026,1,Brand new ·,https://www.ebay.co.uk/itm/205438201943?_skw=leathr+jackets&itmmeta=01KK1T60DD3SBBMH07Q2ASD01X&hash=item2fd5123057:g:HhIAAOSwuytoBkPq&itmprp=enc%3AAQALAAAA0GfYFPkwiKCW4ZNSs2u11xDaoeFu%2Fm0g%2FpTlfASOErDlK%2BeXmdLVL5mc2CgqadtTaoCZ7qfcWuIDWMDMWAx7wa32QgD0wbTYAmaW2v%2BOxBRcNsJXwziVq38TqwXbl2wOmE%2BJFZBvCkWGRHnTeBKyYUnqoO2u78Zos%2Bjwf%2FbOzYb1Hvc7i9RtZrcZilQkaoVUrSb8ToXCpJ%2Bwln9MGHWvduitkIWHr0Ilr8xUNG%2BwT%2F0CI9%2F9Zi0nZtOujT8TtiiUpqEDJ2QtAWNIvL6RbhadEmw%3D%7Ctkp%3ABk9SR4aJmLqYZw
Marla Wynne Faux Leather Jacket Womens Size Large 16 Tan Brown Zipped Casual,Leather,£29.95,+£3.95 delivery,5 Mar 2026,1,Pre-owned ·,https://www.ebay.co.uk/itm/147161628056?_skw=leathr+jackets&itmmeta=01KK1T60DD3JDX31618J3AB01Q&hash=item2243843d98:g:jrAAAeSwVptplgKF&itmprp=enc%3AAQALAAAA0GfYFPkwiKCW4ZNSs2u11xA1cQr%2FYDzFrYdtyxRIM48CLX%2BLsUGDXXQCCeF3Jva5C3VCotaD05WVC2fnLXYIBdeS7M--wTtty7ZfEbQ8TJvKxBorrDDkx6pVafzZN%2BHJpXPJJ3N1bYIhBPJ8kzCH7nPd14qBchZhiKb7YZO2h35vQS2QylrgoNYPaPzgGFXaP5m2vmUWfdXTnHAqrGYcJTI6NPXuTlXB0QWGgazO89jMsDtmkrUT8fpWkHR7Z6CAtUuu4DWRjHYQTFUeHO0dMN4%3D%7Ctkp%3ABk9SR4aJmLqYZw
M&S Women’s Suede Leather Jacket Size 14,Leather,£20.57,+£2.94 delivery,5 Mar 2026,1,Pre-owned ·,https://www.ebay.co.uk/itm/227233305440?_skw=leathr+jackets&itmmeta=01KK1T60DDXDPGBBGPZDGJ8Y6B&hash=item34e8291360:g:ezkAAeSwGoxpoEDm&itmprp=enc%3AAQALAAAA0GfYFPkwiKCW4ZNSs2u11xAGbGDWfI5OBO8y6RR%2FIdaynz%2Bkb1qU4EAlkxuACiCerOU8yo2O1ZAUbtBjrdMHwj8oTUNHVjIh8HwSgJMMsGuHCqXPGyE7N14oz0wZHNUr9fP1WCCJmR7dwUNXnDdkr0%2BguJSHNyT5krUEtvBqRyXx4sQUgY%2BS%2FNHnEkcK6Rw58sdDo3zrp0gCfpTEx%2FNyKEayRF1OSTQsSOUDputWAoKgyEyCVDZakvqdaSI%2BcBVMMVuBubJLFx%2FnI07N9EENeSA%3D%7Ctkp%3ABk9SR4aJmLqYZw
AllSaints Bomber Jacket jacket tan,Bomber,£120.00,Free delivery,5 Mar 2026,1,Pre-owned ·,https://www.ebay.co.uk/itm/198073005912?_skw=leathr+jackets&itmmeta=01KK1T60DDW3MHVNETVGS7ZN05&hash=item2e1e123758:g:s4AAAeSwAUhpgGRv&itmprp=enc%3AAQALAAAA8GfYFPkwiKCW4ZNSs2u11xALNGxV8sV2n%2F0zDL4mlRm8pF6uIkKgy0xGXv0dxgh0Gw9ocqFYnO1Gckv0AAeIEGF8AVkJKHwvYoUWoh5dmmzO4m7zIStFqhUupRjpqH9Vc0rKxe5RyyUc1ySp3D5sRpajxasf6cgBF1%2B0Jh4z3TJa6opQyooEX%2BDFOqifzi93kHkHxW5vojWwIZi4N2IFpmUduNNyFHfxf53rm5tsUFqba0EI2nba9kXHWcpv9vGD1B7buUXvrYwG2ZgxSe2id9UrckGzsaWCSNXFUmWOYMPzcLFXYavpQkEGzttdhUmmGw%3D%3D%7Ctkp%3ABk9SR4aJmLqYZw
River Island Mens Bomber Jacket Black Sports Faux Leather Zip Outerwear Top,Leather,£29.40,Free delivery,5 Mar 2026,1,Brand new ·,https://www.ebay.co.uk/itm/406511157659?_skw=leathr+jackets&itmmeta=01KK1T60DDE4GP0Q9SMJTA9XGV&hash=item5ea5f4019b:g:yYAAAeSwDIVpSmHe&itmprp=enc%3AAQALAAAA0GfYFPkwiKCW4ZNSs2u11xA%2BX97rNzXSrvUQgIGkD0VMKov6UQ6MhqH8xzCHR2AzElizxMIQf8DP%2FYDRrzXmmNwlgxRq8c66PSiuiyGOsEOnqfQVtA96c1mJXn8Ji16cdTFlnlOD%2FJZq8p%2FRvpxFWCRW9RFOjnHLMm62deRfBzUTu4vne7nAJ2PtZNFqifTZBL81L4z8pC1k6cnyXkb4RX33f4IOKvglv86ArSs%2FYqcomdAmVsCyEEqGEm5%2FHD%2BroBzNBV%2BT%2BK%2FFTWAQvB%2Fa%2Fsk%3D%7Ctkp%3ABk9SR4aJmLqYZw
Marks&Spencer Faux Leather Shacket Jacket Berry Red Belted UK22 Casual E4622,Spencer,£19.75,+£3.95 delivery,5 Mar 2026,1,Pre-owned ·,https://www.ebay.co.uk/itm/389690967714?_skw=leathr+jackets&itmmeta=01KK1T60DDJ9T4NFYKKRZ02JBV&hash=item5abb6446a2:g:9ioAAeSw1hxpOsFn&itmprp=enc%3AAQALAAAA8GfYFPkwiKCW4ZNSs2u11xALmEj8muKXGa8%2BqmOisunhpAjmPXynvgH57NR9UyrgRII%2BnN7j7S8n%2FpRZXOBR4%2Bgsb3seO%2BjmRaz0uobs3letT0ySlEa0OTgNgpwvjKikV7bOhb2jCeLZUYxqMbzOpyOpOnDiEOqkNrCDohqhP%2BWc%2Bc4mPB1jh6ac1Vb117gmYsBxvtOd8Ou%2FC4InE5tu8Qz%2F%2Bx9VIaQ0e2LGugRTGR1h48bjAQzpYwWbwRg9g98LM4KBA%2B8POymvbigm2%2Fs2HlueT9oa0iY6upQBXGidqoA54zxX0DLrBrTOUclLtzZ7DA%3D%3D%7Ctkp%3ABk9SR4aJmLqYZw
"Bikers Leather Jacket Akita Mercury Plus ,Size 52",Leather,£25.00,+£7.19 delivery,5 Mar 2026,1,Pre-owned,https://www.ebay.co.uk/itm/397678163993?_skw=leathr+jackets&itmmeta=01KK1T60DE8KVMNX34JVZPQTT7&hash=item5c97773819:g:a4QAAeSwPGBou~JV&itmprp=enc%3AAQALAAAA8GfYFPkwiKCW4ZNSs2u11xAQAe9Ewfn4eFfkfy2wG%2FEQZ54zX0yppM5n5xYIIGzauLUNy2L6YK5245oMpU0MDiN0aYHzY9EmUaVzCApNiTFHNqUSY%2F1R9bhbfwvCAdyu2Fac3Tf6xiPETWifMa%2FvDTuC5TitFeq7o3ALPlNsTQE9PDxo8z2VosAAEKMpBGrvhPTadbHxKZ9c3MO3jha8U%2BFh4E0U%2BcB%2F6Aib7rIfJtIy%2B%2BSfdk%2F5ip5ic6vjvD3K5qEwzVW7wSzibkm1e1pASyA4pJ53u9h6z%2Fl6v7fTCr%2B73xjY7gK4c3zOCwT5YvOcHw%3D%3D%7Ctkp%3ABk9SR4aJmLqYZw
Preloved Vintage Superdry Leather Jacket,Leather,£52.70,+£3.38 delivery,5 Mar 2026,1,Pre-owned ·,https://www.ebay.co.uk/itm/397603478263?_skw=leathr+jackets&itmmeta=01KK1T60DEG1803A48BZ5NP7WG&hash=item5c93039af7:g:Ug0AAeSwz0Bpjvv4&itmprp=enc%3AAQALAAAA0GfYFPkwiKCW4ZNSs2u11xBKdFfofwIGuf1DeMj6UrHWBWs8KDdXaL4vJpHQYnKOQk2RN9ojXFhn%2FCIOJZZ9IZLj6QcgawECtMBPqI6lY6vFz2GZa9SI0OtRfdkFf%2FmnRNVB5su8JndUM%2FBEU2p8qykXk%2BoOw0mH2%2FoPWAkFTNVXQH6zpivgHownj67Jn%2Bd5kzD2Rmsnk%2FpPBLdJekxZVSCl9czWxRzyqhEbk3qzK%2FUAkz%2Bmbmv0yz2MrVJlvVXkdCx%2BmQzPxFbFFVf3bkUM4zY%3D%7Ctkp%3ABk9SR4aJmLqYZw
Alpinestars Cowhide Leather Motorcycle Jacket Protection Medium UK POSTAGE,Leather,£207.66,Free delivery,5 Mar 2026,1,Brand new,https://www.ebay.co.uk/itm/388885817638?_skw=leathr+jackets&itmmeta=01KK1T60DE81J9WGSW3XZ1G51H&hash=item5a8b66a926:g:IvMAAeSwb6Norbu5&itmprp=enc%3AAQALAAAA0GfYFPkwiKCW4ZNSs2u11xBTsFi6w2Bc75CXsY3lGIdqi6iiwn1aXew1WogtHLJ8OTIc1OD0voUWc1TFIJ0GXeqV34LeBSvSvvdGVmPy%2BMjZTZFzYgREi1YD97LpzEarF4q0FMWM4UTkRRKW39031jddm10lSW7vB5T%2BfIpWwabDl5m0f0LdJKeCpyv4bOogpENk717ZMtwBXMKFqto2f2xezvCss5%2BSGP8UEpXBr3CcjndZnzynnWO9av%2BfirywzjuyG%2B7laBwjcnW7FumrN0A%3D%7Ctkp%3ABk9SR4aJmLqYZw
Gap Black Leather Trucker Jacket women’s vintage jacket size Medium,Leather,£68.30,+£3.38 delivery,5 Mar 2026,1,Pre-owned ·,https://www.ebay.co.uk/itm/406318944396?_skw=leathr+jackets&itmmeta=01KK1T60DES97XS9TXT1M3DHSE&hash=item5e9a7f108c:g:azMAAeSwO7toUWE7&itmprp=enc%3AAQALAAAA0GfYFPkwiKCW4ZNSs2u11xBQ9JQ1nP9KnMZawwh0LUEGfMLe0a56smnQI4vmqndrBoeeWmPnVtrq%2F6Rl6UBaZeNNg8p%2FRIGQiI19Z3RiCyCrY8WQl%2BMmYbSdCFGeRBB0SrMgffsNZwFIWVUd28P7dDtC7pQgR48HfuEELjtrQwd8Vs8IdM%2Bw9%2B2yxhrlmfM7%2BFO9MtDPzfgB2XElDuvQk8fgnM5OcIIcdef3gDYuCuYcQgb6IDNMmJFzDLFEF4pZXazYMelhqgBTu4qRUbYrclY%3D%7Ctkp%3ABk9SR4aJmLqYZw
VINTAGE SCKOTT LEATHER A-2 FLIGHT MOTORCYCLE BOMBER JACKET SIZE L LINER & COLLAR,Leather,£47.50,+£3.38 delivery,5 Mar 2026,1,Pre-owned ·,https://www.ebay.co.uk/itm/236665836624?_skw=leathr+jackets&itmmeta=01KK1T60DEW5M7ES35Q8WFCY1S&hash=item371a621450:g:kWkAAeSw3RNppra-&itmprp=enc%3AAQALAAAA0GfYFPkwiKCW4ZNSs2u11xDkFulwPeOUJFQQYElAtAhW31I784AzU1lNvr%2FaP3N1kkEkx2DKP1ODzdcAgPMJoVC3qIFY6VI%2FYvxnvTrPDSdy2IA%2Bl7z5gQGrNkxYoQJVH%2B77MiUtIzSkF%2BSm%2B%2F8xCd4EI38KMBk7LPNEAnyNjdX%2Fqf0vkfn1FqCDrwLnmpM%2BJDHLqt1Yh7aRi6f6P2VUIwajciJJ%2FiT1c%2FJuMTWRCcyU0hAWx0yGdRWeFAxsBatDLkLCH4IIchQb0X4Gr%2FTdvxg%3D%7Ctkp%3ABk9SR4aJmLqYZw
RST Tractech Evo 5 Leather Motorcycle Jacket Motorbike Black Sports Road,Leather,£219.99,Free delivery,5 Mar 2026,1,Brand new,https://www.ebay.co.uk/itm/335195096558?_skw=leathr+jackets&itmmeta=01KK1T60DE9ETX82G2RG59EE5V&hash=item4e0b2f45ee:g:jDoAAOSwY5RnhToY&itmprp=enc%3AAQALAAAA8GfYFPkwiKCW4ZNSs2u11xB0x7xPfqgjs1soAfS6QLobKtjj45KLGWMk0gJ%2Bi%2FWCQ4tDPm7m9Q5UOMYVgxZ5IRI0aKIxlB5TeR0wcy9xlYRR4G1ZRJ2M%2BO6yPORT%2BxV1Em%2Fo7xjjJ0tOHp9x%2BsCtIhqDNNt0vRqQxb%2BhIBdY1M4sW1B1NNumoaT%2BQq7r3kmwQt0x6YV4sx30d%2F6k4qBqMQv03%2FqkvSEyVGg0AvAUnSC2nwwHSwdUAdBISrIdqPCykMD2vWQKwA3mLHjsqxPZsIiolocaCaGetb740I80vFQ1cn56WshWD3iYMli7rBGL6g%3D%3D%7Ctkp%3ABk9SR4aJmLqYZw
Shop on eBay,,$20.00,,,,Brand New,https://ebay.com/itm/123456?itmmeta=012DEW30YG0MEEKND7NH&hash=item123546:g:acwAA9KNiJowH:sc:ShippingMethodStandard!95008!US!-1&itmprp=enc%3AbgepL1tlUHjMGCVfSTGJh%2BzsVKeJ3CQk7NizDI4BZeppuFnmyS6Ijyp8lh%2FnEw%2BWqO7uTV1Q6izE1R0T54aV8j71F4xlWfVcGft4%2FiOQhtqVXA1rW6M1atPARQRmhqUxtEPJKhKtSFgI%2Bvwlzb0GwVCtkp%3ABlBMUObkmabpYw
Shop on eBay,,$20.00,,,,Brand New,https://ebay.com/itm/123456?itmmeta=012DEW30YG0MEEKND7NH&hash=item123546:g:acwAA9KNiJowH:sc:ShippingMethodStandard!95008!US!-1&itmprp=enc%3AbgepL1tlUHjMGCVfSTGJh%2BzsVKeJ3CQk7NizDI4BZeppuFnmyS6Ijyp8lh%2FnEw%2BWqO7uTV1Q6izE1R0T54aV8j71F4xlWfVcGft4%2FiOQhtqVXA1rW6M1atPARQRmhqUxtEPJKhKtSFgI%2Bvwlzb0GwVCtkp%3ABlBMUObkmabpYw
BOOHOO women's leather look bomber varsity jacket size UK 12,Leather,£19.36,+£2.94 delivery,5 Mar 2026,1,Brand new ·,https://www.ebay.co.uk/itm/187707596091?_skw=leathr+jackets&itmmeta=01KK1T67E1P0CEBEET93MCHABJ&hash=item2bb43e9d3b:g:1FkAAeSwUfxpCJ3s&itmprp=enc%3AAQALAAAA8GfYFPkwiKCW4ZNSs2u11xABtgagufAfnFgi89HWpQfdLprD21A0v3iqjyDuECzfs9JAu0fRJ4NvG6c%2FR3mGk3XCO7WDzQmLoY%2FvmqGNbrFTVFr%2B5FGT8FiWGECH13A0Pq9L38N6HgrsCT274RrsLmq5fFFLxA5rifDSvRmk4bnyZqv3RbJgmyYIA4JxbvMYsL75KkhLBB8VkKM5t4lj4qeJF1E5AuF2SuwSmPuC2x6Oz4f%2BNxEvSz7g4lx0mwMfhUHXjODZLCWDvSO%2FPqIpBCrhbXtbOoJE%2FLIhxTlQAxbX48mTL9GwdVJt6uaV6hfSvw%3D%3D%7Ctkp%3ABk9SR4L5mLqYZw
Boohoo Women's Faux Leather Biker Jacket Size M,Leather,£8.00,+£2.94 delivery,5 Mar 2026,1,New (other) ·,https://www.ebay.co.uk/itm/227213480471?_skw=leathr+jackets&itmmeta=01KK1T67E14MRBR4J9D31GADZ8&hash=item34e6fa9217:g:AxMAAeSwet5pnjPR&itmprp=enc%3AAQALAAAA0GfYFPkwiKCW4ZNSs2u11xAN748ih3%2FVsC9t0DJ%2FK372h5vXaFPZRv90cTXAiVUQ5G3P8bxmynSv62t1QUurjaCjB%2F%2BrEGMuv95KxbLshi%2Fp4%2BDg%2FXK2%2Fpblvr7OJDNStViP021BXTldy4hIYwGheYvtbziPx8ExPYT1%2FJLK8juEzC7dKdKzGqFpa25a774W40CLVqqTpnhuKvifo05qP68ha6F%2FP69ANH01qvtrC5oKcqRkgVy7mW1k%2FVKQ3Tx2GlWkeJnjjn7cn4OOzKRFUIM%3D%7Ctkp%3ABk9SR4L5mLqYZw
Belstaff Men’s Luxury Shearling Biker Jacket New With Tags,Biker,£379.00,+£5.88 delivery,5 Mar 2026,1,Brand new,https://www.ebay.co.uk/itm/406737157631?_skw=leathr+jackets&itmmeta=01KK1T67E1JT57Z2RWNDARDJV5&hash=item5eb36c7dff:g:8x0AAeSwgvxpqEE5&itmprp=enc%3AAQALAAAA8GfYFPkwiKCW4ZNSs2u11xDV71MpUI78Mn3tisMZrOHHkRCQ90Hb4PjuNtZW3JwRuKRVfQLzuMmWVasgnOrd%2FWeSRXrb2Wmbm6e5ZdcNL8FYQoNvpgUO5v%2FrmyZ1uJNYLj3oeef9TohHpFEWQADXy7xHYWs73MyrwtBIagIMCTbNKRg%2Bc%2F4AaUY4g0YTh%2FnRl%2Bx6QC1zsyKmku3%2BlihVXL%2F5%2FaxiR7OST9pYCAVX0Gr1ZLuzxfR68oT8MhYHE1aBSfGgEEC0gdEREiXQQ2CCsPzLjTq1brB%2BjxEJPkIoBeNnN1lLcM2q7kZLUtCDCBqQPg%3D%3D%7Ctkp%3ABk9SR4L5mLqYZw
M&S Lightweight Packable Extra Large Black Mens Jacket,,£14.99,+£2.94 delivery,5 Mar 2026,1,Pre-owned ·,https://www.ebay.co.uk/itm/168164544095?_skw=leathr+jackets&itmmeta=01KK1T67E15D6QZZFNDDQYJM8H&hash=item2727634e5f:g:tHYAAeSwVR1pk0M~&itmprp=enc%3AAQALAAAA0GfYFPkwiKCW4ZNSs2u11xCvhaom7b3Sh%2BBp8OOvNdpXIHGlI7mWfAGs7wANKuo%2BW%2BGEAJQZlS3nE5mo6IGYpfAqUrgOjOEBJsPanJDIQS2Xvmw6QK7ScdOI8c74HpFQcqk6hBwoJVjFIYgd5av%2BKYsYPe1pGLKxHGJy%2FS3XGiaBfdmSyoU4cTuXkzu3xwpUovucRVOBL00NtwKNHtC6%2F%2Bt0uPYv29q6Ug5xCV39HoTt%2BVn6FbI96wNaMQ0jyZLEs4%2BhLbbyXXs%2FgS4lUzURsoc%3D%7Ctkp%3ABk9SR4L5mLqYZw
JECKERSON Mens Leather Jacket UK 38 Medium Yellow Leather DM81,Leather,£37.77,+£1.95 delivery,5 Mar 2026,1,Pre-owned ·,https://www.ebay.co.uk/itm/157670807619?_skw=leathr+jackets&itmmeta=01KK1T67E15J5A5RSVYG1QY0A6&hash=item24b5e99843:g:uoQAAeSwKu1pPVda&itmprp=enc%3AAQALAAAA0GfYFPkwiKCW4ZNSs2u11xD8XkGqNywCypMaNsLfyAlP6RLGBOV05wTEtEAekcCuymtQwd5TQXo3ksjibMbO7AccMBuepQvZi0OAKQ6EYueZk9KNNJG4Cj4VJsiiNxmCKTPlvwuezGVC66x5hA4MiYkpkmrfaYi8sBYqxJWtUeVDkivJyu%2BS2UTJ%2Fl8Ke6Gn8%2B2Ktu3A1e%2BfpzrF%2BEi5%2BFpJzsdyrNrDCnt3Y%2FZH--Vfvr25zmgVJ08Ip6%2FTG6qZk5B0oORjbT6QoUL5WzLG8OY%3D%7Ctkp%3ABk9SR4L5mLqYZw
Womens Leather Style Jacket Size 12 By Gallery Black,Leather,£10.00,+£3.38 delivery,5 Mar 2026,1,Pre-owned ·,https://www.ebay.co.uk/itm/127681128648?_skw=leathr+jackets&itmmeta=01KK1T67E15T9R3VK4TMX93881&hash=item1dba6368c8:g:NBcAAeSw7ylpjiJd&itmprp=enc%3AAQALAAAA8GfYFPkwiKCW4ZNSs2u11xAGTQE%2Bi4mzskUr3IVxLkDPJBIxTK2FPi%2FnBqmmet%2BFomu9padNF4%2FfuXrJZbkmzM6Z4KoVW9E%2FyQz6cExdAIVfUw%2B%2FR5eV3cj9LN6qSD2BOWyMALeqsHS2ZwtF170TfGBieuglpOGp%2FqUZ%2BZDBpU71bDTuCU2CHlwtjGFUgRl3A7VuTpoXF2x7rEDW9MxdxihLNltNES%2BK2SJKxiqsOyjdwOTP%2B%2BjryJgUAEw7vgwVpKyfua24XE59uRbR4vE6mpsaP1U%2ByAvtWjz4UiGL4PX%2BQygoala%2FQquhHa%2FWQktfSg%3D%3D%7Ctkp%3ABk9SR4L5mLqYZw
NOISY MAY Faux Leather Biker Jacket – Size M– Black Matte Finish,Leather,£21.50,+£3.38 delivery,5 Mar 2026,1,Brand new ·,https://www.ebay.co.uk/itm/257211592493?_skw=leathr+jackets&itmmeta=01KK1T67E1GMWATPWPW943GNC7&hash=item3be3016f2d:g:gu0AAeSw9WRpGft3&itmprp=enc%3AAQALAAAA0GfYFPkwiKCW4ZNSs2u11xDDuAb6j9y79yocQUVgeT5eKEit%2FxSnS5E1yhHdWVyLZSHhDuHx8RHrmSpBdnYQPAJQPiYnx5oJZtVKshOBrYqA0ackOdfbiv2UQEcphgvJHJT3yr2Ok%2FTBn1o1wZdP7bGCLzMIUXagTOccg7J8JhsUEJbaikcOAvzvfZtKSxz5t75K5kvLmIIGqBRy6HJw1u7oKXfBWhj3AfWp%2Fwm%2FAOp9JNFbjTNp7XM3Uxe1P2Z0OaQL9HNIjDDXjOE1dj%2FXk2E%3D%7Ctkp%3ABk9SR4L5mLqYZw
Austin Reed Mens XXL Dark Brown Real Leather Double Breasted Jacket,Leather,£68.30,+£5.21 delivery,5 Mar 2026,1,Pre-owned ·,https://www.ebay.co.uk/itm/188064833083?_skw=leathr+jackets&itmmeta=01KK1T67E1G1HXMVDR47ZF93T6&hash=item2bc9899e3b:g:LxEAAeSwnbhpky4o&itmprp=enc%3AAQALAAAA0GfYFPkwiKCW4ZNSs2u11xAMBSpBtI8PuTQcwOQNzFixnSRe0JW%2FHlj5jOA42BHBV%2F%2BBHpemDnVsn0KWNxtYW1S%2Fm20gnQZNwEzEmXbcWJ9s6gGWV%2B2KLOrIf7L0SmVk4kyggsx3rN9Gf3gIS7uyiQhDdBAc%2FuoZAbQHof9GIrL2mSLkFrCbbvCvtSoH7sSNVJ6cPFZ%2BokrOYuxZGXHj1b3aPBLJw3jSpSPsvhV7ffdiUbf8V%2BktW%2FvzGwVO6Kb%2BBFEcjmai0uorRMPTfAX6Ues%3D%7Ctkp%3ABk9SR4L5mLqYZw
Massimo Dutti Men’s Brown Leather Jacket Size XL,Leather,£50.00,+£3.45 delivery,5 Mar 2026,1,Pre-owned ·,https://www.ebay.co.uk/itm/227072641542?_skw=leathr+jackets&itmmeta=01KK1T67E2F5ZPTY4XJ528ZGP4&hash=item34de958a06:g:PncAAeSwo1dpFMvU&itmprp=enc%3AAQALAAAA8GfYFPkwiKCW4ZNSs2u11xDdUeOUj2%2BK4qST4ZqUXKIT3x8GykmL3IGlAr2PpEbfroCyjd%2BoQsppLb6oaeKpxZak4iTZHdZjw27j7RoZLWhDI3dUAI4VZ2x5XMWL3z%2BbWBNzPj449Y4bN87i%2BXhHTbzyBL6ey3IEy7Oc0Ml5%2BzRbcehPpaun81i%2BzCbCGGfmbGQgnnVF4UgSoplXWi%2BSgcXSt3yA%2FxKEuMzZ8w0H03bI%2BBwQYEQGgh62lvhjmENFMgyHDrB7BRM4Vd52LpBkM7P1BW9fixLgILHO8WvFFvfz6KromDBZYb7CJXpfYc5xtQ%3D%3D%7Ctkp%3ABk9SR4L5mLqYZw
Ladies Leather Biker Jacket Black Zip Pockets Black size M - imperfect,Leather,£3.30,+£2.94 delivery,5 Mar 2026,1,Pre-owned ·,https://www.ebay.co.uk/itm/267529510474?_skw=leathr+jackets&itmmeta=01KK1T67E2NKYS0B4RHXD3150Q&hash=item3e4a005e4a:g:EKQAAeSwmDppbCMC&itmprp=enc%3AAQALAAAA8GfYFPkwiKCW4ZNSs2u11xBEb%2BWPv3PsTfUkUqmlNV9mHdLf%2B3fQsafLAtuk1rHrGWl5I2efdBBTW9BtJpGuqij7fAylmzpvlfveAAmK%2FQrpHcmmXJHG4Zbb8V4GaBc3MqtICFE5SkEunn%2BYTqxXWORbF2H1U1SOYq%2BY3KEq1weuOknRmwFeWYXzlPfLsoKIEqBun5VHN4bURzf%2B5XG%2FCjfWS3tYFAIVgDjw3LjdA6xu8WK%2Fzrtq9%2B4bNVczhBBvDX2sbkW4xkSf1%2FGVAIYJQHO3NhZwtz1i1RLe7CvEyHse3GK2xY%2F%2B4JxO65G64ketNQ%3D%3D%7Ctkp%3ABk9SR4L5mLqYZw
Men's Brown Long Coat with Padded Liner Leather Collar by M&S padded 52” XXL,Leather,£37.08,+£5.15 delivery,5 Mar 2026,1,Pre-owned ·,https://www.ebay.co.uk/itm/267454309700?_skw=leathr+jackets&itmmeta=01KK1T67E2TNF1JKZ556Y0C7PV&hash=item3e4584e544:g:4N4AAeSwHUFpBMeP&itmprp=enc%3AAQALAAAA8GfYFPkwiKCW4ZNSs2u11xBoi91i8A8VlCgMpsmVoai1Qv12KkCtH7rLNBxXRE6qNuWag%2Fsx3LLmpw%2BONz%2BTYwoXigc8vSNqs6E6%2FWjKJhGmZMUju%2FvWPyOC6WEWipvF2ySPYl9BTfrJ4Wbgdvh5%2BI5GdI5bPq0pFJ%2BOUoOkJrf%2Fji7jX57VHBVLWqI3YbgvAs76ywgR612NyWDm8Hh4nUbml7vUGPX%2FZPz%2Bw9MxpLPuHtbdC69ilrRq%2FSdpgOOQKtqmz%2FzylYzW7SZK1ML4%2Fc89qVreYrbveTNpv0TdKoS6QQ2StUKtV%2FQMqh4R%2BctlnA%3D%3D%7Ctkp%3ABk9SR4L5mLqYZw
LAKELAND MEN'S BROWN FINE LEATHER JACKET UK SIZE 42 CG F11,Leather,£21.00,+£4.25 delivery,5 Mar 2026,1,Pre-owned ·,https://www.ebay.co.uk/itm/397660049715?_skw=leathr+jackets&itmmeta=01KK1T67E2VN31XNCFYRCVNC8N&hash=item5c9662d133:g:1-YAAeSw4rhpotWg&itmprp=enc%3AAQALAAAA8GfYFPkwiKCW4ZNSs2u11xCNt1BzALU5ogXrZwtDI039buGbBSA94eYPFqri0ydzclb839C1NyXaBSNFH02G2FO9PqcnYcW4ScSyR8HmoNWwT3%2B7WN%2F7sRMp8FtHrmLcmKFwZ1oRoI1bMgcoixAJZia%2BhmffSVsnurroPuiTV3bjUGhFSgS4DPfBLmqU8XvoaWlgGzw7kZW60B69MAZ7i5M0aiVEP502wn%2Bo%2FRfuZI522aVo29vfr64aHBJ6ik1200PKVi3W1BtRH1ktLs89dhonj%2B9AzodHAXxRjpqKaspM%2Fz5RBlff3OZBcmkAmfdp3Q%3D%3D%7Ctkp%3ABk9SR4L5mLqYZw
Men's H-D Triple Vent Passing Link II Leather Jacket Harley Davidson Jacket,Leather,£194.65,+£14.97 delivery,5 Mar 2026,1,Brand new ·,https://www.ebay.co.uk/itm/326915437948?_skw=leathr+jackets&itmmeta=01KK1T67E20ZJBTY1K4Y5WDSJZ&hash=item4c1dadb57c:g:PSYAAeSwGE5pQXQf&itmprp=enc%3AAQALAAAA8GfYFPkwiKCW4ZNSs2u11xAZuxRUWMxvVEhLAdqfl7bLuiVyDR5GgzRYdacgPWptsexTeC8GYzk8DQtozJjU4K5nTDf9wRaU5TRRGTloh9XAp0aFgm54IpX67BrWQqc7zxr6NloHqKIzJOK8KshGDPEMEUC3THukhWQXdqigIFe9Jxa40Ccaz%2F85xJP0UleyDKV2ZJUn2cLc6g8p%2BbzEqYlQ1pnRuNXDTipj6z3nXyvmLFmqCnYqgugbPSlrOJx8Bu65eQBy8M%2FqPecbXUASwzrwtMlBc39O0Ov8Au7%2FSwEEORW4%2FAj5wM%2B8Sahv0PGxhA%3D%3D%7Ctkp%3ABk9SR4L5mLqYZw
Wolf Leathers Vintage Biker Jacket. Size 44. M/L,Leather,£46.04,+£5.21 delivery,5 Mar 2026,1,Pre-owned,https://www.ebay.co.uk/itm/236656520436?_skw=leathr+jackets&itmmeta=01KK1T67E2JNNSPHJJYSX85JSA&hash=item3719d3ecf4:g:2NkAAeSwzUVpoC8-&itmprp=enc%3AAQALAAAA8GfYFPkwiKCW4ZNSs2u11xCGAm%2FSrdUiAK4q%2BV1KcIVApIaDUUTdD8lUSa%2BNCQXmvfnBPBR%2FFFnnZ%2FmlrQQ9BgJto%2FGVn54VqKXYjVtLHdcFUmhWSsPGON5IVd7ZiXI568F4%2BJqtgoaTYB22oD0IHCbGbbzZxY4r7mp1Km30N2TTf079ouaGS71B%2FOS159Q8KuEJniYFBVYU9vjog1IfI1foLe8XD6BqWZkLK0c0%2BsAWQCumzged9Xe4hpg63khF%2FmlAfS2z31jIYgu4loEtqApqzmZq5Dn6PKCsv2Q8GzKWHNcJn92syoUYyZS%2FZMHWjg%3D%3D%7Ctkp%3ABk9SR4T5mLqYZw
Men's Brown Sheepskin Leather & Real Shearling Fur Gilet Vest Jacket XXS - 6XL,Leather,£180.00,Free delivery,5 Mar 2026,1,New (other) ·,https://www.ebay.co.uk/itm/336243844977?_skw=leathr+jackets&itmmeta=01KK1T67E2MDG4TQVFMVWWAQKD&hash=item4e49b1e771:g:om4AAeSwDNdo9wgx&itmprp=enc%3AAQALAAAA0GfYFPkwiKCW4ZNSs2u11xDJmd5SZM53wH6beDfki4G%2Bju4fPKcQ%2FYa8ZrYK48E0wQnxbb5ofyLKhKvoxzEEwpVA0Gm4dx2ExeXno4PChxJ8g6nb8755sLAsVYVazA7sWczbw13TRccrZL0v2FLrVTR8d87P3XqWrePIxzf5w7U4HaBzRGBRWBTrc5h2Kk%2FIJOpzCt1R01RdLXUzomd71Cahv9p21kKyww5l%2FkfLl6Xg62bFmX5EO%2FTV7dSKwG5KW39HN74Ob65taXs7mBcIdlo%3D%7Ctkp%3ABk9SR4T5mLqYZw
River Island Womens Jacket Red Faux Leather Button Through Outerwear Top,Leather,£10.00,Free delivery,5 Mar 2026,1,Brand new ·,https://www.ebay.co.uk/itm/406629560039?_skw=leathr+jackets&itmmeta=01KK1T67E2MDQTN3DNXFA8KETE&hash=item5ead02aee7:g:cBUAAeSwXflpc1Na&itmprp=enc%3AAQALAAAA0GfYFPkwiKCW4ZNSs2u11xCXOJigyBGubAg2KU0QryYd8vOtUE6zpoofHT0awwLDeYbI46qFOG8k5JTXTqjjvduVn3Uk1gxsM2rZMrKxBx0dp1t5QPptXoXgCVFWpssiWeE8lxyLILimrruN4qkcB46mXnu0s%2BA8RBxMprJhSgfQbU%2FHSswfosuAe2EtSVZqTww5Qc%2Fe%2FgukCX4MsTT84fZQVoiUaKlSvEeE4LD4F0jK9qvv764pRXNPft2mYBmrHazqFkPnjDOt50FaUK0mjaA%3D%7Ctkp%3ABk9SR4T5mLqYZw
Content New York Leather Jacket Stud Buttons and Zip Fastener Size XXXL,Leather,£11.33,+£3.38 delivery,5 Mar 2026,1,New (other) ·,https://www.ebay.co.uk/itm/406703472115?_skw=leathr+jackets&itmmeta=01KK1T67E25M7TQCTM5R3RW1AX&hash=item5eb16a7df3:g:ExYAAeSwx-1plIcs&itmprp=enc%3AAQALAAAA8GfYFPkwiKCW4ZNSs2u11xCQ8NpFoPRghl1lu7%2FczLaZb74rUaiPNuiZqD1D0SguHgiPpuq7ouXdINmiHtMslpGcDSKzZbOCaCJWK3nwEWjMYStGKlJuoVq%2B84BXZIK%2BsK8b%2BihlNC4sSCLyBRPftBH1ltgVDF%2FYoIKZNzsLnVKGiR8kpkqx9L2iYOBYF0Gl4OuqjoWjtkpfp8XfUJ%2Bv4eWxt7lBSNG6%2BZLh21uH66AaGRu5a3wIFfzmd9EBQSNe8JlEcghxJKndiQI2FqR4QsmS1mkGSq8A5rwUcg21Yt%2FzuKPtJ%2BS4ZgTsImKpHBkKDw%3D%3D%7Ctkp%3ABk9SR4T5mLqYZw
Womens Black 100% Leather Jacket Soft Size 16,Leather,£37.10,+£2.94 delivery,5 Mar 2026,1,Pre-owned ·,https://www.ebay.co.uk/itm/389690829472?_skw=leathr+jackets&itmmeta=01KK1T67E2DZT738QZ246MKBDH&hash=item5abb622aa0:g:UUYAAeSwni9ppa3Z&itmprp=enc%3AAQALAAAA0GfYFPkwiKCW4ZNSs2u11xDwFQFTl32TP78TlrG10dJYWdtjLUsodBQT64hVanNsWpMIsijr678sk4kQYCLHomnaQmVxbrWkjDEoHjnnm8la37KSVpc0qIBRK%2B64kFiXXXrWOv2AgghqYWuA0j%2BFu%2FIgbA9R9r5znM5hCMdLgzL%2FhDor5iI3yLwsTfAVfeQbpwu2bjkpe8E29k1M980KQ%2BNH9QHkvDgM9ut7Q5ZBFXRtMEyPkw2WggkJIiYNyr48j3i0vA4%2FBMWN%2BaFmZoJ%2BYyI%3D%7Ctkp%3ABk9SR4T5mLqYZw
All Saints Leather Jacket men's brown XL,Leather,£24.04,+£3.38 delivery,5 Mar 2026,1,Pre-owned ·,https://www.ebay.co.uk/itm/298058732736?_skw=leathr+jackets&itmmeta=01KK1T67E2G6MQ9KSHKXAJGJ9N&hash=item4565af54c0:g:SBwAAeSwT6hpnDWT&itmprp=enc%3AAQALAAAA8GfYFPkwiKCW4ZNSs2u11xAOS8QgkhkbHd4VK0BXWFON553pRF%2F6QKoxqfUIwY%2B6fzlJU2fbuRk5567rAOUfHQuFHROU6cfwNhX493BVp62v85wV3nx8XBztS02vSNpJTypLrHR6exY2ILom5UAfO9QbzXoZSzW88RDlGoJ76Alm9KnoStLjhO2LF5Q4RKCBILL2BrXxKsTNqB%2Bd%2FxCbIUhODSfqr7mJrK2A9ulHhaIXqouykB2tADDQymC6tfxbPkYbe56pVjJ5pVQwH36XfeJ%2BrPfGspSiKrsBfr5QxXbEYkwkEwhhQaflkWyz5lh%2FIA%3D%3D%7Ctkp%3ABk9SR4T5mLqYZw
GOODWEAR LEATHER A2 FLIGHT JACKET SZ 46,Leather,£720.70,+£4.48 delivery,5 Mar 2026,1,Superb John Chapman A2,https://www.ebay.co.uk/itm/236664010692?_skw=leathr+jackets&itmmeta=01KK1T67E21NN97CPGAENBVGYC&hash=item371a4637c4:g:zngAAeSw~ZdppW9u&itmprp=enc%3AAQALAAAA8GfYFPkwiKCW4ZNSs2u11xD%2Ff68tipRdMNtrHtQGGsQq4tN32Znnu0LakRubj9ogYt4gUSOhnBkzUOCfnQ7AKm00e%2BxKauX3%2FgACRgmnr%2FwGkuyJqeJTYdCgbiLY3dvtsnUuFdU1YoiCTSPAiLC%2Fy7pBXq39dH%2Fd5PF%2BlpGGVq%2Bf7R6hkMzOn0q%2FcZTebXQnvlyxaFVrKtwtUmax2TmWoVN3X4FA2JAK5wXRfrkogY9nwIUoZyK1e4ZtNqKCPbBkWH1P%2Bpc9sTlqHtBMXAyVA2JhjLC8AGIb2CyOZq%2FRXL3VwXaWd9eQoR0z2jw330cRYw%3D%3D%7Ctkp%3ABk9SR4T5mLqYZw
Ladies Brown Leather Biker Jacket Size 14 UK Real Leather Short Coat,Leather,£16.00,+£3.00 delivery,5 Mar 2026,1,Brand new ·,https://www.ebay.co.uk/itm/168189017259?_skw=leathr+jackets&itmmeta=01KK1T67E2B8MKZD7D3REMPM2H&hash=item2728d8bcab:g:zhIAAeSwhdFpeMUL&itmprp=enc%3AAQALAAAA8GfYFPkwiKCW4ZNSs2u11xCrXjtRxss8mcf2GBhP4bAZjPoNhdGzOUxAMXkCoaff7Moiz28z2c1%2FHCDGPHdXke0btpEK4jLCqTsXV462HcTUFZZxzmJcsuWDxVJYRfnozIIcLBW9NYoHWNQ6DMXR%2BqVK1lpo5CILO0miJZsxB57NBx49q8%2FEEOCQ31fFXpsBD6lePpzcEuBFYyjtMBYaCzberhUCSG1ajse6npdu3BxXvChjnGyjlXHeChkhvl58c8eJ8BEM1wnM5OI%2Bwtn2OhNYnPrG2XEn3Ec8BrHAjenpS%2F%2BLiFpxp%2B0HhmJrtSoqEw%3D%3D%7Ctkp%3ABk9SR4T5mLqYZw
RST Tractech Evo 4 Green Leather Motorcycle Jacket,Leather,£170.00,+£5.88 delivery,5 Mar 2026,1,Pre-owned,https://www.ebay.co.uk/itm/327028722967?_skw=leathr+jackets&itmmeta=01KK1T67E2ARPEC4YVG9PR15FA&hash=item4c246e4d17:g:hMkAAeSwU8FpqD6o&itmprp=enc%3AAQALAAAA0GfYFPkwiKCW4ZNSs2u11xAj4%2Bact6V%2FvhTMi0NcQJ2x%2BDplG%2BtRl6lPpFERf0Cwg4sdYok4ElBYtYe1FHILwCRCAy0AJ3K6DWlk0w6gdQFiiRpyhxdcoG9%2Blh5aGA6oQcAEjVmR3lYqq2TuwSA%2BMna02S1NZDUkf5ONIYGc1KbVag3F8ZDgaR0guGgZQyQXOLWUV1jV449r4bPA2yPJseImokM0fG53ug9FWUPRrjfA8BlptK4Bb0ol%2BwJ7NtlPDN0O3IE%2B2NAe310rW1FUAfU%3D%7Ctkp%3ABk9SR4T5mLqYZw
New look Vintage 100% leather brown biker casual jacket uk 14,Leather,£21.12,+£2.99 delivery,3 Mar 2026,3,Pre-owned ·,https://www.ebay.co.uk/itm/366205914150?_skw=leathr+jackets&itmmeta=01KK1T67E2PNMRJFYW52MK3984&hash=item554392cc26:g:4p0AAeSwmodpk1xI&itmprp=enc%3AAQALAAAA0GfYFPkwiKCW4ZNSs2u11xBAuxSFmKYf9tiO%2FWGjyJ4QeXzcTwpgC1SBxUXeTbRG28gVVG0fOkPBMOWH9QGDMz9tKysRiVB6cDWuJR6Z0lM9x0hy6XnQkNKuqoOKeG4fj%2Fo6ZP0SdXmDorFx5GMbzrN6WBaLZ4J%2BjDwUonliM5Spl6kdlN1dmAQFLspHgmeepMINpkrDPMpk084q2wIW3od2%2Fh44njIFrHNVxezvm3sQp%2F66Y8tpsrBRi3X5ZnjTl2pMIcS%2F9m52wBtLoLg4OQ0%3D%7Ctkp%3ABk9SR4T5mLqYZw
Nicole farhi mens leather biker (£1395) new,Leather,£130.70,+£6.16 delivery,5 Mar 2026,1,Pre-owned ·,https://www.ebay.co.uk/itm/127719929775?_skw=leathr+jackets&itmmeta=01KK1T67E24JH8H0YCQD286087&hash=item1dbcb377af:g:nm4AAeSww11o4TFn&itmprp=enc%3AAQALAAAA0GfYFPkwiKCW4ZNSs2u11xCaijHvcPSPB675K2bZTiUS3M5ag2XQORfHTMXAjilWWMJABMTeaMJp5NZBw0mGU2xA1KXR2zjcz7O4c1S3tvxC4yjz5bKEV6xF94DoEMm2BKCWAtjqozY7S11uDwf4kDlC17gog6dJHDOyqhwhE5HGMjvUPefdkdjbWo5YDaAlGvFQ13kzly634owjLb%2F05HBhJdeV8UEx3wyh2Jo84%2Fmkz%2F%2B6bPBL%2B%2FCQ649RszoUXCLY0s3EabMYTZVpkOJWIqU%3D%7Ctkp%3ABk9SR4T5mLqYZw
All saints mens leather jacket size M,Leather,£52.70,+£3.38 delivery,5 Mar 2026,1,Pre-owned ·,https://www.ebay.co.uk/itm/127692332925?_skw=leathr+jackets&itmmeta=01KK1T67E2FN7FGC56SJEXG60J&hash=item1dbb0e5f7d:g:c3AAAeSwY~Fplin9&itmprp=enc%3AAQALAAAA0GfYFPkwiKCW4ZNSs2u11xDzjZiyQ9QQRV8e6bcsinMtpBuNEVIjEe%2B5V7qLn69tobWbi6AWm0m433SBJv4cs5vqoLIdKj7O27zUxUJrL4uxQqXJnTo9Mb%2FKhVleeZPGKEfHfR4F1Y9WNBdMRpgD1OtVDqfidbenqmbyGmxCkQCj3I1zr8uOeQkWA3%2BsrTHVmIr1I9ww2wBtv1%2B5Jt%2BCwV2Yy%2FNuEVp6RDl2gDhopP8gyjdgMANRh8wIx%2FPnAnsMVoH%2BvELeyBQWyifLYt%2BCUSE%3D%7Ctkp%3ABk9SR4T5mLqYZw
"Wallis Women's Short Jacket Size 14. Light Grey Faux Leather, Suede, Jersey.",Leather,£6.52,+£2.94 delivery,5 Mar 2026,1,Pre-owned ·,https://www.ebay.co.uk/itm/205988146060?_skw=leathr+jackets&itmmeta=01KK1T67E2MY6P1GVRPBTZ2PZM&hash=item2ff5d9ab8c:g:ndkAAeSwJZRpYk7-&itmprp=enc%3AAQALAAAA0GfYFPkwiKCW4ZNSs2u11xAX6RerSmlNw6rXibURua4c5p8OBarybHpE7F4peWJ7oTgf2dkqP3SelFn%2BtGwTRQKBCzucJnILlTRlqQeVYL1HkY5iLGbGR8JdaMpLxa4Vxf0vK%2BFT1t26py8XIvNTNrDwerCnrg2CHODEmZXOjhlAwBJMiQO76MMCYlvUGQWNvQfHY5LcmRmSJKWfjVeM%2BlArOx2LHSPxF5Y85UFjBoWpS0Lm3iG9TVsX5A8lVsuZLKrW7t4R8J7p1du6cKdHQ%2Fs%3D%7Ctkp%3ABk9SR4T5mLqYZw
Vintage Harley-Davidson Leather Fringe Motorcycle Jacket Size 42 Made in Korea,Leather,£78.70,+£5.21 delivery,5 Mar 2026,1,Pre-owned ·,https://www.ebay.co.uk/itm/267568549055?_skw=leathr+jackets&itmmeta=01KK1T67E26GAF7N5JVM25RYK8&hash=item3e4c540cbf:g:dGsAAeSwRytphShc&itmprp=enc%3AAQALAAAA0GfYFPkwiKCW4ZNSs2u11xAt1xQDMAXhQ0cJUEVUbhAZPtzh1LPc%2FCWxfMu%2BX1MrfgaisFKblPcjFqMfCOyDwVdNCaQOrE8UW%2BuaPTJ365Qm%2FUR10xX9SrEELL9Z8jN95V5Fy7iEYY%2B18FlxRvle8anBEK3PgX308Nl18JVfbsx%2FWOmHldcOr%2BOG5URGoBwklqOFm%2B1DIixq3yWU9dmxu5ikViQASeQvq623Oy7Bj9TRY39ZFB4nrhWC3NOfsKPUX8k4t1Wl44clvfZgyuk117c%3D%7Ctkp%3ABk9SR4T5mLqYZw
Luciano Soprani Mens Suede Jacket IT 60 5XL Navy Blue Leather DN07,Leather,£37.59,+£1.95 delivery,5 Mar 2026,1,Pre-owned ·,https://www.ebay.co.uk/itm/157679132569?_skw=leathr+jackets&itmmeta=01KK1T67E2P2EQZ78KJVDTEE3X&hash=item24b6689f99:g:uS4AAeSwWLhpjsOO&itmprp=enc%3AAQALAAAA0GfYFPkwiKCW4ZNSs2u11xBKwdZTaneuuosp70VpWHA0Mv5j1u%2BSpRmGYwPhJKKf8a52TDtUoVixq3QAnf4xrjIzuKrIVvHwm3u4MHYcGphw%2FyWsIjGTM9BbBkucJKp9u3NZJPBaP%2BxP%2BDV1ZvMiuyiMy%2BiAXQ0rAnraPyyllZIFeDgxqEVyYtdU3qxZ2VmCWh4NczJd7lgyMimc4tYS%2FWFBKiylgwiAzHY4HFaOSyKWP4H5qxSGFGIrTV2XeNdrS7vszRZG3p26pu2zBUHVvA8%3D%7Ctkp%3ABk9SR4T5mLqYZw
Men’s RAF B3 Burgundy Real Sheepskin Bomber Leather Jacket Pilot Flying Fur Coat,Leather,£49.00,Free delivery,5 Mar 2026,1,Brand new ·,https://www.ebay.co.uk/itm/317793594243?_skw=leathr+jackets&itmmeta=01KK1T67E238Z31CX96KCJT1A4&hash=item49fdf96b83:g:L18AAeSwIidpc1Bw&itmprp=enc%3AAQALAAAA8GfYFPkwiKCW4ZNSs2u11xB5C%2FRmpW3RxjQ5Sisc5HilYWiFngSqkda9S3ZmALMfq5JeLNoJ9Bpx9Gtftn7%2BpYpo2TgQAP7L7jal%2FtC2zgO5UnWudv3VLVgQHtLXV793lwHyN%2BHwlstaIc5qSucyHAXrL0biECT%2Brq%2BPQt4JeuJBM7Gu4ibQxktf%2BtZLUL6DB8c%2BKe%2BlxECrAaOcUl70aHR07SwOwQaihzoStWstKgsaLMDd%2Bu7SElyVzqTFZzppMoYMN8qEfL2sBZybb5N1DJYbvG6qPQoUjrUlrrkpqslanQTGRdnDsAA88WJeuGvWEA%3D%3D%7Ctkp%3ABk9SR4T5mLqYZw
River Island 14 Brown Real Suede Leather Studded Fringed Crop Biker Jacket,Leather,£37.10,+£3.38 delivery,5 Mar 2026,1,New (other) ·,https://www.ebay.co.uk/itm/306803235910?_skw=leathr+jackets&itmmeta=01KK1T67E23ESYP3EF3AZJ779X&hash=item476ee5dc46:g:ie8AAeSwezhpqGeU&itmprp=enc%3AAQALAAAA8GfYFPkwiKCW4ZNSs2u11xDYcZP9Lm9fw3yo8Mi2U1ILH52Iz3qKpjZF3k0vdxikfeGaItGH4jEEzbVh43snDhl9rSMRr5A9XAo6UNz91TNQRXg3vqoay6jhnNChjcCSE%2BtN6E02xxMsvvsNsKjzuKC2hrRgy%2BvALln7KSo70Jv7fWV%2BZFQu8eeDuo9qjtk8u5BNhQuT3OD%2B8AMhmb7%2Fnpa4xS9achEHAsshBz9241UPJ6UEySKRPo8%2BaQDfDdmomO4W22E%2BICchZ0OIjgF%2FVIU%2FZWFUtrEmhbwEEJ1nTbwj97SKeQesp9VBn0iPtDeMLg%3D%3D%7Ctkp%3ABk9SR4T5mLqYZw
Men's Black Leather Bomber Jacket Vintage Hooded Retro Casual Zipped Hood Jacket,Leather,£119.99,Free delivery,5 Mar 2026,1,Brand new ·,https://www.ebay.co.uk/itm/256204671245?_skw=leathr+jackets&itmmeta=01KK1T67E2H6XVWX6CZHQFB6T2&hash=item3ba6fd090d:g:sgIAAOSwdLhk8xM7&itmprp=enc%3AAQALAAAA8GfYFPkwiKCW4ZNSs2u11xBLvF22YmjIi4JEJcjbLRYtSeg7RVfXBORjil8434Ma0ZO95zQgyasLZVvEOlwepwRuKN9ilyJ3w8Zt%2BEtoWxTwMm%2BFoFoZs9qX4YcRKvmbsrgjB25kvQ9rwYRfz8BbMpDZkBXGFxxzH%2F6JMvOMv%2B3zbJSCfkHKb0Uim8gywvB0zb5ZQSCHMfv3BrQ15PpAd7AUT1DjotdtB5YPXDsXNt29HrC2ZBlYA92BTapX05lQXdm1rQpH7dYQqTDyvMVNiCwdUb7ohTyXGac6bi7T0J2cv1fwlXS8B%2BvnNGothBtRiQ%3D%3D%7Ctkp%3ABk9SR4T5mLqYZw
Km Small Leather Jacket Men's,Leather,£17.00,+£3.71 delivery,5 Mar 2026,1,Pre-owned ·,https://www.ebay.co.uk/itm/206095059431?_skw=leathr+jackets&itmmeta=01KK1T67E3D8TB4DRYPEWJQVXQ&hash=item2ffc3909e7:g:cDsAAeSwfbVpoB8P&itmprp=enc%3AAQALAAAA0GfYFPkwiKCW4ZNSs2u11xC9%2FXrf7IoaUSDMkOE1LLBCJ4XQLqX1ncbICwihEI2ckUYac0i266R0raqsSyQD%2FntchAZyMjrVUDbf8pwQ1SM9fQG--jdssyztsAzbznB8ZfpSDpdn5v69peMYawcBbUAhZXpAeL0ygT3j8AJ%2BQnKAVixIkDHXohVBZDwcBglY1vyGzrgCnB2ARxdAtqhzON272owcHwvOEqNId%2F28hsdHoH6YfCUM%2BFLoLP1AtzgvVE8Hvp%2FD3cd1OsRPYdVEz3c%3D%7Ctkp%3ABk9SR4b5mLqYZw
M Vintage Original Shearling Real Sheepskin Aviator Jacket Men's,,£33.98,+£5.21 delivery,5 Mar 2026,1,Pre-owned ·,https://www.ebay.co.uk/itm/227237573733?_skw=leathr+jackets&itmmeta=01KK1T67E3PNJWDS2VBNT4ZTCF&hash=item34e86a3465:g:kCQAAeSwfbVppGIo&itmprp=enc%3AAQALAAAA8GfYFPkwiKCW4ZNSs2u11xDsvF%2FqwHeEm1yPDEULUDqMzQY5VD7uDomk%2FgFPDx9iIiLT--DapoFnKu3Yet2TiijK4x2MHLolVyDsn4i9OuQc6sReftNJU3sV%2FBxIV46%2BctYPxkZ39STk4VDp1gcrXCX%2Ba%2ByW8tywtlAknyF4X9uNqlOPbTiXbWPaig%2FeJrVJ5CDar28Y5Rhj76kefwx1LcweaEBMF56RJfVEMGnLCrbgOmsMFi0P698GMALSuFywsUcwdddyDmlmTd7EjFD9AweXedoIwo1L6f5cFEZf9dU6nnWSyNs2qcc4lXBkksRd6g%3D%3D%7Ctkp%3ABk9SR4b5mLqYZw
Stylish Fully Lined Dark Burgundy Leather Jacket S Silver Zip.. Great Condition,Leather,£42.30,+£3.38 delivery,5 Mar 2026,1,Pre-owned ·,https://www.ebay.co.uk/itm/267586680818?_skw=leathr+jackets&itmmeta=01KK1T67E3F2NDA93N2H7G625E&hash=item3e4d68b7f2:g:yiUAAeSwVHlpny81&itmprp=enc%3AAQALAAAA8GfYFPkwiKCW4ZNSs2u11xBK37jMR5g37maISuZCQuYIZ%2F7h8N5U0cTWHpKg3BpnXpX5D2krSPw6R7I2ILKoehiAa%2FZG5Wj%2F6cT3tbd0D6DHZjf8lLLhrn8QnAVTtGyeBZQ4rupQCCQoalEjjubpMKDtsQWqLMks5G8R3KuPv8%2B3NI37oUWUqabemrld%2BdDHG15UYGep2LnUc3cNV1REDWZLJHYK3dJO8k99aOwMGfx%2FaYiV6ZIsR6q59%2FtlDRVjlWnanOR%2FLZ%2FaK5gl41%2F6XdLgt9aphM9k5v8c5pQAi46WUsdenh%2Ba%2F2DYjAKXuL3wuQ%3D%3D%7Ctkp%3ABk9SR4b5mLqYZw
The Coded softest stunning tan leather bomber jacket,Leather,£72.46,+£3.38 delivery,5 Mar 2026,1,Brand new ·,https://www.ebay.co.uk/itm/356482617035?_skw=leathr+jackets&itmmeta=01KK1T67E3BRM6KMGNWX1M7BAA&hash=item5300050ecb:g:OD8AAOSwqu5njEha&itmprp=enc%3AAQALAAAA8GfYFPkwiKCW4ZNSs2u11xA8Wj7OFKs49dVKVl9YZ1grjUwmxF3RqwFu27Db%2FL7LV45gA32iBE3tz8fnLSAT%2FpmyNTJBGY4av7hX1B9KZ3%2FmrPAnQ5vq0KoA0zY9%2FK7OoiTNz1qJtd39h5S2Q1%2B6Q89vED6VaHS7dbBWJ%2FNxt7Exm8jv%2FX8vxXeITwT8O5Ezk8fGlDiNnMdrCnc9JLlvLU6%2FQ9hAoF94PY9xeOnlBNys%2FXTYVHzC7m3Klx2ja2NY%2FUuRrA2H5DE2eQd1YJLQN4aUPuhPvaHNDFbrYJkMGSvvFBlAbMNibiKMq51PiG%2BAvQ%3D%3D%7Ctkp%3ABk9SR4b5mLqYZw
Barney's Originals Men's Leather Jacket,Leather,£31.89,+£2.94 delivery,5 Mar 2026,1,Pre-owned ·,https://www.ebay.co.uk/itm/168200441328?_skw=leathr+jackets&itmmeta=01KK1T67E377AAAFHCCJY5AEJJ&hash=item2729870df0:g:oPEAAeSwJ0tppehj&itmprp=enc%3AAQALAAAA0GfYFPkwiKCW4ZNSs2u11xA0MuY5%2FcVhi3bMC3sPqgkPkfxS82qOJTin6glOzfo%2B%2Fl8eZ5rgOhUhCjPUmdf4CSmtg0sR08MIf8SlhEJgxtXURaIOwVxw6HydjxL6HiiOVkt4QMoS41FOwmiAfBR85LkNJ%2BdpRn9tUjkoOe89%2FZHV7HBXvIcC1m2ItsJ0pij3tCzJ22L0QnhMyNPjfGuM759SlTTo%2FbKAs6Z5YC783pDFzLg%2BfNkFJIJy%2BfhtLu%2BxNthcsVDa445sm6aQeiR7EtU%3D%7Ctkp%3ABk9SR4b5mLqYZw
90s Vintage Mens Jacket Green Leather Textured Knit Details Indie Aztec Retro XL,Leather,£115.10,+£5.88 delivery,5 Mar 2026,1,Pre-owned ·,https://www.ebay.co.uk/itm/389647523865?_skw=leathr+jackets&itmmeta=01KK1T67E3MHMSK0BTQX0Q59KN&hash=item5ab8cd6019:g:8GIAAeSwAIZpmEP0&itmprp=enc%3AAQALAAAA8GfYFPkwiKCW4ZNSs2u11xBZi93V8jRIOHL783aKIeYYuw3oR0iWl0n0%2FQk6ioDJXJBQgiB7Ww5KBQ%2F1qJJ%2FGn5TY1Xv5NXhK%2Fe%2F6Ks066O%2FnTkABkqEsoAGaewYg4rgWDct9rHOMcFRWBbFfUp4Un4lpN0W78cIKYiFT26RY93tIBA3Pi2ZgQaraYzzu2a8EArxFHHSybM9t1rPdxiBdG2%2F8Ytighl1fvXMdbnW1%2Be8N2s9DU5%2FcTOEEZfINeYS2uN1uGQ7nGcfNo21qIgLOSrnZG%2F001aOQTbR6b1EsWbqEOnH5NZ8BGRBJVwhmCCF%2Fg%3D%3D%7Ctkp%3ABk9SR4b5mLqYZw
Red Bull Mens ARROW Racing Motorcycle Jacket XL Vintage Leather Chest 44” L VGC,Leather,£38.14,+£5.21 delivery,5 Mar 2026,1,Pre-owned,https://www.ebay.co.uk/itm/257391444800?_skw=leathr+jackets&itmmeta=01KK1T67E3S6NM2Y7052TTX90M&hash=item3bedb9c340:g:zcwAAeSwZAFpqNNO&itmprp=enc%3AAQALAAAA8GfYFPkwiKCW4ZNSs2u11xD26zeCpgfZosZjD5Hz9zo%2B%2FaYxrbRP1Abzt8aA%2FVhldX8GoDLQZI%2F79sseJeYC1RklQ41ul8CfYnnN6wWziQFKFH4pwSxj0c1Ocl14BO%2FanE8uOQcsKU%2BiurJrQh52uUTAzi%2B%2F7OmhoidbhIYMI9wpkencAoX%2FC2shz8uXWQdPGgPiXTpdp4KAswYzb2HpPZ8SGIgCd%2FnFNPfnR5rBrap8ikqS7hQlrw9HsUG4rk9d4thy0m4fvDJp7numNE4YufhtBnUjnUbDAqR81BOn18XuHwWqYnh5vCKong5M6i1pZA%3D%3D%7Ctkp%3ABk9SR4b5mLqYZw
Kim & Co Faux Leather Pleather Biker Jacket XL Black,Leather,£16.14,+£3.38 delivery,5 Mar 2026,1,Brand new ·,https://www.ebay.co.uk/itm/257379977403?_skw=leathr+jackets&itmmeta=01KK1T67E3EPPMCA5T4Y6HJP4M&hash=item3bed0ac8bb:g:s7gAAeSwsKxphG1f&itmprp=enc%3AAQALAAAA0GfYFPkwiKCW4ZNSs2u11xAsG0YASRUcv0YG09ECTRu3xjr7v9p%2FiNPBRTYwHzPIQm0Qyt3KX800xI0Bd3zoonabQHv%2BtEHZB9rkp%2Fgd735Gq7MgtM27cOjZJoz1lyi8CyaAYq%2Ffa7pbYblpB4mvGMKdlCCZV4m8KxUF3nz8rmVpAFrfrUXpAEyDM0sL1jvKRuMaT80HTznA2T75t1qb%2Fzp%2FVU2k9gKZP7Al46BajX2LFRpYImAzsLLjBksorhu5Zp3b7CdaYpzUvmMgTfOzDi8%3D%7Ctkp%3ABk9SR4b5mLqYZw
Kim & Co Women's Faux Leather Pleather Biker Style Jacket Size XL Moss Green,Leather,£16.14,+£2.72 delivery,5 Mar 2026,1,Brand new ·,https://www.ebay.co.uk/itm/257379975212?_skw=leathr+jackets&itmmeta=01KK1T67E3T66WJDMFWX35QFNE&hash=item3bed0ac02c:g:qfYAAeSwTPdphGx6&itmprp=enc%3AAQALAAAA0GfYFPkwiKCW4ZNSs2u11xCFu0jAdwJUldi4FDSJQ3kVy0%2B9Yn4gAu4sq0%2BPtq7HhhjpxRbNB9JtMer0iyBQ4U1Vyo30QYfgMOEQuxrpTMQ5jWHrgL5VNfWekqiSs1vfGksJBGclzcVe4mCcYCUeUPS2JecGIOYJBcz%2BtrnX7SdPFWcBFDaX%2FXKSL%2FEZ6GE0VmXL7aR17nEaW1rNaTEbNI6rOTv94%2B2C36auGuA7%2BOwXtXfc%2Bq2m41bxb9bYug%2BMniotmPKpS2JZwaKsEoGY0LI%3D%7Ctkp%3ABk9SR4b5mLqYZw
Classic Grade A Cowhide Leather Brando Perfecto Biker Leather Jacket - S To 6XL,Leather,£74.89,Free delivery,5 Mar 2026,1,Brand new,https://www.ebay.co.uk/itm/116202072086?_skw=leathr+jackets&itmmeta=01KK1T67E3PR5VGCPFYCDQZJP0&hash=item1b0e2ee816:g:hKkAAOSwpDRmWa-a&itmprp=enc%3AAQALAAAA8GfYFPkwiKCW4ZNSs2u11xDzFHGJH6u%2F8BoGDwWCR4wTrVZZFizqmkE31Wn%2FUCdiRx8i6pjWXMI2xsfIda05f5%2Bt2xvtj%2F278A7IP%2F%2BAEJ6jS%2FQZaQx%2BrGU2UQXLnIhRjzMCETBUneczwFVilLGUS2jzxliTK8fW%2B8sahHHbs%2Fo6gbD2V9PmlXDOSQ5rXk1bvyzDH4cHJydbp18hcmcCGNWUifeH6NI5H33yVoY6FIeG%2Bi5kIBGIxi%2BSMRCbKsYpkkuyBGwrtJf6shrr1tUvhvPhxnZn8IeV8Hgd11QYf9FE7ggjA9NpyTrID1RaBnLYiw%3D%3D%7Ctkp%3ABk9SR4b5mLqYZw
WOMENS JACKET BROWN LEATHER ZARA BELTED UNIQUE REAL SUEDE WORN ON FILM INC UK PP,Leather,£51.99,Free delivery,5 Mar 2026,1,Pre-owned ·,https://www.ebay.co.uk/itm/117070176884?_skw=leathr+jackets&itmmeta=01KK1T67E38EVDGH3J7M8NPA4H&hash=item1b41ed2274:g:AFUAAOSwKaZmKnc1&itmprp=enc%3AAQALAAAA0GfYFPkwiKCW4ZNSs2u11xABfhejWoP3D%2Fm54BRHnv6%2B61vj2TSoh1Wp9k1nlNm%2FhQGOFf7uXI90xNT1AkJqYy6QRaAcJFSz1wAO8Na%2FPb6JmRrpj9BLzeHK1XY6xwPseiqSvzwmNF0Mz0H15XtGM4Fx6ltO3TJxUPbLCCRm0Auh2scMaz%2Buw87D%2Fc16cxc1g0EDm5LXspvG4b8iiBusRC3invtuCLHe2hUk79cSROKvPlTT9zoOGSYndj6SV6XYC4p2nCJEWE09hu1k%2Fta29S0%3D%7Ctkp%3ABk9SR4b5mLqYZw
BKS Leather Motorcycle Jacket with Detachable Hood- Medium,Leather,£55.00,+£6.65 delivery,5 Mar 2026,1,Pre-owned,https://www.ebay.co.uk/itm/168137008673?_skw=leathr+jackets&itmmeta=01KK1T67E3JFDD63M83XDDJKGV&hash=item2725bf2621:g:LSMAAeSwpFJphKFQ&itmprp=enc%3AAQALAAAA8GfYFPkwiKCW4ZNSs2u11xDh%2FV%2FVZytRyLNKlglmM2k%2FLnNDb0rdlCjCtfUNtWtwt6TkphWADBY0tf%2FtPX0OCwpWuEUN%2FTknxLbk6kyziUdrhrXVGGu%2BxTJ8v7NxM%2FR0DjunWmHOuKjc%2B0HYDU24Z3JwgXXbENemwOfj104F0IeM7die0J0r0hqem%2BG2jVIES6r9Yt%2BZ4%2Bo9JpXQnsnrhX44R%2BAoNyH17zlYt067FPdTaIQQ0YObiIRCY9VdnVChITlMlg%2FrSDEGvkU5VxJTZ0dzFdwOoLsQNmIpRSoG4dtTwGSAeDr6KwTraNgPmG5afA%3D%3D%7Ctkp%3ABk9SR4b5mLqYZw
"All Saints Dalby Biker Leather Jacket, UK12, Sycamore Green, brand new with tags",Dalby,£193.10,+£6.16 delivery,5 Mar 2026,1,Brand new ·,https://www.ebay.co.uk/itm/376983862809?_skw=leathr+jackets&itmmeta=01KK1T67E3BJXFPGW0MH68D1CD&hash=item57c5fd3e19:g:G-cAAeSw8Kppmz2j&itmprp=enc%3AAQALAAAA0GfYFPkwiKCW4ZNSs2u11xDtFPjeOB1nZefpVNwHvdBQ%2BUhXdDOLGQU1TshnhTK%2BL2ajpC%2BfGUZ6M8OD1hrhGCwW2t41aR%2BsvZNzDkTC84Odoy7WKo03WKq4GVXosB9rNDuER97HkDpWHvda14PjLrTKg2k6BISq88AORvyALrqLPSLipZbZXjFAIEC9WSjGD2Xe270sCfWxANP9eW1UGfd9jnmgQ2ah7Pnr%2FovYuGzDw4QpGyLV72a53soGCXrw%2Fe3XXwns8zXYF%2FXzKqLXqsA%3D%7Ctkp%3ABk9SR4b5mLqYZw
Primark Faux Leather Biker Jacket With Zips In Black Size M Worn Once,Leather,£9.72,+£2.94 delivery,5 Mar 2026,1,Pre-owned ·,https://www.ebay.co.uk/itm/257368073399?_skw=leathr+jackets&itmmeta=01KK1T67E37HEDWWZGKZNM54Q1&hash=item3bec5524b7:g:-2EAAeSw-fVplv9s&itmprp=enc%3AAQALAAAA8GfYFPkwiKCW4ZNSs2u11xCzHSBODdXDshi5DaNyD1TiK0Ri6SrT9LsYUSTSdYnEmkH7d%2F1TCF0isZ4z1xxraULGE%2FANdJRIPUyuj%2Fifag6XKhiRW%2FFnlSHg3Oq7GrKDkgAodPP2YgHUXFbWeXkwH30itQZGOJYok1nxOOcqCmTDCihyEB2AAafnKlzLVaOAJjb05jzPvdF3CyMWtElF%2Frcp1tFsP3iLpUx3o0f6jRBADQv%2F4%2BYVnmHVXi9%2Bj9PE3FVpHoch6KgKGCeF7kuEzdZSUt8t7QkB%2FydUCkiBlJgyNqYw0JAyCNILMOQkC6yz0g%3D%3D%7Ctkp%3ABk9SR4b5mLqYZw
"Vintage retro leather jacket 52"" chest (4488)",Leather,£26.99,+£3.99 delivery,5 Mar 2026,1,Pre-owned ·,https://www.ebay.co.uk/itm/267583292607?_skw=leathr+jackets&itmmeta=01KK1T67E3DQGG0TJVRBHS1GWZ&hash=item3e4d3504bf:g:r5EAAeSwzchpmxPv&itmprp=enc%3AAQALAAAA0GfYFPkwiKCW4ZNSs2u11xBCz%2FqsbkyPeu8uWZ6cwnIKJimNRwk4svr1xvlhc5CDIhMZx53C1l3f4L61TsJiafaOVTzM4MiUn%2Bj6NLV1yO2L%2FLvMgD8RyMlo6rlEU0nlcbHcKiCaH2T7TZmZz5%2FwKAbgKt5B%2BfBgaiRYRQ8a5pBBvVQoveCP1Bz1K%2FUiiA6t1KV%2BSuYQPFfwJPAwbHaUsAIcM2TxePznecuzHp--UdquApWLoALrILADGu9kLvKdAIQe8129VzNsPARO3vHKNn0%3D%7Ctkp%3ABk9SR4b5mLqYZw
Linea Womens Leather Jacket EU 46/48 2XL Black Colourblock Leather BD01,Leather,£40.95,+£1.95 delivery,5 Mar 2026,1,Pre-owned ·,https://www.ebay.co.uk/itm/157724535714?_skw=leathr+jackets&itmmeta=01KK1T67E37N4T43JREDNDHDEX&hash=item24b91d6ba2:g:j9YAAeSwXQJpp89v&itmprp=enc%3AAQALAAAA0GfYFPkwiKCW4ZNSs2u11xDy6awr0gqGwWmV57hnHxbSLwnr32A%2Fc6oiyLbr5S7CUkO%2BSH7NjU4L65Uy4qI6kJ6dObYXXzojHlO1aQHgiU6d1s6ANEskJK7Z9oaaixui08YiLrXv0upsH2FSyCUab4d28OrJ565U5oFX1V5nYxUM8iCXujDmvduEdthBXBviASE3BBNb0o2vGoGnfJL7ODzsDzr%2FbLuZespbc%2FjX8v9FJAqAf4iM9xaVHUWsnoBPyRi9Lc8VQmQH8TmjjTp6GFE%3D%7Ctkp%3ABk9SR4b5mLqYZw
Vintage Womens Leather Jacket IT 40 Small Off White Leather DF01,Leather,£37.95,+£1.95 delivery,5 Mar 2026,1,Pre-owned ·,https://www.ebay.co.uk/itm/157724384269?_skw=leathr+jackets&itmmeta=01KK1T67E3G17DR40JSZG8EAP9&hash=item24b91b1c0d:g:5IQAAeSwgnhpp7cB&itmprp=enc%3AAQALAAAA8GfYFPkwiKCW4ZNSs2u11xAdu7W7QcStvx3KtaiZfwjV1orvULvJSbcf7%2BhdmawBvP9qXNatx01p6N%2B%2Flj%2BThG5DKo9uF3kINe2YpNdEs9EtbRIgCFN4H6qs%2Fpoh2GVhQUU3ktuHmOyb9aMeqvyDGOlG2KBkShUTyPc3SwBtoGoAxFe%2BraGhOZCdLtgGLJsf8T1aXDUFtS37ICaaUMvW2Jj%2FJB3IwvKKh%2FNbPG1uIM3BNu%2B63lcsAMYjGfqjK%2BnHCoc2vQg8t5YXwbI%2BWMX2pd%2BJYgArieWb%2B24Da8ZPhsDhI0mUB8kbvM2jE6qrbBEbPg%3D%3D%7Ctkp%3ABk9SR4b5mLqYZw
THE FRANKIE SHOP Micky Womens Faux Leather Bomber Jacket - Size: M (£400rrp!!),Leather,£115.00,Free delivery,5 Mar 2026,1,Brand new ·,https://www.ebay.co.uk/itm/326723233670?_skw=leathr+jackets&itmmeta=01KK1T67E3KYVQ31WKTF6HVEXK&hash=item4c1238e786:g:QUoAAeSwiNNok3Eo&itmprp=enc%3AAQALAAAA0GfYFPkwiKCW4ZNSs2u11xBY6MmDtE%2BjX5zNJIVBoiCL%2BtqTcHuCz4f8cV7zwh0in2NS14b43dvp%2B6r%2BWkDHbeCQFPoxHM1qP4V0C3D50uZKjtbliIXq%2BqlSSDlXQ4wDCk%2F8EAUJ6VjNjERgZuCsoEhcqVn0A5PCRN3nXBK5JZU9loq2bP1UQj5Pw%2BA2BdDF53jgGznTwsGuN1ZLK8WU1bevklVeV4TCskQPSnye1l0tR1%2BW72MIog%2B8Fk3C9DaVL9Kk03x94IxyBuH1HcK%2B7ZI%3D%7Ctkp%3ABk9SR4b5mLqYZw
RIVER ISLAND - Black 100% Real Leather Biker Style Zip Up Jacket - Size 12,Leather,£57.89,+£3.95 delivery,5 Mar 2026,1,Pre-owned ·,https://www.ebay.co.uk/itm/236585295330?_skw=leathr+jackets&itmmeta=01KK1T67E3JCF5NW8DEWC1BH5S&hash=item3715951de2:g:kLQAAeSwOYppamKF&itmprp=enc%3AAQALAAAA0GfYFPkwiKCW4ZNSs2u11xBN2QdrBi4eGbA--t%2FUOY%2BFPpUQVsXR7ahGW2CxJQmWGVblpM9DoVWhKBwvzjc6broL44NcPQWhunQVxFi2BfmNs5LLOxsdtPn%2B%2FnPmPsG6hSBjDF%2Bs2lURX6FmQgaA55O%2FKhkWylVrDt%2BsHDHQe87iDmhNKpfWSu7rQlOGYoQdhvE%2FW63SZVG5VN6RueJQBUg29dmOSqnNoR6ptfLEVctF5NQ08kijtEsZ2h2BoAcPnheBKlr5W3GDdLKMPhU5EyQ%3D%7Ctkp%3ABk9SR4b5mLqYZw
Mens Silmar Brown Leather Trench Coat Made in Spain Long Smart Winter Jacket,Leather,£31.19,+£2.90 delivery,5 Mar 2026,1,Pre-owned ·,https://www.ebay.co.uk/itm/286904885916?_skw=leathr+jackets&itmmeta=01KK1T67E4D92ZD07N7703HZK4&hash=item42ccdd229c:g:Lc8AAeSw8IZpAfTN&itmprp=enc%3AAQALAAAA8GfYFPkwiKCW4ZNSs2u11xDpI%2BNtq4rg3wb95upPi2enW3yxjEzW3395Ot0zpuZiIW%2Fd7gKqJxqxy2F7lYTshZJUXI3OnEqFvX2lW2uQh1vvDvEkVrREl1trdxbrnDNjEm3GqgrXhxB972kTYd7iz2ruZdRjvZuE7dBXN5N%2FKJUiaN%2BiRXojnzROujNF2BctG%2FhyYXvhh%2Bqc769cAODiSHGtbI5YgtFJL6q0g75VvY9WEY8mL0PqVAuT8t3FrSqE%2Bt04rQ5iy569cs4N8STizNP6f0LdhuIJnMOCYUwVOs%2Bm9c8t3erHKV5MocdzhknZdw%3D%3D%7Ctkp%3ABk9SR4b5mLqYZw
AllSaints Womens Genuine Leather Biker Steine Jacket Black & Brown - Size UK 14,Leather,£69.98,+£5.15 delivery,5 Mar 2026,1,Pre-owned ·,https://www.ebay.co.uk/itm/177752919934?_skw=leathr+jackets&itmmeta=01KK1T67E4CFN3BBPM7D0QHSEY&hash=item2962e64f7e:g:L44AAeSwuvJpXkUT&itmprp=enc%3AAQALAAAA0GfYFPkwiKCW4ZNSs2u11xAX46EfCq2coZiIbQKT4MJbJ2s7Us2guP5EnnR4kVYFxxEWz5Q6IJoiZYDMHYql5EIO5hoft2gb1tjQijXAn6nmEYMNrTOEAzxoWeDB9gPQywZaY1XdW3U8AcyyXW%2FRb3Y7RZ7qRUM2AFb81ruOm9VmLDKaz6Tw5mkvjl0fcdqgl5oFjxoXcB9v758xP8L1XkDN98jCJU4k9UnUZQm4Lem%2FM54DXGMdauMGsYvSdomcJI8RaRSrGuN%2Bo8cVmKOSvaA%3D%7Ctkp%3ABk9SR4b5mLqYZw
Furygan Debbie Ladies Leather Motorcycle Jacket Black UK Medium EU 38/40,Leather,£59.00,Free delivery,5 Mar 2026,1,Pre-owned,https://www.ebay.co.uk/itm/167971157465?_skw=leathr+jackets&itmmeta=01KK1T67E4C2BDX6PJ5C541B69&hash=item271bdc75d9:g:JQoAAeSwCDlpWaoK&itmprp=enc%3AAQALAAAA0GfYFPkwiKCW4ZNSs2u11xCxMF6WEaDfqfDe2vBxO8hj2OrfN83LGOxBeUdqNFe%2B6UIfzFuyd7ny3BwtPXqqqfT6H7rCwIChot22AWtwRsaa2OKNeDxdjsvdhwpKgTx--iIOOquV2zhBd37YcLcN%2BeGRBd%2BO5xYI1rxhfeNbvrmf64M5yfMGWZVnk8tqnlL%2Bus2QDu34Z1bG5jXWskwXkRNda1gA%2BtB4I06RU8pdmwVU3k9mOgaJ3ghnnnOyVtx9N8%2FeGgsaTJGCfF8GLCu%2F7Xg%3D%7Ctkp%3ABk9SR4b5mLqYZw
Gigi Pary Womens Leather Blazer Jacket IT 40 Small Pink Leather CA22,Leather,£42.95,+£1.95 delivery,5 Mar 2026,1,Pre-owned ·,https://www.ebay.co.uk/itm/188122146995?_skw=leathr+jackets&itmmeta=01KK1T67E43M3CN41QQW2N7TS1&hash=item2bccf428b3:g:IG4AAeSwa25pqRd-&itmprp=enc%3AAQALAAAA0GfYFPkwiKCW4ZNSs2u11xBRm6o37pGYZhlhBZID%2FBW%2FNphZG7J4u%2Bu4mhLZ6EukIs5v0BCH3DSLAAdKj5IWMy3iBJ7ng7ikcTtw7jDNYuT%2FYk2EU3lpho37sbCjIoV%2FImYjIjoFHR9HCfbnhdKZvrbvWe9O8BgNKV4l%2F%2BNhu1comFw%2FJIjk0yu7bNnAZmuPrnxshJLLs0wDSS3507SSOH%2FCyTY53o1xQzcoCuBbYtv2o9D6wRo4GD0AyOQbUkTB7xwvyyaUxK7HpPtxQwsrzek%3D%7Ctkp%3ABk9SR4j5mLqYZw
UK Men Vintage Cafe Racer Brown Black Leather Casual Slim Fit Real Biker Jacket,Leather,£19.94,+£2.99 delivery,5 Mar 2026,1,Brand new ·,https://www.ebay.co.uk/itm/157333331592?_skw=leathr+jackets&itmmeta=01KK1T67E41S8VMEDA89C1MAHT&hash=item24a1cc1e88:g:F4wAAeSwGuRozVqQ&itmprp=enc%3AAQALAAAA8GfYFPkwiKCW4ZNSs2u11xC6VdWiLFWlCO0hGbP9q6RdbCdS8HCAKKAy4BRmXC9z8QsmRmGgWEsldRC6b0BycHYwr0UlZdj76Ii0BNOf73TwZ9Tg8MeozNc6%2BCFvDF9JnrCp%2F46XKYVr6JsWrK4sjV33WgxH%2BWP5dFwEAiXkdWHoJPcitjGqjpfrjBS%2BiTJg00hZ7Uz1XlkuTSULB9%2BJzPyFFM9Mwobj%2BEN2Fpod0Cmt0T%2BXWfxqIYHHvs2QqZDwFBrl6DPAkO%2B9MjPGShi5suX6t6ZlII%2FoiEYrsSAeVLTPNNV%2BmyPXM4kyoTbtdJya3w%3D%3D%7Ctkp%3ABk9SR4j5mLqYZw
Zara Faux Leather Black Biker Oversized Cropped Jacket XS fit Uk-10-12,Leather,£10.00,+£3.38 delivery,5 Mar 2026,1,Pre-owned ·,https://www.ebay.co.uk/itm/267590920523?_skw=leathr+jackets&itmmeta=01KK1T67E4F2WFYXWH3MX1078A&hash=item3e4da9694b:g:wRoAAeSwUaRpc2s3&itmprp=enc%3AAQALAAAA0GfYFPkwiKCW4ZNSs2u11xDR%2BTYd5n%2B7clUpdfphtqsTjfEsKwl8lgCqOJzzT29TuN21zFugTUcAfTs65T6rcVobaR1e35YX%2B09q53eL%2F9dcLGyBFu0BGmz5l9DkawXvBwoNWdrmd05eEkuNCr5jN5raY%2FMDCyTJwuX38%2BNKvNdPDGEkVpVPc8Qf2X8lMRsyDCJti08Uvu8ZLfOc6bEzawpjhpoSzg9PjKatdt%2FLAwKcmuZ1xPeAe30B892q%2FBanB2su8Le119xqTaO8wZHorn8%3D%7Ctkp%3ABk9SR4j5mLqYZw
RRP€250 GOOSECRAFT Soft Leather Biker Jacket Mustard Yellow Zipped Cuffs L 12,Leather,£59.99,+£4.99 delivery,16 Sep 2025,171,Brand new ·,https://www.ebay.co.uk/itm/316965897578?_skw=leathr+jackets&itmmeta=01KK1T67E4BYGZFJ0YA6SV3E49&hash=item49cca3c56a:g:FJoAAeSwX-xo0p7u&itmprp=enc%3AAQALAAAA0GfYFPkwiKCW4ZNSs2u11xAmuI%2BvGGDZXbtUO9rwmJi1h3PhdcvZRZ9k6m3ngZSxg%2BOKxZoa%2Fcag%2FrGHMYHoSm7eCENKk55OfgQ3LVonit1ax61NEiASLQ8RVYg%2FAmD4paeKfco0FyCZMTYBgJ7h%2Bqav7qxmY7uROQDaJCnSaAop1By6Bnq46ff6eZnbJv%2Fdsk1AwXBNMflkgromXijt%2FVTvYkDc5Jm25hssxxXIg2Cwfb67dnhznazKE9IAkz61BenZmk7L8RVqMbrJedHbmTM%3D%7Ctkp%3ABk9SR4j5mLqYZw
Mens Brown Motorcycle Biker Quilted Distressed Cafe Racer Vintage Leather Jacket,Leather,£23.11,+£9.99 delivery,5 Mar 2026,1,Brand new ·,https://www.ebay.co.uk/itm/357307721881?_skw=leathr+jackets&itmmeta=01KK1T67E4CVW7NBG17D8QPTV8&hash=item5331332899:g:4mcAAeSwqi9oejpc&itmprp=enc%3AAQALAAAA0GfYFPkwiKCW4ZNSs2u11xAJQcil6ty%2BZ7RJRP%2BkeQLdigek8SVOZnAEohHVVdgpHTVN6pUMof8TGMqrp6gkZkccE5gP9gJMwkbaE8v6v4%2FHov7uB357LnOUGXxmpzwCgR0W3q%2Flv9vyQpaM01WKsJUxkSC3JtDuWXN2k6B41LEnsmRRotJ211k3cF9X9sxl9Ra%2BiMVLDPFaK63KWRIyRfMvqVorf0uORl2nbJF1HwvHmkgLE0f0expD01%2FoLNBFMy6%2BPSMBYADDdkECu4Y1cew%3D%7Ctkp%3ABk9SR4j5mLqYZw
Men's Traditional Cowboy Western Leather Jacket coat With Fringe Bone and Beads,Leather,£161.99,Free delivery,5 Mar 2026,1,Brand new ·,https://www.ebay.co.uk/itm/356640574973?_skw=leathr+jackets&itmmeta=01KK1T67E4KF31Y42VM5AE5HMS&hash=item53096f4dfd:g:V5oAAOSwQ51nMSuo&itmprp=enc%3AAQALAAAA8GfYFPkwiKCW4ZNSs2u11xAfDzCThhsAFVU6XW4cKjahZ0RasyHwuh5IpfN8f9sTRERe8IbsAQ5zOuZbyxSQrGnVFeG30TL8gB3HxZJWmNorKRmHPnnkxhfxbAMTiat77%2Fy9DEB4pWucDik5FwEKm45ihxJoYf7w3LL9%2B3n6sDWyusi1Nd0GzIos8fExzc33V%2FexTIt3Zo9F1SIc38aqKbOkGn%2BIlzpG7Ykbo36pCqHERp%2FAz26yQs2AJQKK0eZp1c%2BB3Ijq2gpUI1eXpJumkXguAo0i7k59feYRa0lJLJg6%2Bl%2B24m5GNBkzL1OUtAa8eg%3D%3D%7Ctkp%3ABk9SR4j5mLqYZw
Frank Thomas FTL322 Black Gold Leather Motorcycle Jacket & Trousers Ladies UK 12,Leather,£149.99,+£6.00 delivery,5 Mar 2026,1,Pre-owned,https://www.ebay.co.uk/itm/306786541879?_skw=leathr+jackets&itmmeta=01KK1T67E4FJN0FC1TP8WMK1FX&hash=item476de72137:g:Hq8AAeSwnzxpnGeG&itmprp=enc%3AAQALAAAA8GfYFPkwiKCW4ZNSs2u11xDI4MDoSh0AHi5F3FU1UKZheMnlxGqi4WsPwR2G3cXC9FNIuPv0%2BBshj4OhFJsT%2FaJ7UBSRbQwR91munR1nNtnua6%2Bm2eCU8eMk291XJVGlqCIEFGnYFXEEsGee16VMRPNbFJPeYR5u5d6kEXESylt30LVpWTKNVMpi%2FFsf7SXMSR7I%2FF39uEni%2F6wTCSqxfags5cegEESA2xWA64IedubmHC2bcJf6LHyN7TTBuCaChHVI%2B0jVi%2B4anAp9MUTdaGC%2BdUizoTrP%2FK3YQRPZmhQTCCqbWkz%2BAAZPy1EqUpNrug%3D%3D%7Ctkp%3ABk9SR4j5mLqYZw
Shop on eBay,,$20.00,,,,Brand New,https://ebay.com/itm/123456?itmmeta=012DEW30YG0MEEKND7NH&hash=item123546:g:acwAA9KNiJowH:sc:ShippingMethodStandard!95008!US!-1&itmprp=enc%3AbgepL1tlUHjMGCVfSTGJh%2BzsVKeJ3CQk7NizDI4BZeppuFnmyS6Ijyp8lh%2FnEw%2BWqO7uTV1Q6izE1R0T54aV8j71F4xlWfVcGft4%2FiOQhtqVXA1rW6M1atPARQRmhqUxtEPJKhKtSFgI%2Bvwlzb0GwVCtkp%3ABlBMUObkmabpYw
Shop on eBay,,$20.00,,,,Brand New,https://ebay.com/itm/123456?itmmeta=012DEW30YG0MEEKND7NH&hash=item123546:g:acwAA9KNiJowH:sc:ShippingMethodStandard!95008!US!-1&itmprp=enc%3AbgepL1tlUHjMGCVfSTGJh%2BzsVKeJ3CQk7NizDI4BZeppuFnmyS6Ijyp8lh%2FnEw%2BWqO7uTV1Q6izE1R0T54aV8j71F4xlWfVcGft4%2FiOQhtqVXA1rW6M1atPARQRmhqUxtEPJKhKtSFgI%2Bvwlzb0GwVCtkp%3ABlBMUObkmabpYw
Faux Leather Fabric Ladies Wallis with Zip Size 18 Very Good Condition Black,Leather,£20.43,+£3.38 delivery,5 Mar 2026,1,Pre-owned ·,https://www.ebay.co.uk/itm/157535136449?_skw=leathr+jackets&itmmeta=01KK1T6DBPZ617XK62H85E42T9&hash=item24add36ac1:g:zbwAAeSw3H1pOVeN&itmprp=enc%3AAQALAAAA0GfYFPkwiKCW4ZNSs2u11xAFzLFXNutvHrcC%2Fmo%2Fz4k5xXiBQfk%2BMhyn0h0%2B4A2RWW4w943UYi%2Fx4Ru2FnkuXOj3jokwdc0BcWEZrVQOp0%2BpZJgsf1BYhOcfX8H94%2BH93cjMD0nNs1rsxtqRMGS8AlT85dopHkBGw%2BpPeaoCAkVjyGCvqxrSsYgb%2BqUOndAQV%2FX1MRsLiSubl0lbjCn7ziJE1LaLbvKQ6DizQgL055aLd4vU806mT8I2yEcp1%2BKH01LAobMGTwq0Ce7L2sluvck%3D%7Ctkp%3ABk9SR-LXmbqYZw
New Wave Y2K Retro Leather Jacket Size 10 Cropped Bomber/Trucker Style,Leather,£11.87,+£2.94 delivery,5 Mar 2026,1,Pre-owned ·,https://www.ebay.co.uk/itm/317954590722?_skw=leathr+jackets&itmmeta=01KK1T6DBP1FKXGC3NC3T9WZ0X&hash=item4a07920802:g:IoMAAeSwsrNpqI3j&itmprp=enc%3AAQALAAAA0GfYFPkwiKCW4ZNSs2u11xCvBhOiLRrk850%2B%2F2rrsRsPcggLQFQWVCttv4%2F5w7mGumN7gF5ftihRk7j%2BzJ2z%2F8ry%2FD0cgNMjk407jrIqgOEtClRssPtn9Ovfs6WueuWRytSwkrmWLIJlPwVVyjMwsHEtCYkcl%2FpJGTwCS3Y%2FyvyUth%2F6eHrDazlmg6ibDPKZtERxdRsguVYP5PX4qpJ94Uxn%2BIFzMEXMiN%2Bda30HE6PimkWG6D50489W8DztcEz0itb3R2Q7FQWPR5ujSF%2Bm%2BVw%3D%7Ctkp%3ABk9SR-LXmbqYZw
Next Men's Leather Jacket Medium,Leather,£29.82,+£3.38 delivery,5 Mar 2026,1,Pre-owned ·,https://www.ebay.co.uk/itm/116977889888?_skw=leathr+jackets&itmmeta=01KK1T6DBPS86A8X8AVBCAY12R&hash=item1b3c6cf260:g:v4kAAeSw1-tpY7-B&itmprp=enc%3AAQALAAAA8GfYFPkwiKCW4ZNSs2u11xDmQxCaYJGmRo2BUhAfXRmSusabpG41gA%2B9Ihf37I8nbYH1mNor9iz6vMAnfyGZ8WWP79H5Y0jTOUFnUb3z8NE4ir0a8EQRkoEh5R5A9s4V1BUNWnhJRE83RXHx1EKQbNAuijY9GXNjVssC145pUfrfPH%2Foiu8UFjO5d2jhT1tdYiaC68km4%2FTzfpVzpIytX02RZnU%2FQJcb0CHX4yPqIDCd7UTD5cGVzm0wF1a2%2BwD9OC%2BvXY2APuLCZWRWCdZ5PQ7C9DPbwUZD2nW%2BfkYpT%2BDv7IURIrjB%2FbBd9dTpytePkw%3D%3D%7Ctkp%3ABk9SR-LXmbqYZw
abercrombie and fitch the mini puffer vegan faux leather jacket womens medium,Leather,£10.00,+£2.94 delivery,5 Mar 2026,1,Pre-owned ·,https://www.ebay.co.uk/itm/147094499864?_skw=leathr+jackets&itmmeta=01KK1T6DBPAFQER1YJK54ZK7R0&hash=item223f83f218:g:HS4AAeSwvntpaNkA&itmprp=enc%3AAQALAAAA0GfYFPkwiKCW4ZNSs2u11xCefQUFySKgZxyJSGSpoqYWO6nEmHxOpy7ow%2BYBU1CFY%2F2Pjga9Jy749Edz4w1eODH1TRz3nj6QV3sJjVE134VfOVthPji7j6zY%2BmYWWQxjCNUqlqa7P3QqsOLSNgMMHYzJRLa%2FfXja1i4CqUJeIWB1rvSddhh3aIdvMovc8Mj%2FKVA48E8uVFlu%2FN6cSu8JpZA7m5O%2BUm9499xE4r2zBJOrQRLuJNAsruG4%2Bhtkfza71gBZOOcAYDrTT5xisGf9IMs%3D%7Ctkp%3ABk9SR-TXmbqYZw
Alpinestars Faster V3 Leather Motorcycle Jacket,Leather,£187.90,+£5.88 delivery,5 Mar 2026,1,Pre-owned,https://www.ebay.co.uk/itm/336436854519?_skw=leathr+jackets&itmmeta=01KK1T6DBPEH7P7TEDWT1BHF61&hash=item4e5532fef7:g:Ny4AAeSw6bBpkiKO&itmprp=enc%3AAQALAAAA8GfYFPkwiKCW4ZNSs2u11xCTQw4G4tUxX5yvQjbCwmKHVCR7adKWu8In4%2BzyGWJ5n3vxWEWeikT1bu07DSFdxKz5zInSQ6iEY0%2Fuxp74VzZMDEG3GnfZfgoYXNmAqSXs%2BY57Xevh%2FtSx3sl0N2BSZ%2FzBV4osBsjZQbZhwKqcsZqOXa5NcTH2PrMgHmFmvY958Om%2BJZdfrL%2BoGmV5SueBdVQpcWHq96%2FV3hP%2B7cswvLjXGZvLTnGk3h1Hfer7QLGILHUDWVKt90thFqE9mA2DiziXoKec%2BeLwaFgV72ebWgvFuyZfSIOvBH%2B9kIbBrlU1%2Bw%3D%3D%7Ctkp%3ABk9SR-TXmbqYZw
River Island size aprox 12 SEE DESC dark brown leather jacket in good condition,Leather,£12.94,+£3.38 delivery,5 Mar 2026,1,Pre-owned ·,https://www.ebay.co.uk/itm/389686953916?_skw=leathr+jackets&itmmeta=01KK1T6DBPH8TAMCAQ90JZ2J8Q&hash=item5abb2707bc:g:cQkAAeSwrClppKAA&itmprp=enc%3AAQALAAAA0GfYFPkwiKCW4ZNSs2u11xCfkY6gzYhPFKQXKPgJO97qjiokxPAnQjLNKdW%2FwaBhOfCzUjRLJ23vfRrRIs9Vo%2Bv8kO88eVJtqMnGgtEnG6PQuJHhf%2Bv9G5ze3EySZlrm0uAWEcrZSzxtV4UXuyMvdvQBFXefm4BdjIwKBb2kmGzjwT2HWbhoKPen0wNCEAC4spqRlsgQQyISpNBzPxZzwk68DVDl1AfNUCjPy6MFDTG7UuYPmGffWKGTcD2dYGsQQayJGsLAJibUbRR1dGp7UUA%3D%7Ctkp%3ABk9SR-TXmbqYZw
Vintage real leather jacket zip up military fitted cropped silver black archive,Leather,£45.00,+£3.50 delivery,5 Mar 2026,1,Pre-owned ·,https://www.ebay.co.uk/itm/198139865951?_skw=leathr+jackets&itmmeta=01KK1T6DBP2H3DFCDGDA4G6QAM&hash=item2e220e6b5f:g:Ol4AAeSw3dBpoJb2&itmprp=enc%3AAQALAAAA0GfYFPkwiKCW4ZNSs2u11xCvXq4%2BB5gQ1O6hEI0etvZo%2BO0%2F0Ufb6N%2FYEIOq1c9LLbSGZrGhV8MxhJtxdcZjmbdaq9wlBlkuLp42Y%2FLoPZjI9OUx04gCdv1aOmnxRRWNSejpWJ3i%2FnA7lPKPHV2XQ29US70m532f4EvyCf4CU%2FMjU--nn7G7VX92I0MT3zV%2BMyLR6cGUHFab%2BsCMFCKzss3uEKOSGqpwC9TD7rFSXtyBGdv4Zzt1iY9dAoV9env%2BUA2pJEOtrf2sfLSeHdEtrow%3D%7Ctkp%3ABk9SR-TXmbqYZw
Alpinestars Stella Kira Leather Jacket Women's Size 42,Leather,£150.00,Free delivery,5 Mar 2026,1,Pre-owned,https://www.ebay.co.uk/itm/327002562039?_skw=leathr+jackets&itmmeta=01KK1T6DBPGM91QZ8C719QXMAP&hash=item4c22df1df7:g:0vwAAeSwRKlpkZNy&itmprp=enc%3AAQALAAAA0GfYFPkwiKCW4ZNSs2u11xCV5p7vvSwhYOUfwgdJPmWk3p8VIHo28bN%2FjowXtpB4rIP%2FdLkXxj7309KpkZKVAlpuPefpKVyqyXhyaF%2BUNYulHyzpgp8SCo6sAsg8K1Pnw6sFfyxXtAQCC7wG%2FBtzW0yw9s4pUOe3%2B4jzHRyreoHzFsHFXS1P9%2FRtifc7LPtT7uUkh13z%2B4fMCzv5CpWx3rjtAJRkrULojVjTt4k2H7p%2FodBxVCyM2qIsMKsRcSM7AzBJZl0%2FqKZuNf9xPVig9k8%3D%7Ctkp%3ABk9SR-TXmbqYZw
Ladies Mint Velvet Dark Green Leather Jacket,Leather,£42.30,+£3.38 delivery,5 Mar 2026,1,Pre-owned ·,https://www.ebay.co.uk/itm/127706041761?_skw=leathr+jackets&itmmeta=01KK1T6DBPMS47NXM9HGQ0NHB6&hash=item1dbbdf8da1:g:tKIAAeSwh21pMK62&itmprp=enc%3AAQALAAAA0GfYFPkwiKCW4ZNSs2u11xDo%2F7WiR9qCooQMDCYQyeH9URpgO1WZH36jz7Kd4%2Bf%2FjIyM8d3O6Tg2do%2FzhQzWNI4YYElEZwcbLWnjx4LXdkXlGRqOSL3PsoRGkL3KjhmIJ85oGZWlwZaLfeYb7XCuZDYsyRov67GKIJ0O7pG80plVmG0Ff2prysfIlPKKoI6d9Qv75Z%2FdqiUyvgWF%2BlEI2%2BtDc7sLVvME1M8rH1S%2BiZEY6nRSWSrM1VTghFCZZYAQKieL8qHy85M%2FQ4Huwam4Wl0%3D%7Ctkp%3ABk9SR-TXmbqYZw
Vintage Harley Davidson Leather Jacket Harrington 2004 Excellent Condition Faded,Leather,£302.29,+£5.88 delivery,2 Jan 2026,63,Pre-owned,https://www.ebay.co.uk/itm/126997126128?_skw=leathr+jackets&itmmeta=01KK1T6DBP4ZCZTAPCZBD9W0BK&hash=item1d919e5bf0:g:sHIAAeSwun5n10G6&itmprp=enc%3AAQALAAAA0GfYFPkwiKCW4ZNSs2u11xDOqmObkfPxZe4CJj0Jbp3tGu%2F5UvsOI7PDUWw76cR88fWHx4I2EIKYCK3esK2yOqf0oSVeEKHiJsifBR1QepJ7hoqyADhVuMXvWzTWctW0FEJcgWbzE8x3Ac1A5avAQ5m89OVlP%2Bx8f3HV8rK32zSwLPClMRfirUzEawyEH5LqfQ4egfv2EMlGcAjR51DQbZ%2BrjYuHZ%2BP5HsFfC9zpg0csE9cQhac9NNpBMIEy5fzZ4ztlf4Hes%2FoTyoN7%2FatLQX4%3D%7Ctkp%3ABk9SR-TXmbqYZw
Ralph Lauren Polo Black Leather Biker Jacket Size Large Harrington Bomber,Leather,£199.00,Free delivery,5 Mar 2026,1,Pre-owned ·,https://www.ebay.co.uk/itm/147115325333?_skw=leathr+jackets&itmmeta=01KK1T6DBP4BXN1GZGGWQFJZCA&hash=item2240c1b795:g:1AwAAeSwa~tpcI~m&itmprp=enc%3AAQALAAAA8GfYFPkwiKCW4ZNSs2u11xBr%2BbER4D5gg9w4WGg4nbNkFMv4%2B0fcz1EXscrleYaiBYjVzHc3Gh9Kures0w5ZRueG40X1%2F%2BBpuu%2BL%2BbYVigkfECyVHH2IJvkV9zioqx6drXC8E4A5NmOtsITqI77Ei3nYJUZ08rFJ3gm%2FxHILEK0wNTZTcTvnmv4e5L1ISULtpCmfJS06%2BlQgfDtTdLw5gsseEqO%2FBNkTxbJggSiKkFvwvi%2FPzUZ%2FDdl%2FmW1HrSqwWuF6wflLB7Z6v1ZBTK8WqFZMU84NzZB0vXCGiJ6zvqQ7YvluTWV%2FPD7sAw6a%2FozjtA%3D%3D%7Ctkp%3ABk9SR-TXmbqYZw
Snap On Wool Leather Bomber Jacket Race Varsity Jacket Size XL Men's Vintage...,Leather,£83.89,+£3.38 delivery,24 Nov 2025,102,Pre-owned ·,https://www.ebay.co.uk/itm/126917627527?_skw=leathr+jackets&itmmeta=01KK1T6DBPNAHGBV3SJ6GAP533&hash=item1d8ce14e87:g:N50AAeSwhP1nn5Jj&itmprp=enc%3AAQALAAAA0GfYFPkwiKCW4ZNSs2u11xCjC8ezeqV7EiktW3DdGqA1PsDMd9E%2FzAacDiMeswa%2FNM7N4%2FsMBd9AIgPlHLJELcucGvBKZGDtKk8Epbw8vgM6i6KdgEN0sEQr%2BaGX9OEkvD3jeK%2FByXvvjtUnJjQ6Q%2BvgOu%2FRlZNaUt2GyCIJSpF%2Bj2pTkECpWST3QBQ4rr8BWYftbg%2FjjDp2TzWzCzNcn2JZfkPtHngkYhhOUynb7f0UPmZQi9r%2FOhE1mL2BYBpfzFZogQa8y%2BfwqvIhBU0MtEM%3D%7Ctkp%3ABk9SR-TXmbqYZw
Roland Sands Design ‘Clash’ Leather Motorcycle Jacket,Leather,£260.70,+£8.41 delivery,5 Mar 2026,1,Pre-owned,https://www.ebay.co.uk/itm/236308078998?_skw=leathr+jackets&itmmeta=01KK1T6DBPKWBM9AKGVS2TS5NE&hash=item37050f2196:g:OHsAAeSwC69oG5bW&itmprp=enc%3AAQALAAAA8GfYFPkwiKCW4ZNSs2u11xBiMJN9ZMFpmdkHmlUNoT0jyY%2FtO1uLI8WNWh8wADZm7uHy13IM8KVK%2FfiRY%2BA%2FSjAGM2NMECFpOMN1MP0IVo0YmZr4MXe9fZXnPJA6XsEj7Obp6UINkgyT6WXnrh3ICzr5qRe7%2FU0hQZyNrkD8YhudwMqqCnKvyzJyD8W04THwyJjyzSDUnaCPrGbNWlGPPHemmJ4Mr9OBW%2BgIgaehCFe3NJYHCdz%2BJXx0EEpOjnruOdL%2FFaq2w8VmZBjz1nfRKDRXFNRymUCMQtiYb7UxGcmgTBWbGbzSaN58sTAD05TdrQ%3D%3D%7Ctkp%3ABk9SR-TXmbqYZw
VINTAGE DISTRESSED LEATHER JACKET COAT 44 46 roomy soft heavy JUST made England,Leather,£174.99,Free delivery,5 Mar 2026,1,Pre-owned ·,https://www.ebay.co.uk/itm/366239468406?_skw=leathr+jackets&itmmeta=01KK1T6DBP6Z514WW72DJSEXNA&hash=item554592cb76:g:ZzYAAOSwxyNnvYqg&itmprp=enc%3AAQALAAAA0GfYFPkwiKCW4ZNSs2u11xAdF1PcURgYYUc0%2FJdDv%2BRPAUx3dmNZo4XbUfH6Ff%2BMk1OzS9vM7KhxMewzvX3u7dL%2FgSAYlKz52RMCTYYQ8nraXkrsiyR1nGEt0a3VUJITEKaQ936j2kxVgNVWkozAf95i9rGuLmZY%2FmD7c3CtJzeFiXg7AkaHzaa3R%2BNBSDxV%2FAIkrmyQcunRm%2BovUHXIImimns%2B78ylp5O2xHaW2M1PBX6PA4iMW%2FR5ltDIz1bjqo669VjPiYKG0l9YOd156jZk%3D%7Ctkp%3ABk9SR-TXmbqYZw
"Richa Toulon Brown Leather Motorcycle Jacket. Men's EU60, 50"" 3/4XL",Leather,£115.10,+£6.46 delivery,5 Mar 2026,1,Pre-owned,https://www.ebay.co.uk/itm/236668641291?_skw=leathr+jackets&itmmeta=01KK1T6DBP1BPY28Z5TC8GTP1K&hash=item371a8ce00b:g:L5UAAeSw8AZpqFOw&itmprp=enc%3AAQALAAAA0GfYFPkwiKCW4ZNSs2u11xAbTR%2FPkoOkIthUfmiH7lmem%2BWCtRM8%2Ba55pQmXGrgq0L0L9QGKK7wh0cKTRr7INafji7L%2F4Jo%2FZuB1UV3%2FfTJh5gbGkQYGSMKNIZKh%2FQP30GuuKqKWpdavHztEr%2BWjNfQG2GMJEO%2B20Hk7G9K1DLfKjwvhp7LKcwbUtVlAi2ie%2FsODf%2B9ZX8FDMClS3LzeiPWcAPwGo926e7sQHg4nWi5b579X8rT%2BPgkXGqBkcv4dk42vfP1PBEBs9KfbFplrsFk%3D%7Ctkp%3ABk9SR-TXmbqYZw
Rita Ora Women's B3 Bomber Real Sheepskin Leather Jacket with Shearling Fur,Leather,£41.78,+£4.66 delivery,7 Nov 2025,119,Brand new ·,https://www.ebay.co.uk/itm/316444273784?_skw=leathr+jackets&itmmeta=01KK1T6DBP4AKX0BXV4KDBCARN&hash=item49ad8c6c78:g:KnwAAOSwZkpnx~bA&itmprp=enc%3AAQALAAAA8GfYFPkwiKCW4ZNSs2u11xBtlXzCo2lQly9YAoQMZ9XFZYKAIuNW1Qd3A0KkocT8wvz18JhCBrEEja8XRGZE9MJrfEjcOJxsnthph7TgeLhBbUuaFoePIg%2FKxLDsn8ipCunjSZS9G6Lss0G%2B1KdMxCyd0bqbqLBeGjHmj3b3%2F48pSwJrwwKHib5pqwYnPZNOftQ3vXR9Ul1Kp%2BT3RxRmUCEznE479mfJmUHHPxXM6ZzoLHjHdU3Fsa8GC2m1IjPu9vaJa8N4gV67hPSbw40trkpRe6koomg5zj0PimAkzqlaOMDXApayEA1LjcEW%2FZt5yQ%3D%3D%7Ctkp%3ABk9SR-TXmbqYZw
leather jacket,Leather,£21.50,+£3.71 delivery,5 Mar 2026,1,New (other) ·,https://www.ebay.co.uk/itm/256955899434?_skw=leathr+jackets&itmmeta=01KK1T6DBPZN9Q7CHX32WA9B3S&hash=item3bd3c3de2a:g:DaUAAeSwK61oOyQ~&itmprp=enc%3AAQALAAAA8GfYFPkwiKCW4ZNSs2u11xBr%2BZ%2B2%2FgYojmieXwg7pi8bHLxqGq30A3JbSEZFM76hkxpBY%2Bu2yuWl%2BFzbPWY6A0fAdxDo1K8kU2YDdHqSkE4Kp3qhqCsBgL8oWIEJrnG5Augj8SgBqbFzfBp4fOKUm0Qz5zp6KiXzbwic5q3Pd4jtWJlamBrixFoVD6tF8Y2adTa4i%2FiGwWC4n0%2BI5vNOHBWLnfec5%2BuBkD6r%2Fh%2BUHkNf6Ls%2B6kGqWNDgtRCJRD%2FXzWwuzc2kFqCM%2BgZF%2FDXCPpXGFnJi4DQyFb52gFI8IoRhLv67EZ4eXSuoZPe89R0Ncg%3D%3D%7Ctkp%3ABk9SR-TXmbqYZw
Lakeland Fine Leather Cream Jacket Size 14 Hood,Leather,£30.00,Free delivery,5 Mar 2026,1,Pre-owned ·,https://www.ebay.co.uk/itm/188110317517?_skw=leathr+jackets&itmmeta=01KK1T6DBQ5W9B65GH0NEC81SZ&hash=item2bcc3fa7cd:g:PIQAAeSw7ydpSqEO&itmprp=enc%3AAQALAAAA0GfYFPkwiKCW4ZNSs2u11xBJVIrltxgyBTkHyY8B%2BUzN9%2BiE3rSmCmPZF0IUwOGFhWkB4Kz3ikriA5dawHbRW9T4uCEgoV%2FZItqPMLrncq%2FlCU9v0%2FaJThpLF35TYBl5JVnqcnLbtiKBuJS7J0GaBQREr1fXas3F0h%2BCy5HD3KnhLLyAwTYEMc2HVqAZkiB%2FDLQp6%2FS0Pq8O7LGLzqz7bnlhOdurbQwMNmSl7SmawDgW0Ii5bsPMc3oQDV%2FKCQRnz89aThOup0v5NvXsSmSAxa0%3D%7Ctkp%3ABk9SR-TXmbqYZw
Mens Distressed Brown Cafe Racer Retro Rider Slim Fit Moto Real Leather Jacket,Leather,£94.00,Free delivery,5 Mar 2026,1,Brand new ·,https://www.ebay.co.uk/itm/226522604522?_skw=leathr+jackets&itmmeta=01KK1T6DBQ4PJP0DHVKPJ17H46&hash=item34bdcca3ea:g:udUAAOSwmalndOZf&itmprp=enc%3AAQALAAAA8GfYFPkwiKCW4ZNSs2u11xBvBbunuvLiHU38zjRcEZWbPQTpBOs1P5kS%2BSC8TrjROSu748EowxuqHkXSDaVfW1ZuHc1kD0p819O2ifjC5F%2BHc2sXeoqsU6sc7GrUwofzb8qkIoyxU3%2BFrZhdBzMymv4iGKj%2BhrtbumqLRgoe7qoeTF7RbJGXsOUQ7XiZ2OxZO0l57TlDLcEBH93SAVcoGzNoNs7Q3IXKXlXeNrPKR7%2Fw3y48W1HtKWdqV1ktDWmGvrr1rFk8cfKQqAFpTBqHQxYp83Md2ltovnNpQks2pQZr2jKBiBPzzKpMBrCUB289Dw%3D%3D%7Ctkp%3ABk9SR-bXmbqYZw
Men's Blue White Yamaha Racing Motorcycle Genuine Leather Biker Jacket,Leather,£134.99,Free delivery,5 Mar 2026,1,Brand new,https://www.ebay.co.uk/itm/275931058189?_skw=leathr+jackets&itmmeta=01KK1T6DBQSEG8W9BCTGXRMBVN&hash=item403ec5d00d:g:uZwAAOSwY-1koWs3&itmprp=enc%3AAQALAAAA8GfYFPkwiKCW4ZNSs2u11xDOkzi1l93t8q2rFmksiaBVCL1yO7L1A8p1aLKuiezNg3rfbJEMJfe1s9Evhp4Qe8IFCkv2XtnLvDCnJru7jdaHm9KchlUkvKN0WB9DgMVIkNQ10EhwvkFSKNjb8JyM3zlE%2F9OLo0CdxtGncvMOK9sjp7qFY%2Fa7qQn6mryU5m1VR11ObxezfITGXzLY2xnCf7PctB5qOujv4BZVKCpp--iS4PH%2FAiUtmdd6tUoG9otQ3av7vh0RuBvyECE0SUkFx1nU%2F7evAiIYPJ50Z0Nsd0fcOMe0CcxsOsHGSJKsH43DTQ%3D%3D%7Ctkp%3ABk9SR-bXmbqYZw
VINTAGE Womens Leather Jacket IT 54 3XL Black Leather IU10,Leather,£8.69,+£1.95 delivery,5 Mar 2026,1,Pre-owned ·,https://www.ebay.co.uk/itm/157601669366?_skw=leathr+jackets&itmmeta=01KK1T6DBQF33RRBTXT666QH7M&hash=item24b1caa0f6:g:BW4AAeSwtQZpYKH4&itmprp=enc%3AAQALAAAA0GfYFPkwiKCW4ZNSs2u11xBgRBJL3Zh%2BNjxxUl%2FaCvVXLRH7r5k1jWfgTi0t4rKyCXlw3gk8oKnDbMSvjdOxsLB63tOEPgrcfKhfDvlrorqZFG5K6mFwAdmtnufBKZh%2FLM5SBSQ0nUSTYny8oJdTZ0KtuCxTooeQFYBMZAIPvEyu6SQCvtv%2FzTdgzWIbLlxvAXOhrafuEVKUhw6TKbs%2FFfxOlV6sszJ2PxAYYh1SpPbQAJCEBtOCIb80ahChz3enWQjsc9sYtMZwxmjB%2BsxiWJE%3D%7Ctkp%3ABk9SR-bXmbqYZw
Black Soft Leather Bomber Jacket by Dockers In XXL In Good Condition,Leather,£22.02,+£3.38 delivery,5 Mar 2026,1,Pre-owned ·,https://www.ebay.co.uk/itm/188117174319?_skw=leathr+jackets&itmmeta=01KK1T6DBQBHC9CVQ4ZQA51GTK&hash=item2bcca8482f:g:~xgAAeSw9rVppLN6&itmprp=enc%3AAQALAAAA8GfYFPkwiKCW4ZNSs2u11xCWys0ByBXJQlU1vM3h4klPbkeP45IV%2BpHU1eAOKbNj0bycd9mn8cgp9PgEFqLIWHX8GUwI6f%2FjoysPZse%2BzTmlvHA8Rth7mukY51LeD%2Bk8s4bxlljjNQSQkelrAz92NwSV4Rel63l1D%2FiPGRmbSGW2OmnNGhLxymlw9vskrpWqUuAcFDUpLXAkXNt2EjN2JTOCktcMj9NDyvSwZc3PVBvDWQJlf2N0qvVeoIA1WVVPpKJZzfsKmJEkh6qlf7qNJo%2FdXlMpACSmLAGuj2xuP6J2NmEY7nS2KfLdI7JBU1quTQ%3D%3D%7Ctkp%3ABk9SR-bXmbqYZw
Helstons Jade Goat Crust Leather Motorcycle Jacket - white - S - BNWT,Leather,£149.00,+£8.50 delivery,5 Mar 2026,1,Brand new,https://www.ebay.co.uk/itm/227003947620?_skw=leathr+jackets&itmmeta=01KK1T6DBQVBKEN6C35FSMHQ70&hash=item34da7d5a64:g:tnIAAOSw-FVnUEvN&itmprp=enc%3AAQALAAAA8GfYFPkwiKCW4ZNSs2u11xBDW4%2FbZWtKrIF5bWgmYEzIESbDTWkFI%2F7wHXJlKFQqEwOT%2FUKxTHSZ6P0M%2BdwCIlpwz6Fj64MajWmTkbYolD%2BQXBrqNiygUMvkKMiOD4gxk9jzSdspgmUYLpLxUuzwnIY43dN%2BwTu9tiXXY%2FXqHYLr6Loaz65l%2FMXMEbZZ4wdZduvsAwubyBvLk9AxiPIZvQ8%2FbRkFAbRuTX%2FgKVPjPPDeP2KZP5GJf7HNvv6TE5OoAaahP7JkJlPTGoHal9PwQnWYSbFBGtjk%2FNKqz8FkdiCvNwtSjaMOhxt%2BcG3WwD9zTQ%3D%3D%7Ctkp%3ABk9SR-bXmbqYZw
Yamaha 1.3mm Cowhide Leather Racing Coat Motorbike Armor Gear Blue Biker Jacket,Leather,£129.65,Free delivery,5 Mar 2026,1,Brand new,https://www.ebay.co.uk/itm/387059409174?_skw=leathr+jackets&itmmeta=01KK1T6DBQNHHHSTK2B2FT3NTN&hash=item5a1e89e116:g:KZ4AAOSwdH1mYB1p&itmprp=enc%3AAQALAAAA8GfYFPkwiKCW4ZNSs2u11xCKb%2BZ%2BMT75dnJtuSxKxchJ2JO67DJgZk7YJGPtWrbUE3B6Kz6zRo%2BC4lGCnPUPy7DumYxAAS9SauVDOOy4Fc0UH42N2uHW342XuLlHNcur6pCgynbatHgAGEC8gs6EPgGmBw9ng9G3BOWXsmFYz6f7CVM%2Be8zksznhGHp8F3cfOxhxb7sXPUMNfJdAhw9kBbV2cKMkL13PujtEmhwwpLB2v6tzo3sOmnjYii6zz5DoGCB9y2rXw5v5wGH6lgN2pukoXXlWzC3pwXqVWA1zETrcSo7O8hxBW6AOflXRLeCtrw%3D%3D%7Ctkp%3ABk9SR-bXmbqYZw
"New BMW Motorrad SRR Road Cycling Leather Jacket, MotoGP Racing Biker Leather Jacket.",Leather,£147.74,+£26.07 delivery,5 Mar 2026,1,Brand new,https://www.ebay.co.uk/itm/317070545505?_skw=leathr+jackets&itmmeta=01KK1T6DBQXN051EYJAW9B918P&hash=item49d2e09261:g:rDoAAeSw2Htobwn6&itmprp=enc%3AAQALAAAA0GfYFPkwiKCW4ZNSs2u11xBE8ehyOCGgVpUn1CIBcrjgxZLfEuyohzESgqMIbx5BKeZxWt4rxknSXGb1z4vgGJhqy0EKLgi%2FCOJGgviYQBzmNmfrIKBdGVJQ9i%2FqzjNmpWPIE2hm6X%2FMi2FODIN9I40owcxD1RDfGW04YIYU7GcmSPUqDIslmQksGpobFW0bOwyhRmIXvt63wgcpbmJrdqkdLUonUcCqPOQSJ%2Fo87h01jiwpE4MCXAqxKSVEMbM5HM21ayjAxWmcwsQ1k3e1fis%3D%7Ctkp%3ABk9SR-bXmbqYZw
Alpinestars GP-R Leather Motorcycle Motorbike Track Jacket size L UK42 EU52,Leather,£208.70,+£4.48 delivery,5 Mar 2026,1,Pre-owned,https://www.ebay.co.uk/itm/206101383636?_skw=leathr+jackets&itmmeta=01KK1T6DBQD7YVT37J4S7GYTYM&hash=item2ffc9989d4:g:FBkAAeSwwkBpoyQg&itmprp=enc%3AAQALAAAA8GfYFPkwiKCW4ZNSs2u11xDbTTXIlVsHa3Kb4xBEbh5MmzePnIJipsC7FpweqLMXwHaPp7z%2F1dvydIwlHvmqNMy71EMWQvcuAK1qbD%2FPpMaHKQs8J3FB47oolDW0zM4iojCeu%2BX2epfHIvaqGsivM3zmclM2%2FCkbwOK1njfjEDZvIQn7CD88twk0aPmTZJgvObURL3%2BU694Z0hjR66n7EUuUK7sv8Vh3tiyCLwov9J1YuiaMWiNmfNSJbRik4NRqCo6vWlm2afhB%2FOMNWuJEy3Wllt%2BSFk0cgVeY3bnzkExW9jS7JW3ewb9a4N7m35I5jA%3D%3D%7Ctkp%3ABk9SR-bXmbqYZw
Nicole farhi mens leather biker (£1395) new,Leather,£135.90,+£6.16 delivery,5 Mar 2026,1,Pre-owned ·,https://www.ebay.co.uk/itm/127412577826?_skw=leathr+jackets&itmmeta=01KK1T6DBQ2E1EZHQSC21ZMS53&hash=item1daa61a622:g:nm4AAeSww11o4TFn&itmprp=enc%3AAQALAAAA8GfYFPkwiKCW4ZNSs2u11xBxmh93%2BXRyZF77A2rclVEqt2zBQr2j8KGg8yjjPg7FKF%2B4%2Bmpoi2GPbskayuSz4KKOqh9inTfF5uiI33AULUFJqAnT%2FapB9z7rPcRtoU121UKVkn89ByiV2jVmpHkciXekRi1BdJNFI%2BsQjaKQorn%2BoLx%2Bh0wmZtrRRy8MzpTwb%2Bhgwm3meHbncehlttqJldThqXNRJfwZV0qEn%2FCWziDdAl4nM7E6v8pRfV3IKROjEAUZ%2BGd9BAIy2eeoQrFXJSS8m0mRZIFo96pf%2BZOzNfV16R5BtrZGGqJ5doKsIIkbMw%3D%3D%7Ctkp%3ABk9SR-bXmbqYZw
Mens Distressed Black Hoodie Motorcycle Biker Real Leather Jacket Removable Hood,Leather,£22.99,Free delivery,5 Mar 2026,1,Brand new ·,https://www.ebay.co.uk/itm/375955229184?_skw=leathr+jackets&itmmeta=01KK1T6DBQT8BXRVJ4ASK3ZK01&hash=item5788ad8a00:g:69wAAOSwTqZnmJdO&itmprp=enc%3AAQALAAAA0GfYFPkwiKCW4ZNSs2u11xDEHMfoEy01Dvf4XCX4Z6QdMqFF9Fgc%2FfFhA6wIUb1D4QJdOLdLXHcnNh1baDI67D7aiYD2iOdLSBhCCojHCk%2BJ56jOyAvnETND65t2k2hpCMjWsHvo%2BLNXaJ1%2BkMQeAzgWhkG%2Firw6S1EULWWSayEPOUIh%2FOtWxNDzQkZlu1qISp%2BoXzZbzk1%2BYGQvvOBVAA4aSIupNqbVgUWslAqi%2BqPmLdWxk4A4v%2F2BFSuMtCM936f6oZdNnXxijm3dj0CwYac%3D%7Ctkp%3ABk9SR-bXmbqYZw
Adidas Always Original Faux Leather Adjustable Sleeve Jacket Shirt 2X Curve,Leather,£50.62,+£2.94 delivery,5 Mar 2026,1,Brand new ·,https://www.ebay.co.uk/itm/205205905439?_skw=leathr+jackets&itmmeta=01KK1T6DBQ8KS42AHMQCR5BBK9&hash=item2fc739a01f:g:7mUAAOSwaF9lfZw2&itmprp=enc%3AAQALAAAA8GfYFPkwiKCW4ZNSs2u11xC42cN2sVdflC1maRGf6J8x2N5JZpnJeGZ%2BC86m0HEVqxCIfJIR5iQX44sy6CPRZWH625ByYEmPA8aO1VaBjvu%2FiakxQDJzADD3HZY2M5mjLhvUZd2nirvRrSzGOT0ZD4Ht8k80Cig0pD%2F9KnFLgmjmhHYPxX7oaodxRHSjngCAhy54xTUZeH5uN1U6YiXHZWeyptoSby2F76IAn9meEVs%2BHCxr60w7JK0DL7s3HulPgYgN001BjNosXFc%2FpSU1QdDWM0CkDW4S1AMzbvtPwj5%2Bs42ZRBihLs6ZjfoOq8Uqdw%3D%3D%7Ctkp%3ABk9SR-bXmbqYZw
Stafford Executive Men's XXL Black Leather Jacket Blazer 100% Lambskin Coat 2XL,Leather,£26.70,+£3.71 delivery,5 Mar 2026,1,Pre-owned ·,https://www.ebay.co.uk/itm/137080812797?_skw=leathr+jackets&itmmeta=01KK1T6DBQ8F92CVYAQZSW7KVJ&hash=item1feaa734fd:g:cbQAAeSwhadpov2H&itmprp=enc%3AAQALAAAA0GfYFPkwiKCW4ZNSs2u11xClJdJF4ryxE85SVEkYoTWpz8zC26fD%2FXKU%2BDiwWUxJYUgygVMQiAOmzFpfYpzHC%2FB3d1ZVoGvYh%2F7irbQUVU%2FoitieQwLDwktlS9jea9WgnITnrOFDbCKUt0eCdK0BYvwW1HplGC89EL7i5c5yceSqxQU9PatxK5O9p1toQOhh%2FeEXlRwl1Rq2G9xXSeIUuo94bitIQbaYWcuKt6vHwaCd6nDMO1qL%2BhwfqLnv%2FEjXIFR53LybHTCv1RyrXUJr2Kw%3D%7Ctkp%3ABk9SR-bXmbqYZw
Crane Road Motorcycle Jacket & Frank Thomas Trousers Large material not leather,Leather,£10.80,+£5.64 delivery,5 Mar 2026,1,Pre-owned,https://www.ebay.co.uk/itm/257118259822?_skw=leathr+jackets&itmmeta=01KK1T6DBQQXH8BZW68FZCG4XE&hash=item3bdd714a6e:g:2o4AAeSwRhpoqwBT&itmprp=enc%3AAQALAAAA0GfYFPkwiKCW4ZNSs2u11xB9FaNC6gQ2gQeiF4aB1nznqvdDpe1gcZcdEn%2BumMyA9lr55HsmEmfbDSDnMYFvZb0M%2FaQFozdMtFdltKvwQK4l%2FdcakpJm1uFdRTB1bO%2BLICY6tYldqRwXdIjLgObMSAA3H7VwMgRoz0QnMQdDBKMmW%2Bd1BFcFvW1WQJQWVbs8SH4Syk%2F2yWZXZIToYUfMGm6Hh5POLbm%2FltN8idTgV8%2FC4POPqYkl8c9y%2FFxqhVoFjue3mA3apQ3rWcsJ%2Fe29CJY%3D%7Ctkp%3ABk9SR-bXmbqYZw
Vintage Balmain Suede Brown Leather Jacket Coat Collared Large B2,Leather,£99.95,+£3.95 delivery,5 Mar 2026,1,Pre-owned ·,https://www.ebay.co.uk/itm/157592868281?_skw=leathr+jackets&itmmeta=01KK1T6DBQNGFX6PQ2AB3HFH4G&hash=item24b14455b9:g:EOUAAeSwWZdpW7uQ&itmprp=enc%3AAQALAAAA0GfYFPkwiKCW4ZNSs2u11xDiY7Wibn1hjzzIMYyn1eGDU64dsdeqywTzbTLkMNgV0peOuRf79YlM9PU%2Bi9XD88X%2BF4RKsOyEvGeVT3VsuTQK6GZLp2X3nODKrJZVUgo4NaSGY1iUwxAccWQg0I%2FXZr9JUpyYvR63C9igBnVGVk7zmgJ3PL4hLPQk5n1Yd8yrMyxvrEJRhRAhbdMf3jsy9RwyVaPsbNvrYWGogQB%2BC1XcFBNIP0v1I6TZXA1cqb2SZmT%2BjrRI%2FMXXToK74V1TUM4%3D%7Ctkp%3ABk9SR-bXmbqYZw
Autograph Jacket Mens L Black 100% Leather Bomber Biker Moto Coat M&S Retro Zip,Leather,£32.90,+£3.45 delivery,5 Mar 2026,1,Pre-owned ·,https://www.ebay.co.uk/itm/397580746991?_skw=leathr+jackets&itmmeta=01KK1T6DBQK2E73GZ6XBEYYQC2&hash=item5c91a8c0ef:g:wwIAAeSwG-tpheuI&itmprp=enc%3AAQALAAAA0GfYFPkwiKCW4ZNSs2u11xAzLme0ff2Z34CTXkwRdm97uERXwz6hYZHEC0VdthP6P4i0ewJQzLmJvHSyWcgk7vhDKmY8bkm1vgxirAGZe2VMjx0fPJrV%2FC9HbPw%2BBKrLhQ0gRQSW6ooMxHSPH3sQIr5bWmpp8%2BlGERLU8PK5YVNUc6rZIHN%2Fd3JZGhRg1UF6U9KBBh2nMTsPXphEjy2yqVgrX7UCccbLVd09YRaqaV9OzHWTwy7W%2BU%2Bj04oq4iA13uXHYtLs6K0UjYe8ICGNurc%3D%7Ctkp%3ABk9SR-bXmbqYZw
GORGEOUS & CLASSIC SANDRO BLACK LEATHER BIKER JACKET Size 3 UK 10-12 Dustbag,Leather,£109.90,+£4.26 delivery,5 Mar 2026,1,Pre-owned,https://www.ebay.co.uk/itm/406658261726?_skw=leathr+jackets&itmmeta=01KK1T6DBQZVVJXTBAHH2ZTG8W&hash=item5eaeb8a2de:g:iVIAAeSwUUZpfzdv&itmprp=enc%3AAQALAAAA0GfYFPkwiKCW4ZNSs2u11xAjIaXEzzGBx9wlM7uPNqwElyelfiAC8Z5B6vustOcGkb7zRkYl1uZysqse8D%2FSqZBmUFGU365lx7EjDwvwIeBA5QDnagJYF96GhL%2FwJ%2F525velHo%2BgWLMAB8tqAraaNmn1UIp9vOKX8T6NG4hWqA%2BWNdPHFxyTHFud5NZjtXMvVo6D1SmJMrIpPLoFuhZfUg4d4QH7TQybT1kvJiDC%2Bv5HzZD%2F7hlJR1G7OiruDi34FD0qDyWsmwntIRrBa3cf43k%3D%7Ctkp%3ABk9SR-bXmbqYZw
Calvin Klein High Gloss Rain Jacket Size 8 (XS) REF CB105#,,£29.99,+£3.99 delivery,5 Mar 2026,1,Brand new ·,https://www.ebay.co.uk/itm/297703402392?_skw=leathr+jackets&itmmeta=01KK1T6DBRQFNARCT31Q6HKHA3&hash=item4550816b98:g:9y8AAOSwixhmWGqR&itmprp=enc%3AAQALAAAA8GfYFPkwiKCW4ZNSs2u11xA%2Br95UmOave5pvIr3kCCgKfuJMw5rjUdB2q3jnWFUIaob%2B0%2Fsa8s82uyXr5drrs9DzNCgrASSFwAEddD5FU52E0c2t74rIdAcrlQZZHH1fTsUOc2FoydqZhi%2BvOMUMrl0RWemZWJirL16sx4nCUM69ClJAPUdw8u6SPo1AGWlDwvqr3%2BtvARIFpEQ54oeiKLwkJs37cL5%2FeBZK42KZpCYdWW0hOsK7dF7SEATw5qHasSNKgJSC5WRm7KZJauxWV7SA5EjZTBq4ABpIKVxMImabjsXjMxRPRDATBnzqEIeLww%3D%3D%7Ctkp%3ABk9SR-bXmbqYZw
ALL SAINTS Leather Shirt Jacket MEDIUM Black Mens HOLMES Celebrity Over Biker L,Leather,£69.99,+£3.39 delivery,5 Mar 2026,1,Pre-owned ·,https://www.ebay.co.uk/itm/306757316191?_skw=leathr+jackets&itmmeta=01KK1T6DBRK5YCJGWCSDD5VWJW&hash=item476c292e5f:g:Dr0AAOSwcbNnTvTY&itmprp=enc%3AAQALAAAA0GfYFPkwiKCW4ZNSs2u11xARWHLWQuYn5kBpH6rDV2Sh7nfCEhqLMbmBglpkbvsFwbAgn7GN8VyqhiGy2VyUA9f75akijjAy5b80m9h5DRWTCnGDEyS4UcCP0G1jMQsScb%2Fm8qiuuvLzyNMH7rSQ1p%2BbEiZ9u%2F7nXo0U9WyC82sFbRtT9hwPCFeadwyqCEMa0lMW2XrjCR%2FaaOvoLYPvHnXJDwW9EHGYwPHogeGZgMtaeHlfrCLocZIvcTnJpABRIaIk9e7eH3deMe%2FA0wOOtUw%3D%7Ctkp%3ABk9SR-bXmbqYZw
Ladies Petite Size 10 Black Faux Leather Short Biker Style Jacket,Leather,£6.00,+£3.38 delivery,5 Mar 2026,1,Pre-owned ·,https://www.ebay.co.uk/itm/277760477395?_skw=leathr+jackets&itmmeta=01KK1T6DBRMK6WTD7HQHY3J6ZB&hash=item40abd088d3:g:0yIAAeSwDI5pocJK&itmprp=enc%3AAQALAAAA0GfYFPkwiKCW4ZNSs2u11xBhgtnJQ7u8xY%2BBkTzkJiXOGKRFEwhzKkkumFZHqJACM6%2BQ57Ftx%2BVjm%2BubygKxBN2tpAFhrcZ7PP0UOirFZ4UYS4vKqjW830JCwTuMjsHYStukqA9UiLI%2BgIAFnj5LBUVWgyggMHXHPny1s9C%2Fh8YKTyZpVP%2BGxvvEi3To7GO3Hl2RsmxjbyKYDim38FdxPiy4599JkLRG6KPBQmeeloUSWxZqiHM%2FoCRgSoFbUzFkltCj1HgLlur%2Bt0mmIhnhD60%3D%7Ctkp%3ABk9SR-bXmbqYZw
Vintage Schott 684SM A2 Bomber Flight Aviator Leather Jacket Zip Up - Size 50,Leather,£109.99,Free delivery,5 Mar 2026,1,Pre-owned ·,https://www.ebay.co.uk/itm/389677876545?_skw=leathr+jackets&itmmeta=01KK1T6DBRFXQ654ACVABTFVC9&hash=item5aba9c8541:g:PvIAAeSwITNpLe8K&itmprp=enc%3AAQALAAAA8GfYFPkwiKCW4ZNSs2u11xDajfTMAgbgPeh2b7ZIgzlrK2rsjr4zC4XMJYTWL6R%2FKdiwUXpDpV%2FbplPSIjMBD1Ek4tXAnQn6NiWusvnSxMYwMiXqfy%2FaxPSp14VinbU8sSiZutXLZkCD2omZWrHo64MhBwaNwTs8zKl1RPUDeXicNXQ5TkvwEnEObabAj23V2QsflEBjtUzNB5vzEBIhwAKqGcIpX6bymCGZeWActIP1GwM3ebGVsIDqw2zA42WPqTTeQQSWnS%2BzJzxieOqTwFrxy07U%2B7UpH6Kx244GMd%2BpnD0t8kEEwYfoeGqh%2Fd0F%2Bw%3D%3D%7Ctkp%3ABk9SR-bXmbqYZw
EMP Black Leather Skull Embossed Biker Jacket Size 16 New with Tags,Leather,£52.70,+£3.38 delivery,5 Mar 2026,1,New (other) ·,https://www.ebay.co.uk/itm/236658570031?_skw=leathr+jackets&itmmeta=01KK1T6DBR2BGV4B968YGMEW53&hash=item3719f3332f:g:DewAAeSw45RpoaGa&itmprp=enc%3AAQALAAAA8GfYFPkwiKCW4ZNSs2u11xBbAsxGg7PJ0u5vB%2BNI6W1%2BWABeve5gd4auE4lpO2idhnSN9BeibXPg3h55H4ttfphzbpyHv%2BgYoPw80Geew4JZZgfT9SbxDuxj9GIjW6vQNVCKs7OpbNalXE51q%2FS%2FbOYaCDciptC50VdazXVJ8T5xyCvc5ZaErdkWlXNXpFD686aDL%2F9T3mRL7%2Bnfk2ZtfxvBYm%2FHXMsgxS8pyNbmtlXOn6eJJ6WOmgdzRKtpmRXTIRdb%2FieXwOILuOw0uUYt03kiLkoCqfIhBp1Vj%2BlgL%2BUzliLFiGtZrCjuVJIOq4rCrg%3D%3D%7Ctkp%3ABk9SR-bXmbqYZw
KIT COAT JACKET MEDIUM BLACK REAL LEATHER LINED ZIP UP VINTAGE CASUAL BOMBER MEN,Leather,£24.99,+£3.49 delivery,5 Mar 2026,1,Pre-owned ·,https://www.ebay.co.uk/itm/116929194903?_skw=leathr+jackets&itmmeta=01KK1T6DBRS2XET78EG17TEDY2&hash=item1b3985eb97:g:xJ4AAeSwAt5pIsvu&itmprp=enc%3AAQALAAAA0GfYFPkwiKCW4ZNSs2u11xBnz9NRnRRr0lOEEI1SeMUKDKa3MRkHKMNU00%2BThxK2rHxU9o5aVL5RKr0Bz8DEiZX%2FedO%2Bi5tg9sw1KTlskjmtlmqVVYt90%2F2AoEFfRMZTE27OTBNL0BTrmY%2FUCyRSl2QcKunFDCcGgAmYS38Xw9N3ChxUasfRev6zJPpYuounLoDGCXrui6cduhFiNGAWXOlyQkiAxc4g--AmtN2FAGuhzHg2N5kfFaM0KiC6nAxEIukzfkJz8L%2Bq5NDZGLR%2FNQ0%3D%7Ctkp%3ABk9SR-jXmbqYZw
"Cropped black leather look jacket with side zips, Zara size 8",Leather,£26.70,+£2.94 delivery,5 Mar 2026,1,Pre-owned ·,https://www.ebay.co.uk/itm/277723326262?_skw=leathr+jackets&itmmeta=01KK1T6DBRSZVMF64NJK4ZHR86&hash=item40a999a736:g:fE4AAeSwARVpjvdJ&itmprp=enc%3AAQALAAAA8GfYFPkwiKCW4ZNSs2u11xBQ82qK945r0ahdFm%2BR2dcqdZbrusDHHA1TMXh6PA3FeWi5fSg5nMak3awtiGQgZX7U1MvuNBoM3a1F5WnxbkMyTn%2BnisNgKO4z3A4duOs%2Btb6Sb%2Fc7%2B%2BsWJGVttbuh%2Fwt1FLvM6JcZABrWSMSBK2AVjPy%2BYkKLNmAPMkQ36ihGNXOJCaSDcUb3J9mV7viNIzHjwyEuOVvH0dsX7yQg2iN%2Fbx0OaUD7ee%2BovDCJMM4CJM4QhVwVcU7GT9LZy8u59X7ieocSHbh2VkFjnpeLaoUkpTJPgRzsv7vaH8ngnxrkQg%3D%3D%7Ctkp%3ABk9SR-jXmbqYZw
SS52 SOUTHSIDE SERPENTS BLACK LEATHER LOOK SHORT JACKET UK M EU 38,Leather,£22.99,Free delivery,5 Mar 2026,1,Pre-owned ·,https://www.ebay.co.uk/itm/306054743238?_skw=leathr+jackets&itmmeta=01KK1T6DBRSFG7YAF5EQBXRYHR&hash=item474248c4c6:g:06wAAOSwcqdiH3sy&itmprp=enc%3AAQALAAAA8GfYFPkwiKCW4ZNSs2u11xAzzkjrzAJBH9Ujhj%2Ft373r8siTYm6HQmFfaiNduOs7h8i07xMu6qlMCpcc41AYyrCLSEk7skdDB9anoRdD6%2BpZELGrW6xMnYCejD97S%2FRT7INrmWaUccX0fZDxjiQao%2BsYo05euzDfnPzS350%2Fd4ZfX2M%2BSJqSN48pySxGaLoePZIS3SbJg1Ekdvqv61gC9y6IjawjT5lgbnpmy1X5tl82KDFhkYyB4zPCFdNY1R1Qn8lL4hXZFNC5FvqNq7HCjTNT%2F7cd6Q%2BjMuKAAsds90%2B7Z%2BHOVUdwMQecTZe7NX5%2FhQ%3D%3D%7Ctkp%3ABk9SR-jXmbqYZw
Buffalo Leather Motorcycle Biker Jacket. Shoulder Back Elbow Armour. UK 46 Large,Leather,£31.90,+£5.21 delivery,5 Mar 2026,1,Pre-owned,https://www.ebay.co.uk/itm/267594393790?_skw=leathr+jackets&itmmeta=01KK1T6DBRR1W1T69DWR1H3S0B&hash=item3e4dde68be:g:w9IAAeSwn-FpqJ~L&itmprp=enc%3AAQALAAAA0GfYFPkwiKCW4ZNSs2u11xAOop9q9vP9LHxw4nWUFJtac6Pm1Epqwy%2BWl3FITMDvSyIXlI%2BrppDePDIjvW3Cv4MPE9Qm%2B2HwXVQD%2BwAn4w1VLTsXayY58uzg%2FNjcKevw3UzTeu%2BiCxQeAMzqlNQfh9je5vpbvOld0E6I5DY6HaeJFEusmKMn7hA1phOOksJB8%2B0MD2qhOTOeEF4Z5WbkjnyMfTIEXWBp3%2B%2BQYGno1b8HR75zlOeN%2BLB%2FCXdk52ELdt71%2BRpF6AFvtyi84IAwDlM%3D%7Ctkp%3ABk9SR-jXmbqYZw
BIBA leather Jacket Women’s Black Size UK16 #REFOF,Leather,£35.99,+£3.49 delivery,5 Mar 2026,1,New (other) ·,https://www.ebay.co.uk/itm/267592806120?_skw=leathr+jackets&itmmeta=01KK1T6DBRY447NPSCH2KSTQ5E&hash=item3e4dc62ee8:g:yOoAAeSwH85pprKg&itmprp=enc%3AAQALAAAA8GfYFPkwiKCW4ZNSs2u11xCGHM8HaCyFQ%2FU3A8ejU4v48nSjdbbdx5Nzd0dyTXaP5y8vG%2BIXa0IsAh2VCnRkM3ko3ehnspf4D4rD5JZ5RwiOY9ODq%2BZ%2FL9F%2BmRPh82BVg4ypOPd73ATdO0%2FRSRr5CzeFaVqGhJexFv3OH3DZIWiKvzBmk3AMXJ7ia48L%2FKbTiEwc96ZN0Xfbe%2FmC9Wnd%2BY2REIeCC3dH8AiUU4eGN1lKXLx0LxP3M%2BxfXyBzWiXLt1k88hJOeu8mPZSEhNc%2FkF2oKQ%2FIeQLf94IGKFjBxxgqshbyyXCjTomSv%2BbkW9A0gQ%3D%3D%7Ctkp%3ABk9SR-jXmbqYZw
Womens Allsaints Elora Real Leather Biker Jacket Size 6,Leather,£73.50,+£2.94 delivery,5 Mar 2026,1,Pre-owned ·,https://www.ebay.co.uk/itm/206109534854?_skw=leathr+jackets&itmmeta=01KK1T6DBRGGD27PV947ESX07B&hash=item2ffd15ea86:g:rAQAAeSwsA1pkeuD&itmprp=enc%3AAQALAAAA0GfYFPkwiKCW4ZNSs2u11xB2VRFZFAMUQBLk%2FJKK0Fn9gzvmELOautECOTkLZlvtaeXzZi4lNBON5OaPOs6rT4v2Qo9N%2BFMvz8uqsNPnhcx7OC0H6EnaMhO6odCDrjZ%2FfkrarWi7da6KHjfYB2tXaj5TiNHNIdoc%2FtMQ%2BdgdQzDrQdATmb%2BXBzCro9Z3u8600%2BQsKWnGfSGdNNNthg7a6AhmM8scX%2FTccvNaZYmIodjWZ%2BsQuTIoFbigcNcBJ2yyj9BSmByHhQ3MAq4%2FqX0yZjM%3D%7Ctkp%3ABk9SR-jXmbqYZw
Men's Avirex USA Bomber Icon Motorcycle Biker Rider Real Cowhide Leather Jacket,Leather,£41.25,+£4.26 delivery,5 Mar 2026,1,Brand new ·,https://www.ebay.co.uk/itm/168192759498?_skw=leathr+jackets&itmmeta=01KK1T6DBRJ40WKYHDQVFEP2GE&hash=item272911d6ca:g:q1wAAeSwXBFpoh7-&itmprp=enc%3AAQALAAAA8GfYFPkwiKCW4ZNSs2u11xC3zWAsRwBItC8Ga4TVOclwjImbTmaC%2BT6%2F7xA922pkvyhaYZ9C4cg9OY22ugj2dXJJA3P%2B%2BsSyj12VbUjRkANKwU7B2aoVfp752JmH7uTU%2FXNeRh%2BmGgI0aWsGAuUMPqAYpOOoqja1teYtkzFJX%2FoahnEoD2OLAMZveFcnaGYs4aiFio17NvHexOmFzMlYks2A1PId3Xf7sjCCaoPpNA4rv3ZJgh4rQ8cVStNQt5iW%2BdJKcProiR4o6h8f%2BrFxHQ84CfXM8uqwKW6smBrB1jjXldxtyNL9Gqx%2BgBPv1ix%2BmA%3D%3D%7Ctkp%3ABk9SR-jXmbqYZw
Seygrett Genuine Leather Brown Jacket Size 18/20,Leather,£10.80,+£3.38 delivery,5 Mar 2026,1,Pre-owned,https://www.ebay.co.uk/itm/205966349825?_skw=leathr+jackets&itmmeta=01KK1T6DBR5RBVV0CM9K6YNBQZ&hash=item2ff48d1601:g:49gAAeSwNOppV6cM&itmprp=enc%3AAQALAAAA0GfYFPkwiKCW4ZNSs2u11xClg8fqFRiunRHeMz7UGKfCRXfGTzTl%2FQxK5CZLXzGiBv%2BeZbq%2BxJt4v7BdhCPH5gp%2B%2BDLCksZnc16N5FfvYh6KrEunrlOumXMF19BeCIXQ0duArohINSQGtp9i%2BxVTF%2BtzgKNoGgZem5bcCWzVLh41ufYXeMyBW902TlomA5gfXalHhQ1ZNdrQgons6NDmTYBoVUVflRgKOhwGCapsbN7r%2FAGpqACiT39uld3Nzu0122LGNoBzTEHbtMO2EhoO8dg%3D%7Ctkp%3ABk9SR-jXmbqYZw
"Ladies soft leather Lakeland jacket, Pale grey, zip front, side pockets, size 12",Leather,£18.08,+£3.38 delivery,5 Mar 2026,1,Pre-owned ·,https://www.ebay.co.uk/itm/117064498903?_skw=leathr+jackets&itmmeta=01KK1T6DBRVY6JRZHYJYMJYN4S&hash=item1b41967ed7:g:6qEAAeSw3nxppILE&itmprp=enc%3AAQALAAAA0GfYFPkwiKCW4ZNSs2u11xBiF1aT2Oq3lpHmAVQY4EmnmvYHzSw2NxfGtabw6vT3n%2FtvR5maSEE088PqxRbN9G2ahh2lSFSkuJX%2FXRBZpSGH5xwJg4GSD%2BTJn8vCeb5eS%2BCbQJ6D9Xrtn0oLy1aNfFG33EWbOBV5RLujEifr8L7AYAIr%2BF%2BFdip0szitYroqmUTh3KhHW6A9I%2FH2cB6AAETro6RJRbB8yzT5tZcnIxK22fquT5HtcyCGGNM6PLYjGriHpFgW03NPtql9O3cINOs%3D%7Ctkp%3ABk9SR-jXmbqYZw
H.K.A Mens Jacket Black Leather L,Leather,£13.65,Free delivery,5 Mar 2026,1,Pre-owned ·,https://www.ebay.co.uk/itm/317797732257?_skw=leathr+jackets&itmmeta=01KK1T6DBRK37XJGNPHDVNK3BD&hash=item49fe388fa1:g:WwkAAOSwTkZnKfBK&itmprp=enc%3AAQALAAAA8GfYFPkwiKCW4ZNSs2u11xAD%2Bx7E4cERm7d1ce2ZvKTvLstYdCgz1DZlXbi%2B1KjwpyC6hcoA62zqV7InX79PWR459qTMw%2FifwA1QI5fJWpCk5HaXJu7AnxWXDxJZKWcxXNpIXOvH8cF7PAiupmt7yegHq%2BoEiZVx%2B3L3I8w%2BvZfuZKfky2L1V%2Fd9QKfQM1j%2Fm6d3nKm53HoPvhzMejKhRRFLSUI7w1QRaIUsDZUY%2FLU3Zs1dmt7Nh1aAhtby0xICb4Z3VVwbOvARYxdcGsYwXKHbl4FWUHufMoB6P0fRWX8Uu2tXCG4hG2GfrhpyzKJ2wA%3D%3D%7Ctkp%3ABk9SR-jXmbqYZw
Men's B-3 Sheepskin Flying Jacket Aviator -Brown. Genuine Shearling Size XXL,,£52.70,+£5.21 delivery,5 Mar 2026,1,Pre-owned ·,https://www.ebay.co.uk/itm/157709641278?_skw=leathr+jackets&itmmeta=01KK1T6DBSV8RPFMF48J4Y1HJF&hash=item24b83a263e:g:IpwAAeSwbz1pW-HG&itmprp=enc%3AAQALAAAA0GfYFPkwiKCW4ZNSs2u11xC3mvIXM65S1IZcIfJPLdGqpw52WwilZvKfX86Amp91Ff3XAC4tyRrYT7e8pD4FRUz5vzU7UMO3u%2F2tzn8rHSsWPN8jScKP9IOfp5ZhB9N%2BHrTNu05fbP8vtX9i0gQL0wm%2BshvS%2FM%2BN6YD%2FSVqQVgcOh587XfUX%2BQ9rftd8nA7EkYwRRSum6F%2B8KDX7g2Nbi0cuEa5vQx3Nz1XGhSTFHL5bzmURro73o%2B743BXgehJUVqjjDPKwl4n27Tu%2FORzPdIc%3D%7Ctkp%3ABk9SR-jXmbqYZw
New look leather Faux jacket,Leather,£9.73,+£2.94 delivery,5 Mar 2026,1,Pre-owned ·,https://www.ebay.co.uk/itm/114726923138?_skw=leathr+jackets&itmmeta=01KK1T6DBSD5HCSHPYYBYJ12SP&hash=item1ab641eb82:g:uD0AAOSwxCZgTn~i&itmprp=enc%3AAQALAAAA0GfYFPkwiKCW4ZNSs2u11xC%2F0InacBskyPsZV4xpCnduDM7K6pUN6UZO4AL0UN9gWNcmPv5efNp1%2FbSVHODie3k7qW6WngZq9WULm8DRdVEVTtb4EHKEA9VCnOf6ht93YBMSaa%2BnSWh%2FLGUaSRGk75ocy6id8YFyKz2Gqc5zT3nZQ08qoYBPxInMZNrDrLEZ1FTExdh694puC303ZFzFc0Ko0iVTCLzcYvk0aAjj%2FHkAud4RHsRwKYCKXq2EP53RQTp%2BxadS3THJ6OuuzS%2BB9es%3D%7Ctkp%3ABk9SR-jXmbqYZw
BRANDO Leather Jacket Black Biker Style 100% REAL Napa LEATHER BIKER STRONG MBF,Leather,£49.00,Free delivery,5 Mar 2026,1,Brand new ·,https://www.ebay.co.uk/itm/157690857902?_skw=leathr+jackets&itmmeta=01KK1T6DBS508MBAEBYNAZ6DW0&hash=item24b71b89ae:g:m0sAAeSwziJpldSq&itmprp=enc%3AAQALAAAA0GfYFPkwiKCW4ZNSs2u11xC5TCuLbaRXwBmWJYLXs%2BRsJL3zNuxWBkmUUARKLyuDUHNkEcgySRQOpQyQd1CYIlkyNcAEYyzLAX3qOPOJalhJEl6Mj0h9IzUM9YkfIdtZJtxomjBurL9oHDQ7Agg%2F9PRY7GQeGg9XaOJGYi6ccKY%2FfM5QcxLlwiN7t1Pq5R1z08cdjuHIaRq%2BCBcOh82fLRbpySKCg4zul10WjD8iIEq0dCGLbQT7o8SHfUrJDkVnXR2hpgbDra%2BvazPYse9oST4%3D%7Ctkp%3ABk9SR-jXmbqYZw
Mens Leather Long Coat Full Length Retro Overcoat Trench Coat Fashion Man Jacket,Leather,£39.99,Free delivery,5 Mar 2026,1,Brand new ·,https://www.ebay.co.uk/itm/226646601128?_skw=leathr+jackets&itmmeta=01KK1T6DBS0F102S1M279JVAXT&hash=item34c530ada8:g:PMIAAOSwUAFn1GUj&itmprp=enc%3AAQALAAAA8GfYFPkwiKCW4ZNSs2u11xBaX5cw2vYZ5oud9FaWl54pI5TGx1YLqD96%2FbXZqAq5s7SYPkym%2FXCUChZ8Rzr0x8LjAD3ThziHw%2F6o7I0gp0gYLRg9mDegl7I2tgx1nZlF7b%2BXDRz4%2BnkFx6iuHO1IWDWYIcM6lsRBNKt9wm1Pzjirm0QHJQKMEc6GtEMVeAM9%2BmUgYEt6C4Hu9Bnj5RM%2FS0JQwOWhCtMA%2BPbNr88bYBo%2F8AO4nck11zXw8kCWNIKTmm43cotpB1djjrt0l%2FkVsx%2B4HrH41xaUCJF4Re4u91UodzeAaYRvZJmmswzlhnDl4g%3D%3D%7Ctkp%3ABk9SR-jXmbqYZw
"Polo Ralph Lauren Jacket, Flight Military, Leather Wool RRL, Khaki, Mens Medium",Leather,£249.95,+£3.95 delivery,5 Mar 2026,1,Pre-owned ·,https://www.ebay.co.uk/itm/327025491531?_skw=leathr+jackets&itmmeta=01KK1T6DBSZH8GPBYPZ412G809&hash=item4c243cfe4b:g:eHIAAeSwc9xpo3sz&itmprp=enc%3AAQALAAAA0GfYFPkwiKCW4ZNSs2u11xBLKIYYQn0iW1MlHeEbD9dvAhqCMwRfqJs1LceKmLgLXX4SSzHQFl6wT0xPS4flDImExQF31Ugyofh7IBoqZpgPPsNYXiHfjqgYfcxT0xvbbhfMBuN6ULtvWeV3TgX9gAdPQDFBMsWElKMJKIti0MaBQXAABZ%2FHCy%2BG1d6PDrEboRHSj7hZmWoJry17R0Wnn5y%2B8qRH4nXmtPJHYXpUUHAZ9hbynZAh%2ByJMAfbISP0Nu2wgWuXPsjsmYWwUQ8Un9Gg%3D%7Ctkp%3ABk9SR-jXmbqYZw
Polo Ralph Lauren Vintage Leather Bomber Jacket Black Men's Large,Leather,£250.00,Free delivery,5 Mar 2026,1,Pre-owned ·,https://www.ebay.co.uk/itm/336461223408?_skw=leathr+jackets&itmmeta=01KK1T6DBS378ET11XXY2GY360&hash=item4e56a6d5f0:g:EOcAAeSwC-tpoaLj&itmprp=enc%3AAQALAAAA0GfYFPkwiKCW4ZNSs2u11xAMp0eYos2nM8ZctgmfIoZAdbWKkrQnAZsLX1cKeYKuJmMIA4kKLP7M5iVSJiICWvQX690HfVzP67fzHDY44zm8D5xpS91M6js6f3hb%2Ffu474MAYf1YTbYDlT1TwWnS%2FpimZIwX9PH5hRKV1YHmpRrP8q8qO96MKu0J1HSLFMJoFOzIJH3DZ1IQzhydKt7Bg5R7k6qxMAGeGzUvQiz3nglt%2Bs8fZqz%2BtOYH5tFPEJ3LMzncYMafa8gESt851cGqH%2F0%3D%7Ctkp%3ABk9SR-rXmbqYZw
Vintage Akito Mercury Plus Leather Motorbike Jacket -Size 56 Chest - XXXL- XXXXL,Leather,£39.99,+£6.65 delivery,5 Mar 2026,1,Pre-owned,https://www.ebay.co.uk/itm/358285818941?_skw=leathr+jackets&itmmeta=01KK1T6DBSZDZBAT4Q6J2MFGY6&hash=item536b7fbc3d:g:jgoAAeSwbQhpqGcE&itmprp=enc%3AAQALAAAA0GfYFPkwiKCW4ZNSs2u11xA67bMjnWr78U7m5ZmwDJOU0%2FDdnaJW92dlbhsdCSyKeJzp%2FS2OSxgoxv%2BegyYi3DMcVbewQuQwI2pXdV%2BM0gW98MrjzfVOJfxG3%2Ffg%2F%2Bb9xDo5kYqZicSesu0b4pjuikvIeQ1OG5NFaoC9Hp4DMh8lPhZ5dNqP%2FsMwhlQHXZGV6GJ3%2B0v1WSJkzAcYQZ%2F3ADs5195qXTLNJQ5izPC9lIYC4hl%2FtobzKbKPpjf1C8wd6lF8L6ixyxx6sKF9jartbdg%3D%7Ctkp%3ABk9SR-rXmbqYZw
Corner Womens Crop Leather Racer Jacket IT 44 Medium Yellow Leather DJ38,Leather,£48.65,+£1.95 delivery,5 Mar 2026,1,Pre-owned ·,https://www.ebay.co.uk/itm/157639959567?_skw=leathr+jackets&itmmeta=01KK1T6DBSS7SP1J1VYMH5RV84&hash=item24b412e40f:g:xowAAeSwL95peAG-&itmprp=enc%3AAQALAAAA8GfYFPkwiKCW4ZNSs2u11xB5kU42jpgiiWgSAENJbVseDYJNmSLvmJQWmuspkZCZL%2BoB8u2WJNur5wHeK2YWvAP59yK%2BSR8RSN2GJojNNHtmZhjw2TwsiSk5tWjTOJ%2FwNCFUobeSWIkQROJAi8R9WRbXHSU9coJe42ZEU4424WPc%2FWYPeJ%2FvpslOgFZDYEmlzZ0oSoEyToDvxyQL0DdLNu6lvaYdSJKIw9gjs2n288DnJeohQWXOh78bi4PKj1NF0e4ATHBGOF54J1%2Fge9xWgtOJJarsnWwd96x%2Byh8s%2FjegMc95mXEbrTH9ryjKxv6sag%3D%3D%7Ctkp%3ABk9SR-rXmbqYZw
A Women’s Leather Jacket Size 10 Miss Selfridge Black,Leather,£7.05,+£2.94 delivery,5 Mar 2026,1,Pre-owned ·,https://www.ebay.co.uk/itm/406726278207?_skw=leathr+jackets&itmmeta=01KK1T6DBSGPY406X7PK7BFYQX&hash=item5eb2c67c3f:g:dnUAAeSwFK5poeUr&itmprp=enc%3AAQALAAAA0GfYFPkwiKCW4ZNSs2u11xA52VN9dn%2B2ClSTvzNDaF0MyyUfnnVdc4lDUkkmUfGjwPNoA4AjG7%2BBrINsj6CuuscEWomRCSOhAoRxr853siAxYl8cB43pUezmEqYIFJ75QEJ9bC6UOUobyslyLmDPJT%2FPlDayNf0hLJKS21s5Pbrb5waoTVokSdU%2Fun7g0QaiuYPDKSkEdDIc1oKVStPVS990VbIGCrtjjSbh0LQDLRpBwoOeTaEEFDSkv6jYiJAmX3DrvAa1JZGOMUh%2F2GXeoiY%3D%7Ctkp%3ABk9SR-rXmbqYZw
GIVENCHY CRYSTAL AND LEATHER JACKET FR 38 UK 10,Leather,£195.50,Free delivery,5 Mar 2026,1,Pre-owned ·,https://www.ebay.co.uk/itm/285740797354?_skw=leathr+jackets&itmmeta=01KK1T6DBSHZJGRKSE5K5R2R5Y&hash=item42877a8daa:g:xSAAAOSwgqRl4akp&itmprp=enc%3AAQALAAAA8GfYFPkwiKCW4ZNSs2u11xD6Hufe0WiCi%2Bn9LQ4XapX%2Bt59etMIAIWBcsehdlqD7G8OStgTsVvmUJj9MynLiA4tUWpiSz1XHBUwzGlvh2LXI%2BFs%2BDdoy%2FvuhrcmLi3BshvsYAs1UmsbkMz%2Bpa7kUBgvQhyehpsTHh%2BPfT0Gaqx2xNIBchKaxb2p%2Bt61283mH7WDgL6UX9Ksk54PodaqEvukp3g%2BFpUMX9AMGr%2BE9GAHOUcsM9oKRG%2BBnOgvgIs7FhAVwTiW%2FZDGaGjIS4HViB3yqThNB3RVzeVJzNr%2FEyrW4DyV1S8PHE5fteSeX4T7npQ%3D%3D%7Ctkp%3ABk9SR-rXmbqYZw
RICK OWENS GREY LEATHER JACKET IT 42 UK 10,Leather,£241.80,Free delivery,5 Mar 2026,1,Pre-owned ·,https://www.ebay.co.uk/itm/257167924360?_skw=leathr+jackets&itmmeta=01KK1T6DBSWW3STBJJP3VSJ7HE&hash=item3be0671c88:g:NMEAAeSw1FJo97xf&itmprp=enc%3AAQALAAAA8GfYFPkwiKCW4ZNSs2u11xBtQ9ZzF4lZT64jWw1xL5FV3BwYaCe0OTuNLf5W9TxjzTfz0qM6vzFx8h%2BbyYzOe11n7qolartqos6QvDTV9dxJGhZLUf5p0EWf6xUW6H3XY2P7M2oPkl2ru83pkrJoL0Sq3ixJOOmttLZbEupLVrmHigU%2FiZgyqhC0T7c%2Fh%2BXAv%2FoO8%2Ff9RhozktcWc2%2BTpMQuVpFrTv5OSbDlYru9zyy9KkQ6cdSfLOvfZK1Pff6ApO30CM4%2B%2F4cVBmdEI7FtXoqNGB%2F36Ue%2F83RSDSCADVwikm0sPJmf%2BFGesrAT2Imriw%3D%3D%7Ctkp%3ABk9SR-rXmbqYZw
Shop on eBay,,$20.00,,,,Brand New,https://ebay.com/itm/123456?itmmeta=012DEW30YG0MEEKND7NH&hash=item123546:g:acwAA9KNiJowH:sc:ShippingMethodStandard!95008!US!-1&itmprp=enc%3AbgepL1tlUHjMGCVfSTGJh%2BzsVKeJ3CQk7NizDI4BZeppuFnmyS6Ijyp8lh%2FnEw%2BWqO7uTV1Q6izE1R0T54aV8j71F4xlWfVcGft4%2FiOQhtqVXA1rW6M1atPARQRmhqUxtEPJKhKtSFgI%2Bvwlzb0GwVCtkp%3ABlBMUObkmabpYw
Shop on eBay,,$20.00,,,,Brand New,https://ebay.com/itm/123456?itmmeta=012DEW30YG0MEEKND7NH&hash=item123546:g:acwAA9KNiJowH:sc:ShippingMethodStandard!95008!US!-1&itmprp=enc%3AbgepL1tlUHjMGCVfSTGJh%2BzsVKeJ3CQk7NizDI4BZeppuFnmyS6Ijyp8lh%2FnEw%2BWqO7uTV1Q6izE1R0T54aV8j71F4xlWfVcGft4%2FiOQhtqVXA1rW6M1atPARQRmhqUxtEPJKhKtSFgI%2Bvwlzb0GwVCtkp%3ABlBMUObkmabpYw
"Muubaa women's leather jacket, bomber style, UK12",Leather,£29.82,+£3.38 delivery,5 Mar 2026,1,Pre-owned ·,https://www.ebay.co.uk/itm/168149397793?_skw=leathr+jackets&itmmeta=01KK1T6M3H4VREHQ6K4BEYSEDM&hash=item27267c3121:g:5ZwAAeSwCU5piyHa&itmprp=enc%3AAQALAAAA0GfYFPkwiKCW4ZNSs2u11xClQvyUkJ4lNapuBhTwhqepoIpa%2BIqOa77xh7cmsp%2FpI%2Fh5c2p2yPmnqrEiqNNyLufIoajRJsY60lA2m8OH0wBWN1gUNApGZ3Hy%2FJww2ngqoTer7Q9%2BpR2Nfk%2FeHjkXy4OaE8u%2F1eUKjXw1s7iwJQoU9e6b38snPAz6h%2BnrGHelVLqQeL%2FNbXBzr6KFD79DBcXkBZvGzlZ94od6bVvXHaZc4beaDba2VA40EDl9Ty%2Fx5k9xO8593aV9rPNWGlc2iaw%3D%7Ctkp%3ABk9SR-TDmrqYZw
Ladies Black Leather Jacket Size 18,Leather,£47.50,+£5.15 delivery,5 Mar 2026,1,New (other) ·,https://www.ebay.co.uk/itm/336343147102?_skw=leathr+jackets&itmmeta=01KK1T6M3HDQ8PJHHWECZAX7KA&hash=item4e4f9d225e:g:gMAAAeSwJcNpPoGG&itmprp=enc%3AAQALAAAA8GfYFPkwiKCW4ZNSs2u11xBYi%2FKbFJAvRCitsAfCMsRDEwXkbZ7%2FxOjKw6OkSjA9G%2FqEq44lL4HhUQvZrlqQPpE2ceqxXeS0S8l%2BNW54dBwRRJ47WOC24khtaOOMSyI6vu35bhb%2Bl3DT26egl65XJ%2Bxa6qBiV0GOBIvlH6MQ9JdbmdTf7vj3mgDQsvI46OGSYZzvyxf4BmpKovxQ60y445zwdecZISqlgq5bkqhqWvxu7JicdAfeGQmC7h6VhBGsoWHGjySWOX1SxAUu8pYyPN1olkaLuFAh2c6NApUBoqD53VqqVOyQO%2B%2F7et%2FQs7shNw%3D%3D%7Ctkp%3ABk9SR-TDmrqYZw
All Saints Mens IRWIN Leather Shirt XXL 2XL Black Biker AllSaints Jacket,Leather,£239.99,Free delivery,5 Mar 2026,1,Pre-owned ·,https://www.ebay.co.uk/itm/267577123405?_skw=leathr+jackets&itmmeta=01KK1T6M3H0NZVC5YE83GYDSAT&hash=item3e4cd6e24d:g:qhgAAeSwxMFpLWlC&itmprp=enc%3AAQALAAAA0GfYFPkwiKCW4ZNSs2u11xDKKBFeq51uPpUdAASPBHH1BNIRzLiyEv6uFE%2Fkx8HV0NLdLFSMON6IB%2FnikklOigSAlop9Xv0vOZW%2F3o8RTLl8nDMBHWqoqn%2BihMCmZ8T13oMeQceKSnoGoyFBg9%2B4hbOIT7iQKPlc6E2yO9ZNrsYJNYdt7xnaWOYILPevlsiCgPe3bYK35QISTqLRXBSKfXlu444jd1sZf%2F4Rozw9xYnAHcAwUvw9QO1u41VkdbO5BxOTQVux4gKyANkcdJu0tF8%3D%7Ctkp%3ABk9SR-TDmrqYZw
BATMAN PREMIUM QUALITY MENS CE ARMOUR MOTORCYCLE MOTORBIKE COW LEATHER JACKET,Leather,£62.04,Free delivery,5 Mar 2026,1,Brand new,https://www.ebay.co.uk/itm/146682850201?_skw=leathr+jackets&itmmeta=01KK1T6M3H1DRCZVB6JAEY8FPY&hash=item2226faab99:g:F0oAAeSwJWRoY4Pd&itmprp=enc%3AAQALAAAA0GfYFPkwiKCW4ZNSs2u11xD%2B5FWUkduqleqPH9EMH7d2MlLQU%2FHtfI7%2Ft%2Bc9ZnZvvpj8OQMMDhsbkQQjXcs7sl2%2FEC%2FFTuvBcmJjdzS%2FwqT9finsqcmQG8PxX4EGtAffuK6DKTe6DIwuOQ9RD1qrvXEXgNJFbgHBERzKifSyuVS2bLU4oBEbAbTX6PcxQVQ3Oo%2BhGxdEsIg89ielCe9RKozCbfRdhUOa3J6uQCgr2YhYIqr4b%2FTeRoUWchUjvmrGe4ygo7ThPWi5kmI2C3zSgaw%3D%7Ctkp%3ABk9SR-TDmrqYZw
New Men's Distressed Brown Motorcycle Vintage Cafe Racer Biker Leather Jacket,Leather,£25.99,+£9.99 delivery,5 Mar 2026,1,Brand new ·,https://www.ebay.co.uk/itm/266301915562?_skw=leathr+jackets&itmmeta=01KK1T6M3HERC7HSZYQA1520NQ&hash=item3e00d4c1aa:g:EmMAAOSwUKFkjcP2&itmprp=enc%3AAQALAAAA8GfYFPkwiKCW4ZNSs2u11xDwxI%2B4VDjHJ85Veze3cuX1y0Q64yBdYQb0Uzi69WzJA0Bw3I4X6kADgWTkXfgMDgpcdVvdNfCJZj2CzV5lNBOuH0IdKJx5OFwIejpoYlZrDFJ0e3aqXJAc73a34B9obGOMG9%2Fxw0wKHWk6gaAzhHH%2FZJP1pUYL1xUk102dSXBE1InzD1qrnUXzIbbdX0GD7GEy5%2B9phAC8eecYDl%2Fa8BYvKd8dfa9wLGYfhafF0EhDxvZuPUDBsZSajhkPajQjNJoXMzN3oVpUlacE0th1gPgzNvUtjXbPH7ETis%2Fcj9QHDA%3D%3D%7Ctkp%3ABk9SR-bDmrqYZw
Hein Gericke Black Leather Motorbike Jacket Size 42 (Southend),Leather,£30.00,+£5.21 delivery,5 Mar 2026,1,Pre-owned,https://www.ebay.co.uk/itm/397238066891?_skw=leathr+jackets&itmmeta=01KK1T6M3HKBAXC1SMMHVB6VBN&hash=item5c7d3bdecb:g:qsMAAeSwrwppDgpb&itmprp=enc%3AAQALAAAA8GfYFPkwiKCW4ZNSs2u11xCewdeOIIsrBeheKJcQjiLzQrkiphWEy3OhhH6M5elYwM49KCS8KV%2BFpusEQoUJDbU5fQAzk%2FLDO86VZFGgkQAMhw9VDYDEkoEB76UCnL8AuxJptm4nK6XVl%2FgYZpSQ8W79cMbbg8aQwwsFSlg4FpNS26HOLuOHFx8sWzvWckxUlIK%2Bxa6IP2Ouc1JLKLuFkEdQept0O7Vysor8LbT1RAcJMMHRBlHwtKX5xUU3IGTCWAafa572hMzLakblt6lPB5myF0upIcD3ttobu7LZkR4kTeE7BwBZ71h94efkzQPWiQ%3D%3D%7Ctkp%3ABk9SR-bDmrqYZw
VINTAGE Womens Leather Jacket UK 16 Large Black Leather YH10,Leather,£20.92,+£1.95 delivery,5 Mar 2026,1,Pre-owned ·,https://www.ebay.co.uk/itm/157525787191?_skw=leathr+jackets&itmmeta=01KK1T6M3H5VW4QGJXB23JA6VS&hash=item24ad44c237:g:J0kAAeSwhxRpNB0R&itmprp=enc%3AAQALAAAA0GfYFPkwiKCW4ZNSs2u11xAWQMGBvV9MxM9N4Yl8G%2Bt2pXpbEMgZPh4xLOXkE4EG2qHNnLHumXiIeZL6w9%2FovACQ6Sp5b7kxVgwMUwkuqeKkE3dzQ%2BtXoGQoRTHibaUaUSGiRldTo2fZuYHgnpEoZjcFyuRgqZQJyDRbbqo0An2Sa%2B3KsgGtpIE2GirU7JLg2FE12HNDS7R78RfcDx79HKgf176tyVbZt1WmuzhXNLo%2B60rbLPL9mE6V4C0u7wcslZoUH1obGJ%2BqbEiCYRwO4JY%3D%7Ctkp%3ABk9SR-bDmrqYZw
Black Leather Look Studded Biker Jacket. New Fully Lined,Leather,£21.50,+£3.38 delivery,5 Mar 2026,1,New (other) ·,https://www.ebay.co.uk/itm/336442079442?_skw=leathr+jackets&itmmeta=01KK1T6M3H8QMDN9RV1GATXHTH&hash=item4e5582b8d2:g:DpwAAeSwIyhpltq2&itmprp=enc%3AAQALAAAA8GfYFPkwiKCW4ZNSs2u11xDv0bT4d6feYnHMySIcrFiSD9Lqxl3u4H47nTqeuJVlTphXlPglOEpCFZL9%2FoiNEYjbbF4qXquJKk--fWPC5g5uCg9MXaklAv2T36A4hTvJpmHHMy753PWB02w1OXKVH7JD%2FIT%2FXH2YHYUnn7nSgKya50HAmPUKLD1oKJuXfzxqZz77JVNUj%2FE7va9rQA8IICP8noKrUBc13w3P362LxUVbWurf5hnTpEf0wVbpCt7hHD%2Bkiu8jyZSeTEmGG2vs8AWh92m%2FDcoG0pNdWpzXQPKQ8JCSz47MESX2iEARrskkyQ%3D%3D%7Ctkp%3ABk9SR-bDmrqYZw
Asda/George Cropped Faux Leather Jacket - Size 16 - Brown - Fur Trim,Leather,£18.82,+£3.38 delivery,5 Mar 2026,1,Brand new ·,https://www.ebay.co.uk/itm/147169882745?_skw=leathr+jackets&itmmeta=01KK1T6M3H0HZC85X9N3N4TA24&hash=item2244023279:g:quQAAeSwCOppnVQQ&itmprp=enc%3AAQALAAAA0GfYFPkwiKCW4ZNSs2u11xAjby1640Ot%2FNZtROdvqiOHC%2Bo81s%2FY%2Fn2lZjRaUrXk838H5QioiCieMJhPO%2B6nhCHc6sMfcNUuHXFTjwimIUr0m6QJLDJWzJmyYMpsJ99%2B9uZKJYIByHvPbg3UsL%2BPV%2BRM%2Fg5W5ASp1hvterejlX5%2FKcNXMGSr9lr1CYWqUjSz2TopYlHsiC4Wb8Y1A9DayjIcEzLsAa6cLKEldL%2FeD4m1Zz3NEs%2BwJEEMzzBtD019WnWazFEbF62g6HFkbYrWx8g%3D%7Ctkp%3ABk9SR-bDmrqYZw
Men's De Leoni Light Brown Leather Jacket Zip Up Size 50 Made In Italy,Leather,£15.00,+£6.60 delivery,5 Mar 2026,1,Pre-owned ·,https://www.ebay.co.uk/itm/257191659058?_skw=leathr+jackets&itmmeta=01KK1T6M3HQB0FGCNA8YF3NJKZ&hash=item3be1d14632:g:WT4AAeSwo9ppChAa&itmprp=enc%3AAQALAAAA8GfYFPkwiKCW4ZNSs2u11xAhVXhYA3DgQHa8wB2hdwPq9XRxjBtatOC7f9KtoyiMSWoVV2Iye573P4VtLoUEDGLJOa4oFCyflh5ojEqLYoqFsgWJVIT%2BBogfzN2%2FuiVAJSEasYY9j7EomfSUdCTCnyxumRQP%2Fz8rjg%2B2dcvWvEvyMiGhO772hAMaFT1rm5lr0b8Ey722RMEdnfAlSgVF1%2Behy1cJGF%2BRnsp2OYZRlg4pPRoT4hpAGX%2FK5DPfMLNyuWNM7YjbVvyWgqj8L%2Fp38SIzQW0VpuhSa%2F9cy3YvKGhgUnpYvpceYRyYA3QAevAjBQ%3D%3D%7Ctkp%3ABk9SR-bDmrqYZw
Just Jeans Genuine Leather Jacket UK6,Leather,£10.79,+£3.71 delivery,5 Mar 2026,1,Pre-owned ·,https://www.ebay.co.uk/itm/236077758490?_skw=leathr+jackets&itmmeta=01KK1T6M3HQ4KCE54MANMXN43Z&hash=item36f754b81a:g:NhQAAeSw6rVoEO~o&itmprp=enc%3AAQALAAAA8GfYFPkwiKCW4ZNSs2u11xAV4Rcmn8uSs3REDMciFvUy%2FpzuvEahjq7np%2FswJDBpOSJvXw8d64zHeIzu8BzOVcbiZlBYvIDlLjL0rju4QgWHjwqHEvMJNozskjmMG8YBVtz1l28qsqedkv76Cg0Wdanv9fTgYl9KHAUuZb1Dh6CLMp3qoOKsJdgsbt3kP2m%2BFNgO8F0W3efoABG3CK6VIjDvdV%2F1y%2BFKvFg%2F6t7a6uCX7j0FlSR7BmGtNhaknsQvxa7YH7A3GGAF%2FhOg4ojeimpJxiJHYl11k%2F9BWCLvfGb3muJiubSBrLTkXvGzpbeTog%3D%3D%7Ctkp%3ABk9SR-bDmrqYZw
ZARA WOMAN Brown Sheepskin Jacket size L WOmens Lined Casual Outdoors 023289,,£55.00,Free delivery,5 Mar 2026,1,Pre-owned ·,https://www.ebay.co.uk/itm/317821577448?_skw=leathr+jackets&itmmeta=01KK1T6M3H4D1D8X9KXS0RJD5B&hash=item49ffa468e8:g:p6YAAeSwyztpfK0b&itmprp=enc%3AAQALAAAA0GfYFPkwiKCW4ZNSs2u11xCPt3tPf24Wtkfy9np6U9QdCWmTvwCc40FeGFqznWkrKfgUPJQ3XUEIZVhiiOZljlu5%2FbNvQjE0lwnouLaAlmNUp8zzsrGJAfKx2j%2BnrtR6FzK8u0Ki0eEyD3vGuj4853Al7b9QRi8QOXjpKZLKTivcmA1GqADbd6MvWYT0SKiSeHDTBJpEv3ZQDRO5YtiCcNxJVFqB1sdyLx2%2FGSVsPaYNs72SgHkNXdL5fzxBO29ypF99STigH2U4E%2BZn2deNRss%3D%7Ctkp%3ABk9SR-bDmrqYZw
ASHWOOD Luxury Blue Leather Biker Jacket size L Womens Casual Outdoors 019374,Leather,£35.00,Free delivery,5 Mar 2026,1,Pre-owned ·,https://www.ebay.co.uk/itm/317840209156?_skw=leathr+jackets&itmmeta=01KK1T6M3HQPRTJ20BXH52TCJJ&hash=item4a00c0b504:g:dJ8AAeSw9aBpgzwP&itmprp=enc%3AAQALAAAA0GfYFPkwiKCW4ZNSs2u11xC7QghGN4bsPN5tPHnE%2FIJ1wf5o1G7zGV9vKNqlafkqq6Ik6jz3InX4KK55vLRbofsX81qWlTF1y7PWALkARhI1TFgEhOqS2Gmg2STP7YtY%2B5AZV73tcYkOlY4mZlAMM0bEgm4zEmwxApxPPBDHklMg92KPfo7eyUNTPnRODHIsC9uk%2Fl1SeTNDgJGn1FGYNb64v5kGTZRkpC2MNHjyFJo3%2BzhLYiRz5pC804KV1mFywjxsS88EQOV%2B%2B%2FNjuTanpec%3D%7Ctkp%3ABk9SR-bDmrqYZw
Alpinestars Stella Jaws v3 Ladies Leather Motorcycle Jacket size M EU44 UK10,Leather,£193.10,+£6.16 delivery,5 Mar 2026,1,Pre-owned,https://www.ebay.co.uk/itm/205789013787?_skw=leathr+jackets&itmmeta=01KK1T6M3H7R2QF7J6GK8EP85K&hash=item2fe9fb271b:g:c4QAAeSw0pJo8One&itmprp=enc%3AAQALAAAA8GfYFPkwiKCW4ZNSs2u11xAFpnvseNPoY1llLUJ2e8A0YTCWz5%2Fbv6tQGJQArOeLKAOw73oZ2aWT1Q7UXg7Fc2y9LMMeSTf85hbnsnQzIFD%2F4F%2BQ2OlF5AUnao4Kg1Uvf3dS1i5Nk0u8N3F6u2sXdx%2FKmJKrcU7MPsSbgFrcX4%2FK8o7034HNuhEstl%2BNYCL%2BIaed1%2BDyP0ljBCxoIttkBijk972Ja6d8crhWwH5m5MYiQLLyTdhPvULCqvKechhg%2BUv443XgKNWERNGCOxOO6uKwOVlDlU9X2gU6E9LHR4ocowuyeXKdxuXI7XA%2F8g%2By8w%3D%3D%7Ctkp%3ABk9SR-bDmrqYZw
Destroy by John Richmond Ladies Faux Leather Jacket (M),Leather,£73.50,+£3.38 delivery,5 Mar 2026,1,Pre-owned ·,https://www.ebay.co.uk/itm/206094184607?_skw=leathr+jackets&itmmeta=01KK1T6M3HJPSQNQ9S7N48SW59&hash=item2ffc2bb09f:g:fswAAeSw5bNpn402&itmprp=enc%3AAQALAAAA0GfYFPkwiKCW4ZNSs2u11xBa4sSQtvCaEzxCo14k8MyM3KlOsUzqFYd8vRq019BFUdvSM7Bf3hDLOoBxKTkvP4fNk9wdn239Ubc1dVcZrdu--SKVMdR%2Fu0Bs3vbhjQiuknocda8inFSEuJRGqlq7ZcQ1blpkvN3m4HjSsc7QQoW6HwCPVAChBxJuK3EtZLkQYhhxHjSs9sSIGZVa%2BLWrZ9o81jXQoxMH%2FeOGglxpWbqzzkfcUJdiI2QlwgalCb%2FU1XGALLAMGSG9ltAvL1N3%2Bf0%3D%7Ctkp%3ABk9SR-bDmrqYZw
VINTAGE Mens Leather Jacket UK 40 Large Brown Leather BH15,Leather,£23.21,+£1.95 delivery,4 Mar 2026,2,Pre-owned ·,https://www.ebay.co.uk/itm/157666509861?_skw=leathr+jackets&itmmeta=01KK1T6M3HB2HGAE573YSC7HTB&hash=item24b5a80425:g:8asAAeSwFVlph2OT&itmprp=enc%3AAQALAAAA0GfYFPkwiKCW4ZNSs2u11xCTRHgnStwdfXUoN2LIUIIrTIozIgXUEGEthCwo4wQ30sKHnD%2FB4TXdQQx%2BrXkootusIr7cv8E7%2BTenVqir5qBgVOXBARxBd1AKp6O64mbhOsuh1ssRSpsxWPJi7%2BMpFeVhJV1DJ%2FV%2BZKgd0ufSDdAWAykS9v2jSd%2BhX8%2F5c073hrL%2B%2FXAMX6m7L6ODO84B6K%2BHbGAYC2l92PN0WwGuWuP3f6znyapAK4jwYJxZNAEZyUP4ibd5DyDGcZQhiR48ebU%3D%7Ctkp%3ABk9SR-bDmrqYZw
BNWT Ladies Diesel Leather Jacket Size L,Leather,£104.70,+£5.15 delivery,5 Mar 2026,1,Brand new ·,https://www.ebay.co.uk/itm/177045425607?_skw=leathr+jackets&itmmeta=01KK1T6M3HMPB374MGNFNXCR2V&hash=item2938bacdc7:g:ZvMAAeSwa-pox-h0&itmprp=enc%3AAQALAAAA8GfYFPkwiKCW4ZNSs2u11xAASTfR5R5DrtKYU%2BTyFKOeiQZ47kUy20An0%2BAz9IFHkMoTDBH2qNHG%2FDmwE6ybRcyKeFTkVRkisOhlDwMJtudHJbxituaVRp20jFOVwie%2FQbC6MXl7cD%2FZhiKBQy5h1BGSthkyI9TloL8SD32N8n5w5ZSFuAvwjJme9kvYfmFvPldFsSO36HhH1nOJhMXlLQKzYCCGFKcKcZWYKke3Jtvf%2BnO3BPucYiUGeMjxQOi4v8zfrNffEikwZd%2Bf%2BVU5H9%2B0Xe5gQfCsj%2Bu5crFKiTvNYo43j9guPpcbNVJ67SRKIA%3D%3D%7Ctkp%3ABk9SR-bDmrqYZw
Barneys Originals Women Clara Leather Jacket UK 14 Petite Black Biker Ribbed NWT,Leather,£79.99,+£4.95 delivery,4 Mar 2026,2,Brand new ·,https://www.ebay.co.uk/itm/287167995542?_skw=leathr+jackets&itmmeta=01KK1T6M3HBKGTWY7N0R40NG1N&hash=item42dc8bde96:g:3IAAAeSwJWxpqZ-h&itmprp=enc%3AAQALAAAA8GfYFPkwiKCW4ZNSs2u11xBlpfRnKxOvW%2Bw33p9HocguJDVBAcXGDhdU4SQlidG2iyGGA8uNquX4q1H0wy87WPlM0vCAEmiuXUlGAd8vA3N2Rt1FnxbXXSnl84Ip0vkO1T0VTqFg7qPIQjnSKJb%2FLJkogtQMjEgDr41mYCAOwrNFHorF4NtFC9O01cvHgcGy1BoUvDGBfS7PuD51CQTw%2F1t6icx7tAyNz%2FN25E8HrKtBHswtoJ3mVgR%2FeL3U%2BFnA%2BRmzehErkmBQqCxaLu3R4VSSjCyqMoaD1GDGX3oK%2BMeMOvskBubSU8lejj%2BOKtWP%2Bw%3D%3D%7Ctkp%3ABk9SR-bDmrqYZw
Women'S Biker Jacket Slim Ladies Faux PU Leather Zip Formal Coat plus Size UK,Leather,£40.50,Free delivery,4 Mar 2026,2,Brand new,https://www.ebay.co.uk/itm/357950914505?_skw=leathr+jackets&itmmeta=01KK1T6M3HD7X1KJ395X0JGCDM&hash=item5357897fc9:g:n~sAAeSw1x1pJygv&itmprp=enc%3AAQALAAAA8GfYFPkwiKCW4ZNSs2u11xA%2F1aV6uEoPCfaM9Nt%2BbamApCLjbD2K%2Fnf7k41PGjxMLFG3bksiQziw9bx9cNNGx2whQil3VSuwrHJhXRgdxgwHwOJ5G12Qui2pV0wmusqCQKXF2TbyEJx8RIWZy36LXQ4xjRR2pXTfF72WQYtfstjmj2lNnmcyvi%2BBXmXSBqv1YnH42UaTpv7Mq8Cun0djkO1DFX6OexXyW2NOR7%2Fx1Ytxf7x4tbnG9w1iv1bFDMILPiO1I6Vy%2FXHNcrmrs%2B2664O4ecOW9Hgk3pRSZo6fKbEV9aeWNbc8plJEQvu9qv429w%3D%3D%7Ctkp%3ABk9SR-bDmrqYZw
Super Soft Smooth 80s Style Black Leather Stud Zip Jacket Size 8 10 BNWT RRP£125,Leather,£63.10,+£5.15 delivery,4 Mar 2026,2,Brand new ·,https://www.ebay.co.uk/itm/334654484734?_skw=leathr+jackets&itmmeta=01KK1T6M3H9W1NTWN9ZSQCE9GA&hash=item4deaf630fe:g:~VgAAOSw0HtgV2Y-&itmprp=enc%3AAQALAAAA8GfYFPkwiKCW4ZNSs2u11xB3MnREd%2FZnAPWOOcB7kuM00G4pJGtcQPvPhpjP8ku0W9PWa%2BkNmGw09l5DdmaxEs%2FXtVMBQuizrOE0nfVYZXzyYcAONhIl%2BZzxOzHHyfhkXnZt2yIRvavtnSwHBrMhISJYugNWZRTm4uRpfUjfL9nj5Y%2BKGkzDCvRrG60%2FKdrza8Eld4wSl5zkc%2Bz392MyeJzuMTuXrzcNN8RsaHVMa8i0A3RCnb7rsdM8iNZPk2bwvk37iz0DE1gDj6b5GrTQEgndOLSwSgGHs4YY0D3wfSVwJUjwz1HEfgIhriKaHkhOWA%3D%3D%7Ctkp%3ABk9SR-bDmrqYZw
AllSaints Phoenix Leather Aviator Jacket Size M,Leather,£89.45,+£3.38 delivery,4 Mar 2026,2,Pre-owned ·,https://www.ebay.co.uk/itm/127658349517?_skw=leathr+jackets&itmmeta=01KK1T6M3J2FMRHRDVA256FA2F&hash=item1db907d3cd:g:~uEAAeSwAwBpf0EB&itmprp=enc%3AAQALAAAA8GfYFPkwiKCW4ZNSs2u11xAXAsRvmnhyMZx2qumXCnBVjIY%2B5GJiHalw4%2B2P%2Fpe4rF%2B0lKAnriOyQe8wujwKcl32ocTD346LaTeqADaEajf7FZ5c8nJLFZv%2BBikuFguzu23Ob%2F%2Bvv%2F1x4LYx2LqG62mSQDsRp8eSPBCbYau25qjJH6xu5UBh0CPGAIDc1JKDg7mJZsdRh1HPEgNksD59lgxMLnf0YkGU5gzdA8GhMCLhUufCKyvkeh3cwl0LXxw07IoA%2FF9Hb%2B2pNmSO2qrW60i3o6XHinlTWIGoWkyROeBudFOBfwEClOcYrVc%2BmxCkLQ%3D%3D%7Ctkp%3ABk9SR-bDmrqYZw
Women’s Faux Leather Short Jacket Oversized Retro Moto Coat with Belt,Leather,£29.99,Free delivery,4 Mar 2026,2,Brand new ·,https://www.ebay.co.uk/itm/406162637279?_skw=leathr+jackets&itmmeta=01KK1T6M3JQ9CKZTB7ZHX20F2E&hash=item5e912e01df:g:gBsAAeSwB9NorTHE&itmprp=enc%3AAQALAAAA0GfYFPkwiKCW4ZNSs2u11xBYncoNCsg1%2FL8yf16qOboexVaHNQ77bq5vRCMXG9UHhS6RCG%2Fuaa0AN5vUnLkYofC8zLceN48KSgif%2BRNGm379nulxCuq1O9cN1A%2FHmuS2ZcxXOZbqqqo0pW2PaHHZ398ZCeEsjqGEfXl14u4vbnembU8J0%2FuQVXby9g29Tt7Wre8VDhZUy9QR7w%2BmdQ2cpXjLB0VFo%2BMBrRcUQW0YUsi4dQd7CxzGSUFvVIUY2hYrq0vxVhqhi4vbYCHpeKgfY4k%3D%7Ctkp%3ABk9SR-jDmrqYZw
Polo Ralph Lauren Men's Leather Jacket XXL,Leather,£146.30,+£6.16 delivery,4 Mar 2026,2,Pre-owned ·,https://www.ebay.co.uk/itm/306783039925?_skw=leathr+jackets&itmmeta=01KK1T6M3J6R1MJKTS6TRXB10E&hash=item476db1b1b5:g:UG0AAeSwPudpmamo&itmprp=enc%3AAQALAAAA8GfYFPkwiKCW4ZNSs2u11xCqO5R%2Fd0b4SlGqJWHL4%2BkQkKNrofhtnILtSWXkpFYT0KtVuuwZKBMPGq3%2F9cdrLnovknbE8pC70XhX9c1yx3xhshCWuTfa1Gq9bHTzfa43H8fKt60lmqjLibmx28LpODYAfsWA2qZcZXmE%2FZ%2B4TyQQijxHLE%2FfE%2FiKtCWDdYQnV9roSn5Q07%2FGR1m9CtfnCxHNc2b3TWiDpefnXV%2B6uq23oLl51IlYev16woBuntQn%2FzpzBG9jixI6%2BksnRWztCbsRTwxseOS4i7OKK%2Frq9Jxew62E%2FWYgoaqIyG7cq64P7w%3D%3D%7Ctkp%3ABk9SR-jDmrqYZw
Atmosphere Women Black Polyurethane Leather Jacket U.K. Size 14 Biker Style,Leather,£16.29,+£2.96 delivery,4 Mar 2026,2,Pre-owned ·,https://www.ebay.co.uk/itm/168188205330?_skw=leathr+jackets&itmmeta=01KK1T6M3J6DV06Z3CPJBS5772&hash=item2728cc5912:g:ErEAAeSwt0Bo-Qph&itmprp=enc%3AAQALAAAA0GfYFPkwiKCW4ZNSs2u11xC9%2BCYGLHY6JufI2vPNPjM5k62hMxJFWtC5hnG20FyK5SrXhEZlFVJ%2BEHQVYlk6gwgu27dveZFh5OqrDQBuFRLvff1nOEqpm7C%2BklXZHRRyh1HmmsdCTXv26p5yZTgJl6SRbr0oWDE5FWhAgXrDXlVEHDIfLhUui1b8Izx9O6oghhZ8HyCegmb5BbcBCO%2F4golVsAEEcOiMFEmTd3OH82RzYZa%2Bb1iyHm%2Fs%2Ban8WqVepZNJkHAnKqHwr6o8xHInoTY%3D%7Ctkp%3ABk9SR-jDmrqYZw
Belstaff Archer Tumbled Leather Jacket brown Large UK40 It50 Outlaw Racer Style.,Leather,£220.00,+£4.26 delivery,4 Mar 2026,2,Pre-owned ·,https://www.ebay.co.uk/itm/137008197994?_skw=leathr+jackets&itmmeta=01KK1T6M3JRTCPP19KF7CBBRPR&hash=item1fe653316a:g:fLQAAeSwKGlpgSJN&itmprp=enc%3AAQALAAAA0GfYFPkwiKCW4ZNSs2u11xAx3YbSjgeXsbC17NtA8bSgX3zLSyYh1W%2FLN7sXHG74s4K%2FYLBXGVpMlYzOx8ECDPrIowB7pIcoGOSnTuaQ3IXkk9emeQbacMibcYomZ%2Be1SJelwIMmSps0WfCp0c%2Bl4mpXbyUOTpuWFc6fnqmKF7IU4zipZr4hpNhNWas5b5l2B%2FduAAM17U7L3mld%2B3odGJVMM--q9fMHpT38bTrxxFyWudjEU83oW9VPG%2FhZNn%2BaBa8wJ00op6dEE0h%2BFCIsSFw%3D%7Ctkp%3ABk9SR-jDmrqYZw
Gucci by Tom Ford Shearling Sheepskin Leather Jacket,Leather,£995.00,+£11.00 delivery,4 Mar 2026,2,Pre-owned,https://www.ebay.co.uk/itm/146307218224?_skw=leathr+jackets&itmmeta=01KK1T6M3J10Z3CRJSK4D77ED7&hash=item221096fb30:g:XYAAAOSwjphndEKl&itmprp=enc%3AAQALAAAA8GfYFPkwiKCW4ZNSs2u11xB48If9K05AU8H%2FCF7Nlotoq2MzdwTQZN%2BOqsjEGSSNvFvu5qOQUvRidKJN0CWoJJxgmDBpUVGmZ7OXHQerjulD8OOfa%2F6KmcQ988x42jdApFv8iTeFyh0yG8stJbrLayMaYEBeF5t8uvhsosiZFCxbWD%2BNuNlc7mxJ8XLZbPWak52jA0LXRYltPSb%2Fgt3PBUCexKtwIHKyJwuQqPsAeQ3%2Bhdxp3kgJVwbrnNuuRrvJDzCODyHHtEx8wXyR0odfnQPeKB%2BfPMmI4BdmVvfY%2BwWEEZjoloUIeGFDh2HSj%2FolKg%3D%3D%7Ctkp%3ABk9SR-jDmrqYZw
Ladies Women Black Slim Fit Biker Lambskin Leather Designer Soft Leather Jacket,Leather,£19.98,Free delivery,4 Mar 2026,2,Brand new ·,https://www.ebay.co.uk/itm/205768159807?_skw=leathr+jackets&itmmeta=01KK1T6M3JWYDQVJ25B9FJKHTH&hash=item2fe8bcf23f:g:5kIAAeSwRLto48ZS&itmprp=enc%3AAQALAAAA8GfYFPkwiKCW4ZNSs2u11xAxKjfrESg8Sx3VWtQkKsvSfzrmvqtFVrr1RBGiuJR4Y%2FjbmkJdKqqcvrlXaJId9cp6Rd%2BEdYRuFvI3VM1jMXQrKVW%2B3eLLjDAA3w8W98TZYMH0%2FYJgI2v2uJZRX9JjeWTRVuyl5d6btmtA3d0gTUsgFj5Ki72SAChHk%2FsXGUI96PKFo%2F5l54%2FWhMLL0pS%2BgzIxQykWx%2FPTuBcKL1VFYD3FvWJUABtHz%2BEcRLZARzdTYokA1pFh7VUlKmWvEa7GA4kDMmmhhc%2F%2BbD9mYYoEBzPknjJkretINfW23dtnk6egmw%3D%3D%7Ctkp%3ABk9SR-jDmrqYZw
RST S1 D30 Black/Black Sport Touring Urban Leather Motorcycle Jacket,Leather,£269.99,Free delivery,4 Mar 2026,2,Brand new,https://www.ebay.co.uk/itm/257308222983?_skw=leathr+jackets&itmmeta=01KK1T6M3JQBTK4VRHD6CQCXHV&hash=item3be8c3e607:g:72YAAeSwMcZpZ3L8&itmprp=enc%3AAQALAAAA8GfYFPkwiKCW4ZNSs2u11xCk6GYU7H%2F3twR6gAykGBusKYssn5vFyuEVDoqZmgU2qt4hKZo3EtwhmO3DDu05F1s6ZZAirrPFOFdcCfqpV2lJkLU37SPNvqUUGVbRi%2BkCM1QOpd%2FcvIIxl1gPuyt2o0qPz9qZ2NUp1KGlsDImAtunjn7RZBvmxVxt2UMRV%2BjRPitqYMHovq0Crp7Jh4vzmOWfGsRqPsnEv7sBz5CXJVZlIM%2BiGIFIHlS1JDv1SFnhcRsPUEDxieE4RSYhhvr7it2euAagi7Qe2KZKeq7AlPLYcyyQaeTTABlk5fVuvGl55A%3D%3D%7Ctkp%3ABk9SR-jDmrqYZw
Superdry Mens Suede Racer Jacket UK 44 2XL Brown Leather BN14,Leather,£25.95,+£1.95 delivery,4 Mar 2026,2,Pre-owned ·,https://www.ebay.co.uk/itm/188118221248?_skw=leathr+jackets&itmmeta=01KK1T6M3JG4VYKQD2N01BQG28&hash=item2bccb841c0:g:~toAAeSwAANpp43D&itmprp=enc%3AAQALAAAA8GfYFPkwiKCW4ZNSs2u11xDsuZAoaGy72BCv1VcEw4hapwVbKZpyr7LyCkJhS1%2FnJn3R6zVoSwcIlSNV2ty%2F8UJa8rdkJh1oqsJ%2FXNnw4lZYlefrDboi2NeZ%2BBbcoX739VrUqzz7G4JZszyrjxQ6CcW%2BA4UibUr%2FabVNfJpv9IlwCmaMQQ5UiE6iF2a%2BuLnvB9dFUQbbszCsxG3L6LdBsohznklP4EWlwR8jWyxE4e54PnxS5YBn4vPNufJyUiSzUwEgOb5K8QKNqFUrhDz2v2NQGcmgPkMmS6qImITBUQ%2FjfZ2Kz0X6M3zCB7RlTLnEDA%3D%3D%7Ctkp%3ABk9SR-jDmrqYZw
Mens Leather Jacket Designer J Wilson Biker Style Slim Fit Quilted Retro Vintage,Leather,£77.94,Free delivery,4 Mar 2026,2,Brand new ·,https://www.ebay.co.uk/itm/404999432753?_skw=leathr+jackets&itmmeta=01KK1T6M3JVH48QNM6TCVTZ35C&hash=item5e4bd8ea31:g:wYYAAOSwrz9mU0wg&itmprp=enc%3AAQALAAAA8GfYFPkwiKCW4ZNSs2u11xCxd5IwqE1bvyc6CTG4zPtF2WxdB1qHEiymncrCZrD9QLfk0psOJizIetYs%2FgBb4Yy0jpsA7AsB1enwjpGOBqdNBTOP2VX6DxhS2mhJ7p15zvjvPbBbD%2Bph3FkCFcliUP1twz5NTcgRzvxCi62tXTONdAUsfwULfm4PJMeX1GPxgAfSRUQghoPtRG1FSqDks54fxNiE8Dq5UOumJzQiq2lMTmky5SyEEhRfW2gdqsNt2j17%2Fal%2Btv2pwslu6qT%2B%2FHC0hStATXIlhk2JyEAlX%2FcZ4c4uvSNd2DXtT4F5eTPjRA%3D%3D%7Ctkp%3ABk9SR-jDmrqYZw
Anne Weyburn Ladies Faux Leather Bike Style Jacket Size 16,Leather,£13.47,+£2.96 delivery,4 Mar 2026,2,New (other) ·,https://www.ebay.co.uk/itm/147181073003?_skw=leathr+jackets&itmmeta=01KK1T6M3JYX9K6E5KS665PQEK&hash=item2244acf26b:g:vtsAAeSw5bNppb~X&itmprp=enc%3AAQALAAAA0GfYFPkwiKCW4ZNSs2u11xDSFBEr0bmV2lqGC5bsYOwoHkuWWsLhMtYNXkVf%2FqqHR0z4QLEepL4GL9PvVSGroUsUtXn%2BJCnSYj8JaGczs3JaFz6Q8QA9FmBaaBfNpvvjAymoatFWDEmE7puzjaDDszKXW9SYJprU3OFx3tuuzwEKeV%2ByLWPRQ05PZ2d%2FY6lV9WPMgQpDgBmE%2BP8PR5S9DxjpCeIYrtFyhf3%2BhVXwWCFyi8%2B9g%2BlmYAajtPWUaiuZsV%2Fx7krZAO2SLUTai%2Fg3GWI%3D%7Ctkp%3ABk9SR-jDmrqYZw
Bomber Jacket Coat Size M Black Faux Leather Unisex Oversized Collusion,Leather,£15.99,+£4.45 delivery,4 Mar 2026,2,Pre-owned ·,https://www.ebay.co.uk/itm/187932928512?_skw=leathr+jackets&itmmeta=01KK1T6M3JPBA0NSCD5XSJF05X&hash=item2bc1acea00:g:ghoAAeSwkthpYR6h&itmprp=enc%3AAQALAAAA0GfYFPkwiKCW4ZNSs2u11xATmKpLU1WnoERdiF8a8RKoeL%2BygmlrK8w1b48pDYDKuA7AfYpREk6aP%2BQJM8EgDPSX65PqeV%2FlA1rWsBlVUWDMm%2BqQLt1BAzhm%2BiHedDAx3taUIYMNvgsRH5rMBkyAmFM0pCWfEuKG9NA7JK2eIkcFVTJSPTj5GnRy5%2B23rxc%2FVFlhrd5X66CsFyk9zeCTNYCAOu6NxdHh%2Fa8x8X%2Fj4vqUJPu5HCpoW656JRiIKXbLBlol3Ym83Rjpt9%2BCnQ0pauk%3D%7Ctkp%3ABk9SR-jDmrqYZw
Mens Raf B3 Real Leather Jacket Aviator Flying Bomber SheepSkin Pilot Coat Brown,Leather,£39.99,Free delivery,4 Mar 2026,2,Brand new ·,https://www.ebay.co.uk/itm/168015996278?_skw=leathr+jackets&itmmeta=01KK1T6M3JKGP0MAX4BJJPJXHN&hash=item271e88a576:g:FMAAAeSw8xFpRaKp&itmprp=enc%3AAQALAAAA8GfYFPkwiKCW4ZNSs2u11xCCUvmQOl%2BKVw4HnE2H9XkdsRKDIeTVZZWRWkVaSnI6%2Bs5KMgwbxMfqnlIG3FYseQj%2FHm%2FCdXqeABcp9CNrrVhNvYMedEerEpleWG78qbGJ5cDvc0RpW1%2FVpD5ciMDxCYeYimFGIYUybPdcV1sMh%2FPGyyBfDgtAgyvzWJPKb3UslYkyM0XZFqLe%2Fb71txLBe2hjNgKCN4YmA7O%2BOQyqzGL7%2Bdra1qJnOmKTy9P3zBF9L9FHLl0nUHCzMMUwk0uGuTD%2FVK1L9XnMBWNvVCWbCg9vtGP6lFsxnlQg7VNiWlkeCQ%3D%3D%7Ctkp%3ABk9SR-jDmrqYZw
RICHA Mens Samourahi Leather Motorcycle Motorbike Jacket UK 44 EU 54 Black Blue,Leather,£10.00,+£6.65 delivery,4 Mar 2026,2,Pre-owned,https://www.ebay.co.uk/itm/147179354334?_skw=leathr+jackets&itmmeta=01KK1T6M3JA1YKQ2XJGMG13T7N&hash=item224492b8de:g:EiAAAeSwO8ZpdfFs&itmprp=enc%3AAQALAAAA8GfYFPkwiKCW4ZNSs2u11xDQvyTVNnLneqfbdThcNmlXTqvyOfMpZoTlbkKcCqOLf7MusduVokcIBg4DrIpBFuKLqlNArF8mFs6f%2BbafDHR9ytBb4a2fjZXR%2FtvbE7W1fagvzxY2iSLn0rL7bijzw8yScNQc864Yl%2B0VysBJ%2FUZ4wwt57k04ML5DRq5pbeFndMtkkEPwom4vb7BCmY%2BKV%2F7OKj95x0EBfH4DDC%2FEhuQhyMXLHDs2duwlP1j9%2FBJZbiIb7Er0b1vbM9Nz8w0%2BS9XixSdo4pUvu4JTeUSXGjCfQw0kkbQiAUR%2F2uXwkESScg%3D%3D%7Ctkp%3ABk9SR-jDmrqYZw
New Look Women's Biker-Style Grey Faux Leather Jacket,Leather,£13.19,+£2.94 delivery,4 Mar 2026,2,New (other) ·,https://www.ebay.co.uk/itm/306641412515?_skw=leathr+jackets&itmmeta=01KK1T6M3J9TGWHD2CD9CC24WP&hash=item476540a1a3:g:pHMAAeSw7QVpMMpw&itmprp=enc%3AAQALAAAA8GfYFPkwiKCW4ZNSs2u11xAhuFNfjFOZSm5lvC51iF4Pbvy924LNn%2BGlmEju87R7xRfR%2FX2YhkUhk--efrat3kwOxw56bV8UXMyuaqguwhuoZesW5xdNufIlGk7CCwo2pTZUc2eDFOfgGIGHuVd7sbXiyLtndX60W5ZNDlfOoGwBCPU1VGbHT1GvgZj1BLgDW3tyM5UnLKNeNppq3GXesWt3a0VQ5lWXI7%2BWSbgl3gukNVNp05mVqEZJ3RRCDKvJ1f5JpGd3YHo1uSkhFYRnfSLiR%2ByEcc%2BLTYW9cdMroYrLt8dfNEe%2BR8Fw9HaftgBAkQ%3D%3D%7Ctkp%3ABk9SR-jDmrqYZw
Men's Tobacco Goat Suede Jeans Jacket Trucker Casual Denim Leather Brown Shirt,Leather,£119.99,Free delivery,4 Mar 2026,2,Brand new ·,https://www.ebay.co.uk/itm/255974297824?_skw=leathr+jackets&itmmeta=01KK1T6M3JCT1Q8FRAPQ5ZYTDT&hash=item3b9941d0e0:g:HY8AAOSwg2dj56dc&itmprp=enc%3AAQALAAAA0GfYFPkwiKCW4ZNSs2u11xAxMILglL5rDvfc6WjLamcv6PMk%2F5VZlHZVrWLkAQ%2BhsV8vtzagcf1d9cDmX3gi6HF2T%2Bm1%2FiN4Ud0%2BORmy9588USnMmpnDVtfcIeOs9pstpx%2B7wlZUyLkqkG0Ne7O5vcXwmVtYy8JQbWqT4uSLqlzRk7W0%2BTkPYOnVJNB84rAn2jndhUE2YnQNJ3mIujoRQhIz2vq9nsStwVh78PuVwZW2l0nFsHv4EWFNinp%2FqbrJm%2BufVIDG1%2F7YEgHuDT25%2B7w%3D%7Ctkp%3ABk9SR-jDmrqYZw
Hugo Boss Leather jacket RRP£489 size M (UK48),Leather,£207.66,+£4.26 delivery,4 Mar 2026,2,Brand new ·,https://www.ebay.co.uk/itm/188045316337?_skw=leathr+jackets&itmmeta=01KK1T6M3JBQ5V2ZFCNSS68JC7&hash=item2bc85fd0f1:g:haoAAeSwR3Jo5pVn&itmprp=enc%3AAQALAAAA8GfYFPkwiKCW4ZNSs2u11xDCCwzjpm03A8lj6ghYev%2FDqQZYqDIPB8KsB7aaWVWFR%2BCJ9kP1iz%2FfXd%2FlKo%2BXTqP3axD9uav5FO09IFc7wQWI3Grf47K9W%2FoskFN2i2D6kxP9VI0GgoD1w4pickoS%2FdrRiXksUcXIvkzA6xjoDz66mXx3P%2FOda6Fw2u4O8njJNbbhQIDZkW3TtPk7%2BJmX7uCIv7sY%2BpkuINxdu53ZaabjSlGrftYvUprl7N8SGwvR0FQMlyD5SpAThagbVRkNxyrs%2BtPvPzUF6ysfVDNq4i59PIkVvwMwQRE2FNis0QSQog%3D%3D%7Ctkp%3ABk9SR-jDmrqYZw
Essence Womens Suede Jacket EU 48 2XL Brown BZ19,,£38.95,+£1.95 delivery,4 Mar 2026,2,Pre-owned ·,https://www.ebay.co.uk/itm/188119071116?_skw=leathr+jackets&itmmeta=01KK1T6M3JPRWASH8F2AW6J877&hash=item2bccc5398c:g:~XMAAeSwkONpp94t&itmprp=enc%3AAQALAAAA0GfYFPkwiKCW4ZNSs2u11xBczABNUjBg0K9WTDy7t%2B%2BSgb1DZVfp6QawVyTpw4U5FeSnTy6fYT%2BMSc5bCDT95SM4W6wbN4Dzzq%2FTy3d1Q%2ByJFvEC%2FGKFEpF4oeg9yIvg4gbgiOJDBDD0pCQILsLbv%2FP84AYgYwl%2BOe--%2BRwzcASJU2ehMkmm%2FqZhUZJ1erlnbxhNIW6Ok95n3y64sSVALN3GrT8gf%2BaHEPhxj1CMZhvjJ805j%2FsG4vhXKvr2H%2F5vt%2BgI8Loj5qSSuQDJ7xGX2wA%3D%7Ctkp%3ABk9SR-jDmrqYZw
Reportage RGA Men Black Faux Leather Overcoat Buttoned Jacket Size XL (0626),Leather,£10.79,+£4.33 delivery,4 Mar 2026,2,Pre-owned ·,https://www.ebay.co.uk/itm/306732480704?_skw=leathr+jackets&itmmeta=01KK1T6M3JDYYATV618HFHGPHW&hash=item476aae38c0:g:FXUAAOSw7qNi3n9Q&itmprp=enc%3AAQALAAAA0GfYFPkwiKCW4ZNSs2u11xAXVk1AMNTRhX74Asr0H10D%2BK5Z%2BoEw1kMhaSS87Dd07bs15fzP%2BapLVY0YQHTscMkAc%2FTpXUBK0hvx2y8k4nf3zAmBSQeUASn0fqzndPYowxhmoEvsrWmHKTCyQ7bj5QvvJnxT7B9m7EDM3aGZg4Vh4ruyB4RWsgBxKwNNVqIdoKQDSJD1CEK5DYHilzbOne6Nknij6krZTRiGCSjGbqFC2Y8YwdOBoD0uqxWOUuK0Mr76qI0ghJeCvu12s%2BXmVCU%3D%7Ctkp%3ABk9SR-jDmrqYZw
Hugo Boss Men’s Smart Black Leather Jacket Size 42.r,Leather,£82.86,+£3.38 delivery,4 Mar 2026,2,Pre-owned ·,https://www.ebay.co.uk/itm/157397361819?_skw=leathr+jackets&itmmeta=01KK1T6M3J38N4246TSVRDSWJS&hash=item24a59d249b:g:YBoAAeSwaDZo8fv4&itmprp=enc%3AAQALAAAA8GfYFPkwiKCW4ZNSs2u11xA1sGkJsZ4win8X%2BaYScQwhCrT%2B9k1wUpavRa62zCgUn4qnu%2BXlMlgTXKLBVh7LVmYlAdKRpznBEMWnMNw%2B8Kx1t2jktzSlv1XDLZ6S7RomsP8U4VVcM7wkJ%2FF6sz2JIcn7vxHL00ayC6sp8%2FExRN6STiBQwalawj36G1LGk2Bp6kcS3DH3oC9iWXJq2x%2Fh6Hm7FtTHPrSWXobX47Sx9ghlfYgRRSW04Pmet9GeI3GS58avSZefaDJjkAK%2FCtBHgQJqCk5EzdNRKPZN%2B7FayB%2FJEC0J85oyoG5bB559K4SzhQ%3D%3D%7Ctkp%3ABk9SR-jDmrqYZw
Skinz Vintage Real Leather Black Bomber Jacket Size 12,Leather,£37.10,+£3.38 delivery,4 Mar 2026,2,Pre-owned ·,https://www.ebay.co.uk/itm/366099839146?_skw=leathr+jackets&itmmeta=01KK1T6M3JKNR2MEWC0QPJM35P&hash=item553d4038aa:g:5bgAAeSwZehpWXvq&itmprp=enc%3AAQALAAAA0GfYFPkwiKCW4ZNSs2u11xCzulbr%2FZKyn%2Fwv2su3Sw4erKN9EE5X1M0aqTHWQ8Gl5VmlBmfFBcWKHRmfLocJ1bPchEruYsvV8rfuv2GUFxLTFLhvwYlDkDLGEQd1XDWAS9hQbaO6cUXkAaTkFJ9X4jaLrN1LpQW1sO51%2FfJ7NDBE1bNxgt6CJaGoBihsGRdEn6MrmkcmxX3Wvkeisskxhg%2BUp3mxDGKgi9ZCh3iZEFhMsYw0gWYGgUTVM6XEhfpBX2WF8RC1oG5y2PTv%2BNapRNc%3D%7Ctkp%3ABk9SR-rDmrqYZw
VINTAGE Womens Leather Jacket IT 44 Medium Beige BW05,Leather,£10.97,+£1.95 delivery,4 Mar 2026,2,Pre-owned ·,https://www.ebay.co.uk/itm/157648445904?_skw=leathr+jackets&itmmeta=01KK1T6M3KD8720184YS8MJSMQ&hash=item24b49461d0:g:lVYAAeSwcsxpfQ-H&itmprp=enc%3AAQALAAAA0GfYFPkwiKCW4ZNSs2u11xBhQwYHVR6ldHTSn5PoaZTkr7imHu%2BfxEl3r2DwDQtbmxT1j2tNubCtsoMKGK35x%2BWzKwo0nZ%2FT%2FiuC0bd4YJcmv%2BVtMFOnovwp%2BnJoEOb%2BxDfCnzw8bEHIZX3hraOQGVzOXFABUjvRBYOY7j%2F7reoYUWgDqhXK6B0gce9uoKfHa6I3zsQAc6YwudFEDpl6xvFhmBefF%2FIqMCkn5lrBFDgLSG9aV8WnBtvqrleCeTBjS8txxGvsm%2FrSI6qaGle9HiM%3D%7Ctkp%3ABk9SR-rDmrqYZw
Womens Polo Ralph Lauren Leather Letterman Varsity College Jacket Large Black,Leather,£199.00,Free delivery,4 Mar 2026,2,Pre-owned ·,https://www.ebay.co.uk/itm/147049048628?_skw=leathr+jackets&itmmeta=01KK1T6M3KF7F261DCAEZM47WR&hash=item223cce6a34:g:XxYAAeSwXcRpRbBf&itmprp=enc%3AAQALAAAA0GfYFPkwiKCW4ZNSs2u11xBtUUS0Ukzi%2FtnKcDQ7KZPl3G9%2Fwr4KzvYFpw0ecW5q4zEYDhxa6LqSz2gmKW6wXjgA0LGjDq0a7qO14vNg%2F8zhPXwrgSg6MXRv81jiwbU6Bd5B4b1FZTzxLxiDBHE9b1adQLprEih8if5IROUjHGLXfGSzszqtWt21T7Y08r92fkGjgKWTKa3mX1l2NK%2BpjZyWz%2BPvZr%2F0%2BX5S%2BeUoNGLGZ5FvT%2Fh7%2BOIwLY2kisMhgms5A2K0Pt2fHgLYTvkZ0qg%3D%7Ctkp%3ABk9SR-rDmrqYZw
Askadris Men's Lambskin Leather Jacket Dark Chocolate Brown Size M,Leather,£42.30,+£3.38 delivery,4 Mar 2026,2,Pre-owned ·,https://www.ebay.co.uk/itm/197880431669?_skw=leathr+jackets&itmmeta=01KK1T6M3K1RCT1YN52W1N9KDQ&hash=item2e1297c435:g:~4QAAeSwL75pHv4S&itmprp=enc%3AAQALAAAA0GfYFPkwiKCW4ZNSs2u11xBJu4R%2FMROaCfTuDyyD83tWTw51adUW83InlS5QsMNzDTEXfu2JWyaCPLnysKuHL0SkoPg4JYo0Esi5HFkSjgNhe27YPzuXLjhqhjY93W7dKzL7Gf6CUpljqSrE1Vw0LlxtFB0NdO4w9yyoP7UG8YjPIFdvMZa0%2BlygRsLbvIcNH0DEZt0ypQWIbYAqZiEzxOETgg%2FkCvDYHH8W86F%2FLBZoNCIKSKHYx4ZF8tCTnia3fHBr%2BJ3mcmlGM6OdC6QfCy0%3D%7Ctkp%3ABk9SR-rDmrqYZw
Men’s vintage leather flying bomber jacket 90’s size M,Leather,£29.82,+£2.99 delivery,4 Mar 2026,2,Pre-owned ·,https://www.ebay.co.uk/itm/168193798951?_skw=leathr+jackets&itmmeta=01KK1T6M3KRPXWBNEH88VNPDHG&hash=item272921b327:g:vPcAAeSwsQppotFv&itmprp=enc%3AAQALAAAA0GfYFPkwiKCW4ZNSs2u11xAlgB0W7yXYdSz%2BcuCNoq9e4%2F7pfMybC76LTtNlhp9cwnwh12%2Bf7N1XqerjyCjCUYAbCTcMqKdEoL%2FZLMReufWE%2B67MkzbGE1nIPxf%2B0ZYL5sFphp4dBoFNezTXP8p39ytosgCq0DIlbcBfycSTDpQthICOC3C6lKDkf%2Bw1e7R0lx0xWtg%2F2G2PKDjxSedHrEAPLr8PQIMyN1mfs5nLHC%2FUr3bKE%2FZnPBhloEp1ht8g%2BF16zDsBmdBCzbpwjO44mFk%3D%7Ctkp%3ABk9SR-rDmrqYZw
Leather SCHOTT Highwayman Cafe Racer Biker Brando Sports Motorbike Jacket Coat L,Leather,£172.00,+£7.95 delivery,4 Mar 2026,2,Motorcycle Easy Rider Bomber Bike Cruiser Police Flight,https://www.ebay.co.uk/itm/117049522963?_skw=leathr+jackets&itmmeta=01KK1T6M3KESZ1PQ9GSH39ZA5A&hash=item1b40b1fb13:g:iKkAAeSwbmhpmaQf&itmprp=enc%3AAQALAAAA8GfYFPkwiKCW4ZNSs2u11xB5MKrF8592SxKqolYbuBsaKfAx1MytMK0cghRInf9wG3BbvJkYR7jkHGJ5QZOg2tj31CszmS6GlVdG5YLNZ2kRAO%2FhyL%2FsMfKlzxU8Gju8PxNFcgPyRCZHvr8XC0MDnjdR4hgY%2FifiZ4uyQVa9i503dGKAy%2BHnNb%2B6Xu5rxm0nz6rvXeHelbYlkllPJWDzr%2FdslG1EavWyPv2NhjeEr4CHR5osZPOaSV7OipKeJqWKPepc8AonBBdy97xDq%2FLwlgGOTo%2F0plUoEymZZ8zFqYH9ilFMVDL%2BpUFuCBKA8%2B2jjg%3D%3D%7Ctkp%3ABk9SR-rDmrqYZw
Marks & Spencer M&S Khaki Mocha Real Suede Zip Up Jacket Autumnal Size 18,Spencer,£59.99,+£3.99 delivery,4 Mar 2026,2,Pre-owned ·,https://www.ebay.co.uk/itm/306615394616?_skw=leathr+jackets&itmmeta=01KK1T6M3KGSYC1CTHAJ328V2T&hash=item4763b3a138:g:HUYAAeSwXptpHwAO&itmprp=enc%3AAQALAAAA0GfYFPkwiKCW4ZNSs2u11xD7sm5fRquZ2uOo6lI3NSawAbDAkke%2FP0t%2FbykO%2Fn52YR5iY7TrU0hD1RJI5IX2Qi6jj%2FQ4k%2FYYew4jF33CHRxddWtkylnwk0acTRai4SQjaT%2FIyW8ftYBcNBABZjPbH2Qdo29QPJN056Z26V6%2FQib6jWWa3wZPthhd0hkO3GtWrVsPkzzg6fZDEPZxLAYiHyuCD42JoNOQRVQf7TeoEouCenilKVBja4ijZqJNdkbEQZ3hLAVl6h5LP5aAOOP6aLI%3D%7Ctkp%3ABk9SR-rDmrqYZw
40s WW2 GERMAN LUFTWAFFE Leather Police Officers Trench Dispatch WW1 Coat Jacket,Leather,£85.00,+£7.95 delivery,4 Mar 2026,2,RFC Motorcycle Biker Aviator Flying Tanker Military Pea,https://www.ebay.co.uk/itm/117049913892?_skw=leathr+jackets&itmmeta=01KK1T6M3KH68A5GQPMF52PF65&hash=item1b40b7f224:g:t8QAAeSwMT9pmu3k&itmprp=enc%3AAQALAAAA8GfYFPkwiKCW4ZNSs2u11xAek91C%2FSPWGPnbPqBiS1M987Rxk9nlEYxtFsZv%2F7PHcS3PYD07l7RNxjgBe9ydjqtKSjMckVEOmoY2DanOm%2BwvmY3A5ljlB9aBQQj1%2FtnVUxJ%2B%2F%2B89bYDf9R3qJne0iz4XofKCWkPOQVXQFXAbHFeeJfeK3UZ1KjmdjLmkoaHn4vyinzDuD4PJAHprIsVl6TP%2BtMLJWtc3q32PLbX7rk9--2QVLfwxUp%2Fz%2B9pIUnu23RGVIzJrQqJFmb6%2BjqHfdZfyJ4enAtWOioeYP3B92lVP7nvU9PV91cCnYNG%2BBViZoQ%3D%3D%7Ctkp%3ABk9SR-rDmrqYZw
M&S Dark Camel Colour Faux Leather Biker Jacket. Size 10,Leather,£5.44,+£2.94 delivery,4 Mar 2026,2,Pre-owned ·,https://www.ebay.co.uk/itm/188014222803?_skw=leathr+jackets&itmmeta=01KK1T6M3KEYZY7JF6SSRGN022&hash=item2bc6855dd3:g:pQ4AAeSwjNFn7QiW&itmprp=enc%3AAQALAAAA8GfYFPkwiKCW4ZNSs2u11xC6MUcpPRziUrVxP87Xc4RriegFdfqrucHGgaEJfV7ACTHvOnwnCESDKUbUH6wAMwb1khiI69mvoHp3s%2FiqsqmcE%2BKdAD%2F0YMN8wm8FFmemwWVgXarKkizauyBJDCOL4mENbA0V%2FVbTlJ8IYRwPsRY4KW8bEi41Oe5JGHBt12Vba4ut2sGAi0yGGeHB5CnzWmFSSqa6on2dzFbB7C4X%2F6lKSTCXAhnJmP33RBulXwYW1GwUd93qApuPl722KmJ45f4OIoFBM6Ue%2FENXF3GkNiaqaMP5LPvcc7tzJ8wDgnmAew%3D%3D%7Ctkp%3ABk9SR-rDmrqYZw
LEATHER SHEEPSKIN Shearling Flying Pilot Aviator Bomber Bike B-3 Jacket Coat WW2,Leather,£67.00,+£7.95 delivery,4 Mar 2026,2,WW1 Lambskin Trucker Flight Biker Western Motorcycle M,https://www.ebay.co.uk/itm/117049491841?_skw=leathr+jackets&itmmeta=01KK1T6M3KQ1AM9X0B4Q6F9V3C&hash=item1b40b18181:g:A48AAeSwh79pmZ1x&itmprp=enc%3AAQALAAAA8GfYFPkwiKCW4ZNSs2u11xBE%2BT5KC3TN74XuqXCmCIRzlyQJMW0aDs1VjpMMyHlDpJn3twJMl1XhKchDdmXpTYCH7eeMC1Uv4qTAar9DQjqWiU2k2A0Kv9jEtg9tXF2iwaeVDtWQYaXz7054qfl9Depz0wLRBj2lcRfLzN7bGNGjcc75uZOBcY4ID8uPL7%2BJvQYhARimpSupwr1QYPNyjO%2B5CiuP6DhVAb19FVaWqjkVEep3lWSvIkYSSOaHOpFwbeozKtrpebEReSTgE58bz%2BI0yI5TD2RgOyiOTyWPQVcBpGwlFdYngGxFsQF%2B%2BcujMg%3D%3D%7Ctkp%3ABk9SR-rDmrqYZw
"Helium Women's Real Leather Jacket, Size 10, New without tags",Leather,£31.90,+£3.38 delivery,4 Mar 2026,2,New (other) ·,https://www.ebay.co.uk/itm/257140659955?_skw=leathr+jackets&itmmeta=01KK1T6M3KD3C1DWCVXAA1TSCK&hash=item3bdec716f3:g:VWwAAeSwz~xo4bgx&itmprp=enc%3AAQALAAAA0GfYFPkwiKCW4ZNSs2u11xAoh2hTf3mCvgcqbPWKodmiONMVCT5tN1XHoMrG4XiH9vPQArgiFf3ei3je2a2ajosDR0h--U0cqrmAqid2DYPHBrKCW5nQhFwdfcrxLU9y6iQ1kSjrkZFp0RG%2BdMYrAELzX%2BnvP6sYXT9I%2BirqnqdT2CFKfoYPuDy5MVPWGlKImuTTmjU45FD7xqt3GFdPeSLmOkK4VsleRYuCTCpO%2BjPZ%2FYphg%2BskA9peXl0aOb4D365sDpTHpuFlb3FyaGguJKU%3D%7Ctkp%3ABk9SR-rDmrqYZw
Superdry Ryan Leather Jacket (Used but no tears in the Leather),Leather,£16.15,+£3.38 delivery,4 Mar 2026,2,Pre-owned ·,https://www.ebay.co.uk/itm/198134783420?_skw=leathr+jackets&itmmeta=01KK1T6M3KD7N0W1MJMXYKD28T&hash=item2e21c0ddbc:g:PmMAAeSweYFpnuN4&itmprp=enc%3AAQALAAAA8GfYFPkwiKCW4ZNSs2u11xBbd7vcUDXGGg0wpKEKd%2FdhFcXG6FPNrK7RPZIcqimKBYaXc%2FkYj3%2BYcPPt%2BuRz78kM%2BleDWwZr5rDgfe47S%2B%2F3R0ndtIC9IZ634hE7AVbRv%2BKeneLUtkk3fHEyktAN%2FMiU7RAnjwXtlSr3FyABfAZ1UNF1Rv2VijMaZnRUyDEp0RAS9JIAXJIrHGxyBgWVWOGKp7mdbwj7Gdw0VWvtSQ4AVJpEHn%2FSA0aeiI%2BKJcR4C%2FLAoMRz7vLGMs7ggwcxy1mNCPxcF4A3GiCjzcPXwbSoClZK%2FiVuj6Mth6M9vaqe2w%3D%3D%7Ctkp%3ABk9SR-rDmrqYZw
REAL SHEARLING HOODED SHEEPSKIN COAT UK Size 20-22 Women`s Jacket Vintage,,£26.00,Free delivery,4 Mar 2026,2,Pre-owned,https://www.ebay.co.uk/itm/397627845200?_skw=leathr+jackets&itmmeta=01KK1T6M3KDYK008NBBH649VDP&hash=item5c94776a50:g:iegAAeSwalhph0QN&itmprp=enc%3AAQALAAAA8GfYFPkwiKCW4ZNSs2u11xCA3i7p4dh%2FT6rFcfVw48Rn5Zu26bld9iIAujjSpIEqWJO0VAGWSKtBkDIC95lZFHTX7bfRTwITHPX8Qnnz7dzOIIN8D2tuTC7Tyj%2BiSmKdYArWPA6SRgp0%2FTPNHsWu7smEssfDoLC2x87xsc%2BVGkCV7ST67528ZC94iizAL5IjdsZ%2B%2BvzoRsELOF6yXZ%2BeKICxKeGrzBfCZr3aaXlIeVW7WlvdzAgDMcw2OpI%2BuN6HbYEtEApWGJwMqoZADZVsig96bQpYqO67LIUWP%2FN9G%2BZC1Y7QVAI%2FbuQHkB1z87DIZQ%3D%3D%7Ctkp%3ABk9SR-rDmrqYZw
Leather Motorbike Motorcycle Jacket Touring With Genuine CE Armour Biker Thermal,Leather,£33.29,Free delivery,4 Mar 2026,2,Brand new,https://www.ebay.co.uk/itm/177422577967?_skw=leathr+jackets&itmmeta=01KK1T6M3KZ86BHHD39CKH79YF&hash=item294f35b12f:g:iYsAAeSwNH9ozGO7&itmprp=enc%3AAQALAAAA8GfYFPkwiKCW4ZNSs2u11xDV8Az0eDtDjRJRTg5nuarOvLu5K%2F60qgNT%2BP6qo8WMOa89Te7qP5ruezFk0G2GtMURTc3VQFgQ0NKTd4cCjoLrxPI9fqC9XwOYCiI8VNgvIYt8jv2Rj6mHw%2Fv1%2F4VtZZQKRy9VDBC%2FTLqDS3sRuHsaBwbv0IFqRZmhwsaHXLndKo576a9f9ntUZWG%2B4wSBHNz5ZC4uHwIUm5x0UW1jx6paMsISLGB62yFgMKCAIsfGPOdoQNo55%2Bgs0XLN2mL4gNYeZ4BAPCgcANT7ur3j6fiNvZDlB4aYlW9vGt8wa6dzlw%3D%3D%7Ctkp%3ABk9SR-rDmrqYZw
HELC Mens Motorcycle Jacket Grey M,,£31.84,Free delivery,4 Mar 2026,2,Pre-owned ·,https://www.ebay.co.uk/itm/317777806700?_skw=leathr+jackets&itmmeta=01KK1T6M3K5ARFJKRKKKRDNTN9&hash=item49fd08856c:g:IpoAAeSw5IVnvfC5&itmprp=enc%3AAQALAAAA0GfYFPkwiKCW4ZNSs2u11xA44tBe0aibfiI5%2FTYpS%2F1Mo%2FihSxQ9RfWSGgh8%2FVRoW7c8kdYyjinocoK9CeTqS68Myi3J2gM9LqcC%2FpNfIcN%2Bb5JbJuUxY0HTucd8rk0K%2BS%2FWLpk6vuSl3blDLTN%2FCJKEL3j9RecsEetS0hGJ1xmxjnJSmal0PCeJixmeVVGi7nwFWX6xJW9taoN3wBE7DVULDayMWTFw7pEWMAyshW764pgQlqd%2BDBZveU9y%2Bbz7M5TaolAtwThJ9yoWBuL%2BbQI%3D%7Ctkp%3ABk9SR-rDmrqYZw
Womens Vintage C&A Leather Jacket Size 14 100% Leather Black Great Condition Lin,Leather,£14.00,+£5.15 delivery,4 Mar 2026,2,Pre-owned ·,https://www.ebay.co.uk/itm/157717242521?_skw=leathr+jackets&itmmeta=01KK1T6M3KHE0YPVHFZH7X0XSM&hash=item24b8ae2299:g:CCYAAOSwAMBnX0N4&itmprp=enc%3AAQALAAAA0GfYFPkwiKCW4ZNSs2u11xDiMwQDZYsRSpPOsKk6PqAVolqynm5Q81gNQEdxnOInZgjSmywxKPj51bTt4akAvtQDJwvqMk3gcS%2BcjqhSAwsFRd4WqDzkPZl7s955MjT41uxuA%2FdDSST9V6dArpqx%2Ff7UxJW2Vf4gjbAKP8GjJM9ypms7WHNdkvYeBDLK8ME2b9n2%2BhgUtRNFxNufU4L%2BSFbsOgZM3KmzrWihd4mQK9LjT%2B1%2B0Y9rKSH%2F1lfqbECz%2BItKjAGNRP0ww34F6el3kIU%3D%7Ctkp%3ABk9SR-rDmrqYZw
Trucker Green Leather Jacket Men Real Lambskin Vintage Style Button Up Coat,Leather,£129.00,+£15.00 delivery,4 Mar 2026,2,Brand new ·,https://www.ebay.co.uk/itm/146979479788?_skw=leathr+jackets&itmmeta=01KK1T6M3KCVJPB05DH9HW2YST&hash=item2238a8e0ec:g:1nUAAeSwusNpIOcU&itmprp=enc%3AAQALAAAA0GfYFPkwiKCW4ZNSs2u11xD%2FMypNVJJniMW8f6Gm0BzqTwy1qERA36V%2B42SLQKS0pZbLBXGGyV3Dq1VcdwDmLT9S8i2TFhpY3RgKiTmQq9ZmG6OmpHQVFW%2BRrLnvqnBI2gqRioVAzNq%2B0BFtiuOIRKBkIJHiX8YnssxlZ8D2YbSceE4ZE9TjUGwHySW7XXDTGPpqy6oOT5KgdtvvkgzqAKpCW5yAir8Zxqa%2FBivbmmHc5AlWrASrqEe8QR81kuy6xeIVVabGjgjGc79ASZChkPM%3D%7Ctkp%3ABk9SR-rDmrqYZw
Genuine Leather Flying Jacket Mens Extra Large Black Vintage 90s Bomber Aviator,Leather,£38.00,Free delivery,4 Mar 2026,2,Pre-owned ·,https://www.ebay.co.uk/itm/317871771891?_skw=leathr+jackets&itmmeta=01KK1T6M3K9MJ4T4K34H0NKWXY&hash=item4a02a250f3:g:~gUAAeSwHkFpjcPx&itmprp=enc%3AAQALAAAA0GfYFPkwiKCW4ZNSs2u11xBBKPIJZMJGdj1mg0G8ZscuYan7MnDAy10Rr3ZRij9qc39d45jXjGv5hcsU55ngDFDI2VzLnAkXUSjghvuJW%2BA0POC1lELqjbX50Re9iIuPraD%2FGQKKbUQ09yljlJ6rKApodWCBejx4dkTjKRaq7ZDgEFtVEy0lbw7f3lC10iKzyEx4Y1MgV0SO2YeUR%2FqiGffwxNHZJ7mRjoxlKLecy%2FJE99DdTZfBMdYykVVJEOl0M1b8PkGUJEU%2BV0LtXL%2FFQFs%3D%7Ctkp%3ABk9SR-rDmrqYZw
Chevignon Vintage Leather Flying Jacket Size L Colour Brown,Leather,£83.90,+£3.71 delivery,4 Mar 2026,2,Pre-owned ·,https://www.ebay.co.uk/itm/397603859810?_skw=leathr+jackets&itmmeta=01KK1T6M3K5EAESDDEAH6J3MEN&hash=item5c93096d62:g:MGgAAeSwtydpjxuX&itmprp=enc%3AAQALAAAA0GfYFPkwiKCW4ZNSs2u11xBauagEYDrZ8ZjBcgFqfkgx4CKevk9t58m1R5CnHG5vqxN%2BVU3XjJETulp%2B5X7ovjvM9yeYMCeCAJLyOANStO6JLatHPUOkyY7xD0wY4hdXCqDf%2FEWcZMcDL7QeaTzWcKaDH22X5yIhAIFs4n2d7ojxyxlTGWsrNmDdj2iQDX4zP%2FdgXqYDHRrgnZQw4LagDOoTus5pdobFe7MDuBbkeVwJPv7bK1oMkN%2Fz0rAz%2FMPn%2BCwvd%2Bbkb3xXxVuRAZ%2Ffnb4%3D%7Ctkp%3ABk9SR-zDmrqYZw
RALPH LAUREN PURPLE LABEL Suede Leather Shirt Jacket Tan Men's Size M,Leather,£205.20,+£3.42 delivery,4 Mar 2026,2,Pre-owned ·,https://www.ebay.co.uk/itm/267586482631?_skw=leathr+jackets&itmmeta=01KK1T6M3KF6TZSQTRMFH3N3EH&hash=item3e4d65b1c7:g:pKcAAeSwYN5pnvg2&itmprp=enc%3AAQALAAAA0GfYFPkwiKCW4ZNSs2u11xAAapTk9fnh01d5I1obOXse4lJn8GJC1qiBEAWHOVbEMCwnVfHKDlv7I3xErm33t8hXDgkp6pbbhLW%2FGFdRHq%2ByqxCQJmepem3pGixOkkLHTRMTkMB%2F9nsbhFZeiFCE85SibSZCx00HJCpmkk1Er4OU6bGlAvynG0owQ7aFmyYi2472XZBwsuB1JWjE1896%2Bv5xCpvoxSuM3bGtOwzcg0YNSUwbZt9d9C9LnWxyc768o%2BkNimsD11aGEHYH4tjw%2ByU%3D%7Ctkp%3ABk9SR-zDmrqYZw
