title,price,condition,date_sold,url
Shop on eBay,$20.00,Brand New,,https://ebay.com/itm/123456?itmmeta=012DEW30YG0MEEKND7NH&hash=item123546:g:acwAA9KNiJowH:sc:ShippingMethodStandard!95008!US!-1&itmprp=enc%3AbgepL1tlUHjMGCVfSTGJh%2BzsVKeJ3CQk7NizDI4BZeppuFnmyS6Ijyp8lh%2FnEw%2BWqO7uTV1Q6izE1R0T54aV8j71F4xlWfVcGft4%2FiOQhtqVXA1rW6M1atPARQRmhqUxtEPJKhKtSFgI%2Bvwlzb0GwVCtkp%3ABlBMUObkmabpYw
Shop on eBay,$20.00,Brand New,,https://ebay.com/itm/123456?itmmeta=012DEW30YG0MEEKND7NH&hash=item123546:g:acwAA9KNiJowH:sc:ShippingMethodStandard!95008!US!-1&itmprp=enc%3AbgepL1tlUHjMGCVfSTGJh%2BzsVKeJ3CQk7NizDI4BZeppuFnmyS6Ijyp8lh%2FnEw%2BWqO7uTV1Q6izE1R0T54aV8j71F4xlWfVcGft4%2FiOQhtqVXA1rW6M1atPARQRmhqUxtEPJKhKtSFgI%2Bvwlzb0GwVCtkp%3ABlBMUObkmabpYw
Montbell Dark Blue/Navy Down Puffer ‘EX800’ - S,125.00,Pre-owned ·,Sold 16 Mar 2026,https://www.ebay.co.uk/itm/376968867045?_skw=montbell+puffer+jacket&itmmeta=01KKWFRCP4SPFZ2ETMQDD6CFVA&hash=item57c5186ce5:g:~RkAAeSwemNpgNsy&itmprp=enc%3AAQALAAAA8GfYFPkwiKCW4ZNSs2u11xBZPvKKvpgOVWUdFuyyRrHcIMyY1ExNfZPzzs7ZfhruNFUPOgb1lr3gJ3Vgn%2FFgi9MuKkP0uXtNu4DFk9ezugcoFec4SQJp%2BCH31PuGtt3DZUJnwjO9Vg40zry4vLIWLkZjal%2F5RE7%2BPBJY3antZe6ZZ95Emf3XBZI18g4PBpbkk7ykxahNYkY2QV9tlcErnOWaihFuBxznA7S5yilSZG1mQlhOXCO68h2kyZAnYq2SAkNfdIBEnim248lX2w16%2FYSoYHWNEc39oWN%2BUpirQXorqd1%2Bea69M0Hyj60YXOnFgw%3D%3D%7Ctkp%3ABk9SR8TL4Y-fZw
Montbell Plasma EX1000 Ultra Lightweight Down Men’s Puffer Jacket Size Large L,104.70,Pre-owned ·,Sold 16 Mar 2026,https://www.ebay.co.uk/itm/236689733964?_skw=montbell+puffer+jacket&itmmeta=01KKWFRCP4KRXNNZNVR2BD4YPC&hash=item371bceb94c:g:G5IAAeSwfKFptqpI&itmprp=enc%3AAQALAAAA0GfYFPkwiKCW4ZNSs2u11xALj7IHK0fOwdGF4y4O8o9ZrMVSHg%2BeW7g6Y6bUXOtboAQB9xP9%2FaE9v8evoXz14vQ2jAPxAYTw97Pnb1%2BBGbWKjGRl%2BHemr7HK2P9KkGwK%2FAOPAAGzu6tcbFEN4LQo0ElC4aU5sk8e0nBm%2FIQSk5aFpaLIT99uPCH9IFgGGQLofDFLx2SO976NqYLPGZL7yUk4Pc2BCAFzIC0%2BOM7U%2FU3WrlZDBx3csucvmO84bszOSFL7GCuBxCXtiiC4bCg2ajA%3D%7Ctkp%3ABk9SR8TL4Y-fZw
Montbell Mens Down Puffer Long Coat Red Size M Miss Hood,47.00,Pre-owned ·,Sold 16 Mar 2026,https://www.ebay.co.uk/itm/157677441785?_skw=montbell+puffer+jacket&itmmeta=01KKWFRCP4NJ9FVDHZVGW3TK41&hash=item24b64ed2f9:g:KQUAAeSwz6xpfLQZ&itmprp=enc%3AAQALAAAA8GfYFPkwiKCW4ZNSs2u11xC1DH5DEtLP%2BMzVw89wBHxPhdDyHc%2Bj%2BCtW0LD2QAJs%2FfJtbxou51EtlZqs%2FlhzylciFnHIJ3Gs6oGUUNgdK2A1weHqh76tn91zczhzzUvyxFVNEE3gUqm6gVq4yHTDSC3SWbuACGHEGzXLLEZEIV6wbWsOQ9JiXb5RV5fqXmln1oi%2FN%2BiceqMmGL7amSDNIa15XvzcQe%2FTCxIRFY7x3nkWou%2BxR5Cp6D6dVaVNHgVuhDAxWe8--%2FFIEfHKkTLyF8%2B0DI5Wr7LOJWEpIEDzGqpQ2Z3dPJlT0pDe3wmUdj17tA%3D%3D%7Ctkp%3ABk9SR8TL4Y-fZw
Montbell Men’s Lightweight Down Jacket – Size M Dark Navy – Barely Used,31.04,Pre-owned ·,Sold 15 Mar 2026,https://www.ebay.co.uk/itm/298101492643?_skw=montbell+puffer+jacket&itmmeta=01KKWFRCP4FM8GMHFCB01CYP48&hash=item45683bcba3:g:kHAAAeSwUappraig&itmprp=enc%3AAQALAAAA0GfYFPkwiKCW4ZNSs2u11xCSskayQ1QEIJ9wEUAEfpeP1jmkpvITNFjA%2FGKXjKK7JIElJXs2D0s3S8qfpTUiHt1gV%2FJTCPTqA%2BNMVDGW5%2FalCbR8WJxY7pqOS43meS0ao9zhm99b%2FYNcAzgGwt74506hZLV%2FPLHJJ7iGVhahmbZ6P5J1fqXVx3NfhiKMZDW1SqwmYLV07zjd23m9QZUmApP3LI25eJHNW4cAjmGNaIaJbP32Aq6RjKtHNy2DGzk3XGuer3H4Tj3uavGJTkP5pYU%3D%7Ctkp%3ABk9SR8TL4Y-fZw
Montbell Alpine Light Down Parka Puffer Jacket - Brown - UK Medium - RRP £320,89.10,Pre-owned ·,Sold 15 Mar 2026,https://www.ebay.co.uk/itm/198166532097?_skw=montbell+puffer+jacket&itmmeta=01KKWFRCP5T3BTXFGCG8WE0E50&hash=item2e23a55001:g:ZCwAAeSwRaFpc1HB&itmprp=enc%3AAQALAAAA0GfYFPkwiKCW4ZNSs2u11xBce2x%2FgaY9YlHzn%2FcAy6%2FtOzzzKn7d9hIFNLuOxvxYnWY787TUq6I38mIyQAx%2FWmi3VKMCHawi3rFRVHb0bp3Ih%2Bvp54UuDYcVCxwMg9yxscyPt7MUa8rnYZw%2FvPGXgZP6puRfCdT5a6p%2B%2BzV3X%2F5FyCd%2BFOD6YqXvsgzb%2BKWW1doJKmQmTtelPN2NKrgKOudr0qjyYzSjqLnnxc6f1DJcX40hJvAoKeaLEUZRDdR6ZdXVdDizvQyn3rR9xfvT8tU%3D%7Ctkp%3ABk9SR8TL4Y-fZw
Montbell Men's Puffer Jacket Size XL,54.99,Pre-owned ·,Sold 14 Mar 2026,https://www.ebay.co.uk/itm/317985538603?_skw=montbell+puffer+jacket&itmmeta=01KKWFRCP5VNMY8P4C5DPZQ9M6&hash=item4a096a422b:g:LGYAAeSwKL1psWMC&itmprp=enc%3AAQALAAAA0GfYFPkwiKCW4ZNSs2u11xBGbXxuSScf3dm%2FTKGzePqC8DXf3lOg15pUrpitoHUfnf5dMKy%2FrV95DR7yL4ZP6kNkfSHAQdeDSi%2FrRs2ea%2Bm8wfq%2BQY7uPnkbV5FzC8rGk1PJj%2F4Fq4FsFzdAQjrneofbuk2ROvHh%2BY2qPzkzRDdGKGM0JRmPZBmdIOrwMPM5BaoHwdpbbC8v25ug7pqciR0ToaYTVSSTupz0pq21cwnu85zrQQRYHc1OZBm6UUqtfwPsth1NKTIpzscOgMh%2BhEw%3D%7Ctkp%3ABk9SR8TL4Y-fZw
Montbell Men’s Puffer Jacket Size m,73.50,Pre-owned ·,Sold 14 Mar 2026,https://www.ebay.co.uk/itm/177884425192?_skw=montbell+puffer+jacket&itmmeta=01KKWFRCP5J8QQG796AVA1V5CH&hash=item296abcebe8:g:6l0AAeSwum9pmzRq&itmprp=enc%3AAQALAAAA0GfYFPkwiKCW4ZNSs2u11xAln18feXpx5zoEqcegeMdFyXB%2BUmsogi7LvO2X6hdcHGKmppNq1emjydy1vVP9aoMVc7HQdNkOsB8CAREZV5rQJqCPoo9%2FIiEzUMq6HuP79O%2BnBQ0rLGOGu6VBKgTabaB8RVDjt8c0YTpPNdj6qQdaQq3CHtTSuhYHJZnobwcL6agjpxaeX11qk091pBNzD6uy6DmZb72Vinx3kwolHv8qMNUCx87haO5Y2hWflq68MCsFiivQpbMD%2FqHH88fcKbM%3D%7Ctkp%3ABk9SR8TL4Y-fZw
Montbell Men’s Hooded Down Gilet Bodywarmer / Puffer Vest - Size L - Charcoal,50.00,Pre-owned ·,Sold 14 Mar 2026,https://www.ebay.co.uk/itm/358298765958?_skw=montbell+puffer+jacket&itmmeta=01KKWFRCP5PTM5QDBD2BTJCXX7&hash=item536c454a86:g:89cAAeSwd6FprEwq&itmprp=enc%3AAQALAAAA0GfYFPkwiKCW4ZNSs2u11xApj3RjQJLSSC%2BM%2Buc90Pr3Xkp%2BCLA%2BlC8DcAPmj2%2BRkd3TlfeYycctCW162dBBbaRJ1DsPyiURaiS4N4afee27qOLPlr3nqYkUTjh7Bvb9yNvm4xt1Q4ggZ3l82aGR1nqTbn1q1R45psrCYTlwul%2FnvmDin46%2B8d9jWioIKBk49lBoKWGWtrr8Hti4QN2GdfkflzYSKBC9cb8UbUHznxqbTPXaN8Pe%2FHNh%2FKFwqJKgrqJcLNiMVdnFNdqN%2BGnuJdo%3D%7Ctkp%3ABk9SR8TL4Y-fZw
MontBell Ex800 Jacket Navy Blue Size M,78.70,New (other) ·,Sold 13 Mar 2026,https://www.ebay.co.uk/itm/366177697294?_skw=montbell+puffer+jacket&itmmeta=01KKWFRCP5FEMWA9HACS3N2X76&hash=item5541e43e0e:g:ORcAAeSwDRFphHtX&itmprp=enc%3AAQALAAAA0GfYFPkwiKCW4ZNSs2u11xDHlDJz%2BmgPuq5HITC9vC1eqKUx8%2B7P4q5mrCE3%2FPdPHqdOZTb1Xx5FPAALCDJZtbs%2Bg00pN1pdd7YWiJVWMnaeak6k%2BeuODiEtioTQfudh%2BFzdEy8IRzdpj%2FRivHyYvG8Rt6fBPdIgQy%2BrxhhDdE0FzUpABmLe6cVLVkQCMqvfjNAnjcYG8yooav7XcR4mdIn6%2BHJjOf8PjBy6fKWt217HuasMIF%2Bb8xdTy9uc0ogI3PC%2Bu6h9UWldTUHJbCbHM4o%3D%7Ctkp%3ABk9SR8TL4Y-fZw
Montbell Men's Down Jacket XL BLUE EX 1000 Fill,99.50,Pre-owned ·,Sold 13 Mar 2026,https://www.ebay.co.uk/itm/287200038021?_skw=montbell+puffer+jacket&itmmeta=01KKWFRCP5HQ7S82B3YEPHQQ6C&hash=item42de74cc85:g:-mUAAeSwlYJps8PX&itmprp=enc%3AAQALAAAA0GfYFPkwiKCW4ZNSs2u11xCWxMnGVmng6%2FVs4PztiJ3BVWFR6Cez%2FMgc7kUboGIpdTIYOuqqb0ib4jCNTSk%2Fg2CNdiZ%2B0zf2fwIjW6lVyQv2evxSEeG1tqqgeQv558jDU13wuA00Tk4yQvCZq5GvQpEvKEkh6a%2FOXxO7A00KLnxmnYKjfUB3VgGiuLvt3q8XxUulLtjAuK3GTWRL8YCfYm1PyPcmEu1yJzc5KslWrtbGjj3Wm3Qh0YOrqUdX%2BSt1FvSpKAGot%2FLik5%2BZzxMg2Eo%3D%7Ctkp%3ABk9SR8bL4Y-fZw
Red Montbell Two-Tone Hooded Puffer Jacket | Size: XL excellent condition,95.02,Pre-owned ·,Sold 13 Mar 2026,https://www.ebay.co.uk/itm/357756224395?_skw=montbell+puffer+jacket&itmmeta=01KKWFRCP5TJ2H3D9FETM10GMK&hash=item534beec38b:g:8kwAAeSw5vVo77t5&itmprp=enc%3AAQALAAAA0GfYFPkwiKCW4ZNSs2u11xAjyvQbRnvgSk4AEzlpJiRsg0AC4ZkyZUIto--h9g3FHANpiOUIUIpEQhK1M4wx1J9XD8uDrj8cV9a0f1ytWjUBbjAsF6BuBNovpiHOc5PErO9ZQU5Rsur3zozyv9tDvW7tCbeydZeG8p1KxRhfzU8HVVIXay%2F7ZMqhSXFGFzJeK%2Bakh86HOOPo9P7SqCHQU3fd9oP3HGZV7u2krn3SxrVsLBm5vg6J4Al%2FHGGL5xhq3MVhzELUIWu63skYVaqdGIM%3D%7Ctkp%3ABk9SR8bL4Y-fZw
Montbell EX 1000 Down Jacket Womens Small Ultralight Copper Pink,79.99,Pre-owned ·,Sold 12 Mar 2026,https://www.ebay.co.uk/itm/188035780221?_skw=montbell+puffer+jacket&itmmeta=01KKWFRCP55HQXFDQBJTZXYDMT&hash=item2bc7ce4e7d:g:Js4AAeSwPu1ph2fr&itmprp=enc%3AAQALAAAA0GfYFPkwiKCW4ZNSs2u11xCPSuk8fz%2F2OpTdw77tXUoedFqmOfHJBipaVJ%2FmPkxzhmYD8OAtm46fnSYi9iYgfR3nwXnWkxI0UCdAqO5FxSQIWcHolO%2BqAQiY6Hbd5BD0Tsbyxbyuz8O188m1%2BA1tSGMYHJWXcGtVHO0YhjXWRFrU2MAA5YTzAhI6gLqyy9PMKFF1ZUkCcgDDU8fJ%2FGnqHiuqMLeyolPvaYN8WVNzLN7IKwRLWTnCi05qN5l46VVlAuILCeK4FDmgL7tiZWG4VRI%3D%7Ctkp%3ABk9SR8bL4Y-fZw
Montbell Dark Green Plasma Ex1000 Lightweight Down Puffer Jacket S,99.50,Pre-owned ·,Sold 11 Mar 2026,https://www.ebay.co.uk/itm/406706006330?_skw=montbell+puffer+jacket&itmmeta=01KKWFRCP58JHG32G69JR2WNHF&hash=item5eb191293a:g:vfUAAeSwbMppleKz&itmprp=enc%3AAQALAAAA0GfYFPkwiKCW4ZNSs2u11xDNCZgbUCj0MrkyNxGnMDr5VSdBtbBC%2F9IgPn7qoiOcue9iHCUVc9tytYhZncTfZMcwYXNpIy4KVSK5gBmuVc%2F2yz0xDJWYqwX1r8WKnyXJ3iEU93rsdL0sRQAEFhIEpAehAEouHSfUnmTBZVCue%2FCliBHbDlvjCNF4mmNVUnFOOmbYPtmv0sEgjX1%2Bd30k%2BQSTmG3yXhYhi186hh46n35fw6DeoeHDd53h6PRBPTfjnhHutKHfNVFrJ0Ba%2B8%2BEahA%3D%7Ctkp%3ABk9SR8bL4Y-fZw
Moncler Montbell Puffer Jacket Men's Small Black Full Zip Hooded Coat,156.70,Pre-owned ·,Sold 11 Mar 2026,https://www.ebay.co.uk/itm/397589538178?_skw=montbell+puffer+jacket&itmmeta=01KKWFRCP5JZXZ0MX58NGDH2ZY&hash=item5c922ee582:g:7MEAAeSwxAtpiitc&itmprp=enc%3AAQALAAAA8GfYFPkwiKCW4ZNSs2u11xCUYMZNWjcFmCBGNCb%2Bjv5HT4EbYB1r63qyIEJ0dZbw9ETFqX32W6fYxB8HHWUnl%2B92mOPQzzrvEb8GxhewSGhLK50h6eRAHszH8m%2FiG5F6ouH6zmtSqOC482YJws8j8HaqTsx%2BvbfTw5EOEEEq681UQpo6K0irs5eE4mV%2BUdgs%2FLCP5YEFGuaPQB6kHIyNemfwe5j13k2O3M6sWmXSK8ce9%2BIvfYo7iLnXvLMUnNv2OFkbZb3po8%2B1ful5kb6j6tBGRZH6izpPrEsdaMZXybyqP%2BePl%2B8rkhQC24YWlaWvqA%3D%3D%7Ctkp%3ABk9SR8bL4Y-fZw
Montbell Men’s Puffer Jacket Coat Yellow & Brown Size 100 Medium EX700+,95.00,Pre-owned ·,Sold 11 Mar 2026,https://www.ebay.co.uk/itm/227180813474?_skw=montbell+puffer+jacket&itmmeta=01KKWFRCP511AEXCGTQ253ZJEC&hash=item34e5081ca2:g:6jkAAeSw9Qhpbls6&itmprp=enc%3AAQALAAAA8GfYFPkwiKCW4ZNSs2u11xCir4Rp8CST6RzP9RYg00EcigcB4zGgirQ80OZPe%2BiileNoV8wZc8BU2SqMBfGNo9vU0Iv6mAn81hAjvj8KHcUeEDczanjk8L1ziZFSpqnmVA6WDwehr3KwzmglJBdHwhaVeKXtkGOqVB76ndrFEN9tU67Go36Ucul2%2B%2FljHF0wg6apcdA%2B5HTYlqxit7evAXNK7oKDDAEK4OdvY%2Bqg7ay1gkzC9NacnJIbFJkMaCwG4V7y%2F8ALDSXCZuq9sMqP0hC4d%2F%2BdcLSRCA%2BvRJUDEOcV6vx7IteGxqRvuW4lbPhirQ%3D%3D%7Ctkp%3ABk9SR8bL4Y-fZw
Montbell Black Vintage Puffer Jacket,57.90,Pre-owned ·,Sold 10 Mar 2026,https://www.ebay.co.uk/itm/188134643156?_skw=montbell+puffer+jacket&itmmeta=01KKWFRCP5DJ9XMME7DCYF5683&hash=item2bcdb2d5d4:g:rUEAAeSwSMpprZ~s&itmprp=enc%3AAQALAAAA0GfYFPkwiKCW4ZNSs2u11xBV1L8IkYIqv%2BkNjX5xU2yWZeUzWepVluhkTkOvOLkzKicV7c31od8bc0ooo6Biq9L3MuCspqFSCSinE3YEKrxmI%2BqpuFClECasHkBgYyQaKaH%2B4hyCY6psIzz8SVP9pdJNp0IFhVVSNdnS7wo0Mj4lRTUo5WAYYoEr9nJEk9MuD4k4AzHT9ZgLGXJnH5dLJwAooCvQj7CckNLuxrXh9RMmS9FANvcMb5Vlu0g9zQl4a3UPSVTNj4sI2Q9f2Pw8Vic%3D%7Ctkp%3ABk9SR8bL4Y-fZw
Montbell Puffer Jacket Pink Goosedown Womens Ultra Lightweight Size Small S,79.99,Pre-owned ·,Sold 10 Mar 2026,https://www.ebay.co.uk/itm/156744965846?_skw=montbell+puffer+jacket&itmmeta=01KKWFRCP5QCFVMH8MK20ZJRE3&hash=item247eba5ed6:g:-UIAAeSwJ7hnwd4m&itmprp=enc%3AAQALAAAA8GfYFPkwiKCW4ZNSs2u11xAbo9ZikW7GDUyrtIOcIE6w0lFtlQ%2Fyqc3Hea4EOF9VsjptVF8hI0Vhr%2FxpgZFZMVhPGzxm2gDvrX2pawyTD5wnGQJGvFJGKvJjdXQAk6HIgmLeqZaBWFZSIGHEETMtHPsRSIJpiB7kGcZ9rOX--LyqtYXfWLS5PfNOyb2jV95EcJsd2ad7aGhhXdvcuz4kQe1iRfgJFewOnDJt1j2nzDaGA3L%2FKm%2FREGf4cZsKSdRWmy3FaFbD5QCRugDQFy4sbtUejziNpW5pO7iwz7tGbt%2FCUj5fE%2B5XKdlqeIJtKdlD6A%3D%3D%7Ctkp%3ABk9SR8bL4Y-fZw
Montbell Superior Down Jacket – Men’s Medium – Two-Tone Orange Goose Down Puffer,203.50,Pre-owned ·,Sold 9 Mar 2026,https://www.ebay.co.uk/itm/168097184252?_skw=montbell+puffer+jacket&itmmeta=01KKWFRCP51Y5A31J3P8CQ5CTX&hash=item27235f79fc:g:V5UAAeSwPoVpTfhJ&itmprp=enc%3AAQALAAAA0GfYFPkwiKCW4ZNSs2u11xCk9ePlZWMl%2FRMBOra5%2BpqSKjYuO1qcv95xggWDk%2FHnPIrrSiF0pGxvo2ArhQ7k9bpWo%2FSPCN7eoVy94SQRX7YFEX91WLlIpjPRuMIb3P0x%2ByvX2QsR1n5QJc5F9DTofVTtHuV2HaQWlnJC4Y34GdwpP4iEyvPp7bxAL5cP%2FIwXGz6AeXj91ZHvLKTpqz4Y%2Fgi6NhWX3aMwUnP9tSXJ1lJCkbW7PLc1IcEEsdw0V4eB8wsvtTmzx4%2Btv7pUEnHgATQ%3D%7Ctkp%3ABk9SR8bL4Y-fZw
Montbell Men’s Puffer Jacket Grey/White EX800 - Size: Medium,104.70,New (other) ·,Sold 9 Mar 2026,https://www.ebay.co.uk/itm/397398687657?_skw=montbell+puffer+jacket&itmmeta=01KKWFRCP5G7HCBE3Q2MZ8QQ3Q&hash=item5c86cebfa9:g:d2UAAeSwPMtpQYKF&itmprp=enc%3AAQALAAAA0GfYFPkwiKCW4ZNSs2u11xBmOrWbsOvNiaiokJ3%2BWKW9KXnjHgls4Vd5Nk7wQcQ4eq3rb15mEdfC56LPM34PzP1N%2BfJAZL%2F8Gl9Jntf1VDSzg8uuMr3Vk5JSeMHXvz67dxfv7MTVqC22oOjFI0Yw1DUehfHwosbgr9%2FnVPj5WUDDfy4OmMQuAhLn35CuORV3OjPZ4iBGwUkC4s4g6SzGQhtTQtFmgIXL6BDjSrIAUZzPlcYkBFXesxt661lAd8zaZx7fItoeqEKtp1dwSe7QM5k%3D%7Ctkp%3ABk9SR8bL4Y-fZw
Montbell Yellow & Black Two-Tone Puffer Jacket – Men’s Small,68.30,Pre-owned ·,Sold 9 Mar 2026,https://www.ebay.co.uk/itm/168137557453?_skw=montbell+puffer+jacket&itmmeta=01KKWFRCP5R7R3NJY0V9HK4DDX&hash=item2725c785cd:g:8lQAAeSwl2Npg0-M&itmprp=enc%3AAQALAAAA0GfYFPkwiKCW4ZNSs2u11xCUcbNJCKueCdavSj09UcndlOqMyDxBJTZ8pEiMJrtgJEiOWl6CpV11E5wezhKK9oHVLmAGg%2FY4rGcB8JZsAJB96FLhv5h2OZ9kJwyJaVHDO%2FN0ZygFHEKSbSyM5OSTdmctceuEdC0z8EzAUelF7XFybllKm4mKsdV%2B%2F4xUrnigAISSTW%2BODTiD%2F9otYCZDw8w5CcSUqoGxtbR3FJj0%2BPKJ0nuPSrWN9rXVz%2BBupJtJjEXYQv52A166iKdZGXofvts%3D%7Ctkp%3ABk9SR8bL4Y-fZw
Montbell Square Stitch Down Puffer Jacket – Blue – Japanese Large (EU Medium),109.90,Pre-owned ·,Sold 9 Mar 2026,https://www.ebay.co.uk/itm/168080782841?_skw=montbell+puffer+jacket&itmmeta=01KKWFRCP5H2BBQS2NSJQ0Z878&hash=item27226535f9:g:P-AAAeSwtPNpZvog&itmprp=enc%3AAQALAAAA0GfYFPkwiKCW4ZNSs2u11xC4EyTXZIEmYlO1gl0IFMecOG9WBlVYJ82YBiZJyqb%2B0NnFzNtT1AI7sVcE6WF2dVYjyWuSJOpToGm%2BvaAeFAuMQwwQFaEkc02XjBt0d6iDS%2FgZkz7CjPDlgGiVAvKJcfNTBPc5yniGxcu0qPtRoUkUteUKys%2FBNIgewIDWzk5waX1I9r3NsWaT57PXSUSxPTKtsozHIR1u6B8i%2FpfLjHjiK0CmBr7WDnsPDGvRT9ghOlIEbJUOCvHjdZss2ueFAbQ%3D%7Ctkp%3ABk9SR8bL4Y-fZw
Mont Bell Grey Puffer Jacket Medium M,78.70,Pre-owned ·,Sold 8 Mar 2026,https://www.ebay.co.uk/itm/366046791140?_skw=montbell+puffer+jacket&itmmeta=01KKWFRCP5SCS54DQR0RS2NNBG&hash=item553a16c5e4:g:kzkAAeSwA7tpNw~a&itmprp=enc%3AAQALAAAA0GfYFPkwiKCW4ZNSs2u11xARb6sd1EaAKemxQ9DhC5uEGqdQ5H%2BEYons8skksnnqd4HfysDy1ZzzGX%2FrDRxv5wTLU776ABHERlPV%2FmkYKp58y7giHs1oLLLKaq7rsy9Cw%2Bga1UExzU9ff63k%2BHQv%2Fk955uUA%2FCLcd1ORXDyGyWR0zZV2vJEhuqP%2Bx8WE1R9i0JhvxnuRTnlei30keLmkxhYQ2%2BEIJhRHWXLWtebZmEYt08h42tn5uRQdASBb%2BrW%2F2soyhNmKBb83%2BvBBoB0R1zg%3D%7Ctkp%3ABk9SR8bL4Y-fZw
Montbell EX 800 Down Jacket Black Men’s Size L (100) Heavyweight Parka - No Hood,47.50,Pre-owned ·,Sold 8 Mar 2026,https://www.ebay.co.uk/itm/336446279409?_skw=montbell+puffer+jacket&itmmeta=01KKWFRCP6R93HADJBPN1535D2&hash=item4e55c2cef1:g:cBcAAeSwcJ5pmkhr&itmprp=enc%3AAQALAAAA8GfYFPkwiKCW4ZNSs2u11xA6MsAylujsJ5v0Dt3lGQYcqYcteIRV5ndYOuLn2jaVA2pY9du0ckrh%2FvXt3Z1LOfHPD44imdG7Rlhbnd2W1EotpXMqQ3kvpA3vFbgEdDCgruTfkbnldCn9s%2FEYmZPVo%2B6yr3FEGa9sEcoYnObW6iz4h0sl6oK0BX%2FHOSXg39tB5l1TV%2FKlf7Utnbq1A3uJsE%2FPS1VZyI8JJh0hS9xqrreJ9TP8yzoMB2gjx6Q0mCjnOfy7NTxBCuhbqWNuU%2BGlgGRYAx5Hxo51UZJ3ud9C2s9Nufb%2FZoKWQ%2FY3s4ojOu9iBA%3D%3D%7Ctkp%3ABk9SR8bL4Y-fZw
Montbell Puffer Jacket Mens XL Green Lightweight Down Filled Ex800 Outdoors,119.99,Pre-owned ·,Sold 8 Mar 2026,https://www.ebay.co.uk/itm/147149164499?_skw=montbell+puffer+jacket&itmmeta=01KKWFRCP6SP6NEC112TNVPDF4&hash=item2242c60fd3:g:bM8AAeSwSj9pLbFP&itmprp=enc%3AAQALAAAA8GfYFPkwiKCW4ZNSs2u11xA16%2FtHN%2F6ja1AUTXMB6YC26w0A2dptyHn74twFOZRGWjFdSfqQ6LrgNuj6yrFZ9N70Rtn10TVPpRZnDSzhnZv6Cedv9nzbHPiWzHIy9eMwW%2BQig0Rcutd4QkEzTFTVHbk5IfagjHv0lVGEpaKL5BNh5g7OobAgB1t5R48ndKZ6PCYUfD7MwSdBpHqO4KNg5ovWEM3ju2%2BjSfVuvEYKguhr%2B83mKDgi7APimNjhowSmCWn6QxahnFfRPhRGQ%2FCTw%2F87EQCmQAsepfQZjMLqS1XSds5iVnFJ3dbSJgXO11zXsQ%3D%3D%7Ctkp%3ABk9SR8bL4Y-fZw
"Montbell EX800 Men's Puffer Jacket Size Medium, Down Filled",40.00,Pre-owned ·,Sold 7 Mar 2026,https://www.ebay.co.uk/itm/406732886256?_skw=montbell+puffer+jacket&itmmeta=01KKWFRCP61EMPAMFX9NVSK573&hash=item5eb32b50f0:g:3akAAeSw61BpgQBn&itmprp=enc%3AAQALAAAA8GfYFPkwiKCW4ZNSs2u11xCNCpmcpExdUATT5MkUfPBvtOkaPu4rad8Algv2A%2Bac8isYGcHuUv4M43B0yxe%2BdnbahNHXDiYAPSIA%2FDJGjjVP%2BlpeiBgn6D5Uh%2Bg%2BfafSsTunnA5IqnJKNCBmD7WeJhDawsI7Gv8QyUi7D9yzMepmBpkW9w6Q7JttWBQfpUYngU9EO%2FaSrH4Jutr3XEkGGH4JFM%2FzROdr5%2Fu5y68CU5KYETV%2BwMt%2BC8Ov4iwS4a2mFweNrQWSn%2Fmuk%2F6CUuaWDE2RqdUMz%2Bd60GdoJuUZbeNXxgX8LtmBIji%2Fe%2Bo0s7H3hg%3D%3D%7Ctkp%3ABk9SR8bL4Y-fZw
Montbell 105 Down Puffer Jacket Size Large Mens,37.10,Pre-owned ·,Sold 5 Mar 2026,https://www.ebay.co.uk/itm/377001645488?_skw=montbell+puffer+jacket&itmmeta=01KKWFRCP6NCWYNNPGVE3THERH&hash=item57c70c95b0:g:3iEAAeSwR~BppKls&itmprp=enc%3AAQALAAAA8GfYFPkwiKCW4ZNSs2u11xBbL2qQmQQyVHu6YyjFR0gfJehOPK0GINvcj3%2BJbOGxSBSFarflkVa16h1CY7bE%2BxLUVPGeyFUtjOj9v7622lCG5n5NydN8%2FiiWK8WJrV4HXBY8%2Ffu8q6egRQG8B8dtorWlyPmH7txc%2Fw1y%2FaVYhmSfoHEwNAstnT0eZtuFW2erMGDp1oFwVcJo2KkLYi%2BCaA8KIQnNNCRJNhFhcXMgqzQRygYOxEx61X4G2vaOtQt4lDHovGdN79pc5uSSlzGFxV%2Bg%2Bi6UVHm5pO8T2UBHL0HFE0PGDT8khjWE75sel2XV2g%3D%3D%7Ctkp%3ABk9SR8jL4Y-fZw
Montbell Women's Long Down Puffer Jacket Parka | M | Hooded Winter Coat,44.37,Pre-owned ·,Sold 4 Mar 2026,https://www.ebay.co.uk/itm/267556760742?_skw=montbell+puffer+jacket&itmmeta=01KKWFRCP6TD71N0Z1FHX92VTY&hash=item3e4ba02ca6:g:F-cAAeSwvOBpd-y7&itmprp=enc%3AAQALAAAA0GfYFPkwiKCW4ZNSs2u11xARdIqtSbDxxGNHMDdjsmlnUOt0AjvnTVYOymOAP7obH9iGKZRoFKUNTnNQ3hCUY3eWz4RnlIDOsx3lqsE4pULxZF56ns8C%2B3j1lARXXGOFLlxwcR39stWQruUaJPUUCKliUS%2Bo5mB4G8wOvOsq10oCrOlEUWTX6yJmZ8RldYFmSc5kt7B2%2FkkXnUACa1ZvN9OWkBNKf6VwkzhzNz%2B%2FtwNZBKGGD%2BgVye7YwpoQlWN4BTBNO6xHfepivfOveKmBQlw%3D%7Ctkp%3ABk9SR8jL4Y-fZw
Mont-bell Superior Down Jacket EX 800 blue green Size men's UK size S Small New,125.49,Brand new ·,Sold 4 Mar 2026,https://www.ebay.co.uk/itm/297716640409?_skw=montbell+puffer+jacket&itmmeta=01KKWFRCP6XVRTBPTPX508AQ25&hash=item45514b6a99:g:XmEAAeSweAVo6mDC&itmprp=enc%3AAQALAAAA8GfYFPkwiKCW4ZNSs2u11xBg1se7PauBnOIqkVae0zdIsw8V1hVMtJhIf7tvAwJ5a5Pj4O%2BRPu%2FrjONrcLhnkg3e7onZV6Zh1MYYkLJK46a%2BzfFm49XurMu7RA2bgWkEO7kTZaO9leCrCoakao2byZ2Z%2FOhQk4bV9IsUH6webL3kVpX%2Bh1UWZi9HI6jJLNVxhMqjkTLWXwm72qBEHjA3ddxliCLKRzapQKGYZp3kC%2Fc%2BqM0PY1QCmOik0tD5GFffYQtNwGkI8sUCWRjpqvmyouHYDzFm6oXM79O9ak%2Fib7jfY8tO%2BE6nDlFnTQaBcNqtng%3D%3D%7Ctkp%3ABk9SR8jL4Y-fZw
Montbell EX800 Superior Down Puffer Jacket Black S M L Brand New With Tags,94.25,Brand new ·,Sold 3 Mar 2026,https://www.ebay.co.uk/itm/317920361608?_skw=montbell+puffer+jacket&itmmeta=01KKWFRCP6J3SW6W5FWXR8YXD7&hash=item4a0587bc88:g:EykAAeSwaSxpnhoM&itmprp=enc%3AAQALAAAA8GfYFPkwiKCW4ZNSs2u11xCUQwo%2B1yO5fVZZICq%2BHDCDUiNsIduZemsebsQMzwuHHxD7g9o9ERuPWNfxripPia1vhq%2BC291xaQUZLEqX%2BAQmZnkIPSmaDkrTnoJ6vlm3yGtaj82z2dmiVT6kpK1Qpr1ahIP3lyFNThqztlyRRBK8rxWXqrMu3JP%2Fx3UY5tehII6QwUXz1jwIZHLWcBJRNtEkF7MjXf9rIlinjnFca2yjtpRLAyBu1d5EdscMv1RIsqNrA0fFGofLjX2RZLMyJsoBawGxLIxBABU5mURuwqBzHUKIFo%2FCr3KxVtTzp9thbg%3D%3D%7Ctkp%3ABk9SR8jL4Y-fZw
Mens MontBell Superior Down Jacket - Medium - Great Condition - Free Post,109.95,Pre-owned ·,Sold 2 Mar 2026,https://www.ebay.co.uk/itm/236645746007?_skw=montbell+puffer+jacket&itmmeta=01KKWFRCP6120AEB5K8ZF4Q92Q&hash=item37192f8557:g:dnYAAeSwGf9pmCQ~&itmprp=enc%3AAQALAAAA8GfYFPkwiKCW4ZNSs2u11xABtRZFlMlcsZa5uSDD1TSF0IDol80Z%2F35f%2BBCOZLCnE5UoGRxAWsviZaZOY6cFSlsn5Jlbfnxc7tNZBXRLn5sbRvQKKBuNNzX863Rq3V4cNxGNyFps06c5vnWvM%2F0VOXwan5ePN0bEzAswna9ufQ5e8MmjoCcIGke9u7zSGmPyoESIs5yA7yq2et5uzgAmB1mYZ8GxsjBVIMY9Yt2WWtfHj0pqbCyQjB060BxBnVvpPPpkWoICbk6Mu2XxIS6WuFPL1PLmbs8M%2BD1vzBnUS%2Fi%2F4zF4jBFhUfCyeU0Gqky31g%3D%3D%7Ctkp%3ABk9SR8jL4Y-fZw
MENS MONTBELL ORANGE/BLACK PUFFER JACKET SIZE L - B93,25.00,Pre-owned ·,Sold 1 Mar 2026,https://www.ebay.co.uk/itm/397645228591?_skw=montbell+puffer+jacket&itmmeta=01KKWFRCP6XV1HTZZ8E15JZVFX&hash=item5c9580aa2f:g:pUQAAeSwak1pnglY&itmprp=enc%3AAQALAAAA0GfYFPkwiKCW4ZNSs2u11xA7yd0ONR7dS8c8g80ms0FY6AIsNhe2EayGi%2Foy%2BkMRglYyC6qsVyJL2XiMkQyMVavApq9AxPpIDF6fmqgZ8L3pKBAfEPZDU61ujRoHlq0%2F3praH8FQrjAwUr0tpj6C7SLhF%2FGnp3UcscMb4Kit5bCFrXLi9Jcge3DDX41vdWi89v39aKyd0DcCcwxq9PFxHdwKC3FyanBxxlf861k2DTMunYyp3esPLrdv%2Bt2Wy2boVPPPGpytZDzjRnd1926E18g%3D%7Ctkp%3ABk9SR8jL4Y-fZw
Montbell Ex800 Puffer,52.70,Pre-owned ·,Sold 27 Feb 2026,https://www.ebay.co.uk/itm/397647433459?_skw=montbell+puffer+jacket&itmmeta=01KKWFRCP6P7JWB6070BTV8374&hash=item5c95a24ef3:g:dGYAAeSwIM5pnuHM&itmprp=enc%3AAQALAAAA8GfYFPkwiKCW4ZNSs2u11xC8w3qZzyMmDcsB%2FrAniZUfZSwVMeJPxhEItYjC19aGrgGzIdqk4Pz8JXFqSt%2Fj9X%2FP5dCW4EMOxUD87CHOYgoDyMVOksxTZEbeePLLNgDm7T%2BE%2FeUJ6xgUDqJKwLrSpO1HBvjBdgDmniJURrovd8Iea4Tl23iYLnUH0QytGX%2FZlvTqHdRrrsVKs6vTeg1LcxcBeU312RTqhsYVNoXBubQ2RmpGgYCb2GXF%2BeadgZC%2B2JuEH7VrG1%2F38h0nIXxIKJ7E5P2wpoKjbAky3Crmtv7tK%2FaQ%2BiG3UhzHD19t9LPJzw%3D%3D%7Ctkp%3ABk9SR8jL4Y-fZw
Montbell Jacket Mens Small Red 800 Down Puffer Lightweight Packable,45.00,Pre-owned ·,Sold 27 Feb 2026,https://www.ebay.co.uk/itm/236651353372?_skw=montbell+puffer+jacket&itmmeta=01KKWFRCP666SVS4Y38KJCYW3E&hash=item371985151c:g:g3UAAeSwfP1pb4uN&itmprp=enc%3AAQALAAAA0GfYFPkwiKCW4ZNSs2u11xAm%2FL4%2BL7Na2nhHJEVhpe7qzbHbAHmd5QVT2YtmN1SEiwnPLFPkCiC8vfbQx9DhO0hSLOqs9UbVJqLC9MQQ%2FSLKmn%2BeN1pldHghJkC8rDWFUy%2FCA8VSqDYofysYIBgyC6evg%2BMjRTTm--dSZng09O58PT63RbxlpPizs9xVRRSYn0CYOxJbbWhKe0c39oYFXJpHqEmgZLzwiC1DPehQRRukzgqpPrcTqG3V5E2%2BMtsNSxHMqut7LxnC%2Bc6O2GcmshU%3D%7Ctkp%3ABk9SR8jL4Y-fZw
Montbell UL 800 Down Vest Gilet Rust Orange Mens Large,64.99,Pre-owned ·,Sold 26 Feb 2026,https://www.ebay.co.uk/itm/188035764194?_skw=montbell+puffer+jacket&itmmeta=01KKWFRCP6B38DTTPZZ4P364MM&hash=item2bc7ce0fe2:g:bxMAAeSw59Nph2Y3&itmprp=enc%3AAQALAAAA0GfYFPkwiKCW4ZNSs2u11xBq9%2F55lI%2FHja2lHYbrJqiOAi8xVpK5FPsxH%2Bizfm2gMMiDM5dw%2FnlquwvzdTTPSSfiAc04dTYwQZxDx7kKHw1mxpTrly7br8p5XaW90aAT2krKFCPBeUU7Qes8rca4GUmwLoma9JeAyfgEOdIAnLR24ClMjgclZszdOf7KL0Fv0r7VUf9dzH0Cbqr8E5AjAEo25ZdzBuwEmE9HVZpznanwiHrO1K%2Br302JrITHB2nMgxjaG9ilm2wX4qw2C8H%2FXgk%3D%7Ctkp%3ABk9SR8jL4Y-fZw
Montbell Men's Puffer Jacket Size: Large,94.30,Pre-owned ·,Sold 26 Feb 2026,https://www.ebay.co.uk/itm/227229561779?_skw=montbell+puffer+jacket&itmmeta=01KKWFRCP6NDBD1KGN6TSQ2332&hash=item34e7eff3b3:g:Ho8AAeSwUalpnL71&itmprp=enc%3AAQALAAAA8GfYFPkwiKCW4ZNSs2u11xAMC%2BB3LGF3uc5rVDiXbDK5dlTvstz32ChNrLuYE%2FeY5rsLH95Xfvei5hjsHoaIT731cq6M0ruT9dPmy6thc0yWKirKCt8v8FWEAk8yrCx37kD63%2B%2Fc2Z8jAu5ZWyohZhdKFnQAPIV3zCazxbrYf0%2FqLo5pibmy5tiQHAVo6vfXTQCzbGLrngyEDLCUgFAsRGLzLiQwI2EaKGEK8OBQX50We2mbRD0UoOQ6k%2BcqIv4pH0pAjpQnhGcbduncwufSTWP52en8sOXMgFnV1qRu9YJdrRrKpkcbPIS5%2BupiGHqr0A%3D%3D%7Ctkp%3ABk9SR8jL4Y-fZw
"Montbell Down Puffer Jacket Black, Hooded, Size Large",62.06,Pre-owned ·,Sold 26 Feb 2026,https://www.ebay.co.uk/itm/336310632011?_skw=montbell+puffer+jacket&itmmeta=01KKWFRCP63DH3JP7WKC8HMWWC&hash=item4e4dacfe4b:g:z7QAAeSwHtppJBsG&itmprp=enc%3AAQALAAAA8GfYFPkwiKCW4ZNSs2u11xDTF%2BZO6PX54CXVA7T3S6Hv9vr856AEBNTUKFkJ7vxoeK0H9Qjwwu%2B2FuFiRbRbQyBYW6unDfVPuIpktjyRcjxy2i2BAcGbC0UZrv%2B1CmoaHcKqacJekuCkSG5dnyFGudaHMgC9JMUTHM0NYadoC85tw%2Bow3zUe3y5IXzwdp%2FxPE2en61X9bGO%2FSp%2FRcmT17MFeUddDpRYiG%2F1YtbCa26escaK2DKCiPrZ8GcdTL4PFcMYBWFbQaGeMi2Psfjv132ViGKpzm7bA6LJ370AiXe%2FDCi8lGZllPzRVAVnRu07agw%3D%3D%7Ctkp%3ABk9SR8jL4Y-fZw
Blue Montbell Puffer - M,167.10,Pre-owned ·,Sold 24 Feb 2026,https://www.ebay.co.uk/itm/358177002421?_skw=montbell+puffer+jacket&itmmeta=01KKWFRCP6VJ6TM8XHGY29GPD3&hash=item53650353b5:g:9qEAAeSw8A5pfooV&itmprp=enc%3AAQALAAAA0GfYFPkwiKCW4ZNSs2u11xDQNLhfckVg6cMijTYVlr7Cm6B0c82GaARuNLi2eoH2IaHZ5vKBKyGopys%2BJFQztdEAy79fDG0tmmJT3HHwq%2FlradTMI7HgQG5tj0%2Fmyic9H0kK%2Brw0Hinn9bd7jVcn%2Fupdhaui52sAJrOvGZdn9BQVmNuZftd1hItGHlF0WlGPktyxci3qn5y24xpewqPI9gzbBmlEj93Bwr27HRszMWWXe0n91gopV88aaTrB6yLHPUwm6nil9pC3%2FJ7%2FsMMMKFU%3D%7Ctkp%3ABk9SR8jL4Y-fZw
Men's Montbell Ex-1000 Down Jacket Green Size L Used Ultralight,78.70,Pre-owned ·,Sold 24 Feb 2026,https://www.ebay.co.uk/itm/389641791934?_skw=montbell+puffer+jacket&itmmeta=01KKWFRCP6HN2WF8W9ESN5WJW3&hash=item5ab875e9be:g:2YsAAeSwmOFpljni&itmprp=enc%3AAQALAAAA0GfYFPkwiKCW4ZNSs2u11xANNgF4z5zCJk%2FNOkP4hu5eA8QpbpTaRrb%2B8IH7cNLGEHmOd%2BSkFsrxToWGDaGJxDjMDidrcvO3S1u9gU%2B%2B9SdRO3Ve7FNqcKpGML5jW30mvA616GUPCEWVWFUZzoHN24TRnqta2rsNzOqWoR6yp7HvglXuewmAw63D0%2BytsCKj%2BvUqg9Lo%2F6vra2GcFce4IUOl5Yb2h2WyKBHk%2BzbLssfZA99VVWei9vQKRFZ9gOuRqytf%2BQf8zgtAS4ViyeOEw24%3D%7Ctkp%3ABk9SR8jL4Y-fZw
Montbell Ex1000 Down Jacket Size L Choc Brown Used Condition,63.10,Pre-owned ·,Sold 24 Feb 2026,https://www.ebay.co.uk/itm/389641825068?_skw=montbell+puffer+jacket&itmmeta=01KKWFRCP6RR8S3TR8B2E7FHH8&hash=item5ab8766b2c:g:6AYAAeSwThVplj1h&itmprp=enc%3AAQALAAAA0GfYFPkwiKCW4ZNSs2u11xBC76eYy22T63xkBj4FzXn7vjv5X%2Bd6kEFx7MMnA2HihQYcpHPMv0tauejiBO5T8Jdyftz6sV8BOTK9MIJ%2BQUJTc%2BQ%2FsLuAOk4J0TS9WWGzdB6EP0K4M%2F5WaERAIRPVG8a5L0SYQqywjYcCou2yBENqzHij8C3vp5ksKIs%2B0QWHeInJi9uUnZPiXs47FNNv0ZvTi8UIu6mrxdvp6QpcHp9tN5paNKLl5fTejfYvUnhVm6tlwWo1Uygm%2BL1m8kwEhJc%3D%7Ctkp%3ABk9SR8jL4Y-fZw
Black Mont Bell Puffer,135.90,New (other) ·,Sold 24 Feb 2026,https://www.ebay.co.uk/itm/317826181253?_skw=montbell+puffer+jacket&itmmeta=01KKWFRCP6SSVM8X8NPY6MWJPA&hash=item49ffeaa885:g:rlIAAeSwQcVpfngs&itmprp=enc%3AAQALAAAA8GfYFPkwiKCW4ZNSs2u11xChB1754fqTm6i8qNc2pO8XQve3KAyOJMAuFSyUFRiLf33n9aAh0MIXLGAgtW%2BLIUpXaqPkDswkMeR95A%2FRqhWQNLmod9GmRYUCqxxk04dSOV30YdZoK%2Fpp6R0nzES%2BDahJIQCqD56G5umVjB56GWxsGoHs5AC3xznx2cqb1VHtA3KyCDnGJrTPP0RWaSby5SHudnB3bPMsS5CURzdkrf4NUy3wLjWWIKJrF8az7VjE4BzDi1PunHg1%2BF153y3UBY0%2FjtdYwLfq2FkrYLjEgAQHxTnLR2QqKCjmiM47FP7HDA%3D%3D%7Ctkp%3ABk9SR8jL4Y-fZw
MENS MONTBELL ORANGE/BLACK PUFFER JACKET SIZE L - B93,26.00,Pre-owned ·,Sold 23 Feb 2026,https://www.ebay.co.uk/itm/389641536149?_skw=montbell+puffer+jacket&itmmeta=01KKWFRCP7HG1NHWPRH210TZMK&hash=item5ab8720295:g:WIgAAeSw7RtpliFM&itmprp=enc%3AAQALAAAA0GfYFPkwiKCW4ZNSs2u11xC27pkkgi3Bj%2FVKXqBSSH6I5F3PG8eQttLAEY09%2BS6gs9QoT0TeoSLj5w9LDWz5BDLPyQAcY%2BCqvOpOZoUeI%2FyzsPpQp991LBefDiFpbTJvIMTiTx0FBJPGIpCNHtZGJzG%2BH7EMQnctQqLDacL0lpuZZtLQYv1OLybfnI3RH1QUZLzfPVRRCIl8DIzZHToRkmkY8eWbwlQH4pNN4yO%2BDzRibOXVm2NRoshzZjlZg0llpOQPE%2FS6DycnrVoaUBvkYz0%3D%7Ctkp%3ABk9SR8jL4Y-fZw
Plasma 1000 Alpine Down Parka,151.00,Brand new ·,Sold 20 Feb 2026,https://www.ebay.co.uk/itm/389566356020?_skw=montbell+puffer+jacket&itmmeta=01KKWFRCP7JGKM1YCDGN2CJZAE&hash=item5ab3f6da34:g:K4gAAeSw~85pf7Cn&itmprp=enc%3AAQALAAAA0GfYFPkwiKCW4ZNSs2u11xCImAFNFg3h56AG4BZqoLJ%2BAjGtiHfAjJttRlnTJyr%2FffQvAPCwshUS%2Fzgsp%2Ba7NiHD6bTkNbFnwne0%2BjzmrfYEm9BJpx80y6nkq0xz%2BZ4sEBug8b0%2FmkrNMYlzaDDOpK7pJvLSV5oZxdzCablddGXDjgQnomy0ajr1wLI3YAEgZ53%2FuAISeB6UOShiUyv7mVbf530xQfByrP1sM6JzaExapZ45lOCTn0cQT9%2BXh2fJ74IUqqrZ4axuO8eEEC%2F7%2Bjo%3D%7Ctkp%3ABk9SR8rL4Y-fZw
Plasma 1000 Alpine Down Parka,151.00,Brand new ·,Sold 23 Feb 2026,https://www.ebay.co.uk/itm/389566397543?_skw=montbell+puffer+jacket&itmmeta=01KKWFRCP77YEB9BRV4N7RA7BE&hash=item5ab3f77c67:g:Qi4AAeSw3Flpf7LS&itmprp=enc%3AAQALAAAA8GfYFPkwiKCW4ZNSs2u11xCUb5raMGa7K5le3nlBJsDKV0uv15qTSWd90MVjjkDRQfLCZ5Vq6FssssaCzz51GaSj5QPo1lcNhrHWiyvBGf0QCL9uSwYb%2FJpGZ1hAzlpxgNP8Tjeza3f3rwF6cLu774A5qREJRlhnPrtpJDE5MKd9iQ8gatgz0MBl%2BJyNUxRHazi1Oh9QPToIVHoq7lqzb43n0SyQ0Aoo89l0Z%2B%2FiIVtUJEtuR8IwpUxah3BCnEx1%2FlQVNcPD%2FNBioPOYQpw%2BQAejdjRdAxTFZ7WcvzZEu8s6mVDwrUQYV67Y9XzhLvchGw%3D%3D%7Ctkp%3ABk9SR8rL4Y-fZw
Plasma 1000 Alpine Down Parka,141.00,Brand new ·,Sold 8 Feb 2026,https://www.ebay.co.uk/itm/389559189262?_skw=montbell+puffer+jacket&itmmeta=01KKWFRCP7XD5P4GTS79FW7GAH&hash=item5ab3897f0e:g:u6QAAeSwumNpfULM&itmprp=enc%3AAQALAAAA8GfYFPkwiKCW4ZNSs2u11xD63bhQVK%2FGC6tZ8MmN2b5onhskMfgs8jp4%2BbbvSVLUnPGaQfkGq1XMnwgHMQ%2FWuOaSani%2FPenKEDThbjJBnnYYoLt7fyYioSNg%2FliX6kXKOw8dceLXliCFtJsfo2C6TrK1t7PzB%2Fcj%2BqPNbrnq7NJqBywxnJ%2FSyWagUSzhNBWiMCTuM5lpk9efIsItFl4TnIW%2Fbfm68P2QMVoTP2cphiGmDGNBo%2F02GuQA1VrPkv%2F7DzLW36uK9qNa8jgA4c%2FbD2ZRioC9zhI1iidHkdsgU6Ps4SdAhyRi0YyaAip477AeSg%3D%3D%7Ctkp%3ABk9SR8rL4Y-fZw
Plasma 1000 Alpine Down Parka,141.00,Brand new ·,Sold 8 Feb 2026,https://www.ebay.co.uk/itm/389559186007?_skw=montbell+puffer+jacket&itmmeta=01KKWFRCP7ECS089G10N01BQ05&hash=item5ab3897257:g:QyUAAeSwGL5pfUJF&itmprp=enc%3AAQALAAAA0GfYFPkwiKCW4ZNSs2u11xBymTN94RarfZbwTjo0JnkLokDPmw7LlLHSBgJbWAbvXWhiiavtl6JxEbMFkqMspBU8umrzHrxdkxAJMh8I85C6myTaaj7FJ%2F21YVu1TlNlMJjTcyNWYO6UcaTrLUphaH3cOrGtRaMhQvXUQA1djRCfdgQI7MKNQSakfM1TNuzsiYJZgTcJ%2FvhgwJVJYlj6KocXYxUXTmY1qQIV8%2FphtAD5s%2BSYAr00qn0nyzC%2BMH7SQdJgNhDcWXY2fbQtOKZ32%2FQ%3D%7Ctkp%3ABk9SR8rL4Y-fZw
Women’s Montbell puffer jacket EX 1000 Size Small,130.00,Pre-owned ·,Sold 23 Feb 2026,https://www.ebay.co.uk/itm/389587422922?_skw=montbell+puffer+jacket&itmmeta=01KKWFRCP73SXQ0W966HFVVBSG&hash=item5ab5384eca:g:9ecAAeSw7Gdphnem&itmprp=enc%3AAQALAAAA8GfYFPkwiKCW4ZNSs2u11xDgNpAlGEmhO%2FRmXJhLybleYcCVnVxyMz%2BOtkPuQGCUF0kUJtN7DeAUVwXRB2CXBpSuKsK4dcMmuB1RRzqkMsOhiozqM1WNCFbR%2B6U4S1CvRbgpQ1jhOp01BkJv0fjbLoudd1WGyv3ZLMgiG%2BpuwAE%2F5QrB9R4maW029%2BA5LSiODT1ALghy7EDjJL8GAjIblcZ1pzp69WrJ0%2B0pdDTFHs6YUsybk58OSYT4co3keHzMRfd2f2E9Nxjx3XWNSpACbF4u8Etm1z1i2RfkQq%2F3Wdkw%2BP5kjHhW8MW4OfkzE7URgg%3D%3D%7Ctkp%3ABk9SR8rL4Y-fZw
Montbell Blue and Black Ex800 Windproof Puffer Gilet M,68.30,Pre-owned ·,Sold 23 Feb 2026,https://www.ebay.co.uk/itm/406650519412?_skw=montbell+puffer+jacket&itmmeta=01KKWFRCP7NGGBWG6CS6GM8QPF&hash=item5eae427f74:g:4zYAAeSw39dpe3lu&itmprp=enc%3AAQALAAAA0GfYFPkwiKCW4ZNSs2u11xBx0L%2BSAn9d085tNsg%2FNh0tYSA5rKX%2FOzGKjVXSZY%2FCrV6kWzUr6XcVf28pDF8vQyj25d0aSNWOkSl6InAEsDXl62lqhX2u%2FzLLhhEPBz12Ae1AuZFtFKUGX9n1yXExRCJ785NMLrEsIkOrz24aRLWOWQgBxKZ2PWdL6OKCR%2FNqt0mj0YPfVBG3OW5zkpAwvMrOvzfJ%2B4TbJ0iCxSY0OzrfU3Vyv%2FDjaza8eDhLnqzgX9%2FOfPtTEpYOHMR3JgbiRd0%3D%7Ctkp%3ABk9SR8rL4Y-fZw
Mens Montbell Hoodie Jacket Size M Dark Green Excellent Condition,80.00,Pre-owned ·,Sold 23 Feb 2026,https://www.ebay.co.uk/itm/267583350493?_skw=montbell+puffer+jacket&itmmeta=01KKWFRCP7CBANJ2GFBXPZA015&hash=item3e4d35e6dd:g:UFoAAeSwXVZpelzm&itmprp=enc%3AAQALAAAA8GfYFPkwiKCW4ZNSs2u11xDaNv13C3P3UUzd%2B7%2FTpjriN1JF%2B7dOve%2BD8eF8m8lWqEdHs1%2BX4X52Fms73fxxMVR5tyCqUSeRvwpulpOjK84fCmsJ2S9THijMMEzvNniBCio6dFX7Jcbyq82%2FE15YP9dcaxIw047HnKUVRKyIawxA60CGGoVFeYk5TWW2jVVZRtHA5M4C9XAl4%2FamcLfQ21SGxBDJjko2j1%2Fwfc4pEcm7wqwiZ2fj1mgYPRBuiYGckWaTKm5nSEo9v2rxlgo4M8hSnm4rKiY%2FQQaX%2Fnl8pEGxogeBn%2FegVnfnRbwjf3Mp1Q%3D%3D%7Ctkp%3ABk9SR8rL4Y-fZw
Montbell Yellow and Black Windstopper Hooded Puffer Jacket XS,94.30,Pre-owned ·,Sold 22 Feb 2026,https://www.ebay.co.uk/itm/406620860406?_skw=montbell+puffer+jacket&itmmeta=01KKWFRCP7SM6512SYQTYBF92S&hash=item5eac7deff6:g:QigAAeSwAHxpb5ur&itmprp=enc%3AAQALAAAA0GfYFPkwiKCW4ZNSs2u11xCEbfg1lvd6iyh0AlGZLq%2BdlTVMbUu8KJPTkzaCR7BH%2FADMuBXfWygmCbNE%2Bji99Hqq34ahvNtzb9LcqYBZfNAemg6738Q3aPngMHVUCKFL8VPoS5zCot0Qr%2Fyis10yLo5rQdVaiONWawN9osAnq7Xwqq2spVmQ8lJHXiMCiNL%2FKiXlHUlUlLbiDJQQth1FwbtuamYf2373PGYeG9kaVuQYe9e3TxrgLkDthk0gxOg5p6JjsG0zBf%2BpOD5CahgZvPk%3D%7Ctkp%3ABk9SR8rL4Y-fZw
Montbell mens vintage alpine down jacket - blue - Small,37.10,Pre-owned ·,Sold 22 Feb 2026,https://www.ebay.co.uk/itm/257352735759?_skw=montbell+puffer+jacket&itmmeta=01KKWFRCP720J5FCVFSPDE1G9D&hash=item3beb6b1c0f:g:mocAAeSwI0VpilCo&itmprp=enc%3AAQALAAAA8GfYFPkwiKCW4ZNSs2u11xCwalG7GV3QYNM5KngsPIh308hGm6pBI%2FSEMX%2Bgc0FvKI5yu37PilN7fEkF%2BzPd%2BBYuijcZNIiUjliZIuIWUCA6f185K55qbKX64UHZ9wiXtGWiS5JH67ZIWFKZM5qYvuhdaeGCBCQXDneeloSJc5qIoU%2FRCZ%2BFGWiUuFKls0ZhsrTBCDLQ%2Bt0BdHVSbViEpObMsbJQVt%2FErtapDFsPFiLILPYDN9pm5xbNj67tsWOTwb5wDUhx6lMOyI%2BvQ8IGHeaaOTaok%2Fi6SRdaruWDWwKu39kFDdvvBZyHL%2Bd9PLgOeA%3D%3D%7Ctkp%3ABk9SR8rL4Y-fZw
Montbell Plasma Ultra Lightweight Down Men’s Puffer Navy Jacket Size Large L,115.10,Pre-owned ·,Sold 22 Feb 2026,https://www.ebay.co.uk/itm/287155611531?_skw=montbell+puffer+jacket&itmmeta=01KKWFRCP7WP2AQFZKR9MYS0VY&hash=item42dbcee78b:g:Ah8AAeSwj~VpmZXe&itmprp=enc%3AAQALAAAA8GfYFPkwiKCW4ZNSs2u11xAql%2FIx%2BDAKgzu5yY7ZG2pYe7px26OPkT3lkvKy6zYtXh1FvyfE3MBLO%2FOdgZpjAAeXrJ0f1jmDsAHjPCoCn6YOaj2TEQr8uq3CqasW7pEmrw3ZNVspxZpnY3Fsn3bGKoe%2FwhUVWJbLiLIUoXJRHoXt2tVTNyy%2BLqOonsZ34rAC6gM3mw5sg2IdxN%2F88HoYe85f9h2SmKaArdh7TxmY1q8w3OeGadHE6TzTemGjXSirZD3ozc%2BGsVEjbfjx8YLckM4%2BuxTl9F9KyA4%2FJ8zD0dNL8UBvI7WGPMrOGHLfDYnGwg%3D%3D%7Ctkp%3ABk9SR8rL4Y-fZw
00’s Montbell Superior Down Gilet / Vest (M),85.00,Pre-owned ·,Sold 22 Feb 2026,https://www.ebay.co.uk/itm/317828244884?_skw=montbell+puffer+jacket&itmmeta=01KKWFRCP74JSF42PPKY4B0DJD&hash=item4a000a2594:g:vL0AAeSwAUhpf0GT&itmprp=enc%3AAQALAAAA8GfYFPkwiKCW4ZNSs2u11xACHKQMiQSFergPu7V11SZQRAr8zf0UhdJp%2FE98N07B88OmIoAZOFL4%2BTJIpbGybeEB3rip7ColCu5%2BC7pE9ZmWhcoB7xa4rMEt66kbkKZ3nmlDk4hMDLLLMesK5lWpWym1D9KHMqReOKuARmjxvz1oFCXZG--Mn8JpfgbL5k2gq7pg%2FdQapZdV0emeVTb9DTv61XnckE9nuS1ol71%2B6gLSgWj87Y6nk%2BvoYhejQMHnU8vnCPWQG6PWj2ndF%2FhF4JKkgXaC%2BWPVBFY8FamEdkkpgkRSy2rIz1YryyEY8fN91g%3D%3D%7Ctkp%3ABk9SR8rL4Y-fZw
Montbell 800FP Pertex Quantum Down Jacket Blue – Size XL,95.99,Pre-owned ·,Sold 21 Feb 2026,https://www.ebay.co.uk/itm/188046400653?_skw=montbell+puffer+jacket&itmmeta=01KKWFRCP7AH968579YGAN27J3&hash=item2bc8705c8d:g:TSYAAeSw4~9pi57f&itmprp=enc%3AAQALAAAA0GfYFPkwiKCW4ZNSs2u11xCbtbk5BGem1pQew0lKFWnrlfNNXIFQ4PlBv3TopwhfUfqBbGAlgH0oB2EpMiCTr4RYmFRA%2BzyhPzBllPkLg9usMfLSzXQq4pq7w4XXHiQZpX084iPuWaXxZnOTnS8%2FhMxb%2FaRtwiypMYQPpI0vmxVTP8IxbgjNVs%2BZlWgGPvnqkF%2FI8wJmqVQs6dVSYnH8WHjF36Y4RGhOgrHNnJ5UQNlr3%2B3WmeMLRHMliyZDzvZSxVQb1V2Gs7WgrEwJr2oDHgY%3D%7Ctkp%3ABk9SR8rL4Y-fZw
Vintage Montbell Mens Puffer Jacket Large Navy Blue Down Insulated Winter Coat,65.00,Pre-owned ·,Sold 21 Feb 2026,https://www.ebay.co.uk/itm/167822369162?_skw=montbell+puffer+jacket&itmmeta=01KKWFRCP75MXX0GQ3WMZ6WZRG&hash=item2712fe218a:g:m~0AAeSwKlFovtFV&itmprp=enc%3AAQALAAAA8GfYFPkwiKCW4ZNSs2u11xA%2F3DZAtEAdKLf8K6B9d6W8fyC7KItdusI9lXlXBq2cakXSQs%2FYe%2B9B%2FMphW7vtOA3d2ML3l%2B%2FZwJWqO4nMeNhk9U4%2FTKjN2lnkIiohFmG5yJIixYpt47QZFVOHCbBo4yJSW00ooJW2rKUL1Lao3sXKCxflbKLjnCjMLoF5MnUDYX2fVvJw9D7ecFKQl%2BhdSZz3gbEtuD086gRYYG0UPn0KIDijJKSHcX5cKxIHV%2F3Vzd2S8%2BjWnYDtbMNbNAQulHQe2slaFpkAKB7bfPbqMwtwsSk9E49L7JEXuSoKj5dnrQ%3D%3D%7Ctkp%3ABk9SR8rL4Y-fZw
Montbell Arctic White/Grey EX800 DownfillPuffer - S,125.00,Pre-owned ·,Sold 21 Feb 2026,https://www.ebay.co.uk/itm/376912294177?_skw=montbell+puffer+jacket&itmmeta=01KKWFRCP7YNFRTZ46A10KHCPK&hash=item57c1b93121:g:IsQAAeSwOt5pe1qm&itmprp=enc%3AAQALAAAA0GfYFPkwiKCW4ZNSs2u11xB875yJSKx4gDw9M%2BZOJxRiPQl1K3LFvkrCyOz%2FwHYq5pPRHfQF0O2dkHbX6BzNQ6o8RNhWzMj5Vd02VZQ4zhxT2hVXtfXHhLiWYA9pVbk%2FvXfHfFxTMvvrg%2F4UY1O4Kmv8736H4UkGMi%2BIkANH0X4R%2F7fXErRavCM4JZbde%2B16v%2BACzEPpnOnLpZTvzuSe05qJW3UURIwaQbIDzWOMRP%2Bpu6tLctyhN50lCFDfO1G3Q%2Bp3iHrTGufbmuKSa8NYylM%3D%7Ctkp%3ABk9SR8rL4Y-fZw
Mont Bell Black Down Gilet - Men’s Size Large,104.70,Pre-owned ·,Sold 20 Feb 2026,https://www.ebay.co.uk/itm/257295906355?_skw=montbell+puffer+jacket&itmmeta=01KKWFRCP70DJ1VEM6TN07AGKY&hash=item3be807f633:g:VWAAAeSwgfppXOqb&itmprp=enc%3AAQALAAAA0GfYFPkwiKCW4ZNSs2u11xCN5zVbXne9yVer3XVwx%2B%2ByOtKZccojBRxCn%2FPZcARD0UfynMPCL%2F%2BBRdmwZWtp6W8hApFxQS5fGvaE4swEzgvHkzyan2Xl6kI89J1w%2FVOOBB9dX%2FixkNucrlkLp9l0HeNkUBBQDo%2F034mLUq8um7%2Bq0VceGFYd19mbjju8dUvcerBOMZTIqxk9SR22HK8pZOO7%2FnRLQQHBRbT5AqXuFacijiHgw7hKR142LrOF1x0%2F%2BSi0qauZZapaHF3y8Jnw89Y%3D%7Ctkp%3ABk9SR8rL4Y-fZw
Montbell Lightweight Down Jacket EX800,89.10,Pre-owned ·,Sold 19 Feb 2026,https://www.ebay.co.uk/itm/317891818900?_skw=montbell+puffer+jacket&itmmeta=01KKWFRCP7C3MJS1BJ2PBBST6N&hash=item4a03d43594:g:RMcAAeSwFQxplJQS&itmprp=enc%3AAQALAAAA8GfYFPkwiKCW4ZNSs2u11xAuHO4fWs0nM%2BmWQa6%2FSlPQTxF%2Fi6iTNRGdqf4B%2BV3yA2gjpFCO4O6JVc4Oyf%2BGKGs%2BQIo%2BsYo5jvl%2FZg%2FlDMz8hQsRHrF3b9xOaMC7C5uEKX2%2FLOP%2Bq53zZHiYe7R%2BHf6Jddzsb%2Fyy%2ByW98XOhUeuJQJlnn7nuawX%2F5oxvxsi7%2Fe9pFsc8vZcjdnMBuJFmapIAa7h8lN0hgv%2F20oJiS0fEdMaaak3Fe6E5S3BvTeoPY96ZfibJcn2%2FOUl4RhtszFhkRrUUy3%2BYNvpVKCg8IrU9AIgq1YslfjlInuRcsYXMTg%3D%3D%7Ctkp%3ABk9SR8rL4Y-fZw
Montbell ex800 Jacket Size large Japanese XL (105),68.79,Pre-owned ·,Sold 19 Feb 2026,https://www.ebay.co.uk/itm/376935516050?_skw=montbell+puffer+jacket&itmmeta=01KKWFRCP86J79JYEKR7Y33D2W&hash=item57c31b8792:g:8j0AAeSwxv5phMkv&itmprp=enc%3AAQALAAAA8GfYFPkwiKCW4ZNSs2u11xAFLw%2FQJ2HpxRLw5RSiIo%2B80jLvQde7eEvfPe4kChGkEkV8lHlMn0Rb%2BdiUCM%2FEq4GIohwj%2FvYKdq0Nj%2F5QsQmLOqwkok4uCvnmUOzaGPQFKngYWoLkO%2B8i7mFlsPFyidemE1JZwMv54NZq%2FG%2FiGhtmFduB4NbNKEGXee8Zqg8y9VXOjKPaX9%2BQYvqcWob%2ByExBxMwZit1o%2FJzCmaFwlYZHbqPFn8pv1k1hnUQrX8vliTwLsl1SHeY%2B5aqAJV38kzdXGLPdKizcqFV4EpY7XIEzpT2Sr0JJV9Q9h%2F7PoUPRIQ%3D%3D%7Ctkp%3ABk9SR8rL4Y-fZw
Montbell EX 800 Fill Power Down Jacket Black Hooded Puffer Coat Mens [M],99.50,Brand new ·,Sold 19 Feb 2026,https://www.ebay.co.uk/itm/389637415745?_skw=montbell+puffer+jacket&itmmeta=01KKWFRCP8BTZH5S7134XD2X19&hash=item5ab8332341:g:OmcAAeSwfVxplOSu&itmprp=enc%3AAQALAAAA8GfYFPkwiKCW4ZNSs2u11xBeqbj0QPaCK4lmtoY0OHUamceesbl7xGhCBoHrBt%2Bai1yveG9WkEIiOuGkA8I5OFScFqCRUmNnpyVjeRCHsFx%2FC6YnBS%2BZaumHxVXGmL0VYzo3oksOIDUxe5i5ueADxpuilcLwGam9afZQiWuxHJsatvv7KVBnX65E64NyjMbP0GXsiII2DrJGk1jHnU0CJoOZFxgNZKtFQdEObLK8%2BfLnp2QsQIsPh%2F4gCZ3qUJ0WdaeFmiNF9MxvTjq9QwXVgIjeZC3BOBR%2Bt0bi8zjs2MgGMVmG70MqhBhaQOiYETwHOw%3D%3D%7Ctkp%3ABk9SR8zL4Y-fZw
Montbell Jacket Mens Medium Gold Padded Quilted Puffer Insulated Ski Coat Vtg M,35.90,Pre-owned ·,Sold 19 Feb 2026,https://www.ebay.co.uk/itm/397404570575?_skw=montbell+puffer+jacket&itmmeta=01KKWFRCP822FV9J10G76KTGTP&hash=item5c872883cf:g:-GIAAOSwLKJmJ402&itmprp=enc%3AAQALAAAA8GfYFPkwiKCW4ZNSs2u11xA0sewBVgg7fhQzDTR4gkPaH8JY%2Bs3IjU6chbcPkvOXciz3DkixtX287IJgtypLbHUJXHqNqIuY8gDWoOznrYdwGtYbl7d7fewzrXgbAtoLycR34QMZSsfDJTbu5kKEVlu0QUZRx1VxIZ%2FEWPFnHQWRJvnLQKV6m4NRh5ylwPgGoTvuoudy0IZLFWNE30xD9TQD6zOPyeivCyUvo9Qlu64WuaCn7WFom5QmnjtS0qPcyj2jS8QJdL3KksHi4Us8%2B%2BMRbLV0Z5L%2BUSN9O8IRwqDIluRqT%2BsWwRnsSFQYLMaNfg%3D%3D%7Ctkp%3ABk9SR8zL4Y-fZw
Shop on eBay,$20.00,Brand New,,https://ebay.com/itm/123456?itmmeta=012DEW30YG0MEEKND7NH&hash=item123546:g:acwAA9KNiJowH:sc:ShippingMethodStandard!95008!US!-1&itmprp=enc%3AbgepL1tlUHjMGCVfSTGJh%2BzsVKeJ3CQk7NizDI4BZeppuFnmyS6Ijyp8lh%2FnEw%2BWqO7uTV1Q6izE1R0T54aV8j71F4xlWfVcGft4%2FiOQhtqVXA1rW6M1atPARQRmhqUxtEPJKhKtSFgI%2Bvwlzb0GwVCtkp%3ABlBMUObkmabpYw
Shop on eBay,$20.00,Brand New,,https://ebay.com/itm/123456?itmmeta=012DEW30YG0MEEKND7NH&hash=item123546:g:acwAA9KNiJowH:sc:ShippingMethodStandard!95008!US!-1&itmprp=enc%3AbgepL1tlUHjMGCVfSTGJh%2BzsVKeJ3CQk7NizDI4BZeppuFnmyS6Ijyp8lh%2FnEw%2BWqO7uTV1Q6izE1R0T54aV8j71F4xlWfVcGft4%2FiOQhtqVXA1rW6M1atPARQRmhqUxtEPJKhKtSFgI%2Bvwlzb0GwVCtkp%3ABlBMUObkmabpYw
Montbell Lightweight Down Jacket Burgundy Men’s Medium M Puffer Outdoor,78.70,Pre-owned ·,Sold 18 Feb 2026,https://www.ebay.co.uk/itm/317843292990?_skw=montbell+puffer+jacket&itmmeta=01KKWFRHN5Y4BPDBR45YNF85KB&hash=item4a00efc33e:g:ML0AAeSwRUJphHj8&itmprp=enc%3AAQALAAAA8GfYFPkwiKCW4ZNSs2u11xDArpoeaG3CRYMfXQTChb5HP5sSiiWI2jCxy7mkIz9Pa7Kxtd7etfom4uYdhqO6wkaljCZOHy95i1HWr9tSL6MsVGpHH9arFEkNwBN19pbzMouEXAFbwshWHsDGkGtAZ6mEj3t2jHTvCyiXT10zmwVPdC7T4Dc1mfWEeXQzciS6vyMVWbrGVQwvqNxBOqmLDulhV3l1f5aNjOjbT2oK9M24iOPjdnO7T9lDYAgxmua%2BuyhiUyRq0T4UoA7G42hWx3Rxmy3ocLygdZdZwJM6eUzhDRJCXj9j4ZnmfmEVboefEw%3D%3D%7Ctkp%3ABk9SR4Sb4o-fZw
Montbell Puffer Jacket Womens Medium Pink EX800 Lightweight Vintage,36.99,Pre-owned ·,Sold 18 Feb 2026,https://www.ebay.co.uk/itm/357870650835?_skw=montbell+puffer+jacket&itmmeta=01KKWFRHN5NQ6W07X9GCFGH23J&hash=item5352c0c5d3:g:ZyIAAOSwR79nfU4w&itmprp=enc%3AAQALAAAA8GfYFPkwiKCW4ZNSs2u11xD0Vopq7MP7MT9aNuaTgA%2BdpK4TysgceKE%2F9K7z22fpcKBMa8b9M1AlF67f9YKEbHLGaU8maA2ATYo4bSS1wtb5B1bZThz1QwYmdmJ%2BCBX3rlt5mgDZK%2BOsjKvPhmtdPRnWnqhAErz3WscFLCBKG2WlZsPAeH4Ma08LWBvxxhVLYgJ87EfJ7%2Fei8oqoV0UFIOBJ7Shb8hKe%2BVFzxuBhmf7JbEvrdOVFY8qEJlGRV0lf3iPgu1GLlxm7HVa6sZQ8XeJtaVN51S94dAbOpWq9khO57Fft0lZl%2BC6eBTHtmGwH1w%3D%3D%7Ctkp%3ABk9SR4Sb4o-fZw
Montbell Rare Limited Edition Down Gold Puffer Jacket For Men M Authentic,125.50,Pre-owned ·,Sold 18 Feb 2026,https://www.ebay.co.uk/itm/336439806067?_skw=montbell+puffer+jacket&itmmeta=01KKWFRHN56MH1PYJ3MQQP34NQ&hash=item4e55600873:g:o-EAAeSwsDBplNCf&itmprp=enc%3AAQALAAAA0GfYFPkwiKCW4ZNSs2u11xA%2Fuv%2Boi9LsHHaiGMyPkRtt8IWYxhXEAHx%2FgXkDUMZE8XVyXCvVuT%2BLvKw2jlelgMtvUt1MaxaWevuwqthteGuvNQI%2FwaNrGZmX%2FwUTY7sqTNFkTl2Sw1Gdw6oV2de6SvL4jhE8zkN6NB6vTb75KDjBo9r1AN0pQ5EbWAZfQtbVKRJcz17XWsqCpGjIGImaEmbwl0TlryPdztHhLRHHivrl%2BjSRUQo6vVN5%2Bb38%2FJ4DrKTa56UQiYBXSSGmJnnk9CU%3D%7Ctkp%3ABk9SR4Sb4o-fZw
Montbell Puffer Jacket Blue Large,104.70,Brand new ·,Sold 17 Feb 2026,https://www.ebay.co.uk/itm/376953089120?_skw=montbell+puffer+jacket&itmmeta=01KKWFRHN551G9A1HJ0DJ1H7P5&hash=item57c427ac60:g:Gw0AAeSwogdpO0cI&itmprp=enc%3AAQALAAAA0GfYFPkwiKCW4ZNSs2u11xBouIm3LumS5Xhnm8TKFZIFY7GTBVIOyBnAgeRbMirg1e%2BcUgGbovWaPCPpWJT3dk4F6Ne92m%2FgXLWh9vCMDoNlVOu6i8GibMaZd44OTkpqLM1KuSQMxMWxD%2FWZGGCn8XJoJ0NPuXLj7n84qOq89nGWT3nMHy56piWgL5Xmdw3YR74a4AV6qkLMsQuRkhG6EtOibipRfB11YY37mO8LIvGlgMxNzWjFijGzUSUKDraFrBJmG4JEt7UFdNrHbWYiylA%3D%7Ctkp%3ABk9SR4Sb4o-fZw
Montbell Men's Superior Down Parka jacket in green with 800-fill,141.00,New (other) ·,Sold 31 Jan 2026,https://www.ebay.co.uk/itm/389492134925?_skw=montbell+puffer+jacket&itmmeta=01KKWFRHN5R8H8Y9BJMDF7B0NS&hash=item5aaf8a540d:g:QgcAAeSwvBxpZtfO&itmprp=enc%3AAQALAAAA0GfYFPkwiKCW4ZNSs2u11xDXrGKDwg%2Blx3E3jwNhv3cOPtYpN8%2BDJx8TPgF5%2BPRIJYenr2jiGL6IkBrpDr0XakYjAby8r1s93BOjEhQZM6KDCEBclv%2FhJPtlnQoybgvs%2BY6BMQk%2F7GMXRyu8ldED7xHT4Z2ebCg%2FXiiICHVVI3pbXoIHQytZvLmedjP%2BDsTjPfOt%2BVwInB5sGc3fQlqo66TqfvJBeKBjFh0Bmy3WCEYmnf07Wbbr6u1hvfwpwkQikf9s05nN%2FAx01pZt7i3jWXs%3D%7Ctkp%3ABk9SR4Sb4o-fZw
Montbell Alpine Light Down Jacket Men’s Japan L (UK Medium) Black EX800,156.70,Pre-owned ·,Sold 17 Feb 2026,https://www.ebay.co.uk/itm/287104233764?_skw=montbell+puffer+jacket&itmmeta=01KKWFRHN5YS69BA2DTS4V97MZ&hash=item42d8bef124:g:2dMAAeSw7hBpeQGG&itmprp=enc%3AAQALAAAA8GfYFPkwiKCW4ZNSs2u11xDnO6wUMVcaICw7MPZsfDelarcUYBRwvQpcHysG%2BkxmbjPs9FUB%2BLzMDLq5HovDijI3DmLvBiuiwBPy12wKeov1G3zhXnDQG2nmdyxy%2BhOpMkVLoRBKdg2LzyNoYPGQj49sJ3oaRhxqxEAExQL3%2B5VAmfgybkEbob3LNhCjUPEwWLzlU0hagy3%2BvY9S7wf5bWxXCwVl%2FEoXWj40mSlUKF3A5xeTj3tFUb%2FhlO5Fxoc2aZbaPImblHh9UtvWTp%2BwkiVsaZrHndiZca3WEcwe3lmnKzOHUS5YmEzNaBC%2BgWXhsw%3D%3D%7Ctkp%3ABk9SR4Sb4o-fZw
Montbell EX800 Windstopper Puffer Down Jacket Olive/Black - Medium,160.00,Pre-owned ·,Sold 16 Feb 2026,https://www.ebay.co.uk/itm/336414840946?_skw=montbell+puffer+jacket&itmmeta=01KKWFRHN5RT5CA2V099BXAM4J&hash=item4e53e31872:g:2YwAAeSwjdlpfhyx&itmprp=enc%3AAQALAAAA8GfYFPkwiKCW4ZNSs2u11xCcLOxwQgQRa3oYKyjb895wxZSmMr15yFdWsD8ic2pWv%2Fnqsd%2BzhTkirIo8E8KrOiNkGOY3bYzU9xp8bCXfpQDv2QWgxe3TMbsbHdvw%2BeRHI53QJmhcyVHnTKGz35xs0%2B%2Fiekl43fRA6P8jn2EdPg7VHVSI0U05ZD22X72ksQBzevZxBXWnX4HkWDPSHM2A%2FjvSO8BKh3Vw4dm4Amlgg9HOdgOCA4vxs%2F9Mh8OyHCGNTaghANOeqGQqZ2%2BwgpcO%2FmEgdN%2FWNkXC63FmwbbdvMI8c1%2BEZsDtWUj9z0xHCM%2BVew%3D%3D%7Ctkp%3ABk9SR4Sb4o-fZw
Montbell Dark Blue/Navy Down Puffer ‘EX800’ - S,125.00,Pre-owned ·,Sold 16 Feb 2026,https://www.ebay.co.uk/itm/376925246677?_skw=montbell+puffer+jacket&itmmeta=01KKWFRHN5GB3T5MKAH37FE126&hash=item57c27ed4d5:g:~RkAAeSwemNpgNsy&itmprp=enc%3AAQALAAAA8GfYFPkwiKCW4ZNSs2u11xDHflHAiunmsPW%2BlNj%2FEj3jO62BG%2FBsGAtfhs%2B6j3hUII2YqAt3C2SnR9py0rbBx%2BcLRBlj75pJhULtFaLel8RBjJ%2F7MiDua%2FB3j6uSdnZz5I7rqFK0I2lP6EDdUP%2F5DhE1G9cnWykrc944T85CkB1vGYzWfhEmz2y6iKuuTNIWbIu%2BbuCb326rw4w%2FQkGNVy%2F3gp6grxCpU80oTdyzrvIGEeHP7GW1g%2ByQ8fNfsL%2FnKIYjQsxUQMLhL2rORg3HwTi%2BrLO2Qtou%2FKv4jT10xx40BYuOtYdYuUimHWI2Zck5cw%3D%3D%7Ctkp%3ABk9SR4Sb4o-fZw
Bundle: Stussy Skull Beanie + Dark Blue Montbell Light Alpine Down Jacket,110.00,Pre-owned ·,Sold 15 Feb 2026,https://www.ebay.co.uk/itm/287144083876?_skw=montbell+puffer+jacket&itmmeta=01KKWFRHN54FA2G8A4QD10Y23K&hash=item42db1f01a4:g:W3oAAeSwYkNpkhi-&itmprp=enc%3AAQALAAAA0GfYFPkwiKCW4ZNSs2u11xCSreY2kOWsvMFkOmMPuKUYsTMMDUde%2B1OA4ouplwWEDsIh5tATR71QZHhtjnqDgnEi93sk3hi9C5RAKgHLSLZVWVq4WBvF%2B6MO%2BqCEBycEmb6qoF1dVrlWbSXAxmjmt%2F6mbZ1YTNvo%2FaOWYsB9cw%2ByqibgUzKqZCAEn7ROnzW77Q6Ge2Wr2lMxCmQDVrEhxkz4XIFYybv%2FHmq1ykav2DNSUcGciTyomO9QkYEukKSZv%2BF5wCFh5XkIWY8Yt%2BY1pWs%3D%7Ctkp%3ABk9SR4Sb4o-fZw
"Montbell EX800 Men's Puffer Jacket Size Medium, Down Filled",104.70,Brand new ·,Sold 15 Feb 2026,https://www.ebay.co.uk/itm/177861683419?_skw=montbell+puffer+jacket&itmmeta=01KKWFRHN5VZ8E1Q8J6TFA277X&hash=item296961e8db:g:BqkAAeSws09pj8-6&itmprp=enc%3AAQALAAAA0GfYFPkwiKCW4ZNSs2u11xDCOlwWnsgAM6X33LUefDhgdbR7mP0kbVE29Qzhp1WzQ4Vf1S9NhWNNG7%2Fv2Dke44%2FHGTJzsFUQF9dW07EualBPVIAaWiSO8xUnJ7igMmk67qkQIpUYS%2BEwtknzlHl6kMFC5BvpaFAnnePMyZxvY1xKNY28Qa8mfcxPYdQM%2BCfZDI8FX939tVbbgqLP%2F6YxsZUMyWhFFnJIHQYrrhRuvkxRHzTCIYMYXKOclaGo0Eu5QsVgWJZBPMKWyjIKNHXn1yw%3D%7Ctkp%3ABk9SR4Sb4o-fZw
Montbell Puffer (XL),164.00,Pre-owned ·,Sold 15 Feb 2026,https://www.ebay.co.uk/itm/167940491673?_skw=montbell+puffer+jacket&itmmeta=01KKWFRHN5C5VGCXJMH44N56E2&hash=item271a088999:g:9ssAAeSwiFlpHUDn&itmprp=enc%3AAQALAAAA8GfYFPkwiKCW4ZNSs2u11xAwu9vg3A4T%2BtOo%2FfshSgBab5xMDSRtXVdEGegFwTX7xp1kVWKCzsE48WCSxKNLl1bz4poR4tXiSRB90oAO2%2Bf7ttnHbeiBWvYZOcp8jfOnclZCkSSRFIxaJGfdhPR6N3CTx1KWOclQUbPJ5WKGtjiCVesxTAG53zpsHnZFsYfG9WRujFb7bOK3d6EnPO72YTrnys%2FsQA3cmI1NeDvnGmLl%2BP9XyD9dxHYiCR54jws2WhK7mj%2FfIKqpihswUvKA2I5bEgdl6cPzU2kOghlhgXZgyKwvfBNArrt6aEuc3Yt7zQ%3D%3D%7Ctkp%3ABk9SR4Sb4o-fZw
Mont Bell EX 800 winter puffer jacket black medium,23.00,Pre-owned ·,Sold 15 Feb 2026,https://www.ebay.co.uk/itm/127669232448?_skw=montbell+puffer+jacket&itmmeta=01KKWFRHN50T9SHH62ZCFQTYXX&hash=item1db9ade340:g:zu8AAeSwyqlo53vX&itmprp=enc%3AAQALAAAA0GfYFPkwiKCW4ZNSs2u11xBWCIdk%2FZd6ta4ZS6vm03AiTu4bH7qkiYRYS%2Bqss5QuR6oLcUKgubfSKzWhWvw5hom0PmgfWBcHFY7ZrCmnGlErwgWjFW7WTRH55nbhW9YsRHQFsqu9nxTEWTuxNKvVJz97hrWOC0uDWase%2Fc9bIiBESm7kwG3UCBWZxV2FeGC%2B8b%2FKJpe3IfDXSHJsateS1R%2BC1tIx%2BacuA4HLrbJv5ZCdayamJNENYE9OXwfLZSnrp2fev1Voq7NcuECGOT3Yqcc%3D%7Ctkp%3ABk9SR4Sb4o-fZw
Montbell Womens Climaair Coat Fleece Lined Jacket Size S Uk Burgundy,14.99,Pre-owned ·,Sold 15 Feb 2026,https://www.ebay.co.uk/itm/135662830201?_skw=montbell+puffer+jacket&itmmeta=01KKWFRHN5M61CPKS2BWKE9SJ2&hash=item1f96228279:g:sMAAAOSwbHdlujSN&itmprp=enc%3AAQALAAAA8GfYFPkwiKCW4ZNSs2u11xC0w%2BG4l4A6xDBogzp6c0RvVXIiM5My2%2BXWkr4xC0N9eeLVvpT6luKOH342bhuRwJaS9a6zHpZIKQog%2FtTs8WCgwaHMnJ7d9hwPiOCDWOCYKbJi4yX3DXczneW8KQjsjhPS7ywVEjK%2B7z7ya5WDjOVZz0Jfp0Lw%2B3Gg%2F4qx%2BdHv7nkjyFzkCT9KgzcHtPc%2Fq%2FWbmlD03e%2FArHD6WDX8jzCSqa4Eb%2F2YVoEWwiZXtxu1GX9jyo%2F1WgKMKVMxM84UDcTUGDoESTbJM0rzvPPQZF0q%2FzcK1kcmMwurOTJo3gUFCA%3D%3D%7Ctkp%3ABk9SR4Sb4o-fZw
Montbell Diamond Stitch Vintage Down Puffer Jacket Japanese Medium Womens Taupe,129.99,Pre-owned ·,Sold 15 Feb 2026,https://www.ebay.co.uk/itm/336388475346?_skw=montbell+puffer+jacket&itmmeta=01KKWFRHN528BEWH805NNXH8SR&hash=item4e5250c9d2:g:~JUAAeSwq4dpZqxX&itmprp=enc%3AAQALAAAA0GfYFPkwiKCW4ZNSs2u11xAXR6SDqtnk2mChoxnY%2FA5bdz03wCmBLTxf3k%2B7dFUO7zUEBDNp8BFR0gRCP9mE6%2FNTtl8AmSb0wrVKgfeUNXKN4VpenhTR%2BktrcVnTqj9Lz%2B3LAnWnMMGmnOv5TdhNBnCcocqU4h7PiV1wNCCrFxFPp7TB1RtFtCmirsW42ppeWIF9QLqiOP05TmyaaiDUlADsqMB4Sk%2FFTkCNyhqvNmBk3Ei8oEzrZO3iTGCNIan4VhwtP4DINNGChT5GMCF%2FSY4%3D%7Ctkp%3ABk9SR4Sb4o-fZw
Montbell Down Jacket,140.00,New (other) ·,Sold 14 Feb 2026,https://www.ebay.co.uk/itm/406656038889?_skw=montbell+puffer+jacket&itmmeta=01KKWFRHN54MS6662HPR2F8JTS&hash=item5eae96b7e9:g:jkAAAeSw8Vdpfghn&itmprp=enc%3AAQALAAAA8GfYFPkwiKCW4ZNSs2u11xCV%2Fgx5ni73skt1aX4Wsu4A6ltOlGbZgToaV0fmhkMDtBap4d0WNjs4XGgObLWF%2Fk2YgNZDNA2N3XCr6QLQrwPBZKdtpq9JFXUGoVcQ6sW5%2BL1UwYwUhyFZXFs6pCCgdAWjBQSRdPrn4jcuWqed9VgBhG2KrLPul1m9JQyOdCh7RZKBOYyaX%2FjNyphgwoGnJ9fb2aOCBW4D51v4wekvDNF97m6xxZXs%2FPx9vjyUIvZhtQCh9S2ki5q0pKq0zBqQMgC3df8QquyeshE%2FKEfhJUT%2BzpkI0xcvH5Dfu5SKhSwO9w%3D%3D%7Ctkp%3ABk9SR4Sb4o-fZw
Montbell men’s down jacket green size M,52.70,Pre-owned ·,Sold 14 Feb 2026,https://www.ebay.co.uk/itm/236633717892?_skw=montbell+puffer+jacket&itmmeta=01KKWFRHN5318TA8WJP6NRCHYW&hash=item371877fc84:g:BtsAAeSwuzBpjs0Z&itmprp=enc%3AAQALAAAA8GfYFPkwiKCW4ZNSs2u11xCXIALzy%2FZT24FB6SeRJPXABqy2jvWqJN7oCGnSsfI3LTNU9LzRcZ6dda9fUPxVjw9%2Bj3qAz4SbYTq73WjmPN7MzxHv0mdhl4SVUgQLJcvZHY%2Fblvp7c9DDfXkZHjATKNjyGVm9Q0gVKGnAVEtXSth0wm7EEZCgyMJhlTDkrr66B90yyDpmASJZ%2Bo36bpYoyVIAbh4YuMrLQ2OBEjNOwcTlObuKKQ588wPz7HOnGujpofttWpdR6p1dl5HePIsSiuGuiAa0e5Dgo07Kvtf018TxgGclnTUGiUNBfpMHbu%2FqSg%3D%3D%7Ctkp%3ABk9SR4Sb4o-fZw
Montbell Permafrost Light Down Jacket Men’s Size L Navy Blue,42.30,Pre-owned ·,Sold 14 Feb 2026,https://www.ebay.co.uk/itm/198064255353?_skw=montbell+puffer+jacket&itmmeta=01KKWFRHN5VZRHFX0HQQ2XN4TC&hash=item2e1d8cb179:g:KMMAAeSwAUhpe6qm&itmprp=enc%3AAQALAAAA0GfYFPkwiKCW4ZNSs2u11xCuLJ%2FiQ3%2FNvOz0R4moP5%2Bu1v7R2Z1ZwsGno%2Fh4pR7TV6e6ipSPMRpH4k5BinpZhT%2FB%2BGM8AOWZ7StpvS21q9cAYStvYdJFxqrfV8LcoRCBwsRPpP71GxTnJXfsgU3bdNtXMsbKXMSCdw3QUQ1KMYxBdBZY4ZXzNebX3wd7%2BxWnvkt791UanXl58EM0DTMq03TuDrOed3OB4c0xtdKnUeK8ctKFCOOGkBoim9%2F%2B6q%2BbcKD0u5MKIfHBX%2FuGtrZk8JA%3D%7Ctkp%3ABk9SR4Sb4o-fZw
Montbell Two Tone 800 Down Jacket Grey Men’s,115.10,New (other) ·,Sold 14 Feb 2026,https://www.ebay.co.uk/itm/397603771936?_skw=montbell+puffer+jacket&itmmeta=01KKWFRHN53NZ056PFZTM9Q6AK&hash=item5c93081620:g:xksAAeSw2iZpckKQ&itmprp=enc%3AAQALAAAA8GfYFPkwiKCW4ZNSs2u11xDNlu1LlBfMDzIYgubed9QYultI%2FR3%2FufCAa4lHunpKJ0%2BXc1Tnxswdr4p2U9lupK7yfSvu3HEuCoqqZ9yGZRw00HIanxE8%2FZ27%2Fa4qU%2BepSowCAJ4mFPu2EHx%2Bhxo1ZOf97wmKQAyWC6%2BE4QfE%2BA6RZykgHJxgUBM%2FgPttV9idYngoE3wSWWEPFGnayQAmkr3pAY23X9Ee3ePW2IDo6ag%2F51lJ1dZbsThbYnkoYNbs8pUpE34%2BTmpegoYSKzstg2jv7dcGi52C33PKxT9fjbQcrDpZOMgH0RUWMt%2BRFehpAw%3D%3D%7Ctkp%3ABk9SR4Sb4o-fZw
Montbell Mens Plasma EX 1000 Packable Down Puffer Jacket Size XL Japan 110,234.70,Pre-owned ·,Sold 13 Feb 2026,https://www.ebay.co.uk/itm/197944502182?_skw=montbell+puffer+jacket&itmmeta=01KKWFRHN5JNB08BTZM1ERCGQH&hash=item2e166967a6:g:rJIAAeSwYpNpPJhd&itmprp=enc%3AAQALAAAA8GfYFPkwiKCW4ZNSs2u11xBUNnAFb8nJDihATGeg6pXHgCMQRkWp8i%2BOmN3n%2Bij54%2FNsbtaLQwvNHyhyJsXRGapMeecaJriESuRanVYQkKmI63ccQEhhQv7G2ODxcZe4NWEIhNxUfXy8kyblmGUD%2FDjG0TApHd5IbSKpn8IthtWNiH9Kkb0pdl2IWEM2SMl3HliW6BoF4z5XRLH46xM1Jy8uwOYQjfGSScxWqnAg6L2gLh9FsiibzBEVLiTGgS7476DRZ9a4Y2RRSlitWYNYYq%2B%2BpZDCL5AZW1twHq3lIPIx4bTBFxQ2J24iPBw%2FtyRyAw%3D%3D%7Ctkp%3ABk9SR4Sb4o-fZw
"Mens Red Mont-Bell Wind Stopper Jacket, Size Large (100)",28.55,Pre-owned ·,Sold 12 Feb 2026,https://www.ebay.co.uk/itm/188029162169?_skw=montbell+puffer+jacket&itmmeta=01KKWFRHN585F5YBNEM5FBGFFK&hash=item2bc76952b9:g:ZGAAAeSwcVxphNhF&itmprp=enc%3AAQALAAAA8GfYFPkwiKCW4ZNSs2u11xAZT4m65HJvMr68xO7MIWzAC6fqDP4l3QJ9NPH698cKpG4zCklJ2s4y0%2F11sHypuKdblVMuofznbctnoNtNrZp93K%2BqzwrzU8YvVeL9ggBkFMzY%2BjDsLvzWFnkdzA%2BipSyw%2B6nkcM%2BmjIL6IcMkPfgPqFEvib3xL8CNL1yIas6MpYnMMOnIHRR4mfwSq56vQZ8nmtxkFylwxoaVFQf4vbMJhkeU%2Bs8Ku7nC6VDAUckX6BTNTKViG8WeDRY8%2FQv1rN59Zm%2FJpd3QFPJNuOJ%2BNYr6ugwI6CpBPeN4J5IIJddFfA%3D%3D%7Ctkp%3ABk9SR4Sb4o-fZw
Montbell Superior Down Jacket Orange EX 800 Fill Power Puffer - Men’s Medium VGC,94.30,Pre-owned ·,Sold 12 Feb 2026,https://www.ebay.co.uk/itm/137023936035?_skw=montbell+puffer+jacket&itmmeta=01KKWFRHN6F6ZH9KF6DT8ZHXH1&hash=item1fe7435623:g:9SAAAeSwqaNpiOj~&itmprp=enc%3AAQALAAAA0GfYFPkwiKCW4ZNSs2u11xD5CiAo8EYh9zLwBr9NdCWHPHxQXLe%2Fnkv9l%2FA1QCEPfRBB7dV%2F8intgeG6ZC%2BQ2MjGVWR0lLMCr0E3sbDlh3bZxL164r9QDl8BOfhZPl2p2iFjgEoMMo6W%2FtnVwWzXNa%2BOMV33juRcAn5Bwd1h9i%2BclIzGiZ3gydBTeHOjlC8WAsotIx5ckVESwq%2FPEVGvXUnoTJFS3U1doo41ERh03Jtmm8SOo%2F4mlhsN8vg%2FdCtqXiauTGML4RcMqrox8uobiQk%3D%7Ctkp%3ABk9SR4Sb4o-fZw
Black Montbell Diamond Stitch Hooded Puffer Jacket | Size: S/8,94.30,Pre-owned ·,Sold 12 Feb 2026,https://www.ebay.co.uk/itm/366183222491?_skw=montbell+puffer+jacket&itmmeta=01KKWFRHN6MQ9CG4SCRX5KN96Y&hash=item5542388cdb:g:XpQAAeSwEfZph2a2&itmprp=enc%3AAQALAAAA8GfYFPkwiKCW4ZNSs2u11xBE%2FtRl%2BBeiP%2BEGm6Am4Kqa1JpVfMDCdGer4vzZiWBBocu110jUVRg%2FDtcVCcEsorJup4Bo5%2FTc7%2F4j2bMq%2BGXsA3rYm9ue7WMIala4vaLpv5FgoKVxsCJrA76FrBAKADNbbWt5ih33EKzhcMLoEWRFeJHkpOM346MmfKwLMWLCvgsCdjke1ZJSi6qfnaRXqhEBrNSPfFKnUitYT4bbtit3%2FNgCtObFyQHAjZFRTPn%2Bs5c1tb%2FSVRwV%2BwB0WGnnmQDfXR1OSJWNVaCjKX31706KnKrCgqDsKkYwpUqI6OoH7w%3D%3D%7Ctkp%3ABk9SR4ab4o-fZw
Montbell O.D. Jacket Wine Red Mens Size L,37.10,Pre-owned ·,Sold 11 Feb 2026,https://www.ebay.co.uk/itm/358176566597?_skw=montbell+puffer+jacket&itmmeta=01KKWFRHN6ZG9YJ9MNB9EFQVDA&hash=item5364fcad45:g:C1oAAeSwaytpfkp-&itmprp=enc%3AAQALAAAA0GfYFPkwiKCW4ZNSs2u11xCSzr3P1RaTHPejGGBVwIoyCaQSHUF9mFX%2FupMq4b8UgK2kbw%2FygvKez0kDZLlDpfA6GrVbT8mPSqtZEp%2F%2BYfTB%2BwBhlMfWdUVg5TBd3u%2FQ%2Bh4jfqlakN9CJ6%2BUR2cqXiaRKCP%2BLZMMg5TJxgR0FBEuPBmZ%2BtMEwSNmovhUvcwgt5Gk5n6vE2UkVklRyde%2BEdCWR%2FrOgitQuw4RTETHxw1SrqMbc8aqPTPrE0DLgx%2BcFgfqMzC2kKF7o1afDgbNYFE%3D%7Ctkp%3ABk9SR4ab4o-fZw
Montbell Down Puffer Jacket,95.00,Pre-owned ·,Sold 10 Feb 2026,https://www.ebay.co.uk/itm/317574246358?_skw=montbell+puffer+jacket&itmmeta=01KKWFRHN6CR9CV76V1D3J6GND&hash=item49f0e66fd6:g:CkkAAeSwOLNpIifM&itmprp=enc%3AAQALAAAA0GfYFPkwiKCW4ZNSs2u11xDur%2F0XUp8obp1HH%2BbgLPFUntZKpmqVl0derK0Ai7O41nsjmXISvvUGpSTDbjeAp9iKQuF1gwOwBVEsMz9w8%2FX45pr2OJtRw6cJRoPqO1%2BSpvk%2BCLRqtXqvyJf4yw%2FCAZT58N%2FqcqIFmgtebT7%2FVfaMWTpQmkdTULgJR7jlcL5IObjwyuD27z6k7158idqZethWRu1Fn0wxvk3bCZa2J7sWp11IVzW%2FMzH4adtcZSNjFN%2Fx3vOqRZ1%2FbXzkbcWm%2BqY%3D%7Ctkp%3ABk9SR4ab4o-fZw
Montbell Jacket,142.00,New (other) ·,Sold 10 Feb 2026,https://www.ebay.co.uk/itm/406670779621?_skw=montbell+puffer+jacket&itmmeta=01KKWFRHN6AYZZME915VTD19SE&hash=item5eaf77a4e5:g:H28AAeSwLrxphFOV&itmprp=enc%3AAQALAAAA0GfYFPkwiKCW4ZNSs2u11xD5JahKKiSupaBqOVQH8TijKzFo%2Fz54MhqgoXeonKiRJQDw%2F7Ls97QKFbRdxyBU6JhPAClfJk6q00Qo%2FtefLLch%2FAa5HSY1n93JPICtBKJS%2Bgc5%2FLqU8a%2F9bNrnbalrO7M1t6%2BfwXnVmZ8x7VQuGtp6eX8m%2B2J2NA%2BHYs1DAR5fn8ZyKECeUzSJ%2FiJ263MV5vYox2Wr0sHKQ4njdobHxbY2fbCQyNbaKYcwO2MMKUaqNKrOkUMd3A4pLyhDOqmQ1z4%3D%7Ctkp%3ABk9SR4ab4o-fZw
Montbell Womens Puffer Jacket Black Lightweight Quilted Down Zip Insulated M,38.00,Pre-owned ·,Sold 5 Jan 2026,https://www.ebay.co.uk/itm/406538577487?_skw=montbell+puffer+jacket&itmmeta=01KKWFRHN6NG6C8ZXRYRY2E2GY&hash=item5ea796664f:g:j0QAAeSwL15pVGMF&itmprp=enc%3AAQALAAAA8GfYFPkwiKCW4ZNSs2u11xCoL8uNuj%2B2WBkEBkwyMfvavQt5p3Li4xyQWj6spCEktHVbkS2iTXolnKPayj5wQI3QTgXzTgvA%2Bp%2BNwvV2p3SeGIyi1ESDw8K9NOz5ZAvISCr%2BwqqsJ0Y7bJiRuaU7NMA4ajGOlOQk7jUP1CZws6%2FxN5x8KUCxximwe4k5myDuOZ8969VAFUlLKAnLkf2D7uQEvZSizZbOE6B1ORhk0VkD3DmF4V4pqvnZdDhyN3sTXN%2FDp3awCq7jfAvxOnm7uzkMxsLJd1ujX0S74ORezzpmVgl1XWGqO3AHXvS0XiKhvw%3D%3D%7Ctkp%3ABk9SR4ab4o-fZw
Montbell Black Puffer Hooded Jacket Size Medium,146.29,New (other) ·,Sold 10 Feb 2026,https://www.ebay.co.uk/itm/236615363310?_skw=montbell+puffer+jacket&itmmeta=01KKWFRHN6FZ6C53Q269NB3NH4&hash=item37175feaee:g:-YYAAeSwlrFpfzFT&itmprp=enc%3AAQALAAAA0GfYFPkwiKCW4ZNSs2u11xAEHY9mq25qhJoc5rjDVr1vOGmfxcZhjPYn1go7MVH1p2YV1av0Be5SjM4Hl0LN2XM3Iepnz%2BGUO2bstqQlcBpep%2BkEDTz1EaqCAi7OJwzLjhwcrmtM2S11oymkfmhAjRXMTr6E7JlNVjaFxsoV15ji3jOe3S9DjkuOqHUBHlKvz1Xobdo%2FVDcw600wYK8HJZpJkCte1dx4yGzEmfRRcAETwD2IR2%2B3XTOFIuF5xHwwuu1zUO0giZzhvbzKDTfL2iI%3D%7Ctkp%3ABk9SR4ab4o-fZw
Montbell Superior Down Puffer Jacket (M),108.00,Pre-owned ·,Sold 9 Feb 2026,https://www.ebay.co.uk/itm/317691178816?_skw=montbell+puffer+jacket&itmmeta=01KKWFRHN64K8WDG5JFRNY175W&hash=item49f7deaf40:g:nYcAAeSwLLdpSxVq&itmprp=enc%3AAQALAAAA8GfYFPkwiKCW4ZNSs2u11xAEcH%2BVrHNB6IRcZ8NVVr9KzeZquIAu5iBpZwVTdfXYFbHPFt9zieV0Zwh4%2BnhhvOH36ST%2BQBbNYTLXnalz2ZFQyvvPEeedsRNTqVyEGAel9lKaPC%2FIUcIcz4ne8hSt6WMLpo1yCXQfZ--MJ5x48Qv1BqQb8nYbKuNMd2nHRb43WeqQxmje%2BPuvwCnt%2FsVRZExUh%2F2UlMKQfNhk08Zjv0OCuv293IM9Q5OXMF2GtHlZlb31JNowU0wfevkgDTW9w5yyyOePKR70qPDtDkyPQqK4laAQFKDdrTBC886S5%2FgNzQ%3D%3D%7Ctkp%3ABk9SR4ab4o-fZw
Montbell Two Tone 800 Down Jacket Grey Men’s,115.10,New (other) ·,Sold 9 Feb 2026,https://www.ebay.co.uk/itm/397524065159?_skw=montbell+puffer+jacket&itmmeta=01KKWFRHN6SDPAYNE263TH2E1D&hash=item5c8e47db87:g:xksAAeSw2iZpckKQ&itmprp=enc%3AAQALAAAA0GfYFPkwiKCW4ZNSs2u11xCChWojpTK%2BlD%2BhyF9anvPKG%2FpOJ%2FZU5jWiBBSnrMRlclYNS8LkxZ65phnNfTRvcCxrvkzUxRIOdkMO4hOSzrPT8gz37hfEhEWRBDy1Qam5A4Dkbm81reossaTKUWa29wevA34lyQLbFxChgtIaHglLgeqRylsUsUVwNV2nZbjd8jdG0vOhAwKMV8OGTyCm6LNysHqRYOhCS8wbAYX9h3tb2Gnmsz1Tda1Yracu81mxd4a7MINzd8aGJJ43afCdYNc%3D%7Ctkp%3ABk9SR4ab4o-fZw
Mens Montbell Puffer Jacket Ex800 Black Size Medium,89.10,New (other) ·,Sold 8 Feb 2026,https://www.ebay.co.uk/itm/317783794012?_skw=montbell+puffer+jacket&itmmeta=01KKWFRHN6WMRE3MY9Z9NBMH56&hash=item49fd63e15c:g:KK8AAeSwKjJpb-FX&itmprp=enc%3AAQALAAAA0GfYFPkwiKCW4ZNSs2u11xDwnCxCTMRdtzp3FfPofsRFy4jhx7VwtcDVQT03tSyp5JFmw5SxCrZEpiY5iGCHOEk4DfQFtYr4QvKygVDjPpoyXnI1k8HiwUWRtpIRcqTXilTf6BvxswFoZV6ifMwk%2BZFoXRyPOY7whzD9YPtFQwl6P2GzsVmZ%2Br8NP%2FEp4BFBg8puM6dTAoikEpVEDLA0iOLNScrbIv7HFS9l88hIv%2FGmVgZvjmed9%2FbR7%2B8Sewy%2FA3nVFZaWZ77LZJ1bMbVr%2FLg%3D%7Ctkp%3ABk9SR4ab4o-fZw
Montbell Men's Black S Lightweight Hooded Puffer Jacket Nylon Outdoor,49.75,Pre-owned ·,Sold 8 Feb 2026,https://www.ebay.co.uk/itm/227196091578?_skw=montbell+puffer+jacket&itmmeta=01KKWFRHN6A5V46QK1DQN1G9NT&hash=item34e5f13cba:g:-MwAAeSw0dlpfW1K&itmprp=enc%3AAQALAAAA8GfYFPkwiKCW4ZNSs2u11xDcVQ%2BXOIVUQVDMuTBjHCxXkzRTl7O4o87ucB2qfB3jyNe1x5v%2BIVY%2BOMY8gAsphzLzlLyFY3xuBSOCnfQgs5Se4DncPKc0SNbSyb6VsyVKmq7CYc%2BiLZl4k0WDwUTMtgIZMZ1RWdIhDQ8m0FbPb%2F1i%2Bx3LjATVrlGR8s6l0Hpk74xjhM9qY%2FBlLTi4YqkNXWPOSHzbitgd7wFrGlTdleG3DedbnrQ7w1kWV7La8arUdymT04onpgJyu5E2yQAyHSlJxoGpVhITEENVnxCSriN3HThLkC4ykkM8E6e1yxR8RQ%3D%3D%7Ctkp%3ABk9SR4ab4o-fZw
Montbell Puffer Jacket Womens Medium Pink EX1000 Lightweight Immaculate,65.99,Pre-owned ·,Sold 8 Feb 2026,https://www.ebay.co.uk/itm/397541824882?_skw=montbell+puffer+jacket&itmmeta=01KKWFRHN6GBJ6SBPWD72SPNRT&hash=item5c8f56d972:g:5FEAAeSwa5ppMuSh&itmprp=enc%3AAQALAAAA8GfYFPkwiKCW4ZNSs2u11xB%2BSyZmocsF8htTxnB2mBobnwkrwMH0tZ1LBCCpPTKHsiymTHlxI%2Fk%2B4c%2FjB%2B6qO6n23yl1l1vaC6bq0t3mRMOnilfLKo7pqolhWbSo%2B35Z1X1RWFmnsIfyfrxITCpOrnZPFxPZcJhWKLL6RUi8WJXcuzcKSNKvbjwhE47%2BNo3JiL0rcnWFuLSD%2FsHxMLEszk4syJxBDeDBn92rqnIn5OpVBK6lHLD71udQ%2BEDw578cXUIk8tvUe%2F9tE%2B8wYJM1LsCTQrqgiVkMfcFSCA%2FicoWNhDe4HgngO1p6cOL6fl1Ddw%3D%3D%7Ctkp%3ABk9SR4ab4o-fZw
Montbell Puffer (L),124.00,Pre-owned ·,Sold 8 Feb 2026,https://www.ebay.co.uk/itm/167938539141?_skw=montbell+puffer+jacket&itmmeta=01KKWFRHN69ENX7SQ1RGTFYBQ7&hash=item2719eabe85:g:YEAAAeSw7lFpHENm&itmprp=enc%3AAQALAAAA0GfYFPkwiKCW4ZNSs2u11xDoq2PFKbwfXka9ULNqhA59g5kbox6DhSVgs2FxgdDd52f0umYhH3GCQoj9BL58uZ6SgokWmkvprRMTMMdY1WdgEvW9IhyO%2F4yjEqmOpHnZhmL1aT8SM2dPHo7vp9qSm9S0dHEogWB1GfTqc23EQUB43R2Yx%2BU%2FaXm5mZw6dBwJfAMjMqmVfzWWgFftBen5HPaztEHkx4Fn2ObotE0%2B88tKtx%2FWFPkGKXJgMdw%2FiEfenkeb3X%2BdzjnIogMpLpKseng%3D%7Ctkp%3ABk9SR4ab4o-fZw
Montbell Burgundy Down Filled Hooded Zip Up Jacket Size Men’s Small S,17.50,Pre-owned ·,Sold 7 Feb 2026,https://www.ebay.co.uk/itm/389588901756?_skw=montbell+puffer+jacket&itmmeta=01KKWFRHN6QJ8QJBQZ875WV1BB&hash=item5ab54edf7c:g:l50AAeSwaytpgGGt&itmprp=enc%3AAQALAAAA0GfYFPkwiKCW4ZNSs2u11xDENQMa%2FtqjkmycFc7GH%2FxMPZt6zQ44QLfVGnzpByqFBnHGaGRXjwdohF4qEKCthgVzBUFlPlumuSXgV0mSxT7hsvRh1E67rEt%2FwNQEaeUYG4gKtx5%2FBL1CMBi%2FwTCIdGzEzR3H3YvQxbdTAAo847EuDKg506r7TwhWaqSlv7QKkXHOlVt%2FpuaAL5x4pPAb%2F0T8%2F8xj9%2BXRk82go%2FSxLm5oZuCMR%2FRQ7fes5b9D5qProxuA70vnvh8NLMgPfYh6IkY%3D%7Ctkp%3ABk9SR4ab4o-fZw
Montbell Ultralight Synthetic Insulated Jacket Mens S Japan M 95 Grey,44.95,Pre-owned ·,Sold 7 Feb 2026,https://www.ebay.co.uk/itm/197964803188?_skw=montbell+puffer+jacket&itmmeta=01KKWFRHN6XC79SXXP9JT7ENPT&hash=item2e179f2c74:g:mBoAAeSwygtpRxTz&itmprp=enc%3AAQALAAAA0GfYFPkwiKCW4ZNSs2u11xCgENLBuenMXKwgaHsqjHI5nReqKHzCpeoUBKARuy%2FNtpak9xIpB9dyyp3%2F94BsPeA23HWKDS2pPocjxSJy5XVpXscwOP%2BhBfNhdqfgFqmwcma0uXhsvqsEeMpNwuXuMCl45MOZ3zo9nasuql3Q9NOlxgRW6V0cOLkaBQcO0MBmDjF2ZG%2BBMGCxZ%2FzDjfIPI8qH4LYUNgpnr4TwRRPeKE9pXntnbM%2FOv9L1kZhU9IsHRARko053qMz9k8rBAIUjVEk%3D%7Ctkp%3ABk9SR4ab4o-fZw
Women’s Montbell Jacket Coat Puffer Down Feather Medium Coffee Brown,52.70,Pre-owned ·,Sold 7 Feb 2026,https://www.ebay.co.uk/itm/376766278215?_skw=montbell+puffer+jacket&itmmeta=01KKWFRHN6ZG2N274AYMM414HP&hash=item57b9052a47:g:HjUAAeSwxZxpOJiQ&itmprp=enc%3AAQALAAAA8GfYFPkwiKCW4ZNSs2u11xBsvsNS0Jv%2FPrt1qwi4Nro%2B22OSjApf65cKHPGZ7w1%2BQJHnDVjnKJJNfeDfGbT2L25Mu7ymbf5TNA3t1M4MaIckzF4LagDinySmzfK3J0XQMXa3%2F9qh2NnjaYAJ9uad5PQVnluggxos4I%2FF3aU9X5QD9IRdmLYt%2FK%2BdYjIuNmVKweQHLsE5s6LLdpyYu5qTtkWfqV3zjBiCkBBrAuW5xmuhIv2T1oGQV8wqmEpR3Vqhj76SNFnY2cg%2BsjwZoiz6bJGRvQCWsgWSYxBVwcLuRF8%2FQNFLb0G4w--aflos9tO6qw%3D%3D%7Ctkp%3ABk9SR4ab4o-fZw
Montbell Lightweight Puffer Jacket Men’s Large Down Insulated Packable Outdoor,83.90,Pre-owned ·,Sold 6 Feb 2026,https://www.ebay.co.uk/itm/127635173636?_skw=montbell+puffer+jacket&itmmeta=01KKWFRHN69N5VWBZEM8D47M28&hash=item1db7a63104:g:CvIAAeSwpr1pb9L6&itmprp=enc%3AAQALAAAA8GfYFPkwiKCW4ZNSs2u11xAyhEmk6%2FkDlh0C%2FXq7Je5GhxYObtV1XSJyjQI48%2FW5wVano6fBOvUNYQXT%2FxLSB6seDjgKDTBn3NOotDmNblbaeRR0XU01Qc3BqGlJ9c9AdKiphgpLkFSsojnrPsI6j0AMBGSk%2B9JDT3F0u4wuNjz%2B2OYja6Z50vWuCP3vry35X51sgdpIuC2%2BM1Ao3TZ4q60NM6aA%2Bi%2FJ7TGhOOM%2B5Qsh%2FPEZAVqcDm4vQR6ETzvnG5eEt3JVP7DS%2BA0gzrMEZLLbqQBq3tHkSGgbOlOiNZtqXutMbiO82yCiX13SGQM%2BPw%3D%3D%7Ctkp%3ABk9SR4ab4o-fZw
Montbell Superior Down Light Puffer Jacket - Size Medium ‘Royal Blue’ Vintage ✅,94.99,Pre-owned ·,Sold 5 Feb 2026,https://www.ebay.co.uk/itm/157504373156?_skw=montbell+puffer+jacket&itmmeta=01KKWFRHN67AFYTDCXS27ZHB0M&hash=item24abfe01a4:g:sREAAeSwa59pKKkY&itmprp=enc%3AAQALAAAA8GfYFPkwiKCW4ZNSs2u11xB5M2apFBU%2BTLEbO0ouRv4Y7%2F5rbJ7gmpyj2sCwXq69frAS7xC2%2B8eWp%2BOK7JdDtwwP2evEqhYrK9Y8WrMME74I4ZKtG7%2FBnX0SQ4YfTW5WxEs95RnZ5IroUSRshhhClaslJIIjJNXsThFwTBJjl9COM1oxmMEejd%2BRlqjTV6XncFpYF97L6A%2FWhSUhWMnWUt6sFHMAozvVpHr%2B2fzHMJJ%2BYQiyC5IhMs%2FaajfXrcpa1fdEBSjxuk8lO%2BFmEzqwO8Epag7w2R9fih0jvp02%2BqEaw1xa34pFA92Nark5OSdfEg%3D%3D%7Ctkp%3ABk9SR4ab4o-fZw
Montbell Puffer Jacket,145.00,New (other) ·,Sold 4 Feb 2026,https://www.ebay.co.uk/itm/406656033540?_skw=montbell+puffer+jacket&itmmeta=01KKWFRHN6DQFJTTQSWS7RCQAC&hash=item5eae96a304:g:lSgAAeSwtJJpfgfV&itmprp=enc%3AAQALAAAA0GfYFPkwiKCW4ZNSs2u11xDL%2BEywWcWqVtVr7fuuzPnxTimF0D%2FsagqPvti3xrmzz2CN6dG2IVVwK2mUSKQuCMDPiEi5G9g6Aic4Q1WaMIGny%2B5VegQ%2Bd5BIkt7Obj9a6yNQUtqLJvNwzCfN%2FC0%2BjGh1ZUcsN2tdzBeBdED2skHetuHtNVcnjcDEYZAN7rwQoOPP%2B%2FUGXl8eI%2Bn%2FzEc1golD6rtRu6j6%2FPE2cH4gLOn%2FKapXtpAACMitkFVijOxl9O9ZHUQ%2FFnUbEcGu4uCCTMk%3D%7Ctkp%3ABk9SR4ab4o-fZw
Montbell EX 800 Down Jacket Windstopper Mens Medium Green Brown Puffer Hood,115.00,Pre-owned ·,Sold 4 Feb 2026,https://www.ebay.co.uk/itm/167957257714?_skw=montbell+puffer+jacket&itmmeta=01KKWFRHN6NH21A3Q3G38409M8&hash=item271b085df2:g:uKYAAeSw719ov3P-&itmprp=enc%3AAQALAAAA8GfYFPkwiKCW4ZNSs2u11xAbuwp84ga47YE%2BGySmUSP3CifbAqb4qDMWI0S1ZDR3qfWz7wfX8JjtJNuPoAQTKCkVGv4nI2eW3MSQRC3ZO662tVgi6BvVvmv%2FQqCAHbUTYHBUjLbJhrSBbUFk9gsKgmm%2F10METdzW3t2vGx7SIG4azI%2BI8MLRTBSZohKvzak8SAK3MNqgK4k%2FrgFcBpGssTVbX0QmFAJ7Br28gTzHeQw648StBs4FAXE%2FKs3cFayHU5B1PcdoglMyW5J8YTj%2BvBJdpdWbpFrAXMd45ytcjp5QpeM7aCCgRo5duGIrWF2Wtg%3D%3D%7Ctkp%3ABk9SR4ab4o-fZw
Montbell Down Jacket,145.00,New (other) ·,Sold 4 Feb 2026,https://www.ebay.co.uk/itm/406656030557?_skw=montbell+puffer+jacket&itmmeta=01KKWFRHN63BA87ZNXCAG6ZJC2&hash=item5eae96975d:g:SAwAAeSwH1Bpfgdj&itmprp=enc%3AAQALAAAA8GfYFPkwiKCW4ZNSs2u11xCR4W2TSkrp%2B0edJufjfFckRSUQFn%2FTBnipnsF4XAzD0Q98lQVVsVI%2BSlbaXaPvOFaIVqAGSDuOmBuxnJo7wj0f%2FqyP9w2gKxncZHNmy2P86R8Wcs%2FW4CBcnM2yjDzXNsJvq7RgBY%2B0sFo76Sy%2Fxl8PCyUNgfrzNhs6ua0K%2BDQNFuVt6O6bf1aWiuMbD5d0%2Fl2L983WILRECGO3bFTsojWhNtZVLSEPkOVMa8QMLZP9I553Jm8VKxTgJb5xrWlFJvpp7USVnfuUmi5%2BK4vDRbq0Z6h0VojR2JbevuXJ1haf7w%3D%3D%7Ctkp%3ABk9SR4ab4o-fZw
Montbell Goose Down Puffer Jacket Men’s Large Yellow Hooded Winter Coat,83.90,Pre-owned ·,Sold 4 Feb 2026,https://www.ebay.co.uk/itm/397531433063?_skw=montbell+puffer+jacket&itmmeta=01KKWFRHN6S12YK3MZDK06GPYQ&hash=item5c8eb84867:g:6OcAAeSwbzZpdO2Q&itmprp=enc%3AAQALAAAA8GfYFPkwiKCW4ZNSs2u11xBaPSAYW3bVaclAyKXClk%2BwEYfM0O7B1uVj5N%2FYZAxKxbQxMa%2FC%2FLYG3l3KBtkPgxc3qumh6kDj2N7C88NVwQxLeC1Ll%2FpBaSThdFtlLK1SHrAidrUWtFQqAklOPNMyk6FPrpBhu7sOdXxvIO8Py3BOmmKNh%2F2y3KhgicShGevdPp36U%2FkCTSPwToxHYsMg%2BlmsbLjYgHBJZ5GUu33IYvOVDtH4jEr7CeVAk1wHX21Yl%2FCVhcTQoLcS5Y%2Fb%2BWlKgEwQ97SrhawVhe6JEC8QGhX31ABsIyevbX9BNmb%2FOQtbLQ%3D%3D%7Ctkp%3ABk9SR4ab4o-fZw
Montbell EX800 Insulated Down Puffer Jacket - Size Large,52.70,Pre-owned ·,Sold 3 Feb 2026,https://www.ebay.co.uk/itm/336413898495?_skw=montbell+puffer+jacket&itmmeta=01KKWFRHN6P234QVSM58DMSN6E&hash=item4e53d4b6ff:g:OdMAAeSwtJJpfSph&itmprp=enc%3AAQALAAAA8GfYFPkwiKCW4ZNSs2u11xDc1drexvPMuC0y8TCwb5LTGHRLxbvWB3ouudMMqjGS26uJpmSjKeKm2FVqlzLZQlWQCgtzDkuWJREMZN3fdroI96P24CzWMOQV%2BcHUp6LYQeveaPBoThqWv4qnVjBTdZUKAPX0tg5CyUqSqLMdlwB4ShQpjbJ143jru0nDdzeo8dtxIqeXCcypSLgCq%2BaZP3kKM9VUkeHYs2J5PMhOTbO1am7JTEfgXgX3GKo0h6KKDzheCHKdqr6dBJq6yBSrF922lKiQWcVu%2B%2Fvh6sgTO4Hj5DYn3LnZ6%2BUMqxnOM9iIvg%3D%3D%7Ctkp%3ABk9SR4ab4o-fZw
Montbell UL Down Ultralight Down Jacket,57.90,Pre-owned ·,Sold 3 Feb 2026,https://www.ebay.co.uk/itm/317810309492?_skw=montbell+puffer+jacket&itmmeta=01KKWFRHN688TMF7CFPCJKZSK4&hash=item49fef87974:g:xrQAAeSwjdlpeSGw&itmprp=enc%3AAQALAAAA0GfYFPkwiKCW4ZNSs2u11xDhNlbkcs4Aho%2FD1W3NGmpuwcdcT6R07DVCWxhhlNvMsOcT0nxSiEsp9oBzHBKHZSfhdxlwfNFz1esmw18EBnA3sAqcdHlQDHQnEp1J2AW%2FNG9eZ3EBmBGCGyOoNaxhXD1cDH0LUnQmtNTIQPx3451ZRM0y3nOUN%2BiWso3D44JawfKeSzS28cwTSvUJ9HftGLCTn4CQQGA%2BJvgwjhQDVxgT3SMuV%2B46%2FI9%2BKP5ZPV1%2BwxFTDn%2F6k8aA90ZoUGVKK5E%3D%7Ctkp%3ABk9SR4ab4o-fZw
Vintage Montbell Two-Tone Down Puffer Jacket detachable hood,52.69,Pre-owned ·,Sold 3 Feb 2026,https://www.ebay.co.uk/itm/136989965670?_skw=montbell+puffer+jacket&itmmeta=01KKWFRHN68VF5M0RCCTMPRB3T&hash=item1fe53cfd66:g:GuQAAeSw7clpdTG9&itmprp=enc%3AAQALAAAA0GfYFPkwiKCW4ZNSs2u11xD7YbUy9IpREg17AUNwl8xvRuJbxDimNwhm%2BpTrqY3cGPg8gO1FmIBFVpVPlwOkZfcTed88y8e7VbwokTktpMJvFwBFXtIxwgsaztx3OGHSN2huLwMPhajjqQVukh%2FEXH442VBlMYWlVCithSeIfqsBx9DlU04%2BaOBF00igT8L%2BSLLHzVVkEWkZ5EpDu9WsgPCK2rd%2BPumVmojq1LB%2FshBXaTQGyWP7INIibRiooqEq6965YHluS85iTDyf9XsC7nQ%3D%7Ctkp%3ABk9SR4ab4o-fZw
Montbell Superior Down Jacket Men’s Large (L) Burgundy Plum EX 800 Fill Power,99.50,Pre-owned ·,Sold 3 Feb 2026,https://www.ebay.co.uk/itm/137007769746?_skw=montbell+puffer+jacket&itmmeta=01KKWFRHN6AAPP5N1T0TMQW1MW&hash=item1fe64ca892:g:Q68AAeSw0RhpgO5O&itmprp=enc%3AAQALAAAA8GfYFPkwiKCW4ZNSs2u11xCE67oaaQuHMr860kXx9cysuoHUSDPadToP3ZgVwVOltr1Na7nlsmhCcoGIl8wo5EMDvMHSd3uxRDG5MGb%2BiR5s58GI%2BC2vUcYQytwnK1OuV%2FopR3zPuAgJ9%2BmJo4fbFEgmFtEASmsZoCctwo6h6gILTwPfDrBjGuQpVqMyr68WF3RKbA%2BJjEUWILrAn%2BAELrgp1GuRtJTYA9kYdoNJ1sFR6XrQ3MsbP8G7lOaPr9fYyOHkbWnUkbEoIhqz1fvk667pBYgTPFFu0YP%2Blu50zMkpFqEooLBziAgRSom9JuvcqA%3D%3D%7Ctkp%3ABk9SR4ab4o-fZw
Montbell Olive and Black Windproof Hooded Puffer Jacket S,151.50,Pre-owned ·,Sold 3 Feb 2026,https://www.ebay.co.uk/itm/406459028353?_skw=montbell+puffer+jacket&itmmeta=01KKWFRHN6WWRHRV6NF4GFV42Z&hash=item5ea2d89381:g:n04AAeSw~GdpNcKj&itmprp=enc%3AAQALAAAA0GfYFPkwiKCW4ZNSs2u11xACe%2BEVFF5YHYyIACuawk4IaVRklfQZq87Ahu2X1NVAXuRe65Z1R5fk7WAyXpChehPkBE5%2BVNLQIKbVtkOnek9c26i8tno33cW5Uge7IG3ZU595umjJOwM0foD6z1QSrMqDVvlMVnyvKJ8rQv80giLnBdolYeIs2fUSMEcDhZ80%2BRKGdVRmD5mO%2BlfxoJCLdww8F4HnuQvSkLG09gvF5wXN5JR3Ty1TqV3RfJcpWMs%2BapLhhJGqb0KktIHr8EhSt7k%3D%7Ctkp%3ABk9SR4ab4o-fZw
MENS MONTBELL ORANGE/BLACK PUFFER JACKET SIZE L - CG B93,26.00,Pre-owned ·,Sold 2 Feb 2026,https://www.ebay.co.uk/itm/397546267106?_skw=montbell+puffer+jacket&itmmeta=01KKWFRHN6XC2SH3BJXT66YK3D&hash=item5c8f9aa1e2:g:0AAAAeSwGcNpenIr&itmprp=enc%3AAQALAAAA0GfYFPkwiKCW4ZNSs2u11xB7yTobjLZywGqo9ahfhzo%2BD7EOyVCbdvX1w7lHuyPmrgOTNj6yOubGRbllA6tHtDl8qdmQnIDPjPHzjrRg5gndUcVeHpcZCEafZpgv1mf4LExya7ewZW6YBm1bHRQYpZQXTNczJ3hRRNsSfLl0KTZsanAvCAQ4XIKgeqx5Lj3GykK2sqPoluUb%2FL6N6jYOr4fPiTWOt0fNllGMR4lKpFIfAOglIuTfsTyrp1SBV7Wg0Z%2BlYKy%2BTO1nisyFlMrua8Q%3D%7Ctkp%3ABk9SR4ab4o-fZw
Montbell Black Puffer Hooded Jacket Size Medium,146.29,New (other) ·,Sold 2 Feb 2026,https://www.ebay.co.uk/itm/236611124497?_skw=montbell+puffer+jacket&itmmeta=01KKWFRHN6ZR6EV3DM2JNJHQCQ&hash=item37171f3d11:g:-YYAAeSwlrFpfzFT&itmprp=enc%3AAQALAAAA0GfYFPkwiKCW4ZNSs2u11xAcYgHgff6yPHSSi7Z%2Bhu3RwniuBK4cWx1%2FPF%2FcNS76roFKFhhFIVAlKfTMz1%2BeI0y77IN8%2B0yF%2B1CXLYG8HH6%2Bb3st2%2FJgbapRAh3eNOX5kSwnLdQyLMJ7kbYX0jFKdufUL%2BdE3lOeM8%2FI0%2B2NQs%2B5%2BNZZPwuYA6J1hB0ohdOtZ3WMVfi3lQ8jJMYmE6TzkPmFMeq4eaeTSsRcumvNqzThVO%2B4AMXd5vVz6fg8Ca%2F6kP0KYwFv%2BiubXMMlAfj7vgY%3D%7Ctkp%3ABk9SR4ab4o-fZw
Vintage Montbell Goose Down Jacket Mens XL Light Puffer Full Zip 0110,64.99,Pre-owned ·,Sold 1 Feb 2026,https://www.ebay.co.uk/itm/187974318076?_skw=montbell+puffer+jacket&itmmeta=01KKWFRHN6K01K9VDF9YY5JJTS&hash=item2bc42477fc:g:sHUAAeSw4aJpcM0E&itmprp=enc%3AAQALAAAA8GfYFPkwiKCW4ZNSs2u11xArkv%2FntlguKlAqn980alTLvrceKZ7kplRpX%2FetjMdtOkTOoLjlATT5lkr4pOn5a4Oga8R%2BBKym36bnZv9%2BpAjH9ajoMolrKadJnWad%2BJdlRqsgVjaZFXvpx9DxP3zqMPYhZcJv91xsswTrfc9tKF4Mjo%2B3lmBuNy5k7AksUJmaLyzCgjd45QCjRy0y3Ci6tUvhYcXKoBoJQO4nZL4%2Byl%2B4jWmABee60oo7ZY4sVwXp29jezQqkL1W0z6ZC1qPUkT2J3xlOu3hSs9A%2FjXWeKaImNhJFeXE57rCDQrON8OhASA%3D%3D%7Ctkp%3ABk9SR4ab4o-fZw
Montbell Puffer Jacket Blue Medium,104.70,Brand new ·,Sold 1 Feb 2026,https://www.ebay.co.uk/itm/376771366320?_skw=montbell+puffer+jacket&itmmeta=01KKWFRHN6745J0QNPWW7FZP8P&hash=item57b952cdb0:g:Gw0AAeSwogdpO0cI&itmprp=enc%3AAQALAAAA8GfYFPkwiKCW4ZNSs2u11xAcvfy8iypH5TfgcG4381nhJM96bs%2FHqvD5LOrVWDXkyWaIOwHPJDBRSutXxhCjc9XGPOKlbEN6bkbpctf15DvdtjpP7K%2Fxw6dGUVOnTjEE0dDfZqoeyw0rcw0z0AyvbO%2FEFtuhN3LtNDb%2BOe6sy%2F8HzjReaA183DT8mF%2FUeQMw3nfiLBxhq96H6cuZp4OLnwcKIhjS7JhoqfZehy7lkBfY9%2Bq9SJgYQ97iZVpFq%2Btmpaq7jrwY8j0DbPBFAtTYZWTyouxR8QukHkqGitPNMCWrd1Ca3fxxOvP1y%2FId0lWhug%3D%3D%7Ctkp%3ABk9SR4ab4o-fZw
Montbell Ex800 Down Filled Puffer Jacket Large,94.30,Pre-owned ·,Sold 1 Feb 2026,https://www.ebay.co.uk/itm/376891089774?_skw=montbell+puffer+jacket&itmmeta=01KKWFRHN63ESMDR7WJW83YNQ4&hash=item57c075a36e:g:uYMAAeSweW9pc~PB&itmprp=enc%3AAQALAAAA8GfYFPkwiKCW4ZNSs2u11xCvFqzv2Jeio10mUsoL8En8iS4S8dZpDb5225PFoP8%2B9tBqGAs6c4Ij8hidvKDBNvW%2BrKpWg4q8J5Nn7FvGTi8pnwtxuWFhF%2BbeM1awobsaXevQFqjsmisfr7n5JU4Y7PNIE8ED7RB2r0SkxcAC5AcLtBUvX6qAtYDG4LhrjPsKlf97oremGDdhoYnlvNxj6F4sEF3e1eb7GMpz6xdr6jAJEgJXnzTVITx0PTQvKKLv7jO7vUgyVfxXict%2FDHF3aHYPUS%2FJO60OBGke78lC16PPkWub6SUFU71YMGduVrsT3w%3D%3D%7Ctkp%3ABk9SR4ab4o-fZw
Montbell Vintage Shell Down Jacket,83.90,Pre-owned ·,Sold 1 Feb 2026,https://www.ebay.co.uk/itm/397544866016?_skw=montbell+puffer+jacket&itmmeta=01KKWFRHN6W2554YFYZ5HKQQ5R&hash=item5c8f8540e0:g:tewAAeSwyZNpedz9&itmprp=enc%3AAQALAAAA0GfYFPkwiKCW4ZNSs2u11xAD6Xr4bKHP0GyA8DFsBW%2BiqMqSWx88%2Bfh3uVbKicuGMPUexqLOBIAak5CK0DPScdWc9%2Bq2qRAxKhfPV%2B585V6dTdBMr%2FoQr%2BYdCOKgJx2HwnRo07Np%2FMST9lk%2Bhs%2FAFm%2F9O1%2FH7V32NWsm6KKBOLyILolsVpEtE3vCcvSq7dImezTUWX5JinKxQizqMCO8mVd849lvJOSyuTNcFWTmj3Jltblk30ND986GFkbaKwFJZhYZqGdwpgbi%2B8ABgkC1UPA%3D%7Ctkp%3ABk9SR4ab4o-fZw
Montbell Down Jacket .,135.89,Pre-owned ·,Sold 1 Feb 2026,https://www.ebay.co.uk/itm/366154958405?_skw=montbell+puffer+jacket&itmmeta=01KKWFRHN672426TYEST1F9M6A&hash=item5540894645:g:EaMAAeSwAfRpeP6w&itmprp=enc%3AAQALAAAA8GfYFPkwiKCW4ZNSs2u11xAxEbAfIBxx3WD7ulzMbUZci1NU02czGavEeUJLfUsg5oWBzYkH%2BVz7dNi4z3zOpjAau0%2FXoiWRdjVW%2F5Dpdtd0dsGPaFbxkSacvyAVJWpDQ2jxCSsCtPCdkzDrmkspINcEIP6SLIYjZb6nauNdJFqErKG%2Fbs7Zq8ZIvdrmw6ulVmN5p6o2gfiM7vsgiCV2IxSoSoMCuk0aNuSqNTYIYGXcJu2LWMIQ%2FVk2FNRex4vTbEm2nQJzQBEllCqdTchbG5PyNErgLn03jXHvDMy4IXdP4fS9QbBes3I1wVE4%2F3oVoA%3D%3D%7Ctkp%3ABk9SR4ab4o-fZw
Montbell Blue and Brown Windproof 105 Hooded Puffer Jacket L,167.10,Pre-owned ·,Sold 1 Feb 2026,https://www.ebay.co.uk/itm/406634954425?_skw=montbell+puffer+jacket&itmmeta=01KKWFRHN6V3RJRH3VJ9A4RJBE&hash=item5ead54feb9:g:y84AAeSwBWJpdR1B&itmprp=enc%3AAQALAAAA8GfYFPkwiKCW4ZNSs2u11xDuIksmdS3jQmhaT7nY8ywz54gwitDg69%2BO0V91wg%2FLxPGIw%2FU2W7EzgI%2FsxpbgWltkpsbsKkceC9GoA5J0lM6%2Bs%2Fft52hzGFSHS3pzJ%2FLxUmlN77ZA%2FsgZfJpDu6CK6rgO%2FEJsxNjNL9HGigQ5Dy5rjvJo%2Fw1MBFFkcFT9KeTbCgxZJz4NmYKUdzU6%2Ba0SFoDq8zOfG2gitfno%2FRDMNpWy6AxbWuI8VDeqVc5rKBZpCYyGJg9dV6lruNgyQDZy2RKIuIqehAl1Gt6Uf2XWI4WS09jfqsZEA74yJBj%2FaGxgSg%3D%3D%7Ctkp%3ABk9SR4ab4o-fZw
Montbell Superior Down Jacket - Men’s Large,65.00,Pre-owned ·,Sold 1 Feb 2026,https://www.ebay.co.uk/itm/187679450871?_skw=montbell+puffer+jacket&itmmeta=01KKWFRHN63N3MPVHA3JSM7KZ7&hash=item2bb29126f7:g:0WEAAeSwnRto-4GW&itmprp=enc%3AAQALAAAA0GfYFPkwiKCW4ZNSs2u11xBLfi0j%2BXmzLc88%2BRirf61pvaONPZa1TUsELAuAsxekPeag0MrpSxvrmygMsViRQy%2BpCoISZ7q99O9qDRxcNMjrq%2BuEHZb6Ug3ST5KCaVGYGbrEQvfo0KaglyAu3wf6fazY8KNZ2x%2Fo1rwpCwHPq4WYUMi5Ud%2BZZIoMtPvbhYV5zUgNZhoXB3upyufP18x2wu%2Fq%2Fw183al%2BgAgEuNHleUbgS3BYmzKC6P2ZyuqNmt7YZfFMF4rshzsPj0lWdzjgEwU%3D%7Ctkp%3ABk9SR4ab4o-fZw
Women’s Montbell Puffer Jacket Orange Down Fill Size Medium Hiking EX1000,47.50,Pre-owned ·,Sold 30 Jan 2026,https://www.ebay.co.uk/itm/287102298586?_skw=montbell+puffer+jacket&itmmeta=01KKWFRHN63RPTCWGWS42PAMNM&hash=item42d8a169da:g:2RkAAeSwJaZpbrT4&itmprp=enc%3AAQALAAAA8GfYFPkwiKCW4ZNSs2u11xAxWz5EOkcbxUgfd6vNCnhLi2o9vY0QKYjvf4OEy60qSKdfjls%2Bez%2BIjfIfAzdln8psh9NjiobIUdz5MpPxLojrO0--vtE6iMudvcgCj70XWOVoaIDYeA%2BDLpEbY9NFxYbyb5UpTeb96g0%2FJiihoNl%2B2%2BfJqB0HHw%2F6%2B9oxwHfD9WiWap1LoW%2F0Ex8hovXJRBw2oyxr%2BUAfOxnR1JuYSkKdJkQBNX6UcNgN8GCk71SARi34BFATw%2Bvq%2FRn1yqwLUiL2Q3xHckVZ74bS1hrePgTd5pOorkwktxTe9C9EKnvWoA%3D%3D%7Ctkp%3ABk9SR4ab4o-fZw
"Montbell Superior Down Jacket, 800FP, black, BNWT, Men’s Large (Western sizing)",99.50,Pre-owned ·,Sold 30 Jan 2026,https://www.ebay.co.uk/itm/336342222694?_skw=montbell+puffer+jacket&itmmeta=01KKWFRHN61QZ8HB6RSWY89Z4M&hash=item4e4f8f0766:g:i5IAAeSwlo1pPYki&itmprp=enc%3AAQALAAAA8GfYFPkwiKCW4ZNSs2u11xD56EWOfSclngbmJ%2FA0Ofq8Q53cT3jWLQLJaTldDUfNQqIeQ99qbUd6tUabYstotoIknoIaNeWJqWRF3TZvQMiVeRlVElkmERII0frxe4qop%2FqM5JDYr0AGa8VwCsxoNJ52QFZ9rdjvXhysXoUbgE27DC0Pov3WQNArUXMkRg%2Bb5t8hU0igqJrYhru5SNrjMjFf6S4OfA%2Fs3C%2B%2FWojE7DN21vyspYAvFDNjw8LfwrQJFHteHY%2F3NCYcfUrfaEzrKfoANqVhyHzPYFWp3VdOp0Vs7wMsyN%2BQKbmg43SGsBHu7A%3D%3D%7Ctkp%3ABk9SR4ab4o-fZw
Montbell EX 800 down jacket,63.10,Pre-owned ·,Sold 30 Jan 2026,https://www.ebay.co.uk/itm/127628154329?_skw=montbell+puffer+jacket&itmmeta=01KKWFRHN61HF6WJNGBYZP7028&hash=item1db73b15d9:g:klIAAeSw0ItparMk&itmprp=enc%3AAQALAAAA0GfYFPkwiKCW4ZNSs2u11xD0%2FasOwbJkNPQGEGOu2FDTLV3KbiIDIOhzf8VkDr09f1t0kwfzQzXkgqn%2BdZyRMFir7p66atTqKQ%2BgrkToTRuEcYJit79gLfolNC36Xi1YpYO76ZSiehjgOZyHVq9ENq1Nxn9B9YkkGcZsWhMnHBdxnM1QXFTwcibRYVIjD6UD1wZsfUb8ezzTDD9AalE75%2BrGscpGDQqIkrWBCYNGpKaFJr9BHdRdOgah567kgT0z0IxW9NZKfcJMC%2BrE92e5zNI%3D%7Ctkp%3ABk9SR4ab4o-fZw
Mont-Bell Puffer Coat in Size Medium,30.00,Pre-owned ·,Sold 29 Jan 2026,https://www.ebay.co.uk/itm/317805726534?_skw=montbell+puffer+jacket&itmmeta=01KKWFRHN667S5KVWHM7Z3PE14&hash=item49feb28b46:g:M18AAeSwUZtpd6mh&itmprp=enc%3AAQALAAAA0GfYFPkwiKCW4ZNSs2u11xAuhZDCls6UtE5I6U8vyUZuzlxEmuLPMYErv8hGNgbZxNq80aeAbCPJJO8kN7S4FRIxWNfxabnAcrFm%2Fg%2FLgcSVIKv6WTisuj%2FeVfeEKtClOx1MM5DMD0Iwj1KIzVRxsAeYJwSzCYUzM2E1QpXEIq2VSmaktzEt4B4YX%2FrOgIFG%2F8CqF0%2FQwHhViPdflfN262eNdNqRIXxDw7Te%2FAdtIgBplQHtXY4GDZciG6p0ZH83QHO8Ai3Gzl3ibD0UMt%2BAVKs%3D%7Ctkp%3ABk9SR4ab4o-fZw
Shop on eBay,$20.00,Brand New,,https://ebay.com/itm/123456?itmmeta=012DEW30YG0MEEKND7NH&hash=item123546:g:acwAA9KNiJowH:sc:ShippingMethodStandard!95008!US!-1&itmprp=enc%3AbgepL1tlUHjMGCVfSTGJh%2BzsVKeJ3CQk7NizDI4BZeppuFnmyS6Ijyp8lh%2FnEw%2BWqO7uTV1Q6izE1R0T54aV8j71F4xlWfVcGft4%2FiOQhtqVXA1rW6M1atPARQRmhqUxtEPJKhKtSFgI%2Bvwlzb0GwVCtkp%3ABlBMUObkmabpYw
Shop on eBay,$20.00,Brand New,,https://ebay.com/itm/123456?itmmeta=012DEW30YG0MEEKND7NH&hash=item123546:g:acwAA9KNiJowH:sc:ShippingMethodStandard!95008!US!-1&itmprp=enc%3AbgepL1tlUHjMGCVfSTGJh%2BzsVKeJ3CQk7NizDI4BZeppuFnmyS6Ijyp8lh%2FnEw%2BWqO7uTV1Q6izE1R0T54aV8j71F4xlWfVcGft4%2FiOQhtqVXA1rW6M1atPARQRmhqUxtEPJKhKtSFgI%2Bvwlzb0GwVCtkp%3ABlBMUObkmabpYw
Montbell Down Puffer Jacket Hooded Purple Black | XL | Lightweight Outdoor,115.10,Pre-owned ·,Sold 28 Jan 2026,https://www.ebay.co.uk/itm/187979921024?_skw=montbell+puffer+jacket&itmmeta=01KKWFRSBGJHZTTR8W7TRG88BV&hash=item2bc479f680:g:IfgAAeSwRYFpcrfS&itmprp=enc%3AAQALAAAA0GfYFPkwiKCW4ZNSs2u11xACDOcbhHSKacpaBnaYfFrBIJ2ymxIcV5otZd387NtjgSJP5OSXSV69iDGNi9GRe%2FN3ySoJmC6Hl85oJN%2BB%2BNvmezdMS56Y2LHvvjSOD38Jr5xeCMBN8vyDBOAemk6gBzV5Bs6QlS6LOCOf5aoT9jWcQE6knZAdMel6seVsXIOuy1FmdSjPmZa7zds%2Fla8iKlCS4vR%2BaVVqbKfuBsLMYaNxC6ChA9%2FbRo7o%2BXDkR2S4Qkq5qCsCpPpjBHmXuMIxTis%3D%7Ctkp%3ABk9SR4yW44-fZw
"Montbell lady’s down jacket with removable hood, size 95 (like a UK 12)",31.90,Pre-owned ·,Sold 27 Jan 2026,https://www.ebay.co.uk/itm/127636275656?_skw=montbell+puffer+jacket&itmmeta=01KKWFRSBHAPGFY4W6TATJ1SWW&hash=item1db7b701c8:g:Q~8AAeSwoG9pXipy&itmprp=enc%3AAQALAAAA8GfYFPkwiKCW4ZNSs2u11xAUbnw7yNvHxKqcZfkCHqTxAxFu5ejdlK16emhKW9GS%2FAhgHgvjbTip05M0z9Cqd%2BOxKsnqWiQWCn6WO8GHeXbI%2F4HtsLRAderQYGXwINwDijcR50eS6yMgCHHmA1b%2FvlBGsmWzxiYnfkh%2FpIjipdSRvDdObuIaSI%2B9lRFOlHivv57Czcuv12zd1WSpUi%2FWfk6qEIKi%2Fk2g%2B85NshrDDZnq2aLyINrivtfq%2B13Pollq0gZrjbRyuPQ0WsebZIE3FrYuEMNyVGz6aq3XcsFDG5n5AjRMEnZHm%2FVX%2BmFtEFTg0w%3D%3D%7Ctkp%3ABk9SR4yW44-fZw
Montbell Down Jacket .,172.29,Pre-owned ·,Sold 27 Jan 2026,https://www.ebay.co.uk/itm/366091550439?_skw=montbell+puffer+jacket&itmmeta=01KKWFRSBHGCY1T6NZZ2F4EJA6&hash=item553cc1bee7:g:MGsAAeSwszBpVEvU&itmprp=enc%3AAQALAAAA0GfYFPkwiKCW4ZNSs2u11xBfg5QxNc3GE1ZgurYXwOVniyeBl01e6TWnamNuUeNttGmrDg6roFtExGbGBlH82eLaZNLJv1A4XoxyVJrNtMJVlggqPztLNycJ5S5BXp7dkT58Z%2B0PqZFDWZlfgoEWhZCSwZh2s7tauV%2FydUizlHhSA447nwi1QMo0wkNUEVzYFhEupTqgX%2BLIZh1IeIbaBn4UNji04Mtu3EMNPo68BDlgKmEbCj9VMiB4v15wfK62Ds378D3k4T7Q%2BjeDJ2Tp2nQ%3D%7Ctkp%3ABk9SR4yW44-fZw
Vintage Montbell Lightweight Down Puffer - UK M - Very Good Condition And Rare,25.00,Pre-owned ·,Sold 27 Jan 2026,https://www.ebay.co.uk/itm/168097614843?_skw=montbell+puffer+jacket&itmmeta=01KKWFRSBHY2AJB6G0K5Z98SKV&hash=item2723660bfb:g:X4IAAeSwe0ZpLzm7&itmprp=enc%3AAQALAAAA8GfYFPkwiKCW4ZNSs2u11xBUMhdEg2w4q6ivIH%2FPbYMozidBHS9F7m%2FExQy2YDTze7ZTzenC0W0u9q9xRpZoWt%2FynKxOMxT%2BjCGDodbBtcqetFbPw7PfIOILSax0kKrB67UmXpui9hxzhs2iYJQx9%2F0HGjNwaGyf77TL5c960RzJq9JW8bnrtJuUHNkO17ADMFoPesPTqwg1q0bHG5lreCW9IrSoJ4iG2aDv7i2WbCACDzNJjgM3RgrEN5VUT8ZbRT4ZnpqI8kSpLHLKvYnqpbaovPD00xHxOsX3SP7I9WQ1PxKn6IwtyxrDK9iWQa%2B%2F4A%3D%3D%7Ctkp%3ABk9SR46W44-fZw
Montbell Gilet Superior Down Puffer Vest Jacket Women’s Diamond Stitch Large L,79.95,Pre-owned ·,Sold 27 Jan 2026,https://www.ebay.co.uk/itm/157487624567?_skw=montbell+puffer+jacket&itmmeta=01KKWFRSBHA2ZZPC6W2H5YY4ME&hash=item24aafe7177:g:JssAAeSwcyxpIJLl&itmprp=enc%3AAQALAAAA0GfYFPkwiKCW4ZNSs2u11xAJ843TSlwHDrT%2FtFokygkHPPetEsmrAIcsDnQct1ngDQVYjSaSmx55MglHQMalaozRAE1s6Z6xvrmTU1q5VH51XIlttgMrsHs1K98BKiPhb1j7A8lLYDuOeNUPr4l5jQpReDbfdSPu%2BMUPUwpkFXk6l6%2Fg%2FXpf4Sd9AqgIWkvBIqJ1zJ8f%2FZ%2FLSEqHvQF2vGrGvk9YTjN6KkSCSXJamfK1tVrsfrRZNHADi86rk8geXG1ASnroB92t%2F7EVnAT8Osg%3D%7Ctkp%3ABk9SR46W44-fZw
Montbell Lightweight Diamond Stitch Down Jacket Lilac Purple,165.76,Pre-owned ·,Sold 27 Jan 2026,https://www.ebay.co.uk/itm/187955506882?_skw=montbell+puffer+jacket&itmmeta=01KKWFRSBHNNCFP11G4WM6M36Q&hash=item2bc3056ec2:g:OQMAAeSwHKppaOxl&itmprp=enc%3AAQALAAAA0GfYFPkwiKCW4ZNSs2u11xDln8EhjPVcOl9AUXn8YjyztTRIAMFifc2xXrCzzHadZcX0cHKmc6fQguJVZehV16wAuwdAHD51u8YaYEdxRROs3FFw2X9uLskITIHzMxoRGsANIYJeQh8RuZliZUKulIUClqvr95cYfMt5d5ry1ATNqxTR7v7TUKe6UteqC1c59Go4LDoTeUT0iVy57%2FHeMPs%2B30gL0oJ7apbweQlSo6RI9tMwhjEKf3ATdKc2PASSP5LBpE6JRH7AwOZ3sE%2F18JQ%3D%7Ctkp%3ABk9SR46W44-fZw
Montbell Superior Down Light Puffer Jacket Ex800 - Medium ‘Yellow’ Vintage ✅,94.99,Pre-owned ·,Sold 26 Jan 2026,https://www.ebay.co.uk/itm/157530048821?_skw=montbell+puffer+jacket&itmmeta=01KKWFRSBHHYFW54MEYEQVH8AB&hash=item24ad85c935:g:7HIAAeSwvZ9pNpQi&itmprp=enc%3AAQALAAAA0GfYFPkwiKCW4ZNSs2u11xBSzaevY7jt24P2gnt2X3FZDnfPlE4rCiOpkBclyanHJtrvsM0EXUEJpdqA8wCpaa%2BcAxtN3Fm4p1H27a7Y7SjpRfTUnSzo2bd6gk7PPnSVHbQxNzTa4VBfQFwgrCUfJ17KCDmVBMWCdxj2EGf9ao5xpZu%2FP1XC%2B023%2BhhV5MHz7Cpf%2FhJ3Gaz7pnggYaKHd7zfbhBzDY3Ca1JcEq8JfO1kTKY95%2FwYBx6mMB%2BvuMsIR2x%2BrGTqQcMAz1WvBD%2F6Pnw%3D%7Ctkp%3ABk9SR46W44-fZw
Montbell Superior Gold Square Stitch Down Puffer Jacket – Men’s Medium,182.70,Pre-owned ·,Sold 26 Jan 2026,https://www.ebay.co.uk/itm/168084887610?_skw=montbell+puffer+jacket&itmmeta=01KKWFRSBH3V9FWQA9994YKEEQ&hash=item2722a3d83a:g:VZsAAeSwy-lpaRyi&itmprp=enc%3AAQALAAAA0GfYFPkwiKCW4ZNSs2u11xAQe9JZxzKClwySDKBf5lriSJYorbktc2%2FECIHzNGeTPJeGUCbuHaJyGYB66phwYxqZSEdoYUVRFKtlG9qKM4%2BhvSDQxSF17Rx1pUyd5f7Z2bJaWTI5abxMZKWNdHZM01dWCtAaYzZ2%2B%2BE0aQ6cP81EET4g9BCslarmkMVGhDtm%2BcPb6%2BdOQZ0UlzVqTAAa3EEecDVcV33k8hZp33jHAjJU09sfdSLmMEGIkfO%2FyctrHRX9YYJpKgKTBIdzcuavdkQ%3D%7Ctkp%3ABk9SR46W44-fZw
"Montbell EX800 Men's Puffer Jacket Size Medium, Down Filled Green Zip & Buttons",31.90,Pre-owned ·,Sold 26 Jan 2026,https://www.ebay.co.uk/itm/297948134710?_skw=montbell+puffer+jacket&itmmeta=01KKWFRSBHG9XSAB2DS9JCAX72&hash=item455f17bd36:g:yWcAAeSwZidpbhg0&itmprp=enc%3AAQALAAAA0GfYFPkwiKCW4ZNSs2u11xAE1JEi%2Bjd11jXe2f5V%2BJ19QvUM%2Fm8Elt0%2FpxOx%2F22vYkuWXzjHR7uhogmLOWfnVXj6qNfoTsEq28gt2q6iViHyrjzNKwKaXt1jj1G%2BjaaOpukHe4ZkYDnCPi7qUs1WVHxI3FVHCdCcEIBCaeW%2FMAVW6%2BQLqtQexiU%2BuQqZI2Lqgtnv90U9ehkUVXaXkDbDK2MXb6o1xOUyIxzQD4vjfRCw4F3WbmdFnEeYTYCgVeK40H8FqIAowKgoiNSrXvGBMlU%3D%7Ctkp%3ABk9SR46W44-fZw
Montbell Superior Down Parka Puffer Jacket Size S Black Excellent Condition,115.10,Pre-owned ·,Sold 26 Jan 2026,https://www.ebay.co.uk/itm/406627357879?_skw=montbell+puffer+jacket&itmmeta=01KKWFRSBHY6Q0VKMPQVMDQP84&hash=item5eace114b7:g:vDUAAeSwbzZpcmn~&itmprp=enc%3AAQALAAAA8GfYFPkwiKCW4ZNSs2u11xAU9kzS5KOkgCUVIH4bq5DKUb3zpFCmT1dsgaWjxAIB2GpZoHpnPmkMRaEwAGSLfxBgEZ3gsbgQFiq5CFWIQpKPl6NpPJYVjMDMmC7DUfjg5EVEy7IkELxLBtZz55eT5ROiuoPTSJ%2FreZG4vAtBy7KvdF7oqlU3whAYIToIyy7OE6MKTrnlXMDKST%2FWg3KBONUmWo0WHo0QB%2BKltmkWhqgfbtI5PT2JeiHLTZuuAnDptDr%2F2KpDTMwuh31VmFNDfBpFwMq2FOu3VpfoPDEf%2BGUW90GuHt3TF17B6IdTONCQNg%3D%3D%7Ctkp%3ABk9SR46W44-fZw
Men’s Montbell Superior Down Puffer Jacket Size Large,100.54,Pre-owned ·,Sold 24 Jan 2026,https://www.ebay.co.uk/itm/336403146125?_skw=montbell+puffer+jacket&itmmeta=01KKWFRSBH4W250F7AZYFZS3KS&hash=item4e5330a58d:g:XCIAAeSwejdpc-LB&itmprp=enc%3AAQALAAAA8GfYFPkwiKCW4ZNSs2u11xDkYY%2FZvW3ShentXB4rS0%2B3sPo2W2nNs8Ebza2ozENbJx5mQDn76yy5Id8tGAN0ZueXz1%2FYJ5CZy0DyVeKGqJZL2PPYLj1SI20ayMnzQcUYkYthnIxjIeXTPewZupNmob0KjbSQuRnCk9KGZQ3aVNKdnJGkSuRa35izfngsSKEBCIDJ%2BJkf%2F6e4%2Fj%2F4%2F3HfQcgqh2j7N0hKhKM8iLNSJf%2FXJrCrvSqjOVuIpZvxAz7eDvrd8r%2BdfWAZt3iRNGnSH2jCUBdo%2FqQMQj%2BIO2AXMh7%2BaiIbcoXqIkJ--Ld%2Fmq1gyA%3D%3D%7Ctkp%3ABk9SR46W44-fZw
Montbell Superior Down Parka Puffer Jacket Size M Black Excellent Condition,156.70,Pre-owned ·,Sold 24 Jan 2026,https://www.ebay.co.uk/itm/297887042670?_skw=montbell+puffer+jacket&itmmeta=01KKWFRSBHSJTT75ES2YK0E8BZ&hash=item455b738c6e:g:yhoAAeSwPSVpUio9&itmprp=enc%3AAQALAAAA8GfYFPkwiKCW4ZNSs2u11xB1DW9%2Bu1%2FRZKet0m6YQuNa0q0dvbqm3QqauAz1XjhS%2BgGg%2FGazpUjLW4fBgBEMktm7Z%2B6znjNfzXyRBC7J0lrz%2Fz%2FtXtviVA%2FtPzePuVYhNkyEGG5N6RJ%2B7H%2FIZxjVd5vrRiq7pHAsf3XTioC9EBXAMIoSe7p7RDpyoB3nFI7FKPon098Cmb5mPlPYB2EsBYXLnZqX8Hl7QOKCyP1E57fz7KeMUjFONPw%2BZG1PS7%2FF64rDbl8pPL52ry%2BEg7T9v9sDyeoNCGFVcW%2FTLxhFwHMMTDRbQ70DQu30%2BUauIHr1bQ%3D%3D%7Ctkp%3ABk9SR46W44-fZw
Montbell Superior Down Puffer Jacket Red Men’s Size Medium Excellent Condition,65.00,Pre-owned ·,Sold 23 Jan 2026,https://www.ebay.co.uk/itm/357966236697?_skw=montbell+puffer+jacket&itmmeta=01KKWFRSBHVG400VYTQXZ9NZ81&hash=item5358734c19:g:oTwAAeSwtItpLFmW&itmprp=enc%3AAQALAAAA0GfYFPkwiKCW4ZNSs2u11xCGqFh6ejVFZOXuj6%2B91o4lO2M6xYImAKKOly2cFJIiLepuFks0x3EZkV3Dy2JoMlnqd19EAaWGzMIDtoK0VyZi2ALalXX45E2D1jTvAudDwq0A%2BU4iY7uOJiV91HVu8GIJzVu6D6a2NlWxtqvXl8535HksSo0TXjv76ecTQl3bQ16yr0gVltvstts7Ur70D%2FTDd2mx02B3HoLLr2ax6VuHWuwksj2tNZGseuBbhZvznUzcY4ZA7z8LrFhp%2BHGZN%2Bk%3D%7Ctkp%3ABk9SR46W44-fZw
"Men's Down Filled Jacket By Montbell , Pit To Pit 22 In Fit UK Size Sm To Med",21.50,Pre-owned ·,Sold 22 Jan 2026,https://www.ebay.co.uk/itm/406580662452?_skw=montbell+puffer+jacket&itmmeta=01KKWFRSBH34YXFBXABRWHMJEV&hash=item5eaa1890b4:g:0hsAAeSwIRFpaPR7&itmprp=enc%3AAQALAAAA8GfYFPkwiKCW4ZNSs2u11xDQVq53AvbOa8lo4NOWC6I4aJKWD8dQRg%2BETaK7X%2Fdf2VJYK7ibcs4WgwyCh%2BOF4Q1erHNb54Pl8TdBJPczhzXAbSpNnUUDXf0x0fhqWXQuhbMpe%2BlzInC9TOrjAVcFLfVKZ7DOsyMAHrvRBgcu%2BqQ2o0FTIhgAEMuAj3ajG9oDbPl3MYZCzhfmpacxuR3vXp2bharnlu2f9R5qc%2BBTyxajJE%2FvXlbQm1iFf050PDHEMYpBMPs%2FJvNHkHtrgrBCUqeQV%2BYqkMdMkFhOqe7h8OH9jDQB01GHsCGo8IasPhdpCA%3D%3D%7Ctkp%3ABk9SR46W44-fZw
Montbell Down Jacket,75.00,Pre-owned ·,Sold 22 Jan 2026,https://www.ebay.co.uk/itm/406512104686?_skw=montbell+puffer+jacket&itmmeta=01KKWFRSBH7PH4J25XB7F1YS1S&hash=item5ea60274ee:g:9dkAAeSwc1ppTbsS&itmprp=enc%3AAQALAAAA0GfYFPkwiKCW4ZNSs2u11xC6auCBfHDYcWD3TNaing3V7udsxn%2BAtztv7XxjXfwoIcSxEnlV2uqdzEVINF6w98bkzqcjYNo6mzZ05Hxaz2TXOxLBXHHAOw2n5gXxmGX2kaoFHAkvfB5XjrHscUI6DOEBCrP1Yo%2Fx4mLN0GsBP8Gien%2BWxR1HvzaTM5%2FWYGMRIfr6diA%2B23o%2FJ9pow4HON6zs%2FabHLwoeiApxvI4S8KsiWVs7Mjp22rye84I3wXsMtWJDUqMKWjkzaOticzjBiBw%3D%7Ctkp%3ABk9SR46W44-fZw
Montbell Navy Ex1000 Plasma Down Puffer Jacket L,135.90,Pre-owned ·,Sold 22 Jan 2026,https://www.ebay.co.uk/itm/406624459858?_skw=montbell+puffer+jacket&itmmeta=01KKWFRSBHMSZN28F252Z5BCNB&hash=item5eacb4dc52:g:t1AAAeSw5uhpcRpO&itmprp=enc%3AAQALAAAA8GfYFPkwiKCW4ZNSs2u11xC8FP%2F4KugOqRrQL5AEEesxLFL4OAdxf%2BHsLqcb%2BO0t2xH6cgtmr8GNgpHzCZSLU3olXeyILpHFW754cc89mQiuDgpwHuJ393NY%2FE8ZhkRxJ2wTua98fnQKd%2FjI%2Bt84plMXDzZKqRyq%2FqRO4fP9KPfXglbLB4cuzY%2B28J3jLYce0eWFm1%2BvyAsym4kck3ItE%2FYU%2FEVxBlR8UsShk77ofQi4iQaSR3uoeBx8jtwdR1kHautuuhjF9oz6%2BsW9fHLc4pq2fiXqx7X6g5Hc5B42adW5offT0lpErDD6pGKd2gAAEg%3D%3D%7Ctkp%3ABk9SR5CW44-fZw
Montbell Brown Mens' Down Puffer Jacket Large,79.95,Pre-owned ·,Sold 22 Jan 2026,https://www.ebay.co.uk/itm/177749847549?_skw=montbell+puffer+jacket&itmmeta=01KKWFRSBHPFFHP7KF1J2KX36J&hash=item2962b76dfd:g:~ngAAeSwIW5pXQuk&itmprp=enc%3AAQALAAAA8GfYFPkwiKCW4ZNSs2u11xC5igHnxuW%2FZNXSR3uUOYJVK%2F14kW2Yapa2NR4%2FHzHcw2RYcDbFCzbzyqo0Bwi11%2Frdzf1TBemaS9utnoGIVc%2B9kpOyfJjnIXumxYjL7skbbfBWbK2tIonz0Y5kmSWhXB6xp3Mh7B2hV%2FXesLUJwbqiANLKXpe%2B5Tzrq3ejr9yiGUg76gf1soOWq5COyR9xAY%2FsR%2BFnJBeJbNUtkCDhIP8eiXL6cygGxgYolEi9M485%2Ftw6FZKZWSzEhLpUn85L9pf1Szmfg%2Fp%2BcS6S8Tvuvn3RHPqY3Iq90kp%2BVyTB%2FfyPew%3D%3D%7Ctkp%3ABk9SR5CW44-fZw
Montbell 800 Fill Power Down Jacket Blue/Grey Lightweight Insulated Puffer,35.00,Pre-owned ·,Sold 21 Jan 2026,https://www.ebay.co.uk/itm/277657792489?_skw=montbell+puffer+jacket&itmmeta=01KKWFRSBH5PGRET5N3WXXW8SV&hash=item40a5b1afe9:g:1O4AAeSwoK9pbSvW&itmprp=enc%3AAQALAAAA8GfYFPkwiKCW4ZNSs2u11xDBFUeXWpJcqTUj5Lu5K7z7fSY8iPw%2FQLN7XALTzMInRxp%2F4k6plaNN7UQTEaGAcPEwxY4rNIdYZWyc1hVVYkL44srUYiGrmDwwuakhIyfzeujCLe94CPQY5KWU05CaRUkmC1H952dN4cX8L9i9ZRvMht2WPtN3MqMgFy4%2FTngIdNe8S0Wft%2BLVcg2UNbixE0yE80HXGynbkqdBUbCF1U%2BjA%2B2Fnq%2FnCjFmuhwGy05%2B5IHAG6vl8WcPEqMbOVYYauLpcVXj8emIuJ8AYqhh0QKov08YhB51PoboYrpiPgJTQw%3D%3D%7Ctkp%3ABk9SR5CW44-fZw
NEW Black Mont-bell puffer size medium,94.30,Brand new ·,Sold 20 Jan 2026,https://www.ebay.co.uk/itm/287077209272?_skw=montbell+puffer+jacket&itmmeta=01KKWFRSBH3YS0JT24R41ZGTNS&hash=item42d72294b8:g:JU0AAeSwSmxpaS3s&itmprp=enc%3AAQALAAAA0GfYFPkwiKCW4ZNSs2u11xBftM2Qy2kb%2BqTapQWxQqjOo2w3vklRFhixBPh9%2B%2FfGimUvH3CcLrbS5We0bccer83Nx04amboqLoDWMwu9yzgXtjyrv6NvVdN0Luy%2B6uEFpAXSgyApEW0lLnBZwfkhGNad3Xgbm6CJ4ZOwvvdr0ZRutA8scA8syk6Q6E7gnvC2xqJVZFE5MUF6%2BogFaZt2dEr1iJD4IBn1LkD4NLc7Lym1SeeG%2Ftt9WxttzFl%2FfllbHzjphcnzcj3x4fnmwWsd1fo%3D%7Ctkp%3ABk9SR5CW44-fZw
Montbell 800 Fill Jacket M,18.28,Pre-owned ·,Sold 20 Jan 2026,https://www.ebay.co.uk/itm/177787896022?_skw=montbell+puffer+jacket&itmmeta=01KKWFRSBJG8YRDSTJ1WTJD7XR&hash=item2964fc00d6:g:RgcAAeSwo5JpbQmv&itmprp=enc%3AAQALAAAA8GfYFPkwiKCW4ZNSs2u11xBuYtL3UtkGQd7N19B8RNd7hoNgxqoL2HkRedAiOC74BR52ZTjiWveQE6C22CaSU8CxCkccEvtBbOaAMp6BD4xHYiJawM0w3fivyKO2BTJF85GDGY0hknTlprMadnQ5ElFfp6q7KbdeeOFAK6iBhlefpNzVj7mYElbNck2IZmiru2u9ugBR3hx2RD8tjKIGXgizgjyvn7dqhK3%2FnCrrYrOXisBnK2qcUi7ly74kAF12KOvgCS8bo3Wxyh9ykHe8QNc4k7eSA0EtRwUE%2F0lO8z3rijcu8Z%2FfBY2arPjflmegeA%3D%3D%7Ctkp%3ABk9SR5CW44-fZw
Montbell Down Jacket – UK Women’s M / Men’s Small - Perfect Condition,167.10,Pre-owned ·,Sold 20 Jan 2026,https://www.ebay.co.uk/itm/168068214350?_skw=montbell+puffer+jacket&itmmeta=01KKWFRSBJ65W6Q5N75JS3T18N&hash=item2721a56e4e:g:2fEAAeSwJJRpXmvD&itmprp=enc%3AAQALAAAA0GfYFPkwiKCW4ZNSs2u11xDjYN2H4fl6d2izw7%2BbnJRr6VIco7oeqwHBUCCucmgGaVL8y9RUm%2BGLUJf8K%2FOq4eOU35UCRJK2t3iS9islohqqwTbuzTwGFFZeyPy2Z7gHBfRRs9VHzl5RvM5N5pFyEjl9BxwMJ%2BiTCQzEHA5OgcezZ7NYyDugPbv8WoBy%2Bb7R6uC5MLYKI2%2B59z7xrpQ99wV9NRabi9r4O%2F3mWciqGUwCmbnvFeySojBh%2FPa4HoFXLu7BLj66A8HI2OufoGVDYZw%3D%7Ctkp%3ABk9SR5CW44-fZw
Montbell Superior Down Light Puffer Jacket Ex800 - Medium ‘Yellow’ Vintage,52.32,Pre-owned ·,Sold 20 Jan 2026,https://www.ebay.co.uk/itm/297946242266?_skw=montbell+puffer+jacket&itmmeta=01KKWFRSBJA44PY7Z7E9JC8HTW&hash=item455efadcda:g:2OgAAeSwBWdpbRGv&itmprp=enc%3AAQALAAAA0GfYFPkwiKCW4ZNSs2u11xBFnTsiPc8lqUJctVdHSJETQRlZLwh2Iz7xTli2lkvVCjT1x33PRZeHK%2BOLargISBF6jovITbB%2FyG%2BYh1bl%2BsG%2BqsEfKmmTGzqOelJEPD2fL26mtCIUBwzTN6js%2FT7Adwb25zPBp3xkt%2B2ZKmcyNxeSG%2BsZsvtZhQMm8KIgkAs1pR9RPRBSHEmMKVe5U6EcCFX%2Bq0VtG%2BAZwWje5jRzwUqF4xI6vVL%2FqSn5QY4QW%2BnlmDddzeY2EXGoJwh%2FmOnKpTE%3D%7Ctkp%3ABk9SR5CW44-fZw
Montbell 1000 Down Gilet / Vest Puffer Jacket (M),139.00,Pre-owned ·,Sold 20 Jan 2026,https://www.ebay.co.uk/itm/317715187552?_skw=montbell+puffer+jacket&itmmeta=01KKWFRSBJVZX19DYXEZ1582WM&hash=item49f94d0760:g:3BMAAeSwd4BpVDzV&itmprp=enc%3AAQALAAAA8GfYFPkwiKCW4ZNSs2u11xCWolw0BPAul7YM52g3EkZnj94ZIk6jdkAwPS5fCA%2B2wX4vTKdihbTpbNxE80igImvRHzGgiQ%2Fs0MCTUlDO5gETiF00%2FObqfjuItb9LUeraFAehtLyVxhS%2BwxW8kP%2F02GGFwyurAAncImeMxcXXne%2B%2B8xiJrJf3wbehgxmpdZ%2FT3Q%2Fr1UnLC4LHGM%2FNnbUbISB7B35lpRk%2BzbqEIUvuvPNWHxEH6kivR1wxXqCUHpjpwsYEF%2B%2BWYkggbLvPNYhZldCrfx4mHJLrMdixfxbdLmDopFlbDBRmllm0ZYj%2FGlSWFQ%3D%3D%7Ctkp%3ABk9SR5CW44-fZw
Mont Bell EX 700 down puffer jacket blue XL,79.99,Pre-owned ·,Sold 20 Jan 2026,https://www.ebay.co.uk/itm/127429089609?_skw=montbell+puffer+jacket&itmmeta=01KKWFRSBJX5RZFY6Z5J2TX69K&hash=item1dab5d9949:g:E6UAAeSwS2ho53t3&itmprp=enc%3AAQALAAAA0GfYFPkwiKCW4ZNSs2u11xAw8HUn8xt5x3PEeqeig3G%2B36%2BqcbPVPhlgjam9cLrdVgEmODdWnmmh9Gqx%2BJfJcq%2FnjFg1msXvsZExeRAlaJhAjzYfVZviMSdQe0%2ByLTQc4faqANwGq7i5RgGPB%2BTJho4SG4%2BBmBtK0g9GosOvx6OSkNt82fbvhW903XLJwAvN4smINL%2FLDFP4%2BxBUdZBsdRlo6dV7BRoJjXXJigctviqzao321a7LfBzsuS67ytYCulsQdLRMiPuZ3g564xf3Pbk%3D%7Ctkp%3ABk9SR5CW44-fZw
Montbell Superior Down Jacket .,167.09,Pre-owned ·,Sold 19 Jan 2026,https://www.ebay.co.uk/itm/366091356203?_skw=montbell+puffer+jacket&itmmeta=01KKWFRSBJVBDKBZVKV7QRXKHB&hash=item553cbec82b:g:AY4AAeSwmqJpVBox&itmprp=enc%3AAQALAAAA0GfYFPkwiKCW4ZNSs2u11xAO3r%2Bbx7M0yMF2YU--algmJKSOvSSR3j%2FZVpHWNAlbTDcrGHgfC28X3M9pRuBLO%2BE93lOAgqo%2FGzHgT0KSosGVpikj7tdhY6a6h1PRlEKB0cRNmJCbWJb5rGeLxDntcD52Oi31KM3Po787HIe7a%2F6Car%2B%2FxECKi9JZz%2F6M3CNxcF%2BsLZSMZrY91KDeGSXmIjx%2F3vbWPdBqxaoJbI0F4KZAeUCHe1wxYhaI%2BK%2FlgN91Li9IpKjIHh1pqEfBwTeUzHQ%3D%7Ctkp%3ABk9SR5CW44-fZw
Montbell Down Jacket .,146.29,Pre-owned ·,Sold 19 Jan 2026,https://www.ebay.co.uk/itm/366133500929?_skw=montbell+puffer+jacket&itmmeta=01KKWFRSBJM35DD0H197K7N30J&hash=item553f41dc01:g:9CEAAeSw13lpbPGU&itmprp=enc%3AAQALAAAA8GfYFPkwiKCW4ZNSs2u11xCO6%2BxMFUb9vULDWX6mXjsFu9GaCOgikOUgnjqODUaeYckmNwIovYrnSdTR%2BLCKs7tU28WHg7Ib%2Bco4U%2BbC38CcwrtyD1uWFGGEQi%2B1qKo8QIONwENrGE4jXMqhuz%2BIpI1t9nC8p1RDCLD7W3KsynkAVqYnmOrli3DnOVUuBJBDfAmnxTXWOfDljPPQEkOwm718JKfZ2%2F5HP26Fj75WihcAh4O%2FzT2oJV6MsT%2FmpQDdzAoI4Co7g6y%2FsIxwBpwtZ1EhNTrJkm4Af7GQBbKGechz7w3ozehjaLvhCTPe%2FBNvLA%3D%3D%7Ctkp%3ABk9SR5KW44-fZw
Montbell Puffer Jacket Black Large,104.70,Brand new ·,Sold 18 Jan 2026,https://www.ebay.co.uk/itm/376847104713?_skw=montbell+puffer+jacket&itmmeta=01KKWFRSBJD7C2R1RYDXXQK2HW&hash=item57bdd67ac9:g:Xv8AAeSwe5ZpO0dm&itmprp=enc%3AAQALAAAA8GfYFPkwiKCW4ZNSs2u11xBu3Xq34lzBgzw7p0lu%2FWbNoJbWeuwgHo5jwjQiAV5cSyDDmm9fHL8gzskz2Tg4BjSMZLgFFu3byWDgHqGRg2wqXmGzmL1PtF3Wn71oe9KszzaHrPSpd3xslA6ylLAqP%2BKubI9wm997XVGDbB6fi%2FU7FnSj15vsIQHrvDFUG0d6sm5Qn%2BXNhaEcnEs8v99%2BEIDADvCLUce5yllE1BmxnHqH0sq5gAvyL9HE0h0VKWHh8rJA5%2BZjzQjYdJo3MVB4jx7i2rzkE17ZthUSltSgoQvwIyOP7BwomZBk8pb91IF2Pw%3D%3D%7Ctkp%3ABk9SR5KW44-fZw
Montbell 900 Fill Light Down Jacket,31.89,Pre-owned ·,Sold 18 Jan 2026,https://www.ebay.co.uk/itm/177785946928?_skw=montbell+puffer+jacket&itmmeta=01KKWFRSBJJMEQW6D75HQ1HW30&hash=item2964de4330:g:oqUAAeSwgmBpa715&itmprp=enc%3AAQALAAAA8GfYFPkwiKCW4ZNSs2u11xDsJqqC%2FSS1mrRtTP78LDhXFVnNs1SGwsUT%2BE%2BEBNWSECal4GbFGGVNfE9TXRb%2FaFV47gc1JBpgtks1r%2BDxUhHxtqGrLD4%2BUtGX0VQj8SgYcDZo6bgag%2BBzmhTCYMMADVuo44%2FLao8QIJjdFBRzlBp7NqW4feXFrN%2BOgoUOddyHTUljrgZHi1%2FiWY0YScTiqkk5%2Foj7SNpmadag7B1KUeG5mg7Z6Z3EMDoLgg4zD5OTUgPHQsqqAq1Q82JxQzQqH7lsta8LnIydqYYrU%2F5ynYYFiPIsrVXth9TSzxl%2FCB4wDw%3D%3D%7Ctkp%3ABk9SR5KW44-fZw
Montbell Ultra Lightweight Goose Down Men’s Puffer Navy Blue Jacket Size Small,31.89,Pre-owned ·,Sold 17 Jan 2026,https://www.ebay.co.uk/itm/116976453915?_skw=montbell+puffer+jacket&itmmeta=01KKWFRSBJR39E696Z0K6AYKNA&hash=item1b3c57091b:g:~wYAAeSwRydpFlXq&itmprp=enc%3AAQALAAAA0GfYFPkwiKCW4ZNSs2u11xBamfEuE%2BjeTG1yoBIkUmd0S8GqLq4KehxWZXZgOCfSyHcJMBAUDGv90lqdORiVKa%2Bn6wn2LVgKW27tXZVb%2BJsd9LwyEaXZptcBwr3dcztE52m%2BDe3hv%2Bfrx6aejjjnLZVZOop%2FSomJha8jAodxMIyKyZOsjhSnxEtaVka9YuDF5Noj5CIleWOKMVJPWnCkZnxInxg5n5eVE0GwG2M2Yb2bS5xVc1LWfYiK4QCcDsMBWkaPj9QpQxf0fDGwGXDwdUU%3D%7Ctkp%3ABk9SR5KW44-fZw
BNWTs 50% OFF!! - Montbell Puffer Highland Jacket Blue XL - Must Go!,104.69,Brand new ·,Sold 16 Jan 2026,https://www.ebay.co.uk/itm/167011135772?_skw=montbell+puffer+jacket&itmmeta=01KKWFRSBJW8MMZDJETQ147PSX&hash=item26e2a3b11c:g:3CIAAOSw-s5lV0Tl&itmprp=enc%3AAQALAAAA0GfYFPkwiKCW4ZNSs2u11xBH7k3rS%2BckfLikTFWM9hbzaZ7xUAEQ67BbSa3MXFbdudFcKvG5Ila6xykGLcH2H022rJLHd%2F9wwjcI3rEc0GJs8jt7KzavqWylYKZ1xxOv1Jq7U3J4Co3M%2FAnxs2RTzts3uJu1xuvCofpSTvHZerlz3hsFxYIvYY%2FUTh1dhNL22jnaRZ5wR7h%2FlAdx9Ewjk%2BBcYBY8xqYo1INhAQXYaESMNqOVqWK5ioo03fDGuTVZMASWfsvhgbfcNO3lD3g2EaQ%3D%7Ctkp%3ABk9SR5KW44-fZw
Montbell UL 800 Lightweight Puffer Jacket - Men’s Small,32.99,Pre-owned ·,Sold 16 Jan 2026,https://www.ebay.co.uk/itm/187955283435?_skw=montbell+puffer+jacket&itmmeta=01KKWFRSBJQ2519YB2NR0VXQ7E&hash=item2bc30205eb:g:q9kAAeSwnylpaNwj&itmprp=enc%3AAQALAAAA0GfYFPkwiKCW4ZNSs2u11xAjYPhrSWQNgYYt4O24poS7A7lQo8K955btOvY6CAloEdR2ob3%2BdFoHLBQt%2FZ7ZdZIQX5nReALP%2FHOzkshTWuwDZepPHB62CGdEA%2F6YEIGrqhtCXGQq2cafLsa%2BfQw3ruSsE%2BEXu3l5dpA5FRZ0InvSte5J8imQlO4OBw1S9A9VEMnnO2HJsTDdWdt4NoEOt2tBYE6aww7r5NiC5q0Ck1326ooh76gkBhf6eCKc%2BC9TSzQ5fHd1VnWZRw6THjdEfkQ%3D%7Ctkp%3ABk9SR5KW44-fZw
Mont Bell Superior Down Jacket EX800 Blue Size Small / Medium READ DESCRIPTION,47.50,Pre-owned ·,Sold 15 Jan 2026,https://www.ebay.co.uk/itm/177757222350?_skw=montbell+puffer+jacket&itmmeta=01KKWFRSBJZJWEAJW4V2D9HJMZ&hash=item296327f5ce:g:aWwAAeSwcCppVsFR&itmprp=enc%3AAQALAAAA0GfYFPkwiKCW4ZNSs2u11xCnwPWw8fVwu9HL7luyc%2FCz2%2Bo5N4pxBPh%2FDWBtfR2qk4zplXEoy8ZAMA50S0r7YMmU63qHauaceoYrfn2W%2BNx7WGQ%2BRbf0lnQ71%2FyAyAuHSRza%2FjNWn6Jfx02GmKhXneHbVyJyIxpWRB8uu71e%2Fk6VkBP9vNkUeUxop9Qe%2Bygga2HaGUH67FynhOZ0KDvr7IwrxnK%2BxYIqPmyq5KCgAv8eVkT6HM8DVmTJFKVxyw7wtSr0B6gomld2k0r2OmtpeQY%3D%7Ctkp%3ABk9SR5KW44-fZw
Montbell Men's EX Light Down Jacket Silver White,57.90,Pre-owned ·,Sold 15 Jan 2026,https://www.ebay.co.uk/itm/136951738704?_skw=montbell+puffer+jacket&itmmeta=01KKWFRSBJNQZ1THJP19JQQ5H5&hash=item1fe2f5b150:g:880AAeSwqCdpaQsG&itmprp=enc%3AAQALAAAA8GfYFPkwiKCW4ZNSs2u11xA10y2%2FElfQzQ7Zt3D%2BUNj5TyzlvQYOfh5OP3ZUs4R0RK7z0%2BBFyXsQzHW6FVxzgyGJYvYu27hJJPWIceIHsNy5LR4ZYVcRP%2BzLN4Ldw67%2BFaVPRJhFrcNEdC1%2FjngM78Zh5iPW83Tlc49PVall766TsiYg7rBR3yFXfQNPEYvSJ22CZ6HYL8yTpxTUEpaWOhbF8uNE1YkI9txbIax5BRXKg63IzijcmeKAcbCNfNwqcN%2FhFrD%2BOBo0F%2FMwTaJzK7bd%2BB--lGz860LDsK4YriycjI%2FQlnjsBk%2BdJl083tjJsg%3D%3D%7Ctkp%3ABk9SR5KW44-fZw
Montbell Down Puffer Jacket Size L,42.04,New (other) ·,Sold 15 Jan 2026,https://www.ebay.co.uk/itm/267538022747?_skw=montbell+puffer+jacket&itmmeta=01KKWFRSBJDPH4YCAPZNPASV6T&hash=item3e4a82415b:g:HWYAAeSw5VhpX7fs&itmprp=enc%3AAQALAAAA8GfYFPkwiKCW4ZNSs2u11xDWhc3z7UkEDGl5DYLAqIlTtLVA55L7FbnOagOQSx8sgYmWOH2RXhn2j61lY8yChd5hRavrfRpU%2BuUWXpCIQ4PVZT7cMpKS8WGnHh6RnjVEXaGDrLXmK7qkA%2B%2Fo%2BF%2BLzMmmRDOdIR8JhwkLHGQvsVfCyY0239w6nRDQ2pZYN6Vuj0zolEGwpK91l%2BOoLDs7%2Fk2uYg6kI%2B6SxhppwEb9ZvCkv8qbMo0Rj2iAI4zkz2p%2FAdpbemMgRVlwpkSB83wk04tVh%2FVVrCOx0qEep87yYCE9iI5TJjm79ITaA93z4L9z%2Bw%3D%3D%7Ctkp%3ABk9SR5KW44-fZw
Montbell Men’s Lightweight Down Jacket Medium - Navy - Excellent condition,59.99,Pre-owned ·,Sold 15 Jan 2026,https://www.ebay.co.uk/itm/397466851615?_skw=montbell+puffer+jacket&itmmeta=01KKWFRSBJE0ZJTXZJP1989DHM&hash=item5c8aded91f:g:bOcAAeSwscJpXEux&itmprp=enc%3AAQALAAAA0GfYFPkwiKCW4ZNSs2u11xA5jxsJ6HOMYUKIjoyu0uV1Ho3BaMID%2F6883aU8fhZki%2B2FA%2FdcNcn7RuVtVVKq%2Fx46XrUhHQ8N4pcz9jFwLZLnfSYtv5tqwT0l1Hh7JOezbyZVHFIAs29Um1f8yOCkv8gygcHOcW1AEeJXwF%2FHXgGZnTRuUvaxr6j%2BLIZLX%2FMN8AdZ7hJaL1gWKalHALUmq3iUr6UO8CISkpyG05JJbmsWfGRKUAQPrp8STbWH0L%2FTYOk%2BScxVYJgOLzD46kFGxug%3D%7Ctkp%3ABk9SR5KW44-fZw
"Montbell 800FP Diamond Quilted Puffer Jacket, Pale Grey/Silver, M",52.70,Pre-owned ·,Sold 15 Jan 2026,https://www.ebay.co.uk/itm/227174132619?_skw=montbell+puffer+jacket&itmmeta=01KKWFRSBK84XJ2WTDF15JP068&hash=item34e4a22b8b:g:zVUAAeSw-M9pZ76v&itmprp=enc%3AAQALAAAA0GfYFPkwiKCW4ZNSs2u11xAqdG%2BOeyM9X3pgvGQXIDRtk4ZwCrA4C8QCYkJMvkko0ZW2pZu6%2Bkz1jOeJi8H17wBwBZcH%2FzEFj4vWSffgKNxkzqW6dPYXkJoNBjhuPspvOTseV82skbfE3VDoeJZGbScxqE9k%2BXaXcbGqlf9WDXmS38K3dE%2B1CjxgmB4xUueKOaoDQLooyRR1t3lC5IgrO7gqXs3URTS4rPTpFnJ5qSKeTbQ2s9riHtTnbKE9E1ZhJR%2B2NMrnJkagwnJwib5aC0w%3D%7Ctkp%3ABk9SR5SW44-fZw
Montbell EX 800 Down Puffer Jacket Blue Lightweight Mens L Japan,79.99,Pre-owned ·,Sold 14 Jan 2026,https://www.ebay.co.uk/itm/168045256585?_skw=montbell+puffer+jacket&itmmeta=01KKWFRSBK4ZBN6AAVW5942X60&hash=item2720471f89:g:4lEAAeSwm71pU7Xz&itmprp=enc%3AAQALAAAA8GfYFPkwiKCW4ZNSs2u11xAIjCK0JqMVxFxr%2FWt0Cgzf66WLYl%2FZIiBdwj9vi38OkEIzM3MemwvbSaWEsxu897JIvvhvVql5NBR%2F%2BappeP7hHB9Z3I9io7KhzW3cVPp%2BxqjMMlKMmqExbyo4w7Y%2Fzxdxn3ddFJUJUl6SHnKtFnPWROSKd6fc0eNIhq9dmkUfzKrZZ7ahGUU%2BaxejQY5PY8SoCzzv86ABJcbfKe2UFDEXrgMN6ei1VmwWdchNZzbVmuhPMzL2lSd91gZHEjo1k%2BATrzW3I856s3d1bGVJ8YwKZU2NTaGYIJVgf049UtpErA%3D%3D%7Ctkp%3ABk9SR5SW44-fZw
Montbell Men's UL Thermawrap Jacket Size L,73.50,Pre-owned ·,Sold 14 Jan 2026,https://www.ebay.co.uk/itm/205833889515?_skw=montbell+puffer+jacket&itmmeta=01KKWFRSBKX9WS7P27PP68G35K&hash=item2feca7e6eb:g:CnUAAeSwEyxo1Z1t&itmprp=enc%3AAQALAAAA8GfYFPkwiKCW4ZNSs2u11xCDveVuMarBfXNpCxAktyGi2xs6hZJeDYWtOCzw0XONhtzzLCyOs47nWj7z%2FV6h1FDKIymTcCgeOatundGSU8vQGlF7mfE0NP1v5xQTn9YjcFKRHZEtUc3Fz1OC8TURjW6nuT0fBqJ2WgFStwP9BRQE1zcFeH5i4yXJyfoLRMZc--smYoCas3Ldq3cFNdCmOLmCQrRGPreCnWmjTKuYGvwjmFxLtbRpNLjO1wjZKvClfQZBbHNqtrovJB1aKMid1iWJWOa0upRgaOjlOwEXgYQUGx%2BuJ%2BdA%2BCZHAomqtKFrqA%3D%3D%7Ctkp%3ABk9SR5SW44-fZw
Mont-Bell Montbell Puffer Down Jacket Women’s Size Small Purple Pockets,39.18,Pre-owned ·,Sold 14 Jan 2026,https://www.ebay.co.uk/itm/286270058907?_skw=montbell+puffer+jacket&itmmeta=01KKWFRSBK6S3F07B4GBJCV4D0&hash=item42a706719b:g:rJcAAOSwMOtninsh&itmprp=enc%3AAQALAAAA8GfYFPkwiKCW4ZNSs2u11xBqQ4YW7KVWqzXHyVuhnhuqtAMn2Y8V4MuorfbpGjem02vUGOhmLyg7XrMuAtFwzf%2FA5QLZI0T6suTilVWjmUg2BhpXNew3uXu1FYm0FXxGbdFgmWU5MAAF2e9tTdDOkEjfNEkVeGwq63k3XUbulwnOCaU3aaQqHnWOn010G0UhQ2xleggmRmkUqmQux4WlphPn%2F6Co2%2FPtzd2vBH1peSw5R5%2BE3NSs3wSd%2BQpLAF7RejX5kqPLOMXlmUoTyXsvLm%2BukerbjHqVP6q3HETFPoqN7AkCtgkpHOCnPtLXgy1xxQ%3D%3D%7Ctkp%3ABk9SR5SW44-fZw
Men’s Montbell Puffer Jacket XXL Down Filled Blue Full Zip Pockets EX1000,52.70,Pre-owned ·,Sold 14 Jan 2026,https://www.ebay.co.uk/itm/376828326835?_skw=montbell+puffer+jacket&itmmeta=01KKWFRSBKRYSSBS9AW2HPT0KA&hash=item57bcb7f3b3:g:Jd4AAeSwx1FpV7hi&itmprp=enc%3AAQALAAAA8GfYFPkwiKCW4ZNSs2u11xCRNE90NAKYOs5GCaAkmCmY5BkTQ4OKNKYp7F0LBWQPMDnB5Wy5hqYW3uRCY4P9Sl0hl5FEsj1KFZFyRl7yo0ruV4%2Fo6AT4Qjmt45%2FDS3%2FveEJuim34bvgJvobp1ydFcjLeK1Hwrw6lyaB5GE4XgIS%2Bm1%2BN7gvgHib8JcHsZe386pRKe9oP2fbJ9g7zwb6AdJHup9wTGc3cU9sFgzcpMC%2Bk2bckze6hK2nPr%2F9XsSiGIbhGJoVJO%2BGugeGw6gN2YHp4ww62o2cCJtH3c8MKzYXXRaBCARPvrz%2Fy%2BRL93tfOhw%3D%3D%7Ctkp%3ABk9SR5SW44-fZw
Mont-bell Denfield Jacket,52.70,Pre-owned ·,Sold 14 Jan 2026,https://www.ebay.co.uk/itm/376843779299?_skw=montbell+puffer+jacket&itmmeta=01KKWFRSBK0QM33HSVGQC3M51W&hash=item57bda3bce3:g:yh4AAeSwKTVpBKmy&itmprp=enc%3AAQALAAAA0GfYFPkwiKCW4ZNSs2u11xDeTL0QoA%2FdXsPLxx5hGM2crbkjmIAe25dBbpVlJb%2BQqX2KkLhPx2gmWYy9ghPTd7L5eT36ArM6kYR3oPJULeNfXzeBqcz96SLDL5V20vBD%2BQAiCqVTUBgRkhYr4EMasZHSNrErchufN9u3HF5Xl%2BKcQV%2ByqSnQLlOmEefu%2FYMUq34h78ODa%2FS2A7jI6ckeAsP8A5UDZ9f5YjTTdJiG8Zk8BxrYnuGcgk5gtkmG4YPXIiWoLdf9SoDcTNc%2Bjj6VNP8%3D%7Ctkp%3ABk9SR5SW44-fZw
Montbell Superior Down Jacket – Men’s Medium – Two-Tone Orange Goose Down Puffer,239.90,Pre-owned ·,Sold 14 Jan 2026,https://www.ebay.co.uk/itm/168032750672?_skw=montbell+puffer+jacket&itmmeta=01KKWFRSBKEFSEBQJP5NK0QJEJ&hash=item271f884c50:g:V5UAAeSwPoVpTfhJ&itmprp=enc%3AAQALAAAA0GfYFPkwiKCW4ZNSs2u11xBy9rz4wRSlgZPBn597bDgzv768HpYgyeAhZCHffNh413C%2B7Szg5oV0llJo%2BocL4SFegRJ0y2WhVrA8b%2BuoI%2F6uFyqyZbOEG7Icfl%2B2pfJL5z2iB5Mzm2Bjy760hxqBeXX%2Bq8XfjgpBPlNUqMx6iSUFgfvD9RSO7aq6nj7MjKZHDrN7rOiXxBksKPvPECA1pHokPE%2BUMiMKUP2kF8LutwEpW9Ae7xBcF556kVycUJ1ZswL3oOb25niqwH1V7dlO9%2BM%3D%7Ctkp%3ABk9SR5SW44-fZw
Montbell Down Jacket .,172.30,Pre-owned ·,Sold 12 Jan 2026,https://www.ebay.co.uk/itm/366091305575?_skw=montbell+puffer+jacket&itmmeta=01KKWFRSBKM5CG3BQX8FM0W2XY&hash=item553cbe0267:g:z6IAAeSwzKppVBWJ&itmprp=enc%3AAQALAAAA0GfYFPkwiKCW4ZNSs2u11xDxbj79rvTJcJp4JDGwY7v%2BI4QHrTtzHrw13fsoKdEsxDaB2dxBLeNcjSQHvRM%2FRjpzkPnTl8rr1hdInfvbnKM%2FQV5K28Q2x8XyATZMFrp%2FARnfvHVDnhyxgKPo%2FYEKTRx%2FR%2FRRdzhMJUFjOLUzmaNr27cbp1OGgWyMzquxs8Qe0wSvtE11FI%2BcchWFVEVR3Y2h%2F5axOPIjIURqgwjBNjfrLDcPbMl%2B8mtwELtHrohoy0uHwAF%2FyOvtbC5%2Bu2Ord24%3D%7Ctkp%3ABk9SR5SW44-fZw
Montbell Down Puffer Jacket Superior 800fp Womens Ultra Lightweight Medium M,84.95,Pre-owned ·,Sold 11 Jan 2026,https://www.ebay.co.uk/itm/157496952784?_skw=montbell+puffer+jacket&itmmeta=01KKWFRSBKC480BSX0XV4RRW87&hash=item24ab8cc7d0:g:hkcAAOSwdiVnUyJC&itmprp=enc%3AAQALAAAA8GfYFPkwiKCW4ZNSs2u11xBlPciCLUmpdNxAqHA2v562Fg8d1ffJ0ofa%2Bs%2FprQbsunZGtiN%2FrjrF3glv1rj%2BLuBjkMvjmTKzeH3hWLDkbxnJomecwE6vbV60wZkERKuISYzO0TRkoUwfMqwG0OxGkoo099MRnOSwVx1mPcfuZSh2MeOIDrX5QHwuwc2abtlOJ5g4z6vGKXmXMvEHaMpd4u0kJbKHmPE46ZNQtQIQ%2BbGWymK2oA9%2FeFR7KqWR4xFhyhTHMU4Su17PW%2FrYx%2FnWQRjcMDwYB6Jpvp%2BunTWRA43JLqgc381wYFXseopTGTT1OQ%3D%3D%7Ctkp%3ABk9SR5SW44-fZw
Japan Montbell Puffer Jacket Superior down 800 fill power EX Navy L (UK Stock),187.90,Brand new ·,Sold 10 Jan 2026,https://www.ebay.co.uk/itm/317270811710?_skw=montbell+puffer+jacket&itmmeta=01KKWFRSBKQKHSVTD4WB29ZBNE&hash=item49ded0643e:g:lEkAAeSwKntouHpN&itmprp=enc%3AAQALAAAA0GfYFPkwiKCW4ZNSs2u11xAGpaSuxkReGFyGPz8ixUk9ju%2BFY9Lu8ywJLURcFbp3pQ%2FQDPUYhOEk%2Fs4oxx6CtbRPG0CafEO6mD4z6hdcD%2Bs%2FgJz2H4Pc56znUpZwS9Y5MB4E3%2B2AnWDV9Wycq%2FnlR%2BQN67gduhp9qRpxjuYaygWijQzcgCIv6gyatbiI%2FjNPWWyvjZqaEyZbn9P4yUergwZfYpecaGCbwtE4%2BiHBCYmjjNB0m3DcMCJ35QfXHRSjFOGG1VKWRjiKCYfbWzi0XU4%3D%7Ctkp%3ABk9SR5SW44-fZw
Men’s Montbell Puffer Jacket Black Medium Full Zip Down Filled Insulated,57.90,Pre-owned ·,Sold 9 Jan 2026,https://www.ebay.co.uk/itm/376822192789?_skw=montbell+puffer+jacket&itmmeta=01KKWFRSBKNRR718D73VMYZX5A&hash=item57bc5a5a95:g:6zoAAeSwq2xpVS9T&itmprp=enc%3AAQALAAAA8GfYFPkwiKCW4ZNSs2u11xBDZxqVZMkSx93Zcwd%2FkeCDYMOfHKMlyM2T%2Fbqw6iyPPE55%2BmioNY6vo0OC5gBkV08%2B%2BluRexeMv%2F6tFyoWOgpTwVqEJ9kXLhCA8Vh9s%2BveXKR1XJj7E6mgREHvtC4yY3x4U5oERwXez2IztEMj7VrnFVv7%2FW9VbDAMCcBSXcUSHfAc0ZmDnzEWeY9xTKcn40YrpgSr%2Bzz5H1ZG2F%2B%2BZUqPgtLJ3%2BSpcLOwVOKOlz8NUf0DrfT%2B6m1Lm2h3GFnCU%2FhJU3OiiGzE4t03V1sJ9qu3xtX2ApL9I293XplTpgW%2BDg%3D%3D%7Ctkp%3ABk9SR5SW44-fZw
Montbell Square Puffer Jacket Black,78.70,Pre-owned ·,Sold 9 Jan 2026,https://www.ebay.co.uk/itm/376753983096?_skw=montbell+puffer+jacket&itmmeta=01KKWFRSBKVD50KBBNJH69BVW2&hash=item57b8498e78:g:T9EAAeSwoo1pMf32&itmprp=enc%3AAQALAAAA0GfYFPkwiKCW4ZNSs2u11xBbbDzBmtAGMYk3QqjF1YP2QZhIeZ4S1us5KfXkWV5vrOUe4Sl5ib5mtdqcPyx2HexFVZxWU%2FuytkARtYZ0AwXM%2F6au9fIbmQXFo5tI4wkoaOKRewwx3QCVAIgN72GWNrxn0kWsDcaglI6MAC2xTI7yjb3lTLBKzmpRLh5klVNCntYptiQsCMWPr60J3tzZZuXRqQCZkDEkRJejeYj8Nb0zURfPNeXWMyxBUXfA%2Br0iGXtcPsICUsYvAPxlz4UE3YM%3D%7Ctkp%3ABk9SR5aW44-fZw
Montbell Permafrost Down Parka - Size Medium - Water Resistant,151.50,Pre-owned ·,Sold 9 Jan 2026,https://www.ebay.co.uk/itm/168032779661?_skw=montbell+puffer+jacket&itmmeta=01KKWFRSBM0VWY68T4TC0Q888N&hash=item271f88bd8d:g:jbcAAeSwhVxpTfja&itmprp=enc%3AAQALAAAA8GfYFPkwiKCW4ZNSs2u11xCCyAsDglMVzyeRcGC6zuIl9uE9kfIkELQ1ZQGgY9joFXfTNiW%2F8qlGlVd%2B0loiAvFxAFpWHft%2Bm8YvFCaBkewk8KARSOkW3fmLpAt8Icb6xpWsZRKD2QAxZU4wNrzVGLtj92tCmZwSWTb24O5KjemCOQF63mlBBfZl8KW6bPkSWhiaYrBLCkyzBjOrEInkowZpTI4eDDhyaYqqnCL%2B7jk4MauQoyZdPjhpkHt6eTfpfFvKx0mMEjTXKzN2yBGtrgylSfkshaWjMW3%2BnebhcJDOQS0slnKVARuAGd59Fmotog%3D%3D%7Ctkp%3ABk9SR5aW44-fZw
Montbell Alpine Ex1000 Plasma Jacket Medium,156.69,Brand new ·,Sold 8 Jan 2026,https://www.ebay.co.uk/itm/317732118991?_skw=montbell+puffer+jacket&itmmeta=01KKWFRSBMHNYC6D7X19H6NK18&hash=item49fa4f61cf:g:xiUAAeSwLhppWuDx&itmprp=enc%3AAQALAAAA0GfYFPkwiKCW4ZNSs2u11xAfWpawXD%2BF4lIAbIFyV7ZDFG1W9EeJz%2FdLRpmZIXLjxR9iDNlYXfTcwstESrLPIIs8AuGBropugv7KXRhLa4gn6kTMp5QUMHqrNW2NwMRRvO%2BpYYnOLcaD7TGbWAaipxTgrwJEgZ1UzicZmbr6XeU%2FehWNF%2B8r0FEJnQ0rONjgiMvstRnXHdeApFVFHwbefp10ulRAdiWRQJyIb%2FqMfZd0DeTA4mQiw2rNDrI5N8%2B496m5PgfcOMYyEXjhUMNFNg8%3D%7Ctkp%3ABk9SR5aW44-fZw
Mens MontBell Superior Down Jacket - Medium - Great Condition,115.05,Pre-owned ·,Sold 8 Jan 2026,https://www.ebay.co.uk/itm/168067595952?_skw=montbell+puffer+jacket&itmmeta=01KKWFRSBMAQ3XRRG6A687B7XF&hash=item27219bfeb0:g:yggAAeSw6j5pX56z&itmprp=enc%3AAQALAAAA0GfYFPkwiKCW4ZNSs2u11xDvF1XGvBog%2BSnIfufRsZWFC%2B16JbMveVEHb5ixCb32DhgGOWczrvtYEeSj8XnpKhC8XrLtPm1hWOo6eFSEudnVyJUkgM2g04m%2BnG8pRiKShuNPUmGWjO8EUMf1hZx5AqaNvGn5R54X9yD%2FAGWlLq0vnu3ixtBWtuRS5QSvWbUAZ6Kf%2BhjJ72ynHyH46Of7oGgd42W7BxjsUTjiXuDVdTdEsERh93JyEPMSoFBiCK2pFYOUjN5ZJt8lPV6MH7gnyYs%3D%7Ctkp%3ABk9SR5aW44-fZw
Mens Montbell 700 fill down puffa jacket size M,45.00,Pre-owned ·,Sold 8 Jan 2026,https://www.ebay.co.uk/itm/287055236943?_skw=montbell+puffer+jacket&itmmeta=01KKWFRSBMQE5N2KNYXCPM7M4C&hash=item42d5d34f4f:g:9OoAAeSw2AlpXDJe&itmprp=enc%3AAQALAAAA8GfYFPkwiKCW4ZNSs2u11xC501uysSlb5B75SbOFTWlHOTMBYUqnnoWMdKCqRfsevCi59ibvA6VhXlL%2B7HdeJ%2Bz0h3GCjQYAjSj7Dgil68qqIjpPMln%2BokmgxIEHEcPJuzZCEWhsD9byputyBvYHwjzA5ttfLAiuV5Rjn1Pym7h2peB4jczo9wFKv0u169gZY7kmd3lB7U%2BzN0T3TivwLQtClsE9HXjWapZRUOGW6sto34edtoYMJ%2F8bBqHtCSOqD9qRy6xBF1YC1sj0sacof090vzYu0%2B7P3VUBosks3RlEpDbOMqYHfz%2FdUaKGcKUeug%3D%3D%7Ctkp%3ABk9SR5aW44-fZw
Montbell Down Puffer Jacket (M),109.00,Pre-owned ·,Sold 8 Jan 2026,https://www.ebay.co.uk/itm/317691170795?_skw=montbell+puffer+jacket&itmmeta=01KKWFRSBMYPQ8YP04G4XXA59S&hash=item49f7de8feb:g:qhEAAeSwgiZpSxPF&itmprp=enc%3AAQALAAAA0GfYFPkwiKCW4ZNSs2u11xANIkhBH%2FyT%2F7MaoipKqV5Jbohc0jGYLemTZDjSTGp%2Fcp2j6zoULnks8B0zOc7Yp7hYwR37fgEhmYg%2BwX4lkth9Ue5yrXlbX1ugHOo4rdIxLcZsUflPR2X1n%2FoRMY3BejZi0B%2FzXu%2BObsiyjefpohwPPFtLRwl6nUSK5VK1pKjJHA9pO%2FAKYjHwPq1jkobkHaFrj3JK8nYoyNkP%2FrvQiH%2BS9YSDY2hSgdEzFazuF%2FW%2Fl7WGayAAjJxrQ64dVVr8GGo%3D%7Ctkp%3ABk9SR5aW44-fZw
Montbell Puffer Jacket Size medium,83.90,Pre-owned ·,Sold 7 Jan 2026,https://www.ebay.co.uk/itm/406562920609?_skw=montbell+puffer+jacket&itmmeta=01KKWFRSBMWZ36FMJ99EKTJPRV&hash=item5ea909d8a1:g:uYwAAeSwo~hpXStr&itmprp=enc%3AAQALAAAA0GfYFPkwiKCW4ZNSs2u11xDwB65rN3crLBojU%2BPL2MpBgRasmvp0p04OKnr6jGvfKm42UR7R0s65%2BkOFleoQnI3boecwzpYw%2FQS9nnN4I4vEdtZ%2BilGMpF3b%2FSRVhJazyPvvi2HUOz2j8SjkbUFV%2BZ4uH6QXqGUSlTcFMS6O1PDeAgAjwrejhD33Rsdn5r8RsRg8xqAqW9FsVVWLOOk7NfrAguFtrutYurZ9rRx2ni0EyYFJreDHmsRI6Jb6qVP%2FzdUgdmhIhnxqAKpvKXQoQUg%3D%7Ctkp%3ABk9SR5aW44-fZw
Montbell Superior Down Parka Jacket Black -Medium Brand New With Tags,146.30,Brand new ·,Sold 7 Jan 2026,https://www.ebay.co.uk/itm/205977337483?_skw=montbell+puffer+jacket&itmmeta=01KKWFRSBM3PFEGTKQ3NRS0J6C&hash=item2ff534be8b:g:KUQAAeSwYchpXV~A&itmprp=enc%3AAQALAAAA8GfYFPkwiKCW4ZNSs2u11xBM8LJUQ%2FzqmBmR2lIliXZ3ZFnnGULgsmgy2iQEuj1vizjKJMQwzXwMhETrmUpgvEO5EqBeoPVnL95li5RFRUJfbph%2BDu77OuybOWGQtqzVip0FhRr%2BJ5f2thdDTHxFtGySkGV1rGYNdZfoox%2FqxotwPdk3Mc3d%2F4hAGLXzVQLsd0fw9fjvW3t3fKeHzFyyy4tG%2FjdJQKzt9PBXMryB9WOSwG%2FPwWthTxvYj3EBXWYRvkoYthb99ve%2BR38i6idc1zCLRG1o2xepY3T4ot%2BIx%2BZMr4CCVZ2ASDPFaMlzv03LFA%3D%3D%7Ctkp%3ABk9SR5aW44-fZw
Men’s Montbell Black Puffer Coat Size Large with Detachable Hood,68.29,Pre-owned ·,Sold 7 Jan 2026,https://www.ebay.co.uk/itm/317616049689?_skw=montbell+puffer+jacket&itmmeta=01KKWFRSBMTJMG8TP7V7ESRHYP&hash=item49f3644e19:g:PYAAAeSwPMtpL1Hs&itmprp=enc%3AAQALAAAA0GfYFPkwiKCW4ZNSs2u11xDzhso8C%2B%2FNcJpXhHr8m2opjRg9P0iFoNR3JyFsnS%2BfeBZDXFkNI%2BsogjaNhhqkORIhMEQWF94MBN7r%2FpBeODKQnj4AtygF11fLMQPjgDpm3TICA363xB3y%2BbMAmEytsZBfBD%2F0sKEFxFUOqgi76mj2f4CNJWAa44WdP3Z2TCYWXZS5P7Tloa8AnPm%2FTqTdqMUCEsQn5gPBtf3h7iJIKZYCqBtoM1%2FENLnOuWdHdDOSUt2sCFJ0Q4rvZxEeJgHCpDI%3D%7Ctkp%3ABk9SR5aW44-fZw
Montbell Men's Superior Diamond Stitched Down Jacket - Small,89.10,Pre-owned ·,Sold 6 Jan 2026,https://www.ebay.co.uk/itm/306683329968?_skw=montbell+puffer+jacket&itmmeta=01KKWFRSBMASQZ99XYNYVGW6N2&hash=item4767c03db0:g:-1sAAeSwqxlpUutD&itmprp=enc%3AAQALAAAA0GfYFPkwiKCW4ZNSs2u11xBPb1wndk%2BdNK%2FRguWSXPcSO9YVea0OSRK99SQ5QYCdlO6IljcOJNebRVsYTTmq90ZJT1IbiinSbYm8Pi%2FPA8KfPJZTsO2dq6GRcitwcDBG%2B4Zr1SDgcZN9ZAa3h5FAR09FbZd96nnGLUriXHIeZDPNp9957J6YhNBQhVAGu3RoEn1Oiz6azi4FCVag6kHFq4NgTQUGS1FKTJdd%2BtXYT89F2zCusHVh6XZquG%2BBQMFfXYGAfPTL9lEW%2BT8662WCHTU%3D%7Ctkp%3ABk9SR5aW44-fZw
Montbell Puffer (M),168.00,Pre-owned ·,Sold 6 Jan 2026,https://www.ebay.co.uk/itm/167993337955?_skw=montbell+puffer+jacket&itmmeta=01KKWFRSBMKNCDR5MFN7HMJX3G&hash=item271d2ee863:g:HFEAAeSw46lpOS3x&itmprp=enc%3AAQALAAAA8GfYFPkwiKCW4ZNSs2u11xAQYq0anvRpohLxelD%2BF1hrXmI7yYLBoZEJ2H2mf8OeIVKzU7JNePPAP070aBmh4cBn7F6amTmGH%2BBF90fznq8%2BbzzB%2FNuWKRk35EDMEqtUWNtEIKnRmc6%2FKvOG20d5IyMflGzm5GySAOLPTpxMrzpixRK0yfvKYTdb5q%2B4cD%2FhbDkQcgF8qXg8A3%2FUoSBgHPO7I6iZgZ38fPnoYLzs9fw%2BXrQJ7pHFBt3lFXQZGVRc80W6T6oEHcH9fu2w1p5xRX7n6eOhPnr5%2Ft0VUO4FTCL46i2P90Noa4kqM5nUs8oxkw%3D%3D%7Ctkp%3ABk9SR5aW44-fZw
Mens MontBell Superior Down Jacket - Medium - Great Condition,109.95,Pre-owned ·,Sold 6 Jan 2026,https://www.ebay.co.uk/itm/236551614678?_skw=montbell+puffer+jacket&itmmeta=01KKWFRSBMQVY68TX8PGRKXW3M&hash=item37139330d6:g:Ih4AAeSwj8VpUP-3&itmprp=enc%3AAQALAAAA8GfYFPkwiKCW4ZNSs2u11xDkqHgTjQm2O2MnuXRfrXWvDA4fhC8A2H1wmgJGlQqPW0%2Bf5%2FkQNtmdibwqOca4vnRD%2BcdxnKoPvcrBbOSJH9UDBM6KkQk2naWL%2F5VPJMDQQEwmOHrzHuZCnSwR4MgLGVkY%2Fe%2FQXG3BMBXyQ%2F6ufO6kppqKp87iRJLK%2FdM3AE7XOSr5wnfMrtHUx4YAKrgMAWQEvyr7JrE2osonzJ0T%2FQHsuToqAYo0UZAqtHg2EdWKPwtmIy5g17%2FKXBt9ywe5siqX5FhoM7xM2Br1SHQuwzRi9m0ycVzPGLrMxkbBq7aJNA%3D%3D%7Ctkp%3ABk9SR5aW44-fZw
Montbell Puffer Jacket EX800 Men's XL Red Down Feather Lightweight,140.00,Pre-owned ·,Sold 5 Jan 2026,https://www.ebay.co.uk/itm/326906615044?_skw=montbell+puffer+jacket&itmmeta=01KKWFRSBMYANMWK4KDSRWKXKC&hash=item4c1d271504:g:AA4AAeSwoo1pOIUa&itmprp=enc%3AAQALAAAA8GfYFPkwiKCW4ZNSs2u11xBIeQYNDCjOgopZmAy0YrTyBn%2B%2FjOLaEC%2FyW6mgjYrEXQuUOj2hYuGP9cF%2FcZamefRrGcJ0K6IdPXGOMWfmu3P%2FQz1ypSkJEPmh1pR%2BhvsqY4bfifiq5n4oh6OhBbZg742cJg33WeLY%2Bt%2BYDSaKdhfv%2Fga2pkIPuSQmpfGRSS%2BqSwb5khWBcPKJ9I8zIgHQhUtQ81qaA9w4n3TiNLJUIzoBCozOH7%2FJgnrFc5m6349uYoWxtd1s35bnQia0VROEmxoqIaG3N5q5pdAV1LBGk%2F238O294FebrXH7ian8vBoEXw%3D%3D%7Ctkp%3ABk9SR5aW44-fZw
Montbell Vintage Down Jacket - EX900 Fill Power Men’s - UK Medium - Black,89.10,Pre-owned ·,Sold 5 Jan 2026,https://www.ebay.co.uk/itm/168048280721?_skw=montbell+puffer+jacket&itmmeta=01KKWFRSBM4Z85J6E9CVG6E9W2&hash=item2720754491:g:gH4AAeSwGCxpVna6&itmprp=enc%3AAQALAAAA8GfYFPkwiKCW4ZNSs2u11xDWKSI4bGDIbr8cfEgf%2FK5U%2BEkduTv5G%2BrbE%2BImrSkXGpVHM%2FSTaeJRGlBgRtOxEUsnHLMKciAWZASN8iMb19EwyfNnhCsxtQZ1WGi5zM7CRXA7ZKt6oBHq2LO1MsQ%2BV5R3S0B%2F2JQ%2FpalBgWgdhR3UWrwrizUpBPU8wgwP0Ei6%2FOEU8I%2BB5xypcibjl1eRAEdi1X2vBDHzvgQoKWmQFD7BoTetmW6TbXCdu7%2BDTO7Uot0wS8CNQRMz%2BVqY85XiJnpGtfiz9nF5uC%2FPfJBo3ybIhAvnATKTYR8VNoH3DUWhjA%3D%3D%7Ctkp%3ABk9SR5iW44-fZw
Shop on eBay,$20.00,Brand New,,https://ebay.com/itm/123456?itmmeta=012DEW30YG0MEEKND7NH&hash=item123546:g:acwAA9KNiJowH:sc:ShippingMethodStandard!95008!US!-1&itmprp=enc%3AbgepL1tlUHjMGCVfSTGJh%2BzsVKeJ3CQk7NizDI4BZeppuFnmyS6Ijyp8lh%2FnEw%2BWqO7uTV1Q6izE1R0T54aV8j71F4xlWfVcGft4%2FiOQhtqVXA1rW6M1atPARQRmhqUxtEPJKhKtSFgI%2Bvwlzb0GwVCtkp%3ABlBMUObkmabpYw
Shop on eBay,$20.00,Brand New,,https://ebay.com/itm/123456?itmmeta=012DEW30YG0MEEKND7NH&hash=item123546:g:acwAA9KNiJowH:sc:ShippingMethodStandard!95008!US!-1&itmprp=enc%3AbgepL1tlUHjMGCVfSTGJh%2BzsVKeJ3CQk7NizDI4BZeppuFnmyS6Ijyp8lh%2FnEw%2BWqO7uTV1Q6izE1R0T54aV8j71F4xlWfVcGft4%2FiOQhtqVXA1rW6M1atPARQRmhqUxtEPJKhKtSFgI%2Bvwlzb0GwVCtkp%3ABlBMUObkmabpYw
Montbell Down Jacket .,172.30,Pre-owned ·,Sold 5 Jan 2026,https://www.ebay.co.uk/itm/366091275404?_skw=montbell+puffer+jacket&itmmeta=01KKWFRZ1Z7P802CP5RAGA9HWV&hash=item553cbd8c8c:g:2xAAAeSw61JpVBFw&itmprp=enc%3AAQALAAAA0GfYFPkwiKCW4ZNSs2u11xBKaNoj3wLajgnmI4%2F1LpPM2aHU5qVA0di68HxXNst4w%2B6wRi4avONqGXwUzEFtUELVyfHNE0%2FR1xwsdN5EjiPqKXBLdeumisJ1LgKWres8O1sS5WfE92sNOKnAKudhKGkh4gyHeF9prwDaYgEwtxiK%2FAU0bGSSIt5R1mv4N1Pr1soCPNpBSK4lIAXkAa6RiDQ%2BX3XqiqWRy6ed%2FnA8D58cn2SqDzWB%2BuqcCdHjx7qe2P74dHU%2BXkoAiwbApyV5TCM%3D%7Ctkp%3ABk9SR8Lx44-fZw
Montbell CLIMAPLUS Shearling Jacket Men’s Medium M Ivory/Cream,100.00,Brand new ·,Sold 5 Jan 2026,https://www.ebay.co.uk/itm/336371920767?_skw=montbell+puffer+jacket&itmmeta=01KKWFRZ1ZCWY1Z4HPEX9A3A5T&hash=item4e51542f7f:g:-MgAAeSwGfBpV-bu&itmprp=enc%3AAQALAAAA8GfYFPkwiKCW4ZNSs2u11xAr3AH%2FaPBdaCCD2sLYfaKVRfERk7Y094K8f%2BW0AfElJrgjpDdtSv6ps6M4nSAvAibAv2kQz9vVzfNYBCEyxDion3UMmJ2oL9%2BNCFLAapaCRUjJaywVWdhyTwhGcgtWr8PkNuAh%2FsocrrMEwgIniDNCKPGMUpVJ8Q%2FmZQzrMMrsVdx61Ntu8LMKObbYd0%2BBUXo9LDh2TrtCa9l%2FTsmmHxFMXOVKHLqfkS9SUzJCQ6kQAuCQPQ2A8eE%2FFEzwTzzLE3TfR1%2F0EBgCAytde6k7fTgFA3ZvnII%2BgkZLbVyk5HQnFg%3D%3D%7Ctkp%3ABk9SR8Lx44-fZw
"Montbell Down Filled Long Puffer Jacket, Womens Size 95 (UK 12/14) Bordeaux Red",37.10,Pre-owned ·,Sold 4 Jan 2026,https://www.ebay.co.uk/itm/167936071266?_skw=montbell+puffer+jacket&itmmeta=01KKWFRZ1ZYVSKNYERX6RGX50J&hash=item2719c51662:g:~j8AAeSwvKFpGxhW&itmprp=enc%3AAQALAAAA8GfYFPkwiKCW4ZNSs2u11xAkJpIn%2B66NizSGLPgxdI%2BhVpJ6ZmctJyC2yfEFQJ%2BBl1%2BqAacCLRL1tTPK6V0KmJTyVbXAy%2FIWw5iqQCTcxt2d4Sn1Hj93sLrCZqi9i%2FqbOBqVwbxq16U0nttgIC5qh%2FSvK7UT4rCSsd3wuwgSBpRXFeyqmgu0sYkiCmGJdl2YNpRYT%2FcBIS7qcsUlMBID2Gvn7xg3Guh0D67rZE65%2FXU%2FkBeEQiaz5hN3liuHuov9t%2FfJ%2FDtIQTZWfoWi1Hrr%2FlpaIaCYTnL%2FHHcwaCJK7a%2BOES7TuOUxgnBd7uHgnkzySg%3D%3D%7Ctkp%3ABk9SR8Tx44-fZw
Montbell Superior Two-Tone Down Parka – Size Medium Medium - Perfect Condition,151.50,Pre-owned ·,Sold 3 Jan 2026,https://www.ebay.co.uk/itm/168032790432?_skw=montbell+puffer+jacket&itmmeta=01KKWFRZ20REBJZ2W2MFHZTD4A&hash=item271f88e7a0:g:Nb0AAeSwWNNpTf2S&itmprp=enc%3AAQALAAAA0GfYFPkwiKCW4ZNSs2u11xAER0RY081KDt6Fg0nizBcefFbJsHK2upo2oaJQ2PCkrJOoKr5Q7znDb97vvFFHl%2BW1v65RcMjb7hwbk%2FL0PLM8rT1cUcJ0clGte3%2FIgQ8GkHOs9n9R6MBh%2B5xi6qgFGEKIkARJTR4VB6sUB7lEVLnSbu%2Bo6DPHs0OTzmwF01YMKs3odfzpe0N4rLkf7FYlMKnkQgMWbQGlw17hFaW4XdVW4Ms2UrtynomENNOae4J5WQQBVAVhwCcDcxtrP%2Bt01T4%3D%7Ctkp%3ABk9SR8Tx44-fZw
Montbell Womens Down Puffer Jacket Lightweight Packable - Black. Size: Small,49.00,Pre-owned ·,Sold 3 Jan 2026,https://www.ebay.co.uk/itm/326352614420?_skw=montbell+puffer+jacket&itmmeta=01KKWFRZ20VACW1GFPPRBTH3QY&hash=item4bfc21b414:g:bkYAAOSwF-ZnRgsV&itmprp=enc%3AAQALAAAA0GfYFPkwiKCW4ZNSs2u11xCLoVhrUXtiNufqLjauZAtAize0xeIF3%2FJzvUmACQ3QrijSJtxPCrgQAtzIJEwYgalDN5GrDPhF47KIJC4amIMgBip5V5G95ocfybBSO%2BUIG8Ud1LLWZE%2F0zcqZ4kEHS%2FYoL1HlprL5M4DCxqVIKBExj8MLFgb%2FGn8LQFKcJZ2H5HNBJY09pcKQDPNCtD3baZ19xof2wYj6t61Nu2vL4WnxEEBdu7YbjwGnw6VX14CXivVovepI%2BnHyEOTew3Cql9E%3D%7Ctkp%3ABk9SR8Tx44-fZw
Montbell Gore-Tex Jacket – Black – Size 105 (Large),141.10,Pre-owned ·,Sold 3 Jan 2026,https://www.ebay.co.uk/itm/376658988932?_skw=montbell+puffer+jacket&itmmeta=01KKWFRZ2004Z43W7XZ3TWZNJX&hash=item57b2a00f84:g:uSIAAeSwOQhpAnC8&itmprp=enc%3AAQALAAAA8GfYFPkwiKCW4ZNSs2u11xC2Im%2BRL4cDWunxikfGBozhAOGzLVJQrsclXcT3sznVObNkF5hLBJ0POKCm2pFcvx6mVtJqVGk1mjccc3iLhgzFxYojNN8GfIs6pxk3HzVfyHDFL%2FirJ1yHuxAWCTcXzjWSebp1LT3pJMnB%2BUEhmNYC%2Ff00drTEMjb0qcB14qMEqqkZRinKMfj12sWynD65XzrTecs3q7PruGnEg2Dwdxdx%2FuBh4DuL65CKQSrujPGHYC3ZUfDz5Dlg95z%2FLio4nmgx3iAZsgGdG8PeyHetkopjXZlot1sPuy%2FK9YsM%2F2YgbQ%3D%3D%7Ctkp%3ABk9SR8Tx44-fZw
Montbell Alpine Down Jacket – Men’s Large – Yellow,156.70,Pre-owned ·,Sold 3 Jan 2026,https://www.ebay.co.uk/itm/168032759771?_skw=montbell+puffer+jacket&itmmeta=01KKWFRZ202AVED1MPGMZEQJPM&hash=item271f886fdb:g:IgoAAeSwdBxpTfld&itmprp=enc%3AAQALAAAA8GfYFPkwiKCW4ZNSs2u11xDuHPd%2BNJWlg3VR%2FIlNUg1NKh8WkdneIDNK%2FaW3nUcwRaQIWMYTR15i0Ij7MGiLs5vKE89p2eVoz1xkLjzExkavC1AnVjQtTCD3cqX4VeW8%2FcHIKuCU2a%2BmJ0lV4OoMzf8LfykPug9NuYush1Wv02dIOgaRug0kDk%2BtA2GjNdzmQyvlLQQX7tryh7ESsGWe8eLNIMm6gLG82nT7V6pzApUbzNyx7idM%2FnrrEcFl1%2BKqpS5hkGNb5WLxkH84IiWaZ4klEzMxKcx9iK%2BUOBTH7ZPYdrFW1FUccZ2j6YkwpPPYZg%3D%3D%7Ctkp%3ABk9SR8Tx44-fZw
Vintage Montbell Lightweight Down Jacket Copper Orange Small,21.50,Pre-owned ·,Sold 2 Jan 2026,https://www.ebay.co.uk/itm/168033893789?_skw=montbell+puffer+jacket&itmmeta=01KKWFRZ208SJ5E0QANKFCQ8VH&hash=item271f99bd9d:g:jQoAAeSw1pFpPD~2&itmprp=enc%3AAQALAAAA0GfYFPkwiKCW4ZNSs2u11xAU%2BSHl78r4Vc%2FNgQ694iW1NJbIAKGs07OlBkxUCyh24pLcMqM0ePebtm3E2Hekld7sfNxtRNKCHwJ%2BBw%2BhSBifW6rDOk2JV2S3NUSllNFOjXdJAf906EFqcYT3c%2FpfvoTuBk08C17tS7XAB7J4sV4C1pchPv2a4NIx7wjKqyAGumVZqmUqz92M12q51eWzW6PqdbwS2DJt8qIF0%2Bh4FsF5qeNFDvjb0l5SESjgGB56RCNbZopjnDy--o1m3MCxfPs%3D%7Ctkp%3ABk9SR8Tx44-fZw
Montbell Down Puffer Jacket (XL),115.00,Pre-owned ·,Sold 2 Jan 2026,https://www.ebay.co.uk/itm/317687046725?_skw=montbell+puffer+jacket&itmmeta=01KKWFRZ2035HNQW6ETBK5J76Y&hash=item49f79fa245:g:t~cAAeSw4lZpSZT3&itmprp=enc%3AAQALAAAA8GfYFPkwiKCW4ZNSs2u11xAcCrTZqZ2vZMnobg87u39daOXq6QbGFG0IPZBp8yXN08pEMYax8XnjeIzwrbs0jekZjW0WML%2FmtPtjpJa1zoLNlZNB6vc8WNi7QHqYcIQmt1ZRA5%2BE9KWct68iGNrNr5ZW9wkLznT4t%2BOfljvyLdCJ3018fXhIaIGhO2oefBMb3x4%2BWokzoMmhBLp6ebv3Zpd8T%2Bx8x4%2B8PaEqVCOD6gICRIDyJdT0zG5S8DzjdO%2FXO77bPHA%2FcNT%2FZoZV3UqELQH6t%2BdFmdrrCGVg8HYDNlk8krHDWjVP37ocHfkL9FzyQg%3D%3D%7Ctkp%3ABk9SR8Tx44-fZw
Montbell Ladies Down Puffer Jacket,47.50,Pre-owned ·,Sold 1 Jan 2026,https://www.ebay.co.uk/itm/306652246299?_skw=montbell+puffer+jacket&itmmeta=01KKWFRZ20XV5BSVWY8VGSSMDC&hash=item4765e5f11b:g:c5QAAeSwcEtpOd99&itmprp=enc%3AAQALAAAA8GfYFPkwiKCW4ZNSs2u11xDZuLq9q%2BGdzTiiWk8izO1ju3arm8NOsIsqEHWB7s8wXb%2B27nKflZd0Nv%2Ff5hPRlNq%2FsWj5guLMRP70yIiXjKdNoW%2BtS3wJaLrsUfbeXCpqWzGejVwrF1ngo41lBtYfYJ%2FOTxpA6bRIL5nMRPqqVq2ShDhRSqym9XSy8x79uIggVhrgxl%2BilT52RvOSW0DyP63WMZyt27hZ2L2QiIwm2EchSQy4oORIAq2mzb79warKiCfPijNw7sABXRjoJxXipSjYgH8Oa3CwuHB5eO3o96HRZrYEOCFRbl%2FWfAHzniEdzA%3D%3D%7Ctkp%3ABk9SR8Tx44-fZw
Montbell Technical Jacket Black Size Medium Men's,58.94,Pre-owned ·,Sold 1 Jan 2026,https://www.ebay.co.uk/itm/236503678780?_skw=montbell+puffer+jacket&itmmeta=01KKWFRZ20ABVCJ3S0GEND0D8P&hash=item3710b7bf3c:g:kowAAeSw3PFpLwID&itmprp=enc%3AAQALAAAA0GfYFPkwiKCW4ZNSs2u11xDiPq8anifizS95IqlQgoHdyeFQIC%2FrpWjVhaZTft7ZNQ%2FwwbHS1xvg3CECp8v6Ed6DSd%2BdW29zNz41xEVQB7CQqEErMsf82SisiTbDxGp0bud1JEdEc2ZoS30OqZVT7ZUm3PqeM3Ry%2FWtG0x%2Fkht4o9dTwDaHcveRckbaSzBc01DNNPTU1QDGdtGDgaLRpRtls%2BewMWfbJhdyWaBTXe8ICqUDwU0gG37%2FsDCYsSsWlJyZ%2ByUQ15gkvG67ayMi1njc%3D%7Ctkp%3ABk9SR8Tx44-fZw
Montbell Down Puffer Jacket Small Blue Pertex Goose Down Full Zip Lightweight,52.70,Pre-owned ·,Sold 1 Jan 2026,https://www.ebay.co.uk/itm/376818091829?_skw=montbell+puffer+jacket&itmmeta=01KKWFRZ20VF4NYK4437GHMGMS&hash=item57bc1bc735:g:goMAAeSw-lRpU6OG&itmprp=enc%3AAQALAAAA8GfYFPkwiKCW4ZNSs2u11xBaFyt%2FhGy8jvm1opmSHuBTpL%2BDuacSSw1uMTmqjJS9fQXh8XC%2Fg2N%2F7g3V0eC%2BRvENQMNbdLQSL53I0J%2BHc3YA9WbuewZE3X3m9bsJN8OJdbOStaLWeT9F1BKDvB2C%2Fv%2BWzM2sHuvt1ZKlTl3ZMWl7%2FsPf%2BvbAdKT1DmytjBjf6V2PSN6G0LbgBb56%2FFPTi18vi7DqBsB7gg3y3sphlfBWxazXQwEuw%2FmRyxu%2FjvabtoaNvI4rJ8u4G8jmBgrhkOnkKEbPEwTVYvipSWWhJ2i3aV%2BKjfbUp6kkm1j%2FDaiqwA%3D%3D%7Ctkp%3ABk9SR8Tx44-fZw
Montbell Superior Down Jacket XL Green,156.70,Pre-owned ·,Sold 1 Jan 2026,https://www.ebay.co.uk/itm/236540602382?_skw=montbell+puffer+jacket&itmmeta=01KKWFRZ20T8T5RNC2E1FPTMV7&hash=item3712eb280e:g:Nq0AAeSwKxdpSRXF&itmprp=enc%3AAQALAAAA8GfYFPkwiKCW4ZNSs2u11xBluGAf%2FmzEU%2FNW3VV5L4QEBWM0X5ur5rJTnYdmGxmxAfGwdVjK1xU2daq2AruRjPb2Dp5rh6%2BNzkd0R4HcJokCVFb%2BZS80dOBka4PHRTen%2BQDZU0otaSo%2BG0LHwDCQl3Ec%2BCt4UBh8um8%2B38f766T5jE5caUmlc%2Bc4ZI9QYrC%2B92cZcEgWzuHCeSPeBGMHEs%2FZ14j2fFPadhs3aWTawHRE5d%2BUQftecGp31f9U5r%2Ffmjx%2FsqSibAaBti%2FZPE5leC58W7xP4JNiDgXd0NvoEcQf0Z0c1d3FXvojHF1XH5octA%3D%3D%7Ctkp%3ABk9SR8Tx44-fZw
Vintage Montbell Diamond Down MINK beige Puffer Jacket with burgundy red lining,56.00,Pre-owned ·,Sold 1 Jan 2026,https://www.ebay.co.uk/itm/236557680779?_skw=montbell+puffer+jacket&itmmeta=01KKWFRZ200VM248D003AB6KP9&hash=item3713efc08b:g:T98AAeSw9qppHzrF&itmprp=enc%3AAQALAAAA0GfYFPkwiKCW4ZNSs2u11xANNhTYThFX2TOW4uocA6Qtzs9Vt6TlPP5KJfkj5f4dvbe47KDgscO7k9kTg3u9ewYOfaX%2Bc5IYUaf6sQELp2R%2BzaD87zRzuYpvJcv%2F9Y%2Br4%2B7Sssk3ZJQ3XMfQaNWi4C%2Fw3Xh5WetfguIDM7Bl4duWOvbwxggCaKXrtk6rxWLWsIw1Dt3yyIJfa36NlSMS0LW9ppEJXC6NAyXQ%2F2LhxSE1Ph33vjHdntaLta6spDdmCjlWz7nNQnLmrA5%2B6azB1Gs%3D%7Ctkp%3ABk9SR8Tx44-fZw
Montbell Women’s Ultralight Brown Orange Down Puffer Jacket No Hood Uk Size M,44.99,Pre-owned ·,Sold 31 Dec 2025,https://www.ebay.co.uk/itm/257083508775?_skw=montbell+puffer+jacket&itmmeta=01KKWFRZ205WMWRVDRZH20YG0M&hash=item3bdb5f0827:g:xEsAAeSw5qNorz8Y&itmprp=enc%3AAQALAAAA8GfYFPkwiKCW4ZNSs2u11xD4bDae7mKSfHjLiNNE585xvwbKby1eKE%2FI7YRpOgfXcHrHlv8J%2FkLZIcvzrJkIJ%2BI03nC%2ByrFwQvl7yfIS%2FZmVSZdGxir8yzcRCMnPwRhCOHaqYE%2FU%2BhRy1U%2BY%2BlQhoVafvz9hjEKBUNBZoFkGS6qeOlySgHeps7ah79KdMhrmmZGxsf85DFJTAX1sDCSQOsaLbee%2Bo%2BaLJ76rS5khMsI0vTRemHx8v6k2rkLtqx7JU2%2BQ2CWC4ihQHB6iNGOdPCkNQpkgZK%2BnyvQXXG1HTBHyxqtUX%2BVC228noXKoJpeTHQ%3D%3D%7Ctkp%3ABk9SR8bx44-fZw
Montbell Superior Down Jacket .,198.29,Pre-owned ·,Sold 31 Dec 2025,https://www.ebay.co.uk/itm/366091557109?_skw=montbell+puffer+jacket&itmmeta=01KKWFRZ207GTFKDDCVK9SKNH9&hash=item553cc1d8f5:g:E~kAAeSwQZZpVE16&itmprp=enc%3AAQALAAAA0GfYFPkwiKCW4ZNSs2u11xCMJp5VWXq6%2BN8xy%2F4NCLdNNyZMkys8YwV5JKLBpkLEbu4jZr6Nelmttl0QmCxoGG0pILJh8bMn6XEHcSGxo02D6aLfdBzQ7QzPaVnzrb4m9pgTO8FGV7P%2BVBKYEhV38yO69choxc57%2Fbr5Wmvfb3THywEvGcwGtYnJaa5kU3SfQfRtLA7U9LEy0rd%2FYC820rpP8HsSMKU%2F3Lx0IOQBcfkdUUUHDXrum9Jn7y0%2FzybfH7fLfwqyjnLpvUz4cuaoqmM%3D%7Ctkp%3ABk9SR8bx44-fZw
Vintage Montbell Diamond Down MINK beige Puffer Jacket with burgundy red lining,56.00,Pre-owned ·,Sold 30 Dec 2025,https://www.ebay.co.uk/itm/236552409207?_skw=montbell+puffer+jacket&itmmeta=01KKWFRZ20NP72YASDWHYQ7YX4&hash=item37139f5077:g:T98AAeSw9qppHzrF&itmprp=enc%3AAQALAAAA8GfYFPkwiKCW4ZNSs2u11xC6xkypK22PjU0HrT47yL2qlxF7JPHV49QebOcn8SJYZAw85UdsDNeaTLZr3iPOErLjtipRgv%2F789MhtTnVoZbFES6abXS6m0rz%2BX5E0BFN1SLPt0xXlB%2BLaFKU35aBNydH9qqKGuARrTjYphPPcSuzhNQJj%2BV5iXo2kp6gMPuvfUGb1AO1tCtK86DfO5hpB95RTSXpRsbuMoGOrBnZ6%2F9Eo1naAFPkVEvbGJFZM6FLZOkppYW5g5tHX4rvQhUrwQ8apDPIgydwR6wlA%2BJh4XUDcK%2BKQ7Ng%2BJPVa6JrJdQT2A%3D%3D%7Ctkp%3ABk9SR8bx44-fZw
Montbell mens khaki green down puffer jacket size medium,125.50,Pre-owned ·,Sold 30 Dec 2025,https://www.ebay.co.uk/itm/358046642539?_skw=montbell+puffer+jacket&itmmeta=01KKWFRZ20993R62QYR2GXYN3V&hash=item535d3e316b:g:YsQAAeSwUuxpSwhD&itmprp=enc%3AAQALAAAA0GfYFPkwiKCW4ZNSs2u11xADeR8JCC2IniLgGXg2n%2FXGmwDNkPEJbnRQxV7Zn0jyPEAZkc%2FN2Ng2XgP93ObMBIrCZzY%2FiW4VhsTzOGUisgODP9ZETRR9a4O597TT4ubPSfJIvrFNtgxN3NmoHN55duEgulUSBt1pYUQBNvU017jjNbrG%2B1g%2BFyKTwsToprrtexl%2BKEJyhr9J3cm89as4DIa5ovYT2iNlZx8MbO0OIzgQBbJZYp76ihcUV8p9%2FReyTEuKTEFjqY4gPGRfmqU0%2Bgk%3D%7Ctkp%3ABk9SR8bx44-fZw
Montbell Puffer Jacket Superior down 800 fill power EX Navy M,99.50,Pre-owned ·,Sold 30 Dec 2025,https://www.ebay.co.uk/itm/406513066831?_skw=montbell+puffer+jacket&itmmeta=01KKWFRZ20D3V2P31HXRFKKXW1&hash=item5ea611234f:g:ntwAAeSwWZRpSyZN&itmprp=enc%3AAQALAAAA0GfYFPkwiKCW4ZNSs2u11xAeBwMXTfwHA8qnZKumE9pPxMf871%2B%2BbP69DBPBRW0JphvmUmRLF0Ts5Mn0rx2XPvA2h12n4KU0LrMwYdOUuQDEpHs9GzojX8zJnQ11TBtQ0mzQc5jCBtZcLv4w0A62rDey3ekSsblNLmzposs9mNHtZ%2FdZluPOnk6Nvfpj%2BybcresECSnUU8OSLOCh38JCgIY4cc0giznyySuJnKxmPzDv%2F%2BITOgdz9iejFDPuPZFlbkedhaH5ub9EUhE0uC%2Bvkks%3D%7Ctkp%3ABk9SR8bx44-fZw
Montbell Puffer Jacket Womens Medium Pink EX1000 Lightweight Immaculate,73.50,Pre-owned ·,Sold 29 Dec 2025,https://www.ebay.co.uk/itm/397359300452?_skw=montbell+puffer+jacket&itmmeta=01KKWFRZ207QEZ2NEM2CJ9Z34Z&hash=item5c8475bf64:g:5FEAAeSwa5ppMuSh&itmprp=enc%3AAQALAAAA8GfYFPkwiKCW4ZNSs2u11xC7jUrPg6XcB5%2Fu9SUNquZ2IkvkaihidGAfpm0oSyy51i%2FTnV%2Fbf%2Bpao6erDHfHnL%2F95W3dzLBhClYcIg5KPbzunvY0I6JAOP3Oy4n%2BKhuQ2hHPZSfp5%2BFb%2FHnve1Mqs637B1olGpPpgrY6PwKSPjOZHSzLrCNck8oNVnteGnjGTSt1pwzcgsKIzaly5db0Dv7r%2BkZJQSVeNWJog3c%2FGdYtCu1GJ2CVHHPDfl%2FaKHlEzNEqh4MFQgcVzGa%2Bt7DYW0nR4N9hoasKDLQFYBi%2Bb4cIaMYcUe68dR4WrbRfdQObUw%3D%3D%7Ctkp%3ABk9SR8bx44-fZw
Montbell Men’s Puffer Jacket Coat Large Down Feather Hiking Walking Insulated,68.30,Pre-owned ·,Sold 29 Dec 2025,https://www.ebay.co.uk/itm/376774594478?_skw=montbell+puffer+jacket&itmmeta=01KKWFRZ21MTQVJ38ZJCS2CMJK&hash=item57b9840fae:g:GMAAAeSwj7JpPSD2&itmprp=enc%3AAQALAAAA0GfYFPkwiKCW4ZNSs2u11xDuY7pNOeacFljTxyNNddrohiFwNXFnZS5euDxIznYoZaMgWET7kXjpuB0IQrNf1jPIopghx8HUMMGL53BfWCJp20xaTak6GnGwrlYQQmAc%2B1e%2FyIuwTYpNlniZvcej%2B33R%2FaizJCIQVlnkDa8Awd%2Bkkmj5W5mmkCJ6ebl8jqv5ZaM0IKjveBpc3om%2FNrPdiMn7ORY8XCEHJ79DgT8Z%2BjQ2VuzsBFBoaytR7CfFnm86lKV8OkyfsMD2AjKvU%2F1FHhk%3D%7Ctkp%3ABk9SR8bx44-fZw
Montbell Puffer Jacket in Green- Superior Down Parka,89.10,Pre-owned ·,Sold 29 Dec 2025,https://www.ebay.co.uk/itm/406530178499?_skw=montbell+puffer+jacket&itmmeta=01KKWFRZ21NC8VTQG99ESNJQKW&hash=item5ea7163dc3:g:5c4AAeSwpKlpUSvi&itmprp=enc%3AAQALAAAA8GfYFPkwiKCW4ZNSs2u11xAWpzf%2BCM6ZlUZy%2BbYDrKY6pYADdjxvLqdEKdlBIhB3ruvTrk3A5vUNsOdYvz68Uw1VEPmIzY3l9bXBcq64roY1%2F0GqiFkNIB5tOQMWhtjNKWMTu0rsc6F4apWIIT5DTZrvJj%2B9bbvTJuKI8t5TASbW5tdvv8TIlRQomLc3DLHLnok1Ngm0QtilpSblUTBPYJ7o%2Fuh2pSCHjncRpzZxWNwyDtHY6Qk7tkXZHGHpVpzlGKDi%2Bn62SQBvh%2FOCzTYsVdBfrnuO8MC1tBHEcMlbI%2BRPm9Ttr%2FGeVdXMjZzhbQNuqg%3D%3D%7Ctkp%3ABk9SR8bx44-fZw
Montbell Superior Down Jacket XL Blue Green *BNWT*,219.10,Brand new ·,Sold 28 Dec 2025,https://www.ebay.co.uk/itm/267443091061?_skw=montbell+puffer+jacket&itmmeta=01KKWFRZ21QGD87YA0XXTZ2C3W&hash=item3e44d9b675:g:3xIAAeSwuuVo9lC0&itmprp=enc%3AAQALAAAA0GfYFPkwiKCW4ZNSs2u11xAdT1%2FEkPkhqIcT%2FbL3B9jxJyMuAuqDnRqCX7e%2FLwT28EnkKJFg7bHgsIu9S0YZioGhmGhqXigCRFtNKO%2Fv%2F1qSeoBbjHvZgz3cFWYJ7RqQ8PcOKaw%2FtKSCa2mOyDUQM%2BKqh41ID5OrUgS4OPTOamN4KMTwY6bmXul1dPcnrCSWz5TiN1hdnm7GjlJ5z08IbKGWLaiN6ez9OAyk2foItWGKmuqkFTYX6bEpm7S4PCrJa6YdHPsOp6bbP9Tx5JCBcwk%3D%7Ctkp%3ABk9SR8bx44-fZw
Montbell Down Jacket Outsiders Store similar to Patagonia/Arcteryx,52.70,Pre-owned ·,Sold 28 Dec 2025,https://www.ebay.co.uk/itm/297767310827?_skw=montbell+puffer+jacket&itmmeta=01KKWFRZ2135KSQ77WEXVVX6M9&hash=item45545095eb:g:vaMAAeSwSdxpGi9u&itmprp=enc%3AAQALAAAA8GfYFPkwiKCW4ZNSs2u11xCRrlWQPHXkQlUXYIjkm--Nry2KCF07Mu73BuyV%2FE1DMFFn0hFmwVWYFdc9kOsI%2BOWnTbX7ze%2BjFw4Op3rowT%2FR2ESaU3eezMYayJEmyeZ44eH8p4X20ctbJuDlwMATyScyUbrpJLtfEyklCTbtaPn5%2FrR8bocCBK7RbVVdAr%2BVquboR%2BvX6Wr5hm7bB83ecsR%2Bb%2BpOLOHdmZ4Cu19%2FkNMt%2BlgktNofHs1HLAy%2Fq%2FMWY1q1CFxTqz2oAcV5aOWN7W968d59CmwMmbvBrejgIrsaReAL4fFRwEfkmm315t2aCw%3D%3D%7Ctkp%3ABk9SR8bx44-fZw
Pink Montbell Ex-800 Diamond Stitch Hooded Puffer Jacket | Size: M/10,125.50,Pre-owned ·,Sold 28 Dec 2025,https://www.ebay.co.uk/itm/366071784275?_skw=montbell+puffer+jacket&itmmeta=01KKWFRZ2174N2P3F6QJYYM1KF&hash=item553b942353:g:DhQAAeSwDahpR8PR&itmprp=enc%3AAQALAAAA0GfYFPkwiKCW4ZNSs2u11xBr5Kp2%2Fjp%2FFDUGcIsuA%2FbthRkDR6J6BQu6R7evbVj1Kv118OfbK9wkBqqMEIOXhkr9nT%2FvHzSGgoiRpWyFiHnM16JF9lrGlLWL0drl7ZcCv2ANiSteR0%2FdnTgj6f%2FFqJq6Pz2Ex3Q2ZAaPmm8ulnjd1%2FHUQQNSAL8%2Fzvzzy1rlqUlkseL8SnvqTCJmSG%2FPKF9O6YtcLx2JxlB9J78M68KJBv4wNkJVX2lcqJboWIGK%2FDe%2FofoJl0qdodCL5dAgcr4%3D%7Ctkp%3ABk9SR8bx44-fZw
Montbell Diamond Stitch Vintage Puffer- Japanese size L (UK M),172.30,Pre-owned ·,Sold 28 Dec 2025,https://www.ebay.co.uk/itm/317704194308?_skw=montbell+puffer+jacket&itmmeta=01KKWFRZ21ME5WZYFJRF10B6BA&hash=item49f8a54904:g:VNgAAeSw9n5pE5Qp&itmprp=enc%3AAQALAAAA0GfYFPkwiKCW4ZNSs2u11xAJqnU%2Fkwfsr429T5O9wEJhgXeN3qqbAXuwWm2mm3cFP8bvNobGX3WxYXcFyhfhT4kiez6EFPIlPMZa8Wi0nGai8E1NJuT%2BGZhb69p%2FB%2FqqtURbR1HEZDzXLrhVxISZEv5g8LcFflqKVVnTmevcK4R2ys175j0ZXZ8yeCbexprhoPQRqzd7rv4oNRWyd9hC3CIrVhKdKRY07wr4ZN2GKdqUntNpWc9Vqvp2M%2BtRDxXuKEaFF27M8cOeAYR6nJGOWZk%3D%7Ctkp%3ABk9SR8bx44-fZw
Grey Montbell Ex-800 Hoodless Puffer Jacket | Size: M,89.10,Pre-owned ·,Sold 28 Dec 2025,https://www.ebay.co.uk/itm/366069789720?_skw=montbell+puffer+jacket&itmmeta=01KKWFRZ21GXVAN14R9K3XZ86H&hash=item553b75b418:g:ub8AAeSwMEJpRn21&itmprp=enc%3AAQALAAAA8GfYFPkwiKCW4ZNSs2u11xDljXPYCBV68sVRS8TVqLqihOgCh4FbSFD665528hSdC51VZ5TVMONMj4El5wCfTI1n%2FjS7owxC0VauTOtCOSjc2usccVVFXbcJfqCGDy%2FmrrIo5Wg%2FgdslEU5GeUkjRcQlUgWqgGMUmIaBCLsjgn%2FXI4DbnQ0qYl9HM23VcunswFopNAWDtRHXFJC6nxs6U6SfAkdR5TqlZDdibhogsVTHBNfno6otznRFpd%2BaWkgC3k9EWBcKTXlnsWIggEWzktIKQFhiftUHe0XR%2FQkgNx3k5weXM0Dr3%2F1E0KzhX%2FaZJw%3D%3D%7Ctkp%3ABk9SR8bx44-fZw
Montbell Black Long Puffer Coat,42.69,Pre-owned ·,Sold 28 Dec 2025,https://www.ebay.co.uk/itm/155932827843?_skw=montbell+puffer+jacket&itmmeta=01KKWFRZ21JB65AJ1X8GB3C154&hash=item244e5220c3:g:83kAAOSwsURl3xvP&itmprp=enc%3AAQALAAAA0GfYFPkwiKCW4ZNSs2u11xDN72NLKvWH9ScZMgtUHZwty2%2B1Fcuuvs5lV7fn4qheAEBWmh%2FPWN9A4AFDZUPvObFsFujaW8XGmiGRiO9JPsaVkxPuXk7oX3%2BmfE4ucLNnIVl4TtxWID7sP6a9WgCi%2BMIiwSKMRQGu%2FFDaW00BO36TifECzfO1e9NXUGHZonuGIqnur8d5Jr9SpaiEmpdT2rKqU3BkWzyT1D2diD6hkhXEcJ8DAruA7vOTDyFcv8ct4oYyoscvMLASO16YTTL6NSM%3D%7Ctkp%3ABk9SR8bx44-fZw
Montbell Diamond Stitch Vintage Puffer- Japanese size L (UK M),172.30,Pre-owned ·,Sold 27 Dec 2025,https://www.ebay.co.uk/itm/317528553867?_skw=montbell+puffer+jacket&itmmeta=01KKWFRZ212JXQZZ1G8VA7HKGZ&hash=item49ee2d398b:g:VNgAAeSw9n5pE5Qp&itmprp=enc%3AAQALAAAA8GfYFPkwiKCW4ZNSs2u11xBLpKR2UeAxxykEnwcY355rM8Go5DgoDUb0h0R%2FcWgaNz2I5yMMWUqNCRETfxM5N6Kr6qENlRo1IK58OinfVW2QfQoTgTWKSbC73XatDu1J%2BcJYXT11r%2F81md%2BqKoNq9wa87HqezIMIqvGvdgo7w5BCaFHUZxgGCwC%2FBzZDORjeec1PvS5DybXDcZpuSGQ5AlfAtoj%2BXxkE%2ByEPVjgOj5x6pYOc0Be5QR5haCK0ijhO%2FkeCrqftN2z1Y0JNGmiq6tB%2BgmF5LNcYpqPl%2BQaY6p7gLSF3xl%2F71vT9VPcRmr8bcg%3D%3D%7Ctkp%3ABk9SR8bx44-fZw
Montbell Navy Parka Puffer Down Filled Removable Hood Men’s 95 Medium Coat,89.95,Pre-owned ·,Sold 26 Dec 2025,https://www.ebay.co.uk/itm/147036110555?_skw=montbell+puffer+jacket&itmmeta=01KKWFRZ2191BK0J7X8JBAEF5E&hash=item223c08fedb:g:AfEAAeSw3d1pQfwd&itmprp=enc%3AAQALAAAA8GfYFPkwiKCW4ZNSs2u11xD0INzfVmNa4qTMXkqV40ZoDbDHA4NSYEspQT3JN10GPx9HtgqdXu%2F9vnnJaaKFeI5FI9NCITKcphG2kc3E3N3ou%2B4VRlVAL07KrhJiU%2BtkqU85F2vhkCrJDffpld%2BvNIUFnrQEBHEH8wICGycMsuwOudV8TMjieXZve4L4kkWaKRJ%2F%2B0%2BSMORqjI9cND1kbJ9Y7WIBDysixwI%2BvrQbSJR0qPYO0GTmURd%2BdZNhz%2F6XmsXSnkaj8JWkCXnLoNUoBYp7rbU4Hpw9I6jJJNqyVjNwONaxgxiGgbH8unGnWaYS6A%3D%3D%7Ctkp%3ABk9SR8bx44-fZw
Mens Montbell Puffer Jacket Hooded Green Small,67.07,Pre-owned ·,Sold 26 Dec 2025,https://www.ebay.co.uk/itm/389274068128?_skw=montbell+puffer+jacket&itmmeta=01KKWFRZ21ZXN2WYQJWVP7VD8E&hash=item5aa28ae4a0:g:S3cAAeSw1L5pIuJ0&itmprp=enc%3AAQALAAAA8GfYFPkwiKCW4ZNSs2u11xB26q62lCRvagJ3lgPVnJ8wM2VyH5jkYR1pN%2FpnwT3YousrkHqs0UcIzyQ0HOnmjbu2ZPxN9UJEiMRwnQzxCjQuaQ2sobwU7aNQwZg1BVpMWkQVdbsxwBu9YLqvpsqOnzvIJuCqDBvN%2FglLYmU6Hq73FrgrOWZJknWRVOUNSm5GMbaZWsBDAqnXPvD3NxcNp08TwQvlnDNEFYT6j%2FErRsxLahoFwcYPNN6S2Vbf1Lf8Es9gfec85IAORLp5N0yPlm7qzL7Vm2KuzozzccsPy51VrT7Ufvi0W7fuTOFoIFWNvw%3D%3D%7Ctkp%3ABk9SR8bx44-fZw
Mont Bell UL Men's Down Ultralight Down Jacket Medium,82.86,Pre-owned ·,Sold 26 Dec 2025,https://www.ebay.co.uk/itm/227122239679?_skw=montbell+puffer+jacket&itmmeta=01KKWFRZ219J6P6AWN79V7A81E&hash=item34e18a58bf:g:3NMAAeSwWfppNppo&itmprp=enc%3AAQALAAAA8GfYFPkwiKCW4ZNSs2u11xArb20HmGHcGN9UUSaOUTC6xy6tNWeHI93G1T69B6wEggvnu5x8%2B3mOZc50otZ03RduSyrnq6ydrcunxeQL3H5tKxHctFivao9A%2FFNWxSJtz%2B6NMt8j%2B7K%2Bkl1W9bDJR6WLg8CyyLSnOGiCtSuIAOweK1pY9qz1U5uYt%2BwUf71PZIfPiRoZVGdp%2B%2F85NBaCY4AkwH5qFRnHWoUFVGImNcvg%2FtqD2Xi%2BaA1TVuh0pdTZVhEwn9%2B6ghYKr5hmMuDWyhrg9RnmrQ8gxWgKnO1Vu%2FGD7sv1CpCPMIUFX07ERxYazQ%3D%3D%7Ctkp%3ABk9SR8bx44-fZw
"Montbell EX 800 Men's Puffer Jacket Black, Size UK S",104.70,New (other) ·,Sold 25 Dec 2025,https://www.ebay.co.uk/itm/287023577626?_skw=montbell+puffer+jacket&itmmeta=01KKWFRZ216JJ3YGMBQSVMN04P&hash=item42d3f03a1a:g:wdQAAeSwJ1lpRz1H&itmprp=enc%3AAQALAAAA0GfYFPkwiKCW4ZNSs2u11xAfippJEC5dz%2BtgwpFKbvZ%2BaBlyKaYXV8I1Vh8g%2FiU3M1tL90TJq8eS5UVnK33lPQIp%2FQ2kzDfoxnPartANNgymD%2F7W--mPEijcTAwobpEsa%2FlFoMrP%2BacNdTRR3fchf83x9OIgUAUzbYXiMEUc2YAMCVqrYnaErBlwTAZUkmG87j4SLAvY2DXZgLGDBcZDaZO7BVC1N2Job%2FkLm4SnbMgS5aKw%2BoDnAek14iBLHd254wbNuR8JpTs8EcUqm0Tvvaw%3D%7Ctkp%3ABk9SR8bx44-fZw
Montbell Women's Down Long Puffer Coat - M - Chocolate Brown/Maroon,68.30,Pre-owned ·,Sold 24 Dec 2025,https://www.ebay.co.uk/itm/257247126835?_skw=montbell+puffer+jacket&itmmeta=01KKWFRZ217GB467MKAXJHBN1V&hash=item3be51fa533:g:HxYAAeSwgcVpRU~-&itmprp=enc%3AAQALAAAA8GfYFPkwiKCW4ZNSs2u11xAinLgKhWCBRVIvEHDAP3cZSCaU1anVzj9ULa4wEZ5GUSNlVaz5wfdke69c7M2riTJBUBHh7pwHfN6ZHyLjj6gdZ7gu8hF%2F8F4BkEKb81%2BOLePVYrGV5cTA3QPR3Yd%2Bs2QHfxViov%2F9yFEr5KVxFgcGlhrHfrlYzabjjszb%2B2rUsd7mHu5lea0wBdx4a0LHUIGmCrb%2FtlsaIl0cOqq2KD6vX8qQ6oTR2MjQ6eswpDH%2BoCcTnVWZ5LoewPEsxdnLvXIUYBhg4WXht%2B4KLat4nFwAp998BTwWgoKVNS1d2q%2FuLg%3D%3D%7Ctkp%3ABk9SR8bx44-fZw
Montbell Lightweight Down Jacket Black,158.00,Pre-owned ·,Sold 24 Dec 2025,https://www.ebay.co.uk/itm/187801362227?_skw=montbell+puffer+jacket&itmmeta=01KKWFRZ22HN38XBG51E7MK7QY&hash=item2bb9d55f33:g:hSUAAeSwdvlpLt62&itmprp=enc%3AAQALAAAA0GfYFPkwiKCW4ZNSs2u11xD5oXVE0eyLq%2FhPqTZkUWi3Fji7itdbJfO2cnXVwm3IKmB0SCKDUX1m8xtz9OudZyCQ9eAwS5LAsZB0E9MK70IpQ9b%2B35fosdhT%2FV5HEYKSD0lOhqY53NixkyTQ%2BS%2BT60SYWln1Vt3eYOe9rGHphYTg9GtZJRjv9OnSPwjtUijAtyIIGsK2V4UkJnG658191HvTQFNVjDH1Zmh%2FJMYDqsxwhzArsWv01JVhrfR%2F6iX8KnCxperBKCbfUUDCWjpZRuA%3D%7Ctkp%3ABk9SR8jx44-fZw
Montbell Vintage Men’s Green Black Windstopper Down Puffer Jacket No Hood Uk L,49.99,Pre-owned ·,Sold 24 Dec 2025,https://www.ebay.co.uk/itm/257222921514?_skw=montbell+puffer+jacket&itmmeta=01KKWFRZ22AEY79EKV3F2JJ5NC&hash=item3be3ae4d2a:g:EdUAAeSwbQxosbnp&itmprp=enc%3AAQALAAAA0GfYFPkwiKCW4ZNSs2u11xDkKrF6Zrzfmem1JszK0sz29sV%2F9ELvRS5p6Qa2LHVh7S9ulVHvY9oGdE%2F41ftLLByJoE7UBa%2BAMGxcdOc6w4MPM4W9cf0Vehbqk1poZit9eBBBI4HDTqFFMYIC4SR2ycCU74NfslzmRfSwEzXXQtSa3NORHYtytPJxXGrE7zTnFqNqBNhbUFLD5wqkXvEi6v1aGWs%2Bqzabe0TA32Ke7GwRSEP29ctQwfWAtFfR4aZEu4nj7X4NOymVxPZCQRk%2Bldg%3D%7Ctkp%3ABk9SR8jx44-fZw
Montbell Freya Down Jacket - Dark Green (L),146.30,Pre-owned ·,Sold 23 Dec 2025,https://www.ebay.co.uk/itm/286441705776?_skw=montbell+puffer+jacket&itmmeta=01KKWFRZ22X8TTQ7HJ4CJY230T&hash=item42b1419130:g:6EgAAeSwkXBn5VBJ&itmprp=enc%3AAQALAAAA0GfYFPkwiKCW4ZNSs2u11xCgbmqnSewMLIfmEZQ59Lqa9Ec00kQI4LvqyORNk03qO7VS%2F7U%2FsnfjiWkc4HZjKKcIQuI8VglzVK4w9kxiA94a%2FmQwy91FdgKPHL7WMFG0Nyr0qRfbpfaMi7CKjSMLh1KTSsi6iJSJl87iVwftJEIUVxsxLZ76iRCliSWF3iHfwMDlHjlbvAaXooqMfALmQRfZmY3gX8si4J3BB%2FlyN9KoJxVNeFTfAwH2mSduAq7DOqHzlDW%2FTYAQchR3buH8j%2Bs%3D%7Ctkp%3ABk9SR8jx44-fZw
Montbell Down Jacket UK S (Japanese M),25.20,Pre-owned ·,Sold 23 Dec 2025,https://www.ebay.co.uk/itm/177674369452?_skw=montbell+puffer+jacket&itmmeta=01KKWFRZ22N4D34ARD4KTG6BS2&hash=item295e37b9ac:g:BMgAAeSwuEVpPxwu&itmprp=enc%3AAQALAAAA0GfYFPkwiKCW4ZNSs2u11xAU9bFJzM4YxDOeIav8BiK8FTvNcMYlmjKz9GDcBMFDgSvury83mGKdy0IUbW6Ru5xSz%2BQOGebo5ndfP3%2FLNm4Gc%2BZPJhXX75W32WwHkanj1wk8OhHOv%2FU8M6NqA%2BUYoMAF5l75qbvHPfenEGBPDAHVWOLek3Iz8s34oFnJyG94a3DF8yZbpkbsSCqYZ%2FvtDpgaDbrec18KTbg4DftMJi7LFqwJM2BHQgeecsXnDE30zbmfkVsVmvHz5jbrUAUetKk%3D%7Ctkp%3ABk9SR8jx44-fZw
Mont Bell EX 900 down gilet vest puffer jacket blue medium,49.49,Pre-owned ·,Sold 23 Dec 2025,https://www.ebay.co.uk/itm/127556683515?_skw=montbell+puffer+jacket&itmmeta=01KKWFRZ2296Q2H9FP7507T85S&hash=item1db2f886fb:g:grsAAeSw3XppOr1U&itmprp=enc%3AAQALAAAA0GfYFPkwiKCW4ZNSs2u11xDQvMMWsP4bN3s8digYdoVCXJpBwpdZBdQol8f0gkhtNtvzzDn2GIUm08DwnTL2GjLHoA71acrRIwSIu3kvCDnXmIZpNTUr3Tp2OQ%2FxfEyIHbQQ1G9SDF4T0jYZ1QKB0xgCApZG47oc4tMQbgRkdC2ScinO102%2Bg0%2FaDBnFhZmI8kpRKi5EzuCP5Q80vEVxoPu89Zne7bVHBBS6Nz7%2FScAh9umTRSG7Hg%2BrXLa6Lu0TzdBqowVJA48uvkZQoMwJaiM%3D%7Ctkp%3ABk9SR8jx44-fZw
Montbell Puffer Jacket Black Medium,104.70,Brand new ·,Sold 22 Dec 2025,https://www.ebay.co.uk/itm/376783596215?_skw=montbell+puffer+jacket&itmmeta=01KKWFRZ22SJTXQB5B43YQ0EP6&hash=item57ba0d6ab7:g:Xv8AAeSwe5ZpO0dm&itmprp=enc%3AAQALAAAA8GfYFPkwiKCW4ZNSs2u11xCfiBEMIGyImX2sJyKeyQ2gs%2B8ruPfmRDbqW92K1Ypi%2Fv1BPm9NR70Clp7Xw%2FqWkpoGjv3C4rLZxTGhoF67aKVYpX5zLrtzIXdNXbJHMSVMozb7pQH2z%2FkqYgK%2FY29CAUjyeE1Vhxsca3Vuh3fBwpUcvU3WSbLPz%2FF%2FN6mzfNi5Zmd9%2F9JRLvK31k4Nxm%2FFJxtVMWqBKhp%2Fysk14EdG2OUv11Y9WO1Jz4qBAIcO4JPKJLEDzUq0N0kFcD2riS%2FlAjJ92s%2BL4bFNghM5tshjAvGXeaR8VtRk56O1TLioWtDckA%3D%3D%7Ctkp%3ABk9SR8jx44-fZw
Montbell Men’s Down Jacket L 800 Fill Navy Hooded Winter Coat Outdoor Warm,110.00,Pre-owned ·,Sold 22 Dec 2025,https://www.ebay.co.uk/itm/157508184735?_skw=montbell+puffer+jacket&itmmeta=01KKWFRZ228MVJJNGZC97AWQZ6&hash=item24ac382a9f:g:j~EAAeSwMqJpKsYI&itmprp=enc%3AAQALAAAA8GfYFPkwiKCW4ZNSs2u11xCAdtb3p7KlSZgEfCYH7%2F3YDy8giGCJz7HZjdeo42qkh6WrCnvcc5Yg3FVk4CBZoJ%2FhWcrjpZq2UkLHVnh3jJhb0zd5FnHk4eZzS1kZpaVr2SnptEXQCEhluWZrj8B0hWaFGKDicbhnY%2BD9%2FsqnDD0FJAOeJfkJVzvdfbckVacgsbv4MWc8ibTcXt8jGZa4%2BlLnIO8H6mKVI%2BVnbWu98wQ0XiLcSQ0Fu89TNSsiMkLC47Pw68raZlPrPfuwxSMxpjtSePJDZZYzFWINYJJFXIrA%2BvP9haT%2BiYhKZ%2Buls6m24g%3D%3D%7Ctkp%3ABk9SR8jx44-fZw
Montbell puffer gilet jacket insulated vest Fits XS,42.30,Pre-owned ·,Sold 22 Dec 2025,https://www.ebay.co.uk/itm/266987559394?_skw=montbell+puffer+jacket&itmmeta=01KKWFRZ22WZ4WKYRAJCP7NA31&hash=item3e29b2d9e2:g:B9sAAOSwb7Fm4wpt&itmprp=enc%3AAQALAAAA0GfYFPkwiKCW4ZNSs2u11xBVVc5r2T6cAVxC0%2FPkzPAOzgkU9qVFpJluQqvq4bniUp29NZdr2aM17haANJx%2BZxlOHhzmQ9coiBAmLfmVIUbA5K0ozphhL9%2BQiIcNbOjSDYXuGiGdxOlRBHmCqszhZ8Fsy22rkI7EW06exO4v9EcdyM6gN4dsIYKbS0IjRfMENw1tcDu75KOPU7GsdNePwJo79IUVlfBKbHt09ogGI1XEtFnAU8rJo4jVhWcNs9kz3Okl6EMGruhkiIvmLaaHGNA%3D%7Ctkp%3ABk9SR8jx44-fZw
Montbell Mens Gilet Vest Large Black 800 Fill Down Puffer Outdoor Hiking,81.00,Pre-owned ·,Sold 20 Dec 2025,https://www.ebay.co.uk/itm/167822383190?_skw=montbell+puffer+jacket&itmmeta=01KKWFRZ2226D5ZMXFS8AKP20G&hash=item2712fe5856:g:pN0AAeSwy-Bor0bL&itmprp=enc%3AAQALAAAA0GfYFPkwiKCW4ZNSs2u11xD%2B87FHvgyZp9aX5Rj3beJxszhPTmYmDFSqDfzQc%2Biw8XuCuZX364qEtIgUSLPJUA2fXYEElQhKTGYvCzn77%2BtCnofvSZnTFZKizW53ekZvH7zlX6dwtWd8TTojkcUX4n935be9qQHz8nJb1GtZl8z94mGcTKRT96uXUVgPEhiBA1YWpf7btRfGV7OL%2F7xlDKizvbHEr%2B8hlTQk%2FzzC1MhTtcSa2lw%2BehZOlFsbqOrSyoNjKqjpGZ3ldDFdVE51d14%3D%7Ctkp%3ABk9SR8jx44-fZw
Mont Bell Down Jacket Button Up Collarless Black Small,29.04,Pre-owned ·,Sold 20 Dec 2025,https://www.ebay.co.uk/itm/267510989726?_skw=montbell+puffer+jacket&itmmeta=01KKWFRZ22Z5JAA1TZXEHMQ7XH&hash=item3e48e5c39e:g:~AEAAeSwpklpPZ2j&itmprp=enc%3AAQALAAAA8GfYFPkwiKCW4ZNSs2u11xAWAQeBS9tHJRkP6D1SSQitiSsBgquHjeteXybuyMYZuqiksX5mxK8wzU48ifSlaeLS07wI%2FFA2ioo5d%2Ft3x0FntU2ZoHb60ayDGvKC1ShxlkvZBurN8BRlY%2Fp3cFwxJFjFSyBQDmMpuXJH0QoN4LqWW4ujAgJOGqTZF0A1jim0BN7sC--Ox4LUBEmDDnB7EP2EOHPyeYD6aV3RfCI7QMdvbiq3T7dKQUbeZE5%2BlHpxChF2HiSuirYh9J%2BF%2FGL9vG484aR%2FcLmYEkJl10J4gAXZdES1DRjyDhrydgVuVuhQgw%3D%3D%7Ctkp%3ABk9SR8jx44-fZw
Montbell Reversible Sherpa Down Puffer Jacket (S/M),83.90,Pre-owned ·,Sold 19 Dec 2025,https://www.ebay.co.uk/itm/168016282133?_skw=montbell+puffer+jacket&itmmeta=01KKWFRZ223P81JVZE16PVBJJ2&hash=item271e8d0215:g:lE4AAeSw32xo2lNM&itmprp=enc%3AAQALAAAA8GfYFPkwiKCW4ZNSs2u11xBZA%2F3WOLj18niMjFgfH9V1ssw%2F7whfIro%2Be6Rus2NI%2F3JayOJ3QPp3OFy2qHJ%2BxT0jdRbndW%2BVoEHrRYUU%2BCgmk16UXiPPOTfanAec%2FyfFmnloR1yTx0DP4USrdlTP2tzsC4ExuLstBl3pMkPkGQoZQaLIlspFVILfmw%2FD1af2BiBHEbqW7RoILJr2Wd99VChPzsPC4epQ9htMrAiO1eDPeHvDjho30Zi77E3gEcAUkUnPs2XMIIM6Wzx3EvEjBgh7dGbMSuYZEPNzIkguZk9E1Hi%2BKdStNIBWva5x04OfLQ%3D%3D%7Ctkp%3ABk9SR8jx44-fZw
Montbell Reversible Sherpa Down Puffer Jacket (S/M),83.90,Pre-owned ·,Sold 19 Dec 2025,https://www.ebay.co.uk/itm/167823622585?_skw=montbell+puffer+jacket&itmmeta=01KKWFRZ22KHGAPQD6XS8TG6TF&hash=item27131141b9:g:lE4AAeSw32xo2lNM&itmprp=enc%3AAQALAAAA8GfYFPkwiKCW4ZNSs2u11xAb2fg01ygUfx%2BV5QXfCrhPqIyaQ1E%2Ff5M21Qkgv8b2Udc0EkvwANb2cshg7801%2Bf01UNwMOxAPmrCoG02HjP3tSBnLVHW1gGGSzU8h3Nh%2B2V3gkx%2FkdTNp2nkxkualUo1hahBMksygbI8WkcDGclh%2F9w3Cp7o7coeV7iUAK10shB1SFqEkp6YqkMyE59K998hXL8hWP9u794ssAlgzkdQCTU%2FzHWfOCYbWZ33G0s0UNUYldyC6HO88xyWmOjrGioCwx3izVYu2MwfwODMP8VwoghmTwdVzvbpo2b3BFTw30g%3D%3D%7Ctkp%3ABk9SR8jx44-fZw
Montbell goretex waterproof puffa jacket N,37.10,Pre-owned ·,Sold 19 Dec 2025,https://www.ebay.co.uk/itm/287020632221?_skw=montbell+puffer+jacket&itmmeta=01KKWFRZ22CD8X5QYF1A2STRA4&hash=item42d3c3489d:g:waEAAeSw7Z9pRU-T&itmprp=enc%3AAQALAAAA8GfYFPkwiKCW4ZNSs2u11xAYJc4zuLerT2UH5O9D9qz4uB80Y5wE1F62y3C19NCYBo9%2BUn0su5ujSBFoDLAdfw3UKEn3Nrv4eZc5jqtCBD2V5G%2Bt3Ectll8PoJ%2BkcSetFvmJRmbkUA14swjbnTrQ1Cy8j7svYr9vVy84qbbq6rMM5epIgoRoeYJOb9XUWWqsHobsD4N%2FEuf88Gy7C7swVMt7igmExnCBx0cnpF%2BTj1WWO0Nb1WoEPzwRiN9nnnXXxJxBu7LEeEFKEAfcry2FPorybRO6oRVklLOFxdsCRlxHvmkET1c5nQGhbkJuQx4B1w%3D%3D%7Ctkp%3ABk9SR8jx44-fZw
Teal Montbell superior down jacket,120.30,Pre-owned ·,Sold 18 Dec 2025,https://www.ebay.co.uk/itm/286837957826?_skw=montbell+puffer+jacket&itmmeta=01KKWFRZ22ZS1PSCXFGS6QQH1P&hash=item42c8dfe4c2:g:HTYAAeSwmOdo09JW&itmprp=enc%3AAQALAAAA0GfYFPkwiKCW4ZNSs2u11xA26MupITDaxnsWXicireQSq0Ad6dZ8nVa8OfaxnlAeQ1ti5o6LY62ioYWvsGsC6bMGAe9pqNttEomJIgBOrcMJ6SemSLVQb5ViEF32EdH4ZtYovZ6HMv%2F9oO%2BUseGnDPJVFe98cwH7sPtAtjkd7Xaa9nuuicAaGYArOIuT2hcdyBBj3qTebqtp6v81sT4YYhLPecHeb%2FkojKpSMu%2B8%2BptRVxdaXgJ458EdxjF6DbQinR9J5AW9GxnmjA2wmNUuSnE%3D%7Ctkp%3ABk9SR8jx44-fZw
Montbell Down Jacket Mens Medium 95 Dark Grey Fur Hood Puffer Coat,64.99,Pre-owned ·,Sold 18 Dec 2025,https://www.ebay.co.uk/itm/187802256189?_skw=montbell+puffer+jacket&itmmeta=01KKWFRZ22PRSE3WK3Z6CRVZYF&hash=item2bb9e3033d:g:qR8AAeSway5pLy3~&itmprp=enc%3AAQALAAAA0GfYFPkwiKCW4ZNSs2u11xADMt7r7fKUVDhT9CHHrPRCQIGVmVioxLrWEfhqtrzpPk0dGEHlQBul68lXb%2FHTiXmviR2wXrRx6L4tOi2l4uddmzbUkO3ABm5i6O8mIt1cI754Ufh%2BA1NpYhtsOGB1oPt4PcqgRRmp%2B9AYnGz%2BzurVh55PG8gArWM4B8kPshMrOuaE8FWgk%2B4DUKrdrSGSUHKgmodvagHtqq67prOmKGs3h8hBZWOMWqw%2B8S6yQLDimWYrKZ0npideUGKqzNMAfvw%3D%7Ctkp%3ABk9SR8jx44-fZw
MONTBELL 800 Down Black Gilet/Vest Size L,65.00,Pre-owned ·,Sold 17 Dec 2025,https://www.ebay.co.uk/itm/205498754447?_skw=montbell+puffer+jacket&itmmeta=01KKWFRZ23MH73G64PA9AZQ7P5&hash=item2fd8ae258f:g:fY8AAOSwVGRoLHI3&itmprp=enc%3AAQALAAAA0GfYFPkwiKCW4ZNSs2u11xAuH%2B9GEPUm7EXfKs5cgRmbjyUR2hIpFUuI13t7xJgkSKiJDCCG3E3AdWrUhGTlkO%2B0wjlvGN%2BSo4CJOrj8pNdKdJU24KfLv0VVL5zlxKLZZDmSNmY3tBSQOGihY6BiPNduuEU2mVGSybObwc0HvT11WpPsLh1%2Fl8pZzPEiVYKbIIkOPngz%2B56aKjUCSNMuY%2BGM1kY9MplXpWnqKjpVIM7YWtnVwixDGTDzmD8J2kxk6CMjhQdrKMYnXvAP%2BjPpDbI%3D%7Ctkp%3ABk9SR8jx44-fZw
Montbell Men’s Puffer Jacket Grey/White EX800 - Brand New Size: Medium,177.50,New (other) ·,Sold 17 Dec 2025,https://www.ebay.co.uk/itm/197936109209?_skw=montbell+puffer+jacket&itmmeta=01KKWFRZ23YTQSQXHADNMDVB4J&hash=item2e15e95699:g:4woAAeSwctdpOCkh&itmprp=enc%3AAQALAAAA0GfYFPkwiKCW4ZNSs2u11xBX5gUKk14NfYeqKtLnsjppOzYPWTQ%2Fjysz1599Bf%2FLP42RGvHvcQp6EyoVZrycqbzgPGT2PaA0Y%2BlJubodcH51WluaAQnexOj%2FiCsaeUUyd9YdEn15qljrOygu9QEgvZr%2FtFCyzu1BhH%2FhUvp8qDkfpkwo54RhVK4lNKGnEQxdoxYycXXUOiuUPEQw3MrJ8d2YisbiVuht5yh5F4B6wJmxNn7vWR9uPEMeRXYSGDw7jymoiPQy%2BMJctVV%2FHrVf3vc%3D%7Ctkp%3ABk9SR8jx44-fZw
