title,model,price,shipping,date_sold,days_ago,condition,url
Shop on eBay,,$20.00,,,,Brand New,https://ebay.com/itm/123456?itmmeta=012DEW30YG0MEEKND7NH&hash=item123546:g:acwAA9KNiJowH:sc:ShippingMethodStandard!95008!US!-1&itmprp=enc%3AbgepL1tlUHjMGCVfSTGJh%2BzsVKeJ3CQk7NizDI4BZeppuFnmyS6Ijyp8lh%2FnEw%2BWqO7uTV1Q6izE1R0T54aV8j71F4xlWfVcGft4%2FiOQhtqVXA1rW6M1atPARQRmhqUxtEPJKhKtSFgI%2Bvwlzb0GwVCtkp%3ABlBMUObkmabpYw
Shop on eBay,,$20.00,,,,Brand New,https://ebay.com/itm/123456?itmmeta=012DEW30YG0MEEKND7NH&hash=item123546:g:acwAA9KNiJowH:sc:ShippingMethodStandard!95008!US!-1&itmprp=enc%3AbgepL1tlUHjMGCVfSTGJh%2BzsVKeJ3CQk7NizDI4BZeppuFnmyS6Ijyp8lh%2FnEw%2BWqO7uTV1Q6izE1R0T54aV8j71F4xlWfVcGft4%2FiOQhtqVXA1rW6M1atPARQRmhqUxtEPJKhKtSFgI%2Bvwlzb0GwVCtkp%3ABlBMUObkmabpYw
Stone Island Yellow/Mustard Light Crewneck Knit Jumper XL RRP €215,,£84.08,+£2.94 delivery,7 Mar 2026,0,Brand new,https://www.ebay.co.uk/itm/406720978014?_skw=new+rock+boots&itmmeta=01KK55Q8NH6XDZ0E217ZRVQ7KD&hash=item5eb2759c5e:g:UVkAAeSwPllpnuk8&itmprp=enc%3AAQALAAAA0GfYFPkwiKCW4ZNSs2u11xBXwXY16AacHCVPFT7Avi%2FJ8k2aahxv19Tkjs8W1pA4l%2FzajTo1IuQKtZdNkGLN%2Bmu28ipT%2BXAddZ%2FsWNAU5hYKr6jQ6Adq%2Fuy5Y71cb5CP03UiovmZlf00Lkay7nfmoqNNSrWiLbIxO%2BkgiY240AAxKHK52s2NB5zLlXQQZMMcdqwaiLB0DdtzqKs5w7GhXfWb48mCCO6qovdIQK%2FWWsasbNeXlq%2FFDR1gc9rZZJ9ia4FfJu1BwY4q6wST9dZVbyQ%3D%7Ctkp%3ABk9SR9CL3aWZZw
Stone Island Sweatshirt,,£37.10,Free delivery,7 Mar 2026,0,New (other),https://www.ebay.co.uk/itm/397502268364?_skw=new+rock+boots&itmmeta=01KK55Q8NJHMJKG9TGFGRF7A97&hash=item5c8cfb43cc:g:dYcAAeSwbqVpahgB&itmprp=enc%3AAQALAAAA0GfYFPkwiKCW4ZNSs2u11xDqIj6G6Q2Um4od%2BK2sT087ezkCbheftU95EqVIQ%2FLD7sZNdCGnSzp2ub9oWFODcCU7H%2BLC06FZKogdVWVPVyYTUF2U4Cd3506pDUm8FLaCDGGc8TtI9Y2gJrSdykaXFvQxPxRVJwJRo0uUCc%2B4v4A9cONpepDMeA78HmiuRm4K6dcqPR94Z62hn3J%2Fw5on3vQ7OIFRlh3fyuF4We4cRH48u%2F055ruURRiX4woSTiSqXEV1vMl6eW%2B2UJczkPU1sUU%3D%7Ctkp%3ABk9SR9CL3aWZZw
NEW BALANCE 204L MUSHROOM ARID STONE UK10.5 🤎 TRUSTED SELLER 🤎 U204LMMA,,£99.99,+£8.95 delivery,7 Mar 2026,0,Brand new ·,https://www.ebay.co.uk/itm/127491354609?_skw=new+rock+boots&itmmeta=01KK55Q8NJV85SRPN8A7YFXHN9&hash=item1daf13aff1:g:62YAAeSwFk9olQyb&itmprp=enc%3AAQALAAAA0GfYFPkwiKCW4ZNSs2u11xBztfWq86p3wDvRqc1ohspbIbvZZPrRIPbKpMXJ%2FC2YXv3LVLTlM4GOQ6PYmYZ7z59lu%2Ft1KyejfeO8b5loh20kh0e1Ria3lc5axos7UUll0VQYbHbCJ8WuFsYnb3bsFWijcJegNct4aFbokDc1KeEEPgqjxD1U3D1r1zjY0KyO0BDD6GlTVJ%2F9FRxYEQTUQVh95errQKUZPJoWy1QggLmiwMYGBDSGIyrckL6qlOutHJE8Ojyu6O17bzZqTN0kZ3E%3D%7Ctkp%3ABk9SR9CL3aWZZw
Tommy Hilfiger Iconic Elba Sling Wedges UK 6 US 8.5 EU 39 REF M1117+,,£17.49,delivery in 2-3 days,7 Mar 2026,0,New (other) ·,https://www.ebay.co.uk/itm/297468555120?_skw=new+rock+boots&itmmeta=01KK55Q8NJ3MJ1D02JJMJT2N39&hash=item454281ef70:g:KBwAAOSwS71oHJTi&itmprp=enc%3AAQALAAAA0GfYFPkwiKCW4ZNSs2u11xAhvxCWST7HFJfppqzqNTGb7%2BOif3YobTJlyGJD42gAb7CGepPBa84PYhNDTOFI00pDQQVcisi3Eg3SgO5bH4OAW421yOu5iUBFmNT61IFC60gniSPONO20MTloTQwHZvfOSQr9c8wgpGTy4on0p%2FK9ZrKoX2tyyyMIbPyxCfocEOcOUNzFG3hmAd4Bu3oFHnO1PEaoBhpGVGfRvUq3mwEjGmlyinqZvpMLefv0PRHZxRPsEE5xOKmWf7goYtXnOpE%3D%7Ctkp%3ABk9SR9KL3aWZZw
Motel Rocks Zova Pu Wide Leg Trousers Size M Brand New With Tags,,£5.45,+£2.94 delivery,7 Mar 2026,0,Brand new,https://www.ebay.co.uk/itm/267400892633?_skw=new+rock+boots&itmmeta=01KK55Q8NJTK021BAQS0J4WPAM&hash=item3e4255d0d9:g:R5cAAeSwr3BoxEeG&itmprp=enc%3AAQALAAAA0GfYFPkwiKCW4ZNSs2u11xAOL7l4HqSfrwvKrzfl8i4R21U5mDB08zJsMxeS9d64%2Bcax7yJRtQlTA9wTRZ4P4YAiu0vJuIodgm%2Fz2JOL114x5nmjV9Xr0BOyHqDozPR6VmQBZ7T%2FOlyg24oozSvnJW9xtJ3OHPMYFpvE6NAFA8TJkuMq9EBtRHC6ZtWI1SG7QIdFf%2Felf9AFYDuHyagq8Gl7%2FLUfwgZvVUTQyhtAU2kAyNp570x4MKNR749Ka55bx0P%2BR4JJNdADSNy1B9DU1Y4%3D%7Ctkp%3ABk9SR9KL3aWZZw
ZADIG AND VOLTAIRE ALMA 'ROCK AND ROLL' JUMPER-LARGE,,£203.50,+£4.26 delivery,7 Mar 2026,0,Brand new,https://www.ebay.co.uk/itm/267589909400?_skw=new+rock+boots&itmmeta=01KK55Q8NJMN69X8AYSSXW968G&hash=item3e4d99fb98:g:9ogAAeSwMT9pmh8h&itmprp=enc%3AAQALAAAA8GfYFPkwiKCW4ZNSs2u11xD5bot2HdgiAUMNSlGOpgnGsoL7gkQaBzkA88oA9QqwDY4LFZN3HRTf6Zpf6a%2FpeGy3V6Ic%2BwY%2FWmhGK6uo2%2F6ocMx9y5c6grP7QlEcLwV2uIB7GTAUaISU%2BF1iWhu%2FndrYuwgvJiEtZDXhbM0K6vd%2BfrwYcEGCNuF9536t%2FgAaLwMkIQeZMUolZuKCLMIzckY3FCP0vfRDjGrW%2BwMqF04uV%2BoT8XuF%2F4LPGDSkhvbdZ4aGTPrRsb2oqrm2u9tWiCRr0catntS5uRJEZZBVoEzpu7usFPPcJL7tIPGQuQKbLA%3D%3D%7Ctkp%3ABk9SR9KL3aWZZw
Levi's 551z Men's straight leg Jeans size W48 L34. New without tag,,£26.70,+£2.94 delivery,7 Mar 2026,0,New (other),https://www.ebay.co.uk/itm/227226604541?_skw=new+rock+boots&itmmeta=01KK55Q8NJP7XY45DBAHM2E9PT&hash=item34e7c2d3fd:g:26wAAOSwCKFnfBAk&itmprp=enc%3AAQALAAAA0GfYFPkwiKCW4ZNSs2u11xAj0idOMhPMMbrSLP2YsXsadqcWjF6G7F7PSwTeS5Mj%2B5hbhBh6fjFO8Bk%2BHn%2BD0NKPSCZS4pcHSy7JyGQ5LKTzWdRIAR1LxMYjred0kFPlmbwRCN9xbSTOawYxezoDe8rfmbA1aD%2BkGczenzFnBH%2B3ic0P3iP%2FCPe4wIFqywhxTbL%2BATkLxuM%2FwQC%2FhjbWq88NDdYJsqKuWLoOzskikkobEbs7jlSnUOPk1Wlc4NcI9lhkxeDYG1RlicVXHdM1H5o%3D%7Ctkp%3ABk9SR9KL3aWZZw
Stone Island Joggers trousers Chestnut Size M/L Zipped Fly - Zipped Side Pocket,,£104.70,Free delivery,7 Mar 2026,0,Brand new,https://www.ebay.co.uk/itm/317907207807?_skw=new+rock+boots&itmmeta=01KK55Q8NJCM1K67VC68K097BH&hash=item4a04bf067f:g:1PEAAeSw3tlpdTWE&itmprp=enc%3AAQALAAAA8GfYFPkwiKCW4ZNSs2u11xCebhxHVXJ%2Fwnr6Pkc58LIKeT%2FKyzvZUHkYBiBfTvZNLbsssm9TobMWkG16O895w7swNjdHN7m8hGp5%2FTWgKVh4hzorSe58FAO1r9A7cooXGgF5jKSz36KSdxKBAuIGpyntLctgMtBJxAf%2FyJITnpHPUkOr6iVnF%2FL8jRfH69Cu0qhHgP7lXW1BkhKNd6IImTllZDp2J4XHbTOe8Alhk69qa%2FIVypFVsN7zie2lO1D%2BAmc37p6YqAjJscXz1jlDMLIwRMJg%2FBrffcoGwwXV3HXhsT4nfc1C--8wAoGBY1C%2F9g%3D%3D%7Ctkp%3ABk9SR9KL3aWZZw
NEW LISTING,,£30.00,Free delivery,7 Mar 2026,0,Brand new,https://www.ebay.co.uk/itm/358299180726?_skw=new+rock+boots&itmmeta=01KK55Q8NJC91DPSXYYHSKS2FV&hash=item536c4b9eb6:g:CX4AAOSwnFRnazUp&itmprp=enc%3AAQALAAAA0GfYFPkwiKCW4ZNSs2u11xD7rlCYBVZ5%2B%2BshatfpWIjG%2FjreE3CEXkZBU79V%2B0NX3MHDCPV1UqlOYjuCHXHa4PE0oz0It8gRsFCZzFElVKF0oA4S7q%2FcHE8Gr70vGKU7zd3HAA6%2Fn%2FGOxErI4QlpMto%2F01Agzno7I0ZKkHYSserrjXCVmEEmMUzqHPKi9ZsSGggQKE%2Ff77Toe7zac6ftJ7whZgaWDJyTgocj5DcOjgJI9ik8KyJdV6KFt8wVLyF1oKeNYpA8s%2BQxZGgk1pOMDPk%3D%7Ctkp%3ABk9SR9KL3aWZZw
Black Diamond Notion Pants SP Womens Size M UK 12 Hiking Bouldering Tundra Green,,£55.00,+£3.80 delivery,7 Mar 2026,0,Brand new,https://www.ebay.co.uk/itm/397648783453?_skw=new+rock+boots&itmmeta=01KK55Q8NJREZP3SGPTKG19VPD&hash=item5c95b6e85d:g:bHsAAeSwbkVpnxsQ&itmprp=enc%3AAQALAAAA0GfYFPkwiKCW4ZNSs2u11xC0sP7zV3D8Bw3hlSqolciN4B9yL4nRa2htWNJXC35EuY3TfGIEZKZWA2%2Fj4RBk0fAeC%2BUo%2BrpUI9t4NzI2xefCH5RDk6RvGoNhmRQwiuh6Rjy2U4z0k4GMDrgt1ZPHrpvznMBARNjaq%2FsGkjbCQ1GoUhBe5OdJ7PoOsYejbbITx7PsiVLjh1M0b39f49tTsF3%2BRVnYo62fgdBWxFfG8fY%2Bfh%2FvBLb8PwHojd8%2FRC54ksUnDohDpeVdYixSMjqpnj0%3D%7Ctkp%3ABk9SR9KL3aWZZw
Stone Island | Shadow Project | Hoodie SMALL BLACK RRP £439 jacket crew coat,,£111.00,Free delivery,7 Mar 2026,0,Brand new,https://www.ebay.co.uk/itm/206111170604?_skw=new+rock+boots&itmmeta=01KK55Q8NJ45KY3GKQQFQZQ8KZ&hash=item2ffd2ee02c:g:fNEAAeSwHctn9sJ2&itmprp=enc%3AAQALAAAA8GfYFPkwiKCW4ZNSs2u11xCLQmbAJxHp9ft8VJXeH9uVmfBLeVU8ruX%2F51ymvR7d3UznTUeAqSF5gWmzduV8yKW0ByHuMXDUrYEXNABiP8eQ3%2BsWvbKjwkr%2Fbm9m%2FGD%2BqqcjYZQKRwgTaeftzQUg8lbSOcbOfkjUt7pZezvFrssYpX8eiWy%2FzoXIvAmig6B66%2Fs8Qd%2BeCUfr8LSThoT6KbP5ypDCgl8fuXPTrz4AyjukBBEbJBBNeDaS5GVn4QMD%2Fan0TxyOPtmZ%2BBnYj6tlSJmX1LNHCukSsInH5LljUTJgBHeKvsElYb5pLUIG1de%2BUA%3D%3D%7Ctkp%3ABk9SR9KL3aWZZw
Stone Island Men's Softshell Jacket Size XL Black Full Zip,,£94.30,+£2.94 delivery,7 Mar 2026,0,Brand new,https://www.ebay.co.uk/itm/406721279569?_skw=new+rock+boots&itmmeta=01KK55Q8NJ16XR08W7ZENV9HD4&hash=item5eb27a3651:g:aQYAAeSwqHhpnwUD&itmprp=enc%3AAQALAAAA0GfYFPkwiKCW4ZNSs2u11xA7RpcALUTzXOhsxAEXBwvx7NPA1x2Oh0%2FxTV1Z4tK03Mi1KqO8V5rMFk3jRfIIWyaPIF8F8f%2FAXtyX27FmtR5VJ5jqeDwdIBPlpePXT1n838U7gJlT%2FvqoOxkP0kblnIX3cTZdFoWFyRF1reObsNNXe1EqxIQjykSqV%2FgqGF2z%2BoK14bSr4YEHGkvpZSWZah803FEzku1Ak%2Bv3o36cKnuK%2BWBRYWjl9SfjWCObv1kDEEmAffBitKE55aW%2FH2pHZy0%3D%7Ctkp%3ABk9SR9KL3aWZZw
"Black faux leather lace up platform shoes size 7 UK, 40 EURO BNWOB",Leather,£5.93,+£2.94 delivery,7 Mar 2026,0,New (other) ·,https://www.ebay.co.uk/itm/317964461811?_skw=new+rock+boots&itmmeta=01KK55Q8NJATWK4N724Y91NNHT&hash=item4a0828a6f3:g:4-gAAeSwM7JpqzU3&itmprp=enc%3AAQALAAAA8GfYFPkwiKCW4ZNSs2u11xDR4%2B6I8EojdNBv5tX0mqzpbO2Ei5qdtN0PmLelgVk%2FGnG1knylcr2dcatmZQQU8NR0%2FrWsSgF%2FwaLLH1Ia43MicZVam8r%2B1TuCylRwVKPTU2bsly0Wft1JYVpDftsLS%2FLdB23YiKP5HTD4Tpv532SXLLbYvEl0rrSJQoPl139AsblkMCuRwf%2BF10bRG6Zp9OoRSrbngWrLpTPN41p3Aw9uB57jwxfPHK2HaKO2KwNiJ0IUKPV%2B2YMisoe%2Bp3kYN3QSc%2FNaKABnQGdjizp0kmefDVXk1RvQxBd3gHHY3bBrNA%3D%3D%7Ctkp%3ABk9SR9KL3aWZZw
Metallica T-Shirt One Landmine - White T-Shirt - with BACK PRINT - Size X-Large,,£11.82,+£2.72 delivery,7 Mar 2026,0,Brand new,https://www.ebay.co.uk/itm/317737708706?_skw=new+rock+boots&itmmeta=01KK55Q8NJXM2NGCQE49VB6B63&hash=item49faa4aca2:g:~5IAAeSwy6lpV7OV&itmprp=enc%3AAQALAAAA0GfYFPkwiKCW4ZNSs2u11xCcL%2F9sE%2FwrvUNm7YYXt2kqcXEl0Gg3gVDbACKxxuEsjbMpGgQEh9LRuyTwc7%2BoMMKujt%2FAessYRr5FRnvBTDJx8tPu4nTSrrwYtUPsMKj1L3lbVQCR2EGD6Cd%2BmClakXaK%2BUnUeiVz%2Fhxfh8Cs3XQVHEO7SdlDBhPfjTa8g49btbr7w0%2FYdYjso0vmdNIQ0XsiYejv8Rhk%2BJrZ%2B0dXSEu9ofdrpqCy6SJDTpaB54Q4l5yVyECF%2BVRrjOt1fRwlmvA%3D%7Ctkp%3ABk9SR9KL3aWZZw
"Baracuta G9 Harrington Jacket - Stone size 40 (Medium) Unworn, New without Tags",,£209.00,Free delivery,7 Mar 2026,0,New (other),https://www.ebay.co.uk/itm/188103177828?_skw=new+rock+boots&itmmeta=01KK55Q8NJDAK2KF1CEEH2MEC0&hash=item2bcbd2b664:g:h7QAAeSwOURpoeEs&itmprp=enc%3AAQALAAAA8GfYFPkwiKCW4ZNSs2u11xDGj9eS5XLdJ%2FJWokf2x2cxJWxPVzilbRxgizmzn1A94qKXnQ7fzHFUTWHaRNKTlMgUxaejmQ7Tr0DD0vs1855OqRo1bCWBzjRXoTpIEwv558HPYaRE%2BC%2Fk4IaU6uuJ73zCxaZgB0xz4xRR9v2k4EMa0rqiTRdhI1UH1xdOLZkPkqyZ8mdhNxIecTE5C8utAUsezqLa4RDQ%2F3MPmpUAda2cfPvpDOOEhYgQdtDHXobSv%2Foph95l8VmUTAI1MEMfevsrbRtZmtSXG6cfAL2xArl3zVyD0%2BDzR%2FUL311LiJvfnQ%3D%3D%7Ctkp%3ABk9SR9KL3aWZZw
"Gsus Sindustries Womens Black Cotton Blend slim fit Jeans Size 32"" bondage loops",,£29.97,+£2.94 delivery,7 Mar 2026,0,Brand new,https://www.ebay.co.uk/itm/397538407011?_skw=new+rock+boots&itmmeta=01KK55Q8NKXD0GK7T7E022WFQS&hash=item5c8f22b263:g:eAkAAeSwVWFpdmmC&itmprp=enc%3AAQALAAAA0GfYFPkwiKCW4ZNSs2u11xB3vQMuu%2B61e97GYPH9lUbfcLaICKxPG%2Bk%2B%2F8K8YWrH8FS5IBTBRn3Vb%2F7nNLgTyFpamIgYW2zKem6R2wkijQ8Wql86RgVXHAOKSFOJX2H%2F4gcJHnEZMv%2BC0EX3o1JQnKmtJx2HkrP%2BYar6mJ94VXdPywS0fMoc9vVp5UYLaxvFd%2BSQ3nTJWHRfxyDjdwHdAjwc5rrvX4H1l0W8RWjYWJi%2F%2BuT%2BnW5hr58nmjk%2BYA7lyNHwb4QvpEN%2BquxZpkPlWjI%3D%7Ctkp%3ABk9SR9KL3aWZZw
Levis 501 Mens Denim Jeans New With Tags BLACK All Sizes,,£28.28,Free delivery,7 Mar 2026,0,Brand new,https://www.ebay.co.uk/itm/397593339409?_skw=new+rock+boots&itmmeta=01KK55Q8NK95XTQV3FR7FFKYVH&hash=item5c9268e611:g:Eg4AAeSwhTxpi5DE&itmprp=enc%3AAQALAAAA8GfYFPkwiKCW4ZNSs2u11xDvtVmWGYSC%2ByXg8hXk%2F4aXGvWUKiQRktbDoWlGWF7F5lDgasQFo%2B%2BQ5KlP%2B1bEYtE1wdxGvDb4IKH4h2aQq%2BhcTJNwAzYiiqcfZbzY7waIRkEifWzpCEkmaXLZG6Rxc%2FzmOBUJ21lmfAMMElCSKbHY2rQVMEQZj9iXbl3q3wDQ9rBr8y2GLGr8yvQQXaifbHCH6p6Yc4UuEfXtpvFNEzVRDceSZfXomSgtwsiGWlUSrmMOCuM1rvRnAZmVEkdsokjUgeMYdS40yYa57dRk2U%2FGd2ejcbwMuotMiWpk9q6naQ%3D%3D%7Ctkp%3ABk9SR9KL3aWZZw
Stone Island Nylon Metal Overshirt Jkt Red M BNWT,,£307.50,Free delivery,7 Mar 2026,0,Brand new,https://www.ebay.co.uk/itm/305519757022?_skw=new+rock+boots&itmmeta=01KK55Q8NKESCC648J6Z93W3TX&hash=item47226586de:g:vzAAAOSwzxlmIc1Z&itmprp=enc%3AAQALAAAA0GfYFPkwiKCW4ZNSs2u11xCRu1CCYM7lBaA5M1g3NEbwpeuLpmIG1%2F9jdUFUPJ1m%2BcgUSj4YRJrJqYRnqp6Jxp3ncX206f6B%2B2Qv9oG%2Fp8OxP8WNsKaKvst3%2BSHwjE5t9CtvUxEedfBFKe170bZV3OD8N9WsAVvjV8XsgCGo%2Bokt0G3mPzX%2B0byq3PlVn82uvDrvhWaZHO2RMdGxegdk1ZwdshH4ftAJ4G%2BOfwahCA7d0Zw0msiHO--36Fpc0cnMlCBB5IHg%2FImupFyF47glLoc%3D%7Ctkp%3ABk9SR9SL3aWZZw
NWT Littlewoods trousers Size 16 Beige W30 elastic Waist L29 stretch fabric,,£4.00,+£3.38 delivery,7 Mar 2026,0,Brand new,https://www.ebay.co.uk/itm/287170746839?_skw=new+rock+boots&itmmeta=01KK55Q8NK2TSXQKCAZ30X3FQY&hash=item42dcb5d9d7:g:RYwAAeSwkPJpfSSv&itmprp=enc%3AAQALAAAA0GfYFPkwiKCW4ZNSs2u11xBdGYrMiclQUGbrWskkmLGYS43MYDNC2CNFNv2qAyHUTHuezM6BEX8nVpybBJ5TFFknbjJgFKvFvG9TaTYiP6KRBl5sh90O4ZJPtQeU6sllNZfqCwdZfQunm2MUyvIchfcq1usTjgojKxNTggeGirtq3%2F00iCai%2BllthSvT57mFaAlqFiBLeIYgMo29Cjb3tXUWiLKRhZ4%2BXA5K5a75c8eUUj84HcL%2FvZ2UxfuorEx29fpRunNeTQLgGj%2Bxb11lsA8%3D%7Ctkp%3ABk9SR9SL3aWZZw
Flared Faux Leather Trousers Motel Rocks Zoven Sage Green Size M W30” New Labels,Leather,£7.59,+£2.94 delivery,7 Mar 2026,0,Brand new,https://www.ebay.co.uk/itm/397336130772?_skw=new+rock+boots&itmmeta=01KK55Q8NKQDFV338BQ4AZTFZ2&hash=item5c831434d4:g:bOAAAeSw4VRpKxu8&itmprp=enc%3AAQALAAAA0GfYFPkwiKCW4ZNSs2u11xBtQzskhHENWZD%2FBa6nKMmk5WCVAzuVorXiCP6Ec6Sg%2FHhfAKgLVyjFEM2zNbrcynl6aDd9fPoYWCcYEQ%2B%2B5TqyU7VD6tcpX1n3OqlPBsb9zbXEaoNCxb3VXV2nCpBy00SlJ2PwrGep5GfivjRlYGXCVcoadr%2BOxyfYkeQIdcN2eGk4wEGSh1p%2F8GZdOMmAeMcwJdVzeL0KiaaXaPuZN8qnZeIeE%2Bf0y%2FMfXMaFXJ%2FSAvyEttgr3133DsNepq%2FynVQ%3D%7Ctkp%3ABk9SR9SL3aWZZw
NEW LISTING,,£120.00,delivery in 2-3 days,7 Mar 2026,0,New (other),https://www.ebay.co.uk/itm/177934170174?_skw=new+rock+boots&itmmeta=01KK55Q8NKMRT4775QEYYX2K38&hash=item296db3f83e:g:BCsAAeSwE0xpimYc&itmprp=enc%3AAQALAAAA8GfYFPkwiKCW4ZNSs2u11xD0YzFllHnse1Wi3qIq0WUfeNyS760Z0%2B%2BqEHew%2Fe5%2F8Ocbm7ffR9%2Fry0yi8QWW1nFnLz2xQwxDbqVSl3%2F4zDVR17FFdDW7t9WSNVufXU2oqIoj0EyacG1HwVjDGNgUk1%2FWCIp3wp0D9J3OkDZUUzA2fDu%2BPZLLhxemkKN%2FhMrBNm6pXRrmZk7EGw3%2FHBTIXPeFZ4FRLiI8MefUGB%2FqsdEMhPNaJ9qsDKrCeExAf2XjOmSrBSljO2SJWRwGVrNkGWsL8nMXR3tikSCcgpK1crgmo54BNgSoHd3RRxX5L%2FXWLw%3D%3D%7Ctkp%3ABk9SR9SL3aWZZw
Boohoo Stone Plus Structured Mini Dress Size 18 Brand New With Tags,,£10.15,+£2.94 delivery,7 Mar 2026,0,Brand new,https://www.ebay.co.uk/itm/198059712300?_skw=new+rock+boots&itmmeta=01KK55Q8NK7TNY4W2T5SBCRQJ5&hash=item2e1d475f2c:g:1OoAAeSwH1BpeTlz&itmprp=enc%3AAQALAAAA8GfYFPkwiKCW4ZNSs2u11xB%2BYLA3gw0tLyKNfQKc%2BVzza%2FYDhsnh2%2BFbM4NF4%2B5zpGXQeeMO3JA9D6YLaEN5d4sO%2FtZjNuqiWlhHFx%2FwVDPsJbHNfFuFB0Wrh9rRfk%2FHTT7nP6CbuvumWdMSRILqOJYyDU9%2FO625NTJb078l%2F1HLP%2BLEnChPjDxbGO3QCeNVXu2uK8JkbWObztPCPG3KpkLGU0aIWWE7pjewDFa4wrXP3KDkJNxBBB0dK01xsPWfqbHyoJz1VQnx5YeaSlCpc1nsSeQJBCWkWT9a4koz6dsVDN3w6WGL8WQfDGyYCTtCHg%3D%3D%7Ctkp%3ABk9SR9SL3aWZZw
HARD ROCK CAFE LISBON CITY T-SHIRT XL. NEW WITH TAGS.,City,£18.53,Free delivery,7 Mar 2026,0,Brand new,https://www.ebay.co.uk/itm/267454363695?_skw=new+rock+boots&itmmeta=01KK55Q8NK79QJ2VTQ2DKBFGJM&hash=item3e4585b82f:g:a-cAAeSw5flpBNil&itmprp=enc%3AAQALAAAA0GfYFPkwiKCW4ZNSs2u11xBijCPaODZh3e4b3RfTaDqainnnf9aedDXRGs7B%2FNNrvgmqX%2F2%2BnVOXmSuT%2Fn18RZqLjAUSTS%2FNvA38R14TwHi2xphZsKFytbeBA9sQxF2lmiElQGl1IPdlad2Mneq5exFeZTpotW8m1grXQ5Wt%2FAOs6p6vR4mu93M%2F1EPrHlUJ8PifwSgel62N54PYcKCOG7WzxAf78rfovtzQXyGc26h%2B1%2BVL9HbVgdNV9F%2FhwWutqdn1a0Z92kbDL73j3%2BzxQfw%3D%7Ctkp%3ABk9SR9SL3aWZZw
Dsquared2 Short Jeans Blue Men's Slim Fit Ripped Pants New With Tags,,£64.55,Free delivery,18 Jul 2025,232,Brand new,https://www.ebay.co.uk/itm/405849904226?_skw=new+rock+boots&itmmeta=01KK55Q8NK6WE9XCH3P2CDXKTS&hash=item5e7e8a1462:g:B5MAAOSwMSNoHaBP&itmprp=enc%3AAQALAAAA0GfYFPkwiKCW4ZNSs2u11xApqdfYa31th%2BcOCk0FXrqWbPrIQibAFDKEtuQI5rFJf4g3aEGeGXz5St12tb7LnpfBTlJMuSrDKU0OyOmWvLnjETjJGFeR%2FUASFBHKbL%2FHZ0ce7c1AMFNI6fC2IoyE7InbdrYskuxbpcnUqlcOkh6eFMbGwtaXz9vVBHkEuf1Vf4MHUPDIKgumbzipw1D2KLLrWYFygCNQHE3lbZcp57KXyUlKKuzgQwdsQHtWaUvV%2B%2F29XL8uLf%2BYONx4HGh%2FS5Q%3D%7Ctkp%3ABk9SR9SL3aWZZw
Birkenstock Arizona Dark Brown Natural Leather Sandals UK 12 EU 47 US 14,Leather,£44.04,+£3.38 delivery,7 Mar 2026,0,Brand new ·,https://www.ebay.co.uk/itm/177903931638?_skw=new+rock+boots&itmmeta=01KK55Q8NKSA7YK9Q3W2F7GD7R&hash=item296be690f6:g:wG4AAeSwLO5pohyd&itmprp=enc%3AAQALAAAA8GfYFPkwiKCW4ZNSs2u11xBIyxR%2FcT36jY0SS%2BIS20navgWFG1sZwag2t%2FDP0i3YR4OnWoxpTSSI%2F1Fkl8cvWZgx8UtHsMlOUD7bt7PJXom7%2BzHiaMU8V8oSC5%2BvYrnSt0%2BcjhnkWbNgiofPFoq8YudmGthNmb5EYHDaYva8jI0h4%2Fft8qTfm0297hduCZ1wu2V2cpE4hgbBj%2FNep%2Fa%2F90l2jQ1MkoIUcLp3lPfXbuS7fGyrK6al6opDPvGc8t2znnrPay%2BcjSLN8z1uaHT%2Ffsc4%2BM%2B1Q8ix0gFpdRkjYpFP9CyuqUWRb9DTVNWrnZUGFg%3D%3D%7Ctkp%3ABk9SR9SL3aWZZw
"New Rock Malicia Collection, Steam Punk Mid Calf Leather Boots Size 6/6.5 womens",Leather,£64.99,Free delivery,7 Mar 2026,0,Pre-owned ·,https://www.ebay.co.uk/itm/167775605742?_skw=new+rock+boots&itmmeta=01KK55Q8NK012KCN4KYBHER54V&hash=item27103493ee:g:5H4AAeSwupBovMFY&itmprp=enc%3AAQALAAAA8GfYFPkwiKCW4ZNSs2u11xBQf8JGIQZKkQzD4x3xqp%2BN5aAqUBM7HM3RF7E6a4IuxWasWTsIl5uRMhkWB1%2FmjvPnXQq6StgalFFu%2FplViJ5YWQuciLeSxjL3gw3k90EQFtTECJZ4RmTrBVGA604KW919F3DjGM9voKMKWkpcUsujZVq8gu6kU98qbfmqHZR%2FzBxQV1UG8XHQXjSidz78c57AimWBPiBDbrvezNFc8guw1o4AuACbvtVh6L5uVwVx944C%2BdVbZm3aXQe%2B%2FTtF%2FEFyWjgpJEihbe0hMBq1%2FhKI7x747AWfeZz06%2Bh5%2F1s9GA%3D%3D%7Ctkp%3ABk9SR9SL3aWZZw
Stone Island Nylon Metal Watro TC Jacket - Black - Medium,,£141.10,+£3.94 delivery,7 Mar 2026,0,Brand new,https://www.ebay.co.uk/itm/397683053416?_skw=new+rock+boots&itmmeta=01KK55Q8NKGXQDP1PBKHQJ5AWH&hash=item5c97c1d368:g:7ywAAeSwpQlpHZrV&itmprp=enc%3AAQALAAAA0GfYFPkwiKCW4ZNSs2u11xBwgfOXD4mb4OXmNvsUS%2BQgiu4GJzzQ%2BPPwEI4b49QGR3Co9c5vC5TdX7cXQPzLgYIwlcnx0Pd46vwmupreYIgEFGXShGvukv2sX9bVL1GlajeW2PddczMzgyxvhbe6zePW0Ru9v8%2FI%2BxQqz7cyqU%2FlENmL0qyhL76MLs86pr09znqDz4WmYs03MeUNfITvkbk64Mg10NCvy3DQtj0pRxjNp4RDNHQn%2FBVDfOsNjKnS1vAHgSX2BLf0xx4TPmulmmA%3D%7Ctkp%3ABk9SR9SL3aWZZw
"Gorillaz Iconic Rock Band Graphic T-Shirt,Size:M,Unsex,Original,Brand New,Fan...",,£20.42,Free delivery,7 Mar 2026,0,Brand new,https://www.ebay.co.uk/itm/267589583924?_skw=new+rock+boots&itmmeta=01KK55Q8NK0Q225FSE4F3WDYTZ&hash=item3e4d950434:g:cuwAAeSw8PVpovsL&itmprp=enc%3AAQALAAAA0GfYFPkwiKCW4ZNSs2u11xA3QlJQ8G62UWWKvILmHM%2F4vtHaqFPU532L8ZR9RBiwFQQFu1rkqRpYdt008uiN84ejPhU6I%2BqHbvwwnUyr6NhC11r%2BhE3%2FniuFbSVJALRdXT9u94JVHy%2FGK2ddWlh3S1I6eoywO3mBfCTDV2u7AaEJwlPNbYUtRAp3RkJHKt6raYGsLaJ3Crwt44VdVPnFvMk1vBmh9ZxfFwbkOiKyd4hEyAcV8BVBQOauaOYsAt7euMqfHVdU%2Busry3xTvfgkXAc%3D%7Ctkp%3ABk9SR9SL3aWZZw
Cath Kidston Crossbody Bag Shoulder Double Zip Brampton Bunch Floral Stone CR20,,£29.99,Free delivery,7 Mar 2026,0,New (other),https://www.ebay.co.uk/itm/127714763315?_skw=new+rock+boots&itmmeta=01KK55Q8NK8882SQQBPQVMJBM6&hash=item1dbc64a233:g:rBgAAeSwYJFppeUA&itmprp=enc%3AAQALAAAA0GfYFPkwiKCW4ZNSs2u11xDeFQ4U5qpC2dVIiGRO7ZsVrf58siVcSxupZjC7jL%2BgIXGwTC4JMIauW7iYAU8FN3RhTy2K%2FnKGyGKUIPQLxbXTjAihUbo5dTXNN%2F0XrQKi4IyWD4lGZVXhX8rcWZXrpBEmMn5A01fZCddBZwDzPE7FI4R%2BZ7wwjhmQU%2FS1HoSJ7kBSukZU2HUPdrOiFpd4ZIqTZ1Y%2BXCdNdP%2FmK4g%2BMp%2FEJYc7IxB8LGLarPbxaoq5AQxd7UWBTfjVRTDt4tJspr4%3D%7Ctkp%3ABk9SR9SL3aWZZw
Rush Moving Pictures 1981 Tour Officially Licensed T-Shirt Back Print FREE P&P,,£15.49,Free delivery,7 Mar 2026,0,Brand new,https://www.ebay.co.uk/itm/167601438231?_skw=new+rock+boots&epid=907839144&itmmeta=01KK55Q8NM2M0QDWYWWCG58ZCQ&hash=item2705d2fe17:g:TV8AAOSws9RoJ1-B&itmprp=enc%3AAQALAAAA8GfYFPkwiKCW4ZNSs2u11xCcbyaj298HRahXbQbvz%2Fl6cltWAuvGr1HP0xJaOR%2BoWfx7hIdq0NJV9UdzLcqk2DmT%2F917VewbVwvDaFCb3kW5AoC64%2F0GlQG6%2FJpDt8I9VDk7Qzco7Hlio7GajWEq%2BMhedPxSR8jCOSdfUvhy183rZZ50iMu4cpMg5HDoTdH1RNKRUSYDSLSRaUGH%2BcLD917rRuVjb00HyNQz63oR9Jfd6OLDoPtjgEO%2BHq5V9aFUhUC1VCM%2Fzvx%2FP3EAio9MJfzleSU3jXpYTEn6UpAxbIad2mahcu7edUoVnLvV8s9HIg%3D%3D%7Ctkp%3ABk9SR9SL3aWZZw
Size Large - Stone Island Garment Dyed Micro Yarn Gilet Navy,,£145.00,Free delivery,7 Mar 2026,0,Brand new,https://www.ebay.co.uk/itm/366250222994?_skw=new+rock+boots&itmmeta=01KK55Q8NMDSFMEYMGJF2V0DN5&hash=item554636e592:g:JEEAAeSw8s9pckdA&itmprp=enc%3AAQALAAAA8GfYFPkwiKCW4ZNSs2u11xCC2G74D85P2hazu92KurGIAIUrl%2FJZBN%2B5krBff%2Bv8FNHoDAmhDxI2R5Oy%2FbcZ6%2FZj8CFTESZQv%2BT5ZuVOvlRys0EeUU8m9LmdxF0N%2Bb9kcdANcBBmUvGvmYOqZ77%2BnP1kMC9Flrj3r%2F%2BObfdddKVyUiTBvN53%2FFb%2B2LZIVgv1%2BHOzXY0Fa%2BVDvGm9j5fVssnSn0lAhZmoHpvgLQsT%2F9B%2FlJZtWHa9Veggn1mLeN68W8CMOaWvIrnm1IC1AIN0XgshAZRf5j5I%2B7ya%2B%2FTojfSCIieDxR9OBIzq835hZCtYJg%3D%3D%7Ctkp%3ABk9SR9SL3aWZZw
New Women’s Stone Beige Gilet Vest Bodywarmer With Lining Primark Size S,,£5.50,+£3.38 delivery,7 Mar 2026,0,Brand new,https://www.ebay.co.uk/itm/236662201071?_skw=new+rock+boots&itmmeta=01KK55Q8NM9GT4JXDRSZ5DM9P8&hash=item371a2a9aef:g:XYEAAeSwoSdpQuZj&itmprp=enc%3AAQALAAAA0GfYFPkwiKCW4ZNSs2u11xAzIqPl31EYFQwwxYQCnkHgbrpeTkwASDRG0%2BtgWZUu1ws5edypORAMAILezj8r0U013AP6nzRq7RB5a4Vo0Gt5kO0sUfMD%2FuJxZlTiI5zHUWRHFsKk3QtP2SnMYes8IV9F5k6DJGE1bL%2B1rZi1R%2BylFqez0N4kLMIdfrvEKYfyUnK363lkH3ltadW5OGKdRcXXG6SdxijOxOa5Th9mQNBSDuTzEIs9MaaSYjgvVsJgehOfVxZ5AfS28HNo1u1VAE0%3D%7Ctkp%3ABk9SR9SL3aWZZw
System of a Down - Toxicity - Charcoal Grey with BACK PRINT - Size X-Large,City,£13.95,+£2.72 delivery,7 Mar 2026,0,Brand new,https://www.ebay.co.uk/itm/317948302106?_skw=new+rock+boots&itmmeta=01KK55Q8NMQA1YKX2V1DF2B00K&hash=item4a0732131a:g:CUIAAeSwiP9pm4U3&itmprp=enc%3AAQALAAAA0GfYFPkwiKCW4ZNSs2u11xAW9Z%2BjQwdLT898Ze2xUicTWR3n3nvC9kcBuFQCOG3kt3Y6yDf%2B9%2BJhC4IhaPrCpcuisti1mZWed4R5NRzaPM%2FrTW4uPhWcjKrc%2BisRhBbTm753UP7aoE8cURh0zWvcsbM7X8qYFsTmpQvbt%2Fco%2BqgJ%2FEXUYfSlq5e3l367ECBNuvFE9jo%2BCfwkS4Oa91y7YfRbMwFNAVRhfm0icjE69CrJmMWZm%2BG0BvCmag4YQpizQbGV0X3ujcUVa8EEJkXfcxs%3D%7Ctkp%3ABk9SR9SL3aWZZw
Stone Island Tank Shield Ghost Piece Parka XXL Olive – BNWT – Multi Layer Fusion,,£669.69,+£4.26 delivery,7 Mar 2026,0,Brand new,https://www.ebay.co.uk/itm/277741690775?_skw=new+rock+boots&itmmeta=01KK55Q8NMRPZYYHDHKZXYXSS3&hash=item40aab1df97:g:ytIAAeSwLedpmHF-&itmprp=enc%3AAQALAAAA0GfYFPkwiKCW4ZNSs2u11xCxPA9pR9kFhoIgd9000jW2i3gJ9qTr27k%2Fk%2BuEIzrBF2cMlhgFeUwEck1gLrG0qrboMCW3%2Bg5BxLBa8JE0Sk1Zbbd2XT9onhcNt7p4qK365JYevD7OvapWXJywb98xW8SIbwdeE4Brq7jFmHwcwtItZSrmpCicy%2BEVOT8fbmy0p%2B9PPr8Aa3KlJSSTEqQbnvaUfT5cK2Rw30QOV1EMhZLKrfWIv7E7PoS%2FGbE6HMQ6CSRFCLjiNvMxNCxlOuHBuuI%3D%7Ctkp%3ABk9SR9aL3aWZZw
"Seasalt Corwall Stone Chat Organic Cotton Knit Jumper. 12 UK. M. Chest 36½"".",,£21.50,+£2.94 delivery,7 Mar 2026,0,New (other),https://www.ebay.co.uk/itm/257369950807?_skw=new+rock+boots&itmmeta=01KK55Q8NMN7WTYMWW5K9267BC&hash=item3bec71ca57:g:VKwAAeSwWKxpmHsd&itmprp=enc%3AAQALAAAA8GfYFPkwiKCW4ZNSs2u11xA5zO5PgEXNgWmb0EjNGcaRE2eCdI%2BJQJMnpoBwtGULogi9D9NH2kli4QeYj7p15EqIW0fGg5H7z7i22s7GlDiGZpFq2NzFeph6jzaKa%2B741VUNpEG9EB1Aed6C9EZpEmBgL%2F0SRcRH0bCnmq72Jk939md8jx2Zbhj9pZfSuzZlKwXA%2FrMT1Wqs0ZUPhwku9j5lqGL4961EnFVx0yxyBeS5fVockprT%2BHEsFaCIqi8j%2FLclQQS93%2FdEOATJDfavWYaXPZ01m67iJ3INaJ7%2FHUJBS7GbYgR3Q81SQR8Xy6FAmw%3D%3D%7Ctkp%3ABk9SR9aL3aWZZw
Fitflop Women's Stone Rally Basket Weave Trainer’s Size UK 5,,£26.70,+£2.94 delivery,7 Mar 2026,0,Brand new ·,https://www.ebay.co.uk/itm/177542274873?_skw=new+rock+boots&itmmeta=01KK55Q8NMPTBQ7122EEDQM9DZ&hash=item2956581f39:g:EB4AAeSwCKVpB4yK&itmprp=enc%3AAQALAAAA0GfYFPkwiKCW4ZNSs2u11xCJYR%2Bh0xoQZ3BoXp0L8eMa1%2BIuOrqE7%2FsgFN3e%2F7JvIDHTItr8l6U%2FDYbz6NgfZCjsW6xP8YJ6dhsRuN0vPdWovZuB1B5zVGnL0CzxrcRL441mnYNqWn3plO0xiLgXrWFBfjY4WAsEtNVE0oVzWLkRA0jCdb2qOkZrqtSnHF3m7chMOMdFbg%2FQ8HX8Z%2BzEkBZ65Qg2LgbcLnq1Ey4VKvggcCxmoLhWBVJhzeCqAwUMSnU6ArVo4P1uIy%2Fj3GIUQ5E%3D%7Ctkp%3ABk9SR9aL3aWZZw
"Mens 3XL Light Grey, Stone Island Hooded Sweatshirt Jumper Hoodie, XXXL",,£125.50,Free delivery,7 Mar 2026,0,Brand new,https://www.ebay.co.uk/itm/317945729517?_skw=new+rock+boots&itmmeta=01KK55Q8NMY4DET3B3Q6XXZGX7&hash=item4a070ad1ed:g:L7cAAeSwqWBpalFa&itmprp=enc%3AAQALAAAA0GfYFPkwiKCW4ZNSs2u11xD%2BUp1h%2BBsXtq%2FP8oq94KcYs%2BD%2BmXTWtyXBzy2XCneNeCGNKncMdijCoDN2tn8bRYBygDSeND3KOst8Z9CHlEXkXmoKGkTsLKQRXbfbIUPQMmtXpR%2B8jpkDoTekLCUJuYc%2FJsl89pROXfh6kwUs6FBSyMbMuAqpPv3z1bczLpY27J1J1vX7YrDM9ce3YEi80QraY73Ur2o%2FIvmQaQFBKVkJ5KzoRKTHqsG400UFcUPl44Mn984xRcEAz%2Fzi2meF4mk%3D%7Ctkp%3ABk9SR9aL3aWZZw
Stone Island Men Large Dark Blue Full Tracksuit,,£60.00,+£3.38 delivery,7 Mar 2026,0,Brand new,https://www.ebay.co.uk/itm/198155605733?_skw=new+rock+boots&itmmeta=01KK55Q8NMZ0CFJY4JAHXEWHZ6&hash=item2e22fe96e5:g:zOEAAeSw8TRpqKQn&itmprp=enc%3AAQALAAAA8GfYFPkwiKCW4ZNSs2u11xDPyBjDR3%2FDjkUMqkE9iDk1%2BbfbrZcfB%2BsInOxa5pudB9tqCjTJpDJ6E5L%2F4%2FVx%2FcNTDeS3WmOl1t6pBnuq4k0kQ%2BfX2lBxL9%2BH4dO4UBPFOaOhGQ928hMi96hJ2dkkg00vOJwH4RNYyJ7tDWyjQ8pVlVpmHQDT7husUpsLH9omQ2YMkaa83SYnKQUGHLvfMJ%2FtdFu0BI5FtIe%2FqaACZCVK1JI%2FeI9c%2BiRVdpqC7kY1AbaJi386797ZIV3f1c1sl66RLZ3Ekkh0Hils5t26AkS1INvMrcFD4Gue30hatizCEQ%3D%3D%7Ctkp%3ABk9SR9aL3aWZZw
🔥UK 9.5 Nike Air Max 90 cave stone light bone neutral olive BNIB DS Genuine 95,,£104.99,+£4.48 delivery,7 Mar 2026,0,Brand new ·,https://www.ebay.co.uk/itm/326960907429?_skw=new+rock+boots&itmmeta=01KK55Q8NM0F3AZ4NV5PTVZYSG&hash=item4c206384a5:g:bssAAeSw0r5pbVFR&itmprp=enc%3AAQALAAAA0GfYFPkwiKCW4ZNSs2u11xAzcQc4SsNybtmRYVMzjg0hRcxA9O4aox4dZJBJfTYEhaAeiGxyKOQIyPqhaYRnM9PeeyFAnUJNsy6ecjFulWPA3SFbZi56J9KO28%2BLp92SghQOxKI9h1VBsFuRK16tvGfjyPIqh7ayMg15%2F9vIQNg4rtXaExfy3b02ryjilpUvGEafobiGNLxfxuoco%2BJBRtxe3OV5VHsJOzE%2FeTc7JgpYqE%2FEuHF4zTcKdiGIoPX%2BZQtdFgFBZ8Z6gSbXeJrcuZ4%3D%7Ctkp%3ABk9SR9aL3aWZZw
BNWOT Phase Eight Women’s Stone Coloured Jeggings Size 14,,£9.54,+£2.94 delivery,7 Mar 2026,0,New (other),https://www.ebay.co.uk/itm/137081330735?_skw=new+rock+boots&itmmeta=01KK55Q8NM4NWWDTNB4J4WXKW3&hash=item1feaaf1c2f:g:MUgAAeSwndRo4Sjg&itmprp=enc%3AAQALAAAA0GfYFPkwiKCW4ZNSs2u11xAfDhvzt9%2BdR0oFenYsx7mMXM%2F3ME91Qn6j3PD%2BYPRIydGl2TJkUAge1o1Zd834ionCelwnhPgOAcV3GKNuUSkPdzxdFcB29pvjxla1QDUKfsEinplEw%2BPXztqeVwF9nR1d7RZl9qE5J%2B%2BbRF1c9Zlwgpj0Nu6%2F1mj0lzIH9g9dC2njc9OUri4wh545Arpkeyy2qW8VP7VUKQHUQISfX1E2SllWyFrFkl9808qByUlzE2Y2lVvKRvlVdhhJPFWM4ZA%3D%7Ctkp%3ABk9SR9aL3aWZZw
SAINSBURY COTTON PULL-ON SUMMER TAPERED COMBAT TROUSERS SIZE 16 BNWT,,£5.44,Free delivery,7 Mar 2026,0,Brand new,https://www.ebay.co.uk/itm/389343440353?_skw=new+rock+boots&itmmeta=01KK55Q8NM0SXD6CBBDZSWE3RF&hash=item5aa6ad6de1:g:iXgAAOSwLUJoOtpF&itmprp=enc%3AAQALAAAA0GfYFPkwiKCW4ZNSs2u11xDoLjkosDXhSuW107hi2cKUE0K8iggRmlTdoNpfM1iq%2FBvfAj69OFLY2FtYshOq1g4O%2BULH868qyk6vqrZ%2FofgDj2gzUaRUjTPxs0JZy1FIrzZV8P1E8g1FXdn0svkLvUUEwwrK%2BT6hyjz4Pm86qT3tQYDgzNdxYgg40jCzvn3xB3Hj0rTmu20EYx%2B%2BGJvc%2BJYc%2BCsRy%2BGd0cJSp0gVA02OAcuLufWahvpqZRerw%2FTHFe5owR%2BUySyGlserCquxGL0%3D%7Ctkp%3ABk9SR9aL3aWZZw
Womens Moccasin Slippers Moccasins Ladies Genuine Suede Carpet Slip On Red/Stone,,£18.99,Free delivery,18 Nov 2025,109,Brand new ·,https://www.ebay.co.uk/itm/317551017575?_skw=new+rock+boots&itmmeta=01KK55Q8NNMB3V3FJSYH6KW75C&hash=item49ef83fe67:g:awYAAeSwjNRpGzYB&itmprp=enc%3AAQALAAAA0GfYFPkwiKCW4ZNSs2u11xDJ%2BXasxIVeJqWuJWPaGI3PwotxsO2tRxKtH6p7AdJiFO7Ymh4ta2dkE0QwVJriOwBWLjDoQCVWIgcoKGCDHTw6XN%2FLQTg7drvX%2F%2BPnwzDoekPE9qnWjIN4T%2Bd%2BKQWaUm5Y3h7mNF4n5vrBWrIqTcZnShbXVFiIRq8OG6HZXb8KoxBHuxRZ8K91Mdm3bLyYWje%2BBgZ6J7xzhUsT%2Byq9w3A5Z0Nh4cNB3iEQ8IE6LfnCxNrQUl7HCR%2BlFcL7JraeW0Q%3D%7Ctkp%3ABk9SR9aL3aWZZw
Men’s Black Stone Island Sweatshirt Size Medium BRAND NEW,,£46.00,+£2.96 delivery,7 Mar 2026,0,New (other),https://www.ebay.co.uk/itm/317954343015?_skw=new+rock+boots&itmmeta=01KK55Q8NN67DE0WJYBEZPJKPA&hash=item4a078e4067:g:w1EAAeSwZThpi3wg&itmprp=enc%3AAQALAAAA0GfYFPkwiKCW4ZNSs2u11xBmV%2B6huwX66zXei3QTsjxYpl48883B1xxfuu%2FVCd3mCq%2FYgZH27t4TtHlB12MTRaJFMi21VJXDFWHmAymz5lttae5aIjpNoODmb81ik7FmGvJR7FXu8NBCvkd6HZZsye3GQ0PCNI2NaTldqLqp%2BQ%2BM67nfcnGXEsoliF30%2BTVspo2saf%2B%2BcU732Q%2FfylmLFBH%2F3sHWzaSyJNBSa1kTgf9heYoZVg4lKFFGA%2BhFcxd1L12%2Bu6Kzd4oBDQ544v48l9Q%3D%7Ctkp%3ABk9SR9aL3aWZZw
"Matching Jumpers Wicked XL Sweatshirt, Green, My Rocking Kids, Women’s Mum",,£1.67,+£3.38 delivery,7 Mar 2026,0,Brand new,https://www.ebay.co.uk/itm/267589759083?_skw=new+rock+boots&itmmeta=01KK55Q8NNYT3YE98Y3N8ZKTTB&hash=item3e4d97b06b:g:p1YAAeSwuzBpk0MM&itmprp=enc%3AAQALAAAA0GfYFPkwiKCW4ZNSs2u11xBXQJmUW4ls8ZoQ8MRZ8IBN5Vv9nGSQMZP1nlZ5EmCgk8rpUKNDK7RW7EyHP0REmZICXlPPlIAaOqj%2FJotHQ36%2FJnZlRjDPGQ3c%2BBaA4WQucUCzrz%2FuChG%2F8uhLR7J%2BgWtunzTR%2BpmLObZX0zlPH2hZZmUC2xS0D46Ugcl8Vz8zl23undoYYwoZzQrM2PV%2FQ1vM%2Fw2oC2RwaVsvIaD2YyXNURQxiXF%2FmLKQV21AxJoxl57rjdZrm75ten7ZUxLlXiE%3D%7Ctkp%3ABk9SR9aL3aWZZw
Jack Wills Minster Cotton Blazer - Stone - Men's Size Small - New with Tags,,£19.99,+£3.55 delivery,7 Mar 2026,0,Brand new,https://www.ebay.co.uk/itm/358096420996?_skw=new+rock+boots&itmmeta=01KK55Q8NNYCN6GN23BJWVY533&hash=item536035c084:g:pw4AAeSwySxpX8-1&itmprp=enc%3AAQALAAAA8GfYFPkwiKCW4ZNSs2u11xCULJWhSONhnKqFU5Q0ufMDz3pfK2gBL4dUUb9tB1DCmhVO3RZHFqrUWHuz435hfFkUldpYHNRAkSAuBGRq9ZDNRqMi8BzM0e53im7j7KhzZTQtJoHqgfLH6E2qS9dM9wtkcSiNWSVEBq4Y%2FnZ%2BL9KhOq3lT6BZyg266xfP4jndDnOgyUIRvBnfX25v2386J3IRs0GGlghmPsDuC3DiOcDOMIrVHH25lRh9RHs6Hm86eHFDPIxGB%2F88wRvvtXZalJj05bPqUuzNGA7MoRQwh4xzR%2F4JdJ4wA0k5PmwwYjwTdw%3D%3D%7Ctkp%3ABk9SR9aL3aWZZw
Size 9.5 - Adidas Yeezy Boost 350 V2 Low MX Rock GW3774,,£57.90,+£3.38 delivery,7 Mar 2026,0,Brand new ·,https://www.ebay.co.uk/itm/227239177760?_skw=new+rock+boots&epid=28051441322&itmmeta=01KK55Q8NN5RWN3R01XMS56W7A&hash=item34e882ae20:g:fVkAAOSwFutoIxMv&itmprp=enc%3AAQALAAAA8GfYFPkwiKCW4ZNSs2u11xDNZZgcZlin5WcQJmgiQBIHvDG%2FiGTj0IkV4Dq%2BMwyB%2FVKARWF1bEbl5HcJMkn%2FbmPDTZQ11o%2BT4m28sTucyhC5g4%2BQNsuFGPU9RCBiSytkZ6ILz%2BBfiFLU7ANM7Obk9LTVJj4wWCLr8n0faeX%2FLVmG86%2F2EcusLvzHWXSgnZ%2Bn61664FdVRcVOM8D60lYNCZlwx%2FcLhUNDMJhWzSPRxTR1sIG%2BsChttugX%2F6fl6hCaulqdK2%2B1oSpWp7OaFEJ8zMjqHx1GYO%2F827qGPJHCU5K9pbX7uN%2FWSpG%2BtvDaEYVa3A%3D%3D%7Ctkp%3ABk9SR9aL3aWZZw
Jack Wills Sandleford Icon Men's T-Shirt In 4 Colours and In 4 Sizes New,,£18.99,+£3.59 delivery,14 Aug 2025,205,Brand new,https://www.ebay.co.uk/itm/365656330581?_skw=new+rock+boots&itmmeta=01KK55Q8NNHEFQ1WM65DZBV1BY&hash=item5522d0d155:g:ch8AAeSwpNhoRG2v&itmprp=enc%3AAQALAAAA8GfYFPkwiKCW4ZNSs2u11xDIC1HgZjOKLR9QuH3YA0SnAP%2BrTZrKJgBElY9SZm7VxLC35UolpgAaEUo7J%2FbjQsTMyTdiLBemJEEVIK8jaIX6ACrPu%2B92Pl5nri2o9glpcCSLGkcPSlO2hs8zSEqN455tpwfLm0f6EeQOn%2F9KX3G0j954TS8XIPjNvlaWjOOFSzgegyxgjT70iRYqPzpH8Wx%2FYutw9D7ejKWxedj80lHGb6q3xxSTyFwfc%2FQ1PhEOGDt8AhcBs7aOyynu1z4TYRil0QpcCFEPLQE%2Beh5GHdzRGj593s1saQPb%2BjNhjEIQcA%3D%3D%7Ctkp%3ABk9SR9aL3aWZZw
"Brook Taverner Illingworth Stone Classic Fit Cotton Trouser 32"" W / 27"" XS Leg",,£22.50,+£3.10 delivery,7 Mar 2026,0,Brand new,https://www.ebay.co.uk/itm/176284561948?_skw=new+rock+boots&itmmeta=01KK55Q8NNJ11AS8K7P745MY5W&hash=item290b60f21c:g:3n4AAOSwyvZl5yT4&itmprp=enc%3AAQALAAAA8GfYFPkwiKCW4ZNSs2u11xDTx6fL3xXDVU5SUh7pjMH9SbrBHsFnooo5%2BXmnwrBil9GnpsF8s4x78DypPkSp6xJU3%2FXIMGVcbnSKGV%2FkCYZ%2BWieSxZYtvOWE6xuAKhyQYGqIgfEdHCIZooB2Jds3%2BJG%2Bx8hzttWBv9QOckNfthUdr8b0O3On8HdRlekH7XKgapGGX4fxDeBSQDeiU2rN4WPCDMcH%2B44mDXUkVMnJAIDHHNmtkspjdDsKcYhso7x1gcqogt95%2BA3wgr%2BEDNv0LiyKXFF6p5tTHzi%2FBUJKb1EvGC8ZCtJtuPxwXJnXBMWNXA%3D%3D%7Ctkp%3ABk9SR9aL3aWZZw
Sock Academy - SOCKEDELIC 6 Odd Socks Gift Box - United Oddsocks - UK 6-11 EUR 3,,£17.49,Free delivery,11 Aug 2025,208,Brand new,https://www.ebay.co.uk/itm/376464165462?_skw=new+rock+boots&itmmeta=01KK55Q8NN5MKAH0K2WV4C1W7K&hash=item57a7034a56:g:vi0AAeSw4H9ooaSe&itmprp=enc%3AAQALAAAA8GfYFPkwiKCW4ZNSs2u11xCcEhCJyB%2FRRXAF479C7PfEerB9yFd1zvXoB%2Fh44Q2vJVPNWQH5FZTiTy8L3O0cca4JbsnS1LAoKfr501eZx7hm8Q14kvaz6ZJqVRI1z4D1%2BWU2yLw6v3DqjmJt6iXmCHbt2KZwg3B6cddrr%2BgmB2koLdShO9m%2FvKBSM06PUNGciP23sLzivrV2t504EC3sDBmccEoGKcbUgVNuc2oE6utu8OFffzjC4N%2FlQ15nOrylqTR37FraEIaxymK5X4P8AXAEPxTfA7EhF4MH8%2BO6ZemXE9WvsVM6pX6ciE3%2BVjorNQ%3D%3D%7Ctkp%3ABk9SR9aL3aWZZw
NEW LISTING,,£187.90,Free delivery,7 Mar 2026,0,Brand new,https://www.ebay.co.uk/itm/206118138163?_skw=new+rock+boots&itmmeta=01KK55Q8NNKV4B02XPJDV4AV1S&hash=item2ffd993133:g:CBoAAeSwP2JpAU0p&itmprp=enc%3AAQALAAAA0GfYFPkwiKCW4ZNSs2u11xDnBYacYk2KbMiTBgdEhyJRNK3mzaMBuN%2BAAg%2Fnk%2FJS3aXfGsOYoGTw7F6AT%2Fc%2BKIG5BshXC9AsXLkTYoG4mFhDHcQeYsoCYs67ibw8cH%2FkTHJhs%2BHxUGKpZEqjqjEndqol%2B%2FXbrjby%2BLEGLRZv8t7weml08GyAU6zs%2BV9W5TZC4TAwZGe7%2Bs%2B%2B1v2e7O9BhZHDorQxzpPb%2FRRTkW%2FHosYKv3usTA3q1HZBkb9aUdQVuyYDF%2FfEGQsQ9mTMfRiCP3A%3D%7Ctkp%3ABk9SR9aL3aWZZw
"Unisex t-shirt ""Truffle Shuffle"" Fraggle Rock, Retro, *Brand New With Tags*",,£5.45,+£2.94 delivery,7 Mar 2026,0,Brand new,https://www.ebay.co.uk/itm/137081209876?_skw=new+rock+boots&itmmeta=01KK55Q8NNM2Q1647F4A5SWY6G&hash=item1feaad4414:g:0KoAAeSw0Ttpmey~&itmprp=enc%3AAQALAAAA8GfYFPkwiKCW4ZNSs2u11xApuBbUNkhHkMF7fHZTVZXNfsRZZLRojMEsVve33yhFuKaQ8k78Q1mRTxwIGa%2B1yYghQeRvHPRZgg2GT%2Fv2lLlPBYUPuf3cwweJjZyHS21i11zcvf%2Fk5U1AK2lkj58%2BrzyzMnwslOQSQpwitX6U%2BFixgKII4pJdgdlDKuHLR3CmUD%2Brm39yYKPhLrOpiasvVGAZPjPT1AI9kqp8TmEwB2hf1FRfxMxDJO3w48zTmk3gfuwWbNE%2Bx%2FcY51Bsl0P9kNONCZ4A60%2F8%2FAs6Oyv3iImInYB7GOYITtGm1cVTceLaZA%3D%3D%7Ctkp%3ABk9SR9iL3aWZZw
Nike Zoom Vomero 5 Cave Stone Size 10uk,,£68.30,+£8.95 delivery,7 Mar 2026,0,Brand new ·,https://www.ebay.co.uk/itm/127584205827?_skw=new+rock+boots&itmmeta=01KK55Q8NNXQDWV270WQCZTAG6&hash=item1db49c7c03:g:NuMAAeSweq9pTcGv&itmprp=enc%3AAQALAAAA0GfYFPkwiKCW4ZNSs2u11xDjqZj3eQUUBK%2Bx00RQt9dyrb0qhzh8Crn55g5zMv%2BSowxuvsxtFLayfb7fD3V4tIt8q4%2F%2B8QUCTJVm4Bk9uqnz6L13mdNrdglN6%2FkcbNhHLy5IfZMeyiz3b5DMTUCzfrWD3%2FjudzphrVyRX0rZnoimygC9DxSQ%2FhjCwi96bYjI0Hy0bPFCE2HG3VF67cUGiKOpLWzTadTJSAdEJ6lcn4qjz8KCC%2Fg9ldbLGl0O8i5CtcBEB%2FFheLdsWlgHN8cy9L4%3D%7Ctkp%3ABk9SR9iL3aWZZw
"Stone Island Nylon Raso-TC Rare Jacket, Black XL new with tags 🔥",,£414.70,+£3.94 delivery,7 Mar 2026,0,Brand new,https://www.ebay.co.uk/itm/317856378983?_skw=new+rock+boots&itmmeta=01KK55Q8NPABA2NDZ47AJJB30X&hash=item4a01b77067:g:lTEAAeSwOkppiM-o&itmprp=enc%3AAQALAAAA0GfYFPkwiKCW4ZNSs2u11xBB6G0So4YkB7n1RwCBC2%2Fcsdjp47qZKQvSOy9p8vmeDOg%2FCgkQ9%2BneGp54D2%2FUDx1JkJ2OjXkn1q9j2qqHnwf1l%2BPoBGTo48tlpdwC%2BkBSSXCR5wYep9uh8X43%2FvD0jY3ErQka%2Bcuosr6nms3EU9wbejBWvj00qMh6a346FBDm5GAebc1G3zzn1LZAVo%2FyQCAod%2FeCp%2FHAqB%2Bjv3E5EEagGHiLUk%2Bv2Hn649g75Ay8OaiSHnv60o4OmSdDQcueQrs%3D%7Ctkp%3ABk9SR9iL3aWZZw
New H&M Blue Stone Wash Denim Utility Jumpsuit Playsuit Boiler Suit SIZE 14,,£17.22,+£2.94 delivery,7 Mar 2026,0,Brand new,https://www.ebay.co.uk/itm/227196774510?_skw=new+rock+boots&itmmeta=01KK55Q8NPEEDT40DY2QS2D1TQ&hash=item34e5fba86e:g:oT0AAeSwz~powVcV&itmprp=enc%3AAQALAAAA0GfYFPkwiKCW4ZNSs2u11xBy%2FZna%2FPfCKEUmqkM2xHBw41f9pgdOxw4ELMaIK0C5BjlgjtHUX2fwiq%2BCaGJ1yFB%2FFA4SndLoG0DdIGHicfG3uKGi%2BN9O33zuhQSBtEI7ZELCMMZ9ThWK60hC1OzkyZyMYAewNbpgPU9nFxVSB3I9neL1pqoidReAJPycatiiieDWEeQVzvj6RF%2FovL8kbiqdjsmsJoOuqzDubyHkWfI7vu%2Fv34cZy--wHlOlr0%2BvBZTYlHu54oisc7qIQbDuILM%3D%7Ctkp%3ABk9SR9iL3aWZZw
M&S Men’s Trousers W36 L29 Stone With Turn ups 100% Cotton Vintage New,,£32.00,+£2.92 delivery,7 Mar 2026,0,New (other),https://www.ebay.co.uk/itm/256801798064?_skw=new+rock+boots&itmmeta=01KK55Q8NP85GH6PD51PRVAX4X&hash=item3bca9477b0:g:9qIAAOSwlHZm3f7f&itmprp=enc%3AAQALAAAA8GfYFPkwiKCW4ZNSs2u11xCsLMCeNLKd%2BCwRWaq4m4bXV8XacU5geL1lhgRfLgM8zgGShBBYXucUckflZaaLajIwZzGEhqgYH4YHgwjVaE5T7nltSTkInqXQ1jfLL9zR3tZVJGYXHqMoEDNsbd17f6fli19Pb%2B1RpYzQKWWFAVlRJ6pZAijM1AJXuwOPNJUZhZB1ggXR2pefNzwRxSuRKqtuZ1vI3nQ66KXRTfvRrK92If2MtfaNoaU8bIJbo7pZf92gecHHu6r5Sj6tk2o%2FN%2F9ZvMnsAXB9ZxBHvzDfxeYJN%2FiGTdbWydM7RtF2p20Quw%3D%3D%7Ctkp%3ABk9SR9iL3aWZZw
Brand New Woman’s Nike P6000 Cave Stones Grey UK Size 3.5,,£52.70,Free delivery,7 Mar 2026,0,Brand new ·,https://www.ebay.co.uk/itm/397678265533?_skw=new+rock+boots&itmmeta=01KK55Q8NPRRW6CQ8M0SCQKPFP&hash=item5c9778c4bd:g:tGsAAeSwu6hpqXik&itmprp=enc%3AAQALAAAA8GfYFPkwiKCW4ZNSs2u11xD3yATYG6dBxleZAR3BRyL5bewryd3M6lipPQyQb3rN5N8q37%2BMdkX6lEhMmiFrvwQehfJj%2Fd%2BSSUIuA8X%2BKS%2F3gAQ6LgNajOJP1MPMQuT8GYuYjWwbfCZ1dQthe7%2BaRy%2FQ4MRAOqPi2SJVRGSbG2OE%2FCA3MTycYTBrrbOagYyKbeXyhJtA%2FH5SdUL86jqivG7SaBo1dLpoCRuAdp1YSQCShtdaptruCSE77imudljiabt13RoQV26y1AVjK1NJSHADrIqvcWcxx%2Frrev414OlI2%2FSIpnG18HQZTlQHuSafZQ%3D%3D%7Ctkp%3ABk9SR9iL3aWZZw
Limp Bizkit T Shirt Size Large Significant Other Band Shirt Graphic Print New,,£34.97,Free delivery,7 Mar 2026,0,Brand new,https://www.ebay.co.uk/itm/336311641638?_skw=new+rock+boots&itmmeta=01KK55Q8NPE7DXP9WQ6S5225ST&hash=item4e4dbc6626:g:K0EAAeSwlx9olifN&itmprp=enc%3AAQALAAAA8GfYFPkwiKCW4ZNSs2u11xDGqBROE%2BmhHW19BzNOYJ85Br6gykYML5nZQ9jTRiaN88IygdXf1EhYcgkL7nubBdrXGbqlzZu5vgj0ZmEx9WB51HkouszxZMMjqe4n%2BfAvtPielHGWyFCs8eV1F5NjF2e%2BZ7MtO63tUrXIL06MZfPetCzvtIyTVVj32IPyR4VusCTqQRw0fjgIkm38DeiBEOae%2Bvt7HuhR%2BMNoc82DL6PvICFWzsBg0wRIxS7WsBXSsV6TpAqnsJrss%2BMjtZ3XgLmoFoAKgthYXS%2BB5Sc8BADBlg6W07Ve2szLDiyNI%2B8HEA%3D%3D%7Ctkp%3ABk9SR9iL3aWZZw
Stone Island Grey Mens Tracksuit Hoodie And Joggers Size Large,,£37.96,+£3.38 delivery,7 Mar 2026,0,Brand new,https://www.ebay.co.uk/itm/227234950373?_skw=new+rock+boots&itmmeta=01KK55Q8NP3VTRH0YH0J2CPD2J&hash=item34e8422ce5:g:Ij0AAeSwxQFpocsU&itmprp=enc%3AAQALAAAA8GfYFPkwiKCW4ZNSs2u11xB4foflRkX5fWU2NnUrlcmdR3Qwxean2LkpMHsfakQZoZAsuVQoR0zcfLKu6sY6G88TTv%2BZn4TDzqiB%2Fd%2BB7uQnvCI7h5Vs29Bkq6xcuoJGrePvydKYMNoMEqtjrxadV6t%2Bz6VECx6iuUR6Lfa3Yfvkhg0Y90sdlLCzQwmUR1tIhziWiuU15hAsAk8GwQKOH%2FXXGYQqiilIZLlg%2BX00B9r1%2FDuxBH5olY%2FQkzqfZ6b8gJH8LDsbuk9ycDjzsGxwDks3K6H1nfNp19mvBZLRgcn%2BuXdvMoEuughV4nnNxFb4iA%3D%3D%7Ctkp%3ABk9SR9iL3aWZZw
BNWT TOD'S ALH MEDIUM SHOPPER BAG COLOUR STONE DESIGNER GIFT,,£362.68,Free delivery,7 Mar 2026,0,Brand new,https://www.ebay.co.uk/itm/236672270037?_skw=new+rock+boots&itmmeta=01KK55Q8NPXB3YRZT2Q3AAPJ7P&hash=item371ac43ed5:g:~qEAAeSwI95pEPGp&itmprp=enc%3AAQALAAAA0GfYFPkwiKCW4ZNSs2u11xAv2QONtfz8QkghZOjIhDU%2FpJas5XwsEQe87LSCLoUiqxlExFGmYDHQxgoMa5VaQeY%2F8zUoOM1fMQtQoacOzdnYZqN2h3qyG3xsZDoQ7%2ByRjdQd9%2Bd8uiZkDmKN5QGW3mQcR%2BAeTjAK%2FsNAH6Ac87qCngn%2Fsd3weV3Z6Lb60x0KUJYbgUJmfANkG16lzhgFNjKrryCtvIJbeRB8olH9gwZn8E%2BLga2uBTWoW3YWsoFcF5lYLFoh51biN4uGD8j4dgs%3D%7Ctkp%3ABk9SR9iL3aWZZw
"Orslow 101 Dad's Fit Denim Jeans Black, Stone, Size 2 (32), Made in Japan",,£107.08,+£6.16 delivery,7 Mar 2026,0,New (other),https://www.ebay.co.uk/itm/358269914120?_skw=new+rock+boots&itmmeta=01KK55Q8NPNSWDWXB6AATD1KFQ&hash=item536a8d0c08:g:99AAAeSwrOlpox4E&itmprp=enc%3AAQALAAAA8GfYFPkwiKCW4ZNSs2u11xALOb68KoUiOPn7r0qPUS5vQ%2BhCkL00IqtkvSXcPfxyZ5u6%2FygbwNAM2q5Nzg5yZDScwSnESqOlr4F%2BpADM5QatEckkSm%2FdrCTtfj4vwoWyCe8%2FruwKTJCrYKGwEZKTOId7D3BaJ4m38oX3PPNFE15AKqy4Ga39dzCTp3wevg%2FxhxJISrn7DUy%2FskImYQyZK1SSj%2BZyIQaV6ALcNJVPRQdAF5ZRpxzBJMo1tKGvEB0kaFV5tMDBn8uKXaClOmmW1mxwMKXS76I9EE5gef6Q0nJQOY5QkvxjlwndDSRbfyq13Q%3D%3D%7Ctkp%3ABk9SR9iL3aWZZw
Shop on eBay,,$20.00,,,,Brand New,https://ebay.com/itm/123456?itmmeta=012DEW30YG0MEEKND7NH&hash=item123546:g:acwAA9KNiJowH:sc:ShippingMethodStandard!95008!US!-1&itmprp=enc%3AbgepL1tlUHjMGCVfSTGJh%2BzsVKeJ3CQk7NizDI4BZeppuFnmyS6Ijyp8lh%2FnEw%2BWqO7uTV1Q6izE1R0T54aV8j71F4xlWfVcGft4%2FiOQhtqVXA1rW6M1atPARQRmhqUxtEPJKhKtSFgI%2Bvwlzb0GwVCtkp%3ABlBMUObkmabpYw
Shop on eBay,,$20.00,,,,Brand New,https://ebay.com/itm/123456?itmmeta=012DEW30YG0MEEKND7NH&hash=item123546:g:acwAA9KNiJowH:sc:ShippingMethodStandard!95008!US!-1&itmprp=enc%3AbgepL1tlUHjMGCVfSTGJh%2BzsVKeJ3CQk7NizDI4BZeppuFnmyS6Ijyp8lh%2FnEw%2BWqO7uTV1Q6izE1R0T54aV8j71F4xlWfVcGft4%2FiOQhtqVXA1rW6M1atPARQRmhqUxtEPJKhKtSFgI%2Bvwlzb0GwVCtkp%3ABlBMUObkmabpYw
Folk Fiver Linen Blend Overshirt Shacket - Large Stone RRP £160,,£48.00,Free delivery,7 Mar 2026,0,Brand new,https://www.ebay.co.uk/itm/358144258339?_skw=new+rock+boots&itmmeta=01KK55QH9WMSZ0J0B5GC8A6MRS&hash=item53630fb123:g:tmYAAeSwJJho-3vu&itmprp=enc%3AAQALAAAA0GfYFPkwiKCW4ZNSs2u11xCA85KkgIRBROy%2BtoD%2FKJFiUXYaiCm81bUh6wnOQj3DPq%2FqPx5avxLldV6MjuSAKDe77xynJ6QDoRZ2FN8aP93opJX%2BO9z%2FcQC9syz%2FAt9G%2FvFeS0q6XaANweqkrrZbAduMzFwV2hgZGUAFoVNiXZaCB3R4DkeQxIZjm2zCxkCNdkswV8mDykYxkyPWTx4Z1oFI9mh3gwP4AT9bs48CcoBE6Adq9PuRK3fxd4CPKH0pRoY%2BZ3Zm3vBsHCoQhi4ml8g%3D%7Ctkp%3ABk9SR8qV3qWZZw
NEW - Ford MUSTANG Trucker Cap - Cambridge Caps - Hot Rods Custom USA - One Size,,£19.95,Free delivery,7 Mar 2026,0,Brand new,https://www.ebay.co.uk/itm/177468351552?_skw=new+rock+boots&itmmeta=01KK55QH9WCE5ZMH2BK5CKATFE&hash=item2951f02440:g:7IUAAeSwXEVo45zD&itmprp=enc%3AAQALAAAA8GfYFPkwiKCW4ZNSs2u11xC3DD3NgiYrnPW9s95oYUK11OKA33HXJ7yT4tIn451yacV9hOxvampQLT0Lc1JlD7jzRlZE7elSmSTrQ1w9mkB3Yr9HnNVWCnFSMte7%2FHKUAmSsJ9f18rNxr95Ih%2FKG0BhUkEWjf1x2BBRbnc0eqcxtEXHhhlCOOWrcZqNA2XTbRu9%2FuMNwc2Zx8ZNtgf9erWOOTeKXUF%2BuCpeae9sQ4DqMXjqyscO22znD5XmAZ8mfC2A0EVICm6KVk8iPq3UBhDRB6Aj2MiS3JEAmV0HucWvU9Era00qiTXdoM%2F4a4w%2FYwg%3D%3D%7Ctkp%3ABk9SR8qV3qWZZw
Black Leather New Rock Boots UK Size 9 Excellent Condition,Leather,£156.70,Free delivery,7 Mar 2026,0,Pre-owned ·,https://www.ebay.co.uk/itm/406706604541?_skw=new+rock+boots&itmmeta=01KK55QH9WE9D937XYC6R5Q8GP&hash=item5eb19a49fd:g:20EAAeSwJ05pljkY&itmprp=enc%3AAQALAAAA0GfYFPkwiKCW4ZNSs2u11xAV8sRP99uWGaptjofBPjwg3wzepqTMdKQhod%2BVuVmXa8%2FSLym16k4osIiewpWCfXyU5gRdc9Ogv6V%2BspkhF49HHWwcLz3hYXi9AwUAXeBXA6PAwMb4qEzuRS3zy6I0cD8%2B%2Bq33fKNh4qwZYFiUEoxARQlLmeEgascHw8GkrRDkZoPTYfgD7UlfJRfAYFNHpml6Pj5hiAPWlXxn3RDFBykv2nJm3OddiOe422a1kz%2BxfBWXxG0NySiVNgHaL1mGDcI%3D%7Ctkp%3ABk9SR8yV3qWZZw
"Men's Cream Stone Island Round Neck Jumper Size Medium, Regular Fit",,£38.14,+£2.94 delivery,7 Mar 2026,0,Brand new,https://www.ebay.co.uk/itm/358287776564?_skw=new+rock+boots&itmmeta=01KK55QH9WKVP1SP7EN3JPPV25&hash=item536b9d9b34:g:Xg8AAeSwgR1pqR1X&itmprp=enc%3AAQALAAAA0GfYFPkwiKCW4ZNSs2u11xC9oXtb3GvRfwvCrjePjtnPH5hHQmn7OP6Ebr11i914Ym8cRrC6Xk7SKgnQQuD3uxgGNUWJz10cVYM5adm5a96bchlKwkSIVeXcd4WN91wJ%2FBvwTkQiIAEIkb6TQIQzW6pED1R3BuDwJGKhmatcGBv6lias2Zhacx9gl50IDvEUB9FANOAl06GiF7oAiytFWgJhkVV9D32aFHkdawY%2FyHPOVIutzcgh6ldsOkqvc2%2F7cssJ2l78y%2FfApGqF3pKicgA%3D%7Ctkp%3ABk9SR8yV3qWZZw
HARRIS TWEED JACKET 38 REG mens blue grey 100% pure new wool SENATOR hebrides,,£108.74,Free delivery,7 Mar 2026,0,Pre-owned,https://www.ebay.co.uk/itm/397569700173?_skw=new+rock+boots&itmmeta=01KK55QH9WR4FSM7RSDWDAAPGQ&hash=item5c9100314d:g:VbEAAOSw49lnhVFM&itmprp=enc%3AAQALAAAA8GfYFPkwiKCW4ZNSs2u11xDhCmZokBv9fDFtAZ586VYnC3gKC4DchmVjCw%2BiLN6ytjFzg40UcsX9Hs7w%2BZr1QrRPCflgyiYbgnuZjfNotbSR5SDm3GjMMtgoDM7R%2FQmbZ%2Bh10gq0HqWIRNZClbE28xkmEmKJorCXIjyYnrr%2FQlXmTbpwouJ%2B6tvD%2B7Dv%2Fyy4HvYfWGLDsLFz6cvAHNh2VcbH6cN2ggJxzI%2BJsDKy3qVbFlW77OaJ4BM3RrXWpV0IIDqON6oFZYAicouDsr7DNk5zd0KriiWz6AlY7v8voZOUJL6Ue%2FVeG2DOpe6pvBE9Kw%3D%3D%7Ctkp%3ABk9SR8yV3qWZZw
PLACEBO - Astro Skeleton - NEW Offical Black T-Shirt *L size only,,£10.95,+£2.45 delivery,7 Mar 2026,0,New (other),https://www.ebay.co.uk/itm/266369930144?_skw=new+rock+boots&itmmeta=01KK55QH9WPM4Q7GEH947B189A&hash=item3e04e293a0:g:32cAAOSw0Wtk15hn&itmprp=enc%3AAQALAAAA8GfYFPkwiKCW4ZNSs2u11xDtUFREFAn9P8T4uzOd6dmJ771KU3Rpe%2F%2BIN3rvZFWmic2qypzaBeLM%2BsSCuXZgbiVfPIgqinrGC0Sq5UrMxVqk9vNVMHKMe%2F6ScBRhOc%2F4s7QjmDGhCqGjf4Lnshl%2BCD0em8fPUUrQFtggQ0hsbAu0Cd1%2FHSjX1lUtFhzwY3zDLFek1CK1THc74o%2FdoKlGF7JUtY1HqIuktNXWQE%2BwP2Koxamp1%2B18Xk0qg1KMdMTDv9XwmS3LCSTsYBv4R7aYSgTMLFNFMd4kHlz0ZZD%2FMB6EMoi%2FdxAJSy%2BIjJDm6yitIw%3D%3D%7Ctkp%3ABk9SR8yV3qWZZw
NEW - The North Face Men’s Hometown Hoodie Down Jacket - Khaki Stone - with tags,,£70.38,+£2.94 delivery,7 Mar 2026,0,Brand new,https://www.ebay.co.uk/itm/277765220470?_skw=new+rock+boots&itmmeta=01KK55QH9WA0PTT8KKG9151NRJ&hash=item40ac18e876:g:z4QAAeSwZwBppFHH&itmprp=enc%3AAQALAAAA8GfYFPkwiKCW4ZNSs2u11xA2VbmKbXpRZ3cWU0FBfjjJckW3HjX4i%2FESK16v6PaARcv6f7n2Mp6R6lftcp72MEeY5PdIFa5%2FQ1tAXW69kXf3Pz6majRS4eYoKA7vz2EyfWm9T%2BO3LZNZBVG0kepkMi%2Fny4QjhYNZVxLeSF%2F9cGT1Ceby5bMzr2n3LEaU2%2Bzz57AEssdAGj6TU68lyP85OU381CKx6hva46NRNxCfr8Ti6INEuTIbAcHQhGZ7aKgeynOPcqS2oyojK1EzB9%2FyVqtRQ661k3fp004PvMOFgiVMYb7dB4y2iBEKLUFOc0CbLA%3D%3D%7Ctkp%3ABk9SR8yV3qWZZw
Stone Island Membrana 3L TC Light Green Jacket BNWT Large RRP £800 L,,£644.20,+£3.42 delivery,7 Mar 2026,0,Brand new,https://www.ebay.co.uk/itm/406405664503?_skw=new+rock+boots&itmmeta=01KK55QH9WYKCP2NSB3VC2PR3Z&hash=item5e9faa4ef7:g:vmcAAeSwCYhpH4D0&itmprp=enc%3AAQALAAAA8GfYFPkwiKCW4ZNSs2u11xBvD1jySDEYq%2BDPl21ajc6NvI4TClAWZcu8dDUGFm21rbEHVwU8NlFecFO33KvvSzW8p%2B0vtuqNliffjRq%2BEuNuYK13HnkigjR2UFlhtgHvADZj4WnuDD6ZBPWAcrZiPjMdkOdt1sIsm4oGsJncCRJqv%2B5xCZ1%2BzcrsNIOOk6FwjrMHTLoqs4L3uHq4nRtki7siXlPVDb%2BSkJbrBwsMvwaVVTjS3wrg96Dl%2Bz6F6HSQEbeVr%2FKayA1zxKj%2FaKhXwHWB8TobqXmilg5%2BGa54%2Br1bow6awwYGYg1n7COc8j6nZg%3D%3D%7Ctkp%3ABk9SR8yV3qWZZw
New Rock Boots Women’s Size 40 Leather Boots,Leather,£45.00,+£10.80 delivery,7 Mar 2026,0,Pre-owned ·,https://www.ebay.co.uk/itm/168194369363?_skw=new+rock+boots&itmmeta=01KK55QH9WAA88Y4BM411JZNP9&hash=item27292a6753:g:4YIAAeSwVE9poxYq&itmprp=enc%3AAQALAAAA8GfYFPkwiKCW4ZNSs2u11xDs7ucr5XnKl45HnHXynUPMw71%2F%2BOw1H8pFudYrXUCOKD666Yp8itq%2F0pO9OoiEWJ0OARGQAtluIOUgs%2Fup9iDilBcTcm3y1uU%2FvyhXPqE1tZpeywpYlEqSfKA1P37qae8ROki417qrfxZuqmjTtwGPTscsJBEw19Gs9I3y7L2FC0YeAPE1YFaFOWI7a3vmWxhXk0TBslTqACuJBwd8JRal4qYyAytjaoqN9Qiab9ntYaCwWedOwez3GZaM0kDQps3z1woSBIklxHg52hRElA60vfuv6Jol7gI6rh2xTSmzNA%3D%3D%7Ctkp%3ABk9SR8yV3qWZZw
New Rock Boots Women Size 40 Leather,Leather,£37.04,+£10.80 delivery,7 Mar 2026,0,Pre-owned ·,https://www.ebay.co.uk/itm/168194360866?_skw=new+rock+boots&itmmeta=01KK55QH9W07WRDDNCCMKPJZ52&hash=item27292a4622:g:2ncAAeSwYsBpoxRg&itmprp=enc%3AAQALAAAA0GfYFPkwiKCW4ZNSs2u11xBviHnVHybxE51O20oLjbwsCUfems3yng%2FhCQzHStqH5UpMxGSIUmWA%2BtDBf9RsRubT%2FYSUeGMmcv2aRgYyYfQbOKY4fHyZjnUUvW89DNZaS8Txm%2FB6lLOuDiyExTrvFRuztb0ZByenaoEemMkJrkKzKDcZrsLnyAvr4bcNea0JvW2mV%2BWs%2BnA%2B%2BqE2edpRiR6%2B%2BVQVmCK%2Bs3hHj1GsrWOY2BW8BY4w6XRbFeQv7kZqfkYYdfwxI%2FYGQRoD8Hh5hmo%3D%7Ctkp%3ABk9SR8yV3qWZZw
Stone Island Men’s Tracksuit Size M Colour Black New With Tag 😍 💯 Cotton,,£141.10,+£4.26 delivery,7 Mar 2026,0,Brand new,https://www.ebay.co.uk/itm/127649376835?_skw=new+rock+boots&itmmeta=01KK55QH9WAEQNH4KXYKVMK8BV&hash=item1db87eea43:g:3McAAeSwiPtpeSgN&itmprp=enc%3AAQALAAAA0GfYFPkwiKCW4ZNSs2u11xAQtumxAw8jjbP9nJc7WjOm%2FWRQg4C0VvpsnRAI8YOqJ85a%2BKt7rIvpKj1LNxCY2ZpgorpNOZO7cam3vm7s9rdnE9qdXXDDXMBPaYIFjfcQQhPCEw4VfXfCE6mj3fK32bB2E4B%2F6JRvpMpUpG8gSQkmyT8Ow5a7uAWBKsWlB9xrqseeaO2M4kSwmI0B%2BaO2q6%2FVt6vOyGV1gxMi6yL6tiq9yfmVbTtStDpx6qeDNtKMwdY%2B5q0%2Btg8PbPuCY8L2ec4%3D%7Ctkp%3ABk9SR8yV3qWZZw
New Black/Purple Gothic Corset Buckle Velvet Flocked Layer Dress size 2XL 20 22,,£34.99,Free delivery,7 Mar 2026,0,Brand new,https://www.ebay.co.uk/itm/277691990352?_skw=new+rock+boots&itmmeta=01KK55QH9W54TF5HTTDSRG3ZVK&hash=item40a7bb8150:g:KUQAAeSwwsNpe-SI&itmprp=enc%3AAQALAAAA0GfYFPkwiKCW4ZNSs2u11xAlzn1dKFl4eMfR8fnT8iq0iCWZj7ngaNa6jFo%2BHEMjqBEvQahxy5ulbSeAuqUsk9bkaCtAHL7pf0t0QQQJ81jxxHlYiEoj4pj3HahG%2FCxjGzVaajqErQ4tSDIii2a42rTlLrhwIcuLQPGUxZLKFjAzxvLaA6bMZSIeF%2Bl%2FaATBaL2oxpJW%2BH9pnH1k%2BmTMyu910ne27zgFP9BM0HqcLlfJNLRP4ayX8mAgmhoGh20xJkB5qym4eoWLaEByuakDFSo%3D%7Ctkp%3ABk9SR8yV3qWZZw
Ruth Langsford Linen Blend Dolman Sleeve Blouse Stone Size 16,,£22.99,Free delivery,7 Mar 2026,0,New (other),https://www.ebay.co.uk/itm/267516053353?_skw=new+rock+boots&itmmeta=01KK55QH9WC6JBSH80ZNZZKS56&hash=item3e49330769:g:G1IAAeSwvO5pREGr&itmprp=enc%3AAQALAAAA0GfYFPkwiKCW4ZNSs2u11xB1UHJHCyq0LQTyFg6mafRk%2FDGImDgYU%2B2%2B5RIGcBrc7XZ71CkD3ezrTQBDrqZg5Z9m2jefHHCktIaqY8t7CQE0UBMHsK3RrRZ05WOVtgsKo4o6gXnZVvt2TrqnuYkO2SQUWn%2F8cbPdTNkOmWVGYn%2FeoxydE67eVJQMei7k1fkB2BK4pJm4xzdAVr34sLOHcp6RUgX0qrZfWOsXMYV7kJwoSKGwoM%2FmhqEsubRrGRDFadUSr50mzCFIZgH5%2BgcNwas%3D%7Ctkp%3ABk9SR8yV3qWZZw
Borg Lined Clog Slippers Baker By Ted Baker 8/25.5 BNWT £32.95 Stone Light Up,,£22.99,Free delivery,7 Mar 2026,0,New (other),https://www.ebay.co.uk/itm/167843933339?_skw=new+rock+boots&itmmeta=01KK55QH9WM3D2GJFMAZ68Q4GK&hash=item2714472c9b:g:PuUAAeSwJR5oXo-3&itmprp=enc%3AAQALAAAA8GfYFPkwiKCW4ZNSs2u11xAUye9BCD1HMzyiLuK1NCcH1nNonRd88Ci8JJe00SWz5NC1zsreN7VCLArlNAMPRPMgyrjmUVOqu7T4u7XG5kez6p2YEhXUmP1r5NVTyCi0bgpClRtAcaXjQ9ZKnWceUy7mwTfbyBM2vl47izmfzO6dQRqMfq0OQEAVt0a%2BQx2VXUb6aOSRG0zZ54U81KC12BRECL%2BhRf3jlI7zbOHJ1%2BBXljJ6Ep0%2BfJh%2BVPwm8nRVax6GspmWPfshiAZ7OQcwQkDyHLDt2BeLL3kD6obHgJc0X1JFTZWYVKIOK9RrPMix5Q%3D%3D%7Ctkp%3ABk9SR8yV3qWZZw
2 x Stone Island Replacement Buttons - 14mm,,£4.00,+£1.00 delivery,7 Mar 2026,0,New (other),https://www.ebay.co.uk/itm/317871825580?_skw=new+rock+boots&itmmeta=01KK55QH9W7MVCJ7WRXE217CCW&hash=item4a02a322ac:g:etQAAeSw5D5pXiGZ&itmprp=enc%3AAQALAAAA0GfYFPkwiKCW4ZNSs2u11xBB8ttwNMDaNWCbIWJX9MgrFGfGTZ8yt7qGGKWPNu1Hgsu5%2FMWsmgCK73vE9HWKNcGRHWM4oTGSMrcQdMYvz2ExXnf%2FzA3Fz%2FTft4pZSjBPwB2wBxtyOcOwdHbgKH8DiZnLGNuqnff0z4XYjG9jYTlkizJ3AT86MwgPFmJcz82wkdMLoiGn1Fkv6vm8yzpU8LV4%2BZiqr%2FPivBmrarMAbHG0nkQtO2Ls2uNiD2islIksYUhqE6DBdSmFkbCQXdhmpCA%3D%7Ctkp%3ABk9SR8yV3qWZZw
Adidas Yeezy Boost 350 V2 Trainers MX Rock Dark Salt UK 8 EU 42 New,,£99.99,+£8.95 delivery,7 Mar 2026,0,New (other) ·,https://www.ebay.co.uk/itm/397654458371?_skw=new+rock+boots&itmmeta=01KK55QH9WFVNRZAVZN7Q2AMJM&hash=item5c960d8003:g:aUcAAeSw93dpYk68&itmprp=enc%3AAQALAAAA0GfYFPkwiKCW4ZNSs2u11xBtsI6oXen%2B7Hrw9qBDWtc1ZvNQzsoYCD2JGROXhtSivMXBl5pK%2F7Orn5RTaGNgy3ddyQ3lV6wQ3mrn%2FrdE7nL%2FqJieSOEDJrKXZJkfi4eTVRdWD7nbUiDWCYScDvhu6kTYGRPH7iT6DhfcBB6cZtq8FXf7anUnmhZPyX2H0oEyiE6XehUqvtUohAL4jzeXi1vcBxra7z8F4o6xXdwrhv48fCiww3%2Bd7AZkrOBEM6Z1gaH%2FaRcolUL8JBB%2F5TwXpos%3D%7Ctkp%3ABk9SR8yV3qWZZw
ASICS x Min-Nano Gel-Nimbus 10.1 ‘Sheet Rock’ - UK 8.5 | US 9.5 | EU 43 1/2 BNIB,,£94.30,+£8.95 delivery,7 Mar 2026,0,Brand new ·,https://www.ebay.co.uk/itm/397657641326?_skw=new+rock+boots&itmmeta=01KK55QH9W9B1DVF44VZMRNHA1&hash=item5c963e116e:g:EuUAAeSw6~No8pXc&itmprp=enc%3AAQALAAAA8GfYFPkwiKCW4ZNSs2u11xBEWAjyBeO3H5pWnHIgVnTrrBlYf0uiaukqSHZLz9hwYpAy3B6%2BWWsE4EEkLKUJaqeFonFlexWQlfggsoGl%2FIJxLartV9YukDD0od8MutC0DJk2d2pR2KJW95objbqu5EsRaT1n5USOVoa4IkHtR59FGrhPvsGcXHkW22B7dZr5CORCcfw47VET3jPdtN2XxBrINYiF%2F023vu5iBe6Qx9pPFObL71V%2FKroTZMx3EIDlyTw70vL1LLLqWvq2Q2WjbMGmod5XNIOJhlPUALgFb7XQuh%2BmH0sI6gGbmJ0mqpnGBQ%3D%3D%7Ctkp%3ABk9SR86V3qWZZw
Superdry Mens Essential Logo Zip Hoodie Light Stone Beige - Mens Medium,,£42.30,+£2.94 delivery,7 Mar 2026,0,Brand new,https://www.ebay.co.uk/itm/317752974262?_skw=new+rock+boots&itmmeta=01KK55QH9WQDJA105R3K1XDJFT&hash=item49fb8d9bb6:g:kmQAAeSwOw9pY40j&itmprp=enc%3AAQALAAAA8GfYFPkwiKCW4ZNSs2u11xCU%2Bg3EFb4HwFk5qdoFYBoJGOFUKAl3RIto6Iz75vhdiGyCtu33VJeJJl2V6lmqqcYhOqKIAHVOCaK8O0SwYA5LHXXR4PZUvm7dLLiceKyusZ1aqBhRaKFK38bCepJ%2BcIwYSLq%2BNQNP4CepWYvz7mjUfz1kqO%2Fb%2BR63pHKI3hKbTy8TBtEbxjo%2Fjozg7ji7tsO6B0suwXv4nSEIth8gO3GpGy%2BtVwPeTKLBa4KLbnp3n9zMvIOel8YxEgRxcUJhHWLVvkyh82%2F4s4rdiiY2xEz%2F22JxGNRvuleHQgN1HS4c2A%3D%3D%7Ctkp%3ABk9SR86V3qWZZw
Salt Rock Mens Dark Grey Regular Fit Skull Print Eye Of Storm T Shirt Xl New,,£9.72,+£2.94 delivery,7 Mar 2026,0,Brand new,https://www.ebay.co.uk/itm/306806215140?_skw=new+rock+boots&itmmeta=01KK55QH9WWB66S80BWV2Y4E5K&hash=item476f1351e4:g:coAAAeSwgE9ppd-0&itmprp=enc%3AAQALAAAA8GfYFPkwiKCW4ZNSs2u11xAPuYwYKQvIfXN%2FQ7%2BC5c5MqLa3vdstBa%2FDiQnqXNqJGf80LZx3zkGHsdtrZCW1jqnTqBIRvfD53B3CeEvTU3vTBZ63ggFd19AakzAZ41xGLnRVMJRGvecOiXy8CvYEkpeNNpgkwOX%2FhWxj7iFjIcVvSM7KhAEkKDFrLduFMGsr4R3DgMU%2FCg3muNTsbSw%2BpG7XdZxUJbVhtxKFWEqRoRTdshKqMVB3iUFD1Fim%2BsjgHAqW4zh72%2FxKzFSUk4EqmfQF4mKEI6z3nPXvXtEXw5rftVO4ekvfLvf%2BZSvB86YpOA%3D%3D%7Ctkp%3ABk9SR86V3qWZZw
LEVI'S 511 SLIM FIT FLEX STRETCH STONE WASHED BLUE DENIM JEANS 26W 32L NEW,,£34.95,Free delivery,17 Jan 2026,49,Brand new,https://www.ebay.co.uk/itm/305753136437?_skw=new+rock+boots&itmmeta=01KK55QH9WJ6TWBSZN8X82JEXV&hash=item47304e9d35:g:AtgAAOSw8QVmzx-A&itmprp=enc%3AAQALAAAA0GfYFPkwiKCW4ZNSs2u11xCq19A6ozFJI2fwisS1k9UN7sXnRnuvnxO05YB8WrPB8W802FA7fGDxZQvtB3lOnSwBOcjXEAXxJ9LzJU8MAPLJumDjToXhJ%2F33t1jxNg0ELyTIVjjXEvcKIuVBzHs9pvNMs69EMVb8lb7fxsMMc7oS1ZY75Xm5qWx%2F8fmQvWXCgWvu%2FuSJzi7t25eTaf0VReg49YjVj4SHvnY%2BnebdKwsSenF3putBovjbVhV32bW0Cz4r%2F7q7%2Ber0u2QDWd%2F4rk4%3D%7Ctkp%3ABk9SR86V3qWZZw
stone island dissolving grid camo on econyl regenerated nylon Bnwt XL RRP £1350,,£430.00,+£3.94 delivery,7 Mar 2026,0,Brand new,https://www.ebay.co.uk/itm/327029140928?_skw=new+rock+boots&itmmeta=01KK55QH9XJNYHQN2FWFSCN004&hash=item4c2474adc0:g:V0EAAeSwhJFpoYNs&itmprp=enc%3AAQALAAAA8GfYFPkwiKCW4ZNSs2u11xCK5eRd9UOAyqYUdZVlcNm5Up6lHzCu6z2KE%2FggsJ98sY6MdwxuTcdNMHSousEKIWjAgyYyNGzpNHdvdxOUq5vNfLdwby7dQsh5ZkCbT4WcbDhYTZyVB4eiHNHggU%2BxOb5LzpnR8APWo8QtgDGwx97Gf54UcrYK0B7v81xDYPd7nbqvAfNbAn4M8ILDBpS--WR8HERelJeMe%2Fwbc2C42RPcts73JNSFrej6xDgwgTtlwmeLaSjkJGAGKUuqbec51dn2TEzCt8wh8HiJyo2%2Bc2TlZDirSj2%2BHdW9SHjuWdhBQA%3D%3D%7Ctkp%3ABk9SR86V3qWZZw
NEW LISTING,,£60.00,+£2.94 delivery,7 Mar 2026,0,Brand new,https://www.ebay.co.uk/itm/327033402487?_skw=new+rock+boots&itmmeta=01KK55QH9XBF6TYF1KC7Q45BTC&hash=item4c24b5b477:g:5XEAAeSwS2dppAW2&itmprp=enc%3AAQALAAAA8GfYFPkwiKCW4ZNSs2u11xCuzegtCQBDGnxGNYKIbo8Xkf2GADGQXe7NxeAHCP2NRJp1t5jc%2FyogOZCXHQB%2F5zJGD7DAy%2BXHYfSRAeAxwgLZL69PFMQ7caYwm4G2eUE84PVAiMSb%2BM3hHBHZP7pl4xYNABDbvWoV89SlC69nq1pI4ugT5YG3lNWP0v%2BnvZfspxb67Rlcu77rUIbuTh%2Fy%2F3y7OkrdMTIsDnKgOsDvcdG6W58NjXtQGxR5uvQlJA88pH%2FtGQEMZLFsaERvBmhgAnQdZzwGnFPwLfNvl8jxbr4V2hPF590hhS6Tx1finvreHw%3D%3D%7Ctkp%3ABk9SR86V3qWZZw
Official Iron Maiden Grey Acid Wash Vest Size 16 100% Cotton NWT,,£10.79,+£2.72 delivery,7 Mar 2026,0,Brand new,https://www.ebay.co.uk/itm/227109372995?_skw=new+rock+boots&itmmeta=01KK55QH9XX0838H17K5WFEA9F&hash=item34e0c60443:g:0IIAAeSwsJhpLAqq&itmprp=enc%3AAQALAAAA8GfYFPkwiKCW4ZNSs2u11xChwB6Lbboz1I8p2%2B6tAsywBzYdqQedWpVElcAe%2BVUTxH9uY4sXsrq%2FDHypRuQdkAF%2BPQJj0dbEgm56LsrD6Kxp%2B0QvoNSeiBO3M7vYUSaphltqLK4P7GlYVaKMfY2oz3zlB5iLPn7puRO5aqSUf4RljJb6Qb6MBsxycUlFDveBnviU09C4fwmN4ZnazHQHBBa87rlwyYXf3Z0FcFxXsEIl73IyaobVQWvrnKjoP4B3nh4lvVNEbXK3QcgWD2khZ8GbSRy1R%2B0gI9OHnoAPtNUHTeqcEHxJ4k%2FuZ5jrxPJVyw%3D%3D%7Ctkp%3ABk9SR86V3qWZZw
adidas Tabacco x Stone Roses UK 9.5 | US 10 | EU 44 | KH9351 BNWT Unworn,,£185.00,+£8.95 delivery,7 Mar 2026,0,Brand new ·,https://www.ebay.co.uk/itm/397639153102?_skw=new+rock+boots&itmmeta=01KK55QH9X9BDX9XZTKZPSGYP8&hash=item5c9523f5ce:g:300AAeSw3nZpm50E&itmprp=enc%3AAQALAAAA0GfYFPkwiKCW4ZNSs2u11xBUEj48c%2BdpMrxRWB1O%2FIvYtBemKojckQBWN2s%2FcgNqiwO6lMHHNDoh7fdob48Sr%2FTCkTuDG%2FfLYiGImGOmfK6C0V3gmD9cFZRTM6ucHtoSjJtgg2DoVj61gxd85F2SYAFEyoaRcqNrVDMkjJE0HH0y5crq0cPrCnFA9d3IHP%2Fw8RnR9NcQEdLmbCkpcvxPgLRtxObs6RW9pM%2B2J6OUmO3uIs2uqnQEl0ZkcPcD2gzRgF8rKldR%2FmGBp63BzSklQ08%3D%7Ctkp%3ABk9SR86V3qWZZw
Blue Agate Bridal Bouquet Lucky Charm Gift Bride Chakra Healing Stone Wedding,,£8.99,+£0.99 delivery,5 Nov 2025,122,Brand new,https://www.ebay.co.uk/itm/306319042749?_skw=new+rock+boots&itmmeta=01KK55QH9X9SM07MH69X5PCK5F&hash=item475209a8bd:g:I30AAOSw6J9oMjM1&itmprp=enc%3AAQALAAAA8GfYFPkwiKCW4ZNSs2u11xAMBF%2F9CWgfweCxOydOo2yTDC0IMpCQoxdnGLlY8EMXhyNLKGwGUinof0xffQ8h7rOiJZeuB7kcGHE67cIIkh3erxC8ZqfWEEJkxcXv6J%2F4ikyXhVUaQvKpqf8eGdLgWfhPkhCuzltGLOODqbkYSBxoU5JYrO6sQNeXJYhQfmz6WhLKQDJEYdmFoOBH6zyQQQWSh1LZWOpuJdM89iEKn5NF9g54%2FVdPp3t0iVSFFBEtJz5lR7w552PGnhAOCi%2FQ1mQIoK%2FRtEXZvbV12Die6uVmpABaGV8vMZeCsxjLL2PKbA%3D%3D%7Ctkp%3ABk9SR86V3qWZZw
Something Blue Sodalite Bridal Bouquet Lucky Bride Chakra Healing Stone Wedding,,£8.99,+£0.99 delivery,19 Nov 2025,108,Brand new,https://www.ebay.co.uk/itm/306319047407?_skw=new+rock+boots&itmmeta=01KK55QH9XVVHBZDDQZQK7F0X2&hash=item475209baef:g:G2cAAOSwFfVoMjVO&itmprp=enc%3AAQALAAAA8GfYFPkwiKCW4ZNSs2u11xDfcd85PA9L5vtfKOEPIuIFtaHxTdo5jqvAXdb8ywNEXgKVmycYg7K%2BJxYc%2F8xkYuHYvKF6Vi%2BwjdxDykKj1SzWShjI9AM06vWVZ1iiB5YSXInYXgaOeVWGu4ZiTuHqMZX6hVRalVLVj3leI9y8ICkagVm%2B%2BNnHuYlBtyhGKqVSRn079qvGwuIrNcF4jj31a4s8y4bvX3%2FubUKS3DHNZvIERiazz8fIfGe47wYDYA4CS4XchpEYiSblnpsl3frl3mgf%2FQZLwejqUKf1nYm8lywDwTEXdmUmTmoXrUa55RlmZw%3D%3D%7Ctkp%3ABk9SR86V3qWZZw
Stone Island cargo Bermuda shorts Size 36 Waist New No Tags,Cargo,£175.00,+£3.94 delivery,7 Mar 2026,0,New (other),https://www.ebay.co.uk/itm/358263241994?_skw=new+rock+boots&itmmeta=01KK55QH9XY6WQK3F2JRTH2AGJ&hash=item536a273d0a:g:svEAAeSw2dxpoLJe&itmprp=enc%3AAQALAAAA0GfYFPkwiKCW4ZNSs2u11xBE22YUpNl%2BmWnEnxT2SM9iyIepwmpxOqJ8etBMtV4UIFtV6jrAzK5lxCsa0CHuLXGUVcbKlgzeEdPGKThuY1dhpE2Tw%2FSRrRyHY4FJHIT4jVuFsennt%2BeWs1NP%2BAMIO6lcrfbgKRV49ZfWf4erRGBcxOM%2Bz5KamzxoeKJ2PwcOU6EnlDq4drEFh--NNiksKghnpO66VILXNexoDHNxE%2B198MgF0kdYFwR4gTd0hYmQxQiQnLR7ZhwopiSp%2BbqvVps%3D%7Ctkp%3ABk9SR86V3qWZZw
Cream Beige Stone Linen Look Slip Sundress Frilled Hem Size 16 BNWT,,£2.24,+£2.94 delivery,7 Mar 2026,0,Brand new,https://www.ebay.co.uk/itm/206101161793?_skw=new+rock+boots&itmmeta=01KK55QH9XGWCNEFCFNT9CY5MJ&hash=item2ffc962741:g:ewMAAeSwkv9ph1Yt&itmprp=enc%3AAQALAAAA0GfYFPkwiKCW4ZNSs2u11xDypgNDtYktZdsKORZSvK1fvWedYVAsGlAksAdUl78Ln%2F72cFjJAiP%2Bd67UZMMDqcSNaQQvmSJHKnEC07r0yv%2B1qN7neEhFHuyWKbu7k7pFSfmbZaLr6gve85RtBlqeGgxbNmU%2F60EqaOnSCSpDqR%2FjOjcUJMtqujhuvNdUqKRC1D0cZ97wsncsT1qb7V7iCqjGJZyOFwEcoDg2kLHDk%2BvzVYhcnd4E3vdrQl0QL3f6o6ZMO1z%2FddVTb2dJ05%2BD5W8%3D%7Ctkp%3ABk9SR86V3qWZZw
NEW LISTING,,£105.00,Free delivery,7 Mar 2026,0,Brand new,https://www.ebay.co.uk/itm/317967552306?_skw=new+rock+boots&itmmeta=01KK55QH9XBTT30X75B50861Y7&hash=item4a0857cf32:g:SNsAAeSwOGxpmj04&itmprp=enc%3AAQALAAAA8GfYFPkwiKCW4ZNSs2u11xB4TT5q4vM0fZjLJhNXbdbyUXTepZv3eMm7zbDoUZfo73QjCQ12xdVSGso4VDOVb28lwOPfDVxZOgqFmp2Ko2FYIAsScEdAc9ZjbapxItJZN3PF%2FwwupydyEFG5ISpZutb6x2GGCmR1WPh%2FuyEi2Dc2rJUpFf%2F680R248LcvyAEAGUHdPgBXJgkfpWUHTvAZmJeVyJnQF1fD7%2B9YgZNCvosrSUlp3FWxDQxok27iBSaxLjiTNceJb1Rx3p36I91YA6zSpChViqjwnStMHqQI7nI0qy44YkTbYld6XZva3q1yw%3D%3D%7Ctkp%3ABk9SR86V3qWZZw
Guns N Roses T Shirt Size M - Brand New with tags,,£10.00,Free delivery,7 Mar 2026,0,Brand new,https://www.ebay.co.uk/itm/127639229254?_skw=new+rock+boots&itmmeta=01KK55QH9X4XHA52DXGJTTB6HZ&hash=item1db7e41346:g:3GoAAeSwwJdpcmPQ&itmprp=enc%3AAQALAAAA0GfYFPkwiKCW4ZNSs2u11xBpbt1OzAyHh%2B4pU0JOAtyJFeYte5OoXuFZz5REFuXV9Qnah1PBU6aoh5DnA3pP9puFdhiu3PKihV2t%2FbPTLrZ8N2bwctOall7NjXp1kPD7oHv5JbHgF6xMcE5ILCqM07g8TMGNyRo7%2FX90QkJGexsz3XNiTK1L5B7XFcSSprGjNnJh62hRem0FeCAGerdidRHXx6faMRcHgphFrwV5rR1RcvdL5j1%2B%2FifE77SDZ8kASFaqmUMj4yMW6%2BC83uON4GY%3D%7Ctkp%3ABk9SR86V3qWZZw
Seasalt Women's Regular Chapel Rock Waterproof Coat Highland/Inkwell,,£59.95,Free delivery,7 Mar 2026,0,Brand new,https://www.ebay.co.uk/itm/317964026612?_skw=new+rock+boots&itmmeta=01KK55QH9XMG1NWJ7EZDP929MM&hash=item4a082202f4:g:BxUAAeSwJMhpqyIT&itmprp=enc%3AAQALAAAA0GfYFPkwiKCW4ZNSs2u11xBvcvk5Hxa5%2Fdk3OTuUsTQULIfCB63ab4k122VvZeHPw%2FiCEW3omliYKCgtYavKxQAdEwsBEZl7OnWzgkTU%2B2tEgy1u6xQ6RsMfE5WmqgpnC0v4js0Ea2Ga%2BXKvICyqDEnccIKJtiETpjim2vQ4NFOsLFrbp7JO%2Bm%2FrHhZb1q5cnZnvJInaCUdkVoMVISD53F6hA5OlCds848Ds%2Fu9mQbFSi1e5dJak%2BKlDRHQhJ%2FTyCYTs8lXcBpxQlt2KFftsjBA%3D%7Ctkp%3ABk9SR86V3qWZZw
MATINIQUE® Jermalink Cotton Stretch T-Shirt/Fog - 2XL FREE U.K SHIPPING,,£20.00,Free delivery,7 Mar 2026,0,Brand new,https://www.ebay.co.uk/itm/298007406989?_skw=new+rock+boots&itmmeta=01KK55QH9XX4JXRM07R7MZ3VYC&hash=item4562a0298d:g:OFoAAOSwYfVn~4HX&itmprp=enc%3AAQALAAAA0GfYFPkwiKCW4ZNSs2u11xC0M9oVIYqQVc4vhO4qSAosXX1fLUhWeaEVfX2d0LylKR30ChyuSC7%2Fea4FnwRg3jl6uj4WtQbPA5JyM0azc78lfE%2FpGrizhjJ95VIANuiQWMMDzGzs987qJgAJ%2BG9nq3fzLLNNHHSQx9rE%2FKiWq4MCZdOGUGz04UbaplVipoliFKAmOtRLnerZ6Pyl3Kfyz%2FRWMj3p%2BqF13Svox5Ayf1op12SN5JL33toHIro2R48ZE3cH8J8aScEzaRWgdWIeOrE%3D%7Ctkp%3ABk9SR86V3qWZZw
Salt Rock BNWT Women's Yellow And White Raglan Graphic Logo Print Top UK Size 14,,£1.16,+£2.94 delivery,7 Mar 2026,0,Brand new,https://www.ebay.co.uk/itm/298075037759?_skw=new+rock+boots&itmmeta=01KK55QH9XVHADX0EGCKJMS1TF&hash=item4566a8203f:g:g0EAAeSwmxlpov90&itmprp=enc%3AAQALAAAA8GfYFPkwiKCW4ZNSs2u11xDCwUK0KdeWmY%2Bi8dXiFxc281AXKb30cjmc7MgBQvVWVaCJwflFNHjC0xXdPEg7h8L%2FsaHn2I8eiBO%2FSI23v9TMDuQavbva5cWejNES3t9jUYSgvaBlbDq2cKshSYzobf2XQqihQ0lxerDqxzrolwUC7JzCL9F%2F4NLYIsUSBWcpT5JAhZPEU53YWUrw%2FPm64RnhtMIwydWZgj4wvghRhrPROPwQgNFetXOsDFNtKVf8G2HXjsIikciLKYDyRiNAH6pK9T3%2F2Djyl68UwHjn7dFfHkHb1tKqHgtx680G8MGFjg%3D%3D%7Ctkp%3ABk9SR86V3qWZZw
NEW LISTING,,£10.80,+£2.96 delivery,7 Mar 2026,0,Brand new,https://www.ebay.co.uk/itm/377015807889?_skw=new+rock+boots&itmmeta=01KK55QH9X4NJKXG2ZFHEETGFW&hash=item57c7e4af91:g:ajsAAeSwgvFprA~h&itmprp=enc%3AAQALAAAA8GfYFPkwiKCW4ZNSs2u11xBtKDwYb9WXZjkZVGtJXdR0mMRusYsc6wxAobQts8CR%2BdS1qZ81wmF6ejxV3NbXO5ZSKzdezYUzqiziDV614TlfFg%2F2Ce%2B5z5FMu2tkKimqgPpIWHMWINhXLaWixZulx4aTUcg0LwapGHyHnmNGP95l3BD9otnk3jYxxuMjORZsXuSJg0%2FrIqeQQzn6U14e2lYZ4PjioC%2FqMUKGK423IRT647CM7CBGW9ga%2FRtORj%2Fgqgp4AbNjYbDrlfOZYzG5KP0uM12trSsKQsTjTjwzb8aciBkkR0HoLbOjc%2B8VPj4HJg%3D%3D%7Ctkp%3ABk9SR9CV3qWZZw
"Mens 2XL, Light Grey Stone Island Hooded Sweatshirt Jumper Hoodie - XXL",,£125.50,Free delivery,7 Mar 2026,0,Brand new,https://www.ebay.co.uk/itm/317908600667?_skw=new+rock+boots&itmmeta=01KK55QH9YXY33MSACMC9MDKJV&hash=item4a04d4475b:g:L7cAAeSwqWBpalFa&itmprp=enc%3AAQALAAAA8GfYFPkwiKCW4ZNSs2u11xC6AMYBGJuBoSpsN4lg3TCn%2B4t3pcKDbvuMTQpLqbAys%2BJzILIUcoiJAwcohuQes%2B4vuo%2BrOKY7ipWemjV7igy93OkJfMnExJzaOgF8X%2FKHL31W2fDEU3hxuSpC3QVTiJ3Z5EZY4X%2FnXVzuPphyD7hNaYybdD4ZwjA1rltUTwlCrOyDW%2BWf0KrtxtjzQhA3RC5UX26wT756RDcgwB%2FhNBxGQLLr9jy1ZZMDmUJMfLrgXVen3FSGQTgRSsCnxj%2FFUXacro%2FYiBCPJRgKEEjJzABIOagfNFL1F7Xw9wN8X3hFvA%3D%3D%7Ctkp%3ABk9SR9CV3qWZZw
Stone Island Blue Mens Jumper Hoodie Sweatshirt 100% cotton Large,,£105.00,Free delivery,7 Mar 2026,0,Brand new,https://www.ebay.co.uk/itm/317927335709?_skw=new+rock+boots&itmmeta=01KK55QH9Y21BXV10DQY0AP5ZR&hash=item4a05f2271d:g:m7oAAeSw-HZpkEu7&itmprp=enc%3AAQALAAAA8GfYFPkwiKCW4ZNSs2u11xAxZNjc7fDh32qgQZAhlDpfEDtCp9ISY0JGBy%2BcyIKgf8qgRKVje6VQKEDLdfMQ%2BMjV5f4%2BBFkxrwjv3EQxvtAICAOq88e6BkQmb2Fl25kwoA%2BWJBPGNyRJfYWTt29I9roXWERZ1C23QPWWxBEj9M484IkPCom6924LzG9QkYjVIwDe1NhJ6XnDylRcSWdVvEzoGW4aWHX8RUJbmMSFl6ZnCrpyWt%2BTzvfFgHP1j%2Bm44FtRzubafb8Y%2BHlO2xK7oRUKberau0kWqC8pXYcRi%2BLc32tS0mg4qZvymEkLCZSqvQ%3D%3D%7Ctkp%3ABk9SR9CV3qWZZw
Stone Island Sweater XXL,,£203.50,+£7.00 delivery,7 Mar 2026,0,Brand new,https://www.ebay.co.uk/itm/317776972766?_skw=new+rock+boots&itmmeta=01KK55QH9Y3MZZHY345GSFMZ0R&hash=item49fcfbcbde:g:SrYAAeSwN~BpbU8K&itmprp=enc%3AAQALAAAA0GfYFPkwiKCW4ZNSs2u11xBOmZ4lvBacDh%2F9jG%2FUBs91ipqkV3XPZbmNsfuT9RIDeuWHxgVAmQdy%2FrrPQAdR6davRCmJcrbvUiYmVvGyINRr6ofUtktnzkQ%2FhRvepMTd6pqIgfVTb97JuWkWCsZ%2F5ter4lITfwqcTd5CYucuoXxKc0Y9bhLPemyYYr%2Bx48%2Fs8ZXfZY9Beh2rDfE%2F4BCgvvYX0emXopyvVudpDYJrJhXI%2FV3v%2FZfOcOhulkI0U6X%2By6SAlAyb6VmnUAw4pPjigAk%3D%7Ctkp%3ABk9SR9CV3qWZZw
Mens medium Marine blue Stone Island Skin Touch Nylon TC Jacket Packable M,,£142.00,Free delivery,7 Mar 2026,0,Brand new,https://www.ebay.co.uk/itm/317913261138?_skw=new+rock+boots&itmmeta=01KK55QH9Y3MSMCYZSQPNRA19P&hash=item4a051b6452:g:hekAAeSwM75o9~rc&itmprp=enc%3AAQALAAAA8GfYFPkwiKCW4ZNSs2u11xB3IRCZZXs6S%2FYa--iF1I0135g4R%2FCTG0iWiwr0yI7Ig3zGlfyP5I3tOBrBARrQntdoUXRNkr2ISqmZcCyi0OBv%2BO2%2F7%2BtdhvDElHkjCa30yav428k7gDhT3dPxieDW8UZcQEByP1qpIxjwh5t8uLQmlTw5ZJUbWJNiTOBYNFTsFWHJevODCyQUAsetzuCNqPNQ599ssQhqiIrKNmAqe2vcR2BJqOrMm5q12Xm4%2FBOk1s2XnEgmiB7q2EOaoHQdwmN%2F8QxjWKUqzdWch0SaqAzSL9Hm5e6RM%2Big3eVHcTrfOg%3D%3D%7Ctkp%3ABk9SR9CV3qWZZw
Nachtmystium Doomsday Derelicts Pullover Hoodie,,£42.95,Free delivery,6 Feb 2026,29,Brand new,https://www.ebay.co.uk/itm/177760246796?_skw=new+rock+boots&itmmeta=01KK55QH9Y14KNX1F85BV0KRGY&hash=item2963561c0c:g:H3sAAeSw5VhpYTCK&itmprp=enc%3AAQALAAAA0GfYFPkwiKCW4ZNSs2u11xDnGbxwwddM6NkmKDV2M%2BEiSI0rHMAB3O7HCRtz1KcOLggTYtJCYWnF%2FSVXUaHzByHongbb7ceWwa2%2FhzvjFm2T6uXQxusIr7v%2FxP5DA3iryjAZM3L3QPSD8m0hmDQINDugpMNlmtPg279F2w57Z0n45bJ1qL4MRZleXdnECkjbvCOz6wgtBFLTBc%2FsQf48fDR2cKExXQoxwzB1ydKoFsgeByKd5DCrlpKknDslySgk3ld%2FjxNdbVUJQSwmdY%2BQtPk%3D%7Ctkp%3ABk9SR9CV3qWZZw
The Rolling Stones Sixty Cyberdelic Tongue T Shirt,,£16.95,Free delivery,6 Feb 2026,29,Brand new,https://www.ebay.co.uk/itm/177760207706?_skw=new+rock+boots&itmmeta=01KK55QH9YJJBZ7TC66EWYMN7A&hash=item296355835a:g:ig4AAeSw6j5pYSvk&itmprp=enc%3AAQALAAAA0GfYFPkwiKCW4ZNSs2u11xDLmPIxqdYSIvKc90evbjTZIaDhSaq%2Bz%2BCtj8tOCUnNXHx8u0GqGkmqfzH81h69kVr4ir%2BrJYd92bRhFk1SjiNICV7RRL4DTawe00mHejMHnwRNDEluyKFcaDC6DgHddXaR4q0XIG23E8qW%2BonkEyp6V5sT2Cl7rhcrdqrc%2BsaHKq8LbyefAz5Wgf5UDIA70YPF0Vjuz2bjW3p0723V%2B1LKBF7%2FfrOJGzxlECrSvrxRtVOAoyFzdVbkSTlJ%2Fgek504%3D%7Ctkp%3ABk9SR9CV3qWZZw
Slayer T Shirt band logo silver Eagle Crossed Swords new Black Mens Official,,£16.95,Free delivery,6 Feb 2026,29,Brand new,https://www.ebay.co.uk/itm/177759722492?_skw=new+rock+boots&epid=1639156296&itmmeta=01KK55QH9YX0PH1N8ATFPBV4MY&hash=item29634e1bfc:g:WrUAAeSwFxxpqax2&itmprp=enc%3AAQALAAAA8GfYFPkwiKCW4ZNSs2u11xBkBTIG2eVvkxA11tcpUJaNIpdh92XrhduL6V4tJK2mOhjO5gYotmbj%2Fbd9HfQJwEm17ec6URCFHwh2V7khY8MbYTVC6Nd3nWrTHxHq6fSDgHmuB%2FdVEHI78IDbYSYL2uzrzxGfjluU%2BFtxYqP0VGne4zsgAKEp5A75RaNud18gByvOeSSjNjasoNpsFs%2F2IKZheJiYvpiwK0r80%2BDB10gI1mzQuMLKQROnJ1RfW2qXZdnE%2BIl7EBDFl%2FCp8HEGYkE6oJdyNX1v44emGal28sLpq1%2FEXb54jjb1GDq3FJXj2w%3D%3D%7Ctkp%3ABk9SR9CV3qWZZw
Mens Cargo Shorts Combat Multi Pocket Elasticated Waist Plain Lightweight Shorts,Cargo,£8.99,Free delivery,7 Mar 2026,0,"High Quality Cargo Shorts,RRP £19.99,Limited time sale",https://www.ebay.co.uk/itm/235538464066?_skw=new+rock+boots&itmmeta=01KK55QH9YC20QSX6A1MEQZ0FR&hash=item36d72fbd42:g:w2YAAOSweDtmOkpF&itmprp=enc%3AAQALAAAA8GfYFPkwiKCW4ZNSs2u11xAy%2BBAqvFYJOIFZTZlxvNhWIz5JeTWTW5UNlEmQS8o8tYpUJpntljz1nzstE78F2THXvFmFGyW9VeAn--mv2SXwlfC%2FZBW08DCyaGgmYylytLxY35FjZLzmE5sCZXKJ6NW35zdGHQFb1iCep9nCphRtBsFCp9GKHmVgHc0RuuFE8UGvBxiRvaTtUiMLe4ysEcoEfy09ojIqB6ZGhlNAgykpJdEvF%2FfnTNcHTm7AF%2FOM1LZ1epshrjcIimVtKVN8rqAY2UEuQBzSucHUFOxixGnWwUytrPKpKSZZck%2F%2BmRewrA%3D%3D%7Ctkp%3ABk9SR9CV3qWZZw
Foster Grant Sports Wrap Sunglasses COUNTER PUNCH WHITE FG592,,£13.96,delivery in 2-3 days,7 Mar 2026,0,Brand new,https://www.ebay.co.uk/itm/236147586596?_skw=new+rock+boots&itmmeta=01KK55QH9Y7AXM2PXMXKQB6D4W&hash=item36fb7e3624:g:yWkAAOSwQEpoSrNs&itmprp=enc%3AAQALAAAA8GfYFPkwiKCW4ZNSs2u11xCEaSQJS557F0HRqTm6h0boVS1QjS43ewUU8dIZvttFyLi%2F8FjjZMgs7%2FqKtZSa5r3OTf2BEaS4FcwaBsvug6zFcs8J9hlGbuqXg9DAYGpZ0dQ3Qb%2BmyiId77NkQSUrw89FgT7mFCBYtizUem8mBQuoKypSSkRvCI%2Fr%2FaKLv%2Fa7D2SKUK05rx9aSdDjlFAydAfVAJv%2B5aC18Fk7oH5ZLhLpBMo0oyqGcxGjrob5DByf1Ppl805oxsDcvux47ZchbDGdylO1Gm%2FRMNN9nbjUVp9d%2FbBIUl4mf5jFG%2BpqwPtqJg%3D%3D%7Ctkp%3ABk9SR9CV3qWZZw
Ladies Mokkers Moccasin Slippers Lily Suede Comfy Floral Lined Indoor Shoe UK3-9,,£17.05,Free delivery,7 Mar 2026,0,Brand new ·,https://www.ebay.co.uk/itm/316149634085?_skw=new+rock+boots&itmmeta=01KK55QH9YDQ07T3ADMNNH1R68&hash=item499bfc9425:g:KM0AAeSw7H5o5oCo&itmprp=enc%3AAQALAAAA0GfYFPkwiKCW4ZNSs2u11xDA4I99aFnJIPc3XJUbKZrjWXMkiWJcQXbqd0RtzASyPemRwlVQ%2FSDrvhMtK%2Bi%2B9mAP9XhBqg6hNv67CUyvDQLICVQMm42AR75udsjFNYnccq4aLFQlveWjl7IPNyo8k1ubSx6A8rF7kjTe7IMzTL3ILeNgZYrzDku%2B74hZ%2B4X%2FssMJwW4xhgNkQmMWJkgq4c5sXlso6pbt3MgNGrH2rNJJ2M%2BgnTVPtm7tZbZ7%2FT3kNvZC4GMWyvK4woqn%2Fd3i9kE%3D%7Ctkp%3ABk9SR9CV3qWZZw
Nike Pro Dri-FIT Skull Cap,,£7.59,Free delivery,7 Mar 2026,0,Brand new,https://www.ebay.co.uk/itm/127639988073?_skw=new+rock+boots&itmmeta=01KK55QH9Y7H1K8W0HYMQ7E6YP&hash=item1db7efa769:g:m7QAAeSwnM1pctZn&itmprp=enc%3AAQALAAAA0GfYFPkwiKCW4ZNSs2u11xBmRHaqg29cSkAmuRaT8XankAukIAbNeyCAYDdrx1vZjfZPVm%2FV6xcJLG5IM5w5h9SV%2FwFp73rZ6FwT%2BHPe%2FhAfaaP6ZIucSIr2ja6ffybq0xCNpANqbIrAfvIsOPvUwhFtTV449o%2FxxFV%2F5B8c3YUYLeVAOmwVwnSTeuAH8562BO6eqveuSL9OnySNviz11QT2tzkUIpV6i9Olsp1Qtk3uDAxc8gIeXJ1Kyapeq9BtyV5s29FZI5VhE8CrxXsbpcs%3D%7Ctkp%3ABk9SR9CV3qWZZw
PREMIUM QUALITY Under Scarf Cap Hijab Scarf Tube Bone Bonnet Chemo Hair Wrap,,£0.99,delivery in 2-3 days,7 Mar 2026,0,Brand new,https://www.ebay.co.uk/itm/273779323864?_skw=new+rock+boots&itmmeta=01KK55QH9YFC0TPSYRGWR9GF2M&hash=item3fbe84f3d8:g:CyEAAOSwfAxhgCOB&itmprp=enc%3AAQALAAAA8GfYFPkwiKCW4ZNSs2u11xCj6cArbThVILCtgQM1PPqTCoa9ee%2FJEmjSv3xPTWz9%2F%2B5QQVxCYeSzkljv4OvVeL2oaiX05UpuD7dHNFmj78KXbY3eoa98iU1p52PDd9KaK95Qicc2tLaQp8rQVsObWWZ%2B%2Fs9kNFBxzsCHxzmBahM%2Fd5Nv0ogWGSM58qGJspgxk6fXlFqMODdcy8tH5%2BD98jXESgzpDFqD9DM6EjVsnrCCXpJg1X3olFTu850w0vGT7Tlw%2FEJr9YicEdFYebxXEJEna4mW6pXAGnKnepczqLOQ2klerE7PiYBHuRar1cm1kw%3D%3D%7Ctkp%3ABk9SR9CV3qWZZw
Mens Cargo Combat Elasticated Waist Trousers Work Zip Pocket Bottoms Rugby Pants,Cargo,£12.99,Free delivery,7 Mar 2026,0,Brand new,https://www.ebay.co.uk/itm/325368395019?_skw=new+rock+boots&epid=1958115881&itmmeta=01KK55QH9Y90ZDWTXR91F6Q1R7&hash=item4bc177b50b:g:n0wAAOSwHXJjPAVl&itmprp=enc%3AAQALAAAA0GfYFPkwiKCW4ZNSs2u11xCnJZEIgtnyCN6tjJVIk0JK%2FFcUT%2FSTxQnEBg62vdWDZZS05fjLXYjiWz5WdKJVpUL4b35VPX0BDwJmdlJnT8Kt8jbanbkJg%2FWZBa%2BdYZ%2FR4OaDtzdgeNC8C03wKxm2W%2F5uHY03x2wECoeARgl5XGIJz%2FnN7B%2B3jtf4gmoYGnoXkZuGOIfvAeP5%2F0bqABOBTUWkUP6DCxLRB%2BGP4N9qzZRA3tOswSoplZSXi57YWkec1%2B%2B5BAMenvSpoiHhEYtMb5c%3D%7Ctkp%3ABk9SR9CV3qWZZw
Let Me Entertain You T-Shirt Robbie Williams T-shirt 2025 Angels,,£13.99,Free delivery,7 Mar 2026,0,New (other),https://www.ebay.co.uk/itm/284911770089?_skw=new+rock+boots&itmmeta=01KK55QH9Y0AYATV7J8DEPKT56&hash=item42561099e9:g:BfYAAOSwBmdi4WBh&itmprp=enc%3AAQALAAAA0GfYFPkwiKCW4ZNSs2u11xBBoU5UyYHZ2D4UNv68I6CM70r6mB47DNj0UD6NXYMWwAka5Qw4rdlAzWQ51bRYlev%2FbS3Vx4SiPF2NPeRzszF68hSC0LX2y1hN874t4LfRURrS%2FWv%2BI0Ky1a7Rmok4IBGulV2s9obe1ZKcIMMsE4HoJtr0fj82Src%2BQPaj6GfmzCCu6QBCafeckIoEUxeMf9%2Fi7e1EXOhNkq6lkmHfiLYqwqAlBM6JFgchQtMcNNW1R24w9ITA2bL2oiXiULHylAU%3D%7Ctkp%3ABk9SR9CV3qWZZw
Levi's® 501 Original Regular Fit Mens Jeans Onewash | Vintage Fade | Light Blue,,£29.99,Free delivery,7 Mar 2026,0,Brand new,https://www.ebay.co.uk/itm/336288119396?_skw=new+rock+boots&itmmeta=01KK55QH9YT5D4WVB1MNFFRTPG&hash=item4e4c557a64:g:UtQAAeSwR3xo8-EI&itmprp=enc%3AAQALAAAA0GfYFPkwiKCW4ZNSs2u11xBzKNijcIg0q%2F%2B93DwnLAD0ubQMUtRxklglIdM4LWYul2mI1znov%2B4gggWy8RcfsdBAPVVI3u38ZqVjuRCNgHbnTCQ%2B%2B0NVoz3Y3K%2FCrLUW4502EqrQWFwxh7jEOgq6nA6rN2cYqX7KniHBLSyKjdjESG1Kd4X%2BiFEZQRPou0G3ura2wCDZRDYYjXk%2FmdBJRiYtiYcKcW22Y%2BE1ogfd%2FsgMxLvSCh8OhN8DDwC6dHgySb7thprGMo9djLMDBsTe%2Btk%3D%7Ctkp%3ABk9SR9CV3qWZZw
Seasalt Women's Regular Star Rock Cotton Moleskin Fitted Waistcoat Onyx,,£22.95,Free delivery,7 Mar 2026,0,Brand new,https://www.ebay.co.uk/itm/317955663313?_skw=new+rock+boots&itmmeta=01KK55QH9YTNB4AYEWKRJ4PJ12&hash=item4a07a265d1:g:xSYAAeSwnQFpqOy9&itmprp=enc%3AAQALAAAA0GfYFPkwiKCW4ZNSs2u11xAr2%2F8BVjim%2BFuKf%2BQnbtBP1rBq49sj1oJHO%2Bnnn0aXBU%2BWh6Q3q7VsiSQePIO69hcw%2BiCsrSUlHxrz2X2e2jalP2Bqp%2F4ll%2F4cEfdy6b%2Bb9cD9bUlhU6yO%2BFs4nxJhCbI%2FR%2FZhal%2BcksWwvMRV7iLLS1IT668ZZTrxse4DIjs20g9ezJTL4qonOJvVkP%2F0XGU8kq3MCwkyML0hwZzroM7a5rE8IH0uqty0iAkNUPwQwGUqlaDEPzoJTb%2BJKaIWyfM%3D%7Ctkp%3ABk9SR9CV3qWZZw
"New Rock goth boots, black leather with metal, size 38",Leather,£87.08,Free delivery,7 Mar 2026,0,Pre-owned ·,https://www.ebay.co.uk/itm/298074913327?_skw=new+rock+boots&itmmeta=01KK55QH9YS54H74GSQEW6WJ1V&hash=item4566a63a2f:g:OqMAAeSwqHhpovLG&itmprp=enc%3AAQALAAAA0GfYFPkwiKCW4ZNSs2u11xB70jl3KThqZHheF22U9DcO6h0hwX4rD81f83anYoJxSeXVPJjdC4Sfp4YNViWbQqkcbzA8n%2BhiTurCE6TE4bKAI6yZUQ4ppUjlNDYf2iZezoSgAf3Gq1wgrsPwpokgFwV%2BVV1yJzN%2B3PfK7J4xfRq9aHQGZVh31VXuSCgAUcEs9zYfpkRF5pD4PB6alNBTtDC%2BW8Rq4p5bwf1AuyP5t4HA50XkEj2wtAlCoCfU2msJsNH5dx8z8ZoNW7SGRkMu3N0%3D%7Ctkp%3ABk9SR9CV3qWZZw
"Ladies Plain Abaya with Hijab Attached, Comfortable Fit, All-Season Wear UK 8-18",,£9.99,Free delivery,7 Mar 2026,0,Brand new,https://www.ebay.co.uk/itm/226960955117?_skw=new+rock+boots&itmmeta=01KK55QH9ZYKZJKVHA4HW7MEAE&hash=item34d7ed56ed:g:pmsAAeSwvzdovBm-&itmprp=enc%3AAQALAAAA8GfYFPkwiKCW4ZNSs2u11xAgeU1m4E%2FXlj8WXjRoXDjsdhi5JXX2kZt7XLbi1%2BgMyo7HR1jZ%2B9Ry%2BPBBQ%2FLfloFO44P3n%2B2AGnhbyX4gfFVCJMebwQyS7M0GFUtTUuazRpT1XO6aQIeTsn5GwIFm4A05sTDcAKkfwKf9%2Bi0oZTGyd1I70cUnAotpGPqB9TfEfZKoDvuOJAJvJ7Ar2gVpExdbepGc0cGUo8qEUPkjsEuLLgw6VMlmNT4tqOglqCAEoijxFhnJ%2Bx5HTytP6wfy5q2RdFNk85FAUm0dQYHn%2BFoiGKjtMMSRac4xAd9oH8mrig%3D%3D%7Ctkp%3ABk9SR9KV3qWZZw
Men's New Moto Biker Racer Trucker Bomber Real Lambskin Cognac Leather Jacket,Leather,£124.46,+£4.26 delivery,7 Mar 2026,0,Brand new,https://www.ebay.co.uk/itm/306340136570?_skw=new+rock+boots&itmmeta=01KK55QH9ZQKXCMFGF0Q9VSH0E&hash=item47534b867a:g:D0gAAOSwRlRoRACJ&itmprp=enc%3AAQALAAAA0GfYFPkwiKCW4ZNSs2u11xCtz%2FCXyH0CuyUzT39RBicPcYKzS%2B75DqXRmrOWO%2BpLjIG4sBWTETo47ecvCMKd%2B1tycqle%2FR5XVlBABWOgpqzmUSArJscfZPhCzDb0ouu9copiT92brX6eyLPE8b89Hshe03XV4LcECnKmpH11GQAwJX9PdAwcDABH7Cz6F0nvzHe8Czr4aA7Oi9%2FV8dZYXWajesk829NGm1%2B5G%2F%2BJNLcALH567N3ix5YYD6ombTQ%2FBA0MjquauDmrEEz8siMoiAw%3D%7Ctkp%3ABk9SR9KV3qWZZw
River Island Mens Jumper Beige Slim Fit Striped Half Zip Sweater Pullover Top,,£10.00,Free delivery,7 Mar 2026,0,Brand new,https://www.ebay.co.uk/itm/406629559862?_skw=new+rock+boots&itmmeta=01KK55QH9ZCFQMXWP9A9KFAW1Q&hash=item5ead02ae36:g:PXMAAeSwVeRpc1NX&itmprp=enc%3AAQALAAAA0GfYFPkwiKCW4ZNSs2u11xAJsjB3C3dya16INMRlZoFbk3kpBgRP48UrDZiHqSMYQd%2FGaqAg394kExS2XfsM%2FSZDY9Ks4DkqG%2BvuBnDdgPGrhxi31eI7V3lFXzM8rsH%2BrR1otSdgvc%2FkF%2Faa1Yv14s%2FUrOh%2BKsGZPrcwXpGJiCjdTcYAFvj1dCw9M%2BTojrKcoCHDAH1e4KioNF97oMNuF1SZDGhGW9psX4EDkVggs%2FR7g0URpDmtoBPVT8PYLOdvUUuWvodla3c5aTgGQ216KOs%3D%7Ctkp%3ABk9SR9KV3qWZZw
Kam Brooklyn Chest Print Raglan Sleeve T-Shirt Abbey Stone,,£17.49,Free delivery,7 Mar 2026,0,Brand new,https://www.ebay.co.uk/itm/167727586891?_skw=new+rock+boots&itmmeta=01KK55QH9Z04M8CN80KE96XDKM&hash=item270d57de4b:g:roEAAeSwKnlopGNr&itmprp=enc%3AAQALAAAA8GfYFPkwiKCW4ZNSs2u11xC9K%2BZUHh4jyme%2BPGWRmw5x7hhJl155NbYHnmXPWhubDEemuE73gjmppnDFshcmeB%2FL3fmMA7VvXSgukjk6jF%2BhhqOVajsFgx2Nj5yVeXTwkizELhNIvmNGbnsAMv9GD67frqDXZ1YOClVNoi%2F0JHVSbB0IPm%2FeBF1glFtp1GLIJ%2Bu%2B2d02bK7hyLHUWaqed22AOsTAK%2FhfojG43MkvKmPwhKQOFt4Zo4YQzk%2BRtMlfbR7%2BUVVe4EjIdZyj7PMyQh0iaESVFZ%2BoY8BQZ3wuySkfu32pD68S%2BGbj4e%2B1a2gRgA%3D%3D%7Ctkp%3ABk9SR9KV3qWZZw
Levi's® 501 Original Regular Fit Mens Denim Jeans Onewash Blue UK,,£29.99,Free delivery,7 Mar 2026,0,Brand new,https://www.ebay.co.uk/itm/336348657243?_skw=new+rock+boots&itmmeta=01KK55QH9ZA0BMG6Q3SVYE4STP&hash=item4e4ff1365b:g:gS4AAeSwGvhpTEJQ&itmprp=enc%3AAQALAAAA0GfYFPkwiKCW4ZNSs2u11xBhCqhZkvSkkpns4cHnHHaRBrW83e809VNYOUV9NDmv2ArzZMy0%2FLwZNGeI%2B50Tz6EeDq8INPJMcrlg%2BOiFl4uuuyDUmPAweetzQNtSaofBBiLioesCwE4SgGwg7GWRvdyOVbTwvLxa6wKleJIX8SEPtbEcscxzG3UMK9GbBYBBa0yigcM8s2sFqf%2BJzdhGha6lpbJ6Cw48ENgWgwa9SSoIGPFeiEo8%2BZQk1CYQXdt3fWl86fO88w3JnHIGTdZ%2FUhM%3D%7Ctkp%3ABk9SR9KV3qWZZw
Seasalt Women's Regular Reading Rocks Denim Jacket Limestone,,£32.95,Free delivery,7 Mar 2026,0,Brand new,https://www.ebay.co.uk/itm/317955652485?_skw=new+rock+boots&itmmeta=01KK55QH9Z6DWNN8Y9GY6760DQ&hash=item4a07a23b85:g:Rc0AAeSw~0VpqOxJ&itmprp=enc%3AAQALAAAA0GfYFPkwiKCW4ZNSs2u11xCFnHi%2FIht3%2BCnkwla4G9FpXhbua6Lb4r7IB9vzu7af%2F9EJWTGo9QDgMX%2B5o39Mgev%2FNQUkxj0mLttrwa0Bzw7%2Fh86rcbYT3YjwmVQaniZq2TT6bouEz6Zi%2FisZsedPFhcdkh9C%2BBFEWvFMRJUppv%2Fbu%2FpowYkHdn%2FL8w6e36ey1ANyIDJKrBKdG6Vh3rXpMyL%2B%2BULaPLj09mTAfJf981WvGcN7sozcZlVAtG6Cybs23DdchnQRNB1jfG18URA%2FTno%3D%7Ctkp%3ABk9SR9KV3qWZZw
Levi's 501 Original (Dark Blue) Men's Regular Fit Jeans,,£31.95,Free delivery,7 Mar 2026,0,Brand new,https://www.ebay.co.uk/itm/388316700625?_skw=new+rock+boots&itmmeta=01KK55QH9ZVT39RFF5XPW25BW3&hash=item5a697a9fd1:g:ZoEAAeSw-Z9onCAK&itmprp=enc%3AAQALAAAA0GfYFPkwiKCW4ZNSs2u11xDwbrfr5QIk%2BUU078Jrwz4TKxAQsSlev0SQjWOkVmCR6aI6tlhjZRxW58Or5pLK6b%2B7zb%2BIkBSO6inadxgTKex0ssZXmicX%2FU57gNGLEBl%2Bv6i31s5zuicePnMygsQJiGRQzi3oLmU5KL1jVcXR5iLZz5Cofe7bVN16W3whiXmr%2BhirFVp6HPH5kxmgWphPs33avW7klsyik%2Bx7XpgVbtKJ9l5hUHEhYUK5580hNZeYC%2FHHNTCnpREY5%2Brs0lftO8c%3D%7Ctkp%3ABk9SR9KV3qWZZw
WOMEN'S SLEEVELESS CROP TOP PLAIN ROUND NECK STRETCHY SUMMER T-SHIRT VEST TOP,,£6.45,Free delivery,7 Mar 2026,0,Brand new,https://www.ebay.co.uk/itm/356692045724?_skw=new+rock+boots&itmmeta=01KK55QH9Z3ES0FD0S0CB6Z16H&hash=item530c80af9c:g:RvEAAOSw8Qxn2wIv&itmprp=enc%3AAQALAAAA8GfYFPkwiKCW4ZNSs2u11xAS8gZPK6wiBiv4XwyueuHnDyP7eDnyli7NPVOKPVdo693zIC9NzTVc2xm95eJvv4gbclpT42wcwWfjwe1RQ0%2B1IlA7oVOa80t3ThEo53tXfDv%2FaJOaqgnhk5dVlyhM938r%2BjJKti3CdZLK4BcQMUquF9%2FPr28IyHex1FR7EKw1rUUZFMHHfMbA5LQyz0Cwzi8BjPvPG9nR2nbwEwME%2Fq%2FGju2yChV%2F2H50SNr9WjzwV%2FpCw%2F0iwGbQLjOKgMYUPqGsG5dFrW2HAx5wLxxuG01HTornkIWWY3cg2Ifg0hYg4A%3D%3D%7Ctkp%3ABk9SR9KV3qWZZw
BNWT 3XL 24 BANNED SKADI BLACK CROSS GOTHIC JUMPER DRESS DISTRESSED ALTERNATIVE,,£42.30,+£2.94 delivery,7 Mar 2026,0,Brand new,https://www.ebay.co.uk/itm/389103675601?_skw=new+rock+boots&itmmeta=01KK55QH9Z9NG8HKARGHZS4M70&hash=item5a9862e8d1:g:0v8AAeSwIgVo8Spe&itmprp=enc%3AAQALAAAA8GfYFPkwiKCW4ZNSs2u11xAK4jwkjk01i4wpUC%2BXPNW%2BM%2BeGkafJSkRntsmKhpRx2KJDoNuUJUeRSULER9BkfitPGlyt8L%2FlyDdoJpoa35gvzfokEU5AwoRgvrcqiDhA%2Fi%2BQ1T5OZpC8phrpKZflqh%2BsGdG4Ub9Bpj5Ob5aB9tA2k3H9Uo8ufusIydDJJ2fNJHrIiKkeuDfVs2bCgljHvXxc7ikGyVxnw5Sm%2FwsVbEk81EWJdQouLYvyBQFKmQld4kfcQz3yxtaGWDYF5hR%2FiOgP59EPVNvpqLihNjWTL3yBVrmVEEdVS5nk0pWMbxa%2FRg%3D%3D%7Ctkp%3ABk9SR9KV3qWZZw
Shop on eBay,,$20.00,,,,Brand New,https://ebay.com/itm/123456?itmmeta=012DEW30YG0MEEKND7NH&hash=item123546:g:acwAA9KNiJowH:sc:ShippingMethodStandard!95008!US!-1&itmprp=enc%3AbgepL1tlUHjMGCVfSTGJh%2BzsVKeJ3CQk7NizDI4BZeppuFnmyS6Ijyp8lh%2FnEw%2BWqO7uTV1Q6izE1R0T54aV8j71F4xlWfVcGft4%2FiOQhtqVXA1rW6M1atPARQRmhqUxtEPJKhKtSFgI%2Bvwlzb0GwVCtkp%3ABlBMUObkmabpYw
Shop on eBay,,$20.00,,,,Brand New,https://ebay.com/itm/123456?itmmeta=012DEW30YG0MEEKND7NH&hash=item123546:g:acwAA9KNiJowH:sc:ShippingMethodStandard!95008!US!-1&itmprp=enc%3AbgepL1tlUHjMGCVfSTGJh%2BzsVKeJ3CQk7NizDI4BZeppuFnmyS6Ijyp8lh%2FnEw%2BWqO7uTV1Q6izE1R0T54aV8j71F4xlWfVcGft4%2FiOQhtqVXA1rW6M1atPARQRmhqUxtEPJKhKtSFgI%2Bvwlzb0GwVCtkp%3ABlBMUObkmabpYw
EX M&S COLLECTION STRAIGHT FIT STRETCH JEANS Cut Label SIZES 30 TO 50 BNWOT,,£19.99,Free delivery,7 Mar 2026,0,New (other),https://www.ebay.co.uk/itm/233944790291?_skw=new+rock+boots&itmmeta=01KK55QQEHQX63XBS8DCVZG8K7&hash=item3678323513:g:csAAAOSw~npg~pTK&itmprp=enc%3AAQALAAAA8GfYFPkwiKCW4ZNSs2u11xAgPicYIjMz6uyH0GcsO78V2UHCMr3BHEyjMVidvZYGr%2BjmRIxXi%2BeLGBW%2FYeNGGDLGsKvHeS51eQt83NfFsIAiGwqUz%2BHhtzwfppggQSLXMCpTOyGIbd41hHcCahurXNInJMIfIb3XBYtHn55lGVvFh9bfN4GrCVqVDNN1aaOOr4RGlND2XF%2B4MtNRzg0vJiMMZo64pCdGWBUBQU4iidourStqnQhTIR0MPeXBndN4IhBLlebXERAEBXFT8C8C1woyBkah1JgF5KP3%2BIupclSshy%2FezY3qYBKvyBKzSAuGBw%3D%3D%7Ctkp%3ABk9SR_D33qWZZw
Ex-ZARA Men Chunky Fisherman Cable Knitted Weave Jumper Thick Sweater Pullover,,£14.99,Free delivery,7 Mar 2026,0,New (other),https://www.ebay.co.uk/itm/325319155397?_skw=new+rock+boots&itmmeta=01KK55QQEHWNSFK8V7Z4FG807M&hash=item4bbe885ec5:g:RNoAAOSwMGhjCQJa&itmprp=enc%3AAQALAAAA0GfYFPkwiKCW4ZNSs2u11xB1dAb0xnMiGwQVOroFkgaNTFnAa6Ew9cRuYCi6zcn4jDZoBZs%2FRAKrid%2FI1aiAZpT4%2Bt8ZnOMBI6SQIZxJd25QEosAuLmX0C3OaJCeodfnF1u4P5WHWf4jQiy7hP1zI0zDkxf4%2BlAA2IO5o%2F0PC%2FIezfs8WAhVHe5Wl%2BRC%2Fvnshdalx%2Bl6MoiAnff6sI3deNLQCnIpR1xWheKhURIVnFAGEcvE5Q91gdDP6H0q9ed8lMHnQQRaYyHSagTXia8%2FRqo%3D%7Ctkp%3ABk9SR_D33qWZZw
Stone Island Black Jumper Size L,,£42.29,+£2.94 delivery,7 Mar 2026,0,Brand new,https://www.ebay.co.uk/itm/317895779735?_skw=new+rock+boots&itmmeta=01KK55QQEHGESHVHVZ1Z1RZS0A&hash=item4a0410a597:g:87cAAeSwERtplepC&itmprp=enc%3AAQALAAAA0GfYFPkwiKCW4ZNSs2u11xBl0u7unDOtOsNS5Ri%2B3qMo6s9m1U%2Fbx4grjcv3zDvTAec2OFkQV%2BHLnL3%2BpAG1VEefQ5EVmvOnXx2BI1JsjxKAA6MfdLOWUXoJteE%2B0%2FBGw3%2FxYvI8Chv4E7IgPlpbSFf%2FYPKt6iKGiIYaK4OOJi5IENFjFdZbjYDxO%2BtPzvOdExObpICHM0yIk45RZv5CYfbL2T9DflQoKKh4ZEvMwsuah7Mu0VPpgxuu6RqpfsxmmuoHqX3sH8tD5QzRo0T%2FutM%3D%7Ctkp%3ABk9SR_D33qWZZw
The Police Vintage Ghost T Shirt,,£15.95,Free delivery,7 Mar 2026,0,Brand new,https://www.ebay.co.uk/itm/406699116942?_skw=new+rock+boots&epid=8016692903&itmmeta=01KK55QQEH05Q7A00PD58DM63J&hash=item5eb128098e:g:B4cAAeSwgnhpqak2&itmprp=enc%3AAQALAAAA8GfYFPkwiKCW4ZNSs2u11xD2XklaKiU3JAD5oW2g8%2B7eSMuwTqkow%2Bw%2FF45FqO%2BQsonex%2FnDKeJnxGskz8YoTG6FZUJpZYSfswTUJs5OQ%2FpRu0cUOuEFlIBNYtzI9kqVy%2BwyP%2FTdxVrydrkxpuTbxRYWNevZZrEdylPoFpGoOMs8t5PiUcIKRX%2Be2IKc0Au%2Fb%2FjWKaLcvXV7P1nAcmxRwsoe8Q9sQpYZC9s4EKFVwIKMng%2FmkmIJYpCDokbTf9%2Fm%2BYSnV4B9waP5QKkznlZAw5krWrLGPIC5DqcB6D9jwSTI%2B4dFvQ%2FCD9%2FVjDfpTgyMhQ%3D%3D%7Ctkp%3ABk9SR_D33qWZZw
Seasalt Women's Regular Stone Chat Organic Cotton Jumper Dusty Rose,,£42.95,Free delivery,7 Mar 2026,0,Brand new,https://www.ebay.co.uk/itm/317554732808?_skw=new+rock+boots&itmmeta=01KK55QQEHC6WGNB3F6XZGKPVQ&hash=item49efbcaf08:g:tq0AAeSw6IxpHGw6&itmprp=enc%3AAQALAAAA8GfYFPkwiKCW4ZNSs2u11xBj58MsIOS9cSdmUbUMjlsJgZh6bgA4rGH6Bmoend9euxLQxFmxT0Ovns1esCGJUPpPBscVyizzXbbb5K%2B8T00IlVX5I1pGR2fOfn7aXKxITrT2LHCNt3ry%2B8G56jIZ2v%2Bgmk8Blm46f0rgyBXiGBrOCpTuvBDK3OT1jZkJvA4JXydkqeDpvddP8fxmTD5OfU1ij9LLWR2CsCvqm2319CSL7DRsk6cZQkBxYfgro8vQAo89etn01H0ig2HW%2BawGRFDB05oKVgwjFiRAjX7eC1c3Zhc58EXvbAaKNTmoP9FNAg%3D%3D%7Ctkp%3ABk9SR_D33qWZZw
UK Crocs Classic Sandal Clogs Lightweight Beach Slip Shoes Slipper Size Hot Sell,,£18.98,Free delivery,7 Mar 2026,0,New (other),https://www.ebay.co.uk/itm/317453238302?_skw=new+rock+boots&itmmeta=01KK55QQEHJKNTRWRD04RAGXB4&hash=item49e9b0001e:g:2VkAAOSw1LloSJJ~&itmprp=enc%3AAQALAAAA8GfYFPkwiKCW4ZNSs2u11xDca9KL1XJprLDYwbwstN2Perfp0xkyZjjAhMq29b7GLnJO6khzMjC3Qyv8euWnqF9A%2FDk6Ead62GnoJ%2BNfPGmPN0quhmcPmAjnTt6oZiSpTcPFeuWgLqFFdWTKSbdzbGCiF%2BjQNHwmW2%2FUujzrAC7dTVXzgZgmqBcXrCLHE7jdQOMhUWu9WTMhaU9p%2BELzabHB6cnGeKHsAvyBvnubIIdx7u6et14LnWC73W%2FsV5X1AxlpxNZMekvYQiD4K9%2Bpbp6mCws%2BazYcBA44BTC1l8hEF9h8asjV5EIl7zWHEsXW2g%3D%3D%7Ctkp%3ABk9SR_L33qWZZw
The Police T Shirt Dont Stand so close to me Band Logo new Official Mens White,,£15.95,Free delivery,7 Mar 2026,0,Brand new,https://www.ebay.co.uk/itm/406680121732?_skw=new+rock+boots&itmmeta=01KK55QQEHKKN16BQ19JRHBKFM&hash=item5eb0063184:g:H78AAeSw-Llpqalf&itmprp=enc%3AAQALAAAA0GfYFPkwiKCW4ZNSs2u11xCAWW%2F1JPNNEq4QEOXP0tg0W4N%2BzTxPJrLEovUc%2BuXaTl6a2xDbyOfAEzPkGUhrn3WPErWuhvA7yNmr3EVbf05x1exutp0rtu1sHmezzU4pl6yZHXQDnpxw1KKbh1h%2FIC8eV2ocCOmNR6OXbo9sHzQ1B0hLY%2FpuojtZams2zmmYOfpBwAXtQRDXL%2FFpiqfOqxNUwrMwPet8ee7QOnrXekZsZaSYn0hXqnIG%2FicsSmoZ%2Bm14koy%2FAgQOTlOUECV0NAE%3D%7Ctkp%3ABk9SR_L33qWZZw
Boys Thobe Omani Style Jubba Many Colours Children Jubbah Matte Shiny | alqasswa,,£13.99,Free delivery,7 Mar 2026,0,Brand new,https://www.ebay.co.uk/itm/275790421300?_skw=new+rock+boots&itmmeta=01KK55QQEHH2F8MT13ENKS91Q9&hash=item403663dd34:g:Gp4AAeSwlXNppMf5&itmprp=enc%3AAQALAAAA8GfYFPkwiKCW4ZNSs2u11xCPTSFL1efVBvB5C3lJfUQTy1EJwDFbn63nwcpHEnlToDsACuoRlSm9Wub2UlymvLF%2BLPHGedUCpy3SRR5M%2BO7bRJmyprRraQd08PXyRfi6D08wdzD9PC3R7VWayUAHblbj7rgQ8T5EP1U9GGfy9qOunVTyHhFZYIP9KWRFX1Uk4%2FZALi2704GIhyTclR%2BUdbMmNkvOHeLRK1QoROh%2BPl0PgtpLhmcYJIGLjoxML6FKN8%2FNVs%2BVJbKV5w7QYiTA3KgCm%2F9l2AbZ260f%2Bu4tlvmhemezoNiraBOg1Dmoj65zSQ%3D%3D%7Ctkp%3ABk9SR_L33qWZZw
Pro Polo Shirts - Men's Short Sleeve Quick Dry Work Grade Polo Shirts - S to 8XL,,£6.50,Free delivery,7 Mar 2026,0,Brand new,https://www.ebay.co.uk/itm/233928301999?_skw=new+rock+boots&itmmeta=01KK55QQEHWSJ9KVMRMXR9022R&hash=item3677369daf:g:VbEAAOSwhYlhp4RL&itmprp=enc%3AAQALAAAA0GfYFPkwiKCW4ZNSs2u11xBxhYBKtWxdtEodSjEviUt8CpS94whGOpb2c3fj2J47QSEPqhNefJg9XZW7oU1gOUxv%2BpoaHoaxKkD6izStQncxZavRcRNJCCdcOck%2FKeOkz%2BBOWY6udI%2BmQtaRKrf24lekW%2FGywzuG9e%2Bs4w%2Fsq0w2yoTxxKezF1AIQH%2BQx%2BS%2FF%2B5FOn%2B9wUAJOZzIoASZ21eOrEmzeq1MM3NruHeYK9Z1F8zycRWiC214Uh0KNAKYy0Hsv4Z28PSsD9foxAxP5PA%3D%7Ctkp%3ABk9SR_L33qWZZw
Nordvek Womens Sheepskin Mittens Gloves Fur Trim Leather Ladies - 308-100,Leather,£19.99,Free delivery,7 Mar 2026,0,Brand new,https://www.ebay.co.uk/itm/335053751807?_skw=new+rock+boots&itmmeta=01KK55QQEHKCYFVXDRPQNZRNRT&hash=item4e02c285ff:g:ZvAAAOSwTi5lGqH8&itmprp=enc%3AAQALAAAA0GfYFPkwiKCW4ZNSs2u11xBMzAfT3MisNKhFI798hTOMS3jDucA6Y0ISC6zOE0PWJhYUv%2BCSPw2uoWTrlB4xGZPfuoX0qZIjnUkypgBJwlVfOR2ga2W2FSSvqLxNUYkWEJQ4MpUfzNc6FZD7Hjcs8BHQG8nUFMABmTMXnAHj5hLaEJCsJxCRoa0OyJfIBanSVU71dLIxRsKRbk0tjulJnXFxPyV4YLGydZEucqy0UZP7qXcnLVw6Z0SG1rj%2FFsYWN6ZrrAprtW0bTBzwcHDVczM%3D%7Ctkp%3ABk9SR_L33qWZZw
Stone Island Men's Overshirt Jacket 2XL,,£72.08,+£2.94 delivery,7 Mar 2026,0,Brand new,https://www.ebay.co.uk/itm/327022481344?_skw=new+rock+boots&itmmeta=01KK55QQEHAV8HZ8DYA2KQH7EQ&hash=item4c240f0fc0:g:5XEAAeSwS2dppAW2&itmprp=enc%3AAQALAAAA0GfYFPkwiKCW4ZNSs2u11xA7OYRlRGIcTbrNSeS6T1MsMhD801g5%2FMmfJn8vfYc%2FOLkVXp2FHujBA%2BXk3z%2BMZ5Rm1x0hI6KIpTsFmm%2BCMtaeGfmZmKGdfb8VILoiKBe782EkuuTir36qks%2BcTG3mRvjFrEfmd%2F3ZDUFxpmy7Vy70JKAcz1fQ4k5mjulKdZj3lp5A2Jf6zpjrqGuVMMhkPIkrzsjW%2Brxi2nkY5Z1FYbwXGddBvCcdX5LTj%2BxKo%2FkCozK44pEUblraWZ6b0leuBvI%3D%7Ctkp%3ABk9SR_L33qWZZw
Primark Ladies Womens Stretch Cami Vest Strap Black White Navy 2XS/XS/M/L/XL/2XL,,£4.99,Free delivery,7 Mar 2026,0,Brand new,https://www.ebay.co.uk/itm/134891513812?_skw=new+rock+boots&itmmeta=01KK55QQEHBT9V3WE291MJKCEG&hash=item1f682927d4:g:qFcAAOSwGi9nKSiI&itmprp=enc%3AAQALAAAA8GfYFPkwiKCW4ZNSs2u11xAoiYQqwlY7cLztJutK8QHd83ojLP5IfjAT%2Fmgwjt%2F3l3ysw2mUA%2FNhrG8sh23w5EYl%2F6wDzDGsLstV0b%2BAxOjP77j8QpkhY0HoTW8Ft30pudLJcDvMj5sqeDQnTiBA4bVPtjYVTKNucjU2Z%2FQoAaY%2BSXyH2NlCEd4tv8izf9QjejZ4EdRpRrU%2F27Yzi4CybyFWfcCYwmrF--yX4Alj4PWnaKRmk%2F8rGsXVwzImReIwJ358a%2B6c8f5wg2EOntkYw7sFoTC0yF7mORl%2F8otF7ln8mJQ31YdBOs7mChrLaztUZw%3D%3D%7Ctkp%3ABk9SR_L33qWZZw
Mens Adults Socks 6 Pairs Work Sports Cotton Mix Designer Sock Size UK 6–11,,£5.85,Free delivery,7 Mar 2026,0,Brand new,https://www.ebay.co.uk/itm/171204421922?_skw=new+rock+boots&itmmeta=01KK55QQEH7R6SV7PXD91JNE2A&hash=item27dc942922:g:XssAAeSwIkZpfy~s&itmprp=enc%3AAQALAAAA8GfYFPkwiKCW4ZNSs2u11xBMBLM6qzybkpzWmmWE7%2FLbFICx0%2B3Ldg%2FJ0rxHHJLHDFEJ9XgQBhtOQZoowvAbqckHFa4aHF8QFq8mQctm4CtmZUH9ApOJXWAzxynJ6BqvtJWRZnHlBQ5QSdZEwBILFqkk0wQULUXAxYh8NTKo9VoSxjCYSpIdZFTXoUApG63eeK9WzcZfYoBaZmuoNInnDM%2B3Ru6jS6Jd6QjkbYpnA5gMMKB48y68oHFvhc1b5GfZiY9tfBjU%2BUn%2FucBE8HG0hRXyvXz3zNClzrz%2BUDOTOU5CN48G8lOSxAv79w73Gy2hlA%3D%3D%7Ctkp%3ABk9SR_L33qWZZw
Boss Crew Neck Jumper Embroidered Logo,,£24.79,Free delivery,7 Mar 2026,0,Brand new,https://www.ebay.co.uk/itm/277557663060?_skw=new+rock+boots&itmmeta=01KK55QQEJ7QFAR421X2Q50W61&hash=item409fb9d554:g:WlYAAeSwih9pMxTv&itmprp=enc%3AAQALAAAA0GfYFPkwiKCW4ZNSs2u11xAKozQD1FFxHjFlXsj3yXzPi1kK1MZLqhsTdwLqbr3lF6imQEjp2bpEq2w7nlCMDy%2FH%2BsuYuAX%2BT43Ukq7UxHpf6ZklPP7FXy40HAr%2F40NvuuTHy%2FOnJ01xtG2rJeM%2BwjYCOHLa%2FpbdAPEvHjrltj53cucxaeoK5pj6yYf4dONjiMl9nuKTBErV08LZzcPOWpUho5C6ZUePCZmww%2FPj5h3iJFnps%2FgH0LUBmiMH3miKgWMsugj1N7NCrb2jtGkJciw%3D%7Ctkp%3ABk9SR_L33qWZZw
Mens Sweatshirt Heavy Blend Crew Neck Plain Jumper Pullover Casual High Quality,,£10.99,Free delivery,7 Mar 2026,0,Brand new,https://www.ebay.co.uk/itm/297200043134?_skw=new+rock+boots&itmmeta=01KK55QQEJRHE11QN5V3SF283G&hash=item453280c47e:g:6eAAAOSwJ61n95Kh&itmprp=enc%3AAQALAAAA8GfYFPkwiKCW4ZNSs2u11xCIkt1ZYh7Knt6Jgx8oMEiaZ80HmurvgUEovVrkcZDNPfsKry9Rkm4BUMC3szJ8RrqBfi6oA5NqxrntVF%2FfOj96Nsao9JImlUT22F0z1iJu1tibS5jAbPyCsmWVfN6Xmiui%2FOWsw3V03UggkSrqosaaeunrHK6Y%2F5bkyihXMkO9zwUmkixlby3%2Bo4Y58OZwlLVWkfDFAsvoeSLaLJhBc7YsB9Txb8FFCy8iOERhwovdM0YnDj6WzYY4Cn4sM7MVZrM2qoKtJQK1ZWkLtHjuilMg3qd8RBxb7Z2ieJdghOVIpg%3D%3D%7Ctkp%3ABk9SR_L33qWZZw
KILT HIGHLAND WEAR SAFETY SGIAN DUBH DUMMY PEWTER MOUNT VARIOUS STONE COLOURS.,,£16.14,Free delivery,7 Mar 2026,0,Brand new,https://www.ebay.co.uk/itm/366036410223?_skw=new+rock+boots&itmmeta=01KK55QQEJ1D3GVHCE9NBRHWDJ&hash=item5539785f6f:g:TUIAAeSws35pOAzs&itmprp=enc%3AAQALAAAA0GfYFPkwiKCW4ZNSs2u11xBfHekAphf7pfrHMdMDRqSrZCn3np2%2FWamyO1qANEBoljrKW1%2BwA81HHm9c4KOLrlzNxT%2B%2Bx2Nyp%2F6%2FaFnzI9b4RdEMaUKndC4OExS%2BPr5Rw8G%2FLyFk%2F49oNsXUujvmJMMM4%2FkFDHBg4DViYjpbK5v9EFLSLA747zE%2FR1wVj8LTCZRqk5JueGmxtwAkfDxZ3LJYuy99aEzgc4wC%2B%2FWH4lc3%2BPVf%2FtBpynBYm2ZPopw62kYkM0nBWIvv2bn8bay918k%3D%7Ctkp%3ABk9SR_L33qWZZw
Official AC DC T Shirt Logo Diamante Sparkly Embellished Ladies Skinny New,,£16.99,Free delivery,7 Mar 2026,0,Brand new,https://www.ebay.co.uk/itm/235447130653?_skw=new+rock+boots&itmmeta=01KK55QQEJSW8R3AQCE96EY6ZY&hash=item36d1be1a1d:g:5-4AAOSw74Nl2zOD&itmprp=enc%3AAQALAAAA8GfYFPkwiKCW4ZNSs2u11xB7cdNA9Uwep%2B1F1oL%2FnYixFT3larwMcpwScxdQGC00N3pfi%2BZEWQtqxTQzMRDQaDKmi6GEs6Ii87jys4dbxKjYhGBA6vCrSZ6gRgPsJk0SAuA2UJ4OACytJppkM%2FQP95Onc59LM65Mz%2F7dD9sBsfdLw1Shz0l%2FlQeWzVtAXnXhwxezI6VRzfGtdmpzXPXUCJyzor57%2FP6IqRAdAmpQXVV1f94zsbcV%2Flrp1C9JJQYu7EZawtRDFgt%2FZY5RMFba5HL5X18iAC7f0WKUv3Ui2%2BsknpmuxyaEEFranLPe5%2BpVtA%3D%3D%7Ctkp%3ABk9SR_L33qWZZw
Official AC DC Ladies T Shirt Red Logo Diamante Skinny Sparkly Embellished New,,£16.99,Free delivery,7 Mar 2026,0,Brand new,https://www.ebay.co.uk/itm/395957790617?_skw=new+rock+boots&itmmeta=01KK55QQEJJXWVPEJH8R5Q8JTR&hash=item5c30ec6799:g:MX0AAOSwRHxnK1VQ&itmprp=enc%3AAQALAAAA8GfYFPkwiKCW4ZNSs2u11xAoHPlrltleowWmrGmfBYCziiCoJphfXZLNaDj8B%2FVp%2BTQb87VPpFDn%2Bjb6zuKNyMsUK%2B2Yix%2FG4mOjDDCyBbxYvvruKpoFAP6SNDeFDOhBbR4UQluqExzU5QWh8%2FE%2Fib5zHP1TI7Ri00JlxLgY5FfVs4JF29tqC57bv5Pem8MRYn1Ww7atX8lqsKoSEBDPEbkxI9Nig4kphbkGvBc5abcDqonFhYLZZTAWDb1gESD5AWvudKMIAXnj05zwcotwnmbp4e4VcDKvfguZ2aWMu0pgftRxyXCb7RWb5U9x%2F%2BFZ2A%3D%3D%7Ctkp%3ABk9SR_T33qWZZw
WOMENS LADIES LONG SLEEVE STRETCH PLAIN SCOOP NECK T SHIRT TOP ASSORTED 6-24,,£7.95,Free delivery,7 Mar 2026,0,Brand new,https://www.ebay.co.uk/itm/357174474670?_skw=new+rock+boots&itmmeta=01KK55QQEJBATM5XNY7X431QC3&hash=item532941f7ae:g:CJ0AAeSwARtofNCa&itmprp=enc%3AAQALAAAA8GfYFPkwiKCW4ZNSs2u11xANQpE3hTYCx4xs0AC6L0VVOWqCfseEWfBv7zPm83aXDDCaGdhO0PcRojczhLgvsjVl5LMJJgQOPRkCbLbkDTZLDkr5mSXkGv2ZbdKwLzlCQz0b6QFMph%2BqPiQi83SFfbF5nq60MfOjzlpFTnJCIOlw0U7fVjWron%2BA9h55VHxQqJBAuqwsYc6QEZ2Oqd0abjJGV2q8%2BlWp%2BayQuTOc0A2eKgvRfcSN4ZdfMRLSSsr9lcmbPoNnEf7X7BMW8JsDFfzK8ZxfIKDsm4eKDoyEA%2BdgqmI6MrUpr8TVKEgnwe9y7w%3D%3D%7Ctkp%3ABk9SR_T33qWZZw
Orchid Chaos Is Me Music Rock Punk Best Seller T Shirt Top Tee 3931,,£8.15,+£4.60 delivery,7 Mar 2026,0,New (other),https://www.ebay.co.uk/itm/394675141664?_skw=new+rock+boots&itmmeta=01KK55QQEJK7XSWT6WNMYP7XZB&hash=item5be478bc20:g:MfkAAOSwNlVkwNmc&itmprp=enc%3AAQALAAAA8GfYFPkwiKCW4ZNSs2u11xBt%2BZ4f9riDLGhgNbsvqDdsOlahjzV%2BqdYjgE6m8CRNH88raaKdesbUtDUm2vNzvBoNxWrfNwMJBfajmtfLmVwKR3DMJ%2BhX18bhhWfqV0Mra1F9lBDk%2FFpEzIR7htc1WSxfd3cDgmKubs29eFo%2BwUg9lN9hzRtLpdKGMNJu9vK6OYQQY06EdFeJlTy986bCtb7gTXhZPlBluubrFAoVptYe%2BdH8aO6v9N--DT%2FCeFuUzPhX15AF9VkQA3di0OX3GjLmymDt7EFKsFd5UvuaX6ZEKCSK%2F274A%2BHnxVijwMgLzg%3D%3D%7Ctkp%3ABk9SR_T33qWZZw
Mens Leather Ankle Safety Boots Lace Up Steel Toe Cap Work Boots Hiker Shoes Sz,Leather,£19.95,Free delivery,7 Mar 2026,0,Brand new ·,https://www.ebay.co.uk/itm/193900244413?_skw=new+rock+boots&itmmeta=01KK55QQEJW0JYXY0NJCYRBTNV&hash=item2d255aedbd:g:gL4AAOSwQUFgLnCC&itmprp=enc%3AAQALAAAA0GfYFPkwiKCW4ZNSs2u11xAxiTsWTnRwTvlLIR0sZE1vOgQRgSS58bCD1tuNp8eaqB3y0ZYzkyIgCmzctdpXv2mIRzYCXFHebl2%2Fg1xXdmJ91YCKpyL9Yl1mqljyrTesQ95Y0nB5nJJQZudia%2BWQQC%2FesEphi2ACfIJAOP7K1KOT31xJnCDe2S5frtHKcDvcma4zuKkX0JCQjoA8l1LJYvgm8VXeo%2BqhoBv65pBS8eTnM9nrnt3r7e0pdJOLb0nMZGaozY0M2mLjT%2FWLJfdPlSk%3D%7Ctkp%3ABk9SR_T33qWZZw
Kam Chino Stretch Trousers,,£29.99,Free delivery,7 Mar 2026,0,Brand new,https://www.ebay.co.uk/itm/145402599336?_skw=new+rock+boots&itmmeta=01KK55QQEJKWE21A76JEFA15NX&hash=item21daab97a8:g:ZVYAAOSwm4VnUFwE&itmprp=enc%3AAQALAAAA0GfYFPkwiKCW4ZNSs2u11xCoW%2FmitZEI4GD%2FelqjJeNRlvbPOfobK3dP1NvMwsTwGonMmpdAuAGgDuy8meeWsHB8kmWKZbbVBJKMzXqOh%2FM%2Bg8znwFuD6liRSadGzMP1i05fuUg1hh%2FHXP%2FeU7Pl1LYwAf9Ko8RJ9qmlzzuT0EQcD83VCmyOMONw4v0YmC%2BEy04oNR95R0bGC6XJbyEqISBPSA9T0InLRiGQ99LNCAVOQA1VaCyWWqrNwyiTUpCOVC2GSTvC%2F4J96ph%2FZ6vM1l8%3D%7Ctkp%3ABk9SR_T33qWZZw
Mens New Elasticated Cargo Combat Work Cotton lightweight Trousers Pants Bottoms,Cargo,£11.48,Free delivery,7 Mar 2026,0,Brand new,https://www.ebay.co.uk/itm/113611587455?_skw=new+rock+boots&itmmeta=01KK55QQEJQ85W617RZ5SZWKPK&hash=item1a73c73f7f:g:cQ0AAOSw7P9fwldL&itmprp=enc%3AAQALAAAA0GfYFPkwiKCW4ZNSs2u11xDXKo1C721Ke7DgEPy71cya9Ga5B65DA4sf7ewnfXptUcw8N7o0QPQ9zBNNM9Evu9q6o3Otolqzn18UVKO%2BUo6nBUONafrKg23Q79XRzxAbShwGFUP8ajbuJwtyFn0mpxKKuYPIxLUkhpMBTRkyniVSgLD5vAVMIfpakVodDIq1Ebf81DdCu2lpQ1GfE8taTZUUvDpaiXVIF%2Ftx4YvpxjheREWqViV%2BVMr9ioI8z8X52BE7AS4G7mlTK5x3VgzjCyk%3D%7Ctkp%3ABk9SR_T33qWZZw
Ladies Womens Cycle Shorts Gym Running Yoga Run Loungewear Leggings Stretch NEW,,£5.95,Free delivery,7 Mar 2026,0,Brand new,https://www.ebay.co.uk/itm/385397421070?_skw=new+rock+boots&itmmeta=01KK55QQEJFSX36MVDN7NXN0Y8&hash=item59bb79f40e:g:5fEAAOSwWbpj4TEe&itmprp=enc%3AAQALAAAA8GfYFPkwiKCW4ZNSs2u11xBNiu4Z5OmiSo0EJnMdUz0cAojb6X7XJ3bDTvyLk6EmhykmT1Nr8URThSmY%2FwC1q4y5bHOW3H2d3IyAPeOp1Xd7A77D3MdoY3bg9huCUzN8TEDybgxVQmtB%2BZbGCHUZGasYin0%2FU2s9EU1Z9xyOU0FQ23J3v%2FWjkBSdAnXw2C0%2Fha%2FPM7DXiGqSsUBHTnzZkU5S0T1ASw7fFk6arJLob7sZ3l8RkifytCXsXG%2Byx9JnlRzCNBaRrGXb%2BbVDgbGD5%2BbnXFh7zsGvKFWwMOqEsReuWaZIE3Dnri8Bp6n4Dya1Sw%3D%3D%7Ctkp%3ABk9SR_T33qWZZw
Genuine Leather Travel Duffle Gym Bag Unisex Vintage Luggage Overnight Weekend,Leather,£132.99,Free delivery,7 Mar 2026,0,Brand new,https://www.ebay.co.uk/itm/406624247786?_skw=new+rock+boots&itmmeta=01KK55QQEJ08YGC23E1TKGBNHP&hash=item5eacb19fea:g:n9wAAeSwTi1pcO8o&itmprp=enc%3AAQALAAAA0GfYFPkwiKCW4ZNSs2u11xCzlGjEU1i0x1J8DX4L2szf%2Bet52r7kQGZ583jif%2FcG9JUd0KfY4yQtohdPxNQAzMV7VtWyncMBSovr7dqzyEefWrBJ06q413C2mHk29yzgEGDsdD3KF8Fkk6E03ZvxKDUoTsnhZHiVcWyca8UFFy9JVvgNhDTGdk5a620DvjF1fTEfGUe5wkiSYSVqeQzkWB9zbJ8kiuh7UFnttxCEOwjYWPbKyEKVAcaE1%2BfZlFR%2BreOEUjzXM7bwuKte5pndr6A%3D%7Ctkp%3ABk9SR_T33qWZZw
Stone Island Beanie - Black - Compass Badge - New with Tags .,,£10.80,Free delivery,7 Mar 2026,0,Brand new,https://www.ebay.co.uk/itm/317949537009?_skw=new+rock+boots&itmmeta=01KK55QQEJHNT2QBCE542VCW0X&hash=item4a0744eaf1:g:yj0AAeSw8VZppwbc&itmprp=enc%3AAQALAAAA0GfYFPkwiKCW4ZNSs2u11xAxAKQCsYc23cX7ae%2Bd0TZQ6HdHcoSeov4X6X2B%2FTVDQxBhc7Vp2pwyv6ayYlDew4ZxMW6i0TIH1EaA6Jfd3g1%2FRUPpUQEVbkPY0mUxbuKpjz6laL5lDlQ6x8a3Dy5hL1%2BUw0ZLTjAQY6qwA1%2FB1PIxnnyh2Es1IIY6krlXz%2BULx13CN4mCmZLu4RVP37YrPtsf90J6lYXKnuxIjNxOGxH%2B6SB4Z%2Ffvk0UhEIsW%2FQUW7MhNPkx18KP97acj1mfOMdU%3D%7Ctkp%3ABk9SR_T33qWZZw
THE SMASHING PUMPKINS UNISEX T-SHIRT: ZERO OFFICIAL NEW,,£18.35,Free delivery,7 Mar 2026,0,Brand new,https://www.ebay.co.uk/itm/317728185364?_skw=new+rock+boots&itmmeta=01KK55QQEJGGXAQN5ZGXZKXT4J&hash=item49fa135c14:g:kPIAAeSwng5pWUuT&itmprp=enc%3AAQALAAAA0GfYFPkwiKCW4ZNSs2u11xAdGHcIkYoQIS%2F23v3kSCjnelO1va%2BMArqZpT3Z%2FUm%2BkuVZwWMpodVfCrSwBu4E5BTJWZ%2B6upaMG34xTyOS7qjgBvaNC%2FF11H0lOppkYhRZXn0N0fAhTNTp71vwUXsesyouS3aSMYgDdWEgBJ4HHDvxV2fx6VPWHw%2FTZ9I4Spr5wJvcQD0xFxsWrRu1ohiW37ijf82gCAocemK4ruB42HnQKxxDXCfO9zywGD6uVUDIQQjiXvEzsDwvoASt2gxKbyA%3D%7Ctkp%3ABk9SR_T33qWZZw
New Mens Chino Shorts Variety Style Chino Cargo Denim Summer Jeans Half Pants,Cargo,£13.99,Free delivery,7 Mar 2026,0,All quality Shorts in one place Variety Style half Pant,https://www.ebay.co.uk/itm/233213215525?_skw=new+rock+boots&itmmeta=01KK55QQEJ6DV2FT3FC9QAZR4N&hash=item364c974325:g:iicAAOSwqU9cvMTN&itmprp=enc%3AAQALAAAA0GfYFPkwiKCW4ZNSs2u11xD9KYgeAdBID5r0yL4c%2FvQjXOoSeU7Q7QBFul2uuW5QoB8fcaCpw%2Bt%2FqsklgTDFkI2M%2BU6zWC%2BewX2SUBKwzJGoaVJI%2B194VCdlaYXekoZb8MI3yzlEFDuWIJHUmgCYzgbKjwrYpCJ36YGvrXKWFqC5XnynkHQoRLagVt106i3BY38g6qPTO7NbiQyKCvJTPnwIINRSX0pGrYaYLY4ksJ2IvjVG0bis6NsmNfBHRQl824LyI7xlRyWlQBWU41vXCnI%3D%7Ctkp%3ABk9SR_T33qWZZw
Men Retro Trucker Leather Jacket Black Slim fit Biker genuine lambskin jacket,Leather,£25.72,+£9.99 delivery,7 Mar 2026,0,Brand new,https://www.ebay.co.uk/itm/187192432402?_skw=new+rock+boots&itmmeta=01KK55QQEJPPNZ7XXFQBW5CC0Y&hash=item2b9589d712:g:SeYAAOSwoeZoFhYv&itmprp=enc%3AAQALAAAA0GfYFPkwiKCW4ZNSs2u11xDonLiVOXAkIQDXSlZpZouP%2BQ2VruJsQDQje8V%2FPpa7TEr9IJ3EcnA1rTxOuYIpFEMn1jaU3hHAV1q09yn%2Fad4zvNlAv%2F2zJYHA6RRz5mukCCxe%2FtGzNL5vuQG53EQZoIrHWakEmUtcNBCHAmij0fCN5XqyWaxSi%2B4faXyjxfeDqcqeaxoFFyekJooAA1ntu5EF%2BkiPJyvKy%2BX2gL0%2BZ6H6LOqTscxTCuTeiM6HafN67oGzC8tcurYDtmQ3MKyjm%2Bw%3D%7Ctkp%3ABk9SR_T33qWZZw
Seasalt Women's Regular Chapel Rock Waterproof Coat Dark Hellebore/Onyx,,£55.95,Free delivery,7 Mar 2026,0,Brand new,https://www.ebay.co.uk/itm/317964033759?_skw=new+rock+boots&itmmeta=01KK55QQEJ2C0V7B3VQQJ23JA4&hash=item4a08221edf:g:UV0AAeSw20xpqyI2&itmprp=enc%3AAQALAAAA8GfYFPkwiKCW4ZNSs2u11xDyijRBCOdFDye8a4LXgPWIg5uMnZjfbcuJS%2FZlE0bnJ8mcdtpRUjY87EW%2FFoatkJOmwmwa9oW149XPlNakJzYFja5%2F7lgItjJCxIbt46L8oaR0DH%2BZOXBaQMsYcF1x59ckg9e1xyWSOqu5r7UuuCWATlANOO1QiXz0wrB7R28RRMWw8m8RoLL2mWbQJd2rdlNTEBIv983i5tn3SjJhzoQ%2FHtj6Lz68DAKaiRqsiFYqEC1jwpYmedAhtUD0i8VBT%2Bars4OI66%2BRfG%2BlN%2FGqq0NmlF1skvr3zqm0i9xH%2Bl7QDA%3D%3D%7Ctkp%3ABk9SR_T33qWZZw
"MENS HEAVY DUTY WORK WEAR REGULAR FIT TOUGH FARMER,MECHANIC HARD WEARING",,£19.99,delivery in 2-3 days,7 Mar 2026,0,Brand new,https://www.ebay.co.uk/itm/264767848893?_skw=new+rock+boots&itmmeta=01KK55QQEJ4SYZCXNWDTWVRYRX&hash=item3da564c1bd:g:nyEAAOSwp9Bkuoxv&itmprp=enc%3AAQALAAAA0GfYFPkwiKCW4ZNSs2u11xAf%2FdICdHJX6ume5PYFiDFKCRB2W6w8z7rNginGktw5BQ%2FffGtkNB%2BDjTNSU9CqRihHAZKtwY8XeRMxDjlQ7HK7YEwHBG21ShA4xJ3eQbQiXO4A%2FxjOn4Al4T8iOG%2FMwMFjzH98uEb8d7ESIgrTD0tiSw9HR5cvq7WEPHY1wz3ELyroN4LdADnd6XVoWxuDi1OdscQVI2CW756S7Ksp8Bp0pdSq809bDMqYgznXIz--cs2RLs2pHtBXOKt%2F5zdmMX8%3D%7Ctkp%3ABk9SR_T33qWZZw
AC/DC Mens T-Shirt Inspired Logo Rock Band Cotton Crew Neck Tee Shirt,,£9.98,Free delivery,7 Mar 2026,0,Brand new,https://www.ebay.co.uk/itm/156226956393?_skw=new+rock+boots&itmmeta=01KK55QQEJG6XP6C3CKGCHNBRW&hash=item245fda2c69:g:fSAAAOSwEyxmBCT-&itmprp=enc%3AAQALAAAA8GfYFPkwiKCW4ZNSs2u11xChbpXBvvJLYHBxk%2Buc4RKmZLMKZmVPeJzAAbMbP3wLwya94JVmT8uGVmijg1YgaTnLJdtLYdydTgrouAPSf5%2BhUl4TvvUkvOKwhfcEbfdYoShbeYGtNqGJZLhQeug0z%2BSJJjFo%2FlMxxEHUPXAX2jq%2BkR3i22hs1RHP6g9w3yK6RSc9JKkhdT3d1eN44MQxzbx5S1cgk9E7E6NUUiwVmIFKRKxTMuMzIkY95xq3%2FOgud1NLtIRWqtGT2vq7ReT1VOAQxy3nXEeGGT%2BemGi%2B4S0G56l11Gv1AZzx5%2FpSWRNcmg%3D%3D%7Ctkp%3ABk9SR_T33qWZZw
NEW LISTING,,£35.95,Free delivery,7 Mar 2026,0,Brand new,https://www.ebay.co.uk/itm/317966852990?_skw=new+rock+boots&itmmeta=01KK55QQEK9R5BX65AFJG25W1J&hash=item4a084d237e:g:EIgAAeSwVbxprAKs&itmprp=enc%3AAQALAAAA0GfYFPkwiKCW4ZNSs2u11xAKFlvaZM%2F47ak4ByjAEgDJHVPwsNW6Jgk0PhnAhtBdTEJWRwpjbrD0fatQRDPGYuzEUlv%2FsaWsz0Q14k0%2FSBBKrc0Le2D3spe7WGwJgNJNVbHaJzIyEjo4J4JyZIK%2BlVdExXKaGQiDerM3Ue%2BqcXV9rh2fKqz%2BSEPusuhieeXkxNBnK8TIJdea61co4UOXwk8hGvNH%2Fr%2BXDnK89Ew7hEnvWLciRozN%2BoP22pcbFTB%2FTTg%2BHv6QLWEnHlhKZa8tjwI%3D%7Ctkp%3ABk9SR_T33qWZZw
Gelert Mens Ridgeway Waterproof Hiking Shoes,,£34.99,delivery in 2-3 days,7 Mar 2026,0,Brand new ·,https://www.ebay.co.uk/itm/376147119782?_skw=new+rock+boots&itmmeta=01KK55QQEKR6P0KBTA2S0M2BD3&hash=item57941d8ea6:g:eKQAAeSwbJJn9YRJ&itmprp=enc%3AAQALAAAA8GfYFPkwiKCW4ZNSs2u11xC83wGcZr9OfTeDyPhw5inzYmzVoyB%2FnJNBHTAGa1sDPWcSjmjc65douzcPbYp%2FoO1VI1fwMAA8rQQRIk0%2BRYMAHfyjRjmb3ZGI8GAHhBK8DLj3X4taPHR%2FDaOyyO91c4HvTivlJAVCIxrkQC0XyGoKcZa56uKFvNBEqh5S2W7JvdGDEeGZVRq4kqjGlsEfUywjbHj5zZ0UdX4Vwss1GN%2FdWo6zlcoBnPLzJWJsnpIDv6QAut7ZJZwGfsnYyqbrFRxYdVYz5xLEZrb1JyjC77gkdeaqlmQ4shw35DA0qtwj3Q%3D%3D%7Ctkp%3ABk9SR_b33qWZZw
Tears For Fears World Black T-Shirt OFFICIAL,,£16.09,Free delivery,7 Mar 2026,0,Brand new,https://www.ebay.co.uk/itm/133901819822?_skw=new+rock+boots&itmmeta=01KK55QQEKEBQYVC2CQJXMG393&hash=item1f2d2b9fae:g:SsQAAOSwmhphZVaJ&itmprp=enc%3AAQALAAAA0GfYFPkwiKCW4ZNSs2u11xB6Lx0NcW8lQTsRs9SRsF%2FdKOxcY%2BFQg95a1gFhIeFBGyYbliSJqoxjZ8BATQXm%2Be2ZqICg4N4lnR2n6s%2FQ9cQDjqjtfvVDNyxQPAW2iwxwdnAH%2BpmPBlE%2FaPHaJYIAq5rM84Yd35dkGy4ZsTF%2FwTsfL6dXkVm63vCsGQqMclzgUmuWkr5dYiqwX299FUyYkrHFv8zJyjvAge4JVHhWoo%2BmJxtXY2zbY53V5OoCPUZlq0De118w%2BHNk8QOPTweyKxc%3D%7Ctkp%3ABk9SR_b33qWZZw
Seasalt Women's Petite Chapel Rock Waterproof Coat Highland/Inkwell,,£59.95,Free delivery,7 Mar 2026,0,Brand new,https://www.ebay.co.uk/itm/317964023284?_skw=new+rock+boots&itmmeta=01KK55QQEKDTC33QQDGZW53QRC&hash=item4a0821f5f4:g:XsMAAeSwz6BpqyGD&itmprp=enc%3AAQALAAAA8GfYFPkwiKCW4ZNSs2u11xBbLN51Z11stEa92BdBcZYaudp4ivYfcvULQqOU4qsg6h%2FIhcrMwriE%2B%2BzaB52dbWEB20I5eHVgdnhStlf6TTIGQK1nsBmJUWdMWtT%2F3GST6JnYBHEFKSQnXzAKu2b617xOaQf02nGUmytOYdwErszJHMyS31UYHH3YlGD8NzvwN9rSVxqkJaJ6uLC8dejQeuqXRcXOPsLgPJuaX3BgbEiZxlL2EIvhKGKIxxkVwPwdCCFQLlJ4A0mAwBjEwqkaqkKkWbOZMnIb%2BgsabZx%2BQWi5NvZd0Hq%2FEeM2%2FoDMhlAW%2Fg%3D%3D%7Ctkp%3ABk9SR_b33qWZZw
Enzo Mens Jeans Straight Leg Belted Regular Fit Work Denim Pants All Waist Sizes,,£14.99,Free delivery,7 Mar 2026,0,Brand new,https://www.ebay.co.uk/itm/132486914710?_skw=new+rock+boots&itmmeta=01KK55QQEKGW4BXAV4NJ5FHNGP&hash=item1ed8d5e296:g:zvwAAOSwgKxleJkU&itmprp=enc%3AAQALAAAA0GfYFPkwiKCW4ZNSs2u11xCq7XL25MkV3sTvfJ37gpOjjSWFbdGrBYg%2F4h1aVIfNUCVUt2dSnIMDD1eI7DRUwVq97etj6tILFyNHSFWqr4QZlW3JFfYyp1DoyM%2F45StoYaPgWGXb%2FS8sivpXAj6Y6%2FCiH43g512Ro5NlZHh4TgtP7E%2FKXZV1tUA5g2ImAm%2F6Nx3NwMYY%2BykEen6jWcHsXSHsg5TSLfMUrdFZqGuFTzTYtEPMT3nFutHhLTtlfInq5Bp412ibJAjbRuN1DXuO%2FMw%3D%7Ctkp%3ABk9SR_b33qWZZw
Mens Plus Size Slim Rigid Jeans UK Brand wash denim Pant Trousers Bottom B656,,£9.99,Free delivery,7 Mar 2026,0,Brand new,https://www.ebay.co.uk/itm/267007232829?_skw=new+rock+boots&itmmeta=01KK55QQEK9PPRMJB6BY6W3NFW&hash=item3e2adf0b3d:g:SLUAAOSwd7lnDQlF&itmprp=enc%3AAQALAAAA8GfYFPkwiKCW4ZNSs2u11xBvgq8USsdJ5Ebm3YMgCfsedGC9BRmoFkHAPHlTFuezy%2FNXeUgjGr5sEfPk%2BTD0UbjnkCQ%2FkGnQm50Uvv7l39ACKslB50hVw6Kf87OQXE16reuygWU1GtGrITjTqYNHy7oxgkqpTykqdpsUA88vBwGTCGjpcB9qHSbjzvTVt7JBOxNQehLSjEz%2B63tk4iIHwOENYbMpmJf%2FtUO4ujqlo653XLFzr3V1gFRgaHbZaU%2F4jVqXqSbmcltToIV4ACoIzXz43jXWJqRVgYjW20FX3StDSccqTAi8zhlhnLMBgA5GDA%3D%3D%7Ctkp%3ABk9SR_b33qWZZw
Levi's® 511 Slim Fit Men's Stretch Denim Jeans Rock Cod - Blue 045111786,,£32.99,Free delivery,7 Mar 2026,0,Brand new,https://www.ebay.co.uk/itm/358293342157?_skw=new+rock+boots&itmmeta=01KK55QQEK8P79HCPR4R6DYCJ3&hash=item536bf287cd:g:kYkAAeSwMD1pqsaj&itmprp=enc%3AAQALAAAA8GfYFPkwiKCW4ZNSs2u11xBoT7n5TQ51PC%2FP1KECz%2F34xdliSBPbEz9kZn8wUOdctZXeC52LhwBjhOmHh6MnRWFWAQ17nHa%2F9fAZe0oTZA5gCknR66GgWVI5yvXVutiLtGyIvE%2FKrj1XP5H0G4aC6rroc30ePoLAjQutaPC7cOKaHmcr5iSlONm91qLXCvmIj9iHcN1Afq0E7JPXANKfzmh%2BPFUeh%2F0Aht4xPCT52Bo1sWGLCN73tP3sd91S1fx16bvUqB7%2FmXdCLbmejR2Gy0zj9k5%2FILuTNC3J%2BdYxVK4R3UNHBt6bWGsGSnUwokwGAw%3D%3D%7Ctkp%3ABk9SR_b33qWZZw
BNWT 18 LINDY BOP AUDREY DRESS WHITE BROCADE 50S RETRO ROCKABILLY WEDDING HOLIDA,,£15.61,+£2.94 delivery,7 Mar 2026,0,Brand new,https://www.ebay.co.uk/itm/205338585361?_skw=new+rock+boots&itmmeta=01KK55QQEKB5GE8263SNN5Q56Y&hash=item2fcf222911:g:ezcAAOSwpoxnyvJl&itmprp=enc%3AAQALAAAA0GfYFPkwiKCW4ZNSs2u11xDHuqvM1ssLPIAr6egWrdo7NWURXOZuJvWEBEtOxsmlqYg6AZOHf6V543ICUjJnXudKfYTSmJn5kOKj3%2FZBr2U%2FFT8uUQjKDyQdU%2ForIL0FO2BLttEdA8IRmS4lCBuTnN7JkhUJaMO90QN8p%2BCayhWm53TpmeZLS7HoAkdJFRcPjbeESzdra7G7Z4W2TBCpHJuruKRnSzCAMV3hGjHUQJ6jFQ1ji5HEQs8U%2FOFIbavX%2BJRan2%2B1dHeveHDUlLt9kcY%3D%7Ctkp%3ABk9SR_b33qWZZw
Sherpa Lined Corduroy Jacket Metal Snap Button Up Plain Ex Store with 4 Pockets,,£19.95,Free delivery,7 Mar 2026,0,Brand new,https://www.ebay.co.uk/itm/225237271139?_skw=new+rock+boots&itmmeta=01KK55QQEKZ3GCXJ109BZ478WN&hash=item3471300263:g:y-wAAOSw6AljZYDx&itmprp=enc%3AAQALAAAA0GfYFPkwiKCW4ZNSs2u11xCWJ17Sh%2B4WrFCs%2FthatXnRp0kPmYYcFQzsddtWh3%2FWw0NQWldFcovUwfQesqOKwPod4FkGlG1rMh88d91xA7v7pCEkQ%2Bujo8YmoWyhEHQ6GeFleOueLBHprnJOklm8rn7YZ4PH97zLa51Q%2FSsfGtcbH%2Bqrtv0cXV3GcZUgc0E6mrVjGP8HDwcQeGATafQ3BlWlQu6OuioDMcRDkC8T15c8bBJlC7mK4lbL5te5LoVeiaQiKIQS1ARTrkKZe78vhbk%3D%7Ctkp%3ABk9SR_b33qWZZw
Clarks Macay Holly Black Leather Chunky Block Heel Ankle Boots Size UK 7 D Zips,Leather,£33.99,+£3.38 delivery,7 Mar 2026,0,New (other) ·,https://www.ebay.co.uk/itm/168077097919?_skw=new+rock+boots&itmmeta=01KK55QQEKCEEE69G8FAY0ZMRG&hash=item27222cfbbf:g:ajYAAeSwjYppZRwa&itmprp=enc%3AAQALAAAA8GfYFPkwiKCW4ZNSs2u11xCDVyZcCmbPcXszumxcKYyt0aCdf9sO%2BV44wUlc7aFfI78vOBA9i8UVaecSkjpjaWE5SrA6Ybx3obVwWfva2lPRVVSkle%2BI%2F0YxZxXGYxfbGE6J7VZOduBoPWNdejb9NOdZzbVKEfvSQoSRfzruBCe6Y%2BGiuJDd%2Folm6H2GybIDrwheAWBKLK%2FxmG9Iajdd%2FywQxSK2b7NLGrV9dwUKXeUq%2BNRdPJhXfM4wtXa4d96nCGh%2Ba405sAix9O4cTxAVyfih6bd%2BgrShYBUTq%2Bv0x60uDuI7arjfOP85mL6XYwzWlA%3D%3D%7Ctkp%3ABk9SR_b33qWZZw
LADIES WOMENS CHUNKY BASIC KNITTED CASUAL COSY BAGGY WINTER JUMPER TOP SIZE S-XL,,£2.99,+£3.99 delivery,7 Mar 2026,0,Brand new,https://www.ebay.co.uk/itm/167670521133?_skw=new+rock+boots&itmmeta=01KK55QQEKQ1YPEKSM2DDJPSZB&hash=item2709f11d2d:g:aFoAAeSwCZZogsdT&itmprp=enc%3AAQALAAAA0GfYFPkwiKCW4ZNSs2u11xBga%2BTp%2BHURxnOxJUlKsagnYup94EyxeI5Dx5TxhQYDONbqY7%2F9n%2BOMoshv0RN5B0JfSjmUQsIhzwazlfClX77%2FM3wIsnGBvIYDKAquE9shaFacXP%2FzvAKXA5Mxzw5cypnjR4Efl4r73rB4Uwap97IhGautUgDZStoXoJPF1NLGtloa%2BUkx4z3bIlwdaNvon0tb53qijiY37GhDHS4HBQz3%2FPqO0PPcCzfBHEs6Tl52%2B%2FD92fmDd8UddAbhFoqpgfg%3D%7Ctkp%3ABk9SR_b33qWZZw
Mens Leather Goodyear Welted Safety Steel Toe Cap Ankle Work Shoe Hiker Boots Sz,Leather,£19.95,Free delivery,7 Mar 2026,0,Brand new ·,https://www.ebay.co.uk/itm/193722579230?_skw=new+rock+boots&itmmeta=01KK55QQEK6XAEFCY5NMBGJVMA&hash=item2d1ac3f91e:g:mAMAAOSw-IRflCmo&itmprp=enc%3AAQALAAAA0GfYFPkwiKCW4ZNSs2u11xDvNSMKq5%2FJQf5JPY5tEULezmdLTr%2BMsTLmunY382HG5YhHD9EvjAa87T%2FzmtPyN%2FALZo2KXU2JsRxsUTKyro9%2FOuxYwG8o%2FMun3PBJ6KSMtsrD6gxu4xcbegUzJXFwxLIQivUXHtF%2F%2Bly9q33RjiR3139pC1dZEcNFpSTceTDI0SxqIa2G21KWW6h8x55g1J0jbKS6C6Ryyfwyz6JZvTjFMOQQst%2BtsUX02lu8Jn%2FdyTh33y8d%2B5%2FOKNBvcCWj5U0%3D%7Ctkp%3ABk9SR_b33qWZZw
OFFICIAL LICENSED KASABIAN UNISEX BLACK ULTRA FACE T SHIRT SHORT SLEEVE SIZE M,,£13.99,Free delivery,7 Mar 2026,0,Brand new,https://www.ebay.co.uk/itm/388711698278?_skw=new+rock+boots&itmmeta=01KK55QQEKSNQHXTFEZ1MVY9F4&hash=item5a8105cf66:g:V1YAAeSwZVJodlmy&itmprp=enc%3AAQALAAAA8GfYFPkwiKCW4ZNSs2u11xB%2Bc%2BLCH3lrI8mqEGiyRktIGfU35FoyF0xMyRbxZk4ESixMmykvt99ndC9MdMyRbay8MJzLi9tqr5p3cnr4JpjZ5dVnu8rk0wx7G946JcCXUv85P3FSTl9WN6cOzPFyWhFM7JnmxgvdbehM%2FOtXIRNgw8PLUWiLaqmm6LUPAecIxTfuNmEfXCf0u2ED5gArfEHkRHF3XdMy7tw8Bhnd1cirMkxw8Brkf%2FD32sxQTcVdSaHA9CmtJ7Tt6tr0kS7O%2Fatgv%2FrZYkOiedDq3HZPx4ZXxvaeElwSJsDNSKcMyfcZRg%3D%3D%7Ctkp%3ABk9SR_b33qWZZw
Extreme Micro Skirt Mini Tartan Schoolgirl Short Dress Cosplay,,£17.99,Free delivery,7 Mar 2026,0,Brand new,https://www.ebay.co.uk/itm/236262613173?_skw=new+rock+boots&itmmeta=01KK55QQEKVTNMFX8D292S2H2A&hash=item37025960b5:g:1yAAAOSwaL9mm~qz&itmprp=enc%3AAQALAAAA8GfYFPkwiKCW4ZNSs2u11xC%2BysHMIxBCIIfoN%2FJNyb63H5dE%2BEmqQMl8Wm02hHCsRRnx5MOy6t8PoeQd8ZMJS2SKih3YxpfB26%2FIn6CEauIZwhgA76fwww4fFcNMBczcWSjgIQHz1l2rIWXpCk9XbyTOEzfwbUjymYOCpUnCPWZhS9YJV7IG%2BYgSC7Qn63neLN6qbSSmr%2FSgWP4g4U0JaD704iVxlUdt91ZiixbPoqFqvjs7zEb%2BCGm6zYX8sgfj6%2B9rsRM4K%2BWupsvXpH8z3ELaQPYBZQLuocqXKeDBq3kvX5MXFTpYamFSXdjjC%2FNW9g%3D%3D%7Ctkp%3ABk9SR_b33qWZZw
"26"" Rock n Roll Net Skirt/50s Vintage Petticoat/Retro Underskirt/Fancy Tutu,S-XL",,£11.99,Free delivery,7 Mar 2026,0,Brand new,https://www.ebay.co.uk/itm/374782974214?_skw=new+rock+boots&itmmeta=01KK55QQEKGDMXEK46CGKQ4BSK&hash=item5742ce5906:g:zX8AAOxyDEVScHim&itmprp=enc%3AAQALAAAA0GfYFPkwiKCW4ZNSs2u11xATaOVD4PETf%2F51iwUiu6V9dmP8yNja0bBbsttlSmp7BA8qCd1ua7d%2B57qVjb9LSD%2BcUVNMziNDLCkOg7dglw2n4MBcYNrkq8M55WxYXo7vXx3ylOiwwwJ0NLZV3Vopc8ozQrCtww0spQAdFteGdZuXJbhVFfggSgx7zrhrh0lQmuIhnpb4Bdsu3DPiE3AAXEWaDMFnJ7EAWVIpr8eb1Dw1SCKEMQyzUvpeAVS4MVzaLowcN4SYVZlBqZf%2BYaON4ho%3D%7Ctkp%3ABk9SR_b33qWZZw
Stone Creek Mens Boots Black Adults Ankle Lace Up Zip Up Sierra SIZE,,£29.99,Free delivery,7 Mar 2026,0,Brand new ·,https://www.ebay.co.uk/itm/257040386930?_skw=new+rock+boots&itmmeta=01KK55QQEK52EQ6KYY8GP4JDRX&hash=item3bd8cd0b72:g:VjQAAeSwb5xoiHlx&itmprp=enc%3AAQALAAAA0GfYFPkwiKCW4ZNSs2u11xA7aS8igtje%2FYZMKvqCDAflnFB7A%2B2OABifckSSCLN7eW8kAOgsBDuuArrnpZo%2BSp05%2FQZPt1uUTlNA4BMIyIzWoUpqnVN5z9vDKVI6AIoGJU%2BRJcrHdpvxsG%2B2iL%2FT7Az%2FXcJ%2FRjlQ6UCU5hzUpEfzWQGPO1AJPdry8xQfH1s0S66QdJ6JdrsKJZIFef9NP%2F2BPvZT4Ue%2FUlKKvmNg173%2BYfXLAalBRo9u2KcAUh0Qi9hXOcy3vJUDN55mH3uNKa8%3D%7Ctkp%3ABk9SR_b33qWZZw
Prank Gorilla Middle Finger QR Code Custom Printed T-Shirt scan the QR code,,£10.99,+£1.99 delivery,7 Mar 2026,0,Brand new,https://www.ebay.co.uk/itm/397037796890?_skw=new+rock+boots&itmmeta=01KK55QQEKY2MFZ1PHDSHAWA0H&hash=item5c714bfe1a:g:~9sAAeSw25Nov1W8&itmprp=enc%3AAQALAAAA0GfYFPkwiKCW4ZNSs2u11xCYxOV5gpgRnUqjQ4Q7REWLbmbRsq6RWmwV7fiOVRPQBx%2FauWv7Q30ck8acWA%2FhE3hWnja%2FTw1TkyM2aVTKayVL3WnK85koOVK1enCYKI3HvId93ER6ED4SxkRZD1HZQ0r9Y6pfneedk9f--jjJDmJxGcbypjy8ng7T1LCmQiVLrECNfrihNYpMY8W2tkK9U3RFNPJD4cbdhDyKK9b%2FxUxYbToZvFrO1j9AoBLIOq03HKvuqN5YQQAOxGEcFWXQg%2FM%3D%7Ctkp%3ABk9SR_b33qWZZw
6084 Ladies Pull On Denim Cosy Jeggings Thick Cotton Comfort Stretch Marks,,£18.99,Free delivery,7 Mar 2026,0,New (other),https://www.ebay.co.uk/itm/136302001944?_skw=new+rock+boots&itmmeta=01KK55QQEK8QV3437SF1PGFDG9&hash=item1fbc3b7f18:g:sToAAeSwh95omeUV&itmprp=enc%3AAQALAAAA0GfYFPkwiKCW4ZNSs2u11xBO7pLwGOjhY9neu7eM4RBmL8xmUos0VI7UcYvgeSuTWOru50LWVdxQsYfOO064dHRJ69cSGBHrqcTkLPAu5sGJEviL2ExuSfBX5gvfaMIew2EVw5tNopl77rjPIZN%2B5aj%2BpeCZRH%2FI26BBrlc6l04P564RiKAHNQ6lRdcrqTO8R009oBedqalZE%2Bn8zcyi2gFy6oah3mjVSdS9UIu0XPLgSiDP3ieEhSBTAT8xmK37Ynlle1%2F1gzsBUN8KUSaiAjs%3D%7Ctkp%3ABk9SR_b33qWZZw
Men's LCJ Denim Flare Stretch Indie Jeans 70s Acid Bell Bottoms LC16 All Sizes,,£29.95,Free delivery,7 Mar 2026,0,Brand new,https://www.ebay.co.uk/itm/282803210237?_skw=new+rock+boots&itmmeta=01KK55QQEK7BSXRBRB97T6AREE&hash=item41d86287fd:g:FdYAAOSwFO5aVPK-&itmprp=enc%3AAQALAAAA0GfYFPkwiKCW4ZNSs2u11xDLa3L4bpAANrKHQVIzJZi30r8pBZcsBGZgMRPL8OHps0p%2BADAUSgeSRjpoBwhTlhIgMxgBvyCkkixMbJPOBnV9%2B12jTLJz4tmBXs5YJNGKW8%2FRC6rUBdcYdJBfZxFcO7gAxttkgMMiEwSNyyaQPUczOZF1DYtg8iq1e3dY%2BWU1AwbkyJ%2BHp55Z0kHvsCnZ8vQ9rQaS5N007YS3D4i0z9HHb9Sp9uoXfGjJn6TTuKNTv4Yot9lm%2Bs2HmsFyYiizTPg%3D%7Ctkp%3ABk9SR_b33qWZZw
WOMENS LADIES LONG SLEEVE STRETCH PLAIN SCOOP NECK T SHIRT TOP ASSORTED 8-26,,£7.05,Free delivery,7 Mar 2026,0,Brand new,https://www.ebay.co.uk/itm/335869817129?_skw=new+rock+boots&itmmeta=01KK55QQEMGT22DN4KHS0XN5M7&hash=item4e3366b129:g:ksMAAOSwmZtoL5d5&itmprp=enc%3AAQALAAAA8GfYFPkwiKCW4ZNSs2u11xCVkTNjFLx12BThZbeANcuP%2FSKDBrLzJD7oo8OR2zHEqsi2nwC1FrpHpMBaJohBy1fvJlwgHn5Q3HVVmtlaNGmyFm%2BwY8iK%2BYYTHczqht7P0edU%2B8XBsscj7sBGUqOyuCIilFSFQT7KMmvbHXqLVbXRgZSGuOwuE4ktkNf012Cl4T4U0ZU%2BMdRGhx3r7Q%2FVPU5XA8L14b9nZl6p%2B2VRf%2Bv7Gcbw5h0vCa6ZnBjDoymZPQEr7FVnS8XrdVckS5iZ9rgsLFBl%2BAiEXnNBx%2F0WFSuueyzOXANcq8wAPPLZQDv5vQ%3D%3D%7Ctkp%3ABk9SR_j33qWZZw
M&S Wide Leg Jeans High Waisted Stretch Denim Cotton Ladies Pants,,£18.99,Free delivery,7 Mar 2026,0,New (other),https://www.ebay.co.uk/itm/326914440610?_skw=new+rock+boots&itmmeta=01KK55QQEMDAM10AMGBX9K9F6P&hash=item4c1d9e7da2:g:rssAAeSwDWxpQIsT&itmprp=enc%3AAQALAAAA0GfYFPkwiKCW4ZNSs2u11xATAbG5qGXSsPECCh02s7IMxgN5dlaimssEztXLJXTwG%2FcxlJs64LYknSyVtuEumrkQnDnEpj5e4BXRnCMgeJSLL41DnjOPZUiAAqQmKxW1EfHQTszresW%2Bca7el3Yocr7snEWKemQxJQ7NiOrDcbfmgYslXdMXAf7VZvZQq2Qtfk0kZiCeqhOVyLG%2BXUOLy6eTqZra0Ol3OwPlT6FdgAzNhttZUj%2FhZD8ZwMo3wlhjreEtsrhGjeE5km8K0Gy5oHA%3D%7Ctkp%3ABk9SR_j33qWZZw
1966 A Legend Was Born T-Shirt 60th Birthday Rock Style Tee 2026 For 2026 Sixty,,£16.95,Free delivery,7 Mar 2026,0,Brand new,https://www.ebay.co.uk/itm/156425405216?_skw=new+rock+boots&itmmeta=01KK55QQEMYYKTA317M51BS64C&hash=item246bae4320:g:vLYAAeSw7X1pOVXy&itmprp=enc%3AAQALAAAA8GfYFPkwiKCW4ZNSs2u11xDsoYllKW4XRjnCTsjtn1SAMIff6OZn9o2T7qz1yejyBGWoi3OS2LiUPI7v1MgmBsbj4owZUnNUQ8uUqe6X2iwZIZgzL0uHi3drirRL%2F9UC8pE0r%2BA15Db%2BE%2BaTr5uJVnWwc6T1FUg9B5ESPH6IAvm0ADMJEctYU6FAsSZIz2N%2Fl4SkPvCrvdO%2FZaCmHv9aj6Z7454dD0BBgGTVC9C3GJxlhsBB0%2FuMU7tehZvh6V4uOHHx0LH%2BMNFy%2BPvLvAwMvG%2BMavBC8NqHL4dZVr2Ms8qe5mNVmrUGfSJ2weYVJbTqOQ%3D%3D%7Ctkp%3ABk9SR_j33qWZZw
Levi's® 501 Original Regular Fit Mens Jeans Onewash Blue (Clearance Stock),,£30.00,Free delivery,7 Mar 2026,0,Brand new,https://www.ebay.co.uk/itm/226601155828?_skw=new+rock+boots&itmmeta=01KK55QQEM8XAP8SPWRXJRT3TN&hash=item34c27b3cf4:g:xUEAAOSwB45nsh1i&itmprp=enc%3AAQALAAAA8GfYFPkwiKCW4ZNSs2u11xBzxFlNrA665zU%2FjlKRDAJ%2F6IWXogttcAyorMGnaDvxt%2BTw4gHqxjj1hdSk2HiSI2ixyS9swVFvLLZVf38zohQAAAeoPJLI1uTLZw7btP0vdljTaTr3iUCNhyaFl1Xi8CRgVyrG5Rt%2FAcnKzC8kXSGGnvyVwMT%2BdtliifmmDlfo5A14afbK860MK8bnZZYskiuiM5762%2FmTQ%2F4NotDVdc08hT3WNz5DNF9rpX3j1L20fHsX4QpwDykqH12kgKR83oN7PCHNi6QRTiZNJrKKWYKFXsj1qhsOqp3VR55CR5RU4Q%3D%3D%7Ctkp%3ABk9SR_j33qWZZw
Ladies Linen 3/4 Length Pants Summer Cropped Bottoms Beach Capri Trousers 10-20,,£9.99,Free delivery,7 Mar 2026,0,Brand new,https://www.ebay.co.uk/itm/186382272677?_skw=new+rock+boots&itmmeta=01KK55QQEMMJ8J2PY5JC4SZW5Z&hash=item2b653fc8a5:g:TcIAAOSw4mBmE~je&itmprp=enc%3AAQALAAAA8GfYFPkwiKCW4ZNSs2u11xDpTQZsQUAEO%2BWhpPRSEPJf2bvCfnQBE5otuDwe%2Bx2n7byNHsd65MToxonhr5BZ%2FG4ryz9J6mM6T1dqKDbxKjFO2z3rk9NCcpWp5auI5TyvcycpUYpRy3bRQwpI1J%2BaFDI8l6RXnfnlA54b8hGDeQG2subgZptBw3VHNJulz94DIT3D1GtdWHkKWgS6oSGebN4MBdVm2cOMUF2kCwox06aRVl8f%2BE3s9jdOG1AcQIutvbc%2FZ7T9GMYaMrpcdef8K%2BRc3%2BZqG7yCbPA8a8%2FMttnKvh8LY0xR6y4nFVaLoc8UyQ%3D%3D%7Ctkp%3ABk9SR_j33qWZZw
Stone Roses lan BrownMadchester Adored Graphic Print Sweatshirt S M L XL 234XL,,£32.99,Free delivery,7 Mar 2026,0,Brand new,https://www.ebay.co.uk/itm/406224224929?_skw=new+rock+boots&itmmeta=01KK55QQEMH10XW5NQY0P7EYSR&hash=item5e94d9c2a1:g:EUkAAeSwJsJoyxKY&itmprp=enc%3AAQALAAAA8GfYFPkwiKCW4ZNSs2u11xA0AHb8oREysPojhi5zCTwnEeuEG2kjv29fhSmwDIteh7amNo8%2BKn2t2nGidGgTu4oyrDunZn1xSw3wfZHrLY%2F8pDKjFZbniYU8%2BJgX25RQ0NaxVYawTIChNaEfqcsOq2vhgEvpMlQGc9lTQ9HZ66tDR3WruvQtFiqPBvZW43gsqYxio5aBtnCRlwLy8%2FL74WmkuD0gax9S0goCdBoVxZmCpnU7n%2FhcmMeZNPUG19MsEyk327Ug4dQ2aUq48hixwUX8%2FJGOOR2Q%2BB5nPYN5xW%2FnYdSVhBW%2FnNfEWaLHybO2gw%3D%3D%7Ctkp%3ABk9SR_j33qWZZw
The Smiths Sheila Take A Bow Punk Rock Music Band Gift Tee T Shirt 7208,,£7.95,+£4.35 delivery,7 Mar 2026,0,Brand new,https://www.ebay.co.uk/itm/314890215334?_skw=new+rock+boots&itmmeta=01KK55QQEMQDDMJZQ9310W7RDV&hash=item4950eb5fa6:g:fcgAAOSweY1lLDOw&itmprp=enc%3AAQALAAAA8GfYFPkwiKCW4ZNSs2u11xCctL1n5F1zemgGRi2IMWhq3r97ZnHgWS3xvteTxZGfJWYSAnJvzD77b0ZaSSTCt1ghjpg70nJ2PRXu3J5R7SMSVRNfWk7DT%2FGOT6vkQttjVRhaHDoAx36md%2BE%2FvTD08x4%2BkP9k%2FPwXARvJSYJDhvMLJ0a%2FsKt9kWvD5RQHfiduhtNUH0BoLp%2BSd%2BZrCh7R07p6q3iJZvluO3gBEh%2BQdnTGVN0qE8ckBLrFSXC4WJ8csRiBn4wzyJ9z%2BHjVwme2ISnoH1QJ9%2FdIHBchOGNwhjNQUDWP%2B0xlQfX%2B7TvNrp3vYQ%3D%3D%7Ctkp%3ABk9SR_j33qWZZw
Adult 1950 60s King of Rock N Roll Costume Jumpsuit Presley Glasses Fancy Dress,,£12.97,Free delivery,7 Mar 2026,0,+++ FREE GOLD ELVIS STYLE GLASSES +++,https://www.ebay.co.uk/itm/114079165079?_skw=new+rock+boots&itmmeta=01KK55QQEMNT37NVAQFA8DH3JX&hash=item1a8fa5ea97:g:UVMAAOSw6DtYVAM-&itmprp=enc%3AAQALAAAA8GfYFPkwiKCW4ZNSs2u11xAmABXFgrWGXbbzepIsFrRxQ5qX%2BC9SotMgeIobUSabBl8emjuBzENbv5c4wkRQGH50DsIECBiEQvgx4IJN16p1hwl2WVgH1lPwCZ0w%2FtlPnwM54S%2FJgvq7PnmMikP%2FaGThSaM1OSGmszEVh%2FQrcrG9HpVoGzT43kuSZmYQhyjU5MTw1Q4Wz86ABFMqZov5pyYtapcTTM3iuzYxu7VM3MXebTlbCWHIhLPypV7uELLKX%2Fw%2BGIMp%2FTwds1dHGWaPXmR7gZFggDFhv8MuZUuFb0EXUauerPS3W2oN3aXdcK6UOg%3D%3D%7Ctkp%3ABk9SR_j33qWZZw
Official Korn SoS Doll T Shirt Black New S M L XL XXL,,£16.99,Free delivery,7 Mar 2026,0,Brand new,https://www.ebay.co.uk/itm/276707334389?_skw=new+rock+boots&itmmeta=01KK55QQEM7BVZFB6JW91VWZXG&hash=item406d0ad8f5:g:0X8AAOSwPU9mz0D9&itmprp=enc%3AAQALAAAA0GfYFPkwiKCW4ZNSs2u11xA1%2BLglPhv3KcS4WnPeiWS5qrEtVc2sfk3keq2yWwipgpzxl9RI5qQHjlZ1xULtRvX%2BmEoXmR%2FYn95LNEiUzrg7pSFjORJbeiCY3vQRnIf5xO9UZAXw8295SYBs5rBA6CofySpqEyHd%2B0oi6%2BpeYEJJMr96I7Ty2lu7usKxr83nDc%2FzH8%2FEOSQaabrvp8ZgrNql9nWsojHVss1CMK7v57FRWH0oT6j08puV4Xue3S26DBD78PG2nELLCkeLCyIQw%2B0%3D%7Ctkp%3ABk9SR_j33qWZZw
Shop on eBay,,$20.00,,,,Brand New,https://ebay.com/itm/123456?itmmeta=012DEW30YG0MEEKND7NH&hash=item123546:g:acwAA9KNiJowH:sc:ShippingMethodStandard!95008!US!-1&itmprp=enc%3AbgepL1tlUHjMGCVfSTGJh%2BzsVKeJ3CQk7NizDI4BZeppuFnmyS6Ijyp8lh%2FnEw%2BWqO7uTV1Q6izE1R0T54aV8j71F4xlWfVcGft4%2FiOQhtqVXA1rW6M1atPARQRmhqUxtEPJKhKtSFgI%2Bvwlzb0GwVCtkp%3ABlBMUObkmabpYw
Shop on eBay,,$20.00,,,,Brand New,https://ebay.com/itm/123456?itmmeta=012DEW30YG0MEEKND7NH&hash=item123546:g:acwAA9KNiJowH:sc:ShippingMethodStandard!95008!US!-1&itmprp=enc%3AbgepL1tlUHjMGCVfSTGJh%2BzsVKeJ3CQk7NizDI4BZeppuFnmyS6Ijyp8lh%2FnEw%2BWqO7uTV1Q6izE1R0T54aV8j71F4xlWfVcGft4%2FiOQhtqVXA1rW6M1atPARQRmhqUxtEPJKhKtSFgI%2Bvwlzb0GwVCtkp%3ABlBMUObkmabpYw
26 PCS SET rani Rain Drop Glass Bangles 2.4 with AD stone kada bangles,,£12.94,+£2.94 delivery,7 Mar 2026,0,Brand new,https://www.ebay.co.uk/itm/358197911211?_skw=new+rock+boots&itmmeta=01KK55QXWS83694REN52DKHZ6J&hash=item5366425eab:g:uxYAAeSwlQFph0F7&itmprp=enc%3AAQALAAAA8GfYFPkwiKCW4ZNSs2u11xBI1rQ2kK8gh%2FnRvC%2Bt0hampdcawI4F68WNgaTA%2BPYslC8INfCTsC%2B4SMxQCD6zXV1uNRohFhFe7Z5rJKVjRW49FNahD1Y78tkaoUSMeuavtT78qaMUSGWd5YXSGCG0b4VY6JXuQMqDRQnKU8Cul%2Fm6%2FvXYK6uIPkMrVmzg6%2Fw2cKqPSX2%2FU%2BT%2Fdx0CpQRCKMG1NA4dXhhJYO2AP%2FlLIFYWl8EOJo3uBy2sPyCwNg%2BIXpTOWjd2U2NS%2FRjwKyrlL6M63MI2xCPZ5%2FVw1xakK3n4NhBVZzqdLDO7usgQoKgaPA%3D%3D%7Ctkp%3ABk9SR_7e36WZZw
LADIES ROUND NECK KNITTED LONG SLEEVE SUPER SOFT KNIT ALL OVER CABLE JUMPER LYCR,,£12.99,Free delivery,7 Mar 2026,0,Brand new,https://www.ebay.co.uk/itm/394240561331?_skw=new+rock+boots&itmmeta=01KK55QXWS8Y82PJCNYYNV0N7C&hash=item5bca9190b3:g:BYAAAOSwLoljIAtc&itmprp=enc%3AAQALAAAA0GfYFPkwiKCW4ZNSs2u11xAqC1bl2estLUxfpi1CFNmgNAhrr2WcYwJEDLyh6cFMHZOWsGs%2F3i4yygIu3DEwrEXE1LBfvuli6WkEIodImMpmXulorandzgrRGdKXbEjCeJvNT2%2FXCG7oj2H9hpc1uGTrwrlMACQb9S1Uj08aOBpUmSwmvGSgMxPu1QCxMonMjZKBGdi8bPcmFzn1rzs4w68j%2BLhFCKHdbkXzRAvB6JDCnvsD%2BLNE7juc3QWvndp4ubJshTyyNza0JOPdXqvgqqY%3D%7Ctkp%3ABk9SR_7e36WZZw
Womens Ladies Cable Knit Sleeveless Vest Knitted Jumper Tank Top Winter Sweaters,,£11.70,Free delivery,7 Mar 2026,0,Brand new,https://www.ebay.co.uk/itm/394257122195?_skw=new+rock+boots&itmmeta=01KK55QXWS013T8TEF01RNK2SR&hash=item5bcb8e4393:g:VY0AAOSwlMdjLvP1&itmprp=enc%3AAQALAAAA0GfYFPkwiKCW4ZNSs2u11xAvXL7iETNK2KHJT6RR1VD4LafosqgunuwKhI2YH1DFjbYSa9BpC3rNSWYCdQT%2FYgrFhNXRRnUfCLZmCpUQjMTpDrojrUxGuqyGBWDSkSo9kyyRvOhWMo%2B%2FPj3Vscxqaxnr35J0RXhHeLz5OGNc3o5TBouUVnIqFeGIwMRLq%2FkWoNWtnshsfocmbpRduLKx9XNsTVUcBajPUowK1syKKoa4qbGIQjGpgvkSvuT9c7A4c1nzc7j1nXyUB39wGPSQfc0%3D%7Ctkp%3ABk9SR_7e36WZZw
River Island Mens Jacket Beige RI Drawstring Hood Zipped Outerwear Top,,£12.60,Free delivery,7 Mar 2026,0,Brand new,https://www.ebay.co.uk/itm/406629559911?_skw=new+rock+boots&itmmeta=01KK55QXWS40XT4GF3NZJ2T65X&hash=item5ead02ae67:g:gAwAAeSwV~5pc1QL&itmprp=enc%3AAQALAAAA0GfYFPkwiKCW4ZNSs2u11xCwqQTFHUbquWYH9VjtoQDeIyR3evVp4%2FF3NqIizzK66ydF2W6t4NE%2Bu5phhzRFpaEeIXby7PzrGLC8%2BmvXbkBrnMryxqwO9Q3oFdD5oaaXDiHgvD4tiI5bc0fIXe07%2FDiP5UououA%2FNWl93qqVG4zj8a2WpPuPqg6Z1qG3jRA9rxP27KM%2BRGWAg2KMvVCJEAWWFIX3vl1vkjJRhiWriTlDoSSLD5bui%2BW5kEiaEMAQrNskFoTcgGUtgDYsqXWol30%3D%7Ctkp%3ABk9SR_7e36WZZw
Mens KAM BIG Fashion T Shirt Short Sleeve Casual Cotton Greystone Summer 2-8XL,,£16.99,Free delivery,7 Mar 2026,0,Brand new,https://www.ebay.co.uk/itm/406168792917?_skw=new+rock+boots&itmmeta=01KK55QXWSAR4K10KHNF7HH65V&hash=item5e918bef55:g:6fMAAeSwCHNosFfL&itmprp=enc%3AAQALAAAA8GfYFPkwiKCW4ZNSs2u11xA7nzF1ikK4rIipq0YhqWv4Jwwl1tb%2BjpmYvlOTUlVjmTIRiFqCxqRj04peMqsrqC5OnnQ%2FbgCqLtow%2B8qZKPAyY0oKzhqJ8TS%2FNcPa4Eg1cnDJu4BPc6h9GzDFbGpK95Yp%2BhqfFwRZ23NCov0Ik74nKFcJb2WS1c7ahfhF2TiA3LNpr2JBiNglmOzCEgMu7Mi2l7e5IYalbFs%2FrPlOvfotYJDSHvTpi9axz75RG0VgwOyEYgliwF4ZePSPmh9j8q4Bmb9S8j%2FKYX1ElTfafGvGmbYQGW6tpQz66UzVGFQIXg%3D%3D%7Ctkp%3ABk9SR_7e36WZZw
NEW LADIES JERSEY BUBBLE VEST WOMEN RUCHED STRETCH ELASTIC NECK HEM BALLOON TOP,,£6.99,Free delivery,7 Mar 2026,0,Brand new,https://www.ebay.co.uk/itm/384271794920?_skw=new+rock+boots&itmmeta=01KK55QXWSM0DNXK6R49KQJ5AJ&hash=item59786242e8:g:OSgAAOSwjTJg7F1z&itmprp=enc%3AAQALAAAA0GfYFPkwiKCW4ZNSs2u11xBelegLCfmghCm5%2F6jlfgz1sZYxuMo%2BnyxSM0IZ7tK9M7qQczUb172o0QLL4P2uWCz1KXxmLSmiDqi8sAD%2FYPaTIg1dJpGLVdpOZWXI3ezdX5YQUdTqDSKVaDfdqyevYM3HYV0lYivtshHXHSSOrnm6Ma%2BLGVl78d%2FH%2B%2BsPBUMrtAULfEyhziwjhWSvnIHl05HZx5cCq9NfSEQX447d97VcW63flosie1ByVlDgo%2FizDrCb1HqbBZNyPSInbhnMznc%3D%7Ctkp%3ABk9SR_7e36WZZw
Modern Pop Rock Graphic T-Shirt | Colourful Concert Style Tee,,£13.99,Free delivery,7 Mar 2026,0,Brand new,https://www.ebay.co.uk/itm/357167843619?_skw=new+rock+boots&itmmeta=01KK55QXWS8HHSZ0EEVG8ME6NS&hash=item5328dcc923:g:8c8AAOSwsPdoWoGu&itmprp=enc%3AAQALAAAA8GfYFPkwiKCW4ZNSs2u11xB3rHR2lMT90tNReAvw6AB2CVpvflwHInxGcaromrHhLu20UVj40f2xK51iE6Rbd2rW%2Bl0zwGZyFPkEJFha3lb6%2FUGAMLWTE3MtHGuj4egsDcWRqWGXDG4r3vGYN4HMegqB6T2FQF7buO32XuaK3Xf1Vx8z79hAInepA9WPSaTYX4Dv2ECPlRVNOlku%2B7LBZdrsH05CeiPZHiVZhHRymEUS837%2Fne7U1B1bLaIJ5jN2Zquf0XoXq4tLRpr%2BwGwUalC2%2BbI%2FqgIpBE3SHOANMD4kIDmlJttwCH7uK9ATP5gpTA%3D%3D%7Ctkp%3ABk9SR_7e36WZZw
Green Day Unisex T-Shirt: Flower Pot (Wash Collection) (Large),,£14.54,Free delivery,7 Mar 2026,0,Brand new,https://www.ebay.co.uk/itm/286091621856?_skw=new+rock+boots&itmmeta=01KK55QXWSAMMZEJ7B6HFB395H&hash=item429c63b5e0:g:l7sAAOSwpeVm~5l9&itmprp=enc%3AAQALAAAA0GfYFPkwiKCW4ZNSs2u11xBjQ82tA0wppe7xxY3KbA4gGua1%2B6VXTlpAN5uvk72ZZMP7wQrJmqyVItlO2Tax721FKL2Lwc%2FSLpiVijWa2PXw9cKMbU0upPY9wplkIYLT8uKOgCb%2BbQ3vkJDlAddPtVhuF3sCh4MNBSRp6QVdbOGwT%2FUvUyu3PIM2OG%2FIGVIZauXUbTR2zLSoBS2xD4XoXd13GPjVr%2BLXbbL8j4gOVONxoW%2BZ1tG9siNxSseLQETK62kUj9UcwBt2CmL64qmeDK0%3D%7Ctkp%3ABk9SR_7e36WZZw
LEVI'S LEVI 511 FLEX SLIM STRETCH STONE WASHED BLUE JEANS 29W-36W 30L-34L NEW,,£34.95,Free delivery,29 Dec 2025,68,Brand new,https://www.ebay.co.uk/itm/306205515683?_skw=new+rock+boots&itmmeta=01KK55QXWSNFDHNWYWZ2PN8TRX&hash=item474b455fa3:g:NHYAAOSwKI5n5ZBF&itmprp=enc%3AAQALAAAA8GfYFPkwiKCW4ZNSs2u11xAkfPdoPsja48V9WOeDF3jOqNqnsAu4mUzrwqXZH9h7RoO1uCzz6QBBaBpyb2yUUpxProBfLofyRZFPuO1HYdFUmRCGThEJDUNMMrQw1aI8S9wNnFbvn8fCiYw5PTKfuZ9P%2BLfjiE16A%2FuUvl%2Fw5z9GNd0WdFUTkBI%2Fa0KWzPonZwrNAyqDJQaIhTrCnzNsGrSZ2bTmILA5azRHLR8qpxycmu%2FS%2Bze3I3Ka4%2Bn2roHx8pDms594A7MsAwdm7fR6AIpXBYre9gcFPhXVs1BxonpjxbplE2d3PLJ9nBInJgM55Q%3D%3D%7Ctkp%3ABk9SR_7e36WZZw
Womens Plus Floral Midi Skirt Ladies Elasticated Waist Print Stretch Long,,£11.99,Free delivery,7 Mar 2026,0,Brand new,https://www.ebay.co.uk/itm/404472379894?_skw=new+rock+boots&itmmeta=01KK55QXWSK4KVDV7FRGCS0ZTC&hash=item5e2c6eb9f6:g:a0IAAOSwrW5k9FD-&itmprp=enc%3AAQALAAAA8GfYFPkwiKCW4ZNSs2u11xBAXsvSsY5%2BnvWwUGgIlwbe%2B52ExmU1Mitud8XkiT0ypMXXZvvC6OSBrL5cUr1aJq8cfp6Szww6OjiO6afWN0EBAh28mQ5YvRrjmV3qAv2G53ISllqi%2BmOxtKrgKgR%2FeDXnGFM1e2wfbvtvSY0crde52vVr0DHK9p%2F1%2BhrjNfhnzM1UcSvT5JY%2BHGU4tqESKBhuyH9H0fG8bhlPi62Jd8Eb1E0dbGxD61QqYhEXL30bZ1yc0wop6cDVP8yz3kTDts%2B22YpSixqmB1mgFNmAmg25ugS0U1FFnMsT8U0QuO6MRQ%3D%3D%7Ctkp%3ABk9SR_7e36WZZw
Mens Rugby Trousers Elasticated Waist Casual Office Work Smart Pants All Size UK,,£10.99,Free delivery,7 Mar 2026,0,Brand new,https://www.ebay.co.uk/itm/167326343451?_skw=new+rock+boots&itmmeta=01KK55QXWSQAQAGMZSHRA60X1N&hash=item26f56d611b:g:7o4AAOSwTlZntbT2&itmprp=enc%3AAQALAAAA0GfYFPkwiKCW4ZNSs2u11xA2%2FbQJoFIW%2FX%2BTUv2lmu2TdgLa1sJ8J8bUOJq7EFbeyOiFt1HaNx9lZh7eJ9S29TYomuDs32P3RskqXBtoNiwoJlMyofOPVl8zdms2wClsaey9LPgNnwa7Zx5nI13Znj9hh81%2BT7pYtIeXRcNJ5t7t3b3p12p6IQUMorwSEqmzRNugPJcpnwOZL6e0%2BzVU4706ZQRHLzm4pvz5am58DR2uYTf35YEyfnM4PJgqsxY4cUCDldKqEAq9%2Bv1xel4uWYs%3D%7Ctkp%3ABk9SR4Df36WZZw
New Black/Orange Metallic Rose Print Gothic Corset Waist Dress size 2XL 18 20 22,,£34.99,Free delivery,7 Mar 2026,0,Brand new,https://www.ebay.co.uk/itm/277757996787?_skw=new+rock+boots&itmmeta=01KK55QXWS7YMKBGJVNRY07TPA&hash=item40abaaaef3:g:QbgAAeSwtM5o8XGS&itmprp=enc%3AAQALAAAA8GfYFPkwiKCW4ZNSs2u11xB7uiPvKnoD4gpi1Mr1nIXJ9cKSdcyNhmIkPt%2F6s40cb78TJULO758WZFRE5RWLg8FhK0UrA7hcLq1WtsajGJnO9gE%2FVnmlQjXd5G85ejtm40xzePGDESuSek1gtmpuh%2BfhHkHE246yKyZI7AfGM%2FoRu5A5zCEfopma3G8dSDMfrFOatyF%2FPWXMI%2FLdUd1BKIlNfZbopNP%2B5eVCYWwFc5sQW58vXChGSxp4f9Iv%2FXOVPqU8sQW3Xm7VeCWFdcGwVBNqZkqM0N2JHerQzJFa06jM%2BpN6kUGDDyXpcnKOVW6ZcQ%3D%3D%7Ctkp%3ABk9SR4Df36WZZw
WOMANS PLAIN LEGGINGS NEW VISCOSE FULL LENGTH LADIES UK SIZE 8-26,,£6.49,Free delivery,7 Mar 2026,0,Brand new,https://www.ebay.co.uk/itm/335883438034?_skw=new+rock+boots&itmmeta=01KK55QXWSZRJNWKXPYE2ZJT80&hash=item4e343687d2:g:cy8AAOSwjzdoI9j-&itmprp=enc%3AAQALAAAA8GfYFPkwiKCW4ZNSs2u11xAjTZORqRL%2FJxJF%2BYjq31I1HWqnDfH%2BlR73HfqVec65HmsSgImixDfTAtrl2LN75AU%2BbNKrqIruFXHM9Z3nyCFxEq%2BfHPdfKmGIAgZ4ndNMmU22tE9NFjVAp6KQ5KIyyN%2F0SKmkylX%2BKSPT2%2BGynQ1YYehNzrUP111bY8zvV8XoMGmkV%2BydWudGukBixcUW4HqV1lWMY9MWpu5lMj4ACB3%2BxMBILIYHhoMDWfQkZEqDdByk49HS7c1LQWyDY1IDx7bdRdhlrVqPmSHttOV1P%2BrAFh9RQD3wT%2BCO3c0XuMxqBQ%3D%3D%7Ctkp%3ABk9SR4Df36WZZw
LEVI'S LEVI 511 FLEX SLIM CUT STRETCH STONE WASHED BLUE DENIM JEANS 34W 32L NEW,,£34.95,Free delivery,21 Jan 2026,45,Brand new,https://www.ebay.co.uk/itm/306203504767?_skw=new+rock+boots&itmmeta=01KK55QXWSZ7DAYYK21XB58YRP&hash=item474b26b07f:g:AkIAAOSwegdn5Dsj&itmprp=enc%3AAQALAAAA0GfYFPkwiKCW4ZNSs2u11xBy%2FEW%2BNBVwmzyiyz%2BBUCXixCUeyntEYh7y9CnsYH5cqmGaCyPJeo6WHm9hJuqCPOOGOhGAe1uLpnFXmQHk%2B5p8RPty8MggFDhEskUKsYByHqLEN42VK10mkwIyuiS4vTan9Vd8ebIr0RoOeAIyKNiLMsH00e0ouyK9AavSY0j956zkEBK2ph4yF4NIJRp%2FDZknSuc7oIB7NANpjk%2Bo3s750X%2FARrQkcYgxLRr8djGiVtz%2FsGBqu52H0Vzw3WVa%2FCI%3D%7Ctkp%3ABk9SR4Df36WZZw
"Linkin Park Hybrid Theory Hoodie (Rock, Metal, Band, Street, Hooded Sweater)",,£29.99,Free delivery,7 Mar 2026,0,Brand new,https://www.ebay.co.uk/itm/236472072499?_skw=new+rock+boots&itmmeta=01KK55QXWTJZ78MBT6CSTDQHDW&hash=item370ed57933:g:fBsAAOSwDm1oVCyt&itmprp=enc%3AAQALAAAA8GfYFPkwiKCW4ZNSs2u11xAFbVbXtW948JIyyl4Na3cE453xF7mX%2F8iRhsY%2F3U6ShG7PQNAqgc1yLr6m3locptTZpjiQG5l%2F8ZPtICsSb0906%2FPXef%2BMwBb31tKSey44XAku9NHAzPQsLXKmywk%2B8lIeEMxDIKEGKYxKmXL4y4RA0l7To1iNIQK6%2FO9Edve9e%2BHlC5SVp9GB5IdTBGg4bzTzhVuyoJOhAPyTzOiejlcO9JWlY6dkmqWYAm2psRCLtzltjVr95c%2F2RJ5LeUKAjT6SSWxc3Z%2FLA1gBScKDDDAD%2FcKPa4xImWb59YmwrnyvHg%3D%3D%7Ctkp%3ABk9SR4Df36WZZw
Stone Island Nylon Metal Watro-TC Econyl Jacket - Black Size M,,£145.00,Free delivery,7 Mar 2026,0,Brand new,https://www.ebay.co.uk/itm/366250909013?_skw=new+rock+boots&itmmeta=01KK55QXWTPWP63PNAPWJ9VKR8&hash=item5546415d55:g:hQ0AAeSw-Expkf5Z&itmprp=enc%3AAQALAAAA8GfYFPkwiKCW4ZNSs2u11xAaSDihww2VGcq02QH7CZzrAfLhA1OTqE2v6rPEDMlFm%2FQzkH21TV2nqJBcCIihceTnjQHpK0XRmH59TuHWN9HrZNWxQzaN%2FKtH%2FadhlXyKHJp%2BQJ4UZMN2E%2F59PhRsdLyULLsECSmZbd1yMSoiKdSa7zT958SVfTII4GRjRmbOh2MjR5xXs6h5Pjg5qCK1vZI6SFDAxReGdV8ZaDPvFKyc2Q0xVkLkkcMsOSheGun7mnydUZfus9tVhVmvEmhb1AXduxg%2BPzBvHwdMq8rnOnDyVILzENZZt%2FvuXzxSQy99%2FA%3D%3D%7Ctkp%3ABk9SR4Df36WZZw
Skopes Men's Jude Waist Coat Herringbone in Stone 34 to 62 Regular,,£43.95,Free delivery,7 Mar 2026,0,Brand new,https://www.ebay.co.uk/itm/236292464303?_skw=new+rock+boots&itmmeta=01KK55QXWT2J3JS719ABGYBHM8&hash=item370420deaf:g:oywAAeSwDUlorvdR&itmprp=enc%3AAQALAAAA0GfYFPkwiKCW4ZNSs2u11xAwqYJzrasxQ3WnkF8QsRjWaJwJV6MQgHPsTYF9Xb4NTpxNJ9iX5Yo1edePRKAFqs3PHGwih5LIJL56%2FEeLXv3oLVotEy10HPzPdtB2ZmSqtHb96RhH%2FRYn%2B0zqP8rxmDM5g9ar2kK6lFfmUgrLV%2BkZCHdjxVYEIz7dpCASw8pGyorNg50pXJIxuMQHChXgH1Y%2FJRhN3gDJRqWdIA%2BAOVn0g1t3%2FT0HSMHS2A9fvI999xuwnG%2FeIB2LaTS7JPKT2po%3D%7Ctkp%3ABk9SR4Df36WZZw
Ladies Jersey Bubble Vest Women Ruched Stretch Elastic Neck Hem Balloon Top,,£8.45,Free delivery,7 Mar 2026,0,Brand new,https://www.ebay.co.uk/itm/396689228461?_skw=new+rock+boots&itmmeta=01KK55QXWTQAHWX8GA9H4F40AB&hash=item5c5c8542ad:g:LekAAOSwANpoPvN9&itmprp=enc%3AAQALAAAA0GfYFPkwiKCW4ZNSs2u11xBzABwzU5h1N4lfb5RSHtBkCJELWQ%2BkNGaPlcfqeBUFsZ96l4hiFoO%2F6%2FrZU6hZARJRticcwHGdArXxj9eobF0tOY1FAYKhWPFl3v%2FYuwBAKtCFjWIgIKJknfwT5gozAFnMCqOHSqpgC0RBNp%2BcD6vY4ftJlpHV04Ag6qi5n9XyqTZv6Coh%2BaBwxkfDQb0Mioe2twgCy--B6ZYD0wtybnV8HRutnqR7C%2BtytAVVBEOV9Nw%2FjjV8Dc%2FtQ8yiBXTkQcU%3D%7Ctkp%3ABk9SR4Df36WZZw
OfficialThe Doors T Shirt LA Woman Jim Morrison Black New S M L XL XXL,,£15.95,Free delivery,7 Mar 2026,0,Brand new,https://www.ebay.co.uk/itm/235769109517?_skw=new+rock+boots&itmmeta=01KK55QXWTVAP0DND8MYVFY237&hash=item36e4ef1c0d:g:FFEAAOSwTwhm~VSe&itmprp=enc%3AAQALAAAA8GfYFPkwiKCW4ZNSs2u11xAzG6QIaY9VPU3qgjJUbHJDBioYb6zT%2BR8nho%2BgSUqaUvwSMWErMgCu%2FOs3w6%2FVaF0CK5YdaFFVMWFwAtlkHxncGPUng3q9odm6SCAEVy%2B6pA%2BvrC%2FYGPKlJZHYGQWFxC1HoeFq7iVKT98tFeRFW0xoBXxKmS3huSrNKARLIzX%2BEzEiF8O1ZhLGrwbxGfQVVpv%2FH94vQWaZ1Ia%2BeM6eInLxwo24YvZrH60dhS4u80CF7eRH8tHJRE9OaPwmlD51uR5x%2FVzIAM%2By4Sxa9G%2BZaCRrR%2FlZBsnSH3fd%2BLplmRuTAQ%3D%3D%7Ctkp%3ABk9SR4Df36WZZw
The Smiths Meat Is Murder Punk Rock Retro Cool Gift Tee T Shirt P492,,£11.95,Free delivery,7 Mar 2026,0,Brand new,https://www.ebay.co.uk/itm/204411318606?_skw=new+rock+boots&itmmeta=01KK55QXWT1F5N7SFTVGJ8C6YH&hash=item2f97dd314e:g:8xkAAOSwh4piapWh&itmprp=enc%3AAQALAAAA8GfYFPkwiKCW4ZNSs2u11xAWbCtC17h0xGFeHHLVVm%2Bir9YCjLVJFo%2B4StqiQebzr5cNgydK2XPUyuJcu0z4IJRsEYbR1fr16MyG8aoGXgehPbPckesMMUEVC6po04QWxnAwnRMBPO4P4j%2BiOhnP9oZqxOOQWOufHPNswwF2%2BbEDSLhVKmZe0pBhhqY9Z0FWfmLQ%2BhvvUwVBTmPUrpIAgT19zqGZ4GqmJkI%2BurauKUla28JvVM6G2vIoMKperAfTKJl%2BZZrmUVNQitC25BD9hwIEl6HcRRsOR9TvVJfN%2FKEluf4KwyOm80xiyC1Cfz2EzQ%3D%3D%7Ctkp%3ABk9SR4Df36WZZw
Unisex Rain Jacket Cagoul Kagool Pac A Mac Showerproof Hood Festival Jacket Coat,,£6.95,+£1.95 delivery,7 Mar 2026,0,Brand new,https://www.ebay.co.uk/itm/266173832896?_skw=new+rock+boots&itmmeta=01KK55QXWTA7GET0PT57HHMS3B&hash=item3df9325ec0:g:ozMAAOSwXB9mH9Ms&itmprp=enc%3AAQALAAAA0GfYFPkwiKCW4ZNSs2u11xCGr1nX0nrXRAOFk5P2MpIKzVWjZsfMRQL95e5iH8EeUjmqfjvJ1c48i8qH5l39r%2FUdjmD2064umG0EF1HX30wx7QhsGCp06ePn%2BSjtFdf103L60PcNbRN1Ezi%2F1FLn0gSJAvliWseBfX2vnv1d17zTDZ9gifzrVocMKJUEb8RzXZyBP3Qc9B1AQQ3Pn23h%2B8vrLrhejXziyoEisO9NESUh9XAfc9AJSEsbJjBTcrklfvkCaGPaZHmOAfPC7vuQgUI%3D%7Ctkp%3ABk9SR4Df36WZZw
Head Scarves Fashion Turbans Stretch Jersey Headwraps Soft Head Wraps For Women,,£2.99,delivery in 2-3 days,7 Mar 2026,0,Brand new,https://www.ebay.co.uk/itm/275107587821?_skw=new+rock+boots&itmmeta=01KK55QXWTN6ES74FP439MSNQ4&hash=item400db0a6ed:g:skAAAOSwL2tjo4eJ&itmprp=enc%3AAQALAAAA8GfYFPkwiKCW4ZNSs2u11xA5c6n2n6lSd10xeqzbU7glbanUQ1ExyUDi4v3RoDEKtw0zQ9GJcsYpHVdnRdT0od8HNnrSTkJWksWNLmhdnz0T%2FiT7%2Byf1Kwku2xLzR22S92QMjItAKkwUbEcUNhyeCAh0Xfk3rFwjMSNOQXBHZm8Q1CUjdmdbvC4vCgsncMNJF%2BuYthcoISLaE09osuS3EX3dpVH--qZSFZKHzAI2RIVvLISD9%2Bnourj38RZ%2Bo7U4A6g97j%2FVNwIPkv2c2WjCC2Tq%2BdG6Vt7zz2afcaRCqODcIcwip9szucW3RstzA713uQ%3D%3D%7Ctkp%3ABk9SR4Df36WZZw
Luxury Super Stretch Premium Quality Thick Plain Jersey Hijab Scarf Head Wrap,,£2.99,delivery in 2-3 days,7 Mar 2026,0,Brand new,https://www.ebay.co.uk/itm/275309551350?_skw=new+rock+boots&itmmeta=01KK55QXWTGVPG231BY0BSBGZ0&hash=item4019ba5ef6:g:rgwAAOSwTa9ifVZV&itmprp=enc%3AAQALAAAA0GfYFPkwiKCW4ZNSs2u11xDPyzjfSZ%2FZnga3Y%2FfNnuWrHz3KF5ZJkWuYTHYvcEHiP08I11Zss3NpBcSVMxGKtJjRtLJAJ3h7xk3svCLbUlVAP7Nk%2BlN19L5pP1nCfWSymYrWOSEA35VlczTETqvKYhv7AY6Ueqouur%2F23C3erllpl2nGpRgSsiWo2u0GkEM8IXQETqO4DnPQ1XDG5NAd8g7SiVLPdHJKQvHeynOOOxlUxorYd6JS3I5vPUzgN6mxW6zIU96EAL5fw2GT5sB5r6w%3D%7Ctkp%3ABk9SR4Df36WZZw
Stylish Calvin Klein Safari Style Beige Stone Short Sleeve Linen Shirt Size S,,£37.10,delivery in 2-3 days,7 Mar 2026,0,Brand new,https://www.ebay.co.uk/itm/375529146733?_skw=new+rock+boots&itmmeta=01KK55QXWTZDJ25MXGRQQBC2WX&hash=item576f48096d:g:yEIAAOSwD4ZmjbOr&itmprp=enc%3AAQALAAAA8GfYFPkwiKCW4ZNSs2u11xDQG2eCT6qC8MCn0LHvDcx7NwpnIICyHgyqkiwpZOuP4%2ByWYw4sGhC1elXRhuXXrgp8lEi7WRusn7BB8AUXUZyO6YHyX9yQ2QFIn%2BHZs1Gh0pfVDocojt2JckR7DCEzfy%2B%2BymYfCtqLs9Ib8tp1wI7kmCBxF54abI2zwtG4lE%2F4Ya7Zh%2FbLZpIDXFQOdn7ocyl179QxPN4EdIf57Z%2FMWOoUNIjdjMuNmrkK4ViR0ha1tX%2BMmSrcOCg%2BzSEb9F2BWCWpUq%2BteKPbAtF%2FKSXd8ANgyRE3SBqFqbFSYpCHSiXEyw%3D%3D%7Ctkp%3ABk9SR4Df36WZZw
80s Rock Queen Costume for Men Retro 1980s Fancy Dress Outfit Jacket & Trousers,,£23.99,Free delivery,7 Mar 2026,0,Brand new,https://www.ebay.co.uk/itm/306714388619?_skw=new+rock+boots&itmmeta=01KK55QXWTF23NVSS0JNC3CQ8N&hash=item47699a288b:g:XuMAAeSwDGNpalwp&itmprp=enc%3AAQALAAAA8GfYFPkwiKCW4ZNSs2u11xD9UD3DgxeFvhNUxBNCxIZzhhjxWRS4uyiy0Af7s7SRx2BkjRTqMYzZGtMsAm0ZKdvH%2BrVOPqQyINK9bLocJUQBj9ECIAREEfEK4cKPK2vnTuTF7HktC626vEatMIHGvCyr8OE96qIbggn2MwK5eHbeuXCZXBN73362vYFh%2B79y9il%2F36IlJGPj2wLXRVjmUlNFwaPi34iodEFzsQJfJrTGMesq%2F%2B3fw4FOY9yKti6eUvhGPSfVRcOGmk7sd75yWNQySUsbVnSd2nFQANwDJPBO6XVd6vwz6glNkjdpTXRM5Q%3D%3D%7Ctkp%3ABk9SR4Df36WZZw
STEVE MADDEN 60129 MSMP 020 CGR POLARIZED Unisex Retro Sunglasses SM043,,£19.31,delivery in 2-3 days,7 Mar 2026,0,Brand new,https://www.ebay.co.uk/itm/236327986536?_skw=new+rock+boots&itmmeta=01KK55QXWTZ6NHQ13CBJ19MYKF&hash=item37063ee568:g:3vIAAeSwkAdox7tT&itmprp=enc%3AAQALAAAA8GfYFPkwiKCW4ZNSs2u11xA9YORucuVg%2Bhv6YcfLztvXG1tSO7x2Gx16FZfl5YJkhQLJyD3okZH%2Fn1CX3N3babGm5Xf14u5fOo%2BJmQkWuxlYplxsIj7PiEKJRYyOB0IFjll2stPwo1UVQpYxgM0WxbmLum0SxDzCi0LNh4vtv1EakUQm8%2FtF3SOWN9f0SWsOtxyT98fCX%2FI0M7Z9JeLLKOHLJSPH4SHoJa8LLLeQy1ZcBtpH5EQ2mYVEoAGVNnXJJsf%2FUcKpaViwWMWNCOgtRyz0JXqWIj2XCbVbwSu8kAzlQgTfIKUkjxaJiCf1krNmCg%3D%3D%7Ctkp%3ABk9SR4Df36WZZw
Stone Island New Silk Jacket XXL 08ss Archive Rare Item,,£414.70,+£3.42 delivery,7 Mar 2026,0,Pre-owned,https://www.ebay.co.uk/itm/406642912418?_skw=new+rock+boots&itmmeta=01KK55QXWTDH9Q375V7FAZGK16&hash=item5eadce6ca2:g:ThQAAeSwH35peB06&itmprp=enc%3AAQALAAAA8GfYFPkwiKCW4ZNSs2u11xAiJNL26ryD1AAPkrzZ24JMchvvyYHHYBrQRGTr3b5I0mCece5k%2B4LsEGCkPS0UWIsFSDeKybSbENMo5qVgke6x8%2B4pgSFd9nnvkoSnvKXVe8ejRE9cdhzrNLvhXdFB7Z%2Brd1QQ1hLkNRsCjPo3zW2qJ0lub57tJ6eSEJHUaPzfFjFnFBgLMz61LTqOGBE3T30WbobOFWGALJvdL5eusRBm9yUXGWeGh4zDjjpkQ7lJuJBYHiaxE%2B8qM1kvF3%2B%2BJRWsuBoONuIK7Q9MFEVdyqWasWBoz0D%2FqmqfZ8nTXMc4ZA%3D%3D%7Ctkp%3ABk9SR4Df36WZZw
Plaid Wool Men's Tie Country Check Grey Black Modern Strip Slim Tartan Silver,,£10.85,+£0.99 delivery,31 Oct 2025,127,Brand new,https://www.ebay.co.uk/itm/115691644990?_skw=new+rock+boots&itmmeta=01KK55QXWT61MJXFN6KGG8J6TY&hash=item1aefc2683e:g:DJwAAeSwayhpnyWj&itmprp=enc%3AAQALAAAA0GfYFPkwiKCW4ZNSs2u11xDXXrN6huujpdMVXn6J2bssQ3wI3uTcntdPvMlecpMpSyKtKP1Z3XlRM7ffnSO6LaDyVtR7HQkwbj7xMn%2Bepqpd1s8aWMHzi0epv%2BnVGiUTloSMoCh9Cxd1MbdOprS6FRSfwEoi8doy0Lu4FL8iBNc7dIeQoc3mfiE%2FMRlOl7uzmF86S7zx7sIFylYMyRcju5f15KOgvlED2%2FtuPe3XLpZV7%2BqYGaAJr5cXZ8nEJz9RicWwx3fAQeKHTeGlT1knOLs%3D%7Ctkp%3ABk9SR4Df36WZZw
Womens M&S Cropped Jean Wide Leg High Waist Raw Hem 3 Colours White Medium Denim,,£21.95,Free delivery,7 Mar 2026,0,New (other),https://www.ebay.co.uk/itm/286301515431?_skw=new+rock+boots&itmmeta=01KK55QXWTVY9RXG8GB6Y6FKFA&hash=item42a8e66ea7:g:5gAAAeSwqNJoe4s3&itmprp=enc%3AAQALAAAA0GfYFPkwiKCW4ZNSs2u11xAFDkbtfv5DCTU1ZU3qZFfTARpx07QvyJ9cPygQVNXztzt3Y%2BbV%2BzkJZdbjA6DZFfmk3AYp9Q4%2B4YnX3hwSkw3tWhCfV7c12OaS2pcc2CRIprNbDX7cHMjLq9jHpPSEd2eWpPcDqHynzCoUHoVKLvNx54Tz68mYr%2B3K3YTNlCVpYX6%2FuXfMejdWLYE1IaNtAmaBTWklvXXbXrJkoaAK17oOEG198T2xYBR71xX09xxBPuYPOVIb6dq2j%2FRmXF5q7ec%3D%7Ctkp%3ABk9SR4Df36WZZw
Women's Sleeveless Knitted Waistcoat 5 Button Grandad Style Cardigan Vest Top,,£11.99,Free delivery,7 Mar 2026,0,Brand new,https://www.ebay.co.uk/itm/187823035991?_skw=new+rock+boots&itmmeta=01KK55QXWTA065HR511WCY7W58&hash=item2bbb201657:g:vxEAAeSwh21pN2ZR&itmprp=enc%3AAQALAAAA8GfYFPkwiKCW4ZNSs2u11xBmXW4vvlfRbbhpH37omWZ3CLTd%2Fp%2FW5wH6gHb%2F30PO7dLUKiouyqax4IcPDLrQQ07IUDrPH1A%2FazoHyK1QkUl28%2FtTGeN4ZsVJLHRnb6Vh3IftaUKaFkSP5W5wWd49YAEgORCKJFJQua94Ur0h7ljBZD9jo5mpwIH3kkZnd9GYg3RzEFEulRCD5Y%2FOjqlGopY%2FhK%2F7nPKhIvWUzI5vOsISFRnf0lePjwMg6tRRCYkShS5ETWGTBtXpxrEHYkooFaErzI0EgPuRObQUDHjxiARxqpGtoH7aeCMvAEomMnmohQ%3D%3D%7Ctkp%3ABk9SR4Df36WZZw
"Levis 501 Original Straight Leg Regular Fit Men's Denim Jeans, Dark Blue UK",,£29.81,Free delivery,7 Mar 2026,0,Brand new,https://www.ebay.co.uk/itm/227138264780?_skw=new+rock+boots&itmmeta=01KK55QXWT05QHH9SPZY8DHJBZ&hash=item34e27edecc:g:-gUAAeSwih9pRdZx&itmprp=enc%3AAQALAAAA8GfYFPkwiKCW4ZNSs2u11xD2X3epYciD%2BPaS2uiYh%2BUkCv74hnm2n0TqVHO43mfbTRyb3GBpfUhFw6wZfq12RFd6aYxBUJAONs69bR6eM%2BvKb%2FUtH1fd8dw%2FQyXUUNKd6a%2FDf7XfNZFamWd1HEZZL%2BzLol9f7jOFtYjnM8tzf79ioMu14os3dvDpPBQfIK8rYcrvCzZfnvekVBsGM8RaNtVsZQYc3rsyAdUMcuj1cxXdMMqz4nnkC0NAxxVMekfvMrIKi4Mr0coQmRv4wWvgqeVJQed3wIYr9YAZxpakYLwroxq07o4CHjYok36VS7t05g%3D%3D%7Ctkp%3ABk9SR4Lf36WZZw
Women's Plain Legging Ladies Plain Stretchy Full Length Leggings Size S-XL,,£1.90,Free delivery,7 Mar 2026,0,Brand new,https://www.ebay.co.uk/itm/333138227151?_skw=new+rock+boots&itmmeta=01KK55QXWTFDYFSBD2DR4PPT5R&hash=item4d9095efcf:g:m9MAAOSwYENcoSoh&itmprp=enc%3AAQALAAAA0GfYFPkwiKCW4ZNSs2u11xC%2F61%2B3vP4I%2BYk8anE6ehNnJqqJThHBaS3VBcIDRQSyE4o9P88NY0QmryvLbej4swwufKfruT9%2BqeryhxN8wFjjhNqGGGgfIx5tY64u9%2Bg0A30aNQLVtGW62y2fFNs1zjw6mvnqQl96aydbjR4s%2FELgqRJRCa1OJoUrOl8LgPItETIk%2BNN1%2FLSMBKep25ePjfOEA%2FjNUMnO49OmgpOCF0UHfXzyC35tBpwwXuh4fr89m9%2BMtDyXVGTr7nyyIhqYFIs%3D%7Ctkp%3ABk9SR4Lf36WZZw
Winter Warm Mens Denim Pants Jeans Fleece Stretch Thick Straight Trousers,,£22.99,Free delivery,7 Mar 2026,0,Brand new,https://www.ebay.co.uk/itm/326369842537?_skw=new+rock+boots&itmmeta=01KK55QXWTKDSNR06A2F5N41N1&hash=item4bfd289569:g:ShIAAOSwEUBnWwQ2&itmprp=enc%3AAQALAAAA0GfYFPkwiKCW4ZNSs2u11xBgaaqPRqPEp4IhEokXgTMxNYH1v8ivOToW%2FTf5LUySq79B85pyXESDPE1NSOFWiblusH762hPcKc3VNSMirAmgG62nKTbDQWh7rTH49tP8K1X7cMLY464Wx%2FQsccIq57qJvFQuDylc%2FzTjLdsU%2FnoqBI2C1w%2FF%2BTvs6P2la16W4xVFZ9FuKvZaBPxYKyPp9oL6S9sZpwXivMi3orcjTgeOZ4L3qRfsYxn6Wf%2BbAI1w8t%2BGwx9cDoxohtwTN9uazbQ%3D%7Ctkp%3ABk9SR4Lf36WZZw
New Era Kids New York Yankees MLB Team Cuff Beanie Hat - 4-6 Yrs,,£18.95,Free delivery,22 Nov 2025,105,Brand new,https://www.ebay.co.uk/itm/376538145596?_skw=new+rock+boots&itmmeta=01KK55QXWTRMYMNVTW6P8R2A8G&hash=item57ab6c233c:g:1QMAAeSwZPZowBR3&itmprp=enc%3AAQALAAAA0GfYFPkwiKCW4ZNSs2u11xD9u8rj34%2FAxqXV2khAK%2Bal%2FeCwV%2FDXNZQhBJZsxTW70Ap3BPxXceVF%2BRRrFn117ymv6v9u4CsVN7BynJlSdaj0QkwripFlr%2ByrnlHv9DPci%2BzmQ7s5U5cllbm%2Bsijj4OwVG%2BEqGbtwU6HugMhYYMlVRR4Mbu6rvzJxe2oLgrAnPPVOggQBRWSiJJygymfauDWzyUdZE%2FXV4XMuHmUfdIdFZcVmS1hPt4vgFRG1vN5a5wKk6hW6%2BxBacOVYQCLfv84%3D%7Ctkp%3ABk9SR4Lf36WZZw
Mens Modern Classic Pastel Formal Wedding Business Necktie Tie,Ness,£8.99,Free delivery,7 Mar 2026,0,Brand new,https://www.ebay.co.uk/itm/156207925372?_skw=new+rock+boots&itmmeta=01KK55QXWTHX0DG2ECBZ9V5H4G&hash=item245eb7c87c:g:ICsAAOSwJitnDRrt&itmprp=enc%3AAQALAAAA0GfYFPkwiKCW4ZNSs2u11xD6nNwiBBcJXPv9muKMmeOba5GT6TmTWAmCE4hlWgma46QvkKqmwIbQvJdziPg%2F7IocyovlpF1Mf6Q7tv7sbx2DN0t%2Bftppf%2Fz5Px41Tl1u9tLpoR%2BAxpQ5DJc%2BlOiGV7gXUzLjS9OxjTnVyGFcMJNz7lcUFdoTXOKacyMMxkTeNiqI%2ByMdcYBi%2FUKOWgpE9FlBBHuTu3DeWfD5QOn2V7kfl4n0WzsHp10s7vY6tS8HF%2FN8vPAMSrfe5p1%2B5pDNyOw%3D%7Ctkp%3ABk9SR4Lf36WZZw
Ozzy Osbourne Socks Unisex Bats Socks Official Mens Ladies new,,£7.99,Free delivery,7 Mar 2026,0,Brand new,https://www.ebay.co.uk/itm/257306874306?_skw=new+rock+boots&itmmeta=01KK55QXWT0F5BRXTN133K042F&hash=item3be8af51c2:g:7MoAAOSwsbJnS0un&itmprp=enc%3AAQALAAAA8GfYFPkwiKCW4ZNSs2u11xAf45e1cTYschIxsZIu0EzWuiXlhOCMiX0rDB%2Fgl0lYgW6SWkeRQrUz4aoeautmFPrYtp0Vb9ixxEfAwF3T37JhlRDxs1UPxSv6V5DnMG%2BDgYaRl3hbNjho7GmiSsz9wURDUQ7BHaiUPSebOaGoe4e4HFRdIOYI8GvHOzBTqdi3rYL44fjc0gb4cS2%2FjDYTFzUbxIICJ%2FtMc2OhdvQUNqhaR6FxM9DjN%2BhausV23n4ygBxDf3Txbb2RrBXjCQJTWSO374wg0RVDv15tjvEBh6hQmIZifaRqf4zg5qVBDI3Rpg%3D%3D%7Ctkp%3ABk9SR4Lf36WZZw
Apricot Wide Leg Jumpsuit 10 POCKETS! Catsuit 70s Vintage Style cute quirky,,£16.14,+£3.38 delivery,7 Mar 2026,0,New (other),https://www.ebay.co.uk/itm/286719717956?_skw=new+rock+boots&itmmeta=01KK55QXWT09WRK6S1AF3W37PT&hash=item42c1d3b244:g:wkYAAeSwPaJofQzu&itmprp=enc%3AAQALAAAA8GfYFPkwiKCW4ZNSs2u11xDd%2B%2FEzYkpTLQN7eq%2FiHHnmihPY5JatRYhXs7xdpvSKZ8--Jp4ogrLrjhepS9shK4bcBXgu%2BHVee4o2iimuiJ2OVX580RgL%2FHtcp4RcaAwMdbiGCHttmI7gAYregVU4RlzDizVV35lUJYCdDvW650Xq4PbFZJ2oepWz29hGT9rRTXk70FanfhOpaNksZxvX7gu6s9Sff7MkEnKdzRbkImNdABtlvOD8gbOOY5zXo5%2Fl8hI6qvnL5QVuuKQLuc95RztFG%2BlCMtBhCJqLM7z%2FehpBzOCgU0ppvUwShLzSr7eedw%3D%3D%7Ctkp%3ABk9SR4Lf36WZZw
Crocs Classic Sandal Clogs Lightweight Beach Slip Shoes Slipper Size Hot Sell UK,,£18.98,Free delivery,7 Mar 2026,0,New (other) ·,https://www.ebay.co.uk/itm/257246825624?_skw=new+rock+boots&itmmeta=01KK55QXWTVMNABHFZ3RBN31HQ&hash=item3be51b0c98:g:2VkAAOSw1LloSJJ~&itmprp=enc%3AAQALAAAA8GfYFPkwiKCW4ZNSs2u11xB5ODoSlUI%2FZYMA3sDwmDaEUhLswG3%2B3sesxDGvQRL0xcA%2BrLmTIz%2BgQCEgfb3xZ0UEQdNXiFPFlsHoXZF1ePKQgN0Z2ESEHoe2TjkhpttV%2FYWDnlm251ku1SZFKHojF%2BVotd%2FTl2imKHabbTLJCk6yia7Colwolhpp4%2BhEdR5g%2FpBR2H2XxGoY%2Fsb364lTaTMOvhXz37Z4ZUnNZNqVXsQzuYPkwtGKR18%2BeBp0q%2FW54Dtioo9mKz1V5h8pnFRTz5MGF4vhmNmvUDYLzL6fmwhzdoaRbef9b2S7WxwomSu9vA%3D%3D%7Ctkp%3ABk9SR4Lf36WZZw
Tina Turner Mens T-Shirt Tribute Music Singer Dance Rock 2025 Legend Gift Tshirt,,£9.99,Free delivery,7 Mar 2026,0,Brand new,https://www.ebay.co.uk/itm/125957538727?_skw=new+rock+boots&itmmeta=01KK55QXWT74GQZFPPKQME35KW&hash=item1d53a783a7:g:Hv8AAOSw1e5kd7VC&itmprp=enc%3AAQALAAAA8GfYFPkwiKCW4ZNSs2u11xDcb9eLcUaggEZpcOFwq5eGzj3yfnsokBDZSfagb8fNybW8roPHJAqiruTRhuWEh3NFRCUb2ys4b3FGA%2FpNz98ai3dfvhzDwBK2gdUmiE8fqFU7omfvo7FOxhZz06JCox%2FCei0uzZNMYUbiEmUsZu%2BrHp9tquc7kC7BSWUQ5QlzfcHv%2BSOr3c23bsa2PZFijIXsmZ%2BqLX4woJBapCDBOjjYjX%2Bomsur7C%2B1kPtIoFW%2FxyR5axZyqjlsZb5rKs6B3J6%2Blx%2F20FbVBNouy%2BA1Xy8eEtuPbyT5vk2TBHzXCn%2Fa7w%3D%3D%7Ctkp%3ABk9SR4Lf36WZZw
Ladies Womens Parka Jacket Coat Pockets Long Sleeve Fishtail Cotton UK NEW,,£4.95,delivery in 2-3 days,7 Mar 2026,0,Brand new,https://www.ebay.co.uk/itm/177222682740?_skw=new+rock+boots&itmmeta=01KK55QXWVEKQVSA0SQXC1CRX9&hash=item29434b8874:g:BAIAAOSwAIJoXBTe&itmprp=enc%3AAQALAAAA0GfYFPkwiKCW4ZNSs2u11xCwCnwKCY501OO745W%2BcR0RJsIidAZybMhlPjNTpuWIHX1CI%2FgntzK9EoPfJ1qOnF4QiQfsDL8Prnzx8PFMiwS4OIiYloCsgB4pSV2hSTgZNxcSdDOEWPJnTcicHc71bakPvcFfuRSiI%2BQB%2BRzbF8PRg9PXam96BT2LSS9MQAnjLRyOX46pn%2Bn17nSXpvTJxxIsrnuBVbVX1xUEBe7KFZfNb0%2FmWIuYMimI8KFaiFi8dk9j%2Fdc8anrU9nWX8SDdksA%3D%7Ctkp%3ABk9SR4Lf36WZZw
Jaws T Shirt Unisex Movie Poster 70s 80s Shark Movie Film Retro Movie Tee Meg,,£8.99,Free delivery,7 Mar 2026,0,Brand new,https://www.ebay.co.uk/itm/315165340014?_skw=new+rock+boots&itmmeta=01KK55QXWVTSPJ3F4NWWDC7YXC&hash=item496151716e:g:1hMAAOSw1L1k2XJ0&itmprp=enc%3AAQALAAAA0GfYFPkwiKCW4ZNSs2u11xCoDECEt22K8HHs5coqbxWXJSXVqddPdqvOhK3u1MLrNnY2eiV217IF7VR1qc12o2r%2B09r%2FOcc0qjO5oI7mHbIBPxIgALTUgB%2BGjfSTX2X%2FQGRyp%2FzTYiODpNdwHnxco3XgQzlXzdsRlakfEqlkh9ywe7tOBPeMVWOZWyTYeZmNTdW3vHskIHBunXVX6T1dSGSYyIlYbSZ34cBcyNz6mGCv1DOpgSqoJtQimO3jnzoUkLz%2B7E3o8Sgj51g7adm%2B7ck%3D%7Ctkp%3ABk9SR4Lf36WZZw
T-SHIRT (3608) Be An Eleven in a world full of ten's Christmas Things Gift Shirt,,£5.99,delivery in 1-2 days,7 Mar 2026,0,Brand new,https://www.ebay.co.uk/itm/205402159911?_skw=new+rock+boots&itmmeta=01KK55QXWVDGKD4ZH68G1X8K01&hash=item2fd2ec3b27:g:yToAAOSwh49n864Y&itmprp=enc%3AAQALAAAA0GfYFPkwiKCW4ZNSs2u11xCw7SG66r1rqBOaYzgGohi75Gl2CsmRYASIj6eH5hU9ss%2FskEsnzLGyMopIxgaY9ytmcAOgH%2F5%2F9kPD9Iqxa6IqO6mIavkFOmlALY%2FNbe%2Byzipfa7LWV4h%2FAi7UVHpzfWGpHb8Caz6tILwciREP5z6XKpE3dUX2fnn2McOLALTdV6xOeYWi5mOYA7ma4GY9EZwyJ2OPhx11L6SSu3uVJ%2FD3u2Tf57PI%2FWhuTGalMK9KcddgN7s2O0jG6dlYKeKyZzE%3D%7Ctkp%3ABk9SR4Lf36WZZw
Ladies Fleece Jacket with Zipped Pockets | Full Zip Top Warm Fleece,,£10.99,Free delivery,7 Mar 2026,0,New (other),https://www.ebay.co.uk/itm/157528138489?_skw=new+rock+boots&itmmeta=01KK55QXWV8FEQ2P6WSZ7MH433&hash=item24ad68a2f9:g:rCUAAeSwOZBpNXrL&itmprp=enc%3AAQALAAAA0GfYFPkwiKCW4ZNSs2u11xDOTyoNOowL%2Frgg%2F5ptUAqeFeXOswA4l2A6PWS1PdnogBmMj7nAWppPlxnWCoNg3AqTNH%2FANP6Ws7DPzxoUux%2BswBRdFS%2BmHyJSbXi6u%2FVFJYV8kpYfIZu58bJvUzCe%2FaEntN8jXPvfnyeDE8Wp9W5oT4WhwooMDoFLPSBE6%2FX6yhcXY26CEHS8Cggy7wmSvUAAdLYu67ujbQEtQxmNUhZrWt0tfy1weMoC2wrp%2FmaY7aa%2B%2Be%2F6OHRajyYT01oumgg%3D%7Ctkp%3ABk9SR4Lf36WZZw
PREMIUM QUALITY Under Scarf Cap Hijab Scarf TUBE BONNET BONE Chemo Hair Wrap,,£2.29,Free delivery,7 Mar 2026,0,Brand new,https://www.ebay.co.uk/itm/143361371072?_skw=new+rock+boots&itmmeta=01KK55QXWVHRZT90EW8B8X13SM&hash=item216100ebc0:g:~h8AAOSwz~RdXUnx&itmprp=enc%3AAQALAAAA8GfYFPkwiKCW4ZNSs2u11xDt0F5fO7euRDLIqYpcndLbhXjs0fKXYzqi2jmhTE6ejhjVEhqqHDbYJhJKj8h%2Bgd9UqE3u9RSxmk5o%2FhZWNZWKFxTCgFYN2aEUghgPyGay%2Bwt4wa2x3kNu3eGAsWJUcNEnaItwo1oVuWYXz7VK93D01t24H0Sr7vZBG7xAkHx2ACphS%2BZfu00St97efghsZp9cxlGg1SJH%2FDTSMDAN8meA4o%2BLVEJJ0GLAc2C%2F3mfvSKA%2FnBglogPxxUdgXsGjaTHAdJLfWZEo7K8ONqGt8diDMf4lvY2bP%2BJ1HzmBCKKXZQ%3D%3D%7Ctkp%3ABk9SR4Lf36WZZw
Saltrock Mens Dockyard Baseball Cap Brown,,£16.15,+£3.38 delivery,7 Mar 2026,0,New (other),https://www.ebay.co.uk/itm/167993679700?_skw=new+rock+boots&itmmeta=01KK55QXWV8FFHMAPHH8FFA79X&hash=item271d341f54:g:ihQAAeSwSVVpOV4E&itmprp=enc%3AAQALAAAA0GfYFPkwiKCW4ZNSs2u11xC0C2Pj%2FIMzVVzgGgECSIgPY0SI0JHFGixhcnUwrzbH4ojAeapIxeeIMDkm%2BTxCanz6aTxGpnyps0v7lb2M5Th1KrHrKvfDruXqaeyxOfNVH4QkkYKo1gH0aK668wYUqhUkORePGhPiMrhHjGZ5WzeUpDcoqsPHFMUpi24oy%2BhpUbLRay4flRATNpyl3iuNHbJmoMm5gZ8BAQ79ajA5ekHFXMsrNa5KcuXl9DQRu6h0%2FfxHSJw6Z4SBz0h6vfeEX3I%3D%7Ctkp%3ABk9SR4Lf36WZZw
"FREE POST - BOYS THOBE - JUBBA - Ages 4 -17 - Lengths 34"" - 56""",,£16.14,Free delivery,7 Mar 2026,0,New (other),https://www.ebay.co.uk/itm/256018842408?_skw=new+rock+boots&itmmeta=01KK55QXWVJMNGBMPWPKSY4VSF&hash=item3b9be98328:g:-b4AAOSw919kGzme&itmprp=enc%3AAQALAAAA8GfYFPkwiKCW4ZNSs2u11xCw%2FMPd7VAgftEGW7cvHZ5NSIzfCA6SPTaoQP6z5AnSiF3n55PT0O3AZEzLP95K2kU%2BQs5j%2FRWV2pqowmZ7Ib5ZzS0vdG5G90KMBhNMrBq2WC9vGKqSTDMZZStFfQkyvzdj52HJGocA47hjXEIlr%2F2jEBuVISaIRsVnBqV8OeTngNJRCfu1VCUUkO7w6gfkEHzNpDCmYRnxlemSiI5dbMT%2Ff6WV4KkHXix8iOvKGq8C%2FTr54Djjcbw0XjE%2Bajl1TGRNu4rumatDU6IJua5hFyqde9mXvmS0OgRmDKVdDG9EYA%3D%3D%7Ctkp%3ABk9SR4Lf36WZZw
Official Bruce Springsteen T Shirt Pink Cadillac The Boss Classic Rock Tour New,,£16.99,Free delivery,7 Mar 2026,0,Brand new,https://www.ebay.co.uk/itm/275812919724?_skw=new+rock+boots&itmmeta=01KK55QXWVS56VJ1VHYHYJR8YS&hash=item4037bb29ac:g:mZ8AAOSw7q5kkDmD&itmprp=enc%3AAQALAAAA8GfYFPkwiKCW4ZNSs2u11xCE52DDJFuAkMG26xm5S7l28Ae8TDhyiBbY6aEBf04rxloynCTEjd7%2BUvL3QJjDR71uJn3JYVVvdeo0HOkTlT65YZtJQyOh1jRjGlIpUTx%2Bzc9daWkDvMcwrt%2B9HMjx0QLyNAPQJR1ZgGH4sxUzqJPJ5pLUxnh7m09J6k9qhmq2Iw9ZUl31wcjYxUHni6miTdyV6EmLLO6eLs61XuANFzVwHjEI7Q3Mf4iT2RJX0PYk1H%2B%2FJGFhNsl897LeuL9jI0HTdz6f43%2F3jdFtAu32Fibz6cVqApqUg81I%2FeaaRmZ73w%3D%3D%7Ctkp%3ABk9SR4Lf36WZZw
Nine Inch Nails - tshirt - Unisex - Short Sleeves - XX-Large - D500z,,£13.69,Free delivery,30 Sep 2025,158,Brand new,https://www.ebay.co.uk/itm/375382093168?_skw=new+rock+boots&itmmeta=01KK55QXWVQT5K1S8QEKG5X1RV&hash=item5766842d70:m:mr9BicgPAdfjqdFdilqAHKA&itmprp=enc%3AAQALAAAA0GfYFPkwiKCW4ZNSs2u11xC%2BcbchDgph0Vvk6MvEJcfeh6PxuA7HTR5Hrv0w0YCgD03pD9fhwtLABDulEOFKwueP0J%2F3OjeBlVSxy5quuQZYeE3pPd7keD1f6HiSzbWWU5i7BxrydETFZBhJnL%2Fyn5B6q70Y5FxWdnfSr5lOwSABItG%2F9n1ubQfCklDf5COFnazxvLJq1vwV7Jp45nY4ys1iDEhEMYrijEYSyCWJCSZzg0lRONsvz433naG1xbwtAldFTfK2dVWs8s5Gj2BlEk0%3D%7Ctkp%3ABk9SR4Lf36WZZw
GIRLS Skirt Rock n Roll 1950s COSTUME Polka Dot FREE SCARF Childs Fancy Dress,,£7.99,Free delivery,7 Mar 2026,0,Brand new,https://www.ebay.co.uk/itm/161140940693?_skw=new+rock+boots&itmmeta=01KK55QXWVMHTQX3PGZ25BCMYR&hash=item2584bf9f95:g:yW8AAOSwu4db-~6E&itmprp=enc%3AAQALAAAA8GfYFPkwiKCW4ZNSs2u11xCV2WQdYsaAq88Ta0wdZxp%2FZdTVy%2FiOdpunJ73vNIzDo6QxEORKrWhYQy8JDPG7hZv%2BgugtGdrfN8DOYjMTTdRryCzazkP40xt2qGbUatpO0VyivQMLK%2BN2MUFXwyfpyjHtPTrTiRw41E1Y4NPCncNL67V2TwerTV7KR1pJ5%2BSGFntgL9k%2F56LYyaAM6pVJ3vmRD3yvBuoOf3db56fv38zKzhLeERiVj0rJFJtrJpHN62Bj8NtYxGUQBvFqdg63QbU3Y65kNEtR0mK9ZJNgBgcYFO2ro1lLsiVLYDnA39Sijw%3D%3D%7Ctkp%3ABk9SR4Lf36WZZw
Mens Chino Trousers Slim Fit Stretch Cotton Jeans Casual Pants All Waist Sizes,,£5.99,Free delivery,7 Mar 2026,0,Slim Fit Chinos Casual Cotton Stretch Pants Work Jeans,https://www.ebay.co.uk/itm/127671543499?_skw=new+rock+boots&itmmeta=01KK55QXWV6YC17E5MSNCWAZ95&hash=item1db9d126cb:g:EgAAAeSwyZNph17D&itmprp=enc%3AAQALAAAA8GfYFPkwiKCW4ZNSs2u11xC0xroS7vdKoov7W4paa2MeDQwRexWcDA8Q8NBGH%2FEtwkcELJfQKiiRwpI1MAimyRnYh3slK5kXb5p1Ma3tuWDDfd15C%2FIP6DWXZnNQVARDMhhTsKrQLYCY51KpmUVI3nKXwRaO6dJczv85wwkgxstmJSfikSx9WjvAJXb6BE0DkKW3fAX1D79hnHXIkmYoJ25%2FaH57NeIWlogb01x0uRLi8jk%2FzkTCcPIzA9AFk2JbdbYaXUV68kTLNCLPXyszdE%2Bgnu5A0bkopVcazeQbuqB5BX9NHR2DQn6zj1sx9JvY4Q%3D%3D%7Ctkp%3ABk9SR4Tf36WZZw
LADIES CAP SHORT SLEEVE WOMAN SQUARE NECK PLAIN T-SHIRT FITTED TEE TOP UK 8-26,,£7.29,Free delivery,7 Mar 2026,0,Brand new,https://www.ebay.co.uk/itm/335877986619?_skw=new+rock+boots&itmmeta=01KK55QXWVA5NZF6F424S2QHVD&hash=item4e33e3593b:g:kWMAAOSwjFRoIRKV&itmprp=enc%3AAQALAAAA0GfYFPkwiKCW4ZNSs2u11xB0IYjToIIumnagxsNwR5BV7ypbAujf5cLBG4UwDYTUx7LYpbFGEt7kVreHj7Qr0RjarXm2KiJVMC%2FJ9FoAq0pWp84U0z%2B3EK9MQTLDcRoJP%2B%2B2WnIRuc5v5JK1FaNt%2B91b46CzUvP6Fe62PLFfbvBb9IgdEZAyoKB78zSAAXRRCEN9R4O45pl5L5PTp%2FGFoYPk32oITKxbhLslAesvVCqRSLra%2FWXLxPWHcJfea1kpQavV1j03%2Fnu9d1cmo%2BcXkXk%3D%7Ctkp%3ABk9SR4Tf36WZZw
Black Padded Aliceband Velvet Covered Women's Headband Hair Band 2.5cm,,£3.51,Free delivery,7 Mar 2026,0,Brand new,https://www.ebay.co.uk/itm/113791714423?_skw=new+rock+boots&epid=1428400878&itmmeta=01KK55QXWV6V4BRKGXBEEVTNRJ&hash=item1a7e83c477:g:2EsAAOSwtTJZvQ5A&itmprp=enc%3AAQALAAAA8GfYFPkwiKCW4ZNSs2u11xDe98NeoJTSAhtux6ALneJ2TWqvkYBVXLD2tvjgMwPo0i6ppJHlccBKE91zZhQbGOiPRG2uqHC%2F7pAAAItmLz9ejkBx7LE5%2BmCRPYkj1d6kgKMoPR4PO%2BSxf6hMJsqTwYx4sNwpeqMTq0QkwxRfmZmcWqbIZ7QiMKedX97qYDM3HTdFqj1E1YYOdy7aC0DU%2F7SqWuemgSzApwwW0UUnfdhuEoR981KaGp9Tr3rywAEjJzxInMMyoS72GKjLbsjfATiodqkiUad5rfrXsLE4Z9MvSBz19XPVLpOy4L2zLkhoAQ%3D%3D%7Ctkp%3ABk9SR4Tf36WZZw
Cotswold Outdoors WATERPROOF Compton Womens Walking Hiking Trekking Trail Shoes,,£21.99,Free delivery,7 Mar 2026,0,Brand new ·,https://www.ebay.co.uk/itm/286827370115?_skw=new+rock+boots&itmmeta=01KK55QXWV57H65NXNYPY5N84B&hash=item42c83e5683:g:mpYAAeSwJoJozBZJ&itmprp=enc%3AAQALAAAA0GfYFPkwiKCW4ZNSs2u11xAueZJ2rJ0c3Ukl7CPEOY7KU4WLaikLjFi%2FyP%2BHovuJeRgpEGTKG73nBkOX3TqSgKntTqFSOqTYgOD%2BEYbCWQX5ceEbHKfG6ZiD7mGgX0amQDyW5FLBbDRr0VlA7%2BGC0GIA%2FZicUJJrTibN0aPQMG4b5qw1513qtEaJY%2B0v%2BLJ9Sj4XykYoLdndRqO4VLmRMw7njplVMSibUE969udwUWE9HlldKKHE9VkImQRSt5LL%2BaDyn1PddLKHTKM%2B392ZGXI%3D%7Ctkp%3ABk9SR4Tf36WZZw
Official Iron Maiden T Shirt Killers Black New S M L XL XXL,,£16.99,Free delivery,7 Mar 2026,0,Brand new,https://www.ebay.co.uk/itm/275790820619?_skw=new+rock+boots&itmmeta=01KK55QXWVX717SXNXPDK35C57&hash=item403669f50b:g:hp4AAOSwUahnD6n1&itmprp=enc%3AAQALAAAA8GfYFPkwiKCW4ZNSs2u11xDvTQYXfEfDetJltyeaogOdHGTtr6Em9fP9mbtwL5Eyr%2BuOY4QpJ90djwLAgeZd9878NeMuZf8oGnL0smB%2FdjBC7t40Lfkzsn56qMhEelMGGyfzaRPJzxNg2oId6EiWX4lC%2BCon4bPcB9oH0RTzHr8ZkqhOconFNHh4UBhTIvSCKHHmImsm%2FmZkNI%2BzpbUB1OS4d2K0uZIaugQmmZH8uE3gsgEpw5NOo8ojqUd%2FR%2F9lhWYEhNi0sfWU1XfARn5imID6jf2cbOdbBew0VcZk7yKO3DqqRpi8b2MUUiv%2Bqfwi6A%3D%3D%7Ctkp%3ABk9SR4Tf36WZZw
Iron Maiden Piece Of Mind Official T-Shirt,,£16.45,Free delivery,7 Mar 2026,0,Brand new,https://www.ebay.co.uk/itm/286152082712?_skw=new+rock+boots&itmmeta=01KK55QXWVBCP9JS75S8MW170J&hash=item429ffe4518:g:mXQAAOSwbBxnLe1u&itmprp=enc%3AAQALAAAA8GfYFPkwiKCW4ZNSs2u11xAkzVKKDhb3qBzsIcTZhzBt19nnYguyUfx0JCsPRi1XgmoZAoUauNxCtv97gFVX7GGPse6gjo02gayQnaQP%2F54y5FKIl3xIpgGtXbHSFR%2BOOAyrOb1E6%2FG%2FVSmKM%2BIisSCvitFRH1sNkmhkeNtQQhkRUOQ0bxYfZ3ZnI6yWOyOTAAyJi19kw0qpefNAPzedYjj5ylHSFqRWYo9qnbew2B3dQjfc0M6X%2FNKPNgaABHAZd4iMMTWVQyKYcPS%2BXFwYJjOZOMkfELxOFjNoKrXdTR1oX1oMWsIK%2B250mO4VgSL1yg%3D%3D%7Ctkp%3ABk9SR4Tf36WZZw
"ARMY CARGO CAMO COMBAT MILITARY TROUSERS/PANTS 30""-50"" WAIST 32"" & 30"" LEG",Cargo,£17.95,Free delivery,7 Mar 2026,0,Brand new,https://www.ebay.co.uk/itm/383554786998?_skw=new+rock+boots&itmmeta=01KK55QXWV8RXAV7JVMQHN8QWR&hash=item594da596b6:g:34AAAOSwYHxWLLj-&itmprp=enc%3AAQALAAAA8GfYFPkwiKCW4ZNSs2u11xAd1iqnMnAGqmmwNqHMrZrx2Lf2MQInij6rOsEO62BBA%2BudSsbU4StRNix8e5Yclb7dynOCwP99ceFcdp4mAo9I02NW0ALt0REv622rlv5MsOYdWof6JY7n1Wf1U1lWhdtQY9AX0JDzqM4rCG0sdFlJyDtJJKOgVEJuA5YkiJHbaX7obpI%2BYNig%2FvTrNlaQZ%2Fie5hE58ZLbnwidbn%2BsS6seTyS%2FQ%2FRRibugZd8jex3L2mLIYzqWqKYv1MoqpG9eO4%2Fm7syZxqMmmjVaM0OgDSC57NOj1uOT0E6y61%2BsRTQ%2Blw%3D%3D%7Ctkp%3ABk9SR4Tf36WZZw
Trespass Womens Waterproof Softshell Jacket - Bela II,,£32.99,Free delivery,7 Mar 2026,0,Brand new,https://www.ebay.co.uk/itm/304620030981?_skw=new+rock+boots&itmmeta=01KK55QXWVGC3FAG21VZJ7BMRD&hash=item46ecc4cc05:g:OEwAAeSw0ENoki3z&itmprp=enc%3AAQALAAAA8GfYFPkwiKCW4ZNSs2u11xAm29HL3iaOE1VtbDIvqTlA1B41kleuyXIuYq5BekKL3BjOZei7OYny6uSPra%2FqP4kANEJZF4RCcYhaAyPCWRWZ%2BtvE1zCNqFYWJWgK9yIdbErOmdtuXEIzcs2mDsavEjiGpKbSsIoXN7US4iWccPwpnCoA9L8TBZ6P%2Bsc0dV%2Bz4y%2B9ek4Dytip22pEp4khAXh7FFn%2FYAxXka5Eh%2FXpc%2FLvRaK%2B8m0W3ft4mRpYiyHQ4i4wyVPGvLlvkrM7nEDmlQFRWJtPG8%2FlJrrgLFDHg6DSgRZ86vsRxRXh4JxlNeYfFA%3D%3D%7Ctkp%3ABk9SR4Tf36WZZw
Kombat UK Men's Combat Trousers Army Military Camo Airsoft Work Style Pants,,£14.99,delivery in 2-3 days,7 Mar 2026,0,Free Pair of Trouser Twists With Every Purchase,https://www.ebay.co.uk/itm/404882650514?_skw=new+rock+boots&itmmeta=01KK55QXWVGAFXCJFMDXN2DT80&hash=item5e44e2f592:g:THYAAOSwZp9mArDp&itmprp=enc%3AAQALAAAA8GfYFPkwiKCW4ZNSs2u11xDbAFZjSbTc2vaI0u0sMSEzZcdpJX9nDiqGPwSnmFJom8BY3Egz4saXb0SO4IPehdOSm3ILXsdo%2BYzR%2BSVFikJ7OxjovXfsuevQRrszEGmSM9vH6%2F8nIEEjTblCA4b0F5WJYrYMY%2BCmRMp3Lzt9s7vhVSigNLyn6ksfoPG7YvVNUtf9cIsGRIihDIhNOdPQRajZIu3FBvbOPbU4PiqGZHStgKEx5%2FykLKvziUDBHoJnbWwsjtvPfqzWmZzFajRyfi0Wj7kA%2Bjg%2FpHRMFxECkHav9e2%2Fvt2yIFkWjC1K5m20hA%3D%3D%7Ctkp%3ABk9SR4Tf36WZZw
Mens Stretch Cotton Cargo Shorts Knee Length Casual Utility Shorts Multi Pockets,Cargo,£12.99,Free delivery,7 Mar 2026,0,Brand new,https://www.ebay.co.uk/itm/236621438404?_skw=new+rock+boots&itmmeta=01KK55QXWV4EX0A8B7E95FX0HM&hash=item3717bc9dc4:g:Bp0AAeSw8GNphh66&itmprp=enc%3AAQALAAAA0GfYFPkwiKCW4ZNSs2u11xCDda%2FCDCSXH5p3ALAWWXYB%2F1yv5%2FPjFr87Y2J7ZhWJcsWl5qxfSbhbJOYno6A0KAaS2Ccafm%2BkzfkeEBRp8jiwxkORGSxgZF6T4HG4iYAyx7xNwng5X7zvkyEkmBsUmXJC9JZVZIV%2F1%2F1zRtHtLhy54rdvtFvKotSdZXPmNbk26GpCD2%2B2%2FdoV8wlW6k45%2BoPZ4MxDMx6COmRIrwEKC8o10XkY6toDqjoN%2BCAa1%2FfZmMTdWRDqeFQSN5d56dfkyZE%3D%7Ctkp%3ABk9SR4Tf36WZZw
Good Looking Records LTJ Graphic Print Mens Hoodie Sweatshirt S M L XL 234XL,,£32.99,Free delivery,7 Mar 2026,0,Brand new,https://www.ebay.co.uk/itm/406232782886?_skw=new+rock+boots&itmmeta=01KK55QXWVDWD4CDBXF072Y6KV&hash=item5e955c5826:g:8soAAeSwDjdo0QIm&itmprp=enc%3AAQALAAAA0GfYFPkwiKCW4ZNSs2u11xDnDXeAx5UUCE7O8RjDqa5C1Yd9ErQOqSwFs%2F83dUBSWpJJ4hfbpMk3xEXn3OE1kAzlrDjxhmih6aBbw3nzow7jLM0rCyxz9TJYC1uUFHLhrviwVaXXlWxByIUGhHHC20hAW792esKNRqtRDiOvQlSVTT%2BnQfh0EkBjjsxFnqb7%2Fsb7K8%2FRAXlG%2F4d8N6h8n4e%2FATdj42VQiawLsX3KkvrPEJBjZKjqcEWg8E4tPLq7OvDR6C4KKxZG8NjnfIOcL7g%3D%7Ctkp%3ABk9SR4Tf36WZZw
Shop on eBay,,$20.00,,,,Brand New,https://ebay.com/itm/123456?itmmeta=012DEW30YG0MEEKND7NH&hash=item123546:g:acwAA9KNiJowH:sc:ShippingMethodStandard!95008!US!-1&itmprp=enc%3AbgepL1tlUHjMGCVfSTGJh%2BzsVKeJ3CQk7NizDI4BZeppuFnmyS6Ijyp8lh%2FnEw%2BWqO7uTV1Q6izE1R0T54aV8j71F4xlWfVcGft4%2FiOQhtqVXA1rW6M1atPARQRmhqUxtEPJKhKtSFgI%2Bvwlzb0GwVCtkp%3ABlBMUObkmabpYw
Shop on eBay,,$20.00,,,,Brand New,https://ebay.com/itm/123456?itmmeta=012DEW30YG0MEEKND7NH&hash=item123546:g:acwAA9KNiJowH:sc:ShippingMethodStandard!95008!US!-1&itmprp=enc%3AbgepL1tlUHjMGCVfSTGJh%2BzsVKeJ3CQk7NizDI4BZeppuFnmyS6Ijyp8lh%2FnEw%2BWqO7uTV1Q6izE1R0T54aV8j71F4xlWfVcGft4%2FiOQhtqVXA1rW6M1atPARQRmhqUxtEPJKhKtSFgI%2Bvwlzb0GwVCtkp%3ABlBMUObkmabpYw
River Island Mens T-Shirt & Joggers Set Beige Boxy Fit 2 Piece Short Sleeve,,£13.60,Free delivery,7 Mar 2026,0,Brand new,https://www.ebay.co.uk/itm/406661327936?_skw=new+rock+boots&itmmeta=01KK55R54179XRXMN5M5V571A1&hash=item5eaee76c40:g:c58AAeSwW9VpgdBV&itmprp=enc%3AAQALAAAA0GfYFPkwiKCW4ZNSs2u11xBcxZ62cPaSC5K9uL2MlWGrGOubW%2F2vlvVAaO%2FYDgbFyNNviKoqINgyOEY0GPy0KHhmy6W%2BvRT1tNlgXR7GG2TpLSgNEE%2FUePrVAS9P6h58XDYNfnqmUpnaXTID%2BUhKIt6nUARahfkf%2FEbsj3NpFZCvaGG47AYCnvTmRSVS9lnU20L5mKvJpHypfpVlfgKle%2FtKlFyOcB2ogqn45DWBA5AU4EGiRq%2Fan1TqyyOy%2BAhEAPcmxmFNGLTA4HsDEBEndAM%3D%7Ctkp%3ABk9SR8jS4KWZZw
lulu guinness Black/Stone Floor Print Small Leather Coin Purse,Leather,£21.50,+£2.94 delivery,7 Mar 2026,0,Brand new,https://www.ebay.co.uk/itm/236518281832?_skw=new+rock+boots&itmmeta=01KK55R541GGN8VH0VXV7XQXPV&hash=item3711969268:g:CWoAAeSwvBxpOaX1&itmprp=enc%3AAQALAAAA8GfYFPkwiKCW4ZNSs2u11xAf4%2F0Lzo4havWLgDfa4xzLvLsQJGpixGpzrLhsvnqt%2Bd5LXyJW2qR01Qmz4zape4ZAKndG0NNjN829Yo%2B1dQJ8Hbu--jxl2ad6OnpE8O9G29Pq21CTAhn2Nz0MObkhpuxYxsMVQJv9LRsPY3YnNEvg9Zmj7VBWCJLa9Gjf%2B%2FQn5I6CZ5%2F4WQMzXLY8Lk2H%2F1b3PaMId1Wnm0hd8LgI4iPRnujyQm16yQINUxOF7PIVzrRSABkKLTSbM9d9pqu5TJNEw7V%2FZeB9E57amOv8J122G3NERTIEnFCn8YEvyrKJJA%3D%3D%7Ctkp%3ABk9SR8jS4KWZZw
Levi’s 501 Light Blue Men’s Jeans | Regular Straight Fit One Wash Vintage Fade,,£26.08,Free delivery,7 Mar 2026,0,Brand new,https://www.ebay.co.uk/itm/397401291729?_skw=new+rock+boots&itmmeta=01KK55R541VJMQV5MG5H44096G&hash=item5c86f67bd1:g:lz0AAeSwOGxpka-Q&itmprp=enc%3AAQALAAAA0GfYFPkwiKCW4ZNSs2u11xDVb5FpnBnVUJqR4jlC7Wp7s2inBnFhjo1CyPWoNpVWjWannEj2Ouzq9D3%2F7NECb0DDiCwNs%2FSxmFYiDc0knfj2Z41tCxh38rJmMstqSl0KOAAo8oDBSVGWWeFn6pdG6q0KXXmIYTFHOyr1P2RYzBgxSZZD4Pwm78e9XEOGRr5xKqtBCn%2B8sRwbhfdlijLIRuETtd3KoOEpZwxlJgbhgezert%2B6P3ScVp96WkjSMCx8%2FAn6KnoT8oJWoVIBxCsg2Uk%3D%7Ctkp%3ABk9SR8jS4KWZZw
Seasalt Women's Regular Reading Rocks Denim Jacket Light Wash High Twist,,£32.95,Free delivery,7 Mar 2026,0,Brand new,https://www.ebay.co.uk/itm/317955649681?_skw=new+rock+boots&itmmeta=01KK55R54156XTH6F7KCENDPN1&hash=item4a07a23091:g:PmsAAeSwJe1pqOvz&itmprp=enc%3AAQALAAAA8GfYFPkwiKCW4ZNSs2u11xDdi1UxaeycmvDn7YAE5Kx6jfpEsY1r6K6w%2BLT2UKW07k1222yZCzp7UUMj%2FfxAfBl6oBKUBYc3rZx4I8yHgsaPscXXH67yMZ7UjPyeVEuXodY5d5m084UW%2BheBXg0owtZcfAePakLiUtazZKdeA%2F3Ap0h%2F1UJljVsgmzC56gq3smjfS9er7KfcK%2F0zdUw6IyEk2d55FuhXlaohJTUeuh9CR2h%2FMpC6AM7hAthuxsOkUWXK7Yx7lcHWorxKQm8zajmgP%2FbatQfkAZ5UemT2ryGb2pDXgYQAtJ2vg5HbYqFb0Q%3D%3D%7Ctkp%3ABk9SR8jS4KWZZw
Mens THICK Sleeveless Gilet Quilted Jackets Body Warmer Multi Pocket Fishing,,£12.99,Free delivery,7 Mar 2026,0,Brand new,https://www.ebay.co.uk/itm/404536509087?_skw=new+rock+boots&itmmeta=01KK55R541Y7WN6RFZBWZ2MF6S&hash=item5e3041429f:g:9vcAAOSw26JjQHzF&itmprp=enc%3AAQALAAAA8GfYFPkwiKCW4ZNSs2u11xD3ZiK4U0I5isj%2F5HOVooKdL9XxafIL8MkufoPcupHE6uYRamb04%2B6xjjQjQ%2BRdO83MUdarZxe0CDUAiydKSwXdxrJgrnv8IJ%2FJxYCdB%2BB3f2xIUm5sndHtPk898m3aGzNQjIW%2Fj9WsvbiLn4o1aOUisNeEQcS%2FEOWLwP5ne3HjVT7J54l78vXZjYroqWg%2BU91u3QtAHsKaoVbomOWfw6PZBZu8frUYGzices9vHRgWlpm%2FtMXQmK4GBoLYVYCvhkKQPIjL0MgcRbvDhRjYF0Hp%2F3f5BGoM78vrQWMeSPPr7Q%3D%3D%7Ctkp%3ABk9SR8jS4KWZZw
LIMP BIZKIT Graphic Print Unisex Mens Sweatshirt Hoodie S M L XL 234XL,,£32.99,Free delivery,7 Mar 2026,0,Brand new,https://www.ebay.co.uk/itm/317415046158?_skw=new+rock+boots&itmmeta=01KK55R54183T1VVM2TXPQCM0E&hash=item49e7693c0e:g:K6QAAeSwIY9o7lBo&itmprp=enc%3AAQALAAAA8GfYFPkwiKCW4ZNSs2u11xD%2F2KrCJ6aRXNR%2B3683ksnZ1EuzdI3ZoDCMfJ4BzIcu2V3RmQlz%2F9iPuWsprfzmxwxJew5nSJJQu6uJ2IPvSXiBJizI%2BB8oIyeTUdYx3L38xcpFz4pajolb3AATQqOnG5mC%2BmfJSBQmY%2FdPmwfDH%2FztRIF%2F0WJD4iKgPqcXlY5GuZFWLPwF0RWY2CPlWT0qoMdWLlHemaLRsDF49CyNGmsLnK%2Fk8CV%2BZthRlsWHF4fjLUKqHtNgA5MUNQEW9BWqc74DRr2Wdfx%2F22JTtKPARqBVJzol9uC6zobdW416U7YaBw%3D%3D%7Ctkp%3ABk9SR8jS4KWZZw
2 Tone T-Shirt Two Tone Ska Punk Rock Rocksteady The Specials Sizes Small to 5XL,,£10.99,Free delivery,7 Mar 2026,0,New (other),https://www.ebay.co.uk/itm/304869596161?_skw=new+rock+boots&itmmeta=01KK55R541587NT1DYW7JS4C7M&hash=item46fba4dc01:g:-zQAAOSwgSBkKJ0x&itmprp=enc%3AAQALAAAA0GfYFPkwiKCW4ZNSs2u11xCp6AEwx3ato3%2BDP7WehAW12hWN6RoJwGN0eHLTGLRxSb5OU8ddxyMakwmHq2IRAYxUIBT5flaOq7CuTsyqohOhvpwyL18G2s85EopMvnW0HCXgAaHEDnrBmwS2YZcjtspZaQnG8VuxcRf47HBBtgxxgTKjeh7H1msYcniS9UTj65dAaAOJATZo%2BcSh8ESB%2FNThEp333QtQ45DjnD5rVDaT1Wj%2BWSOpjSJZ3SS9bs7%2FhhItTQ2B6AvJq%2FXIaVaNtJ8%3D%7Ctkp%3ABk9SR8jS4KWZZw
Stone Island Cargo Trousers Tobacco Brown Slim Fit 36W 30L BNWT,Cargo,£182.70,+£3.94 delivery,7 Mar 2026,0,Brand new,https://www.ebay.co.uk/itm/227196495276?_skw=new+rock+boots&itmmeta=01KK55R541WPJKARMCS7PQA7RG&hash=item34e5f765ac:g:eMQAAeSwiLdpfz8J&itmprp=enc%3AAQALAAAA0GfYFPkwiKCW4ZNSs2u11xCtZlyoqZIzc8FnRZrOFlMi7lkYf9d673Ov1I3cWniDWsBTL5DLokFhwJhquADabq7Kc1eNagTkT0lJC8MjKq5%2BlC6UQ74Tf%2F38fwXWSHL%2BC2fpGMRifAZx2T1EvFIWEyYZa%2B3UzjhTBac4UuOzvC9COTuCjzSy4oN8XbaDLPEgcmOgAsBIikJXS9cRahHOKHsAHbfJ83SjFzyuJMxOY498Fy0Vjhp3z4r5FvJ2RGOaXOsejGUapgBdMLy2SeImSa4%3D%7Ctkp%3ABk9SR8jS4KWZZw
Anthrax Beanie Hat Band Logo new Official Black Jersey Print One Size,,£17.95,Free delivery,7 Mar 2026,0,Brand new,https://www.ebay.co.uk/itm/198120470859?_skw=new+rock+boots&itmmeta=01KK55R5416E64KQDFPX1YZ77Z&hash=item2e20e6794b:g:C68AAeSwfUJpqaX7&itmprp=enc%3AAQALAAAA8GfYFPkwiKCW4ZNSs2u11xDvEFFLJEE7hNvwDXbpjRnxIWHf6t%2B5qxn3%2BN5MRqaY8pG2uqYBWCclWzF7%2Fo9oaQaNyJLu4Gt0oI9oDvG%2By6%2FIMxU6mI0UHn042TN92Srf1L26D%2FThGiy3xAiK4XwPF8vaJ5ObA2Te9I4rCb4sKEUU8wuGtK299ULthvfJuH8ZB77nC9Y5ASpdYE6LsMcvY2ccaIFMm2osFrJKVrNV5MAXZk0pMKu3%2BWK%2F9ep3pHStMPgwZq10%2BGlXSKFwXksyzHm%2FolsYGf4gQKEsNZ9Oh5u5uila4Wlm4hEEQvYiW3TaKQ%3D%3D%7Ctkp%3ABk9SR8rS4KWZZw
Rolling Stones Lips Tongue Logo T Shirt – Vintage Rock Tee – Adults & Kids,,£13.47,+£2.94 delivery,7 Mar 2026,0,New (other),https://www.ebay.co.uk/itm/389684639624?_skw=new+rock+boots&itmmeta=01KK55R54146ZXED0ATS3XP85M&hash=item5abb03b788:g:U3MAAeSwqHhppAmC&itmprp=enc%3AAQALAAAA8GfYFPkwiKCW4ZNSs2u11xDS2XEpb2ML9m39lAr9NTKrgJyPXTJ1XkR3PK%2Bi0i%2F1mIGFUvjAPfc%2FWdarIOiR%2Fr1G7f9%2BAn9Oo5DqY5npIBx7SEwAkeXLOePZqITLzSzFrkVtdaBDqZJuO3%2FI%2BgXyygzQjVJsXi296DhYsuUF7MQ6w9bO1ZIbCjEYvilPptQXisFwuHOi%2Fj4PvOnUC%2Fo2viJXfo02UmYi5eAXnzrZNGkQFexQYlBf5QGw7gY7V2XwbMvnKo7uCH2aSBKS8hBlrNAu9GRoLp%2Bb%2BT8vd4Z0vkBfuSI1xj%2B3s%2FQAv3pHIzT6Yg%3D%3D%7Ctkp%3ABk9SR8rS4KWZZw
Swarovski Leather Glam Rock Flap Card Holder Silver - 5113143 - New In Box,Leather,£31.90,delivery in 2-3 days,7 Mar 2026,0,Brand new,https://www.ebay.co.uk/itm/267592974136?_skw=new+rock+boots&itmmeta=01KK55R541CHZD8YF6GZD5GY8C&hash=item3e4dc8bf38:g:DKUAAeSwcEtpNF0h&itmprp=enc%3AAQALAAAA0GfYFPkwiKCW4ZNSs2u11xCQk%2Fr2NMOgFeIFHc%2FAAw%2FmSvJ7cCzSlYw%2FZmZaeuUOKr1RkuYMWZPr4x5hNSjU6NRG0kxrWYUtT6xnhuDeJfnCHSkrG3ceWQiaeij7fD0UV9emIxwub9lqtE6Y8L7hOf2C9TXSHf0V8RNkTDWJDyqv6qLp%2Bjtt%2FapXmi36HR7kjCIRCTO0e8m8fCYHMfmsqMdDYPI6CCwRo6qvWUKUkKcBbNhYbSbSvVhvz9ViT37RdKGcWQnBxeZSSLmwfJoTVQ4%3D%7Ctkp%3ABk9SR8rS4KWZZw
Ladies Ruched Sleeve Fully Lined Blazer Collared Casual Ladies Formal Jacket Top,,£19.90,Free delivery,7 Mar 2026,0,Brand new,https://www.ebay.co.uk/itm/165373726580?_skw=new+rock+boots&itmmeta=01KK55R541C7BYW6SNSHKCYXAD&hash=item26810acf74:g:RL4AAOSwGyBl2Jq3&itmprp=enc%3AAQALAAAA0GfYFPkwiKCW4ZNSs2u11xAeAZ2v0wClNoyqmsuqiNvS9D3Bww4p5CvZ5sOHy42EQ6mII8Y0bBpWC5zU4UUzCsxPzbuza06QzjhsGmLF%2BixI2S18iWfL%2FdyHdCRGhQKQQbCqzbNRZEuYY5TG8TlVT62Rsm0ldFs2FjFu1DsGWhjLENsng6ppm8smGtJHq0YnX8xOi0cpTHf3MoExYl%2F45V98ciEdDsiPoCVj9RUZvrUswX66255ilEIQpH9t25vcU8NMlRR9C8KG1zLLEZuT%2FtI%3D%7Ctkp%3ABk9SR8rS4KWZZw
Men's Under Armour - PROJECT ROCK The Iron Paradise T-Shirt - Size L Large - New,,£31.99,delivery in 2-3 days,7 Mar 2026,0,Brand new,https://www.ebay.co.uk/itm/277291787813?_skw=new+rock+boots&itmmeta=01KK55R541FQ5XXAKQZRXA1Y5W&hash=item408fe0e625:g:6qEAAeSwERxoK3-I&itmprp=enc%3AAQALAAAA8GfYFPkwiKCW4ZNSs2u11xBeF8%2FgwaWTkEX2wfMpgo%2BJ27GqOydM6l1T20sYoI7iG99W1aVHMwysw8Bap%2B0mlVEw%2BYL0E8mJ4VXdE%2BARfL5qQHhr3BR7wxD1745a2nj1Bv0NVRuHMfPXVjez6asfu2m7LVTG0F1RBluKQjf6fuJqf03dFdiPfFZNE1eX%2Fwn5ZxK%2B6tdsbEkZBFk9yULviQ4C42jf2ZAAeHjzhw0VZhZgD9Hw9o%2BrKP8QvTkD%2F71MDkT%2F7Rz7OysOTLXyHU81J0OeTsJj6tZLTJgkxh1HZnEfOi7t5zztTAGG5ml21PhNTw%3D%3D%7Ctkp%3ABk9SR8rS4KWZZw
TIMBERLAND Stone Street 6 Inch Boots UK SIZE 7 NEW GENUINE RRP £170 #00,,£75.00,delivery in 2-3 days,7 Mar 2026,0,New (other) ·,https://www.ebay.co.uk/itm/336335663633?_skw=new+rock+boots&itmmeta=01KK55R5415BYMMG61MFCCHWCJ&hash=item4e4f2af211:g:5wAAAeSwRw5pN~9z&itmprp=enc%3AAQALAAAA8GfYFPkwiKCW4ZNSs2u11xBuyqYOmsnADcb97ODFaqbcSZfKUUFfb%2FuNddRvktLPaycSxMR5S5ESZl4VYHYYNsf5qXV1PftoYx%2FUVlrwk11R9AokKvU936WBu%2Fb62TbywRTvmNGYVw7bfOHq5ht4UeD%2FV%2BbenkSTDp7%2BZL%2BaogCr2mA9bora2C9KU7pT7LEZWmDIKMYIoycntlRfcO5nkmh4GDV1zBJYsOUeWo%2F6e8U%2F1mJPJ4SOTvakB6ApzUNS3Srp%2FqnyX1%2Bu%2FGzDuh1yPtia2R0LfCr0ysDn5VRVHdJthv0jmCcKJZKnGNeWv5jqNA%3D%3D%7Ctkp%3ABk9SR8rS4KWZZw
Polo Ralph Lauren Sullivan Slim Stretch Jeans I Colour- Stone I L32,,£16.15,Free delivery,7 Mar 2026,0,Brand new,https://www.ebay.co.uk/itm/365846545819?_skw=new+rock+boots&itmmeta=01KK55R541REXXA3QSDSTEE1G9&hash=item552e27459b:g:JYEAAeSw6bxouxFK&itmprp=enc%3AAQALAAAA8GfYFPkwiKCW4ZNSs2u11xAFrmCgJ1aSS1yqhzoL%2BBVa6EjG8%2BEq5BGKJQ30ikgO323mvnNvqS0HfoIvOBf96ZwX0Cme4YHNL21wWEVq6M9WmDYbESDt1BpyBs%2BOA2ZFdn1NASg1RmZ%2BHgqvMNLuOPVrfFa3qWUKsstmAuaMai9vhdibl%2Fq5H4yftotg1SKmRFGW45dy0WWvbtrsxMyhvbs5yG%2FBYslClwpvWNcZlVvnxxfVF3swDGfKWNrrL1YlqzqrNsFaqHtNdxvihfr5LvNj9BMSj6kQMEfGlANkuU00avELE8cY%2FfnuiA3gr4bvfg%3D%3D%7Ctkp%3ABk9SR8rS4KWZZw
LOOKERS by POLAROID CR608Q Vintage Pilot Style Sunglasses DE536,,£21.45,delivery in 2-3 days,7 Mar 2026,0,Brand new,https://www.ebay.co.uk/itm/236179892811?_skw=new+rock+boots&itmmeta=01KK55R5411ZGG1DEFXW6WK18P&hash=item36fd6b2a4b:g:3lsAAeSw0sVoZmHe&itmprp=enc%3AAQALAAAA8GfYFPkwiKCW4ZNSs2u11xDaF1zRCMyS6sg5gYDdmnPE7wNy%2BC5yS%2Bz1Ri6NhB70ILtI6ZFrybykELiMtZ5y6DvPcJ5S%2BRIlVkqIVj1Rz%2FN83zdDPfY3AiH2BQ2U03YR3XI53QJxmurMwMwMAKpvAAXB3P8rrLpOHgmhBC3prEgCh3nwnn0flIOtEeyMP2LpIZu04RTLD0N2JQVDEPaCO1ZVmTcp1gKlM7HxsJB6vWaOvTFWP3YvTMwtTJ6lheqapuuHui1GsJpY3kWV6NDLDrg%2BMFXvRtianbQqiMf1aFmeSGSkNC7pXpMRsHTooWzHwQ%3D%3D%7Ctkp%3ABk9SR8rS4KWZZw
Stone Island Blue Body Warmer With Zip XXL,,£83.90,+£3.38 delivery,7 Mar 2026,0,New (other),https://www.ebay.co.uk/itm/257392500390?_skw=new+rock+boots&itmmeta=01KK55R541S8TBQE325FS3S295&hash=item3bedc9dea6:g:5igAAeSwrA1pqcl0&itmprp=enc%3AAQALAAAA0GfYFPkwiKCW4ZNSs2u11xDMqz3MkT%2B%2FjYUf%2FAUGfsRVWcWAo5ovAGwDjhjssqsEw2F1%2B5N%2F4bR1Cr%2FgvruhhCjIwtwC7fAU09x2lzJVfmk9DaDJuJucuHh56YRL46TyKu2Ye41F4EEfN8osB%2FJb9JCLlmMSROkdAHtDhxHsbBkwKDm9ydl3BZS3EUFUS0ICgA71yAk42s1UeJKEIMD9NR12XpeQFO%2Fh1reQw88qQDjbeeLnScwoFMe1lEJQwSitPK1Ma%2FZxVHEKb9K2Ff68d1I%3D%7Ctkp%3ABk9SR8rS4KWZZw
Womens New Plus Size Palazzo Wide Leg Flared Ladies Stretch Trousers Pants 8-30,,£7.99,Free delivery,7 Mar 2026,0,RRP: 19.99. Highest Quality In The UK ! Guaranteed !,https://www.ebay.co.uk/itm/234935495513?_skw=new+rock+boots&itmmeta=01KK55R542GF3WF6NJ2DKBFAAZ&hash=item36b33f2b59:g:CqoAAOSwtShkCLLS&itmprp=enc%3AAQALAAAA0GfYFPkwiKCW4ZNSs2u11xCQFx6PVOKptQF0nm8LOIMbbz7F5zcEoCFBBSL%2B0XCKLsvXcQ11oZ%2FL7mWrxOFsp5yHuJeeN9w2jPeSM9NOHSKpwhkylsuaV6IKG%2FmE9GBRi9vQhD8Y9w0Y0e7MUNE79S%2F8aa8qOjoQAR%2Bm%2BDlmgFtKkkd53DcI7l4byRnd%2BFfufq9K%2FoHWjNvd%2BYe6kvzrHiP92Om4yjFcqjtKjbzaPlC3FVdeGeihGEXcX2DnYAFay%2Fu7GQmA35TabnWDnF%2BFzhg%3D%7Ctkp%3ABk9SR8rS4KWZZw
New PREMIUM Quality Crinkle Crimp Plain Maxi Scarf Hijab Shawl Wrap Headscarf UK,,£1.25,Free delivery,7 Mar 2026,0,Brand new,https://www.ebay.co.uk/itm/276274246616?_skw=new+rock+boots&itmmeta=01KK55R542CXE0K3W37SRGFVCX&hash=item40533a73d8:g:HesAAOSwPFpmfZQh&itmprp=enc%3AAQALAAAA0GfYFPkwiKCW4ZNSs2u11xDpa6ltTp3KyVSH%2BI840Ys4q9c9mcb6aMLm6JdGmD8Bct2%2Ft8uUDs06lxs430%2Fg50i6NQ8ArFXfLTHr8JywxZBta%2FJt6rA5XCV0Dbu0MzwIY6KubuPHLAbwgnZ3FIBYYWMGK1Wnm6t85hbTrMg3h1xeYfpEDYRs%2BR8s8GPQeiz6ilW6t3WAKoK7L6R22hMn%2BwtGOzQmyM7KxUSgU%2FKXHBTp2P2fzziK%2BeG%2BZPAcoH%2FYJ0Pw%2BmeYKZbjklEESh9LDzg%3D%7Ctkp%3ABk9SR8rS4KWZZw
Represent Cotton pants Stone Size Large Brand new,,£52.70,+£2.94 delivery,7 Mar 2026,0,New (other),https://www.ebay.co.uk/itm/297951657482?_skw=new+rock+boots&itmmeta=01KK55R542AP3HDS16GXCWWA87&hash=item455f4d7e0a:g:WVEAAeSwHNppb3f8&itmprp=enc%3AAQALAAAA8GfYFPkwiKCW4ZNSs2u11xChLDD%2FckkYDiBFzQJ%2By1jk0VarsAx8%2FeNdq0DpqHJdLYzv%2Bm3szkfMgcyatDAWMY%2FggKItRp4VSoiW%2BCPeLKpJUJwoiPjUj2STZmsgoVMs0syACb4%2FMGTTQuudENnrJg9sspkPPPPvhg7wT6mW6atVXscLdsGUUMRO9G99ij7OWMgvxX%2BFbfvMn5H%2Fjl1799kEk7p6YnzpB5X5jTc9%2B6x6%2BOBDiOfs13naeH%2BUu656uwoZ56g%2F6%2FeDyMZ1aIzEkIXEvA5MaY20nLwV9AsOV7jfCAtUN6swwGqm3%2FxfEljsaQ%3D%3D%7Ctkp%3ABk9SR8rS4KWZZw
Ladies Fleece Jacket with Zipped Pockets | Full Zip Top Warm Fleece,,£11.99,Free delivery,7 Mar 2026,0,New (other),https://www.ebay.co.uk/itm/297825161547?_skw=new+rock+boots&itmmeta=01KK55R542RWQYEWR3HHC8TPX6&hash=item4557c3514b:g:4FMAAeSwzxVpNErN&itmprp=enc%3AAQALAAAA8GfYFPkwiKCW4ZNSs2u11xBtsmsARyrSbFKzbeDLA5Jim79HfBFofAOU6YS8JVeD38gMAmuQNfy3uzBLKyqRabwXy9VFk%2BKq613e%2FLxTfGE5JftG0%2BEvP%2BSbiiDGhoe3Ga7Cdp8715fH4NQ%2FXQMcT2SOtHZ%2FERtZzZKtZdrtcWeJAMlS%2BdYwF3h3e1G1vEGNM%2BLZEIptEmb3oeVFbW6SQ1NkQaUd45cicsM0r5ABd2d5SxtChatisGatLlh%2FHCY8uNVC%2FAYZNMdIpKc6MeUnJbdzlzY%2BVKQ6Q932LcpX4Ygx13X0Qry1%2FsV8cHOfUNE4Ug%3D%3D%7Ctkp%3ABk9SR8rS4KWZZw
Of Monsters And Men - T Shirt - Indie Rock Pop Music Band,,£14.99,Free delivery,7 Mar 2026,0,New (other),https://www.ebay.co.uk/itm/198079124260?_skw=new+rock+boots&itmmeta=01KK55R542A6MD482194GK7M6Z&hash=item2e1e6f9324:g:-b0AAeSwokVpg3Pg&itmprp=enc%3AAQALAAAA0GfYFPkwiKCW4ZNSs2u11xAEsKwO3kcNW5jGOjuD7ny%2FpqVQXDwW4Hw42EItGw00pd4KT44juKQT22m%2FCy9VWIwo6%2BbxzZOnUxmvFzg%2BjukNupSVR7gZZkeC44TcFa9l%2Bb8DRQ9ms9nCEHJ%2Bu2IMabu5iaotdzjgtx18YUTcO0SKCeJgLzVfvj5k5BtIAJZ%2FgydKIMBO%2BZ2KjKBcidJTzLTnWdoUry%2BYZV%2FwGduuzD6Oz9RxoieS1FEt9Z564Z2o7XZRtdvzr%2Bier%2B1OqlHmx48%3D%7Ctkp%3ABk9SR8rS4KWZZw
Womens Denim Jean Flare Flared Stretch Bootcut Jeans Size 6 8 10 12 14 16 New,,£24.95,delivery in 2-3 days,7 Mar 2026,0,Brand new,https://www.ebay.co.uk/itm/173401974590?_skw=new+rock+boots&itmmeta=01KK55R542E9NF6Z2V0DY2BMC6&hash=item285f90273e:g:IIoAAOSwE2tbQzz-&itmprp=enc%3AAQALAAAA0GfYFPkwiKCW4ZNSs2u11xAE199IzeDXRPDTKet4MoTFs%2B%2Fss5yAHjtRsTF0YMmqqVPnfu79EZZhsz3v8mowPCQbiJHHCG12I7pE7VuTx8oci2AepksCNWE2KSsZTrCLoWOd5J%2F2zVRpL0dbGQ7sIPfebPdT00Z7VfDJ2WapJicXs7WckVL0tTQfca%2BCqfFjNI%2B%2ByAtOvQfAB80uYZHY3i94eO%2F93sg3mN7g1hASQoWtVYICki8AtGwn2oWV%2BX1vPdQUOGrvAbDATkCYOe7dsSQ%3D%7Ctkp%3ABk9SR8rS4KWZZw
Men's Vintage Brown Leather Motorcycle Vest | Genuine Cowhide Riding Jacket,Leather,£24.10,+£4.06 delivery,3 Jan 2026,63,Brand new,https://www.ebay.co.uk/itm/316458907045?_skw=new+rock+boots&itmmeta=01KK55R5429DDAJKBF2RHQM6BK&hash=item49ae6bb5a5:g:WRUAAOSwN3dnysk2&itmprp=enc%3AAQALAAAA0GfYFPkwiKCW4ZNSs2u11xB4OokaJB1dI8UL264T6LDOxk2INdnC1NaFoQa0T57XAqWRQTorvktun10DswkaRpxeYIeat7BIYtD3HAAeiWl7ciiEPqCoODhrDfbAT%2B1z0ifIwpye8dWoZ3GjukEgCtIVJeMgAyrBnOEi6rwIW3sd1NBqfStprx%2Bt2%2Fi%2BGVFay2%2FsY%2FAjQDrC%2FBvUxU%2BZkN67VKxjiLffIH009GX7ZL17EQxvDKHw6h7fTIgbB2i2NHSi6RZH6W4x4uDHPnfrAzI%3D%7Ctkp%3ABk9SR8rS4KWZZw
New Unisex Charles Stone Glasses Case in Black.Folds flat for travel.Magnetic,,£12.94,+£2.96 delivery,7 Mar 2026,0,New (other),https://www.ebay.co.uk/itm/257324667100?_skw=new+rock+boots&itmmeta=01KK55R542HZRSNAX830CFN4VT&hash=item3be9bed0dc:g:RYIAAeSwjoxpc7-K&itmprp=enc%3AAQALAAAA0GfYFPkwiKCW4ZNSs2u11xBr%2BKJQys04wiXZJfrb1tRqtB7jiyKCLmRwxzqbf5fQiNfWSl9bnkcqRAxNk1M9MvOD2MrBbXpeamkKpD%2FQRS7uBGP0NE9ANPnUmsqo2UjpKzI90zLuxlRg9TLwCVbXiIKqpuVxKFzwCzGi9XHMXoCLjGNyyRi3nqmdyIjYYRncKlRXqoAZj%2BADsp9JxqlokTsPBDM4g31oetznwrqskf%2F8xo4rYDJf7ihw%2BIcdVA390EIGu1mNvylyPPRVbez9J5U%3D%7Ctkp%3ABk9SR8rS4KWZZw
Mens Lambretta Brand Target Logo Smart Classic Retro T-Shirt Sizes M to 4XL,,£13.99,Free delivery,7 Mar 2026,0,Brand new,https://www.ebay.co.uk/itm/377008302077?_skw=new+rock+boots&itmmeta=01KK55R5420Q5CM6SAVQ8XNNYM&hash=item57c77227fd:g:Dz4AAeSwZQRpqExi&itmprp=enc%3AAQALAAAA8GfYFPkwiKCW4ZNSs2u11xCFS%2B5e9kYr3J5pNRJUheuPJuIq%2Fm2F9afh8dhsbxWdDtLMRJw%2Btchm2B%2F5F3YC2jWgJfMzT72qOnqOfWniXBmy0rVCVf3NVpFCWF%2F0XGquDrjK51ohy3y%2F9mdlq2VlPCF%2FkmCzD3SaQqtP26coMki%2FgIdQLBvHjmLq878ZI1nES3JvqkYtarxTTRqvhr0BGAo7mHEFTWsVgiREPzk%2BeICIHZhZpDjKjORLJygsyJliy1KUgPxfLaY32gR6UaQ7vxOZC%2B6hiwxXRos8l63186uETcBpMYc5rn1TKVi7Ku4Ocw%3D%3D%7Ctkp%3ABk9SR8rS4KWZZw
New Mens Short Sleeve Golf Polo Shirt T- shirt Top Casual M - 6XL by Tom Hagan,,£15.99,delivery in 2-3 days,7 Mar 2026,0,Brand new,https://www.ebay.co.uk/itm/223918475438?_skw=new+rock+boots&itmmeta=01KK55R542BNFFP9E2XEVDCNK7&hash=item342294c8ae:g:x9sAAOSwUOJeTFwH&itmprp=enc%3AAQALAAAA0GfYFPkwiKCW4ZNSs2u11xDBGZcN8YYOrnZiIVFO5cYj2Cx3wqeW3yQliQXjTNLYgOHsHTvjK72HftYxf2eqsxVrXeFzO%2FCfTT5fs9bUz%2F8QhgT33m7jChg1Xe4hNj68VgiQ7XHPU4MjwWvm7D0GE%2B0TWN%2FqX373cQniLJt%2FwCMynAkNr0ocrDDUlhdcSbIxf44q%2FJ5AtlYLq%2BcO%2BDg0GuYtdncC5NNsfcDzrtgrMAv75f1ZPnlUxs438vyLsnAypOomaY1p4LmVnPVPqSsu1AM%3D%7Ctkp%3ABk9SR8rS4KWZZw
Colour Changing Childrens Umbrella - Enchanted,,£15.99,delivery in 2-3 days,7 Mar 2026,0,Brand new,https://www.ebay.co.uk/itm/177323917167?_skw=new+rock+boots&itmmeta=01KK55R5424TH8KRKQ6T9N12RC&hash=item2949543f6f:g:xssAAeSw3r5olgSF&itmprp=enc%3AAQALAAAA0GfYFPkwiKCW4ZNSs2u11xDBtSFM%2Bv2uGU2%2BMh%2BS1FM1Q023r3rBPd5jPPdkd7h03IOlNAVqxsfyrT7kG9xwzmN5ubchzXGjX3Oma9wWQZwGMuJ4tFq94PAEjCz5nHqEKQPutMhLwsUQE5Jr5pxOOL9Vx0YS1fylFxw8pCmZm5%2BguyC91DSAHRQr8SJMdB1Ke%2FY1ZbtQnl0Z03ZLWWSNIm0iU%2BllgDJKCpIRnRtMZxzwV4xy%2FEDiLgEznUiNyCpUkw9fW935sFWb9GM2jHILsRU%3D%7Ctkp%3ABk9SR8rS4KWZZw
"1,3 & 5 Pack Mens T Shirts 100% Cotton Plain Short Sleeve Tee T-Shirt Tops Bulk",,£4.99,Free delivery,7 Mar 2026,0,Brand new,https://www.ebay.co.uk/itm/227212951259?_skw=new+rock+boots&itmmeta=01KK55R542W3GRQXM2JT9BHSNN&hash=item34e6f27edb:g:XmsAAeSwU9ppjHXR&itmprp=enc%3AAQALAAAA0GfYFPkwiKCW4ZNSs2u11xCe2EdTqD%2BEHAQti4EMUyMECcM0%2B8doybu39FkEHyj1sRtOssQ8pe4dNrcAIh2ibJuGhhTfEYNueMcFuWRw9pnNhQsMnLO%2BwTAvxwo9OJT9o55xBaBz62H1sVbOVLr7ZG2qc2bD4KLYj9vHRvPDVbY7DM4y6t9e4V3%2FeaSfngs%2Bl4OqcUledNcb8ub5qPk%2BieMKZ33qdIrfBxyf3%2Fuze2rk7Nk%2FJCGnrM1QmMGgvWn8B%2FSxnGBsIupsm6ITgKx5FF4%3D%7Ctkp%3ABk9SR8rS4KWZZw
90S BRITISH ROCK STAR GALLAGHER COSTUME ICON FANCY DRESS FESTIVAL OUTFIT 1990S,,£14.99,Free delivery,7 Mar 2026,0,Brand new,https://www.ebay.co.uk/itm/196595565471?_skw=new+rock+boots&itmmeta=01KK55R542ZDP23YJKBVVTMS5R&hash=item2dc602439f:g:PlEAAOSwy9Fm0vMP&itmprp=enc%3AAQALAAAA8GfYFPkwiKCW4ZNSs2u11xD1WsxniLXwfkJwh8qKGqIlkUTZVuh7JE94bIyyx5WNEyM48K7o17C6ZPufaObWW3hQ5TELqgrwb1hvNxDijpvJTYLSyCyUh0R%2BQNED%2BJHBvTo3ekVjl1gXBx%2FefJrp6RMh6qEVNULMSns%2Fw0ouUeIGVWNsrWaAUSRuHtjsNxIi0HakDva6YdE%2F08Zn8Q7BQvKVjZgHDWDSs9PK5MgGfs%2BK0m7w2oesxwGolDCWtai36C9JCcnZF25s0MlTvkj%2FqstykpPmdbXnTrPEma2%2FpE6V%2BtJDPFhxGtib8GRXt7nrpA%3D%3D%7Ctkp%3ABk9SR8rS4KWZZw
Women's Ribbed Polo Turtle Roll Mock Neck Long Sleeve Jumper Ladies Tops,,£4.99,Free delivery,7 Mar 2026,0,Brand new,https://www.ebay.co.uk/itm/405527985048?_skw=new+rock+boots&itmmeta=01KK55R542AK55CMJKHE7TBFAF&hash=item5e6b59fb98:g:X7cAAOSwKA5i7NRw&itmprp=enc%3AAQALAAAA8GfYFPkwiKCW4ZNSs2u11xBOzVEI7SW%2FoLSaD37czeUJdulTM97gpMHmrn7YLhhtOfUGdYnA4NrZqcl9zkzWeVuQoeGSJdsWYzyoC%2FWFSiymvL%2BT8h78p8ltqygexEuFdpvauMTEBwyj83LnV4%2BX52LAOBNZmBQP2o%2BL7UFyX6yX3WQagsWQz4aR8mvMY5kOIx9PSi8orsSf1Vgv5P9hwz15%2BcUXB%2FoRpTzE2YICo2HmsTwEXbYmTnGtSQyrtdlU3jwnCvRCxW7aOnz9MHbvfRMvscBs0G7pRwBE40zq3tsWkQ2n%2BmMMARi5O%2FEB%2FtPzQA%3D%3D%7Ctkp%3ABk9SR8rS4KWZZw
Womens Ladies Ruched Sleeve Fully Lined Blazer Collared Casual Formal Jacket Top,,£17.99,Free delivery,7 Mar 2026,0,Brand new,https://www.ebay.co.uk/itm/125963164519?_skw=new+rock+boots&itmmeta=01KK55R542FX3CRJT0M2T3Y6C8&hash=item1d53fd5b67:g:EMkAAOSwCGRkgB-P&itmprp=enc%3AAQALAAAA0GfYFPkwiKCW4ZNSs2u11xAPbTKUBVVwgRSgEJF6%2FqnIDgjuoZcOzgxnPxQU0aJOAI1rYdQ8ZJF5aRUijKMaTqmLaRcpp3GTpxxJGkd8QLrobx6LlbMEYh6Z8rVoUd6ZPMdqMWRHem4DicNPx8nVdfWM%2BI1orsD%2Fln6OfnvpEvIZrF4wKJh2SSakbIn1Zit7S%2FG2sSm6WoZGrcd9zA922aOiAnhPScp%2BEXa1a68cTfHorXOGOZk%2FI1jIOcaJ6ApcNYPCeepklEKPeVl2j2%2FGfnE%3D%7Ctkp%3ABk9SR8zS4KWZZw
Enzo Womens Cargo Jeans Casual Cotton Straight Leg Denim Pants UK Size S-XL,Cargo,£11.99,Free delivery,7 Mar 2026,0,Brand new,https://www.ebay.co.uk/itm/335318679295?_skw=new+rock+boots&itmmeta=01KK55R542WS6KXSNQ6KF8RVJA&hash=item4e128cfeff:g:~o8AAOSw6eZnD8ZC&itmprp=enc%3AAQALAAAA0GfYFPkwiKCW4ZNSs2u11xB%2B1SIEK8rw6MEjvIspPDOJZsxyCYQLzZ3NqkQyvuyAA1EUIsIBEx%2BiVXKAWjaG%2B%2F5ODG5Ty9gzXT1EPIHbNONFOye7jpM3d7RnIr2kfttlwWysYtZ4qWuGL3QywMOFcDZ3FQlAdBHKMWy5dS8hy0F1Tn34s%2BvWW8ohaFiqVWkM%2B0F6SyCHCDavmOy59uRE5VyCFivNGQXrk4wEaGZh%2BjOGD5b97NO4BU8rmkkfwfh27EfpAy4jbpz7HG9uTKAxjbM%3D%7Ctkp%3ABk9SR8zS4KWZZw
Official Nine Inch Nails T Shirt Downward Spiral NIN Black S M L XL XXL New,,£17.96,Free delivery,7 Mar 2026,0,Brand new,https://www.ebay.co.uk/itm/395774839150?_skw=new+rock+boots&itmmeta=01KK55R542MDANZ6G0CDZ4G38Q&hash=item5c2604c96e:g:tRoAAOSw55xnBU8Q&itmprp=enc%3AAQALAAAA0GfYFPkwiKCW4ZNSs2u11xDDzfEfOYYCUmTtomdHYU15EIdZyurJx3yxft5KObEYtHwnYa4Hllj4fMcVs6BtiObbVVE2JFul73%2B%2Fgg4Cwk%2F2taQDMwixHyy9uXMpuhzkc9RwfF8vCNFzdGrEcFLA%2BpJHVs--od7yXtHiWOZRir9Wrj%2Bj%2BFv9l9LbG5SoKz%2FtNENsTltHks%2Fwmlr8jbFj1A32LNg%2FbuPf5BRiBo3l6sw7MZh8IFpHGqoHrXmD2WaEvlSc4gEQer2GPXK6LWqCbOE%3D%7Ctkp%3ABk9SR8zS4KWZZw
Mens Coloured Design Socks Smart Suit Work Golf Cotton Blend 6 Pairs Adults 6-11,,£5.85,Free delivery,7 Mar 2026,0,Brand new,https://www.ebay.co.uk/itm/363351459142?_skw=new+rock+boots&epid=15027543331&itmmeta=01KK55R5427EFFMETTPV5CF8B1&hash=item54996f4546:g:FnoAAOSwSmdn0H4M&itmprp=enc%3AAQALAAAA0GfYFPkwiKCW4ZNSs2u11xD46XCWtrse0VlSWwGQoinJsQsPPJXK9Ool8Zj3p6Te1qaUXwyf%2Fw0vbkvEd186cUlETnWQnMNes17kjP3jEGtFGt3ffXVsIzmATTvY4bKJcQ6CvSKo9LEuIGAVqi5aB0dPW2n2RxM4ssGoHQXzeDtUgvWN%2BNlbBuU%2BleVFJ8ipRXaxbE4po4hFVWRJm%2FZ46qwuN%2F67pAya8sMTswm9iaMRprCzjN1sL3oC8NBXr0xCSEKrf9vhyEcsIMMTsYMBrpw%3D%7Ctkp%3ABk9SR8zS4KWZZw
Ladies Womens Half Elasticated Waist 3/4 Three Quarter Cropped Trousers UK 8-24,,£5.49,Free delivery,7 Mar 2026,0,Brand new,https://www.ebay.co.uk/itm/315148773079?_skw=new+rock+boots&itmmeta=01KK55R542MYRD0G0CWFVVSVYY&hash=item496054a6d7:g:3FUAAOSwODxl5OwD&itmprp=enc%3AAQALAAAA0GfYFPkwiKCW4ZNSs2u11xCLF9UfIM0IYJJ67gKvq9gncGhSKDTBr7rx5%2FsZ3fPXtGsee2CyfHJ9ej8f1gy2RphUgqRDmsXAj%2B6MlVK40BX2%2FUOvrcqsfUOa2jY3JEdKvpZ1M6clTw%2BlYfkBS6PJBCimGWKPckUSFWfUr74hKoTRWbOb5gzb%2BrMTT0m%2Bug%2BORyrT1t%2B%2BABGvzlUQT5yVXjF1XTGAQDbDqlR7LQWa%2BcTnb0zDrdIHe%2B6uFYYL9aKL%2BdyY3lEDUTY6QAgclSS%2FZSE%3D%7Ctkp%3ABk9SR8zS4KWZZw
ex M&S WIDE LEG JEAN HIGH WAISTED STRETCH DENIM COTTON RICH JEAN LADIES PANT,,£18.99,Free delivery,7 Mar 2026,0,New (other),https://www.ebay.co.uk/itm/389353279857?_skw=new+rock+boots&itmmeta=01KK55R5427ZZMBD64P6BQ6EWE&hash=item5aa7439171:g:KGkAAeSwcABpNMC0&itmprp=enc%3AAQALAAAA8GfYFPkwiKCW4ZNSs2u11xDHMq8BwBAlAXBXjONJ4YwRNfNl1%2FcBn4XRPU95fvr%2BnaYUaIIFIOSPNf4wEzdSmLANNBKng2SbWjJkEPFRGZ7nfYzRVcpYJ3FQJ%2F3mULzS59dmPLqUERVSctIlgSsbis%2BJMdc3G21i99bqSqZp%2BJ8%2BlMIuexXNaA3gsUJBP9pC085uKfOOlryTZ0dbaga2lBDkqiAZUmC271OawN9aLhPwj%2FtL3cxQ%2BjfABcJqBWHduDVWWBaFi65VEgF8yjke2CweNRBOTPHDhslBY1HuoWoJE7cQK3BPmLCh92KxMPX30A%3D%3D%7Ctkp%3ABk9SR8zS4KWZZw
"LEVI’s 501 Men’s Jeans Straight Fit Button Fly Dark, Light, Mid Blue & Black",,£30.85,Free delivery,7 Mar 2026,0,Brand new,https://www.ebay.co.uk/itm/127673325798?_skw=new+rock+boots&itmmeta=01KK55R5421VY1NSARNMHZQPH6&hash=item1db9ec58e6:g:nRMAAeSwoPFpiL30&itmprp=enc%3AAQALAAAA8GfYFPkwiKCW4ZNSs2u11xDS7bIW2py6hMPFKYEQGuRe0Kpjt0sdUhXLi6KyWPNo2MFVxUXfVayUlqKIjNd7bE8xExu8l3%2Fvnq0X4sq9oQ4QioXXnRT6yha9Whs4zTBJ194Mi7r44ro9Z0oWiOCFDsVlWC5IYcxteFKP4ifhtFinzsS%2FltaOrMH6JkGJ1AoQ4%2BPkV2RoGM0iOQy1WX03wmL8EtHy6xry9cT1kE4RluakWKnHhE39JFLcZ58Lwuaeju0%2FR4bG7fRP6MEVjswZa%2FRQ2w5%2BiZQ0aJFvuFH3gO6QXlGh0U1ApqjcSGS4%2FZhKxQ%3D%3D%7Ctkp%3ABk9SR8zS4KWZZw
The Rolling Stones Honk Album T Shirt,,£15.95,Free delivery,7 Mar 2026,0,Brand new,https://www.ebay.co.uk/itm/406680384869?_skw=new+rock+boots&itmmeta=01KK55R5432YA8J32C9CFV15DQ&hash=item5eb00a3565:g:aEgAAeSw2MppiAxh&itmprp=enc%3AAQALAAAA0GfYFPkwiKCW4ZNSs2u11xD%2BOCgv%2FKm%2B%2FygXrXeLt9GyyinqlZh6ow9A7r0SEJB%2F9kdQQ2EFbcvWYIjz7SjmJKeV931YOv%2FV4kqoQrGdENiluTZ1RxwMfR%2BBOcvsCRtW%2BCSdSg%2BDzrbatx9SofQL2u2UDd0Cq4DaYMYOSaf000IYKrNhrvkd4huBmL1Zq%2Bp5SmYYdlXPtL5Ly5ARHyEOzWKVPC2dlpfrs%2Bwl0ewR5%2B6uvU7QHCXpBwLp%2BCXPXr8I3XnDQMKxAPkrSiFpIf8gHao%3D%7Ctkp%3ABk9SR8zS4KWZZw
Volcom Cap Flexfit Mens Full Stone Heather Blue 6 Panel,,£35.00,Free delivery,7 Mar 2026,0,Brand new,https://www.ebay.co.uk/itm/336461204167?_skw=new+rock+boots&itmmeta=01KK55R543EN5XXY1ZVAQ0V9E8&hash=item4e56a68ac7:g:NLMAAeSwd0Bppri2&itmprp=enc%3AAQALAAAA8GfYFPkwiKCW4ZNSs2u11xBVICCa4acPpVfACKQpxhKVvajVTVll%2BMSvVo8GPwdRkd2k%2BNco1WOBDJ8eSvk2wjCEriXG48gREUu3VKiASzLst6Umknec1s77Nz7S%2FepFv%2BDFgZ%2FObw4TjWXPPVsANkce4U1O3qchevJlzaahItsc0YFE1ijTftCLVk9sggg4SJXx02jEFoBP1ZF9xLcUVIOPz2uxlUNCGE3PHmlIuesaALUyws%2BNOGdVpGx9oNFrtyDaNxf63iZm7UIcYuB346dlEQL%2Fabc7SP6LGp7X11Mu%2BpTCYfq5h%2FqwVWqjrF1KGQ%3D%3D%7Ctkp%3ABk9SR8zS4KWZZw
Ladies Ruby Rocks sunglasses BNWT,,£7.54,delivery in 2-3 days,7 Mar 2026,0,Brand new,https://www.ebay.co.uk/itm/287070504334?_skw=new+rock+boots&itmmeta=01KK55R5432R4EJWASC4J66XE0&hash=item42d6bc458e:g:sXIAAeSwBKhonNI9&itmprp=enc%3AAQALAAAA8GfYFPkwiKCW4ZNSs2u11xBRBBU2gbITEY3aaVugsMGhrMVpYmyyRC1SPInCssats%2FTvZA8slJP1td%2FDEcl%2BeW9F2dC2dnd6SSkd7e6rrE%2B%2FWMwOO1ujlm6fnDjuj98%2Fm2I%2FiAbZSKd0jcQC47n2Kbw3c3NN7DbDn%2Fdl%2BtBZqDNYZyJqbRgFD4vit7tGKMVYngvU4O4rSEqy1oI3E3j%2B7DFAoMh0R0fhrjFKZpcfg7zAaSgJoubyCslOdQIRdmPMJkWB0bmwjwtsVveVi5SVyKL8Wp1jytmNS8%2B%2BuXL1tqTjY36ZL9EwxDGWClhROd5lKw%3D%3D%7Ctkp%3ABk9SR8zS4KWZZw
Doctor Who Comic Cartoon Anime Retro Vintage Parody Top Gift Tee T-Shirt 8470,,£8.15,+£4.80 delivery,7 Mar 2026,0,New (other),https://www.ebay.co.uk/itm/286171638712?_skw=new+rock+boots&itmmeta=01KK55R5439J7V2KMF0JXJ0T6R&hash=item42a128abb8:g:5JoAAOSwQ4xnPL~9&itmprp=enc%3AAQALAAAA0GfYFPkwiKCW4ZNSs2u11xBbbmcqM6hT7Ecb1hHXDQ6UttmtPJVj6F9mC8CsO2XY04iVFm1tQIzSi5bIeSEnDjlmeS9eZ1YXaxJcE0S4vlz%2Bp3N2ZRv%2B0BhM%2BDpCWIpCzodA57t3UTL5CR1ZmaRhEESt%2FULEYNUNr3Lumwcxjg%2BEao2TuxOa6430ac1DcPbsBylUeWOx9YLALvlh9saGYEjEIObSxlVPOnqRdgnKyvcE%2FxYN8S3l9AwB3ZjDLWdTZ%2FXJOec5vEGj3CC4Vk1cdC0%3D%7Ctkp%3ABk9SR8zS4KWZZw
CATEGORY-C T-SHIRT-80S RARE STONE ADIDAS ROSES ISLAND MEN'S CHRISTMAS IAN BROWN,,£22.99,+£3.50 delivery,7 Mar 2026,0,Brand new,https://www.ebay.co.uk/itm/403329030549?_skw=new+rock+boots&itmmeta=01KK55R5438803661DJGJ3TZD1&hash=item5de8489995:g:PGUAAOSw0W9hr1KL&itmprp=enc%3AAQALAAAA8GfYFPkwiKCW4ZNSs2u11xCKCLyxzG5%2FP8MmsiT50ddi7YqjcOMaLTSw4bLZCkQatruX28i%2FFVKQGY60od26n6uOisSWaT0wOedmvajK6h1ikF2baOOVrOlXmoUSN5%2FPT%2FGzEY22mWWT7W57BXpsvUnQeEEUaeAR6oHYSZgFEM54BPezbnA1l50gpoq%2FsJa0%2FgPZLSq2vx2QzUEgpFBLPw2KE1i%2BnzloGDhGdcYbiJ6boroMxt%2BVV8DjBXLA%2FKVjtz3Z6WjIt0o0YM6O9j1D1vn8WjUu6R70IKsQXYzCh6wXpdrI4mCx5uWFz14RJmQ0fg%3D%3D%7Ctkp%3ABk9SR8zS4KWZZw
Mens Crosshatch Cargo Shorts Camouflage Knee Length Army Combat Military Pants,Cargo,£19.99,Free delivery,7 Mar 2026,0,Brand new,https://www.ebay.co.uk/itm/197080074746?_skw=new+rock+boots&itmmeta=01KK55R543H1JHBEPBSFNAFKVM&hash=item2de2e349fa:g:LNEAAeSw5QZnyK28&itmprp=enc%3AAQALAAAA8GfYFPkwiKCW4ZNSs2u11xC0edokjby0kFPU3LrflDfiB2EryzHppYOEJdcxeBUUXavatUNMeGHkxHPHDCSY0aKyNiIaErgNGWKOQtDW%2BhMBYYln1LwG49BsyKJhshIO7bTtWdnh%2Bah6QrVZ%2BGTNtdamjv0Bf2f6W6aE%2BQlnNkp2hBGwk3i%2Fb8rW2HW%2ByOGqtibXHrQD%2B8cFof%2FmxFBO%2FZxiOa2%2FzAXtLan8%2FdlJRkWjbIEztS3TlPzDXxRthp6gWDjFYnW%2FsUn0Uf%2FsLX4HKA2t%2Fzpj%2BaJZQfbasaZI%2BJt0xxHod7f6tA7YTtm1BTGJNA%3D%3D%7Ctkp%3ABk9SR8zS4KWZZw
River Island Mens Shorts Beige Pull On Slip Pockets Elastic Drawstring Bottoms,,£10.00,Free delivery,7 Mar 2026,0,Brand new,https://www.ebay.co.uk/itm/406206714866?_skw=new+rock+boots&itmmeta=01KK55R54369G0QT3DDWFQTW86&hash=item5e93ce93f2:g:~VQAAeSwYy1ow811&itmprp=enc%3AAQALAAAA0GfYFPkwiKCW4ZNSs2u11xByFy4RSqPshCd0w4kUA1wpIJh0HdxllFgctkA%2BJx%2FsyFdQc2syeZCsRXTT9k3tLrwkonL36SA5Ldx77YRKy0MCOzUCT673hKm8oMi0OZ55uqfn71psuIfKaJldead%2BazcB%2BtgzH7L0M255riInqlDshTtSjv9Pd3lAwl6qPODudbdjDsIbe%2F4Sy4mv8q4UHhcPU%2BRJw4Rlxv1pAAwFxx3aOWNwZGLWiK3%2Fz5R%2BydfHrfx8pva3WRs1TUY07p1vCcg%3D%7Ctkp%3ABk9SR8zS4KWZZw
Dinosaur Names Planet Universe T Shirt B657,,£8.15,+£4.35 delivery,7 Mar 2026,0,New (other),https://www.ebay.co.uk/itm/356429702768?_skw=new+rock+boots&itmmeta=01KK55R5432JPM43G11FB112DF&hash=item52fcdda670:g:qx0AAOSwc61ndwPw&itmprp=enc%3AAQALAAAA0GfYFPkwiKCW4ZNSs2u11xB6ozlXJ0j80GWbTwmfTnyhJ7q6v52i8f8ufHLZmQ31G%2BZdrTPWi%2FfNZ%2F7AXtyNNjZFKEWepbX1iBNtwR2Mw9peUMYS1ndIeYgzGziY9zk8BIbWm5XtaBiKECB%2BrKTce3W22A4af30RQ5sZGr9XknBtNF3sl9zfwNa0cNCW8m264uyQHbxmLYbHwkvBeC6vFsFZhKUr6Pj7%2FmVjLNBOEhuUH4Wj2tzeYHgk9B6tHog2q7F9au7WCU92ASFlulFrzkc%3D%7Ctkp%3ABk9SR8zS4KWZZw
Men's LCJ Denim Super Flare Jeans Stretch Indigo Indie 70s Bell Bottoms LC16,,£29.99,Free delivery,7 Mar 2026,0,Brand new,https://www.ebay.co.uk/itm/283673383507?_skw=new+rock+boots&itmmeta=01KK55R5430VNC26FE2C192TC5&hash=item420c405253:g:4P0AAOSwjyhaRnUk&itmprp=enc%3AAQALAAAA0GfYFPkwiKCW4ZNSs2u11xDjJ%2BXM%2BX2wHkqaSVrycbWGdG%2BzAEqZL%2Bl9tCN9VNP4VvpUCh0wUem1QRROGqx%2BYbYjiEYh1s1jVqa%2FGwD29Sa1Wx2saf4ax7k%2BFpS%2FCoTkDcdfpCytkpz2sindtdU9wklsnruE0khImAEYaPdf4yAJcVlr4shm8h5tivmYm6nUVyHkxCak8NUdR6dDIHtnxDpxEPGkcPH6NCC%2FOcNDlmzbbCpLk2dbV2GM2DOE%2BV7vZIa5WaF1mMv2W2GwbjVBMJ8%3D%7Ctkp%3ABk9SR8zS4KWZZw
Hard Rock Cafe New York Unisex T Shirt Size Medium Blue Official Tee - HS/10,,£5.00,+£3.50 delivery,7 Mar 2026,0,Pre-owned,https://www.ebay.co.uk/itm/267527609010?_skw=new+rock+boots&itmmeta=01KK55R543XYM2Z48HH1827BD1&hash=item3e49e35ab2:g:MvsAAOSwVbRoTYVQ&itmprp=enc%3AAQALAAAA0GfYFPkwiKCW4ZNSs2u11xCGA%2FL%2B%2BMCzNh7TgbsMLbpErNrmECzmwMZ77QDv7eQeI%2BBWgbDVAX9oqgdSua4bb8ayNQawSP01mJdNkx702UjBuF%2Bt04oRNecPwPwpu7CpWE5zqRA0357WIdJuR%2FgNjospPjcR1Qv7V0fse9kDB8sJhrma4hRDXmzmxSR62EufmIysqufYfUR%2BDbEu1UuE7OcxX4e%2FV6wPtSS2Z678Ywtl6efuCY2vHFdczwv%2FlsfFOjf7LjftZi3E92fQOxk3xjI%3D%7Ctkp%3ABk9SR8zS4KWZZw
Firetrap Jeans Casual Straight Leg Smart Stretch Slim Fit Denim Trouser Pants,,£18.99,Free delivery,7 Mar 2026,0,Brand new,https://www.ebay.co.uk/itm/235618430595?_skw=new+rock+boots&itmmeta=01KK55R543K4NYA9SF0CVBZ8BD&hash=item36dbf3ee83:g:5UYAAOSw1fRmeAni&itmprp=enc%3AAQALAAAA0GfYFPkwiKCW4ZNSs2u11xCpN3OgZ%2Fq04tSTNuRwm%2BVctV0y1F9P9ZcvT7o2psqMOf2JNt0ccWIlQLOymbm1xz%2BjokVyDILye9Zhuxw0cyhEAYhNLHisQd2uwulnJDcfKbYawah3fAZ9xaonf8PrPvvRSaeSKLD%2Br0C%2B55kXlYA8OnsebzFfqMpdFx%2BT08pRLowkRPVcnYIkbYibfDWcQOj3cgZdeV4BWJkXa%2F8yokhDK4nQ0jI3s7YVm%2BA1WKp5aoJPyPF%2BdIdx2aLCKdZY1t8%3D%7Ctkp%3ABk9SR8zS4KWZZw
Faith No More Star Style Logo Mens Black T Shirt Faith No More Tee More Colours,,£10.99,+£2.99 delivery,7 Mar 2026,0,New (other),https://www.ebay.co.uk/itm/115566480704?_skw=new+rock+boots&itmmeta=01KK55R543MDPVGVFYACDP33RM&hash=item1ae84c8d40:g:4WAAAOSwYuVjStSg&itmprp=enc%3AAQALAAAA8GfYFPkwiKCW4ZNSs2u11xD%2BGWwaOvpTljPRiGitj%2BHuwETnXrwEM0GcO%2BQ%2FUj6hEsWJlXfqwsmdzK0Rc8wq1F9NQhyPUbkGi%2Bh2%2B4RRrBEaFZzO3TP7qn2HsytHYc3RjJA8CRSVh5m5XqaF9FnISLbWW%2B86EPR0lzo8HhPZm2X4vowdRDsAo5MXg5Z7LY2y8%2BVxxm7uNfy0gNq5VOt0bgZbHZPCqwbklt4Q%2BVY1gj296rh7jlKrsXIdbx7AwPWI0HuhxPcRakaQIn2yefAyVjzR5H5tjf6sFvOMqL3Q27PCSH2VE3lwj3J4ZZ9dqpn1mA%3D%3D%7Ctkp%3ABk9SR8zS4KWZZw
Socktopus Men's Novelty Funky Funny Animal Socks Great Gift Size UK 9-12,,£8.99,Free delivery,7 Mar 2026,0,Brand new,https://www.ebay.co.uk/itm/394281785378?_skw=new+rock+boots&itmmeta=01KK55R5430Y5VMZJZZK6KXQW0&hash=item5bcd069822:g:L9sAAOSw3GhlmuWP&itmprp=enc%3AAQALAAAA0GfYFPkwiKCW4ZNSs2u11xAnme%2BRCwbOhyqCOhOF%2FtWVaBf3OqluR2JtANKZhDRYISpXJ3z5ATcA%2BOwxQHmqCRg7IuSNJiYMBRlxqLHR5OpM3BWc0mTMh2vKrD2Tnzm5vyKqz1Fzx0puiZCNm0bv6CiqRgfCHU8Db%2BtMdWP9%2BVkvA%2Fcu9ptk6a7wK%2FW3rHQSG82ILxwwxQ1GOkQ0sjoC5z5vN7FCliRtgOBQg9REnkk03kQPkvx53OjcgBuYtT6POutzrqgZ3teVAtM0R4UaHjI%3D%7Ctkp%3ABk9SR8zS4KWZZw
High Quality Plain Chiffon Hijab Scarf Shawl Wrap Soft Georgette Dubai Elegant,,£2.99,delivery in 2-3 days,7 Mar 2026,0,Brand new,https://www.ebay.co.uk/itm/276184301245?_skw=new+rock+boots&itmmeta=01KK55R543D15XXXP171R7T82P&hash=item404dddfebd:g:qpcAAOSwe~lf4rTV&itmprp=enc%3AAQALAAAA0GfYFPkwiKCW4ZNSs2u11xCz2PPivBOV7M77W4%2BhLfa3KyQRCPg3dnV460G8kclABj%2BDXwT1KjC5xsW4pwaY%2B9QjXSY6CqrssuCk5Kkj3huFOjr4VwQt50XVqhADg8fAiEaYm1nz%2BQfgYy9k4g4OJqtKmHvACaI7kMDPiiYRsqSCoAgz6G2We%2Bc398VdrPfGVlF0lF5NV6V3goC5G3fS30QHJdjASYAWwilY8d5xYcMIKebYuXsMA2mRS2Y%2BeEjhH5RYogzNEYKt0c4sb9fevl4%3D%7Ctkp%3ABk9SR8zS4KWZZw
Official Iron Maiden T shirt book of souls trooper killers tour band logo mens,,£15.95,Free delivery,7 Mar 2026,0,Brand new,https://www.ebay.co.uk/itm/304185399327?_skw=new+rock+boots&itmmeta=01KK55R5436AZEFQ5Z83YQE3CE&hash=item46d2dcd81f:g:qhkAAeSwBgRoMFJ9&itmprp=enc%3AAQALAAAA0GfYFPkwiKCW4ZNSs2u11xADVk%2FN%2BBBRVfr9i2aX4WRQjviC%2B22OVBJb6lnD5U7OFLOFejWmCgSbyn9LI11fhM7vLy%2Frr28ebKUZlRnFf0KdUMaDOcUAGEb6klgknscu5TpW%2FrCTc3psu10KTKMlHLoS84XnaVA1dVZQm%2F4AN4jyag1ASQB5LC4SeN%2BH%2FdOczO3EAJimBBpEzkLe9m7UCmVU1xZIu5JtYn43fAJ9B7ja40Y6ROf0QhAkibDLCkR7hBNwYcird0ZuLkR3tUnvR4Y%3D%7Ctkp%3ABk9SR8zS4KWZZw
Magazine Real Life Rank Punk Rock Music Gift Tshirt 1704,,£7.95,+£4.95 delivery,7 Mar 2026,0,Brand new,https://www.ebay.co.uk/itm/235627702920?_skw=new+rock+boots&itmmeta=01KK55R543JVMBX3W8GGER0VYV&hash=item36dc816a88:g:7oUAAOSwMyRmfdzj&itmprp=enc%3AAQALAAAA0GfYFPkwiKCW4ZNSs2u11xBhG3lNPn9aWwyYLUGSbhuM1jNwpbJQrnRCSVuaX%2BXo9ov9Iynhr2r8Mzru1DiPo2%2BviN9J7nW2JYBLmvxkvxsijl0xqKIp0fV0Y0TAvXi1hFsRo04U9E31M%2FxVhgyz7gKO8JF%2FvyCynxY6LrUT9CS1tREb%2B8IkBt8rruvieCOl3INVRmN%2BmuIieVI1svg68OLiGkIRtaN1z%2BC6uljZDwA%2FugnnoZLPTDeWHLOEhR0GCuiSmTZOvwvGQBf7%2BuzkheU%3D%7Ctkp%3ABk9SR87S4KWZZw
Stone Island x New Balance,,£124.08,+£8.95 delivery,7 Mar 2026,0,Pre-owned ·,https://www.ebay.co.uk/itm/188105200650?_skw=new+rock+boots&itmmeta=01KK55R5439V2HPM373JB8RDS9&hash=item2bcbf1940a:g:i5sAAeSwmrZpmX5X&itmprp=enc%3AAQALAAAA0GfYFPkwiKCW4ZNSs2u11xDppVGbeGc6CfxN1p88tC5uGFit1ZJzH6pF5GDpvVuzzFgY6KjHzaPMLtVyX2DDZdrU74rRhYk%2FhvAmv%2FVuEXIyPtrwxKN5a9JTWAZUApfE9KhUzG6Pmre7bJ2SRT5b6u7cmdNRoXjpJkiRDKQMRMGxEmFo0oiU7JG5Y1IFAgRhZbgClGLML3xDyFe6OTkadBCb70UBmLo%2Bo6msN9X9ciQe22Dql%2FNMcKTIjMrF57zIkqVj5J1QvhGRJorJXR6td2o%3D%7Ctkp%3ABk9SR87S4KWZZw
LEVI’S Barstow Western Denim Shirt Stone Snap Men's Medium Gray Red Tab,,£32.97,+£2.94 delivery,7 Mar 2026,0,Brand new,https://www.ebay.co.uk/itm/306677850967?_skw=new+rock+boots&itmmeta=01KK55R5432DRV0TZ75P98WEYP&hash=item47676ca357:g:8CQAAeSwJmFpRT7-&itmprp=enc%3AAQALAAAA8GfYFPkwiKCW4ZNSs2u11xDfQ6aTdhtbKDkutVEi67RZcNuKAIcCFgl8mvOZoGPWBGJcE8aSG3yRwPhFh8%2F5y1h1ikhm%2BnkpkPX7aQ6Qn6%2FtW5BUtFrTF2SMFDRbOmuOszekf4WPH63Nj%2Fgmgt0SKrA0KSsvQy4nUamB10qeeZ5a%2FJDU2VAgQq6y%2FQPFefpKzLMb7X%2BKIFZo%2F928v7Ibaskwwoc5mUM7tEV9hyJFGUgpko5n3x5KsiR2kcb3XmKAj%2BX63Wwi3VCk%2F2M9g9m76Rd3Wy7kPCiBBdNZFmza90nRZRcagAv%2F7tazzS5a%2FpuxWw%3D%3D%7Ctkp%3ABk9SR87S4KWZZw
"Genuine new rock boots size 8, black. Worn but in good condition, see photos .",,£56.74,+£3.38 delivery,7 Mar 2026,0,Pre-owned ·,https://www.ebay.co.uk/itm/227235775894?_skw=new+rock+boots&itmmeta=01KK55R543BJN439TA2XS5F49G&hash=item34e84ec596:g:4J4AAeSwWatporfO&itmprp=enc%3AAQALAAAA0GfYFPkwiKCW4ZNSs2u11xBJCkd%2BgTkkgEL0tTDULN%2FouiZYjP0ac4CS0IT4TIsBmOepAogvQSLpD3maFmzjv75oND5DHenFKv75asxptuHqtB4GfQ%2BMgH8P9MC7BFnlQFvDYQN4qt9KnKgZcrJGHKebB18no8%2FfXRhXmKwiJ9ydAIT5%2B60jm2IirLyxhIOEw6M2ybHphBNhKwNTzdrKlteVruSeYZtHi6ycxKj5hlO4QVerasWpVrfut5omQInavFYQva3%2F3M3R8avwIPpUGxU%3D%7Ctkp%3ABk9SR87S4KWZZw
Official Van Halen T Shirt 1984 Album Cover Logo World Tour Concert '80 New,,£15.95,Free delivery,7 Mar 2026,0,Brand new,https://www.ebay.co.uk/itm/393531683994?_skw=new+rock+boots&itmmeta=01KK55R5435DBC2W8PGSY8FYA1&hash=item5ba050f49a:g:KL0AAOSwtflkOTJ2&itmprp=enc%3AAQALAAAA8GfYFPkwiKCW4ZNSs2u11xBx%2BVl%2FtbK7yOqqWi1ih4zNkXPhMm6hPAaWeqdSnJRVBDtzfLZSPLvFPnxhfOpC8nGwvNotKS1i5Rfbspky2FB%2Bbi6DHWMKBNbcnwItnHKvMHf6lQ%2BT%2F8dGLnniMB7dKi6rJDOjsABfzRlZmGNkYOJZi7qmvAm3DAnjjStogEfbJnItsyatSynEmfNrvKjqg%2BmBdasLLKLEUrI6c1eeo6BlpApBk9LJRX7u8tAXtLvBo5a%2FheZ1tsztkI66lf8m%2B6v8XwDVDbeBNn%2FUGTVCPY2vEMIxsbUWODLYkcGrSMppdQ%3D%3D%7Ctkp%3ABk9SR87S4KWZZw
Women Long Sleeve Plain Ladies Stretch Round Scoop Neck T Shirt Top,,£4.99,Free delivery,7 Mar 2026,0,Brand new,https://www.ebay.co.uk/itm/402874765016?_skw=new+rock+boots&itmmeta=01KK55R543DDE0G5WCCJWJZBMD&hash=item5dcd350ed8:g:jk0AAOSwrtpi7RMe&itmprp=enc%3AAQALAAAA0GfYFPkwiKCW4ZNSs2u11xDwylBXFyuDdwRPmN2QoYTZW5E3hhhnT8boX50m2FDjIQX35%2BG2zYBTuZsAo7bSc%2BO6WfkmD9OkS7HTlhGhrJCefj%2BsZdBxDu4v8X5FW9xNAW1rzTdAqtPvZ3MGNcgY9zZiP9eMaPTCtVEjEXcdmJHI%2Fe8a85FxpuD3KaZzGUxYXDtwg%2Bd3ANYQ4X1ogt1dOqqgzY8cpCCCklYoI5Ve201yYHPUBYKr9NHzMHGqPBHhzjMTcZqPIfY1Imigxzi2Fpk%3D%7Ctkp%3ABk9SR87S4KWZZw
Mens Stretch Chino Shorts Cotton Summer Half Pant Casual Cargo Combat Casual,Cargo,£5.99,Free delivery,7 Mar 2026,0,Mens Stretch Chino Shorts Cotton Summer Half Pant,https://www.ebay.co.uk/itm/127099838514?_skw=new+rock+boots&itmmeta=01KK55R543QDP2MZZ957RH1Q8D&hash=item1d97bda032:g:Yr4AAOSwLy9oHJue&itmprp=enc%3AAQALAAAA8GfYFPkwiKCW4ZNSs2u11xBBpYlhQ7v2ba1zZYOf2qv48oKj48KEIhamDtpJLOx9a0ZZ3poaYhM79nJ%2B89ghCEYHXrhoPz8mRkgO5NqTQwqcuONgSgAL%2Bv2G9N6d38USaije8WmLemuAd2koB%2FqD54S5SDQxB5Ad2A8E1UNECAxJGwgCgEDweoLI456%2FN51Bt1fkg8XVYXI8t4R6g3mIkSBN4FgkfZ99Xg8HfbHsqD1rUKhAnSKFcmDiNld90Gk7kpncRebA%2FHAJjc2SEKsW6%2FyyWLWwdy1J%2BvrrHSC2%2FLLMOyaTBWAVCqGitET65CTyBw%3D%3D%7Ctkp%3ABk9SR87S4KWZZw
Shop on eBay,,$20.00,,,,Brand New,https://ebay.com/itm/123456?itmmeta=012DEW30YG0MEEKND7NH&hash=item123546:g:acwAA9KNiJowH:sc:ShippingMethodStandard!95008!US!-1&itmprp=enc%3AbgepL1tlUHjMGCVfSTGJh%2BzsVKeJ3CQk7NizDI4BZeppuFnmyS6Ijyp8lh%2FnEw%2BWqO7uTV1Q6izE1R0T54aV8j71F4xlWfVcGft4%2FiOQhtqVXA1rW6M1atPARQRmhqUxtEPJKhKtSFgI%2Bvwlzb0GwVCtkp%3ABlBMUObkmabpYw
Shop on eBay,,$20.00,,,,Brand New,https://ebay.com/itm/123456?itmmeta=012DEW30YG0MEEKND7NH&hash=item123546:g:acwAA9KNiJowH:sc:ShippingMethodStandard!95008!US!-1&itmprp=enc%3AbgepL1tlUHjMGCVfSTGJh%2BzsVKeJ3CQk7NizDI4BZeppuFnmyS6Ijyp8lh%2FnEw%2BWqO7uTV1Q6izE1R0T54aV8j71F4xlWfVcGft4%2FiOQhtqVXA1rW6M1atPARQRmhqUxtEPJKhKtSFgI%2Bvwlzb0GwVCtkp%3ABlBMUObkmabpYw
Stone Island Men's Tracksuit Size L,,£40.22,+£3.38 delivery,7 Mar 2026,0,Brand new,https://www.ebay.co.uk/itm/168171524191?_skw=new+rock+boots&itmmeta=01KK55RBBE7PN4GBHT92A5Y2E9&hash=item2727cdd05f:g:MOEAAeSw5EVphPXZ&itmprp=enc%3AAQALAAAA0GfYFPkwiKCW4ZNSs2u11xBpfrwAEOOpIWyVtO6JfOwNMCbpg%2F4H9499ve8AZXClAy8UScR3zUUsgQCrnMc0iJ%2BDs2IeXVhww9wonCe9gjhKR2kEdRQ8Arf1iU508W67mhq80EqNDUCLG5MuTn08G4EH02wC7NK5n15brZIts41VqQYJ2KusqPKkpt6Ys4f2xOFfxoYp4FPhrl1MZ%2F2slBe%2FGIM5kCtgIyunzscbBJ8QL%2FwbC29AuYefPBizYR8HVwby6GCzSuYnfJlVzjVj3%2Bs%3D%7Ctkp%3ABk9SR8C24aWZZw
Levi’s 501 Blue Stonewash Men’s Jeans Original Fit Straight Leg,,£31.95,Free delivery,7 Mar 2026,0,Brand new,https://www.ebay.co.uk/itm/388699268040?_skw=new+rock+boots&itmmeta=01KK55RBBE90JW5HZPQENVEGVC&hash=item5a804823c8:g:qWcAAeSwSj9pNGaO&itmprp=enc%3AAQALAAAA8GfYFPkwiKCW4ZNSs2u11xA1ny1tM7AMpEbEeZ64OwbiQ36hb%2BiyNSC%2FMJIPZgUj%2FCBAHCFvWM%2BJZdj6dlZN72%2FqdTNsOJJGrAN7CmB8Pt0eWxpMFLwC43kuaUIMJkWYnzyGfnC5%2BG3R3BaVVdS%2B8bmfeoi6K700L1y12HBZiMcmV%2FFdIxs%2FgpgMIptXwXFsdJm1dr7MXVoee3W%2BQtOre7GX8aYBvymfPhBNSGmNLJS4BiPbSX9nUcRLJkQB3v7DtbbDIvGYJFq7R1hMklKyVVN91GWu7mVfdeGrahMxQZSxyaoQwsvQDkqi9OR683Jv8A%3D%3D%7Ctkp%3ABk9SR8C24aWZZw
Stone Island crossbody bag casual square bag size 16 * 16 * 6cm,,£17.85,Free delivery,7 Mar 2026,0,Brand new,https://www.ebay.co.uk/itm/286765327230?_skw=new+rock+boots&itmmeta=01KK55RBBEFTHH947JDK049SBT&hash=item42c48ba37e:g:cTsAAeSw7BZoncfo&itmprp=enc%3AAQALAAAA8GfYFPkwiKCW4ZNSs2u11xCVf2vPUpeBp2BzV7jngMpnHF777sI56K7t6owATzExTPq%2FRPQAXy%2FLTYU6EwC7uR7YY77DVhaA2MsrcK1%2B%2BXOXRTN75TJTG8SEeF6zFh%2FErsbYEvBEZmwD486jVV6M1SXU%2FFz%2BvMN%2BafZPgS0w10r58dC%2BwK%2Fl1q7JbFkXJoidIbKa%2FAqGGAKNJS38%2FkhU%2F5A8WvYJQ3HZGG6xeQ3EbOenzXE4k%2FVUYlg1Y6lIS2lN0Din%2BtPRwQA398FTocPhHdSzkKcPAzZgBmiszuYT6kFRP6nRskZHEPw1WV%2FepBJAug%3D%3D%7Ctkp%3ABk9SR8C24aWZZw
BIG SIZE - WRANGLER TEXAS Stretch Jeans Regular Mens Black Blue Denim Kingsize,,£45.00,Free delivery,7 Mar 2026,0,Brand new,https://www.ebay.co.uk/itm/293304743440?_skw=new+rock+boots&epid=1259757890&itmmeta=01KK55RBBEWJT182CH22FPHK8G&hash=item444a533610:g:LkkAAOxy4t1SmDsz&itmprp=enc%3AAQALAAAA8GfYFPkwiKCW4ZNSs2u11xB7M5Ofq6d4%2FPrtbT9bPbpZ2r10%2FW5nPdo8%2FkrtWsM%2BjvcEC0g1JcsMHAzuR3ke6fpbhih1wax208fOn9cIKVbBZ2wSGgk82HpbRvvBEj%2FVe5%2BA1TspoQR8O7MYAdLTtrOpWCezat%2Fa1D8nPxKV6l7Qr8WSH7RXJxuS3NfFuKw6HYX1QIYmkhYqj%2B30dx3ATuAmNqHuvnXno3y2LzKLr7duYeACgS35Ydul29DtbCbvL2%2F4UUOb3%2BBZaaXs%2FbZg1HQg%2FssavO2o3qAEuUIt3%2F0WAubUkIlsQ6zXGmqyiULqFg%3D%3D%7Ctkp%3ABk9SR8C24aWZZw
NEW WOMENS M&S COLLECTION INSOLIA UK 6 STONE LEATHER SLINGBACK SHOES RRP £45,Leather,£18.49,+£3.49 delivery,7 Mar 2026,0,New (other) ·,https://www.ebay.co.uk/itm/116072398951?_skw=new+rock+boots&itmmeta=01KK55RBBE5QSRMVW3CWB009G9&hash=item1b06744067:g:db0AAOSwyHRl0hUZ&itmprp=enc%3AAQALAAAA8GfYFPkwiKCW4ZNSs2u11xCNkTTHUI%2BEdHJUOL6JqLJqzTuwO%2FkMbkMHAIER58VQEOBJHGn%2FR3vGTSitHBD%2Bf2ujLUpjo4DMt9f0X8c1PDF6IcAVzIbL5m8oygfR%2BaKaCxW3F5gMctGvg65lU072n5chedcnOsZlQEe7wWTg2Wn5xnu8XX1H6mzanamdqMPUqVGrNh3TeoP5m2sN10ObKfK3lDD%2FuCJ%2FZWDi%2BMwVtDP23D63rdIfwMw2W4SdxUJFf2JOswRAT1NKDDkZMmAmvqcxLJsxSOudakRhbZisC%2B95bkJpifcZSuaHV507y0ghdw%3D%3D%7Ctkp%3ABk9SR8C24aWZZw
8 Pcs Punk Gothic Rocker Costume Set Disco Rock Star Fancy Dress Kid,,£8.88,Free delivery,7 Mar 2026,0,Brand new,https://www.ebay.co.uk/itm/116988006440?_skw=new+rock+boots&itmmeta=01KK55RBBETTEP0Q1TR27E24CA&hash=item1b3d075028:g:IfoAAeSwTStpa4Pf&itmprp=enc%3AAQALAAAA8GfYFPkwiKCW4ZNSs2u11xAxHtC%2F4R%2FBxZHNLuVQJFHDhreyJKRkNmtQOnciRHKfpv6%2F0Vz5GF1NYVBEiPsxk3JotaAi6bYPftRFNYdt6zwwS%2BOXVwQXtJlazJ8AiHgFjymCvRp3G7PajX%2BmiK%2B8Kyl42vdSvGytSi6tubIpubgS0EYIA4Foh7JjbeUE02UfX3x94C%2F6iDv52s%2F8mX6L9VG1NztqCS9zTND%2BBkkz9%2BztW6taacVf3gpllpKIonihWopTNo1ss6dZwGbwuDDZqRS%2FWJaPGRRjOdGOd4p20348Uk%2F%2B3Xp9sMu18wq%2BSZuLlA%3D%3D%7Ctkp%3ABk9SR8C24aWZZw
WOMEN HIGH RUFFLED WAIST SHORTS HOLIDAY ELASTIC BEACH SUMMER PANTS UK 8-26,,£8.49,Free delivery,7 Mar 2026,0,Brand new,https://www.ebay.co.uk/itm/336011664614?_skw=new+rock+boots&itmmeta=01KK55RBBF3FAKJPQ7N9GCSG9N&hash=item4e3bdb1ce6:g:1a8AAeSwpKNoZwut&itmprp=enc%3AAQALAAAA0GfYFPkwiKCW4ZNSs2u11xCWK37qnpsPJVWe8LpDWbplUIXWVFXAjubiVnr8lcQ3Bkax%2FnGbY8BwXKI66wXnC%2BxWN%2B8sgKHOdKYhzgiryQTNPb8HXlNSe1f%2Bxly3u0lk3btiW1PgXrDPag5aneQGxQc%2Fr%2B8KdkngsgZoRCgSumxNZcr%2Bcxohm8Bty6GSTpDNJDT%2FWy4u3KyOpAJeottPPWovIyJrZwJvsjOd%2BpZfxQL%2Ft6Kdjh8jyQjlNFhTIjBcisC25NEzd2551hWgMTlIEWA%3D%7Ctkp%3ABk9SR8C24aWZZw
"The Clash Give 'Em Enough Rope 1st American Tour 1979 T-Shirt, Music Band Punk",,£13.00,+£1.80 delivery,7 Mar 2026,0,Brand new,https://www.ebay.co.uk/itm/297596808694?_skw=new+rock+boots&itmmeta=01KK55RBBFQ7NP1B0XS8RY1J2R&hash=item454a26edf6:g:Lp4AAeSw3-FozrGw&itmprp=enc%3AAQALAAAA8GfYFPkwiKCW4ZNSs2u11xC9KDIHSJ%2B9tmHKs2gzwU%2FaRs4U7Pufg3iYtFsDxT0WdJaSLI8nBGh%2FOHWSRiJ3MVrsfqPZlzeYmtQplO8odhxM26W2lTWATvZ0a9%2FKx1bfT9cvSr2SGlDIKnoi49t4tvSyMNzkWvJW6JjgTvu58DuZYTYpE%2BTlRve3GSYn%2FV7FOFT1YJr6iVNE2QvVPhWNMhesJe6k37OB4skgAVXT4zafr0wxX0gD6JVopJikc%2F0CcSEz1QJjEhL1%2BDoWrjfaQLSZQGg3K%2B5zHDQxO5kmJCu8QJQMEzxOguJwVnrQe2GARA%3D%3D%7Ctkp%3ABk9SR8C24aWZZw
Seasalt Women's Regular Reading Rocks Denim Jacket Mid Indigo Wash,,£29.95,Free delivery,7 Mar 2026,0,Brand new,https://www.ebay.co.uk/itm/317955528887?_skw=new+rock+boots&itmmeta=01KK55RBBF484K3YZMWK9H42X8&hash=item4a07a058b7:g:BzMAAeSwXVZpqOK7&itmprp=enc%3AAQALAAAA0GfYFPkwiKCW4ZNSs2u11xAkBjRLnQwzoCoLRZnXncKtoqq2wUecjUYkVMgFrNatKw%2BxZMI051Yoq1KCIubk1mPlrOIYPgtvi32OvbVmEc%2FAeIJIiQiwWbEXY9xDzkWlfaEBhlw9tEHGmSuy%2FUOx4rkOlwtCnHz9FsS5DxcO1SAG9WT7lrSOzf%2B1SlBibbWQZVNcJYhNJQdvaxuUYW4dVP8Q7TZAfnm831WLa5IaAl4rjKVArn6sWCMPrHGfcqbW1szVzUHudZnPU4ZkCqcWt5Q%3D%7Ctkp%3ABk9SR8C24aWZZw
EVERYDAY IM SHUFFLING-Party Rock-LMFAO Mens T-Shirt #AV #P2 #PR #2,,£10.99,Free delivery,7 Mar 2026,0,Brand new,https://www.ebay.co.uk/itm/294918118621?_skw=new+rock+boots&itmmeta=01KK55RBBFTJCVSJEZRB867JKP&hash=item44aa7d5cdd:g:cQcAAOSwdLxms0m4&itmprp=enc%3AAQALAAAA8GfYFPkwiKCW4ZNSs2u11xDGqJT3FsOl870%2FFCbbQbwDh4%2FzuNO2xYWKqF4NHDhNAPW37rlt37hj%2F3Dghi310zR46icK9g9xlGdv%2FTAyiHfX352ze7lrYLdNV2%2BWG7ffjj91F9NwyQXai2mN4N%2B8jsk%2B%2Fq%2BNYAQaDxRZqdKJZrf5WPfFPd2V6Kr6dY2PETD%2Fxc%2BkLRfm%2FzL7wwcbMfOn24ffolJByGgP4CUAnWzJkQR6ubHZb8RJcjZYX1JunU1Xr782MQdAQdFj8LeVQDiKlM1zuoLht3lSihPHctq1cXBbHFCmIEKm2K1%2B9aji0UV04Q%3D%3D%7Ctkp%3ABk9SR8C24aWZZw
Dark Stone Coach Bag Available With Dust Bag,,£48.54,+£2.94 delivery,7 Mar 2026,0,New (other),https://www.ebay.co.uk/itm/397638007012?_skw=new+rock+boots&itmmeta=01KK55RBBF2AKCWAWZW4CFVP9S&hash=item5c951278e4:g:2AQAAeSwEEtpmyET&itmprp=enc%3AAQALAAAA0GfYFPkwiKCW4ZNSs2u11xCNW9MhZtstKNC9Hqp8KGsyFe0idu2im2u%2F3vKmNBawujXpUw72j4HhfL4k--gzW0O7Uncg%2BSQGQLI%2Bw0M72pi1BtPebiWH13jdaFzbTad18fMSGbPi%2BpttoVkGZyyHBQSoViSpOd5cUkXNi5Fpd5%2F4q8gd%2BoBkNVAx7hAj%2Fo2ejhA4ZFWg7lrHYpk%2Bm%2B2JEMiT3WpR7k2tw0aLQA8xtP%2BZljSgyvQCjSJ1lM1nvNhFbW6S8ihO8UH7FTKqGAIvrEg%3D%7Ctkp%3ABk9SR8C24aWZZw
Alice In Chains Unisex T-Shirt: Facelift (Large),,£14.97,Free delivery,7 Mar 2026,0,Brand new,https://www.ebay.co.uk/itm/256685965522?_skw=new+rock+boots&epid=24075802088&itmmeta=01KK55RBBFAGMEME3KV3B70STX&hash=item3bc3ad00d2:g:rlwAAOSwTZRnF-7X&itmprp=enc%3AAQALAAAA0GfYFPkwiKCW4ZNSs2u11xB6F2Aud1ZhiHiLhvkxQ6QkAgGoJ2YQGdVYn3TxSDfu77wY5%2BJ17p74MjmeTlrmYNRRi%2FibUQ3a7o6HKf%2BlZ7uef2mcsbBfrxAZidaE5o4gohY77AmYey1qzzRXGnCwXLqN%2BVyVhOLQIMf5%2BYW63kFFGudQkDyyvFYsDTxPv0%2BXUxpMZbJlqpNnLlzd4GyjsCGqTwf6DpzI2zdMSt4lY0MBnHG0BWSK3RLP1woYplcKqDLllfvyQ4dL4bbPr03OKkQ%3D%7Ctkp%3ABk9SR8C24aWZZw
Ladies Linen Shirt Relaxed Fit Long Sleeve Lightweight Tailored Cover Up Shirts,,£17.99,Free delivery,7 Mar 2026,0,Brand new,https://www.ebay.co.uk/itm/226083788163?_skw=new+rock+boots&itmmeta=01KK55RBBF039CAQWVKE599M1P&hash=item34a3a4d583:g:4SkAAOSwJBRmFQde&itmprp=enc%3AAQALAAAA8GfYFPkwiKCW4ZNSs2u11xANXaSqeDT%2F5zucBVU9O4iulvNc8%2F2FSkd55FFDEm7HPJpnpFuw%2FbcFNeiTUkscAsHE%2BsgH7vnbAlLcgoHkb%2F3%2Fqxj4qs9dxqZcr0FgInJu21e5KSyo8jGhV3YEe%2FkPgrtEiiHdtJk8qvAVxsgvmarewSjEGxWZMBa4GNnMflNuxrO4TciOLsVvXDiPm2WetM6SwYWTq02gUVTxMUgr1btQZugBpL%2BjDUf5MzlU0z647u2gH%2B53YocjDy%2FgEsw4BfT3rtq73SfXACunk8Ry%2BnzhUk2x6ZR0BY3HxPrUN%2BoBSA%3D%3D%7Ctkp%3ABk9SR8C24aWZZw
EX Mens M&S STRAIGHT FIT Comfort Stretch Jeans 12 Colours Size 30 to 50 BNWOT,,£21.99,Free delivery,7 Mar 2026,0,New (other),https://www.ebay.co.uk/itm/204992856194?_skw=new+rock+boots&itmmeta=01KK55RBBFJ2WGNHTZ4SSXE8TJ&hash=item2fba86c082:g:iwwAAOSwRblnkSCu&itmprp=enc%3AAQALAAAA8GfYFPkwiKCW4ZNSs2u11xCeEutRI4Bl2BR3UgpnepDt%2FjHjdvK8qdw2Ss7F7jaHwGKH0o0iJzVWzJ9St17O7aLGu8OA5TAxIW1IVADSM5q2ecnj%2BVosjeXXnweIAmC263obJKjFxeEiMis0c1oXD2u5JeKwSCcT9dnt2udjJaBcDW9uQdY%2Bhv2xOCwRudR9tsazytepE%2FRBOrxt3aCs8gStHPemAnkkAX7JcZYOA%2BstESHEV40H%2FLJkKwsn8N2utpFfW2zgrnoxSBIlucss4MwHrxM3Jg9T7WAxclhywkUU5fd0YxNW22MML6FQEQ1PlQ%3D%3D%7Ctkp%3ABk9SR8C24aWZZw
Buckbootz Tradez Blitz Waterproof Safety Boots - Black / Honey / Brown / Stone,,£66.00,Free delivery,7 Mar 2026,0,Brand new ·,https://www.ebay.co.uk/itm/325873101481?_skw=new+rock+boots&itmmeta=01KK55RBBF1PTQXENM80063EX3&hash=item4bdf8ceaa9:g:3OsAAOSwr3RnkjDl&itmprp=enc%3AAQALAAAA8GfYFPkwiKCW4ZNSs2u11xBG%2BrPC9Np5Epv25eaLCncRgAUmdCVtLLF%2FJuBMpRX9zpA6X0fTxThMs4K1hZHvNdVWqu657W4oNT7QlUHBQGnz%2FlXe1mUf8Ypush0SXPfqCF%2FI7IkKg8cySIKxZJx1m%2FKtdehGw0TzMNdMOZ6Bqtppx2RVa5ql4RMUL95IZzMmuR6LSa1E0ssMoG5TvuESVmZODWA1dSCk8Oo5GzamiewzxfuWVjJiov0pK5YWLQWWNLGNhcaYsNx6cPsksG9MkQ7LwPziTNQl%2F2934rsn5qe2vmY0wUG6SJsfPo6KulyNEA%3D%3D%7Ctkp%3ABk9SR8C24aWZZw
Stone Island Black Men’s cargo Shorts Xl,Cargo,£26.69,+£2.94 delivery,7 Mar 2026,0,New (other),https://www.ebay.co.uk/itm/317954824219?_skw=new+rock+boots&itmmeta=01KK55RBBGX7BTAFM4CSZXDRYK&hash=item4a0795981b:g:ZvYAAeSw3VtppyEj&itmprp=enc%3AAQALAAAA8GfYFPkwiKCW4ZNSs2u11xDGt1qi7qONXwZXoNgyOoT0CNa3MeWDfj82J0TGHk2CDsXonB%2FspmTLz9twEOQu%2FzVaFSCJTcmfeGts5Aa0vU287n2WA4GGR38y7E1n3AVlfuu9czY%2BnLcdUPfS7KJ6n5oQRufjjBSYAWhHxiyf7HNeTIjwmBDH%2BZZwlK566eq1DkXb7sDhoMIpK5tPZxFPZ%2F6%2FNEOle%2FUOR43oWJjV%2BGh90abvi4GclcAMP0aKunqw2%2BHpyJ61F7pKipv1L3UDAhBNpDHyaw%2BPvgtDXBQ5wIqRt9WAZI1xznkm5whKZae2cA%3D%3D%7Ctkp%3ABk9SR8K24aWZZw
Santa Cruz Natas SC Panther S/S T-Shirt - Moon Rock,,£26.99,Free delivery,7 Mar 2026,0,Brand new,https://www.ebay.co.uk/itm/257146646165?_skw=new+rock+boots&itmmeta=01KK55RBBG1C9NST03CZW5BQVA&hash=item3bdf226e95:g:VnMAAeSwp1ho5l0U&itmprp=enc%3AAQALAAAA0GfYFPkwiKCW4ZNSs2u11xDlUsWBcDprhHI9bmaFx2pTkm6afpK6Lw74mzXeHPgcKNm3UpTThzRv0edcPaIbz%2Faum54WC%2Fz1iQEwbIdfjdIyOanAMdlp7eJiC0v%2BJwEuKr3FelwFaOqM4OhJJhbS8UWdF1%2BQmpUYJ6upYKuwGmFnWoJknbuM1yAuFiBVNBHiRZyBeS2766AvivdVhdsiwYm0FAr%2FVGC0fMfqni9hAvLhUuUFPxC%2B%2BhTXFSGO5LmnlcDkX6p5yuoJSk4ffLCD7AA%3D%7Ctkp%3ABk9SR8K24aWZZw
Rock is Dead Drum Kit Drummer Drumming Mens Ringer T-Shirt,,£12.49,Free delivery,7 Mar 2026,0,New (other),https://www.ebay.co.uk/itm/205079568330?_skw=new+rock+boots&itmmeta=01KK55RBBGB34VZQNY3FW4GT39&hash=item2fbfb1dfca:g:3cMAAOSwfP9nJoid&itmprp=enc%3AAQALAAAA8GfYFPkwiKCW4ZNSs2u11xD2sDbmioBQO00E81UassNXFS3M68PsTo0dufTJmmHnBztOAPncZJkVVwHVF9fLnLu1LVe%2FRB8TeBj7sqLQ7R51kk6Z5QXgRfSSidE9X2iDFbwHTyY0Osmy5Pb1qTHp%2BT3H%2B5QkzJp%2FAgCtms7kuHWUDjkq2yOAvrZGusmsZA2mZSGXnmAI5YuvawtlEsOwF4DgyyxDayph4yh8CITWlfc%2FarqJ7M5q7pguJtIwgnacCtu2Oajv9HiuieSgVNGkCqEpnntMtpcTheXlz1%2BmVR36Js1HnQWB--WmkUWJYflLkQ%3D%3D%7Ctkp%3ABk9SR8K24aWZZw
Mens Shorts 3/4 Long Length Three Quarter Elasticated Waist Cargo Combat Light w,Cargo,£9.99,Free delivery,7 Mar 2026,0,Brand new,https://www.ebay.co.uk/itm/256160210150?_skw=new+rock+boots&itmmeta=01KK55RBBG0DZZD3CY1XSWNGYY&hash=item3ba4569ce6:g:IIcAAOSwa~tkwRaP&itmprp=enc%3AAQALAAAA8GfYFPkwiKCW4ZNSs2u11xAYnJzSpmBFtJrc1vTUZ7yIM9kbVgtgSVdZ%2FGB7t8OMPaqg5cIrAyCyS7S9VYALQ0Jcj4QpnM5UZLIxc6Xd3%2FFIwGcamONFfHh77VGs2U%2BQ4v%2FiUrIA2Fhc0zJyt4AIqZkliaTgFWTi7FqiwUgon8uPta7gerYtbJxQACI6gCT0EU2715uMF8mR%2FO7NE8GYnr3w7KZ%2F8f%2FMSbcXK5cihwEi2A463p8CX8SpOvKS8NpJPX7OmspjMSCK8ykT8KcZpCKpxUadW1BaHUNCo0rBUx6cNPZ2hgdxHRlmsO6I0uPY6g%3D%3D%7Ctkp%3ABk9SR8K24aWZZw
Van Der Linn Stone WASHED Denim Baseball Cap Men Women Cotton Adjustable Hat,,£3.58,delivery in 2-3 days,7 Mar 2026,0,New (other),https://www.ebay.co.uk/itm/255583745496?_skw=new+rock+boots&itmmeta=01KK55RBBGVXPPN28Y17TGFH5M&hash=item3b81fa75d8:g:BcIAAeSwP2Jo~xdU&itmprp=enc%3AAQALAAAA8GfYFPkwiKCW4ZNSs2u11xAMr5zXPQTNUI46ajx0ykPXmn%2BOSc2gU6t9cBcVggtSYuul4m6s2M03iF6Q0qDKSFSkPEPIs2auSuh%2FH0r4%2BV1HFOqF13%2Be1b9Yf0QBMTWCRZv%2BZ5J8ZoZECf%2FtyRHf3raxr%2BaUwsXt9l2JijYg1NF4I0xmnOBRqiDcNM8U8Mj5kV5ZoEtMN3yCgCoAmcJKqTxoYHW2mODRIPt88GF6GDKiynLdaAi2Z%2BOHO4U3f%2FKQzE1Y9UlE16v1s5MCcBQdpkawcBSZVZmheFb4MVE5Dm6Wbxb0osw%2F2%2FuMUiLxItW67g%3D%3D%7Ctkp%3ABk9SR8K24aWZZw
Enzo Mens Chino Trousers Slim Fit Skinny Stretch Cotton Pants Jeans All UK Sizes,,£15.95,Free delivery,7 Mar 2026,0,Brand new,https://www.ebay.co.uk/itm/333062315365?_skw=new+rock+boots&itmmeta=01KK55RBBGKWV6F40HKH6S56PM&hash=item4d8c0f9d65:g:yuUAAOSw9ehgmooC&itmprp=enc%3AAQALAAAA0GfYFPkwiKCW4ZNSs2u11xD86r7wuKnAAUblklXjT3u9kKpj0B%2B0c1zi1IbmWdj%2F2bi553qdDG4KYCGLRCRU4JYzhgUO5HsGGtYkZBICN%2BQyVhImXB9X0%2F7e3dWpXZztqcddGtaMfVx7Qd3405AZTT1hnnIYApghFLKS2I6M6K6eLEcAeUl30kfDFPnhLF%2FI2siQBMkpZesDi6KxytHyaOwGGGnMBAgb34ODZbMMulpvtOOI%2B4uOmC2ez%2F9cDRZp0A0qM4Zgk6xcIYTGEsvqr3M%3D%7Ctkp%3ABk9SR8K24aWZZw
M&S MENS 2 PACK PAIRS NAVY & STONE REGULAR FIT CHINOS TROUSERS Waist 38” Leg 29”,,£35.01,+£3.38 delivery,7 Mar 2026,0,Brand new,https://www.ebay.co.uk/itm/157419641575?_skw=new+rock+boots&itmmeta=01KK55RBBGDC3MA3BBKF241R5Z&hash=item24a6f11ae7:g:3IUAAeSwuT9o~hwZ&itmprp=enc%3AAQALAAAA0GfYFPkwiKCW4ZNSs2u11xA4gZul61ctArTOAFQIpfLzx0JHPMfiPcW2UVriHOBbwWsvOrFE5Wq0EeVAQp4I2BFzSi4cybEtKdqWoMn8qY4syNQi%2F4N2LVqRojLOF3kPbIcr7H2OskTkeKvzsowCpZ0UJd4pPg1ZkSdNLOkuQAA4050fVMZnbNXr1Fk9XVH2vw2gtr9Q%2Fo%2FpF1oT9dWvzoC6FuPPYDC5IjiuyfCI6zbKFcTxxQ2E0uR0rWr7QDZ%2FkuD%2FvgnJikha5vVbOBE7rls%3D%7Ctkp%3ABk9SR8K24aWZZw
Marks & Spencer Mens Stone Cotton Cargo Trousers - M&S,Cargo,£11.50,+£1.95 delivery,7 Mar 2026,0,Brand new,https://www.ebay.co.uk/itm/317953176757?_skw=new+rock+boots&itmmeta=01KK55RBBGVAAHQ4WB4S4QTSXM&hash=item4a077c74b5:g:TNQAAeSwJllpqCG~&itmprp=enc%3AAQALAAAA8GfYFPkwiKCW4ZNSs2u11xDbFUYl%2B9WqKJwhgkhMU3xBun4NWv4sDPTgTthFFNws2MhX9bdk%2F1a5GjRofJ45kwtT2hDun26ysV6XYF5Cn95VC3UsaDTESyv31O5yrqehD342Q7nOCM1QSumif3PuSdCdf5dIl8KV5Vv8ydQtvxjWzylu1uS%2BKV3J%2B6vBAUztGSacbX3jTFvFU0fVhN%2BGhqSETNx6E4pKX5gLAqoFoqa6EuWCLUKN41dD0tIR5uySQTP--D7BHxy6FDxH9KVrPu0gy5BloILvXm3OYMU%2FWEnwFT2aiGoRAFOVsyTKkFf6zg%3D%3D%7Ctkp%3ABk9SR8K24aWZZw
Enzo Mens Shorts Chino Cotton Regular Fit Half Pants Casual Summer Beach Pants,,£12.99,Free delivery,7 Mar 2026,0,Brand new,https://www.ebay.co.uk/itm/134449204012?_skw=new+rock+boots&itmmeta=01KK55RBBGT99QH20ED1XKWV8F&hash=item1f4dcc0b2c:g:0HcAAOSwfKJkbLzZ&itmprp=enc%3AAQALAAAA0GfYFPkwiKCW4ZNSs2u11xDrmznqLhh2fR8WUfTTsrgw6Bf5QQLX4caTu2I1wKd0RevCzDN0oPOXxdAjnRIUHsQxLamfeTFum9%2BSaUvPBIMlZOhMP1pvCgMBBpWn6g0luLDi2S41KH0OaBTlwmXMQj%2FwzyuvSYQ871w7zBRqDZ4fIyBH%2BrVg82pqWdUu5DPX78vo3tgagxEbiLUIjOxf9bPWxlon1xTnZMitJHUg%2FxVfnb9eyXVF06vEgP%2FaRk3GR2cxf90QmbF8motDBglVFPc%3D%7Ctkp%3ABk9SR8K24aWZZw
Mens Cargo Combat Stretch Trouser Heavy duty Regular-Fit Multi-Pockets Work Pant,Cargo,£25.49,Free delivery,7 Mar 2026,0,Brand new,https://www.ebay.co.uk/itm/234304185420?_skw=new+rock+boots&itmmeta=01KK55RBBGFG3YEAQFSVTDEPXB&hash=item368d9e244c:g:IkMAAOSw2cZhnzzy&itmprp=enc%3AAQALAAAA0GfYFPkwiKCW4ZNSs2u11xBb2zTFvmK8mEYgMujp%2BPn5SnXbfZN6XSHmZc2hw64wtdrSWPXI%2BLLeEPos%2BQUTyqnpsUAK8eII6ayillJ9OBRv%2B0qRlCy8iTBGVYoF4X8W6FNU7T%2FLnmudDkO4NQeQ1EF%2Fq%2FnzAcOGSwLqa5QNHYwEILF%2B0XKGv89X7OnONpJye2NE34Zh1PdkSO85Kde6clwkqDcqN4H5vYjHPOUe5if0ONZYcwMi8tBVcXTPpjETxBXHZN%2BNzY%2BVi7jrgPpmF4s%3D%7Ctkp%3ABk9SR8K24aWZZw
Rock Climbing Croc Shoe Charm Set | Outdoor Sport | Compatible with Crocs Clogs,,£3.99,Free delivery,7 Mar 2026,0,New (other),https://www.ebay.co.uk/itm/177476883265?_skw=new+rock+boots&itmmeta=01KK55RBBGR4J0G4PV72HJAWV4&hash=item2952725341:g:7vYAAeSwUOho59s~&itmprp=enc%3AAQALAAAA0GfYFPkwiKCW4ZNSs2u11xAkzul58RBtkz9%2Fih6Oxcimvo%2B6KyDj9BsMmAb4gEP5m6umrFDH1%2FnJhXpT5PmMSVz2S0egfNdzjxI%2BjWpxvPpkQWG3Jrp%2B1Ue2QEcguJwM1a5QTaIMhOGxlBO01WVsFbAX%2FY8bGnq2mRKvrFtx7ZdInBlkjEVrtRiLQItqWa6GUbLhbjUlQOB5Mb6glItCcSrEK1eOmCywLBypRLF53YpplnWpwMjg1uWhPNKtUk8DszyMTisncAs6DXOrIFzQP3E%3D%7Ctkp%3ABk9SR8K24aWZZw
Ted Baker Stone Colour Block Polo Shirt And Shorts Set 3-4 years,,£21.49,+£2.70 delivery,7 Mar 2026,0,Brand new,https://www.ebay.co.uk/itm/326750276731?_skw=new+rock+boots&itmmeta=01KK55RBBGJMGF7VNYPED9QRQQ&hash=item4c13d58c7b:g:jNwAAeSwyV1osZqO&itmprp=enc%3AAQALAAAA0GfYFPkwiKCW4ZNSs2u11xB70FGa6wdDtMSTMQ%2BBFMKZm5u3BoiqjVu%2FatPWnub3kDfTw0vk5nz7s2Yi5dNOkEshspFCzfZl%2BSlmC1uBK8M34gLyFLn0K%2BAJfGgn3AyhHttAY8wJyipPqle3LL8pEe13YCbr%2FHkk2di%2FXyBiV9R6KfVtu%2BrzTuSAj6YQLFmnastmMq3BPRRMJCD7pPMN%2FK5IRV4%2FBItkxu0PvqbKcwHUvUl0CL2NEaRfG56iuVLVI%2FH8DOsEcyIjh5uh%2BximCYI%3D%7Ctkp%3ABk9SR8K24aWZZw
BANDWAGONESQUE TEENAGE FANCLUB UNOFFICIAL INDIE ROCK MENS & WOMENS T-SHIRT,,£17.99,Free delivery,7 Mar 2026,0,Brand new,https://www.ebay.co.uk/itm/144964911883?_skw=new+rock+boots&itmmeta=01KK55RBBHVWGVV5TFT4WA3M4Z&hash=item21c095030b:g:bKAAAOSwVHRj~O6J&itmprp=enc%3AAQALAAAA8GfYFPkwiKCW4ZNSs2u11xARvTzMXJJH63mg5FaJkcpilmnAlpYr7sGBY2V2Bxi%2FVIP3RnOYApuMh2WoFlClIxsveGjxBQm6iuL%2FqtBqgSgfssUUMHG6SxHXdKqZzqrkC5plcbClqqBktVqoP3yGNTT6%2BKogaIxKyLcEyAKQIPVsJN9zT1x4uTxFdiPMVJNscxu620Ube%2F5eFVadx0xHTFvOnNMTGCNswBcyDbABIJNOvD39Y9ww1ck3T5alukwGd7nGgd9KPt%2FFbIHF%2BYtEXirkTC5sTqXLRF1Py9FQWRxzDyUwK8RwSATpNzUQXEkqFA%3D%3D%7Ctkp%3ABk9SR8K24aWZZw
Party Metallic Body Suit Sexy Lingerie Underwear Crotch Zipper Fishnet Bra Teddy,,£4.79,Free delivery,29 Jan 2026,37,Brand new,https://www.ebay.co.uk/itm/257299456293?_skw=new+rock+boots&itmmeta=01KK55RBBHASCSF15PBG13BY9Q&hash=item3be83e2125:g:yC0AAeSwXy9pX8BJ&itmprp=enc%3AAQALAAAA8GfYFPkwiKCW4ZNSs2u11xA8Kj%2BD96Z%2FRz5FfMYcMrJUB1Zsm3Hv8mscUvLWJ1bocKIBpyB6jo1ZkHTylZ9TsGWsUhlTtYS91QAftSOANPt5%2F9filvk75Nz8wUfNCVUHa5JgtlOb7Q9liXsh3QSiIiPtC1%2FrHDmY0%2FcrxMr9VKP18%2FMrvE8abuhn%2BnLaoM4N1m0hl6B2iMIOjew%2BCijH%2FDNYA7MNGc2%2B7N%2BOGPl2oBeSQzCdkHlC%2FqDelMpT9uUTI4k93j9whpmr5ffLCfcvDjOPLzsY9LZkWhMLMW3TiNEpHI6eTKUQSkhSwKDYiDnkDQ%3D%3D%7Ctkp%3ABk9SR8K24aWZZw
Bedroom Sexy Lingerie Body Stocking Fetish Open Bust Bra Underwear Sex Bodysuit,,£3.89,Free delivery,18 Jan 2026,48,Brand new,https://www.ebay.co.uk/itm/257299484075?_skw=new+rock+boots&itmmeta=01KK55RBBHMR7Y1181Z1PBJW8K&hash=item3be83e8dab:g:exYAAOSw2dJkSlQj&itmprp=enc%3AAQALAAAA0GfYFPkwiKCW4ZNSs2u11xCS5usaFRrdgGy4fg4WHh8ZuvlJixEVblJg0Tf9c%2B%2Baf79xfF1Uyl1lsByPFidR9VKRVMuiRVw%2FTz0HdaBITf0jxvi2mdBXCr7WSr1Q%2FVEtxQkNKZMltjYnzhXprbj%2FeQ1lMS5tBjFvVEYkWViXFuTkpjwIEWmKPSlDnkeZlrhVXpySIOg12yFjLNbTyCJbIZqr5TxVgSJ2N4DiATgeMoQexyuGvwj4W0cW7FCQigG%2BRcTPwV%2FI%2BQZyct6AH2U%2BleM%3D%7Ctkp%3ABk9SR8K24aWZZw
Fun Sex Lingerie Set Body Stocking Sexy Fishnet Bodysuit Spice Up Underwear Body,,£3.69,Free delivery,26 Jan 2026,40,Brand new,https://www.ebay.co.uk/itm/257298188523?_skw=new+rock+boots&itmmeta=01KK55RBBHCYKN8Y73R0VF72MV&hash=item3be82ac8eb:g:FeUAAOSwVtVnNg~3&itmprp=enc%3AAQALAAAA8GfYFPkwiKCW4ZNSs2u11xDrH8bgNaemYikPWzTl7e2mw8KTKW9GCSEjqxnI944YKc5EXeVwmaRiyBQtvxhi%2FpQBJ9mlf5JOSQq6c7BS5OEuhqi%2Ff0cLyWxT9KOKrlShkeZueKAQxmNpUwZVvB3KJ7TzWTslVsYYBPPBK4MUP%2BQlexMhFA0F4h8yGtTY0cYAHz5N4Gqm%2F4IGeddkzWS3fZsGp21WjGPClGLLOa%2BW82mJ%2Bcu8ohzdkldUthxz3ooiR0sRmDSXrjcU%2F6lx7rR3mq5D%2FeboFVdqITB4jz8fY4FX4d047smKfOfBH%2B%2B1mO6TYg%3D%3D%7Ctkp%3ABk9SR8K24aWZZw
New Premium Quality Soft Cotton Silk Modal Maxi Hijab Scarf Shawl Wrap Headscarf,,£5.49,Free delivery,7 Mar 2026,0,Brand new,https://www.ebay.co.uk/itm/195454360695?_skw=new+rock+boots&itmmeta=01KK55RBBH709AWH3K2V6Q5W0J&hash=item2d81fcdc77:g:XJgAAOSwxhtkrZuW&itmprp=enc%3AAQALAAAA0GfYFPkwiKCW4ZNSs2u11xDKDevaBH40jxHbeJDs7X46QURxPfWp%2BBgQL9IFzyi7rlzYbBsZFSHPQAZlkw6E%2BWpgymGae6LhchIp1P46mi4t%2Bf9X5xIpo0pV72H%2FxgXc6QLITtJt7PQv%2BlBp5%2BLIEGKQPKIoPyCMOOesNKCjXJ4EG5P0r3KZt5ZDCIpD%2BgzYyJrZk96b%2BoojtVyQgXzPas%2FXTeDWa5vv1vwVldWVUIeK6R6n%2FQv7vOZuhVKJp1pMSsHxwJQ2rqyqiu3X72VqrSU%3D%7Ctkp%3ABk9SR8S24aWZZw
"Stone Roses t shirt, Adored, Reni retro t shirt men's,",,£17.99,Free delivery,7 Mar 2026,0,Brand new,https://www.ebay.co.uk/itm/305381771838?_skw=new+rock+boots&itmmeta=01KK55RBBHMV40FJJC5JN3WQC2&hash=item471a2c0a3e:g:lsoAAOSwbUNmfXak&itmprp=enc%3AAQALAAAA0GfYFPkwiKCW4ZNSs2u11xBBiD2jO4zx%2Fw6xYzEBmH5kwpKJ3uK9Lh9QWWkkbiJ3eCsqjjWv1iUHPLvTmkYgg4Pivd9dD35y5dzNkmgwFoC2nG8EsHoHDzRUpKRkZklE9vvKlTA4ncnZYYqz5%2FiHkMNA2SiEIDd9%2Bpx7QswI4Sny5Vflhm2Ah4%2FyAkMX31TIkIyf%2F4tCBMRwtmgjD1SQBZwNETFnYM%2FCaBKO1vaGCCfVFKozTMVD7IVCw8ShoswfJuXea44mmJtTFCc1dLLkyxI%3D%7Ctkp%3ABk9SR8S24aWZZw
Bella Canvas Unisex Heather CVC Short Sleeve T-shirt 3001CVC - Crew Neck Tee,,£5.69,Free delivery,7 Mar 2026,0,Brand new,https://www.ebay.co.uk/itm/223706505264?_skw=new+rock+boots&itmmeta=01KK55RBBHBH5T69R92QQRDK0H&hash=item3415f26030:g:U5YAAeSwZ35pqPE5&itmprp=enc%3AAQALAAAA0GfYFPkwiKCW4ZNSs2u11xDiyZgZ2DzmGOjPefcQeKc9znrH1NMlQGRcWFJoP3frBynPMzICpQT9LrChrj05tRvgq%2B63g%2B7BETHoAEX9lIzBIYzyZpgig55ZYaGNAElVq%2FTOSdCjzjzivYBMqDASGz%2FP9iwkgnebVPpsMV%2F8qb%2BLadZWPqngCD09stii--6flnkvaAAUbDKbiqLcL%2Fo2wo0eNgmgbgvJbEvO860qhhyJ%2FQndfu3wakri5NfAr3uSumHMiDVHgBfm485I5QBzGLs%3D%7Ctkp%3ABk9SR8S24aWZZw
Unisex Waterproof Rain Suit Set 2 Piece Rain Jacket & Trousers PVC Rainwear,,£15.99,Free delivery,7 Mar 2026,0,Brand new,https://www.ebay.co.uk/itm/376411929621?_skw=new+rock+boots&itmmeta=01KK55RBBH4SBJMHG0B7N9CG8N&hash=item57a3e63c15:g:JgYAAeSwi51oeREn&itmprp=enc%3AAQALAAAA0GfYFPkwiKCW4ZNSs2u11xD9aewsyHigDGJyEjHJ6X%2B4pCbWjrm7n8Vh3klAWKP%2FuCIZc%2FubVsnLMiHOC15cVP0vAlTKak10hex8QFmCTULZkNVQsjmFUI41FnrM%2B6MUrCPob%2FmiZi20NolwLGGN1ORGPJkt73BA4eXMSu0hYgoALottPKwvYjbEYjvs5jCn1tBMDkNmmiwWWSS0x0MuJlIWjO6qfYnXwquO7j6XbnRYRx8KhIqTg1pyA7cRhiEdCTPodQOdyU8lN3OyJoufP%2BY%3D%7Ctkp%3ABk9SR8S24aWZZw
Womens Leather Waist Belt with Three Row Punk Rock Pyramid Rivet Studs Garments,Leather,£6.59,Free delivery,7 Mar 2026,0,Brand new,https://www.ebay.co.uk/itm/357593350114?_skw=new+rock+boots&itmmeta=01KK55RBBHY9QCEN6822W561RN&hash=item5342397fe2:g:xrkAAOSwv6ZntH9K&itmprp=enc%3AAQALAAAA8GfYFPkwiKCW4ZNSs2u11xBdLI8gklfLhoV1ncy3AFUzUYY5cZMDraA39q6bKRtztHNQuy7dULvgb2o1hKHPny%2FSh0CgZxsVFnbVXBdigUESIosad1ZNrGMLBOoG1HJ91mc8sisMypA2erwY6A1rBvnFkEjvVG3VwEtCrW9eO8SALtHI0FEgtKNLzM3ip0uGlGpB5F555AcRdU6CgHpZgyTogh4XuNXiZKSxFwHYzFj2aLi8dolwge1hEuc7sHCf4gVe0L5A2XjGGn7czk2MJF%2FsxWjbWc8M9O76O4UwJh1XoHv6V989jywUs90LP5uRkg%3D%3D%7Ctkp%3ABk9SR8S24aWZZw
Weekend Offender Mens T Shirts Ravena Summer Short Sleeve Crew Neck Cotton Top,,£17.99,Free delivery,7 Mar 2026,0,Brand new,https://www.ebay.co.uk/itm/167635627806?_skw=new+rock+boots&itmmeta=01KK55RBBHEQYDNP9PC2AJQH29&hash=item2707dcaf1e:g:hMUAAeSwQq5obp~h&itmprp=enc%3AAQALAAAA0GfYFPkwiKCW4ZNSs2u11xAwVF0VY6cdBm0Z0AR44axY8zhdQza9wpzj5L05TNQYT8geLh9AfwDQJrFFo0fSEZPJtXZ2h1PQVZbDQEhJZ3YMiiJk0FnCt0%2FUre1O4zq32dBiUqTRA%2FtwSxQQXyKyO30v8%2FB9%2Fnwkp4yKYw9LACgEHYGzQyTNk9%2BtMTCH22nGVvvNblDdWM2qEI7tvpRUiqEhdOLknCm53agz3m86YH1Ln9v%2BNPb8dYbdFcZJiJ3dHSETEAmMaHQjwryjpi6GALg%3D%7Ctkp%3ABk9SR8S24aWZZw
Mens Rugby Trousers Elasticated Waist Straight Leg Smart Casual Pants Plus Sizes,,£13.99,Free delivery,7 Mar 2026,0,Brand new,https://www.ebay.co.uk/itm/376383438716?_skw=new+rock+boots&itmmeta=01KK55RBBHRS5JYM0WBXARY6ZQ&hash=item57a2337f7c:g:7xkAAeSwk7xoZ~at&itmprp=enc%3AAQALAAAA0GfYFPkwiKCW4ZNSs2u11xC43lKvLRb8opIRFCu5rxP3du5tZUsvMjdhQ29rYfVERWi3Y%2FRB%2FEqCqJsOedDazmuduyBYKICXVew905PvSp6IQPMdyndfT%2BHgyMDw7g5Ebh84zib1jaRnB4tgsTQhhlFTM6Ly5T0cwBeeo7%2FmM1ysfugEQHZ0Eucu9LT5G26LKdL3%2Fu7VA4yXIlE2NogN9WU3qaabzCvNXQdTHnV39a7R7gbre82ZWHxXXmS7iQjZEh1kyU0AmNGoTywLXisdawY%3D%7Ctkp%3ABk9SR8S24aWZZw
Mens Lee Jeans Brooklyn Stretch Denim Regular Fit Basic Straight Leg Casual Pant,,£49.99,Free delivery,7 Mar 2026,0,Brand new,https://www.ebay.co.uk/itm/171023270998?_skw=new+rock+boots&itmmeta=01KK55RBBHCCVBKKSV3Z2WV3HG&hash=item27d1c80456:g:1CoAAOSw571nGN3u&itmprp=enc%3AAQALAAAA8GfYFPkwiKCW4ZNSs2u11xBxCyIKJyVfDfioVBbd%2BAw9RG2HHFkSRQ9F2TsekzFzC1%2BbLYvWwUkZLAx7PFvbJgsJq9hgbMrr0YpEcEstZ6FHdURjGSUuJ0K6NVZGczemCZGktT%2BnzCW3ZPk1koKkIS9F4bZdVW4egpBs5ZG8x6TGmpTbzxoWyamclZan8Emww%2BwpojRU8mBvARSpkaBSXZRqm7kJKqy9wA2tMns%2FzCi%2B8ZloYQHFAcE%2BWwj931d5IUu1Jyv7MbxMWrnl1kezh25kOOccxN%2B9WE1MJJchFDLXikwGatFUZUOP%2B51mql95Bw%3D%3D%7Ctkp%3ABk9SR8S24aWZZw
WOMENS LADIES SKINNY RIBBED POLO TURTLE HIGH ROLL NECK LONG SLEEVE TOP UK 8-26,,£4.99,+£2.85 delivery,7 Mar 2026,0,Brand new,https://www.ebay.co.uk/itm/186157890206?_skw=new+rock+boots&itmmeta=01KK55RBBHHDZ1PFCZHJ3E4327&hash=item2b57dffa9e:g:hMUAAOSwP1JlThTU&itmprp=enc%3AAQALAAAA0GfYFPkwiKCW4ZNSs2u11xCX05Ddyo5ydBu42U5oMLx61QmSZRV4bouR9f2wujLcp7%2FKcIHpShMHfP7C%2B38nR8nY5E67J3KVFqxCNiX9HBMPbdQC1e4%2B3qVTo2ia1mLL%2FGWMKgkkBx0IJ3FDge1D2Jj2PIeHYK%2B5FY6OCMQvV0QPk8NwpJ%2FDL%2FHYG7Hsv3hqgFScZvQ9yPzJ%2BLkorCt3UcKQwZP0%2BefJG%2Bj0%2F7tZwNKmC0%2FM0Dd6B23M0vjMW4%2BBFEIqDFGtj9ENlgp53fowhK0%3D%7Ctkp%3ABk9SR8S24aWZZw
Mens Cargo Combat Multi Pocket Elasticated Waist Size Plain Lightweight Shorts,Cargo,£8.09,Free delivery,7 Mar 2026,0,"High Quality Shorts, RRP £19.99,Offer Price £10.99",https://www.ebay.co.uk/itm/284898478306?_skw=new+rock+boots&itmmeta=01KK55RBBJTYJJ3CG20N4A0PR5&hash=item425545c8e2:g:bVsAAOSwaTpmNJbF&itmprp=enc%3AAQALAAAA8GfYFPkwiKCW4ZNSs2u11xAiBLLYaZdtRxt8swINnPgim8SW0KbZ%2FsFr2hCbfJwS%2Ba8SKigT5bCIeZ4dtVj%2BIpCWvMcgfuuDMW%2F8p26hz%2Fk2UV61XQzS9lN3Ye7YreC6JiL%2FbCEtBlBhFULg0288NAPC4B338ObkSncuPSVjwaolqO1XMNXT7vhMyv8luLBkjZjnwBqb6GdKwBwbKjlLyvbaOKyy%2FdQPhiVGRQ3jY26dwzSI7G0q0SEAZMQZoJLT2RHS0LAWddkwTb6jL1B1F20tPUCxZMjH7fF6v4k5QzA8Vm9XUShK7uKdlTAJz0nMEQ%3D%3D%7Ctkp%3ABk9SR8S24aWZZw
Stone Creek Mens Boots Brown Adults Ankle Lace Up Zip Up Sierra SIZE,,£29.99,Free delivery,7 Mar 2026,0,Brand new ·,https://www.ebay.co.uk/itm/266957190126?_skw=new+rock+boots&itmmeta=01KK55RBBJ9YQANMJV7NV6AQBV&hash=item3e27e373ee:g:aaEAAOSwa7Nmw~uY&itmprp=enc%3AAQALAAAA8GfYFPkwiKCW4ZNSs2u11xDCNFUXHxvy3MpolqW8Jw3jM3D88%2FiGBKhnGMHXW80cekQOE1m3z%2FHL67DB5xKm1YeX5RzirI9UgszyF%2B4lEr4yX8FnEdcpgb19xQMTQxYudt278JyjIRmGmoKQH3%2BZZHxX4aP500mqIm4GL%2FOdYu95APJwYTIDotFHjWFaFYsomo0PwyfHDHEaAA%2FSU%2F1sWSPvrtIjUfI7Ur0qiuptP1OxZ%2FbK0ptkuhW2pv3J0OaqCHjSVh6VdqypBHgxFLzlSHjlxJ0diFa5b1Jwai4B6%2FQqgtxhgNM1znDM221jBRFT0Q%3D%3D%7Ctkp%3ABk9SR8S24aWZZw
Levi’s® 501 Men’s Regular Fit Straight Leg Jeans Stonewash - Blue 100% Cotton,,£33.95,Free delivery,7 Mar 2026,0,Brand new,https://www.ebay.co.uk/itm/317733010340?_skw=new+rock+boots&itmmeta=01KK55RBBJM75Y6RVSM5Z8ZP4D&hash=item49fa5cfba4:g:A14AAeSweR5pWzQh&itmprp=enc%3AAQALAAAA8GfYFPkwiKCW4ZNSs2u11xBaL77WncqG9usO8pN1A3bp8d5Z1vwizESsQw%2FD62vOmM0V8GXki3OizjWLJwhK5%2FMWIEYyCK4b3oEaG9aaHu3FWgPjeMWkEv%2Fa%2BB6WapeBcHEDCXz1nOImx1IPW5ywr1tLI2vLmzhpkOcNm00ncuXGWRkiKBWJakJOLFpa8BsxGyk17SXKiA%2FMtvhMd5r6O14F9K9lr%2FsgErGkw40TwdCCb%2B52Q6ka5thavrYfKwIn4pJ--b3olsw1RerFdgx3cYF1uuMxAKH83dvFWFOY53r%2BDi2x068EOga%2F0RzCCvBpJQ%3D%3D%7Ctkp%3ABk9SR8S24aWZZw
Mens Crosshatch Camo Shorts Combat Cargo Army Camouflage Long Knee Length Pants,Cargo,£19.99,Free delivery,7 Mar 2026,0,Brand new,https://www.ebay.co.uk/itm/204239486174?_skw=new+rock+boots&itmmeta=01KK55RBBJBAM8K7VWQKDGR53M&hash=item2f8d9f3cde:g:kqsAAOSwuYxj5mIK&itmprp=enc%3AAQALAAAA8GfYFPkwiKCW4ZNSs2u11xCEUZY%2BWWx4vuZ%2Fk63cnd0zByqi9G7JVMLgXgxGUr8k9powk2vd7MJRZFs8xZiciayZAsMQZbsNbXSLGge1zkkFYZQ70a1leAqHg2W2XPbFnymsKqNh0Sq%2Fl7YeJqDQv09N9jbBlds0PN%2B7Z6XLLsCFe2VdaIrCSxl5IdXoSzBjUuQJG%2FCZrsEOSL1r1f0huX1qvAb7YOZXNxQ%2BU2sbe1jwDg37L6rcN177mm%2FriaS%2FYNd3h%2B%2BJkw%2Fmp7eOrEZMg%2BbUcyDAYPtgunwZOQn6klWJZhXqebqOcwkyYptMuduERA%3D%3D%7Ctkp%3ABk9SR8S24aWZZw
XXL - Men’s Navy Blue Stone Island Zipped Hoodie Jackets Cardigan Smart Wear,,£135.90,Free delivery,7 Mar 2026,0,Brand new,https://www.ebay.co.uk/itm/127716615798?_skw=new+rock+boots&itmmeta=01KK55RBBJE29J03TG0N764D0R&hash=item1dbc80e676:g:EU8AAeSwwm9pZCqB&itmprp=enc%3AAQALAAAA8GfYFPkwiKCW4ZNSs2u11xD863UO7GbTHNj2V4C88ej9wyu6tWjb3%2BXU4KgbAXlxjbEXAuefB32ebY6SN9aLyBkN9r8iepKMP5fgzDKMbehx7vueKru2PSP6p71mrd%2FqTsNk3ficaRxdOEJx8nBhraiyheanxov3%2FtQUEgjCNbjCpW4OF73ebJxQZupQR6iu5gULoim3n5mghAZNC3md0M0yo1H7n8Y2kNM5O1UCFN8eUTadEUFJdrqmnpWs%2FwD6u7K0AgDN3ChIvPuD4UwUsSarIYSZCpJwbpY92reTItdGAbPjICVDAfk1M1RN9MWsmA%3D%3D%7Ctkp%3ABk9SR8S24aWZZw
The Sisters of Mercy Logo T-Shirt The Worlds End Simon Pegg Retro 80s Rock Goth,,£12.99,Free delivery,7 Mar 2026,0,Brand new,https://www.ebay.co.uk/itm/205281067287?_skw=new+rock+boots&itmmeta=01KK55RBBJPZ6K3GNCAX0V8W00&hash=item2fcbb48117:g:fiUAAOSw3QNoWpZF&itmprp=enc%3AAQALAAAA8GfYFPkwiKCW4ZNSs2u11xBuB%2FDRhJzNA3tDEz1iBSatpIE1t1hRnH3LB81gs5drCKhQuN%2FtpKXlz8EYHOzDfvnfJ79qUBzw6ff%2Benvr9YVTV6hbIr2X2cyxn45UMFLqulyxtFmNRgJFcK6uxkMuyfI7cNEjzL8Da72SB71M4HpfPFFlBAH%2F7z9aV1qG6wVBJ84Z2xMY4VOaEtzceZjSxug6Mm8%2BTzUR29lMOXAypz0LanHX1AuYDtrB5%2FPsVZUBC3Uwworz1Z%2B69vzHGOIB5djTU5THlXXoWxxN3HNSJ%2FGcpllhXvoPlywGlcqcBK%2F9fA%3D%3D%7Ctkp%3ABk9SR8S24aWZZw
The White Company Relaxed Straight Leg Pleat Front Trousers In Stone SIZE: 18L,,£29.99,Free delivery,7 Mar 2026,0,Brand new,https://www.ebay.co.uk/itm/205903987144?_skw=new+rock+boots&itmmeta=01KK55RBBJV4B2MSVFFW86C8BX&hash=item2ff0d581c8:g:--gAAeSwBjtpMxl8&itmprp=enc%3AAQALAAAA8GfYFPkwiKCW4ZNSs2u11xAYwVGm72uJandYt2kRY1U4TNDYNtOxgsTeD6P5AwKE48mqesslGNSyhac43UwctV4X%2FFj9PAuhMeF4WY5YTm4FX%2FCrB2A8P%2B2%2BPmlf13nsoQ6fw1lDgVw%2BcUW3%2B5EEuE4g452GeFBcIlANJyzFAKMn6UlMkP33iegqJzhMnWqhOJsI2mlmnU5L0vK7m30pnJWEOFCWtTsdxAt1XMhWrdO850YO6iPLElhphh74Ls7es4Pz0Y36Ytei%2Bb%2F1R4XYkVeD%2FD8GQAihPuMSgJz2I30ZtddzYUUad93dD3xIBPLQjw%3D%3D%7Ctkp%3ABk9SR8S24aWZZw
Def Leppard Love Bites Womens T Shirt,,£17.95,Free delivery,7 Mar 2026,0,Brand new,https://www.ebay.co.uk/itm/177860450492?_skw=new+rock+boots&itmmeta=01KK55RBBJDF7MEQJJZVPW4BG1&hash=item29694f18bc:g:gasAAeSwLkJpqaYr&itmprp=enc%3AAQALAAAA0GfYFPkwiKCW4ZNSs2u11xCabkF9vmZRux3kd5bcYb4xbxVg34qjrnODSCHsz1hCWNCn50VWv4bjxbZToYp2VNHwrgiqVzIqwli39UxDNJW6xRckB1PNLCIy5r74%2BGeW9XbgT8qPNLC3hUBTgykGT9lvDHRCDN3BaYG3g3WvKeKXJSfc18B%2F51XLWxJxeEVWpTejYqX2YMzlkUjNbWXNP9ecqMjiye1HOmd8G8%2BzDmUxnMVw39zrE3gvimio48js3at9%2FN6Q%2F3I2H8Ulkvktg8s%3D%7Ctkp%3ABk9SR8a24aWZZw
River Island brand new ladies wedges shoes rope gold size UK 5,,£16.15,+£2.94 delivery,7 Mar 2026,0,New (other) ·,https://www.ebay.co.uk/itm/298079094869?_skw=new+rock+boots&itmmeta=01KK55RBBJ2XBB8070RXGX1XCP&hash=item4566e60855:g:aqwAAeSwP2VppJKd&itmprp=enc%3AAQALAAAA8GfYFPkwiKCW4ZNSs2u11xDSK3%2BW%2FpX5IFoCiNY0fHwYchoHN1blDW3pCd6H9evAX7fo0StoI79Sba%2BRaVUctZp91A5%2F8%2BbDhLof3oJwrIajpquBiFHW9W6yEkx%2Fc9wX%2BCU9xNjRFa62D4hW2lgMKx61K5TpCmSSfyuMv0%2FpBHxyTc%2Bg2UfsMXSrXGCxPwBaZ7lEMZE5EU1Sa9XqKJwHdGcy2vUIqMIBefd4EqDO1IY0JmdTNIDPfYkFMCtVmCNvszHwWD3XaamySYm3fWFbXsxqJf3zPG4v%2BiIo5kQA%2FALxNWvtTT29CBB4h%2BtGgW4%2FMA%3D%3D%7Ctkp%3ABk9SR8a24aWZZw
Blink 182 T Shirt Six Arrow Smile Band Logo new Official Mens Black,,£15.95,Free delivery,7 Mar 2026,0,Brand new,https://www.ebay.co.uk/itm/406678891145?_skw=new+rock+boots&itmmeta=01KK55RBBJ5K9Y4R73MJF7229W&hash=item5eaff36a89:g:Go0AAeSwq~1pqaTD&itmprp=enc%3AAQALAAAA0GfYFPkwiKCW4ZNSs2u11xBPiFe5%2FP6jkMNb%2Bunkv4CssYJ84RRPFXk2sHtDFnYcuQnoHQcfntOIfGtA%2BubVmg3CEJVpSPyMvP8Snfu8FET3MCvbGt4Cz0MHGR8LbcdCKzwpHTRMNWxZl403aplpD53HevoW56dlY9EB8q44YULArDx%2BiWxcNjjjPi7hzJOUDHdxjOZA8RueoKsqzlKbOmtWMCiGu4QkAgQ1aIeVIfdzAoHdzTxCIt%2BJ0--Os9E0tykVMCE1syscV0Yure8sO%2B8%3D%7Ctkp%3ABk9SR8a24aWZZw
MENS RUGBY TROUSERS FULL ELASTICATED WAIST CASUAL SMART POCKET PANTS BIG PLUS,,£13.99,Free delivery,7 Mar 2026,0,Brand new,https://www.ebay.co.uk/itm/331264854174?_skw=new+rock+boots&itmmeta=01KK55RBBJ3J7SP5ZWXYM6PWMA&hash=item4d20ec889e:g:oXAAAOSwjW5bVtb0&itmprp=enc%3AAQALAAAA0GfYFPkwiKCW4ZNSs2u11xBSF1ZdWZxc4PAN65e9hL8rzY0Pn6aH6FjiHKkNQ8kU3EDvoTn21X18c7cERxjxB5JkH5B3kxORwPY%2B7dekd2N2zH3Vw5XpZBLr%2F%2BC91ICw982IQBfFVmXx7TBkIQeXZz2cOWNRTSse%2BAT4eeXVwhPniBymFzsgoXcI8GUT6W78wC9D13%2BK7n9MBeLc7rTo54hSx5t7nYNAP5nuZo9S7SDNerBSQDPGC7C7%2BMPGF3Gw%2BLEL23E4rouvlPBVcTZVdqg%3D%7Ctkp%3ABk9SR8a24aWZZw
NWT Lipsy London Black Satin Cold Shoulder Cami Strap Blouse Top UK 16 Party,,£14.00,Free delivery,7 Mar 2026,0,Brand new,https://www.ebay.co.uk/itm/267365885822?_skw=new+rock+boots&itmmeta=01KK55RBBJR0CZ5R0QB7Z9JKPX&hash=item3e403fa77e:g:qK8AAeSwO8NonICk&itmprp=enc%3AAQALAAAA0GfYFPkwiKCW4ZNSs2u11xBGDo4%2FyH1wwdUpezl1HmcKCz9xyDGoIZTs%2B8PVLHX4iJf942UA6%2Bmq3UcgrGHjbvABRRgstpWV1KOMHdnGleVrKzzk%2FmW6atdPCw5tfrxpTOemCrJrGF0BJlm4y%2BO%2FMqnvRBcK0dscp9bemAgQaTkyz9Qr2i7Ko8yT5t4lJ%2BSWEhFXTANHoH0r3Cvf7xXZmryKYCXlQBJsjyOsPGSjqs18dXsAGgSn4kz1qPhInO3tcrdSFjH2oMfVGTnLHlSQuKg%3D%7Ctkp%3ABk9SR8a24aWZZw
Yungblud Hoodie Be Grunge Face Logo new Official White Pullover Unisex,,£29.95,Free delivery,7 Mar 2026,0,Brand new,https://www.ebay.co.uk/itm/177759841255?_skw=new+rock+boots&itmmeta=01KK55RBBJJ9JC8A2XM9XESFNY&hash=item29634febe7:g:VOQAAeSwfyppqax6&itmprp=enc%3AAQALAAAA0GfYFPkwiKCW4ZNSs2u11xBNH%2Fwu8BU8LYwci--vVWUuLWJoncVtOgom6dfyct%2F8pMJINkNs%2BRGJI9k3Tn%2B8wya3btb7YJzQPAVQA76iHQdIbQvcdP1DkvLGjp1nKUuO%2FBXxu3BTogfxiGcR2dX6Gyi7Q0nK8h9hUUTjPXx2MB0%2BS8n%2BvsedDFsl6RqtW2fu62%2BBQuihdUnLMeVsfbQiRt2Gx0J74pBuNg24LfbEkKMBOP6G7LCGTvfPioeWf7iN99vv3ge2loE06V02Ohmq3lA%3D%7Ctkp%3ABk9SR8a24aWZZw
"New Rock Malicia Boots Purple Metallic Flames Size 7, Mid Calf. Goth Rock Biker",Biker,£72.45,+£5.21 delivery,7 Mar 2026,0,Pre-owned ·,https://www.ebay.co.uk/itm/137004710662?_skw=new+rock+boots&itmmeta=01KK55RBBJEFZKXXFD8Z63DFM7&hash=item1fe61dfb06:g:REsAAeSwvD5pf4U4&itmprp=enc%3AAQALAAAA0GfYFPkwiKCW4ZNSs2u11xCT1hKNGJHDKLWw2pqHL3ZNt9kOwskpkSthISFW9rtb%2FT3GQ2ld7BJwQYd%2B%2BQO%2FvDf%2BYIKadwbjkJJFDbvOq2higw6DKFuY9exVJ7cKCt%2BcO6fT73Ss14ExK0FasHjBPnmq70pnEK6RvZ73Q1uWCk8Pp4TKvInpGbkk6xlpxomZdCiA%2FBqKp%2BcIqJp1D9dS2a2PH7xAcSu6luSerbpSd%2BTa9e8I%2BBUn9zamwTUATpw608qHXsJwRDn4I5SXf1%2BQgBY%3D%7Ctkp%3ABk9SR8a24aWZZw
Livergy Linen Blend Stone/Beige Straight Fit Men's Trousers Size 32 Drawstring,,£18.29,+£2.94 delivery,7 Mar 2026,0,Brand new,https://www.ebay.co.uk/itm/257329656951?_skw=new+rock+boots&itmmeta=01KK55RBBJ21MS32GJ5TCE63P5&hash=item3bea0af477:g:c0QAAeSwFMZpd1oi&itmprp=enc%3AAQALAAAA8GfYFPkwiKCW4ZNSs2u11xBVty42if164brVG9SgDZaM8e3ZQCrC%2BmAJGI64wTP6lG3sHECRyntGm%2Bo4SdnmtxDJ5urz5bhJzeytXay2YjMsqjaXncUlEHqOg0qW8cH1Y057MvJUKVCsmd8n5pSUmvy5dU2yj%2BeuKu9wb3mAPiSeLBWQ8DtwmA69WnjDoTOcCUUKaTTtVUUTPn1iIhF4g79CuVn4vF23UJubGZAmY%2F7lfdQSJ1WeArfZ%2B2JnzL4Qnn4RsQ7kvAire7DTveDset0bSbMW0LJyEigZAT8BqBQMc%2BkaLb1ByAc63xR1sAYq1w%3D%3D%7Ctkp%3ABk9SR8a24aWZZw
Women Chunky Knitted Oversized Cardigan Ladies Balloon Sleeve Long Maxi Cardigan,,£13.90,Free delivery,7 Mar 2026,0,Brand new,https://www.ebay.co.uk/itm/284394248461?_skw=new+rock+boots&itmmeta=01KK55RBBJ3TW0FEKFMM62TSP5&hash=item423737d90d:g:O6sAAOSwTKdkx6j1&itmprp=enc%3AAQALAAAA8GfYFPkwiKCW4ZNSs2u11xBmThbPy4sG40ZhD4Q6OaSKbleFB4C%2BGXkZ6UOC9eyXHNLlJq3moe%2BUtWeDCS78hWJdMUmuttL5vJSLW5VMtZenPIJOgPNbxkfbJyolyUO%2FavfY1h89m4hrQRY42V%2B734sOiSNlV3rT5zx%2FgwmU26BdwLnQOdUdCmtz4RAV77LOiLPneRem8VsGVTfs6Bnjd3lSV6SDaXx4dRs367DQ%2FFvXK40THB%2F5SjWbadzGhAeEjtDMQkPK112s4Dhs3v48VnXKziT33uScn8UbkwF8qFp5u5%2FqDQq%2FxJl6Ii3lyRpF1Q%3D%3D%7Ctkp%3ABk9SR8a24aWZZw
Manchester United Adidas Stone Roses Bucket Hat Blue - Size OSFM / Men (M/L),,£42.29,delivery in 1-2 days,7 Mar 2026,0,Brand new,https://www.ebay.co.uk/itm/397596289320?_skw=new+rock+boots&itmmeta=01KK55RBBK90P8WNCGDF1DH4JT&hash=item5c9295e928:g:TE4AAeSwAqhpia9N&itmprp=enc%3AAQALAAAA8GfYFPkwiKCW4ZNSs2u11xBjJ0Z%2BnAE%2FoRnECxiTQjsfPykgAlbzOhuOnoej0p3pAbgmwNK1q01tev1CaDpcjn%2FVwvYcEtZn3y34ja2C0bK9P0T0%2Bxh%2B5GED8oS%2FaSopOGIDKGRd6mwCf05Shnx6aJQZvDR6rGQk1MwFiOXYKy9X0Ybkgtp0QORQhSZAHRmFntT0YhM6tRvCAiVO%2F8ji7uqiIr6S9LLvdHJp1jU5Rjoy%2FOQopqlaNHKjCraO1qm4Bv2b42PhXF882BbtJfi5i498%2Ft%2F3bmVpGZUmMhHw%2Ft%2B1QtdFLUpRIu%2FQp2S5Uyoaew%3D%3D%7Ctkp%3ABk9SR8a24aWZZw
LADIES WOMEN ARAN CABLE KNIT KNITTED JUMPER STRETCH SWEATER PULLOVER TOP UK SIZE,,£12.99,delivery in 2-3 days,7 Mar 2026,0,Brand new,https://www.ebay.co.uk/itm/121811798210?_skw=new+rock+boots&itmmeta=01KK55RBBKXS8NTZ6W59MYWN9S&hash=item1c5c8c88c2:g:-u0AAOSw8wZgBqlP&itmprp=enc%3AAQALAAAA8GfYFPkwiKCW4ZNSs2u11xAp%2Bls8BkSyqY16XVpfztcB4ZI6B1h%2BOt9GD7T%2BmMp4hzLs4oKSapAI0a1GFb9TBlIRdB%2FT54SxLzOz9zWtla514wKDujLoIl37QX3sWqia5qu4G8HAICKa22NefHDwrymEota9z7JKgW2KxwI5YFaAXkA6mVE4DoyZcTGUkdfe9UNn0BHJKiWlqF9jc4MIBAQLitlWLgz7zWnqelM78asOPQZSLAo490y1Yb3BRj1CK%2BLYZl7Dx6l25wg2j2t8AGJt00b2KCAKUd2S14DPcb3ug66XSvR9dH2ZdCpyGxjHNw%3D%3D%7Ctkp%3ABk9SR8a24aWZZw
Mens Rugby Trousers Elasticated Waist Workwear Casual Straight Leg Chinos Pants,,£11.99,Free delivery,7 Mar 2026,0,Brand new,https://www.ebay.co.uk/itm/177202551442?_skw=new+rock+boots&itmmeta=01KK55RBBKJHP3W2F42X4FJ9NG&hash=item2942185a92:g:2ikAAOSwD5NoUY~j&itmprp=enc%3AAQALAAAA0GfYFPkwiKCW4ZNSs2u11xCK97LW1mqH6UFwO6ppQiDXk4%2FitZEBH7vcRGOTriUq5iQRZnkVJa7wkl8Oq%2Byr04NEqCHNw8xDSYA%2FLqcYuO61MGcAaZChIfBoME2NE7Z54preELvJ391KAl%2BC1dIljVybVc1zPmVsWvigVxoDAW6AWF0pD3%2FTSaHCiBnJlU%2F3w1D%2FIWj3Ac25%2BtqaR5Rn%2FU8udf6iDIjEzWpUSjHo%2BhDJPh7wDbY5KF7Rd4inU1bTdSzZZJsr54JeZ0klSzutYY4%3D%7Ctkp%3ABk9SR8a24aWZZw
Green Day Unisex T-Shirt: Savior Zombie (Large),,£14.97,Free delivery,7 Mar 2026,0,Brand new,https://www.ebay.co.uk/itm/296556197197?_skw=new+rock+boots&itmmeta=01KK55RBBKGME713GWY9RRK1VZ&hash=item450c20754d:g:YV8AAOSwp3VmjFux&itmprp=enc%3AAQALAAAA8GfYFPkwiKCW4ZNSs2u11xCPqWvnaXHBL1OVFRvc%2F8fxZAZZUQNo8qF%2FhTwJwQJg1OPI0GFCjN9Iq0ROPiXRD1%2FhVRpbBzajjmefULsy1mpYpdnb7N29BJuCmLjg%2Fzs%2BFdNLz04k10PL3hdqF%2FD5AJGowQ%2FG9juXEPI596b8FaQnnix9aSVyjstKaNcFo17SrUy%2F2liW3nupW5LWCj8o4%2BUqzFSkZe6kHq6qja9POyPZaE%2BoVerwyhsCh1yur9fjChL%2BXwPSWJComfpbpCgKBB1l3zvVobCYrrSzPCLnlDvexFKpL83HQynQf3OyGwzsug%3D%3D%7Ctkp%3ABk9SR8a24aWZZw
Shop on eBay,,$20.00,,,,Brand New,https://ebay.com/itm/123456?itmmeta=012DEW30YG0MEEKND7NH&hash=item123546:g:acwAA9KNiJowH:sc:ShippingMethodStandard!95008!US!-1&itmprp=enc%3AbgepL1tlUHjMGCVfSTGJh%2BzsVKeJ3CQk7NizDI4BZeppuFnmyS6Ijyp8lh%2FnEw%2BWqO7uTV1Q6izE1R0T54aV8j71F4xlWfVcGft4%2FiOQhtqVXA1rW6M1atPARQRmhqUxtEPJKhKtSFgI%2Bvwlzb0GwVCtkp%3ABlBMUObkmabpYw
Shop on eBay,,$20.00,,,,Brand New,https://ebay.com/itm/123456?itmmeta=012DEW30YG0MEEKND7NH&hash=item123546:g:acwAA9KNiJowH:sc:ShippingMethodStandard!95008!US!-1&itmprp=enc%3AbgepL1tlUHjMGCVfSTGJh%2BzsVKeJ3CQk7NizDI4BZeppuFnmyS6Ijyp8lh%2FnEw%2BWqO7uTV1Q6izE1R0T54aV8j71F4xlWfVcGft4%2FiOQhtqVXA1rW6M1atPARQRmhqUxtEPJKhKtSFgI%2Bvwlzb0GwVCtkp%3ABlBMUObkmabpYw
Stone Island Men's Windbreaker Jacket Size XL Black,,£39.04,+£2.94 delivery,7 Mar 2026,0,Brand new,https://www.ebay.co.uk/itm/188119242004?_skw=new+rock+boots&itmmeta=01KK55RK62GCGYS8H4R6R1WY4E&hash=item2bccc7d514:g:4AEAAeSw2NRpkgSi&itmprp=enc%3AAQALAAAA0GfYFPkwiKCW4ZNSs2u11xBeTaEZ1x3MUr0604oe%2BLoWTIWC0xWoE6WyXrnCGbhg10%2B26uqlNzcRY9M9OYOYFc9H8qrD30oGbjMGaOubgx68PoHHmy52jvPDhO9sI1Ukl5RK%2BL5hFVnRWMgPM8L8PlTURapc%2FKFLsQqSNqmfWRFQlW3xvI4U5xfA99URl8fdSJtDBfyFFgNF8mLYrFUzopxUhuhI6k4xDsKPyz1oiV85aV1GDm8kd56I2IQj4vA5Ukoo8vVB8dOtojqB5vkWWic%3D%7Ctkp%3ABk9SR9yz4qWZZw
8 Pcs Punk Gothic Rocker Costume Set Disco Rock Star Fancy Dress Kids Boys,,£10.49,Free delivery,7 Mar 2026,0,Brand new,https://www.ebay.co.uk/itm/187982755111?_skw=new+rock+boots&itmmeta=01KK55RK622Q04GQ0GQ5K90CD9&hash=item2bc4a53527:g:wl0AAeSwg0Zpc56B&itmprp=enc%3AAQALAAAA8GfYFPkwiKCW4ZNSs2u11xDYsOB2fNx1BcNmJbtxr5ynifXLUC85p%2F6c%2FcSLQ5UtDukGadsySgtg2ZQHf6OButbV981cez7kEPl8fwcWRNjWUr0Udv%2FExasdq5Ppt%2FymFieXcTu3TtUMmeApw82dzBiIDLh2GhBraIuZHgfDVU61mGnCbbAO1%2BRRBoQGrXcJVm21%2FJ7rqUrGRvVMTE6Zll1ex7u9D%2Fxqeiql1pZZ%2FCHcQyg3NphB6tf6rNgEr%2FRSzKPFFnhTJxjO4XsnT3HuAoKhaxfMHrlq3VsGwbhLx4%2FkDiNhMltmi6oO2NOGqhPuQA%3D%3D%7Ctkp%3ABk9SR9yz4qWZZw
Mens Swimming Board Shorts Swim Shorts Trunks Swimwear Beach Summer,,£7.99,Free delivery,7 Mar 2026,0,Brand new,https://www.ebay.co.uk/itm/326591077945?_skw=new+rock+boots&itmmeta=01KK55RK62CX9FG02YS9P1ZF8T&hash=item4c0a585e39:g:xIkAAeSwj1JotvDX&itmprp=enc%3AAQALAAAA8GfYFPkwiKCW4ZNSs2u11xDhJkNY%2FFpcat1rHm%2FUqbMeJGr98XkY0ZGKBA0V%2Bw%2FdUvqekLZybApSjvvj%2FYerJAZtDYdec3YTYVwfg3WWgzsHIvkoSUlKJKYXirS6mVuUkj9D4yHgCMoYKa2Le7pgW0eFxh%2B8blbZfWgC7e5xw147ICqFz%2FUPesHLbc0fw%2F9U4Qn0UgPzeZDXgHN2KE%2BRRWGP82niiY%2FRtHo6%2BEm%2FcWmJHYdhKYZfZnSnhstWR1wm5fILhlahbx9bF1qRvu6Z9oIYE3KYTvZohLBBLBJv0jH0CnG1kz3XO9rq2nvLr%2FPliQ%3D%3D%7Ctkp%3ABk9SR9yz4qWZZw
New!! Brand New Bundle Of Mens Heavy Metal/Rock Band Shirts Nirvana Size small X,,£25.00,+£2.96 delivery,7 Mar 2026,0,New (other),https://www.ebay.co.uk/itm/168178663970?_skw=new+rock+boots&itmmeta=01KK55RK62N24M142T62ME8NKV&hash=item27283ac222:g:sscAAeSwjpxpmzUy&itmprp=enc%3AAQALAAAA8GfYFPkwiKCW4ZNSs2u11xAY5%2Bz94KdVf0aatPOPkTAZOyGVyDpvnNikk8g4FrLrdeIVvIS5TKadubMCFj2n%2FYN1DehazhIjgBalKbj36awXr%2BatnwFL8QcnJOvP2VLR9HSIQT8lQy0v3toaqatbyAlReHPsg3ImLByXVozQGp88lBNvBDMQiJ6HCQeRn6xU62qb5ljprvhtepgzSwDB%2F8UuVC7bhdXBmSt4xXoDGl0bBBSKK6EO6uprc2blqOpOS3Dx%2BGZtA%2FwatUKxIWOsybahLEVUEmo%2BVLwG44nmrjlbfoQwARvuab3UoeTE5YApUQ%3D%3D%7Ctkp%3ABk9SR9yz4qWZZw
Mens Cargo Shorts Cottonblend Elasticated Cargo Combat Summer Holiday Pants NEW,Cargo,£8.09,Free delivery,7 Mar 2026,0,"Mens Cargo Short above Knee Length,Premium Quality",https://www.ebay.co.uk/itm/273805433203?_skw=new+rock+boots&itmmeta=01KK55RK62YYD8JJ5VXRC5BP5T&hash=item3fc0135973:g:l08AAOSw-shnoeXn&itmprp=enc%3AAQALAAAA8GfYFPkwiKCW4ZNSs2u11xDtXFmJ9P%2B8toudoRnDfTcM0rBlqpJGbkSg1Pp6loM%2FkpUjfkpphRDf7S3qortzJuUJ5DLRT3wlYwt1INSxLqM5g%2FfgfLH%2BexF0RG111mmBjBSlgcXUTr6bTYfBzq8jYk%2Bbc1BEp0blegJhWgtkuQm2qCkRDMUSTFs3kwCrkDIRx6Kmt6zNf%2Fj%2FInGDIPjXscs4c%2BDRttu61ugRJvOfew30gnMLr319vtyFcmnzNvK5VBWM74GOfNULlYxqhoDEv1SH4WYcV9%2FTDmjIs56v%2BkOEDGpF5jOIh--9B6Ip94Xfgg%3D%3D%7Ctkp%3ABk9SR9yz4qWZZw
Mens Chino Shorts Slim Fit Cotton Summer Casual Half Cargo Combat Pant Free Belt,Cargo,£11.99,Free delivery,7 Mar 2026,0,Brand new,https://www.ebay.co.uk/itm/266783362384?_skw=new+rock+boots&itmmeta=01KK55RK62F1F3WREDKJDNJ79G&hash=item3e1d870d50:g:eW0AAeSw6QFoXCOc&itmprp=enc%3AAQALAAAA8GfYFPkwiKCW4ZNSs2u11xDR0dekE5Z2SRISmhe47rqze%2B%2FmCNBF1d7uMW%2FfEku76SfShSx%2FOLYzKh2%2F%2BZdadgsnDfXu%2BRM%2B6HwlJets2DzwhGUIvKiIpx7Zl2gUcnB3iAnha8lax96PPagK4IeE3d%2FPALZS%2FXxFIag948MwmhcI%2F59nqnr%2BBEFTqudHxeFJUdDg3st%2B39woyaIblQsBzOCMppGKgBeBbfDmv4fbKOJSLemGk6c4FRsjPFZyjgvD5696LNowt%2Bjhll63Db2rY%2BthAsOedbEE7iseTSd%2B%2BaC07Lzou1qJCpT6t2t9lLYvmQ%3D%3D%7Ctkp%3ABk9SR9yz4qWZZw
Official The Beatles T Shirt Revolver White Album Cover Logo Mens New S to 5XL,,£15.95,Free delivery,7 Mar 2026,0,Brand new,https://www.ebay.co.uk/itm/394011932427?_skw=new+rock+boots&epid=1338276591&itmmeta=01KK55RK62H27CYFCKD7ZZ9D2Q&hash=item5bbcf0f70b:g:IdMAAOSwQPxiPFZf&itmprp=enc%3AAQALAAAA0GfYFPkwiKCW4ZNSs2u11xDWFCTzp%2BBa00Ff7onIAksuJLKEt4ZpC2Cdl8lSOtTWk%2FyVAc8PPIH28WxJfJw6X534lmnOr9DIY5sBYL3FokvhSWboc%2FPcE52cuAL7Gh2E42baGaMbZDfhPeJ0%2BNuRBWb7Gckay9xqjMgCWwOFtGhHIPXhuJ97BmKFD0%2BN6Vq7Eunalti2hcNdBopRG5CLT2yftr%2FEm%2F9rjz%2BHpKaf0GK00yKAZfvzSXI%2FcXiNsgR%2F14Q0MNSbf2%2FVWIQPfHZYro4%3D%7Ctkp%3ABk9SR96z4qWZZw
Ladies Women Knitted Sweater Top Long Sleeve Over sized Chunky Knit Baggy Jumper,,£11.37,Free delivery,7 Mar 2026,0,Brand new,https://www.ebay.co.uk/itm/275458724552?_skw=new+rock+boots&itmmeta=01KK55RK62913T2CRF2K068RYY&hash=item40229e92c8:g:bBMAAOSw~zJjIH2h&itmprp=enc%3AAQALAAAA8GfYFPkwiKCW4ZNSs2u11xDKEmlRDf9rYh8qJ9s6u6F7GklfjBqEG1HFs1yngBsXW43AWf8tTD3QWlo1Gz7YTAFwy%2BfTAPLomN%2Bo4UH%2BbiaaQvuj4msThgDUiHQma8pNo4xQKWgAByofWEjBl80mushTmPmRVWx9g6%2BpcDODhum0cHVwHyWv%2Fxhydp0du7h81UHw0cPBo9kkDa5GJNPKC9LwHnvp%2BfLkpfJr8mNKCrj7zygfX87oWYzjG9CGRacVlH7W7Xzn%2Fue8F4%2Fe4BaZLEh6lXGXv%2FjAk9Gm4kzD%2F8N77d2V0rwr--%2FghXK8iHJEug%3D%3D%7Ctkp%3ABk9SR96z4qWZZw
❤ BNWB & Authentic Nike ® Air Max 90 Essential Trainers in Cave Stone UK Size 8,,£132.99,+£8.95 delivery,7 Mar 2026,0,Brand new ·,https://www.ebay.co.uk/itm/397637129829?_skw=new+rock+boots&itmmeta=01KK55RK622H7EDGH92WDNVSPA&hash=item5c95051665:g:wxAAAeSwKCNo6ioy&itmprp=enc%3AAQALAAAA8GfYFPkwiKCW4ZNSs2u11xCEEdD%2BPo1InFnFUAMaHLDPPEUxvf0JMgwA%2FItzY4QkglDohKD%2BjX3THoZN9zRU8re7Mcb%2FJeLuXapulN3QN9yQKhcpx%2FZTH%2BnSItT%2F1Kscao8UvwpcFY%2FsvBNn5kRqkJK6dD4ibXgD4v4hpEto87MJyMcNxWPbROifODpAoi6jEW3I%2FmbRWkV2yRFHuou3bq3BEdUwRl%2FQ9ND5qY8QGRVPrN0pcJfoDuGAriodp28CVA7RPzm5zkXkEZVvf3VqXn5c%2FxqnWsWy%2Fe5tpXO81GxJ3Bz30S5UgYFWTiZGoZNqIw%3D%3D%7Ctkp%3ABk9SR96z4qWZZw
Levi's® 501 Original Regular Straight Leg Mens Denim Jeans (Clearance Stock),,£29.29,Free delivery,7 Mar 2026,0,Brand new,https://www.ebay.co.uk/itm/389639107483?_skw=new+rock+boots&itmmeta=01KK55RK62S7BS5P0X08E6Z7Q7&hash=item5ab84cf39b:g:5R0AAeSwx-1plH3v&itmprp=enc%3AAQALAAAA8GfYFPkwiKCW4ZNSs2u11xD%2Fs6HV6OTlYQYte5QmPfGCBdE9mqhKXcjCZ6U2mr44fbk02N0ks2Ms0fOpByuXIuzKbMQRr62fNjl6PsypQlrlKpWJzA5YTY7XPChUAz%2FsGkqlqhFO98qWWtHErf5nPdpbhBI%2FnUfwkvmJe0Mn9e1E5ihxR0URRVaKb3yPQJTdQDlqd6r3TTy8aC%2FgawRqQY5UU5LsmWgUw3--%2BR1J0oTjxvrafArswZMbJzris2scYTT6CAccqKS0a71%2BeWsIlOKMKrY7u0LZZSgSNgawFxWTieE1bBXcdk7IRLnSw%2BeUSg%3D%3D%7Ctkp%3ABk9SR96z4qWZZw
Womens Ladies Long Sleeve Stretch Plain Scoop Neck T Shirt Top assorted 8-26,,£2.38,Free delivery,7 Mar 2026,0,printed t shirts and new pastel colour t shirts,https://www.ebay.co.uk/itm/353120015134?_skw=new+rock+boots&itmmeta=01KK55RK62TF3NHZZBN5NV8BKB&hash=item523797d31e:g:VXgAAOSw3uBhh849&itmprp=enc%3AAQALAAAA0GfYFPkwiKCW4ZNSs2u11xC1uE00veLwQCw%2BbM3DnoA8posPZAD1h1blgBgdYtojgDC8eHWmGesjXBV9Kd2GxuIX0o8Rkrnw81tlyfOgxWfTvcLnBHpGsF25WdI2f0remipOk2xpEMI%2FK6p3PwsBzdm5HZNvTQ7avHgE01NG%2FR1RgDjlr%2B13cSC%2FVwiZTiFIALm9sasE1HJAX29ksiQF9JIV%2FVvI10is6vWCGXXutrP7hE9v2afPQR0FxsdM688t1Zam9R5ErAyTn17xX7%2BKan8%3D%7Ctkp%3ABk9SR96z4qWZZw
Mens Straight Leg Jeans Regular Fit Basic Denim Pants Casual Trouser Waist 30-40,,£6.99,Free delivery,7 Mar 2026,0,Brand new,https://www.ebay.co.uk/itm/283625784701?_skw=new+rock+boots&itmmeta=01KK55RK62Y8X2TB0Z6M2A672G&hash=item42096a057d:g:n5YAAOSw8DFlRM6I&itmprp=enc%3AAQALAAAA8GfYFPkwiKCW4ZNSs2u11xCcHQCxsxKtHIP3aUaikf%2FeJMmVV9633HDbrHJGq5OcNV5ikjBJ8x%2BupcNM2koX8Gkx9qp3LqztMWV9g3iT0C4EdJrn6VQKSJ0Qeslap0TMSpr4KwTQSZn6D96FuSFm3bsCboLxQRwXgitHdjmZgh7wQiT8huVZtTgX0uMp%2BLwcPpL5QZFvMOwxJbs92B%2FaruEgl79NSVosDfJAf9OxS5zbijHoupfFXU13T7FbxLOZ8FlVBBKp1Jas6brsEy%2FpLCzTr%2FLlLNM6n0mEN3SHVw%2FS6fQaH%2BEuKxA%2FwJaStKTPpQ%3D%3D%7Ctkp%3ABk9SR96z4qWZZw
"BNWT Beige Stone Sweatshirt Size S, Topshop Petite Oversized, In orig. Bag BNWT",,£4.38,+£2.94 delivery,7 Mar 2026,0,Brand new,https://www.ebay.co.uk/itm/196202993366?_skw=new+rock+boots&itmmeta=01KK55RK62TED3EZNAKYDRTCA7&hash=item2dae9c16d6:g:GdUAAOSwxlFjtt-4&itmprp=enc%3AAQALAAAA8GfYFPkwiKCW4ZNSs2u11xAgj%2FgQ2a5jzb5ZrmGF1IegxTnhQnBEfpT%2BoezuyLydCdAgmVR6WyWfprDkRsS%2FCEhna1vZ%2BXJMbpFhJXlcXRJ%2Fflog%2F8gHAxVDAUN1nZ%2Fd3zJctGV4fMBrqke461nvUKcCR%2FboD%2BvZpuvik7z5FJmJYFW9UJxg%2BCcqaaBzyq4cvmrrwR7e8QNlcRAu6Kzl%2FLcnAzxCOyUVxkgxVOVWzBO4NXVz3JBuf6RZgyV1H3%2FPhYEgeQtLUt0k4ZVnHSTHirmTm--qv81o5D1MNKZJUb6qG02paPzEE1kNkvHObGqFRQ%3D%3D%7Ctkp%3ABk9SR96z4qWZZw
SALT ROCK RETRO LOGO PARODY T-SHIRT embleton northumberland england,,£15.99,+£3.00 delivery,7 Mar 2026,0,Brand new,https://www.ebay.co.uk/itm/267469151533?_skw=new+rock+boots&itmmeta=01KK55RK621A6S9EEATR0ER1KS&hash=item3e46675d2d:g:vDwAAeSwEm9pFGFO&itmprp=enc%3AAQALAAAA8GfYFPkwiKCW4ZNSs2u11xBJnmCSYYPs5Wsy1hpC5uo5B8QHV2DWIX%2B2dhK9caWBXJS%2FK53RLoNjynbDLirJJeSOeE62YTQt3rit7bSkblFRGGqabpJkF%2B5KntXXmMdOcQ953J0Q0%2F0qwWFieFbl0gKdqdTWq%2Fi%2FmefGQl7DDrQtk8CuhHOHG8iqHX%2BcHH5tKxnh6n0jDxnE9%2BHevyWmiCGHyz2HMzkA39sgxcZh8BzAf7ixuVYWtU07dgw4z8uxyXfpcI3l1EU6linuS3aBfjtZKw7YfT6Bnvn83Up27ec4c1hqiLsyGXbfOTJQzn2pIw%3D%3D%7Ctkp%3ABk9SR96z4qWZZw
Zip Up Hoodie Grim Reaper's Nature YOUR NEXT Sword Skull Glow in Dark by Wild,,£33.95,Free delivery,7 Mar 2026,0,Brand new,https://www.ebay.co.uk/itm/326569301517?_skw=new+rock+boots&itmmeta=01KK55RK62BR3R2BP33BM4ZPKP&hash=item4c090c160d:g:AVcAAOSwiF5oG5~R&itmprp=enc%3AAQALAAAA0GfYFPkwiKCW4ZNSs2u11xBDsai%2BbAVGPu7HAVEEcZDcOjH0315F8wft7XA2C6EAcsgInQrLTOmxcDZt%2BcHsWr6LFKbe8epud6vVZODjpgYtXtLg9VqEN1f6kjWt%2FeGE76h4CsCaruSJ1lJ2UBw0lBKpvuuiYi8%2B48UZt6Ot5b6NbFF4%2B5rDPyJ0FkwGWke51W%2Bern6Oq%2B4U4BeMFwUBH%2BcrXjHr%2FaK2EttXAY9ZUHOsQ9NIKVs5bY3%2FaLEV%2B4%2BvGFNXDF39kY32N2Krks5ccx0%3D%7Ctkp%3ABk9SR96z4qWZZw
Super Furry Animals T-Shirt | Britpop 90s | Welsh,,£17.09,Free delivery,7 Mar 2026,0,Brand new,https://www.ebay.co.uk/itm/306527521070?_skw=new+rock+boots&itmmeta=01KK55RK62C40Z5K1RV4GJ7E01&hash=item475e76c92e:g:maIAAeSwhk9o3AeF&itmprp=enc%3AAQALAAAA8GfYFPkwiKCW4ZNSs2u11xAtwhw4jM1pQifMEGi4003BoVdtlUl%2BL4a2zRFa54cxBhf04oo%2FcXK6oCP09TCCnuKptYm4Vr2dHAxfmd7qhFIQzeYezaZczPk9ly4NxOLETMcDBlaqF%2BRAX5lxdpyaydw9F35PbOQ9eDh1KAoZiqJZH%2Fj8FCr5sulFttReh2TYf1k9Z4hP6pNFWyD%2Fx1WKkVveF4p2zh8OICJoy8WRc2LhkOvqosn%2Bm5I2uGHbBLA1W1rOKE5jzqeIVVPkDr0NSd8JazcmDhnCQGMy%2Blz3pGYiNMzt9GPKwdrrKaZqfIMQ1w%3D%3D%7Ctkp%3ABk9SR-Cz4qWZZw
REGULAR FIT plain Dubai Abaya/Burqa With Pocket Made By Soft & Good NIDA Fabrics,,£17.99,Free delivery,7 Mar 2026,0,Brand new,https://www.ebay.co.uk/itm/125806444968?_skw=new+rock+boots&itmmeta=01KK55RK63NK606X7C1CYYKE5S&hash=item1d4aa601a8:g:h0UAAOSwWSxfmFyz&itmprp=enc%3AAQALAAAA8GfYFPkwiKCW4ZNSs2u11xDhGJnKNRalgwn7d10utod3WJSDDkBxS13y%2FOjRNFOIeJs7D5KQSfRl6xR1x9S8NcEsBCTs1jMO8E330nJEZciJZ2ej0HtbaMcDAmRNx78jnGhSs7tedr9H2qNumB65GKdF%2FAIqT1fSz0fYrMajXDLWBrHQEp0jhIxu1MiE9Shl0Sq7hZTPuYmHHwnehl%2FX7Au6ShzPd5juFZgIoHpI1JXOLY3D9LIU0DtqRDy3YVbe4CfxYq6Q22cIFKhyPOOnZUkjTngdNFgsVEy9SBmMDatoD9VXYWC7SBXQvpz%2FFEvSuA%3D%3D%7Ctkp%3ABk9SR-Cz4qWZZw
Seasalt Women's Regular Stone Chat Organic Cotton Jumper Moss,,£49.95,Free delivery,7 Mar 2026,0,Brand new,https://www.ebay.co.uk/itm/317479550916?_skw=new+rock+boots&itmmeta=01KK55RK637SQ4F7AACBVA43CK&hash=item49eb417fc4:g:Sy0AAeSwiG5pAimh&itmprp=enc%3AAQALAAAA0GfYFPkwiKCW4ZNSs2u11xD63Exu6J%2FmgBwJDTVx3%2BUa%2B4Ukmn0ilQAmXLRBZBpsWdOAiMjzHALs%2BEjemwZWD1%2FY%2BBXLyCtmjhZQ%2FlpvU%2BhySqI2pV%2Ffmw0EDTCluY%2FjCz2Qwh9rR9IHus60UxOHSztxAGTCqPbvdduC4xZIJjF54gflVlX5p5Rd08xnaZp%2BrAwzfTYGKom6WrnLHB3IluvWnAGDWRRM8LXVpJPFWE4lMtZm5x42wmT81ay2VOYYvCfsLVl6koa6DzBGB3cBmcg%3D%7Ctkp%3ABk9SR-Cz4qWZZw
Red Hot Chili Peppers Unisex T-Shirt: Californication Asterisk (Large),,£14.54,Free delivery,7 Mar 2026,0,Brand new,https://www.ebay.co.uk/itm/286091620792?_skw=new+rock+boots&itmmeta=01KK55RK634HX208T82N9JXWEZ&hash=item429c63b1b8:g:mf4AAOSwz7Bm~5ku&itmprp=enc%3AAQALAAAA0GfYFPkwiKCW4ZNSs2u11xD2I%2Brt5svh9yqMcxc%2FD1LjcPk8xUuyZqt%2Bhh2oUAU73RNKog3iMc%2F%2B30mNeVoHQkKcA4fsn%2FU3qsH4t5Hq7N7Pv%2FJbQXrv7t9EDJiFyMhzqtZ5DWUFTZvM6PyK4678Qd842kew84LKJ3VvmhtOoZSFdKFed07PZJT7SQQRRtWh2tQMg0FLcvfQma83ctrlr%2FltgOQ5SzFjq51T9OVlV1OwC7ALM4f8SHc2JvQbegvpK%2FS055VvMO32w3NftDLG5Xw%3D%7Ctkp%3ABk9SR-Cz4qWZZw
HIM Heartagram Tote Bag Gothic Love Metal Goth Rock Band Canvas Handbag Black,,£5.75,+£1.95 delivery,7 Mar 2026,0,Brand new,https://www.ebay.co.uk/itm/326921388781?_skw=new+rock+boots&itmmeta=01KK55RK63VANJN01Y4MWYXHHJ&hash=item4c1e0882ed:g:yygAAeSweTlpRzug&itmprp=enc%3AAQALAAAA0GfYFPkwiKCW4ZNSs2u11xCmvQl3oEhVcXjrOV8UI8DUdxOFLouWnDKpeGe0L3N2MBj80mr3NQpwDeog4ez2iGnEtZiy648HMeUtrTs3%2BIxmvIarQ4uNHC7%2BRQPAVZgeqSZRTwJxndj7MYepRMzmXfvO8QF5K9VDi4Mv%2FGhh%2BZbtn3xA1omi5cLP4pEzd1veohb8fHIyJIc3LislEGKOQyTZPTAB5l4jbROQ6t%2BZti9%2BE45k9v3V%2FHO3HLQzHJaPWkPIXhFgulWAvcS0Fc4HH5M%3D%7Ctkp%3ABk9SR-Cz4qWZZw
LEVI'S 502 TAPER STRETCH FIT PREMIUM QUALITY DARK BLUE DENIM JEANS ALL SIZES NEW,,£32.95,Free delivery,7 Mar 2026,0,Brand new,https://www.ebay.co.uk/itm/297656385023?_skw=new+rock+boots&itmmeta=01KK55RK63N55QJZ47AKWAVM36&hash=item454db3fdff:g:2VMAAOSww4loH6q0&itmprp=enc%3AAQALAAAA8GfYFPkwiKCW4ZNSs2u11xAUMFLjrsx0iIVymgAxOGCUh7ED2TIroRuYT7eT7SfLvOGeaRHqUNfmHEDRgrzZWIlBMYxTfTWtG8tUbL88a4J%2BLAALEuN4X0knL7B%2FIIgsQoFmgcFIR2p213edIzuVAwTfAq9ft1NM2RguNuU2Gmh0pvpsHIIugYTWjdLhnnEx1inWd2rLNDZLAo1HG9YuyUoiaW5oj9Zyis9I6CHMVktqu9oDlPsvJbB5XU%2FZwJ3VZRfP7X21LJ3yYemabWMHY97UL2AkZZuJKoO9yUxsNKdaxFistZY0Xu9X2Gdr1hmcxA%3D%3D%7Ctkp%3ABk9SR-Cz4qWZZw
Hurley Mens Shorts Quick Dry Hybrid Walking Casual Stretch Chino Summer Golf,,£14.99,Free delivery,7 Mar 2026,0,New (other),https://www.ebay.co.uk/itm/134123795128?_skw=new+rock+boots&itmmeta=01KK55RK63GCXEXR8724N3G5G5&hash=item1f3a66b2b8:g:6aUAAOSwvPBl9Anf&itmprp=enc%3AAQALAAAA0GfYFPkwiKCW4ZNSs2u11xCMBTlrzsBk2ZdCAqCDPJ9YzoJs9vnlBccRkGx86AevboeI6H2b9Z301IiXsLQFRzJ8a599a9o3EVIHC6Bfd9neF2GfDyBdQVVzGqdxbEL8VFQazQnWcjGT%2BJ26nIsFdi3JhaDoTc3dSL2usJ39wfdymBhfIAv%2BR68G3Y83YDlFopw52q1Tj%2FiwrSLU6JYsEb%2BJyybB8gWFH5IJLdC0R8ro42tVWIuaj9B5Nrjzxu8lbnOGvGmSbB2SYUgzIk5aTJY%3D%7Ctkp%3ABk9SR-Cz4qWZZw
Nike W AF1 Air Force 1 HI High UT 2.0 FOSSIL STONE/PEARL DC3584-200 Women's UK 4,,£60.50,+£8.95 delivery,7 Mar 2026,0,Brand new ·,https://www.ebay.co.uk/itm/267563979156?_skw=new+rock+boots&itmmeta=01KK55RK63P6N4REG93ZE05X4W&hash=item3e4c0e5194:g:gvAAAeSw~cFpf1vA&itmprp=enc%3AAQALAAAA8GfYFPkwiKCW4ZNSs2u11xC7yVbf2h3X3%2FtnXHjnzIW1KqC%2B4Q3KJFX5%2FdUcDPr1RojveuRakmfTzdnGKuT2D8jV%2FCSqDictWXDUFSaDgGdMHx5h4MEkfx0vBbvwYc%2FclBxSC3JLBWhKSbWJkoTPE%2B3vOEnHVxuCJYdVaiG1NAJ3BhBy19DElCLxEnm0EgBb%2BghAmwYyOenmsDkr02vz4EYWgLnxu0XX2aTx6Of9C1Dq54uGSHdBSymgaL3RDcp9Nk83xYmAVFUwUSRypkRR8lsTtzOOD4KwxGHn2kRmbZwQTjx5H8SdaKbNn%2BvxfnSMog%3D%3D%7Ctkp%3ABk9SR-Cz4qWZZw
Dewalt Work Boots Hayes S7 Waterproof & Breathable Safety Boots Stone Colour,,£54.99,Free delivery,7 Mar 2026,0,Brand new ·,https://www.ebay.co.uk/itm/305451913579?_skw=new+rock+boots&itmmeta=01KK55RK63SN3JT9SATA9F27BY&hash=item471e5a516b:g:D8gAAOSw7L5l8zCm&itmprp=enc%3AAQALAAAA8GfYFPkwiKCW4ZNSs2u11xD46CA3m5%2BxBI3iT2rbpB9tFAL%2B5DiWVYvklztLCfkiHC2QsWjK3BnnmeY5lGzJA5b40ROwgu641W%2F8FkRjbYI%2FQIuxCJxNDTfZiQj71DoBvYHM6cAaKrqqvDIexAzC82jJw0ZU4t0XWxrT18aMex%2BYibyj7XButEcQbYX2kUMabvLT8eR5Sgkd6kTi0yU558MOQvem3vTbXPwaHTz7BqGmY%2F5atb0LfHiRSKrcQkHeYPgCvkjKzp%2FPakvkqkl4Wov0SLNljalab%2BdLx0L6E8scRcUP9jOaWQJNDmWuNlFoLw%3D%3D%7Ctkp%3ABk9SR-Kz4qWZZw
bnwot new Mens Reversable stone cream green Over coat mac trench Size large,,£9.60,delivery in 2-3 days,7 Mar 2026,0,New (other),https://www.ebay.co.uk/itm/355368425076?_skw=new+rock+boots&itmmeta=01KK55RK632R57GQ6GX87SW2K7&hash=item52bd9bd674:g:7~QAAOSwvchln82J&itmprp=enc%3AAQALAAAA8GfYFPkwiKCW4ZNSs2u11xBQg4PKYCOZRHdiRfWU2YbDYNeETZKykAhjDs00WEXwLrl2Q2hCAKXNt8gjilz1MXbrLrsqpc1VnTPHlJMwcozGjfLLzq%2FA6hd2xGSBtCbOme61ByWvmes%2BPTsg84RABvBBmzuPKyMg7r8KUvxq%2Fu7afKvV0s33i9IAVPAnr3bFMGIsKTH2cP1oth7l8cnfCQmX8SRasRw%2F8vhLEsLrR59MKVQ3%2FTw%2FU3NE5gMDfTL5Op0A18p8iTEkJnYN--79o32dA1EmnLpdogQUU0CLnE4YOrLidSAxD8aF0H%2Fh%2FxQ6ug%3D%3D%7Ctkp%3ABk9SR-Kz4qWZZw
Electric Rock Music Hand Guitar Heavy Metal Mens Vest Tank Top,,£12.49,Free delivery,7 Mar 2026,0,New (other),https://www.ebay.co.uk/itm/205068241402?_skw=new+rock+boots&itmmeta=01KK55RK63Z0EDBNWQB9QZ2RR4&hash=item2fbf0509fa:g:ApkAAOSw~4xnHz6v&itmprp=enc%3AAQALAAAA8GfYFPkwiKCW4ZNSs2u11xCCn8E6uMqWjDt0aTlm9poT7yiCQUb5On%2BW90kgngVy67ZPKlNHu1dJ2PYLQ5WVw47GA%2FbL%2FnE6Sto0MwAky3FARjegyYr9gOngFXDQR49j9RZkmKFnGJFUmdenF5qgHe0CHAxgHelOfyR0AmEsvHvwA7t6xFKnF0b21tf0W09BnpXZ3Rnz50e2opV7k%2BLZ85mt8f%2FZ1qNnyBKpLRxcKMTQ65MnI%2F6Oses4HzQ6F45yVZHuSum03H6RvVbMSsml6T6Lgtf%2FQ4gbisyPyM9owNfkD8Tslm%2ForMEwwpwwg3HY2A%3D%3D%7Ctkp%3ABk9SR-Kz4qWZZw
Energy Skull Heavy Metal Rock Music Biker Mens Vest Tank Top,Biker,£12.49,Free delivery,7 Mar 2026,0,New (other),https://www.ebay.co.uk/itm/205068291061?_skw=new+rock+boots&itmmeta=01KK55RK63FGH2X07AN9VZVV27&hash=item2fbf05cbf5:g:mG4AAOSw8l5nH0cG&itmprp=enc%3AAQALAAAA8GfYFPkwiKCW4ZNSs2u11xAiHMhOV4VNLKiUmMAhhfEuHCdfis%2BGzYTCKv%2F%2BlLHqnA%2BFRq4wfDcK%2FkPzVFzgvvrPM6bupeQzQqDSWQQmaWffbzvGjazgtmYSiZ8pAWMnUs9R0Jn2Qve4fYP76UHqC8fGLqOwAelR72YyLF7gcHUQBLvBaeinJKpEIgRfIucpxROKviwLzYlbyBj9ZBYlrdu754Wel2VXy%2BB61Z4i4aPBxlyMqEUYcfW5g5U%2BXlGzrnp8SFMYzzp7jpRkz6L2JkdA0PUUuGgcT31UTwMRMmMhlHkWxqdk%2BcszJEEejnAlog%3D%3D%7Ctkp%3ABk9SR-Kz4qWZZw
LADIES COMBAT TROUSERS STRETCH CARGO ELASTICATED COTTON JOGGERS BLEND SIZE NEW,Cargo,£7.95,Free delivery,7 Mar 2026,0,Brand new,https://www.ebay.co.uk/itm/134723234094?_skw=new+rock+boots&itmmeta=01KK55RK63FN7CNFXCWZDEE55V&hash=item1f5e21692e:g:FyMAAOSwpcdk~wci&itmprp=enc%3AAQALAAAA0GfYFPkwiKCW4ZNSs2u11xDO1chpsngBiq5pHld96oJxFz805cyW1rcZomitFeTut4EnN3bIGbETlBzyZgq5aLYEWN6CLds1mItVA7j8xu5NXdzkZCGpLAUvRPTC5Md8AdmiOKUI90Rjpcn6QjJtuN5ni7mtYC2HsQO5iUSV8eypNjaCHs1S2BZsj%2FAiDBtbxrkm6uB3CQI%2FnujV8qd5O7j1%2FbDFWy1nf2mogDJtYYk2Q34KjC0jWkjgrEmIYukzZnjlXSK%2B6TtGVkjZm%2Bsgevk%3D%7Ctkp%3ABk9SR-Kz4qWZZw
The Strokes Hoodie OG Magna Band Logo new Official Unisex Navy Blue Zipped,,£37.95,Free delivery,7 Mar 2026,0,Brand new,https://www.ebay.co.uk/itm/297794325082?_skw=new+rock+boots&itmmeta=01KK55RK636JW9W2AEFTTNH0G8&hash=item4555ecca5a:g:E-IAAeSwAtNpqWVl&itmprp=enc%3AAQALAAAA0GfYFPkwiKCW4ZNSs2u11xCmNvadOhOximmxojM0VzreBo2cT6j4Rvg5k2ajggznFTjM%2Bc4OjZ6AJXlWnyCgQp8A398m%2FVkPBhCLULiGVDmNMWNnrj%2BTZTK7KsQ6tvI8SaCMh6q5jJ0ylwkT9m0rHXuCMeQfdEyo2JpLiQM%2BUaubBm8U2RaPZ9r%2B5ZAYXc83hpQnlPBUEDZkM9209VXp2msL8rT9zCYuT6R43W6SUsmoEMTFoMqJbT%2B%2B%2B9D5%2FwFAlkfxeXpRvlVBImTBY7AdWa4%3D%7Ctkp%3ABk9SR-Kz4qWZZw
"Hard Rock Cafe ""New Orleans"" Graphic Tee | Navy Blue | Size XXXL",,£13.95,+£3.95 delivery,2 Mar 2026,5,Pre-owned,https://www.ebay.co.uk/itm/198148552436?_skw=new+rock+boots&itmmeta=01KK55RK63C86SP9N4FC9B7FGJ&hash=item2e2292f6f4:g:--YAAeSwylBppWVc&itmprp=enc%3AAQALAAAA0GfYFPkwiKCW4ZNSs2u11xCEa0NoPD7pr8l%2FGo2y3qOzvLUK3MZ5m5ZNVrsXmcyRLArcNbENpl4d59HU3Jumh5otj6fUTc7pFNCsp8XDOsWY2rhsJqLUgF%2Fqr2de1amyODgGbC10WB6%2BvhNwuUG4FBhmTXrj%2FgqNsRm5kySxbl8PEy4S0CfeQvpkeTEiKsY4dkJHN66p3rOg7HRempYu0V0fwslNTx65HlMhPwvjeerpB8RJFY9kdJl4aPWFJf%2BAhcvpcTMb34mJiiRKKlQEdzM%3D%7Ctkp%3ABk9SR-Kz4qWZZw
Levi’s 501® ORIGINAL Fit Available In 5 Colours Valentine's Day Special Offers,,£26.99,Free delivery,7 Mar 2026,0,Iconic Levi’s 501s 🔥 Same-Day Dispatch | Fast Shipping,https://www.ebay.co.uk/itm/376883863640?_skw=new+rock+boots&itmmeta=01KK55RK63PGMKMZH0N8AJVG34&hash=item57c0076058:g:8pAAAeSwmgJpgjtf&itmprp=enc%3AAQALAAAA0GfYFPkwiKCW4ZNSs2u11xAb%2F9x4zfh%2Ba64nSwKCHSyjGbEQy%2FRWX%2F7C0mLlzowLz33csngANK7T7NhWkrqgcnPBAIag%2B70SwiyawUHaOzxYZRPQ0X9hMaEYFKiESn1TSOQ0a28%2F%2BZreOpw921aqWr%2FlTCzak1DXqwmSwSLOGIjXZBlb%2B24jwLjY%2BbLok1yJfUJ0lbRsI7gzmhjgghJXv2WVJ%2FKKsXQmyv%2BfhxF9Qubijo5p1QpicOvxww6t%2BxaVf2vMh2TlHjtKUIS8ZKEevfY%3D%7Ctkp%3ABk9SR-Kz4qWZZw
Friday Night Dinner Funny Comics Caricatures Jim Bell Shalom T Shirt Gift 542,,£8.05,+£4.85 delivery,7 Mar 2026,0,New (other),https://www.ebay.co.uk/itm/375852394717?_skw=new+rock+boots&itmmeta=01KK55RK63BV5KMQVD3K4B1JN0&hash=item57828c68dd:g:w1EAAOSwYMNnVcdf&itmprp=enc%3AAQALAAAA0GfYFPkwiKCW4ZNSs2u11xBLBWLqhYby57%2Bze8aEDhntqcuSTKmb9GXhInRDELvGbBV%2FYbjzDh8JXRtYT1e7k16CKFkdpf6ZIqHzMQ%2FY7hbeePzqQGHiCG5dnM3584DWPZIE%2Fr3HA8uu%2ByWE01%2FfEdbKyxIsBrhs6v%2BDk63IJW0IjUJWDYjyFX%2B9h23vtfncMrYW7T9dSGlV%2Bdz7oIH6LvtkHYj49O5AyWguSkrvmHE2ugj3SmJhyJVXFdSKBs7BBGtis3PyIX6VBfKvGFR9h5I%3D%7Ctkp%3ABk9SR-Kz4qWZZw
Men's LCJ Denim Super Flare Jeans Stretch Indigo Indie W 70s Bell Bottoms LC16,,£29.99,Free delivery,7 Mar 2026,0,Brand new,https://www.ebay.co.uk/itm/283772052050?_skw=new+rock+boots&itmmeta=01KK55RK64ZPD7CK6VC6AXSRK2&hash=item421221e252:g:4P0AAOSwjyhaRnUk&itmprp=enc%3AAQALAAAA8GfYFPkwiKCW4ZNSs2u11xCKpSJ2rsli7mbXPljzjiuyP1HFcxZmKx5cKasgBJARhBTis5fA94U1Rm6juxNboaC3fQ6gthuC6QzKHLYdXW0a%2FVoOnIgJ4su3AojiKqlpv7q%2FizpnZdA145kBw7vMOF9F8BtvYzVcdFoPhCuVZ4bZtjlAZ1FAgy8ENM1rYfrogRhc40Af%2FFvPHu3AVnxbtq1xlqtHl0YMb8%2BJ7oRLsgElnloWKKoQCxTRy0Ofp8wMx%2F3MFtug5EOO4DVytrwnP8%2FAqnsMYrXg%2FkWtmhITh1OSwXggbSMLyDFnXC%2F3wQXRyw%3D%3D%7Ctkp%3ABk9SR-Kz4qWZZw
Air Jordan 4 Retro Cave Stone Black Moon Men’s Uk 9.5 Brand New Deadstock,,£156.70,+£8.95 delivery,7 Mar 2026,0,Brand new ·,https://www.ebay.co.uk/itm/358195497422?_skw=new+rock+boots&itmmeta=01KK55RK646SRP8F0K3YYZ64B8&hash=item53661d89ce:g:~vIAAeSwp2Zphkfw&itmprp=enc%3AAQALAAAA0GfYFPkwiKCW4ZNSs2u11xDhEVNUwfHxVN1Y7g1qWRvYfjQzfaG%2ByH3fuwn6xwVE1fxFxjFJEHvQUEHEdi7mXCny4GhqjOxgF0axn0bq5MwiFNAHcxpFnCr4AkwgDiIMfkjS52Tq9Tw6%2FsEoEVbYGndEU0ytZz5kD1VzxwXyP1%2BfbXeD%2BEj6L526uyyBEeY6%2Fs79SEOGYZaHVKKwKpgP8WHtGiffYIbpnG1Sajb%2FA7p6Lg4TnSryqTo0hUIvrb%2B1RX4wlhjl6GhjZo07Vt85%2FZk%3D%7Ctkp%3ABk9SR-Kz4qWZZw
SEVENTIES EIGHTIES SOFT ROCK 70s 80s HEAVY METAL STYLE WIG FANCY DRESS,,£6.99,Free delivery,7 Mar 2026,0,Brand new,https://www.ebay.co.uk/itm/221034534104?_skw=new+rock+boots&itmmeta=01KK55RK64EXA2TG4GYDM9AYQQ&hash=item3376af54d8:g:ZVIAAMXQxzZRc~E9&itmprp=enc%3AAQALAAAA8GfYFPkwiKCW4ZNSs2u11xCc0IDD%2BSGQqiVpWfF9OiHbOudkZRDSn0mI8ddCqwLQn0MiEf%2BehPsl%2BRGcRt3RjxOm6ARpMCRO4U4uwccZTiLfTIQj5953RAb3R%2FvL53NtYUDPAt%2FH%2FTvxWon6vJD90VpDrF4mQtJJs2gdEvwoIwHPvgalujMoRQlwUCEKWSKme%2FzmeW30UWYsrIe%2FMjaR6bzHo1VgNbj47PKnc2NVQco4BbUpVyzujjq3IK1uXjT6kBrVznrPzqduhC278ZDLQQBF04ZSFhJnn6k1z24Hl3Ijb4a6hY4nwZPUyV455AhTcQ%3D%3D%7Ctkp%3ABk9SR-Sz4qWZZw
"James The Band Daisy Logo TShirt, Double Sided Concert Dates Tee, James Band Top",,£11.99,Free delivery,6 Mar 2026,1,New (other),https://www.ebay.co.uk/itm/406702696714?_skw=new+rock+boots&itmmeta=01KK55RK64RTRAVTAWS06FS9Y6&hash=item5eb15ea90a:g:UNoAAeSw3nZplBEB&itmprp=enc%3AAQALAAAA0GfYFPkwiKCW4ZNSs2u11xDhQN%2B57slDxIqQO7FjJI4RkOGe8fdiqgUb8iheqIJovC7qd0yapvWuDExcTfE0uFBoleaxai3QVYluYvoG9GaaueW55rAWLK22f16NzpM1EDUgr0r14JlKU8Xuy3eBQQEvW8PaMBdKp4%2FFDX4m9kBPKEZdjYuMF3HDqWvis0KPj7xBTKaAYS0MaNO6I9qpFJhgOjNGX0fF5GfX3EhBGigW3%2Fs2FSJBQ7cXa5X3ipi53sS%2BZ8inm%2FMmyvzy0rgFZvE%3D%7Ctkp%3ABk9SR-Sz4qWZZw
Iron Maiden Beast 82 Men's Mesh Jersey T-Shirt XS-2XL,,£26.99,+£4.99 delivery,7 Mar 2026,0,Brand new,https://www.ebay.co.uk/itm/117040994634?_skw=new+rock+boots&itmmeta=01KK55RK64XF5AYPA3V5F58VKZ&hash=item1b402fd94a:g:CJ8AAeSwZvVpk3MZ&itmprp=enc%3AAQALAAAA0GfYFPkwiKCW4ZNSs2u11xBErb7f9jdFcfc4TRSu7MGp9lITkKcWs9aBJ%2BQ3rWuwZU3BobUB5SCdqIKlhXT8OCPhbmWTrlLvZMRHC1SmZe4YTzdhbZWbg2iKIwEJGjVysU%2BN0Z7UyR1VzBaozIo39ROZlhv4BBa%2FeEq1wfy2%2F5e8%2FhjVeuZmubVX5OtdMAZxW43rrnWuw8MlzSGYzHGi7M%2FL7RTwyJj68vyjf48tLIz%2B%2FnEBrvH6%2FEc69rcyf3w%2BMfAlv79GCP44v2zZ3zfZ7O0%3D%7Ctkp%3ABk9SR-Sz4qWZZw
Flexi Comb Headband Hairband Non Slip Grip Stretch Zigzag Hair Alice Band Sport,,£2.47,Free delivery,7 Mar 2026,0,Brand new,https://www.ebay.co.uk/itm/135636243038?_skw=new+rock+boots&itmmeta=01KK55RK64CMZ6Z6WNF3EK2VSE&hash=item1f948cd25e:g:SD0AAOSwboRn2rAM&itmprp=enc%3AAQALAAAA0GfYFPkwiKCW4ZNSs2u11xCaG3CJbQ5BzLZLAqJ2xH97ap7tYZeUgyeYYzHtFHzS9sTD7xANloHCmSKeVAo0%2B0Nnk3Ve%2BVlNgieCvIeEYFd%2F2HqqlQ%2BbIymncCPxoRoS8a6b%2FaePU3CGqTJzIHgkI5uVF9kpQfVJwFdRA31QL%2BFoA7JsnJJbTTAnfabtWvmo23lfeVcE4j7143TDDUzoVpZpBTtLqO3X8fqcC9nHK7%2BFUVQUmYkXSVgYFIR6NdP3RdjXl%2FU12chNhqSU8ssgppE%3D%7Ctkp%3ABk9SR-Sz4qWZZw
NEW PLAIN FLEXFIT CAP FITTED CLASSIC BASEBALL CAPS FLEXIFIT PEAK HAT S-M-L-XL,,£14.99,Free delivery,7 Mar 2026,0,*FAST DISPATCH *BRAND NEW *SIZES S-M-L-XL *22 COLOURS,https://www.ebay.co.uk/itm/305645755088?_skw=new+rock+boots&itmmeta=01KK55RK64V0DA44GG44SG67AD&hash=item4729e81ad0:g:iiwAAOxyf1dTH6mn&itmprp=enc%3AAQALAAAA0GfYFPkwiKCW4ZNSs2u11xACgOmGKNbEVH9gZK%2B1gvkC1RhKBFtplkWdyvUASbWkjIEwPhPDZYmsN7GaH9ASCv1mJBXcs0IqWOo8y3zS7CIS0%2FgLXCOCkvKA2TdSm0touuZeZAC%2FEI9Iv38OjRX6dtNAHV9RUdMgUh%2FQuPubQsQs2H0RaEL%2F4HDOpHRD99i9ePXOf8drORirBntY9X3sxHd0uqoU%2FYMDmP5hA6hz9iO2Dq71g%2F1DT%2BhNB4yETbRB35ltiydQSBBn%2BZ09xl4j1GY%3D%7Ctkp%3ABk9SR-Sz4qWZZw
Fashion Square Sunglasses for Men Women Retro Sun Glasses Classic Trendy Shades,,£3.99,Free delivery,7 Mar 2026,0,Brand new,https://www.ebay.co.uk/itm/306684993797?_skw=new+rock+boots&itmmeta=01KK55RK645ZKC1RPAB2RT8F0Z&hash=item4767d9a105:g:V~MAAeSwp6NpUp86&itmprp=enc%3AAQALAAAA0GfYFPkwiKCW4ZNSs2u11xCtbSnZQIsK6KOidNFJqU6bqC5uSE%2BkkssUiJ0kGi4dQlLcP7NsNgIhSaQqAOHGnFpOeusoZUxu9RCNqx1PtU4OStgfDEWD%2B8ULORCkD8bsQe5x%2FVc1NTraiZ%2BQXjuujgSQ0y%2F0p0JghOURfahhZdZAIe2Kkee3jBBAf4Ec9l2q%2BL0JwmaijUof6Uj9NUuPYDkSTw1Vj82qYvokw8V5QAtQP7wYo7YJZbG7nawobI7wn7E8VFd0meneQRGjvel%2BE34%3D%7Ctkp%3ABk9SR-Sz4qWZZw
Ladies Bootleg Trousers Stretch Ribbed Pull On Work Pants Carer Nurse Bottoms,,£8.50,Free delivery,7 Mar 2026,0,Brand new,https://www.ebay.co.uk/itm/376422173752?_skw=new+rock+boots&itmmeta=01KK55RK64Z8NBNJF0B7HWHXR7&hash=item57a4828c38:g:3tEAAeSwlWdofptY&itmprp=enc%3AAQALAAAA8GfYFPkwiKCW4ZNSs2u11xCd4%2FQm%2Bv9KQy7HrxvuhjtqQtwyHwY68m95HzMJ1Lj69MEXQHRTMWsJT7NkUZvUfAElRnhfDOzJUjiz9zT4%2Fgkd8t8ZSsjHKeQaz0TkW4tzlK10MSzWIJcTzsUSCVr6RKFOK2ShVDJEdsLyZ6b%2BIyFi89zZnGVtqttTpQvdNTIXQ33ZJe0e2AcUaVcjFrprUK1fDGFDba4%2BvLlI15vt%2B8m2IWGnjE0wTeAHbUk3yfJ%2B%2BNmb1N6G%2Frm%2BanMK5DtbZDN6an%2FdpkRRo37%2FnAJxvHOK9wjVYaZGarFgGGEcJ1suXg%3D%3D%7Ctkp%3ABk9SR-Sz4qWZZw
Levi's Men’s Rinse 501 Original Straight Fit Denim Jeans Blue New With Tags,,£25.56,Free delivery,7 Mar 2026,0,Brand new,https://www.ebay.co.uk/itm/187441273028?_skw=new+rock+boots&itmmeta=01KK55RK643N8HJG3ZKPFB1E7S&hash=item2ba45ed8c4:g:WRIAAeSwdQ9ohMMZ&itmprp=enc%3AAQALAAAA8GfYFPkwiKCW4ZNSs2u11xBXL3XByKUy%2B7wt60f6PIXnGW3pSdoEDn4ffd7iYc2aJGffJxM2ipTyoDWIaELGKQv%2B%2BvLkBS7jqta1pq7ThXGjcozYcSkm%2F727DIbLLl%2BnW0MHsnmc9HqnYnriKEWTHJJZyBraQw5KqEuG8EOwC0DsQdrV8f9HT7Lr8moNqABaRVTJSPlccENieNL2on%2FmyItKgJ5XpveERZIQYT1olEGjpB31CujoPfyEl0kv0vMy9DasZeJ8KlpHM4vke%2BjC%2BtETAZPMnLbk7Jq9DPRAAgB3b5RUrbKAIWCWiYSr4iPURw%3D%3D%7Ctkp%3ABk9SR-Sz4qWZZw
Au Pairs Post Punk Rock Music Gift Tee T Shirt 2018,,£7.95,+£4.95 delivery,7 Mar 2026,0,Brand new,https://www.ebay.co.uk/itm/235916595210?_skw=new+rock+boots&itmmeta=01KK55RK640QQXBZ46TJGJMRKH&hash=item36edb9900a:g:MA0AAOSw4UZniO~G&itmprp=enc%3AAQALAAAA0GfYFPkwiKCW4ZNSs2u11xA%2F6jjSGHZDNZLQxEi7xceAZ%2BmgC%2B7BdvCDCVFg4WCV61F4gWDXWbF%2FjtftTGh98GOHbkyRN4J5DQiKhSawMAKUcBP3nUYG%2Bn2nfv2pWghLFVSw69%2F0OYN2MKUARWpS%2FqW18oAf6HFEF7njsviFEG5IdmcurvwptTXa0F6mdKAKrR4abd7Zcnwm9iCcUTsvJwlnani6mTlKU8qDcvnxfSXZslw8K2n89d1bAb87ZqZ9mjbqsDyC6yYahXM0lo2AouY%3D%7Ctkp%3ABk9SR-Sz4qWZZw
one piece muslim women prayer dress,,£14.99,Free delivery,7 Mar 2026,0,New (other),https://www.ebay.co.uk/itm/226837732266?_skw=new+rock+boots&itmmeta=01KK55RK64ZP4174TH9QZWEHA9&hash=item34d0951baa:g:PGYAAeSwgTFpeJbB&itmprp=enc%3AAQALAAAA8GfYFPkwiKCW4ZNSs2u11xA%2BPck7Wm6O7hNrA%2FqkpR33uxf5wlN0xXNbADQbt%2BxmkUpXXTQTDvZ5zv%2FvEF%2FmiCmCdCh9Hy%2BoR3hvoeNOIhKavD2ndFbbNE1thinGCW%2Bq8aCeJpxfckfF4sepuy0TAuszAcs3w3xGdFGGShqLBwOfag5Rc2NEL2UIzYEbQHv3ycsMnvwAr8g4rT2NEoc5AHciFbsvpD4i9ojsXtOCqY7DvmTxWJbkgvh0C6VvCv%2BG6kT5hVJmg3Qj5sYLj8eBoz738Sfj8%2FWixFHGlBqG58WTmrVVozdQ6xib55nTsZfBlQ%3D%3D%7Ctkp%3ABk9SR-Sz4qWZZw
Womens Mens Sports270 Shoes Running Sneakers Trainers 3-10 Size Athletic Casual,,£25.99,+£1.99 delivery,7 Mar 2026,0,Brand new,https://www.ebay.co.uk/itm/397646719119?_skw=new+rock+boots&itmmeta=01KK55RK65ZXYF5NT4SFTSTM60&hash=item5c9597688f:g:apIAAeSwtdJo5jTH&itmprp=enc%3AAQALAAAA0GfYFPkwiKCW4ZNSs2u11xBVsy8JZglQ%2BH6paQogqkZE%2FANIZPnYjzmzD3K%2FiWCv8jhUne1PhhpAoly7rKvJo7OvuZx1WVFx0hBEPHf05DMujpOa%2BYRRMX0d0VwIVaFMKQyuC7hYOnix7P0IJfS%2B2KTR%2FLeNLPMD8U4G5aogIAJuCiQA2sBJfB4AGXIJGAkym6rHwO1yCQSmJ5%2FuuNBgC8hxj0RosUVKPUqJbSuK63kLg9TtClRPFTS3VStzXbi8Vengk2a78ga0CMZzAT1L9Fg%3D%7Ctkp%3ABk9SR-Sz4qWZZw
Killswitch Engage Heavy Metal Rock Band Unisex T-Shirt Black Medium New Ref7423,,£10.79,+£2.94 delivery,7 Mar 2026,0,New (other),https://www.ebay.co.uk/itm/205838259709?_skw=new+rock+boots&itmmeta=01KK55RK65XXSZ77B9FHVNKXSS&hash=item2fecea95fd:g:2R4AAeSwv9NpEdY4&itmprp=enc%3AAQALAAAA0GfYFPkwiKCW4ZNSs2u11xCbtaxMHIUkwUn5WVK%2Fd8Nipxfe4Le%2FDbwxhFghEFugDoiJvZgw9IQQ5Fk6BdBa8HM1ncI8PE5FO6TP4OWEh7XRy1c858GyW2isZ5FLo%2FfJxggiH4%2FzorpPxmf3sPtyc0LWe1SMgmlJsHIxdFQzOqe9GjShTjHGAjh3KMpgfjMc3cak%2BsG5xTVHfjVIVhQUc4y3Hh3eYs4mz6KlvMTfkv9od14m1AVX7N6TMm0QZtR51BzB--gQLKDHFp7b3cXSKWU%3D%7Ctkp%3ABk9SR-Sz4qWZZw
Enzo Mens Tracksuit Set Zip Regular Fit Hoodie Cuffed Joggers Casual 2pc Suit,,£23.99,Free delivery,7 Mar 2026,0,Brand new,https://www.ebay.co.uk/itm/225549910773?_skw=new+rock+boots&itmmeta=01KK55RK65EWD63KR2YC2Y2DYT&hash=item3483d282f5:g:2S8AAeSwMYZpDfzg&itmprp=enc%3AAQALAAAA8GfYFPkwiKCW4ZNSs2u11xDl0PKwwmVF1edESTSsvMlzZV8vVOvcMXEXL402QupeJ5nHynrniRypBCihh5ItihRNuRBU4hSyvH9sNp%2FLKDwulzxNDKnByxeVhOH75Zkpage0%2BevyUT9lKNO4xepyLGomiHPirrh0RqH1i%2BcBobno4IRTyRkROI681suXYfNnc6MOgSQt2JRnGpGJemJiX1OJeAE5UEPANCIrL7kfxKv%2F5CTptrOFIwfjI3lYEW%2FdybsS2rkAiIQX7QOwTjl9Shgrzpe7fwVIUfiL3gSBLN91joyZrmybjPLVDJTBp9T0zg%3D%3D%7Ctkp%3ABk9SR-az4qWZZw
Mens Amblers Demolition Composite Toe S7S SR Safety Ankle Boots Sizes 7 to 12,,£67.99,Free delivery,7 Mar 2026,0,Brand new ·,https://www.ebay.co.uk/itm/376905534100?_skw=new+rock+boots&itmmeta=01KK55RK65CD4AQJ84CPXVNDZJ&hash=item57c1520a94:g:xJAAAeSwufNpefz6&itmprp=enc%3AAQALAAAA0GfYFPkwiKCW4ZNSs2u11xBKpVnA2ZG1EJWPkM02oRnbl1DKjA79pABYi9b%2F6x42wOt9c%2F6%2BrmXoYcUtB8wevR7%2B9iHDkP9WLDw9%2F4HlQPcdnBw%2B%2BvUdtZYOHFQ7XXZuWRQbccMxXrAut5YMPMrRtAKEy3D5bHMluH%2FJqp7cGVCjXVU7bsKSCgRiAyEfVsCFpyw%2BpMNi6V9AfKLZDR5k9tD04DX60bAvO9mVwAFK7Z6NsUC5SEPHDgg%2Fs7dN7%2FJeNx%2FuCHczgeMnE7YFJIcACXI%3D%7Ctkp%3ABk9SR-az4qWZZw
Mens Chino Shorts Cotton Cargo Combat Half Pant Stretch Casual Jeans Summer New,Cargo,£8.99,Free delivery,7 Mar 2026,0,"Premium Quality Chino Short, Free UK Delivery",https://www.ebay.co.uk/itm/276617320829?_skw=new+rock+boots&itmmeta=01KK55RK65JW9VPTPXQKB77XCQ&hash=item4067ad597d:g:QisAAOSwEK1m0Vea&itmprp=enc%3AAQALAAAA0GfYFPkwiKCW4ZNSs2u11xBCtTPtUyXl6AD89WqTJbjezucA90RocZ8ClU4WYYZT%2BicIYBZS9navTDooX%2BpZ1NNUDB1gdi8eM8N%2B5Z3MfHQiTfXeAGRiT2EmOm9MgEzpF%2BG9ZLsi1CTp%2FKdF1zjdbGNEQLPeGz9dtPWcaZY3zxD1DTY2Wtd4s2tjG6eoT48TpVjPTpFw1%2F9EO%2B3wQam7VYssr95EFKHXoV0u4JbCl7A2M7mzwSGH81IiZNf5hovNh2T%2BEu9z6fvnBsCg39NYuSE%3D%7Ctkp%3ABk9SR-az4qWZZw
Metallica Nothing Else Matters Black T-Shirt NEW OFFICIAL,,£17.49,Free delivery,7 Mar 2026,0,Brand new,https://www.ebay.co.uk/itm/115791139966?_skw=new+rock+boots&epid=6062198747&itmmeta=01KK55RK656VM8H9AH06QT8Y07&hash=item1af5b0947e:g:72EAAeSwSldpM5o9&itmprp=enc%3AAQALAAAA8GfYFPkwiKCW4ZNSs2u11xDvCLwSuAowv1V9XGhN642%2FHvJgxxkDDja3FumzqouBWZog57JgfiRIkQjlrhW6Ro1GhgQpjSDS3BoaMZrc5WAG6M31P1NAr8wrKCRTpdyAyTp6VPUfvt8u8wu7kpODy0HTZMDq%2B4lokhHYEWXoDXACka4mF1MUM53TYiR07OMAILYfiK3iro6R7hZIA2RqNQ%2BHQDiyCgY3%2BTCYc1bf%2Bu%2FlePv4lxeOeTf3wiR%2FZR9gco4C4UvuLRcNJfh0WLNinFMjs7FBMan%2Fy8%2FSqKf0S8qqAAxguEicL9oEFIS2fFbA0w%3D%3D%7Ctkp%3ABk9SR-az4qWZZw
Kruze Mens Pullover Hoodie Fleece Hooded Sweatshirt Jumper Casual Plain Hoody,,£7.99,Free delivery,7 Mar 2026,0,Brand new,https://www.ebay.co.uk/itm/227070441910?_skw=new+rock+boots&itmmeta=01KK55RK65GPCKM90MHZRXSMQE&hash=item34de73f9b6:g:8j8AAeSwMN5pE11E&itmprp=enc%3AAQALAAAA0GfYFPkwiKCW4ZNSs2u11xBkAemrvF%2Fqtw2dOdvB%2B%2B5p7AigDc1wpTtyyAA5w8pgm8PgzN7cupfTifDm9RYVIvs0%2BYKbp40pB1YijC5%2FuAimUbRawF7xrQUXN3giCQChMA6%2BNg8zy8qKZgTwglzIYb2%2FPG4DJ2L1CJs7ieHi6k4GBj36WbFHzEEohAm4UMQfumVxmHNt3RClTSpwvAIwMQWCjkYmiagLC6S5dBgqSgEqiwWnt356bwg29euGf96waevZOhulLsso3QdFzBQzKsI%3D%7Ctkp%3ABk9SR-az4qWZZw
LEE Men's Daren Regular Straight Denim Jeans – Mid Wash Sidney,,£23.55,Free delivery,7 Mar 2026,0,Brand new,https://www.ebay.co.uk/itm/127720219433?_skw=new+rock+boots&itmmeta=01KK55RK658YXR2XSGAYGK72D0&hash=item1dbcb7e329:g:K8sAAeSw8VZpqYfN&itmprp=enc%3AAQALAAAA8GfYFPkwiKCW4ZNSs2u11xBRaviSVOafFJi3c%2FOuhaz5pWk3XiR6XCcVAEQQmIxdexaBcYP0QUR%2BWmmWw59n7xo7Ka2bNVRl%2BafD8Gq2jIBqOWNv9teICrnBDGNtpexwYZo%2FUyhrs4PmnVfjaUzGeLOKstr8Karu4w8CbM7DWzbN%2BgiwkFQIAiff3gPruYtYEGg4kcrohfwPo6toBF3tqHn2c2YyrSJGhCrJebkdlUpWOgEeP5EKBtIRXcwnw8kNvWu39AxG3Mb%2FtfWCBDxTcz12U14XnE2hgfCPDEovE%2Fa%2BxUwH24g6iFwbTWwaKjE3wA%3D%3D%7Ctkp%3ABk9SR-az4qWZZw
Clarks Originals Men’s Rossendale Ronnie Fieg Kith Stone Suede Shoes Size UK 8 G,,£59.99,+£3.38 delivery,7 Mar 2026,0,Brand new ·,https://www.ebay.co.uk/itm/358179473178?_skw=new+rock+boots&itmmeta=01KK55RK65RN12BHMY6JVND3Q2&hash=item536529071a:g:nHYAAeSwdyZpf8Lm&itmprp=enc%3AAQALAAAA0GfYFPkwiKCW4ZNSs2u11xBJElsaxcydZgfh936kPRtbmBW4q7WFArQ2q61hM0D1C7vCs3YeVYWrbwb7ZOMeYZKoi1X4dju2eBkeQPrq259NvDz0ekTxG0%2FPUI578oGVrkytMslsBok5t4X2M0uVFjkYZ3SqbgUX233MWsrZAXpyCRkpRYaAXLa7Bz5B2ojdIB5aobly1qSjPuuSrVLLlliyuIJY6xlrNKnr9FEmJcuR6XvN%2FZJS5XHV75uKzoreSgcWTU3tgXzwgYBmY2KY%2BFA%3D%7Ctkp%3ABk9SR-az4qWZZw
Blue Vanilla Sheath Dress Size 10 Blue Floral Stretch Womens NEW EU 38 RRP £24,,£15.29,Free delivery,7 Mar 2026,0,Brand new,https://www.ebay.co.uk/itm/326961315236?_skw=new+rock+boots&itmmeta=01KK55RK6508X0VVW3XTGBM6AP&hash=item4c2069bda4:g:CJ8AAeSwIyxpUZfW&itmprp=enc%3AAQALAAAA0GfYFPkwiKCW4ZNSs2u11xBWhM6Q7IT8addAVHGjMcfmiWHXxlJLZF6ru7E2DV%2BhSz8nnWviEFjFQVUPMFY%2FJhJvccB0w9niMG2tqyU3uEeUJy9Ez37atGgiQEOD3y2Ges1%2FunnhwkBwnoP5zQRSSZSPxz%2BfakDzpiqRBYWj9IvWIgouixTN2lPG2UrlvZTHEqKoVHezNo3QroIuV9IIXs98wPKzWwef9UsWfO7cAAM0fakQmmQacDV2td%2FQYXcqOHL0LWlm1EhvabFDQaB2Bzs%3D%7Ctkp%3ABk9SR-az4qWZZw
Mens Cargo Shorts BIG Size Elasticated Summer Combat Pocket Drawstring 3-6XL,Cargo,£7.99,Free delivery,7 Mar 2026,0,Brand new,https://www.ebay.co.uk/itm/335490401774?_skw=new+rock+boots&itmmeta=01KK55RK65D9NM2DZ32MZCGHYB&hash=item4e1cc945ee:g:exkAAOSwySBmlQ7J&itmprp=enc%3AAQALAAAA0GfYFPkwiKCW4ZNSs2u11xDGcPUbgaSYapvJJpKT5F6--fXY8PX7c45Siui7IJncQgbvm%2BRPOJcKSD10VDkm6tFmN0bP8Cvu4d9ytr%2FG9M%2BgY1JRSE%2FHHs5BXSQ2S%2FcDLeY5PqZGI2cPWmu2dIEbdKRJ3L2FGn6wzsvlf2TZGfGzza3laOnzKV9YFYv2j561mtacVwYZt%2FTu17whZvE%2BrjCa8g6GJmrYsgeB81e92o15zAY3LiVaK%2BZu9N6adOhsYtKlLonaa%2F2uIm8sowOFa48%3D%7Ctkp%3ABk9SR-az4qWZZw
Charles Tyrwhitt Ultimate Non-Iron Chinos 32W 30L Slim-fit - Colour - Stone,,£25.66,+£2.94 delivery,7 Mar 2026,0,New (other),https://www.ebay.co.uk/itm/127674582252?_skw=new+rock+boots&itmmeta=01KK55RK65A1F54GADT8WP5CFR&hash=item1db9ff84ec:g:26oAAeSwGuZpiZ9L&itmprp=enc%3AAQALAAAA8GfYFPkwiKCW4ZNSs2u11xCrIFNhy11SwSq6tJMD%2F5sfN8bdEGUQo65FrvfTBgjzkqvPY89IlqR2VfTqtAdqmnnInfZ1VhrZNbgwQSQdzm1wfnKDOzTf1OjQFe13wc4Lj9czAYxcssgxviVw5cXTynxlLx1kN2iBXaHtxxZsFrNsZEYn5VftFyz2%2B9f4RTT78x2%2FW%2FeWaibCQv5WqXXu%2FOS35MrYM0mJ%2BlUozZknFCjDPdAkWPtzYM4a1mrY8IGPMKMfdbQV5eZQB91diFuk3Cf0iiX2Q%2Bp0ucvh8Yl%2Frq65ocjY1aosCdUBLZEDEZ5K2g%3D%3D%7Ctkp%3ABk9SR-az4qWZZw
The Wild Swans Revolutionary Spirit Gift Tee Tshirt 2122,,£7.95,+£4.95 delivery,7 Mar 2026,0,Brand new,https://www.ebay.co.uk/itm/235952721740?_skw=new+rock+boots&itmmeta=01KK55RK65ZF7C4Z058M17SDKM&hash=item36efe0cf4c:g:zqUAAOSwhMpnql3X&itmprp=enc%3AAQALAAAA8GfYFPkwiKCW4ZNSs2u11xBvcwWWywz3PAgD%2FESFP%2FxNOUNe9Uk0xQKi9urBPBiWnYGCAVvHkqCS03tBtJFb7cTlIXGDO%2BHcHSZ%2FIFG8UJG%2FQaCUH0I0cKzzJEoLzXhx7mffOytAjahBUKk2SQpz2R4yy2s2cCg9AKbkQJvZrh4ngXRAGRMkCrlSzJhwgm5rI6iB%2B2HvdDUveHFlJ3ExpyJr3A0r6VXilFCXLpLV9Bga6PqqYzYiYN%2FkLbTl2niS6NkfZ2Pr9GzslI87NEfaetdVaWW9e6KKjrZLktqbG5h5AeSq1TvCjoG9gxTdqmj6mw%3D%3D%7Ctkp%3ABk9SR-iz4qWZZw
"TU stone wide leg cotton trousers, UK 16 (30"" leg), pockets, pleat front BNWT",,£5.93,+£2.94 delivery,7 Mar 2026,0,Brand new,https://www.ebay.co.uk/itm/326959720757?_skw=new+rock+boots&itmmeta=01KK55RK65YXV7H3FGHG73542K&hash=item4c20516935:g:wR4AAOSwIsNixFk8&itmprp=enc%3AAQALAAAA0GfYFPkwiKCW4ZNSs2u11xBstMxvaYNLylLPhyM2b%2FHwM9XiDLg%2FaJojHhxAYVpse5el3NDQbLvfpx%2FBtndSP4YEG0MHV5WqbmmmteTFBOxG5qtSzrh7Qyun6bRZto8KmTc6n2f%2FlsqsflTjXJOiypEre5HPa7%2BRvyl2sEbrc1qPcTWUx4LuzwuEpAaFYOGltzq4sM3pK5P7gt5XXoZO1I1eO6zdJLrnaz23wOdBFJWuddOBCB4hrpOrFRPTIWFixfyXRdzAQ9n0lkfpdUzTD8k%3D%7Ctkp%3ABk9SR-iz4qWZZw
Women Chunky Knitted Oversized Cardigan Ladies Balloon Sleeve Long Maxi Cardigan,,£12.90,Free delivery,7 Mar 2026,0,New Short Length Added┃Choice Of Colours,https://www.ebay.co.uk/itm/363502423086?_skw=new+rock+boots&itmmeta=01KK55RK65PRKDX7CT16QN8SC4&hash=item54a26ecc2e:g:0esAAOSwGhdlFUDn&itmprp=enc%3AAQALAAAA8GfYFPkwiKCW4ZNSs2u11xBUOp6ypMbPwoqqKp2ni2V97QAVlpe43zQHxUEx9X6PURakaNiLxxagGDnLvj%2Bio3h7fqNWNcS5wStIiAyEN5kAKaRxMCIAwmoAkiuvHZh7hZhviCS2qNYgw8m2NYK%2FaPfmtSNFznXzpbH2KnDK0zsshcWvwWETUSM7isxCU609JBbn171Y40wOFbmQmzNiYxfzS1xkK9mvUW00VQwBKZQGGyVMp6HGZKCXxB%2BnAvG3Etr8GTWaKahklSf%2B3%2Fl4vwIb%2BHp%2BtHXRl6TeVHaHxoWbr550j07L2cFVgsK%2FH8KCKw%3D%3D%7Ctkp%3ABk9SR-iz4qWZZw
"Nike Shoe Box Carryall Compact Zip Bag for Boots, Gym & School Essentials",,£18.71,Free delivery,7 Mar 2026,0,Brand new,https://www.ebay.co.uk/itm/147176597227?_skw=new+rock+boots&itmmeta=01KK55RK65Y9EZ3RA47JTGFMTH&hash=item224468a6eb:g:eJIAAOSwws5oAKW5&itmprp=enc%3AAQALAAAA0GfYFPkwiKCW4ZNSs2u11xBnvqe9X%2FkSuQVhQAed6seawhd%2F%2B4XNvIPzrBTUEDkfZMyD4j09%2Fhfb%2BXzFVG7%2Fo1cZfceWIgOHcO24J7w7%2BV%2F1OvEGo6KVIE1wQg%2FlWt5ZJtyLtxzf%2FNBMYcdix0oJeCv5ujzgvASt75SdUmtdRbhW7adHIJALe9kabmz6bU3b%2By7%2BWlmaRuc%2FWJIaFYIAxvFfVNCe04OSBBx28gxFwD31drTvXq6l6lsQ6p8%2Bu2o422crdzEI6kB4Yf440%2Bwpas4%3D%7Ctkp%3ABk9SR-iz4qWZZw
Shop on eBay,,$20.00,,,,Brand New,https://ebay.com/itm/123456?itmmeta=012DEW30YG0MEEKND7NH&hash=item123546:g:acwAA9KNiJowH:sc:ShippingMethodStandard!95008!US!-1&itmprp=enc%3AbgepL1tlUHjMGCVfSTGJh%2BzsVKeJ3CQk7NizDI4BZeppuFnmyS6Ijyp8lh%2FnEw%2BWqO7uTV1Q6izE1R0T54aV8j71F4xlWfVcGft4%2FiOQhtqVXA1rW6M1atPARQRmhqUxtEPJKhKtSFgI%2Bvwlzb0GwVCtkp%3ABlBMUObkmabpYw
Shop on eBay,,$20.00,,,,Brand New,https://ebay.com/itm/123456?itmmeta=012DEW30YG0MEEKND7NH&hash=item123546:g:acwAA9KNiJowH:sc:ShippingMethodStandard!95008!US!-1&itmprp=enc%3AbgepL1tlUHjMGCVfSTGJh%2BzsVKeJ3CQk7NizDI4BZeppuFnmyS6Ijyp8lh%2FnEw%2BWqO7uTV1Q6izE1R0T54aV8j71F4xlWfVcGft4%2FiOQhtqVXA1rW6M1atPARQRmhqUxtEPJKhKtSFgI%2Bvwlzb0GwVCtkp%3ABlBMUObkmabpYw
Siouxsie And The Banshees Join Hands Punk Rock T Shirt Top Tee 595,,£8.15,+£4.70 delivery,7 Mar 2026,0,Brand new,https://www.ebay.co.uk/itm/156076465882?_skw=new+rock+boots&itmmeta=01KK55RTGM4RH2N8CCHP7RZZTJ&hash=item2456e1deda:g:WM8AAOSwvvJl13O5&itmprp=enc%3AAQALAAAA0GfYFPkwiKCW4ZNSs2u11xBXTpgRt1o2%2Fp9iFfpBoguqlvZ3tLyJBx7PR%2BcKdWAD0SFDnJxoDFJ2HCvomngnken96jrNzk%2FMfTiZlvkViB9rzNyhbS1Dqnua08syp8cR%2BjbnFcELAt5HcZemRA5NmPobSODLiPxpWPfvwpXshjUeoOgveMZYM%2BoGy5S7irNJlXmqFSGMGqsa%2BDZHmfmKQmk5IH4HM9JGgX45teUNKEkQLBKyQmV3R4Wsy5tGE4Ksv3L%2BkRwHLOFQYi1gb9x9hRQ%3D%7Ctkp%3ABk9SR9ao46WZZw
Official Guns N Roses T Shirt Appetite For Destruction Ladies Slim Fit Tee New,,£15.99,Free delivery,7 Mar 2026,0,Brand new,https://www.ebay.co.uk/itm/234653090193?_skw=new+rock+boots&itmmeta=01KK55RTGM23MGB4X0BVR93RVF&hash=item36a26a0191:g:7BsAAOSwsNFkrRxJ&itmprp=enc%3AAQALAAAA0GfYFPkwiKCW4ZNSs2u11xDgp66ljg6ZKb3IZBDU%2BTh%2FvPzffoowy1VAP926ikh%2Fq2CktOXr%2BSxoxjayIBKA4Ctke8rTqDxqOkk8p3BeteRJypd9Y0Y617vVvhxuOcBjG87piuMUNtzd0HLQ3WEYzNxv%2BWUtwRA1E3xWjqF1Edrjkm19sdlU7TJDQLCMMmKCM8X4A7uNeLHXnYS%2F0oYhnwkogew4NHcnMgo9HciHVXXxPnZVYl80Rls%2FEgP34a4n3Lj%2FxJFtz9n7ZlsZGIGmuSk%3D%7Ctkp%3ABk9SR9ao46WZZw
Neil Young Cotton Baseball Cap Harvest Folk Adjustable Sun Protection Free P&P,,£14.49,Free delivery,7 Mar 2026,0,Brand new,https://www.ebay.co.uk/itm/146823914856?_skw=new+rock+boots&itmmeta=01KK55RTGM7CFZR9JS1XNHZ7VE&hash=item222f632568:g:7oUAAeSwnAlowWbz&itmprp=enc%3AAQALAAAA8GfYFPkwiKCW4ZNSs2u11xA4OTnyyjPiOXrb1bQjnOkaM6p%2BhlbRzix2i%2BKbA5ymmWjsYkeCQ5cqU7%2FkQ1nwC4xxwC%2FP5p303SdBRtdUSl2iSB1Vj7WsnIO7xGC019f5ORATPcIF5Hwj2vZTNfz%2Fj3fzeNFh6AhzIEafvXL4mv9njmQWnZgqvyNjtwAqAu050G%2FsVMk%2FsO3teVvoAreWmHMFlQwmHi1fSlVd8V2k3Usqc040u5CLvuRXsN6hPr6iKEBXu1tCRc5eBs5q3eX2iBdwiSIRplR1bSfqqb2jDSQk6%2Bx41hZCupBx9esF4nAOpA%3D%3D%7Ctkp%3ABk9SR9ao46WZZw
Siouxsie And The Banshees Join Hands Punk Rock Music Gift Black T Shirt 578,,£9.95,+£4.85 delivery,7 Mar 2026,0,Brand new,https://www.ebay.co.uk/itm/317787184987?_skw=new+rock+boots&itmmeta=01KK55RTGMPF5SMWXV69H58YR2&hash=item49fd979f5b:g:w1gAAeSwQ~dpcRxf&itmprp=enc%3AAQALAAAA8GfYFPkwiKCW4ZNSs2u11xAlADn1HAetkq%2FCql14vQd4pWq4mJGGRIxkjPX%2BEVspu%2FFsiIIx0qT2MlYjbIk5%2Fug2G7CS1gX%2B6%2BPzEBs8Lts%2FIJRhaXaGJab9TiMqoLeKI5Gk23ZrBkjNt0FSpTcaQSPEye90aToEiYKzyUeSErNiaLTdktRgXvwDVnf4NuVShOXEQJVvQ8HDhgV%2FwjuLLnU2PR7%2FUxx1L5mq%2FwyIWYqnQH%2BOeeNqseh6ljvE1i4Xgyxfidvpjx84BZ474LJOrjaQMrQunY0D00Gvay8baqqL4J0hhIRQlfPfLyOLTs147g%3D%3D%7Ctkp%3ABk9SR9ao46WZZw
Tina Turner T Shirt Vertical Logo new Official Unisex Black,,£16.95,Free delivery,7 Mar 2026,0,Brand new,https://www.ebay.co.uk/itm/406710543822?_skw=new+rock+boots&itmmeta=01KK55RTGMDXFSHHFA2ZW0726B&hash=item5eb1d665ce:g:Te8AAeSwiCBpqawF&itmprp=enc%3AAQALAAAA8GfYFPkwiKCW4ZNSs2u11xDbQ%2BeN8BHez6YHtvI24krhifskQcS31kNkdF0gHzACF7bBzgBfafZOYfVlz8hG0S8j86QcoZxStCg2LeYDHZkJc12S%2B66%2F1VtNB0gEBgSuRo16Dlas%2BAEQLE58TUKRlGR6orOjxrvpjgWoUg1wQmHESUMMqbYljYMkFc18z3WgFGvrBGy725d64Tt%2FqIHxThM4TBNN9wSBg82m1XvQvO5Lg4wqSN5X%2Bq1JhpsQvt45ZcUda9zOyKfS%2B9QMODRmRX7fQeJp0PyQO0XLszeAqInu3dFznoFg%2FVRI%2F42ubLJjBg%3D%3D%7Ctkp%3ABk9SR9ao46WZZw
Womens M&S Chino Short Classic Cotton Rich Tea Dyed Easy Wear Summer Holiday,,£17.50,Free delivery,7 Mar 2026,0,New (other),https://www.ebay.co.uk/itm/286683430941?_skw=new+rock+boots&itmmeta=01KK55RTGMYZCD16WGGYTESVA9&hash=item42bfaa001d:g:dGcAAeSwVTloZA9W&itmprp=enc%3AAQALAAAA0GfYFPkwiKCW4ZNSs2u11xB32hl7KAs8DslaU6ir6OwInMmcLzHTTFG2kDPX9mQsl%2FgRPtWHKZ3g7BqzfbS4igw2cAYg8hgHQvV8cQSKQVP45gy7jEJCulf2DhO80wuoWQABl6rCz2Cn6HIBxhALu1Vpj80uFjzcI%2BrENi1OY6FG%2BtzEi9iq3qg8h1quJLvr%2BtYqh9q6R27IsUrjjrgoS0t82EZ26oBv7x454ELYFLTK2TCcbHQ3%2F%2BE4k7mlTa1Z9qsioLpLdyFBTgRKxXYr7tQ%3D%7Ctkp%3ABk9SR9ao46WZZw
Stone Island Men's Green Hoodie Large OFFER,,£73.50,Free delivery,7 Mar 2026,0,Brand new,https://www.ebay.co.uk/itm/406740468706?_skw=new+rock+boots&itmmeta=01KK55RTGM6MB69JFJ12AJB2VZ&hash=item5eb39f03e2:g:k2kAAeSwHqRpqgb2&itmprp=enc%3AAQALAAAA8GfYFPkwiKCW4ZNSs2u11xDsYkdeEqxJ88zsfz2UCCNVuozJ20GzwEDNtNa5qOw0zHNSXXgtS5OpAuah8J79kvscXawETm10ALQYOAP%2Bn9xwCMrw1cFeH1LuVikPptDv%2FMAtoCdZMoq8SrCf8FQ8IonNJh9UumK%2BJNvYL4%2Ftz0Yu5WbsczvtntNiKIce2fKrt5yJwt71KPGyQYOmWpOlZ%2Fhze7l1KfpXHC7zpQKN9IK8iWAWSDzG%2FRzJDBjMAkCzw09ymmUociG7qhnJc27JREKz%2FA64dHdWlnJPBuqrZ0UMy81afVjkXXJmErwqa4ZB%2Fw%3D%3D%7Ctkp%3ABk9SR9ao46WZZw
CCR T Shirt Born on the Bayou Rock Band Graphic Creedence Clearwater Revival UK,,£9.95,Free delivery,7 Mar 2026,0,Brand new,https://www.ebay.co.uk/itm/397638843127?_skw=new+rock+boots&itmmeta=01KK55RTGMADAT5PFWXAT8TNTY&hash=item5c951f3af7:g:QrMAAeSwK~Npm4Lw&itmprp=enc%3AAQALAAAA0GfYFPkwiKCW4ZNSs2u11xBwrqO0qRMHYBW%2Bmonjxd6P5ccx2SHbCxVquLOFhS2iby%2BjVu9kE0zRYn7r%2BvQUD5qhkYpRWDywC9jwJWs3iAIQzBknFK%2BXmWUGBzLEex%2Bn5BxS3WYP%2FjAthiEGOZPu38oQwBdBTirxBbeuEVrIn0cB4eInH%2Bc3aiviMoLmR7hlMrE7aXCAdpI9yTUVKGuDU3EMuTZ%2B7Ye0MBYuvQGxnF9twnE6Ie91gcf6E61C2672WMPmeLJ36LMM42Beepw30fg%3D%7Ctkp%3ABk9SR9ao46WZZw
Thin Lizzy Jailbreak Black T Shirt Mens Rock Band Graphic Tee 1960 UK,,£9.99,Free delivery,7 Mar 2026,0,Brand new,https://www.ebay.co.uk/itm/397628620403?_skw=new+rock+boots&itmmeta=01KK55RTGMDMNJVK6K1NYWP1QX&hash=item5c94833e73:g:Bl8AAeSwxvxpm3~d&itmprp=enc%3AAQALAAAA0GfYFPkwiKCW4ZNSs2u11xCSw46Yt%2Fs%2FriJKdD2S4xgMe%2Flr%2BI2b0toOKyFn%2Fz6nct7ECoDTIl9SUnSZdVWIzvcTiIYOQ%2B%2BTU%2Be3hzBEtoqxW%2BSt4tCokG0KPJVe6Nb293i77ZOoseo3gQKtHd0NuqJ3ch6%2Fu5blHIje8mMniTK69uvgEuXbTHKHsquZ%2BtDegr%2FD79i5sBq9%2FqTE9Ggd%2FD1zx6s0KnoFt4ROoOwpdKBiQ82WV1c%2BkCXUKcvSz1nqtQboUdMxrvWWnwu5fiC15no%3D%7Ctkp%3ABk9SR9ao46WZZw
Primark 2 sizes bigger boost maximise BRA THONG set Push Up THICK Pad Underwear,,£15.99,delivery in 2-3 days,7 Mar 2026,0,Brand new,https://www.ebay.co.uk/itm/358030025051?_skw=new+rock+boots&itmmeta=01KK55RTGMTAXVKTCEAGZV2RWT&hash=item535c40a15b:g:psYAAeSwP8ZpRCJC&itmprp=enc%3AAQALAAAA8GfYFPkwiKCW4ZNSs2u11xDDtA40QXaJ%2FmRkidV2JCrVQDJPkcGB%2Bo6eo3pUdDqt7EQ%2BHVWFoG2nn86PbOnmSOi4bEIB2r3eIIg4v4og1YeGAbV3xALT1urkSIf67CL5lHL9YhjlfZLF1J10qvvicO25Dx%2Bowyh7wPVQOXNqJn2gDcjfREJwTPZ2C82KIJDkwxuLbtBoa%2BhtB9rVuqeNSfkvzT%2BwDdZTb8PLZbZA2rPXrBkbtlhwhQ%2BwE63C0LJIRYOTULGR0ile5WvdN9ACSkE73tVFDwnrPwsVKz4J7C3TmsWZTep%2FqwQPABOmHu7PcQ%3D%3D%7Ctkp%3ABk9SR9ao46WZZw
Skull T-Shirt Mens Biker Tattoo Tribal Viking Demon Gym Heavy Metal Rock Death,Biker,£11.99,Free delivery,7 Mar 2026,0,New (other),https://www.ebay.co.uk/itm/363727681723?_skw=new+rock+boots&itmmeta=01KK55RTGME9MK3KDJQF7R9QWC&hash=item54afdbf8bb:g:LW0AAOSwJ31msdOW&itmprp=enc%3AAQALAAAA8GfYFPkwiKCW4ZNSs2u11xDEp5EOcLSni%2FuK0mZuwo%2FCPnRhRywQQfEEXZMycm1X5r%2FJNNcCsRnFKnb7sI5MQtzLwVffs0VEv1Fz2lQiwFGm0%2FJlzPy%2BDTMT0%2BzZJK0%2BJERa3fSAZ847f0vFWs9lYgsL%2FGiuHlGBe0YT%2ByunKk23seCNkL5loVtRFaY10QoUIboHvdLYUpWhfbD0ObnS8hLnUAGhKvw%2BO2aGYaHhakuOIja%2FcxDlQK8cUyt2zC2e6nBFvDxVviqh71GZ6nWXHnqTuHqZc5%2B9M8tf7T7W6z6W4l8Tknj%2BHqMvxengJEsEjA%3D%3D%7Ctkp%3ABk9SR9ao46WZZw
"New Without Box Lunar Heeled Sandal/Shoes Size 6 Beige/Stone Colour, Slingback.",,£8.12,+£2.96 delivery,7 Mar 2026,0,New (other) ·,https://www.ebay.co.uk/itm/127672614837?_skw=new+rock+boots&itmmeta=01KK55RTGM8Z58GY2GM8WRRAR4&hash=item1db9e17fb5:g:hlwAAeSwDSxpiEhu&itmprp=enc%3AAQALAAAA8GfYFPkwiKCW4ZNSs2u11xBQhu7sjQQ5cbdfr1imFQqrC%2Bey92MpGE371x6%2B3JYUPlrejU2G65K%2BIwb%2BbRG4sHdf3Gv2KiafQDSBY7%2F7UHrF9l0xNCual8wafwqShwXOENMqmRr5mm9z1hmWC5oCeNwkXJSACTKgEzb%2FUhWX%2BIxtdsvLS4TOi47yL2Z1N3sqaLv--aaalKKgDf2JDKfPuD0cmru%2BR3t99l1ebLy2FZkQZ%2FixocCt3BM2oV%2FPwxgqvVpUahDmZSUMkrsbaDVR0iLgHasaPWbVqctvhzqCMQIGIEf%2B6l%2Ffuzaqpr9M%2BP02LA%3D%3D%7Ctkp%3ABk9SR9ao46WZZw
The Cure Boys Dont Cry Vest Top,,£17.95,Free delivery,7 Mar 2026,0,Brand new,https://www.ebay.co.uk/itm/198087999176?_skw=new+rock+boots&itmmeta=01KK55RTGM1P423REYBHW7W0K5&hash=item2e1ef6fec8:g:yQUAAeSwqihpqFzW&itmprp=enc%3AAQALAAAA0GfYFPkwiKCW4ZNSs2u11xAwveO%2FahaUs2qopTpTE1c8Iz2ZC8dGsXClzOveEYBhnbuy5Ozum0UbAspUtx7f9dYBd71wolg0YAkluSI41tVIZr09aSQqy3QqZr3LcJeDRS2MMBVNrWBYEDgcOTFHbieSqveQiEYR6%2FMXt4jYxFqsf0XeP82IQYMxXQBPiY98RBonA0NIW8tCNP0xgUcEGIz1XUunROMnYd5E5XdJNti7pMzc4mk032FCl1bTmyrWGpUyPwT94CAYFxAVvIDPSwo%3D%7Ctkp%3ABk9SR9ao46WZZw
The Cure T Shirt Boys Dont Cry Black And White Band Logo new Official Mens Black,,£15.95,Free delivery,2 Feb 2026,33,Brand new,https://www.ebay.co.uk/itm/198014780190?_skw=new+rock+boots&itmmeta=01KK55RTGM499H07M1YJSGP7BB&hash=item2e1a99c31e:g:7EIAAeSw0RxpYQmg&itmprp=enc%3AAQALAAAA8GfYFPkwiKCW4ZNSs2u11xBSAGfaEA%2B202y2AbuxjVWx97wciawFpYN7qkgx0Fukepp0e3G25eyHvqRegq%2F7wDJzTpNUU5RBu%2B3yLrA99N1IOIJWuGOs9X2gzvxFAy7fc7cWyoJD2qITe37IuV5rduZgoZ76QN9SlQ39jD7A8KiczsIUvFqsGpu9bPvlWBnVz4WM6ZbHiVZJsbAzUD54OQS2RCkdF3lNfXped18wyHrn5XeiqtlgNCuUFxlnypDVlDj2iywE%2B17AjVEWUE9Gtq2UvdLRBe9kxFGbQcRZYlJAszmy6kbGXpmhxuKThlUo%2FA%3D%3D%7Ctkp%3ABk9SR9ao46WZZw
David Bowie Hammersmith Odeon T Shirt,,£15.95,Free delivery,5 Feb 2026,30,Brand new,https://www.ebay.co.uk/itm/198014780084?_skw=new+rock+boots&epid=3046981635&itmmeta=01KK55RTGM3Z6VSXZD61JJ1SM5&hash=item2e1a99c2b4:g:OJgAAeSw16NpqaW3&itmprp=enc%3AAQALAAAA8GfYFPkwiKCW4ZNSs2u11xBRvhvSP4VldjYIevkhzExxhkMCtLoaFNNM9p8uPhxhEcG9jfckBiHv8wTll6unx7coBYOi9UZxdCnrsrtX%2FpKBARoe%2B9i4Ov4QhJA0BwYW4czSN1tSsrlyA30pCbPrlvi3vxMmRl7kdSMVY7rfeaKJhiOBmxj5kCQePcdrrYfzPXtAA4FkbUyHqmj9LB8fymKN9M61xOFNe7poudUNpOrkaWfTUcDXlR7AqpCDOsc54C%2FiWBtba2oi%2Fry%2BeeIvkPuVCMc2%2BXe3ELGLPAwKGcsv5Txfpi0Q%2Brrx5vc7BClvSw%3D%3D%7Ctkp%3ABk9SR9ao46WZZw
Sublime T Shirt GRN 40 Oz Band Logo new Official Unisex Red,,£16.95,Free delivery,31 Jan 2026,35,Brand new,https://www.ebay.co.uk/itm/177759991046?_skw=new+rock+boots&epid=9068256150&itmmeta=01KK55RTGMZA4D39ST4TZ53KBD&hash=item2963523506:g:dysAAeSwTvhpqax1&itmprp=enc%3AAQALAAAA8GfYFPkwiKCW4ZNSs2u11xCFrY2mPaUu97b7kI0K2z%2Bo6%2BfCVShdeyu%2BsG2xEbpU34gynPoWGfqaVWwByPmc8XZN8SG2Sd%2Bfsk460UTQGOnSuP9LuW451hcQeMggjJeSDOZUMSJBRHJCeYZI4eXnpdWQf10MrZnuj8NFZCYOQHGHld1WraCZtJ%2Bpqh%2BBUasJfIkfVOD3NE4zJ8AdLfqMxUzK2QWpGV04yzvifu%2BtSq1BBzR2dzsag1kvkq2aLH4t9UPHGa%2BKFp3nEpWNJ22hFL6aAZ%2BO9DmBLcIM%2F6sZkbu9jPhbptmCQNSxp%2B5etxSxoQ%3D%3D%7Ctkp%3ABk9SR9ao46WZZw
Slipknot Hoodie Splatter Band Logo new Official Unisex Navy Blue Pullover,,£32.95,Free delivery,30 Jan 2026,36,Brand new,https://www.ebay.co.uk/itm/177759985063?_skw=new+rock+boots&itmmeta=01KK55RTGMWF59FW7WT5X7E53R&hash=item2963521da7:g:d8AAAeSwV8lpqaw4&itmprp=enc%3AAQALAAAA8GfYFPkwiKCW4ZNSs2u11xCCukSUX3uZ0zgu1iKC8p2r%2FA2HpnhOXWe9M8gGKFrNBKdo4EWmSX0WkOIkw7msFDeZ%2BZG8wyWo5VYiyV9N%2BuzmX03TcfWpdOLVee84aa07m9698mYKtx3jJ4CPI3BnKZl83cZawkZ6NaLwY05DiRQY7OM33vhXEKkQpYXmErU6firoNJuVJ%2FxdT891Ft0AP0wEruY%2FzEKWmqwACpne6GHk77yGNJy3%2BMfIbFA3GITILXCx9pPBWTkSH1o8bvxxJyofttEOEEmhh6RQxMofl8P%2BIxMPeMObO%2BKNTVOAd0ZKFA%3D%3D%7Ctkp%3ABk9SR9ao46WZZw
U2 Under A Blood Red Sky T Shirt,,£15.95,Free delivery,2 Feb 2026,33,Brand new,https://www.ebay.co.uk/itm/198015008576?_skw=new+rock+boots&itmmeta=01KK55RTGM797W0HER47Y09A8W&hash=item2e1a9d3f40:g:wnUAAeSwMixpYSXD&itmprp=enc%3AAQALAAAA0GfYFPkwiKCW4ZNSs2u11xDTXJpT%2FMgK7WNl9k2xTz1ZJ8xL%2FqDDdh71NXLuesQ62knZcbq%2BqyIm07k%2FQkE9prqGhGYM8qPF5MOTnZPfHPw1uLKSESZTNnnzw4G%2FOEP0a5Jcjs0oPwKLIHz2EUEQ38cojEQO26YbLZWOb7GSafBA3iy3AQu9JpzddiA2xrqhmSiCm%2FdOhtBUSufdIBkBhXezMzHrum8Hrg%2BVU67ns2Dr8iSjibIY4pDmRVeMm1gWbV7RP26omir3atVPFGR5iW0%3D%7Ctkp%3ABk9SR9ao46WZZw
Iron Maiden Beanie Hat classic Band Logo Book of Souls new Official Black,,£13.95,Free delivery,27 Jan 2026,39,Brand new,https://www.ebay.co.uk/itm/406575641247?_skw=new+rock+boots&epid=4029757109&itmmeta=01KK55RTGMQ9XTRVXB1RMC2HVJ&hash=item5ea9cbf29f:g:DfMAAeSw~eppqaZo&itmprp=enc%3AAQALAAAA8GfYFPkwiKCW4ZNSs2u11xCoCwFcKIu0fi56v--jgGnAf%2FiPXrSxhQb2Zk45deFB8bUJowxjqVZLpIqLIdawy85vPbtSu373aoLtKa97107MRsphfYerEcDs5g78TLqWET6QjALu1%2F2MXBwGNVxGs4MEhiEoYZkDeIZDM2TJPJdZfQdaAo7YoGEZmlLf7BH%2F7I8ntfapgk%2BNE1wpagGlPlCE5NgJBPC%2BMsu6ydCIoH9Ykkbca7JDp5YAtZJ8%2FsZY8T8LbJGj%2FLZ%2BLdV16%2BCgdGl740vpEd6TIZjzM8yFMvFlIFYmUunKygm5KrRzFp1t%2Bw%3D%3D%7Ctkp%3ABk9SR9ao46WZZw
Britney Spears T Shirt Retro Text Logo new Official Unisex Green,,£16.95,Free delivery,2 Feb 2026,33,Brand new,https://www.ebay.co.uk/itm/177759985036?_skw=new+rock+boots&itmmeta=01KK55RTGMFZFM5GD09VTGCGSA&hash=item2963521d8c:g:MygAAeSwkixpqaX3&itmprp=enc%3AAQALAAAA0GfYFPkwiKCW4ZNSs2u11xD6feEHN14juEqF16SmziZ5k%2FgbMEw7zNQ%2FQ5TWIZFY%2FjyLNUPGyOEemE9lJkmlQCsNTCFvF%2BcQfQ0zV7ALxvAHiH1hLaCg7K4NMO4mC5J2PDcJGPHpj34LxUu90ZEcUo7AlXh8fpHNBxuBiputnGkxfwix4vu%2FyMW1o7H1cYZ8erM2BB0AoSa1LlPdzj2xnNKcjwpyrlbRAKl8gibUa9B3JYAZGOnrCQyp96CXeh9Be5E2zvXsbi1aJMnnmtHBIRY%3D%7Ctkp%3ABk9SR9io46WZZw
Blitz T Shirt Warriors Band Logo new Official Mens Black,,£17.95,Free delivery,28 Jan 2026,38,Brand new,https://www.ebay.co.uk/itm/198014770364?_skw=new+rock+boots&itmmeta=01KK55RTGM0YA6F0JJ2N45FG51&hash=item2e1a999cbc:g:VVUAAeSwhJtpYQhF&itmprp=enc%3AAQALAAAA0GfYFPkwiKCW4ZNSs2u11xBqSehJO0t442vPv%2FekRSQ%2Ff4AfjiMrJi6bEBUfGkc1exqHzOX4NQqdWKOR5lOvVF3J8MmqZRjs9VRDtQVOSJdqYr5Z39%2FbAfA4seWUFlRD3Mb0I8OnsIJ2QuqQtArcCNwzClCPVMsL1T2hDLYe1XC65wuWLNqK8zW94UGqfV8HH7nrpPuniYxeW4zynKnWjohwsdoeewE8I%2FTx7RUE%2BMwzCD1GgVgSAxEVKrzW9hQfjqicKd8A%2FDt%2FsPL6c7Jhvbk%3D%7Ctkp%3ABk9SR9io46WZZw
Cradle Of Filth T Shirt Dark Horses and Forces Tour new Official Unisex Black,,£16.95,Free delivery,24 Jan 2026,42,Brand new,https://www.ebay.co.uk/itm/177759964558?_skw=new+rock+boots&itmmeta=01KK55RTGMEC3XGZMVFK13GTVM&hash=item296351cd8e:g:NeEAAeSwEG1pqaXC&itmprp=enc%3AAQALAAAA8GfYFPkwiKCW4ZNSs2u11xC8Vi3an4veu%2FRmq0vZ3lj1bPfDRt5jIgGm%2Ba%2B8nuxSZcOJik6AiuBcPGKJoje0UAsxW2eZHHsJVR9hoXYyqMZL9FiSPq65qQK%2BFhoeeD6tvjes0YLsnTlMZJUXm%2BhQ%2F94lgFizI21VXAjIJMz8r1%2BEMrQJTA7DlIz6AzzcbV12C8bIKmw47sTXrlwcM3%2F2quqs6M0oODBL5vCIwHXKPY1tee79vIr%2BTca0K%2BhXMoGjiZNwFt6gmoxCuMhc%2B%2FoyUlX%2Ftc%2BwWzn02Ru6GSl%2Fq1bPC8iFNkrR9ySSnCBtU0BNyw%3D%3D%7Ctkp%3ABk9SR9io46WZZw
Poison T Shirt Vintage Band Logo distressed new Official Mens Black,,£15.95,Free delivery,11 Jan 2026,55,Brand new,https://www.ebay.co.uk/itm/406575630440?_skw=new+rock+boots&epid=16049169494&itmmeta=01KK55RTGM9TMVKWBXMZMDX18S&hash=item5ea9cbc868:g:XkEAAeSwbodpqakg&itmprp=enc%3AAQALAAAA8GfYFPkwiKCW4ZNSs2u11xDA7X6xBKd0FIgwDDLya7ezJq%2FD0Mvk5%2Fmizc6jT7pGJrc8R9DMqtHqbdLVRvQdP3Uk8V29prhauCV22qZFCTabGMdCiMlp4TqY2pBSoGBcXk26LvFFzFHYgZTMgts5QkmzNh6K2DcQqJl3cOSCuwpH59RqRTZXsOG2LTl0l6IYU4MBrN2kHlSKP1t2w7B%2FN7b8ZvRiCZKNSzXghMV%2BRrTIA1%2Fsrrr6%2BKR55DhdEuM%2FWiZffO5m74fESQwgajMpJDp4ikCXCF7L2JryhlDgqE5EosEvZajJ2VjYFRWydZtpdw%3D%3D%7Ctkp%3ABk9SR9io46WZZw
Black Sabbath Hoodie Aviation Skull Band Logo new Official Mens Black Pullover,,£32.95,Free delivery,23 Jan 2026,43,Brand new,https://www.ebay.co.uk/itm/177759963756?_skw=new+rock+boots&epid=12062017882&itmmeta=01KK55RTGM9VB8TRKS7SKCCG28&hash=item296351ca6c:g:IJMAAeSwRzRpqaXK&itmprp=enc%3AAQALAAAA0GfYFPkwiKCW4ZNSs2u11xBRy0%2F9dvENhhXYj%2BWM7nynBgjB7O0ll2MrOGaU2atW%2BzM98S%2F3Bh16MOkvssaIGeXM8nSEyvA44XwzMEn%2B%2Bdl7U%2B%2FMTmxECgv5Eivv6DGHhwV5Fvrg5zy0FPl7TdblP68OqvqwO4DQWKVqOC6cRbO%2BmAw92%2Fx3ywR85Y9qwon%2F3kwCKefavL78p%2FBKlCIOlI5R4k%2ByzU8gYelZXSrN2QlKHLd0vCJHevK1cJPuuSgYhvjOoR8GZhwdwB92fpWZcT8%3D%7Ctkp%3ABk9SR9io46WZZw
AC/DC Polo Shirt Classic Band Logo new Official Unisex Navy Blue,,£17.95,Free delivery,4 Feb 2026,31,Brand new,https://www.ebay.co.uk/itm/177759900006?_skw=new+rock+boots&itmmeta=01KK55RTGNYK6S64H744STD1RZ&hash=item296350d166:g:TmUAAeSw8OtpYRLC&itmprp=enc%3AAQALAAAA0GfYFPkwiKCW4ZNSs2u11xCM5%2FmrIU0zYZgBcfYQuRNSTy6p0oLGP5gw11A4MIGxAkmOdaAWAoLMDPC4KDvU9Mr2zEEcgBGCf18h2gc8nTl34MKDZ74ARaNfu9g7DomoOjXM7CCtt26oDLMNe5geo8%2FMC5IRI%2FPs%2FpPR1lV7IvVD19ribVjV3sgvyJ9PiwLncVgl1hbxo4SFj0UWMcDvkTw73hXmqx%2BR7rRKKEVxh4R6PUGWmwN4yLg9qMwE0uDjH1vswjwD8XKbB6cytDt0b64%3D%7Ctkp%3ABk9SR9io46WZZw
The Beatles Beanie Hat Sgt Peppers Lonely Hearts Club Band Logo Official Black,,£13.95,Free delivery,23 Jan 2026,43,Brand new,https://www.ebay.co.uk/itm/406575626328?_skw=new+rock+boots&itmmeta=01KK55RTGNFPGZ1JGDBDR6AN11&hash=item5ea9cbb858:g:DuIAAeSwZcFpqaPV&itmprp=enc%3AAQALAAAA8GfYFPkwiKCW4ZNSs2u11xCF1zK9vhjel39z0u%2BVo5e07gnXoCnvdgBoOtyEKnZoKkHBFS5pUcZn5qKn20b%2FQHle9Uuq4%2FkkgpacY7nmHrhaJRq%2BIuq19DarmVKWbPu5p8TiwlxVmm2FanlkYObRxyx6uV%2FtC1IoC4vO4AulHteM6TnG7jpcUGXiMQX%2FRyGiS3Qx3L15aItOexLRHrpUW%2BP2ndnmQXPq9U%2F%2BWbntrBQyUHfLbuFYSXRnYdHXwNhVYhv2GvTMwibRj61fA7DeZE3EDlFa7NTEmh4F7Fj8oIMlArj2M9BJRMt7SbSm8ihk9A%3D%3D%7Ctkp%3ABk9SR9io46WZZw
Slipknot The End So Far Tribal S T Shirt,,£17.95,Free delivery,5 Feb 2026,30,Brand new,https://www.ebay.co.uk/itm/406575980741?_skw=new+rock+boots&itmmeta=01KK55RTGNEKQH9DXHMAAWYCMP&hash=item5ea9d120c5:g:eJoAAeSwFAlpqawe&itmprp=enc%3AAQALAAAA0GfYFPkwiKCW4ZNSs2u11xBopcf%2BwGLBujYYBCKqIdMxfbD7XhtrPUohpcKPAQVaJXm6m0yoea8i2rundoGWBo%2BsTmyvtWDNNUuW03vCs1aOhp56bL4CfpaJ%2FkQsCADUrR0AnPSRlmfqTdcGbPR1XhAandc1FS1QY9We%2FPWlL6%2F4BlZjpZ4IFVWWuUT4BaUBfjkgaVQvIr1IgZZzb1D5AebLwxCahSSMK1Ml7%2BEJXYanCPIydjMREkiUX1HWI0gC%2FrND4XSLVbaBN0STjW22VE8%3D%7Ctkp%3ABk9SR9io46WZZw
KISS Baseball Cap Neon Faces Band Logo Brim Print new Official Black Snapback,,£16.95,Free delivery,5 Feb 2026,30,Brand new,https://www.ebay.co.uk/itm/198014753568?_skw=new+rock+boots&epid=24022497541&itmmeta=01KK55RTGNKRT0BZNJKXBYT7PS&hash=item2e1a995b20:g:7DUAAeSwCxZpqaaZ&itmprp=enc%3AAQALAAAA8GfYFPkwiKCW4ZNSs2u11xCB1niDPHCDGQ7iPGuRfAKqWbHBqkhCEp4kDJbKlwQA7pmxgtAaPv789w95VUfotPtdycNaQOOGGxR2Nl0w7dtOd%2BqcnFU4oRkxwkpON8HT2mv1G78AwwDFJhD2Bs3f8VLDJyriJvmZ%2BoeUzxQMCtxLWH4eAEN9hlXmxNlB5QAmenTlpHvsIw1mlLU2ZhmFvU3%2BFhgHKxq4Xlj4rVuu78Vd8dRzm9MAkt3vxfI%2FkvMCIv1qCXyt3UNXHCuxJhpmDIDb5nkFiKEpbrTczDIveAx8ZkqymHUDYpOWqhTwgeiJuA%3D%3D%7Ctkp%3ABk9SR9io46WZZw
Nightmare Before Christmas T Shirt Jack and Sally Love Is Eternal Official Black,,£15.95,Free delivery,4 Feb 2026,31,Brand new,https://www.ebay.co.uk/itm/177759840869?_skw=new+rock+boots&epid=13052103132&itmmeta=01KK55RTGN6RVPVFH9RT7AN4K0&hash=item29634fea65:g:jBcAAeSwsV9pqa3t&itmprp=enc%3AAQALAAAA0GfYFPkwiKCW4ZNSs2u11xCwT7n6c1S8oA9Frd6w3ZSHLKK188gPA3qqEDSJnSpltDzILDgZ%2Fth1q80QTqUv7zFuq65iBx4cZyMeX7d8hCZ2L%2Fp4VUR0c5Ly2I8nvRgcHX1EMYQYOBNoXw%2FC4sxue0fZAqJ%2BwZ8oTeetBIY3CC2mCKi7lvU%2BvXCKoWO6v93ymrG6oNYQAqz4JpW9dn%2BTd9LWzISrxWE3VYikipsk%2B9gSRBBeLaX%2BxGMhFELrKrYLaDcUZBZeQ%2Fp1FqsIptsYqPQ%3D%7Ctkp%3ABk9SR9io46WZZw
Nas T Shirt One Love Tattoo Logo Illmatic new Official Mens Black,,£15.95,Free delivery,28 Jan 2026,38,Brand new,https://www.ebay.co.uk/itm/198014753542?_skw=new+rock+boots&epid=9049169184&itmmeta=01KK55RTGNNMPZFFEG97AEGVTJ&hash=item2e1a995b06:g:vMMAAeSwnQFpqagZ&itmprp=enc%3AAQALAAAA8GfYFPkwiKCW4ZNSs2u11xA8ioEuq3MzsmLlj0Xs%2FvCWqt3ywYYDari81vhJy5uV9YoS36udHob0zrvx6WX%2FZ9MT1dwzJwnDtL4BK9e2F9oFbAtCQ%2BKFFaJIib0eG3tPrKjD3vFxZqPiBAShlMzT8EGfsKFwr8VBfGnHHrc8RiaKxc3Ujl5v1hnvUw8UtPsHvtEL1zHUxTF1ZqDXhix%2Bx2S%2FNeaidLsYMuOo5kDuleYLEbQCXF9Eugn2%2BNgFixUgooDpmqYChULp9zmGiM0P9BKfYc%2FMlfeyplVcbxxVmwRtSw%2BKCpO3R%2BeFX%2FgpKHy4EA%3D%3D%7Ctkp%3ABk9SR9io46WZZw
Pink Floyd T Shirt Wish you were Here Circle Icons new Official Mens Black,,£15.95,Free delivery,5 Feb 2026,30,Brand new,https://www.ebay.co.uk/itm/177759832392?_skw=new+rock+boots&itmmeta=01KK55RTGNXBSRJ7G4CA46FYRS&hash=item29634fc948:g:B3cAAeSwHCdpYQ6N&itmprp=enc%3AAQALAAAA8GfYFPkwiKCW4ZNSs2u11xB9hWj0PI1SXFcd5wuolQGgDo5rsOeTeYEnugS%2BocDgP6JGWveRah5YIeKHvC3lu8aMyQtQqBTkkLbKFlXA9JHyB7m%2FkenPoD5GisbgBIEqiS8wU1h9Buuvu%2B3GPMA7eUXhT7iKJU%2BLdowI1oN8Mv79phL3MzP6loex6Ai2Fu8msO9eIrlYgeEF1D4rICpG1DEODFhv3x8fMSTkNkQHdlEsFnp4Yk8Ccx8CT0ixBvWzQ2hbreWUGvukj%2BrugEWKPqntLkj0WMzLTOzJePu2DLONu%2B1jlInnPlJCwjieoSK9UA%3D%3D%7Ctkp%3ABk9SR9io46WZZw
Motorhead England Fire Logo Backpack One Size,,£29.95,Free delivery,1 Feb 2026,34,Brand new,https://www.ebay.co.uk/itm/406575970459?_skw=new+rock+boots&epid=11073687146&itmmeta=01KK55RTGNG2MPFM7PX25JX6ZT&hash=item5ea9d0f89b:g:DnIAAeSwy3xpqaXV&itmprp=enc%3AAQALAAAA0GfYFPkwiKCW4ZNSs2u11xDGBE9rqVNctTXbMJf8z5Pirv4XF4V4ZXm4zMST4RjBUPnPJMQkBlb44JAsa1W2P7NZZh2GnUs%2BDxPyuDD7nF8312FaMzsUyDBDVrxBZbNXVIlAOyxwZgYyPfSQwfe7uKWCr99Qd%2BT1kaDyoIx32cRZlxQUtAnbErAHwvgwgJYGL4zeWTs21u5XCNzXWjOxH0EE%2FhIsBc%2Bn03ZQQTAef8CRHrT08%2BcKByydV9B35bQdjHwoHI2zxAmIcAJ0p2RIaSk%3D%7Ctkp%3ABk9SR9io46WZZw
Bruce Springsteen River 2016 T Shirt,,£15.95,Free delivery,2 Feb 2026,33,Brand new,https://www.ebay.co.uk/itm/198014993849?_skw=new+rock+boots&itmmeta=01KK55RTGNY3T7K3K8053DHE72&hash=item2e1a9d05b9:g:yogAAeSwqgJpYSQf&itmprp=enc%3AAQALAAAA8GfYFPkwiKCW4ZNSs2u11xCDQBhB8vaSmhyMF6aF%2Fx8u%2FlhlSdAqh4OhD7IcCoDYObVzgUpRSzE1TFpidKMOhBWVCTPIPq9UgQAPbVyFkA39aFrbJsmCs%2FKI4j5c77L0pvRVksEAhdiosmfewp7aW3H3bzxyBGcZM8NHjJQ%2FiI0ERWb8btSYbPpBBjq0I9MeyUbEL%2BCzSdREYxH7xTYGUG93isy4IXNg630p6i3ZQKchMmvXTxJa3zIzTfxjdLjBhoq5wXFtdS7PW%2BLGNm4Q0i9n31NsEFVUpvNccySPnfOE2PTKE8HWdj0pcj988FNeOw%3D%3D%7Ctkp%3ABk9SR9io46WZZw
Mastodon T Shirt Emperor of Sand Band Logo Official Mens New Black,,£15.95,Free delivery,23 Jan 2026,43,Brand new,https://www.ebay.co.uk/itm/406575549020?_skw=new+rock+boots&epid=855790172&itmmeta=01KK55RTGN3Z17XC35Z4SM66XM&hash=item5ea9ca8a5c:g:J5AAAeSw0y9pqadD&itmprp=enc%3AAQALAAAA0GfYFPkwiKCW4ZNSs2u11xCCuCZit%2FfnHGbTmKDzllHTY9a0BRu8aSSGxzz%2Bae5v%2F4jL%2FbZ9RwLwCfPJCbKeooebMYTyGrp6WUR29RfrduhwYKMsw2Fx33agNOcxPypBVGoUlxejRxgkG8EMYczce%2BVTmvS6c7X%2FVABphgs86RXE6%2Bv7bldsMOYhIyIADtSFKPYfcqWQYWLOJ3uY%2F04IaMFjKMC5cCZeDwb5w0P%2BURfY3RnqQRkCyC%2F5AnrD7y%2F7gdGTeQkG2SxpYqXCDmBnUG0%3D%7Ctkp%3ABk9SR9io46WZZw
KISS Band Logo Sparkle T Shirt,,£16.95,Free delivery,2 Feb 2026,33,Brand new,https://www.ebay.co.uk/itm/406576138806?_skw=new+rock+boots&itmmeta=01KK55RTGN0HNJ6HJQE706S1JT&hash=item5ea9d38a36:g:5WMAAeSwZAFpqab-&itmprp=enc%3AAQALAAAA0GfYFPkwiKCW4ZNSs2u11xBHzhJZFKqPZMmvvxBZ4yCbklV%2BhwkWxSbG1Y5Nvcn7ti0DTelhKsWrzXfHMhHXanYUxLlLHD1UJVEQobpTZfEG0%2Bign8vwegO3Idb3JksFmgZyyTSxsnkly3s6WeVG%2BZ4m4ezOxjKNywGj%2F1JBXmvcbFxao7PwHXNpZC5XhOXbRTqXTWKDTLG3SiWTE733J3nKKf%2BTIqO5oznW%2BxBuBC6N7bHBaENBc9vcQA4%2BuyBtilwlNV1140WlzGvHacoLXGg%3D%7Ctkp%3ABk9SR9io46WZZw
Sublime T Shirt Yellow Sun Band Logo new Official Mens Charcoal Grey,,£16.95,Free delivery,27 Jan 2026,39,Brand new,https://www.ebay.co.uk/itm/177759832250?_skw=new+rock+boots&itmmeta=01KK55RTGN6Q2E2N2323ABD1D9&hash=item29634fc8ba:g:foIAAeSwUotpqavA&itmprp=enc%3AAQALAAAA0GfYFPkwiKCW4ZNSs2u11xCZgUfER3eXyVBSNGCEK4ZlAqxwWvkVs2GspJ9ED90HdCsFviN4GCoxE68LRWJY57NKbr4AWgjo%2FB8W2U28WeexJe9YsNePkXL%2B2lwVS5E7Y9pRCjuPc8jGJkFJAvk8zTiudk3muURp%2FlKCBnNPWIwZHocTSjiNrJXWES6kUvVi6hJaTeGCotdTJ%2FL07%2FRVKpdI%2FGSjzGfBO1CCbhoLoFoMMepQi2VdKh2bEdlut%2BSfdXY6Ly1WEqcK%2BmvgVyuo6Tw%3D%7Ctkp%3ABk9SR9io46WZZw
Queens Of The Stone Age Floral Chains Pullover Hoodie,,£32.95,Free delivery,3 Feb 2026,32,Brand new,https://www.ebay.co.uk/itm/406575891440?_skw=new+rock+boots&itmmeta=01KK55RTGN6JJ97Z1X8678NW4M&hash=item5ea9cfc3f0:g:RJoAAeSwSEVpqaj2&itmprp=enc%3AAQALAAAA0GfYFPkwiKCW4ZNSs2u11xC%2Fi0LDNl7VNEkaCyTogjg2ubd7z7cZskIMKl1kiJffZgahzlWcsi1Pvdy2%2BnudR0%2FK%2BkyzLZm68suCsERcdOVDIo41yPYrNCBi8P02MThaw4XobDTYjHDs443nTLgt0RRhqKRGc5JCAMkY%2FsNUGwba0wzZPXShV%2FXBah4%2BL89xmb%2BObDzjNUSJj%2BRynTik0rrSoEPnKFomAI0fAB%2Ft9Tj3Ts9AFt9rgT16yuZ7NlAIeAHEsU56RfEnpGq8F8ygOLU%3D%7Ctkp%3ABk9SR9io46WZZw
Genesis The Way We Walk T Shirt,,£15.95,Free delivery,2 Feb 2026,33,Brand new,https://www.ebay.co.uk/itm/177760129697?_skw=new+rock+boots&itmmeta=01KK55RTGNAMWSYE966TZJ3VGA&hash=item29635452a1:g:w4IAAeSw-eRpYSVQ&itmprp=enc%3AAQALAAAA0GfYFPkwiKCW4ZNSs2u11xD6kU%2B8RqZ80Vh1qeR9ixizqm%2FPaIB1TpzoYpDLJ7IUgof8Y982y8SwY1F%2Flbut9tQ0RG5mX69zXqWvHIRCrOpIKeAzUZ28kvZli76OGSU%2BhUxDzkfN9vIz60BXIP1SC2S2K%2Fe6F0SEFOYFd16%2BYxRfmK5o0090EEzKiBSWzTC0vHmRG77Pca12r%2BSmUpzashTSPM1fdEIarN6XqupIcEEz4f%2FSAknMCHUL4evXsxZPi54ZSa9TRiMk8Y0i2etAmfA%3D%7Ctkp%3ABk9SR9io46WZZw
War Low Rider Band Logo Layered Long Sleeve T Shirt,,£24.95,Free delivery,5 Feb 2026,30,Brand new,https://www.ebay.co.uk/itm/406576131155?_skw=new+rock+boots&itmmeta=01KK55RTGNNS80Q18AAPPCVBRG&hash=item5ea9d36c53:g:jDwAAeSwFENpqa1X&itmprp=enc%3AAQALAAAA8GfYFPkwiKCW4ZNSs2u11xAtbZgXIYvQrIDOvm0gMOa0Hxu0WvEBFeiheTKPajU%2FfAP4Ll2%2BRt4yLPBYxWKzfzSWORcLKp%2FYWsYVPBU82WpblsMEZ2j%2BCyqRTcT17XNtIzepKg8JJTbVHTWmwOe0i0loHH7KfdCfd8v169Yo%2FdIHQ8I1Nrlhc%2FA0FdT71By6JSzo4VrGCgGcieNe2gsgqd6ZLtGC1qho9OzfG67vaBe%2BffRSk3k02AwjzP0D1jf96dRtSYq1tIF89pwiDemwZj1ufnen%2BHcYwHgiYigTmONkvOMWFK6iYQqDzzcdTtCdCg%3D%3D%7Ctkp%3ABk9SR9io46WZZw
Queen Wembley Stadium Magenta Logo Crop Top,,£17.95,Free delivery,30 Jan 2026,36,Brand new,https://www.ebay.co.uk/itm/406576119812?_skw=new+rock+boots&itmmeta=01KK55RTGNVRFNPAVARDH3MV84&hash=item5ea9d34004:g:YVMAAeSwBDppqamE&itmprp=enc%3AAQALAAAA0GfYFPkwiKCW4ZNSs2u11xAxGlu5PQxV4H%2FLgNGMZGE3aAJtDCv4FlV2jFuRkHSGuzNQI5jPHQqOrhQbSgB12qtaMYOMMA6i6DyP%2BLQG3Imq50XzeWad0BA%2BzNziwJMZuJITVbozdKqVuw3fZNqlka79mya5Tvetu7HbfSMxeaD4N99%2BOmP%2BZTrCz84p2iyRT2QKyYLfDItcAT8BgVMDJAQ8PoGf8ZeLj7UFnOI%2Bq5B0JsRObvHrYlKOJe0mS4i520zcl7zYmhugeZ%2BIHEd2bZg%3D%7Ctkp%3ABk9SR9io46WZZw
The Sex Pistols NBTB Distressed T Shirt,,£15.95,Free delivery,25 Jan 2026,41,Brand new,https://www.ebay.co.uk/itm/177760129554?_skw=new+rock+boots&itmmeta=01KK55RTGN4CYKKRCSGHC7BCQE&hash=item2963545212:g:LTUAAeSwPE5pYSVS&itmprp=enc%3AAQALAAAA8GfYFPkwiKCW4ZNSs2u11xCRSSjwa%2FEsAiv9GumEcTrzyzdxYRFVChQVW7fciUsHhj6nNMbhrBfPhmb3pwcKghJizxXbHbNJ85amVTvXwmf0dhFJ7y7kwEBcPWUb926XM2EIL%2B5GgZD1AzCELfNmnZd2PWkAsXgRcxPK1%2FVjtVLmygYnjLDyiqCkEhQ4tvZ3HHv8PVBSkiYDEbmHrG1tMDSpixlChXHZeWaYmRoghwgEE8UJaFjGSP4R2C9S%2Bybx3cOPtltJ4o%2Bl20VKFeTqPqx6WqjIIQUc%2BY2fprjilSw5TrjQWBomkW2FawQ2sSBXxQ%3D%3D%7Ctkp%3ABk9SR9io46WZZw
Ramones Gold Seal Logo T Shirt,,£16.95,Free delivery,4 Feb 2026,31,Brand new,https://www.ebay.co.uk/itm/406575869887?_skw=new+rock+boots&epid=22067968629&itmmeta=01KK55RTGN6B87WRVYB8VX1KQJ&hash=item5ea9cf6fbf:g:SasAAeSw0e5pqay6&itmprp=enc%3AAQALAAAA8GfYFPkwiKCW4ZNSs2u11xBuD2bO4gdBmYCPv6c%2Bpzlc22HVDiDhJXVHNh%2FGy%2BN2ElxOMLngvtzPPJ5CE94epl8yr34eb9sMVH44972G3c81dtwZ%2B4j%2FSUAhTjesA%2Fz9R1Dm8thorXj5xZ8N3CO3dejNJ4yNBLRXwzplQ%2BR8uO0KTXpZzU8g0%2FgnnLIQniJuRcy4V%2FWWrcEhIO95LvltPEoDqzFAmUnhl8df3gmLgdrTube83MU4t%2BPXKmUfvA%2BVxYHo5QtLTwBPKoNdxzUtoerQxEaEXybPQM%2Btbny50r8giNPStEUCv%2BRBZdsC8HpUWg%3D%3D%7Ctkp%3ABk9SR9io46WZZw
Bad Company T Shirt Straight Shooter Roundel Band Logo new Official Mens Black,,£15.95,Free delivery,29 Jan 2026,37,Brand new,https://www.ebay.co.uk/itm/177759801714?_skw=new+rock+boots&itmmeta=01KK55RTGN2BC2NX7M96QV11TC&hash=item29634f5172:g:5hEAAeSwMENpqaP6&itmprp=enc%3AAQALAAAA0GfYFPkwiKCW4ZNSs2u11xDm%2B6deiLnVSWBXjv7a6LAN3Aixw%2BFbTj7X%2FH5XuXR5cTkco1HM1zyD5jYS3amPHbNh2zE%2FvvUdrRBIVRK38fZbBrFOnOouYsvnzfTENluD9RSiMKGTwLha5JS7MhDP8F3X2CtXbbDN052%2BwSDqeXfbc3vtPpCcvfHoY%2B%2BMHshae%2Bw1IX21Vi%2FWjnX2ztrC01QVRsRVHbamFfyjV2KPFZqAntBeHijURWBvRFmj7KSECJoLzCi6MqsDDOqpNlLSlCk%3D%7Ctkp%3ABk9SR9io46WZZw
Iron Maiden Final Frontier T Shirt,,£16.95,Free delivery,14 Jan 2026,52,Brand new,https://www.ebay.co.uk/itm/177760169658?_skw=new+rock+boots&itmmeta=01KK55RTGNB3AQ5DN2YN9G9TSP&hash=item296354eeba:g:tFkAAeSw-M9pYSmZ&itmprp=enc%3AAQALAAAA0GfYFPkwiKCW4ZNSs2u11xB3OPtHN8WCnHAwOGDXK6XJSBJ%2BlUkPABQZ%2Bh7ABfl%2BSk7GpZQGwjxyafy2fuuSJS0OhC%2BNXI9SGTsTWP2JeLIiYqZ2KzcQuZ7LNdjqVOf16gb3lZvowoH0UkNh62I8%2FVFuKeI8TBM0698z2PyjSd%2BYtt88esRuQ0nOAEbzv%2BJClvspsvqX6%2FGUJejloIKkzetAvqjvgVschM2Ardw7BuUS3sAjxJt5VcRNyDZAL9uIr4XRbSoT3fui1aa6pLbZYdY%3D%7Ctkp%3ABk9SR9io46WZZw
The Beatles Abbey Road Crossing Ankle Socks One Size,,£8.95,Free delivery,22 Jan 2026,44,Brand new,https://www.ebay.co.uk/itm/198015094119?_skw=new+rock+boots&itmmeta=01KK55RTGNYHX5ZV452SCEN47M&hash=item2e1a9e8d67:g:3KYAAeSwG55pqaRU&itmprp=enc%3AAQALAAAA8GfYFPkwiKCW4ZNSs2u11xDDCbPgjb8DC16F6E0oWFbCTEJR4t8yRvd299ks8lg0e5vGdURv%2FHEpwZ0GEJip%2F7U9PU%2B%2FKxQWR%2FUIC%2Fq4Q9XbhVNfmxaG7ymyRwIC3D0lR9s5Ld2xub61is4lqd4E0EV5BAVkRHDM%2F093ulIx2RalmLnkxc0e3%2FQRj6niGzuIdynLjprA%2BVf8O4s6QkOhyyLgppqGahvPNqjSNkMbluY9%2B2CTh0hI4zrfsTsnFDi2sSgmNt6l7zIdfZGLsIlcl6DwYVXRfn4xIrXF45JCT%2Bhy2onhV8%2BS6i36F27kDnEkxw%3D%3D%7Ctkp%3ABk9SR9io46WZZw
David Bowie T Shirt Live New York City Madison Square Garden Official Black,City,£16.95,Free delivery,2 Feb 2026,33,Brand new,https://www.ebay.co.uk/itm/177759801614?_skw=new+rock+boots&epid=18046976726&itmmeta=01KK55RTGN6K67J9VB01K67V2P&hash=item29634f510e:g:EfcAAeSwv6JpqaUW&itmprp=enc%3AAQALAAAA8GfYFPkwiKCW4ZNSs2u11xDmdBHeY50hoHue7eTJmD0B7Spb06z5xwpNUFVD6lbucUEiU9T6%2F0P1oAnAz08VcOkYyKTW1TTbt7AB33bvyxRNhmEQUHC7WAjjHbRY7TWiIwBJ8eZvUNQUZtYgQj6GipivzgoA%2FfZI7avRNu%2Bjuz13W%2FIvNKb4QBqFbiQruVCEPCykbybIyZJFMzyfYn7wfvub9DNsJZ9y9c%2B4h4twutUJaST5wxs5l3cdVufZCZ%2FvZ%2FWmpI7WBOgM6cKIyTo1Nt4ovPZr6oLcDhnkepkOOS68B6atyuSLbGf7lFeiAbL%2FhA%3D%3D%7Ctkp%3ABk9SR9io46WZZw
Foo Fighters 100% Organic T Shirt,,£15.95,Free delivery,22 Jan 2026,44,Brand new,https://www.ebay.co.uk/itm/406576009446?_skw=new+rock+boots&itmmeta=01KK55RTGNYV36FMQP1GHBZV5K&hash=item5ea9d190e6:g:m6wAAeSwknRpYSZz&itmprp=enc%3AAQALAAAA8GfYFPkwiKCW4ZNSs2u11xARY8lfU%2Fm8vd3G7CZlbOiukT%2F0U9dNuH6BDlQkc699%2BK1xziDZrbtFYkai9CUdVlXbk5vcU9Wfg9lOz10ibvqKdkTfj4%2FsMzYRgCuTMDDMSDkejXoYBXZd0CFOmZVwgxr6g70lMxvb9%2FFvMUCs%2BoaJ2oUbWENPpiPYwYjhtiRGeP4ipzs7om5%2FPD0maCRJynUz4nGqgZF14qDpBUfJdhiiLsDf5i%2FDJneDI%2B2YjOZTscePJtHnXpOY7aUBMgxtWcU63pP6dLOLdAEyNpnuXLvG23rrLykbwamFoCoUPyfkCQ%3D%3D%7Ctkp%3ABk9SR9io46WZZw
Behemoth Opus Contra Natvram Bandana One Size,,£12.95,Free delivery,4 Feb 2026,31,Brand new,https://www.ebay.co.uk/itm/198014966407?_skw=new+rock+boots&itmmeta=01KK55RTGNQD4D1QF3XBDDQGFB&hash=item2e1a9c9a87:g:CyoAAeSwXVZpqaQg&itmprp=enc%3AAQALAAAA8GfYFPkwiKCW4ZNSs2u11xByXuzAu%2BO1mYymFa4rMpNmSsiTRr%2BoJnX5qnEDjruht8ijDomZ487A3nBfrfCBxwa5FNxzeG8Cy%2BwOGxq18PPVEvQovlDa%2FHyMGFtlxz5gfYRDdelZJyruXxKCRmazn1VvUcrIdaILTwFQUgy6XKadFElMc3Kxs0YfPgpE%2FrKvWIYtV93cuQsfwpT%2BhxqgSSC4O2Ba4zUZXzxF7dCtKU0K4ynKSKbjjuof1BPP4VPgyIHfMhP07L8i43v7VIZfJYTViF2aLsBV9bPtuj4fn3k66vGUNhV83oz8H0krdVN7hA%3D%3D%7Ctkp%3ABk9SR9io46WZZw
Emperor In The Nightside Eclipse 2011 Official Mens New Black Zipped Hoodie,,£49.95,Free delivery,26 Jan 2026,40,Brand new,https://www.ebay.co.uk/itm/198014735917?_skw=new+rock+boots&itmmeta=01KK55RTGNF0VN4TF5YMZNZRMS&hash=item2e1a99162d:g:s3wAAeSwXr5pYQIn&itmprp=enc%3AAQALAAAA8GfYFPkwiKCW4ZNSs2u11xBVRDNQG%2FpzsOWHiSQDhcrlUj%2BnOs7RrH6sEATvfz%2Ba5xZY8fz8BNBIZlwqbWHb2NikNKQP%2BNexdOV2q0eHo0egyQy6AqRtqmiBsD4JB31cvmv4mDFIblXixMlRsk1QcNC7dsVNFf147DO9O8pQrx%2BPFGZ94OeuGZnJvwZJaGw8UoWkXyao%2F7zSv--wk03baWCB9o0DVWnla%2F33IyUQhUKxeDMqRl%2BMdjNOl3U0EKg%2B9ZLUm4oNKCh0JZhNaom%2F4zUeOiUwr3rUy3hAQrDEAzu9ArTLGGk95XUcOfRcHgldWg%3D%3D%7Ctkp%3ABk9SR9io46WZZw
Blink-182 Hoodie Roger Rabbit Band Logo new Official Unisex Navy Blue Pullover,,£32.95,Free delivery,26 Jan 2026,40,Brand new,https://www.ebay.co.uk/itm/406575834842?_skw=new+rock+boots&itmmeta=01KK55RTGNMNEVPWXXN5C5CTH4&hash=item5ea9cee6da:g:39QAAeSwCONpqaSL&itmprp=enc%3AAQALAAAA0GfYFPkwiKCW4ZNSs2u11xCKcvoN2Odq%2FdmSlIfj0YunFWlW--LBSirS1DA9WKvXaeDs2MrFXdaXWlXmLN20sjLMyl3HLGZKJsFi0izhIWbPNTwc0Q88ALA6XYHK9KllMeja1655NfWpaLVWFZHT%2FCykGQcrfAq4X7teVkGYnNxtZVBnkVRu9iFsg4nWSM9rheTa6oHEx%2BoYl95gy5DoQEl2OLyV8%2BlNQC9EIuy9B7bGz3y%2FD%2F4mfu%2FauFg5yvn16nhiYhw8N98VkB%2BdP0T4qUk%3D%7Ctkp%3ABk9SR9io46WZZw
Black Sabbath The End Keyring Keychain Size One Size,,£6.40,+£8.95 delivery,27 Jan 2026,39,Brand new,https://www.ebay.co.uk/itm/177758292478?_skw=new+rock+boots&itmmeta=01KK55RTGN31P43D1N7N4GEF4R&hash=item29633849fe:g:2zIAAeSwkixpqWB2&itmprp=enc%3AAQALAAAA0GfYFPkwiKCW4ZNSs2u11xCUfY5Ys3vCjKHADo6hTRP10ZpXyUf7dI66eIMDsM4wH7AIj3beErGvBOENkYK2UKb6RUCS1YkhV1wo%2BEdxamJ6qAkP7WT7ZuLevkaUgA%2FZ8YScB61TZeMZXmaSK%2Fibaf0fFhc0gwTKxA0OJgTEOOSIhsUBGSgoy6HmKJp9WJER9cFneMNdNBtiD%2B3HIoRQ4%2Bg4YqMNlPnOJuNrmHNceiMFMADUCRVRLG7vAtMLAUeIVaL2LEnEfqBZP%2FCNdGYsvQo%3D%7Ctkp%3ABk9SR9io46WZZw
Official Mens Bathory Goat pentagram Band logo new Black Pullover Hoodie,,£46.95,Free delivery,1 Feb 2026,34,Brand new,https://www.ebay.co.uk/itm/198014735667?_skw=new+rock+boots&itmmeta=01KK55RTGNC6AQRJJKMFGRBWND&hash=item2e1a991533:g:RooAAeSwxvppYQIT&itmprp=enc%3AAQALAAAA8GfYFPkwiKCW4ZNSs2u11xABZ%2FUFG1yyxIttkBtivE3VC73f%2Bn6ddRI7YBzLn%2FuSPeWr%2BV8n3ykjtTreZAeFxt5L656I0AEILJZmaeRLc81NYzYXJKU2Gf48hjiqVFVTxRoZ%2F3k%2FWVqOq4eukjnIQs2cxpQ%2FZkmpyUgtUpfV3GQQA4T66oWVYhtfsStHwhCi36IP%2Fmt47ybsJJ4hSkbDVUzDSGZP55HKJ1YNWaPsgAfvMaJmr%2Fx08IgHtKbZ%2BJdVZ4TBsw%2BCeir4JdfiqjjHd9WCR9sbiMfwV4aW7CuCkfqOeaRwSUMzZPfZCbBF0wJR2g%3D%3D%7Ctkp%3ABk9SR9io46WZZw
Whitesnake Graffiti Band Logo T Shirt,,£16.95,Free delivery,4 Feb 2026,31,Brand new,https://www.ebay.co.uk/itm/198014930755?_skw=new+rock+boots&itmmeta=01KK55RTGN596WB4CYY5TKYW59&hash=item2e1a9c0f43:g:VRcAAeSwGSRpqaxv&itmprp=enc%3AAQALAAAA0GfYFPkwiKCW4ZNSs2u11xBZ9wL8%2FEHBsrYo99LpzNyfuGWn9gBjdf%2F1NOdVI5K8oaUtCP9fKYUadiUymVpAKN6Du7o6pj%2BvsyQ1ZarFNapZn%2BE1KxEeOBjDAjgzc%2FjYGumHsNu02pbCcXjdUJ%2Bi802ujdOE82SYSC%2B3zOPIy94E%2B9KP5URA0j63MzpStx7eYF21UCg3vx3b3xYU8yQqQFW2NLL6%2BKMrGWkUFXMF4U8QE6Znyc2R2quztt6NJeo9BKbXGZO9BP80NqhQhAPxAWc%3D%7Ctkp%3ABk9SR9io46WZZw
The Sex Pistols NMTB Band Logo Bifold Wallet One Size,,£17.95,Free delivery,29 Jan 2026,37,Brand new,https://www.ebay.co.uk/itm/177760261575?_skw=new+rock+boots&itmmeta=01KK55RTGNZHEFCFN8Z4N0EWDF&hash=item29635655c7:g:~z0AAeSw5nxpqagY&itmprp=enc%3AAQALAAAA0GfYFPkwiKCW4ZNSs2u11xDhhEVrMrjSsLnFi0TwLjCEZPALyJ8wvjcsfXTaNpmhSN9yihDBsB1T5emhbuu%2BQgHKSBa%2BLNyXqtx3HrBxuU44dx2KSrlze50yBoCjFVHPMwxuWZ0nfqfmTlEyZq%2F4aRbHJzOupkzRZupbbEkmj7T5jmHgnKfY1gDqC0QeH3YZGb9gyPlfC1b4Nkxfd44K6FpZ7Kz3joPrpLSLVZ5A8Od7cTwL67XOH4tdgCKRy%2FNY3OMmVzqwAEj0kRsh66t6WZo%3D%7Ctkp%3ABk9SR9io46WZZw
Korn Band Logo Ringer T Shirt,,£16.95,Free delivery,27 Jan 2026,39,Brand new,https://www.ebay.co.uk/itm/198014930750?_skw=new+rock+boots&itmmeta=01KK55RTGNTB601C7V6C7NPEET&hash=item2e1a9c0f3e:g:IcoAAeSwURJpqaa9&itmprp=enc%3AAQALAAAA8GfYFPkwiKCW4ZNSs2u11xAhUnDVJ8%2FEpIdgE8wOU52gxDTl6hyYyd4P4Y3Li4hMijj0Bbwb%2Fj4ACfEraoPQsmb7zfYYjsb7nMYlmvGblscM9aSs4Bf2s7zxnqnCCW%2FySM76Jfqi5JoVdgFN9cCE6ELxs9H7yGiqUC6rpVNRBOAcrcMcbdxrD%2B%2FMGdfk4gmZuxIBpgj2H7VPp01Q2llpZ5LfbJGd6BFsUAmQXHHb5J9w58t%2FbUrCslg%2FO0cvAUmKiFadQpdIs4zqAGuYuysgwhijI%2F6FW8Z9ojGsPIuPBrktTye5%2FaDumZ5HYvyyH7jDCg%3D%3D%7Ctkp%3ABk9SR9io46WZZw
The Beach Boys Summer Tour '86 T Shirt,,£16.95,Free delivery,30 Jan 2026,36,Brand new,https://www.ebay.co.uk/itm/177760258972?_skw=new+rock+boots&itmmeta=01KK55RTGPX908W6T31PEKMK65&hash=item2963564b9c:g:KbEAAeSwsrNpqaRd&itmprp=enc%3AAQALAAAA8GfYFPkwiKCW4ZNSs2u11xDO%2BWD8UIWYZRVsQnRY%2F3wlk6JOXAmPND%2BdRSHWOW7REqH52ZjbiBd2uafHXu5lHzeb7xHBJfASYGnWzPdKltIfoeGJJBDVO7CsDsE4wg%2BwE%2FgV5act3vVkTWGLuHD26%2BHDPQzBviuPhrFFF%2FmCY%2FXv1hBE381JI9X6N3Fjc4Nt0fSurq1pNPocERv%2FcFJSnqxPsXceSgLaaHy4yQ1x0lrd4yi09UHQeMcYlZ5axT7YBOeQ259Ml4Iy2iDxu54KoGfhjvi6rRn0cKYYQV20pf%2B1eelQQRHw4YFmXAxRvS05OQ%3D%3D%7Ctkp%3ABk9SR9io46WZZw
Pink Floyd Animals Album T Shirt,,£16.95,Free delivery,28 Jan 2026,38,Brand new,https://www.ebay.co.uk/itm/198015018191?_skw=new+rock+boots&itmmeta=01KK55RTGPPE65QNE5TKPWJ8AD&hash=item2e1a9d64cf:g:09gAAeSwb39pYSZ3&itmprp=enc%3AAQALAAAA8GfYFPkwiKCW4ZNSs2u11xCvTlAQciocD5mMSE3gTWQW3SRvLij3E9P7x1%2Flr3JV3pejBU%2FWJu2T8yLxde7As2hPcsP2N4INNr%2BgB%2BTZu42fQCvgSOXO41i8TyQrCrwVY6k4g4cZaUL1abmpwIu2WS3Q605uDf3ODSwM3DD9jQdu1COLp7KVawOU9fnCjdBERaJL8h%2B9KXUOotS7b%2B%2BSHAnYN1qKMp8fv2784bwfU09lbZtOcOp3tdN2tobsIepY%2Fppw%2F7bo%2BCjf%2FrXDrpjinVnTP5WDX1Y3EHjONy%2FZhezxfZ%2Fza8l8EzqVqzeT76WDLw%3D%3D%7Ctkp%3ABk9SR9io46WZZw
Lamb Of God Beanie Hat Band Logo Legion new Official Black One Size,,£13.95,Free delivery,25 Jan 2026,41,Brand new,https://www.ebay.co.uk/itm/177759760343?_skw=new+rock+boots&epid=27029777515&itmmeta=01KK55RTGP50JFZ21HHX0N926J&hash=item29634eafd7:g:GAIAAeSwLfppqaaG&itmprp=enc%3AAQALAAAA8GfYFPkwiKCW4ZNSs2u11xB2xXVjKtOnH%2Bqk%2FMGQYu7hIJURHB54kTVS6kHJyWo0SRKgN6V0zTaEqiTxnWZNIBCxVYZSj5uH3kIQEmZDzvaehG%2B%2BtOJZ5SC9znbiFR2RelhVvKa4wqDGB%2F5gNOmB5edei1KBDyrDLPxY%2BjEd0Gd5M6I1S1clUP5HEmJyXfHvLevJgyaLdtVf56gsl2G3Ejtte9CiSy5wE2Tir474i%2FBjNTlnrU9jxR5Acbt97FkVLM65dObQWDMB2BsKAu4T%2Fv66bYEnvIoD9m5PvhyGMBCA7XkD6jZ0CmRZ%2F5o7Ue%2FOUg%3D%3D%7Ctkp%3ABk9SR9io46WZZw
Black Sabbath Vol 4 Ringer T Shirt,,£16.95,Free delivery,3 Feb 2026,32,Brand new,https://www.ebay.co.uk/itm/177760239948?_skw=new+rock+boots&itmmeta=01KK55RTGPW2BQK43YA0WBTWEG&hash=item296356014c:g:6dkAAeSwbc9pqaTd&itmprp=enc%3AAQALAAAA0GfYFPkwiKCW4ZNSs2u11xBQPeO6ixkeHo3q3MS8fw1Y8cXk160VwRcNeTWrC5zQkKfz1LqmKNex6EIQZaA2nVV6dh%2FG2rEX5NhAJ7kvbe07Pqf4eZqu%2FcLig0l3w73UIivS8Uo1%2Fez4q%2FnDvQF1Fs6O%2BTkuBY7yanhpti00%2Fo4NBEHo0KbXKCduUUGr5qTrdHwFHEjX68%2FpUXD%2FXTU9Tj7jRhDeVAlcpx0CLVdTJnT2F6Qd9MJwiQnvG%2BLOShMPpYCL%2FYj8B9HuntVR716N8kY%3D%7Ctkp%3ABk9SR9io46WZZw
Iron Maiden T Shirt Eddie Band Logo new Official Mens Black,,£15.95,Free delivery,24 Jan 2026,42,Brand new,https://www.ebay.co.uk/itm/406575717182?_skw=new+rock+boots&itmmeta=01KK55RTGPYGZG0A8TZ94VM0Y6&hash=item5ea9cd1b3e:g:BLoAAeSwRI9pYQ7S&itmprp=enc%3AAQALAAAA0GfYFPkwiKCW4ZNSs2u11xAjArKyanP1QRmtPKt098aHNUhBhA5wJLC%2F1LEe1svoGKTBEIJBG5%2FvCsYHKDjWIlA9MMmg5SiVezei6TkVwAZ1SpZ1NVPYmuh73y5vKreDT2Ur4rO4%2Br5A6KXpnTcjMdgXjo3iLyONu8m672aXPqrKEaWtUxtxBleH300I%2BSVdHDSMY3vrxnJvZgP%2FxX8GlakyyIS30k3AmDCGqn4V2388rvO%2Fb%2FAQG9FNzoQPHhePDogLl8VLVWZBtPPhcxEkhx4%3D%7Ctkp%3ABk9SR9qo46WZZw
Shop on eBay,,$20.00,,,,Brand New,https://ebay.com/itm/123456?itmmeta=012DEW30YG0MEEKND7NH&hash=item123546:g:acwAA9KNiJowH:sc:ShippingMethodStandard!95008!US!-1&itmprp=enc%3AbgepL1tlUHjMGCVfSTGJh%2BzsVKeJ3CQk7NizDI4BZeppuFnmyS6Ijyp8lh%2FnEw%2BWqO7uTV1Q6izE1R0T54aV8j71F4xlWfVcGft4%2FiOQhtqVXA1rW6M1atPARQRmhqUxtEPJKhKtSFgI%2Bvwlzb0GwVCtkp%3ABlBMUObkmabpYw
Shop on eBay,,$20.00,,,,Brand New,https://ebay.com/itm/123456?itmmeta=012DEW30YG0MEEKND7NH&hash=item123546:g:acwAA9KNiJowH:sc:ShippingMethodStandard!95008!US!-1&itmprp=enc%3AbgepL1tlUHjMGCVfSTGJh%2BzsVKeJ3CQk7NizDI4BZeppuFnmyS6Ijyp8lh%2FnEw%2BWqO7uTV1Q6izE1R0T54aV8j71F4xlWfVcGft4%2FiOQhtqVXA1rW6M1atPARQRmhqUxtEPJKhKtSFgI%2Bvwlzb0GwVCtkp%3ABlBMUObkmabpYw
The Rolling Stones Classic UK T Shirt,,£16.95,Free delivery,26 Jan 2026,40,Brand new,https://www.ebay.co.uk/itm/406576034680?_skw=new+rock+boots&itmmeta=01KK55S0DS0ATXKTYA8P1ZFKGZ&hash=item5ea9d1f378:g:9QwAAeSwWP1pYSrJ&itmprp=enc%3AAQALAAAA0GfYFPkwiKCW4ZNSs2u11xAAJvIWjEtA0ozSjw33Y8pT%2BLtygWOLZU7KqkHaBBM4pTyxD%2BnQnNgueRmslXpxY6ARkKNdWH%2BtnKWDhbZTey7ZZ8UQ0rU1mTmXsfVn5pEUqICUFjsoujFIpPMo688g%2F1Q6j%2BCYCm%2F8ARMj9ZAejcCOR9XR2v8qvMZEwnV0eWNoGqgsMeDy70qffzaEr7f7saBkzDt4Tsz0uDygejehy3dABj%2B1UeeF2ezeevK8dWQgQNMIHXznzsPXrC2KbVZTUoY%3D%7Ctkp%3ABk9SR_qH5KWZZw
Rage Against The Machine T Shirt Big E Band Logo new Official Unisex Red,,£18.95,Free delivery,29 Jan 2026,37,Brand new,https://www.ebay.co.uk/itm/198014892900?_skw=new+rock+boots&epid=18062031334&itmmeta=01KK55S0DSMADN6G6STFZSSV60&hash=item2e1a9b7b64:g:IxQAAeSwtqRpqavf&itmprp=enc%3AAQALAAAA8GfYFPkwiKCW4ZNSs2u11xCyzOJSu4DDV7CcV7aW1WYxuKjKgcQGwS%2FiXFPu5rRgzArMGzH19xQzwdagC9qVB7wmxZCY1jFozR1YCJoJSapBecDE5it8mKqmGL%2Bu81UVC%2F4c6nX0yf6EToOPyKVC0GvRqcAGEbQvPRfZ0xTmAEFkECSjl2byJsrdphDHd4i8NHGV9g24%2B448WCh3RDuLB7dDcN9BGtEbfg6WRt0B4%2BwYywyZTVIV6tYBhy5oBNdc5aE6%2BfA%2Bli63oDxjRmaoBuG%2FPyZ2rpxz9E33%2BhHefkagiPkQojhsrz0%2Bzckk6oD0JA%3D%3D%7Ctkp%3ABk9SR_qH5KWZZw
Grateful Dead White Plectrum Keyring Keychain Size One Size,,£5.51,+£8.95 delivery,16 Jan 2026,50,Brand new,https://www.ebay.co.uk/itm/177758292120?_skw=new+rock+boots&itmmeta=01KK55S0DS56Q655YK8QV3QHF1&hash=item2963384898:g:KQ0AAeSwH85pqWAI&itmprp=enc%3AAQALAAAA8GfYFPkwiKCW4ZNSs2u11xBRUYAEFVy24Zuy0VFTcMjti6CK%2FbnnRouKxbcxiEfpsCcwRrQdjST3ssuQQUijo%2B0vzumc%2B4%2BYcyzV5%2FVDde349vMpmpgxZZUT1udsedrU7caXERUHA7Kbj%2Bx1TmBLtxTHBI4WsHHHOnfAyMUr8fF6fo3fUFnvjfN7h9g7P56OZ4horfQ6L9sgHQFMnBBlEBDRoKCUXwO2xIAPzyIjt0%2BnF5dZWHFfjpA7iNu1DSuqxGm1W3NFsOSr0LRxrNMh4P%2BSQh2YLqsNGDYQCV59uhr7lymLPf1noZrHCw%2BzQssQCw%3D%3D%7Ctkp%3ABk9SR_qH5KWZZw
Twenty One Pilots T Shirt Vintage Block Holiday Band Logo Unisex Blue Dip Dye,,£16.95,Free delivery,5 Feb 2026,30,Brand new,https://www.ebay.co.uk/itm/198014881169?_skw=new+rock+boots&itmmeta=01KK55S0DSAAG8JJWE681ZNTWC&hash=item2e1a9b4d91:g:XUUAAeSwm0Bpqazf&itmprp=enc%3AAQALAAAA0GfYFPkwiKCW4ZNSs2u11xAku9IMFNWusKL2ynosPYB4cX5lV18GV8eIPSWJEi%2B%2Bdh6HSwEJ60tq4shvKhOroiHLk1VBeNDhLe%2F5EtEhu6lGiWb4WJiIMtBhLVxjx1GuxSH7Jk3iMILab%2BlxbCgVKLqPcluYhp3wK13zM83%2BfcLTXdmYTD9Jp0dGCxLNY9fgf0EfKKDny6Rz2KQlpkEGCtvGZ3kDnG%2FJyDfP3UXryyelj15Xb25EvKXiLuZdb5XiSj1jSEeuCU9zsJcc%2B%2FPAdMI%3D%7Ctkp%3ABk9SR_qH5KWZZw
Motley Crue Skull Wings Band Logo T Shirt,,£16.95,Free delivery,5 Feb 2026,30,Brand new,https://www.ebay.co.uk/itm/177760239437?_skw=new+rock+boots&itmmeta=01KK55S0DSEGT31D5P9B95ZB22&hash=item296355ff4d:g:RbsAAeSw1adpqavx&itmprp=enc%3AAQALAAAA8GfYFPkwiKCW4ZNSs2u11xCT16NfrTF3GYN6G9gul1%2FlDJgUAi1%2FaV3%2B70bjHGGk3lEagsK%2B7kRcLIZDVipvpQ6vokBSn0QBDG1eeHSGQ1Wl7WDYrt3GfmPptl%2BN1ALmDR9uQbht6XSyGTCataZWI21gNN8Un5YJtA3LbOBaDsCb8hmKoBl1m%2B%2FTreXgUqq%2B%2B8o4EwLqLLaHt4mJ0YcBnKymSgMlVTAdLOOPI3e7inFBSJGq4RvorgHI1Tr4Nt6NZQfF9XTeD2rRt8cEf0RvHKk4PLtW3uGaqHapT2YO5E9mz5JKXqgWlqbTg7BYuN--FA%3D%3D%7Ctkp%3ABk9SR_qH5KWZZw
Lady Gaga Born This Way Photo T Shirt,,£16.95,Free delivery,29 Jan 2026,37,Brand new,https://www.ebay.co.uk/itm/177760098050?_skw=new+rock+boots&itmmeta=01KK55S0DSWSHA22DAPT927AC6&hash=item296353d702:g:G2gAAeSw1JFpqaY~&itmprp=enc%3AAQALAAAA8GfYFPkwiKCW4ZNSs2u11xAL5SNMgtFP8LxY1E0Ctsy1120Hh6nH2KwM4GY%2By4eQ04B2e4kRUZ7%2BcS25aScEslyl3XOb1auJ8BpZ9S7oEouiIK5K%2BlzacdQds%2FeZdCybF%2BqfDMjHJh90MZUQbW8RI9msofJQopyf4QuZ9Wm5ukV4yVNIy5Cy2j24lEzG0n0n1vrzkkam9EbH32dZsAC3zVZYgTpD2e6%2B9cE9Z7mU%2BOLfASRHZ%2BaoLOuK%2BegYDMPLekleTXam%2BTzbe8y%2FKsVFIcSf--LzAuMwmAoBMGOEo5jaXsAPzE6tYWPVcz0%2BGCnjHw%3D%3D%7Ctkp%3ABk9SR_qH5KWZZw
Judas Priest Angel Of Retribution Tracklist T Shirt,,£17.95,Free delivery,1 Feb 2026,34,Brand new,https://www.ebay.co.uk/itm/198015061180?_skw=new+rock+boots&itmmeta=01KK55S0DSESJ5XVJSD6YQNZKZ&hash=item2e1a9e0cbc:g:OtoAAeSwkixpqab~&itmprp=enc%3AAQALAAAA0GfYFPkwiKCW4ZNSs2u11xAWxS71nMNEQlpLdHamcfCblIexhMianEQEbWv8nPzt6a%2BQyfjfeARgKXA0K1uXW4vgl4gLEuU0bpNk0ZxG3K4%2Bpx0djkxN9IWBKD5Pg0erX95WZzvNP7004lZB8%2FcpV9H%2FZMjp%2BeIMV7WmbrWuY5TZ%2FxxW9GLqA%2B%2FIs1s3A2yeZMNmCfFVZ4dQNz0vgKLVsu5yLE2IORzNrTxNyHQE434bF1IqNa86NK0FpUNQQAW%2F4RgCLGDDZPLyfECAijol3G0%3D%7Ctkp%3ABk9SR_qH5KWZZw
Idles Band Logo Crop Top,,£17.95,Free delivery,30 Jan 2026,36,Brand new,https://www.ebay.co.uk/itm/177760237850?_skw=new+rock+boots&itmmeta=01KK55S0DSDS0NZK6Y0A60VY27&hash=item296355f91a:g:KsMAAeSwVqdpqabb&itmprp=enc%3AAQALAAAA8GfYFPkwiKCW4ZNSs2u11xBSI7iUReyS9o2Lt%2B4UxCz0EnjYX%2BgbR8ligwzKq3pAZ3NpUxjNEW8c9g9QGZSl9tF03tWG64IFbNEWDQJ7EWK%2BPMAIBYmfbWbrd3vfXjw2gV97ii3PKyuTcFpGu0bXhg6eNlG%2FI045mNkffc9JpGenAQg9ne5aCEjnLeZzuvQzTo6wZUBkyHwUI6kZ71YV%2BOU6s11Nsg3yJhY5nl5BqV8LegMyYFBqIJEKPgM3VDxrijVzYQ%2FtTQrl98oBTEKuX5uYPGm84f5jv2lFS%2FtBt9f8FsfAd8uOTJYZcizgn57h6g%3D%3D%7Ctkp%3ABk9SR_qH5KWZZw
Nine Inch Nails Pretty Hate Machine Limited Edition 999 Only Premium Wash T,,£16.95,Free delivery,3 Feb 2026,32,Brand new,https://www.ebay.co.uk/itm/406575996754?_skw=new+rock+boots&itmmeta=01KK55S0DS8WQJACQ084F9FVYD&hash=item5ea9d15f52:g:J38AAeSw2KtpqagT&itmprp=enc%3AAQALAAAA8GfYFPkwiKCW4ZNSs2u11xAmwxsXIKtlrL1SQR%2FRo9LwslshcByDBpmiECAq%2FnaOB89mpFNa%2FQOQ8nejilQPQvutsczdNMMDiaV7VlxCPD%2BhI%2B1QQ%2B5dbPG9JJ0U2OX3ysuMP2zYqHZOd9H6r7uv2koPImryxqn3sVJ2tVlVkG6X9UGZeU7PfxDmRbrHbAjPknS2J3ZpQ8qZNvsRQAK5DTDIcjZZZXYHZFfJPaU3MwP6LpYqiwJr3v03%2FWC2Pa0%2Ff5%2B%2Fs0wj8A8Lef8jAgyCmaKawDxydihnR0CstztyNZrNtDR25s8X3pxnEGYCCssdgw%3D%3D%7Ctkp%3ABk9SR_qH5KWZZw
The Cure T Shirt Robert Illustration Band Logo new Official Mens Black,,£15.95,Free delivery,2 Feb 2026,33,Brand new,https://www.ebay.co.uk/itm/198014846080?_skw=new+rock+boots&itmmeta=01KK55S0DSCGK19FTHMQM6TNHP&hash=item2e1a9ac480:g:A8wAAeSwnjlpqaR7&itmprp=enc%3AAQALAAAA0GfYFPkwiKCW4ZNSs2u11xCJUA72hNdsEi87Ufaj4uhiXfa96GSvXQjhdpqms3njsiRxw%2FT7SqLIGFYz1ZNHjXW4PKlptClrIYpRez5E%2FT6PtcXOvsTe%2FzZ1ZRO5FmRfjYg89NiMTWGNwZbF2UjdGWeqrsnob4HlTqOlaObH9Neyp%2B43hdTHVNdp0fdDy5H4%2FrbhkEg0z7l5dIYc%2Fn94L%2Bppxn9leYKNiuK8btZcykrzlExkhvZ0SnhUAr1381NQhVkyl4yfTuA61pAJKSW6y4w%3D%7Ctkp%3ABk9SR_qH5KWZZw
Pink Floyd Animals Cartoons T Shirt,,£17.95,Free delivery,28 Jan 2026,38,Brand new,https://www.ebay.co.uk/itm/177760097714?_skw=new+rock+boots&itmmeta=01KK55S0DSCQH49GS0ZWM9YRMZ&hash=item296353d5b2:g:JEIAAeSwt4xpqaxU&itmprp=enc%3AAQALAAAA8GfYFPkwiKCW4ZNSs2u11xDhjAwTPqb3RxBuKVrzxh7EUKyD9EXjW%2Bbi0L4jVTi50TYU0SHGr80St2S2DfVly7qREKLVrqkjkzl2IprDjUDy4L5BaTXGToAxfgE0dzoAgqAKVq97sIVPP2oX4R6v8Ik%2BmZT%2BHNUeR7XOkp04xn6dOpMNd%2BnUPm0hNHbE18CK023FmuF3Kf1g6qF0uqQhfZ6KzAstAeGK5APostAY57QWj3Wb%2BNVJVzkI95GPVPLej4uUqO98iwX1k55J0AhtkiVK97POYDHwsZ17XAo8RlEAAuGyBmcBPuSrXeD0DWIBew%3D%3D%7Ctkp%3ABk9SR_qH5KWZZw
Waterparks T Shirt Dreamboy Band Logo new Official Mens Grey,,£16.95,Free delivery,5 Feb 2026,30,Brand new,https://www.ebay.co.uk/itm/406575710979?_skw=new+rock+boots&itmmeta=01KK55S0DSHG979GG1EWMVE0FY&hash=item5ea9cd0303:g:EG0AAeSwjk9pqazy&itmprp=enc%3AAQALAAAA0GfYFPkwiKCW4ZNSs2u11xCJSLmUIbcgRq66UPfX3lGSSXzlVxInl9UBDa36t6kyvXw6kcrpkXrLpqIF8ciCVewBSdQUieVW23ZlvbN%2BXvUGdQyF4ubr2QBSu0PelBJ%2FKGCFjluKCQTa2oCsJMQ7J7k3uVJnrDEJmepDYWOfjKN7lt5MIH4aNGFlRawZ4t9cLdpJbU3AUb2Xb2p8avHNa8RNB4XxFPYmkmCxfMo3eMywEZGcsNB1rAEedsl6%2F7G%2BCwABIsf453PzGiGkDgEJAOE%3D%7Ctkp%3ABk9SR_yH5KWZZw
Rage Against The Machine Debut T Shirt,,£15.95,Free delivery,5 Feb 2026,30,Brand new,https://www.ebay.co.uk/itm/406575996717?_skw=new+rock+boots&itmmeta=01KK55S0DSNA7GGAF2AEQ7G54G&hash=item5ea9d15f2d:g:jaYAAeSwyONpYSWA&itmprp=enc%3AAQALAAAA8GfYFPkwiKCW4ZNSs2u11xDz%2FwSTIi9xqnao2plsm9LmimJdmO%2FqYpF2R2UAlMGrLPra7YWBW2YvEfu6aZrT7zyI7Xxl4Ldij66g5at2G7K%2FG33g7NA%2BIi5wOY74j9sQzMk8LIQ64ovd%2BBpx6TGaOnFZAJnXrP%2Fjm5RZqYXJg7AZZLifuA8O7RtflLyrkxrpObkhkj841YcQc396JsZiQVFJBEYjLcRVlocdUZCfn884FQenQKGrkkVunO4Yftp%2BsFzhSFTVZg%2BHxkHe5895kWi9xD3noHPqcMlRi5JHUq0nzv1oTm9jacjmtlGWLXERsA%3D%3D%7Ctkp%3ABk9SR_yH5KWZZw
Peaky Blinders Soundtrack 1919 Logo T Shirt,,£13.95,Free delivery,22 Jan 2026,44,Brand new,https://www.ebay.co.uk/itm/406575686762?_skw=new+rock+boots&itmmeta=01KK55S0DTQ48QFYSE78DENYD6&hash=item5ea9cca46a:g:NowAAeSw7mhpqaj4&itmprp=enc%3AAQALAAAA0GfYFPkwiKCW4ZNSs2u11xBil5qv243HYLggJFIt0%2BZfL%2B9fX1XKOrFiuJ7nLe%2FhQfJpUr6Z8A0RXLxW%2BWNe1cAYHr8S62v4U1W9lloKwETe891bwPw%2Fz2ztxWW4ikgNSD2kTKNK4PM5LcY7bmjCX--nAvRgNjuZqwSF9sXW9jjfxUv%2BbzrAZinN0t7QwpqRfzKOP66teCt%2FNkn5ITr%2ByiNqtfteZestns5dtFMrkHTZlyWrdsufbBq%2BNNUM92rtePQ%2F8l0kuXv%2BLYdalvguzWk%3D%7Ctkp%3ABk9SR_yH5KWZZw
Bad Company T Shirt Feel Like Making Love Band Logo new Official Mens Black,,£15.95,Free delivery,22 Jan 2026,44,Brand new,https://www.ebay.co.uk/itm/406575686746?_skw=new+rock+boots&itmmeta=01KK55S0DTKKBJPVH71AJC5NRD&hash=item5ea9cca45a:g:FB4AAeSwgvxpqaQN&itmprp=enc%3AAQALAAAA0GfYFPkwiKCW4ZNSs2u11xBlww7Et7BbpN535WovjdDLStRW%2FO%2B6F8gMEbFLru8EMYnCu%2BHIe5--xQ0f1zvH70CNbGdzMzAdY95Oqg5pnrQJvYnv6CDdFkwfsJwE9RY99i0XAk6IOLBxC%2B6e5sR0Qvq4kZr4BO8VchiZg6kGMb9Dw5xbaS5CMxpjmJQWGN%2Bouvk2U61hjbkkAtYuacwsF41UBe%2FP3b4UusGvK7eu5k40J9JSTWeDFw5p%2Fasvn5dqcJharxmokJ3EElpDEqGYTQY%3D%7Ctkp%3ABk9SR_yH5KWZZw
Lemmy T Shirt MF'ing Portrait Motorhead Band Logo Official Mens New Black,,£16.95,Free delivery,4 Feb 2026,31,Brand new,https://www.ebay.co.uk/itm/177759740018?_skw=new+rock+boots&itmmeta=01KK55S0DTBR9X6MHE4QD6G4Q0&hash=item29634e6072:g:LI4AAeSw6YBpqaiz&itmprp=enc%3AAQALAAAA8GfYFPkwiKCW4ZNSs2u11xBo5I5PUb%2F8LRMz4yrghKMdDiHwNqrc8NztKNR9%2BO54JLuOvRH8LUEmPavqg00CxVy5921NS5LpvILKuN9MwtMGlcP3HQyy3u8hlLfGAsFOJzOBEUE17Q%2BhU3jFl3nflLJrx4D%2FSLDf0ec9GqdL3Nr%2FEe7cwYebpP76UO6%2Bg9WjsA1OYBT5D0PgeflTdvfaH%2F10PvDVjNDT8AshykhkufkS7VASTzUNvV5Kon4K5U%2FRirW1pYIkZY93HOlaMHzO72gn9MSfL44MreiafCTKV68JR54Vl69gNGn54dDFqcNuzw%3D%3D%7Ctkp%3ABk9SR_yH5KWZZw
Pink Floyd Kids T Shirt Carnegie Hall Poster new Official White Ages 3-14 yrs,,£8.95,Free delivery,4 Feb 2026,31,Brand new,https://www.ebay.co.uk/itm/406575686443?_skw=new+rock+boots&itmmeta=01KK55S0DT07M0RC45J8J8DPG8&hash=item5ea9cca32b:g:tR4AAeSwYIppYQod&itmprp=enc%3AAQALAAAA8GfYFPkwiKCW4ZNSs2u11xB1W1C7oaIPD%2B92bzsr1ts5aPFutTwMHXtE7useVaQ5mfeGJImfIEdsw7f8WwKRLsNVFagw1Qw%2Fkr79xH1LBp6b0NN8YnFFhWW5Mhpfhx9ISx37mLcyvhuu%2B%2Bttwm%2F4yl0XiuOnRzRYU5oRtPEar3UTcAZiXHT4XVyv%2BMafXZ%2Fit6AKGEp167AqOo9LrZWCWgc0tML1hTFQsQD0tXhKvx0szzTazLr84Lc8DT5Q4PoN2bpzM3EfwCsba6GORgcxRyjvrhWh1D%2Fr%2BkgJZvA%2B5naHyXu6sCaNuSwDWfN6yLvVdQ%3D%3D%7Ctkp%3ABk9SR_yH5KWZZw
The Cure Boys Dont Cry Kids T Shirt,,£14.95,Free delivery,26 Jan 2026,40,Brand new,https://www.ebay.co.uk/itm/177760090652?_skw=new+rock+boots&itmmeta=01KK55S0DTR08G1N975JPZ6T6G&hash=item296353ba1c:g:QdEAAeSwXQJpqaTE&itmprp=enc%3AAQALAAAA8GfYFPkwiKCW4ZNSs2u11xDKTRXHRt8vAn4xsgDU25v0lnzgvQEy%2FwxJmNkGA0sTcOTKKOuLDACMBV8wgySz7Q0ic%2Bf9DGBExLGn23ItiEiWPKlR64JJ2gCPk3SYF0cjuSX944p%2BDc4tldSVkG%2FUX3zBq6QAzCxf8KEVlfoFnqeV6AOvAUKXfOuAUoagfDkxi1K8kbcyCIcEMtNzqKSwG6ZRi51n%2FO%2BAHwcgom%2BbCApqCmKWaPAsKgeerPSxjub0Uj01Zk3SQvqctkBhO%2B3sQZ9LTU--rU24lqD0W55ertO8fOYbj1PIv7rbskYnORgXrw%3D%3D%7Ctkp%3ABk9SR_yH5KWZZw
Placebo T Shirt Glitch Band Logo new Official Unisex Black,,£15.95,Free delivery,5 Feb 2026,30,Brand new,https://www.ebay.co.uk/itm/198014780404?_skw=new+rock+boots&itmmeta=01KK55S0DTMV065AKHYKFYEK7C&hash=item2e1a99c3f4:g:U6gAAeSwdWNpqakx&itmprp=enc%3AAQALAAAA8GfYFPkwiKCW4ZNSs2u11xAFN9Jl7hYaqcNkSYYCYbHu%2BbqOyu8ki8FUpS2VfYnj%2B7pM2B5aKrtMLfJfHJE2KLMK4gVyPxcEiBrnDaZEyiKgIN%2BXp9fNHyi6XspyHbKkVGDqX7yX8eNuzMCt1pN4fGtGXshOwLaGvwgVpEEnBwJWpNRcjhVSpdg9Z%2FHYWzc4BoT%2B78vumoAmd3dU171lRUaNQ%2Bbj5%2BMa1hMEHJr7VkHQYswC6gYuKjrGiWZxeJfVnSuJUD%2Bf2m%2BhIffr%2FFP6vEz2hSIEdsbTAIbkVxOexwj6qTFgdeSUuFDLg8ES1xy68Q%3D%3D%7Ctkp%3ABk9SR_yH5KWZZw
Eagles Greatest Hits T Shirt,,£15.95,Free delivery,3 Feb 2026,32,Brand new,https://www.ebay.co.uk/itm/406575987553?_skw=new+rock+boots&itmmeta=01KK55S0DT28EGJGFA7PFNDFPH&hash=item5ea9d13b61:g:E7MAAeSwinJpYSN2&itmprp=enc%3AAQALAAAA8GfYFPkwiKCW4ZNSs2u11xC%2FpHEUPLoYVYtKh%2BnZIOk1qD49guZLWk7Ot1DbPeBG%2BsHbiAYe1MLQPNWQ6LdCflyT8ck0%2FtnKBOAjZ43FlYKg68ZMAYOi1qS5QPYWikZoSCZ37g0K57DuzSn1y6QiNB2sougcRwogkhxNgI6AGRHWgIzE62t4Hagt%2BJew1hLcBmW55ZMwsaWVjHo0cIVVf3mERIsh4YKBw3lLaIJCQbxJG4gZaCVu4dDHk9G6R31ZeyBMfN%2F0T9D4WyvdX77r1dn0fNXNLVhhQ3sR8fTyH%2F5tIfytaWl4PwtNZwie7zB99Q%3D%3D%7Ctkp%3ABk9SR_yH5KWZZw
Johnny Cash T Shirt Walk The Line new Official Mens Black,,£15.95,Free delivery,2 Feb 2026,33,Brand new,https://www.ebay.co.uk/itm/406575675491?_skw=new+rock+boots&itmmeta=01KK55S0DTXG790SNFD22W9NHZ&hash=item5ea9cc7863:g:DeUAAeSw779pqacT&itmprp=enc%3AAQALAAAA0GfYFPkwiKCW4ZNSs2u11xA8gcBY%2BrGIaD0yopki7RfoHB0c5%2FYz233wFKnNDprht6sE6OX72TYaFtNPRyaIbFHX9qzXVyG65oIKOvriii24TOmEhME%2BxkTDO1KFKTBa5czOWBBEvewzgMCQhCE%2BHePmDvN4gN78M5OQoafsg4jI7P0CH03pUuae2HMpqgxQt2XCOi6ATyvjOJY15g74jdNWLEjva8ldzd0S22BwJT1ic5GC7wEe8A%2Fa2KNE%2F4%2Bt0H4tFk1iYz4A8kEk4zA64Zk%3D%7Ctkp%3ABk9SR_yH5KWZZw
George Harrison All Things Must Pass Text Infill T Shirt,,£16.95,Free delivery,2 Feb 2026,33,Brand new,https://www.ebay.co.uk/itm/177760053063?_skw=new+rock+boots&epid=24068420069&itmmeta=01KK55S0DT0T7V16WKSKS1AY8A&hash=item2963532747:g:K6QAAeSw9s1pqaYi&itmprp=enc%3AAQALAAAA8GfYFPkwiKCW4ZNSs2u11xCTnUa501Lern79vUeFG%2BRCv%2BaNDmzM3CRKkp12qdIJIG6Mhmlg4EwIfYpeo4IXJoMuxnpXxTDzq9nYpB%2BC2o3CeXv33YDQJnFNjvu%2BAltEHEqVkhF0JZIKYKOuRg0WpymJzO%2FPj0Xf1U2iDOatNaSpgo8BsYNbM7cPI6YskEtVG3sHmgmvVqWhmhl%2BDgRVSfRNiphSjLGOu%2BUfT4hswfJJcMZzEF2%2BvP23HgS7Glhnk1WgfDOcbsLi%2BJPYFMRs2kZZAwL%2BCk3D1sNShhWOupoVMDLoc6wY8Y4fy3M8xVbKJg%3D%3D%7Ctkp%3ABk9SR_yH5KWZZw
Queen T Shirt Live Shot Freddie Spotlight Band Logo new Official Mens Black,,£15.95,Free delivery,1 Feb 2026,34,Brand new,https://www.ebay.co.uk/itm/198014780232?_skw=new+rock+boots&epid=27037265802&itmmeta=01KK55S0DTRD9W1AVKBFV3V5W5&hash=item2e1a99c348:g:PWsAAeSwjx5pqaqz&itmprp=enc%3AAQALAAAA8GfYFPkwiKCW4ZNSs2u11xALjeID%2BU37U7q5HWEKbyrhxq7P98rzdcOefhrJHBT%2BUC5ZkkBT1wawNvSWSWymkJ9K7xMQAuaEB9%2BsFCRPxPWC%2BR533w8S7OEn69FGvuZ6xZSN1x%2BQvxpCS%2BVgilWRU%2BJgXRQNnSkhbuXwFUSmeXg9%2Bwov9elXMdyqBkmhjPivIaJfJqxsrCWuO%2F34G7NyR%2BSBOIZI9c0wzkcIpE60Z46AJ9G%2FULvPvVMnZOMiFiGnu0GS7PQw0eK%2BuuEvy8Wtcx4jVBme1hEb6B72PuBOj%2FReZXF4aD33O9YtTplmxWsWvA%3D%3D%7Ctkp%3ABk9SR_yH5KWZZw
Frank Zappa Dumb All Over T Shirt,,£15.95,Free delivery,27 Jan 2026,39,Brand new,https://www.ebay.co.uk/itm/406575674360?_skw=new+rock+boots&itmmeta=01KK55S0DTWHB4WFETTN10TVHY&hash=item5ea9cc73f8:g:V2YAAeSw5BNpqayh&itmprp=enc%3AAQALAAAA8GfYFPkwiKCW4ZNSs2u11xCtmlDzQJvP6o1KH5O%2FhaFb89ngimbiCjJjxjuRiOxf48%2BvjGs61iNwO9Nqh5ZjD36vy76D6Ns3TQCdfEI2tnqMqofb6U0XEVAGNqwG564UR0sjOA4MpQgy9wBkY4e0pDnttReEDCIrQGEFSzZVz%2FU8Im0SfhbiZaFgH%2F1L4QCQFq3hZtDNVy%2B8%2FThr0Ax2WXsHDwPc0gR7JEdIi6HcJejJYdo9fjOZJV5YwvhCNj0h33UlxyrmN6uCxBf3H2TJzx1NmexUElPUHazxhfuG1ysSbV9qgvktsLBnYCOVujzCMg%3D%3D%7Ctkp%3ABk9SR_yH5KWZZw
Slipknot T Shirt Profile new Official Unisex sublimation dye print Black,,£17.95,Free delivery,29 Jan 2026,37,Brand new,https://www.ebay.co.uk/itm/177760001262?_skw=new+rock+boots&itmmeta=01KK55S0DTF378PNN52PH582V5&hash=item2963525cee:g:VcUAAeSwOJBpqaws&itmprp=enc%3AAQALAAAA0GfYFPkwiKCW4ZNSs2u11xCFR13SVhgejgGEiB8yjkmS7r8RBt2gYP%2Fu2SzeTCSjcrst8X8pHFdtraR1efE4RPbJRWxkr90hektbVFT7vkv6TIMrlOhesTzuzQHC%2FwenI3sj6PwmWwNo84FEiJkq%2Bu9YsY7xolGGvwnO12gTh54oRFoZmbGSPOMa9R7umsmXXyCK%2FBqIgl5KK%2Bbz5WqiX%2BsxDpUXjmZHTFlbCY%2FIaSrZCJwLMuGK7P3D7wnk4gct0GHjKo%2F7S0J1r3v1edU%2Be0Y%3D%7Ctkp%3ABk9SR_yH5KWZZw
The Front Bottoms Circle Hands T Shirt,,£16.95,Free delivery,27 Jan 2026,39,Brand new,https://www.ebay.co.uk/itm/177760026851?_skw=new+rock+boots&itmmeta=01KK55S0DTX0JA96CDSAZDV75G&hash=item296352c0e3:g:720AAeSwkt9pqaW2&itmprp=enc%3AAQALAAAA8GfYFPkwiKCW4ZNSs2u11xCLzCFgMJXMVaJ0H5shIs0jBoaDGh27CclFQI0BbHxmg2BMM5mGACeccOeQnFUI2MW6R%2FZMrYjLARi4ZXY%2BHwcA0G86BNFgA1EmDmmTCJ82VXZ%2FGFs8VX2ICqR5gj6UXoTpkp3ZeK1PMSWIM5ASTkgHtZfTIUiQTnEcujUiyGnJCAOJoy1n549Nwn6qYGzMtgoOtXrJvbhM9XA6wmJBe5%2Fv8I7mLXakkpftGrHu%2FDjc7udBtGg43Vz86kGxPhxVhn7zh1odXLp%2FM19Sl5BL2NOH0TruPtHp7y%2BC88qUgSmCmA%3D%3D%7Ctkp%3ABk9SR_6H5KWZZw
Yes T Shirt Close to the Edge Band Logo new Official Mens Black,,£15.95,Free delivery,3 Feb 2026,32,Brand new,https://www.ebay.co.uk/itm/406575641362?_skw=new+rock+boots&itmmeta=01KK55S0DT8961T2ZXZZPVTFT2&hash=item5ea9cbf312:g:P6EAAeSw1olpqazQ&itmprp=enc%3AAQALAAAA8GfYFPkwiKCW4ZNSs2u11xCqNNi5BqBJ6bOpN1T9PR04Q4YBAbxbblxsTUQLhuDXqBqzA%2FTAG52feDkkFnL%2BxyateLikVC9y7x%2FFYPHxuJR%2BS8gdQbFehg%2F80Vat9d%2FphCxy2A0ky%2BjLNEuLMee0GJlvWUdaaQ30WGFU4ju8lHjeGaU2RR0AEdFfr3A91TgqUET3vOd04UWntd%2BnsUmob2P%2FHUw9buSW0XPRXUUvAe35XFakDXNmd4AL3%2BL%2B2k%2Bth7tSBZ3azFvXnqN15%2FsRXgcY3RDS4ERLLbtFCLWgUZpH8y83S21P6Iw2%2Bva5O8hFxw%3D%3D%7Ctkp%3ABk9SR_6H5KWZZw
River Island Mens T-Shirt Beige Oversized Fit Dept Inc Crew Short Sleeve Tee Top,,£10.40,Free delivery,7 Mar 2026,0,Brand new,https://www.ebay.co.uk/itm/406661329275?_skw=new+rock+boots&itmmeta=01KK55S0DTQPYRMMNXCWFQR5DT&hash=item5eaee7717b:g:dbsAAeSwDXtpgdE8&itmprp=enc%3AAQALAAAA8GfYFPkwiKCW4ZNSs2u11xDD64d%2BAHVN6uYP9R9ZcUijw%2FUAMX5u5MhXkqiDsCwsZsOpd%2Brj%2BbhWuA2SCGTAymxr3QMsImV%2F3XBoPZPbfQBAkxeZbNf1IiRgiS8fMx4P5u9wWizECFEz7E2deUBVnjzSvZBrW%2FVduRDBNnebLL05mKKfiHD9%2BOhHyH9I3jxdPMgAPShN5dqwrCQnYa58l%2BShQHw1M%2FiJwKFAivS2L%2FKiXbcdvVJc7c%2FgZrzN2afmdXgs138n0slBuPkZjcQZE4l2ZRZ3DzIwuyN8YAFHvGPDAEDs7JWpBS3MymRBNZchHw%3D%3D%7Ctkp%3ABk9SR_6H5KWZZw
River Island Mens Jumper Beige Muscle Fit Textured Crew Sweater Pullover Top,,£11.60,Free delivery,7 Mar 2026,0,Brand new,https://www.ebay.co.uk/itm/406661329651?_skw=new+rock+boots&itmmeta=01KK55S0DT32CVXN43CH02YF5A&hash=item5eaee772f3:g:~gAAAeSwYolpgdF-&itmprp=enc%3AAQALAAAA0GfYFPkwiKCW4ZNSs2u11xBVgUPRCzVzjLlXGGFycu2kVWTNFFfiIIm6vqa5MXzJE%2FvS7Dpd8jW7byAC1argmA7RiaSb4vr6ne5jyOygVsdYbwgHttrZN%2B07hgDXzm7Vcb72lmDy2%2FS2y7ZigYS5hBZ%2FXKPml1qhrWtWmJ%2BK%2B3SezcMvtBaGMRCteUyxAXS6j1kaNmoBsWJ%2BP5UxxJC51quZ2ATG0qRGkd41oSLSpaubRX0%2FtORo5RGjEQxilHQrcXX9o%2FavFT8Wt2RfghLmIRc%3D%7Ctkp%3ABk9SR_6H5KWZZw
The Ridge Style Titanium Metal RFID Blocking Men's Wallet With Strap UK SELLER,,£5.69,Free delivery,7 Mar 2026,0,Brand new,https://www.ebay.co.uk/itm/306615304979?_skw=new+rock+boots&itmmeta=01KK55S0DT6JYNPTA9ZB0F8XE5&hash=item4763b24313:g:mO4AAeSwOe5plZQ7&itmprp=enc%3AAQALAAAA0GfYFPkwiKCW4ZNSs2u11xDO%2Bx2XITd0CUkeOd4FEcYOH7SZhiCxbon%2F5a0rkp1BqbZSHD3s1%2F%2BrWA5W0cybI7JEIxWxOZfjGuoPQHcyrSbLFfovBNdH5AvjlPe0SFT5A4zJWHxeXrh4IbThozTQA4TrmeynzERoTb0FNoeKRgO37Dus6aDQguYGW0KZ7InbxNMCez1W2bGBVnUDGL0QTeQcw%2FaCbizhhxenFgsxLgP5kWnuWOw%2BbWdlklhteOphWU3iF%2FNGwIalMgLqkO4KpS0%3D%7Ctkp%3ABk9SR_6H5KWZZw
LIGHT BLUE 501 ORIGINAL REGULAR FIT MENS JEANS NEW WITH TAGS,,£25.91,Free delivery,7 Mar 2026,0,Brand new,https://www.ebay.co.uk/itm/298002911612?_skw=new+rock+boots&itmmeta=01KK55S0DTRT4GHYJWFJRWJHMH&hash=item45625b917c:g:NoYAAeSwuThphIr1&itmprp=enc%3AAQALAAAA8GfYFPkwiKCW4ZNSs2u11xC%2Bk%2FohScHFe%2BGM3juh0O7XBJY%2Bzs0cdvEaRUOkPxIQi86X2n6LA18GxDo1DVt%2FMwCN4RMS2P0t%2FdZ%2B7LQXXi%2B93aAIqkUjIN9hMmceqZZcIY%2BdXETTuov3zthwe0%2FovZwN3uUrjhOuLCuR8n6Bb8QqhTcQh3japa6nV%2BjmxV7epNHFM%2F84G563yMEI4jfMGLGLG%2FwYr2xM72545g%2BCFMLdX1s55%2BqQTNYiu2obMnXz%2BEPXirx70vB5%2FNb4sBJacOu8ayRbC4sdi3nSFhqQzDug8MmmABDc5u6oU81AS16FJA%3D%3D%7Ctkp%3ABk9SR_6H5KWZZw
Oasis Dont Look In Anger Single Cover T Shirt,,£15.95,Free delivery,7 Mar 2026,0,Brand new,https://www.ebay.co.uk/itm/177874475106?_skw=new+rock+boots&itmmeta=01KK55S0DT6XNBXR2YMTN8DS5P&hash=item296a251862:g:9nMAAeSwpHhplnVH&itmprp=enc%3AAQALAAAA0GfYFPkwiKCW4ZNSs2u11xBluRjriyu9j173pjM7gcbSnuI3kTqNzBovH7sP6QzjnF0%2BEB8xQjPz3hAAh0R8Ka1zqwcJTTwDW2DAKtQDr8pE1VUImcDwmenro3u8bEPqnGpaWznwHe%2F3LkI%2BJ%2B1sWV1CF6we%2B6%2FT%2BnIZxA%2FCTzqmSe1nbeWfTTgvd94uD12Xvuicv3Tjdx6tfqoG77r2wUmDjubbk1Zf9ZrtyHP2lE7HwPLUqJJ%2FAp7h3wKm3JhvGnW%2BCfUDl%2B9vIKpHQqTxVp4%3D%7Ctkp%3ABk9SR_6H5KWZZw
Oasis Live Forever Single Cover T Shirt,,£15.95,Free delivery,7 Mar 2026,0,Brand new,https://www.ebay.co.uk/itm/406707087973?_skw=new+rock+boots&itmmeta=01KK55S0DT5EQTV040WJXV70NW&hash=item5eb1a1aa65:g:w7kAAeSw09dplnT5&itmprp=enc%3AAQALAAAA0GfYFPkwiKCW4ZNSs2u11xCHJQK%2F8zfoRQ2Tp54a4YQMdpSCQLiOjK4OzsPrRQThH72J5XAu%2BQjpWQS1n21PPr9SjiM3SEdEe1ZnzC2pksRljCOAe00WqMN4u4J312uvWIOXPM0OBjQNEh0V4ArqLRLasu9tF1f04GWixJ8m4Mw7ThDKQyk9LGDraRZb9zhlkljWrv7ZKGJu97Oed0bOcEFoOeDGXRcUQzFy9ZnSrPIyiTsz1frDqBLKNydcQGsUb1Ck7vhf1t0EPaa8z6SKTFo%3D%7Ctkp%3ABk9SR_6H5KWZZw
Oasis Detroit Bus Photo Faded Black T Shirt,,£15.95,Free delivery,7 Mar 2026,0,Brand new,https://www.ebay.co.uk/itm/198120476051?_skw=new+rock+boots&itmmeta=01KK55S0DTD4E4T1BFB732FPJG&hash=item2e20e68d93:g:CxMAAeSwHthplnU7&itmprp=enc%3AAQALAAAA8GfYFPkwiKCW4ZNSs2u11xCYbFDvzhVNgVpEShqNGkOBriiDvBH6qLY7Dy49EI4r3C0h%2FuT5ndaFVsUNh0A4OCvA44thkWPm2%2Fmtew6s0gV9KHXcBWZg0qUQjESbafWIejygIeJTBjfzdFfFSYMuFuXWza9ZSvz7jHTpLbYCdEARsGp%2FNYLvKJuQOpXjaMNiSQhfcdHsIkfaWcsaENsD23ZTswOmY8OZ%2BaKTQLLEb%2FIPm79d4i3Gc1M%2F%2BKZD2QQxmyOxnoFwOZhkGILW%2FdwYLqxUIglzTBn7mzS5ucUz6cHhBIhibMcVZy7mLRSS4Bt7aQ%3D%3D%7Ctkp%3ABk9SR_6H5KWZZw
Baseball Cap Snapback Flat Peak Men Women Hip Hop Rap Sport Hat UK,,£11.54,Free delivery,7 Mar 2026,0,Brand new,https://www.ebay.co.uk/itm/316466163852?_skw=new+rock+boots&itmmeta=01KK55S0DTJ4170KRYYKENESA6&hash=item49aeda708c:g:KdoAAOSw4gJnzK2I&itmprp=enc%3AAQALAAAA0GfYFPkwiKCW4ZNSs2u11xDFDImJBgKy9y1LfuIhjagAxFvv9wpkwouKZTvkUEIefeAu4Oh9BncAIq5HentA3dUoIHIKUf2pKLu81JaYhSyCoZq6ll53AwacdobBUJd2r9feirBr%2BJOYxM3hyh%2FXjBS%2FEPzt%2FEstJGM%2BvPD4SBc2TKGYd2SXL0BRkKcjJog24CmruH4gcyE78HXFBsUuJxEGABtrN5NsojWX4iqnvQZ0Ww1nBUk2eKRGMQU%2BOjIazABoh%2F2lL9q8rmKUxPD%2Fm8A%3D%7Ctkp%3ABk9SR_6H5KWZZw
X-Ray Spex Punk Rock T-SHIRT vest top unisex white S-2XL,,£13.99,+£3.00 delivery,7 Mar 2026,0,Brand new,https://www.ebay.co.uk/itm/265910007063?_skw=new+rock+boots&itmmeta=01KK55S0DTHEPH4R2J54BD2RMN&hash=item3de978b517:g:-04AAOSw4yti2-qO&itmprp=enc%3AAQALAAAA8GfYFPkwiKCW4ZNSs2u11xAtW5bK7gf%2FEcvIw0RPkrTuljlor5FAMltvXJxvZG3WVifgRyhXZFYPeq2bzmGRfHzuhbfHyIS2rsvy6ovY0FrfqHTr14HM0aaE8Q68AV9%2BddL%2FRb9t3LTUQOW7spcgczM9DN5u%2FXTtAbVhRyFDEho67HR3kbsPZ6iU8eSTdia17a%2BUBl%2FcE%2F0T5HBmyUfp7kYrlpsQq4uQlQwM6iL5gzjeYiEzX%2FdXpajQx16OEiTiHXM0w14Scx11liPx9B%2FfYgOYC7pYOVoyg7s5ebsDxgFS3Jb%2FR3yasSWn9FGHwGyqtw%3D%3D%7Ctkp%3ABk9SR_6H5KWZZw
NOFX Punk Rock Hardcore T-SHIRT vest top unisex white S-2XL,,£13.99,+£3.00 delivery,7 Mar 2026,0,Brand new,https://www.ebay.co.uk/itm/265910007097?_skw=new+rock+boots&itmmeta=01KK55S0DTG62MYVDE66EGAJDY&hash=item3de978b539:g:S4QAAOSwL3ti2-ks&itmprp=enc%3AAQALAAAA8GfYFPkwiKCW4ZNSs2u11xCeitmoIgfCV%2FP2s5ciccuawnv687mrF2oWoIPrGFo%2BNdJt6Lsv9FR%2BDdDBaPGktBL95LLF1yPZzAHJ%2FVWWUych9Cb%2Bx3lreNKt5yyiOrpajpNVMe4934kDBMgTGgGiB0TJHWrEvDwAmnh8EFHRfSw76tb7FWopuzSUg48s9sSQ93ldi2ZmhvOj7s4ovtcJsF7%2BTMEwB%2FppPY1lN9WqjP9wS6soUL0kjaYqkBSSjWBRsnNWORetubX80%2Foq4DaBCVC4j6AOdc6q%2Fw3BhALjj2icvwjNUJyQx08B4eAkm4qcTQ%3D%3D%7Ctkp%3ABk9SR_6H5KWZZw
Luxury Modest Women Abaya Farasha Jalabiya Arab Dress With Stone Works,,£39.20,Free delivery,7 Mar 2026,0,Brand new,https://www.ebay.co.uk/itm/257067900125?_skw=new+rock+boots&itmmeta=01KK55S0DV5D4TBMAB9ZYYH0Z7&hash=item3bda70dcdd:g:5McAAeSwTotooARq&itmprp=enc%3AAQALAAAA0GfYFPkwiKCW4ZNSs2u11xAigVYNtT2jwakk%2B4sCFGvfIh29VH2P6ZV0sfsuz1ZeT05gQdGiygY1tAdzBW3whQrVUe9C1rrZpmOM5WxwJexKMJIhded9L2u6LFj9VP51PnqY%2FUmQihisDXxcV7%2BDKypQEKbw42LoW0imdvhhbj1ATpOS%2Bb3arHl19nq6lxYXaHpyE8lBr6hu4pXF%2FlWo1NseH88ZkGfqepXED0QZEYuMvqCjNh3XLDWY5Hkbm5a98H%2Fw2bzRPann5grzgJXi7S0%3D%7Ctkp%3ABk9SR_6H5KWZZw
Ladies Primark Ripped High Waist Super Skinny Denim Stretch Jeans Trouser,,£4.99,delivery in 2-3 days,7 Mar 2026,0,Brand new,https://www.ebay.co.uk/itm/265176243402?_skw=new+rock+boots&itmmeta=01KK55S0DV31XHH8T11CPPGNGV&hash=item3dbdbc5cca:g:~I8AAOSw34Fhnj9o&itmprp=enc%3AAQALAAAA0GfYFPkwiKCW4ZNSs2u11xA6wQBy6javiG4lM9qyNZ4HDEp3uGSiXV4Fzl5vO7wepKZrOsYr4RaF1ARm9bh0xrIs9Abbbhn0kShfG%2FEeJ7LJ%2Bl%2BbVmq8BzuRHTNaHrGsyk5srR85vT3rf6yKHa%2FznOFtrThNI%2FvaJOkq1x0UHVGtk2ysbjwawvagKHVZW5IlhyuYYr%2Fs39ly3qEEIwrAFovHk9kvFfpSuHdo2Q3XqpOSZjUjCUaZMXlgi3CJF6quuI0qbPNwPnHoOsoRVUpPS6M%3D%7Ctkp%3ABk9SR_6H5KWZZw
BBH Mens Gym T shirt Longline Slim Muscle Fit Long Sleeve Plain Curved Hem Tee,,£14.99,Free delivery,7 Mar 2026,0,Brand new,https://www.ebay.co.uk/itm/142689980258?_skw=new+rock+boots&itmmeta=01KK55S0DVP28HK6485NPFBRFY&hash=item2138fc4f62:g:5C0AAOSwNMVahCpc&itmprp=enc%3AAQALAAAA8GfYFPkwiKCW4ZNSs2u11xDg2iLZqRhbrXa%2BlH%2BKreRWsTLlWvGUqCC7aNBDUzF6VZscRvduWKxL9y6%2FrpxpLCeTFmMdyFX%2BdAosnPZvSbPo7VXQwK4lEbmFMFmujXGPxvPCniYXhG3GcUCo9LyDb9Z5do4gLJN4OiENGLX2oo%2Fo%2FVqJytgJQqw94u2%2FZZXSkj924dnq%2Bgxw%2Bww%2BS%2FL%2BMPQInRYT%2BoA%2FBgx6VU4%2Fd%2FvaOUL8RUJXeeGWXKqwl3OVaGSc69BEgEMNX2woVKxpv%2BPnJmEYyosOC3lYMvKAiWPMGSFq6FColLi8pIK2ZxSDwg%3D%3D%7Ctkp%3ABk9SR_6H5KWZZw
Sex Pistols God Save The Queen Black T-Shirt OFFICIAL,,£16.09,Free delivery,7 Mar 2026,0,Brand new,https://www.ebay.co.uk/itm/124947431009?_skw=new+rock+boots&itmmeta=01KK55S0DV48VGAMEV1FFF73FR&hash=item1d17727e61:g:SZsAAeSwgUpoEzdN&itmprp=enc%3AAQALAAAA8GfYFPkwiKCW4ZNSs2u11xAAaU1QUoahAlokx8ZNMFcegO2Usta9D6hbj9yh11HGnH25T%2F54mzDvPknOjwf6n8HSWj3%2FQSfpiiA2zD%2F25wNLeEt6OatmQsb2nz2HEFeSlYfrm%2BLmsk8HcYjhp%2FSn8GDgMYd9zeSzOPlUG5OGlNyPtimWV9U9zwtzAA4qD%2BD1MnHs6lFxu7SzLUGPtC8zq2trBQoyxl4HE%2FAHz9m%2FPLC%2FZCHhBRCHsjBUbRbHsqmHltx49wXhw96ET3ZFSs%2B8vot2i2u7UO2PQdkDhPwZJ6kn%2F6SAhfCVSx60Gnohh8n%2BTg%3D%3D%7Ctkp%3ABk9SR_6H5KWZZw
LEE Malone L736YGBO Men's Black Skinny Fit Jeans BNWT,,£25.99,Free delivery,7 Mar 2026,0,Brand new,https://www.ebay.co.uk/itm/127556345157?_skw=new+rock+boots&itmmeta=01KK55S0DVD512VKD9PM8A1T8T&hash=item1db2f35d45:g:eUAAAeSwcxppOpLP&itmprp=enc%3AAQALAAAA0GfYFPkwiKCW4ZNSs2u11xAeqsqHCDRFKQg6VetW8EDygwI6V1xMgd62FZSR3FeiKxko3PXib7JRR1IHQ%2BT%2B4c1WSTK1Y5RqUiMhSrGm%2BeDGeBm0hB3kJ8nyiStmvEtxToJ5zcLomKJzkekh2bNKIvrynaTfT97dqwhI%2Fy9%2BsZrdSJVKwaPS82ewZf%2BOTcQJFp3Q6u5uWvK7iN3pTw%2B3NPqZi6s3gb2eAq10tELUbk0NFVZtOL0EfTuJL3%2FYzLHYqHCaIfgefcjpGG31%2FT7ADGM%3D%7Ctkp%3ABk9SR4CI5KWZZw
Jeans Size 18 Stone Washed Black Tagged Brand New,,£5.45,+£2.94 delivery,7 Mar 2026,0,Brand new,https://www.ebay.co.uk/itm/406726722261?_skw=new+rock+boots&itmmeta=01KK55S0DV7SDVZH6P56V60EZV&hash=item5eb2cd42d5:g:tKsAAeSwwWFpNeJr&itmprp=enc%3AAQALAAAA8GfYFPkwiKCW4ZNSs2u11xBK5czF1MBHBA4NQX2rPbE%2FBWqnVwN6cgVmHEAtdcLOiOOQrVruhB08z6jiMvO3BU7FgV40cipkLlaRJBYdFobt4RVxUKY2phUCY5nhjxBaUl7NgxFwKFn%2FbBfbaJE%2FERBDsZ0D7CSejIFr6XrvN6kSjn0O5esSWdRG6T1aUezibB61vzMR1SpjApzAe9oClJHSRY%2BOFYQuYqPJur2Rn3Lf1VNEPXTK%2F2AV9tqocNZ1HBZPh92gxTH6HxqEdRqE5KOABr3UHuWWwgbAQRZDzwWhYlpCIJsq2747%2BNg4KmADBQ%3D%3D%7Ctkp%3ABk9SR4CI5KWZZw
Mens FILA Cotton T-Shirt Printed Large Logo Short Sleeve Crew Neck Summer Top,,£7.99,Free delivery,7 Mar 2026,0,Brand new,https://www.ebay.co.uk/itm/206068613227?_skw=new+rock+boots&itmmeta=01KK55S0DVRNR646B69X57C99S&hash=item2ffaa5806b:g:MV4AAeSw6HRpkdZ2&itmprp=enc%3AAQALAAAA8GfYFPkwiKCW4ZNSs2u11xDzqzvlBFch8hAOxGIc5AeqJkcoOkFO2NNo06PnHkw4DupzvXNoEAuSgRDoo3RSZXOaGDzjN1he6o%2BfVE%2FXSmbGHtC3BsAYx62kRFkGSbl%2Ftsr12txYevZPlJWkMcu63hmedjTmbTAaZ0Jqid3qKC4B%2FaGekQmPfQ0FKsCoa8h3rZWdJjpTZYpvvTFVhkwuk4WYoMBGAQoLIYU5Fj7AGx9HAI5EhtwYrKs6UnybfNLSfGWuv6xsXmOKdtRmd0JIXHh76aq672nJx4ybm8hBxfoxMyxb8QNGPpIAinnRRXID6w%3D%3D%7Ctkp%3ABk9SR4CI5KWZZw
NWT Wrangler Men’s Greensboro 803 Regular Straight Stretch Black W34 L32,,£32.50,Free delivery,7 Mar 2026,0,Brand new,https://www.ebay.co.uk/itm/157647912760?_skw=new+rock+boots&itmmeta=01KK55S0DV6W885THP5X6B6YPM&hash=item24b48c3f38:g:ot4AAeSwjoxpfMH7&itmprp=enc%3AAQALAAAA8GfYFPkwiKCW4ZNSs2u11xD9f0xYIfSsANcxwg9riMoRKxiPzf05xntuSP%2BCdcOa9TPGGF9ZeGTutttaykjGny4vXkFRkjeg5GVoNf3JKrF8eOye%2BmO4GTqNIFQWkMV4HkMA9YP2PZQYjVERrVTo5%2FJyfxyFIGs3wI9IfXrDypNO8J%2BVLKmMpCuFxlpwJeF0%2Fm%2Fiq%2Bk4Ja2D7uCis46mhyQ6fOB1iN5lOJdhUqQnTgbVxJDu4g3aySzdRSz54gyk6VoFCsBhB5KSTiaB2o3DCvZMKDkh%2BkyIpd%2FpMXA90Ga75YBl8ubQMPybjQWpDRRF3w%3D%3D%7Ctkp%3ABk9SR4CI5KWZZw
Stone Island Petrol Nylon Metal Baseball Cap,,£140.00,Free delivery,7 Mar 2026,0,Brand new,https://www.ebay.co.uk/itm/389576802844?_skw=new+rock+boots&itmmeta=01KK55S0DVNXXKTHPJQENY0E2K&hash=item5ab496421c:g:uPsAAeSwumNpgwq~&itmprp=enc%3AAQALAAAA0GfYFPkwiKCW4ZNSs2u11xB5jgViv9QpGKhztoAgKeGcRQZrClauhWcYfcXNy9OXJAXAt7Y7XjuVP2A4DV6tMQNXWcbM21WrcdJA2DVaQRMmGfuTdRwU4tEI0EnctAWnEzPEexTqjc5JvdmYsAdmjd%2Fmadt2jRr3DOAqgmbqKrm4fSSrWYS2y0i8fQZXJJUOk%2F7v9JEX3a34J2YIYNdMTyeAgdeOxOpJndfbmLuT2S%2FrzWSVxyi6zOBepFNkcyOrzzih%2Bnk30hlIXk%2FqvzHEMOI%3D%7Ctkp%3ABk9SR4CI5KWZZw
Maine New England 3/4 Length Cargo Utility Shorts size W38 waist 38 pockets,Cargo,£7.99,+£3.38 delivery,7 Mar 2026,0,Pre-owned,https://www.ebay.co.uk/itm/287179959317?_skw=new+rock+boots&itmmeta=01KK55S0DVKZWQDPK1XZ5FQG0R&hash=item42dd426c15:g:p98AAeSwnM1pekFF&itmprp=enc%3AAQALAAAA8GfYFPkwiKCW4ZNSs2u11xCppoLTuluVOVDkUAHpXJtf6kg6qOTdiVb7L0fUxAWA7v6q0HlnbGza8iMv5V2U5P6IwhUvD2w784k0QEgagnLvwgInPBC%2FnwQdPeQrf8f41nnk3%2BOPSF1M1%2FCe4itVaPYmeQoAE2y9qcAvXdvY%2BUHC3088h%2B4coeXkF8VLoUGdl1qeaNQpwZnyXwfMwN01eeMuihSbaBXkULPu1sNASbGy40TBKNnBCDpBymXvkPe%2FDFWiA9CkArrJgHSOOaO7sfACHgAeydNatqMnO0e32VGUjf5OWqaLeneZlel6YLYn1A%3D%3D%7Ctkp%3ABk9SR4CI5KWZZw
Levis 501 Mens Jeans Dark Stone Wash Non Stretch Pre-Shrunk Style 00501,,£32.99,Free delivery,7 Mar 2026,0,Brand new,https://www.ebay.co.uk/itm/405200047500?_skw=new+rock+boots&itmmeta=01KK55S0DV3W8GQ22A7YCA61WX&hash=item5e57ce0d8c:g:dgUAAOSwXL1oQG98&itmprp=enc%3AAQALAAAA8GfYFPkwiKCW4ZNSs2u11xAOoR%2BT1Hgv%2BbI2suMYfAt92FsHk%2BQf6DTLBPNcHp3cegsitSD5S0Fk1VZdYUd8wVfhlquZbQWL0O5fEhurt7FoZoShfbQlUdc%2F8dLVnsd9GcugFRLyCX5SPIRFcxnmNMRpgfwYIk8NtxkX7WbexiNk%2Fbjjg0gmtrDWs0pnfptgvKDhEi%2BQTHzUCqdA7CXxC4jrBETMbtu2DM%2BJhFn%2BEm1Fo9ToMNgCFFduWa7%2Bi5iOgLJchyzp5qCUj5AS5ieN5BBjiBbTCuB755VGiKd%2BNpJLNMrWdsLzmsBJwhhcuiK3Bg%3D%3D%7Ctkp%3ABk9SR4CI5KWZZw
Blink-182 T-Shirt Black | Punk Rock Band Tee Adults & Kids S-XXXL,,£13.47,+£2.94 delivery,7 Mar 2026,0,New (other),https://www.ebay.co.uk/itm/389515097921?_skw=new+rock+boots&itmmeta=01KK55S0DV56QC8G8726FB1G50&hash=item5ab0e8b741:g:c6sAAeSwvrRpbuOH&itmprp=enc%3AAQALAAAA8GfYFPkwiKCW4ZNSs2u11xCcoDFbYVS8Qn%2BBPIVJEXDLuYIYYViMCZSsRKOzGWat7znMCGVfIbNtxiGJJbpUSHi7M43kStoS3%2BV%2FbK5wdp1HIv9igrDvcWjqGN6%2Fn7v9sDBCCLutq94Ej%2FHHy7zc%2BGYKEte3vH%2FDCvZUUvn8k5GxLm6YlpwtN9stHtHHAHKLtqus4Ema20NsFjBPnkJldbcsyKuhOVuGDNmPXh1%2F%2BQ%2BePnaUcYRi9Pil0wtsE4vCytcyFgMUDJ%2BycztrZBlidWgw0Ji5aCb%2BU4pSOK59HNXZd7t47tV%2BFSBZw7m1qUo%2Bkw%3D%3D%7Ctkp%3ABk9SR4CI5KWZZw
Men's Elvis Presley Speedway Vintage Rock & Roll Stripes Biker Cotton Jacket,Biker,£64.99,Free delivery,7 Mar 2026,0,Brand new,https://www.ebay.co.uk/itm/205410156863?_skw=new+rock+boots&itmmeta=01KK55S0DVDNTWGB5S6AHW610Y&hash=item2fd366413f:g:Ll0AAOSwYXxn-TPk&itmprp=enc%3AAQALAAAA0GfYFPkwiKCW4ZNSs2u11xAuwIaa1REjSP%2BJHpyftIocDWGac%2F3LKQTeqC6X6BX2utbV1WsJWVugvtPx9z6p6wYPAP%2BeojI1vAZKgFbQUrlQiZHf2W890HVuKG77NjFUmjXdB9efgM%2Fxlewvk41E19GJLjD6%2FeMngmd3qxnp8dcYhtq4Dqq%2BGMUxWRFyccO1yfBadhaTkaCraUR4DSMQRU3We8ioc6VYq8ikrryRos9ZBXihmeT1rvQbS0mgYt0XhEbWzxeLg3wlV2KI4sioy1o%3D%7Ctkp%3ABk9SR4CI5KWZZw
Mahavishnu Orchestra Jazz Rock Fusion Band Music Gift Tee T Shirt 2223,,£7.95,+£4.35 delivery,7 Mar 2026,0,Brand new,https://www.ebay.co.uk/itm/314933129678?_skw=new+rock+boots&itmmeta=01KK55S0DV36FXSCG5N7WGBN6H&hash=item49537a31ce:g:DzYAAOSww2NlRClw&itmprp=enc%3AAQALAAAA0GfYFPkwiKCW4ZNSs2u11xB%2FSNmcMifzJ9nW1ih5dL6xBQSKC4A6OYFwJL1UhxbqFboi%2BNyC00WPrn4wblIFfQGMUip%2FIqgHuWJPm9bH96QgFyP1MJ9vr0hEEoory%2B6DgQHzoFJzyi%2BRFHyL8MCWgnwiJDNUgkt5IYg8JQ275Y3WNunGf6Ue7dOOZWKZ%2FYtLFrCsjaWAVNET9GM70TBAXDCnWHj5LK50HRlZ4kdboouBA3lyduKYCwVx3jTfTcp%2BXCYfsNjrNjCOlEd59GY5Uho%3D%7Ctkp%3ABk9SR4CI5KWZZw
"Mexican Baja Hoodies for Men/Women, Jerga Hooded Top, Festival Hoody Clothing",,£18.85,Free delivery,7 Mar 2026,0,Brand new,https://www.ebay.co.uk/itm/123477495300?_skw=new+rock+boots&itmmeta=01KK55S0DV634EBCC84E9QBCMX&hash=item1cbfd50e04:g:Mf4AAOSwIDBb4w6j&itmprp=enc%3AAQALAAAA8GfYFPkwiKCW4ZNSs2u11xDPtCZS4FcOlITxh3fNtz6NTdANncZOoOzqalhdnqzKjRT7td7vveC6zo%2F8GuAz09TDkncjwTGs6RacG32fx2Cp5wUVlm%2BjOYtQhacW4RYXlUanT5uGM63%2BkllrSk6VC0%2FU1VqHnOck8WezlqLYPgHDSx0SUbM1X6IEYzgOdcIT5sAR4pPIx2BI4DXw5NnFqpaVPfcE4ZbLXn72NE20pl9ZZWQFjsJ2OZjompmVUoXkkf7U93xO5IoTl1c6wlIh8PXRjWM78lXxvguLlVjrznh9Mvae%2FP%2FjS%2B9GDygoTg0xaA%3D%3D%7Ctkp%3ABk9SR4CI5KWZZw
Megadeth Youthanasia Tracklist Black T-Shirt NEW OFFICIAL,,£17.49,Free delivery,7 Mar 2026,0,Brand new,https://www.ebay.co.uk/itm/116237060085?_skw=new+rock+boots&itmmeta=01KK55S0DVPCP96ESMV2Z9D2M2&hash=item1b1044c7f5:g:5ZgAAeSwr-VpM8pU&itmprp=enc%3AAQALAAAA0GfYFPkwiKCW4ZNSs2u11xCCI%2BdxzARR9Y4XAQe%2FQ1CBXIrcewvbVUUQEHwV%2FtwzGWmyQpwb88PfEp0lej0cP9--sp71ROwrRrNtDit%2Budb%2BXd2aBab1SibrwV0pRfhBGFIWdR7cwZZgceDyz92U7S7H8A%2F0vRRFu%2FX3%2FwF3%2BcJIJLDMjZxYlJWkGTvliKfqdAY7Tw7BuRr2Ry2sYIEohZYkVl%2Bw3m5lzGD%2BPujrH%2FhecaHsFJ5DfiRnAgs0uLH6HSWM07NkWNswLBAJy%2FuvECQ%3D%7Ctkp%3ABk9SR4CI5KWZZw
Anthrax Baseball Cap Band Logo Amongst the Living Logo Official Black Strapback,,£14.95,Free delivery,7 Mar 2026,0,Brand new,https://www.ebay.co.uk/itm/297961290628?_skw=new+rock+boots&epid=13029912360&itmmeta=01KK55S0DVBRFHQP6D65N2R5R3&hash=item455fe07b84:g:OXgAAeSwVZdpq7Ya&itmprp=enc%3AAQALAAAA8GfYFPkwiKCW4ZNSs2u11xBmve%2BK5bcabAYD0xy9Wmr%2B4CxvcVfzUj6KIlJCsgd1joIoVZ8q8i9QNXfeqDIXHefxhw9CL7K8wzL9GGoAsVyv2NIMPgt73URV4D2SpIE6GNshZuZEBXHGUF5HWDRh25%2F1rvirq95g4VfiqpalIVTrbTKyuG%2B9E5oEYPSQGRHlsCMtwVx2BGcBL5yxrhcBavDuk3aKM6vmvUnPxw9%2FBYyN9Zbf6Pf2UjgxAwl3e21BL%2BYP6wbIsRHAqbXdm2kUTB8pj0jFDgIkW3uu4mk910CcsV2SO1GfJtB4tgBKCMaYyw%3D%3D%7Ctkp%3ABk9SR4CI5KWZZw
U2 Zoo TV Tour NY Poster 1992 Premium Carbon Finish T Shirt,,£18.95,Free delivery,7 Mar 2026,0,Brand new,https://www.ebay.co.uk/itm/198109366011?_skw=new+rock+boots&itmmeta=01KK55S0DVDZHHPPCYH01ZXF68&hash=item2e203d06fb:g:M4gAAeSwH1Rpqayu&itmprp=enc%3AAQALAAAA0GfYFPkwiKCW4ZNSs2u11xAcypzjUllQNM6d4iRvnJUY563uUKP3m459saVmX6Cx%2F6vB%2BJYj003f0wdTZvuSeOXJqnjb6uA2Fn6C5w3%2BoJ7dGarHPDCLNzzsE0AF5xH8Pxtr38H9IRkdlbaKpbAxlK%2FytlbWKhSCR55KRXlmVFZNkc%2F4Zd8g0l%2BKoSU60Xh--IYivhI1idXIUOUvp6V7qMMhM7J%2BXDauaENTF2lDUEBxy0aVxisg2ojWkz1PuA8hTEGGQc%2Bws9scRCpXP9v6s9I%3D%7Ctkp%3ABk9SR4CI5KWZZw
Swans Noise Indie Punk Rock White Unisex T-shirt S-3XL,,£14.99,+£3.00 delivery,7 Mar 2026,0,Brand new,https://www.ebay.co.uk/itm/284754240359?_skw=new+rock+boots&itmmeta=01KK55S0DV2F1QKBZEQ7JZ3VH3&hash=item424cace367:g:1c8AAOSwbUFiTajp&itmprp=enc%3AAQALAAAA8GfYFPkwiKCW4ZNSs2u11xDZBPNN2PUBUyWqNglHYon8CFtSUBjQxtb06tjGgTQAXHy9zg1vzcLD3eeMUYpoM72spNzqUzecMFBAPRZehNkz6xNDAufZbC%2B%2BYu8nYBL7LWfCmXtlNA7vzuKOQlYHZqeN33aoiqJtsnooMgFAUKvvxVKV1R6KaVDDFD%2BrmINCr6DnKt%2F9cot93DWMeoBriGCbZ8jitw4oePnmVFIOIrCDSzxXQcILq4CGQ9wgRD6KAc55%2FddxhTsJjLnTxNdrEiJv9hV28Jwl1SvZsnHouoc7rdnfAfMxpfpLUBJWtdinPA%3D%3D%7Ctkp%3ABk9SR4CI5KWZZw
"Dulux Tester Paint, Rock Salt, 30 ml (Pack of 1) 30",,£9.85,Free delivery,22 Oct 2025,136,Brand new,https://www.ebay.co.uk/itm/335974861557?_skw=new+rock+boots&itmmeta=01KK55S0DVHPDX38HRF1RWWCRM&hash=item4e39a98af5:g:Sj8AAeSw52toL-sv&itmprp=enc%3AAQALAAAA0GfYFPkwiKCW4ZNSs2u11xCsLUweRAdeHOtEGubY8lugHK1rcyxZWciFLPWsqwGQX0%2BCJGTm6dmroCVkPazJauX03OlqkAyOpKsVbHqKXXh%2BshswPxQsIZACYgy9vOlGb8Q%2ByzE00zckFWTuvVmX69tzherevZHrrFStGywic7hw4uKWXdLTmYonAxs%2FKh0BwtKl1QhRSqGUSynZ%2BlQ9Wa4xXb0VkYFh5qpvVVdMzSh8XvGuptqJYQ2A8oDVE8oyKmkjnah43Dv%2BB6vjj84pBUI%3D%7Ctkp%3ABk9SR4CI5KWZZw
Golden Girls Squad T Shirt Best Seller Top Tee Unisex 4134,,£8.15,+£4.60 delivery,7 Mar 2026,0,New (other),https://www.ebay.co.uk/itm/394791192197?_skw=new+rock+boots&itmmeta=01KK55S0DWH7XWJQQHH2DAD40E&hash=item5beb638685:g:59IAAOSwmAZkzWiL&itmprp=enc%3AAQALAAAA0GfYFPkwiKCW4ZNSs2u11xBJ2QYz4H2s56%2BtmUYdhDsmXDssFqshf4syF1wwj%2BoP2Z3sLHJMonnQ60QEDjeFbmXvWYRr0J2yuUlK%2Bus%2F6q6KpbCrUp8jTClhhST8ZcnIVTb%2B9JOsxXnv%2BcLgOOJ8GcPRE3AIxhdNa2yEFhsZ5PbosH%2FfKqYghGr9EoR1DFivuXLyVKeOmH1POqhvqyCyVMtjXkhLQc%2FkfoZXEh5Qvmf0TVzeKwBC9WSnaCPzU54hLhtX4nCjDnE2BqSh0swhY3Y%3D%7Ctkp%3ABk9SR4aI5KWZZw
Mens Scruffs Switchback 3 Safety S3 Steel Toe Work Ankle Boots Sizes 7 to 12,,£53.99,Free delivery,7 Mar 2026,0,Brand new ·,https://www.ebay.co.uk/itm/375533528265?_skw=new+rock+boots&itmmeta=01KK55S0DWRY8FRSF5ZS6W5J69&hash=item576f8ae4c9:g:8kcAAeSwIXNplaRG&itmprp=enc%3AAQALAAAA0GfYFPkwiKCW4ZNSs2u11xD0RnN3cIn1mtpikU0FU4jW3qSsVfCyqzR5L1aMlLgR8kipxxjFrv%2Bwvon1OOa7vW1xn0wNK86kEi7DuWV0GbRD%2Bpix%2BQP5k8GicOhFl7XKX0wpePkt7NZuTTeFJQYS59wuxs3Qm%2B%2Bc29OAcnpsVB%2BNcV%2FQg4noOdprxRrnTSw5MHkK%2BhyskRqz37bww1JihZk%2FuBluM3EPapqkOUfoYoowIhtZtf05crh7ofDWJoBQby%2BStTSeluc6xsM6tp6LF7M%3D%7Ctkp%3ABk9SR4aI5KWZZw
A2Z Onesie One Piece Super Soft Pyjamas Jumpsuit Sleepwear Costume For GirlsBoys,,£12.99,Free delivery,7 Mar 2026,0,Brand new,https://www.ebay.co.uk/itm/381381830247?_skw=new+rock+boots&itmmeta=01KK55S0DWDXV8PW75DESY442X&hash=item58cc20e667:g:iwIAAOSwXENnUYlv&itmprp=enc%3AAQALAAAA0GfYFPkwiKCW4ZNSs2u11xAK8fsKG0QQ2o%2BH23ovEDOmMVB22B%2FBeO3r6C677nDotZYPEjDUSkMiOLVx3%2FOCM2kzqIC5mYZoJ3IV5%2Fig8vrn4949a%2BVGaiOu9%2Fr2I2rkcYQSuU4gwe1Tb6BZLfJCv2HkTpeVJwQLBsylOEotBTQk4Mh8Ga1kPobJ%2B%2BMeYJRN6oIqQ6bjYTqnjjjWWC5%2Bf9nMEsXPQPwIzGOWFbZJGxpUf0rhNnc0xbcl%2BTEimszv6Y78SP8ryzOW39dVxvwESUU%3D%7Ctkp%3ABk9SR4aI5KWZZw
Shop on eBay,,$20.00,,,,Brand New,https://ebay.com/itm/123456?itmmeta=012DEW30YG0MEEKND7NH&hash=item123546:g:acwAA9KNiJowH:sc:ShippingMethodStandard!95008!US!-1&itmprp=enc%3AbgepL1tlUHjMGCVfSTGJh%2BzsVKeJ3CQk7NizDI4BZeppuFnmyS6Ijyp8lh%2FnEw%2BWqO7uTV1Q6izE1R0T54aV8j71F4xlWfVcGft4%2FiOQhtqVXA1rW6M1atPARQRmhqUxtEPJKhKtSFgI%2Bvwlzb0GwVCtkp%3ABlBMUObkmabpYw
Shop on eBay,,$20.00,,,,Brand New,https://ebay.com/itm/123456?itmmeta=012DEW30YG0MEEKND7NH&hash=item123546:g:acwAA9KNiJowH:sc:ShippingMethodStandard!95008!US!-1&itmprp=enc%3AbgepL1tlUHjMGCVfSTGJh%2BzsVKeJ3CQk7NizDI4BZeppuFnmyS6Ijyp8lh%2FnEw%2BWqO7uTV1Q6izE1R0T54aV8j71F4xlWfVcGft4%2FiOQhtqVXA1rW6M1atPARQRmhqUxtEPJKhKtSFgI%2Bvwlzb0GwVCtkp%3ABlBMUObkmabpYw
White Lies T Shirt To Lose My Life Album Cover Indie Rock Pop Classic,,£21.99,Free delivery,7 Mar 2026,0,New (other),https://www.ebay.co.uk/itm/304997720712?_skw=new+rock+boots&itmmeta=01KK55S7K5YFFSCRTK6FJBXXVR&hash=item470347e288:g:-1kAAOSwertkmBJK&itmprp=enc%3AAQALAAAA8GfYFPkwiKCW4ZNSs2u11xB08XgibAKU8sQecLBEh9dqoAf46OuUH08AgVSLaw0pPdM%2F9G3qExKuhy2%2FQX0aQsGbJR0CsIkUv0cNgJv1FhW5anlyKbLwuFf8wW6vE6TpACYDWMOBetjN5AoyBLs5ExCnA1hel0AJEellZSO%2FofwnxJtF46girQUQ0teccBEMUNkwR%2Fceg%2FjQKW%2F6AUMDMe6nHrhWjwlntQKIVpRtnOxSEG03aXf1e6fahSoRrKJp1Bwu8id14KjkJsSDt%2F5c5epincF3YVySN7lLRTDk1iG%2F2fPcvKzg45AD8K4vQmplmA%3D%3D%7Ctkp%3ABk9SR7L65KWZZw
Official Oasis T Shirt Maine Road Event New Blue S M L XL XXL,,£16.79,Free delivery,7 Mar 2026,0,Brand new,https://www.ebay.co.uk/itm/276625990699?_skw=new+rock+boots&epid=17079309540&itmmeta=01KK55S7K5B5YTN5R4C58AS25B&hash=item406831a42b:g:aVwAAOSwws9m3WsJ&itmprp=enc%3AAQALAAAA8GfYFPkwiKCW4ZNSs2u11xCqDGKgniWu8heamd%2Frb%2F5Knq1E7%2FxLsCBV1HZvEk7Nvzawx5nGWQsil%2FiF4RWp95y%2B5NjYWG7ENbRCp%2BwiFqXVKhLD4f3uU4hjSsE6ZlwnKX5H9eGxto%2FT14WtYNiIdLTiQfSb%2BwOiVdor4wl25b%2B1fkoHQyfPmORAx0b4Xnn0wONu6Z1h9ew9rz%2Ftvdzcm5PtIU15PWpoFRFR38nAlMIHYUeIoKdFOdgbtx4x5%2BJw5nEbGRAfHt%2Ft%2Bt45sMaz89hYD9HBfGbFXzPoGfhM6b2ozeQs08bJ2s1tq0XT01pPJQ%3D%3D%7Ctkp%3ABk9SR7L65KWZZw
Women Capri Trouser Elasticated Cherry Berry Cropped 3/4 Ladies Plus Size Pants,,£13.92,delivery in 2-3 days,7 Mar 2026,0,Brand new,https://www.ebay.co.uk/itm/252423384804?_skw=new+rock+boots&itmmeta=01KK55S7K5K7EPAEAW24A8KGQZ&hash=item3ac59b2ee4:g:4xYAAOSwngViPnma&itmprp=enc%3AAQALAAAA8GfYFPkwiKCW4ZNSs2u11xD9SAQJm%2BG66hPCgi7KsgAV8DUjmGcRNhHzgFbMd6Pjc51L%2FmgWRgLVU5j6vnvy1jXcxi6pYMNhrHf78bDaSChekgKQTYEIMhfBs8y4DCQNVdfSnfa4z%2FfAHRc4ry%2FmWMkZ6MoVlSZRSKiuvZlOBPfowcQAiL4SZ%2FSdpHk1xGW8D%2FmkuGhoLJZa9ilbP9fUx%2F3iSr31F0MOfG4WeOkr%2BsA0abIEiyPIDw4XHWS6btK0RxYp07k8Niq7CVqqosJMKgTZENWDma8eZ9h78v1co4GH0H0eispxTgNldANb6j0TLQ%3D%3D%7Ctkp%3ABk9SR7T65KWZZw
Motorhead T Shirt England diamante logo new Official Womens Skinny Fit Black,,£17.95,Free delivery,6 Mar 2026,1,Brand new,https://www.ebay.co.uk/itm/198086410215?_skw=new+rock+boots&itmmeta=01KK55S7K528E39GAEZ0JTEEEJ&hash=item2e1edebfe7:g:5x8AAeSwYXxpqabs&itmprp=enc%3AAQALAAAA0GfYFPkwiKCW4ZNSs2u11xCnIFLhs%2FsHt2mUB1DOLB6JGu%2FUJmTzKcXep%2Fftz0n6U%2BBaweF4MPkttAj2nPPucYy%2Bqs%2BSsFT5XNldu2%2BIKYVVWD9GMqlzc3DChsb5%2Ban0Jme%2F7%2BM87NFQBoJaomcf5mRzxJQB%2BYFPwmMERjjh88EdRlnkHs1k9EPWSEGJHIRNw8USSocF2RbqZ%2F0e0x6sdQ6NiNrOl96%2BpJ%2FXZWnsllpxF6MJSBT%2Baw4bjAznKDYZ%2F4jBP58RLH%2FRap%2Fkw1n62Y4%3D%7Ctkp%3ABk9SR7T65KWZZw
Mr Bungle Tractor Metal Funk Rock Retro Music Top Tee T Shirt P11,,£11.95,Free delivery,6 Mar 2026,1,Brand new,https://www.ebay.co.uk/itm/204411318202?_skw=new+rock+boots&itmmeta=01KK55S7K5N5MTNTTPPS9Z3PXW&hash=item2f97dd2fba:g:hacAAOSwcqBj-Mvn&itmprp=enc%3AAQALAAAA0GfYFPkwiKCW4ZNSs2u11xDKUFx0%2FPZzjDmxl1Jr%2FvLHR5%2BFL1brRc6tLZeIHYWIXLdPbPZ7S5tISUWsxn%2Btg6lut%2B2vSebhDVszFU5152HJC919PlHZYMI9JQ00aBhgn%2Bc%2BDsgLOg6NqTFpMjXkBHJEpIFkjuHvhXitRk%2Bt0EDOVq7S2OWk44yWxY1XZZ6l%2FL7NUyLE%2FKY31Xmn67lJaEWFv57UZqq4XJ8hHUme6Nd7iaaHcN4s1Icy6%2FWbvSuvqIH6D0%2FHXKWiLJfHzpS24As%3D%7Ctkp%3ABk9SR7T65KWZZw
Mens Slim Fit T Shirt Muscle Fit Gym Top Designer Short Sleeve Curved Hem Tee,,£7.99,delivery in 1-2 days,6 Mar 2026,1,Brand new,https://www.ebay.co.uk/itm/223376836679?_skw=new+rock+boots&itmmeta=01KK55S7K567QMVPP629KQ0FTV&hash=item34024c0847:g:7ZMAAOSwLVNdCfHo&itmprp=enc%3AAQALAAAA8GfYFPkwiKCW4ZNSs2u11xDfl4wGzVtmVy79gUkFMKFZSDFp3s6qXv30PBHvNw6wZHnIoZKchYrSfI%2BjkoJ1noVJJa3kgZk9qIEbVW2nl08g%2Bf9ncF%2BPMHkKgKvo5xhVrJD5RU6TSbpgj4eOxHL7RoGYoQwpSOO0BrIVn3kLOM4V%2FIzRZHXN1fRY18BtgxNAHcChwGGlT7wm3ov9fbyfxLPh%2Br6oRRxBzlUdgAm9bd%2BOKFf91fbgz2BwAsLI4FcBS4d4qxIejUu0yCK3m5vsTHbed1AnwB5wKv9uuzLZxysDGZ9Rrl9eTiTIZh9fgVE6YA%3D%3D%7Ctkp%3ABk9SR7T65KWZZw
Stone Island Men's Jumper Size XXL,,£59.99,+£2.94 delivery,6 Mar 2026,1,Brand new,https://www.ebay.co.uk/itm/136904811251?_skw=new+rock+boots&itmmeta=01KK55S7K5B713BSYDDA18MANK&hash=item1fe029a2f3:g:eiQAAeSwkoVoszYA&itmprp=enc%3AAQALAAAA0GfYFPkwiKCW4ZNSs2u11xDqJ1ink7YRP1PAR8RXVMReLHKLvajlWHblD8vQqJ6eEkEjTqFsyEWzksX1XZ6em%2F7fmrv43sYoaIWSAfTFvnM09HqIUa9xf8CQsWFaIJF%2B%2FuTKBt7jUHUeFDWUAskY5--af3S0O5TD9haNTlznEltXMekn%2FOAHBhDUGpj8WCLtLi9NaKFwtdNzGiz9AGWz7%2FVJ1TgSTx6b93k7lR%2FHrKveJDLs5skHndVuYBzuObD%2BasE5Jc4aOHWPI3xc5ooBHDs%3D%7Ctkp%3ABk9SR7T65KWZZw
Official Oasis T Shirt 1996 Tour Stripes White Ringer New S M L XL XXL,,£16.94,Free delivery,6 Mar 2026,1,Brand new,https://www.ebay.co.uk/itm/276719105681?_skw=new+rock+boots&itmmeta=01KK55S7K6Y3G1ZV6PAVK5ATNB&hash=item406dbe7691:g:Fp4AAOSwSHxnLJUY&itmprp=enc%3AAQALAAAA8GfYFPkwiKCW4ZNSs2u11xBUXZsoC3IlOfWHr7AOqNEyTxbwWhGaqijt2wADCrauQ--1%2Bd7IaFIobSPt29ujq1Gs8mkUteJi9%2F3IRe9Qy5TfTn3A5e0W5b0VPlK%2FC2VdeiuYpj7WuYPb1LOlRUOCuVRlBIGJqwIdcl2UC0kBhhH%2B%2F0C6wMLk%2FTyPtl7XhshgjZupwIZ93D96LnPqR9wlv%2B3HUU3w2qi6lGVWU7H5zW1Nsk148NpOS02mlPoBNDKcrQfaqCrmO73GCJms3tv0sk4vZo43hi%2BV07CtCybhYhY%2B9UVRXRr9nut6%2BVkLhfJ61w%3D%3D%7Ctkp%3ABk9SR7T65KWZZw
We Are Scientists - T Shirt - Indie Rock Post Punk Music Band 90s 00s,,£14.99,Free delivery,6 Mar 2026,1,New (other),https://www.ebay.co.uk/itm/197775906434?_skw=new+rock+boots&itmmeta=01KK55S7K6VJEE0YMG4CNNX654&hash=item2e0c5cd682:g:9KsAAeSwsqto7~DC&itmprp=enc%3AAQALAAAA0GfYFPkwiKCW4ZNSs2u11xAeuBTjYwnpYQeR5JOZ1nCz0KURLChj%2Bx5eIA8mABgq7U41D17RUtUE1%2F6ft9kD9WbKZvssE%2FL%2BCSCZ47fprNsngdqz6Mfq8o8oLk7YqRFZ2AuU3bifB3t6NCfM1qREolkb5pYNvf%2F%2BfeXjFzZmTkLJA1i94xTsBILVr7dH5LZGHrbpb2mkEb4E5rrZHWp8qpONFYO0k4huruxurJ5lq3iP3sK1BM5LtQ666K0zbbALZjtDpiJAYWhPXS7hXOGskNw%3D%7Ctkp%3ABk9SR7T65KWZZw
Metallica - Basebal - Hats - Unisex - Headwear - D1362z,,£18.90,Free delivery,6 Mar 2026,1,Brand new,https://www.ebay.co.uk/itm/376978795017?_skw=new+rock+boots&itmmeta=01KK55S7K67D90MW2318SHZEYK&hash=item57c5afea09:g:MMAAAeSw2Itpq0KA&itmprp=enc%3AAQALAAAA0GfYFPkwiKCW4ZNSs2u11xBSkyu0ttnFytkuMj8Q9roQ6Lv2qLmuoiavU6Ehzlmf%2Fx8QkvP5jKozdAm2ns22QrYx6PBxNulkdkbwfXsjLENR3XXHnZJLx1RJHct4%2FdwxyPtnWj0Sb43yQjSdCShpbADYl%2BbHcWokhj2hGDbyAmJQSXKG4j7NPySNiojjOjqOWYzJf%2FK4G9pm%2FpWgYRSachR8PKZQF%2BnQJ%2F3nd1Je%2F8h%2Bt37OFVKjX1gId9Dc2hjj3zpv7e6Flk%2F1WnMkMT%2FNhoY%3D%7Ctkp%3ABk9SR7T65KWZZw
Stone Island T Shirt White xl Will Need An Iron New Perfect,,£14.00,+£2.94 delivery,6 Mar 2026,1,New (other),https://www.ebay.co.uk/itm/317961532091?_skw=new+rock+boots&itmmeta=01KK55S7K6AETTZA02D0CPRKZ7&hash=item4a07fbf2bb:g:XT8AAeSwkC5pppql&itmprp=enc%3AAQALAAAA8GfYFPkwiKCW4ZNSs2u11xCw8YbVyqyC7veCq9pomG4ElBlAaPntRHEm6OFch%2BFRq7sVzyQ7YInPA0lDY0AqRPJjgjQxkOhXmxVI%2F96qARTLhA1UporvTTHk3Ihei2vQug1PBz2%2BlpFBx8lpol0T3nsU0KIKQmnyXXxOdT4ZKOm%2BKKr%2BrJQblkwmec1ZSkSHakavCL%2BnnCRT5eieQYC94IiMAyHa8ldrzwBAJjLQTr0ht9qEbxVki5grc%2BbBVGMOHeTOuh9qnF0ejKX35B2eTs52yarAXUaIROofbHbRoItRNTE5H3PFrA7YRu6Ef0U7Ww%3D%3D%7Ctkp%3ABk9SR7T65KWZZw
Men’s Extra Large xl Grey Stone Island t Shirt,,£9.68,+£2.94 delivery,6 Mar 2026,1,New (other),https://www.ebay.co.uk/itm/317927114667?_skw=new+rock+boots&itmmeta=01KK55S7K659NNV9NS5J0382QQ&hash=item4a05eec7ab:g:yJIAAeSwReVpkgzq&itmprp=enc%3AAQALAAAA8GfYFPkwiKCW4ZNSs2u11xCe6KVrhPCPY0FuzPPFupD9PqDlSTf9k2zdZ6ByHU2GvBKg209G17g6o%2Fs2aeZQqoPw0IXsngqgDR%2Fv5FBT2Mw%2FCJpPGuAwB2jGSKdC9iN%2FdWjVcGNDDiis6rPrqGQGrHH2aURCC77mnfMTXfxEWz2SVofS5lWUV4sf1Eemfbc8C40FbNjjY49ePZBtGTp2TgaDN1mHQ6J9vJvJ0eO3tWxkZT3RObI7GyQTQXsDH0ZfuqIwF3jHFZcOqfgXhPIbqcpn5WCAxGT8OJ7xaUcESYX5kF7MAyS9lpGkS1nOdlHZDA%3D%3D%7Ctkp%3ABk9SR7b65KWZZw
Official Motorhead T Shirt Good And Loud New Blue S M L XL XXL,,£18.49,Free delivery,6 Mar 2026,1,Brand new,https://www.ebay.co.uk/itm/236058749264?_skw=new+rock+boots&itmmeta=01KK55S7K65BK8Q9Q3MVFZNXSJ&hash=item36f632a950:g:Wm8AAOSwB9hoAQc2&itmprp=enc%3AAQALAAAA0GfYFPkwiKCW4ZNSs2u11xB4eJySI6rzx0JiGmZGzU4miCr%2BRJs0Y%2BXXzK2MV2OjlRX3gQNKpgYWEGOojeC3H80UClYlYsglOErxhB2e79MUv2Dv7NlvYTFTJ73qkNRWLNlWIaykGi5sviNwYwBMEywxyLGr3VkYO7QKVZdTkZBT%2BSJrzYWTkBjElS06ofJVbCDUAQRPIKzZQgIRJwtRVnVtoliCHIuUsk2OKRNxxWMadQh0nanejbYESEEkI9NPnVZq95%2BBZp%2FG9%2BWJWra%2FGng%3D%7Ctkp%3ABk9SR7b65KWZZw
WOMENS PLAIN SWING VEST SLEEVELESS TOP STRAPPY CAMI LADIES FLARED UK,,£5.99,Free delivery,6 Mar 2026,1,Brand new,https://www.ebay.co.uk/itm/256109766528?_skw=new+rock+boots&itmmeta=01KK55S7K661QKRNXREWYRWBPK&hash=item3ba154e780:g:PGMAAOSwiIBkieOW&itmprp=enc%3AAQALAAAA8GfYFPkwiKCW4ZNSs2u11xA89TKdjIqOYDUdw%2Flg8JKzolK09hCRRiq9utcxo1l4fp%2FzEnSCPdCg4aal2JLWC06hOQJsQKR2%2F568lq6ZYn%2FrMB09BGzGNIgznIf6vPxJmUBWfwbibIuINnPjToQ038KAaoRgfTSAwQlMnqywNN8ygkHiQgcoB9MRBfwKEYmBLd%2BGlzMd9qn1Cu1fGhqW571AhDbZV0gF7z%2BEbOIrpQGGeMFXG2XXwT30cPuFa25bIuhz0qVUWTt8mjwHIgk%2FQfUSacZ8bwGjdIWPwkHMOYsPDeqZNUVguW5avQGVnUlt8Q%3D%3D%7Ctkp%3ABk9SR7b65KWZZw
Motorhead black T-Shirt - breathable polyester - Another Perfect Day - Metal,,£10.80,+£2.96 delivery,6 Mar 2026,1,Brand new,https://www.ebay.co.uk/itm/187743990981?_skw=new+rock+boots&itmmeta=01KK55S7K67Q8SV10RGF9BCCZ6&hash=item2bb669f4c5:g:sroAAOSw545oRJwe&itmprp=enc%3AAQALAAAA8GfYFPkwiKCW4ZNSs2u11xBJ8u35R5u%2BguHEtjq7vbJupvv97zUZ92LYqugfPsfS6JWFIDuIGmnJsnPioRYUjSh0KT53gIp2xle2G3msCgwesXnY3OrajGxwlNCJMl1bJVxfU4mL4NWAnmhTXI2%2FcujJ2%2FK1fU8%2BN1RwPdcq%2FPhOY2rWX%2FE5DCtMmyyQuA8vGBNItQjTLhxxa2RS5KQrFqJ4l58%2FzN32W0Wg7LS%2BX0o8Anf3eY0SIoDxat5QZ0FYsNzIWt3DCQTkIT1fRVj0ERVyXQ%2FvyY8ExBAjyp0CSRWSwChwMie4aORQ89796yVy1A%3D%3D%7Ctkp%3ABk9SR7b65KWZZw
Motley Crew T-shirt - World Tour 1983 - Sex Drugs Rock & Roll - M,,£8.00,Free delivery,6 Mar 2026,1,New (other),https://www.ebay.co.uk/itm/306771815680?_skw=new+rock+boots&itmmeta=01KK55S7K60D20B418YR9C420D&hash=item476d066d00:g:AVQAAeSwQwFoowkP&itmprp=enc%3AAQALAAAA0GfYFPkwiKCW4ZNSs2u11xCfb%2Fb7WoLyIj98tGb%2B0Xr%2FT4jonbOQb12qbnStjHIrloV97mbBNz5F7rjsoSE6eMYVS61vIvlk9fCQREaK5kgggo5UPJON5aB15dgGvVJBb3oDj%2Fwml6nxtosSyO3tXbUYZER6zGL2%2BnvzeZhFWtdWKUfw6p%2FG5%2BCQDORCwAiSSxH8%2Fho%2B0m2Chg1PWRr9hxVlZBc8AFpZDH4RVDvSYDfEycZ%2BIkrNQaXy2GpTdqHir%2BdwFBmxVIcbCEXcSKvHb2M%3D%7Ctkp%3ABk9SR7b65KWZZw
Metallica T Shirt Master of Puppets Photo Band Logo new Official Mens Black,,£16.95,Free delivery,6 Mar 2026,1,Brand new,https://www.ebay.co.uk/itm/198086454907?_skw=new+rock+boots&epid=1777687257&itmmeta=01KK55S7K6ND5M0FEJTK1JT860&hash=item2e1edf6e7b:g:Jp8AAeSwGSRpqach&itmprp=enc%3AAQALAAAA8GfYFPkwiKCW4ZNSs2u11xAfSwRPNWtfXqGYkj1gidpMsRQ8MKi3g2EQQvrrx2JAe5GxsfyCPGRn6agRWu2BE1ZbjpkGpXplq1AaETg0zOpHwrv6acZ8hqQ%2BAMvVrg8MCkPSc81D7BsqnqCcFx7orwo2U07d6lxCspxoXpaoKICcco3GgCTTDBDvDmBEbdICDtosx3uQ%2BDOPlnha45EjVr49cb%2BnY8hL6fASGbS9WgFBQPKAh1i3chgrv2Z%2BBTTkteyz6weLHI72saI0GamxCoochWv6qgFCSxQKbfyuSN1mvO%2BCXiIVZWC2oRp9HYlfFg%3D%3D%7Ctkp%3ABk9SR7b65KWZZw
NEW WOMENS LADIES SHORT QUILTED WINTER COAT PUFFER HOODED JACKET PARKA SIZE,,£22.99,+£3.99 delivery,6 Mar 2026,1,Brand new,https://www.ebay.co.uk/itm/125539309167?_skw=new+rock+boots&itmmeta=01KK55S7K7QRHCHKQG8WV4HHYN&hash=item1d3ab9d66f:g:ztoAAOSw2SxmvNS7&itmprp=enc%3AAQALAAAA8GfYFPkwiKCW4ZNSs2u11xCQCCf5DZ1z1TaB6Xe%2FNdbj%2F5YliuueJv9EW%2Fzd%2BG3HOZw%2FOAEP4IbkLdhVfq6rkZNuIWCAz8MJEE%2FPwphKZ1tXdsD7EjV385WWjPM7iYlh2GqW4Jb%2FJRtZc0NtnIFUzvmJHazw56FfN8Ie11q%2Fr16ZdDpqnTC7ZAtP9pxqTUBx30YnCXEaFrQ77bAaXfguKXHCsxcNkuEMuMjYQr8kaqsMGet7bcGbqWPvajSmWokz7B55R5rdw2wHb6%2FSr6J%2BP5gzerA3arsTLwyeYb5RLGs3gDfTQ7QPi11s3h2vI1mIgQ%3D%3D%7Ctkp%3ABk9SR7b65KWZZw
Manchester United x adidas Stone Roses Track Jacket Black XL Brand New With Tags,,£109.99,Free delivery,6 Mar 2026,1,Brand new,https://www.ebay.co.uk/itm/317868586967?_skw=new+rock+boots&itmmeta=01KK55S7K7XVDZ6KYZVYDSA0C8&hash=item4a0271b7d7:g:PJ8AAeSwQGJpflcl&itmprp=enc%3AAQALAAAA8GfYFPkwiKCW4ZNSs2u11xB6W2GoeeV5SzfY1i9VotrW%2B2Hx37nVIIj2zxRoRp6JRHWD6L24pfH3JLPHnSh3LHrkZEQ9Sx8MqA1EmOcOA6phYkgmdRiNHKoDbNL9RGxqyFgMSLfh8MeuPbVhb1e%2FdpzhKhAn5ep7lqJs3kKONnc2CJNrw3twGAMbEd2vTAnecbCMi5BUJ%2FsJEXZaeUPGMOZrYxIkfgdl11pm3QEBnKhL%2FqV0JrbzjHv9qPFmzhc%2Bc8FLNPFIA3mQg7c03WMSqqd6QovXWV%2BXWnLYZgQ1JpnK2TspIRz6k7EjHgXWwJpYUA%3D%3D%7Ctkp%3ABk9SR7b65KWZZw
Ladies Boob Tube Top Strapless Bandeau Plain Stretchy Basic Vest Casual Crop Top,,£9.47,Free delivery,6 Mar 2026,1,Brand new,https://www.ebay.co.uk/itm/333930564165?_skw=new+rock+boots&itmmeta=01KK55S7K7BE3K0CPC4PKTQJSY&hash=item4dbfd00a45:g:TuMAAOSwrOhjvvO3&itmprp=enc%3AAQALAAAA0GfYFPkwiKCW4ZNSs2u11xDkYDkn3fKfRi0tYa2G60ORa8EJthGu3yCMZ5PDyav%2B5YP4Cib4JZVW4KZe83D2%2BJjO1oCG6e4i2%2BFg9pRnnfEiA54YNsFuE0XmtEe%2FCrfdQPuVZttIqGwPIAjnUf190sy419xDs1Ht7V6tCi3%2FXp52Q7kvBe5gkHYggpoiy3odPY--NSXAZszTZ7BDPbsy0JRKsxS%2Bizhhg8WE2u6Q8HRpjZW39M6LHQnLEaEeGpr2ftvH762rrimLnJ%2BmCYTD%2F0U%3D%7Ctkp%3ABk9SR7b65KWZZw
Kim & Co Size XS Top Deluxe Brazil Jersey Sleeveless Vest Top New Tags bx4,,£13.00,+£3.60 delivery,6 Mar 2026,1,Brand new,https://www.ebay.co.uk/itm/336466562187?_skw=new+rock+boots&itmmeta=01KK55S7K7Z3GW472DB3V2AV3M&hash=item4e56f84c8b:g:FEoAAeSw4W9otwqs&itmprp=enc%3AAQALAAAA0GfYFPkwiKCW4ZNSs2u11xDqN03rFPDzjAmOvHT70b39fDr2wePxPodX9uKJaFaGFF4HLY6XpqCreDW3Omeer1yPQNCSyZP%2F1vc1d%2BBnNyU6d8CEP3V77TslEj2zaDaT7J%2B%2BhSf50nXS3WDwC%2BEwlrdRAF0WEGjbenE8K%2FQxePlvWrGVnPEuHUUGbX41TRM3tksNJLFZT%2FdSD7G85EJyEzgdHqrYAokcZydF4Iy%2FyKQgxezngf6rKmOkWeRzTm1ca8r0pWpCmR78ntmLpmfMr68%3D%7Ctkp%3ABk9SR7j65KWZZw
O'Neill Zepol Polarised Sunglasses Grey ONS-ZEPOL-165P,,£48.99,Free delivery,6 Mar 2026,1,Brand new,https://www.ebay.co.uk/itm/136877465529?_skw=new+rock+boots&epid=14065141788&itmmeta=01KK55S7K7XAVT9GZ9V9NP9RHA&hash=item1fde885fb9:g:AqoAAeSw7kZpSpTu&itmprp=enc%3AAQALAAAA0GfYFPkwiKCW4ZNSs2u11xC5%2B0e2xnfBT74KweqtWQKVXp9jkKgvKZej8K3HpdsVKPgJkGz09%2BF5HAwfYifurEcZTB%2BzgvR%2Bfcsa9JwwLQ79N5hLMRsJp6H0N1WKY5pyC3zXFrnCLeFUzNSGe%2BRPVZMNFy5DNiRrO7E2Wxx7Hls5J%2BM%2FhvctdNRjjL5r2xuG%2FSSco7dxdIv5tnnZ%2Fga1kKNcDvgVuO22RIIt7LJnhKf7Z9%2FOi7Unc5MH2xHnGwoO12wufPas0dpZRRAa8cb6wqQ%3D%7Ctkp%3ABk9SR7j65KWZZw
Lyle and Scott Chino Pant for Mens,,£19.95,Free delivery,6 Mar 2026,1,Brand new,https://www.ebay.co.uk/itm/404940918962?_skw=new+rock+boots&itmmeta=01KK55S7K76RJVQB34ZKRE1ZZX&hash=item5e485c10b2:g:8LoAAOSwE~pmKUSm&itmprp=enc%3AAQALAAAA8GfYFPkwiKCW4ZNSs2u11xBidIemaXTmvsPguLP%2FKraF6GFTV3qohwTn5Q5kCAC4RnBOCCGu5xOl4ReeAr3BrFCoElS%2B%2FiuS9TfY%2BxlW2SxcsX0LCARyNZZDDKkA4mABBKd3ijtv%2Bw8OPYSUvEtnNj4poisJTpbmlIKPPVmw5brSIboasOoXPcegPJbfFTPC1pjQswhF4XlULgOulcF%2BUABj0zM2t18yGKPjqNBSJX8UCkmVsn46mAvpCp9cIOHi%2F9IuRd4jXMZoLEF4bACQ0zOaoGdVR8Trh6pG0gO%2BsgIW5MLTfUdOWrQ2C9V87hoskQ%3D%3D%7Ctkp%3ABk9SR7j65KWZZw
Shoe Charm Packs Muilti Listing For Crocs shoe Clogs Trainer Charms / Pin,,£2.24,Free delivery,6 Mar 2026,1,New (other),https://www.ebay.co.uk/itm/314554622526?_skw=new+rock+boots&itmmeta=01KK55S7K7J945PBZJYG7N1TW3&hash=item493ceaa23e:g:A~sAAOSwcbNkSYF-&itmprp=enc%3AAQALAAAA0GfYFPkwiKCW4ZNSs2u11xDJH1CGtSwSAGmKBF%2FGXzK1uhaDNewnniuxvrqULm0sWMlzMCSiZO3YD3UnMtRWTZ9Bw4WqDTYmNSnccDVOmdQ7w2pesbu0SzKiiFzY7v5tuiLqI7i574TlmuPGcb0p2ND5LNY6hBK%2FV%2BnrgCloIC0OeT1s%2BqjkUJoSEm9Nrb%2FCIzm0QtZc1oBpkn2dglVqWcvfijkvcdTZr%2FqUhsCmnZC1R1KttXIY%2Bv2LOIBxOrQt5oswfYn10XkfGaLekIS9MZY%3D%7Ctkp%3ABk9SR7j65KWZZw
AWDis JH030 Classic Crew Neck Sweatshirt Unisex Pullover Jumper Casual Leisure,,£12.99,Free delivery,6 Mar 2026,1,Brand new,https://www.ebay.co.uk/itm/406441722591?_skw=new+rock+boots&itmmeta=01KK55S7K7TS49V6WCKWKQMSFJ&hash=item5ea1d082df:g:o0oAAeSwRohpLtbl&itmprp=enc%3AAQALAAAA8GfYFPkwiKCW4ZNSs2u11xDm%2B5mBprGDo7cDx73EAfoEoAyYl5svUE5vapdH4Hk5w1TK85bT85zl%2BR6WhQdn2BRkCO4Tpcgisb1X3XlbQpYtEvgdfBQSJB2KPWe%2Fn2KlyuBM17BsTuMYic4UPPttlllagwjNYCXIN%2BoRRp4%2F%2B8oPpmHSdI14JbCkBNZTAv6Yz4rEmRf9BbuGSGnE8sXM1RY2eED02z79tRKGQ8Oco7PyfFOPnYSUJN8QrU%2Bc2agwtCygatCoVp9W03zLDPwGcajvcscOHoAXft4qbRxJ31BdPY9bYViPHu1ZNTOXjqHRxA%3D%3D%7Ctkp%3ABk9SR7j65KWZZw
Women’s Capri Trousers 3/4 Length Summer Stretch Cropped Pants Ladies Bengaline,,£10.99,Free delivery,11 Feb 2026,24,Brand new,https://www.ebay.co.uk/itm/236210168776?_skw=new+rock+boots&itmmeta=01KK55S7K75KHSNDAHHJP4RKJ6&hash=item36ff3923c8:g:2HYAAeSwBcZoewg4&itmprp=enc%3AAQALAAAA8GfYFPkwiKCW4ZNSs2u11xD4onVt%2B7Vs0JTvS2%2BHkzTtHXiwpFmQ%2FKsybBSW8dE%2BBe8IEZj4S0ZI%2BXrAAIgLCG9Vb4ktezlJrle7uvg3bOHFOf66zEGNMAtqwKSLubgfu8a7uhPvco%2F9hozRH2EpuhMo97qQNQXd950Kve5cCiLvsodDq57kmBHeEcbA4seevxo9sNKzwcptK3gKYd383Qj3vSsi%2BNWIG2HfhPRTa9Eyjpfx%2FJMZjmNBhRwlVl5sha0NjK4z9opBFfmvXbNEZWZj%2BLIvdFatGYZnfbKW56Kf6E6KkxAyKg52E0jbfpX%2FnA%3D%3D%7Ctkp%3ABk9SR7j65KWZZw
Top Quality Jersey Hijab Scarf Shawl Wrap Stretchy Big Large Plain Lycra Maxi,,£2.99,delivery in 2-3 days,6 Mar 2026,1,Brand new,https://www.ebay.co.uk/itm/274515561562?_skw=new+rock+boots&itmmeta=01KK55S7K8FBK7TE7JP9CSHGHG&hash=item3fea670c5a:g:KGkAAeSwal1ogL3W&itmprp=enc%3AAQALAAAA8GfYFPkwiKCW4ZNSs2u11xDWdg64qYCdc9UbZo1FE3K%2FkGqpdREt1ASdq2Krddhob6jKTtCgLsriIElCu3CCAfdeEKSfO1wtss4GXvLQPc1iwXzkzTksexPUcF6KgoUmHHMUAJQEmyU6r1TnTYa9AC%2BEsjKQJDkucwXV%2F5wPike1AQB41yH4atBcFJOTu%2FApm46OHIDkXDQuqKWXVVDtlwBgUyFnhcTQiJilc6ecfpj0emRAjPdtTuGd1q2wCgFcaPRI6%2F9GHhBD%2FtumyqIqY1J9CmViLFSmHL701wexKXm2N6jgLqZGS8PIK1mZgau6rw%3D%3D%7Ctkp%3ABk9SR7j65KWZZw
Seasalt Women's Regular Star Rock Cotton Moleskin Tapered Trousers Coulis,,£22.95,Free delivery,6 Mar 2026,1,Brand new,https://www.ebay.co.uk/itm/317289942379?_skw=new+rock+boots&itmmeta=01KK55S7K8HT4RH91ZSR58WDD4&hash=item49dff44d6b:g:nnkAAeSwoUloyKjp&itmprp=enc%3AAQALAAAA0GfYFPkwiKCW4ZNSs2u11xCaIE7Y7yoVNR7eZlPIsjKMAkidKRC4ggK8KxBGHxJBBSD5FJvKACxB08QVToh8aJFf9LE8YLsfIMLQKO9Zm7Jl6gMnb1Ww6GgxLLB%2BHcadACuCzggAl8xrkBIFdf1vJz%2FOmuZOG53r74UgwvQtzDYjJD0eE1o3W4jRuiS5WRIGABIoa9UhDqoO2ytd7ympXrwVXEoOD%2BqEW2LZHwzmRnknDT635ZsYlU94V6jFeKL7Um9eb0TeVVdpb%2B54uM%2BsLH0%3D%7Ctkp%3ABk9SR7j65KWZZw
The Smiths Meat is Murder Japanese T Shirt 450,,£8.35,+£4.65 delivery,6 Mar 2026,1,New (other),https://www.ebay.co.uk/itm/374961958094?_skw=new+rock+boots&itmmeta=01KK55S7K8TVTMG7YMDJMT65W8&hash=item574d796cce:g:hz0AAOSw0pJlGT80&itmprp=enc%3AAQALAAAA8GfYFPkwiKCW4ZNSs2u11xAj4ApqDDrEgLSkv0JQk9T6SgDbYF3snbnB1UsFKaHQ8XkGpbZNO1yNwT3eRKCbN2UVAcmvwF2olUv%2Fs1qGt99v7Cb20VIDnjSqHml61cIYlljiRjfOuQP7m4GKkLU9tgT7wNxv3djiu83JIbTg94xWxPj11k5bmDMo8os%2FSSlzyXtHNm%2B6%2FaWqU%2BdnipFGLcQESjOcJuAdCkslgo4IcDsbNSpUvxbe9usNo1hUBICpS7lX3P2TlJ6rxFGK7iDrAKqfOp1fcX0T85YcIO6Y387xRBjLdc94j%2F8PnRRbIzRaBg%3D%3D%7Ctkp%3ABk9SR7j65KWZZw
GOOD QUALITY JERSEY HIJAB SCARF SHAWL STRETCHY MAXI LYCRA WARM WRAP PLAIN,,£2.99,delivery in 2-3 days,6 Mar 2026,1,Brand new,https://www.ebay.co.uk/itm/273690387002?_skw=new+rock+boots&itmmeta=01KK55S7K8V4NKK4HQY15X8D7V&hash=item3fb937e23a:g:68IAAOSwr-xgU0n4&itmprp=enc%3AAQALAAAA0GfYFPkwiKCW4ZNSs2u11xCtSnkMUftRKqyQjaxu%2BSApApJucA4ZJmilScGDLC12RU%2FkHFdW4A7FdjVovvUgz0Ddn5tmp3OJCtgTQ%2FLicQ%2BR61rxusoQ0PwPKxJx7QcUjbS0i5FnESeoEXQo1Hpu6y3iCIpn48ppO7ymrKlcCUPP%2Frm6hAocozdByaVc5QNBTt8m93j9m2kBO0Ue3OZXuPwfDkdUFMQtAQZhWivQOlnV2%2BtYPMsK0kbe%2B2X68R6HBvx3pdqvZ8mChIxAQNjjzho%3D%7Ctkp%3ABk9SR7r65KWZZw
"The Sisters of Mercy Logo T-Shirt, Rock, Goth, Post Punk Free UK Delivery Black",,£12.99,Free delivery,6 Mar 2026,1,Brand new,https://www.ebay.co.uk/itm/202822449740?_skw=new+rock+boots&itmmeta=01KK55S7K80PE3MH2H1RDB3SSR&hash=item2f3928fa4c:g:yUoAAOSweS5dzYbs&itmprp=enc%3AAQALAAAA8GfYFPkwiKCW4ZNSs2u11xBmj4uB7cKKIloFDmDVRIIfKkxSkP0qfff51vjcQmXprnCut2llFwiiaN9Ir8ZgI1XcFHaTfePsfUH6HFYgy6HDlS49xrKJB7aUEqRxUrJCZyRuLdSyeApX3fVOR61w%2BK4JnKEB%2Fks9fMPAL5Kkvt1%2Fmfy5FQ0iaMM4dIOEtZl3T%2FyKO4sZB6cey4lbaEcupQRjrDElsWBb%2BEu90T3p5f8ZDSTddqtPuOXJQYAGI2%2FlwMtdKnNDkry2u%2Bw6Bz%2FDqQVLRrQjiAO5Og1bCo7myIKRuNS6zgR4e7ZINk2TbWnLwA%3D%3D%7Ctkp%3ABk9SR7r65KWZZw
Men Steve McQueen Style driver Heuer Motorbike Jacket Genuine Leather Motorcycle,Leather,£76.82,+£9.99 delivery,6 Mar 2026,1,Brand new,https://www.ebay.co.uk/itm/187415121425?_skw=new+rock+boots&itmmeta=01KK55S7K8XAF89XGHW4PBCF0Y&hash=item2ba2cfce11:g:MeQAAeSwKVRodmDe&itmprp=enc%3AAQALAAAA8GfYFPkwiKCW4ZNSs2u11xAw0WAS14PhK0ERYjf%2F4wufMcs4Ov1cyjkmFVVKdR9%2FOWIkBt7WuIHXSQD0P9W0ZrWeKDEK6jW84EhswNZaYS8usuajvjF2hS2bkwD17bJ1QlnbFSDCIDxIf8yT3Jkp5wXV76GOybIA1jkcDq%2BvBWgox6gmLu8FFuxI3nn%2B6y6TNek12OPeA%2FPO4DsV62Pz0UlOuNUN8h68IGAss59NWRH79Zf7%2Fk66lx1gnhSNHqd0sMZB7DblSH0nNNpK0CSW7X2PWSRbwwIbA8vCR8LhOFe5jitEry2KMKxwKjzZ34vrlg%3D%3D%7Ctkp%3ABk9SR7r65KWZZw
Women Long Sleeve Knitted Crochet Bolero Shrug Cardigan Jacket Ladies Crop Top,,£5.99,+£1.49 delivery,6 Mar 2026,1,Brand new,https://www.ebay.co.uk/itm/255554124426?_skw=new+rock+boots&itmmeta=01KK55S7K8HZ2HCHV6HG029BFC&hash=item3b80367a8a:g:4m8AAOSwnk9ij41e&itmprp=enc%3AAQALAAAA8GfYFPkwiKCW4ZNSs2u11xDMpqtJU%2BciUDTCCOZeA1QbQSDy%2FNsvxp5o9a0zzxLX89xYAeWSzxLUZOmhYY28uL6Hj%2FXBE05%2FWAtBsLPYjpB4%2FV%2F1duKRePFWcv2owKhWz6mSenN6q342ZyqxynYUDBvJVAQJi44wWv%2Bz%2FkU0gSpnS2QRgnBmMtpeWnzOcdLJWV78TZVBj%2FuHfeEkrFDeZnu7LwlVUxAVUEyhN8jtt8hJa82YwAwovHflLSRKoKIFheXRoVegeoYMCdZWFR8%2BQnNYmmgQPkvwhEdizyyz9Jy7JNCz1vToYOjm2%2BZ9xwwk1g%3D%3D%7Ctkp%3ABk9SR7r65KWZZw
ROCK n ROLL Circle Skirt POLKA DOT GIRLS FANCY DRESS Costume Pink Ladies UK Made,,£7.99,Free delivery,6 Mar 2026,1,Brand new,https://www.ebay.co.uk/itm/182583031145?_skw=new+rock+boots&itmmeta=01KK55S7K8NMKA8RJT2CE3VCKV&hash=item2a82cbf569:g:nX8AAOSw7GRZAz1X&itmprp=enc%3AAQALAAAA0GfYFPkwiKCW4ZNSs2u11xAXcwVvGs0lkq8XCWKD7eKMYN3dITserjr8TisQGQApnE6GB03lq2PYEmbq4MlX%2FV98oO9sLQUauEx0y7bHsRnhGRJfMCLmknBGA2MbxJpSSAKeYlV11EBEQ5V4R8UrmZpKPQbf2EOduhVYQoQWuVbT0NtopxClJ60KhYuJvnyOugfqV9O1vKfn7zf8mbBPXUOklBksIy6VRZ0R5ysRr6NmVhiR8QASBLoGo%2FqtyK8T4uLSM0zxSXIbupQyeleLiTM%3D%7Ctkp%3ABk9SR7r65KWZZw
Black Small Clutch Bag Crossbody Multi Compartment Pocket Handbag Purse Strap,,£10.94,Free delivery,6 Mar 2026,1,Brand new,https://www.ebay.co.uk/itm/333609479448?_skw=new+rock+boots&itmmeta=01KK55S7K8T2GBNKJ7DPNP3PWC&hash=item4dacacad18:g:i3EAAOSwh6tjYt4V&itmprp=enc%3AAQALAAAA0GfYFPkwiKCW4ZNSs2u11xAvEPd4wedfF5KeW7Er6bMMiPO4jbnPN6rJw2%2FCP34rjNdqgNkgbcjP2pwsryOhbONZYhgUtUWVo95LjPREWtrs3JmehspRnYx79C50ihWDpfjZQW7RNjPxzszgdwDeDGnEz9Km%2BxVF6YuyFC941tt5rs9FU%2FJgz92am5Xve8XW7RPS74GZ%2Fp9OAmX%2BuqApfSYtEmxs5sSNZ8iAcJp1RoX3Rke7Xsr2fXAbwU%2B72R3x9qe8JheZ2IeEvFcsiK%2FLw%2Bo%3D%7Ctkp%3ABk9SR7r65KWZZw
Chiffon Scarf Hijab High Quality Elegant Sarong Shawl Wrap Plain Maxi Soft New,,£4.49,Free delivery,6 Mar 2026,1,Brand new,https://www.ebay.co.uk/itm/173790712922?_skw=new+rock+boots&itmmeta=01KK55S7K87ZE8C269B0YD7DRM&hash=item2876bbd45a:g:-KoAAOSwadhfAmRJ&itmprp=enc%3AAQALAAAA0GfYFPkwiKCW4ZNSs2u11xAhWsPgD8Q60EHxYGKWhmzQHXl45jo8XtWzrvCO9el4EcNwz4Y7syJnNJyxy90lE22bBZ6LZKi17TRzNnFrEGNhzQZEeCIcDNoa5ilOqWbWguaWkUnSUj9hOztYKtciR2IypOIKgmudb56GnWVQTk%2BqHDgMwK%2Bt15uM%2FYe7hE6pH1a4cbsqevBoOI0q8VfCvatYZ3LaFjUrGCLg%2BCuA%2BkvBqPDpg6cnv06FS%2FounOggSiRaQGOkSRXBKERJ2vR8aCA%3D%7Ctkp%3ABk9SR7r65KWZZw
Stone Island Men's Grey T-Shirt Medium,,£24.04,+£2.96 delivery,6 Mar 2026,1,Brand new,https://www.ebay.co.uk/itm/287162537431?_skw=new+rock+boots&itmmeta=01KK55S7K934M75DBDM9P8WJ9K&hash=item42dc3895d7:g:5O4AAeSw5Nxpnier&itmprp=enc%3AAQALAAAA8GfYFPkwiKCW4ZNSs2u11xA7Uco8Cy86F2QEUNwYUISzmAZtp9J7FMrcj071s7AnGriJe3AXZ788kKfBxWHSyU%2Fsww%2Fd7D%2FonBiJwLNAvap4OD%2FPHAhC6GarjfU1fQ6itLQAwCwZ3wsm12u%2BQia17rvWxkGMLmhwUVABUvTEolEoIzD6AoPv0E51vKJZD5Z%2FsqC9r35XnWjJytUYWMzrwfNvQu%2FDmsJeNQw%2BolmfN0nJmUVNCDUMG6gV8pfxJuayksi3NcDNB9e40BoUitm6X0JoNTc3BNlZ2KRvBnoEXvrbYjuRYF6fqlZiX3nw6jJtHA%3D%3D%7Ctkp%3ABk9SR7r65KWZZw
AMEBIX CRUST PUNK ROCK T-SHIRT unisex S-3XL,,£13.99,+£3.00 delivery,6 Mar 2026,1,Brand new,https://www.ebay.co.uk/itm/265910004660?_skw=new+rock+boots&itmmeta=01KK55S7K95B2C42PQHVF9HADE&hash=item3de978abb4:g:oJ4AAOSw3f5imJbp&itmprp=enc%3AAQALAAAA8GfYFPkwiKCW4ZNSs2u11xDQ3Blq9YmIZwzPqbcSle7TqboVATj%2F%2B3s3EtgnLWqvaqtOfnEbXFGb0wv%2FQ697gWKwu1ELgj6N3rImpd5QmJlZD7zJrKors4KRhjtYVFZkVxmHzFFvMkd7ZKHpXEloKYZuHhEfhPuQ5ZUSbkSMEjhPjcUJSSDsffKWPuiIxLc4BHioKq1vfbWaLlK2QHufIaaYvLv%2FUvTZgGEGMclgM8l0XmrnU%2FjiTYWSwmigisW%2BdMnqlPL6bOWyQYudGN9iBJyZR57kBk75Pht2y0ysD3CVKO9e%2BXnRMnCb%2FSGGmAQMkQ%3D%3D%7Ctkp%3ABk9SR7r65KWZZw
Icons Of Filth Onward Christian Soldier Punk Rock Music Gift Tee T Shirt 2004,,£7.95,+£4.95 delivery,6 Mar 2026,1,Brand new,https://www.ebay.co.uk/itm/235913808245?_skw=new+rock+boots&itmmeta=01KK55S7K9TQKGAWKGTVQ4HFY7&hash=item36ed8f0975:g:I5QAAOSwDwlnhmPj&itmprp=enc%3AAQALAAAA8GfYFPkwiKCW4ZNSs2u11xCEAeoQoQpukEdrhz%2BfP1w%2Brc5FpAjP7TyOJxZILVmnam3oW8BBBGmZM1uSL7T%2B38%2B2j6Ork5O1ikEIC%2ByaK56dWuj%2FbBGcktSXQgFr1wtBW8XP9OcYKXo%2FOlyePe8iyz9OxAiee5KQrZ0jfLuUJI7GItuylWiI3LVW5yHaNpynPY2zyXND2XnaQgamuMhVXccJd%2BJlDNqj%2F9qI9yF%2BvrZj7rC3vjxExstFy%2BylbIy%2BtWqK%2B3w3GFky%2F%2By2mz8a7Vg435d4gEguBE3lUKcYG9H%2Fe1ZeRoDd6CBSsC6utwjj1A%3D%3D%7Ctkp%3ABk9SR7z65KWZZw
In Utero Black T-Shirt - cotton - Rock & Roll Grunge Alternative Rock Punk tee,,£11.87,+£2.96 delivery,6 Mar 2026,1,Brand new,https://www.ebay.co.uk/itm/187662602323?_skw=new+rock+boots&itmmeta=01KK55S7K90EE97X1GP2KKM251&hash=item2bb1901053:g:MFQAAeSwhk9o4FdT&itmprp=enc%3AAQALAAAA8GfYFPkwiKCW4ZNSs2u11xCRgsEPcf47xk4JkkYrmnorcpQFXkL8JB8o72hhbV8rSjgiBFeRfCydm2u0bqxAU8536BuqdYrz%2Fw9xSt%2FWZMHEwGPwjeGB1YqIvf6E2%2BJoZot0OkRnO1lBtrWTaRrCEkR%2BJF4e%2F7v--hw01rPTF5JcnK6MZ4o5YHKQ1oRux%2FsKptqKWwWIHecQ1t3x5HkchJvwUs1o44NTI77s%2BcV2XG8FfFhbLxPmZjnU%2FlLMFabV6h0zZhj%2FXeTyTx0iHaXsB3CApDkex2BanLHnA45HMK09IsBb25SjNU0shpcrYZgDQg%3D%3D%7Ctkp%3ABk9SR7z65KWZZw
Enzo Tracksuit Set Mens Regular Fit Pullover Hoodie Cargo Jogging Bottoms Suit,Cargo,£33.99,Free delivery,6 Mar 2026,1,Brand new,https://www.ebay.co.uk/itm/145052125871?_skw=new+rock+boots&itmmeta=01KK55S7K994KCCXFRS1WVFP4E&hash=item21c5c7caaf:g:qbAAAeSwFpBoY7oV&itmprp=enc%3AAQALAAAA8GfYFPkwiKCW4ZNSs2u11xD0XCx8An%2FLP8sad%2BZ5Ma5tDhVBhHcku9YmbNOfKftSu%2FqMpWrexvqNMSkTiyU3RT4uUpQUED9y37DDAuuPPFJ1mgb3z1%2B3I%2BU%2BKhmLLPDd3AkzG3vp8Plz%2BxVgStKNREw6gaZdHRL%2FQrtr8YsafCtz%2Fgu6MC3JUmlMVvZ4JTlKhBaOKHYTzGU85SfW2M%2BxZnBhbW0AIgd9JuP%2BiZsTLed%2BAojmnBGjceYYEE0G%2FY9GyYFv%2B3nBSD2wtDW2vrrU0Bbr5uaOT%2Bb%2FJXpSgJVTrlj8mLJkK%2FwGMEHl2fembH3cgg%3D%3D%7Ctkp%3ABk9SR7z65KWZZw
Don’t Be a Lady Be a Legend T-Shirt Steviy Fitted Ladies Retro Music Tee,,£12.99,Free delivery,6 Mar 2026,1,Brand new,https://www.ebay.co.uk/itm/396281501912?_skw=new+rock+boots&itmmeta=01KK55S7K999WEHAHP3RS0YQ78&hash=item5c4437d8d8:g:mYEAAOSwtztnyGAI&itmprp=enc%3AAQALAAAA0GfYFPkwiKCW4ZNSs2u11xA1XgDnyQ1wMfzaOYggpGX6ldeFHiIxKQ%2BIStLiJGnPC32eCx29gBFngiJZTjwG9AbpjtRMttuLlQ9C852gcsaE56hmLWerHNeqQAlwxYXUQBcS5hIpScDC07c319y9kW40CyOr8wS8%2Flec%2FEsTV0%2BAsM%2FAjcxBQQ%2FLe71QTvDy2sFtSv%2BDX3QSZVFr7LY1VxQGN9OSpSgJCixQg0mG1t0d4%2BHEpuWDXtXAzuQaYTK4DV1sQedPNaQbI%2BRyGRRM%2Fkk%3D%7Ctkp%3ABk9SR7z65KWZZw
Womens Ladies Gold Button Hi Lo Dip Hem Baggy Oversized Long Batwing Shirt Dress,,£13.99,Free delivery,6 Mar 2026,1,Brand new,https://www.ebay.co.uk/itm/364194895779?_skw=new+rock+boots&itmmeta=01KK55S7K9PMY5J35MHV5D71B2&hash=item54cbb517a3:g:WGYAAOSwBslkRvr9&itmprp=enc%3AAQALAAAA0GfYFPkwiKCW4ZNSs2u11xBJ2TjnImeYRN93n%2BTw%2FTs0W%2Bji7pIkJx9N%2Fz%2FFhKc6LimRuSWxEA%2BSIz7vQWgz2IJvLAz5lskU758Ju8O0f%2BKD4vp8jY3%2BulCUIJUwI595GOZE%2ByjzepKgAaxPf4OApg%2BL8U7Ukd%2FrjqRJtBoVbxqeyEY39e%2BbOIofsOU9bzFh9sqw6L%2FiFD58ahw0mHKrJ2eGIINVv%2BTLG%2BB4feYJDD%2FuarjPUQIb98sRDSYvlRxzrjK12ESb0hFJOeQVq%2B15UlI%3D%7Ctkp%3ABk9SR7z65KWZZw
Manchester United x adidas Stone Roses Track Jacket Black - Medium - Brand New,,£99.99,+£3.38 delivery,6 Mar 2026,1,Brand new,https://www.ebay.co.uk/itm/177838765715?_skw=new+rock+boots&itmmeta=01KK55S7K9MCWMMQVR6GWA3N0W&hash=item2968043693:g:q3gAAeSwtWFphTnA&itmprp=enc%3AAQALAAAA0GfYFPkwiKCW4ZNSs2u11xAPhE%2BAurXUm4hfD1bjxMakA9BwH3r%2FtoiLDvVTFrCy9itg0E%2F9njRYBenDfIBD7k2dNDcGAguejydKGHKClXLj29Pk7eKYk5roWv9U6bt%2BA1rMKUcibOXfnAh%2F7%2Fl9KBnz5boU2RWYqY8vI72QM25HVOS%2F2SYa7T3cMXrvbU1pQjM1NYQ89W67xJNZRyHgY7ccYqS4PW%2FXc1P8cYzlGToE3sHhzQvqoSxV5IY6%2FrNFZ6HLu%2BleKoOfHqWQhU%2BnD60%3D%7Ctkp%3ABk9SR7z65KWZZw
Women's Faux Leather Clutch Bag Top Handle Evening Bag Party Wedding Handbag UK,Leather,£12.67,Free delivery,6 Mar 2026,1,Brand new,https://www.ebay.co.uk/itm/114065919111?_skw=new+rock+boots&itmmeta=01KK55S7K9ARPGY5RGXT5RKJV9&hash=item1a8edbcc87:g:rnkAAOSw8F5n-nR2&itmprp=enc%3AAQALAAAA8GfYFPkwiKCW4ZNSs2u11xBMCU9ZYx3ZNBJQ4s4uTyM%2BcRSQ0yfJ8BA9pBrvlMv0mT17TRAT75K5Iwzh1WSjzOtUtjYQgg%2B9Gf727cTPKvLVUfOfDbFJUpWlvlZSAu8KayLyPBldhCN%2Fk6B0cytxYpe2SylFscGRIxoacrvZNZg5wKMY3%2BZVPNEaFARoxLhPm4qqh45z4cau%2BWezN%2FpoK0Mq6zHXgGjSKE95GgcfVD0MTj7n3EJurFkMQ5hxOu1o8TQAub2hBV7bCflMgmhGfNQ32IAAGZ8bQme%2FKDVkRopBqMFlYwLRjJ4InyPYC9MTcQ%3D%3D%7Ctkp%3ABk9SR7z65KWZZw
Nirvana Band Long sleeve T-Shirt cotton I Rock & Roll Grunge I Festival Gift Tee,,£15.08,+£2.96 delivery,6 Mar 2026,1,Brand new,https://www.ebay.co.uk/itm/187841220418?_skw=new+rock+boots&itmmeta=01KK55S7K9N7Q74NKTK7NE7S3Z&hash=item2bbc358f42:g:-OMAAeSwSZ1pPy6S&itmprp=enc%3AAQALAAAA8GfYFPkwiKCW4ZNSs2u11xDyhl8OL4GDheQeITsOFTozw46SV7T1N31iWltwqUxYJkLkGMps6d8TZaZkOcR2IL6usr8vQ%2BX2kd%2Fm28UFAcb7NEdG%2BQRyc2%2BvslmbnNz8BWislu%2FeC0mtueVHlfNGvIGxPHMF8bP113XJZe9MlmsKJwlNRLxRQd33BKckoYN4h%2B9rU%2F%2BikGBEnDFsdkMA1E%2FfvUJRllyH2Nfewedv6IhWQqV6YMCFk%2BtkQqyZo1TH3cVigjvVOR0WlnNRMTjrDS4zUot%2BwdykuNG5l%2B7FY1%2FaxI7Nvf%2B%2FAc2VvcpV98PT6Q%3D%3D%7Ctkp%3ABk9SR7z65KWZZw
Floyd CAT T Shirt Dark Side Of The Moon Album Tee New 2025 Unisex Rainbow Shirt,,£9.95,Free delivery,6 Mar 2026,1,Brand new,https://www.ebay.co.uk/itm/317046329311?_skw=new+rock+boots&itmmeta=01KK55S7K9T8S7Y2DEXZ321GPQ&hash=item49d16f0fdf:g:OfwAAeSwV5FoZCqt&itmprp=enc%3AAQALAAAA8GfYFPkwiKCW4ZNSs2u11xCOcy9ziyTHkDt482r%2Fi39NL70f0X%2B7urLEGRty6I6%2BDPg9s2rzdvaZwlx0iAO6Pt5JPOObqipXMQEWeOTHFD0EmR3crQ%2BIZ%2F90IKEKa4x4YEhgC8DYqGdx4TUPBr%2BOj1Hp57iTOocXxlBGx6qoMiC%2FGVyN4bh4Tm6teRDIVM9lytic2kADSqiN34arIaaM6dn2s7T3paqsQbaSlpsqGZ9BLyHD9DtN%2B4IbIdZbwg2sAS7JG4R95%2BWX7kq7HMGXBnTSFkERu5WbATqNxRQG0z8%2BAK8hwDG%2FO20DG%2B8vRfuh%2Fg%3D%3D%7Ctkp%3ABk9SR7z65KWZZw
Floyd T Shirt Dark Side Of The Moon Pink Album Tee New 2025 Unisex Rainbow Shirt,,£9.80,Free delivery,6 Mar 2026,1,Brand new,https://www.ebay.co.uk/itm/315165339984?_skw=new+rock+boots&itmmeta=01KK55S7KAWKDVW7DM4HZD9JGX&hash=item4961517150:g:uLoAAOSweyZk26TF&itmprp=enc%3AAQALAAAA0GfYFPkwiKCW4ZNSs2u11xAuC8ulO5G2Hio8kdehnnhA1dUhfIxt0vmCehbki16aX9Tkv2PPXJ8t8bienOr56jSMl%2Fx3FKaRtBdLo7M9bBHoIBbC5h03rnkjDm0Cwj5tnQm8GoxgIxYb%2BhHulY8LBtFap%2BQ2luluM2G9NG9tHwnkGFsZNyActzmsSq2Ko1S8ts57zieTb1j64anqOX5mK%2BF%2Fs6Fa%2BqAMaZU2keWS84cEqYXhtR29YR853XSZHD2l6Lp3jiW5qiIJSNAdx5OJlDA%3D%7Ctkp%3ABk9SR7z65KWZZw
Beechfield JERSEY BEANIE Light Soft Fabric Slouch Comfort Breathable Unisex Hat,,£4.99,Free delivery,6 Mar 2026,1,Brand new,https://www.ebay.co.uk/itm/115601998397?_skw=new+rock+boots&itmmeta=01KK55S7KAKH9ZGEJV0S91TKXB&hash=item1aea6a823d:g:yqEAAOSw91tjU0OT&itmprp=enc%3AAQALAAAA0GfYFPkwiKCW4ZNSs2u11xC88IAImklv22oyYrBvDMSVw1QiRFpLKuQAYEhumMefzheXRxVfpj8lYz48x2MLqoyeGcovq4dx1eW56NrStzTw408RUl0CMzy04D0lKQnJUp3E1Eim%2FctecEQWmcf0XrPV8VM91S4mQzww%2BCbv487fDoY3XUQC4ejT%2BnIi8OYAhcTtr5fN7ShA7MO2W55LSePimWuOMun5EhbuDKq2pcdi9lbTeQqKBrp4uEZ9gQOPzd7Xym4XsBbE1ehYcRtaMX8%3D%7Ctkp%3ABk9SR7z65KWZZw
The Fall Totally Wired Punk Rock Best Seller Funny Gift Black Tee T Shirt 191,,£9.95,+£4.85 delivery,6 Mar 2026,1,Brand new,https://www.ebay.co.uk/itm/315901656473?_skw=new+rock+boots&itmmeta=01KK55S7KAAVX6RBZBTCDJXRM3&hash=item498d34bd99:g:pQgAAOSwNVxn0vAM&itmprp=enc%3AAQALAAAA0GfYFPkwiKCW4ZNSs2u11xBan2J%2FA1UCPISOJobN%2FRUe3uwW5fB%2BJZ%2BnQ1mvhCYYbalilOdC%2FTwlp2KjHcwvoTnb4gCdM0c5Folj1%2Bpkjywgq3%2B3TkaHz9MM6JS3f4K2Sjo1dh%2BgZQcDDBW0eJGCfT4b74QPY82BXIJ542GUfSOazWx1ubiEH7yZ3PPcyPQ66xS%2BCaTozhYUCtA7BJQ2L1UrGwkyalxj6UwLwrN5ZdVbcCw5Yjzm37t9O2aZxtQ16tn6gKRcc8waEhUDndzhLVE%3D%7Ctkp%3ABk9SR7765KWZZw
Official Green Day T Shirt American Idiot Licensed Album Art Black New S To 5XL,,£15.95,Free delivery,6 Mar 2026,1,Brand new,https://www.ebay.co.uk/itm/235409515610?_skw=new+rock+boots&itmmeta=01KK55S7KAV8S196FB0ZW3P267&hash=item36cf80245a:g:Hq8AAOSwrgdluib3&itmprp=enc%3AAQALAAAA8GfYFPkwiKCW4ZNSs2u11xA%2B%2FhJvPYczZemnNNU0md5oSG2FfJNPJyiTt19lgTcITgWIX9yGcw%2F4du3UZ2Jdc9AzXRVmR7ImEWeLRuObtOp15Gk7uuTgynhHfE3xt7qwfUa532H44T52PGEY5O7vZacLF%2BO1atMjwieIXKQhulQd2BSeFDGNmr2AESuurQDc1ZxS%2BCEeiRJMyXZYBU5jS3gsVpMngTMPRymBqS%2BcX12YCCFFbl4ItALpPmNo7%2BrOQd0yfgbjtrr7nML4NppPrnZrY2tLRdBPwC72LK3KO4nJW0ZlWGnf31WIBRm2%2FA5Jkw%3D%3D%7Ctkp%3ABk9SR7765KWZZw
Enzo Mens Cargo Shorts Elasticated Lightweight Multi Pocket Camo Half Pants,Cargo,£14.99,Free delivery,6 Mar 2026,1,Brand new,https://www.ebay.co.uk/itm/336402666366?_skw=new+rock+boots&itmmeta=01KK55S7KABRWDK7SD86DY1M9A&hash=item4e5329537e:g:vREAAeSwhiBpc4SQ&itmprp=enc%3AAQALAAAA8GfYFPkwiKCW4ZNSs2u11xB7Ue5ZetJQYl3BGqnKRy1p33Mg%2F37CX5VXMjSv5ifI%2F1CxLb8S8bow7OVeQgBmqteE3RAgrBtOXcp552G8VFL3%2Fe%2BAYo1BoSf%2F%2BPf%2FhkNKL7zTA%2F7ubuDrr3UlGZjFoTvY57ga%2B3DydciWfmMeRYmU6zDyUsoUTVtUqz62hR8XaQCPp2bifpHXNnEuKENZJJOJcEyg1ou83eeh7sqRsL3QFSrjiibHOEX%2F8VEzGRVeClW%2Ba6ZNtjRkxd4PTNUlUr6%2FKIXn0rFZxiRiAdR7eHG%2BOJNgINXvwWkPVISDUb9CLg%3D%3D%7Ctkp%3ABk9SR7765KWZZw
Official Metallica T Shirt Master Of Puppets Justice Sad But True New S To XXL,,£16.99,Free delivery,6 Mar 2026,1,Brand new,https://www.ebay.co.uk/itm/233984836622?_skw=new+rock+boots&itmmeta=01KK55S7KAEXZ66Y1WRDTBSDM1&hash=item367a95440e:g:RZQAAOSwZGBkQRBq&itmprp=enc%3AAQALAAAA8GfYFPkwiKCW4ZNSs2u11xCgpRyP%2FP2jeSZkw9WhZkIsG3TcXW2mb%2FclVvOxNGwDK3CBkpOxJgwabImt1WtxxUNCfGK58DpXkK9%2Fc1MR381AF1CmXh9sh329sZW8heqSpabYhaU8GN%2FKQU%2BoyiAghUNfE8JaoBJGrl4Qir33odjc2L%2Bwl4buzSwI7e%2BRS4KUpLD1vhqg7pSVoYRlPkvw0zJJkje0a3bjnmecIcRxhBkfafgNGYXaMxWkpvuOtPVIL9mtWHsaHxttiTMsOGd1xGrZfThmiZCYLTtR%2FzrMtWcgh5wAXnK9z8zVwv%2BxDIIamA%3D%3D%7Ctkp%3ABk9SR7765KWZZw
BLACK WHALE NET TIGHTS XL LARGE INDUSTRIAL NET FENCE BIG HOLE FISHNET TALL 18 20,,£3.99,Free delivery,6 Mar 2026,1,Brand new,https://www.ebay.co.uk/itm/146838603875?_skw=new+rock+boots&itmmeta=01KK55S7KAGQ5WKM0TENZ4JF39&hash=item2230434863:g:IooAAeSw-n5oyxV~&itmprp=enc%3AAQALAAAA0GfYFPkwiKCW4ZNSs2u11xCWTJky2ClivJc%2BTYU3jTwrG0qADvyMeDnFtr9wng9tK3WhVrAMKU6tZ01I36fFmXWd6Cc9%2BmnoO0NE2RTAeFKSpjpxWJNuMoVrunmNl2C2vUgHLJXPzr1Hxv50CTNSSFxbBjE5xpqjyn7GTmvektbsl%2FQiuctg57g%2B8PawMFck%2FYe47lI1DSvEe9uvck5WbXHujO7K%2Fw4zlejonsJQxclV%2BiVGzmMgB20jgbHPS8xg%2FUujty9sB0L09WeyBQUQgA8%3D%7Ctkp%3ABk9SR7765KWZZw
Ladies Striped Flax Linen Casual Summer 3/4 Paperbag Full Pants Bottoms 10-20,,£11.99,Free delivery,6 Mar 2026,1,Brand new,https://www.ebay.co.uk/itm/113707734590?_skw=new+rock+boots&itmmeta=01KK55S7KBBBWMW9T4ZKSQB4YH&hash=item1a7982563e:g:s5IAAOSwm4tcqRJ2&itmprp=enc%3AAQALAAAA8GfYFPkwiKCW4ZNSs2u11xBvfnF7V8wYlHhTNUsZVeEYgoveuQoYbh0yZ1n9zTUtN%2FGj3GVYt99quAkpVwOgUNYUgvwkg5O0XTU%2FCf5yK3e8fkf2E0v2H%2FjN99e8BTG7vSLetoHUJxBx3o5fsouGdOUThH4FOzmitDma24nvG6rFFQj9eNiLaMUmgAVtHzME4pzbabvW9dXyP5xdpUIEU%2Fz8QxNNUedd--jMGmGwxziUbNny%2Fp%2BA%2FP4tkFsNDhFZ0lPC27DBD1zBzx%2FRD8wfiAtRhtei2K2ux1EgMC2ObWlbtqvB7es3CyeYhaCPJZxD4g%3D%3D%7Ctkp%3ABk9SR7765KWZZw
Stone Island Marina Sweater Rust Men's Size M 24 Pit to Pit,,£200.38,+£4.48 delivery,6 Mar 2026,1,New (other),https://www.ebay.co.uk/itm/397581527935?_skw=new+rock+boots&itmmeta=01KK55S7KBASMQ9T0JXVCX4V7C&hash=item5c91b4ab7f:g:9sAAAeSwpOlph0Bj&itmprp=enc%3AAQALAAAA8GfYFPkwiKCW4ZNSs2u11xDPDALOO35DqYzR9xCkhkdzRtIBwwBN0uKsGN8OjWpTyJlmjVbcrBauDdaxTvBFHwHIOac9lFxn9lWuNY1KxY3%2FixDMVW%2Bn02%2FOwy0NwosFUMyi15LvkeOUE62vJh%2BHwuzLJbcDb%2B9Z8CiJaXYN088l%2FeMC9laeoRCARY0t5w1qxfs74ltu9S8qiFnVM4wO2%2BWH4TpRgVH6auVs3pmxMU5PItuvr4baXY6HAi6MfpOsgkIJ%2Fphj32oAeJUrpBxAo7z7JOBxZuIB1AujQsiu%2BaW9%2Bla6pm%2FDUjB%2B0yiH8KA9%2BQ%3D%3D%7Ctkp%3ABk9SR7765KWZZw
"Stereophone Music Band Inspired T-Shirt, Vintage Rock Music Tour Fans Gift Tee",,£13.99,Free delivery,6 Mar 2026,1,Brand new,https://www.ebay.co.uk/itm/317594084239?_skw=new+rock+boots&itmmeta=01KK55S7KBYYVF5GCBDH2DF4V5&hash=item49f215238f:g:dMUAAeSw7-5pKEoZ&itmprp=enc%3AAQALAAAA8GfYFPkwiKCW4ZNSs2u11xA5QqegTDjZOscPuiYaIq5OAch9Y%2FzaO7%2FYeoXeu8xf%2BeL74RmbRn7%2Fipnafi2wAqtpP%2BGrTMMixPz77ww7yrXeze4%2BZCtQcDIzLtDYfAhF7iiEXVr2%2BnpEm542VbDjqeULtrEBN9c9pqDnouhkcDA9FwGQayGGTus7AozWz2OpWhBe2d3KJArNBoNbEMEZoK5lxT1SpdNElb6PV3hBPnie7lBq65DMvFqWKW30BNCu3KTFjuwBVY6UEoBrO0%2FKH8BaXmqmOBGkmiD4jkPdxGSZgbytwiWdzFSe5eN5l0bfsg%3D%3D%7Ctkp%3ABk9SR7765KWZZw
Adidas SPZL GS II 2 UK8 US8.5 Crystal White Stone Grey | JR1554 |,,£149.99,+£8.95 delivery,6 Mar 2026,1,Brand new ·,https://www.ebay.co.uk/itm/366195523513?_skw=new+rock+boots&itmmeta=01KK55S7KBPDJJY8CC1RS3VCZV&hash=item5542f43fb9:g:5ooAAeSwxbJpjczG&itmprp=enc%3AAQALAAAA8GfYFPkwiKCW4ZNSs2u11xCKGb75CF5NUmBL8e5HlBuSjmrUyj0AyfSmmNf3mVrk2%2F2UFf3RnTOSgiwWv%2BrBbdPWx%2Ff31YsBlLni17oEMoVodQGflivYk06BP22pk7P37TTV4miwOKaAw%2Fmw1C5J3kjzDM6MkSBfH5JmNrQY1awXrNMzUjvv2lhsM6KAQm1z%2B%2F0XwgPWTPqwcfy04sbC9zc0v8DqvVRr1k2Zyzt6P1Emxd2VW%2Bk8NiPoU1vwJvwUxWKPDOpJ5wYzXRzsVvIXvD%2FcBzOTMXYF55o01ScGySgksd32vuNa6w4ndk6SLeeqFw%3D%3D%7Ctkp%3ABk9SR7765KWZZw
"Wait For Me, I Have Little Legs T-Shirt - Funny Joke - Gift For Kids & Adults",,£14.99,Free delivery,6 Mar 2026,1,Brand new,https://www.ebay.co.uk/itm/157702177511?_skw=new+rock+boots&itmmeta=01KK55S7KBRH60MD105W1XTWT1&hash=item24b7c842e7:g:K7AAAeSwq9NpnFNR&itmprp=enc%3AAQALAAAA0GfYFPkwiKCW4ZNSs2u11xCP8oSD1sb5XpU342ZJ6xE1soPeSljaGBmH3eNcwCYij28H%2FRaKCL9TEWzY%2BCfECdqjde04Knt9CXlj%2BVt%2BkxHBEXRxZtppnuCYDkqhYmSs04S8SK09aMdeBJAdZ39JyF7hU6iVxcxKhnp3KnqGGiTZ9nybrDTtgUC9Q3cC6vO6dSNo2DyGSrZz16KS3%2BD45rWBdzZRTaFOqtFSQq7rb8EHoPTZt4Kl9offzVAQk7y3VwHy4Z4XnRFcq8XOAtqumPY%3D%7Ctkp%3ABk9SR7765KWZZw
One Hundred Stars Kew Evergreen Scarf in Stone,,£33.98,+£2.70 delivery,6 Mar 2026,1,Brand new,https://www.ebay.co.uk/itm/227224900595?_skw=new+rock+boots&itmmeta=01KK55S7KB9TX6P031FWFZSEQY&hash=item34e7a8d3f3:g:6SQAAeSwTVFpmFol&itmprp=enc%3AAQALAAAA0GfYFPkwiKCW4ZNSs2u11xAGaY2dRjchAmk5R2AWSts3vzxwiXFPVJg%2Fifo2YWSP%2Fl3CujfhyTVm2Zj13AALyTwGYiqNK7qGANfXL3%2F1bKJk9K679GafUqJzKg7m86UxsQiDd%2BViLslF09uMt8IrLVuXQO1a%2BS9DQdqjJfcQQacWSmT1juOXcDnVLljOc%2FnnROJbnmJc6I%2F3pvZ%2FvgTVZn0rvvP%2FEpgyhvKwf2pnYnWDi7Ph6HaseWfN%2BycFh4dgpSO2Oup3H2Da7EM9PVJuuuw%3D%7Ctkp%3ABk9SR7765KWZZw
