title,model,price,shipping,date_sold,days_ago,condition,url
Shop on eBay,,$20.00,,,,Brand New,https://ebay.com/itm/123456?itmmeta=012DEW30YG0MEEKND7NH&hash=item123546:g:acwAA9KNiJowH:sc:ShippingMethodStandard!95008!US!-1&itmprp=enc%3AbgepL1tlUHjMGCVfSTGJh%2BzsVKeJ3CQk7NizDI4BZeppuFnmyS6Ijyp8lh%2FnEw%2BWqO7uTV1Q6izE1R0T54aV8j71F4xlWfVcGft4%2FiOQhtqVXA1rW6M1atPARQRmhqUxtEPJKhKtSFgI%2Bvwlzb0GwVCtkp%3ABlBMUObkmabpYw
Shop on eBay,,$20.00,,,,Brand New,https://ebay.com/itm/123456?itmmeta=012DEW30YG0MEEKND7NH&hash=item123546:g:acwAA9KNiJowH:sc:ShippingMethodStandard!95008!US!-1&itmprp=enc%3AbgepL1tlUHjMGCVfSTGJh%2BzsVKeJ3CQk7NizDI4BZeppuFnmyS6Ijyp8lh%2FnEw%2BWqO7uTV1Q6izE1R0T54aV8j71F4xlWfVcGft4%2FiOQhtqVXA1rW6M1atPARQRmhqUxtEPJKhKtSFgI%2Bvwlzb0GwVCtkp%3ABlBMUObkmabpYw
IAN DURY NEW BOOTS AND PANTIES STIFF RECORDS 1977,,£8.65,+£2.94 delivery,7 Mar 2026,0,Pre-owned,https://www.ebay.co.uk/itm/306793882972?_skw=NEW+ROCK+BOOTS+PUNK&itmmeta=01KK55VMN5KETN52DXSCDTRF9G&hash=item476e57255c:g:S6wAAeSwoO5pV8xv&itmprp=enc%3AAQALAAAA0GfYFPkwiKCW4ZNSs2u11xDh82B5Fmb3bSPCZQggBn%2Baj%2F5pNMJ1AxJX2GDnN2m0XN3tZAztZ7gTH7EG3crsZrJ58J3pCrChr7DRJrqcQoOdELYiMWFgB51aXCgurjzQFPJ%2F7nX7Uv2CBlCp1I5ncrqqLgfqQYIgiGrCTDN1a%2FaVn0FDvtjtVFqDwG8GjmPGPDkUeHqZttMa1f%2Ftz%2FDOE71cHXvpglDW8U6F6MBvbkBvoyzTETwPK7ukY%2F%2BtqEWYu14Tavbw9EG4DYKrn0yrFvU%3D%7Ctkp%3ABk9SR_bK7qWZZw
"New Rock Malicia Collection, Steam Punk Mid Calf Leather Boots Size 6/6.5 womens",Leather,£64.99,Free delivery,7 Mar 2026,0,Pre-owned ·,https://www.ebay.co.uk/itm/167775605742?_skw=NEW+ROCK+BOOTS+PUNK&itmmeta=01KK55VMN506NKC5SFHSAV1JYR&hash=item27103493ee:g:5H4AAeSwupBovMFY&itmprp=enc%3AAQALAAAA8GfYFPkwiKCW4ZNSs2u11xBQf8JGIQZKkQzD4x3xqp%2BN5aAqUBM7HM3RF7E6a4IuxWasWTsIl5uRMhkWB1%2FmjvPnXQq6StgalFFu%2FplViJ5YWQuciLeSxjL3gw3k90EQFtTECJZ4RmTrBVGA604KW93lHBZDuEWc51KACwIP%2F3OQgbIIegzWib9cCtol%2BT8bV3lAXDU6Z0WZ1zPVamiwEeitjiwJEuFaSW7uH%2Bj%2B2NLHi%2BydfVvq8oB7xCO6urNIF2pUx6CLT23HDwmromREMhSCBaxsmjeNonTLEa0ybL5K03s%2FhsWwNEBFuaEHM7qTKg%3D%3D%7Ctkp%3ABk9SR_bK7qWZZw
Black Leather New Rock Boots UK Size 9 Excellent Condition,Leather,£156.70,Free delivery,7 Mar 2026,0,Pre-owned ·,https://www.ebay.co.uk/itm/406706604541?_skw=NEW+ROCK+BOOTS+PUNK&itmmeta=01KK55VMN5YRHAP8SJ47SJ8XS2&hash=item5eb19a49fd:g:20EAAeSwJ05pljkY&itmprp=enc%3AAQALAAAA0GfYFPkwiKCW4ZNSs2u11xAV8sRP99uWGaptjofBPjwg3wzepqTMdKQhod%2BVuVmXa3x%2BQ1DygRIo%2B6rcpAjlJnIYYWkFEMCZR20BvqpXcbDFK4o83iCwDHpzRvDhOWj5o2OiPSOctN3BOYcgVTtzaj8uVgg0OvvZWlLwBSMIqUYW40MDbosyVVXtIbiNjnkmvi6IekXLhmqjEwF1XRzCPO0Jab8%2BHY9MwleuopqouyiI5e0vvSF9%2BPJpIBaLKnlnR%2B0d5nxQds1FVkuRiHTLY3U%3D%7Ctkp%3ABk9SR_bK7qWZZw
New Rock Boots Women’s Size 40 Leather Boots,Leather,£45.00,+£10.80 delivery,7 Mar 2026,0,Pre-owned ·,https://www.ebay.co.uk/itm/168194369363?_skw=NEW+ROCK+BOOTS+PUNK&itmmeta=01KK55VMN5MD9708YK25SXNSBE&hash=item27292a6753:g:4YIAAeSwVE9poxYq&itmprp=enc%3AAQALAAAA0GfYFPkwiKCW4ZNSs2u11xAgYN8VIjXjjZsUeyQqwQ9QJ8HnZsg%2FBAo6JVE0UWvKUD7K9NnGDYXOtEEdASFOQbTHfareFfypzJQS%2FB1l9%2F1vWSpow%2BuN6%2BYktvIFp5bsg4XT8m1BxQT5uTAzX41BLC%2FyXdzpsLn%2FKG7gLSQAvY6cFb6Ssg%2Fu4xFltdn8rp2pA0yETzISeFfGswA2aGU1j06qP9TwMYoWhvfT6iSf3opn%2BslNHe28j0YabyhVLEOD6ri8FbwuGb1a%2BGcorRaPxKI%3D%7Ctkp%3ABk9SR_bK7qWZZw
New Rock Boots Women Size 40 Leather,Leather,£37.04,+£10.80 delivery,7 Mar 2026,0,Pre-owned ·,https://www.ebay.co.uk/itm/168194360866?_skw=NEW+ROCK+BOOTS+PUNK&itmmeta=01KK55VMN5ECM9GGBQPCK0E72K&hash=item27292a4622:g:2ncAAeSwYsBpoxRg&itmprp=enc%3AAQALAAAA0GfYFPkwiKCW4ZNSs2u11xBviHnVHybxE51O20oLjbwsCUfems3yng%2FhCQzHStqH5U8aLcKhdgEP%2B6bvOasYPngnixr6%2FKixYkSEYd%2Fy%2BOet1nOMoyrjR1m6WcdQfuFloEOcwihMaekoDMF%2BGWmY%2Fyb46OeeyitIh6rXh4kK5I34%2FhD5iJ53IRgTnVOrRn3wSsgl9PrWrH8gS%2BRaO5%2FnTvDIo5B50tbQpscxZr3CLmud0gpO6KC6zHjxKaLtKIvwZThdrqWHRvAmnsGQRL7e0Bs%3D%7Ctkp%3ABk9SR_bK7qWZZw
"New Rock goth boots, black leather with metal, size 38",Leather,£87.08,Free delivery,7 Mar 2026,0,Pre-owned ·,https://www.ebay.co.uk/itm/298074913327?_skw=NEW+ROCK+BOOTS+PUNK&itmmeta=01KK55VMN5K4WT0SAN4CZQFM9A&hash=item4566a63a2f:g:OqMAAeSwqHhpovLG&itmprp=enc%3AAQALAAAA0GfYFPkwiKCW4ZNSs2u11xB70jl3KThqZHheF22U9DcO6h0hwX4rD81f83anYoJxSdqCqGOJJMqCbskKaYonPNWjDeZNeoSnNvSrevcj%2B1AyD2m5lz08gaESOsPSrk1wAoTjBSoJyf4y34wFH%2FP0wGRYXxTGCAS5kwIx3ImKp6SnUzfQO1H5WhWSXzv9nKw4BBpNIjo7Akb05%2F4epk6RmUit5vWUf9Gcri9EB0bElRuv729QXcguuGF0rsGc3ZjhIm%2Bh6Tr1Plw1a%2BGpyhaNKMA%3D%7Ctkp%3ABk9SR_bK7qWZZw
"New Boots and Panties!! by Ian Dury (Record, 2022)",,£2.58,+£2.94 delivery,7 Mar 2026,0,Pre-owned,https://www.ebay.co.uk/itm/147183204014?_skw=NEW+ROCK+BOOTS+PUNK&epid=12057484662&itmmeta=01KK55VMN5KGQ1SM04SJ3SMJ6T&hash=item2244cd76ae:g:EDEAAeSwCONppy3L&itmprp=enc%3AAQALAAAA8GfYFPkwiKCW4ZNSs2u11xCTtYozAPml6HR0vZCix%2BrrOaDlWwMYB4r8BJ8N807VaSqTAyjo%2FLbs%2BLFwgG%2BK5x81wXjGYeNYwDY9lcOO%2FKKiDIKjAt%2BinDZUzXLaRTY0HKocUO0ur4MXMvsAwwlT9z0V34rTdvBGhC632QwgMh4tHAc%2FTirdWKdhqvR6zBMA7oOQhW5PnZIt%2FZYgIdrf6psnoObTWkMxlsmTXnsLmIxT3V8WYTPpZTwTDiaUIjzCZKH6klM%2FhcVI2b5GSV0%2FvLyOnI6%2B5N1UDKbbSZY4yhkdJckvROdCs8%2Fjh3Howi5q9Q%3D%3D%7Ctkp%3ABk9SR_bK7qWZZw
PUNK PATCHES iron on patch ROCK Hardcore metal crust anarcho grindcore,,£4.81,+£0.90 delivery,7 Mar 2026,0,Brand new,https://www.ebay.co.uk/itm/285878332416?_skw=NEW+ROCK+BOOTS+PUNK&itmmeta=01KK55VMN5Y74B0TA3DQCV1JX8&hash=item428fad2c00:g:kocAAOSwRqhmU0x~&itmprp=enc%3AAQALAAAA8GfYFPkwiKCW4ZNSs2u11xCLxH8C%2B0x5D0TnU5ZfNr9ZDbggUiE59lB85nygwIglsGvjvXYoDmwV1X4xU2U7K3FZMEAJm8iEjrcJjTzXUTHn6VXMBKJwy9f%2Bz4hQyz4W46gTXVWWKePm49IYIszNHf7ZzEG6qUajSwFosBFn0PizvQeFryhug8KjHluDs38%2F9gVrXvFtwJy5JgDVuSezJjLj3wfv%2BqEtTcZ8J5ibcuJ%2B%2FSOC3veOcuHsZkoSveICmBz%2FetCjHoyEkpWVSzRgldKGMaIf77AZK9QXGjXSukD1cZvhHoc0NdBIjtooE5SAZg%3D%3D%7Ctkp%3ABk9SR_jK7qWZZw
NEW ROCK M.8366 S1 Black - Punk Gothic Biker Boots - Womens,Biker,£238.50,Free delivery,6 Mar 2026,1,Brand new,https://www.ebay.co.uk/itm/326061956284?_skw=NEW+ROCK+BOOTS+PUNK&itmmeta=01KK55VMN50EDDEJSSNV3VMFDY&hash=item4beace9cbc:g:qigAAOSwzgRW1zbd&itmprp=enc%3AAQALAAAA8GfYFPkwiKCW4ZNSs2u11xBHKkbXXMOdAgkWeA1b9%2BfWNLEfUyzJ3UH%2BlR71AdLxAq4nKKkuHYgJk3EnOmLi375hQ6tiH0mTD5na%2FfgKvsjgNJTE%2BfvwEy6GyM7gEPYHAjQ7QV3WlWI6PBrAdY%2B76dE6QqYskn6JdMRmOyDhfIKvJ2HRrgvO7jnXMk2T86L%2FwCLPV1bp07mVOa67yqWa6DhFZNJXr%2BiIMbcJDpbrjvNHHcJubt%2BFsL4SJBONOBUroLJY%2BvV2lDO3TW3QjShbyyK2YOq5ateQMwticXnKR5myRYcwztZ9AU%2Fir0rL1VMmHA%3D%3D%7Ctkp%3ABk9SR_jK7qWZZw
Dr. Martens TARIK AJAX UK 11 Tough Utility Boots Black Docs Combat Work RRP £199,,£94.30,+£3.38 delivery,6 Mar 2026,1,Brand new ·,https://www.ebay.co.uk/itm/227227002722?_skw=NEW+ROCK+BOOTS+PUNK&itmmeta=01KK55VMN5THWP7VRPZJM6STAG&hash=item34e7c8e762:g:6m0AAeSwUxNplyZO&itmprp=enc%3AAQALAAAA8GfYFPkwiKCW4ZNSs2u11xDfKUtC55VQQzqTjV8YdfteuTdRAzIjkELrjwGCCjO%2FKUp9t2qHISfvUjlJimt8%2FLKAgqVA3CK8INzKxUomSjQZ9%2FD6sMfbYtkfsLIMIdzY%2BeXPE%2Bu3fAr8EXfikUKUt3MLT8kiriCu0Ujkdx8qiM7zztRRwqtDLD6F9IA%2FGxPggR%2Fok%2BPipaOeIKgE8cJRYJ8KhSKjCe58dcXSUwyK0CTHh1u4iCj2Ukn3XZoaLaTZ40Ucinj3py4q2OUMiX%2FKDVhdSqQJCQYMl2eTZL6g9S%2BgD%2FrocBi4YrcGzl3Hpgv71A%3D%3D%7Ctkp%3ABk9SR_jK7qWZZw
Cipriata Ladies Floral Boots Lace-Up Combat Vintage Festival Womens Shoes Girls,,£23.70,Free delivery,6 Mar 2026,1,Brand new ·,https://www.ebay.co.uk/itm/317032154840?_skw=NEW+ROCK+BOOTS+PUNK&itmmeta=01KK55VMN5GKEKH8SXH6ZAWM80&hash=item49d096c6d8:g:EyMAAeSwkp9pgJzw&itmprp=enc%3AAQALAAAA0GfYFPkwiKCW4ZNSs2u11xAJQCO78bGv03qLnc2ghCYpFdjJ5VzsZ3P1GcL8zwbjpb0nlJEmCoat0RKKJHo3ZAJcfzGYsv8yTScI%2BIUAjj4RjHzU7B%2F2gUtfoed5oqqjbPA%2BcbZAjZsYWrSwIBSnZ55b%2F776fzebwgXAsadZLj0yKV4I%2FLx7ys5%2BnpQPKDQ2CqR7fnRhTA5hHuK594SAla2JQFCkf49OWUb74abYji4y0Dq3SGkO6NTdx3dqujG187yzrUGHEFUooF8bQx40rR4%3D%7Ctkp%3ABk9SR_jK7qWZZw
DOC MARTENS BOOTS PUNK ROCK GOTH RARE QUALITY ENAMEL COLLECTORS BADGE,,£4.69,+£1.70 delivery,6 Mar 2026,1,Brand new,https://www.ebay.co.uk/itm/287172202042?_skw=NEW+ROCK+BOOTS+PUNK&itmmeta=01KK55VMN5YPM13S7WJV4JSA4F&hash=item42dccc0e3a:g:KJEAAOSwV0Jk~2nx&itmprp=enc%3AAQALAAAA0GfYFPkwiKCW4ZNSs2u11xAH5RAEVgrsQ5r%2Bil8VRAFsT%2BL9KhGbaUy8ItSm5wngFKcyR80zBG5Mlzm7KNPXnjmPrP6LfLmPaRnGYpgxnQ0yL3SF75smZ9UxlfO7KxJVwf4r36wHHUnVl9vA1dJRxzGP%2BbkypvtJAQ6bjZGm6KbvlEYtFbh3lHPWGCF2dLfgzN3gtirAonpM3oBRzoVj%2FrxLOSZYwAm4vtNw%2FdlfgErWGm69hurRmCY5dwiAW9gVZpIPZ%2BB1QqauU7oBt4e3jUw%3D%7Ctkp%3ABk9SR_jK7qWZZw
NEW**ROCK TOWER SHOES Metallic Black Leather Biker Gothic Boots UK,Leather,£55.99,+£1.50 delivery,6 Mar 2026,1,New (other) ·,https://www.ebay.co.uk/itm/388335223296?_skw=NEW+ROCK+BOOTS+PUNK&itmmeta=01KK55VMN5SCCNS5ZTY2F5C2FS&hash=item5a6a954200:g:KjkAAOSws4Jn5jvX&itmprp=enc%3AAQALAAAA8GfYFPkwiKCW4ZNSs2u11xAhWo7umEUtYIbdw01bEPFYpt11ZFKUMyTCTPxmITXOUqzUdj8yTeBPdqZtw%2BwPDIRmwAhR2zcjwjZfrHs5KHwP0W6njg2vwAn%2FQy68lhqORJfk0%2BfYmgF826Nt%2F5%2Buc5XiEd%2BNI%2FxInGf9OunWDzx4XSN1O%2Bm0NmjJ3DxJNzlQNakB1B9edMn3yRrET6V5oOpCXpxnHxNLKx4RCSEGzWqJaZ%2FRcO11eUDkfpVRbr7WOwinOK2Zco%2FeO1RnKFVhvfxNIPbLyR7cAZyqGnOAZJVKQD3TL3Ip1hAV3jadk%2BkXbw%3D%3D%7Ctkp%3ABk9SR_jK7qWZZw
Gorgeous Black Classic Metal Heel Tall New Rock Boots Size 6 Goth Platform,,£104.70,+£5.15 delivery,6 Mar 2026,1,Pre-owned ·,https://www.ebay.co.uk/itm/117060566571?_skw=NEW+ROCK+BOOTS+PUNK&itmmeta=01KK55VMN5V9F5D951YRPNPJH7&hash=item1b415a7e2b:g:D1EAAeSwu6BpocfR&itmprp=enc%3AAQALAAAA8GfYFPkwiKCW4ZNSs2u11xD%2FYpVjTD9iAffTuqKsZA2hUJNQbPPHee4uSdn0DTHnXjgyjRYVhdCG7ZlvaAjrHooAXjJDuQYcrx4%2BufUxCplM21v9Q0ILAxVywpMU3oBCCS%2FEnl36lxnECFH6K0UNHpPpqcLs3xcp%2BqNAmy3ob1K2gMrF0QN4iYR5zTZfDMIiZT9grcxThfmQzDRDG04NzOIb7dFkLH27JnyWP6wst0TPq8791LNO5eob2b%2Fbp1ScvTQPzQVD260oaMX7puwWYssnFZwjUVqXEmalyWWO%2BVa7NYykd9z4UkTQu66LSIb92w%3D%3D%7Ctkp%3ABk9SR_jK7qWZZw
BN Ladies Size 6 New Look Black Biker Boots,Biker,£19.89,+£4.06 delivery,5 Mar 2026,2,New (other) ·,https://www.ebay.co.uk/itm/306712241313?_skw=NEW+ROCK+BOOTS+PUNK&itmmeta=01KK55VMN5236ZYWM8GDSJRZP0&hash=item47697964a1:g:klQAAeSwbSxpaNfe&itmprp=enc%3AAQALAAAA0GfYFPkwiKCW4ZNSs2u11xDlPP9tpnOJdtGLD%2BtohQ5fWiw07JO30Y%2FMdB9aRJZ4OfDIUCAMk44bb7%2Fyt3lHPdMrPOTsyMTUzbHUh1ecskeOWpOMvHJTjkx6H5lVJFIRkZUG40J2eER84Gnm3F8hR2UKVlvy00g5x%2B8iml1aWdF4AMXbIaoNDbK%2BQU2ZgRGXp6W32O0QPwpN86RyFqlBIMAREuQqYwveD0w3C66jv7smrqb4Ei3ZxdplIh6ALpAuucOSjlKlwNyjv4fm9KqkAys%3D%7Ctkp%3ABk9SR_jK7qWZZw
New Rock Reactor Half Boots Unisex Platform Boots in Black,,£238.49,delivery in 1-2 days,5 Mar 2026,2,Brand new ·,https://www.ebay.co.uk/itm/165937175134?_skw=NEW+ROCK+BOOTS+PUNK&itmmeta=01KK55VMN5R1SZXZJW4WTFVXPG&hash=item26a2a05a5e:g:eywAAOSwYINj6lEi&itmprp=enc%3AAQALAAAA0GfYFPkwiKCW4ZNSs2u11xC1DdynOUgKSpF2T8Kf2JEP%2FSRx8rylRSrAFinibaW7oJwzOf3JLnJ%2FIg6ThbSaziH4NnXEBkptEuAMr3QWZvBwjt%2BftjiWLRG7UrzFH8l%2FU2L82UDRIIk7R1AJRkmfvMlqllNEoWUApyTx%2FSs0bM4AinAj4OSsF3OhbWoHG2K%2BPMACt9kHYqmxX5%2BNFrNeYtmRsNxN%2B4FgNRtwOVyBlHPg5aqh0AeI679DMK61ZU4fD3eH3btlGiSnhatJw9CiRvU%3D%7Ctkp%3ABk9SR_jK7qWZZw
New Rock m.272 Black Leather Chunky Heel Mid Calf Punk Goth Boots Uk 4 Eu 37,Leather,£169.99,Free delivery,5 Mar 2026,2,Pre-owned ·,https://www.ebay.co.uk/itm/306777219712?_skw=NEW+ROCK+BOOTS+PUNK&itmmeta=01KK55VMN5T3BND5FFBC49P04J&hash=item476d58e280:g:O74AAeSw~s9pb0s~&itmprp=enc%3AAQALAAAA8GfYFPkwiKCW4ZNSs2u11xBzP%2BOcLIQj6lLCCNQCxZWB%2FAbs%2B2Da5CX2J6gR37qa1BwDypziizIgt4sfzXLwuQUbNUZ5MEHweZCyMMjMqHoRaOPhZp6GhqmcuiXsQpeCA0fjWzQ0x9H7yMMfK52huSY0uI7r%2Bir%2FVzIsLLqguuccxjDoe9d6r0r%2FgVzVcjZnLPCMRiGzBK3mHhH1c9KNmr4OqfTczBNq0FrMH5Zb9Vb4%2BbOUz%2BMy842aetWFcz6vfbeYIJkhKrEWaaOySV3AcHvqdQZIwLi2voaLuZcoHIlVvs6CpeF%2Fj6AtG5JVy%2BTqiQ%3D%3D%7Ctkp%3ABk9SR_jK7qWZZw
Vintage New Rock Reactor Boots 6 Size 39/40 Goth Emo Punk Steampunk,,£78.65,+£6.65 delivery,5 Mar 2026,2,Pre-owned ·,https://www.ebay.co.uk/itm/168125255254?_skw=NEW+ROCK+BOOTS+PUNK&itmmeta=01KK55VMN6P9N6E18PX7E5JV15&hash=item27250bce56:g:NhkAAeSwjoxpflEn&itmprp=enc%3AAQALAAAA8GfYFPkwiKCW4ZNSs2u11xAc8oF1GUyd2jF2rNdtZnh%2BjLQ51rLPKo4VfXWtCq9HEHslE%2FHkrYAqswpF9%2FrxM2LYgtD3222TmGR%2FxpglMNo9KifXot2pEAgIBq8BU%2F9S2aSEE%2FKWtoRhlZXyy%2B2RVR%2Bm0564dTIRtTmnu7RQaq9HWQ11aa9UnJJBUj9jxn8fk0veVUNsE%2FSivr90etewgyubIFkS%2B5OxoV9YpYwIAaNnvZd5beHCNoj15Uhx4%2FByU5Yhj2GH4sOss6CDtvag33OdKIWHEkkk7DdLKy4BBq3sSo71pB128d1aYNYsBAeVYQ%3D%3D%7Ctkp%3ABk9SR_jK7qWZZw
Dr Martens Shriver HI Slate boots,,£146.30,+£4.26 delivery,5 Mar 2026,2,Brand new ·,https://www.ebay.co.uk/itm/267243336448?_skw=NEW+ROCK+BOOTS+PUNK&itmmeta=01KK55VMN6TPVJEEC3QS40A5GW&hash=item3e38f1b300:g:VU4AAOSwPmVoG0oN&itmprp=enc%3AAQALAAAA8GfYFPkwiKCW4ZNSs2u11xBn6bZKFgy%2F1OZaGHAx4AW7k9W1hvyn6HDPNbTo2dcm93t2RZUce4OgsAAmt9hSs1qRqYwW9xKa%2Bs6ytag%2Bx%2BuBEtXsqfmIxVpewY%2BQA9bxIqL4R4P0b%2BX0BLmIUIvduHrjeaO7%2FBZ%2FiDJJBmdcj%2BMsIfXZ0eYg0k3qe5gAxDUp6RTIz%2FikTa7AWoVk2I21GzvwGLypTMLNwFCHn2w2yjoxW04fy1o1F2DkrFeu6GF9IVoJ0RiQb2GR7sIjVzj9DAtLogq5JI1aWku284D47KpWE0cT95SlZdqz%2FWFTxs3bvg%3D%3D%7Ctkp%3ABk9SR_jK7qWZZw
New Rock Reactor Demon Flames Leather Chunky Platform Black Boots Uk 6.5 Eu 40 ',Leather,£79.99,Free delivery,5 Mar 2026,2,Pre-owned ·,https://www.ebay.co.uk/itm/306714802648?_skw=NEW+ROCK+BOOTS+PUNK&itmmeta=01KK55VMN6XB4WKXEQM0PBXZZ3&hash=item4769a079d8:g:43QAAeSwtiZpahzg&itmprp=enc%3AAQALAAAA0GfYFPkwiKCW4ZNSs2u11xDiJwp3EaydzgYpm5o24FjLzRR2CbuVOaduRufz9gp6gKyfKZYmpfMfa5ksr4Y3%2BDWJs%2Bvf2%2BWz4fmjKUIghzkVjKamE1dv%2FfBPjS4y54LDwl%2BC%2B6XHXiEWPxJq4p5kha1qvLo7iR2AiZYIprRYVR6E4Q4J3SnVIFDDysRKvUEGULz4fDIm%2BoYwEc0%2Fi%2BlfLyd0nND9o06V86%2B9MCdhCDMTXsD5ZGYbIxrrfj4c9N9nxjHJSiFl7xXJnBuRDQ6CXn4%3D%7Ctkp%3ABk9SR_jK7qWZZw
New Rock Vintage Booties/boots Heeled Black Leather Worn Once Ex.Condition UK5,Leather,£57.89,+£3.38 delivery,5 Mar 2026,2,Pre-owned ·,https://www.ebay.co.uk/itm/336423930054?_skw=NEW+ROCK+BOOTS+PUNK&itmmeta=01KK55VMN6YZN25AJ7CBH78ZVH&hash=item4e546dc8c6:g:Ui8AAeSwI4BphgKC&itmprp=enc%3AAQALAAAA8GfYFPkwiKCW4ZNSs2u11xCRTD8BwoKIdcIpCpvetf81gIF50FEYQuDJebfP344%2FGbn0DCppOSbQur%2FOJCm%2BxpDWfLiEtcP%2F6Y42cqaGxjuRhM2V6vNpOycUwN95CNnJAYX0Mz%2BbQj8M9Ye0sCM1doZ2hS78dbqDlvzp4GdvWkbmJKUtV5iBW8FCEzhZl8YSUXVOv%2BkWz8QcuZh2BbpsDNKS30y7LW35UEoJTlsL4f0ekVVvKK4g9TgPcSrSww%2Bwi%2B6prwFJTN4sKpPXC7HddrigSl3t03Xn9XWXHJvYfOMku%2BlB%2F4b0CVypxIrHnR%2Fm2g%3D%3D%7Ctkp%3ABk9SR_jK7qWZZw
M373S33 New Rock Boots Women's Size 6 Black Leather Goth Punk Rock,Leather,£51.66,+£6.65 delivery,5 Mar 2026,2,Brand new ·,https://www.ebay.co.uk/itm/358285828447?_skw=NEW+ROCK+BOOTS+PUNK&itmmeta=01KK55VMN6K7Z8VBQRM5961DR2&hash=item536b7fe15f:g:whYAAeSw5WJpqG4H&itmprp=enc%3AAQALAAAA8GfYFPkwiKCW4ZNSs2u11xCjevFkwNwSPtSyRuWub6A30FuupfgJFxo0Qt6uAzPzD4qcsM3T4QZuNY8fC6GwwFHHsGPSOZU%2FqaQlQmRDFlVnmpBkRD1JNPf8vKhKsVJQHdHUhx6hytYsMT1AOI76F2mah9bCxP3jcAd1YhEsEbzwmTcU86cBTer9gaWIJiX2XguGs%2Fx8wmQIytZ0iB09VYQo6KGNI27XIlsGOImhxUH1j%2B%2F9bVEh5LB7gx54PIra%2FbEXgWV7YYyMbVDzPhgqSeRBBiL2%2B130I94zRrtV6a8tX%2BQqWWzZkFcLY6IISL%2BuEw%3D%3D%7Ctkp%3ABk9SR_jK7qWZZw
MENS ROCK N ROLL ROCKABILLY BROTHEL CREEPERS TEDDY BOY WEDGE PLATFORM SHOES SIZE,,£35.99,Free delivery,4 Mar 2026,3,Brand new ·,https://www.ebay.co.uk/itm/392299743183?_skw=NEW+ROCK+BOOTS+PUNK&itmmeta=01KK55VMN66ETD95N2T4ZXPWXP&hash=item5b56e307cf:g:ZFMAAeSwvINoinFz&itmprp=enc%3AAQALAAAA0GfYFPkwiKCW4ZNSs2u11xCJswDbk9KLh0ap6PHjWlWdDXv43NkpgWt6H%2BPeGaz7aVdSuqhIOHkyYFcfhp%2F3IkGgnZux2OpKUqNuGAiM%2BJsnacHz7wcP4mSxIlfrI7Boc0zVo2YvXaojv429V8fLwcHSXfov58C%2FxcuXS%2FmBw%2Fz0SE%2BJHFz3B2%2FSEedCyZ%2BU%2FAO0uiYiieJijodlMVNudKLAOriOCWmy1RtM4Q9GFGts5v2T7QkmaL36Ev14lnPNaoZtykbFS1CvHmR4bi6E3vw%3D%7Ctkp%3ABk9SR_jK7qWZZw
New Rock Boots M-BIOS101-C2 Unisex Metallic Black 100% Leather Sandal Punk Rock,Leather,£186.38,delivery in 1-2 days,4 Mar 2026,3,Brand new ·,https://www.ebay.co.uk/itm/255011994184?_skw=NEW+ROCK+BOOTS+PUNK&itmmeta=01KK55VMN64JB68V4HAM24Y863&hash=item3b5fe63a48:g:QNkAAOSw8bJfLBFC&itmprp=enc%3AAQALAAAA0GfYFPkwiKCW4ZNSs2u11xAHuqVrT7bDUdKP5d%2FQRdmd4jo0KhgWKKormaBq8%2FAbSPV162T9QLZvLABBUTrTxTewCohfT5aXFZB34dYa41cDAC6%2FTW2UW0jDTzoR00GTfnILByBEkidzOHZCdekENYlSaU75q18sG9gq1VA5b8SSKzvM5unLVMGO6z993NFbvBAkqi%2FThtAS7EAeHbgW7KxQrT0ss1nqJjTvCzYF1Dhcp%2F6TbI8E3Zj%2BBw96BttONxpTLOTAN4GzYQztlT4M5Fw%3D%7Ctkp%3ABk9SR_jK7qWZZw
Dr Martens Jadon Fur Lined Basi Leather Boots Size UK 6,Leather,£52.70,+£3.38 delivery,4 Mar 2026,3,Brand new ·,https://www.ebay.co.uk/itm/267475785244?_skw=NEW+ROCK+BOOTS+PUNK&itmmeta=01KK55VMN6RDNYS2WW1TN4DMWX&hash=item3e46cc961c:g:bOUAAeSwShZpGewr&itmprp=enc%3AAQALAAAA0GfYFPkwiKCW4ZNSs2u11xCpErAv%2FN5U6c5tag%2Ba0CY0ZAmr%2Bg2mGc64vuAwqmgNrFdvzQG2%2FC%2BCIJUEq94YPsK7bf0sPCB4vreUQE%2BwXkVpiBi%2FnAGu0T1gO8sSYkP4HbCIfwnxbbvBllBrWUfjXg2cVEwMcwJQ6CS7ClTn7H4xwILd0p0m4I4kNhQV9nsciuzYlMmq%2FZUEpqTZ3rmG%2BRD%2B8JoYoTaJ97FlHJUJG7FHNspgmVAR0cVXLM3xC7Ifbd5x6w6d%2FM3u6vVZsIGDG5g%3D%7Ctkp%3ABk9SR_rK7qWZZw
Boo Hoo Women’s Leopard Print Heel Boot Ankle Boot UK Size 4 Boxed,,£13.46,Free delivery,4 Mar 2026,3,Brand new ·,https://www.ebay.co.uk/itm/116984533958?_skw=NEW+ROCK+BOOTS+PUNK&itmmeta=01KK55VMN69QBTH7EFEAMH7VKM&hash=item1b3cd253c6:g:61UAAeSw5VhpaLFo&itmprp=enc%3AAQALAAAA8GfYFPkwiKCW4ZNSs2u11xBh4I%2Bmk6dJByZTrvVmp3822xOY%2FM7wJVOL%2FSXI8o5xPII8A6iMBIkkS7ICI9PFQO%2FxDJpMfyO7DoY3shzVjv5LWKE3b2GC3hURLY9ulXC10Di4wguX8BIselloLanXgjmWKGr%2BWlzx8u4w1KqFNp7iyXAQ8B9gGfJI6%2BpfQ77vch9J7mUGn1YWgi5X%2BdJc7B1f0g%2FlmSZb8Nb9HklRQnXncw%2BlUs2u6LRE1X6RNuUmovSWln6Fuu6m3KUyEWbG%2FuMLzfMjgzECOZYZFtG08zs7EvfZld4I1PGz75f0bcXtUg%3D%3D%7Ctkp%3ABk9SR_rK7qWZZw
ASOS Creeper Zebra Uk 13 Brand New-goth punk rock #shoes #boots,,£11.54,+£3.38 delivery,4 Mar 2026,3,Brand new ·,https://www.ebay.co.uk/itm/188109812928?_skw=NEW+ROCK+BOOTS+PUNK&itmmeta=01KK55VMN686S08EEAN4NS8J3W&hash=item2bcc37f4c0:g:-2gAAeSwBk1ph1a-&itmprp=enc%3AAQALAAAA8GfYFPkwiKCW4ZNSs2u11xBgLdPpcpHW4U2g9QXxWzm3xXf5qe6xbT8NHE0HQe1kHPQdvpBVLFl%2BDVjtuF04UluLDh7bWNqMaNf7%2FyvadVpl%2FEmJ7z8qPlLgsVglEcZJUawm2UEyYKpoQ8s7wot2xn6%2FYxH%2B6%2BkLeRh57MfxEsGsXPu0hbiBITWQiD46hiEh9Pth9K%2Bk%2FIXMhXJksFx6JwHaSEgrh9Isorb2t4MvYDdaBeND7TPK5FR%2BjkhZ2TE3dQaMz3d0TZxywDKOtmvgXFUR4mFpp9hAvjy9Z6KQPHsK805PHMc%2BDNE5uDy2xbFDuA%3D%3D%7Ctkp%3ABk9SR_rK7qWZZw
“New Rock” Black Leather Pointed Cowboy Ankle Boots size 7 (US40),Leather,£79.74,Free delivery,4 Mar 2026,3,Pre-owned ·,https://www.ebay.co.uk/itm/257376278695?_skw=NEW+ROCK+BOOTS+PUNK&itmmeta=01KK55VMN69BM9ADA81N5YFNHE&hash=item3becd258a7:g:XmAAAeSwKqlpnXKm&itmprp=enc%3AAQALAAAA8GfYFPkwiKCW4ZNSs2u11xBjzCzoVMeGBOhVTCQWvfRtFhIp9slnDnAr9mjqk8qUFkdNQdQKmTqpTTYrbTTL%2BuruR9tdvXc5Y3olgj3OcLNhqOFGJuR4ePFIIDTb4e0dibFJhAzW0ENmSqp1K%2FPs1zwWOfhkZcmqJy8iDO%2BdixLAnzGTEuWm6ZHbQ7fPAd56nb18gn9iS84vtJN90EizE5TDkRteBpSrVqvZ076WXpJzuwoW8BGRDbRL%2BTscREff%2FvxKL%2B41gaoKSy5JeEk03sl7GDueuz%2F%2BwBytQ1h0rIRrhBpPbotASCeddX6vIEuXuw%3D%3D%7Ctkp%3ABk9SR_rK7qWZZw
Shane MacGowan - Brand New Boots and Panties - Shane MacGowan CD S2VG The Cheap,,£4.61,Free delivery,3 Mar 2026,4,Free UK Delivery | 10m Happy Customers | Trusted Seller,https://www.ebay.co.uk/itm/306389836959?_skw=NEW+ROCK+BOOTS+PUNK&epid=3991933&itmmeta=01KK55VMN6AF9FRE0V9C3FCSC6&hash=item475641e49f:g:C64AAeSwO0ZpNJaE&itmprp=enc%3AAQALAAAA8GfYFPkwiKCW4ZNSs2u11xAaQniRqypG3KqkutcqsuT76vCIzzi%2FqZohJ99l8L1urWcEncJddyGY0lCo6DIoggpfLYUTNDvwl0ukjiv2Q28av0RYyMYq63YXkfqDU0fExTh5LNPbNiio4ix7fAxCdKtXADRTft2I%2Fjd9P3TjWQAu6FV0f1XQu2xIDnXb3AAc%2BQk9JG5YKyFnzra1X7dZbAOAhRDh4fViNAjfMpyRShhAwmo3G5vxgkUvbOL%2BVYCXDecJkE%2F%2BCkdYDGO31%2FaSO7lzLH4iyy97Y5L49xnvJJnPIK%2B6KUJUUV7Cw8rAEdDZqw%3D%3D%7Ctkp%3ABk9SR_rK7qWZZw
New Rock Boots M-215-S6 Unisex Metallic Black 100% Leather Goth Techno Biker,Leather,£184.99,Free delivery,3 Mar 2026,4,Brand new ·,https://www.ebay.co.uk/itm/255313284540?_skw=NEW+ROCK+BOOTS+PUNK&itmmeta=01KK55VMN65SH15436MPM0HG92&hash=item3b71db8dbc:g:neQAAOSwsQ1h1Dbl&itmprp=enc%3AAQALAAAA0GfYFPkwiKCW4ZNSs2u11xCoIXBN5Lc2xbdbpM9IjXIPXtXDrF12sgM0B0ndHnS8iL%2F91xbMOrWXzUqIx2eAxDt0lZqz1QBbOhxQHcqv10fZlQq6yStEZZ0Xnp7bmf3EqCfQ2ysNpQWZfQS7%2FYS%2Fv%2FbiQgRdWkfYuLK1QosKgXd%2F39frxOrL2lf%2BUroNvOowVGZOKeLR0IRrSbEQXWffFMWgghs8YB9WUwtA6Z9EllaaTqOyhB5J6DDDvRuz%2BRqbchIIg5vYdw6mJLWgg%2FCSzlY%3D%7Ctkp%3ABk9SR_rK7qWZZw
New Rock Boots M-TANK120N Unisex Black 100% Leather Goth Platform Punk Metal,Leather,£199.99,Free delivery,3 Mar 2026,4,Brand new ·,https://www.ebay.co.uk/itm/255313579741?_skw=NEW+ROCK+BOOTS+PUNK&itmmeta=01KK55VMN6WA2PJBJWGKJKXHDS&hash=item3b71e00edd:g:9A4AAOSwbDJiIPgV&itmprp=enc%3AAQALAAAA8GfYFPkwiKCW4ZNSs2u11xDQqP4WAYTlWMa7WRd1Fyl0VX4Nk88RgEI7zSgYh3%2BA3O6aeOg2LpPdaa2BvHMq9nbPbRR8JE%2BLtlDEb2G6HsphC6O0bOfA2ysAWTeuiGx2dioGbrCiRAlBUlAI8y1N0PPOFXp9FgluuNfYe0puPVIVzMmn8tpsxFulVLCE6mHkntul2iDtI2f8Oe1EGNthEcniGApCqSHONmM1y05SWtm3jm8qZpTtAEeHuUUFiWwes66du%2FC2xSbx3RoHXbphS6Q%2BIaot%2F1ylS3qihu%2BG5L6uFMwncl946am81T75LpwFqA%3D%3D%7Ctkp%3ABk9SR_rK7qWZZw
New Rock M-TR005-S1 High-Heeled Ladies Black Lace-up Knee High Boots,,£179.99,Free delivery,3 Mar 2026,4,Brand new ·,https://www.ebay.co.uk/itm/267195937391?_skw=NEW+ROCK+BOOTS+PUNK&itmmeta=01KK55VMN6V011QW7QBTP2CN7B&hash=item3e361e726f:g:fj8AAeSwUCBn3WyW&itmprp=enc%3AAQALAAAA8GfYFPkwiKCW4ZNSs2u11xA2Vlppu34B1buSIHdgeYN8qgKrNjB9pi4Qo2YcXLWupLH4GErf83lfdiNvt9dfwC3E0ZZHqYKRU1ItKBlqu2fXeAdgnYD%2F%2BLdt2fnfz8Cz0pFDYAqS%2FKLjMdOS1MIH3Ho9vHl7jaios311NAkKBuyDEhG8%2FIvb0fxsfC8jX7qwjVQu94Qz7Jtrne%2FDhCSC6P%2BpjrIT7kWeqpB%2BOMw%2FFSANELLkp1KpYBfRRw8vzeGUmtamSyUEToh06IHTppnJ9V9d8SHmU7pabR91dhvzLms%2FHkVgzy%2Belo12vPz9Pv1qUw%3D%3D%7Ctkp%3ABk9SR_rK7qWZZw
NEW ROCK 7960-S7 Shoe EMBOSSED VINTAGE Blue Leather Buckle Steel Heel Shoes,Leather,£189.99,Free delivery,3 Mar 2026,4,Brand new ·,https://www.ebay.co.uk/itm/255313526771?_skw=NEW+ROCK+BOOTS+PUNK&itmmeta=01KK55VMN6S098DNHWXK1J9XCA&hash=item3b71df3ff3:g:KuAAAOSwfnNh1GVG&itmprp=enc%3AAQALAAAA0GfYFPkwiKCW4ZNSs2u11xDFg66TcWM1o194UIl0Q%2Feq5yiKEZQVJTckCP5CqPzxu3KxhX3%2BvvDAXWmoOXyqXAex33%2Ba%2BqjE5r4fGmqEeXPoYrfUp3hGVJs2fastEtza7XFREuz1KkQz6tuoqvCyN1rKc5bMG3nBVQC%2FnZAmiRbAiK5Ts4FS2Jd1qv23lq5%2FY972%2Bo%2FyGNu%2FsgCl25MA543MzPVx0xH7sYbwfWe55EzlKbSLcpedwjf9Zs5MPFYBUwDOpuOZ31xQX4wX3v%2FMsIY%3D%7Ctkp%3ABk9SR_rK7qWZZw
Dr Martens 1B60 LTT Max double quad sole platform knee boots UK5 EU38 US7,,£250.00,delivery in 3 days,3 Mar 2026,4,New (other) ·,https://www.ebay.co.uk/itm/168183221549?_skw=NEW+ROCK+BOOTS+PUNK&itmmeta=01KK55VMN6JTEKSYFHVH32WHV3&hash=item2728804d2d:g:3iEAAeSwAGppnWIW&itmprp=enc%3AAQALAAAA0GfYFPkwiKCW4ZNSs2u11xD9HokaCIaweiyQAy9ZaKdXo2f0zDvuAwkhmKexpWQDbOeUVwT13OXDq9bfZx79Q2Vp3jNadyk7cP3wswN8Eo2onmprjM385jGyveFQyqqTrwMhyR%2FG27pVCxUtPYO5XJdc0BavSBnnxpOwSEzPrlGDEVOxBpf5Zd2%2FY1WkfDu00UyeS%2Bjv%2BSr57jpAWXDzjQEl8w5JO3at%2FAdiAS6hPAvISN%2BhlcV9e0GLXolF4esONtlvGTP6lRxfqtRRAbt2Jec%3D%7Ctkp%3ABk9SR_rK7qWZZw
New Rock Boots Size 43,,£67.08,+£7.19 delivery,3 Mar 2026,4,Pre-owned ·,https://www.ebay.co.uk/itm/137067401578?_skw=NEW+ROCK+BOOTS+PUNK&itmmeta=01KK55VMN613KEAJ0XCVBZHGXS&hash=item1fe9da916a:g:1tEAAeSwQUNpnYg9&itmprp=enc%3AAQALAAAA0GfYFPkwiKCW4ZNSs2u11xCU0pTZxOpeqH0a3Qpyl1fZHeqVAnEObQtWBrD3f9dMJC654V9Kt6In8EFZcBXncV0friwqTaVDaobAPW5lyA%2BimSLLEOAThB1JCQ%2FOAd4e%2B76UFhFC22jBpepP%2B8uX16JcgnVjG3cb5FCUk6BOcTFOiVXHeaCUK2LkyOjBK3h4eTSB3SY7cdbRo0iUqLxlafrE2XIwRYoGzPw1GcIPZps3yX%2BEiKBRQ79EZGNygII51CB8mQVXXo5rbULNUqwCqi4%3D%7Ctkp%3ABk9SR_rK7qWZZw
New Rock Tr003 S1 Black Core Boots. Size UK 6. EU 39. Goth. Punk. Biker. Heels.,Biker,£120.00,Free delivery,3 Mar 2026,4,Pre-owned ·,https://www.ebay.co.uk/itm/406718869216?_skw=NEW+ROCK+BOOTS+PUNK&itmmeta=01KK55VMN67V78G6FTR8MBKBBN&hash=item5eb2556ee0:g:2-4AAeSwAR5pnbAl&itmprp=enc%3AAQALAAAA8GfYFPkwiKCW4ZNSs2u11xDgEpOOBSINsXofCSvSiv9jvOVM5Os1y3unOYyyfmWSO1p5x5a96xGCWJCeYC9W29pwhguXW8oGi62dooVQDkTgXsidWKm%2FnYOQdMAJ1IvdGTB4KOri898CJwecSf2aLEqvas0EBpYrnW845j%2BCol%2BK5jvtcEElLb2YMqU6bdIOcAj8z%2BxJFnBs7%2Fgbjr619KoW%2FGiNw69roMybaRB4FfKJbGFO%2F1GBxIS4L63zlV%2FCe0B89YD6pP9zDnwtrLZCuxUn%2B%2Fan%2Fm0QmMdP4r6eMgFE0k6olMSc9A63qdDxX5duAg%3D%3D%7Ctkp%3ABk9SR_rK7qWZZw
Ladies Wide Calf Wellingtons Dog Paw Print Waterproof Buckle Winter Festival,,£26.55,Free delivery,2 Mar 2026,5,Brand new ·,https://www.ebay.co.uk/itm/317482483573?_skw=NEW+ROCK+BOOTS+PUNK&itmmeta=01KK55VMN6K69RXSKK1T781XEG&hash=item49eb6e3f75:g:NHAAAeSwl-ZpA01h&itmprp=enc%3AAQALAAAA0GfYFPkwiKCW4ZNSs2u11xBWY6ZPiITY7uKfArFdnvIX0zJuhwBcV4g1KW%2FvACJIz9OqbSb8aH7Bp2zWrxowTXfhbm1wb4heRjrMJ%2BSDpguOjUBJU%2Ffo%2BOvD3IgCwx7EFTsOuHV2HDC3um4aj6B5CwJCVZE0e84ZGK5yCDknNLvxnk7U4B2pGH7vHAiCYHoino2oOJ87jaa0G3Dx05wd7wX%2FatIvnEagpZwGy%2BQkC7OKJt0Dm%2FIRZMfV7ATS%2BHlgLhEjmRAZs1CrNd5S%2F%2Ba%2FAoY%3D%7Ctkp%3ABk9SR_rK7qWZZw
New Rock Reactor Unisex Black Flame Boots Goth Punk Rock Biker Size EU 40 UK 7,Biker,£40.38,+£5.21 delivery,2 Mar 2026,5,Pre-owned ·,https://www.ebay.co.uk/itm/389685579761?_skw=NEW+ROCK+BOOTS+PUNK&itmmeta=01KK55VMN6VHYMXR7AKN97NGNJ&hash=item5abb120ff1:g:LmcAAeSwR~BppEma&itmprp=enc%3AAQALAAAA8GfYFPkwiKCW4ZNSs2u11xAWuCw6FcKX2nMjodc4qBy2EWOQ6HiJJV%2BXAts3d%2B%2BZslbowUvJFgOjMkw4iYi5kCh4%2BENVEm7GfRiDMvAAyeMvvhD6ekgXsHw9uIjDVffuDqNSqiBymY1gmXt2QolIfpcb3vzMBnJgUdLWKdA6LOz7hzcoVbEM%2FN3ipO6fBQ5txt1y7VsZBe74h3HfRupi6JsP0o9OZKQzPCyHTBTlhRmNGf%2FmTdLBdigtArlwOVA6ykT6dDGjZWjahSqKDJjZv9klCkbpn5bRC0ca9a9QllfKsZ6kcuxfeFbz9nAqyOz7sQ%3D%3D%7Ctkp%3ABk9SR_rK7qWZZw
New Rock Women's Leather Knee High Trail Boots Goth Punk Buckles Size 5,Leather,£85.00,+£3.71 delivery,2 Mar 2026,5,Pre-owned ·,https://www.ebay.co.uk/itm/188095396320?_skw=NEW+ROCK+BOOTS+PUNK&itmmeta=01KK55VMN76F6R7XEKB7GQQRZ2&hash=item2bcb5bf9e0:g:VSMAAeSwp25pn0rx&itmprp=enc%3AAQALAAAA0GfYFPkwiKCW4ZNSs2u11xBNjSe4agO6jwdOjSIQpoNXia8Lg2gXY5thbAGhwTSs2W08D%2BqHZRsDWJPvD2xURAHztL6UvYZomvRrbKIkzaK2L%2FzDi3%2BrkmlUfIztYVUD2HtPMY8AnOeCVJl1p64sLqoxku4oqMpu69%2B2k6pFCNNrRUAeoyAYq7OHuj7QxiC0%2BQ%2FludK%2Bjzhm2N7zdCln6iGQnWPVKNn3%2BEoOc9Hrjfs2csNOAE%2BFR%2BefX1BAiB2wKrUfflR4Z%2Bj2U7Bw9pDAgRM%3D%7Ctkp%3ABk9SR_rK7qWZZw
New Rock Boots WALL1473-S3 Unisex Metallic Black Leather Platform Gothic Boots,Leather,£242.29,delivery in 1-2 days,2 Mar 2026,5,Brand new,https://www.ebay.co.uk/itm/256066573699?_skw=NEW+ROCK+BOOTS+PUNK&itmmeta=01KK55VMN76QP4T1R948FCXPJW&hash=item3b9ec1d583:g:uBsAAOSwDRdkVlx6&itmprp=enc%3AAQALAAAA8GfYFPkwiKCW4ZNSs2u11xAsOPUXx19nvtBYDEYLctrrazngQyxAzKM%2BaHoShunLsS7KNxycx7NRxjhPscbv%2Bcp0EwmyxRLqkD3NdMQtk%2F1jH%2BuWGPpW74z4sljsVwVWixMxA4rPUjuMBAvv6PmeJ0GFJOFXxTApUtHFCgc4nGDg92UJdwfUNUc5bjr1WFq9JgDnO9VuTVZOcoT1vbgVFh%2B85yUfNziq56tZdvKvB6xlWWl9da9Ss02qYXvz2LPk7Zqg4Bz9ToGEnSaj%2BMQ%2FSU%2FJHGfJQRr9ENPHBcJK%2BX7Pj8ZktQeXIQUSbaah6pdXgA%3D%3D%7Ctkp%3ABk9SR_rK7qWZZw
Men Tactical Boots Military Combat Shoes Lightweight Outdoor Non-Slip Motorcycle,,£51.99,Free delivery,1 Mar 2026,6,Brand new ·,https://www.ebay.co.uk/itm/317368396736?_skw=NEW+ROCK+BOOTS+PUNK&itmmeta=01KK55VMN7MXZ0TZ5C57B3J5AN&hash=item49e4a16bc0:g:r0IAAeSwqBtpXRYT&itmprp=enc%3AAQALAAAA0GfYFPkwiKCW4ZNSs2u11xBuy9EIIzRonwR52WRlF%2B%2BRqdRposzHeNqPdovnsmy6KOmWMBntWmubJWfDx2Xd67tOp1bgUiQb4d9JnSTmiN9yWcJbE54pIBqQXqNtzngS0%2BM1A91HAh7%2FwdzC087mLNPxDrVVJ6AEM1PILNdQLjQRLuo0GtcHgU%2FX%2BUCBnj4l23REXUljp4E4ML98OzJd6kHKb%2BZvRaTEPBKvmvfo75bZ7ZxlyhflU%2Fbpo6LFH9J7BfIEx5KisHKr7Ymt%2B00f29o%3D%7Ctkp%3ABk9SR_rK7qWZZw
New Rock Black Eco Vegan Leather M-TR001-VS56 Women's Boots Size 8/42 New In Box,Leather,£35.38,+£3.38 delivery,1 Mar 2026,6,Brand new ·,https://www.ebay.co.uk/itm/127699400081?_skw=NEW+ROCK+BOOTS+PUNK&itmmeta=01KK55VMN7X74DXZPG3D9JT0C3&hash=item1dbb7a3591:g:xsoAAeSwWklpm2mD&itmprp=enc%3AAQALAAAA0GfYFPkwiKCW4ZNSs2u11xC9L8s9atG8%2FyrjT7df9wEeyRfc2Ba%2BvTTGnCGyc5c7kbuydTN7s77V0nYjc6Ea0vE4PZnKKYK4msQ%2BPMac4ACyZqm2bkXWTlI4JFbWBKKPJWxKbNyc4e%2FG07X0AzhBtBpCnqmJBgLB2mphWy%2Fqf8dy4fQwWtr%2FXIGE8cePOLGisFmjSjd19B%2BPa9FuI9qL9EbG6Q7tHQYTyIM3fnWeXDCPFwOO3WVx96UN0RKdgerjnMNmrlmralWPfAcl88bJ6Kg%3D%7Ctkp%3ABk9SR_rK7qWZZw
"Dury, Ian - New Boots and Panties - Dury, Ian CD 0AVG The Cheap Fast Free Post",,£5.95,Free delivery,28 Feb 2026,7,Free UK Delivery | 10m Happy Customers | Trusted Seller,https://www.ebay.co.uk/itm/397011503630?_skw=NEW+ROCK+BOOTS+PUNK&epid=59470937&itmmeta=01KK55VMN7V3TCP5WKB7TYBFXP&hash=item5c6fbaca0e:g:c54AAeSw4cVpNkYn&itmprp=enc%3AAQALAAAA8GfYFPkwiKCW4ZNSs2u11xBSzVHPfsuPv060o9gwbGJmvDNQ1eapEVfYMpFip1I%2BZAzGGaRqST228ACIuBFGUQi1GGDCk6uh3ViNr2Nhs3gOVABr8yVP%2FHWATUg67W8%2FD841XFvloJydGWwdCikcajvpFLwgT9v1JxSTSx3slp3kN6cLVkArUWYRUtN7e9klKyOTeiqvZFoCh%2FugTwz4u9v3ZJbRZnX20GtvNxOskGfYmNuOdGECOQAlS8dbLyjCm%2FnCguswF%2F48ahamv0UqIzxKO8Xj9E8rw5lwzDKy0DXlrbswUHh0glOqmaheMYdmbw%3D%3D%7Ctkp%3ABk9SR_rK7qWZZw
Dr Martens 2976 Alyson Wintergrip Chelsea Ankle Zip Fur Boots Black Leather Uk 4,Leather,£63.10,+£3.38 delivery,1 Mar 2026,6,Brand new ·,https://www.ebay.co.uk/itm/336443994870?_skw=NEW+ROCK+BOOTS+PUNK&itmmeta=01KK55VMN7E3RXART729TJNCZC&hash=item4e559ff2f6:g:Lt4AAeSwPFJpmGW-&itmprp=enc%3AAQALAAAA8GfYFPkwiKCW4ZNSs2u11xBXKUYYG88ifNM3JALqF5NPyRpekxXQ9iGD5ampUmH1Cfi6KTf8UDGBA%2F1a4XGv1EF8gu4MmS%2F9%2FZdbRZFIN2%2BelrtnWD5XV6h5IoPyPDt8xUj6%2FUmvpkJhUxoeJRoFqaLx4j5jkGLq3a4btffmOSohO1%2FNkEsgixTkBQkuh6x9FPsjV%2FQ6ZKEg0ZI315nim7jRVJov8N8G8OXq2X3ZLRkP4wPR9slr57D5pJ53SEntmBnWR9erCxVx26mpOv7kK9BbOF3zUBOc8WG4Wl0iX10cKpTapr5ouCwO8KSXsGSELQ%3D%3D%7Ctkp%3ABk9SR_rK7qWZZw
Vintage New Rock Boots UK Size 6,,£83.90,+£3.38 delivery,1 Mar 2026,6,Pre-owned ·,https://www.ebay.co.uk/itm/267589745219?_skw=NEW+ROCK+BOOTS+PUNK&itmmeta=01KK55VMN7QGYQGHN8VXJTJFFE&hash=item3e4d977a43:g:4WkAAeSwb25poLl9&itmprp=enc%3AAQALAAAA0GfYFPkwiKCW4ZNSs2u11xAGuCqgPxtRGbJkZRI%2BKdY3k%2BF8BMPVoUYEkaQMBX8WksJQG3Wrph6jdzpqjrjrmMMgqS5avZJEsLVhwgtDnXnmEyo5wlH9OuLegGkQa7fgzDy8N0HUkU4vW%2B8PL%2BesXj9GrXU0XovPsnGPc4%2BgPe%2FOSNUAIQcmt6MMRKDoX5Tm0XRosaW1ZcdJkERIHm2th53zU4aqskhQ9g6QElaqfLxyQE9mXxVwbQDdW%2FdqOUQaAU%2BkP3K2tSwRzcUrk2%2FU7jE%3D%7Ctkp%3ABk9SR_rK7qWZZw
Ian Dury : New Boots and Panties!! CD Deluxe Album 2 discs (2004) Amazing Value,,£10.20,Free delivery,1 Mar 2026,6,Great Prices & Quality from musicMagpie. 10m+ Feedbacks,https://www.ebay.co.uk/itm/291607343876?_skw=NEW+ROCK+BOOTS+PUNK&epid=30894640&itmmeta=01KK55VMN7H38CZJZPGGHNW77K&hash=item43e526f304:g:55wAAeSwUONodZfB&itmprp=enc%3AAQALAAAA8GfYFPkwiKCW4ZNSs2u11xDlVqwLhBBoxXvwL0QNu9gik9rjRkuH9lJcqCoEgj3YlXKCoKWwpz9x4Uc9HIioZYqb5K%2BWDcyzqMqHW4xaa0bDj8fWo309%2FOhM4Qz5GL2JwAmmTvmn1us4x5fZxnNMEdJQYWLJSoOyvDGgFNtLUR9trBevDEjBCgI0QnAGnIjUpLKEkmO5kgBOYv7f6Be7dJ6qtTWcOW5tRf5%2FoZc%2BapkG%2FJ7M661y8wHdqkTXZztKi53Nr2bcOUb5%2B2ervK3glJnXYXmRicm%2FLNP5HqEUei%2BUF101ZtqAfQt95Pa2ZHok5g%3D%3D%7Ctkp%3ABk9SR_zK7qWZZw
Ian Dury - New Boots And Panties - Ian Dury CD R0VG The Cheap Fast Free Post,,£7.71,Free delivery,28 Feb 2026,7,Free UK Delivery | 10m Happy Customers | Trusted Seller,https://www.ebay.co.uk/itm/306775014065?_skw=NEW+ROCK+BOOTS+PUNK&epid=15052234675&itmmeta=01KK55VMN7Q011XGMJTWK9VC6C&hash=item476d373ab1:g:0OsAAeSwM0tpk-5E&itmprp=enc%3AAQALAAAA8GfYFPkwiKCW4ZNSs2u11xC0XE6YfBb8qEAbCsQViDUzJ8wvxhgCQ8mUhwRxBLebrsYHksMrq216R%2BWCn%2F50yb754aOSuHdXhfDgZv3CZU0eCtxKw9VKAMVJeULtSI0bVDUQ%2BaBBDNJh2dBHJwjH%2Fj7Kt%2BoJRZVrZBYbmVj57EODHaciC4JyjJ8Jimhx%2BlsitpM%2FqJPI2uXcudYlkt7joAx3sFo42cDbh4THd97CsmgnWrmMb4ByPLfhzsRzBjxvBHSODr9QYIdRZSlcuaDcI8TIcVV6UKd8AmILyYQfyaIh0VYmMRJYijUGTFcVroDQYQ%3D%3D%7Ctkp%3ABk9SR_zK7qWZZw
Dr. Martens JADON III SMOOTH LEATHER PLATFORM Boots UK 4 FAST & FREE NEW,Leather,£78.99,Free delivery,28 Feb 2026,7,Brand new ·,https://www.ebay.co.uk/itm/127699392687?_skw=NEW+ROCK+BOOTS+PUNK&itmmeta=01KK55VMN7VGVKKKYJKK7Y4CYC&hash=item1dbb7a18af:g:ECwAAeSwqz1pm2ih&itmprp=enc%3AAQALAAAA8GfYFPkwiKCW4ZNSs2u11xAK3UV9xdH%2BXxLJiok8u3hyBwXNhSQL0BwKHkE6jxCy4V9EkdocKnfZLtrrsF8R%2B3qkx4NVV1ioCmuIiP6Yh3iM5wgjsBFlSqI9V0tHOVM8MKfuF6EdzgaiC5hU4YKjz7Dz0F5atUGL2WBm80MKbhDXrgyeQ8TPIvHcgeeSKeejruB67UvB42R0xZRHUuHqWHMpBrzpAPj0vjmRQhTWHLBMR%2By6eJUiP7mFlLf5SlpCgEC0fEwrpvkOC9dZDKUiV7qpgHWwxOE1bZAqogC%2BBdaFdnrGvH0DxmJHM7603Pl8Wg%3D%3D%7Ctkp%3ABk9SR_zK7qWZZw
New Rock Malicia Black Leather Heels Knee High UK 6.5/7 EU 40 Goth Rock Boots,Leather,£52.70,+£6.65 delivery,28 Feb 2026,7,Pre-owned ·,https://www.ebay.co.uk/itm/376984535622?_skw=NEW+ROCK+BOOTS+PUNK&itmmeta=01KK55VMN76ATQ22QXYKN03DYW&hash=item57c6078246:g:TiUAAeSwoNppm5P0&itmprp=enc%3AAQALAAAA8GfYFPkwiKCW4ZNSs2u11xAqJ6aI9o9JdZwa00PmqxwfQbwus5ZLn3N5XbuWNPhr8qC6Sv9X5OJm2ZIsNUwlDBYjlnL63KL0cknHIvhQaYLq%2Bz%2BYWIj1i2wT1fiRsMj0j825fWXhVALJtPlMz0otcmL5Ol0FfUgy0xwHrIuTW1FwOj2TH4xzs7IjdDs7DC6ojKkgvfaAGdMOovGUFGOmUDOrsMt%2Fwhu9DrQG6sfy6QivjLqSV0knFDCe8yd5qzX6o%2BtQFjEKmUxcPSXpZs9xw6hoC5tGmN4mbg%2FloHSWdxsTrHpLEufIelJ0W%2BGJ3I5h0A%3D%3D%7Ctkp%3ABk9SR_zK7qWZZw
New Boots & Panties - Dury Ian CD L8VG The Cheap Fast Free Post,,£4.70,Free delivery,28 Feb 2026,7,Free UK Delivery | 10m Happy Customers | Trusted Seller,https://www.ebay.co.uk/itm/397384075838?_skw=NEW+ROCK+BOOTS+PUNK&epid=30634916&itmmeta=01KK55VMN7RF67J9QA7918BZQ3&hash=item5c85efca3e:g:KLQAAeSwyqlpO58P&itmprp=enc%3AAQALAAAA0GfYFPkwiKCW4ZNSs2u11xBUMEBfOQ%2FxjS%2FTjn2jBbSfK4kr5miWi5%2FqQ0nL27qtfdZRbyvXje0OlTk%2FWvJw%2FsNqbC4Mtp29A3sgeQrrBgqApZnlIT6CwtN0MR2XHLcESNXJcrmrK9G5uhfAwlJPhcZ23dwB2DeHxPvdRBas3GmZ%2FVGbNtdrJ3tcQ4sF8jWkVSVBTUOLFT8kRWd%2BhQ4oS6j4zuqBXmN9LO7imZrMi4UWgZ2pgYyj3cY1iumnR8Ai0J%2Bzq6idHW4dwqzH3Q4W2FM%3D%7Ctkp%3ABk9SR_zK7qWZZw
New Rock Reactor Flames Demon Devil Leather Chunky Platform Boots Uk 9 Eu 43,Leather,£199.99,Free delivery,28 Feb 2026,7,Pre-owned ·,https://www.ebay.co.uk/itm/306721233645?_skw=NEW+ROCK+BOOTS+PUNK&itmmeta=01KK55VMN7NZ8N5K9DY29QSXFX&hash=item476a029aed:g:KbQAAeSwjBRpb0j2&itmprp=enc%3AAQALAAAA8GfYFPkwiKCW4ZNSs2u11xC8LGeDJ5intNq1m5SbI%2BgQHA%2BpatJquMMia6SuXx212L8Wyhea0vG%2FFNvtnnpiMOR40u0O80RxAq9DLOGmVq9XmvM61AHFyIBTYdqiPt2DXKKyDpsKf%2BEveb1W6JLmd9D1ReYSn1OW64J16%2F5qCezZctJBqps7F5vYWGBCN2yVXKo7if8E--2r02Gk%2Fu4ZGGh0h9kq7F%2F9potmAgeXGsjXCu4MJynl8p3MQMefvelxblOBjvzoXX%2Fvf167M%2BfsPKc1J5kYHBSiBpMfDySDqGngvuevgWSdP%2Bdmgoz6IK7dzQ%3D%3D%7Ctkp%3ABk9SR_zK7qWZZw
New Rock Men’s Boots Eu Size 43 Knee High Black Leather In Size Uk Size 9 Uk,Leather,£44.04,+£5.15 delivery,28 Feb 2026,7,Pre-owned ·,https://www.ebay.co.uk/itm/177887550566?_skw=NEW+ROCK+BOOTS+PUNK&itmmeta=01KK55VMN73BYBKTJNDJ7VXWVJ&hash=item296aec9c66:g:G6AAAeSwZUFpnGWF&itmprp=enc%3AAQALAAAA0GfYFPkwiKCW4ZNSs2u11xAXThUOpM4cXf5TE5qhQ4GBlwI10V%2BJfkFaTg3hM5uLTDE%2FAvXxu1EEJlGbQiGV7ejkUzbeN93Ug9PsW53VX%2Bi5yz%2BttjqxdzVJ2WjZ78iYMdzB5mO%2BbcW4DEgnYxMbLoYqYDIIviABEnua8RNNFoG6kyhdpeMGIuVHjEzKXJJFTY%2Fc8YX0vPXclJRbRIm56zCTTBzVqRyBhCOTwoI4doPLXyyjEuK7Pgw7KLalEfxLzQ%2BskYcBbYS516NOwoVGxcY%3D%7Ctkp%3ABk9SR_zK7qWZZw
Vintage New Rock Boots UK Size 6,,£83.90,+£3.38 delivery,28 Feb 2026,7,Pre-owned ·,https://www.ebay.co.uk/itm/267587834969?_skw=NEW+ROCK+BOOTS+PUNK&itmmeta=01KK55VMN7Q15BAP8W1NK92TQX&hash=item3e4d7a5459:g:4WkAAeSwb25poLl9&itmprp=enc%3AAQALAAAA0GfYFPkwiKCW4ZNSs2u11xAd8R%2FFgNdfjYZ9rzq2mwErmFxBhRw5%2F1h9zsBiNwof0QLG5qprum44a8EgXNz92gArag%2BaKdjz%2Fqi3GX%2BqqFCIVuvGN7sYJYopPlgu%2Fp1kr5IHCt%2Fp8QeTNc6KqIamp%2FPt0ZiGEyQobE4Motvh78w139B3Lfa9nfw3gaF81YISEFm5Yzht%2Fb3rwebdI3QJ6L%2BiWXlEfzb84anLOIQUlztQgFK5E7TUNjziKXEbu%2FTgBi8g9VIsNiA0y3wLmVnCsec%3D%7Ctkp%3ABk9SR_zK7qWZZw
Brandit Military Combat Para Boots Steel Cup Security Leather Footwear Black,Leather,£59.51,Free delivery,28 Feb 2026,7,Brand new ·,https://www.ebay.co.uk/itm/282840115197?_skw=NEW+ROCK+BOOTS+PUNK&itmmeta=01KK55VMN7HTP4RMCT656TPEHC&hash=item41da95a7fd:g:Su4AAOSwAGhafCth&itmprp=enc%3AAQALAAAA8GfYFPkwiKCW4ZNSs2u11xCII%2B1gaz6%2FVCYucdA70eP8PBr776TRUDOaQC6eX69sXpfk4AXGnA%2BPXizRb2mxfR6174FMMtKX7vlRTGOpJG0nDyCeIUFgQq7NVivUZNi0Xwog201qsWB1ysA6qlGFcqMMTM1DgcvGtse36oMoKXeP7cCX94MTWI2HbLAYMa5Jt0B6x3UWnGSV%2B3RHrIDl7OwAzBXwvagqoV6mcqoOUZF0lfcFQssz6ZUc0z6Ngy%2FOzwUyJ9jAEkXyP63KteGGCw9I5zWRHbkVgg%2FSh%2Bi2xWeDfga3d9ARRPkHFTObnaZpJQ%3D%3D%7Ctkp%3ABk9SR_zK7qWZZw
Girls Childrens Low Heel Front Zip Goth Punk Casual Party Ankle Boots Shoes Size,,£9.45,Free delivery,28 Feb 2026,7,Brand new ·,https://www.ebay.co.uk/itm/198085931277?_skw=NEW+ROCK+BOOTS+PUNK&itmmeta=01KK55VMN7BHW32TAC1056D15J&hash=item2e1ed7710d:g:bkcAAOSwGw5hSZzU&itmprp=enc%3AAQALAAAA0GfYFPkwiKCW4ZNSs2u11xDfXRp0h9DpDNraYjv%2FKMzwO%2BUFNm9Cllu0G4X%2B1jolP3pIaSw7TgkDk7inLx%2BLpuyVAol9dNMkUX24D071W2zGxjH0I1Xfb45pMmvIARXl7gMdb3Y9B%2FPPs%2F2T3AKaou9s03WsNtGCkojvLVDSmNmciuHA0VKaDKcNPo4XPdPe%2FgiW4R6RLoNLZz5UsMioykBfuwMLCZG0tfEd9Bzpq%2BOB59vWuL%2BD1dpYu5gS6LW0tfW5vkboFGEqxBi4kMQp%2FJk%3D%7Ctkp%3ABk9SR_zK7qWZZw
New Rock Boots M-272-S2 Unisex Knee High Metallic Platform Goth Neptuno Space,,£224.99,Free delivery,28 Feb 2026,7,Brand new ·,https://www.ebay.co.uk/itm/256865627692?_skw=NEW+ROCK+BOOTS+PUNK&itmmeta=01KK55VMN896N7KSN65TERHJ83&hash=item3bce626e2c:g:~psAAeSwt7Rn3VmO&itmprp=enc%3AAQALAAAA8GfYFPkwiKCW4ZNSs2u11xDV1oAW7WU%2Fnvu3Tux81iC2zy5CzLFp3wk5q9UAcIWijMN3UZTwlUqpXbs%2FTfuaNDfzbXAiv44Cxmc2lnv2gKUKK5uLusGo%2BpKoj%2B0ggN%2BQPKnv4UdwMpEYF%2B759a5yRJU%2FEPVZH5Z7BiQgXO5xMADuU5IcJVE8lwwxWsBwfyZnH7ieVmc29hLmCLpVl3%2Fazl45xXbclq%2FjmdzXBJprwXf8POUQoq7aCxZ2iAcwQ3v0T4J3XDP8vXySGYlAXMz8ZNQnUJOqy%2BBcfTMl4ETJOvx2mGttttf8WJBZ4I0B4BEU%2FQ%3D%3D%7Ctkp%3ABk9SR_zK7qWZZw
New Rock Unisex REACTOR HALF BOOTS - Leather Platform Boots Black - 39 EU,Leather,£237.50,delivery in 1-2 days,2 Feb 2026,33,Brand new ·,https://www.ebay.co.uk/itm/197991594848?_skw=NEW+ROCK+BOOTS+PUNK&itmmeta=01KK55VMN807GQ39A7188SQBHN&hash=item2e1937fb60:g:ej0AAeSw2XNpVRi5&itmprp=enc%3AAQALAAAA8GfYFPkwiKCW4ZNSs2u11xBasjcLBFbSJQOjv6qLB2vO4HJnZazWe2%2FKzs4ikgY7iF1mUcKQ%2BvwPU7m2MimA%2BoXBh3yeNRTPZyD8JZAGwfpl4h%2BZu4RVFGeXZSHq5CteLHjtFLF4jU4KEtyCZQgFCwXr%2F25FatHIevLCYiMXW3w%2B%2F2AEa%2FVCVXQIAFocOu02Vx8PyvSSRiCzMXR5o1FIJPqFCh0qrlZNcov7BrnuXq9%2BUhxlRTTyi82efLmdvwRGQrzQrQYc9LLZCFN%2BDIiq3gJ%2Bi8BUDOWZxoENKZ15RQDgjR8LdLeLUFalQBqT2MED4w%3D%3D%7Ctkp%3ABk9SR_zK7qWZZw
Ian Dury - New Boots and Panties!! [VINYL],,£25.53,Free delivery,27 Feb 2026,8,Brand new,https://www.ebay.co.uk/itm/297753026548?_skw=NEW+ROCK+BOOTS+PUNK&itmmeta=01KK55VMN8RE9VHYVCBX4RDZC1&hash=item4553769ff4:g:CrQAAeSwstBpEzBE&itmprp=enc%3AAQALAAAA0GfYFPkwiKCW4ZNSs2u11xC3T%2BG8FDmMxkFzbMkn01rQeM6sPO%2FUE%2FKpoAbIP6Xd7W6Kl%2FvLj3Kvkf%2FntUDdPr9z2bXDlwNH4RDbYnHhVAoWKkAjBL0bsAKt%2Bd9vdnUht4PV6VdjBYl3GU4pMxVTzFZ4VuiQ1HFsHf5ULo1yKXUpyv6BXlQGU%2FmiPxUI7DSd219zznKTNHHOveTa6IW9SUCbO%2FbdwIsiWVxB4IKqOOd6bKDJj4JpH064RJtgzP6OVe1DlRCy%2BN1uQJ0hfzs5t3E%3D%7Ctkp%3ABk9SR_zK7qWZZw
NEW ROCK Reactor Black Leather Mid Calf Boots UK6.5 EU40 Steampunk Halloween,Leather,£105.74,+£5.88 delivery,27 Feb 2026,8,Pre-owned ·,https://www.ebay.co.uk/itm/389164304370?_skw=NEW+ROCK+BOOTS+PUNK&itmmeta=01KK55VMN8HF8PBTTG11MT208J&hash=item5a9c0007f2:g:SzYAAeSwXVtpA54S&itmprp=enc%3AAQALAAAA8GfYFPkwiKCW4ZNSs2u11xBkw8XTOmxKhcPaISUyT0Q%2FUO1DAAZeRqpa%2BASXUE0TMlk1qJFOlAvPJulJk1cRXVLc1RtrrATd7MA2sJ9d1%2BRhVDNH7JXSwmQ7I0kiA1EPE5X93Lj2uvkqRz5lwfpgK4OHiwE7nH%2FMRPNkHerEECpx2lynfeulLN0rBvxT%2BzoOhCKhopiCclfwgPISeWKPCnqASo0%2FWDyvBI4w%2FiaHKNrK5Hb2SUnCaIQK1jAE%2FsaWtneMW3xwOp9keN9MJZrsP2kvOQiS7V0zpxZlqWI9OILNKsPLHx7bE3BSBRVr%2FBHS5g%3D%3D%7Ctkp%3ABk9SR_zK7qWZZw
New Rock Boots M-TANK106-C1 Unisex White 100% Leather Goth Platform Punk,Leather,£223.66,delivery in 1-2 days,27 Feb 2026,8,Brand new ·,https://www.ebay.co.uk/itm/254996282822?_skw=NEW+ROCK+BOOTS+PUNK&itmmeta=01KK55VMN8S7ZJDPMMENNBM12K&hash=item3b5ef67dc6:g:cmkAAOSwkeBgsP4k&itmprp=enc%3AAQALAAAA8GfYFPkwiKCW4ZNSs2u11xBftHKPvyatuJfUHOZ8ao4MWbH1AmwAxzeOEFM66aREzYq%2BAop4GGLcf9VIEU4%2FWofVHPhqzT%2FIA9%2BFOGG8z%2FLyHoM4e8BsL9h1%2Fv68Q%2FXE6nqE8PdcYiSahXlU4%2Blq6kD6UP%2BaBPB%2Bg6bHvq2x30sgB1oq5vCtP5uC9RKU3zQQQM3L0UMW27yP4DqorNvOzxOOyGUYV%2BvM7h4R8A3EXgoIHSNAPs1ve8fMhpF9mobmPT%2BJvAIfM0aRyj6xu0OvG45LqxPSohTHQiEVSoXXDnXuW3HoRElz9BAyG4VcM711xw%3D%3D%7Ctkp%3ABk9SR_zK7qWZZw
Shop on eBay,,$20.00,,,,Brand New,https://ebay.com/itm/123456?itmmeta=012DEW30YG0MEEKND7NH&hash=item123546:g:acwAA9KNiJowH:sc:ShippingMethodStandard!95008!US!-1&itmprp=enc%3AbgepL1tlUHjMGCVfSTGJh%2BzsVKeJ3CQk7NizDI4BZeppuFnmyS6Ijyp8lh%2FnEw%2BWqO7uTV1Q6izE1R0T54aV8j71F4xlWfVcGft4%2FiOQhtqVXA1rW6M1atPARQRmhqUxtEPJKhKtSFgI%2Bvwlzb0GwVCtkp%3ABlBMUObkmabpYw
Shop on eBay,,$20.00,,,,Brand New,https://ebay.com/itm/123456?itmmeta=012DEW30YG0MEEKND7NH&hash=item123546:g:acwAA9KNiJowH:sc:ShippingMethodStandard!95008!US!-1&itmprp=enc%3AbgepL1tlUHjMGCVfSTGJh%2BzsVKeJ3CQk7NizDI4BZeppuFnmyS6Ijyp8lh%2FnEw%2BWqO7uTV1Q6izE1R0T54aV8j71F4xlWfVcGft4%2FiOQhtqVXA1rW6M1atPARQRmhqUxtEPJKhKtSFgI%2Bvwlzb0GwVCtkp%3ABlBMUObkmabpYw
WOMANS RARE NEWROCK LEATHER BOOTS LIMITED EDITION METALIC HEEL PURPLE FLAME,Leather,£150.01,+£4.26 delivery,27 Feb 2026,8,Pre-owned ·,https://www.ebay.co.uk/itm/177205489963?_skw=NEW+ROCK+BOOTS+PUNK&itmmeta=01KK55VVKX0WR4FQJH13X38Z9A&hash=item294245312b:g:-IEAAOSwSn5oUpp0&itmprp=enc%3AAQALAAAA0GfYFPkwiKCW4ZNSs2u11xA%2Bjopr5vlbgzpaLicILYdggH3Z3Trv9mDWd1z6aTO0FBuY0KJttd0%2BgL4IaptVeRHVNsr%2BrTOpflEdOVXTDhnr%2FtsPVOGE0%2FKOGiB%2BFl34MYF5Yuv9AatA5SLTJmX1hiaqLZ1mK8pJzz3jdMCj6WI5stiatfxLdDqmAlFnmgse%2BHb9N2PotgmTKUw8V5xT1%2BP265kGNZqKCwrj1C1Eoub3FH8qAKFfoOZTWUCMbwSorhZyIAB6pjl9r8eThZdwPsw%3D%7Ctkp%3ABk9SR7a676WZZw
New Rock Comfort 1481 Black Leather Flames Platform Punk Rock Boots Uk 5 Eu 38,Leather,£129.99,Free delivery,27 Feb 2026,8,Pre-owned ·,https://www.ebay.co.uk/itm/306653413176?_skw=NEW+ROCK+BOOTS+PUNK&itmmeta=01KK55VVKXC06GARJBJZXKC50W&hash=item4765f7bf38:g:A6oAAeSwUWNoIbKI&itmprp=enc%3AAQALAAAA0GfYFPkwiKCW4ZNSs2u11xAsLLsCiKsXaX4EotOVFEvOm4xsEg9PeEbKc%2BIZdcKW%2BUGmmXJyCWXrNrOOITAgJnhJzNnHh0aTeWmtJzDGUWZWLai48x7hfFgRIPkSLQDsEahd2URdadowxupZ9sVDCxwbQOdFohm6D2sUJ3Fh6vTwOY6htEU%2FAqs%2BZt%2FIKE1EX2qBxQ6gwWjnZqMdRs5ije%2FJS%2FI7am69VKW6JLwmnGTl7DoR7iCj%2FTSCYHPsg1sLyIhs5EcZyWZi9aM61pkvgKU%3D%7Ctkp%3ABk9SR7a676WZZw
New Rock Women’s Platform Wedge Boot Shoes Size 5 Black Leather Discontinued,Leather,£89.99,+£3.99 delivery,27 Feb 2026,8,Pre-owned ·,https://www.ebay.co.uk/itm/397610102037?_skw=NEW+ROCK+BOOTS+PUNK&itmmeta=01KK55VVKX7VJT2VYQ2W1SWTXE&hash=item5c9368ad15:g:J4QAAeSwjLJpXkgE&itmprp=enc%3AAQALAAAA8GfYFPkwiKCW4ZNSs2u11xA7hwCA3U%2FVtQaRSxeI%2BASDkbaq5ogKIafvQ1AjTjHRurHNLkzJi5sZggdj3h4QC%2F6IQpwLFpATNdS6X15aHgMX8qlHOrUo1oNid982yf8lvCfJ1lAvy07KEt8U1aWbrrjZh8IOERGj%2Ff0nGoN2zwaafj13%2F4RVcgX1y%2Bx%2Ba3c4QO8fxrjo7QklVLmIlJMiU0fc4DnkHLo5AUzVNj25wwlev8otpoJuJRe4hSTkdDp3%2FILPEb2BQRLp7LTPQxPKKzYgzs7O8pcXIG%2BWbhS4m5h5%2FZBmW0FZKi7kq0CqbsyZkw%3D%3D%7Ctkp%3ABk9SR7a676WZZw
New Rock chunky platform shoes black leather EU39 UK6 goth punk,Leather,£115.10,+£4.48 delivery,26 Feb 2026,9,Pre-owned ·,https://www.ebay.co.uk/itm/317856630581?_skw=NEW+ROCK+BOOTS+PUNK&itmmeta=01KK55VVKX524FMQRXAFW9P4PS&hash=item4a01bb4735:g:4PIAAeSwrHtpiOX2&itmprp=enc%3AAQALAAAA0GfYFPkwiKCW4ZNSs2u11xAu%2Bga3W7afNpCiNw51oSxJXd8QWKUt6ifgWIsKeiP%2BwG1e5SsQwvTGJaM2vH61IY3yOqeRCtC8JIdyDJPbI4MLKczf0dNC9gZIBASPLaNx6iOS7aqH8Fepitv9IsJQGPEuS0nzTD5iISqEvQUJwpb6jQGdLTR6AjWKa%2FGdsURGIgtOmYk2PcfFS%2B1e1ysz4yLRx2GWJt%2FcovHipQm2RG5sVpI%2FHG4qFXfaPyY3CjkkpWFutx40fOavjOluiIsWz6o%3D%7Ctkp%3ABk9SR7a676WZZw
New Rock Boots Size 12,,£73.50,+£5.21 delivery,26 Feb 2026,9,Pre-owned ·,https://www.ebay.co.uk/itm/357406516154?_skw=NEW+ROCK+BOOTS+PUNK&itmmeta=01KK55VVKYCZM5HRCD64MESXRR&hash=item533716a3ba:g:OVwAAeSwI9JokHu3&itmprp=enc%3AAQALAAAA8GfYFPkwiKCW4ZNSs2u11xCp60I0rhE2gSIaFD0qc6fzhT6ONYHZ31k6Nva8EhLjkEoGPN5CXOLE4FXTRpTX96wJNSjivoATvh3pDkdFxDpsqKApf3nqsf6WTsPQQIiOetf7SCx4YlpWGvwWZP2p%2BtUHJhG5xMmtxlghxwarfvQSMe3VR8cWYHAUUCGBFdfR47fgoZuIQODATyISI%2BX7LX%2FMf4z8pOgyc0cyWN7ljM605dKB57aiB3xlZpvV0duysBtFeH5%2BlzXPZGFs1oPZh5Advduqr9CqhryPuccLHRuT10SQJIkDnglnDPvihC%2FJGg%3D%3D%7Ctkp%3ABk9SR7a676WZZw
New Rock Black And Purple Leather Chunky Platform Boots Size 38,Leather,£90.00,Free delivery,26 Feb 2026,9,Pre-owned ·,https://www.ebay.co.uk/itm/397640806843?_skw=NEW+ROCK+BOOTS+PUNK&itmmeta=01KK55VVKZFKP8A5JAH4XACY1T&hash=item5c953d31bb:g:DYIAAeSwe4VpjfSU&itmprp=enc%3AAQALAAAA0GfYFPkwiKCW4ZNSs2u11xARlUNcvLqwFXb2TF362QsmOCTj2bSSkISGcKnRYTrAbeo2LDgV4pqrWWDan5J6GKriBRv8O998yhVGHq0Hi5GugSCgWL1aaraGVZI06HexnWRUQVbvrnIyLquGzY7vN36DmEgIxYmZR9KjtY2c0lgRCnvMeFPuXTXqiultgI388Gjgl7LJItTLJLIwR%2BmYpNdh%2BAlDUOyqWvfktiSD%2Bz4%2FaQMAuouNQLb46ay1QcYxLUsrN43WsKKeePFKKupvDhg%3D%7Ctkp%3ABk9SR7a676WZZw
New Rock Reactor Tank Black Chunky Platform Black Leather Boots Uk 7 Eu 41,Leather,£159.99,Free delivery,26 Feb 2026,9,Pre-owned ·,https://www.ebay.co.uk/itm/306426857358?_skw=NEW+ROCK+BOOTS+PUNK&itmmeta=01KK55VVKZZA8AET0B94NEAVNW&hash=item475876c78e:g:RsMAAeSwtrBojHNh&itmprp=enc%3AAQALAAAA8GfYFPkwiKCW4ZNSs2u11xC4fSptetWj2jV8%2FjLB6Rropg116TFtK9bHi6tW8IOBOYgumHHuEtOI8b%2FcdmXqT6TFvLR3ml6vlwiLcgH%2Fn3fm1UfEQEj%2F5FNiuA9u9nV9GwGYJMMXsAd9wEigIjJozHBc0MPtk3XZJD7nVRBFEqvHyrqCFyp47815GBiGRS1k2upWwmQ7dUaO5SJIgPhg5iduzeETNlmMYlSu1Lvx%2BFaHyhRlCy%2BSM5EjSirx4VazvGc0Zl8gOxAPOjcgT%2FdPogbuFZgcm3dLeeHS%2FEE3Z5Ww7JoxRwcgDVH%2BLjJZenFQWw%3D%3D%7Ctkp%3ABk9SR7a676WZZw
New Rock Boots Knee High Black Real Leather Biker size UK 6 39 Gothic Punk,Leather,£95.00,delivery in 2-3 days,26 Feb 2026,9,Pre-owned ·,https://www.ebay.co.uk/itm/287161680332?_skw=NEW+ROCK+BOOTS+PUNK&itmmeta=01KK55VVKZT2QGA0JYGK7G5VCM&hash=item42dc2b81cc:g:TNYAAeSwoVJpnaT8&itmprp=enc%3AAQALAAAA0GfYFPkwiKCW4ZNSs2u11xDFXQphdPFKHBiiYIwV6%2FCEm9dFuchctdaagB%2BEb2u0N3psyDf5aVJ5%2BFrkFYlWvKAsB%2BL4RPxdou2s0e1H0VTPwkb%2FQ4N4xLWE%2BGN71ZqAuAw2WfdqvMAKnbCz1B1db2I4cKvg%2Bz6kUImQlu1skMphdpanUfF8meJjO7pH371xpdx2fBQxUtw440uhWV%2BzubNKsMcxVKP2djZcQ%2F5pjhRks5jyX%2F07L98KvrCjJde1SfXROvFsAQeTHKcAuA3IAxI%3D%7Ctkp%3ABk9SR7a676WZZw
"New Rock metal platform, metal high heel & 5 metal buckles",,£198.30,+£4.26 delivery,26 Feb 2026,9,Pre-owned ·,https://www.ebay.co.uk/itm/286967176933?_skw=NEW+ROCK+BOOTS+PUNK&itmmeta=01KK55VVKZNF5SJWC26NB0YGKP&hash=item42d0939ee5:g:raYAAeSw4y5pJGBg&itmprp=enc%3AAQALAAAA0GfYFPkwiKCW4ZNSs2u11xCvP22m53dkJNt%2Fok1HMyhnDBwM9A15oBIcMpZZj7G%2FSdCOxKt9kGK05rWBDZzrNNcwWNkfltT65yE2xiImAEljf4jJNo8Bh%2BtfdjRqKUb5ThSI36TKWCrNWZw%2BxOFTS3%2FkaRs1nfiSO9AG7aVMszSPHCwvMElyOnJVAKDvatC0natJbiDdgCa5QYTkE3fmP9Dbj3m90%2FRu%2B2V0CNOxZu5XjZ2fnKtHxUuZ%2F6VtdQ4%2BDkWHk0BGYPyEK4JI1JcnyME%3D%7Ctkp%3ABk9SR7a676WZZw
Boot Charms,,£5.45,+£0.87 delivery,26 Feb 2026,9,Brand new,https://www.ebay.co.uk/itm/127431258034?_skw=NEW+ROCK+BOOTS+PUNK&itmmeta=01KK55VVKZMHY28HVGM6K65V4X&hash=item1dab7eafb2:g:-j8AAeSwWVdo7lk8&itmprp=enc%3AAQALAAAA0GfYFPkwiKCW4ZNSs2u11xDhKiNn2fwM2zNkHRePiGhGvwcHr%2Fx1RFfkWDLI2b94VcmLLDn3Tj9qf96ogWTzUfEEWOSxzs4o60k28TDr9lxBmSW%2BIitvXOyZqosQwkqsj0JA6UmlSAnxDU%2BQ0IAbgzpL4RNH2%2B9DGyYvzxsMrMjwfV2K3G7%2BqS34t1g6eiXrpBywBseXr3w8%2FXbixAjjlQCaLuIIbVFqqTzP4etFa%2BVQOWjlbV%2BUHx7Upih2LWXWE1P48oNzwApdrA5zLitAvK4%3D%7Ctkp%3ABk9SR7a676WZZw
NEW ROCK 106N-S8 PLATFORM SHOES Metallic White Leather Biker Punk Gothic Boots,Leather,£208.75,delivery in 1-2 days,26 Feb 2026,9,Brand new ·,https://www.ebay.co.uk/itm/255011994226?_skw=NEW+ROCK+BOOTS+PUNK&itmmeta=01KK55VVM0Y4H7Q6DJY0NFMZYQ&hash=item3b5fe63a72:g:jl8AAOSwRD5eC2p5&itmprp=enc%3AAQALAAAA0GfYFPkwiKCW4ZNSs2u11xAMwKCnuwPjyR8orQ46zGFfGhW6AcBtLdxzvg4kOHE2jocZNfwtSkFpkjUu114s8QyPwbREsMWAJxkGxJqUh3ldgMDhcEkqM2sKqRiuc5DB9YudCGJescpyzyrfiMBf%2BU5MRqn%2FhDZQIZklQduEPLH4wmPbaPEBF3T%2BBT%2BL6a9XtOn7%2Fq2zo51YdipKGRN2M1HD2NWoBQvqp7mtWxxgsl4Y1yTt4pB392pVAK4A47g3Oq9hVu%2FtDkiWUT9EEqSY2Ww%3D%7Ctkp%3ABk9SR7i676WZZw
Ian Dury ‎New Boots And Panties!! UK 1977 Vinyl Stiff Records,,£10.80,+£2.94 delivery,26 Feb 2026,9,Pre-owned,https://www.ebay.co.uk/itm/126937830277?_skw=NEW+ROCK+BOOTS+PUNK&itmmeta=01KK55VVM00V926FXPR4NC20BP&hash=item1d8e159385:g:UUsAAOSwBVJnrNuh&itmprp=enc%3AAQALAAAA8GfYFPkwiKCW4ZNSs2u11xC%2BhxuOSuM9yY5tPwfrIpfpwYTS2BU7ABFNO8j%2B2iJOmCY5FswT%2BRNqFYyUIdre5j2ABokXRHtQJSUBkekIn2Fu3sCk%2BIxEYB8eO7YBqySby9DF10kyy1%2FgvYys8mX%2BPI5HMSvSW6BI2qcyanACVQCp0hxxzKW5kpzPAb1li6Kscs7la9Rg8d%2FmK2cU11DDsQABtnz7apkU6PGX%2BaUO5%2Fjj8KojNLSV9QE8XIWpGiyEUV88yx309xqo2DltyPu25pkR3HReMEKwdqVC%2FRY8R6oxaRCiBrlNBY6KCfyScvOHLQ%3D%3D%7Ctkp%3ABk9SR7i676WZZw
ASOS Combat Boots Black Faux Leather Chunky Boots Laced Men's Size 8,Leather,£65.00,+£5.99 delivery,25 Feb 2026,10,New (other) ·,https://www.ebay.co.uk/itm/267564304200?_skw=NEW+ROCK+BOOTS+PUNK&itmmeta=01KK55VVM0BD98WTAHVBTV1JV4&hash=item3e4c134748:g:eSMAAeSw06Bpf8bi&itmprp=enc%3AAQALAAAA0GfYFPkwiKCW4ZNSs2u11xCj22hIRkud%2FNS3s3rQ8WkBRPEwhuuzrvfC5axJB1iL%2F2mkmkaXlltAJqio7%2BsikPWLxyYOPqnEBOxDVaY5jH4uk1HpTC7FPkgRfgjZqvROpPGkSmaOqB6lO%2FAzDMGWUjLfpNQUxhHM%2BEahZHHj73czfGgSGgbzm4u%2F%2B9iBqgaSeWgzZn2Ot6lm8vDAx1YOhhHxoM5iB6hDcVnZAZgD%2BHqtqMILjzFR9nSjuFiu2QoOyRI0VT18dLVVC6CJGXS3fiA%3D%7Ctkp%3ABk9SR7i676WZZw
"Totem Girls Black Patent Leather Zipper/lace up Boots, Never Worn, UK Size 3",Leather,£12.94,+£2.94 delivery,25 Feb 2026,10,New (other) ·,https://www.ebay.co.uk/itm/187030543498?_skw=NEW+ROCK+BOOTS+PUNK&itmmeta=01KK55VVM0Z2Q18XN8HYYGE6TF&hash=item2b8be39c8a:g:h0gAAeSwUu5nzeGp&itmprp=enc%3AAQALAAAA0GfYFPkwiKCW4ZNSs2u11xD3tm%2BJZG7DW0BzhoeL3%2FjPtJl07x%2FlPfEO3qhpSHO6Vo2QZYWFmISLpEPV8rUD1PHup2DAsBB7vZggIIR6sUD%2FBeat6h0jJBjcexRyaFa%2FEWSosVLW3nMPGBOg59vVWOQ1vdYpxdygFZwXRVoU8dqV%2Bj%2BVqtMaaCT%2FhBZOrwCLyzbGD%2B7BdvAjZF6R4ZGX1pTH5AOvPXnOPG8ydohUZ7bPzlEtrYNmwl28Wvhzy5FGFdJO%2BWhLQYiDkEZGmW%2B22M4%3D%7Ctkp%3ABk9SR7i676WZZw
NEW ROCK BOOTS TANK373-S1 Black Leather Unisex Combat Platform Biker Goth Shoes,Leather,£219.99,Free delivery,25 Feb 2026,10,Brand new ·,https://www.ebay.co.uk/itm/255313478396?_skw=NEW+ROCK+BOOTS+PUNK&itmmeta=01KK55VVM082KV1XTGCRHH93SV&hash=item3b71de82fc:g:-fAAAOSwvGZh1Fr3&itmprp=enc%3AAQALAAAA0GfYFPkwiKCW4ZNSs2u11xDsetHkxFAwmDs7ULNlhs1eZOz8gzCmj2Htl8H7bpXFoquH5codPFdE24PMU6A0mhBtgqfEaJkeWUJ94vAYYrNjgQ3faKjAlI%2F3WJLwv2ltq7ZGwaVOKjReEPJ9slebzgq0sAt4KFNZKrz4S1wmsnvOck1iJq4GttZUEaDtAYPF8o8ey0tDu03kcICyhaUxeg3pMpXdT6WUp1dch4V4aeiy4g3P%2FvbnJBCEHF0zdeo%2B4YqlxtEjz974nWpzbaO4r1c%3D%7Ctkp%3ABk9SR7i676WZZw
Demoniacult SWING-815 Size UK 6 Blk Vegan Leather Mid-Calf & Knee High Boots,Leather,£72.46,Free delivery,25 Feb 2026,10,Brand new ·,https://www.ebay.co.uk/itm/358105973098?_skw=NEW+ROCK+BOOTS+PUNK&itmmeta=01KK55VVM0CXZMK2GXHBXCPXCY&hash=item5360c7816a:g:YtUAAOSwYEpivY0O&itmprp=enc%3AAQALAAAA8GfYFPkwiKCW4ZNSs2u11xDpIdJ%2FeTNJhW5lFLOcZb16ht2M9Q%2BHRf5jl4CdEaNRZ4ieFBLZi79DYQiaQRqJW71sLruuA1bKJapUdh%2BgoYGonrg7N8A7wZ5JoCvGikG%2BQ4%2BpxkcL0sMLk7hVJ8vz%2F4KWCb5MHscX6QkPYk0Tw1hn4Qd3fEat7UEJGokEHafe0gLJ%2BfxwtAs%2FtC20yTnLQSygsSSByVmX9FHvPN%2Bxjg5e2sAus5Lo9zDZbBwdDm8vzNG1u0yS%2FjuPkw8CgYKDpnfu6eWJL0yYwew85dgx3BNHXLp1B8014mtUvjlKEwJX4Q%3D%3D%7Ctkp%3ABk9SR7i676WZZw
koi web trap boots UK6 Spider goth punk metal white black shoes witch new rock,,£47.50,+£4.06 delivery,25 Feb 2026,10,Pre-owned ·,https://www.ebay.co.uk/itm/388299541849?_skw=NEW+ROCK+BOOTS+PUNK&itmmeta=01KK55VVM0GTBMV1BSNS58S2GM&hash=item5a6874cd59:g:QfkAAOSwZqJoBjPG&itmprp=enc%3AAQALAAAA0GfYFPkwiKCW4ZNSs2u11xCNKZRGk5JykACI8FBRKydGNBcXoOpL5IGVirENiMgGs6LzF%2FzSAeIXAxahVAaupGqxN%2BHMKbBOCjVSJtv%2Bxtx3EN%2FSnA1MxcMZ2kLPa6i%2B8H0twev%2Fm%2Bo%2BArOE1qAJ%2B6TAKEJoQB3QGPpxLHfVC%2Brs3I2vsnBUG2BWK1ei%2BmanqgUX%2FHcf0X7iBORoqeraOOeIpkYPMAIBp1%2BixayPF14D0fhFJp9OvhSV0xOE4sicJJS6dhMnvnMzBkEZNm%2B3ByA%3D%7Ctkp%3ABk9SR7i676WZZw
Buckle Boots Black Patent PU Zip & Lace Kinky Fetish BDSM Sexy Sadie UK 4 EU 37,,£29.99,delivery in 2-3 days,24 Feb 2026,11,Brand new ·,https://www.ebay.co.uk/itm/317641566726?_skw=NEW+ROCK+BOOTS+PUNK&itmmeta=01KK55VVM0PZ56VFBEJ4TXRXK8&hash=item49f4e9aa06:g:q2cAAeSwxMFpMpaU&itmprp=enc%3AAQALAAAA0GfYFPkwiKCW4ZNSs2u11xA5cI%2BdoRwTJ1jme6N6YXGpuCo3JMTUWupG%2FF6YeJtnj03DGMPOCuVEcRkIvcRe0eck8yO7mcRmV%2F32Yzv3JJuxYV2%2FOIgfNbPKTz4AwOs2wviOiXI6UnCszFiY5wXjS%2BtS5SbCLbCd0NjjEi6u2lTsGseyqpbAu%2BdD4bCq2iPZRSDPPsZ%2Fg1u1l8WCo%2FJoth%2B27iVoh%2FcmeORqkJo26BdSmzvs0jhQLnq9IQ16Rhu9Y8SWTKOQLHd%2B2g7VGrVSdS0%3D%7Ctkp%3ABk9SR7i676WZZw
DR MARTENS 1914 BOOTS UK SIZE 6 EU 39 USA 8 DMS DOCS BLACK TALL 14 EYE 11855001,,£165.00,Free delivery,24 Feb 2026,11,Brand new ·,https://www.ebay.co.uk/itm/167587200096?_skw=NEW+ROCK+BOOTS+PUNK&itmmeta=01KK55VVM0Y8GRSN42VA19B88J&hash=item2704f9bc60:g:72oAAOSwkI5nr3Xt&itmprp=enc%3AAQALAAAA0GfYFPkwiKCW4ZNSs2u11xAyLmMRP30hJvj8UjvbMtQayE8TMMhMssEr022AqUd%2FAfnZ9f9n%2BkH1hlKzlXdSLjFU2dcQ1LYMWsEm5LpyPDD3elhB5UpYFGdRiRX%2F72RrdPgwy2Yod8qTqR%2BYPpm7KQAFo5DtPr79JCk5fU9v7D8aHq7emwOruRI9%2FjYlbdGYxytTS2xX0kagGHp8G%2BnCBBj7zUUFROm8wjSBSPl2UTZGu69eroiJQoqCNw%2FAazEFgRRUYRF8CiQxFrYIQ%2BNPP9c%3D%7Ctkp%3ABk9SR7i676WZZw
JEFFERY-WEST MUSE black Calf and reptile print SCARFACE 'SOSA' Chukka boot UK 7,,£89.00,Free delivery,24 Feb 2026,11,Brand new ·,https://www.ebay.co.uk/itm/127693534738?_skw=NEW+ROCK+BOOTS+PUNK&itmmeta=01KK55VVM1VPGCZHWCCN974ERT&hash=item1dbb20b612:g:5CAAAeSw1-lplyMA&itmprp=enc%3AAQALAAAA8GfYFPkwiKCW4ZNSs2u11xB6Lj4S4PZWjRiJm3u%2B99wlcNJUC32FDgPHTk%2B2uSs9K%2FAJ44gFHwqk8g3u3oFeZutS8W%2Brf4vuWEDG9obNZE9eb9CbXAo3iUSvudMK%2BfMzOJaVh%2BMRvaqQSK3f%2BA3y1zxFZC5UgjpAgUCaoyN6RMMiuelp2adyBHlXaIBOPg43qVwLVXMRCpa1kito5jhKXkQSo0OplvZbIOqQId2898UkD8t3ZrT5EAI43JUsnK0D6SiS6xCcGxYV5%2BCb5Kgw19jSG0bHwt8g9owMU28pNmN%2FKZfmWCZPQfjHXU0JRXboBA%3D%3D%7Ctkp%3ABk9SR7i676WZZw
New Rock M.7993-S3 Men's Leather Boots Vintage Black Dallas Leather Boots,Leather,£219.99,Free delivery,24 Feb 2026,11,Brand new ·,https://www.ebay.co.uk/itm/255594922956?_skw=NEW+ROCK+BOOTS+PUNK&itmmeta=01KK55VVM1VZEX9HJYS4PCCC5V&hash=item3b82a503cc:g:z1QAAOSw5ilisvu~&itmprp=enc%3AAQALAAAA8GfYFPkwiKCW4ZNSs2u11xB7Bgd1NVj2fF6bPbxPPOknCZwg8A2bVV7WuUW1B5yc6wDXyRkoiVRH6LmHaHS53pCJebA%2FcdrOFiWzSVEjhUDtsGu4iQeLklJ7gKLy%2B9bA80ujzZQrbU7AMKJgvtAcJKLBGfT9UVkpSQ8uUYKF328r4CUCzY%2F6GFmkFh7Aau5i%2BxzoLyxvZlVgQtSZ%2FL78CGYYkMjCg03GaaPPMsvYroqkZLmEnOwpZwqio7PadneFbDBM%2BsE23ZxXcNQwmQsFAyreRCiu4EBHjBEkUehIO0cXxtNTlXxtMH6M8fCRQRMeUA%3D%3D%7Ctkp%3ABk9SR7i676WZZw
"Ian Dury: New Boots and Panties - 12"" / Vinyl LP record",,£9.99,+£2.94 delivery,23 Feb 2026,12,Pre-owned,https://www.ebay.co.uk/itm/397601247409?_skw=NEW+ROCK+BOOTS+PUNK&itmmeta=01KK55VVM1ZQKADS52MTV7GKZ7&hash=item5c92e190b1:g:zEEAAeSw8n1pjjym&itmprp=enc%3AAQALAAAA0GfYFPkwiKCW4ZNSs2u11xBKbikOzmLaZLONJ6RYXeo9NqTkgVLMYLWhY8axvH7DFkTCBJijAJFj4l0rXLgHwwbh1NJGC2PH%2FlNT%2Bs112Q7djPNFL5OMAKCDeqQiRM2aVsrWCgdOxRQOMKK6JVg5hrletfUp6WoqToGgmInQT6uS%2FDojffMok%2Be2%2Fapc3uqyj1FcupYlWdmCerI%2B1R3worzvrzZl682WLV1sW8Vxp742fuT3T0ks54qgdDQqSSnOnlZFdMOqi%2FKymNE707NZ7yE%3D%7Ctkp%3ABk9SR7i676WZZw
New Rock Mili-084N-S3 Black Gothic Boots Military Size 8 Biker Goth Punk Shoes,Biker,£118.22,+£5.88 delivery,23 Feb 2026,12,Brand new ·,https://www.ebay.co.uk/itm/285747368539?_skw=NEW+ROCK+BOOTS+PUNK&itmmeta=01KK55VVM1HV7GG3XVBP8669T0&hash=item4287ded25b:g:vTYAAOSweHll5hOU&itmprp=enc%3AAQALAAAA8GfYFPkwiKCW4ZNSs2u11xC5kf8sOemV4d%2BFXUJFh565s7ZzV%2FJXjsHrN5smWQf0NGGyBy925kyW5w8ZaAiTYdWyPthPt0vnthQVB5Um1I01oxCo096hs%2BnM2BbDt0GzsZ2Ko6O2gKmyN7TY8sx6rd0kEPQCnlDrh6LvkajEin1JpIwPbAdrtGsVvBlGaWbWeVfLVQzrBfahDIOIIRBnWR%2BrUsUcRHmXlDMoDlAbC1HMGTgtYIbZD2ROcwdAsavHnImHMWbWXuONMgRP8%2F6lY9LymDlfr%2FVFya%2BhzrnC8Z3yTmXL1ln%2F3mfXrLRuYOBelg%3D%3D%7Ctkp%3ABk9SR7i676WZZw
New Rock Ankle Boot Trail M-tr001-s1 Womens Black Ankle Boots,,£99.49,Free delivery,23 Feb 2026,12,Brand new ·,https://www.ebay.co.uk/itm/166558980752?_skw=NEW+ROCK+BOOTS+PUNK&itmmeta=01KK55VVM1EEBGZ216X5NKF3FG&hash=item26c7b05a90:g:56wAAOSwAwllq4kQ&itmprp=enc%3AAQALAAAA8GfYFPkwiKCW4ZNSs2u11xDOV2TM0XUgF63O%2BN4fXIbHzkrZMbw9tPqOvj8GwDVZdVW8QI31WZk9pXxxAsFfGFvQHeOYtO%2FbcDsljn1ReEBCAVFnaRdhlBgr1pSOpCO11ehORZhWrsD0hIDIN9UHUXP%2BFrUD66AEyfBXM7HZ0YoWN6Zee%2BFU32xDID8tPm4ElhsGW9VzoxdXxNm29PYUGQesTmH901ZaOR5KghAYVb%2FWPhA7apNZWz--jnb6nvsbt8DVlfkJMICnahKTDCxOE5NpeAVjSdnRCDY3oIMKPrc%2FV2mRZhmKSJvOa%2BXnFJV%2BDg%3D%3D%7Ctkp%3ABk9SR7i676WZZw
Mens Punk Rock Goth Elmo Ankle Boots Brown Zip Biker Leather Buckle,Leather,£44.99,Free delivery,23 Feb 2026,12,Brand new ·,https://www.ebay.co.uk/itm/255430143166?_skw=NEW+ROCK+BOOTS+PUNK&itmmeta=01KK55VVM1DC33XEVN9CACAPJ5&hash=item3b78d2acbe:g:KHcAAOSwMD1iK0aG&itmprp=enc%3AAQALAAAA8GfYFPkwiKCW4ZNSs2u11xAM0534y1OdsIqdWbK9XHUXryPt%2B2iE%2F4clmI5ZURApSU0xL%2BP%2FM3%2FUxcUoNf1QRJ0%2BqILK0xtKsHToEGxYwFEm3gpsPixPjea%2FtM%2FGoCON%2F110NHodycHkwVm8oiW9O3HnwuTZvkQYB2YNmP3gY9jHSxze5zAvRmSBsa6WYtoTPdGpmtZH1ehJijHsATQxsANHGHSIjMRNnp0bM%2BxPskR6wszrp213LtnYnJeLaAcSUP85Ys7LJssnXfeIgJnA%2F2C9RtzFciSe79RGo4hH1WfIiqvTaMJrpAUi8JQGyvXIfg%3D%3D%7Ctkp%3ABk9SR7i676WZZw
NEW ROCK 591-S15 Boots CAMOUFLAGE Flame Metallic Black Leather Goth Punk Biker,Leather,£238.57,delivery in 2-3 days,23 Dec 2021,1535,Brand new ·,https://www.ebay.co.uk/itm/255063784906?_skw=NEW+ROCK+BOOTS+PUNK&itmmeta=01KK55VVM1MC233041JVR496VX&hash=item3b62fc7dca:g:R3UAAOSwrLRiIgFE&itmprp=enc%3AAQALAAAA0GfYFPkwiKCW4ZNSs2u11xCgbuxe4YkWZbuMP5P07vdsJZErybtgOOGgPH0OsZWIXF8FMLU0CkQac8%2F79mcSxTYNtlcwQX7XAVGfoH0IciDwQSobVeLaPECjTWCfK2Y9j0sMKokNIipFmJzzd4F1v7tWZuKCWF7SOEahshPMCuiVDQ8nTpbn0XWCdyfv4gMBc2TokvAzxGWqVVtCQTqUyKNgDnKsIiasxYBLevA8Ys3VZUYm%2BpnXuODTW%2Fh3eWrpL0pnr1HJ5A0zEO0MQ7pcl4s%3D%7Ctkp%3ABk9SR7i676WZZw
Dr. Martens TARIK AJAX Extra Tough Utility Boots Black Docs Combat Work RRP £199,,£109.95,delivery in 2-3 days,23 Feb 2026,12,Brand new ·,https://www.ebay.co.uk/itm/286230168988?_skw=NEW+ROCK+BOOTS+PUNK&itmmeta=01KK55VVM1PG7SG78F983E0GZN&hash=item42a4a5c59c:g:9KMAAOSwyg1nao1C&itmprp=enc%3AAQALAAAA8GfYFPkwiKCW4ZNSs2u11xBk0u3pcXhlboryHL4%2BWSXvb4C0YpWMmQs88%2BSKRoRdsnZI5WK%2FktcOOxlE6tUdU%2BM60jjtpZI3vzXtUwRt18T2C8VBGT11yyq3g0EwC1Qdz0IxNQyPneMxTMtYS7vPoXb4UbrAaj8z6PfdtqfHGPkk35c1iba2Tp2niC%2F0wGBFv%2BEPNXwFCoK66Q5fjjR3Z1Anipg4eix4YNzXg8Bf%2B%2Fxa91Dr67mds%2BlwQvjiqlxI%2BQed%2Fp%2FpiOcT7fFtUR%2FiVFb9s7DwEZ2cbaIbi6SFA%2F1H7TUeYFN%2B2wh4D2X2%2FMLSoQ%3D%3D%7Ctkp%3ABk9SR7q676WZZw
NEW ROCK BOOTS TANKMILI083C-V2 VEGAN Leather Combat Black Platform Biker Shoes,Leather,£205.02,delivery in 2-3 days,19 Feb 2022,1477,Brand new ·,https://www.ebay.co.uk/itm/265240050348?_skw=NEW+ROCK+BOOTS+PUNK&itmmeta=01KK55VVM2BD3AF20SNQTJAB1T&hash=item3dc189faac:g:tSMAAOSwK2pg-sVO&itmprp=enc%3AAQALAAAA0GfYFPkwiKCW4ZNSs2u11xAC5TfYvgJKEUsPSZMCwYwI%2BZsnHNQ8MAoQ8C9bvNMOGu4GOPbTw3qVE%2BwOBRoeI3kxFjPcKk--BWXp7%2BSdjOR0YlhTkoRm7xxKHvYDPhbg0weBnSE6cEMq9x2uGpwxhzOuGR4EH3v5%2BqX4tWsVbPL3ZOz4L35oCsSSzwhGdl8U4%2FwcvbEOR9kPtKZ0r6Rdn07pd%2F8xnNCBnnvMj78j2%2FpsFt8TR5AqZCjEYHjn9TfIvb%2Buo3KR%2BEQHldL1biNhKLE%3D%7Ctkp%3ABk9SR7q676WZZw
"Ian Dury : New Boots and Panties!! VINYL 12"" Album (2025) ***NEW*** Great Value",,£25.95,Free delivery,22 Feb 2026,13,Brand new Product from musicMagpie. 13m+ Feedbacks,https://www.ebay.co.uk/itm/297769841283?_skw=NEW+ROCK+BOOTS+PUNK&itmmeta=01KK55VVM273HZE97YHED58J0C&hash=item4554773283:g:b2gAAeSwKkRpGz3S&itmprp=enc%3AAQALAAAA8GfYFPkwiKCW4ZNSs2u11xBgWZBy6yEImA1T1MBbR0NBXxUyD15lhGuaz0i89kw5ncOubYYkMjS9WCwr%2FapxV8xkwytYtIzVIT2c4Sq11jLGk%2FVA1PnRnVmb5%2FHoIyYRJnyaCvgiZ2pkXb2jfDp5ng5sXp5SoIZ2F4vApF1BQpCq4CqgsTetqGQ76cvcsOG%2BjQn%2FP9crBToY%2FiVn76Bjw4GX6tPtrjziNZGRuht47esYxrHjLk5ERmutvoyb%2FbiTxZIEFJhz2ldlgm4v6EggJBtsSOip3ap0GkLcvkDs0WaAlWxhuD3dhJjTCpmX2d%2BOeA%3D%3D%7Ctkp%3ABk9SR7q676WZZw
Buckle Boots Red Patent PU Zip & Lace Kinky Fetish Sexy Amanda UK 5 EU 38,,£21.99,delivery in 2-3 days,22 Feb 2026,13,Brand new ·,https://www.ebay.co.uk/itm/317767302861?_skw=NEW+ROCK+BOOTS+PUNK&itmmeta=01KK55VVM2ZKD3G86BZZC974YM&hash=item49fc683ecd:g:bd0AAeSwhjdpaPoj&itmprp=enc%3AAQALAAAA0GfYFPkwiKCW4ZNSs2u11xAtgJGYNBOheBCQ%2BWnSSz6g5qRMlkl0KOrMLiV%2BNuNqXSShJQ6cewwJF%2B3KV402yAu184QwiKZWhn4DmGic2MwjzY8iLGewmVOiIWenAK4%2Bv7ofSCzm%2FHWaQ1dh1xo2X4H0OayggYERUkDnxOPpBJwDfNUHUs7gb6MlBD171qfnhVaCj1BinvZf76aKV0QFIUMI7yeCj7eHFUpcGjz%2BP1Gab2OiX3Lyh41R5MDK0m%2BdKmImt50sSWcENUX69vCBLrs%3D%7Ctkp%3ABk9SR7q676WZZw
New Rock Reactor Black Leather Punk Rock Goth Size 5 EU 38,Leather,£83.90,+£3.38 delivery,22 Feb 2026,13,Pre-owned ·,https://www.ebay.co.uk/itm/198128170483?_skw=NEW+ROCK+BOOTS+PUNK&itmmeta=01KK55VVM2GX94DZQ79HF56F0X&hash=item2e215bf5f3:g:QXAAAeSweFhpmwke&itmprp=enc%3AAQALAAAA0GfYFPkwiKCW4ZNSs2u11xAtaXYXSLaeKQGRoJZrrd2NBdeRciKxnhDL17Veg%2B2Pcpy0%2B51ZWShfOTcZhkXUWqvybblOBpSidsnAfuXGi1AYA3UZ03n%2F8S4rig6M9mQIncW5vc53rZXWH5CI3hauABPVRuV%2FxY7hM66%2Bu91eIsM5qLld4vnHcSuiaLqDyq6YFhN8cHA6WQBUoh6lvlYgbAyOo7DG5R6oIl8d2O7kk77DwzGPr6KPi0o5TNmk3ZaMk6DIY%2Fm9w4Xm8xonnFdXEnQ%3D%7Ctkp%3ABk9SR7q676WZZw
New Rock Mid Calf Boots Size 8,,£109.90,+£4.26 delivery,22 Feb 2026,13,Pre-owned ·,https://www.ebay.co.uk/itm/287157274144?_skw=NEW+ROCK+BOOTS+PUNK&itmmeta=01KK55VVM200FPX5ATNANQYMDH&hash=item42dbe84620:g:nGsAAeSw0MhpmrZj&itmprp=enc%3AAQALAAAA8GfYFPkwiKCW4ZNSs2u11xCoAvGSmW78hcK%2BjXmO2HLgmmH8MNMJJRdPUpHlB2YfyiP2wimh0%2FMbK4YnWEJRhYTP%2F4ZKG6OLnej%2BIckc0hFPbO%2FURUKu3g9gTdiTwse53P%2FdbZ3P5IM8EDlqdxQ9Oo8%2BXHLUAgbakvgVHXwb0q7OZRdP8E6ANSgcm5tJmMYwz82oP%2BYQwXU%2FzE%2Bh8Fvw6jme1SPOix6tJALWqn2rcktuMYzLQjdt9BS79pyvsdpYTriK%2FUnA%2F9AM5%2BRoA0xbHzlsw7f96TTBl7fVOFFJgQZ1csbbQnCvtzYW5AnO%2BQpN0A%3D%3D%7Ctkp%3ABk9SR7q676WZZw
Men's Real Leather Western Shoes Black Cuban Metal Chain Cowboy Winklepickers,Leather,£116.99,Free delivery,22 Feb 2026,13,Brand new ·,https://www.ebay.co.uk/itm/313612434909?_skw=NEW+ROCK+BOOTS+PUNK&itmmeta=01KK55VVM3C09S65MFX4719SJ7&hash=item4904c1fddd:g:xIoAAOSwwnxg-ZJO&itmprp=enc%3AAQALAAAA8GfYFPkwiKCW4ZNSs2u11xB7R%2B7YVsHeZYmrRNuw%2B3V9MDu0Xd66viyjAjikDsX57Zk8ntQawhB9idgLNOjIm2DxKRrtg5fwn8eYM7UqVP24uqPeDkrLx%2BcXSHLVqEou3tdC2HcQZlq%2FqcAaCdeVAPfyrVK9tyCxEUI0KIpHUzwNkgQNzk0kqEAcClhqyZfaT35NJQjdcAemowXTPt1DWfnAXsuEPNnq1GxNY%2FFu6ZhB3%2BCRLenmkWcUAManar46e7Kmyg5ttcC5qoV1YMnv1rDxIIBbCnfJZc6Ce90KS9I4sSgCx9gf7IcxAY%2FKqLlbHQ%3D%3D%7Ctkp%3ABk9SR7q676WZZw
"Dr. Martens Jadon III Women's Soft Leather Boots, Size 6 UK",Leather,£156.02,+£4.26 delivery,22 Feb 2026,13,New (other) ·,https://www.ebay.co.uk/itm/406134911267?_skw=NEW+ROCK+BOOTS+PUNK&itmmeta=01KK55VVM365V4V0P1KBKRPPY0&hash=item5e8f86f123:g:smYAAeSwvbtonzKd&itmprp=enc%3AAQALAAAA8GfYFPkwiKCW4ZNSs2u11xCbc9lNAnKON0ejaE542dNgPFzFvAWw5NMp3LNr4ZkdDUYYwo4dRc366CAnrQrDF2sUzcTwNr6XIuOyK3Lcls7NDLKLMyx6OwQ8gwsJy0KPupRvLd9ZzevmawZje0X7bfujuf%2FetVgXUIIUe%2B9lDAr8%2Fe%2FsK%2FQF%2FQjhPhduqcyJijOkKLAmJ%2FH6zrv0C8VAEjXdIbz8A9sJwzxM61XwD1Yh2fme3Luz8NYYZ7J7LggpciDX%2FYdhRLrEEXOVxgCT9GvA5zSFugRVwJ1jVZJjwGOSB2bDI6JNlDWPPXTMXqF4pw%3D%3D%7Ctkp%3ABk9SR7q676WZZw
Vintage New Rock Knee High Boots Eu Size 40/ 6.5 Uk Size,,£89.10,+£5.21 delivery,22 Feb 2026,13,Pre-owned ·,https://www.ebay.co.uk/itm/306784300804?_skw=NEW+ROCK+BOOTS+PUNK&itmmeta=01KK55VVM3JA69F6JY8NPV67ND&hash=item476dc4ef04:g:kcYAAeSwekRpkIgv&itmprp=enc%3AAQALAAAA0GfYFPkwiKCW4ZNSs2u11xA%2FphM4To%2BtTpeI2PiNwtoFf23l0QZTJUS%2F7NhHRSnpiYrTdS6I8Yx8ByYPTRBAG26IiMPNvOch2UK1lQBF73BPj%2FnMTgzKabuaqy73kSPMMf8BllJrCE%2Fa3zhwHgXap9OpztZs4az6ABk5BgN%2B4VKdkU%2FqyIey21vhqO30t6zs5JxkVZtVK8KBlc9t0N6KfNDzwTRnUN0rz6gG%2BCbkzimhDMkOgGaQUF%2FKPx8CHe1JpYbqaf7khiub47eczbLHPK8%3D%7Ctkp%3ABk9SR7q676WZZw
Stimela XP Steel Toe Green Goth Cyber High Calf Boots. New. Size 8UK,,£12.00,+£5.95 delivery,21 Feb 2026,14,New (other) ·,https://www.ebay.co.uk/itm/277486732830?_skw=NEW+ROCK+BOOTS+PUNK&itmmeta=01KK55VVM3MMMMFR9SJBYPJV9W&hash=item409b7f861e:g:2dMAAeSwt89pCwFt&itmprp=enc%3AAQALAAAA0GfYFPkwiKCW4ZNSs2u11xBFPgYOmLEWSSRc2pXocbhUHPZezxRpYTOmDnc74PWb9i%2FEhCohQZwMP%2FIMg%2FRWq%2BJbMbl6KP%2BXYy2NE1F2Lz6rRMXhuAvhV3MWcg3Si5pCPPefdNcg%2BHLCaPc%2Bm5Zw7ayC7ghhvxd8%2B6L8yYhsRbqjI8UXKsmGwKklsauVCIDP4QIhZ3fDS7hBCygY0S6JHo36f6kGIdRZg0NVZGYKouNsYW0uL2X6QCAZSL5zylSQHPI4loOxmdM6SUt5vVpOjmg%3D%7Ctkp%3ABk9SR7q676WZZw
NEW ROCK Reactor Black Leather Mid Calf Boots UK6 EU39 Goth Steampunk Festival,Leather,£140.00,+£7.95 delivery,21 Feb 2026,14,Pre-owned ·,https://www.ebay.co.uk/itm/287135396103?_skw=NEW+ROCK+BOOTS+PUNK&itmmeta=01KK55VVM3BKS6KG6D7NVKDKX5&hash=item42da9a7107:g:LywAAeSwERtpjDSu&itmprp=enc%3AAQALAAAA0GfYFPkwiKCW4ZNSs2u11xCY5WJNr%2BtbaCJIA%2Br36mdzI%2FK29jDWAaLzd39p5bmOUgxVOqi7ZmnWNRtHXl0RQJLZFvmv1vHopLCFahRLVnBTlqnOU%2BOZ8rePczW0apiMSlIb6v0NYpUtvGg59cmtt7SCL7WjDx7rCcVIFkJIM%2FMfGN29DPj0RaHjXM%2FmUyi6rScwrUvbPBg5eX7aYYBZsEyZL8DVGCdj1Ed5YWH5VEfRRrlMqQLPZzi3uTRyFfHQ8d22Cb62V4SFVUQH6iOvHKQ%3D%7Ctkp%3ABk9SR7q676WZZw
NEW ROCK Reactor Black Silver Leather Mid Calf Boots UK6 Goth Steampunk Festival,Leather,£110.00,+£7.95 delivery,21 Feb 2026,14,Pre-owned ·,https://www.ebay.co.uk/itm/287135411342?_skw=NEW+ROCK+BOOTS+PUNK&itmmeta=01KK55VVM49F26B3KYPA0P1VSJ&hash=item42da9aac8e:g:2NkAAeSwLbVpjDgf&itmprp=enc%3AAQALAAAA8GfYFPkwiKCW4ZNSs2u11xA6oXwLidEFXwd24XwUjRjOzBtAfH2XEPQklrNJ5XUW7NVPUfg7hqqH2TmLeTglAfG043xt4alxgbJhsyMJogKzp6ashXg61eI%2FbC19kjecjF60AjOumMkAuQjGKas1L682BMZ%2BqWZIAJ0DiLAxzVEmabWm5B%2FeOdT3NFsYGduTZ8YFkpaD%2FTkufe1tORQbqY0Nci9lO7T1I0nvfL72mz%2F0TRHWQHsDc0oE440Slj6ZBnhjwyBFxYZrAkcfos3y7tksaumVIvIlcPb9G93TbBH2X7EW0XKw7Cl4mLa0Rl8S0A%3D%3D%7Ctkp%3ABk9SR7q676WZZw
Mens Punk Rock Goth Elmo Ankle Boots Zip Biker Emo Leather Buckle,Leather,£44.99,Free delivery,21 Feb 2026,14,Brand new ·,https://www.ebay.co.uk/itm/254402124952?_skw=NEW+ROCK+BOOTS+PUNK&itmmeta=01KK55VVM4JJ8X9YSZ2J8EP69N&hash=item3b3b8c5c98:g:jJwAAOSwg9Rdtfww&itmprp=enc%3AAQALAAAA0GfYFPkwiKCW4ZNSs2u11xCycPukyafUamop00zylUj7gWyfQ6FzBd2eboW%2FD7U9hAUuyE9NDFRNPyDRsQYIlEU902yUAuT125RKBcNIIr4smjFKSe0ljPTTPI1NhsmPbe0iiM9bIvEgBr8q1ritwQukQ2I%2BBR%2B%2Bmqn39bEMi2mMBArF7iGExDKw9X6HUxaqxegE%2BYzDMZ6JcoTAgVBHhbFrkz94keQ3VhJ%2BGQstDZCzymbCi5knD6RLYwi1In43hV4M87VybMZueqsF%2Fqgj7oM%3D%7Ctkp%3ABk9SR7q676WZZw
Dr Martens Jadon Platform Boots Size 6,,£95.34,+£3.71 delivery,21 Feb 2026,14,New (other) ·,https://www.ebay.co.uk/itm/406710414314?_skw=NEW+ROCK+BOOTS+PUNK&itmmeta=01KK55VVM473V41E5430EKYEJ5&hash=item5eb1d46bea:g:vFMAAeSwu-NpmFyg&itmprp=enc%3AAQALAAAA0GfYFPkwiKCW4ZNSs2u11xDbw7Y1rzSW8JUdS4dlSuDRIU0ZxRRLxskzgAvGwUJgQfJseKecuj2%2F78UaEENPspXUX%2BzwTmneE0iojvBoFXKn%2BqjPrwKTcXP4GPeW2JBgNqzKtHZ3ne%2B8xva3aWOqqSUWOM454ZOrj7GEI2om3dr6PpWOMq148mcGoDJaSm7qcvJT5GtrSTaVvCVvEa%2Ba1gNrdjw3v%2BraX265Ge%2B%2FR5EKH6h%2BwiLpr8nc6di7vfwOzgJWoNc6krwsY%2F5nEuBn3As%3D%7Ctkp%3ABk9SR7q676WZZw
New Rock TR001-S1 Ladies Trail Black 100% Leather Gothic Punk Lace Boots,Leather,£169.99,Free delivery,14 Aug 2018,2762,Brand new ·,https://www.ebay.co.uk/itm/262537241408?_skw=NEW+ROCK+BOOTS+PUNK&itmmeta=01KK55VVM56KDBNE6613BEWGAX&hash=item3d20706340:g:S5gAAOSw0fhXkM1I&itmprp=enc%3AAQALAAAA8GfYFPkwiKCW4ZNSs2u11xDuWHdxMZi3nOS3fPKMgicIDC3ccGcK1UUUqM%2BID6mhR%2BPqwfZRZgRKe7mtZIs2tBAM0ePK60EBfbbII60aejXDdZywdYJqAKf51WX5SAx8IOaImn41Z3TuT6LhR%2FiP5IfgaDiut6vj6l198T4vbh2UcFhKocyyT9bxOK04gUTFG0%2FOv4jP1WbP4z20DG6nMOJ3XXSI0KvGYTwS%2BI0bQgiOvneITvOurYyh7rDIpDpGMM2WcHMUgJxD%2FcTWki6MJDzVe29JhPQXWlCObUD82Kq9XTIficYZg6Eyot5Y0aowhQ%3D%3D%7Ctkp%3ABk9SR7q676WZZw
"Ian Dury - New Boots And Panties!! (LP, Album, RE, WEA) - 3553459928",,£11.33,+£4.54 delivery,21 Feb 2026,14,Pre-owned,https://www.ebay.co.uk/itm/286439555891?_skw=NEW+ROCK+BOOTS+PUNK&itmmeta=01KK55VVM5269QMNZ2CZPD2HHM&hash=item42b120c333:g:mYcAAeSwbWRpE4Kv&itmprp=enc%3AAQALAAAA8GfYFPkwiKCW4ZNSs2u11xAPiSKlC43mbo868a%2BuLcrfK%2BKepJ%2FecCsocNeSDZzP01RRUUjGD6hpLgVWRsPS0D3iHrf7BuHxRP524K6Ejx9CI2nm2HSCT8gMAfL9cMicq9imhFQC9308iR65Yxb48sihszuDo3yjUIApnk1rB9A8%2FqytDnGwlTQXetf8dNEOAr7UAIU22XpjNRKnPsc%2B2Tn7rEolCch7Q%2Fhkj78BVqA7cXThspmnMBNbBF3DHG9TbIp7OK42EVsUx6KtZy72zW1c8DwvmXeHLPKpOK36801L8mQGXSDjvjrKKg%2FMB24BHg%3D%3D%7Ctkp%3ABk9SR7y676WZZw
Size 6.5 Rock Boots In Black.,,£83.90,+£5.15 delivery,21 Feb 2026,14,Pre-owned ·,https://www.ebay.co.uk/itm/306773848048?_skw=NEW+ROCK+BOOTS+PUNK&itmmeta=01KK55VVM5Y9TRDK51XWMWV66V&hash=item476d256ff0:g:mcAAAeSwQDVpkxhP&itmprp=enc%3AAQALAAAA8GfYFPkwiKCW4ZNSs2u11xA0iQVRAqdushdIqfjfDvLAH635eS3cGqT%2BWlRijnXPxVOBvler84%2F7NcuO%2Bmvi8Ed6gQhuVDo6XPGTFQdXv%2BGIDaYZxkml%2F5xicRjuwEXgqIP4%2FZu0cnl7%2Bo7z9Zf4P2UIPQXsjwAf5zayaoFX7h2Q%2FXKUdLo9KIInwL1DJkMayTwjH413E3eBqC3K4bYeDC7DYw0MF0Ldwhso%2F76%2FHks%2BcJDHLT1jh1fwxq6CrGxogc4Tb4lNUdn1toDKGrPHpbOdHuz3zJXtMIXovAPoGmyTxXbe3SHmVqY38OAYrwHukw%3D%3D%7Ctkp%3ABk9SR7y676WZZw
New Rock boots leather size 4,Leather,£115.10,+£4.26 delivery,21 Feb 2026,14,Pre-owned ·,https://www.ebay.co.uk/itm/358181371364?_skw=NEW+ROCK+BOOTS+PUNK&itmmeta=01KK55VVM51N1NA3VPW2VDZ1M6&hash=item536545fde4:g:HgEAAeSwXZFpgIDe&itmprp=enc%3AAQALAAAA0GfYFPkwiKCW4ZNSs2u11xDZhES8bTLeYgJITPHi0Gri%2F89%2FJU0utEUF3kyPaNCfT9ugWnUU%2FJd4%2BAlHDGL8F3pfDdHKnsD1NnXfy47fsNjT9nAwKLQDg4AJOI7cTbuUY375F6EwSmwH5G%2BZDamiOQ22DsdlwjRyVyViRm1ap9BuP59JZ2TDuUWhQqmgiRhCmLyXd2Vdo3g2ddTyrsZD2hxhKPaHf3Y%2FXTdsov0ltju6HnrkT84Xr9JwFUsRIpgPNDBFAu%2BH7rtUvCmYOw7XcRs%3D%7Ctkp%3ABk9SR7y676WZZw
Mens Real Leather Military Hi Boots Black Ginders Wild One Punk Rock Goth,Leather,£140.00,Free delivery,21 Feb 2026,14,Brand new ·,https://www.ebay.co.uk/itm/166753297985?_skw=NEW+ROCK+BOOTS+PUNK&itmmeta=01KK55VVM6DFWAWXG51W3QKQSC&hash=item26d3456641:g:tyMAAOSwQ1ZmPG8T&itmprp=enc%3AAQALAAAA8GfYFPkwiKCW4ZNSs2u11xAFzqTYmRd7oMJxphunH61M5t%2Bb2R8bLU9p%2BP0LZ4wY82jDSHi9758Grt%2Bz8eEYe99s8iWEowrVfMBXD%2B0144u%2BwURnYACoAqWJ7C3bWuIymyT7atTOPzodCATIBOzCarjos3qY1nZfohbheK0l8pYJp5uYf2nfs%2FPLCu0VtigbY0HiU9EBjqdAKutfG1dgbVYOfODPAFmaDUvfTYumFk0FhARUMp37%2F0phTvBHAZoozao7kAdFNh%2Bq8oRod2DrY3DUch0nsz2D1CZ3sreyMrNMOnf1SFERp6a3gj7O1xsHkA%3D%3D%7Ctkp%3ABk9SR7y676WZZw
Ian Dury & The Blockheads New Boots & Panties New Wave CD,,£5.82,+£3.50 delivery,21 Feb 2026,14,Pre-owned,https://www.ebay.co.uk/itm/147113398663?_skw=NEW+ROCK+BOOTS+PUNK&epid=30657656&itmmeta=01KK55VVM61WDNM0WVEHCPQBT0&hash=item2240a45187:g:ZQwAAeSwA11pYT02&itmprp=enc%3AAQALAAAA8GfYFPkwiKCW4ZNSs2u11xDbnM33WB31eRgTdBMtWQWDtsQcRPGGBB4TWtjy9uzQr874cdU1KGxudotrw%2Fs2jnadzUVBTnbTiGScKrDld7TtnHl3VnhvFADmwnrNWw9OfOm48F4c%2FtcgSmC1ak52Qf5IdzVf5Qk8hagwJlCTIlhiZeafC0KFQp8MIqQAnr%2BEVShUamlby21JuQVBn0UyJhrSAfV%2BSTHd0fxMg04resFbkXbzHY7v4wkPEbyB4EzdMNrOG01oNuxSBycAIhAIg5xpvBADltfZTSc1F%2BNbXvOXkB86aSBwnpDJ6Ev8fh5Ibw%3D%3D%7Ctkp%3ABk9SR7y676WZZw
NEW ROCK M-591-S5 PURPLE FLAME PUNK BOOTS Black Leather Gothic Heavy Biker,Leather,£229.99,Free delivery,21 Feb 2026,14,Brand new ·,https://www.ebay.co.uk/itm/255313326203?_skw=NEW+ROCK+BOOTS+PUNK&itmmeta=01KK55VVM6KDM9Y2E2ZPXSMNN9&hash=item3b71dc307b:g:cwUAAOSwIO1h1D7b&itmprp=enc%3AAQALAAAA0GfYFPkwiKCW4ZNSs2u11xB0ZKM%2BhNnfwCmk67pEwIfpSJDk%2FLFOE0CwY8J4%2Furzt%2FbDOkftQPANVM2gR3a6gCO3J5eq3l%2BGb1KyJVpRZWsP4L1Tic2A2Q5DgSuCQrI%2Fl%2BbIGYGqO%2BzlEHnGOZuLALXvl%2Bv3kllWwCjuqX2FkMGXgKBJn63K%2FN9q2qfVoYbpssn4QlN%2BZ0xTdoDIiSVAUL9ymK0NDk%2BaOF%2Bn6QXUChLL636O6wtS1p%2FY6c6w2NXTwGLrnp6%2BN%2BcKRMOURm8RS84%3D%7Ctkp%3ABk9SR7y676WZZw
Jeffrey Campbell Lita Claw Black Suede Boots | Size UK 4 / EU 37,,£117.69,Free delivery,21 Feb 2026,14,Brand new ·,https://www.ebay.co.uk/itm/157614184990?_skw=NEW+ROCK+BOOTS+PUNK&itmmeta=01KK55VVM6YA8X4JE7QZ2EJJBR&hash=item24b2899a1e:g:F1gAAOSwQURl4KG3&itmprp=enc%3AAQALAAAA8GfYFPkwiKCW4ZNSs2u11xBMOOzzlwYXaspf3KJ0d1OENVhkUmyusvnSTGLpGZtjTX1Va1i3O71u7R7RvyjiZiYfa0jTUaEguMph5sK3lUappqhQDR%2BqJ7rsSzQQiHfGpzb2Pgz9%2FnKby6zhZWg8S2sG9iDy3L29kYerdq2mh2ZsTtf9aVaIE%2BfIu%2BOdwkhHWPV37mVeV8tzMcrc3SsoO1bgZP3NEzN%2F6Jiu5d8JO5QXxFbzl3XTsMEu7fV%2BPx5rdD6Lb31YbvuEKVIJ6BKyMTQXs5TQ7JYIF%2FM7g7LBpUj8JbCbNrXkwJBbI4Y2L0EdCQ%3D%3D%7Ctkp%3ABk9SR7y676WZZw
NEW ROCK BOOTS SIZE 8 (european 42),,£89.10,+£3.38 delivery,20 Feb 2026,15,Pre-owned ·,https://www.ebay.co.uk/itm/188013172488?_skw=NEW+ROCK+BOOTS+PUNK&itmmeta=01KK55VVM6NBYK40PYCTMHBJJR&hash=item2bc6755708:g:IvgAAeSwXflpfoEr&itmprp=enc%3AAQALAAAA0GfYFPkwiKCW4ZNSs2u11xA3jmSzUbaZWUBqpJiBpES3kao70smK6NWfLjOjtivxyYbv8exeBeIUvcLFK0wK20jBB3U24pPlov%2BkTGwUjmvpk3MPq%2Bb7LwUqCQaG%2BQ42nHa2rQZyFgWjDVu58qWOJDaNkriWVLAECIjCTtdjAtTBzrUo09BAnMeiVkSBP5gUCLJPZZu2SfwZfuAzJa5pO0IG27vQ4eyoaXgWuoe%2BhFdbMLiFIxxE03g3GKZau00G0d4pEOT0XuOLuwy7gfPHhOU%3D%7Ctkp%3ABk9SR7y676WZZw
"Folk, Pop, Punk, Rock & Metal Cassettes -",,£1.17,+£2.72 delivery,20 Feb 2026,15,Pre-owned,https://www.ebay.co.uk/itm/205610735107?_skw=NEW+ROCK+BOOTS+PUNK&itmmeta=01KK55VVM6FGWFRGVV0EFKGPYV&hash=item2fdf5ad603:g:sLUAAeSw6VNocUut&itmprp=enc%3AAQALAAAA8GfYFPkwiKCW4ZNSs2u11xDhPjpXQlzlYnXSdoWB1bL9gbG5vID9tmKnhH3gu3Vz2w3hF1kUwGljivYPNbHjVOsSknkRH8hFD9UxGb%2BYs0epf4K3da8N0mvHewDJzHfrJ2iJiundRr9x%2FYb1YNN2mJo0kRgnhA3kgcnjaGn8g8CKk9tAApLZFp19t%2FaZqNQwB5GA5CbKWMqCYhVyvU8UJB0CLkzZ49BUCZNs1XEDjAEFa1BkLJx6hgqjprv7IfGsEDSXlh%2BZierY4PYuYS2amzn%2F28n9byHXERydemY0VAXyA%2B09tY%2FmsWonOPRy%2Frrq9w%3D%3D%7Ctkp%3ABk9SR7y676WZZw
NEW ROCK BOOTS TANK083-C1 Real Leather Combat Black Platform Biker Military Shoe,Leather,£184.99,Free delivery,20 Feb 2026,15,Brand new ·,https://www.ebay.co.uk/itm/255313470852?_skw=NEW+ROCK+BOOTS+PUNK&itmmeta=01KK55VVM6YK2VD0XPS8XE438J&hash=item3b71de6584:g:7cAAAOSwXhth1Fjd&itmprp=enc%3AAQALAAAA8GfYFPkwiKCW4ZNSs2u11xD2wgfpo%2FEnl%2F%2BlnL3SyrxTv2RG7b5wVNei5%2FsEse33z6MB3RpIX8iLG%2BrsMIGhHXBjDb8mQwnGc%2FvtHSBCIiDhN57QZ9opMW7QX7GAHUSuNUQ3Wfkp5PrwX%2F0aODUY0plkMlCD1YZjg949yFUMRRJmLvu47N5ryamOlge2KE8QfFpeBApMrseQYOie2tm0FrXZwCWW3ywKCMpwggcxjoYhNRBKh5lK25YqDxvso3SjWV5ZQRfRLezJaDDLceTCoqBScT8TVLemT3k4r%2BR0p0MuDZgrr3aB%2Fkf1x%2BAFEyr7Mg%3D%3D%7Ctkp%3ABk9SR7y676WZZw
NEW ROCK GOTH ANKLE BOOTS UK SZ 7 (EUR 41) - skulls/crosses,,£42.86,+£4.89 delivery,19 Feb 2026,16,Pre-owned ·,https://www.ebay.co.uk/itm/389612052118?_skw=NEW+ROCK+BOOTS+PUNK&itmmeta=01KK55VVM6400X0386ZDBPERGK&hash=item5ab6b01e96:g:mRcAAeSw6bBpjbE0&itmprp=enc%3AAQALAAAA8GfYFPkwiKCW4ZNSs2u11xDhxx61glE3Q7r%2BmPuJM06fv1JLevTXXXf%2B%2BwVs2ax%2BdirmcY858xFnrqcC2CvqrekotxoDS1F6oHX99gxB9nUUW7k8xVtULFY%2FgHvqgOrYtgseypreVRp88PQMndHNLL0ieK1b3QtIh6WaBXK6B%2FyirFI9hYIjHuxg6CnR2AB09cnWy2s%2FBS5V3YmVuVI8CDho3LjxZf29R%2BFbWyjaA4SxgNh2O2FIPnY1JqLnd91tx%2FJ46NpwafRAkx1f5acXf0A4g3P4Z8VkVGhUmQqqLwY9TmxFCsHmd%2FUgLwP2XBkA%2FQ%3D%3D%7Ctkp%3ABk9SR7y676WZZw
New Rock Gothic Skull Boots Size 37 Black Leather Chains Punk Goth,Leather,£75.85,+£4.99 delivery,19 Feb 2026,16,Pre-owned ·,https://www.ebay.co.uk/itm/177858379105?_skw=NEW+ROCK+BOOTS+PUNK&itmmeta=01KK55VVM63SKWZKR6BKRS0T92&hash=item29692f7d61:g:XZ0AAeSwx-5pjinI&itmprp=enc%3AAQALAAAA8GfYFPkwiKCW4ZNSs2u11xCZ%2BsZvzvMQyahFM6H5yOCT9s9AT4bjcRhZrcvf99P7TbgJqiIHXH35ptDNotGiLji0RfAJfypuBPryB%2BdJaLKvaM0sVsqm9HavysgNUgj8ZDwUwkOl2pfbOoXeBG2zw4mtGQfVjDLGEe2e%2FiTuWpskpNpfNpeUgfVw8EMPPYp9ErfYYKYHWLHRIPRr5vrMj%2FHQhfgRO8ZFz6hLMZJA2QUinXpm2uNc1sZYAJxxGiexS%2FBZGuOt0JT%2Fo5tj%2B%2Fkg1nNTe29BRmXGQ6eb4ixvph4ZPqxVWGPXjk9iw2iLZk8Uiw%3D%3D%7Ctkp%3ABk9SR7y676WZZw
New Rock Flame Platform Boots Size 38 Gothic Punk Style Purple Red,,£185.00,+£4.99 delivery,19 Feb 2026,16,Pre-owned ·,https://www.ebay.co.uk/itm/177858378548?_skw=NEW+ROCK+BOOTS+PUNK&itmmeta=01KK55VVM7436304AECZHGWRS2&hash=item29692f7b34:g:TXsAAeSw6bBpjim9&itmprp=enc%3AAQALAAAA8GfYFPkwiKCW4ZNSs2u11xANmPjGq4dxRxTNjQ%2FbiF0%2BAuujfSrIfiTTzDPjtrEh26VsFXBoN3UeAdiwW5bmG%2FQF7QIVwWIHstzK3KPXPbDwEB7yAKNMUlRueEnkjbkNWeLJKghcxiWA2t2pO7mGKS3xAI%2FvQvvGO2jld6Z21WjOA6BrMt%2FWCiLEDfokHOUUnkF0NnYO%2FUw16VNsIMbYu9sm0IPihKDU9K%2FolDpbsQe50f08yz36TTzvrntaehI8uhRM7Dr%2BGY8qIyTzS7mI%2B9iVqQ8Yv4L%2BwyE3UjrWYTOi4y%2BmI4KynMSBjWCTfIHpZw%3D%3D%7Ctkp%3ABk9SR7y676WZZw
Gothic Alternative New Rock Platform Shoe,,£177.50,+£4.26 delivery,19 Feb 2026,16,New (other) ·,https://www.ebay.co.uk/itm/306741597130?_skw=NEW+ROCK+BOOTS+PUNK&itmmeta=01KK55VVM74QF6HRGKNZHVJVQG&hash=item476b3953ca:g:EIkAAeSwxbxpfg4j&itmprp=enc%3AAQALAAAA8GfYFPkwiKCW4ZNSs2u11xDu5%2FjjjY0Hno8eKo0udpvEYf41MCTnzS3%2Fj2xs7lR1WiJdjzqVpUNQ8uepkTZOb31o8ZM8XsdGlDSwJAjgH7reW6jRiPj5aYJcmw2kPMdGSJfUWDEpBzIkMG81sI8n30ztIjJph95UvZ%2BJD%2FL%2Fiwo69RPTRtzga%2FmG0ieaukl3MPQ5A862NPg%2FDxJB3BLd5rXWOUIjMa7bJ36HWCtb4Svc2DBJE%2FC0KgOVHcZnjMWpX%2BFGgWwLGOoAegby3VhhX%2BFndxvzd0gPL0MNOATqqIeIsIme4eW%2FIZeCHpP35qOd%2BA%3D%3D%7Ctkp%3ABk9SR7y676WZZw
New Rock Block-heel In Metal-look Unisex Platform Boots in Black,,£198.49,Free delivery,19 Feb 2026,16,Brand new ·,https://www.ebay.co.uk/itm/387336761068?_skw=NEW+ROCK+BOOTS+PUNK&itmmeta=01KK55VVM7DEKS03NJVQPW6QKX&hash=item5a2f11eeec:g:v58AAOSwF-1mzxDx&itmprp=enc%3AAQALAAAA0GfYFPkwiKCW4ZNSs2u11xA9JBVAn2Y3o%2BwTGgP%2FywEp2zHh6t7kQX%2FgOSUL6bq%2B0aTTblstsVYWY5Rfn%2BJtcCDDV%2FZczF64w7oNcJIJKQsYxq6BDgEailYppQJ10mOd4TeJ3zVEn1s4fxgD1M99bqOZqRfIpSJgSRbDnYiFBZg0RilzQ%2Fwj1hc5%2Foxp%2B5l0vPg6wW2ROKbr5lnAae1vHO0H%2BEe8keuiVVyW5aG5tGX8r47Fa3VITCP4MW0OQh8bWD3%2FYVSCIQ1ri3hn37f4TKU%3D%7Ctkp%3ABk9SR7y676WZZw
New Rock M.373-S4 Metallic Boots Black 100% Leather Goth Biker Emo Fashion,Leather,£206.99,Free delivery,19 Feb 2026,16,Brand new ·,https://www.ebay.co.uk/itm/264700855512?_skw=NEW+ROCK+BOOTS+PUNK&itmmeta=01KK55VVM7TFA6QCBPS4KFZY95&hash=item3da16684d8:g:J7UAAOSwijNiIQiC&itmprp=enc%3AAQALAAAA8GfYFPkwiKCW4ZNSs2u11xCkt43Xt2sEQG%2B%2B2FeGB%2Fl8pk%2F5pCCcl6DtTURs%2FmejfQ2ES0NcFpHC26YBF1i8ogBfccCBf1sq6Z%2BW%2BuDzPGCd3gaJ7bSL1%2BrNHRmp9AH9BUtaNz1QD3LTCHId9I7%2FEsF0h0m5QxfLfSjHV8n1DHvQdv9hYhs9DsTS7HiTeAMLIY6tR0l4jPq%2FuoqcQWRT2DxmHEv6BN6%2B8K8AOC99HM0LaGBFiFFaeGDjMJUbs42b09vOK9oWDaStDh0q9QohP08VDwO95UITL8LJjzBM3e0L4ENobZjXkKuZPdUucPhnWQ%3D%3D%7Ctkp%3ABk9SR7y676WZZw
Dr Martens 1460 Harris Tweed Size 5 Boots Brown Leather,Leather,£250.00,delivery in 2-3 days,18 Feb 2026,17,Brand new ·,https://www.ebay.co.uk/itm/157652548572?_skw=NEW+ROCK+BOOTS+PUNK&itmmeta=01KK55VVM7JBH9JQVJ92C3E3W9&hash=item24b4d2fbdc:g:Z5YAAeSwrYFpf4Z7&itmprp=enc%3AAQALAAAA0GfYFPkwiKCW4ZNSs2u11xDZX9RntnRCeku0JzNmXN3RgmBPPCyG1VlGlsAAQp1i9JcJCXAlo2A5vM0iwNT3ULtBkN%2BkCWL8bQBhJP5xusfMmLwh1duJERZCui4VZd4k3BI8ZRKeTMFEVNKXNo74BospCE7243TIUUIlz2vSv3wa3tspJQKvUhP8eMpgfL8vjIRqcMl8SVhAyrk67uOQaw4BT2%2B1Hu6bdA3BD6VnXYTXekUOkAIKYSK9GUavqqeoHUtMs04nDCPm43mhCCRiqyY%3D%7Ctkp%3ABk9SR76676WZZw
New Rock Boots WALL285-S2 Unisex Metallic Black Leather Platform Gothic Boots,Leather,£188.99,Free delivery,18 Feb 2026,17,Brand new ·,https://www.ebay.co.uk/itm/314343636294?_skw=NEW+ROCK+BOOTS+PUNK&itmmeta=01KK55VVM7E2GSWDF90FH7JA7P&hash=item4930573d46:g:1RoAAOSwV0Bjzpju&itmprp=enc%3AAQALAAAA8GfYFPkwiKCW4ZNSs2u11xC47U36fcX9LJVOnXPPXfZLANqrJl2GIHEZy0TaPRB6zAnnEYrbqfmvp3z1bO6DozltgoppRiFEfuGgfdZtks%2FV2kjV5SyjcBuOF%2Bj7vKbNaCaAklXKscLUWww5T%2B%2FTiAA5FaFZjha3mFS2PbMptudGn%2B2Oid%2BtkV8X%2BqWjmz7OFkikpHVVs6qmHDv4WWDjYt1qZsP6sOAHNMiLgjHnoRkO2ezDWPAFz2DkJimGPxQ%2Fkiev6LCSgl8MCVlVkFOWkjEy3jENV4vKb1n7Lmar2XqMJ374HlHMWvQFdKjsPB8EaA%3D%3D%7Ctkp%3ABk9SR76676WZZw
New Rock 591-S1 Red Flame Metal Black Leather Heavy Punk Gothic Boots,Leather,£206.99,Free delivery,18 Feb 2026,17,Brand new ·,https://www.ebay.co.uk/itm/262537187091?_skw=NEW+ROCK+BOOTS+PUNK&itmmeta=01KK55VVM7YNXG9FT2N1VGTB9C&hash=item3d206f8f13:g:OgQAAOSwrodiIQ1E&itmprp=enc%3AAQALAAAA0GfYFPkwiKCW4ZNSs2u11xBjkQK7RvjJ60FPYag%2Fs2ZFFsKauFd%2BWvoO5MtnC31rfwhEJsY5EVgVIE6O7hbRIOn2nOV9i9O%2F5eQnwiZW55pG6OZHBLBhRIQ5eMyqmsMWQrj%2FGbzk0OrhS%2Fa3E%2Bs6bhBevSsiEy5p0VISyNLA6CfFiHfXQJS%2BV9K83KeC3DSvgVyc2eldsl1jNQFiKaRxMRoKGpiUusHxaoO7iy6DuJrVdZ1MLA5bDowSEjiBCl8Y4WK60aAAM5tjhxVgIGSiEV8%3D%7Ctkp%3ABk9SR76676WZZw
Shop on eBay,,$20.00,,,,Brand New,https://ebay.com/itm/123456?itmmeta=012DEW30YG0MEEKND7NH&hash=item123546:g:acwAA9KNiJowH:sc:ShippingMethodStandard!95008!US!-1&itmprp=enc%3AbgepL1tlUHjMGCVfSTGJh%2BzsVKeJ3CQk7NizDI4BZeppuFnmyS6Ijyp8lh%2FnEw%2BWqO7uTV1Q6izE1R0T54aV8j71F4xlWfVcGft4%2FiOQhtqVXA1rW6M1atPARQRmhqUxtEPJKhKtSFgI%2Bvwlzb0GwVCtkp%3ABlBMUObkmabpYw
Shop on eBay,,$20.00,,,,Brand New,https://ebay.com/itm/123456?itmmeta=012DEW30YG0MEEKND7NH&hash=item123546:g:acwAA9KNiJowH:sc:ShippingMethodStandard!95008!US!-1&itmprp=enc%3AbgepL1tlUHjMGCVfSTGJh%2BzsVKeJ3CQk7NizDI4BZeppuFnmyS6Ijyp8lh%2FnEw%2BWqO7uTV1Q6izE1R0T54aV8j71F4xlWfVcGft4%2FiOQhtqVXA1rW6M1atPARQRmhqUxtEPJKhKtSFgI%2Bvwlzb0GwVCtkp%3ABlBMUObkmabpYw
Ladies Childrens Girls Lace Up Combat Ankle Boots Shoes Zip Army Size Punk goth,,£14.20,Free delivery,22 Mar 2025,350,Brand new ·,https://www.ebay.co.uk/itm/205102088643?_skw=NEW+ROCK+BOOTS+PUNK&itmmeta=01KK55W26ZJTQE6C6MDFG4V8AH&hash=item2fc10981c3:g:JKgAAOSwTwtfsTCg&itmprp=enc%3AAQALAAAA8GfYFPkwiKCW4ZNSs2u11xD2ohzlO7fXOPMEwcZFjnWFrOBiS3pcBt4XYECPY4j8WNlB5zIKqFLIQI00k%2Fn2F6LnlpK4MoTXVM%2Fpq7OUHvQt2rPIoTACGQ6GwYEEJA%2BYG9%2Bj%2FNWsaTU%2BFHp3OtKpLJYnxTqonolgte%2FYxzbMSGtwl8Qy9qPjWP880X1pqyahq3JoZGWc6V48ZrFRJ0QUURIuX%2F%2BhJqt0vxAW5yG%2Bh3trGGis6gAQ3%2F95DRu4VUk%2BzkfKXwBFR%2FCrENixPIrWots2N8DN2r2jcKkkjHXRABd9OUf5wQ2AP6uBoiO2c0SEbw%3D%3D%7Ctkp%3ABk9SR96j8KWZZw
NEW ROCK M-NEWMILI083-S19 COMBAT BOOTS Black Leather Military Biker Shoes,Leather,£125.50,+£4.26 delivery,18 Feb 2026,17,Brand new ·,https://www.ebay.co.uk/itm/157603259542?_skw=NEW+ROCK+BOOTS+PUNK&itmmeta=01KK55W26ZGQY1MTZ4DY6MEDP4&hash=item24b1e2e496:g:GvgAAeSwzkVpYY0X&itmprp=enc%3AAQALAAAA0GfYFPkwiKCW4ZNSs2u11xDOV%2BdON2%2FQTvaVTmWlMRWiBf1RXr3w6tPC5qJyF7dt1LvaWSE5QkTVBQE12%2BGdSAYGAPPZLXTl%2BipbAR7p%2FbQk5P5bU6ZhridsO251dD7cq01QqlewRH32e6nu3kjN1QFMCaHokfYN8yNWDq1xHkGY%2Bjd7KnWAo2tqGb7rgnpmGmlztP9GK70RDnSY%2FKxDMZgxC5vYQEGvDXyGZzn4qQsESQTDTAnHpiJkg3D6jtR9hKoH7sEBJB3LbpWNH9jUwx4%3D%7Ctkp%3ABk9SR96j8KWZZw
1490 DOC MARTEN DR MARTENS 8 eye hole CHERRY RED leather BOOTS UK 9 new in box,Leather,£140.00,+£9.50 delivery,18 Feb 2026,17,Brand new ·,https://www.ebay.co.uk/itm/336324357025?_skw=NEW+ROCK+BOOTS+PUNK&itmmeta=01KK55W26ZJ12FZX4K3C6PCWE4&hash=item4e4e7e6ba1:g:aG0AAeSwkvBpEfDA&itmprp=enc%3AAQALAAAA0GfYFPkwiKCW4ZNSs2u11xBivbaxnVGmxRKpgCOED1%2F9UnIDKi0V0nqNOj--zGlMGlP%2B%2FCj3L3mlyVkrbIyAQLgOHWx451Kqkvv6y36Dr87CJACELQuzl7UW3gsBjzcIAd44HSpSbFfosG6KD1wOmTTYmkv9jW5JDYH03DGCf%2B7BTHK4w9vJRcZd9iGctcSb6mHnWcGQ29Fii83ySsvogKj%2FBbEMCvtnpUe8lrAp407cvRzJVJ5fWaia8BoaCS5CT69ujWhUgo68I5uXkOOjQZg%3D%7Ctkp%3ABk9SR96j8KWZZw
NEW ROCK BLACK LEATHER ZIP COMFORT PLUS BOOTS SIZE 5,Leather,£94.30,+£6.65 delivery,18 Feb 2026,17,Pre-owned ·,https://www.ebay.co.uk/itm/257361550456?_skw=NEW+ROCK+BOOTS+PUNK&itmmeta=01KK55W26ZAMVWBDD6N965AZB2&hash=item3bebf19c78:g:QZ8AAeSwl~Zpkatg&itmprp=enc%3AAQALAAAA8GfYFPkwiKCW4ZNSs2u11xDkawRiVFtngQuCr--AO0PWkRNF0mr0cDBHMc%2F4D9HzlDIfjLvClPhAMcS0ygJn2mJRWrg6FIeTNQC53mJwOgcmN5lOyyMW55d%2FZftBfMn0vfDUhSokBNXmWVa1%2BzUs1ctA5Gqc%2FDgzQBw9%2BU1MOTS0S9SpJJe1aAupbwojPDq%2BlncDv%2BFD8rFBjZ1ou8kWNN%2Fp2F%2FwTHDabaCkJ12u4zhY9ZrkFegWXAjLRnevQtSzD1kgd9MHLP4FYxNVAn%2BC3GYKzDWtlgZM457rsPFGDU%2Fbh0aiAN0De2M7KmXu1D5HmQ%3D%3D%7Ctkp%3ABk9SR96j8KWZZw
Ian Dury vinyl lp New Boots and Panties!! Stiff SEEZ4 10 Tracks CleanTestPlay Ex,,£10.80,delivery in 2-3 days,17 Feb 2026,18,Pre-owned,https://www.ebay.co.uk/itm/406703625399?_skw=NEW+ROCK+BOOTS+PUNK&itmmeta=01KK55W270T4FWYXWH89PGA22T&hash=item5eb16cd4b7:g:RK4AAeSwQUNplJoE&itmprp=enc%3AAQALAAAA8GfYFPkwiKCW4ZNSs2u11xAWz2Z%2FlL3XiNMg82PiHf6njx0wMDwXOLnf%2BscssvtdCTxw4t9WPe5a47zX57Yl0OKLAyCjQv0wKXbjfr8YTJsutrwf%2F9NGaeF3HIFPTbL3knARIpQ1brIxlE54Hi7Wmx49cBrx0VhFddlVpT3rTieIjzJWyCRs%2FlX0MAQn6aDkrd5UYsTbFPMQO090GtBT5o26aNQ%2FOI%2Bq9hrNidh5SH5WMHJRJrExul7I%2FSQE%2BRYjtuU7MyejoGlMl6VIgtZew0mE7soZpmBRXN7KXCrNOMPuk3H7YQOX1xjvxx%2FW1SpRzA%3D%3D%7Ctkp%3ABk9SR96j8KWZZw
New Rock Black And Purple Leather Chunky Platform Boots Size 38,Leather,£90.00,Free delivery,17 Feb 2026,18,Pre-owned ·,https://www.ebay.co.uk/itm/397600565772?_skw=NEW+ROCK+BOOTS+PUNK&itmmeta=01KK55W270J6051N0HZM0H9VHC&hash=item5c92d72a0c:g:DYIAAeSwe4VpjfSU&itmprp=enc%3AAQALAAAA8GfYFPkwiKCW4ZNSs2u11xBFy424tPhIu42TaWsaTq2pVl52wNAYjLcpZ21oavFtZje4Xf6JH4IzlMRITlZMkVbBSGqAkuClwcGFP4ywpb%2BJLP8AByLxyksfzNqclgnzP4mJOUenJhGlg70uDy4A2%2FaJlJgujONFJgz7DFNQKLhX2EH4IXeK5OcWxTT4xVRt3WAxVbxEovKyZ%2FqnNWlKrUddwOPkUWwv1JTIeEljvxuo8YH6Cii9uquoXfoO1zgs2hGxhMWplvc9FEq2jA1HeM7R81Knna4PUJK%2B9eIk%2Bp1nJAF46tJPJiLnB19NmPYwzg%3D%3D%7Ctkp%3ABk9SR-Cj8KWZZw
Ian Dury : New Boots and Panties!! 2 CD Deluxe (2004) Excellent condition,,£7.59,delivery in 2-3 days,17 Feb 2026,18,Pre-owned,https://www.ebay.co.uk/itm/326948185297?_skw=NEW+ROCK+BOOTS+PUNK&epid=30894640&itmmeta=01KK55W270HZZ2YQRB3D06TRG7&hash=item4c1fa164d1:g:jnUAAeSwQNlpYN7a&itmprp=enc%3AAQALAAAA0GfYFPkwiKCW4ZNSs2u11xB%2BpGX4jh8rCkpXSZLtRcocn9iazpnzg0rNxBN3EIYG1aXMtZ1%2BEqHGEn8uFAZwrd1ekHcqzpKYy1Urn8l1VZB3sSXHtSLZJt8fJGne4BqwagT854ItSvSxfUb5UTxuApuNFPs2dOgqlZ76cUSomfAYnfdC%2BjhtDB7kp%2Fpbk%2BC35Mld46ye8QiapdRDmqnuD67P1uHKR%2BcWvwHryund2q63eN2ta7XSjmy19mYbK2oJlDtG6HkBZpGfdYZ3k8fl%2Bms%3D%7Ctkp%3ABk9SR-Cj8KWZZw
Womens Chelsea boots black green sole boots chunky gifts presents,,£7.59,+£4.06 delivery,17 Feb 2026,18,Brand new ·,https://www.ebay.co.uk/itm/389403533984?_skw=NEW+ROCK+BOOTS+PUNK&itmmeta=01KK55W2705V4HZRKE35SN2D50&hash=item5aaa4262a0:g:tpAAAOSwWqpnPLN2&itmprp=enc%3AAQALAAAA0GfYFPkwiKCW4ZNSs2u11xDteceK9CpSoeA7T306NqDVUlrM3HYkeTLqMNia8jXnSyB9bCLr4PPX7rQjDF8YIXP1nFC%2BYSCTF7L50p0HUxELs9mnQP7byXcjS4KnhoQprFgzONtzD9xHUsPXOfDwZkIDS7QsNcgGH3%2BJ5mzumosnosnzKkU6ppavzEL8EQkbYWnscCUXwp%2F%2BwLYOT8ClaG487BPBRtJgoCft0pmtHx%2BK5ISzhdDkKmazmthbRO0H6AolZpQNxaWYNZHJXIRqeeM%3D%7Ctkp%3ABk9SR-Cj8KWZZw
New Rock 272-S1 Black Boots Metallic Goth Knee High Zip Leather Buckle Boots,Leather,£249.99,Free delivery,17 Feb 2026,18,Brand new ·,https://www.ebay.co.uk/itm/255313364121?_skw=NEW+ROCK+BOOTS+PUNK&itmmeta=01KK55W27043E8ZTEZG8ZR93SV&hash=item3b71dcc499:g:J9wAAOSweZBiINue&itmprp=enc%3AAQALAAAA8GfYFPkwiKCW4ZNSs2u11xB5P2AqU%2FwduJyYRyai7phpB9VhJvVAfqe7qATaimkDS%2Fi6bpIDBR7ZXdTfX0oVxfk1bqcV23H226Hw5HuK%2FFK05Ta3c793XkOqWc4YAFwf6pQAaSM8nnoUt6IaWc46J2a03G5WNIMItI7l%2BeuNXId06DL8nW9w8QaHS%2F4vuvtefjZ4Fefk0QNjtagt2coXAq%2B8pUluKm8VAGBTuvckN6TVR421XvNfs1prSmZczjbQZmJE56pEeiPbXlBA0ZIN57dVIZvhvMNMlqNcc3jJoNbsbSI5vVEJ0p3Q7lgYeYkkag%3D%3D%7Ctkp%3ABk9SR-Cj8KWZZw
New Rock Boots M-TANK106-C1 Unisex White 100% Leather Goth Platform Punk,Leather,£193.49,Free delivery,17 Feb 2026,18,Brand new ·,https://www.ebay.co.uk/itm/254992166069?_skw=NEW+ROCK+BOOTS+PUNK&itmmeta=01KK55W270GQHM8QW9VK0V975X&hash=item3b5eb7acb5:g:97IAAOSwFqFgrOJh&itmprp=enc%3AAQALAAAA8GfYFPkwiKCW4ZNSs2u11xBjtZ9xafWrB5WIf3xL1G6T2r0s1a77AHU1WHRo5Fgdx98BP9l8kzkKuXl02uVlPNsxau9NIla0%2B%2F7fGZ2e3n4eHVwWTzBc%2ByKD%2BZsImoSeUxkFjue52unNzBknB9cdZA5L%2BvH7tmPxPqeVDNHStH%2BdmILPmtpKnnYhLcgNWgjlS%2BiT%2FU2t4Glnd6WC6RaVBl8VSW89wGjaaktfp4w2OIHGCDHInCNzSX5wrZiRIBEA03UfEWg3nfxDjMrV2fnrFUca04uCxbAnjkoWkU1Vqf5QBq7ZRTUNkwI4sLOHxzwIuw%3D%3D%7Ctkp%3ABk9SR-Cj8KWZZw
IAN DURY - NEW BOOTS & PANTIES LP + INNER UK 1ST PRESS STIFF SEEZ 4,,£16.15,delivery in 2-3 days,16 Feb 2026,19,Pre-owned,https://www.ebay.co.uk/itm/306760927897?_skw=NEW+ROCK+BOOTS+PUNK&itmmeta=01KK55W270B8KE0JMX20JAPTW7&hash=item476c604a99:g:zS8AAeSw9zdpf5mD&itmprp=enc%3AAQALAAAA0GfYFPkwiKCW4ZNSs2u11xBR8vJFgDXhgIW2SL%2FhUUhEH18eJkZMhY%2BAWmxlPuTKEGZhx0DYrxOW1q%2FRCrvEXUpv%2F72oL44NASPP73clo2eJranstaqTnSiIehe8pRIiN45jCz8quWzUP8hxSzHY4NKX3i315quy6Xp6i7%2FMbHvN%2BhlL7EoO3AGBWFPN6kqFdy7uCi8S%2BoYSANlvoxjOJKyts7EKcI7LQuJte2egb3av5krsvZ4RPAmYvXmWQmFpLkNKF6B0pUGdqZV1KfIsJ1Q%3D%7Ctkp%3ABk9SR-Cj8KWZZw
New Rock Silver Skull Boots Size 6,,£58.04,+£3.38 delivery,16 Feb 2026,19,Pre-owned ·,https://www.ebay.co.uk/itm/298029666465?_skw=NEW+ROCK+BOOTS+PUNK&itmmeta=01KK55W270R69KWDM5S4NDQWW8&hash=item4563f3d0a1:g:zHkAAeSwgeJpjsRj&itmprp=enc%3AAQALAAAA0GfYFPkwiKCW4ZNSs2u11xCmY5wdu4j%2BNkvz4G9wJI9YRrY5s2rGtNiQBqfetoaud8%2F8iAVA2e8TJvUndezZpiSRB2ESwK7oqqSlOneL1intnoUfdd%2FzQvQ%2BYfiOZtpNDnv1%2BMpcr9LB6l4nOJuPHlvFsmu3Zt5V1iq8KhlodFrKbpQMVtrfOJGh%2F4WJQ0trrD9UiLYdyXCGh5IBY%2FAWUj7ntpG8AmOA6IXzVa5cEF%2BtddBOAX2YcSExMy5RpKoTIWc2yruVubqvU%2BPvEq4PH%2Bk%3D%7Ctkp%3ABk9SR-Cj8KWZZw
New Rock Gravity/Defying Black Leather Boots Vintage Gothic Steampunk Size 4 37,Leather,£103.55,+£3.38 delivery,16 Feb 2026,19,Pre-owned ·,https://www.ebay.co.uk/itm/147016355593?_skw=NEW+ROCK+BOOTS+PUNK&itmmeta=01KK55W2702BEBJJB78WM7A49P&hash=item223adb8f09:g:tWYAAeSwnW5pNgO1&itmprp=enc%3AAQALAAAA8GfYFPkwiKCW4ZNSs2u11xCQCIXnkJm1APbmUjdVxXEZvDbaQopD4n9JynDeS%2FAFEEqV2kN8m6eosUYH9TbF0Rq56uYRNrseGlkOubfWpH6ILcASLaregeMS0eNFCfz7LBYxV9OYcOZ84363KiBf4edYpAs54UoB%2BYEsquY5sAD3OIfj7d3AzqDs26WHkD%2Fu4X%2BSfsO1apdzG2SlowWsIdgQ3QDJsNBewMxGew8DiWH0bNw4Stoo3rHtKKLbsITNNHoUgGXhSSSXQ9GWhB%2FReyKEqIf6JvEtJNupzjdPbxUHNfVWzK5VTGtOBDuDUlRb%2Fw%3D%3D%7Ctkp%3ABk9SR-Cj8KWZZw
New Rock Malicia Silver & Black Knee High Boots Buckles Straps Rock Goth Biker,Biker,£78.70,+£3.71 delivery,16 Feb 2026,19,Pre-owned ·,https://www.ebay.co.uk/itm/137004521615?_skw=NEW+ROCK+BOOTS+PUNK&itmmeta=01KK55W270GKK33W2MJD1GQ7FV&hash=item1fe61b188f:g:mjYAAeSw~5lpf28O&itmprp=enc%3AAQALAAAA8GfYFPkwiKCW4ZNSs2u11xCdGKPR1W63b1HcoeMKl7dQoQVm9vXRv3cleWT1%2FnUFoex04NZ76bRUXfdn%2Byet1gNw0%2FiX%2BdbDZPAQJv04wTYzqndjEgtiS%2Bqf%2BJlllnbtLQpB2OWorxKVHwuCEfZzZoj9T2HrEHJQLzp2tuJUH8RR941nFn%2FQTX2Rex2fz%2Bh6u2paFTtdX2Y9orhDfjooMcWYinLwneeMNKrKmWrkMXKOkbC1mtV25KsxdJNuxAuXOe4d5%2FlNWw4FoENQ56pOaeilo34ciUXaJOibahveSYLxrP6wnMdtbFPO%2Fh%2Fpep%2Fx8A%3D%3D%7Ctkp%3ABk9SR-Cj8KWZZw
NEW ROCK Comfort Lite Black Leather UNISEX Boots. Uk Size 4 Also Fits UK Size 5,Leather,£104.70,+£3.38 delivery,16 Feb 2026,19,Pre-owned ·,https://www.ebay.co.uk/itm/188041403696?_skw=NEW+ROCK+BOOTS+PUNK&itmmeta=01KK55W270KH5F58N1G576D845&hash=item2bc8241d30:g:OTsAAeSwUnlpibJA&itmprp=enc%3AAQALAAAA8GfYFPkwiKCW4ZNSs2u11xDbbx%2BjEKWD3kWmIYVAGdYMPqMOy%2FoaDina43njqpDqVDUEpAI13C%2Fw%2BEkmRPS4Gc94kvHvWQCtrXMTciSqDbMMacxFgSCaMPRaffdueLtLYsOUGdxGjw1TN92NAqqj9R0kaJrytbYgnt46DVvAowLIfCcFOMSy4ouA7npWTPIn1WsRbSxJ6OHsBztM0AQBIiUTz5688W1edE50QBc3XHIrF%2BbFfnuXA%2FE0pvC2Mjk%2B3h2eKBRu4QKflQlYN86daEaO0G7uLGquGqLbQuu85YtXpPxBikAGRvIcbWKy00IkPw%3D%3D%7Ctkp%3ABk9SR-Cj8KWZZw
Men's Leather Cowboy Shoes Black Tan Croc Cuban Biker Punk Winklepickers Western,Leather,£116.99,Free delivery,16 Feb 2026,19,Brand new ·,https://www.ebay.co.uk/itm/255062451852?_skw=NEW+ROCK+BOOTS+PUNK&itmmeta=01KK55W270GQK07M5SYEGNKYTK&hash=item3b62e8268c:g:9JIAAOSwnGpg-XCE&itmprp=enc%3AAQALAAAA8GfYFPkwiKCW4ZNSs2u11xC5%2Bo4vNiQrCr7ndW1TrceP%2FwWH3EmHEDHwOX%2FRYTc5EXCQ9DLPTNAZX9PB8pCCKXwlByEDkKHxyOnTcqLAorvrmgWdYdUjR9nQNiWPdGbG57FmO9EE9e4g1qvVm%2B2b5B8uKmtWCUjln2cMZ0LbkV5oqrbAGj6yY72PJm5VebU8vWP4Aw1Hxqiyn3QLqvhA30W0oPxlWURj9MlPVqbX2Eouotr6ewG9Fp3aUfH20hTiaQpJbt9jSaInZG34UWE3PyJvjztC24IjJv9hJOQR29hPRFXZG6HYI1wdxpcQbcF7vg%3D%3D%7Ctkp%3ABk9SR-Cj8KWZZw
Zara NWOT Black Canvas Womens Combat Boots Chunky Heel Lace Up/zip Up Grunge Sz9,,£26.70,+£3.38 delivery,15 Feb 2026,20,New (other) ·,https://www.ebay.co.uk/itm/168154574245?_skw=NEW+ROCK+BOOTS+PUNK&itmmeta=01KK55W270AR43AY9QC74N4KTQ&hash=item2726cb2da5:g:Qb4AAeSw77Vpjc9M&itmprp=enc%3AAQALAAAA8GfYFPkwiKCW4ZNSs2u11xArmLEI6iEOo6yNP7B2eM1yVn9RgHE75RV2PU%2F8HGnPnkRSv%2F3YU9Pe86fJ3MG%2BxqBkKAiw8k%2BDYbxRVToZrCh%2F3Wt7gNyvISbPgfOCNvLzkJP7k7HdX%2BgPFu52zTl4CW28W1xwUA6m4Ld7G%2FKU3opUG5JrVN62sjXQ9nslGs4hK4eThr4ecQ7HxGrPB3QJuux63jkpSZSQYPyN2Ayj%2BRBvyx%2BJOLa%2BXEHw90OeHaHMYASq1Ny0eyraELoeCGsIhpYpBnVv5knbViZf9Y6Wm35Gf4LtELptLUcKloJrjUv6%2Fg%3D%3D%7Ctkp%3ABk9SR-Cj8KWZZw
New Rock Reactor Flames Demon Devil Leather Chunky Platform Boots Uk 6 Eu 39,Leather,£199.99,Free delivery,15 Feb 2026,20,Pre-owned ·,https://www.ebay.co.uk/itm/306672976869?_skw=NEW+ROCK+BOOTS+PUNK&itmmeta=01KK55W270788GW270JGZMCB3K&hash=item47672243e5:g:WMUAAeSwfnBpSlK1&itmprp=enc%3AAQALAAAA8GfYFPkwiKCW4ZNSs2u11xCcFkGuz0GgAPBwY2C3wAtMSguspw1KTNW6%2F9kqaSM4oMu0%2F6f4C5PwzyiDUvQd4ILs5Yd8hMHXHznnaS17p3a4VYqvs324n%2BEP5F8zbLnce1gAuPrYdTHrl5Gzzb616CXJPmFqCXvaKagIy29lH%2Bw2fNu8Un6LwVhOgB4Ka14ed7c0%2Flyr%2Be17VhC3cCsUsAG6xSniJG%2Frj6xlIhEVtkmu%2BUV%2F0Ga4QYUaCvtS4AKhr%2BRoraZJMGA43P6oDgNty9G1kK1yKhUjI4%2FMdd8S3QFCdlBJC%2FG2FVNcSaF6Efo%2FnA%3D%3D%7Ctkp%3ABk9SR-Cj8KWZZw
New Rock Reactor Black Leather Chunky Platform Black Punk Boots Uk 5 Boxed VGC,Leather,£180.00,+£5.88 delivery,15 Feb 2026,20,Brand new ·,https://www.ebay.co.uk/itm/188058456733?_skw=NEW+ROCK+BOOTS+PUNK&itmmeta=01KK55W2701MZFXSANXX98J6DR&hash=item2bc928529d:g:31oAAeSwIXlpkFtP&itmprp=enc%3AAQALAAAA8GfYFPkwiKCW4ZNSs2u11xAU%2B6kOXYErPJPuTs1vX3jd2UZfSYEcX0f502DfzHt8t9nwLsQ56S4OMOk%2BOajwsZ2k%2BSLSCkE9mDXryLwRQjMYWd%2B3hnYZFvC0NSYFzz%2BKauHG%2F09Ppx2gKOWy5Fxdf3YrQJayje4%2Br4XO%2F0x08WzAHnGEK9vjogA4rY0t72xqi6YMXtkyltqeAhQLOy5lxyS1XJHz2abXZ4yMwbVUq%2F4jZw5H%2BHnuqi52aYMhuUaiQeiE3kSrP0UmVFG9yjQ7oA4d49OYhj67wUrzOEEOozRU8R4W6PAQZyQrVZYV7ACZZw%3D%3D%7Ctkp%3ABk9SR-Cj8KWZZw
New ROCK BOOTS. SIZE 40,,£47.50,Free delivery,15 Feb 2026,20,Pre-owned ·,https://www.ebay.co.uk/itm/198089173086?_skw=NEW+ROCK+BOOTS+PUNK&itmmeta=01KK55W270075V65R2MMNWPWFW&hash=item2e1f08e85e:g:jX0AAeSwSIRpPttW&itmprp=enc%3AAQALAAAA8GfYFPkwiKCW4ZNSs2u11xCduLRAskLGPJj6MuuOjc6WmEYcaVb0pcDHBdb%2BFHI4P%2BotHZmyCnNlOHvOsXu8g9ZaIikVhB%2FJ1HJoAw9JLUOQOan%2BP3A9LguANslNh%2Fhc0b4NHsEctisn77UhtEM8o%2BjR%2BTYPFqhe3rKcHbelwBCCebF1fAhpiEMa4E6%2BgWlO9vy2lxvUtAotsMM5%2B%2BKfdNwbz0HAx%2BhZjtH0rHSIASTLkxD7w4WfUr88dP5Rjj7S5UOkry%2F2N9GyCXAt2N%2Bk9nGpOMZKFmn%2BNzdLG%2BFPVn1vzZuXDOCn3PGJgyy3YqWOAg%3D%3D%7Ctkp%3ABk9SR-Cj8KWZZw
Dr Martins Holly Size 6.5,,£52.70,+£5.15 delivery,15 Feb 2026,20,New (other) ·,https://www.ebay.co.uk/itm/277711193789?_skw=NEW+ROCK+BOOTS+PUNK&itmmeta=01KK55W271YCMEDMWWW329H68F&hash=item40a8e086bd:g:4W8AAeSwYIppbP9O&itmprp=enc%3AAQALAAAA8GfYFPkwiKCW4ZNSs2u11xCgBJ9QQ4ueDn1%2BPedR47YQHRjDtcpU0Bc4Tunb0167Oq67E%2BamqFP2C9wz2jWbyZdSZIykvpz9F707t0mLEWh6EC36%2BVklb4q8VOwhm2xrD3HlXZaZZg7OZ2tqnsAymSmAClryYIHkM9DyFHl3RZQ1PQfTUg%2B1izMomoUDIdE1iGI%2FEVu9e4MQHJG9YB1n3D6bepiiOfmyd%2BGwzWokWspm6lbMiZoy3GAN0mC28BDhtz%2BqrxoNfvL2hu1TtdtCr1wV%2BTuoSNc%2Fwms9yH96%2FWuI%2FirYAZPmdVyxas6kYgIc0w%3D%3D%7Ctkp%3ABk9SR-Kj8KWZZw
NEW ROCK PUNK ANKLE LENGTH WOMENS BOOTS UK 7 / EU 40,,£95.00,delivery in 2-3 days,15 Feb 2026,20,Pre-owned ·,https://www.ebay.co.uk/itm/306719829922?_skw=NEW+ROCK+BOOTS+PUNK&itmmeta=01KK55W2714XJ6GNBEF5PDKJTE&hash=item4769ed2fa2:g:-3YAAeSwv5xpblIJ&itmprp=enc%3AAQALAAAA0GfYFPkwiKCW4ZNSs2u11xCBecmDGUa8iLT%2BmpTxzY%2F8w%2BD8mGmqx8vF9aMCBnoyJGakLW%2FUThc12WQ6Hv%2FvfGXxUN780dR9RKJD1ckoTKf3n0QGpG%2FWcvZB8Syh1Qg6uEqM7jlbB3BlmG9GBd3ubtKajB1XJiTYH0YAUEngqOI%2FEn8uEnTf2th68YySgIppCv%2BaeYiQR%2ByL0EuVVdfKSLIVLSfAVAd2oUo43%2F46TXpqaTsF7FHelJs0I4Vd5fpgccms8gq62kZy7%2FEO5a5wj2w%3D%7Ctkp%3ABk9SR-Kj8KWZZw
New Rock Boots WALL106-C9 Unisex Metallic Black Leather Platform Gothic Boots,Leather,£206.99,Free delivery,15 Feb 2026,20,Brand new ·,https://www.ebay.co.uk/itm/256055189795?_skw=NEW+ROCK+BOOTS+PUNK&itmmeta=01KK55W271FA9YPKQSKSGMEN1R&hash=item3b9e142123:g:jvQAAOSw3FNkR8jU&itmprp=enc%3AAQALAAAA8GfYFPkwiKCW4ZNSs2u11xAhr5qHmp%2Fof1WVfFuLGHkezTq2SzS%2Fj7WznIWh80I6wDTWFqYplTNiaWzfHpFGLGjGnhAiaNReubv8EtWxFrjqC4cRiNI%2By6AxRH5Cej3yFf%2F7hT29BwVQyM9eJ1T0jUyDzmZZAq%2BsUc6D0Pod0J5tnCK%2Bydx6Yk1iyGLl3zW94aeBXsuJoqEHxrMeeXFPStBz6Aiig7t975TND8feYwArXdBg2gj08bl%2BAnSEdsTz6433W2Y4CFxhlb9dxLavdy5sV2MgA%2FKUEU2PAOYZbfsvBbjtYB3WM%2Fj1%2FsdhYcLSew%3D%3D%7Ctkp%3ABk9SR-Kj8KWZZw
BRAND NEW New Rocks Size 9 Boots,,£156.70,+£4.26 delivery,15 Feb 2026,20,Brand new ·,https://www.ebay.co.uk/itm/306716703546?_skw=NEW+ROCK+BOOTS+PUNK&itmmeta=01KK55W271CEX8HXDNEFCZBRKY&hash=item4769bd7b3a:g:NuYAAeSw6uFpbA7B&itmprp=enc%3AAQALAAAA0GfYFPkwiKCW4ZNSs2u11xApdGflqYikCPdGHbJHxy56%2BUEFWrzCPv75pXi7gzklsLD25HuM73aEMv52DVi%2BsLlaKQeNo6K9PNFPQwhZSEolVsWm5WMVEdVUaG1OaPYPoavhSegTbmjk9lJzfpalqwkXcnlfBd1gMpjxnA2yYbRggSfjplOJOxTNs3JRThGdiCGx1j3Vi2mk34ZXou4fjFMct2y1w%2FWM3bd5L%2BT1JYW%2BxbEmX0wEmUOCP4zvkDD0Jp4B05areRmUQLFLX7XQP40%3D%7Ctkp%3ABk9SR-Kj8KWZZw
DR MARTENS DARIA 1B60 BEX BOOTS UK SIZE 3 EU 36 US 5 DOCS PATENT 30798001 KNEE,,£94.30,Free delivery,15 Feb 2026,20,Brand new ·,https://www.ebay.co.uk/itm/366011171768?_skw=NEW+ROCK+BOOTS+PUNK&itmmeta=01KK55W271EB0K1Z0DH7380K8W&hash=item5537f743b8:g:3~0AAeSwrEdpMZ-S&itmprp=enc%3AAQALAAAA0GfYFPkwiKCW4ZNSs2u11xAlZ3qNSt2%2FimqRV%2Bc%2BNoSVe3DilTKteuWeMGCNGLDeoFI7DvyK0tZ2IS%2F2cAAyFPzLv9rZQOwIL%2FQdaz09ZCVsihy8lS2aeRUee8dB%2FzldFJowQ1fwnrvVkbEVw8YJiXeo%2FFUlV60pcmx2rPdN%2B%2Bria3z0zLjLHFFc7sn3cLOX32HAi3iC%2BDrj1NrWFPoPOVqcAuXsMeohv9bOQu2tkP6MWWNnhIjbOVZJADqe%2Fua3SKD6PaPt8hyTc%2F4zHNYXvBQ%3D%7Ctkp%3ABk9SR-Kj8KWZZw
Ian Dury – New Boots and Panties!! LP Vinyl – Original Stiff Records – EX Condit,,£16.99,+£3.38 delivery,15 Feb 2026,20,Pre-owned,https://www.ebay.co.uk/itm/168152166808?_skw=NEW+ROCK+BOOTS+PUNK&itmmeta=01KK55W271KS2MM3F1K1WKA9Q9&hash=item2726a67198:g:ENQAAeSw8NBpjHDo&itmprp=enc%3AAQALAAAA8GfYFPkwiKCW4ZNSs2u11xBjJQSWzl04n3uruDq72ygLwzQcnazUsNN38KcsUlc4j5GvXT2NjqGLIkkRlQA94ysSOjBJT2h0f8%2FPgg0dmSYYk1QoK1KwIVLvLkg8%2BrUJ5SD2s4jMk5crU%2BieTuvkqHRc6YsXxHGGXcRxO2dKxLpsoZEy7y7cVkb7j0CRiLWMZpJZxQ3eEk3LbAv8yGtdjeBiIjARVKr6oecuvOeoSlSRgrjivLnbaUkmYB6m7%2FTtpAShqW09IfcrNsQv8BZyhJ7LiKKVHHrxVqex%2BnPt2RKrO07LivDvp0qf7CBEYmKh9g%3D%3D%7Ctkp%3ABk9SR-Kj8KWZZw
New Rock Ankle Boots Size 6,,£161.90,+£3.72 delivery,14 Feb 2026,21,Pre-owned ·,https://www.ebay.co.uk/itm/198107142786?_skw=NEW+ROCK+BOOTS+PUNK&itmmeta=01KK55W2717NE3VCW4ZZV77XHC&hash=item2e201b1a82:g:FwwAAeSw6yBpkLmd&itmprp=enc%3AAQALAAAA8GfYFPkwiKCW4ZNSs2u11xDQKk6uaNH9kEDUI7ILdBkxfli3wfrPI0uOUlbVReqsD6BT6CCOu3RKMcFWgv3MRWn7quNCiDFRbFerJnNtCJhq1mUSfOfHrEuhEbGp3GAYjnHBEWdGjsM6EyvAuRf1NaH7axk8j%2FtfH2UmImyBCFBW7yk9YCZfTTHJZHT5mbn%2F2BWn4COAXdE3H5AscoqBkjy0zYaQuPrV%2F03LIoSGoCLUgBS%2F0cLBLc3gRvS%2BaI2M8BxYYmXQY7qdiLGk17U1ROUSnoJCfH7cM6wifYbeHmUwlEmx4Im2EO4DCkzKv739ZA%3D%3D%7Ctkp%3ABk9SR-Kj8KWZZw
New Look Black Faux Suede Lace Up Zip Biker Boots Size 3,Biker,£12.94,+£2.94 delivery,14 Feb 2026,21,Pre-owned ·,https://www.ebay.co.uk/itm/325849487775?_skw=NEW+ROCK+BOOTS+PUNK&itmmeta=01KK55W2719YSS5MRK0M5ETNR5&hash=item4bde24999f:g:6UoAAOSw0gRlLC9Z&itmprp=enc%3AAQALAAAA8GfYFPkwiKCW4ZNSs2u11xCUGYEI7JLu0wOU2rRndg0OBUW47GCP%2Bw%2Bl--YGmV--IyV%2FmJD7GYqP1JD9j5Jw8DTcx520eZR%2Fcv8Qz24hldPPUSZugLCB8HiqxkXCIiASTni1a%2B1Dp6nXtNSc8LL%2FUoB5AIIDxZGZ6JUlYGPJz1LZRtfYvHu%2FrQ0yQk5P1rYiKo42KUy0NUkfoRuO8ZgJ8vakLMHP%2Fp7kR5XYL426ypqTwmMp44qQD2UDfmxRQne3xzuDpvc1Pj5YlNOn%2Frn5vbzFzcP185luxpew26bzlK%2BxDfzZKnviTNmXRIuFiSp%2BCQ%3D%3D%7Ctkp%3ABk9SR-Kj8KWZZw
New Rock Boots Size 4,,£43.28,+£3.38 delivery,14 Feb 2026,21,Pre-owned ·,https://www.ebay.co.uk/itm/168142954722?_skw=NEW+ROCK+BOOTS+PUNK&itmmeta=01KK55W27151RQH04NX41VFQT7&hash=item272619e0e2:g:0rMAAeSw431ph3W-&itmprp=enc%3AAQALAAAA8GfYFPkwiKCW4ZNSs2u11xBkFpERKAiMhKurkK8Pa9j0NdealryqJ0twmilZut3ynp2VpWjLSP5rlb%2FvZN6O%2B%2Bz37XJuZvQzDwSMyBTRhPpjmqbWoT4WhlPsw%2B86yBDxGHPpfqDvZcsaSKqPsi47HifdAzajYyDe7eD%2BGL0U8pFYq%2BElrvpbRnbGXkI1%2B2B%2FdRCISoxYf7euy83Dm9DDmxeDqOsp7GTkoZqFmwUPc3v1%2F9HqrSAq5OyYi9PAJXaSLoEwPdewm%2FR0IstYNwuR7CeBAEXWmImuH%2BYwwKafnBuHKtqYVN15j4Qffr7Hz%2BFC1A%3D%3D%7Ctkp%3ABk9SR-Kj8KWZZw
NEWROCK New Rock 107-S1 Red Skull Devil Black Leather Boot Biker Goth Rock Boots,Leather,£206.99,Free delivery,28 Feb 2020,2199,Brand new ·,https://www.ebay.co.uk/itm/254263870643?_skw=NEW+ROCK+BOOTS+PUNK&itmmeta=01KK55W271NEB0SF1S8PNTJGN2&hash=item3b334ec4b3:g:7HgAAOSw-JliIQWH&itmprp=enc%3AAQALAAAA0GfYFPkwiKCW4ZNSs2u11xAgFvQWvDscGD4GwPBAa1VfnQETSEI8Hl%2BXd2BnZLeH%2Beo%2FT03twb%2Fg94apVZZyRwFDTXqdGvTiPCPpMwuG5Uh%2FYFGde7tkFxsE2j2N9cyvxxYzSFaRdS3LEE3H8jNel35AGV0XmiNAnUcJ%2FkZutP8miHkAxq4gYwq2GK5nE7qbLKwHm46nRple0DMZIYg2EyKn%2FACeQVGbF3GOA7X4pZiwCH5mUHJi26F%2BIKbHnkxwzzsRj2Cxa9Ql6REgkVN53W0%3D%7Ctkp%3ABk9SR-Kj8KWZZw
IAN DURY - New Boots And Panties!! - 2015 CD Digipak. New Free Post,,£14.25,Free delivery,14 Feb 2026,21,Brand new,https://www.ebay.co.uk/itm/306642125783?_skw=NEW+ROCK+BOOTS+PUNK&epid=15052234675&itmmeta=01KK55W2716CEDJWSGD87YCNDN&hash=item47654b83d7:g:ssAAAeSwRf1pMWW5&itmprp=enc%3AAQALAAAA0GfYFPkwiKCW4ZNSs2u11xD07Xcz9NDV1NqT8EVtQtT2dRPYa34D2A2rYBrUaq6LNuRtWxzBdaS0sv6KdX5p7uZtUX57r3MxYH1JsdFRh4ipiTfb%2FFIEz2vJqU%2Fx9zWMbPzJ1nEg7Z3jfU%2FwkOzclDwvUh1B0dYIy0Q6ZFFiHrEUXK%2FkmL4HrjNXIMsxP3pe7vI24Zr4hhLjPnMbXKMosuv747fEfA7UnWD6OZilq6Q6supSZOOzOFkBg7VsH4t77cDJpZ1bdlIjKDrcE1SLf1w%3D%7Ctkp%3ABk9SR-Kj8KWZZw
New Rock Vintage Block Heel Platform Cyber Goth Punk Boots Red Skull Hardware 42,,£219.10,+£4.26 delivery,14 Feb 2026,21,New (other) ·,https://www.ebay.co.uk/itm/157455652428?_skw=NEW+ROCK+BOOTS+PUNK&itmmeta=01KK55W2710DGXVZ05WNQ2C5CS&hash=item24a916964c:g:ELkAAeSwsk5pEpLi&itmprp=enc%3AAQALAAAA8GfYFPkwiKCW4ZNSs2u11xBTciFcKfy8Ujnln%2BexRau3vjWGgsIW5Cmr8sQ0vox7wUYpKD3ORfBERN6eeH27Sojx7Z7QvL%2ByVKsHNytv5y7uBfXEu6FfoFA5duaH2P2MGpyDpKy%2BntmVAedeFCiYJSdZGwoFHk8Slq7N9JZ0hp%2BQM9OZSiAZRUI9ygwiTthL3MftkhbcteIeShJy2te42%2BN5alVGQDvbu6W1h78guSh9wFr4UL2wOoJdHPVFuScgydThrjsvbqwUIqzkYSi6TEaORWksmq%2FZV%2BcG5qlto8hliAm3IJs940MP4ZGl9jybJw%3D%3D%7Ctkp%3ABk9SR-Kj8KWZZw
New Rock Vegan Boots Size 45 (UK 11) Important See Description.,,£77.08,+£5.21 delivery,13 Feb 2026,22,Pre-owned ·,https://www.ebay.co.uk/itm/188032588841?_skw=NEW+ROCK+BOOTS+PUNK&itmmeta=01KK55W271D5BMAW9G4B9C6GV9&hash=item2bc79d9c29:g:nrYAAeSwajtphh0y&itmprp=enc%3AAQALAAAA8GfYFPkwiKCW4ZNSs2u11xAHtVKTnFzBcQxWXTdd7nw4mxuNSebVAITwmAtrrdXD62iA4XWkn9uGDmFsFwn98fkHoDOkNGhKJBvBIhLrndEFKNOHRmqVyEpLhO0pPOR5JhMTZwxx9NQM%2FzHs%2FNLuNJmxyjPGn24nv%2BittspmGr%2BL17XbLopy7wqdnE7sWZYdF3rz34EEl56mPHQS%2BywDxmQNxWkC%2B7pV0M5i5jOONrj27q5qf6tHjPdHVXNczZGJbmQxOJuWk%2FJR1mRNJdTV8rW1XmiBCydqfnIaAjF3LKrlPEr0vzf18kAKYsDVbncXjw%3D%3D%7Ctkp%3ABk9SR-Kj8KWZZw
NEW ROCK Boots TR003-S1 Ladies Metallic Black Leather Biker Heel Goth Punk Shoes,Leather,£161.99,Free delivery,13 Feb 2026,22,Brand new ·,https://www.ebay.co.uk/itm/313457001965?_skw=NEW+ROCK+BOOTS+PUNK&itmmeta=01KK55W271HX7C50PSYFCTFYNP&hash=item48fb7e45ed:g:jkwAAOSwD89gWc2b&itmprp=enc%3AAQALAAAA8GfYFPkwiKCW4ZNSs2u11xD8ltPIj8iLyeDxoRmWCOjB1saRsjlAJva2273JlCEfTSOTIA4gvmmuNYBctCqJtm9%2Bp%2BclF3t6zfWSgOaXQq3Bd8gW62EiwL6txH6L3jEuSirHsSTAZWCymM13skGb02AIv9zswZZ7rICu43pHKStEWox2qC8qZ6--LpV2r5ji4%2Fv7%2BhHoMYnuGJcUCcihSr6ZOBKX7zthCY%2BjHffypfMBwnCgQ1Nm5kGHo8DS1BajNqAsIP5fHqBC%2F3YECtPNeQ5XfVza9olAQAwRrf%2B9ItP70ZAOtYDBFh%2BsHNxY2s643w%3D%3D%7Ctkp%3ABk9SR-Kj8KWZZw
New Rock Space Metallic Neptune Boots Unisex - Black Leather - 40 EU,Leather,£227.10,delivery in 1-2 days,13 Feb 2026,22,Brand new,https://www.ebay.co.uk/itm/197132646438?_skw=NEW+ROCK+BOOTS+PUNK&itmmeta=01KK55W271WGPF4RBEAPRVX4G0&hash=item2de6057826:g:gkIAAeSwsH9n3VpP&itmprp=enc%3AAQALAAAA0GfYFPkwiKCW4ZNSs2u11xBop76zf4Mj12JgP9zlTTou3%2FLn9KijWfBOQ6L%2FGhJFr40U9FMyAO09TdKAsapm1TCPbmhp9AiFmzolNPRVp6i96ykMntd3UDxx72V%2FSbqIOBX4lQy%2BWA%2F9NSneLzCdFBPwzemNyloEDFNI%2FZsTjv5qZGW05OfMCoVLPlJ8NWmDa33Vxwmk0ZC92%2Fg5vyigBJol6kScvG%2FoPCC9VPLPr0%2Fcb68OXE0KI%2FJnGrHfKFRC8hR5kiXFK21u0MKtCWymYho%3D%7Ctkp%3ABk9SR-Kj8KWZZw
Cipriata Ladies Biker Boots Floral High Leg Faux Fur Autumn Festival Women Shoes,Biker,£39.89,Free delivery,13 Feb 2026,22,Brand new,https://www.ebay.co.uk/itm/317158683517?_skw=NEW+ROCK+BOOTS+PUNK&itmmeta=01KK55W271T4D0F9GRGE02NJWJ&hash=item49d821737d:g:gFoAAeSwS~ZolfRK&itmprp=enc%3AAQALAAAA0GfYFPkwiKCW4ZNSs2u11xBc8B%2B99adaksTp8VDrPRubqKFsVb1ovhlaIbd7jHYNUO5uzy1WVV4VYkQhnrJFRBN%2FnrPdXNLoLO6MiBNpiPrF0UXX0zUvTMAlh48eyOmmH2T7eXRubQAQgt2HMJSTvopnpFdDBcEEByu3Oxy10d905s2CbCI56y5MY1W3eIygdtIcCYJhI1bV%2B9CasphzkQcb%2FYqkh%2FEnQQzfkJCGBAUJp9Fz7yWNQR4f3QJilXaex2WHWYmQ7Ge1GmwSCZDgmts%3D%7Ctkp%3ABk9SR-Kj8KWZZw
"NEW ROCK Punk, Rock, Goth, Metallic Design RED, SEXY S39 leather ankle Boot BNWB",Leather,£208.64,+£4.26 delivery,13 Feb 2026,22,Brand new ·,https://www.ebay.co.uk/itm/277538222626?_skw=NEW+ROCK+BOOTS+PUNK&itmmeta=01KK55W271HC6S17AER0CMTNMP&hash=item409e913222:g:dlcAAeSwz~Vo187-&itmprp=enc%3AAQALAAAA0GfYFPkwiKCW4ZNSs2u11xDufqKUE4%2Bx8%2FrgEgb3qi0FK%2F%2BPVJDyY25jkiuifUis7wlGaqryoP08DfHU560pOBNdXkfFb2E0MXZEHN2%2F38IffTkioCfzOSlfZAZyUWPQyrKRvg0C8kg0RMbo87lLdiDCu8TdtDI2LlSzXOUH6gF5VJcJg2LQS8vM0wZI5j8KdotP2CXg7zz%2B19ParThb73XyXHHI5AVXlD1d30wH9EoeH02InVHVIomjWEtZxerP1fTD1RXgCNw2Ag2aJ9jknf4%3D%7Ctkp%3ABk9SR-Kj8KWZZw
NEW ROCK Red Black Leather Mid Calf Boots UK6 EU39 Cyber Steampunk Whitby,Leather,£140.00,+£7.95 delivery,12 Feb 2026,23,Pre-owned ·,https://www.ebay.co.uk/itm/287132522072?_skw=NEW+ROCK+BOOTS+PUNK&itmmeta=01KK55W2717NGYEXMKD4PK7DYQ&hash=item42da6e9658:g:c1oAAeSwdEppilo5&itmprp=enc%3AAQALAAAA0GfYFPkwiKCW4ZNSs2u11xAQvrv71ruGzP2joGMtBj7YPSLEEqZTb%2BvmdUtfchQkuT%2BNNF8%2FBw3ET4sZSRJeuB34z0C4I%2Fefz%2FRCQv%2F0wfqIAzuSRiXuqU%2F1MaiuiajXPCTXWxVKYQvmYkudQNgp9AnB2YTNOsgg2GxCHJMKvAdQfYHBGJpS75gTKLmvlW3UhVKklyLctihLbEWeVnvHR3vAwP3EeUf2xfxTYyjXE8mfA%2BXpKODAfEqTLqU6mG8hiLNnHDnf4TyE%2Fcr1uEPIjEY%3D%7Ctkp%3ABk9SR-Sj8KWZZw
Womens HIKE Black Warm Leather Boots Fashion Chunky sole winter 4 uk punk rock,Leather,£10.79,+£4.06 delivery,12 Feb 2026,23,Brand new ·,https://www.ebay.co.uk/itm/389294882545?_skw=NEW+ROCK+BOOTS+PUNK&itmmeta=01KK55W2711ZHHCAHKA3EAJWT2&hash=item5aa3c87ef1:g:rbAAAOSwz01nPL0K&itmprp=enc%3AAQALAAAA0GfYFPkwiKCW4ZNSs2u11xBOVaWub5faTbv6vzNX4icFVPbfU6l9cCLZoubPC7G%2FFTEeUguB2Enh94ilZqXH7Bzlv4mFxUPkufVmJ33qQzRdYGtOuBE8WKSI3XYieeROD5UmBp8ZCitCY%2FJpPQjoyQf1ImgAa2F%2B0Jwxts7xlHBBj8uMxTCKRoie4IIXxNfuzcjqvpEjAt8%2FuWVTt1jDEh4wOnB1ZkRutS5hDDnKOOm%2B1ILEFeivzZ4BOyyRsoMbfaTtkkvkvflf5%2BidmzFU%2Biw%3D%7Ctkp%3ABk9SR-Sj8KWZZw
M&S Ladies Black Leather Lace Up Side Zip Ankle Boots Size 5 Chunky Sole,Leather,£24.62,+£3.38 delivery,12 Feb 2026,23,New (other) ·,https://www.ebay.co.uk/itm/187947133628?_skw=NEW+ROCK+BOOTS+PUNK&itmmeta=01KK55W272EWK7NWSP2H3J0C6Y&hash=item2bc285aabc:g:isMAAeSwlxdpZf4Q&itmprp=enc%3AAQALAAAA8GfYFPkwiKCW4ZNSs2u11xCdSu2Q%2FnQT%2FqSsHPYOGjPIVElE58BPNL%2BtkmqoGtznTkgQBSiamJrpmYp8MEcRJI465UmH69NADBqGiBPPpiVz9MAUS57UXfTmfXvgZ2bqYuARZyIKN2ep5xnmRTF%2BXyZYvFSLYFyt7P4%2FTBnI50On96YZThIKzUVmD7UNVZHrAS70a7cQJ1zs4fXGQUGYBjM8B%2B4aAtw%2By2NmC3CSvcIKPSRny8aUIaCicE0zLp88bSwEPZA8%2Bzha6o9YZzmLbosnvwBqO20kDs3VtyNm5LpzMUiyn2AquwhCF10lb23mIQ%3D%3D%7Ctkp%3ABk9SR-Sj8KWZZw
New Rock M.237 Tall Knee High Black Leather Chunky Heel Goth Punk Boots Uk 7,Leather,£151.50,+£5.21 delivery,12 Feb 2026,23,Pre-owned ·,https://www.ebay.co.uk/itm/287008751349?_skw=NEW+ROCK+BOOTS+PUNK&itmmeta=01KK55W272EPXCTX2CR3ZAK4MY&hash=item42d30dfef5:g:0~QAAeSwp1tpPaMc&itmprp=enc%3AAQALAAAA0GfYFPkwiKCW4ZNSs2u11xDhZTnpdSjHmNk%2FXAUjrgrD%2FpTwzL9glk8ZvW%2FkfhZ4ylyUAHBsyZsBus2m8XIdmX5d1Af5oqoxnNzctNC14gDwNZwIMqHlYhSpb%2Fke%2BgrpDi0CQk8qbFG7ISqxuc6v1kk2qJiOegxpjEipfNvfSa8%2BjZrIByvFdkAMvhoREZQZISC14BygXd2o4Q%2F37z866cx9VouhnUe%2FSbmd%2F0sUghqxNXFk9Z4nC%2FZiNPL%2FMFXOjKp9FNFwiFdwrXKSZySeDzk%3D%7Ctkp%3ABk9SR-Sj8KWZZw
New Rock Reactor Black Leather Red Flames Platform Rock Goth Boots Uk 5 Eu 38,Leather,£129.99,Free delivery,12 Feb 2026,23,Pre-owned ·,https://www.ebay.co.uk/itm/306745629429?_skw=NEW+ROCK+BOOTS+PUNK&itmmeta=01KK55W2722FTR2FWRMQWR9F52&hash=item476b76daf5:g:oHkAAeSwalhpgGCB&itmprp=enc%3AAQALAAAA8GfYFPkwiKCW4ZNSs2u11xCtEQS9Og08B5%2BhgRs%2FWT4%2FJzMWS%2FTIHyiX1hdjjh31nOTe%2FN0EADVOs3EkMKuvTANpgN7FeifSscJLMsyasEsdj3srWs7tDtAqeKtkSYsYYxiki%2BvPiBng4T20AIKiRNwAD4luPRGGUFX9Kmfp7e5q%2FZ6a33TwdZL%2BU1z4ts2fJf3XLDL5kuKziIEO0AS74cfThtwqSBzXKlIyhZzTh1hNf7P5RFR1FAXLhU5OiM%2BUn2jW5lwlxy4tNIW2tc3OGRg9kuG176q8Jk9bfrVsipe01FMUdOkdcqF5QhvLBZxsFg%3D%3D%7Ctkp%3ABk9SR-Sj8KWZZw
NEW ROCK BOOTS BLACK COLOR Size UK 8,,£70.00,+£5.21 delivery,12 Feb 2026,23,Pre-owned ·,https://www.ebay.co.uk/itm/298003716835?_skw=NEW+ROCK+BOOTS+PUNK&itmmeta=01KK55W272VPK61AWS00B4NQF6&hash=item456267dae3:g:ybMAAeSwaytphKtM&itmprp=enc%3AAQALAAAA0GfYFPkwiKCW4ZNSs2u11xDcIZFXxSNYVA2DVN8ffBrADTxZ7ukENFZcIjfKHzSj%2FwgioRJ2QDWysE44U5cgULwzC2z5kTJEQHUaqE9FDzinfSCWZVmaq84kwLyKyZQPvr%2Bv6iv7zfxCBw3%2B1Q6imcfPcJUB409IhCFjYg7LWLX627cNdv3yDtxpfVY%2B5epOLy6ksFXbb4ErQur06fZG5XRHqbCAYzQGbnIRIJcIHWxxBQDNUy34EGDPKCtq0Kjr%2FroE0l6U8PPbWghN%2BVQeTfM%3D%7Ctkp%3ABk9SR-Sj8KWZZw
"Ian Dury - New Boots And Panties!! Stiff Records – SEEZ 04 NP, 1977 *VG* VINYL",,£4.37,+£2.96 delivery,12 Feb 2026,23,Pre-owned,https://www.ebay.co.uk/itm/236619786489?_skw=NEW+ROCK+BOOTS+PUNK&itmmeta=01KK55W272HRT62Y4AQ34NAN6P&hash=item3717a368f9:g:AjsAAeSwPHZphNQ3&itmprp=enc%3AAQALAAAA0GfYFPkwiKCW4ZNSs2u11xAVYcETB85dlx%2FbLt6HW3F%2FU5prwfmgMEZdaOXsds9%2FiUtzQpMU9KVGHXHELrs%2BTIHOAbcn9LBtRUamG5ki9aS94P0Q7HQtQHZgLJ3A%2BDvnP3cl2XtWvOrU2rROvrlV%2BhhEC4zbSrOS4ta9lsevb9FKxiIqWvR3GhsHFpJS2%2BQ%2BPCJGuvcYefm0wnvhiG3N4BTV5txKj--jzRNAORqHddS9NyoM1w5e6PuUkZYYG8LQW4HkrmGUsXDHKclzkTNKdfs%3D%7Ctkp%3ABk9SR-Sj8KWZZw
New Rock Reactor Black Skull Buckle Flame Chunky Platform Punk Boots Uk 9 Eu 43,,£169.98,Free delivery,12 Feb 2026,23,Pre-owned ·,https://www.ebay.co.uk/itm/306665770598?_skw=NEW+ROCK+BOOTS+PUNK&itmmeta=01KK55W272TNNFC0Q6WE4X6C7J&hash=item4766b44e66:g:pC0AAOSwjxlnMa2S&itmprp=enc%3AAQALAAAA8GfYFPkwiKCW4ZNSs2u11xD0soJimPcq%2BBqecFULpAl%2FabUprcbHCxd7SSVSFtgHJWAxyxjejuKWZtOAaSSiPog0EWjW%2FxyrPgwhdNoChwiuxnQeXrzuXxQ6m4a%2Fqugvbtr1ByM4BXCsD8a%2FRyJKgpQ8BZnnT8j%2FowFf9x%2F3r5aXR8crBA7ShC9HlAoed0qTl6IiF1ZPsu4SHjQ0dyJ7KTaMPufvFddN6v4mYhKFPtRQeS%2FvQ4bIMgaLQ06hTRbaMVc7iWVWFD8Q%2FOxLYPcXX2R1TnIkzGAraXnPr2n8lsVlEnfBxvYcWCCwfAc6pkgxug%3D%3D%7Ctkp%3ABk9SR-Sj8KWZZw
Mens Western Leather Boots Biker Buckle Harness High Leg Motorcycle Horse Riding,Leather,£64.55,Free delivery,12 Feb 2026,23,Brand new ·,https://www.ebay.co.uk/itm/316103171955?_skw=NEW+ROCK+BOOTS+PUNK&itmmeta=01KK55W272ACV3BS4KZJGBVS0F&hash=item4999379f73:g:oRYAAOSwjOlnd-XL&itmprp=enc%3AAQALAAAA0GfYFPkwiKCW4ZNSs2u11xBJC8iFvkIW1hP%2BjqewDHZw5v84kW130eh2%2BYWYXlKAmB1fBuEpL3NaF%2By1P%2Bh55XqqgvXjevX4wQNTEp4jodg%2F8FHJUkD2%2FVXwRdM5IlyrgfQysb786MCgZ4r%2F9QwClPzbd9pcHoSRcJ3usDZHZK3NgJbDOaAx1Maqekt%2F1utVNmRSwhr0JOb72o%2FUAgrKg4Q3h3dXtZGEYB40rP4T8mLA9AHSD9xZdR7YQo4Q%2BC9l0c9YFLsnWRtaAX0I42ThLCE%3D%7Ctkp%3ABk9SR-Sj8KWZZw
Mens Leather Cowboy Ankle Boots Grey Croc Cuban Biker Punk Winklepickers Western,Leather,£134.99,Free delivery,11 Feb 2026,24,Brand new ·,https://www.ebay.co.uk/itm/255062605641?_skw=NEW+ROCK+BOOTS+PUNK&itmmeta=01KK55W272PZRRXC0DDR185TNP&hash=item3b62ea7f49:g:s0YAAOSwoBZg-Zfu&itmprp=enc%3AAQALAAAA8GfYFPkwiKCW4ZNSs2u11xBViXMrAftZMF4DUaWL0TYmf2gYMN%2BQwYi4rUTF92tmIGqSUieyWs0uuruaWKNvOV0o4r4I4zFBfxpVEbexh9TddeyS4Ex7lWhghwd7XQmIOq669xUCT%2FUcAtmJgeuIYzHG3Vbb7y1lXqfq8cKSPNIvYdCXTq0pz3XLBWO%2B52vJkSS8yt48t1s4jJJpNDOe3J1pj7y%2BZxpVp4KPqquApxMlHxpPNhB3OkGzi%2FKC1VZwbx0eJPlcffQ4MhuvIX3%2BMczb6sKwh%2BusUCUmeqhaFAGrkOmFJdykdZ2SflbrrFT8bQ%3D%3D%7Ctkp%3ABk9SR-Sj8KWZZw
Ian Dury and The Blockheads : New Boots and Panties CD (2006) Quality guaranteed,,£5.23,Free delivery,11 Feb 2026,24,Great Prices & Quality from musicMagpie. 13m+ Feedbacks,https://www.ebay.co.uk/itm/381499620201?_skw=NEW+ROCK+BOOTS+PUNK&epid=59470937&itmmeta=01KK55W272YMDQRVV4DTM7DSHF&hash=item58d3263b69:g:EC4AAOSwruxbEWzx&itmprp=enc%3AAQALAAAA8GfYFPkwiKCW4ZNSs2u11xB%2FA4ExX0nMONICUar%2Fu8kR6wVFYBSJBki07bXK%2Fc2fLFYU%2BPjIoi9thF3wdGze04AtLsWiqY8J9avIUCUopcKZzUH%2FKqbfPVVMjXeEu%2FHvIENrcXDxQgtKBkuC4L%2BMJbyBKxJ7epxhtNRkt2lGSOibapQaQK16lQnbf7ccZTIQlHlZRPtQC4Kras6eDHPWuuF%2FWv3opZ6FpobOVJUErnuDlWMZ0%2BoKvJLlI%2Bbnu%2BwaffxStyFRAXsiIJpOebmlPOpTV3wtn7dedU8D9eRBtXiO9oYg3URiQcjnYJu4%2F4pbng%3D%3D%7Ctkp%3ABk9SR-Sj8KWZZw
Men's Leather Cowboy Shoes Black Tan Croc Cuban Biker Punk Winklepickers Western,Leather,£116.99,Free delivery,11 Feb 2026,24,Brand new ·,https://www.ebay.co.uk/itm/265239063224?_skw=NEW+ROCK+BOOTS+PUNK&itmmeta=01KK55W272CXPX2GJGN9MPFSRG&hash=item3dc17aeab8:g:leoAAOSwrtFg-Yex&itmprp=enc%3AAQALAAAA0GfYFPkwiKCW4ZNSs2u11xAfYhtbrFhV41QH2j6TpWIbwQxaVoz%2Basj2QufuIUIBJxDrVcA4xyJHkt7DT0AlbiTMk%2BYfhN4mJdq2cxA%2BW2TbP6W3%2BuZeekzlTK9T3xDGYHTFg3Sz6vx819YbIJagzF7rGojLf4CEe9S7yvteK4ylVDKgX%2BzIVXrtGwCCaDK4q5E31OupzjWvhSGKvIKf1Udt%2FARt3DWnzNfx0ur%2Bzi1jyE2AUYrj%2FlsSAJlFGx1Nd4rMdWnTQXp9FMII1AQA8qg%3D%7Ctkp%3ABk9SR-Sj8KWZZw
Koi Couture Black Faux Suede Deep Fur Trim Tops Studded Detail Wedge Heel Size 6,,£12.94,+£3.38 delivery,11 Feb 2026,24,Brand new ·,https://www.ebay.co.uk/itm/376921788211?_skw=NEW+ROCK+BOOTS+PUNK&itmmeta=01KK55W2726DWE4RFWJJHPV5VW&hash=item57c24a0f33:g:UtkAAeSwveJomGhO&itmprp=enc%3AAQALAAAA0GfYFPkwiKCW4ZNSs2u11xA9BW%2FQbH7GaQgjmMqPBQ4chq3epweReHfGcRp%2FAB0GeCftICdIloPeNZLTWRaltHNJsDJC7etpD0A7qLgc2MKCI8bmmJIcqpm3SAmDymwypPUJ%2FhuV%2BXbVycVq3D9jEppG5c7%2B0rfbC9PZdoSaSQQpOiP2AMxKZvd3OmX39GyVTKCr6pGTTBSj0a5NZJ3oval6AVNbhY1CjCb4gxpBK6qjVgDq5cWke9TKmSL41sjataO1%2BjV2BhFjMlSsX2cbLnQ%3D%7Ctkp%3ABk9SR-Sj8KWZZw
New Rock m.272 Black Leather Chunky Heel Mid Calf Punk Goth Boots Uk 4 Eu 37,Leather,£169.99,Free delivery,11 Feb 2026,24,Pre-owned ·,https://www.ebay.co.uk/itm/306751723687?_skw=NEW+ROCK+BOOTS+PUNK&itmmeta=01KK55W2721RE61PDYM8SDTVNJ&hash=item476bd3d8a7:g:O74AAeSw~s9pb0s~&itmprp=enc%3AAQALAAAA8GfYFPkwiKCW4ZNSs2u11xDiYdeHKzPJZ93cPPzizkn9c30gmaa8dtj9TtMma5yCS6X3iVfO8xKpDFGqQrRmjVO2olDdraCBttyI6VYBUFLtkIcHSGDXk1OLE%2FQbHnCSkojxMvi1t35e3V10ycuzfEQ1l3T%2BvGVx146x9VLPRODzlHRXDIbvS8cg1SyOhZ6KEkePHL43amR%2BnlOo85%2Fjrb5DykMQdSI4T1ndviPPkuRcz7i7CGNATYpnBd6bzvGfXPsKG7NMe3jjaa%2FtzMMmLy6IQ%2Fiw0BReWaM57j6cxq5fnmHCXQzcfhj2PU9U7EDdjQ%3D%3D%7Ctkp%3ABk9SR-Sj8KWZZw
New unisex metallic black leather platform gothic boots from Rock Boots 2026UK,Leather,£63.09,+£3.71 delivery,11 Feb 2026,24,New (other) ·,https://www.ebay.co.uk/itm/358189032005?_skw=NEW+ROCK+BOOTS+PUNK&itmmeta=01KK55W272MH9F0JYTVJ02FX7E&hash=item5365bae245:g:vMsAAeSwDkJpg68w&itmprp=enc%3AAQALAAAA8GfYFPkwiKCW4ZNSs2u11xDZ5YjtAs1PzqEUh%2BjC0%2B%2Blcm%2FDwShz17LumUODt6iHV88kcfa88AHz7IPhUyGX4%2BwZnAnBjoqe8yy6kak6teH28F2N53qhH%2F2lALnQd%2BVEwYdAbWWgPudsgvVKCtBnDilXBoGLOAktM0BnLmh5DL20mC6iS0P4WmcjjqxuKujfQvroN%2FVHQNYWbMCQ9e3CEwzq0g9H8GUe7Ri%2BMvtxCgnIhkvJQjqegfO4mYfgMBM9ZwdqyX7CK%2FnxEnXIAWVJGgBjeJQmaC5LQDe6bs07PTs2MRS6rqaTP9DzqbLs9OX5LQ%3D%3D%7Ctkp%3ABk9SR-Sj8KWZZw
IAN DURY LP NEW BOOTS AND PANTIS!! 1977 10 TRACKS,,£7.58,+£3.38 delivery,11 Feb 2026,24,Pre-owned,https://www.ebay.co.uk/itm/236611719391?_skw=NEW+ROCK+BOOTS+PUNK&itmmeta=01KK55W272Y8F5JVNHZ6X9YPSR&hash=item37172850df:g:JwEAAeSw8NZowu13&itmprp=enc%3AAQALAAAA8GfYFPkwiKCW4ZNSs2u11xDT58ch2lEW0QJ%2BgGj2aixvvVu8DC73us5LQfWEPfBptVFSqW%2FwX9ljlOi%2FjcYg5D5tiWZkcyU87xTkCmKKxPRHs0iLLHZHyBsl2FwPbiVg7dmRwGf%2B2MG3eePnRrNrCM9g%2B3TUVoXR9pfy7gtleMY0JoE0GOGq%2FEinFZ0CYiDPAdgqWuNZxGntZqleGtPCljMcOb6PXvtxyXo7mF3IM0xVr5%2BSH0UnR62v84ZoiQTQ3Ez%2FfnPhOYzFmh8BN7ZDh9VhCWYbR4MuBECjVMczsIaiauB50tD8I2kze28HziQ1IA%3D%3D%7Ctkp%3ABk9SR-Sj8KWZZw
New Rock Boots MILI083CCT-C4 Unisex Metallic Black Leather Platform Military,Leather,£219.93,delivery in 2-3 days,11 Feb 2026,24,Brand new ·,https://www.ebay.co.uk/itm/265702012371?_skw=NEW+ROCK+BOOTS+PUNK&itmmeta=01KK55W272Y25NMZN5T4V8YCTA&hash=item3ddd12f5d3:g:aWIAAOSws5xiiN1M&itmprp=enc%3AAQALAAAA0GfYFPkwiKCW4ZNSs2u11xC8a820%2BJz9TltJFvSoWymg4BHxMHC7Peo8yfAu%2BkmsuwQhmjn7UwXkf0u%2FMOC%2FrnmgRQ9x7Yhe4d5qlFUq2Nd3lCYUBKkIw2yLp0MSnDt2SHyV4QEwQmLNJKhq%2FRX4PfyNJ9aOo37R7sJfQKhgG%2Fhj6TSukzmrxSpbJdnrswh3wdMfGHamt8Fd70sPd0JYUDKUX4x0qYvXnQizL9tdOtjWPrsyqD5gfn94BxrrrLSxuG1gZ%2FAVRKCG%2BeJnYn45q9c%3D%7Ctkp%3ABk9SR-Sj8KWZZw
New Rock 7921-S2 Leather Black Red Flame Cowboy Leather Gohic Punk Rock Boots,Leather,£246.02,delivery in 1-2 days,10 Feb 2026,25,Brand new ·,https://www.ebay.co.uk/itm/254571099128?_skw=NEW+ROCK+BOOTS+PUNK&itmmeta=01KK55W273E7JQZGMP7QWT0BJF&hash=item3b459eb3f8:g:EUUAAOSwf5JiIOV4&itmprp=enc%3AAQALAAAA8GfYFPkwiKCW4ZNSs2u11xBRgBRud%2FKzCzv%2Fu%2FXYOj75Kuk8eqU4SZsEJ5GbimWiy7e9vnnqmlQr9ZgzoLRmPYWTk3Yutc8%2F9NVq4oNQyqOQlBeJfKZQncj7oWGKua7x%2FQED%2FI1KaxK%2FnQ%2BFWnEzDZXV%2BvPUwRcY1vWwLFCRS2hoh1R2kjDfTnNJeeLH44bfAWO4nENVg5dfY6JNXpMcmKuO9XX6kLusLhR7uVz5GB7q0Xhg0LhHtyfhKVyo62I%2FJWa55HJ4wIfQXW02KiPF4xJzODGT1fC5oQdnhPTQq1li9ScJ8NhpMsLPsN7fagghDw%3D%3D%7Ctkp%3ABk9SR-aj8KWZZw
"Dury, Ian & Blockheads : New Boots & Panties CD Expertly Refurbished Product",,£8.91,Free delivery,10 Feb 2026,25,Great Prices & Quality from musicMagpie. 10m+ Feedbacks,https://www.ebay.co.uk/itm/301753445217?_skw=NEW+ROCK+BOOTS+PUNK&epid=4035819&itmmeta=01KK55W2733KB33RTFSHF0YCCV&hash=item4641e82b61:g:s1kAAOSwgslbEPf9&itmprp=enc%3AAQALAAAA0GfYFPkwiKCW4ZNSs2u11xChuNI%2FgaG1HaEJs%2F0ILOR77cB7ZqvAB80H%2B4aQreq%2BQ3pcQ3BcxBBUom%2BdWh1yFwSRd%2FNG%2FFRxfmdHsBM97GE6hm0hd6VVsczsEHevXRVqoJ4IcZoCQvp4u3E2QJS9REVLa1zoi4sI2kld9v8vZYHsHlCzF2ua4H4KHZMImoScRgmonp%2Bo0O7IhG5Lyu%2FOhoBjkwauPsIxU1eFj1eOCNnEWa5I%2B0ziEx9AwNJRQRL%2FmL7AIE6GvDZUn0M6IYxkTYA%3D%7Ctkp%3ABk9SR-aj8KWZZw
New Rock Women’s Platform Wedge Boot Shoes Size 5 Black Leather Discontinued,Leather,£89.99,+£3.99 delivery,10 Feb 2026,25,Pre-owned ·,https://www.ebay.co.uk/itm/397471983563?_skw=NEW+ROCK+BOOTS+PUNK&itmmeta=01KK55W27392TV27AENT1TXY6D&hash=item5c8b2d27cb:g:J4QAAeSwjLJpXkgE&itmprp=enc%3AAQALAAAA8GfYFPkwiKCW4ZNSs2u11xAP%2Fyf6GBnO995aqN5%2B%2BTRmms5Q2VirKeHOyHljIXD0HZiINAFkGGgu05c75%2B8JAEfHpV4mhzgQZbe9nXjE2Ha7HiGGuSZmepMkK4T6v5CSONrcbbatQOOQX%2B8XyCXppyfm0levgxDDXDWKdkq1TTbFT%2FIafrnAIBcvWXAow0tSwAyZH%2FWAq%2B004T%2BKZMxme%2BAD08CJYhNpknsyIXDZ%2FoWfWt6PzQshW9O74Ai45kOucqUcAhq%2BX2VeTGXjARSZxU40rUCdtb4aiU2XHIomujo5q4FaVJnhS58uyHm0vdBXGw%3D%3D%7Ctkp%3ABk9SR-aj8KWZZw
Platform Boots Pink Patent PU Zip & Lace Front 70's Retro UK 6 EU 39 Ex-Display,,£29.99,delivery in 2-3 days,10 Feb 2026,25,Brand new ·,https://www.ebay.co.uk/itm/317668743752?_skw=NEW+ROCK+BOOTS+PUNK&itmmeta=01KK55W273SK3KVPYJG120S03X&hash=item49f6885a48:g:oXEAAeSw8j9pQsZZ&itmprp=enc%3AAQALAAAA8GfYFPkwiKCW4ZNSs2u11xBF%2BaPAz2Ub5CtfBl9F%2F9MYUAetDL4WgsYAt1sfuWKgJ0zFRTdXkB%2BmkMCtOZNfkgKRWXUpPUVwwJbLeJP3kIkRSKZ2xo%2BPhMA9GsC6QROMahA%2BVocqVraqXsmdvzeV5exIO%2FoelR1bAlty4LAxBPPz2Ae5%2FfAroICBRgDVd2%2BOQCZHEHg0Kb6dzMBr3J3TyYE9vCqpfaysW27TACOdsLEw6Cd%2F862J5r0h7Se%2FtnIZswZKiXqSgikISDw2p4Mh4AMO7tcVoLn0wHnOK7wM3ltEYKBj2KeBnyNf3MS5JrXGyw%3D%3D%7Ctkp%3ABk9SR-aj8KWZZw
Mens Leather Cowboy Shoes Black Croc Cuban Biker Stud Punk Winklepickers Western,Leather,£116.99,Free delivery,9 Feb 2026,26,Brand new ·,https://www.ebay.co.uk/itm/234099837228?_skw=NEW+ROCK+BOOTS+PUNK&itmmeta=01KK55W27336HJX5HT2MRH1ZA0&hash=item368170092c:g:4sMAAOSwbWdg-Yw1&itmprp=enc%3AAQALAAAA8GfYFPkwiKCW4ZNSs2u11xBfZbL3m3hLUsel3chxN7qgFtySvpNaUEubCGCLiroAxOv%2BTlQIgSeDXCgUkeQkd%2FEtGhszYLMhTCNRDsQcExRQK%2BcajGWr8DmOCsohiA1frOuoBa1jRXXEkXk65vUvLlH7r%2F8CFvS1k1JZMLgMqo36h8fD5dcMIGNQnGOErsR3iqcJIcavzIGtH36tyBL%2BJoX72Fd6bAhQ%2BmT7IpstWVVJ9jSRxJkJi9nGVBX8cDiiADdxjCCawxc9YzbE53yxwz0Q3maFneN%2FGMh72RY4%2FIbNaTvuEbdkHMe0MWePMp1Kvg%3D%3D%7Ctkp%3ABk9SR-aj8KWZZw
New Rock Purple Flame Mid Calf Boots Size 4 EU37,,£95.00,Free delivery,9 Feb 2026,26,Pre-owned ·,https://www.ebay.co.uk/itm/227162927694?_skw=NEW+ROCK+BOOTS+PUNK&itmmeta=01KK55W273Q3KKM7WD3DSM81N5&hash=item34e3f7324e:g:wGgAAeSwWZdpXSut&itmprp=enc%3AAQALAAAA8GfYFPkwiKCW4ZNSs2u11xA7On5dGt4KtUTCnXuRLEc74CoKsfHFN4N%2BcejidxbY%2Bi%2BYcomE44sJX5YZOeogH5WuqBiYwxUqsg9%2BnXNoKzOCUjYQiYztFPe%2F9qKbgMsCIktNBoSdA2gkcxqgkS9a20oua8MycbxkzxF7N2gaSjc9cUCb27dsruVNjUHnmr3ZIW06RsNCe1Hrt23%2FBlI%2BfgvGsjWHUIaJuOxTWjuyzinX5ixS0OFCCjqzThz1yE4bM22%2BeEqlm466RdrzFhO0K5bT1Fm0Ers4l2sEtggDkMjKk92iotw8PatPiJ3OjeJ9CQ%3D%3D%7Ctkp%3ABk9SR-aj8KWZZw
Shop on eBay,,$20.00,,,,Brand New,https://ebay.com/itm/123456?itmmeta=012DEW30YG0MEEKND7NH&hash=item123546:g:acwAA9KNiJowH:sc:ShippingMethodStandard!95008!US!-1&itmprp=enc%3AbgepL1tlUHjMGCVfSTGJh%2BzsVKeJ3CQk7NizDI4BZeppuFnmyS6Ijyp8lh%2FnEw%2BWqO7uTV1Q6izE1R0T54aV8j71F4xlWfVcGft4%2FiOQhtqVXA1rW6M1atPARQRmhqUxtEPJKhKtSFgI%2Bvwlzb0GwVCtkp%3ABlBMUObkmabpYw
Shop on eBay,,$20.00,,,,Brand New,https://ebay.com/itm/123456?itmmeta=012DEW30YG0MEEKND7NH&hash=item123546:g:acwAA9KNiJowH:sc:ShippingMethodStandard!95008!US!-1&itmprp=enc%3AbgepL1tlUHjMGCVfSTGJh%2BzsVKeJ3CQk7NizDI4BZeppuFnmyS6Ijyp8lh%2FnEw%2BWqO7uTV1Q6izE1R0T54aV8j71F4xlWfVcGft4%2FiOQhtqVXA1rW6M1atPARQRmhqUxtEPJKhKtSFgI%2Bvwlzb0GwVCtkp%3ABlBMUObkmabpYw
New Rock Black Leather Biker/Gothic Boots Size 39 Size 6 - UK Unique Statement,Leather,£52.70,+£3.38 delivery,9 Feb 2026,26,Pre-owned ·,https://www.ebay.co.uk/itm/366176628573?_skw=NEW+ROCK+BOOTS+PUNK&itmmeta=01KK55W88SWGVVVE71NP4X3SVD&hash=item5541d3ef5d:g:GewAAeSwBRppg78C&itmprp=enc%3AAQALAAAA8GfYFPkwiKCW4ZNSs2u11xBVuBuwyPzNwFU59XmKVVc%2BOw217NoEmidVpmRYkSPjM43xqYKwj99LeDC%2BulFvCx3ZJasj5sMavs8466%2FqIW9u1mxg86YYy1QSN60GreAp6eNo%2FDY0jesBaOlZ6BxZeZ0ghf6OJdBdkpdnXDhSPeS6nrST%2Bdq5T%2BFr1IAfcoFWeZg0EqoihYw%2BHHd585awsqt2XHQyLtZoJbSUEUg%2BuzUSwC8BifePLISN5y4nfVDebLPz2lm5psQKkNe9kZeraCrqb87NQ6LFWCqixSdXL0ABtjFYI4bvU9xcsK4rG%2F1dqg%3D%3D%7Ctkp%3ABk9SR86E8aWZZw
New Rock Women's Leather Mid Calf Heeled Boots Size 5/38,Leather,£78.70,+£3.71 delivery,9 Feb 2026,26,Pre-owned ·,https://www.ebay.co.uk/itm/147131765847?_skw=NEW+ROCK+BOOTS+PUNK&itmmeta=01KK55W88SHZEMBVMNR59179CK&hash=item2241bc9457:g:TeoAAeSw4U9pZNN7&itmprp=enc%3AAQALAAAA0GfYFPkwiKCW4ZNSs2u11xAbSqWrHACs51j%2F6N0GvTsfLXlQeV9owYyshf9MYyy5JS9VXHcKih1A1IyeBHHcLHmFxCKxsF55r0XIvjimsQRjLrPQOvMr%2FFwuLHqMgRVWQzeJuh5uaM0KfXLXHxn%2F6cskGkGrTlYygZSy3UOqh70iRN6gSopzC9PxxgSj0mCeMoFdn%2FbKFm2fYqyuDS7RDQLlKYU1x5iJJg96umR%2FVdoyUlps%2BJG4P%2FP7vaAZwAv0QAz0WDAucYR%2FO52DW1cQ%2B2E%3D%7Ctkp%3ABk9SR9CE8aWZZw
New Rock 7921-S2 Leather Black Red Flame Cowboy Leather Gohic Punk Rock Boots,Leather,£244.99,Free delivery,9 Feb 2026,26,Brand new ·,https://www.ebay.co.uk/itm/255313642473?_skw=NEW+ROCK+BOOTS+PUNK&itmmeta=01KK55W88S2TTZYQJ2VYCFJGWY&hash=item3b71e103e9:g:KJgAAOSwMbZiIOWF&itmprp=enc%3AAQALAAAA0GfYFPkwiKCW4ZNSs2u11xCeljU0b9RbwWBuCJj4QewCAPmWpBqG0Re3OdxTeP1shNCwWCyv5dPP1mMVu59CgWJgNXBXPhBstBGYtaCB43QzEHOKzbfNwT2y7uIlO4z%2F3gTLGGkxOpBSW6D7ps7nMckSBhrlig1hHPm45WwIul%2BX9zxoUktD4kA%2F324biZGhRAb4a09d5vGXsZsQ00hACH%2Fann%2FlLBDxOrYhCuv3pkVXB3kwVO01J2xfU8mULwOwsU%2BRKssOyV4ulzel7QYWOK0%3D%7Ctkp%3ABk9SR9CE8aWZZw
New Rock Unisex M.727-S1 Black Leather Boots Skull Chain Flame Reactor Boots,Leather,£211.49,Free delivery,9 Feb 2026,26,Brand new ·,https://www.ebay.co.uk/itm/264700838648?_skw=NEW+ROCK+BOOTS+PUNK&itmmeta=01KK55W88SSAZ5QEKS4FSVTN11&hash=item3da16642f8:g:-hMAAOSwXkViIQ6p&itmprp=enc%3AAQALAAAA0GfYFPkwiKCW4ZNSs2u11xCwarf4NqZOl9czEzmvafngQQWSVeFGJQ8X8G%2B3bRcwXq1grGuD%2BtLiokyLfyCSfkloNKUeEsh7MZb1llviaynKsGe%2Bl4ACORI0xjJQGtb0zPKdQZdg%2BA3zEoRburP6HogDXpEgH8TbLF6xyQE%2BrG%2B9RMShOJyjA33bZ3KjYCgtlzblX56chhC%2FuKNcJYqJ5kqB27odt5%2F4kW3kHvyR9Akp60bL2EC9qqC4qPaPhLwfnYNVw6%2FlcLUxCYFpeGpcI0M%3D%7Ctkp%3ABk9SR9CE8aWZZw
"Ian Dury - New Boots And Panties!! Stiff Records – SEEZ 04 NP, 1977 *VG* VINYL",,£11.08,+£3.38 delivery,8 Feb 2026,27,Pre-owned,https://www.ebay.co.uk/itm/257339978162?_skw=NEW+ROCK+BOOTS+PUNK&itmmeta=01KK55W88SBJ3P0360ZV1DT1SM&hash=item3beaa871b2:g:Fr4AAeSw5XJpf3sC&itmprp=enc%3AAQALAAAA8GfYFPkwiKCW4ZNSs2u11xCY%2BVkiT7gXRReSroWrcn0eaPXl%2B6q6YcNMSfE%2FrCu2WR17ZENULJez1qEnf15sdEiXpao8G1yLRE5w81fjhF45jNN4WdS9YDRLQ1AQLkRIXE85tv4ahr%2Fcnh4n6A2DH%2FqNPjn3gJJKQU7OrEFvuaS6y6VPSEKMldZuxcgnnU0cVXTFF89SUZO2tQ9HMEdzRcrrPbDnEEf9eqkkflkv%2F%2BKnplcw%2F%2BStmf5oftK1z5vqOzVk7f4KDjF0TRAQvlbRoPkgPFDD7owFuHfFjqxodzLA4UDK2DX4Zdjnt7zF5RyKyg%3D%3D%7Ctkp%3ABk9SR9CE8aWZZw
"Alternative Gothic New Rock Platform Shoe, Size 4",,£177.50,+£4.26 delivery,8 Feb 2026,27,New (other) ·,https://www.ebay.co.uk/itm/306741276958?_skw=NEW+ROCK+BOOTS+PUNK&itmmeta=01KK55W88SFAC0QHW509Q4CM89&hash=item476b34711e:g:sukAAeSwL95pfdPA&itmprp=enc%3AAQALAAAA8GfYFPkwiKCW4ZNSs2u11xCCq0orV5ja832U7YbzSueleuyr6XW8spkkhL9bE8H%2FdgpdSp4eP5Av2BaqnceqiWB7EFxYe4kL9oF89QZmD76awWhCItTPVdcW52JE6a0qZLCfG7TUegYjelBXFNwEqIia4TzDMmzaI6GeHi%2BVMrUMEw0ji1RRj1EnYZGoRmH%2Fs3scXu39wTxD9X%2FW54wqlDGADetVjaWz85uOxpiXee4q3ArgEhci0apZ6%2FPWTktHffFd99tYcGt%2BZaiLiRpe1jzcD9NL55v9zQJRbXo9ZnCUprvnOzEIzrJUPY3pPVb8cA%3D%3D%7Ctkp%3ABk9SR9CE8aWZZw
Ian Dury “New Boots And Panties “ 1977 UK 12 Inch Vinyl LP VG+￼,,£10.79,+£2.94 delivery,8 Feb 2026,27,Pre-owned,https://www.ebay.co.uk/itm/389590217864?_skw=NEW+ROCK+BOOTS+PUNK&itmmeta=01KK55W88SXMT6TKPJ1EY56H81&hash=item5ab562f488:g:bbgAAeSwCRdph3C7&itmprp=enc%3AAQALAAAA0GfYFPkwiKCW4ZNSs2u11xBgEU8Onf7gmdGkdtJuIMnP4DSeySrJMZlr1J6tjRZRB0A06YEYRGhrVmPmIcAEv6PhnMClw7Bp54q3uaQJpd%2FSGhI7K7AkeN8s4Nt0KgQNQ0nqGe0qBtn4fLp4lt%2BdbNGjSviXTDfDGpLHE0TSQey%2BdmVJCzcwt2Cl5cOYFtkHW2vaht8QZUb%2BlAEBIV0Dh2UMHYqVIXzRyn0GOEMuSKkVc4AZwk7sCx0WaPxJZjmUSk9%2FE%2Bq%2BfVlLYSMlpdmy0yY%3D%7Ctkp%3ABk9SR9CE8aWZZw
Ian Dury - New Boots and Panties!! - VINYL LP + Inner 1986 Reissue FIEND63 EX/EX,,£9.99,+£4.95 delivery,8 Feb 2026,27,Pre-owned,https://www.ebay.co.uk/itm/147129556569?_skw=NEW+ROCK+BOOTS+PUNK&itmmeta=01KK55W88SDQ1KV2EKFTERN37A&hash=item22419ade59:g:hW4AAeSwalhpfwsV&itmprp=enc%3AAQALAAAA0GfYFPkwiKCW4ZNSs2u11xCavvhhfiBuF6TtzSt6g7yuJ3Nh6KE%2BOJbKv4P7TLrqebGjtOE3I5GjPmq%2BiL0Mb5obJet4TguXKBxYBxAkFfyvyJd6fJ0rFJQkVD5M9EbbHSKTvxXfzAV0BZpPfgGBiBv%2BsK%2BVuCgKHySHg0%2B8HKPH8BAjNkqzIfCt6Bp5MFylgPw%2BjELw4avp%2FcMJXcINDNz1141BNxX9e9dJkdXjpY%2BbIEhjctnF5wk%2FpOSLX5avYyV%2BwYx6nIpPlf%2FM06RAFUg%3D%7Ctkp%3ABk9SR9CE8aWZZw
NEW ROCK M-391T-S1 BLACK & TARTAN LEATHER BOOTS SIZE UK 5,Leather,£120.00,Free delivery,7 Feb 2026,28,Pre-owned ·,https://www.ebay.co.uk/itm/236600992517?_skw=NEW+ROCK+BOOTS+PUNK&itmmeta=01KK55W88SX3Z4CYME4WKV9HDG&hash=item371684a305:g:TQUAAeSwemNpdpiD&itmprp=enc%3AAQALAAAA8GfYFPkwiKCW4ZNSs2u11xBiiYEL1ms7bIL%2BpwcT89Gc3szzinrEybivkP8x5fwnXQslemToDMPf2Z5rUnnkZXI94gyrQxQlBRsqZtj%2Fk2kz0fi7Xu2lVBsaT%2BJ3DEcD3xHjUPtRA7T0GZwWs6bzpqyQ36NNz1nAcr5k9pm27ThlSOpi%2BJ%2BxFBwa9VXhDNgcG925UNdMLZFV4lIoRLjM7ECVmBRZt9e98C7608U79pZ%2BjLlkELmrhnTmMvevgGg5pVg1PVRk7aGE1ZwKFtRsOXBTCtxYY41dG6vqjcGz9iTDh6SXwxTBQLC9Yrc7jgF3aQ%3D%3D%7Ctkp%3ABk9SR9CE8aWZZw
Dr Martens 2976 Quad Platform Gothic Western Americana Black Leather Boots Uk 12,Leather,£151.50,delivery in 2-3 days,7 Feb 2026,28,Brand new ·,https://www.ebay.co.uk/itm/397580977650?_skw=NEW+ROCK+BOOTS+PUNK&itmmeta=01KK55W88SMJG7R5EPF6RANMB4&hash=item5c91ac45f2:g:ygwAAeSwTPdphww0&itmprp=enc%3AAQALAAAA0GfYFPkwiKCW4ZNSs2u11xAPoW1s5zK4CQo%2FDnTD98tn4nzjm7purjY29H%2B4MhLq9ynVs7wKG7vysQ0r%2Brgf6fWCVPwpeXhiuYeZkbkaELMzoDE6FMbIH59Ny9WQlW%2FAuVBbh8NEdNzw%2Fy1PtxFdvXoFDYRod7CPDuyhF4B%2FiAmlDvw9OTNPzu0vLXFdMSxbm%2BCpt1RSyIncLCUjW9qQ9Guojqx9Zt7%2BroZa1fUffbRGtfq6mw%2BlXaFnEib8hwexYcca211EhQOvyfdZ3UNFENQ%3D%7Ctkp%3ABk9SR9CE8aWZZw
"New Rock Reactor Flame Boots UK Size 12, EU46, US13, Steam Punk Rock Metal",,£125.50,+£5.88 delivery,7 Feb 2026,28,Pre-owned ·,https://www.ebay.co.uk/itm/127657257859?_skw=NEW+ROCK+BOOTS+PUNK&itmmeta=01KK55W88SGSGHBYRMG2Q312ST&hash=item1db8f72b83:g:89UAAeSwOtdpdQL9&itmprp=enc%3AAQALAAAA0GfYFPkwiKCW4ZNSs2u11xAxVu0HLNAAo7JFDU1pU7yTrrtTGuaW2PGf5imZG54AWJspU7tx0HqOwAklgswkeQlT0GYcHjAOxMzL912HHRiFmtiIyhW%2B2CFkWyGM2T74eAn%2BHeIlafG%2FKmEoV7GakxG65kvq9TYHbSWMh7bpeQ%2BA0VOiyzmu2IYf5krLnkcc4QoafMFR8a8xXWCtJXUafDX2xeIE2p29lEqaGkHe8nNMelRECdMKPJmQb0y4g7twDjriDtTNteTwUR2f4f7cunQ%3D%7Ctkp%3ABk9SR9CE8aWZZw
Dr Martens Hero Backhand 1460 Stud Black And Red Boot,,£141.10,+£4.48 delivery,7 Feb 2026,28,Brand new ·,https://www.ebay.co.uk/itm/306741771825?_skw=NEW+ROCK+BOOTS+PUNK&itmmeta=01KK55W88S5SZGRV9TAVD1SJWR&hash=item476b3bfe31:g:LVQAAeSwajtpdO8V&itmprp=enc%3AAQALAAAA0GfYFPkwiKCW4ZNSs2u11xArPGyeOnW40hoNZb0sYtQyR4temMV1QXQ00VXEazix2pbfrtpIxKHaV7qWlP8RD4W8zpp8xWNswgEG%2FpjG6ki%2BDtOWkTihPHrouY1rnOyZCO11oaI%2FNby29B5tB60aNNUQT95c45nayn1shlixca1lfnGSY%2Bgl6Z8p56gG59aFXkj0CT1%2B1OqvbbdwU8urAxC2GjJaNa2dYWY%2BBQsVkJ0XEZ58fQjI5DuzwVH5j%2BGo5g09o1OhGfWL9FFLBhP94%2Fg%3D%7Ctkp%3ABk9SR9CE8aWZZw
New Rock Cowboy Boot,,£21.50,+£3.38 delivery,7 Feb 2026,28,Pre-owned ·,https://www.ebay.co.uk/itm/336425273896?_skw=NEW+ROCK+BOOTS+PUNK&itmmeta=01KK55W88SYKASM0JFJZT7FVGS&hash=item4e54824a28:g:6gQAAeSwiLRph08x&itmprp=enc%3AAQALAAAA0GfYFPkwiKCW4ZNSs2u11xA%2BSwq0dCNXXBH%2BKJNqzs5SQnpu%2FTshJevLuJmnu8HyCS%2F2rSLu1zVYZB%2FwfOv4PBObwx%2BJ5LM8iSY9kKpd2NeqESnNJ%2FjTWYjWZb7GtQOz4jjDHa8xzbTa3cuTDhW0WnjY4gSaX21fiNH0gQVnLfs3bszqJI7%2B%2BElhVlaDzePfTtVCq4eOhFtYKCkSiiQzDdhn1zRpK4BgdM52uRB%2BqBduXyswH1lgRMWWwyoe1y8PQSzpYOroWIWse%2ButMwmKZvY%3D%7Ctkp%3ABk9SR9CE8aWZZw
Ian Dury - New Boots and Panties!! (CD)Remastered,,£3.31,+£2.72 delivery,7 Feb 2026,28,Pre-owned,https://www.ebay.co.uk/itm/257299743354?_skw=NEW+ROCK+BOOTS+PUNK&epid=30634916&itmmeta=01KK55W88SGM2VDBXCHJHKS0MX&hash=item3be842827a:g:1TcAAeSwfBlpYADK&itmprp=enc%3AAQALAAAA0GfYFPkwiKCW4ZNSs2u11xCtvmyfpcn1eQxMMr54v5eqFUMoYB9%2FK0stgJnMleUzzfIJe%2BohAujU1znz6HMoJ%2F8Fxaoz0naV2JR6EOs%2FW6AipYtQRn7wLfog47qZqepfNLoguJwqMkilVdqxpk7jZ71ndhAvB8La%2FOl6JcEFMQLiTzPpY47WunWGUhlNEsBpYnJWIiXbE%2FiMa%2FulS2NckHbA9XRXYE5MC%2Bqhwc9lOsSgEg%2BvoP60VwO1yHhK%2BTL089gH1CTBlTCNHyfWJ%2Fq1HDE%3D%7Ctkp%3ABk9SR9CE8aWZZw
New Rock Boots 373-S2 Unisex Metallic Black Leather Platform Goth Neptuno Space,Leather,£184.49,Free delivery,7 Feb 2026,28,Brand new ·,https://www.ebay.co.uk/itm/255545825911?_skw=NEW+ROCK+BOOTS+PUNK&itmmeta=01KK55W88TA0DXEQWFNFQMVTT1&hash=item3b7fb7da77:g:a8QAAOSw60diiMBx&itmprp=enc%3AAQALAAAA0GfYFPkwiKCW4ZNSs2u11xAmh7WFTUn8qZQSY9l8ZAjk8XLpjpU6OyvzRVwzqVMLMup9MEOCo0t%2B6QqudG4DrRX9M51w8bVU756CdZ9VLVvd7t3SoetVGjnH%2Bt6hLZT8ne7nJYK7XlyKAlCvkRmEjo9v0HRp99%2FjRoBwtMShLibelKB1BMaGDzBI9NvuNVXlQ2ojCx9bQtMK%2FMPLyfs22rGXRX8LmGl6w8JUFqcFiy%2FJQfz2jf1UZtq5BQd6tkmecREA4L54CC2OBZ7v4gyTXeM%3D%7Ctkp%3ABk9SR9CE8aWZZw
Girls Childrens Low Heel Front Zip Goth Punk Casual Party Ankle Boots Shoes Size,,£4.95,Free delivery,27 Oct 2025,131,Brand new ·,https://www.ebay.co.uk/itm/203607076471?_skw=NEW+ROCK+BOOTS+PUNK&itmmeta=01KK55W88T3BWYRGMHY6YRN8Y6&hash=item2f67ed6e77:g:bkcAAOSwGw5hSZzU&itmprp=enc%3AAQALAAAA8GfYFPkwiKCW4ZNSs2u11xDkPROHvL795Y4ziH5orwduOUwy3MZ4gFNHNWfgB3vbvd9RLNBg9JG0UMc9szoc3rihy2xip2dNSGAb68i9u5VljZdMe%2BoRT6bTJmSzzNCbIRY84A4pvt%2FXymZsbBRZ%2BkVEPn9cyGsUDnmmKmKNHPTjYqGvBosg38bXueRRR%2BshzFAISYkuKx7ho1JK58jbv2JjS1ojeuPMbfibmACfxDOurKSj3Lp%2BihR3xTyV1pitTDqpO8AO5nUpR4Lhdt3RUB5tzfDfFgfOGje%2Bn3E%2BsLw%2Bkc2jZETbdRGAXMJVzEwdHQ%3D%3D%7Ctkp%3ABk9SR9KE8aWZZw
New Rock Reactor Red & White Leather Platform Boots EU 39/UK 6,Leather,£100.02,+£5.21 delivery,7 Feb 2026,28,Pre-owned ·,https://www.ebay.co.uk/itm/317306107455?_skw=NEW+ROCK+BOOTS+PUNK&itmmeta=01KK55W88TVSEF0NW78C6M1XJJ&hash=item49e0eaf63f:g:QRYAAeSwPohozWYd&itmprp=enc%3AAQALAAAA8GfYFPkwiKCW4ZNSs2u11xCiWmwDErthC5TP%2BU5u%2B5wQH5JaJTqFuimt3t3QYrp%2B3XzcH9dVOJc6phhWkzbTqHXZ5w5zUCVry9ReQ8EFUqYWL0Hhk%2FCHVLA6TuQ4FYeSY5gjowV8rmbxWTgpZl00BZ0fVjdLgZALRDzDg9dt3s1NxhTpfYAfktDsxtymavNrhTIvJbBwYHT%2FawzgvRXnrCczjm7YaVkBI0k156xv1TTXTrGlh3ehlxMH0MwptyxOb7xFtPrEOtbPNtkaEhdN7IYrFR8UcMtoigefO4qzcmqsBSEdFx7kRNxDgZquIrjllA%3D%3D%7Ctkp%3ABk9SR9KE8aWZZw
New Rock Neotrail Floral Embossed Chunky Platform Black Leather Boots Uk 6 Eu 39,Leather,£199.99,Free delivery,7 Feb 2026,28,Pre-owned ·,https://www.ebay.co.uk/itm/306332122814?_skw=NEW+ROCK+BOOTS+PUNK&itmmeta=01KK55W88T5Y71RF2XZQPWN9AW&hash=item4752d13ebe:g:KcYAAeSwB6ZoPUKP&itmprp=enc%3AAQALAAAA8GfYFPkwiKCW4ZNSs2u11xBCCr4d1OE1CgOMFiykv1usLj5U5UigB50A01XKNXO1rfr8lQ7ACgXGcDqgtFVpz4E2me4egxuKHs0tWCaLhiGTE5PwbXduU2wzRIu9AYPqevw%2Fj470B0EEhvURCYk%2FWojp91LjpBP29CUU101IW7ea18zDTZ4%2Fvhy52Efdisrir8KeBwv%2Fq1CwlsbPZAR91NSm8KgOgbwgagiI%2B0FGoMW2yn3Yog9CFNcpI615PUNvxsp%2BLGm03Mh5g7CvY1vdOR3gCZ0JEuSgSLu8MMaNet83ghCl0EtbT4G7rwY%2BJPirDw%3D%3D%7Ctkp%3ABk9SR9KE8aWZZw
New Rock style Reactor Leather Chunky Platform Mid Calf Boots Uk 8,Leather,£73.50,Free delivery,7 Feb 2026,28,New (other) ·,https://www.ebay.co.uk/itm/177635435659?_skw=NEW+ROCK+BOOTS+PUNK&itmmeta=01KK55W88TJGW41C4M2N0G8GVN&hash=item295be5a48b:g:1mIAAeSwwdppLe2T&itmprp=enc%3AAQALAAAA0GfYFPkwiKCW4ZNSs2u11xC%2B%2Fpd05yM9zBDwt41XCxGisjiqqKtENMSdXGgFU2mZ0JZhIxSfoAcTaeAXnJLtbzBWdx2Uc8ydwfgqG4TEfEje9cPRrz0htIOWZuJZ8keDnGvlE0h4n5wEq%2B%2FOb4ijY1RdtIUEmmvqZAAc8QIOFminLV%2FaFf54jbU99oMcBF7e2S1QcDk7E%2Fi4W4sIdKB1PEOL2ltVU5kydqhMOvlIo6ZMKFVqefRRavLzPBJhvrbiCg6RALPMZjiHrhLLwpcqajo%3D%7Ctkp%3ABk9SR9KE8aWZZw
Aquatalia Colette Racoon Fur Waterproof Boots UK 5 Black Made In Italy BNWT,,£52.70,+£3.38 delivery,6 Feb 2026,29,New (other) ·,https://www.ebay.co.uk/itm/366088442122?_skw=NEW+ROCK+BOOTS+PUNK&itmmeta=01KK55W88TTDH4MQQMPKP4NE18&hash=item553c92510a:g:peQAAeSwJwJpUjzF&itmprp=enc%3AAQALAAAA8GfYFPkwiKCW4ZNSs2u11xDaNwqxIZ7Cugt%2BKI6NItPoFURSxLOXlDfiCDBfFtEGEONuOQq7I%2BVAMe6yu%2BgydWagvryomqsaAA8aZx7AjwwbdHxEo4A58WksevJDdIaEDp2NRwBW1YvLVENmtyCwMAGA6mWN6rtXkGpPYf1WaFj4xT%2FaJa71N2W5mIHRhL6NPwVQJNlNjT9xggM06nv5ggpgEOD60kg%2FjJByBRN5GkrW3n9xMNtxpryXChoojHGD6Zaa%2FZR%2FHHEYHCgQ0qC4HDsauUJOXTpIp8ttoFOk0YCwUrdfAryaWd1%2FBlXdHa%2BVVQ%3D%3D%7Ctkp%3ABk9SR9KE8aWZZw
Ladies Goth Platform Boots Punk Wedge High Heel Rivet Buckle High Quality Boots,,£59.99,Free delivery,6 Feb 2026,29,Brand new ·,https://www.ebay.co.uk/itm/147088201754?_skw=NEW+ROCK+BOOTS+PUNK&itmmeta=01KK55W88TQRD61YDZHE267N2K&hash=item223f23d81a:g:xGsAAeSwTVxpZOWW&itmprp=enc%3AAQALAAAA0GfYFPkwiKCW4ZNSs2u11xBFUzmaZTYWZh1LBdGfpm6rJdPHOjcKfaiYWgo%2Bef16SkyRvjb0nh3zJ8eB9OhUEN3V%2FvbM0dOqhxsVPPPDrjO94Kpona3hWbnBYqzcjBa5oJhOQsmGlcxzWo9ywa6GjlD%2FjL00C21JlFxuCii3%2FMJyLsfrSqYTE5QPBtUn5GgwThF1LWQPuuLw5Bbevfz9HfRlEp0dk4zFcwzOvtZ1w1i9UIZHV8YYMCKSjSJzO9Hgz0jtPR2hpzvrK3oFCn%2F%2BPGI%3D%7Ctkp%3ABk9SR9KE8aWZZw
New Rock Reactor Black Chunky Platform Black Leather Boots Uk 7 EU 40,Leather,£92.08,delivery in 2-3 days,6 Feb 2026,29,Pre-owned ·,https://www.ebay.co.uk/itm/358173014244?_skw=NEW+ROCK+BOOTS+PUNK&itmmeta=01KK55W88TH2JG04XB82BCDNBK&hash=item5364c678e4:g:eE4AAeSwlv9pfOnZ&itmprp=enc%3AAQALAAAA0GfYFPkwiKCW4ZNSs2u11xAsfGihWosWOz8ds1Coq7VIsGLKstwbrxFbq8Qn8%2FEDsiSYvlbHRgVdnfooJvfvugRwqX6n4vkWNXoup%2BWlqLPvAIkVeODByXUYbeGUBwfH%2BPNFEBRuz0BLI9%2FtTlrqVZtOSicgz8JYAKqcgDDekbCvGCzPnhHugJT2QLaDPperrgvt1tp8zE3wxzTxaj4HbT60jzpjgOXIiLOJ9430rOqqExeNJquyI5ZU3EnvTsL%2FPr9%2BqPe1Y2eGIZyc7cChoZw%3D%7Ctkp%3ABk9SR9KE8aWZZw
New Rock Neobiker M-7605 Black Leather Chunky Platform Boots Size Uk 8 Eu 42,Leather,£72.46,+£3.38 delivery,6 Feb 2026,29,Pre-owned ·,https://www.ebay.co.uk/itm/168127856874?_skw=NEW+ROCK+BOOTS+PUNK&itmmeta=01KK55W88T9MTHJ5ZH5VFSM2Y4&hash=item27253380ea:g:gVoAAeSwrcVpf6vT&itmprp=enc%3AAQALAAAA8GfYFPkwiKCW4ZNSs2u11xBb%2BSPcJAHr5SJyAZrMcF0ZaqtTa6XVg1%2B%2Btlbxt9pNN281A38%2BjVKB50DsnVj84ILS51VbaDppH5JABByO6VCIjsdPGN0G7YRG0AeUmTQXEtF9WaVr46vXW%2F1lVqIuB76D8AQUFxQJI8vajE8eWY%2Bv947zxVgJf76svbcWREk94WaBvHpJ45xAXfTdjZYuMyJu3u96z2SfCiuk1jIothnV%2FFQhC5%2BiorzNsWzDHLnhmxsUVUSvAGo1M7FxoIWPpvJEDvsRQeTpF9KwYWFFbUEVwVyCl%2Fnot3j2O9YHa48Vqg%3D%3D%7Ctkp%3ABk9SR9KE8aWZZw
Men’s New Rock Reactor Boots Eu 46 / UK 11.5,,£172.30,+£4.66 delivery,6 Feb 2026,29,Brand new ·,https://www.ebay.co.uk/itm/198027927068?_skw=NEW+ROCK+BOOTS+PUNK&itmmeta=01KK55W88TK5TYJ93ZTB7YPNYN&hash=item2e1b625e1c:g:KN0AAeSwgNJpZ51w&itmprp=enc%3AAQALAAAA0GfYFPkwiKCW4ZNSs2u11xDcqpz2P5ayt6gDBdAgDOnmfc3bxyYd7L%2BuXLFqmv0Bg%2BBlUiqgARIugSFx2p4CHuu4Yp1hhWHg2nJylM63wZqbdYGuEE%2BPPRg4KWz8xHyJK0tuNy5J01eJ5kN8YreLVlKcvOLV4mlliFIZRG6GPtDXylXd5ZX6oBarerFaVX3ShtY2%2BENkrCPKPadhSJ8ByAyMS6cBZx8EJJguscdch%2B1o%2BJzKBqBooWZt6tabTO3uoHto76PZnNNcCqrgjI54%2F6Q%3D%7Ctkp%3ABk9SR9KE8aWZZw
NEW ROCK TR003-S1 Ladies Metallic Black Leather Biker Heel Goth Punk Shoes Boots,Leather,£179.99,Free delivery,6 Feb 2026,29,Brand new ·,https://www.ebay.co.uk/itm/255313494133?_skw=NEW+ROCK+BOOTS+PUNK&itmmeta=01KK55W88TS7BQEQY8QNCJHNJ6&hash=item3b71dec075:g:JTYAAOSwYL5h1Fz-&itmprp=enc%3AAQALAAAA0GfYFPkwiKCW4ZNSs2u11xBbiN6FPpAVodHSFsEwIl5JZsUYXy6%2FNM2SikrFVGcgnIlHzFRZID%2FK3wEuGwkJwZJM7yA8EjR%2BoWa8Kp0hGTFoSP9W82p9pr4hYF2%2BcW75HO1Tw%2FJtn14oDWHCmYkpTf17Q3ywcRdzBHsIEu%2BVq2BuGN%2FrDg1dAhcOFWkb8l8BxADYIfGAzU3mVQFiD7piXKKLvYIDQF1V0zovrB1FXg2s6dxCZpa%2BpWeG%2BaRhGN%2BXeDyN6rJIzvRuffx2Q6dXkJ4%3D%7Ctkp%3ABk9SR9KE8aWZZw
New Rock Boots M-272-S2 Unisex Knee High Metallic Platform Goth Neptuno Space,,£249.99,Free delivery,5 Feb 2026,30,Brand new ·,https://www.ebay.co.uk/itm/256865631657?_skw=NEW+ROCK+BOOTS+PUNK&itmmeta=01KK55W88TX05VKTFR4FWYVCXM&hash=item3bce627da9:g:yawAAeSwV4Nn9ZU1&itmprp=enc%3AAQALAAAA0GfYFPkwiKCW4ZNSs2u11xAV%2B6SzqYudY7kCytK5Y%2FDHd6Zl2SCmu5mGArPcsVqL%2Fm%2FoHyuIsHAUIp%2BOjBZTi%2Bpp3tsVL9wUXPfEkRhPOWUTi8MqaoB3aUyapy--LmhAZwlFrxYg2Y5e9LeQ4v9QI%2FL3B4NzfFfWIO615syn5I0axt6VT2EovWj6817lGK7ynKA4iDnY%2Fc8gjrxM1EhJYuHdXv%2FT43KEFCAibEq75WlDfnjAmzoPhW%2FWfu1FZEOfbuYSwt89%2FvF4LXadtMhBbGk%3D%7Ctkp%3ABk9SR9KE8aWZZw
Cipriata Ladies Biker Boots High Leg Faux Fur Autumn Festival Chic Women Shoes,Biker,£37.99,Free delivery,5 Feb 2026,30,Brand new,https://www.ebay.co.uk/itm/317482689504?_skw=NEW+ROCK+BOOTS+PUNK&itmmeta=01KK55W88T8MYNW5KKENX7WV9S&hash=item49eb7163e0:g:4cgAAeSwFTZpA1hW&itmprp=enc%3AAQALAAAA8GfYFPkwiKCW4ZNSs2u11xBwkJ7K%2FOVFK%2BH8E%2BCtkaHN1apFvLwZohW%2FvjSddcIQdfC6ngT9Kiw0TTjhmcrh%2FndtRHMgoHqKI1qSKHuYfEW3wGQYpDeJaMnKTjChEn9xHYbikDLkAlz4iqu6vPWgV8xH1ovSonAZAMoaG7bohlqqV5MIyYng1qOBT547I9klyzaHsqdOxpK2YCxhgPeApNIT%2B1xrJ0NJ%2BZvu2gNlYYtDPRmFyMuSYPryKp70tsu6YQVBlaozC8JwxOtj0%2FDYPPxnfYufoVRPwHVh%2Bm%2FJwtmXLVozasik0EXyRBfKL%2BJ%2FRA%3D%3D%7Ctkp%3ABk9SR9KE8aWZZw
"DURY,IAN : New Boots & Panties CD Value Guaranteed from eBay’s biggest seller!",,£6.55,Free delivery,5 Feb 2026,30,Great Prices & Quality from musicMagpie. 13m+ Feedbacks,https://www.ebay.co.uk/itm/389363513100?_skw=NEW+ROCK+BOOTS+PUNK&itmmeta=01KK55W88TMRK1DTS5F47FYTC6&hash=item5aa7dfb70c:g:ULsAAeSwyShpO-Mm&itmprp=enc%3AAQALAAAA8GfYFPkwiKCW4ZNSs2u11xBMiEKbvyiKoOoF5Y%2BO0crMcg6aPfHjBQp7BjhQZg8oywtnRPkQmBPkN6BLIvG42fWGwQPhSL0LfOSY6sPf7hvxv2SXh26VBSehe3HDNlcogIQeVsPA58nExlIrbHjQ36LHdkDGPoUcrP9U2HMAtMf%2B%2BlxG6NtzPlvk2J3AAhUCjCfe0%2BC80gK3f47oEy40lEnKkqAZG1EuJkzytdBPbjSwcpDLnehFxIeU11IpJiRjLL4WFlmff%2BeY5MCPJrsFzjwWUZsKYh7RVuUj8Xmxr0HVWWIWpeUmiC75UblKTTzQ6g%3D%3D%7Ctkp%3ABk9SR9SE8aWZZw
New Rock M.373-S4 Metallic Boots Black 100% Leather Goth Biker Emo Fashion,Leather,£229.99,Free delivery,5 Feb 2026,30,Brand new ·,https://www.ebay.co.uk/itm/255313354730?_skw=NEW+ROCK+BOOTS+PUNK&itmmeta=01KK55W88TJFVR3TZDK327N23X&hash=item3b71dc9fea:g:ZTUAAOSwLLtiINzd&itmprp=enc%3AAQALAAAA8GfYFPkwiKCW4ZNSs2u11xAjMnA%2BlfSMr3gpMm3Z0emwWQMEiFIqy3KDPk16jsyz%2Bv9jQldWfRmvOI1Xq2Ew9Ve4SCaNXu4HFYCBd2UuHiik3DIyRHlw3iXwYugrvNXt1%2Bum2xu7SGcrOqLc5QHEUofd9yVSK2%2FBuddujN9YdKt3o25CPFtXeOcS0XkppMgoIWEPEMi5UcylyFGUFBKdiNOGkgQjjZ3N5QL5PlW0JA%2B8CAI6OIc2EsYKqyIlv8AYUbPAWHi05VKUodetXH2nuPZC5eeVBCPESeQOiLCiSf2u0Tmu5m1fNzvNiSwLvwSqRg%3D%3D%7Ctkp%3ABk9SR9SE8aWZZw
New Rock M.8304 Skull Flames Chunky Heel Black Mid Calf Goth Boots Uk 6 Eu 39,,£187.90,+£4.26 delivery,5 Feb 2026,30,Pre-owned ·,https://www.ebay.co.uk/itm/168115598202?_skw=NEW+ROCK+BOOTS+PUNK&itmmeta=01KK55W88TW0T6FTFW6G1HXZHP&hash=item272478737a:g:2gkAAeSwKGxpeN86&itmprp=enc%3AAQALAAAA0GfYFPkwiKCW4ZNSs2u11xC%2BP29qEuTaWRpA5EC%2FIKNU82hfvFsmeo6aKe9uDiYz2XL1X8GFCxVmsvq49%2FEvLMqcrt6kp0vG8aa%2FgRVg%2BqnR5mXx1efhvV17nGUmWHZvSmAdI%2FVuSqj1%2F2ENP1BGNpsvMZllqdLoEedaf47VdL3x286ZMIsjB7cJ1YzrIFs%2BSPNy4c5AxOiBlfUICfVTKCKeCv8RlN1pVJYXJ2ZV9ryJNS40aEPjrol6VF72AptfYWZiWefAMRQ1cWcz74Co%2BQw%3D%7Ctkp%3ABk9SR9SE8aWZZw
Vintage New Rock Demon Reactor Boots. Size 6. Black Leather. Worn Condition,Leather,£52.98,+£3.38 delivery,5 Feb 2026,30,Pre-owned ·,https://www.ebay.co.uk/itm/117018689846?_skw=NEW+ROCK+BOOTS+PUNK&itmmeta=01KK55W88T08CYT7S0ANDYJRVE&hash=item1b3edb8136:g:j9kAAeSw0m9pg03R&itmprp=enc%3AAQALAAAA0GfYFPkwiKCW4ZNSs2u11xDn3MyENLY1nIEgTg00kwK5iE0oH8ei5Ip57wg0Uz780Bk3G2HYiJSupa9dnAdJACJqu3ID2AYmE7PTLnhnUK213oKoISgiQXzEYNwHVLejuZh1dvY1QfjiCSGi%2B817jb%2BK%2F5ZsRu1pi5tHztrMnkqunXqiCyW9jdLRv1WowRq7qatyzzayvNZhKOQ9kn7WRw0amkhqayiVgtv4AUUPZr%2BW3xGvWK5N5VzP8FOPcWiDthIQcMQ8PCLhRLfw8yQzBJI%3D%7Ctkp%3ABk9SR9SE8aWZZw
Ian Dury - New Boots And Panties - original vinyl LP from 1977,,£10.79,+£2.94 delivery,4 Feb 2026,31,Pre-owned,https://www.ebay.co.uk/itm/137006456169?_skw=NEW+ROCK+BOOTS+PUNK&itmmeta=01KK55W88T5CGG8PGBWCBW2YDS&hash=item1fe6389d69:g:DMYAAeSwHIdpgFbY&itmprp=enc%3AAQALAAAA0GfYFPkwiKCW4ZNSs2u11xCPkxcMe4SPliXRGfT4%2B8dp0qsZGEuYVVYdmlFib4LXf5btgU7Cl%2BejOUCsRtdWrYC8z5xUOiQDyXv5bC9INKbsxdpqOqNn8U3I7hZVITpYo3x1DBtWBQGdXTFmvupwuPbsRIwngrhNDJttap0DbT4bEhe6pwma8gt3c90BOqsHiemphSGUpGlYAZGSTRLMyt4nkN8vbHJc7sWre7Fj%2FavH1V9%2Ft9q3ngMr4BuvPVDvjEPAMHe%2FpmqNYeKQnKw89%2BA%3D%7Ctkp%3ABk9SR9SE8aWZZw
IAN DURY - NEW BOOTS AND PANTIES !! - UK LP - 1977 - SEEZ 4 - STIFF - PLAYS VG+,,£10.79,+£3.38 delivery,4 Feb 2026,31,Pre-owned,https://www.ebay.co.uk/itm/167284290010?_skw=NEW+ROCK+BOOTS+PUNK&itmmeta=01KK55W88T0WB0WK26SPFK1BQM&hash=item26f2ebb1da:g:v8cAAOSwXdJnm54z&itmprp=enc%3AAQALAAAA8GfYFPkwiKCW4ZNSs2u11xDfNxqLpdtIY2u7OKR4NH7smOjW8vmPVNTaHvTXDcXQVPmF%2BmWBskKDuKSTmITWlsfwP8eTTVudx6cCnNoXgXTSV9CqBIB57fIadVH3RHdXjGYXPInzg6Dv4zzyJ4TdYfVb19Nrk%2BsWDA352qsfwJf2kPjkhZZ8YrSrzmZ6NKVlcv6m%2FvS5rS3zOAstwDbjmt53xzW9SbpjB%2F23tfgYZiO5N1lPVz7%2BeaijrFotmH3eHstSqhEodV2hnevzvlZIUYxIPanl%2BKuJfCElGsY8BtXSELF2%2F4jrGnjrpBq5L%2F7bsg%3D%3D%7Ctkp%3ABk9SR9SE8aWZZw
New Rock M-BIOS101-C2 Unisex Metallic Black 100% Leather Sandal Punk Rock Boots,Leather,£150.00,Free delivery,4 Feb 2026,31,Brand new ·,https://www.ebay.co.uk/itm/166779598782?_skw=NEW+ROCK+BOOTS+PUNK&itmmeta=01KK55W88TMJDHMDXT5C6YE3YC&hash=item26d4d6b7be:g:wI8AAOSwhIdmTuGX&itmprp=enc%3AAQALAAAA8GfYFPkwiKCW4ZNSs2u11xBtuGSv9T%2FfkWNPEm8MT6OaBnNwEC0s5pAoCwVybB72V%2FxoPkov%2BhSkQ3awb%2Fy0mePa5ODEw1TtLR9rl87MOpGld8SoRPL01CC0nBqq9OBAiIKgQ7x3MC012Y9YeTt2%2FfR7NJrqJAY6q1StiyI%2F9Ni%2BVL3qU99RLzWSF4WIfPMxJiZZ%2F1OLRhJxVxi8FidtJgtc5ntL%2BYtWZ%2BdkxGab7bQ5lPgvkDW1Vj5ZmMR0cEIxPRNR%2FtcObLHApJD7khVt701Iz9wCL782Pc6Xl%2FtOEg2vpJuD8FAf3kipuBewaGx8qA%3D%3D%7Ctkp%3ABk9SR9SE8aWZZw
NEW ROCK Brown Leather Boots. Good Condition Size 9.5 Euro 43,Leather,£47.49,+£3.38 delivery,4 Feb 2026,31,Pre-owned ·,https://www.ebay.co.uk/itm/188002187830?_skw=NEW+ROCK+BOOTS+PUNK&itmmeta=01KK55W88VQDQC9E841K2NHG61&hash=item2bc5cdba36:g:EmsAAeSw4VRpMHD~&itmprp=enc%3AAQALAAAA8GfYFPkwiKCW4ZNSs2u11xDt7x5J1ivuSouKNVjm0OpXsn1Iico1eQP4mq03113hZwTWbSndXO%2Bs%2F%2Bj%2Fns0KxlK8fsH9IYht278e3F6pOwt0iqzdzqSosTck3Pg%2B%2F0z5nsUopt9wu2y1S2R827Jyxh6%2B5fgLeQvw3k4I4z2%2BxRdzIENTAryiFzQ8Sky752EdvipHvtWGdkHl5yGFxED4qkaPfLyQ6eGt%2Fo87w3CuctjQynQLyN5JxQByVHQloxG3CrzY17b0%2FwLC7mylq%2FZdaW4FHiEyTHTjhbI4PkddMsbgxWfaYmqOtt74S52GYBZ7gg%3D%3D%7Ctkp%3ABk9SR9SE8aWZZw
New Boots and Panties!! by Ian Dury 1977,,£5.00,delivery in 2-3 days,4 Feb 2026,31,Pre-owned,https://www.ebay.co.uk/itm/257339772867?_skw=NEW+ROCK+BOOTS+PUNK&epid=2323299551&itmmeta=01KK55W88VEG9EAT4JBQNQJYT3&hash=item3beaa54fc3:g:5GAAAOSwxjph~q9J&itmprp=enc%3AAQALAAAA0GfYFPkwiKCW4ZNSs2u11xCnGhbKSuNI4xbEY5EX46p4YTA8amhyPgVKoVPQ%2Fjeg9Ziwum986WChcATcN4YFqS2c34CH76IwZEjTd0gtSg35o%2FARFLL7UDChpjIaWcrLyXHX2i4IPEIpO7D1uHOpTiuFsZSIRuKnS56lHArMaMQ2sC9B9cTbeRa76ZeFGngJViOs5HtN11WcJ6xxq25zw5Hpc6eYV9GLBgG0tRarezdEF58p9LnHjD9JYH746fa3zntsLzejR3jS8XQUm4zW4uA%3D%7Ctkp%3ABk9SR9SE8aWZZw
New Rock 106-S1 Unisex Metallic Black Gothic Classic Leather Biker Boots,Leather,£214.99,Free delivery,3 Feb 2026,32,Brand new ·,https://www.ebay.co.uk/itm/255594894081?_skw=NEW+ROCK+BOOTS+PUNK&itmmeta=01KK55W88VVS87CV2K6AWHCTYN&hash=item3b82a49301:g:8qYAAOSwtZFisvWQ&itmprp=enc%3AAQALAAAA8GfYFPkwiKCW4ZNSs2u11xDEqupRhB9Oj%2FBDNBQeHrbbc7we3mqgVeoOc3ywT4IN%2Foj3cMNTZ0eDatMt6%2FTZMe5h11AQivtU7NwNrOHYTf0hhx%2F2KMS2d0v6ORB7JynSu267R6pQXeIx4SUuj6YtI%2FVOz3I0P8BZLRyPjHz3Zfb6FkzP2hXKgFxV3tHwhFkx2Q7bQifVZaZpb1O0tTXfqsz%2B4AzqrMTVgX6n%2FlT9VEflycZkt8%2BN%2FQCOy7dUEM3rlZf7pXckjVJsGv6Km5Y3j5cvwOTG8AcyUtzAHmHI6uJPLfrz2SZLFACXdhK69dqh3g%3D%3D%7Ctkp%3ABk9SR9SE8aWZZw
New Rock Black And Grey Boots Size 6/7,,£63.10,+£3.71 delivery,3 Feb 2026,32,Pre-owned ·,https://www.ebay.co.uk/itm/287090634740?_skw=NEW+ROCK+BOOTS+PUNK&itmmeta=01KK55W88VGVBCMWEKBHGP1234&hash=item42d7ef6ff4:g:SRkAAeSwPkhpcMTk&itmprp=enc%3AAQALAAAA8GfYFPkwiKCW4ZNSs2u11xCUuYRN1H3KahJ4P%2FO%2FmkaHoNb%2BuZfsyMzXO%2BvtDc%2FhFwIBmTSl%2F85mpTWCn5N5933GDmRIx%2BgIE%2BI2s1KRKALwqr5ZV8RcYuI4S035Uv%2FlDoauzJrMDoVfjX5veYsZBsI%2FzZaqusvSi77ACTaBefvNGRPQwF0B1z6GOPqRGMvo7mwmd%2BFBiB9vlJft4skJYswR5ExmBXdWQQ8Agb%2BpOZeV8aFYKCbva7ckWd%2FB%2BGDUOuz6fw24RhMcxKcFoGMWIKm7xJpnDI1U02Q1fVekiDPGy39Hkc2L%2BR5ygc0OgruhuA%3D%3D%7Ctkp%3ABk9SR9SE8aWZZw
NEWROCK 373-S33 Ladies Black 100% Leather Boots Goth Punk Emo Rock Biker Boots,Leather,£204.99,Free delivery,3 Feb 2026,32,Brand new ·,https://www.ebay.co.uk/itm/255313350316?_skw=NEW+ROCK+BOOTS+PUNK&itmmeta=01KK55W88V2A0XWF7F8KKYHHPY&hash=item3b71dc8eac:g:d2MAAOSw9eZh1EVY&itmprp=enc%3AAQALAAAA0GfYFPkwiKCW4ZNSs2u11xCk6V3ULzrKfCrH%2FxS4kdlRt1MOz5xXajN1RR4vL%2F7OIw8c8BfFaEx2LWIjG7zPjTBOjb7%2BwVmVqEopji%2F4Q2OdcxjNwLi1BMAG984OL5doZFtbv9%2FlA331NuKDSG2L7ZwTBv1SAirvambvKinlT5hf1lZ8Ro40yAklS0dY%2BwYQ7wanB9Uk7jWIDO9KCj0RFpDw%2BRnyZIbXD9vrQ0vM%2FjZCOrBtC7FFx8eJDe3qHHQReVvaHYGr4T0Rrwwbs17UTfo%3D%7Ctkp%3ABk9SR9aE8aWZZw
DR MARTENS DARIA BEX BOOTS UK SIZE 4 EU 37 US 6 DOCS PATENT 30797001,,£120.00,Free delivery,3 Feb 2026,32,Brand new ·,https://www.ebay.co.uk/itm/167696162578?_skw=NEW+ROCK+BOOTS+PUNK&itmmeta=01KK55W88V65DPHVK3XJA3JTPE&hash=item270b785f12:g:E60AAOSwFj5oKNjl&itmprp=enc%3AAQALAAAA0GfYFPkwiKCW4ZNSs2u11xC4myP1qqS%2FyVIB%2Bb57d74zyjnQHBTupvhdlh95hthvwFrbOXN6KPBOHWEXb4mC72cxP%2F9EwPJywkYj7i2ebatb9zpVfL4WCoO1pMZ%2BVWyb1R%2B0pzoFVBMd8%2By2HlHOKR%2BBHX7oBUaq0KGfJdgepOkV1fVLKPmSwGIwIPriXw%2F%2BJ%2BHQ%2FPOxyW%2BB2n%2FaGySImrilZutbRXzz58WJDBPIwShskpRW3nlcL%2BgYmNYfcbhj%2FX8nSzBGH026W2zRk1c67W8%3D%7Ctkp%3ABk9SR9aE8aWZZw
JEFFERY-WEST MUSE Black Suede MANERO Zip boot UK 8,,£79.00,Free delivery,2 Feb 2026,33,Brand new ·,https://www.ebay.co.uk/itm/406654050400?_skw=NEW+ROCK+BOOTS+PUNK&itmmeta=01KK55W88V8VR3HEBV3QKV89ER&hash=item5eae786060:g:H14AAeSw431pfPcP&itmprp=enc%3AAQALAAAA8GfYFPkwiKCW4ZNSs2u11xDEBdGZSRqocwt2OVr4RXV%2FEqdRVf9Ax6wHnWJZzm%2B7xcq4G4CM9CjT3ZWjHySqntumoaaK2DMiHHjfwyf0lPqn21ON2BEieQIQW6YZOHvXj0rOUGW62o9MuOPxE5WRuWbColE7glbvhUSKjbPGVhIkXO%2F7bMSGjn83%2FiS%2FqT21IAiiNTkEmkia5DOenhF9P0UQQoOVjN%2BvfGNayDlPWAJBsRQD98P%2FriEs9JpWBBogNOYIZrmP4ZKyMejQvmujY5MCFJNNNDRWLJExokc%2BlMJPj%2BNQlOGYCzo1K7P%2FX%2FzTqA%3D%3D%7Ctkp%3ABk9SR9aE8aWZZw
New Rock Embossed Black Leather Buckle Boots UK5 Good Condition,Leather,£49.58,+£3.38 delivery,2 Feb 2026,33,Pre-owned ·,https://www.ebay.co.uk/itm/336417625305?_skw=NEW+ROCK+BOOTS+PUNK&itmmeta=01KK55W88VBYZEFYYR1BHNWPG1&hash=item4e540d94d9:g:FvoAAeSwl2NpgKsl&itmprp=enc%3AAQALAAAA8GfYFPkwiKCW4ZNSs2u11xCCa0bYqriW3%2Bi1LPdfb3o7Km6oRfSRUhj65PVmH%2FwP4vZt0Jf6Ln9e%2FY8Ghc9SK9UFYc7k48XwHEe35I4nfK6b1mKCUXH72IgjoHS0l2W54zHXKeeqQubPIXTgmdMMgTmLxJ4s3CASgth1pAxMuDvWy1lYTtlfRom5Ys90P4Yq8Wq6Sa%2B4J9OT6bmF16CrEjXmnMdiXGYLWlT%2FLx7SpUNxw0iPls23GKUkHHGCp4NOD%2BdI3Hzmvm%2BzSF1BFOcAVOXolSWObTXUKUw7y4dKwjnCMGERRaafST1BFCqn%2BjGl4A%3D%3D%7Ctkp%3ABk9SR9aE8aWZZw
DOC MARTENS BOOTS PUNK ROCK GOTH RARE QUALITY ENAMEL COLLECTORS BADGE,,£4.69,+£1.70 delivery,2 Feb 2026,33,Brand new,https://www.ebay.co.uk/itm/287092512329?_skw=NEW+ROCK+BOOTS+PUNK&itmmeta=01KK55W88V6RQDD8JW3FZJ4NWN&hash=item42d80c1649:g:KJEAAOSwV0Jk~2nx&itmprp=enc%3AAQALAAAA8GfYFPkwiKCW4ZNSs2u11xC5CCc1GwORdOhm19m5RXaX8CnvFPnpq%2FPpu61%2FX6uPuidaENSvThscFtpH7jt6D3fnyH%2FXcQwNkDnXm1wb2Q%2BFSIWz1VI2YIN7u8M5ISmNnPTmjr6q55c1Yuwm7O%2FaL70t59WBKn%2BX86MkVONzBnDyiF2Q17XGYKTGnUhQ8rVWccIQ6nbkdwNsyBa4FAPhjZiGxXG2MG0so58wWN6EGrqaV66fPJUteVnHwZitZdWIbv5QzxuyJdwUCGK7XBnuBf0etXHUOR0sYFw2GO1vIZ5mca00SMx%2FIKJE39n9pm6iqQ%3D%3D%7Ctkp%3ABk9SR9aE8aWZZw
New Rock M-TR005-S1 High-Heeled Ladies Black Lace-up Knee High Boots,,£199.99,Free delivery,2 Feb 2026,33,Brand new ·,https://www.ebay.co.uk/itm/256865694395?_skw=NEW+ROCK+BOOTS+PUNK&itmmeta=01KK55W88VM8MK3D5BMVCR8MK4&hash=item3bce6372bb:g:6pcAAeSwrexn3W0o&itmprp=enc%3AAQALAAAA8GfYFPkwiKCW4ZNSs2u11xBW4SG%2BWBKPSxbAlCR%2FFP6JxcYKImdWlx2ZWXBX2ya2qvSGZFh2gCo9oH%2FBMbP%2BcdbzpfgOCJEguNodjdLldJkjmMrWzHHcuPLvMr6S9ONaHoN4gLcL0cnlN8E9bUgTyeXJuh0G74vGWATuXDOMtZhOmHuX%2BlJc0kQ8K8eo9Pz50VUc3FDSpS1%2FVdGe%2Fp61CMP30iHYfyOm6R4hQrvBJWfce8u5baA%2BsFqKIpqA0ceurclci1qCgjI5IkOSk5PLKTJnKYX2opZKGqqOMwLLKTjN2e4HGa3TOMlOBv3Sw2SsOw%3D%3D%7Ctkp%3ABk9SR9aE8aWZZw
New Rock Size 7 Malicia Red & Orange Flamed Knee High Boots Rare Rock Goth Biker,Biker,£46.00,+£3.71 delivery,2 Feb 2026,33,Pre-owned ·,https://www.ebay.co.uk/itm/137004487216?_skw=NEW+ROCK+BOOTS+PUNK&itmmeta=01KK55W88VTD0VVVEHVXWA3QV8&hash=item1fe61a9230:g:hVkAAeSwg~hpf2nb&itmprp=enc%3AAQALAAAA0GfYFPkwiKCW4ZNSs2u11xADM299wZ7lgS7%2FunU7flqRe%2Bzt92EDAeR7wHxMv1vI%2BHSWo0OPBGJ2gjBcMLfiAlWKFdxcFSn3xpfxTmaXj4SXh3YxffV4kBUFL7KrlDv9grLQjXN8MHPjQYiT3inpOtaLD69mi%2BoRG61hIm0veJXF2QwmWFCAsk8gmTMZLsC00dcDGSPeINWhRe5SJtn6gJfaNfftUheEohsfx17d%2F1HPb%2BHfUkOvQZuKGyYbg63NJrTLeUlPqoVO8UrXzSlkhCU%3D%7Ctkp%3ABk9SR9aE8aWZZw
Ian Dury - New Boots And Panties - original vinyl LP from 1977,,£8.04,+£3.38 delivery,1 Feb 2026,34,Pre-owned,https://www.ebay.co.uk/itm/227188769986?_skw=NEW+ROCK+BOOTS+PUNK&itmmeta=01KK55W88VMV4PQ4CSZDAYDHZ5&hash=item34e58184c2:g:8icAAeSwodJpdmL~&itmprp=enc%3AAQALAAAA8GfYFPkwiKCW4ZNSs2u11xCB1yPaCAE0wTXqjf93jURPZyB3IHAO75nsIQgXwxq4RjMtckmqPPk6XDRPeErttXmvCQ78zNU6wS9KWyt4aFRET0DaR6m2CugF2ITQfJTUipnlVj79k9h9fcX7%2Bc5gDJ5h6SlpHi4RmgvayGCWd7eG9C%2BONxtseuV3nujWnLFrtOBZNQXIhwQONoAukfRmnglnn5I6wXRY7t9Hv37T9I1OEwz3H6R4njo6%2BxoZrA00P1QYI5i9gByhM6pPcZBnoABdvs8wMA0cQHRp2NTcYDz5d2kew5AydQWmO7Pw0CsZUw%3D%3D%7Ctkp%3ABk9SR9aE8aWZZw
New Rock Ankle Boots EU 40 / UK6.5W Or 7M,,£151.50,+£3.72 delivery,1 Feb 2026,34,Pre-owned ·,https://www.ebay.co.uk/itm/198007193206?_skw=NEW+ROCK+BOOTS+PUNK&itmmeta=01KK55W88VTH02DBGGEYBRJ62D&hash=item2e1a25fe76:g:mwgAAeSwg-ZpXTyn&itmprp=enc%3AAQALAAAA8GfYFPkwiKCW4ZNSs2u11xBrdywRT%2BRUmsmk8iFbgE8GCZrRpbpeIfg%2FloYEoP0VNdL7yJZ6hTB8%2FtyxwSwTMKseuGzL5eEi6IZqn1dfRI1%2BsrjtJAQOBhaXXnC9Q4nBlA3SbdqgyAxHvxQID9mCJapeByyGrxkJG25XWHR5TQ3sODfwE0bLiW6DIQp%2BA1kaXFg0OK7zEJ9yi9oP2KVXeHCMgimOXJHpU1DDNPrM8NpBvw4IXoDWyPI3dLqyXkBXrd9kr7GzRV4bX0Ed2lT326P8bO4fc6p1YDt9NW2tQzSOg5Wb4E6bxtr1tPMppdi3kA%3D%3D%7Ctkp%3ABk9SR9aE8aWZZw
New Rock 591-S1 Red Flame Metal Black Leather Heavy Punk Gothic Boots,Leather,£201.29,delivery in 1-2 days,1 Feb 2026,34,Brand new ·,https://www.ebay.co.uk/itm/232021827436?_skw=NEW+ROCK+BOOTS+PUNK&itmmeta=01KK55W88VJM9P71EARSC94Y66&hash=item3605941f6c:g:vtcAAOSwaB5XkPl-&itmprp=enc%3AAQALAAAA8GfYFPkwiKCW4ZNSs2u11xCVWdpocnqGRhTO5Yf3o8dlbZoY3Kz2gOvM2m7aaol6UGpZ0oZ%2FO1zdoQj0dmihOYLq3A7lPNhQUjgZS1bXBmhEwKyKzSSmKKzE59G%2BW70G7SVOVCcBc70wQi7OqAVf42qnLjUqTmygVa7aIC1GA05YZudcGmoQqlfsRhDPRVi0fjr%2B60UsltkJgxb7slSTdZCsBBQFIqD1vKNemLFE0RrCO1RW0uqIpIyYiU2ss4mtKO2DAk1UwDFuwzAWevWJSRmAzz2xppfJ80c8dCeXawgND7864070p2gdEo1aWU0veA%3D%3D%7Ctkp%3ABk9SR9aE8aWZZw
VTG DEAD STOCK GETTA GRIP STEEL TOE UK 9 1988 MADE IN ENGLAND Skinhead DM’s BOOT,,£96.38,+£6.65 delivery,1 Feb 2026,34,New (other) ·,https://www.ebay.co.uk/itm/177812966821?_skw=NEW+ROCK+BOOTS+PUNK&itmmeta=01KK55W88VK78FZ2W11J59BKJ1&hash=item29667a8da5:g:eJEAAeSwmoZo-jUz&itmprp=enc%3AAQALAAAA0GfYFPkwiKCW4ZNSs2u11xAYwqwZt%2B2rAKJ4Bsg%2FkewrkfMmhHt%2Bgi8XjPcUN40Qiax1XrZgatGN4VMd0t16OtT16vYd7avaADX%2FZPiUMVzeix1hFTGksvks715v0nuqXBQeIx8Ink%2FDb9OM8wSoDDnmnWekrPZx3b76EeQQvyYb1tcipt%2FHZ%2BFRpAbHNOhW4SlZ3aPMW39UkOzoiDC4HmFk6ifBJ9GSi1yAIRvmikVsj4wNTT5yLKea2t2bkdx0utOiFg2xQVBonW4MEhaIheM%3D%7Ctkp%3ABk9SR9aE8aWZZw
Dr Martens Jadon Platform Black Smooth Leather Chunky Boots Size Uk 6 Eu 39,Leather,£94.30,+£3.38 delivery,1 Feb 2026,34,Brand new ·,https://www.ebay.co.uk/itm/397511269359?_skw=NEW+ROCK+BOOTS+PUNK&itmmeta=01KK55W88VASV52W77XN33KK98&hash=item5c8d849bef:g:FkkAAeSwIwdpbfgV&itmprp=enc%3AAQALAAAA0GfYFPkwiKCW4ZNSs2u11xCtLELEQ%2FO9zePtt5oIIO33eMHTNWqbrNEZNadmufqwwbEMd%2BHvRKiix6ezAPEL6NZ%2BXavkN3rRUdHP%2BLNQrLXv4RhuF36gKm5xKDPhj7Od3jlKyuldQpIZCbdbpR0kWR65RPY9X29o3RD1%2FfZeMRV%2B%2Bepjj9bJWqpVrL%2BDEcQH%2Bcf5ux99eX5W4LhMLmEYovE3knKUalx4jR8VgOYQBsaqtdnWwKmP2AmKT2iovEBDHXO1QcjUZlfV8roCoB4DTQc%3D%7Ctkp%3ABk9SR9aE8aWZZw
New Rock Black Distress Patent Leather Chunky Mid Calf Goth Boots Uk 4 Eu 37,Leather,£169.99,Free delivery,31 Jan 2026,35,Pre-owned ·,https://www.ebay.co.uk/itm/306726778994?_skw=NEW+ROCK+BOOTS+PUNK&itmmeta=01KK55W88VDQN0RZCC8WNG1B3R&hash=item476a573872:g:UyEAAeSwlZ9pc0yr&itmprp=enc%3AAQALAAAA0GfYFPkwiKCW4ZNSs2u11xC0FDUx%2BmN9O5CgdJecEj7H0%2F0tXtrqAwwpC3XtIf2wR9rFfdevSSvLcUb2Q4%2BioQfT6j5lndITMw9s6c%2BJ%2B%2BR1W%2BV2WUakfYDaVjGwTxGafX16TPy6mlfyUvxf5%2Fw62WLDY4Iyw2unnlNUOh11M8PSBFLl9K7C5rTu5QyJz2%2BOvj7xxqk0YlJRAH%2B59qpn%2B%2BUVV7jZhr0yt800gfRqOCRAC8vBkl7D8bJFh6s4dh8k2XH6pTv0auMAYIJ933NlL1k%3D%7Ctkp%3ABk9SR9aE8aWZZw
New Rock Reactor Platform Boots With Steel Trims In Red Size 7 . Very Rare!,,£68.30,+£5.21 delivery,31 Jan 2026,35,Pre-owned ·,https://www.ebay.co.uk/itm/227187269565?_skw=NEW+ROCK+BOOTS+PUNK&itmmeta=01KK55W88V0H80PYEDJWBFQ4Z9&hash=item34e56a9fbd:g:zvoAAeSwHOBpdNtF&itmprp=enc%3AAQALAAAA0GfYFPkwiKCW4ZNSs2u11xC6qwaVgKbpZTB8yZbNOLKOOeYqOY1iEKNE7n6XNsLOb%2B9PDn1yfxkDjvoEMSaGc49lZOqgU%2FddwQMoX7EXoHFcrNvsNocV3tTimDwppDRgR1MOsG6a3bAkNJaso2Uu7yu%2FhPEJaW5%2FOHMiJlH0Y4AqWkRAQ5x6OR%2BYFGU%2B5xvzgv4saIJsBxyio4SGQ1s1FYkgpj9qS4UhyNwCjjGaytsk7nP4rE1Ut0svLrOcENYQOMKBLobSeSnj2claeK1v9z0%3D%7Ctkp%3ABk9SR9aE8aWZZw
New Rock pewter leather Boots UK 7 EU 40 Goth Steampunk boxed see Description,Leather,£27.04,+£6.65 delivery,31 Jan 2026,35,Pre-owned ·,https://www.ebay.co.uk/itm/358150506130?_skw=NEW+ROCK+BOOTS+PUNK&itmmeta=01KK55W88V4BZVGP5SMVXDM45Q&hash=item53636f0692:g:IBoAAeSwoO5pUSLE&itmprp=enc%3AAQALAAAA8GfYFPkwiKCW4ZNSs2u11xAhJsvbTwYmwhdnozqglGbeo4fjwD2FjlrNVUL18QdOFF2mDevBfl8vwVqdCM96ZB9fv1ExcmDKTULcUdhaq%2Bl7Kd%2Bg0e77KOzf4%2FkiJ8XROOGF3IkiSilL189pW1C%2Fs5cVJDa2JwAennJWyDAqmL27gEl%2FiEprqCeBgOQfpTqWBj0rEH6celJ1PhQuLC9mbf5pTrYSmx8ZHsvLIOIh%2B%2FvZ6Q1BUD0HOQ66ejzPQr6eLrfsHdyFEntJep1JfW%2FGvGwZenSh%2FMSGDnBBmP%2FYM%2B%2FGVN86GsMBJi6ksHySU0UkPA%3D%3D%7Ctkp%3ABk9SR9aE8aWZZw
New Boots and Panties!! by Ian Dury,,£2.52,+£2.94 delivery,31 Jan 2026,35,Pre-owned,https://www.ebay.co.uk/itm/336404238892?_skw=NEW+ROCK+BOOTS+PUNK&epid=12057484662&itmmeta=01KK55W88V372V1FZYJWT0TMK2&hash=item4e5341522c:g:l7kAAeSwYIZpdM-T&itmprp=enc%3AAQALAAAA0GfYFPkwiKCW4ZNSs2u11xAyHuVo%2BuIP7gub5KmWJyqHsYc5B2%2BhWZTeNYzy7%2BXFpkglSTVBvyQcA6NnTF6hLBPKGiQEjOelgPYDLHspoQkF028WYTRBBL9nxFwLMBIwCp48QKOE0W8aRiS%2FoslvkyLBTgTf1tcJmVmTVXcjRk5LgzSDrXgQ8DmIREw8HmzlgTot5owEVYl9Qg0WBDOJdoA%2BSXlUN1qQt0HpYFzOjs5kvMm3nJiuQuMCp3q5J9BLshqCoLLVB%2Flkog5wtGwVK%2Fs%3D%7Ctkp%3ABk9SR9aE8aWZZw
New Rock Boots Size 4. EU 37. Buckle Calf Biker Leather Camo Green Zip Strap,Leather,£89.99,+£3.29 delivery,31 Jan 2026,35,Pre-owned ·,https://www.ebay.co.uk/itm/287058487427?_skw=NEW+ROCK+BOOTS+PUNK&itmmeta=01KK55W88VZVAJWA340V92259G&hash=item42d604e883:g:F~YAAeSw1d1o36cS&itmprp=enc%3AAQALAAAA8GfYFPkwiKCW4ZNSs2u11xA1hvaSLJ364zzsSc4mpAaJfaoiO%2BRJKmhj1P6xxrhoemYD9B3MvPK4HHIQ1OCzoSVdUlm%2FWVQqzJ7ZBGL7eT4bBhydhuEIJfniQWhXZL3AR8zigyR8ipc%2FdavGwajXX6BzXP8vzpa33hzbYLjFc3KAbUGydJHs4a3sRqQkFkLobyY5GG4hEn3tbDqFZ3lJTzFXc4Jz0nLQ%2Bn8%2BLdiW%2BPXylOBWLPEl%2FE9D2YJ6aaQWwPzQtT7BJeLDGEzu2Gg5PJU%2BFZ75nap0LF7HpEt%2FMY2lhND7oZ0RYLF3E4TDW1oYzQ%3D%3D%7Ctkp%3ABk9SR9aE8aWZZw
New Rock Black Patent Leather Chunky Heeled Mid Calf Strappy Boots Uk 6 Eu 39,Leather,£73.50,+£3.38 delivery,31 Jan 2026,35,Pre-owned ·,https://www.ebay.co.uk/itm/357360178598?_skw=NEW+ROCK+BOOTS+PUNK&itmmeta=01KK55W88WK8GRE5REPSPNQ6TS&hash=item53345395a6:g:fh0AAeSwZFpohTvV&itmprp=enc%3AAQALAAAA0GfYFPkwiKCW4ZNSs2u11xDv9AotsjIKoZoFuMy8uDOmGiNgzsrahNibLUfyOLKZCVY49dm9DvXhcuQphNRos2z2FSd3ua%2BPwEYZtp7fbKotMUwhQYI3zYVipvpUxQM7zyESu0wJmSvTHfsyCRQJrFi2JfDlXX460nlufeMufB%2B8vDZ3ZK495M7lf4v3tUBUVadycPCY2rLouG5Laf4a3kJDQqBVyzdK6EFhUsJfBgSV8sFXClFVcLZxteAutyXfMXp33i42TZYmIq074mO6Cdg%3D%7Ctkp%3ABk9SR9aE8aWZZw
New Rock Womens Flame Accented Black/Red Leather Biker Skull Boots Size 6,Leather,£73.50,+£5.21 delivery,31 Jan 2026,35,Pre-owned ·,https://www.ebay.co.uk/itm/357360204796?_skw=NEW+ROCK+BOOTS+PUNK&itmmeta=01KK55W88W1WYX2A3EY2PPJA0K&hash=item533453fbfc:g:khAAAeSwDWVohT0H&itmprp=enc%3AAQALAAAA0GfYFPkwiKCW4ZNSs2u11xCmpyBSqucVCLB0B%2FzvqhruzX5dDGh%2B%2FRgHm4DdEKkD92ftY1i6sp5TYMKJF7ClfTDJBtZaCKHejjrtNNf406OsZvyXoAr8BBVSwh6zOK0W43z--Kacug%2B3ymPgdec5n%2FGJw3V3cZyJeu3nQBk7hCHpQc%2BpicVf9KoBTAr0zskFBvy9I6DtXd4R9j65KvZ7%2BhhW0BlWtiHtCFrwUGcIg%2BLUb0sbNcAA6%2B3dKBUCjbXnRYffd756ETxG0G3a3AlD5Pw%3D%7Ctkp%3ABk9SR9aE8aWZZw
New Rock Metallic Black Purple Boots Size 4,,£94.30,+£3.38 delivery,31 Jan 2026,35,Pre-owned ·,https://www.ebay.co.uk/itm/127567319181?_skw=NEW+ROCK+BOOTS+PUNK&itmmeta=01KK55W88WVSTQXZ3FP6WDR9CZ&hash=item1db39ad08d:g:FRcAAeSwKrJpQjqi&itmprp=enc%3AAQALAAAA0GfYFPkwiKCW4ZNSs2u11xA3ge87Q3XLQzIf6JbvN0VnUdEldWrRmVaW%2BCqVLGGt13F1h4zU%2BKiLVYEaSaJq30lhNpFTP%2F8pKfkNGhqTakX%2FiC6XLW7ZIm%2B5mkATX4pvI4WWGWePlx5KLVCJYqQUGcQwU0R0oydeFlXGNlIeEDXrg6Qs027Z4RnxBU2Fue199Kl41Qo7LVmxfCe6%2Fp29oMm3N4ix%2BxlDB%2FGL5s7jQa7wv93dStOyYkbuZSTocl5mcuGAbE0tsvnvE8eZFEjUfvs%3D%7Ctkp%3ABk9SR9iE8aWZZw
SOLOVAIR 11 Hole Uk11 Made In England Oxblood Boots Red Cherry Skinhead DM’s,,£121.34,+£4.48 delivery,30 Jan 2026,36,New (other) ·,https://www.ebay.co.uk/itm/177807653737?_skw=NEW+ROCK+BOOTS+PUNK&itmmeta=01KK55W88W0W41G6Z6GWDNFG7Z&hash=item2966297b69:g:WQMAAeSwSL1pY~Gi&itmprp=enc%3AAQALAAAA0GfYFPkwiKCW4ZNSs2u11xA%2F1KWfDKqHHghU7kdc7eRlO7Q5GYfGgbhz311viqMS12e105N760sOVt%2B2%2FeZ7ved%2BXBvlCq%2FIlQDoNIbfoq5yoBhqQsBvJX%2B0QJCPrd1j5VHj2lDSV5syvGxT4m8qQ2b9tf4JyqTPIEc3umkPjXcqw3yJ6hy65cGqbFoBrlQxzGhgc2TytpEYiSZ7uYi9mzhhOIp3L5Z1URgm%2BJ3GjSKx%2F%2B5%2FvZ%2FmkUxepkj1tsaKUYDe3I3ihXatX10t5wBVYpQ%3D%7Ctkp%3ABk9SR9iE8aWZZw
Ian Dury - New Boots and Panties!! (2000),,£3.31,+£1.55 delivery,30 Jan 2026,36,Brand new,https://www.ebay.co.uk/itm/358064184826?_skw=NEW+ROCK+BOOTS+PUNK&epid=30634916&itmmeta=01KK55W88W878ZZ7JBBPTGG56H&hash=item535e49ddfa:i:358064184826&itmprp=enc%3AAQALAAAA0GfYFPkwiKCW4ZNSs2u11xA5djai0uhYB5Wvm%2BihS2CmcuhZUvpC4nElbpwz0YYPshvhiJqc1GwU6oedaOJkFWYCKo04edjoyV43N7h5azc6EmJls95zI9g%2BcIMh6FZ1%2FcDRuM%2BEnKdsD5uEES3ISVm%2FeDqQzIiXfS0wsnL5ZDgXqGzrR2IWHXT3%2F3uZRnlESNVsEur1xIrzwL4%2BuMtGSnQkHNSv7daHQjNfcLnXiDUmyS3jAuaJ5%2BlH9KS0t28tB18C414yNUaqLxFS%2BpHl%2BIo%3D%7Ctkp%3ABk9SR9iE8aWZZw
Shop on eBay,,$20.00,,,,Brand New,https://ebay.com/itm/123456?itmmeta=012DEW30YG0MEEKND7NH&hash=item123546:g:acwAA9KNiJowH:sc:ShippingMethodStandard!95008!US!-1&itmprp=enc%3AbgepL1tlUHjMGCVfSTGJh%2BzsVKeJ3CQk7NizDI4BZeppuFnmyS6Ijyp8lh%2FnEw%2BWqO7uTV1Q6izE1R0T54aV8j71F4xlWfVcGft4%2FiOQhtqVXA1rW6M1atPARQRmhqUxtEPJKhKtSFgI%2Bvwlzb0GwVCtkp%3ABlBMUObkmabpYw
Shop on eBay,,$20.00,,,,Brand New,https://ebay.com/itm/123456?itmmeta=012DEW30YG0MEEKND7NH&hash=item123546:g:acwAA9KNiJowH:sc:ShippingMethodStandard!95008!US!-1&itmprp=enc%3AbgepL1tlUHjMGCVfSTGJh%2BzsVKeJ3CQk7NizDI4BZeppuFnmyS6Ijyp8lh%2FnEw%2BWqO7uTV1Q6izE1R0T54aV8j71F4xlWfVcGft4%2FiOQhtqVXA1rW6M1atPARQRmhqUxtEPJKhKtSFgI%2Bvwlzb0GwVCtkp%3ABlBMUObkmabpYw
Ian Dury : New Boots and Panties CD Value Guaranteed from eBay’s biggest seller!,,£13.99,Free delivery,30 Jan 2026,36,Great Prices & Quality from musicMagpie. 13m+ Feedbacks,https://www.ebay.co.uk/itm/381518800576?_skw=NEW+ROCK+BOOTS+PUNK&itmmeta=01KK55WFD0FPADD93F42QG09RX&hash=item58d44ae6c0:g:f9YAAOSwrlVjZq~Y&itmprp=enc%3AAQALAAAA8GfYFPkwiKCW4ZNSs2u11xA4vRYxtRcQXsYYKsP1%2B%2Bptl256gTaQ5zNlVuBiVFrfEQhomnMRi1IEmDm94qYPdR1IwATPkxY0mjVKBNGqLUSnkisDPL%2FjaCjIGPKOayUrUxKmmTCa8nrYwBvKc6wlemKvAKCl%2BjttccGt0K%2F3bzBzV7YxQwEvDeK4fACR8rkvH5nJsohSz4ZzKHQIYFSe5Jq8Fb%2BjnE0teE18pHpLwdw23lWbX%2FjEDMS3mlfOc1zyAhYbYuIExvzTZnUMbhr4DJPuc5Q0aVHqIJOLXmNtIbU0pAQlflCf%2BwwBdLagAcsLig%3D%3D%7Ctkp%3ABk9SR-r28aWZZw
NEW - Size 6- AllSaints Maddie Ankle Length Leather Biker Boots Womens,Leather,£135.90,+£4.26 delivery,30 Jan 2026,36,Brand new ·,https://www.ebay.co.uk/itm/326951384568?_skw=NEW+ROCK+BOOTS+PUNK&itmmeta=01KK55WFD0W5WBXRA6K3G33RNH&hash=item4c1fd235f8:g:dvwAAeSwi3ZpY-RC&itmprp=enc%3AAQALAAAA0GfYFPkwiKCW4ZNSs2u11xCTWc5vLK2IiS%2B6BXxMXvihY77osrN3AJ%2BvsmU799wpr8mtb98p6KoCLGNt5Ald1DqZvOv4JSpv0RrrY8zMo1ky4edsNnZ5mT7x8zeYFa%2BJbsOFgH5ggdozKnJ1LhymHz3Z4rLqy447IRyNzvgLvmapfIj%2B7gg03%2B18nh5ce9%2BelUmjpvXgbZZqh2mOnenUYdzotPLgjkZM4h2a6sKk5PO%2FIMbKX652DWrBxjFmSsgTaysQASaxwW2uW7UFeVTTeGg%3D%7Ctkp%3ABk9SR-r28aWZZw
New Rock Ankle Boots With Grills Size UK 6 / EU 39,,£172.30,+£3.72 delivery,30 Jan 2026,36,Pre-owned ·,https://www.ebay.co.uk/itm/198027866130?_skw=NEW+ROCK+BOOTS+PUNK&itmmeta=01KK55WFD0M5N069H1VSVHB793&hash=item2e1b617012:g:tv8AAeSw5mlpZ5fb&itmprp=enc%3AAQALAAAA0GfYFPkwiKCW4ZNSs2u11xA1SkpusfcU3eXBLGUgReYdEtQmRrrsmRvHqxBRBnF%2BkRAJNyEfEc9lKzbs3ebAPaXLFzoufzrDifbtvZIk69CITiSAnRdrtw8HQ7PKfg05CeDUadzkvz0w0Z0t11VLC1b3NrxNrEKuBNyIy2d1EEwv5v%2Bds8sgSBHRKspoN4ICLQ0VLtNbomvSJNWHqX%2BtnLJrwe7C98HDy%2BS8B2w5dMICIWwZskvfohbjnwgV%2FlK2WFH0hBh6d8b22SYZkdH8XSM%3D%7Ctkp%3ABk9SR-r28aWZZw
Restyle Witchy Winklepicker Boots - Cathedralis - Buckle 80s Goth Shoes Heeled,,£110.95,delivery in 2 days,30 Jan 2026,36,Brand new ·,https://www.ebay.co.uk/itm/186475735387?_skw=NEW+ROCK+BOOTS+PUNK&itmmeta=01KK55WFD0AT8SNDAPFP75WY1F&hash=item2b6ad1e95b:g:1ZEAAOSwJppmXvIG&itmprp=enc%3AAQALAAAA8GfYFPkwiKCW4ZNSs2u11xDchqnCyydZO7y1CeO2z0F2ps0T1uvZS2N1pHxJZ%2FBUURZXWVig%2BBocCdIhanzdCmfyz2n1zxJ5WH2qHNXRMVZ1ZUzp%2B1trvZP6CKxxgOyjWnlTnRQnFu%2FFACjYqp%2FDYdIRQu8pGIxkCS4Fmo1wLolV3zgaw458WU7%2BBKIYZyzWo%2BbBCK854qcBGS8WBc4mmuvvNFnICETrGOdVBViYXYuOJhP6%2Foa1iQxQXvC4GU%2F0Mr0yZhgTTFmQ%2BH8SAf9SkCWAVVTeSMh5qyFTALzZZ%2BG9hyGXt3%2FRTC5uT%2B9VlV1rgQ%3D%3D%7Ctkp%3ABk9SR-r28aWZZw
New Rock Reactor Flame Size 40 Boots,,£96.38,+£5.21 delivery,30 Jan 2026,36,Pre-owned ·,https://www.ebay.co.uk/itm/257329553009?_skw=NEW+ROCK+BOOTS+PUNK&itmmeta=01KK55WFD1XMV73FMGHV166W2W&hash=item3bea095e71:g:T7EAAeSw-3lpdiKN&itmprp=enc%3AAQALAAAA0GfYFPkwiKCW4ZNSs2u11xDMkUEqw0y4Lk95Si5SKPtabwmEW3WrrnD8NWu%2F4XaNG1mPqpDEz5TEGT4HdVVd2e22k02ql9UGsaEDkgVFeBaqX46qibl0%2Fqo4LlSiJdycpNvgYu4jVmQs486sr4RZ4GLKfoMdnYjTWAsyZTo52%2B5XLdHNrRmMtcat5m4pfJk%2B5XHsahY11jpf%2FrGUljSDqwiaYJJSB9h0f4VrNzPBtAXeMUs2UcfpGImuXEMFaXL1oPovZDwqtZRJLIwWmrCIC6Y%3D%7Ctkp%3ABk9SR-r28aWZZw
Ladies Clarks 'Orinoco2 Style' Leather Lace Up & Zip Casual Boots,Leather,£99.99,Free delivery,29 Jan 2026,37,Brand new ·,https://www.ebay.co.uk/itm/284961029891?_skw=NEW+ROCK+BOOTS+PUNK&epid=17063552833&itmmeta=01KK55WFD1MMM470SSS73FD63Q&hash=item4259003f03:g:Tg8AAOSwOwplJAGZ&itmprp=enc%3AAQALAAAA8GfYFPkwiKCW4ZNSs2u11xAYPHBmWT4MVOrO3GZ26nFaGs4zRjkvYVR%2FOHKg17FN0mrQLsl2Twc%2FsYBisdy0nwVn%2FsmLc1%2FoAwVma3%2FLGcnZmeB3FPtm1fbCJw6xhlpE34jxWVm3%2BnWtNKWt23YKp8u37Hvc1hDioVe9JrU6v1B8l6FMihEiOfsPbwjjDnhcFRoLkwePzRgg7J%2BbE6ASRD93y1aKZntDLFgt0zTmi2KHKrIzVMu2SPABUuPvAI4GwF92TooQU0k%2FgUUQ0BWEoWWe1mW4mhkR5qBjCy7Kods2SQofXFeiUPnOcGboTjTmnQ%3D%3D%7Ctkp%3ABk9SR-z28aWZZw
New Rock Boots Adults 43 Metallic Combat Platform Leather Ankle Black,Leather,£149.95,Free delivery,29 Jan 2026,37,Brand new ·,https://www.ebay.co.uk/itm/267505034471?_skw=NEW+ROCK+BOOTS+PUNK&itmmeta=01KK55WFD1Y157781X8N7XK1AC&hash=item3e488ae4e7:g:o4IAAeSwtN9pNqsX&itmprp=enc%3AAQALAAAA0GfYFPkwiKCW4ZNSs2u11xCre%2FOg2a3NER3xmRpgbK0A3MLDYNG8IMXNoqUkFTzzP1vxIplb7%2BD6XFbhsdyjf4%2BUJsouORSBYB5sb6S6NL9jGmaRqyt2dIcXbjnstt5vn7ttwHAb864CXmkiNoiy63KxzSlC4dC%2FShu3nj95I4kZMmzT%2BosL8IPTaBV5pa156MyrkkXHuaHM4YWZRxdXFa0wy2fY%2Bl3IVVU8MLEEohAQy5IQoiLEber3gzPvwyG2Xh0sIheKPp8D8yBPc%2BDjBEw%3D%7Ctkp%3ABk9SR-z28aWZZw
"Truffle Knee High Combat Boots Womens UK 6 Lace Up Chunky Heel Platform, Black",,£19.50,delivery in 1-2 days,27 Jan 2026,39,New (other) ·,https://www.ebay.co.uk/itm/326945547958?_skw=NEW+ROCK+BOOTS+PUNK&itmmeta=01KK55WFD17RW5MK0M8P6VH90W&hash=item4c1f7926b6:g:Ec4AAeSwgitpXmYr&itmprp=enc%3AAQALAAAA0GfYFPkwiKCW4ZNSs2u11xC13oFwENIJGgVWlE1tIBfl0cS3MyoC55lEL728M92zVSzg8MdRt13O4GCSWwVMpH83LMSCPpIk68JwcTQXBwj9y2320nPMsIvZ0FOVoxdHNh04tbm0%2BDxTImTgkkYWt2Bv3pcrut2z0lvxJN6zNjIVwWdkkOkimn6lCyVylMk0jmnCB7M%2Bjpvifc1bmU6IMr42vOdqambSViRzQyqQLjupeBWElwzGUh7JinHpWjYhbzbG%2BlXTV8jrIwGPJy4kITo%3D%7Ctkp%3ABk9SR-z28aWZZw
New Rock m.272 Black Leather Chunky Heel Mid Calf Punk Goth Boots Uk 4 Eu 37,Leather,£169.99,Free delivery,28 Jan 2026,38,Pre-owned ·,https://www.ebay.co.uk/itm/306721233647?_skw=NEW+ROCK+BOOTS+PUNK&itmmeta=01KK55WFD1CW2JX8VRW9DNRGZK&hash=item476a029aef:g:O74AAeSw~s9pb0s~&itmprp=enc%3AAQALAAAA8GfYFPkwiKCW4ZNSs2u11xD5Wk7ZDm8VMq3kTubGHUxtMLe4CGWlJ%2FtZt0l5H7x6izykB7%2BU054YMDHhj1Dh1Y5Un6DH7cKjRn%2FMy%2BQFIFb%2BetNvhg0mJtOXm5%2F%2Be9%2Fb2NYDrb7nZDZ%2BEOasqE%2FT8%2FQI3EHCXrVdXtoZ628M1L8tYndyrFn3AoecZLEl%2BWsRmkbvo7vKHKVarHnU8Ozt0WnqUh0yFehv%2Fqf85hvsmU6Yd7dskmXO1yLK%2B0zwkAwvH9vtJ8dZ9Dv%2BGdIkNhGA6Ww7dhCY1CviNFVsxHq72dU7ozyYxfhd%2B9FnJtsnn%2Frs9g%3D%3D%7Ctkp%3ABk9SR-z28aWZZw
IAN DURY - NEW BOOTS AND PANTIES CD REMASTERED,,£1.17,+£2.70 delivery,28 Jan 2026,38,Pre-owned,https://www.ebay.co.uk/itm/257331677062?_skw=NEW+ROCK+BOOTS+PUNK&itmmeta=01KK55WFD1P6A3327GXY26DVT3&hash=item3bea29c786:g:xFsAAeSwqxdpeLAm&itmprp=enc%3AAQALAAAA0GfYFPkwiKCW4ZNSs2u11xCuy3swZuK0oUw0YJFhYK0MFJfYGMgMwPn%2FBl9gPEkZ4khrEtl9nSy08uVP9Q9zN8wl%2B23ss7ytAO%2F99RlSbrq%2BsXavdBJWCrLbavLHV2WVhwr7ZOr8lkYmcphkblDIEra9l3yh3Mxt6HmXwkBNmGffZFRJ1WxN8OxTbyi4Wfyq8dlZuel1lXxGnsyGHhCXys%2BcCmfak2XKysz%2FQ%2BlPWUj6BaIlHkeazPgy49uubfiMkmfs0nLcRVLBb7hr%2BZ1igIY%3D%7Ctkp%3ABk9SR-z28aWZZw
"IAN DURY - 1977 - ""NEW BOOTS AND PANTIES!!"" - 12"" ALBUM - SEEZ4 - Stiff Records",,£12.53,+£2.94 delivery,28 Jan 2026,38,Pre-owned,https://www.ebay.co.uk/itm/287090744720?_skw=NEW+ROCK+BOOTS+PUNK&itmmeta=01KK55WFD19P2J0CCDE8V2C4KQ&hash=item42d7f11d90:g:QTwAAeSws1Bo9O9i&itmprp=enc%3AAQALAAAA0GfYFPkwiKCW4ZNSs2u11xDt%2F%2Bwu4XTEOgk4XXa01pc0L3zBl14z98FIsRh3Df56SL1AhrDCh6S0ON1H%2F1lglkuFf31qwSE7u2PQoqT6ZvCITylQUwL5GL%2BEcJ%2FpGLwYPhhMJagcQ%2ByzeED5PiI8B8xM2b24y8iUCdnMZ8Eu%2BLzn%2Fydm7ZbwwJ8vyF8SvK9gUrC9oj8DwdlVAx6v%2FB1aZtLoNxfH%2BE2yR6myf0TrTRx2DKoEEzzOkkKPDkLlJ6DBUqq8i5WNNgsoZb9cTZU9UAc%3D%7Ctkp%3ABk9SR-z28aWZZw
Dr. Martens ' The Original ' Brown Leather Boots ' Pascal ' 1460 8-Hole UK9 New,Leather,£109.90,+£4.26 delivery,28 Jan 2026,38,New (other) ·,https://www.ebay.co.uk/itm/326847633908?_skw=NEW+ROCK+BOOTS+PUNK&itmmeta=01KK55WFD101TSJFH4S67KRXP1&hash=item4c19a319f4:g:RYIAAeSwwINpCKvL&itmprp=enc%3AAQALAAAA8GfYFPkwiKCW4ZNSs2u11xCN9zJfKTHKvTAQGwDw6Q2adYOqy%2BPA%2BtT%2BryCNPTuWNH7GIYMmdfF4TVCsIUk6znjYnxaU94ua1Cg55jmxXE%2Bo0rvga1YO5aLwgJRKRk2Ud1kmOdJNRo9x6g%2B6882RtvwTkqD3X1PPvgSAAWvucJeboqrAyc01CQcPIOCbvHBNJbMLqzZgKUCv5tYQWxovJ8A64%2BLeGHTSKxGSc88f94cptXG76mOXahjJogakCYOY3Ej2%2BRUMKuiZg6iLB13fGzRpAGp227lRrRcufJYNvYMyMouY0vO1dKByHwigVOVdNQ%3D%3D%7Ctkp%3ABk9SR-z28aWZZw
New NEW ROCK BOOTS M-WALL1473-S7,,£125.50,+£4.26 delivery,28 Jan 2026,38,Pre-owned ·,https://www.ebay.co.uk/itm/376493136252?_skw=NEW+ROCK+BOOTS+PUNK&itmmeta=01KK55WFD1SP3JFT3S0WYSZ3GR&hash=item57a8bd597c:g:ABYAAeSw5xhopJuX&itmprp=enc%3AAQALAAAA8GfYFPkwiKCW4ZNSs2u11xCrmKBdWpauK4jFUipqrJZbY0hgUg6uWSSjKPebraye2q0hn%2FqiiADq7yoH2E5qbFLxPeYw0Vu9Kj206NpjuBIbQE%2B%2BbeURk4nnB0XWPwNqzLzV670Ywyf%2FD7YwSjTJBYM6as2iqP3M3Pcp3Z3MDgg%2BzTnIT%2Bt4AuZSOQXdn8py8DUlCC5zNEzNCh1rszIhBYIwWbjmmUc7E8Ld32IbRl4MYly1k9HKglq1SSxZO0dBbcrRc4HM8AgbnWSSMaolEmLil6SsQWvtwjHZRApFEWg4mjViYUAqQ%2B%2BVvbWgzuX7ow%3D%3D%7Ctkp%3ABk9SR-z28aWZZw
New Rock Purple Boots Women’s EU Size 37 UK Size 4,,£68.30,+£4.06 delivery,27 Jan 2026,39,Pre-owned ·,https://www.ebay.co.uk/itm/357987190160?_skw=NEW+ROCK+BOOTS+PUNK&itmmeta=01KK55WFD1Z4VCHHTP6Y3D0M14&hash=item5359b30590:g:8SIAAeSwoo1pM1Wr&itmprp=enc%3AAQALAAAA8GfYFPkwiKCW4ZNSs2u11xAn0eFGPrIqeODDcL0RiDovtBJfC2GnQghEfPHaXyv7t4ELtFsdQ5ksFac08kJ8mY7n4ZcIxWa3Rq%2B2W4obROgueVPz063j1ODuAMZGVL%2By1GT6clDGJSlYdo1gWP3dmx69zD1QUWRlFnIzlj69P7wFwO4%2FbBoke6v8yzYdtn943NGnyEJ%2Fyj0HcAtu76vGoAkBeWhRLiH5Y0l36ztXOaKqQqaOyla9IYwz0rp5oSewT5%2FJXj08iDKhG0LgDu9xA%2FJbcU%2BTYJjAafi91piKRqLGBqKNJYQ89uHNzIm2Dwe7Nw%3D%3D%7Ctkp%3ABk9SR-z28aWZZw
New Rock Boots BIOS120-V1 Unisex Metallic Black Vegan Leather Sandal Punk Rock,Leather,£186.38,delivery in 1-2 days,27 Jan 2026,39,Brand new ·,https://www.ebay.co.uk/itm/234992129173?_skw=NEW+ROCK+BOOTS+PUNK&itmmeta=01KK55WFD11X38QDPBWXE3JNSF&hash=item36b69f5495:g:JSUAAOSwtHpkTTd7&itmprp=enc%3AAQALAAAA0GfYFPkwiKCW4ZNSs2u11xATPUPmtVsXBGWFS9%2FX9V1NpqRiurBD5SIPDWYez8lJzr8EDO4TloFLhmZBXtAV9MebjB%2FA27De8p9GoRzoIhEmsoYEukWudW%2FuE6fStq7N%2F4dzaly2Jo46el1gqjyIVnOJZ1ALACS35NiLDZDMo%2BSvCcXFHl%2BAHAGNlNyE9jimaFYkgyMu3z8kQYTjIZVJDAs6Nbvxyk1Q2rD5xLvnN%2B9EQSwVydunkusbeueAb5xARjv0lTz1rVeFjaTs%2FAcUj0E%3D%7Ctkp%3ABk9SR-z28aWZZw
"U Double Short Boots Wedge,purple/black Sz 6",,£31.90,+£3.38 delivery,27 Jan 2026,39,New (other) ·,https://www.ebay.co.uk/itm/187959483144?_skw=NEW+ROCK+BOOTS+PUNK&itmmeta=01KK55WFD1BHSM8YQ423N9PG6B&hash=item2bc3421b08:g:Jq8AAeSw5cJpajLz&itmprp=enc%3AAQALAAAA0GfYFPkwiKCW4ZNSs2u11xC93Gmyk15lS9eyB5aKGXi%2Fg0YGqs0xI6c0gDucIQesbeIi7a%2FvLNY%2BsWT%2BdTEno7gNYutQc1BMQX8O38n3zvVA9024bWU6HB3eIFikzNKtecO7KzfpDUF0X%2BQuH7MhJPG%2BCUDumkf6q6wXhBCHmrxTS68qsJdRZ9wKJZPPGanOmThfZ95biVFRIzRd%2FETV8cLmcSmBSQFeDuwmrBRkysbT6zVJKdcwYCvvK368JJEHK23M5JddBWvI7yi0nINIETc%3D%7Ctkp%3ABk9SR-z28aWZZw
New Rock Boot Metallic M-391-s18 Unisex Black Platform Boots,,£218.49,Free delivery,27 Jan 2026,39,Brand new ·,https://www.ebay.co.uk/itm/155788194032?_skw=NEW+ROCK+BOOTS+PUNK&itmmeta=01KK55WFD1PVXN1QPF3075XDDH&hash=item2445b330f0:g:likAAOSwl4llDWWt&itmprp=enc%3AAQALAAAA0GfYFPkwiKCW4ZNSs2u11xDAp6GCvbXYmsVsWbCrY97zSANqMoZpH7IFJF%2B8BQ2Bfe8uYh1LSbpw2sYOxJ9EtJHsgmVaKY1NFB8I80EV4n1k9RoyRq7LHb4TgPy871PqsUyWzzx87Rnr9RG%2FEIDh7%2FsHe%2FrZn7en4UlWW8AqZIzNAvrmke9gMPWErWjYKNChawzlKRQH7j5sfN00KVawea%2Fkko2gYlGLlCuG9UDfcdun8fDl4TlFLVkJi6TnJXB26Cmp%2FLo%2Bb66zMLDSOYRFOqo%3D%7Ctkp%3ABk9SR-z28aWZZw
Unisex Real Leather Military Boots Black Ginders Herald Punk Rock Safety Steel,Leather,£90.00,Free delivery,26 Jan 2026,40,Brand new ·,https://www.ebay.co.uk/itm/134672465969?_skw=NEW+ROCK+BOOTS+PUNK&itmmeta=01KK55WFD1003HP8CEJD9M616F&hash=item1f5b1ac031:g:OuUAAOSwe0ZlZh2b&itmprp=enc%3AAQALAAAA0GfYFPkwiKCW4ZNSs2u11xAt3lt5Xtb%2FUC3gYRIXGYk1FhSKSnTFMFEY4YlQNlykP71VX8UCk5l7JJf0CaX28j7qRicnKEAvHdOeSAc50lvxdhbynE1Oem7Ulyjh3OX3nEBPfmBY%2FylaCKNaYSHv4wk1rLxufMjVBP%2FT77oBmaHfXYYH1kSOpn829t2n%2FSCbQkssmtMB%2FTCZb4NQLGU6CzW88Mf6QtQp9x%2B9QTXbu14HGv9TsK5DaamXO9q56blZBZvtyPBQIE3RP6ZN%2BQklLac%3D%7Ctkp%3ABk9SR-z28aWZZw
Ladies Boots,,£21.50,+£5.21 delivery,26 Jan 2026,40,Pre-owned ·,https://www.ebay.co.uk/itm/397530973454?_skw=NEW+ROCK+BOOTS+PUNK&itmmeta=01KK55WFD1KJKVV4NAQXQCHADQ&hash=item5c8eb1450e:g:bL0AAeSw46lpPCGh&itmprp=enc%3AAQALAAAA0GfYFPkwiKCW4ZNSs2u11xDQ8gIkiCaHsK7WFGlPdFJMJEcAixwTdVYXZZkkX2cvK7RhirWejhBG8pG84whX9aJtuNxPWCpyOXzcrKCiGV4Pb%2BuiudrfiZ%2FEpHJAa2ybj8ari6tikTggFsaNWH5z%2B18tKW86KfXdnAr%2Fz%2F5s8t2yzBDOZk80ZsOHIJUdfFCtXNtzHf9rYosw5h0nuCkU0mf3%2B5S%2BiUiIj9ls2ATMg8Ar9imI%2BMvPx7h3BW1av8sLr98qN1VqS9konhPPAk%2F3sAs%3D%7Ctkp%3ABk9SR-z28aWZZw
DR MARTENS JADON BOOTS UK SIZE 5 EU 38 USA 7 DOCS GREY CHARCOAL 31985057,,£135.00,Free delivery,26 Jan 2026,40,Brand new ·,https://www.ebay.co.uk/itm/167757927096?_skw=NEW+ROCK+BOOTS+PUNK&itmmeta=01KK55WFD1KK9KS3MAFMYXR3KH&hash=item270f26d2b8:g:Cq8AAeSwWepotJK~&itmprp=enc%3AAQALAAAA0GfYFPkwiKCW4ZNSs2u11xCDRiBrRhUXOfvvCkBsZP1PuARVr2vY5w0IDNw38Riu2bnNNRGFCKMLaA9gy4diXlzbcDGvaWZuUL0fiV7Q6JhRV84J7vmMAo16G48JB3aF2r3B8zWEi1uzlBU43Y4mQY9cjv0E2oEjaNzlMNV56FvBHFV65An5fE6vo2G1nXtCWeYdjuspu9waKbN3Qyv95XbxYej4h2oh56YIKDbmGcdvz6gzhhBPXGL3Lc6okroKYIA0FZ3tHG9N0LQsBgfpNjU%3D%7Ctkp%3ABk9SR-z28aWZZw
NEW ROCK GOTHIC PUNK HIGH HEEL BLACK LEATHER BUCKLE BOOTS,Leather,£155.00,+£4.20 delivery,27 Jan 2026,39,Pre-owned ·,https://www.ebay.co.uk/itm/297885827514?_skw=NEW+ROCK+BOOTS+PUNK&itmmeta=01KK55WFD105FH47QSZHJX1D55&hash=item455b6101ba:g:DQUAAeSweVlpUZGR&itmprp=enc%3AAQALAAAA8GfYFPkwiKCW4ZNSs2u11xAs9SkarLkZ%2FEHXCGR9nMg%2BnYFDtaDjoxQJjn6--ByROp4PvM0V7NUUdG%2ByPsIEDaxBJsI4NGASASeMGo1wgCn6YUcUzgjq1o%2Fl%2B3uAlm%2B0y4cPj9mGknsSbnRD3reZ1NqDB08R0WuQPn3Ts3f5dk2o6rBoKPV9%2FBZhivwwP7alkIvaEtL7J7Y%2Fy3DhGKTD%2FhruzJBHUlgkWwxoAJau%2FIa4eiDrWLDxPVknG3WfyBT7mKq1kUmhGnQzXB5cJHTFZkWQbJFu6mN9ehX7zRMXc5JYcHfbrO5u7ABi1bASSLvt6w%3D%3D%7Ctkp%3ABk9SR-z28aWZZw
CHUNKY ARMY COMBAT ZIP UP DETACHABLE POCKETS BOOTS SIZE 5 Goth Rock Biker Emo,Biker,£37.09,+£3.71 delivery,26 Jan 2026,40,Brand new ·,https://www.ebay.co.uk/itm/395586061888?_skw=NEW+ROCK+BOOTS+PUNK&itmmeta=01KK55WFD1HB6EQ3V8MBGJ14WB&hash=item5c1ac44640:g:xBYAAOSw7bFmtlAF&itmprp=enc%3AAQALAAAA0GfYFPkwiKCW4ZNSs2u11xBcqYFaIeQxAyFIad%2BHTgNNfBbgG9vp22Du4oZuyfuLG1C2lfcguNopcMPLZ9DdB4sSWkOJRsTbZ6q0qzBJkVI4K9b9fsKYic8rEtmH4dX%2FItFlKoXVTj8kNC4rHt3ar33ajji1%2B2vguVvVFghP2mF%2BHfRh6u0Om2fYQDcJ5P4see0t6WcxG5t1JeD5eXiAQdy8VaGC9cmv7X7WyMiYfG%2BrF0KC2PJKG5NyurvpWqfgswb1kRP6Qgh%2FEq61kU7QlLA%3D%7Ctkp%3ABk9SR-z28aWZZw
NEW ROCK M-7921-S3 SILVER FLAME BOOTS Black Leather Heavy Biker Western Cowboy,Leather,£244.99,Free delivery,26 Jan 2026,40,Brand new ·,https://www.ebay.co.uk/itm/255313446363?_skw=NEW+ROCK+BOOTS+PUNK&itmmeta=01KK55WFD1J45JH2T93Y3TDAN7&hash=item3b71de05db:g:MA8AAOSwbGth1Fca&itmprp=enc%3AAQALAAAA8GfYFPkwiKCW4ZNSs2u11xAPZIUahPTH7yPWkCa9LMQNapNhzs%2FGIGjrF4vfN4MN77QbVLEWh1bO8e0EaR28YoKsT4Q91Se8Kkf6eyChhNFEmTozqCImh3%2BAUM5ZiVIrApexHPvQb233hQWVKHB62l%2F6SsnAEyu%2F9cPRv2Vic8drHh0FqrdIGZ1NHCSXa8z4Df%2BlVbLJ1AUxE616I97KxUT2L%2Fiw91y7VkbHhehXNFYCDEgjbooGI3SxIjcQRgqjmIj7NX6gRi7c2xFzChQ1YmqqO8onkORrWOeUdlEu9IxORv4AM8eDAaj6DbIRr8bwFQ%3D%3D%7Ctkp%3ABk9SR-728aWZZw
NEW ROCK Reactor Black Leather Knee Boots UK5 EU38 Goth Steampunk Festival,Leather,£160.00,+£7.95 delivery,27 Jan 2026,39,Pre-owned ·,https://www.ebay.co.uk/itm/287059466830?_skw=NEW+ROCK+BOOTS+PUNK&itmmeta=01KK55WFD2K1NDDT4DZYTFNEYC&hash=item42d613da4e:g:ohkAAeSwvQ5pXsCS&itmprp=enc%3AAQALAAAA0GfYFPkwiKCW4ZNSs2u11xAR2dLCytond4OwudEc11Qrn8d27EIkIpaj5aIWNC6xieXmjvAiNFkCnV9oMuy9EUDOAB0pckUYDGieRqm%2FKvZizHUWRw8sYjP8Lzvndq6nEKHiwSuvYQHqdvwOnoqiBEhZwO1yzUbxwqD5QiKRNLIrvNFXRsZ%2BbJqX4QKVCmS9KYEM8gAucKRZPMeXJYp5qJInr9mr5uHtKLBYMSHiXlSTqaOY9XEpEuoy6hnFnXZs6a0fupQtPNQsyGWB9OA%2FXn0%3D%7Ctkp%3ABk9SR-728aWZZw
New Rock Punk Union Jack Boots UK size 5 EU 38,,£102.00,+£3.38 delivery,25 Jan 2026,41,Pre-owned ·,https://www.ebay.co.uk/itm/287088612784?_skw=NEW+ROCK+BOOTS+PUNK&itmmeta=01KK55WFD2B60YM20QGWPRBFJ9&hash=item42d7d095b0:g:B7QAAeSwk0Rpb5Ut&itmprp=enc%3AAQALAAAA8GfYFPkwiKCW4ZNSs2u11xBrB2NAHhiTJ%2BlZFuDdzU4fxqqB2a079lHKIfWj3W1p2X2HNbqkEI6Qb0P68Gm15HOaktRlcEtG6YC8C0X5gHhll97V68YbDO7kK5PCSRRfOSKL%2B0eSw79E2VgwAxrqGrxXqCg%2BwruvC0uxazKAgBD4VN3evKAJWf7DuUV7JogeG6HZ5APjiReQ3%2BFeHYWa2gNrPYrhOIJE5hM0Uh3iR6g2hAvkUPbD7gWTfTT1xQvN2ZReZgmaLgeLOro1Btr8dNNSNdVv6Jua%2FKf0Jiu%2FzC5MC%2FJsQKEBxQdWnAAjZ0aeeg%3D%3D%7Ctkp%3ABk9SR-728aWZZw
"New Boots and Panties - Dury,Ian",,£6.32,Free delivery,26 Jan 2026,40,Pre-owned,https://www.ebay.co.uk/itm/136972363056?_skw=NEW+ROCK+BOOTS+PUNK&itmmeta=01KK55WFD2AJR7RWPGD4XMXAJS&hash=item1fe4306530:g:0tUAAeSwxO9pcjl7&itmprp=enc%3AAQALAAAA8GfYFPkwiKCW4ZNSs2u11xB%2BFkiQsLMuvraq7d1oNngNikcB2ysodEC%2F2a3s8Xm33dW1T%2Ff2xMENjD9xmC3w8kDZqSH18RH2HGEzaHMx8kcaK%2FQmeqxPOFAXCRjhAW0%2FsGeyysIi2jzG7Q7TqtisqTeJ49Ah5RImtUUdB%2FVQUMcWQKpE8ic2mUULJIowE5X7br5yeGJuIIW6JstM7kXcWuWcmVfsif0RXqQ2HcPK1qEX0D3LowwMtSII24u8zTFjzDNZItsqAceoQf15xvR%2FpOy0494Pc7cy0oe9ZgFa6CtiGwfxEc%2BwdscMOzKzux5v%2Fw%3D%3D%7Ctkp%3ABk9SR-728aWZZw
JEFFERY-WEST MUSE 3-Tone black and red mix Polish SCARFACE Chukka boot UK 8,,£102.00,Free delivery,25 Jan 2026,41,Brand new ·,https://www.ebay.co.uk/itm/127635097196?_skw=NEW+ROCK+BOOTS+PUNK&itmmeta=01KK55WFD2095HNANYVBYRM0TK&hash=item1db7a5066c:g:nZYAAeSwi8Zpb8HT&itmprp=enc%3AAQALAAAA8GfYFPkwiKCW4ZNSs2u11xCPTX2DLubIDeqSPZJtX898FAyjyQphDxPfxR7W7B60xRpLG6fUjNvJ3th39iTOnLV375otS%2Bia5YpZ%2F7l8UkXcj2RMT4MZ%2FekY2z%2Br6tmvUAtYQB8DLd0W699kha5sxalvLKCeLuIBN8NsnHuxBRD9A3sTj25mxMJE2pao95qxLY0oh7yTsGgMAFvxsX0fYYaxMVeqODv0nECeznPURRHjNH2FJ88HnBg6Dvv1GSPLfPBckeCFGNEVtl0j3xqK31MoVZq%2FSdfy5Sc4nIBWXLccloIpj%2FlHRZ97CwRa7gJbDQ%3D%3D%7Ctkp%3ABk9SR-728aWZZw
NEW ROCK Leather Malicia Grey Spider Web Buckle Goth Vamp Steampunk Boots 5 / 38,Leather,£125.50,delivery in 2-3 days,26 Jan 2026,40,Pre-owned ·,https://www.ebay.co.uk/itm/196846712250?_skw=NEW+ROCK+BOOTS+PUNK&itmmeta=01KK55WFD2HWE989VKC3R4JDHT&hash=item2dd4fa75ba:g:nL8AAOSwPnhnRG9d&itmprp=enc%3AAQALAAAA8GfYFPkwiKCW4ZNSs2u11xDov%2BYZjLn8YYmKamxqCUPavHqodPcM6ADkBkvqpR5gXNFbBFATJy8I%2F7zNs1Uo2CNlc4H%2By%2Bn3w6n%2BUpY9ZzmxF345KZZnxMKs3CIKa%2BT2Jb95eqkqnQH6yQuy%2F4cI1JE2YKz%2FkPcMH0XjSkklb3hxlC1yB7w3EZWZscklB1Z9tqj7GgBDZeqb55yqQkSC1bt56kgpQC73rYNKz8yQW3%2BuT0R0%2FcReA3USL2aCKZ2ZlIZLOKduOPJ073Rdy6xXdz7VYYxO4ltEXC8S5y%2BgwuycsgL2Awk%2BqwWQGWahThrx9w%3D%3D%7Ctkp%3ABk9SR-728aWZZw
New Rock Boots WALL106-C9 Unisex Metallic Black Leather Platform Gothic Boots,Leather,£231.11,delivery in 1-2 days,25 Jan 2026,41,Brand new ·,https://www.ebay.co.uk/itm/256059386426?_skw=NEW+ROCK+BOOTS+PUNK&itmmeta=01KK55WFD2FP3DD8DT1C0B51ZQ&hash=item3b9e542a3a:g:I6sAAOSwffVkTTuJ&itmprp=enc%3AAQALAAAA0GfYFPkwiKCW4ZNSs2u11xCWcC6zEmybW%2FzmIvsyDSqmz0tHAkvXE3keOt7wR%2BIrI%2BlBOdd2Yem5tJmb9KNa12tAlUH6V7CTInaZa4rjW2JioFQ2h6feDmKbn9c9Lkam%2F6adianmxjbct47n8gzGirPILtjrjGktKpg9pkgWfy8DensU5HZ4%2FsKEEW8csEpVvLoq0O7BeBJbQCxtBEIsePUgUIUOJP3%2BtKIkqCcvIE6oSGfdMNad8Ud%2BT4V34IHjEcbrJXKqUtVzGxUT3Off0Cs%3D%7Ctkp%3ABk9SR-728aWZZw
New Rock Boots WALL028B-C1 Unisex Metallic Black Leather Platform Gothic Boots,Leather,£223.66,delivery in 1-2 days,25 Jan 2026,41,Brand new ·,https://www.ebay.co.uk/itm/234992131058?_skw=NEW+ROCK+BOOTS+PUNK&itmmeta=01KK55WFD2BSAEDWAPTR3SV3Q2&hash=item36b69f5bf2:g:LLsAAOSwDBlkTTgI&itmprp=enc%3AAQALAAAA0GfYFPkwiKCW4ZNSs2u11xCW2B0gEh5yikBfW0ZHsXjpS8iKCklsOFCPJjvN3tDotxgFKMZS5kUMPoEQQlExZsCxXEeEXTN%2BNyI2p9wPrRiR%2BOfd5zxWvOynimlkD9oCtgqwXVd%2BRD%2FKKLys7vMjWnhrxVBumIVBBqCdsTmgssRAMC%2BZOgoVhjZtTyQANH8UPrydQsy2ytwnaLN%2BoGzSr3deVNwBAp%2BSzBuKdxGJPcP2jzaMD0xQh1zdPk%2BcRmKgN0IuvrTirTG%2BqxDaFIxwYEo%3D%7Ctkp%3ABk9SR-728aWZZw
Ian Dury New Boots And Panties 2CD - CG T27,,£8.99,+£3.50 delivery,24 Jan 2026,42,Pre-owned,https://www.ebay.co.uk/itm/397513059064?_skw=NEW+ROCK+BOOTS+PUNK&epid=30894640&itmmeta=01KK55WFD215HYSRTJBABMY559&hash=item5c8d9feaf8:g:5fkAAeSwwNhpbo9F&itmprp=enc%3AAQALAAAA8GfYFPkwiKCW4ZNSs2u11xCv6lqjY51c5jBW1aJOqD8bpyMcm5ce%2BOskPrJWhcTtGHNK%2BB68sGISs6l%2BA3G6B8oK1dqFGcLd3078QeYsb03QvoULRCHXaUBO2Ph09xTezUlmUB7r4JXfn2fIoYhu8L%2BD7xBM7PZh7rflXzHExgby2dDVvn727PJ%2BF%2BaaY4tKjNj9lNp3w7YpS7WjQ9fqM%2FcN6kdYK46Hq93TntxckAnUmudUbPhVljJLUBnmQR8YVbXoMYomV5pfYsCeXcLM%2BTzqkPP6iIUChu1yqtFPZ%2BePLCyKMzfTy0QVxam09kl82Q%3D%3D%7Ctkp%3ABk9SR-728aWZZw
Converse All Star Chuck Taylor Black White Knee High Lace Up Boots UK5 VGC,,£45.00,+£4.95 delivery,24 Jan 2026,42,Brand new ·,https://www.ebay.co.uk/itm/287093670957?_skw=NEW+ROCK+BOOTS+PUNK&itmmeta=01KK55WFD29MR5NN6DH7TP3X6H&hash=item42d81dc42d:g:reUAAeSwJHxpcpwA&itmprp=enc%3AAQALAAAA0GfYFPkwiKCW4ZNSs2u11xCeYsJycFxRL1TF8h3qdabMtYjbkRtJclq4qBxYyu9HEcFnr2mgonuve6Q%2BDT6hGVMQdTHsxlgdlPZEZwyCbzW9qEj0XmZ%2B3BP6ezpTk8YOVx5qXBk9GMgMUKfBWGWrizgbD2T6H5Ap6l7Fca398JJpD%2FpOmwq4zXVLOP64JuWomj8Adh0Zm2vTg2zUrlexFZlYge4V4fqNuV2YQJitA4H5JeVAYR5I0K6od6hYRZpj7g%2FnbeD9UsBcJ1seU9kaYbc%3D%7Ctkp%3ABk9SR-728aWZZw
NEW ROCK ORIGINAL VINTAGE Goth/Biker Boots Vintage Size 5 EU 38,Biker,£135.90,Free delivery,24 Jan 2026,42,Pre-owned ·,https://www.ebay.co.uk/itm/365973957718?_skw=NEW+ROCK+BOOTS+PUNK&itmmeta=01KK55WFD25WV57YNVR2JQVACG&hash=item5535bf6c56:g:XU4AAeSwyJxpEH0y&itmprp=enc%3AAQALAAAA8GfYFPkwiKCW4ZNSs2u11xCe0IU4KDbjRe7wCWYCGly3PGrlz77wz97gpDyl8daJFNUi9P%2B6U481B1NgabwwCCIo7A80d7Yo%2FQxqgLTIbDIz5ZGINQFt0vpucRRUw4vj8p4HDBtadf%2B%2Fp8tje%2F2txiN8fb8leHnYzIRiHKMuJgd90IK7xlCoB2XTSk5z%2B%2F5u0P9qmQYf9Q1I8tBDzVtzCh7nZfaKU%2B0yTT4i4px%2FPyVIDMjj%2FxeKd5lTOalZpT%2BtAeNs9gK5zLpXClEjHdpYyiYQ6P2yWoExlrTIuFYdFRu515PAPoCAmD53jUGKbanfmw%3D%3D%7Ctkp%3ABk9SR-728aWZZw
Gothic Platform Ankle Boots Women Zipper High Heel Punk Biker Winter Shoes,Biker,£54.99,Free delivery,24 Jan 2026,42,Brand new ·,https://www.ebay.co.uk/itm/406040898810?_skw=NEW+ROCK+BOOTS+PUNK&itmmeta=01KK55WFD2TGK1AB62VY1Q4YCK&hash=item5e89ec6cfa:g:XPwAAeSwNedoclsm&itmprp=enc%3AAQALAAAA8GfYFPkwiKCW4ZNSs2u11xDMuKDkvpvxyfPM94b%2FX4NSaugKdYhx%2FXMhTFIHGj2HrEmQ6OkkJizM0Ej8bXfpE2W0u9uVoZgkqPY%2FpjmugeErrD7ICAZ7RVG4HV0nldVeyuRDtFYWB7UPFKZLxaOmeara4DOqN%2Fb7GjN8m66oZ1%2FMiBjGsr6cLzh7lxxJAxvj7ZKJhOBSLnIaX1OGE49FmS1Q4CO5Yo%2BV%2BEuo8ql1G%2F5GBR64SNfIKzPBgqwjOgJFbEGM2I4NY2ijjW9YLEKTMlecqQxepLNLNcNHzrPkWQ6rItVfNAHgCO5bwhDA5gHPDQ%3D%3D%7Ctkp%3ABk9SR-728aWZZw
Ian Dury New Boots And Panties!! LP Vinyl Record 1977 Stiff Records SEEZ 4,,£16.99,Free delivery,24 Jan 2026,42,Pre-owned,https://www.ebay.co.uk/itm/168099017689?_skw=NEW+ROCK+BOOTS+PUNK&itmmeta=01KK55WFD2YD6FQ31KVGMPNPKB&hash=item27237b73d9:g:NTIAAeSwwWFpHjcU&itmprp=enc%3AAQALAAAA0GfYFPkwiKCW4ZNSs2u11xBHObk41zKZzKRqWAV3vWXEi1CazV%2B5040DE9JtAtDXOtBzp9k2BjHUbCxztOkC2koqlyAvHNrIcm78qJsXclzZUw81YUF5Qf6y0hsvlq%2BbOayvGZQ6CVKGPxEz5W0cd%2F3N1sntIfLzZ7ORtzFxsTs81CSc%2BlTq7MmbJCMGsCcs9VjGDzhgBhuW1CLZisSyrVOWGT3OB5IAgUyJFzroHajASmodNPWKFKagiqepRvE4%2Btcly7IuHjA%2FwyyD9qBqvZk%3D%7Ctkp%3ABk9SR-728aWZZw
Stunning New Look Silver Thigh High Pointed Toe Boots UK5 EU38 Excellent Unworn!,,£25.00,+£4.95 delivery,24 Jan 2026,42,Pre-owned ·,https://www.ebay.co.uk/itm/286980708515?_skw=NEW+ROCK+BOOTS+PUNK&itmmeta=01KK55WFD2V9FPPQGPXWVPHX66&hash=item42d16218a3:g:V~IAAeSwmMtpLLeJ&itmprp=enc%3AAQALAAAA0GfYFPkwiKCW4ZNSs2u11xDt3Nbaw3tr4Yu0c8Jw%2BkEdJYeh9Pt7OfAXUlJc8JAU6JelXN%2BRnLDf2%2F1Uh8zGQH4BFasguXASf3o6jVhubOe8uaCweo4K5tkqPaUEC63LT0eOjnAwFWu3wZ1RM%2FCSsV2SeqwKqpRbdYafC%2FA0dqmeo9g1kFgfJyBF2AK%2BqNJjhCrCDf9FAqvnP4kpgeO4EMB1ZVVNNKJIPaCL%2FvAddq11BQWSOmlQ4tuCm5ptF8WtJoBzq5I4Ma52dCb3NQBI4OQ%3D%7Ctkp%3ABk9SR-728aWZZw
JEFFERY-WEST MUSE Black polished SIXX Toe Cap Harness Detail Zip boot UK 8,Ness,£97.00,Free delivery,24 Jan 2026,42,Brand new ·,https://www.ebay.co.uk/itm/127636368340?_skw=NEW+ROCK+BOOTS+PUNK&itmmeta=01KK55WFD2EP74K8PA8BV89CHC&hash=item1db7b86bd4:g:UPIAAeSwARlpcK7g&itmprp=enc%3AAQALAAAA0GfYFPkwiKCW4ZNSs2u11xAMoVuO57NWYtBbxZISHPEzUUNGOcF7dJ%2FtBhrXvDU0lZKJ5RJKAgwrx6j1doq1%2BRL0Wqi7deN1nV0sM4SX%2BG5ij0p1i20wVZo0atwimNXRzY%2Bd1VDM1nwk4X6Pkbmm6pCdMEgYaeprRH6v3eCIjHkHGaOIu36Ha4gvwjjQRxFrEt8%2BT0wp8gtVnnqpAqRSj3cuYSzU7zawshMDMKvSkv37wD0Xs1kL9rnnJg9pK7GpR4cgWXrY4wye6NVrNhS%2BlDY%3D%7Ctkp%3ABk9SR-728aWZZw
New Rock Mens MR030-S1 Black Western 100% Leather Gothic Platform Shoes Boots,Leather,£224.99,Free delivery,24 Jan 2026,42,Brand new ·,https://www.ebay.co.uk/itm/255313626013?_skw=NEW+ROCK+BOOTS+PUNK&itmmeta=01KK55WFD2YA6D6A0ZA3638APM&hash=item3b71e0c39d:g:3mAAAOSwQv9h1HdJ&itmprp=enc%3AAQALAAAA8GfYFPkwiKCW4ZNSs2u11xCQzRFzuZVqHMXyrh%2FmKLP5trc8C7DCw7f6pudC1tn8dzsUc9XXJNSk054lZJsXI0kIWHT6VpqFYNfM7mFaV15KBsDgj7RPq1yphkvygCqOcO%2FY4qJlf55%2F85yAedEY%2F8empTIIl11T1fYzUM6Durla4xcSDBbHlwbFmz6nzxn%2BGyWM84Ep1jMwW8O9vXZXMLTomc1LbKG3WL5lwmXLxj77Z6TlkzXgk7gOh%2FXLnf6KrmlnKruRZmyvX4zwAvHgpnPNBWkotW3%2BoLqfwhOjNvinOhr2MnPuiVYsyb7pLapM2Q%3D%3D%7Ctkp%3ABk9SR-728aWZZw
New Rock Reactor Punk Boots Goth Black Leather mid-calf lace-up/Zip EU40/UK 6.5,Leather,£70.00,+£7.50 delivery,24 Jan 2026,42,Pre-owned ·,https://www.ebay.co.uk/itm/168102547651?_skw=NEW+ROCK+BOOTS+PUNK&itmmeta=01KK55WFD2CRY8R9VF30F5PTR9&hash=item2723b150c3:g:X60AAeSw1u1pci1V&itmprp=enc%3AAQALAAAA8GfYFPkwiKCW4ZNSs2u11xBE9qouV2PT5%2FjF%2FuLz%2FJjtPw5PViFQ5SQ1bwUi1YhaCLj92orWa3SYKrb1nleFbG00%2F7yDMDfUxEmHQLtE7igdk5VXZMI8uMIfV2AuChdG7lR%2FhiO%2BOjbIdsUViArJlc%2FWIHFLEfnZm5wEEHgsGMulnP2UuTmu%2BJ9a4x6%2FY6XbYCmDYIiI64fhLA8N8ohMzK1XrtLr%2F9ltoXYYKJI%2FevJlkG29t9uu5nh8cHRC6GV%2BonvWZdZCVmXNlAUSyIU5BRk7HUDwZG0xFN%2BkpnJiakEAeiwzJUXjr4ZALybYckFg1Q%3D%3D%7Ctkp%3ABk9SR_D28aWZZw
New Rock 272-S1 Boots Black Metallic Goth Knee High Zip Leather Buckle,Leather,£224.99,Free delivery,24 Jan 2026,42,Brand new ·,https://www.ebay.co.uk/itm/313554478992?_skw=NEW+ROCK+BOOTS+PUNK&itmmeta=01KK55WFD2SR265HBF86C0PHQ0&hash=item49014da790:g:SRYAAOSwn~tiIgu3&itmprp=enc%3AAQALAAAA0GfYFPkwiKCW4ZNSs2u11xBRBedKLDhCoU4tPQ%2FB6D2NQ41lZv7Uu3EM1BJonlIYup8OlVGC2hzNaadF7simmkbffPwFCWHIhE9J%2FUlcsALne8TfnsYpnUmpqWADMEaKLyEES7A6tiBoaypcgWFWrdskYQpzQPmKoOkenUyhtrWLKKir6fXB%2B3pfRYjP2xe9BAmHreCszhISGDkkAZKdfYB27xEkkBIOUoEQ%2F3J0HPIRSS%2B%2B6MFPq8C2blzfzB3xbwc50k92KEYjxY4a0HRxFOU%3D%7Ctkp%3ABk9SR_D28aWZZw
NEW Dr Martens 1490 Joska Stud Black White Buckle High Boots UK4 EU37 Punk RARE,,£94.30,+£3.38 delivery,23 Jan 2026,43,Brand new ·,https://www.ebay.co.uk/itm/126700197428?_skw=NEW+ROCK+BOOTS+PUNK&itmmeta=01KK55WFD2PY0DS5G839Q5BEN0&hash=item1d7feb9634:g:P74AAeSwUcloixnq&itmprp=enc%3AAQALAAAA8GfYFPkwiKCW4ZNSs2u11xCDArD5Ihyfit3wc519HZMpMary01rfPEw19vgvNj70UNBUvraiDx6tg7wIQQv%2FHX31Qa9r%2BYFjuE9nZk28JFow%2FsIf7W0Bn0T0Xv0pgPiK5nT%2BdjuICwZFs%2FpsEXpj%2BZ%2FbGTvXHyB%2BLw272x543%2BflG8PQlKuF%2BA%2FUBEzz%2BCAGnjvmaMPfHAXeSYYjSokr0HCQ%2BbI3hzHnu%2Bn2gFVQwm0Yc6KKy0iPB6u9shllrxanELFtzsRrd5roRwjgOUS4Z%2BxdSCDz8rVCGjnIiyDtAB3Biyl8vBKeKwVyGstoEyF0vw%3D%3D%7Ctkp%3ABk9SR_D28aWZZw
Dr. Martens Jadon Boots Black Smooth Size UK 8 / EU 41,,£109.90,delivery in 2-3 days,23 Jan 2026,43,New (other) ·,https://www.ebay.co.uk/itm/227119785251?_skw=NEW+ROCK+BOOTS+PUNK&itmmeta=01KK55WFD2R14KFTZ8P0GF7RP3&hash=item34e164e523:g:eGwAAeSw8lFpNIaj&itmprp=enc%3AAQALAAAA8GfYFPkwiKCW4ZNSs2u11xCGCyo0bZZBpuy5TC0rKP8IZH4FkPUuUw2hGyObpB0XDA3o%2BvIOJ5EUGrTn%2Bo6h4Az67q6rPVFURb7mlGLIE0ip1Wi%2Bd9SYxl2hEVrbA1sLYslLmp2zC0fqUGYHf1OaNvtwWOzGCz0IoTZcjVP4R6z7mG2qsiomTRCnYJvdJwKhhx7JuUbRF2fsD5DwoWBBCqqO40ZdweqMfJzpJI4DWjZtE7qaDXfjh8pj1tgGKtAHqpStU%2BQcq9i1r03nleTg2znwAKtRy4g%2BUNvjwmQKOPV3A8t%2FVD4yRFTB1m%2BO5aGSWA%3D%3D%7Ctkp%3ABk9SR_D28aWZZw
JEFFERY-WEST MUSE Midnight Blue snake effect SYLVIAN SERPENT Chelsea Boot UK 10,,£132.00,Free delivery,23 Jan 2026,43,Brand new ·,https://www.ebay.co.uk/itm/127635078345?_skw=NEW+ROCK+BOOTS+PUNK&itmmeta=01KK55WFD2GD87R7X6GV37VYAW&hash=item1db7a4bcc9:g:fLkAAeSwt1Fpb7xu&itmprp=enc%3AAQALAAAA0GfYFPkwiKCW4ZNSs2u11xAUQZ%2F8Fmu5NV%2FH88kJwCHcPFtbqAAz0K7b2DZHBM43VEbRc3KsLL5VuEh%2FlLfSfcF7VLrgkiN6awuHfT2VyqHJ%2BaXimj4jvQ4eAANn%2BW2jAcfGpxEHAU0buLm2k9Euyt8A6gt3cw7bqH7x0dMS%2BWswJVWykt7g4MqN1mGhJP%2BK2cU67UIU%2FXWKpXwDY%2FI8H8jUdvota5hVC32sRXviHHRU3wamUaKuUhg%2Fn3KkdpwD7HDydGMzPotsm07RZCXYbXo%3D%7Ctkp%3ABk9SR_D28aWZZw
1460 THE CLASH ARMY GREEN ARCADIA DR MARTENS UK 11 EU 46 BOOTS RARE NEW DM’s,,£150.46,+£7.27 delivery,23 Jan 2026,43,Brand new ·,https://www.ebay.co.uk/itm/177783175850?_skw=NEW+ROCK+BOOTS+PUNK&itmmeta=01KK55WFD39JR37HTATXYSFNKZ&hash=item2964b3faaa:g:lt0AAeSwyA5o-j4T&itmprp=enc%3AAQALAAAA8GfYFPkwiKCW4ZNSs2u11xC495nyBVxKhbPVtKe9NDLnCw72YzQENpgMRrbgcGupdWQupg%2B9CRWU7oJKwA2GwSKUEN7L1FYK2CnO0%2BpoMzOBoEcdyKO1Sod3TXpx3wVlJGOl5nY3EkHDcKkYplPPKsNxdbwWFL7NCCGOrB3uSBNA6lrsLX6VkVMMj5s3NHIlz9zzyaR1at9z6XbnzeA1ujvrA00rILG%2FeLiM2%2F3nJnRIrCPiYZGe2%2BS6V6%2FxH0zcKqJ2NyBtUWxIKczNay%2FqeNsR8LmB4Mo%2FmoaIZXN4EDeTyv16gBzpsOe9qgmVjzAbhQ%3D%3D%7Ctkp%3ABk9SR_D28aWZZw
Ian Dury - New Boots and Panties!! (CD Remastered 2006) NEW AND SEALED,,£7.99,Free delivery,22 Jan 2026,44,Brand new,https://www.ebay.co.uk/itm/366115314154?_skw=NEW+ROCK+BOOTS+PUNK&epid=59470937&itmmeta=01KK55WFD3BFV5A7QPRFQAC6QK&hash=item553e2c59ea:g:oPAAAeSwwm9pYmFO&itmprp=enc%3AAQALAAAA8GfYFPkwiKCW4ZNSs2u11xCpenOBhFc3O9I1pv17LtEHH40%2BhkZAdKcb%2BorrXvBE3bIcZNGhPkviMj05pJm6s0XI8J%2Fz4UOhoYToK8uKsuXLKVpWJkxhObVFajob9wAGqBPz0dTjjhz6cWN0mLSIw%2BF6sGxF4%2BI0chxjMyQFGs5HV04UZcBBE2m3znHVSYNQy9KwnXAYUcE%2BlI7YthBcvMzQev9nwxHpIMj3PYWSWg%2BjEwM3namoqFrNR975SUO9bh47Lvp9K7NYp%2BMrCpSv3gvng3DcmiJzA99hztCy9YdNn04Xqy5brIP6ah8H7SJsZA%3D%3D%7Ctkp%3ABk9SR_D28aWZZw
New Rock 391-S1 Unisex Black Boots Metallic Reactor Goth Punk Rock Biker Boots,Biker,£197.99,Free delivery,22 Jan 2026,44,Brand new ·,https://www.ebay.co.uk/itm/264700844907?_skw=NEW+ROCK+BOOTS+PUNK&itmmeta=01KK55WFD3K1X9B83EFXQMKA3W&hash=item3da1665b6b:g:~74AAOSwi6BelyL~&itmprp=enc%3AAQALAAAA0GfYFPkwiKCW4ZNSs2u11xBRJppeHDiwZfmKcj%2Frqa2k2xaa7UfPEItMdqdHEK503Rgt63qlC7KzmHrt8E8fUL638Fdue4GLf8rSZJyxTOOUqFQ8EKPqUknmKpx7amsygx%2FDPt78%2F261J2EBazwtX3yfi9SE7zxYKRosHPD0TGhfi7XS2eFbe%2BX%2B%2FEUVt11Nf6ko7VuX0ij0ntwMiQcfIRuji5v9YbcqO7ToA4sjp0GJtCCv6lGM2DCqqvb7K6p9fdey9GINkpll4v1CHwzph0A%3D%7Ctkp%3ABk9SR_D28aWZZw
Goth Punk Platform Boots Women Lace-Up Ankle Shoes Metal Decor Rock Style,,£98.99,Free delivery,22 Jan 2026,44,Brand new ·,https://www.ebay.co.uk/itm/406040888753?_skw=NEW+ROCK+BOOTS+PUNK&itmmeta=01KK55WFD3C0PTT3990Z91AK9D&hash=item5e89ec45b1:g:KcsAAeSwaOtoclh5&itmprp=enc%3AAQALAAAA0GfYFPkwiKCW4ZNSs2u11xCMe0ptULfyESfTZ4W4NYgHqRccI80yiA%2FOYq%2FF0bticHZ74CgpAhYxMWq6y0KFBYAXki%2FcEbFsCw85GwgpbSNGJADP0DPGSFBB79UOFIeNt0Zrju4ErBl5BPEzJpKQEIdhpFdzoAxXctSpwVT52Vmj2bM%2BkMJiDVNMywWaLSygmgk5TVaXKdLyHw9OO00o28J3faWhUh1JqeU%2FzXSXekr7YQGmaqEfO9mchGJO9dTIs7o5dqywzFRQsp59IPVBuVk%3D%7Ctkp%3ABk9SR_D28aWZZw
NEW ROCK Black Leather Chunky Platform Mid Calf Punk/Goth Boots Size UK6.5 EU40,Leather,£170.01,+£7.27 delivery,22 Jan 2026,44,Pre-owned ·,https://www.ebay.co.uk/itm/197815995583?_skw=NEW+ROCK+BOOTS+PUNK&itmmeta=01KK55WFD3EC83B0G5V0EMM5JD&hash=item2e0ec08cbf:g:mDAAAeSwBntpA5wy&itmprp=enc%3AAQALAAAA8GfYFPkwiKCW4ZNSs2u11xDjH7kBRrYFZvF258Agr9JeVJ9vgcl6UC8hJg7Pqe%2BhOnq3vrsOMzwEhCiAgqyCe4ILd7WUSKI6YLOCaSjtFs2m6lfF0QmDO7gACPmGJf73eBsEHRD3GcV95IluVbQkQAWzPxuYoCiDgg7CM0ejFqmOOdNjm2gT67%2F2s3zNMebgaimrB5S5jr7y4UcEHQPlfZHT7Y9NtSy0T%2B28Xj1qQJnVLrqp7AoN9rSZOYwAwWKw%2BF1TaFt3QfUPk5CyHRvOphCU5HrqfFtDBxqimYSuKLT3LHWsNJr1hWVH3EEv066%2B3g%3D%3D%7Ctkp%3ABk9SR_D28aWZZw
"'Vegetarian Shoes' 20 eyelet vegan leather boots, Mens size 11 UK",Leather,£100.02,+£3.71 delivery,22 Jan 2026,44,New (other) ·,https://www.ebay.co.uk/itm/396990615545?_skw=NEW+ROCK+BOOTS+PUNK&itmmeta=01KK55WFD3RKE0JZMJ5DT0379J&hash=item5c6e7c0ff9:g:SRAAAeSwxZRoqzAQ&itmprp=enc%3AAQALAAAA0GfYFPkwiKCW4ZNSs2u11xCB%2Fx5mgJdgv8twJsSse8y782kWyTq9jr93QHnFIEGzdJJWsoi7ZbAkllGZJUgH2%2BHf7GieXbSlQOkaAYtgd2vePH0MM2t0LTSsdq9gWagU%2FDZX2an5oZdAg0K2WWR2rxuecXOQjAKT6AZVpeBHOnHpd47YhAkFp32950PsUsHYLTgqrLe0raDMvdTsborMwtKlrMHrGknWVMrWpf7lNHXWXU9fweB06D8C8gNMtB5YYvEmoLI7CFqzK7PapGUdjU0%3D%7Ctkp%3ABk9SR_D28aWZZw
Ornate Cross with Death Head Moth DR Martens DM Boot Charms Inc Gift Bag New UK,,£4.81,+£2.70 delivery,22 Jan 2026,44,Brand new,https://www.ebay.co.uk/itm/187844507798?_skw=NEW+ROCK+BOOTS+PUNK&itmmeta=01KK55WFD3DGAT8H9J97Q57E7G&hash=item2bbc67b896:g:uXkAAeSw2gBpQGiX&itmprp=enc%3AAQALAAAA0GfYFPkwiKCW4ZNSs2u11xAoWIQi8puKVKQjL7IPkYmJ68XrBssmXmvX5hPQsXvGatdZy3u6bw%2BwTil2yY2zWFfkp2%2FoNuNDh7SsePcl%2BmyuNi3xQygXbSr%2FXZguqw%2FJGAwJCF%2FbC5RP45rivBBi2UmP8IMZRAA4%2Bvdr9qYyMDH9ea2FaKniifd8Xt8dDAIA%2Fkjvn2Xjox2kh5XuPO2YxmPgpn7KtAxqaT5P7%2FgPZwHm2iVn5Jty1Km1rQLeviPJbAp%2F%2B9aOhw%2FunJDuT%2FKqv8Q%3D%7Ctkp%3ABk9SR_D28aWZZw
New Rock 106-S1 Unisex Metallic Black Gothic Classic Leather Biker Boots,Leather,£193.49,Free delivery,22 Jan 2026,44,Brand new ·,https://www.ebay.co.uk/itm/264700870828?_skw=NEW+ROCK+BOOTS+PUNK&itmmeta=01KK55WFD38RMFTEGWCSMDME76&hash=item3da166c0ac:g:724AAOSwS8BelyrV&itmprp=enc%3AAQALAAAA8GfYFPkwiKCW4ZNSs2u11xB6lGXAw6%2FsxaheXTPXhp6RQIJkaQlOwcyBRqVnzc3NJasJ5KyHvj9zZjCE5Hx5xJprkQecxV1CmTGhYEKJqcoTvXZEvE8slO3TUcaN87J7blGd0MFlzVNmF54hOZWbWSna%2FKt6Bu0pgxzk2xN8ldezcTDN6F%2FIy6smxnFoIWN7%2BcPr674TzljwOIEgPn2D2GT%2BSqXDBR1%2FMGJC0VUiE5QFU72y27Sj9HbIEGVBjo3y2lhvQnMLaaMKp0Keur3golrkcM%2BfHAFFIdL8O698H9JOcsf9GVI04hme7vGN7nBt9A%3D%3D%7Ctkp%3ABk9SR_D28aWZZw
Vintage New Rock Reactor Flame Leather Biker Boots EU 36 UK 3 Chunky Sole Goth,Leather,£159.99,delivery in 2-3 days,22 Jan 2026,44,Pre-owned ·,https://www.ebay.co.uk/itm/358122273600?_skw=NEW+ROCK+BOOTS+PUNK&itmmeta=01KK55WFD3MBBWA18P3R5N513Z&hash=item5361c03b40:g:yjEAAeSwdWdoPTpm&itmprp=enc%3AAQALAAAA0GfYFPkwiKCW4ZNSs2u11xD9VVW3KfkvCKqj6PFFr4W2IiaT6UVOxYXct2GjU%2BRAfAmT816uD%2By1Rb54E1rjDtrvoTrUyxVb%2Fulpi1hvsRt%2BO0U7Xb5tSbUG%2BJghjiEuU7qwnp%2BgIa%2B8vkxKfHlsH9p0zfm7V83Q%2B86qamSyh%2FmsWOoCkYrAhxzpCR1CflOsMmjYbjypw5ksMFWltOuEbeTQVZ6nDMOrvbUuhPrCbL47qwEbwUnYdJzvX86l8sHtumML%2BBLb5jfkCRUE%2FT4P3U0%3D%7Ctkp%3ABk9SR_D28aWZZw
JEFFERY-WEST Rebel 'NOMAD' Brown Suede Western fringe boot Goodyear RRP £475,,£165.00,Free delivery,22 Jan 2026,44,Brand new ·,https://www.ebay.co.uk/itm/358026460873?_skw=NEW+ROCK+BOOTS+PUNK&itmmeta=01KK55WFD319R5P2VR1ZW63FX7&hash=item535c0a3ec9:g:ScIAAeSwWvdpQqlB&itmprp=enc%3AAQALAAAA8GfYFPkwiKCW4ZNSs2u11xC7O3z%2BV7mq6NutD%2BMySpzAJQRKpq85qhjEojSE4Ss5VWLLOU2Mi3jVA%2FQVC8uCHnYuvK26Q%2BHQ5woytILFdYJMPrA5fIOncs0SCb4TYFeZB0RV27j5N64ps8hkf2M6UUMkATbcmPM1LMIB3lVPVsse3GxU%2BJnvd3OO%2FxFhwjzVn0X07J5lGarjFM6JCw6d958R2oia4Fv0gRovTcpBXy9XQIsWx9YoXQ30KlZgHLptTVV6xcV4gRxkRyAx08DhW0ToFn1AUbbgX46qxcGm8Q2lIGBJw0BYv4pL8NtVUkDfUA%3D%3D%7Ctkp%3ABk9SR_D28aWZZw
JEFFERY-WEST Rebel 'NOMAD' Black Suede Western fringe boot Goodyear RRP £475,,£165.00,Free delivery,22 Jan 2026,44,Brand new ·,https://www.ebay.co.uk/itm/358026467511?_skw=NEW+ROCK+BOOTS+PUNK&itmmeta=01KK55WFD33C98VJAP119ZV9EB&hash=item535c0a58b7:g:2L8AAeSwqLBpQqyk&itmprp=enc%3AAQALAAAA8GfYFPkwiKCW4ZNSs2u11xDjslYJR7OwB5d6lSmiswbg8YoHXkZ5jz58AHwAdU8tggbMgfi707Y7RJzzRdwiLEHzzFTnPku7G%2BicG1jf6BWWIFUhqvsG1H899glGfU3hdvq2QpxxbflMI2Tyd%2BJZUZer4q4zSnYcBv9TntaekuLZvhFbW%2BgjNyCoSED7RlBwPxt%2BHIniMLuCcocOFM22xtfXa3Gc6xxxLs%2F8EQRcZw%2FIIwPtnk9eAPw12KhaB842ZPttKnm7DZxJVPLb69bBFr2pw7FoeHaVbo84F%2BvGLRHOcXiHOWuFXN6vJF2MWFlUHg%3D%3D%7Ctkp%3ABk9SR_D28aWZZw
NEW ROCK STEAM PUNK WOMENS BOOTS UK 6 / EU 39,,£125.00,delivery in 2-3 days,21 Jan 2026,45,Pre-owned ·,https://www.ebay.co.uk/itm/306719821338?_skw=NEW+ROCK+BOOTS+PUNK&itmmeta=01KK55WFD3KX0V6W6BGSE97K68&hash=item4769ed0e1a:g:bj0AAeSw4iBpbk7r&itmprp=enc%3AAQALAAAA8GfYFPkwiKCW4ZNSs2u11xDY5uLeOyADS8aOJ8QblZBDodWKfoa7j6xTZ7EUeuV5hFwyIB4b%2BmN4BHBD9USXJy03ubjdPq5yqauHfCcByoyOuA5LNJD77AroYZms8Oqgy%2BWUcq2Ipz62jl9aVs5kxKzi7F%2BlASlJt6aZM8CKxbV07DxgA83AFuah7Fz4r7SK2KSu2zu8K%2BWXGeruPeSES8sMAYlm4ogigam4KgpH75QzT0yTwhAS0czLFOyVvrQHOHKsSSKpttlW%2B6JUmH8PtGI%2B%2FGz78IcZPN7SGeR77pwhXoi%2Fw0DaTBYbb8GSIbkPLA%3D%3D%7Ctkp%3ABk9SR_D28aWZZw
New Pod Ladies Boots Tan Chelsea Style UK 5,,£15.08,Free delivery,21 Jan 2026,45,Brand new ·,https://www.ebay.co.uk/itm/257295886475?_skw=NEW+ROCK+BOOTS+PUNK&itmmeta=01KK55WFD3ZHP3JA0XS77XDVW5&hash=item3be807a88b:g:EVoAAeSwvPlpXOb7&itmprp=enc%3AAQALAAAA8GfYFPkwiKCW4ZNSs2u11xBTFk4tea31C16h%2FcRHQSgDJZ4BQ4U8F5bPubwAHS5WTSBjrpKIcDQ9Stt8rEDVID16YiPd9fSQWYWdyGiGl8pmA0qFwBIxzP%2FBKRllvcfQhVeO8iHR7j4DWUA1ORWgo3DD4rv78dKyDtwZG6N9HNHR7K7xMPv835Sdu3j5fzce%2BdChuB24IgTUzAB2OtBeLFRf%2FW4xVrhYAEhXNnIYhyIzz5lj2yyOdPraQYYF9phrewebz4OtiA2jbd6dtnqAzYk%2FOFcq6VZnMkyfYAKMsg%2FvjF7IR3hwfVfkQTT0kkj3ag%3D%3D%7Ctkp%3ABk9SR_D28aWZZw
"New Rocks Ankle Boots Space M-373-C105 size 9.5, black, genuine leather.",Leather,£301.26,Free delivery,21 Jan 2026,45,Brand new ·,https://www.ebay.co.uk/itm/397513395805?_skw=NEW+ROCK+BOOTS+PUNK&itmmeta=01KK55WFD3F1NGXNNG85C9D8VR&hash=item5c8da50e5d:g:V~4AAeSwPjVpbrDz&itmprp=enc%3AAQALAAAA0GfYFPkwiKCW4ZNSs2u11xAXIzUin0pMg%2B7DDNHRoMAfLaGjEVs9rYf7mKM360%2B5TTBjt%2FizEuliL569kbjmnlYk0K6M3pk2mgbsNwik%2FYRXVm7yqzVJB9vzh3%2BOLeIKwzQ69BULjb7HZg460kE402NOBmBnroguT86BjF%2FG%2BMNbnb5kEIK1ukQCpKpf6DVBVxrY00QP8RIyvIhSCFlqLNDxhuYjlZVCt4MFJGGSSXO5JblOe%2FW1wYstfLF%2FPlKYWDBmXAjApWNERDqeQ%2Bt%2Bzzk%3D%7Ctkp%3ABk9SR_L28aWZZw
New Boots and Panties - CD CMVG The Cheap Fast Free Post,,£8.92,Free delivery,21 Jan 2026,45,Free UK Delivery | 10m Happy Customers | Trusted Seller,https://www.ebay.co.uk/itm/146788760464?_skw=NEW+ROCK+BOOTS+PUNK&epid=4035819&itmmeta=01KK55WFD3FG0CR8SSJHYNRDPB&hash=item222d4abb90:g:uYAAAeSwrxppM71s&itmprp=enc%3AAQALAAAA0GfYFPkwiKCW4ZNSs2u11xC77OE9SX6KxBplCJLZ6GmhFXpTmBEgYjheYfsz5reYC2jxp6It82ame8wqOKDZZjKoyg%2FCrZkW%2BpcGqjU%2B78MIca2wNpzLGhJqYn4gkA%2BdhWxrrLD9YyE%2FmIouZCMPOcaBnVyDnOnFKuK3dm0biKbd2XZfOrIoyPt4hw5lT4jnyqL55h0UryCllamnMIyeR4niT9o7yUeXBig5urlzXdj9wTRIskqdjG%2FscsAZ%2BRcgYQkXghcOLswNHDR80kaWtzU%3D%7Ctkp%3ABk9SR_L28aWZZw
"Clarks Womens Hamble Oak Black Leather Brogues,Lace Up Leather Casual",Leather,£52.00,delivery in 2-3 days,21 Jan 2026,45,Brand new ·,https://www.ebay.co.uk/itm/406133891889?_skw=NEW+ROCK+BOOTS+PUNK&itmmeta=01KK55WFD3E47B0JX7JS2HC2JW&hash=item5e8f776331:g:3PUAAeSwD39pNpke&itmprp=enc%3AAQALAAAA8GfYFPkwiKCW4ZNSs2u11xA8Z5Eocpf5kSC9oogVLRJhxAKLflQXG%2BAKPKqTzSHV7%2F4ygCGrav0gWJaMGzHng8h%2BINHQEYOGPpmg%2BN7juLSjKfLT9Ksw46jFtRYc3rpZJiNKTbopmApoVSQHPilB8gD4psaK9kxT5BpMXv%2FsmK9Uib%2FDqT2w9fkMhYRyQ9fjeTGCX%2BjETuOoxXmjI5xUUYw1nMnzsMfokrtLI55zTYH1wz%2FCDcO1MniOMlGOyzoj%2FI%2FqXwBX3iXL0gHj%2Bra7J7TZRFypxVyqHrGdlGBYrWA%2BQKBrvsz0WQLs%2FmjVG0dY4Q%3D%3D%7Ctkp%3ABk9SR_L28aWZZw
New Rock Reactor Brown Leather Chunky Goth Shoes Heavy Boots UK7 EU41,Leather,£82.44,+£5.21 delivery,20 Jan 2026,46,Pre-owned ·,https://www.ebay.co.uk/itm/306719940504?_skw=NEW+ROCK+BOOTS+PUNK&itmmeta=01KK55WFD3S7Q175C2EG7GV4W9&hash=item4769eedf98:g:eFIAAeSwtPNpbmf4&itmprp=enc%3AAQALAAAA0GfYFPkwiKCW4ZNSs2u11xC2Ppti32f3MEMRwy4dZ63djL3T2PZrQWnxZxVbr30O%2Fckbmg9%2BFibjyFVubtt9aoGwt28WH2VAwe%2BhaPPVVJNvmGHhp9ySykteeON4wy5jk9Bkzzwk24lmYjYh%2Fj7ViDmcedONq5fokFK46GE6cVo2qXjV6vF3U90%2Bp%2FaaV6sximPuNm5XngOxnekavfJjZJhi6wJw6%2Fq1uT6OILc2JhWSSo9M5FeuibSoqer662BklFFsY4KsP70zzBgy3F1pOIg%3D%7Ctkp%3ABk9SR_L28aWZZw
Shop on eBay,,$20.00,,,,Brand New,https://ebay.com/itm/123456?itmmeta=012DEW30YG0MEEKND7NH&hash=item123546:g:acwAA9KNiJowH:sc:ShippingMethodStandard!95008!US!-1&itmprp=enc%3AbgepL1tlUHjMGCVfSTGJh%2BzsVKeJ3CQk7NizDI4BZeppuFnmyS6Ijyp8lh%2FnEw%2BWqO7uTV1Q6izE1R0T54aV8j71F4xlWfVcGft4%2FiOQhtqVXA1rW6M1atPARQRmhqUxtEPJKhKtSFgI%2Bvwlzb0GwVCtkp%3ABlBMUObkmabpYw
Shop on eBay,,$20.00,,,,Brand New,https://ebay.com/itm/123456?itmmeta=012DEW30YG0MEEKND7NH&hash=item123546:g:acwAA9KNiJowH:sc:ShippingMethodStandard!95008!US!-1&itmprp=enc%3AbgepL1tlUHjMGCVfSTGJh%2BzsVKeJ3CQk7NizDI4BZeppuFnmyS6Ijyp8lh%2FnEw%2BWqO7uTV1Q6izE1R0T54aV8j71F4xlWfVcGft4%2FiOQhtqVXA1rW6M1atPARQRmhqUxtEPJKhKtSFgI%2Bvwlzb0GwVCtkp%3ABlBMUObkmabpYw
VENDETTA EP 7” JAPAN PUNK RED / YELLOW VINYL TOM & BOOT BOYS ERECTIONS POGO PUNX,,£5.45,+£2.72 delivery,20 Jan 2026,46,Brand new,https://www.ebay.co.uk/itm/186111825277?_skw=NEW+ROCK+BOOTS+PUNK&itmmeta=01KK55WNAQ8BN9RCJV3JWJ6FKN&hash=item2b5521157d:g:hhwAAOSwB-5lGpLb&itmprp=enc%3AAQALAAAA8GfYFPkwiKCW4ZNSs2u11xD7o09EiUZIqsGPnCw6WuhsoSPMPD9gSbJuqAO9JLg%2FxcILpTC0dycP%2Fcej9C7AI%2FNBMWJT3Y%2FiFBMi7Go%2B%2B5ptA6xHmjF2GdFccncpRUio4O%2Fi3HS3NxYTiO%2BlJau%2Bjy2qDPkpyqVr5u6X%2BFs9eW01VB14hoeJCWs%2BcmzuZjJo6KV5AtjwM8OmRRGxfA%2Bpe8YDvVx5lFTr%2BgTEp87309pDS4OixdoBJeFhUOSsfSVE17ahOjkEqazsaaAUMUCO19hjVOROjKPSx8aIM9xJHuPuIzQZGgUpHi7unPkkXuxbrg%3D%3D%7Ctkp%3ABk9SR9LV8qWZZw
New Rock Vintage Cyber Steampunk Chunky Platform Goth Black Boots Uk 5 Eu 38,,£90.14,+£3.38 delivery,19 Jan 2026,47,Pre-owned ·,https://www.ebay.co.uk/itm/376878758709?_skw=NEW+ROCK+BOOTS+PUNK&itmmeta=01KK55WNARRP2ZNH8X6J00V9ME&hash=item57bfb97b35:g:vjEAAeSwAX1pY88f&itmprp=enc%3AAQALAAAA8GfYFPkwiKCW4ZNSs2u11xB3IKNDY1ANBsJVbkK%2FigRZH2SvX%2FXNS6K4VhrolaxFU%2F5FAX3GR1lJKZA9CUJXYsZl3z%2B4QOuwAh5zf61HNwh%2FyqDKHVkxONF%2FDbgCVe91Buoz2bSYAeQPjKZpKMqO721GxePm9t8b8%2FvS36%2FeWd8QpqYs8TQvxA4Jzvx021J3cN4QR1D3k3SamT%2BBhV%2Bdq9hy%2BrGp0CZFqe%2BUJmymSMo6rd7ihH7nfwxEo%2BwhB6lA3Jc82PC21VPeaiCqSKj1HrDM5Im%2FnjBpqb0GvmqX%2BKkbqqJXAJvbEPkbAS2uNCov2A%3D%3D%7Ctkp%3ABk9SR9LV8qWZZw
Dr Martin Men’s Lace Up Leather Mod New Wave Boots Size 12 - Damaged Restoration,Leather,£18.07,+£3.71 delivery,19 Jan 2026,47,Pre-owned ·,https://www.ebay.co.uk/itm/198028515960?_skw=NEW+ROCK+BOOTS+PUNK&itmmeta=01KK55WNARPNK7MZ6SRG8KD9NQ&hash=item2e1b6b5a78:g:jBIAAeSwzahpZ~Nl&itmprp=enc%3AAQALAAAA8GfYFPkwiKCW4ZNSs2u11xBGGUDy%2FhQOJ9VyJmCQrWbFxjaXv8nTUOzP9mC910JakosPDYzpTi%2BVuBY51NIxvTZy%2FcpQKYFnfYWeUwf0J41n4B9dI9KcfTZ3skvwIPsltiOwsWKZfehkl2L4fgTl%2FqLfGfzLE7mBbdg9pj8Y9YhylXoOEma5YIVccU68d6C8o5fjjiqJyLO15l57GUZlG5dX6zay98fa8N0mf5smX6TO8EpKOOkIQ19Lc%2BzNibFqkBskaO0jyCVOx9V%2FyicJOGVm193qgN9%2BnUvL6rEN%2Bifu%2B22%2FF3%2FbNruzM%2FfmXMRaPw%3D%3D%7Ctkp%3ABk9SR9TV8qWZZw
New Rock Reactor Flame Boots Black Leather – EU 41 / UK 7 – Gothic Punk Platform,Leather,£125.45,+£4.48 delivery,19 Jan 2026,47,Pre-owned ·,https://www.ebay.co.uk/itm/287086744232?_skw=NEW+ROCK+BOOTS+PUNK&itmmeta=01KK55WNARQ3DHG2JMT9WCHD14&hash=item42d7b412a8:g:hLYAAeSwqJBpZXc3&itmprp=enc%3AAQALAAAA8GfYFPkwiKCW4ZNSs2u11xD%2Fia1GgV5JwL3dfsw21BwUEgAryGgqqBXTzzLeo5CNtZigPRkh31npdTEngqA8HZWosYfJokHFGwcEYcEJnSS4TxbILgxB5cQQg5Qrl0UdLJ2khU6MXAHhoG4dl9rc7YUPh024l6IRGlqNbhWQfxjDleUjiLLTUDJ81t6INOW6x%2Fjvxa208Fna9CVqlUJgjXdyma%2BgJKrBL1PrKAlKpoHtSxKe8hfmSaoNXbR%2BUz2Za9hfdYdb2Zh7XYGIMuxqeGyVYKOyQ98W2Io5BttJqh9SJLJIJVSbk8XkADPZ5m41ug%3D%3D%7Ctkp%3ABk9SR9TV8qWZZw
New Rock Original Black Leather Gothic Steam Punk Chunky Mid-Calf Boots UK 6-7,Leather,£70.00,+£7.10 delivery,19 Jan 2026,47,Pre-owned ·,https://www.ebay.co.uk/itm/406616798182?_skw=NEW+ROCK+BOOTS+PUNK&itmmeta=01KK55WNARD0AF5PJGB5FNBWX2&hash=item5eac3ff3e6:g:-QMAAeSwkKlpbjmm&itmprp=enc%3AAQALAAAA8GfYFPkwiKCW4ZNSs2u11xATawVig1fahxZ1HNOTLpnSTGMfSgnpFBhpT3Dj01B3P%2FYCqJjlfnoFs%2FADBp%2BSXjHJ3S7gKj8LfKm7qnFR5QH2byoC%2BVExsAeVPcxr43c3RqhIv5598WKcu8%2F6dTMbBRc7vX2nUBJqUahHCPZVFleqwqdR79mxFHccmP147onL9%2Fb1T8zGbrLN7MM0C3fArI6ZJLlAKqkaxPSWKtommCzlaPBcUDmylI3WyEIzVh4WJhHNxddJv68dzkWPNE51NLUNbIYCq3GV7Y%2BBTsQfWQxNkPc32YpoetbpopT7czNe%2Bw%3D%3D%7Ctkp%3ABk9SR9TV8qWZZw
M796-S1 New Rock Black Spiked Knee High Boots Size 7/EU 40,,£187.90,+£8.41 delivery,19 Jan 2026,47,Pre-owned ·,https://www.ebay.co.uk/itm/147102885042?_skw=NEW+ROCK+BOOTS+PUNK&itmmeta=01KK55WNARXTMQ1TYJCG5TTX5N&hash=item224003e4b2:g:UAEAAeSwpRNpbkhu&itmprp=enc%3AAQALAAAA8GfYFPkwiKCW4ZNSs2u11xDW84QxiOwpMuBbt443HkuuezHjgt4yj9sUBVnJQhlWaQYcSSWh3UQX3L0j9mE8kBvIgzaOWIGeCqKUIBX1L%2FDIn1%2F2gpLpCy2pmSU9tRlgHWIXzFCkEVnQ797c5s70DBMEjoWa6nbqIx%2FGDx3yd5aNjIxRim3kMV4etpo4kZMGQ5rwHBP6hzFwGNl%2B%2B3436BIfmmOe6IcQnlcfbIrThEo72F2IpCa6NjCWPtskC9EQGSb2shQMNzF9augmyONmxuo4l5bhkmY0EYwHEgPIsLd4chuJh9XcJLXMh6WsbiWluw%3D%3D%7Ctkp%3ABk9SR9TV8qWZZw
NEW ROCK WHITE LEATHER BOOTS 40 7,Leather,£156.69,Free delivery,19 Jan 2026,47,New (other) ·,https://www.ebay.co.uk/itm/127631452050?_skw=NEW+ROCK+BOOTS+PUNK&itmmeta=01KK55WNARM2KV1N70TF3694DQ&hash=item1db76d6792:g:RvUAAeSw3IlpbUgH&itmprp=enc%3AAQALAAAA0GfYFPkwiKCW4ZNSs2u11xBpai5VGacZg72L3qm8jhWoEhvMZTXQQr7LxRGypgpd823jZiZD6D7Cpc34JvhWE71LGeTVwQBqfP%2B0XHi7BTFq38f9nU3jKAJRQEk03KpqItYSbqco0XXc5De9%2BhkDY9nhVPhHMISemU%2BXsytDv2LHcYpp2es1V%2B%2BIeDV5TkI8ahjEfrjUh86BZzqaGSw6YeRkg4ZAzFNFgRgAY599bdrAcrkjQXPRFtyaqEdvVsPJi0SvGBAtI4I49TZnkWOLEGs%3D%7Ctkp%3ABk9SR9TV8qWZZw
New Rock Leather Combat Boots Size UK 5 Black Hicking Gothic Punk Emo,Leather,£73.49,+£3.38 delivery,19 Jan 2026,47,Brand new ·,https://www.ebay.co.uk/itm/127629432043?_skw=NEW+ROCK+BOOTS+PUNK&itmmeta=01KK55WNARSDHDMZQCRQ99N1E1&hash=item1db74e94eb:g:eTMAAeSwE6dpPwMM&itmprp=enc%3AAQALAAAA8GfYFPkwiKCW4ZNSs2u11xCSejgeLtzLFGiebXY%2FvnPOWyzI6hqKfpo8QlcnFdKMqOm8kYZGmJoVfUz2LaofIJKa6lxxtc59KsNmlRkymrq1av6vJDeRgN1moKuiVXzCpgSBtISJvoTyb2GG04vvAbCUZLv7og8%2Bd%2BIcfDfLYi%2Fg%2Fowf9TW6aRfk5jvEK2se88UgrlqaA0kDU1hI9SObPeyz827UMhBgCJ%2FcDvMM9FFeVW4Mw3C7L5ksAkwKVjrktKPIJskM4r5Cr%2Fx9YZArOiNPss7bEGpSWIuxjNI6GKK3UFhjUe1h0njjPacyHYqwZg%3D%3D%7Ctkp%3ABk9SR9TV8qWZZw
Jeffery-West MUSE Sixx 'DIRT' Black Rock 'n Roll Harness Boot RRP £335,Ness,£165.00,Free delivery,3 Jan 2026,63,Brand new ·,https://www.ebay.co.uk/itm/357795728446?_skw=NEW+ROCK+BOOTS+PUNK&itmmeta=01KK55WNAR3H3TN8VEN531T43F&hash=item534e498c3e:g:x3kAAeSwzkBo-P2d&itmprp=enc%3AAQALAAAA0GfYFPkwiKCW4ZNSs2u11xB592dBj1q8jqjD3FxxBKQd0tbgmIrntqy1EIle8JTcc7pmpSa5mrVAzXrBoLF0SKSoQzn7gNwZVuqXiF%2FuQeY%2Bggydo68nuIaUc79DKDHU%2BqveNH9kcV4lyUp%2FVCO0Omk69wlUTG6QapUErAagpPeLJIQ%2FOCLNEuzL2mD%2B32qU318mEtJge5P1Bpc1NBRniZTUISxw1Ep%2B%2BHVsPs%2FuNImOjeLY5TFke%2FHoRZIQuOhbB1GewDpdC6EerYsxWrTyIPo%3D%7Ctkp%3ABk9SR9TV8qWZZw
DOC MARTEN DR MARTENS AIR WARE CHERRY RED leather BOOTS,Leather,£83.90,Free delivery,19 Jan 2026,47,New (other) ·,https://www.ebay.co.uk/itm/257305243197?_skw=NEW+ROCK+BOOTS+PUNK&itmmeta=01KK55WNARGJDSRCT43R13MY09&hash=item3be8966e3d:g:-gsAAeSwSmxpZTJE&itmprp=enc%3AAQALAAAA0GfYFPkwiKCW4ZNSs2u11xBaToa2bDPEI4RlsKhR8%2BYDtvwPbEnrxuI8t5Fe9hX%2F5iaLwqINj9qiNxlm0f4RfQmLidaLKYhBdc3M2kFUVh8o4gwuGl4IXmOwUJNlq5oeTe1Ru5OEC3jDSL5CF4fKKWy78%2BcYyVs44lJ%2Bi8urm73u7hHkp1wsVUNahl3CQL%2BODqW%2FERUPuu59Sx8lxn8zgpUs%2BJJOagGdk93TT4F0WOyU43d1FL6mSbQgZbuytCyIsbv%2Ft2lCPlUuXtoi7QnFShE%3D%7Ctkp%3ABk9SR9TV8qWZZw
New Rock Boots Black Size 6 39 Trail Black Biker Punk Rock Metal Heel,Biker,£50.00,+£5.64 delivery,19 Jan 2026,47,Pre-owned ·,https://www.ebay.co.uk/itm/287050854262?_skw=NEW+ROCK+BOOTS+PUNK&itmmeta=01KK55WNASJNW4A4G8WKKKJMFG&hash=item42d5906f76:g:bw0AAeSwhuhpWU7t&itmprp=enc%3AAQALAAAA8GfYFPkwiKCW4ZNSs2u11xAvijpcq5qRlsuY%2FmT9ZqAtsYOs2ZL1dlJxI9nWFXdVfpmtS8AcK3k47dvJMtdXguLCXj7kxNyiHGbfhKPxTsy7ox4HwefPtem62k2h5FbPyb6EowsUgGTeH2kP%2FAfA1XuzEjodgnVImd4sEqLbFh9rkAubGaL9jusiS4bBQ%2BHbV9ezd6ys%2FxgHUIBcyNzb9sZB7J1MZplojD6vHRC%2F6boAIlSGDKKgCUxgVaprIRGyQdbipg7BvMFIPoD7vzsoqjk2owfReFIFJmNK14zeMEvs%2FlkLzS1M%2FpRdPlOZqpCKjQ%3D%3D%7Ctkp%3ABk9SR9TV8qWZZw
New Rock Reactor Black Leather Chunky Mid Calf Tall Punk Rock Boots Uk 11 Eu 46,Leather,£135.90,+£7.27 delivery,19 Jan 2026,47,Pre-owned ·,https://www.ebay.co.uk/itm/297799980683?_skw=NEW+ROCK+BOOTS+PUNK&itmmeta=01KK55WNASZXQ2RC7ZTVBB3TN7&hash=item455643168b:g:vykAAeSwMqJpKVcD&itmprp=enc%3AAQALAAAA8GfYFPkwiKCW4ZNSs2u11xBd6Aa53TcQe0aVH4sLnpkhTjV4uqakQlHFDqWQYgf6GuO82A2cFpbunM9MEEY9gP6cVKA6JoKYd6Jzajqvq6qoSbJgk%2FelGXJw7WIDeVfxPgs582w5%2Bk4tyvNZterQB8S8jur0sQ--5l8l6pZM3Y2CkALK6VYvpfLxDFwY4Q61w1qxEIuuAPNzc0wV5SECSfjdkgUqHO5BNcJyNBws2%2FYrTvogsXwSdLtg8VxLGjT35q4DAHHIlMcwa7ClCFyo6VRyfB2nvPjiSVZLm%2FOqrcTPVZmGDoipoMHWdJ6iLlIRog%3D%3D%7Ctkp%3ABk9SR9TV8qWZZw
New Rock Gothic Skull Ankle Boots Size Uk 10,,£52.70,+£5.21 delivery,18 Jan 2026,48,Pre-owned ·,https://www.ebay.co.uk/itm/257303785112?_skw=NEW+ROCK+BOOTS+PUNK&itmmeta=01KK55WNASVJ5Z2Z5KCQJV1SJG&hash=item3be8802e98:g:zycAAeSwh6NpY~eZ&itmprp=enc%3AAQALAAAA8GfYFPkwiKCW4ZNSs2u11xDf7nAQKEyfJdTwBhTVKyyX6F2z3ZxNqPk9eSNN3k0v0CF9qG8Aubpf3RfXZ5%2BiybcU2A6pmRNRcOHLLXE2Xa%2FD4Az0S9d6rA0jAwrx%2FyvnKjpUBlAMKf1xPgR6SU%2BroomPeYo7R4htDF9wSdFj06cBl4j8GFCfWSHhQMGQ3wl6LxIoMATNBs9afaBh08XeLoMeIG79tESJUkrqVTxK7dh%2F%2B%2FiOAw9EECeSNJpzdPhaJfJZ3UgqAKVbVSL1OTXXMy2OzbIA%2F0ukj4G7ZEqrgfGL2D6jt7eVfZQcH9xmCy8%2Fgw%3D%3D%7Ctkp%3ABk9SR9TV8qWZZw
New Rock Womens Punk Gothic Boots Boots - Style 8366 S1 Black - Ladies,,£255.09,+£12.98 delivery,18 Jan 2026,48,Brand new,https://www.ebay.co.uk/itm/326061955244?_skw=NEW+ROCK+BOOTS+PUNK&itmmeta=01KK55WNASTCPSXG3BDZNS6E74&hash=item4beace98ac:g:gioAAOSwGYVXDRfJ&itmprp=enc%3AAQALAAAA0GfYFPkwiKCW4ZNSs2u11xCRC4i163anHfYPn4lMEN4E2XeZcqSmXAlEYQ37Ubxx7tNGi%2B%2BaTlIzVImFyqF880gOjnIrBFjOlD%2BK4mHXXDJyRihdU0hplQzfd6vz3f4m67LfuOqMGh7LAvyrXmqw%2FeplLcEQCL8xIXcvaIhDnrBtotjf0Htg9XepN7gwmE4It0whNVCXafYce4SkSArXkRlfqu0VYIl525yUco3PcjFciZNdCM97%2FKCuF3AlY66jCTp%2F0dz2AIunDMo2zUIb55M%3D%7Ctkp%3ABk9SR9TV8qWZZw
New Rock Vintage Cyber Steampunk Chunky Platform Goth Black Boots Uk 5 Eu 38,,£104.70,+£3.38 delivery,18 Jan 2026,48,Pre-owned ·,https://www.ebay.co.uk/itm/376856571957?_skw=NEW+ROCK+BOOTS+PUNK&itmmeta=01KK55WNASMPWGDDM0S6X3H8WZ&hash=item57be66f035:g:vjEAAeSwAX1pY88f&itmprp=enc%3AAQALAAAA0GfYFPkwiKCW4ZNSs2u11xD57HQH7B09dFOLbPohg6ewDkYApucF1PF0j%2BMir8Mapmxi195ilxumfU99QEvPzMzpkGgn7h67gERV4%2B6Z611mgKgiLACMG3FWggHN%2FEo0lJ04Q2pfFzOkcaio6SbCgEAzvzJ6UNaK2pfp6cLFjjNyN%2FYtIA4Pj%2F9skIms9khYs3ftYos%2Fc97GAgor8%2FACwmDGs3khCVZpd%2BiSNRSztbfprBDrjDEU3oMoTaP3Ng3XAeze%2BOHxu1njV9Uke9BzabU%3D%7Ctkp%3ABk9SR9TV8qWZZw
"Womens New Rock Reactor Boots, Purple, Size 6 EU 39 Goth, Punk, Alternative",,£187.90,Free delivery,18 Jan 2026,48,Pre-owned ·,https://www.ebay.co.uk/itm/406589887354?_skw=NEW+ROCK+BOOTS+PUNK&itmmeta=01KK55WNASE2QM3AMVM9YXQGTS&hash=item5eaaa5537a:g:FPYAAeSwm21pZ-6s&itmprp=enc%3AAQALAAAA0GfYFPkwiKCW4ZNSs2u11xA5gzg3%2BqIO5ru2wMQzPjIqRDyI%2BaR7kuHxrJlyIbRdn3pdllo5ZYPfHrpfz6EgvRPr3uRVWxZTDbFztiUZS8yP6lftwI5z3zhf3SQlUWiEEGrqPPfp1J34JmM1V2nZ5cP%2BRXe%2FwX%2F39wLeKitaisuwKQQ5wdiF%2BR6a7ACsxAb3Ic%2BgNbmrZ8xiNEuleD51HMz9xaSiiCPy9qYNgS4j9uQ5FNxwysCUiL4CeqzDit97TP%2BhiGbhjBAv0lJkvsRoifY%3D%7Ctkp%3ABk9SR9TV8qWZZw
NEW ROCK ORIGINAL Leather Boots with Buckles EU 42 Goth Festival,Leather,£104.69,+£5.21 delivery,17 Jan 2026,49,Pre-owned ·,https://www.ebay.co.uk/itm/116681336127?_skw=NEW+ROCK+BOOTS+PUNK&itmmeta=01KK55WNASWG7BPEVDACCA8YB0&hash=item1b2abfe53f:g:2~0AAeSwd8VoanfW&itmprp=enc%3AAQALAAAA8GfYFPkwiKCW4ZNSs2u11xAdRXKzQvrUBc08IGN0XLtOOFdhci5P0puUwlanOJhoTp0Q%2BUghoOnYRU1QQTkLrPsU2rfH41vW0aT88%2FhvYFFFGkCKqxQg7H2MSsBfn4KgLJ3ccn2WzHTyWZ6psK%2BKO1jjc7Xs14Z63W9wjicyuusGz%2Bm0hTUqZDrdzkW%2BqNPj9mQcXvNNyUzsUFDSl95LkXUH0UbUbuEp%2BlUrh%2FLmDO05bDdKiOdz0c9dtriewYeQcdY290sseeXO6EZgW64rjOFJY3P6g8affrByRpoKvgC%2FwZZZlBIzcUzXI7%2B%2FFyCSyQ%3D%3D%7Ctkp%3ABk9SR9TV8qWZZw
Ian Dury & the Blockheads : New Boots & Panties CD Expertly Refurbished Product,,£8.24,Free delivery,17 Jan 2026,49,Great Prices & Quality from musicMagpie. 13m+ Feedbacks,https://www.ebay.co.uk/itm/301831781688?_skw=NEW+ROCK+BOOTS+PUNK&epid=30634916&itmmeta=01KK55WNASGXGC4ZZ952G11X6S&hash=item4646937d38:g:MNgAAOxywEBTKlj6&itmprp=enc%3AAQALAAAA8GfYFPkwiKCW4ZNSs2u11xCi%2Fc7T2uPxfWt4l2T47fHBsjO7NLlcnH0jndBkG5Ea2kwHGwSAcQ45DkMN0omCqce7jxwZvZAIGfqhMoko16zCfrAI4ctbEFL3tMCwWyH%2B%2BOGGOWgnd6V26NzBxcJ6XXEwLEBznLACSru70%2BCJVABkxfPpeGtFM9rTvS69JIw1yAC%2F7sH3%2BmZWgUcyjAdCdgTF9qQfkJ8cnRUE0cMERfNTvIxj%2Fw52uqPwPSv38T9IAhuuBa%2FoTSl9We0G%2FP9H9kzjfRx7qoJ3NeDkoyws1URMyDReecBq6xD8ehInvSGT2w%3D%3D%7Ctkp%3ABk9SR9TV8qWZZw
Men's Brown Leather Two-tone Goth Boots Winklepickers Cuban Rock Biker Punk,Leather,£134.99,Free delivery,17 Jan 2026,49,Brand new ·,https://www.ebay.co.uk/itm/313024027135?_skw=NEW+ROCK+BOOTS+PUNK&itmmeta=01KK55WNASRSXQ5CGWWNHT52BR&hash=item48e1af99ff:g:Ww8AAOSwF7xeZ7u1&itmprp=enc%3AAQALAAAA0GfYFPkwiKCW4ZNSs2u11xDD8i0ti1foihPsJy5NTZO3l3XHqY1wlTJp1MhXlrtYbLcBO9vQJZuC4pBHNLiAOfz3Yn5ntTKTS%2BXPRXni9RDynYUmPMUmEqJQ7MCRgHTse%2FHcPxjMc2BB6ArAsUEhoPPOt64q%2FWrARNM81mfx4TICtvLoPO%2B6Et%2FBfZP5E59sFnOB5OWdBWbxiXtcTJ8WH%2FzIVbUQwqAERP4pD%2BDHuNMWGs9RCXaU7XXjWz6ehHMJrmwezywTJwGVw9lCYNAAmuo%3D%7Ctkp%3ABk9SR9bV8qWZZw
Dr. Marten 8053 Quad Platform Boots. Dark Taupe Orleans. Size UK 7/EU 41,,£98.67,+£3.55 delivery,17 Jan 2026,49,Brand new ·,https://www.ebay.co.uk/itm/277475395187?_skw=NEW+ROCK+BOOTS+PUNK&itmmeta=01KK55WNASXMSGYESJEEXWG4FQ&hash=item409ad28673:g:GGsAAeSwd29pA81n&itmprp=enc%3AAQALAAAA8GfYFPkwiKCW4ZNSs2u11xDYN5k3wb3pMrj3%2BiSjv77DVfdH7eatrRkX6w5mSCEvTHmnZsdPxJSnojWLzVDyTAQx25A2EGGmxx5EmX1E8VeweCeWMLH75nmk495ExQCa84drhHvVNBuH93k%2FR5Ge3vybLNCwdi2pUvlgk8kXk06A3ISUHrze2hY7RQyd8no10xn265YAt5YgL%2FBep1UOhh2sAPQ51E177BW7qIS59juleZLWh7W%2FtfR2gCCSorYwBTKpdWAhdAAVDgkkP48EkY%2BuZbe3XrvGerDdOzRgb8e9ds1JLBz7Pi%2F3%2BNpacMFaxQ%3D%3D%7Ctkp%3ABk9SR9bV8qWZZw
Mens Leather Cowboy Ankle Boots Grey Croc Cuban Biker Punk Winklepickers Western,Leather,£134.99,Free delivery,17 Jan 2026,49,Brand new ·,https://www.ebay.co.uk/itm/265239154901?_skw=NEW+ROCK+BOOTS+PUNK&itmmeta=01KK55WNAT8C7JTA0ZQ1CGXK6K&hash=item3dc17c50d5:g:22UAAOSwvOlg-Z~H&itmprp=enc%3AAQALAAAA0GfYFPkwiKCW4ZNSs2u11xDXBY0c8GZx%2FiKuiHfwK4KnZwGCnIjSEzBjmxLpgxZanoT3ILR7oxQFEaWMiH8pjDyp3umjAR0H47U1rszCnWy%2FjHumps0fTQ1SXftTXeeX7Q7dwxGej0Z%2BECybb7ab3CFPi2sWZceOx%2Feg0Z96Ez87t2G0hr6%2BypODGhHRLA97wN7Uo9KKCRa6Z9MBONaZM3k4a2D5llH11SNr8Ev4RYTJOCmvlOeqJ86fOTMuLVSFyHBPHSj4am8izssWjNtOUAE%3D%7Ctkp%3ABk9SR9bV8qWZZw
EMP Rock rebel Distressed Boots Size 42 NEW no Tags,,£22.00,+£3.38 delivery,17 Jan 2026,49,New (other) ·,https://www.ebay.co.uk/itm/147086832899?_skw=NEW+ROCK+BOOTS+PUNK&itmmeta=01KK55WNATFJ51M4AJG97D4NZY&hash=item223f0ef503:g:0MQAAeSwCOBo-6Ls&itmprp=enc%3AAQALAAAA0GfYFPkwiKCW4ZNSs2u11xAulPuVN3BbGisyvQjfsHwJk755sZARonS9TM2uJNAKCXxf26%2FGpdD2JJdATMrb928XD%2BEfENrsM8QbVpFW1ddrjtNr3S4nMOwnHTBYOM7cU3n4%2FYKALyfXbq8q8BlKRSaEXcI%2B95FuuU%2B2tHD8Mx2JnOmT0PBx48Zq4c6YWosQl92S%2BSNadUg2JNW5nYC5cz8cyIC6zKtJCnQg2bKDIvx01ChMOb2xIbyR%2Bhvl5qj0a1ZFtFAzgRgD2bQ1h3hfMtg%3D%7Ctkp%3ABk9SR9bV8qWZZw
"New Rock Malicia Black Leather, Gothic, Steam Punk, High Heel Boots. Size 38",Leather,£156.70,+£4.26 delivery,17 Jan 2026,49,Pre-owned ·,https://www.ebay.co.uk/itm/187839476516?_skw=NEW+ROCK+BOOTS+PUNK&itmmeta=01KK55WNATZ046J6YWJHXAN251&hash=item2bbc1af324:g:K5IAAeSwBWlpPasj&itmprp=enc%3AAQALAAAA0GfYFPkwiKCW4ZNSs2u11xA8j0zYimQfR%2BErQKlVNmaDR50Qq6460d9lqVA%2BlcMUAftvu7ut89DEklfJvZBpZiZbQGkxKicm3XQRad8YDyJSbGwc65rjYrd63jghTApZxt5APffzvqNT6v2LNU8ayIRnwipTNUA7yVSiKBoDzPK8RQrd60usF1InpjJ9YvE5HI23WQ8Jcsk%2FdUaLHwgAT9ioTvPlW8VCkCCKadailXy7RaohfWrkH%2BFUPORKEYW2s%2BRZicFWJjs42WQ%2FLWot%2F9w%3D%7Ctkp%3ABk9SR9bV8qWZZw
New Rock Black Leather Boots Size 42,Leather,£111.82,+£5.88 delivery,16 Jan 2026,50,Pre-owned ·,https://www.ebay.co.uk/itm/198014685433?_skw=NEW+ROCK+BOOTS+PUNK&itmmeta=01KK55WNAT3MJ7KQ6RT83QTC91&hash=item2e1a9850f9:g:zpsAAeSwqMRpYPQx&itmprp=enc%3AAQALAAAA0GfYFPkwiKCW4ZNSs2u11xBjmRz3hKVxHEvW6Xmh4AZ%2F0AcQL6PQb2sEHm5PaBZzHXwJyUBMlhFC0qxI1wpq2PGBrETja2yTuzbQD3UCq7F6prgbo2sNMrkodOv%2FEFtr1UTBAZInRPJU1BfwuLUKztL9fJ%2FZZTSTTI7GKyOx97A4Ad%2Ff0SHP9A%2F%2Bb3piIO4d%2Fe5BjBgAuES4KRqP6PuDL%2FBr6R1VTCyFRKe4RqMwUutbRYtar03rOKtFPyKk81Kq8DC2lC5Uu5FaoVpl6jKqQz4%3D%7Ctkp%3ABk9SR9bV8qWZZw
Red Or Dead Leather Ankle Boots Womens UK 5 EU 38 Dark Navy Blue Block Heel NEW,Leather,£59.95,+£3.99 delivery,16 Jan 2026,50,New (other) ·,https://www.ebay.co.uk/itm/167998891854?_skw=NEW+ROCK+BOOTS+PUNK&itmmeta=01KK55WNAT7QSV8R2JGTYK9TWG&hash=item271d83a74e:g:epcAAeSw~JppPEfk&itmprp=enc%3AAQALAAAA0GfYFPkwiKCW4ZNSs2u11xCXUCc%2BQNWSuKxIDfCLjLWRdDq4v7ZHf6kPvljcUeX0bRx1KD%2Blx6nWEV6XtbrLKHTaCbAiKt6bPLd0%2Bc6fAg5j3PgpvsFYR96YxFUWJ4ml0xescX06KAyvgn8cvzMVeg7%2FCKfcoUaBUT3yAUcGXTT3AosMfpZmGBW6wLbu--evYZ6zzfIMoBdPdW1AU0AVqFaEFXBBbxTKZgIQeCoeAVXDYq24QcT5vj3ckTQFhBalj6KvrGXaV%2F8VaNiFhu8P2jk%3D%7Ctkp%3ABk9SR9bV8qWZZw
Dr Martens 1461 Soft Leather Oxford Boots UK Size 5.5 EU 39,Leather,£60.50,Free delivery,12 Jan 2026,54,Brand new ·,https://www.ebay.co.uk/itm/267498232740?_skw=NEW+ROCK+BOOTS+PUNK&itmmeta=01KK55WNAT0B6DFN0N2HK6NCBT&hash=item3e48231ba4:g:Ll4AAeSw8r5pLsJV&itmprp=enc%3AAQALAAAA8GfYFPkwiKCW4ZNSs2u11xDJGdqDFqe%2BKBKTowlMYe%2F6AbvVoEoaVsTD4Kj1kIiajMxTr6A78BwpfHzVEyh9yBAjUGJDJhWEzMqYOYV%2B6PfueDVFKQyzGZqkCSutYWYlNe5WTdSlMs0I1cDXhBCTRe54rDJbulxYVex6mD92HXnynH%2BZ21phttu3U8WpMLo6eiiLBGIdF8DWU1CKQl4bdStbg5aV67ux65lu2bJaRnxC62BXZVpBV%2BNYFYdy%2Bna7ucD0ddySFsWbYRTra5x3jlHadbZFC%2B4xlvLLkJktMQyuJtZB8YehbYHPApIP6rCr4w%3D%3D%7Ctkp%3ABk9SR9bV8qWZZw
New Rock M.237 Knee High Black Leather Chunky Heel Goth Punk Boots Uk 5 Eu 38,Leather,£169.99,Free delivery,15 Jan 2026,51,Pre-owned ·,https://www.ebay.co.uk/itm/306645686293?_skw=NEW+ROCK+BOOTS+PUNK&itmmeta=01KK55WNATPZCETWH19QX1AGTH&hash=item476581d815:g:2kIAAeSwSldpM-tg&itmprp=enc%3AAQALAAAA8GfYFPkwiKCW4ZNSs2u11xCzp%2FUzB5cxju2k0AG2a7OdE1R4T7wcDDZHb7snaAh9X6ISkpcr3DyyTXAlFf4unWcMeodAdjpqlzd3C5VGh%2BVXZk5I9yaHqaHArTByvrlt70umTFiuXsInwFbqe1glVzezet2s0AKsQEc392uv2AXaWgwr76uh0LuSgMjxlc5UPP9S%2FU1YXjyz7qqVGsqd%2BGCovdQ9W2Cp3KnuWkhpomgsgNEnBMixnirkV88yMQEDyAD4OCSNUOh4IDfpSHpQqaEV3jTqDqK5qnC5HUw2%2FsqJnzqTJXE7oRrHlS3repnSuw%3D%3D%7Ctkp%3ABk9SR9bV8qWZZw
"New Rock Vtg Mid Calf Heavy Boots Goth Punk Rock Cyberpunk, Steampunk Size 4",,£31.90,+£3.38 delivery,15 Jan 2026,51,Pre-owned ·,https://www.ebay.co.uk/itm/306712629276?_skw=NEW+ROCK+BOOTS+PUNK&itmmeta=01KK55WNATS50ST0VB07XEBG1T&hash=item47697f501c:g:MKcAAeSwAKRpaRqi&itmprp=enc%3AAQALAAAA0GfYFPkwiKCW4ZNSs2u11xBKpaEHMLZsaMM6ZgEy4PWVS%2Bi6ihhqFPj7bmLBBc3c%2FJJCJtl2HKnIIStpQj72evmMTomv2h4GFaUJfBB93uFoVXQaUCtE93%2B%2BesPWN4FuCeNWHVoI2hMyNcUIAouA%2FDUzNgtIpGQ7PSCgXAYC%2FUwJrS6luYgdjl1BhYSGSEXGeIRE9iyVNGvIC%2FMNghmcGpV5NBwXQ0qt8sAjL3vIrSg1kn%2BuQImWYJRWULy0E1lfi9XLJt0W9WX5%2BDFr7OUuTD4%3D%7Ctkp%3ABk9SR9bV8qWZZw
New Rock Unisex REACTOR HALF BOOTS - Leather Platform Boots Black,Leather,£237.50,delivery in 1-2 days,15 Jan 2026,51,Brand new ·,https://www.ebay.co.uk/itm/388197387346?_skw=NEW+ROCK+BOOTS+PUNK&itmmeta=01KK55WNAT29AHF073KN92XPBN&hash=item5a625e0c52:g:yYMAAeSw-h5n76FV&itmprp=enc%3AAQALAAAA8GfYFPkwiKCW4ZNSs2u11xBhkVxFzQ2elCdQCjCPVOdcCtTl7S6wEC2x9OI44K1ntPzi6QKqUFsIRB1GqTYAHbrNrYriYsPTrlGAzDGSLqbULupSq%2Folcw8PLcaZaoA7jkYLDMYjutgOJeYmUIjj7dleHdy1U9880r0giBsPfk6CdF9ms4fVcQXtZvFlhE78r6TCe6kiTm3pvWOHh81vKzIQcCtqIFQ1oQrQ%2FNf0GWS%2FtFK7onKSQQ0lsrmuhYwHNk%2FMVB2txqQRaa64I6US74p8WRqpJA4C6hW9ndcYyJn0%2B3BrgDZJl8mYzfz1oiYLEQ%3D%3D%7Ctkp%3ABk9SR9bV8qWZZw
IAN DURY New Boots And Panties 1977 vintage original cassette release,,£2.99,+£2.30 delivery,15 Jan 2026,51,Pre-owned,https://www.ebay.co.uk/itm/205981831809?_skw=NEW+ROCK+BOOTS+PUNK&itmmeta=01KK55WNAT6NEPXTG7Z4DFHM41&hash=item2ff5795281:g:vLkAAeSwue9pX5JA&itmprp=enc%3AAQALAAAA8GfYFPkwiKCW4ZNSs2u11xCpZT4EWkWPVx6GGP1xC3G%2BeTUtOlMcOL0Pn0ArpbPVakA6RaxnawVrKRvOPnHvqg4UwkRRNbblccueuIFN83cpn3dQ87u2CbjH6gpRV5YdHe%2BTW6wBJhBzPBn7oABwrFWrDDhFlf7jfy68X2%2FKP2YrGMY%2BTS7VGSiUxy7WYSanPRRZj9HecC%2BoWQpvJzP9YqiyhoAH2aMwsUcYMVVySeYzMXunsJT%2F6OWztaGSFB2VmGmBAHnDfmMIMDd0woQNo%2FzNEwmGyL1htil2ttrQu2s4ZhuYF%2BB0bEHwn3bXCeVpNw%3D%3D%7Ctkp%3ABk9SR9bV8qWZZw
New Rock Gothic Boots Size 8 Uk (42),,£125.50,+£4.26 delivery,15 Jan 2026,51,Pre-owned ·,https://www.ebay.co.uk/itm/287071596556?_skw=NEW+ROCK+BOOTS+PUNK&itmmeta=01KK55WNAT88RY22EN2PPXWTQG&hash=item42d6ccf00c:g:jTEAAeSw0RxpZfbs&itmprp=enc%3AAQALAAAA8GfYFPkwiKCW4ZNSs2u11xDbTdMbEZbCe4NhzZeJg7r%2Baug5UMPBJOrCwVeeQ2U1A%2FfPoTHZSr6mPRHLxoYWAN4hiGEYH%2BTnloVZapPimvJS0wO2MtMul%2BRPU4OkG6%2BY4H1ZR3FuYRlQE%2FBInFV9QaE6HO4Sxien5Y4hiVPX%2BCiqqdo%2FpD5Qgi%2FeVABHkoi8mjoVfBEPkm8bcc2gmoduOBq0XbC6dRewOdXDAro0Vp3w14dOF44DcgTbzJcCQPH3EqiRqC55tOw4yjbYuErj0%2FsUvCUZm86nFV0JAxAJ3wC766%2FwEcXONRi5mV1PBNCUYA%3D%3D%7Ctkp%3ABk9SR9bV8qWZZw
New Rock Boots WALL106-S10 Unisex Metallic Black Leather Platform Gothic Boots,Leather,£220.49,Free delivery,15 Jan 2026,51,Brand new,https://www.ebay.co.uk/itm/314551956516?_skw=NEW+ROCK+BOOTS+PUNK&itmmeta=01KK55WNAVNFQGYGY88VATZT14&hash=item493cc1f424:g:EDkAAOSwcoBkR7rr&itmprp=enc%3AAQALAAAA8GfYFPkwiKCW4ZNSs2u11xCSPIi7qD7TU37dOd5g7BHNzaSZC4Gun3avHbeEfRrQ7%2Ft4Lu7VZ4XZSi1CG9tmm6HwbdNTpfpH%2BJOz4z5mV2P6bLxyLeM6lnGsiYt4jPU3cMJxQio9mhazXpIktxv0XRRHVvcaPiHQjk%2FZrUEPnNmOisdvvvpOEetnUW0f1MR6F9Hc8PTIyzD8LNmSBuatoigX2lE1wi5i20sHbPIf0jPCPzI0W2Z9mj4hpRC5UqQNoiSq9hU9h7MexgJ6uKdRskzF2rTodjTTdJNReZyvv0AWn4hhzh0i3xLWnIvv3mH%2BcQ%3D%3D%7Ctkp%3ABk9SR9bV8qWZZw
Dr Martens 1460 White Smooth Standard Fit Boots Size UK 9 Unisex New Boxed,,£89.10,+£3.38 delivery,14 Jan 2026,52,Brand new ·,https://www.ebay.co.uk/itm/157288357590?_skw=NEW+ROCK+BOOTS+PUNK&itmmeta=01KK55WNAVXVST5ZGV5FCQ3XE1&hash=item249f1dded6:g:tvEAAeSw58BotZXe&itmprp=enc%3AAQALAAAA8GfYFPkwiKCW4ZNSs2u11xDNZgM5ZgZjtkBMqMRSKLsh8OZo89Xpygdu1klSRc8mcjsn8L%2FWp2pGbh69rnUYc76MFgI2dlu7KVdR8hAdhZ2CEJLp4VQ%2FugY9ZH%2BTyT%2FIR48nS2EZzo575Qmz4j3GPacHwKVc7kmO%2FXc1uX8aL7nEmDEUm0J%2BkMfXAt9OjhqeZOeLzksq5jsV82l6jhRU%2FVmyLZEkM4DeIvAPFGnFLq9JZBRjSTd80s9kExU%2FrBFdPHQeRmR6lszo%2Frrmi3%2FVjXOe2aEr8Yt0GtRQFxuRSRktt1bukn0t9p43q51gMGGrJQ%3D%3D%7Ctkp%3ABk9SR9bV8qWZZw
NEW ROCK M-7921-S3 SILVER FLAME BOOTS Black Leather Heavy Biker Western Cowboy,Leather,£220.49,Free delivery,17 Dec 2025,80,Brand new ·,https://www.ebay.co.uk/itm/254539787577?_skw=NEW+ROCK+BOOTS+PUNK&itmmeta=01KK55WNAV2J5FN0REY33ZX8VP&hash=item3b43c0ed39:g:Ax0AAOSwi-Bea9Uv&itmprp=enc%3AAQALAAAA0GfYFPkwiKCW4ZNSs2u11xAu0NKJVPP452942iD%2BVlm5pgZv8q5nzRWC%2BatwDn5tYxRFyt6%2B77%2FmX1VriWrni2Ugf6q2xk71p10dUEl%2BrSmR3OCRrFjIa28TvEUl1UTiBYHGhv%2F3NqI%2FdoV8kBNCvw4rDALAxDIzXgNiTDJ%2FjseOBzMVYCwemU7z%2BkHEuWDHxLWXjbhDUpXh49cNrml7mtsU%2FietQ2wyK3ohTPk6NdXjNsvfAz3%2BzIGxpCSSCfPeXJx1eHAsCxDufZSRZ1RYwtA%3D%7Ctkp%3ABk9SR9bV8qWZZw
"NEW ROCK, Sexy, Sassy, PUNK Rock, Steampunk Goth Dance S41",,£74.00,+£3.71 delivery,13 Jan 2026,53,New (other) ·,https://www.ebay.co.uk/itm/277625535406?_skw=NEW+ROCK+BOOTS+PUNK&itmmeta=01KK55WNAVGSQM25D71CCZFQYS&hash=item40a3c57bae:g:eBUAAeSweiBpRfZk&itmprp=enc%3AAQALAAAA8GfYFPkwiKCW4ZNSs2u11xA3OUYTRZSUDs%2FlRIalvngpWiMUvdG70isNIiRRCsXVMt31j4QPnH0mqT8Zwgbn6G6kPyASKzkCFFP6RAu6rZgDe6bTO3ghdSTnui0%2FYDvtALu41PU0ndmnEyTxaHQQ1Q6r1PHVQJGEI%2F5SjPPNB%2BCNdsgKyrhoIH%2FvK9%2FkbcSfzYHqffQB8%2BpKmXHG6Rb6X%2BV2ByyySTiihU4LbXIL4zrDlD2YemxE1YfHoZPHuW5gLKx0aLiDcnFORhsms533uMUHINbAphHikE%2FAiJiW6ZaHZQGnhC2YBGxo%2FajxElN2mw%3D%3D%7Ctkp%3ABk9SR9bV8qWZZw
New Rock Reactor Black Chunky Platform Black Leather Boots Uk 7 EU 40,Leather,£97.08,+£6.65 delivery,13 Jan 2026,53,Pre-owned ·,https://www.ebay.co.uk/itm/358090136348?_skw=NEW+ROCK+BOOTS+PUNK&itmmeta=01KK55WNAVX2E6JEBVT647RJJK&hash=item535fd5db1c:g:Gj8AAeSw7-ZpSseb&itmprp=enc%3AAQALAAAA8GfYFPkwiKCW4ZNSs2u11xCOekYrwzM8SI%2B4YaBzNINC13k%2B1h7mpppAEJeja5t1o8N%2FQltKyBYd0ylPGSrY5QEHFtNOB1OlUs1KI1BM1I31YYkfaXqd5fGLWKDBfSXIVIyyuKaJARyfSQLvXVSC3yCD6hB7buhXRcL5ij%2Fl0SVFKSG5xORQ4QYXqzBiCwXw2Mz4NyxNkQFEdhyb0X%2B11BiBWDAIOPP%2BIjbV43oV2QbTtycmIXk9PfNAt%2BILYAAuCDkRI1AJcOhiMPnRdIf3zJWwxdMenKpFOv8F3F0zNBELrgjFF%2FlXwHXT3zU45t9lEA%3D%3D%7Ctkp%3ABk9SR9jV8qWZZw
New Rock Malicia Collection Black gothic vintage Flame Ladies heels Size39 UK6,,£47.50,delivery in 2-3 days,12 Jan 2026,54,New (other) ·,https://www.ebay.co.uk/itm/127493534322?_skw=NEW+ROCK+BOOTS+PUNK&itmmeta=01KK55WNAVE4A5CPXQVE08D9M6&hash=item1daf34f272:g:RQwAAeSw0eFpF1C6&itmprp=enc%3AAQALAAAA0GfYFPkwiKCW4ZNSs2u11xD4p3f3UtvfUydsEKB5EOkWHsm3d5oqu%2FKu%2Fxx%2BZrbqyR%2FL0ilGEhxrsmO37xKFWpyBmaaO9PagHedBVYJ4xX31kADo%2BPiyVIq5LV99E5OgoZg5LXGUfRrNIWEwiY6PjRBBwYxDZd5RWxFvJLOJkoxuzqoDvI1NxBiwMxULIBDNIjQzVUTihXofkJD0t4zrX1Y1z9lDQPx1289lEODGi71OHxJICJrCyyceH6QM3V8s2h55BSbyxJVgVmaKI1fbgAI%3D%7Ctkp%3ABk9SR9jV8qWZZw
NEW ROCK 107-C5 Unisex Black Blue Leather Skull Devil Gothic Punk Biker Boots,Leather,£206.99,Free delivery,12 Jan 2026,54,Brand new ·,https://www.ebay.co.uk/itm/254906304999?_skw=NEW+ROCK+BOOTS+PUNK&itmmeta=01KK55WNAVEHX8G7X4ECRBJG6A&hash=item3b599989e7:g:LvMAAOSwMq9gWflu&itmprp=enc%3AAQALAAAA8GfYFPkwiKCW4ZNSs2u11xDu6tMAEQr66x6zy2UsI8i2q2CN4cqxF2fSz6FAIXKk5IvKGzAOfN7pwY%2BLJdnnm03bi0MYhiSVxB7Qw6TI19GGl91W0Y7GwT307o4P0OHLBaih65Us2vY3LQedWb%2BPch0%2BWLbwTxq9znTUyjzuiCoN9IYZ5iqYCNg%2FGmY5aiwGHRlF1KMD13EG9k6Vo5HmC4tBCQFUG5MYsJCa1n2VPKMLhUE6HDS8d%2FA7iRxO%2BqKQ3D3zJPz7NrpJWQZeidOGfEN46SVPuTauR0%2BjhuvVlBZa906Zlg3tWDaS%2BIbik70Nqg%3D%3D%7Ctkp%3ABk9SR9jV8qWZZw
Velvet Boots 8 Black Metal Silver Heel Ankle Rock Biker Gothic Goth Punk BN,Biker,£13.58,+£3.71 delivery,12 Jan 2026,54,New (other) ·,https://www.ebay.co.uk/itm/366117269015?_skw=NEW+ROCK+BOOTS+PUNK&itmmeta=01KK55WNAVS0ZEC9PBA4H5KWBE&hash=item553e4a2e17:g:qQsAAeSw~pFntidz&itmprp=enc%3AAQALAAAA0GfYFPkwiKCW4ZNSs2u11xAoPwzwXbsENR5hs9uneZBHf4Kw5kgA1pEvr%2F1wzbNLpY5l%2BoodZUJ3BQ%2FkF5JZ3n3lVjQmJV%2FhZOthT%2FRk764u90gcqjse22rRbk%2BP8ca9mrJ6S2lWHiGrYQcIyCoGiZldE7CDJ2lR8yV5%2BzTe0hVQ2PzAeoY6%2FxSXY7%2BdRjnsuE04mh9UuvR6vjH%2Fp0ry3WBxf88sJIgv69DODW92PyvKZUrTKXCu6XdFbT8IpLP5doohMnubLr9WkpbYgUKL%2Fa0%3D%7Ctkp%3ABk9SR9jV8qWZZw
NEW Simply Be Black Leather Studded Toe Ankle Boots Size UK 9 42 Extra Wide Fit,Leather,£44.95,+£3.95 delivery,12 Jan 2026,54,New (other) ·,https://www.ebay.co.uk/itm/205189884426?_skw=NEW+ROCK+BOOTS+PUNK&itmmeta=01KK55WNAVFY80NWPGKRPES7MS&hash=item2fc6452a0a:g:iDQAAOSwHNBnbuqz&itmprp=enc%3AAQALAAAA0GfYFPkwiKCW4ZNSs2u11xBoY4YsfxAg7x7sp1wcjUYz4ByCY%2FfwItks322FLqpTkpp0nspQX8g8vX2RT0EMZrI00YCSGRxTXGYKHScdcmxh644vd6%2FBRDi%2FmWRlV%2Bx0eIiAnX5IBYdUJkj5t9Smi7wRzV7VdkeWyBHnARO32xvqM55XVfaSMkmbfxkM27EPpkP9vn4a4QYc3ErFjjOcUv%2FrB%2B3GNM6mpBK%2BgZwIdNQ82X9FZn77JU2k1IseWficPqeJWtWcdG8LOUBNOa9RDNM%3D%7Ctkp%3ABk9SR9jV8qWZZw
New Rock M-106-C169 Metallic Camouflage Gothic Platform Punk Ankle Boots,,£215.99,Free delivery,12 Jan 2026,54,Brand new ·,https://www.ebay.co.uk/itm/256865871541?_skw=NEW+ROCK+BOOTS+PUNK&itmmeta=01KK55WNAV0SKSYQDJ2V6ADKQ9&hash=item3bce6626b5:g:qxUAAeSwUS5n9Y6m&itmprp=enc%3AAQALAAAA0GfYFPkwiKCW4ZNSs2u11xCWK6hvxtIxaa3CXuXUyGt5E%2BflS%2F6tQLxnKS8DgnHgrXENuBAjTCtMUVuL%2BFwcjKgIUtLATcvHSIZUSYf5818vfGaV1v8MA%2FMWGr3pQFeBkpIH%2B2EN9hFnxZTPebTjmYUOXFW7gv%2F%2B%2F2qkyNQO3nLa39xuhAFZE2%2BKStoQKAoUMZgYN6OT3k41RsTkvSzxF0j4s8Zsa%2BJRQ7JuLSWtmqsAQHxFw2ZgE2XQb6FDJxznLYntjzo3E0RvcTKwA8GDHMc%3D%7Ctkp%3ABk9SR9jV8qWZZw
"Pearl Cross Boot Charms PAIR Doc Marten, Gothic, Whimsy, Alternative Bag Charms",,£4.35,Free delivery,11 Jan 2026,55,Brand new,https://www.ebay.co.uk/itm/167192253434?_skw=NEW+ROCK+BOOTS+PUNK&itmmeta=01KK55WNAWNWAE39G6R0773W2D&hash=item26ed6f53fa:g:jeoAAOSw8pBnZW4r&itmprp=enc%3AAQALAAAA8GfYFPkwiKCW4ZNSs2u11xAUuiblSH3gkLxWvYlFD%2FKZr%2FsZGWh20SlOBj4U7cQ3FgReGmASUYynEjsMJCS2qI2qTKURaSYNluwkqp%2B%2FnNI0VipdDBlivHDEJE2Hrn9yamvJkp%2BbbK2zqggeYeUKNYCTrPUsG3cxoscc0NJAX%2Fd6KZptodSsibsFby%2F3n3udzLukx56kivEmdvQrzS2ShiNQiT%2Fk8%2FSMDO2yO%2BBsnVKJ7DzOlJTyEjfI8WwhBLXAqxQeYB8BGX3SafCiJkrjd%2BEvh7o1yPz9yHt54tuEsapFyDs8QDzg4bJlA3YMkjiR8w%3D%3D%7Ctkp%3ABk9SR9jV8qWZZw
Ian Dury New Boots and Panties LP,,£7.54,+£2.94 delivery,11 Jan 2026,55,Pre-owned,https://www.ebay.co.uk/itm/157588529045?_skw=NEW+ROCK+BOOTS+PUNK&itmmeta=01KK55WNAWN9J8Z2YCMBY79SDP&hash=item24b1021f95:g:X~wAAeSwKuppWUPJ&itmprp=enc%3AAQALAAAA8GfYFPkwiKCW4ZNSs2u11xAaF5YY88KVKb6182yPzzG583z8p%2FXtmPvIbZgtppT9TFP3ohgXEClmtBQfALJoY%2FBV1b9kRO9gN6r0vaA5l%2FuOn9uwuT%2B9sfTq6HXu%2B9SRwCAVPhSzdzTFVpEaoh%2F6ENghziPLI%2FG2wd34krQaMK%2BMlPtdAc4R4h7lSOYhqVYGJFALsV6E60Qs0UWMvxJ86GoUIEUfsG2OToIzvV86R3BJulvtHv2O2toEt%2BsWD2iH4JUuXtmh0AJMtsPeBb48HWScGZBAvX4zA4Vm4g%2F9MCLROVqOkReJukpQzbrJDm8K%2Fg%3D%3D%7Ctkp%3ABk9SR9jV8qWZZw
DR MARTENS 1460 WS UK 9.5 EU 44 BLACK WHITE TAG STITCH DOCS BOOTS SKINHEAD OI,,£113.08,+£4.48 delivery,11 Jan 2026,55,Brand new ·,https://www.ebay.co.uk/itm/177750161734?_skw=NEW+ROCK+BOOTS+PUNK&itmmeta=01KK55WNAW1BHZFBF7AYGX5DFY&hash=item2962bc3946:g:RnYAAeSwFb5o5obV&itmprp=enc%3AAQALAAAA8GfYFPkwiKCW4ZNSs2u11xCyOvUbhD4FxQD3ui9W7OyqFXP84macvfYOqc%2FtPIqlFQ7jNm54y3B0aUPe6rMvZhMV1c%2BYoKY9mlFpL7nim53YTakDHJRQyMyywlr8blD8LtI1rxW3i7icrEb1TlWcVpenlTtO9qQlWOXbWJv0Ae0E9xmbEQbA7Daq4I9LfLYNHOMJlriL52it%2F6HrYzwDblZJBSiPEGwR9%2BxUesY59%2FJ88%2BX%2Bp2TsiBPZqRyPycTRAfvdsRJN%2FJSrsHpRwYW6JeH4PUzRrQbkz2W2w5ZuKtbeZVVaYOWH%2BAf%2FLifcGvjMSw%3D%3D%7Ctkp%3ABk9SR9jV8qWZZw
**GENUINE** NEW ROCK REACTOR BIKER Size 9 Leather Silver Buckle Boots BOXED,Leather,£125.50,+£5.88 delivery,11 Jan 2026,55,Pre-owned ·,https://www.ebay.co.uk/itm/187775696328?_skw=NEW+ROCK+BOOTS+PUNK&itmmeta=01KK55WNAW80WV1PG8W7CY47KB&hash=item2bb84dbdc8:g:gUQAAeSwYkVorLel&itmprp=enc%3AAQALAAAA0GfYFPkwiKCW4ZNSs2u11xAHMmJ2BFKF6F4vUcSrf5kRyLFUsdPZQYG1uAoBNoC75fUXrUt%2BjLg1IMgNKtcDJmv0VeYlYRC%2BPiSNygiapIktyA2wcqDQpm1aGGRp%2FbUuEMHbIxyWcDhfA6voxUJXCGcHeBM%2BOPuHqKV48zii0L5GMj930UUqzaSzTGl0KOp8h3rPTpm9Ozf%2BwMJeyAWaqelmyU%2BcSDPOgJo3kinl0s%2Bw806oM%2BXYUR89Gl45WuvfLb8rpDDc3HXugybbbcDLIgM%3D%7Ctkp%3ABk9SR9jV8qWZZw
DR MARTENS 1490 OFF WHITE DENIM BOOTS UK SIZE 9 EU 43 VIRGIL ABLOH 21999400 RARE,,£220.00,Free delivery,11 Jan 2026,55,Brand new ·,https://www.ebay.co.uk/itm/167538701963?_skw=NEW+ROCK+BOOTS+PUNK&itmmeta=01KK55WNAWWQS2NVA1VZ76WMX1&hash=item270215b68b:g:Eb4AAOSwi5dnTg70&itmprp=enc%3AAQALAAAA0GfYFPkwiKCW4ZNSs2u11xDohL7ok4jQy6rlX3vo%2FwwWtIKKPeLBWoRgXzhGamQ9KiZ2VmgV4Onq1pNlV%2FPBiTtq5MK0B%2Fqr7CCZJ%2BmNpCYLmLmnZI859ANIZLSahrxsMg20HWpa2v4YM4D5FRhKF8i4esjSWGJOCBENdUNtrx%2Bh8mZhg8QXPBnFGtGvJfpzfVFU2KANFyfK7IZOpd0eZ0r23OiEfj0o2a2YG1giET5FOnjeTE7qU%2BbAjGMlKXiuBeJTHBl%2Bm5OpCaE0pp6AY0U%3D%7Ctkp%3ABk9SR9jV8qWZZw
DR MARTENS Tall Biker Buckle Boots UK 8 Leather Mid Calf Black Mod EU 42 Combat,Leather,£124.95,Free delivery,11 Jan 2026,55,New (other) ·,https://www.ebay.co.uk/itm/336373417503?_skw=NEW+ROCK+BOOTS+PUNK&itmmeta=01KK55WNAWCX4TX2RDJP6WSEFA&hash=item4e516b061f:g:YakAAeSwPF5pWUwR&itmprp=enc%3AAQALAAAA0GfYFPkwiKCW4ZNSs2u11xCRr%2BOpJWUsNl7Tg2p2%2B%2FoebI3HbsoNvdiXMkDOpn1%2F%2B1krA%2BXLau2YjzlhLTFi%2FOz05dN6b6Kd3A83djO6dRFb6JvA%2BYK%2FApfuFX58cLf2zysqfqmkVyX8gHibHVoneHjnamCxucY2kUzzRSkT6zBL0jsXMlbLxovk20SduFeVJ2pYDGk53kfm%2BclGsOh0RA0g312Eqd7ZUGZDKdmMb3Ev3OaY8bFYnz41X%2BjhyymkJyH7n%2FJPxVE3V40bdA8%2B02c%3D%7Ctkp%3ABk9SR9jV8qWZZw
New Rock Black Chunky High Heel Platform Punk Goth Emo Boots Size Uk 7 Eu 41,,£69.98,Free delivery,11 Jan 2026,55,Pre-owned ·,https://www.ebay.co.uk/itm/306301804531?_skw=NEW+ROCK+BOOTS+PUNK&itmmeta=01KK55WNAWCD20RK387B5EXRJ7&hash=item4751029ff3:g:KxsAAOSw~~hl3HRR&itmprp=enc%3AAQALAAAA0GfYFPkwiKCW4ZNSs2u11xCCZWfn3Otss2av0YM3z1uNMzRw4ZhkCP4bUAw%2FMqQ59m2KT7ki%2FZCDe9sl%2BZv2outu09QQDPMDP2v4W45mxbRfl0RAdVpMYcSCGgv%2Bp2ebSCFsCIFG57YCOEFHFL4GyvTbnjACxyCukzzJA%2FKDKYFB7wmy8m%2B7aXnQlPCviwDOgwea7IQcfA49TCS16hx6wm0XM283slHfEwKBcGxFevluXgeXNBpzkLGCCJhhmm3sufqqkXb6okMXKfVOqTXoJmI%3D%7Ctkp%3ABk9SR9jV8qWZZw
Mens Ted Baker Boots Warm Lined Hiker Leather Military Chunky Lace Up Terrace,Leather,£56.95,Free delivery,11 Jan 2026,55,Brand new ·,https://www.ebay.co.uk/itm/317509143397?_skw=NEW+ROCK+BOOTS+PUNK&itmmeta=01KK55WNAWK7WVKGDZ4DDY8NYY&hash=item49ed050b65:g:0bUAAeSwuEJpDGR0&itmprp=enc%3AAQALAAAA0GfYFPkwiKCW4ZNSs2u11xCU1OG6gqnuUxRaJpa2418ud0RON9Of4fMtHrgVUfGAuYUqfQlJl%2B2WMZVYBFBovU5VXqQr8iMM7X0n9ZFltE1xhkdo%2BcIvg3vSrsf7WSTnlx9dzJeo3JBvAIzQ23pf9QKiKsvMLDaimrSKK64Z30598HXLcbdErzG7aLoOJdboAYvsyh5FjL341VtvZ%2Fxr6aKcdz7pMa5fTN15qccbP1qiXyhgjQaBBVRM1%2B3VgOfUnBUYJQkFcknf%2FvH0EikDbUk%3D%7Ctkp%3ABk9SR9jV8qWZZw
JEFFERY-WEST MUSE Red Fume polish SCARFACE 'Arrowtip' Wing Chelsea boot UK 8,,£85.35,Free delivery,10 Jan 2026,56,Brand new ·,https://www.ebay.co.uk/itm/406567379215?_skw=NEW+ROCK+BOOTS+PUNK&itmmeta=01KK55WNAWVRBD45V3JSR49R35&hash=item5ea94de10f:g:z5gAAeSwu3NpXqFu&itmprp=enc%3AAQALAAAA0GfYFPkwiKCW4ZNSs2u11xDl1BCIL8F4rmSZ8M5q0PJx%2BCygYAy3sgDXiCbKKhJQNHiM3MlfVcU7x%2FVonTpXxFBqkL4ds15VBdGlVW5uMKX5z8cz%2FcsXqR5ScOC1CFhUVSP9tpfJI5kTfHR62oFDBiSItWhM3JddTnlRqdRFgRPp0DDuEbA1pAOIPkQ9d6hbdtzdBdiVw3NdDt5iFJkwrEgg%2BAka7Mn6mUNUEuzcxB2Q9ekTv59E91F%2B2LYeHoSjZHSDQ%2FTR0dd5IgC556%2B3Cro%3D%7Ctkp%3ABk9SR9jV8qWZZw
JEFFERY-WEST MUSE Antique Brown Fume polish leather SCARFACE Chelsea boot UK 8,Leather,£94.00,Free delivery,10 Jan 2026,56,Brand new ·,https://www.ebay.co.uk/itm/406567368408?_skw=NEW+ROCK+BOOTS+PUNK&itmmeta=01KK55WNAWYG1CZNYZTGCEDC0Y&hash=item5ea94db6d8:g:c-0AAeSw4ZFpXqEo&itmprp=enc%3AAQALAAAA0GfYFPkwiKCW4ZNSs2u11xDBSGNRH4oLgk6FTVxfeU1iVnjuEToRh%2BX%2FiiPhOY338ovR14cQe8MUuljyklO3h2gwvRCo4cqnQo1LcrI%2BvjhpieD910EFMSRUUBDsXw2Y74x%2Bo0zlEC7ut5kOSVi344p0GQ5aZu2nqXEnc0OV1zLRA7Lv4ibYHHU4EeW0d0E1VXOzqT94itB28eqN1Io%2BN2DztQGbaHEEcCLZMePE2EgRxJvS7cr9siIp2KfpPrnjrvk9eLWXgjgIvvPQlTAff6U%3D%7Ctkp%3ABk9SR9jV8qWZZw
JEFFERY-WEST MUSE Red Fume polish leather SCARFACE Chelsea boot UK 8,Leather,£88.00,Free delivery,10 Jan 2026,56,Brand new ·,https://www.ebay.co.uk/itm/406567366563?_skw=NEW+ROCK+BOOTS+PUNK&itmmeta=01KK55WNAWFYN332DB8BDCX6QJ&hash=item5ea94dafa3:g:yKQAAeSwMixpXqDE&itmprp=enc%3AAQALAAAA0GfYFPkwiKCW4ZNSs2u11xAqjpDsJLHANPVaUaBsXdJzexIDxvuc%2B6cVKTkzgpb9uV3Uzh3m4%2Bq73mK8iUTs0oSOzhTiHwaEHphCymNa2DR%2B4aWZFq5vJO7ZaF312CSWJYKdC2CQn82KcUkcprfLcmXujaCZu5UEl1PKOqqHHCw%2FWAkgBGB74qb5RlbM8UJF%2Fl2y0CtIp37dMK5PXEG8AA7lIdKhKTXnqzO6bih7Vf0gNjPAHaNkwkq9oKsEGgkrgg%2BxL6s2sjeKrYaCENGNkJo%3D%7Ctkp%3ABk9SR9jV8qWZZw
Dr. Martens 8053 Quad Orleans Platform Shoes. Size 6 UK. New. Dark taupe,,£151.50,+£4.26 delivery,10 Jan 2026,56,Brand new ·,https://www.ebay.co.uk/itm/336368673199?_skw=NEW+ROCK+BOOTS+PUNK&itmmeta=01KK55WNAW5GW99EB7KM28GNBW&hash=item4e5122a1af:g:MocAAeSwI2RpF41m&itmprp=enc%3AAQALAAAA8GfYFPkwiKCW4ZNSs2u11xDdEFEsBq8cIE3253RPy9zbJebyiYMuISqqy6PlWPF3QDqT83ULvb%2FwznuHXnkKH3DVN1vRQgy02E8GMyAohhhTeGZ6%2BbYO52fT%2F0g4tE3VJ2%2BxFIMesAyDBFpHk8On93ge14j1rLtX6rjdQ%2FX%2F%2B%2FRFwh4pl4cKcdYwz9rhCps%2FtoI9%2B3%2F4IG9G0rQIGsonzXpeF7zwTxvxYW6Q5QW4i6OfE%2BuUMUmzSsY8G4T8XzqZl%2FIqeF4SARLRcKB86rjI0AW%2FBiAH3dfDsL5CwrF48BEKfleYYXtk4mMXmhddTtEDEQ%3D%3D%7Ctkp%3ABk9SR9jV8qWZZw
New Rock Reactor Purple Flames Leather Chunky Platform Black Boots Uk 7 Eu 40,Leather,£156.70,+£5.21 delivery,10 Jan 2026,56,Pre-owned ·,https://www.ebay.co.uk/itm/287048627140?_skw=NEW+ROCK+BOOTS+PUNK&itmmeta=01KK55WNAW7VJQGHW4WYRRFP3B&hash=item42d56e73c4:g:sasAAeSwIPJpV8gV&itmprp=enc%3AAQALAAAA0GfYFPkwiKCW4ZNSs2u11xCirnxXCMmJFZ4rOwXOjvGxtRson5TVIz7tqtYR8e5nzTZh6eZeB9GyodwriIanGSsZ9l74hU5yXxlY4nfvWHd6W9jmfdyx2c8C%2BoruTvwa6lVTXeRKU1TWRgUm5LCoa27mQgndHwbn8MrK%2BZiFjMF%2FszfcA0R6DVTjijRtRHVVHOmasASkuuVWpbB2MK8rfZfeTzusWT7fkJJeejdEzutuLZeMV0MmL4m%2BOeWSZorOYQob8%2Fh%2Fk7DAaIQxO7gr9s0%3D%7Ctkp%3ABk9SR9rV8qWZZw
New Rock Leather Spike Gothic Boots Size 46 UK11 Knee High Great Condition,Leather,£175.00,+£12.00 delivery,10 Jan 2026,56,Pre-owned ·,https://www.ebay.co.uk/itm/157573158054?_skw=NEW+ROCK+BOOTS+PUNK&itmmeta=01KK55WNAWF0VTBPD4VMSTZ021&hash=item24b01794a6:g:BN8AAeSwqQxpUDo6&itmprp=enc%3AAQALAAAA0GfYFPkwiKCW4ZNSs2u11xB4jIwmEu5NERvytc2JGT8stU47UaPpMZMqpzfEW4ut1%2BPkSaqBHHgI%2F7gVGfC%2BZn4T9i1a275O9mgwnOAjKzmHS9TDso2e4o236F1LwtgIOUwFQj%2BfC3DDKYDMOptL%2BOswJetJkmW0MEugI8xLQrW3S%2FIrIiIjRSmjNc7wm39hgo9AwmigHo4SWBll%2FhfC1%2BRWSwgom0wDC%2Bqipkchw4FqhVCC5QIArzb%2Fh%2BTD0tHCRuCKAKksSA%2F4y3Ci6Akz9ac%3D%7Ctkp%3ABk9SR9rV8qWZZw
"New Rock Reactor Black/Red Leather Flame Boots EU 38 UK 5 - Rock, Metal, Biker",Leather,£156.70,+£5.88 delivery,10 Jan 2026,56,Pre-owned ·,https://www.ebay.co.uk/itm/186867949303?_skw=NEW+ROCK+BOOTS+PUNK&itmmeta=01KK55WNAWSHKTVCXTJ6A86X6W&hash=item2b82329ef7:g:5E8AAOSwXt9ndQR1&itmprp=enc%3AAQALAAAA0GfYFPkwiKCW4ZNSs2u11xDDACE6OWtKT5z3hwleY%2Fi1OGu4CuIAaDeBZCeCGruzNcudyiuFqfJHTO13Fkyt6NaG44q19D22zF7xCtp%2Fxvqo6FnR5DuCGGEUm2w0G7%2ByWQvOZIK5ik%2FzWvs%2FCE%2BFHikQsK%2FhYdHx8LNlUxdfJAfk%2FTxKUJYr8pm1mVh2bZMWgYn2D3tBAWh%2BSLdwkYBen%2Bmju2ZzBxw58ChvE%2FYdB%2BZBvtY9R9I4x5pavmBlMXvMV2Q3O4PFyoNblSVbtZaNlBk%3D%7Ctkp%3ABk9SR9rV8qWZZw
demonia boots,,£68.30,+£3.71 delivery,10 Jan 2026,56,New (other) ·,https://www.ebay.co.uk/itm/374660583757?_skw=NEW+ROCK+BOOTS+PUNK&itmmeta=01KK55WNAWNTV0K07C458R8CBZ&hash=item573b82d14d:g:cZIAAOSwMstixUld&itmprp=enc%3AAQALAAAA0GfYFPkwiKCW4ZNSs2u11xDIjxhntzxi%2FztPbmWXVIU7Dqhj02cP6gFsb%2B8tS4Ytp7NGgL1N%2BWHjDYpFx4FXPvE4c9BeDtQjKKmGrH9d12IZT4rD7QyPx%2B0hGTm7olWrqdoa73QC63Bj1XFyLa0kMVhUQVJ%2BcfZJpOfpa9PgJ99TyHF2DuR%2FaCrjHN%2B2Zxc6wOy1bq%2FnxPtD7Wj%2Bga7kwShRF1ep%2FYnHgh%2B0IfQdYpamX1MkCu0fB0lOAj%2FfvU2Bye%2BF9rruoQ741ykno0c%2F5ts%3D%7Ctkp%3ABk9SR9rV8qWZZw
"Dr Martens ltd New Order Technique boots Sz 5 uk 38 eu New, Boxed",,£83.90,+£3.38 delivery,10 Jan 2026,56,Brand new ·,https://www.ebay.co.uk/itm/286945767667?_skw=NEW+ROCK+BOOTS+PUNK&itmmeta=01KK55WNAWGDSJ75BQ6SBNRAFD&hash=item42cf4cf0f3:g:7vEAAeSwAWNpGq~w&itmprp=enc%3AAQALAAAA8GfYFPkwiKCW4ZNSs2u11xA5xRxmGPy4%2F%2BX06qJ6oP8Pf1IvsS72aQnpEQFFLxhlmxsxkQIKq3glfw1sSF8MtOYIi4oG0S5fZ8npb0qrS%2FfY%2BkdUsTbTjBwy3H%2B%2Ff0hrZegAxaz2LmXuJoyxzp1epzq0TwqaLY2QVKKNxDqUWxjRr%2Bfg8o14yumt7jhiadXKYiRuxuRCpl6Tap2q9FFo6IstNmosViv6zmIzB6bFZkXmJE7W8VGUDB8PaAzekXZrVl7nMxxxS89lQjxtT%2BAEkMsOmp01f71Ky6t9jIy9S6pJDwMPzsaaLKDXWEdHMzfkKw%3D%3D%7Ctkp%3ABk9SR9rV8qWZZw
New Rock Black Patent Leather Chunky Heeled Mid Calf Spider Boots Uk 6 Eu 39,Leather,£89.99,Free delivery,10 Jan 2026,56,Pre-owned ·,https://www.ebay.co.uk/itm/306665752664?_skw=NEW+ROCK+BOOTS+PUNK&itmmeta=01KK55WNAWGEC3NYSBMGZT1ABE&hash=item4766b40858:g:l5EAAeSw46lpRP-X&itmprp=enc%3AAQALAAAA0GfYFPkwiKCW4ZNSs2u11xCDeyuIIfRxfErWtto6%2B8%2F6FkX%2BeNWe3NJnrqtLkya4PaRVaeAP7fdGHLa%2FW8%2BzbOLCiUP9faZt9XzUP%2BUGehxPnPypWtK%2FMEgJsO6wS7E2Zs%2FB%2BIrpgDdk62qj0IgzTqZOwSWJOepMowNTwy1dX8wcl4%2BwyyO3bRvTeRAJhC9ibeKUk2c63PxmwqZqtoghkDzDiW5g349FmuMSyrRAvXAoaVQTijsA4vMo6zrNBVZOAg02tUwFOe8RyTgRJ10SPtw%3D%7Ctkp%3ABk9SR9rV8qWZZw
New Rock Boots M-TANK106-C2 Unisex Metallic Black 100% Leather Goth Platform,Leather,£214.99,Free delivery,9 Jan 2026,57,Brand new ·,https://www.ebay.co.uk/itm/255313281756?_skw=NEW+ROCK+BOOTS+PUNK&itmmeta=01KK55WNAXBFKT8WMZF8VSZE0P&hash=item3b71db82dc:g:lq8AAOSwJhRh1DXv&itmprp=enc%3AAQALAAAA0GfYFPkwiKCW4ZNSs2u11xAChy28VMEvuxQUVGVCOwfAJS1vS795YzMDNhIiz6NHmTq9ly03yuaxoOjBK2Ou0dUIjXCBoGcT6nliz63ifr%2F8nL8PQWdcQva%2BqKejW6TBD6v3XSysmhdCs9Zjqsy1W6sVxcqWTy8Nn9gm%2BjKnw2aQd%2B2f42YCHJzpYI3rZii2zwRgNm76Fr2fe1Aslki0oDRgR83OxRyTY3k5vB6OaCIoWYsIeWc7ZduwijIjGKl%2BtDMkPnzuW%2F5QdX%2Be6FAa5Ps%3D%7Ctkp%3ABk9SR9rV8qWZZw
Shop on eBay,,$20.00,,,,Brand New,https://ebay.com/itm/123456?itmmeta=012DEW30YG0MEEKND7NH&hash=item123546:g:acwAA9KNiJowH:sc:ShippingMethodStandard!95008!US!-1&itmprp=enc%3AbgepL1tlUHjMGCVfSTGJh%2BzsVKeJ3CQk7NizDI4BZeppuFnmyS6Ijyp8lh%2FnEw%2BWqO7uTV1Q6izE1R0T54aV8j71F4xlWfVcGft4%2FiOQhtqVXA1rW6M1atPARQRmhqUxtEPJKhKtSFgI%2Bvwlzb0GwVCtkp%3ABlBMUObkmabpYw
Shop on eBay,,$20.00,,,,Brand New,https://ebay.com/itm/123456?itmmeta=012DEW30YG0MEEKND7NH&hash=item123546:g:acwAA9KNiJowH:sc:ShippingMethodStandard!95008!US!-1&itmprp=enc%3AbgepL1tlUHjMGCVfSTGJh%2BzsVKeJ3CQk7NizDI4BZeppuFnmyS6Ijyp8lh%2FnEw%2BWqO7uTV1Q6izE1R0T54aV8j71F4xlWfVcGft4%2FiOQhtqVXA1rW6M1atPARQRmhqUxtEPJKhKtSFgI%2Bvwlzb0GwVCtkp%3ABlBMUObkmabpYw
NEW ROCK Reactor Black Leather Mid Calf Boots UK5 EU38 Goth Steampunk Festival,Leather,£150.00,+£7.95 delivery,9 Jan 2026,57,Pre-owned ·,https://www.ebay.co.uk/itm/287052756844?_skw=NEW+ROCK+BOOTS+PUNK&itmmeta=01KK55WW2NBTB14YC19RKV044V&hash=item42d5ad776c:g:bzQAAeSwZTppWozS&itmprp=enc%3AAQALAAAA0GfYFPkwiKCW4ZNSs2u11xByWMFZ6xHfkC0OlaJZtjei8QqtoPn%2BhOlvHmE4UEFhrQlxvY5A3T%2B7bsbsAkiqBC%2FhPrRZCoORmQ0odpE1Lv3Op8wUVr6ITq4vE%2F4Ix3yC%2FoPgQ0Mj5zfrMGlM5jIc428K4SjTEiEBBTznzym8tah9WrCc%2BbBXDuuftNye%2Bz00E3%2Bzga8lIa%2BR7aVlXTVaCb3H8G23tkjoEOfujlz8M2REwGidT5eX6IFwEefFkWqHO0SfmDVA%2Br8hki7lZteofrY%3D%7Ctkp%3ABk9SR_DB86WZZw
New Rock 373 Black Leather Chunky Platform Mid Calf Punk Boots Size Uk 5 Eu 38,Leather,£104.69,+£3.38 delivery,9 Jan 2026,57,Pre-owned ·,https://www.ebay.co.uk/itm/168036279649?_skw=NEW+ROCK+BOOTS+PUNK&itmmeta=01KK55WW2NW5ERB0ESPYPF5R8D&hash=item271fbe2561:g:178AAeSw~RBpT~5N&itmprp=enc%3AAQALAAAA0GfYFPkwiKCW4ZNSs2u11xDMYTows%2Fl4QgWVB9znh66P0Sz6v7a%2FTiqY%2FxwXNzqc%2FdV%2B5mIXytRBiJixzIPhf0nSXTe4LmWqGIKABlp9WestvNYPcoVTASQmzFCLtSJvOnSrqpcQqM%2BUkZ6hoFA6R7qSQJeFGxWIIKgvI%2FObqtexNihndrc53JiG2EEvzfM%2FGpo1RsHfV%2FZC%2BCDT9U4nYqFTeIkUCEfq5sb8fgv0Vk7VkbSBETduEF%2BLUL9fu6e3CfAL1TE8r9cEBJNlfsBB6wk%3D%7Ctkp%3ABk9SR_DB86WZZw
New Rock NEOTR005-S25 Ladies Leather Boots Vintage Floral Black Gothic Rock Punk,Leather,£194.99,Free delivery,9 Jan 2026,57,Brand new ·,https://www.ebay.co.uk/itm/255313498627?_skw=NEW+ROCK+BOOTS+PUNK&itmmeta=01KK55WW2NGPSP8P56PJYBWN12&hash=item3b71ded203:g:CfkAAOSwzDxh1F9b&itmprp=enc%3AAQALAAAA0GfYFPkwiKCW4ZNSs2u11xD9uYdrM2BDM9r17CpbshYcXaz5jvvyUkS8b1VOpDjuk0FK6cSoKACUn9kdJ9aQ7u3oeH3KvxHzvZzdKC%2FLOqw3qjNQbWtnLsvtBZuagcHboH6AsVWBZnF9L1SGx7%2BQx9UZDzjdK5nlUwHC2a4HO3XuuAyj6iFfP%2BG2kdqZq36toR6j6%2BJWekz5ofg8CFeHeQFFnz4T8IclhYHat13AOj3FV4%2F9FBogpJZE%2BTjQs8gqz5aKBgmjY%2FnlICi2FnPTQq0%3D%7Ctkp%3ABk9SR_DB86WZZw
New Rock Tower Tank Leopard Print Chunky Platform Leather Punk Boots Uk 6 Eu 39,Leather,£149.99,Free delivery,8 Jan 2026,58,Pre-owned ·,https://www.ebay.co.uk/itm/306689982500?_skw=NEW+ROCK+BOOTS+PUNK&itmmeta=01KK55WW2NRFB5MJFXJRGZFJT5&hash=item476825c024:g:NUcAAeSw~RBpV5m6&itmprp=enc%3AAQALAAAA0GfYFPkwiKCW4ZNSs2u11xBqaROYS%2FVDvdX9uDsd4bfqaMu0Q2LxwGozY4OiwAEkULepTtSQHsRg1Ggedkua9MRLxwbBg%2FxUi8DK21k3AbIpwdOfFiFSNXlYCtXc7UrkcpM4MCDEtr1XYMcjSegEoyQ%2FX1MQobWGYdTk%2FxzYa1QU8vHbBI1mcSIdUfhal47tSEELaMVBIajosOBUJIHsUZkczredYJnarsRGHgFxvy7MeB24Wh7ROSRJDJOBXMuA%2Bw29oCqNvYKknASw1RHyl7A%3D%7Ctkp%3ABk9SR_DB86WZZw
BNWOT Fitflop Spacer High Top Sock Z Strap Sneakers Boots Sz 7 Women Trainer US9,,£35.00,+£3.38 delivery,8 Jan 2026,58,New (other) ·,https://www.ebay.co.uk/itm/397452690138?_skw=NEW+ROCK+BOOTS+PUNK&itmmeta=01KK55WW2NZ5B10A8H6X5DZPRV&hash=item5c8a06c2da:g:pUEAAeSwEP9pGL42&itmprp=enc%3AAQALAAAA8GfYFPkwiKCW4ZNSs2u11xBcPIGDOn5dw4Y9R4jb36ggDhjS8TYEADnZE%2BsUiVkb9v2HBXfLrnaLfnI4OzrNlAGXlS%2F%2BW%2F8R2JkO77Cojb5T7q%2Bmt9hIeYr%2F1d8F6NUwWgE%2FR%2F72Oqvhmky9dFQ6FmdBn7TbzJ2aN5PKFcN38WLLzX5fcPbNy8kAQDW1Cs3thER%2FGnYfGGKgCD0HCjKGl9U8r6ihdEI%2FmUdBUxnsiyPMIDRmzNYSDDg3eYjUqV49RzJwVpZt9CSPS96hx0ghE4Wi6GkXMCeRcog91I4MyZGNc4E4ZvSw1zw%2BQjSdAmPlXQ%3D%3D%7Ctkp%3ABk9SR_DB86WZZw
New Rock Boots WALL083C-S5 Unisex Metallic Black Leather Platform Gothic Boots,Leather,£189.99,Free delivery,8 Jan 2026,58,Brand new ·,https://www.ebay.co.uk/itm/255991637020?_skw=NEW+ROCK+BOOTS+PUNK&itmmeta=01KK55WW2NQ17HMSESQ8T56G3N&hash=item3b9a4a641c:g:h~0AAOSwRvZj-gsq&itmprp=enc%3AAQALAAAA0GfYFPkwiKCW4ZNSs2u11xANCihtVKJdEH5R4C8LjCfYW08b35RtmizcBgIEW1GWKUw%2BXlOf63C64CwbSG7Kph46BF9yEcDRlLm0hN%2BsEp1LNIu4rBtPqk7DTm70s7Jip8r0JNAOSAZ3gw%2FM2pFZfbKJvWFW2zHMKO6tsD9ErzwC7npIlUpzgTfjkN1yKotj8qVfI7JMZTV%2Fxsd%2FKuH6Lh%2FNnkvl4bHRIOHfy3FHQvn4nqC%2FpCrcb3zFAKCNkTxlPYiwAvSa%2FLDzC27ecOOUZuY%3D%7Ctkp%3ABk9SR_DB86WZZw
New Rock Boots M-MET422-S1 Unisex Metallic Black Leather Platform Gothic Boots,Leather,£260.99,Free delivery,8 Jan 2026,58,Brand new ·,https://www.ebay.co.uk/itm/234989645192?_skw=NEW+ROCK+BOOTS+PUNK&itmmeta=01KK55WW2NA3FEK29D6BZNXTSW&hash=item36b6796d88:g:i~gAAOSwECJkSrJl&itmprp=enc%3AAQALAAAA0GfYFPkwiKCW4ZNSs2u11xDGxcf9KBNTHkhhi652FujZ18SzZnE4R%2FyXj98v%2BMsymA7pkZAJo4l4FEoSgTSXlqtBfpo5jz164s9y%2BsKFekL7WomLtvSbZ9eapNggnkBFimKKIbdrcbamVp%2BD%2FoNY6IRRVWScnGIcOCUuMNTmGqCB6%2FkNXjZY0DRoJ%2BunjQHIQcIxAdZe983KoWj7jeQ3HnGSP2BUdpkJaAs77zqBAjucMi7%2BWsAWupiKjtiX4GPDrhoAw0XiTct7xvkhUDFZo0M%3D%7Ctkp%3ABk9SR_DB86WZZw
NEW ROCK 106N-S52 TOWER SHOES Metallic Black Leather Biker Punk Gothic Boots,Leather,£194.99,Free delivery,7 Jan 2026,59,Brand new ·,https://www.ebay.co.uk/itm/255313573084?_skw=NEW+ROCK+BOOTS+PUNK&itmmeta=01KK55WW2NST2BG3QHJYVCKKVF&hash=item3b71dff4dc:g:QssAAOSw7Hdh1G79&itmprp=enc%3AAQALAAAA0GfYFPkwiKCW4ZNSs2u11xAAsu6JGEA37v6D82LVF%2BEXiX3W6jWKppt2B6%2FyQqEIbQZWsokRyR4AuVkbeoTOlPtqpEdPIh2cjPdptEAwxD5r4C%2FHZe%2FaJ98qy%2BJwrq8qwpnMJvOHcHAa7RKt9Xd1ysT3GDXf2uM9K5%2FJtugWm6qMX3wLl7FcV%2Br8OY5k7%2BGhkC2jSYDPcB4U95RvAOuFnbR9K4TX1rvhisSSiYAmFtpzAyFBOYKigFkUnTi0L1KUXzVpinMpbivQ%2FQmSGzunfFE%3D%7Ctkp%3ABk9SR_DB86WZZw
New Rock Unisex M.727-S1 Black Leather Boots Skull Chain Flame Reactor Boots,Leather,£238.57,delivery in 2-3 days,7 Jan 2026,59,Brand new ·,https://www.ebay.co.uk/itm/265240204510?_skw=NEW+ROCK+BOOTS+PUNK&itmmeta=01KK55WW2PSJE25W001SB84PND&hash=item3dc18c54de:g:gr0AAOSwx29iIQ6~&itmprp=enc%3AAQALAAAA0GfYFPkwiKCW4ZNSs2u11xDwbI1idPU0TOUj179Br99qpvYY38ufT4BYKLzli77hC6gzmpDMdsbsbLymJeFBe4jMH9zC1ygKVF%2FOHS2%2F5WLfPsvXtLC2tYRuPFBFiAqP8AcLFgfM5sUwqUUU52Ci2QAVxf%2FFmCK7Lr7tmKpunSkIA0V%2FgI3r4ACcJvoWsXMZzpcfI3mf%2BbSsNhXSyn5Drv%2FstPQzV9fIUmko4jE4XzLLeJ9g3W%2FtxWbcCDiUQBFiRRB1uGL0Lc9NxL6TCh7Ch40%3D%7Ctkp%3ABk9SR_DB86WZZw
Stunning NEW ROCK wedge metal heel Knee high Boots UK 7 EU 40 Goth Steampunk,,£90.00,+£6.65 delivery,7 Jan 2026,59,Pre-owned ·,https://www.ebay.co.uk/itm/358083090394?_skw=NEW+ROCK+BOOTS+PUNK&itmmeta=01KK55WW2PJ2BCAHPKEZNNXVJM&hash=item535f6a57da:g:~hIAAeSwQBlozVJ2&itmprp=enc%3AAQALAAAA0GfYFPkwiKCW4ZNSs2u11xDbWHY2jdMzGV0%2B%2Fqm4wdsEYnv4QXdVbeavRuRzNpysFA36K%2FZj2GuxZUH%2FdprRbVCXEM8IezVB99G3i0c2tqM8RJhfrWQEywmjEPh58Z%2Fb38wMqk3M8G0QR%2FoW0aaMxCF5VJug%2B4VuT%2FQMOwzPW5Qi%2BNGk%2Bxj%2B3aLoGXsPW%2FpyjLiTI5q1ZIxG4IQ4OkrCAzcyC4aNuaXZX%2FBwyR2JV%2FTpIvpLg%2FKyO54zq9R4NKUcQxTkgUcu0QGCaYorRpiSu64%3D%7Ctkp%3ABk9SR_LB86WZZw
New Rock Trail Flames Knee High Black Leather Chunky Heel Tall Boots Uk 6 Eu 39,Leather,£159.99,Free delivery,7 Jan 2026,59,Pre-owned ·,https://www.ebay.co.uk/itm/306625273185?_skw=NEW+ROCK+BOOTS+PUNK&itmmeta=01KK55WW2PTQJM4G3K93B5QXNJ&hash=item47644a5d61:g:baEAAeSwN2RpJCEC&itmprp=enc%3AAQALAAAA0GfYFPkwiKCW4ZNSs2u11xDdep90Q7afeBfsi5HOAvDm3eKVe5LGkwnfCEzlNABCYmmm80La0xwS6MBQwOJbOwzqgn%2FlPSUtsF6OjgfXk%2B6r88s66pPHaE3BzniKrKgGTqj7dG%2BG6%2BkAdKBo2Mn8vUgg%2BnMjXSbi9S9zkMzsm%2BghD%2FUM7GSniYhcnOxP9c392ZmrNo7%2FWPYpGbIto8J%2F7I2dTBtsKTa5RdCnixBS94k3kT%2FCGgQQ9LiAK%2FTfImwcUmUKeLBZh463byWOnY%2FRhWc%3D%7Ctkp%3ABk9SR_LB86WZZw
New Rock Reactor Spider/Skull Boots,,£63.10,+£5.64 delivery,7 Jan 2026,59,Pre-owned ·,https://www.ebay.co.uk/itm/317730704999?_skw=NEW+ROCK+BOOTS+PUNK&itmmeta=01KK55WW2PT4FPSDFNCDJFZK0P&hash=item49fa39ce67:g:kjQAAeSwtf5pWks2&itmprp=enc%3AAQALAAAA8GfYFPkwiKCW4ZNSs2u11xAvLU2dEXFIWrzlH7%2BxhCvd9%2F0kIiCKXpXqeXKmEzfZ4kYAp3QnC%2B4z1z6MwZTzK9%2BiYo947NnnfBk%2BDxAh6pOu21YgmQze%2BFfDIrx%2FKRyOH4k6eMtGJQcpGpZt95ajlmgk45Rd9H%2Ftzh%2BkgAFu9ufvu4cAtOXKG8W9kr%2FbNboIQYny2NsskesuHlKYIoa2u1UuVLu4lo84U4GlRvZpV%2F0ycnrq9KFXtxgPXgojtQe90saicOYPoktdOlWfVBXvJl%2FvaCAmqjdDlK27LC8DBU%2F4Us5%2FHzcqBJhc2xNGoKyPOg%3D%3D%7Ctkp%3ABk9SR_LB86WZZw
DR MARTENS JADON HI BOOTS UK SIZE 6 EU 39 USA 8 DMS DOCS BLACK 25565001,,£175.00,Free delivery,7 Jan 2026,59,Brand new ·,https://www.ebay.co.uk/itm/167456851907?_skw=NEW+ROCK+BOOTS+PUNK&itmmeta=01KK55WW2PJA2Z1WSQEKB2GGV6&hash=item26fd34c7c3:g:rCEAAOSwODVn~pAD&itmprp=enc%3AAQALAAAA8GfYFPkwiKCW4ZNSs2u11xC2K12I2%2FmDOAGPSC75QJX9lEfLw9XOWY44fhZrOjh74fNxLUstL6Qu5pnlzZqr3fVy2xXF%2BA1QR%2FMj73q6mrmnD1Nc78TVYJpNuSEsIllQfdbbTXZDPnpnRT%2FRv5FTuLSBvqGAVXIeM7e78Ubya3roiz7hLsLpVcBpLOdzgNxP5EhrflwHqqoxPgBlukVhUiMS2RmMHwHBW3V1uuhUQAEJ952NM6aZ87lZFLVVyO5tMAzFb4EZ1leygMxW6DN3OUYpN4GcUuyALwqPdmwc%2B7PnLfj0EShhn93O5jieEf3b8Q%3D%3D%7Ctkp%3ABk9SR_LB86WZZw
NEW ROCK BOOTS TANK373-S1 Black Leather Unisex Combat Platform Biker Goth Shoes,Leather,£135.90,+£5.21 delivery,6 Jan 2026,60,Pre-owned ·,https://www.ebay.co.uk/itm/286995954189?_skw=NEW+ROCK+BOOTS+PUNK&itmmeta=01KK55WW2P7QERVKGGCBE3EKG9&hash=item42d24aba0d:g:nB8AAeSwdstpNfgF&itmprp=enc%3AAQALAAAA8GfYFPkwiKCW4ZNSs2u11xCoE5hnApYLBKtyipDj1AE%2B1SHU9fdy4Pqkm%2BGwoxcPX0bO2Q3tJPFicrfIRMxCkKwhnKh%2FmLM3QKqVMrx0Z26rqk3rpnVhaaNSxO9iPG1Buj16pp7v80vkv3PuzTmsvmYoOMtJUTGhoYhqO6s%2Bz44kgzvbcUiKO7lFYkTr19tVLQJrmxMKerQwkmTBpeXhzPPNwKFQRlcHXQhYiy%2FLIEspPhAMQKxyj0%2BE2TNbNY%2FG4AouRrQatqjXNRdfIqr9s5y5M7kSgRLOVbyVWmT9jO9dk47twa8hzlAaULjthuc5jw%3D%3D%7Ctkp%3ABk9SR_LB86WZZw
New Rock metallic boot M-107-S2 platform boots leather black,Leather,£176.33,+£21.65 delivery,6 Jan 2026,60,Brand new ·,https://www.ebay.co.uk/itm/167474500454?_skw=NEW+ROCK+BOOTS+PUNK&itmmeta=01KK55WW2P6EJPG822BNH2B2EC&hash=item26fe421366:g:KKEAAeSwMt5oCgsj&itmprp=enc%3AAQALAAAA0GfYFPkwiKCW4ZNSs2u11xBjB1pqWpUPBve0Mi0E73xI8%2FyFqy1u%2BIsCUCmsY%2B0b8GeIm2ZlZz1IgdSl%2FtWPLq2RseHrMgdq2aBOi70bpJPBqysmtjuvjJbC6TFtMH9dasO5UyCq0rHi8YX5cx%2FT8w0WwvVhZ3mjV9nkFnXPIwVKHgdghDm0kJkAoRtSCsZIJr0nie24TIDfMtE9WpPbjlC2hsJY%2FjK3Gc%2BGfnlGIbh%2BCynzTWb7yHpQZoX2VQUTVUBZhO%2BFEA2gdxTTSbK6qa0%3D%7Ctkp%3ABk9SR_LB86WZZw
Ian Dury & The Blockheads New Boots and Panties!! CD 2006 70s Punk Rock Disco,,£7.99,+£2.72 delivery,6 Jan 2026,60,Pre-owned,https://www.ebay.co.uk/itm/136816517693?_skw=NEW+ROCK+BOOTS+PUNK&epid=59470937&itmmeta=01KK55WW2PJCHRBC6XS0FPFJYV&hash=item1fdae6623d:g:LokAAeSwDrNpHIk4&itmprp=enc%3AAQALAAAA0GfYFPkwiKCW4ZNSs2u11xDmfR%2FvZlogZpDDQwR6dUbk2%2BMwJpYXqAvttsSVdOe3zzJbRvVaKBCKP5HbTcT7Mvjm2e9xvlVGCZlGJfWygPeD3Yqn%2Ft0hTa6aZ8V5tw4bX6Q3WqcWGxO5rdzKA0%2F3km%2B0P%2BYmVlTO1863HU4S93d2TWQgWxhkf8TpGbjEjXrnHI0tC90dMupfBtM%2BbcHeDOmKMaPFmniku26jDuUNAbZHX6k7%2FCqneBBAIC0EKVtbUsiXz64FVfjwFFqTvV%2B83%2Fk%3D%7Ctkp%3ABk9SR_LB86WZZw
"12"" vinyl LP's - individually priced - ALL VG+ (unless stated)",,£3.84,+£3.38 delivery,6 Jan 2026,60,Pre-owned,https://www.ebay.co.uk/itm/127039080105?_skw=NEW+ROCK+BOOTS+PUNK&itmmeta=01KK55WW2PQP1AV5ZQM1M8WG2K&hash=item1d941e86a9:g:UiIAAOSw5jtn9BE7&itmprp=enc%3AAQALAAAA0GfYFPkwiKCW4ZNSs2u11xDSwy6w6UXZw6B7GTGwF3azrJWSAMpQkDUMeKt1ErFtgy6jGNkPjnHcIR0SePFYfzpb1BH1zDu7tOW3kSwbiGecMtZ3zqsM6skFyf9%2Bc1NmMANfxbtI223yII0buJad35KUh3MR%2B7y0vugU8WAiixhdcEPLmIkuSbFUsoJHGhzRFp%2BGSi7pi4pq5xsaSyvphmJSzShv6KmsM0cmVZeQ5SHs12QcjAxz2Eghmu8W9drOFCsY8F6SY3FwtBE44yognI8%3D%7Ctkp%3ABk9SR_LB86WZZw
Cipriata Ladies Chelsea Boots Ankle Floral Comfy Chunky Winter Autumn Womens,,£30.35,Free delivery,6 Jan 2026,60,Brand new ·,https://www.ebay.co.uk/itm/317300715188?_skw=NEW+ROCK+BOOTS+PUNK&itmmeta=01KK55WW2PNBHYEF0SW9WTGR73&hash=item49e098aeb4:g:SY8AAeSwGQJoy9iA&itmprp=enc%3AAQALAAAA0GfYFPkwiKCW4ZNSs2u11xCZ%2FCxlBmTERF884aJHxhNlUtnHBfS5B1hUNpA6JLXtms%2BAdOM862zRelna8bGrmqOdjDOpa2S5GbOfI56QX2TdMRo4nNeNBvM0xxezvi0dMbKv7A8N%2F0O8D3UGfADHcsRiT2KRvldvYSuJBs8ag2f21a5%2BXHdmuIC9Cni1x6%2F8CCKXg18X79EYYLYf%2BNphTQs5yq7PEEnRZKsSQecPLIzdFwVwvOFR2lRXoDN3%2BilEauc2kgQbrC5TmerpLSfYbCM%3D%7Ctkp%3ABk9SR_LB86WZZw
New Rock 373 Black Leather Chunky Platform Mid Calf Punk Boots Size Uk 5 Eu 38,Leather,£57.60,+£3.71 delivery,6 Jan 2026,60,Pre-owned ·,https://www.ebay.co.uk/itm/136906751339?_skw=NEW+ROCK+BOOTS+PUNK&itmmeta=01KK55WW2P77DY1AC0BKKT9RK4&hash=item1fe0473d6b:g:m9cAAeSwL15pVkTp&itmprp=enc%3AAQALAAAA8GfYFPkwiKCW4ZNSs2u11xAs1dTpyxSIn%2FazqSkUjysy9utF91qM9JXzipETd0Bu%2BX5xWbi6SkytDiBPA%2BIgpj9jyzLqT5O85vL2FocMDfb%2BIL5oYqqdGfZSI2RwUESS83ge8etIwn9GyWo%2FaTqpX5x9TEKLV77iJpHymEEd6spxWg2H1KSGkXVv5wbqdsqCwXZ3l4%2BUQTA7q1DV1IQldaAmEHM38fraz996bx41ijGh7nQodhxCL%2BtMgjx8ExmZ23Sbl46LkYpdVmGGoPUsvwfuN30K7uu86kvaYH26S8fOTtvDGWp7R83OM01zYOlrkQ%3D%3D%7Ctkp%3ABk9SR_LB86WZZw
New Rock Neobiker M-7605 Brown Leather Chunky Platform Boots Size Uk 9 Eu 43,Leather,£119.99,Free delivery,6 Jan 2026,60,Pre-owned ·,https://www.ebay.co.uk/itm/306619154493?_skw=NEW+ROCK+BOOTS+PUNK&itmmeta=01KK55WW2P8CFJ02Z5QGXWNBE1&hash=item4763ed003d:g:xPUAAeSwskhpICas&itmprp=enc%3AAQALAAAA0GfYFPkwiKCW4ZNSs2u11xBpfsYuC0xMPXhJYqmDGXtQIKjKN57EyklrRNMZVZF5eDR5rktRzYFOW7oiQqBkPaSC9nY18bCn9%2FcOVK12EYcO9BAh2TmXfkbyTJpOLfnSC7WEy6nRFpF3%2B7LqlMysY7bR%2BddaCB7q7hKA1MkKUQskeNw6C%2FcbgHrX%2FDKVqOlrwM5Vw96rsCu7TatXShJ8pI3C7av%2FJXI%2F9UMnrQWNF%2BKnOJsLu2Q7Lgr2w%2FUjgAdsOb6vy2EWAuUsIUzbozHdS6A%3D%7Ctkp%3ABk9SR_LB86WZZw
New Rock Black Leather Chunky Tower Platform Boots Size UK 7/Eu 41 ⭐️FREEPOSTAGE,Leather,£146.30,Free delivery,5 Jan 2026,61,Pre-owned ·,https://www.ebay.co.uk/itm/365675400751?_skw=NEW+ROCK+BOOTS+PUNK&itmmeta=01KK55WW2PM6Y8AH48T69KY1YX&hash=item5523f3ce2f:g:IdkAAeSwXOZoUBGs&itmprp=enc%3AAQALAAAA0GfYFPkwiKCW4ZNSs2u11xB6ZrdiEDh6Sf7%2BSApxpG5j7AOeM9qLHCY10FWTdw1sP4iZjgHCRK7dY%2BSmuHrXg3eht7sGHtzQuqxxu8FOiYjj%2F115Lxp6fsB5kc%2F6F6TAKWTiDGSKU%2FlXerhxpVJ5V%2BK3ICJbZ2HGlClpJBWmUwF%2F%2B2b%2FpZW1oiuaOcul6o%2BrtL2oXF37UbCLBSOnggdW%2Fos3GRsZzQdQx9q%2FkQrn6nacbxwPnYpxvLn7RTjavsVpCEZMn6PsTngK9dzKAlvy4eA%3D%7Ctkp%3ABk9SR_LB86WZZw
Ladies Cipriata Ankle Boots High Heeled Military Biker Comfort Lace Up 6 Eyelet,Biker,£25.64,Free delivery,5 Jan 2026,61,Brand new ·,https://www.ebay.co.uk/itm/317300918072?_skw=NEW+ROCK+BOOTS+PUNK&itmmeta=01KK55WW2P5QK6AKXC8B94F4V2&hash=item49e09bc738:g:Pr8AAeSw1G9oy-Kq&itmprp=enc%3AAQALAAAA8GfYFPkwiKCW4ZNSs2u11xCQAJfN%2B4nxfxCV2JVTkES8BIcb7WhYiDLJ%2BfZ77zp%2BTHa9xtz4ypFWaqWHU2laSETUi0M5%2FAUdVAnCZV9gaH03AJ6m9NBr7%2FGYGMKXVg5%2FDM5cxX1jmiGe7GkOgWcbcpmPdUM5fb%2BZ3Eg%2B2lH8XKVtEyzwL3pUPbX96echDzY%2FjCKdWV7kn7mnII%2F6jmrd4aMVVKegmScae%2BIFdai%2BMS5z15myvzTa2TarEATJ1f8ATWAQSI03uT7cJYX%2BQMOmA0K8DYicA1JDnBZfK3EDLwbPcVsuI7%2FG0a%2BC801zNhwIrg%3D%3D%7Ctkp%3ABk9SR_LB86WZZw
New Rock Vintage Skull Buckles Leather Chunky Platform Heel Boots Uk 6 Eu 39,Leather,£149.95,Free delivery,5 Jan 2026,61,Pre-owned ·,https://www.ebay.co.uk/itm/198003673462?_skw=NEW+ROCK+BOOTS+PUNK&itmmeta=01KK55WW2PW54EZZ52C01DN7WB&hash=item2e19f04976:g:RLIAAeSw1CRpWAx1&itmprp=enc%3AAQALAAAA8GfYFPkwiKCW4ZNSs2u11xBixX3xwvPO6uoKLOwzR5GUSm74CWImYMZMLBOAO5BA4vMwbHy1s2bqsA7ngF%2FhhLgQERj8sZu7CBXW7RC1jvzvQNp5BXc06VwZrS7NrM2AU7v2l6A1voSSZtDXa9aFHV2YY3m%2FeO09s9yRFDWERkYDsO8sH6VV7CO820WVawmXp29Z8ovZsgQj7IpHykFig0TlW%2F0WJ8XDaKPOuSCyzq0zXB8vS2Yff1hZWqFwZgPyXMtU0ml%2BBA49iRoEd6Ba1rv0elBSCi6lqngv--d75IiBvC1%2BHWlVk0l9qBg2bOQZSw%3D%3D%7Ctkp%3ABk9SR_LB86WZZw
Ian Dury New Boots & Panties Expanded 2 LP Coloured Vinyl Pop Up sleeve RSD,,£26.70,+£2.94 delivery,4 Jan 2026,62,Pre-owned,https://www.ebay.co.uk/itm/336364968461?_skw=NEW+ROCK+BOOTS+PUNK&itmmeta=01KK55WW2PSMJ7W6595PDZM1ZR&hash=item4e50ea1a0d:g:irkAAeSw5FZpBhCr&itmprp=enc%3AAQALAAAA0GfYFPkwiKCW4ZNSs2u11xBOPLOsOyboQ8Ft3a7sGeakgtC7ojH%2FqnPKuPFBrcDk56SauS6aOC3Ep6DkqsZ4wMUvYj%2BtMg7R8xUXUvbcz32wk%2FnfXbl4978Yty1uX6Tuz9CXjk0w7AgPJ5%2FSK5%2BUb0as0y49OQsMdszRFRC%2BLkApH2uZlF2PgDEUDRM1ZK%2B7JRK7ZK9yhXfBAknZx9BBj69A6BeHop65BTEGvJqr27c9%2BMQJxoPHIvWHLMwGl5CqfPizHbmnajIHVbGIzy7e9pE%3D%7Ctkp%3ABk9SR_LB86WZZw
New Rock Vintage Demon Skull Buckles Leather Chunky Platform Boots Uk 4 Eu 37,Leather,£169.99,Free delivery,4 Jan 2026,62,Pre-owned ·,https://www.ebay.co.uk/itm/306431541646?_skw=NEW+ROCK+BOOTS+PUNK&itmmeta=01KK55WW2P3QXWB04D3XZXX85M&hash=item4758be418e:g:ersAAeSwGp5okIed&itmprp=enc%3AAQALAAAA0GfYFPkwiKCW4ZNSs2u11xCUAAuI28mA7s7IZpBsg0ipz4Q9HNsB7VWnRMJH4xFNBGBWFJ5gIFmmGYUa3AKtFcj2JlGv7MgmK8WVzVP4QdTCO3uju2MdTGCWT5je%2Bgfc%2FIt3TIopE7zj9PjPjZBWoF%2FggwBi7u6z2U%2FDehGHoY139sqzIm95VJ6a2VzyA9IBJjqReuRlDIMh%2FP01CrmRhd2Ybx5PYfdSWWbdouqDaKaMYV1mWXptNyyDwRGqJ1ySbX5de70HXHVhu9wyOHDSH1M%3D%7Ctkp%3ABk9SR_LB86WZZw
Dr Martens Jadon 8-Eye Smooth Leather Platform Boots Size UK 5 ( free p&p ),Leather,£99.00,Free delivery,4 Jan 2026,62,New (other) ·,https://www.ebay.co.uk/itm/376793894635?_skw=NEW+ROCK+BOOTS+PUNK&itmmeta=01KK55WW2P5T0DZDQ64HKN739S&hash=item57baaa8eeb:g:aSYAAeSw2FtpSBBo&itmprp=enc%3AAQALAAAA0GfYFPkwiKCW4ZNSs2u11xD7BjI6lsC59aAbCtHJKTb1TfOR5%2BfMzemSsExcBz2h9MRZliO%2BD2XWQ%2BGccEqp6i%2BTePbVFmpzdwe45QpjHMxTzJWYEmCO5xWEJUdy%2BIg%2FCfB%2FyFsH4Xl0H4eMy1ADdPQDDEMo%2FzD3WYXCG9jN9PPe9EkD4iDiDgHYpkzDcEi92d9mRzGGazwgJ41xE%2FZ35PTV1VIJoyQm0f5UhXNVe1RVN%2BoaSU1PAboCvmdvJqodicg5e28IOKQCkbAiNzPALWU%3D%7Ctkp%3ABk9SR_LB86WZZw
New Rock Boots WALL106-S10 Unisex Metallic Black Leather Platform Gothic Boots,Leather,£246.02,delivery in 1-2 days,4 Jan 2026,62,Brand new ·,https://www.ebay.co.uk/itm/256066544001?_skw=NEW+ROCK+BOOTS+PUNK&itmmeta=01KK55WW2PVYAWG1Y5HNCN22JT&hash=item3b9ec16181:g:cD4AAOSwuzNkVlSa&itmprp=enc%3AAQALAAAA0GfYFPkwiKCW4ZNSs2u11xBOXV53QfKTSAZcSQztaxR2yYaPz64OvRuRUOBl%2FtazAlL0fma8dYXhdXxxpbAey0jhWv7atLXRb7PfK2Qg1SSnVkiXR--i1E7TVySQj6D94rTbRJtYHOLVJIiKMC5CYTSQ53vRQebdBMidyf4xyJm4dlMl%2FeuM8OY%2Bxv7fTjQ7oXXciNSIds9XZEBJBAEUd5S1L1SoEfkJ12S--Mj%2FJJzL6c1dIIp03rhDqmBbXuuSjEZOD76YICJbqKj6GFDBlv4%3D%7Ctkp%3ABk9SR_LB86WZZw
New Rock pewter leather Boots UK 7 EU 40 Goth Steampunk with box,Leather,£51.66,delivery in 2-3 days,4 Jan 2026,62,Pre-owned ·,https://www.ebay.co.uk/itm/358061161334?_skw=NEW+ROCK+BOOTS+PUNK&itmmeta=01KK55WW2QSXP6BNF9DDGTNGWW&hash=item535e1bbb76:g:IBoAAeSwoO5pUSLE&itmprp=enc%3AAQALAAAA8GfYFPkwiKCW4ZNSs2u11xD3BYdHe0nkOkgT8pNWs6wy49dbNeYfNkD8%2BGWuZmAPaFH42jbb4Ix8kP2L5EAHPT5jXjxmngFNdCeTrQuQHWJnTTjYb4kBPKEGLo64E1GiOMuQAMLMPA3nMPOjWZqvv9Wvkt7EsbrR2JE%2FyN9uBSOkGyw8etQKOhQhU2Ouh7PaObqoBWyz96js3nMXor00vLPfyAa7kvyaBCMbLr80kCZKwHZha5hW5vQo7hyMYLrExCcTZy8pAw%2BshbSH04%2FRz2mNiSh7HI%2Bv11EluLDz1OXMHWZ7hdpiGFBfDNcHrBrTsg%3D%3D%7Ctkp%3ABk9SR_LB86WZZw
Dr. Martens Men's Tarik Utility Boots,,£67.00,+£3.38 delivery,4 Jan 2026,62,Brand new ·,https://www.ebay.co.uk/itm/257289726540?_skw=NEW+ROCK+BOOTS+PUNK&itmmeta=01KK55WW2QF6DHS81NZPQ1K9AX&hash=item3be7a9aa4c:g:Pv4AAeSwwWFpMwBA&itmprp=enc%3AAQALAAAA0GfYFPkwiKCW4ZNSs2u11xBcEWftCdU6kiHm9Cal86btAGIWicY5bslSPp4bKVM%2F3Z0YauoT8Kn37e1XSx3FBWEs1DWp7XShy5Ec6BvdARsZJLkhqT97%2FomJN6%2FMW04ouft2Fys3MbNaf0cCVyk3raz%2BjD4jo%2FQdxxmh6ezH6QItMhs1w%2BVbsNqd3lkssUQ%2BZhwLcJKUrC1itt3p9SQ8b%2BHjvOZ5nSs3gTs7L%2Bp8Lj%2Bbef1iSuyTAUZG10JiNeRM%2FpNW2GWaCkbXFqQ8t1P%2Bs80%3D%7Ctkp%3ABk9SR_LB86WZZw
New Rock Knee High Boots,,£78.70,+£3.38 delivery,4 Jan 2026,62,Pre-owned ·,https://www.ebay.co.uk/itm/267526417072?_skw=NEW+ROCK+BOOTS+PUNK&itmmeta=01KK55WW2Q8JTJH3V8P4TACRMR&hash=item3e49d12ab0:g:2SUAAeSw7txpUR0V&itmprp=enc%3AAQALAAAA0GfYFPkwiKCW4ZNSs2u11xD082v90tbltM7AGI0OgcJBvsRYyBYUPe%2BA%2BXhPj3lFHdpYRsRFF5kE%2FXp0XdJ3khF7uFhO%2FNZSnSoflI9%2BQelFxKj7q1EQWM6ge33tq8e7qFGz7cR%2FuMyxDKqCg%2FS5yapzxKbPiRMPTKb6SBlsAMZtglzXdOE0zLlUPWTdc0gmmoeWaSKNUfUpzhz40jpIvxEWSpjrafme0My93BFDXpg8uq8nBvA%2BkUdBzTI5Ut2IBH5kPTiTZ4mzZUyoTi42LiY%3D%7Ctkp%3ABk9SR_TB86WZZw
New Rock Womens Gold Flames and Chains Steam Punk Boots Size 6,,£177.50,+£4.66 delivery,4 Jan 2026,62,Pre-owned ·,https://www.ebay.co.uk/itm/136663868781?_skw=NEW+ROCK+BOOTS+PUNK&itmmeta=01KK55WW2Q84QTY4RMZF4JEQ2V&hash=item1fd1cd256d:g:pOwAAeSwIGBo~1Ga&itmprp=enc%3AAQALAAAA8GfYFPkwiKCW4ZNSs2u11xDGQeMutObpv6%2BUbEfVVvocCeGN4U1ewdmont1x9%2FAJwpbIc8EMlsMQ0qylF%2FDrXxayEJAI825%2FknFkpJVRVv331pr2ZXdls%2BsyaKSPYsXRNb5C4mz9qF5S0%2BU6wyXSh3d5KxgsHuaNrl0pcev5HJa15fgHGfSbSyKlCKqYi81qEXaw%2FNUBNbpC639AXaC1go1NP2iBLXqqGXnWkWwbvPIKswJeW8H6KNJcDYWJ%2BivTB%2Bun0yBBH26MvfD%2BNMUJ4idfz8tepmVv5%2Fr5ku3%2BXz2ZIJPulvzRJEXfhv23MYaMFw%3D%3D%7Ctkp%3ABk9SR_TB86WZZw
New Rock Reactor Black Leather Spikes Studs Chunky Platform Boots Uk 9 Eu 43,Leather,£249.99,Free delivery,3 Jan 2026,63,Pre-owned ·,https://www.ebay.co.uk/itm/306591205274?_skw=NEW+ROCK+BOOTS+PUNK&itmmeta=01KK55WW2QZE6TPTFKX1DX7S97&hash=item476242879a:g:0dYAAeSwNE9pDycM&itmprp=enc%3AAQALAAAA8GfYFPkwiKCW4ZNSs2u11xDuLOeilMl%2BEgyAdc5SXHwlTX2XZQmfjGuQdNNMg4qbDn3T3MZnu79tPiV8lx%2B7qRMnylZS4ychE9zprr90W%2FiQRtXrsKOreeczScVoWKFB5BCQYiwE5bm7axHDd8Fx%2Bl2UiTsYXtYt9ucXPBUi4P5kDy3UiDpJ5IqHczmdAPheZdh6ru6%2BOTPJmhwrFK6Yy3zwbNeWijmABEPpu8KMmEVbKA0cMtyPo8ASkJz%2BRZ8TeVOR7kEfT%2F2SkSOvuykFcucg%2Bfvk9Aok5mWPsUgFoHNkMLpyOVqSxoS7PSb61m5gKw%3D%3D%7Ctkp%3ABk9SR_TB86WZZw
ASOS DESIGN Armour premium leather hardwear boots in black,Leather,£37.10,+£5.15 delivery,3 Jan 2026,63,Brand new ·,https://www.ebay.co.uk/itm/197238129225?_skw=NEW+ROCK+BOOTS+PUNK&itmmeta=01KK55WW2Q76D1NSDWD1FQS2QH&hash=item2dec4f0249:g:mg8AAeSwVFJoBjv6&itmprp=enc%3AAQALAAAA0GfYFPkwiKCW4ZNSs2u11xA%2FGNxm9X6%2Bb06ZYAdhRkladmcUdp9oLkKa9%2BU6fcYCrXtHdquMzNgdW50SGLswzu9eU09dgMwUXNFgtiTowd7e3VYSu%2Buen2vz%2FWlbU%2Fr%2BOMVs8oQJkG7TYjapVLmUaR9RHO4vFIwRQh0wNgFu%2F6fEptOA7C%2F0fqqLmzAHMNzHYMXbCHS2tjO5ifQtmDXcP4wUR%2B3px3%2FtClI2O1ccawjJetM8%2FJmTfUOpAp9TwmwaVUzaHAFYteZ9TW1qGHxavos%3D%7Ctkp%3ABk9SR_TB86WZZw
Dr Martens Jadon Max Studded Platform Chunky Black Leather Boots Uk 5 RARE,Leather,£312.69,+£5.88 delivery,3 Jan 2026,63,Brand new ·,https://www.ebay.co.uk/itm/157366646391?_skw=NEW+ROCK+BOOTS+PUNK&itmmeta=01KK55WW2QQS0GDHZC5JDQHWFB&hash=item24a3c87677:g:Ti4AAeSwO~No4TIJ&itmprp=enc%3AAQALAAAA0GfYFPkwiKCW4ZNSs2u11xCXQSxucnAWUGGBBefJKC15Y0Qqta--HUHXXh7JnUejGdF37tMKXqn2H%2Fa3BM0YZuyY1GkUlzIAp7qZOIf8aQWWuX3miUZPJ40z5OvqCQRsK3McZoPja6%2B2RRcFYv0BPGDfu%2F1VanK8PySoIkhZ8vhMi%2BUUTJTeycAdWxezkLVUd72gtqpZmzafE6cnZCWik7AAhwkE9Zljc7PdBnAirF1wSXYTndjOzhZzqfQ5rSHugQZ%2Fu2HTMY5nyZ%2FAGAa%2BSMY%3D%7Ctkp%3ABk9SR_TB86WZZw
NEW ROCK 107-C5 Unisex Black Blue Leather Skull Devil Gothic Punk Biker Boots,Leather,£229.99,Free delivery,3 Jan 2026,63,Brand new ·,https://www.ebay.co.uk/itm/255313335211?_skw=NEW+ROCK+BOOTS+PUNK&itmmeta=01KK55WW2QC3NNQ7J6DCZN248H&hash=item3b71dc53ab:g:54gAAOSwuQhh1EJA&itmprp=enc%3AAQALAAAA8GfYFPkwiKCW4ZNSs2u11xDgrxFZ5PjQgIEFsW%2BFF8aw7BE%2F8bt8N6%2Fsr%2BiUbsSpTfNUdzB%2BYHBItQ3csFSVa8Ys9vwkXoc1ls%2BJqrXysE5ILOkrxmLU9sRKgYHvVV3utu0cthjzdgVMqGQTIKrX0J6M4MAmiMtBioHBkMyfcHXUUuCuY8RGXpDicbzTm2Be%2FEbBQmkEv1%2BpWTNg18r4i0Fpi%2BCjr9w62R9GJP3pETsRgftoIx%2FtkGzc88sty68hU86MJgg3zbgo%2BrFedEMLcyt33nQjeWJrKiM44qjZWB3bXE3d2Z6Qcba07y%2F8svgSFA%3D%3D%7Ctkp%3ABk9SR_TB86WZZw
New Rock Boots Red Grey 6.5 size 40 Leather,Leather,£68.30,+£5.64 delivery,2 Jan 2026,64,Pre-owned ·,https://www.ebay.co.uk/itm/336368883467?_skw=NEW+ROCK+BOOTS+PUNK&itmmeta=01KK55WW2QVZ5P8QYGYDZS7GEW&hash=item4e5125d70b:g:L90AAeSwdEdpGi2V&itmprp=enc%3AAQALAAAA8GfYFPkwiKCW4ZNSs2u11xClF8eAnIvlMXE3QbcjIva7ymcAwbL80DhZSMvrMHR9Xzec6h5mCiHRkoMZxTrqHCUvvA7JSKrsW5u4O1aqVFtVwr0sTksDRMxO2uTRXXHO87z%2BcGDxmfEaP%2Bb5DSd6%2Bk4yGG7xRbnPI7qL2BvBpjQN2vhQvoIv93wtMrxb3kdyHwabRI8t%2FedSCW%2Bke8P1o1Yv6DXTKHqSK6RaY5vNRopiMAi0wcnGSnXkXz2O3IW2kyTDw03cs10ruT8bm6jzsOY3tsYDPOeI1nQT05UTOLr95zjxUJLLBPYyLcqsSCWZ9g%3D%3D%7Ctkp%3ABk9SR_TB86WZZw
"New Rock Black Leather Boots, UK Size 4, Red Leather Inside.",Leather,£83.90,+£3.38 delivery,2 Jan 2026,64,Pre-owned ·,https://www.ebay.co.uk/itm/177712193503?_skw=NEW+ROCK+BOOTS+PUNK&itmmeta=01KK55WW2Q1CWK8DGRJZ1W33MF&hash=item296078dfdf:g:kxoAAeSwxfJpG3C1&itmprp=enc%3AAQALAAAA8GfYFPkwiKCW4ZNSs2u11xCm32d2xcnjCYofD78MPbJi%2Ba2sisqbcQ%2FLMN%2BOe0sSlqaHdAz4iN9Vh6aQkorvdI%2Fm7q%2FahB%2BLTcwyrACRPCGWZVYJT%2BTAFWuq4lfg4QT%2Bur%2BC0pwZYgi4mTrkNH323FbFHxnKJ2%2FIjlkKzR6A9RpRJkj2DMRcmYCeon64KShSC3DAeS4hkuQnklRDGCjxJxDrLBbpVILXt5CWIq8vc8CVimEjyrZRw9M77FjxjtFvLJv9v83E57ByRZ2Q0kSX6pz%2B%2FY7%2BQCluRc0Bsx5hBxhOA2I4FpekEoBMup1j2abX9A%3D%3D%7Ctkp%3ABk9SR_TB86WZZw
New Rock 373 Black Leather Chunky Platform Mid Calf Punk Boots Size Uk 5 Eu 38,Leather,£104.70,+£3.38 delivery,2 Jan 2026,64,Pre-owned ·,https://www.ebay.co.uk/itm/267524163824?_skw=NEW+ROCK+BOOTS+PUNK&itmmeta=01KK55WW2Q1YMHH0T8R929N7EY&hash=item3e49aec8f0:g:JCMAAeSwXptpIGLT&itmprp=enc%3AAQALAAAA8GfYFPkwiKCW4ZNSs2u11xAUbYi6rUuEjLdiuzIqGCR3ucAtfuGaafEHsU4b%2FDrIqlWXofLBr%2FyYEXjHm%2BnL%2F9qbY3EFkIStibD1rdRV0BYN6SlNnJFXipM%2By7%2FMs2pX8EpicNSsnQ6QiB4%2FpdN5HpfmRsrM%2BoXxmh8DGWsm3%2Bb76dfqmb0q%2B8jWd1RVCxMiY32ukOoqR1usqaOXh2BnprXuJj8wWWheRFuv7Fp3mAUn2IPYC8gsq3VUHCfn1LkICcCt53OfHJEYYucBWeAJkZMlz%2FDqaHf548UCnMx0uxN9HFgQtDkVu%2BjvVKLoer51%2BQ%3D%3D%7Ctkp%3ABk9SR_TB86WZZw
New Rock 106-S1 Unisex Metallic Black Gothic Classic Leather Biker Boots,Leather,£223.66,delivery in 2-3 days,2 Jan 2026,64,Brand new ·,https://www.ebay.co.uk/itm/255063660462?_skw=NEW+ROCK+BOOTS+PUNK&itmmeta=01KK55WW2Q4Q4ZS86DQMYKFV2N&hash=item3b62fa97ae:g:34AAAOSwfvxiIQSq&itmprp=enc%3AAQALAAAA8GfYFPkwiKCW4ZNSs2u11xCzFqCioUgp0PSPBvKJTAUDXD9Bu94TdENWmL0CvCNMRJRAOEmzwEf4eQzvO4BOnS66Nvl2BmfJucwMoL6X%2FZWbgYM6sj7uKFvOADLkM4uDp0geq3vSvPI4uy6SJd0D%2BTaJ7kF5X1TTXayFASqDp3h7PhD3MzhayBc6HiMhMc85IDJHKFs5%2B%2FGdB4ZZ%2BkBSYJJUcbEm5wYe0lnhDvfPP5wPrTs6hCYCgb9Yjo02V2oBjaq5A6zQ%2BomK3vvOo3INw2Pf0T4qY85ngO4h%2BXM6gjhQdj2yJ8cMS0i8dO%2FBQIgAPQ%3D%3D%7Ctkp%3ABk9SR_TB86WZZw
New Rock Reactor Purple Flame Leather Chunky Platform Mid Calf Boots Uk 6 Eu 39,Leather,£169.99,Free delivery,1 Jan 2026,65,Pre-owned ·,https://www.ebay.co.uk/itm/306645686275?_skw=NEW+ROCK+BOOTS+PUNK&itmmeta=01KK55WW2QN9BDQPRTVEZPZ45W&hash=item476581d803:g:NtwAAeSwaXxpM-pk&itmprp=enc%3AAQALAAAA8GfYFPkwiKCW4ZNSs2u11xC1eenaisPQQHwsBYNdSXtiwQ1kMqexe0NzVmAVuDKuGKQXBGCxQRiyhGNzjeiNItvfSijnVdR%2FLfFaN9yLsE8fV%2FzijUZdlaYY35FEuvwrcrJNtQmE74Fba3zo%2B9gdPTo4vIINFATrRmCO189NvSb5K8piOK9vY203BOBte0%2F1lbpSbJz7xKzGzsKxnaEd5u6Pk%2BpQjO%2F3xZRelY3LN0mMUrEa09K%2FhWPbIivEpCwWNoip2kO6roDQ61OA3mq7Xk0c%2F6hDQGQmjd1IlM3awWppiVOkvaByQmhG87BtTitnXA%3D%3D%7Ctkp%3ABk9SR_TB86WZZw
"Raven Skull Boot Charms PAIR Doc Marten, Gothic Whimsy, Alternative Bag Charm UK",,£4.49,Free delivery,29 Dec 2025,68,Brand new,https://www.ebay.co.uk/itm/167709237050?_skw=NEW+ROCK+BOOTS+PUNK&itmmeta=01KK55WW2Q1W7K8EZBJ831FVK2&hash=item270c3fdf3a:g:rjkAAeSwF-FomiL-&itmprp=enc%3AAQALAAAA0GfYFPkwiKCW4ZNSs2u11xDpQYIUyw7m3rw52bBsw2BvJxnaMOxDxTJ0mWqlEYGbhKKwNzO%2BYVh31sIsLt5B5qeHkKOyXLHhODsjr2HWB63ONehVHl3pdt1XHbjHQ7TL2l%2B3mJFJAYopzUQGUHvTz%2FWwY7%2BiSQr1wpWv%2B7Ucud8zk%2F4ThxNs6sM3gLSSgP3sefWHkIVsiGPhTokHs1rNqhMPjFV5hjqqorZv9liTOYYrwiALB3iYz2fbAZ91I8qvU7%2F02Z7uih8NQ3QMaoJ4SYs%3D%7Ctkp%3ABk9SR_TB86WZZw
NEW! Dr Martens Jadon Fur Lined Quad Metallic Leather Boots Size UK 3,Leather,£99.50,Free delivery,1 Jan 2026,65,Brand new ·,https://www.ebay.co.uk/itm/405407626766?_skw=NEW+ROCK+BOOTS+PUNK&itmmeta=01KK55WW2QKMKB6H5PQ2EGAHFE&hash=item5e642d760e:g:XAkAAOSwHl1nHmCe&itmprp=enc%3AAQALAAAA8GfYFPkwiKCW4ZNSs2u11xA8j326xuI3O08l9ospF8wS6bGkJNM3wuaQQkyNIz%2F4WVKf0Q9SID5%2FHRRB16%2FQpqHa9Jc4A95pl1hpWQf7lifq3FpQAVQOCoNt0VD%2FJG66fLfre2IDnVGfQZKRWSqWK8KCT4vWlOZTBzVtTg4OYdVZqbWA%2FWqWL1aBnr4gvy7mSc0QgoOwvlfC3mmur2A3oeOOPRpMMQnihvGpFjJSoxaWQ1lGdA1ZAl58S0Of2%2BqfudurNofGlfemX%2BRLw1h%2BwngZQbFwE%2BV3mc9qo9zl%2Fe688sznOYp63OzLKL5LAlic%2BQ%3D%3D%7Ctkp%3ABk9SR_TB86WZZw
New Rock Cross High Heel Ankle Boots 7 Red,,£94.30,Free delivery,31 Dec 2025,66,Pre-owned ·,https://www.ebay.co.uk/itm/177544499649?_skw=NEW+ROCK+BOOTS+PUNK&itmmeta=01KK55WW2Q4PSCTS8WBN38QTMM&hash=item29567a11c1:g:PggAAeSwL9lpCH0J&itmprp=enc%3AAQALAAAA0GfYFPkwiKCW4ZNSs2u11xAk5p9tt%2F6atRhywliyKKhwYfuZ0XwwKiHgkLZoRf7O9E1993PqHoiEYiO0cPwMcO4oK0QZDQhQ7zvJEXkBU04YTs6NRxMRRdaJ%2Ba04--Bk71s5pe614oE5AmQ7id0TMhov169FsyXM3AmnUim0lisSI4eY%2F1r3rpOMuSxp7dzkpSaHcE7Ijp3sXxJz5HmJ3yTESSW1bNo8xOj8XohA1zW0J2AXYpxzuUTPYXyYwPp%2BgQkgHlULeMMAcgFb1jb61FI%3D%7Ctkp%3ABk9SR_TB86WZZw
New Rock Skull M.8373 Mid Calf Chunky Punk Heeled Mid Calf Boots Size Uk 7 Eu 41,,£149.99,Free delivery,31 Dec 2025,66,Pre-owned ·,https://www.ebay.co.uk/itm/306665752645?_skw=NEW+ROCK+BOOTS+PUNK&itmmeta=01KK55WW2QB2W23F0VZ1RD4Y82&hash=item4766b40845:g:5SoAAeSwhftpRP6u&itmprp=enc%3AAQALAAAA0GfYFPkwiKCW4ZNSs2u11xBmipZDoriy5bbc2dvMpEGCSQcIrB%2F2YwUTvgIPo4nMiSWkmCa6caqb9ZOMJwnptG2ug9lCIQUoQIrMfbWsD6A1eyQqKNesUA4h5mGZcGQ1EklcULe7FesDfJbDYD%2BuTztAdqF6WGfe0azWmoapBP5wTu9ErI70GUtKwRUNPrSkrVQrnxiQDbgCKQc4cB7Ek%2FlgdRZZo%2FCAjMPGzoFXT7%2BEcZX731v3UF8Ky0NqV%2FuUGLAmYh3J7yM9bsrvgrRB6CU%3D%7Ctkp%3ABk9SR_TB86WZZw
Dr. Martens Sinclair platform boots in black Pisa leather#Size 4UK/No Box,Leather,£80.00,+£3.38 delivery,31 Dec 2025,66,New (other) ·,https://www.ebay.co.uk/itm/297861574294?_skw=NEW+ROCK+BOOTS+PUNK&itmmeta=01KK55WW2Q37MZ0A4HKFS10VC2&hash=item4559eeee96:g:bYYAAeSwlFppREqH&itmprp=enc%3AAQALAAAA0GfYFPkwiKCW4ZNSs2u11xCKKblArjWxNBxzHVVGiI%2Bu7sZalkAL4MCtFA8n1SWHJ1H2kV7%2FkMbLge73Zd6DVkRp8yK1VK%2Bm0zVvVoSRW4eLAob3Vtlf%2FJYcJ1J0hgZRCaxaIW1nx7PQL6PLpBNfXFG5B%2FAaouUqX%2BofAQy2ZgTA720wQ1513wD0k1pEnkHMr37wXRtXLXPo%2Fs0UudT7dwPuJ415reX8GrmvWaZYC5EX%2FJrM2CrgsQhUKIDl%2FvbmZPqCOQXaf9vVdXjLJhsQscA%3D%7Ctkp%3ABk9SR_TB86WZZw
New Rock Reactor Flames Red /Grey Leather Chunky Mid Calf Rock Boots Uk 7.5.,Leather,£89.09,+£5.64 delivery,31 Dec 2025,66,Pre-owned ·,https://www.ebay.co.uk/itm/168026091566?_skw=NEW+ROCK+BOOTS+PUNK&itmmeta=01KK55WW2Q52EPKH5CB1SW688G&hash=item271f22b02e:g:caYAAeSwwWFpM1Qp&itmprp=enc%3AAQALAAAA0GfYFPkwiKCW4ZNSs2u11xADhE1jB4s%2B3uXrXuHDZjVHnpYqEe9BQVDpEPaEHHo%2FDAY6mT3eiDa0i88tb3cFAFWhjE7cnlYcKLvQLaboRH5MobycYQ42M%2F0B7Hg6Uup5KcuII%2BiZ3gr7Ukn4CFfIaBkLpVHNM9MDpVuUDDFdWX3I51KqggEHqL7LH67btKz%2B3JPeMBDDT52UTGYGLd9pmvwLYoNtNWvnSPgqoJPRr6kEzkR%2BZ3XacNTIb%2FBcFssF3AcQgdgzB1P4q8yqb%2BBKvBI%3D%7Ctkp%3ABk9SR_TB86WZZw
Ian Dury - New Boots and Panties!! (2006),,£6.57,+£2.70 delivery,30 Dec 2025,67,Pre-owned,https://www.ebay.co.uk/itm/287003073320?_skw=NEW+ROCK+BOOTS+PUNK&epid=59470937&itmmeta=01KK55WW2R2F55S6586906W1EQ&hash=item42d2b75b28:g:EC4AAOSwruxbEWzx&itmprp=enc%3AAQALAAAA8GfYFPkwiKCW4ZNSs2u11xA7I0kqgu3t%2BVjSL9HspEL%2FdpJoxjCSpcw5TVBukTG8Ab4QKx9jGDYJe3uyM%2BG8OzPBzgNA5%2BKH7D%2BFc1gqDRQ9ZbnVpxQbXR5YYEiMIuvtoB84jbRQXiqrrDLCkPuJASEFAfRPmWrPAvWSHpIZo9getYtVRNYMLL1uwlB%2BaeOaQdnxBrHF6nFPd8BY1kMgNZ1RN2QO%2FP2fPAC5udcb9eP3qzD5v7%2BDV68vWX14WO6paFwyd%2BzJsh2ztsBd63vtapxMZvk1cwwfKqzw0TBEsPDLsnHVP0ew3yNCh8yUgLuzVQ%3D%3D%7Ctkp%3ABk9SR_TB86WZZw
Russian Osirov Military Red Leather Calf Boots Size 6.5 Biker Gothic Rock Punk,Leather,£67.47,+£4.50 delivery,30 Dec 2025,67,New (other) ·,https://www.ebay.co.uk/itm/336240961126?_skw=NEW+ROCK+BOOTS+PUNK&itmmeta=01KK55WW2RRZ8STNEV2FN6777V&hash=item4e4985e666:g:UogAAeSwrvpoe6kf&itmprp=enc%3AAQALAAAA8GfYFPkwiKCW4ZNSs2u11xBbkGPnyXC6%2BS9mr41tVWbLd9aPF68kKu1zdmaed23wvfED4tevr7MIcgmO6PGSdQ9sh0J4UyCNvmFHxOhSaHIFYCWXhh2Y5IyTdoQAOtbx66Ps2ljOGOuD0QKuMg63pwEdxSdz5kaRJe%2BYtwtVJ2Xlyp%2B7ZBh4%2F2%2BoYzjmTmVhFD3O6GqT1Jrd8ks70FGY%2FALem6XrrFFuTk42H18uMBSB7QBLZyhTqvJYgC%2BKqLXBswJHH7YRMTfMHRWUCC3XPavKiKFy0LYpYrQdBhRXXYdWgbvQULMw%2Fo3Mml6NUVhSVQ%3D%3D%7Ctkp%3ABk9SR_TB86WZZw
New Rock Reactor Purple Flames Leather Chunky Platform Mid Calf Boots Uk 6 Eu 39,Leather,£169.99,Free delivery,30 Dec 2025,67,Pre-owned ·,https://www.ebay.co.uk/itm/306637418940?_skw=NEW+ROCK+BOOTS+PUNK&itmmeta=01KK55WW2R2C2NEY81ZK95QJRF&hash=item476503b1bc:g:e~UAAeSw8~ppLUGk&itmprp=enc%3AAQALAAAA0GfYFPkwiKCW4ZNSs2u11xC2SGU%2BaYzHK4tJVKxNiNxQ7RQesF5BzyyZY%2FQXQB%2BV7IXKIJTYQLxg9rlY5%2B6VojjyrDigWgpcqt8tcgF5XiY3ZxDPyf7xK%2FGS2rjzHANZUQPxqiocayY4ErU%2BJ4XsoDfLEVA0FtyFq5lVhJFNGZ4PAXWBG3h3h5HWhOpNU0PZczk%2B1qyxuwT7hR6YSz%2FBnoKgMCHSYwflmBhd--PLPE5r3CopxC%2BbDOycn1RdWonGtInyy7Iu5K9lXdAv5w3QcK0%3D%7Ctkp%3ABk9SR_TB86WZZw
New Rock Reactor Spikes Purple Flames Platform Punk Goth Boots Size Uk 5 Eu 38,,£169.99,Free delivery,30 Dec 2025,67,Pre-owned ·,https://www.ebay.co.uk/itm/306672976857?_skw=NEW+ROCK+BOOTS+PUNK&itmmeta=01KK55WW2RH5WHDYH4B0SZV27N&hash=item47672243d9:g:610AAeSwtIppSkbQ&itmprp=enc%3AAQALAAAA8GfYFPkwiKCW4ZNSs2u11xCdGu5V%2FIvhPL40asiKxWefkceTahOMetsn1RMFiPThiziQfqL%2BUO25E8EpSOJT44meU3o2zgo3ifdpJw7sK97iuj%2BEEAkInQP8gM%2B3D5OiEP%2BGpTLeL7dSD5Fk328i5ir9V59LWYsrd%2BIlhjuSno8dLq4EL7XMEBdvgnB1yY%2F2%2FbgptfvWZwUPeJqAnOELSPA3bJ5tqLCixWegSCLFkdYlbb%2BjWgfGJHl9iebG6ucjoIUXPwTZ64DHbdorcA1Jcj1YgT7NgwcJhiVGKQH9N4wemP%2Fa9rk8TPO2ksHO%2F84qcw%3D%3D%7Ctkp%3ABk9SR_TB86WZZw
New Rock Straps And Chains Unisex Platform Boots in Black,,£238.49,Free delivery,30 Dec 2025,67,Brand new ·,https://www.ebay.co.uk/itm/156923384594?_skw=NEW+ROCK+BOOTS+PUNK&itmmeta=01KK55WW2RBVHGBDAMYNJX8D07&hash=item24895cd312:g:x0AAAeSwwV1oCgY2&itmprp=enc%3AAQALAAAA8GfYFPkwiKCW4ZNSs2u11xDlNm2MGTJjqP9wzoGMIklTR4S4C9loUiYajdbOKEzMvPcyVNCroUGjS1d9KSWGFxwXsi2oni%2BDa2zc4e%2FL1i%2BcS7IS%2B7GWBsU0dlwjq3y4xExWzC%2BRSykoeBmuuc6z3zNa9loRIVvsLOffezLkCEuhk9fF7XPzuJvJoqmXJK4QVZ8P45%2BIoSPRAvwH42JRY13Nffeevpfj5fVeInLGj29kAJBhK0uasfC71MUK45tcbqfuJhEotsZ4Hr7j34OzNytXD80Wo1YXSFeKIWWblbGGDHeSMB8GNynPDWPHHNllTg%3D%3D%7Ctkp%3ABk9SR_TB86WZZw
New Rock Reactor Black Chunky Platform Black Leather Boots Uk 7 EU 40,Leather,£94.00,+£6.65 delivery,30 Dec 2025,67,Pre-owned ·,https://www.ebay.co.uk/itm/358046089648?_skw=NEW+ROCK+BOOTS+PUNK&itmmeta=01KK55WW2RPH96DX91BP83VB7S&hash=item535d35c1b0:g:Gj8AAeSw7-ZpSseb&itmprp=enc%3AAQALAAAA8GfYFPkwiKCW4ZNSs2u11xABZD63eyhTxoKtAjYqOT7gczo1QkZmplfdIUguDaMcwZkCNRAy%2FxntKQNU9yusSY3LGe%2BXFJE9SE94Ntf9wrl4Ahv%2FhEJTdCTp2B%2FygdJKLocUdZ7GJgK2HPPe9earWL2lxIUA3uk3TjVw8oU1ObuyxDUIsuoX%2BAyq%2FOEXWIkNYwhNiuyU5BMAxUt%2Bh7hp9G8LlrjaIZ7UP4oGHaqdr93sAdM2RDtJIR%2BkJSHRli%2FtSUhAhejUD6fMqfWESt%2BElLP3XKX4sbMHbYXlgwgTsibH8KbAnbXx6DIxRx61CWvZ%2FQ%3D%3D%7Ctkp%3ABk9SR_bB86WZZw
New Rock Reactor M.988 Steampunk Black Leather Chunky Platform Boots Uk 8 Eu 42,Leather,£159.99,Free delivery,30 Dec 2025,67,Pre-owned ·,https://www.ebay.co.uk/itm/306659005969?_skw=NEW+ROCK+BOOTS+PUNK&itmmeta=01KK55WW2R14E6MSKRBKSXB6JQ&hash=item47664d1611:g:6WQAAeSwURlpP7uJ&itmprp=enc%3AAQALAAAA8GfYFPkwiKCW4ZNSs2u11xB0SLRuItSajBRtxM8Erz0VWeubl0VIus9XhqEJlp3bSvoGEcUX4mbwXy7n%2B9Gb7hvmGrT3wCS8XqPBN1U7Q%2BmSKNIWb0VyZJOQlRseW9Pz1VVQiaFAQoGRst%2B2cjRXGfKbJRkUaUZHHHb93iVOF%2Biyi1AuXCDk314ok5LJFMTl%2FZ1U6C0kreo41UNeqpJQZnXio3Dl4yWb9YwP4QNuG6ZomqpTWp4utcUxvXVGvTj2TEpnJraxkwkSULEmMZmPDy6DPPdccSTapwj2WeqFlfVZD5jBtBl5c5XfLy5OpDiH2A%3D%3D%7Ctkp%3ABk9SR_bB86WZZw
JEFFERY-WEST MUSE Metallic Reptile Effect MANIC 'Thunder' Double Zip Boot UK 8,,£94.00,Free delivery,29 Dec 2025,68,Brand new ·,https://www.ebay.co.uk/itm/127578137402?_skw=NEW+ROCK+BOOTS+PUNK&itmmeta=01KK55WW2R2EB28M5C4ST805C3&hash=item1db43fe33a:g:sOUAAeSwbc5pSX8f&itmprp=enc%3AAQALAAAA0GfYFPkwiKCW4ZNSs2u11xBlNDqpwk6dTvlQP%2FSeg5Y3f0JBbwDJp3pb%2B3NoKVjZVfvoo1oIEKudiv86J7rnfz8okz4UEnzSnMn00YiZTYsr7Td9BHXlxtsIQ%2BjWT%2BdZ%2FWmV52UshGMy3Yk%2BokbIq%2B0lcsLwSeb6SFYuCoI8q2FIleL8jUAZNg3DaSlZLWvn%2FfM7ujfuSo8wS8NwiJeiJNg0rRJrgQZm6qUOWrmiOQGiY%2BByMtazBXxdyuc3Pgg1gFThbNnSz9nT1hOoiFfVcmE%3D%7Ctkp%3ABk9SR_bB86WZZw
JEFFERY-WEST MUSE stingray effect SYLVIAN Zip boot with lightning bolt UK 8,,£87.00,Free delivery,29 Dec 2025,68,Brand new ·,https://www.ebay.co.uk/itm/406508933895?_skw=NEW+ROCK+BOOTS+PUNK&itmmeta=01KK55WW2RBW6QEMAV3G7TPA69&hash=item5ea5d21307:g:JjsAAeSwVwxpSXgj&itmprp=enc%3AAQALAAAA0GfYFPkwiKCW4ZNSs2u11xDNlt5rvI0VEivpmL6VKEc5kqeTf5hhYt7aS4Ng3FuT4cgzzcg5NqXDHh8AV6QC5ig7%2F9XpAu%2BKTzziJ3aNEGmaTyRZY6%2Bn8ip2qVgA1tXVzoOIQg2SGPeiiPos9cDIXjAhc0XeqVlH3YUXx3iFMJH3vTjb0Odn1glD0M2hZ%2FvuOJ4qZd0iY6NA%2FdSHTXAanjlHq42BjXk%2FjZB4RhoLrQryT4XO8XXjUY3U31fAoUx1FFCPqMBOFrTwq4UYKxgVwaE%3D%7Ctkp%3ABk9SR_bB86WZZw
New Rock Boots Size 5,,£73.50,+£3.71 delivery,29 Dec 2025,68,Pre-owned ·,https://www.ebay.co.uk/itm/326808908480?_skw=NEW+ROCK+BOOTS+PUNK&itmmeta=01KK55WW2R92XRQ2PKX9KDRHS9&hash=item4c175432c0:g:Fk8AAeSwSdJo5qcd&itmprp=enc%3AAQALAAAA0GfYFPkwiKCW4ZNSs2u11xCqxPejMV%2BTCeNXP9uaFU%2FrMtLPYygJB7tm%2F6TDFejSjdgVLNOkJieoygbYnYn%2BVPZ%2Bvggm%2BaDp4ZX6q1zDIOyIn6yertLy4knOYcY3drbvvJwgLVddJEhQ2luuH%2B6uUV2lu7iFWrwySIE56KJW5%2FdLdBeMQBYMgubxCpGNmzNsCYU9DYmSPEHXeXAX2lX3nTcu%2BxhDI7nCWNfk0DN6%2B9%2BE7sjLASJRombalrqwXzt7te7Pfo2u0Njwl4G10qEow5s%3D%7Ctkp%3ABk9SR_bB86WZZw
NEW ROCK RED FLAME SILVER METAL HEALED COWBOY BOOTS Black Leather Western,Leather,£125.50,+£5.88 delivery,29 Dec 2025,68,Pre-owned ·,https://www.ebay.co.uk/itm/127569456701?_skw=NEW+ROCK+BOOTS+PUNK&itmmeta=01KK55WW2R6TS35VWVQNGE69V0&hash=item1db3bb6e3d:g:sNIAAeSwaSZpQ5gx&itmprp=enc%3AAQALAAAA8GfYFPkwiKCW4ZNSs2u11xAX5QEsnBqj175myYv0Zy1AKRJGMaKqCWKkt2A6Hvfe%2BN8yxIkL17d3E1YU0uc7zoHRzcwEp82ZYi5a3gu9v%2BPI2DZfcqTRxkuAALDN1YpIxIuK%2FlhQtd1gIJsniMFOU4Il4sJDrvTjogxnchLKqgrClD3MinZU39K2HsEn%2Bwo2ROlcrq4tl3VQjw3IHf2Clp%2BkeqCc%2BrAKxofcxmRTRxIPyTPv5sOn1sTz%2FBYMrzcQFE2CnteOSF1s5LlCLzZvovhe%2B1xyHi5p8rKVJJUe49gjxqeKXESeyDpvIgpt3wBG%2FQ%3D%3D%7Ctkp%3ABk9SR_bB86WZZw
Dr Martens Kent Curwen 1490 Boots KC Vintage Worn Effect Oxblood UK 10 EU45,,£199.00,Free delivery,29 Dec 2025,68,Brand new ·,https://www.ebay.co.uk/itm/277162473067?_skw=NEW+ROCK+BOOTS+PUNK&itmmeta=01KK55WW2RNEHVJ465WCFGE1T6&hash=item40882bb66b:g:xgQAAOSwcv5oPOb7&itmprp=enc%3AAQALAAAA8GfYFPkwiKCW4ZNSs2u11xAjQi1ZvNRKDltCDjPXTstqnNYmly64tlrBD9%2FvnsajRgPv9nWCPEl1uVCxgQF1lwGWwjNrU0osczT7zQXgxEtOo5LMmPtuiqu8zfHfWSyplopd61gusiXbo0qccDwvN0AtJ%2FXoBhGOI%2B9WphBYUqPgtS2neqqxaHnTXH96KClQG2ewrhQCJ%2F5dA%2BWGAPaBezvFzhgx%2BnNkb3nfxuV9cXc8Awjj%2Be940U1elMnoMxTIlrh8pRLxwq9prsumNf2IQ9C2erEY3vFsQDTVsBqmuLTjSS%2FoPLlD1UAMVFct9D1AzA%3D%3D%7Ctkp%3ABk9SR_bB86WZZw
NEW ROCK Reactor Black Leather Knee High Boots UK10.5 EU45 Steampunk - Read!!,Leather,£42.00,+£7.95 delivery,28 Dec 2025,69,Pre-owned ·,https://www.ebay.co.uk/itm/287025333377?_skw=NEW+ROCK+BOOTS+PUNK&itmmeta=01KK55WW2RCV60V7ZY2VY72PY5&hash=item42d40b0481:g:zkQAAeSwTBJpSGu~&itmprp=enc%3AAQALAAAA0GfYFPkwiKCW4ZNSs2u11xB97EgOag68lFzJQFol40cn%2BVO%2BpM5VAvn8iFNhAFuVEWquFhtSL2z2pqRGGNWjzfxyvburWpf5aZDhvvKl3BHFzTbCferTTvSlGNe0es6a0QcVWMJn3ZN6LTIaqd%2BezadWMrXgAQdH6Wl9nRXSdFQJRsEZG%2BWLRB%2BL%2FmhoT33C3QK%2BnSNzZg6UliqWAbKZb3mzIOsFPQUA37HB7gRsCI7cl3LXF5IT56mTDhcj9DcQaRtbjJwtUAdgbhQdbkuZWUE%3D%7Ctkp%3ABk9SR_bB86WZZw
New Rock M-TANK007-S1 Platform Metallic Punk Rock Gothic Ankle Boots UK Size 6,,£162.47,+£7.27 delivery,28 Dec 2025,69,New (other) ·,https://www.ebay.co.uk/itm/127478585097?_skw=NEW+ROCK+BOOTS+PUNK&itmmeta=01KK55WW2R8HCB84MA471BNGJ5&hash=item1dae50d709:g:YI4AAeSwQrJpD1Mp&itmprp=enc%3AAQALAAAA8GfYFPkwiKCW4ZNSs2u11xAjlWEcDticJFKhMTG%2BLD1ruOuIWZSFAJ6d%2FmVah1iaVkUkxnJCVbwHWIG5hVgfLErQ5sKaqqUyD8kPh91jBt%2Fyhrjxg0%2BBDS8ZTslRJXNtSCIcDW%2FMd8MYGlMNe%2BfB6phS3JvhBwqWXiQAmV8sml4f%2FADxYNyq1G8KIqo%2FSqq6FX8VkBvVHeIvVxneeUQ9%2Bvudvn57NFNnA13BP%2BsaLxI9o6aC1klBgGVGVbhHYi9AzFPdfuTN%2FnLS3pkFMlrHkXxbv3qZUx2SaOpAWW%2BltPeRDZBtSyqqag9xdZwGCJ0wiA%3D%3D%7Ctkp%3ABk9SR_bB86WZZw
Shop on eBay,,$20.00,,,,Brand New,https://ebay.com/itm/123456?itmmeta=012DEW30YG0MEEKND7NH&hash=item123546:g:acwAA9KNiJowH:sc:ShippingMethodStandard!95008!US!-1&itmprp=enc%3AbgepL1tlUHjMGCVfSTGJh%2BzsVKeJ3CQk7NizDI4BZeppuFnmyS6Ijyp8lh%2FnEw%2BWqO7uTV1Q6izE1R0T54aV8j71F4xlWfVcGft4%2FiOQhtqVXA1rW6M1atPARQRmhqUxtEPJKhKtSFgI%2Bvwlzb0GwVCtkp%3ABlBMUObkmabpYw
Shop on eBay,,$20.00,,,,Brand New,https://ebay.com/itm/123456?itmmeta=012DEW30YG0MEEKND7NH&hash=item123546:g:acwAA9KNiJowH:sc:ShippingMethodStandard!95008!US!-1&itmprp=enc%3AbgepL1tlUHjMGCVfSTGJh%2BzsVKeJ3CQk7NizDI4BZeppuFnmyS6Ijyp8lh%2FnEw%2BWqO7uTV1Q6izE1R0T54aV8j71F4xlWfVcGft4%2FiOQhtqVXA1rW6M1atPARQRmhqUxtEPJKhKtSFgI%2Bvwlzb0GwVCtkp%3ABlBMUObkmabpYw
New Rock Reactor Black Leather Flames Platform Punk Rock Goth Boots Uk 5 Eu 38 #,Leather,£169.99,Free delivery,28 Dec 2025,69,Pre-owned ·,https://www.ebay.co.uk/itm/306299208824?_skw=NEW+ROCK+BOOTS+PUNK&itmmeta=01KK55X1SC0NZGVMGXKR4FMXBX&hash=item4750db0478:g:twAAAeSwvABoIbPk&itmprp=enc%3AAQALAAAA8GfYFPkwiKCW4ZNSs2u11xBf0vMp7iCW8jl%2FORSnhufpWWe3oLQD2toDzUAHHLmK%2BCmCmd1wSVRP10zaemMzSK3k5KOE2eeOUy6RgZLlnPCiN7Ga%2BQ4wfp%2BioYIRCJFW0l%2Bmmw4Got2z2HoK9IBzbnBodh%2F%2BpdAZnbchIZWxtg5b7RmfK4MNANPKCNZHSst%2BQUMaf7IIuuBWCwFZkAH4UlBcomC9Gh4aFIZj9QjUwIFIpyEoadWWWUDFAEeAPaQ89EtnqQoMbPEx9MuSmO%2F7CrAeTNR2A2UTiNjRZKPO9Ek1aM76HDW7IlLwk5UBlOwPpw%3D%3D%7Ctkp%3ABk9SR_Sc9KWZZw
New Rock Reactor Flame Boots Size UK 6 Steam Punk Rock Metal Boots,,£119.99,Free delivery,28 Dec 2025,69,Pre-owned ·,https://www.ebay.co.uk/itm/357826102919?_skw=NEW+ROCK+BOOTS+PUNK&itmmeta=01KK55X1SC10BQWPHKAG5V2SMQ&hash=item5350190687:g:5RMAAeSwHb1pAL9o&itmprp=enc%3AAQALAAAA0GfYFPkwiKCW4ZNSs2u11xAjbhuID6J8T9O5RKqDCGOYISOCh%2FrqPtVJS596GR0iNgGrwJanaaX3NzbH%2Fhklfhhcpw5oTDaFds1cJNFgA3UO5sWnQR741H6JLCo1IJRTKGpoRsEJi37lbuQP1KJpe819taF9NAUNpfyCRkiQvbA9RCAs%2BcEBmTbwcDs%2F%2BMz4TKq0ZMOyCY1IPTbGJ0X5fp9EsEaqXDUZDX84yBKzDUbn6Dc2qZ9TQDYFf8UpG2Dn4PyRvuwZTrg%2Bl3i7kpjUgLg%3D%7Ctkp%3ABk9SR_Sc9KWZZw
New Rock Boots MILI083CCT-C4 Unisex Metallic Black Leather Platform Military,Leather,£219.99,Free delivery,28 Dec 2025,69,Brand new ·,https://www.ebay.co.uk/itm/255585455888?_skw=NEW+ROCK+BOOTS+PUNK&itmmeta=01KK55X1SC5QKZKY0CNXHAE21K&hash=item3b82148f10:g:BKAAAOSwwfViqz2o&itmprp=enc%3AAQALAAAA8GfYFPkwiKCW4ZNSs2u11xCk6BVhwsuI%2Babd%2B8SweCdhdjhCGvMSYJbRBEuMhF0FnV6o5zS3H1XZTxPR345Uq5E6LY%2FJ1fLoNPfQ1TAxkP5TDXDMCwkxWvkFqwi1um5SNKPkubThq6eBR8mQfy5IvIRXPtHvQaPNDnQP2UREDlLDiLJ0ELKEoYBWbfsiZbgYBx%2FGZmV9iK7ulFYY0AQCxUrj7QHtFe9FjpR9hIw2AEymwmErAYXXOSqPcvAaCDuhrxyZboOatkuZeqGCfHmx%2Fh5koKLIEYgPezlMvMwvD%2BjgfArlceBkXIuXZqvozfEvYQ%3D%3D%7Ctkp%3ABk9SR_ac9KWZZw
Demoniacult SWING-815 Size UK 6 Blk Vegan Leather Mid-Calf & Knee High Boots,Leather,£74.54,+£3.71 delivery,28 Dec 2025,69,Brand new ·,https://www.ebay.co.uk/itm/354139047499?_skw=NEW+ROCK+BOOTS+PUNK&itmmeta=01KK55X1SC5988WXB462AHY00S&hash=item527455064b:g:YtUAAOSwYEpivY0O&itmprp=enc%3AAQALAAAA8GfYFPkwiKCW4ZNSs2u11xCI18Mpfeq%2Bhxi3azItE3JbOH%2BLfJjsKPaf%2FEuXJGEqMDnTP0%2FxzL%2BkE6l51SuofHaxy97WCUK40mA5lbl7StenVaCdJ2JyeMC%2B3%2FPeH6C4dapAH8zORZ%2F7baa%2FhEK87jJdZu2bkB42JWIqQ%2FE8%2FZpUa%2FVA5WQ7YJPsti0579Sp9VGVv43FRSkIeXw1DnAoaT49GgKoLbyU%2F2F8zJDX2NTsqD4oA%2F4KZbtn6ZMu9rP8fWgPTxsaxswEvAxeYPmpOgEH0%2BneLT5blYjLZfuBO76agMzrylsz3KCxLIpQWjWpcw%3D%3D%7Ctkp%3ABk9SR_ac9KWZZw
JEFFERY-WEST MUSE Red Patent leather SOPRANO Chelsea boot UK 8,Leather,£124.56,Free delivery,27 Dec 2025,70,Brand new ·,https://www.ebay.co.uk/itm/127578135660?_skw=NEW+ROCK+BOOTS+PUNK&itmmeta=01KK55X1SD70NDN7S5V4YGR6H3&hash=item1db43fdc6c:g:x5YAAeSw3ZppSX6U&itmprp=enc%3AAQALAAAA0GfYFPkwiKCW4ZNSs2u11xD3g8tSDOt8%2BxbXF4dTfN6DF%2BV1lYmMNPbnUqNtvuTcmsaIfsWlUSohaoNulS76Ry4PKDHk3cKJoQ0oOVgIhljLeMq6lnVEusz6KI7qQLrw%2FlvGGcufgjJD52JBBJ%2B6dKCBejTvwzCK6y7%2F6TNDsU60LTWYcyE4bqnUPAaiCjuX3ZfI0TDMVAWcOo94oIk%2BJKYgSh4PoKAEpF8TdRdFbcJqaczUJQ0NzM61DZFSkifttij4OjwdCU7Ti4%2FeGpoU8rQ%3D%7Ctkp%3ABk9SR_ac9KWZZw
JEFFERY-WEST MUSE 3-Tone Brown mix Polish SCARFACE Chukka boot UK 8,,£104.00,Free delivery,27 Dec 2025,70,Brand new ·,https://www.ebay.co.uk/itm/406508960731?_skw=NEW+ROCK+BOOTS+PUNK&itmmeta=01KK55X1SDGX1T0J64AYD9N56C&hash=item5ea5d27bdb:g:lk0AAeSwYfhpSX08&itmprp=enc%3AAQALAAAA0GfYFPkwiKCW4ZNSs2u11xCiGYTaoSSq%2FM0ckIHQNRPAJbP%2BmT4zMuK3JqBlOX1UnagAEnkkM9s8I%2FeD%2BzD%2F2bfVu2ZAchNEbsoRdDVHzxFZf1HRBnLsiCYfCPj8UccrdL0qpv%2FjDy8uN7nTsuWEM2UnL%2Bcmr4F%2ByCwvgatHGoVY2bAJEy%2B99yTgiVkTgLuoDYuvwvrMpbs0e3%2FjU45mX1S%2BtYhS1iKLuDE1RYJGt3eygO1i9S4gHCO9dwXznPitZuyEqdjjHAkEfJzrRsMjBu8%3D%7Ctkp%3ABk9SR_ac9KWZZw
JEFFERY-WEST MUSE Black Calf Angel Wing SCARFACE Chelsea boot UK 8,,£94.00,Free delivery,27 Dec 2025,70,Brand new ·,https://www.ebay.co.uk/itm/127578089314?_skw=NEW+ROCK+BOOTS+PUNK&itmmeta=01KK55X1SDAHM5MMA0MNS3BJ29&hash=item1db43f2762:g:42QAAeSwjP1pSXMK&itmprp=enc%3AAQALAAAA8GfYFPkwiKCW4ZNSs2u11xCwkNhutKcTU2HIlO30hYDTINp4ci2ksAodZQafzwKt6PCcwFneUNZcOXFB1W1TbScsmeEFHgAl5%2BqGB1AoEp7dBUi7iGnWA%2B6jpUhBNo9JYj4XWmvufWXZjJmOoUwnKecRi5mYl0sMlaFn%2BuQpxu5TAShpmmLSpzrksNsM0eNpJ4cVcTGay0G%2BVMY2vHbrCxsFtPjaQQPI3Gnc2u2EqFO%2F9YvwytUr8%2F9XusgLR3215A92Rs8XFZZb%2Fk0iJ2WpM3R2nsz4whJkEbn%2Be6GKjtgbykRm7Bk1HfQfiaYBTVVIBA%3D%3D%7Ctkp%3ABk9SR_ac9KWZZw
JEFFERY-WEST MUSE Tan Calf CARLITO Zip boot with Thorn laser design UK 8,,£112.00,Free delivery,27 Dec 2025,70,Brand new ·,https://www.ebay.co.uk/itm/406508872610?_skw=NEW+ROCK+BOOTS+PUNK&itmmeta=01KK55X1SD1ACQ1HN6HS8X5R0J&hash=item5ea5d123a2:g:Z5sAAeSwQIRpSXKF&itmprp=enc%3AAQALAAAA8GfYFPkwiKCW4ZNSs2u11xB2Pvfq%2BFxQtfY0liMjyjbid6rml6sgjVhOUBG%2FD5V5njBl5JlRtwcBqv%2Bnxx3zpPahE2XQr7MPGBSy1HqH6EGGVgqMOu2uRPuMXN7Mnedj0jM84bTe1PN%2BGEnxSp%2BxQwFpBLlFkMkIuYRGri0tNzdsjCO4RMei5I%2BXt59wDRUyoMnuQI88eaIbCg6T5aHc%2FMIlnLoTDC8jDz7uX4a2TZb9ug%2FlINBl8QvfxT16bHn%2BD5KDjqizeLDrlK3FAeN%2Bn0xBnbzmNW2V%2BAKpSYRuO0rgnNutuBLNl0L6qVo8QexpGA%3D%3D%7Ctkp%3ABk9SR_ac9KWZZw
Dr. Doc Martens Classic 1461 Black Oxford Shoes Women 5 Lowtop BRAND NEW,,£83.90,+£3.38 delivery,27 Dec 2025,70,Brand new ·,https://www.ebay.co.uk/itm/406360963173?_skw=NEW+ROCK+BOOTS+PUNK&itmmeta=01KK55X1SD1QPB9PRKAX6N7T46&hash=item5e9d003865:g:~7IAAeSwwmFpDnN~&itmprp=enc%3AAQALAAAA0GfYFPkwiKCW4ZNSs2u11xDW0I4B4vNtffLNSESZXA6n37rZVGuLO8UiSYBTFrcwee515dBsneP52MS7VsnGUW4zLcMvQp3ymjxwrf1Nqobokre%2BFDflppE8owKneqYz%2F2bsETWx9zDYCLjl00g7HQqM8OTsCLfLfGG7wlTMsij2mew6cWR6PYvUMnsIAmRTFWhOKoCLlzDDbsQnTkCxZMEOd3iK5EmrA7ZQU6tu0ahUlizFUDmh0GhAsURoZjr6WUP5TUahh5HTJFMKGUeqnEI%3D%7Ctkp%3ABk9SR_ac9KWZZw
Ian Dury - New Boots And Panties!! Original 1977 Vinyl LP,,£8.66,+£3.38 delivery,27 Dec 2025,70,Pre-owned,https://www.ebay.co.uk/itm/127560673115?_skw=NEW+ROCK+BOOTS+PUNK&itmmeta=01KK55X1SDM4S7XHTV6Q5A3543&hash=item1db335675b:g:T4IAAeSwCUJpPZU6&itmprp=enc%3AAQALAAAA8GfYFPkwiKCW4ZNSs2u11xCH1ILEnFtBv4nCqAMNA5Q72av%2FAMfZXXbI7T%2FYybMGeTuSlDc8w51qQW4N5U1ELADJHpOB45mKCaO49ZdXnynO5pRSzljlQwTrhjtz4N3HxFol5WECTzJycNIITmHH5L7Lku9fZJdq8pWChC5AlbTzu32Yn1s%2Fmvz96lGm%2FJDR%2FEIEaTsa7yB9Te46BGMgozXLOkHdB1Av%2Fk4efVciRsSQ513b4IPTGeemPjp4UFVnZUE6sueJcKyLkGbakV5wuUepIJVfhkPewxlylE78zz2mbY1GdkJx3AHFyUOhPlF5lQ%3D%3D%7Ctkp%3ABk9SR_ac9KWZZw
New Rocks Black Boots UK Size 6,,£66.08,+£5.21 delivery,27 Dec 2025,70,Pre-owned ·,https://www.ebay.co.uk/itm/168010397812?_skw=NEW+ROCK+BOOTS+PUNK&itmmeta=01KK55X1SDS9SGB4DBWZWKDH5T&hash=item271e333874:g:0gwAAeSw4BNpQq7i&itmprp=enc%3AAQALAAAA8GfYFPkwiKCW4ZNSs2u11xCiRFUTRPXbYO37k%2FPlgsA6uq7iz74yJVAIhsyW1F9q%2FIrMH2%2BWFpfjKwvJKkjg3ce6E4E6ld5onC8GMptKlToRVQ%2FSEMoh0stHOpXLM0xlDdWFY%2BCZNjbHLXapaRpNOYfQj%2FRV%2BGtaUv4Z%2Bq5mNAvPHawdK8%2FnGZckPpeD8PE9JgV57lrmUIEx83bMHZNfTAxqOx7OmHlgC7oLRahrUl2eywIAIlnhYdzrAmvPvu03yWX3cTj8NDG2nmW91rtug9Nk9A2KcqJeIHvtTT%2B4FGcnBUOXfvHRfhbTLY63g%2FG3qA%3D%3D%7Ctkp%3ABk9SR_ac9KWZZw
demonia boots Uk5 Us6 Goth Emo Unisex Predator 1 Rock Metal Punk Gothic Unisex,,£69.99,Free delivery,27 Dec 2025,70,New (other) ·,https://www.ebay.co.uk/itm/157103490732?_skw=NEW+ROCK+BOOTS+PUNK&itmmeta=01KK55X1SDW93QWFX6W5WB30Z3&hash=item24941906ac:g:JAgAAeSwTWVoUGuq&itmprp=enc%3AAQALAAAA0GfYFPkwiKCW4ZNSs2u11xAKwrnmhtsdGz%2B%2BtualHSU5Spn8tfEYCcmjKFFTqcaEcp1ebURGIjOzPBXl6UBn1hmWk9zmmGxA%2FDLFpZkCqz4A5QB5ipneMnnki6KjIy%2BfiezzUxdbDoeLVgpZirQ6THN0%2BskYRU139phbiPbIggmAffMOYZJDe5xN3zU6FFo%2BgLs5ehup9RWj9TuUccY%2F5Zzgl2lkj7nxIRrb1caS9Ar7zFEOZqwy5940IdlfC8NktA5Dh5bT4xOX81V3t2S%2BCiw%3D%7Ctkp%3ABk9SR_ac9KWZZw
Retro Mens Exotic Embroidered Western Cowboy Biker Boot Broad Pointed Toe,Biker,£60.01,Free delivery,26 Dec 2025,71,New (other) ·,https://www.ebay.co.uk/itm/406163741735?_skw=NEW+ROCK+BOOTS+PUNK&itmmeta=01KK55X1SDSYHP24GCYQRABT87&hash=item5e913edc27:g:zqIAAeSwcPJoraTY&itmprp=enc%3AAQALAAAA0GfYFPkwiKCW4ZNSs2u11xCkOful%2FZdgmKOTNJ5TSmcDWGt5IHoGkaqfLnKkaLXLZKWnJnGfBDfKKhS%2BtBR9wrbGqexRKVlnjsBIHn2%2FAXivm%2FoxOmMOvge8Ms3%2FW1pxEUbUNhppPcUgA1fCvPDBUO2kdvRs7LprktEZtdhGsOfxJh2uXhRZJPnIVI8%2B8Zs0N8MHcgdEVAWcuzV7lmE0RLM%2Bd1KBvNVaffeiLtTd1V2YNgNZb0zuPuN1VPw%2FSY17Qz2PQa6faH1F%2F82FjcUPt0M%3D%7Ctkp%3ABk9SR_ac9KWZZw
New Rock Black Leather Uk4 UR37 Leather,Leather,£90.43,+£3.38 delivery,26 Dec 2025,71,Pre-owned ·,https://www.ebay.co.uk/itm/357174745334?_skw=NEW+ROCK+BOOTS+PUNK&itmmeta=01KK55X1SDMJ75N9S1EW3F4DED&hash=item53294618f6:g:aWoAAeSwWGloXBEv&itmprp=enc%3AAQALAAAA0GfYFPkwiKCW4ZNSs2u11xAsFpN7FGKFL8CMyc0EhxVd%2FyJObMb1j%2BmJEne62Uif0MEk5s4uwch4ivd%2FtLeiC%2B9v%2Bxdhn9knOlz7pEZuMHPebPLdKrgwKSQhyxab0%2FV01CDROstKHZmsavZDEBeHofSI1n26iiEy7Uh3Tu59fIlsoswG3zxySouLfXU7gx8P3m9EB2Fo6wjfdR%2B9ZruMgZQwdoACUYSTU--R4QyNHJUsaYzvfLvcigyK9z0LwY9Jd9XBNXTy6CrOPJN%2F4VzzQ40%3D%7Ctkp%3ABk9SR_ac9KWZZw
CD - Ian Dury - New Boots and Panties!!,,£12.31,Free delivery,25 Dec 2025,72,Pre-owned,https://www.ebay.co.uk/itm/136649519081?_skw=NEW+ROCK+BOOTS+PUNK&epid=30894640&itmmeta=01KK55X1SDB3J2VADS22R48CZE&hash=item1fd0f22fe9:g:gYAAAOSwWHBZ-l6w&itmprp=enc%3AAQALAAAA0GfYFPkwiKCW4ZNSs2u11xAQUHDp7Hr1eSB%2FesK%2BQ6jbtd3jUtHdUWBnelbfMCVXzehb0mkoUfpkv5rn9GAp4RoLds%2FVTBO9IuQ77yK56b7bOCtF6O66Ngk2FTVTP5cfs372t2zAtXVpWGbj1y3u53NaY5ATGep7QwddaZCLLUQgqPoYrqW25ur4Zkqs6MsKTuaA3dzBE%2B12mdSak6D4qerz7UIDIkz14LMLTrxk3GvY7xU4cOzXnTgN6LcAgJ27LOBlJ6GAriH0cTr%2F1YtrkxU%3D%7Ctkp%3ABk9SR_ac9KWZZw
New Rock 106-S1 Boots Unisex Metallic Black Gothic Classic Leather Biker,Leather,£223.66,delivery in 1-2 days,24 Dec 2025,73,Brand new,https://www.ebay.co.uk/itm/234036826934?_skw=NEW+ROCK+BOOTS+PUNK&itmmeta=01KK55X1SD3AMPWEJ2MJGDWDH2&hash=item367dae9336:g:y5YAAOSwi4tgt7D~&itmprp=enc%3AAQALAAAA8GfYFPkwiKCW4ZNSs2u11xD%2BPSAQey2JHhCATV5HA4q6VB1NeNErri4e0m%2BgnceT%2BctlU1OCuMj5WimLCa5YBoQjXDflvUnDgR4jzK1YWZeMchcIvQrgnrHXI0Rh9QQJdXyG2GfkvZMcbNhe8w%2FhOt19APipdXp70FzPjUUFyNah7ImF7kTCzynLt9JcxBxOcuGdwSn1pigQauzdUeGnjHOV0kVNz4J1BtEGhsMFimRiwip7jjHu6xUTaAuQW8eBDe%2B%2BadW47e6447O8ljuQ7vVNM4d5URuEQNsjQB7j4Fvpwr5acJ2U2qjpYQnQXHvxFA%3D%3D%7Ctkp%3ABk9SR_ac9KWZZw
Womens New Rock Leather Boots Black Brown Crackle Size 4 37 New In Box Gothic,Leather,£69.99,+£5.64 delivery,24 Dec 2025,73,Brand new ·,https://www.ebay.co.uk/itm/287014639983?_skw=NEW+ROCK+BOOTS+PUNK&itmmeta=01KK55X1SDY291QAYZKKVH070D&hash=item42d367d96f:g:J5AAAeSwaSZpQY4E&itmprp=enc%3AAQALAAAA0GfYFPkwiKCW4ZNSs2u11xBVdgHvnxaY16ndRPeNMh7HVyoYhHAbzU6vfE0Afjo%2FAtEUAu%2BYcivc0GsMgCf%2FMcYU%2BSe7afd7MguYzBd1%2Fl2fBh8KltYrOrgk9mqkSFEWG5YEmmFf4%2FKBUh4y0LOTSXCxKgm47GSAZ2hCwiJldB6YN5uV5%2Fo3ku7XhJ4P8uyRTjWDEZyspLbeLHbLJbHk1Uq6Lt1xyco6TQ5DtLyX0ibDm8QmlmOR%2BLzDVaDqiUIKjyurKyrNifp%2BJfH4Bc7Qwq0%3D%7Ctkp%3ABk9SR_ac9KWZZw
Dr Martens Jadon Platform Black Leather Boots Size Uk 9,Leather,£97.42,Free delivery,24 Dec 2025,73,New (other) ·,https://www.ebay.co.uk/itm/376787430936?_skw=NEW+ROCK+BOOTS+PUNK&itmmeta=01KK55X1SDV9K6Q9K663PAKN2G&hash=item57ba47ee18:g:6Z0AAeSws9tpQwtY&itmprp=enc%3AAQALAAAA8GfYFPkwiKCW4ZNSs2u11xDEFDyAiFAyf0FsQMQNPg6fnXf2ogiLfV5igdw2b7os0AvKols8JrNoOMYwRyR91TOWLmT827PDNYAyXgA0uVndjjMUE4SxTl%2FMe%2ButcFJy%2Fo5n%2B95--p%2FDS%2F7EnqnPYLSHVU5dzINJThLqzOaZicKAJD1KXx%2BuZdmOBmszO7ZrNcg8xinf%2B2lwxQa4wxIQ1NUgonoDNPcXsIP7HK%2B2G6%2FXau83CznSolvrQ9S0WHh13KhTkOknfancl5s5OAVBTVPfxMg%2Bb9MM4a0c84ve1vPczQ%2FvzknizKHg10I9TqRiZA%3D%3D%7Ctkp%3ABk9SR_ac9KWZZw
NEW ROCK Reactor Black Silver Leather Mid Calf Boots UK6 EU39 Goth Steampunk VGC,Leather,£140.00,+£7.95 delivery,24 Dec 2025,73,Pre-owned ·,https://www.ebay.co.uk/itm/287011570453?_skw=NEW+ROCK+BOOTS+PUNK&itmmeta=01KK55X1SD378RH929W485KXF7&hash=item42d3390315:g:VNoAAeSwy4ppP7J4&itmprp=enc%3AAQALAAAA0GfYFPkwiKCW4ZNSs2u11xCidN8d%2BvCg9bL8kcZOYkYJB52uC91s%2BXtxJKe0TlauPGNL0h4q1VSQsPu6DyqOVrOrXRVWgAmbQ7VQ44NAeN0VgIFE1XX1cdNA4z%2FjsMeD4AUlZwydoVjCDVf0YsKDnjxyyJqHw%2FsQa4ZwnyHudifxdCZd5brDjxOQ3QS2MF6xdVsBUzjqDUSwWm0mgxrhpDwj%2BYaGT0Kxc4qB19z9bq2tsANVugEaEYWL7%2FBS9xHSal%2BycquBznTsB83F23ntvdU%3D%7Ctkp%3ABk9SR_ac9KWZZw
Men's Black Leather Goth Boots Winklepickers Cuban Rock Biker Western Punk Shoes,Leather,£164.01,delivery in 1-2 days,24 Dec 2025,73,Brand new ·,https://www.ebay.co.uk/itm/255016665088?_skw=NEW+ROCK+BOOTS+PUNK&itmmeta=01KK55X1SDS01KSMWPHXT29BR3&hash=item3b602d8000:g:PIIAAOSwtkheaPrx&itmprp=enc%3AAQALAAAA8GfYFPkwiKCW4ZNSs2u11xAHKADMHnvUIM44EAIJzPTwas2%2FoSnyB65bW%2BWHh2FHFuhKUFU4PAMvXd4NBt%2FAuTn6a7v8XLu7lNr%2BSpIXoHvIfFon3S%2FcZGtJWrK2WYNbXfEswKybsWD8XKco6X0HwQKOCJPzzA%2BzkSWBQFDRQb9znOmXMl1vgqr6rMLij6V21%2BAW%2FmvvM14fbpLRwv%2Frnzm7F%2FlCQCplBI9gM9lw94bT2c3Mbt9h4Gj9NE6Aw3kQWGYgM3x8hybGP2e4D6TTsSzTRQ03L4qvnLVTugcT%2B5UDDby1nDjZUfHmw2eWW9%2BWkw%3D%3D%7Ctkp%3ABk9SR_ac9KWZZw
New Rock Trail Knee High Black Leather Chunky Heel Tall Boots Size Uk 4 Eu 37,Leather,£149.99,Free delivery,23 Dec 2025,74,Pre-owned ·,https://www.ebay.co.uk/itm/306177539470?_skw=NEW+ROCK+BOOTS+PUNK&itmmeta=01KK55X1SD2GV5Y61P4DA8APNJ&hash=item47499a7d8e:g:9zMAAeSw1Ptn0tl7&itmprp=enc%3AAQALAAAA8GfYFPkwiKCW4ZNSs2u11xCrnpholwPKSPUTabpIiXT7pIIwPxBdZj1xhEBPDaEF3iOR%2F8oRLuRCfTqH3Io9tZodrG42V3O77wRhk10Tb3wG4p1esFTJnrwgrUTzJu4iJYzqUE7W%2FUXYam3o3p5pRQrpC8zUiIL69e6caSOwfkxgiQOBK43MjyokvopZNb6GloaLzZtVfkL1MI0bQKndb5TlV2StHlitlvxcT0%2Flhh0naVx4K8EF%2Bm6E%2Bg2L1UaJyaMd9VFIA%2Fk8%2BbJ86Bs0bSv1orpVcBTGdOvzNC4GGGy8aKraEVwaBUv712%2BoQA289w%3D%3D%7Ctkp%3ABk9SR_ac9KWZZw
New Rock Leather Gothic Boots Size 46 UK11,Leather,£84.68,+£3.38 delivery,23 Dec 2025,74,Pre-owned ·,https://www.ebay.co.uk/itm/205924988856?_skw=NEW+ROCK+BOOTS+PUNK&itmmeta=01KK55X1SD2EPDF7YR4XKEVB4P&hash=item2ff215f7b8:g:oroAAeSwSZ1pQXsO&itmprp=enc%3AAQALAAAA0GfYFPkwiKCW4ZNSs2u11xD6qAE4mSkVjhHPuOGMDVGdkEwu6u04RmDOhudptMqx%2FCmu5bB7%2BGAjGymEqC4rZ8YxV9kAoBdr7uqhlhETqQATAASE7i0pvCSxeCYREmzB2EQRMlHFv5GqmaRzMKrJ7LntOc8appQo0roSjid5YPo9zZfvbkGnDf7ZFAlZ51zoe1jcqc%2FdI%2BllnQ6DGo--9YijDWe0uCKDBI5xIixZP%2FMMuEH7BoPffC8lkWtz6UXiJWVkfBXoNoV4QMFCCymUNSQ%3D%7Ctkp%3ABk9SR_ac9KWZZw
New Rock M-591-s5 Purple Flame Punk Boots Black Leather Gothic Heavy Biker,Leather,£220.00,Free delivery,23 Dec 2025,74,Brand new ·,https://www.ebay.co.uk/itm/145356524559?_skw=NEW+ROCK+BOOTS+PUNK&itmmeta=01KK55X1SDPP3VGM4C8RCD9177&hash=item21d7ec8c0f:g:K18AAOSwVTZlZhqQ&itmprp=enc%3AAQALAAAA0GfYFPkwiKCW4ZNSs2u11xCyvzGrjD0DCeQ3KH22FFspntB6C0eDftd1i9qoDkseX%2Fm%2BVAZ4fdsA%2Bsl3MXUc9JyDz5DadtIfWkMHPYDy1oa0CU5EjJ1Fv08nnm4fgtlHMAerlMeLGH0GR%2FB3IuKpJeTU9jBhoJDAezEc3dhXFizwiKJ30JYM31X%2FLyJuEImOXEv9Z1pMnS2Ug5fT%2FxVQ3UXVTvkC6XwV%2BtVI%2FgcpUvvufNU%2F1OoTXVESEbgCy80m6%2BvNTs9TOlo0JIDXGUAdYWw%3D%7Ctkp%3ABk9SR_ac9KWZZw
New Rock Boots M-MILI211C-C1 Unisex Metallic Black 100% Leather Techno Biker,Leather,£204.99,Free delivery,23 Dec 2025,74,Brand new ·,https://www.ebay.co.uk/itm/255594932679?_skw=NEW+ROCK+BOOTS+PUNK&itmmeta=01KK55X1SD9XBEBTVWYVMA3A2H&hash=item3b82a529c7:g:YcwAAOSwrcBisv4o&itmprp=enc%3AAQALAAAA8GfYFPkwiKCW4ZNSs2u11xDL%2BKXaz4B%2FmXJjxMGwkaw0c8mf%2B81NlNpyfGp9W2skiNF4zWNpLnC4pyDMBfj3unw4D4ZGNny0lo%2B1NRG5IjFk7H5hiqf8eHWLtij0e2jcH4VN5QVk24Lr35W18pBTsZHLB6ve9Wa8auL4q%2FK1ovVziWijDxHpyB%2BkCeMcgiTmOYXIYrHxDcQfKXYBck1v9fyQgX6WvUIQDUyyPEdjnGL685LFcD5j56gJzy%2FZ0uyhAjvKFCOr1I4ggOq7q0Bf8HLCCM5ilCRlBzloOj4zfY3B4Ms%2Fh2tAo7moTsVHOO7CJQ%3D%3D%7Ctkp%3ABk9SR_ac9KWZZw
New Rock M-Tr001 Camouflage Chunky Platform Punk Heeled Boots Size Uk 4 Eu 37,,£149.99,Free delivery,23 Dec 2025,74,New (other) ·,https://www.ebay.co.uk/itm/306577214834?_skw=NEW+ROCK+BOOTS+PUNK&itmmeta=01KK55X1SDNDR352VWJV4Q05E3&hash=item47616d0d72:g:SeAAAeSwznBpBGJn&itmprp=enc%3AAQALAAAA8GfYFPkwiKCW4ZNSs2u11xByK9nFbJFpQdWWRs7zgiwko9zmM6zLhQO0jkpNgJPB7l2pO%2FAnY%2Ba00lElRSPtlRgRc9MWI65%2B4cg4VDiT0d2K5CUD0jvKd66UycXQCKlqafHDoaeGquIXHMROWmoQlM7ZnoGy5ktkU5OP8wcnheyWmeppTeHWbJKhQMgreHVqWqgtsN0orFMyMM0sbYbhIGU1494ndgMdi4BRMENnzIJPhMkLVv6Jj90d2lM%2BGrtaRkAhOgbWAwu%2FF7JwoeG7j6wkvSjbVGRZBgyCzgY3X2%2BMi4lRK%2Bp7C3poMUsKZq8tdA%3D%3D%7Ctkp%3ABk9SR_ac9KWZZw
"Ian Dury - New Boots And Panties!! (LP, Album, Isl) (Very Good Plus (VG+)) - 393",,£12.94,+£4.70 delivery,23 Dec 2025,74,Pre-owned,https://www.ebay.co.uk/itm/136809529453?_skw=NEW+ROCK+BOOTS+PUNK&itmmeta=01KK55X1SD0TCA0GTPZ8SWGR8S&hash=item1fda7bc06d:g:jKkAAeSwadlpLwWL&itmprp=enc%3AAQALAAAA0GfYFPkwiKCW4ZNSs2u11xDn3VOOFBBEuci1x2NXh0d5Ji0D9D7K6qbkVI9PKvScEs3TCGSy4KiUlq0ianFMjDUeYb43NQXTQDAzdpt4ugmE%2BRZuZU8WGEpVueB31YNfoB10DxumM34mkt5m8ehB6B8n6gcpsno1GRgGfJtqkycpYSL2ccXleSce3%2BwmGo8QqKqCHNvriAPmd31F09gD7Rgk%2BocdzmRrFYdd6XDSyHFtRKjzvaDKGyw7CP6Y1%2FtSAMdh%2BzuqYx3v5pNyJ1%2BPLuM%3D%7Ctkp%3ABk9SR_ac9KWZZw
New Rock Women's Tall Black Leather Boots - UK 4 (EU37) - Gothic/Punk/Rock Wear,Leather,£75.00,+£3.99 delivery,22 Dec 2025,75,Pre-owned ·,https://www.ebay.co.uk/itm/336344719587?_skw=NEW+ROCK+BOOTS+PUNK&itmmeta=01KK55X1SE0EGNAZ9PWRNKF0JZ&hash=item4e4fb520e3:g:xkgAAeSwlURpKEKi&itmprp=enc%3AAQALAAAA8GfYFPkwiKCW4ZNSs2u11xDbswPXGh5qPWrVtYKE1uiSBVsgUtuzpOg1rYdz%2FHmdgC2wKiy65jAUjjOuGyzA5QlQP2UYNqLCHDAzlbIRu2Ydsrdk9auDaMc8kHKiKUjcSDcJ7tdvAoHM7xblTZsV7rL7bpEJV7vljeVzu95HBrGTkaB7NPf3oQUDtsTQO8Y07WzbzvB3oqVhJrp2r%2B6WcyaiQgd4B4MxoiTWGZ5%2Bo4hdFlfO57Ol5w4a0J4itGgh3fQ7CAkx8huwT7XHa40%2FM4R8P1%2F6to2vVqGXROkzmIgPz5Ci8IrFIIAlc9%2FxyyWA%2Fw%3D%3D%7Ctkp%3ABk9SR_ac9KWZZw
Ian Dury - New Boots and Panties!! (2006),,£5.56,+£2.70 delivery,22 Dec 2025,75,Pre-owned,https://www.ebay.co.uk/itm/276947441033?_skw=NEW+ROCK+BOOTS+PUNK&epid=59470937&itmmeta=01KK55X1SEDA5EAVYQDAVGZKYN&hash=item407b5a9589:g:EC4AAOSwruxbEWzx&itmprp=enc%3AAQALAAAA0GfYFPkwiKCW4ZNSs2u11xA2q%2FlpYB1%2BMxa8VglWevZpBsN4CNkWshddMWfHRbLvw%2FFpkOonpf8UGJcwkc1xEKv26iD456sfppY6alKt0dF%2BRxdHhg%2FFXWsjkCEIc6GJABhkUxmIVMVz28eLkP1zV8NWHDOGYwO9rKkWZOjh%2BnjtFjEyW7WuBznTKmyHcRzFnxFGN4cqLVTvFGb5P8yadGIGQbP4cRV9MzBSle8LGbeCw8glEnfG5L4fxA09gGW7pjeFL%2B4mtRqEcL0bou2a4lc%3D%7Ctkp%3ABk9SR_ac9KWZZw
Doc Dr Martens Hazil Virginia Mid Calf Lead Grey Suede & Leather Tall Boots UK 4,Leather,£125.45,+£4.26 delivery,22 Dec 2025,75,Brand new ·,https://www.ebay.co.uk/itm/116531300329?_skw=NEW+ROCK+BOOTS+PUNK&itmmeta=01KK55X1SESQGRA1CJ881CT2CZ&hash=item1b21ce87e9:g:6AoAAOSwqrxn375p&itmprp=enc%3AAQALAAAA8GfYFPkwiKCW4ZNSs2u11xBPiWT9S6Crx19pp9ptv5PVynqfmUSfqFX0KNVmt490Wy1euruXIU3--huSCP0rfTOwqYRPi9eVO2CA%2F947bp2UyuyMSed9QtVuaIDiOuRJXEetTeOVZclLE7xew0zbbxUmUq70BkJKt04%2BRivxnnbkPPa2dDtzYLTs1%2FYZUhCAvw63gdTOKH96U0q1l3XTNioQn%2FtEo68OIKTLuKxWDpN9UWabKeZEUCKbjqJ5C5vfjbysPTjzmTPvXgUGibDZA1%2FTA%2FvT4XNIhjVVV2Lr7OFaUKEkVoEq8YP0uOHL%2F3CH%2FQ%3D%3D%7Ctkp%3ABk9SR_ac9KWZZw
New Rock Black Boots UK 6,,£73.50,+£3.38 delivery,22 Dec 2025,75,Pre-owned ·,https://www.ebay.co.uk/itm/297866763364?_skw=NEW+ROCK+BOOTS+PUNK&itmmeta=01KK55X1SECR5VGNYHVXD4S280&hash=item455a3e1c64:g:gq4AAeSwGCtpSRbg&itmprp=enc%3AAQALAAAA0GfYFPkwiKCW4ZNSs2u11xCtwjZOBED52lnMpd6Fq7iHkMsKFeIO2Yll37M938iiQeOhw5uxB8TzkTsdYQmPG64SWUUEdu7EVwMzEyXfiK799QMGgz3FimbIgdDu04pDDyb8hF9xGIxzbc8a6GsO%2BchjsSssRJh5P13eDBU59ReAHoQQGBAL%2B4tmEH%2BdsccpsT02%2FdvyaslRR%2FwB%2BlmjgeiC9D1jxZ3cdgxQym%2FNs8XXlH21WtUu8UZKqyz3FZCPMfTlWCk8qb%2FjB7KuBbOfJao%3D%7Ctkp%3ABk9SR_ac9KWZZw
New Rock Reactor Black Leather Mid-Calf Boots UK Size 6.5 Punk Rock Goth,Leather,£167.10,Free delivery,22 Dec 2025,75,Pre-owned ·,https://www.ebay.co.uk/itm/316762470149?_skw=NEW+ROCK+BOOTS+PUNK&itmmeta=01KK55X1SEJHY42NRYDFQ48X7W&hash=item49c083b705:g:9pIAAeSw8rRoGPLi&itmprp=enc%3AAQALAAAA0GfYFPkwiKCW4ZNSs2u11xAroLJzFfOAzXqPtVDigCt%2F8umGr64%2B3fnNAi2QJAuYP162vPr%2FUWwS1XCD4rj%2B9gPkU2Ldh5RTJd%2FfVTbIMppPwmwbdQmgUViOO5DMTEyH%2F%2Ba2G8LO3mJ0chkN3NO%2FHCiq5fA%2BA%2FNJt82QRYZFxQcVcfV9ZXoCR3l8ipkvk80xwvUXsgTN6yQjhVfPOWXw4xo493jik4JaX2ipIKthkkc7CEMYg1x9Ao5yzOaJQbL3yyR4Z8Hs7Twm7TcPo7X8IPo%3D%7Ctkp%3ABk9SR_ac9KWZZw
Koi Thigh High Stretch Black Boots Bnib Sexy Goth Emo Rock New,,£21.50,+£6.65 delivery,21 Dec 2025,76,Brand new ·,https://www.ebay.co.uk/itm/197948500214?_skw=NEW+ROCK+BOOTS+PUNK&itmmeta=01KK55X1SEYTS6SE5PNHXQP014&hash=item2e16a668f6:g:sGYAAeSwdsVoGlsG&itmprp=enc%3AAQALAAAA8GfYFPkwiKCW4ZNSs2u11xCihl9X588ewkB%2F8AQaYJmR%2FOsjgX0d5qFA6I8%2B%2Bdw5qKYrvAdj3XW4OuJQ88yu8Jg6fshqROTisjFKqMMSLLGJdzMNUkoSszK%2FNVLmHF5EG0qPIaxk%2BepbN%2BsNDLKj425VTvGxeo3Ipc%2BxcEZF9ZpW6qQKPQqV%2FKCrn7bm4DkxlXHVTllKhVi6WpCWOnL1HlD%2FpB%2FpjSeHuBDHhJUYp9tl0qJ5OeSmV%2Bm4uq0X%2FNgsqicaXEJhGL%2FDxAl6Br7cWV1BolNbnSZq6aS6yauCg11YRy9rM4kjudnXvQDt4z53zg%3D%3D%7Ctkp%3ABk9SR_ac9KWZZw
X2 Pairs New Rock Boots Size Uk 4,,£208.70,+£5.88 delivery,21 Dec 2025,76,Pre-owned ·,https://www.ebay.co.uk/itm/227141240104?_skw=NEW+ROCK+BOOTS+PUNK&itmmeta=01KK55X1SEWPTRQ0CG0RYCGYW4&hash=item34e2ac4528:g:aj4AAeSwvO5pSEe0&itmprp=enc%3AAQALAAAA0GfYFPkwiKCW4ZNSs2u11xAT1fm5PeWiQW1ocNlczsejvp%2BEMxZR8rw3aR7WTeZ%2BkhdvddQ9MnbbdKZAF5E1%2F6JhWztliKcReMpOvS%2FWXlaL5QHJyKuMMHITPN7R7TjM1M9dw0PWIKxfV8CmUY62wvhK0BnlffNbdka%2BPFu1tHLSieff23Ue6jrYlM29we67Uks%2BLsPxCwTcQcTqZ44KXo2BuMWyq94j521TA%2FaT3Z8q6V2nn6hz%2BDAfGlj0kdtbTxb6Hv8MF1FYSDPXIm0UlTI%3D%7Ctkp%3ABk9SR_ac9KWZZw
New Rock Neobiker M-7605-s20 Unisex Dark Brown Platform Boots - 8 UK,Biker,£158.49,Free delivery,21 Dec 2025,76,Brand new ·,https://www.ebay.co.uk/itm/204636053662?_skw=NEW+ROCK+BOOTS+PUNK&itmmeta=01KK55X1SEJG83Z7T935529X1R&hash=item2fa542609e:g:Yf4AAOSwBQtluQTW&itmprp=enc%3AAQALAAAA8GfYFPkwiKCW4ZNSs2u11xCq4fsA8mfA%2BNmmUx0W6lZLsWG7bHyy95bv51bR1B7xjpJ1imjPR5v1fUKvhidl2E0lQCGai%2FGTdkPpMt9%2FqIl%2FAvaIIjYueSZ3nezNxRuPfRpWzF9ihI0otseAboglngmtylzDCNzvVu0PFK6Iz1uELFAm0j3TRkKoRxiMGvPSKJxhL2hp17TJ0vn4%2FNad%2Fw29zGQuv2q%2Bk5yaUi%2FPDZ%2FJ6Z3%2BrEBryHUxaTxBasljyxam5cm%2Fg0nIoHYoXhXoWDyN35bIhJ6BTvMNG8P6i6nVpuL7Nl30LrDbvMFP838wBA%3D%3D%7Ctkp%3ABk9SR_ac9KWZZw
Ian Dury ' New Boots And Panties !! ' CD Album Demon Music,,£3.30,+£2.72 delivery,21 Dec 2025,76,Pre-owned,https://www.ebay.co.uk/itm/147025033414?_skw=NEW+ROCK+BOOTS+PUNK&epid=59470937&itmmeta=01KK55X1SEW51Z4KR4DJCTQCQH&hash=item223b5ff8c6:g:MlAAAeSwh21pKb3C&itmprp=enc%3AAQALAAAA8GfYFPkwiKCW4ZNSs2u11xAW9VaQ2lroMP8kUw9TIZUXbAYdCzhSwy0PgtMTk6CnIpnhdOS0vxLi0%2BaQkgY5A5sR%2B4wb2Du%2BOz%2FjC1Ul2iuQnzV0Hm%2Fx9IVoFKylnl61K945KL8jrNmjPGr5o%2B0jaoVcQH9zKjJZqSR4cylQF0TqLcpePFskyWKOEkG4fl9shebgDtRz0KHBEZXUfGsJ73xgv28eLm%2FLZMUvlTle%2F8WwhiUKFlkOzFLdTLE5MPpiepkHBatNnZOacdFXSehh%2BggBgiztwFNKqDOJmyN71pd9g4zkOrZQmOG39EzNQKcQ0A%3D%3D%7Ctkp%3ABk9SR_ic9KWZZw
"New Rock Leather Spike Gothic Boots Size 46 UK11, Great Condition",Leather,£100.02,+£6.65 delivery,21 Dec 2025,76,Pre-owned ·,https://www.ebay.co.uk/itm/236537669297?_skw=NEW+ROCK+BOOTS+PUNK&itmmeta=01KK55X1SERV0FW127FF1V8X09&hash=item3712be66b1:g:YEUAAeSw1bBpRuo0&itmprp=enc%3AAQALAAAA8GfYFPkwiKCW4ZNSs2u11xAU%2BiLgAnfmcvUiwIr9%2FWoX5pRG9zA9L%2Fsg%2Frq3eregQ3QYmqICYm3Up3hV1mu%2BMpAoH8zr%2Fp7EucQiAJR%2BDL0mqqvOQ6qpuGrDmBtLOGcVEnRVXrTRWxO1pp%2BkkCBjrU1rErcyaXxe8PttVUi0iBhLCuefaOxkdgj5Hd7YK7bsAmU7hzc2Zng4FrCibInoY1hLgKy6g0JJJ%2FCbfTIZyiU6R4zxyP0ntjT5gXKsygL9BVybM2%2BBkR57rybXsulZiOih6hAt8XUDsJ40UQlMSTeVbEO2oom0sSFyv%2BE0B1bv3Q%3D%3D%7Ctkp%3ABk9SR_ic9KWZZw
NEW ROCK 591-S15 Boots CAMOUFLAGE Flame Metallic Black Leather Goth Punk Biker,Leather,£215.99,Free delivery,21 Dec 2025,76,Brand new ·,https://www.ebay.co.uk/itm/254905123749?_skw=NEW+ROCK+BOOTS+PUNK&itmmeta=01KK55X1SEN3R78ZET888W5FK2&hash=item3b598783a5:g:GM4AAOSw7wpgWczs&itmprp=enc%3AAQALAAAA0GfYFPkwiKCW4ZNSs2u11xBG2l2TiZqvjICF2kjCWlFdky9uvzGIdq4xeU0glnuH%2BZUT2%2F6QFrrlMrh1uq2ghUpiYOcAc%2BlBVENN52hp06Y0%2FBhdNWHxFMEvo4dEXbpqE1xs%2B0lYBuNrto%2F41md6D6YCD2Ya3iN8jHTre8AMXjRytXMG8kht%2F76YS%2BC%2BHUKRHrpxkHq2sVljosybFmVfMvU8cYnq4%2FNU2PGBC3SMR3I4nKpphwxW%2B6269A426MoEWUz9XXK0S%2BxWbBi4Rxjezbk%3D%7Ctkp%3ABk9SR_ic9KWZZw
New Boots And Panties!! Ian Dury CD,,£4.38,+£2.94 delivery,21 Dec 2025,76,Pre-owned,https://www.ebay.co.uk/itm/366062060914?_skw=NEW+ROCK+BOOTS+PUNK&itmmeta=01KK55X1SEFNTQJC6XWX3BP6VK&hash=item553affc572:g:OMoAAeSw7NhpLbBf&itmprp=enc%3AAQALAAAA8GfYFPkwiKCW4ZNSs2u11xAkJrMNKsDltuGcfYkN%2Bp2iJ1JczowWE%2FUSJ%2B9yG6FfXm5lgqn0Mnc4Q8bfbRs0bbY5TtnduMBj5dtPhg7bIviT8VxpXOGQhQAgk9sTjN0qF6Oud4DQUjMJF7TbScyUPpxCaoCg3ZYqXB5xKHTZ9Yq%2FpUvTvh9yHXyQhX9df6%2BdQrXpxRq5bDqj%2FVN%2BymOlh8yXbH3z2E9GQD%2FgvaHgBIV1QcH%2BzzAl93j6m%2BRxgFVpFI%2FwR2iOs8uCezlk6IKgGn6knG91LImmk6VB0Tdku6DojmZLRk5y3hOKGO8hPCldyw%3D%3D%7Ctkp%3ABk9SR_ic9KWZZw
Dr. Martens JADON HK+F x hello kitty and friends quad platform boots UK 4 EU 37,,£83.90,+£5.21 delivery,20 Dec 2025,77,Brand new ·,https://www.ebay.co.uk/itm/267512832091?_skw=NEW+ROCK+BOOTS+PUNK&itmmeta=01KK55X1SE238S91QM1GC33MZB&hash=item3e4901e05b:g:UgsAAeSwDWxpQBKd&itmprp=enc%3AAQALAAAA8GfYFPkwiKCW4ZNSs2u11xChuK67P7%2F7Xvf%2BZnYXE400sn6mgsK7TZm8zDpNLSr6uqfaEXBn9NRFVr8EQotwHKZ%2BSZdpQBOXt%2FAC70K2t7h4j2SOx%2BbjkIPJtj4gWyxbdlwq8DwiJQLmXj2S1bIdLNr9xLoDWXFPSRjExt5pKbJrA97o8n%2B9rn%2FPC%2FHEmwTxawyXXL21ELnU5RzwMFPx4w3xNTEvCDOq37YpEbWE%2BMeOoB3%2Fn0Fb73fKkY2pqsF3Rc8JGZF2S%2FOoKTURJ74uIhpFOtvTWFmo188%2BwV%2FlR1TMddQpzR6LXDytfKuUqhIHFQ%3D%3D%7Ctkp%3ABk9SR_ic9KWZZw
New Rock Heeled Boots Cyber Punk Goth Orange And Black Vintage UK4,,£68.30,+£10.80 delivery,20 Dec 2025,77,Pre-owned ·,https://www.ebay.co.uk/itm/116787139512?_skw=NEW+ROCK+BOOTS+PUNK&itmmeta=01KK55X1SEXXVM37Q27VDQV2H7&hash=item1b310e53b8:g:CVsAAeSwJBpozSeS&itmprp=enc%3AAQALAAAA0GfYFPkwiKCW4ZNSs2u11xDXrwV9eZiy5AawAlZzy%2B6FB%2FEq6ShDb19YUiGLWA2JP3ogOX25q7d0QrtDpDs9CExtAmtD8XqLwwzokvMDVw47hKLYZQpNjq1dYlgAKnuaUrAhK7RvL7BzipEUg5odrBIKWNKFUUZlxo4ddj9SIOTtVA8UJsipfIX4H%2BRhHN9UNsRXCiczsHPRW0bQaMwhqgWAcMK6Hly%2B%2BP%2BQ39kOaoiQqvCJncBfVgCG9WjDgPWzT9%2B4hbERQa6dM9JRU3QA0n0%3D%7Ctkp%3ABk9SR_ic9KWZZw
IAN DURY NEW BOOTS AND PANTIES !! 12'' VINYL 1977,,£7.54,+£3.38 delivery,19 Dec 2025,78,Pre-owned,https://www.ebay.co.uk/itm/187826854158?_skw=NEW+ROCK+BOOTS+PUNK&itmmeta=01KK55X1SE6TB4AFCXD84SA1YB&hash=item2bbb5a590e:g:UtgAAeSwc99pOF1E&itmprp=enc%3AAQALAAAA0GfYFPkwiKCW4ZNSs2u11xAFYwsvqCvoALkLEtZKJdZXF%2B0RgJyQRYF%2FXVRh0pf7tsMNI%2FMQJikweanh8yYJ8IiV9XoJ%2BPT0VtSn6iUbi5m9Tmie0yV1r2Z7s6wKr7YKZ3ci0%2FAaCq5xuyNYsKTzObMptmrKSHKLmgnn2lGItUOQ2yzVb8hjnpWiFWLVQacf4GFfB31HeP4yyZN9BGJNDJlG8vV3yxcRGi5rLPm2mcJsscnSypXNtkO6h2ht3lgIj12fXx2hWsB9nWdiBmkccXk%3D%7Ctkp%3ABk9SR_ic9KWZZw
New Rock Reactor Vtg Mid Calf Heavy Boots Goth Punk Rock Steampunk,,£199.03,+£5.88 delivery,19 Dec 2025,78,Pre-owned ·,https://www.ebay.co.uk/itm/167884016399?_skw=NEW+ROCK+BOOTS+PUNK&itmmeta=01KK55X1SEMBGBHMXYK3K4NEQ6&hash=item2716aacb0f:g:1oYAAeSwOwJo~I99&itmprp=enc%3AAQALAAAA0GfYFPkwiKCW4ZNSs2u11xCUW8XBuvcHp9rseLyIS3ksxPoGmxSMh4YbUuuM9NwiiC2BvtSpMWcMwxuLhu%2Fb3e0HQwCdh9kXEOlbs0PUPX84zvl7dyKhYRZvxvgVhlGvrgvVnAf5m3YwOWc9J1kWEJSZmrhAM8vBn3VnIZv92Q--GqNlSOq1uaH9zfEEQL5IdXsHB5ZDqLxgK%2BJrJ%2FssBxsCGB%2F1chlx2VaUwgidYwWHIHztrHi5BIbqtrz%2Bu4ZniCe8PAHPRRGIrxW1vDizHDs%3D%7Ctkp%3ABk9SR_ic9KWZZw
New Rock Reactor Flames Black Leather Chunky Mid Calf Rock Boots Uk 11 Eu 46,Leather,£169.99,Free delivery,18 Dec 2025,79,Pre-owned ·,https://www.ebay.co.uk/itm/306570196844?_skw=NEW+ROCK+BOOTS+PUNK&itmmeta=01KK55X1SEPN5VW62AH41ZWX4D&hash=item476101f76c:g:0CEAAeSwtmNo~zFb&itmprp=enc%3AAQALAAAA0GfYFPkwiKCW4ZNSs2u11xC%2FdwJKx8lyR3dDGCzbq60SYa3pS4RC9GPTdOtwobavSMN9aHwom9b%2FWvTLpIEnZUVyy2K5unUUFUq645z%2B5uL3%2B9xszO65dof2ySIbfT1--4EYQb7m6eo%2BnNlc7nULgAejs4mn2TS8voq2qDxgmWNW3TYiAsLByfzK6q1JGXhhdUcvQ8yRzZP27Dm%2FL9kd6W8JOt%2BGEKMirBQuX%2FV7XwJD7418FI84j2k228MOynXysEXOjEh%2BVyGOp8makA%2F7Phg%3D%7Ctkp%3ABk9SR_ic9KWZZw
New Rock Goth Punk Platform Tower Tank Ankle White Boots UK 6 EU 39,,£109.90,+£7.27 delivery,18 Dec 2025,79,New (other) ·,https://www.ebay.co.uk/itm/187754336851?_skw=NEW+ROCK+BOOTS+PUNK&itmmeta=01KK55X1SE73GTDTDFMAJDX7WC&hash=item2bb707d253:g:5e4AAeSw5wRpHON9&itmprp=enc%3AAQALAAAA0GfYFPkwiKCW4ZNSs2u11xDVhoJcuUBohTyDdQ%2BM7zmUq8hKaRuE3HSdbtN8VRxjgACxg1%2F9d4SlD1AXuPDQuThvd9YFP9xNM3Y86BZvIWLw83rmD2CrP8Kg%2FQbkWDdhwtatsw%2FBCxDV1LxtKUC41j7EW%2FVfRessTl3zKY%2BXThEe3bhOTdwkXQDAAhlN3x9neEDA2Ir%2BR2VnBF5mRMWKwQddoTI3rrihV6MgpcJmj2fVP9fB2dmj7UcBScVAKQwuWMo7WBht2oivDLuCkWe%2BS8o%3D%7Ctkp%3ABk9SR_ic9KWZZw
JEFFERY-WEST MUSE Tan Calf CARLITO 'BRIGANTE' Chelsea Boot UK 11,,£166.00,Free delivery,18 Dec 2025,79,Brand new ·,https://www.ebay.co.uk/itm/406482030713?_skw=NEW+ROCK+BOOTS+PUNK&itmmeta=01KK55X1SEAMB4N30H9SXZSEBK&hash=item5ea4379079:g:2jUAAeSw9OlpMG0o&itmprp=enc%3AAQALAAAA0GfYFPkwiKCW4ZNSs2u11xBLBbnacgk%2FGo%2BcpDN35RueCTGRCm12OtJb7tUolQYpWs%2FM%2FtFya2OOQExoCRmWUgD%2BPHBo72zlqAOLU5AEMArkQliL5%2B%2FXfzhsczB0tRopOS26I%2BC%2FePdIxqz38GnhYa4YeTqFK8U%2FTwfaELZ%2FbUXp3X7RVJqrThcwaOKRcpCXCp4xMYVPPlZrRoNeeMSYMpiAeljhpfJivLvpB0St523imIMHBndeCecbxSedf5E2P266uWiLAGjqaHahRHn2EPk%3D%7Ctkp%3ABk9SR_ic9KWZZw
NEWROCK M.2246 S5 Black EXCLUSIVE New Rock Punk Gothic Shiny Leather Boots Mens,Leather,£189.50,Free delivery,18 Dec 2025,79,Brand new ·,https://www.ebay.co.uk/itm/395334274981?_skw=NEW+ROCK+BOOTS+PUNK&itmmeta=01KK55X1SE9KVM3JX293H73B61&hash=item5c0bc24fa5:g:IOsAAOSwZ8ZW2aWz&itmprp=enc%3AAQALAAAA8GfYFPkwiKCW4ZNSs2u11xA18qhPjDUqW21Xxn9Y5RXK4xApIfOZuWTrj3IoAMBwT%2BjrfVj9J1ywbjdEjGOprVSNJ5210cofOWXbWMKwTvDNZYBJRAqR9f9SL%2BFMw2Tb6o%2F0xMrX3f18WFyxKhxdRqKsa3i9fzHLNZDhv7Y6klBvly3xwL0qqFpmwGyfHTfYFPTwuMZCSVIzMot9%2FeQBaj1t513z4NWs38p2AO2YC4dGuvvGCM7Qu%2FQtGJAMKbvK9AL%2BYEain6WnwMTtf35r71vA3MaWbIlPwzwfbs2i4RvWM2vCrVmwlOXBz5Bk8%2FCE5Q%3D%3D%7Ctkp%3ABk9SR_ic9KWZZw
New Rocks REACTOR [Vegan Leather] Mid-Calf Black Boots ~ Size 6.5 / ‘42c’,Leather,£100.11,+£3.38 delivery,18 Dec 2025,79,Pre-owned ·,https://www.ebay.co.uk/itm/157510685080?_skw=NEW+ROCK+BOOTS+PUNK&itmmeta=01KK55X1SFKGBJ698W0WXQ93WE&hash=item24ac5e5198:g:xV4AAeSw6whpLCzE&itmprp=enc%3AAQALAAAA8GfYFPkwiKCW4ZNSs2u11xDL8iN1LcI55Srz4JoBLWMkP3pYQEIRak1TtjdFne%2F9Talu3Cu4yksbktKWPQsK4NWmulZYwaOkbFeXpY%2BGV7anihMzvxvrPKKXR3pwy90Gln2%2FtcIPBFPUsVZ01TndlLFwc93jMmL%2B5p3%2BTClbicuP4upZwQY07Z83AznRaqWykujQtUEoPGgubRmN6SeANJFw5IyhmrwhAi68JuUGmyYqiP43IgrhfxvT3m49ZMjJBjn9KCUOdhhiB5xAQVFoMeJyFmb%2BHuO4O2jn4K2uOTvcC2n3uKslNDwrq3yvPEY%2Fjg%3D%3D%7Ctkp%3ABk9SR_ic9KWZZw
Dr Martens Jadon HDW II Platform Quad Black Buttero New Boxed Size 6.5 UK 40 EU,,£78.70,Free delivery,18 Dec 2025,79,Pre-owned ·,https://www.ebay.co.uk/itm/376448942518?_skw=NEW+ROCK+BOOTS+PUNK&itmmeta=01KK55X1SF4PK4SNVJR4MPRZA3&hash=item57a61b01b6:g:ClkAAeSwCZpojMNp&itmprp=enc%3AAQALAAAA0GfYFPkwiKCW4ZNSs2u11xDjkgG1yQuLkBgNVmetMTuRrzx--27%2FUKr6OuaMKEde6pqtX9CqYJhak8vCqcN58qZJfwFWwzinllS9h%2BLrnuOM%2B3mtTrr6vAGVTtdq5tutO6TeamWwns8mTVkAO5NkPEFp7R3NbJeCHR0vHsSOryXf8yD1S8TJW1rkXFXj5woXdNyrQJkPal6%2BxrG%2BE2ufH5%2B43oa9upyqJCJuzizpptWDZgVWxdvi49fcn94vIyWX1rwk6WIaU5MMYMjDI7YuMBM%3D%7Ctkp%3ABk9SR_ic9KWZZw
New Rock Reactor UK8 M.235-S1 High Boot Metallic Collection OG New Rock Goth,,£76.08,+£5.21 delivery,17 Dec 2025,80,Pre-owned ·,https://www.ebay.co.uk/itm/136827338590?_skw=NEW+ROCK+BOOTS+PUNK&itmmeta=01KK55X1SFE1Z34P8018XZ3TVW&hash=item1fdb8b7f5e:g:3tsAAeSwvShpNe~x&itmprp=enc%3AAQALAAAA0GfYFPkwiKCW4ZNSs2u11xDwQy9GlRjX6Mt1yzHS4Q0%2B4SMkBm22KrfmbbWVcepgFUodz%2BCCSjXRjaxpfegQciL%2FNfYee%2BMocwYX91WZF9d0l%2Bk1CZK1BLSpYLGMHG4TgJCGbcXfhQSmALmk0tcTOEOh91%2FOqrj8f3iBtT3%2B0NS400CHv%2BHLoHWMHmZWrA%2BS2E9zqLWkVbkT%2BZHLHwr%2BYYwnTMplCiLWsZ8TF7Ku11391Ox%2FFwCIHGXScAjekmD0vrik7o1yJhbldC9fSu1RMsI%3D%7Ctkp%3ABk9SR_ic9KWZZw
NEW ROCK M-NEWMILI083-VS2 VEGAN BOOTS Combat Black Leather Platform Biker Shoes,Leather,£179.99,Free delivery,17 Dec 2025,80,Brand new ·,https://www.ebay.co.uk/itm/255313374560?_skw=NEW+ROCK+BOOTS+PUNK&itmmeta=01KK55X1SFBBDAVRN9P2FSXEE0&hash=item3b71dced60:g:AFoAAOSwIpRh1Ep4&itmprp=enc%3AAQALAAAA0GfYFPkwiKCW4ZNSs2u11xAYomc%2BAzeC3hzsqtFM8pykAMTCm74w3%2BTPEF9qpMvuC3OlkigZiv8MVjqzB%2BMmD0JsvfgIOi7tesr4CdeRTsjdTq1nfC56k8rMjDphASl5XZC5iKp93jRg9km4vdEF3rblnnstYuZ%2FPIJQ5hJEIz3qGo9CIGaRDFImZsUIQcw9z877MRCLZNCmNTeZShBPTtf1Ew0Qz9%2BJRR%2B3yfwlbgIHpuSfTvN%2FYm%2FodlHwPVAWp15hivCcDZA1EzolLc3nG64%3D%7Ctkp%3ABk9SR_ic9KWZZw
New Rock Ladies Boots Leather Burgundy Zip UK 6.5 EU 40,Leather,£47.46,+£8.39 delivery,17 Dec 2025,80,Pre-owned ·,https://www.ebay.co.uk/itm/397376755769?_skw=NEW+ROCK+BOOTS+PUNK&itmmeta=01KK55X1SFB1X6K43DZYDXQEAB&hash=item5c85801839:g:bosAAeSwHmJpLq-R&itmprp=enc%3AAQALAAAA0GfYFPkwiKCW4ZNSs2u11xA%2FSycljULBQ%2BP%2FSNvBim6gV%2FYU%2BDpwe%2BLaHROJ7k64YwLWpxR19KxEblGh8JG7sIcO1RgJRpHSCqpAYWBzCrgACjeWyPrqVWDqf1mAU4MY1wHbdkVlNtTbnU9QVhmot9oXMAFG0bZj%2BJuBCx5znDooDZPnTl4oQbncmjXv%2FlpHHdzTYiwHUf9CkptfX7jHb%2BSNGvjfXCErGOi7b9hGX3SvvJJt4pgoPW2poyT4QYmvkkeKj5AjyFKeP62%2BiMI7jB0%3D%7Ctkp%3ABk9SR_ic9KWZZw
Ian Dury | New Boots And Panties!! | Vinyl LP - Black,,£27.99,Free delivery,9 Dec 2025,88,Brand new,https://www.ebay.co.uk/itm/397371068357?_skw=NEW+ROCK+BOOTS+PUNK&itmmeta=01KK55X1SFPNCRN8SPYMBRS89H&hash=item5c85294fc5:g:eJYAAeSwyqlpNv8J&itmprp=enc%3AAQALAAAA8GfYFPkwiKCW4ZNSs2u11xCRH6t66lZskUf9DujpQ8SwpNkJgq3%2FK%2BKSBxrDmXwGRvK4ISVfosAt843pNSTcB0Jnl3fvR%2FVM5c5%2BWJRvn3CjI6gH2sUIagxEEjOqE0KO2YRH81UHCyBwf9%2B6RP%2FnsCZ5auP6TN4uMHaVKwvfdHXP%2FmDdjH7v4XgY%2FTRQxCwEWaT4hNIkxJy5GuACnJAif0PydvKi4WWq1UGjUqMM%2F%2BMz%2Fe%2FQbJRMEyzHXbxDlBCav6EQG%2FE039iaJis9KeYHPJEFr4X9socN5uN6darNvV8b6Lv%2FuHI5hxwY5hvpJDLb8Q%3D%3D%7Ctkp%3ABk9SR_ic9KWZZw
Dr Martens Jadon Double Stitch Paris Black Leather Boots Size 6 Brand New In Box,Leather,£94.30,Free delivery,17 Dec 2025,80,Brand new ·,https://www.ebay.co.uk/itm/127480414109?_skw=NEW+ROCK+BOOTS+PUNK&itmmeta=01KK55X1SFKZR7BDT7W9G6NDGY&hash=item1dae6cbf9d:g:GBgAAeSwkC1pEJ0m&itmprp=enc%3AAQALAAAA8GfYFPkwiKCW4ZNSs2u11xDKNfGD%2F4JuVUSVW2OPZzPb37Ry8OEEXDbAE1YqeM4jo%2B66KdfQgidlAK1We56%2FWGm8O%2B3fAa9O2P24VYelZvZPhlGOx9%2F8suVBbdL2mD3hx5HiVXMBVa%2Fgf96M4v1CDCy6LJRLKmlvKqBMwE%2FJtG6B9hLwfuRLbtaxeFWwG9J4SQgeCUV9naHhiQS2yp4rY0VYxDsvhE7ZLEJ4jBDUpZ6km44g3osVdMB0a63%2F2rlUJNurabAEUnkSAh8ZzTlnlVy7ocTo8euLm1HF8LwP8G1lHWWqCnowO7llJIRyIXAhLA%3D%3D%7Ctkp%3ABk9SR_ic9KWZZw
New Rock Vegan Black Ankle Boots. Eco Friendly Size 5 38 New In Box Gothic,,£65.00,+£5.64 delivery,17 Dec 2025,80,Brand new ·,https://www.ebay.co.uk/itm/287012246130?_skw=NEW+ROCK+BOOTS+PUNK&itmmeta=01KK55X1SFRBHA6F0JYCB86ZGV&hash=item42d3435272:g:c7sAAeSwYo9pQCg8&itmprp=enc%3AAQALAAAA8GfYFPkwiKCW4ZNSs2u11xCeOh7x9aUGKfRuvCfhUpWxyeIU10zkoF6iKvPYi5HGhLJvF3X99xfiyo890IbEIhOCvWiCiLLnr3Ynj0YSa74q4SgvzCsu8Mrl0xn%2BS52d4QFhjFZoCSNoZfRgVmj0QgfYvh28OpSi7w3qlm8eU1LYW35vx2Vugtz9hrpV%2BgtiuHXmqn%2FCdd7o%2Fwc7SCLv2%2Bbjwd7Te2dGlJFVpZfXqJcHpRFPvdNAXcWSwUSkq1rGxeoYlNdWa7rCW%2F56GLJ%2B%2BvqhjlwfyBpG3CScXYohsbEqLbJAPZuHhVXmPy7GG3MhNA%3D%3D%7Ctkp%3ABk9SR_ic9KWZZw
New Rock Boots Ladies Black Stiletto Zip Buckle Size 6,,£74.99,+£2.99 delivery,17 Dec 2025,80,Pre-owned ·,https://www.ebay.co.uk/itm/197937620474?_skw=NEW+ROCK+BOOTS+PUNK&itmmeta=01KK55X1SFBXM02GFJ9VA3XTS0&hash=item2e160065fa:g:OMsAAeSwEw9pAPh4&itmprp=enc%3AAQALAAAA0GfYFPkwiKCW4ZNSs2u11xDQhCJZJTApF%2BWRhL0f5zsuJL5TNTubvgdnSdc21FfrpU8X9WxZnEzvTZ96dkqxwUndMqE%2FyLX%2BYq2hbop59GQ957mvEYIqJoDCncdSX7%2FwYbPmxSpCE69CwzlMCTWaGIUzoAFY6XfTXWLEahF4KAsrVo2iAKKswnTd3ZYksv2fxdfXQ1V17LyA0PrOgKjlsZ61QA7CUS861gL8fqUN9UJpRSCfj8uQKPcpu83uYeT7pj5LS0lAn%2FQkQIk7pDFny5A%3D%7Ctkp%3ABk9SR_ic9KWZZw
Dr Martens Kent Curwen 1490 Boots KC Vintage Worn Effect Oxblood UK 8 EU 42,,£199.00,Free delivery,16 Dec 2025,81,Brand new ·,https://www.ebay.co.uk/itm/277162473712?_skw=NEW+ROCK+BOOTS+PUNK&itmmeta=01KK55X1SFWJ7FEF059ECAXH8Y&hash=item40882bb8f0:g:xgQAAOSwcv5oPOb7&itmprp=enc%3AAQALAAAA0GfYFPkwiKCW4ZNSs2u11xBHyk8%2FuqImaNT30ODTwvKXKTN5PiLrMhSpRRDdedO60UfLXEIVUPWGYosiHthLCOhfAI5%2FVXTJWzGU3zQn%2F3cO7XTm55ysWFRpEBKbJc0sbgorzS05ogxuXpDQUEHeqEcPlBm2nM0TXLnNQdPhNQSlLIdhBGRmTktCwDcW18PGjYSiACyiMbilgelYPbbAGEEvLVY6VomQLFI5DQABgHIpf8THEp3GOV6XX1eDyv56fwqcbXdW8x0n0p9ptSWPlCY%3D%7Ctkp%3ABk9SR_ic9KWZZw
New Rock Leather Chunky Platform Black Boots Uk 7,Leather,£110.98,+£5.88 delivery,16 Dec 2025,81,Pre-owned ·,https://www.ebay.co.uk/itm/187801467391?_skw=NEW+ROCK+BOOTS+PUNK&itmmeta=01KK55X1SFXTT5YGWE43N4FNHX&hash=item2bb9d6f9ff:g:jp0AAeSwHtppLuT-&itmprp=enc%3AAQALAAAA0GfYFPkwiKCW4ZNSs2u11xAWqeTbqxncGen6g18dmJCJZTIjg3xBQ9fTVQXa0xx7C80VITAZvA6MbV%2FoomxXCIlHWGUazwSy55Cey0YA4RnguEMo3m0LAs%2BsH1lAu%2Fk9tPJRnPdytrbmTpXumOiWLvA8x5Qq1%2FxXxybM%2FfYJTigJeGcl0R3l%2F9YgOe9VhDHVYMeNlEzrE4OJ3yVonb01LoxcOnY2%2BF0ZQ%2FFfMHdA9o4P7VJovNYKzNG6eM7nvq4mYNfKOUTc%2FZWWgH%2Bzok0NLYg%3D%7Ctkp%3ABk9SR_ic9KWZZw
Dr Martens Jadon Fur Lined Leather Platform Boots Size 6.5uk Women’s,Leather,£105.00,+£5.88 delivery,16 Dec 2025,81,Brand new ·,https://www.ebay.co.uk/itm/127543057726?_skw=NEW+ROCK+BOOTS+PUNK&itmmeta=01KK55X1SFNX68T512G0YHQ3Q4&hash=item1db2289d3e:g:3hwAAeSw8xZpMe2~&itmprp=enc%3AAQALAAAA0GfYFPkwiKCW4ZNSs2u11xCgmLgHyhOxNtuBtCvvIIMLMn97RHhSSXDhmVO6lW1trr9W3%2BtgyuKIwDjfwUCSP6jLyDwDzjFD%2FhAAp2Tc%2BBhzqWiDvQNPhdOVGtIWSLDDOTj9Mw9fdpPGK9uymy2%2FevX43ThYhN1Rcsoz9IF%2FYqvJmWeVc36h9hAk6oXNCYfo9LBnkp4oLUICiARlBwcGT7vt%2BUkvS68oLKHDpmHT1aUHgiYjK4Bh5CtHxOwOEdODoyoHb9DKWfCQN1JKIlmPTnM%3D%7Ctkp%3ABk9SR_ic9KWZZw
"Dr Martens 1460 Pascal Boots, Pink, Tie Dyed, New , Size Uk 6. Rock, Punk,",,£63.10,+£3.55 delivery,16 Dec 2025,81,Brand new ·,https://www.ebay.co.uk/itm/326900816600?_skw=NEW+ROCK+BOOTS+PUNK&itmmeta=01KK55X1SF2EA4DWNSW785M18H&hash=item4c1cce9ad8:g:VhEAAeSwiwdpM3aC&itmprp=enc%3AAQALAAAA8GfYFPkwiKCW4ZNSs2u11xBgr%2Fg%2B3WTnMLAJHGkU6gV0imsg3hlGCZhmsSjXMVkQ%2BbmUTobUGz7SygM3sFKOthdKFNrjHI8TSlXhHgxgnIUOYWd3f3VD2r%2Bdxns1TNEMjIWOSdxfpTuTuI%2FqWgJL%2FKX7FS26P%2FUOug%2F7XBSnAhz3A4%2B0g5Yx%2FQlu8OSw1ECOQDTupL7wUgbqJ%2Fw4T43yXg3rdNqOsIZE2pE6Xo1dYmIczpvxnmRwUcLpPPlA%2Fx19%2Fo1V7p0tFOIA9SukVt8skJqab2W%2BnbMfn%2FsQGgwSDYtW8U5TkLte2h10LtFu4RA0yA%3D%3D%7Ctkp%3ABk9SR_ic9KWZZw
New Rock Punk001 Knee High Black Leather Chunky Heel Tall Boots Size Uk 6 Eu 39,Leather,£129.99,Free delivery,15 Dec 2025,82,Pre-owned ·,https://www.ebay.co.uk/itm/306482821765?_skw=NEW+ROCK+BOOTS+PUNK&itmmeta=01KK55X1SFN56D9H50R2ZF36N9&hash=item475bccba85:g:YKAAAeSwwaJouTr7&itmprp=enc%3AAQALAAAA8GfYFPkwiKCW4ZNSs2u11xAxybzSN%2F2HwWvgPfzCA28rRjWd3Vc1SDf7Y8YQ0ggnTQdo81bOAexUOmcWNl2pVL%2FMr2sFfdhWgv2IFU2rnjoCnLWBPU2fjomxD8eIcmosYR7VBHnBFj4Fqc4DwrmsEA6bEnJjY6aORmKlnZJUGiR0fkcyJMqnG4Ag0U5p6YJjYOpShOTARfGrrw8bOz7bhFcpjIFP6HlVSMl%2F8ZYGvAOSUCQ0Jr%2FqwTch5%2BlHW%2FX3HwkrcLSJmWWfmo3Gri0BTiXKxfzoLZlqOtkzyNaaOBd9m34kV6aFbP3toMMo6YFIxg%3D%3D%7Ctkp%3ABk9SR_ic9KWZZw
Shop on eBay,,$20.00,,,,Brand New,https://ebay.com/itm/123456?itmmeta=012DEW30YG0MEEKND7NH&hash=item123546:g:acwAA9KNiJowH:sc:ShippingMethodStandard!95008!US!-1&itmprp=enc%3AbgepL1tlUHjMGCVfSTGJh%2BzsVKeJ3CQk7NizDI4BZeppuFnmyS6Ijyp8lh%2FnEw%2BWqO7uTV1Q6izE1R0T54aV8j71F4xlWfVcGft4%2FiOQhtqVXA1rW6M1atPARQRmhqUxtEPJKhKtSFgI%2Bvwlzb0GwVCtkp%3ABlBMUObkmabpYw
Shop on eBay,,$20.00,,,,Brand New,https://ebay.com/itm/123456?itmmeta=012DEW30YG0MEEKND7NH&hash=item123546:g:acwAA9KNiJowH:sc:ShippingMethodStandard!95008!US!-1&itmprp=enc%3AbgepL1tlUHjMGCVfSTGJh%2BzsVKeJ3CQk7NizDI4BZeppuFnmyS6Ijyp8lh%2FnEw%2BWqO7uTV1Q6izE1R0T54aV8j71F4xlWfVcGft4%2FiOQhtqVXA1rW6M1atPARQRmhqUxtEPJKhKtSFgI%2Bvwlzb0GwVCtkp%3ABlBMUObkmabpYw
Dr Martens Jadon Unisex Lace Up Leather Matt Ankle Boots In Black UK Size 3 - 11,Leather,£189.00,Free delivery,15 Dec 2025,82,Brand new ·,https://www.ebay.co.uk/itm/392564343026?_skw=NEW+ROCK+BOOTS+PUNK&itmmeta=01KK55X7FJYMWRWRGSKJ047EAW&hash=item5b66a880f2:g:NT0AAOSwxqZci5n9&itmprp=enc%3AAQALAAAA0GfYFPkwiKCW4ZNSs2u11xAnS3NPxarmSrXLqyB9K7GCKHd5Ny1MjKFP9DpV%2F8ZU%2FbLIJoU259V3PmTw35xUa4%2BqNe7DW%2BiccHANc9OosG5MA%2BsY7oudlodtFVekOk3z9%2BG%2BFtI0hZeUlTBsXYug4igyJ2GqUtj0FBcHt8F0ETSwFz%2F7VzdQ05rhz0FLwWUrdh2hUuv%2FNs1W8ZNdL%2FJN5uvpUGMEBcm6lTjroS8hMOW2vFPodobebKNVncRhbyxQPVl%2Fkc3fHjQQaMjqIhKuJew%3D%7Ctkp%3ABk9SR5T49KWZZw
New Rock Reactor Black Leather Chunky Platform Black Punk Boots Uk 5 Boxed VGC,Leather,£134.86,+£5.21 delivery,15 Dec 2025,82,Pre-owned ·,https://www.ebay.co.uk/itm/286995894609?_skw=NEW+ROCK+BOOTS+PUNK&itmmeta=01KK55X7FJ9GQ7DVEK3ZKDECVG&hash=item42d249d151:g:aSEAAeSwRohpNey6&itmprp=enc%3AAQALAAAA0GfYFPkwiKCW4ZNSs2u11xB9S4G2X77xlJ4Fxvb0nOmVwWDQYya39936a7rrgK%2F4YcfWCC9XWHmbAkfTldaxMRIJBctn7Pp2vZUA7KkC%2BnRTqWG73hNRxcwJlniOtBpsPqqu5DR8ir9TCgkXZzCeK6lzAcJEZPF3zyZWOlEjRyIMcv%2Fv7dP7Cn3OosBgr%2BlOxR4sHYTFuN%2FXWV32hUPV8%2BLkE95nYarQQrWAvd%2FqTNt5uAI2USnFXvVU0lURHhH6ibJQ%2FDyEGmPFXgd5qIxbKiA%3D%7Ctkp%3ABk9SR5b49KWZZw
JEFFERY-WEST MUSE Tan Calf CARLITO 'BRIGANTE' Chelsea Boot UK 11,,£78.00,Free delivery,15 Dec 2025,82,Brand new ·,https://www.ebay.co.uk/itm/127559003434?_skw=NEW+ROCK+BOOTS+PUNK&itmmeta=01KK55X7FJ5QX0DAA050VHS49F&hash=item1db31bed2a:g:39UAAeSwVfZpPE6R&itmprp=enc%3AAQALAAAA8GfYFPkwiKCW4ZNSs2u11xDCFCIM1g1sj%2FCnD%2B%2Bi6L%2FtTMM962Cn1oceg0rmtTq8ezKs6jzB1zYWO2XLE3DX59AwntqZp3zfGJ222f7N0x%2BRL3aFNqLjkltUEad4TDLbi0j0t00zU3ADAOy9H3Byxp2n09TcaxnUaG3mKfuULaqKslnelP2FF70mlfADizoYWJiIK581r9VsN86pHQ4MdQf8kizqg3Zlp8l2VS5eL4XOjLhchuP9Cfkzju9D7L1TtMFgn5Z1IjQU9d3u0BPRaPZKYa6GH6Rr8AYSHVuunXbujpnVrKsCcOXHJOauB4xhMw%3D%3D%7Ctkp%3ABk9SR5b49KWZZw
JEFFERY-WEST MUSE Mid Brown Antique Polish Angel Wing SCARFACE Chukka boot UK 8,,£105.00,Free delivery,15 Dec 2025,82,Brand new ·,https://www.ebay.co.uk/itm/406473905861?_skw=NEW+ROCK+BOOTS+PUNK&itmmeta=01KK55X7FKHWYN8056JDVTGD6B&hash=item5ea3bb96c5:g:3FAAAeSwhftpPE3f&itmprp=enc%3AAQALAAAA0GfYFPkwiKCW4ZNSs2u11xBpi9H93PhdDmr5GkgWma3vZWfzKxcqDzkSe%2F6WAY8YE7UoyDEJqAEWmTYRAhzfWzFehOxHvW5qhj7m93umlJsvNX7zB%2Fug2Dikqjw%2FO2E3lzujt1sBcr0Jx3EtXLx8oL96c5eUa0HoaholR0bfMUdpRptyuTpbhCfeZbfxyIC966sACEBVJyI5LRxw5vOr%2Fcnd1XO5SCzbEnKskVt%2BlbsZ0RuzaKxYAWwx5sg8Y1wNjC5Pmusyzq%2FvOW6TGCDDQXE%3D%7Ctkp%3ABk9SR5b49KWZZw
"Ian Dury - New Boots And Panties!! Vinyl LP (LP Record, Album)",,£9.99,+£4.95 delivery,15 Dec 2025,82,Pre-owned,https://www.ebay.co.uk/itm/357796287822?_skw=NEW+ROCK+BOOTS+PUNK&itmmeta=01KK55X7FK9C7T1F1RTDZ8FTJZ&hash=item534e52154e:g:aqoAAeSw0a9o-Tn-&itmprp=enc%3AAQALAAAA0GfYFPkwiKCW4ZNSs2u11xDf5kIq37EKyNUQyXUE7picUjRJ1RuGkjWDHokcZzchYwEiy%2FDJR5bKD4EIgglQ%2B22RYxobpuAP02FjOJcSJuEwyl8%2BKAKbfYkw8FdSQM5Tyo19oxldWPmykcfHIGHpJYZbUj8QBPUp7IlnEVp7dIpSJ45eQ0vRgocvWUARnRduFVy%2BGgVvDvM6IusBWu2Qg5Yds2HbbxJRbnUh7jK6y2f1aAXPFRNPdY1CGe2%2FFO8ktv2po%2Bk644psr1BTQEnsJfs%3D%7Ctkp%3ABk9SR5b49KWZZw
New Rock Boot Metallic High Black Platform Boots Motor cycle - Size 10 44,,£156.69,delivery in 2-3 days,15 Dec 2025,82,Pre-owned ·,https://www.ebay.co.uk/itm/376775527346?_skw=NEW+ROCK+BOOTS+PUNK&itmmeta=01KK55X7FK1Y4B4HST93P46VQ4&hash=item57b9924bb2:g:NT0AAeSwlJ9pNxs4&itmprp=enc%3AAQALAAAA0GfYFPkwiKCW4ZNSs2u11xAEpscwddmJv6Qp%2BXVsuPbH4A3vVhgXD2hBp06lASrdeuiISX%2BdG6PE--fRtUdH%2BLIUabqYdyi3vaHPCuIIWh1QFHDBJIQvtRDhilUunwM7gfJkkvUTdy56c7HChJnG91DwQ4%2F5s00dR18MLjqwWcaxqk9mnOL9%2BG1K18fgOO32DnKcAPkaTMS%2BJKcYK68fAxjbosWnO1U9WlueRCU2S2GEWyVVqjeri2NZHtBhc%2FzELN29q8ROYEk76nL4JVC1MBg%3D%7Ctkp%3ABk9SR5b49KWZZw
New Rock Boots WALL285-S2 Unisex Metallic Black Leather Platform Gothic Boots,Leather,£209.99,Free delivery,15 Dec 2025,82,Brand new,https://www.ebay.co.uk/itm/255991612264?_skw=NEW+ROCK+BOOTS+PUNK&itmmeta=01KK55X7FKZ8E9NAHC64CPK0EM&hash=item3b9a4a0368:g:aC8AAOSwsydj-gTe&itmprp=enc%3AAQALAAAA0GfYFPkwiKCW4ZNSs2u11xA1wydBWrflxwQiYNBfhSnVdU5h6B70yvmrRTrp92LO473DvJgCGbdH2Qgg1kPMH4ApWasF42Cz4PoZh2hQhmMPNB0cDRtSaGZEvdSbKdezxBSJBN%2FuP%2F1b6iN--JqHuKW%2FJ33l52gudl4EY0wUhA%2FpJCgQTArlEe8I%2BUyIh%2FBxwqGf2WvrC66ULBAh1DxksU6JQoD2rOCOhPdi--54JxtHk%2BGD6ke1QZ9uBhr%2Fagtn5D9ndSoEPExd42veMWWM%2Bpg%3D%7Ctkp%3ABk9SR5b49KWZZw
NEW ROCK Reactor Black Leather Mid Calf Boots UK6 EU39 Goth Steampunk Festival,Leather,£140.00,+£7.95 delivery,15 Dec 2025,82,Pre-owned ·,https://www.ebay.co.uk/itm/287010860310?_skw=NEW+ROCK+BOOTS+PUNK&itmmeta=01KK55X7FK6RH77MN5PPMS0XH7&hash=item42d32e2d16:g:zQUAAeSwvZ9pPzS5&itmprp=enc%3AAQALAAAA8GfYFPkwiKCW4ZNSs2u11xD5RblYszCh3OpJAwhh3MUQmBPQ8CBHMUHCMpoY%2FRhH3CkWyopTn4SVWAkdQhykgTbZfQ38s4uX6yZ0MLZMahJdNxJFHwo7O%2BOyqtPUoyPDrmpTALxa%2FYDzBqjxPSEO9dtL3KfhP9d7aSSc%2FeyVNKcDCp90xGDsYdpVocG5w7mIZjMS2SQB4S0pWLWjAw2vQdhXi8wxNkjchLE6pEWOJ3So1yuqGULWro8pKw0ZXB7%2FBPo3UpDOz5QVVE89DvuCwjZfeR9vlqxaiwADGXStAtfleEEOTZ%2FHnlfjueAUiETPQg%3D%3D%7Ctkp%3ABk9SR5b49KWZZw
Dr Martens 1460 Pascal-Floral Mash Up- Size UK 6.5,,£99.50,+£3.38 delivery,15 Dec 2025,82,Brand new ·,https://www.ebay.co.uk/itm/257151858232?_skw=NEW+ROCK+BOOTS+PUNK&itmmeta=01KK55X7FK912V9AKA6K5N6CVT&hash=item3bdf71f638:g:iaoAAeSwmQJo6j5B&itmprp=enc%3AAQALAAAA8GfYFPkwiKCW4ZNSs2u11xB23ifvdBKHC7Qx%2BSBG9h%2FvxNBZsyPITKKBGf86tcIDGPa3J%2FCXq%2BWbBXlxBtrq4obrjBBFWtC%2Bh5uqcHbXhYe%2B2Oh2CN%2FIuIb73ox7ubPOXB80Be1BPZfcTV%2BmZGLHjcsQ4QOtY47lwcOZks2wFSIbnytqErnJJQ2cP%2FIr5y%2FY9fp3Z1JybGDHvpyVDM7AxWh9j8Cwt3nkE4LY8IlQuAQQMUkSW5YUf2mtdDcHyz3O2eHDhXIGcv77J9KEjXWrkLmghUKZExbKwyuse9%2B8TPfUQZ%2FfxD79Ewc9MO6V4BkVSA%3D%3D%7Ctkp%3ABk9SR5b49KWZZw
NEW ROCK M.106-S29 TOWER SHOES Metallic Black Leather Biker Gothic Boots,Leather,£212.47,delivery in 2-3 days,15 Dec 2025,82,Brand new ·,https://www.ebay.co.uk/itm/265240092921?_skw=NEW+ROCK+BOOTS+PUNK&itmmeta=01KK55X7FKE45P2NCX13XAB3JG&hash=item3dc18aa0f9:g:3mcAAOSwMMliIQUb&itmprp=enc%3AAQALAAAA0GfYFPkwiKCW4ZNSs2u11xBoaiWghHEEp8OmeATozYJ9FGdHN0GQdo35T6Fx5Sc8GJ1nrK%2BetNQ0fO5%2FJ9fvmpNi0HIivpBO5s761ZA%2FBDuP6LsJkTVqXvRQmD8%2Bdz%2BCO0utBkIEbSdeevQiR3%2FFOqjHBjUYAjem5UmNnMrux%2FTjrnwExOeQ%2FB3MdWRERD55SOGnBp6gMRLmi0YP9sJYGzVSxYYqHLCRcA3fv0ypOAYAixueJeabB2z4ciVJv2gPCUUl1ZvMjcNg%2BHnGby80zfk%3D%7Ctkp%3ABk9SR5b49KWZZw
Dr Martens 2976 Fur Lined Quad Platform Chelsea Boots Black Leather Size Uk 6,Leather,£115.87,+£4.26 delivery,15 Dec 2025,82,New (other) ·,https://www.ebay.co.uk/itm/197894620024?_skw=NEW+ROCK+BOOTS+PUNK&itmmeta=01KK55X7FKF4QTFAENDHPP7CMQ&hash=item2e13704378:g:rJAAAeSwR7JpJBPz&itmprp=enc%3AAQALAAAA8GfYFPkwiKCW4ZNSs2u11xDnf8lO%2F89eZ1cy2tfrCCW4Wa%2BSloWzs%2FnKVBGGnM4gORivtU4S2soRHah01IgkUGNWZU4UifIar%2FHn8emJKxCknhjG%2BF5DgAyL5hJnSNWWfh3yCKLDqGLi0ZeZtpGH4BAepmH3lvJQEMcC9rUS6%2FdM60YG%2BLr1CI%2BSRqbsQbbO0ygFikJHTNF1GF%2Bnpp8mxM%2FteYTZk50aij0kYrUW2hj1gNhNAoCj9QvXWIlUez%2BDNCRYFp%2F3J3kxxeSJLJ5K6bGoivkUgSZBd9W%2B%2FSx4D%2FpSRDt3HvyukL2EFDrCT0%2BXVw%3D%3D%7Ctkp%3ABk9SR5b49KWZZw
New Rock Black Stiletto Boots uk size 6,,£83.90,+£3.71 delivery,14 Dec 2025,83,Pre-owned ·,https://www.ebay.co.uk/itm/297826137094?_skw=NEW+ROCK+BOOTS+PUNK&itmmeta=01KK55X7FKWBHC7HRD3WQ48KR6&hash=item4557d23406:g:rYMAAeSw3GJpNfv4&itmprp=enc%3AAQALAAAA8GfYFPkwiKCW4ZNSs2u11xCWv91wqig6nlkJR5Z1x5qJ8wMVTdSJ5iBy1EJ0r65uvEgDyVs17mXFZ%2BGmFbUgUiEjGi2BSx8K%2FcSBDDh7fIzAzoKcocEPGhKJsMeYkcsC0lKgzV9ZHeo3jRu6cU2RoabQqU8tkciFJEf5zLMORxPAXyabQSpKEbU1sghzPr7j4zffJhhGjq5uPoKUedYZyzt%2FhDCFJZ%2BUQ46lj3GCCgiRS8ArU8QKfrRUkC5fRH6TBsAMQc0r835JcH8TCBKKESs4Hi6S%2F7jw%2BSj4jwpYZA9lx%2FEDq7IUPtuZ0f76lC%2BleQ%3D%3D%7Ctkp%3ABk9SR5b49KWZZw
JEFFERY-WEST MUSE Unique Tattoo Print SYLVIAN Zip boot UK 8,,£62.00,Free delivery,14 Dec 2025,83,Brand new ·,https://www.ebay.co.uk/itm/127559005764?_skw=NEW+ROCK+BOOTS+PUNK&itmmeta=01KK55X7FK17CG9ACCER24812S&hash=item1db31bf644:g:szMAAeSwW4JpPE7m&itmprp=enc%3AAQALAAAA8GfYFPkwiKCW4ZNSs2u11xDTQDossVWyjRvtQLbEB7711e53Vv12sR3uws6K2ZPTLkmhybDx1aMfCB2GAwPikg1JUhzPD12Yd48jNr1RwWa%2BYkNlmgRMUUg5XthDs0RuaLDk8FdMIjjwTSEFEgz15C933m3nem%2FXLobkw8HG20B%2BMgxm0uHItkHGTCEnlo%2BlD7NLOAx7GBCuH7eU8lHZAv4uI9lBXbozsoyBIHAPkZvQjYRdYmD%2Bji9djJAf5eDfYp%2B4a0KBLyvNLZqOCMOdbCM8w4uwkTmvpF%2B7zLEpcEroWRHBprCa6XnjEgmlgywDpA%3D%3D%7Ctkp%3ABk9SR5b49KWZZw
New Rock New Punk And Rock Unisex Platform Boots in Black - 8 UK,,£178.64,Free delivery,14 Dec 2025,83,Brand new ·,https://www.ebay.co.uk/itm/205840817373?_skw=NEW+ROCK+BOOTS+PUNK&itmmeta=01KK55X7FK8T1Z4ESMF90MQ44X&hash=item2fed119cdd:g:AwgAAeSwjlNpEzpb&itmprp=enc%3AAQALAAAA0GfYFPkwiKCW4ZNSs2u11xCA7x1UnBObBHfvEC%2Fa9KNITyoFpJu4xK6vEfw2VoLTWz9q49AP%2FoHWwsGTmh7S5Hkg4J05vrP713n8ZZSytzvFVuwo%2Fp06%2FYmapNXd2ojiuscbgIPqxT1LC%2Byg2e8SpMBPKh6AKULMi7n1gUIsCdBvLlnULLxn%2F116cDBqhPVEP2pB83SkGJ3r0kwzIr4i1sfY8pHEgRNk58fuAu%2Bao8gYy85Bl3LQrxKEuFqS%2FUR97fzYHdltrE8Gjj5zm23YIrk%3D%7Ctkp%3ABk9SR5b49KWZZw
New Rock Reactor Platform Boots Red Flames Demon Devil Leather Chunky,Leather,£120.02,+£5.88 delivery,14 Dec 2025,83,Pre-owned ·,https://www.ebay.co.uk/itm/317306073332?_skw=NEW+ROCK+BOOTS+PUNK&itmmeta=01KK55X7FK7XJNSA39MQA2RR7J&hash=item49e0ea70f4:g:OgYAAeSwnJtozWOy&itmprp=enc%3AAQALAAAA8GfYFPkwiKCW4ZNSs2u11xDSzGzT0NUIX6c5rs%2FesGt%2FR4wU8Y0R7dzanpY3bbxoQzRavtJXlQS36hYB4t1erth1bNpoMIl8s151atFgmM6P8WJZghGjrUz7YjB5dba9xC8Zq4OlFrX1%2BHQPCZ0IzcOjuKGV2h%2B50hiCf7eDfvkvs9JHWcQvPrNRpLO1MOCZvdFpOLGFJ9NZnakeRHK1vBXJgxXfM85wTLFk9aDiUxzY1Ocp744sp8KYiBrqCHWr7IgRL9D2m1q7VGzWtVv3I04f7ck1CG8fw7--sCwrebxU7JYxSSUHnXieVsEDxz%2BNUQ%3D%3D%7Ctkp%3ABk9SR5b49KWZZw
DOC MARTEN DR MARTENS 10 eye hole CHERRY RED leather BOOTS SIZE UK 9 new in box,Leather,£160.00,+£9.50 delivery,14 Dec 2025,83,Brand new ·,https://www.ebay.co.uk/itm/397347273147?_skw=NEW+ROCK+BOOTS+PUNK&itmmeta=01KK55X7FK5MWQ9N6EZRWVGED9&hash=item5c83be39bb:g:eUUAAeSwHj9pEe43&itmprp=enc%3AAQALAAAA0GfYFPkwiKCW4ZNSs2u11xBxQkQdMwegCYULByFO1mz7Z3ejyhD6xR4eWKKJiD%2BXH%2BY48uMyAxevK5v4zLU4AH8HhdsHP1p7Rx9LuxWDzxY70jR%2FLpBJ3n0X9TgGXSzDw41jPmL434fOb5bhdypjoBbLgBktPjmiWK%2Bj9mvH2AVR6P4Yrk71ENtJgPcNJ7jrT%2Fz70K0CWVNosTTBzynyDMEWbE6KlO9Im3PRrAw0vG8CqZfxdUOrPlUZxc6pkdf1Y2PaML7KHiqTnS7yRqkJ7eE%3D%7Ctkp%3ABk9SR5b49KWZZw
New Rock Tartan Reactor Boots Unisex Tartan Black Boots Platform,,£245.81,delivery in 1-2 days,14 Dec 2025,83,Brand new ·,https://www.ebay.co.uk/itm/166343310270?_skw=NEW+ROCK+BOOTS+PUNK&itmmeta=01KK55X7FMVT45PPJCW2NC0RRZ&hash=item26bad57bbe:g:M~4AAOSwhlNlDX7W&itmprp=enc%3AAQALAAAA8GfYFPkwiKCW4ZNSs2u11xBvImRz92C0EoOPIedy%2Bq3atxzzpmp8z0BXoSjmpDsf1G5awhGIvXHiYY%2Fc%2BC3lccNfVFDGOZwGdlnwV0%2F4ZT%2FwH4%2Fl3hq3Ij5wHBuU3DUTIkpcC3zfmoLs0kQG3hfYj6ihS%2BKkB5JrOLkpJxLZJ2NNtbmfy7EX%2BTynXLjJT4wIcyoo8Lnb05jKf1iiyCCvBvLH76bWgPxTzMU1f%2BpwdWyiPHPtNBeYpurn931m4U5cQkdRKLVrQTa1pOMgXGM185hIPjEH89UuRjiKdGbFF1u3R8r6UseEKAILvc%2BvziNsqQ%3D%3D%7Ctkp%3ABk9SR5b49KWZZw
New Rock Space Metallic Neptuno Boots Unisex Platform Boots in Black - 4 UK,,£188.99,Free delivery,10 Dec 2025,87,Brand new ·,https://www.ebay.co.uk/itm/197348682431?_skw=NEW+ROCK+BOOTS+PUNK&itmmeta=01KK55X7FM321ZQAVKGPFNGHE3&hash=item2df2e5eabf:g:-0wAAeSwtmNoMKGT&itmprp=enc%3AAQALAAAA0GfYFPkwiKCW4ZNSs2u11xBRfSej18vaKHQAjwoEu0m%2FuEk5H7%2FAz8KxBubQg9EA4ZdpFLMqMwkLaiy3sCLwXJBZE8kvhpjpfOj0DIsAmg5JNcMxhy%2BzGPBYY10SchGRy4rQkwl4IHkxvIACuXdyGGMtRLgtUTYpAhgqpYRY5l5PLNW8zY4e%2FjzbuIrqhwQh2iN4x5UwX8xOUBWBF9t3L%2BMYxT4lptBMIutkgpvdFuszopMleQpR8T8NDL21AXe814RKZEQfzcwhQBGBJQQkQ4Y%3D%7Ctkp%3ABk9SR5b49KWZZw
New Rock Reactor 373x Black Leather Chunky Rock Platform Boots Size Uk 7 Eu 41,Leather,£169.99,Free delivery,14 Dec 2025,83,Pre-owned ·,https://www.ebay.co.uk/itm/306645686299?_skw=NEW+ROCK+BOOTS+PUNK&itmmeta=01KK55X7FMN9GJNS14DCZJBV9K&hash=item476581d81b:g:UaUAAeSwd-xpM8wL&itmprp=enc%3AAQALAAAA8GfYFPkwiKCW4ZNSs2u11xDook2TzIvZOwT1%2FkyOQ5CtE0Uiwtt%2F9FS6HdzspZXCYTXtqkCbc%2FeBw9d8v2u0fvrqct%2BnOX12WoHsLmDfYJAkLCvzGj%2FvCV98YTzZBsQLEtezykUzwa3%2FO4%2BDotgCQW305h0pHxhGmkaIUoCbb6nMLJgduybQOkZt6%2FrJK--ubxHWPkbiZsVTVWNS1KT1CwdFbmev9g2Zre2%2FR5UM3PmVBV6FQZIJTu9o8QQkYzJqKmU2NgS2oUstzaNE%2FTZUTyEeR%2BTGb3MK1mq7RROsUJj0WFxIFdllc4RTDMuuMQimlQ%3D%3D%7Ctkp%3ABk9SR5b49KWZZw
New Rock Boot Metallic High Black Platform Boots Motor cycle - Size 10 44,,£156.69,+£7.27 delivery,13 Dec 2025,84,Pre-owned ·,https://www.ebay.co.uk/itm/376763664972?_skw=NEW+ROCK+BOOTS+PUNK&itmmeta=01KK55X7FM993PP44TG9DKNTZ4&hash=item57b8dd4a4c:g:NT0AAeSwlJ9pNxs4&itmprp=enc%3AAQALAAAA8GfYFPkwiKCW4ZNSs2u11xCtMayJyFsExJHDZ0HD220g6zdRc5wn7Bwx58f6mQWaYiGO8kWTyLqs%2BDPDbwu8CZFoCfi8jXpA9uPRe7qzUhfD9lnAIqB2bRXSMa0CUH55ZrODArG8gGhI%2F4SwvBZBKPVLPG%2FF9xDP9QRsTzzYaVPm7fkYG4P9BFvkFb8%2FpNDT1jDxY1aZPppncuGBQaY%2ByOpo6Z4yx%2FuTB%2BQnWIbVwHBSo5iR7ZRoRHZDZnuBfS25iMVPFD8akNyA3x1spNuLUEFnFYsQq8pLbW%2BYMZNm%2Fe3nAqGC%2FPBkUippccbixp01AA%3D%3D%7Ctkp%3ABk9SR5j49KWZZw
Ian Dury - New Boots and Panties!! (2006),,£2.50,+£2.00 delivery,13 Dec 2025,84,Pre-owned,https://www.ebay.co.uk/itm/336331616141?_skw=NEW+ROCK+BOOTS+PUNK&epid=59470937&itmmeta=01KK55X7FM4A9E74798D251A9E&hash=item4e4eed2f8d:g:EC4AAOSwruxbEWzx&itmprp=enc%3AAQALAAAA0GfYFPkwiKCW4ZNSs2u11xCOzjo6i%2FWLdo4L8WqlxYcj%2BQjMFY30jEvfszvT2YwBWNAiR1mB6zyqgpBG3v2WaW8k0kYtFKlzG99UcQ2WPhQ4s3d7acMw87OLUSAxVLhYI2szdeIbmJ%2BX0%2BsS4YNCDPLYVcwztFMmILC8FKfTsg9Ou25CmkkVBng%2BqRxNNgzka8MN2K72%2Bq%2BnCC2cCjYR4301%2BLiHmZY8GmuwQpX87AMf3FyxlWKMTXDgMtFq1ryIKRwhFeHqnsuzzKS2jYLQSMM%3D%7Ctkp%3ABk9SR5j49KWZZw
YRU Black Canvas Dune Desert Boot UK6,,£120.29,+£4.48 delivery,13 Dec 2025,84,Brand new ·,https://www.ebay.co.uk/itm/146193819392?_skw=NEW+ROCK+BOOTS+PUNK&itmmeta=01KK55X7FM4AZATN7GS4QDGTAQ&hash=item2209d4a700:g:tgEAAOSws41nNoLM&itmprp=enc%3AAQALAAAA0GfYFPkwiKCW4ZNSs2u11xDXk4tXidHM06OtbX1HGKC83Q3181AJXkxuwAL5YiFg3kSy2XukBXTbBNBQoFrWFl2dw6yu35ZHmbrVB1iGjimMO3rMUsxiZWxPepyObl7IhItqzPf1eSyIizQkToV6oJfUzMPbc9Tuv%2Be2r2CjKMbmYZiEA%2FU2dnUR3wpU7IWu0ZPuwVBYKD%2BWokKaj68oIu0k08hNb7Jar4P6jcXYaGvxcdOX813L2%2BilURROj1KblvsLvbZI4zeMDzPCpg0uG3c%3D%7Ctkp%3ABk9SR5j49KWZZw
New Rock Women's Purple Leather Biker Boots UK 4 EU 37,Leather,£78.70,+£3.38 delivery,13 Dec 2025,84,Pre-owned ·,https://www.ebay.co.uk/itm/286978411797?_skw=NEW+ROCK+BOOTS+PUNK&itmmeta=01KK55X7FMD253D3P7Q704DZ6R&hash=item42d13f0d15:g:WBsAAeSwuylpK0lX&itmprp=enc%3AAQALAAAA0GfYFPkwiKCW4ZNSs2u11xC7j86HL1ky64FjS0d8E9VYO61tLjwSM2yltK%2BnxtzROL4DEdsZSdfmTd3%2FS4CrKnX9p0Gj3P%2FTHr%2BUyTzXQZGhQu%2F6ELZUaneuRTLOtHw8PLfelJsMyKb2NiGFCuH6CH1XoKaq755ADRkLY98FoF4%2BPHBVNQTgDjUMmqmlCfBWjX83Zt61RX6YZDrlcK3Omd2d4Xxgs3eNhq8Njf%2Fw%2Bip%2Bd%2FSxoarmCdUpMwgk27ogrykvt3og%2BQXvKcLq2EQVfxs%3D%7Ctkp%3ABk9SR5j49KWZZw
Vintage Y2K New Rock Leather Skull Design Platform Heel Boots,Leather,£100.00,+£3.38 delivery,12 Dec 2025,85,Pre-owned ·,https://www.ebay.co.uk/itm/116890245083?_skw=NEW+ROCK+BOOTS+PUNK&itmmeta=01KK55X7FMMSY2Q3V85ADM3K65&hash=item1b373397db:g:KwIAAeSwIKho~Wam&itmprp=enc%3AAQALAAAA8GfYFPkwiKCW4ZNSs2u11xCLWjscI5qN0eot40bw%2B85F1ITh85T4%2BvE77xJL4dbRde3%2F5vZQTVE30IAgXHNYCo5ckOzMYzFAAUCqgELPBpQm%2Feb%2FguH11mzLOZfFDlLTdW%2FciZVDEleJpwAxALgFFBbVYet4tG2Rlqli8S%2B00ue8OoF2dWTLlwntYbWJLgg6b6IgKfzEDdXb%2FcHgm4alQ9gRtGvQqngwq27PR1ZTY3v%2FDngnQ%2FWwZXb6N2EorE841o1GACoJvQOclceDIRuLL45EZon7ymJfayEloMNXF0mSAUPuHD9u0wpQT1T1KpzYew%3D%3D%7Ctkp%3ABk9SR5j49KWZZw
New Rock Women's Leather Boots Size 6,Leather,£115.10,+£4.26 delivery,12 Dec 2025,85,Pre-owned ·,https://www.ebay.co.uk/itm/127459169271?_skw=NEW+ROCK+BOOTS+PUNK&itmmeta=01KK55X7FMM3JWHN9122306ERK&hash=item1dad2893f7:g:qgoAAeSwO8tpAg1X&itmprp=enc%3AAQALAAAA0GfYFPkwiKCW4ZNSs2u11xDXRi0PHcrNjgZ9x8chPGtO%2BEuj91FBwcZiXMZm2ixJMjnDqAclHD%2BhlRwD5l%2Fjw8Px2kxGMtLn9K1Ij79n%2FFmP6NaWTC9DcpxWB5OoHz6sOxBACgVqpf0Eu2OPdcWzlmw7Rnkbb6sJ3HF5IPniqJbssGSwlWsLgeSblZMO3hmbRWSzl7qFKVnS%2BEFnZYPoFUq7nUpfcACVEOgiYTU0Sih0D6dNCcnb81y4cu3daE%2FBdB45E9p%2BPozEHhLUtEuxDUQ%3D%7Ctkp%3ABk9SR5j49KWZZw
Dr. Marten 8053 Quad Platform leather Boots. Dark Taupe Orleans. Size UK 7,Leather,£155.66,+£4.66 delivery,12 Dec 2025,85,Brand new ·,https://www.ebay.co.uk/itm/336327821689?_skw=NEW+ROCK+BOOTS+PUNK&itmmeta=01KK55X7FM7TFMCNJEEDQ0C96Q&hash=item4e4eb34979:g:aMkAAeSwMs9o8gyt&itmprp=enc%3AAQALAAAA0GfYFPkwiKCW4ZNSs2u11xADqmYs1x%2Fay3DojK5gcftNAk9q2noC%2BAun3Qvn6x4NMVG%2BxU1I8kztkQxDRfeZkv5tOHPMUiESdC2dUuLJfYZhqbvOt6QkpbqycznUUm17qQxCzjoaxx3euVqGswtyxB4slcPcbkH6zd5zdjUeqMk1XfQT4%2FepJZ5StdU0WLXZGD9RJboJ3Zchwk%2BxnmjdsDe%2Bg3y2SVyrghvkdJ4zDMMm6jMfaKs1QEbeGfBahhUSULSyaGqEhUsFVmn5sZLS8jU%3D%7Ctkp%3ABk9SR5j49KWZZw
New Rock Boots Size 5,,£104.70,+£3.38 delivery,12 Dec 2025,85,Pre-owned ·,https://www.ebay.co.uk/itm/147024806118?_skw=NEW+ROCK+BOOTS+PUNK&itmmeta=01KK55X7FMBDTYCKF07JX1VRD7&hash=item223b5c80e6:g:o1wAAeSw4cVpOuXH&itmprp=enc%3AAQALAAAA8GfYFPkwiKCW4ZNSs2u11xCEjm4jjqktA15rgarU6gdBCkhDDTYNFyRIraCiiO4I5jSRxIIqCU70CtTy69ZbUDaA%2F%2BjFSzE1FUBGc0K%2F1wmllvdns9LA8PwGSoA6WuoQJrndks4%2BbhV%2FDzMK%2B2TN50%2BsvEMSLvjF2XC7N9erxCNrGGpwGMYp3KavrGGI5hrTmm4ZxvWFmKXLfY2z8QFdN3FM6Z2x4Eu2WRyVZPBthUSgfa4LZCN6bElfEA4hI2xX82Og8V9DwKYISUkF4kJR2GZBqW2IT%2BuVxeVIUIVOg8A1CFPhNz5ZABMkf6YA2sSyxg%3D%3D%7Ctkp%3ABk9SR5j49KWZZw
New Rock Boots M-272-S2 Unisex Knee High Metallic Platform Goth Neptuno Space,,£224.99,Free delivery,12 Dec 2025,85,Brand new ·,https://www.ebay.co.uk/itm/267195875550?_skw=NEW+ROCK+BOOTS+PUNK&itmmeta=01KK55X7FM0JTDP53KXYFHEYCF&hash=item3e361d80de:g:tBgAAeSweFVn9ZC0&itmprp=enc%3AAQALAAAA0GfYFPkwiKCW4ZNSs2u11xCwM2MXcklbl9ofX4E0zzoI6IGOti%2F1ZgH2s0L8uHGVFmDUTbbRilNEqeyEj0FvY4dQcFrq1JYAUPYMPrZomSsx9pyMIq0GnmhNuzk56lds4C8TtInhx4hfltFShRIYl%2Fkxih55iRJriU45waorsl8sTYfv1H3F%2FXIPT4lZDEsGOIU7gtfhnQLKOkJumESLPf5U6sGsLpBOjGwQmYyX9u8Hbo1NuCyjdtAVn3GCuLOFZjdmUTOksmxH4vVCEWsJdbU%3D%7Ctkp%3ABk9SR5j49KWZZw
New Rock Mid Calf Leather Boots Black And Purple Goth Punk Metal Heal Size UK 7,Leather,£47.50,+£3.38 delivery,12 Dec 2025,85,Pre-owned ·,https://www.ebay.co.uk/itm/257249828929?_skw=NEW+ROCK+BOOTS+PUNK&itmmeta=01KK55X7FNWNQTE79ZNENKG9EX&hash=item3be548e041:g:1AQAAeSwaXxpNsCt&itmprp=enc%3AAQALAAAA8GfYFPkwiKCW4ZNSs2u11xBRLPgOy2tIsPuiN1LQ1dekgNYbHuZnTmrcSNDdLIlXRe%2B7kGeN1hwsS%2FqFphQPMBHQutilrG%2FPpHW%2FXSNoNFSlj%2FEYvmzThTwVqInkD4qIvK7ys9nocnXKhAz9oLUD8rNUNzD74OVDYqHX986Qpd%2FSN6EN3loTwqPIQRJ0frUcY3tkR8z7iej3ewPJY0A4LEFlp29aHrxLvaHdQyA7jyIzQq0JolTwvfS2tTkeXZoys5Lh%2BahaeQQ9LKCtsbaLdYvYhu1DFTJbux--M2tkq8wG97q61jLPUilGglpZh%2BvV3w%3D%3D%7Ctkp%3ABk9SR5j49KWZZw
New Boots And Panties,,£25.90,Free delivery,12 Dec 2025,85,Brand new,https://www.ebay.co.uk/itm/397264791700?_skw=NEW+ROCK+BOOTS+PUNK&itmmeta=01KK55X7FNTHQTG4DC1MWDV8MN&hash=item5c7ed3a894:g:hdIAAeSwF85pFw82&itmprp=enc%3AAQALAAAA0GfYFPkwiKCW4ZNSs2u11xBePqzh8A4Y0asOI6Kybq1w3kexOFrUwYRumy8ZEZsqX5d%2FyKwdquIKf5kYkYc1BBJJmQFoVtOfWIQN9Ih6Uhkky0FWDBPP2wQe4ykWkt79LbzBzvQ1hzKcY4K2CsCpApslM%2Bn7l%2B5Agb5DNLQWkqs5zhnA9oVM5ZaIAuqVW9j48yJJghPe2hEeeqBnaC5bf4H%2BONzBp8j4bPwfie1V8hKHJ9orQ7tKYyozuiLIMdPYVuukPwcEc8nX4JnBT6MtBMg%3D%7Ctkp%3ABk9SR5j49KWZZw
New Rock Malicia Black Purple Flame Mid Calf Chunky Punk Tall Boots Uk 7 Eu 41,,£129.99,Free delivery,12 Dec 2025,85,Pre-owned ·,https://www.ebay.co.uk/itm/306534901201?_skw=NEW+ROCK+BOOTS+PUNK&itmmeta=01KK55X7FNN1FMQ5YH7TPY5035&hash=item475ee765d1:g:Wm4AAeSwl~Fo44N1&itmprp=enc%3AAQALAAAA8GfYFPkwiKCW4ZNSs2u11xAT41OVtBQx13YPrMPQ5WUv0gbGri6D3i0a6ynHkp5QmzmFX2AGnqY%2B6aauRRMDVwDg3JEtM7DcnUAOQLIPgD9eOXSEQ8GigsG%2Fyb52V8ljSLgtGPArKc5Kx1LkgObzTXFXWKf1h04h5i1BLYtrmCtnN%2F38D88Fa7wwCEl3ySLXGdDhK%2FXxhDBSiv%2FZhbjNs%2Fx3YtLDfdpaDVZV3ecRQ3KqAZjI3HheXgLyclIFZOT%2FE%2FNAJ%2FB9bHLEUOFsEYB8BReDdinNwz%2FM6a5YEOjDdtZf2aod98%2BdkfIJ8SX2pnIHAg%3D%3D%7Ctkp%3ABk9SR5j49KWZZw
New Rock M-106-C169 Metallic Camouflage Gothic Platform Punk Ankle Boots,,£215.99,Free delivery,11 Dec 2025,86,Brand new ·,https://www.ebay.co.uk/itm/256865876640?_skw=NEW+ROCK+BOOTS+PUNK&itmmeta=01KK55X7FNPZEFCMRN2MNX84SC&hash=item3bce663aa0:g:ozsAAeSwOWpn3Z-z&itmprp=enc%3AAQALAAAA0GfYFPkwiKCW4ZNSs2u11xBweJEyW1ynOdVgjHP6gGG2njHtk7508AFLwPYp73cNjRaVsZ3aJtheIitoAO0h9q8aEoJv45synBdWpsNVqPRmaqMH%2Bqgn%2FmBNOdYaWI3G8dIG3qSUK8xFA4HtKMPkok%2BqfSJdQVzoXdVSMjj5SReE2aAgCWRG5sFW1Ai%2FeBgpy8N%2BtppfHtzWtXcEIbF2Fcm%2BYbRRINyucPvYYJGKn12l8TB0om3%2FI%2FZFAfTZebwSHUMIdtPKWnlPQKsL8UEX2sM%3D%7Ctkp%3ABk9SR5j49KWZZw
Dr.Martens Jadon Wednesday Limited Edition Boots - Size UK 5 - New - Boxed Rare,,£229.50,+£5.88 delivery,11 Dec 2025,86,Brand new ·,https://www.ebay.co.uk/itm/157537699785?_skw=NEW+ROCK+BOOTS+PUNK&itmmeta=01KK55X7FN8M59P5E69CVAQZYR&hash=item24adfa87c9:g:2eYAAeSwEF9pOtl2&itmprp=enc%3AAQALAAAA8GfYFPkwiKCW4ZNSs2u11xCIyumDvN8fRpxll7FASeVXCujaAoGoYFkq4kJK32wVBJVj6l97T5WPr8Ms80zweoTROkvPRBrLUzP82F6imMo8wea%2BXppIA40IgDmTltb3DMGApud84CpVhVaXVQuO5D7roqM7UUpMxlqOuqkGMNtO8N8BJf%2Ba3DUAuu8qWKQGqNUGZYGDNjhTifylD5psMoxyLI7d0VnS9dPmc%2BysI5QAEBay1xh6bb4cWNwWgglI6Wv6TkXuhyBfVIMWI3uGkYlE455aT70JW9xL2uDslg%2Fm%2Bojfq3POssijzAYF0Uzhiw%3D%3D%7Ctkp%3ABk9SR5j49KWZZw
Dr. Martens 8053 Quad Orleans Platform Shoes. Size 6 UK. New. Dark taupe,,£151.50,+£4.66 delivery,11 Dec 2025,86,Brand new ·,https://www.ebay.co.uk/itm/336253718145?_skw=NEW+ROCK+BOOTS+PUNK&itmmeta=01KK55X7FNJMQVPTV18B6248HA&hash=item4e4a488e81:g:MocAAeSwI2RpF41m&itmprp=enc%3AAQALAAAA0GfYFPkwiKCW4ZNSs2u11xDFcQkcp2BAcyN9OrteMpGsETpLd67AQ%2BJ7En%2Fw2fNuq4lTaBuktpudpHVoJsa6Kmb9jS3BN7o1%2Bunq%2BF8K8RSSor5SBeTIf2GhBHDS8qYqZFF8cP4S%2FA%2F9yhurWXdgAvGCLu32GjnT1Op6t6lFCF3Qbo4i2NZZE%2B2HKb2VlCs2zHVzFmZzzR9Rzd8FgQY1eLonnOZp5%2Bg67TIandIvDOBAxrCPHpfeBk8LxS4%2F%2Bx7ZbCzjcqteZR4goq%2FkCC%2FTN88%3D%7Ctkp%3ABk9SR5j49KWZZw
NEW ROCK M.7950-S1 Black Ankle Boots Western Goth Strap Skull Stud Metal UK 8.5,,£149.99,+£5.99 delivery,11 Dec 2025,86,Pre-owned ·,https://www.ebay.co.uk/itm/277389121257?_skw=NEW+ROCK+BOOTS+PUNK&itmmeta=01KK55X7FNJEKARBFM9VJFWCWR&hash=item4095ae16e9:g:RUUAAeSwLihoyqaT&itmprp=enc%3AAQALAAAA0GfYFPkwiKCW4ZNSs2u11xBWLbgS4Xf8zG3m5PaLPR41uTmEyKEPeuEN5ryheVkDiw7Su%2B%2BamRXoSeokZBSa8O3PMoyS9K2G44Mrg%2FnhNPpDcby%2Fhu2wQtXnZGvAwd8kwSvFWGFt2zumKJbAHiJWv1P%2FthagibPnnWKfhLbrrHRzH2X%2F3n0Zqk1zRSpRnNs5UAvpsAbeXyR6eTIsAnYCawz4OW6euE%2BKsCssIjIyiA8EG0acVjYNm92pnjbNHMj5hc9rOUVgYgB3l1ReAVcfuWM%3D%7Ctkp%3ABk9SR5j49KWZZw
New Rock Tower Tank Brown Leather Chunky Platform Leather Punk Boots Uk 7 Eu 41,Leather,£129.99,Free delivery,10 Dec 2025,87,Pre-owned ·,https://www.ebay.co.uk/itm/306540657337?_skw=NEW+ROCK+BOOTS+PUNK&itmmeta=01KK55X7FN29CGRVV6YX7MGX1G&hash=item475f3f3ab9:g:Q-oAAeSwEGZo58Og&itmprp=enc%3AAQALAAAA0GfYFPkwiKCW4ZNSs2u11xA80ta8E693vYfym4Vwxr4%2BS6sUKwJn7TqyCAPZweaWdBOmzHSw%2BAAA1K6nkkvGbBa0YFCPLxGdbNdot2dPJdL3Pk1u%2F%2BYtXagwEAbGC2hXIYw3B%2BSdH1Cbgu3WzeJr1XkUA%2BP0YK6Qew56Le3Ab%2FB68w7CS4Be40L07MxmSJXiTL6%2BYowC%2BkjC%2Bw1iFzbSZOTNxDpQUhiBYg0r9jH8jT%2Brsu7oUsqR6xGkUFdaxlEhxw64mBm6oNdx5TprYZv5U68%3D%7Ctkp%3ABk9SR5j49KWZZw
New Rock Block-heel In Metal-look Unisex Platform Boots in Black - 5 UK,,£172.34,Free delivery,10 Dec 2025,87,Brand new ·,https://www.ebay.co.uk/itm/197126030553?_skw=NEW+ROCK+BOOTS+PUNK&itmmeta=01KK55X7FNJ6VAAYR67MP8NVBB&hash=item2de5a084d9:g:i60AAeSwpFhn2qIA&itmprp=enc%3AAQALAAAA8GfYFPkwiKCW4ZNSs2u11xDbH3DU%2BpOW4ahrKqvO4FONWfcib1Aj%2B1WDpK0CfqyUmC3MrO%2B5L0Evk%2FUC%2FFmIXU3VppWJBIe2d8zCyeqIcUiRAS8WJw1t46SBpod%2BS%2F1ySliLL%2BgVN%2FR6tvfxLKil0Eq3FqrZO4C1EYJX4VLknik%2BkZd6HzY2M8PPVPBNcXefArGj79p6yo88zuRqKRiLvXskVi5mnDqytwdTuiJHyMNZTq50B%2BsxLsC8zpYW28H9vOCrp5kavckMBv%2FzXIajYRJUNvLmZehMQgf5LfBHliBAvz6H3lDJ0yY4mZHQvqUs6Q%3D%3D%7Ctkp%3ABk9SR5r49KWZZw
New Rock 391-S1 Unisex Black Boots Metallic Reactor Goth Punk Rock Biker Boots,Biker,£219.99,Free delivery,10 Dec 2025,87,Brand new ·,https://www.ebay.co.uk/itm/255313301949?_skw=NEW+ROCK+BOOTS+PUNK&itmmeta=01KK55X7FN73AFEK8W5M97AB2Y&hash=item3b71dbd1bd:g:TnIAAOSw-W5h1DsC&itmprp=enc%3AAQALAAAA8GfYFPkwiKCW4ZNSs2u11xCJzcgGrc9XwgFFYJMRgYsZ0PJPaGJeTrILbR5ejyEeeBSKDRDRdq4jBXBNRzSv0gHAF6UT0%2FK9msjztFwvTDjUX8rLWmkj9emoYyLIztqCl1usfsZa3OFcLRNOGrEfUpZ8fKlQLa1aOYUV7gOsXuSs43OmwUp%2FrSldSO9FSFqr4IRqbwg8WxmgtdekTRJgrI1h9%2B%2FeUIjnxI%2Bqb5WF7bXfqD2FbpToKDFMWAFnaH2P0iR84ldlfW8JC01IbVKjy7i9x4TRnt1cEZHRk9lCv4J%2BH%2BelAMzsnX%2F9YidsjOpC6g%3D%3D%7Ctkp%3ABk9SR5r49KWZZw
Dr Martens Aimilita UK7 EUR41 Fur Lined Brown Leather Boots fold over leather BN,Leather,£96.38,+£3.71 delivery,10 Dec 2025,87,New (other) ·,https://www.ebay.co.uk/itm/187822047835?_skw=NEW+ROCK+BOOTS+PUNK&itmmeta=01KK55X7FNYG6EZQ35YE98V1BF&hash=item2bbb11025b:g:RsQAAeSwzBhpNpfF&itmprp=enc%3AAQALAAAA8GfYFPkwiKCW4ZNSs2u11xArle7Q7%2Fn7Cw32S41KY6rkjK3U14%2B6QrRTNPefCuf7367FxLgvZq6WyMQhxdwgiZ4ULydnNUCPiMq7fLSzZTDn%2BzMDfnj%2FcR0WyajjTrsV%2FgU692rhhRnwZY%2BeL22IJHVhrAqq5DdfLx%2BTLjuzp9CasTAkaKpzkCVO1syJVgFTb%2BLywlXT3IjiQkARhr1UCFuczT4dRRimLEUawFKlus9xWIzRCrskla%2FXDzfxSXmxyb3bY3rxwYmcVzenwc4nls9kJd0zMlYCjKKCv2Z5X83mDfHud2ZYYFP5rJjB%2F1DH%2Bg%3D%3D%7Ctkp%3ABk9SR5r49KWZZw
New Rock Boots WALL106-S10 Unisex Metallic Black Leather Platform Gothic Boots,Leather,£135.90,,10 Dec 2025,87,Pre-owned ·,https://www.ebay.co.uk/itm/397251555109?_skw=NEW+ROCK+BOOTS+PUNK&itmmeta=01KK55X7FN23GD0MWARREN8NRA&hash=item5c7e09af25:g:mxMAAeSwb81pEz9k&itmprp=enc%3AAQALAAAA0GfYFPkwiKCW4ZNSs2u11xCJs%2Bf6mEVVLsdoc3an3oSqZ3O9bV6dD6iumM8e2S4L4hm0M%2BGo3Ihc0iPYT1qX%2Br%2Fo2DF1EUrwGGsPc0Xk92sXmzgr9rU%2BQHDvI8EnEOvLT%2FiLG30rfnujab9%2BWKdt9G7SVdvBL5i6RFO4AAZWiCPNmvsR2RRY8yb1qLmRZbQwzdNEHIX3cfIpo5Bv2CmvlhqbbWuquvkItNc5comJOIw438wAWBuCduTjbdtP1QJukmlNcoiKm0dm1XNya7QeMqo%3D%7Ctkp%3ABk9SR5r49KWZZw
NEW ROCK 106N-S52 TOWER SHOES Metallic Black Leather Biker Punk Gothic Boots,Leather,£175.49,Free delivery,10 Dec 2025,87,Brand new ·,https://www.ebay.co.uk/itm/233449727589?_skw=NEW+ROCK+BOOTS+PUNK&itmmeta=01KK55X7FN2DQ52GRX6PT2FEPZ&hash=item365ab02665:g:cRYAAOSwh-JeHcRf&itmprp=enc%3AAQALAAAA8GfYFPkwiKCW4ZNSs2u11xAeS9UFnZ4Z0JHImv4v4ldGJPvSYVB%2FeDOk3mRgnXjxWqAq3w5jyqiVSMWkM%2B07OUxZRtRl1S7dCdoPTgibq9wHcC7PSTVufodxRgQYE4JtZzfGq7Yvrcl50cQcefFXWnGaUrbjzK0QbZMv%2FecjKTIlzlNkZQHZdquVE1znMPrQtKS%2Fg5%2BwFDzNiKBV9881nkd9tzO4fJtjTcfY8dxED6A8NP9fCLWH1QicjJQqFo%2B4PaaSklh70ikmrNZO7p2sqj46Z%2BqMv701V51JKbNZGkKgn5PCXuUfEo4Zbr7lRXfXgQ%3D%3D%7Ctkp%3ABk9SR5r49KWZZw
New Rock M-272-C69 Metallic White Goth Knee High Zi Punk Buckle Boots,,£279.99,Free delivery,10 Dec 2025,87,Brand new ·,https://www.ebay.co.uk/itm/256865621430?_skw=NEW+ROCK+BOOTS+PUNK&itmmeta=01KK55X7FPC9EX8NFMWCXSB55J&hash=item3bce6255b6:g:rqwAAeSw9oxn3Vcw&itmprp=enc%3AAQALAAAA8GfYFPkwiKCW4ZNSs2u11xDt53b8SZvSFtlJLGBeWrfFjCH%2FupjjhN%2FsB4c%2F89HEhGoTR0DcA76lkPpnDliX1q%2Frb1nlSc8UYwFEwuTXnG9FC%2BJD%2BD4c2jnbVtTCA%2F4goQnSK%2BWVIX9LMu%2FkdpY6pD%2BeGuqAj4SJp5nX906it4MtxJgubGN%2Ftol2bO2QsIGR5u3cr%2BA20LF0GpCMQOaKUUukIDbFfm1hXkNzvv5VrdHK%2FRYkkRRNtFil%2BGvGplihHVsp5h%2B3fJ8uwPCGMUUgTjVhPrLyakve3%2FuDOk1opaFECYiM1csGZJylCK1LBSGK8Q%3D%3D%7Ctkp%3ABk9SR5r49KWZZw
New rock flame shoes boots - punk boots uk11 eu46,,£52.70,+£3.38 delivery,10 Dec 2025,87,Pre-owned ·,https://www.ebay.co.uk/itm/376763389019?_skw=NEW+ROCK+BOOTS+PUNK&itmmeta=01KK55X7FPG3TKHVMWPT78MPKY&hash=item57b8d9145b:g:LVgAAeSwIJ9pNveP&itmprp=enc%3AAQALAAAA8GfYFPkwiKCW4ZNSs2u11xB0B2BeRQ3%2BJQLKQtjQFFmCoM4CHtLzZXG5FwLetVmQFinFoMsKJ9GnH1ltNinQdtTseUhI2%2BG3g%2BPOYd5ZwCvVGjj36rQGp7pvaeRNXNY0sXMOMbjxKNj5k%2FfkQi8pRwIUvpAVnLqvgdO0AtZINqbmiWVsqWhQGaFHNbMoINIDfPB%2BBwnBYq8iX887XUnNwgX1f56AmMepTadv4ALqObdQUM641oWDJM40zEJGjsrsGWlgKOWsW1bLlDTSLBrQFim2eUZCUyolI4Q6h%2BYOy4H4oy1txFWacsjolrt1i6EnvQ%3D%3D%7Ctkp%3ABk9SR5r49KWZZw
New Rock Reactor Punk Rock Boots Eur 38 UK 5,,£80.00,+£8.00 delivery,10 Dec 2025,87,Pre-owned ·,https://www.ebay.co.uk/itm/267505294843?_skw=NEW+ROCK+BOOTS+PUNK&itmmeta=01KK55X7FPMJV0X4NZZC742TX5&hash=item3e488eddfb:g:JiwAAeSwvBtpNvNq&itmprp=enc%3AAQALAAAA8GfYFPkwiKCW4ZNSs2u11xCbgCY8b7L8m3gFODyUMAuH3t%2FCmb4Jz5SmDc70jm2lnSqmNUw5aj%2B1YDvjC0Kt%2BKf1xP0Iy5XnXL1v0dRiB%2F1BFeabQ6yEdX8YaDJaaf7xP53P%2BbfqbmOBxNkMbgkLv0FVO2Jh8cKxyNF9hr8IIAaCBZ7RkCjmpfGpXfb3UMQ%2F5Ip8WX%2FdwufmtFGJcCQ%2FThXUYfCXbCjwCFP%2FxxPAtnKTKX5v3VtjwDyqOL1EwDlCRn3oTvasSwiuxlnemH3GsLdpiYLOJunKshJ2%2Bpnk%2FNGDE%2By83anSHkJozCazRX0S9Q%3D%3D%7Ctkp%3ABk9SR5r49KWZZw
ian dury new boots and panties vinyl Includes Sex And Drugs And Rock And Roll,,£16.15,+£5.00 delivery,10 Dec 2025,87,Pre-owned,https://www.ebay.co.uk/itm/235678069472?_skw=NEW+ROCK+BOOTS+PUNK&itmmeta=01KK55X7FPKV9KZ8A6VQNKENKY&hash=item36df81f2e0:g:M2AAAOSwqxdmq9AE&itmprp=enc%3AAQALAAAA0GfYFPkwiKCW4ZNSs2u11xBpECuX1RxrHH%2BW%2FFaj--f4H1CbIqppXPLJpP1Q0iCFqiNiPmZf8bl6H9Ikdl3Civ99M7CqoRMyM%2F9WVdt0976t1%2Bmk4dcG8UYWGzpvYSH9KMVF8Mv%2FXPyMKWlPnZSedqW44yuicWD58NSkluY206RYzAa%2Bne8sinLlTUkxSWdANsXo9wF%2BuG4vr3Kiq6441FbwrXkBBhUndDbFcuUIyx%2BmpjFmWSeTPABPUpy3%2BIoBmckHunbLgcXsgI3%2F06pqOsU%3D%7Ctkp%3ABk9SR5r49KWZZw
New Rock M-373-S4 Metallic Boots Black 100% Leather. size EU 41 UK 7,Leather,£104.70,+£5.21 delivery,10 Dec 2025,87,Brand new ·,https://www.ebay.co.uk/itm/167975855007?_skw=NEW+ROCK+BOOTS+PUNK&itmmeta=01KK55X7FPM5TX005YP5X6FSYP&hash=item271c24239f:g:ElIAAeSwFk9oio7z&itmprp=enc%3AAQALAAAA8GfYFPkwiKCW4ZNSs2u11xB8ijAQzPQci0s0QJZwLJ9dan2GGkv4qvestegn25DmoWFagnz3z0z6XrYMdtcyf8Sps3PBmuQmZrcYmKKn9K9CnRKqiLuOTcIXrrhDIk4%2FzNK5AtyxbuvQgvhIWHmpgICCQxQ%2Bwp45YlvwJXMO%2BHhbwwVPpZ5QbpZBg%2BC0HbVjd83ddIsVC6WkLBi9rnH1e7WXKaLcgBz%2BVOnEE2RQH2I%2BJdalSH2ew9X%2F%2BverzmDxVhnNw5CW1%2BRlPl4Ut%2B8iT8GB%2BoFyLEpYv08wvrZUgqLgfHwalu%2BdXfraV5NwoC3Ocg%3D%3D%7Ctkp%3ABk9SR5r49KWZZw
New Rock Mid Calf Boots 41 Size 7,,£104.70,+£5.21 delivery,10 Dec 2025,87,Pre-owned ·,https://www.ebay.co.uk/itm/277470583949?_skw=NEW+ROCK+BOOTS+PUNK&itmmeta=01KK55X7FPNG3REXAQVZARN7NE&hash=item409a891c8d:g:EPQAAeSwAXppAJmv&itmprp=enc%3AAQALAAAA8GfYFPkwiKCW4ZNSs2u11xAWBZbmA7jwi9YbIaTW4Qlk6zjVMh%2Fp0OALNJ5bLVCID%2FsXXmlFijTwuSmmp4xK4%2BzZgmUODKcR%2F12JtNzqujtF1tszezp6xOsuZu3V7NHYbg3G8bDjpxRCoWD4qjWqvaWKdDRjKUdmp0T%2B%2Bu24KXcONZAL%2F9nsKpOdH%2FJIgkUaPu6sEaet80pyu%2BaAGftoeoliey6kG89%2BhW%2FZsnmxCrro5kPhP6X%2F3d0Fw7zFDBB2m%2BSBj5nIpueF6%2Fwredux1ECprYlzlCs1rHWGY4UnS%2FuiLl0Qlrby2jFlKTda4sVFCg%3D%3D%7Ctkp%3ABk9SR5r49KWZZw
New Rock Reactor Black Leather Mid-Calf Goth Punk Boots UK 7 EU 41,Leather,£135.90,+£7.27 delivery,9 Dec 2025,88,Pre-owned ·,https://www.ebay.co.uk/itm/177494173259?_skw=NEW+ROCK+BOOTS+PUNK&itmmeta=01KK55X7FPEA3J9V1TSH755PKX&hash=item29537a264b:g:lF4AAeSwXChorMQs&itmprp=enc%3AAQALAAAA8GfYFPkwiKCW4ZNSs2u11xAvKJlTlf%2F82RUKCAUlbQBDmgaAsrv11%2BxL1lUlIPVPaRIvqQlJK%2Bz7Q8lx8P3hwLRzPOejuokRyucwI9FOifG4Qs9EcipR2%2FGInmg9o7M%2F%2BWr5zd%2F5M2RzbVqZVPxvaYjTcPT2Jp%2B9h6m9Q9CLG5URCAYLtxjRXS1xZ6kqXeb%2F6HYRoxgDEpUgYgN%2F3kWA4vDXkAuHbLOq7JBen5IxsxvmXC1u94%2BZNpyxrDWokPGYopM1epXMibmjJcm4YOe5V6i%2BH3YWyPWuO%2F1drT6WCC9Z0dlZIptu2QnWVoR9CFs0YA%3D%3D%7Ctkp%3ABk9SR5r49KWZZw
Womens Girls Lace Up Canvas Knee High Trainers Boots Punk Rock Dance Shoes New,,£28.28,Free delivery,9 Dec 2025,88,New (other) ·,https://www.ebay.co.uk/itm/186671580197?_skw=NEW+ROCK+BOOTS+PUNK&itmmeta=01KK55X7FPCB8F5GQ9Z8TJQ9XA&hash=item2b767e4425:g:n1cAAOSwX75mn492&itmprp=enc%3AAQALAAAA8GfYFPkwiKCW4ZNSs2u11xCLYXWOUfwVAenZ0pFoQKYFXVyx%2BA1hlb1L2z%2B%2FVa0v5NMQks42Xw%2BfJH0pqv1Wf1sSHc%2BATHgd0DpWiLn00%2Bg7mPutWheTppwKFQdp3bhIkhN8KuEJaNgZ83mah6QkU%2FLpfS0LjQ4RmWbFcOE7kifPImiMcYWr957bV7wLj%2BLVRbxeKwVQ1h3PLIYyDydXsO3LgR1QTQWf9U7izmwiHugH71kHZ%2FJhz%2F5QIy7tVDEsYg5fNJafRSzEsz6V0SEFWJRf3ekwF0Xc%2Fabo4scsXQ4wr9gyDP5mR82oP9ajcBQUyw%3D%3D%7Ctkp%3ABk9SR5r49KWZZw
NEW ROCK 106N-S8 PLATFORM SHOES Metallic White Leather Biker Punk Gothic Boots,Leather,£175.49,Free delivery,9 Dec 2025,88,Brand new ·,https://www.ebay.co.uk/itm/312917398005?_skw=NEW+ROCK+BOOTS+PUNK&itmmeta=01KK55X7FPRY7A5S7NV0WJQ73Y&hash=item48db5491f5:g:8loAAOSwfhVeHcSt&itmprp=enc%3AAQALAAAA8GfYFPkwiKCW4ZNSs2u11xAs498xtmQSL0DL1g92wv4%2FGl9nzycAgJKmx5QekA6VdUMIhWWokUtz7hwWESiG%2FHHtYGjcm8n5bpcK76TkhFRQ3J6APqMgF--UUPI6aqErm9omntjMEqxywalDsyxD9z0HS31JgmUUgfVwxv%2BWCmXXWPWC4eMoHY10SSCZj6vFAqvQ1E8ISeWJFZ2QXq3sggpKBuY41kyqeXj%2FU1xxGTlmMaY26qNKMSACxge24xJbx35WJO2iCgR6B30aHLEDzc%2BlI20ZwrDeGJBCGW78%2Bnpj6YCcb0441Ji2CHdb6Y3vpQ%3D%3D%7Ctkp%3ABk9SR5r49KWZZw
New Rock M.NEWMILI083CCT Chunky Platform Punk Rock Leather Boots Uk 6.5 Eu 40,Leather,£159.99,Free delivery,9 Dec 2025,88,Pre-owned ·,https://www.ebay.co.uk/itm/306642491018?_skw=NEW+ROCK+BOOTS+PUNK&itmmeta=01KK55X7FPZV9K8Z1J9HTWKMYP&hash=item476551168a:g:ZOkAAeSw5VFpMU5S&itmprp=enc%3AAQALAAAA8GfYFPkwiKCW4ZNSs2u11xA6qK%2FX7pTZIQfy1JS2QCZf68jjQD58MVG%2B7rXm2XL97ztcXJasZ3c5p9Wt9K6QE4x8VEoGTCC81AY0KZmhs4ap%2B8Pfvq8FkLMyJC1RQVSNK7D7xTNUNbijqZFzgMp2bBQ136ApnBUT7VsUFutCWB7Az0h%2FluivSo2PlGHJXSWHpqOThnmJIaMyDzbj%2FwIBXYMGAjCL%2BvkDQpgKZ1zHc9j7xd0w4lbuYbEkewD8atK0J9Lun1fsR%2F290aLcJ2Jy7nNAiAqMhyzJ%2FECDZcgyA7zguvMAZtjO%2BR8Bhh6nYFkULA%3D%3D%7Ctkp%3ABk9SR5r49KWZZw
Dr. Martens Black 1460 Leather Boots . 1460 8-Hole UK9 New with Box,Leather,£115.10,+£4.48 delivery,9 Dec 2025,88,Brand new ·,https://www.ebay.co.uk/itm/326895565334?_skw=NEW+ROCK+BOOTS+PUNK&itmmeta=01KK55X7FP1GKHVB6MHX2ZWX6F&hash=item4c1c7e7a16:g:sYYAAeSwzm5pLv8X&itmprp=enc%3AAQALAAAA8GfYFPkwiKCW4ZNSs2u11xAzecB1EiCyxyqkuJUap%2FK2GEmWcJ%2BJsC%2FYJq3BIWr2UBNcm5ErgdZITXfFHE7W%2FVT2FtFymbM5NLCuwvhHBwwoBrMXs54Ogxy%2BHXq2aVce7shLlD9eyCptc638Yz%2F%2BUzlbjhWXOaYTrm5tuTu%2BLMWYgGN5UnqAoF%2BxhkzrFcfxmkuo%2FXQGv5OUanNvZ8lAve0htceXkP22aPEt2vg5Ceiv3wJ71ZwK7fHGPmI92loromzLaw1TmUZj0HICGAUBdNxx22NFqmen%2BDScw57QBS5z6Ap22ozxfj5siC1OC6O%2FZA%3D%3D%7Ctkp%3ABk9SR5z49KWZZw
New Rock Ladies Boots Leather Burgundy Zip UK 6.5 EU 40,Leather,£90.00,+£8.39 delivery,9 Dec 2025,88,Pre-owned ·,https://www.ebay.co.uk/itm/397346921918?_skw=NEW+ROCK+BOOTS+PUNK&itmmeta=01KK55X7FQD852PY9X78H9K9G4&hash=item5c83b8ddbe:g:bosAAeSwHmJpLq-R&itmprp=enc%3AAQALAAAA0GfYFPkwiKCW4ZNSs2u11xBwqWxitLnMmNpwFisG444tWIjnR1T50QnpmW1ZhUBVOBnDmT0UP7KA0ix85%2F37yvo3LIayp9qQpIPijLhVJozZ1TqPvDvventmYUWb7qtiBtqTxM6%2B2lBdoC1hduv%2BebMNwd%2BvwNdRoHzbzX5monXgB1N1nOt8l%2F%2BP6cD%2BnKS50urW7on5z1JiL2lO%2FNQXrG8TQP5gJlzZ4ve2egrNw4mvyDLf9EUVIgkWewrhj7%2FuYsoV6AbjMeHS2p7Dr43ddwk%3D%7Ctkp%3ABk9SR5z49KWZZw
New Rock Reactor Black Leather Boots EU 42/Uk 8 Excellent Condition,Leather,£166.06,+£5.88 delivery,9 Dec 2025,88,Pre-owned ·,https://www.ebay.co.uk/itm/297818823537?_skw=NEW+ROCK+BOOTS+PUNK&itmmeta=01KK55X7FQ6FY0PQ1ERNGP5PA1&hash=item4557629b71:g:GF0AAeSwFy1pKL0p&itmprp=enc%3AAQALAAAA0GfYFPkwiKCW4ZNSs2u11xAevgw6DDY8TYuPSLDCQKhF2l%2FEhzxoeD1fKIAD50UEQXomvchrahcfMR%2FXtg0CGUh9EbG0IFfylCS9KKgmQeE4ty2cfeoSCSOWelzEkJ3lsDS3hMYI27vQ08HGMbbpVBj%2BDHuwqMxO55%2FpK7SPE9Ig4MTvF7a0FaQQhiJgSbXNtfkayJA1jIzfCEEGz9HKDT2APnA9%2B%2B37jffSl7mnfGlCnsU%2F3FSGLbrUox6qTOCHTg1tpCMeOsNFxT--RsNp%2Fqs%3D%7Ctkp%3ABk9SR5z49KWZZw
Dr Martens Antique Pull Up 1460 HDW black Size 6 1/2,,£104.70,Free delivery,9 Dec 2025,88,Brand new ·,https://www.ebay.co.uk/itm/406366735087?_skw=NEW+ROCK+BOOTS+PUNK&itmmeta=01KK55X7FQATQPFVWWK8ZS4N30&hash=item5e9d584aef:g:TEAAAeSw9QppEObf&itmprp=enc%3AAQALAAAA0GfYFPkwiKCW4ZNSs2u11xBeXbp8FuIT28In8mxGSSwn3B3kqSE2SJq7JrpzlvSvc3rERaj5g8qVcbTP%2BNIBllAJWwHWDdPQPJOKBKCc4THkRNF7Y2qtWDUf3itXo4FC8QFQQUSZdcSKFg6hEN4KnkwzIPoNN6DPcMX1BFlQR3h2faSgrh76AZni4rgE6Gm5EogtLpKHl3ptiCgABW5xwIbOCoSqzZ06sNTgyPlmltLqbHeDQQVnarkMZ0AMZ0WevnLCM2aFHEp681vVyjMfDKw%3D%7Ctkp%3ABk9SR5z49KWZZw
Ian Dury - New Boots and Panties!! (2006) CD Near mint disc,,£3.31,+£2.70 delivery,9 Dec 2025,88,Pre-owned,https://www.ebay.co.uk/itm/205858535846?_skw=NEW+ROCK+BOOTS+PUNK&epid=59470937&itmmeta=01KK55X7FQHA59AE9909YVKHBS&hash=item2fee1ff9a6:g:XToAAeSwiz9pHVsG&itmprp=enc%3AAQALAAAA8GfYFPkwiKCW4ZNSs2u11xC4kxtyx5%2FRriBG0sZLZsHULRFpjdQAFlu0LwP4RmPClGmkUNkjfLwJaJDX2MFtNOkV9c3NcWL0Rk22KZqPwVHL%2BoIJ37mYkywbEAp81ZsLQ0yJb%2Bg4M2iRvCcjcx6tEUffIaD1%2FA5dOoAun5R%2BcG6dbbVytJZTsnnma9mSNjyydTLl0x7SX%2FzcJBMn4gQqigSAi2DtNC0h%2FipHalhwSsjof%2BPzZc1vmKsnAIzZb3sttJHuVFzr%2FDkS6PqObinMZAyoF%2FB3WwnRELsLUotN2x%2FgsEntmnP0NPldXW4JG9NgLw%3D%3D%7Ctkp%3ABk9SR5z49KWZZw
Dr Martens X Rick Owens size 8 UK Bex Brand new no box army combat boots 🖤,,£52.70,+£4.06 delivery,9 Dec 2025,88,New (other) ·,https://www.ebay.co.uk/itm/357978390367?_skw=NEW+ROCK+BOOTS+PUNK&itmmeta=01KK55X7FQ4V9D18SAC9WZPTMW&hash=item53592cbf5f:g:IqEAAeSws41pJZtx&itmprp=enc%3AAQALAAAA8GfYFPkwiKCW4ZNSs2u11xBxZ6QI7xX3Z%2FbDnJES85%2FS2aDq28Z%2FcksQjJo72%2F4htPbC0N6z0h7GEyoZi0tSDq9ir3%2FNfAtFPsKTMbSJ%2BBIZ78W54Gt3EKxhJeU8C73rt96wPIxA4SmJlK5Be8rKOqpNVc8HY1zhORolvh1FwJ7v%2FK1pKAqhWI3L65TwTYd8xjXFzxenp02dAIr5lpRrCkZgo%2BVAUSIaHmQsMCTzLEnpw0c0nhwprbvHNp2odO%2F1RttcAg1WVYHZ%2F94OuqhEkJeGPrD4MJSOYLwUqs3io0Lrs%2F4Ne55Vdk074nzUhsmfWw%3D%3D%7Ctkp%3ABk9SR5z49KWZZw
Buckle Boots Black Patent PU Zip & Lace Kinky Fetish BDSM Sexy Sadie UK 5 EU 38,,£29.99,delivery in 2-3 days,9 Dec 2025,88,Brand new ·,https://www.ebay.co.uk/itm/317626472583?_skw=NEW+ROCK+BOOTS+PUNK&itmmeta=01KK55X7FQEE26GPHAJH7XRYD4&hash=item49f4035887:g:q2cAAeSwxMFpMpaU&itmprp=enc%3AAQALAAAA8GfYFPkwiKCW4ZNSs2u11xB8qRfWUXrk9x67TbNHE3v7ESwdPusj0gOAIRSnjt2qixtu7qSAmZK6RknU%2BMgkx12X6gDfmeym0t6W4Nsz%2Bi4Eqx0z6Nl9Ajw5qgRmrIYJokiZomMQgQfkJjFy%2FaS7ntMSRBiQ%2Fx9Ydo%2B07U0ESkuDlI6QzePAyaH4Ihp528jxbOjMjs%2BNkiGuaWs0z3ubITifYyu9Em8brFHuWbgKOAvlV%2BnLHmBuR0vUB86E4DB1eoBTLqdVAOcWewOh3O%2F8O%2BsTuK%2Fvo66CGm4JFoFrdEvPCVy08pj%2F7sTrT9eAYRINmA%3D%3D%7Ctkp%3ABk9SR5z49KWZZw
New Rock Size 5 black Womens Heeled Steampunks or punk Boots,,£120.59,+£4.26 delivery,9 Dec 2025,88,Pre-owned ·,https://www.ebay.co.uk/itm/127542591648?_skw=NEW+ROCK+BOOTS+PUNK&itmmeta=01KK55X7FQZM6A5WRCAKJR2MWE&hash=item1db22180a0:g:Ug0AAeSwm6tpMaFI&itmprp=enc%3AAQALAAAA8GfYFPkwiKCW4ZNSs2u11xACFPIJb2lPyhJHAr9kLa19vrZybE6Feu7EPY7qNBYxz%2BLtwsaA9RUHgIPv7uOq7CdKSTocqE3fnvCvX6XaAOQkCju0X3d6jhifzmRCfClDq6FtwsWmAxQ3pq3eLzcH6g%2BxMGve2j2%2F5TdnxPbDy1Mnl35%2BILi8gJ9Ea3xR5kyQwTXIJJKGjZvJVwpDqjLOBDuSrpcTgrWLP5yZQbySruF50eIXlJC9GbQ0cSJWmN2XXgSBhqE18vzOwGNgPtJuKIQZ6c2P0pW7eF%2FolDDjhGuXq3H2U5qt1USeU4ecpArMIg%3D%3D%7Ctkp%3ABk9SR5z49KWZZw
Cipriata Ladies Biker Boots Mid Calf Warm Lined Buckle Thermal Faux Fur Womens,Biker,£34.15,Free delivery,9 Dec 2025,88,Brand new ·,https://www.ebay.co.uk/itm/317158278180?_skw=NEW+ROCK+BOOTS+PUNK&itmmeta=01KK55X7FQVPNA8ERTVS28WY4Q&hash=item49d81b4424:g:7CoAAeSwYdNoledb&itmprp=enc%3AAQALAAAA0GfYFPkwiKCW4ZNSs2u11xC7B2jk5n1VpBsk7Aiwcc2RTFkhB9vmmlam30XW7ZKoPH5FWTg51duzxuxj%2BSUn6jmoYOVXbvmBi4TbxtgKOi4kP44aNmhsexti0di50fyykFpzlHPkgyCtWX1%2BCq1F%2BLQ1vqbOrEnIFirUBvvgoY6AnzysVtELvImYiGSUtPKxw3X7Ch%2FcCJ7zZKNFZm7uV1eEicPVYWOoRF4S4w2R1CsVwKR3Xgi21QaFMKVmNkDFbT53vU0zXdn1Sq3bOXvwTs0%3D%7Ctkp%3ABk9SR5z49KWZZw
Shop on eBay,,$20.00,,,,Brand New,https://ebay.com/itm/123456?itmmeta=012DEW30YG0MEEKND7NH&hash=item123546:g:acwAA9KNiJowH:sc:ShippingMethodStandard!95008!US!-1&itmprp=enc%3AbgepL1tlUHjMGCVfSTGJh%2BzsVKeJ3CQk7NizDI4BZeppuFnmyS6Ijyp8lh%2FnEw%2BWqO7uTV1Q6izE1R0T54aV8j71F4xlWfVcGft4%2FiOQhtqVXA1rW6M1atPARQRmhqUxtEPJKhKtSFgI%2Bvwlzb0GwVCtkp%3ABlBMUObkmabpYw
Shop on eBay,,$20.00,,,,Brand New,https://ebay.com/itm/123456?itmmeta=012DEW30YG0MEEKND7NH&hash=item123546:g:acwAA9KNiJowH:sc:ShippingMethodStandard!95008!US!-1&itmprp=enc%3AbgepL1tlUHjMGCVfSTGJh%2BzsVKeJ3CQk7NizDI4BZeppuFnmyS6Ijyp8lh%2FnEw%2BWqO7uTV1Q6izE1R0T54aV8j71F4xlWfVcGft4%2FiOQhtqVXA1rW6M1atPARQRmhqUxtEPJKhKtSFgI%2Bvwlzb0GwVCtkp%3ABlBMUObkmabpYw
New Rock Boots 391T-S1 Unisex Tartan Metallic Black Leather Platform Goth Boot,Leather,£219.99,Free delivery,8 Dec 2025,89,Brand new ·,https://www.ebay.co.uk/itm/255585415311?_skw=NEW+ROCK+BOOTS+PUNK&itmmeta=01KK55XE7143BEJ6JBAN3H4SYX&hash=item3b8213f08f:g:BfUAAOSwDINiqzaC&itmprp=enc%3AAQALAAAA8GfYFPkwiKCW4ZNSs2u11xCGrUII7wbTabKYKuE%2Bf2MVzsScTpqW5JKLiXBd9rHkuKvV4SqcKdXfOjHGEb%2BfcOOA77VZm8bcYRMvldVkDgO4k7ZLbgItmtEiCq3x7kSztmQq3ZFrdFiJ728%2BxyQ1jkhm81uIxCvnjaTOLgdV5VoeFWbff8W6xNtEPVJ59RfEGTXKI4Q2%2BcKTVaBd69rsTu%2ByUOPO77uhPM38e4ykLvXUt8bKsZtYMhQSTuwqTgcULaesKfRWYBTWxe4MbgzmgKNbxgPzod%2FbU1IvvNVjMSq2DgGjbRhmnE2F%2BLe21eY21g%3D%3D%7Ctkp%3ABk9SR4zk9aWZZw
NEWROCK 373-S33 Boots Ladies Black 100% Leather Boots Goth Punk Emo Rock Biker,Leather,£146.30,+£4.26 delivery,8 Dec 2025,89,Pre-owned ·,https://www.ebay.co.uk/itm/376758510785?_skw=NEW+ROCK+BOOTS+PUNK&itmmeta=01KK55XE71PFY2J3WAF2WBM7VA&hash=item57b88ea4c1:g:kd8AAeSwVchpNEvK&itmprp=enc%3AAQALAAAA0GfYFPkwiKCW4ZNSs2u11xBvERGxdXl5uDUHErw8QsjiOjOwLMJia55ZGndx9nFqZrDySMGfn7iBfBimn8T973XqYxPyXLMybHXOvcaDXQcb3Gj7XnGJCAePywyfW0zBOurdc3aezyILNP%2F0qJpNm42TjDLrObeO30LnAnYy5bV7vJWGF7uteRIqlubP1lvbCBj%2B7Ztt3OfN8%2BW5X%2BJTv9lYrWaB9Ry%2BxogYc6HMHaPVkwxoWOtAyyqC%2Fik8sWCcGHgqcSkJOHIdkiL6g8S3bWU%3D%7Ctkp%3ABk9SR4zk9aWZZw
"***BNWB*** ALL SAINTS MENS SHEARLING MILITARY COMBAT BOOTS, UK8, EU42",,£245.10,+£4.26 delivery,8 Dec 2025,89,Brand new ·,https://www.ebay.co.uk/itm/357872419007?_skw=NEW+ROCK+BOOTS+PUNK&itmmeta=01KK55XE71RN7M4FJEV4786RQN&hash=item5352dbc0bf:g:wuAAAeSwPMBpDj~4&itmprp=enc%3AAQALAAAA8GfYFPkwiKCW4ZNSs2u11xDYj1uMNnFM57D%2FGBySc%2BHk00G4x5z7BQStvpU0Su5fygDSop2QMt1aWyl3i%2FkfxUyizIBNUXdhoFl2Mkpka9%2F3BIdzKYf5HIJ1ymgyLZVmZs%2BZ%2Baz%2FeGRTU66aF6jOA%2FyG7XkH%2F2cUPdqauOFbiccIQxQVRqUE71jo0rhbNWS6%2BOk3g40HmfoGIznNUlBEZZr84q6NVxL5No9bfWmNEIteXsfIcjVBOLlC%2Fs%2BuJq1XWvMU4ZBIu4zi0BjmyOvl2bTHhDyFwNtYUv%2FNdnPr5szTW7%2Fq6P0JkRGohaETUzHAYw%3D%3D%7Ctkp%3ABk9SR4zk9aWZZw
VINTAGE NEW ROCK WOMEN'S BLACK & SILVER LEATHER BOOTS - GOTH/BIKER - SIZE 4/37,Leather,£78.70,+£6.65 delivery,8 Dec 2025,89,Pre-owned ·,https://www.ebay.co.uk/itm/127546684934?_skw=NEW+ROCK+BOOTS+PUNK&itmmeta=01KK55XE719MJFGV4XXZG8RP3W&hash=item1db25ff606:g:egIAAeSw~mxpNFBP&itmprp=enc%3AAQALAAAA8GfYFPkwiKCW4ZNSs2u11xCkcQIwi3EqURdebLMCZf7zPtHWui7S8U5LGLrbgejCL7LUPhgpt%2FZd5vvcEE1vuHNAurk5tWKk3kUDwSHBAVJxqJ0ZY%2BAngD7XT6ZwpBNh%2FLORQ%2FbpKK6Ed6ML4C8SLOfeWcWQsZt%2BKOjn%2Fmeek52N6HKhu0SuAs8SYlWC2jTo9HofFuh6L0tTzMu3ae42pH3riQHXxIGxVuEwKdhdS12ARzJgYok0YMFV9sZwCUX%2FSxb%2BLP9opioEbxJWu80XBN4H2OkfiUbfwP79N4qfDvMK5hRR7NsAhLHmqvaVccTOow%3D%3D%7Ctkp%3ABk9SR4zk9aWZZw
new rock boots black genuine leather platform goth emo punk 39 40 6.5 7 rare,Leather,£159.99,+£7.27 delivery,8 Dec 2025,89,Pre-owned ·,https://www.ebay.co.uk/itm/326850929749?_skw=NEW+ROCK+BOOTS+PUNK&itmmeta=01KK55XE71PH5SFBDV488SV2F8&hash=item4c19d56455:g:iogAAeSwLwxo7~FE&itmprp=enc%3AAQALAAAA8GfYFPkwiKCW4ZNSs2u11xAq5BhxSGHzLFGW%2B6z8R21dGCMIqS8gU4yjNHiyWFaLiouBGHB41yFJIe25scBODUXq8lZCaC8ME8OP1IY78kqQn1PTgLlP1kkVHFW8%2F%2Bnhn97j4HDjdcP2hu4OpOnuyhVKcg40%2F9dSK7a5G4sqZpQjKCAq6ycjPDHS7TC%2BDjaXYcSveqxBvxshZZDRn%2FeTFFJu60TtIov%2F2Q6jBWjC8AlKniTkTxX1dRMLtjK6tkjjCwDxy7sMzREWIk9cPCrNewd4QTy%2FD79dQJajZpN8IYc5ctRLNVEn4RxBbiWnBlnExA%3D%3D%7Ctkp%3ABk9SR4zk9aWZZw
Purple And Black New Rocker Boots Size 5.5 (39),,£90.00,Free delivery,8 Dec 2025,89,Pre-owned ·,https://www.ebay.co.uk/itm/187696784470?_skw=NEW+ROCK+BOOTS+PUNK&itmmeta=01KK55XE71H691Q3JQHPM8132G&hash=item2bb399a456:g:BNwAAeSw9K5pA5Gv&itmprp=enc%3AAQALAAAA0GfYFPkwiKCW4ZNSs2u11xDWnH1X3c%2BaSDbNiW7mDi%2BDWkFs6JnfTvIx%2FmtQu8Nov5Mjw5heOkV%2FhZREynKM6pXYDg5a3SCqC9EK0y1I77u4lpIeNrjXNa4VCnMgzGCuXYJajr36t5bcFCoD4f0CjucEDBN3YUOQHPdsk42Da6oqFFBcKgGXlCu0jntLeEZtS5vwMKo5sd3wmw4vKe7UL0M94hHp3Kt%2F63edglGljz05HOchAv29pJW%2FLpdGhU0jx0AL4nK0C89tSMFfCD7Jr0c%3D%7Ctkp%3ABk9SR4zk9aWZZw
Trendy Brown Ankle Boots Real Leather Chunky Block heel & Buckle Accent size 7.5,Leather,£68.30,+£6.00 delivery,8 Dec 2025,89,New (other) ·,https://www.ebay.co.uk/itm/226081525139?_skw=NEW+ROCK+BOOTS+PUNK&itmmeta=01KK55XE71DZSQ8H5V82R5PR27&hash=item34a3824d93:g:WggAAOSwjPJmDwXk&itmprp=enc%3AAQALAAAA0GfYFPkwiKCW4ZNSs2u11xCQPAHOyBKsmPiQawnkpc6drKp2GOT7kPGbSZi1X89M%2BI1nmdWaQdCXs3mpwM7RN0YB%2BpXpPb82IhtXfi6r4eZF5Oh2Mtt46DmBrutTjuHb1OYMXha6Dyc946i5%2FhnQeIGMPfkQsK%2B14Yx8Mi9%2FdcVcn7NAGk7Q78F7RzAM1zmeEI6aQCO%2FLkgJsl9WwMLE5Ev4SbTN2APmR9UiDZn0ZTijqVLqefiDuFyw0Joz5EpOscgd0vDrABTPlhx95XMDg4Q%3D%7Ctkp%3ABk9SR4zk9aWZZw
BNWOT GREY DR MARTENS PLATFORM GREY SANDALS SIZE 6. NO BOX.,,£25.04,+£6.65 delivery,8 Dec 2025,89,New (other) ·,https://www.ebay.co.uk/itm/136794761869?_skw=NEW+ROCK+BOOTS+PUNK&itmmeta=01KK55XE71GHW53NCH20P4K9C2&hash=item1fd99a6a8d:g:X~IAAeSw2VFpKZin&itmprp=enc%3AAQALAAAA0GfYFPkwiKCW4ZNSs2u11xDpqbyvmwJSOVnRkxWJeY4vQEWt71yGC%2F3UVDhnOzLOIRVHUSmTWMAw35Upv4egiE6ni3NGcLD4HcBORSZeUKsg9oV8gGNmEnm%2F45cxnaQ0MEpy%2B7BTkOHw%2F%2BYvMd%2FyMvwnpqI5BAV1tCx9sbxViU01Kl19rI%2F4BoRdj9SYVzn1rrr%2Fw6vuXDIcsoRqt3SrhHNCnK2NN6hE0tos7k%2BvZ5Sp61Btx47NQz84pVZiaStnCIzwILt82ZiRREs2miVDFy8%3D%7Ctkp%3ABk9SR4zk9aWZZw
New Chunky Heel Chelsea Platform Boots Size 6 - Rock- Wide Fit - Vegan Friendly,,£15.61,+£3.95 delivery,8 Dec 2025,89,Brand new ·,https://www.ebay.co.uk/itm/286829227199?_skw=NEW+ROCK+BOOTS+PUNK&itmmeta=01KK55XE72WPM7T9M4KWT87DHV&hash=item42c85aacbf:g:lh8AAOSwsu1maWsp&itmprp=enc%3AAQALAAAA0GfYFPkwiKCW4ZNSs2u11xD7glCFbXPm9RXuzb47iw3go8RiBmGdSbHng0YnUOFswfF5G%2B2q7zvWw5aiH6IjP2pqPrlREzVz4qL%2BHnpucFAuiIspqyMSOvys3vAGcrFiMLzcJcIxCr4nfp%2BFyn3soNYk%2Bb6q9b39jehtVZLA34cmwqTSBVuO5dtE1LxZgic%2FTAtNaFSDlfsw0vLpE0Y6y6xGajGNpPE5NJ4RApIGgACivLHdej4hqTS4%2Bih6FfU%2F0W8zwCbnSZsx0Y8zUGoEmKg%3D%7Ctkp%3ABk9SR4zk9aWZZw
Dr Martens Jadon Black Distorted Leopard Size 6 New Boxed Unworn Platform Boots,,£52.70,+£3.38 delivery,8 Dec 2025,89,Brand new ·,https://www.ebay.co.uk/itm/317610035109?_skw=NEW+ROCK+BOOTS+PUNK&itmmeta=01KK55XE72EYVET9VJVH76Y27Q&hash=item49f30887a5:g:Ev8AAeSwi7ppJEYY&itmprp=enc%3AAQALAAAA0GfYFPkwiKCW4ZNSs2u11xDBwmS6bJhsO5m0X5xpDEWWG0MyQH36%2F61%2BNZzuE%2BPXlE%2BJ0u5S%2B6wIH3%2BVjS2tLyK5TRgdbhT8HyS%2BW0lOlW6NojOeyf0lFnGvevsZhwzCVPjWS141N%2BEPocvTAmsLAvrtivag3hXOZBSOFBoXEWkE7VsPtylD8NCZ04TJVvI%2BQf2d86gbFee%2FRvAyy%2BIHTmirVN7Sx11ncAgg7AfFzC2gGIDpJxDP69PFim2%2F%2BwV9%2BYUhrKvHv6i9MeA6VxzSBXc%3D%7Ctkp%3ABk9SR47k9aWZZw
DR MARTENS JADON LEOPARD PRINT BOOTS UK SIZE 5 EU 38 USA 7 DOCS 27891001,,£150.00,Free delivery,8 Dec 2025,89,Brand new ·,https://www.ebay.co.uk/itm/167739748715?_skw=NEW+ROCK+BOOTS+PUNK&itmmeta=01KK55XE727V2R2BKNSC7Q284K&hash=item270e11716b:g:NjIAAeSwSuRoqyex&itmprp=enc%3AAQALAAAA8GfYFPkwiKCW4ZNSs2u11xCM0VP3PudqIEM5Bu2hscH89KV1ubLL6Sp%2B0jTV1uODN9peAJx1Ode5FxBguxyiObylhpIrk5St2CniKFEhN%2FwvwwNDxtNnlqVkoVUdGRrVxtRBkIQT%2Fdx%2BBMM%2BwM59wDjZySxSSBfAh6yjp64KFBWBQmlog06RFM3tLY6XOh2%2B1OJFoCWa9hQA9uZXaHz%2B0NDnDB9QWPwm4NqpOWACbsQ4xTXJTJTmjIxN27p18RTesSw7vMU5k5y6tITcCfq05xlZJDjUOgj3KgbKAPUAaVA27DMSSAdtB8kh0e5ydj238Q%3D%3D%7Ctkp%3ABk9SR47k9aWZZw
New Rock Boots in Black Leather 41 Fits UK 7 EXCELLENT Custom Build Formula 6013,Leather,£100.00,+£7.05 delivery,8 Dec 2025,89,Pre-owned ·,https://www.ebay.co.uk/itm/167971767907?_skw=NEW+ROCK+BOOTS+PUNK&itmmeta=01KK55XE72E7PZGB726R0FVQMS&hash=item271be5c663:g:0uQAAeSw4yFpLdPQ&itmprp=enc%3AAQALAAAA0GfYFPkwiKCW4ZNSs2u11xB00N%2B2JQKirjkBiRgH%2BWFYDSFVF0baZNg5sjds92rbXwdwAVVc0l91E5u%2FIfq6MIO7vFsrH%2BTFA2f%2FQPXS6EDEzZ1ACt9VJc%2Bb3eUCmnU8GWrlITuGZK8%2FlGuKelqcFyWg%2Fih4zDe2S%2BX%2Bbzygk1CSpdCx5yEjPxlEidQG2bHVcFpRI%2BnIXGu%2BEsc8vBi6l4xTCPTjz77TvVvOz6W2HkB7jw9Du9YIltSOP%2FW9iMt7niPAVmvtEAffpuuSBFVtL%2F8%3D%7Ctkp%3ABk9SR47k9aWZZw
New Rock M.8304 Skull Flames Chunky Heel Black Mid Calf Goth Boots Uk 6 Eu 39,,£199.99,Free delivery,8 Dec 2025,89,Pre-owned ·,https://www.ebay.co.uk/itm/306530255593?_skw=NEW+ROCK+BOOTS+PUNK&itmmeta=01KK55XE72AADSW28GWKFK9JB6&hash=item475ea082e9:g:SfkAAeSwdCdo33vp&itmprp=enc%3AAQALAAAA0GfYFPkwiKCW4ZNSs2u11xDCx9QF2p3U1ZNth3ls0NnDbtxBRNJNpvliV619XQT8DrKoKMQ2S9lecssKIm7HNV4p84FHO3qx77zkNTI2g9EEE%2FXQ78XnZg6rB7er68qdOV%2BuxZ%2F2afM1sJrUxPnHJho6fBgN9EHSVAr2UL85s94YyqpoOFPonp3RA3edXSFoh7gUsdRpVAEmZljZO4xg%2FGJKoBc%2B15OcIIuDfCwk0s6%2B%2FpUISbVMzu8qbEOtfrlC%2BKxKfuIKj6Q%2BOh9SrRC86eE%3D%7Ctkp%3ABk9SR47k9aWZZw
