title,price,condition,date_sold,url
Shop on eBay,$20.00,Brand New,,https://ebay.com/itm/123456?itmmeta=012DEW30YG0MEEKND7NH&hash=item123546:g:acwAA9KNiJowH:sc:ShippingMethodStandard!95008!US!-1&itmprp=enc%3AbgepL1tlUHjMGCVfSTGJh%2BzsVKeJ3CQk7NizDI4BZeppuFnmyS6Ijyp8lh%2FnEw%2BWqO7uTV1Q6izE1R0T54aV8j71F4xlWfVcGft4%2FiOQhtqVXA1rW6M1atPARQRmhqUxtEPJKhKtSFgI%2Bvwlzb0GwVCtkp%3ABlBMUObkmabpYw
Shop on eBay,$20.00,Brand New,,https://ebay.com/itm/123456?itmmeta=012DEW30YG0MEEKND7NH&hash=item123546:g:acwAA9KNiJowH:sc:ShippingMethodStandard!95008!US!-1&itmprp=enc%3AbgepL1tlUHjMGCVfSTGJh%2BzsVKeJ3CQk7NizDI4BZeppuFnmyS6Ijyp8lh%2FnEw%2BWqO7uTV1Q6izE1R0T54aV8j71F4xlWfVcGft4%2FiOQhtqVXA1rW6M1atPARQRmhqUxtEPJKhKtSFgI%2Bvwlzb0GwVCtkp%3ABlBMUObkmabpYw
New Rock black studded cowboy boots UK 9 EU 43 silver heel goth biker skull,150.00,Pre-owned ·,Sold 9 Mar 2026,https://www.ebay.co.uk/itm/326877531910?_skw=New+Rock+Goth+Boots&itmmeta=01KK9PGP836VSSNB0702DVRHGT&hash=item4c1b6b4f06:g:LGMAAeSwUoNpNe0Y&itmprp=enc%3AAQALAAAA8GfYFPkwiKCW4ZNSs2u11xCL9B7%2BAKZAkNLu7RsVnANIx6qTH8BG8EtiLBmhDKfQ%2F2noZH48qCgylTDEp9dRVN0hf3C1u9kCWC4cYJMQ8rqSGm0iBszsMpCSPufBxZVxaSXNtNiuaIyq89X%2FNhnMdPKP0%2F2KXAMKvk--5zFDKBBRGC1b%2BWGQEPBXKJtduaVkOH7AadA8adQ%2Bl6NXX5z4EQn7faJ8%2BEluQW1k99TAUeAZSYAVP2NSKHIJ1rsOlB%2BTG2OPKhNNJvj7a9MeLwz%2BaOVAeb%2Fy%2BfNb%2Fpu6TteZKJqceO03hHHZlksTK0XwktWcAQ%3D%3D%7Ctkp%3ABk9SR7DkwraaZw
new rock boots metallic black goth knee high zip buckle boots,135.90,Pre-owned ·,Sold 9 Mar 2026,https://www.ebay.co.uk/itm/168166057122?_skw=New+Rock+Goth+Boots&itmmeta=01KK9PGP83CKZDMCAFVD5TY5V1&hash=item27277a64a2:g:WC8AAeSwirJplBy8&itmprp=enc%3AAQALAAAA8GfYFPkwiKCW4ZNSs2u11xB%2FPjLwV0h5wbhPnmJ05fXCXHyN2SSILJgPkRl2l4UO4qyTuU0IIjvnPHqy3epA0lzGEfv6t2GYcx8fYhRFGsAGEDTkfurGM2s79O5OiNpO2KWkX7Xg9nyEj28VumCgWAf7RMEAyHnYh7EKDx37GHySdG4Bj%2BDP1KyQDsYZ5K0aS9RB8e4Crd9XUfYSCiVSdJRixo8WbQ5oFD%2FbQtW5MzydwqFx94jixOpp0mSMpD%2Fv8nF%2BxDN8tV3Gk24XjRq9xKv%2BLEPZ0lN3bEfaPUelFuUpvKeYxx1u6yWWLsh5Dc3gyg%3D%3D%7Ctkp%3ABk9SR7DkwraaZw
VOLATILE BLACK FAUX LEATHER UK SIZE 4 LACE UP KNEE HIGH COMBAT BOOTS GOTH,21.50,New (other) ·,Sold 8 Mar 2026,https://www.ebay.co.uk/itm/306795494153?_skw=New+Rock+Goth+Boots&itmmeta=01KK9PGP83TRZQB0B0B2Q8AVZB&hash=item476e6fbb09:g:v5UAAeSw1RdpCfSC&itmprp=enc%3AAQALAAAA8GfYFPkwiKCW4ZNSs2u11xCG4itnYji6lBG2i2K8y4igqqBj%2FQ4OFaMVES65nIaS%2BAefvexWv7qeYaOAWPARQTjUgfjyzZKHtyW8EsLIuJ%2FOuVpy0UIHNZ9MRTAcwEk7wCgnPfWg0RHV8xLfxi7Z5mZz4MhSb0Ej2OfYrvSRcCqm2v%2FuUFQ%2B0oaPduOAH%2FDCxn7bY3jEIKPFFzbQCRabvULfcRlTiApRaCWPP0cTOmAQWFQntqUeU7vatzu2kVzHm8QD%2BOKrBD4pU2yJN1CouIUvFMoG1YfPKlWLls7Jau%2FnH%2FnAq8MGElNEeqlWprWT7A%3D%3D%7Ctkp%3ABk9SR7DkwraaZw
2 PACK WOMENS BOOTLEG TROUSERS LADIES BOOTCUT STRETCH FINELY RIBBED WORK BOTTOMS,15.49,Brand new,Sold 8 Mar 2026,https://www.ebay.co.uk/itm/182155235704?_skw=New+Rock+Goth+Boots&itmmeta=01KK9PGP83SYR1N8W03E0VP2C7&hash=item2a694c5178:g:nRUAAOSw499kdghL&itmprp=enc%3AAQALAAAA0GfYFPkwiKCW4ZNSs2u11xAkPrCMQzcSKaHu3LRQSw672ipK2GjWBxh%2BiAhBmEI5TpL3DlYCVltHSGWMCXVgKl%2BwegTfi%2Br5P%2FzQ7k3njgZgZVXLbJUb%2BCbZ%2BnyIhcwe0usV5GjZM4TWuDunnVdn1B8RkV2tihPQtxcKgZmXqd8VmTkdjkd3oa%2FK0zwDziXMtBuo2Ds8dFxVnBPoA2xDsD4PecHfqnUKIT504z4bg--8vLXjDOM7oX4jqfFSb92JRzvmrzbBSEhzxq%2BsDTem3Tw%3D%7Ctkp%3ABk9SR7DkwraaZw
Cipriata Ladies Floral Boots Lace-Up Combat Vintage Festival Womens Shoes Girls,23.70,Brand new ·,Sold 8 Mar 2026,https://www.ebay.co.uk/itm/317032154840?_skw=New+Rock+Goth+Boots&itmmeta=01KK9PGP83C2M4AHQ48E773BST&hash=item49d096c6d8:g:EyMAAeSwkp9pgJzw&itmprp=enc%3AAQALAAAA8GfYFPkwiKCW4ZNSs2u11xAd2H8iheb9R4z2017copYep8TIcHkAN9KFsj%2BOMqmKZs%2FVbF3GxacraCeTtcgGQWPellYMkTKfSBxokjDuiPKpY5amIJzrer%2BcjNYeZ9%2B3uHyYFdIL5UgNHw0f6c5dSShMr7U1hFAvde%2FUHbe94tiddMeoM21OYvCUF5qYDwSraLQ9vUTBXLOZJyaOBhqU4G%2FP2n%2FzhOBRMpRoWgJIWNgUUE1XL4qz%2BU3aGwHxdcQ92BeTbSzKBAqeLjudxgPg2awjf8ZkRPzkHIpUvLxCfGjTMfl%2BCR7yzrCzjFbcbNKJsQ%3D%3D%7Ctkp%3ABk9SR7DkwraaZw
New Rock Block-heel In Metal-look Unisex Platform Boots in Black,198.49,Brand new ·,Sold 8 Mar 2026,https://www.ebay.co.uk/itm/387336761068?_skw=New+Rock+Goth+Boots&itmmeta=01KK9PGP83AEY4WXHFGWB4YB22&hash=item5a2f11eeec:g:v58AAOSwF-1mzxDx&itmprp=enc%3AAQALAAAA0GfYFPkwiKCW4ZNSs2u11xA9JBVAn2Y3o%2BwTGgP%2FywEp2zHh6t7kQX%2FgOSUL6bq%2B0RUOawGLYQYIw0FzlgDbiuUJHhSz7Ki1085J28gIwv22PEW1T2xJN2FcyvqjrcUS12w8mGNHXVFGd60lF%2B8VbJnbrjRWDeRo81lTejkCBWuyVchW7Xlvm1jjcV3Q%2FY1uISbNlG7jl3mszkp%2FzjtvO6qxOId%2BSbnw0Y9g%2BTf9GaRovwE5vv7uFpQysja72Im%2Bu2ap1%2FxK9ZmTxW6MGlRL3QE%3D%7Ctkp%3ABk9SR7DkwraaZw
Size 7 Black DM Style Ankle Boots Zip Up Boots Goth Rock Emo Biker BN,18.17,New (other) ·,Sold 8 Mar 2026,https://www.ebay.co.uk/itm/137080497154?_skw=New+Rock+Goth+Boots&itmmeta=01KK9PGP8329XSK6BPGY8AN9TD&hash=item1feaa26402:g:3B0AAeSwmxlpotpl&itmprp=enc%3AAQALAAAA8GfYFPkwiKCW4ZNSs2u11xBBlCRHZzX1leR4IdSfic%2FHDBG7qllVKJpkZFa6ptzX9q%2BMc%2BoVD1b0DogDsKaKD%2B9acfOKl5T8ZUuoFywJZNYA7XAyvTS2qlV2et4bcgee73ukQ4DE4%2Fc2f%2FWc69XniuaPswoVoQ6s18lHUb6Ut1zOgTNbvSVhWPko%2Fcm8IzUahspjdEVmIc%2B1Ig%2B1EMSgQYbIYjmPG2G8MZv%2FgKCzxUij%2FALGYrBsFusUDoYzCxMXV8ZBfkgyDjhmfkmC0hueJDMjH4gjxolXab2Z6fnpIT20yKIPYrUBgg2T2Xlnl5fyBg%3D%3D%7Ctkp%3ABk9SR7LkwraaZw
Brandit Military Combat Para Boots Steel Cup Security Leather Footwear Black,59.51,Brand new ·,Sold 8 Mar 2026,https://www.ebay.co.uk/itm/282840115197?_skw=New+Rock+Goth+Boots&itmmeta=01KK9PGP831SZEWND8H30YSBFC&hash=item41da95a7fd:g:Su4AAOSwAGhafCth&itmprp=enc%3AAQALAAAA8GfYFPkwiKCW4ZNSs2u11xCII%2B1gaz6%2FVCYucdA70eP8PBr776TRUDOaQC6eX69sXpfk4AXGnA%2BPXizRb2mxfR6174FMMtKX7vlRTGOpJG0nDyCeIUFgQq7NVivUZNi0Xwog201qsWB1ysA6qlGFcqOpg2Xpq3Pt7IEBXqoHdnJpGOzq8jMDwh5837TpND%2F6U8%2BmdKwE%2F9Qznpk8PpMkyQn%2FDNzyLMRZV%2FTVCotNCDfvL34S7XkDhjY3AqPpEoM%2B5dPNEdqS0%2BfZiu9dG1h1xCoVppjAEUQIXokzBXCPbV0tuiVYG97tmHN1j0qQUaHWzg%3D%3D%7Ctkp%3ABk9SR7LkwraaZw
New Rock Metallic Leather Black Gothic Boots EU43 Uk9,130.70,Pre-owned ·,Sold 8 Mar 2026,https://www.ebay.co.uk/itm/406721613024?_skw=New+Rock+Goth+Boots&itmmeta=01KK9PGP84FK0Y7ABE9PC92S27&hash=item5eb27f4ce0:g:s3QAAeSwgE9pnyoR&itmprp=enc%3AAQALAAAA8GfYFPkwiKCW4ZNSs2u11xDV23qWMDMCPUKYX3ONYokmRN7ImHf2guiCWIewhkWtYbY8BZ%2BegfSNj9cP7Utl5e%2FpMOwe%2Fr%2Fu1Ze1v5iiUhc8XHwWcSLtSBuvHe6eq4abjc1Ppc9JEqtX%2F8XikbFFpofk1Wy49%2B70HS8Ew7a7hdGCNpqi0MGY%2FCSM4nydnkKp0HK2Jw15XGW32xAFSbDvSj1U3YWZMuMrhuoM3Ap363fZJwllY3ccjVnfkDPE3OAsuQLCX4XhFj3oDQsEcCwJejpR0F97MSMEOuKcT%2F4F6KykoLgbon7FCy%2Bg88CkC2hQjg%3D%3D%7Ctkp%3ABk9SR7LkwraaZw
New Rock Boots M-TANK106-C1 Unisex White 100% Leather Goth Platform Punk,193.49,Brand new ·,Sold 7 Mar 2026,https://www.ebay.co.uk/itm/254992166069?_skw=New+Rock+Goth+Boots&itmmeta=01KK9PGP84NXY0WG8M47X79DB8&hash=item3b5eb7acb5:g:97IAAOSwFqFgrOJh&itmprp=enc%3AAQALAAAA8GfYFPkwiKCW4ZNSs2u11xBjtZ9xafWrB5WIf3xL1G6T2r0s1a77AHU1WHRo5Fgdx98BP9l8kzkKuXl02uVlPNsxau9NIla0%2B%2F7fGZ2e3n4eHVwWTzBc%2ByKD%2BZsImoSeUxkFjue52unNzBknB9cdZA5svH4dSnSFSz0VhIJOAMpVsIj00c6A8zBGdQyTIhY%2BxQPPzZJzVuxlOcx%2Bod%2BoFB8rK%2B1JQzbjwd5wAk%2FDIAvpTC7OKpRIpnkdaG2wtr4UwODY5dercpiDNwLIaVUUrpoH%2BeFIyvzpywe2ORtUGjpLi95TdIDDJ6v1GPa7gyEsYw%3D%3D%7Ctkp%3ABk9SR7LkwraaZw
New Rock M.373-S4 Metallic Boots Black 100% Leather Goth Biker Emo Fashion,206.99,Brand new ·,Sold 7 Mar 2026,https://www.ebay.co.uk/itm/264700855512?_skw=New+Rock+Goth+Boots&itmmeta=01KK9PGP847EPYJ8H4QVZ72GPS&hash=item3da16684d8:g:J7UAAOSwijNiIQiC&itmprp=enc%3AAQALAAAA8GfYFPkwiKCW4ZNSs2u11xCkt43Xt2sEQG%2B%2B2FeGB%2Fl8pk%2F5pCCcl6DtTURs%2FmejfQ2ES0NcFpHC26YBF1i8ogBfccCBf1sq6Z%2BW%2BuDzPGCd3gaJ7bSL1%2BrNHRmp9AH9BUtaNz1QD3LTCHId9I7%2FEsHjSxg713TDB%2F53WJho9pUEUyqgzbnqonPYwOL06PBfSnyQJXCiWIB%2B86UyTKKDF5NWXR74L7cBKz%2F9UxMRI0CQsbgBpp2RF9wI097xK1jj7cmDTqvtQKaFDlyEYjz0SnEEH0NX4F9%2BUCbmr%2FfCPLptPIdvbx0Y1QYjcy9DRyXgfQ%3D%3D%7Ctkp%3ABk9SR7LkwraaZw
"New Rock goth boots, black leather with metal, size 38",87.08,Pre-owned ·,Sold 7 Mar 2026,https://www.ebay.co.uk/itm/298074913327?_skw=New+Rock+Goth+Boots&itmmeta=01KK9PGP849G78M338DRBEDAVC&hash=item4566a63a2f:g:OqMAAeSwqHhpovLG&itmprp=enc%3AAQALAAAA0GfYFPkwiKCW4ZNSs2u11xB70jl3KThqZHheF22U9DcO6h0hwX4rD81f83anYoJxSS9PD3cB%2FMSIhedFiE%2BnnYthgbTVB9Hw%2FhvbylnKlsl6bP6wRCyuDq4tzVmZ2pMXBCkg%2BySMrs5mGcrQM1UyNeBg%2BdrZj5n6OSzohQ3RojQ7u4IGfEwagswGlV9dGrZ0q5GsV4bWH4o1CXmDAVNEhN1h%2FO5vAz2CIl4IDL1OvZJ6b326tr4d9Og2xd3p0rXoXj7w%2FXjNGVa7lQ6pcIvvZvE%3D%7Ctkp%3ABk9SR7LkwraaZw
"New Rock Malicia Boots Purple Metallic Flames Size 7, Mid Calf. Goth Rock Biker",72.45,Pre-owned ·,Sold 7 Mar 2026,https://www.ebay.co.uk/itm/137004710662?_skw=New+Rock+Goth+Boots&itmmeta=01KK9PGP8466F1C5TTHBWC5C3E&hash=item1fe61dfb06:g:REsAAeSwvD5pf4U4&itmprp=enc%3AAQALAAAA8GfYFPkwiKCW4ZNSs2u11xCdaLchvxty17JIePwvpTlnPp4LmPR88UuKmt9Zv7%2BSFAgIP4ocrJEGghwR4EZXMKoo8gjofDWsT25i47B%2FjpjO8Y1IYO78AV9roM5sAOLmfAkAm68%2BMDWPOmOZpsEP%2Bm63Cx36Ht8iOHlNqZ%2B4AAsxK%2Bx4PGKK3Tx4G0%2FtLKOHFSa7Pon2l5%2BY7qLsNJPISpBlfJC1Z1xetgxC%2BXZxpza80cAzTPytGjrg2p2jAaowGPiJBot5kEKgb3vrKTRonj0DSc17gPnqjbqn%2FL2Ky2aaVlg0%2Fgwlu6VT7qbxeXTcyQ%3D%3D%7Ctkp%3ABk9SR7LkwraaZw
NEW ROCK M.8366 S1 Black - Punk Gothic Biker Boots - Womens,238.50,Brand new ·,Sold 6 Mar 2026,https://www.ebay.co.uk/itm/326061956284?_skw=New+Rock+Goth+Boots&itmmeta=01KK9PGP84SM5V688XZ1NXDVVS&hash=item4beace9cbc:g:qigAAOSwzgRW1zbd&itmprp=enc%3AAQALAAAA0GfYFPkwiKCW4ZNSs2u11xA%2F6AjjK9%2FYQJ%2BZPAX1H28Uw3orGqr8t5B0OcxJJgix4g3OcklEw2TyUe7S8utPg2s7Hysdtw6qlcIFaoe6zzWaXUGEkRwty6y8e0kSoLqgUAFXZAZ74trm0%2BTwKDkrQLVwyouLGIxWF4%2Bsy6l5uxX9cfv6ySyMDuQshM0C7ahVkKr8OftF7CnulsS8FU0ZPopsZNz2QEDturwdNgGmtPFOrmEVhn8MEuemj5IKLcEVEw%2FSXHt5K1IcYI8gymR2CVQ%3D%7Ctkp%3ABk9SR7LkwraaZw
Gorgeous Vegan Leather Boots Ravens!,63.10,New (other) ·,Sold 6 Mar 2026,https://www.ebay.co.uk/itm/335681205604?_skw=New+Rock+Goth+Boots&itmmeta=01KK9PGP84HXZ0CF893PBCTV1M&hash=item4e2828b564:g:0sYAAOSwQ4xnOxkc&itmprp=enc%3AAQALAAAA0GfYFPkwiKCW4ZNSs2u11xDngNnB9Iq%2BZJEKnuv%2B1ZhnPY%2FOHTT29e0GJGw2%2FTR3%2FQgP4M45Grk1opZK%2FtQdS7XqrgrNV7JnCO4AgF8kTblTFzfRzX4SO331k7UUCsUHsACbwIVe20vDIJnC6Xxli4UOgUSGpSai8KGs%2BgL2Cn1SymG%2B2AQrpVfgKLtC6Pyx%2FifsNiA2Jz9N0nJbNb0Ic%2Bn23N6BiaPHSBEoBojVnY2x61O5BuVHQD9nE8E8Ayr47q%2Fff34YBkavKtp%2BUjnxu%2Fc%3D%7Ctkp%3ABk9SR7LkwraaZw
NEW**ROCK TOWER SHOES Metallic Black Leather Biker Gothic Boots UK,55.99,New (other) ·,Sold 6 Mar 2026,https://www.ebay.co.uk/itm/388335223296?_skw=New+Rock+Goth+Boots&itmmeta=01KK9PGP84C08CFH4GB8BRQW2N&hash=item5a6a954200:g:KjkAAOSws4Jn5jvX&itmprp=enc%3AAQALAAAA8GfYFPkwiKCW4ZNSs2u11xAhWo7umEUtYIbdw01bEPFYpt11ZFKUMyTCTPxmITXOUqzUdj8yTeBPdqZtw%2BwPDIRmwAhR2zcjwjZfrHs5KHwP0W6njg2vwAn%2FQy68lhqORJfk0%2BfYmgF826Nt%2F5%2Buc5VUiVeeQED8rAV6xoJzDWc%2By%2B9IWIMkAE2yMb%2FE2Lx%2FwomMMwmp6RBz6gx89VWf5T8iJJGAPhNG0YN8O1%2FJOFmblt5qJE2zs3yrapspaFyp8GCQ0CY4zG%2FH%2F0rsXs0s9%2FiCrF5DxCLXnWfSWQRSSsIpyuKbCO9Hfi1zR32OxCB%2BdQ%3D%3D%7Ctkp%3ABk9SR7LkwraaZw
Gorgeous Black Classic Metal Heel Tall New Rock Boots Size 6 Goth Platform,104.70,Pre-owned ·,Sold 6 Mar 2026,https://www.ebay.co.uk/itm/117060566571?_skw=New+Rock+Goth+Boots&itmmeta=01KK9PGP84R4ARE2DY1PDTQGKW&hash=item1b415a7e2b:g:D1EAAeSwu6BpocfR&itmprp=enc%3AAQALAAAA8GfYFPkwiKCW4ZNSs2u11xD%2FYpVjTD9iAffTuqKsZA2hUJNQbPPHee4uSdn0DTHnXjgyjRYVhdCG7ZlvaAjrHooAXjJDuQYcrx4%2BufUxCplM21v9Q0ILAxVywpMU3oBCCS%2FEnl36lxnECFH6K0UNHpO2qY2C36sarsgycZQH74h%2FY--av9%2F0KrbFTviP4O2m0BC2y5N%2BatSC1GDxwuNC%2FRsiJw8EGzk%2FW7AqzNiej5768Rb4WufnunQjaXqRPwR6blLfbk5jMB7p0TkQtzUg8qXW2KDN1%2FzTMqgWNLcHHDMLSm29Lg4M9VfcqMDYZ4MR6Q%3D%3D%7Ctkp%3ABk9SR7LkwraaZw
New Rock Reactor Half Boots Unisex Platform Boots in Black,238.49,Brand new ·,Sold 5 Mar 2026,https://www.ebay.co.uk/itm/165937175134?_skw=New+Rock+Goth+Boots&itmmeta=01KK9PGP84ZY9HXM23K37HJBVZ&hash=item26a2a05a5e:g:eywAAOSwYINj6lEi&itmprp=enc%3AAQALAAAA8GfYFPkwiKCW4ZNSs2u11xCarCVUKfCSFAAuVwgiC0VQpcCueHSkG46TKftG9oDMYHIBfM0tIITWzDB4DbUC2l0GQXL%2BE9cQwdqX9FC1spIwDpzMDgYBjkztp3kd6wXwhUpl%2Fyk%2FfbK0D31authRZOpMU044gGqcvAbKa2FZL%2Fsq789cgj5TG4ZxE9%2Fi6sWwMHib%2BSiPa16wLy0Fn3drolZU22uuEvlk%2BEhl%2FKfJrS%2BxFj59UxFDDShtLLwZ7b8ZAudViMSpI05H06EYkg2E6BrkQ2upwWPIPw%2F3UcTlI2PLc0rdhaJ9v9WzP11OIoLApw%3D%3D%7Ctkp%3ABk9SR7LkwraaZw
New Rock m.272 Black Leather Chunky Heel Mid Calf Punk Goth Boots Uk 4 Eu 37,169.99,Pre-owned ·,Sold 5 Mar 2026,https://www.ebay.co.uk/itm/306777219712?_skw=New+Rock+Goth+Boots&itmmeta=01KK9PGP84TZG6001QZBQZES2Q&hash=item476d58e280:g:O74AAeSw~s9pb0s~&itmprp=enc%3AAQALAAAA8GfYFPkwiKCW4ZNSs2u11xBzP%2BOcLIQj6lLCCNQCxZWB%2FAbs%2B2Da5CX2J6gR37qa1BwDypziizIgt4sfzXLwuQUbNUZ5MEHweZCyMMjMqHoRaOPhZp6GhqmcuiXsQpeCA0fjWzQ0x9H7yMMfK52huSYH0l5jbtzsM4ND%2B4Mn%2Fy9u36lytJvFXlTuzaXhY1rWC0a7nc8sihmjkQr%2BfRMCrl21hanzxZgpKGL8aM1IxNZzYbLhfjwI7LXIEG1SBmp%2Frb3fBwbmOWJx2IidQi65%2BYgWCCC%2BEW7p2bI8gdU6NlOON0O7Uc4omB%2Boe2BCMiFm9Q%3D%3D%7Ctkp%3ABk9SR7LkwraaZw
Women's Platform New Rock Boots Eu Size 38 Uk Size 5 Black Leather Gothic,104.70,Pre-owned ·,Sold 5 Mar 2026,https://www.ebay.co.uk/itm/376795387821?_skw=New+Rock+Goth+Boots&itmmeta=01KK9PGP84SAN3X5KCRTV64E67&hash=item57bac157ad:g:NPYAAeSws8ZpSNpF&itmprp=enc%3AAQALAAAA0GfYFPkwiKCW4ZNSs2u11xAE4lbn0lQh%2FQmBlo%2FaNirsA9CN4MHyjp%2BntKleS6zcc4QnujdEL8n9apKiNYQDwJj0dPySzC5Z7YfKkg0nKYrgLt9L5elDvqWnwNxefs9tq7VApNioiMcEp2SNafxD5n7rPn9dg01bpbPavgTM%2FRGjJwT%2Bhu3DiDl1Ayp6pXgkvMZemghaJakrV297KS7AAEmKPOY1uHJNE0M9G6bpCkyDInrepTtH9jV5oalxKk8utOlJ%2FQySC9hmAjKnCBnJdH4%3D%7Ctkp%3ABk9SR7TkwraaZw
Vintage New Rock Reactor Boots 6 Size 39/40 Goth Emo Punk Steampunk,78.65,Pre-owned ·,Sold 5 Mar 2026,https://www.ebay.co.uk/itm/168125255254?_skw=New+Rock+Goth+Boots&itmmeta=01KK9PGP843B77EVYFEG5H9M20&hash=item27250bce56:g:NhkAAeSwjoxpflEn&itmprp=enc%3AAQALAAAA8GfYFPkwiKCW4ZNSs2u11xAc8oF1GUyd2jF2rNdtZnh%2BjLQ51rLPKo4VfXWtCq9HEHslE%2FHkrYAqswpF9%2FrxM2LYgtD3222TmGR%2FxpglMNo9KifXot2pEAgIBq8BU%2F9S2aSEE%2FKWtoRhlZXyy%2B2RVR8ki0IoloJn8ZD4NirPAyhL1TG4k1WbIY7RkprrUlL%2B18sZqKIEwNv8yqLG%2B2raFPAvro4ay1ucKWO9TfvxYF%2FV6QuIHWwWj73pxwCJVMciuojhKae2%2FOeTlpNKzPXrQ4i6pPp7%2F1IrmT5YN%2Bi%2BXPLoJkTOU8bPyaoxhwSpsMUppw%3D%3D%7Ctkp%3ABk9SR7TkwraaZw
Dr Martens Shriver HI Slate boots,146.30,Brand new ·,Sold 5 Mar 2026,https://www.ebay.co.uk/itm/267243336448?_skw=New+Rock+Goth+Boots&itmmeta=01KK9PGP84XGBCJVM5B8PKAHNS&hash=item3e38f1b300:g:VU4AAOSwPmVoG0oN&itmprp=enc%3AAQALAAAA8GfYFPkwiKCW4ZNSs2u11xBn6bZKFgy%2F1OZaGHAx4AW7k9W1hvyn6HDPNbTo2dcm93t2RZUce4OgsAAmt9hSs1qRqYwW9xKa%2Bs6ytag%2Bx%2BuBEtXsqfmIxVpewY%2BQA9bxIqL4R4P0b%2BX0BLmIUIvduHqKmCdZsqHs9CAlyuxyTcz1SpaK4IzeRIYxtK5QxjsZHPbeuzWKCQociHV1HGualI6e0PiSmoMFsuxiLMlAl0ktuvIOJfvWw07uL475VD276k1qq3z63N4ZKcr87PNXxPxDOJ2NFN3oK59AEGyA0ORI%2Fd%2BOpFNKXA8nXWzJcilTuA%3D%3D%7Ctkp%3ABk9SR7TkwraaZw
New Rock Reactor Demon Flames Leather Chunky Platform Black Boots Uk 6.5 Eu 40 ',79.99,Pre-owned ·,Sold 5 Mar 2026,https://www.ebay.co.uk/itm/306714802648?_skw=New+Rock+Goth+Boots&itmmeta=01KK9PGP844ZQF777GDGSXRXQD&hash=item4769a079d8:g:43QAAeSwtiZpahzg&itmprp=enc%3AAQALAAAA8GfYFPkwiKCW4ZNSs2u11xA6aeD%2BT%2BSAGmTeA6oJ6mWNAF7VCZCtWu0V6y1qOFNlme1739tBGPzs7LL3j%2FjFSMhB6Lr3nhQSTQxVF7VQS3flMFdHLVKu1XsVE3GhdLQq%2BwU5sO6GE9hA5VoSuiuNDmfA3MxIZ4CxL0oAnX23J7z6f8azjxdE8gpXuJrkoPilxQAdvDVTGAaNGAQ55Fj8AwaNJq0XbCHgj5PWi2sM1ARlZy3ZHZypz1SMvgRj%2Bd%2BdTy%2BZkGQP%2BPOLktu7ui60iL69fO1Jb4op2ZvYveZwDhFqYh2ZcI8h27CLzGDiE2aByQ%3D%3D%7Ctkp%3ABk9SR7TkwraaZw
M373S33 New Rock Boots Women's Size 6 Black Leather Goth Punk Rock,51.66,Brand new ·,Sold 5 Mar 2026,https://www.ebay.co.uk/itm/358285828447?_skw=New+Rock+Goth+Boots&itmmeta=01KK9PGP845T2MKAMGBDTR9WW0&hash=item536b7fe15f:g:whYAAeSw5WJpqG4H&itmprp=enc%3AAQALAAAA0GfYFPkwiKCW4ZNSs2u11xCuZYzeMIgH5vnjPYK1%2FZoXWjE6FUZ2uzchrEniVsNmLD%2FXHDr3SknATyIbKjp87cyTeuHq0RHwcTVVsXvHLgOPY9Bwu1TElAUTLGXZXw4gMHrWlAgdjrrRtJ%2F3%2BuSPkzi8h1ba3JfIF3yCREgCDqv%2FCvPJOuOApstgZY0GITafD%2Beqp4mdu3HVuMqE4r02zdz9O9SekWoYusBH0uZY8Y5vhSEDh25khv%2FJ3YJxHb3jy%2Bnu4dIQWjUfwGU9L9i7cbg%3D%7Ctkp%3ABk9SR7TkwraaZw
New Rock Reactor Boots Size Uk 11 Eu 45 Black Leather Zip Up Biker Goth,73.50,Pre-owned ·,Sold 5 Mar 2026,https://www.ebay.co.uk/itm/267587832833?_skw=New+Rock+Goth+Boots&itmmeta=01KK9PGP847FXX08SEVC5C276M&hash=item3e4d7a4c01:g:xw8AAeSwu55poLbq&itmprp=enc%3AAQALAAAA8GfYFPkwiKCW4ZNSs2u11xA6juF4d8PsNbzQl%2BnXX5bs6SIk%2FElKi3AoS6OLXSJPTy2EnJAxgjfyCjCTcxY1tWBbif0GlAVd5kawCA2Aa%2BApknf0YkOeuDiHTZvEs1jsbrxukkQFihGzYTjTtaLzZT11du%2BMKkCouuYYHnuMN0ppP1%2FTT1VwPFJHH7sqqu85WRuHYrJOVCBKXUX6DqGRZOvtzS%2Bz9cWG%2FzpoAivh35ZrK2uhA9oFPm--MRvSStHhMRuPUAz4ioYG6dy7yMXM5doJIFUfsm3JKwaQbO0tD9vUXPsGsHFiGZWAQaU7mhkq5Q%3D%3D%7Ctkp%3ABk9SR7TkwraaZw
New Rock Boots M-BIOS101-C2 Unisex Metallic Black 100% Leather Sandal Punk Rock,186.38,Brand new ·,Sold 4 Mar 2026,https://www.ebay.co.uk/itm/255011994184?_skw=New+Rock+Goth+Boots&itmmeta=01KK9PGP84ZH8FMJW72HE9ZXHW&hash=item3b5fe63a48:g:QNkAAOSw8bJfLBFC&itmprp=enc%3AAQALAAAA8GfYFPkwiKCW4ZNSs2u11xC7EvvP27yHmHODSnRcXQNXuY7uYaQRhu1E1ZRbHuYEU1VSwY2%2BYyGwFsJk%2BqZk%2BKf7H0eKWB83zr2ZvqSudup7fLn21hJo3yM0o6InXodBrgWOqcffJnJIndB9y0tyv%2BCqFSFhVyQP9AuIxgQqEKO2pafrc3QsH%2BOjzZqLw9rPgIpKfziu6wp5T11umz6UMOPUcHNUDJoYKMv60%2BX%2BzAgAdf3vPm9%2FwARUEhf9mABeQzcGQrOJecidpy%2FVSkGAlvzGusvImMEoMCaTfsHQ9dFcSy2MkjGMDvKjiyGyYIQibg%3D%3D%7Ctkp%3ABk9SR7TkwraaZw
New Rock Reactor Demon Boots EU 41 UK 7 Unisex For WEAR OR SPARES Please read,47.00,Pre-owned ·,Sold 4 Mar 2026,https://www.ebay.co.uk/itm/306790345375?_skw=New+Rock+Goth+Boots&itmmeta=01KK9PGP84QT2X7KT2TTVDE2BN&hash=item476e212a9f:g:r8IAAeSwdAxpnz03&itmprp=enc%3AAQALAAAA8GfYFPkwiKCW4ZNSs2u11xC4o%2FkCtvSEBaOdKuQ456otADiM%2FkIVXPobvYI9D7QkxhKxB7%2B%2F7VsGSjiUnE7rQWmOVJ%2FjaXibVgySKiECdwbYDkJ9k%2F89bAvkSx5Ie2VDs9MELPp%2B%2BcJ3EIvPfZX%2FoYndUBuYOYrTettDStnAj7qt2%2BX%2FcM%2B66lhCKgmVJ%2FH4qrl40PSYIGt2DREWJoQqZ9zJFdWYzl2hput%2FfHwMfVcgiAhWR%2FXJvVNgvWELXSt9dUyfiHNi4oDKnHnnagh%2Bwp758SPlKi2%2B%2FboI5kwKPjwNtAN0gFrxdHzaOjc0A0%2F9rQ%3D%3D%7Ctkp%3ABk9SR7TkwraaZw
Boo Hoo Women’s Leopard Print Heel Boot Ankle Boot UK Size 4 Boxed,13.46,Brand new ·,Sold 4 Mar 2026,https://www.ebay.co.uk/itm/116984533958?_skw=New+Rock+Goth+Boots&itmmeta=01KK9PGP84FY29S3063RN2EG5W&hash=item1b3cd253c6:g:61UAAeSw5VhpaLFo&itmprp=enc%3AAQALAAAA8GfYFPkwiKCW4ZNSs2u11xBh4I%2Bmk6dJByZTrvVmp3822xOY%2FM7wJVOL%2FSXI8o5xPII8A6iMBIkkS7ICI9PFQO%2FxDJpMfyO7DoY3shzVjv5LWKE3b2GC3hURLY9ulXC10Di4wguX8BIselloLanXgjnhuqwiJS7VG%2FcF6SZrDcb8L0uyiaaKcswF4AogPS999vlQ0YtRtUJFINF1kTx7IbK3D6gMfrLFnshdo%2FgCv5qkzYC7x9LhHj7kLjXiywYggo9F14aq55jIgRPb9qVi7vcTx2wDUhCLlMTnrA4TgIO2PqhflXRkicdPHqbUJMBx8w%3D%3D%7Ctkp%3ABk9SR7TkwraaZw
ASOS Creeper Zebra Uk 13 Brand New-goth punk rock #shoes #boots,11.54,Brand new ·,Sold 4 Mar 2026,https://www.ebay.co.uk/itm/188109812928?_skw=New+Rock+Goth+Boots&itmmeta=01KK9PGP84PTG5NXYK8BQN9DXB&hash=item2bcc37f4c0:g:-2gAAeSwBk1ph1a-&itmprp=enc%3AAQALAAAA0GfYFPkwiKCW4ZNSs2u11xAUdKQnkjyg4D7V%2BQwb%2BOcttdOSrra8hVxKP6oGnKZU7Mdpiz7dFWXEQKHGFzwl%2BKH%2BCVUphKvBXYn93quGm1UPtUBfiiEp2XcFxcUn4QR8J4WZM%2FmJmDVTZFgPpYYzEMEWn7CzEzmbP%2F7iw665kK6jfzdkvJBR68PtfyixKAR%2B4N44hdw%2BqkYhEtI6%2FHb9n650E0uQFFzfqMP8VpHHCRZcjd3pqvCP5rPM9I7rZkIzmdIn%2FFNouJtFLtAa7K%2FOoa4%3D%7Ctkp%3ABk9SR7TkwraaZw
New Rock 272-S1 Black Boots Metallic Goth Knee High Zip Leather Buckle Boots,246.02,Brand new ·,Sold 4 Mar 2026,https://www.ebay.co.uk/itm/254571068602?_skw=New+Rock+Goth+Boots&itmmeta=01KK9PGP85B37GH90GD7ASAGXX&hash=item3b459e3cba:g:jtkAAOSw-bViINtj&itmprp=enc%3AAQALAAAA0GfYFPkwiKCW4ZNSs2u11xAiCSqTg4Imhc7RikWYUx534ZNMG2sE8DTDh9DeGzIkyk6HT45o2UlggwwIK%2FkzQwdar5k65c8aA%2F3lUnm2CCAGq%2FHjFtVtlwBjaTE23UAX%2BUW%2BZBtu0sgbbEpH5SZF6fqccy0jbQiPm7kLuEEE44bpD1KQXYjTsVMq4zbJdVmSAZzX%2F8UY9NzREqpxTPQH1co0liZZ1I%2FoFJIPDPTafTDpik7JZ3Rx7XVDcD%2BliiZXPkuOLwcnqj2Z90A3pBGWNdQ%3D%7Ctkp%3ABk9SR7TkwraaZw
New Rock reactor boots Vintage Eu41 or UK 7 or 7.5,119.26,Pre-owned ·,Sold 4 Mar 2026,https://www.ebay.co.uk/itm/286987985231?_skw=New+Rock+Goth+Boots&itmmeta=01KK9PGP85A2KDT9BNSZ88D7H7&hash=item42d1d1214f:g:x~YAAeSwFm1pMOVq&itmprp=enc%3AAQALAAAA8GfYFPkwiKCW4ZNSs2u11xD11aAb22SdwcGVphpEBstnMCN2OTpN9eSUbbKgO7RxWnFh9TgCtMF8xjXha4WXel04y1eb23nn9CM9a%2BetA6rgHRj3QMqQPNTF6roLKOWExicmZGrDLc9X%2BBzqGwbpVhfRC7JFhphCsnkxrCmoPGxzVGfIa0p5dkoZfk1PQgTFFmVeIFiFBSUTu7WmokQE0TtanpE%2FXQx7rUPhm%2BS4ABir8pmvafs4tJP4j2GxRFA7RmH3Hz5KlkbWS05pB1wE3O9xlkrkGzWPhJoOWmGXncY5TxzAA%2FZKaeB3moz505dtnw%3D%3D%7Ctkp%3ABk9SR7TkwraaZw
New Rock Boots M-215-S6 Unisex Metallic Black 100% Leather Goth Techno Biker,184.99,Brand new ·,Sold 3 Mar 2026,https://www.ebay.co.uk/itm/255313284540?_skw=New+Rock+Goth+Boots&itmmeta=01KK9PGP85M91ZCEKVZSMYRF7C&hash=item3b71db8dbc:g:neQAAOSwsQ1h1Dbl&itmprp=enc%3AAQALAAAA8GfYFPkwiKCW4ZNSs2u11xBU6jKVvQUHUpIkt4qritSgOxMZyiZcaUNDWrjk1zRMI5%2B5dSKFxQTIR5Dr8heD32Wqor0f9frYr38A8Kb9%2F2%2BobhvtVX%2BwY%2FFzp1vwBQz59o%2BW2PUcNuEfcD1IR60e8qM3VVkSghPAcFfC4I1JS6WPdYt4yzxtgkm0rNcBvh9GWcpIBFk7LZod6yEpLKGVX8Xvg%2FGn4HgsmNLEAzV0tqqRksh7gzP85N7BV--ZAS%2Bp9IFB4uxJ8daZMg3FRAjK53gnR64yC5MD%2B4rt%2FtSl0XEenVP0ygndyG%2F7fywBE8NZbA%3D%3D%7Ctkp%3ABk9SR7TkwraaZw
New Rock Boots M-TANK120N Unisex Black 100% Leather Goth Platform Punk Metal,199.99,Brand new ·,Sold 3 Mar 2026,https://www.ebay.co.uk/itm/255313579741?_skw=New+Rock+Goth+Boots&itmmeta=01KK9PGP855H6397A0WMSHXTSG&hash=item3b71e00edd:g:9A4AAOSwbDJiIPgV&itmprp=enc%3AAQALAAAA8GfYFPkwiKCW4ZNSs2u11xDQqP4WAYTlWMa7WRd1Fyl0VX4Nk88RgEI7zSgYh3%2BA3O6aeOg2LpPdaa2BvHMq9nbPbRR8JE%2BLtlDEb2G6HsphC6O0bOfA2ysAWTeuiGx2dioGbrCiRAlBUlAI8y1N0PNz5p7xzZLhyU4oDP6gZdtZiwRW9dim%2Bok2YN9fHbZVAGjlwf0vWg%2FSMVuUcASrYJexh4EWZ8BLmnb2gRSUTkiRzqRR9Pb4qjHR%2FOVpuF3GS%2BrNANq2H6I7pM2%2FzvNEpPRhUUxbOIo0zE%2FiitHksnHs4V6o7q3C03VxFW32VfGZ%2Bg%3D%3D%7Ctkp%3ABk9SR7TkwraaZw
New Rock M-TR005-S1 High-Heeled Ladies Black Lace-up Knee High Boots,179.99,Brand new ·,Sold 3 Mar 2026,https://www.ebay.co.uk/itm/267195937391?_skw=New+Rock+Goth+Boots&itmmeta=01KK9PGP85ZSJ5EKSA0026GMTQ&hash=item3e361e726f:g:fj8AAeSwUCBn3WyW&itmprp=enc%3AAQALAAAA8GfYFPkwiKCW4ZNSs2u11xA2Vlppu34B1buSIHdgeYN8qgKrNjB9pi4Qo2YcXLWupLH4GErf83lfdiNvt9dfwC3E0ZZHqYKRU1ItKBlqu2fXeAdgnYD%2F%2BLdt2fnfz8Cz0pFDYAqS%2FKLjMdOS1MIH3HrMOZYdGaeNlhvygG658VO%2FDu%2FmfFNFdaM3WGXfmUhZt0UMBrLiLvAyAh1b%2FfzIZoITPA%2FWVPSxe%2F43af7OWvLM%2Bs80oRp0pPVNJfdzyx59Yuv8XBoL4ZtS4ZK7ev36JzQvNB%2F9iBWwwdz5hPkI12RW0aughicKs3Rx4x%2Frb8NXjw%3D%3D%7Ctkp%3ABk9SR7TkwraaZw
NEW ROCK 7960-S7 Shoe EMBOSSED VINTAGE Blue Leather Buckle Steel Heel Shoes,189.99,Brand new ·,Sold 3 Mar 2026,https://www.ebay.co.uk/itm/255313526771?_skw=New+Rock+Goth+Boots&itmmeta=01KK9PGP853708TV11H1QJ48AK&hash=item3b71df3ff3:g:KuAAAOSwfnNh1GVG&itmprp=enc%3AAQALAAAA8GfYFPkwiKCW4ZNSs2u11xD9eA13%2FdC9gF6rmDkyrColdNZvz%2FijPrMNkgwNDtxAZNhRpvT64LuhkQMEQhUUQpTOZ1iXruU7MNSXKUS2Qet0IUAQHvIrLeFmL%2Bu7bjQvCunFjgkExNjRVHOOamGCQcAa0ooStdXTvezQNOxWpOgLaLHZ%2BOZCcJAdFwdu%2BCB90T74llNnTTN7Axj1xiDCEONJlHaV3JGqc8my22inZtIlNnjW526eCsXNOHzrFw%2FieW99OTFVkYvBt8s0rzYozd4rXtlTP3WHh6u5%2FycYe8pAT1XqmzSdjyEJbC%2F3ISfKqw%3D%3D%7Ctkp%3ABk9SR7TkwraaZw
Dr Martens 1B60 LTT Max double quad sole platform knee boots UK5 EU38 US7,250.00,New (other) ·,Sold 3 Mar 2026,https://www.ebay.co.uk/itm/168183221549?_skw=New+Rock+Goth+Boots&itmmeta=01KK9PGP85ZNCAVK5BSHP4HQ7H&hash=item2728804d2d:g:3iEAAeSwAGppnWIW&itmprp=enc%3AAQALAAAA0GfYFPkwiKCW4ZNSs2u11xD9HokaCIaweiyQAy9ZaKdXo2f0zDvuAwkhmKexpWQDbIl5z4ydw964kenDW9MjqnEStrnM2H9Z7uomtyeRUKmvZ16xFKipymvN%2FTB2G83Npgk8lm8bgvQjb4SStG3%2BgRHXz4%2FO85y2SMwcdJosCY5K5BAEWzkdwJ6G46pGwK1p5%2FkWAonP22Y89ETAU%2BQFDRXmiy6cp1t9t7e9bsz6wxIG%2FSxSbXvTUgZDg5y0wdFNGvX338X8MFesbj8VNGDNW4w%3D%7Ctkp%3ABk9SR7bkwraaZw
Rock Boots Unisex Metallic Black Leather Platform Gothic Boots UK New,64.90,New (other) ·,Sold 3 Mar 2026,https://www.ebay.co.uk/itm/297772500032?_skw=New+Rock+Goth+Boots&itmmeta=01KK9PGP85KMX72GVYWWWC8QN0&hash=item45549fc440:g:AP8AAeSw5FNpAc4b&itmprp=enc%3AAQALAAAA8GfYFPkwiKCW4ZNSs2u11xD0jyap2OaxzbQs17sNjKy7msjZJ%2FSYLe17zD7GSHM0SXulWBl0BYRGpZpbp4YNQP5ZyRtizG0bw%2FBGDJZhoDsBXb9VdQ2Fau3MnuR5jzx87rEzfqhD3byZD1L5QkitJxpMvDo6gHDw1UtfcO7ajSKjIQ%2FqoYGH9MfLqx2vmnAWCKvKlLlcTqVRboG9Qm2V%2B%2B7vZ8m8GestMxLa5iYGdqNUawZiPLH%2B5DRg3hbNEoo3cQooPw4Iu2W6KXtTMaW4hfCgIz%2Fq%2BK11yZKjyD3oWr9KfPnu1MrcB51pTLUrpIzTZQ%3D%3D%7Ctkp%3ABk9SR7bkwraaZw
New Rock Gothic Leather Platform Boots Grey And Black Size UK 6 EU 39,81.00,Pre-owned ·,Sold 3 Mar 2026,https://www.ebay.co.uk/itm/177890790641?_skw=New+Rock+Goth+Boots&itmmeta=01KK9PGP85SQAQRSZ9G6BBHREG&hash=item296b1e0cf1:g:ZNgAAeSwK6BpnY4R&itmprp=enc%3AAQALAAAA0GfYFPkwiKCW4ZNSs2u11xAqMGixRy50fKi%2FPNIEhXCRqS%2BSxurmEmVnG5dI1BqR4i%2BKJUN2hpgAOSTk7F%2Bv7Y8F5PqFi0ml27ygMbt626HDjqVCorGEQzkjmCrDo27Ywe9KVFv8ukrW6081z%2FEHvAHL4uZpdpFaMk2XRs2JH9Ty%2BMRrWOK0KxMJJh4a6lhKlHHbKIwOTDNgPf1Q3A4PJrmCe66S1s%2BHSwQma5N9Kf2Tp92uItoZdG1VsRUB9apKKWUDVpCj2ZhGeaI8j2QaLvc%3D%7Ctkp%3ABk9SR7bkwraaZw
New Rock Tr003 S1 Black Core Boots. Size UK 6. EU 39. Goth. Punk. Biker. Heels.,120.00,Pre-owned ·,Sold 3 Mar 2026,https://www.ebay.co.uk/itm/406718869216?_skw=New+Rock+Goth+Boots&itmmeta=01KK9PGP85NE24ASA3HYVCV18E&hash=item5eb2556ee0:g:2-4AAeSwAR5pnbAl&itmprp=enc%3AAQALAAAA0GfYFPkwiKCW4ZNSs2u11xAB6Wv2wH690R5rDSYxryFFx%2Fqwbpe2uUL9%2FLFxbTB5WNL8u7E0wttAfeC24LdxA4ckjC45GK7xudO3uC47%2FBk3afrtssCwELNd%2FAwZYI0xC2moOYnhccC8q3drQZtZHb5aqUal61ewZlJ%2FxKOBypMjX29ClIRsoat8gvKa4t1KoApsXtRoOEBmfv39yfb8jsBGYCGoPVfkeEDDyWsqt%2Fib3rM65rRyKs6sWE%2Bqr8ux683uU0L5M9zKvjk9etj98SY%3D%7Ctkp%3ABk9SR7bkwraaZw
New Rock 106-S1 Unisex Metallic Black Classic Leather Biker Gothic Boots,193.83,Brand new ·,Sold 2 Mar 2026,https://www.ebay.co.uk/itm/232025097421?_skw=New+Rock+Goth+Boots&itmmeta=01KK9PGP85WATC681ZQBJEKHPT&hash=item3605c604cd:g:UEgAAOSwaB5XlNXU&itmprp=enc%3AAQALAAAA0GfYFPkwiKCW4ZNSs2u11xA%2FdjTy9VMuFG9v%2FArhnUon8ymIawfaZ%2B0eB%2FiUHcAsEl%2BxhKHCkomGRx4zD9MQgyYtBR84SnHKuQkTRvw%2BEakYPTqtzlCRzU22Fw8jcP5%2BpP%2Fg7ukyOgC9%2BX%2FFEAyu4DyQgXjS7INjLrEZKDx%2BCG9cIFBxqPDAOTVw5%2BPa8%2FPQ0zq4NLY5GSkqvzCfSNWD4JIMBiXgjdPWfShUq2JiQhvgGkaCk7uZXvXnAeQkcMGvCtgArke5UvERHYkojFxGdtg%3D%7Ctkp%3ABk9SR7bkwraaZw
New Rock Reactor Unisex Black Flame Boots Goth Punk Rock Biker Size EU 40 UK 7,40.38,Pre-owned ·,Sold 2 Mar 2026,https://www.ebay.co.uk/itm/389685579761?_skw=New+Rock+Goth+Boots&itmmeta=01KK9PGP85J5ZM0TE64JM9054W&hash=item5abb120ff1:g:LmcAAeSwR~BppEma&itmprp=enc%3AAQALAAAA0GfYFPkwiKCW4ZNSs2u11xBG3IhUSifUBZTuP66axFAPMVBfyBvztakwHlWqIlEbZ90n7V3C1HmKsyuPwoIPFIvUdXpBuTeqQLk2omFCFVpjd%2FSU6oxskxANCKkq%2FDj4YCfkXNxNUiMiUMODITCka2SRJII7APOWkxXD5Qc0DGJbJyhNf6H8bCkaS8EcUUAsZRAtc%2FJWYeF8ublOzSp824LLD%2F7FAiICI7aesWKrP4O8uclNcvhCdqwsWscH60JJOIt%2BAqMb3u9oVlhV1pMaqpU%3D%7Ctkp%3ABk9SR7bkwraaZw
New Rock Women's Leather Knee High Trail Boots Goth Punk Buckles Size 5,85.00,Pre-owned ·,Sold 2 Mar 2026,https://www.ebay.co.uk/itm/188095396320?_skw=New+Rock+Goth+Boots&itmmeta=01KK9PGP85BBT7M2WDX4Z8W5AD&hash=item2bcb5bf9e0:g:VSMAAeSwp25pn0rx&itmprp=enc%3AAQALAAAA8GfYFPkwiKCW4ZNSs2u11xAUAqBX9YqKibnLuRgYUJDzQLxOpmdaYdxeyx1YrJ3oWvUKaiQ1dzokW97c9rHwY4NOKBAGIpFH1xox4ED9vPS0bQI3Ex%2B0itr4TUE28pyuWmzSDHzEQ8I71WORIVyJsffcsABx5PRAspF8AQJYch506RVQR7Sl7RR6XUv9YUH7EKCONBg7tO2ILsdeK8sM3EegWIB0eSx6j2aEeyl6NTn13LyfJw3XAG%2BOLtwk4YPOBX08sBy0w7kdRoQXDrvLMFjAb7CF60mF%2FbyGUVgtcCiO8KBZl8B35ueg7HpTyMzfoQ%3D%3D%7Ctkp%3ABk9SR7bkwraaZw
New Rock Boots WALL1473-S3 Unisex Metallic Black Leather Platform Gothic Boots,242.29,Brand new,Sold 2 Mar 2026,https://www.ebay.co.uk/itm/256066573699?_skw=New+Rock+Goth+Boots&itmmeta=01KK9PGP85D9Q1NN0Z1HY35XAQ&hash=item3b9ec1d583:g:uBsAAOSwDRdkVlx6&itmprp=enc%3AAQALAAAA0GfYFPkwiKCW4ZNSs2u11xBvvO6toAlZqhoewk3460duPsHFv%2BRsPNm%2FOfRVuFQiIH5H1hBbtv%2BLO80BkZj%2FV6RU5MrE70Hj9MfardAM2%2BnI1wsg2GPFM1U2YsqF2mbO8c9hWut4thsZvos%2Bc%2BTciOUz9sFCJ%2BsGKDAplW%2BaexeNGaAMa74nUrWjxW1m1mU9mEel9T1ORqMwk0bEwMgTxcB1Ods0UFSfbtbNhDybY3TDRmTZNgXVr8qfJuWF%2FlPLk7tc2XYcJWTBmnxn4VW6lpE%3D%7Ctkp%3ABk9SR7bkwraaZw
Men Tactical Boots Military Combat Shoes Lightweight Outdoor Non-Slip Motorcycle,51.99,Brand new ·,Sold 1 Mar 2026,https://www.ebay.co.uk/itm/317368396736?_skw=New+Rock+Goth+Boots&itmmeta=01KK9PGP85ZQD91BHW5SEV3KG2&hash=item49e4a16bc0:g:r0IAAeSwqBtpXRYT&itmprp=enc%3AAQALAAAA0GfYFPkwiKCW4ZNSs2u11xBuy9EIIzRonwR52WRlF%2B%2BRqdRposzHeNqPdovnsmy6KOwiIX%2BJiUi%2BlWXkfTeX%2FL3JO2Ok5USGao8wCuUiVVZhgwb6tg8xJA%2FYuD1IyOZL0qTuWVxCwR53f9ssmFne4Isz5WJs%2FBbxrvddjGVHt%2F2RI12lAdJUbfnfqVmTR2FyoOR2yt9oDAZTmuT%2BIM0spJ8ysnVO8GtKOy2Dk1AMKjOCJ2oj20SWNsMEW3hr581Yc945PH82B45fjAJM7xDSfBY%3D%7Ctkp%3ABk9SR7bkwraaZw
New Rock Chunky Black Mid Calf Reactor LeathernBoots Size 6 Goth Rock Biker,99.49,Pre-owned ·,Sold 1 Mar 2026,https://www.ebay.co.uk/itm/137004595275?_skw=New+Rock+Goth+Boots&itmmeta=01KK9PGP8514TZ29SM2AWDXPDX&hash=item1fe61c384b:g:8XgAAeSw5XJpf3Vs&itmprp=enc%3AAQALAAAA0GfYFPkwiKCW4ZNSs2u11xApKicsxW%2FkijbZGah8Gdja0%2F%2B%2BVEO0S6MGOYl8sIrpZLRWaotlmT7B%2FbSO6SnqOoqzwrsuea1z6jbFIv%2BCJSa9S3gs3EzULp8XhG11z73CXXlD4AqI2do4TyoLDcaj3W9yDPmkyp8JRj7yT8196hMS7Uk8cKaTXkb%2B%2BJlQWTM%2BcudJmhWcYfYkHlRdJ4OvBwFuthiuA%2FZZ03NX%2B0%2B0SCCEPJfkMjhfIFSX1JFPeoFUeAKX5ewn6i68I6C7D2FegiM%3D%7Ctkp%3ABk9SR7bkwraaZw
New Rock Reactor Gothic Platform Buckle Boots – Flame Skull / Devil Skull,167.10,Pre-owned ·,Sold 1 Mar 2026,https://www.ebay.co.uk/itm/397564091932?_skw=New+Rock+Goth+Boots&itmmeta=01KK9PGP85STJJM8C37BNSG9F1&hash=item5c90aa9e1c:g:JhYAAeSwaytpgQxR&itmprp=enc%3AAQALAAAA0GfYFPkwiKCW4ZNSs2u11xAgaHexxbOAwO3YldiVSk0QDaZIkEQopjY8%2F3q3OkOlBKtSiLJKXqv49LTUuKjsttRXeTQZIHXv9YCETuqgmLNS0MsRPqVabeduuVftHX1SkosmD282KDki23c7DQkljIa9UCEgo5TGW5d%2BfCDnbsaoIWIDteninYBBoXGgrGER9wbjaMlv%2BbiT55Smpo%2BjY7iYi8KoAIZ35gkCEOHiFgeudRosKcnjkr0Ir7VfFHpod959%2BMK4SxLDEND3oFABR8A%3D%7Ctkp%3ABk9SR7bkwraaZw
New Rock Malicia Black Leather Heels Knee High UK 6.5/7 EU 40 Goth Rock Boots,52.70,Pre-owned ·,Sold 28 Feb 2026,https://www.ebay.co.uk/itm/376984535622?_skw=New+Rock+Goth+Boots&itmmeta=01KK9PGP85EYDCC8PGR8RFWD4J&hash=item57c6078246:g:TiUAAeSwoNppm5P0&itmprp=enc%3AAQALAAAA0GfYFPkwiKCW4ZNSs2u11xDWM%2F99zzPBWxXeK8TsxYJfnEBoSyFq49GzqtpcaQTGP%2BK%2FJSuay0urXvJRCEKs7gDXFERpW8u6SBSXyqdAL6cZTv9gm%2Fp9gj7rk6%2FbgYtHDPHvHtGt3pF0UvsqnqfiPfYZ3XVVCaFOgAQmf0KYu7q%2BKFLsJRP%2FATp8n1P3X%2FahpAb9Fqj%2BgHajYOjauEB6t%2FljVsMUHYwkxMOGeh6iwaX5prUn%2BOjSZpVOLSYhfV9I0eIRBnNYR7hggXtv88w7yMA%3D%7Ctkp%3ABk9SR7bkwraaZw
New Rock Reactor Flames Demon Devil Leather Chunky Platform Boots Uk 9 Eu 43,199.99,Pre-owned ·,Sold 28 Feb 2026,https://www.ebay.co.uk/itm/306721233645?_skw=New+Rock+Goth+Boots&itmmeta=01KK9PGP855FFMZGR00Y3PY7AJ&hash=item476a029aed:g:KbQAAeSwjBRpb0j2&itmprp=enc%3AAQALAAAA8GfYFPkwiKCW4ZNSs2u11xC8LGeDJ5intNq1m5SbI%2BgQHA%2BpatJquMMia6SuXx212L8Wyhea0vG%2FFNvtnnpiMOR40u0O80RxAq9DLOGmVq9XmvM61AHFyIBTYdqiPt2DXKKyDpsKf%2BEveb1W6JLmd9B1iwVvkPtE%2BDaYadNzrUXI5LlR3WKOuD5hj72rQo4e%2FnKnSR1NvGgKuu2yCP09x15Y1wz4e%2Bqfkxiv9jHwkcmIdIVn1QyJS3aoWHBA%2BO8Z41yHJHTnt6RyUhX2gQ9n3%2BUDqtQ9BMvr8rENj%2Bq0jTUxjDNt4%2BJU6dKzA5wUqzLdnw%3D%3D%7Ctkp%3ABk9SR7bkwraaZw
Girls Childrens Low Heel Front Zip Goth Punk Casual Party Ankle Boots Shoes Size,9.45,Brand new ·,Sold 28 Feb 2026,https://www.ebay.co.uk/itm/198085931277?_skw=New+Rock+Goth+Boots&itmmeta=01KK9PGP86R7VHVM68AKSGHK0G&hash=item2e1ed7710d:g:bkcAAOSwGw5hSZzU&itmprp=enc%3AAQALAAAA8GfYFPkwiKCW4ZNSs2u11xDlmaMnbasastUUlufddSrw9s0WfsclZPWiknmEhHOPL0pOxl%2Fpvt0V86Lzc3z7k9BoTIvp%2FlXavphQoXGRghCA%2F5obIb1ojMHzFj1DJmK5jMBQcB9VzX--gbuEgWu3doZleSvJrT3a8gCpsaKaMvI1l8txAOvn3ip2P8OSlIVAeqUVus2QWKQ3J12H%2B6LpvNI9qe%2F6k47XbAn5odIzX0aVBOfdzCwlYEKRz4T%2FaJ0PSZNuvBvySIpRQaXd1p9jIaVHdIsY4yiRuRKC4fl0ZqWERPmRCFNGmWoNCsMDlql%2BkA%3D%3D%7Ctkp%3ABk9SR7bkwraaZw
New Rock Boots M-272-S2 Unisex Knee High Metallic Platform Goth Neptuno Space,224.99,Brand new ·,Sold 28 Feb 2026,https://www.ebay.co.uk/itm/256865627692?_skw=New+Rock+Goth+Boots&itmmeta=01KK9PGP86PNA0RP1NXFXSMNMP&hash=item3bce626e2c:g:~psAAeSwt7Rn3VmO&itmprp=enc%3AAQALAAAA8GfYFPkwiKCW4ZNSs2u11xDV1oAW7WU%2Fnvu3Tux81iC2zy5CzLFp3wk5q9UAcIWijMN3UZTwlUqpXbs%2FTfuaNDfzbXAiv44Cxmc2lnv2gKUKK5uLusGo%2BpKoj%2B0ggN%2BQPKnv4UdwMpEYF%2B759a5yRJXYOHU7GHsyPp1fsCzteCI8rLf%2BX2oidqvLsgpq5HmCW0bLwIvxF48OGO3dudtzjnKFqHNd4x7m8QANQIuQF21MGxx1rGUF%2B47EAb6aPn8K9Tjw1OIv9kDjhHqFv3K4NIeOC5KWH8GUW81ERKZ8J2GYSeQpaLTVOHKGqwvZWHq66g%3D%3D%7Ctkp%3ABk9SR7bkwraaZw
NEW ROCK Reactor Black Leather Mid Calf Boots UK6.5 EU40 Steampunk Halloween,105.74,Pre-owned ·,Sold 27 Feb 2026,https://www.ebay.co.uk/itm/389164304370?_skw=New+Rock+Goth+Boots&itmmeta=01KK9PGP86FV010Z2B1TF7RW9M&hash=item5a9c0007f2:g:SzYAAeSwXVtpA54S&itmprp=enc%3AAQALAAAA0GfYFPkwiKCW4ZNSs2u11xAo9NKahgskCGEasn8VVFhhdtr9F9GDd7OmwIXZZv1dg3Asc7jflphMJBa69IHrGpAsxd0tzSNAt5aq3rHgSkc7InMjLC6tKIhdQvNcyUZKuNdHdTxhR8wY8oHzSBGra0rZgTPMeLvjkAmqrPpG%2Bi1B5bpluTAvwazPTpIa1crnao1wFpJO%2BhByOlvr%2FwkewERLaIJBVFB4SMT8bXAl%2FhF1D%2BR8%2FgemT9b9XHUjNgeMaYDoMaA49HiWpv17DzYiYQ0%3D%7Ctkp%3ABk9SR7bkwraaZw
New Rock Boots M-TANK106-C1 Unisex White 100% Leather Goth Platform Punk,223.66,Brand new ·,Sold 27 Feb 2026,https://www.ebay.co.uk/itm/254996282822?_skw=New+Rock+Goth+Boots&itmmeta=01KK9PGP86K7Z1Q32Z2J15TH8S&hash=item3b5ef67dc6:g:cmkAAOSwkeBgsP4k&itmprp=enc%3AAQALAAAA0GfYFPkwiKCW4ZNSs2u11xDkc7kigQwuYNcDAIoGagoAk6fKKlxT7Reb2aQDFhVAKdiG6N2OvYbPpNXcFbiSfrLy%2Fl%2BbxvsDV5gLtPNApwMv3fgd65nk3hJLN2D6gTDV4jIciRCezr9ns%2FyaJDT9pYxaMMOw9LzK5TPlp7NWg20akZxHvElJMF2pUsyzwMQ2h6elICx5kQthVCHjWrMnM4hur2YCJV3UgmOJCQ25I5Nb1hmuUzVdzgLIZ50Q7G17oTVXFMwSIpVWv1KUvugCENw%3D%7Ctkp%3ABk9SR7bkwraaZw
Sultans of Ping FC Kick Me Leather Boots Tribute T Shirt Unisex XL - White,13.52,New (other),Sold 27 Feb 2026,https://www.ebay.co.uk/itm/317466355021?_skw=New+Rock+Goth+Boots&itmmeta=01KK9PGP86VEKBH1TRKJV9S6XS&hash=item49ea78254d:g:DSIAAeSwy2Zo-6qN&itmprp=enc%3AAQALAAAA0GfYFPkwiKCW4ZNSs2u11xDpuCC2E5Ivtplc71UWZuN5IYfRV0YkAY6juAXLTSEiIyoQuFIZ0X2FbuQAGsE8wao%2FNm46amR819AZpQNztMP13MW6q8Rap2Oy7ravoUn23Cj5JE9zlZF%2BPAcoGWfHCeInAjntVD7q5J2HVAIN66mTS3%2Fwmn9dF5y5XF%2FNP2G%2Bkr%2BUGtWcxa0dYXhjOi0LLkiCN5ImYaBQzLi649GsWCZiIFQevglLPrvv03cYqxJ0wqVE4HLHO19tmk80Q31EXcA%3D%7Ctkp%3ABk9SR7bkwraaZw
New Rock Boots BIOS106-V3 Black VEGAN Leather Unisex Platform Sandal Biker Goth,175.49,Brand new ·,Sold 27 Feb 2026,https://www.ebay.co.uk/itm/234986922522?_skw=New+Rock+Goth+Boots&itmmeta=01KK9PGP86HGJ52H60DAGRH8KH&hash=item36b64fe21a:g:8kMAAOSw-spkR8cf&itmprp=enc%3AAQALAAAA0GfYFPkwiKCW4ZNSs2u11xAnsCLnactI%2BB9Rgw6u3OC3uOSYGFG%2FJhxuY18jYGahXw2uPoILTu38%2Fq5ByA7zmmHUJRzcwjOQgu5BRUOrQvCGgFkOPQ%2BeSfPhJ9AN2IuEVH3C9E9CRagNXsOnISWCoEjSf7B3cP0Bm3kQi6CaGuPnY3B%2BWjLyqn3JKooDu%2B8w2PBOrZEmqDQ1TG4OJUGr0Q0OOXNA22H1MxKa7Ls9EnWkt1lRuH2pOi7hCTGr%2BpoUNKiloP1aXQioQHoJopYCkiE%3D%7Ctkp%3ABk9SR7jkwraaZw
WOMANS RARE NEWROCK LEATHER BOOTS LIMITED EDITION METALIC HEEL PURPLE FLAME,150.01,Pre-owned ·,Sold 27 Feb 2026,https://www.ebay.co.uk/itm/177205489963?_skw=New+Rock+Goth+Boots&itmmeta=01KK9PGP86JX8R91TCPWP62W31&hash=item294245312b:g:-IEAAOSwSn5oUpp0&itmprp=enc%3AAQALAAAA8GfYFPkwiKCW4ZNSs2u11xD3rC8zSoykK6smxDAQtZNZsSXl%2BTyn6kDBqmMDeZzT03kKjaqT4Yi2%2BKoE06EEc6XS%2FJcG9YTK7rIPHiXRNTQkGXq9xaGSFFdrVfpGblkfFW%2BI%2BI3kohdiypr7OuyKDn0gJy3exi99sONb%2BrnYVo0bVJDXiBG0kzQHZ7Hhf2E9feQJxRk%2F5MVkBEYWlXeI4cpBT49oUw%2FFxR5VqHOfneKjmu1l3v2mzXqJVjQWApPkCDZMbhahdjcVg%2BQ5F7um8x0zNhlDbopZPyGa2loCfNQxdN1zZLoEbWblKwUD50%2FqyA%3D%3D%7Ctkp%3ABk9SR7jkwraaZw
New Rock Comfort 1481 Black Leather Flames Platform Punk Rock Boots Uk 5 Eu 38,129.99,Pre-owned ·,Sold 27 Feb 2026,https://www.ebay.co.uk/itm/306653413176?_skw=New+Rock+Goth+Boots&itmmeta=01KK9PGP866326QBATB387VS9D&hash=item4765f7bf38:g:A6oAAeSwUWNoIbKI&itmprp=enc%3AAQALAAAA8GfYFPkwiKCW4ZNSs2u11xCxxG79mJKOHbjtwIHxO%2Fs2LMDf%2BWVnWfDBRnxUNYesMHgZB5T4kWr7sl2ATOtjeU1YH6Y4cQN5szsazjAqXi3pGcTcV5OkSfd23FUOk0X6d2oNdA%2FWmg6%2BqNIZSXHQRC9fvNA%2B6W6qzzCYS%2BbfSqzxGGSYcG%2BNh4SFOb9j4m0n63v3tUlY75MzETM%2BDGkXE21hGRFJFPu%2B7XOPC1hxDhS2d8y5d6tK74I0TCQh4rjitVOmVihqNwcxpDyGDdm8oGDzDkyRyAAzBUeW%2B%2FNdNMgqhwedZw1TXFFDYH9VpsGE1A%3D%3D%7Ctkp%3ABk9SR7jkwraaZw
New Rock chunky platform shoes black leather EU39 UK6 goth punk,115.10,Pre-owned ·,Sold 26 Feb 2026,https://www.ebay.co.uk/itm/317856630581?_skw=New+Rock+Goth+Boots&itmmeta=01KK9PGP865W9BE06Q3Y3SBJ5T&hash=item4a01bb4735:g:4PIAAeSwrHtpiOX2&itmprp=enc%3AAQALAAAA0GfYFPkwiKCW4ZNSs2u11xAu%2Bga3W7afNpCiNw51oSxJXd8QWKUt6ifgWIsKeiP%2BwBEmnQF6D69mN0h3QKrZZOCO3wUxR6iZsP0pVlsrwlz1wao5heUt%2BWESfddwA5bd16z1P3vnjF5mj5i8jayq33R%2FCOZRwaOav%2BWMLGj5HHHw0KEEFsOYMjj3BLABUUhEfz5OZ1eb%2Bl7XVWaJL25kiOVrVmUz9NQyCYkT%2Bb5vFDgElv8LOJBHCUXiNqXpEr%2F6nO6KI6Kncxb5KRNFxQETnqQ%3D%7Ctkp%3ABk9SR7jkwraaZw
Asos Design Cruise multi strap knee high platformed boots black emo goth metal 6,120.00,New (other) ·,Sold 26 Feb 2026,https://www.ebay.co.uk/itm/177749296783?_skw=New+Rock+Goth+Boots&itmmeta=01KK9PGP8684WYGQ1K1Q2MWC3S&hash=item2962af068f:g:bvMAAeSw3mZpXNDN&itmprp=enc%3AAQALAAAA8GfYFPkwiKCW4ZNSs2u11xDV2LgMpUCiAxCy2qalN%2BMwwEgmYxCU8SXPRUhy2cu0wUV79UdG8YTDY4TFgINRgXeucFn7M%2Bdi1tofPq2o3cZCiIsqe9xzDE%2FCe%2FPo5fvhDh%2BeVzRpfu4M9ASsORVfv3zgultHbCFybHqfW16cixnZaHRXJASA7jA7g0LC6Uyet0cG%2FNV3pv2YaFMJNYUGzwWozWJkYIacEO95GjgwArbFDaoqsx2MvUz%2BMY%2FIeURndEpvcodXXDZJ4nmjrVpvNNGCTqUDNKK%2FUCweqGQwKZ26bZdW2mTyRK4g1AUfw94NUg%3D%3D%7Ctkp%3ABk9SR7jkwraaZw
New Rock Black And Purple Leather Chunky Platform Boots Size 38,90.00,Pre-owned ·,Sold 26 Feb 2026,https://www.ebay.co.uk/itm/397640806843?_skw=New+Rock+Goth+Boots&itmmeta=01KK9PGP864VH4FJ6367MZHDY9&hash=item5c953d31bb:g:DYIAAeSwe4VpjfSU&itmprp=enc%3AAQALAAAA0GfYFPkwiKCW4ZNSs2u11xARlUNcvLqwFXb2TF362QsmOCTj2bSSkISGcKnRYTrAbX01XnzRP7D1%2BvNaaIcCcL68diDoJRiQHpqXuXVeHkywxJ5GsLoFrwB5VwXKzSjuqBVzrlq544ZSmnnIGAbtMapl4ziC%2Fzd4nomwtyOFckymgd%2BZqx5rUNyOWw7yWC9ov5uYBdPYemi2QuNBbgBTmkI5bwiq1bGaHKn%2ByWypEQs1jmXaUpDYK9nyCJYS9xvcbjq9jrZPDDW1o3Q72cwFjBI%3D%7Ctkp%3ABk9SR7jkwraaZw
New Rock Reactor Tank Black Chunky Platform Black Leather Boots Uk 7 Eu 41,159.99,Pre-owned ·,Sold 26 Feb 2026,https://www.ebay.co.uk/itm/306426857358?_skw=New+Rock+Goth+Boots&itmmeta=01KK9PGP86SNE6VPQ3EN5F2RWP&hash=item475876c78e:g:RsMAAeSwtrBojHNh&itmprp=enc%3AAQALAAAA8GfYFPkwiKCW4ZNSs2u11xC4fSptetWj2jV8%2FjLB6Rropg116TFtK9bHi6tW8IOBOYgumHHuEtOI8b%2FcdmXqT6TFvLR3ml6vlwiLcgH%2Fn3fm1UfEQEj%2F5FNiuA9u9nV9GwGYJMMXsAd9wEigIjJozHB5QS7TF8sqD9khUe6QBhmSb54wKoux%2BpH9D90xdx9CRQSIv3GotHnHwjndHhjWnp2pp8O%2BBPlI3oPwkiQ0f%2B3Dg7EuWl2uols4Jc%2FMcYtxIeJuUJB3ar9Bsebumk9kO%2F6Bi%2FXE5G4YduaGwVzkp0qiqmmuDPEheap9UH5rihctlA%3D%3D%7Ctkp%3ABk9SR7jkwraaZw
Shop on eBay,$20.00,Brand New,,https://ebay.com/itm/123456?itmmeta=012DEW30YG0MEEKND7NH&hash=item123546:g:acwAA9KNiJowH:sc:ShippingMethodStandard!95008!US!-1&itmprp=enc%3AbgepL1tlUHjMGCVfSTGJh%2BzsVKeJ3CQk7NizDI4BZeppuFnmyS6Ijyp8lh%2FnEw%2BWqO7uTV1Q6izE1R0T54aV8j71F4xlWfVcGft4%2FiOQhtqVXA1rW6M1atPARQRmhqUxtEPJKhKtSFgI%2Bvwlzb0GwVCtkp%3ABlBMUObkmabpYw
Shop on eBay,$20.00,Brand New,,https://ebay.com/itm/123456?itmmeta=012DEW30YG0MEEKND7NH&hash=item123546:g:acwAA9KNiJowH:sc:ShippingMethodStandard!95008!US!-1&itmprp=enc%3AbgepL1tlUHjMGCVfSTGJh%2BzsVKeJ3CQk7NizDI4BZeppuFnmyS6Ijyp8lh%2FnEw%2BWqO7uTV1Q6izE1R0T54aV8j71F4xlWfVcGft4%2FiOQhtqVXA1rW6M1atPARQRmhqUxtEPJKhKtSFgI%2Bvwlzb0GwVCtkp%3ABlBMUObkmabpYw
New Rock Boots Knee High Black Real Leather Biker size UK 6 39 Gothic Punk,95.00,Pre-owned ·,Sold 26 Feb 2026,https://www.ebay.co.uk/itm/287161680332?_skw=New+Rock+Goth+Boots&itmmeta=01KK9PGVZAMRYFJFJA5QH84385&hash=item42dc2b81cc:g:TNYAAeSwoVJpnaT8&itmprp=enc%3AAQALAAAA8GfYFPkwiKCW4ZNSs2u11xD5%2FYpgPXJb75l7twIslUCrssB3bnqb18vY--0CmYs7BflkYTiaoHpo493hDWt0L9mIb%2FP7GWSRfasa85AOAL9%2FTVaNdOJBvKyXTqLd5%2Flp%2BZVaxpBQxcGPkvQyOy51IWa0YesDVhNaFSdz4JZ8ZdHoi9wK2dQciiqnZ%2BITW6iKd13nngScxjLK868CB5Pv6IvuS9Mw0CbdXi5yOFciyowy1aCSoMMAqj%2BrSLTC81W2YXdrVttrZXMol8H2RU7oHQvNV%2FqodLOxld%2BDAXszapT0xEMkuWUkky%2FFiDKTtzDpXg%3D%3D%7Ctkp%3ABk9SR_C_w7aaZw
NEW ROCK M-7960-S14 EMBOSSED VINTAGE SHOES Black Leather Buckle Steel Heel,205.02,Brand new ·,Sold 24 Feb 2026,https://www.ebay.co.uk/itm/265243142638?_skw=New+Rock+Goth+Boots&itmmeta=01KK9PGVZAKAXW93C2Q29VA5JB&hash=item3dc1b929ee:g:h9YAAOSwgGdg~sFy&itmprp=enc%3AAQALAAAA0GfYFPkwiKCW4ZNSs2u11xB2DBKDMLB8h5ljvvvU8Vy34nUFdY6M28XmHH0igH%2FdgCl4E6aVb76ytpPdUvHZUQBkKJeBYSaHeLIMzk8eYRFuT9AOkIKaxPYPb3JqOWek65kXkx%2Fbl%2BVnL8toEL7DZyKEOFfsEEScUNhlRexByH9hD9In2NKL9D96FGbyUQkQuDf%2Fl%2BJXQz9zV24djfSBOiovpVA8%2B%2BniWRgzHR8pKBbYRuHIP%2BYaC6szz0wYIjkmBZC%2FlrlxXeylKvyly74MzPI%3D%7Ctkp%3ABk9SR_C_w7aaZw
Boot Charms,5.45,Brand new,Sold 26 Feb 2026,https://www.ebay.co.uk/itm/127431258034?_skw=New+Rock+Goth+Boots&itmmeta=01KK9PGVZATP20XS55K8H47GXK&hash=item1dab7eafb2:g:-j8AAeSwWVdo7lk8&itmprp=enc%3AAQALAAAA8GfYFPkwiKCW4ZNSs2u11xDHunJiJA%2BExilPf%2BnyhgmzxdRk0FvHMAyJf1E0NltZV4AuGKYSF0zHJeK%2FFP9Bbqjb8H19PpRGYu5RVwuXYXnIdmOuKoVlnT3Tv%2FXZyp8FLd%2B74uHPgx7fXMVXXFQDJqJ2e2oO7HTaufL6%2Fs2PZNf%2BAmfzc6QH%2B7SHBjKu%2B8jn8LTFc6I4vmWm%2F8x%2B05d18irrDjyzNLyEFfEztNn%2Bjk6lTNH67KF2fPvZYBVxP7gpmhRfWDrQhsP99%2BrZna326PX2Hao4M7GD3XQfbWEeDW1B1v5PxoHbMXP9MyE1U3%2BrZw%3D%3D%7Ctkp%3ABk9SR_C_w7aaZw
New Rock Boots 7950P-S1 Black Ankle Western Goth Strap Skull Studded Metal Boot,234.99,Brand new ·,Sold 26 Feb 2026,https://www.ebay.co.uk/itm/255585469045?_skw=New+Rock+Goth+Boots&itmmeta=01KK9PGVZA059RH7NFYB34T3M3&hash=item3b8214c275:g:DjcAAOSwAjBiqz-z&itmprp=enc%3AAQALAAAA8GfYFPkwiKCW4ZNSs2u11xArrTZOnPoUkF%2Furt5jc1mnck9Ijcyf0IkdJL8BsaYj2QCmFO6F1AIIrt3qxkMVrbIj0hg3O7uIz5kfDgUk74HZuZjfy%2BGNaC3tmNdk5UegrrPI%2BCHLHT84yJ%2Brz10NFuGE0zN7Ej7U%2FgYQESPiXy3ZPmleQUJCW46MWOQCxuWM1JUhqraBfR0okSCemgSoMpPU7wlRSpJNl8l6k%2BITsxhOmtTd5BWbBcYR3fFIFFqair10PMzamMolTrftDseayrsZ%2FzkNNSQ4VN6bc0QXaCZdqaDZ12Q6VI7T8Ruynja%2B6g%3D%3D%7Ctkp%3ABk9SR_C_w7aaZw
NEW ROCK 106N-S8 PLATFORM SHOES Metallic White Leather Biker Punk Gothic Boots,208.75,Brand new ·,Sold 26 Feb 2026,https://www.ebay.co.uk/itm/255011994226?_skw=New+Rock+Goth+Boots&itmmeta=01KK9PGVZAV7W5A10F4G2H36XX&hash=item3b5fe63a72:g:jl8AAOSwRD5eC2p5&itmprp=enc%3AAQALAAAA0GfYFPkwiKCW4ZNSs2u11xAMwKCnuwPjyR8orQ46zGFfGhW6AcBtLdxzvg4kOHE2jhD7%2B4437xvu4d%2FsBeDaIe8rfwDet4%2BMBusgKWZDjabh7Mfzfof3f5Tg2Xsp%2FBxNUW%2FQrqQNBAOJSOUkIqvqqkcDJm11zGF6A83r93Jv3eQt8eWEZKjwXC8fqwKkkPn2Yyl6Z97d%2FK3Xhr6QEeMGDKE4w86zLhRxqVUu5MD%2B0bIBi%2Bx%2F5ybisZbbItUqr3xLZLe%2FWpxqbs3kHvon2bUmJW8%3D%7Ctkp%3ABk9SR_C_w7aaZw
New Rock Boots M-TANK106-C2 Unisex Metallic Black 100% Leather Goth Platform,223.66,Brand new ·,Sold 26 Feb 2026,https://www.ebay.co.uk/itm/255006327275?_skw=New+Rock+Goth+Boots&itmmeta=01KK9PGVZAWXSTTXP981SAJK31&hash=item3b5f8fc1eb:g:eDMAAOSwZRdgu1xf&itmprp=enc%3AAQALAAAA8GfYFPkwiKCW4ZNSs2u11xBlNQDu52D%2B0TQkihimwBP5VwrNaelP5m%2Bqz44PnhbOZGK0RZXwu8aA6BTRs8T6%2BufurbjC9U96L0VZAvKOeihW%2F4wThVt8MX725dO%2BcLgEST0DavAVU8O4ao%2BL9dGK0D%2BnjQfCCnM3azdKf5L3XGIduXid6qKc7IrCJURO%2FHHuNQB39ltWxZnsJjR5EMaTSyrs7ng6SwkjacuayV9cHCr4K8DNzypK3A5rZ6KRK0lx0SGh0f0Nz%2BajlOPk3GoBaSgfkZxUcTjhRQNY71xtHRUVzwWw46JEnzJ8wVoQqRj7Jg%3D%3D%7Ctkp%3ABk9SR_C_w7aaZw
ASOS Combat Boots Black Faux Leather Chunky Boots Laced Men's Size 8,65.00,New (other) ·,Sold 25 Feb 2026,https://www.ebay.co.uk/itm/267564304200?_skw=New+Rock+Goth+Boots&itmmeta=01KK9PGVZABMR3J8MJJNQMKN82&hash=item3e4c134748:g:eSMAAeSw06Bpf8bi&itmprp=enc%3AAQALAAAA8GfYFPkwiKCW4ZNSs2u11xAhP3SQtJtK%2FRbx%2FbP2gY9iUaToEFUX7E%2FkHh1SFPEi%2B8XO2NXzFBqfVjAZqoR9SZJ50kB4CmJPp5qBUIvvSktSZpehXGUp%2Ffr2DoDOPeTo%2FDqdzOYc0CMLUYJcNmaXO5hSPQ7Q9%2BulDkE8TmyCb%2FaMj2FV9rYg2wr%2Btwrhgz%2FA6UoDPOZCx9UCQ8U3c2fqqmLiXpGEC%2FfxRQ1L7px3osRYuDeJ3dcaRDiTItp8Pepk4Jp3TFQbcDPZQhMQX8lQWNKNkysmkn%2FIySWQP5huOrA5tO1b9aom8%2BT88fOBb2h8%2FA%3D%3D%7Ctkp%3ABk9SR_C_w7aaZw
"Totem Girls Black Patent Leather Zipper/lace up Boots, Never Worn, UK Size 3",12.94,New (other) ·,Sold 25 Feb 2026,https://www.ebay.co.uk/itm/187030543498?_skw=New+Rock+Goth+Boots&itmmeta=01KK9PGVZB4GJMAQNKPD187CZE&hash=item2b8be39c8a:g:h0gAAeSwUu5nzeGp&itmprp=enc%3AAQALAAAA8GfYFPkwiKCW4ZNSs2u11xBKK%2BCf9QlUw2EMHmnSVlMVJfgnVmam4G6Z2JB6rmGHxAhxGcv6swT40VxV9hRKG9pcA%2BnKUi0aJDC0LLWfnFY32LDCByU02kNQQT4tui3UZk7Gi0ZXHirrV0340ub2s5pafm6eiTKNhH9ObdQyjEzc1%2FEFJA8IG8cUg8F%2BAOpVoibjy3IG%2FUeVw%2FQIeLUzrpW1lrVGU19KsoJLpSfLrtnk2GMB1leV9jk%2BcDTPbgHJWZ77MGHMNrA5CN%2FOKwAH4ice0VwSiFk8QLhGSRkAkE4RBUsbXT3--qjZ6rg0xvCx2A%3D%3D%7Ctkp%3ABk9SR_C_w7aaZw
NEW ROCK BOOTS TANK373-S1 Black Leather Unisex Combat Platform Biker Goth Shoes,219.99,Brand new ·,Sold 25 Feb 2026,https://www.ebay.co.uk/itm/255313478396?_skw=New+Rock+Goth+Boots&itmmeta=01KK9PGVZB88XR3HPB96TYMY8T&hash=item3b71de82fc:g:-fAAAOSwvGZh1Fr3&itmprp=enc%3AAQALAAAA0GfYFPkwiKCW4ZNSs2u11xDsetHkxFAwmDs7ULNlhs1eZOz8gzCmj2Htl8H7bpXFosjZxWiybmTb1HGlWvlwFU5tRPin6ZTPhDJK6XL1nylPH0ELytOrrMSwDg2%2B1TawyXypFQwxYYfBKIMERL9buSHNJ8rpG5eeLfjw7yzB4Fb%2BTMCrSyPeoKO7jarhMQGkF7k5J8ltIeBy4oRr4VjsEMeb0%2F2MeGnMei6RFl1crXaOCNMF8o0GCROCTTNBdjoX5WUJoLlyTKAmfC9TNad1gWk%3D%7Ctkp%3ABk9SR_C_w7aaZw
New Rock Boots WALL106-S10 Unisex Metallic Black Leather Platform Gothic Boots,244.99,Brand new ·,Sold 25 Feb 2026,https://www.ebay.co.uk/itm/256059284861?_skw=New+Rock+Goth+Boots&itmmeta=01KK9PGVZBQG13QC9J5C6A4NDA&hash=item3b9e529d7d:g:LWgAAOSwWOlkTRrn&itmprp=enc%3AAQALAAAA0GfYFPkwiKCW4ZNSs2u11xA%2BWzUp0gL%2Bej60dQX0VdL8uMNSrtzjB389eC%2Fe8kHwFoZMh6AtxbZvj%2FhxGDxoBTMptWvPMQYYEUe62BZtyIv0PiUBR5hkfUFw4i2LMUZF64Ri5DH2D026qtPnSjck2wOGJIbE4mEDW4ehZhc9hMQtEhu9oELAVAbsMaqpvqqnmyb%2FMtm8TI1Hy0xGNYZA30Emz%2BR7cap%2FNdGVakr9A0F3MhlPIX7Il%2Fh04OC92AJatpd5cT4MC34Ao6ACPt%2BtBEI%3D%7Ctkp%3ABk9SR_C_w7aaZw
Demoniacult SWING-815 Size UK 6 Blk Vegan Leather Mid-Calf & Knee High Boots,72.46,Brand new ·,Sold 25 Feb 2026,https://www.ebay.co.uk/itm/358105973098?_skw=New+Rock+Goth+Boots&itmmeta=01KK9PGVZBKFS0B09N5CDGXBDT&hash=item5360c7816a:g:YtUAAOSwYEpivY0O&itmprp=enc%3AAQALAAAA8GfYFPkwiKCW4ZNSs2u11xDpIdJ%2FeTNJhW5lFLOcZb16ht2M9Q%2BHRf5jl4CdEaNRZ4ieFBLZi79DYQiaQRqJW71sLruuA1bKJapUdh%2BgoYGonrg7N8A7wZ5JoCvGikG%2BQ4%2BpxkcL0sMLk7hVJ8vz%2F4KO7NFASgREU5SbHBMvcZhOxF0K777qB3W8t9WW9cu12Yx0aWUTcozUgpuxFirJHPeJ3Pz%2F1rBdzHR79QS4HU3efqvWWGjRPImus7KPw0SgxoWllpFCYD2XhpWKjPh1%2FoFGV7%2Fg8sNDKGbaZhLzdEBg5%2F%2BeqDqtBAVaJeZt1c%2FU0Q%3D%3D%7Ctkp%3ABk9SR_C_w7aaZw
New Rock 391-S1 Unisex Black Metallic Reactor Goth Rock Biker Boots,193.83,Brand new ·,Sold 25 Feb 2026,https://www.ebay.co.uk/itm/311661216594?_skw=New+Rock+Goth+Boots&itmmeta=01KK9PGVZBEZBRNBA1191EPSN1&hash=item489074c352:g:~V8AAOSwIgNXkQWN&itmprp=enc%3AAQALAAAA8GfYFPkwiKCW4ZNSs2u11xBL--Rqd6KvbjcfKHwBqFeRfskae4QLaBpEEFXRKtRxtoAHmO6Q5PNtmdcwaH9Czh%2BdmJJMzZYMfE1WLP43%2FT6QauV9Z%2FhARuuz8jAy9h85pOtv7lO06uMrrcO0ssmjju6DnpQx2X8U8tyUl%2FMOIlEX3pPSlVGieFmeXAxYaxOWNLZ15yNHTaT9%2BW1%2FZ9GucyH4l7dSyFOiXIjH2LgO%2FGfHkbZaBez5Jqw5jYzzI02L0qnmrKB6UPBIB8Yczrj3WO%2Bodn41FOtUU%2Fe%2FvtVWcrjSO7oRnPz%2B08mJnMXZ%2FfbzlA%3D%3D%7Ctkp%3ABk9SR_C_w7aaZw
koi web trap boots UK6 Spider goth punk metal white black shoes witch new rock,47.50,Pre-owned ·,Sold 25 Feb 2026,https://www.ebay.co.uk/itm/388299541849?_skw=New+Rock+Goth+Boots&itmmeta=01KK9PGVZBRD89G2914QF7599M&hash=item5a6874cd59:g:QfkAAOSwZqJoBjPG&itmprp=enc%3AAQALAAAA0GfYFPkwiKCW4ZNSs2u11xCNKZRGk5JykACI8FBRKydGNBcXoOpL5IGVirENiMgGs4BZ1BdCoO9f1vRpOtdCJyhYdG%2FuWjEfM%2FS6iCr0cBKEAJCGSJ9hOfg7DG9TQKohD--SYx6FQJsjShw42JpExt6nl8NXYsakYu9rAvMBUZYnN3frzo%2BVZJ1gQ72X86LSTm3zFXR9a7xh%2FwLBRJQwhmEtAS0VQZ8t4rLfmDOAwNRKP4y65%2BPlZyIVMuVm4wLe2qPXRS%2Bj74op0kEvt8MJBZ8%3D%7Ctkp%3ABk9SR_C_w7aaZw
Buckle Boots Black Patent PU Zip & Lace Kinky Fetish BDSM Sexy Sadie UK 4 EU 37,29.99,Brand new ·,Sold 24 Feb 2026,https://www.ebay.co.uk/itm/317641566726?_skw=New+Rock+Goth+Boots&itmmeta=01KK9PGVZB8BE18YPYMBQ4EF9H&hash=item49f4e9aa06:g:q2cAAeSwxMFpMpaU&itmprp=enc%3AAQALAAAA8GfYFPkwiKCW4ZNSs2u11xCJjKEnqlG4gXNJMqS1%2BZyjFSszKftxGJe8z4FG%2BamvtrbCg9d2sEv32tqf5UTHxYK6pKuThJcvqqFVWI6xbQVDIDNpNazlPAHV2waLA98ffv%2B%2Byy1xjwo87f53P8xsdlA5E3VK3lkdLgJ%2FnT%2FyqhaeEPEy4bADlFMSuSypjCeVWYMjlsORS2qtnVOQP9X6SUhhNmrKTAALXWaWfn0h1RfSWByTcelz8Uq6%2FvRO%2BR1aBe5eA7KmrCxeHC3j8kTJky3UxYpfKWUxaOfYOakX8YhViV8MxJJs25Vv9h0WP2y5UQ%3D%3D%7Ctkp%3ABk9SR_C_w7aaZw
DR MARTENS 1914 BOOTS UK SIZE 6 EU 39 USA 8 DMS DOCS BLACK TALL 14 EYE 11855001,165.00,Brand new ·,Sold 24 Feb 2026,https://www.ebay.co.uk/itm/167587200096?_skw=New+Rock+Goth+Boots&itmmeta=01KK9PGVZBG1Q9R46Z2K2NGEDK&hash=item2704f9bc60:g:72oAAOSwkI5nr3Xt&itmprp=enc%3AAQALAAAA0GfYFPkwiKCW4ZNSs2u11xAyLmMRP30hJvj8UjvbMtQayE8TMMhMssEr022AqUd%2FAVClagxb6KB4WQcNXqlksRSlOO4Zlx7iJ2ldyyunnecnIri7o0%2FvpxZWjDdOVkqI39GQ%2FsU2TnPxyVVSpeQwprXnwpcimOaFzcXDN1fOcy%2BrffeB2PKBkCliVDF4pb9ZB8RKiSsRo6cjiH61T461I8GJwLiUyvvYd6OXgPpKQ5Rg%2Fan%2F2fNeeos4ePFZu5ixCtFH%2FPdbd%2BIc3y6isDGrwSk%3D%7Ctkp%3ABk9SR_C_w7aaZw
JEFFERY-WEST MUSE black Calf and reptile print SCARFACE 'SOSA' Chukka boot UK 7,89.00,Brand new ·,Sold 24 Feb 2026,https://www.ebay.co.uk/itm/127693534738?_skw=New+Rock+Goth+Boots&itmmeta=01KK9PGVZBWQZXQS1AXQ7ZPM26&hash=item1dbb20b612:g:5CAAAeSw1-lplyMA&itmprp=enc%3AAQALAAAA8GfYFPkwiKCW4ZNSs2u11xB6Lj4S4PZWjRiJm3u%2B99wlcNJUC32FDgPHTk%2B2uSs9K%2FAJ44gFHwqk8g3u3oFeZutS8W%2Brf4vuWEDG9obNZE9eb9CbXAo3iUSvudMK%2BfMzOJaVh%2BMRvaqQSK3f%2BA3y1zx5oJlZ16mpR9kClMTfsrDZtZcCIP4zqHLkY7tUIIdS%2FY07U5v8sXliWc899hUWcVTNx4AQGP6Vivt30mJ3NpAuP1HxIe63bDX%2FRDndj9G%2BFUxzbboriTi8EeIDB8QVLs1LrjU0mHCKj%2BUk2QQYJz0at3tu1dS%2Bp6fErMnk%2BrNz1w%3D%3D%7Ctkp%3ABk9SR_C_w7aaZw
New Rock M.7993-S3 Men's Leather Boots Vintage Black Dallas Leather Boots,219.99,Brand new ·,Sold 24 Feb 2026,https://www.ebay.co.uk/itm/255594922956?_skw=New+Rock+Goth+Boots&itmmeta=01KK9PGVZBXJQDHW2M118SS816&hash=item3b82a503cc:g:z1QAAOSw5ilisvu~&itmprp=enc%3AAQALAAAA0GfYFPkwiKCW4ZNSs2u11xBZK%2FrOu7pLAdUekTg9Wjr%2BoS72JGJNT3rGM3oTQNGjbE8v8q4nmq5bTPguFYpcVTb%2Fm0IXfUWg3voI%2B87f3pC4ElAN08RGBLrD%2BUug96TyezktM1I0taIuO61aUhQnpqB0UklKwmbhC93fXAReT5X7K5oCsp2F8uRQKvzeFEYKuL8mP%2BqIfiLa4pdJSpJtifLBWn7oBWbR8DivLJCzU8LS5yMYJOA8PKFq%2BhlR3KaS7xqRWNsOCTQrHqcVgMVrB4s%3D%7Ctkp%3ABk9SR_C_w7aaZw
Ayustrong New P Rock CD-811 Chunky Platform Goth Ankle Boots Size 6,42.30,Pre-owned ·,Sold 24 Feb 2026,https://www.ebay.co.uk/itm/389635760979?_skw=New+Rock+Goth+Boots&itmmeta=01KK9PGVZBEP1E4W4S0MPV5TYX&hash=item5ab819e353:g:2lgAAeSwzFhpgey5&itmprp=enc%3AAQALAAAA0GfYFPkwiKCW4ZNSs2u11xDfb%2FUReCUCz%2F49NnLQtMY6RvkrTQHnOt%2BQqWTcLuCcAmmZqZySYmnC5vEXa3yLCNllTHXjtE6fw6SKqdipnF99n%2F5Kn3tN83z2eQy0wfXTCk5FFGW54nFfBEd1v5zXWEp%2FxRK073ly4ryGQ1HrukhX12uWU6TS7Pb1rGMti1VI3fd7oXtTJUQMS5Rwviv%2F1QqjNt9wO3cqF806isA3edIODda%2BYf4Taume6s7tqksvm7Bawy4nkoOD72m45HxU1m4%3D%7Ctkp%3ABk9SR_C_w7aaZw
New Rock Mili-084N-S3 Black Gothic Boots Military Size 8 Biker Goth Punk Shoes,118.22,Brand new ·,Sold 23 Feb 2026,https://www.ebay.co.uk/itm/285747368539?_skw=New+Rock+Goth+Boots&itmmeta=01KK9PGVZBX9CX45R0KKHYQ3X2&hash=item4287ded25b:g:vTYAAOSweHll5hOU&itmprp=enc%3AAQALAAAA8GfYFPkwiKCW4ZNSs2u11xC5kf8sOemV4d%2BFXUJFh565s7ZzV%2FJXjsHrN5smWQf0NGGyBy925kyW5w8ZaAiTYdWyPthPt0vnthQVB5Um1I01oxCo096hs%2BnM2BbDt0GzsZ2Ko6O2gKmyN7TY8sx6rd30GqqqAnwcHWVMS8ht6u6xu80RH5WsY7CtEwfhbxGkJYr3Db7ShL%2FHwwu0GUldq1sEJnmxXa7%2BQdoIfZ%2BSJxxmh9mUie8eTTg90xEuR7CBVcPCxFQnuWNzJnMr2xuuJVJZeBezad%2BIjq77OEjr695Y0iAxRrXXeBZN468vEn3O2Q%3D%3D%7Ctkp%3ABk9SR_C_w7aaZw
New Rock Ankle Boot Trail M-tr001-s1 Womens Black Ankle Boots,99.49,Brand new ·,Sold 23 Feb 2026,https://www.ebay.co.uk/itm/166558980752?_skw=New+Rock+Goth+Boots&itmmeta=01KK9PGVZBQEFYQ48MY2B80QG2&hash=item26c7b05a90:g:56wAAOSwAwllq4kQ&itmprp=enc%3AAQALAAAA0GfYFPkwiKCW4ZNSs2u11xBPosNC7WtwuJbkUwnpY%2Bkh1%2FzPkeVqGYTykP4yVEQVkj2RdlJtnChZit5cv5mwNDyEKIPoQlHB%2B4c3DOV1oh4jJn7aAWejR9tzbXXrvMjtE1IvwdkN3tw4ZwVgXeUs7CcqFQgSrYlrfFYT5W0aY0ATNmv70pD7oKHIXnf%2FvQCyvJhN4lijapWHiIoO30eETzd4eGEvzHNcUVPOCKEL8a9fXPELwVJS26QiJSUbLS4Wb%2BuaeJb%2F5OnE3BH5qmCcWyQ%3D%7Ctkp%3ABk9SR_C_w7aaZw
Mens Punk Rock Goth Elmo Ankle Boots Brown Zip Biker Leather Buckle,44.99,Brand new ·,Sold 23 Feb 2026,https://www.ebay.co.uk/itm/255430143166?_skw=New+Rock+Goth+Boots&itmmeta=01KK9PGVZBNA1MFB0JG3V7Q4J2&hash=item3b78d2acbe:g:KHcAAOSwMD1iK0aG&itmprp=enc%3AAQALAAAA0GfYFPkwiKCW4ZNSs2u11xDUGyZMfBrQJJnW%2BD94MWSbHnN2da%2BCpLr0uWodyLsAdKHad7eQAYpGnvSS3%2FgLWjNf7NmwEZUZKzRvT1iweNg%2BSeEpYfJYGCgT057vLo%2FdZU5Mncex7P2ouBIjaAFImdViJCqKg%2FhCulmcswOmCde%2Bg7Gu%2FwnI46MQZ32I%2FsVjz0q%2B3wcb9ETtOlPMl3LIM7ROPJ0pbLVLXPqVWZi%2FCcNOlaiuqGBMbM5lAzlAV3T%2BcLRAE7btAfqRzDyKDIhmd20%3D%7Ctkp%3ABk9SR_C_w7aaZw
NEW ROCK 591-S15 Boots CAMOUFLAGE Flame Metallic Black Leather Goth Punk Biker,238.57,Brand new ·,Sold 23 Dec 2021,https://www.ebay.co.uk/itm/255063784906?_skw=New+Rock+Goth+Boots&itmmeta=01KK9PGVZBKTNZSMVQ78J3TKY4&hash=item3b62fc7dca:g:R3UAAOSwrLRiIgFE&itmprp=enc%3AAQALAAAA0GfYFPkwiKCW4ZNSs2u11xCgbuxe4YkWZbuMP5P07vdsJZErybtgOOGgPH0OsZWIXDVk9F57d2wZOKj4JjRoRPDd5%2FYNZbuQlrvXc%2BkbpT9pKtNcJLbetHQtes0JHj9fe3jFp7o03LfUbWZMJ8%2BPZ0oGI39pTrcBO6g8YhBlUHPLxDjq7QMhoKPUKvvrWcwCyIriosi%2BQkplIJ%2FURJ7ytvk8yN5G43ei3B5AmFhGo4T2pYM9SKzTSgzxh9slj6zuqc9ZY%2FLK2FXsLCyA7Zxsliw%3D%7Ctkp%3ABk9SR_C_w7aaZw
NEW ROCK BOOTS TANKMILI083C-V2 VEGAN Leather Combat Black Platform Biker Shoes,205.02,Brand new ·,Sold 19 Feb 2022,https://www.ebay.co.uk/itm/265240050348?_skw=New+Rock+Goth+Boots&itmmeta=01KK9PGVZBQC61VAMGXXV8EXVV&hash=item3dc189faac:g:tSMAAOSwK2pg-sVO&itmprp=enc%3AAQALAAAA8GfYFPkwiKCW4ZNSs2u11xCiRG9n55fLaygQGG34g8TlF%2B58zmqQjyVTm5ngc9QCWtu7mGUUBSNV%2FU63RAZYq06vM50yf9%2BvOqdwDQBbnyDsV1AUu%2B75yGhdJdM1k2lMDylO41SoJRo0umckQA%2BrLnhkbAe1ZPZVDTE591zxxdxCJz%2F%2Bg%2BItl6oONWL0HvXfC3GAgMX9ERO1o4jAmYrV0X9cwIJKmh3eflvkymjCLzrhXkv2EDW9nfXnPMz7vajO6x5kqgHNTb4PaLsxdyaMTVVBFXsIPTqAayBmkXNFexIDvu3NM9IeuZlTxRpiah9Bpg%3D%3D%7Ctkp%3ABk9SR_C_w7aaZw
Next Forever Comfort Black Chunky Heel Faux Fur Lined Ankle Boots. Size 5W BNWT,15.25,New (other) ·,Sold 23 Feb 2026,https://www.ebay.co.uk/itm/205980040893?_skw=New+Rock+Goth+Boots&itmmeta=01KK9PGVZBW50Y2QRK300B2EA3&hash=item2ff55dfebd:g:~38AAeSwjVBpIa1~&itmprp=enc%3AAQALAAAA8GfYFPkwiKCW4ZNSs2u11xAVhqzzy%2FDlmwHw3xwi87OB7mR5ojSILhXLDtYewUltOiGpwkk04TARs1GVHbN%2BtGuj56PjFYU9GcG1X0YctIyLBBnY8zlyfkwnaBjaU5MtNbG79bs2dw5UDQI20ysqKzjX6lOJDjNnzWgLd66WUxB42ZWO7NC8A9u64u3IX7XMa%2BuzitpABSIx3CI5PuHrPsZEAbF5LQZWH9SCDPPv01Mi8HCC2fmAVL4RZpJ35xCQDDpjYFW%2FORkdbIAw2BX5Dt8ryf7eOj3G7yNtByr01OrV5a0nJt%2BLa1GwekIXNsRLrQ%3D%3D%7Ctkp%3ABk9SR_C_w7aaZw
New Rock Boots 7950P-S1 Black Ankle Western Goth Strap Skull Studded Metal Boot,234.84,Brand new ·,Sold 22 Feb 2026,https://www.ebay.co.uk/itm/255546032707?_skw=New+Rock+Goth+Boots&itmmeta=01KK9PGVZB484NBDT0KR5XRGG0&hash=item3b7fbb0243:g:cXoAAOSwyS5iiPHE&itmprp=enc%3AAQALAAAA0GfYFPkwiKCW4ZNSs2u11xBQ579r8KEBoB69P5MURk66va%2BHEIVACfY28HJDNv9o1P1d3Q9uhPHpCD%2B%2BFJX114%2BbY76yNPD09lwz4bKvo9A%2BlhtYGIBsk9Y3sM5R5QDqCafA9r7B2dLhCkJWn8aeHe1TSYOB6j8Oq6hmmOYJF6fzVXyvmSyWc7XI4VeP66dLGg41AI1ZFwBc48bvji0nVQI6XxoZ%2BwwV6wEhyEmc7yMadL3uBcgGL9HZP%2BI%2Be9QbNQI1guYFwyI4RAdZjraLRwI%3D%7Ctkp%3ABk9SR_K_w7aaZw
Buckle Boots Red Patent PU Zip & Lace Kinky Fetish Sexy Amanda UK 5 EU 38,21.99,Brand new ·,Sold 22 Feb 2026,https://www.ebay.co.uk/itm/317767302861?_skw=New+Rock+Goth+Boots&itmmeta=01KK9PGVZBQ8V22G9GDWT80GZQ&hash=item49fc683ecd:g:bd0AAeSwhjdpaPoj&itmprp=enc%3AAQALAAAA0GfYFPkwiKCW4ZNSs2u11xAtgJGYNBOheBCQ%2BWnSSz6g5qRMlkl0KOrMLiV%2BNuNqXeJwNq2qGSays0zGH826QXe81sn4%2BM7qxUOdqxJAQ6hiSZq45Hg5KjQrc0iUOuQQCKGRm0S1%2B0zayyJM4TSI0cy5hqpOby32c7Gta5KJ7E3IYg%2F2DtLKws9QRbYNJ7bhAyEgiFLMwwgRzCrbHRAtPRjOvm89sm0S3diL9cxvL--ZnaEwbmnnB87mMgpW2wIib%2BHgNq9R9JG2IJiTiTXJauo%3D%7Ctkp%3ABk9SR_K_w7aaZw
New Rock Reactor Black Leather Punk Rock Goth Size 5 EU 38,83.90,Pre-owned ·,Sold 22 Feb 2026,https://www.ebay.co.uk/itm/198128170483?_skw=New+Rock+Goth+Boots&itmmeta=01KK9PGVZBN284B9VXGB9Q0BB6&hash=item2e215bf5f3:g:QXAAAeSweFhpmwke&itmprp=enc%3AAQALAAAA0GfYFPkwiKCW4ZNSs2u11xAtaXYXSLaeKQGRoJZrrd2NBdeRciKxnhDL17Veg%2B2PcpJiTJVo0559MmeKUcOFg27rjBFZB3JiaKhQvnv1vzQEVUVUl4sfI7ezLBBrDxkDkOxTIWpOqGMhN3HXS6PnE0v%2FKQ9nF7L7%2BC1ZeHzDtHSruzjCmxPnAMFBRE7trQYPsg3nzDbsQ2uDPt7ZoZdcN3LdbO8HDlEU61LmBJ2rROyrk7JlTD%2F7h1Yl2ra0OQ%2FN%2Bek8Eog%2BJQ1Op%2BPkYvNNJ%2B0%3D%7Ctkp%3ABk9SR_K_w7aaZw
"Dr. Martens Jadon III Women's Soft Leather Boots, Size 6 UK",156.02,New (other) ·,Sold 22 Feb 2026,https://www.ebay.co.uk/itm/406134911267?_skw=New+Rock+Goth+Boots&itmmeta=01KK9PGVZBTZM7HARHEMB22KKH&hash=item5e8f86f123:g:smYAAeSwvbtonzKd&itmprp=enc%3AAQALAAAA8GfYFPkwiKCW4ZNSs2u11xCbc9lNAnKON0ejaE542dNgPFzFvAWw5NMp3LNr4ZkdDUYYwo4dRc366CAnrQrDF2sUzcTwNr6XIuOyK3Lcls7NDLKLMyx6OwQ8gwsJy0KPupRvLd9ZzevmawZje0X7bfsAulLHLXwKoQb%2B6dFvaecFkTLtEDpQUDP%2Fpvw0gB8yC75L7LJ7nuZtO9TtIhHdkQpZfG2Opvu9YuecORt88ay7gr9o8%2BKAiLFS8plzsA9DLPVhcqUXk9madYPD7H3PnTUB5FQhAkj2CYCR%2FTBf87hz12epxtXxMq5Pp6SaJn2MCw%3D%3D%7Ctkp%3ABk9SR_K_w7aaZw
Stimela XP Steel Toe Green Goth Cyber High Calf Boots. New. Size 8UK,12.00,New (other) ·,Sold 21 Feb 2026,https://www.ebay.co.uk/itm/277486732830?_skw=New+Rock+Goth+Boots&itmmeta=01KK9PGVZBSQC89VXYQ2WSHT04&hash=item409b7f861e:g:2dMAAeSwt89pCwFt&itmprp=enc%3AAQALAAAA0GfYFPkwiKCW4ZNSs2u11xBFPgYOmLEWSSRc2pXocbhUHPZezxRpYTOmDnc74PWb9lFlTRu0kujCXJUK0pEweWtnHTFiLjhPgNATs0FJjZveZo8XxTaH0hNDm5Nz92N41u28p13maGAfBjuCyXhXrCKZ9Cf65rmGlzoKGSf3XxG8QCRzk6%2BEgEJEtuBdpN%2FMV4X0QhhczV5iaEdqTkNGOmN50%2FSyO6Tb1Rhtxz5BnOWrl8DJ%2B3qWU7n%2FyXt0uMrZ7PF1oH0ssjlVz7EEbUYf4hA%3D%7Ctkp%3ABk9SR_K_w7aaZw
NEW ROCK Reactor Black Leather Mid Calf Boots UK6 EU39 Goth Steampunk Festival,140.00,Pre-owned ·,Sold 21 Feb 2026,https://www.ebay.co.uk/itm/287135396103?_skw=New+Rock+Goth+Boots&itmmeta=01KK9PGVZB0E3F9YAZHTJC09T7&hash=item42da9a7107:g:LywAAeSwERtpjDSu&itmprp=enc%3AAQALAAAA0GfYFPkwiKCW4ZNSs2u11xCY5WJNr%2BtbaCJIA%2Br36mdzI%2FK29jDWAaLzd39p5bmOUkWomy5ow3W4jwFIzV97IYYzVrCcI7U90utKsO5xGbzD74aNjs6xQQYHudxwN%2BZn85%2B07S72fjdQpAMRDGYkhuGiXyXT5xbUjsf6OVyg38geDBN%2BrT1pPXyhj1TeVUkuGITMZ3LgCMdQNmtuPGbF9xLT9UqKA8PBmlQt5nELp1mTEfW%2F9wSmoZto21EvE8I1jmbdKD3V5Hbxl7cX04cp7Tc%3D%7Ctkp%3ABk9SR_K_w7aaZw
Next Forever Comfort Black Chunky Heeled Faux Fur Lined Ankle Boots Size 5 BNWT,14.99,New (other) ·,Sold 21 Feb 2026,https://www.ebay.co.uk/itm/206080184133?_skw=New+Rock+Goth+Boots&itmmeta=01KK9PGVZCGS7C1ZBH9NHQBARE&hash=item2ffb560f45:g:vc8AAeSwSJ9pQs-H&itmprp=enc%3AAQALAAAA0GfYFPkwiKCW4ZNSs2u11xCngkV3bF2VVFi2aC36NWX67ij7r91T3wANoxZ%2BbIz0pP0bmHJUezazNb860pIiixK4RfcmWLNDfLg2uGKAGzAaEcmYk15S5KWhdkZY4%2FBGolYFhcsZNcN1xKmdT%2Fk5olkx6FtBsLCjQ%2Fh1UErOK024JZHs14M4urC6FlMr733IzJvxDnTURC%2FWy1mf4EqPuvFVReB%2BbW2stWLr7qgntq4GLobHkYre2bZ75R8lI4esoIYmmmecXkwYGJZEMMRWzTE%3D%7Ctkp%3ABk9SR_K_w7aaZw
NEW ROCK Reactor Black Silver Leather Mid Calf Boots UK6 Goth Steampunk Festival,110.00,Pre-owned ·,Sold 21 Feb 2026,https://www.ebay.co.uk/itm/287135411342?_skw=New+Rock+Goth+Boots&itmmeta=01KK9PGVZCA28BYNH1HYG69XXE&hash=item42da9aac8e:g:2NkAAeSwLbVpjDgf&itmprp=enc%3AAQALAAAA0GfYFPkwiKCW4ZNSs2u11xAXJ%2FZJkxv7urXGyXhXfRHqtOeJDKW6d0d10Mno1hnaP8fRcYzbRxlZSQsuSqsjzWC7gzm9DycyhDkzNrGjcCZpVijV12f0CupctIa%2FSMCbniMrGZufdJmcIQLBxrCmv04mbFqOA9Sar2zmxk7jHPS2H0h4YpbgNELQme29WVzJnHA%2BT0MpWMt9p6HyoIlTXugIsf8uaRfTIyANUIYMtokHWKeAkcPhWhmLcaYkISSdY0CAAZVTNnGK4fMyUd5kwrk%3D%7Ctkp%3ABk9SR_K_w7aaZw
New Rock Boots Unisex Metallic Black Leather Platform Gothic Boots 2024,77.08,Brand new ·,Sold 17 Oct 2025,https://www.ebay.co.uk/itm/357625844336?_skw=New+Rock+Goth+Boots&itmmeta=01KK9PGVZC5GZ134CRFWKVW4KQ&hash=item5344295270:g:rzwAAeSwxOFoyT3a&itmprp=enc%3AAQALAAAA0GfYFPkwiKCW4ZNSs2u11xDHQTiXD2erFhel3rmAAhcvOZDsT6PI03ux2s%2BZUKchfK%2B%2F2qi0h5fP8RfY3V6Cq%2F2fEB1%2BJLGu%2FOkXaYtUciNweUgo0yMoRAYfsPz0ZZiqdk3CRVl5d8SE67j%2BDHLla6aKG6YoKOCq4xpEBns1NOmptwNpx98LrOjgT3SZYnDkEG7TnwAqmTtSMSZDVrlme2j4%2FcVKiMMvy41prVefKUvxzGeEZt2rGK9tVqsLRunZh1ZgjKHjIUQDRSIISjI6q%2FE%3D%7Ctkp%3ABk9SR_K_w7aaZw
Mens Punk Rock Goth Elmo Ankle Boots Zip Biker Emo Leather Buckle,44.99,Brand new ·,Sold 21 Feb 2026,https://www.ebay.co.uk/itm/254402124952?_skw=New+Rock+Goth+Boots&itmmeta=01KK9PGVZC0HA31HQDMQ5ZK6HX&hash=item3b3b8c5c98:g:jJwAAOSwg9Rdtfww&itmprp=enc%3AAQALAAAA8GfYFPkwiKCW4ZNSs2u11xBVqQ4AK6i5DiDNZU%2BPr6zp883WImA%2BlG53taXa2ZR5Q8hyIMtDRd7N%2FkXcHLye248oqmrtz1kCIQKRVtOftwbjYIb3rSjDDKiI%2BKGwvp3ZOEEMWyPLO09kaktIJWPojP0LLSacHfUdhGwZmrELOhY%2FyKAZPMVXGDNxi7qsVrzN93t5mAWU6tyTNF%2B4aA57tbxIULrEyQ%2BNexD4TSKLVR74XHejdT%2FDytaxhSmJGvywf47MuXSfO2I7K%2FxVKgWOFF%2BqavJOhViR1eABC8TdjlcBTn8dGiiWqNU23sbVxDVYcg%3D%3D%7Ctkp%3ABk9SR_K_w7aaZw
Dr Martens Jadon Platform Boots Size 6,95.34,New (other) ·,Sold 21 Feb 2026,https://www.ebay.co.uk/itm/406710414314?_skw=New+Rock+Goth+Boots&itmmeta=01KK9PGVZCHDSMQHW6JFSYAYQY&hash=item5eb1d46bea:g:vFMAAeSwu-NpmFyg&itmprp=enc%3AAQALAAAA8GfYFPkwiKCW4ZNSs2u11xC%2F%2BGFR8gi3SZCO%2BMpXCy0px051gMu%2FsVtbNMfBGVc11lrVS4PZLZXW9wXaDIQPTF6uKwFaEE%2BrAhsL6mjSKU2SjhkXL2MCIqW%2BXkplgU%2BvdDLR8P46VQ39xcdrfSHh4KvsFMxdPUf7l1VwY4FrOpXAtZN1h5TJpWc2CfnUGGDeESKsckUcbMm%2F5H5hd3S8xbOG18ZrVYuoPJ7n6A9Sx%2F1wAaal%2B5mEAeC2IMsOzlNstR6d1pMVWuA%2FTthg3Dip67NQqXLqhAZ3wkTa9vxMWVjFR%2FpStSaSEf1D0BMPRIDL1Q%3D%3D%7Ctkp%3ABk9SR_K_w7aaZw
New Rock TR001-S1 Ladies Trail Black 100% Leather Gothic Punk Lace Boots,169.99,Brand new ·,Sold 14 Aug 2018,https://www.ebay.co.uk/itm/262537241408?_skw=New+Rock+Goth+Boots&itmmeta=01KK9PGVZCV1FWXJWGR5CHFVAE&hash=item3d20706340:g:S5gAAOSw0fhXkM1I&itmprp=enc%3AAQALAAAA0GfYFPkwiKCW4ZNSs2u11xCe%2FEh%2FdGb95vBUeUBCrj5Zalu%2BEPndJ8LmzzPy9j6CRUnaE39oW%2BcEc3cbsCFJN%2BOosbmhFaDXl40GmOWF44YJQuaG0Z1jWoOgWRMqmqJXwpgCeVyG0JWgVtDjfR5KtF%2F4xtWniKJKbAYyGQI5h5B8rn70wrNIPsBQYfHtqyfJKjTpai5P%2B1lX%2BfK4ycNhldYMmNPZXadinimJoufoCOCvSTpBqDXtbZB%2F3b72ZSoj0W8%2B0Ci8cGY6vQ0dRCs7uWc%3D%7Ctkp%3ABk9SR_K_w7aaZw
New Rock 391-S1 Unisex Black Metallic Reactor Goth Rock Biker Boots,219.99,Brand new ·,Sold 3 Oct 2020,https://www.ebay.co.uk/itm/262537196994?_skw=New+Rock+Goth+Boots&itmmeta=01KK9PGVZC4AQ31YJ5YT26MWNX&hash=item3d206fb5c2:g:miQAAOSwVhRiIQxS&itmprp=enc%3AAQALAAAA8GfYFPkwiKCW4ZNSs2u11xBCjt2VxtMtlFXGmZwztoY%2FklHCqW7eeU%2BrpXL2vFygJUeSMfO3leGwOHeYq%2FsDcGmQvgQc7sajEgkKcLJZRSfykoP36M%2BiRCv4HJsV2Jc1pwuIToPVZWKyEi3RbL76Tlhn38Nof0Nsv2YOARDNm%2FETdxQmXcPBkYOJC88qZzXDNWB2V4o2RvJkArKpKlucxHWTXtpPdebqUaxzuGjZjxryWXaGuCF8iKTVM5ja6YvnSMllRwl2U0vhwP34MIy6CtDULzsfqUOugLw63ftvSEmhpN8TlZpTvA1m4wpX%2Fj5yKQ%3D%3D%7Ctkp%3ABk9SR_K_w7aaZw
Mens Real Leather Military Hi Boots Black Ginders Wild One Punk Rock Goth,140.00,Brand new ·,Sold 21 Feb 2026,https://www.ebay.co.uk/itm/166753297985?_skw=New+Rock+Goth+Boots&itmmeta=01KK9PGVZC3EVTDMX33WHGAGF8&hash=item26d3456641:g:tyMAAOSwQ1ZmPG8T&itmprp=enc%3AAQALAAAA0GfYFPkwiKCW4ZNSs2u11xAdmW4fxFJBwkLlRGMPGvyVsB5h82TCBb2%2FSqgEAjvV6Giko3ugCkppv7SnGQFgJQQ36aIsyjodfUmLMITvfUTLPX9fYrIkYLkRj7HPgYxxjXaDQ6XtK%2Fl6KjPCKUon6CoC2IW0DbVFMJrWaISrXC1yKaunQlgovkB2ZMeTjzlsK2Q3jhaSHwWrnNsKfcFOxL5EfgHc7fJl6%2BqKgAa5EGHU8ROq5%2Bz%2Fc6nertZEcVqgLJR5tZvBRP6UDw%2F22bW3tmo%3D%7Ctkp%3ABk9SR_K_w7aaZw
NEW ROCK M-591-S5 PURPLE FLAME PUNK BOOTS Black Leather Gothic Heavy Biker,229.99,Brand new ·,Sold 21 Feb 2026,https://www.ebay.co.uk/itm/255313326203?_skw=New+Rock+Goth+Boots&itmmeta=01KK9PGVZC0J4QN0YX9JMCP71X&hash=item3b71dc307b:g:cwUAAOSwIO1h1D7b&itmprp=enc%3AAQALAAAA0GfYFPkwiKCW4ZNSs2u11xB0ZKM%2BhNnfwCmk67pEwIfpSJDk%2FLFOE0CwY8J4%2Furzt1obwrrEa0Cb4LwyoomLEUkDTNl7EejSKxeJBuNXkuN4U%2BgVufAgUmYuTC%2F2gaN1NZi4hDp1cnqPU3TwE3GlHAYXV8d%2FNO7MpE%2BOhOECMV4%2BrQRda7MLmFqJh%2BK3xEuh7tbY0BHaymqstewGNm%2Bq3KwqK3BPal4SNI3JyQsRlOr26IRgRDj3%2FVh%2FJGoQg5pnM1VlsKC%2BGk2qk9Ypl26bLzo%3D%7Ctkp%3ABk9SR_K_w7aaZw
Jeffrey Campbell Lita Claw Black Suede Boots | Size UK 4 / EU 37,117.69,Brand new ·,Sold 21 Feb 2026,https://www.ebay.co.uk/itm/157614184990?_skw=New+Rock+Goth+Boots&itmmeta=01KK9PGVZCJ9EP7P4YK5RCS5Y0&hash=item24b2899a1e:g:F1gAAOSwQURl4KG3&itmprp=enc%3AAQALAAAA8GfYFPkwiKCW4ZNSs2u11xBMOOzzlwYXaspf3KJ0d1OENVhkUmyusvnSTGLpGZtjTX1Va1i3O71u7R7RvyjiZiYfa0jTUaEguMph5sK3lUappqhQDR%2BqJ7rsSzQQiHfGpzb2Pgz9%2FnKby6zhZWg8S2tUD26prVtVbGNV4%2FQtR0HdDDHsh%2F4ZlOSM8GPoGWs6bVHVTX1dy%2Bl9Ev8xTLMz2eXtG8%2Fd%2FZyC8xbNVCtBFa%2B3dFB0ZtVj6dQXTYLPH3%2FVMi52wE4P%2B4%2FaQn6ePdBMn%2Broe6ougAGCV73XzXFuf92v4ZM0ugd4MuJiYFgOgIWDaw%3D%3D%7Ctkp%3ABk9SR_K_w7aaZw
NEW ROCK BOOTS SIZE 8 (european 42),89.10,Pre-owned ·,Sold 20 Feb 2026,https://www.ebay.co.uk/itm/188013172488?_skw=New+Rock+Goth+Boots&itmmeta=01KK9PGVZCB5GB5M8C60D64MZN&hash=item2bc6755708:g:IvgAAeSwXflpfoEr&itmprp=enc%3AAQALAAAA0GfYFPkwiKCW4ZNSs2u11xA3jmSzUbaZWUBqpJiBpES3kao70smK6NWfLjOjtivxyWfaSsMyzJ7Pv1DOotDvbVXVXKhhrvnf45HijwRcSAyBggHLfIs34tn6%2BmvzfjYiXTBd4h%2FAatHfghzot1cWbMy1VrMSBihNvg0Ny4rmaiNOIY2l033h2feO2VsG38oVb5epedINmHKx7P3rcLA2DiLdfgCbqTlzOfed4U5PSByM1B7%2BnwG2lNqhx8AerJYQxRHxhG5OnyUw1G2Ax%2FtiS4A%3D%7Ctkp%3ABk9SR_K_w7aaZw
NEW ROCK BOOTS TANK083-C1 Real Leather Combat Black Platform Biker Military Shoe,184.99,Brand new ·,Sold 20 Feb 2026,https://www.ebay.co.uk/itm/255313470852?_skw=New+Rock+Goth+Boots&itmmeta=01KK9PGVZC2K65MA5AJQ2HY59Y&hash=item3b71de6584:g:7cAAAOSwXhth1Fjd&itmprp=enc%3AAQALAAAA8GfYFPkwiKCW4ZNSs2u11xD2wgfpo%2FEnl%2F%2BlnL3SyrxTv2RG7b5wVNei5%2FsEse33z6MB3RpIX8iLG%2BrsMIGhHXBjDb8mQwnGc%2FvtHSBCIiDhN57QZ9opMW7QX7GAHUSuNUQ3Wfkp5PrwX%2F0aODUY0plfM1nfIRKeLqj1X4flUt2CCodaJRWG4cQbMTdtgTjlAXtmzH7kQmNe7ec8k6A2JUErX%2BfOuB5KDW%2F9cK%2BvV8Quy8EO4H140YpjEA34ijZ7cEfUkaYexgKlym57VULpXbG%2Blh2s3oeXOHRModmvBO67kSl0Oj2iN2rPlQ9sF9qJIw%3D%3D%7Ctkp%3ABk9SR_K_w7aaZw
NEW ROCK GOTH ANKLE BOOTS UK SZ 7 (EUR 41) - skulls/crosses,42.86,Pre-owned ·,Sold 19 Feb 2026,https://www.ebay.co.uk/itm/389612052118?_skw=New+Rock+Goth+Boots&itmmeta=01KK9PGVZCHFJQ6D4CDTHXNZK3&hash=item5ab6b01e96:g:mRcAAeSw6bBpjbE0&itmprp=enc%3AAQALAAAA0GfYFPkwiKCW4ZNSs2u11xC%2BcWqNUKGn1t3ZkUY1orgEx1rpSuMOHFUSubrxnu4YoiNDs8lKnJYWRAB9p7kI%2B7A3Ap8hytB7v5FUKomhEk5o1yYe%2FzuTuvRLt6oBgvCpHgdwKRMxlB%2F1LgQrvD3yF6bL1U%2BXuN359oJXE5CxApGOdjKRyVtghueOkrcgMXmjOn2%2F4xKsvpSS7yPu%2BTgNqTt9TlVgu5Y7dKddN%2B51xfoA3IxMUd0Tal6HXB3hj9D2UcWGzD1Z7sZuLYBDGSdgx6w%3D%7Ctkp%3ABk9SR_K_w7aaZw
New Rock Gothic Skull Boots Size 37 Black Leather Chains Punk Goth,75.85,Pre-owned ·,Sold 19 Feb 2026,https://www.ebay.co.uk/itm/177858379105?_skw=New+Rock+Goth+Boots&itmmeta=01KK9PGVZCJE9123KGNMA4RZJP&hash=item29692f7d61:g:XZ0AAeSwx-5pjinI&itmprp=enc%3AAQALAAAA0GfYFPkwiKCW4ZNSs2u11xAjhV%2Fn3uRI012uDagadyZArJW9Q4bMaqaqESUAgXGOSyRouDgMIPL4KkkHn261ZCOROgJ2EoGLUM4Lu5bIatCU545V%2BS1Vfgb1AytSQDoSvtCdE2mILUdZOXTQpEIZtC%2BvA8u6%2Fp7eu%2Bcu8E8Q03pmHlSLRSnv3YtQADQUu9QhCNnbWynsN217bwaZNwDxxbz0QYc4OZhFfjcDAKNZyyP0V2FAdXTBhV4640ReEurZ39eEtMOFyRaeFLuntbVVmj0%3D%7Ctkp%3ABk9SR_K_w7aaZw
New Rock Flame Platform Boots Size 38 Gothic Punk Style Purple Red,185.00,Pre-owned ·,Sold 19 Feb 2026,https://www.ebay.co.uk/itm/177858378548?_skw=New+Rock+Goth+Boots&itmmeta=01KK9PGVZCE98CFN4JAMDJGS5B&hash=item29692f7b34:g:TXsAAeSw6bBpjim9&itmprp=enc%3AAQALAAAA0GfYFPkwiKCW4ZNSs2u11xA7sDVqIB%2BVL6efBl4KVL09LFZMJocDXBaqNRAA%2FeI18aqWoAH5saWWDirw%2B%2B7tw1yIutpV3WQV%2F4oifqYQg%2B8%2FL%2BMnF6j9dSmkyvymR0jg%2BmkywVlyQwk8hqjE1ffJrbXhpG6x5hZxK3mTEo44UXtUljpc7HpSDISDL70lmfkxjGIDlPQyMYs0xkY%2B%2BU085BB1w%2BWg5zgNMuXkAgkjKynSTwkdy3koq3SsF82gtBkwR39aSWwMVYKAZasP58zucQo%3D%7Ctkp%3ABk9SR_K_w7aaZw
Gothic Alternative New Rock Platform Shoe,177.50,New (other) ·,Sold 19 Feb 2026,https://www.ebay.co.uk/itm/306741597130?_skw=New+Rock+Goth+Boots&itmmeta=01KK9PGVZCD03D84K92HRZ2PXM&hash=item476b3953ca:g:EIkAAeSwxbxpfg4j&itmprp=enc%3AAQALAAAA8GfYFPkwiKCW4ZNSs2u11xDu5%2FjjjY0Hno8eKo0udpvEYf41MCTnzS3%2Fj2xs7lR1WiJdjzqVpUNQ8uepkTZOb31o8ZM8XsdGlDSwJAjgH7reW6jRiPj5aYJcmw2kPMdGSJfUWDEpBzIkMG81sI8n30yes2we%2Bn4cVvzpJuyo6CqgcGEwq7mwxm9%2FSsLH1Efk0kiKJ2yYhHa9pOB7XKX%2B9ep7UcGPA53bJIQVeR2do7yKIsSCWhShi0lEnh4L2RkM1UE3QH7a6Ob5KlU4DIkxPViBkISHXjNrKssitYePpiXfm4NBYt8PCATXjtIUnGgVHg%3D%3D%7Ctkp%3ABk9SR_K_w7aaZw
Next Forever Comfort Black Chunky Heeled Faux Fur Lined Ankle Boots Size 5 BNWT,15.25,New (other) ·,Sold 19 Feb 2026,https://www.ebay.co.uk/itm/205935392519?_skw=New+Rock+Goth+Boots&itmmeta=01KK9PGVZCSRP0PG2YBCQPFNNW&hash=item2ff2b4b707:g:vc8AAeSwSJ9pQs-H&itmprp=enc%3AAQALAAAA0GfYFPkwiKCW4ZNSs2u11xBiC9NJy0T3CyfSfD5uXCMU8BfmrAoMxRF5P3%2B%2BU5gTfJgNaLwmv64e%2F0sVTniftJtEbV2l%2BuDVqnNr3gQ9jZsMBinJlIUP1J7lYV2ZiCu2fDIPD1Ofse0pWgOW1KgpNnCFStCyYrNGSkRoywhcJgrCAAsKuFMJZ4k40sEGpTyrXr6DAQPEWwjEEO4G7Vi9%2Fdxb1MX7pGyvBK9R1U0ClbZU3hky48HXEtzmWHND27CMHNchk0%2Fsn%2BiO3Vz3zRnWfDM%3D%7Ctkp%3ABk9SR_K_w7aaZw
NEW ROCK BOOTS TANK373-S1 Black Leather Unisex Combat Platform Biker Goth Shoes,197.99,Brand new ·,Sold 19 Feb 2026,https://www.ebay.co.uk/itm/313542399597?_skw=New+Rock+Goth+Boots&itmmeta=01KK9PGVZC3KDPDPAB8C5541G0&hash=item490095566d:g:BEEAAOSw4RhgrSEv&itmprp=enc%3AAQALAAAA0GfYFPkwiKCW4ZNSs2u11xAsp3GfcLh42iXdytmOaTsmJCZh6bdhXd7z%2Bgc%2BhG8fAZlCyfMQ%2FCVdcFueEV2cqpIoXkNqlu8IaJ1rW3VXmxSaVseg1SlapfDzF8vNTx9j0tb3DExfnrzkFCYMknXCwkUQsZXC226LYng82zrGlz124yTW%2BN%2B8NT%2B7nMmVBIRAIf8otvZEfisWdCfLooURQrO4kzR7l24FSDsT7%2BTKwB%2BJp5I8pO2thVTcZTqOYHHSka%2FyOB1C1a%2BFrObavSIaguo%3D%7Ctkp%3ABk9SR_K_w7aaZw
New Rock Black Leather Buckle Up Boots Size 7 Goth Rock Biker Original Box,94.29,Pre-owned ·,Sold 18 Feb 2026,https://www.ebay.co.uk/itm/137004611392?_skw=New+Rock+Goth+Boots&itmmeta=01KK9PGVZCQRRNXFVB4J79VMZH&hash=item1fe61c7740:g:7ScAAeSwAUhpf3li&itmprp=enc%3AAQALAAAA0GfYFPkwiKCW4ZNSs2u11xAPoHxD7WxxcSp8JJX4%2Fdk9vW7pF4sXwHuGAaS%2BkVOekAdbdLSTV1mxyYQxvsRUkRPWgkEnhf3Fb%2Fugc13gy%2FgZpjbeXlkwk0Dut2yC1x5z0FKs2wmNqwOAO3f3JikxLDOVR7mXh8szB5XFzuNz%2FxvpzhY6SML8dAi3nYOS3kzHTSq%2B7lxQecOwZpfeiZQFO0iNDnQYUqz3CMxUW7tnMid%2FUh0JRf6kBGsAT8MwQK2exkD%2BeHVx3ZsUIfxrXrJewZc%3D%7Ctkp%3ABk9SR_K_w7aaZw
New Rock Boots WALL285-S2 Unisex Metallic Black Leather Platform Gothic Boots,188.99,Brand new ·,Sold 18 Feb 2026,https://www.ebay.co.uk/itm/314343636294?_skw=New+Rock+Goth+Boots&itmmeta=01KK9PGVZC30VSYN0VZ9KHFAN6&hash=item4930573d46:g:1RoAAOSwV0Bjzpju&itmprp=enc%3AAQALAAAA8GfYFPkwiKCW4ZNSs2u11xC47U36fcX9LJVOnXPPXfZLANqrJl2GIHEZy0TaPRB6zAnnEYrbqfmvp3z1bO6DozltgoppRiFEfuGgfdZtks%2FV2kjV5SyjcBuOF%2Bj7vKbNaCaAklXKscLUWww5T%2B%2FTiACCOLcZAQ5kzrtfd2nSwcTNYD9QAQvN21k6TIGrsxc8a5eRK7omOVGYozRHDSldmHmkniqAIMvQdkpJZJOiAXWlWAQd%2BeGxdb%2BDVVoQwUUdHaxZfKTGbWfgbAQVSAWmnR%2ByCbXsbYxeaCUnhQUvQYgUTsyQZr0kiXaF9V1MS22eVg%3D%3D%7Ctkp%3ABk9SR_K_w7aaZw
New Rock 591-S1 Red Flame Metal Black Leather Heavy Punk Gothic Boots,206.99,Brand new ·,Sold 18 Feb 2026,https://www.ebay.co.uk/itm/262537187091?_skw=New+Rock+Goth+Boots&itmmeta=01KK9PGVZCMHDPB4PB0BCP2PZ1&hash=item3d206f8f13:g:OgQAAOSwrodiIQ1E&itmprp=enc%3AAQALAAAA0GfYFPkwiKCW4ZNSs2u11xBjkQK7RvjJ60FPYag%2Fs2ZFFsKauFd%2BWvoO5MtnC31rf%2FI1XVk6sOMY4ysXaEUHTDDnPXhoF5HmvCFQZg7JroXUYo5FEEUjqfiJ4z63kpscYxNceAmEsPLHpcGi2cuEUYpWQCPpIvN%2FJ9bbyvWt17oXF%2B5WOcHhaUatHtlrwl8Ygc%2BKPAuJ8xHepnsKgHlszF0kJEt5TapurMNAeawyejzCDwyyg5LZcZKSElDr8EO7jMMwrW3LAWZWuNRc0gILfcU%3D%7Ctkp%3ABk9SR_K_w7aaZw
Ladies Childrens Girls Lace Up Combat Ankle Boots Shoes Zip Army Size Punk goth,14.20,Brand new ·,Sold 22 Mar 2025,https://www.ebay.co.uk/itm/205102088643?_skw=New+Rock+Goth+Boots&itmmeta=01KK9PGVZCBKH1ESRRRZ6JQPHH&hash=item2fc10981c3:g:JKgAAOSwTwtfsTCg&itmprp=enc%3AAQALAAAA0GfYFPkwiKCW4ZNSs2u11xDDqANhuXrO1ZCNrKLgA%2B0f2Hb8LkFJMWZljik4m%2BNhQxIpH7KfV7vUdbzELYP7A9L2MUcC0ur%2Fh9zCCuhAkPzEed8gofRAN2Gdn27iw6HWcKE2u0reC7KF5BTdJUlInbQSWPTprumz9qgQMnaFBM%2FBuZ367VWG3z26kxuCJ9JSOgo9UPrWAW%2B32VbjdJc3M%2FlTPRSLRFOzL4rEvA1W5hBniRJPQHp%2FGYLNBQjujy84490AubdZcGYgBFkmsTb0%2BT0%3D%7Ctkp%3ABk9SR_S_w7aaZw
NEW ROCK M-NEWMILI083-S19 COMBAT BOOTS Black Leather Military Biker Shoes,125.50,Brand new ·,Sold 18 Feb 2026,https://www.ebay.co.uk/itm/157603259542?_skw=New+Rock+Goth+Boots&itmmeta=01KK9PGVZCKXW3H80M0QVRG9Z5&hash=item24b1e2e496:g:GvgAAeSwzkVpYY0X&itmprp=enc%3AAQALAAAA8GfYFPkwiKCW4ZNSs2u11xCRRRVVVyw1s3iUwS6iQlVsCgEWd%2BavOvngmxsh0iqoUX4dcuziZKqXyWL%2BPCaDQNB%2BdV%2B%2BtBitZ%2FyiQADhrHma400v5n%2BskjRMP9rZ3jXm3BANH6zi7w9ue5MlyLGDL5NL6T2HS9Q7nJfZPfF%2FcCmC5kk4yiNkKIQy0DrdVjeGIw65VowkyE%2B8wGsPh3N0ejM%2Bmb11CC3TKRcvSPBN5yFlh35Z33XDRj%2BIlwbMrYqTHvUTSTj8LHFkC1tuLp%2ByNQ1JQWoYtjMryInPIbqIMNIvNFX5%2FMrWe2eaHvRb--lSZw%3D%3D%7Ctkp%3ABk9SR_S_w7aaZw
1490 DOC MARTEN DR MARTENS 8 eye hole CHERRY RED leather BOOTS UK 9 new in box,140.00,Brand new ·,Sold 18 Feb 2026,https://www.ebay.co.uk/itm/336324357025?_skw=New+Rock+Goth+Boots&itmmeta=01KK9PGVZC33DRW4NZ6DP4MHXW&hash=item4e4e7e6ba1:g:aG0AAeSwkvBpEfDA&itmprp=enc%3AAQALAAAA0GfYFPkwiKCW4ZNSs2u11xBivbaxnVGmxRKpgCOED1%2F9UnIDKi0V0nqNOj--zGlMGpO6Z7K2KQ22oCqArHWlmxmj5XheCLwBgylV%2BXDpVWQfWtWXrS8zH4XwKMArpXgTUwmxonGAwBJ9jl7bwaJOrOACjk%2FGV3wKpm2mDAcgNSo%2BiXO3Tp7Uh1JlYRxUgTbYX31hJJTjjmtWwVEzHqpCMGnfl5QyKHLx27uoXR2Hr9wM4CatUH9b1LNihr0BkaOcxL5N8jrf4T6jJuCzpjcb5OQ%3D%7Ctkp%3ABk9SR_S_w7aaZw
New Rock Black And Purple Leather Chunky Platform Boots Size 38,90.00,Pre-owned ·,Sold 17 Feb 2026,https://www.ebay.co.uk/itm/397600565772?_skw=New+Rock+Goth+Boots&itmmeta=01KK9PGVZDGQWSKQW0Y6QD15HH&hash=item5c92d72a0c:g:DYIAAeSwe4VpjfSU&itmprp=enc%3AAQALAAAA0GfYFPkwiKCW4ZNSs2u11xD70qS%2FgyiYY%2FzjEZi3BSTgsqO3LMwsF45KqAEprpxUblESvV%2F4sFjlVMEPfAsrUeHaeTPbVKBeFwm6lUdWHwsQMkhglGYn4HmFtMafDRjXn5Aer%2FVKO976Z1detSM1YfuB6guo07iVbmOFClt62f4Z9cKS0VMtkLG7oDsOrirmIo6kw4xVD%2FaJXtoMXmyosSTOuOnBUgrD2dTWKIe1XFJBqF821jVaCzcnZrV2HaHnV4s7ffFsBPImbAdw6ZZ%2F6lU%3D%7Ctkp%3ABk9SR_S_w7aaZw
New Rock M-106WALL-C13 Unisex Metallic Red Leather Goth Platform Ankle Boots,211.49,Brand new ·,Sold 17 Feb 2026,https://www.ebay.co.uk/itm/316542989733?_skw=New+Rock+Goth+Boots&itmmeta=01KK9PGVZDB96QYY0GJQHDFSB8&hash=item49b36eb5a5:g:YawAAeSw~Ahn4Vfz&itmprp=enc%3AAQALAAAA0GfYFPkwiKCW4ZNSs2u11xAECBRtIX4eWzqGqhtmrl9X%2BGXLJOOEb2Hgie1uPznXsY2F0d7esdBHObzXkRnQOsXveEmZyNYePwPhzCA9SODBr5L8rgekhKRFO1If%2F3l%2FhAOZQ16H6ogvcfDu%2FDEproSMxmUwovNX8kOc928Mutl0u1EVcHG%2BgD9WJriSEfeVjwUqD0iv2NvVzvzHv0afn0R8ET4Yi4Zz2yfdLR%2FJhOjaeFh8jf9Zn%2BQMrpans78jEmeQGESF0l4rBVhrTQqSpbI%3D%7Ctkp%3ABk9SR_S_w7aaZw
New Rock 272-S1 Black Boots Metallic Goth Knee High Zip Leather Buckle Boots,249.99,Brand new ·,Sold 17 Feb 2026,https://www.ebay.co.uk/itm/255313364121?_skw=New+Rock+Goth+Boots&itmmeta=01KK9PGVZDZVBBRRAR4NV6DHD7&hash=item3b71dcc499:g:J9wAAOSweZBiINue&itmprp=enc%3AAQALAAAA8GfYFPkwiKCW4ZNSs2u11xB5P2AqU%2FwduJyYRyai7phpB9VhJvVAfqe7qATaimkDS%2Fi6bpIDBR7ZXdTfX0oVxfk1bqcV23H226Hw5HuK%2FFK05Ta3c793XkOqWc4YAFwf6pQAaSM8nnoUt6IaWc46J2Y9pXM4jrbQR1MkPowaAIgCRWEJOBfORAA7E%2BSJNPldlpfZIQ7u2yOXpLUi%2F7JyOqrAywW1qb6WsORWg5SgpCR8L5oQhVmmxkAivhewi8jpUcKUU0Kj0t6yceU2HlXBiXzaQDT3eD57i8utN5P5uHuaeCM2DqV2F%2F5lbzQlV%2FKriQ%3D%3D%7Ctkp%3ABk9SR_S_w7aaZw
New Rock Gravity/Defying Black Leather Boots Vintage Gothic Steampunk Size 4 37,103.55,Pre-owned ·,Sold 16 Feb 2026,https://www.ebay.co.uk/itm/147016355593?_skw=New+Rock+Goth+Boots&itmmeta=01KK9PGVZDS45ZVQEDZSRKT3F3&hash=item223adb8f09:g:tWYAAeSwnW5pNgO1&itmprp=enc%3AAQALAAAA0GfYFPkwiKCW4ZNSs2u11xB348qBQyx7ykkGYsjnrab40DZK3kuy13OkFrtUBrBe0ulxO84ICWNHn%2BekOS0b5mW%2Bpc8PPSm2G0SyWumK74rYSOuDQiiaVaGjHCIwf8R1fVDI%2BMVDiAkjA%2Bthg3ANyizl5SXLl8tPgiD2jF3D732AfIIbcTE5FWHjfMYgjAVcZpoNSqbFMnVtfekgcfsxponm5bHaYFvfo6aA%2FSiTMjmCf%2FF22fQaGBZXxN%2BM7VITqoDxjgEefW17mGLm%2Bc4UPAs%3D%7Ctkp%3ABk9SR_S_w7aaZw
New Rock Malicia Silver & Black Knee High Boots Buckles Straps Rock Goth Biker,78.70,Pre-owned ·,Sold 16 Feb 2026,https://www.ebay.co.uk/itm/137004521615?_skw=New+Rock+Goth+Boots&itmmeta=01KK9PGVZDVGPMCXFVHS70C3P6&hash=item1fe61b188f:g:mjYAAeSw~5lpf28O&itmprp=enc%3AAQALAAAA0GfYFPkwiKCW4ZNSs2u11xCGCOzrCb0RBqRfBpMhjUVnW%2FeXM%2FvDt7QzXoKS0jN9P4Gv%2BsknRfSBbij2LcDU8QX3PDbd0fHIJMqVYiSF3Hv6PUqxgVWvde9TO7vHZOiZM20OUIj5169d%2FSYmzduam9lZXAuTcU2YD7iIHhdeb44ZGjHEndy1hKsPuq9vYGAnUDbBuIttEW1fzcA2%2FRdUpvZShjCYgrnNoe8dBrBeTCWiKJiO7dH4HLx2nHJkhPL1lKzn2hkxsXW8JepqUAC4jN0%3D%7Ctkp%3ABk9SR_S_w7aaZw
Gothic Black/silver Flame New Rock Boots Size 4,120.00,Pre-owned ·,Sold 16 Feb 2026,https://www.ebay.co.uk/itm/267576886388?_skw=New+Rock+Goth+Boots&itmmeta=01KK9PGVZD9QCFSY35VC6YY811&hash=item3e4cd34474:g:zs8AAeSwv~Rpkaks&itmprp=enc%3AAQALAAAA0GfYFPkwiKCW4ZNSs2u11xBat3lfj03evtqRHVsMFqTPrw3fCapzSU36Ycpfrp%2BXtd1tLgGvetkw44I%2B9u3HsTgxWQDSd5Ga%2FbkznsCHrJ7hlGCZ4rkCQXerj7kh1jkb9RpEm%2FUIraFd%2BiNu1xnhh9QSWl6BIhCRBWxRvdnm04hkNv5Plm7Gs4uDP8%2FJ6bSbkXB7uSuVVeiRlTlHXvfcLqSXPnJxmORIL6guZFC7ZAlj0j6qNDzbCMiPIlUavoOL3poO6ZF0kxf5cNb5chWLfDA%3D%7Ctkp%3ABk9SR_S_w7aaZw
Shop on eBay,$20.00,Brand New,,https://ebay.com/itm/123456?itmmeta=012DEW30YG0MEEKND7NH&hash=item123546:g:acwAA9KNiJowH:sc:ShippingMethodStandard!95008!US!-1&itmprp=enc%3AbgepL1tlUHjMGCVfSTGJh%2BzsVKeJ3CQk7NizDI4BZeppuFnmyS6Ijyp8lh%2FnEw%2BWqO7uTV1Q6izE1R0T54aV8j71F4xlWfVcGft4%2FiOQhtqVXA1rW6M1atPARQRmhqUxtEPJKhKtSFgI%2Bvwlzb0GwVCtkp%3ABlBMUObkmabpYw
Shop on eBay,$20.00,Brand New,,https://ebay.com/itm/123456?itmmeta=012DEW30YG0MEEKND7NH&hash=item123546:g:acwAA9KNiJowH:sc:ShippingMethodStandard!95008!US!-1&itmprp=enc%3AbgepL1tlUHjMGCVfSTGJh%2BzsVKeJ3CQk7NizDI4BZeppuFnmyS6Ijyp8lh%2FnEw%2BWqO7uTV1Q6izE1R0T54aV8j71F4xlWfVcGft4%2FiOQhtqVXA1rW6M1atPARQRmhqUxtEPJKhKtSFgI%2Bvwlzb0GwVCtkp%3ABlBMUObkmabpYw
Zara NWOT Black Canvas Womens Combat Boots Chunky Heel Lace Up/zip Up Grunge Sz9,26.70,New (other) ·,Sold 15 Feb 2026,https://www.ebay.co.uk/itm/168154574245?_skw=New+Rock+Goth+Boots&itmmeta=01KK9PH29W1NY1AC842XDDE7DE&hash=item2726cb2da5:g:Qb4AAeSw77Vpjc9M&itmprp=enc%3AAQALAAAA0GfYFPkwiKCW4ZNSs2u11xA7uqELJEBLJ4RFIdxQ%2Fl8C5z1GKEtZheTm291yQMVF9EsIC1jz4sRxkEMlmk%2FuPAZoN2nMJQieyhdXIdhRp8TK%2BoFyq2BQxTu7CPEp%2F8vmVom9NJiAiHLQLJUWAzq2OVBn7cLvDeUk%2BCBao%2F6g8mp1AU0MtSYtM%2Bz6%2FPCXCxo9szCiX3%2FG7qxjsdhPi4290FGlPWZLdBpcnHByK%2B7pAOr7Px6qslD64PVVhIit0CQLfd%2F%2BvjFCIFqsL7umU4Qd1RM%3D%7Ctkp%3ABk9SR7ClxLaaZw
New Rock Reactor Flames Demon Devil Leather Chunky Platform Boots Uk 6 Eu 39,199.99,Pre-owned ·,Sold 15 Feb 2026,https://www.ebay.co.uk/itm/306672976869?_skw=New+Rock+Goth+Boots&itmmeta=01KK9PH29WTKNN8Y40K82NG6PK&hash=item47672243e5:g:WMUAAeSwfnBpSlK1&itmprp=enc%3AAQALAAAA0GfYFPkwiKCW4ZNSs2u11xClseTDg6L8A1y%2Ffng%2FFizhgd9i2BUbPQulR3ocOfWxhVkmEXBHDpfWrzexNDZVPfzwKkekqdRQZnxlWRmL7We2NX92GOcnoyAwfcnAxetLOeH68%2FrrXnRhyb1S4pBex%2Fx5DC%2FaMjNE8OKsWNYouyXyOC0hkYFbJcR4RSJPSqJyxWaT5juVgrFQJ%2Fc3PXsnKTg%2FrAP7ZEv8o0SZnR8jZ9Vq5uocLXO5mpF%2BNcxeWuGneW6TyNtmxu0f%2FdVTxrYx1S0%3D%7Ctkp%3ABk9SR7ClxLaaZw
New Rock Reactor Black Leather Chunky Platform Black Punk Boots Uk 5 Boxed VGC,180.00,Brand new ·,Sold 15 Feb 2026,https://www.ebay.co.uk/itm/188058456733?_skw=New+Rock+Goth+Boots&itmmeta=01KK9PH29W0SEC9M86GGBCVP1K&hash=item2bc928529d:g:31oAAeSwIXlpkFtP&itmprp=enc%3AAQALAAAA0GfYFPkwiKCW4ZNSs2u11xAtwkeYJzNtK8RQNub6T%2FvuaMA1UZhlaMenG5OGDb0bNhFl5pl2HzCKTO4Ww4wTxH4GeeeIjwm7XO3ZN2Q060CtHFIMnqqOLRXJxP8x8RQUHkYTRdBiyidjJZAhSt%2FhyH8UCZ4dNI6BVWhEjdFJ2ydsWodSRmjNq%2FgE9zQBTqV7oBYbhJ7OwsMbbT8YG6WiKke8YpT7Ui%2Fc8omZEYRx%2Bsz2Bhk7xMBZYBHqH%2BB0sBQwW1C2txB%2BjAd9cFsWvOf%2BINI%3D%7Ctkp%3ABk9SR7ClxLaaZw
Grinders Hunter Mens Cherry Red Steel Toe Cap Boots Size 8 NWOB Ska Skinhead,44.38,New (other),Sold 15 Feb 2026,https://www.ebay.co.uk/itm/177865113088?_skw=New+Rock+Goth+Boots&itmmeta=01KK9PH29WDV9A2N085Q5KSZHE&hash=item2969963e00:g:qH4AAeSw~8dpkb7x&itmprp=enc%3AAQALAAAA8GfYFPkwiKCW4ZNSs2u11xCwFYg4Hbn38IdXbsKo5s9P7pUTZ5A%2BCm9R4srq4KbAt3Zi4NicTXi%2BP7yeJp1R6HScK%2BKa6Gu5Z084NUHPZ88IVgwZv2GlW0r8yxnsiEj%2FPjiRXZjx4m0UGZY5Aej6M%2BqJv7K7XFYl4MAruJ6%2B5qhOFUj41rAXF4oYVZIzYzLNljwqSbpZTvkU8NPHHGGmrcyE5xPShx0iX17XFyaC91P8lcjHMPNEcDUTesHs4tuGqPR9SqvAQmusC8SE9ICvf5oiUYjrTqeWvnkPwshnPhhUofkIy6H%2B1rzxFGMUjnZ8dA%3D%3D%7Ctkp%3ABk9SR7ClxLaaZw
New Rock Boots WALL106-C9 Unisex Metallic Black Leather Platform Gothic Boots,206.99,Brand new ·,Sold 15 Feb 2026,https://www.ebay.co.uk/itm/256055189795?_skw=New+Rock+Goth+Boots&itmmeta=01KK9PH29W788E27HCM92C2KAY&hash=item3b9e142123:g:jvQAAOSw3FNkR8jU&itmprp=enc%3AAQALAAAA8GfYFPkwiKCW4ZNSs2u11xAhr5qHmp%2Fof1WVfFuLGHkezTq2SzS%2Fj7WznIWh80I6wDTWFqYplTNiaWzfHpFGLGjGnhAiaNReubv8EtWxFrjqC4cRiNI%2By6AxRH5Cej3yFf%2F7hT29BwVQyM9eJ1T0jUzwjVSQk8Oiwi4yK9UEbDxyFgvl6zoKU17pfkFxZtAZsVIE6sRcJVt%2FlV1RrwDNWWef4WKp8%2BpAJZvfTDFvgYfOw23zvlOsXe4Dd5Y3%2FG7Nck3ECnFS6eYkGfuWzFyTrScs048yxmQFFqjgUFxQ6cFveiujEIgdDq6NAD7idhfzpQ%3D%3D%7Ctkp%3ABk9SR7ClxLaaZw
BRAND NEW New Rocks Size 9 Boots,156.70,Brand new ·,Sold 15 Feb 2026,https://www.ebay.co.uk/itm/306716703546?_skw=New+Rock+Goth+Boots&itmmeta=01KK9PH29W6J6SSX734M9GVERR&hash=item4769bd7b3a:g:NuYAAeSw6uFpbA7B&itmprp=enc%3AAQALAAAA8GfYFPkwiKCW4ZNSs2u11xDPoK1PWpOdhK5zOzF3XmD4l0f9aTkxmLnys%2B16tZCxJZZlJujXuGSOeLylRAYSWe4Ly0L2s4jD3Jgn%2BTQCLJ5NWjEWaLc4HIcXUlp%2BlIxSux3um3ICTM4P5PolMbs2o%2BWbDGKrCnv%2F7Igzkp%2BvVktOhxApcem9xfCAJq0QTPGEOhsRhsgdkB2JPcpang5XsdR19JgOmSqs3O6RooeZDD6pvYer9iCxrNBVG0ZWKT5%2F1%2B87qzI7tIRwZ6C85ITOgcZt9%2FvQaKN%2FQHtOIa5V73RFqwPbuI7F0hQRHwwHx3gyTg%3D%3D%7Ctkp%3ABk9SR7ClxLaaZw
DR MARTENS DARIA 1B60 BEX BOOTS UK SIZE 3 EU 36 US 5 DOCS PATENT 30798001 KNEE,94.30,Brand new ·,Sold 15 Feb 2026,https://www.ebay.co.uk/itm/366011171768?_skw=New+Rock+Goth+Boots&itmmeta=01KK9PH29WVZ28M25KR7E9YD68&hash=item5537f743b8:g:3~0AAeSwrEdpMZ-S&itmprp=enc%3AAQALAAAA0GfYFPkwiKCW4ZNSs2u11xAlZ3qNSt2%2FimqRV%2Bc%2BNoSVe3DilTKteuWeMGCNGLDeoMg1DVUriW5vQeNfsj09pGRzUmBp9zWMw5aAwlCCiGSbBgLqCcIxxmRYF1jnhEDHOCNfsFkVJ6GTN1nNOpJEig4084NJcrmrSklgbMbGuuPbEqzW9t8wbGonszxb54O44gBA%2BjYBeVdsbQQi0KgpQCsv05AyiHuPUokGNrdsGfwPOpHFmUNYZqd71eHnOWgxdrZ61t8K6HzXqTDnErdJEbE%3D%7Ctkp%3ABk9SR-alxLaaZw
New Rock M-106-C153 Pink Tower Platform Metallic Gothic Ankle Boots,206.99,Brand new ·,Sold 15 Feb 2026,https://www.ebay.co.uk/itm/267195885149?_skw=New+Rock+Goth+Boots&itmmeta=01KK9PH29WKGGMWWKV14T1EQTS&hash=item3e361da65d:g:nJQAAeSwY1hn3V3d&itmprp=enc%3AAQALAAAA8GfYFPkwiKCW4ZNSs2u11xCzrVO%2BTARuixfz89Bn9dI6rwj0ui4am5AjaT4uUVSXsp8KhS1eKa4dyDtOV5g9bLyxWtA6yN2OP3TDdpPO%2BX2oGytaBMSILcljiW7XgLXdZ3Z82W9QCyO5fCZi06TI8b02TxPezhLi%2BWPbMOeZBV%2B6Kn4PIf3pSmkIOmBbD71uYYmdlW%2Fgc1c4Ym3Kd7TC9ZPfinRzsdM2GLZqQXovV5Oh1%2Fmn21G6aX%2Bc3EJJgF0H8VJoAc%2FgLEiRcXBxo59vIlbwYAqjVw%2BnDxlOhgQ6omeDMtEkh9W2rLg388QhdUjuYg%3D%3D%7Ctkp%3ABk9SR-alxLaaZw
BNWOB ATMOSPHERE WOVEN FAUX SUEDE SUMMER ANKLE BOOTS - UK SIZE 7 / EURO 40-41,10.80,New (other) ·,Sold 14 Feb 2026,https://www.ebay.co.uk/itm/126531077089?_skw=New+Rock+Goth+Boots&itmmeta=01KK9PH29W910WKQ44RDFDSBZ8&hash=item1d75d703e1:g:3AoAAOSwY0Bmbb4j&itmprp=enc%3AAQALAAAA8GfYFPkwiKCW4ZNSs2u11xB5Y5toR9EMPuqXBDNOqBoXU7D0vWahZeHjtbMasBvXEmW6WLDE2qkBOcLbtFQboQMCZmkqXsLsKCTmhnbQU7VJ%2FdF3qk2mW7Nh%2FX6nfsxsZR3q9gRPQMsFKZnk43N7NodiVHNHE9K5xhyHJHhrPMqETIwWD1NlbHLwa%2BZXAzcwS0eu0h%2BIRUED5BdE8RTOB7eGFbs0rxrNaslTSu0nDoghR4%2BeekhvTDKsmJEInVpzxVA9npk6fc0biWzEOwQFMbuZapsITzXfQdrpbGYxPEPgVjn3J%2FhedhowE%2FLn6Xjd4Q%3D%3D%7Ctkp%3ABk9SR-alxLaaZw
NEWROCK New Rock 107-S1 Red Skull Devil Black Leather Boot Biker Goth Rock Boots,206.99,Brand new ·,Sold 28 Feb 2020,https://www.ebay.co.uk/itm/254263870643?_skw=New+Rock+Goth+Boots&itmmeta=01KK9PH29W56CB846SSE7EYPJ4&hash=item3b334ec4b3:g:7HgAAOSw-JliIQWH&itmprp=enc%3AAQALAAAA0GfYFPkwiKCW4ZNSs2u11xAgFvQWvDscGD4GwPBAa1VfnQETSEI8Hl%2BXd2BnZLeH%2BeeuwUCAENFg5Qo9rq7eGurt9KOs5wDqrbtH57d2epIYVc8NNKc5JqzQXO1ErFV0wLzfGXHwmjSNasnJA9ag4vhZFv5GcJcalctl4dQlASvEZdrwc9ocP4j3Vv%2Bi06g3%2BB3VgvV37qMJ8VaBPaC573LLp8oHvM9R4JFPvoXckckehsJaSV%2BoUlnF5w3jdP7zaW%2Fuf5PQdJIaAvPWhagnctQ%3D%7Ctkp%3ABk9SR-alxLaaZw
Timberland 6 Inch Premium Mens Boots Darker Brown UK 12.5 US 13 BNWOB,101.99,New (other) ·,Sold 14 Feb 2026,https://www.ebay.co.uk/itm/397113329434?_skw=New+Rock+Goth+Boots&itmmeta=01KK9PH29W74THY64GPZ2XDNE1&hash=item5c75cc871a:g:MdQAAeSwKJ5o3Ywr&itmprp=enc%3AAQALAAAA8GfYFPkwiKCW4ZNSs2u11xDD8Q1ntXOGiO6oWDKXlc4y3gqwtPfl%2FDs3MFSmHNMuyhX%2BhVxDETVSC1D1e4qdmwjDdHqc%2FNjcc7d5QhDyY5TryR0pOHZxrk4pIBo2jSWL1vxSKrxajdm652L%2BmUeR4CPFa87dg%2FrkzxoXC0%2BmzstNdrBRq6eLcDBKARN12873IgzRebGnAMA7ax2A9hfZ7rUNes3MIHALDWKsNqIh%2BQc1yuC%2FJ%2FkE9ZxILlcmdCE0qduYOLNNHv3DvH9c8xIGN%2FihIfVfkueO5BudBc3ipa7Y%2BmjzOGwB5kNIOlc2jN2HfQ%3D%3D%7Ctkp%3ABk9SR-alxLaaZw
New Rock Vintage Block Heel Platform Cyber Goth Punk Boots Red Skull Hardware 42,219.10,New (other) ·,Sold 14 Feb 2026,https://www.ebay.co.uk/itm/157455652428?_skw=New+Rock+Goth+Boots&itmmeta=01KK9PH29WKP5AWH4JKK3XHT37&hash=item24a916964c:g:ELkAAeSwsk5pEpLi&itmprp=enc%3AAQALAAAA8GfYFPkwiKCW4ZNSs2u11xBTciFcKfy8Ujnln%2BexRau3vjWGgsIW5Cmr8sQ0vox7wUYpKD3ORfBERN6eeH27Sojx7Z7QvL%2ByVKsHNytv5y7uBfXEu6FfoFA5duaH2P2MGpyDpKy%2BntmVAedeFCiYJSfHOZxlFmjcUXIMUPXbkSt6HVe4GxA7IwTfcqfDiHZx36eU6HIKQP2S7qBS60EmKelVvR%2BOVg8rQimp%2BbATd5UwMlLfMF3wIXqqdNiN6Kz7uyVHmenxSxlFH6j%2Bw%2FO9UYxzvvBuygFk9pWwHm9xZovp9zPL3SZCf49ITlpbQWzPfQ%3D%3D%7Ctkp%3ABk9SR-alxLaaZw
NEW ROCK Reactor Shiny Purple Boots EU37 Goth Steampunk Hardly Worn,99.99,Pre-owned,Sold 14 Feb 2026,https://www.ebay.co.uk/itm/177860371784?_skw=New+Rock+Goth+Boots&itmmeta=01KK9PH29W6KW4QFZMMTBKG53M&hash=item29694de548:g:qnUAAeSw-fVpjyzb&itmprp=enc%3AAQALAAAA8GfYFPkwiKCW4ZNSs2u11xC%2FvqEjYHiaPtsZV29lQ39n2U9PgQ5EFRPjLxxJZ5Moi5N8uss8iAgES6a5sANnYhdFFQnzvbWQ5qsFGJkiuk%2BEpSIz%2BLmzyfS1CZkNA4rV5yIcmZmf47TsF68TEA6C4lRO0oPlyYx2h3QM99Ht6T0n%2BxF7jOekrDw6jJTwRHwbHW88c6jlw0Ci6M6j3KvSB3O0rvdb5qi83La1Nb7BG7IdPj%2Fb9S8suC47QUiR1qtMLxtQVrEryJ635mzChZljiFe9%2FJNmQK%2BFREYIprkKzo9lbpzdosz0Y0WKve6R3DtxWw%3D%3D%7Ctkp%3ABk9SR-alxLaaZw
New Rock M.7993-S3 Boots Men's Leather Boots Vintage Black Dallas Leather,197.99,Brand new ·,Sold 13 Feb 2026,https://www.ebay.co.uk/itm/234039975900?_skw=New+Rock+Goth+Boots&itmmeta=01KK9PH29XHWC73ABZNFBJM1A4&hash=item367dde9fdc:g:45YAAOSw6K1iIhJ3&itmprp=enc%3AAQALAAAA0GfYFPkwiKCW4ZNSs2u11xCansHadr44s8hIXt51qksXEUVQOzA5oaXTdR1Wlskb1tW4zR%2F8HZlOA9T9dwW%2FDUXTseXJdZGDsuq8mzxkG6ITRhQkgwxfIkpau8MFz%2FnlrsGEf7XZon%2FXASAe1vH%2Bg37EHcoWtTIquCV4HIGa8vbK6uvXZRt4hQhxjSiSG9WfYPnJB5o4BAGye%2BJDiyPYX7Hj2K1vh2skFFJaogschqAm2iyxwlxm2CI33CmOtLdAtOqIzexQOC%2FQ3AbhOkCD9Sw%3D%7Ctkp%3ABk9SR-alxLaaZw
New Rock Vegan Boots Size 45 (UK 11) Important See Description.,77.08,Pre-owned ·,Sold 13 Feb 2026,https://www.ebay.co.uk/itm/188032588841?_skw=New+Rock+Goth+Boots&itmmeta=01KK9PH29XRH9B80685TC2M14S&hash=item2bc79d9c29:g:nrYAAeSwajtphh0y&itmprp=enc%3AAQALAAAA0GfYFPkwiKCW4ZNSs2u11xCuANBUMMMPMd0XKTVmXNYpvEjlg93IFUE3%2FlUZQWgXtHwJz5KBpNyidOaTVWxBjF7rd0TWxkYO5LC8%2BgoSKsbaiU6yuvqAAYiVHvl6NL%2FiWmAhnUXujAJD%2Foih70X%2FzmvwScINzWmhbPaey%2FZHAKdJ9nn7bbkqdZthGHbwJYVbgHiNSZWRaC%2Bwr2Bhd7pvQSiqRP%2ByfsBWDcI0mOGh%2BgdDe5air%2B5h3mtszskWib19kjM%2BsVQIIX0JlNxQQYdLRx4%3D%7Ctkp%3ABk9SR-alxLaaZw
NEW ROCK Boots TR003-S1 Ladies Metallic Black Leather Biker Heel Goth Punk Shoes,161.99,Brand new ·,Sold 13 Feb 2026,https://www.ebay.co.uk/itm/313457001965?_skw=New+Rock+Goth+Boots&itmmeta=01KK9PH29XGM3QAZS1HCAE0076&hash=item48fb7e45ed:g:jkwAAOSwD89gWc2b&itmprp=enc%3AAQALAAAA0GfYFPkwiKCW4ZNSs2u11xAt3%2FLU1XACpAYT1LDEXa%2B3tZr7YwEUSoml2456pImPSuspGGSZExh0v7gh0oTldTUKTO4uROIiaSXOYJ5eJ2BPbuJOoURRQnu6bflKlHbxXHkxiub9ubuDV18tzh36sv%2FufaXr%2Fb0zPTRlZ7dWKdA%2Br0%2FiKqVSl5erY2rO9WYEmPchLYLwDSQbCDHlBU9x5GB4az%2F0ChbHhirP0ClmVmPddH7aI318BuGfdgiBhVmt6MP4FwKMsVdCZFWivUhvErM%3D%7Ctkp%3ABk9SR-alxLaaZw
Cipriata Ladies Biker Boots Floral High Leg Faux Fur Autumn Festival Women Shoes,39.89,Brand new,Sold 13 Feb 2026,https://www.ebay.co.uk/itm/317158683517?_skw=New+Rock+Goth+Boots&itmmeta=01KK9PH29X9BAYVSNZ2TQ6WJPF&hash=item49d821737d:g:gFoAAeSwS~ZolfRK&itmprp=enc%3AAQALAAAA0GfYFPkwiKCW4ZNSs2u11xBc8B%2B99adaksTp8VDrPRubqKFsVb1ovhlaIbd7jHYNUHStnjW5cnBSh7VE--3Sz8tKWIO6lnsjIeUmZZdbjxGSTkXgPCY1L754%2BIPIV9xoKHLGkIg6M%2FDXZ%2BOzQ%2BMP6tDQQpq94XuEhNeJIDtNCnh%2FRlAWGh4n4rIwDcvODzNcTAion8JTlwert%2FhdYOWC3phEOvC5HKm6xhlmJRxpju04qx%2BMmF66kvJSgVjjLtcF%2FIzffZWUTZhk1xTc57pcAP4%3D%7Ctkp%3ABk9SR-ilxLaaZw
"NEW ROCK Punk, Rock, Goth, Metallic Design RED, SEXY S39 leather ankle Boot BNWB",208.64,Brand new ·,Sold 13 Feb 2026,https://www.ebay.co.uk/itm/277538222626?_skw=New+Rock+Goth+Boots&itmmeta=01KK9PH29XT4V61V0YPQKF3HFZ&hash=item409e913222:g:dlcAAeSwz~Vo187-&itmprp=enc%3AAQALAAAA8GfYFPkwiKCW4ZNSs2u11xD6rLaMLIZZR3paa6Zu0kqO3e%2BXp2LC9%2FtppL3N3zoq8UkOzyHM2Njhik5%2B71sq4yOjF8X0qAra6Q2Q2nxrtXDiatUePnysmcc%2B%2FnMKwujAAr6a6bFJkWBZBR5Xz1jT6ggSjtgHNFW4wyziPuo1LC5QTpcF6UKpY9ol61n5j7c7JBZL2VpKit%2Fv%2BcKdK2OV8Jck6MO2X5r0JmMFxHbHS800m%2FxeUDBqdZBjrWCAMgTKyvmT2jzErd49hh1kY6Snzx46wTOGeA90buX6i0MV7SzEnQE%2F%2BvfOQqfT8WLsx2sP3Q%3D%3D%7Ctkp%3ABk9SR-ilxLaaZw
NEW ROCK Red Black Leather Mid Calf Boots UK6 EU39 Cyber Steampunk Whitby,140.00,Pre-owned ·,Sold 12 Feb 2026,https://www.ebay.co.uk/itm/287132522072?_skw=New+Rock+Goth+Boots&itmmeta=01KK9PH29XQPKWRAB8TJPV7NZ1&hash=item42da6e9658:g:c1oAAeSwdEppilo5&itmprp=enc%3AAQALAAAA8GfYFPkwiKCW4ZNSs2u11xAap6LCUY%2Fh54qM5S4AL0UD6Luw1IBU%2BThPirRRVS839Z%2FzNe0K%2FT7zzQS6iqpPmOba%2FVsv4ksXDEfeR36Qo2zmk6BANhOABPTA3qoEDTJhVX%2BYjAoTa8mtBuvkNbgwfDTSmWP0lpC%2B9DX1tE2zbDEKEvS6IXAjttpMhvXGFZybgQK5ZhYKZ703cczXv%2FpvR8Z1BreiWKPo%2BB%2BEXBiGTRJZgcVyaisdpz7PEpjNpSf3%2Bg45SjdLsV30a7iffpINYl8hO7dXzxFXF5KTTnA0EFWiEH9utfdTxmiNGkd8rYQ1%2BA%3D%3D%7Ctkp%3ABk9SR-ilxLaaZw
M&S Ladies Black Leather Lace Up Side Zip Ankle Boots Size 5 Chunky Sole,24.62,New (other) ·,Sold 12 Feb 2026,https://www.ebay.co.uk/itm/187947133628?_skw=New+Rock+Goth+Boots&itmmeta=01KK9PH29XJBPG0ZA7B7GF2988&hash=item2bc285aabc:g:isMAAeSwlxdpZf4Q&itmprp=enc%3AAQALAAAA0GfYFPkwiKCW4ZNSs2u11xC9%2BPFUtNim%2FBB9pAjq4SURmoF8ls7CKTLo9YBQlRfvrXmEyUBKFJAdZ5a9niTwTQ9jGQ61MhzshlxIu9XuDB%2BViaBzFDsTSRt7mhiQWNils15vaXyDhnSQWzU0%2Fsr6gHQ6zsLdG%2BhEe5E48a%2Fp%2FVFCUdLusbn3B8OodlhljakiM2U1jhm8JqLxdJ6c2XSZaqQRlNJNNclWf35OXSHp5hlB09rpmjYCnsPtG8Rofv469P6iX8Yk6VAJ61TOO9DHpMM%3D%7Ctkp%3ABk9SR-ilxLaaZw
New Rock M.237 Tall Knee High Black Leather Chunky Heel Goth Punk Boots Uk 7,151.50,Pre-owned ·,Sold 12 Feb 2026,https://www.ebay.co.uk/itm/287008751349?_skw=New+Rock+Goth+Boots&itmmeta=01KK9PH29X5FYHA2FNZW8QV3TT&hash=item42d30dfef5:g:0~QAAeSwp1tpPaMc&itmprp=enc%3AAQALAAAA0GfYFPkwiKCW4ZNSs2u11xDhZTnpdSjHmNk%2FXAUjrgrD%2FpTwzL9glk8ZvW%2FkfhZ4ykuIns7b9gepACCrLThvd%2BJHRiyRfHzVEC9qGKjTEYs4GQaJSBOcMd%2B5GwkAk5XPsbGaehA4IJGJxuxup7oMf3W3EjmK1UM2PIsukg7o1o8fK6c9VzYJDwcBNACBDPfOVQAfwosLJ0MXOT%2F6uEAZ45lyo%2BwURvxPC28cO2QBC9TfgFoxzrLxUWhDbV%2FQGVIwJcQGH56nuM%2FVF7Mls5A1a0k%3D%7Ctkp%3ABk9SR-ilxLaaZw
New Rock Reactor Black Leather Red Flames Platform Rock Goth Boots Uk 5 Eu 38,129.99,Pre-owned ·,Sold 12 Feb 2026,https://www.ebay.co.uk/itm/306745629429?_skw=New+Rock+Goth+Boots&itmmeta=01KK9PH29XJBR5G4BTVQDEXG87&hash=item476b76daf5:g:oHkAAeSwalhpgGCB&itmprp=enc%3AAQALAAAA8GfYFPkwiKCW4ZNSs2u11xCtEQS9Og08B5%2BhgRs%2FWT4%2FJzMWS%2FTIHyiX1hdjjh31nOTe%2FN0EADVOs3EkMKuvTANpgN7FeifSscJLMsyasEsdj3srWs7tDtAqeKtkSYsYYxiki%2BvPiBng4T20AIKiRNxk%2FoYo7OPgJUxCfYc%2F7wWgkdq0abyXZG9ASiIWF6Fb3o8GcUD9PRbO2UbYL0mSm3BTZM1z39gS1i1dKF0AQcwRH4QZEG7elBLL0opEK%2BqdKtyhvpesXIN0ITjfoCMSGkDveY9%2FTwHXXUFDvf4KAVI2dbeYRcLdFDGwjVr0d%2BqmwQ%3D%3D%7Ctkp%3ABk9SR-ilxLaaZw
NEW ROCK BOOTS BLACK COLOR Size UK 8,70.00,Pre-owned ·,Sold 12 Feb 2026,https://www.ebay.co.uk/itm/298003716835?_skw=New+Rock+Goth+Boots&itmmeta=01KK9PH29XBGE9KR5G1TG4E0ZS&hash=item456267dae3:g:ybMAAeSwaytphKtM&itmprp=enc%3AAQALAAAA8GfYFPkwiKCW4ZNSs2u11xD3MjZAKEIr%2FOIWj8oMVpTvMv%2FcYB736mBPpvvnZn7TZ%2Bs1osWNHM%2BPYp%2BM5DSmPqz3P5nZ%2FFhpIA98p1QWND6HN7VM6Z1paNcqdKTVoj9L2fG%2B4r7Lkf3lAhbXNQ09Wx%2B9Ctm%2B1CT3CgoOlgTJsbSVKyLF01Ur2u9gDdmJn0X%2FKeXUIKruphPjz8KRW2QdWq%2BE3V%2B8yr80nZdXS1fEsy3G7ddlzqosbKPHuR7WRCRJpXakfnd9jqu3laC1AdmtSOBrSXKFtXR6I0j%2Bu73QzfX4aqusSxWWW6C4q2mHrINJpg%3D%3D%7Ctkp%3ABk9SR-ilxLaaZw
New Rock Reactor Black Skull Buckle Flame Chunky Platform Punk Boots Uk 9 Eu 43,169.98,Pre-owned ·,Sold 12 Feb 2026,https://www.ebay.co.uk/itm/306665770598?_skw=New+Rock+Goth+Boots&itmmeta=01KK9PH29XYKSSXX6JS929N4SC&hash=item4766b44e66:g:pC0AAOSwjxlnMa2S&itmprp=enc%3AAQALAAAA8GfYFPkwiKCW4ZNSs2u11xD0soJimPcq%2BBqecFULpAl%2FabUprcbHCxd7SSVSFtgHJWAxyxjejuKWZtOAaSSiPog0EWjW%2FxyrPgwhdNoChwiuxnQeXrzuXxQ6m4a%2Fqugvbtr1ByM4BXCsD8a%2FRyJKgpSf3pz3IPnPSmjkBFRj0iyYM6vnByZAmt0xRKgLzUpo7S5PsqugiuTy5CkVWeJYr4%2F0X%2BjEOETDKeNcRxlogL0ub7L6Z23WRnlD3bgpHFHhPdCTF6eXPBFqYiA%2Bdy4WwouXu%2BRkjLcfh0om%2BpzFIenv2vvmNlyQhRNVjY9J0EhRnw%3D%3D%7Ctkp%3ABk9SR-ilxLaaZw
Mens Western Leather Boots Biker Buckle Harness High Leg Motorcycle Horse Riding,64.55,Brand new ·,Sold 12 Feb 2026,https://www.ebay.co.uk/itm/316103171955?_skw=New+Rock+Goth+Boots&itmmeta=01KK9PH29XDH6Y22DQ7VJ9H91T&hash=item4999379f73:g:oRYAAOSwjOlnd-XL&itmprp=enc%3AAQALAAAA0GfYFPkwiKCW4ZNSs2u11xBJC8iFvkIW1hP%2BjqewDHZw5v84kW130eh2%2BYWYXlKAmAFas%2Fa%2BwBUTC3I%2FDVWsWb4b0bZFbPHDbcAWYwWwiNtj%2FJlsa8VR1j7e2ttkPzsWcdAB8qPjqFOxKAVjjLKSCtuGNzi2DEFG0bNGE9CvuGIdI0l3T%2F78TXlJhuiBgUJGgfC3plng4MW8sXEvVvsuSxaWUcjKyqZ9JEtOvKoGMoyNuxDBWuy8kiOWHITgaakc32PiwJzhWOBIsBm%2B1SSyBcg%3D%7Ctkp%3ABk9SR-ilxLaaZw
New Rock M.373-S4 UNISEX Metallic Boots Black 100% Leather Goth Biker Fashion,201.29,Brand new ·,Sold 12 Feb 2026,https://www.ebay.co.uk/itm/252470182048?_skw=New+Rock+Goth+Boots&itmmeta=01KK9PH29X6XHNY5XM6VH8KE3N&hash=item3ac86540a0:g:RREAAOSwRgJXkPvU&itmprp=enc%3AAQALAAAA0GfYFPkwiKCW4ZNSs2u11xB746whd76k1cTiTvRa%2B7LskwzwQkHVGCEM%2Fd3e%2FdY8Tt1DjH%2FZvpB4MvsbM2W%2Fvkie6q%2BH410lEPBqv4OrpKjoX4JWtz5LCLd43F57ZlRz554M%2BryfoDNJNYfnk%2Fqbp7AZUtLBVqfZ4C1yZhoVKNkGgOjbj71YSwfTdPkGrikNP4k1wbakfwKJnCuaVub3M4a20%2BFUCHGiV1F9%2Bhd0cGsPpz84bUfNVCq8%2F16yjGJXHSesNROtp%2BvntEQVyQwrK0E%3D%7Ctkp%3ABk9SR-ilxLaaZw
New Rock Reactor Boots Size Uk 11 Eu 45 Black Leather Zip Up Biker Goth,150.00,Pre-owned ·,Sold 11 Feb 2026,https://www.ebay.co.uk/itm/298000799401?_skw=New+Rock+Goth+Boots&itmmeta=01KK9PH29Y5G2WPZY2PPVDDXDB&hash=item45623b56a9:g:lsYAAeSw5A1pg6J8&itmprp=enc%3AAQALAAAA0GfYFPkwiKCW4ZNSs2u11xCUM3wLyYZ0mKjXhD2GM%2BJ7P1tU8KWWAjpw%2FH6OU7DFuKY1hKFpRgV7IcCbb2dg5KpKyBHwaWjCndln4OdUA%2FPLSsD1dUCdREbzXlTQXP23Co2wMZKi4u%2FpMFqYhVw5m2aBuQVqoSjHw5KjZ8Rjy8u4yUcZii4xnTYm9I3Ah%2BJUSA8b3RN5R1B1CqMEJ7GKiNzVIMiH4JbzrDiXqczTwzMI%2FcnicjT3aQn%2FazdkHLUP1VyRfSLsIHKLKoGjfKvLFvQ%3D%7Ctkp%3ABk9SR-qlxLaaZw
"New Rock 7960-S5 Shoes Embossed Vintage Black, Red Leather Buckle Steel Heel",157.49,Brand new ·,Sold 11 Feb 2026,https://www.ebay.co.uk/itm/255005258744?_skw=New+Rock+Goth+Boots&itmmeta=01KK9PH29Y3VD4RW5YZ4Q9PJ9H&hash=item3b5f7f73f8:g:24EAAOSwHfZiIhHQ&itmprp=enc%3AAQALAAAA0GfYFPkwiKCW4ZNSs2u11xDKWJQeW9cE4fNm6PX2f6r2vN6formungOk9mFTmQA69G642UlCEAbfyPNSEefk%2FLmqZoIr%2Bd%2FHoGb1wiCZizGs8fWC7YjHntCiFk5%2BDUN8GeRRm0DeRBjU9D%2FL0pm0%2B7%2FLdaU7elnZ5cZxazLJAg3Jl7vv4nSRZQGLvhkRijYwdCiuOr%2FARKZLKfGYCBiEhdk%2BopGBlMSkBi1VXEIzlnuDTe00CIVvcYHzXHnHjSdxN90UJVqfSL0TuchgCp%2FsiAc%3D%7Ctkp%3ABk9SR-qlxLaaZw
Koi Couture Black Faux Suede Deep Fur Trim Tops Studded Detail Wedge Heel Size 6,12.94,Brand new ·,Sold 11 Feb 2026,https://www.ebay.co.uk/itm/376921788211?_skw=New+Rock+Goth+Boots&itmmeta=01KK9PH29YMQ2V8Q0CMG8E18W2&hash=item57c24a0f33:g:UtkAAeSwveJomGhO&itmprp=enc%3AAQALAAAA0GfYFPkwiKCW4ZNSs2u11xA9BW%2FQbH7GaQgjmMqPBQ4chq3epweReHfGcRp%2FAB0GeIteKbRsw497ZKdpOcR6YUYAR%2FKWWlFeJRnFVJ1M6p%2BwMtzia1iaxdrqFR%2F%2BpK%2F6dEjsq41tvP8Ovf%2FsUhvdghrictCfVpPwrJyEzKXqgZGL%2FlNdb8E3ycEmAwP8hiwE1n7A1AH068wSqxr8DocEWssti3XBeB1Qq2R1IjlaaHKhsGZSuHDL74A3S9%2FxxOS02SmbeD%2FFMZP%2FLlKutbbXP1c%3D%7Ctkp%3ABk9SR-qlxLaaZw
New Rock m.272 Black Leather Chunky Heel Mid Calf Punk Goth Boots Uk 4 Eu 37,169.99,Pre-owned ·,Sold 11 Feb 2026,https://www.ebay.co.uk/itm/306751723687?_skw=New+Rock+Goth+Boots&itmmeta=01KK9PH29Y5S4MW9EM9JXGKW1X&hash=item476bd3d8a7:g:O74AAeSw~s9pb0s~&itmprp=enc%3AAQALAAAA0GfYFPkwiKCW4ZNSs2u11xDkYrCZOm05Qa%2FfYnZHxg5QORTptqsE7rAfa9PmkZ0sT9e93RwJrlByf5gzzvcDP8cyeTKV4HGvNwTTddIaStZH%2FfrG30WoVI8HEGbvsuCDR7NlnJzfpCYGihRwWpjXvm5PXPvHE1yoAgTM7W8FnDUoRHy6QKLW9cSi6J98sttZGt7rD0BIaj9K0QU3JU0IBTLKHyde8M0roTEUVJE38gBzDYcmfYwIOHdTtbVNBl%2BPBJ1GkUFbxt2fQsdbw%2FtYlBU%3D%7Ctkp%3ABk9SR-qlxLaaZw
New unisex metallic black leather platform gothic boots from Rock Boots 2026UK,63.09,New (other) ·,Sold 11 Feb 2026,https://www.ebay.co.uk/itm/358189032005?_skw=New+Rock+Goth+Boots&itmmeta=01KK9PH29Y58SRR384MKH4MJ9P&hash=item5365bae245:g:vMsAAeSwDkJpg68w&itmprp=enc%3AAQALAAAA0GfYFPkwiKCW4ZNSs2u11xAv4E6F%2Bb6FV%2FeVfpsC8EfJ62aLNZ%2FEylMx1sQ3qiDuDGykuxrzPEjiBQFIF4C2i1%2BT3eXXkXI86t4gTCLk000g9%2BeWAFWRlAVpVS5%2F7nqPXfQZdNuiLfn%2F4sVyPbZSklPc9qHX8fRPx35Ei%2BsUEE%2FUlJ6uTUcJk5zykxlsZeA%2BsJin41FuolGla1%2BFDBocZTVeXtlqRbNFq7twNUPQ3bLtTh6sgrx5Jp0rt8rgaPTWoUDuq7dqjFMIcbw8gyiYiaA%3D%7Ctkp%3ABk9SR-qlxLaaZw
New Rock Boots MILI083CCT-C4 Unisex Metallic Black Leather Platform Military,219.93,Brand new ·,Sold 11 Feb 2026,https://www.ebay.co.uk/itm/265702012371?_skw=New+Rock+Goth+Boots&itmmeta=01KK9PH29YNK043SDXR3CJBAJP&hash=item3ddd12f5d3:g:aWIAAOSws5xiiN1M&itmprp=enc%3AAQALAAAA0GfYFPkwiKCW4ZNSs2u11xC8a820%2BJz9TltJFvSoWymg4BHxMHC7Peo8yfAu%2Bkmsuyr9VWP8AkebaSsag7PDQ3gLsD%2Bk5o0eQrqQdiVt8Z0Gyle4zXTpXPiJZcGliI4Y2gCy%2B6bly8FR0GzWeKgA0ABFSPu0iSfsolurIvMTnGii8apfRRAxRf8P9sWeQgbQgm9uSjAkfOkRQ2gUn7ePo6vjaishsJlozX%2FcVv8xNRUN90CKs9wshFQYNdobLMMfxDCbCcpLvpTM5kMmqyuOKD8%3D%7Ctkp%3ABk9SR-qlxLaaZw
New Rock 7921-S2 Leather Black Red Flame Cowboy Leather Gohic Punk Rock Boots,246.02,Brand new ·,Sold 10 Feb 2026,https://www.ebay.co.uk/itm/254571099128?_skw=New+Rock+Goth+Boots&itmmeta=01KK9PH29YMCTPDRHYC9C9RA9Z&hash=item3b459eb3f8:g:EUUAAOSwf5JiIOV4&itmprp=enc%3AAQALAAAA8GfYFPkwiKCW4ZNSs2u11xBRgBRud%2FKzCzv%2Fu%2FXYOj75Kuk8eqU4SZsEJ5GbimWiy7e9vnnqmlQr9ZgzoLRmPYWTk3Yutc8%2F9NVq4oNQyqOQlBeJfKZQncj7oWGKua7x%2FQED%2FI1KaxK%2FnQ%2BFWnEzDZWeHkwJu24JbY8CLvHuvCRZQMCEAdy43vtteaaOYKof7M6Ax54vwosLP3Hzzfcw6wageKd938vyFUcRnofdwohEGiv349NZ3V7nfCtMtzPqaYeJ6MeNGXlgkxGRPFU6sH7m4WktdfWDKXQurc0k9uw4pJ5SIlkX9aBOREXnGiRwiw%3D%3D%7Ctkp%3ABk9SR-qlxLaaZw
New Rock 106-S1 Size UK 9 EU 43 Unisex Black Gothic Classic Leather Boots,135.90,Pre-owned ·,Sold 10 Feb 2026,https://www.ebay.co.uk/itm/177832069883?_skw=New+Rock+Goth+Boots&itmmeta=01KK9PH29YYBFBF9ZEB02A6XF6&hash=item29679e0afb:g:hZgAAeSwXUppgdTM&itmprp=enc%3AAQALAAAA0GfYFPkwiKCW4ZNSs2u11xB9RGhzboFKuI4h91sycjUqY2BQcCFcFkvObMSXaOksWN2vP42zaJcgEa3Y6Euh1BdlQr%2BQ66sUsTS2SCKIbX4jTzKHC0rkYyjvSfG21n7Gw1tBd5HSwI6ZbF9hUB%2B8Kq1XYuptIexpejmGTQ%2B%2BmVV%2FP0jaySQRtfe5aKI%2FvWSYjtzCq19Pi2Tx8J4zRX1NQmpEIBtVl6Uz0fp0L0GTYjvdojVyCw4%2FJLtYE1B7ofiFDZLxHm23E3ULJxKmqOcGXEo%3D%7Ctkp%3ABk9SR-qlxLaaZw
Platform Boots Pink Patent PU Zip & Lace Front 70's Retro UK 6 EU 39 Ex-Display,29.99,Brand new ·,Sold 10 Feb 2026,https://www.ebay.co.uk/itm/317668743752?_skw=New+Rock+Goth+Boots&itmmeta=01KK9PH29Y4X7CX2FV86SM0WCF&hash=item49f6885a48:g:oXEAAeSw8j9pQsZZ&itmprp=enc%3AAQALAAAA0GfYFPkwiKCW4ZNSs2u11xDtRU7MZY3uVfhNhUrHOmuEH7EKUdKt0t280ilSw27o10MT%2FvE4q%2F5TdTT0u9LY74jg4ccjWomtR1RsWJ7aHEnx0wFCNuWuRmYnHd1EIyOi%2BjT7yYVnJJcxdqylh28Zh1mEO06%2FaFGSMBr0Jk%2FZp0Zg90kAovsSB%2B3DmXgd4FC7juX5F3aYk4boDxVZYqJzcKzhibfsz5u4qMZn78vFU6TUuRfKLVQ%2F05NXRvlpIwzZ0NSzh8LcOjW2LpM0zXPYk6o%3D%7Ctkp%3ABk9SR-qlxLaaZw
NEW ROCK M.106-S29 TOWER SHOES Metallic Black Leather Biker Gothic Boots,104.69,New (other) ·,Sold 10 Feb 2026,https://www.ebay.co.uk/itm/316941036176?_skw=New+Rock+Goth+Boots&itmmeta=01KK9PH29YSJ7HF3FFYK48DNNY&hash=item49cb286a90:g:JI4AAeSw3W5oRE9i&itmprp=enc%3AAQALAAAA8GfYFPkwiKCW4ZNSs2u11xD--kB8EpdvBep1SapysdzsUpBhzq%2FrcjvfBTAQbAP%2F6wFVvPay8C2%2FyWa%2FNO6ard5sZajP1uM9GC%2FeWHHs67%2FDUkP4jY5AU%2F9vhUODfcLKs880NNbtjKSb8OZTic%2FS%2B%2F5hEwQBKrrHkvBO5%2F8Jk3LHkZT2W7aeXRCXR7Ty0L8roJ9kthHQkfAMurdc4%2FvjjQlQeNNVv9ms6dQeFKWvZjVC1o2UiaiSs4lnpiZT1P4NwX0dz7k6hQzF88vwh2%2FAwVlL0bn42LAGtlPiepWMLEgUr8pXOqVTOPCMS7J8DNDJHA%3D%3D%7Ctkp%3ABk9SR-qlxLaaZw
New Rock Tower 106-S29 platform leather boots GENUINE W/BOX UK 5 EU 38 Goth,156.70,Pre-owned ·,Sold 9 Feb 2026,https://www.ebay.co.uk/itm/257308538687?_skw=New+Rock+Goth+Boots&itmmeta=01KK9PH29Y8471R548167BNZFN&hash=item3be8c8b73f:g:wvYAAeSwwNhpZ6di&itmprp=enc%3AAQALAAAA8GfYFPkwiKCW4ZNSs2u11xALjem8WLNYE88Vm8%2BJYqS1OiAQaoNpZyHtt3QL6ZDVGZvlnJ9xnd%2Bd%2BGVI8W9BQcbRuXDwHNKqrDzw0h54pN%2FkHkrN5IOip%2FwPoEgnSqwRGjBfNO51TuJJxn8Z2rjRpHCzxiAqywji36Xf7P1NdkZ%2BOVeMG%2F3CBoJmi7gvZatJJ8RMRoC5AmSDi9%2Fwrzr5ic9ya64ugSolnrI4mLvuoZWpjpZba6PtI6scDTSvV5VbuK%2FiG%2Bq56N3afB2x7RJXXBTk0jlcAGfy9eTUJYrm8oDESQXGRu3HaNH1siECScpOVQ%3D%3D%7Ctkp%3ABk9SR-ylxLaaZw
New Rock Black Leather Biker/Gothic Boots Size 39 Size 6 - UK Unique Statement,52.70,Pre-owned ·,Sold 9 Feb 2026,https://www.ebay.co.uk/itm/366176628573?_skw=New+Rock+Goth+Boots&itmmeta=01KK9PH29YWXK0E85H6DPSFSVW&hash=item5541d3ef5d:g:GewAAeSwBRppg78C&itmprp=enc%3AAQALAAAA8GfYFPkwiKCW4ZNSs2u11xBVuBuwyPzNwFU59XmKVVc%2BOw217NoEmidVpmRYkSPjM43xqYKwj99LeDC%2BulFvCx3ZJasj5sMavs8466%2FqIW9u1mxg86YYy1QSN60GreAp6eNo%2FDY0jesBaOlZ6BxZeZ0qLURidtyw4XfmABwQ6dhzVtJbxeaqxxOe%2Bzek60WRuNUs6ByWfVFQjm0Fn8Yhh4y0m2mqnoLdlL4j0cMRpheAmJcy466GBvXduNml6v3M0MnOdhFExcxll9mz37lO%2F3ViFi16rnu3ynSKNXxe3yR2SQFfEWig1djko%2FVVZWbVUQ%3D%3D%7Ctkp%3ABk9SR-ylxLaaZw
New Rock Ladies' Ankle Boots Black Leather Metal Platform Lace Up UK Size 6,51.00,Pre-owned ·,Sold 8 Feb 2026,https://www.ebay.co.uk/itm/227194449849?_skw=New+Rock+Goth+Boots&itmmeta=01KK9PH29YJ7GXPSA1W71H06WE&hash=item34e5d82fb9:g:dYUAAeSwbzZpe79~&itmprp=enc%3AAQALAAAA0GfYFPkwiKCW4ZNSs2u11xDshTSeRq6Gw5%2B1Xgn3GgPFvZ4I4a%2BwPyuOcN0nNfxEQ1ruQfethSvnFpkplXlqJk872htaXsqTGwSrdKCyd5Z7lLEzek%2Bj97OBNpE%2FCOGsUY%2BE89yIOcA16rKj4SfVK0k5qONAx1SI0yV%2BOji5FkynGFtf0aeIG6gHmdoBSI1JTuy%2BizogoCXDV5b3EJmzKmVnaoA4LLQsaMow9dIsruLLhQIqZUkWGCeG%2Bd8z80td8ICFZEy%2BGWNloY4UgAqJUSc%3D%7Ctkp%3ABk9SR-ylxLaaZw
New Rock Men's Boots Size 8 Black Leather Buckle Detail Gothic Metal Preloved,14.99,Pre-owned ·,Sold 8 Feb 2026,https://www.ebay.co.uk/itm/188015847256?_skw=New+Rock+Goth+Boots&itmmeta=01KK9PH29Y6NJWX58M7X2292QP&hash=item2bc69e2758:g:H9IAAeSw4Tppb3kk&itmprp=enc%3AAQALAAAA0GfYFPkwiKCW4ZNSs2u11xAd9wf3VzBtEN3bWN%2BVwWoYmjKcIKRqEjlzwEByHis5shmrK3%2Bb4Pqw9fYaaGRNlocGon7JgxD1JwOJWE8AFFySX%2BmAk7UpWt8BSw2XlHOkShtt9GNMkc6nH3fFa00MKq4q3OvLDTYgYVhtJGYoe6q6e%2BB149dJnrzcLE%2BAgWZ42Q%2FT490ApHhEbRU8nn3CqUFd4nfIfC2dWwUFQU55AinQ308tVMCXh3x3k6d1XoArlRjCQyjYAhiqR1%2BMWS3ryl8%3D%7Ctkp%3ABk9SR-ylxLaaZw
"Alternative Gothic New Rock Platform Shoe, Size 4",177.50,New (other) ·,Sold 8 Feb 2026,https://www.ebay.co.uk/itm/306741276958?_skw=New+Rock+Goth+Boots&itmmeta=01KK9PH29Y7HVXMS2SSENM3FQF&hash=item476b34711e:g:sukAAeSwL95pfdPA&itmprp=enc%3AAQALAAAA8GfYFPkwiKCW4ZNSs2u11xCCq0orV5ja832U7YbzSueleuyr6XW8spkkhL9bE8H%2FdgpdSp4eP5Av2BaqnceqiWB7EFxYe4kL9oF89QZmD76awWhCItTPVdcW52JE6a0qZLCfG7TUegYjelBXFNwEqIgs55mik8QcPiRXQUPyUdJrSXgn816DF0dOLrxEZaiXEl5mQZc9%2BJJaUXd4jNh3Mu06e%2BEejDekawvvl%2BOCnswKAZz1WoecvOiMs10%2F%2BlwNVCue%2BoXJ2aigWa0gY0NQ%2BsyRT5P%2Bj845eH7nMmQqlX0FboskaSpR0GtF1a0QCTUtTw%3D%3D%7Ctkp%3ABk9SR-ylxLaaZw
NEW ROCK M-391T-S1 BLACK & TARTAN LEATHER BOOTS SIZE UK 5,120.00,Pre-owned ·,Sold 7 Feb 2026,https://www.ebay.co.uk/itm/236600992517?_skw=New+Rock+Goth+Boots&itmmeta=01KK9PH29ZGCHF7NXYXXFJX4CN&hash=item371684a305:g:TQUAAeSwemNpdpiD&itmprp=enc%3AAQALAAAA0GfYFPkwiKCW4ZNSs2u11xDbXJFQmTsTBONIhGfCtGleCYoe68%2FULJjckY615i%2B0LQ5DvO29QOlsSoXXixmZl16Dh9usUS9ag92CNpTN0GPMziLudnjP36aAXwy7fjFYgef7k9JyM4iV9KxGutV9B2EI4skQ8vfjNFN95k9CdA07hrVbo3ec8q1FlRPnqjyd3FPCQSmE%2BfZwlvZDVqnTl004bWb5t6fwfiVaeubE09a8qQgI98QUwYiMyqHYJmygu4Xjs%2Bx2%2Fnk7HkwF0DcwvZo%3D%7Ctkp%3ABk9SR-ylxLaaZw
Dr Martens 2976 Quad Platform Gothic Western Americana Black Leather Boots Uk 12,151.50,Brand new ·,Sold 7 Feb 2026,https://www.ebay.co.uk/itm/397580977650?_skw=New+Rock+Goth+Boots&itmmeta=01KK9PH29Z6RDRYQY47J6V8R70&hash=item5c91ac45f2:g:ygwAAeSwTPdphww0&itmprp=enc%3AAQALAAAA8GfYFPkwiKCW4ZNSs2u11xCCEKsekrqKAAEt5M8%2FjP3FGEMsCP28bPlTisarc3vlwnRIW6TYZfOGxf1iA9wpDIuQ3W2ISBL33KlTNv0PSwxKq4AF2cJpf4uktKHvdNqxmcFEmKtFBjTH7l6Em6h2DEmsvD%2FsG0BpgI18Av0nCDfj3JugTQf5%2BuR9uWcm3lB8MxOBORa4uczrIzlg5qDGrh6d%2FSTM60YH7Hm3IzPUfRoEDOuKXX1CjLzFqi3KiC0yy%2BJSVa2erN67GrGEh34KO2ZD4if0NGnUcjhYnbsSn%2B0yrID5JbXJRnE0ST7lV4Th4g%3D%3D%7Ctkp%3ABk9SR-ylxLaaZw
New Rock Ht 511 Boots Uk 6.5 Black Leather Platform,25.20,Pre-owned ·,Sold 7 Feb 2026,https://www.ebay.co.uk/itm/297963671847?_skw=New+Rock+Goth+Boots&itmmeta=01KK9PH29ZVRFDPR5QFQEG9NRX&hash=item456004d127:g:cD8AAeSwA5VpaQlp&itmprp=enc%3AAQALAAAA0GfYFPkwiKCW4ZNSs2u11xDaXDTo2GyozlXz2ToxlOSAx8yQofpJaIL8BQs1IraZnQuvT1ka0e5vZ2E2Cd77eoEwmAhfmZ7XuQ%2Fdm8ssGl7d22HYTJYquMHWist%2FUgLdICKGp50LQR4GRujNgvbmpS0CLOHUqYwa4pRDUzBNcfq5zCMwo0jI0lub4OBPWBhgVJ4CaBOLJuRYCmyBSYWgnPBZh8jRh0P962eTvr6T5gR%2FNRu2SdJWRb0q4M%2FH1ssz82VVNj0QOmToTfwhpUzP5IY%3D%7Ctkp%3ABk9SR-ylxLaaZw
Dr Martens Hero Backhand 1460 Stud Black And Red Boot,141.10,Brand new ·,Sold 7 Feb 2026,https://www.ebay.co.uk/itm/306741771825?_skw=New+Rock+Goth+Boots&itmmeta=01KK9PH29ZXADDMNJJYF5C7N2Y&hash=item476b3bfe31:g:LVQAAeSwajtpdO8V&itmprp=enc%3AAQALAAAA8GfYFPkwiKCW4ZNSs2u11xCZoAOHF5CztG%2BPqrl7JgQqfp6PB3QX9yjDFqr24y71ivlpQaiQCNXnxvjX%2BhfQT6lmezMk06p5m%2Fq%2FRfyd7PXvZZR4HlmjbIKZYQllipUDC3%2BVqNaKgO3LLYE8KnWb2kae7bFabdJbMpwditmLdP7uMOG4DTNxMS%2BZ9Tz9FONvne6u0V0L1c1jaCIM%2Bo%2FaejOC2VnOPVDJG0YUiRXUgV%2BdI4iiCAZo%2FImn743vLdsI2IP6dx3izqeGyFGTmeFPJgpi7JzDBgP7dBZxrIKm%2B4eCLzBAORZwjrp5vJwdyp03Gw%3D%3D%7Ctkp%3ABk9SR-ylxLaaZw
New Rock Boots 373-S2 Unisex Metallic Black Leather Platform Goth Neptuno Space,184.49,Brand new ·,Sold 7 Feb 2026,https://www.ebay.co.uk/itm/255545825911?_skw=New+Rock+Goth+Boots&itmmeta=01KK9PH29Z4RQEQ8K2T2VZANVA&hash=item3b7fb7da77:g:a8QAAOSw60diiMBx&itmprp=enc%3AAQALAAAA8GfYFPkwiKCW4ZNSs2u11xBvjbqfAGB9oJsMpI3aNC4g24hz%2BefXKjYnffgNahsZun6dmms2uKvFbcnJAWKkK%2BYZh1a24vteAMyzhdrgVGiXKPU44ANm0u07yJvmcn08bjNxuUpPvZYhHu%2FiVnJauCFBRYCm%2FWdgvVP87rMlH14OL%2BMF3LC4j53gJ%2FzgOJqGfxWOAno3Ga6y7mXxfI2NOFbgaC8kKVYxjEBiTIgUuu0ZjKnjbalNyenIPHYY2O8s99qyD3cFnyUF6JsXyuMJotyhkJDJyc%2F6L4ySA%2FP%2FcgURX2k%2FbShriHxIjQO%2BW6rPzQ%3D%3D%7Ctkp%3ABk9SR-ylxLaaZw
Girls Childrens Low Heel Front Zip Goth Punk Casual Party Ankle Boots Shoes Size,13.95,Brand new ·,Sold 27 Oct 2025,https://www.ebay.co.uk/itm/203607076471?_skw=New+Rock+Goth+Boots&itmmeta=01KK9PH29ZR7QA5WXS0JR7VCFK&hash=item2f67ed6e77:g:bkcAAOSwGw5hSZzU&itmprp=enc%3AAQALAAAA8GfYFPkwiKCW4ZNSs2u11xDkPROHvL795Y4ziH5orwduOUwy3MZ4gFNHNWfgB3vbvd9RLNBg9JG0UMc9szoc3rihy2xip2dNSGAb68i9u5VljZdMe%2BoRT6bTJmSzzNCbIRY84A4pvt%2FXymZsbBRZ%2BkXSLR7UW0Hu2NPYlZ6N3vxCaZZgLNRgQ7Q%2F9h3lyxj43Nuh6BIxigAWn8bNdsH20yTKn4I%2FdKoTXSvafarXB9Sp%2BqffTCW2%2FpCrzQbWe48qXx755K%2FrsyinYKbqtTkJrqmeg8KrNZpg0ukhFOeVcUBSeTxqnQiHeY0uYUtXgPwTxw%3D%3D%7Ctkp%3ABk9SR-ylxLaaZw
New Rock Reactor Red & White Leather Platform Boots EU 39/UK 6,100.02,Pre-owned ·,Sold 7 Feb 2026,https://www.ebay.co.uk/itm/317306107455?_skw=New+Rock+Goth+Boots&itmmeta=01KK9PH29Z5CAT6CM7VYZ17P6P&hash=item49e0eaf63f:g:QRYAAeSwPohozWYd&itmprp=enc%3AAQALAAAA8GfYFPkwiKCW4ZNSs2u11xCiWmwDErthC5TP%2BU5u%2B5wQH5JaJTqFuimt3t3QYrp%2B3XzcH9dVOJc6phhWkzbTqHXZ5w5zUCVry9ReQ8EFUqYWL0Hhk%2FCHVLA6TuQ4FYeSY5gjowV8rmbxWTgpZl00BZ0e%2FVvrZwJKohC5%2Bz7x923O3XIG7r4vxJSumU1Ct7KrxK85ntrKsx1CFBgSH2zeXefTzt9MbBpsNzeKsKHxxqwFavfvOOPTaDF8AZPh%2Bluf5HfJk6iTlodOaCWIt%2BZuBz7LiUSs%2BLJHjxY432GlRgkKA8Yc6v98SkpuXlmM0EWzYw%3D%3D%7Ctkp%3ABk9SR-6lxLaaZw
New Rock Neotrail Floral Embossed Chunky Platform Black Leather Boots Uk 6 Eu 39,199.99,Pre-owned ·,Sold 7 Feb 2026,https://www.ebay.co.uk/itm/306332122814?_skw=New+Rock+Goth+Boots&itmmeta=01KK9PH29Z882YF4GN554YQB0F&hash=item4752d13ebe:g:KcYAAeSwB6ZoPUKP&itmprp=enc%3AAQALAAAA8GfYFPkwiKCW4ZNSs2u11xBCCr4d1OE1CgOMFiykv1usLj5U5UigB50A01XKNXO1rfr8lQ7ACgXGcDqgtFVpz4E2me4egxuKHs0tWCaLhiGTE5PwbXduU2wzRIu9AYPqevw%2Fj470B0EEhvURCYk%2FWogNmka%2FNlM42VSLT8kFkTtdXCuyzqYLDSDaCXMpBjZ8I%2F6XIJVgu3Jt1%2B%2FccmFG1tRUXcgAl4IaOZ%2BLPTvToBFy%2B%2FgKsadERb4jiVRPLJHHlmZGEvKXUBmVyEO8w3OHbjkUGu7K%2BrG3KkjGi1SXx2cQNf3Z9T14A3iCRW1kDNfAYw%3D%3D%7Ctkp%3ABk9SR-6lxLaaZw
New Rock style Reactor Leather Chunky Platform Mid Calf Boots Uk 8,73.50,New (other) ·,Sold 7 Feb 2026,https://www.ebay.co.uk/itm/177635435659?_skw=New+Rock+Goth+Boots&itmmeta=01KK9PH29Z60ZWX8ZT5N7FTGW9&hash=item295be5a48b:g:1mIAAeSwwdppLe2T&itmprp=enc%3AAQALAAAA8GfYFPkwiKCW4ZNSs2u11xAD4eCcMHFFpXMkuzTMIHJKP40KnRdaXbpss3r8EyP7Xij0HQohw3HRGYEiRN51mAW1S3qf6aPLCJgGQYoKCdwLotISGd4zDtwxdGddN%2BXGQKbAZaEQzzMPGADHfuaG0EzwN7OJh1c3gEOuzrAohdfKKbfUrnJ7m%2B0FyqG5DKi4ub61t1wtIbNzhzrHhJ6lbcDCACnSYrlEmT1psR4JPxN2N7nAa3a7M13VbNeWg7mhNrfUuYL8ZdJfwh%2FzlrBRTimgq3lLVeOkqQoLUmgGVJOfsToO3CLg4t5HkrDyJWz3ag%3D%3D%7Ctkp%3ABk9SR-6lxLaaZw
Ladies Goth Platform Boots Punk Wedge High Heel Rivet Buckle High Quality Boots,59.99,Brand new ·,Sold 6 Feb 2026,https://www.ebay.co.uk/itm/147088201754?_skw=New+Rock+Goth+Boots&itmmeta=01KK9PH29Z0KSZJVRGJE54YJAH&hash=item223f23d81a:g:xGsAAeSwTVxpZOWW&itmprp=enc%3AAQALAAAA8GfYFPkwiKCW4ZNSs2u11xB%2FkBza%2BPUWaSUZplvl6ha71XbmVffC4WFifQAePbEuBI1JBhEYRUcF%2BxRzjIew%2Fa%2FJavSyo24CRRad0u22n6X3XJ6gfmWQV4xu6UyVdBvhS58uGssl28pJvcqIu%2BojvZoEXVwASyauFedSk%2Fv4J0Vtma3VmATzZIoK%2BUcZBMobFizd%2Fb3ODzDAqgkPmQGjBPtotXGYt92uT3DsGKcUeniGtjSQAeiWKdGvPM9rKTxUXj1kd5c28zKlkglbR6G5i3PQ7mnvAunRqD92ocWjFu6z9nb%2BvUJi%2FZs%2BvjNEqfrmMQ%3D%3D%7Ctkp%3ABk9SR-6lxLaaZw
New Rock Reactor Black Chunky Platform Black Leather Boots Uk 7 EU 40,92.08,Pre-owned ·,Sold 6 Feb 2026,https://www.ebay.co.uk/itm/358173014244?_skw=New+Rock+Goth+Boots&itmmeta=01KK9PH2A0KR17HFVD75CA5CDV&hash=item5364c678e4:g:eE4AAeSwlv9pfOnZ&itmprp=enc%3AAQALAAAA8GfYFPkwiKCW4ZNSs2u11xAyF3KFyUPMMftvcMt5sMuHdhp3g%2FwWbaf8Rfk4AJuVrxJwKigqhoyZPD%2BXl5t9gLGSSoQr8rLZCVUHEtn4AjxfZivttakG84UpPFizsC3gB8ihAffm13yUIzY19wJYsHf4udxPqkhXsaL%2FOnibjOfCOiCfdD0paz44xVJkYawzy7bF34HF3yVlgu%2FHkqGOu43DY41wRIACpnAN321uq9x8KrVvKcZnSOYzIGCZvIehE8shi%2B8VTi0hVp9HvhQrn6c4kHWxHaXqiAl0bG4mTY9CZ8mcxzfMkj6ANvkf6SmCgA%3D%3D%7Ctkp%3ABk9SR-6lxLaaZw
New Rock Neobiker M-7605 Black Leather Chunky Platform Boots Size Uk 8 Eu 42,72.46,Pre-owned ·,Sold 6 Feb 2026,https://www.ebay.co.uk/itm/168127856874?_skw=New+Rock+Goth+Boots&itmmeta=01KK9PH2A0Y73Q7SNDTP5XX7YF&hash=item27253380ea:g:gVoAAeSwrcVpf6vT&itmprp=enc%3AAQALAAAA8GfYFPkwiKCW4ZNSs2u11xBb%2BSPcJAHr5SJyAZrMcF0ZaqtTa6XVg1%2B%2Btlbxt9pNN281A38%2BjVKB50DsnVj84ILS51VbaDppH5JABByO6VCIjsdPGN0G7YRG0AeUmTQXEtF9WaVr46vXW%2F1lVqIuB77rJiI7y9bmLK7oppTeqdlg00QjSzzpruMoklN%2BLGUhgY69cPOT5ajDk7Qyc6a2%2F9e5GbrND4o9TgOGSJ%2BtZFCN0QBxJOpCIzDtXCnfeu40MNPrD2AvUD9iT9WJLC%2FZ04XlVysNYOqlu%2Fd0pMkfIk16ol9CBQ50UtojeQ1bVEB3%2FQ%3D%3D%7Ctkp%3ABk9SR-6lxLaaZw
New Rock Neptuno - Vintage - Size 40 - RARE - Goth/ Alternative,92.08,Pre-owned ·,Sold 6 Feb 2026,https://www.ebay.co.uk/itm/147126270882?_skw=New+Rock+Goth+Boots&itmmeta=01KK9PH2A0HT3FVY0KKGCT1NRD&hash=item224168bba2:g:MOcAAeSwwsNpfLxw&itmprp=enc%3AAQALAAAA0GfYFPkwiKCW4ZNSs2u11xAcxpMTAx%2BkxgMuh0NdB0qNP9SlOXMmMrMxIc77PcwA1%2Bx2DCFArxzQX2VTWWcpkfpB73e979TndoOiTyUbhcwqp69HlRcoEDEGZbMJyqwPtyl7%2B9lzUxKHmcMgLuJOiQWmKBraoQ7eY95WSOzvgpBSqQGSrG8t0GXUU66o1zNXm39sTIOq5P5F26iCFOinTf2EqnQZXSSrhS%2FJLMG%2BagOd2xb%2BkhzIEPxDHh7b2NHKBGocRqwlhDUET3WIWx7%2FsI4%3D%7Ctkp%3ABk9SR-6lxLaaZw
NEW ROCK TR003-S1 Ladies Metallic Black Leather Biker Heel Goth Punk Shoes Boots,179.99,Brand new ·,Sold 6 Feb 2026,https://www.ebay.co.uk/itm/255313494133?_skw=New+Rock+Goth+Boots&itmmeta=01KK9PH2A0BXNZXFRJPGG70VCA&hash=item3b71dec075:g:JTYAAOSwYL5h1Fz-&itmprp=enc%3AAQALAAAA8GfYFPkwiKCW4ZNSs2u11xDdHw7aN%2Bt6YChlaRqaFCq2kD5XiRRpigoePNzystwjJh6pnohMAt%2BID5ehLDqd83MRRVjhOW639PHeWSEsHXT1VSN8QY1gvdCTLD6pcpPssCyDdXpYnGddgRlXp5s0Rj07Fp3%2B1rsq62vST3hdNbbO1bePaqzc0c0gDWPJ2EzfEjSHzS0c9eNtcyXvaUeeNKZvdbjpWRaBRhZ%2Ffjy6AvdqcfhRqfiyI7ugkSi5qa53%2FAbTjTtrYoaQANdZgRsYND0fX0%2FFcCtwEqhWQ2NI1C6F%2B1onJtxkK5VyQzJat04veA%3D%3D%7Ctkp%3ABk9SR-6lxLaaZw
New Rock Boots M-272-S2 Unisex Knee High Metallic Platform Goth Neptuno Space,249.99,Brand new ·,Sold 5 Feb 2026,https://www.ebay.co.uk/itm/256865631657?_skw=New+Rock+Goth+Boots&itmmeta=01KK9PH2A0M2CQQG7GMHTP3Z6P&hash=item3bce627da9:g:yawAAeSwV4Nn9ZU1&itmprp=enc%3AAQALAAAA8GfYFPkwiKCW4ZNSs2u11xC8novxWqldHFnlG3HlwNV25DsdPufEPe3xo8DSSrkGw3%2FZHGQ5upkldRcuxacXDwkUzEYzHsEGbOCi1Yy2rkBnQUU4ENPldbNdGyay0gmqj1krf4HVjSZ66wnZBF1y%2FVPDRrXjuXeoQm1MqvaDOIQ8EOSKc16jbsUhaUwHYv2gp26OLpc0SopyswiXWXz175CIP8bzPfYhH8vjkmpzxk83Z9iFfQONizU%2FJ7L1vumumkz91ZPVqCrfHWQ%2FGIZecpZimbaLpQa%2F0%2BFmJJ0m3dFB1TsRXe6L7hRdizmw79A8JA%3D%3D%7Ctkp%3ABk9SR-6lxLaaZw
Cipriata Ladies Biker Boots High Leg Faux Fur Autumn Festival Chic Women Shoes,37.99,Brand new,Sold 5 Feb 2026,https://www.ebay.co.uk/itm/317482689504?_skw=New+Rock+Goth+Boots&itmmeta=01KK9PH2A02M5QA0GNWPPC2442&hash=item49eb7163e0:g:4cgAAeSwFTZpA1hW&itmprp=enc%3AAQALAAAA8GfYFPkwiKCW4ZNSs2u11xBwkJ7K%2FOVFK%2BH8E%2BCtkaHN1apFvLwZohW%2FvjSddcIQdfC6ngT9Kiw0TTjhmcrh%2FndtRHMgoHqKI1qSKHuYfEW3wGQYpDeJaMnKTjChEn9xHYbikDLkAlz4iqu6vPWgV8xGehnv3kf%2FLkshtr%2Fx8x5FRKV9YZpuhtRllmd0kRmxzW3CJya%2FyOfgZUWx88yzuJ9ZPd6%2BZlAAcPhFrmznbsxKefdfEGxhN6u33RBfn%2FS6VwF5aJDy6260w6mOpeg88%2FzWTNl26ov3ICVCC0OOYVIwxzdghk%2F5JZ2lAQ1Pzj1CuQ%3D%3D%7Ctkp%3ABk9SR-6lxLaaZw
New Rock Boots WALL1473-S3 Unisex Metallic Black Leather Platform Gothic Boots,104.70,Brand new ·,Sold 5 Feb 2026,https://www.ebay.co.uk/itm/188025617575?_skw=New+Rock+Goth+Boots&itmmeta=01KK9PH2A0QBJTWB2WBXRCZEF3&hash=item2bc7333ca7:g:HPkAAeSwjA5pg281&itmprp=enc%3AAQALAAAA8GfYFPkwiKCW4ZNSs2u11xB1xXuGXr7Xk5g5c6n6ElWGV0sSRbWbRavVgcc4StsfuYODMXDGo18FJBnXIqa8XOt3b%2Ft6wZUq1a7oUEeQAl%2Fl4nPvwjUU0kN4ezUsoKxFag2M%2F16%2FWfTIiblKtzb7rZqdQ--MeLlspautwyQEQWxu82pDWiKf0K2GWVZ%2FakcluY5DV7RqWP%2Fsf1khyqRr9RF0xPIEcmc4SrRVdioGwpgvEIyQNI%2F2hlMxlD9VGw5YyAI9jNH7btgQibYkk1ua1RcHyVJJCifNsP5OhgF9%2F14FeBEP9E4OZTnyl6vLkguAuQ%3D%3D%7Ctkp%3ABk9SR-6lxLaaZw
New Rock M.373-S4 Metallic Boots Black 100% Leather Goth Biker Emo Fashion,229.99,Brand new ·,Sold 5 Feb 2026,https://www.ebay.co.uk/itm/255313354730?_skw=New+Rock+Goth+Boots&itmmeta=01KK9PH2A07CPBDQP79ZHVYZDD&hash=item3b71dc9fea:g:ZTUAAOSwLLtiINzd&itmprp=enc%3AAQALAAAA0GfYFPkwiKCW4ZNSs2u11xDaWY%2BpSf67QHz3hzFmnrknMvaaP1OsUs6GPtyogAupMm0sl0h7DN7wHeLEaZyGTYzGdedpJl0j4toR43T%2Br247UMIXYoQFxpEO8QsPVaW3TWuLjPW7MSTyr61cyqEkfmG1KiWgPqpwKA4O8GMS%2FjPsfM8LeTiHQDJU2yOhlsU8hnOdeZpNjNXY%2FHOqDlz%2BgrZbYWtCLjVpMfTo6bxjUGNgALpYBg0JeTVhoFNPnwg7xDU3defHQSf3mKh1cPMG6VA%3D%7Ctkp%3ABk9SR-6lxLaaZw
New Rock M.8304 Skull Flames Chunky Heel Black Mid Calf Goth Boots Uk 6 Eu 39,187.90,Pre-owned ·,Sold 5 Feb 2026,https://www.ebay.co.uk/itm/168115598202?_skw=New+Rock+Goth+Boots&itmmeta=01KK9PH2A1G0EAKJ69JV6BR346&hash=item272478737a:g:2gkAAeSwKGxpeN86&itmprp=enc%3AAQALAAAA0GfYFPkwiKCW4ZNSs2u11xC%2BP29qEuTaWRpA5EC%2FIKNU82hfvFsmeo6aKe9uDiYz2Uv8wWXi0HwKV3svLD4jpPN63kSZkGgS5QcnmcmoMNKkXs6vTTm1qvhJqbSOPqZYUKlLRgFcHQzFpZYRb5nN1E9uVI%2BqgTbEgozN%2BY6q8QAYnT7NoZtjFjQyJRCkoyV4IMzjK9THqMIjG5vnzChyqN%2B2fYVsxLnv9T3fPWyRd9h0ujnv1wxI7gjD0%2FtNFsvyKLs%2FZDgvHkQtdNYdJw%2FvU54%3D%7Ctkp%3ABk9SR-6lxLaaZw
Shop on eBay,$20.00,Brand New,,https://ebay.com/itm/123456?itmmeta=012DEW30YG0MEEKND7NH&hash=item123546:g:acwAA9KNiJowH:sc:ShippingMethodStandard!95008!US!-1&itmprp=enc%3AbgepL1tlUHjMGCVfSTGJh%2BzsVKeJ3CQk7NizDI4BZeppuFnmyS6Ijyp8lh%2FnEw%2BWqO7uTV1Q6izE1R0T54aV8j71F4xlWfVcGft4%2FiOQhtqVXA1rW6M1atPARQRmhqUxtEPJKhKtSFgI%2Bvwlzb0GwVCtkp%3ABlBMUObkmabpYw
Shop on eBay,$20.00,Brand New,,https://ebay.com/itm/123456?itmmeta=012DEW30YG0MEEKND7NH&hash=item123546:g:acwAA9KNiJowH:sc:ShippingMethodStandard!95008!US!-1&itmprp=enc%3AbgepL1tlUHjMGCVfSTGJh%2BzsVKeJ3CQk7NizDI4BZeppuFnmyS6Ijyp8lh%2FnEw%2BWqO7uTV1Q6izE1R0T54aV8j71F4xlWfVcGft4%2FiOQhtqVXA1rW6M1atPARQRmhqUxtEPJKhKtSFgI%2Bvwlzb0GwVCtkp%3ABlBMUObkmabpYw
Mens Retro Bootcut Jean Black vtg denim flares mod 60s 70s indie hippie boot cut,34.99,Brand new,Sold 5 Feb 2026,https://www.ebay.co.uk/itm/336010825758?_skw=New+Rock+Goth+Boots&itmmeta=01KK9PH8GGNP403HD0HNH5PHRA&hash=item4e3bce501e:g:~NcAAOSwW55oSsYJ&itmprp=enc%3AAQALAAAA0GfYFPkwiKCW4ZNSs2u11xDKxBox7hoVwHkLHjRqbQLpIHfA4l7KRuNhc6r8Mpm1cUR9V2aqiIue%2B9i5xgM2WdK9791NL%2FCBz8vLeruOpkCs4nZ7OWcXGB3LNyTeov%2BRROOBFWMPGifQ6oTmt1ejYGo1tEBKI99tA%2BVyFnh6EhFGbjXfl9gZo%2BqrvTxOrzYTnyroyPwrWEFhcY%2BMV7P0KlF64k9MEfkoJ8i%2FvMg2bAh%2FUgN4vA%2Bi7I1GIb%2FkRcd4sm%2BoryH2coRHVTUUDzI%2BE1U%3D%7Ctkp%3ABk9SR8qIxbaaZw
New Rock Boots WALL1473-S3 Unisex Metallic Black Leather Platform Gothic Boots,244.99,Brand new ·,Sold 4 Feb 2026,https://www.ebay.co.uk/itm/256059316459?_skw=New+Rock+Goth+Boots&itmmeta=01KK9PH8GGQSRJ0DG3FV98HQWX&hash=item3b9e5318eb:g:x8cAAOSwaMpkTSXj&itmprp=enc%3AAQALAAAA0GfYFPkwiKCW4ZNSs2u11xCs6n5Pw8mjuN3fChByMAvcNPw7BvM15z0oZcpPzW3pXi1fqcrkZ5jaTHIiJKkFKjAxl9P%2FAmb65B9gyjqYemMD3i6IDwzWxA9z8AE6iRqGsUZq8sNAmDzgj0IkaBgUb1eaWKzXMuqXJ1s37Pd3jxDJwAXCjCbTLsLazi9GmUA0AhVL0ckrLcwdj2hrDM5SEJL3CaVesGk%2BmI8cmkUvM61zQ%2BP2%2BK8ITwJaybabbk9LXWNMnPN5ijC62YWu2uxamZw%3D%7Ctkp%3ABk9SR8qIxbaaZw
NEW ROCK M.7950-S9 Black Ankle Boots Western Goth Strap Skull Studded Metal,199.99,Brand new ·,Sold 4 Feb 2026,https://www.ebay.co.uk/itm/255313557612?_skw=New+Rock+Goth+Boots&itmmeta=01KK9PH8GGFTBW0XD26J27G8SF&hash=item3b71dfb86c:g:9BgAAOSwo4Jh1GwL&itmprp=enc%3AAQALAAAA0GfYFPkwiKCW4ZNSs2u11xDseW3lRDvc13KoJDHDpEjfZKgH2kQGvoO9apUMvCN9LHjtux4JtoNfrb0Ya5zg%2FZx%2FzF23S49NQ9Q2SiaK0iwevlcR2Y80bMe8p8wqycYzK4RsYQ1wMrqa%2FxB9TIWfQYyVSvhWxKFC2o90HGVj8uWzboJVBkQPjdvuQ6KUaCNwNiaZwzUPxGD%2BD5NmS0ycNIgYvdbgOBqbSAw61s4sBCU8Z1HxhVZKVJ6Q41%2FFET1shE92K0gg1lMfC3UQlADLj9g%3D%7Ctkp%3ABk9SR8qIxbaaZw
Black Faux Patent Leather Over Knee Long Boots Chunky River Island Size 6 New,31.90,New (other) ·,Sold 4 Feb 2026,https://www.ebay.co.uk/itm/257301007452?_skw=New+Rock+Goth+Boots&itmmeta=01KK9PH8GHETR52GYESCHA3FCY&hash=item3be855cc5c:g:UAwAAeSwJJRpYQug&itmprp=enc%3AAQALAAAA0GfYFPkwiKCW4ZNSs2u11xChB6kECRFByqmI1tG0nusrPReXzq5E47mRde69iJs9Ym7XU1Irg%2F5bRTgsPCqo%2FhpJsGGiIN6FKyXZHYY8DBMass9B1AuHq2LxaNYHO1l8jsPNWStTvoGdVHj1pJErZ4rWx2UOQWh%2B332cheiN4gkHRcHiBz1sj23CDR%2BCqZpR2E%2FihoJ6jhuPkYZDQMjgkWWC7hnezU5cIlFcE1P6O%2FJiTKnFgKIsrGSNy3yeLv%2BEI%2BKJxKSCAtsNlDApPtz7Lfk%3D%7Ctkp%3ABk9SR8qIxbaaZw
😈 Demonia UNWORN Women's Leather Goth Rock Biker Chick Boots ! Uk Size 4,39.70,Brand new ·,Sold 4 Feb 2026,https://www.ebay.co.uk/itm/286959172729?_skw=New+Rock+Goth+Boots&itmmeta=01KK9PH8GHW7W7DB19DV30R8B3&hash=item42d0197c79:g:8S0AAeSwRzlo-4Ze&itmprp=enc%3AAQALAAAA0GfYFPkwiKCW4ZNSs2u11xBKpOWhFCKd01peSbzBjIbZ54VpJkKRMMyDA8dM20QsDEsE1KaI6QytWy%2BwJJeR0gwtfUmV%2FqYW8IMTblCbaJX4t9%2Fyjx4uvACnEFua5MaJyl%2BS8TLCt1YYEwAx5RgsHoyV5DSjZl61uI8g7VqMRz6s0PBtM%2BdLomBkzPCxNQlDt3khQTXy11nTa9Tg8EDvtRTC9oQO5KapGQ9Pnw7mdK9gj9Vi8FOef71n5%2Fz0AT15PKS6gEwybwkXSfpxkJaRud4%3D%7Ctkp%3ABk9SR8qIxbaaZw
New Rock 106-S1 Unisex Metallic Black Gothic Classic Leather Biker Boots,214.99,Brand new ·,Sold 3 Feb 2026,https://www.ebay.co.uk/itm/255594894081?_skw=New+Rock+Goth+Boots&itmmeta=01KK9PH8GHW79DTHGEN07HFYGV&hash=item3b82a49301:g:8qYAAOSwtZFisvWQ&itmprp=enc%3AAQALAAAA8GfYFPkwiKCW4ZNSs2u11xDEqupRhB9Oj%2FBDNBQeHrbbc7we3mqgVeoOc3ywT4IN%2Foj3cMNTZ0eDatMt6%2FTZMe5h11AQivtU7NwNrOHYTf0hhx%2F2KMS2d0v6ORB7JynSu267R6pQXeIx4SUuj6YtI%2FXNJEECuaR0smpcxe1fL5%2FLO4bP58V3xJMIJ1p1lbSQ5zOlJD76%2FW3N%2Fh8bZrhlRwpt9sRVk8FlVux7gps6%2BzsIFQSnHw6BPU7YiWJNjEDhxRNT0LJQWV6B1wGSKEjOH%2FQKYWDjT6X79Z3Kl84nyYSFiYctnRxgE9I3cT5K4LWh6g%3D%3D%7Ctkp%3ABk9SR8qIxbaaZw
New Rock Black Leather Boots Metal Wedge Heels & Studs Size 7. Goth Rock Biker,52.70,Pre-owned ·,Sold 3 Feb 2026,https://www.ebay.co.uk/itm/137004664308?_skw=New+Rock+Goth+Boots&itmmeta=01KK9PH8GH6ANPZ59AYXZG8J3C&hash=item1fe61d45f4:g:RCAAAeSwlQFpf39Y&itmprp=enc%3AAQALAAAA0GfYFPkwiKCW4ZNSs2u11xAX9ZKB9vgQYFBavAO%2FHAX46AfN9tTajoLDm%2F1SORZyV5dRS55mKmragJkO0uKiS2r9STu241Il%2F0iHqn5QPENcUzKHHwxwu27pPj520%2FCO%2BOCzb%2F8dkfckVUSMKkyOrw2QFNuUalVIsLqlRSMhEi7VM0r4OZwz2mOAznCs8KRHRpS3UFWUBK6%2FWpP7yFMQ%2FNH3ZcOCT%2Bgkft5P0pHRLou8AK4y8Cl9gqFGKmGdOYLqDTm7WqINJG9tG9dRbQ%2FJO88%3D%7Ctkp%3ABk9SR8qIxbaaZw
Pair Steampunk Boot Strap-Black-Silver-Biker-Rock-Gothic-Chain-buckle Accessory,23.99,Brand new,Sold 3 Feb 2026,https://www.ebay.co.uk/itm/263464294048?_skw=New+Rock+Goth+Boots&itmmeta=01KK9PH8GHHNVFA92WY3XHCS94&hash=item3d57b216a0:g:jeMAAOSw86JaY6CG&itmprp=enc%3AAQALAAAA8GfYFPkwiKCW4ZNSs2u11xDm6EjTeJy7kZvxi8KoTg4FTwi03rJMdy4vRvoUrva%2BcldKBNjgjdOAyD1O6J2dpRrANq51fD%2FHOjiSnvJdis5nFqYKkZDV6hQuRqAijJqMxyKGE6H2FXXUiPsu0tsgHgOqqZRaW3qcW6aUtgR93f9DNzBPrOp9vIOH6ZysplidFwOsJysPVwWfEvHh72zHlnYBZRPCdlGarzdvAA8VBby7A8tD3yoYTVH%2B87E0Tsu%2Fl0dgwpBuxb%2Bp2C3x4hQwcmuE5PvFdItLMSogvGYlvr7X2ep2UAhqx48zXn77nXw0XA%3D%3D%7Ctkp%3ABk9SR8yIxbaaZw
New Rock Black And Grey Boots Size 6/7,63.10,Pre-owned ·,Sold 3 Feb 2026,https://www.ebay.co.uk/itm/287090634740?_skw=New+Rock+Goth+Boots&itmmeta=01KK9PH8GH74K6F3Z7VGPS1VZ4&hash=item42d7ef6ff4:g:SRkAAeSwPkhpcMTk&itmprp=enc%3AAQALAAAA8GfYFPkwiKCW4ZNSs2u11xCUuYRN1H3KahJ4P%2FO%2FmkaHoNb%2BuZfsyMzXO%2BvtDc%2FhFwIBmTSl%2F85mpTWCn5N5933GDmRIx%2BgIE%2BI2s1KRKALwqr5ZV8RcYuI4S035Uv%2FlDoauzJrMDoVfjX5veYsZBsJvQ5aVH4Yd18Hga%2B3BSw5U%2FHwQT2nHOmBBfjeBKgD868GGv%2FbIJ3vdVZ70HUIMzRf%2FBo2PG%2BJTZKMaY6QJQfGLrvzPlD0PGvUVr6y7VYcdX7HxeWNNMnEH%2Fvf9V%2FSTYGM5nhSXu0TvQUAaUcJNbViDo3za%2BpT%2FL%2BoHiSNcdWlySw%3D%3D%7Ctkp%3ABk9SR8yIxbaaZw
NEWROCK 373-S33 Ladies Black 100% Leather Boots Goth Punk Emo Rock Biker Boots,204.99,Brand new ·,Sold 3 Feb 2026,https://www.ebay.co.uk/itm/255313350316?_skw=New+Rock+Goth+Boots&itmmeta=01KK9PH8GH6W8WQZ68A46ZQ4VZ&hash=item3b71dc8eac:g:d2MAAOSw9eZh1EVY&itmprp=enc%3AAQALAAAA8GfYFPkwiKCW4ZNSs2u11xAXtAfZ7DrzWYVgpTePwTSqoHQXihidxui5JUSYzGDq76aNi5pV2S6Ly5%2B0hjFB0VAScKbAr%2BDmnb5GLGcioAH4%2FfWUbTStByA6AoPzdPzXUyCeQS%2FgeMtEntXV%2BHnE1UQk5ShPoKlHGe4Sn7wco%2BmjQgI954%2BY1hAHpR3U%2FU25u6hYzw8t3ApmfeTHoKAEjQetgf8xuzr16gbMuX9Weo%2FSJujVge%2F3D3MMyjxHMUmzXrkh%2BU24XOabbtYAVtUizF4XTjCtY1syPDLcx4a6OlwLc3BlVOc7k1XRPtL7CyPM1w%3D%3D%7Ctkp%3ABk9SR8yIxbaaZw
DR MARTENS DARIA BEX BOOTS UK SIZE 4 EU 37 US 6 DOCS PATENT 30797001,120.00,Brand new ·,Sold 3 Feb 2026,https://www.ebay.co.uk/itm/167696162578?_skw=New+Rock+Goth+Boots&itmmeta=01KK9PH8GH3HXTWB1P6M70FW5D&hash=item270b785f12:g:E60AAOSwFj5oKNjl&itmprp=enc%3AAQALAAAA8GfYFPkwiKCW4ZNSs2u11xAILcGqLTlZRN1GxLWOmFq%2BsTD%2FSuVTIrfEfgIJ5IFjONsBibPuPZbtMhKIKqlI%2Brd2haayAJQQIdtPNTEfyajAsNYLKxUfByry4vLFZw5nvnM6x8OTGqSDBkRj91OiO3%2BXk%2FajJU%2FiSCCZDw6qWVkLMiIBhDFImHkROXjBrtsSAwr7jl0UNrxw3jJlqzaY17YrP9qdChJulIuZZg2Dwg4rVV6XAn0jnY%2BJplocafVyvu03XnSVyBAM1SreC%2BZWHq0RNpOFXDMP4eeBHu3VX1mPeukurouRKJ%2FTlAzykU%2FmsQ%3D%3D%7Ctkp%3ABk9SR8yIxbaaZw
New Rock Reactor Boots EU45 (UK11),125.50,Pre-owned ·,Sold 2 Feb 2026,https://www.ebay.co.uk/itm/326972230508?_skw=New+Rock+Goth+Boots&itmmeta=01KK9PH8GH6A416HFJTF3WS1TP&hash=item4c21104b6c:g:2kQAAeSwk-FpbqIc&itmprp=enc%3AAQALAAAA8GfYFPkwiKCW4ZNSs2u11xAU1XZ8ba4MvUsFh1VTD%2FoteW4jaB5uy5gktUAYJ17Ta%2FKnXwyoHQbSg%2BvsGdXPL4LPTNOFiKrXNE9VNyyw91K0FJ3UwV5sTye8gH9k84JTOQhFfwARS1fUCzY2aQQtX11fbfGEaVswlQRBc056LTUh8t4GuPztcPrySvUcuh704n9Sh%2BYU12aBDizLTu5YWA23%2F7rUBHKfFPp5%2B3Pl89fvWYM%2BRdZgNMs%2BvM0t6HARfZGhYXeBe5r751pEAqo8ui1Kc%2BPz1JGVUduUjzaRUtHtdiV2FSu%2F3fnfbYhMZmwfLw%3D%3D%7Ctkp%3ABk9SR8yIxbaaZw
JEFFERY-WEST MUSE Black Suede MANERO Zip boot UK 8,79.00,Brand new ·,Sold 2 Feb 2026,https://www.ebay.co.uk/itm/406654050400?_skw=New+Rock+Goth+Boots&itmmeta=01KK9PH8GHQ8992BXQVFW90Q1Q&hash=item5eae786060:g:H14AAeSw431pfPcP&itmprp=enc%3AAQALAAAA8GfYFPkwiKCW4ZNSs2u11xDEBdGZSRqocwt2OVr4RXV%2FEqdRVf9Ax6wHnWJZzm%2B7xcq4G4CM9CjT3ZWjHySqntumoaaK2DMiHHjfwyf0lPqn21ON2BEieQIQW6YZOHvXj0rOUGW62o9MuOPxE5WRuWa6h%2BAJqWBKemaxSUGTRkGF0jtsARLa89yaQCMErSpIpy9ycDROfh308EUgiY7OjH4rkjd7yZ6AAxdL%2BYNVXl7d4kDA42uGUE8aKzrITQ2TQWqETzwVvNdB0I%2B%2FNqQS%2BsD1NsAgceE5doOamDMUaNe8lOzxZfdqtjBmIXeYRwMnbQ%3D%3D%7Ctkp%3ABk9SR8yIxbaaZw
New Rock M-TR005-S1 High-Heeled Ladies Black Lace-up Knee High Boots,199.99,Brand new ·,Sold 2 Feb 2026,https://www.ebay.co.uk/itm/256865694395?_skw=New+Rock+Goth+Boots&itmmeta=01KK9PH8GHY2SXPCAFDGCVDPRK&hash=item3bce6372bb:g:6pcAAeSwrexn3W0o&itmprp=enc%3AAQALAAAA0GfYFPkwiKCW4ZNSs2u11xBV7RBxMaF6vSPcreQ5qGduv3Mu3HpvS0wGFBqWA%2F95pT8LoIhq7EucZoshvcEn%2BjGTVXiIyMICaArzQu1UU%2BGDZmfgXcPcmA8T2PdEdb1sXHi0Xr6RscMcDbP75zPJqlq%2BY%2FqqETF8HVZ8U6CPIDl%2ByO8%2FYjZMmc5BrgJCdQnfkamoluqpF4z6qGv7l8t%2FEdGveSR5OEPlIkFOXzrw6n7mCjF0XIuNjsTqTR3zEKPNNtq%2Bc5M8NmXRTUebhVjhm%2F4%3D%7Ctkp%3ABk9SR8yIxbaaZw
New Rock Boots WALL106-C9 Unisex Metallic Black Leather Platform Gothic Boots,229.99,Brand new ·,Sold 2 Feb 2026,https://www.ebay.co.uk/itm/256059279089?_skw=New+Rock+Goth+Boots&itmmeta=01KK9PH8GH4R23E17KQ10ZMT4V&hash=item3b9e5286f1:g:QCgAAOSwJw5kTRnt&itmprp=enc%3AAQALAAAA8GfYFPkwiKCW4ZNSs2u11xAplRL8bptyfsijAW4%2BB3aRjlTAsSCd5eL1K%2Bap29n%2F7y2r%2BM3Zir0l5zCkuohLXLmiMrNEpHL7n5GNV50J1EwwVrCW%2B%2F16oPicYRGDVHe5O1nr3VHwQkYSrMhMmQDEDAke%2BxO3xGTwg8OaRLBFM5sm1Qh%2BX3ZcWDc1%2Fl0TVZidXMIBm%2FFZbusRKnvhPDJf5NXa%2F%2BLf7H5HL1GCuLn1%2BWDUL2Afg5wV6sEytClDndb%2B4O1f6oz3QGe3xGfEN%2FC57D9kw4vCA%2FY8ze35aKuj8bY%2BuRzVe0I2rOLGClwV5kN8PA%3D%3D%7Ctkp%3ABk9SR8yIxbaaZw
New Rock Size 7 Malicia Red & Orange Flamed Knee High Boots Rare Rock Goth Biker,46.00,Pre-owned ·,Sold 2 Feb 2026,https://www.ebay.co.uk/itm/137004487216?_skw=New+Rock+Goth+Boots&itmmeta=01KK9PH8GHHY9B9CGPE4M1ZAR7&hash=item1fe61a9230:g:hVkAAeSwg~hpf2nb&itmprp=enc%3AAQALAAAA0GfYFPkwiKCW4ZNSs2u11xADM299wZ7lgS7%2FunU7flqRe%2Bzt92EDAeR7wHxMv1vI%2BKqudssRybDq%2FyWXOJxDkfbLjao4NUZLSzRFLAlM5Xw5vgzlpedlvMPDUfx5zTBEZM4m2FnTdN5LjGtQkmRXGzknaWxH%2BDy0aoZCWRCV2PXbSjr4adArNP8RwYNbczwaHH0mnAAWGmkx7Dynhz7VZp3M58ZIZtaMcrisFn797VpC6ER%2Ft%2FojRFae3RrozK6sySKEZhyn2WWznfkQQQwZ3KI%3D%7Ctkp%3ABk9SR8yIxbaaZw
New Rock 591-S1 Red Flame Metal Black Leather Heavy Punk Gothic Boots,201.29,Brand new ·,Sold 1 Feb 2026,https://www.ebay.co.uk/itm/232021827436?_skw=New+Rock+Goth+Boots&itmmeta=01KK9PH8GHPFMKTV9XKXZDW81J&hash=item3605941f6c:g:vtcAAOSwaB5XkPl-&itmprp=enc%3AAQALAAAA0GfYFPkwiKCW4ZNSs2u11xDO2TZKVyc%2FoZboh2pkQd9PHJF8ipT6Y29R3bW5Sr88XwotAyA0miICNDBvqUOjA4%2Bt1fII%2Fx%2BBhjuPu58JIo13lWqyqwjd9bcDuu%2Bpupm5R0X1z488DFyj0mIQpJkXN0%2BG74fhGrHBYCV%2BsD7QS9QkMmC%2BYW9b1yfsxyj7vyT0OoPEiFypgOwk%2BnOb3Dc4cozQH7B99D6%2FVu35sv22ue73RxGt3lAgXR8IF6Qb%2FGmsw5y0oqT55AidqBDExF1ji7M%3D%7Ctkp%3ABk9SR8yIxbaaZw
New Rock Reactor Demon Boots EU 40 UK 6.5 Unisex Mint Condition Black & Pewter,121.99,Pre-owned ·,Sold 1 Feb 2026,https://www.ebay.co.uk/itm/296799027636?_skw=New+Rock+Goth+Boots&itmmeta=01KK9PH8GH6K860G6AEKKY5HZX&hash=item451a99c1b4:g:rkIAAOSwcfZnK2RP&itmprp=enc%3AAQALAAAA0GfYFPkwiKCW4ZNSs2u11xAMwRZ9zWwBGgnu439q2LTEOyAmkyJuWtLlPJPOpFn5rcAUYOY%2F%2Bd%2BxH1VgJFqdHvHjHdNieJc%2BcjG6etPUTtbZ93H8D5zoPUGjhZj7BW29s2SweXV8w6suX%2FPI%2Bt0a6hRZTjuJh%2BnP4vRStLopKVvtVm5pivGl5bwUD%2FMzbQWlntrQRn5kw4sMfhsuvaoc7L7f0Lm8jGyNwCNL8z8iO4P3zA4P45lOBefpFVb79eTS3FtWefZXI6Q7T2nWxIMNbHI%3D%7Ctkp%3ABk9SR8yIxbaaZw
VTG DEAD STOCK GETTA GRIP STEEL TOE UK 9 1988 MADE IN ENGLAND Skinhead DM’s BOOT,96.38,New (other) ·,Sold 1 Feb 2026,https://www.ebay.co.uk/itm/177812966821?_skw=New+Rock+Goth+Boots&itmmeta=01KK9PH8GH4QRR357MDSC42FK1&hash=item29667a8da5:g:eJEAAeSwmoZo-jUz&itmprp=enc%3AAQALAAAA0GfYFPkwiKCW4ZNSs2u11xAYwqwZt%2B2rAKJ4Bsg%2FkewrkfMmhHt%2Bgi8XjPcUN40QibgjzWS9BjWa0053DZbJAkMLgY6utZji3zqAhnLvZrUWigNRDTqn7NjzwZWa4167ctY234jQrBPJGCEO9q9Vjhhpz0cHf4NjlLxJsLA2Pe8rEXWuxYZs7UMclgSVJeoiNZNOeN8SclLZh3qSe%2FEFakcNoeXYZ97gUQ1lEGwdP7iNUZYKEE6CqKpN3I4KpiMDzIwgS2p0d5QEABKpT33IYDk%3D%7Ctkp%3ABk9SR8yIxbaaZw
New Rock 110-S1 Metallic Boots Black 100% Leather Goth Biker Emo Fashion,193.49,Brand new ·,Sold 31 Jan 2026,https://www.ebay.co.uk/itm/252551980556?_skw=New+Rock+Goth+Boots&itmmeta=01KK9PH8GH507JY5H5FDPN83BZ&hash=item3acd45660c:g:bvwAAOSws21iIQb0&itmprp=enc%3AAQALAAAA0GfYFPkwiKCW4ZNSs2u11xCY6VwHBnwPSlYz9bDpK7aulnA0BpB7LBJ6knXbj%2BkGA3%2Bq0Qi4cZiuSJjjXpgbEfMasbvNicPSw5uOP%2FJk9BBXR16cNiV8xgsh2AOhJc9zOTB4Gb%2FodMRevk7ekkbyDPsMh5EIMfyS2ArSIpayyATcifQYAgwFpaGkTwdRpBWAztrHuoPY8yBSCDDOJRiSmX83Ruzrb9QC6KvaqtAZ0H5SYgw%2BjIJzbQm5nju45gzHWombzHHJMtTVyLA2EafG9IM%3D%7Ctkp%3ABk9SR8yIxbaaZw
New Rock Black Distress Patent Leather Chunky Mid Calf Goth Boots Uk 4 Eu 37,169.99,Pre-owned ·,Sold 31 Jan 2026,https://www.ebay.co.uk/itm/306726778994?_skw=New+Rock+Goth+Boots&itmmeta=01KK9PH8GH3XAK2BNDVY71TEDP&hash=item476a573872:g:UyEAAeSwlZ9pc0yr&itmprp=enc%3AAQALAAAA0GfYFPkwiKCW4ZNSs2u11xC0FDUx%2BmN9O5CgdJecEj7H0%2F0tXtrqAwwpC3XtIf2wR3wT2XDFWYKBz5Nz27JBTX1Amtt8DUc2VkhnYt7frOysVnobVP61tO%2Bd3ltM9ch3%2Bjq6HPRtHDlZJ%2BzPZe3H5bfcl%2FakibCbfjC4x9JfAl68louG7tYt5JtsYpjcH7SY2KqvDtKg--Cben8X7gjPJfvvsDrZv%2Fi5mAC2AuLb4ezpt152N65sjTSM1snew9LgI41t9yTBjZM%2FEETl0PswzbM%3D%7Ctkp%3ABk9SR8yIxbaaZw
New Rock Unisex Leather Combat Platform Boots - TANK373-S1 UK Size 6 No Box,122.00,Pre-owned ·,Sold 31 Jan 2026,https://www.ebay.co.uk/itm/127631390313?_skw=New+Rock+Goth+Boots&itmmeta=01KK9PH8GHH7PX919DE7W5QM9B&hash=item1db76c7669:g:q1cAAeSwPOlpbTf7&itmprp=enc%3AAQALAAAA0GfYFPkwiKCW4ZNSs2u11xBx73Xok7iLrCw890Wn%2F0rt5ClCYp%2BDxr6z7ie7Ql2TlYw8CFKMN65pdVIfnLnDQQ%2F4JqyvCp92jZuk%2Bo8Zc%2BBDeoxq8uMxhfYoSJHyd7C0yoyiDKRGUBgsYAHBnrSNavoN3CZnnPs%2F274tR9VZ9uRG0YaL2UZcZT8%2FkqXSK7p%2F7oItAGa9mSTK832riOr3acjkd7l2EwzMhuzmNmMjj68jnDXBrHyMFwqvvX9yMUI9p%2BPm2AxZLrNbZ0SdCixlrZM%3D%7Ctkp%3ABk9SR8yIxbaaZw
New rock reactor boots size 41 knee high black leather goth buckles lace up,119.99,Pre-owned ·,Sold 31 Jan 2026,https://www.ebay.co.uk/itm/187667504646?_skw=New+Rock+Goth+Boots&itmmeta=01KK9PH8GHEF4RH6YWF8X4D7YN&hash=item2bb1dade06:g:n10AAeSwWfxo6QYu&itmprp=enc%3AAQALAAAA8GfYFPkwiKCW4ZNSs2u11xC%2BeDSCrtvIs5JveJ%2Bwgx15OgtWW%2B1pvG%2FnEz6%2Bgm631ud5mZWB%2BkbAAJjhzFfUchxL%2FBKjsoYjivoa8C%2BJ7VlguI9H2Ls7Aql7Zx%2FLjaenIdPCiBH4NZOFQpnT7oxb3HcAE9zExi7i7r676HokQvV%2FXIBKkJW9QoLbIz0ub7yf%2Bh3DveTu71llwGbzZqEEJgpOMqLFAZhUH3%2FX8B5byLRGpt0ExTfgtrSkVczSrs3XI7bfcWuDNRRP0Ru0OaJDZF8MHi3aNUZjGumikFMSd1V1Hr9i8GL6IvvWzW8rUHw1YQ%3D%3D%7Ctkp%3ABk9SR8yIxbaaZw
New Rock pewter leather Boots UK 7 EU 40 Goth Steampunk boxed see Description,27.04,Pre-owned ·,Sold 31 Jan 2026,https://www.ebay.co.uk/itm/358150506130?_skw=New+Rock+Goth+Boots&itmmeta=01KK9PH8GHR8GZRQDVH2GTKKCH&hash=item53636f0692:g:IBoAAeSwoO5pUSLE&itmprp=enc%3AAQALAAAA8GfYFPkwiKCW4ZNSs2u11xAhJsvbTwYmwhdnozqglGbeo4fjwD2FjlrNVUL18QdOFF2mDevBfl8vwVqdCM96ZB9fv1ExcmDKTULcUdhaq%2Bl7Kd%2Bg0e77KOzf4%2FkiJ8XROOGF3IkiSilL189pW1C%2Fs5d0ovLfjQHuWt0LT%2Flwps34vDKmueOrV2%2FMUz4e0vKp%2Fznm6P4GSLod4FulZ86EzOofHlMEa6gWV4xV8Ek42NwTkV3ZicjAdVo48u6iJ8tByrvTVZjNZCJ8xRp2pLdkDR7HpEXvtK3bddfUNsPnDA%2BHo1Q3p8tZf3XRWiHx4HHjhQ%3D%3D%7Ctkp%3ABk9SR8yIxbaaZw
Rare Pink Black Platform Mid Calf New Rock Boots Goth Alternative Rave Size 4 37,120.30,Pre-owned ·,Sold 31 Jan 2026,https://www.ebay.co.uk/itm/297585478004?_skw=New+Rock+Goth+Boots&itmmeta=01KK9PH8GJYBGHYWJSVSW6MM24&hash=item45497a0974:g:dscAAeSwalJouC1j&itmprp=enc%3AAQALAAAA0GfYFPkwiKCW4ZNSs2u11xADttPEUkKOYgzQ9AdUWsvLSSutQf2lFPt3uhpNflvhMpNhjLUe71hOQplx8eIsBBGmL0gKvnYIoL8EjHSPZIeAqXCOnNge%2FCD4L0FHGJrnzPU65i%2FGJXqJ3UveoclCw2om6aRb0bh4iH3EvamzUiY12wCDO7D0usTpOrqqDkndhc7ZRY8I1SyVl7bKhFqr%2FIXG9apcpW6ECIuTQnPbPgZYNmXP6t7wVswRpPh4BbwjhfLbZGlTaZP3wQWItffzB%2B4%3D%7Ctkp%3ABk9SR8yIxbaaZw
New Rock Boots Size 4. EU 37. Buckle Calf Biker Leather Camo Green Zip Strap,89.99,Pre-owned ·,Sold 31 Jan 2026,https://www.ebay.co.uk/itm/287058487427?_skw=New+Rock+Goth+Boots&itmmeta=01KK9PH8GJP58CB9H241A3A5QS&hash=item42d604e883:g:F~YAAeSw1d1o36cS&itmprp=enc%3AAQALAAAA0GfYFPkwiKCW4ZNSs2u11xCEl6P%2FwnWAZBg%2FUkaUFhfMiINxbMEd%2FLifJOSupJl85XkK%2BGuM1wFbzkLYoF6%2BvZWFfmgMjb7Eo0p72h%2FGbwIrp2B2IuveoxZjFQuqOdFSuTOtFbHfwHztltaB3HAAwmhE%2FMBwYYQYwrsA%2Fn1bCKm5B%2BW7q7qWxGnua22hcIw6lj60WbXwcaTL2KDAUf4UlCIzX3M8VboqhapxW2EuM%2FxFU5idilK7ZNk5EKImCYhqZqHADxwWE9vb81fYBTAE4fo%3D%7Ctkp%3ABk9SR8yIxbaaZw
New Rock Black Patent Leather Chunky Heeled Mid Calf Strappy Boots Uk 6 Eu 39,73.50,Pre-owned ·,Sold 31 Jan 2026,https://www.ebay.co.uk/itm/357360178598?_skw=New+Rock+Goth+Boots&itmmeta=01KK9PH8GJ9HTV7A8EQ9NVXSX3&hash=item53345395a6:g:fh0AAeSwZFpohTvV&itmprp=enc%3AAQALAAAA0GfYFPkwiKCW4ZNSs2u11xDv9AotsjIKoZoFuMy8uDOmGiNgzsrahNibLUfyOLKZCUztCIVnOb%2F%2BuTWG8iFyKEw6Nnw0VvxRt7QWX9BOKQRTuLmsaDNB%2F5hBjO89DPVkJp%2FGDiey%2BtuzIdqrwX95Gh%2Bl0r9l%2FVQPASF0%2B6oMQTFCougck1mZdVwNNMtJBLKVrL3ECSgoHeJd%2BM%2FeYcrmYVi3sDyRktYPDKiUu22FsSo2JidKBdURWcMagdve0XEwTws6miqUU5If4iMem69Vp3M%3D%7Ctkp%3ABk9SR8yIxbaaZw
NEW - Size 6- AllSaints Maddie Ankle Length Leather Biker Boots Womens,135.90,Brand new ·,Sold 30 Jan 2026,https://www.ebay.co.uk/itm/326951384568?_skw=New+Rock+Goth+Boots&itmmeta=01KK9PH8GJCSDQ3GBDWJ2C45HP&hash=item4c1fd235f8:g:dvwAAeSwi3ZpY-RC&itmprp=enc%3AAQALAAAA8GfYFPkwiKCW4ZNSs2u11xDFUOSrqtCMyvhUfFS2sVJ0TYdH4eTPW0vuLQe5CBWuzgpTlX1C21z8aX96sp7INcsujgHvMA6so%2FbDYpIm6e96Rnwav7SaRU5AJufI6zNKr5JQ5FTytxUcEOLjYlnXiErRkzhK7YN8BiTucwPapYxt%2FKqEqUsnrL9JQ62tSHMzA%2F7h4jYh%2BLqwHPMZqgOlTf%2FEj%2Fu6PBAAzTjLmKgxpSKZ8fTOPeQEbQrySTR1gO2445fExvpvV56y82ftzh3kMCMS0cC4Nk7q%2FuohOy1fwdUSvSVSoJx%2Bm5nCOpD8ckQEHA%3D%3D%7Ctkp%3ABk9SR8yIxbaaZw
Restyle Witchy Winklepicker Boots - Cathedralis - Buckle 80s Goth Shoes Heeled,110.95,Brand new ·,Sold 30 Jan 2026,https://www.ebay.co.uk/itm/186475735387?_skw=New+Rock+Goth+Boots&itmmeta=01KK9PH8GJM2RMSMPVDZ3CQYWY&hash=item2b6ad1e95b:g:1ZEAAOSwJppmXvIG&itmprp=enc%3AAQALAAAA0GfYFPkwiKCW4ZNSs2u11xCkCQgH%2BWee%2BbE9lQoPSnEx6Yw4%2BgsJA%2BzG7%2F3bgk0RcrAT2i0QyCy8CLlEMC9Acwqnn1RbJc7IeUmQF9TbEjQ4Leu1cxrHZgfWmuTqZaf%2BPjAmIVvcZ4rfGM7CaDfbEeO8vpLSpY11mLiFMr9mpUsHreeRxJpsBBOPmyihcegevOO%2F8q%2FrRljuMRG8VfG4mcOOCIcRNh18cQmFYJ0khu58lCocFATaoCdOdnIYI%2FqZsP4u2gdGvemx2opdIYstB3s%3D%7Ctkp%3ABk9SR8yIxbaaZw
New Rock Reactor Flame Size 40 Boots,96.38,Pre-owned ·,Sold 30 Jan 2026,https://www.ebay.co.uk/itm/257329553009?_skw=New+Rock+Goth+Boots&itmmeta=01KK9PH8GJGRJ8Y8H8P42HDSEP&hash=item3bea095e71:g:T7EAAeSw-3lpdiKN&itmprp=enc%3AAQALAAAA8GfYFPkwiKCW4ZNSs2u11xBPY%2F8o0YKQZzhBXKyxZ44SNvVAyfde4RrCP%2BXBW1N0CANY9EmJw7kvG9xgXEi4EmynG9%2Foke0BrkyOi%2B1Qy4%2FITuwQ1b6CvUB7uClxMIsEknyvkasDl3s53ueGW7QukqF4Id0Gw09j9u8s7HLxHTaU7EwGkvr48teWfKgdLJFl9avSEBh3wI7gaq5ZmdFpaJebmbUbAE84n4T%2F8uSvBjJ%2BMgkJsEa8Bl23SO1NzUV515%2FM70psu4rpppbTHFZE4TEO8FS45yxaeuiAT7kwqjZFQJ9ICiJOTXpR3tPnOPD0%2Bg%3D%3D%7Ctkp%3ABk9SR86IxbaaZw
Ladies Clarks 'Orinoco2 Style' Leather Lace Up & Zip Casual Boots,99.99,Brand new ·,Sold 29 Jan 2026,https://www.ebay.co.uk/itm/284961029891?_skw=New+Rock+Goth+Boots&epid=17063552833&itmmeta=01KK9PH8GJDHNDQHRMMYPQKRST&hash=item4259003f03:g:Tg8AAOSwOwplJAGZ&itmprp=enc%3AAQALAAAA0GfYFPkwiKCW4ZNSs2u11xBVXQZ0xzazguE1g2Xk%2BHOxORGrkjtylGRnpL%2Ff7XXqdHX1PDsAQ7vGOnQlcPe06GTx0ezByl44VNdbigeSfnSXOYn6kHvWFGpXIbn7EVZRzyDoMUfgvj9g63SzOzoNt78nYWHOmJUUh0R468ES9GkbVNz9cCEh5rWCBbjGePGsl%2B5%2BYtB1mtRaa%2BEFr78Yu4EOz7clpeDexut2e2xZCVE2x9cwCz6ov3%2BC82P9Nsmf1z6C8Mb9qPvS%2BPXpl7qyfyk%3D%7Ctkp%3ABk9SR86IxbaaZw
New Rock Boots WALL028B-C1 Unisex Metallic Black Leather Platform Gothic Boots,219.99,Brand new ·,Sold 29 Jan 2026,https://www.ebay.co.uk/itm/256059233446?_skw=New+Rock+Goth+Boots&itmmeta=01KK9PH8GJDMM5G70NXKQQ6TQ3&hash=item3b9e51d4a6:g:4soAAOSwbDNkTQvi&itmprp=enc%3AAQALAAAA8GfYFPkwiKCW4ZNSs2u11xCqV5skQj1F%2B%2BhDy3SUo2pdLBh8L0hmjri1AomKCcf%2ByaZ5BpnxEI090oiSvQkG3D2tWJfFBIeU%2BtGaPRmARHfQcW9WRZJM%2BG9LZgolhNPPWrI%2F1WbLlzjgSF3DHz3xO%2FY2HIWlgr%2ByjZ9PPz4JCurh7C4%2BJzalgOtGgUxpQ6Pgu6tlOjCXO03hYXnqxvm1p94efaHx3j%2Fg8unR4qWdz9X7k406S8cSswtqYpRX8AMFSN%2BWIfeKDeXDoXupByJE6JpS%2Bx8A7noDK4hs56KRo7wahCASkvzjA8BixprvzFGOzw%3D%3D%7Ctkp%3ABk9SR86IxbaaZw
New Rock Boots Adults 43 Metallic Combat Platform Leather Ankle Black,149.95,Brand new ·,Sold 29 Jan 2026,https://www.ebay.co.uk/itm/267505034471?_skw=New+Rock+Goth+Boots&itmmeta=01KK9PH8GJJEEV93R83DS0AJY0&hash=item3e488ae4e7:g:o4IAAeSwtN9pNqsX&itmprp=enc%3AAQALAAAA8GfYFPkwiKCW4ZNSs2u11xBSt71aOsbbotQpEMu7htQzgBljnq4Qn1oydtJASnGvPZc36bZyWLGf%2FO5foFQ%2BCyMfMR5p0LwYXZllphZ5JeYNtsqc4YiQyKP9NJhoCcyxAbNLyfAxA9%2FJysyucoHUu%2BFBgOXtX74w1QU9mkPKimuIHDIDmUqfTevw%2FkjMSMPvcpJop6ei9OZpDIBbNiYx6D9IidoibvY1TZ1qjZlQoGzZdWYj%2Fdg9GXxLLH63uIbADAo9HtOkdLBbqpUC1irLO%2F97aXkweS6X5mmWrktE%2FZ5s0jdE4zn%2Fwu%2FvdP0NOm1zMA%3D%3D%7Ctkp%3ABk9SR86IxbaaZw
"Truffle Knee High Combat Boots Womens UK 6 Lace Up Chunky Heel Platform, Black",19.50,New (other) ·,Sold 27 Jan 2026,https://www.ebay.co.uk/itm/326945547958?_skw=New+Rock+Goth+Boots&itmmeta=01KK9PH8GJH6EF1WBKDWFTXPP8&hash=item4c1f7926b6:g:Ec4AAeSwgitpXmYr&itmprp=enc%3AAQALAAAA0GfYFPkwiKCW4ZNSs2u11xC13oFwENIJGgVWlE1tIBfl0cS3MyoC55lEL728M92zVVFaXbvKT%2Bo9ZN--hdJbLAVpoZ619AfELKgWRTzf%2FBM6qZFgCm2TJgbgLRt6nMyOTt6fojeqLMdoD2%2BLifg47A8HPnq3aSjhmkpO56H1KUUoruKT6fw2iCfpe9Vrz4Remv%2FjvT23g3ZNr1sABb%2FLyX4kHXIrWOhcoqtZfanVMxbsd5dW25zBJSV7L9vT7ujRZDw1sQ4rag%2FNQvf2UoIGVWo%3D%7Ctkp%3ABk9SR86IxbaaZw
New Rock m.272 Black Leather Chunky Heel Mid Calf Punk Goth Boots Uk 4 Eu 37,169.99,Pre-owned ·,Sold 28 Jan 2026,https://www.ebay.co.uk/itm/306721233647?_skw=New+Rock+Goth+Boots&itmmeta=01KK9PH8GJZCWPAX98PYT2WM15&hash=item476a029aef:g:O74AAeSw~s9pb0s~&itmprp=enc%3AAQALAAAA0GfYFPkwiKCW4ZNSs2u11xBILhboxx%2BiRfKEp7YJr60lh2CL%2BZ38CSeRQkQlF6iPov%2FRikERvIEhrEEfm1rxAKqt0l%2Bvg9C9Dq0xv1l6QLN6L4h0sQc6IGm1IBN3qXsbf2Vnn4lx5daFv%2FzEjgQ%2FSK9%2FHmc8bpFLg%2FmU7xjG5FPbrJ5LqBqVsAvYuJqenar6Dj%2FM1kd4acv8BuEiAizyb5EkdGIeFhLYf98rUcqp07iB2bZdTXQl%2FpbbTIxOQ0MVeOeaNqd73G91sVAUHCWzUFM%3D%7Ctkp%3ABk9SR86IxbaaZw
New Rock Boots BIOS120-V1 Unisex Metallic Black Vegan Leather Sandal Punk Rock,186.38,Brand new ·,Sold 27 Jan 2026,https://www.ebay.co.uk/itm/234992129173?_skw=New+Rock+Goth+Boots&itmmeta=01KK9PH8GJ9JGQVSRRTHV7Y42Z&hash=item36b69f5495:g:JSUAAOSwtHpkTTd7&itmprp=enc%3AAQALAAAA0GfYFPkwiKCW4ZNSs2u11xATPUPmtVsXBGWFS9%2FX9V1NpqRiurBD5SIPDWYez8lJzmfA%2BbfpirL%2BJ%2Fsu%2BDFtO3SqCymSsFudkfGAUS5Wuh0vGYpS0%2BArNCWDa1j8T6LSqi2AFrwmz10uc68Aop2KuN4KQr4duyom8d5N5QkpWwHHSPl5bYb9RpY%2BCZ42s6%2B%2FiIZCnv1G82lPUdmnMRQ86LzJ8c3zwnZtFzf6lh95ltb5BD5obvjKLk2i9Re9nxnGkhqd8%2FMm%2Boaj7P%2Fmgm5F6Y4%3D%7Ctkp%3ABk9SR86IxbaaZw
New Rock Boot Metallic M-391-s18 Unisex Black Platform Boots,218.49,Brand new ·,Sold 27 Jan 2026,https://www.ebay.co.uk/itm/155788194032?_skw=New+Rock+Goth+Boots&itmmeta=01KK9PH8GJ57JX8276FH2N0TSZ&hash=item2445b330f0:g:likAAOSwl4llDWWt&itmprp=enc%3AAQALAAAA0GfYFPkwiKCW4ZNSs2u11xDAp6GCvbXYmsVsWbCrY97zSANqMoZpH7IFJF%2B8BQ2BfZVJZyvFlnRcl1XDskMBy057ksPLrUtnql9nALOKKZkRmgiZ9o39An2HQt%2FN%2FNLIITnj25GwaaeGXILQ9J1i8nxDsyk7gHjEmJD5plemJvUr4w10vLGJTiMphnGF1hMvQxoiEJH93Mr3i4%2B40WnyW%2B3EGXIqtglhogfeagcGIVVf23vkV351ggqZXv0ihIXAuZQiDiPP895ySsZ%2FvKZJdJg%3D%7Ctkp%3ABk9SR86IxbaaZw
DR MARTENS JADON BOOTS UK SIZE 5 EU 38 USA 7 DOCS GREY CHARCOAL 31985057,135.00,Brand new ·,Sold 26 Jan 2026,https://www.ebay.co.uk/itm/167757927096?_skw=New+Rock+Goth+Boots&itmmeta=01KK9PH8GJ7AQFC2HEZEXV562N&hash=item270f26d2b8:g:Cq8AAeSwWepotJK~&itmprp=enc%3AAQALAAAA8GfYFPkwiKCW4ZNSs2u11xBClPFB3iGIIhzLy%2FxQSEayM4LF%2F9Z1oz49CZEWdaA1sRNh0Vm%2BYIB4WgqySEFRo8uUb%2BhROeeCrPvxu0x15C6xmwxEUXeXAIoBdE%2BnSrbXWCsHX00yBL5kjm655x2Av5d16kvRJi3g84B%2BbakjyHpPt0T%2BEGqVrc3kVC5OBRFPRucW4ozCojW6%2FKczb9Dqs1lM0VAcHAPgi7SjXU7Qs1IBSP28Woi6Rd%2F4LZuX86ZtGVV8GBIxVlLRsGvdsNTUEEQ%2BUMB3rtTbrEsLFRaWdYORKWkdLU%2FHHB4mPGj03GwQfw%3D%3D%7Ctkp%3ABk9SR86IxbaaZw
NEW ROCK GOTHIC PUNK HIGH HEEL BLACK LEATHER BUCKLE BOOTS,155.00,Pre-owned ·,Sold 27 Jan 2026,https://www.ebay.co.uk/itm/297885827514?_skw=New+Rock+Goth+Boots&itmmeta=01KK9PH8GJFEED9SQ36W115XPN&hash=item455b6101ba:g:DQUAAeSweVlpUZGR&itmprp=enc%3AAQALAAAA8GfYFPkwiKCW4ZNSs2u11xAs9SkarLkZ%2FEHXCGR9nMg%2BnYFDtaDjoxQJjn6--ByROp4PvM0V7NUUdG%2ByPsIEDaxBJsI4NGASASeMGo1wgCn6YUcUzgjq1o%2Fl%2B3uAlm%2B0y4cPj9mGknsSbnRD3reZ1NpnfH%2BSpHgLAg9VkIEtjfu7QGIVzGWG7Ys%2BP3HVxUugo1xMsVT1YT5yIZF0vXeI7II6whIycjMuOVKTAgRQ7cV1T2Wzi088gyI4DXp9fdJ7PvMFJkxAF5UJ%2FoeqnV9O62pqHdins8GddvQUMXCbJh62RczPQVm0KlaAVG%2BdVPJn1A%3D%3D%7Ctkp%3ABk9SR86IxbaaZw
CHUNKY ARMY COMBAT ZIP UP DETACHABLE POCKETS BOOTS SIZE 5 Goth Rock Biker Emo,37.09,Brand new ·,Sold 26 Jan 2026,https://www.ebay.co.uk/itm/395586061888?_skw=New+Rock+Goth+Boots&itmmeta=01KK9PH8GJWPAXMY4SS18361FD&hash=item5c1ac44640:g:xBYAAOSw7bFmtlAF&itmprp=enc%3AAQALAAAA0GfYFPkwiKCW4ZNSs2u11xBcqYFaIeQxAyFIad%2BHTgNNfBbgG9vp22Du4oZuyfuLG%2F9d675fVIwoVJbNmPBACXfZjwDz4GJSC8QzLa6fdncxjIzuTdgYobUIsZ0EFKpm18bl%2FalFQHjlxWuGwHDaaCOzJA1oYKJyDWNoIBaTqNo%2FNCg%2FBZ6kaXMpqk1v2wT2HJ3Z6Xq9HC6%2Byax%2BzxTEcz60nyjhZHUN%2F7%2Bs%2F2Sz1lR%2F4QfD0Hqrs4LfVTaxfbZOxasl14kJf7RjNzNg5p8u5jE%3D%7Ctkp%3ABk9SR86IxbaaZw
NEW ROCK M-7921-S3 SILVER FLAME BOOTS Black Leather Heavy Biker Western Cowboy,244.99,Brand new ·,Sold 26 Jan 2026,https://www.ebay.co.uk/itm/255313446363?_skw=New+Rock+Goth+Boots&itmmeta=01KK9PH8GJ6Y7T4MYSNZRK6EX5&hash=item3b71de05db:g:MA8AAOSwbGth1Fca&itmprp=enc%3AAQALAAAA8GfYFPkwiKCW4ZNSs2u11xAPZIUahPTH7yPWkCa9LMQNapNhzs%2FGIGjrF4vfN4MN77QbVLEWh1bO8e0EaR28YoKsT4Q91Se8Kkf6eyChhNFEmTozqCImh3%2BAUM5ZiVIrApexHPvQb233hQWVKHB62l83S49hXvUtT2%2BEEMP1PtRUVE4Q1V4wobASi8n24t%2FyrJ5S%2BdmNd9Mn%2FXdTsInCfszXArNleJ4mHYHx3Yo5GfFL3mfsh%2FpY4MZPUYh6go2kiXYMGtX5jOSSsA6aXj%2BrYrfjaheR7kxoKuxitvLGcZrrBZTnvzag3bekG8Rd%2FndqMQ%3D%3D%7Ctkp%3ABk9SR86IxbaaZw
NEW ROCK Reactor Black Leather Knee Boots UK5 EU38 Goth Steampunk Festival,160.00,Pre-owned ·,Sold 27 Jan 2026,https://www.ebay.co.uk/itm/287059466830?_skw=New+Rock+Goth+Boots&itmmeta=01KK9PH8GJRD7KBGMN31ZQ8VAP&hash=item42d613da4e:g:ohkAAeSwvQ5pXsCS&itmprp=enc%3AAQALAAAA0GfYFPkwiKCW4ZNSs2u11xAR2dLCytond4OwudEc11Qrn8d27EIkIpaj5aIWNC6xiXRqGKqMH32PKdqbXqQzd%2BGgBQMKCIbSN6eiq2MHfGZU%2BSqI3PApm5ChflFlogZew6p74Zkyq9bQLlfXENwsrorbfIB7TrlqV5gdUDxxR6u01ut1bEtHkyGByx1BzpEoNtdnS0S4vHvF9ZOPinfn%2BB4QtVtG40ugYebaM9ZYRdqjMI0pj4dUM33cLb%2FSA8oHH4RzUqdGrJBw%2FcPt0RAxbIA%3D%7Ctkp%3ABk9SR86IxbaaZw
Brand New Trainer Boots Ankle Black Grey Hiking Unisex Lace Up Men’s SALE PRICE!,14.99,New (other) ·,Sold 26 Jan 2026,https://www.ebay.co.uk/itm/186345902967?_skw=New+Rock+Goth+Boots&itmmeta=01KK9PH8GJS83B7K9YHHGC1363&hash=item2b6314d377:g:TgQAAeSwdw1ouBqh&itmprp=enc%3AAQALAAAA8GfYFPkwiKCW4ZNSs2u11xAF5tYI4BkEm9y3FV18XFnuxkQwjnGVy0KPKHhXGYI7mw%2FMIXF9VA0ubIgf1c4S7zPhKUvgcAbQ8WEUVzcnMS1Hq2cPoxy%2FeR7H7T3O5rgqfd4CCr8DqxJBu3GZJuXZzDbLwgcsEjGEyWr2N20S47d0AnDP6NofE5RR92Ypz%2B6DHsH7ArBOvD3fMdpsu3m7pMujgCSyapfMEZOWY1oHmhdiOiW%2Fod1z2fhDttEYazA1u01Imz72L%2BnJ2LvsRRdcR8kP8I1z71PBFlkiDH74hKP46fh7mfBt6p6wneiJWsp2jA%3D%3D%7Ctkp%3ABk9SR86IxbaaZw
JEFFERY-WEST MUSE 3-Tone black and red mix Polish SCARFACE Chukka boot UK 8,102.00,Brand new ·,Sold 25 Jan 2026,https://www.ebay.co.uk/itm/127635097196?_skw=New+Rock+Goth+Boots&itmmeta=01KK9PH8GJ15RRJ6X78GBQWT51&hash=item1db7a5066c:g:nZYAAeSwi8Zpb8HT&itmprp=enc%3AAQALAAAA0GfYFPkwiKCW4ZNSs2u11xC%2BnfJ7IfNoXFFRPwrxK2iuNjap2dP4I7TZNm65WntMp%2FuFXKMw5%2BAHLyzAVlh3H8o%2BDwtlhp2lQm0jXb4sMQpvbf6m5Aub7KRBsWRWHIKGzDxTdh0th0L7hjT9GtMpLbOsZS9ICZumjUui%2BOhd1kpHCFEY%2FiHv%2BhkmxmWGEMR2nCEvN%2ByrNZHhFCBdq%2Fmx6fu0ZaqQG5mtrDey6fIPCyA4GJpuZr%2F8qzBt5g2MM4PeQl9lcRQwhRnc7ifsBZIyEJI%3D%7Ctkp%3ABk9SR86IxbaaZw
NEW ROCK Leather Malicia Grey Spider Web Buckle Goth Vamp Steampunk Boots 5 / 38,125.50,Pre-owned ·,Sold 26 Jan 2026,https://www.ebay.co.uk/itm/196846712250?_skw=New+Rock+Goth+Boots&itmmeta=01KK9PH8GJASPCS2X8VVJAK7PW&hash=item2dd4fa75ba:g:nL8AAOSwPnhnRG9d&itmprp=enc%3AAQALAAAA0GfYFPkwiKCW4ZNSs2u11xCLzaC3ZhMTRJ0kvl4v%2Fzyn2gmjzSwECMIQ6wtFk3bR3pkB%2F%2B0L3ZD9%2Bq3t%2BNyNYdmNrkepfxdGb1FwRG7rNeW1wTWh%2FtfojQHSuDRywkxPk1P1GI0ClLOUiu8OYm2esAC8bRfxg81cctxxZYrhCGmgMgfYES6OoH4EkKzTLjnQV%2BLfB7SzyWYxfZfaHfgDZ%2BeFc0PcKtc2q7NwVctxVPa84F%2F3ytW%2Bhu6QC2YiHAw%2BwmKZZSZCw0htL4h8OtgQyb0%3D%7Ctkp%3ABk9SR86IxbaaZw
Next Forever Comfort Black Chunky Heeled Faux Fur Lined Ankle Boots Size 7 BNWT,16.14,New (other) ·,Sold 25 Jan 2026,https://www.ebay.co.uk/itm/205935389270?_skw=New+Rock+Goth+Boots&itmmeta=01KK9PH8GJ497DNQRF6Z5N1QGZ&hash=item2ff2b4aa56:g:0R4AAeSwb-lpQtBn&itmprp=enc%3AAQALAAAA0GfYFPkwiKCW4ZNSs2u11xB%2BTHcssenbFNbe7Q1kW7C7Kwlsi9O2yjB%2BrLBgUuOwWXLLJFMo7Y3OheKsYVjRvmplgpUWcf9b0VTM8zTY1rSuX004Ny1Nmuiv0X2%2FSfyXUh6O5sB4F%2Bp6NEMK2i%2Fp4r55WUB8yI4QXa3wiVQKQlSuigxcf2Oqu6zc5oUS1FBvCBwwiCZn9JnSba%2F40QObyvvj8xIBpQxPTA5tNVlLlpOH2sDmrdQC8j2h%2FN1ikqSyhPgrTB%2F5pS9HIyHw2%2F0DQOA%3D%7Ctkp%3ABk9SR86IxbaaZw
New Rock Boots WALL106-C9 Unisex Metallic Black Leather Platform Gothic Boots,231.11,Brand new ·,Sold 25 Jan 2026,https://www.ebay.co.uk/itm/256059386426?_skw=New+Rock+Goth+Boots&itmmeta=01KK9PH8GKHKT2JMBTQQ9QZHWJ&hash=item3b9e542a3a:g:I6sAAOSwffVkTTuJ&itmprp=enc%3AAQALAAAA0GfYFPkwiKCW4ZNSs2u11xCWcC6zEmybW%2FzmIvsyDSqmz0tHAkvXE3keOt7wR%2BIrI%2BBlkcti82%2BS847jys2H%2BGDwH3Rl4Oky9IMVeZlgJMTfwyU1mHQzI%2BBfeDH2KttH%2BqshOnuGk%2BGrt1%2FA6C8ON9UCQi%2FFQziSF5L35n3s7MEVkDGn8ZJ2aAD6wsW%2BzZn4mYJDHPvpeL8KRvWQvzWRKudZyTW278O0MXv3wyzPi6Hi1k%2FdZ9bY6WREWksFnz4X7Mf1%2BLMDnvKusjlIXDHUVHU%3D%7Ctkp%3ABk9SR86IxbaaZw
New Rock Boots WALL028B-C1 Unisex Metallic Black Leather Platform Gothic Boots,223.66,Brand new ·,Sold 25 Jan 2026,https://www.ebay.co.uk/itm/234992131058?_skw=New+Rock+Goth+Boots&itmmeta=01KK9PH8GKQY6DJF6RWBPTANYT&hash=item36b69f5bf2:g:LLsAAOSwDBlkTTgI&itmprp=enc%3AAQALAAAA8GfYFPkwiKCW4ZNSs2u11xAa4e1TdzSpMufbp1Mqi2STqA4MKX9Mjwv6aI8qZZOCPtqn1IYQmxC30i1YXeScic3UEVrbNcfIlYKXmSoxOd2zcraLUBVYDhkhDfvQj2QbG%2BGsw%2FguYtG2FC8a8MtUCt1%2Fj2XuS6ndLUqCRpS4ZYX3Ffl4iKQJl1siyi7dQOjf5vYgpEr7tvmbZu6FR8%2B4rexarTCskR9wgAVt9mHD8%2FEsg6DqoGBMwtK9nKem07I--O63%2BveNjnT3%2BepJuVKa3nLOme1tP%2F9LQR%2Fvw5QYHuvUxb8x6%2FDBfC%2BAqGA3azmy%2Fg%3D%3D%7Ctkp%3ABk9SR86IxbaaZw
New Rock Block-heel In Metal-look Unisex Platform Boots in Black - 9 UK,198.49,Brand new ·,Sold 24 Jan 2026,https://www.ebay.co.uk/itm/197991600343?_skw=New+Rock+Goth+Boots&itmmeta=01KK9PH8GKR5FHD15Z95YPDX1N&hash=item2e193810d7:g:dg4AAeSwhGJpVRm4&itmprp=enc%3AAQALAAAA0GfYFPkwiKCW4ZNSs2u11xAUOIXliEnolI4iAKxc8DK1UZtKRI--KwCURPbkzlVvjOjK--ff1AOZ9S%2BGcsjgTWJCokAtUhUL6I7bUjurrHxHxjd%2BE0dQ5sr%2BlDj8lSWyBiUvqFbdV%2FAP7fyhEtAUHmC916l2CUewuEdXmmziuyPoUI8BYAcK5EWdnyyAq7KCizwx5uwSGZN7q%2Brhh7xhLIuPrYY7zdRw0jWIN%2B4xDpbZzt0do4fORNqhZeYuiW4klAG%2BkAd8Z3ttWScjX7VqaSk%3D%7Ctkp%3ABk9SR86IxbaaZw
NEW ROCK ORIGINAL VINTAGE Goth/Biker Boots Vintage Size 5 EU 38,135.90,Pre-owned ·,Sold 24 Jan 2026,https://www.ebay.co.uk/itm/365973957718?_skw=New+Rock+Goth+Boots&itmmeta=01KK9PH8GKS1TYD55ZQ8TRYZFD&hash=item5535bf6c56:g:XU4AAeSwyJxpEH0y&itmprp=enc%3AAQALAAAA0GfYFPkwiKCW4ZNSs2u11xAE7Q7sOiO7A1r0oTYYcjY1YZIp%2FIdMHMvjQiJWdQHbnEoyCvOoiF%2F4SDQUnn8tnytxKEs6XOzhznQnkZ0lI87ct9CtF4bNJ0RejAC2Dxf3WTwMP0Uu0hkYBvrQAk0b%2FbKrGQwTRMgRO%2BaV7nSn4CxYB7%2BA9ToxG0jRxJXScN4ZEq%2FbQFMvJMxsZLHVgBcwLMJWCaJ4MLEmWOkxcd1qfIul%2BL7sfNdNXn3J8Xl7%2Fk3bjAW8%2FHfrjN%2Fq0lofTtOrP3M%3D%7Ctkp%3ABk9SR86IxbaaZw
Gothic Platform Ankle Boots Women Zipper High Heel Punk Biker Winter Shoes,54.99,Brand new ·,Sold 24 Jan 2026,https://www.ebay.co.uk/itm/406040898810?_skw=New+Rock+Goth+Boots&itmmeta=01KK9PH8GKADTPGZ9AW2EYK2Y1&hash=item5e89ec6cfa:g:XPwAAeSwNedoclsm&itmprp=enc%3AAQALAAAA8GfYFPkwiKCW4ZNSs2u11xDMuKDkvpvxyfPM94b%2FX4NSaugKdYhx%2FXMhTFIHGj2HrEmQ6OkkJizM0Ej8bXfpE2W0u9uVoZgkqPY%2FpjmugeErrD7ICAZ7RVG4HV0nldVeyuRDtFYWB7UPFKZLxaOmearbxQ61prvWRERvCxbBgfnLOfUxSSeSXcTi%2BLAcfGlVxMBEStOFyjYt4CCS6h8JEbRWqbn999rMTLCvOFu0LcGO7mgDRLq4od5ZHGVSskmn%2B96olNTjy4%2FU8HS7GSvfNSzUupLVHcgExrP9Yf%2B%2BxI9KMppbeNyqMoh6YbKKWKbwsg%3D%3D%7Ctkp%3ABk9SR9CIxbaaZw
DR MARTENS DEVON WESTERN GOTHIC AMERICANA WESTERN BROWN BOOTS 7UK RETRO VTG STUD,218.00,New (other) ·,Sold 24 Jan 2026,https://www.ebay.co.uk/itm/177716245433?_skw=New+Rock+Goth+Boots&itmmeta=01KK9PH8GKADZ3D3KTRQ25F2S7&hash=item2960b6b3b9:g:JTIAAeSwDN1pUD-3&itmprp=enc%3AAQALAAAA8GfYFPkwiKCW4ZNSs2u11xDDOTwZWTRi%2BuKJ4UGZ4cvbwVLN1j%2BEmwLNt8fV7MyD1WtifBizJSidu4KYyjPXUmvyZzuVBc2pdJWjTvuGp4BZvp6N317gGvF899Fx4HGWVKhZkLERb85U6%2B5dlexjCI%2Fontxmmn0EPljiaNfyaiMB%2BR6WsSlrHUwJPdXgc5AlR5gBtVGK5R7P5wK2MJ8QJfdtFuNYAiMw4hhqjA4R%2F2dnA4gVOQ2Pk2tqG03s0BU8omH4%2FNhzHNotJAD4Nz5wihbRy5HD%2BMMJcABHa4ullYmjdEsnAYuwgBvcv54HQpV4Ag%3D%3D%7Ctkp%3ABk9SR9CIxbaaZw
JEFFERY-WEST MUSE Black polished SIXX Toe Cap Harness Detail Zip boot UK 8,97.00,Brand new ·,Sold 24 Jan 2026,https://www.ebay.co.uk/itm/127636368340?_skw=New+Rock+Goth+Boots&itmmeta=01KK9PH8GKCB3TVHZHHZ7TZ2VW&hash=item1db7b86bd4:g:UPIAAeSwARlpcK7g&itmprp=enc%3AAQALAAAA8GfYFPkwiKCW4ZNSs2u11xBAwKN4Lv1%2Bvda0Y%2BRfm5nGC1AIc2EaiBFCo75PNqILcHU7S2Csj6o50vK8iUw71rto0HuwucWWSM7i2QXVOsqUIEymvqqbdW9QMY82As%2FupjrSduXTMGki6qywQgigzFOQhGksCv%2BVz%2BYmPo0%2FtXipaC9PDXYHdKnmgrghgaUpfBiQPAqldG%2FhzOvK8skwsXgAjAPaDIi6zV0%2BsaJ%2F96cLFKWWXpuybSfVRI%2BJT%2BxKLCqXo7J37khO9maMbGI0CliIpo%2BGk6d5OTTBKbItpOjhaU44uDsG2Z%2FvvjY6IRgZdA%3D%3D%7Ctkp%3ABk9SR9CIxbaaZw
New Rock Mens MR030-S1 Black Western 100% Leather Gothic Platform Shoes Boots,224.99,Brand new ·,Sold 24 Jan 2026,https://www.ebay.co.uk/itm/255313626013?_skw=New+Rock+Goth+Boots&itmmeta=01KK9PH8GK6WKCXTNXQWXVRR1M&hash=item3b71e0c39d:g:3mAAAOSwQv9h1HdJ&itmprp=enc%3AAQALAAAA8GfYFPkwiKCW4ZNSs2u11xCQzRFzuZVqHMXyrh%2FmKLP5trc8C7DCw7f6pudC1tn8dzsUc9XXJNSk054lZJsXI0kIWHT6VpqFYNfM7mFaV15KBsDgj7RPq1yphkvygCqOcO%2FY4qJlf55%2F85yAedEY%2F8dNTjegdQx2GJZW8aYQg36tKihF0hQoPCsm3qtkE4ZTgTVN2udaMgpIW0OL0wjV%2FBSyMwX3aflgixwoDMB2EKt0MZRvr%2F4vaxpwoeiDHGlJTcFYLmh4oPt%2BM6fuCGau%2F60XpQhcem39BchUm7l6vtDs0da%2BesOccFNNXNScVql08w%3D%3D%7Ctkp%3ABk9SR9CIxbaaZw
New Rock Reactor Punk Boots Goth Black Leather mid-calf lace-up/Zip EU40/UK 6.5,70.00,Pre-owned ·,Sold 24 Jan 2026,https://www.ebay.co.uk/itm/168102547651?_skw=New+Rock+Goth+Boots&itmmeta=01KK9PH8GKGN8FNH4NTRBCTBGB&hash=item2723b150c3:g:X60AAeSw1u1pci1V&itmprp=enc%3AAQALAAAA8GfYFPkwiKCW4ZNSs2u11xBE9qouV2PT5%2FjF%2FuLz%2FJjtPw5PViFQ5SQ1bwUi1YhaCLj92orWa3SYKrb1nleFbG00%2F7yDMDfUxEmHQLtE7igdk5VXZMI8uMIfV2AuChdG7lR%2FhiO%2BOjbIdsUViArJlc%2B4VQLGBlo9Uq7koOw%2Fo8cqFKeGoqMqEA%2BPrt3q8FMBBrE64dMHTGi2tAAemehYaWMBvgckRyQw%2FUjA6D8sRDOaVkqM4SxhffJ6tMpAobHHm5z5vo6RWXxZgnlRJQ9Rt5Wz34liHA2ihcah5u22%2FFVlMP1KyqStIT4PbSiOPVCzww%3D%3D%7Ctkp%3ABk9SR9CIxbaaZw
New Rock Reactor Half Boots Unisex Platform Boots in Black - 8 UK,205.64,Brand new ·,Sold 24 Jan 2026,https://www.ebay.co.uk/itm/205901856195?_skw=New+Rock+Goth+Boots&itmmeta=01KK9PH8GKEP23SV5R0Y9QF1K2&hash=item2ff0b4fdc3:g:rPQAAeSwwdVpNE37&itmprp=enc%3AAQALAAAA8GfYFPkwiKCW4ZNSs2u11xBZgf6HJHQ%2BYZ2DrY1Nh9hs%2FBaO3IZJ8Rj1K4N2cb3hDUPUOuD%2B4q9qfKWrGiYg24zlDh4w8tgZ3HNG7FlM662gtQHV4yH%2FaLepitgI2lWcathgEg5or7mWyLWG2IMF3%2FGI5gsETB6I1jsj5lBH%2FcCLk%2Bn2RV0ZExc1orzi6ga7prZ2XtpA9aRmNFg7gInXPO2g%2BDgQUPBDH4ihHo49bX1vWn5q7ajBKOKOhpF%2BKgo%2FLm3D06%2BgQMdpxxkZLVE8kGdxOhFt5rWO9gMs5Chp4yiH2GzVcTIHFTY9ZL4wXrSA2w%3D%3D%7Ctkp%3ABk9SR9CIxbaaZw
New Rock 272-S1 Boots Black Metallic Goth Knee High Zip Leather Buckle,224.99,Brand new ·,Sold 24 Jan 2026,https://www.ebay.co.uk/itm/313554478992?_skw=New+Rock+Goth+Boots&itmmeta=01KK9PH8GKXX0H0R6AWP8CYTP5&hash=item49014da790:g:SRYAAOSwn~tiIgu3&itmprp=enc%3AAQALAAAA8GfYFPkwiKCW4ZNSs2u11xAWGJDAsE73uiU59ce%2FYHduiosyTp7ScNDLowLLAPPyUoOcMd0MDDF9YmOoq6kolYp7cRENQyBG7c7MgDDfX9P0%2BaU0PX7hYPlmkFo%2BkVHFUVE3KhfBck%2B9LK8GjhtMWjclVouRvU1sCvS7rTmUp8M8jaJBClbMlDVblj7IJVje2%2BxLBIvIsHrq%2Fpm4WxFfB9stlCApiqchn9h4PeBCZCFlojJl7xtj7hkeyy8oMtACNB7IGb%2F2C4hFNq5K4qGw7DL%2B0mEfIj9zzMnFN38lt4gxtdSjvIkbtr9XUWkrWzgPxg%3D%3D%7Ctkp%3ABk9SR9CIxbaaZw
New Rocks Chunky Platform Cream and Tan Boots Grunge Goth Streetwear Size 8,50.00,Pre-owned ·,Sold 23 Jan 2026,https://www.ebay.co.uk/itm/366130267722?_skw=New+Rock+Goth+Boots&itmmeta=01KK9PH8GK1R6BYFRZ0K8R1JH6&hash=item553f10864a:g:ZnIAAeSwRI9pasp~&itmprp=enc%3AAQALAAAA0GfYFPkwiKCW4ZNSs2u11xAcAceE2Z%2BWvR8bKFIDGh0q9JCAcJkXvv8lW3rDzKswgMvRryP64Hd0V%2BWPSC1n%2Fi%2B35E3nvO1Dz4oIh1iwOs3pByTkpz%2Fdp3j5sDqROuWhxrBOnvx3h%2B77ZitsoqBRkqJU%2BW%2B15yToQHCyYTSX0wnvZ1%2BV%2BD5rlTnvXu6sVZccu76bpDq4Bx7NLLYk7ZkqymN8noibnWZfjCQyo4bVCFDrmFOCQ45STbGMKO7%2FJ6AypCpg4p6Q5k0l9i4A6GMUpIQ%3D%7Ctkp%3ABk9SR9CIxbaaZw
NEW Dr Martens 1490 Joska Stud Black White Buckle High Boots UK4 EU37 Punk RARE,94.30,Brand new ·,Sold 23 Jan 2026,https://www.ebay.co.uk/itm/126700197428?_skw=New+Rock+Goth+Boots&itmmeta=01KK9PH8GK02JGYJCHZ1ACGH2K&hash=item1d7feb9634:g:P74AAeSwUcloixnq&itmprp=enc%3AAQALAAAA8GfYFPkwiKCW4ZNSs2u11xCDArD5Ihyfit3wc519HZMpMary01rfPEw19vgvNj70UNBUvraiDx6tg7wIQQv%2FHX31Qa9r%2BYFjuE9nZk28JFow%2FsIf7W0Bn0T0Xv0pgPiK5nT%2BdjuICwZFs%2FpsEXpj%2BZ%2FRuWfHHynezlNJ4%2BY93IVlI0T4U0ffmigBdRHJm8PBoi526EhsnX8xM5l%2B1IAX9mqyzFNGltYiKwptb1rDF6m%2BgxUIaGctefbkP9LEB5Tm2pIu8zqEYGHN2qq%2Fw2%2BtrOU73MZsdAqizB1BglSH7IIan%2FdBhoi%2FM4WwzJIh2FKz5g%3D%3D%7Ctkp%3ABk9SR9CIxbaaZw
Dr. Martens Jadon Boots Black Smooth Size UK 8 / EU 41,109.90,New (other) ·,Sold 23 Jan 2026,https://www.ebay.co.uk/itm/227119785251?_skw=New+Rock+Goth+Boots&itmmeta=01KK9PH8GKPZ5ANAG9QWQQH7Y8&hash=item34e164e523:g:eGwAAeSw8lFpNIaj&itmprp=enc%3AAQALAAAA8GfYFPkwiKCW4ZNSs2u11xCGCyo0bZZBpuy5TC0rKP8IZH4FkPUuUw2hGyObpB0XDA3o%2BvIOJ5EUGrTn%2Bo6h4Az67q6rPVFURb7mlGLIE0ip1Wi%2Bd9SYxl2hEVrbA1sLYslLmp2zC0fqUGYHf1OaNvuxDnj%2FFuE%2FWOKB37fC2y33aRCjQ3TKhrRchCIJFCIBMKcaa2SMWSkDburbk9P8AyKWXMS06xO4cCqgckHoFWikkAVj2bvuB7eoIbNog7Nf9h9FpuOe64Z1JlTtGR2JUnSU%2FdwD5VAiOLFqxGZR2IFoI5sPCHOizJu9ZJn8GaO%2F5Q%3D%3D%7Ctkp%3ABk9SR9CIxbaaZw
Shop on eBay,$20.00,Brand New,,https://ebay.com/itm/123456?itmmeta=012DEW30YG0MEEKND7NH&hash=item123546:g:acwAA9KNiJowH:sc:ShippingMethodStandard!95008!US!-1&itmprp=enc%3AbgepL1tlUHjMGCVfSTGJh%2BzsVKeJ3CQk7NizDI4BZeppuFnmyS6Ijyp8lh%2FnEw%2BWqO7uTV1Q6izE1R0T54aV8j71F4xlWfVcGft4%2FiOQhtqVXA1rW6M1atPARQRmhqUxtEPJKhKtSFgI%2Bvwlzb0GwVCtkp%3ABlBMUObkmabpYw
Shop on eBay,$20.00,Brand New,,https://ebay.com/itm/123456?itmmeta=012DEW30YG0MEEKND7NH&hash=item123546:g:acwAA9KNiJowH:sc:ShippingMethodStandard!95008!US!-1&itmprp=enc%3AbgepL1tlUHjMGCVfSTGJh%2BzsVKeJ3CQk7NizDI4BZeppuFnmyS6Ijyp8lh%2FnEw%2BWqO7uTV1Q6izE1R0T54aV8j71F4xlWfVcGft4%2FiOQhtqVXA1rW6M1atPARQRmhqUxtEPJKhKtSFgI%2Bvwlzb0GwVCtkp%3ABlBMUObkmabpYw
NEW ROCK REACTOR BOOTS EU 40 UK 7 PINK PURPLE GOTH ROCK STEAMPUNK FESTIVAL GIG,95.00,Pre-owned ·,Sold 23 Jan 2026,https://www.ebay.co.uk/itm/177788228234?_skw=New+Rock+Goth+Boots&itmmeta=01KK9PHDG50C8ZFB88K6H3RX8Q&hash=item296501128a:g:wz0AAeSwANhpXPsT&itmprp=enc%3AAQALAAAA0GfYFPkwiKCW4ZNSs2u11xBS0jyv0tCDN2Dw5tzrpnBhb%2BLVpu3u%2Fj39PLOz9PSMDHIGV7UK3fNygQUDbv2%2BcobdRjHu7ZMGD3qf4ROH1WKQIRX4bAo%2FmnAGeEj%2BbJu5bmF1pbbMUVGSFdQ6OhjoBaG1lxnyJQIVas8Z8%2FhCAK13rDB5BYb3W313dVTtOyN4usV2oK27%2B4u1x2mhgyqe8rqCejYDWAZpyeQBq7tkJoOckWrB1NKfrraOv%2F7zw0xxAbkb9XnVQlynhgq%2BJ6lWJRY%3D%7Ctkp%3ABk9SR6rYxbaaZw
JEFFERY-WEST MUSE Midnight Blue snake effect SYLVIAN SERPENT Chelsea Boot UK 10,132.00,Brand new ·,Sold 23 Jan 2026,https://www.ebay.co.uk/itm/127635078345?_skw=New+Rock+Goth+Boots&itmmeta=01KK9PHDG5NQW43JMEAHS3PW5D&hash=item1db7a4bcc9:g:fLkAAeSwt1Fpb7xu&itmprp=enc%3AAQALAAAA0GfYFPkwiKCW4ZNSs2u11xAUQZ%2F8Fmu5NV%2FH88kJwCHcPFtbqAAz0K7b2DZHBM43VMo80XM2PJXvHCJDaBWbatzk2K%2BEt7tAUywBwP44CHOp5F2jkRLOFY8kMiz%2B0eUwwzgsYUBEVDX0qXDZGnRCBj6Wbbie7JnxKfvtrLJlNrO5kBkou96S%2F4enmnerYRx3UnCCI5olqvTkUq%2BUDRsfVltMXNwlSrw%2Bv%2FoFEOV%2Butsht7aAHmcT5TD3v%2FXuwtRglMlbm%2F7xqHhxg8xhesrJ%2Fvo%3D%7Ctkp%3ABk9SR6rYxbaaZw
new rock Metal Gothic cowboy boots size 41,78.69,Pre-owned ·,Sold 23 Jan 2026,https://www.ebay.co.uk/itm/256778891422?_skw=New+Rock+Goth+Boots&itmmeta=01KK9PHDG5Z7R80N3C3QCGNJPB&hash=item3bc936f09e:g:9QQAAOSwrr1ngVlq&itmprp=enc%3AAQALAAAA8GfYFPkwiKCW4ZNSs2u11xDYtWM0fTXVtN0vGtlnehJEoj7sjS2vv%2Bha3tZjxzWXHT5POZO8iLzBR953xrkrSK4W78sCwRSLLTM0xrsW0Lnd527TGd0CoExBqx%2B97ej34Spn6gxBbYfAj7VKVZCfvOX3dNNt4sEA1i6DjG9Gg5ZzqZGwxf%2FPw2AAZf2CVQ6OIHHWl4iEZbOhs8237L%2Fyr7AXjp7uO4AHvTnwi5HDm5%2BCm72xczilXGiLBBbFmGqGvmaDhIfS3yAdQW2PEK5qoYX3h56cyys6tM2dHk8TVWuGytdfbD%2FZb3Sn3SHzQDyE3g%3D%3D%7Ctkp%3ABk9SR6rYxbaaZw
New Rock M-106-C153 Pink Tower Platform Metallic Leather Gothic Ankle Boots,206.99,Brand new ·,Sold 23 Jan 2026,https://www.ebay.co.uk/itm/316528580307?_skw=New+Rock+Goth+Boots&itmmeta=01KK9PHDG5VPDW0ZVDBD95FQY0&hash=item49b292d6d3:g:FU4AAeSwc-1n3Vxj&itmprp=enc%3AAQALAAAA8GfYFPkwiKCW4ZNSs2u11xCPqNAekuoUWzxc1bAiI6V3ZtK1pK0YFKeja4YOkR%2F41wQl%2BE5JxjmLjXRLoOyhbQoWAmjBgmQKTyD%2Bgdz0VkjM0xsVm1nHy5pk6WifTcjVAl%2FLroELV1JUufOEXSpz75Z8rhQtqBJCfXqj37smiZjd5WkNs6vd9IRXFJCBZR62fBSbSBvsf6TCjlSvTpwfFjAL0KRascKWjm90%2F4gxrwlXFErTHaPV%2Bjh7eLTggGPREfu626WrLNTV5eLq%2BtrGyaKZZMNh0SDip3eXP0VztciNxxWdNzy8AZywsI1Mc2uNNQ%3D%3D%7Ctkp%3ABk9SR6rYxbaaZw
New Rock 391-S1 Unisex Black Boots Metallic Reactor Goth Punk Rock Biker Boots,197.99,Brand new ·,Sold 22 Jan 2026,https://www.ebay.co.uk/itm/264700844907?_skw=New+Rock+Goth+Boots&itmmeta=01KK9PHDG5ZH1VAB59341ZNN0H&hash=item3da1665b6b:g:~74AAOSwi6BelyL~&itmprp=enc%3AAQALAAAA8GfYFPkwiKCW4ZNSs2u11xD81O7FjBlkaVJZ8Mv1SI0omIpK7601yOe%2BOeFm57HWZtouGKjwlMP56v%2F7J3hzkKF%2Bl%2FT6YxtVx8Te3CsaC1SJDc%2BGlW4c4Ir3%2F1NpTL%2BqryT8pKutNfC9sFmJ1vo0dShP9S3WQHjD8zVqwBQ75zhbJjvydSVx%2F42UWLdvvz5%2FaaTL439LKGMg%2B2gAoRUx%2Br2fTvQvIhn5UUX1OGn%2Bxqq%2FLYSzErU8yhQlim%2B5jQ9%2FdppQdAEuwhZQXXF6EN9mZzFilfiuoBv9cz2sQLV8Bxl9k6l9hdnpcTLtX4eIEMRkCQ%3D%3D%7Ctkp%3ABk9SR6rYxbaaZw
Goth Punk Platform Boots Women Lace-Up Ankle Shoes Metal Decor Rock Style,98.99,Brand new ·,Sold 22 Jan 2026,https://www.ebay.co.uk/itm/406040888753?_skw=New+Rock+Goth+Boots&itmmeta=01KK9PHDG5KCTX5K3Z767BNZ5R&hash=item5e89ec45b1:g:KcsAAeSwaOtoclh5&itmprp=enc%3AAQALAAAA8GfYFPkwiKCW4ZNSs2u11xDZ0dpN2zydtYqEKITIoCjSIskQ4oUhEGUGAxdBxJSpPZSIWyAUb%2FgRRuAW1DB08R1LmDD85KRQZbi8t2mW0uqRePkT3AY1%2BO7GNxUjphJC9Z1aVtSvvWa99GXjOxtkYYQ253ubVdJeb15gm9qYLP8OBSxtE%2Bn%2Fdz7R3z2QbI9NTmLJvYUa5anKl%2ByOuuOGGpq4PiMZ1P6O4eKeWH4hMHCR5acP3j8Zhb76P%2BbRpR32aQpWt3L2qlUJ05tUYEjKbKVTI91Vemek7EP2xgC5u1vlpTVZ3yrEeSAo%2F9BGD6oPeg%3D%3D%7Ctkp%3ABk9SR6rYxbaaZw
NEW ROCK Black Leather Chunky Platform Mid Calf Punk/Goth Boots Size UK6.5 EU40,170.01,Pre-owned ·,Sold 22 Jan 2026,https://www.ebay.co.uk/itm/197815995583?_skw=New+Rock+Goth+Boots&itmmeta=01KK9PHDG5WQ3ZX61QJMFWVHY1&hash=item2e0ec08cbf:g:mDAAAeSwBntpA5wy&itmprp=enc%3AAQALAAAA8GfYFPkwiKCW4ZNSs2u11xDjH7kBRrYFZvF258Agr9JeVJ9vgcl6UC8hJg7Pqe%2BhOnq3vrsOMzwEhCiAgqyCe4ILd7WUSKI6YLOCaSjtFs2m6lfF0QmDO7gACPmGJf73eBsEHRD3GcV95IluVbQkQAW8VDtMYJZ1BETnEbVF6qNC%2Biqjb4lODnSNbFoQDuwvUCNmznU2MJZ0jdLcWNLx64hDsYUjdqubgWnhIwsIhsa9zl9T2eoAGiTB3uGEAFPWJ1meQYU9Zqqe5XVdAKWzeW7lWwl1joB76xpur4cjav0g8i1SrZ%2BwJcYVYIoi8WkpeA%3D%3D%7Ctkp%3ABk9SR6rYxbaaZw
"'Vegetarian Shoes' 20 eyelet vegan leather boots, Mens size 11 UK",100.02,New (other) ·,Sold 22 Jan 2026,https://www.ebay.co.uk/itm/396990615545?_skw=New+Rock+Goth+Boots&itmmeta=01KK9PHDG5PQEB0P1AGV6CRCPB&hash=item5c6e7c0ff9:g:SRAAAeSwxZRoqzAQ&itmprp=enc%3AAQALAAAA8GfYFPkwiKCW4ZNSs2u11xBLVSjKNv6ISRjcD9wwtM%2Bio%2FHuWeMKw3WrRkvMrUqdmD%2FmJK8V0uEltaWfWlDmWCrGvRlwRplzb2tGUaSBpeIKl57gaj2SSxS63japou%2F9CEk1JvPYVs4n6czWHkbYqaR1NgyfwLe%2FejE0nXs58rHmwDuY%2FSr6qtKLrZzunZslhoTJOfpNGUSuIHHGupY%2BC9BcrxuYlOSZcQGlyCc3bM9MXum7vLujRgCWHTSPs%2F7lPWahdF70zBinGweS29P%2BNSeP6qMBMKPIgtAzPHM34vMWOGMkSJgbJ%2F4QcEQl6rE4zA%3D%3D%7Ctkp%3ABk9SR6rYxbaaZw
Ornate Cross with Death Head Moth DR Martens DM Boot Charms Inc Gift Bag New UK,4.81,Brand new,Sold 22 Jan 2026,https://www.ebay.co.uk/itm/187844507798?_skw=New+Rock+Goth+Boots&itmmeta=01KK9PHDG5SP47P05ZEA59HFK1&hash=item2bbc67b896:g:uXkAAeSw2gBpQGiX&itmprp=enc%3AAQALAAAA8GfYFPkwiKCW4ZNSs2u11xDMptVIfcth3KPZfhA1w9JZIIUr4kcMXooR%2F8EPG8aIJUqzED1JLRgbbS4YDeaA2yrzFRzrzIof90kY2b5YBC7TsbZ3pXwy6cYmiUZ2CgtfGFtO30oOOEhkyvHuiK2C%2BGcd2whCMa95PwRdv51Wtodj18XcPlU6WXG0LJ0Z27sTKQI%2BlUDX9ugavIkXWBg47MOGnH5Pok1vhfwNCk8Yd9wvBddood98hhx%2BYKe0QtlPdax6VNQzQBQXR1KCT%2F%2BAj1E4%2BwhK5slnfCFz4qEtIuDgsO%2BnTSLIG1y3EIcf79zG8g%3D%3D%7Ctkp%3ABk9SR6zYxbaaZw
New Rock 106-S1 Unisex Metallic Black Gothic Classic Leather Biker Boots,193.49,Brand new ·,Sold 22 Jan 2026,https://www.ebay.co.uk/itm/264700870828?_skw=New+Rock+Goth+Boots&itmmeta=01KK9PHDG5AYG4RRN6R5P0PGED&hash=item3da166c0ac:g:724AAOSwS8BelyrV&itmprp=enc%3AAQALAAAA0GfYFPkwiKCW4ZNSs2u11xDZAY74Q7s%2B7ftn2Ov7Bg5cRynIpi7JIz0gQa7g0ZYjgkrvaFXDQAcZPshWKcNubDinLw5gDiR%2BwUgUgq403Bhp0kwrzrt%2Bln6l2%2BqB3LHa5lcltVnjCIgxYa8inJsmj8QavYGMR17NxLB%2FDfz9IYttvKB8gOKjXa3Ejq%2Ba%2FqIGP%2BpAzw3Ga89m242TH9RNWGXovPy8vRGLjTJCfRm2N3t4ojMT0gn6BUjg%2Br%2FFLHVyZ6gwTG33pbApXtIrhTZq5Sk%3D%7Ctkp%3ABk9SR6zYxbaaZw
New Rock Black Leather Platform Boots Buckle UK 7.5,55.00,Pre-owned ·,Sold 22 Jan 2026,https://www.ebay.co.uk/itm/236420637918?_skw=New+Rock+Goth+Boots&itmmeta=01KK9PHDG5GYCYK7619EMW18ZF&hash=item370bc4a4de:g:Zr4AAeSwVLdpAMrv&itmprp=enc%3AAQALAAAA0GfYFPkwiKCW4ZNSs2u11xAptOr%2FcLY8J%2FXHXLYeUHZyLJrkj0bobyrSmZ1LUyBJQocBthRhgBscU%2B1pEShkaIC%2BliBHVwQ4Ckm0HrmR3sgcq3J4flt5DcBk%2FxAAr0wwqf1PBzPExVfx2kJGSMVux39tHk2NN%2BYkU%2FJssAUesnY3g091iF1sklHLoQd97SRUUdI5C0MyECBMSO%2BwC4985z4wmX2sPQjzpqnOzDb%2BJutUxQRDeNrYtNnwTr6ez7yGiwvydnOU92vadolRSx15KFs%3D%7Ctkp%3ABk9SR6zYxbaaZw
Vintage New Rock Reactor Flame Leather Biker Boots EU 36 UK 3 Chunky Sole Goth,159.99,Pre-owned ·,Sold 22 Jan 2026,https://www.ebay.co.uk/itm/358122273600?_skw=New+Rock+Goth+Boots&itmmeta=01KK9PHDG5GCEQGQQ686YFK6EC&hash=item5361c03b40:g:yjEAAeSwdWdoPTpm&itmprp=enc%3AAQALAAAA8GfYFPkwiKCW4ZNSs2u11xAGYnyL7bBHSFqaA4FB7Ro6BJvqg6dUbMAJ5nkE4oBCMS5858Tk%2BSsvIPvIV224Foany5qWLXVbrnOYm%2FMrz0VNBCcmcHxYSenkDBfB0zFnfwivmoA%2BKkhbQmAB%2Bo3NB9rUlNdvwHah%2F21OkAI6Iui%2BSeQPoRUorJ4rp5vauSGgTgYL%2F3%2FEGsdIom7vKfNbPUrdrLFoj1kMcveEqgFe8dklmD%2FBE7ZddHcoPnPI73dOuWa8oO7Crr5Xe5XWPQCoPzTZf9LfTsvyK5kJdDpcBOpH%2Bq55cOfvdZwYoT%2FpsiTDRA%3D%3D%7Ctkp%3ABk9SR6zYxbaaZw
JEFFERY-WEST Rebel 'NOMAD' Brown Suede Western fringe boot Goodyear RRP £475,165.00,Brand new ·,Sold 22 Jan 2026,https://www.ebay.co.uk/itm/358026460873?_skw=New+Rock+Goth+Boots&itmmeta=01KK9PHDG5ETK3G303X5SVFE63&hash=item535c0a3ec9:g:ScIAAeSwWvdpQqlB&itmprp=enc%3AAQALAAAA0GfYFPkwiKCW4ZNSs2u11xA%2Bogo3Pw7w3VYCUovKWvaV1dBDsUsar73krK83VWEqOrj%2BC8kVCjMQyMLfNsLL7vFZ6Gqpv%2FywnJs1DGu95vSsBM4ysiMjxVPSM3NB07zl0V8vw84F0QK5JfSJkpdqVzLKtQu6B%2Bp73%2BqtrnTMT04tVoRVzb87%2F8TVcL1Hbj1khmReY5Li4PP4wWSGrT8zMnOGMvTZ8oHhjTnBU2RJAwVMA16cyvE9J9T3ANpgEwOJGDUSfs1BdvvGZEzMjZ8LZdg%3D%7Ctkp%3ABk9SR6zYxbaaZw
JEFFERY-WEST Rebel 'NOMAD' Black Suede Western fringe boot Goodyear RRP £475,165.00,Brand new ·,Sold 22 Jan 2026,https://www.ebay.co.uk/itm/358026467511?_skw=New+Rock+Goth+Boots&itmmeta=01KK9PHDG57PF021XNCF70BZ0J&hash=item535c0a58b7:g:2L8AAeSwqLBpQqyk&itmprp=enc%3AAQALAAAA0GfYFPkwiKCW4ZNSs2u11xBGwNlP5oKuG6%2BK%2BDsS0oyXSPFxKEazqgIk8dpMa3qqC8%2FORYBYOaGtD9Hs4on3vwakLhrHL32nlYm0LJZIMkSSC0Za8HfIhZIb9a8BW%2FO6cqarmWYUdlzmMA6Y7dz5KCkecIuN%2BxTH29jTWnhB3NckQUK%2BqYi9eEBmj68ufjhXaHzd1x08HND9tYEtxg8lKb8E7bM2%2Bl7TSlEoPN0c9DWerXhOoTJJfFDugiSdQz6lsI%2Fqzaw3NlfveieDE6lm7C8%3D%7Ctkp%3ABk9SR6zYxbaaZw
SOCOFY Women's Boho Colorful Ankle Leather Boot UK Size (7) EUR (41) D156,63.10,New (other) ·,Sold 21 Jan 2026,https://www.ebay.co.uk/itm/157578960090?_skw=New+Rock+Goth+Boots&itmmeta=01KK9PHDG54QMFYEB2BJRQ1BMJ&hash=item24b0701cda:g:6zEAAeSwJo9pU9CM&itmprp=enc%3AAQALAAAA0GfYFPkwiKCW4ZNSs2u11xA5hOQZ0WXZVkLZwDzjObdGsiuQjLfMOgljShsEGP%2BqpVmGHpNFJrXZUXZkgk4MZ0p4Na%2B818nRsAx%2F4Y%2BF6vkbG1hXjCX8Z123JVQc05Ok%2FhtCEaMX8aGkfiCrEyH7xb7gnDE1CnVqa6b6DnZr2AqQqj3%2B8pDI87VbcgAZoArYxtWxTIJK8igxz%2FR%2BvaCaIWUPMW3kaqaNov%2FCl7aNPCag0xf0NCQYFOpwfZNkl1uHHhjmXUntHKkAYjO2XvJh2oo%3D%7Ctkp%3ABk9SR6zYxbaaZw
"New Rocks Ankle Boots Space M-373-C105 size 9.5, black, genuine leather.",301.26,Brand new ·,Sold 21 Jan 2026,https://www.ebay.co.uk/itm/397513395805?_skw=New+Rock+Goth+Boots&itmmeta=01KK9PHDG54ZEEPDHAMH84T1V7&hash=item5c8da50e5d:g:V~4AAeSwPjVpbrDz&itmprp=enc%3AAQALAAAA8GfYFPkwiKCW4ZNSs2u11xBzBO2NtIYyC9I2ARgWjqpI0Uu9ZEJOiD3%2FfXo9mgd15RA9GRGp2OmAJhG7BjmPrHbzusd86Z0UT1CpG8baXxJkpPFSpuvvwKSH0L1zc0HdfcVCzyh%2Bhg1L00dhugobzWsdXs56AnIcJ5VSMcJFVfGVAdZLPTVipokj%2FOBoJdKnqBloj2JlT2OdYE9qoCBxc19ZqVlWN%2FSz7UqlGaaST6Mi3k3vdonzoWjFzDtOlhS4oZ3%2BgYZypo%2FoDfoFH1cyI9DJKhiYvFgLqEW9IRMc9q37ZnKs1EJd5NVJ9K4Mr9Qw%2FA%3D%3D%7Ctkp%3ABk9SR6zYxbaaZw
Vintage New Rock Reactor boots UK size 5.,120.30,Pre-owned ·,Sold 21 Jan 2026,https://www.ebay.co.uk/itm/277645102704?_skw=New+Rock+Goth+Boots&itmmeta=01KK9PHDG5J9KJR39TZTZ39MZB&hash=item40a4f00e70:g:6UkAAeSwkkJpZWmv&itmprp=enc%3AAQALAAAA8GfYFPkwiKCW4ZNSs2u11xBYij0ZYoCxddRYsgcrNtk6gm%2B1%2FYUXI2YfmZ1N8CDerRL68MV9U5%2BuAYEQg4%2B%2BwJ5GdslIZpUclHn33inaBrLQda08JvgZPGygNVoHOpHQ7O4M0rbK1e05KoVWoMbM50%2B07ougFAT5yYw%2FPIKMgfia3JVvMyi6Opj0T9HEztgjfjDGICnUU1VOqTQ1KlsMX3AdEwUv%2FuUHhU302FFrP14VwczDubqp4bhODaimhW%2FI7g1%2But%2B20E55Ub1q5%2FGE0UYgZNTFHXdUXCNm5CsncBJ4JWNw9FdqJESV1UWN7yGZOg%3D%3D%7Ctkp%3ABk9SR6zYxbaaZw
Black leather buckle goth boots - schuh - New rock style,30.00,Pre-owned ·,Sold 20 Jan 2026,https://www.ebay.co.uk/itm/326940517470?_skw=New+Rock+Goth+Boots&itmmeta=01KK9PHDG5NR9QENR14GPVR1GH&hash=item4c1f2c645e:g:~okAAeSwAAVpWabh&itmprp=enc%3AAQALAAAA0GfYFPkwiKCW4ZNSs2u11xDkN98L8SgfbKR2uopwqIbdFM5cwJzlukSDQQLjriSL1sGiOCka4QZuvtGN90sN7b0aFwLVyfUOWF6yWVsjn35DPdQakOZddR%2F06vm%2BskvmDT%2B6tT98NxXPGtey%2FoMOMZ1uK%2FNqWgFT05olioGKBRPUlUKvN%2FPqRlCbiMeOyaHi3YG%2B%2BH8fxDLP%2BZH3lC0gHpDuAVUXzUsYApRS2AIwT4zhOayB8o5E1BpnAsQK4%2BIU7fGwGdor2H4A%2Bk1n6QTf%2FGM%3D%7Ctkp%3ABk9SR6zYxbaaZw
New Rock Reactor Brown Leather Chunky Goth Shoes Heavy Boots UK7 EU41,82.44,Pre-owned ·,Sold 20 Jan 2026,https://www.ebay.co.uk/itm/306719940504?_skw=New+Rock+Goth+Boots&itmmeta=01KK9PHDG6243QMX33QGD5KKEZ&hash=item4769eedf98:g:eFIAAeSwtPNpbmf4&itmprp=enc%3AAQALAAAA8GfYFPkwiKCW4ZNSs2u11xArEJzXZ4tofgfo26ySM1%2FW5%2FMkNfl7fGsVq5FRUAE0Tgiywyxkd%2FhOucuN%2BVK0HqbtmpON76pvEyP9ew4EPpFP7G6S6GpUXs7JCrwRGY9nLIXSKtwO7kSnss%2Bd%2BM7clnIsiCGT8iBu5bFQqgOqbo%2F5NBfNqMEKWZWA%2Bcw8MPSNjtIOfeSP7z4RmKHD7UvNfKoZliIGgb0j1q3HOyHl8CzilK7Z0wPu%2Bu%2FVim%2FCp3AUmQjkPY5Zx9sUrstyCYPzaX1LNUI7hm8cgCHklIp%2BXyLGz1rJ2ESjQ0D1QfFbBGi5xw%3D%3D%7Ctkp%3ABk9SR6zYxbaaZw
New Rock Reactor Chunky Platform Boots Spider Web/ Skull Design Size UK 9/Eu 43,72.08,Pre-owned ·,Sold 20 Jan 2026,https://www.ebay.co.uk/itm/336388099131?_skw=New+Rock+Goth+Boots&itmmeta=01KK9PHDG6C66KWXKNBR34T6MW&hash=item4e524b0c3b:g:j4IAAeSwxxppZlRz&itmprp=enc%3AAQALAAAA8GfYFPkwiKCW4ZNSs2u11xADXBVI06F%2FldYFgzfWNcougO%2BOMMZCLyinT8WAGt7SnTmqIfh6PF9iBLTfgvGpxj5mhEE7UDF9Xw7sHgESoiVL9SimT2Ovs85JljtD87clLJ8z%2FuV3jFTHkxMSn50i2f05VU4jxaCsHySiM9oq8rcdf9L7qYFctGx5zwDAUniGy30wr21YxwIg12YwLoih244z9StpzucVdwbzKcAExOzhvrg%2BZB9%2Fn%2FU3Y5r%2BXIMUIQsgB%2F0Cj5I2sc0WvFObshoVU5Dog1xQL4%2FoClz26a55jT4%2FI8XelUfgfx%2FAnepY5w%3D%3D%7Ctkp%3ABk9SR6zYxbaaZw
New Rock M.373-S4 Metallic Boots Black 100% Leather Goth Biker Emo Fashion,208.01,Brand new ·,Sold 20 Jan 2026,https://www.ebay.co.uk/itm/253377147410?_skw=New+Rock+Goth+Boots&itmmeta=01KK9PHDG64S3618ARD4NJ68MG&hash=item3afe747212:g:sXEAAOSwM6BiINxw&itmprp=enc%3AAQALAAAA0GfYFPkwiKCW4ZNSs2u11xAoK96r%2BouyNkgpjDHf5NLH07T01v7xXy9dyVzlr2yw0bpBDYkQA8BSWvsiTy37dfKbcO0O92ZSOknn141VCQVzT8zLsVHV6ag6QxMIDrhEEXJ7TnjftE9b%2FxJEQjKENtrCzEirjnVzUkQ2%2Fh7ifOODNbmb8rOuEA0u%2BhtxXFjBp0Vok4gFj19vh5bln7dQsQYW0tVqVoh5%2BqvzpLK7LwYvFOMffmgTLF0vyF0pD3%2FxwGVP9DU8hLu9Bf4koy1v7w0%3D%7Ctkp%3ABk9SR6zYxbaaZw
New Rock Size 7 Leather Boots- Unisex Gothic And Biker- Green With Metal Clips,125.50,Pre-owned,Sold 20 Jan 2026,https://www.ebay.co.uk/itm/389502955277?_skw=New+Rock+Goth+Boots&itmmeta=01KK9PHDG6XBAK75S6GDWHX95P&hash=item5ab02f6f0d:g:ahwAAeSwxlRpakSh&itmprp=enc%3AAQALAAAA0GfYFPkwiKCW4ZNSs2u11xAe0ojaxbiPUQjvH%2FkoHx3rCU1dcpWq71sZSydOshqUWfVWB8mnM2sHHu5tPt7lgoiKQ1It8JFuuaq2mtRUoicQg6XC6q6hiyzI9HlfKn%2FfJu%2B2x5n%2BEFAyMHH5qszDIiNRI9z1edI6raV3w9NuFY7LHkjt0WAWgUXJgIAiCTTjExoneGLOUTgN95QomcxSG1q8t2epPMWD%2FJ3UTQu7bK3DnNDZYIn%2BD1nre%2BMYkaCd79%2BhVGFsvk%2Fjr36hYO15KrM%3D%7Ctkp%3ABk9SR6zYxbaaZw
New Rock Vintage Cyber Steampunk Chunky Platform Goth Black Boots Uk 5 Eu 38,90.14,Pre-owned ·,Sold 19 Jan 2026,https://www.ebay.co.uk/itm/376878758709?_skw=New+Rock+Goth+Boots&itmmeta=01KK9PHDG6ZXBCNXM9BF3DA3N4&hash=item57bfb97b35:g:vjEAAeSwAX1pY88f&itmprp=enc%3AAQALAAAA0GfYFPkwiKCW4ZNSs2u11xD%2BzxHwwzw%2FHjCXpQQkb0tEORpUfkngcRWWgbX%2FfIguvFI7mXMTAiudqKepGUhF6BV2C%2FugiozNzolWzi4hQSGA%2Fq8SFzmEaea%2BXnFCLqZYyL0nHMUVMmAz%2BnAFnQsGLvvBIiPvYu8Ovcjy%2BtNcRrOtm%2FdOPuZ84dabsu79AVtnAOHA4Rf67b9NFvhWmvRF50whzWuHPnoePTrIVBFhD%2B7gyAgtQnuKKYqjgx%2B5tlXiYe1SVKsJQaA3OZwEjyOTE6A%3D%7Ctkp%3ABk9SR6zYxbaaZw
Vintage 90's NEW ROCK Reactor Black Leather Goth Biker Boots UK 10,88.08,Pre-owned ·,Sold 19 Jan 2026,https://www.ebay.co.uk/itm/326947173079?_skw=New+Rock+Goth+Boots&itmmeta=01KK9PHDG62J8FWG9N8PV4S40P&hash=item4c1f91f2d7:g:2ogAAeSwfH9pXCs9&itmprp=enc%3AAQALAAAA0GfYFPkwiKCW4ZNSs2u11xDE--%2B4bCpkZ58F97l%2FR3UsiN8y7HzyugiASqtGU67IvTurhDfSKcdEvtM7oDftsOiJ6CaqGVxIk0m4nR3zjcfxyoDEm18kJoQHX6f1rgBIPbv%2FwjAGMcJywi%2BJ7eCQoa0r%2FjaE1A%2BRQmuHoQ1B17PQ1ld9%2B%2B4ViiPaHFrjvK7hucimHfoifQqDq1vqL1ILmeFn7zrqr57TGLN%2FIp2gNCnGxekmwMPaTZ5BV7fqat%2FpSj%2FhPP5E3FaawgXkQHnHHEk%3D%7Ctkp%3ABk9SR6zYxbaaZw
New Rock Reactor Flame Boots Black Leather – EU 41 / UK 7 – Gothic Punk Platform,125.45,Pre-owned ·,Sold 19 Jan 2026,https://www.ebay.co.uk/itm/287086744232?_skw=New+Rock+Goth+Boots&itmmeta=01KK9PHDG62HYJW2K80ZDXZTVV&hash=item42d7b412a8:g:hLYAAeSwqJBpZXc3&itmprp=enc%3AAQALAAAA8GfYFPkwiKCW4ZNSs2u11xD%2Fia1GgV5JwL3dfsw21BwUEgAryGgqqBXTzzLeo5CNtZigPRkh31npdTEngqA8HZWosYfJokHFGwcEYcEJnSS4TxbILgxB5cQQg5Qrl0UdLJ2khU6MXAHhoG4dl9rc7YVA8lXgYKLJRpB5hK7%2BVnfuKUao%2B3iHTUQqyXoGweeJ5hmdYXQ%2FPE6F4jNagHaIjp%2F9hAcN89eZEqBBnwb5Xi3YfaexR3JKf6RUI0Fk3WXUb7EMFElEL7oz9%2BZHp49vUtcUzajWcf1JeQ0K%2FoGhsQ2zasTHAFz9ztIYqI7UY1AdRw%3D%3D%7Ctkp%3ABk9SR6zYxbaaZw
New Rock Original Black Leather Gothic Steam Punk Chunky Mid-Calf Boots UK 6-7,70.00,Pre-owned ·,Sold 19 Jan 2026,https://www.ebay.co.uk/itm/406616798182?_skw=New+Rock+Goth+Boots&itmmeta=01KK9PHDG6HNJPD9RS0KBS51X1&hash=item5eac3ff3e6:g:-QMAAeSwkKlpbjmm&itmprp=enc%3AAQALAAAA0GfYFPkwiKCW4ZNSs2u11xCtkP0peGfdSv4%2BtXj62MA0o6Ka7kM5KFHtVHQElBTcnPtIdobAvAj%2FGdFlRlD8Ue84GaRN%2FlfeEmaqKew6JjvObiaEI2AuW3e%2BCrecHDQhTb77HAcBO6CGEqa7Ay%2Fj%2B%2Fw1uQ1bRyJwoETp29%2Fz4tP1HItJGE8GAOvhSnTbg09ZJCPwf4pG2I1oMk249%2FFipKPDgtGgqSu4dN9yTUAPE1ATsShmSFftnuTe7Mmw%2ByQRxUu1psWFBBVyK9MMrDwv5Fc%3D%7Ctkp%3ABk9SR67YxbaaZw
New Rock Leather Combat Boots Size UK 5 Black Hicking Gothic Punk Emo,73.49,Brand new ·,Sold 19 Jan 2026,https://www.ebay.co.uk/itm/127629432043?_skw=New+Rock+Goth+Boots&itmmeta=01KK9PHDG67Q8CQ43HN1KFDFS0&hash=item1db74e94eb:g:eTMAAeSwE6dpPwMM&itmprp=enc%3AAQALAAAA0GfYFPkwiKCW4ZNSs2u11xAirLdNHnxj84IC%2BfawZ3kfdAzsogVxAvj0kGDZ%2BFH%2FFR14wZjUpkMbSyQWixQQH4Kb7u0RZ7A5fz2pFWiSPTmt0sdppCSXVo3zfqcZJpLIUm7x0Z9U0n5ZkVfu9wPBOQL0IsfgzX8H11g3nDrIMWXM3LjFiOw6GHEXdOm%2FQyki0T62%2F2xe%2Bk1bMj%2B5ZFe4zRyqI5z5XH%2FEo1YPvytXm42Tj7lV2I9QtsbzEyxsljtU75KTycNGab23BlcsbI7Wg8M%3D%7Ctkp%3ABk9SR67YxbaaZw
Jeffery-West MUSE Sixx 'DIRT' Black Rock 'n Roll Harness Boot RRP £335,165.00,Brand new ·,Sold 3 Jan 2026,https://www.ebay.co.uk/itm/357795728446?_skw=New+Rock+Goth+Boots&itmmeta=01KK9PHDG674RGY36RFDH4VNNY&hash=item534e498c3e:g:x3kAAeSwzkBo-P2d&itmprp=enc%3AAQALAAAA0GfYFPkwiKCW4ZNSs2u11xB592dBj1q8jqjD3FxxBKQd0tbgmIrntqy1EIle8JTccxRIHEeP3mCv1JmOXUj8oXWENwvqG1tIg0T7ROlvKVeTK4o82LSOstudovvIdeGfcZ1l4iSi3Nb%2BCQ8uQc7Jfkcafhklov7a8YDZDAsS5up6GJ1o%2BM4kxCuagfIj1MWjxOUr%2F6k7FJU%2FR1gyf%2FEf4GVtmgCabFcgLiByKePofe1ePrDv1EkgZX8WiC08zlPetnJPEfvPuoxzyjhup2CnG5c%3D%7Ctkp%3ABk9SR67YxbaaZw
DOC MARTEN DR MARTENS AIR WARE CHERRY RED leather BOOTS,83.90,New (other) ·,Sold 19 Jan 2026,https://www.ebay.co.uk/itm/257305243197?_skw=New+Rock+Goth+Boots&itmmeta=01KK9PHDG6PQD6PFNTCNV6V8NF&hash=item3be8966e3d:g:-gsAAeSwSmxpZTJE&itmprp=enc%3AAQALAAAA0GfYFPkwiKCW4ZNSs2u11xBaToa2bDPEI4RlsKhR8%2BYDtvwPbEnrxuI8t5Fe9hX%2F5rAY8oyw%2BK9pR9fO7N%2BeErtba57nu69GqoRtd07gG72N%2BY9E5uZrMj6oesZSE2tMZDxdIgwC9WZcrXAyhco%2F4Rz8ZxqsZVnFEV49XP5coU6rx2w7PQrs4UqtZI9ccogY5p1aiYUP9XFWGWCVGS1t3G9VYHWqTdezchj5mQZQ8qTB1lsaM%2B8mbTcT3taBbnIE42NSPCQH51cjDJxu3nMZC4o%3D%7Ctkp%3ABk9SR67YxbaaZw
Gorgeous Black Red New Rock Pointy Flame Cowboy Biker Boots Metal Goth Heel 6,68.30,Pre-owned ·,Sold 19 Jan 2026,https://www.ebay.co.uk/itm/197600654491?_skw=New+Rock+Goth+Boots&itmmeta=01KK9PHDG69X0EX847S3GN1CH5&hash=item2e01eab49b:g:2bgAAeSwMsxolgWH&itmprp=enc%3AAQALAAAA8GfYFPkwiKCW4ZNSs2u11xB8aublwYJW1xXU24hg1jnjia2%2BaZXQj7RNdo4uJom6hiJuiumXn3Eb4yGd2jCak02wh2mj3gjtEgY9U3NkQ34VXpB4HOuzrStdNsC4h9WywqbvD000EsmsqR95zQr%2Fup1g5lwQvlcNcWJ9hEN7xz7YJdmwRZsHfPJB9Y%2F23C%2F6N3FfbVBduszybb0l0Fl%2FAqv7tDXGJoBGgo6FjP4w71bVPkQqjj4DPSZz4jBuWzc6pe4guJ%2B%2F33dBOXWvwteiRd93qePWyfydWehjy4v545NEx4lnNQT7wdr2HkVCiZm0WQ%3D%3D%7Ctkp%3ABk9SR67YxbaaZw
New Rock Reactor Black Leather Chunky Mid Calf Tall Punk Rock Boots Uk 11 Eu 46,135.90,Pre-owned ·,Sold 19 Jan 2026,https://www.ebay.co.uk/itm/297799980683?_skw=New+Rock+Goth+Boots&itmmeta=01KK9PHDG620EKTN56BAWQFKNA&hash=item455643168b:g:vykAAeSwMqJpKVcD&itmprp=enc%3AAQALAAAA8GfYFPkwiKCW4ZNSs2u11xBd6Aa53TcQe0aVH4sLnpkhTjV4uqakQlHFDqWQYgf6GuO82A2cFpbunM9MEEY9gP6cVKA6JoKYd6Jzajqvq6qoSbJgk%2FelGXJw7WIDeVfxPgs582w5%2Bk4tyvNZterQB8QL1thy5b438uUJBXGSnXLbUmK%2BThoPWtTlrNwsdoiXYB53aIw1S4X7AJvlvX8F2rzD2N9H6jTlPSk33nFDDoLACoQA40wwQILHPCL8E%2FDzml38BYsBa0yKd%2FBqKdbgl8jdwAubLZDpbItMRfqo7pifXOASfYdq4pGfk%2FcQcnwKkg%3D%3D%7Ctkp%3ABk9SR67YxbaaZw
New Rock Gothic Skull Ankle Boots Size Uk 10,52.70,Pre-owned ·,Sold 18 Jan 2026,https://www.ebay.co.uk/itm/257303785112?_skw=New+Rock+Goth+Boots&itmmeta=01KK9PHDG6T8CDEHFETDSRHWDV&hash=item3be8802e98:g:zycAAeSwh6NpY~eZ&itmprp=enc%3AAQALAAAA8GfYFPkwiKCW4ZNSs2u11xDf7nAQKEyfJdTwBhTVKyyX6F2z3ZxNqPk9eSNN3k0v0CF9qG8Aubpf3RfXZ5%2BiybcU2A6pmRNRcOHLLXE2Xa%2FD4Az0S9d6rA0jAwrx%2FyvnKjpUBlAMKf1xPgR6SU%2BroonSiiAgHWZQ%2Ba5rnGjJ1y5J3ZSNH%2FMVdRsfpOqDWCmTexbOREdUqhORq9GMb%2BbytY0imKTG5DUak%2Fp%2Bm62p7%2BxOYr9gAJYiWwM8cam5YrKhULzI%2FCBwaEgccXn2qxKYQcqmM%2Fc7g%2F7I5RX3Vtzboy2SJo41HRdn%2Btyb7WWJ908A9A%3D%3D%7Ctkp%3ABk9SR67YxbaaZw
New Rock Womens Punk Gothic Boots Boots - Style 8366 S1 Black - Ladies,255.09,Brand new,Sold 18 Jan 2026,https://www.ebay.co.uk/itm/326061955244?_skw=New+Rock+Goth+Boots&itmmeta=01KK9PHDG63TX5V67WBR4A1JAP&hash=item4beace98ac:g:gioAAOSwGYVXDRfJ&itmprp=enc%3AAQALAAAA8GfYFPkwiKCW4ZNSs2u11xBTh7A06oJs8%2FdvYCRNDaO%2F3SP3nhg2lqEU1fFyg5xxDsXouefBazS5wpUvHOk7Yad3ATvYfZFkM6HmWA6qAVBN%2BT3YjrVUQfcp2HrjZKv7y5H5%2BUYJG4CkTVGs5JJjbFWX7s72v5%2BRy16GCNfWmBzs7N%2FhmGtilenzUhIhUlWfWDq%2B656ACOIAbkuHcTQ5QICbEN4NlnERw3AA1Jbh7NK8j1LDIhq5W11mT%2FgPRy3rPbZclRTfIyD7WUG3%2FQo40EBGE5q6LnDPxq1xgAxxhR1DLAJ3TBinf64TZEfu8NdgrQ%3D%3D%7Ctkp%3ABk9SR67YxbaaZw
New Rock Vintage Cyber Steampunk Chunky Platform Goth Black Boots Uk 5 Eu 38,104.70,Pre-owned ·,Sold 18 Jan 2026,https://www.ebay.co.uk/itm/376856571957?_skw=New+Rock+Goth+Boots&itmmeta=01KK9PHDG6QAMWM03Q7VPJQDW0&hash=item57be66f035:g:vjEAAeSwAX1pY88f&itmprp=enc%3AAQALAAAA8GfYFPkwiKCW4ZNSs2u11xBH3cWOPgxeeYOdTYjhfgMX5ZTyFV7EyipzF5r4Wp05Jw27wSsjww4f03E5%2FVv0YGJ3isHcYhIs%2BhPMMGtap%2B8ol0op23eMCm5PQN6hWYZm3bZF2Ugftpf6tc25StLXPus%2B1WNXuLcdQY7fSyblFV0LkxNimwhylIoQ%2BeVEzlsMDb9f%2FP0lDDcoKu8ceH5CCKytJssXx6moFo7VWMnabq3WmADDyjeqZFNBnFZnqL%2Bpq5A0haBqvmISWvPdyT9HiHsxOji5uBnI9RHkDgvF3tn7JFxWsTTFNXF1lswOAZsj8A%3D%3D%7Ctkp%3ABk9SR67YxbaaZw
"Womens New Rock Reactor Boots, Purple, Size 6 EU 39 Goth, Punk, Alternative",187.90,Pre-owned ·,Sold 18 Jan 2026,https://www.ebay.co.uk/itm/406589887354?_skw=New+Rock+Goth+Boots&itmmeta=01KK9PHDG6HGWQ89QPVTPEYYAV&hash=item5eaaa5537a:g:FPYAAeSwm21pZ-6s&itmprp=enc%3AAQALAAAA8GfYFPkwiKCW4ZNSs2u11xCoRcaLzB%2BAnF2a7423uftDJW1wtwRLL9EDOCfHt3JUc%2FFtgNggJBYfthsUX62did88Uxhavc%2FDuj1N27jmfqmhWyaAfMrVOVJwJAGwvO6yOEJqTLVHhQOkWUbqee2fsItrvWux%2Fk%2BHqn3N6v657I4y54TCSep7pQGOsdBMIzc%2F3LWTo2%2BGYpl3fX9%2FtlN3%2BFvcGlGeObFfhTQptbH5NvrWzorHvVw9hBBgjJfWBFr0jZtygex%2BbqoouPY4rj9nuLAHp6o%2Fj7%2B%2F64uA5CvVfGSOY%2BhXoCU7epr1REyBsaVrZg%3D%3D%7Ctkp%3ABk9SR67YxbaaZw
Vintage New Rock Reactor-Size 10 Uk-Mid- Skull Buckles-Rare Style- Goth/Rock VGC,189.99,Pre-owned ·,Sold 18 Jan 2026,https://www.ebay.co.uk/itm/358108752898?_skw=New+Rock+Goth+Boots&itmmeta=01KK9PHDG6EEGTN32R9TNVZXZA&hash=item5360f1ec02:g:D-8AAeSwRvppZTTf&itmprp=enc%3AAQALAAAA8GfYFPkwiKCW4ZNSs2u11xD7SEpIJ3Uha8S%2BCsn3vN19Iow8hq6Dlfsa9fyv57DjaqANYDlM3gTwkSD5rBJcbQevzl9dj5OqL8McLD0KNAkUHzY9MwS3PKD1JucmHWkwjowV9wCGW6oCEhyxaSfk%2BIuPXUpTi28irKBG%2FgUU8KXi8sYyH7eAnsBREOl0rLvum3L%2Fi0O1H43uNLsRzGDPdgkQBAHu7qxmLiNKx3d%2FDdlwn1TTHnIb%2Bus2r61AjtAzl6wbX5qaIuubJj%2FnivqGZRJHS7XJ3C%2FC%2BR8ljpzNniUiNsf5Ggy0D69MaoiTxXlsog%3D%3D%7Ctkp%3ABk9SR67YxbaaZw
New Rock Distressed Grey Gothic Boots EU43 Uk9,90.00,Pre-owned ·,Sold 18 Jan 2026,https://www.ebay.co.uk/itm/358121187891?_skw=New+Rock+Goth+Boots&itmmeta=01KK9PHDG6HPS14H14NPT1WFJX&hash=item5361afaa33:g:7vMAAeSwLLVpaZea&itmprp=enc%3AAQALAAAA0GfYFPkwiKCW4ZNSs2u11xAda71wgkLniwgG6OiMolxBIB9yXvROKOgzMPBuH12%2F4U%2B4DP%2BW5hVJAZZdE1b2o0WyhTERgIQW2L7J8FJMZfPiK6rzivMj2bBXuhSIEe3hD49dTBD1g%2Fin6ahhHcTlFJz%2BmFU8rxCK%2FDRk3oS3rZHAoGlpFHMDIYZybebomCk%2FUG61sb2MTpyNyxvT8%2FPm0mDh3aiW7FkWocT34BYgLs3UDzN9l4%2FcjBtuQ3Jczrp84Esocx3Badj3F%2FbwfPEg084%3D%7Ctkp%3ABk9SR67YxbaaZw
NEW ROCK ORIGINAL Leather Boots with Buckles EU 42 Goth Festival,104.69,Pre-owned ·,Sold 17 Jan 2026,https://www.ebay.co.uk/itm/116681336127?_skw=New+Rock+Goth+Boots&itmmeta=01KK9PHDG6W0WR87W6REMQDA21&hash=item1b2abfe53f:g:2~0AAeSwd8VoanfW&itmprp=enc%3AAQALAAAA8GfYFPkwiKCW4ZNSs2u11xAdRXKzQvrUBc08IGN0XLtOOFdhci5P0puUwlanOJhoTp0Q%2BUghoOnYRU1QQTkLrPsU2rfH41vW0aT88%2FhvYFFFGkCKqxQg7H2MSsBfn4KgLJ3ccn2WzHTyWZ6psK%2BKO1g4ZJfUx%2BoX0PO3FtktzWJReOAD%2FoHwDlqe9JhTXJ8MroaoKX0BAVtbG%2BjJj4JbQOa9m0aPOc7ohmVrvqVkb6FpiYWZiwAbs4P0gCTgG%2F2%2BOyaRhdTawju8vVRZ8La2%2FhHDYMkQTnZy8nJeADz6Wzp0h6Pe8T7ieuxPY16D1XRcBQ%3D%3D%7Ctkp%3ABk9SR67YxbaaZw
Men's Brown Leather Two-tone Goth Boots Winklepickers Cuban Rock Biker Punk,134.99,Brand new ·,Sold 17 Jan 2026,https://www.ebay.co.uk/itm/313024027135?_skw=New+Rock+Goth+Boots&itmmeta=01KK9PHDG6VKRC0JS3SNDXB40R&hash=item48e1af99ff:g:Ww8AAOSwF7xeZ7u1&itmprp=enc%3AAQALAAAA8GfYFPkwiKCW4ZNSs2u11xAJ%2FG2CRA5fxNPnNt2TS4vNy4q2fXQJqNliWHjQJUVrAoYwzwMXOLH0cmZlTZJDd3D2w5UFm4uO6jguX6BAtkZIEi4l6E8LJHLDRZuULPiDeA9Nr1R0ts5Fr%2BMASX4jNepnqG%2FM1tyf9ZEMpDfr4pttMZSANJSJ6Jkh9X8Xii221x7i1OPaCPAmg0Hqt1uBqn3chqkzV8XOu%2FTKZn9hmc55wXD%2B7VbEQ8dGC294winMUM2%2BacC39WO98tBEd5Wk8Q81di3Q9si%2B8MZ3KlKOsb3hY5MC%2F8yx3j%2BUk95Nw9phmQ%3D%3D%7Ctkp%3ABk9SR67YxbaaZw
Dr. Marten 8053 Quad Platform Boots. Dark Taupe Orleans. Size UK 7/EU 41,98.67,Brand new ·,Sold 17 Jan 2026,https://www.ebay.co.uk/itm/277475395187?_skw=New+Rock+Goth+Boots&itmmeta=01KK9PHDG629YFSFJ4MPDCYTN2&hash=item409ad28673:g:GGsAAeSwd29pA81n&itmprp=enc%3AAQALAAAA0GfYFPkwiKCW4ZNSs2u11xB9NPKCXTxtEF73fw2Cv41unhvb4mfpl8O3bg1s0PzMavjAhb6JdvqVwxZ3PlICNwGwEVFDLozTTZDpUlRyaRsruiLc84nEnNjtT3JsPcT3LSozclgHJok9QwlOd5bdJYE%2FXjbEPNlsjLkNlwcBuwMzG%2F3aOhCa5ipjNlBgk9Zb4ZE2eCsjgnKdA9ErBNefIFBOJNcVeixYp%2BKQmbupmhUXSMUvoD%2FrWAH8C9%2BSQ6ZGd2Jg8TtF72K%2BM9P483OdaJk%3D%7Ctkp%3ABk9SR67YxbaaZw
New Rock Metallic Leather Black Gothic Boots EU43 Uk9,100.00,Pre-owned ·,Sold 17 Jan 2026,https://www.ebay.co.uk/itm/358119703136?_skw=New+Rock+Goth+Boots&itmmeta=01KK9PHDG7DGGSXDX9YGNXDZMV&hash=item5361990260:g:4UUAAeSwHCdpaQby&itmprp=enc%3AAQALAAAA8GfYFPkwiKCW4ZNSs2u11xBXztfAvdEmjH%2BdH%2BvffEU5HOwJWuutrrWUsoChPzAgzZquI50i49QEL6Rw3kIAhbC5PhWh4iq8xjtQ1IxY7UzpiQmB7qK1TeNSlgzk5csk7HUsUu7DDKMAz6lj1FYtKP5K5ulU00ett9t4HmDklFufDQHjVf97ZFppQ50WRb9ZR0wt%2Bqa64endqV06Pb7mcg0%2F3PyfnFHuDPfAj%2FOgwS9d%2FHTGdiRAehrXVYaGQD3PMmKAuY7dtwGMFvJGMXhUx1IsfZlf6ZWMtxYt2fCOnbOIjGp1vCyVS0kaPX8WC3ZOWA%3D%3D%7Ctkp%3ABk9SR67YxbaaZw
"New Rock Malicia Black Leather, Gothic, Steam Punk, High Heel Boots. Size 38",156.70,Pre-owned ·,Sold 17 Jan 2026,https://www.ebay.co.uk/itm/187839476516?_skw=New+Rock+Goth+Boots&itmmeta=01KK9PHDG782SZKFD9RJW5KYY9&hash=item2bbc1af324:g:K5IAAeSwBWlpPasj&itmprp=enc%3AAQALAAAA0GfYFPkwiKCW4ZNSs2u11xA8j0zYimQfR%2BErQKlVNmaDR50Qq6460d9lqVA%2BlcMUAeyrwgUXydVmA7AbYWtVPyx8uAizf2rb9tQkRy8FKWPzw3EGeu%2Fac797mZyGggmqYeshBYf8cXdb1FQyq3g1%2B08me3Ren0drIk5ZtiIbp0TmWC7bKEj1Yk3Mx3d2ouKdkovWNdfVbjwE6EA61osxFo3IVYuOCa%2FrYlPM79n5lDqVtMe8Bibyk5IkonqztyB84WLGpQlFrwNTtAoIKATcHc4%3D%7Ctkp%3ABk9SR67YxbaaZw
New Rock Neptuno Patent & Matte Leather Spring Platform Boots UK 4,198.99,Pre-owned ·,Sold 17 Jan 2026,https://www.ebay.co.uk/itm/376821755503?_skw=New+Rock+Goth+Boots&itmmeta=01KK9PHDG7KZ4A4A6G7N6PH0X8&hash=item57bc53ae6f:g:JLwAAeSwsk5pEMj0&itmprp=enc%3AAQALAAAA8GfYFPkwiKCW4ZNSs2u11xCrRlnGi3CEwdi3p2Nk9686%2BWv7tAMZ4TQTlWIlLyc4zqE7RBNQsA2nm6zZjNdeS5ssTGmB0vbUIy%2FVvKDJPs5YIIBgtijB%2FmgdUuqV3IXh02u6QpLXFZgQu%2FzmKYRXukGHeNgA67ERh6IxPqzdU8JB21uVB5t8Do%2B3XQmxnVtpY7RQKkg5e6ti5GuApBlNeFRqEVShGn1BzcWyUifbGdPAxhzNdt0GzWk%2BLWpslZoT8KIE%2BiPGslVuPGyaOIPyQwzbP1KDvG40X7pZ1V3dku6szT0OpRPHW77bleX7mKZTLQ%3D%3D%7Ctkp%3ABk9SR67YxbaaZw
New Rock M-TR005-S1 High-Heeled Ladies Black Lace-up Knee High Boots,179.99,Brand new ·,Sold 17 Jan 2026,https://www.ebay.co.uk/itm/316528712345?_skw=New+Rock+Goth+Boots&itmmeta=01KK9PHDG7BYYVX6ZXA13TPEM7&hash=item49b294da99:g:vrsAAeSwzQBn3Wub&itmprp=enc%3AAQALAAAA8GfYFPkwiKCW4ZNSs2u11xB0C1Mt%2BZ2ERJtTRGQyVy%2BnYAwWkpnKd1TNfXjk1C4PKqvrLzVyayfyT6teK8KfRLObllK2NUUa%2BySnh7YJc%2Bh1jrdXLsOMQyqOmCSz9VrfY9NUAhBBSUbXO2ledEPFpzMN4K8mh%2F9E8B0lC1YxoYuuacspkOfF4RzUU%2BniuewrGbFf10XP8Ue%2B%2FG3MYH4bxyRCnhUi%2FJpX9v9wxmulvIgJtHQPdmuPpxpIkJQKsYoV8jR4Q3RBk1CZcc6usmIUtlFqLudVEO2Mj3l0TVaUeynHGuxS9DFSlhaSr32pURLRqA%3D%3D%7Ctkp%3ABk9SR7DYxbaaZw
New Rock Spring Platform Black Gothic Boots EU43 Uk9,60.00,Pre-owned ·,Sold 16 Jan 2026,https://www.ebay.co.uk/itm/358121203563?_skw=New+Rock+Goth+Boots&itmmeta=01KK9PHDG7S2AVX38R0KQY4J20&hash=item5361afe76b:g:0LUAAeSwHKppaZjJ&itmprp=enc%3AAQALAAAA8GfYFPkwiKCW4ZNSs2u11xAHFhwfFfuKXWUlKhPx9qfzYejUUpVCqP%2B%2FEVpflqOsjGSkTVUuF2Q1IUnvHXlB2MDn9fx49EloK28qi905D%2BPjXnQnGkTuWUndmxdBorqYI9Hz27AmraJv3%2FjSYSWnnrw%2FsnezFi0GYkE0JEftpB7eOfrBLnDWayjrWuLlCXx5rBg79UqYe8txNiFj5SHwAk0DbD7pCGT896WG9Y%2B06yl9KGYQKy0BZ7yTQHJDmgN7tyiblnuhCky8eTfFRtyQLj%2BWMATvMqyeF0T3Ct0ec265TO0ATfLg0azDMifY3ccUiA%3D%3D%7Ctkp%3ABk9SR7DYxbaaZw
Red Or Dead Leather Ankle Boots Womens UK 5 EU 38 Dark Navy Blue Block Heel NEW,59.95,New (other) ·,Sold 16 Jan 2026,https://www.ebay.co.uk/itm/167998891854?_skw=New+Rock+Goth+Boots&itmmeta=01KK9PHDG7F7VGDGHJBFFVB0FC&hash=item271d83a74e:g:epcAAeSw~JppPEfk&itmprp=enc%3AAQALAAAA8GfYFPkwiKCW4ZNSs2u11xCIr3xVxMQsUdZC9jAdGBVRtvYNm7L1lqovqZA9Edlu65Z48jgCdFRQT--HnNGJPmp8sl2--6hOWMsv5ijTH5hKaMwWvhXqRTKASSaiCWsyQ7BpnIQKov25yugJVpjIjqHS7GmSKb8Ot%2F0pYbiKLm1Yrbn1LdbzjH3g3BRjVbTwwkgQriAjhTPZ7hfOQZG3FTju9PIO1SaW2HDKDZfU30humu5Xyl7ogJYZm00OxbXKntHqDaskzp46supGXz8e5qh2el2YvexbiKmYM50tLto2dhy%2FhAVeJPOiPSuZrp%2FjaQ%3D%3D%7Ctkp%3ABk9SR7DYxbaaZw
New Rock Boots BIOS107-V1 Black VEGAN Leather Unisex Platform Sandal Biker Goth,161.99,Brand new ·,Sold 15 Jan 2026,https://www.ebay.co.uk/itm/234024394264?_skw=New+Rock+Goth+Boots&itmmeta=01KK9PHDG71SG0QB232PT0V12E&hash=item367cf0de18:g:EVcAAOSwwVpgrSQT&itmprp=enc%3AAQALAAAA0GfYFPkwiKCW4ZNSs2u11xC%2FnVxxFm1ToB0TWqX6ryjsBLUrLfgoDQJmlQnSC%2B5qEtzJLdY1%2Bzw9kXLDWOXkx3fUYlTgbtX%2B6avgegM7Sw%2FrEYpIi4z44OvKK1QT0AJ7nahMNYAKCoLc6a27ffSIUvNjiJthlE6cmwAB%2BgV2tiyNCWcXT7HeBFDVsWluM7HYPiXCs%2FPI%2FSeSD3XJtt%2F55fdCNiE8KUXqmETBonRcFdMzeKviAPWjtONatwRecjlnMp%2Bf3UjQszqVC%2BKZF4CTHrk%3D%7Ctkp%3ABk9SR7DYxbaaZw
"NEW Ladies ""Goth & Rock"" black chunky platform ankle boots size 40/UK 7- CG T21",9.70,Pre-owned ·,Sold 15 Jan 2026,https://www.ebay.co.uk/itm/397476783752?_skw=New+Rock+Goth+Boots&itmmeta=01KK9PHDG7C8BE8XGG4KQKTNJH&hash=item5c8b766688:g:KTEAAeSwM7RpYBGG&itmprp=enc%3AAQALAAAA0GfYFPkwiKCW4ZNSs2u11xBrczRGG8ISN6csT2ZNbbpK3X0%2F%2BbovKO%2B5xtO4zTG1ZPP4ukQwOMTUxXEsqBDrWjVcrVKbKinw6AaNbqGAqMgSv0e%2FLMg8%2BrSCMIXvntDl2xYdppDGIzLzZKLqmZo75fn0Z1v62aqmfJ9p0kqank4769sMjBZYFIh7EYFrtrSn9lGZXqymDNNSaLAj2wMiLTPWGaOBsyIybLASn4VfwNIQywrSWbeAfqORiUC3TTVYIT8CpekU322wS8ZYaeRrBPw%3D%7Ctkp%3ABk9SR7DYxbaaZw
New Rock M.237 Knee High Black Leather Chunky Heel Goth Punk Boots Uk 5 Eu 38,169.99,Pre-owned ·,Sold 15 Jan 2026,https://www.ebay.co.uk/itm/306645686293?_skw=New+Rock+Goth+Boots&itmmeta=01KK9PHDG7ZWQASG93AE6H93EH&hash=item476581d815:g:2kIAAeSwSldpM-tg&itmprp=enc%3AAQALAAAA0GfYFPkwiKCW4ZNSs2u11xB7otkeMHB4Ywvr9Fbbw7%2FyUw2T0VIqOG%2FjdUXh3VPjHcWf48VOSeWR8vQ2%2FRtKaJ1O7y6Nv8fge%2BbYWwtnUf9J5QdFztKdOor3uOpt64eeymrQBUs1quXdlVs8ajTmGWpOuRxWSz4rrHskRR80QBn6Q2fazkTAUI6OvYXKW4tsamiejDMT3h6XfMabGGy8rfDxXvIew2FBofAvZWNsQdlCQse8E5nZDgfEgE%2B7WpsP%2BZ1oIRLxvNUaPFiZ9k9c88U%3D%7Ctkp%3ABk9SR7DYxbaaZw
"New Rock Vtg Mid Calf Heavy Boots Goth Punk Rock Cyberpunk, Steampunk Size 4",31.90,Pre-owned ·,Sold 15 Jan 2026,https://www.ebay.co.uk/itm/306712629276?_skw=New+Rock+Goth+Boots&itmmeta=01KK9PHDG7PPPNQNQVRYCG6BG5&hash=item47697f501c:g:MKcAAeSwAKRpaRqi&itmprp=enc%3AAQALAAAA0GfYFPkwiKCW4ZNSs2u11xBKpaEHMLZsaMM6ZgEy4PWVS%2Bi6ihhqFPj7bmLBBc3c%2FMz8yUJQ%2BQ7rKLAXEpT9ermBGjTVuHWAoa9XwXpyVMN3o%2FocG6INwoe4YJ7rv5dy%2BU%2BgJXfI8LRk%2F4wT9JR0lqdrwL6axvKNtxAIBQgJQapfbJgVhAbJL592fb7rwFLxX68pm%2FGPB2%2Bkz7HfUx5v3B4Yg4NTELxVnGWU9lUm93yH%2BBzcVAs418vvHhsWEEF2126pFfBqGWxrrgwUht%2FY6ZE%3D%7Ctkp%3ABk9SR7DYxbaaZw
NEW ROCK REACTOR BLACK/GREY ANKLE BOOTS ANATOMICAL SOLE SIZE 8UK 42EU EMO,106.83,Pre-owned ·,Sold 15 Jan 2026,https://www.ebay.co.uk/itm/326887610938?_skw=New+Rock+Goth+Boots&itmmeta=01KK9PHDG7DNM3N70NPW0FZWMH&hash=item4c1c051a3a:g:yHYAAOSwa2xnU5dJ&itmprp=enc%3AAQALAAAA8GfYFPkwiKCW4ZNSs2u11xAb036jt5Hfhms3pC2X84aEhcdC8p1zMmGauk6mrHKgJs9lM516vvBRXKBxPtXEQ15iDmazCoxe50DTcMM4FlnQp%2BcRhyYcxdVlRe5ejEuzt9%2Fw%2BipGgUKWr1SRp6SzbQ1IPhHNjBFiwFWPY1Ls3QG6LQTIlt6Ew32dZJZU30WJJ2%2BaGKl4PPzRk%2F6UCjeJsTN8KeCH%2Bw70RH34dis6k2pgpSS%2BEqvFGgssA%2BqbrylCfSp9jEveyidwdjluLn6xACwQp1iIdHmP6ovjOTZQuLSOfy2JYgJLy1VWP1T0Gmit7w%3D%3D%7Ctkp%3ABk9SR7DYxbaaZw
New Rock Gothic Boots Size 8 Uk (42),125.50,Pre-owned ·,Sold 15 Jan 2026,https://www.ebay.co.uk/itm/287071596556?_skw=New+Rock+Goth+Boots&itmmeta=01KK9PHDG7A1JYZ6SH2HG6KNZM&hash=item42d6ccf00c:g:jTEAAeSw0RxpZfbs&itmprp=enc%3AAQALAAAA0GfYFPkwiKCW4ZNSs2u11xDtb44318GVR%2FVY0FPxacdP7VWptSwTl9On9kSmnqqDsya52Ua3tziWbJy4ZkqnBM5BoB%2FEO3JpwgMbe6S0n6hTmZjK%2BG%2FGzKawiDsNN20uBAQc78nSQeCZjQyaWW3n1Yt%2Fjj9U21xfXRxtHOaV81d6rMXJOi0%2BBAPirZohuaWLpbURe03Vd68dxFKiCN%2Fvh2nZ1M7%2BPnh6LDaf7tT2L9IkhNuJi1eHMeUqyvS3Eg0FEPbI1hYcB6NTBAwpyY0FUmc%3D%7Ctkp%3ABk9SR7DYxbaaZw
New Rock Boots WALL106-S10 Unisex Metallic Black Leather Platform Gothic Boots,220.49,Brand new,Sold 15 Jan 2026,https://www.ebay.co.uk/itm/314551956516?_skw=New+Rock+Goth+Boots&itmmeta=01KK9PHDG7MK44CDETSTVWC8NH&hash=item493cc1f424:g:EDkAAOSwcoBkR7rr&itmprp=enc%3AAQALAAAA8GfYFPkwiKCW4ZNSs2u11xCSPIi7qD7TU37dOd5g7BHNzaSZC4Gun3avHbeEfRrQ7%2Ft4Lu7VZ4XZSi1CG9tmm6HwbdNTpfpH%2BJOz4z5mV2P6bLxyLeM6lnGsiYt4jPU3cMJxQio9mhazXpIktxv0XRTAPXopbaig7%2B14V63m6jJ7Clzf68Sk43t0uBBCohA3N1dwaPH7BYA7Z4WG425g7oGCDSA5zVKdHnFRWHBK%2BU238NzTTpa7F0oeJEeQHZ5UL9CY201EhaTCfkoov6HNEIj6duaTrAnJfA%2FbjeS3tRu8Ha%2B4cYKjD4CWz7KHa%2Bb7Ig%3D%3D%7Ctkp%3ABk9SR7DYxbaaZw
NEW ROCK M-7921-S3 SILVER FLAME BOOTS Black Leather Heavy Biker Western Cowboy,220.49,Brand new ·,Sold 17 Dec 2025,https://www.ebay.co.uk/itm/254539787577?_skw=New+Rock+Goth+Boots&itmmeta=01KK9PHDG7B3QPP4Y8Z1MNN7HB&hash=item3b43c0ed39:g:Ax0AAOSwi-Bea9Uv&itmprp=enc%3AAQALAAAA0GfYFPkwiKCW4ZNSs2u11xAu0NKJVPP452942iD%2BVlm5pgZv8q5nzRWC%2BatwDn5tYyVT1rGtftOzKoFmATg%2B4a6woT5p3NuRlDWIf84yLrunILlw6102D4IsYo6MRkcEPkCoBm2JCYqpT7tlgIOgGP0VN6cwsadbATlyE92r69%2BGBxThXX%2B2blFM%2FHpf0f0MEnVNsTEmdYuFAkIv1CiDdGfGqY9vMSO3noLKdf16TPt4ww93HkurgGSVrhl0VV2DUsdMAKfQx0YqSpH2dlr2LjM%3D%7Ctkp%3ABk9SR7DYxbaaZw
"NEW ROCK, Sexy, Sassy, PUNK Rock, Steampunk Goth Dance S41",74.00,New (other) ·,Sold 13 Jan 2026,https://www.ebay.co.uk/itm/277625535406?_skw=New+Rock+Goth+Boots&itmmeta=01KK9PHDG7G1STPJ458PE2BDVM&hash=item40a3c57bae:g:eBUAAeSweiBpRfZk&itmprp=enc%3AAQALAAAA8GfYFPkwiKCW4ZNSs2u11xA3OUYTRZSUDs%2FlRIalvngpWiMUvdG70isNIiRRCsXVMt31j4QPnH0mqT8Zwgbn6G6kPyASKzkCFFP6RAu6rZgDe6bTO3ghdSTnui0%2FYDvtALu41PU0ndmnEyTxaHQQ1Q4yZRtNfdiDVh1N4lQEGqS3qRoCyaaPa81PYocTFbuut7SxIW4SG%2B77d%2FxvLp62u52UNmkDFWRWUThyIwEOU7ej4Iyre2ID8dTbRK9qs97SWdnd5dZrUk4M6F5icX1b2xEcvi0Ed2%2FHQ1biS1tCVpW41Lcx2el3tg2BMnCiKU%2BtJQ%3D%3D%7Ctkp%3ABk9SR7DYxbaaZw
New Rock Reactor Black Chunky Platform Black Leather Boots Uk 7 EU 40,97.08,Pre-owned ·,Sold 13 Jan 2026,https://www.ebay.co.uk/itm/358090136348?_skw=New+Rock+Goth+Boots&itmmeta=01KK9PHDG7ECHZ4SEWRAPKR9H5&hash=item535fd5db1c:g:Gj8AAeSw7-ZpSseb&itmprp=enc%3AAQALAAAA0GfYFPkwiKCW4ZNSs2u11xDi729dYDClcGTCtnPOOEduDooNDpte3E7kG4znfVzDC%2BjfMUlC8qK6WN0QHxsF8YDt%2B82RwCwoucnWUcPadJaqV%2FJVLEZEpXlSbgee6J%2BS0z3W0hDfx4OdRlhQyvQADCrGQWX%2FKc%2Bpfwa2nayOg98PT%2FxT5Gcr5nCie8d3eOOqyeA2aTn941fnNYEgjbFCbXGzXa8QfYccTYnfaKH%2BQVnHoWbc7mI68DegjqFaSzZM1ptyzTfh%2FrMOtP%2BcwAwmneo%3D%7Ctkp%3ABk9SR7DYxbaaZw
New Rock 272-S1 Black Boots Metallic Goth Knee High Zip Leather Buckle Boots,224.99,Brand new ·,Sold 13 Jan 2026,https://www.ebay.co.uk/itm/264700861481?_skw=New+Rock+Goth+Boots&itmmeta=01KK9PHDG70BGTXX87Z4AM5370&hash=item3da1669c29:g:2PMAAOSwu3xiIQfA&itmprp=enc%3AAQALAAAA8GfYFPkwiKCW4ZNSs2u11xCa5KVBPjQ%2F27SG6pZT5SYojG6lC68lff7uOsv9%2F613UgQjXlmH9Ol8X5zmr0yL7ZpNzkIOXuxY8grk%2F89Kz%2BeDyBBelyhzHttvrYlDvU07NVP6PuUqfC3aMAFxHmR4h3AoDrtp4EWj3FDrxy2eZd1MMzpl%2F6dhB7Br6XP%2BCh%2FMBdghW0YkM%2FUDgA6KeHinJyg67ReIM8Afaamc4chn6Dvd0mvZGa8P6ZvGTPNKBcb%2FhkxOwv%2F1tUujTw7D%2BPXlTFRktUsNIYYSRwtN%2BKDAa1oUxTxrZ0KdvBtEPb%2FShohZxQ%3D%3D%7Ctkp%3ABk9SR7DYxbaaZw
New Rock Malicia Collection Black gothic vintage Flame Ladies heels Size39 UK6,47.50,New (other) ·,Sold 12 Jan 2026,https://www.ebay.co.uk/itm/127493534322?_skw=New+Rock+Goth+Boots&itmmeta=01KK9PHDG7EZ4YJVY9M8ZJRP22&hash=item1daf34f272:g:RQwAAeSw0eFpF1C6&itmprp=enc%3AAQALAAAA8GfYFPkwiKCW4ZNSs2u11xD3J%2BuMu%2FkJZJZugQn9rFJev2SE4H%2B7v4w6YzjY%2BsN%2FoDrIKiahSzAHHOpQq6YH2CTeYyH2Eja5TOapKpB%2Be0SPQvEuAsRuz8q1%2Bgts9jY6ooGB2zT0MYrJxxq1hxr%2BmYagWq4%2Fsc2vO3qz0BzU2k8B3WxlFZB%2BtLxdNg50L0WhywbOoi7UPJ020g0Kp605UCEIZ38Cds5ZCtZhJnXGUPrzvZsSBLt%2BMXequgUstn0IgVWEaknNBs%2B3alnjasM0GsVVPq8%2FnAagxY9pBnanSYhQN2Sd8rg%2BWATc%2B0F36fdjJw%3D%3D%7Ctkp%3ABk9SR7DYxbaaZw
NEW ROCK 107-C5 Unisex Black Blue Leather Skull Devil Gothic Punk Biker Boots,206.99,Brand new ·,Sold 12 Jan 2026,https://www.ebay.co.uk/itm/254906304999?_skw=New+Rock+Goth+Boots&itmmeta=01KK9PHDG78J1DP5R5MJCF71XK&hash=item3b599989e7:g:LvMAAOSwMq9gWflu&itmprp=enc%3AAQALAAAA0GfYFPkwiKCW4ZNSs2u11xAmFZabD%2FnnwDYs6evG1XQFLIlEzcRXjPcMiowkfEzJVoMtTHIYtDzW9h2biHU%2BmdjsTiaq7X6S12ktPeq0E0jLEQ%2B4cOQ57ClBVnSs%2BWyOTAR79mVXf9lahu5PscjOP2pSUOjy%2FAbG39jTE5cLYEHC8AA0hvMs0ATK5bySptdqkuYhAK76VgA5dbZG1FoSirna%2BE7awKIFrRbAlyJkCtDAQsPOl8UV4l7mvOSB2I8M0AOIaSoV335ux5gMneMagy4%3D%7Ctkp%3ABk9SR7DYxbaaZw
Velvet Boots 8 Black Metal Silver Heel Ankle Rock Biker Gothic Goth Punk BN,13.58,New (other) ·,Sold 12 Jan 2026,https://www.ebay.co.uk/itm/366117269015?_skw=New+Rock+Goth+Boots&itmmeta=01KK9PHDG7CKDZEFKK1RE36081&hash=item553e4a2e17:g:qQsAAeSw~pFntidz&itmprp=enc%3AAQALAAAA8GfYFPkwiKCW4ZNSs2u11xBBF0CiuNJ%2FsGgZ13sBADyxFVCwhTezpZpa2mPoEpQJ55DPRlS5nIg8XOxsWIhr6pAvNT4uecB3ox78D3n2TrDAJiFe0e5unqpg9m7UxiUaKqdYeog5BZLpTxnFZVCR7ytC4cGpSnJyjmbA0q1asG90nQvusy8Paf3cfoTYRwYlAZpgMCpTXTx0OKnkMV1YPmuv%2F7BbGg%2FdC%2FAseCL2NEf%2BmmAkW9Tg%2BRBv%2F%2B2e4Dp1vdNNwGtHkk8OrmYwuaRXh%2FHURYHtzT8CwUwTwrXhLDz9sYjKphdMJiWE%2B0R%2BBIzpyQ%3D%3D%7Ctkp%3ABk9SR7LYxbaaZw
