title,model,price,shipping,date_sold,days_ago,condition,url
Shop on eBay,,$20.00,,,,Brand New,https://ebay.com/itm/123456?itmmeta=012DEW30YG0MEEKND7NH&hash=item123546:g:acwAA9KNiJowH:sc:ShippingMethodStandard!95008!US!-1&itmprp=enc%3AbgepL1tlUHjMGCVfSTGJh%2BzsVKeJ3CQk7NizDI4BZeppuFnmyS6Ijyp8lh%2FnEw%2BWqO7uTV1Q6izE1R0T54aV8j71F4xlWfVcGft4%2FiOQhtqVXA1rW6M1atPARQRmhqUxtEPJKhKtSFgI%2Bvwlzb0GwVCtkp%3ABlBMUObkmabpYw
Shop on eBay,,$20.00,,,,Brand New,https://ebay.com/itm/123456?itmmeta=012DEW30YG0MEEKND7NH&hash=item123546:g:acwAA9KNiJowH:sc:ShippingMethodStandard!95008!US!-1&itmprp=enc%3AbgepL1tlUHjMGCVfSTGJh%2BzsVKeJ3CQk7NizDI4BZeppuFnmyS6Ijyp8lh%2FnEw%2BWqO7uTV1Q6izE1R0T54aV8j71F4xlWfVcGft4%2FiOQhtqVXA1rW6M1atPARQRmhqUxtEPJKhKtSFgI%2Bvwlzb0GwVCtkp%3ABlBMUObkmabpYw
Supreme The North Face Mountain Tee White Size XL,,£21.50,+£3.71 delivery,5 Mar 2026,0,Pre-owned ·,https://www.ebay.co.uk/itm/327019912844?_skw=supreme+t+shirt&itmmeta=01KJZHS4JB6J4SJ783SWTJPGVQ&hash=item4c23e7de8c:g:I4oAAeSwx-5pk1Gu&itmprp=enc%3AAQALAAAA8GfYFPkwiKCW4ZNSs2u11xCOKdjB9%2BNkyH6u%2F8i5sqo%2FznThv3MO5inz7V2tqnB3qPcMR2fbuc7gma0HeIgSwvYpN2vUx5u1uyCk%2FY%2B7bt3C5RHnMUWg43CBW%2FKodGwcFgDpcjCEso8hDficRd2a0BG3V83yj5WHC92yUjM0VLrGFhlZkY00nAFnl8L8eaOgdwwMvpR2ghMeiWeJttZ3YmMV1xUXKRlBuOnyVFs3eGy4TzTPKTxZY6Zw4wbBFbMVzAxjV2g9B9ytWaASk4iiaK9FH%2FeAjknuTV4d9dkVJCDmxj6IFwTZ3sICw2X2gqEBvA%3D%3D%7Ctkp%3ABk9SR7DJ5PGXZw
Supreme UNDERCOVER/Public Enemy White House Tee White SIZE XL,,£31.90,+£3.71 delivery,5 Mar 2026,0,Pre-owned ·,https://www.ebay.co.uk/itm/327019895970?_skw=supreme+t+shirt&itmmeta=01KJZHS4JBYMD3S8XG09FW69D3&hash=item4c23e79ca2:g:~gsAAeSw8s5pk06Y&itmprp=enc%3AAQALAAAA8GfYFPkwiKCW4ZNSs2u11xAHlVJlnLIWATjJ5oQ4PUx13MwdtKvAxIOf%2Bsx14p9T4lNvzDUNuX1gWC7i8XDtmEZQB8gFiGPBSX2HxGy5qvgBOYXWD%2FfqFRtvpI%2FtqF4qFM5HnPztwpogkSw56hGMoi%2BaX0wN%2BFEgxttl6MN9qab%2BY9Lw%2FY5Ip7HYZ8TFkZHZlgQ2jHsa1%2B8bOIrnbwDOopi%2BstFW0jpw%2BidnSbHSxlKuyuFgfNb021W3IIrhLus22OOok87olUVdzPpekE6aKrcHifLgvHR2V%2FmW5u%2FZLvjhyeoowRgQ6xa2ReemRtRvMA%3D%3D%7Ctkp%3ABk9SR7DJ5PGXZw
Supreme T Shirt Off White Size M,,£6.51,+£2.70 delivery,5 Mar 2026,0,Pre-owned ·,https://www.ebay.co.uk/itm/147173941164?_skw=supreme+t+shirt&itmmeta=01KJZHS4JC4BFHEVEV69XVPFP8&hash=item2244401fac:g:I2QAAeSwEjFpjfDa&itmprp=enc%3AAQALAAAA0GfYFPkwiKCW4ZNSs2u11xAvQfHRBz1l7Jwv%2B%2B1HiKUb9oZ9RXIttFTTaSYFO8Qeu4clxa5uNEhe4iovJhcRnQT9%2BbACCL%2B4KuPlH0c59KkWVtR2gOoMMk4MZDZUyrvRrWtmgTWirUCsm3e1ogMURBBjlMvx21E14JN%2FvDo3SUJAj2w1U43MoMFxAjUIlq5a%2BH6%2F6mIpdHEjJNJV0bIZg17j2lEnKg4m%2FnMq0QRcw1awj73Qiq%2FEcQ9cMlc%2FSAMmZiTr1qNpXJYelD63TlijV9k%3D%7Ctkp%3ABk9SR7DJ5PGXZw
Supreme Men’s Daniel Johnstone T Shirt,,£33.98,+£2.94 delivery,5 Mar 2026,0,Pre-owned ·,https://www.ebay.co.uk/itm/397642133073?_skw=supreme+t+shirt&itmmeta=01KJZHS4JCAT3D6AH296F2QFKY&hash=item5c95516e51:g:ofQAAeSw2r5pnMyi&itmprp=enc%3AAQALAAAA8GfYFPkwiKCW4ZNSs2u11xBvutMbFqTAXAf4JpKOYITmxtM0gC4vUnfxLtd8hRLCfJaO0a%2BHekc7UQsbgzVZ1%2FRCG8kiajcQ25pHVUo%2FOs2o4YNMN4h47uDjsqQQcrefxUFC%2Fgt7YTZriRK5nQM69f0DoKaPzRmepBUpfWxMjl9L8wa7n857yHkbxrIOgblGMO8Ba5VlHx%2BODLrpIWQ8DdXoD2ECZlee7vtR6B9F4xU9E0yyBKub14P8EiYzpeQT3mWlONPzXpSeMtfmK1ZHMgjkyHkR7xhwAthBMQTPwHwJRkD25Iip2yjEsIoYsbqBIA%3D%3D%7Ctkp%3ABk9SR7DJ5PGXZw
Supreme Cross Box Logo T-Shirt Black (Size Small),,£47.50,+£3.85 delivery,5 Mar 2026,0,Pre-owned ·,https://www.ebay.co.uk/itm/397629856221?_skw=supreme+t+shirt&itmmeta=01KJZHS4JCMAN897ZKXC7JKS8D&hash=item5c949619dd:g:HXoAAeSwLbVpl7J-&itmprp=enc%3AAQALAAAA8GfYFPkwiKCW4ZNSs2u11xDw17FNJ4xQSvyhXallqVe8%2BZivRj2Hc%2BLILV%2BjrCg1dQ%2BBaEHprcKSPlPUWLcpKkNiIFgN5I%2BbywQU9JI93b%2FV9wnEwaZaBS%2BzQVpa2fHCIbyJP49wr0PP5SmE0lB1Dg%2BzBmtX11A%2BhmlCEUtEQyx9di2zqEGuEyQWXw4mZhcwh0oBq7TsF9VP3Rqt0hH9BqNw4hDz57loBGOX1zvsrvnJmoVDTXdmgy2%2BICrb7w1AAopxD5vWR48CquN%2Fp5I1Qa3rPQZQygDUirA%2Fk8Q5X0RKQ8nfBSG1Uhwn0V1UNMzLog%3D%3D%7Ctkp%3ABk9SR7DJ5PGXZw
NEW LISTING,,£135.90,+£3.42 delivery,5 Mar 2026,0,Brand new ·,https://www.ebay.co.uk/itm/287181279908?_skw=supreme+t+shirt&itmmeta=01KJZHS4JC90NZBVP8FBH9XWDQ&hash=item42dd5692a4:g:tAIAAeSwEG1pqXRs&itmprp=enc%3AAQALAAAA0GfYFPkwiKCW4ZNSs2u11xAOGrjGEYMQ4bLzY7AWKWaGy25jWv9U160%2Bx02eu8H7L2r1n%2FR9yUVRKdh2vjE54KW0gwZReCUY3WBTHhlmqaThJ2CmkuanIekDxSiE673mWun3kabaOWyKMM%2FBC4Slb7613shi1sBfpIAWnNScvfKYVg4d2E%2BI%2BB5ndb5HVJiMqBfF3ONwNSME2zmHu4vsK81T%2FsUyvDQMiRCvuqGIkeYdEssMgBZ%2Fdlr1sqPSEcLb34r2Kts4EVDcgzCRghzoRkc%3D%7Ctkp%3ABk9SR7DJ5PGXZw
NEW LISTING,,£69.34,+£2.94 delivery,5 Mar 2026,0,Brand new ·,https://www.ebay.co.uk/itm/406738947310?_skw=supreme+t+shirt&itmmeta=01KJZHS4JCSZWJ5RD3K1NYEVQD&hash=item5eb387ccee:g:YxMAAeSwomBpqVO4&itmprp=enc%3AAQALAAAA8GfYFPkwiKCW4ZNSs2u11xDgJLE2jR%2BgyO8m90THkODWkEvehB9L1Fdd85ld78rz%2FUY%2FlSlZ5tVqPDQnKfb7xTS6ZAV4haP91a%2BRLpAQz2GcquPylCut2xygxfDDBTB5xSpKQ4HRlPPq2bDcrEAAUyoEOt6jIOcXpcbwK3Hfk0NVBCYwFFoBNLIntWnA2HixbigmZwdp4IAl5d7TOFdz%2FeWVEfStu9goz3ZaaLeabxcrCMjlGuBe75HtsoSlqBKH3IOLtaifTvsxDRxHRiOsKxD5081dDSCAYTHHRwT5%2FBuRcG85BXXo4H7QroPvMy%2BeYQ%3D%3D%7Ctkp%3ABk9SR7DJ5PGXZw
Supreme x Jordan T Shirt Size Medium Men’s Excellent Condition Authentic Rare,,£83.89,+£2.94 delivery,5 Mar 2026,0,Pre-owned ·,https://www.ebay.co.uk/itm/397673695871?_skw=supreme+t+shirt&itmmeta=01KJZHS4JCVHHRQ8KXW58TM6AZ&hash=item5c97330a7f:g:yJwAAeSwPfRpp~8r&itmprp=enc%3AAQALAAAA8GfYFPkwiKCW4ZNSs2u11xDly%2Bu5plPa8qLJ8hDmPAhQjCYVa8Eoglf1RYH13G7Qt5cbC9S7BbXRGyR2gbP6qgNpWbvYszn5hz%2F0P8vP91hH85odvyMg6HNf0eqO8LfDdD9n7fapQNa3PHIE8BFOj82Zx8H%2FGn4OEG05L3XRF7N7XKNdip1RwVJKx%2BVjCbEfiWgBPFyQBM3I0WVQn87LPNyUviufEYmF8riy68qrRmjotlMWUZtMvgKC09xps%2BSVTZDptyJ4d8WNBit3fONCNbCq%2Bdwen01avR7GwwHPd5mE7x%2F0f4xe5MlW%2Bn1%2BSi4mAw%3D%3D%7Ctkp%3ABk9SR7DJ5PGXZw
SUPREME ARABIC BOX LOGO TEE T-SHIRT | LARGE | HEATHER GREY | I N HAND ✅,,£48.54,+£3.38 delivery,5 Mar 2026,0,New (other) ·,https://www.ebay.co.uk/itm/236665863586?_skw=supreme+t+shirt&itmmeta=01KJZHS4JCXACEPJ57FZD5G2QX&hash=item371a627da2:g:rkgAAeSw3ylppr~b&itmprp=enc%3AAQALAAAA0GfYFPkwiKCW4ZNSs2u11xDFnv%2FjNz4tPz0PNKxmQJonBNZKEfvtJZgFgsPjB7ZEwr8VmhP5Wdh4v17xfarwJjJsXTrMr2Y0xcLey%2Fz2uSIKlyXNyXJiBr%2FdLyJmsT71eeAGXJTli20rv6csoQiMj5h1RssKcJoxhTE1%2F3MAZ%2FR8PukZvcjF4QxPqDIg1v4HUIyMwcYB4%2BCDDMIAwpd9HUo%2FMsn8rwmCWmE04ZTP2S6b1PPCYuxR4u1OkHnbhpgpSghsIGjXOmXRVI7cuL37WqM%3D%7Ctkp%3ABk9SR7DJ5PGXZw
Supreme Arabic Box Logo Tee Navy Size XLARGE - XL - IN HAND ✅,,£59.99,+£2.94 delivery,5 Mar 2026,0,Brand new ·,https://www.ebay.co.uk/itm/397659832353?_skw=supreme+t+shirt&itmmeta=01KJZHS4JCDF1CC1GTFKV6ZVM7&hash=item5c965f8021:g:6voAAeSwMXRporvm&itmprp=enc%3AAQALAAAA0GfYFPkwiKCW4ZNSs2u11xBCnAgtCLPfT5JCCGEUTyb7gyzkCDDXt1jtqPSmrEmvYVzBd7jxxtCXCi9KK6G461%2FfSYlEYASE5KM8%2BAw77u%2Bl1AYd%2B38%2FbS0cZHCO8E3KxYiE%2BQ7dTWtJuuPAo4MAsviBbAVEJr%2FtWXhmLakewoSoFF5nkTtP98JSsCAXw6HE6obrnpWvU64%2Fr6Mw%2FUm8qx3kTmVJN907oXu--oE9CZPZiaPjwhq8aKybyBTckYx91QDBbO6Zaq7OTVJPlAMlkUg%3D%7Ctkp%3ABk9SR7DJ5PGXZw
Supreme Spider-Man Box Logo Tee - White - Medium (Brand New),,£50.00,+£2.94 delivery,5 Mar 2026,0,Brand new ·,https://www.ebay.co.uk/itm/157712630484?_skw=supreme+t+shirt&itmmeta=01KJZHS4JC5M4HDCJGM9K0GKYZ&hash=item24b867c2d4:g:~kgAAeSwpvlpoXT-&itmprp=enc%3AAQALAAAA8GfYFPkwiKCW4ZNSs2u11xCH%2FwTV723KWBpH%2FeKHIXlsTweOUU80ZkgbzQYGlP1nenN9tdyEXbQrCFhM7HydxjI0A10VlpuBl2swWMcGuVZyJt1zQS94dMIQ99GCfEeuww%2FEECvFXEmO9%2FaKCa3jk9SVxMmYOnCAZytn4XCIJHVQoLuhrCTnH%2BzFJTqrS0Z794WV%2Fs1vE4PQ%2BL4xLQxdoM%2FsIDz1HdmLCczj2mWmD%2Be8A4N841M0pktO%2BYFBUz8FfSfJ7K6SITU9JeAsUhL87v6JG5LOVywlcQeD8ok8Zyg7QMr7tRXipj98%2BrUnjKNbFA%3D%3D%7Ctkp%3ABk9SR7DJ5PGXZw
Supreme Spider-Man Tee Black Small SS26 IN HAND🔥 Free Shipping 🚚,,£81.81,Free delivery,5 Mar 2026,0,Brand new ·,https://www.ebay.co.uk/itm/227235242629?_skw=supreme+t+shirt&itmmeta=01KJZHS4JCQ7WD1P5KVJVJ0VV1&hash=item34e846a285:g:aCcAAeSwmf9ppZ1a&itmprp=enc%3AAQALAAAA8GfYFPkwiKCW4ZNSs2u11xDevRqS6O0tacv%2F3ODWVKB2ne2DUHYil9o6ODVeZjYA5QxdvojzBA4APpoAOznUfMf%2B4a%2BCzghgytRGykA7WZlsixsCauR5T%2BB102s%2Fj9zvIVSKJ%2BWfA1m%2BE2IxHAnHv5UofG0vVbtvzH58AP70x4BA5RRRHAd0E94KaN5y0d7MXtXuN4lkgj75vPDE%2FnhTB8p%2BKnDFF9o9MHNsIIbJgDBDTrswtyzECf%2B4%2FPvy32G1qvqE5%2FokTgT8NuDaax5dcb0GaVwRkC5PZMjcFxJfxI%2FcL6gPRxg3sWMAzPaJOd3Urw%3D%3D%7Ctkp%3ABk9SR7DJ5PGXZw
Supreme x Ducati Logos Tee Black Men's Size L Limited Edition - Brand New Sealed,,£100.00,+£2.94 delivery,5 Mar 2026,0,Brand new ·,https://www.ebay.co.uk/itm/177704854146?_skw=supreme+t+shirt&itmmeta=01KJZHS4JC9Z7N8A2PV17T58J7&hash=item296008e282:g:Ph4AAeSwAAVpS3pB&itmprp=enc%3AAQALAAAA8GfYFPkwiKCW4ZNSs2u11xAMZhlXv4mxwx04RX4g9k%2BuEdGTsIwoXr4x5iGqVa1hjnL8OpUVu%2FyM2tenZcxzsfni%2BFK26MV122v2PM5cMsY%2BPlA9QrftR5VCT0b7YwF1zi%2FDYakplQ%2F4mUM74Z6wb5F7ieonspnfl3%2FOAPcohl%2F%2BhTGEbuq6vujwx4f8%2BbLsofRX4Elk4pOUhL9rm%2BSuh4ZkPPP7QcBfFXf8NW%2BNAqY1Egcmg8ztT1GbN60hZ0aYX%2FdGi8WrR%2BNTfuaYo4IrmClwk7T5J5o1F%2BONE4NULSCgB%2Fnhy7FYl5LVy%2BxYVduG6w%3D%3D%7Ctkp%3ABk9SR7DJ5PGXZw
Supreme SS24 x Maradona T-Shirt Black Medium,,£63.10,+£2.94 delivery,5 Mar 2026,0,New (other) ·,https://www.ebay.co.uk/itm/389681399830?_skw=supreme+t+shirt&itmmeta=01KJZHS4JCZ6BJ4R8VBE9N9CFQ&hash=item5abad24816:g:1AgAAeSwSgxpot6r&itmprp=enc%3AAQALAAAA0GfYFPkwiKCW4ZNSs2u11xDL7c07g8rckb3oGqORDDTgmQ8F%2Fp94ZLzWvwsse53Xmr%2FyKADhQmtlZSa3e8I7vu%2B9HtQvipOPjK9nnD1YMywXrTmvhMcaBK1BPpP3TTVGT49tcr5S54oRMhGzOyByxcF%2Fm0EDKaHP8z%2B7HFOSVWIS8z5w%2BjR2GwJX%2F7eWv0XIL8iD54XZ3HOzWbp3rrx8%2BmvQEDkAyMOFg80DqO07uZ3FZps%2F67D1wgLGO8BVZxSARAhWwu7JDyM8KtvOeVnY%2BDQ%3D%7Ctkp%3ABk9SR7DJ5PGXZw
Supreme X Comme Des Garçon Long Sleeve T Black Shirt Size M,,£16.62,+£3.38 delivery,5 Mar 2026,0,Pre-owned ·,https://www.ebay.co.uk/itm/157710360855?_skw=supreme+t+shirt&itmmeta=01KJZHS4JCKQT8R1C7QY01D8VH&hash=item24b8452117:g:H2UAAeSwLE9poDhT&itmprp=enc%3AAQALAAAA8GfYFPkwiKCW4ZNSs2u11xDlet7av5Xtc8R5YiU7LjSQvwH7ROa0JwewfpmNovKkChx7JouzhIdf4tf1lNqq9gFGJ4oWKHnsjVWP5ECbYgTH53A8t%2BTowgd7UgG1dOM6eAkfc0vU%2BG4W2thW%2BSEvXBQ8G5SyXPrNd%2BSl4LpMu4mrrgZhdedrKggfkR2iYkvaoDijcx2Rl74HGVIDw39aYqdMW9PMIhhnms4oUhTB6HtPco2ywQLyDrFjf%2FnDemF14Qz9Q3IBRwdOAZ9%2FNFBSs31oobwZ6o%2FfhFOiW2AslR9WNQCoIDTiLrhTh7KP8jiJmQ%3D%3D%7Ctkp%3ABk9SR7DJ5PGXZw
Supreme x Commes des Garçons Long Sleeve White T-Shirt Men's Size M,,£16.62,+£3.38 delivery,5 Mar 2026,0,Pre-owned ·,https://www.ebay.co.uk/itm/157715151195?_skw=supreme+t+shirt&itmmeta=01KJZHS4JCNPG8D460DK97N0PM&hash=item24b88e395b:g:XEQAAeSwcg5povf0&itmprp=enc%3AAQALAAAA8GfYFPkwiKCW4ZNSs2u11xC4QnMXqKWEYsxD3V1zdptYo8tosFCRYIl%2BOYPqIBBi%2Fr32Cc0PxZc4L5Eez60PxhrtcHlkCu6d9ccE63KXxzmaZEIZbq%2FeoSYZACPwnUVByiHZ1fuU0RJ34AgGQk6kv58CHtB0N8mjuUpfed4vYorfTfHaw3NZNwQHt%2FZ1XviVp2h6%2B53TzBVrEd3fFlT4zE6v5cUAkN66TmlzGQMlSlLfY%2FzewlLqDRs4HZ1wQZOpEzjQK%2BI%2BSVVJTAKIhoHfkr%2BP90xSs%2B17tlTW31ZP%2FQycpgh2%2FrQPw7PyJaKGCuXkyw%3D%3D%7Ctkp%3ABk9SR7DJ5PGXZw
Supreme Est. 1994 T-Shirt | Mens XL | Turquoise | #229,,£26.70,delivery in 2-3 days,4 Mar 2026,1,Pre-owned ·,https://www.ebay.co.uk/itm/177831887452?_skw=supreme+t+shirt&itmmeta=01KJZHS4JCEDBCYV1GXQHG4T1W&hash=item29679b425c:g:D5YAAeSwZpxpgcEB&itmprp=enc%3AAQALAAAA0GfYFPkwiKCW4ZNSs2u11xCN0YWlBOv9cYiBQgIaXxD1K4R5CpM1lYl6rlVUc%2FZVMC8RYdr9yjIUlajVPIru4zjCCha3WbAXCUdmgm5CZYVx04qN3l7w0Hn719cj0ZPyUtyzpI6jwT0%2F1C6wbuVQ6VlgehNd5TKjl69%2BjnvdloV0k7qTMH1BoPO8%2Fxlv4DlOM6HN9YytAKgTClF571RrcpBMQ8vV3CAsIksR%2FI5moPkJFtKp0aSgtBNxQgUuLa6328JsK3seApaIp%2FSXT5MD1sE%3D%7Ctkp%3ABk9SR7DJ5PGXZw
"SOFTSPUN Mens T shirts multipack 100% Cotton, Preshrunk plain Crew neck Tshirt",,£29.90,Free delivery,4 Mar 2026,1,Brand new ·,https://www.ebay.co.uk/itm/394867094227?_skw=supreme+t+shirt&itmmeta=01KJZHS4JCDZ7XWQ7QM132MD3V&hash=item5befe9b2d3:g:lpYAAOSwRLpmqMrG&itmprp=enc%3AAQALAAAA0GfYFPkwiKCW4ZNSs2u11xC0VBR62ezhJKqK%2Bl0Nb0bEH1CsMMTfwUzlhxAnkplRLnm7l%2BTES7both0ORrFSaoBEjTbHWpAYlKZflU0y%2F%2B7VTvPDKe8TX4DhknKiYYLPZYUvXLZ4Zu1Bp6oPiDdraLABR7XxKCG9TPYwawtwg4Ijr7EGV40f3M8sUsVc5uDLE25EhOfqWzpAOCpjdiGt5cesL0RnEJfEyTL0vTsVGrcEmctOfQSP5NFt6EKVDtIIQNk1SNfg6cIziRKPfHkSPxg%3D%7Ctkp%3ABk9SR7DJ5PGXZw
Supreme Marble T-shirt In Size XL authentic White Good Quality,,£21.50,+£2.96 delivery,4 Mar 2026,1,Pre-owned ·,https://www.ebay.co.uk/itm/298013978743?_skw=supreme+t+shirt&itmmeta=01KJZHS4JCAS8Y64ZRF9PRXQFZ&hash=item4563047077:g:d1kAAeSwzFhpiQCA&itmprp=enc%3AAQALAAAA8GfYFPkwiKCW4ZNSs2u11xBV5RNQbjpFjPrPlghQEJGosiG8GhBAqKvSjDVVcSVdhrzVABt5AQRdIJ2Q%2BQ2OCUlf4CsyJnmXbI7KidYPitZmY1GsR%2Bv3JPO9EHj41B2gWXAMO%2B4FgFr77SL5FtdsyZotn47tosfgLlwDnRUhYZH%2FeY1aAmV2pqPau4aXgTlPDC4AwTgpdOIcZygZ2liu9mTCE6d8mNF6ws3t0ArM2DNzownMNjYKXTpGUZLnfYywtAkxgtviw59QqZ%2BQB7RafzQMj1HYA4PkLDQKcJ9wNb%2BM6a7xvAGeTtmIvGxh6hqNnA%3D%3D%7Ctkp%3ABk9SR7DJ5PGXZw
Supreme tee size XL ‘Experienta Docet’ Perfect Condition Fast Shipping,,£28.77,+£2.94 delivery,4 Mar 2026,1,Pre-owned ·,https://www.ebay.co.uk/itm/358280791621?_skw=supreme+t+shirt&itmmeta=01KJZHS4JC9Z0P0VM4SB9319BZ&hash=item536b330645:g:LosAAeSwUjNpprVg&itmprp=enc%3AAQALAAAA0GfYFPkwiKCW4ZNSs2u11xCfu3khIeFbSbLHLqaHl%2Bavn2i6B%2FT9k1wU%2FQjWYfHflYbIIrHE7gL%2FCtISiI93vz5ik8yiuKJqGenSKY6hq5ES1KMTmXxVCSiurt25rzquj5nwmubl8v85j%2Bw%2Bppl55V6vUlSrN8qzNQA4bHmgQDI6xS9msuOGMNCMlWwSSzf2hjrxPAXiNRLYdzzsa6ituJN8hiGhDSiWCeFv4oDmEauzr37oGsVIUr4AuOaZi49ULX%2BpU48VuiLuGDbCtMgRhhY%3D%7Ctkp%3ABk9SR7DJ5PGXZw
Supreme Arabic Box Logo T-shirt White Medium,,£65.00,Free delivery,4 Mar 2026,1,Brand new ·,https://www.ebay.co.uk/itm/317941679836?_skw=supreme+t+shirt&itmmeta=01KJZHS4JCH18VKM06NAM4QYME&hash=item4a06cd06dc:g:X3gAAeSwcblppNBN&itmprp=enc%3AAQALAAAA0GfYFPkwiKCW4ZNSs2u11xAFJNJ%2F95BHK8ehGddxAmuoXRfkwR%2BqDJmWnNxyQfThf1d02AoZbhWnjrZUKsQXFJMQAAlsmmRlA9G7ur9TjiriLQKoRuqXZoPj6MihwmyV7H38tSY2x%2BdkXcWwjSt5KWi3I8nc%2FEORGuX%2FoSgA7BNDXeCusWmVaAt8l3w2EYuAQBk%2BdoYDZe8mAiJwaQkCMpDPias5Va2FNjZiFpX6MRVBrTHl4vLFlZBkGh75DOmQUUAFVpOz%2BPjvd9gJWZkLrio%3D%7Ctkp%3ABk9SR7DJ5PGXZw
Genuine Supreme Bear Tee SS25 White Cotton Size Relaxed Medium BNWOT,,£27.75,+£3.25 delivery,4 Mar 2026,1,New (other) ·,https://www.ebay.co.uk/itm/198135099567?_skw=supreme+t+shirt&itmmeta=01KJZHS4JCXK5CS0CWC2BE1GQ3&hash=item2e21c5b0af:g:jsEAAeSwwkBpnwzF&itmprp=enc%3AAQALAAAA0GfYFPkwiKCW4ZNSs2u11xBMzPSiUAgS1aPvnYWNe6nXJa7pi4EDhqRjIwwPSSaoC13ktQF1rF7ht2GVIN2C2jxhEN6BssYiRfzLzj%2BcLB54GHw%2FVuBb4hudXC%2Frn31UslaGQGhRLnlJMImYi0Qn07735rDBul%2FWWGCS82asqAztRaZvCdi0U7Spgk2zpWlR18R92QtibXFVnLZumBboKyI5V1rwMwiA6o1NicS3PPy%2FmxhXZ0Ow8SWu85%2FOzcXiqGIEjSb%2FfV3WwG9q4hG3F8s%3D%7Ctkp%3ABk9SR7DJ5PGXZw
Supreme | Arabic Box Logo Tee | White | Extra Large | SS26 Spring Summer 2026,,£74.95,Free delivery,4 Mar 2026,1,Brand new ·,https://www.ebay.co.uk/itm/397659988346?_skw=supreme+t+shirt&itmmeta=01KJZHS4JCZHYB2BPCW8N27G4B&hash=item5c9661e17a:g:eogAAeSwgWtpotEE&itmprp=enc%3AAQALAAAA8GfYFPkwiKCW4ZNSs2u11xDcQIqvl4F3dOPlNLBdO9R0eLNfMoT6kl%2B5rVevoXcC9Yr52mWXsJWojY0tuuPru8X1B%2BK4%2BR3MiMBVuOwALwzuHm%2F2mQ3y9fneJMqE3SRux0NT2V5XWbKVxS74qjA1eGrspSldAPxhVNVocYRAyWc7aipweDoQA3HIE8gO9ID71V4FW5vY9xE5T%2F5B6AfKIAs7kZ1ioaP%2BVwitxGtWxsnuwR57bLD%2BZ%2BLoXaYDph9o3Owjz4vugDO%2FSJMGL8T3lGqgDSNs23jTMsdMZeyCnqkWf0TS9EJa%2Bu0IAtohqCHIvA%3D%3D%7Ctkp%3ABk9SR7DJ5PGXZw
Supreme Jordan The Notorious B.I.G. Biggie Tshirt Black Size Small Brand New ✅📦,,£74.95,Free delivery,4 Mar 2026,1,Brand new ·,https://www.ebay.co.uk/itm/135284332938?_skw=supreme+t+shirt&itmmeta=01KJZHS4JC4W2FM593FD2M8QSA&hash=item1f7f93198a:g:qHsAAOSwk~Rm~rO3&itmprp=enc%3AAQALAAAA8GfYFPkwiKCW4ZNSs2u11xCMsz1bBAmIOFO6oZwD67bb9Pj8WAOVBhWvi31t7wbdIh2L3hjIhPuNx8JclErwKki7w6kkHvoIozA%2F3wLfdyUzUhRKYs4H90q8f5XX5Bt7x%2FNxsV%2FBnl7mfXu0LhqExgt4IaY2noG98oLUDU78v9R64W7yf1kFFQU3M8KH9SvRenXBIXlwrmgfvnBZGLkT0G3D92bXOF2SdKcFL67pzlMBgIV%2Bc%2BziX7ejwerKkJU4%2FW0AOl4wRjvqBUHKk2y%2BfehRsXwoOx0UFCsUfDvD4ThXCMc6ldh0rSVDdOdAgFYHEA%3D%3D%7Ctkp%3ABk9SR7LJ5PGXZw
SUPREME x EMILIO PUCCI BOX LOGO TEE DUSTY PINK / WHITE SIZE M SEALED ✅,,£94.29,+£2.94 delivery,4 Mar 2026,1,Brand new ·,https://www.ebay.co.uk/itm/365945838176?_skw=supreme+t+shirt&itmmeta=01KJZHS4JC5XZ8882VN7XDV1YW&hash=item5534125a60:g:uaQAAeSwQtho~lrI&itmprp=enc%3AAQALAAAA8GfYFPkwiKCW4ZNSs2u11xDudeySFT12S%2BubMrpZRB99keJw0m7P4yVldF67PBC8W%2Fm4PaQ7OnNqXC%2FfROoxQSVpBmE9hmXtTJnHdNBNSUKllnkY5LArWK5f0IrZQ7cgg6dpRPR0%2BdRleV8TW11joSaAeik7piOasYAVjEvUHPjzMGu5AeIdmB0z9QXwU0QJhdIhGmc0PC8fezEyvgGRK9b7QbzDy27IdGXuLDCQ7bUwdINXOKyGbS2MzjEbxbKWfJn62BbSBkm6ufA6H33OAmqBE4OJ9CMs8%2Fqz6C9gWv1KTv4RTxWHjpJlx%2BAQFLQVeQ%3D%3D%7Ctkp%3ABk9SR7LJ5PGXZw
Supreme Spider-Man Tee White Large,,£89.10,+£2.94 delivery,4 Mar 2026,1,Brand new ·,https://www.ebay.co.uk/itm/406727829816?_skw=supreme+t+shirt&itmmeta=01KJZHS4JCTFGT2GFX6AHWQYY1&hash=item5eb2de2938:g:vQEAAeSw~oBpovJU&itmprp=enc%3AAQALAAAA0GfYFPkwiKCW4ZNSs2u11xAQn1bsyP%2FNIykQ02v3x8u8BpKGScLDTh1bYEHR7EnfE8IRqG1uzOtJyyk1paPvFQxlX1RPqwowlWGuMdKIaRS0I9B8vMiYaRWJ7oJ4SfSSCGg7rApkZEpVjaLsHoikRaeSvxZzNp%2FOCCG9oj%2Bjwl3iexlX7qD7ngJ9PzS3GxWxt001JdbtNZ7Osja1IyS9IiIsAq9O5fZEm1NfLmpD32aps772Fvf9ya80AZYdemIgL4c4iW66lfhpwHuZdcS9VM0%3D%7Ctkp%3ABk9SR7LJ5PGXZw
Supreme Spider-Man Tee T-Shirt Graphic White Size Large Men’s SS26 Brand New,,£79.00,+£2.94 delivery,4 Mar 2026,1,Brand new ·,https://www.ebay.co.uk/itm/358269267090?_skw=supreme+t+shirt&itmmeta=01KJZHS4JCBHV6HES8C0J740D6&hash=item536a832c92:g:~4YAAeSwdRVpot85&itmprp=enc%3AAQALAAAA8GfYFPkwiKCW4ZNSs2u11xBhQQIq%2BOaa4VcWAvMJYORjvucGWqAmQpnp5QJLOcKzm6p0F7hwryqQRUxguvkiOYMHZ4zOZoXypTlIlx%2BwHKCrLp7JDihIOW70GwlkjQNj4oWanas0ysf%2F9GcmQgAaIj6lufwqZiu7iY6jFFVqIwFOinwu%2Fr7rpSRdz1kUo1%2FQOgfj8lCFjTwWCtqwDNZSr%2FMbHXtqcT18I%2FSx8yUrdgjmJWvt0diF9L0tLUbLJmPMUcfSoAuX3HqJifVFu4x9U%2FpW8P4fAENI1uPmo3uzFN5r7I36cShLZfQYet1k8aGlrQ%3D%3D%7Ctkp%3ABk9SR7LJ5PGXZw
Supreme Spider-Man Royal size Small Tee SS26 Blue Spider-Man T Shirt IN HAND,,£58.99,+£2.94 delivery,4 Mar 2026,1,Brand new ·,https://www.ebay.co.uk/itm/358268458660?_skw=supreme+t+shirt&itmmeta=01KJZHS4JCE5GAYQG922GB5MB7&hash=item536a76d6a4:g:EbQAAeSw9rtpopho&itmprp=enc%3AAQALAAAA8GfYFPkwiKCW4ZNSs2u11xBpWQUM7G7nIcZUctCbHannillwAsmR%2FpOvheQjmb4lFXaLHBKgEvI1k8zF9GlPHFvk9ByQ7LEPRo04b5nrjymmQ16ggimmrnVmALrcG2%2BdZBocvBTGPhAYdO0v%2BMpJXpamkXHIOxN53ZQRs6gWaVvtk2w5t76E8wxRUkFHqcuqNZQIcYrvzhUK0XIo3aq0hKvMQzoxWdx7IRCXRgQ4%2B%2BQAbSlvYdgjcxNADZWndK209E8hUzmtmGOG7lG7o9kxIPNeNp7iEPYAzPfaPqtPtSuoNDRg%2BqV%2FTzGVZHtxzsPCMA%3D%3D%7Ctkp%3ABk9SR7LJ5PGXZw
Supreme T-Shirt Top Short Sleeve Pocket Tee Multicoloured Mens XL,,£14.99,delivery in 2-3 days,4 Mar 2026,1,Pre-owned ·,https://www.ebay.co.uk/itm/168186333427?_skw=supreme+t+shirt&itmmeta=01KJZHS4JCZEZ7PYTZV3BEFT9P&hash=item2728afc8f3:g:huEAAeSwJChpnwo8&itmprp=enc%3AAQALAAAA0GfYFPkwiKCW4ZNSs2u11xBfgQRdgCUPeGPjdWSWTCBr4dtKSrABd8DpIe1ofuit4J4uFdJT2D3Q8jwFa3s8XpilUPVvRSkxoBhJPnl1h55juh8qWLis%2FGyeK7veE%2BTPouL2M1q%2FcGgnbh59oF2iK1n6dHJ8zI8vqf1xEgLTR5b0vfZprZPro%2Ferb%2BtppN9LVNiiTk9C%2FoF6FuDVcOZCAqECXqlwVWssc6x8FcA5pbL%2FjMmuM%2FzjpB9UKfW57Uo4GyC%2FgTqceSt5uEcVDSWRgpg%3D%7Ctkp%3ABk9SR7LJ5PGXZw
Supreme Bear Tee Brow SS25 Size Large,,£73.50,+£2.94 delivery,4 Mar 2026,1,Brand new ·,https://www.ebay.co.uk/itm/336392957390?_skw=supreme+t+shirt&itmmeta=01KJZHS4JC0W9P8GQRNJ7HC0H3&hash=item4e52952dce:g:xdAAAeSwd99pIKP6&itmprp=enc%3AAQALAAAA8GfYFPkwiKCW4ZNSs2u11xBqjCqbORsyr01iOFn6IGNWiVbAVZq369vEvOsif88wqFyeGP%2FmXcvnEeDBCupKDovb%2F1jUQ5ne0Exh7h9cXa2hz9EHEeA5XQrNXMRxYzR1dwseDDljscuEuK89%2FLYej1ve8ZCid4Aic%2FDIB8joT2y2xIp7a3lgkBBi1Zu%2F7fPa9Aq3LQA3pZj%2FrnIJc9PcqD8HuaCxaOtry6AeZGJp43K76BCYyfHhOWLX%2BOeu%2BxGAOeyj6rTPxxgmQ6YSkNAgK45SovXDP%2FI6l9tp3Hp5F07hD84Sj1zTOUwsl1Gjaaj%2ByA%3D%3D%7Ctkp%3ABk9SR7LJ5PGXZw
Supreme Men's T-Shirt Size XL,,£26.70,+£2.94 delivery,4 Mar 2026,1,Pre-owned ·,https://www.ebay.co.uk/itm/198135165974?_skw=supreme+t+shirt&itmmeta=01KJZHS4JCV3DR69ANAD8DJSC8&hash=item2e21c6b416:g:2TQAAeSw8IZpFKRE&itmprp=enc%3AAQALAAAA0GfYFPkwiKCW4ZNSs2u11xBn2lJcBInaommmenwJAMRwOxqh%2BLreWk4jxs5VA47DLaiCJM5ZIXLlEemh66OWA%2FaVS9fHsBANTdJBuW%2BbUsZ0ndW1dPH8e9oqIlE4J%2BtSJzmQ1Z34NrV3kMSnlFpS5i9DjFbgkAS5QO%2B8K09Nf%2FYe0QnUFLfokif5dyXgIJy0CRFhxIni1FQWUKTOcO%2FnwEVksFX3BH6513VoxvLaaNBAQCh1j%2BnoGcCVi3bOTUDwbTtwnsOFgwLvbsZsC5D4uwg%3D%7Ctkp%3ABk9SR7LJ5PGXZw
Supreme | Arabic Box Logo Tee | White | Medium | SS26 Spring Summer 2026 | New,,£69.95,Free delivery,4 Mar 2026,1,Brand new ·,https://www.ebay.co.uk/itm/397659985218?_skw=supreme+t+shirt&itmmeta=01KJZHS4JD116TKY3Y98GNR07J&hash=item5c9661d542:g:x8gAAeSwrhJpotEz&itmprp=enc%3AAQALAAAA8GfYFPkwiKCW4ZNSs2u11xBZkqC6%2B4Z0pzEwuktyE9GIgKQL0K2vm3WYJ5g5uuMUVqR56dEA5ww4HZGscBDIW5SWLvBqk5m6sU0hQ%2BNplTr66q8YBvKUWuiR2lsuGENVgJJF80%2FH1CPpJk6b6PfZGW40vGlKd3VrCZJVMODsK7NPzWz2KIn4hVRgWih3w%2BwAyyneWazfYa6b%2Fd5rS1G94pTbkgM36nKt4h3rVGyiz33TzGPVA%2B6bSiNObTdvtBdWUy%2BdnPqhwr%2FELD660%2F9eI5P5cwciATTAHd6DJwlLKGBaCMUAMfOUiG0q07gLfv0A8Q%3D%3D%7Ctkp%3ABk9SR7LJ5PGXZw
Supreme Studded S/S Football Jersey - Cream Large - Brand New✅,,£260.70,+£3.42 delivery,4 Mar 2026,1,Brand new ·,https://www.ebay.co.uk/itm/358282414157?_skw=supreme+t+shirt&itmmeta=01KJZHS4JD3Q8DDKD6CAP0EHGQ&hash=item536b4bc84d:g:Gi0AAeSwHCNpp0BA&itmprp=enc%3AAQALAAAA0GfYFPkwiKCW4ZNSs2u11xB8hsqNCnQzGFBd8X5zQrfcVnFsRciHja8jbyZt6PXBMM%2B3I1sFrTZBEF4iKy4zyU8txuW2d21hDvM7EvvdWl0wdIZdsp7QNRlHN7J3lDuDM%2BUc4yXNnXHV4t481uNsh2bR2vrkeIp1ko%2FiEPdNAedc4eelx%2BFP71NpY2k1TrAlB%2BHKfI7fGyakart%2BS1fAPAnvaBKc6AllS%2Fq%2BatpBBJmJXDjEoYfc9HtI4DUhG9%2Fxpq%2F2seoeWaAOUhOS2VWefDw%3D%7Ctkp%3ABk9SR7LJ5PGXZw
Supreme Arabic Box Logo Tee Black SS26 Size Medium with original Stickers,,£100.54,+£2.94 delivery,4 Mar 2026,1,Brand new ·,https://www.ebay.co.uk/itm/298084030419?_skw=supreme+t+shirt&itmmeta=01KJZHS4JDGXH3ZHBBZDXTWPQY&hash=item45673157d3:g:VKQAAeSwoPdpppzt&itmprp=enc%3AAQALAAAA8GfYFPkwiKCW4ZNSs2u11xBQTOAHYroWlP8DKH6O%2BIb8Y%2F0wU8%2FrvbH6uaedk2j6%2FVv85Yo8hh0MXICf1o3XOTx43brullWrr4%2FcG8A6UDNdNBwlc2GrMDOrX%2BThzWDnFnlSIXtdOp33iKyse9ppO%2BcFvz9cEvKokeJo9cDlBT3fbFDxjb2WcYP1ef%2F6Hk%2BT7mb3Mm6JD%2BfN4QYPQ8nG4XzIlu7x0wQeWlr%2B2DaigbtSbS7gWkVYA7N2kDU2evN%2FCJShyKRAtRXo%2BguxtDgVZbzIyW0dNtCe4kbVvTCf1EWZmFV1gKF4EuRgrLd01u8q5A%3D%3D%7Ctkp%3ABk9SR7LJ5PGXZw
Supreme Who The-Fuck is Supreme Tee Dark Navy Blue Size Medium Skater,,£24.99,+£3.50 delivery,4 Mar 2026,1,Pre-owned ·,https://www.ebay.co.uk/itm/197925569998?_skw=supreme+t+shirt&itmmeta=01KJZHS4JD0SBG0F0G8Z8V554B&hash=item2e154885ce:g:Wx8AAeSwwxZokfcw&itmprp=enc%3AAQALAAAA0GfYFPkwiKCW4ZNSs2u11xBPfwXv6rJ%2BYpvnJ73lFlS5DuHTIOB3%2B2uzQUWwinSS%2BFL%2FZfLiKFGOYJW%2BGcvFmtYo10nCRcYqlbKgQx1OinuyJpgeCH%2FqTWGkYSZu2PjKmv26Sj60ggxGEECv6S7t%2F0%2FbFDnnzoIWdmZD08xK2%2FagY9f3Oc9i5Zd3uor%2Fr7xm47cu2FMnxL73K9KgxA3eHwz4QBPtdamSEhzztb3GMpo%2FhwswKeM%2FrlHQt%2B3tl9t5LiOFN0gpndef%2BfQ10n4rArQ%3D%7Ctkp%3ABk9SR7LJ5PGXZw
Supreme x Spiderman Tee - Pink - Large,,£57.90,+£2.94 delivery,4 Mar 2026,1,Brand new ·,https://www.ebay.co.uk/itm/376996775256?_skw=supreme+t+shirt&itmmeta=01KJZHS4JDDGHCWKJK1SJ6FR90&hash=item57c6c24558:g:WMQAAeSwkTtpoc-N&itmprp=enc%3AAQALAAAA0GfYFPkwiKCW4ZNSs2u11xDsTXwvO2rZFc1JFgfld4rDjPbc4tlTeWqSbDgcoNPjaZUDbpZnTxMCN0mwZ65kGUS0seWM7H7XidL%2BxE%2BxrVXAK6nWZr47ky%2FrrnzBYRu2x8S6hEQsTax4F220bJwTP%2FQWgZ5PIXH5uoIXXIfh4ZMjJ7PxZWEXE%2BqlH5r%2FmSXWg7IJiS6R3abXd2N2F1QUlUuaICzSnKw9%2BONq%2BISLndp5flEnLoUWL3FrckZSLaUMni4U8Q9L1%2FrAt%2FHGjb8X8jM%3D%7Ctkp%3ABk9SR7LJ5PGXZw
Tyler the Creator Igor Long Sleeve T Shirt Tee le golf wang fleur Igor NEW,,£14.20,+£5.23 delivery,4 Mar 2026,1,Brand new ·,https://www.ebay.co.uk/itm/266599813541?_skw=supreme+t+shirt&itmmeta=01KJZHS4JDBMGAR2ZF5NFDBV0V&hash=item3e129651a5:g:J64AAOSwHJVlltGL&itmprp=enc%3AAQALAAAA8GfYFPkwiKCW4ZNSs2u11xBZG%2B0QTBMuv8CYuRG173kWMStUuLdide%2F4wbThTAMOHahZTV2J5OR2in%2BiJd8H0y90fJ%2BnDuuJIbFxKNpw2ZpvVzFcPqOg0LJUaCuXycKsTVGeTkOBNdTT%2BbdA4IxwfTj%2ByG7bqs5Z3xrEOhavAflP3k8%2Fm19r92P4pIm%2Ba1basCMI1Ej658puO8bVUfIfMlbmQ0eeUCkuGqE3eOdxnAMTEJ6sGeXIk40ctNAvSQFuCDS1UfXpF2L%2BXVvhaVIVv842DUBuMy3bukRD8fXoRLXIgWzD0un4nd9EJVTCfKNaAg%3D%3D%7Ctkp%3ABk9SR7LJ5PGXZw
Louis Armstrong Supreme Printed T-Shirt,,£17.22,+£2.94 delivery,3 Mar 2026,2,New (other) ·,https://www.ebay.co.uk/itm/137068999084?_skw=supreme+t+shirt&itmmeta=01KJZHS4JDTQBSFXF8M1Z6ME85&hash=item1fe9f2f1ac:g:81oAAeSwyE5pnisD&itmprp=enc%3AAQALAAAA0GfYFPkwiKCW4ZNSs2u11xD6nVQORT4uJr0qa7NDMw2AvMN%2Fhi9MnO%2FK3Bh4uy1hAFTa9GldBc2hNuMs2aCnI3o%2B31gp5KzeiW6laAY4EL6lG1oEeNa1LFyjyl3lsjLKIJpvGDrZ4I77pH0wXLDkVilh%2FBXCS7jwNAPDgxOT7SPKj6zwpJ8MaULgNe7OciMg41Q3wnpikOsMRMNC9AcAGqLRXPJ3KcKpdYGYRUdLXwATRaAXQEcdUKZ4kOkQywQdvYopE4LiZrBRS6DYcNlK9gY%3D%7Ctkp%3ABk9SR7LJ5PGXZw
Supreme Arabic Box Logo Tee T Shirt “سبحان” Woodland Camo Medium SS26 Brand New,,£57.90,+£2.94 delivery,3 Mar 2026,2,Brand new ·,https://www.ebay.co.uk/itm/336456409353?_skw=supreme+t+shirt&itmmeta=01KJZHS4JDSHR9GA04PQZY7M43&hash=item4e565d6109:g:xCEAAeSwUStpot64&itmprp=enc%3AAQALAAAA8GfYFPkwiKCW4ZNSs2u11xAQ7ztpTk9PmsluBJMG2YhINYm4AjZJ8ewgYce35W40sZpOq4S8XMmlOsgyX%2FoO2CfoB%2BH2OuZaaQarICqoNghiYNcHa9hy12PNCAMvDAkF5byPqFEaiDRxK98C%2F3RdinpLwBdc%2BqHe1KkiQxxCzEVQ%2FGpLKkFDecOgSG93SfMpYFcAJLQLVrO02tjB9bqYZH1BAu1J3hSq13rKipK8UAhrlez1V1dH%2FXflD76H5TruIJGTKtKez%2F2rzf9Qht%2BKRvBBk1cyl3lzwBo5IQgHPpj1rJrVGLl52qgO0GBgWAOVxQ%3D%3D%7Ctkp%3ABk9SR7LJ5PGXZw
Supreme X MM6 Maison Margiela Liquid Blue XXl 100 authentic.,,£156.70,+£3.42 delivery,3 Mar 2026,2,Pre-owned ·,https://www.ebay.co.uk/itm/127693084106?_skw=supreme+t+shirt&itmmeta=01KJZHS4JD8ZMHAASZATTZ2WGM&hash=item1dbb19d5ca:g:3VcAAeSw7QVpltNj&itmprp=enc%3AAQALAAAA0GfYFPkwiKCW4ZNSs2u11xA37KUbBr2Sb8pUwYOH8CJKjhWQbswOz%2FcWW5QrwtHsp0%2FegMb0BfXnPY2GdDCDDdLl3Cs5OPg%2FQG8UC6vqSh7vullBy5Jposk%2FsW4FdTrZLhbsDsMTivkbyyzDd0DTZvbF5DJczO9lOHItzAz5j%2BessCSdneY7YqFkBwuHEsaSGp503gXtef3v1qfrWrLHbcvJuYfYiEAaROBt2pw6qWLgMpYqXL4BOmtzzcT64BLgz9YmTUlxm4bmYXHe7pQpEC0%3D%7Ctkp%3ABk9SR7LJ5PGXZw
Supreme Fw26 / Spider-Man Tee white Size extra large (Confirmed Order),,£63.10,+£2.94 delivery,3 Mar 2026,2,Brand new ·,https://www.ebay.co.uk/itm/147181362134?_skw=supreme+t+shirt&itmmeta=01KJZHS4JDQ7VXH3QB226YBWDB&hash=item2244b15bd6:g:eikAAeSwTz5poHPk&itmprp=enc%3AAQALAAAA0GfYFPkwiKCW4ZNSs2u11xCtkycvlksGoCxyjZ4xhoFEfV0z0vJMXSQpRJG86tb0AHx6RdeUKAn%2BPbzldpFGa%2BCTrNFgz8%2BlylZ9AMAeab11jQ2TWWpkYEZU%2B0hsm30kPFS6rMPHNWaHJGYAP1VcgES3qcy9Q1ztgu3ujIgDdbisImB9a8WXo6xdwxYYs%2BFxw3b7Hu1KLJBQkiQpd6oXxTbGklorlNyr2iBIaECmoChcU3OWnzNMJVo%2FhbrJdVFOopO5i%2FWc%2Bgb8Nup9s%2BIcOlc%3D%7Ctkp%3ABk9SR7LJ5PGXZw
Supreme x Damien Hirst t shirt Large,,£40.22,+£2.94 delivery,3 Mar 2026,2,Brand new ·,https://www.ebay.co.uk/itm/317900652684?_skw=supreme+t+shirt&itmmeta=01KJZHS4JD1S1FCHDFPFWB8QGT&hash=item4a045b008c:g:qY4AAeSwM0tpl5KA&itmprp=enc%3AAQALAAAA0GfYFPkwiKCW4ZNSs2u11xCLV9gJZflhrLbwhxiZl872pIuVHWda6LWtQrwDKokXAF4OB8CpYfa399OZKXF8fZL%2Bu5ldauPWjp7%2FNMQtS%2Bal811%2FlagzjurJTE3FkGjPKg5RO%2FqJSuR0OsJKnhEAt3g%2BGbkx9XoTvcqLmZ8m7AgQnHcu5HaEbg3ytftVBbhp8N3qMgTU6x%2BS4fFdXpMNR%2BZQNBn2kdGTTOuPvLKY1RmK2cXXg842mK8Td20lkNTWRDuxX3aKVdsh6RYbkZNcHbo%3D%7Ctkp%3ABk9SR7LJ5PGXZw
Supreme Arabic Box Logo Tee SS26 Black Size Large IN HAND READY TO SHIP,,£68.30,+£2.94 delivery,3 Mar 2026,2,Brand new ·,https://www.ebay.co.uk/itm/406725958091?_skw=supreme+t+shirt&itmmeta=01KJZHS4JD33T4NYKJS4F6CBF1&hash=item5eb2c199cb:g:lF8AAeSwn1RpobIy&itmprp=enc%3AAQALAAAA0GfYFPkwiKCW4ZNSs2u11xCg21DA%2BCVjhXwMID3bRIt5FeOiCwdsFlDbaPUYO851TFrZ0%2F4voFN4scP7KMeEHACf9NOAhrZe0IrI1sHK6J4exrl2C31Ebvr8RdJmlUeLe2vafiMQnprYtljBcjhlzRhcLkNbEX2%2B5gwge1XppwPkCS3%2BmNS%2F41wfS6cWrxenyeRUb4NHXS7KvQ8rjuIhX7OuiRGDVixqfaURY5NUTVw4pEy0ZJ8t5RFIQFVoZgwSKrk2q1NsKjUnU8mWmr5W0JI%3D%7Ctkp%3ABk9SR7LJ5PGXZw
Supreme X CDG long sleeve,,£135.90,+£3.42 delivery,3 Mar 2026,2,Pre-owned ·,https://www.ebay.co.uk/itm/176371000691?_skw=supreme+t+shirt&itmmeta=01KJZHS4JDGDDE5561RNV57PTH&hash=item291087e573:g:Pk0AAOSwXoNmPQ87&itmprp=enc%3AAQALAAAA0GfYFPkwiKCW4ZNSs2u11xCR3hfUFZ5BKsZWkRHmLSV%2FJ3ZeL6VubTO7QBpM%2BB6CjkMY%2FPtF%2FZv6mBJtnK%2FYtlFQ85sSzQJASUkeP3U92Y0xc4FiqETZqpoFj9MVY56dWiH5gKFr44BRij5t9bT0M1FSIprOZ30U1qSleKlYsq7DLGqCLUNeLG20pUYUqQjSCeAPfs%2FY28QSztgo8HFAuNp4Gkb6j8pU3syihVDk0T3whJGbpwnyqEP%2BDYzCiCfnsKwWboYCORDvJr5ZIVEShck%3D%7Ctkp%3ABk9SR7LJ5PGXZw
Supreme spider-man tee XXL - BRAND NEW - *IN HAND*,,£83.90,+£2.94 delivery,3 Mar 2026,2,Brand new ·,https://www.ebay.co.uk/itm/376994052280?_skw=supreme+t+shirt&itmmeta=01KJZHS4JD53N5DPHWRTBZ0SR2&hash=item57c698b8b8:g:n-kAAeSwDy5poHiM&itmprp=enc%3AAQALAAAA8GfYFPkwiKCW4ZNSs2u11xB6vVUgwUVQazkZnxGMBSSHrF%2BRFqz7JGtkvUL0BL2gFbLVtfm95jVUIrT959mpeWpAmIa%2FKaGkAqwMl6YzodsocN%2BN8jaCxBEcZP6UAIY%2BkWaBxgUvLGqUR1t5sN9z%2FnzBDpfHXdczxNwdv5%2F8GN2QxcahV3dyCkDLk84%2BKytPgf9%2BGx%2Fqof%2Fm%2F6WOFjIdKkdMOP%2B6RIVWnyzAYtPZ40OKqEnQZuEbgW%2FyOJJCKmJZJAEZDGWK%2Fg%2FYh5FkVqtaYGRop7UBEpfVuYr%2BAIyqphKMGElixUBk5EwvwGkiuSBp4w%3D%3D%7Ctkp%3ABk9SR7LJ5PGXZw
SUPREME 99 LONG SLEEVE FOOTBALL TOP BLACK 🔥 MEDIUM,,£109.90,+£3.42 delivery,3 Mar 2026,2,Brand new ·,https://www.ebay.co.uk/itm/287150323422?_skw=supreme+t+shirt&itmmeta=01KJZHS4JDYHZ4J5RHQRQ5517J&hash=item42db7e36de:g:dOAAAeSw2zpphoUK&itmprp=enc%3AAQALAAAA0GfYFPkwiKCW4ZNSs2u11xALf1G23Fr2SbDsNfdsaMNUayYK%2Fq7%2BKepDL0bUh%2BDRlt2PTwJYaCgidrzP3rtMYjmYXIeeN%2F8W6hki094DmWaBGRqh7BgSvUKN0YcEHNJYHTJwiPSmb5zAbcBtHNY%2BR4mQ2MaONjHgwgQ5iXLkYvdXNWnscrWk4lGYfqlCwuYpvgwUQbt3BRLwdlSyIHqqIEQWeT4r0QeSxiwPJsDyiJcMN2PzpI58zNPegcj5eML0bE63JSH7GNoBThkaOqSzlgg%3D%7Ctkp%3ABk9SR7LJ5PGXZw
Supreme Hanes Bones Thermal Crew Top | White Floral | Skeleton | Size S | New,,£59.99,Free delivery,3 Mar 2026,2,Brand new ·,https://www.ebay.co.uk/itm/317932102501?_skw=supreme+t+shirt&itmmeta=01KJZHS4JD5KD40ERFGSBJTQJV&hash=item4a063ae365:g:M~EAAeSwb39pa5oR&itmprp=enc%3AAQALAAAA8GfYFPkwiKCW4ZNSs2u11xB72e5Mb0ZJR%2FH2S10CnJdqQFW7Pj2%2FEjIH8M279AwlmDZC7w6HxuLjRuznE422%2FX--uOAAE%2BVL1bD2nR3c12JfZzSO9OA2XCus4AMqWvJLxE7zLVS9AXR2wrwkM%2BjHQfcGWz91x96O6pL9GvG3HthO7NZFDgC7aOad4c2FxTH2nVjQ9PHbepu%2BHNNEBky2N39Lw3bQUgP6w1E5bC%2BHqhUoxZo%2BoHzpaLeJ2SKnJwzro0KVnZ2xLvcqpxueGo7DdlQ0oy0EudBlRijolbtItCH%2BNNzWQkKFGtP%2Bx%2FCLVsHf4w%3D%3D%7Ctkp%3ABk9SR7LJ5PGXZw
Supreme Open Knit Football Top multi multicoloured SS25 | Large | box logo new,,£125.50,+£3.42 delivery,3 Mar 2026,2,Brand new ·,https://www.ebay.co.uk/itm/298028923608?_skw=supreme+t+shirt&itmmeta=01KJZHS4JDTHEEHBFCYNGG44R6&hash=item4563e87ad8:g:-28AAeSw4XBosH11&itmprp=enc%3AAQALAAAA0GfYFPkwiKCW4ZNSs2u11xB91ADBGWKmLuqaPq%2FDwIpbtfn8ksVk0c7Vy%2BDK3eH2h8KkTfzItAbTVsrDiazWKsnO5ekt7jqtlunr1hEBskXs8cUdnAu1LuXkwNBn7WGujXtuMlMyxZr8GvDb907viWpfnpqIibM3ZxLJ4qoxJPrW0K04loRxhQOcT4dEw%2BZSGmcYVZ93zx6XNgTQdemrkEevd1hweZnKp2KROL0L490ee5p5VNT4iR%2FRKuxvaZDTKbhLD0nkAYSEc48vsOd%2BTfE%3D%7Ctkp%3ABk9SR7LJ5PGXZw
Supreme x Ducati Black Logo T-shirt Size Medium,,£63.10,+£2.94 delivery,3 Mar 2026,2,New (other) ·,https://www.ebay.co.uk/itm/267452136138?_skw=supreme+t+shirt&itmmeta=01KJZHS4JD084A6YMF248NNFPA&hash=item3e4563baca:g:JSEAAeSwMOppAhs5&itmprp=enc%3AAQALAAAA8GfYFPkwiKCW4ZNSs2u11xBzpgpaH56b8ZOyjndWfQNOnis0h3VCwufPZG%2FJSHpy5Yuz2eFyawe84w889MiyHLiKw%2Bqn79igmBCDiEzi5i1zfBNkMlCmUrHpJzeNpjU0QGfG0wpgussqrp8duC6CcnmyIHH8Gwl4%2FmSQhasSt3liymmPkZ4dr4hOv1rGC21eLeuK1pQeqjznXB4ix1RPkLRcZ4OsSwlYoH9pCee7SltQ8LWtUayF%2B7UBAoewEzhJoMCmkQfU5IOquExLijN%2BgAE2pqTgav8sn%2FrmVbrihstZmWKoJu%2FyT27lfAQamx0gNg%3D%3D%7Ctkp%3ABk9SR7LJ5PGXZw
Supreme Motion Logo Tee | SS23 | Blue | XL,,£23.00,+£3.38 delivery,3 Mar 2026,2,Pre-owned ·,https://www.ebay.co.uk/itm/227237787910?_skw=supreme+t+shirt&itmmeta=01KJZHS4JDJAJ9GC32X850T6H6&hash=item34e86d7906:g:M4cAAeSwfVxpkf0S&itmprp=enc%3AAQALAAAA0GfYFPkwiKCW4ZNSs2u11xDlWMGVQHVlXHBB%2BARLkjdW8na%2B1IM7BCLVcUiBVY3NqFRr6n%2BR1Cvcq1nRl%2B4XTTJrAQEpRcDs4NsEfaEXcdbz1XoSrCaJDmiPAc1mqvAMYDQihH0FEeR%2BGMq6D%2F84bNP%2Fpn837PCODBkdrLtqgW%2BLU4HO%2FAPMvznN4RT7XINzMnXPtL4%2Fl8d4aOmje%2FaNGX7ibIpNXix4KA6FgTkFEkvNKTdx%2Bo0d8xzB26%2FIhplJsXhGZhKIuXZvugtDBjSEFkE%3D%7Ctkp%3ABk9SR7LJ5PGXZw
"Supreme Spider Man Tee (SS26) “White”, Medium",,£89.10,+£3.38 delivery,3 Mar 2026,2,Brand new ·,https://www.ebay.co.uk/itm/157720394987?_skw=supreme+t+shirt&itmmeta=01KJZHS4JDVZMJKJDEXA5PHM1Y&hash=item24b8de3ceb:g:gdkAAeSwu3dppcm0&itmprp=enc%3AAQALAAAA8GfYFPkwiKCW4ZNSs2u11xCXHMI0pFeFuq5cD4o5dPeeJeUvxwUenV4I%2Bgbiegbznwj1U5WZsqTQz%2F4BaEArYButd9N2QmM4ELqx0bzCgGPdsle1o9EgzEJrU9CZ8iW7auqJIJVbdGYtNatuFQRk9Mdo2YqzTazMDVJZOpq08LxhOHtnUvPxT18TnN3kXDlYGwq3jtZKocCK3tfzMoRgKlcmw1XZThoo224gV73fjHGr6zD%2BTmjFUgSNrWac7duxSrQ831rpEig7VSId8aMM5Rqi0FBN5IPxHEugI%2BEdr%2FIVcrFbO4pDLXfqRRrXongiPg%3D%3D%7Ctkp%3ABk9SR7LJ5PGXZw
Supreme UNDERCOVER/Public Enemy White House Tee Medium Black,,£20.00,+£3.55 delivery,3 Mar 2026,2,Pre-owned ·,https://www.ebay.co.uk/itm/127679303131?_skw=supreme+t+shirt&itmmeta=01KJZHS4JD58QXQE2T938EZZR3&hash=item1dba478ddb:g:LjYAAeSwyBdpjMf5&itmprp=enc%3AAQALAAAA8GfYFPkwiKCW4ZNSs2u11xCBF5FisV5fiAimuEmsxqfk6Hz6r6k91tdEN7gYXba5B2y0QeYxwgaNidI%2FIjF6aOQgVVPcdy9xLS7wIsX1UpY8hSIDLlvySyyc8G%2FxCYsY3qQ%2BTHPihiMMWb2mc34%2B9%2BKU0F4O58Yof3RKtCJs6QX25PZ5QKQtaivARgnxCFuWfNa8oxdXsfi71ZSv8puP5CcBXizYOY2B23I0YbOb17d5KuTcjEyJF97sb8W7lvjpED732tF4OA1CYlKQeijJkVk79xPYNIKRmO1VwLzs%2BCk4Zd%2BcSS9ndhNOYiqUU%2FQYrw%3D%3D%7Ctkp%3ABk9SR7LJ5PGXZw
Supreme Arabic Box Logo T-Shirt Size Medium ✅ NEW ✅ IN HAND ✅ FAST SHIP,,£70.00,+£2.94 delivery,3 Mar 2026,2,Brand new ·,https://www.ebay.co.uk/itm/287166541166?_skw=supreme+t+shirt&itmmeta=01KJZHS4JDCRS6GJW2XY9A2KBD&hash=item42dc75ad6e:g:jd0AAeSwWTxppJsb&itmprp=enc%3AAQALAAAA8GfYFPkwiKCW4ZNSs2u11xDDHaH%2FJPQpESPsQmCB7pOw4IvMDBvHxzqXMu%2Fwbze3LIEnMS%2FyH5yORnUn9V%2Bl1asaywTLU0euHvLHsYYXbtzaJ0LGGRkApzqP9fEcO0z05%2FNTITn37A0r9oP2ivpPS2Afu8ld4YS9emyA1OcH9F9bmDDjTFEhsPE724UW7R%2BZNZ3aiRiEC64xMvGDxsevQh%2Bunlv4LNj4MzjZMBOzi2ZfpVlvDTPju%2FComdLueDwh%2BWusDNGIbfZdR5Zt9UMhN6iuB0l5AymdalwQuNPDNfQCUlI31lKKSUXyx0j7noOI3w%3D%3D%7Ctkp%3ABk9SR7LJ5PGXZw
Supreme Studded Football Top Black Size Large ✅,,£170.22,Free delivery,3 Mar 2026,2,Brand new ·,https://www.ebay.co.uk/itm/137074799753?_skw=supreme+t+shirt&itmmeta=01KJZHS4JDXJS4VAXDP184RDTV&hash=item1fea4b7489:g:iCwAAeSwiVlpoHPh&itmprp=enc%3AAQALAAAA0GfYFPkwiKCW4ZNSs2u11xB4JsDgU2Gsk8p9a8y%2F8Up2xo7tlNqTeKhLRDKfezx5ZY%2BZy0e7CAwEEnVwKKiwxAz%2F9Rej5PyYn6NH3rPujTklPR0w%2Fb1G8wDC9fpsNK1Q%2BSzrtg76MHpARoH1mXpPcUqjwuqHudnPFXFtzhfzx7LIj1AA6k5BdzgouPpAIeRzgUodESMNOy2sAdqEsKf9W5d7pkuYjo6eKeC4XiT4rk1L8Foj2iJ2hNpT7L%2BV6Y37oE0cmYr8ivAY4y8a6SXK%2FEY%3D%7Ctkp%3ABk9SR7LJ5PGXZw
Supreme x Spider-Man Tee,,£75.00,Free delivery,3 Mar 2026,2,Brand new ·,https://www.ebay.co.uk/itm/236656954064?_skw=supreme+t+shirt&itmmeta=01KJZHS4JD94TJ0VWNTG5K8SBK&hash=item3719da8ad0:g:Ya8AAeSwShFpoHA6&itmprp=enc%3AAQALAAAA8GfYFPkwiKCW4ZNSs2u11xAsPW7LYk8GbxqPYPtI24yiYjpQNQ54lpCDYkVvDSWcALrPUTumNodLT3QGrHpD%2BlQevjbIOLjGuQzQvp6IE3u0YmIs6zFiexFUO9erUheGDHORMTKtU2Xi2E8KRNq3kFuc1uH%2FaRuNkyx5%2FNu7A1TjOWkBdfD5g86NhZVyFLcJ9AuV%2FQS7S%2F1Z%2Fd9mxbPK3RRpnK7V%2B9zA2XljP9unSfEwxtuCZarU8FELgwZuKnRFg%2BTZgpTHMk7kQNGX%2FkXwNRO30BY%2B9WaEjqng0VvKqsSnfB0wXifvEY%2BFGZM08KkIfg%3D%3D%7Ctkp%3ABk9SR7LJ5PGXZw
Supreme SS26 Arabic Box Logo Tee - Heather Grey - L - In Hand,,£89.10,Free delivery,3 Mar 2026,2,Brand new ·,https://www.ebay.co.uk/itm/267588044112?_skw=supreme+t+shirt&itmmeta=01KJZHS4JD0WRXZ1KEKVCT3Q1W&hash=item3e4d7d8550:g:wAQAAeSwplZpoO5y&itmprp=enc%3AAQALAAAA8GfYFPkwiKCW4ZNSs2u11xBNHiaykQMKYYdWi84vO6evTpDURcWm4oL0fyDCH6PXZpdXmXamsVUC4OGJV6H2P0sX5iJ%2BmOPICNQlU8mgbKi0dwW0%2FcI1s1AbpD%2BA965s4Ur%2BOjsrSfweXCTvr22k3q1hDwU%2BeCjoDghwHgy68B2D8DeWNohAJoa3Apbnr5UcEAnL9xo8Yhxb8rV5iWyVgtybaNDINkMX%2F8mVYMTC3UjqH8MVSFwc31H0lwQRzBt0PL1h2JIfY6s3kNWINn%2F36Pm%2BZdKfTppZCdmiKQrGOOEnWl5E0LKLubjy7JBGwqBNXw%3D%3D%7Ctkp%3ABk9SR7LJ5PGXZw
SUPREME LONG SLEEVE AFFILIATED FOOTBALL TOP 🔥 MEDIUM,,£115.10,+£3.42 delivery,2 Mar 2026,3,Brand new ·,https://www.ebay.co.uk/itm/287070852141?_skw=supreme+t+shirt&itmmeta=01KJZHS4JD8FWTQYJJTR1DJ1K9&hash=item42d6c1942d:g:SFsAAeSw9uhpZYWZ&itmprp=enc%3AAQALAAAA8GfYFPkwiKCW4ZNSs2u11xDfa7uzMrXWnHRQwCOWlJpDfWfKrNLkmqyU%2F9gl73FJJqnrDr2ftldK3V1vr1bWiVzJys9yheVFXz0mKfMaobdM97ySb4ZAVm95a6VRUllfp8SlB8fQdqXdO%2BAkaLpiRLLROO52LmNT%2BUTFqXdu%2FAcHQW0QeHSf18%2BTOrgQa80VwbrJncY0v%2Bv6Bt8roggL4n%2F7IkoMqb5cuejEZn7NzIcHbq9zApPyITzxDtG3vKXvrA6tEbH654w20W77uCMpY43A4KPgMkN9TM7%2BA92NF%2Bc9qhiM21hnx0yU4Y5dArs6pw%3D%3D%7Ctkp%3ABk9SR7LJ5PGXZw
Supreme New York $1M Football Jersey T-Shirt Mens M,,£90.00,+£2.94 delivery,2 Mar 2026,3,Pre-owned ·,https://www.ebay.co.uk/itm/257346031846?_skw=supreme+t+shirt&itmmeta=01KJZHS4JDK8XWA366ES6D6RRV&hash=item3beb04d0e6:g:S5oAAOSwS6hn4vbC&itmprp=enc%3AAQALAAAA0GfYFPkwiKCW4ZNSs2u11xBYAgEwO3reP36nV88Mdbsg2cL8t4eXcEfid9bXWVTp8OGRMQCJkunLQRsfc%2FuUMoRgEK1fdODY0AvcyOS2kgWOwze4SrerZz%2FXIDXQgXWg3evIB2BkmhzZdnNb%2BcpslK9DvGUulZgUZExxvFA6Kz6XVY7rszzOmWBj%2BAfiFAt4M2%2BblGVXg6oc03PT8xc26xnShuNIZ7mWhFr8ljjBUh9x09eIs6sBFI%2BX%2B70jGd5qzizx9a9gD6lVuWj7ISigvnI%3D%7Ctkp%3ABk9SR7LJ5PGXZw
SUPREME PLAYBOI CARTI TEE BLACK ⚫️ SIZE MEDIUM IN HAND 100% AUTHENTIC ✅✅,,£50.00,Free delivery,2 Mar 2026,3,Brand new ·,https://www.ebay.co.uk/itm/297574053667?_skw=supreme+t+shirt&itmmeta=01KJZHS4JDGJFK3Z6MKSH9FKQ8&hash=item4548cbb723:g:n6oAAeSwNBxosU7o&itmprp=enc%3AAQALAAAA8GfYFPkwiKCW4ZNSs2u11xAexXK%2F49mXxiJWMgCvGP5uzLGH6yEbAJuNoeGt1uQ4ruVCYcAIsYNSaNTSWBYM8b6f71YBaXpa2296Auy6YlgJVEa5oDTYTpFZDlx%2Fp8FYOWYZK2HCGqFDkLHIP6rJaN6oPnNOw8hc3SKUs4TL6rtETjw3gMSiMshDds6Wtfb7YxGEyjw6asatWMw%2FvDz6gGnPDM6WfSneIVUjdBSZPnvCgMyrkqNO%2Bn2oYtWsQKxQJkGsies1Rq9OipJmKdyhaUohJM3XoZk20UrDnrhL698OWHIjiIX4sOSJDYHjnW7JmA%3D%3D%7Ctkp%3ABk9SR7LJ5PGXZw
Supreme Scarface T-Shirt L,,£40.22,+£2.94 delivery,2 Mar 2026,3,Pre-owned ·,https://www.ebay.co.uk/itm/336157445099?_skw=supreme+t+shirt&itmmeta=01KJZHS4JD90BW0HGRH39MT1SY&hash=item4e448b8beb:g:ERMAAeSwGgtotshd&itmprp=enc%3AAQALAAAA0GfYFPkwiKCW4ZNSs2u11xCyvU84mBh0fU3DPYwNEcdmE1YZrPqPdJ63C7MCqCp41e83w8W9sngKwPZUCCK%2B21x1RvfdRCjCUxzAa%2Bh8qe9EJEA7fIdlWm%2BveLPs0GAgVpckwu%2ByCjn5c%2BG9bDNu%2B2O6845L7ELnf5iWwxqZBdZoC2AJR6MDCp9UjMVyZZJFQ8eoPRjI3Ebf4jTFs%2FcLyXYnzdN3lUiMIUKOiNnHdmKNUJAlhOy9OMKEEMQaPITtTi47B3puggiB86O6fwsODpo%3D%7Ctkp%3ABk9SR7LJ5PGXZw
Shop on eBay,,$20.00,,,,Brand New,https://ebay.com/itm/123456?itmmeta=012DEW30YG0MEEKND7NH&hash=item123546:g:acwAA9KNiJowH:sc:ShippingMethodStandard!95008!US!-1&itmprp=enc%3AbgepL1tlUHjMGCVfSTGJh%2BzsVKeJ3CQk7NizDI4BZeppuFnmyS6Ijyp8lh%2FnEw%2BWqO7uTV1Q6izE1R0T54aV8j71F4xlWfVcGft4%2FiOQhtqVXA1rW6M1atPARQRmhqUxtEPJKhKtSFgI%2Bvwlzb0GwVCtkp%3ABlBMUObkmabpYw
Shop on eBay,,$20.00,,,,Brand New,https://ebay.com/itm/123456?itmmeta=012DEW30YG0MEEKND7NH&hash=item123546:g:acwAA9KNiJowH:sc:ShippingMethodStandard!95008!US!-1&itmprp=enc%3AbgepL1tlUHjMGCVfSTGJh%2BzsVKeJ3CQk7NizDI4BZeppuFnmyS6Ijyp8lh%2FnEw%2BWqO7uTV1Q6izE1R0T54aV8j71F4xlWfVcGft4%2FiOQhtqVXA1rW6M1atPARQRmhqUxtEPJKhKtSFgI%2Bvwlzb0GwVCtkp%3ABlBMUObkmabpYw
Supreme Arabic Box Logo Tee Black Size Small,,£68.30,+£2.94 delivery,2 Mar 2026,3,Brand new ·,https://www.ebay.co.uk/itm/267588855997?_skw=supreme+t+shirt&itmmeta=01KJZHSBSDF5BNKFFBRMKVK219&hash=item3e4d89e8bd:g:eY4AAeSwWZ5poMWm&itmprp=enc%3AAQALAAAA0GfYFPkwiKCW4ZNSs2u11xDIzdvhqbVb1H%2BiNqcMlEcxl2CkXk98TaLvBktafzR%2FLCo5H%2BUU%2B69w0nbOxzfpI8HHhZyI1iMWVH63hVuxG0lLd2M%2By6m5x56B67G6F5TueS03u3XWMazpXiSY%2F9VlFWP8TCq%2B%2FNLAi%2BkmV43Ml%2F7hlvjXQ%2FFUJXUh7FvWV19LsYti0O3H%2BfNMr4hnWb1DIOVFVRMx4pDzxkK7MWXuEThrbjjfDJCEvuiFk8TmkYiZ%2BbKatV74QjAPSpM%2BhflVvu0%3D%7Ctkp%3ABk9SR4C95fGXZw
Supreme T Medium Black Red Graphics,,£10.80,+£2.94 delivery,2 Mar 2026,3,Pre-owned ·,https://www.ebay.co.uk/itm/177223263132?_skw=supreme+t+shirt&itmmeta=01KJZHSBSDW05SCJV712HX8B9C&hash=item294354639c:g:GD0AAeSwQ35oXHre&itmprp=enc%3AAQALAAAA8GfYFPkwiKCW4ZNSs2u11xAeZf%2FvnAOSVsP3cXTpOvLB1VKEcaJHaQzHv1yvXZwcE4ErUB3tRzrpPwW7e6i%2Fti78ARqHRsp2yfWIifwuXOGhspkSwS840Cf6o1OX0HzMaxUo0%2BllwxxKC%2FfZ07WE%2BgdrC4maJPev5ss7zJjkiKn531AiEng2QleTXm4SrdBZfCBCaUsp833a1Ycx1JbN9Z2rrel%2Fve%2FTBCBOZHWMB7iZgFP%2FfQbEg3MJ5dwz0Ix%2BhlWPdtwdx5ucZvjzhXxZdYM7Y7Z4l3Ggbc8EIQy16jRrpLN6uRqL2--WFjgB8sGFbw%3D%3D%7Ctkp%3ABk9SR4C95fGXZw
Supreme Spider Man Tee White Size Xl,,£73.50,+£2.94 delivery,2 Mar 2026,3,Brand new ·,https://www.ebay.co.uk/itm/267588870453?_skw=supreme+t+shirt&itmmeta=01KJZHSBSDR764Z0AVEGAJ0M71&hash=item3e4d8a2135:g:PfoAAeSwcSZpogLN&itmprp=enc%3AAQALAAAA0GfYFPkwiKCW4ZNSs2u11xB10EsZHDhuTVdwiF%2FVZ7%2FNOAqqJ1lexIbmP15lx%2BhnyMKeMnBcKMnyDoHAzvT%2BQb5wKWxjsJKkaJdq5Sis38DzJGKdhCmS4Qle7nxXztB7gAgAKIVm1fgBov%2B59M382GGbk%2FFFccAkZKUEDMjA8miSX7TG4O1x8DwTdIdjv8o2nSFMN5yUkdOsQdICjZrPPphVsZu8RNywizPRSua%2Bv1WNJQmP%2FVhbhMS%2BfrnlYfWOJ1d26DKVZKsurHKNCFZ2Cwo%3D%7Ctkp%3ABk9SR4C95fGXZw
Supreme Arabic Box Logo T-shirt. Grey Size XL. In Hand.,,£63.10,+£2.94 delivery,2 Mar 2026,3,Brand new ·,https://www.ebay.co.uk/itm/389675532605?_skw=supreme+t+shirt&itmmeta=01KJZHSBSD3ZMHADW89NZSFJE6&hash=item5aba78c13d:g:e1UAAeSwNdVpoOBG&itmprp=enc%3AAQALAAAA8GfYFPkwiKCW4ZNSs2u11xCGjQa95h%2FjI056hbAJfjWXZallkuTOBxzvAVZn52IAeSL9qM8IjPILyTpIvVGZvZ0kWlS%2B87nUUPqBG3vYEP9C9FjzthgO6MfdMHj7k%2BSPI0V9ylHrnUogdF9XESGddHWai6eNUM%2BNZjjx2f5P0wJYXR8vr0v6YOS8xnE2zAtwgNaH8wBik9WzHHuKN%2FXNBDzfQ5GEtX5l%2BPjv%2B04BNIgVb4akEMTvmTNlsINIJ66wQrFTPcUPgxMpvZ7YV69%2BkCYy3GN06FswoNrCMuskRn60K2D9NJu7676sN2t%2FusHOHA%3D%3D%7Ctkp%3ABk9SR4C95fGXZw
Supreme Studded S/S Football Top Jersey Shirt. Cream. Size Large Confirmed Order,,£250.00,+£3.42 delivery,2 Mar 2026,3,Brand new ·,https://www.ebay.co.uk/itm/397664798869?_skw=supreme+t+shirt&itmmeta=01KJZHSBSD2P5TMZQ0MMPJE8SH&hash=item5c96ab4895:g:xw4AAeSwD8NpozaX&itmprp=enc%3AAQALAAAA0GfYFPkwiKCW4ZNSs2u11xAnBPGA%2BBollQHfB54MrLLFQTyziTEVg8E4JM3X6YEBKi7lyfjhogBSsC5ZcrXXdQY8Ip3BXHWqhI6W3g2MXRjKrbcLQKrXJlxe5jUlIVVgHGQVm9HAQlYJnAklQLyAEndp4n7F9HqoQmwG5O3tos1O%2BIPtsnU%2BFFvpdTX6ScUXc1SMUtrXwCFJu4Zjm32lWZbmFngXUvbgTmL3bkxbA5I%2FWNzZGVR55geaH%2BYijleQYm9VCQeGI1EikV7%2Fs9TKafo%3D%7Ctkp%3ABk9SR4C95fGXZw
Supreme Arabic Box Logo Tee Navy Size Small T shirt SS26,,£57.90,Free delivery,2 Mar 2026,3,Brand new ·,https://www.ebay.co.uk/itm/198144881848?_skw=supreme+t+shirt&itmmeta=01KJZHSBSD7V6VBBVK1XD0E4JS&hash=item2e225af4b8:g:mrEAAeSw3uJpo0Hy&itmprp=enc%3AAQALAAAA0GfYFPkwiKCW4ZNSs2u11xCBLhXvijCYO4JbH%2FSQpIVGtHQI1zNZU5zCxK8QvVGs9nwjMSNQ6GxEE7nrCOgzPpkkwKiX17KCyMNbu6WF6hEs%2B2ggRUyQztbGjSRNlTjElA8SFmzQe2vi7%2BDjU053FkZXz3rX6AjTxVQrAkV93VQv%2FtMDQ5aqqkjpmi3HdsHGzOBGHTfhma%2F2bFcYIaLmeUvY6f1%2F3n5CTAKIav1jFRSvZNyb3ZQXreUNbWWvUs0ANK7FkZ8AgYqsnJDbcDa5Ab0%3D%7Ctkp%3ABk9SR4C95fGXZw
Supreme Arabic Box Logo Grey Tee Size Medium Brand New,,£75.00,+£2.96 delivery,2 Mar 2026,3,Brand new ·,https://www.ebay.co.uk/itm/127706735038?_skw=supreme+t+shirt&itmmeta=01KJZHSBSDRBVHQSNHJBJ36YAJ&hash=item1dbbea21be:g:5vEAAeSw5tppoIVz&itmprp=enc%3AAQALAAAA0GfYFPkwiKCW4ZNSs2u11xD4GxbxKGKsRs4GASibtb0vI0NQtK9E5RDW5CqFldwGGTpeWQJDDmS31s2iV2Tmjax9dyvMAkhDy52f06EVUuJoX5ENmzfh3O95%2Bfawpeof3jhfsq3FsImThuHPEYWKFvkh37efkQMZq82rCmp7ZkQ70VPaWbwrf1fruwBOgukqJ%2BcLqAxuh0%2FbqcqPqO1Evq471k3Q4lZSABBolTvoCb0ZlUXo1YQnqEtNQARYyC7tslReGBXb68MSvdeyV0Rk4qs%3D%7Ctkp%3ABk9SR4C95fGXZw
Supreme Automobili Lamborghini Hockey Jersey - M - Never Worn,,£20.00,+£2.94 delivery,2 Mar 2026,3,New (other) ·,https://www.ebay.co.uk/itm/236651281993?_skw=supreme+t+shirt&itmmeta=01KJZHSBSDSNZPHGDCKCVWFCS1&hash=item371983fe49:g:wj4AAeSwWC5pIONc&itmprp=enc%3AAQALAAAA0GfYFPkwiKCW4ZNSs2u11xBVO%2BCodad4gvKbT%2Fi3uu2CsCjFk8MmnxHi5hobxZJ1z1i7wcFvvRN4UE02kiPfUcTyJg4A83RcLGDhHAOJbJmeRRO0u%2FJLyne56KZLLczd1dsCg2FXYjGslkpIXFudX4RmkayXjmbHHVmhOQKGpvzgRVIb6epIgNqTcTgJFFwKHzTeYEXrsdyGDOauKv3vpPkoZED7Gqe8uIppzbfi7J%2F42CYFQSxdZ6WfAKPEWXyjEOLKd5RwkazWNbYHBCDPoEI%3D%7Ctkp%3ABk9SR4C95fGXZw
Supreme SS26 Spiderman Tee White ✅ Size M IN HAND🔥New with Tags 🚚 Int Shipping,,£73.50,Free delivery,2 Mar 2026,3,Brand new ·,https://www.ebay.co.uk/itm/287170273348?_skw=supreme+t+shirt&itmmeta=01KJZHSBSDWRZKT6TNFNMMAT41&hash=item42dcaea044:g:1ugAAeSwRJJpocmm&itmprp=enc%3AAQALAAAA0GfYFPkwiKCW4ZNSs2u11xDz9rT%2B95pl8w7dsjUCKFEmXNtmMgZBy6tIqmrkhvS3yYRz7VKvkVpYKblvNyuzsokLhoajMM40Q6n09oBho34AdIZDkTIRfY4bC0dkN8MKSybkidjGxEqyjcRGoIfAATREDn5yY6%2FV14pn1cxHcYEIOIZXEyfDnlS4BiNW9sJ4ARL3LF749aBqlEAogeybYM1ePs2fqK6hYVF%2B71Vtr1D%2Bk4LZQlJl7ZRJ7op6sSExCVEXctgWiRLmJspbPXRdLzc%3D%7Ctkp%3ABk9SR4C95fGXZw
Supreme SS26 Arabic Box Logo Tee Navy ✅ Size M🔥 New with Tags 🚚 Int Shipping,,£73.50,Free delivery,2 Mar 2026,3,Brand new ·,https://www.ebay.co.uk/itm/287168457234?_skw=supreme+t+shirt&itmmeta=01KJZHSBSDD31WYNF7XG3V9X24&hash=item42dc92ea12:g:5DsAAeSwS2dpoIZj&itmprp=enc%3AAQALAAAA8GfYFPkwiKCW4ZNSs2u11xAtq97v692xDcQYFX1qbF6cHrDcxwQPAtESQnQR3P2BbrTpT28AX6eIoZo43sTMHvy0Hbk7LvOkuDnDGt4UPtS4KFyHDDLd5Eun47%2FC0Id6VYTGPYqjznL6h5IFtbIP%2FavGIyK59zZ7ItXSVctknPOqchuw9%2BPz2opSv2RX2DQIIgSaVFvuC2Tx0erTBNPboL9RSyKhVj8yV39qbOu6%2BjJue1ihuRHIUkxbvvgRJr8Taro87qFlGyHewOSNGtAJTpYagn27eOCnbR88rCRFJGzLZkOyhnT5kGD2Genj%2F4VHNA%3D%3D%7Ctkp%3ABk9SR4C95fGXZw
supreme toshio maeda red long sleeve,,£52.70,+£3.38 delivery,2 Mar 2026,3,Pre-owned ·,https://www.ebay.co.uk/itm/177764820432?_skw=supreme+t+shirt&itmmeta=01KJZHSBSDXY607NDV5F98N3T1&hash=item29639be5d0:g:c5QAAeSw~DNpYsQF&itmprp=enc%3AAQALAAAA8GfYFPkwiKCW4ZNSs2u11xBKRgKYa7zQPUkVfxIcRdOV2mU6E2T3e9B5VS4imSX8n5isLQlfkOtlGl5NQxPwUvwKcX%2FUI2kI5WDOJeo%2F96yzlPvYapU3a4JrnDoqU9ehOH%2Bzar0o%2B7rNtOeV4ZxS4umzqAQghaekV13eaed69SAKctdgY8F0mjO4NhjQeR%2BUEcnjKlBrXBJk1rGXYtVFYUCBdDMZtSjg676vqqEixPgjY6QUWSM732pqMQtO%2FAHx%2Fkq6con3DOw8npKf6LhF733ed15yk%2FG7EEr5yZFkb9rV7sd01pJqWwXq9nW8iCve7g%3D%3D%7Ctkp%3ABk9SR4K95fGXZw
SUPREME x HOCHSTEL Men's T-Shirt Size: Large VERY GOOD Condition,,£59.99,Free delivery,2 Mar 2026,3,Pre-owned ·,https://www.ebay.co.uk/itm/403693286822?_skw=supreme+t+shirt&itmmeta=01KJZHSBSEHFXAZ34GVJ3GQK44&hash=item5dfdfeb5a6:g:GPgAAOSwgHhilzOn&itmprp=enc%3AAQALAAAA0GfYFPkwiKCW4ZNSs2u11xCnf3JLz29l9LvvDhlsUjwWgF42SfyDMcJDC0utsmiDkpIf3A8w40JGiXn5NtEWMI0YGRqJfFmVFQsfMOOqdOG34mrkTw%2FNybhjG7wA1xkeErYiWJ%2Fafl2aA3VA40AyAVTQtQKRQF4SHv759aJISjR7VUHnuZE%2B9MHybFXt6gvWOZUWFc5GLj%2BFyjfGKwgx1KIHh2ZAWyCD2DySI6iaeo0t3dQPEzRHiKZt10u5OloGA2jVzKpn5DHhlkCC%2FhaX66I%3D%7Ctkp%3ABk9SR4K95fGXZw
Supreme x Hanes Bones Thermal Crew Top | White | Skeleton | Size XL | New,,£59.99,Free delivery,28 Feb 2026,5,Brand new ·,https://www.ebay.co.uk/itm/317840265265?_skw=supreme+t+shirt&itmmeta=01KJZHSBSEFZ1YK3TFJ219TYAD&hash=item4a00c19031:g:UKYAAeSwDkJpg0WK&itmprp=enc%3AAQALAAAA8GfYFPkwiKCW4ZNSs2u11xD3MSMwh6yH4KsufClkS%2BTMAfWZ63YI3f%2BMdLQC3IAAO4n0VfZof3kDslPdoJgJsi%2FjFrQE0SghYh7wYUVnJIPoqcWFxQLVciTJF7lFmqcMZMHLC%2F7PopDfHVTg7pD8BDSARONHvsWcoRz8VPZzxbh0Fw2VG8kqJXzk9hn82L9ipnSHq7s7aK0AY26WLUAkT6lBc75xse8Sn7bUxzPlCDtuCw7WnPiZ3Q9pnehcDlgwSb%2B%2BnEAlGVps%2BiHiwW9AtqeLV7EC%2FaV%2BBi9n9v33Boi06jKj%2FTETQaIwNJ2keofiCg%3D%3D%7Ctkp%3ABk9SR4K95fGXZw
Supreme Spider-Man Tee Black Medium - In Hand,,£85.00,delivery in 2-3 days,2 Mar 2026,3,Brand new ·,https://www.ebay.co.uk/itm/358262203401?_skw=supreme+t+shirt&itmmeta=01KJZHSBSE1XJW0HPHDPKY220P&hash=item536a176409:g:NdQAAeSwGoxpoLTJ&itmprp=enc%3AAQALAAAA8GfYFPkwiKCW4ZNSs2u11xAyqnfZfDkbLivOvLEdFJ4QnZmzEsaq1zn6d6rFysMJy3Xsb0w0l%2F%2BaUtPhbstRN5r4vJUTEVXW%2FCb7rZUQyVfoN%2B%2BeotVHt2dIxrB5BB85vMwA9NB9jGiyo0LUsIlUfXzA8q9QHNIGgUWywX2mfmufBKlF%2BtSO6AWVjy5KwQDkJ0QiCk5wO%2FdYtm0XUCzANbu%2BSewV7FW7KT9h9RZ12pWIr9oP6l8O2eC32KwaY5%2Fkj2Wcfi%2BNe9yh1hAPN6m%2FpFc4cnQKa9AA3Q5Tp8l4%2B8ospmrNBfRmq9ypSBN8nHZxZQ%3D%3D%7Ctkp%3ABk9SR4K95fGXZw
Supreme SS26 Arabic Box Logo Tee Navy Blue - Size Medium - Brand NEW + Stickers✅,,£79.99,+£2.94 delivery,2 Mar 2026,3,Brand new ·,https://www.ebay.co.uk/itm/376994312339?_skw=supreme+t+shirt&itmmeta=01KJZHSBSEANFFA0TG662HABM2&hash=item57c69cb093:g:Wm8AAeSwdGppoJ~4&itmprp=enc%3AAQALAAAA8GfYFPkwiKCW4ZNSs2u11xCCUdrStt%2B3aggiXeNuyt4le9wQ3uvptTnVFRq%2FTqbrq8KtR9%2BUt4DQ6i%2BZxUmcDncMwLpc78c2Ssu3ZckM7DAVi3OWW90uVfZ0QyTO4ozJFQZwtWZcLml%2Bm4%2F8F2DH4HAOaOUQYhBMhiFnJT8vu5MK%2BaB4dWAlS1Q5pRCPZrC3hCRziYeTSAhfSUJuTz%2FeYsyyUhF9lI81IbuYpECesGcT3P424MDI34HINIqDDMoxmdOi6uT2zFyx2pGAlkCg2hsz6RJQ%2B5qva%2FlscQx7OL6HBcpmcCDst9Fd9UwkIDZ3RA%3D%3D%7Ctkp%3ABk9SR4K95fGXZw
Supreme x Corteiz Rule The World Tee,,£22.54,+£2.70 delivery,21 Feb 2026,12,New (other) ·,https://www.ebay.co.uk/itm/336419291630?_skw=supreme+t+shirt&itmmeta=01KJZHSBSEAGGN9KVWR7M5VTMN&hash=item4e542701ee:g:~rMAAeSwsfJpggz-&itmprp=enc%3AAQALAAAA0GfYFPkwiKCW4ZNSs2u11xBOZVAkPoJ9OjwCR21wB0Mle0fflkQ8yTmRpMy%2FCkPwrGo31kuIAHigeP2zAL2hpiWpSogdQtZBhZX3wLI3PvEno67w45v9mA0CrNJVVqSYXKN7syAPOQAIN9ZDUUSc9bjEv7bmF84MghOoZ3Pj0z49EPr951wzD6x3QFW%2B%2BrNr1KPK2lAAkrbe%2Be0zYh%2FX%2B41bOIHc1NOIaBdzrTwOgVfeVnzvNIBgFyctAapKLQFCMiCv4Xnrec4KVPGSSe8%2BViA%3D%7Ctkp%3ABk9SR4K95fGXZw
Supreme Spitfire Classic Swirl T-shirt Authentic VCG Size UK Medium C,,£25.00,+£2.94 delivery,2 Mar 2026,3,Pre-owned ·,https://www.ebay.co.uk/itm/287151616468?_skw=supreme+t+shirt&itmmeta=01KJZHSBSEX7NPB00Y9MQ1XTSM&hash=item42db91f1d4:g:UAgAAeSwLQFplw8I&itmprp=enc%3AAQALAAAA0GfYFPkwiKCW4ZNSs2u11xCvlyyvrkLgrjaj51cXCPmlWnCqJFetgqhb%2FUlieHFOV0Kv7Dvmms1i9%2Fo9aVlo0UvpEx9B%2BcdvEPVScTASza%2BzGItDTY8YtoBbvaHLPvHe4QRVTnm4%2FGwKFvoVYq2AnOAKIRH%2Fcdp4KBYySsan41u3qAhgFrGvzjyY0OVlKGH%2ByzyRKs%2BaqoHz%2FQTHZX5AfZr60XawHtwA4TkpwE42asOOOkhOnSi%2BBN%2BIE%2FRHnV%2FF%2FPP5Y9CiQom7Vvw71V7LwDY%3D%7Ctkp%3ABk9SR4K95fGXZw
Supreme Arabic Box Logo Tee White Medium - In Hand,,£85.00,delivery in 2-3 days,1 Mar 2026,4,Brand new ·,https://www.ebay.co.uk/itm/358262207617?_skw=supreme+t+shirt&itmmeta=01KJZHSBSEMDQBD5ARJB53KVJ7&hash=item536a177481:g:PsQAAeSw3wlpoLTu&itmprp=enc%3AAQALAAAA8GfYFPkwiKCW4ZNSs2u11xA9g0H4g9cClGYMWKx1mAq%2FbEHN0X2TCXqc7Thiye168tbiWGqfk4F5KllT%2FegqkyhudexywvDU2CBZ5wUX41kttr380hNr%2BgWL3ZJ1%2FrZn2D0%2BWX9aWtnNaM0y2OtS6omTTWDC85S3lF%2Fx0TpWX7ZaaW92aiBRUXGet%2FkIlMR%2Brn6A1rONnE9Yl7Trxom%2BkbIdnO%2By29BUiRn0eUoESCb37mO9VnJzt7NtUHwsnb7MinYfJdH1RLJy%2FB9fajUC3JJGQ0VJwQfk3qaqkQJfm4l4MmoO4ii%2FT0T%2BE5Zc2Jf%2BEg%3D%3D%7Ctkp%3ABk9SR4K95fGXZw
Supreme FW26 BNWT Spider-Man Tee Brown Size XXL (Confirmed Order) Streetwear,,£89.09,+£2.94 delivery,1 Mar 2026,4,Brand new ·,https://www.ebay.co.uk/itm/397653714347?_skw=supreme+t+shirt&itmmeta=01KJZHSBSE7QR4HH12H5WRFWWA&hash=item5c960225ab:g:eOEAAeSwY5RpoHSs&itmprp=enc%3AAQALAAAA8GfYFPkwiKCW4ZNSs2u11xDFS7fdV83131TLkj3yIy8QBV2irGkjZ%2B4nKmkZw9qDYfeQFCT4hs8BG9qElg2IRmjAvwQiXqGIP3IX5hjc43f%2BOzfOqcOZon%2BFKJE6pnXyZ%2BItI5Rc2ZRUtftNlnJMZyKJN%2F0edhVHi42uJXJkQrL4T2q6IcCm4oqpbIkVOfJLXTL60ObnFn%2FwPZ6TAGV9HCSCdnyxRJ6h6BLdwb1nANNgo29zZmOeTBU9x2vdu9OsLaB7kx1rV3tg9NPQVjw3MvMSCwU%2FIqMpmRvbJdCG63g6hj0ZomWefkLvTj0F0bvybQ%3D%3D%7Ctkp%3ABk9SR4K95fGXZw
Supreme Tyler The Creator Tee Black - Size Medium - New,,£47.49,+£2.96 delivery,1 Mar 2026,4,Brand new ·,https://www.ebay.co.uk/itm/336224800610?_skw=supreme+t+shirt&itmmeta=01KJZHSBSE0D7ZTA5F59NHY659&hash=item4e488f4f62:g:KnoAAeSwU95o6neO&itmprp=enc%3AAQALAAAA0GfYFPkwiKCW4ZNSs2u11xAnFeRfqaWuEXUqtHE4jn2fKDSGKR5nDjCX5fhyItJme9fbhlJCsLsmvA1cr%2Btwocrf8M8JNh2kITSOOK3riOCpIyUki8XtJwHxK%2FOy3To9oNwUkh4TP%2FIeDpJrXij8Z00dxWPMtKzbGsIG5z95Zxsf5hDMiHH6rxEngVyjPUPT7%2BGovBpOhRQOIau%2FO2LV7iF6HLA5oDEBEEa3EIGhHXAHVHomyn%2B1q9XCE7xtKeAdi2JYQLsHHakKCcWX8CzBoMk%3D%7Ctkp%3ABk9SR4K95fGXZw
Supreme Arabic Box Logo T Shirt Camo Medium,,£78.70,+£2.94 delivery,1 Mar 2026,4,Brand new ·,https://www.ebay.co.uk/itm/358262686378?_skw=supreme+t+shirt&itmmeta=01KJZHSBSEM5MMGSAR98KDGKT0&hash=item536a1ec2aa:g:jUAAAeSwwhppoHKG&itmprp=enc%3AAQALAAAA0GfYFPkwiKCW4ZNSs2u11xAwddQwaWLLjdMJod%2Fr1lEzjvcTR2JEsRat5%2FHiZ%2BTjBRpVWlJlmOyVQ1RfQpQgq34UwdLEgYmXcTOTE5URImHPFcOZ%2FXHIIn16I9gHKdcb0v0dOMkSJqZIB9UmeItE4Haqtpf7vsI95ndP9wfBvDsOdpV2XttPSHCxi5bk8gUK4gYgrfb155FpgB8aL03HeGgfgJx%2Fh5FkFOZemyNGqWYjdKC1KEsFgsTnQQozLqQNu3EoSxybnNnBs7tQslOVb7Q%3D%7Ctkp%3ABk9SR4K95fGXZw
Supreme Abstract Tee SS17 - Size Large / Very Rare - Brand New,,£139.95,Free delivery,1 Mar 2026,4,Brand new ·,https://www.ebay.co.uk/itm/317610579693?_skw=supreme+t+shirt&itmmeta=01KJZHSBSEGERFJVP4CQFJTTX3&hash=item49f310d6ed:g:gLUAAeSwqOJpLZzW&itmprp=enc%3AAQALAAAA8GfYFPkwiKCW4ZNSs2u11xCUA9P2eF68ZFviISiJ8y5wAjPOOKmMYaXp%2BCUrq90kyV%2BTo7sWs6zBSCmxZ5tjVQXTAy%2BsYAdvbasNSc42VBPonJp%2B0%2BIY4fO5f%2Fl6TRfff5r3YBIMxlEeJPXAxpxjV5u2J0g8VFn0XxW5lCmSRs0SkvQ%2FKjLaPn42CjrZnBtGDEpRFl4hIcaneTl1ELp2ufNa5mme%2FmN3UY%2BDmiP2IVvYQ5PLkcaOuHon%2FkWEpMJi7T5%2Be%2FXa4J1iKQidOzEds6wh6cNkXN08PQ11Y3jLvWbb38jRhDBnK0uNibY%2BuuCWDQ%3D%3D%7Ctkp%3ABk9SR4K95fGXZw
Supreme Arabic Box Logo Tee Black Medium - Order Confirmed ✅,,£63.10,+£3.38 delivery,1 Mar 2026,4,Brand new ·,https://www.ebay.co.uk/itm/317933380216?_skw=supreme+t+shirt&itmmeta=01KJZHSBSESAPZ3V0MJDCBPAEY&hash=item4a064e6278:g:rQgAAeSwm0dpolRz&itmprp=enc%3AAQALAAAA0GfYFPkwiKCW4ZNSs2u11xAzRQboNDEBES0N9NLHPskNLfrVgjJepvd4EQ%2FP%2B40koxc%2FzQLZNybJVgavIxhr4Bwbq27kNrZErh2XJERIaCfLUIafAyu9%2BD8gGupasrNFfNjuF%2FqzEk7dXE6tJCE1tFmamHIm1S0HkDqbLCUatKVJQHylxA%2B6E0vfVk%2F6BDSGb7BdpZv3oKX6hSL%2FbjeCX5KohPyAR2zcyLjDaZvoUlxa7eqBK6ZDn%2FD5sReVrMRpxDGqYaQbgFBfxv8EzcU1cMg%3D%7Ctkp%3ABk9SR4K95fGXZw
Supreme F*ck Tee White SS21 - Size Large Authentic Large - Dan Colen - 8.5/10,,£21.50,+£2.94 delivery,1 Mar 2026,4,Pre-owned ·,https://www.ebay.co.uk/itm/376983996948?_skw=supreme+t+shirt&itmmeta=01KJZHSBSEJ4ZPVTF9A30MTDR5&hash=item57c5ff4a14:g:h8kAAeSw3zdphnhe&itmprp=enc%3AAQALAAAA8GfYFPkwiKCW4ZNSs2u11xBXgiEvwImUnYpBvsnyJ07cvDbmI%2BpZ7Ssu0b4gEHsyuQCLptQnENUTYRMfqW91yyJMCmrNuP2VZbJ78zV6LDoeKE%2B83LLYvjTwdUFdQnHKow4qlsZ6%2FVtK5OWLCf423K9vwKUGpcdDz%2FuOpBLlgzrJ%2Fm5Fn9IYtK8pEKH%2FEgsX2fZPUXEHpd7ZcJMi1LA4kvSTN9CeHNtLaRume%2BASBIMX5jSqJVAXkVXaxuToL%2BPYsx30pFBDsKdzZdJjPsrDayX5UWKbcAb5xqsjLes0Z%2FX2WnmezsKYpQog9jZxg8%2BR8Q%3D%3D%7Ctkp%3ABk9SR4K95fGXZw
Supreme T-Shirt Size M,,£5.45,+£2.94 delivery,1 Mar 2026,4,Pre-owned ·,https://www.ebay.co.uk/itm/376994169769?_skw=supreme+t+shirt&itmmeta=01KJZHSBSEDWM450414TGVE357&hash=item57c69a83a9:g:73cAAeSw45RpoIsm&itmprp=enc%3AAQALAAAA8GfYFPkwiKCW4ZNSs2u11xAepYLGko0i8C46pTgUxCoVXuTZIMEzD4F8sXEbOv%2BOwsXGFj5I7bs757YXHu1ErQbc1xJAnyI7gx1W8KGmVXxXbb8ef2EiV2%2FFytt4dnUkwSfEWL0%2F0J%2B%2BmBGuHbTBvQ8MH77VvuyPGkcREi0RyZkq4VWkU2FVw88OQBFufdp3Bvzb33wJRSCzdWLogCgEbvg6lJmym1e67ZWta8xH%2BDIPyKSHsfMweCxxJ9ZQFabcHWUPOfe9jj%2FP5VE8F01izgnghGrOtoi5zNRDy6%2FN1psi529gsbFp9vG9r0cfL3r%2FXQ%3D%3D%7Ctkp%3ABk9SR4K95fGXZw
Supreme Emilio Pucci Box Logo Tee White Black Size Medium,,£80.00,Free delivery,1 Mar 2026,4,Brand new ·,https://www.ebay.co.uk/itm/317577975007?_skw=supreme+t+shirt&itmmeta=01KJZHSBSES45A9XGZ9GGYBF6Z&hash=item49f11f54df:g:IY0AAeSwHmtpC29d&itmprp=enc%3AAQALAAAA0GfYFPkwiKCW4ZNSs2u11xD%2FXu43AEL3LDEumTwn%2FopICLocR066qSf5Tw9pgaLxbttb4xjr9jbkYDh6KYoDXbLs7apZIfcyKZJ1lBcxkABZxUd9V6z%2FyckEsKvuxZWCCX17QKudEWc0H7%2BveExC4IxZlkHRotRqYuCgn6A7iHqSeWZYacL57YCs8N5IxGiWG8yH3pU%2F0gzYn%2Bvs93fpNVw9LHVTFXvbTyAoGsQs8slDDrylI8u7OUqsJgOci6e8O1meW5ugfcZpwsFKAtVrqBE%3D%7Ctkp%3ABk9SR4K95fGXZw
Supreme Studded S/S Football Top Jersey Shirt. Cream. Size L Large,,£249.00,+£3.42 delivery,1 Mar 2026,4,Brand new ·,https://www.ebay.co.uk/itm/358269252849?_skw=supreme+t+shirt&itmmeta=01KJZHSBSECP31TA9GTJB8D4VE&hash=item536a82f4f1:g:E30AAeSwV8ppot6c&itmprp=enc%3AAQALAAAA0GfYFPkwiKCW4ZNSs2u11xCRsczVBB4ShTxDRP6rWTztOktMNoRMOc1dRAvF7t2%2BE6VkKSj01eDMAIhnQA9rT3avL%2BamIPLiQ%2B0ZnW4vc9RbGduAtkU8x7MhKT1%2BsS4iCJQerxCzIvVm7MWtJhGQulDr1QRMc1fTQU1%2BvbGSdbpEn%2Fy4z9wJtnUbAYADYailnsvE%2BJDOZY97EZnFsboVMP1aMwFCtzFhRcL8J0yAY%2Bc%2FMe60dtZPu6sOhhZl%2F4Dinvy4r4rWMwbQ74hY3IMRalU%3D%7Ctkp%3ABk9SR4K95fGXZw
Supreme Arabic Box Logo Tee White Size SMALL brand New Confirmed,,£77.08,Free delivery,1 Mar 2026,4,Brand new ·,https://www.ebay.co.uk/itm/177898665536?_skw=supreme+t+shirt&itmmeta=01KJZHSBSEM91FZWJF50FSPYTP&hash=item296b963640:g:Y-4AAeSwTz5poHAG&itmprp=enc%3AAQALAAAA0GfYFPkwiKCW4ZNSs2u11xB2Sov8pDRMl4R43usAXi1y8uhczog0eyaWPoDH2slId3z4t%2BxFBkRWA6%2BopAo1eKCRkkJmI6MHt0oDrLHLvD5Kyf0dSWfSjsusXk5rryDxQ0FLZhFw6G1yMhDaZWZXeiGOVHqbR3SqoxB%2BiwsAf4FUxx2zRAyQ49LoLvGgJuilLDTtxEOjjhFPeMzT899d%2FQtzzBsbtcNiDQZVKL5eu3iVEVSrIklPGci9U5p99XEcKkIOtfwACjFLN0P0FQT2vWI%3D%7Ctkp%3ABk9SR4K95fGXZw
Supreme Black Spider-Man Tee Brand New Medium,,£73.50,+£2.96 delivery,1 Mar 2026,4,Brand new ·,https://www.ebay.co.uk/itm/127710411810?_skw=supreme+t+shirt&itmmeta=01KJZHSBSE2SPVJ2P1JNGEBGA5&hash=item1dbc223c22:g:0TkAAeSw7GxpoxgS&itmprp=enc%3AAQALAAAA0GfYFPkwiKCW4ZNSs2u11xC03katXsi3cqViktNONStNrPfGDtIUBpTmC2gdapvldEJFhX0NH%2FVY6gMebdy6PnQ8FRUFKsNk3FASmKFhJkZUwN2SqaTk%2B1%2BQL5FkJjzsxD47oQmDxfl%2Fq1VBNB1ndMACl52eeQTQlKvKy1gc%2Bmwpjwtx6RhDITgIsZT75j3rLHdhnuRy7AW5aqqghNPzsU7Czo4npR%2FrKnNzf2A3YX%2Bl%2BxCsFrHCnChNQ38aBvTjkd9EcqF1IG8SfHZ3heV9ddM%3D%7Ctkp%3ABk9SR4K95fGXZw
Supreme Spider-Man Tee T Shirt M Pink - in hand ready to ship,,£83.90,+£2.94 delivery,1 Mar 2026,4,Brand new ·,https://www.ebay.co.uk/itm/358266175594?_skw=supreme+t+shirt&itmmeta=01KJZHSBSF0YNRN5HFNXX2RZ83&hash=item536a54006a:g:u2EAAeSw3uJpoby5&itmprp=enc%3AAQALAAAA0GfYFPkwiKCW4ZNSs2u11xBY%2FKyNmyitdP%2F42U0KuVpJZI7HUoSyJtARzY3XdMYjXmL0nc9mEd4q2Or7taqsb%2BdBkukEBiOUKLoWr%2B1prJxewPIBhnxl%2BdkeTdMTk71nr0H2NRUjK62vAa0x6l9SEFEDjZtSj0Fg5BG7pHa1FSrf0I45%2F67p9NUy0CnzUHR7%2FFG3nmK6t1Fen75Dyy2%2FliKe2Tzx2LsGTUc3ADHlEjvv4Bw2GjBdM5ZIY79O%2F2V1EeCN2E7xpTcRIr6IquUWJwc%3D%7Ctkp%3ABk9SR4K95fGXZw
Supreme Hanes® Realtree Tagless Tees (2 Pack) Large,,£89.00,delivery in 2-3 days,1 Mar 2026,4,Brand new ·,https://www.ebay.co.uk/itm/117004962213?_skw=supreme+t+shirt&itmmeta=01KJZHSBSFSC0ENFCHXC69ERHZ&hash=item1b3e0a09a5:g:~AsAAeSwVWFpeXEz&itmprp=enc%3AAQALAAAA0GfYFPkwiKCW4ZNSs2u11xACSBm6BnEC1kdyLi%2FFLENf8vBQmSNwabB%2FczYru3OQ3d3aoljAGQBYx%2FIuQCIpg97DpCx69iGQy0QTwoK8jv72k%2FesF1fkwBi3x0MY8gutH%2B%2B%2B8njSpyAAvTDm0KP6SIkNhu%2Bn%2BBpyhS1AFnfN8nKJT1FRpXTy8gtLWWTim7ChaOLLOaInGR9K8MZLJhlJYPtqgGBXaNR4VrCmP%2F9RzUgChRs64TRONEnEENmz5K%2Fe%2F0afv1zkBljCXKmiosAd4DE%3D%7Ctkp%3ABk9SR4K95fGXZw
Supreme Rolf Tee Cardinal Red Medium Brand New In Bag SS24,,£40.00,Free delivery,1 Mar 2026,4,Brand new ·,https://www.ebay.co.uk/itm/206081111516?_skw=supreme+t+shirt&itmmeta=01KJZHSBSF1PF2G5D455VYT37N&hash=item2ffb6435dc:g:gd8AAeSw5llpl3Ga&itmprp=enc%3AAQALAAAA8GfYFPkwiKCW4ZNSs2u11xB1UFx4K5yWFwzkVQr8LzvBtzWE4xqURwmQbwU4Zbzbn1zJCSZ%2FhIb6BzqVrDWmzVDE88U0YBFHGgGMINxXn61egI%2Fy5aZt6CWDMveWTrlEXDuxt9rqCXz5nS60ex2F7gmdS5WquZtWrb%2BmNRtLHk8Chwa58ufctkJ0cc6xTe3W%2FSKpfAePJpACIB5a%2BZisNZrn%2BLcswa3h6wrTMzH4vCVnpk1RwELW4oQXhiAgsGRf78hE5O7HH%2F%2BfZejMIEqNaPtrQSQnqJ8pI%2Bs97KsI2X%2BPNuNSTeS5iAdYoAmKwZlqYw%3D%3D%7Ctkp%3ABk9SR4S95fGXZw
Supreme Spiderman T shirt light pink XL,,£67.26,+£2.94 delivery,1 Mar 2026,4,Brand new ·,https://www.ebay.co.uk/itm/358262725950?_skw=supreme+t+shirt&itmmeta=01KJZHSBSFFZWJF1XQKVM9EKFW&hash=item536a1f5d3e:g:t~UAAeSwsQppoLLo&itmprp=enc%3AAQALAAAA8GfYFPkwiKCW4ZNSs2u11xAwxDdVH7fSxSlYhYvv3ybO0ebkFjsnRKqp2SKzaj2eBt1bSzYZ14D5vOQ1Q5FAb4sZtmHzklMgKYLvM8cNIkBhxrYtZdXb7%2FlGk5TGiQpGaIhlz41VrcdppQoujeF6QFbBFkAIh70mb036YdgnX3Z88H8PqjZY5nvQr2NVLYL9b87U3CdWdU3mndYAzYfBexOyVuZv5flF5iuZtZd0jyb%2FyKKcGs7QypvvP7ljk2pbMNwNkLs6Ue2hOH%2B%2FtSMaKhDTsQbXuDmga8ngABqUQEstzkkxU0Ef0%2BG2m3uJVJ1pcw%3D%3D%7Ctkp%3ABk9SR4S95fGXZw
Supreme Arabic Box Logo T-Shirt Heather Grey SS26 Size Large,,£68.30,+£2.94 delivery,1 Mar 2026,4,Brand new ·,https://www.ebay.co.uk/itm/397659920577?_skw=supreme+t+shirt&itmmeta=01KJZHSBSFGBC7CXB5Z9FWY12D&hash=item5c9660d8c1:g:sK4AAeSw0DFpoHJY&itmprp=enc%3AAQALAAAA0GfYFPkwiKCW4ZNSs2u11xBDLI%2B2xvoSqpQFgL3cIW6Yh%2BsFRbZB0qQ5unUBKkWwIJXJRwjiS1irg0Ejx%2FOcl4dvfhbKeqsTJW8V10aXgJuO5mti5dRFlxOq%2B86a7w%2FQUqyxKnfMy6SthlcmlwuvBCDcr0mSq%2FyXSlnjgMkAPwChkSLAtllthCZFRKs4sRTR2qI7QWj9J1EqXNQ%2FCfkjN5CGt%2FODsTn9pY7R6ZQzBkwOnpbbPcAl%2BIcuXbw81z%2FwiQWYTNon3eAy6QKxJ%2BWZFTY%3D%7Ctkp%3ABk9SR4S95fGXZw
Supreme Arabic Box Logo Tee Grey Size Large IN HAND FAST SHIP 💕✅,,£95.00,+£2.94 delivery,1 Mar 2026,4,New (other) ·,https://www.ebay.co.uk/itm/127706755052?_skw=supreme+t+shirt&itmmeta=01KJZHSBSFN7DQZ9337AM6FW9Q&hash=item1dbbea6fec:g:bMkAAeSwE6hpoImv&itmprp=enc%3AAQALAAAA8GfYFPkwiKCW4ZNSs2u11xDlXDg2LX%2BQWZwaVo6uKP1WYEVXBmnGdzs1q1kFo7YzRnTfWWMwenwzEUnRNarAaRqs5NtQSzNnrylB0uIguI8gwxhsqXddNmx56wyTQVRvc8xwka8YP2f0J6gswzGT2Rjb2S5bYwNlZEm5hbxMlTXYYseXkgo2I21ACeZmU9T%2BQnMXHOkbr%2F1%2Bm2DdtqEKUD9GNp1mfTc0T4T2dLOVDx9tWuINgkivMAFmFr7s9Is2mRtJM1JeaznLoDbEc97qRwnl8AYqQRnlwxUGCaOIU29L%2BASLe0RyR667EynNMME9yw%3D%3D%7Ctkp%3ABk9SR4S95fGXZw
Men’s Supreme Chocolate Brown T Shirt Size Large,,£15.99,+£2.94 delivery,1 Mar 2026,4,Pre-owned ·,https://www.ebay.co.uk/itm/236659910322?_skw=supreme+t+shirt&itmmeta=01KJZHSBSF6H29QJXH3CFAJT3Z&hash=item371a07a6b2:g:7wEAAeSw~31poq1j&itmprp=enc%3AAQALAAAA0GfYFPkwiKCW4ZNSs2u11xC4idigK%2F0eM8y%2FTDlr7ijLjxiglMlJ1h8EGAFtSZBPxussskEaRaHZq9idVOigCf1MdS40jGBtkRbpcW1V6eIvDDUj%2B%2Fx8qMj%2F7lfu%2Fn2eO4bH5giy0nfexr2e1aoHZ0bjGfU5VL6c2UACNETdoCDQGdXGGm4HUjj7GHxp95rsKUQBg%2FX3KUkXA1LBkzJIBKVj5sG8A%2FBdVukUIK9NxbSAVd9ZRtvsgtqAV1j%2F9v%2Fx3IYq1BKb%2FAKILNzGgKcK7JY%3D%7Ctkp%3ABk9SR4S95fGXZw
Supreme Find God Jersey Size Large Brand New,,£182.70,+£3.72 delivery,1 Mar 2026,4,Brand new ·,https://www.ebay.co.uk/itm/127706670773?_skw=supreme+t+shirt&itmmeta=01KJZHSBSFT9N577Y88Y546CE1&hash=item1dbbe926b5:g:8iwAAeSwc-JpoHhQ&itmprp=enc%3AAQALAAAA8GfYFPkwiKCW4ZNSs2u11xBlb53jX6z1Q3RYixq80I6v7JAsDtog8a1O4HUxiGUeXxqAfgAe40rkEbdexYnoXM99uLJJacqqk2DwfsROh8mev97Y4OPGgZSoxWhQMGsC3MUK4JeD%2Bw5gGacH%2Fyq3dO9yMXAMubXSDzFg9yM3PThuKUnXYkjKYJj%2BM1VuFJ8uWHzKAB7zABI%2FQuRb4wBLXJrERix7YoILV17C4ljoIBpMtFy5K2eIeeQ99CzFsIJYPvWzjlwBcXd7GfrTfSCiOuS1evPEpRn%2F9ER9NoK052wiBYhbPIGS22xLSwlr7Fq8YQ%3D%3D%7Ctkp%3ABk9SR4S95fGXZw
Supreme Arabic Box Logo Tee T-Shirt - Grey Size Large - BNWT - Ready To Ship ✅,,£78.70,+£2.94 delivery,1 Mar 2026,4,Brand new ·,https://www.ebay.co.uk/itm/188104538955?_skw=supreme+t+shirt&itmmeta=01KJZHSBSFXKEE6CHDR7KHK0ZZ&hash=item2bcbe77b4b:g:EngAAeSwciJpom35&itmprp=enc%3AAQALAAAA8GfYFPkwiKCW4ZNSs2u11xCKxz8YmkxYJdmFR%2FzxpRpvUnDTIbdIaCCT3WSQ7WKv7izJ8pIVVNdcR%2FjlytAz5Z2t%2F5CxqafJ0GUGHVMVHw%2Fsukc66N1mNbx8HohfxCX1b4JlkOYhJrPNxmc%2F9DR1I2rRmksWtNjJXgRS4pF%2B9%2FoLB8CRcKWbZ27MNgkeIB6IxLcOQpJDUZ%2Fxo3UEOzAakYDNbW4R25cic5p%2F3AqmK2I4%2BpOw0GqzIib1tm7FTu8Z9X3auAg4S2ZfYtMV9fBgGdyB%2Bskh0JJi8Bw1MmDdUvubx2txqDWGgctZBjpT4k0ABA%3D%3D%7Ctkp%3ABk9SR4S95fGXZw
Mens supreme t shirt size Large. Brilliant condition only worn once!,,£37.09,+£2.94 delivery,1 Mar 2026,4,New (other) ·,https://www.ebay.co.uk/itm/304650703266?_skw=supreme+t+shirt&itmmeta=01KJZHSBSFHBS25RMKQ1538VG9&hash=item46ee98d1a2:g:tfQAAOSwzUtjPHW3&itmprp=enc%3AAQALAAAA8GfYFPkwiKCW4ZNSs2u11xBp%2BdCu%2FejUBpgURsRG5cddb4kmPMcbHyjmgw353RDTV55mAcDYebGz8RQqAZeisyENQcu8w5%2B6ER8C5HQLeGNEF3%2B4VPOIG8XO4b%2B1yVvwmW7jE8Ux4wCcQX7cOdKFySm31u8NaoZ%2BOhb2IKJfJKNeE%2FEXpe0l%2BcCQ98%2FMPhJCnygPM%2FIH%2FcvZ4dchdjkUXTLwr0BJ76AjCDZQUDkigxYqV20TrmtLG1D%2BtS1K6On77xtwgyNTxL5UYKnBmaRtUxFBwCF3yf7lyJieRZS3Iqdk3DGIfL%2FrSn6pamk7HoNAnA%3D%3D%7Ctkp%3ABk9SR4S95fGXZw
Supreme X Undercover Seven Samurai Black Tee / Tshirt Large Rare FW16,,£104.69,+£2.94 delivery,1 Mar 2026,4,Pre-owned ·,https://www.ebay.co.uk/itm/314109692785?_skw=supreme+t+shirt&itmmeta=01KJZHSBSFZEKJ59AAR0485S27&hash=item4922658b71:g:2kEAAOSw-f9i-0aw&itmprp=enc%3AAQALAAAA8GfYFPkwiKCW4ZNSs2u11xAQX17I90jfN8JIC4pNlcuKl4lGxGSGwfUm2hOXW9DITPFckGdXJ3GiJ9eZ9h24rL3MkhxXmdXJoDa7nIOnECrPy0xJNbjtYE4Nhrbet5ZXQ6cehzh%2Fj66qaHRdtZEWu9wOlhJTJwC9RIyG6Onhno1Z7Sn%2FuhHTddRv752z8HpJgNdqHUUOqVP0E%2BMX6E4x7VrPJt%2BXJt6aCpJvJgGvUoqR21E7QKgArbBunEV4T7usvchbfc2PIie032zszasdW7c%2BG2eNNsRmOLavfL4CqbXFcTN06mwmUXtPA6RZv28i7Q%3D%3D%7Ctkp%3ABk9SR4S95fGXZw
Supreme Records Tee Black T Shirt Size Mens Size XL SS24,,£49.99,+£3.55 delivery,1 Mar 2026,4,Pre-owned ·,https://www.ebay.co.uk/itm/406688445054?_skw=supreme+t+shirt&itmmeta=01KJZHSBSFVH7TFP0JFKK7VZZX&hash=item5eb085327e:g:HicAAeSwj0xpFJul&itmprp=enc%3AAQALAAAA8GfYFPkwiKCW4ZNSs2u11xCLVzlvI3DDrB99TUUg8XBmGO4XwPhxC7tZB5ZuaqoXtVUhFbFZBIhAhVQqbvJaXYe9ggta7mWgWaYiJRrSPkxsopknJvpXxndPpWU6pn%2Bwo%2B3U6PrCxcFtjN8juh%2Fo1isd%2FKWoWfiMNR3kbmbRCRLSV6SQYFfTskrSHR2W1ns4EXOc0pP4M4kKg0wKUmAyyXSGeOeGgV3eiaE%2BaLBKN8iU0FhgzPjliHqQSb%2FaKe8zEnXc%2BoET0UAXBvq6eMUF1F4W93dzdP7H%2BWunkQc6j%2FmTdIrnZa%2BXqK%2Bb3jqArjchwg%3D%3D%7Ctkp%3ABk9SR4S95fGXZw
Supreme Small Box Logo Tee. Medium. Grey.,,£12.93,+£3.38 delivery,1 Mar 2026,4,Pre-owned ·,https://www.ebay.co.uk/itm/127687435356?_skw=supreme+t+shirt&itmmeta=01KJZHSBSFTEBQYMZXF8WDKF1W&hash=item1dbac3a45c:g:Q80AAeSwiP9pktxT&itmprp=enc%3AAQALAAAA8GfYFPkwiKCW4ZNSs2u11xACOythxX1Ax3xLj91fDbj88G4MjA9dnxM7Da9CeS7RQ2kd3gcVyRYy640EQ4JxZ1NxiY1Z%2F%2BhH2sIC3s7LyMgFSLQ0FoL1Zcqb%2BkGmbjM8FBsifjKLKnrZWPYrZtm%2BCZdhIvYdjx%2B9EBRQAlZHov7cGrhImj8aTJ4gcGas2v%2BwN%2Bbxvz2kyftcJpbA511aB1O3SFlUQ4Yo6gZgC1n%2FwMaY0u4tSEl%2F%2BCqaPSRwndAG%2BdxBCVDggx%2FeO1g0VdmxHvYdiovXdNux17fY3NNzVXCm3CbGiz6UZxhoUO0%2BAyOKjA%3D%3D%7Ctkp%3ABk9SR4S95fGXZw
Supreme Arabic Box Logo Tee Heather Grey Size Medium Confirmed Order✅️,,£63.10,+£2.96 delivery,1 Mar 2026,4,Brand new ·,https://www.ebay.co.uk/itm/317933385785?_skw=supreme+t+shirt&itmmeta=01KJZHSBSFF3NZT7X7CCS9RCTZ&hash=item4a064e7839:g:S6wAAeSwpvlpolTT&itmprp=enc%3AAQALAAAA8GfYFPkwiKCW4ZNSs2u11xDnYgzvxtFBTItnqLYlaDtaBNlAUAFM9bPIa1KKN%2BK0P2KiKca1RdMCi1gQcaFC1XYMRTKBQWNeWvpLjYQnVIrZBflkuddElBGrnFI9WUUwv6bD9yMqDSKbyt%2F3Y8YOT7wlBnJwfjBJkZBxKwgTYoaTKUkGJ%2F9YJcMvV%2FcCWBgpYva3ws9IenukDhNpe8AA%2FM0H65%2F7w3ANcYgbKZwDxJO14fQZAmg6Qb%2B7lo5KmtJ272vcLSWZRkj49RDe2d6yXSKcpDWGMJWvIWUTr91%2FMMkxcfAl4K6OL4yWbtDzIUTusQ%3D%3D%7Ctkp%3ABk9SR4S95fGXZw
Supreme Fw26 / Spider-Man Tee Royal Blue in large (Ready to Ship),,£69.34,+£3.38 delivery,1 Mar 2026,4,Brand new ·,https://www.ebay.co.uk/itm/306795236280?_skw=supreme+t+shirt&itmmeta=01KJZHSBSFCQJ8QTR78SD6JGQA&hash=item476e6bcbb8:g:KXcAAeSwS2dpoub2&itmprp=enc%3AAQALAAAA8GfYFPkwiKCW4ZNSs2u11xBojMbdSluLbinhYSGlcPewaYEgv0E82paXNa3IxbjkAfH5OVbOKFcjbam7eIrlLR%2BVQa4WvrHaIvsQGQRcl4G2KtFEeZKLZ1h%2B2PZHxBhZ5gYjYBw33ZpcSv67eX%2FzDacyQ9PlxlMfQTZ8ZJQ58E4dVldBbFpoUH1BjXeQ4li2d1qBg7q8ZowEF3cMS5uMnZf1U%2BXso46p4mrCemRQNdx2IglpNpK571ytv5hs6Iffa%2F17iYjO7LKFNGuOadLUICZtWhF9pIPwtIlvKUbypHKf1KtCJhzTusb7wIMvxd5A2w%3D%3D%7Ctkp%3ABk9SR4S95fGXZw
Supreme Arabic Box Logo Tee - Large - Navy - CONFIRMED,,£72.41,+£3.38 delivery,28 Feb 2026,5,Brand new ·,https://www.ebay.co.uk/itm/177898647479?_skw=supreme+t+shirt&itmmeta=01KJZHSBSFC2XEKEW6E1CC9N5D&hash=item296b95efb7:g:XlYAAeSwYN5poG-~&itmprp=enc%3AAQALAAAA0GfYFPkwiKCW4ZNSs2u11xDPKbmApBsiGSrbMukC7q2LS8PzH2Q%2B8ykS4nOpjCjPs8K8tsrm7apoZISq01uB7NArXLRyG0qiE6C3SrVLaaWevG42OiqX8lV5h%2BYaXiJY947JSpnQyck3dKwc4ITR9ppX3mu7l%2FnNkE1paR9fyTFxMcSuqkhK2JwFuz4KOkx9JC%2BgNJ9XON4%2FU27SCSoGRpshgYkIjE31YIOiWVUjRB5e76SAm1OT1%2BBw7x70zVpVvZUnkQP6aBmILX2Qpq3MDbw%3D%7Ctkp%3ABk9SR4S95fGXZw
Supreme Arabic Box Logo Tee - White Medium - In Hand Ready Ship ✅,,£63.10,+£2.94 delivery,28 Feb 2026,5,Brand new ·,https://www.ebay.co.uk/itm/227236221725?_skw=supreme+t+shirt&itmmeta=01KJZHSBSFWQKZRG9412RKDF63&hash=item34e855931d:g:qREAAeSwl~xpoyzb&itmprp=enc%3AAQALAAAA8GfYFPkwiKCW4ZNSs2u11xC%2FYYIzDMgYiIu%2FKU3qtc71JFtnOwXO7Wk%2F01T%2FkVoQzdYUXb58uEAL7Vp7NqPsVVtz%2Fym5nJ2gfYwJEHQtvUzA5iflLNcxQbsnQPttrmwGJtqbNTP9ZKHWqph35UAFL%2FY49s%2FPacaalc8rDgbUAHw8hbB0mjVYzNjy2uN45%2FptCri7vOzdmDhxz6j8lB3qr1EKAY0ak%2BZxCFdqN0ORq8iwGy0plCHgMkfxU06mtay8ZLSXdD%2BsToTZ6Z1Z637TvxfEeFSGjsLzaotKvn7nuSX3aAVO7eXDuqHzLCuIp2x6eA%3D%3D%7Ctkp%3ABk9SR4S95fGXZw
Supreme Arabic Box Logo Tee T-shirt Size L Men’s Large White SS26 Brand New,,£89.10,+£3.38 delivery,28 Feb 2026,5,Brand new ·,https://www.ebay.co.uk/itm/287167889686?_skw=supreme+t+shirt&itmmeta=01KJZHSBSF2EF883DB61TZ23K9&hash=item42dc8a4116:g:95wAAeSwZFppoVJN&itmprp=enc%3AAQALAAAA0GfYFPkwiKCW4ZNSs2u11xA9t2zhcm7XRicgIX%2FSlWKIvy6MuM%2FDT7msXR2ZJBepIW05Ca6hgfIQy2N0AAX0%2F2WLQ4PbNbpoMPoqAupjOakkIxVuuJlMI%2FEqD6%2FUJsQe3k2hXrRdDW9AwjUTAuQNFrE%2BxTX0PtFq6nTdylF%2FyzGEZmvTZ8DHzHSQA3ImE%2FQGrYMZMh3jz7IOhuBqlO6C1C%2FeQnCreKh5Qf36N9Q4sNoeJrWsOQGFDntrM791KuS5pXdfCpIlr33dU8qXQYDJK74%3D%7Ctkp%3ABk9SR4S95fGXZw
Supreme Margaret Keane Teardrop Tee Navy blue,,£26.69,+£2.94 delivery,28 Feb 2026,5,Pre-owned ·,https://www.ebay.co.uk/itm/127697770281?_skw=supreme+t+shirt&itmmeta=01KJZHSBSGBK9M86Z28RRBZ8QW&hash=item1dbb615729:g:wmcAAeSwtI9pf9CD&itmprp=enc%3AAQALAAAA8GfYFPkwiKCW4ZNSs2u11xA7jDSCyQG36xRelRCuFtSdY%2FOx4nqJ%2FD%2FP7bTEEA4Z2VabN9EzmabGxWVFqK7DdJ7o8ohnDzHxCJ1Gi3U5qcK1HbUUSSBWAP3tPOTaqLqFCpPOD2o0uw2XQqf4BmUOAOJ2%2F7KtBfgGdrBOll4guKXJJ2iO8Q4AygBhwJ2ZRZSrjKQKSn8f7aTK40XfFLm9r4klPTEpcglJ2vjZY9XjLXHlw8YeaIR6n7MyHsrgrpRCq%2FVcxqx9gZCgnEtJCuvnLrtHQX%2FXAut6baQP6A4PxMClT3FwO2FvP%2FSoXWigJJJPlQ%3D%3D%7Ctkp%3ABk9SR4S95fGXZw
Supreme SS26 Arabic Box Logo Tee Black XLarge XL Confirmed - Presale,,£89.10,+£2.94 delivery,28 Feb 2026,5,Brand new ·,https://www.ebay.co.uk/itm/406725197505?_skw=supreme+t+shirt&itmmeta=01KJZHSBSGT1DE6E205SQ1SEBQ&hash=item5eb2b5fec1:g:ETcAAeSw7~dpoVFa&itmprp=enc%3AAQALAAAA8GfYFPkwiKCW4ZNSs2u11xDpbh7g7t39FFYPyWUQbSQJGoK1ujgwSy8OXnPTzoJ0eICOVZTKofvbdEBBlyJpB6TJqJiyBf9AWc3vSafGI87e8%2FEnOjfOoMcG2eB2F7OUBy%2BnINXeCaOhdPiZXzocZ3UQLL7tOjBJsi7uAWanIxW%2BRMubl7HuMpi7wFYzp5tQ5GBdj9NKhiFbsM1S8gOcF0nNci6itrTu9LWc13zkYDpAEfNZY8acJKQqd7Iw05545R4G%2Bu2a5pTenSGUDkC3SZipU06Hw1dS0VJiZea8mknfqBcWZsD%2BlJuKHNHPC%2FItVA%3D%3D%7Ctkp%3ABk9SR4S95fGXZw
Supreme Spider Man Tee • Large • Black • 2026 • CONFIRMED,,£99.50,+£2.94 delivery,28 Feb 2026,5,Brand new ·,https://www.ebay.co.uk/itm/406723794009?_skw=supreme+t+shirt&itmmeta=01KJZHSBSG313QW74XG07Q46BF&hash=item5eb2a09459:g:mG4AAeSwDI5poHbQ&itmprp=enc%3AAQALAAAA0GfYFPkwiKCW4ZNSs2u11xD1FFNVLDjpiEQjxMK6jJO19gr9QKcHSJaQmFKg%2BYYI7rRyaC0mPutG7cG%2FXHen6EDTSKysUTcmS6qvp8hrsRis7%2BVY1%2B81lEGaFi0C78ZFR62tkfxbQiSrAULI66kVSD4GRtTTx7NCfXVkqW9MV16fo7GeggEUflYwuk0pclH%2FBmWEu7EV0QxC8smaOZgYMhq92pOXVT6gS5vzFlkYrDRtbSYOw%2F1yBH6aEcn6TzwTI4z8JQDYxZTYMW93L9Yymr0%3D%7Ctkp%3ABk9SR4S95fGXZw
Supreme Dog Tee XL Black,,£26.70,+£2.96 delivery,28 Feb 2026,5,New (other) ·,https://www.ebay.co.uk/itm/157651925651?_skw=supreme+t+shirt&itmmeta=01KJZHSBSGRF6XZPA0B20ASGXX&hash=item24b4c97a93:g:bJIAAeSwXflpfy3C&itmprp=enc%3AAQALAAAA0GfYFPkwiKCW4ZNSs2u11xC7usqTD5i5Dv6QBo3WJ4j%2FIpNkoz5FKK27EGORcrawkjbK0YM4BrhNsBWq7KGVJ3bIIiWPhnyq6REMNqRz0K2VBLDvWkhXHYAD4FaU%2FD297GoMrxPBP3vR8jXoBjN4BY94YifDUZcq1kbhvkndBVnCVYv%2B1u2djBeVf9%2BpwZyXtq8tcqimkXdOCrlZ0OWz5xT%2FboCxRUW%2FDCsbd6QggtuJdBv5sTukj6f3roN18Q5wnGndz0jZtQD66b3ZK9h2XWg%3D%7Ctkp%3ABk9SR4S95fGXZw
Supreme Arabic Box Logo Tee Grey Size XLARGE - XL - IN HAND ✅,,£79.99,+£2.94 delivery,28 Feb 2026,5,Brand new ·,https://www.ebay.co.uk/itm/397659825682?_skw=supreme+t+shirt&itmmeta=01KJZHSBSGW6MSTNM1SPXJN4FK&hash=item5c965f6612:g:9ZIAAeSwEIRporrT&itmprp=enc%3AAQALAAAA0GfYFPkwiKCW4ZNSs2u11xB8j5LnMOYyBq4cvUmx9fqWjVf%2F7roJ0hOqP%2F0z%2FF2mQJkVydi26lV0X55ccsQxTp9pBiKz4nWh42%2FqMkxvwLKHnQ1kpEfBIXhB44vXOwidY%2Fy%2F5WOQBbul9ZCTh6ep%2B7DPqhbfxyhoOMyof3Kxkc--mucGkUaNBGYeG%2BUZLTZdk%2Ft7dfYJBmBj9N6abKPuaWV1a%2B8WmHS5QAZBCEM9od6drgvYgEb92MZGruisBtzgz%2FqfC3DbI4yOpUciCdVLT5Q%3D%7Ctkp%3ABk9SR4a95fGXZw
Supreme Long Sleeve T Shirt Zulu,,£15.54,+£3.38 delivery,28 Feb 2026,5,Pre-owned ·,https://www.ebay.co.uk/itm/267581926205?_skw=supreme+t+shirt&itmmeta=01KJZHSBSGT6T5ST3MC4Y2NSWV&hash=item3e4d202b3d:g:hjsAAeSwhA5pmN-e&itmprp=enc%3AAQALAAAA0GfYFPkwiKCW4ZNSs2u11xDRAPvervayCToNGffZgl3QnQy6%2B6H7krY9epCZC0SeyNIuGP4c%2BiCo7NUtada7BmXrTyIAKJ3GrqNvXDF4nyD2Hec5ppTbPyokRq7IF%2BRGg0PC%2FJC05kwpsavOyETZb313WtXaM8PVmQpAY0r9ZWeJ3k2btBoBTaxKoTyzaKmUqad3GlAmjv3N3GACxMuE7h08SgvFKaQGS7Wrb%2BqF8NsiLAjx8J7a47DshATRmjvxLtMcxwV76EdRiIU3wMKkaFA%3D%7Ctkp%3ABk9SR4a95fGXZw
Supreme Men's Shanghai Box Logo T-Shirt | White Tee | Medium,,£125.49,+£3.42 delivery,28 Feb 2026,5,Pre-owned ·,https://www.ebay.co.uk/itm/376479337146?_skw=supreme+t+shirt&itmmeta=01KJZHSBSGSK2SVB2R4MY129Z6&hash=item57a7eacaba:g:l80AAeSwV1BonLjr&itmprp=enc%3AAQALAAAA8GfYFPkwiKCW4ZNSs2u11xAhXqOhzbariqhfGUJ6UxjML9KzUQFhy7qpp%2FmuH%2FoGcE3e1ETArqevO%2F4XuvaKBiWXh6lX0Wmuh7yblgsRGEMiIzAcD2u7uk6J%2FklK8PZivkBhR3q1KDLjCUUrJJBI6J0k4XLJKK75Hq6MY%2FVjV%2BYpx%2B9L2YPqqKIPCXnrzL5plKKV%2FVVQmXT3RuofQQCHNiqIQW5VYWH9TxYkyRJ1%2BGHjHlK32%2FutrDCkq1FSRgBovY%2BiQWvKvfqN%2BtYwOWYSSmkBa6EeJAloYQbz6HR%2F0phBYP6Kol%2FqW%2FuGImOeOaIOrQ%3D%3D%7Ctkp%3ABk9SR4a95fGXZw
Supreme Heavy Duty Cotton T-shirt With Breast Pocket Size XL,,£21.07,+£2.94 delivery,28 Feb 2026,5,Pre-owned ·,https://www.ebay.co.uk/itm/236642963749?_skw=supreme+t+shirt&itmmeta=01KJZHSBSGTZRKV5MSX9M6J53J&hash=item3719051125:g:nAIAAeSw6~hplgDI&itmprp=enc%3AAQALAAAA0GfYFPkwiKCW4ZNSs2u11xCD%2BFu0dpg%2BNllcJXWJqJ4Dy%2FdftN6tplcunLZO39MmXSJv7tpLjuGWAxN50N9X8z5pBzaNFKqHqCmgk2uDIRPv5SLxFqDxnXhihgGwTeXievtljnqIhFSoPZhxoOtnIACaxgZdmg8JItZW86sdo%2FchuUChJ1d6ZkKIKOOakl5JJ%2F0qzdCd6ikjSOtAeph2N0fKeKObZ2qZsTtYPV%2F1y%2FrJ3%2B85QQZJZfml3qwUVKGPpxPxPci6w6RPNeyTOvkOzSQ%3D%7Ctkp%3ABk9SR4a95fGXZw
Supreme Studded S/S Football Top Jersey Shirt Black✅Size M Medium✅️Fast Ship!,,£177.50,+£3.42 delivery,28 Feb 2026,5,Brand new ·,https://www.ebay.co.uk/itm/397655150709?_skw=supreme+t+shirt&itmmeta=01KJZHSBSG2W47GF78B5DE610X&hash=item5c96181075:g:nJcAAeSwKeVpoOtk&itmprp=enc%3AAQALAAAA8GfYFPkwiKCW4ZNSs2u11xDCiF99PKZq725hLpipeFGHP4UWieN25Lc65q4OXXYYyig3WFoZZg%2FOeuMX84gcmmkXm%2Fd55kFXntIw3iJvH1U66MIF4oG878AduogL6a6cueBAjt59Ezx9TvSjTwABy177%2B5vn9iIRdO6Mk1Iiy3X%2BqCwCqJ7XjTpqYejstaqZ6qY4MpMdOLJmq8R0yIxuvS2hcoD%2FrAlQVpmBGxqQDlsHlVR4o9DSo%2FECgGJ4I5JfAkXNg3oQxSIB5MD%2F37u7pIgYXoB8YTjNmVaqk%2FSWXLJ8VylLk6E5ZnaoogAuqBPffQ%3D%3D%7Ctkp%3ABk9SR4a95fGXZw
Cradle Of Filth Supreme Vampyric Evil Black T-Shirt NEW OFFICIAL,,£17.49,Free delivery,28 Feb 2026,5,Brand new ·,https://www.ebay.co.uk/itm/126584054576?_skw=supreme+t+shirt&itmmeta=01KJZHSBSGATJD8Z3DAE97298P&hash=item1d78ff6330:g:K44AAeSw7QVpM7Kt&itmprp=enc%3AAQALAAAA0GfYFPkwiKCW4ZNSs2u11xDPbKJm9b7%2Bs9Ozr3pXjcUDbeoeW1RDZ6gp%2FvdaqRLl6zU%2Fd9uqJcJxc7Nyr0p%2BYth2ny71S17%2BYRLBgM4GXcJIqI8V1TwMoNXPMF1%2Be74kpKUzuVFs4KsmXE6tVbQVn8vlfJ3MAVeqERuMMe52cGLa36QZiffOWJDaNG0Hymk2k2fzZ0MdN9S8ysD4%2FFc7SN35IPLjnqQ1Xqj87YAKtIn7XJqljvTSqieR%2BTVfbMOoUNgenaOctdicAvzu7HCFt84%3D%7Ctkp%3ABk9SR4a95fGXZw
Supreme long sleeve,,£37.10,+£2.94 delivery,28 Feb 2026,5,Pre-owned ·,https://www.ebay.co.uk/itm/147177120250?_skw=supreme+t+shirt&itmmeta=01KJZHSBSG1P22K1ZFD1EH56TE&hash=item224470a1fa:g:iWcAAeSw1sZpowbv&itmprp=enc%3AAQALAAAA8GfYFPkwiKCW4ZNSs2u11xDD3ZdNVG1WyDst%2BTWq1xa1wlxBLRwt6bk1WXHolHhceaTrzIwjuEx9HSzeurxsF5qxUvQBfab4ss38yxq9IRHpd4Jhhq%2FclqXWQ3en3n9M0msoF9e4aA7r6t5RBIjXAfumX4C5TYdEQ3%2FD0Dr9cgLMAGHvZ17ZvnvmBhA05uohLq03ySIo8pAvnT3HW2u2RhuXQxIrw56dx3es9H%2BjaZhgvDy8YZVqeSyaxLR07Z%2FJqb4IPWGyU9ds7X1MxqEjaEG0gZEN5K%2BP515kGdUgg1Ooy5PxPTjkI3L%2BtOllaLU9VA%3D%3D%7Ctkp%3ABk9SR4a95fGXZw
Supreme Emboridered T-Shirt Black Size XL,,£18.07,+£3.38 delivery,28 Feb 2026,5,Pre-owned ·,https://www.ebay.co.uk/itm/157697432228?_skw=supreme+t+shirt&itmmeta=01KJZHSBSG2Z1YQA4JTKZRZX5R&hash=item24b77fdaa4:g:DeUAAeSwKpxpmb4E&itmprp=enc%3AAQALAAAA8GfYFPkwiKCW4ZNSs2u11xAjUSm9%2F3ekz1IPNEmMOV84cEZa%2FwdcyAr8G7fbfDuNa0c4qYjoo1oNnTKsiu5tB3yEsQ7x2NnTmhchL%2FZigeYGEJmXxzye3fWtPcsZ3x9fHMjrG6bADabyJYGB%2FWSqUAYhTUybGC2YUVnWnzcgn0voJPjHwfQF4P%2Fxnz84kglOsWp7BXgmxV%2FxPSUOo7u23%2BIsYahbNn0%2FdusxjE5GsS27iNc7wVNP2gqo0vBaM3fC%2B4dl1qIdGpwDtrDBNbIt0unjBGDZWs1l3IuF5DK2vejMvq6aULKK%2FxVMmwdCei1cRQ%3D%3D%7Ctkp%3ABk9SR4a95fGXZw
Supreme X North face T-Shirt,,£6.53,+£3.38 delivery,28 Feb 2026,5,Pre-owned ·,https://www.ebay.co.uk/itm/157697399557?_skw=supreme+t+shirt&itmmeta=01KJZHSBSGMWGY04VTCZPXBDQW&hash=item24b77f5b05:g:CagAAeSw7ZRpmbdu&itmprp=enc%3AAQALAAAA8GfYFPkwiKCW4ZNSs2u11xDiYZpkDrnFEqqWEdtxWsIZsj25SiJ2NohbKsy5hAEz0bgRPct2yRx5hchZqrWfOPIdxId5p6Khw8xjylhYf9YItr6MpRprECfooDF2bWnWwWRb%2Bfr1Y8%2FO042brK6ho7YNSdlejeQ0ByghJACCL6vYHnIiPZQWUj85IKgaeam0tIDj9%2BfU5qevlWK2uRv6nEdNj%2B5nEw9gIg%2FWXnNjr8OEJJy1kJWxTBOsrN9eF5j47QT1FXdswDQYEuLGoGINcAECWpKh4Xud%2FmOT%2B47BIv72%2F5GpobhU7wELTNLBSdcFGg%3D%3D%7Ctkp%3ABk9SR4a95fGXZw
Shop on eBay,,$20.00,,,,Brand New,https://ebay.com/itm/123456?itmmeta=012DEW30YG0MEEKND7NH&hash=item123546:g:acwAA9KNiJowH:sc:ShippingMethodStandard!95008!US!-1&itmprp=enc%3AbgepL1tlUHjMGCVfSTGJh%2BzsVKeJ3CQk7NizDI4BZeppuFnmyS6Ijyp8lh%2FnEw%2BWqO7uTV1Q6izE1R0T54aV8j71F4xlWfVcGft4%2FiOQhtqVXA1rW6M1atPARQRmhqUxtEPJKhKtSFgI%2Bvwlzb0GwVCtkp%3ABlBMUObkmabpYw
Shop on eBay,,$20.00,,,,Brand New,https://ebay.com/itm/123456?itmmeta=012DEW30YG0MEEKND7NH&hash=item123546:g:acwAA9KNiJowH:sc:ShippingMethodStandard!95008!US!-1&itmprp=enc%3AbgepL1tlUHjMGCVfSTGJh%2BzsVKeJ3CQk7NizDI4BZeppuFnmyS6Ijyp8lh%2FnEw%2BWqO7uTV1Q6izE1R0T54aV8j71F4xlWfVcGft4%2FiOQhtqVXA1rW6M1atPARQRmhqUxtEPJKhKtSFgI%2Bvwlzb0GwVCtkp%3ABlBMUObkmabpYw
Supreme X North face T-Shirt,,£6.53,+£3.38 delivery,28 Feb 2026,5,Pre-owned ·,https://www.ebay.co.uk/itm/157697399557?_skw=supreme+t+shirt&itmmeta=01KJZHSH989B8STT6A9HZ27DGP&hash=item24b77f5b05:g:CagAAeSw7ZRpmbdu&itmprp=enc%3AAQALAAAA8GfYFPkwiKCW4ZNSs2u11xDiYZpkDrnFEqqWEdtxWsIZsj25SiJ2NohbKsy5hAEz0bgRPct2yRx5hchZqrWfOPIdxId5p6Khw8xjylhYf9YItr6MpRprECfooDF2bWnWwWRb%2Bfr1Y8%2FO042brK6ho7b%2BAgDG907nt2JdVXr3ETp31Fr1CWNhu%2BcEzjls5J9w%2FakpmNmpMW%2BkxJlHQG6Lw0Bw7I%2FgTKbKUfuXH5cbm8K56OWByc0vLYsn1TfVTRD9tP5M49mCYIWu6zNxgorERrRz%2Bpz5%2BjIlbDhO7jTmZYLKtdrb7ufWYI2ZizFIcgOXkg%3D%3D%7Ctkp%3ABk9SR_iU5vGXZw
Supreme Arabic Box Logo Tee White SMALL,,£75.58,+£3.38 delivery,28 Feb 2026,5,Brand new ·,https://www.ebay.co.uk/itm/168189687696?_skw=supreme+t+shirt&itmmeta=01KJZHSH99WC2W53QK60WVWPE7&hash=item2728e2f790:g:kGAAAeSwjW9poHQ7&itmprp=enc%3AAQALAAAA0GfYFPkwiKCW4ZNSs2u11xDnQZInrXAXyebFrRRRlDMIJ3Dac3kF99XOc7BLAk6l0wDzSNGqo0GA%2BVtBzB9rRw%2F7zAd5pHeYIYnBtUf%2ByPuNFnb8tQhCUW9OGwIArClyoFSlRBEadBrcsdH3IFuGmS9AsMrsnDgtGXkxPjd8RF7ONf9856J%2FuB6hNs9lWIPqCuVfM8YeXu84tw5evLiRfQsVD78SsJ6W3RHmuk5npFsEaRnqEK%2F7tb7ks3mHP6NO7TJvjIUwk4rwUXBbJHyC76s%3D%7Ctkp%3ABk9SR_iU5vGXZw
Size L - Supreme Evolution Tee - Black - SS26 - INHAND,,£78.70,+£2.94 delivery,28 Feb 2026,5,Brand new ·,https://www.ebay.co.uk/itm/287168546174?_skw=supreme+t+shirt&itmmeta=01KJZHSH99A23D2ST01MH5BA2V&hash=item42dc94457e:g:2yYAAeSwRQRpocIz&itmprp=enc%3AAQALAAAA0GfYFPkwiKCW4ZNSs2u11xBg9iS31btGh4cDQstmbz8hV0vtLxD1cILkiYOvep3EvuIyViwjUr0JgUn2ulR%2FmzthZEOLcT5p%2BygmRu5X4Ul%2FFULciUlMxrIupbgHDFkO1rsgzgJDdMd4x8IjcjkmgoGLPQL7y5qlEFwImSphl30oYu3dg3YJAdkIK5XWWeMOjbjT3LrAgHChc8kbsQFRJ5%2F8pxGK8W8rNBNgRhnGy8E2YdmodK2TnFUwBgJoTzvMmhvSVnL%2F6ExgHH1r0i4HwdY%3D%7Ctkp%3ABk9SR_qU5vGXZw
Supreme White T Shirt Supreme Beef 🥩2XL,,£21.50,+£3.38 delivery,28 Feb 2026,5,New (other) ·,https://www.ebay.co.uk/itm/267464838163?_skw=supreme+t+shirt&itmmeta=01KJZHSH999QCSSB0XTGSTHF0G&hash=item3e46258c13:g:D5MAAeSwtmdpEMMk&itmprp=enc%3AAQALAAAA0GfYFPkwiKCW4ZNSs2u11xDtQg1MmhC80DrJHOml99%2B3yzOTxVFArtXjTOZuTerbgKGePrN%2B8ZOiuUY%2Bi1e0ejTEHxbztytLbh%2B2W%2BFtTvwMKtWSRXbJH8ch99vluCAGWAuXN%2Bn2qcjrUGX0BsBR8J26yjG560%2BHePleXJ8FUmPGUFUzN2tSgtBz637Dao2v%2F3Wj1Vz9GHoAQexIch1QrpUrE0zgqhG9sNCHzLSNy1EjNK3YnUtfhOnazoh3GkA5qM90mVD%2FT83MOKqm8dBluU8%3D%7Ctkp%3ABk9SR_qU5vGXZw
supreme Arabic Box Logo Tee navy And camo Medium,,£133.82,Free delivery,28 Feb 2026,5,Brand new ·,https://www.ebay.co.uk/itm/287169981480?_skw=supreme+t+shirt&itmmeta=01KJZHSH99TEEQMBRNM89ENBSH&hash=item42dcaa2c28:g:u9oAAeSw5F9pos3g&itmprp=enc%3AAQALAAAA0GfYFPkwiKCW4ZNSs2u11xCSXh133DaaKEOAybvWJnD5Bs51MdXifijo8QLdEtXVbrrIszPLhh5kvJN60%2B2qniIjKq07G1sNQFutcCAQW0sy1ICABDPDC3JZMMPRObs3ThHPtwe7AXkVm1IZG8fvzSxS0BxD3GUIbUd3Bvff47wQ49Pu502%2BnYSoJJYX2Sb3wm%2BZn4jOUApYI9FMzPhmDO2iZ4%2FgEzxLRPTKBFAR5reN3VnbECtASha%2BMUiH%2FNE3lHpnxgg68fqmjF2DHdo4hnc%3D%7Ctkp%3ABk9SR_qU5vGXZw
Supreme Spider-Man Box Logo Tee - White - Medium (Brand New),,£55.00,+£2.94 delivery,28 Feb 2026,5,Brand new ·,https://www.ebay.co.uk/itm/157713011016?_skw=supreme+t+shirt&itmmeta=01KJZHSH992JM2JXYS6P6X36FF&hash=item24b86d9148:g:eU0AAeSwy0xpoa4I&itmprp=enc%3AAQALAAAA8GfYFPkwiKCW4ZNSs2u11xAf%2BoazYVT6dHjtqkOXC02XxPrrsR8xqsoyb31ukv%2B4VIqvU8vMc%2B9RyOyyrL%2Bt5a7YyIPKhPstTGk2nHi6QrFREeIl9d8awYvhXhg0m7zDNWCZwQxxB3qOUtgjxbpI4mahvL8wM3EsS5KQAJE2JIayi400bXmee5zW3C9Ifo%2BndjxnmmZ5EwV463fEyazUqaI4aKHdpMuqiYGSLvCTI%2B%2BEQi1kyrop%2BtXsM0Zel1Oyievb0mfxYC7%2Blk6IPc1L1T7Uyo6hgjPX7TUNmoMNCB8elW0U73yw7vohyNzxcQ30xQ%3D%3D%7Ctkp%3ABk9SR_qU5vGXZw
Supreme Best In The World Red Long Sleeve T-Shirt FW17,,£37.10,Free delivery,28 Feb 2026,5,Pre-owned ·,https://www.ebay.co.uk/itm/277161907271?_skw=supreme+t+shirt&itmmeta=01KJZHSH997PFC1PF49GHNHNEA&hash=item4088231447:g:yTcAAOSwhUVoPKnj&itmprp=enc%3AAQALAAAA0GfYFPkwiKCW4ZNSs2u11xAWZvdmA0iIandSayEkZMQflv83E%2F%2Bk7xAiGhveLr4aMQR5qbA%2FJ61WGA11ntt2JVSwGxmvQDQzRokLa8XrmrHq4svUY2qjSCXxa--yOLlvYv%2BfecSbqvGzTHcqTAuKASehy6KfojA1qFhx689IcRUs8RNr%2Bw0W4j7GbGip7f8OURmp%2F8Hzi6BGqF8RZ5it7yjMvOTNPYMIKbhVE6rGF6HXM06xWs69Ve2XWRxb4Eqb0p5i5VT8NK69uF%2Br3FPyw5c%3D%7Ctkp%3ABk9SR_qU5vGXZw
Supreme - Arabic Box Logo T Shirt - Black - Size Medium - SS26,,£68.30,+£2.94 delivery,28 Feb 2026,5,Brand new ·,https://www.ebay.co.uk/itm/358266636783?_skw=supreme+t+shirt&itmmeta=01KJZHSH99CS6BETY5GARKGTY5&hash=item536a5b09ef:g:Pu8AAeSwCsZpod-Y&itmprp=enc%3AAQALAAAA8GfYFPkwiKCW4ZNSs2u11xAAc7a5plwpKA%2BvpppoiPcpImWX8N%2BDx7rqlRS78nsE6Ms0%2FqauUmWWTKrnj9taiynKJvTuSVlElLTxTOebXI5lY17NkH0bVVawMxdN3uWk1ML9dV6QzvXk2W0G28qFN32RKv6zCV2NQmNIE1VmgONz2%2B2ubaAKkheRECK5eYDa2i2gL2qANwhjXy7nP7O0O7aXQETihUSG%2Bed%2BwlY8r1T%2F5TEKXDq8%2FzBEJVOJeeQqZo1shIJC9weFvGuzPJrHpU4SrQX%2FCU0Y5sfvnQOTjI8bH%2F8IDSLdC7aFihSPfnp43w%3D%3D%7Ctkp%3ABk9SR_qU5vGXZw
Supreme Arabic Box Logo Tee Black Size Medium,,£78.70,+£2.94 delivery,28 Feb 2026,5,Brand new ·,https://www.ebay.co.uk/itm/267588866123?_skw=supreme+t+shirt&itmmeta=01KJZHSH99C65DMNQYSQ8TSS0Y&hash=item3e4d8a104b:g:9qAAAeSwJ2xpogDL&itmprp=enc%3AAQALAAAA8GfYFPkwiKCW4ZNSs2u11xBZWZ%2Fj5S874I3Woquz9E15CPi0BAIB9AOAVG7uQ%2BMsciapgxPSHJeVyw%2FTxVQ5BokR8V1nc7zSUKNyR1LNX8VtFtK3QSPYwEMBXhpdvqO6hS%2Bk1SdZI4IlfesoqPcna2sxT4GemTS%2BS%2FXXSn7PmhuDGnkO%2FPmy%2BscM9p2A9lDpSEo2aQrh8KD03P7%2FjfRPEWrbJ%2Bti5YZoia2KYjzCbagjjvcC5UdyLWfQBLYXumkWEKHgj0a475pxcp3T2cY5g1SLz40%2FLWpUMPblJVQTPOmh5grhJMQ8khPgtU4OtEukHQ%3D%3D%7Ctkp%3ABk9SR_qU5vGXZw
Supreme Spider-Man Tee Black Medium - In Hand w/stickers and bag,,£99.99,delivery in 2-3 days,28 Feb 2026,5,Brand new ·,https://www.ebay.co.uk/itm/227234586313?_skw=supreme+t+shirt&itmmeta=01KJZHSH99FSXXV5MZVB5829YF&hash=item34e83c9ec9:g:4RMAAeSwJ0tpocvU&itmprp=enc%3AAQALAAAA0GfYFPkwiKCW4ZNSs2u11xAZ3mRd%2BsiG4RYTIXyXbuQfQuAgGq3f7nRJPxI3IwHaMNoP7p25i2J56NRbD85%2BktN%2BAJ0UpbycJe1fmSzSBd2WpBuhHLusiyD18sQch%2BnGY0lwOC0RmjPX95xamq8OhjuT5%2BtJSlxKYxvgtG9I5Q012%2BmkDrLqf4VMzm9kJnnRq9rSi5tCLwvmjWbtf7trGfSn3WFprUtfOvxYfRJERKOcXxTJwHOtdXhAoBFa8UxmVmgdoIUHgeEkasAD8GbKDRY%3D%7Ctkp%3ABk9SR_qU5vGXZw
Supreme Arabic Box Logo Tee White Size Xl,,£83.90,+£2.94 delivery,28 Feb 2026,5,Brand new ·,https://www.ebay.co.uk/itm/267588869469?_skw=supreme+t+shirt&itmmeta=01KJZHSH994ZH6XE86FWXF386X&hash=item3e4d8a1d5d:g:QYkAAeSwsKFpogIf&itmprp=enc%3AAQALAAAA0GfYFPkwiKCW4ZNSs2u11xCVQPjLghktghQhkhoykrMexd43seFGzygn8R2zRzjNmqzw5A4J%2BIdxfiifZj4vo1jp3Be2Gj98wcPYUmDBvxZVFYjD2iEtHS4LMCeG--pBAFV5wPTUvYSl55ZTora%2FkPD%2BbxufdAlDzQrgOllkRTXUyyj8ImAWOejCw08yWGzBGpJh6poK9xWc%2FZvl65J2ZNDywHm06TLI5LwdixpE1y1CEzptF6lR%2BHih%2BTbK9GmVjYuhMThYkDBvbfFZO75tqMY%3D%7Ctkp%3ABk9SR_qU5vGXZw
Supreme SS18 Diamonds Tee Black Size L New DEADSTOCK,,£59.98,+£2.96 delivery,28 Feb 2026,5,Brand new ·,https://www.ebay.co.uk/itm/136955798126?_skw=supreme+t+shirt&itmmeta=01KJZHSH99SPXWFGH5XJY0W1P2&hash=item1fe333a26e:g:T4UAAeSwgVxpas5S&itmprp=enc%3AAQALAAAA8GfYFPkwiKCW4ZNSs2u11xCc7GMOZ32kD60VK55fN%2BS6GkEGsNBYUQ%2FqQSH%2BR2NBYUCuhZlRQbWeAXJUTcnRpsel01AOh0mjOxvgkMFn9%2BsZmCy2rVdO2FPTyNU%2F6ONA8YXpeelLwijX9awnYRZJs2wzpJsB5EzZEnJ24axFuxzen4B%2BIQ55Vl%2BN7yj7Xns69mqr%2FtqvIA4RvgfunzyzqK1cGlp1Tay6suRzU7de1wdZ2daMNonKuQ4xjScFnYYQ17NCnjYcMiplCPQ42RM9VHbAXeXWoTaqrph8wJMsLf0XOT%2BJPYAQDhKNz9cNqv6cJA%3D%3D%7Ctkp%3ABk9SR_qU5vGXZw
SUPREME XL T-SHIRT BLACK,,£21.50,+£2.94 delivery,28 Feb 2026,5,Pre-owned ·,https://www.ebay.co.uk/itm/177903080275?_skw=supreme+t+shirt&itmmeta=01KJZHSH99D568246Z8FPX6DB7&hash=item296bd99353:g:EIUAAeSwzLlpoaHl&itmprp=enc%3AAQALAAAA0GfYFPkwiKCW4ZNSs2u11xABkbzySlgtSW2NfmDguMn8Df1MoIuYG%2FHEtmaJSv3o82wZ0s8RMrz0YuJVJIioEm7SnX4o61mGYEanGGrzydc%2F25H4MQIq7%2BapOw%2BRVJrfYbWl1ROlZI7dl652JFAFVHhmZaeh1iqmfuHpN2%2FECkxq9p4yj30sB6Eu2XjCNwfrbxUfcUijJw4f0uvqFD3Z0YcU9s2G2RdY9wgo2A3V%2FD1XzKmIbm5hLxlvLV1%2ByqhJ3zMwfDkuNvbOVwJJJ9h%2Bpys%3D%7Ctkp%3ABk9SR_qU5vGXZw
FW25 Supreme Fucki n Blowout Tee size M medium T-shirt New With Tag Rob Zombie,,£99.00,Free delivery,28 Feb 2026,5,Brand new ·,https://www.ebay.co.uk/itm/187889791708?_skw=supreme+t+shirt&itmmeta=01KJZHSH99MHRWPTMVX16YYTT3&hash=item2bbf1ab2dc:g:-ksAAeSwg-ZpWTSI&itmprp=enc%3AAQALAAAA0GfYFPkwiKCW4ZNSs2u11xCR7Gmq1VlS9ESXtdu0YtMLVq%2BYLEeZkmU1GSyI7uAhMGY9VGWVjR4GKSrnZ1hme6W1zHfwpyJxETtlCTUD4KnuUuS%2FJSM76LeXrP7hbv4pbjoOl0iTHTUZAgD2v6oz%2Fc3tvOKbpFd5e7BqzSp59O8%2BKPuHcigbfsEatho49m4RXYLOjRakDUkQfZP7ATkUkknx8EMDUrDP%2ByLsUkKZGn8%2BcfakQq13cKUmI2y8sBwAyxUf%2FEg1vQ1e3WSnMsFLXW8%3D%7Ctkp%3ABk9SR_qU5vGXZw
Supreme Spider-Man Tee T-Shirt Graphic White Size XL Men’s SS26 Brand New,,£94.99,Free delivery,28 Feb 2026,5,Brand new ·,https://www.ebay.co.uk/itm/287167425527?_skw=supreme+t+shirt&itmmeta=01KJZHSH99J4PVN1NKP8YK4VDC&hash=item42dc832bf7:g:5eIAAeSw3wlpoQWk&itmprp=enc%3AAQALAAAA8GfYFPkwiKCW4ZNSs2u11xAm7MxIhFFtbiM0fzekTwiX4e3BsumzFrLD08tDvjQEK4uvCTUQtmZwbS6PoGsnwS7FMi6ap0HiWuhrHYQLO5RxplgX7ATyeqMvQrtr%2FMa6hea0YiKYeVucewu2IoXxWxWxbw%2BxT0nXTSHrHJe0ubUfcdFuLZKcaWnbmNgp2aZN7PtONx08POaYPFk9mv6OFWkOFX1pZiDZvkid2vnIC0N0PRL9y1He6fKHHUYfc08wy1bC0OwIdo86OopJBn9sOFFKeMnX%2B8hJU03SqsD%2Btr%2FUf2oEs0Q15BF5kqYZvGVoVw%3D%3D%7Ctkp%3ABk9SR_yU5vGXZw
Supreme Spider Man Tee Black Size Xl,,£94.30,+£2.94 delivery,28 Feb 2026,5,Brand new ·,https://www.ebay.co.uk/itm/267588851377?_skw=supreme+t+shirt&itmmeta=01KJZHSH9AN870VAAP710C9WHK&hash=item3e4d89d6b1:g:1~wAAeSwmXlpofwh&itmprp=enc%3AAQALAAAA8GfYFPkwiKCW4ZNSs2u11xB2o40LXJJwlhNGnyNA5wa5JkUuVCurgDaak3L%2FWIsUzx%2BZ54FIrNk7Fj4YaF4aGInfpzVXbQ3E3lM0akxr36fSDSUj4lDlEmpR9zu7qBYuWENJAWj7BNUnDykdvxSefuSmHPLxzGiZzBZQCm8S3oW3mKnhWORSJH3kzkoGDLwxUXFcazJ3gZPeK9cs%2BxGI04hrORCjRp7O9ezUu9%2FvB6Fn3263xMvP8eQOcKtyZNwMR4MovMTw4Ee7XPsWaXL%2FNfLHbw9hrPo00XvgzsGg7jqqUYMlGzBTEmMPzFaFL577Ew%3D%3D%7Ctkp%3ABk9SR_yU5vGXZw
Supreme SS26 Spiderman Tee White ✅ Size M IN HAND🔥New with Tags 🚚 Int Shipping,,£73.50,Free delivery,28 Feb 2026,5,Brand new ·,https://www.ebay.co.uk/itm/287168589898?_skw=supreme+t+shirt&itmmeta=01KJZHSH9AC3HPY3EYV3JWB97S&hash=item42dc94f04a:g:1ugAAeSwRJJpocmm&itmprp=enc%3AAQALAAAA8GfYFPkwiKCW4ZNSs2u11xBewsnJhphtMTuCF3N%2Fi%2Ba0I7XavXT4dyo4v06hy0z18%2Bpymbojjjw2uKbRDDQdRzrhcC6nH0DnI%2FykL51fkNA7RHNR8H95R1tWbJ%2Bk6z58aHOIeu%2BVzUNgA8AUOgXbys2FRaZN1udPP5%2FbJ9YjOaFEAHVxx%2FTbXtoActn%2FuMDl5zCuGLk%2F8mDSCROwpeDf2v3%2F90feEOJz7xmSex7N%2FYeZI5YUChKH49E%2BnopNfOvVpZ0OljRLrWDmWYHLEHVGrbXQlGovg9hfumhmVeWx3lutJRvMg9mhsjNkBKinsdiIgA%3D%3D%7Ctkp%3ABk9SR_yU5vGXZw
Size XL SS26 Supreme Vanson Leathers L/S Top Longsleeve Jersey Black,Leather,£203.50,+£3.42 delivery,27 Feb 2026,6,Brand new ·,https://www.ebay.co.uk/itm/389674859673?_skw=supreme+t+shirt&itmmeta=01KJZHSH9AHGXJJ57Y595MFKD7&hash=item5aba6e7c99:g:vXAAAeSwDSxpoLCg&itmprp=enc%3AAQALAAAA0GfYFPkwiKCW4ZNSs2u11xCwWDok%2Bac%2B5Ekbk2gjwnuBsKXE5BKNm0%2FxVSf9i659HakORimvn5XHEkpFCkhMOOTfj1%2F%2BSYThmkxSGbTIfQVanVZxZSjtXR4B7c%2Bz3PwZDPGZbMg%2BHQTYZYCctA58OGUMBTWSz7iu%2BjIUhiH5SHVXN4K%2FY9MNhYRDtwQ7rNOdueGYCvxin%2FtM2wvMJIe8kIJSh8pF8KQwXI4Y0JOYf4P0PpsT0W0hC4LTNSS4yNJ40Gm57WCntGunYJ5a4kEmXPQ%3D%7Ctkp%3ABk9SR_yU5vGXZw
Supreme Arabic Box Logo Tee SS26 Grey Size Large IN HAND READY TO SHIP,,£68.30,+£2.94 delivery,27 Feb 2026,6,Brand new ·,https://www.ebay.co.uk/itm/406725963374?_skw=supreme+t+shirt&itmmeta=01KJZHSH9A8P04BDR6QB95XC6G&hash=item5eb2c1ae6e:g:lYgAAeSwS5lpobNy&itmprp=enc%3AAQALAAAA8GfYFPkwiKCW4ZNSs2u11xB9Fge0UXdkG9rzPD8enhy0ycPsyBqFNGnx8vVrW%2B%2BYnHendBUHjzetFNW0GUdgUSErYaS0IX5tJ35hdf1a2XjdTkgPQFiYlHYGjBD3ivAUoc7PUZxz9X57%2BSQQNlE7q8GONHfInFZWK6HcUaXDCtsfHSJB2FGHt173jXpwnDCA%2Bm1RXqGGhuSrc59m9ki4JPYaragZvVFY%2FAA7PZvuVTv0uIJoU1pM%2FwrhyKZI0jDIAMOjtCDcNu%2BKYM7J9KmErOAHEYSDTz%2B4V0InQTk1dhT2oUYWW01Su5BNycC%2Fpse1bw%3D%3D%7Ctkp%3ABk9SR_yU5vGXZw
Supreme Studded S/S Football Top Jersey Shirt Black✅Size L Large✅️Fast Shipping!,,£177.50,+£3.42 delivery,27 Feb 2026,6,Brand new ·,https://www.ebay.co.uk/itm/397655133216?_skw=supreme+t+shirt&itmmeta=01KJZHSH9ASTAS6S6TPXKTFFGA&hash=item5c9617cc20:g:nJcAAeSwKeVpoOtk&itmprp=enc%3AAQALAAAA8GfYFPkwiKCW4ZNSs2u11xC%2Fysyq9pLoONIGDdvumYn%2FPwtxNSs9nes%2FgarlYcx5%2Fd38HpktemN0%2BYNMj1pRzmDnwzqyNxfWRCjh6wP5zF40RnRzvNba%2B4yGLV3g6z5pCWUFozChzIVZ8miX41SD%2B1HvaQzWHBuRRBv0Z3465m4h6okUo7RPCukFOS7w3%2BKtyf%2B%2FYA791tsGly0P2XE%2FqEX66jF6prhhsVUvTGl6uAnXeWdfkk4F%2FWUrWpwJWe%2BrLR5ppTb9UOgXdIY5Gqbi3nhl8QGtd2KIYbd07FOW8B%2BF78J3Tv3k%2Bq8BKwjfGu6iaA%3D%3D%7Ctkp%3ABk9SR_yU5vGXZw
Supreme Camo Box Logo T-Shirt - Grey Size Small,,£31.90,+£2.94 delivery,27 Feb 2026,6,Pre-owned ·,https://www.ebay.co.uk/itm/147098443437?_skw=supreme+t+shirt&itmmeta=01KJZHSH9AMCYFWSFC4ZMAWSQA&hash=item223fc01ead:g:M-wAAeSw8TNpa2lo&itmprp=enc%3AAQALAAAA0GfYFPkwiKCW4ZNSs2u11xAMMUOtR%2BG3NY1mGLD7wRrjIRA%2FdaAeUWuhDk7ePwgaDgbZtvJqwK81R8ChKxnqmHyJ1oLYdtq8a4tIzgaU7nJRTk7xcGhf%2BsaS23supcsjOm%2Ba1I5iH7odjY5CXtobPMx5M3ZiwVJxPtAO%2BGlyrccLn0EUsrRPyd1IrhXG%2FUTJN%2Fn2Zj6Z5Ndfbu3yUOpMXqd9HgaDojeU5x1kVBA%2Btk6%2Fl10ZkAlC3wsrhJvA%2BYdU9t4rkzkOxSSEZZMeKuB1UwI%3D%7Ctkp%3ABk9SR_yU5vGXZw
Supreme Arabic Box Logo Tee - Black Large - Order Confirmed ✅,,£63.10,+£2.94 delivery,27 Feb 2026,6,Brand new ·,https://www.ebay.co.uk/itm/227233594221?_skw=supreme+t+shirt&itmmeta=01KJZHSH9AGRZNKGPMH1KW88Q1&hash=item34e82d7b6d:g:fJ4AAeSwWERpoIwP&itmprp=enc%3AAQALAAAA8GfYFPkwiKCW4ZNSs2u11xClXgYWK7jScANBUiK%2B6g35o7vECvTyDzSq5KxQKd0njWpSgROzc2E5aQdqj7cU2YXlZUfl4U77a7mvNCHPvwLcpKpoPtEe3ULjivJlEMJngGHq0Y1Oh7scKewrgWnh%2BnnMq%2FhuEyK9QOzwSdMM8lePjRPwOkShKxwJUb5d62yLVAPRFOKxR6EYIZOtAKn98k%2F9u70qxYCfbh23W8TlvpRYwXW7L%2BexukdHa%2BueIOizUie1EuBsj%2BPvkA%2FqjnDqjne%2B7kqA5VLHMNa%2BivOd%2BSV0yDm2HW0RTH%2FbFWSx2o4fBg%3D%3D%7Ctkp%3ABk9SR_yU5vGXZw
Supreme Arabic Box Logo Tee White LARGE,,£75.58,+£3.38 delivery,27 Feb 2026,6,Brand new ·,https://www.ebay.co.uk/itm/168191523832?_skw=supreme+t+shirt&itmmeta=01KJZHSH9A6CPXWK63H2CS87DC&hash=item2728fefbf8:g:kGAAAeSwjW9poHQ7&itmprp=enc%3AAQALAAAA8GfYFPkwiKCW4ZNSs2u11xCsZU3MmRjt5iI6ZttwPM3qUQDbrl0slwlmA4e3An7by7ltqsL95Rr3HTq0Znae36KNU8AK8Xv%2FqMFHL%2BL4CwkqO5IIfuB8A4%2F4NYLmMn8EZLVWZD1Nc1C%2FqQ3TsRkv4DD5hIBM0N%2Fd1yZc9SiHRIvmJNvKzaEEtxOBYeKBwXRcsN2eFDcAvQBmB7s6fsKQiwPInqqCMOEpSnzXDbJL%2FqHBaCOEhbphLcRMC5fjFECsZVbrKoDdVfcEhmI7C2vLD1Erae%2Ft3WC7GJGOVnltCzuyV%2FkttF%2BwQi7y%2B%2BUlJmciBw%3D%3D%7Ctkp%3ABk9SR_yU5vGXZw
Supreme SS26 Arabic Box Logo Tee Navy Size M BNWT,,£71.42,Free delivery,27 Feb 2026,6,Brand new ·,https://www.ebay.co.uk/itm/287168622482?_skw=supreme+t+shirt&itmmeta=01KJZHSH9AW14C371K9NC2T34H&hash=item42dc956f92:g:5DsAAeSwS2dpoIZj&itmprp=enc%3AAQALAAAA0GfYFPkwiKCW4ZNSs2u11xBLD3dTmkmSStiCUC%2FGsKAq54WBFIVnt1EHBgjMpT5CNwlG%2F8bZePf%2FdKcJaCE6pg4MOrAks2LPAG8zHu8n0YiZA9ZkQmVnB%2FTwWuvwYAQrIMUjW518VEf5TMoxfCH6Q6uKpkwK2tjlf1wcCNT52WteeiXv7JL3C%2BCc9j9wSzn8JqTF08r2APq3BqxJ8jNwuk1pvTwa3Za44fl63iRpEGMBbRRK3LbQ%2FqqMlSVuZF9wlYew1V3BF6%2BnVpVZSK57vfE%3D%7Ctkp%3ABk9SR_yU5vGXZw
supreme aphex twin windowlicker t shirt,,£73.50,+£2.94 delivery,27 Feb 2026,6,New (other) ·,https://www.ebay.co.uk/itm/365978445576?_skw=supreme+t+shirt&itmmeta=01KJZHSH9AXYM52V7AF0F456D9&hash=item553603e708:g:IQQAAeSwjjFpEzjR&itmprp=enc%3AAQALAAAA0GfYFPkwiKCW4ZNSs2u11xDL8PXMXlYsQsnljAwh8s%2FMatVBXIMmZ3hZKC09pTEqvgHe0XUI1QeA28VqXa4KN92CeHa%2F5PlPosqWpIhAb6zXPv90%2FahG0veUktlRJAAg8I3wzsZN8L8DnsrQBwLg%2FxFALrB4uWBFHVFEFthzI0X0WeJZDmUh2%2BGdNPa8QWavwRjNz3YOvLpxs40clzGPcCD95VFLus1xdzmRKAelFiEKqGEHBqi8ebGspB9YgIxt2NUteYs3RXQUQ%2BPizFQK1oE%3D%7Ctkp%3ABk9SR_yU5vGXZw
Supreme Spider-Man Tee - ROYAL BLUE MEDIUM (Confirmed Order),,£80.00,delivery in 2-3 days,27 Feb 2026,6,Brand new ·,https://www.ebay.co.uk/itm/277758321732?_skw=supreme+t+shirt&itmmeta=01KJZHSH9ARZ9JV7XGH8Y2M04Y&hash=item40abafa444:g:gH4AAeSwDAFpoN8i&itmprp=enc%3AAQALAAAA8GfYFPkwiKCW4ZNSs2u11xDr8dd%2FOigjK%2FymHAEgiPZrcvsJVt7tZ%2BWcBrM3x35AyDDEB4AcjeLAIeq5iYgUpRePBsOe57zqp387ZCWwIXC7nNr%2BdZpdUDZtGdFhPir0S3ovR7wnfsKGGuZ6hzcS4C%2BzV4dMA5PLFWethVm65pqkflPSYemW%2FXEnFrAMS%2F%2BswyqvJJJ7g15%2FwlN1lHUReFOQIjfc33LYU1sj8sFPkGFPue%2BqsZVOR380yp0ayafuhLr%2FNjWe83iyeBU3P7lOXVZJRPfrsHEORlzpwbK9FtZ6YW1nTbX3d6INLwpv4xqvow%3D%3D%7Ctkp%3ABk9SR_yU5vGXZw
Supreme Arabic Box Logo Tee White MEDIUM ✅ - In Hand FAST DISPATCH 🚚✅,,£83.89,delivery in 2-3 days,27 Feb 2026,6,Brand new ·,https://www.ebay.co.uk/itm/376994538944?_skw=supreme+t+shirt&itmmeta=01KJZHSH9AQFR0A9WMFJ6KRHTJ&hash=item57c6a025c0:g:FNsAAeSwUFhpoMhS&itmprp=enc%3AAQALAAAA8GfYFPkwiKCW4ZNSs2u11xAIMkkgQuRK0jOKjY9FfKq5bL49%2B%2BXXgLOW%2B36pAIBNqi%2FBydjDrh9PUN%2FS%2FIKrqY4JB77log%2BuPZk5TQXPC2%2B2UM2jih7HxD0TUo4vL0%2F7EjpDcxeLHBjU2JITXF4ZSdWc21k8NcLGf7J%2FI7cVM2itZDYLi8QOiqygp0gefp0mutpsDRRHSYL4zAGntnTetxlRKn%2B3K7VdCR5KVAE0z%2FbWreOzspZuKbffIH52m2FVV0aOwGC7Wy35FXuGdm48zKc17OjfdQVtJEVJowuX0XoH9Lww2niW3UDtOkqWr%2FlljQ%3D%3D%7Ctkp%3ABk9SR_yU5vGXZw
Supreme Studded S/S Football Top Jersey Shirt. Cream. Size M Medium ✅️ PRE ORDER,,£199.99,+£3.94 delivery,27 Feb 2026,6,Brand new ·,https://www.ebay.co.uk/itm/287167973873?_skw=supreme+t+shirt&itmmeta=01KJZHSH9A7867BG4H2QGSCMGM&hash=item42dc8b89f1:g:Mn4AAeSwCzFpoWAs&itmprp=enc%3AAQALAAAA0GfYFPkwiKCW4ZNSs2u11xApvPW2wYZz2TZ3FpPwwTIILDSghh3FIFfQxff0VueUEFP8q8ZCgX9%2FDPg5pnN4LhVb2Pz8FgsxIk%2FYEO%2FNlmV%2Bx0dKa05Dt7KB7uG9fETPRQclwidXnj9XxVeUjahFMbdVmitboZLlF8R%2Ftwkhg2BY3pYiWc2y4Uqqezevx7t3aatnOHA737oSOIp38nyvue%2FWNZSIrMwA0NSl%2FtUASnhSJS%2FgU%2BFEJ2NL8yryS%2FxbA%2FKB90XlDzCGdRPvJQ0esss%3D%7Ctkp%3ABk9SR_yU5vGXZw
Supreme Spider-Man Box Logo Tee - Pink - Small (Brand New),,£50.00,+£2.94 delivery,27 Feb 2026,6,Brand new ·,https://www.ebay.co.uk/itm/157710708748?_skw=supreme+t+shirt&itmmeta=01KJZHSH9AGVRR90K703XWCEVS&hash=item24b84a700c:g:klkAAeSwYJhpoGkJ&itmprp=enc%3AAQALAAAA8GfYFPkwiKCW4ZNSs2u11xAp6m2wH2leoH8DKZCvJtaedincVf1eTgsMxDCqesTMRgWjt6DW8mwAIxnVm6IMlt1JeNGNa2V1ZvOxGpaRC8BVeGA9NEyMm65WsQU5sIIcWQV%2Bo5ACGu1eiSp6Yiv3cYKLo7LAsrOQQDxaX8YOzcOLqyCwNI3wFmGZy%2BiLGCNbY0838AUYkimHL39U0mclOEouv6fc%2FX0IX4Vqf52OAmRygxU4YpjCcOHQ69%2B44pUOXS3%2FtWV5QaQ33s63Id0oGOEhKa3asVbSWDDLMGPV5ycT1ZK%2BvTfp9kVdUaPYkcEZbA%3D%3D%7Ctkp%3ABk9SR_yU5vGXZw
Supreme Tank Top,,£29.30,Free delivery,27 Feb 2026,6,Pre-owned ·,https://www.ebay.co.uk/itm/206047191495?_skw=supreme+t+shirt&itmmeta=01KJZHSH9AK8T8WRB8HQ9J0QWG&hash=item2ff95ea1c7:g:hBYAAeSw7p9pgmQX&itmprp=enc%3AAQALAAAA0GfYFPkwiKCW4ZNSs2u11xDy8B%2BLL0a8rfbSEDcw3RsIvmDzm2sibsHKDqoOVsd53l2SdWnPT1ITlwmZerhPnACwqvo85%2Bm6Fl2GSCoI1XjN4AkoaoDmLewxyDscOfgjSfQgsE0Ukyo0Em0bPn5EZjl7AF5EwcZMxCSJ4HqlABTEI9TvuAKwIV7gnw3v%2BW4eRKLl8Eq4%2BL0JL3GrH%2Ft0RXIIi0y3FRmHXTD%2FFNU2Mt78vN4tYRYkyhEguIeTV4WGNRz6MAfOvwGwZ%2Fr9PNdIzTk%3D%7Ctkp%3ABk9SR_yU5vGXZw
Supreme Studded S/S Football Top Jersey Shirt. Cream. Size L Large ✅️ PRE ORDER,,£208.70,+£3.94 delivery,27 Feb 2026,6,Brand new ·,https://www.ebay.co.uk/itm/327019933870?_skw=supreme+t+shirt&itmmeta=01KJZHSH9BP1YDH2319RZC56NX&hash=item4c23e830ae:g:4QgAAeSwo~JpoIRL&itmprp=enc%3AAQALAAAA0GfYFPkwiKCW4ZNSs2u11xAp4cyGebqlgtWxjZ5XZXFc8aZeHvol7%2BCbmgeiiXoyJmjXR2bTHJVzS8pjSzg87anW22o9Q9%2BJa3x21ZdVV0CpcmqFlLi29jzY--LKKXMWeEBBTnSLeo7xc%2FDfevH7Yf12C4UBBH74YqQHcyBUeQFAAHAhcO3ZrDSDlIYDB4GcGrYuLAZBlqKf6e5XbN3SPrZ9hJYUpsEV89NXvMbDPpZCaT3xpSLksOKaRfM9tpK3mzIQj2oNHgVrfUxxNzCeDIw%3D%7Ctkp%3ABk9SR_6U5vGXZw
Supreme Spider-Man White T-Shirt Graphic Size XL - fast shipping,,£78.70,+£3.38 delivery,27 Feb 2026,6,Brand new ·,https://www.ebay.co.uk/itm/267587561480?_skw=supreme+t+shirt&itmmeta=01KJZHSH9BZJZGMDFCKNWP4PXB&hash=item3e4d762808:g:uSQAAeSw05ppoHPY&itmprp=enc%3AAQALAAAA0GfYFPkwiKCW4ZNSs2u11xAGVgk%2BzEFIMoAj50dMtTl4mEXlODW%2F4qbebSFxM0tcsZyrQQe5NyQYOQheP852Q4%2BKDoMx%2FpfeTyjL4SFuYFkE%2BdSxgzIUE1ezArmjtCsMcee1A5Y4Vsj6jrccKT0KGu0vhUWMzNtZm2TNoQUNxJ5R4aYOI64kjGfCFt76lLdcABZSVQUITpwW3fx%2BPJAPrwz%2FawrxxT302dD%2FrCHzFvxFJGk0v4F5nu0S1xbHBs50t0MFc5i1cLmRy%2Bq%2Flbdqfs8%3D%7Ctkp%3ABk9SR_6U5vGXZw
Supreme Spider-Man Tee Size Large Black Brand New 🚨🚨🚨🕷️🕷️🚨🚨🚨,,£89.10,+£3.38 delivery,27 Feb 2026,6,Brand new ·,https://www.ebay.co.uk/itm/177898845344?_skw=supreme+t+shirt&itmmeta=01KJZHSH9B2BRXDGAVQZKAZTJ4&hash=item296b98f4a0:g:V40AAeSwNy9poYXM&itmprp=enc%3AAQALAAAA8GfYFPkwiKCW4ZNSs2u11xBm2hmZgsB5VZfhLBbPVs8Bjej26XS51geuFYNefExA9cL5uDmHOmpIi7dHQ1kuNfctJmOBF27XcF%2FcQeDUweraJtSy8owVD2e12tTraxH7Q80XLdeI%2F1idgR6NZh6%2BPwzUDgTlcnDI9sGA%2BhwI%2FtlCessO0GbwGfHCKX%2ByBdr%2FyRLGn%2FlVuuIEiUn8vbQ%2FJLvTkmW%2FK%2FmhVCizk57J77rW1zSYrz6OHuuAnmikM90lj%2FQe9MsZrjozr%2BRA0g5E0sqPofYmgFHJE0aLddxb5FktMqi9IOUDWzgDHWCZxaflOQ%3D%3D%7Ctkp%3ABk9SR_6U5vGXZw
Supreme Arabic Box Logo Tee White XXL 2XL DEADSTOCK FREE POST CONF ORDER,,£99.99,Free delivery,27 Feb 2026,6,Brand new ·,https://www.ebay.co.uk/itm/317927573361?_skw=supreme+t+shirt&itmmeta=01KJZHSH9BWR5SN7FQAZKXHEK2&hash=item4a05f5c771:g:upIAAeSw9LNpoHOo&itmprp=enc%3AAQALAAAA8GfYFPkwiKCW4ZNSs2u11xB7Ya9S5wjdtG0vgogTxb9ujdAzrtJ0aCBqFPMzE4%2BKbSoiMgyU%2FcKnHv6SePucIV3QTRvDwtoJNnIubMvPpdJgb33gU8Altot1qbyFNhcDAkanmZZb%2BIGGYc1UFqXGypCEpN3pl5fwVCh%2FSfZTrAO5tmpbDTzcE3ioxlQTvbsMD6xqEtcn2Sczmmx%2FAGztp%2FEKKc0vdeNMDKbi1hz7PXa0SDB03jGnumjF%2F7z8hBFY%2F1%2BeNqjmTYLm6BW0JZLQuuNxnBKqlVKvW6SxDTy9qLvh8J9SQ%2F4sc0UBu68TAAHdJQ%3D%3D%7Ctkp%3ABk9SR_6U5vGXZw
SUPREME FIND GOOD FOOTBALL JERSEY BLUE Size SMLL Brand New,,£228.45,+£3.42 delivery,27 Feb 2026,6,Brand new ·,https://www.ebay.co.uk/itm/397653797488?_skw=supreme+t+shirt&itmmeta=01KJZHSH9BZM7KMA1GVHH6XRC7&hash=item5c96036a70:g:~78AAeSwcRVpoH0e&itmprp=enc%3AAQALAAAA8GfYFPkwiKCW4ZNSs2u11xBtzeROuvxDfPAS5nJGNCSXlMxOZOIOMk95ljifu85ykMRazUdk5HS0Sf6kSoFk4BiByRp9w5fXB7%2BE2Fl5YnwGY03VaBe7gotaojv%2B4VBIhkizXdwsbRa7vrVvaMvmLv6qIZNJFy1KlWnDeJXXdCheVyEW1gwBfTcO4LzFqricorj8PnmHPrRMujWxW6RZoVR4ULD2V%2BMULu1w%2BA9OL%2BQiqnMUoGPO22xGEuLwFs3dqQAVCgXmfBjlaLg8k37mOB%2FgJIib%2FlX1cpDMKo5OhbHBeonRq1%2F49fjFQhudRxEdjg%3D%3D%7Ctkp%3ABk9SR_6U5vGXZw
Supreme SS26 Arabic Box Logo Tee Navy ✅ Size M🔥 New with Tags 🚚 Int Shipping,,£73.50,Free delivery,27 Feb 2026,6,Brand new ·,https://www.ebay.co.uk/itm/287166578914?_skw=supreme+t+shirt&itmmeta=01KJZHSH9B3HAJ7PKDMSJZ7A8F&hash=item42dc7640e2:g:5DsAAeSwS2dpoIZj&itmprp=enc%3AAQALAAAA0GfYFPkwiKCW4ZNSs2u11xBHEvga2gsU7PF4WhcBoBJN2udYMILAeFpdwdd1%2Fsa6%2F1Y0ZmZf%2F9rhZvs7Jx7AKHdCaPcMGBfygfNTk97KUCx6rlkE37vgCt85pdLzcF4RKQv%2BnF%2B0Ga76NaDMeFzHVoIWXY4E%2Bx9xRlHuW%2FByIYinBNKvMZklv0rhywanNdvHKLuHFGoYUQrSKGQVU2mZb45LvPmNPg98MmV1f1P2o04niqrWJIt87pFUkNAxwTqsaa7Eaapmd5Ai1KSmv9mm33Y%3D%7Ctkp%3ABk9SR_6U5vGXZw
Supreme New York Mesh Stripe Tank Top Blue Medium M SS25,,£15.08,+£2.94 delivery,27 Feb 2026,6,Pre-owned ·,https://www.ebay.co.uk/itm/257287928078?_skw=supreme+t+shirt&itmmeta=01KJZHSH9BZ5Z1T5Q4Z41PT2JK&hash=item3be78e390e:g:dBIAAeSwkwVpVpH~&itmprp=enc%3AAQALAAAA8GfYFPkwiKCW4ZNSs2u11xAeExDO4%2FerCiXeCXegTdypmH4DsScBzz3G98LPpv3esvEZk7HoCaaKxCCTIwAI0fH%2BjcwYf636WFx43UlH7KPSwGlnb3B%2F4psTIbDTE03Ez0QJ8XWmwhnbH94y0HHjrymUDh2QxmBiIN%2FYXhr4rEG4MQFQOIn352yFCdrHc0baUBIKTyjA9SCfMlA5lxYo31rnhfiKmcJnTWCHVQYaIzkhiV6Q4YxTIPmbZmt3bFt2bGLN3HC%2FtVV8nH1qpmR7A7Z03%2BvcVZ04PmOM09qmfwVeY%2FqAQa35q4fhrCcckGHnhA%3D%3D%7Ctkp%3ABk9SR_6U5vGXZw
Supreme x Tiffany Logo Tee Size Large Men,,£52.70,+£3.55 delivery,27 Feb 2026,6,New (other) ·,https://www.ebay.co.uk/itm/317879903228?_skw=supreme+t+shirt&itmmeta=01KJZHSH9BJSYKCVDYSMWJ9DRM&hash=item4a031e63fc:g:cxkAAeSwnzxpkHak&itmprp=enc%3AAQALAAAA0GfYFPkwiKCW4ZNSs2u11xB5swqvJU4DFBbHduDf%2FxDdDIUm0QzH0Td%2FKPfS6wiEg1LpSVlFvYxwnjy6DPCxOoYXIr5OqrLNyanzpUPY6OYnIcoenamh1EhRLiVBvozTYYhTtaYpqmlN9gkicThEBsSIGTz41jmw0K3QYf79NQ%2F1UvcSAM%2FfPZrAhx0UQpor8wj7PdU3y34lHdEKTZZLwn40uMOlqVQ51DImmSWNRhWZ67foudHFBureTUSWnu0MlMH10Am6CRUd9fskFMA%2BoQo%3D%7Ctkp%3ABk9SR_6U5vGXZw
Supreme Ultrasuede Mesh BaseballJerseyLARGE,,£73.50,+£2.94 delivery,27 Feb 2026,6,Brand new ·,https://www.ebay.co.uk/itm/287168164008?_skw=supreme+t+shirt&itmmeta=01KJZHSH9B2E4QKFPJX73M9D53&hash=item42dc8e70a8:g:aRYAAeSwWK9poYJO&itmprp=enc%3AAQALAAAA0GfYFPkwiKCW4ZNSs2u11xB4Uug0uL1j7PQxwx8QNn3V4WVPUXXlwMlJ4AuMMStZw5V1LYXBMNr1DGpGITwvnyoQfpKixSg16k8QPoz%2BbR1R0h%2BPbfnGMCddtXsO5zghjYGnAlo%2F00HBlbR5vcksSHxjmuTkfrF71twfxb%2FHnGo%2FkkXlRDrHU3LE1YQ8500NShpxB9yOWSN8Skxa5wey8ODJmTIPhZdau7uLmIWUuz%2F%2BMoOSOfaM2%2Fl86sGTe27ep%2FWi7QJFxfiXIgozRMbzQFE%3D%7Ctkp%3ABk9SR_6U5vGXZw
Supreme Time T-shirt Grey Size Medium. Supreme graphic Tshirt,,£37.10,delivery in 2-3 days,27 Feb 2026,6,Pre-owned ·,https://www.ebay.co.uk/itm/147139796229?_skw=supreme+t+shirt&itmmeta=01KJZHSH9BHJGM7M21JAHEK8HK&hash=item2242371d05:g:Lb8AAeSwBRppgT56&itmprp=enc%3AAQALAAAA0GfYFPkwiKCW4ZNSs2u11xDdD1Q1A08wkru%2F94VZf9dn1Smt6IFp2MkH4V6BEHxYrMt00BxB5Va375drj8Jn0WBtqFfGZLZtw6jvfpVLXJf9ewUNZbkSeWanutkE%2Fqb9MePkSKzdsSa%2Bgwkity3R4me5yWd3nt3jxVC49S3TaDiasBQxpAk7x5lE%2Blt2PLdbwC6DS3rOao%2BQYieVWgFjT9dJAJy6a%2FQYLxsnXOKZfPPgkKlzoJ07BESgk3L9ilRreSkrRK149vZZPZTT0wWKBVE%3D%7Ctkp%3ABk9SR_6U5vGXZw
Supreme Arabic Box Logo Tee - White Medium - Order Confirmed ✅,,£63.10,+£2.94 delivery,27 Feb 2026,6,Brand new ·,https://www.ebay.co.uk/itm/227233592900?_skw=supreme+t+shirt&itmmeta=01KJZHSH9BG2E67X58NTB27KK4&hash=item34e82d7644:g:9CMAAeSwenppoIuS&itmprp=enc%3AAQALAAAA0GfYFPkwiKCW4ZNSs2u11xB%2BoIHiLszcjWBzMWvkHxBgjJXUDSaKF4oo%2Fw1lyJMwVBNn%2FTlxV8R4P5RHI6kvEEkiwII9dNW5omEnCdHZzDCxfq7HlN3SVu8J7rHVNP6SyNd%2F4aAVhy%2BrHyOuhTtoV5JYi2KmrF87YK9ZkMWM8Fw6QTz6dvOBOtLYlggVifjyKdAxNNLqFg8vT4ip9jaGDd6ZZuzAKhMTaAg9RZgh1fgZFVR3UnnRIPhViGKsix3cTwetmnWp8d%2Fhfy3wUy5fDmE%3D%7Ctkp%3ABk9SR_6U5vGXZw
Supreme Spiderman T Shirt Tee Black Size Medium Brand New,,£79.74,Free delivery,27 Feb 2026,6,Brand new ·,https://www.ebay.co.uk/itm/177898670388?_skw=supreme+t+shirt&itmmeta=01KJZHSH9CZRRXY7B90EGJXEGF&hash=item296b964934:g:rdMAAeSwOURpoHGZ&itmprp=enc%3AAQALAAAA8GfYFPkwiKCW4ZNSs2u11xA%2BlkWhl73xB%2Fpd4Xw0baOOLKIqbtAW9fr82ubXtTCF0MZO3yvepH4M8%2FBEg2mbzDyH0glasdMEPeWQ7xeFlz4KGOXt42X4bNmOzQ81X4nQ6KrCfAh3cAxiu3aZB4Ckiko1wRCIiF7stNHxeg3B64nekt2Lsv8bH9xwgMueDP%2BWNkWEZ0N5Bxqc6iK%2B7cQDpIRs6T4D%2BNbnzOWwDHXV8xLVhVniYVbxcnUzP8LXbEf0qwE04jpAmuAQ44zjf56QE50Um5ozdQBhyWg1G23g6FXaRYs8VZf3C3u6XbHZBmu8RA%3D%3D%7Ctkp%3ABk9SR_6U5vGXZw
Supreme Spider-Man Tee SS26,,£83.90,+£3.38 delivery,27 Feb 2026,6,Brand new ·,https://www.ebay.co.uk/itm/147173826793?_skw=supreme+t+shirt&itmmeta=01KJZHSH9CPSZN27963BKGZFTZ&hash=item22443e60e9:g:-ogAAeSwmzZpoE5o&itmprp=enc%3AAQALAAAA8GfYFPkwiKCW4ZNSs2u11xCBSRqkHdsxxg%2F6q1UijnEKD1n8qQpysQsh%2FnrsjSp%2FeA%2BMu5ByesSiwPTmk0Qsu5W9PlUyx3kBejbZizZ%2BhX%2FCPyOfN3DMQNMJcoK3mvJlbb3qqWQ0tafBOAsJ7eSYuXuU4ZIZApSQ3hAFFT9r1sZPV%2FLmtoQXq9VS5RU4us6fGpRMvj%2FibuQI1j%2BSjAQKC056iL1CH3kYWWCLeNzRZvLnvKTvSJL4OkwtCG%2F6uvjcxdy9F5akXX41wi5ueDgdNFy5FL2BH2WxCvsQe5SdIWzhhQ0T4NxiNAzXrrYGfcgwBQ%3D%3D%7Ctkp%3ABk9SR_6U5vGXZw
Supreme Tyler the Creator,,£20.00,+£2.96 delivery,27 Feb 2026,6,Pre-owned ·,https://www.ebay.co.uk/itm/127706985594?_skw=supreme+t+shirt&itmmeta=01KJZHSH9CBPDJMMNNX6YQKJPP&hash=item1dbbedf47a:g:sCQAAeSwu9xo34py&itmprp=enc%3AAQALAAAA0GfYFPkwiKCW4ZNSs2u11xC%2BCdySClZpqWdQ1fRrL%2BmVTIgLnV1U%2FRiAOUOoXfd3kX6NwsV7rmp%2F1cLlqeY1M7Z5b8ZEQUfm1UMv5c2X4e%2BibmXz4g6z%2F43CrhLuUXrFBUOG60wOmzu5hPb5j1cFXZUsvFKqq6hShGtvkuNznAvagpRzSPT3vv5ni5gN7UY%2FlVGFgo0TyXM8zm2648UgTz4iw1BMgE4BLpdnrcwKcSjoviD7SJL0SuaqKFugFe9bGuicrOMdvabHOwJ2ykRTz3w%3D%7Ctkp%3ABk9SR_6U5vGXZw
Supreme Spider-Man Tee T Shirt XL Black - Presale,,£85.00,+£2.94 delivery,27 Feb 2026,6,Brand new ·,https://www.ebay.co.uk/itm/406723766943?_skw=supreme+t+shirt&itmmeta=01KJZHSH9CXRJW589T2920SYME&hash=item5eb2a02a9f:g:bjcAAeSwfbVpoHHx&itmprp=enc%3AAQALAAAA0GfYFPkwiKCW4ZNSs2u11xCAGwfaDdaZaHbe2e5JC854vU0veVn9rjZ1DoDrltn32iD9q0QV9REG%2BnpoqDg7BK6F8a1MntZOrdiZwUJPvHqFWnqGOxjPzFjTfn0YI4s%2BAEPPeSiWJTCAyA96qmPlfmOnGvhb%2BfXc4RdrVOxYOr2%2FCHSCFP0Jkjabjqyr6RSg1ypP3yNcy7h4q6L6n%2BZXf3R2FroHbC5ltK5PmPVjX96yEcHRHtRBgSDeZ2RD%2BvtrVqPz6D9q84%2FAuMV6FbLb1QE%3D%7Ctkp%3ABk9SR_6U5vGXZw
Supreme SS26 Arabic Box Logo Tee Black XLarge (XL) NEW Deadstock USA Streetwear,,£89.09,+£2.94 delivery,27 Feb 2026,6,Brand new ·,https://www.ebay.co.uk/itm/397653712470?_skw=supreme+t+shirt&itmmeta=01KJZHSH9CWSXFFP396G7DRWJH&hash=item5c96021e56:g:yuYAAeSwqmlpoHQq&itmprp=enc%3AAQALAAAA0GfYFPkwiKCW4ZNSs2u11xBxmdhIp3gzXvEao%2F6MJZ0KRtg9KtAt5hh1aXSIU0oLunrRdIxA2tNhroUN8jZfSGezMQeL4d7OQ%2B6%2Fk5ormLRKBOnwcDcniNhQ8VeGBsMxuJpdj5LetMtQqrGP9POldm8p7LHlRPS1i7LEESEYRMpLY8MguuWS40tM2YpddYhHuqqVDIIKZLTB1GSPqulg0P8D3qCPakop5%2B33kUUrqU%2BNXQp5ozLiahwW8OQhq5D6KQ9PeaVn4ua61wf9%2FNNZxww%3D%7Ctkp%3ABk9SR_6U5vGXZw
"Supreme FW26 BNWT Spider-Man Tee Brown Size M, IN HAND SAME DAY SHIP ✅",,£73.50,Free delivery,27 Feb 2026,6,Brand new ·,https://www.ebay.co.uk/itm/287166486646?_skw=supreme+t+shirt&itmmeta=01KJZHSH9CHWKPSYJ70VVVBXB3&hash=item42dc74d876:g:~fIAAeSw3YhpoHiO&itmprp=enc%3AAQALAAAA0GfYFPkwiKCW4ZNSs2u11xAZ37fWtz7IN%2Bh0Z8JyBk%2FtRepZuwQItIiGH7T4OXvmCSL8UzZsp%2BmUks0UtIzpUG%2Bdn8NA1pfxKwjW1oD0dXLATcZwXLX59Sefep79Tx1GwwH%2FVD8fhJVTYD%2BXCguLQCGBaCCftQT0y3En6BiQeqq4tR0m%2FF09NXK9y0sr9VH83Im0eVWaphvPSkgSGaNVshJotvHz35OessubzJ1jqGVz19bF9RDNSfco%2FupWPloumHuL28BdS%2BXA9hPKi1yhXg8%3D%7Ctkp%3ABk9SR4CV5vGXZw
Supreme Play Dead T-Shirt Size Small,,£31.38,+£2.94 delivery,27 Feb 2026,6,Pre-owned ·,https://www.ebay.co.uk/itm/406653766446?_skw=supreme+t+shirt&itmmeta=01KJZHSH9CF209Z81GDXH4P160&hash=item5eae740b2e:g:IUgAAeSw~5lpfNip&itmprp=enc%3AAQALAAAA0GfYFPkwiKCW4ZNSs2u11xBk%2BRQdGmxxiJzavAF8VCL8q4hS0LQXYxPXNc%2BH5yeY413xa1%2BEzZdYECznEeMttZyG3ExbYMVHaiYU3RHzESCq6SzzyvP29WJCDjPaGnvtbsmFMeBda87f%2FtETTH67tSns%2FNOOCgfuAuBGZJy1mteGt%2BInhpasDxXUEVjNl%2BrXCfO4DOerDsenBDhXzFOi0BsVj4CEnSX3Wl3Wn8ck45JlqdOKMp3seHlWOaSQDjgx%2BAxEh16xAJfYOzIbBDUfokI%3D%7Ctkp%3ABk9SR4CV5vGXZw
Supreme Men's T-Shirt Size M,,£5.14,+£2.94 delivery,26 Feb 2026,7,Pre-owned ·,https://www.ebay.co.uk/itm/376976759776?_skw=supreme+t+shirt&itmmeta=01KJZHSH9CBQ6DQB2QTQNMBPFT&hash=item57c590dbe0:g:FeYAAeSwOvlpl5LI&itmprp=enc%3AAQALAAAA0GfYFPkwiKCW4ZNSs2u11xB%2FZz3nz4NMDGDTC0mbf1d39MrHootxWWBD09jYwWzUMfI48j5wkW80FFxcm7P2IpBr72JEdxiLmAT7WGF2AHVNtgjeRbdGD%2FQ780mxu7K1hQpsT5wVVhxwcJRVYuaOTAyKqyq%2FDFpZQHd1vrC0UWeBDTO%2FI2FN4a7Ma02ai1hwtTDI2%2FZ50vyTmJrLTJJI35tzdLSV8jZncmdrG60UZcGxqOm6ibCdTn%2BRfezRzEgtc5LwP49jcajdqGyM93X%2FTxo%3D%7Ctkp%3ABk9SR4CV5vGXZw
Supreme Arabic Box Logo T-Shirt Heather Grey SS26 Size Large,,£78.70,+£2.94 delivery,26 Feb 2026,7,Brand new ·,https://www.ebay.co.uk/itm/397653708303?_skw=supreme+t+shirt&itmmeta=01KJZHSH9DK192SAX7JQ4NFB68&hash=item5c96020e0f:g:sK4AAeSw0DFpoHJY&itmprp=enc%3AAQALAAAA8GfYFPkwiKCW4ZNSs2u11xCU3ydisnK%2BvhlWYCf2oJk281xdw9WuJRFp0kWOkw%2FPnJWsrt4SL4wungKOziFHvk8ylhx8eIuU%2FLMswAx9%2B04agQH23CNo2fbPG%2F54W%2BeTwn70PYjh4YLAuxDfCbp2PBbXvT4TosJaquGxBOSSdA6smQ%2BMZwx8cUYg0r6IMiNHYkdIoMVnM5QEiB4RpQH4Bze5kEH9uMVbatgJ4xfG2pr4W3JoVYi0%2FLHaMNacIzGfhvyy5KJRrvboAeUVHly5XgmqDdQqKRWrLh60E98WiDE2ZbKVdLORbxSVQ0PQHjHfAg%3D%3D%7Ctkp%3ABk9SR4CV5vGXZw
Supreme Arabic Box Logo Tee White XXL *Confirmed Order*,,£89.10,+£3.38 delivery,26 Feb 2026,7,Brand new ·,https://www.ebay.co.uk/itm/168189644548?_skw=supreme+t+shirt&itmmeta=01KJZHSH9DNG760ZVZQZY8YQP3&hash=item2728e24f04:g:kGAAAeSwjW9poHQ7&itmprp=enc%3AAQALAAAA0GfYFPkwiKCW4ZNSs2u11xBrufgLF9LNL6cG--EhrtZQYY8oxpS5H1hCYYw09z%2FWZI6fK1OeRe2xYiqfmXVCZF0FpIe4QqZ6yl0egz38ZdBSqHhELtB13hMkE%2FtSMabUrQT3fCDunzcMvTs2AXcqRjdQuQb%2FIf%2BPoV3%2FnA22eSizmY3UjqrHmYXZPyY%2FlJEqSxssIXXqn%2Fy1H5EuKoPIybhtJZnlZb1Wnps46UsvP%2BhtU2H%2Ff7o1e4TjZosH%2FoN3jbcMQV4%2BEoCWPfblzFuvFo8%3D%7Ctkp%3ABk9SR4CV5vGXZw
Supreme Spiderman Tee Tshirt ‘Brown’ - Size L Large - Brand New,,£125.00,Free delivery,26 Feb 2026,7,Brand new ·,https://www.ebay.co.uk/itm/188098259995?_skw=supreme+t+shirt&itmmeta=01KJZHSH9D7KEG5DZR00817WVA&hash=item2bcb87ac1b:g:d~wAAeSwIHFpoHQ2&itmprp=enc%3AAQALAAAA0GfYFPkwiKCW4ZNSs2u11xAzUYvhJcf0YO2%2BCe5C11D31oYwRzc4lfUxnbAytuKkzkrxzQlGEtQ1t1M54LZb5pOXCP8WjdjCgJf8Julg1TAE1XkSWe76Ov9cXfAqU0i1zCAtc3hjXyEdRk70HNrFQMJk8%2BmyaqR04zVjn3DyAy%2BAugeycAVViToPD7xpqrrgji68nSFIHiQYjH%2FVEXwnu1LAeOWc3tR0HRN%2BCmFg9WrtFchlUV0K476nEozZoKOFbg8RBl7pxFvrnsxX1P6Ta24%3D%7Ctkp%3ABk9SR4CV5vGXZw
Supreme Arabic Box Logo Tee Heather Grey - In Hand,,£90.00,delivery in 2-3 days,26 Feb 2026,7,Brand new ·,https://www.ebay.co.uk/itm/358262205305?_skw=supreme+t+shirt&itmmeta=01KJZHSH9D6HHK0B7YZ97N4PK4&hash=item536a176b79:g:ZusAAeSwS2dpoEVA&itmprp=enc%3AAQALAAAA8GfYFPkwiKCW4ZNSs2u11xDWtkUyv1QLk46mrJaHXn3KD6euVvxvHpCn4wgri2PAKZSD%2FWMWhX7GNx5kYRpNobM7QY0dD%2BDpsSM%2BGwbqswmx9%2B4QFI%2F7KxlInUkg0jQZ5X6qlckbqazR4NLvLJDLR7tuJd8BCKt5RdN9%2B5a7PxBzZWiyQyIpCLtVLGs1y35nxmOb0%2BfutmBwnG6LTbLNa9M5Hobvryq0cfS2W0xA65fXS6m0St9VWY3X70PMQfIFzhkDN1M62RebImEtEBTELT29WGbPaKrszuwESlpOOolAA%2Bs6vIifpEu2WVfsrUnJFw%3D%3D%7Ctkp%3ABk9SR4CV5vGXZw
Supreme Spider-Man Tee Size Large Black Brand New (Presale),,£104.70,+£2.94 delivery,26 Feb 2026,7,Brand new ·,https://www.ebay.co.uk/itm/236656968389?_skw=supreme+t+shirt&itmmeta=01KJZHSH9DMK49AYBSFR4SX35M&hash=item3719dac2c5:g:bwAAAeSwvEFpoHJb&itmprp=enc%3AAQALAAAA0GfYFPkwiKCW4ZNSs2u11xCGqHoYyCSFwdVkVbYUUO1GRhe0m7m1qJirHWmvE8rEBn%2FSElWAKHo2ryA8vpS9z72cpHfl%2FtX6fqKCOp5Pp7BPRudmltJf0g84nnXxXlcaNcII6Xaq8G5%2BG1HtPrn0tuJeXNw9OUu6UtETvZqsS3ZR0Walcm28Z2CuqIpLgNPbyuJOOL%2BEUww2m%2Bh8r6hAi0YbaC4fcCHIN4lAcjRi04dKPqrKuMEKwxzVzUZxfSRK8HyCgnPsgOc2ogkCRje%2Bl1Y%3D%7Ctkp%3ABk9SR4CV5vGXZw
Supreme SS26 Arabic Box Logo Tee Navy ✅ Size L 🔥 New with Tags 🚚 Int Shipping,,£79.95,+£2.94 delivery,26 Feb 2026,7,Brand new ·,https://www.ebay.co.uk/itm/376994030446?_skw=supreme+t+shirt&itmmeta=01KJZHSH9D67AKCWNZDQ3X3JMX&hash=item57c698636e:g:m3UAAeSwmXlpoHZD&itmprp=enc%3AAQALAAAA8GfYFPkwiKCW4ZNSs2u11xDHYBtuJSYWt0a4ZVLcnLT5HtFpu0kehGEW19s75hEPWLy9%2BR6wRH8flBwv963M%2BgwW4HsEXy7P7nEcowzVmoOhvwDThy7QJvf7yL%2B1vr2J%2FE9NabhAxV%2BKoJzKNPil9qFYOqNNfXGaXuSKEhzIiGR8KHJu0dOVU8oXTluHGeuz7YLuPgABkw4wAsj%2FOX%2BYfC07BeKBTJZ5SO4eMa6hbLBIGt2JEZRmY0bZIBkyMMzPg4JPcnVTuMQ%2FrF%2FtvBfd0xR2rcsFuDZh%2BaG1nYhBpJIE705C4fIWL%2Fdz7lISrTGqDA%3D%3D%7Ctkp%3ABk9SR4CV5vGXZw
Supreme Arabic Box Logo Tee SS26,,£83.90,+£3.38 delivery,26 Feb 2026,7,Brand new ·,https://www.ebay.co.uk/itm/147173831222?_skw=supreme+t+shirt&itmmeta=01KJZHSH9DDJPRPBQGEJJNZ56D&hash=item22443e7236:g:s1UAAeSwra9poE75&itmprp=enc%3AAQALAAAA0GfYFPkwiKCW4ZNSs2u11xAXbBjB6EljWmkvEK7T7O6NN1q5hMiSeVrd722iHf0gJreE1I6pwaIpnSwDe%2FCUNQBZQgYypxPNvSKMJDW%2BLkPRSxCaXbzNgf4b%2FVq%2Bt2umtr7jXuUbfCYJW9msN0T4O6cFzOjb0WnqPY5Ln1so%2FDxP6UKb%2FEKxH2tFEi6C1%2FUim4hqvlQeH11H0ZNAZm2VZy%2F226K%2FhHHx719gr3w6B9cpQTGn5ZVnpXDKFXXcYOqaz%2Fgm3T6sDx04eAHpo5dvqP8%3D%7Ctkp%3ABk9SR4CV5vGXZw
"Supreme Halloween T-shirt By Sean Cliver. Black, Size M",,£31.90,+£2.94 delivery,26 Feb 2026,7,Pre-owned ·,https://www.ebay.co.uk/itm/358262593250?_skw=supreme+t+shirt&itmmeta=01KJZHSH9DZ7QYK4E89CB9C8PA&hash=item536a1d56e2:g:MkMAAeSwbv5poGkI&itmprp=enc%3AAQALAAAA8GfYFPkwiKCW4ZNSs2u11xB5ugM8g2%2FPBk1r2ju%2FaNUWGKkQCsumaogyCjVtA1hPMdGqAupVxHHS4Xe4Bu0GhnZY%2BJOGLCsub5B65cfBaVCIwtKhvmCpr6qvM28iddpM9jn83vGyP%2BH4iNgUL%2BvRntoUDQO6nhmeF66HMeh5%2FxJsOahhmHOHe%2B06fDSFNDMxbNLBAzLq9pYFgxKPo186CMbwbpVLD89tEm041YNX6mct%2BFTCtoMK%2FOzj3tC6yHjLXIxk3WIkn6f6jf3C41Ld0lRawLSpwdWU%2FVXOHX2F%2FCUFZotOtd3mjMmvdSkERX8c3w%3D%3D%7Ctkp%3ABk9SR4CV5vGXZw
Supreme FW24 HYSTERIC GLAMOUR Pin Up Tee Graphic T-Shirt Size M Powder Blue Sta,,£39.18,+£2.94 delivery,26 Feb 2026,7,Brand new ·,https://www.ebay.co.uk/itm/317877934302?_skw=supreme+t+shirt&itmmeta=01KJZHSH9DA7F4KE6ERYEBG853&hash=item4a030058de:g:yNwAAeSwLDNpj9JM&itmprp=enc%3AAQALAAAA0GfYFPkwiKCW4ZNSs2u11xDJ0b1kTgcNJSX%2BBi9CJmh1n%2BPG01puMf8YSOy%2BYgpcCoRCoYaM%2FiFb0DzfnSP1yf9nBeSxvO7iUhqRNZBmdK%2FQrjIDcG8TqGOTGolZaFIKcQl0er0D6q2%2BhUWbxrPHdFDvSDE8AdjfNHMPKqQG%2F5hb4wzInfwGEWPzgyOos63mzeJwpeQGG71KxQ3qRcp9Vb1c4pWEaKSvngRg%2Ffgm2A3u0jyh%2FtLWjOsNuL0wygy8MBC2Bve3Rn6lhL%2FaNyOI65Y%3D%7Ctkp%3ABk9SR4CV5vGXZw
Supreme Spider-Man Tee - White Medium - Order Confirmed ✅,,£63.10,+£2.94 delivery,26 Feb 2026,7,Brand new ·,https://www.ebay.co.uk/itm/227233600106?_skw=supreme+t+shirt&itmmeta=01KJZHSH9DFNM4P4QMMK78V4HD&hash=item34e82d926a:g:UsoAAeSw9LNpoI2N&itmprp=enc%3AAQALAAAA8GfYFPkwiKCW4ZNSs2u11xBbrh%2B9W29U3Qeutu2lq84ItCmzSXUINxW%2BnqQ8OUKOu12Z5OA%2ByUBtJCN9sA4j7FFlqDwg2NPtpKmlK55u74mGPS0pyfKZkU0iTmm9CZiRBKl29n6u8L%2B7al4wxZ6m4P9k9eaq6Z2ZjFRRu9dCODKjv4H7Ie8yIUFt7XeS%2FLhgPBEbSKtswWtK6SHLXg2BqeNt%2BmKnd1VyhUI1SgQ32%2BUy5jIgUQnXMC7r%2BrDjV%2BNTvh0QfY7xFDcmP%2FvOcxjcvkaBHxILkVRGvRumkCTWbhMcxUtRH9IrAXinNypEeJzxDg%3D%3D%7Ctkp%3ABk9SR4CV5vGXZw
Supreme Arabic Box Logo T-shirt Grey Size XXL - BRAND NEW UNWORN,,£94.30,+£3.38 delivery,26 Feb 2026,7,Brand new ·,https://www.ebay.co.uk/itm/267587572938?_skw=supreme+t+shirt&itmmeta=01KJZHSH9DYPM73ZDWVJ7HFQH9&hash=item3e4d7654ca:g:4ogAAeSwwBxpoHdr&itmprp=enc%3AAQALAAAA8GfYFPkwiKCW4ZNSs2u11xDKbSnHcjIcJrmHwPP8KxSW1TIAdnUWpT3758VyJULy13VWcWWdZwzgBp1x2KFRVGJcvUKltFTUEZLd5TVBCCxn4L4EsbqE3%2BWagd%2FH%2FF5tpA8Jdloj4kyBQy%2FyHUobYqwCHFAgNrB6UVlqxdRAc0j2Z5eAjA7gJBGAe3XQWclp%2BHCHMKyPvMGkcRN2SBvp44yBuQbikyuj%2FHt0XkzoC1NwyVBjUH6O1aP5RC4cvg9MqU4Z9u3o05XYt9s4QAO53lKfLJQQHWAm6AVDyEfo68g%2B1gC6Y7jMn9j8M8WuGt6t2w%3D%3D%7Ctkp%3ABk9SR4CV5vGXZw
Shop on eBay,,$20.00,,,,Brand New,https://ebay.com/itm/123456?itmmeta=012DEW30YG0MEEKND7NH&hash=item123546:g:acwAA9KNiJowH:sc:ShippingMethodStandard!95008!US!-1&itmprp=enc%3AbgepL1tlUHjMGCVfSTGJh%2BzsVKeJ3CQk7NizDI4BZeppuFnmyS6Ijyp8lh%2FnEw%2BWqO7uTV1Q6izE1R0T54aV8j71F4xlWfVcGft4%2FiOQhtqVXA1rW6M1atPARQRmhqUxtEPJKhKtSFgI%2Bvwlzb0GwVCtkp%3ABlBMUObkmabpYw
Shop on eBay,,$20.00,,,,Brand New,https://ebay.com/itm/123456?itmmeta=012DEW30YG0MEEKND7NH&hash=item123546:g:acwAA9KNiJowH:sc:ShippingMethodStandard!95008!US!-1&itmprp=enc%3AbgepL1tlUHjMGCVfSTGJh%2BzsVKeJ3CQk7NizDI4BZeppuFnmyS6Ijyp8lh%2FnEw%2BWqO7uTV1Q6izE1R0T54aV8j71F4xlWfVcGft4%2FiOQhtqVXA1rW6M1atPARQRmhqUxtEPJKhKtSFgI%2Bvwlzb0GwVCtkp%3ABlBMUObkmabpYw
SUPREME BANDANA FOOTBALL JERSEY WHITE - SS25 🔥 LARGE,,£68.30,delivery in 2-3 days,26 Feb 2026,7,Brand new ·,https://www.ebay.co.uk/itm/287099998998?_skw=supreme+t+shirt&itmmeta=01KJZHSQS8KMCSH6W8Z4FCBF0A&hash=item42d87e5316:g:7ZoAAeSwASVonRp3&itmprp=enc%3AAQALAAAA8GfYFPkwiKCW4ZNSs2u11xAryaHSrV%2B0XMnoNShGKxO50WGYKN9SK55%2F7PUxjabtXDOGbqmX91bTbn1vnS%2FGNvDT3cnyxbtdwYmLc4%2FpQ8BNw9wfRr1zjdDs0JuFprkSMWn6VHnUOrgOnT7HljN9k3R1MZejm21JlmMOSZAGcX3PLCnupzmGvwCqexd31cjdbMvc3HlA8cSxrUOpKBqEeSLuJ7FVKSDFVP1ApEQ3XN%2B3GxuDodxns0cZFgLJi8qAu10trOqa7t8xpuTRSRimmYTD41TEO4IE%2F4qGKA8XFHznjmdSTFbH%2FFLYeZHsL1Pc1w%3D%3D%7Ctkp%3ABk9SR_b85vGXZw
Supreme Ultrasuede Mesh Baseball Jersey 🔥 LARGE,,£73.50,+£2.94 delivery,26 Feb 2026,7,New (other) ·,https://www.ebay.co.uk/itm/287049475385?_skw=supreme+t+shirt&itmmeta=01KJZHSQS8XNHCBSE73F19CNDX&hash=item42d57b6539:g:vXIAAeSwiK9pWGXA&itmprp=enc%3AAQALAAAA8GfYFPkwiKCW4ZNSs2u11xBrPrlk60y2JoOfiCUqVmL3WYzRECNShhu7%2FpDXU%2BDO4YY%2FL96Si%2BCjdzKBljO8z%2B%2FRnwN6jW98JOANO9xcWiZlh5owXXzG1XTpc%2FJTXddrguzfpsODQ%2BwjM%2FDVH7F8mVdEVIKNeHRX5tiCOrQHmx3RvrDp%2FCbprv%2B1m7BblaRc5aLT4oIhgL5HXqnociuSyulyXYlAcTscw%2BDJEvk7I4SXlGHAePNfcP9h0JnjCqP5dotem8d%2BmPS9m3kcr5ciT71ZS8TLh8fj3JogULcwyjd701nTTIpGOCYipjiW36cpvQ%3D%3D%7Ctkp%3ABk9SR_b85vGXZw
Supreme T-Shirt stick tee Unisex Cotton Side L Brand new white large,,£52.70,+£2.94 delivery,26 Feb 2026,7,Brand new ·,https://www.ebay.co.uk/itm/297848628530?_skw=supreme+t+shirt&itmmeta=01KJZHSQS850QAQPD7M678VW9N&hash=item4559296532:g:6PYAAeSwRpBpUuPf&itmprp=enc%3AAQALAAAA8GfYFPkwiKCW4ZNSs2u11xC7%2F5N4sR2Dr14BRoMFU7nVUOoJkLSLck9p4WtJ%2BgLUrj2CQSctWB%2BBQ4b0yCLL0fgT4jjIqXiifIU1itMfnM2b8%2FWS9%2BgEQnBQBwfMsvEDZwKx%2BIwqyqCXOKf5POdIFelPH9aJbvgldbnwVY9H4OFLM1ZSZXfIPzeKQTtMyzd7%2FrkT1r3fVkA6IYHjP7sa2lV35QSF82NTMdMDAOOACbEdCeaWfH4emqspvj7dILz3jifPVoGSvVykjmYk%2FxDdJxyzfH2xD%2F9IAuS6%2BrtF6WV2myuCOEfsXzS4KtnwIa2iBA%3D%3D%7Ctkp%3ABk9SR_b85vGXZw
Supreme Arabic Box Logo Tee - Large - Grey - CONFIRMED,,£79.69,+£3.38 delivery,26 Feb 2026,7,Brand new ·,https://www.ebay.co.uk/itm/177898646498?_skw=supreme+t+shirt&itmmeta=01KJZHSQS802VXKM9CEHRYXQGN&hash=item296b95ebe2:g:nGsAAeSwrClpoG-D&itmprp=enc%3AAQALAAAA0GfYFPkwiKCW4ZNSs2u11xB8CpY8ky4gtfOsqPMHwOMtcmrhTyeMZKBkc%2B0qJshGrVW5OIHoiyvHSrXAZjUmkqDlUIvMsGLglkPnS7zdQolTdICeBZf%2FtmNui3r4AxAhKPD4IAAYapQuDBWE4lWez6CRTVausbr%2BcTq7yCFFRPjJ8OHLKGYhKJ4A3I1vC3chXXF6r82m0pfg97bkjQcaGxg4KbkZ%2B3wWkik6fvWiUl21sQh0Gbrhxvsk%2BeuarwMu%2BxdFyUfcc2EYn2vH8HBJo%2BY%3D%7Ctkp%3ABk9SR_b85vGXZw
"Supreme Logo 20th Anniversary Tee, small, good used incl Carrier Bag & Sticker",,£23.58,+£3.38 delivery,26 Feb 2026,7,Pre-owned ·,https://www.ebay.co.uk/itm/257368222086?_skw=supreme+t+shirt&itmmeta=01KJZHSQS89J2TH6BPM0P70AEV&hash=item3bec576986:g:yFUAAeSwgE5o-lQk&itmprp=enc%3AAQALAAAA8GfYFPkwiKCW4ZNSs2u11xA28zW4FjmLmC5Opuxp0y2MGQA%2FmjgrZOiYnVk8DYo6uENMHVPbEW58DTfEELNDQrHoxCEkkq%2BY8A1gl2o4u0T9O%2BJ5Eri6QUlVup60PpMIZkw2LbkxeJ2kVWWAT1trTd94pPn3I9pRBfGdFxnX9XGbJvZwkfzjacbbprx%2FKYm4KNnfwfQ72V0TT5eLL0ZpZRg2l%2FuwZWgXn7fV%2FSC%2BdBHBqMuyh1zg4Bl5AxsLzhVhFVvuL4f6OPtwITXnYs1x5AWlumJNDDqlV11NEVuSrmAfpu6PREm4%2FT6nyydP4Wp%2Brw%3D%3D%7Ctkp%3ABk9SR_b85vGXZw
Supreme Bandana Football Jersey White,,£63.10,+£2.94 delivery,26 Feb 2026,7,Pre-owned ·,https://www.ebay.co.uk/itm/147039711041?_skw=supreme+t+shirt&itmmeta=01KJZHSQS8P7C3SKPA7B1YTKPH&hash=item223c3fef41:g:F8wAAeSw6whpRByP&itmprp=enc%3AAQALAAAA8GfYFPkwiKCW4ZNSs2u11xAUOkpe2GKJLQJhpyX9n7S6dtyLa7lX7S5XxC%2BXWRqF5%2FsOT78ahSM3%2FsNti27W2HpjLPewRSujxqNPq6ShcE1yFZLsh2SIWFHGyuvWZTyhj9NSFp8hUwy%2B6aG2uUehhcXfx4ynsCQN4%2B2C7jel%2BZNeYJP8GCfXrJzpjr1ayA1ujIMxWqkzN2%2BYvia9omKfLbM7Xoh7gfhpTdtdaOaN2XAjJ2Q1zpxlgLOLzBs4Dmn%2BX1sGFTqZUs45oeDaEjtCb4XziYv%2F1ceJ9G7sHvOTaxPdb3EECcEmdVIiC2bLCTo4XQ%3D%3D%7Ctkp%3ABk9SR_b85vGXZw
Cradle Of Filth 'Principle - Supreme Vampiric Evil' Black T shirt - NEW OFFICIAL,,£17.49,Free delivery,26 Feb 2026,7,Brand new ·,https://www.ebay.co.uk/itm/315564828794?_skw=supreme+t+shirt&itmmeta=01KJZHSQS80BA66DSVZHX7P4KJ&hash=item497921287a:g:pp0AAOSwjoxmmEjX&itmprp=enc%3AAQALAAAA8GfYFPkwiKCW4ZNSs2u11xDKJTvXpI61Id8zxxnDcHegACDS8Yahr6Sj9b6j0ZfP56bF6HyVxBLZhxInYOnzrBNqSAVpZMiGLkvohZLH8Kh3jHnNEbDpwaW8Th6LQYs4xEoWazf%2FCw0XsyFDewVzM8B%2Be0LT1rpK0d0PRVf2jmze4MylAeFaDkJKiFHmWkJq3X9MZLX4QrOld1udfu%2Bhv0MVU%2F5WApJNAMWps3v2hEQOslZmWhAR%2F8bTAnCE67oCPy%2F%2BEVQeVgVxkMh08lt%2BHyxXyPC5oG8vzEVJIL87kNhVQID3%2F3ALEt%2BfCp5mi4ru%2BQ%3D%3D%7Ctkp%3ABk9SR_b85vGXZw
Supreme Mens T Shirt Grey Medium New York Tee Cotton Crew Top Made In USA,,£21.99,Free delivery,26 Feb 2026,7,Pre-owned ·,https://www.ebay.co.uk/itm/226636636744?_skw=supreme+t+shirt&itmmeta=01KJZHSQS9SQZDQM19ZFQX81D9&hash=item34c498a248:g:mFkAAOSww65nzIth&itmprp=enc%3AAQALAAAA8GfYFPkwiKCW4ZNSs2u11xBaC3tSAy1l5vogKFfporVEHJiEzZU5H3F%2FiaEYpNfQnEKPpDNTflefg3nClfd0KvACmzFCE7Cfem6MqaQHSeEt5ObV4XEon5C8IOd9kO0oDVA4ZZDVtoRBOOFGp1xAKpxokfgkCU7hiDxOgUa5UlJVpwej4JuRE7%2Bborh3Gxp67wYzgOZOKnYCKgrgvC0w2hbeW8ITL7Ux8ZbwiEqDPHQZgImIRznkDoKFeltew%2F2iiZI2Ocq6hu6j4d8QjCvIVtlqEkylmE7gPNM45IDeh9UlzlJ6Y9PEythg3JjvQrdyoA%3D%3D%7Ctkp%3ABk9SR_b85vGXZw
Supreme tee XL,,£5.45,+£2.94 delivery,25 Feb 2026,8,Pre-owned ·,https://www.ebay.co.uk/itm/177873964379?_skw=supreme+t+shirt&itmmeta=01KJZHSQS90CD13GR8D0XM28KR&hash=item296a1d4d5b:g:XssAAeSwjgFpg7Yp&itmprp=enc%3AAQALAAAA8GfYFPkwiKCW4ZNSs2u11xADmGdzm2DVUQKRIsSCEKk4dmPHwMft2orMCf3mR2cVXMcNW%2FT%2B1%2FUAOytDZbkL9Z0HWx%2Fc7yIoc8bdq%2F4M7JIBT%2BjeWZhElBKA2RlsbGzmX%2FVfY8ksDL58lBk0Z6UTJ%2BCcVQAFeZjPjGQQh7f6sH%2BlkxeFjdxj%2FtG%2FBnTMxjDg%2F2jzIRHcR7Py27OtAtq%2BuDzUV49u4nNaFjeEGVyskigz1YNg4g%2BOTGv7Cwyrr7kvY%2BvkMGkCf5Frz13%2Fb3hdmp6EQRB%2FvLMXJsnd2yxIyuVuJx7lLX7NLn05D%2BZQS6SoCg%3D%3D%7Ctkp%3ABk9SR_j85vGXZw
Supreme Zoo York Transit tee SS25 Black XL,,£21.50,+£2.94 delivery,25 Feb 2026,8,Pre-owned ·,https://www.ebay.co.uk/itm/177873934060?_skw=supreme+t+shirt&itmmeta=01KJZHSQS9PN9K8MRXFGZ11GYG&hash=item296a1cd6ec:g:QckAAeSwtElpg7Pz&itmprp=enc%3AAQALAAAA8GfYFPkwiKCW4ZNSs2u11xCt5Ke%2BCS7HX3YW26IRTnUcJ5tOmzEem2WBWLpxJX6RiSe4hXF8JGOCvIQMTYkfE%2FGjW5Zdkh%2FO%2Favn9r3FnK%2FbDbK7CzuoXk9fI3Gj7%2BPc8kgPuNnSyRrfT76bYfP2abt80aTiq3jyQljBRnPxKMpEu08fyCvYaFxs5%2BZp%2BZSrEiz2lHqVgHw18%2Bki9qM%2B1mufKLUXgh5Qc57MCBhV1eZuRsmq1BylpB21iUEWGOLd4oFeUlD04uAEb8TDNjWrAujbZkvWv3fO5iN7%2B4PC39bs50rjDjOV1jkj34c3foL1Uw%3D%3D%7Ctkp%3ABk9SR_j85vGXZw
Supreme emo tee FW24 XL black,,£16.15,+£2.94 delivery,25 Feb 2026,8,Pre-owned ·,https://www.ebay.co.uk/itm/177873921901?_skw=supreme+t+shirt&itmmeta=01KJZHSQS9YZ6ANTXXA82K6WP9&hash=item296a1ca76d:g:6~QAAeSwdUJpg7Jn&itmprp=enc%3AAQALAAAA8GfYFPkwiKCW4ZNSs2u11xC1JuaxCFSCRHDmEQj6GD77SrKqsNhFlmZKhBXnhINxUyjpz%2FKp1JB9DteTOW11VcFPzzqBV0nIroq21dKaMaPV7c%2FXagvDbNxh1dazoclP3MtCi1LIQVEIv2YGfrPK%2Fjoso%2BpqdiD02hHDdLNoqZi3Yq0Ipc9b8ibYAZcFSiUORUYzsumyxFlP6I%2B%2B0hpwwXTZT6fwnSGH4cbo021oLBh5AJu0YoPdj9eu3Py38DNzui4uWq31jBbtDH7x5WNweicORx1PFZtIfDhO91HRQI%2Fxd%2FZJjjHZ05evnnG%2F%2BryVjA%3D%3D%7Ctkp%3ABk9SR_j85vGXZw
Supreme Grey XL Tee,,£16.15,+£2.94 delivery,25 Feb 2026,8,Pre-owned ·,https://www.ebay.co.uk/itm/177873919020?_skw=supreme+t+shirt&itmmeta=01KJZHSQS9X97AZHFET0GBKW3E&hash=item296a1c9c2c:g:cAYAAeSwGH1pg7Fe&itmprp=enc%3AAQALAAAA0GfYFPkwiKCW4ZNSs2u11xAe%2FE%2BgL1HNI6DOwQ61RLa4e2kPwZHwOPg3nF8xdMBXkX%2FK4qZ%2BLKznstlbjRcnG3T5zH6vt15Tsi3GuOLOXW9ocgORiCK9OdNzWdKIdPa66CMZCPxPfukzQZnU5lfn6ajX3IZPymOVKnZXSwQKrzH3L8MOBffCf6MQ4nMLatMINz7al3eqdf6qtEFoDZc40A%2BdTD17bMgcJ8tV3CusnBAFrmx86lt97BoUG3MLPfpP%2FzrsEi57pWToG5ST5%2BhH2gY%3D%7Ctkp%3ABk9SR_j85vGXZw
Supreme / Band T-shirt Bundle,,£31.04,+£2.94 delivery,25 Feb 2026,8,Pre-owned ·,https://www.ebay.co.uk/itm/198119235221?_skw=supreme+t+shirt&itmmeta=01KJZHSQS992G0WZV9CMQ6NW4Y&hash=item2e20d39e95:g:k9wAAeSw~KBplbmT&itmprp=enc%3AAQALAAAA8GfYFPkwiKCW4ZNSs2u11xDPicBZtIFSggFOqBWUDQiZWMSVnAYIltH1P3yC3JE7nFTNCw25GQJcQk1gqFEcMiIS3sYyQIyFDqh%2BUyw7LNKAqAxqtcwhmaaBZZVU86BOJ7m7vWQ7Ew5jF0x8vbzk7%2B8MfWC56CB0qtJKa7u5CTP16spn1LUpFeFSw4f%2FZrSw8kgs3UGInLb8ERdiC3gqt6uz2IY0vTy%2FYFccsYIghfCjWiyNrqRXwnPRUFxfiA7WCubvpZSLb6R9ELtuu9pbD%2FlD7CCSnOPx2kABAlOUZMv%2FeM6ajvVfnJWSdJA%2B1RkADA%3D%3D%7Ctkp%3ABk9SR_j85vGXZw
Supreme T-Shirt Men's White Bundle,,£38.04,+£2.94 delivery,25 Feb 2026,8,Pre-owned ·,https://www.ebay.co.uk/itm/198119212204?_skw=supreme+t+shirt&itmmeta=01KJZHSQS9RQHQ4KR62DPCQ8ST&hash=item2e20d344ac:g:hZMAAeSwcJ5plbhZ&itmprp=enc%3AAQALAAAA0GfYFPkwiKCW4ZNSs2u11xBDytWYWIS77kSeS0mWHtGZCY9lYjnLt3kr5X2zm06gIHoFJ5Jt3fU6f2J0hUAbyyADQMpNWRll1NE%2F14%2Bu5IlG7RgS9lbeoE8JEFPT8B4IG6KWH24ZrcZLncrHBvK2snO8otO4HSwTjms%2BSQGq8DOymO0279EryHYXL9uqQF2ue2nCs%2BnoqaTgvt71nxfkR6UKp%2BL9Jgxv1X7ZHg%2Fmd4z9PDGJfFOIrhcS8CtimY5nsje%2BnkqZjn6OALcHseBghmQ%3D%7Ctkp%3ABk9SR_j85vGXZw
Supreme Men's T-Shirt,,£16.15,+£2.94 delivery,25 Feb 2026,8,Pre-owned ·,https://www.ebay.co.uk/itm/406706109627?_skw=supreme+t+shirt&itmmeta=01KJZHSQS938HFWJZ4YGF3GTZR&hash=item5eb192bcbb:g:akAAAeSwFVlpg33O&itmprp=enc%3AAQALAAAA0GfYFPkwiKCW4ZNSs2u11xCZUU0NaHy2NUheRn8WXishwfjaHPWH9shw00rzQL9kPEtl2idoD5Q3gWTAZZco0xS3qpIpNygKeh6CqkU1crQuVMnLy%2FZNzvzUXVL2qP%2F85iaogUego138XuV2DHxsihxUbZX2qPF79pGgeVL8%2FCjK25PbKl0ic1%2FFRhmuymNV%2BarK4yH%2Bc%2BQG2DVR9d6MT7MdAdMjwzy1PNId5FLyAYz32vUSogLiIXDoANyQUyTxOCr3y3kvGjhcdvofgJFzDns%3D%7Ctkp%3ABk9SR_j85vGXZw
Supreme Tiffany & Co. Box Logo Tee 'White',,£199.99,+£5.99 delivery,25 Feb 2026,8,Brand new ·,https://www.ebay.co.uk/itm/357664755629?_skw=supreme+t+shirt&itmmeta=01KJZHSQS9JC6TXNW40NK48064&hash=item53467b0fad:g:-ugAAeSw3ltobNWd&itmprp=enc%3AAQALAAAA8GfYFPkwiKCW4ZNSs2u11xCUkgwt7DFg%2Bh6L2wMQWE6Of9ddpKmtmVxoQUCJN5ooH9x%2FIV6ITi4tuz3KtB58M%2Fcqz5N6TOZERFXyG6JnoPLe%2Bd6BmX2Oo%2FEj9eIfaJ8dTysZGVdb5f6BhUCDctn0%2FwU6r6AP7sAgNtPEc2p2kkgf9sF82fIXjKoB2YVcX06nozaK%2Fiw4Q3r9ryJ4HHbmUYG9irElJ0OM0eug1X8fwJ149sybiAsjvnmFvkISnuG8xpsldR8ERj5mWpKTQuvUtSlrtn%2BrFYJAMhSNVM%2BXrXGYnddtpQ%2B4UgXaEOO%2FYRaqIQ%3D%3D%7Ctkp%3ABk9SR_j85vGXZw
Supreme Long Sleeve Top / Size L / Mens / Grey / Cotton,,£21.00,+£3.95 delivery,25 Feb 2026,8,Pre-owned ·,https://www.ebay.co.uk/itm/205315196457?_skw=supreme+t+shirt&itmmeta=01KJZHSQS968SYQJRHX0JBA5V3&hash=item2fcdbd4629:g:hR8AAeSwgUtnvcTX&itmprp=enc%3AAQALAAAA0GfYFPkwiKCW4ZNSs2u11xDUVOnKrbLYFUlEOoOlcpf%2FhVsStJ%2BJP9sn9lyNtBQ7EWuQt8JVTGorZ7FvPyux7ocyoSs4M7vPBMr9SpeVE90d3Sxjj6LGbrGmD%2Bi8Fda%2B08tu27OyUkt1eQpO2r09761Oj3bZfkEZi4%2Fh9ZQe5wHv2Pb9obXY5%2Bf29oonObUJSZeufoTQPykPWhKt%2B1ZoLYx%2B9OsZs0xtUVnjgHZftyEwjN0IIGSHRIsaVdK6e%2BYPf%2B%2FnxH5vCL7qF%2BXhoXtDNRc%3D%7Ctkp%3ABk9SR_j85vGXZw
Supreme T-Shirt / Size M / Mens / Black / Cotton,,£14.00,+£3.95 delivery,25 Feb 2026,8,Pre-owned ·,https://www.ebay.co.uk/itm/205315041776?_skw=supreme+t+shirt&itmmeta=01KJZHSQS9DKY7CY1A7G37RFFT&hash=item2fcdbae9f0:g:-9IAAeSwMkxnvbOr&itmprp=enc%3AAQALAAAA8GfYFPkwiKCW4ZNSs2u11xAUIRHq0FxwwcH7Uz11J9Oqn2y09RG1YGX8bSSljhkK5iQWnP2IPupP6IWjVWHas2%2FDYvGnopPCgHKfpg%2Fdo7MLiinDkj0WCXeuJugXb15aRjZIgvGGwTSfH95sJWFFTOY1AjBWE6K4GUUKjo7S4P%2F8SWOn12pH9zbhUDVu%2FtfhMOUUHF2TohZrDwyUiPHxoWKqzB8aL%2B5kviduEMTNmhveIXMx7T4MET9lXaUeyq%2Bdk7fPEJC7ZGyC0cxF2gsj6SqcVFRvz7ZLXjlUSOstdWeRjpstUFFizBA4qvpYB79nkw%3D%3D%7Ctkp%3ABk9SR_j85vGXZw
Supreme New York Tee Black Large,,£29.82,+£2.94 delivery,25 Feb 2026,8,Pre-owned ·,https://www.ebay.co.uk/itm/187662312300?_skw=supreme+t+shirt&itmmeta=01KJZHSQS9ZT10G9EX32GE3Q5W&hash=item2bb18ba36c:g:~vQAAeSww11o87qX&itmprp=enc%3AAQALAAAA8GfYFPkwiKCW4ZNSs2u11xAemcmXcQQzFwhSuP%2BFcyHwZEOK8icaI6YBCZ5qgU1Efu10twzjPMQ7v9gFRPl3PWZ8pvSTPM6ZtzR3QmSmUbP0IS%2FEnyyiOdh3rOx0kRQEqdUiIovG4Kh6zM%2B4u96Jps9djbpodCpLbkGvYN9VlE3DtBYlAFp%2FzD1LYtA8CbE5FZ0GTDPNszoHYufXeFxzPIg73mKAMml%2BALnnhGmCjF6G08Jj6%2F6jT2wLgTfFB1aT%2F3%2BXQkLOS3BGvY1MLqFJWozX742xlxwK57Ml%2BtTGGY91Kd%2FkAOlkvjz1hvQ1dLkV7Q%3D%3D%7Ctkp%3ABk9SR_j85vGXZw
Supreme S/S Pocket Tee Large Deep Red,,£27.74,+£2.94 delivery,25 Feb 2026,8,Brand new ·,https://www.ebay.co.uk/itm/227209983042?_skw=supreme+t+shirt&itmmeta=01KJZHSQS9B48TNJPH3ZJEXHGC&hash=item34e6c53442:g:edoAAeSw7sdo9rWf&itmprp=enc%3AAQALAAAA8GfYFPkwiKCW4ZNSs2u11xClL%2F5A9m2YXRlVKUphB%2FCdYn%2BzZCzWWu%2FNQ1Hx1Xlhy%2BNQdo2qB%2Bozu3PPYyQcI5GO3%2F1y%2FO9kPrHSK96fus1LEilGgp6idzPWi05HWfhsa4MwdUC1K7Sv9e2MaSbGejLEwTgV%2B9vzBf07QFRQtPH%2BW87kbt7ZdsfveOsACpbynFt8Z8MhUAc2bo5QSNvH51W%2BFlB9eL5BnjWv54iLkHgHJ28yskDJtZKV7uiJX3f4ZEPzEE3cH%2FktSCNbLBwaq1uDfJnxm5eTjmqupSwWmZoQdC5Quikgw%2FuM5W%2BpR8MK2w%3D%3D%7Ctkp%3ABk9SR_j85vGXZw
Supreme x Hanes Bones Thermal Crew Top | White | Skeleton | Size S | New,,£59.99,Free delivery,25 Feb 2026,8,Brand new ·,https://www.ebay.co.uk/itm/317864030849?_skw=supreme+t+shirt&itmmeta=01KJZHSQS94NGYH5R6JKKKKWP6&hash=item4a022c3281:g:w1YAAeSwtuBpg0R2&itmprp=enc%3AAQALAAAA0GfYFPkwiKCW4ZNSs2u11xBVygDlQrY2pl%2FSrLDeSmu2soWU%2FXCrG5pOV3MF3qmYiQGLSNEHN1fjkqQ4OFGIjj%2FfbQ77O60EgwFLwUeS44QG65kKKCHS5cDFlfxmpFz2b42iTti3HNxSeZrLGjVR%2BYZh%2FYRke6TKZ66vsLVDHAzuyOx9WQqvnucMft9j%2BMGcJ18KZhdqYNQMnv2EGm%2BUYk211qtQigZG%2F7tHHZlN0I4i0e7RtpmC0pDd3%2FQ579qX1lEVpVCluW5qHq6Mnxi3zGE%3D%7Ctkp%3ABk9SR_j85vGXZw
Supreme / Wu-Tang Clan RZA Tee Yellow Size L,,£49.58,Free delivery,25 Feb 2026,8,Brand new ·,https://www.ebay.co.uk/itm/267458728855?_skw=supreme+t+shirt&itmmeta=01KJZHSQS9JX5RH0M3XNCC4V96&hash=item3e45c85397:g:Xe0AAeSwAftpCb9o&itmprp=enc%3AAQALAAAA8GfYFPkwiKCW4ZNSs2u11xAiEDdP6fPKEFDVoTbn0kUeN67Ug2FFN5kWJjxbOArf49VLhFW%2BcaMvUU3hcA1ZkaNHaiu7vgd4LjqMhu0djQ5bFKFYBKmO%2F7YXhOb40YRSTcSlHOvuz8BnVApT74EMFRFfYX9lWfQ7dXCYM%2FwgETazYZK%2BTB9n5zJMMwxsQNF50Oxo2D%2BWfnUc4vhwG1XSMwLQSrRTu6TReFOaLIWOuv5jm414A%2Byd8n0h2QH7uLRp4ShPA5fYqQRXxNJfT1lQH%2BZXYqALWl%2BxosKPdzY6tKuqJyha%2FzKXDjb4H3tZ8%2B6%2B9A%3D%3D%7Ctkp%3ABk9SR_j85vGXZw
Supreme Raphael Tee 'Black 'XL,,£37.10,+£2.94 delivery,25 Feb 2026,8,Pre-owned ·,https://www.ebay.co.uk/itm/358216833413?_skw=supreme+t+shirt&itmmeta=01KJZHSQS93E9CFC7WB3ESPJVA&hash=item5367631985:g:yBUAAeSwUalpj91M&itmprp=enc%3AAQALAAAA0GfYFPkwiKCW4ZNSs2u11xD8ZGJiEAHrXtQC%2Fai%2BOuCOwNgN6wuhMupGRXY7qdF67rXg6fj79RvjbHveCvkICDIWpVdWbY3fm4b8WCMIRwMIZaPg5C02tVbtYDB%2BTM7Y5fuwnDcLvtXuNXZa1e8K1pe1ScnwPkR3x3O4V9RwucrgSjdEkwSrMSzQ7JJMPjtPy3UDNb0mcMG%2FrIuL8LpRsyMcjsRsKPc78%2Fx6P931a7Z9jAZje6y1m6njO8VJ4K9BzG1%2BxzAz9%2B%2Fo%2B69BuEwrxDI%3D%7Ctkp%3ABk9SR_j85vGXZw
Supreme ‘52’ Spiderweb Black Jersey Size M Brand New with tags,,£47.50,+£2.94 delivery,25 Feb 2026,8,Brand new ·,https://www.ebay.co.uk/itm/236650347767?_skw=supreme+t+shirt&itmmeta=01KJZHSQS9VFBFJHDE8WTEMR90&hash=item371975bcf7:g:aUAAAeSwZUppe7wo&itmprp=enc%3AAQALAAAA8GfYFPkwiKCW4ZNSs2u11xBj%2BdslADVlhjkQlPHwu%2BPZSRlwsq0Bm5%2Fs5Qr11ahoItEor1Nu47o5TmhmL0TWdsUNX1bTjTc1xaMiuGU6DGi7WFnuirjSkVrjCmKmrvMJjWT2U4AvJHSUp%2BqGnU7e15TdfTqYCc6FrMAkAv5SUUWZw8BZo6u%2BkTrOhS0SRIWIuWKpfMTAE6x4lFTA0mIzcyCoFwVwqS--q72Eo7V2ZXngPdZ6cM16yR9LtqVs4BhNkUOqIEQxULo9pOyuJkZyb9bnTur4rivIVEtrk%2FX38KDADT9d9x60vyuOsheg2nhEoQ%3D%3D%7Ctkp%3ABk9SR_r85vGXZw
Supreme Ganesh T- Shirt,,£16.15,+£2.94 delivery,24 Feb 2026,9,Pre-owned ·,https://www.ebay.co.uk/itm/168110675952?_skw=supreme+t+shirt&itmmeta=01KJZHSQS9MZRD99R1DPRW88E3&hash=item27242d57f0:g:oMYAAeSwGL5pdoy6&itmprp=enc%3AAQALAAAA8GfYFPkwiKCW4ZNSs2u11xCmm8nPZMkN%2FZtGo%2B%2FBwGReHHi%2B5X0HkHj6zlJp%2BumQpcMKoGDKDFLGDjFYsqZlEYNIkbo2xEhXw3i7AUNRc0GZtrAiMPiwHAt0q3NVK1oc0zs3vpR6WCOdAymjLPsed8%2Bbifn7TRaXtAUM%2B4lK3rYHXypLzsnLgL1CGMoMJDmpBDmQAn5FassuZoCgsGy4G2DAJBC8%2Fmar5ssib0Svi7PGtuAQsg15zTDQZLBJy3NfTz0TZCHT%2B5w%2FJTmff3Yy9BQDlP9aZNaSAfw61pNWZ%2FZLZ3qznETmZWDoS9m1NW3yIA%3D%3D%7Ctkp%3ABk9SR_r85vGXZw
"Vintage Men’s Green/Turquoise Supreme T Shirt, Size Large, 100% Cotton",,£10.80,+£2.94 delivery,24 Feb 2026,9,Pre-owned ·,https://www.ebay.co.uk/itm/117050102501?_skw=supreme+t+shirt&itmmeta=01KJZHSQSAB1RGWQZSYTAE26QJ&hash=item1b40bad2e5:g:wpoAAeSwIXNpmf76&itmprp=enc%3AAQALAAAA0GfYFPkwiKCW4ZNSs2u11xBM0rs3Qh1kptUPtbIab3GjNHD59xUAmbk%2Bb3X053%2FXfekwditqQxVfaUzawgEA%2Ft7IAOV4rjS1lKqAkZKn981WheOt9rfu5m1U8%2Fj%2F%2BcVCMNWf%2BFr4fSOldiqFa%2FwuX21F%2BXEScaC0Yeq8Swv9q9lD3uTs3CBLYGy0eMKWEjTynQNELnGvMjsBp8aNbuHJUSHN8%2Bh2w4xc3wED2R8LIJSUjk8JN8muVxgfd022Mh%2FkiwK2lB6Q0XNPH9KQEwi4Hqw%3D%7Ctkp%3ABk9SR_r85vGXZw
Supreme Futura box logo t-shirt white size L,,£17.99,+£3.38 delivery,24 Feb 2026,9,Pre-owned ·,https://www.ebay.co.uk/itm/198037112552?_skw=supreme+t+shirt&itmmeta=01KJZHSQSAJX0M5GXHNRPVH55C&hash=item2e1bee86e8:g:BX0AAeSwf8FpbPcI&itmprp=enc%3AAQALAAAA0GfYFPkwiKCW4ZNSs2u11xAb1tJ4OR6ZGUHcbAIz64%2FGZ7fPgKUqinocSVKgH4SfrfFCQR65bG7o4Izrz%2BdqeOiLPUcVo%2FWPNRm2clqRzIUYVU1QnwjdQ%2FHGf4YQ81yM337GwwLWjT6yQcSezkTZ78gfOkvKt7rcRj5SCOX2HHCh%2B8hAveMlgPe10GE9YdiSxgzLWhegJb644iXs%2FsBgWEETdoF9jGuf5oXK73h3v7qrqTLPSgkOnM68ZZ7inmiglAqZzE9Lo%2FGE3PxIwkxzzBg%3D%7Ctkp%3ABk9SR_r85vGXZw
Supreme Mint Green Football Jersey Size Medium 100% Authentic,,£16.15,+£2.94 delivery,24 Feb 2026,9,Pre-owned ·,https://www.ebay.co.uk/itm/177634522717?_skw=supreme+t+shirt&itmmeta=01KJZHSQSAG84MZAR3WG5ENHKR&hash=item295bd7b65d:g:fz0AAeSw4yFpLZhE&itmprp=enc%3AAQALAAAA8GfYFPkwiKCW4ZNSs2u11xC3TzwhK7GCkXfGsvxPZk0n%2Ft9vNfzrDdW53pxoLrkdo3wb1c5ZafcayQ%2FuDAeeXd%2B7E34dv56%2FHKLutExXrOxw0cCsbVwU6WBcM5XKcwzM58WlhpqS77l%2Bsj7j9ZGQ7sef5uLbgOva8lVNBgIDjo3jldQ%2BHTJDnIfiHtqVhU8Ya2JFbCMdOju4xz6%2Bc3%2Bsr1PD1wSbxYUElVhH1fsU501iSg4MZO0O10kkOx3JmQTipt%2FZgT%2BXy0Nuydik0sOy8XXHai5keB%2Fx5TF1DhDnWOwusLO7PNVAeqnKghNfKK75BQ%3D%3D%7Ctkp%3ABk9SR_r85vGXZw
Louis Vuitton X Supreme T-shirt White Men’s Large Good Condition,,£56.05,+£2.94 delivery,23 Feb 2026,10,Pre-owned ·,https://www.ebay.co.uk/itm/327004640150?_skw=supreme+t+shirt&itmmeta=01KJZHSQSAHDEC8D09H802NNWW&hash=item4c22fed396:g:3wcAAeSwIh5pk2wq&itmprp=enc%3AAQALAAAA0GfYFPkwiKCW4ZNSs2u11xAe2iFNRmcRvJPsdiGLl%2B66Itb2TSK1kVisfMLRx8sZETBXM%2FCjNd11WH%2FRapww%2BUA3Q1UdJ90fE70Ycn0QFFqzbtvp1OR3ac3pUbWqjeWvtunPrU2kuvXDE542VfVRf%2FtYtN%2BY1%2Fe%2BWltqqUrksHVNGaf8SPCr7rRQK9kf4dNglrXa5EHs9Q24HY0rYDnydoe61zYG6C%2FU2lCSwPj8X09Sfbivc3xpzkntwZEqNeI3PxbiEJd3kWu7aJtBB97aH9g%3D%7Ctkp%3ABk9SR_r85vGXZw
Supreme - Motion Logo Tee In Grey - Size S - BRAND NEW WITH TAGS,,£60.00,Free delivery,4 Aug 2025,213,Brand new ·,https://www.ebay.co.uk/itm/226883030454?_skw=supreme+t+shirt&itmmeta=01KJZHSQSAMY2J6GWBZVW0M06N&hash=item34d3484db6:g:Y~AAAeSwiehogPz9&itmprp=enc%3AAQALAAAA8GfYFPkwiKCW4ZNSs2u11xBNYya%2Bn2EmcUX82QO619CVPSs20csyb7Tz%2BOQR4uJ5ryKATgK2lBKQ9qxXPzmmlT5s2hYblWOpanBufq8AVhgm6fwQZB4Zrwq%2FiG2RYndOtiJDRzB11SCIfLG1Zz1AoIYClbxBwWQJar0HXu1mKMbcn4FGbbtFxSoLRFAbEAMqaVlniYlpr5%2B8DF85oQQ07Y%2BQEj5uJsBke8ovUQ1ymS5sSfyR2MGaxg2XTCL3uC7yAwfhL6Zjmc4TpHuPy7DZPFPJDPaABLYsOL%2FEPLcvuiy7kg73CDAooAhQsc%2FpzCXCGA%3D%3D%7Ctkp%3ABk9SR_r85vGXZw
Supreme The Killer T Shirt Men’s Large Long Sleeve John Woo 1989 Film FW18 Rare,,£20.99,delivery in 2-3 days,23 Feb 2026,10,Pre-owned ·,https://www.ebay.co.uk/itm/187916999238?_skw=supreme+t+shirt&itmmeta=01KJZHSQSAH6EM7A0TWVJVMQDH&hash=item2bc0b9da46:g:I1QAAeSwiWBpMzt~&itmprp=enc%3AAQALAAAA8GfYFPkwiKCW4ZNSs2u11xB2VjX9Z3sTBcRvDhFtGd5IquUakoaFLCjHpWt8YxUD8iJkNNlyjFVqMHzQaT7OBy6Y%2F98sz9aIGOfGy2fFlckzsNi6bd9rS5ZUTr7eNtXKQdtHV8BHpeupVofpS%2BVfGVuqjOksCvTYDLJUl4AGh9eMdVmIhuiHOWkQf0N9srh69teXN2uoUwgB0RA%2FBkXMT2DmjURNc%2B8Fb%2BaSsFoNmMykWpGa16egXUJqgcfm9qV%2BlB6hdz9Bs8INCMjci99qsxniWiZQecql%2F15nBxngcvXQf1RJ0iBmDQVkkGYme%2FeVsg%3D%3D%7Ctkp%3ABk9SR_r85vGXZw
Supreme Tee,,£31.90,Free delivery,23 Feb 2026,10,Pre-owned ·,https://www.ebay.co.uk/itm/205912175101?_skw=supreme+t+shirt&itmmeta=01KJZHSQSAYT6TQX8T2NYMKCHE&hash=item2ff15271fd:g:o50AAeSwob9pOcHo&itmprp=enc%3AAQALAAAA8GfYFPkwiKCW4ZNSs2u11xANkxA%2BywTiNjr1cB1%2FzqlDv%2BcNirtDWPaZWgcEfBNqs9CmKDgBQkC858m0vKdxbOpEre2NaFRw61Sn%2F%2BrDhnn9a4Gsxdluaf89sU1ZDFNgQFGPTPTWiEL4Zpr3S4ttXq1hPqJd%2FZqy3bw1KZtb250NqUKh79PfxhGT4KKyFYh%2Fi2FcdSYSH8xiBoiBw44oCDcQ%2BZ%2BnH4eNdGLNqu6aomjBur2szQpMzulZFmmdV3CzuipbTsCdH39Yj5c%2FlHxo4WcRg8uu%2FZEgUQB2WCP4Wga4BoQGNxsd%2BDRbmjgShUyKvg%3D%3D%7Ctkp%3ABk9SR_r85vGXZw
Supreme x Corteiz Tee,,£25.65,+£2.94 delivery,23 Feb 2026,10,Brand new ·,https://www.ebay.co.uk/itm/336307111469?_skw=supreme+t+shirt&itmmeta=01KJZHSQSA9AD944ET7Q3ACTRQ&hash=item4e4d77462d:g:0BYAAeSwYcNpIgna&itmprp=enc%3AAQALAAAA0GfYFPkwiKCW4ZNSs2u11xCcxTfE0JcFBifPrWXKRvw11RTJmXDyEUfDywfUAoyVKjJYgysOM6u6aa03an4BhHK65sZOcsJaz55iADKOX6SPrFn9Uur%2FQGggQbz7Fh%2Ffc9hgP%2BV7jHX5IJAWBbN08Nkw0QWJJo6BUVetWhatnp0L6jdkpdHHYXYh1y%2F1iZYh2wgJJ0amHe1ZKwO2zRY0ImFTiKt7WJEKU%2FGev1CjvrDTuMWv%2BGl7wseMRBCMT7OqXgReuSOi8rjr7UWAyCH6UeI%3D%7Ctkp%3ABk9SR_r85vGXZw
Supreme Raymond Pettibon T Shirt Size Medium,,£13.54,+£2.94 delivery,23 Feb 2026,10,New (other) ·,https://www.ebay.co.uk/itm/277730988345?_skw=supreme+t+shirt&itmmeta=01KJZHSQSAQY1SXKRRHFHBRAG3&hash=item40aa0e9139:g:xIIAAeSwZvVpkx4R&itmprp=enc%3AAQALAAAA8GfYFPkwiKCW4ZNSs2u11xBXU5Xkj0%2BJH6PEPf0zMB6cX6R8omxW9xIyMTyoq%2Fvt6RUB4kf0q4LMLY%2FbKVlQBe3FZ%2BSkNthEL58CCBwnJbAxBCtziv8iMwewIevEO1y8SBdEVJKuVPeA%2BLHJEYWWOEMN605ynarluo5KR%2BoTgetjkUekvcXBUslJcnVeJgm%2BlqMfOH1WEaR5UgkvWkJ52%2FPYjVrFzEZwCG6udhTOUe4evRXJTdPM11Eup9AQ0isxwsU8xOl0jMuu8Ee3RmkDbLlg3c3HpnBTVQnL9ZSfAp2CbTZLizhW53EBfBjJHbHbDQ%3D%3D%7Ctkp%3ABk9SR_r85vGXZw
Supreme Men's Long Sleeve Affiliated 8 Shirt Brand New XL,,£94.30,+£2.94 delivery,23 Feb 2026,10,Brand new ·,https://www.ebay.co.uk/itm/376741477014?_skw=supreme+t+shirt&itmmeta=01KJZHSQSA10VVVWB52BCSTM4C&hash=item57b78aba96:g:jxkAAeSw3FRpLCd8&itmprp=enc%3AAQALAAAA8GfYFPkwiKCW4ZNSs2u11xALT2Yryk9ScgNNMHfqkcf6SmE3jNI0V5VImlJqivn3p62SQrq1Y%2ByMaqWvoumMmKa8mEVApaew5o7pbMHA8IFDW2R%2FD%2FGrujY8ZvM3SEhQ4AJuyVSae9Df9la6YvGPCT5mra2mAHa%2FmaEzeVFRhTYGjOU2djhfSAXxfmjWuMJbQZ2AtpPqLqJSnZT4W5i14Y2xnTnTzELxd6KDdhQkHvlxfPsGRfX4lT0mZP994x9ae2jNWRRTpWD5HxeenMqFyh%2FwVf%2FfWmv9CiseLJDrrlLk%2FnDY2m31lzZneD3JuJr2rg%3D%3D%7Ctkp%3ABk9SR_z85vGXZw
Vintage 2011 Supreme Disney Show White Gimme long sleeve T Shirt Tee Black Mediu,,£83.90,+£2.94 delivery,23 Feb 2026,10,Pre-owned ·,https://www.ebay.co.uk/itm/257143604030?_skw=supreme+t+shirt&itmmeta=01KJZHSQSA4YKEWY5WN94QWPAX&hash=item3bdef4033e:g:5ZoAAeSwShxo5Do3&itmprp=enc%3AAQALAAAA8GfYFPkwiKCW4ZNSs2u11xALiTFU9W4nJOWF6bc6wB1YRTxdk%2Bshc%2BJhfRHAmBYkxRHf1Z3WSQgclTsMSLH9qXyUnKElfqmCIAfy0d700XbwUaY8mKaKx5zVucEz5kYEkz%2BTXI%2BsILeAP9PrqCdLdEclw8Mw7XGs0BUece8UtTYPU1ufgKJf1eqLpxqcx4hlQerTUQinyZfpHw6nokZOem5al4LcDlz32tAD29pJv2JQ7T%2FtNnWrqfbuuC1BSIIDM97ukz8atUJf831JDPCoJP%2Bc4CQEcaTWzi3Ta94AJUSDL2xlsld3cveFZvEk7ZBFMQ%3D%3D%7Ctkp%3ABk9SR_z85vGXZw
Supreme Tee,,£26.70,Free delivery,22 Feb 2026,11,Pre-owned ·,https://www.ebay.co.uk/itm/205881295151?_skw=supreme+t+shirt&itmmeta=01KJZHSQSAXTVVP5BP94KQQPA8&hash=item2fef7b412f:g:KowAAeSwH9ZpKbt4&itmprp=enc%3AAQALAAAA0GfYFPkwiKCW4ZNSs2u11xAaOcdaAj%2BtFQCLwjJGv%2B%2FEbyi1%2BtpHwIGtyRgl%2B1PA3N7GIx0yqI%2FnuyShEH7uWTSqzmcdPQt5qPSZTnZNED1gG5OHbqrQu5Xb1R81fFrhQS53HxNn7SlV51RaRda%2BCogyjTYY7ImqTjcjdw5ZpMlGCj2Yh23PPwvQTktbV9ORor0xLKvIP7rSz%2BhmpHDEVbnS5W2dfsSKnBtDYCtIHcmQ%2FLqsoAyFJJe%2FLUCK8T7DYR1yfkL2t%2BEqkXqaCDhFULM%3D%7Ctkp%3ABk9SR_z85vGXZw
Supreme Akira T-shirt Size XL Testsuo Candy,,£30.00,+£3.38 delivery,22 Feb 2026,11,Pre-owned ·,https://www.ebay.co.uk/itm/277723688220?_skw=supreme+t+shirt&itmmeta=01KJZHSQSAK8WG7MBC1DKD4YVZ&hash=item40a99f2d1c:g:N8YAAeSwsEhpjxzP&itmprp=enc%3AAQALAAAA8GfYFPkwiKCW4ZNSs2u11xDWIxfZcJHgssD3DcIDQmJ1AluhXWAEVaLDf96zGkaj%2BMICzbjuWK6JNB2VdtSgtjeMYjRIYzBPjl5ALLJ5qlVb%2BrCvuTcaS1xgcB96RTfcoVrx5wET8unZ811R5SBmF3rWHimHtkcb5JleLi7sXB1TUlsLH0byvb%2BF7GKOKP0aHBe5iY0WpH8hc5O0IIOQ1opyuiW8CZcrJPncq%2BCjDzYhy%2B%2B%2FY14vTAjTblM7F49Z08oEakz54CDxMYlgyrSJ6iXaljcm7sn4%2Fenhbt8KL5%2FbTZJ0msejPJr8XmOLe1Eo7g%3D%3D%7Ctkp%3ABk9SR_z85vGXZw
Supreme T-Shirt / Size M / Mens / Grey / Cotton,,£9.00,+£3.95 delivery,22 Feb 2026,11,Pre-owned ·,https://www.ebay.co.uk/itm/205315202931?_skw=supreme+t+shirt&itmmeta=01KJZHSQSAX7QXX29E26Y1NGC6&hash=item2fcdbd5f73:g:qAoAAeSwfORnvcXg&itmprp=enc%3AAQALAAAA8GfYFPkwiKCW4ZNSs2u11xDaTs72AB%2BXv6JwaFjaNBBo%2FKFan99HZmbNiUkk5NpxvnoVb%2F8S5H0LvyF6dAimkSaula4Yv0KxXTGgTWI7uuprT5SKpTlSmiamu0v3tSoHeraa77cKI2DA4WAF4HBRTs6Cx7Zzb3XgAM2E%2BIHm7S89fDXWxrB7GVe%2BqEHwIHhp%2BeTyXK1ZxJm1Gk405RkeQjuBd7o9POaVSMgaqArXsXGJA48SMeN%2BcPiAwLxzuK%2BfVNu3b%2BDl8tAxSlEVrK3gt8QS8ofZuHuz2x685grohgRrcFQSZj9ETa%2FW%2ByXyIPeZjQ%3D%3D%7Ctkp%3ABk9SR_z85vGXZw
Supreme Tyler The Creator T-shirt Brown Large,,£26.70,+£2.94 delivery,22 Feb 2026,11,Pre-owned ·,https://www.ebay.co.uk/itm/257344684317?_skw=supreme+t+shirt&itmmeta=01KJZHSQSA5P2SH976BAYNQW93&hash=item3beaf0411d:g:lEcAAeSwo9hpg1Z4&itmprp=enc%3AAQALAAAA0GfYFPkwiKCW4ZNSs2u11xCoGFxSf4MW5cK0OkLk4SAh3DJjDo2ZwrKySwCqk5h4UnjyJNUj3Xf3x11jHaVpHov7UCHdSnDYC7rMn42dxDIYN4iak%2F2mWKkcoDKLRs7ZglFl%2FLX68fAh9HistQuM%2FHjfdnrZkyZZWMw6jmySK1fGoCOxr2k3VDYp6V4aWj0mdcGZlmxTwkx3DP7csSu4lMUhh43O0harFqrz6FzTx7wau3X7T6hENZ8nq22VMSX9phVgB40hfqguD%2BaBbupmuzs%3D%7Ctkp%3ABk9SR_z85vGXZw
Supreme ‘52’ Spiderweb Black Jersey Size M Brand New with tags,,£47.50,+£2.94 delivery,22 Feb 2026,11,Brand new ·,https://www.ebay.co.uk/itm/236643196498?_skw=supreme+t+shirt&itmmeta=01KJZHSQSAP89KANYWCHMX87DH&hash=item3719089e52:g:aUAAAeSwZUppe7wo&itmprp=enc%3AAQALAAAA8GfYFPkwiKCW4ZNSs2u11xBZYFt6u%2FGJSl%2FJw9xeT4ma9hdhaK01G6L7yyyU4siEuFkX8Ma7q5LO9BwFW1blz4z19gR%2Bwlc6%2BtT%2BCMOHbhf6ntwSm5cvV6VcGRX%2Bg2wX6h1PvyFXIRIo9lQZ%2FjdKAlX7luSqJvgBHdopui4lvVwu5QypEYicdbMSMmUpn3EfZvFpI%2BsYEDRc%2BOwaqnUnT6MwHMvW9njHZcZmDW2jSv8e0uJQF%2Fu48pZHYkLywKuKcgGbHmbesEI6MAGrgkKCwQphSVqJe2I%2BZEHwdug%2F9MfJcYbVvhUOs1EBge3AuaQLlQ%3D%3D%7Ctkp%3ABk9SR_z85vGXZw
Supreme Box Logo Long Sleeve T-Shirt - Black - Men’s Medium - Worn Once,,£100.00,+£3.38 delivery,22 Feb 2026,11,Pre-owned ·,https://www.ebay.co.uk/itm/168145718236?_skw=supreme+t+shirt&itmmeta=01KJZHSQSBMYC63WMYTCR0NJXG&hash=item2726440bdc:g:Yo8AAeSwzotpiQv1&itmprp=enc%3AAQALAAAA8GfYFPkwiKCW4ZNSs2u11xAyASDFRhXxvUKrN7q1zgPV2ayvfTthQ5TAfRcU%2BkaMId6e2dZu2Dls0jZPU67jYx6BVbh3A8aAOAGskaWlmyn0wBiVBeleGKLKYae4YB5CEu0Yn9YbhLviOfVkyQqRISEu5OVi30q3AlZnj4mVRfli20qiAus9fQXCCtOBe4LLKOaYi00AgesPWZMlPMH8%2FfkVjCUlt28mIASqD5bZD%2F880kgWQu7nhi7geekqViS4qo%2FaA1stCFLm1M3VchKGddKPW7BusiDLQWHAX2TPjDPK77sSsiqRu7VZNQx2xujTwQ%3D%3D%7Ctkp%3ABk9SR_z85vGXZw
Supreme T shirt. Medium. Good condition. SIMILAR TO THE ORIGINAL,,£9.68,+£3.38 delivery,22 Feb 2026,11,Pre-owned ·,https://www.ebay.co.uk/itm/157684278773?_skw=supreme+t+shirt&itmmeta=01KJZHSQSBRGK4KY0ATRWYJMQ6&hash=item24b6b725f5:g:sjsAAeSwUpVpkhZu&itmprp=enc%3AAQALAAAA0GfYFPkwiKCW4ZNSs2u11xDOSRSGQz3UpuHCwih66%2FrBpUJdAQr3L5r5avcxF5SHjwgLXl8qnTdhGnQ%2FfF8knz%2B4i57Deca6Csz5mMWSiAjZMhQJMDV0dq%2Bfj7g8PC49N4axkaWUwqjaL8zi8tOMhMmrfNpXTHQadGvCTfsRVSv11ZWzFx0rvtWG%2Bjb8uxh83T495kBACAwQZ5Mdce%2BWODf7OCoE4FhTP8AFgPojLUEFv2PCCk6xK5gFyQGQZQsuBvvlGRcznyHXfF1V2OzlBWg%3D%7Ctkp%3ABk9SR_z85vGXZw
Supreme Cupid Tee | SS19 | Grey | XL,,£26.70,+£3.38 delivery,22 Feb 2026,11,Pre-owned ·,https://www.ebay.co.uk/itm/227218445404?_skw=supreme+t+shirt&itmmeta=01KJZHSQSBEJ5NST8JF7KPE224&hash=item34e746545c:g:ayAAAeSwLixpkgct&itmprp=enc%3AAQALAAAA0GfYFPkwiKCW4ZNSs2u11xDoWwMAjzAeP0RcL8m6pnXfz4TrUGYthZCP7T6yzwvuCNwGwbnkk--KAJ%2Fqwy1EwAAxJPyYZTZju0s2C8JEMIbzPYOUyGu8%2B5VoJZgE0ENfAZr5jhllcWIro0VpLWkOCxNSCQEIzZCBqha1421in6%2BSdpa7RQl6jUw1dKa3Uv0yh6Q7PTsaJyX%2FAw3VwNZbdMaCEg8Xrqz2M5K%2FwubBj9D6y5%2F6fWaDMmgjSQ7uOxasYUUwB%2Fk%2F2htvDfsrRsOe6gI%3D%7Ctkp%3ABk9SR_785vGXZw
Supreme T Shirt Large Men's White Cotton Vintage Skateboard Street Wear Graphic,,£29.99,Free delivery,22 Feb 2026,11,Pre-owned ·,https://www.ebay.co.uk/itm/177827820007?_skw=supreme+t+shirt&itmmeta=01KJZHSQSB2NS2JEJZJYV9JM8A&hash=item29675d31e7:g:tQcAAeSw~JVpf0mh&itmprp=enc%3AAQALAAAA8GfYFPkwiKCW4ZNSs2u11xB%2BvB249YC3G3fOW76Ch8aAQ1DZoODc%2BWTQEjbmIIklAqIQ9s40uca4NkXDlttsRhD19AQcaONAvnMADiLRqg%2Bot%2BhDDKZJeNlHUxHcM1Fk0nDchrkE%2BnedK7mZcSJBf4xuq9eEjWlHpzolCeHreU6dDkqjU80rnoEuudDA5haHlOPW3G6YX0GgnuI8l0ONePNub17UlhOd3hNyjQTvMEV68gJ37bwVtuvChyoLrnzdxDwtFQkizvtbMNHLajbtPJnoaXHADpCrEAkIAI3KtVBMUhWyF%2BeSEtVrCStlHrVFLA%3D%3D%7Ctkp%3ABk9SR_785vGXZw
Supreme x comme des garçons long sleeve t shirt size medium brand new,,£57.90,+£3.38 delivery,22 Feb 2026,11,New (other) ·,https://www.ebay.co.uk/itm/376975529447?_skw=supreme+t+shirt&itmmeta=01KJZHSQSBPF7118TF4Q5QZ5A4&hash=item57c57e15e7:g:nZEAAeSwEdRplvD6&itmprp=enc%3AAQALAAAA8GfYFPkwiKCW4ZNSs2u11xAjcZJ%2FgiGAciadDZnFqDL7XGD8Vn3rxg382NG0lh3g%2FmIqpyuFwbzz8y4y0QyT66le28MMGaSdhH2YnmnZ80kbx%2B34bNtwd3Bwsb2hXlgmRQBW5lCn0mheCHdn4AvxeMA%2FWlNuW2Hx6w4NS98QFPlgKn0CSx7AyqZdzeL4c%2BKBjV%2B6TcyHHAG5Xuy9zH04HOYoOgGgzG0SO1fAFdem%2Few3b8yOrGf%2F1U1ZkfM0zLyAS7rMuxLioCcphtrwG1kT1em2TakCT8DQnQhTjY0DOdNu%2F20J89gpZrhAxirAx9P6Xg%3D%3D%7Ctkp%3ABk9SR_785vGXZw
Supreme T-shirt - Large,,£21.50,+£2.94 delivery,22 Feb 2026,11,Pre-owned ·,https://www.ebay.co.uk/itm/227005490320?_skw=supreme+t+shirt&itmmeta=01KJZHSQSBP1Q1MFN2H14KZPM8&hash=item34da94e490:g:Qw8AAeSwwc1o327q&itmprp=enc%3AAQALAAAA0GfYFPkwiKCW4ZNSs2u11xDk%2FzvbCrxQzPzUw4mdasnI6TnjEvvzts%2FCUSIffadIAaSNMEKf6qbb0dkjex3k15%2F2fW%2FF0d8joVIHGfm4HDrKzx5LcpCd%2FVlwsLUcZMZoKsxhdQwsQAqUMY3TvRRnJxWXk7VF7gJ2g9AnNMRwAYNLEDBHm8iBEfWZWqsMpynAdH2m%2BSGUXEbMVDUKgFG4Rk5Z62NloaPxrWmfjZtFrO4CFoxFM1sFKSBYtaOJnejdIvBjpWgiQ9pGeLspnSxZ9zw%3D%7Ctkp%3ABk9SR_785vGXZw
Supreme Hanes Tagless Tees 3 Pack Crewneck T-Shirt Cotton Small Box Logo 99HAA23,,£23.50,+£2.94 delivery,22 Feb 2026,11,Brand new ·,https://www.ebay.co.uk/itm/267583318144?_skw=supreme+t+shirt&itmmeta=01KJZHSQSB2XFPN6WBK3JFN6CJ&hash=item3e4d356880:g:iJwAAeSw6bBpkjWp&itmprp=enc%3AAQALAAAA0GfYFPkwiKCW4ZNSs2u11xB%2BRyUz4qob9peLn7vN9B%2F3xOQzt7GyPHKRkq4NQYqKLKKfoh32mfStp4jpQhoc3ft2d4JC2QoXJiQEGq7q9Pm%2BAbatTMe7IVAAbqylSIkYN1473frzuFQ5LK5F3SjUlh5ZE73Jy5VL7rN3hJn3QDxYlXiWorKxXNIUDuumxF0p%2F%2Bp3RLL1Id7IBI6VhAlcMnj3KZULjAjlrmYjctOHDswARoLP7Kk4RbAM32sxe8nJ0ze1KzgM8jNJSQPuooPauN4%3D%7Ctkp%3ABk9SR_785vGXZw
Supreme Affiliated Football Top Size Small,,£83.90,+£2.94 delivery,22 Feb 2026,11,Brand new ·,https://www.ebay.co.uk/itm/306780011334?_skw=supreme+t+shirt&itmmeta=01KJZHSQSB7CM06Z4AFHMVDN4D&hash=item476d837b46:g:vS8AAeSw9Q5pl3Oi&itmprp=enc%3AAQALAAAA8GfYFPkwiKCW4ZNSs2u11xDBLutBZQlv1ytsD2SPglOq3Zc63zqZsjhMIakJYikiy0RApCq5VSSOrHx03SEPWC4BVyoSfguplxBnw2OQ4ta%2BbOeqlMzVpnn%2BeXO3J6jykAnH1Yxx2rCRz3G3ofJG4DsqKm4zkyKM0FRPtJx38rs6ls0DJAJOXO0u6Z%2FguF2Th79ddnIMR40lCxdQ1ZaWYCFCwnpN5ZO7DZ8t%2BnvMwNxlmpMCGziWry1ksxj5HErF4fS5aA3qHXQITblOrrLIE8dfT%2Fd0HtgS8Lb0PePqeNijRIXTOO18UPa0rGMpHe1esw%3D%3D%7Ctkp%3ABk9SR_785vGXZw
Men’s Supreme Vintage Top Size M,,£5.45,+£2.94 delivery,21 Feb 2026,12,Pre-owned ·,https://www.ebay.co.uk/itm/137011006860?_skw=supreme+t+shirt&itmmeta=01KJZHSQSBSHAAXGPQ04AWKDFG&hash=item1fe67e0d8c:g:GKwAAeSwzotpgkdh&itmprp=enc%3AAQALAAAA8GfYFPkwiKCW4ZNSs2u11xCd433JIAzv0az2A4dtf%2B3IGXAMWdEhet9QiUqG9ydlAX5FXR2In3WTxOqyZVhqHz1GWz0GS%2F8HqLmSg3VHfPI%2Bmu101er0uec64oZ4sFSoQzLuEPuVSd5t6HXPH8ohUqEV7Jl%2BN09m1Fq9q7%2Bza8WTNvBHZj2hK1I7lLZ6q6Dpc7PCeE0iSqChBh%2FxWtY9CMIMTt3YnEDmBvlJ3HHY5Br0ubFEt9v9VDTH%2Fs801DU1UAIYU0hUqe%2B9aF3kNmG3iEDvsojviDgR%2BGnORPwQBWiNId1sSk1VbVieK67lU%2FBHqg%3D%3D%7Ctkp%3ABk9SR_785vGXZw
White T-Shirt Supreme Small Unisex Good Condition 95%cotton 5% Lycra,,£3.76,+£2.94 delivery,21 Feb 2026,12,Pre-owned ·,https://www.ebay.co.uk/itm/177854913892?_skw=supreme+t+shirt&itmmeta=01KJZHSQSB7B28466JQWYK7TJB&hash=item2968fa9d64:g:-lEAAeSwVZJpjPKY&itmprp=enc%3AAQALAAAA0GfYFPkwiKCW4ZNSs2u11xB4xTBTBvq%2FuKnFUXXvP6hy1wskmEfqHGcw3rdJS%2FkWF6%2FnTJVvP5Y8rWKxQmnItWYh3g6In4H9IN%2Fg3PEXmhV1gIpb6IHLvdqooR1rWYJ4MwvfVvS4QfXZa0pjQ6JdcAIjhdodYXa5tr42KbFXtiNjm%2FmHbEnMm4G9OILT72fuoFPOffFJhdW3WDbb1ZDBw7yqVZIuiUySuX3TYjsryK6nEz0542Yvhs7aKT6dHzaQEbMY5xgo9AdRNSdB48fL5n8%3D%7Ctkp%3ABk9SR_785vGXZw
Supreme Tank Top Mens Medium Burgundy White Striped Sleeveless Streetwear Skater,,£42.99,+£3.95 delivery,21 Feb 2026,12,Pre-owned ·,https://www.ebay.co.uk/itm/197994163169?_skw=supreme+t+shirt&itmmeta=01KJZHSQSB3TMRNGYNJBVDTMS8&hash=item2e195f2be1:g:meUAAeSwlRJourbX&itmprp=enc%3AAQALAAAA8GfYFPkwiKCW4ZNSs2u11xCaLbjPQLuLE7yn9d4PjU8V0JiyfIddk2zCc6fmKwQmeDRmdS0yl5R0rqzEujQw7ntZN6rA5O1TACpIkviNQt5Cgep%2F9XKqQygLEO6Agp2m29oRlMaUq9XxWdnXHr986IDNarXNOjl7bERw5hmLBkqPWgOjDnLDdMtVYkNBGR2kZJNEMnyjheyVwHwUGtxsm4HKXcwHF93ml8EyK9XH%2F5KzNAMq%2BXCWBoWrpZeyfifEnEn9kjItcsQ0ojzPS3oFJEnMKrsNe376ILDMfxX0xSOEvzqdxdJiIhEInSq5MJenmQ%3D%3D%7Ctkp%3ABk9SR4D95vGXZw
CHIC - Nile Rodgers disco/funk guitarist supreme. Superstar producer. Soul.Freak,,£19.80,+£2.80 delivery,21 Feb 2026,12,Brand new ·,https://www.ebay.co.uk/itm/186272803157?_skw=supreme+t+shirt&itmmeta=01KJZHSQSBRJTZSBW2F47P1ZX4&hash=item2b5eb96955:g:ieUAAOSwKKhmloHm&itmprp=enc%3AAQALAAAA0GfYFPkwiKCW4ZNSs2u11xDUu5SmugwSPcImjXvxp%2F8DGxPF36cLWFKdMoXozTt%2FqDNHZzsGpsfw0G9JYtvmbK92uLvAdumGsv8KN%2F3C0SY4eS%2BXqsWdtf9YpRKD%2FluJcCOfv5VUp02HRTobW6vKBc2hYFWpuFiNlsAOT%2B8kNHEGhC07YcTVIRmmGWdNx8NwJocu2JXF28QhpZbzpd%2BnUfR3%2BZcIEd53V5SrfuhA57jWFxKgyJg27dBq5wflu0TdExonvp8Ohxi%2Fp6BVQY%2FhKRQ%3D%7Ctkp%3ABk9SR4D95vGXZw
Supreme Over-dyed Pocket T- Shirt Size Large Blue,,£3.76,+£2.94 delivery,21 Feb 2026,12,Pre-owned ·,https://www.ebay.co.uk/itm/257360423721?_skw=supreme+t+shirt&itmmeta=01KJZHSQSCDEPZKG6MGQCSF4BR&hash=item3bebe06b29:g:bccAAeSwRI9pZVow&itmprp=enc%3AAQALAAAA0GfYFPkwiKCW4ZNSs2u11xCLOv4ITOQnRrGwu884zCasHIv34Mg7IQcePGg%2FAj3W4y9DVjDX4yyxdGfwUIqpkISP6MrD0%2F68gWAY2l8WqhlTRZ4F1MLe3Im6hEMdOYsDzP71cBYM%2BxfkkxagbwKnxnQYPMl%2B8Arg1Su%2Fc2Ekk3C2Rvkldj9bMLPgSkHADAXArgNoKphgHE6Ja0hApIt9ZlF6SJEI0S93Oz6egQR8AO8mKZCIWYTRielZhLrsMnCxI7uqcpBREaCOQGjHBt2%2Bre0%3D%7Ctkp%3ABk9SR4D95vGXZw
Supreme Liquid Tee Black Large T-shirt FW18 Brand New Sealed 100% Authentic,,£42.30,+£3.38 delivery,21 Feb 2026,12,Brand new ·,https://www.ebay.co.uk/itm/336435363065?_skw=supreme+t+shirt&itmmeta=01KJZHSQSC4R08XVGRWH43N55D&hash=item4e551c3cf9:g:cssAAeSwotdpkJny&itmprp=enc%3AAQALAAAA0GfYFPkwiKCW4ZNSs2u11xC1uQawWqldaULJTHiEhcsZwf1nLImUw%2B3Cb95z53BvL%2Fc6VuOCANrfIfpynCOtUcHmsBIXL7G0iHsjV6uRh8PlrxMtV4PiAoDmmpQDcyJrDrqmitN1REHsN6DXGBtFsN7BDahY997KCN0mzMOZDEMWym3z7c6UsiAsxluYmk4r%2FE54%2FT766GzHNHLJBy11pE8POG%2FRn2AG41t0Wz2%2B%2BdWuH%2FgcjxUv%2FsDBUe6HO%2BvaeX6Kar1%2BCpd3NPnX1y0kvGM%3D%7Ctkp%3ABk9SR4D95vGXZw
Supreme Box Logo T-Shirt Bonjour Madame 10-3-2016 Mens Medium White Paris Skater,,£78.98,delivery in 2-3 days,21 Feb 2026,12,Pre-owned ·,https://www.ebay.co.uk/itm/188048163561?_skw=supreme+t+shirt&itmmeta=01KJZHSQSC4SP7JC300R6494TW&hash=item2bc88b42e9:g:GJsAAeSweSBpckU5&itmprp=enc%3AAQALAAAA0GfYFPkwiKCW4ZNSs2u11xC5Zx8tQrmWZM%2FCc%2BlAQCGCf%2FoC1Cd5Jn9i8KOQyZ6udoe4DTx%2FyGbEy%2BCchNvSySyJxm7z2S3JJOm3qDjAvSSRle9Kg6815pZbkhl6%2BjZ0vGqmhheeo5V6JAVYalZF0EYLhAGbmFce9b2j4YK6dTKekUHKipsFW%2Bp2VxQu7k3pBERbynQ54niMJnGNNe9Ew%2Ba67W8jldHS27rWYafJYOxB7k6Z4xVD%2BKwkHGxapdyTGGJMebiAbllbnU2KZKObRD8%3D%7Ctkp%3ABk9SR4D95vGXZw
Supreme Jesus S/S Top Size Medium FW25 - Brand New & Free Delivery 🚚 ✅,,£64.99,Free delivery,21 Feb 2026,12,Brand new ·,https://www.ebay.co.uk/itm/406624216161?_skw=supreme+t+shirt&itmmeta=01KJZHSQSC8CYMP5M6RRGD3673&hash=item5eacb12461:g:lnAAAeSwPh1pcO1B&itmprp=enc%3AAQALAAAA8GfYFPkwiKCW4ZNSs2u11xA3rzqV96NAl9u%2Bj2E9jxjHp4Md4juQw2SHnG4qWShgdDN8X7WqCd1vgWDe2jrGK6MZ9eq5URzFRr7Nu0cItltSxCDjeEus3Ycqw1gaWdnSkwD%2BQ4f01%2BXBi4DYpnxXOVIXxg1VkIWEHFV4tCf1GtjOm37jOcPYduhqtV3VHCilUbrlkUu9nBiZ%2BElE2a%2FFHKtcnwuPYy89Cy17EnX5LPRD6ZZ6dx%2Fa4YfYLfQaLTEG9jHfpwkADdb8kB2mmLEc8WaHH8LX2eChE0xn1gWnxZAGOq8Set9ErxBCvwKzzcw7gA%3D%3D%7Ctkp%3ABk9SR4D95vGXZw
FW13 Supreme Bruce Lee Mantra red tee size M medium T-shirt 2013 Rare Vintage,,£185.00,Free delivery,21 Feb 2026,12,Pre-owned ·,https://www.ebay.co.uk/itm/188017773034?_skw=supreme+t+shirt&itmmeta=01KJZHSQSCMJHF3JM3HV881WFT&hash=item2bc6bb89ea:g:vBUAAOSwVO1f3zBf&itmprp=enc%3AAQALAAAA8GfYFPkwiKCW4ZNSs2u11xB5ynNXHZq3MTZ99E9MYajAQy1XGeNdLG%2Fgj%2BCy8zPE3AszmOX9HEFjYyOtMyl9TgFupCoNhY6Y5TPaGenOwgEIzr0PGFouxeMCdT%2FUKN02uRW4xJBWUJtCX5y5AP4IKC4jQ0QlgEXDFSX0ZeHF2WlKYrVnx%2Bn5%2FwWi3qqiD64QayF6Wmiy7demt4%2BGKdvNAHkNV5qu6a7HSS2ih2KIH2T%2B1DWbvhXLT068SIC8NgnJ425itA2kLC9VF0hFKe1jxQbA189jPQBRgx4Ub5X0eWx6y8sSle1co87ttViEKnaYCg%3D%3D%7Ctkp%3ABk9SR4D95vGXZw
Supreme Ronin Tee,,£17.75,Free delivery,20 Feb 2026,13,Pre-owned ·,https://www.ebay.co.uk/itm/205924449987?_skw=supreme+t+shirt&itmmeta=01KJZHSQSC0H972Y7QZQJ67DCG&hash=item2ff20dbec3:g:C6IAAeSwb-lpQTUt&itmprp=enc%3AAQALAAAA8GfYFPkwiKCW4ZNSs2u11xAAl3DNFmqQKTOGj0pvhIW1STfaIzPZmfn75jhRVpYLRi%2FuDDUBAS%2ByqSTF%2BvEjCukkR01v3SEz0ZP5CZNh5NG%2FB2p9uppR4uy2LosOw0mc6913L4eHtflvjSO3ToJ0C%2B9OVTaXgBDl%2B6WbitEaYZ8ffkkIT0oaOhJwnjLxAikj9MBss6oPkgt1Qa4PaNHOQtytjvDZqi5pg%2FbRVsK%2BZTFXFGDHoLMFi3Qshes9FpebOFpZGuT5FfCTCe2nFccTlLEsnJFolZCwcSEy1s5QIVdHuAlozuAoWi5VCCoe78FG9g%3D%3D%7Ctkp%3ABk9SR4D95vGXZw
Supreme Bruce Lee Jumper,,£78.70,+£2.94 delivery,20 Feb 2026,13,Pre-owned ·,https://www.ebay.co.uk/itm/127540843867?_skw=supreme+t+shirt&itmmeta=01KJZHSQSCQ6YXK82DVNXBSAAZ&hash=item1db206d55b:g:dOcAAeSwsYppMH0t&itmprp=enc%3AAQALAAAA0GfYFPkwiKCW4ZNSs2u11xA9LVmJXzFLekycg8Ej0ixtEU8PKik9gUxgo5LldzcIee35%2BBFJDwzgcnHqdx99azggsbTMba4JWHimk9SqysiENSCsoavZxJXeV0f3del9Lqc4VQlBGIAG2JAvS0zXk3KIEyCZZx3HAhZj63WvcoWs%2F96jR4DSc%2BRUGYD9SEhyIDkN0RV%2BwXCsANt%2BuU0sjmLWbdxODI32pZFVjXejNLmGntrtOYNMDJqF6kxwAINIrsHEW%2FEWgqeyKocAttFaJxM%3D%7Ctkp%3ABk9SR4D95vGXZw
Shop on eBay,,$20.00,,,,Brand New,https://ebay.com/itm/123456?itmmeta=012DEW30YG0MEEKND7NH&hash=item123546:g:acwAA9KNiJowH:sc:ShippingMethodStandard!95008!US!-1&itmprp=enc%3AbgepL1tlUHjMGCVfSTGJh%2BzsVKeJ3CQk7NizDI4BZeppuFnmyS6Ijyp8lh%2FnEw%2BWqO7uTV1Q6izE1R0T54aV8j71F4xlWfVcGft4%2FiOQhtqVXA1rW6M1atPARQRmhqUxtEPJKhKtSFgI%2Bvwlzb0GwVCtkp%3ABlBMUObkmabpYw
Shop on eBay,,$20.00,,,,Brand New,https://ebay.com/itm/123456?itmmeta=012DEW30YG0MEEKND7NH&hash=item123546:g:acwAA9KNiJowH:sc:ShippingMethodStandard!95008!US!-1&itmprp=enc%3AbgepL1tlUHjMGCVfSTGJh%2BzsVKeJ3CQk7NizDI4BZeppuFnmyS6Ijyp8lh%2FnEw%2BWqO7uTV1Q6izE1R0T54aV8j71F4xlWfVcGft4%2FiOQhtqVXA1rW6M1atPARQRmhqUxtEPJKhKtSFgI%2Bvwlzb0GwVCtkp%3ABlBMUObkmabpYw
"Supreme Signature T-Shirt, Size XL",,£12.53,+£2.94 delivery,20 Feb 2026,13,Pre-owned ·,https://www.ebay.co.uk/itm/227218273894?_skw=supreme+t+shirt&itmmeta=01KJZHSXXDGW9S3VMJ4GYS0FHR&hash=item34e743b666:g:vAgAAeSwJnZpkdx9&itmprp=enc%3AAQALAAAA8GfYFPkwiKCW4ZNSs2u11xAOIOEwaBD7H1Idh0foN6h8rHknQCYaElxIEHNAz9TWdOSHVygF0H23SrX%2BVU%2FmKKjhhZ3FG2XjLhe7ActLELqUSKT%2FTU--ichkofvJENjivvmdXW4NwzYxXDj6TPLcAGyF3kwBqh57cG7Coz8DABR9%2BjNhXgS2IThz4UywZmK9TkbIGp%2Bxi6XAxYiMmKt7zjG9OnMS74q6Wv6o21MdOhT80CrznSfy2fXhnugFi0EjQUy%2FDc%2F7ToFY9Pu6HYIYm2vx194bQMRh3Aw5mixAWTBvfP7iz%2FvfIra9%2FWLcl8YhpQ%3D%3D%7Ctkp%3ABk9SR4Tf5_GXZw
Supreme Milano Tee SS21 Navy Size M New,,£31.90,Free delivery,20 Feb 2026,13,New (other) ·,https://www.ebay.co.uk/itm/146913345010?_skw=supreme+t+shirt&itmmeta=01KJZHSXXEDSB84RX0T119F80Y&hash=item2234b7bdf2:g:pHoAAOSwL2RkowbT&itmprp=enc%3AAQALAAAA0GfYFPkwiKCW4ZNSs2u11xD8JycSW9OHU15JYPlA5r5%2B%2BRWpb5wDKLn4iO2iaCMSlR15R0p7NWSoM7JSFHVvSoPymxnOL5KSpVHAKh9a0NLQd11w0L7EF22dm9l0QXEKFjm9YxP9cukbD2cIDPNA4ur76kkazalgz9iHY9L4taKDNh5LDhDjMf1GLRe4SFkJqjCIipw9Aouic6onM4SOwT8p2YSR6C%2BKTEjWIBvKvi8IouGoE4hvp%2F8jzBJdhOLMyg%2FmEMtpFLfvdL1QSqsCXRE%3D%7Ctkp%3ABk9SR4Tf5_GXZw
Supreme x The Clash City Rockers Tee Medium Black FW09,City,£73.50,Free delivery,20 Feb 2026,13,Pre-owned ·,https://www.ebay.co.uk/itm/206068509124?_skw=supreme+t+shirt&itmmeta=01KJZHSXXERYR7YC8W9Z0EKANM&hash=item2ffaa3e9c4:g:GMsAAeSwqRtnveZi&itmprp=enc%3AAQALAAAA0GfYFPkwiKCW4ZNSs2u11xCGwfkpPCg8j9Q7a1TXUh%2B%2FEujMOktMMUE0QT2MjK7A5qtahwOoRU%2Fw6WmWLGCaZ5fsvNB89p%2BGsYaa2I7bVX3wkue2G9NZH9%2BNI0EAh0O3M4ECa2pzBVegzHB9RvAWsQ%2FcY77izfDXfM%2FifbKXV176D9yVea25HjWVdD00Uh70Sz3RcgFdc2NXkReI16fy73Ctj9D5aQBdvfVwNMAk8g3DZocuwbVUdCXwYqpCE1huIFT%2B6y4DZTIaAbZxef0CAhc%3D%7Ctkp%3ABk9SR4Tf5_GXZw
2x Marty Supreme Jackets,,£120.00,Free delivery,20 Feb 2026,13,New (other) ·,https://www.ebay.co.uk/itm/397629694325?_skw=supreme+t+shirt&itmmeta=01KJZHSXXE1XHX31Y0VRH14QCN&hash=item5c9493a175:g:6mgAAeSw5qJpl6P3&itmprp=enc%3AAQALAAAA8GfYFPkwiKCW4ZNSs2u11xBlSFqq28yEPfRYb4efp2FJiuO%2F%2B5r4DOQ3OE4N3ujGli7ohJcUOjFIXDtdaBdu0jC9FYKxtdVpSrrZKnbZxgt1N4J%2FEzObkY84B35Sr%2BDL71aduvjIf6%2Blzp4RWl3Hj9x4J4FtlDTgJj7DA%2FLJ1ZilpZgKBHBq3KmiA7894c1szyH63OX2wtE%2FcITtSkkr%2FEYwgmC04p1Hib6pzKsq6mNAmL8jovelPbukR8rIlUs%2BCTPwdfBc3dZd521SNHf0%2FHnigYIsyYeqqWd1wwuu9THbQC5ENNp0tTXPE3zVvwqX2A%3D%3D%7Ctkp%3ABk9SR4Tf5_GXZw
Supreme Kiss Tee Black Medium,,£37.10,delivery in 2-3 days,19 Feb 2026,14,Pre-owned ·,https://www.ebay.co.uk/itm/326871263134?_skw=supreme+t+shirt&itmmeta=01KJZHSXXE2CZK00DPX76YF7TB&hash=item4c1b0ba79e:g:PnIAAeSwEgFpHIoy&itmprp=enc%3AAQALAAAA0GfYFPkwiKCW4ZNSs2u11xDpYL%2BvEsckriJ1KGgVvbDbaL%2BEWL6Z1TNoFPqAM8ZKtaPuM3sIcqR2oMTuFuocZ0P1fGfC4DnEXR3R19hjb57T4WFQuIcbpiERxEfPPu%2Fu%2B6d8kh%2BZZaRZFrpN%2F5fXzvuD%2BJwlEC%2BUSYCSlJH20x%2BfWTQKvubXdd0kcN%2FX9UCRd59%2BrZknxdP30wLPlKYvDk1WofkFtJkLBny3DNO2kO6incmBpGS8G52zyKAOpl8xhjh237gT4zBnSoLHnr7ptFk%3D%7Ctkp%3ABk9SR4Tf5_GXZw
Supreme T-shirt Size Large,,£26.70,Free delivery,19 Feb 2026,14,Brand new ·,https://www.ebay.co.uk/itm/406683095144?_skw=supreme+t+shirt&itmmeta=01KJZHSXXESQ9HQPSFYHF0Y5RK&hash=item5eb0339068:g:4JwAAeSwlPlo2RBy&itmprp=enc%3AAQALAAAA8GfYFPkwiKCW4ZNSs2u11xDWESwEY9jmxkc4elDEJTqs2y2Jg6GWVb7xE3aSnQiBBaqypEt4WP1FD7BL9Fm5%2BVqbKeMzAbhvMQrMZJ7O1ydUjK%2F9wImGpsv2%2FqmsfZf7fiEChLD8d3DjC8lZVlu7cUzFEb6p0rQhqwmVD%2FvNxdUy1VsCKahvF7eRej%2BAmvcC4XIDQ1h%2FDEYjbs4aHD2YsInelZr3yfMTQ5wPZIh0HAk27e2uYUX2hHCOjFY9MubsyBJkHnHJh5zX3SeMC4Gq9Z5Up7C5OKyZYtUgwcvcbNQStSARjaTCaNdpaMYfo%2BXwFA%3D%3D%7Ctkp%3ABk9SR4Tf5_GXZw
Supreme Shirt Mens 2XL XXL Pink Liberty Tee FW24 Statue New York Skater USA Made,,£24.95,+£2.99 delivery,19 Feb 2026,14,Pre-owned ·,https://www.ebay.co.uk/itm/306693508285?_skw=supreme+t+shirt&itmmeta=01KJZHSXXEHXA8DF7PR51GE6YM&hash=item47685b8cbd:g:ps8AAeSwNntpWn0B&itmprp=enc%3AAQALAAAA0GfYFPkwiKCW4ZNSs2u11xCUvSHWkvmEN50VsRsiQZxXIYoEtHf%2Fwgl2xqnobYm%2BNUtZmOBULYHcV7YEdKgvg%2FLQWiiJMzYkixVm%2Flnr%2FgaGUO9VRQVLX7OPnWj7LkxrfB4%2F3hpl8NDl7x74h2jAG8wNDCG4w8iaBxqK0aExKUCRm2OVtOxWHsXbzPBw5yVmTPK8nOA0RC1nZ57b%2BJ%2Fy3qrGLxbXNBt4d1%2B88WlW9yb5lL7EG%2FoLxOsP7t7MdGEdNZQBN7SHeP2IhBGcTkZwCFM%3D%7Ctkp%3ABk9SR4Tf5_GXZw
Supreme Pound Soccer Jersey Size Xl,,£115.00,+£3.42 delivery,19 Feb 2026,14,Brand new ·,https://www.ebay.co.uk/itm/277722239794?_skw=supreme+t+shirt&itmmeta=01KJZHSXXF3W90V8WPSAPPN6GF&hash=item40a9891332:g:qewAAeSwzBhpOcbf&itmprp=enc%3AAQALAAAA0GfYFPkwiKCW4ZNSs2u11xDkDUal5eqYL7hNRtLNvcy7tc%2FlqYzwUmvWS8XR8vqlPup6bGr%2BF%2BJCv4pJlAe3GuuZ0e1Aq%2FvMBo8uwgf7RoSFrgcsKrQYEZbXsw2tdDKYAjoCm3d5b6j%2F521kwWAyCB4vISoV1O0027obtNx247bcsPVxafmKaC%2FuJh290PI9IW5jCoYQXt2KTygBZiSBX%2F4VCUzKbKyscWBHaNemoSOuX5yz9%2Fwysq0Yq4P5oFZDbSHBiXg5LxqFfy3qIU%2FfoZE%3D%7Ctkp%3ABk9SR4Tf5_GXZw
Supreme Long Sleeve Jersey SMALL • Black/Yellow,,£51.97,+£2.94 delivery,19 Feb 2026,14,Brand new ·,https://www.ebay.co.uk/itm/127578178602?_skw=supreme+t+shirt&itmmeta=01KJZHSXXFS5WF8JW5ASC5X2QJ&hash=item1db440842a:g:QE0AAeSwVERpSYdi&itmprp=enc%3AAQALAAAA8GfYFPkwiKCW4ZNSs2u11xCLxmY8F8QrTGzQzE1RlclsBtwJ8ylQYZGavpn7lATZppbqpAH6HvjQ%2BkZ%2FBKL3NRkKEfaZNWsowSZdbl2r4Rllm8vPNt5SbOEpTrT7D9J14uAcghA96hgzADYJzljc4V0ih%2BVkdAogj%2BCzw5uVFz7GuGX3UsaGnv0khxvlK2RYPZI8zF9RSjn6rasO23qQnocLwxPWcWth5lVC%2FM6ZM%2FWyLBW2klnsmtaF51556YkOvfSSHEv5FwXzfWGhzRjhk8u94y5bV9RAU90Up3agA%2BP5uof8QnqYMz%2Fa9WoNJVivHw%3D%3D%7Ctkp%3ABk9SR4Tf5_GXZw
I Am The Next Supreme T-SHIRT Sarcastic Tee Top Funny Present birthday gift,,£17.95,Free delivery,19 Jun 2023,990,Brand new ·,https://www.ebay.co.uk/itm/162300189409?_skw=supreme+t+shirt&itmmeta=01KJZHSXXFS4DTQBADS410KF8Q&hash=item25c9d85ae1:g:f3cAAOSwiDFYPH5f&itmprp=enc%3AAQALAAAA8GfYFPkwiKCW4ZNSs2u11xAxVKrXseK9A6GW2Duug6FptTRXFTVjBDrx2HyNzHIuVgGVVx8PQjvoireHVSvxuHr5ESd5hIzYFLcwvLxHozKxapL2tteQYtdqW0fXCQLS5keAoMBMSshax78SrUwcHg%2BQt1qOBrd93JyT7QmWPzDw6qil7CSwpcT6I74awTgzaac7yxrsn9OxjG55XRrqX%2F9SzJrALGvxaTR5oRNuCGsd%2Bgt0acVRUCTqNzPKS%2BffYFOBcPqdecRohgL6NN66tNx3Gk6OI7QqSm018d4rQDm8071rQK1wxFNomPM%2BEMcbmQ%3D%3D%7Ctkp%3ABk9SR4Tf5_GXZw
Supreme Black Tee XL,,£12.53,+£2.94 delivery,18 Feb 2026,15,Pre-owned ·,https://www.ebay.co.uk/itm/177854880210?_skw=supreme+t+shirt&itmmeta=01KJZHSXXFB8D9NH3829SBW1Y9&hash=item2968fa19d2:g:YPkAAeSw0PVpg7nP&itmprp=enc%3AAQALAAAA8GfYFPkwiKCW4ZNSs2u11xAjFOweNIvZFN%2FZ2lT6S6CTd3YAuGr%2BJ0WZXBCglKqMKHENaIPdI%2BiXeyfUhSe6ae10rSIbzv6GsPVx29SlR904Zg8wTdwlYom6TeywcFeoVlkE9iKi9onhAGu9VBAn6RHH9prYoZ89y5y3ldPBmJPjl%2FA5C1uAZeDq3SXR5kpjZuRCWtlWlsL1y6z4Tx4dYRZtSHWYMkure9IMLlFxIOthqafxQq4JTiCpL1xh9aUgjySyf6V6VsMeD7DI1WhGl5B434J0RJwUqD1TuzWZZpFqq42bM%2Bkd2Wktk7RpfuadeA%3D%3D%7Ctkp%3ABk9SR4Tf5_GXZw
Supreme Spiderweb Football Jersey Black Size Small,,£60.00,Free delivery,18 Feb 2026,15,Brand new ·,https://www.ebay.co.uk/itm/206008964907?_skw=supreme+t+shirt&itmmeta=01KJZHSXXFZY2RTJ63FYQD8RH4&hash=item2ff717572b:g:8yYAAeSwgAhpbjWj&itmprp=enc%3AAQALAAAA0GfYFPkwiKCW4ZNSs2u11xBmnhIod67Q%2FcDg2xCcZKUOYnfTswSEQOM789vdSc0aq7QP93c9TqVIReaIFzxLV1TdEC2Qa6s5zt%2FNAxQjZQ7wunngbdg83cEi1idGQA4JtC1Dr9m5QIDeWt8RWaDIbV3REj6Mr4DmWyCAQdl33Fgyb0%2BnX9Gey2ZHGrtyVQdndbKA4Qvxf07ZvXKo74a58Qk5NybaLwcnZ4Q0Zs2b21whDWAk%2FLxGuisoVEntjG3iN51uUKnrJsKHaBx9hIjMlkE%3D%7Ctkp%3ABk9SR4bf5_GXZw
"Supreme American Football Jersey Red, Size Medium Baggy Fit",,£52.70,+£2.94 delivery,18 Feb 2026,15,Brand new ·,https://www.ebay.co.uk/itm/287126128590?_skw=supreme+t+shirt&itmmeta=01KJZHSXXF6KZC75A3FBFVYNCF&hash=item42da0d07ce:g:ZD0AAeSwkYtphihv&itmprp=enc%3AAQALAAAA0GfYFPkwiKCW4ZNSs2u11xA9ctuK6JKv9ro%2Bpdn8YEcXHIiNsxchbqNB1FIqpLk5Dd0rBdwz64C155Fvy6o8fIGNgjDHjhH23eqoBtFxpMonBigHX0l%2FZtwV%2FLiSFeP6Uvp6AowZ1SLJsDgl1z5d2er%2FvAm79lYWgQlnOsQ%2BOF1NPaVeN0tLXbaD090Jk9n2BwcbdGUwFhJOQbnprHRE78ONNw24AeA4JW7qN%2Fz7RgKU0%2FQnMcN%2FrLBqFDWqVsEM%2FgZdpV4K3nT6rXzUqZ%2FuGws%3D%7Ctkp%3ABk9SR4bf5_GXZw
Supreme Spider jersey size Medium with tags,,£52.70,+£2.94 delivery,18 Feb 2026,15,Brand new ·,https://www.ebay.co.uk/itm/157657245595?_skw=supreme+t+shirt&itmmeta=01KJZHSXXF1GGN24C6Z69NZMVK&hash=item24b51aa79b:g:sCwAAeSwDCxpgiCk&itmprp=enc%3AAQALAAAA8GfYFPkwiKCW4ZNSs2u11xC9GIAESBL6HlW6TnMiajsFH3SpOgzaIL13JwGJUrDKS4IOP3%2BcdVH%2BPU3qyUg50iX7iPQu4A70DErztqpOWcXc5L3EZHi7NQOqDabkGbriGhcf%2BzfF8SS%2Ff7gCURqDVJ%2BVv9hvj9%2BFQ91MAp4xCEizyIAWfeQnZk%2Bqt7BDKvtrqpL81LctzMfwKHXbMfup9%2FRZI5qg9qyVztWgVotpOGTrmMgQyQNF3PL3lnPLD0lFVwS8AH6ieoM66DcSFpLaI5MS%2B8ThGiDsP%2BSbYDtqMO%2BA4JhLHjDYD%2B8Mg7Tssqlp1Q%3D%3D%7Ctkp%3ABk9SR4bf5_GXZw
Supreme ‘52’ Spiderweb Black Jersey Size M Brand New with tags,,£47.50,+£2.94 delivery,18 Feb 2026,15,Brand new ·,https://www.ebay.co.uk/itm/236607716570?_skw=supreme+t+shirt&itmmeta=01KJZHSXXFF84VFYKNQBSC74QJ&hash=item3716eb3cda:g:aUAAAeSwZUppe7wo&itmprp=enc%3AAQALAAAA0GfYFPkwiKCW4ZNSs2u11xDA8SM2lIaAr44jaYX89B6xNSQwAWiXeRq4xNaVk67Lerg5bU8jZqaq1TCD%2BWszJhwDRiNqhXV40WNlqIIWMJg4TOjmRe39QTIRJnOBayt8ou0TAMLGPrCXxDlw9xPqg26SZft5BjkJm7KNI%2Fb7%2FyZpXyQahjl7azPLBUfkFlDgNREGf2YBTCUHqgau9JeWQXw%2FlYIA6iMYuXfzzJlZSVAnAIkr0b10NbAOySNL5X%2BNbCxAQ4HCXve%2FeEIc6xGYag0%3D%7Ctkp%3ABk9SR4bf5_GXZw
Supreme Box Logo Tee Grey FW23,,£25.04,+£2.94 delivery,18 Feb 2026,15,Pre-owned ·,https://www.ebay.co.uk/itm/177854696555?_skw=supreme+t+shirt&itmmeta=01KJZHSXXFZJT4K9QSBERQ2J9C&hash=item2968f74c6b:g:aloAAeSwLrxpg7AB&itmprp=enc%3AAQALAAAA0GfYFPkwiKCW4ZNSs2u11xCjKj4y9b5UqI9q96ohif3MjXNa4ez4Se2nx8Uqpb2JW99HDCp%2BeneXojOjG4rtygAr%2BE6lTUSHdAfJivgkOuiQqW3o1XZD5ckLFuhFZrfvGh69XgaRyN0%2FJKinDaRbVkbqmKSxL8oWJ3u9detKWvToMSA7sEDXuDza7ILgpvIOQtp9Lz21nQcr%2F36TeeR2lUsZREa8XJYfHGm2TZ3SyZ8OInzOxZxDNorCh%2Fr8vLztJGH7%2F6NM0GCZQjhomJ2SKk0%3D%7Ctkp%3ABk9SR4bf5_GXZw
RARE VINTAGE STUSSY x FABRIC T-SHIRT MEDIUM BLACK SUPREME PATTA PALACE FREE P&P,,£46.45,Free delivery,18 Feb 2026,15,Pre-owned ·,https://www.ebay.co.uk/itm/187608884538?_skw=supreme+t+shirt&itmmeta=01KJZHSXXFCKS0MAT06QM1ZNYR&hash=item2bae5c653a:g:4TgAAOSwroJoDaKu&itmprp=enc%3AAQALAAAA8GfYFPkwiKCW4ZNSs2u11xDRu%2Fh%2Br0GFCOk0XquXz%2Fmf1CouOBZu7qF7bRlEI4hMVZQaPnIGxU%2BCQH4PXi%2BFk3XvtA705j65pgUzHpno3W2zx4ImRkEdKDfkcafii0YyBoJPyBuSCQuI7BZHoc2--0QBvIoJZ9dpaOHeJTPg%2FS02itPSt5n9W4lNVnO6Gmlkrc7bfe7hvYCL6aAqikojCXHoO8Owmkoj6aHMFq5VvLQOXNjuNxb2jitkxxMnY%2BVkRrBZRLswhCnkV84LnfN9U6DzeKJkDP0c4aPLN4Hl9REDkFyAJMwdJB28tCOmFJ1eWg%3D%3D%7Ctkp%3ABk9SR4bf5_GXZw
SUPREME 99 LONG SLEEVE FOOTBALL TOP BLACK 🔥 XL,,£109.90,+£3.42 delivery,18 Feb 2026,15,Brand new ·,https://www.ebay.co.uk/itm/287126743071?_skw=supreme+t+shirt&itmmeta=01KJZHSXXFJVCNZRW427N2VZP8&hash=item42da16681f:g:dOAAAeSw2zpphoUK&itmprp=enc%3AAQALAAAA0GfYFPkwiKCW4ZNSs2u11xCe6yqC%2FzsdrLlPjbxPxtJZhhS2Q0aY1nKHI9oweOL%2BXF6w8A658uQj%2BJqIRuf5%2FA44gOurn%2FNfowlQaQF7KVz5cgmcij9u9Y2qf%2BVjvRFdYC63D%2Bu2Ro0XO1jSx41E%2Ft9H%2BH6i2qU%2FkgN7jeiPV%2BvMb%2FY2Caxlrz73yHEUHZivV6hGZDiM92W2XenvVyJ2wnisZ3hrIkXbQ8rlA39BZB78MbJONeUr3onq4GFSfMWwFcA6JfZyiKCAsHK5IHG33eU%3D%7Ctkp%3ABk9SR4bf5_GXZw
Supreme Mascot L/S Football Top Size Large,,£94.30,+£2.94 delivery,18 Feb 2026,15,Brand new ·,https://www.ebay.co.uk/itm/157686025181?_skw=supreme+t+shirt&itmmeta=01KJZHSXXGHN0D5799DVN65H18&hash=item24b6d1cbdd:g:88QAAeSwTpdpg7eW&itmprp=enc%3AAQALAAAA0GfYFPkwiKCW4ZNSs2u11xAqCa%2FDcpv%2FsD4lenBk3ef%2FoL4r%2FhgxGd9q1BbiRThsujuX8QBFToDTuQj2gEi1Tsmyr%2Bzc4ZehWcpkcn4q%2FYKHM5knT0OIP0%2B21B1D1ckhG3hbMxTRKuJyN5qjGP1AfJe3AIJaPHvXpApzczajXg2Y8nfWgBI63W711DLQraVX3zuHf7nlAkY4TxZcFfFO108SiLuV%2FhxJiU0OBl7%2BOIJOsW69ZpmqyJPFHdvMMBBPp6k9okydGw7XovYhwzAR4XI%3D%7Ctkp%3ABk9SR4bf5_GXZw
Supreme x Jordan Biggie Short-Sleeve Top 'Black' - Size XL,,£89.99,Free delivery,19 Aug 2025,198,Brand new ·,https://www.ebay.co.uk/itm/226652605169?_skw=supreme+t+shirt&itmmeta=01KJZHSXXGSTTQVGP5CTP74YQM&hash=item34c58c4af1:g:rF0AAOSwFBdn2XSl&itmprp=enc%3AAQALAAAA0GfYFPkwiKCW4ZNSs2u11xDH1fWBXU7las9zceUqtCfQuYlFUaIm57oS0Caz77E0v4J1ypJWjt7lmGB642oAJbwMlk7w2Te5bu1mde4p1X8D3LzqWkhfV2GMoNVpf22thCX7WfqqAfzIdAlJfgaeeEaPhN%2B77cpSwqg9aMRnyIeVZnYj2JD7e%2BjbumNlLqh47NKjvlLfqbhH8k7t8BT2EiSwx8viQYc4DkRUBCK84pmB%2BHBKYhB3DN5uE%2FlGqRkwrnVVQj6qBer3havDuIKxUMM%3D%7Ctkp%3ABk9SR4bf5_GXZw
"Supreme Snow White Tee “Dusty Purple”, Medium",,£94.30,Free delivery,18 Feb 2026,15,Brand new ·,https://www.ebay.co.uk/itm/157127464793?_skw=supreme+t+shirt&itmmeta=01KJZHSXXGF3AV044QSCG1M9Q6&hash=item249586d759:g:nQwAAeSwJFFoXCzn&itmprp=enc%3AAQALAAAA8GfYFPkwiKCW4ZNSs2u11xBFHzQ7liIls%2BgGf8O2Dv9rTRx10mJc92%2B7EO7JSVlFeN7AFmaxriCwd%2BovioMihHZkxYl0EbaXsyAZ1RWhWWzcAhImgdqENtJdo9GudK71YHAeX89r22ncPwEu1bTy4IZQ1TV7UwnyOKXlxzr4wvyb34Iorx%2BDLyNzoAxmLWQhaUbe2D4q%2BUvAwf2lJt%2F9gGKIsqYmXdWl6Hy%2BnVDrwK8YVxCxrRaziZZbSiwRhLq9py%2FPt3ZlblLOqxwv7UN9SM5T31Qb5s%2ByKXgTZrAgmQAqes4pyTMPuVfh37ekyPbA4Q%3D%3D%7Ctkp%3ABk9SR4bf5_GXZw
Supreme X Slawn Box logo T Shirt Tee Black Medium -- Unofficial Collaboration,,£39.99,+£2.94 delivery,18 Feb 2026,15,Brand new ·,https://www.ebay.co.uk/itm/227204250561?_skw=supreme+t+shirt&itmmeta=01KJZHSXXG7KTKVFVMYWP59FDP&hash=item34e66dbbc1:g:zEwAAeSwYAVphKEk&itmprp=enc%3AAQALAAAA8GfYFPkwiKCW4ZNSs2u11xAyMJKw5R5FXD%2FWiZz5RKg0FDlpqTwmOrsPaa8hVzvUkDbAYuWESc4ZfUPUjB2nBAV%2BUKygu6uqdNWt4EUfCEUZUB8q9D74KK6YTM9Lu3CE2yRGNZU44TjqnD9sVhiujUS%2BqRI6vZRzay%2BM7k4bb%2Bs0WFP0vOWuGG4JS6KT3KInT0%2FzJBqY7n6qZzB4ywhH%2FrNFk%2BoZ39aNTAj1sku5dMjsGUthxBb54hSLGOAofOdyoWHmP7wksqXK%2FTnj7mg%2FSoI%2FzeSYQTe3v1XOT77s118JXmXcLq2Enw7F3LWzW05Q1A%3D%3D%7Ctkp%3ABk9SR4bf5_GXZw
Supreme SS23 Tonal Box Logo T Shirt Black Size X-Large Fast&Free📦💨💯TRUSTED✅,,£74.95,Free delivery,18 Feb 2026,15,Brand new ·,https://www.ebay.co.uk/itm/134840243469?_skw=supreme+t+shirt&itmmeta=01KJZHSXXG3P524SN23Q815399&hash=item1f651ad50d:g:HbsAAOSwgXplbmTv&itmprp=enc%3AAQALAAAA8GfYFPkwiKCW4ZNSs2u11xCTbWmYns%2BgWQlkkQpMB8ik81ZDau%2FCtc13hjUXj60znHMR%2BO%2ByR55%2BnDE%2FG3rijEfpfwbRlG70dXi8%2B1VLHdntq%2B2sBPVzEOthhTKXVvzMLxj3KnEe4FJA9qMKvwxPGR9JbWyuE46RT%2F1D2LSJBYXBPtLQ3u7VCNXOZ1btVwmm4zTUbUxupIJ722n4owi7vIP3XLzBw6%2B%2FTQEP7ND7oFIJJG%2BOmNaj3w%2B%2BGPuwLyQhAnNW2b5jjGLFcMvjadm6YzGk8ebXPuAwuh0cSHJvYvteQt7Gssy1TD8eACrs0qm9OQ%3D%3D%7Ctkp%3ABk9SR4bf5_GXZw
Supreme Diego Maradona T-Shirt Purple Size Medium,,£28.00,Free delivery,17 Feb 2026,16,Pre-owned ·,https://www.ebay.co.uk/itm/188045982276?_skw=supreme+t+shirt&itmmeta=01KJZHSXXGQN83MTN2ETR2HPGA&hash=item2bc869fa44:g:ZK4AAeSw-ytpb-6-&itmprp=enc%3AAQALAAAA8GfYFPkwiKCW4ZNSs2u11xC273Lr%2BELQq9VnVIINeKxzFPe52QRZNagF8wwZ%2B3xVQXpoI0oEHmM%2Bh9xQAzBLj7T38QrkIx7JThfLFvreihom5rL2bJAwxn2smL6hvHgS3FDkZqSGXWvaM%2FZNnsiD82dDr4aWgNvfC8SJoxqsi5rIjyIHHZHXRcVjzRZJknhRux%2BVNphroLxQf91zZHRw2VMV8ljw18CswGgBZpbqrbfAnu18o55xbhCR2l%2FYnYzVtYFsI2L5Jnz773Xa87w073PPCtmIsAY%2BqaV9Tc2pnyKtIeKIizS2jTVijt%2FqXB79Ow%3D%3D%7Ctkp%3ABk9SR4bf5_GXZw
Supreme Emilio Pucci Box Logo Tee White/Blue Size M,,£52.69,+£2.94 delivery,17 Feb 2026,16,New (other) ·,https://www.ebay.co.uk/itm/336425345085?_skw=supreme+t+shirt&itmmeta=01KJZHSXXGH79BSF7B60855WBW&hash=item4e5483603d:g:FpMAAeSwKGxph1tP&itmprp=enc%3AAQALAAAA0GfYFPkwiKCW4ZNSs2u11xCIYCjbkCcWNLJQqK%2Fg%2FInlHJPXD5wVXpg3g%2F0%2FGR%2FMD3HVum%2Fqfa50VHWBkeKLvyRO9KtEAVggsSiCKz5CwS4eygd0j7ZXqi3h9aQoWD038KrXk9z7OxuLnNOdW9Hw9yW%2B6kXhM%2FmY26LlQdsLll3j%2BTHZZaAMyQBzr1mdp6XU4A8G4E5a2F4n3EvMueZL56yOPMQp3TxUEebU%2Bsj9H27a1tJrJeKamum7MnZlemNBck3z3eDNRrL7hPITVo9cqUA%3D%7Ctkp%3ABk9SR4bf5_GXZw
Supreme T-Shirt / Size M / Mens / Black / Cotton,,£21.00,+£3.95 delivery,17 Feb 2026,16,Pre-owned ·,https://www.ebay.co.uk/itm/205315156101?_skw=supreme+t+shirt&itmmeta=01KJZHSXXG4FK9PQJ8BNEZ5ZR4&hash=item2fcdbca885:g:eLUAAeSwkoJnvb56&itmprp=enc%3AAQALAAAA8GfYFPkwiKCW4ZNSs2u11xBWCb6niYBXcfm6NFPP4UpY8z3i8cyWit8AUEmOg2aGlDSGcqGmU7ESLSzG0eCeD%2Bphcg7TercPt5iksxTZ%2Bz7tPDJEguFqx%2Bw9HoY1O9wdXviPNARKF%2BE2LOgIfEhZpjM8h4Lxqgu9BQlW39aOTGDI%2B2Fv0kqF8fWkR5rhJ5zdZoR%2BqF9gsTpQbvSW3Xqb5F8uC%2FTlB%2BS6LEKOrWH5ySol4TkFrwrYFpNzsg38YUvoyfnzlXJCVF%2FEwfBcmDwRnYdVbluNeJnb06f3uNtQYj32ohNI3PJJRjMLCmBI2rvTzw%3D%3D%7Ctkp%3ABk9SR4bf5_GXZw
Supreme Hanes Bones Thermal Crew Top | White Floral | Skeleton | Size L | New,,£59.99,Free delivery,12 Feb 2026,21,Brand new ·,https://www.ebay.co.uk/itm/317864029812?_skw=supreme+t+shirt&itmmeta=01KJZHSXXG9RW85E2H4GC41KDN&hash=item4a022c2e74:g:0vEAAeSwYqlpg0d~&itmprp=enc%3AAQALAAAA8GfYFPkwiKCW4ZNSs2u11xDuQZBQMhhVJ4KB%2BHqK6lbWC7CWpqDfo8Nkuu%2Feb73f0F%2F1QUuQM6Tcy4zM2Sm9h11a62e%2B70ownZKc6Fi90ZbiSOVcX1wgPmITUyqVdVWIa6JNLXWk7Y710dgKmBtPAaeVFmZ3dIYBa2dCIMC6zWNjvf8XsRz6f8Fn3U%2B4oUeg7zXd4ZYL%2FxafaQTWxvaakyG9bq05JlJEy6sAuFyzG0XszdFaDVTPguJAe--%2BmhGNiWLo3ENnvLk%2BiUaV%2BSdl8EKyehyaFE%2BJMxiKfxANKZP%2FzfEelyJQGUCm45kbNgIEvg%3D%3D%7Ctkp%3ABk9SR4bf5_GXZw
Cradle of Filth vintage Supreme Vampyric Evil shirt,,£281.50,+£3.42 delivery,17 Feb 2026,16,Pre-owned ·,https://www.ebay.co.uk/itm/157088987221?_skw=supreme+t+shirt&itmmeta=01KJZHSXXG634VWW20TA3DBYBW&hash=item24933bb855:g:hBUAAeSwnv1oSrWb&itmprp=enc%3AAQALAAAA8GfYFPkwiKCW4ZNSs2u11xAm4KPx1ZsJvhnlvRFI8F6Z9sSdVvo5KzrM1wyj6sr5thkUSRcAZUUxQc6xtQTl%2B9C2qMAt%2BbUB3WKb88wTXx%2BDNsAo4N%2FR6QRj61SgEHiA0a%2FU6LgVH3LOfc7S%2BZjLhv%2FRsYuY6GN3U3s5Q9Xzn%2Be0upr87zvTji95LRTtCcoP70wxqjLmvWGKLiMD0M%2Frdp7gIVur98dA5n5qWqbRuOHYiVMgrb65qABQVvIirPNmRR7hn%2BhChQH%2BnuZqmTZDAA0F1gKSxKBxVUMr6XxrRM9PdP%2B64M3GswWGNzhZOcISBA%3D%3D%7Ctkp%3ABk9SR4bf5_GXZw
Supreme Blowfish Tee White SS23 - XXL,,£30.00,+£2.94 delivery,16 Feb 2026,17,Pre-owned ·,https://www.ebay.co.uk/itm/397611834022?_skw=supreme+t+shirt&itmmeta=01KJZHSXXGTPRPZEPA9FQF0MZ7&hash=item5c93831aa6:g:WQwAAeSwfVVpka02&itmprp=enc%3AAQALAAAA0GfYFPkwiKCW4ZNSs2u11xAfIqcYS%2BVYS8A439T3BMqfrhB03doD0YwDoyDgqFmS5WV9pL0YpM9G0c9%2FgxHJKu4nfyy1JDQWTVRwgHEycx4xB5g0Teg5yaseFjI0pq58cbRU99CzqjKlFvlvh8vINE4EZGq2elRU4KunB9FVGk76O0tNBnQfvEngVptxodYdSRYX%2FE01HwzO6YQoQPKM0hnfgbrtpeZQJUis47velRUbD%2FzJokeuhNMqmqN2AEsgMOwFR5uc5y9GNX1zSZuZU5w%3D%7Ctkp%3ABk9SR4bf5_GXZw
FW18 Supreme Liquid Swords Tee Black T-shirt size M Medium Wu-Tang Clan Worn 1x,,£199.00,Free delivery,16 Feb 2026,17,Pre-owned ·,https://www.ebay.co.uk/itm/188034880730?_skw=supreme+t+shirt&itmmeta=01KJZHSXXGW0Q5KKBBP6EHDD03&hash=item2bc7c094da:g:zpgAAOSw8WhlDbsw&itmprp=enc%3AAQALAAAA8GfYFPkwiKCW4ZNSs2u11xB37VRk9oeMCAmEkZLlEFM3e2Ez6VVgIDjV4%2B6LLQoG3V39vx9Qxh4WOWrLylzZoyQEIuepRJtTFJfHh2IuPBdmlohmlOvjaf4yG8nH4donccX2CZfLFmnxZVLHC%2FGpSeLTf5WBydVCu81uslO%2BWz9%2FETistujoyXRe2T8Lrgc5pKXosFcFES78if%2FMNLj3aQVVa0iPqbkmteOdCfZ2zM68j3kqpPKdZKR9nmBPOKxydIqjPsDSwhStxxl26mPfrsCYzlSAzMlbpQlEjZu4m1H%2FVPDRYyP2gR8D%2BJvsDzKiFw%3D%3D%7Ctkp%3ABk9SR4bf5_GXZw
SUPREME HANES TAGLESS T Shirt 1 black Small Opened New Unworn SS18.,,£21.49,+£2.70 delivery,16 Feb 2026,17,Brand new ·,https://www.ebay.co.uk/itm/256992832722?_skw=supreme+t+shirt&itmmeta=01KJZHSXXGVEZV7RZRV0XZ177D&hash=item3bd5f76cd2:g:UkgAAOSw8dlmkFyh&itmprp=enc%3AAQALAAAA8GfYFPkwiKCW4ZNSs2u11xB8vG4NolM79EqCGA35Xnw9XLvtymXvukrrGpYkt4RHrAestpzoS5j11dCBd9f06bhwyQhjAdY9vL0lR86goTsiTqnya8PQCbs28s4xWD%2BcnQzwDgK2FSoxJnq939wKQFBtZipogmtC1YipNVX2JrPf1jHm3k0LY6TMIJD1n8pJiawQvPFSFceJDqgigxg9jCvLWQKpg%2FCC%2BWVDspbyj1GS9Q9Dy7y4C2GUqErzjcAiLfTWDNfAMrpE6mJmutJcNjS886BrD3sx0pPzfje8x%2FjoIoOY2%2B0FD%2FpLQWk6UHg9Uw%3D%3D%7Ctkp%3ABk9SR4bf5_GXZw
Supreme Split Football Top Black XXL,,£299.99,+£11.25 delivery,16 Feb 2026,17,Brand new ·,https://www.ebay.co.uk/itm/277571255140?_skw=supreme+t+shirt&itmmeta=01KJZHSXXGWFG8DEXWB34GRZVC&hash=item40a0893b64:g:JJ8AAeSwLHNpOqFh&itmprp=enc%3AAQALAAAA8GfYFPkwiKCW4ZNSs2u11xCR1Adq7FjTkUA5ROUKe4zOMbHpsjU1ZQpUzYpPixJBRUFzxQInQ1XzdwmAwduPPG94%2B%2B35R2GvaeQoQTA41XeMm%2BjbhWuzXEjOBhNOGc3uvfpf%2FDK81E2AnJLcB%2Boyi8Y%2FwoZxbjTz7hGLd%2F4QMz%2FEykD3YEB2t03845%2FPN8HYhB5lPrSH3lvwP1SJqThKYpJ%2BPMMtmnGTcYK6XAD116ezm%2FK50qRcJnkX1oCINliyYcnlr3rdTGqYkfSYfkkIOFM36vNA9j0ZL%2Fsk2NbMDGJmk01BRigjAqY6s2ZtJGZ%2FEw%3D%3D%7Ctkp%3ABk9SR4bf5_GXZw
Supreme SS20 Small Box Logo Tee Checker Size Medium Box Logo Bogo,,£26.70,+£2.94 delivery,16 Feb 2026,17,Pre-owned ·,https://www.ebay.co.uk/itm/389617273086?_skw=supreme+t+shirt&itmmeta=01KJZHSXXG9EVNTFYBBB7CN1HF&hash=item5ab6ffc8fe:g:tjwAAeSwoRFpc55R&itmprp=enc%3AAQALAAAA8GfYFPkwiKCW4ZNSs2u11xDnzlz8FoUiX%2FhxUsei%2F5hMLfAvC6bFLzka9s4Vo0LnShXlzW8FLqVO8EHUlhKxP7LwysNPxBvSJSbmDTW01yG1CFsqUzhQxcXsm5%2BsToLCflMOOoNBjH3ZOVH3WpnhaoOOIjCqI4p7NeW1JOViM4821r3Q6QJ88JqKm5IXjlM9If%2F0vuXZB%2BnD%2FpN4mMTfEWuSZXibr%2Bi1eEctGrbmFU7d3yEJ5qL2YF4XakN%2BDmFSsUs39uPUIJKmOgMMlJRjqaUfZvmPD2cURQM7%2F9ECF7nErOwZlO18lvh8hNM66nK70g%3D%3D%7Ctkp%3ABk9SR4jf5_GXZw
🙏 Supreme Worship Tee - Size XXL - Black - BRAND NEW - FREE DELIVERY 🚚,,£104.70,Free delivery,16 Feb 2026,17,Brand new ·,https://www.ebay.co.uk/itm/405896478423?_skw=supreme+t+shirt&itmmeta=01KJZHSXXGPJB4C896S82N1EVW&hash=item5e8150bed7:g:VOgAAeSwJ1ZoMtw5&itmprp=enc%3AAQALAAAA8GfYFPkwiKCW4ZNSs2u11xCqCth7UlesVRBb7DrXG2JW8UBOoeaWkfEciOJ6I1ndXiU4AZu69eUtRCiJ0YCyN6uBUDrN9KgEnlmS4AuTkh5w78rnbSpes9RYztDto6UX72ATOYFBpyrkr5BY25nXaoyT88mb0deTcEJRtls3BjwTUyOmTtuRkCzgA3E9SP1mzkwnJ4rQFFgfhZ0olx%2Bv7pjXKYbW1AVcsbQcqWvMiOhmHItqzRnBx8WTNvogqziK2d6ddmxr%2FNBWrkD%2FIbDLuTL6JbdRwPuLQHkqldNuaSzHiriRJztxAMLxGujXFl2z9w%3D%3D%7Ctkp%3ABk9SR4jf5_GXZw
Supreme®/Hanes® Tagless Tees Size Small,,£26.70,+£2.94 delivery,16 Feb 2026,17,Brand new ·,https://www.ebay.co.uk/itm/127285795903?_skw=supreme+t+shirt&itmmeta=01KJZHSXXGR6EMVGSJAFWR2KW9&hash=item1da2d31c3f:g:bpEAAeSwU9loj4QF&itmprp=enc%3AAQALAAAA0GfYFPkwiKCW4ZNSs2u11xAy9DISfKSercEy47zmciYZPeleGt9vZQDTebCUchT5ZOPGQe46Sbp81Dw5Oo8BG9I5Zw7xhS4sTdSKTPcR5n6%2By65%2Fxo1lsFAPNX4Cvscop0mQcx%2F9Pmpn4l54%2BeRY4RVuuy4EkfTb4gmE51X7OLda0yvR0N3ZPoYa6PhPOvkfiSx8mQd9k2khA%2FjKmX%2BKw0pVUmsZXkhBNPuIX%2FDymAMl%2BI1WvKS52ChSddPB1IperQYlJiYKG6een%2B4i0zxWIdw%3D%7Ctkp%3ABk9SR4jf5_GXZw
Supreme Embroidered Script Logo Faded Black T-Shirt Size L NYC Box logo large,,£16.15,+£3.38 delivery,16 Feb 2026,17,Pre-owned ·,https://www.ebay.co.uk/itm/297749937245?_skw=supreme+t+shirt&itmmeta=01KJZHSXXGRTMZFXAKH60P8X5W&hash=item4553477c5d:g:HMwAAeSwlxdpE4yn&itmprp=enc%3AAQALAAAA8GfYFPkwiKCW4ZNSs2u11xBWtGdHTboUmihmPVw%2BV4wmq3MK0xtTJzPGMaCPeeF5weCcYL2XyZsm8CP%2F8uZHqv%2Fv91Nb5qquWRp6KIY3XzNHHnt8f%2FQ7WacAR4Hh%2BRHQOCoYk6DwTeNqvSWr%2FjL7xtL1JLQq%2BsBJWf8vJf4oEwFXV6w0rM3q3l9298XG3hqL9T1zRPWunEcCR6PYNBjn%2Fi7D0WmWRMZgqBE1ZK81HaLRDFLJBLmkaU0ZwWvoyAf1UQPDZINhCyGVGb85kVCJ5zYuaKyhO81d9Hb2KqittvugClMmRhTWT0XyU6%2BSAvyJpg%3D%3D%7Ctkp%3ABk9SR4jf5_GXZw
mens Supreme tshirt in black size Large,,£26.70,+£2.94 delivery,15 Feb 2026,18,Pre-owned ·,https://www.ebay.co.uk/itm/227098996923?_skw=supreme+t+shirt&itmmeta=01KJZHSXXGDNKFW9J9RPH0DZT1&hash=item34e027b0bb:g:bYQAAeSwDphpIyxG&itmprp=enc%3AAQALAAAA8GfYFPkwiKCW4ZNSs2u11xChduhu73bWt%2FWYFGbcB2RYWxbRpvZaYuNtbAEH48BhIuRyui7uZPfK45hdpYeI%2BcZ1UU8WrG7uuvfplN1OdCuiYxD4jQ8L%2BzwMjf%2FmoMrzS4qmh%2BKgT5TKV0nzMZIkDCbFugwdKVaO83YaUvOqLDhz8lihD82%2B6qKJ9Zm9WSZLpk9pDds%2FMI3NsLv2TuGofg1IBfE4PONQOCA20gkDeI2pnwa2IBDBb1TFcTyYnSY0j06UA2ceEAAjDQhufUaa3ygYKeAcXiKxadDD8SudhP4t%2BR2L95gol%2Bd0oG3%2FXCnk%2FA%3D%3D%7Ctkp%3ABk9SR4jf5_GXZw
OVERSIZED SUPREME SPIDER BLACK JERSEY SIZE XL MESH TSHIRT,,£39.99,Free delivery,15 Feb 2026,18,Brand new ·,https://www.ebay.co.uk/itm/406648241869?_skw=supreme+t+shirt&itmmeta=01KJZHSXXGZRGVB9AW50Q5WE1V&hash=item5eae1fbecd:g:4wYAAeSw5XJpeqxh&itmprp=enc%3AAQALAAAA8GfYFPkwiKCW4ZNSs2u11xDsE5kiSVHvL7myPB54%2BTnk6M2rE30W6v0J40M8hG2jId3osJ1sQjDDWxPrEF9c0gkx3B6ap6uydAgvTZcoOJyxTYFWjJIwGPBqUJ59w2gPZnoQosW4lDB%2FoBOi37bDYa70aXQPKTIKKDGJmLXgI%2FPCyaR1QIItsJ1CzLp%2FU9iXroNNdf0sPruz6p%2BhHzCCNJWilGUe%2B%2F8DBEyB2e%2F012rdeiX3YH%2Bo74OPSmVOUI2pmdGSKwUIIBdtyqlTAUTJPAZd2QOkUzsZrzke0wzYMMJyDZgZOtatctftoIx04lWDAQ%3D%3D%7Ctkp%3ABk9SR4jf5_GXZw
Supreme t-shirt Medium,,£13.47,+£2.94 delivery,15 Feb 2026,18,Pre-owned ·,https://www.ebay.co.uk/itm/267271501324?_skw=supreme+t+shirt&itmmeta=01KJZHSXXG8ZXJE03MN4TY63W0&hash=item3e3a9f760c:g:ZFYAAeSw84xoO1Gx&itmprp=enc%3AAQALAAAA8GfYFPkwiKCW4ZNSs2u11xDZN8ygmG8rm--c%2FXfTTFQIyMVscbx8%2BIlgJsHDhtJJ7ZIon51OKf0yAj%2BkuTbKyFXB8VXCbWhqHH9C2Sv9775oxKIvBtOMdNgN2Qyay3zKOfFFquu%2F5GacrnU5pJ%2FNbirJAOSq6%2Buj7ooTc7Kurc0sfk07clOXf2AzLa3ML%2BXfRk2pfpAyLFrp6eb8q01aQ%2F%2BRod%2BoJijveE9dayl1CUA0upgmU1HX%2B1JSGIdRy4RP2DlZljq1ljuBjtfxf8HbEr79%2BTLTObk6r%2FTcHI4crwuE0owXB3iAraOsHi7M2Acghg%3D%3D%7Ctkp%3ABk9SR4jf5_GXZw
Men’s Supreme Grinch T-shirt,,£10.80,+£2.94 delivery,15 Feb 2026,18,Pre-owned ·,https://www.ebay.co.uk/itm/406682241395?_skw=supreme+t+shirt&itmmeta=01KJZHSXXG97S0K02Z842T3R52&hash=item5eb0268973:g:ka0AAeSwPThpZAfm&itmprp=enc%3AAQALAAAA8GfYFPkwiKCW4ZNSs2u11xClYl89zOG9hQxhodzOho4dOkM3n995QvHJO99ezs2Fg%2B5KQJgE8isSr5hwkyCv6abMlG89QDjaCQe2E5DJFrPHkUEk%2BRSUmkh3JqtGG4lh%2FCJQ4y%2FuACFctXo45dq6%2BRQye9%2BnHQDWOMEnYEn8oFU6eBusKHiSbQEPLg80mVLbyGcRq%2FpuHEk%2FUMywIthbsztd6v0RXvp0LqVgZEBRUezn5VI7g80q51gPLSRLNu2gZl%2F97dUzjbMnq4FrXOga0FsJ5NfbuaeLP51%2BB%2FI%2FzGeVJ99oVqvYF%2BaXAiDAjk4g1A%3D%3D%7Ctkp%3ABk9SR4jf5_GXZw
Supreme Blank S/S Tee Black Mens S Brand New In Hand Sold Out,,£10.00,+£2.94 delivery,15 Feb 2026,18,New (other) ·,https://www.ebay.co.uk/itm/177474188452?_skw=supreme+t+shirt&itmmeta=01KJZHSXXGA3HADK53D86BW0Y0&hash=item29524934a4:g:BNUAAeSwRbxo5oXO&itmprp=enc%3AAQALAAAA0GfYFPkwiKCW4ZNSs2u11xCi760v8ZtHjQ6uYI7ctlkS4gi6QEh6UU%2FWca1ipbO7Wziq5peVR7GXDiEWTA2iV%2BZDcHnFkvIszkSgXyWDeQtP5UOLAgmjVU%2F6Uk5uuBVORJnYfN5Fcd3Hceg5o7aBtlWI6eYOX0tf5gYpvb7W%2Fm1AGqVIi0plki43DqiHWs3ZCFLJ%2BMzzBDwNv%2Bj3zYJfEaq%2Brj5QYQ1WtpAaC82AKfpC81PT3Evh1ve5ondafHM7L27TJdjzIxJhCwKKQUPcqes%3D%7Ctkp%3ABk9SR4jf5_GXZw
Supreme Circle Logo T-Shirt 2015 Black XL Used,,£6.53,+£3.38 delivery,15 Feb 2026,18,Pre-owned ·,https://www.ebay.co.uk/itm/267570985838?_skw=supreme+t+shirt&itmmeta=01KJZHSXXG36HTTVWKM8A3D3GP&hash=item3e4c793b6e:g:nu4AAeSwRUxpf2PK&itmprp=enc%3AAQALAAAA8GfYFPkwiKCW4ZNSs2u11xBknxLSUqCM8tbB7PrEeNw9sww4ivuba6R3BEmKXdIV3G5Wm4OkRu5KwFGfoJYM6MaxMV%2FaG1moZuij7OvFEzSHb%2FSTSVIL36XB%2BKrLGG%2BVl%2Fxtzv6O18wG%2Bq5NwguSluxtz%2BVJvTGPBUnTTKoBJDvKPf%2F6x51Jv30%2BGPpQtls4L4V0YInJ7jXhTJeVBfvIDijmj8bTi2MmXG7oFIhTawyQ5euMh6yDFTa2MLjVlWWslDo5h%2BE2RDWC7X%2F9IaxRykxHqUqSYVOmFs7GrAWtbpRyNtrSNWeWcNtdZVDPniZbvw%3D%3D%7Ctkp%3ABk9SR4jf5_GXZw
Supreme X North Face Graphic T shirt Large - NEW with tags and stickers,,£42.30,+£2.94 delivery,15 Feb 2026,18,Brand new ·,https://www.ebay.co.uk/itm/358189984109?_skw=supreme+t+shirt&itmmeta=01KJZHSXXGAZ6VYRDA4VT5Z1AB&hash=item5365c9696d:g:pO4AAeSw3tRoXnSH&itmprp=enc%3AAQALAAAA0GfYFPkwiKCW4ZNSs2u11xD1gQHPWW1oMBKxKNhDEpqf0a%2BrySJo6mC8PqsTxU9R6lsJlhpl2NRi0qLDKnHXVMCSMSYgZY47D5xle3%2FCwXRFEjSP64cZZMBkgkaTngDuPMuulDUav7qeRD4rBCsQH0RdaE8CojlOfT%2FKRWDQzggNMnlu6RK11MIWonlpFsR8C6sTCeBoce0mb0Gtp4raSvyngqFC9qxADHba0js1jWnt8qkLVWwqXoZcB8dy1u%2FfmXGOr8JXgWen0l9N71wciMo%3D%7Ctkp%3ABk9SR4jf5_GXZw
Supreme Mascot L/S Football Top Size Large,,£94.30,+£2.94 delivery,15 Feb 2026,18,Brand new ·,https://www.ebay.co.uk/itm/157675042489?_skw=supreme+t+shirt&itmmeta=01KJZHSXXH7DRB68D4JPZ423KG&hash=item24b62a36b9:g:88QAAeSwTpdpg7eW&itmprp=enc%3AAQALAAAA8GfYFPkwiKCW4ZNSs2u11xBlLkepZcIuFSP2c5dhQ9dRxGHOexlrBwMdGmPoB%2BZlxE3qM%2Bpm39XFBOIj%2BXRVNJMZRLbFS0v3FgwAoWSD4VprRl24mzaOKZMmqASwhkP7DPapM1z2sv4y7KZMpxnKhCYb61pQgwLEF0ZLoaANWAtlwTc%2BSFgAn6bVmNDNkoulEX%2BN2DkNgVl6JUo1SM%2BHSEVPlecx%2FbMTxRH4xHrGgsJySbgGk6v1Gv%2FPUvSs2%2BTu5aXJA9usgaoFUTBxLrPnof4CPGuJ6vagtrmpv9RNNbEkpkx0bdFBfbLBjftRJJDuog%3D%3D%7Ctkp%3ABk9SR4jf5_GXZw
Supreme HYSTERIC GLAMOUR Mesh L/S Top Jersey Black IN HAND - LARGE,,£125.50,Free delivery,15 Feb 2026,18,Brand new ·,https://www.ebay.co.uk/itm/356682745822?_skw=supreme+t+shirt&itmmeta=01KJZHSXXHE97215NF62VK95ZT&hash=item530bf2c7de:g:2AAAAOSwXfdnOJQT&itmprp=enc%3AAQALAAAA8GfYFPkwiKCW4ZNSs2u11xDSTbpCIM%2F7P76K2fqcaTUezCYu00vC05ZIQtjYwYqjFOBCRcxbXZEWl1NcAzrxtgOOKLnxiEJOV%2BWP327uYkGCe%2BgDGlUTK6Q%2BLJw3OerCexC0ibHSqfOEE%2FL%2BEoGJoTuciELhpVAGXIW6uUeC%2FTZ61EmVQWPfZbAdpfz1GnUeSUaRjclvJBEpvpXFk7wpi07YPCCGqO%2FhHA39xYzLlt4kCGKZKGLKDtVptSm1gmJQoPq0iAm5QVo8IgodjZF2t3SmTzasaL7ynikZQx8yIEPuifmJrOG4xHKI5V%2B4NWwCww%3D%3D%7Ctkp%3ABk9SR4jf5_GXZw
"Supreme black cotton short sleeve t.shirt, size medium. vgc",,£11.54,+£2.96 delivery,15 Feb 2026,18,Pre-owned ·,https://www.ebay.co.uk/itm/257350867737?_skw=supreme+t+shirt&itmmeta=01KJZHSXXHJ1DQ4SWRNP7QMJNQ&hash=item3beb4e9b19:g:bRgAAeSw4-xpDMR~&itmprp=enc%3AAQALAAAA0GfYFPkwiKCW4ZNSs2u11xBAuwLJuCvH7BghrKsJQXSKnMlsuoEt1wWXCaHV9Yk2cq7T%2FNlx7AOoToeCMARpfBG%2BcS4c%2F1YeFjen0mPgSlNtxjBHN8A42gaoGHdyxcY6S3LX%2B0EJkmWhChoOHSNoKuko6i1J8KnQKA0HQLXk%2Fk1NNOC0oE0bBQlWAdCPPCVJtFNasoCedUs5fxtb4H10o%2FPkK6L5CteknKuxQ5yTDcM9s8LTCp70udCGTGWpq82BJ%2B6cFBS4NYPMvchqdpLgJGc%3D%7Ctkp%3ABk9SR4jf5_GXZw
Supreme x The North Face Statue of Liberty 🗽 T-Shirt Black Size Large | FW19,,£21.50,+£2.70 delivery,15 Feb 2026,18,Pre-owned ·,https://www.ebay.co.uk/itm/227208363805?_skw=supreme+t+shirt&itmmeta=01KJZHSXXH3Q2K70R4PE43J4FZ&hash=item34e6ac7f1d:g:n9wAAeSwlrFpf1ID&itmprp=enc%3AAQALAAAA0GfYFPkwiKCW4ZNSs2u11xDC7NsNWXiuFySlM8aqdfBgye9IxhBhb5jW8p0gZbi2kzw7AyYJGurNP3TRSINB8Wyed92RQluWKu0BSszMSnRHQeN3Pucek%2BrWAMQbuXpouDEl0movvP%2BUOYumVa9ydGLTkhnE7y5dKorCxx0xy7vUYmsy7%2BQLctyp4myrH18vcLqzepVe%2F74J6PWmV1g7uwY84P7lVqoDwL4DnCxLDDLi3R2PEWGxtFTh7WWV8%2FVd7LOffz5%2F9IGrF8bs5mEYF%2Bw%3D%7Ctkp%3ABk9SR4jf5_GXZw
Supreme/Wu-Tang Clan RZA Tee Black Size XL Brand New In Hand,,£70.00,+£4.50 delivery,15 Feb 2026,18,Brand new ·,https://www.ebay.co.uk/itm/306576356542?_skw=supreme+t+shirt&itmmeta=01KJZHSXXH3ARD4ACJRD2A32Y1&hash=item47615ff4be:g:bdsAAeSw9vtpBFFt&itmprp=enc%3AAQALAAAA0GfYFPkwiKCW4ZNSs2u11xCuzfVYTauORzNAApxH2DEbGIjw2ZFkNeBI%2BBlyoRM3N6dCXIK6i1%2FFKOZtNUio3FssMc9EyESf9z1UgplzPa5TPK7IRvYjw1dVbbng9JcvAX24CAoGpfQRmAYMfjX5vbNwVN%2FT4zoFmtQ5%2BANYFsC7LoC27vxxNgYxATlbAxHs6HzhaHg1yMvGFlE6OuFKnqOvUk9yIgzOCT5paq5qSFZIh%2F2hs2IA6y%2BAxxzNod9KnbyUJeox%2FZX8IaaKYf5Hmwk%3D%7Ctkp%3ABk9SR4jf5_GXZw
Supreme Long Sleeve Jersey Xl,,£125.50,+£3.42 delivery,15 Feb 2026,18,Pre-owned ·,https://www.ebay.co.uk/itm/376636642658?_skw=supreme+t+shirt&itmmeta=01KJZHSXXHZ4JAN1W17R9JDRYD&hash=item57b14b1562:g:vuEAAeSw-KVo9qG6&itmprp=enc%3AAQALAAAA8GfYFPkwiKCW4ZNSs2u11xCtF16B6cnG4hgVnxgg92Rn3zHtXJ%2BpwV2adiex%2FAL0zGEgfrSwK7rA5euTeK7o%2FK5iiMCyvLgRseBoPAQT%2Fv6If5LFhVxpLqP0SKPjCUnPxr2EDB4wg4CIIukCp9W7tpZ0l3Wl0e1DJMI2ew2WeSEnpKvZO9q6PvyCoeGF1M0UmRoFWfQ3Y2JMFb7NL7CSd%2FM4hqdmv9SA3NF649WHjnOhGf6a3UazoflO8m%2F1qhEojQOwc5RyguzIEVyK9kUoQS5TRL2Nx9fItnUSI5puAcvugQdRECWCDe%2BV79Q17NREbw%3D%3D%7Ctkp%3ABk9SR4jf5_GXZw
Supreme Tupac Hologram Tee white Size Medium,,£55.00,+£3.50 delivery,15 Feb 2026,18,Brand new ·,https://www.ebay.co.uk/itm/317506250359?_skw=supreme+t+shirt&itmmeta=01KJZHSXXHJRPHKR2123N6P0FF&hash=item49ecd8e677:g:5mYAAeSwDi9pC2CK&itmprp=enc%3AAQALAAAA8GfYFPkwiKCW4ZNSs2u11xB948k1JP5ZjS%2BoALM0YvwzmBtiGnmSRhaDo7EVwI1GLkH9sFqxOdywGfPmB2t%2FprxIkfiSOV8w2vuuHCjmy%2Fasp0EvpWOGD3QjdoR90TlmgGSnz4ouQ5GUnmlYJDSvQXejPXiW1HHzUpwe6qpn7Rm9hdX2VqjvI21Jlbt79PToEd%2FnUjxNL%2Fd2f6zd%2Fhq2VWbgQ%2FePa82anEjNRy4gY1MdCLoVg--6FHjniJEAsl01hpCDP7QivVRiNN4OPmFfQUQtSECESj0%2BLU1js6Q0a1Pr5Q885d8kz66Mg86sUBAB%2Bg%3D%3D%7Ctkp%3ABk9SR4jf5_GXZw
SLAWN BATPREME “SUPREME” T-SHIRT LARGE,,£22.54,+£2.94 delivery,14 Feb 2026,19,Brand new ·,https://www.ebay.co.uk/itm/376779437352?_skw=supreme+t+shirt&itmmeta=01KJZHSXXH16R8WCGKXYNXSVP8&hash=item57b9cdf528:g:r2gAAeSwoSdpQCGB&itmprp=enc%3AAQALAAAA8GfYFPkwiKCW4ZNSs2u11xA7iHaV6%2FT6ATtGQVvZ87DpjP5wRDEPLdzBXFu6g9UrjNo0S7XtKKzX6Sm6jmaKgQyCerZuY3bfZZ0xXhRFNrWufJacvxys3DanDZ11XCvBFMBII3UGVZPqYoTQDZBD4vi%2BydKL1TYs59r2aMMyTCbls81Uk5N3elKbPopIN3WJTze7fJXsZOIc5uNO2eqsNKUYA6tprrZnvYfj4kiI4gcqfFR%2BwGEmv1NBBqZIV4yJiSSuRiiQI%2FdTVVUDOu3A%2BvSBvZ711nE7%2BAtUdDZyYfQDlO2%2FveBkciSjETrxh%2BqB4Q%3D%3D%7Ctkp%3ABk9SR4jf5_GXZw
Supreme Casual Grey T Shirt Size M 90% Cotton /Ak28,,£16.14,delivery in 2-3 days,14 Feb 2026,19,Pre-owned ·,https://www.ebay.co.uk/itm/356377189939?_skw=supreme+t+shirt&itmmeta=01KJZHSXXHAC7XFGMYPN74BFW5&hash=item52f9bc5e33:g:mA8AAOSwbZpnXzJ2&itmprp=enc%3AAQALAAAA0GfYFPkwiKCW4ZNSs2u11xC%2B5Q7BzJawvGhan1VJSGt99oHEIB3DiTivsgUZUxsUDrPXKb2M%2BytoX7ywikmPdxNg1dkMiAdLbn%2FmoDjP13mNZBsHZiN3W3xSlvsOt8B54fkQioKnIeZ00z3Cv2tm3cZU8Cpqe7NO54JE4AlH%2FcUBWjelMMTrEpeeclzCNLJJjULiLPodtR%2Fcr%2BKD5%2BtTU1vX52Ui64MWxamKdLdZcK8OuclRVasCGle4K05W5ii9i2Hlx828CLCfexk4DpldqPo%3D%7Ctkp%3ABk9SR4jf5_GXZw
Supreme Taboo Faces Tee FW18 Medium Blue Slate,,£12.50,+£2.94 delivery,14 Feb 2026,19,Pre-owned ·,https://www.ebay.co.uk/itm/227216901332?_skw=supreme+t+shirt&itmmeta=01KJZHSXXHJR7DR8AZBAX5F2NJ&hash=item34e72ec4d4:g:c9QAAeSw00hpfftE&itmprp=enc%3AAQALAAAA0GfYFPkwiKCW4ZNSs2u11xBsU8vjQdONXWWu3%2BPJracLVklAVZkGoyRXMP3Hqw3YUlEAU66fRLbIJyyUVlVS%2FGdzXdNOdwsfSFXhbnlV7hXL9lmfOl6IFlDzdNniaxpUUzMCUZusfemhZwzUBUlslfX3BCpsruSnFZ%2B9%2FQhNO8T7%2BP8OChvGabIEfvlhXlm6XM5LUGdguWZ7iUu0aSpeuwYqtUWr9pqTXDjEfAtgwx70lqr5vW7KgJu%2BTtlNXVIa0M%2BWf9%2FF2i3qAeABXmMEtxQ%3D%7Ctkp%3ABk9SR4rf5_GXZw
Supreme Mens Dynamite T Shirt White XL SS19 Streetwear,,£10.53,+£3.38 delivery,14 Feb 2026,19,New (other) ·,https://www.ebay.co.uk/itm/117028032824?_skw=supreme+t+shirt&itmmeta=01KJZHSXXHPR70REP0RB3KB7SJ&hash=item1b3f6a1138:g:PG4AAeSwdvppidLB&itmprp=enc%3AAQALAAAA8GfYFPkwiKCW4ZNSs2u11xAKqAUHH7%2BLGZvu75nWuC046AK310sr8VCGwKlfE9W2FvT41enFcFwloeB%2BfjbzIpvn6DdBHhVi6Rl5shIcFqT6m0PpYfZALM3qiX5T%2BiUfL9WMlE9aIMk4J8%2FemtIt2IcePWJ1kt2X%2FXHIeVW0135ABEjGVRyLh4t7g4MP7FYCxJ8tNSxp%2F6K0kTNSVCGE32kZThRgVUzXJKhK2DxQFBgJtUAmSc2x37VFwTA9yd%2FOTeV2nJfmIs7xjOqKMF4%2BnnDtbcR6Rk3oENuvHXNcDMeKI0MWn6nta4lxkyi1Sd26eA%3D%3D%7Ctkp%3ABk9SR4rf5_GXZw
Supreme FW18 Liquid Swords Tee Dark Green XL,,£186.86,Free delivery,14 Feb 2026,19,New (other) ·,https://www.ebay.co.uk/itm/296832751318?_skw=supreme+t+shirt&itmmeta=01KJZHSXXH8RFZB78XRJREFV91&hash=item451c9c56d6:g:XuoAAOSw8m5nQJrC&itmprp=enc%3AAQALAAAA0GfYFPkwiKCW4ZNSs2u11xAeZ1wK92K3L8o%2BJ5lBUfoVm%2BReAueq5k3YeBbAgfh7ulknQL1F62266bH3EtoEjYoOK7N8a%2BcCtm4DcIFwHenvXC0FIVFXhkztybUpHC%2F%2BsCrQzcg4Wr7EREKnXRbRt3ZCGsoopP7kTu2QQGcRCovvAsDe6r4H%2FrEsEwhquCyKZ3sUTmMiANw1Y4Ulq8wDK5sbWPQUZGBZ26i1IpvJrNai%2FIFNxt1O3e%2BruO7HlvrOixHpZRoBZHssm1PzsiCohYw%3D%7Ctkp%3ABk9SR4rf5_GXZw
Supreme T Shirt Washed Hand Style S/S Top Black. Size Small,,£63.10,+£2.94 delivery,14 Feb 2026,19,New (other) ·,https://www.ebay.co.uk/itm/127429311299?_skw=supreme+t+shirt&itmmeta=01KJZHSXXH5WX78M8QPJ3JWYE9&hash=item1dab60fb43:g:-pUAAeSwlnxo7PEF&itmprp=enc%3AAQALAAAA8GfYFPkwiKCW4ZNSs2u11xB%2FPD%2Bp895cEqsYdQGMN7JojMvqKqjkqGpqksxDwzQnYtQimPDsAGE4DtC%2FIQ%2FyKQ9bEaqMtbyf%2FC217X388lNkKstCirRwVRJVVgiF%2F9W8ikFCfTh3PaBQi%2Bnwjrg1XQ4nXoUVzkVI3Ku%2F6%2BGTCpYQqVory3pbozOeI8zfTdXkZwXEzND3hfRpbv8X2jQ6z6uwQkxsBb9ED6W%2Frfd6OrmHbpP8bq7VvqjdF%2BI%2FdqOzNjKCyZ1q%2B6gYvZI9NcEKj1Y1Z1sAbW%2Fkpc%2FtEBHn4U8tJNMRq2YZjhT68PoJDHYK%2Bg%3D%3D%7Ctkp%3ABk9SR4rf5_GXZw
Supreme Affiliated L/S Football Jersey- Black - Size XXL,,£143.70,+£3.94 delivery,14 Feb 2026,19,Brand new ·,https://www.ebay.co.uk/itm/167390726277?_skw=supreme+t+shirt&itmmeta=01KJZHSXXH8T9023W4C5VX5X4M&hash=item26f943c885:g:oMwAAeSwTMxn3EJZ&itmprp=enc%3AAQALAAAA8GfYFPkwiKCW4ZNSs2u11xC9ORrpo7PJknlI0ox%2BBic00AEzLDWWcTuwsB6%2F5e8HwE0OPQvdYb4g2uaVsIJueNWrtDuO5t3TdwzAvBBQDh6pHD8iXc294J4CEtIpKMOy8NuxqIEnY41Ev%2F3SbEC1AN%2FrETTLW%2Fit6PgsLAocbZ2DDjdprRLi0uuXbvDEmeZ4J3%2FF%2B7ngQ9YZhHUxEv6YOBV7fGfTT0BglprmxVddQ5ijZN3wWrunczmti59RDq%2Fkc%2BDskp3jY8LzFGwoDsdlqrVL0PNRUagkTJLCrZuSvGG0qLEA2orBq%2FZaa2K08si2bA%3D%3D%7Ctkp%3ABk9SR4rf5_GXZw
Supreme Raphael Ninja Turtles Grey T-Shirt Size XL,,£26.70,+£2.94 delivery,14 Feb 2026,19,Pre-owned ·,https://www.ebay.co.uk/itm/358105299821?_skw=supreme+t+shirt&itmmeta=01KJZHSXXHBND85F2SG4SEYMVS&hash=item5360bd3b6d:g:eVoAAeSwA-FpY8QM&itmprp=enc%3AAQALAAAA8GfYFPkwiKCW4ZNSs2u11xAL3NeCXmMnmQfe15pHA9khtSvgy%2Fv6DyqbooXTPBnoypzPGKVR4316IfIQ5V4qZrK5%2BVMyY88wyAGvYdWGECiQpW2GpuQUUJ5LSRZ7Lli7IiHgFBOV2F7WR3ejM4iADQnp30RSLzjslhEJrlDDIowY72z7wJbHFtvPsvJPcfrq5f0nuVaYNv5eC%2FxkWrz%2BdqHZH0XpwWnNStjVfo7FQxtVmvYUzgQoD2ibozBTgC4FFkqRnrfa4dGGfdxx%2BekhrUhHGvOq9kn9rlehqW%2F0VjX7uwS4Q%2FZPQXHqvjOhq8--wg%3D%3D%7Ctkp%3ABk9SR4rf5_GXZw
Supreme S/S Pocket Tee Large Teal,,£26.70,+£2.94 delivery,13 Feb 2026,20,Pre-owned ·,https://www.ebay.co.uk/itm/227209983037?_skw=supreme+t+shirt&itmmeta=01KJZHSXXHRQ9GBE102F0PRPWA&hash=item34e6c5343d:g:aUkAAeSwCEdo9ra1&itmprp=enc%3AAQALAAAA0GfYFPkwiKCW4ZNSs2u11xAwFA4dXlp7nsCDcVM7ACq1HfdEjm5s%2Fy9Zxlj%2BjGsH1SaYpQk6%2BkEO6Cmm8JdS3YAEe8ffQI%2Bm75bzu59wMp6MHqZCGVB0nVcLKzhyg%2FPA9fp7%2F3Lpdhl%2B66apDlONuaWYGk5ux2h7QkOVReYKvF8uzQiOwma1rEeeVLwYzfApq8DcSnPWlX46E%2BdNWu3pw1z7armDX7sdUMD0hRs6NwXWN4EmVgE4I%2Fit4gutaIzP%2BFFN0n0pFgkVQazjyF9RGI8%3D%7Ctkp%3ABk9SR4rf5_GXZw
Yohji Yamamoto Tekken Tee FW22,,£94.30,Free delivery,13 Feb 2026,20,Brand new ·,https://www.ebay.co.uk/itm/365019816359?_skw=supreme+t+shirt&itmmeta=01KJZHSXXHQ4C9XYZEJK24YTXP&hash=item54fce061a7:g:Km4AAOSw31JmmlAN&itmprp=enc%3AAQALAAAA0GfYFPkwiKCW4ZNSs2u11xAXUz623VpN5rYAiK54exqVlMau2WoiWP2Qsgzw77Cd8Pg7GIiV7evcrPX93FM97OMWnT%2BUbxzIP6E3uGHofpz2IZFAKI%2BinWA7sT2rohKlLSXyBvfw8K7Ojw74p%2BWTNO35y6ENOx5bbtynqvZBH2HIw%2FqyAvNgJFw5EnBBIAxrQlOGr9fm6kLLAFkMxDj8EJW3N0csYx62K4ATfUsl7TNDiezr1yAPA4hm0TkkiFHF5GN7OoPJhlPiKwhOKg12adI%3D%7Ctkp%3ABk9SR4rf5_GXZw
Shop on eBay,,$20.00,,,,Brand New,https://ebay.com/itm/123456?itmmeta=012DEW30YG0MEEKND7NH&hash=item123546:g:acwAA9KNiJowH:sc:ShippingMethodStandard!95008!US!-1&itmprp=enc%3AbgepL1tlUHjMGCVfSTGJh%2BzsVKeJ3CQk7NizDI4BZeppuFnmyS6Ijyp8lh%2FnEw%2BWqO7uTV1Q6izE1R0T54aV8j71F4xlWfVcGft4%2FiOQhtqVXA1rW6M1atPARQRmhqUxtEPJKhKtSFgI%2Bvwlzb0GwVCtkp%3ABlBMUObkmabpYw
Shop on eBay,,$20.00,,,,Brand New,https://ebay.com/itm/123456?itmmeta=012DEW30YG0MEEKND7NH&hash=item123546:g:acwAA9KNiJowH:sc:ShippingMethodStandard!95008!US!-1&itmprp=enc%3AbgepL1tlUHjMGCVfSTGJh%2BzsVKeJ3CQk7NizDI4BZeppuFnmyS6Ijyp8lh%2FnEw%2BWqO7uTV1Q6izE1R0T54aV8j71F4xlWfVcGft4%2FiOQhtqVXA1rW6M1atPARQRmhqUxtEPJKhKtSFgI%2Bvwlzb0GwVCtkp%3ABlBMUObkmabpYw
Yohji Yamamoto Tekken Tee FW22,,£94.30,Free delivery,13 Feb 2026,20,Brand new ·,https://www.ebay.co.uk/itm/365019816359?_skw=supreme+t+shirt&itmmeta=01KJZHT5VQVZ7VF9A43V255E9Y&hash=item54fce061a7:g:Km4AAOSw31JmmlAN&itmprp=enc%3AAQALAAAA8GfYFPkwiKCW4ZNSs2u11xCl65O93bLKVSkWS5qGJCHW0T3AwNKiFOn%2Bj7z7rccrKrn67hl4fCyzj6rL5185FA%2FNmJhE1sN5MzS4tUvEjkPYqqSwn%2FwSDjmzbxetOCe79qAsc3bJRcb0kmH7u9Cifo1bt%2FQhAbLOubB8naVKOmUJBfi7YlwcmrKAOAygfh%2BQX3%2Fd8MByEpvNjC%2FfFreYHHIjOPXE9NUKiDelkAg0ubnL2BypaQRgrSgHLfcPj%2F9fHng5%2B4NYbD8%2BPjIni7D%2FN0yqWfFponhmFZa8qwnkPzzYbVZSHVmXBIdjrGUCA6YSGg%3D%3D%7Ctkp%3ABk9SR5Le6PGXZw
Corteiz Supreme T-Shirt (Medium) – Brand New White 👕✨,,£35.01,+£2.94 delivery,13 Feb 2026,20,Brand new ·,https://www.ebay.co.uk/itm/205693207740?_skw=supreme+t+shirt&itmmeta=01KJZHT5VQ75BD9QP6B28HSVWT&hash=item2fe44544bc:g:MDAAAeSwdOZoreyg&itmprp=enc%3AAQALAAAA8GfYFPkwiKCW4ZNSs2u11xAWZg%2FGZJ07RZeYRpovhQo--BSyFhcvE3KGlHwOlrDX2nT0fE82TzJAfDr4xWsMxtdxQIiMyFId6X5LRhg8FudULpgA1mlIEWRzz9Nq3CozljS89sc6QlPX6RqPyfeDNc%2BQLiXmxk%2B7un4sg%2B0zXgi3aZTezkCHEjgny4pvRs%2BCGZnIltKE%2B1jvFZmiT%2Fv2jd%2FdGMO7eap4QAxqoA4L1QyqtiFqWoRpmPCOaMitsL%2FCVAqWGEYP%2FB%2FA9WJ%2FWNnBv0sDva%2FvR4YL0W5QGFmFwKsJgun%2Bw5IFui821U4pA0bcgQ%3D%3D%7Ctkp%3ABk9SR5Le6PGXZw
Supreme Texas Chainsaw Massacre T Shirt,,£31.90,+£2.94 delivery,13 Feb 2026,20,New (other) ·,https://www.ebay.co.uk/itm/406666195295?_skw=supreme+t+shirt&itmmeta=01KJZHT5VQMS6MR9HEX27K3GVT&hash=item5eaf31b15f:g:ck4AAeSwophpgmEJ&itmprp=enc%3AAQALAAAA0GfYFPkwiKCW4ZNSs2u11xAa%2FHqUlCzva57eZA3TEf1RKRWSsz8p8XmWeY27ZhrEmKu355Cq8nOhJtBrSkwa5wIsLPw5luhd8aBoJ171gDuPIBQ9jglGCUXqbJIcBDFTjdUjtWIupQKsUzzWyrLgwS%2FHOEYYYVejcwwMKiWNI0bfbuYSt3AlGdsvWQfDENQL%2Bg%2FC8VvpNWH1jPuz3qVJamrlwW6A%2FSBLXSZXQV6JR93Q5oTKy0NxxqGRtvVHsFMztIdpDCsLLDvF2DbIWbwc5nk%3D%7Ctkp%3ABk9SR5Le6PGXZw
Supreme Box Logo Long Sleeve T-Shirt Orange Size XL Brand New Deadstock,,£156.70,+£6.16 delivery,13 Feb 2026,20,Brand new ·,https://www.ebay.co.uk/itm/167395244773?_skw=supreme+t+shirt&itmmeta=01KJZHT5VQNMFJRQGAWSP6Y2RF&hash=item26f988bae5:g:OAgAAeSwMeJn3vPw&itmprp=enc%3AAQALAAAA0GfYFPkwiKCW4ZNSs2u11xBHAFtcClsZUBTIn%2FHyvHVkY5WFa64VWvUZdqRF%2B55l7WmXCZ4D%2Fz2EcTdeX1xqQE3vqjl588j1C1251ltnrBh19tN8FqHV7bL6FYJTlvk0KvtywOCXYWPpj6taXjG0OGvgWqK8mkBJnJdV2ANxOdtDWGMoIUxHglh30YYHjHxs%2FgnTigjjvwntsDUbyKAzEKspn3mbvz6qNHOp%2BEL7FttxGQWTtxF2eqEl4otltRdbQLJJIiY8XGjq%2B%2BZdMwSmAkQ%3D%7Ctkp%3ABk9SR5Te6PGXZw
Martine Rose Football Jersey,,£146.30,+£3.42 delivery,13 Feb 2026,20,New (other) ·,https://www.ebay.co.uk/itm/358187371991?_skw=supreme+t+shirt&itmmeta=01KJZHT5VQ64SVH0QMZKJYWZ15&hash=item5365a18dd7:g:dJcAAeSw0clpgwXE&itmprp=enc%3AAQALAAAA8GfYFPkwiKCW4ZNSs2u11xA9yrLMwVkCCuIQ7t6DB81NWtY74lp6MFdj%2FVcfp3svyN00P9%2FPTe6YHhLIhwkGMPo8BOtZ5Ctp5cEAxGhB7YcG4IWEd2GssTRxUtHTwU33RQHoLhY4m2QHQQear7ELv9Z7YHj8mGNRZwdqlTuCSxhexQNJwIVrOjZx3z9iNpDWRcF08LLdbDfbdOCixH1Y7lQQXvDis1e6J2ANnPn8Cwb22DVrCf8iCaUM7QoPlJLcZmVaplTuFa87y4UiWv%2F%2Bo%2B%2FI8OtB24a6kBzt00bAe4kotC%2FtUpBKcPsd43AhtEhMMw%3D%3D%7Ctkp%3ABk9SR5Te6PGXZw
Cradle Of Filth Supreme Vampyric Evil long sleeve black metal ukbm size large,,£25.00,+£3.38 delivery,13 Feb 2026,20,New (other) ·,https://www.ebay.co.uk/itm/188054235274?_skw=supreme+t+shirt&itmmeta=01KJZHT5VRVANJAVEV1TW2515B&hash=item2bc8e7e88a:g:TskAAeSwsDBpjoe2&itmprp=enc%3AAQALAAAA8GfYFPkwiKCW4ZNSs2u11xA0ichHw9RwMEwt15nzKOOQ0vn%2FZzZgezAonf8j%2Ftith2nOIpULved6uIl17PfQUJbhn95Iuco8CpVhhHnZsloECMLHnawTXLW45z3qyEpjEXTgdx94ktNXlneb3XiEhbisszRAg82%2Fav6ivTYY4Co9TcVD7IGufHUMKLB4Isg2bZtKtvbyHaM7Awqe0%2FUCNpkJW7%2B9MFo24rizQFlPudS0VIgCkGtQvgZkXrRcPoadmx8f08fGDW4HNCLUHOpLn8O5sY%2BuwCrmp65cJ1p2dInlDj7gvfSoGAGwe6rS8Z8ZWQ%3D%3D%7Ctkp%3ABk9SR5Te6PGXZw
Supreme Men's T-Shirt XL Green 100% Cotton Basic,,£33.50,Free delivery,13 Feb 2026,20,Pre-owned ·,https://www.ebay.co.uk/itm/177774102798?_skw=supreme+t+shirt&itmmeta=01KJZHT5VR4NGBDHSAJJ85663E&hash=item296429890e:g:i1IAAeSwV71pZkoo&itmprp=enc%3AAQALAAAA8GfYFPkwiKCW4ZNSs2u11xBTljNpTqQ2v0TY5Js5uIafwwO2x9rt98L9FAsSC0HIBb0xnUb0VNaV8alN7bohzJnT2M8O6d1iV31I0E7%2BkClwycWqEtK8J2Tdh%2B6Y%2BlCkMVnwHoxVrcrMFs%2Bg3NbSYPzG4jHvdsrOJNVolqjw3vDRDoN6M8mwm9OYD86zpCpOvP7XMqBvSrzkk7p9%2BthXtw5KNIgQBOxTh%2Bw8r6OxZOxGEjjmxjZPSh7RcpUkfbXogEVkLltWSVXKBdFgZ%2F%2B33r8n5ZILUSaO8lucY5ZjcLRGUxSxjzVyanhFjKlPejAMiw%3D%3D%7Ctkp%3ABk9SR5Te6PGXZw
Supreme Aphex Twin Thermal Longsleeve,,£47.50,Free delivery,13 Feb 2026,20,Pre-owned ·,https://www.ebay.co.uk/itm/206063373800?_skw=supreme+t+shirt&itmmeta=01KJZHT5VRH6N4VGAS7RD7Y0QY&hash=item2ffa558de8:g:UDMAAeSwrilpjDQb&itmprp=enc%3AAQALAAAA0GfYFPkwiKCW4ZNSs2u11xBbyCBHMhlqF96%2BAMoNSAhTLMkYMQ2KWusVKysSSZtsAeU%2FYaPXUs%2BPLTWV8nOEK48ZbG25r%2B30rbwtttWJA1C%2BbVik6v6FSbs%2B9%2FH4XXx4B%2BAzBoMAkCx64UuP2yXwy4E3tmFjeLO--tgVbPG8ZvQTXskXbGmIXEFWlfx7eDzQvXH4xfvsK1QPgH6uJUPS1Jcwv7a8TFa6H6jldlTolz0mxKmxaaBa63mO6emCijRIYYJQHcvog4oWixj4T3kkeWI%3D%7Ctkp%3ABk9SR5Te6PGXZw
Supreme x Damien Hirst T-Shirt Large Pink,,£31.90,+£2.94 delivery,12 Feb 2026,21,Pre-owned ·,https://www.ebay.co.uk/itm/317124291939?_skw=supreme+t+shirt&itmmeta=01KJZHT5VR23AD78YW8SVB47GQ&hash=item49d614ad63:g:HxIAAeSwI2poh7Xc&itmprp=enc%3AAQALAAAA0GfYFPkwiKCW4ZNSs2u11xC2Qz4iwsPbWAIRF%2BIyudvyjJ%2BX36r4TUapJudYM%2BxZj82pB%2B43hBtp4dURA6geXI2Ikt55kEMhGohn1qrk9ea8oiH8q2AmtTQW%2BKwfJ8Xq4H%2FU3gaJitlq149PSkplErllOoV66uvaK5lyPPlccZV3f%2FymcoZ4Kh7wezqfYYuYU7EeI2UVdCw0QZilj9Mc0YBGHGVgJmn396ch9oZRK0QO9uzh%2BOr%2FHiW%2BkQuOMUPZtS6XQu9VCNQq4Ce0UnI2rwQ%3D%7Ctkp%3ABk9SR5Te6PGXZw
Supreme Kurt Cobain T Shirt Size Medium,,£61.02,+£2.94 delivery,12 Feb 2026,21,Brand new ·,https://www.ebay.co.uk/itm/157327439088?_skw=supreme+t+shirt&itmmeta=01KJZHT5VRFDFFZHXEC35SGCD4&hash=item24a17234f0:g:M5YAAOSwaKNnH0Ze&itmprp=enc%3AAQALAAAA0GfYFPkwiKCW4ZNSs2u11xDyOl0ozzy%2Fc3sn15rilmg3zf1s9JqF07gwIQkWARibZtftL2nxzY%2BlFlPqyT047MAVudtwWKoM7PYRCxbyB%2Fr%2FoaBNKosvqYzVrwgM5FTJcOJg6Y5qg8uygO38kvg9tmW4hjOfbajPaH6sFA09KG1amcG%2Bruh9nrITdRbb9gJbcaB63dyF3KTxs0pisFflt8S8DNklMtLzH7ZUk80PDK3mOE6JEcF14UwDbfW%2BvuwUY2BpZqy1h59BbePc21jxXBI%3D%7Ctkp%3ABk9SR5Te6PGXZw
The Melvins x Supreme Blue Bullhead Shirt Size Large. Mint Still Sealed.,,£52.70,+£5.15 delivery,12 Feb 2026,21,Brand new ·,https://www.ebay.co.uk/itm/336422528121?_skw=supreme+t+shirt&itmmeta=01KJZHT5VRYZKZY32SMZXF55MJ&hash=item4e54586479:g:MXEAAeSwRqVo9iWV&itmprp=enc%3AAQALAAAA8GfYFPkwiKCW4ZNSs2u11xC6P%2FDbV0h2zbNVQKcagCN74LzaYP2Q%2BSviuR4Ibz0oRrbrQGzZ9s19c8B3kUAnBLALNwkEZY6d4xrAdH23FbBTHOPVrX3fdW4OwqXmgHEUoHE%2BJpH%2BsF5EJsB4uABKjj45rgM3DCm6w9m1VOd21otZ%2FRs2xtEExg5%2B%2B%2FNWRQ%2BEFA6gFG1C1VE0RJjqmNy14NdiDRTXCEJ8EkCq6HgIK04z20OLVD31uzdCykiuXqmr--Qk7x5KgEbAeU6l9NqYfMFpvFuomQyc0pp8jAJg7TeiDt2U0i%2FTn%2FzRxbS8K5rd%2BQ%3D%3D%7Ctkp%3ABk9SR5Te6PGXZw
Supreme 99 Longsleeve Black Size Medium,,£39.99,+£2.94 delivery,12 Feb 2026,21,Brand new ·,https://www.ebay.co.uk/itm/366161990744?_skw=supreme+t+shirt&itmmeta=01KJZHT5VRYHAWRPATY0A86293&hash=item5540f49458:g:gn8AAeSw7hBpfJkZ&itmprp=enc%3AAQALAAAA0GfYFPkwiKCW4ZNSs2u11xB92NdZOLcEM28TyzgPyYLMzUW5IpBwqkrwyolGNXmzboaIE9dq5bgicvcAzOarV0F5Z5NwAK8jtuqtGBlF%2FwwP5QA0hWh5twPaG9r%2BovC7Fyl75ls4QhA8utEfuQWk%2BXuDfmLn%2Bhwsyjbdfk1usAVMBIJ0gL1YumENHtUdLNlQL35MMIujoec6yNcMIsMUcf1yp7XmxyxIyE%2FrQygggFMeiyYl35vG680bmtOLmRdrcuCLRkNz4tk6JKqMiEVnr4k%3D%7Ctkp%3ABk9SR5Te6PGXZw
Supreme Small Box Logo Long Sleeve T-Shirt - Size XL,,£42.30,+£2.94 delivery,12 Feb 2026,21,New (other) ·,https://www.ebay.co.uk/itm/297615614301?_skw=supreme+t+shirt&itmmeta=01KJZHT5VRR78V69QZS9B3M9A1&hash=item454b45e15d:g:lVkAAeSwX-xoyb2W&itmprp=enc%3AAQALAAAA0GfYFPkwiKCW4ZNSs2u11xA6Hqn3x4l7Nuf341Z4rNuylxwrNf41%2B8mum%2FICnMSioOPisFqhryjOFldye3geT%2B0Vs5XTttGqFEyNQm5JoudcUAqP50L541uK26Uz0yL2DvtKG9bClptJpY361QtU9Rsdri7sC8oYFQWHo4QjCn%2F98X6S2sMGG1Wg6hcHMgVpne%2FXPMXsnqBZOJBHrs96y12xnlER4xd0d3QysW%2F4%2BEfj5nDHPOMIhE4qaB%2BcCBXFWOkBiP9o3HIMP2U7sl7OiRw%3D%7Ctkp%3ABk9SR5Te6PGXZw
SUPREME LONG SLEEVE AFFILIATED FOOTBALL TOP 🔥 SMALL,,£104.70,+£2.96 delivery,12 Feb 2026,21,Brand new ·,https://www.ebay.co.uk/itm/287126768917?_skw=supreme+t+shirt&itmmeta=01KJZHT5VRX7EXFV9WZ6XAQ3G6&hash=item42da16cd15:g:zzwAAeSwsOJonRI4&itmprp=enc%3AAQALAAAA0GfYFPkwiKCW4ZNSs2u11xCzXB0sPgg9b3JlQYd%2FL7qUyqhny%2BRyYVCJDIFufIheT83nZ%2FB3m7xZJzEaYEUxWVo0vv7JL2jLnB528LRIcxUfuYnka3evqxGkuW1rHaQ1h9mYnW9Ok9D9j%2BBCD2gIQVoDMhtL567EKEsVwDhVez20mcf%2B393j1HyH%2FAOsnAUu3R%2B1pYu5ZXKyL5lngWOQDLfqXgiI1iJoymQEiWzYKfuAnYCQrbdWK0Zi0zIrmNS8FI%2BanfxXz4EMOMz6NXlXFyg%3D%7Ctkp%3ABk9SR5Te6PGXZw
Supreme Stone Island striped 1/4 zip / Size L / Mens / Red / Cotton,,£121.00,Free delivery,26 Jul 2025,222,Pre-owned ·,https://www.ebay.co.uk/itm/226810867927?_skw=supreme+t+shirt&itmmeta=01KJZHT5VRJEQBZFXRA6PRNKYH&hash=item34cefb30d7:g:bS0AAeSwWGloSsFE&itmprp=enc%3AAQALAAAA0GfYFPkwiKCW4ZNSs2u11xCJo%2FT80eVCejQZOcE%2F1W9ebRhwoMuJfgbUivzImcIvXexcYngoYR5C5vt3MhtwE40XvPGZH3DBxrw3PlEfsXyQjPVY%2B1QF%2F8PtNjmEpAh4XNpawNtysySIzHh7%2Bui0eMgf1mH6%2FHrDQHrym2ftK62sXitZ1jgQCmDZWK9CPlxfXEcdlZ2gCEC%2FFKTsQ%2BiVuv4euFpdz9YNoYpxVG2LuM%2FecDUGDHumq5eTiqBMOOhodqXS%2BeiBW%2FxBFqnCFTC51Kc%3D%7Ctkp%3ABk9SR5Te6PGXZw
The Supremes Tshirt Vintage Diana Ross _ Yellow - Size M - 40” Chest,,£6.52,+£2.94 delivery,12 Feb 2026,21,Pre-owned ·,https://www.ebay.co.uk/itm/389581237745?_skw=supreme+t+shirt&itmmeta=01KJZHT5VR5CMA6TRJ8WKF5CQY&hash=item5ab4d9edf1:g:RwIAAeSwO0RphIMe&itmprp=enc%3AAQALAAAA0GfYFPkwiKCW4ZNSs2u11xBMCOazu4CLXhwXiYYzdCk7Ti9jkkVKpFm3ENYhcTWoPlndtwAejkMelaCy0hkO1fWXPt5TGhsQdWBRVpTXhw4Cns7uhOK1kbh%2FXQ%2BchqS%2B4MdPH8QifzeuPzE0LvHwOOr9NDAKe3GXTTcuT%2BxKq4DSoS2l8YNfbsNCPAPDc0pBtCOoDEH7uQ32eLwgyNCIiBe3N7hY%2BKSLGz1xj6kJ3WfKfo4ISL3qpKdfkbmTfnrsTmur%2BvFyecXmICuzUg3sFlk%3D%7Ctkp%3ABk9SR5be6PGXZw
Supreme Pounds Soccer Jersey Black XL,,£125.50,+£3.42 delivery,12 Feb 2026,21,Brand new ·,https://www.ebay.co.uk/itm/267520237039?_skw=supreme+t+shirt&itmmeta=01KJZHT5VR8MKN1JXMY38SNH7C&hash=item3e4972ddef:g:n2YAAeSwuWVpKdZU&itmprp=enc%3AAQALAAAA0GfYFPkwiKCW4ZNSs2u11xD4ioQcMrWv7RI8yQUHbik7DyeBZP09cUljuQ1Hln7id9JgEZSs%2F1XG%2BjqCrsn5UgibPKmLSuxI%2B0O9d3A0dQFl2T9YrAjikglaAiL2PxZ58q9hBh0abCTL1%2BwwVg0Sun0f4dk3JMBpyXcFZO2981BiGknG1l5N%2FTxt3gFI3Ju5mYETkd0GlVOZ5H2Uj6GbwU37YDO%2BSru7xRkeLn8SV%2BuuNfqEkwiWZq%2B8gWciHr2t8XCHM9Y3t1hHNTqT9Oss2gg%3D%7Ctkp%3ABk9SR5be6PGXZw
Brand New A24 Marty Supreme Golf Wang Timothee Chalamet T-Shirt White LARGE,,£99.99,Free delivery,12 Feb 2026,21,Brand new ·,https://www.ebay.co.uk/itm/376949181598?_skw=supreme+t+shirt&itmmeta=01KJZHT5VRA90CBGFY23WRMBK9&hash=item57c3ec0c9e:g:rB4AAeSwW1VpihiX&itmprp=enc%3AAQALAAAA0GfYFPkwiKCW4ZNSs2u11xAsWtvIN%2Fvkt%2BFUMoxS1HHztzFFYUoT0wvC4JjkHGxR76fs0hbWst5mgnkYd1fRMLAiM7t5KIhRJd3b2wmj09Pglow1x8iBwz%2F4R1UFPAqszKevcIFgxFLU04g9B7YWf%2BGV4vkPCO%2Bn7XzanZ%2FHMoKfkH8Vp2Cv7Q0izb5snEEqTEl5SjoShl2PaCXNXwW7cfmrjDKthNnLqmbQ4LsTxu1SN6z%2BYlch0xEGlg9Hmb6FUyhJUNsty8pMD1%2FeP32MtLM%3D%7Ctkp%3ABk9SR5be6PGXZw
"Supreme Prodigy Mobb Deep HNIC Black T-Shirt Men’s L, worn once",,£42.30,+£2.94 delivery,11 Feb 2026,22,Pre-owned ·,https://www.ebay.co.uk/itm/357872565994?_skw=supreme+t+shirt&itmmeta=01KJZHT5VSE9W5SM283ZR56D18&hash=item5352ddfeea:g:b24AAeSwCIxpDlIk&itmprp=enc%3AAQALAAAA0GfYFPkwiKCW4ZNSs2u11xCshrFmNN1a52vib5MeFrNzmEaN%2BrV5o6Xho9qpP%2FUImiwDfLIDRfmfqZtc8T0KYXbsBh6DuNRlLl9phkFc628yihibK5Rc7RCMvW2DSMcT1HMoYv8%2FEAaGqJqEYfuzwXMNy4oFlawp7i1zMVk0QE2PJVwKIdcVWYuqZ5wFGw3IFK%2BEkP3Tc%2FlejP4ORavzcUbe2aw646wdi9UmVlefKMz0xZMrcQdJ1ODP0p2ZnFx3mtIv97IKw2YfCIVFFA8fVWQ%3D%7Ctkp%3ABk9SR5be6PGXZw
Supreme The Killer Long Sleeve T Shirt Size Large,,£63.10,+£2.72 delivery,11 Feb 2026,22,Brand new ·,https://www.ebay.co.uk/itm/176055723591?_skw=supreme+t+shirt&itmmeta=01KJZHT5VSKPE6WS48V5HC8Z95&hash=item28fdbd2647:g:glsAAOSw0yVlYbUw&itmprp=enc%3AAQALAAAA0GfYFPkwiKCW4ZNSs2u11xCA3MR%2Fm770v%2FSjc96yVjvAhupQXK0ab6clJv8cbgRYoiweGFBww7A3Lgl4Dn1CcvQGPyfOSuAxg2qBgTGuLcX3BrwofkI3R3H9RXsGwNLU5nB2Lmv39tAGrnc5S%2BZK8iRCgfkSexYCPatARNCyeIA0JgfhJkYCB%2F4XiB35Ypv%2F2JTeEDN2EbdpE9jG0OKAkujo7NBigCrtXkkNqlV0KW1KvTKMA0iUnGUAIM%2BB%2BGln86Mmy3Sk7UNynLQdRVPMuw0%3D%7Ctkp%3ABk9SR5be6PGXZw
Supreme Manhattan Tee Light Pine Large Green T-Shirt SS22,,£37.10,+£2.94 delivery,11 Feb 2026,22,Pre-owned ·,https://www.ebay.co.uk/itm/297618035254?_skw=supreme+t+shirt&itmmeta=01KJZHT5VSJ3YCPBGP57B6BNJ2&hash=item454b6ad236:g:WtAAAeSw1G9oywpv&itmprp=enc%3AAQALAAAA0GfYFPkwiKCW4ZNSs2u11xD%2BiBDbxkevBu2DgDcotGsIk5LmTv4HcAEr7GhhtLUqxpKNHVXcQ%2FEt5E1XjWt%2B8ontl1w7PyOY1I%2F1xFbf6%2FyFphjii7j7twVVJoQ7MDyDIrndlfNLGLDXV3SlpxoBITvsBoyqNQdmwd%2BfBTJvjEmLhLnlXU1BL5N2KM7MoWEZyvtLj3b1i93sOTrvBP5yKJ4Id%2Bdt6u4JU612FLpj%2Fbp9QrJfNaTNWIc5RXNqvQFC0C4HKDGgRt7Kf0W13u6cqDo%3D%7Ctkp%3ABk9SR5be6PGXZw
Supreme Zoo York Dynasty Tee SS25 XL black,,£16.15,+£2.94 delivery,11 Feb 2026,22,Pre-owned ·,https://www.ebay.co.uk/itm/177835644487?_skw=supreme+t+shirt&itmmeta=01KJZHT5VS9A4VRZ363A1JG89G&hash=item2967d49647:g:gBgAAeSwjj5pg7a~&itmprp=enc%3AAQALAAAA0GfYFPkwiKCW4ZNSs2u11xA1qk9KdaNawuatH3ThtmGU8uS%2FfAG1icUli4%2FKHBJIE3Ehy%2FDTqxBiaLZFr170JkZoyXOLcheDcnwI6Yok%2B0Hj4w7ILoiz43z3UTPCSJq6pR1WgizF3F3KwD02FsNbF8iE4zlEsFYgbL3NCF8xLbt3gw94xEc03gH3q2jxTPAATO8BB2jSiyaxBv9jFKLYf%2FX3x8cmjnJe49JHwEKMKkjuXmUVI0oVFTjuJLp9IXZfIxTG6dL5FOZ98QcZ9oFt4J4%3D%7Ctkp%3ABk9SR5be6PGXZw
Supreme beige box logo tee FW23 XL,,£18.07,+£2.94 delivery,11 Feb 2026,22,Pre-owned ·,https://www.ebay.co.uk/itm/177835642676?_skw=supreme+t+shirt&itmmeta=01KJZHT5VSMAM6RPBT9QSDK2Z3&hash=item2967d48f34:g:k0QAAeSwUZtpg7Z0&itmprp=enc%3AAQALAAAA0GfYFPkwiKCW4ZNSs2u11xBCUvu1VdN9nM%2FfMfnK3SlQwMN8D3YzJznIfDpWWajmNpsEpJu8WxG0dBItB%2BJRSgZyj8L%2B76BrGzGiEd%2FMDU8p5e0Lp84XhcfjN0JmnhoLyz%2BE5m%2BFsEhyMJx15PdA8y2Ik68NR3FktKrOPq3BfhEtcVtzwg%2FAO%2Fumr0K%2B%2FAD3QsU2FlMGL3QQC%2F292mqs4ixC8I20x%2FDZofX4050JHumv3TOzuyPKsneO3YiuarK1T5IesPL6AQd%2BPF2DkFr9ao0%3D%7Ctkp%3ABk9SR5be6PGXZw
Supreme Suprema City tee Black XL,City,£10.80,+£2.94 delivery,11 Feb 2026,22,Pre-owned ·,https://www.ebay.co.uk/itm/177835637059?_skw=supreme+t+shirt&itmmeta=01KJZHT5VSHXKRK63BHTZRRTX0&hash=item2967d47943:g:AasAAeSwgTFpg7W-&itmprp=enc%3AAQALAAAA0GfYFPkwiKCW4ZNSs2u11xBXXub9BnD1M2Ystnn9wiy0j%2FPiIcXrupJCe%2Fd6P88G%2Fbmo4NecOuuwSFI%2F2HRLWm%2F%2Bd%2BE%2FT4zgzZy65cmaSlVL0RpJjFmMS3mog0QpVVQ7w2oCI9DXVLFtZMIsqEiFCckVdxtrLrJ8OspvDRiufV01La3fGRa7ni7NN0wdN3LWSGAiKF3XT8vRSL6%2BudmDcP2EOI5xgoj2mADNrZs34CsY1KBj7FE95baIfxQDAD%2FeXLpm3M688cCweVQs5q2sq3g%3D%7Ctkp%3ABk9SR5be6PGXZw
Supreme Tee Black XL FW24,,£11.54,+£2.94 delivery,11 Feb 2026,22,Pre-owned ·,https://www.ebay.co.uk/itm/177835627299?_skw=supreme+t+shirt&itmmeta=01KJZHT5VSYH5FRC34R5QV0D5S&hash=item2967d45323:g:4oAAAeSw-vppg7Vv&itmprp=enc%3AAQALAAAA0GfYFPkwiKCW4ZNSs2u11xCuIcjICvdbUasKLPiyNf%2FjN%2FHDvCl6M0JR7oNoseEqGvIlguM0q%2Bs5TTS9plWdO4U5xWAl8QICUdz82J%2FpCc94S3y8zGsG6HDhslAFlefbPehxHA3uzn9he13%2Fbt1xJaawDl6aVnlj%2FLI0u9FpYrB3c7c1EFSHIWu%2FwZyCSNboEkLa0KSeBPoqwGnqvli9tbXeASxH64QVL9ozBu8KsM3oYFVuya2vgoHpASMWSit7vpahLYPX0pN3l9XBQiNlwaA%3D%7Ctkp%3ABk9SR5be6PGXZw
Supreme White Box Logo Tee FW23 XL,,£21.07,+£2.94 delivery,11 Feb 2026,22,Pre-owned ·,https://www.ebay.co.uk/itm/177835615214?_skw=supreme+t+shirt&itmmeta=01KJZHT5VSE22GKRYMZWS1ZM3F&hash=item2967d423ee:g:0nsAAeSwVWFpg7Uk&itmprp=enc%3AAQALAAAA8GfYFPkwiKCW4ZNSs2u11xDppsjoCG2HwO9iMaHModBFdu8CM20GQkMShXVySgdsV0RwU%2FuiYrdEYr53TFvz6fDqgBG9Pv78rw%2FbAWt3xJF13ei7f8sa3Gl3y6JSoRhaqdLmslTk1coQaWXKVRAhGsGRkTyFlOPat%2Bl0s0pyAyDgjpaBdkO7L9MiNsuL9DturkAEYyYN6ChCL%2FlZMYwstc66duimhrnVQm2dgBJTify%2B7cRF4TD%2FVhghMkeZvqaN8NaRmHJz%2BrnKrjF%2B%2FhZU73hSWoFsyJJnKwrHpiGAwJdzPDqDlj9FK9AecRCuCt6lWg%3D%3D%7Ctkp%3ABk9SR5be6PGXZw
Supreme Tara Patrick Tee FW24 Black XL,,£18.07,+£2.94 delivery,11 Feb 2026,22,Pre-owned ·,https://www.ebay.co.uk/itm/177835609030?_skw=supreme+t+shirt&itmmeta=01KJZHT5VSHAZHQ1X7HTP4NK3J&hash=item2967d40bc6:g:gc4AAeSwpFJpg7TT&itmprp=enc%3AAQALAAAA8GfYFPkwiKCW4ZNSs2u11xCNT%2FZCd%2FD6v4nJ5tFqQcuv%2BHseBNNEMcyqo%2BQZDuv5aHgAdHgJX2LbgzFH5U5keKUNnnAq%2BOj6q6heKwFzmhZDtpYzOF%2BTjlk%2FK9F8daxDYojJGeQ0FeedNw6B99e8B7bLTbE%2BthiQKgGX5JWV9kimYqsrV6QwoAV%2FLNAR3%2Fj%2B7sIx%2FQCmnE5sj2OIxYP1%2BbLE%2BGB9JspFbTQjVe5RKYkWdKSnsvlAuOTYEk5x25TDDdgiJwHGsJ%2BlN1LIdrCvNZHUtJRwf58VshHha%2B5LpWcX7JN3gE%2FhKJRsgGXPI%2BHR9Q%3D%3D%7Ctkp%3ABk9SR5be6PGXZw
Supreme Box Logo tee FW23 Dark blue XL,,£21.50,+£2.94 delivery,11 Feb 2026,22,Pre-owned ·,https://www.ebay.co.uk/itm/177835603793?_skw=supreme+t+shirt&itmmeta=01KJZHT5VSC1B9WB8YZVZBR4SW&hash=item2967d3f751:g:210AAeSwalhpg7RN&itmprp=enc%3AAQALAAAA0GfYFPkwiKCW4ZNSs2u11xCBKYohoTK8vLlGJM5YQYKq8nCAkaSu1Mwv214Q1wCiP%2FIyk%2BeD49LBF%2FAalMksRnkNqN%2B%2FDjKeL2fjEkmoI6w7Gu%2BxxQd6xrF6TCVgRsFXG9n6nQsuhc%2FXWne8iy12lu4hVqjMZWE3AcA%2BMKHplGIZKFuqFnNtS1JhtAa0R902MKK4DQMM7EWJBh11aTuE3hycONQRBKOlTpRL1t7OVdEY%2FOC1K1lh2jI1jbQiOttTHoMF2wWSCK%2FmMD19spOrXAs%3D%7Ctkp%3ABk9SR5be6PGXZw
Supreme Mister Cartoon tee black XL FW24,,£15.54,+£2.94 delivery,11 Feb 2026,22,Pre-owned ·,https://www.ebay.co.uk/itm/177835590632?_skw=supreme+t+shirt&itmmeta=01KJZHT5VSE7X8YCE60WFX9QNP&hash=item2967d3c3e8:g:eSIAAeSwnMRpg7On&itmprp=enc%3AAQALAAAA0GfYFPkwiKCW4ZNSs2u11xDdJyF%2FGoKEr2V5a51GfLmraU%2BA8%2BjLgdp3gzTdYdblY7DjoTNilc4sEyJl7o0wU9nFKBOd8wF%2BoGVl1jElwOughwGNbg1fWVhQKJuZXJSdGq%2FHsJI4BmPZiPXR346BRojC7I%2FLIxM%2FOCH1kpVd230yoOai5DW2ZN%2BNI1SI7CeY1UikYKRvOWf%2FC%2BaGr%2BxOtEsxRO9HelPy67PyKvCmv3a1IpPfTW0Eb67HToEvAMVqAJdtEXgmvZtoUDDTJNGnODA%3D%7Ctkp%3ABk9SR5je6PGXZw
Supreme White tee XL FW24,,£10.80,+£2.94 delivery,11 Feb 2026,22,Pre-owned ·,https://www.ebay.co.uk/itm/177835582512?_skw=supreme+t+shirt&itmmeta=01KJZHT5VSMBCV7JS29C17VX54&hash=item2967d3a430:g:dI8AAeSwI4Bpg7La&itmprp=enc%3AAQALAAAA8GfYFPkwiKCW4ZNSs2u11xDVzn2czjpQIoihQm%2Fzjc6TEnBFnv8MafWyXBIBEen3JPREDMeK5VPYkDUHPdEG0DKAePWQ9hhKIiaP2djpB5ZtUfs%2BZIZXKAd8QOaQoMTbawT7DqZ84Dwqgww4Pjbq1S%2BK9wenxCWSuhCUs3tZ7PEcanu98u4ro5aR0boLqsFMfj8FKdSDSMZ4xBPBUHHJS9wTwcj73XUqDqbDGEyVBfTFA%2FnnRMdGjNqfQThP147Bfi%2F3Di%2Bd8IMueEUkLguYinX3H4IhWlQLLuK1zki4h9HEWoMGt4g0ewPcxo6Skz8%2F4Q%3D%3D%7Ctkp%3ABk9SR5je6PGXZw
Supreme Verify Tee XL FW20,,£23.04,+£2.94 delivery,11 Feb 2026,22,Pre-owned ·,https://www.ebay.co.uk/itm/177835570901?_skw=supreme+t+shirt&itmmeta=01KJZHT5VSNJJ31WH3QY04SRKP&hash=item2967d376d5:g:4wAAAeSwyOJpg7C2&itmprp=enc%3AAQALAAAA8GfYFPkwiKCW4ZNSs2u11xDoNxAXPC3yG4%2FP0yKoEURmAVJu%2FDURgsKdshcw7h4QTdfP9TWmPcWzSUn0h2aqN%2B%2BQWKOSvGvr6ngZWWe%2F3GrqA11j7DX5z38VC2uq30sIji3r6mrrydsLRmIh9vz0WYj3cMhLK%2BeEK5z%2F472O5m5%2BmBAIKTErQZETC5QI0DJ95ALhEM2AhrH2KAxluro9zEk%2FtmyzuUT29wbuE5k%2BcQO6AvoO3v7zvXgQZWB6BSJ0fRZuR%2BJAnDmb%2FSjVJuPQE0%2Fgsozy6kozUX%2BwMjZnr4hxKNYxDzATqhp44K2Km0iXKQ%3D%3D%7Ctkp%3ABk9SR5je6PGXZw
Supreme SS18 Arch Short Sleeve Top Tee T Shirt - Black - Size L Large,,£34.99,Free delivery,11 Feb 2026,22,Pre-owned ·,https://www.ebay.co.uk/itm/257332414540?_skw=supreme+t+shirt&itmmeta=01KJZHT5VS6NRWFHH3RJXPM14N&hash=item3bea35084c:g:OxYAAOSwoHdmNMPv&itmprp=enc%3AAQALAAAA8GfYFPkwiKCW4ZNSs2u11xBwrpV5d1W6hHoa88QQCBwuZvqIgI1HebZHUK5qmWDx7nF573TWcFaklbBrtW1C5h9l%2B3uvUnQzFpPZwybCqyxLGnlo1iFUT7%2FWGcv7D5ISUdKBWSnTAIYnMjYfmKpaKbznfl6LguMKjjvwxOYOvmjSwObqpTxjPB9oSZjPOg7X%2B7UHow7nudVT7ye%2Bmc5egkEZSs9TVK4GhsMbRWRr6blJ%2FT2JLQs0FKMSqrIxoBAzi9nYfZTAMLJxakARfaBhP9CrwvS%2F4KZ%2BT8Lep1Zi3JN%2F6uaJRgQTIJ48XFbYF%2BSIzw%3D%3D%7Ctkp%3ABk9SR5je6PGXZw
Supreme Maradona White T-Shirt Size Small,,£42.30,Free delivery,7 Feb 2026,26,Brand new ·,https://www.ebay.co.uk/itm/198068963685?_skw=supreme+t+shirt&itmmeta=01KJZHT5VS3ZXB57HJX7G1WTAF&hash=item2e1dd48965:g:7LgAAeSwiwppfhsb&itmprp=enc%3AAQALAAAA0GfYFPkwiKCW4ZNSs2u11xD7ayml8Ku8kducs3dhayH20%2F7QExiezWmTlSsxLEkKwGRvc%2F2nxqABESb%2BtdjCbuX%2F0q3RNHeSeQ1hmQ4Wgi2z%2F2C1WoIBBZ2WJwDQ3lrZz11Mmmud9YeUpwVqXREp%2BPhxwgv1on8p5e991Hkd7IF89%2Bt9rXcEMXTxqo9p%2BQdVdoa%2B0UR88dhP0KAqpPSMk33qChWSJ9BZsdTDzmYn6myXGhQQmHTVDihIDmZacWF68imgnOQEWLFF%2Byz39cw%2Fveg%3D%7Ctkp%3ABk9SR5je6PGXZw
Supreme Mens Long Sleeve Button Front Sweatshirt/Jacket/Top Size XL Multi Colour,,£26.69,+£2.94 delivery,11 Feb 2026,22,Pre-owned ·,https://www.ebay.co.uk/itm/206049023892?_skw=supreme+t+shirt&itmmeta=01KJZHT5VSXE1PZAA3PWMSE4ST&hash=item2ff97a9794:g:zRwAAeSwIIpo7-ZS&itmprp=enc%3AAQALAAAA0GfYFPkwiKCW4ZNSs2u11xAcrGyOsIafJdE6dz%2FkZLf449Cu%2B1jKtDvd7aM4ts8xE0Xm33vqpTKiOxALSwMGaziNQ2L5KWLL%2B7hYU96dbn5o9JHpYV4ewLEUbj6w4HRyErxWkDRosrgZOkOtCiFHpsNmHzcoJJTX9oautYiA8VgBMwDCoDEc%2F0ZZ%2BCBhDwrGBFNRpjdxzZg%2BkcNe4tbk25sEh%2BtH4HD30P3g4JAJU54UAwjkWAurNMQrZ%2FOZFvk%2FPxTa0RG6LLqwAyjuyEYC5aQ%3D%7Ctkp%3ABk9SR5je6PGXZw
Comme de Garcons Supreme Longsleeve Shirt white medium,,£40.01,+£3.38 delivery,3 Feb 2026,30,Brand new ·,https://www.ebay.co.uk/itm/146923053324?_skw=supreme+t+shirt&itmmeta=01KJZHT5VSC5WJBNVXV76NTTR0&hash=item22354be10c:g:kRgAAeSwQbdo~z-f&itmprp=enc%3AAQALAAAA0GfYFPkwiKCW4ZNSs2u11xCwIO8Y1fVuS1Ruq6y83ygO4VQpTaUMeu2VNU3b8KPa3%2Blz%2Ff0S2WnPctsLMNux9AWtI2GrEv9grCBq0F3vvxNF27z5p9Fd49NVrMjMGNMhwbUuNonA7H6S1HNNRMaNoYEjSjiu2TCfdmtbLOItmiL8VaJ4Iwxw4fwxzC2V8WiV14ONSMwb%2ByjvW5N6oaYvPEwA%2FD4RsgMRGcwntwqY7KQa%2FNrTzHeYEwkxLgVcLSTwMse4PQrzP8F%2Bk6bSShsWsFk%3D%7Ctkp%3ABk9SR5je6PGXZw
YEEZY x ADIDAS ORIGINALS TEE CAMO Sz S M L XL T-Shirt Season 1 KANYE WEST 2015,,£210.00,Free delivery,14 Nov 2015,3764,Brand new ·,https://www.ebay.co.uk/itm/141821197231?_skw=supreme+t+shirt&var=440945657808&itmmeta=01KJZHT5VSKT5D8BWPZKXQZNXR&hash=item210533bbaf:g:7JQAAOSwo0JWPHlL&itmprp=enc%3AAQALAAAA0GfYFPkwiKCW4ZNSs2u11xCHLZiUyRmU%2FvPoUAG%2BGBRoByi5j7kSdK7ZHQKxDcM25aky9g%2BXSW9uWWzVDtxbp1vJdn523Kwe2sbWHyTACKUVubATBTHJsm58UjoSfrc3amwMRjr4RXHRIV3mgEk9W20sLJSVmr5Cwoq2Oc1Un%2Fb%2B8yTfb%2F9gzeGdZZEQ3TTZMtGdvPWCG6WDnDz9UWlx2Pe0tmZ6OJrS4tCl0SuZ17xLoBRtymdlm97UuobZQ16g%2Fy528HxCWgjCadLWsHRD8sE%3D%7Ctkp%3ABk9SR5je6PGXZw
Supreme 2025 Tag Tee XL Grey New,,£31.90,+£2.94 delivery,10 Feb 2026,23,New (other) ·,https://www.ebay.co.uk/itm/389588858746?_skw=supreme+t+shirt&itmmeta=01KJZHT5VT1YRCB7NJZFM5MKJ5&hash=item5ab54e377a:g:eL0AAeSwRUxphv7B&itmprp=enc%3AAQALAAAA0GfYFPkwiKCW4ZNSs2u11xDoevWgH8bQ%2Fkl%2B4u76s7Vzo55NDLj7nnh5t4Ndw%2BHqHjQjfCDcXLw9O6eqUhk9OilDD88hehTQU%2FlCzMQqnoWMHAuysI5K9A%2FhhSm59oi%2FStBboOHxaQ4wFRZdwlLcIg6WjOV3D4v1fRVtKv7jlbq8S02AlSXGn7%2FtsgwoM0U9xXphYeAHh1PEPBxm87jf%2BJBfYxRh7inN%2FZ5wOLTMz638W6RTqLEB3dJPWaVrFSqn%2FDCydEWVp8kXKme13UO23hc%3D%7Ctkp%3ABk9SR5je6PGXZw
Mens GREY LONSDALE T-Shirt RRP £19.99. SUPREME QUALITY SMART CASUAL NEW !,,£7.99,Free delivery,10 Feb 2026,23,Brand new ·,https://www.ebay.co.uk/itm/354268631363?_skw=supreme+t+shirt&itmmeta=01KJZHT5VTKWTKEHCW1TJ3BHTT&hash=item527c0e5143:g:pGIAAOSwbLRjGcXf&itmprp=enc%3AAQALAAAA8GfYFPkwiKCW4ZNSs2u11xCrivdBODeAgt92x0Xk6htldLvtt4NHax0F2WgBa8A%2Fx19oQBSydzNWjWYwBrFxqCt%2BaOQJnxtYym97h3Hw8qZYtW4mALwjPCV8b6AlLVkxvjnB37OLvIQYsO4Oc69I9NuNG4THdFLjg%2FxpSm6qjZLlj7PlHyqjzcwuWs1KIuyQhkhjpkBfiKdi%2FZu2Ns%2FASTTTFGKX4CT43T0%2FWX%2Fb9gSUHslee49VHUWVDuJZFWLrDv0uQCjkF8CDlysUBSPnlM8ofq%2B2yrRU%2F2ipTWpHlZfXkc0SlDK61qTeRvutCtOWIg%3D%3D%7Ctkp%3ABk9SR5je6PGXZw
Supreme FW24 Script Logo Tee White / XL,,£57.90,+£2.94 delivery,10 Feb 2026,23,Brand new ·,https://www.ebay.co.uk/itm/205990898349?_skw=supreme+t+shirt&itmmeta=01KJZHT5VTXPXER5RNCA0B0EEK&hash=item2ff603aaad:g:1ncAAeSw~ilpY8QE&itmprp=enc%3AAQALAAAA8GfYFPkwiKCW4ZNSs2u11xAP5hjrOuvC%2BMQJ8ICWdViqAoVsqwOVSwUxqjUeAVzFPEHkSAKWm7P5bsLq%2F0zvy7FHCV3na%2FmgUR7ZXQ6hTDnBTZxYy0tXb4O1SEqpQDyRAyzm8C%2FSZ5%2B2568hTPRMykOlDUVsO7HhnbpqqMsMOMXkaDtFk0XF1GbEHlwwCb5OCYy9ar749Kx2rjHadbfI%2BN1M7zBh93JuqOOvjZ8Q%2FSTvSGSxXCm%2FCp8EIz4Deu6jCEa2o%2FiobAkt%2BcR4SvL2oYc%2BXXaBEl5rk2EQca%2Bvv7cN7yp52zRkK3XV7CXsDKOH1g%3D%3D%7Ctkp%3ABk9SR5je6PGXZw
Supreme Girl With Water Pistol T Shirt SS21 Navy XL,,£68.30,+£2.94 delivery,10 Feb 2026,23,Pre-owned ·,https://www.ebay.co.uk/itm/256901696788?_skw=supreme+t+shirt&itmmeta=01KJZHT5VTPW52A70RH4Y18MN2&hash=item3bd088cd14:g:VhgAAeSwhR9oBlwW&itmprp=enc%3AAQALAAAA0GfYFPkwiKCW4ZNSs2u11xDgAUb7JICT82K6Bf8xIVDweNCkPKItUbe5WfmoTp6dwP7%2FqD0T45s1EhLFpaS3eQo268WmKQdTaTY7SwSE%2Bz3n%2BLzsuYQXT6dExwXpuQce%2FLFC5MDA8WRYB9exCy7TgXrv02KrmzuADeAZ2nLbD%2B9dzDU%2BjLV1se8KN%2FHPFFLgqGVTZ%2FNlAxcVAdHzTNCyoVYSsXGjjA0YbYSas2mvg3MeBeUrGNcmYw8mMBWye7khaDUYbHjtyrICqxkZspYOSu0%3D%7Ctkp%3ABk9SR5je6PGXZw
Supreme x Aphex Twin Tshirt Medium Bundle X2 Window licker,,£83.90,+£2.94 delivery,10 Feb 2026,23,Brand new ·,https://www.ebay.co.uk/itm/397564952155?_skw=supreme+t+shirt&itmmeta=01KJZHT5VT17XSBCM5E9Z9F2TW&hash=item5c90b7be5b:g:pnYAAeSwKuFpgVVm&itmprp=enc%3AAQALAAAA0GfYFPkwiKCW4ZNSs2u11xDsALMy7t8CIJVr0E9vLV4KQu1uul9um5wvFzqpYE%2B%2FBB%2B%2BxWoGpp7QPsPRSl7biqpocFArgc21fUJBja4F2%2FtPgBnxS1PNL5NOgzOzc9DUmUBcfGQs5biTfTGCEgaqNLQEY%2BMWxXHfsn2MBaIKxQc%2BwT7hbWuED25OLhK8bafl3SzfPRf8qBbQRuO%2BmEbZucBmmWMbfsZ2FC59WJ06Y48oit0PnsRH%2Bj3cxUouVqCmELbw8tEhPS32QGwtMBI7nJA%3D%7Ctkp%3ABk9SR5je6PGXZw
BRAND NEW & SEALED BOX LOGO SUPREME Fresh White Wheaties Tee Size MEDIUM - SS21,,£26.70,+£2.94 delivery,10 Feb 2026,23,New (other) ·,https://www.ebay.co.uk/itm/147134239740?_skw=supreme+t+shirt&itmmeta=01KJZHT5VTH0ABC379DWH32AZG&hash=item2241e253fc:g:T4MAAeSw9BBpVAZE&itmprp=enc%3AAQALAAAA8GfYFPkwiKCW4ZNSs2u11xDMXuEib%2BGV6NJpndVpgDakbyrr%2FvDXpqASw9E3SDYyqzMRJ0m9by6wS6jO%2Bkd9QfsXC79gIG5fB0aa1BksmZBiEFX2mfDVmX7gyFCoXa8EbFwX1P11D%2FiKbt16C%2FomPvRxFZi6tEZnmxyXgs9M3dk8cHboVj8axBu2OdbpDUK%2FNzesWCOgLbmw4JAeMA1AhFUFz6Bm0wz8nGOdYKdFyUV0h%2BDwx0KvfFFom1OlMHQvxxXDmaUpw7k6wDnQsRAMiL%2FHyKK5%2B3pHT%2FEKUbeK%2FBlfW7VD0s5B8fSyx1CK%2F5QW2w%3D%3D%7Ctkp%3ABk9SR5re6PGXZw
(L) SUPREME X STONE ISLAND LONG SLEEVE STRIPED T-SHIRT BURGUNDY SIZE LARGE RARE,,£255.00,Free delivery,10 Feb 2026,23,Pre-owned ·,https://www.ebay.co.uk/itm/126649452053?_skw=supreme+t+shirt&itmmeta=01KJZHT5VT55TB3KH7PTCF2WSF&hash=item1d7ce54615:g:nogAAOSw~HNm0Jxr&itmprp=enc%3AAQALAAAA0GfYFPkwiKCW4ZNSs2u11xCkLyOe%2FcjQ8qAW81sSq2AnZPEx0kO1yLgmMKin8d3P4ZsC38Wh%2BuK2Uwa1KTODC118WAKVNlE7q2nYNMm0h1b4gDq0sc1HuYuIaxU3KD1f3CvUyXSW9o1TCk0Pyjfzbc77uMeWn2A4w8JN3DDX5bt2eJTkdCa3fWVs6ccM7Lz49TfNNnhT1HnaFaKSQfEr7xH1vYNRVsjOcQoap5TB7BEux3BcCdfCEeLtH%2BzB2hgn1hQdsoLOKkyKhuAwHDaUtxU%3D%7Ctkp%3ABk9SR5re6PGXZw
"Supreme Naomi T-Shirt White - Size Large (Brand New Without Tags, SS20)",,£47.50,+£3.38 delivery,10 Feb 2026,23,New (other) ·,https://www.ebay.co.uk/itm/397448636557?_skw=supreme+t+shirt&itmmeta=01KJZHT5VTTYNYDZXC9ZCCQM3F&hash=item5c89c8e88d:g:TVoAAeSwRL1pVRoc&itmprp=enc%3AAQALAAAA0GfYFPkwiKCW4ZNSs2u11xCvKXtv200EJYSNSdR6tXhrpgIOPbHpqGFYuPNhZNK1gg%2F77zB5UtDx%2FVPSc0A1G4ynD9nD9z%2F7fQsQiJkL13%2BWY8AU6408J%2FB6x9ZKHpO3vPZ4cstE%2BDddtls1qb1Ow%2B%2FgI0exzn%2Fd0Ok8QkagopvDdDfRJ3bmyt0J4favEpODqtnGO6WWZP3c%2BsMfO3Uam1Jd2D7w7JviNAMiP5q7CKNU3SQ5ZBUKDC4Mn6SZkog8HamCstv6wyxBDX9eNhChIuQ%3D%7Ctkp%3ABk9SR5re6PGXZw
SUPREME WASHED SCRIPT LOGO COTTON T-SHIRT WHITE L,,£50.00,delivery in 2-3 days,10 Feb 2026,23,Pre-owned ·,https://www.ebay.co.uk/itm/406519243172?_skw=supreme+t+shirt&itmmeta=01KJZHT5VTB7Z14A7QCC8DAR23&hash=item5ea66f61a4:g:z9kAAeSwkohpTVOG&itmprp=enc%3AAQALAAAA0GfYFPkwiKCW4ZNSs2u11xC9Dak1RWrFbaLEiG3ekgPB8kGGY6QeR9ZjBrIIAAQmVYtdOmQVnM3MT5WSuVYALAukeL28Y3upwmGnMydSekN7n%2Fj3y%2F%2BO9j8pE6Uu5r8wN1ERUUErobE1eSYHi2ZGOb9It1rIwpKzMad%2FJg2B%2FZyAf6Q7AYa6IEspXYN4idAs04Jdzjsn3ir%2FZWB7Eabv3m8aVgqBjUnwtW1WcYy9sn538d2usZ9TytKHRPKSvNlgSwgQMqY15N%2BCv%2BlQbwNpBLQ%3D%7Ctkp%3ABk9SR5re6PGXZw
Supreme T-Shirt / Size M / Mens / White / Cotton,,£20.00,+£3.95 delivery,10 Feb 2026,23,Pre-owned ·,https://www.ebay.co.uk/itm/205315047198?_skw=supreme+t+shirt&itmmeta=01KJZHT5VT9X3036S0M8GGXK9K&hash=item2fcdbaff1e:g:UykAAeSwSq1nvbSq&itmprp=enc%3AAQALAAAA0GfYFPkwiKCW4ZNSs2u11xARdlO3nq4ItN8O57iYFfdbmZQPudZ32ieLHCaVV49Hq6teOwuWXFTrmI%2BbEFpzBs1gfpDOzasZ28lSbAyrUmlnbNYdadnAjm3G4%2BTYH10l0G7FNa4xbGc2HYliMh6GeiVhzMHX8hHMS3yd4kBez%2F8XHFmEPb5aWGrPACNxKATwWkPqhg02l%2Bf4Cg9XKDMiQut%2BfP2mswhdkccecbWcbFFAJzZXCLTX%2BTueswzuV82x9kB18abhNkExiVoa5VKNCTM%3D%7Ctkp%3ABk9SR5re6PGXZw
Supreme Box Logo White T Shirt Floral Size Small S,,£16.15,+£2.94 delivery,10 Feb 2026,23,Pre-owned ·,https://www.ebay.co.uk/itm/298007155170?_skw=supreme+t+shirt&itmmeta=01KJZHT5VTXCHVJ1Y9DKBFHJ22&hash=item45629c51e2:g:g-UAAeSwBRpphkN3&itmprp=enc%3AAQALAAAA8GfYFPkwiKCW4ZNSs2u11xBCw1ZXuf2YU29FOEJYgFLcxrK3KD5TUQzEwdxEvDP3B0QyIgft8sdbP2RwFdbsZVjXZkCV279uZNxwNR6SdOOTqNUiAS3DiuUsAig7bT%2BV62tUzUhxx8tAzJLp3%2BxoCGI%2FvIESSlqSs9G8CpQb0f7OodxjfVRZygtzoFaUpEFxfjPU3LDxUEDRvdeOOwk%2FsWS905rx0CorKyhoHPkg6J39p2aQob0rhgddTJ1rP1EHDxt1zBNg0YThkbIakROjw4kntE1N4hY54BMh52YlbkNRmVDrX8yHqQvZeRlf48V9RQ%3D%3D%7Ctkp%3ABk9SR5re6PGXZw
Supreme x Undercover Lupin T Shirt Tee - Size S,,£21.49,+£2.94 delivery,10 Feb 2026,23,Pre-owned ·,https://www.ebay.co.uk/itm/147143618568?_skw=supreme+t+shirt&itmmeta=01KJZHT5VTZ8EC4FCK298SES1Q&hash=item2242717008:g:xE0AAeSwYAVpiK8y&itmprp=enc%3AAQALAAAA8GfYFPkwiKCW4ZNSs2u11xDLobT%2B7etqb7H5eYj5PXAqG%2BmMKiSIS%2BKaY2vAcLbYYNwOK2udRqL05B3w%2FfR7BI2QfsPAXz6a9gEJ6vp69cmSBX4z6ddmF%2FKQxY8SkbOMImN1YYTT5TpbclGuJ9SR%2BgusrDiyOvlfU0PLQWMNAneQjRz2lYCtrxAT0TyNHPgnx%2BXcPj1UrxVkxzIllA0aOD1KlYvjqPaQ%2BrklAfQCb4Q4OOUl2IE9Q4uigQxC6K%2BS6gvpUOz5p%2BXvYPDSk9nlH20MvGv0qYEvj0MzkLiKZha2pQ3hFureLBGikL5ujUXWBA%3D%3D%7Ctkp%3ABk9SR5re6PGXZw
Supreme Blackmeans size small Tee - Black - FW23,,£68.30,+£2.94 delivery,9 Feb 2026,24,Pre-owned ·,https://www.ebay.co.uk/itm/326981073616?_skw=supreme+t+shirt&itmmeta=01KJZHT5VT3Y8GABGEW1SARGCX&hash=item4c21973ad0:g:2nEAAeSwy7Fpf6uI&itmprp=enc%3AAQALAAAA8GfYFPkwiKCW4ZNSs2u11xAB2MOHiPnGoM73DhPTnP9RdnfokTUWLCPeHWSQxuweG83DIbq7LMyw4MJfb3bK3DtHGtp4HCIpnKAwT1w4DHGp44SVqz0fCs4YBHMmIGbhdrPG5pgzGAvVJPnt1WpFlfw28ZmlgiMBKW%2FysB8e%2BG1xZkrx7dK%2Bq%2F%2BEnH2Qo%2FRB%2F4MjQsz%2FT9xLzwFdET%2Bke26vBSw9hpCZX9zWXfyBCYQHwz4K2KXX7%2BvQWJ1R%2B5ROfWOFHrX%2FQIOqHXu%2BPkkqci9LRaVAUdj5rmjblskm74Q8VSti1lhyoM4vy8SDaRyLcw%3D%3D%7Ctkp%3ABk9SR5re6PGXZw
Supreme L/S Box Logo Red on White - Medium - Brand New,,£125.49,+£4.26 delivery,9 Feb 2026,24,Brand new ·,https://www.ebay.co.uk/itm/266927408799?_skw=supreme+t+shirt&itmmeta=01KJZHT5VTTW3W0XDV5TZHV1F3&hash=item3e261d069f:g:1DoAAOSweEZmqBF3&itmprp=enc%3AAQALAAAA8GfYFPkwiKCW4ZNSs2u11xBs08hbV2XVx7duC3ovbDr%2Fcq76ubM1qOvh1rfNSnIs6ijXHl3XvpqkmKQh6ApDMpF3glbZatyX1kKlE05uEYrSl6cTNPXKeVDYwywaWQ3eOO917oxl5vcN6qtVR4xWkpK5nKBQ59cMhSSn6FFlO2viC4Yv1L3XcSbWn1LY2NMdBT%2Bd9lXjXRyktHLs5yNpvEjmUrF3eDIQbr0fqERI7M4AX8%2Fe3N4rZRWh2c%2FxrF2BpAq4uS6CCUHf4vnAkyKxAz6xNjKqDmikAghjWLfnKvy6%2B8hWnrFYqu2DOGDgZyhREg%3D%3D%7Ctkp%3ABk9SR5re6PGXZw
Cradle Of Filth Unisex T-Shirt: Supreme Vampiric Evil (Back Print) (Large),,£14.54,Free delivery,9 Feb 2026,24,Brand new ·,https://www.ebay.co.uk/itm/256532271614?_skw=supreme+t+shirt&itmmeta=01KJZHT5VTVCTH3NFN524NGV29&hash=item3bba83d1fe:g:NHoAAOSwJplmXVf0&itmprp=enc%3AAQALAAAA0GfYFPkwiKCW4ZNSs2u11xDEiRQFNGHeOMEE16KghgUTAu%2B5b%2F%2BS9E5CMMRqfnpfMbM8%2F7oFCWf2iQUlocM7sn1lfPCbpXNNzjQKwXzEyeZ3hLK70keDKOtvwVrWzkF5CjQQsshm9wLnQd1%2B%2FLw%2F0TctSLCPqHNOSVrhTc4Z4ueHpsXdLpX69%2Bsttw1%2Br1gIeDfGXjxs8oK5bkHDyL7eRa%2B%2BN5HOsmJggU0ZI3mlxd7g8pBzbgqNVL1KVoxcorLWBpeT%2B%2Bqq2w1L5FQiexwPyaQ%3D%7Ctkp%3ABk9SR5re6PGXZw
Supreme Rick Rubin Tee FW21 Brand New With Tags Navy Medium,,£38.00,+£2.94 delivery,9 Feb 2026,24,Brand new ·,https://www.ebay.co.uk/itm/227208248123?_skw=supreme+t+shirt&itmmeta=01KJZHT5VTY39W1MN1C1HA4S3Q&hash=item34e6aabb3b:g:WUgAAOSwF49nlSRD&itmprp=enc%3AAQALAAAA0GfYFPkwiKCW4ZNSs2u11xCdhyUrXCfvjY56YhqFzVUW9uiBkLkDGbYxB1lW%2FMg1fu1LNxCV9PJGZYf5wBbHV2mfX%2B8%2BeI2oC5us5zzbWzlXKuYjviEz25O5H1GQauDLXypxyg9wczvHWVYh5Sk5uwxj1eNyPdstRIPCM8SKVsUhelrCyEWqeqrMM258P7s6JX785vWCSbX4SS%2FRae0lEHbgrfSZTxb1ssrhJs%2FvFcPO090yml5yuxmREStGAkHoPUrP9Hm2XA6PEXJCymT9sVw%3D%7Ctkp%3ABk9SR5re6PGXZw
Supreme Liquid Swords GZA T Shirt,,£63.10,+£5.00 delivery,9 Feb 2026,24,Pre-owned ·,https://www.ebay.co.uk/itm/127671426372?_skw=supreme+t+shirt&itmmeta=01KJZHT5VTFY4JWFR0X93B7BX8&hash=item1db9cf5d44:g:AGEAAeSwjdlph18f&itmprp=enc%3AAQALAAAA8GfYFPkwiKCW4ZNSs2u11xDkgqe6Lr104mR5EwPCxVyRLEyaGaqr0ZBfWHZb3nym7Pz1VmnJ8%2BPdX9j%2BPAFcuOFbNN8dRLRWOZZpSkHmZcGimC9d0NkVp5kO8NhkVHuI5DN88iKaXUPnpqS4XfshI0Fai6Bw4mkO9U%2FAdYTb3jeqFACkPQaXMx%2B4TpEP%2F9wUjyn%2F97AYilNZqAtosKPpVjaNNDPS25qm0KqQGf%2FKjw%2BlCXmm5OBz4UZUJ7FQdPUSh9%2FgIENHheVg%2BOnH1RBB%2Fu7QnaEKXPQzYeYWY2sk%2Bo1ws0Keob9JXA0DyGoX7uBVZg%3D%3D%7Ctkp%3ABk9SR5re6PGXZw
Supreme Hanes Bones Thermal Crew Top | White Floral | Skeleton | Size L | New,,£59.99,Free delivery,7 Feb 2026,26,Brand new ·,https://www.ebay.co.uk/itm/317840266241?_skw=supreme+t+shirt&itmmeta=01KJZHT5VTTY061BXFW9MRWS5D&hash=item4a00c19401:g:0vEAAeSwYqlpg0d~&itmprp=enc%3AAQALAAAA8GfYFPkwiKCW4ZNSs2u11xAJQ43EzHshwQdz47u4yES0yhMtCpmtJCsD1wqn1ZJm9r2E2RPfdAKpqoY%2BWPRHRCVuuQk004DRePOiTcYgw8BjVKpJH76fN2JH1vht77fvxfWyMsZwqTBzlhKjOyDX7Q7dk4RsczxiNx4YjroKglQRVQ0yLrPyVjLU8I6lTFw%2FvvDrhAAPo%2FDqi%2FIquLrO5qi4n2iojJslJsud351YSQlk5vl03%2BX21QTU1j2vCt0tscD4GbXertI59N%2FlGetQS9An3iOlbZa54%2FYMhyhALMkarqUGPvI6JjxOKqGmKa6sVA%3D%3D%7Ctkp%3ABk9SR5re6PGXZw
Supreme Kids 1995 T Shirt,,£104.70,+£2.94 delivery,9 Feb 2026,24,Pre-owned ·,https://www.ebay.co.uk/itm/256523828874?_skw=supreme+t+shirt&itmmeta=01KJZHT5VTVBNZ6WM8F2019P1W&hash=item3bba02fe8a:g:h-UAAOSwQZxmUxD-&itmprp=enc%3AAQALAAAA0GfYFPkwiKCW4ZNSs2u11xC0gSw8ZpiIg9ACv2%2B8UcVQp6eFPjnmUv6EKj0NFKlSFgQlAgGQlBVe2qVeTNModqWI3HifN%2FxW9arYWQgoawYXm65j%2FA8OYH1jnCjYDgwvVlKmxtMmyqyTJlkk1B8BvxMFfJe6%2FUU35NJCaOyMdHJ4e0GK7bNjkDNCuNthoyyFiXELjKVMUP4W7V4EyhVAU%2Fc0gd1kYrQDOe%2FCalAnloPec4P7tg2oKGjo33kVwiB88v3BjE56R1P1RFQ9Q%2FlXAWY%3D%7Ctkp%3ABk9SR5re6PGXZw
Supreme Screw T-Shirt 2016 Black XL Used,,£16.54,+£3.38 delivery,8 Feb 2026,25,Pre-owned ·,https://www.ebay.co.uk/itm/267564009906?_skw=supreme+t+shirt&itmmeta=01KJZHT5VVHTJ6CVN5P0KPYHN8&hash=item3e4c0ec9b2:g:dg0AAeSw63Jpf2Tc&itmprp=enc%3AAQALAAAA8GfYFPkwiKCW4ZNSs2u11xDkJ4sRdEyb5NAsI481ZpmBIM1%2BdYyUQhhZmbFIb%2FGaxBF7uynFgSVMuMO5b%2FjmZsDklIKpxEP5lPOjh%2FW5wpdsJj2dZKQfZVtZLEabeETw3jN0kUef0aPpjSgAFQOg%2Bo76ZmB%2BSCyfRzqQqH1GtgU9pS8ypTxhwbh%2BdNvyfsqIopEIxqbFKlgIm2AFE1NdkRFQiZI6q4himqiArhRola3IlT0QmEaehe28mXa6F5Cj2jrMLCHwXv2tvwLkh66h9UdqHG6sK%2FJIDV16eEIBGZm%2B2BVSIQ%2BT%2FxHzXa4EI0f8Bw%3D%3D%7Ctkp%3ABk9SR5re6PGXZw
Supreme Payphone Tee White / Cream Size Medium T-Shirt Telephone 2018 FW18,,£8.53,+£2.96 delivery,8 Feb 2026,25,Pre-owned ·,https://www.ebay.co.uk/itm/227198353488?_skw=supreme+t+shirt&itmmeta=01KJZHT5VV2NJEY2KJKVJ2YE70&hash=item34e613c050:g:TuAAAeSwvOBpdO23&itmprp=enc%3AAQALAAAA8GfYFPkwiKCW4ZNSs2u11xB2akGI9jzugetbQXP9zFlJnNkJ1%2FmpWYkZVmthHZPbo84%2FbEhOe9q3lxMT7TUJ9vxrTv4yNeLU0l3DgeH%2BrE%2B5ddXOmd4Hi4H5Viu2ZDJ3EsyzgGedD6QYL65vM1%2BNQzyVdfj3QOBD27YpT8uxsNek87Fop1tsbpAzUXqhH79yYgktRdm7CiAa9WId8jiJuz9bK39lSPsliUJUyv07IbPC9emQR8tjODHAHtY4gt1HDM2zVDIvT9JlZ7creEWWO5CM3ISGmPLyZee4TcqszklDr3RJLIHYCr%2FmGoZo1s%2FhXA%3D%3D%7Ctkp%3ABk9SR5ze6PGXZw
Supreme 20th Anniversary Box Logo T-Shirt Black Mens Large Made In USA,,£12.03,+£3.38 delivery,8 Feb 2026,25,Pre-owned ·,https://www.ebay.co.uk/itm/117007806351?_skw=supreme+t+shirt&itmmeta=01KJZHT5VV7D1EG3HEA68823VJ&hash=item1b3e356f8f:g:qbUAAeSwOt5pe5rp&itmprp=enc%3AAQALAAAA8GfYFPkwiKCW4ZNSs2u11xADchq%2FJgjSZde9EN%2FhADdIe2TmIvtwI4EjqQCs%2BNwoo9KjZaumF%2FqDVKbF4T4MDJSseglds7TrMGh%2BYPXGqz26osPmqaVvKI01n541vVGINcAZHiWMLa4kSd2%2FY4JGohmgV0xk9MhvqFDUo0Ka8AntmLd4rPO6IaVVaeiYEhtlTe%2BGhdSWLNDsMl7QKRpmw6jnFZWwjk2kXtviAmQaQcMt0wSP%2BI%2Bdd9V6wWtNmCcPrV2jkCGTwxBucGKja04E9ieQ2HMBCMe7hFDBECT1GDmwdCE5tnjKWV%2BxltDqWhLUFg%3D%3D%7Ctkp%3ABk9SR5ze6PGXZw
"Supreme Sequin Football Jersey - Navy, Small, In Hand✅",,£208.70,+£3.42 delivery,8 Feb 2026,25,Brand new ·,https://www.ebay.co.uk/itm/317339934277?_skw=supreme+t+shirt&itmmeta=01KJZHT5VVN3FHVAWZ33JB5GGS&hash=item49e2ef1e45:g:2n8AAeSwcGJo17IH&itmprp=enc%3AAQALAAAA0GfYFPkwiKCW4ZNSs2u11xCG%2FFR0rnnPG7cjGbwTyqnjGBm%2FBHRupYU79nDHgpD4N%2BhBZ8RAZI4gVgs0qBcs1Iktr%2FM701Q3xndSSUGjdO4Zpe5EIgOUSL3u6PktAbYUM0a4xQNyRn3csHeORVerqmg7uJrq2LHdgyU5T9A284Q%2B%2BfrAAo8q8uv6UnNc0u70wTY8Gg78ljyuXtLR0Bc99ZolljtDt7xXodTN38pZhIxPghGakAM50hWiGNRi4hzKPRo8Z7oJLniRhU5%2Fpg1sGnM%3D%7Ctkp%3ABk9SR5ze6PGXZw
Supreme T-Shirt / Size L / Mens / Black / Cotton / RRP £38,,£14.00,+£3.95 delivery,8 Feb 2026,25,Pre-owned ·,https://www.ebay.co.uk/itm/205315018775?_skw=supreme+t+shirt&itmmeta=01KJZHT5VV7SSXY4534E3FQPZ6&hash=item2fcdba9017:g:ST8AAeSwRXhnvbJU&itmprp=enc%3AAQALAAAA8GfYFPkwiKCW4ZNSs2u11xCfR%2FXhWPXBfeGVk8I9ve8mhzgV8umiNemobsOyCTdss22x%2FATYERutSZTcbcVxsty%2FXXdu86MRZ1IBAwZG9JoSQOsw5G6Lpnvt4kf2NXDhU87Ju%2FebepU652oTpoY8GGoWXEKzSfKLref77%2BeBMLTuwMD1cJGbyu%2FRKhUsjuMKENMoUiNDzjNOpgwIELF0%2BGSiEvqAqrg98haSYsi%2BgqJJqQ1mdqoFhuhhi7G1%2FsOUcM%2FKHA2kseTEC7HW9Jo8LHGPQzh43PxSfwtWzTwqasxcEYFNYShbGmFjf7aNnZOi7Q%3D%3D%7Ctkp%3ABk9SR5ze6PGXZw
Shop on eBay,,$20.00,,,,Brand New,https://ebay.com/itm/123456?itmmeta=012DEW30YG0MEEKND7NH&hash=item123546:g:acwAA9KNiJowH:sc:ShippingMethodStandard!95008!US!-1&itmprp=enc%3AbgepL1tlUHjMGCVfSTGJh%2BzsVKeJ3CQk7NizDI4BZeppuFnmyS6Ijyp8lh%2FnEw%2BWqO7uTV1Q6izE1R0T54aV8j71F4xlWfVcGft4%2FiOQhtqVXA1rW6M1atPARQRmhqUxtEPJKhKtSFgI%2Bvwlzb0GwVCtkp%3ABlBMUObkmabpYw
Shop on eBay,,$20.00,,,,Brand New,https://ebay.com/itm/123456?itmmeta=012DEW30YG0MEEKND7NH&hash=item123546:g:acwAA9KNiJowH:sc:ShippingMethodStandard!95008!US!-1&itmprp=enc%3AbgepL1tlUHjMGCVfSTGJh%2BzsVKeJ3CQk7NizDI4BZeppuFnmyS6Ijyp8lh%2FnEw%2BWqO7uTV1Q6izE1R0T54aV8j71F4xlWfVcGft4%2FiOQhtqVXA1rW6M1atPARQRmhqUxtEPJKhKtSFgI%2Bvwlzb0GwVCtkp%3ABlBMUObkmabpYw
Angel Supreme Black T-shirt Size Large,,£57.90,+£2.96 delivery,8 Feb 2026,25,Brand new ·,https://www.ebay.co.uk/itm/376796737826?_skw=supreme+t+shirt&itmmeta=01KJZHTAVHH0SCW7CJGN6N40AH&hash=item57bad5f122:g:6gcAAeSw46lpSaIj&itmprp=enc%3AAQALAAAA8GfYFPkwiKCW4ZNSs2u11xDR5ko8kB5oAGzYus6YU%2BrTaq25q5W7yomdFVEfClXQL2AcdtDh%2BOSXH4vCdUv2CjjPzHErLAKL7OXRst5npqzi5lQ2PU6QCt5KGWsgQrcZ5Zyy%2B%2BesApwDEs5KA6e6BLpcaSDqUEaHADzkDRiKErEHbiPSxTdxxcq2xxN3xSynxYqNCvQTSJuhT4EM3mksjBUwcwnI9dQHLX%2FmJsViyHlxYsPRKJY0gW768GYWIOOZ4h%2FdG4Qmh58O6JV%2BFfafrGR2f3gy5%2BnTdrEgoNjDuz3vcPsqPiLghtwUPcfo1N%2BEVg%3D%3D%7Ctkp%3ABk9SR4yu6fGXZw
Cradle Of Filth - Supreme Vampiric Evil - Shirt - L,,£16.15,+£2.96 delivery,8 Feb 2026,25,New (other) ·,https://www.ebay.co.uk/itm/336032283996?_skw=supreme+t+shirt&itmmeta=01KJZHTAVHTTV0WZ72R2P58WSY&hash=item4e3d15bd5c:g:ELYAAeSwNoZnvMyu&itmprp=enc%3AAQALAAAA8GfYFPkwiKCW4ZNSs2u11xD0u0aMr%2BnU3wXNJ8slbnJ3bnTqGG3xJNH9JXGq5dHHto0HwJ4Qe49JOnKH6DOEFKdj0h6T4oG6RUGZ2zxYjO%2BVAJ5ymqgSEllS0XV2KjCLFK26tUIgT0m9b08PFRDyb5czdtDURO7b3667PTbmRD9GPPrJ6u7ejqdf1Rskaq0VIyWXECaPz5YKbm%2F8z41qD0PfxEtxX%2FmqNVe%2BD0AEzptamG5Gsmo9%2FNtbggOc7FN5bhyTz5J3%2Fr37W%2FvTJ4DMw2ZoaLhUMyZ0pLSByfXHUXJMV1FGNJ4ZFhkvN6CzHtQzag%3D%3D%7Ctkp%3ABk9SR4yu6fGXZw
Vintage y2k skate 2005 Supreme box logo zapatista fzln T shirt Tee Black Large,,£37.10,+£3.38 delivery,8 Feb 2026,25,Pre-owned ·,https://www.ebay.co.uk/itm/257308956086?_skw=supreme+t+shirt&itmmeta=01KJZHTAVH1WK7FBT262619V7T&hash=item3be8cf15b6:g:SDQAAeSw5VhpYEF9&itmprp=enc%3AAQALAAAA8GfYFPkwiKCW4ZNSs2u11xBIbzp7Lhaztl9GTsMQkbI%2F9oQ1RORRLmbyTvig7GEcjMZm6JU69fnZa3USUdTS%2FBiHTDXB960b056GiaTnBMzpnvVpcZuLzcKVK1HJ8oL44n%2FnLQxBBjj3VC8ojdRQBUZmFJPNpjLEGx6%2F8PYG05W0cUF3TyPfDsT0mZkea%2Ftu1GSoxAEJQI9ac%2BJs3wMDfEJ7zSiEgZWjIjIkNNHnsxYrMC3n%2FrF0WD2NRaOIQxsxeBytIauvBXedfmfVQkw3F6t%2FbaoE8kdAzgCplTPkqaGCuXhY2lQBSDrFv5SienajpQ%3D%3D%7Ctkp%3ABk9SR4yu6fGXZw
Supreme Incorporated Box Tee Printed Black T-Shirt Size Medium,,£4.21,+£2.94 delivery,7 Feb 2026,26,Pre-owned ·,https://www.ebay.co.uk/itm/317826174080?_skw=supreme+t+shirt&itmmeta=01KJZHTAVJ8164DQ3ZJV9F252R&hash=item49ffea8c80:g:o8QAAeSwiLdpfnXY&itmprp=enc%3AAQALAAAA0GfYFPkwiKCW4ZNSs2u11xADslcy1ttuUnqJ6B5970%2BzwC35rZVln3ZQprG%2FNgT6UMHoWJRNcpH8lNhZV7LfPgzJwJVHJWY9wkn09HSYbMM0MdpuyvKFqGqoT4IMTJWo1GXn2%2FB%2BQwsUYN5f0N9CSN%2BaA%2Bws5pZ3N6w8U4C6Frvp8wsdnMuNJv68NcYtUUc44EwWPpe73SH1OV7itxJyZmynOq3JlD45X%2BV6Qm0hO8z8GyntxxjKMmg7T7QaYF4yIogpvncxbiLdJf3jUEnJyAM%3D%7Ctkp%3ABk9SR4yu6fGXZw
SUPREME MENS SIZE L,,£11.54,+£3.38 delivery,7 Feb 2026,26,Pre-owned ·,https://www.ebay.co.uk/itm/177830629376?_skw=supreme+t+shirt&itmmeta=01KJZHTAVJ7ZNWM7D5XMDWG0D1&hash=item2967881000:g:gy4AAeSwtElpe9cd&itmprp=enc%3AAQALAAAA8GfYFPkwiKCW4ZNSs2u11xCR4%2B4nM%2B3mQZc%2F1CyBfQOmoVKX9RGOMrsn1%2BaQlHu%2FgnmJuqnMqwcKrOI%2BwimiU2ltrsp4Skbseew1u76PCn1PrOfs%2BYehArqQlGpBADjpO3GywDRZhd5tKCyEfM6N3tHSipu6gga%2B4p%2BLG9F6fNOjtvmnKPb7A2EUP9bjUkNSI3x%2FKC9rXRmLe7qP2PdhTndmDBjAhaWJaEiqNmOHUovICuO36Oiv273z2Whg36igULlqBrXpL%2FH7%2BosGwCXWiIlKVmMcFjZqUWx0rObQ%2FVbeXEeB9trrMJmbn6GDOLt1yQ%3D%3D%7Ctkp%3ABk9SR46u6fGXZw
SUPREME - Atelier Mendini Milan T-Shirt - Gun Logo BLACK - Size M Medium - NYC,,£13.47,+£2.94 delivery,7 Feb 2026,26,Pre-owned ·,https://www.ebay.co.uk/itm/187954419493?_skw=supreme+t+shirt&itmmeta=01KJZHTAVJAP9SD00PZCD2VJDE&hash=item2bc2f4d725:g:7b0AAeSwWMNow7w7&itmprp=enc%3AAQALAAAA0GfYFPkwiKCW4ZNSs2u11xC1YTJX6DsntUm7rodOJ36Cw9iGen4Q6bXhlzyGpNu%2BcCAfWtazQ%2BS1NDKY6HFsE7OuLZrnGlIcEXHdGtQRA%2BetiXT6T5WhFb2ja6Jkt9YQwQCrtIQPk%2B9oDsLrQ6vkVfu9I%2B%2B3fPdrGvcnJtbhWYKkjqeToW0q8QYIqqBmL6f%2Bxts%2FXRxIMFqCM7z8rXDPK98IwwDL3AAAnPsBTglchBK0%2BDXgUuAueIjVBpbXgvEfHcLFkLB6zotdFfFReXhQNfQ%3D%7Ctkp%3ABk9SR46u6fGXZw
Supreme Sequin Football Jersey Navy Small BRAND NEW In hand,,£250.30,+£3.42 delivery,7 Feb 2026,26,Brand new ·,https://www.ebay.co.uk/itm/397248978016?_skw=supreme+t+shirt&itmmeta=01KJZHTAVJWBY43MTPZFS48THP&hash=item5c7de25c60:g:Qb0AAeSw8IVpElLh&itmprp=enc%3AAQALAAAA0GfYFPkwiKCW4ZNSs2u11xCDsvw9T%2BscZlnrJ9CV94prGULzVFGhpHnQ8Hqcu3dZMxpBexSmpLr4wRpwXaooHOIbrCFVR071losV23iflSB6Na4NngCqT4G3z0TdhV0xKIYOMGU0y5TErHeg5%2BT1EgkxZztWkcKz8itjmchH4QDq5bdRZkPkjv1qJZmzkB79JERCJeX53SZ%2Bt9eb9w51BvIekSQxmEINW9eWZGU714C6n9olOFS%2BdsfQWgn2gL4w7ZaiR%2F3MvhqgLTtcb7bdJvk%3D%7Ctkp%3ABk9SR46u6fGXZw
Supreme Playboy Carti Black Tee *NEW* Large Limited FW25,,£37.10,+£3.38 delivery,7 Feb 2026,26,Brand new ·,https://www.ebay.co.uk/itm/167750107357?_skw=supreme+t+shirt&itmmeta=01KJZHTAVJBE5ZSPSTYKX6KV0Z&hash=item270eaf80dd:g:3TAAAeSwxo1osHKO&itmprp=enc%3AAQALAAAA0GfYFPkwiKCW4ZNSs2u11xDa2f%2FIuQkcg7Dr5Qc0Nhl44IJKFrfo7tC4OmdwDq3rtOtWwTfocFcsnvjZep9fmc5DD6XLPvaVsYTVE1a78yuCJWlSXsiW70KImijhCi0WhWMr7sVzz1yYOZOoGhN5Nvl1r%2FTJYEuTHcMwg1oY0oUcOLo9edskCIwXJBnfGNpfXEywqh0rzR%2B6Xs8JrXZnW1KdF%2FcNHNUYc7L71flWn3LtTYi3n7tkdQe8hzXfKQZ8ceglqNNDdYlhrpy95AHTb0A%3D%7Ctkp%3ABk9SR46u6fGXZw
SUPREME BLACK AND GREEN 1994 T-SHIRT SIZE M MEDIUM,,£26.70,+£2.94 delivery,7 Feb 2026,26,Pre-owned ·,https://www.ebay.co.uk/itm/206007847704?_skw=supreme+t+shirt&itmmeta=01KJZHTAVJPD3XJD0EEJ3KD04C&hash=item2ff7064b18:g:iSEAAeSwgAhpbX2N&itmprp=enc%3AAQALAAAA0GfYFPkwiKCW4ZNSs2u11xAk%2FMPFlxh5ZdAhMT7xTxmQX5vK1KP9d1P1tqqnHza%2F95GUXUg8sZzntvdbDfATTKOTWgTCRGzksAWT1FPj%2Bj25kLyYONxX3wy8or%2BNW88%2BiOY5WjOILzQwKWHNBfIGGgKnkeDS4c5L%2BAXiitfYJdOwzEGiVwveZwjfxEde8v3bGlJ%2BfGmhmdaDce0mWCRBjOUljtrKeNw6gvwXvXxkR4yaknUv2fSffJklVYZiUmQUk%2BS2EnZhMI4pzGYmh%2FHzuVI%3D%7Ctkp%3ABk9SR46u6fGXZw
Supreme Orange Motif Tee,,£7.59,+£2.94 delivery,7 Feb 2026,26,Pre-owned ·,https://www.ebay.co.uk/itm/206039515083?_skw=supreme+t+shirt&itmmeta=01KJZHTAVJB4Y7BR6RFV906V48&hash=item2ff8e97fcb:g:cIkAAeSwRYFpfcw-&itmprp=enc%3AAQALAAAA0GfYFPkwiKCW4ZNSs2u11xB7FohkC9W3jXM9%2FTJjYd66xhMSojJFOsY5yDRLwO8a4zx3dzZcpulggkmKGDb5KrcTNLEBAm1UzmwtOzeqaO%2B%2BCU47cJqul0Qv5mrDQoqWOw%2FYdHTOXUHtXoG16f0Cra6FCve3NeJrAc8XhbhNZf3KUlz9r5itVCu8crY8so3ZLNP6T%2BvlYzcierzjIBoont6lMKL9fEtL8p8aY8ty8fQlY8Y03rPB%2FoUDjKrU6RIOg9yNbo9wtC8sBSw2dC7%2FtJ8%3D%7Ctkp%3ABk9SR46u6fGXZw
BNWT Grey Mens Big & Tall POLO RALPH LAUREN Supreme Comfort T-Shirt 4XL,,£16.98,+£3.38 delivery,7 Feb 2026,26,Brand new ·,https://www.ebay.co.uk/itm/267555965122?_skw=supreme+t+shirt&itmmeta=01KJZHTAVJ8FZ619BF1EPJ0JRJ&hash=item3e4b9408c2:g:4hUAAeSwWxBpdPAd&itmprp=enc%3AAQALAAAA8GfYFPkwiKCW4ZNSs2u11xCCL3efbDeMhbjrfg6ea5cJMy7D884q8VRhnKeWudQHTEpXb8xFHOdhYNrWwE95o%2Fa6vxrSSCzMV%2FsqVBjq6CLTQlshBBna9ymne1naAYQ%2BYV34vp1GcHjk10dX0o%2BJOKvngHJ4bUkgAvwlaI9A%2BxHBbt0GFGSb%2B57CAk4T%2BzqwkAwv79ixuUY6UDWydml5Gq0y6j4C8tQgPN76IijcKDD4hNI8gX1XL0wVPnsp6AiP2p88lLNpBBj2fYQgSQN5Sc%2FFUQFZkDLuVRW4SBXT0yqkMLngIji5eTUkTTGzUm0BfA%3D%3D%7Ctkp%3ABk9SR46u6fGXZw
Supreme Playboy Pocket Tee - White - FW18,,£47.50,+£2.94 delivery,7 Feb 2026,26,Pre-owned ·,https://www.ebay.co.uk/itm/127656491107?_skw=supreme+t+shirt&itmmeta=01KJZHTAVJPJGX1C3MDEYCNZZ2&hash=item1db8eb7863:g:wCEAAOSwt-plbNVo&itmprp=enc%3AAQALAAAA8GfYFPkwiKCW4ZNSs2u11xC17%2FLxpVZgz9HpeNr9016eNGO8aACowZmA4XwU1BZ2NpfHbmmzczX5hJZr1pq4tb2fIKRiem9yHlx8ADNuUg7nO%2Fs1lLQyp2IHJhACMbHz8ZQdzsoOUpzPJ5VmVSWuUy89zvTOqPbD21u4cqg86pd6JWJOibKP8cYBNBVf6kYHd9U92Jm5zLoAf4rKhPONo9fqlWCYKMK3sqn%2BVi743KQSgTXiiFu23d38ViAhtFcBML6QES4DJATzIHFYWhUCWOmBqgNNZal6blQ%2BvaMmakC9XiaH2SiAkdzNbT8RBnu8lQ%3D%3D%7Ctkp%3ABk9SR46u6fGXZw
Supreme Sade Photo Graphic T-shirt SS17 Black Size Medium,,£94.30,Free delivery,6 Feb 2026,27,Pre-owned ·,https://www.ebay.co.uk/itm/365664708522?_skw=supreme+t+shirt&itmmeta=01KJZHTAVJGD4YX1NYFMNZWAPJ&hash=item552350a7aa:g:0g0AAOSwt4ZoSaeY&itmprp=enc%3AAQALAAAA8GfYFPkwiKCW4ZNSs2u11xBKfTOjkY%2B8IWSuzq0%2F0ZzYRaj8j%2BIXq%2FksvMmMdKUruhO6s4UKxuWUWt%2FQiN6217EVNFsfE2T7l9wyH%2BkAHubp%2Fu3DbrSWne4KfTQPaQx1xQxEahsr8nvMCAB6YzqfNZbIS4FPBwib%2FI%2BFg0HtK70Di5bF%2Fceeva7%2BICmeclsoW8aNvfmBGKjeCqCTps828qCL31%2FxrXM%2BYRB2jbAiS6znBSERNAfkB7gXX%2BcMphIhvDMCPez4Es3EMgk6kIOqD3mPuWUJfJg0bvyK8GEicOUalxlPnAaM7%2BUpbamkybF0Qw%3D%3D%7Ctkp%3ABk9SR46u6fGXZw
Supreme Black T Shirt Size Medium,,£10.80,+£2.94 delivery,6 Feb 2026,27,Pre-owned ·,https://www.ebay.co.uk/itm/168110658220?_skw=supreme+t+shirt&itmmeta=01KJZHTAVJ6QGD5S41NCAT9PHH&hash=item27242d12ac:g:348AAeSwhw1pdooR&itmprp=enc%3AAQALAAAA0GfYFPkwiKCW4ZNSs2u11xBnBK6tYF35bHwt9TAN2PjXjsSzhmrUZ1k2whDSoiVwepIAGZ6AI3JdKKn1CpoZBh%2B4KC0XLvqBBEMwwdOIvIAPSFFHEsDcAtD00jh5Gw%2BOPEiLaSKobXLrkM5tfYrK1aQVMmtptw8nYRMATR1WKiUo%2FSKbvHkYpWxwwUYw38E5mP%2FYhiVWgriSHzcU%2ByrKa4QXlZartW6R7681os0Xaoj1oP9EDFsnoyLc18B7d3cH%2BUc8mldloXoF6V2nFdqdW6g%3D%7Ctkp%3ABk9SR46u6fGXZw
Supreme x Maison Martin Margiela MM6 Box Logo Bogo T Shirt Size M,,£68.30,+£2.94 delivery,6 Feb 2026,27,Pre-owned ·,https://www.ebay.co.uk/itm/326979403436?_skw=supreme+t+shirt&itmmeta=01KJZHTAVJDSCKZDPA7S9G2N4V&hash=item4c217dbeac:g:92gAAeSwNPhpfhXR&itmprp=enc%3AAQALAAAA0GfYFPkwiKCW4ZNSs2u11xCuO1fZoBnRZu8bfcXObUpt6G2WLYiSWfir%2Fc0lT6JxLYk4TvGYTBrbg5pHsW%2Frc%2BxX2jdyr3YzwVuT7d7fb0FlTfZ4COeDVNPoeyeGAnhAIb%2BzHT3rXcHmNPvkQx4bLf0FSAfCjNd%2FwzT7nwZgc0REBKzjFpl6BgaCQDFMor2p9qQ84n5uIAP0EQPRDgLKd1bfM2S1tmVQsRK54EyBPOGMr0Ms8Vx7s%2FK47NbRDqZnSU5eozEsjuZ3p%2B4pOAU4bj8%3D%7Ctkp%3ABk9SR46u6fGXZw
Supreme SS23 Arabic Logo Tee - Black - Size L Large,,£49.58,+£2.94 delivery,6 Feb 2026,27,Pre-owned ·,https://www.ebay.co.uk/itm/317532658453?_skw=supreme+t+shirt&itmmeta=01KJZHTAVJNGV0VWBYES7A9JAC&hash=item49ee6bdb15:g:E8UAAeSwRrFpFN0C&itmprp=enc%3AAQALAAAA0GfYFPkwiKCW4ZNSs2u11xCxcK6eZh%2F2Hoe49f3vQ%2FcHGi%2Bd0b07YwZMJR43tkxUOEE4SY1Al8b9Vmn7XyDCwq%2BS6y6tK%2BndvzOeH20gtuxcoDLMxxlW2reuXea2q1KH0Y1OMzLND%2Bs6%2BGoyRjjb6O0DqqKk2FZ%2FVOOj2Pt1lpbgrvqa8HO3%2FTkgZpC2qO8OjmMqO2p%2F9s4kQUxBX65kF3lTgdDYuhbgXprneYn9b72cptWIx8Kbem7WZTM3TQKfxdl1ZjDXWXPDbzvfE0obdrs%3D%7Ctkp%3ABk9SR46u6fGXZw
Supreme x Comme des Garçons Hoodie,,£102.62,+£2.94 delivery,6 Feb 2026,27,Pre-owned ·,https://www.ebay.co.uk/itm/397577744616?_skw=supreme+t+shirt&itmmeta=01KJZHTAVJJEM1BEPAZZNKBTQD&hash=item5c917af0e8:g:~gEAAOSwKeRku5-i&itmprp=enc%3AAQALAAAA8GfYFPkwiKCW4ZNSs2u11xDLmDtKKDEoRbPVEsbs4oVZByyB4P6WKRRzAL8Ri%2BzdrXJoUrl4RQYk0CWxI8zgrxw%2B8c7b10CZsxgjL%2Bl9S6pMVz08KEIVqLhtvLcGh7X%2BCMw62c8%2BzRai3nbFfgLwo6rFE9AbXe2%2BBEaN%2FizTiLF%2Bg6KtUFg5uooHVDEeoS86e%2BzaFINuAe4ggsTR3pYqvzb3OnyIdaDIjazfFOVRA%2F9c67TjMomu7EuaWjhz44XYKdU7TWOhCJOwMMSvon%2BAnTlhoTNHnf66G0XL9h%2BMjMT7rEAUat%2BqmrVQZ5IAMKLmXw%3D%3D%7Ctkp%3ABk9SR46u6fGXZw
Supreme - The Killer T-Shirt colab - Red XL-,,£31.90,+£3.38 delivery,6 Feb 2026,27,Pre-owned ·,https://www.ebay.co.uk/itm/277700820873?_skw=supreme+t+shirt&itmmeta=01KJZHTAVJQ2AV3A9T50JBX0JQ&hash=item40a8423f89:g:SF0AAeSwGjBpg8T4&itmprp=enc%3AAQALAAAA0GfYFPkwiKCW4ZNSs2u11xAyr784AjOAjFXSHqK%2BKO2iS9SnQzo%2B2%2Fq%2Bc9IximWeGrz2ilvHIcn%2BkuDASvsRvKNdAlGGHQeeJnNRopjZjyg7sUPPCMXXHcXzSYsXaEXi0wiVu027zJFy160ZrWcWUXid2D09rD7V3yTxjuaYUcydiCN1xQnLMJGwhVZRGj5V7aflt7%2F2Fj3JEZDkPUxJvab%2BMz2qPRrrOq%2BHQy6QXf7%2F5DxYvLHKezE40hUzW8HPHKTm%2FAMkKSsCHoEB2uHwEU4%3D%7Ctkp%3ABk9SR46u6fGXZw
BNWT STUSSY ERIC B & RAKIM MOVE THE CROWD LONG SLEEVE T-SHIRT SUPREME PALACE,,£49.87,Free delivery,6 Feb 2026,27,Brand new ·,https://www.ebay.co.uk/itm/187535654425?_skw=supreme+t+shirt&itmmeta=01KJZHTAVJ7214GRBH1SQ1VB08&hash=item2ba9fefe19:g:GDwAAOSwi9Nm0hUC&itmprp=enc%3AAQALAAAA8GfYFPkwiKCW4ZNSs2u11xCSsOKxCpuf8Mqr6h3ZFNBOGfRaVNCXx9nWz1WgBGxp1jBVGqbiXe3KG8R4jskqJkU5ifjKHQrNtQQK9TomS5DuLpD%2BsjkEeDo5j72ckMsJ%2FS1Pg766Rj7a%2BuuJS8ZntwGwN4TE%2Bo9WU5ZF4XcAkgwsWBW7yEjO6lriqtzLAip1OB9C%2BnQ34RVjcNl%2BfnbBPxZIs28mAgI%2F9czQr6R8DqAcOasskyIxZmnpmqHmKlHJLQ79dq6uRXjeUa%2Fbe%2Bddchk3Cf0j%2BPzjDOkXIeC6vOhzEADRONrQ7Jl%2BcVW8zAsWHw%3D%3D%7Ctkp%3ABk9SR46u6fGXZw
Supreme NFL X Raiders ‘47 Pocket Tee M,,£8.50,+£3.30 delivery,6 Feb 2026,27,Pre-owned ·,https://www.ebay.co.uk/itm/227195060069?_skw=supreme+t+shirt&itmmeta=01KJZHTAVJDBPMCT67ESAPVPJ6&hash=item34e5e17f65:g:nS8AAeSwGjBpfHY5&itmprp=enc%3AAQALAAAA8GfYFPkwiKCW4ZNSs2u11xAvfRhwxXdyvsFkoBJYS%2FeQ4o6rmptaaf3YGvgx9sK69ZCow9C%2BwcZJQZvX8d9RoSc9UfDaFSXPScBRl6Um0XzZmEqHmOfytAfRZj765H40gn%2BX5euzokWdBKksrKanqJSdOJY1D8q4SFlgWT2elnWkCtUw3YN4vi7lNpUHwUIdO5VZ1w%2BWSmB3FLkdXe%2FMHIW8n7XbcpSkX9JeA7ZaRMJy5kv9tnocAHnTN%2Bt15%2FAplNHMqp9EYtK1wFUDa22sT4WSLcBZvP%2BgiIoFKO6Miz5Wi5%2FB6mg9habnSmkoaI%2BMug%3D%3D%7Ctkp%3ABk9SR5Cu6fGXZw
"Supreme Yohji Yamamoto Logo Graffiti Signature T Shirt Tee White, Large, 42"" Vgc",,£20.59,Free delivery,5 Feb 2026,28,Pre-owned ·,https://www.ebay.co.uk/itm/146832040567?_skw=supreme+t+shirt&itmmeta=01KJZHTAVJQW3Q897DDA7KBNSK&hash=item222fdf2277:g:evMAAeSwlNRoxvBq&itmprp=enc%3AAQALAAAA0GfYFPkwiKCW4ZNSs2u11xAlcXwVXhGSUCuDt2bIJEiSm%2FuU19H%2FQKhQAryIsIwgIhFc5pqH3l3Jrfm9EqHDbodfMc4OZ0D2CkIID5HtL%2FGDPdf43RsT5ZHbLpdDns7BkzmuLqrG%2BSVYxQ8glYgFJ4x8WPo32m%2FExAO6Ew262EKOFCC8r8DE2dAcvCiL02ctTsOMw5xON%2FBn7IB5oN65k86O7fmEVOMalzuRnN6ZnbVSaRl651r0MlQgJtDQHrp8YSB2hpxskb8fwcoi8ypvvIs%3D%7Ctkp%3ABk9SR5Cu6fGXZw
Supreme X Aphex Twin Windowlicker Graphic Print T-Shirt Purple Size: M,,£63.10,+£2.94 delivery,5 Feb 2026,28,Brand new ·,https://www.ebay.co.uk/itm/235978634374?_skw=supreme+t+shirt&itmmeta=01KJZHTAVJEV7TAA3SB4NA2B36&hash=item36f16c3486:g:Ol8AAOSwIg9nv0Bg&itmprp=enc%3AAQALAAAA0GfYFPkwiKCW4ZNSs2u11xDQMDtk1a5QP2JbNxqZbpCgI7Ly%2Fj5Xw14SgPNVzB2St1YzBOpVVtHC%2Bc944OJpCaqhHKw%2BQHKvgPkwnj8pAAbRcgtgVY1ifQmF3183zobL2qbmCYbcfd3jFb8UPfKFDId3ntm19Wsqgkjzo7kZDswmLIWHpS9VBb1%2BonEOPy92xxaPgmKmOGZl%2BRCoGiflY6RtYu5dCP98FJhpk3sWesaqQprvhqaa9TKxscW%2FW1vJ6nYtpI%2B8ENc2UqTRIQQQyvY%3D%7Ctkp%3ABk9SR5Cu6fGXZw
Supreme x MLB New York Yankees SS15 Box Logo White T-Shirt - Mens Large,,£13.54,+£2.94 delivery,5 Feb 2026,28,Pre-owned ·,https://www.ebay.co.uk/itm/117011159290?_skw=supreme+t+shirt&itmmeta=01KJZHTAVJHS7Z6QNB8B1Q292Z&hash=item1b3e6898fa:g:EfQAAeSwufNpfiM1&itmprp=enc%3AAQALAAAA0GfYFPkwiKCW4ZNSs2u11xAgqJrHRwUs5df49x5O6QbaaMxDBBhamg09quo0ITZsppCjc9T825JEYcS0HPCyzbHsmGcc083Ze8DQPglDpNArt2%2BdC80BmpUw2I%2Ft0gKXzL%2FIke%2BtCBbV8r%2BHvSZ5jztfnpyJtzbNtJuwR6ir3eJwH2UGPjWPyf2z5pzmd%2FXpLzOtSVnJFjQti5GE%2FZP8uVy5ugCHVxffuViGZ9Fvmr%2FsA5MXu34fUWIZ3tsvM%2B9cK%2Fizwc--WQajHxosboJEqN8%3D%7Ctkp%3ABk9SR5Cu6fGXZw
Supreme T-Shirt / Size XL / Mens / MultiColoured / Cotton,,£19.00,+£3.95 delivery,6 Jul 2025,242,Pre-owned ·,https://www.ebay.co.uk/itm/205336726745?_skw=supreme+t+shirt&itmmeta=01KJZHTAVJPDQHYTDM7S38HE70&hash=item2fcf05ccd9:g:xZ4AAeSwu~JnydU3&itmprp=enc%3AAQALAAAA0GfYFPkwiKCW4ZNSs2u11xAmbDeZ5Mjl5cVj5T3YikFBE9QsKdHAuU%2Ba0cNZYrp7JMq7VTLDEaJfO13gPmPhJu6pYsDGvdc9YFLGpgdmZlRxYMrCCoESomW0aCSbVClVniJQp9CZnYofq31xWXHqiNSSy7Ki%2Fjm0UT%2BMVjg1%2BWMnTR6k0ZqTpvc8dd1sdaFfiNtCvynyTHuwT%2FqiKbGVF6g7iRgvz1SpseHDKbgbQyG7YzDLrkzhPiqQ1Qs%2BGssXPR%2FUgQaGe7asCqY6IbCUjO8%3D%7Ctkp%3ABk9SR5Cu6fGXZw
Supreme T-Shirt / Size XL / Mens / Red / Cotton,,£18.00,+£3.95 delivery,25 Aug 2025,192,Pre-owned ·,https://www.ebay.co.uk/itm/205315247594?_skw=supreme+t+shirt&itmmeta=01KJZHTAVKAGBYHNBV163KJMJ0&hash=item2fcdbe0dea:g:u5kAAeSwNYxnvcrr&itmprp=enc%3AAQALAAAA8GfYFPkwiKCW4ZNSs2u11xAyyKXjhx%2FhsciV2vCV7GNyiJl4gpop2JVAwl70hm5KYgWAyTHBTXc%2FGAPe6yZ%2FL9bQuU2gSVy%2FtnKf%2BIfip%2BQb8KvDPdogMrca0Mci%2FLw2KM3h3B5NRPiFhoKOdAJw6cht2eX0dRbUkXW1HKDtelMcDedwD9e%2FCGjUJmCTazJS9QJQe5QMGkTy%2B4j51RlyR78jwInTd9pqxcYMBr41QMzQlxQ%2FyhCWa748NFwynBs37kdqZq6s7zW6BUs64gCxAvGIqOZW%2FxboVEpx3YHq083e6N2ZWLQp%2FNF6rnlTzQ1g0g%3D%3D%7Ctkp%3ABk9SR5Cu6fGXZw
Supreme T-Shirt / Size M / Mens / MultiColoured / Cotton,,£20.00,+£3.95 delivery,9 Dec 2025,86,Pre-owned ·,https://www.ebay.co.uk/itm/205315236621?_skw=supreme+t+shirt&itmmeta=01KJZHTAVK4NEQX23KTBP08P0S&hash=item2fcdbde30d:g:n1IAAeSwL6JnvcmH&itmprp=enc%3AAQALAAAA0GfYFPkwiKCW4ZNSs2u11xD8Rb01TKXA0SoEdjuXLQwkytVVd1DepIA8Jz7JROKKbjbKFOZ2zNZo%2BZEjJMtiW6exGS9sK24x0mQBJVi3LZID6aMTP1HnVfKxgs55uRF59ivAEx8fM1oRNPgVbvVWKlHoGVPEbsC6nFb1D5%2BBY9Wyr6lJ%2BDjsczDMsAYl6GVWpUUdF2Qqa2o2AW95GUmHzN6VIH4eThngOpY0hg75A%2FG7yRvdKNi6uNj7oFQaGyoYFYU1Ss%2BL6%2F%2BjYCIP%2BMdmcg4%3D%7Ctkp%3ABk9SR5Cu6fGXZw
Supreme T-Shirt / Size M / Mens / Black / Cotton,,£25.00,+£3.95 delivery,24 Sep 2025,162,Pre-owned ·,https://www.ebay.co.uk/itm/205315225802?_skw=supreme+t+shirt&itmmeta=01KJZHTAVK8DDFTRKD985TF9C3&hash=item2fcdbdb8ca:g:tyUAAeSwq0xnvcfq&itmprp=enc%3AAQALAAAA8GfYFPkwiKCW4ZNSs2u11xD7xNzoMtNlz6wZYEIhpTkc9bQa6h%2F2BWOZ%2BZBhn5eWzWxD4dWD0GFqBhD2Aub4b1EYLI9%2BILeyaspimA4g8niJRRJ4t3hUFH%2B85GGVNRwKSnbXmWpCGFAHeJ0%2BAYyhOmV1NmFJ37J5B2AzbqoDDUKx3sZ9cyL0nVjhvWV3MPzRJTua64Nu17WcxhSMfQ9USv08bg5o%2Fl8r1bb3EqUCTuaeSRjSnI5%2Bnkq40F3pFFTfqcptsy%2FsKV%2B3zmwRX9%2FSPMMSySIKn7WJhZNQBd0Znu%2BDfeYltqVuoLqzrJkmvYAa2Q%3D%3D%7Ctkp%3ABk9SR5Cu6fGXZw
Supreme T-Shirts / Size M / Mens / Blue / Cotton,,£21.00,+£3.95 delivery,1 Feb 2026,32,Pre-owned ·,https://www.ebay.co.uk/itm/205315230748?_skw=supreme+t+shirt&itmmeta=01KJZHTAVKEZZB1VB85HVDAVCV&hash=item2fcdbdcc1c:g:3VgAAeSwb7Fnvclx&itmprp=enc%3AAQALAAAA8GfYFPkwiKCW4ZNSs2u11xB3p8qfCKZQWlUCwkRsru%2F2rTP7B%2FmrtYzoHjTcIkbSS1SerhVeh2Fpq9G%2FZTw85khbh4rbekefWNUSy7hvifsY7%2BLTQTVM8vpSuBI6Rdvoscn6fcfrk%2FaWsK1js6xqLBwpwJ17%2FKcm%2BUBN8ngw0VZVBCGAAqTA%2FGxrERzFDBRQLXpTRaxCpUYTBq9dUOyf1ly%2FeaKDZeCHSjaTuNkhd2xfDHR1OKAfsjxKEKnUOXElckcfpX9QVKIe0a5NrHIu26ejXwsyGHvS6DjN8qtJ3%2FqrTaTeTx5qQLXMjydQkKGfUw%3D%3D%7Ctkp%3ABk9SR5Cu6fGXZw
Supreme T-Shirt / Size M / Mens / White / Cotton,,£18.00,+£3.95 delivery,30 Jan 2026,34,Pre-owned ·,https://www.ebay.co.uk/itm/205315231020?_skw=supreme+t+shirt&itmmeta=01KJZHTAVK6H6J7VZWS40VXH18&hash=item2fcdbdcd2c:g:X08AAeSwK25nvclr&itmprp=enc%3AAQALAAAA0GfYFPkwiKCW4ZNSs2u11xDksEa%2BAGMhFJsxcPFD0hCi3Ii%2FIo7wlcG8nMZYYIH%2B%2B5AnkN0ka6%2FA5PhzYelN85aqj%2BJ%2BBGXkmIjqrrnOn1%2B5DWtJ0zfnXq0G1OPIkuoo0cNbdnjfz9fOK2in1%2F7kxUmrvPaWWmQAjCwVHvuoQ03mWc9GhJSLcD%2Ft85E0ibqIDrYCT7VPI%2By4vovswFujGIJhwhcYc9HDx2QrKEHr0TZmkZe4n4AcKFzeVpIbeQByjKWkHT6Q4%2BYBmA98aksTeo0%3D%7Ctkp%3ABk9SR5Cu6fGXZw
Supreme T-Shirt / Size S / Mens / Multicoloured / Cotton,,£31.00,+£3.95 delivery,11 Jun 2025,267,Pre-owned ·,https://www.ebay.co.uk/itm/205315203847?_skw=supreme+t+shirt&itmmeta=01KJZHTAVKVZ323PDSHYCTGDXD&hash=item2fcdbd6307:g:LjQAAeSwq51nvcab&itmprp=enc%3AAQALAAAA0GfYFPkwiKCW4ZNSs2u11xCEddyz9OYBCDXfn9V4r5fNJKDURRexozC1a2O92gZvEKRO5qPuxPfLExSql3v5qWnUYjqhZMKqtnHEHo6EaYbch5dkKBiGTIhXwlxO9tB9Kn%2B6i4XrresSyQA6WM7ea0uVdJOwVTixibJ1HjcWTKNJ3tpin163PEa5BJYNBcuz7nJP--VfNWBNb2K76669RgZLQ0%2BelgGq8MeZHVPL%2B9YGsgacKGN1GWTk%2Fug9DljulQoJldutvCX0EsgtFv%2FNCyo%3D%7Ctkp%3ABk9SR5Cu6fGXZw
Supreme T-Shirt / Size S / Mens / Green / Cotton,,£50.00,+£3.95 delivery,31 Mar 2025,339,Pre-owned ·,https://www.ebay.co.uk/itm/205315196554?_skw=supreme+t+shirt&itmmeta=01KJZHTAVKEKYG8F1FG5WWNBY0&hash=item2fcdbd468a:g:PB0AAeSwpEdnvcSo&itmprp=enc%3AAQALAAAA0GfYFPkwiKCW4ZNSs2u11xAB3rJtoaNOiqOOgOA6ERa%2FxQ8yAi%2FE8fOyGN2vV75iuCz8jo7e%2B98VE9twM7fmjULkiD3LO4TmRp11UPf6btYdj2tK21%2BpjWx5napl99VZXHLtFZcDuKV%2FCaJ30C%2BO7m24Nh%2BZDqIMCtJLnXkgLokeNfHHUNf2CXY7Bbp1bD8hygwiYATv0DGcJFCyOozl4CZrQWFDH3SPVWJG0II6PtScDeDoI%2Fjiq2BeBq4iNQU%2FTRXvxSYsDciW9VcjbXjPSSg%3D%7Ctkp%3ABk9SR5Cu6fGXZw
Supreme Black Bevel Text Ringer Tee Tshirt Size Meduim / Size M / Mens / Bl...,,£23.00,+£3.95 delivery,13 Sep 2025,173,Brand new ·,https://www.ebay.co.uk/itm/205315197160?_skw=supreme+t+shirt&itmmeta=01KJZHTAVKCSEDPTC98XMANY7S&hash=item2fcdbd48e8:g:TrUAAeSwkTtnvcWB&itmprp=enc%3AAQALAAAA0GfYFPkwiKCW4ZNSs2u11xA0rLBWr2nsiXMZamHlNPKApGscHcEU5Q%2BONmcCToRBk%2BWiB%2B4hpxzR3dxb55ukH6QGbeUDJghhyI8xiFg2u%2FP1N18F9YOHYY1tMR4PcUyCjFYTeenH10V3KfVrf05azy4mF0PbGAXHPwbYuQ5V1ggJt79IW%2Fr7ZGG4yLBvQcwsed5LXFKep4nYFpnxqKpr1wbtiUmS5IbjiWY0Ql05by5epyxtntByjJP9bMfODMnv5H%2BGw75AJ9gsO9TicquB3H0%3D%7Ctkp%3ABk9SR5Cu6fGXZw
Supreme Red Long Sleeve T shirt Size Extra Large / Size XL / Mens / Red / C...,,£19.00,+£3.95 delivery,25 Nov 2025,100,Pre-owned ·,https://www.ebay.co.uk/itm/205315182660?_skw=supreme+t+shirt&itmmeta=01KJZHTAVKBZERFG7GW2VE398G&hash=item2fcdbd1044:g:lkEAAeSwVaVnvcMA&itmprp=enc%3AAQALAAAA0GfYFPkwiKCW4ZNSs2u11xAxNsUeQzhRnQHL8kdWDQaeBRZZYa3QVbZnMsJV6BqX2RqIQqkAbXESM9%2F2kFQkmyPUgyOtFgzNDTrzRvo7I5dnLXXUq4uJsbsYrS8SHrW2SAmgSo6aiaGqq7WKsktDw3rFHNWJnatCR18PeOI6yHwbQYUH%2BocbzTHL8A1YIisjccEqOquh0AY5sPWGCXKJh3E1aGjiUZ5TRMOf9b31XahG1YgVcA%2FDnF7e7nx%2BULHGaE7PYPImaQ%2FUNkSq3Bv6Fcs%3D%7Ctkp%3ABk9SR5Ku6fGXZw
Supreme Long Sleeve T-Shirt / Size M / Mens / Black / Cotton,,£20.00,+£3.95 delivery,14 Aug 2025,203,Pre-owned ·,https://www.ebay.co.uk/itm/205315166859?_skw=supreme+t+shirt&itmmeta=01KJZHTAVKJYW1M62YVP2ZQNP3&hash=item2fcdbcd28b:g:6ccAAeSwRUdnvcGB&itmprp=enc%3AAQALAAAA8GfYFPkwiKCW4ZNSs2u11xAB2dOJ3QjOJrwi%2F2PwCsllijB7z062LJUxiWCwyDJxVdBSXdPeiJTVNxtMER0Ij5SW8Y2mE%2F9WyDjvrWBFdiq0NYooH4%2Bw%2FAkuYRpW%2F%2Bfb0%2B6FaP6yqz9byQDyVRdegjRLnwV9Qs1sSVF01%2BqCMCyBGa5%2B43wgmLy28Z7iRY4%2BnTDwzpNo8ZLqQ7lsBjPYO3YvN%2BL7btD8Bwhr1r%2B8vtoOmzIwsqhbbs9GgN2OXcIdV7wK3sGPKdIpFn4yaKaOQAUOG7P%2F1nRpwhIcupqM5T8Kpqpw9fM%2BYGyVPJfWOmf%2BWQ%3D%3D%7Ctkp%3ABk9SR5Ku6fGXZw
Supreme T-Shirt / Size M / Mens / Yellow / Cotton,,£20.00,+£3.95 delivery,25 Aug 2025,192,Pre-owned ·,https://www.ebay.co.uk/itm/205315176282?_skw=supreme+t+shirt&itmmeta=01KJZHTAVKMGVFKXAS8F0CAPKQ&hash=item2fcdbcf75a:g:Nq0AAeSwLH9nvcJk&itmprp=enc%3AAQALAAAA8GfYFPkwiKCW4ZNSs2u11xDeMW7DDc%2FRCpOLYExbPrewYoWp2AaKvZsXveesX5AbZZtCm%2BqxTj2y7zCYRhEwSlvTYJfxbeu7odtRriA42dgSaZgqSplifuPTHMztB0Ua%2BM4Exq1%2B16yn9JMUE9CgL62FZaFekoURu5BDaPHmGhPyTLt7YvuMJKq1E7zAkawmsrVhPz12DGWiDTmfmUXvhm1SLFQ54Pgz7jXLrRu9yZLSpeBTQtMawUT92k14D8BwXDVKDLXcII1N4NhYjX48vaAQnUI6YjJkAn6HXP9oqvBDt%2FUk%2FgZSmfMN4IZYduTxqg%3D%3D%7Ctkp%3ABk9SR5Ku6fGXZw
Supreme T-Shirt / Size M / Mens / Green / Cotton,,£16.00,+£3.95 delivery,25 Aug 2025,192,Pre-owned ·,https://www.ebay.co.uk/itm/205315135297?_skw=supreme+t+shirt&itmmeta=01KJZHTAVKS1R82P2ZJY5FYKCW&hash=item2fcdbc5741:g:Ov8AAeSw8Xtnvb1S&itmprp=enc%3AAQALAAAA0GfYFPkwiKCW4ZNSs2u11xB7THsfoQNMBqXK%2FD6MsU%2BFJSarNUl36zm9OTcbhva9V6FC3EbD06gWawJTLwd7KFbxIAEsUTO2N6bu9Zfs%2Bx9OSucWMbTJ2eAfk%2BbsfSqb6Hq9a81eFbOuw073ZjABx8OZB30DKSHYnCJla7JEGxwGCR1VEU%2B6MfO7jWn1t%2BgvklpHE1w1JF1P6Q3cdhfUNrmBLrNs0LgHwcy3nZT7tYkezJpjQSKUnhFaCWqGJZlA2pg6qSBy64Sqj0TkqfJVHvk%3D%7Ctkp%3ABk9SR5Ku6fGXZw
Supreme T-Shirt / Size M / Mens / Black / Cotton,,£25.00,+£3.95 delivery,10 Jul 2025,238,Pre-owned ·,https://www.ebay.co.uk/itm/205315144339?_skw=supreme+t+shirt&itmmeta=01KJZHTAVKWNJTMYZ98BH6GZAZ&hash=item2fcdbc7a93:g:aLEAAeSwfZ9nvb4k&itmprp=enc%3AAQALAAAA8GfYFPkwiKCW4ZNSs2u11xD%2BbiYubuo65l4ZyhVv7mr%2F4Gv8sDsz%2F%2BDkHYoBQTjfpDZkJsSiJ0AyT%2Bw40GVJlyA5rbJuunIpVsudYQ867ndrOwPANyDXaHEQeLzSQcfwzn%2BEP1u%2BjLBOHq3eyBiURFtlmNpUjm18ogjbxfDD4cFjOq%2FplhgHK4l8kvM1gk97NwE1D7BsHJB5psF2tcgNKRLDxzOIXEjFXuEpGaD8fTlx%2B%2BQXn6jk1hYy0WSWRjNw608%2BbCjIl9D%2BcqRwxmPrg5M7AGTepfUZGNBkic%2FuGlKqV8nzL8GrBddVyWnRzdswVA%3D%3D%7Ctkp%3ABk9SR5Ku6fGXZw
Supreme T-Shirt / Size L / Mens / White / Cotton,,£32.00,+£3.95 delivery,24 Jan 2026,40,Pre-owned ·,https://www.ebay.co.uk/itm/205315147558?_skw=supreme+t+shirt&itmmeta=01KJZHTAVKM0EHQ46J1ZPHC3WD&hash=item2fcdbc8726:g:dXoAAeSwSM1nvb5O&itmprp=enc%3AAQALAAAA8GfYFPkwiKCW4ZNSs2u11xBJYIAVlZB2fBgrlz2AdUx2qqpvD4StuI2PRNJLKQwRJOtWTPL6Lif1SR%2BhQEw%2B6TRtWyhBHKxeuwkzS7I0ycKjTFpTcog84LaQEdjdoTlSBmRrdlF26VU%2FlrYJVJQpbBmFzMbnxRXBgJM6m4a5KSAxZM2Dqh5z1LTiv0jEC1JoJyLarzr4RZ9v032Nl55s9lFjzzCwpVBoNyi6dU%2F1o0ntMVAZnbC4nFRAfEpN05%2FrSoZosDRat45uCNM70D6Jbg4dnJ0%2BwdLWHPC7C5A9u6X7Xk7ZGlc%2B7x4oS7nNSTCMNw%3D%3D%7Ctkp%3ABk9SR5Ku6fGXZw
Supreme Navy Dream Tee Size Meduim / Size M / Mens / Blue / Cotton / RRP £38.00,,£16.00,+£3.95 delivery,25 Aug 2025,192,Pre-owned ·,https://www.ebay.co.uk/itm/205315080845?_skw=supreme+t+shirt&itmmeta=01KJZHTAVK2HY31AFTVD897TKM&hash=item2fcdbb828d:g:SiYAAeSwv-ZnvbdR&itmprp=enc%3AAQALAAAA0GfYFPkwiKCW4ZNSs2u11xC0k5ue1mTS5p30H1hxewEYchoNqo8CzaG5o%2F17twK%2FUWU1D0tzoGl2laY%2BKnDBurt01eRDBhpo%2BCBQs6JlIRzawBx6n2fg9GqzADXNEVzEmZdyDJl0ktVxeTPAbl9vZibnsbKHoZEmYtSoyp8cbJ0%2BsmBnSAWhUj9KKgv6ncXlL36dRpe7V%2BnK%2FofVM1tc2j4PY3SQ8%2FulWSUsULvY5i%2BWrRV%2FwFUqJkO%2BSTWAI8iG0JoA6vbN%2FP%2FIcdyuXLxNmOY%3D%7Ctkp%3ABk9SR5Ku6fGXZw
Supreme T-Shirt / Size L / Mens / Grey / Cotton / RRP £50,,£25.00,+£3.95 delivery,2 Sep 2025,184,Pre-owned ·,https://www.ebay.co.uk/itm/205315061996?_skw=supreme+t+shirt&itmmeta=01KJZHTAVKM2PNDDKHZCRHCH0C&hash=item2fcdbb38ec:g:FgMAAeSwfe5nvbXG&itmprp=enc%3AAQALAAAA8GfYFPkwiKCW4ZNSs2u11xBASMz8m9B0%2FqJhwoDQdjqSJMFj2Oz3wgwh5iLKWMQijwBmPJdZujMHBWrJ%2FkZwiT6NYY92jKAyr8jMh8WCxBYGtKhTUv1ZJ28AUhyTJZy8UxA8C2js9SSUR%2FZ%2FEibkAkbICNTv24Ody7qiyA5FeJQDn%2FANEcFkjcUwMPzPCxq2UFiSl7%2FT8RuY3vZkMgq6DRf6rlY%2BKz7j2YD7M0u238IRv3xwcgQmnacC2%2BZl3Ovhl8r2p0mUYHzJsEg7OwwUmXYT6XZLCOAo%2FFrvy8CAGTEWpmERdyQWEBYazw0PVmvePQ%3D%3D%7Ctkp%3ABk9SR5Ku6fGXZw
Supreme T-Shirt / Size M / Mens / Orange / Cotton,,£20.00,+£3.95 delivery,12 Aug 2025,205,Pre-owned ·,https://www.ebay.co.uk/itm/205315062397?_skw=supreme+t+shirt&itmmeta=01KJZHTAVK5S1DGBA8T5EHGJCT&hash=item2fcdbb3a7d:g:ARAAAeSwy5JnvbVD&itmprp=enc%3AAQALAAAA0GfYFPkwiKCW4ZNSs2u11xD3KhQJ%2BKEM0cumEeIEquOnPoWuQ6KP%2FkwAP85kvdtRn5g4VVBk%2B2%2Bm1QtTMadaYX5Zw2FDwgpVl4XSSHDoyLAs3CEymvk8wbxiGLClpIyyXT2LbgicCSr%2FHJxjqxNr6bRl9PKYmXRSDWhve5BcqHp86Zd1SStcO0sT0FUYFo1KoGYz%2BxfpXLM1QPIpdp1l2%2BRLLWW%2BszS7X908%2B5qG5d1wgtSmdcoNOax%2BZiykJT%2FMj%2FuGpp2UKoyJwouyTO8au0g%3D%7Ctkp%3ABk9SR5Ku6fGXZw
Supreme Grey Lady Outline L/S Tee Size Large / Size L / Mens / Grey / RRP £75.00,,£21.00,+£3.95 delivery,18 Dec 2025,77,Pre-owned ·,https://www.ebay.co.uk/itm/205315044136?_skw=supreme+t+shirt&itmmeta=01KJZHTAVKBJ7HDSG66HMW8DHP&hash=item2fcdbaf328:g:Vm4AAeSwyDBnvbSN&itmprp=enc%3AAQALAAAA8GfYFPkwiKCW4ZNSs2u11xBI%2BYCUsjvxmIEy5hHHcPBAnRn2xA1Z4njybSMcsgRmVoEDnMYkyXzBS1hSIsYlCY0YRqyKYKutiIO7qk1wK%2B%2FNNiyZOhFMZVfYQ1HBjI6YMWvYr%2F6Fm9xxmXQAZLC9JSZTalZchqW2rjmG1KAkKtix2v%2Bm072AzBwAhD9hLIRBs%2FEmuC9WNiFAd4imq1re6LbossU3rNRTspcdjtkS5r%2FCAq4p%2FzrNB2z%2FYm0QuwPJYYsdrKhngNzFMw4ilBsQN9HeGDIUL%2BhAIPPVzhGTCj1DS2lnmmIfNy10MJTkidKecw%3D%3D%7Ctkp%3ABk9SR5Ku6fGXZw
Supreme T-Shirt / Size M / Mens / Blue / Cotton,,£24.00,+£3.95 delivery,17 Jul 2025,231,Pre-owned ·,https://www.ebay.co.uk/itm/205315026681?_skw=supreme+t+shirt&itmmeta=01KJZHTAVK143JTQT0B1BMTS60&hash=item2fcdbaaef9:g:SswAAeSw5ZNnvbL7&itmprp=enc%3AAQALAAAA0GfYFPkwiKCW4ZNSs2u11xDZnam%2BgpeSZL%2FCRYpwk6kONb0bUVlVah70Kpzqxvlz1aLEWxUlG%2FxH8zKqcYGA6YnNIA5u8quFceFBkl6bYuqf0Kwg5d8v6aokcoYnbS4%2B5NNtcfUYv2HXTxK1vHOsLMQIkRQhxvl0StE345HuTZZSQ68cwCxbBOoAPLkFYY8aL8LDArLqfrp%2F10J7gEgFTH36xydTTaXiGK2DPK4z9jQHPj2mgRNKy0VOmWfbNZZQWHreGp9Cmx9Gqio%2FLxPJIRA%3D%7Ctkp%3ABk9SR5Ku6fGXZw
Supreme T-Shirt / Size M / Mens / Blue / Cotton,,£24.00,+£3.95 delivery,31 Jan 2026,33,Pre-owned ·,https://www.ebay.co.uk/itm/205315022605?_skw=supreme+t+shirt&itmmeta=01KJZHTAVKQ2YXTJYFW2J5MTA4&hash=item2fcdba9f0d:g:PwkAAeSwsUhnvbJS&itmprp=enc%3AAQALAAAA0GfYFPkwiKCW4ZNSs2u11xCVbDtvHFvLhUYwj5%2Fqo0erKCpmLyy4xr6Ya2b1%2FoDIfJtAlo5RF04TYvjmWvQxmlzsnGaEY6TESA61iJeKU3R8uYgvlvi8JwYpDx0mlLG1yOUSG13%2BlwgDDPhtowO3Kjhhyr30N%2B5U1OB2g5wa%2BnFT22W%2FG3Qh5DSs%2B1TOeOkgL1WIRdY7kmMkTndz7%2FFPLvRKqThjtAakah4PCFz%2FfuVUOeogEK0C7iOocLA6QJ4KsNXrjSFgUsSuonnNXDHIOLs%3D%7Ctkp%3ABk9SR5Ku6fGXZw
Supreme Red NFL Raiders '47 Pocket Tee Tshirt Size Meduim / Size M / Mens /...,,£19.00,+£3.95 delivery,25 Aug 2025,192,Pre-owned ·,https://www.ebay.co.uk/itm/205315045033?_skw=supreme+t+shirt&itmmeta=01KJZHTAVKZ0AP9M54ER462363&hash=item2fcdbaf6a9:g:A8sAAeSwKZtnvbPl&itmprp=enc%3AAQALAAAA0GfYFPkwiKCW4ZNSs2u11xC7eLjUDouaXuKddvbV3O9sjVcGWkQ2qnx3xe3ASywf4xFOrqxgS0hQCs99NbKaM3GFFbWEQjM5bpgO5dJBqLgigg7QpQlJyDegiTw2mKVbzX%2BPjLgQVMoPmTmJwg6q23rlTEXjy9I2GhCv6SexAQvaU2saplHsR4IVwxni%2FKYMBt7m1wV7%2BmSYzK5%2BsmG2yAaSDGIEOhNDzUmr4g8AfdqkQyT1KL8tfWf38%2FVWM%2Ff9k54DD%2FDa8gyNqdRNXITn14M%3D%7Ctkp%3ABk9SR5Ku6fGXZw
"Supreme Navy Scratch Tee Crewneck T-Shirt, Medium Size with Multicolour Log...",,£18.00,+£3.95 delivery,25 Aug 2025,192,Pre-owned ·,https://www.ebay.co.uk/itm/205314999007?_skw=supreme+t+shirt&itmmeta=01KJZHTAVKN7VQKTNRZN66ZBN4&hash=item2fcdba42df:g:BkAAAeSwAvZnva78&itmprp=enc%3AAQALAAAA0GfYFPkwiKCW4ZNSs2u11xDD0nuvVDYtKOUH%2F02fSB1L%2FkcvyPKVgjLTJKJjH4FjnIYhZ%2Fg90hBeq9vB2tfnVlZU26lc1xsAG3F2h2ZtuGjTJIdozpyPJgJGGyY6Kkj2iLJkCFPX%2B%2BycTb7lLOkC16fPSo1X1m%2BHwdpMRtZbBDLuusPWls4zr%2F083lUPjDyiiliPzxux9yBx3867g3sPtGJpRYoacqPkZ5999UxHYLB3zXM%2FyQ49oOCsXKKYumF1VnYYozu5TKXksj%2Bs7v8RrNg%3D%7Ctkp%3ABk9SR5Ku6fGXZw
Supreme T-Shirt / Size L / Mens / Blue / Cotton,,£28.00,+£3.95 delivery,12 Jan 2026,52,Pre-owned ·,https://www.ebay.co.uk/itm/205315014565?_skw=supreme+t+shirt&itmmeta=01KJZHTAVMF657C2JF8MTQXY51&hash=item2fcdba7fa5:g:66YAAeSwW5JnvbF9&itmprp=enc%3AAQALAAAA8GfYFPkwiKCW4ZNSs2u11xDKJgdWDOnIMyi4Nn%2BUs7SsHPAGeqI%2FdHnHlYukFlbz4Rfi0xsww8KaT8FcfTQgmPjxQZt7nk8%2BVzStqDDoSD3cjSitc5LOr6r7iA1SGF7u05ydBtFEFHBk7hQiSHpJT5tkTJA6ZxEyaIAcl6vraY4axEbQ3kd7NsdtkpfDArdMp%2Bh600AhFwusJWRzLKBEtHRUek1ikuUn0MWImELxc0%2Fc7J5CNFon0XtbBb3zzKPPuxw9M6DKR2cShxCs2qUzO0mCrYWs4MycMtvcrSuhx7Y618AFrHeFlP%2FRcvOON2LCSQ%3D%3D%7Ctkp%3ABk9SR5Su6fGXZw
Supreme T-Shirt / Size M / Mens / MultiColoured / Cotton,,£30.00,+£3.95 delivery,13 Sep 2025,173,Pre-owned ·,https://www.ebay.co.uk/itm/205315016946?_skw=supreme+t+shirt&itmmeta=01KJZHTAVMB6P3H1Y6EVT3FQGX&hash=item2fcdba88f2:g:EdwAAeSw4fZnvbJP&itmprp=enc%3AAQALAAAA0GfYFPkwiKCW4ZNSs2u11xDD%2BvOp0jrcMdDI8dB0cYK4KmTxGEkVGZmIDmRqEHYpVtJ3y3JTTHF6kwCSOyyq12czOPFHmbovQdqGKpwUCn%2Bex%2FQvSzvUt76c34qoQ8cAbkGquyTPVtMaU7qTDOImR06Snee1MIb7LTPTfFjiZe%2BMH%2FliJbLAqSEF8MPKvOC8YTJEmh93h4UtULyt%2BPjMskH836YcUw5KgT0eNvmveJ73XeKZjPTN9jQTZEgxoeZ7Fl2JLBjdSi9QXlF9Z7lwL80%3D%7Ctkp%3ABk9SR5Su6fGXZw
Supreme T-Shirt / Size M / Mens / White / Cotton,,£18.00,+£3.95 delivery,27 Aug 2025,190,Pre-owned ·,https://www.ebay.co.uk/itm/205314983072?_skw=supreme+t+shirt&itmmeta=01KJZHTAVMV5QH4ER8FXW30608&hash=item2fcdba04a0:g:4zMAAeSwmBJnvayj&itmprp=enc%3AAQALAAAA8GfYFPkwiKCW4ZNSs2u11xDBTJ69mM7y5cCHgBu68aOgVUuribceK2V3C3HwMlp8tdilcu0oeqE1BOW%2BNn7Ry8OAM69VCbTftURvUrDkY35V95XUJI9ersN4vUEzk4DteXcrThs9Dy1qBbUx4P1zEbN2v2MenjLCRLI5qwq3ZIcI1HJ82M5qwxRmSNIEU9vtbQMBgO%2B3U4d6e4gH4HqX0APnVEow6Sm6gGqugt2Pi79jNFhbTiNcUYiqtp%2FrC73XlrQMU2MBbauAT4L1g83KxbDiveTjtJilOEx8CKYKZpDx07TZu57zODnBk9kI4z0spQ%3D%3D%7Ctkp%3ABk9SR5Su6fGXZw
Supreme T-Shirt / Size M / Mens / Orange / Cotton,,£21.00,+£3.95 delivery,6 Jul 2025,242,Pre-owned ·,https://www.ebay.co.uk/itm/205314985101?_skw=supreme+t+shirt&itmmeta=01KJZHTAVM85CQBYS2QRV8A0PZ&hash=item2fcdba0c8d:g:2lEAAeSwy6Fnva10&itmprp=enc%3AAQALAAAA0GfYFPkwiKCW4ZNSs2u11xDCyJZ1F7fwLnctnyRU4JKNkp1fzmu3dyk6NWwfMCpFfrFEoNBcAa4SFuwvMyZbLQDc1XOe5tCh2SxFAJj4cCV47%2B46Eh10mvP197tvNk0z3YugTY5KRNN8seMxJxegT4GjVSx0UNEtBsw%2Fj6sOHrJmlx%2FfFcHpng4rEk8G2MNJ6m4k5ptLu0DIEQ3gZFuOBzmsTtNV3MNwqDTKVBvlUosgj7IGZ6Ogp0N0zENqyxTDjNM1GVa2dXNwW4ob4Wu9OW8%3D%7Ctkp%3ABk9SR5Su6fGXZw
Supreme Grey Chart Tee Size Large / Size L / Mens / Grey / Cotton / RRP £38.00,,£19.00,+£3.95 delivery,8 Aug 2025,209,Pre-owned ·,https://www.ebay.co.uk/itm/205314914554?_skw=supreme+t+shirt&itmmeta=01KJZHTAVMCAXCQ347BKQCD865&hash=item2fcdb8f8fa:g:txMAAeSwKQtnvaLQ&itmprp=enc%3AAQALAAAA0GfYFPkwiKCW4ZNSs2u11xCrcAwKq%2FbGA2BsJ7vpx7kVTYScLn8piNXw4yG2jjmHPJhR0Lk4VAuOS7c8z1sOHMFwx6xFGEhYAoXLqZY0uVPNlDhUhcEK1kYTKmYhGMUYoBXHX4EK3tH9u5RbeRYBJg90Bxfhrs7kzUEY%2BLgqyaf28SuqAkatvC23SNCkq4rjhBtQIWPqiYleQwXamJZNuFrEXHRi1YkNrAczBp9JUOhyAzMMyJ5e5ffGrzBk8wDABXSWbbHlFqZDcfeUzvL1QdY%3D%7Ctkp%3ABk9SR5Su6fGXZw
Supreme T-Shirt / Size M / Mens / MultiColoured / Cotton,,£19.00,+£3.95 delivery,31 Jul 2025,217,Pre-owned ·,https://www.ebay.co.uk/itm/205314917998?_skw=supreme+t+shirt&itmmeta=01KJZHTAVMT2YST1Z91ZM50HHS&hash=item2fcdb9066e:g:CZwAAeSwgUtnvaQv&itmprp=enc%3AAQALAAAA0GfYFPkwiKCW4ZNSs2u11xDwimJQf7IzMZW7uKRpBt9mVMcGOiRjdtRUS3kSFIxs6DrppzZbGa9eTYB7RyeQaY32%2BxRuHtcc7Ern2tCA7g7R0c0lOSBIqWedzei7CUZQbJ5cUvkYxBILu4%2BhsiU1%2FmJtj5Gxtq3E9pL5fzH3VVWFqYWayfQgqoFyHTGNvQ0AuiGT4Ix1IB1yoDd77H4B9k6G%2BVl9CB6YF23nPJQDnuVCjz484wTs1UBkudA8JqTnm6zbTeHxVMIFVCBSSCJ6ejs%3D%7Ctkp%3ABk9SR5Su6fGXZw
Supreme ANDRE 3000 Photo Tee Black T Shirt Large worn once,,£58.94,+£2.94 delivery,5 Feb 2026,28,Pre-owned ·,https://www.ebay.co.uk/itm/357872558387?_skw=supreme+t+shirt&itmmeta=01KJZHTAVMCBEZWZVFH34NREWR&hash=item5352dde133:g:yCEAAeSwjzdpDlEs&itmprp=enc%3AAQALAAAA0GfYFPkwiKCW4ZNSs2u11xAJ5KAsEt8cOQids7DLyeMs6L2o8GMxARLWB3Vqh5y%2BoJ3GNtRUZtqTWaDLbX%2B4rWSC8TVtvkzcg0vk9vSfzT4xNPCiU8SD9Hg4J4DmM60Esy48P5qydHtehpxQR5Ekx3BkwLsmwddCD7G42zXqY0b2bnmLfHrKTcRGrQM6nXr0IHqRbVMaRVQicAQrubToSeEIbg0%2BO%2B0UI%2FSg8%2FmxlW1UBmiiJ2GBhyGqwINQhrextPpPr5%2FDIViaeNIKU4twGnI%3D%7Ctkp%3ABk9SR5Su6fGXZw
"Supreme T-Shirt Men's White With Box Red Logo, Size Large",,£15.54,+£2.94 delivery,5 Feb 2026,28,Brand new ·,https://www.ebay.co.uk/itm/306737249624?_skw=supreme+t+shirt&itmmeta=01KJZHTAVMHW8MPNPWXQGBG37A&hash=item476af6fd58:g:EbgAAeSwH1Bpez2O&itmprp=enc%3AAQALAAAA0GfYFPkwiKCW4ZNSs2u11xBbKzYQuRwKZdpPdW228QhE9ClU5KftYEPttHCNvrU%2FDFlEkLubo%2BFq57kWEsfYcZ9Mf7Py5LpqE2N%2BmlwxNYS%2B01imFld7rZPK6976JYwm8VY4sErJPEF3FyOeI1JmNdoR6eJLCCP8jcbj9NdEpA0ZlEzDJ66o3JWeSfdwf1H1Vg6DLaHHQ9bGHUnyDdE6GGn69qFK6aRHbqRdxllZRAkwCGT4L2aZbb46D%2B1XI5%2FH6y5rcmR46I6OZwxr3TGZHyQ%3D%7Ctkp%3ABk9SR5au6fGXZw
Supreme Kim Necklace Tee - Large,,£57.90,+£2.94 delivery,5 Feb 2026,28,Pre-owned ·,https://www.ebay.co.uk/itm/365603800311?_skw=supreme+t+shirt&itmmeta=01KJZHTAVM72YAY6FWJMKR4HYX&hash=item551faf44f7:g:u3EAAeSwqX9oJa7U&itmprp=enc%3AAQALAAAA0GfYFPkwiKCW4ZNSs2u11xC%2B77EWqpQc%2F3uhRGcp7Nk7UI57Zqps54UDtGFMOjIMOjsGPjZSRBWhblYefVIEri%2FYVYjEBllfd2N%2Fb3uh2%2BEmteebH0ChZy%2FF98cATu7po25toQ50GHxO8a2O7jJm2NUICVzwtXFoccGJytz4sxjVWMOAlGHGgflw7A7lPSf8tGacBYITTEXuOWF3zoqVaroX%2BbDURFOJsr6Q%2BRexUPeHtg5p1UXyVqljhjZ%2FDCHzvqMbw2oRX0ekdXt9an%2BKSSg%3D%7Ctkp%3ABk9SR5au6fGXZw
SUPREME SPLIT S/S FOOTBALL TOP ! Black SIZE LARGE,,£83.90,+£2.96 delivery,5 Feb 2026,28,New (other) ·,https://www.ebay.co.uk/itm/287014811829?_skw=supreme+t+shirt&itmmeta=01KJZHTAVMFCQC454DJHGFNATS&hash=item42d36a78b5:g:Zp4AAeSw-ftonPw7&itmprp=enc%3AAQALAAAA0GfYFPkwiKCW4ZNSs2u11xBz03wUlmYeT0J%2BnzkcEhMJIpOmxp%2BPFtVmcx6yRpMDlmvxvW5M%2FKkOf72BzVw3rC30VhpsrO2qSc4jevH3qeMloUBqXviw13xJk1qplRAVYZ%2FVjvdpQPLpESqkHTUq8WAo6JHUetOSiL%2F8eXsqkoFfYQUDVsAtih5Gc6XdGdx4%2BVkO3V8Vb%2FuBNK6FlFxY6z30X4r5%2FI6bQhnnVGJKzmqPOsumYEp0%2Bx0CNIvzbI9I1B7JOpb8uv8%2B7K3SkDpYS2s%3D%7Ctkp%3ABk9SR5au6fGXZw
"Supreme Ultra Fresh T-Shirt Navy - Size Large (Worn But Very Light Use, FW20)",,£29.82,+£3.38 delivery,5 Feb 2026,28,Pre-owned ·,https://www.ebay.co.uk/itm/397448665887?_skw=supreme+t+shirt&itmmeta=01KJZHTAVMDY8F2G1DHVX6MZAM&hash=item5c89c95b1f:g:jcUAAeSwulxpVRzm&itmprp=enc%3AAQALAAAA8GfYFPkwiKCW4ZNSs2u11xBROYRKEa%2FXEK7XJ26Tlu0piSYhU516DwufYjgD6mvJREsh9y5enpV%2BPIIkN1cqgrfvx%2BCHE6N%2BooDT46JgsK4obDCUeZB8hy5KmCONQO9uQ5l7fs%2Fx2%2F9wkdeEP6lHChcJRsn7B8nUB5u%2BjTZF0cFrDaxV5QqeY4Mwi0Y5ouZrIdA5ossFoxUvVgANSRJ30QDRxH4wFug75Ia8nxbjGeoRqKaS5kCr%2BrP6wGBNyC9ttXOGk4BTrXbSEBFBWFnLiKWV9XIwRjJsHS0qbbz2dZGLGoWzPyoaQ%2Bmswo%2FRq8o5fw%3D%3D%7Ctkp%3ABk9SR5au6fGXZw
Supreme Monster Tee,,£29.30,Free delivery,4 Feb 2026,29,Pre-owned ·,https://www.ebay.co.uk/itm/205696890727?_skw=supreme+t+shirt&itmmeta=01KJZHTAVMWTDM5E87YH8K15E1&hash=item2fe47d7767:g:W0MAAeSwXBhosJlW&itmprp=enc%3AAQALAAAA8GfYFPkwiKCW4ZNSs2u11xBYcJ1ipDs4a%2FrM9MFc7rHYxTwTbZ%2FmLl9l9fw1QEtGyK6xqdihg7WKDuaVrGaxfQ%2FAE2xTLgPz5mqUOkH0Bk7PKsB4imcyPfcvKD1iTzq%2FL9VwkeqXjBx9H6fbXNS7uriM9%2FwXFYHFgfDsuBqF4JfCAQAOhi9wHKF%2FOq7G7bKsMDL83VaVoY8ZIz%2FuQqkytngrP%2FgpGD1h5i5W%2Fn0hMF7bN7m12UQKVsphVy%2FAltvbct7oiToLna3SuOZciLDpyv99YTW7jpMbWeQjtTPJVxcSPcKKYYsf%2BtHoKi9tHNwa4g%3D%3D%7Ctkp%3ABk9SR5au6fGXZw
Sz M Supreme FW20 Box Logo T Shirt White Long Sleeve L/S,,£59.99,Free delivery,4 Feb 2026,29,Pre-owned ·,https://www.ebay.co.uk/itm/236056732829?_skw=supreme+t+shirt&itmmeta=01KJZHTAVM7MGNCHB7QCQG27HM&hash=item36f613e49d:g:LewAAOSwV9tn~6x7&itmprp=enc%3AAQALAAAA0GfYFPkwiKCW4ZNSs2u11xDFLt9ksCxjB3C%2FY%2F5thoAF7bXcRnkShq5jysoMh2qvTwMjaTg%2BLmfDYnLJ9CtqRmlwX07YbrWp07CJYCF58lJwejpKo10QXiWGaE%2FYyUO%2F8YRDCvTULLI04hx1BB3cW5DYHFPEKCcVckKONlsNSmxb69MBGGIltU1nqVOQTnLMyCW6NcbLYJD%2B9FEfeDuxoiyf89hWoUbtQHA6nSKtjR3ebEmUsGoYDHIrcKvyK09N2zqUugmyM%2BzSbouH8402p2Y%3D%7Ctkp%3ABk9SR5au6fGXZw
Supreme Men's T-Shirt,,£9.66,+£2.94 delivery,4 Feb 2026,29,Pre-owned ·,https://www.ebay.co.uk/itm/168118515343?_skw=supreme+t+shirt&itmmeta=01KJZHTAVMFGGRR8QZH9AGJ6RE&hash=item2724a4f68f:g:1-0AAeSwTVxpbqQ-&itmprp=enc%3AAQALAAAA8GfYFPkwiKCW4ZNSs2u11xD0%2BEDz%2B1ky8ekat8IAcGrzLvjPI%2FEAZXGXfRIwMsJ7vY3DnvgD1cSY%2B%2FITNYODawzuyUW4Jbb%2BfcnJVH4%2BHCbxHz4gI0SphFkzLRLwpnJnv5ZkDG%2BWobWwGtVjFpMY8owjrHB%2BAK38vL9W2Y45PsdI4Au0HC59W6DiEq9pZHFW4%2BR8dhIGkXAR2ZkqKDKFxzqOFexekQgFfPAnSACnvv2EsmY4f31OwJeO55P8S7G90a3Ow5IiB6pYSvuU%2FbO3b6GMaup7cRY74oNr%2BA6GpB6ChbqE9xnJajc63kyRxtMkXg%3D%3D%7Ctkp%3ABk9SR5au6fGXZw
Shop on eBay,,$20.00,,,,Brand New,https://ebay.com/itm/123456?itmmeta=012DEW30YG0MEEKND7NH&hash=item123546:g:acwAA9KNiJowH:sc:ShippingMethodStandard!95008!US!-1&itmprp=enc%3AbgepL1tlUHjMGCVfSTGJh%2BzsVKeJ3CQk7NizDI4BZeppuFnmyS6Ijyp8lh%2FnEw%2BWqO7uTV1Q6izE1R0T54aV8j71F4xlWfVcGft4%2FiOQhtqVXA1rW6M1atPARQRmhqUxtEPJKhKtSFgI%2Bvwlzb0GwVCtkp%3ABlBMUObkmabpYw
Shop on eBay,,$20.00,,,,Brand New,https://ebay.com/itm/123456?itmmeta=012DEW30YG0MEEKND7NH&hash=item123546:g:acwAA9KNiJowH:sc:ShippingMethodStandard!95008!US!-1&itmprp=enc%3AbgepL1tlUHjMGCVfSTGJh%2BzsVKeJ3CQk7NizDI4BZeppuFnmyS6Ijyp8lh%2FnEw%2BWqO7uTV1Q6izE1R0T54aV8j71F4xlWfVcGft4%2FiOQhtqVXA1rW6M1atPARQRmhqUxtEPJKhKtSFgI%2Bvwlzb0GwVCtkp%3ABlBMUObkmabpYw
Gucci Mane Supreme FW16 Men's T-Shirt,,£13.54,+£2.70 delivery,4 Feb 2026,29,Pre-owned ·,https://www.ebay.co.uk/itm/257332445061?_skw=supreme+t+shirt&itmmeta=01KJZHTH71QEXY3372R2AFFWZJ&hash=item3bea357f85:g:GC0AAeSwdDtpeTfH&itmprp=enc%3AAQALAAAA8GfYFPkwiKCW4ZNSs2u11xBvsoXRcohmrjt02nUAOfSVqu5q5evyTVkTi3jynsCzCre7krUx7cV12tX8B%2Fqo7Jye5EF9t6SSWdbZ9rD9GMPiFSRByDslWgznvvWUwN%2F5MWjpu51%2BXE5cJzKiRaSrJo5o7oKMmu%2BhSy2f5Yjf5uuyJz6wJgrUHiUGOcrkFLHSLZI4p6wYDJX%2BoDBvzpFKvnaCWVC2VGLC4xbxS3O1WR42Hh3BqJJWXtdXBeAma5Um%2BjR9W5yAy%2Bt5W10diqbyBYiNCSaTI1g18Dg6iqVfKOwCBUWzVftMH3dr2Dh8SqSTSg%3D%3D%7Ctkp%3ABk9SR-yT6vGXZw
Supreme Dollar One Zillion Tee FW17 Medium,,£20.17,+£2.70 delivery,4 Feb 2026,29,Pre-owned ·,https://www.ebay.co.uk/itm/257332447009?_skw=supreme+t+shirt&itmmeta=01KJZHTH719GZKGTQKX1XNP8H0&hash=item3bea358721:g:9WQAAeSwDslpeTic&itmprp=enc%3AAQALAAAA0GfYFPkwiKCW4ZNSs2u11xBwi1ryY8JLcXAuctLz2zwWxZfieAsxXYCQdqmMVFCw8duxomX2bFcRg5tnLs%2FbY8ozt1QOIis1%2BI%2BwZbvkE1vy8mGMqsKMoOTC%2FE%2BLPqG1b6CmeNVtWoHZRPDMIN5kyAGmOTiRGFvM%2BtroAhVq3InGUFX3XNepvjy8sUEEJRr8gbxQOTdgjrh%2B9zroLTT2xd6dGH%2BeiSV3NC22xxVwp6yovQISdTjtHdlUm%2FYOHaDd2cdgDfZmvDtMLpEXj1CiUNo%3D%7Ctkp%3ABk9SR-yT6vGXZw
*reserved* Palace/Service Works/Supreme bundle,,£50.00,+£3.38 delivery,4 Feb 2026,29,Pre-owned ·,https://www.ebay.co.uk/itm/277700507524?_skw=supreme+t+shirt&itmmeta=01KJZHTH71HECA2HKHDK5VSRZ4&hash=item40a83d7784:g:XNIAAeSwQAVpghY5&itmprp=enc%3AAQALAAAA8GfYFPkwiKCW4ZNSs2u11xDq0PwBQ5ENRWl6FsiSrODdp6P34uMwBZ3Zy0hrfIBoeR%2B8kxYtqiNk4ZaAGjA2igVhrFs8NadYCHkuvvyCc%2FZTJSc%2B9lD2ANX2F4gRYPNPyWlwkFnGgEKk%2BRS8Tu0patcGWbkITdWX7a3jRui2RpTA5JYGWznwknxKVkI7BbiNlx%2F4EshiOVK5UWoXWU8jF%2B%2BX05BM6NK5Bcv7VUGALtIqxWjvFt%2F3dZxNp9w9f%2Br96BsyaqsK%2Fmf7Ow3euaw%2FreJrztFPowEpR8oyO1YhYk40ybeRLFMXpub4DEwIJ6qc7g%3D%3D%7Ctkp%3ABk9SR-yT6vGXZw
Supreme Skyline Sequin Black L/S Top - Size Small Brand New 100% Authentic,,£105.02,+£3.94 delivery,4 Feb 2026,29,Brand new ·,https://www.ebay.co.uk/itm/406220038947?_skw=supreme+t+shirt&itmmeta=01KJZHTH71YF9DXRP7372K7999&hash=item5e9499e323:g:kREAAeSw2AJoyobv&itmprp=enc%3AAQALAAAA8GfYFPkwiKCW4ZNSs2u11xCqeAqyaXl2C2QHq4ZwAndyZUip2OxqZbNHpxj5MW8rZmOxepasSspOMSaWGgWnEcYDnhMpe3LixejjnuC6f4kApXpA%2BP8gJFikKnxDPJFshMZl4rGD8UUfbQEVUK7cPT6veGTV8GZr1urM7ZQxWB0OCwr2bNDEbbDkdmeaD%2BOdlMJ3iOLRCx8RKiayJPQz%2BsHodL4jFDx6%2B3SZRtc9%2BgYWpJPQld933ihTS8bjbakwD6Gu5qXCnRV3zRayXdslDRn6xm6F2cNWqSlUCorV5aeAtvYWgUw2spDZvxN3BFAtQw%3D%3D%7Ctkp%3ABk9SR-yT6vGXZw
Supreme x Hanes Bones Thermal Crew Top | White | Skeleton | Size M | New,,£59.99,Free delivery,3 Feb 2026,30,Brand new ·,https://www.ebay.co.uk/itm/317825836711?_skw=supreme+t+shirt&itmmeta=01KJZHTH71BJWHDVZYMG9EVSG9&hash=item49ffe566a7:g:6j0AAeSw9oJpa5l9&itmprp=enc%3AAQALAAAA0GfYFPkwiKCW4ZNSs2u11xA8e4VXHujrPcJGbN0bwnSGyJbilRgYOcq3HrGBusMeUwGVvtoksJfQE3QvdxEcQWUbzDF9dZ2ze%2F7d9ppnWWBYI9EeYDkfI%2F1c0ZNs1qEUnvpKJLjdXTEKYXXUdDN48EsZS%2BYB5mOJPv2A%2FvlK1cCAiWgSuEy2Wj1zEF6gPMHYRwqqj679gzJ5Mvxkiv5PjFbN8WWIjd6tLT3ABpSYb5cLUdrZ7JvtLK1CfwySUxXlwmzjhW5gx027pGHQnzVglg0%3D%7Ctkp%3ABk9SR-yT6vGXZw
Supreme Hanes Bones Thermal Crew Top | White Floral | Skeleton | Size S | New,,£59.99,Free delivery,1 Feb 2026,32,Brand new ·,https://www.ebay.co.uk/itm/317825837190?_skw=supreme+t+shirt&itmmeta=01KJZHTH71W0YVQ89Y8EY5KCG7&hash=item49ffe56886:g:M~EAAeSwb39pa5oR&itmprp=enc%3AAQALAAAA0GfYFPkwiKCW4ZNSs2u11xC9KcXcPjbS09NXVcEggXFYrYslLIhQfusnYtRc4vHRnEuMjgciIR5N2jHp7rbrZRy61oD73u0nniC6Evukw2Y8y596Qe9dNBwiIwjwKz4bW4%2BfeXStpXuMQk2Zywh6%2Bs6XZp04VWW8r%2Bge08GaRLthMF9plV7f8JM8jfcIFLMpieTiJl3meZLKvSahlu9ipEiQMA4hRxV9U5rSCkOSPpBap4zQxna7NIDHzpqlDr4GamaqqBgGUXzY9KUmQ9jayAE%3D%7Ctkp%3ABk9SR-yT6vGXZw
Supreme '99' White Jersey Size Medium,,£50.62,+£2.94 delivery,4 Feb 2026,29,Brand new ·,https://www.ebay.co.uk/itm/147107199874?_skw=supreme+t+shirt&itmmeta=01KJZHTH71C179ACPMVRYA15Q2&hash=item224045bb82:g:3YYAAeSwrAdpcRql&itmprp=enc%3AAQALAAAA8GfYFPkwiKCW4ZNSs2u11xD73AI26UI5PnIcOShcqunE%2BudArm8Nx%2FpP4jX4Z6urm2RTWqjHo%2FSLsiGr2DxkglzPKzspIe4APyaWGE0ZdpPVfWgjVsOBUch%2BL62pSdOAaTAqE5Qz6b7mNcfsjCOotwODdLw8FvNEmwqJxWy%2FsEdSG%2Fme6slkLavH7x1eftfL4FcGcJIiTLvSOt5RnuVhRk%2BPtUS9eqXIKTxnVpR7X%2FoCXjNm3K5l%2FfxXEYIu8jUBqkS7Y7w6Giz3BZrdGy3ahHoVtMNpy6nBsRbFcQCeOHiSuFSVE2MQANWWNsv233dq9w%3D%3D%7Ctkp%3ABk9SR-yT6vGXZw
Men's SUPREME X JEAN PAUL GAULTIER Black Graffiti Portrait T-Shirt Size XL - Y03,,£29.00,+£4.25 delivery,3 Feb 2026,30,Pre-owned ·,https://www.ebay.co.uk/itm/389554752329?_skw=supreme+t+shirt&itmmeta=01KJZHTH71HTFZ3RST456KH757&hash=item5ab345cb49:g:fIkAAeSwV81pe8IT&itmprp=enc%3AAQALAAAA0GfYFPkwiKCW4ZNSs2u11xBUmhyAeaGPZQJRtFTb2MMHNxhgjnQPTn7qF0eqc7OOY%2F3snBOn46eRulEgdm7l3aa68VTtDfFZ5sCTqrpvHz2d1nPvaFCqgFYx0AtdJ2ENm646RpVril7MmQEiAV5yM5yLGOCKI9CpSQllPv7JqETe7AZ5zmMqpV%2Budgh6iQRQhmP0bsvV6J63JxiBhtOcZJSKk6EApnCTqzyji5l%2BABKoJx8rO9kNKWkBc0ZRppkEmIFeGMdw5kjOwz%2BHBS%2B3WFY%3D%7Ctkp%3ABk9SR-yT6vGXZw
Supreme x Corteiz Men's T-Shirt Size M,,£42.30,+£2.94 delivery,17 Dec 2025,78,Brand new ·,https://www.ebay.co.uk/itm/146967645269?_skw=supreme+t+shirt&itmmeta=01KJZHTH71N27DEM62C1DWYN8C&hash=item2237f44c55:g:Z0wAAeSwO9ppGdpD&itmprp=enc%3AAQALAAAA8GfYFPkwiKCW4ZNSs2u11xC0ALtkRqrFgFIMduon%2FIZLAcGx4uPNKvRaPyb93gKpCWtInu2Yzgi4Y78OdWkLpwUCqPgEAM8arN2WtozwuQvXlST5YK5jShaSCtw5y4UCq7gN1JsRzP%2FgUTHvAZUT--TtuCHbIvBLPO%2F3yZUpbugLHJ78bsg1DgFwSmdcM02xXWWaI28u7afbjIXjGdVghnCXOICXNeOHt6515ibJufhJyCuZDkjQkYQfrCDlvI6e%2FmlKqJZixixOHnSMmb9GqsVwe315CJ54i%2BIVXs6CeBpEpHkrTarVUry0SsKJvuuChQ%3D%3D%7Ctkp%3ABk9SR-yT6vGXZw
Supreme®/SpongeBob/Castelli® Racing L/S Tee Black Size M In Hand,,£170.00,+£6.16 delivery,3 Feb 2026,30,Brand new ·,https://www.ebay.co.uk/itm/277095968244?_skw=supreme+t+shirt&itmmeta=01KJZHTH71DWT3NS06Y0H1ZRH5&hash=item408434edf4:g:Y9gAAeSwtR9oHNob&itmprp=enc%3AAQALAAAA0GfYFPkwiKCW4ZNSs2u11xBjvFnsc8yU1NQqsO5iHsvjfIjZdw4k42pIuzoou%2F7L9wbp2pZJFHOwFk%2FALaSwZeiJGynFRKJOV17HRqeSFGUPbsGIse7acSMc6PJGLw4Iyn4mfly0C4UQxvjSHLsoFqjupOa2fwmZMgznXot3BzgDmz5RP7DsB0aVteJS5of1RBS426HlGAux0JOdYezpwfZUP%2BS0SsHMNzg8IeT47gBZj%2BBJbvoHqXeCJhI8yQ1QOAI6Sfy0KCsTJ4BrmSRMZ4A%3D%7Ctkp%3ABk9SR-yT6vGXZw
Supreme Men's T-Shirt With Chair Print Medium,,£10.80,+£2.94 delivery,3 Feb 2026,30,Pre-owned ·,https://www.ebay.co.uk/itm/187998302724?_skw=supreme+t+shirt&itmmeta=01KJZHTH718AFVH3WP6AB89JCE&hash=item2bc5927204:g:degAAeSw5J5pb7lz&itmprp=enc%3AAQALAAAA8GfYFPkwiKCW4ZNSs2u11xClFYORqCoKEBbV1WCVbzm4ANF4mgHZTulUPP0QbKq6y4O03n6SGgg5Qu8eMMxSipTIsfRpi60VDErli%2BInWyBlK5%2Bu1HLqDhhQ0F2rSjZpomUxCxv4HHbGAaGLKRs%2B6ksWndmNKQWhI2A48Wj87u0498NScjuipI79sz3MBBeL9LABbpmqGny4tNLiRwVw1BjI8CpSUkG4FS2Wgk0tvtFr95BHgPVlCvYkoJMRl5paTT5bEEUhO6RqEt1DyNYV24j3AtbMphO1Ov3IJ2vhIfYQXGvDdGOsePdEHcUXd6RKzQ%3D%3D%7Ctkp%3ABk9SR-yT6vGXZw
Suprem Logo Graphic T- Shirt,,£14.01,+£2.94 delivery,3 Feb 2026,30,Pre-owned ·,https://www.ebay.co.uk/itm/388933362468?_skw=supreme+t+shirt&itmmeta=01KJZHTH724QF36HVHH4TPAEFW&hash=item5a8e3c2324:g:3VEAAeSwWN5ooSBw&itmprp=enc%3AAQALAAAA8GfYFPkwiKCW4ZNSs2u11xBndingeW8GbofsvYqAf%2BmJI6OuD8eoiWM2NbRSYE%2FiFfjkepatACT4YTs%2FKxWrDtiIYVpfqAofspxAdNWkssirhluqtzIqe4qno3Yej3hcRaTvDq8inlkV649mmVzXkeq%2FOg0gylkaxQNwMfm7hRLDevpZKA1Blzz%2BE%2FIozMCQTh1mWkWtedeM6KfhROnaFwjJwGWCvWP%2BdJ7sInkVkg9sZLelosMeiOkwCxUgxVsndpv%2B5rhOCQrz%2Fkn%2Fazj8u42A85ZIXpuYd7J613%2BOoilCESwMGvF%2BPXlN7vZEtZrELg%3D%3D%7Ctkp%3ABk9SR-yT6vGXZw
supreme lady pink Tee S/S Tee XL Purple,,£156.70,+£3.94 delivery,3 Feb 2026,30,Pre-owned ·,https://www.ebay.co.uk/itm/257322767550?_skw=supreme+t+shirt&itmmeta=01KJZHTH72QJVY8H39FR9ABM8B&hash=item3be9a1d4be:g:LcgAAeSwD3ZpckvX&itmprp=enc%3AAQALAAAA0GfYFPkwiKCW4ZNSs2u11xBIrAna%2BhIL%2FUgacx%2BeENfrBCAd9h6LFmhNJbbSISm4kUfcvs5sBXfWVWDka4IYGy8HCzjSPTprpfxK2WuQ6KEgCmehZOWpTyT4JF90b9XBjUjVY%2By6AObfcVgthkXXhaxrlayidglnQ%2BD7Am0oe5LUqIq6SF7zmPXeGqRSTOBXuMLjLLD6CZAwdopRpjpPsRkT%2BR3fTG3W%2FLvSnhesepoqT%2B%2B6ui5TYBCjS2Vzy0pgskueDx8sTDV%2FeI%2BaRD8KRN4%3D%7Ctkp%3ABk9SR-yT6vGXZw
Supreme Deja Vu T BLACK SIZE XL DEADSTOCK UNWORN,,£31.90,Free delivery,2 Feb 2026,31,Brand new ·,https://www.ebay.co.uk/itm/134712502243?_skw=supreme+t+shirt&itmmeta=01KJZHTH72PJTHWNHBHBB58KMG&hash=item1f5d7da7e3:g:4KsAAOSwq6pk8x23&itmprp=enc%3AAQALAAAA0GfYFPkwiKCW4ZNSs2u11xB9qWPrKwrBc5ZNcQAqSIDJRt8Q5t7R%2FZeAc6BX42IVRAdRI0jfGENUdLj9qDx5jhvudIxrfWtCd2sMgy1Byfd4ICPd5IIP2FI%2FdwvLpEqygmGVlGA3bOaNw5UL1C0yXYkBuwJ9vsc%2B%2BOlu9mDaiMXx64yOEQdtPDOKvAIyEnPaEcDGsusK1xUeh7ZHS0G5C2Qf1pOqIfDwIO%2FFjN36kLrzu0It3NCWfsTsEaryREIyofk5pij1fCHpemh1mWStIg0%3D%7Ctkp%3ABk9SR-6T6vGXZw
Supreme x The North Face S/S Top Tshirt Mens Red Large,,£42.29,+£2.96 delivery,2 Feb 2026,31,Brand new ·,https://www.ebay.co.uk/itm/317735162899?_skw=supreme+t+shirt&itmmeta=01KJZHTH720YFHRH51BFE4HV5X&hash=item49fa7dd413:g:S2YAAeSw0U9pXBXO&itmprp=enc%3AAQALAAAA8GfYFPkwiKCW4ZNSs2u11xBziHXJKI83ge%2F0EMUG7QIiZs6txR%2BAdogIAWfAlOwTbtbMkjo7PU4N4z5Zpaow7hklYF1b%2FBCPxm%2BE9XoSLaGajtnDBB%2BUbGLGxzMcbpIRbBB0lsX0tHo0mcPbIDIXKdL3gHISwyFggRdioh2yWgmrZoeXGNf%2FZXWnlPwPNR0Aqm0RN60UTr7XJOFCha9OfdZj%2Fx8spvCZaEitSMQDJMRF9aNABGhNOThP5DJGWWiozwEcFBrwIjfKmIZgxXvLBdngV5rT1eNOqh2jX8AkjJ2VWbbS2Ps%2BgMdI1Pl33ZegRw%3D%3D%7Ctkp%3ABk9SR-6T6vGXZw
Supreme Martine Rose Football Jersey Black - Large - In Hand - Fast Ship,,£260.70,+£3.42 delivery,2 Feb 2026,31,Brand new ·,https://www.ebay.co.uk/itm/146908703021?_skw=supreme+t+shirt&itmmeta=01KJZHTH723YBMS1WXX06P7FZ2&hash=item223470e92d:g:nTQAAeSwdXFo9mcq&itmprp=enc%3AAQALAAAA0GfYFPkwiKCW4ZNSs2u11xASd8YgmOXEoU2MESXA88VTC5k3l%2FEwDXSrPRqchWc3NOLLvjv9Tti6Zknrx7l2rIN61XNR31UF2WOX4pgXkSYBp9RktCyaqn6K57ReIn6PmHHQyp7RJ8mF4G%2Brhz4UZdtSk3U3393VrdoIkZn5R%2FDg8ZwEHoeqoLHSq9Qe0%2FHWcFkickj6kcKZpz7p0Fn4KtBa9%2F2vnEUX43sPfrOEH8a6dQHj4bVXXFb0hzq7mlUFQIq9iyIeLqtsdrgQ5uCu5Ms%3D%7Ctkp%3ABk9SR-6T6vGXZw
3 x Supreme Small Box Logo T-Shirt - XL - Used - See Photos - Black/Grey/Purple,,£39.00,+£2.94 delivery,2 Feb 2026,31,Pre-owned ·,https://www.ebay.co.uk/itm/187933624734?_skw=supreme+t+shirt&itmmeta=01KJZHTH72C2TXMSP3WXK9PPAD&hash=item2bc1b7899e:g:V0MAAeSwOYppYVhz&itmprp=enc%3AAQALAAAA0GfYFPkwiKCW4ZNSs2u11xAh9zk8wtBnw4MdEk8WKv%2FMAhi2XqKyhpTJN6iCiqsz9av6AnvsAfuWdAsQz2Z53r43EhpifAYG1mMMLkNrqYpDKyIAcm%2BuABxK8sAM4umloAjNuacHuvrRb%2FMp3Gi3TFZYd1ipUEo9sI%2Frigwn00OsJfiyNdOuSRioL25mrPHW3wDoEaGdA1UfH9rvDwQtCh%2F9AmFkQPXkgnFrwcVq7RO69qXY5v3WSI21z%2BxJo7fwVQwZmaErDhZW7YC4zg%2BTs%2F0%3D%7Ctkp%3ABk9SR-6T6vGXZw
Supreme Long Sleeved Tshirt In Black Floral Design 100% Cotton,,£10.80,delivery in 2-3 days,2 Feb 2026,31,Pre-owned ·,https://www.ebay.co.uk/itm/267558081660?_skw=supreme+t+shirt&itmmeta=01KJZHTH72SZY0W3CFSRKNF6KK&hash=item3e4bb4547c:g:jjcAAeSwaJVpd6xt&itmprp=enc%3AAQALAAAA0GfYFPkwiKCW4ZNSs2u11xCAVitlCs31M%2FLsh0ZJR8nNZJTffXbmjImvZxK4I0YXkW1JdparwtiFuVElD%2FAYcv2LKZ13R0qW961eo849Tq5vTavtT8FFOdpQ0%2F%2B0%2BwkiH3o6psoGSIancqGXV0U%2BoK1NbiyZpYrAxCsLMrcPEsuG%2F9FICu%2BaLsBpeyAZK9CExxRSTB8JAezL1MTUH%2BGOQrUkIVrXwnFnkgqBe0kfSPBx%2FOapSODdOBYeF2L1SuYYHu7iO56hce90cYI5LfG0RNw%3D%7Ctkp%3ABk9SR-6T6vGXZw
Supreme Long-Sleeved t-shirt,,£26.70,+£2.94 delivery,2 Feb 2026,31,Brand new ·,https://www.ebay.co.uk/itm/147129730017?_skw=supreme+t+shirt&itmmeta=01KJZHTH72B2ST2TJG0NQWND5V&hash=item22419d83e1:g:ZKkAAeSw0kBpUQS-&itmprp=enc%3AAQALAAAA8GfYFPkwiKCW4ZNSs2u11xAkwxmZ7n1BXle16z%2FA6s6kTrq8L87jhl3zGDKc4aYqQHEWm3%2BQSpNQmM5wTOICZhpCdgMchSPRGQ7pJfKEZhyJ5a2qyP3g3WwmIopW7hwrO5pRFnA32DBzhzTFZpbMPIZ%2FVCX3l7ZrtsFkEVXY1po7Nov%2BODnLdvUP05tV1lEzq64rS16UyWT0wEAJ9%2FawyVmm7LYeunRU5y2MCGRgf9MP910aHQUWODF6KNmQdzBAwRgMV%2BpHThe%2BlpFhOj2%2B2oy5%2Fka90r%2BOk9JDvwfOQd2bVdri212wL52wHDpKU6Msog%3D%3D%7Ctkp%3ABk9SR-6T6vGXZw
Supreme Undercover Bear Tee L Large DS Red Teddy,,£45.01,+£5.15 delivery,2 Feb 2026,31,Brand new ·,https://www.ebay.co.uk/itm/155051924173?_skw=supreme+t+shirt&itmmeta=01KJZHTH728EBT8HYW8C3916WT&hash=item2419d09acd:g:7XUAAOSweQZit3Hj&itmprp=enc%3AAQALAAAA8GfYFPkwiKCW4ZNSs2u11xCYq%2BXkO%2BeEypTkLi0kL3xmdnJngebDLp1QRiKIaykeqWZe5J0YBeKvhPsV5jaVEOOGz30xoKl33P06QQzCDCrd6yB59vsuD%2FbBpgfdnnIxQkdY7S3C93IR5x%2FDyJR5v4TKc145XaX%2B0%2BDINw5tUpMPQ%2Bh9qrtjZ7qYGJHjU37ZKqJ5sbNHXCrnzjvQ8xxHgONLknrl%2FZCN0WKWVCJyh1bT8JAoOs7RCFEe%2F3Lo%2B9jCCXhrkbiDij%2Bnutkakf2iKnYgN01ve6Jq8HndF9E%2BUmTVbCJjWEJYvR%2FKjVgHyQtAEA%3D%3D%7Ctkp%3ABk9SR-6T6vGXZw
"Supreme Spitfire Wheels Men's T-Shirt Medium, Green",,£16.00,+£2.94 delivery,2 Feb 2026,31,New (other) ·,https://www.ebay.co.uk/itm/205925336349?_skw=supreme+t+shirt&itmmeta=01KJZHTH72P78RVX2R4RPJ9SM6&hash=item2ff21b451d:g:950AAeSwbbJpQbLX&itmprp=enc%3AAQALAAAA0GfYFPkwiKCW4ZNSs2u11xDnqtAT7NO2e5yazffwYPRcqvKmNYP1wUEyeUlT7Db2kgBFc%2FuHpcWpUFbF3MVJufoW9RBRPsn3p0L0h45O%2BmJ9z%2Bc43gzqb%2FkCq5vUztwwLXS7sVidQH7z47YjRR%2B4y3tZx69qW50sqZR38RUeD6COOzo%2FfcDLZRS0lkd3Q5FSEx2Vz6Bkvcb3c660%2B47f4EUdVAd9CaLhB8ndTIy2hgyBlmzRReXahA6gcHpeR8QhLG%2F8jfQZEfZrXJ9gVlywfjc%3D%7Ctkp%3ABk9SR-6T6vGXZw
SUPREME MENS SIZE L,,£6.53,+£3.38 delivery,1 Feb 2026,32,Pre-owned ·,https://www.ebay.co.uk/itm/177819636147?_skw=supreme+t+shirt&itmmeta=01KJZHTH72T1Q69JDNM91AQNG7&hash=item2966e051b3:g:gy4AAeSwtElpe9cd&itmprp=enc%3AAQALAAAA8GfYFPkwiKCW4ZNSs2u11xAyFP9bvWhnS%2F%2BE13KUq1Bmv2KxSzU9YhJM6Ni1RVsGueucgRllMfqq3VXVTzyg0nOz5P0TD4%2BuOe9FEZtyK8%2BBueTSz4ewJFIsPguAJ94jyhYOHzKV3AIcfu%2F3j0PbbsTUmP%2FkekiAgEaMcRXoNOoe0O5HGNVHzrUc76hTBrglJB6RpAf7%2FRWmN%2BZG%2BfyfamL3rcfg1QKiJ2hLR1Q1dyfhloPsYpgg2szleKnEmF%2F2PJ693fhwM6dRqDdIiJPwbA76XlBlBrRghmrE52bbyaSlrYOswheeh%2B0PWT2XLXjw4w%3D%3D%7Ctkp%3ABk9SR-6T6vGXZw
Stussy x DSML World Tour T-Shirt Size Medium • Carhartt •Supreme • Palace,,£7.03,+£2.94 delivery,1 Feb 2026,32,Pre-owned ·,https://www.ebay.co.uk/itm/358154534373?_skw=supreme+t+shirt&itmmeta=01KJZHTH72T5WKPWN8TJVRZX24&hash=item5363ac7de5:g:tagAAeSwYN5pbUeT&itmprp=enc%3AAQALAAAA8GfYFPkwiKCW4ZNSs2u11xBlQw8RXq%2Bka5AI3q5i%2BXZvHZZb9%2FhmLV80KwwAi8Cyoi4Va7NJr9lJZS5CDb9ZyGyX6HlbudQXV21%2BSM8Oez9yPdgXJo2mZC2cc9CGynKLtfAKRAryFhq9ZET3aP7mVHE%2Be8N4UoFEY%2FvVXML9HwphPgIl6zn4O%2FtXZUji0bVxnDwOootvQaXCT5iHHI3d9Q5A5MNB%2BdC6cbQl0CYoyK0XYk9Y%2BFAkXrNegRsjo%2Bcbl36qX9lUTOs3MbUqsAJP2ZeB0x7dSb%2Fc5ejhc%2FSIeA8h8K6JsLYY5YpC1%2Bxgj9wxGw%3D%3D%7Ctkp%3ABk9SR-6T6vGXZw
Supreme Payphone Tee White / Cream Size Medium T-Shirt Telephone 2018 FW18,,£12.00,+£2.96 delivery,1 Feb 2026,32,Pre-owned ·,https://www.ebay.co.uk/itm/227187326580?_skw=supreme+t+shirt&itmmeta=01KJZHTH72S7RPC179826H83DX&hash=item34e56b7e74:g:TuAAAeSwvOBpdO23&itmprp=enc%3AAQALAAAA8GfYFPkwiKCW4ZNSs2u11xCkKq5fwaHboml4bVgsTOX%2BnyAjc7RLgXIxB%2BsBp1aS6kGB65%2BHQU3rqYduTYHrAVWmibxTcSLAPRLT2eARDfFvBkSkqS7hwFYdvAilieqDU2k9esvNLbLvEnRwQPNLODv4cScckdSFanOMTVtIi2oMFgPE1mbsin5dNaYgzmCVntCjHLFGcXJJOuN3jXCtIuNF5FPaUEeCe4ugJM3prSVaems91kytLjR0QLJAd4VNQ9q%2FTMJ7mT3D52n6jG4nUQ%2FrS6dGi%2Br2rVeF1Ufea8ypYz62hkvtiLCePx3o%2B0OyRQ%3D%3D%7Ctkp%3ABk9SR-6T6vGXZw
Supreme Buju Banton Photo T-Shirt Heather Grey Medium SS19,,£52.69,Free delivery,1 Feb 2026,32,Brand new ·,https://www.ebay.co.uk/itm/405854007976?_skw=supreme+t+shirt&itmmeta=01KJZHTH72T2Q52ER646NTMW7D&hash=item5e7ec8b2a8:g:6vkAAeSwYJBoH1OF&itmprp=enc%3AAQALAAAA0GfYFPkwiKCW4ZNSs2u11xBhPa0D6tE7MBwAb9yjLCIS7hXXy8gxiXsZjui5xfhuRDcgyXcv2UW6nW%2B3xl0LDD05RFJR2%2FkhI0zuItcCGQUn3SGRn9%2B7a0XTUiHeDepIGH%2Fq3vitLG3Ske4qvRrFZODhUACkPojAzYuBpdASKutphTwTuqepDId26R5dNDb9YKulMKy9QqhBs3KeLEG7HGHtWTnud41GXGS05FKjifcX3JOAE0qRn3tPhsP2T1%2ByPKULwKrjorHpB8xXBobQboI%3D%7Ctkp%3ABk9SR-6T6vGXZw
Supreme Piss Off Bottle Cap T-Shirt Pink/Brick Tee Mens XL,,£21.50,+£2.94 delivery,1 Feb 2026,32,Pre-owned ·,https://www.ebay.co.uk/itm/168107533765?_skw=supreme+t+shirt&itmmeta=01KJZHTH7220W8BPK4Z8A481Q6&hash=item2723fd65c5:g:maEAAeSwy3JpdNvT&itmprp=enc%3AAQALAAAA0GfYFPkwiKCW4ZNSs2u11xDKBVEitru4Jzui6Ch9yZaikBd9QAqvz0dJHlA75uhEb6YpRELEm7GwVFNBcrPNJSJZh4UN%2BOviG%2Fc0UM7XA6JR8b0m2nogiZ2SDylcUqMeOx4j8bNOi1qJz6qfhtbAdVKZg0RKIJGx17f1egh5uYhhen6BhWTpV6hqIKT8f4Jtq95G1l6POPhvLf4XOCo3x70QujbWm7AxDCjvgRX2ZmzOYBvK5mhF6dbH85pszOf%2BFUJF1ZHj%2FM3HY9Eo31qmcKg%3D%7Ctkp%3ABk9SR-6T6vGXZw
Supreme Target T Shirt FW25 White Small,,£17.22,+£2.94 delivery,1 Feb 2026,32,Pre-owned ·,https://www.ebay.co.uk/itm/257327766469?_skw=supreme+t+shirt&itmmeta=01KJZHTH722BXR8N1SGNX5SZ00&hash=item3be9ee1bc5:g:0AYAAeSwBgdpdhdK&itmprp=enc%3AAQALAAAA0GfYFPkwiKCW4ZNSs2u11xBxKZzcV9aWztO5B9072Ow107HoGRY3SpjV9EDWerXROlUoQE5TNYCz0%2BBoh0pEoMN8Syfp00TtAaCB%2BtdlZnyDrHlmeJes%2FFjCtLPM99mOMP8OueHt8uTeeLP%2FExF%2FFpFbCGFEKDGKXZNUc2qCkI7Lj%2FIrWzdDKUvUCGUcu%2FfWv7D1JoCBjxlo%2BeS8H3Vpga%2BjEOnO7jwfRUFCJ6qFVfOI8EaGZ17rC%2Flzhfvo9wqo4yS4Gi4ttTiom7x9MD25o10%3D%7Ctkp%3ABk9SR-6T6vGXZw
Supreme Play Dead T-Shirt Size Small,,£13.54,+£2.94 delivery,1 Feb 2026,32,New (other) ·,https://www.ebay.co.uk/itm/389537082411?_skw=supreme+t+shirt&itmmeta=01KJZHTH73T470M2E11Y8FKXM5&hash=item5ab2382c2b:g:cMEAAeSw779pdhJf&itmprp=enc%3AAQALAAAA0GfYFPkwiKCW4ZNSs2u11xCcaQ9Qg1cbIf4bjNxadZ%2FYseNte6H%2BJ58BjOHuqb1e2LuJaDqeE%2FxqP1Q1XY6IgRrf0Dm0bqj%2FvIq2fbqb4UVjdsy0Furg66wQAxFSN0iS1hXm8HimLoYg5886Vn9yJujC1U5l3jYJyyXMiB46XzMvLkBAo3%2FSUuiiDmIGtl0rHICej4KDK6YwbaNeAx%2BC8cFRCssDcVFc8ua6BS4sveXCwcyUMu1wcXLbKSn3npl%2BwOj2sJ5%2BoBARZ7kEBL5hlGE%3D%7Ctkp%3ABk9SR-6T6vGXZw
Mens Supreme Big Print Logo Purple Tshirt Size XL Very Good Condition,,£9.73,+£2.94 delivery,1 Feb 2026,32,Pre-owned ·,https://www.ebay.co.uk/itm/227191234927?_skw=supreme+t+shirt&itmmeta=01KJZHTH73P7TCMF49MWA34HDN&hash=item34e5a7216f:g:afQAAeSwcVxpeLR2&itmprp=enc%3AAQALAAAA0GfYFPkwiKCW4ZNSs2u11xA%2BFTRtJMfnpgBIxskJTiSU5ZtJ0O7DbZ6s%2BvGNkutN8R77%2Fu4T5IP5WPls%2FeRXCl2XKFXbTax5roMQlba4BS%2BM9nuImHbLkXqKLhkYh5Xgz91gOe%2BVtqJSCUHpTGvUbEGmN2Bur3X0DGksbuMMSgtoQcYSjYg7ZjycYoSZBNpPc2uigimtj4mG0%2BfRjCZY1J0%2BGS9Z1vkB8yY6ZqaAym6GL0FwM9Goa2OTjXcc6tdrnXJ8QAlx%2B%2BsUYZhhkTDg%2B2A%3D%7Ctkp%3ABk9SR-6T6vGXZw
SUPREME x SLAYER South Of Heaven White T-SHIRT SIZE Medium FW16T20,,£68.30,+£2.94 delivery,1 Feb 2026,32,Pre-owned ·,https://www.ebay.co.uk/itm/305268112825?_skw=supreme+t+shirt&itmmeta=01KJZHTH73SY72MCR6TZ6NP288&hash=item471365bdb9:g:p2wAAOSw8U9lABYu&itmprp=enc%3AAQALAAAA0GfYFPkwiKCW4ZNSs2u11xDuO2ccRO1fmIMMEYkjrOrDHAi7mgl0t0%2BEYeFB4Hd3fg%2Fk1Eb4XDJhopdxEpM3V44nbRjj2u%2FXzlm8GMto%2B1z4LX8bxPbweG3DqkY4HDT8Elr77yuVTtYCx1lHgAvRNqwv%2BFcZ8aBPqTqgCgtHbbJdsT7KNkex2MKO1mFr8zhRTdUWVwROrYQgFUaBszJoeYK6iNCudEgnctzXM4PjE1q7eE5EblYgE%2BdugvfhZiPiOL9I%2FmKh%2FnH941hNKJ6WMgc%3D%7Ctkp%3ABk9SR-6T6vGXZw
Supreme Tyler the Creator Navy Tee Extra Large - Wearing Cartier!,,£13.14,+£2.94 delivery,1 Feb 2026,32,Pre-owned ·,https://www.ebay.co.uk/itm/406637846359?_skw=supreme+t+shirt&itmmeta=01KJZHTH738XVJ1RZT4EG7W4QE&hash=item5ead811f57:g:-6oAAeSwVCBpbKAJ&itmprp=enc%3AAQALAAAA0GfYFPkwiKCW4ZNSs2u11xBUivn5%2BK8MJDHwjQr2dja4dmTYsoj0EJKG%2BKt5MTslWZyDmcqql7WEbUZXCq8fnXQ59jueGgfKMdzQv2WCat20gp8EZO99vVpoq2gg4lgDYKaPIAdnvcVZKxY2zyWNEUn9gwAQum57EqFY%2B5dz2nK9Vb7m1gBRXJdNyZ38tpGMXXm6dc5vbGqRi9b3QmoB2cMasyKDxc1MCZrY86Fbys29dhmrop%2FIK%2FLt9Iks9vn6YWtHRr%2B14VMbQOhThlif1To%3D%7Ctkp%3ABk9SR-6T6vGXZw
Supreme Angel T Shirt Size XL White,,£85.00,Free delivery,1 Feb 2026,32,Brand new ·,https://www.ebay.co.uk/itm/177780054584?_skw=supreme+t+shirt&itmmeta=01KJZHTH73R6QE8HA1426EQVW6&hash=item2964845a38:g:DcYAAeSwOxtpaOYy&itmprp=enc%3AAQALAAAA0GfYFPkwiKCW4ZNSs2u11xCv1mZ12rWATEBTxJC%2BCr3aCxnuT7NiClG0jLBxaym6NvdfB7d2OJJL3MM%2BFdSJgJAZqf0bBH9OcDikav0VJRmQgXuFh0p1Ibsuz2FU%2Bg3hyEPA%2BX54Ld7xrf8FRQK3wp%2FXWZ7K%2FGmyhmDOX%2F8PmCZoAGKqlhQoD14WxkFN%2FVOHKczZvOrWmkoTn4yUavgnvf6C4ygGGFxIjz9CVXuqPosdvF71EWSeyFnecQKOyaw3jkX7q2wyuRYFA0%2FbpsmOW20%3D%7Ctkp%3ABk9SR_CT6vGXZw
Supreme T Shirt Jersey Size Small,,£37.00,+£3.38 delivery,31 Jan 2026,33,Pre-owned ·,https://www.ebay.co.uk/itm/317767501102?_skw=supreme+t+shirt&itmmeta=01KJZHTH73KJR47GDZ97PA6NXJ&hash=item49fc6b452e:g:qEkAAeSwL7dpaRKu&itmprp=enc%3AAQALAAAA8GfYFPkwiKCW4ZNSs2u11xD670d6LL9r%2FFUrtGMo1ErlfPiOQEF%2Fh%2Fg0Io7%2BFFb0IGCTf9DuK%2Bk%2B9qEUsufCA%2BusFJHeXTNcYLGFLX%2FMKmossXikcZwkQoonLb3SI%2FvhB9iIgYl8S4oPILXd454JXhQe%2FoTP3P9yOLUoulWw6gpH0ZjrOCj7Uh6%2FShX5kQLKPKrqJ1i4RhVZOa9pJMu0O%2F3C77TIyqpDFgDTxZ0FB3%2Ba5iHcXaM95RPjlOuzqagPnmV%2BJgMC8NQObyQd4SApPQ6CNyB%2F8jA5GmbRc%2BmAMDPi37yMItdt4Kz%2B45xKThs1HA%3D%3D%7Ctkp%3ABk9SR_CT6vGXZw
Mens Supreme Big Logo Tshirt Size Large,,£14.01,+£2.94 delivery,31 Jan 2026,33,Pre-owned ·,https://www.ebay.co.uk/itm/227174168146?_skw=supreme+t+shirt&itmmeta=01KJZHTH730N8S7NSYAJRW7935&hash=item34e4a2b652:g:KAYAAeSwtiZpZ8an&itmprp=enc%3AAQALAAAA0GfYFPkwiKCW4ZNSs2u11xAvRiydk2w9tdBQaKbDTVaIIoDHV%2FUvnUMUZyv9F27bwNXGJp4beYKYXZb4%2Frn14dPkpTWHWc8xubobeHo2LHVOXd5LihDeT9OvrOrRfL9OUwyU9DOj5903fKur7dXSdNqUdC4FVGrOm5d8e9SPa29MZPocLQaBLBvZkKCCOS3WVYfnPa4DIY3m%2BFc3FDpFdPoza0XjjIcw%2BNtYdezt0wt9GkNqZ0kKTBWsAKKL2dqNquYwNOTYuSxaN03SwoF1IIQ%3D%7Ctkp%3ABk9SR_CT6vGXZw
SUPREME x ANTIHERO OZZY TEE - L - BLACK T-SHIRT - FW25 - BNWT - OSBORNE BAT BITE,,£63.99,+£2.94 delivery,31 Jan 2026,33,Brand new ·,https://www.ebay.co.uk/itm/376732230402?_skw=supreme+t+shirt&itmmeta=01KJZHTH73N1M76QZBFRNQDSEC&hash=item57b6fda302:g:gFUAAeSwpcppJuT-&itmprp=enc%3AAQALAAAA0GfYFPkwiKCW4ZNSs2u11xAwePWEXQbserXQfohiws6exqw7qn1DHq7GiRDQqDLI589cCj17SHKQXZZBRNfWtrSTgY1C012xiSYq%2FE7Fr%2Fn8dHvoyjELxp%2B8gZ%2BhTVnBNo5%2F2ksEvpO9NF%2F4x9lZeNN9jVRPtND4FjL%2B3ZnwrfFA09haBkhvzWK6n1Q0oicGMZZ5DByisb23o8xKmytpAFJhP9PEFx16ZmrSijHj96kN8j9TOJmTQDcksFIbDKwlSxO%2BX7AzUVnl5dXHCw18aH4%3D%7Ctkp%3ABk9SR_CT6vGXZw
Supreme Undercover Lupin Tee Black Size Medium,,£24.61,+£2.96 delivery,31 Jan 2026,33,Pre-owned ·,https://www.ebay.co.uk/itm/227128981031?_skw=supreme+t+shirt&itmmeta=01KJZHTH734BPYCHZ1YTFNP5NB&hash=item34e1f13627:g:jTgAAeSw58JpPD9M&itmprp=enc%3AAQALAAAA0GfYFPkwiKCW4ZNSs2u11xCmwu%2BZioBkPH6Em5g%2BoRx97UdCwiZOk%2BRf6ZYsSvB5AiXuVo9HDd2LOLFWpl9gqx5787geNpZ1MFpXGZN%2BPJtJI%2FY2ycZphVQFmo34%2FofvSVMeP%2BEXwws9wIn%2FyFI0hhaJMeJm%2ByLkJKirBsu6E837pgqhj%2FTdFdjNW%2FPyeQ1LSBt2W0eOKB3bpEnaBoX1BhUM16nPxZIo%2F5rOPURIWCtW2oaW0KscRJs4qV%2Fl6CZl2JdLuZ%2BV%2BfCF2O98eRfDZ7M%3D%7Ctkp%3ABk9SR_CT6vGXZw
Supreme Jordan Biggie T Shirt - Black - Size XL - Brand New,,£47.50,+£2.94 delivery,31 Jan 2026,33,Brand new ·,https://www.ebay.co.uk/itm/389509559560?_skw=supreme+t+shirt&itmmeta=01KJZHTH738PR1XXXQ3FXY29B8&hash=item5ab0943508:g:QfYAAeSwMf1pbNct&itmprp=enc%3AAQALAAAA0GfYFPkwiKCW4ZNSs2u11xBYV4s6umHZ%2BV1C2HrcCgHvj7a7%2BtAniXA7hoJIPG5CNJyD%2F3lcRrTyhyQZHnBVAVz1XNPY%2Bx0HV6s%2B8hrIK%2By2c%2BBMQ5biKtS50xrug4Qr22DgzhAqQOev6EtER1xC%2BVs4%2F8hJKOvmyjtKjMXcY%2BbiXfWMI7nSA%2FbAZV095snc3UgeJvdYxIBBgiXdndum9b0k5JmQHtVCNpDCOdtxxaYE%2FNPvupMTf%2F%2Beflobb6yn8eFjvWxCMueeUTf1%2BC4TXh0%3D%7Ctkp%3ABk9SR_CT6vGXZw
"Supreme, Black, Short Sleeve T-shirt, Red Logo , Men's UK XXL",,£9.99,+£4.50 delivery,31 Jan 2026,33,Pre-owned ·,https://www.ebay.co.uk/itm/206037640876?_skw=supreme+t+shirt&itmmeta=01KJZHTH735BT28SFZYFSB88TJ&hash=item2ff8cce6ac:g:JgUAAeSwE0xpch1S&itmprp=enc%3AAQALAAAA0GfYFPkwiKCW4ZNSs2u11xBiRQx6q1ygR30sZWBgxP25ZI41GZc72Ursy9KkKrazNbt8ma7Fa8NClKQ%2Bl4fSvUrephWl6kY%2Bx%2FXw4sOqmDckqf3WFbASAHNuT0NNBeWkHSurAZvMlQbH96z1%2BwaF9A%2FA7Ad2dMdbb42G3B8IXDzTUcXOXh58udzfo%2BkCnXyB5W0FDiMqDkYpDBrvI%2FYL9kxDQamvRrBKHpKcbz5PJjL0NLeLMJsmig3KrOG71PgK61ztlJKvWNoBLQNA5R0CXUI%3D%7Ctkp%3ABk9SR_CT6vGXZw
Supreme x Hanes Bones Thermal Crew Top | White | Skeleton | Size M | New,,£59.99,Free delivery,28 Jan 2026,36,Brand new ·,https://www.ebay.co.uk/itm/317774077730?_skw=supreme+t+shirt&itmmeta=01KJZHTH73QDB0N3NQY7EQBJC0&hash=item49fccf9f22:g:6j0AAeSw9oJpa5l9&itmprp=enc%3AAQALAAAA8GfYFPkwiKCW4ZNSs2u11xCo5dsf7%2FFpM2Azn%2FH%2ByvR6EHMAJLsH8PTni0cwwsMwDkNR2maKd62PtOLGaFgW6OkmNS2YDmnoJBAqKpr%2BcA5amJI8%2FHF3KWLKfccd0pDYVe%2B9Bieqz3bk7FDyslVbhlYVB4EPyGOG06yX%2Bbaz8do9r1bREQK5UAx1w0Hjqukq%2BoRQhqFb2Kmt2SBWpDOVdk0Y4CdRHMxhWkBjos2056eY9YloZByXQjNdEusNk64X2EfV5sfwISMGxFVpVsoylbD1xTiehzh%2FhQ0M3PzDQlixYOZKZwCAjMnMX7Q6lF4%2BGA%3D%3D%7Ctkp%3ABk9SR_CT6vGXZw
Supreme Hanes Bones Thermal Crew Top | White Floral | Skeleton | Size S | New,,£59.99,Free delivery,28 Jan 2026,36,Brand new ·,https://www.ebay.co.uk/itm/317774083251?_skw=supreme+t+shirt&itmmeta=01KJZHTH730BV66P5GK7YJ1QH2&hash=item49fccfb4b3:g:M~EAAeSwb39pa5oR&itmprp=enc%3AAQALAAAA0GfYFPkwiKCW4ZNSs2u11xDbz0K8pIDlX7q6lBm14ZRFDPs%2FsOSVJ1UfomztouFAKcgsPS6sr%2FOPOsts5%2BNJbMHiovo1A1L0g%2B58L7bb5T%2FSkN2Nmhgr4zWpw%2B%2FLJKypWH%2FpUWcdWbRZGLN0rY4L43s6qfykO27qETDNqg%2B%2BhRmOLp910tkDbVdK%2FYp7r5zGQiKN5Ry9nq4Ntc8RLOv4T8avgrqWGjaHDdmq5mhnqgClnrjOy5xAqGOauvsaH3lp8sjo%2F0xdcEIpsaTq0TQ49Jo%3D%7Ctkp%3ABk9SR_CT6vGXZw
- (WITH PROOF OF PURCHASE)SUPREME AFFILIATED (SIZE M) FOOTBALL TOP BLACK💛🖤,,£146.30,+£3.42 delivery,31 Jan 2026,33,Brand new ·,https://www.ebay.co.uk/itm/365773991095?_skw=supreme+t+shirt&itmmeta=01KJZHTH73WTNS4D1FF5Y79SXT&hash=item5529d42cb7:g:TiMAAeSwOdFoasDR&itmprp=enc%3AAQALAAAA0GfYFPkwiKCW4ZNSs2u11xCQGC99qLzQpRi9mgoT5Xnf6KEmqmy0mVR47GVGOZ%2FN4xVzPA3UKUr7rh0ASP08amQYvGb%2BJ5ppesbpwf2whNqJw%2Bv9%2BliS5sxYcRdBWNdIL4JEv5gAvFF2A3EK81D6%2FMGfZ7sjwZv8N1Qyy99uO7UFr4%2B%2Fde4%2BDSvBOSol3GbG9%2B213MYS6jQuesebbedpND6MRvwtYvXKuvdH%2BL3GQUha%2BC0OOFm%2BZWQFrLWRJJXBZ9mIWEIWKx2oZ%2BelC7AEHSc%3D%7Ctkp%3ABk9SR_CT6vGXZw
Supreme Spellout Orange Men's T-Shirt Size Medium,,£16.15,+£2.94 delivery,31 Jan 2026,33,Pre-owned ·,https://www.ebay.co.uk/itm/257305324746?_skw=supreme+t+shirt&itmmeta=01KJZHTH73677PC8QYNNSH44GQ&hash=item3be897acca:g:zhsAAeSweblpZUIY&itmprp=enc%3AAQALAAAA0GfYFPkwiKCW4ZNSs2u11xBpns0QadamAKI2iacygRa9hUjd7cG%2FuiVzBjp2jG19T6eG%2BMPgYRUoKFBj4X3wPK0Oxzw124RcmjLRXDpFqjwkfal7UkdcAYOIfw5%2Bkj%2FUVCjgVG2Rvqsg0m4bsC67%2FGWmwX9yYsMbjYJ8gIv0b5hDCUmCd95luHk9okN5%2F8%2F2yWKK7XJV%2BlM51epUT1P4snMsJq0zh21gJfJ%2FPfZLvdw%2FxcvLIobDGQAioKyYXw30tE3q8pFG9zyVBeO9gMnXd3M%3D%7Ctkp%3ABk9SR_CT6vGXZw
Supreme x North Face White T-Shirt Unisex,,£16.14,+£2.94 delivery,31 Jan 2026,33,Pre-owned ·,https://www.ebay.co.uk/itm/397531484381?_skw=supreme+t+shirt&itmmeta=01KJZHTH74JQG2XBR98AX108CG&hash=item5c8eb910dd:g:co4AAeSwzltpRs7A&itmprp=enc%3AAQALAAAA8GfYFPkwiKCW4ZNSs2u11xCSgK2sIwT25nIMF--UWt06CEtS0koLqMGAh1tKtD%2Fr7f%2FB8XhYKtUZ7QDKshNOZDVKJECh3sxTN3BLh9JdOALo7VVC7kOlnsWlaXRqi2%2BiXO7ZnxeClIh1Jr%2BktmxZ9ATfMNIuewpyttWd1es05rHgDSRiLktVfW1GVX9oV--UOJa2AcWtN%2BU%2B8v49mH26MxgqRTH1ShOz4esFYzRhHBRlSjoqegdnTv68%2FbU8fjyri9dIIT7%2FctIUzwI0e%2FIZfwbMerEMgeAUoLW4kE%2BZQB5PvUDigc4qPXSZu%2Fbua%2BJ3CA%3D%3D%7Ctkp%3ABk9SR_CT6vGXZw
Mens Supreme Purple T-Shirt Size M.,,£19.36,+£2.94 delivery,31 Jan 2026,33,Pre-owned ·,https://www.ebay.co.uk/itm/187169626753?_skw=supreme+t+shirt&itmmeta=01KJZHTH740E4XYJG8W0Q5E9ZG&hash=item2b942dda81:g:pRYAAeSwdsVoCm4B&itmprp=enc%3AAQALAAAA0GfYFPkwiKCW4ZNSs2u11xBJw%2FnsIHEfZWkpwsM13FxbKM3AqFgSmY2yHDWzsgxqh73rxrKvVbrHk5Xxtc%2F5nWIUHcL4SHN2%2FoLvwOLfPdhPRwuFjqkHvmb2lnfIZrTkh9ePxTzEZR6xRHhAZiH5JajNLNspz3BjROSlTVuxVOrMcQ%2FVqNTQB05m8pbpioMY0Uop20CWwD%2BhQbb5skvKeyw9IEdcT%2FSQEztgHeG42yaoEyaXKY1Qyax%2BtvJlkC%2FAPA%2BroxrlSVfE0jleWLmvJ%2Bc%3D%7Ctkp%3ABk9SR_CT6vGXZw
Supreme x CDG Long Sleeve T-Shirt Black and White Size Medium,,£57.90,+£2.94 delivery,31 Jan 2026,33,New (other) ·,https://www.ebay.co.uk/itm/317735135635?_skw=supreme+t+shirt&itmmeta=01KJZHTH744SHGBMD84C1X9GH8&hash=item49fa7d6993:g:tAQAAeSwm9NpXBIz&itmprp=enc%3AAQALAAAA8GfYFPkwiKCW4ZNSs2u11xDpS412QlvUDDnJRkwCT3Qh3K9KpZKe4XJy8tFWOdg%2BcY8%2FUp%2BXvczD9ioBJORl%2BDMhbQW8uTuPyH1%2Bf%2BcwHj7gdK%2FJsrN%2Fa1IY4Fwfts6zvsipXbORI76iyziY9otbPaOwy7GgbHDf%2BK5gfW67JIpzoKMDbP%2BzLNcDlbDEiG0HM3Hm%2BpxB%2BTg2YZqbVZTSuCD33wChLBUxoAUvukNf9If7dq35dp0b4rwE2TD1xyBxn%2FV0wN2YeiaNBB7YbG6yQQJ3fo9RHtz2EjBBXaM0XPzG9XrR28Paim7Y9kJxuD7eZg%3D%3D%7Ctkp%3ABk9SR_CT6vGXZw
supreme mm6 maison margiela Box Logo Tee Large,,£138.36,+£3.42 delivery,31 Jan 2026,33,Brand new ·,https://www.ebay.co.uk/itm/387515911921?_skw=supreme+t+shirt&itmmeta=01KJZHTH74BKH4XX61G6HR63R5&hash=item5a39bf8ef1:g:9EEAAOSwyfJnFZ5J&itmprp=enc%3AAQALAAAA8GfYFPkwiKCW4ZNSs2u11xA5Q21xap%2FtWY5%2BzKryCoyCHsOYuM0p%2B%2FfcH8%2BZcuF5whgpFin6%2FVK1yF%2FBGyIzVHlGkokR4IBEVM%2F73BHKKITkdjgzcGwiDM01mzPJohc2UHnodf5P3RREL4CvXOhU%2FmNEBOiJ%2F0KRyEv0QDWoU2Rc%2BkscLaC7hyi%2F5U4ncg5Vs5ZXIPoxSWYlKn2UdYUluSaHFcIq%2B2Ik4eqsuYskx8qoQZ59rroIGwgIcT42w5sQedX2R6akHpP8pfvvG1seeYE%2FgD3VagCyNz3DWaXfaJb0nyNNWR14OhuPuCYdlg7JRA%3D%3D%7Ctkp%3ABk9SR_CT6vGXZw
Supreme Small Box Tee Heather Grey XL,,£21.50,+£3.38 delivery,31 Jan 2026,33,Pre-owned ·,https://www.ebay.co.uk/itm/136754966256?_skw=supreme+t+shirt&itmmeta=01KJZHTH7455RK6SMF8NNDX7EX&hash=item1fd73b2ef0:g:~MQAAeSwNlRo2-fG&itmprp=enc%3AAQALAAAA8GfYFPkwiKCW4ZNSs2u11xCe%2Bz3YII4mRw%2B9e5tDAXRINuSyadTO2UTpcrX9y%2FB%2FW75OUZMU8dB24C8ts%2Fv%2FJufxXDh0sX0USzdSbi5K479euV29DOF3%2FQxni0cPk7iTRKDWBy%2F8yNkpMexNgA1ClBOiEFu6EHcTQtsOt5KA2HTM2%2FsYG8vT59kwxNThbOaSVo6PvAUSEwmBupOMNEci8fTWfRSKgmPTvgvhNMSHNzCX7DfSyxcq8LZdK3KjYbQH%2BeGP1GCkGjGdPnNOKq5LcoBcmDUPb4qIMuzyz%2BxZKxhkF9SFXVgVUJUR9GU4ooZs9g%3D%3D%7Ctkp%3ABk9SR_CT6vGXZw
"Supreme Gucci Mane Men's Black T-Shirt, TRAP God 1017 Guwop. RARE",,£42.30,+£3.38 delivery,31 Jan 2026,33,Pre-owned ·,https://www.ebay.co.uk/itm/286003385560?_skw=supreme+t+shirt&itmmeta=01KJZHTH7489BHEN6QB4NZ37ZC&hash=item42972154d8:g:GdwAAOSwF2tmWgG2&itmprp=enc%3AAQALAAAA8GfYFPkwiKCW4ZNSs2u11xDSa0viDhNiX4Q9gayVsVhuZYPcvaJULBTDXglrsjv8Mb02yVLusZzqSKUxRM5BvIi1MyjkbvCdFm06VUcDZQ52DrsM%2BbDMRq%2FAYSzPhLEK71XkndOxma1X42mhm6jZhybcRvFkN2tjIf%2B0SuROVQSPqpLGDbwnEHIMWii%2F%2Beo6N%2B5wdf62IBeXAZj7PVRB6lVRvUYl0BkyD2UKKreqT7Mj8NeA2MV3RdEi1uQ%2BBDYLX6lGGELLoi8pGVOY%2BGCC%2BhJDDGIyMHa3gV3OQDu%2Fk3iF5uEn6g3TMdrZ%2FwMDUyKIAQ%3D%3D%7Ctkp%3ABk9SR_CT6vGXZw
Supreme Bone Football Jersey White Size Small Brand New,,£75.58,+£3.38 delivery,30 Jan 2026,34,Brand new ·,https://www.ebay.co.uk/itm/389122661090?_skw=supreme+t+shirt&itmmeta=01KJZHTH74CCWCHG19699NWN84&hash=item5a99849ae2:g:qsEAAeSwqJFo9sgs&itmprp=enc%3AAQALAAAA0GfYFPkwiKCW4ZNSs2u11xDC%2FogjSLEIkCEdQ%2Fn3sA4Gosi8bkzeFf5KBPduWrf%2FDdLEuplBYxHBHCQeFgpmhbzvgqdQvuKZ34%2BKxFlrNp81ATF8Dgtog%2BBO%2FdVrHv3YPjHjT0QDXZoKWC69JyJLIyfyANXKfq8SRewPKyQG8EgJHYE70oNjd6O0BR7rySjzTpvM%2Fm4Yhhar6fZ45aL1wjgAQMIozPNhtbke%2Fr3%2BN9sS8Z0BMasOOkyVsGOnsUgLVqzcGo5VPWYxpsmMseLawvI%3D%7Ctkp%3ABk9SR_CT6vGXZw
Supreme Spinach T Shirt Size Large,,£16.15,+£2.94 delivery,30 Jan 2026,34,Pre-owned ·,https://www.ebay.co.uk/itm/358149573548?_skw=supreme+t+shirt&itmmeta=01KJZHTH7457XGPNKCPAF754FS&hash=item536360cbac:g:eWEAAeSwxbxpdIos&itmprp=enc%3AAQALAAAA8GfYFPkwiKCW4ZNSs2u11xC0WhxAEfkoAOOrCnao7TwJJSn2dU5LxlU%2Fk5ZXx59whuId21IMs%2FiZeGBGQ%2FH%2F2sIAIxolGEHyH8pdOIeUQJa7ayO58D%2F0sE%2Bu1MtyzNnPli5FDhWVypHc%2BYG13HH2vfX4bQAHnAE1eFDUraJYaQ0uJ1zJGXT6pxF9ogZIcBOT5BF16csJWsfrvgqHpRjcNYP5RjNAIm83r%2BiCfH8B8IubXCv5px90anE95UD3sJjHLgZxAIdyoHPDUokwNxx%2FYUeT2EUBPM5Jy4y37hfmNWZDLjKdYHdVFbabiHWwQEgyTw%3D%3D%7Ctkp%3ABk9SR_CT6vGXZw
Brand New Hanes Supreme White T-shirts Medium pack of 3 with Sticker,,£22.54,+£2.94 delivery,30 Jan 2026,34,Brand new ·,https://www.ebay.co.uk/itm/306736106646?_skw=supreme+t+shirt&itmmeta=01KJZHTH74VR8VAD7RTRWVJ8F2&hash=item476ae58c96:g:RkwAAeSwt5FpemCV&itmprp=enc%3AAQALAAAA8GfYFPkwiKCW4ZNSs2u11xAEA02IVqM%2FOX111xFauB1zJsYVQft0Vui3b7Obab0%2BhFQW2tzS64f5OM6TUPelstxP%2FbF0S2tQezk8FqSF9MQih3qmEukeo8lnK0Bq5oPD5iib4CRNUX5w46XgCQH29cV8NE3UMNesHrZ5slZkZ4F0q6aR1JqztvXcso5VsjNlDsKFYbWuwIujhZghTFVmgFGhzBDTg60K8OWX%2BmeBnz9yyznoZunnNFTp7WNmvToRb5MiW83KJDdIDMd%2FAjoWzbRnI15xddV1GTh5Ox4vm099qSAih2vkwSBCEpQk%2FvkJzw%3D%3D%7Ctkp%3ABk9SR_CT6vGXZw
"Supreme Digital Men's T-Shirt, Red, Size Large",,£16.15,+£2.94 delivery,29 Jan 2026,35,Pre-owned ·,https://www.ebay.co.uk/itm/257317747498?_skw=supreme+t+shirt&itmmeta=01KJZHTH743361BKNRTS1089TE&hash=item3be9553b2a:g:ZJsAAeSw93dpYE1d&itmprp=enc%3AAQALAAAA0GfYFPkwiKCW4ZNSs2u11xCenjG1lQMqVDBJjP3MLuXUyFlkNLHE%2B%2BKMD2kNAO542qipXpYTD8b%2BdUbIgxc9VFF9GaGHVD0i7%2B%2FNvRbzS1QeUQ30kVN1DHIq69oK13KnPXic4y03kYCnYkg3vcy8fZhAl8XeEIrGZZ5cMJ3x2fpXsetG7gSeMqf0QzClFsjYC7zf6nx%2FTCXqc6NYkrGhRqKNNOqCEJFokSVfMDKrTZeT1024QRBtO3oFjh07ER0D7MMzWtc4RYwc3QyDfsc6p%2Fg%3D%7Ctkp%3ABk9SR_KT6vGXZw
Black Supreme T-shirt - Streetwear Design - Size Large,,£26.69,+£2.94 delivery,29 Jan 2026,35,Pre-owned ·,https://www.ebay.co.uk/itm/358103648989?_skw=supreme+t+shirt&itmmeta=01KJZHTH747AZ4E35HT0KZG2HE&hash=item5360a40add:g:VUUAAeSw45JpYxQV&itmprp=enc%3AAQALAAAA8GfYFPkwiKCW4ZNSs2u11xCxl0vUVAK4RdYjZwuURt57rBpnoHPTVZbGX7cQGYQaIucmiAJE2uOIJTFobHEtIfznLm7VdGve3sROr1Bx0pq63cdZFe1XNzd1CmAtFKTkNnUUJKQMFTb7KkDICdXuZDEEQCXnHGdSiQd4BcxoDG3j8xk3NxToCTv%2BYwWvcUpksXTd9SOKkRKcj7p6EGYkNcpHHxnC%2F06FWrix5Cpkhp2hr4wUUd1I4Pt%2FMUy5MofccpthsR7IzVhDXZ289vIxaeW9pFlFwOxchegQsxLZannyc2sbfgiuL1Y%2FPAkZph8EaQ%3D%3D%7Ctkp%3ABk9SR_KT6vGXZw
Supreme /Number Nine /Mickey Mouse Raglan T-Shirt Black Size XL / In Hand,,£208.49,+£3.42 delivery,29 Jan 2026,35,Brand new ·,https://www.ebay.co.uk/itm/187668147776?_skw=supreme+t+shirt&itmmeta=01KJZHTH744DEAFSFX04CC9PKD&hash=item2bb1e4ae40:g:9m0AAeSwkVlo9ni2&itmprp=enc%3AAQALAAAA8GfYFPkwiKCW4ZNSs2u11xAtMonTOqRngRMg3bcA3WEi4JRrCviX%2B3CY%2FCNmBsrxNLpXWJ2fXP0m7IMoLpKE2uQNKHUAUxUJBQQ03H%2BZauYKtuQLGkDsuehOl%2BrNuDHhyA6ww4t%2F%2B0gVhOyvpxxP05wb1NgV5u%2F7KaJKTqr97N%2BlKXyvDqPOqCCw2eVE7OeWKiYWh6Lx8wxaLsYqslZIPm80zU%2FlXD60650ITe70GF3P%2BgidviOeMcum7S3YOlWZpj%2Fnrm6bPEfJuPZbGA7l%2BiMQFnzFrezfXQU6F9HZK%2BHRMnd7UeZkB1z%2BZTqY0pR7DQ%3D%3D%7Ctkp%3ABk9SR_KT6vGXZw
Supreme Silk Shirt Size M,,£167.10,Free delivery,29 Jan 2026,35,Pre-owned ·,https://www.ebay.co.uk/itm/375256542980?_skw=supreme+t+shirt&itmmeta=01KJZHTH7459CP0Q2CGKM9MN3T&hash=item575f086f04:g:8KQAAOSwTURlzPua&itmprp=enc%3AAQALAAAA8GfYFPkwiKCW4ZNSs2u11xCBi50tsLNBARS25L4fs3VsumoTtKKOXn9wiOhPwljrySmKPctoB%2F%2BEehHiOj8pIUMB4LSJbKUx91u370YQGTKM97FTk8nF6UoOJ%2BRDmjpLCRbzkFI7RQRUBs%2B5zm%2BeTuvCWkafIKgFnBYatheYlzTT4uVEZnk2A%2FFmgHyNwIcb9fDlCWkzu1hAiRIbuHJK5wso2PzWd3CrKS6r8JDum4mAnu8l6X7VkYUgiyd34UJi5QnJroNXXX5sWeuSu42mgl7FS9RzQotbNdB2PGymZlk0qT57jOL2G%2F9BXpmtCJAkYw%3D%3D%7Ctkp%3ABk9SR_KT6vGXZw
Supreme Water Pistol Tee White,,£21.49,+£2.94 delivery,29 Jan 2026,35,New (other) ·,https://www.ebay.co.uk/itm/257322722245?_skw=supreme+t+shirt&itmmeta=01KJZHTH74T1XW62PXXKYF0V3N&hash=item3be9a123c5:g:X~AAAeSwA3xpVpt5&itmprp=enc%3AAQALAAAA8GfYFPkwiKCW4ZNSs2u11xBnfxUfcLsS%2FcBfuavMrOkIoA6zDLnoUprwnJRnX2nDytQOFFn7KCxuMaa3m2cKWbeG7u4UhJB8jFP%2F7zD2YybbGdp5qIXTvWscYMspY4QFPTOIwT%2FUusmVeOPNmS2C6JDWOENVshZBFz59dPNSUEfIcCfvCNbytvkqLP3l4R5Q0R8VHQgj4yIS5g07QrCcABGT8atwB5FkAixEMjwoQROsJ%2Fu8%2BnAhj9R34pM839sdKWA5Pgf%2FnXnCpt2JNLwq%2BGHUpXOygxbP0pLtWl2XKIFRfKFXYr1DU8DrLNOk3qpw1g%3D%3D%7Ctkp%3ABk9SR_KT6vGXZw
SUPREME LONG SLEEVE AFFILIATED FOOTBALL TOP 🔥 LARGE,,£88.06,+£2.96 delivery,29 Jan 2026,35,New (other) ·,https://www.ebay.co.uk/itm/287032956925?_skw=supreme+t+shirt&itmmeta=01KJZHTH7597QJYBPNH7E9TMEK&hash=item42d47f57fd:g:ztkAAeSw0U9pTXYc&itmprp=enc%3AAQALAAAA0GfYFPkwiKCW4ZNSs2u11xDtjxp98xGpnJ5gjAy4jHrqiyKI9RcQehNEcTGj7fT63BTrJKYaC%2Fco8scZQaKrJNz%2FP9U%2BGaLRG0RWIaERAM%2Fa4W53kogd8lSgRuxJSv%2BHbYOonH1PrJYUKIsMuTkWJ4mB%2B2RMcpjgfypB%2B8c8WGBtVa%2FbWdqilRmjK6rRY2mAskCVmj%2BBS9%2FjC4jgntNDZNQ1wlsPv%2FIFO1He60qubA8m5h5aWvzsrN%2FsAS06DFJBIjvWd5DpyHcuz7xFTIzxbvE%3D%7Ctkp%3ABk9SR_KT6vGXZw
Supreme Vest New York City Motif Size:M,City,£42.30,+£2.94 delivery,29 Jan 2026,35,New (other) ·,https://www.ebay.co.uk/itm/168074155933?_skw=supreme+t+shirt&itmmeta=01KJZHTH75F30DSXR0W5Q4PHTZ&hash=item272200179d:g:rscAAeSwgaVpY4Nn&itmprp=enc%3AAQALAAAA8GfYFPkwiKCW4ZNSs2u11xAVnC4cRtZ4gyEJ4GLWMa2YeVO4cbNXTIVG4IEXbKZY5pEpKWLbR2N60VzfpI72ThFWHriBcKK8vEf%2B0bZuI79ANeVru9upkq71c9Ut5%2FuuKhI1LV%2FQH9nic7rp20zSx9dhAIX8cEYVjZtCkkxyyolDMsz5eW5cRvKAUi3mNj2V5n9DTpVVd2rz5MnKh2mumtTMAr%2Fi71bo9bK%2FszGpg%2BwCXszuSQLHxm9KylZDFEma4P1cPX%2BSiM50wqyXcHdL4xbDOEm%2B372LP19tV7Ffn3VxwhlqlfeF8l4ssKZ8OZEjlA%3D%3D%7Ctkp%3ABk9SR_KT6vGXZw
Supreme Men's T-Shirt The Exorcist Xl Brand New,,£42.30,+£3.55 delivery,29 Jan 2026,35,Brand new ·,https://www.ebay.co.uk/itm/147120977929?_skw=supreme+t+shirt&itmmeta=01KJZHTH75PP79WBF4ME5ZTRK2&hash=item224117f809:g:WvcAAeSwalhpeRAn&itmprp=enc%3AAQALAAAA0GfYFPkwiKCW4ZNSs2u11xB7gBT9jGsVSBT9HTFNYrue%2BQ7DskvBS9GgUE2DJSG2BaqezbnoKriEwyN0iZbF52f7jjcDTAUCXrX7ZgvDuRUGpucwyKlY3uWizmImhjBv09g2p105wvOmbgbX9nLtrB58nedqmCkO8beJ%2FuyHnx3lfd8P2Dsi0FeCP1WFp%2FFtZy3357AMVaStfZ7j%2BehS8EHARS4mabqEvKA8XIBm0d%2B1amoQHapNi6IZDotWd%2Bd%2FAMxCDyjlTyIbNA4blBTpLxA%3D%7Ctkp%3ABk9SR_KT6vGXZw
Supreme Zulu Black Long Sleeve T Shirt In XL,,£10.80,+£3.71 delivery,29 Jan 2026,35,Pre-owned ·,https://www.ebay.co.uk/itm/317778606976?_skw=supreme+t+shirt&itmmeta=01KJZHTH75BSSMEEE0SWPCP6XY&hash=item49fd14bb80:g:1-oAAeSwBrppbhUk&itmprp=enc%3AAQALAAAA0GfYFPkwiKCW4ZNSs2u11xDoykGRO626aNClSm4356Cm11Kp5ZqBBQAvEInuo%2F6g8tO7xliAlcPtnaew%2BW%2FvmkMXTaKoQ%2BpU7dUVJVEhanP98F19RaRayCk%2Bc3o%2FQojJVZ5hQhD1xNC2WuWhrqYwNK57Uu7tcBkqU0vU7xOJKyMEk%2F0v7%2F2n9%2BWB8bz6Y%2F9suwNFB2R0QtqjD0L3XjVu985PVz18LJV319CEC22y2oh8iyXNBWmJJtaT6FiE9PS6%2Fw6WWhn5uDpch4aO9OHB%2Bks%3D%7Ctkp%3ABk9SR_KT6vGXZw
Shop on eBay,,$20.00,,,,Brand New,https://ebay.com/itm/123456?itmmeta=012DEW30YG0MEEKND7NH&hash=item123546:g:acwAA9KNiJowH:sc:ShippingMethodStandard!95008!US!-1&itmprp=enc%3AbgepL1tlUHjMGCVfSTGJh%2BzsVKeJ3CQk7NizDI4BZeppuFnmyS6Ijyp8lh%2FnEw%2BWqO7uTV1Q6izE1R0T54aV8j71F4xlWfVcGft4%2FiOQhtqVXA1rW6M1atPARQRmhqUxtEPJKhKtSFgI%2Bvwlzb0GwVCtkp%3ABlBMUObkmabpYw
Shop on eBay,,$20.00,,,,Brand New,https://ebay.com/itm/123456?itmmeta=012DEW30YG0MEEKND7NH&hash=item123546:g:acwAA9KNiJowH:sc:ShippingMethodStandard!95008!US!-1&itmprp=enc%3AbgepL1tlUHjMGCVfSTGJh%2BzsVKeJ3CQk7NizDI4BZeppuFnmyS6Ijyp8lh%2FnEw%2BWqO7uTV1Q6izE1R0T54aV8j71F4xlWfVcGft4%2FiOQhtqVXA1rW6M1atPARQRmhqUxtEPJKhKtSFgI%2Bvwlzb0GwVCtkp%3ABlBMUObkmabpYw
Supreme Box Logo T-Shirt Bonjour Madame 10-3-2016 Mens Medium White Paris Skater,,£89.98,delivery in 2-3 days,29 Jan 2026,35,Pre-owned ·,https://www.ebay.co.uk/itm/187985856002?_skw=supreme+t+shirt&itmmeta=01KJZHTPT5T9N9H1SH079C49S4&hash=item2bc4d48602:g:GJsAAeSweSBpckU5&itmprp=enc%3AAQALAAAA8GfYFPkwiKCW4ZNSs2u11xCPiNfonWleJ2Tco0Ocnb1iYKLotQ5KFDlFSNvCnNI0SsaBFiluqARjbHpyiejIC2vmCoZ5H7iNUPt8PEbU71ILywSPPR6ZP4oWZw5k0N224IOE7K4ZXr99kKRUoGy1WyM1fsR%2Be8vYxvlwfF9hdwchdFA7Yurn%2Fv%2Bgz8AnpkN6ZNfpHJ9sbeSuVyXR37Xot%2Bq%2FkdpWwxAIFba%2BPDCV6HJKGWUyE44Fx%2B8NixynrFwkI1oD6ByY%2FQs%2FH93A9yYZAwtXz%2Fxfb0n1nf2oYvGVpegFK4RvTCmGyXfW8JUPqN20BA%3D%3D%7Ctkp%3ABk9SR6zt6vGXZw
Supreme X The North Face TNF Expedition Tee T-Shirt Size Medium M Black,,£37.10,+£2.94 delivery,28 Jan 2026,36,Pre-owned ·,https://www.ebay.co.uk/itm/287086348935?_skw=supreme+t+shirt&itmmeta=01KJZHTPT561EQ7J8DJKGDG1MV&hash=item42d7ae0a87:g:GIEAAeSwdSBpbkZY&itmprp=enc%3AAQALAAAA0GfYFPkwiKCW4ZNSs2u11xDs1W4mMwQRq4Efp9ABj778iazEFYNMPE0VcuKkGMqWj%2BRySJn4Nl%2FUktZeNDV1gdNIFgDqaKf5qZR9mU82KaF48sEjaFyOuc9PoQ8HzSwv%2Fujbk28J9R5kG710Yk07I0fcNDJuuWvuS8fNLI3VXRd7eg9iKhTllJuwTLt8fYWnuTU6PJfJGN%2B0nDfdJVXvpo7hyw43u5qX25bddanciZNzUSBZjACHmWp%2FiFqbBULKHVaHc0VhseKI7Hb4YDpix9w%3D%7Ctkp%3ABk9SR6zt6vGXZw
Supreme x The North Face Mountains Tee Teal (M) Great Condition Authentic Rare,,£44.38,+£3.38 delivery,28 Jan 2026,36,Pre-owned ·,https://www.ebay.co.uk/itm/366152735045?_skw=supreme+t+shirt&itmmeta=01KJZHTPT5800XYGG4JGFKA5QA&hash=item5540675945:g:HhQAAeSwCRdpd-FM&itmprp=enc%3AAQALAAAA8GfYFPkwiKCW4ZNSs2u11xCMAuEPihgN1nSPi3r9fz5unsd6E%2F9zcfXkaV3Zar5eUdTZi%2BvrvpDQU2chlIOna8%2FG8awZPZQoPs4BH1sD9mHfbypL%2BIAUjJKlmabeIik%2FH1D%2BF4%2FiCWJ4nXqrgpxPf8RLeN9%2BSeVe99SElhm2PG3a%2F9naeMKXfX1NbDeGos0rJYdKBOkR5P5BF%2FNSP2YFW7kYOLKAIqPGCnFN%2BLjYKb8xLNX53tod4qp%2B3dbkJqJtg0YAWFSSTYhgtuV55Zq4VQ21t94RHnh6Ls3lGVEN059ls7hkmba6dOoAWyFKAl0a2w%3D%3D%7Ctkp%3ABk9SR6zt6vGXZw
Supreme Long Sleeve T-Shirt,,£16.15,+£3.38 delivery,28 Jan 2026,36,Pre-owned ·,https://www.ebay.co.uk/itm/127629354403?_skw=supreme+t+shirt&itmmeta=01KJZHTPT69F9HQN0BPND9A4Z9&hash=item1db74d65a3:g:tugAAeSwfmNof49s&itmprp=enc%3AAQALAAAA0GfYFPkwiKCW4ZNSs2u11xB0U2%2FNTPVzzAM4hgafb5rWkJY99wZziTliYWXqlFsauNeCUK94o1LRVmdmleFtBvLZOypxmRueXmUpERtvoMo0UKI5xz5ruklyjoCTtNLf9J0S7%2BkTDEfcCsXCc%2BEJh1wwRElaCG%2BFGTQCqx6wqrCQkhYG8ciF%2B4E4L71NlWk8EKjAtzAzdSwz%2Bov0FdpMhYR%2FRvyYcM8W3c3Rba8IPg3Jhhf%2Bz8TT0bAZjtaiyzHS%2BbArwwI3uzeRGBoeh0NAhYY%3D%7Ctkp%3ABk9SR6zt6vGXZw
Supreme My Bloody Valentine Feed Me with Your Kiss Tee T Shirt Rare Size Medium,,£36.14,+£2.94 delivery,28 Jan 2026,36,Pre-owned ·,https://www.ebay.co.uk/itm/157628175564?_skw=supreme+t+shirt&itmmeta=01KJZHTPT6G481520GC3PWJ6AT&hash=item24b35f14cc:g:Q50AAeSw7nZpcS0q&itmprp=enc%3AAQALAAAA8GfYFPkwiKCW4ZNSs2u11xBtvBRLn5McuN%2BFE%2Fwdl2HcUtgwfB2r5N7A1biy6KC9%2FPCCFxZkKVwnoDcW%2BU4PXU3gkfkaRZnPvyy7Z%2FxLiEuk79JWN0tmJwGMeOpUW%2FlqzKOypK99xKRrqWzj6zwclCFoDZBFt6FpWWAfDkLi8mB3x%2B4jB13slzv76e4r7Bmpi2t%2BzyxxZACvqe4hy1Lu8tqnKrMALgqv0C4qULHN%2BK65jT1KS%2BqFLWwJgAnoB0HvdmuY7Znjl61aGkvFdjnGBXnEup9MEyHBOp2tW2ztIOVxVnjujnFtO6wRQPBAi98W8g%3D%3D%7Ctkp%3ABk9SR6zt6vGXZw
Supreme T-Shirt blue graffic XL,,£6.52,+£2.94 delivery,28 Jan 2026,36,Pre-owned ·,https://www.ebay.co.uk/itm/389520830812?_skw=supreme+t+shirt&itmmeta=01KJZHTPT6VMVQYQ5SD7PVYHVZ&hash=item5ab140315c:g:knUAAeSw5iJpXj22&itmprp=enc%3AAQALAAAA8GfYFPkwiKCW4ZNSs2u11xBrh6pwzdJVGSGEwiiyqDo%2BHYsUizji6%2FqhJEKqxTwjXgjx11mJipnKXthRSr4ev98hRipdNfE%2FMS3wuCsPgQ9u4Pvi%2BCu2ZuUIA6za5kd8SWsHQ%2BOPJOqfBsWmWm%2Br4PEQlXrvAsY9hpyT7CYrwk%2ByVupddIkdGEE6pj72Q2uEXyZECrxzBs3BNCggvEIrCMnqi7OIXG47e4uIk0lGYr5iyC28WSjg1kBSacVeFCVDN145dFLYYUorkflaqkZ5YW24mBirlNsjxiyuxeN3j3zRV%2BynrXcPl3%2B1LjGJ5bDsLw%3D%3D%7Ctkp%3ABk9SR6zt6vGXZw
Supreme All Dogs Go To Heaven XL Tee Navy,,£31.90,+£2.96 delivery,28 Jan 2026,36,New (other) ·,https://www.ebay.co.uk/itm/157636345267?_skw=supreme+t+shirt&itmmeta=01KJZHTPT6XGQW19E9JY8KY3NY&hash=item24b3dbbdb3:g:LpIAAeSwC7lpdfok&itmprp=enc%3AAQALAAAA8GfYFPkwiKCW4ZNSs2u11xCf2jiByjPGHph9ny2aWBH0SNhJMkVOL05WOalU%2BC18I4Ka2se6K9oKYYES70d6qB3p0gzXpHVW4t7cWvFTTk9eYO5swfsqwzpvL4Axm1pLQnP76n8T7H%2FSirFvb4Hjlog%2F24W1%2BPyeD0TO%2FeOaN344rRGYY8b6NLTX2XR55536tCxfQKfmuTaWuG%2Fy2110ZYvWcKSKHQNBKasH0aK8UqMRmuL%2Bna0SP5vp8rScCtCCLTXQNIeyeQLL24rNyXwgEj4Mia9C0%2BUZCnMBCEkIfAng2JTA3y68NLEeqn3ZxRcugA%3D%3D%7Ctkp%3ABk9SR6zt6vGXZw
Supreme Spiderweb Football Jersey Black Size Small,,£78.34,+£3.38 delivery,28 Jan 2026,36,Brand new ·,https://www.ebay.co.uk/itm/389107291504?_skw=supreme+t+shirt&itmmeta=01KJZHTPT6FMAJFR0XWRHQ6RG8&hash=item5a989a1570:g:4P4AAeSw2~NpDwJP&itmprp=enc%3AAQALAAAA8GfYFPkwiKCW4ZNSs2u11xCKuxldfylq2X3VEtsYrj4CxvrAhtGNtfgxNKLl8%2BiXVV6CfDY3W2c79q1hc%2FEJ8N%2BKe5mO2AAR5NOFKnST%2FSaNj7rWkvtr%2Fuj5GjHztEUVZ8dgR%2BaFuDcbBNA%2B%2FeqZQJgbfjH8xSuGup0NIEbHI%2BgGyQZER4nPDxSc2%2F0fKJcQIPqXY6pYmBaai24ur3k8J3ZiD4tsMYpUEStUdkPZ0crqjqNtMwX%2BCP5NLsITRkMZUCKFQjk8KLqdb4FNEqNDJUWh1aAbt%2BBHcof0Fs%2FLWftBGU%2FStMjLNYMVo0%2F8vsoZHA%3D%3D%7Ctkp%3ABk9SR6zt6vGXZw
Supreme Lon-Sleeved T-shirt -Size S -Brand New With Tags,,£78.70,+£2.94 delivery,28 Jan 2026,36,Brand new ·,https://www.ebay.co.uk/itm/127619635324?_skw=supreme+t+shirt&itmmeta=01KJZHTPT6EAAS7CYVCC2X3QZY&hash=item1db6b9187c:g:XWMAAeSwZmVpYPfw&itmprp=enc%3AAQALAAAA0GfYFPkwiKCW4ZNSs2u11xABltdPcMhmGcpkbZd2fuPIjWR9qI5nJ0CokqtcqDObA4acfnmA9ofl63bEqO86AAwl4%2BKUB2mx8LUqis6pO%2B9zs7vm6RiYF2kdynOv76mpKen73NnG8QNF7rmhxGdw6prZQxAWtOXyWIiaxQbE7CBQsjdIuksMsSYgviNZ0nwdtkk2wVnMUEax1DWeJZiKUaJ6M4GjVJghs2KgvcjN857fkSLI583rhZ4y2DbW%2Bl2vh%2FdlHiLpo0WDAe84XBFSZl4%3D%7Ctkp%3ABk9SR6zt6vGXZw
Supreme FW24 “Supreme 4 Life” Bright Blue T-Shirt Size XL,,£26.70,+£3.38 delivery,27 Jan 2026,37,Pre-owned ·,https://www.ebay.co.uk/itm/397538445183?_skw=supreme+t+shirt&itmmeta=01KJZHTPT600DQ96FH58MZSDD7&hash=item5c8f23477f:g:pHkAAeSwILlpd4lj&itmprp=enc%3AAQALAAAA0GfYFPkwiKCW4ZNSs2u11xDPQ31UYXLZ41KDZKF4XrO%2B8LAn7fqqqV9J4lIEiqoXCGzIIUxyc5LD1Ra3AxlDr53BY3GGD7b6GGaylweyQQE9tPs7FrtccBp4laouoeVRDdzaP%2BzivmiY%2BfuB1oiCljFJAh1CW1%2BEEKVcQdLdFxscXu15Ya%2BQP8XkAVM%2FB0%2FB4d2igiYX9E%2B0B3cCbIaIWgfGoyzYLUzDJB4wBDm9G%2FFfSlhSBqu1R3GKTbpdmjvGVGPJrCf3Qs2AdVNrmjGjb%2FU%3D%7Ctkp%3ABk9SR6zt6vGXZw
Supreme Men's T-Shirt One Two Xl,,£42.30,+£3.55 delivery,27 Jan 2026,37,Pre-owned ·,https://www.ebay.co.uk/itm/147011385815?_skw=supreme+t+shirt&itmmeta=01KJZHTPT6K3B49MK5D8FKH42V&hash=item223a8fb9d7:g:M~0AAeSw8r5pMtvJ&itmprp=enc%3AAQALAAAA8GfYFPkwiKCW4ZNSs2u11xD30BjXnZpqyioYBmsseXzJ170rXmBB0ObEkcZ9w7xrzWkSkbp89qq4Y9TeLrhbsf4v2itzmcCPGPTFWZAhALlFEiNKzBPE8WBkIaxJpznuZCGcKL3MvCxF46koTJ6OIXOlkYUfjqiaZ0gjQJanVXUXCTHwTiAgnJea6CITBuiEu1vFao9Q4hO%2B4orFRv9lpJ2%2FgutdCbsPgVfQSaYJzV3mkfGiUHZtWmRJVzN8k3D5a4jgswWOMgwR%2BbqMMBH7RN9ootZj2tFuxcdESRHaHx43tEUZ6ZDtrHhSbQPLp1iU0A%3D%3D%7Ctkp%3ABk9SR6zt6vGXZw
Vintage Union NYC Frontman Logo T-shirt Size XL Skate Supreme Streetwear,,£31.90,+£2.94 delivery,27 Jan 2026,37,Pre-owned ·,https://www.ebay.co.uk/itm/277678785812?_skw=supreme+t+shirt&itmmeta=01KJZHTPT6HCGAN335TFFB5DVV&hash=item40a6f20514:g:s7QAAeSwUMRpeJQ6&itmprp=enc%3AAQALAAAA8GfYFPkwiKCW4ZNSs2u11xCV2x79IZO%2Bnx1af7tberMCZiLeH--Hzb9aoXmhxIgD3MIplDYNWTKaXO20bNYvthTIxigawtm92d7a5FLzHxiGobQhlL72EQxCBeg%2Btuo715VFOhzLAInNRnlXiX7T6iwifQISZBzCImBOkd4Lqn4%2FaomadYCRjABIiQehNfPeUOueL5ox8OXit1Z5a0VRlVyJ492kHNrQM4rCYfDilCs%2Bv7W19EmoE99%2BcrGqo%2BCv9tMp99NPatC8FPDf1ODWj6gMBXyW8oAnlptylEvAtZDDKwNeexXBV8M7vq54TewX%2FQ%3D%3D%7Ctkp%3ABk9SR67t6vGXZw
Supreme Ultra Fresh Tee (FW20) Black Size XL Good Condition,,£16.15,+£2.94 delivery,27 Jan 2026,37,Pre-owned ·,https://www.ebay.co.uk/itm/376872999809?_skw=supreme+t+shirt&itmmeta=01KJZHTPT61GN9669ZRX8TS03M&hash=item57bf619b81:g:D0sAAeSwyQlpXoRG&itmprp=enc%3AAQALAAAA0GfYFPkwiKCW4ZNSs2u11xCFZ4aPqtnpngoUMbAXPqrIsofBgFdBc%2F0mm5Q9LMvl2j6G0UpPioBmym1A3ZoOFD4Nx6BJ8AhP0Jn2rHE9KsYzg%2BNmBkfcqq0%2Fd6m7g59Qo5YFFXorK7pJOgvcGeihaaIsC%2BfERhh%2FH6K58Haa9QtMuZY2Zg70gghdGTKMBQyy33fqiZiKIY1%2BtoTrdLp3ort44ZW67fLsag6TbR7qB5O0NPfA23Tb4iu2fE%2FQpzH%2BnoKIhB4UHq99Gx%2BI%2FKOTXSM%3D%7Ctkp%3ABk9SR67t6vGXZw
Supreme Tag T-shirt Men's Size Large Black,,£57.90,+£2.96 delivery,27 Jan 2026,37,Brand new ·,https://www.ebay.co.uk/itm/376796736721?_skw=supreme+t+shirt&itmmeta=01KJZHTPT6CPTS0K117V99XCCJ&hash=item57bad5ecd1:g:Ja8AAeSw4LBpSaGg&itmprp=enc%3AAQALAAAA8GfYFPkwiKCW4ZNSs2u11xDs1tEQ9U9AsZcJBWBiS4TOJBFvWW4%2Bi5b2nauJg1NMedC3jPRhdaaGZjdF36H66eBwj%2BsOHPgnHNv2i7irIz7veL2zP956cFAweD72by5bx%2BySaMcrymGhT7Yibp31oV6yrO0ek55vOrZFWvdB4i9Vxd8w13nuA9OYyqT79gPyYqesYwm%2BmfWEkJWeGkq72C1w2dvKGECwN7ycpv%2B4M%2FXjAY37lSr738v7CquaW%2BaE8S43Qn36vGtR%2BKv2sa91b7txDp2uMeS8Mz%2FCzKM4QNk72sty0PzG4IynVCuLiSklzw%3D%3D%7Ctkp%3ABk9SR67t6vGXZw
"Supreme Sudden Death Jersey Black/Yellow, Size Medium",,£26.00,+£2.94 delivery,27 Jan 2026,37,Pre-owned ·,https://www.ebay.co.uk/itm/297964843543?_skw=supreme+t+shirt&itmmeta=01KJZHTPT6DEDM6W4GYPPQVHHR&hash=item456016b217:g:eSIAAeSwH35pdNXZ&itmprp=enc%3AAQALAAAA8GfYFPkwiKCW4ZNSs2u11xDYbDkNk60BQkJrNASD4RueY5OOuawzjZaYVF%2BcUyawt06Rwc7hj3So7MdKPrwkma8QG9Toq%2FvywkIVE01LZuEwkdeSE5hBKkUl1CZMqk9BLFBkUw84W1q0wX63ulpm6TjBLIaR8sWNteVLkR7vYKluRNCIKGKiQ%2FfHZB8o%2FiqbqVEP1yg%2FlNabZo7lKJ51UJ8L0il9sTMtlI6XyCdvdIl9sI1KndTUEEwrfRINFPlGXrkGzPYrnVE8TwjVyvQDhjJ84%2FKO1Ndg4DAwdODE6kXxLsIcnQ8f2eZgNH%2FCR%2Fe5cA%3D%3D%7Ctkp%3ABk9SR67t6vGXZw
Supreme Perfect Season T-shirt,,£22.00,+£2.94 delivery,27 Jan 2026,37,Pre-owned ·,https://www.ebay.co.uk/itm/297964842460?_skw=supreme+t+shirt&itmmeta=01KJZHTPT6TNAXKWWVJ8R4C9SS&hash=item456016addc:g:q8UAAeSwKGlpdNVK&itmprp=enc%3AAQALAAAA8GfYFPkwiKCW4ZNSs2u11xDwpt%2FQuOYcfu0uFk9YXILwBpk8VYM6QWQmOURjUs5oR0vce7L0Vo6RVUOUi%2BdkJTF90yEHmLCD1c%2Bvvu2jTnrwGmXg%2Bwwkei%2BpzYM1FJXpXnZvnak9NQRdlK%2BuygMggfFvjwvUsPIna217bmwCVMCwQUm5buUQ0CkUmjS6bnGGeeGGE3HiyVkwAqGrMlRdlIghryGXggij5ZzUWmI5VRe3MbOjt08d7OtvNd9CNt4mBd1A6iwSYyr%2BD1Jcl7slrVZohrjRAVA2fmx6T42oNDN%2BDkyzPD9EMn7kQpgnZP8kWw%3D%3D%7Ctkp%3ABk9SR67t6vGXZw
Supreme Bandana Football Jersey Black,,£7.54,+£2.94 delivery,27 Jan 2026,37,Pre-owned ·,https://www.ebay.co.uk/itm/297964839730?_skw=supreme+t+shirt&itmmeta=01KJZHTPT6RTYFBTR9T38WT1MH&hash=item456016a332:g:2V8AAeSwmLFpdNSi&itmprp=enc%3AAQALAAAA8GfYFPkwiKCW4ZNSs2u11xBjAR%2FtUvQJOVfORlHscGT05qzvRCB3%2BXWT5AEIk9RK39mYGra2xN5aCdPIHiF4ivwljllBsMDE0c0eooNnunJD%2Fl7yb9N5uxeX%2BU9luK2ou%2F7G25%2BXtA1jVsr%2F9cCIx%2FB9V2fzQnrjNJT9KSLse6dQCrOCOFrbYgbOWQ3bS2CtReUy6WeU8GZZwQ5PqwsYeW8eRQ9e3AQBbQ118YqbbtcRrB7BHMsch7pMsYAygXzzDuDSffvRPrO8r%2BgHpQiT6guD%2FPrWG%2BBn1VYkrGJ7Nav0QNN4SA%2FfSAhuspvN6Kw3tA%3D%3D%7Ctkp%3ABk9SR67t6vGXZw
MENS SUPREME GREY T SHIRT SIZE MEDIUM 90% Cotton,,£6.52,+£2.94 delivery,27 Jan 2026,37,Pre-owned ·,https://www.ebay.co.uk/itm/177792960043?_skw=supreme+t+shirt&itmmeta=01KJZHTPT6J67CY5Y7G1J1AGFD&hash=item296549462b:g:1RQAAeSwEF5pb41m&itmprp=enc%3AAQALAAAA0GfYFPkwiKCW4ZNSs2u11xA%2F1C2IueuyjJZsG6JziIHrUnXsndHFCITQStvH2b%2BUTvzxOZgOGNz%2BhQndZZLqGSkHJvAonoWUbC4VZe2%2FLSC6Qv%2BkHcGEZgUUqzzldMtS%2FctzLe0qxBPkH4OfpmCHNNPXtdFjxuSES2EN8r%2FW677M1JDENPM7rTzjP9gLxdh4Qf%2FnzvLl4oi3qQtal%2FjWJGrtYaV0hTUzFKNisvfl7ThyyqqxUfXdpd9RQIf0If%2BBKFjOY8IMEhOQebT5S2BwLag%3D%7Ctkp%3ABk9SR67t6vGXZw
M.Society Mad City Superme T-shirt - Size Large,City,£6.47,+£2.94 delivery,27 Jan 2026,37,Brand new ·,https://www.ebay.co.uk/itm/156883417036?_skw=supreme+t+shirt&itmmeta=01KJZHTPT6JW97XPWQ0CKNTE79&hash=item2486faf7cc:g:8h8AAeSwGC9pcKJ5&itmprp=enc%3AAQALAAAA8GfYFPkwiKCW4ZNSs2u11xBK1OrMMKOgwiCdAKZww3c0R2bjHfcCzmGm%2F%2BJgTUMYbJ7A3RBmjcJ51jM6Gzt5Y5kF9VNIwMmRtSJCLxKhMcVpHf%2B1dVKqWMYjt%2F6HPe4fbRFOoBRyl67UMWntX18R041XnmEn3icU4F6boQre633f28ruMte3DwGtEQZ7PFKys35QPheZruZkZazXJNzNPCa1WeKsFZSftV2vX%2BQ3lCPzjwLXTuKDOcIy2QWFtYRik9c2WHTdZWmIVI3AxMl4yYFTmRXoDgQXweoQt6M94C7Foy59%2BY71lWli0v7bemc24A%3D%3D%7Ctkp%3ABk9SR67t6vGXZw
Supreme RX Tee XL Heather Grey,,£26.70,+£2.96 delivery,27 Jan 2026,37,New (other) ·,https://www.ebay.co.uk/itm/157636349570?_skw=supreme+t+shirt&itmmeta=01KJZHTPT6PTXZGBA0BZWR3P86&hash=item24b3dbce82:g:MecAAeSwLdRpdfwZ&itmprp=enc%3AAQALAAAA8GfYFPkwiKCW4ZNSs2u11xA41eMU%2FDxgeQvnVq9GSSWCQl9Rhouj4V1gKfa%2FFmgJQuo7UN1nZS6pnXaWmh7uXDwZxpjs%2BqkBW5jx4kpgzJRQJcvMBe%2F8yLmWkjhb%2BVl4UxtR4drfAMRu4wl%2BG2W7RS29ZR4WYTLRN5u78OJKvxdKfXbNsgS%2BEwcKAnOwnaaxQlz3Iqfk2VMpRucqntouPiME43HwihSEgXbSt%2BSr7XKHkr0lJUETKtb1QRAjhGaOzRyByfJH8plhc%2FhFFpHHWRrD9RqG3QFRge5cuHEhHUroSmJratPeh%2FObLj38X1dEig%3D%3D%7Ctkp%3ABk9SR67t6vGXZw
Supreme S/S Pocket Tee Heather Peach - Large (No Reserve!),,£12.53,+£2.94 delivery,27 Jan 2026,37,Pre-owned ·,https://www.ebay.co.uk/itm/236591096335?_skw=supreme+t+shirt&itmmeta=01KJZHTPT6R93KCHHHKW4E2H96&hash=item3715eda20f:g:woAAAeSwa~RpWs~T&itmprp=enc%3AAQALAAAA0GfYFPkwiKCW4ZNSs2u11xDCVCVjM%2FCwjso24w1zJhwRukB7sOb%2BosymM8Z1XPOOtSdjv2XkGCUb%2Ffqo%2FXCLP%2Bn1t1kwJ1U51rA4%2BoM2LwldBdB5LTjtN8Fv3NjBAxA76%2BIRZiwgvpguB8cNBD2AdfDdzfbwW227ql7G900IZANleSyf7Ub8q1MDHp74T5qSvtq1W46L1LkPVbLLhvItUFMLJxAnmrArm1CrACu7RP3xyZaauOXZRUHs2AbNd%2F0TbFKPgdx%2Fzm1ws63VRkAkIcU%3D%7Ctkp%3ABk9SR67t6vGXZw
Supreme Hanes Bones Thermal Crew (1 Pack) Woodland Camo Size XL Brand New,,£84.98,+£2.94 delivery,27 Jan 2026,37,Brand new ·,https://www.ebay.co.uk/itm/236115265751?_skw=supreme+t+shirt&itmmeta=01KJZHTPT6QAAKT4CW0NSYRBA4&hash=item36f99108d7:g:jkcAAOSw4P1oLu2E&itmprp=enc%3AAQALAAAA8GfYFPkwiKCW4ZNSs2u11xDhmBj9d1O%2BtEMvX5oSKjiuL4QzyecLRbfHuuNYaCthIPhg%2BiNaBI32l6eXfp40i47tuGom4RBmSIzPB2HxNh8PERR25OMmEux233d1FvRAj34ucEF%2FIftszaviIHMwqIEJwMn%2F6MFj4YdFq72KcXKOQxem%2FJCPVnE3RFYF0GnAZo%2BVRfW6mGZgK09I%2FyCXClJEb6xwzHqMpD4hRg40t04dkHUtKgG8n4hg%2FPMkw5FLqUGPSpIldi4fnbq3ZYjQQ%2FVRpKPd5bKwbedqqVhBtENvailHJGBmcjON0Ifobqzr%2BA%3D%3D%7Ctkp%3ABk9SR67t6vGXZw
Supreme x Maradona White T-shirt Size Small .It Features The Legendary DiegoArm,,£42.30,+£2.94 delivery,26 Jan 2026,38,New (other) ·,https://www.ebay.co.uk/itm/306588024999?_skw=supreme+t+shirt&itmmeta=01KJZHTPT661GFSWCPV4VAMY7H&hash=item47621200a7:g:dKQAAeSwBzFpDNMl&itmprp=enc%3AAQALAAAA0GfYFPkwiKCW4ZNSs2u11xBZOi3IORfHZfc58MlAJZME5ZV%2BmBkf%2FWOyf5nivfbfMbbQpWwcI77plcsvgcdFHSblap0GfHSxtEyOZqe4Arf1BFSdB12tdD7itM6OdZW3PH5KZNYDxwYZ%2FN05BYbTEI7%2FpHtfVucBDiBK%2BxsOozb00n5dCJUTwvIc9ETds4WXtFLVyGGne1VsBwc7oTwEkjYE2Fe0uAUcRyp9JcyjYcdCh8KwxJ38VNwaJ%2BigpoDusBC6OBjLq9RQaXAEaBdl4N0%3D%7Ctkp%3ABk9SR67t6vGXZw
Supreme Men's T-Shirt,,£6.53,+£2.94 delivery,26 Jan 2026,38,Pre-owned ·,https://www.ebay.co.uk/itm/168095148502?_skw=supreme+t+shirt&itmmeta=01KJZHTPT7RHE9BCANQ6PNCK5W&hash=item27234069d6:g:1-0AAeSwTVxpbqQ-&itmprp=enc%3AAQALAAAA0GfYFPkwiKCW4ZNSs2u11xDFdNt9xM0ulvOd2FrHvuXXtH2LfJkzAdhIjHNmYL4EFcVKKdKcP3nmGMzzrRtQG57%2FB8wyM2WnXAxkl9U%2FXTVULiAA9uJepoUSmVuFccaf1CFTtJLn7DwcSDDtXbrT3r1DQkGhudFy6Z18QGhyN990uYDIpNhgubrJYuNrzSSPpq6wtQDQBJlj3IpEuqbTno33Q6%2BvuWG5XZ%2Bn%2FPLtBPqBcdHorH%2BpaLdS62IOV%2BF%2B5kxDfZ11mdgNem3bFLw7tZ8%3D%7Ctkp%3ABk9SR67t6vGXZw
"Supreme Jean Paul Gaultier Tee T-shirt,Uk-M,Black/White Graphic,VGC.",,£47.49,Free delivery,27 Jan 2026,37,Pre-owned ·,https://www.ebay.co.uk/itm/277043795963?_skw=supreme+t+shirt&itmmeta=01KJZHTPT7VPFH67M8ATYSQCA0&hash=item408118d7fb:g:kEUAAeSwJhVnt7p9&itmprp=enc%3AAQALAAAA8GfYFPkwiKCW4ZNSs2u11xDm9gchRkpqS9PseIINiX12rqRLblu8X2VqL2eETNd4svP1lfbKsUC7EzuDGurN%2FOJUzywLqZAdET40RTBD%2B0MfY6IAtcJ29lzL52LpYhYvCTKc9rlEpmbxUw9uUSZPdyzKHzVe%2BkdxYbHKjuPW2BuzHUmNlf8MlZJUfSmDSVjiJqC2VONxbaN8I4zKBTWcAMVHvFkmrXu5sQBMSQtPX%2F8%2Fx2ygwl9gp7YWyIABrxPZsrEErZNdhC5u4pySp4jnev%2FFBsfzVS9qYuUB%2F3P3R8dZhj012uPGRpghyD6zJCcu3A%3D%3D%7Ctkp%3ABk9SR67t6vGXZw
Supreme T Shirt Grey Large Tupac,,£9.54,+£2.94 delivery,26 Jan 2026,38,Pre-owned ·,https://www.ebay.co.uk/itm/277659661451?_skw=supreme+t+shirt&itmmeta=01KJZHTPT7CJ415XEK1GEPHAJR&hash=item40a5ce348b:g:UTkAAeSwvDRpbpG2&itmprp=enc%3AAQALAAAA0GfYFPkwiKCW4ZNSs2u11xD%2Fd49br1vTY9Hwfjyh9mQtH4RERvoL2rXeVtFvYmcWnwe%2FTdncxFd2KoG2SVa%2FlGjuThXshfl9X7rok%2FZUZg0HUaKiziDHu9kTPerV8yc5IndkN4lA10KdoRcQp7OBCOVB5QdGadQ5OyoCiLAQD5%2Bdfon1VXaMVbJK2RztDnjPttbQgjysjvDTCVOEBNamZtWG9c5UhFRndmqzTyFTTMBHOzf5huhaEhCG7qc1%2B28zLKrYjHELhZGvnt7ji6zQsrU%3D%7Ctkp%3ABk9SR7Dt6vGXZw
Supreme Jordan The Notorious B.I.G. Biggie T-shirt Black ✅ SIZE LARGE ✅ In Hand,,£68.30,+£3.38 delivery,27 Jan 2026,37,Brand new ·,https://www.ebay.co.uk/itm/286091754942?_skw=supreme+t+shirt&itmmeta=01KJZHTPT73VXS3R9YY4G9FP1J&hash=item429c65bdbe:g:C5AAAOSwprdm~657&itmprp=enc%3AAQALAAAA8GfYFPkwiKCW4ZNSs2u11xCEO8BKLWvw%2FEtxGQY4EKxHHeT%2FLSd%2FGzoZ6%2F6htxOqaiqSfESgJ6A1zADbtuymmLchv7DFZGosB75tiMtjmfh4T8XJfEGzQFtuN7qiWEAU7Xpaa9o0PK70TjscNxHAuPY62KX9f%2Beh5NhlUcD7aLBKxEkKyRDdxCh4Zq%2BK3rnMnrfW7sPChMb46beGx2IjddnOdNJcr3Zdc1UXozkXrZf0umK3hhs44Gow3XDBgOQYi%2BvAGbyjWglLTKOlW7x2sMTJvmh3fELJr2AYoAyd6WxMKgXO1F3pW%2BBwTqpzWPyecg%3D%3D%7Ctkp%3ABk9SR7Dt6vGXZw
SS15 Supreme x Undercover Witch tee M medium Red T-shirt Rare Halloween Vintage,,£399.00,Free delivery,26 Jan 2026,38,Pre-owned ·,https://www.ebay.co.uk/itm/187964351996?_skw=supreme+t+shirt&itmmeta=01KJZHTPT73H2RT11J649X85CR&hash=item2bc38c65fc:g:a9oAAOSwN3xf58wY&itmprp=enc%3AAQALAAAA0GfYFPkwiKCW4ZNSs2u11xCYwXxH6i5YLIdNJuaRHdA6%2BuB%2BJDzMj0kzYflwcinHdPLbvrioZINWJuyoafEEAdc6qxv8qQ%2FPfPk6ROFrBZ6g6emIo3wIq9w0d4qG6P0uURUuRA4WEukLt38w5K3I22hBuNRyWhXYqC2Y0Mfndr2I47XzJ%2BGU0kof3%2B48JAZdvWQboswc%2B9fftyrO0F5N8koOE4cGs5EFWJQq7LAL89S%2FAVJrBr6%2BEITkGkgtosENRQ%2FqhFLTSZ1vqS6nrde5Nyo%3D%7Ctkp%3ABk9SR7Dt6vGXZw
Supreme Obama Tee - Black - XL,,£73.50,+£2.94 delivery,26 Jan 2026,38,Pre-owned ·,https://www.ebay.co.uk/itm/403536207231?_skw=supreme+t+shirt&itmmeta=01KJZHTPT7BG6KAXJQS715N2CA&hash=item5df4a1dd7f:g:WqQAAOSwLphiLR4L&itmprp=enc%3AAQALAAAA8GfYFPkwiKCW4ZNSs2u11xBAMkJszMVyU2OO8ziYqDlRH%2FbnkyO1v85y1MK6I2Wu0qsR6e7pY%2BKkEzjX6gzxb3Mdbgkn4aia0xEHQBbOQ51xe6%2B0A%2BepYELDJMISGz48p4KzmXcy4446Hh7kyv49Fyi5abxwcfMMXi%2BF0ER4CeBeRiw85GqOEO06f1wJ327Vz7yXX8YLa0ZawdSikHmPOpEYnOly6w0aot62Q61Pl7HaSnosHpAG9sPmrgadVMmUoSTu4xcYOgMzcz66idbTfcXmsSqkL0vr9460pCKI%2BVkQooOSdmqAkL32d44oMmJInQ%3D%3D%7Ctkp%3ABk9SR7Dt6vGXZw
Powell Peralta Supreme S/S T-Shirt - Black,,£36.99,Free delivery,25 Jan 2026,39,Brand new ·,https://www.ebay.co.uk/itm/257114351391?_skw=supreme+t+shirt&itmmeta=01KJZHTPT7WVFEWFD3DVFFAV8B&hash=item3bdd35a71f:g:p8QAAOSwPkZmu0fj&itmprp=enc%3AAQALAAAA0GfYFPkwiKCW4ZNSs2u11xB%2BLzozHD6x%2BLoHF14N9s%2FrGsnMJzCQVlYc%2F%2BqRbbgMzpnwA%2FMNWFu8lj5B1n1LUgr56AxXlDr5gD%2BbXbBydoH0%2F4nYUxODxsGPC5Bj%2BbvYm6XAZqWk6mROJ3IEGeXmjuFoHt9TiyivlKsiWv7E3Mj7azWVVVie0%2B4BLo%2BqV7TWTk14rM3Jbgozcfq1ePwUNv5xfHxgUanzi%2BAa4LwjsqqzEKuPcZu2P2SSaKLdkaPXT6MnBsOdHIY6YE8y6%2Fg9UkQ%3D%7Ctkp%3ABk9SR7Dt6vGXZw
Stussy x DSML World Tour T-Shirt Size Medium • Carhartt •Supreme • Palace,,£15.54,+£2.94 delivery,25 Jan 2026,39,Pre-owned ·,https://www.ebay.co.uk/itm/358129981625?_skw=supreme+t+shirt&itmmeta=01KJZHTPT7YF3KYDXFZG6696D2&hash=item536235d8b9:g:tagAAeSwYN5pbUeT&itmprp=enc%3AAQALAAAA8GfYFPkwiKCW4ZNSs2u11xDlJUxPTMD591Q6HGsrV7YVk3lwYJc7GXL%2FrHdm5sBtYJ%2BAqS%2FwMspUb0%2Bde1y0gK9JC6FdXJFNXawR%2FQbWFUPXiPFxG%2BbGlP5X2HlKlRBfpylz2Y6c5l%2FMWBC1IpuCeUgU4nIS9XjN5jX0eqPPToBxU6koBTEin%2BAxe7rE6nK7cz8QrPPRzkzDKzRS%2FlizQsDFak5gFy11yFw%2FFQSiytyEfc40oZSf2JuRDIOAfzcn978WejidHQo%2BmlvDM%2BUECu4xQXQu%2F5lgrliOcvMo08jF9Y%2BI3yy%2BkvUMnUjKTVdONw%3D%3D%7Ctkp%3ABk9SR7Dt6vGXZw
Supreme FW23 Camo Box Logo T-Shirt Authentic Streetwear Tee With Bag and Sticker,,£37.10,Free delivery,26 Jan 2026,38,Brand new ·,https://www.ebay.co.uk/itm/287089525598?_skw=supreme+t+shirt&itmmeta=01KJZHTPT75ZMAZ77S7ZYQ86Z2&hash=item42d7de835e:g:9hUAAeSwlu9pcBR7&itmprp=enc%3AAQALAAAA8GfYFPkwiKCW4ZNSs2u11xBInRUub8OwLMrRoZvZwxMyBdrU4zGrWcBHtzyB3e%2BM4KxMPT8BLVBSDeZkOfagTfJO6%2B3BRv0JoOGr35Z7AqSYnXCjn9iF3gS53Am5lnK539tUIXCDLPeo%2BaHBHyK7XNoCGSShKX45rndTWFYKvBG06QmNM2jXDS%2Ft2gBrt8Hc%2BJu7uaAWZ3b16dl7OmaCYibs%2BEqfcRFjnlhGHJk68FusgzlBLfMFB9tF8iNREJ7to9oeqrwOxgNNLwKSJZiTpqoYd9o3EDqn7hSymkCk4hfTObMdlFiW%2BIA2D7hOaPm18w%3D%3D%7Ctkp%3ABk9SR7Dt6vGXZw
Supreme Scarface Blimp Tee,,£31.90,Free delivery,26 Jan 2026,38,Pre-owned ·,https://www.ebay.co.uk/itm/205050570307?_skw=supreme+t+shirt&itmmeta=01KJZHTPT7CSS6Z3KT73K6ABCZ&hash=item2fbdf76643:g:S1cAAOSwr65nErR1&itmprp=enc%3AAQALAAAA8GfYFPkwiKCW4ZNSs2u11xCDyad7k3R6pe103QV0vJ3LpHNjj96NvbhJlfXDURUg%2BhJB%2BYIZsP7wz%2Fs13%2FluQq3O8AWcMD%2BqH1v5hC8qHnHNqy4wH03ccW4nYxGdvr%2FFXD3jmlxJv2X3YcY8%2BWq4vStDnjM%2FxmBC6LTWBDsLebmlkKDw9PRqLdmLxdJdqH2NZ85bAz02E9sRNKfNFs0voYyRzzFINLkJSBX4bCiCeckjIODTzMBsc4NhaLGUPSq%2FkAHZ5440ii7B4dMU6j%2B5r6%2FtvOV90KoOOMgxJUzYicXN0dlADM%2FF2x9EXmPSGPgI%2Bg%3D%3D%7Ctkp%3ABk9SR7Dt6vGXZw
Supreme Men's T-Shirt - Camo and Box Logo Size Medium,,£21.50,+£2.94 delivery,25 Jan 2026,39,Pre-owned ·,https://www.ebay.co.uk/itm/306503162163?_skw=supreme+t+shirt&itmmeta=01KJZHTPT74SM5JQN9QJPEGT74&hash=item475d031933:g:698AAeSw4uloytnt&itmprp=enc%3AAQALAAAA8GfYFPkwiKCW4ZNSs2u11xAAND838TZD29XRKXPtCxxMhxnVl8uWgThXo4m0HI5eVgSIHsEePWZ%2FDwXtBW1NioN4d5DPJZy6jGYergfIdqli7z4pBQfrim9%2FUe1AS%2F42CRJrXtfOZLtuf12xUc4H8R7Hfr42F5SmW2Zd%2F4zDNghh10t3rHGXLXQ7ru2LsggasReFJRd7rhQt3BzYwqGLnc0dWZysY2Z2WJr0EJRWjTu0JOQHuhUgcXdgfncQ01UoHupKaxF5%2F9aUazWqnfL8wYELn3BrH8OUb5dtnkcW3Vzn9aKN1d2QpnomL6aAJ7QtVg%3D%3D%7Ctkp%3ABk9SR7Dt6vGXZw
Supreme x The Exorcist Puke XL Tee Black,,£31.90,+£2.96 delivery,25 Jan 2026,39,New (other) ·,https://www.ebay.co.uk/itm/157636346636?_skw=supreme+t+shirt&itmmeta=01KJZHTPT77QHJDFKK3GHYGT8Y&hash=item24b3dbc30c:g:H5AAAeSw1WRpdftO&itmprp=enc%3AAQALAAAA8GfYFPkwiKCW4ZNSs2u11xBzoA9Ci%2BxrHN1X9--Np0Ci2l3IVK2fV2qYU3NCJSQIGgi0jYa87D0ExDr3ojhYyV5Vhoz%2FThTVqGz7xoHr1epbsDRPgopITGiec%2FWR6cJk85DVos2nrhp%2BNq1n%2Fz0l%2BjZQCQxUYy3YtDLumACiBjk5hY2yHH%2Fo8up4%2B7gTQTBdPK2sl6c%2Fkt3XZm9X%2FDwoBnchk5OEEQN%2BG6MSwlsx5i3s1YKqwLpYsXnhVzXO%2BgOarJFFJDbeLkz3JtWoeE0320qcERSNscEmNba5BpitREC2wfx1vPQ8qNWQ6Yrj6WH4%2Bw%3D%3D%7Ctkp%3ABk9SR7Dt6vGXZw
Hanes Supreme White 3 Size S 3 Pack T-Shirts,,£47.21,+£3.38 delivery,25 Jan 2026,39,Brand new ·,https://www.ebay.co.uk/itm/365939854152?_skw=supreme+t+shirt&itmmeta=01KJZHTPT7KD8SEAJA1M17N184&hash=item5533b70b48:g:YV4AAeSwT1to-jH0&itmprp=enc%3AAQALAAAA8GfYFPkwiKCW4ZNSs2u11xCOZOSGeKoPIlBFr3Mokz74%2FCJBXpsmry3UWNtgVPG81biycTolUNcr1mCLRwsjrc9YsUg7aIK46qlzAgN6eGDWmJ8k8LPsX7u7KNVoynfiIpFLr8D4Otu4I28cuL2cC3SkJbE6SR64XXV99UHqDRwpUJS%2FKKT%2FMqzg2DhH9%2BfQZuLs5gzK1kjThUrpMIS8ve3HdcqnRzCRuP897D9mxXzCA8oMFJrd8u1Os4TnX9kGAK8x9YDGV4R9uUheztoCRlVMWv2XXfwWO4BzsHPm7WAedXsWxS41hQf9SpGhcXs8lA%3D%3D%7Ctkp%3ABk9SR7Dt6vGXZw
Black supreme short sleeve tshirt – Authentic,,£10.80,+£2.94 delivery,25 Jan 2026,39,New (other) ·,https://www.ebay.co.uk/itm/357615983423?_skw=supreme+t+shirt&itmmeta=01KJZHTPT7ATFMCAVENJ5J6JVP&hash=item534392db3f:g:CN4AAeSwv9ZoxofD&itmprp=enc%3AAQALAAAA0GfYFPkwiKCW4ZNSs2u11xD6jKorHNZ4etHDwc3gYjxn0KDmo%2BQROIqnZEe0%2BLbPBd1BlESUM1v9f5iRpS8uKZlpy0s%2BkeMoeDMi3cTV6FuGheVLwZSr4GD5M%2BSadQJH2zLp0fab7hHk6D3qTi1BshR4glYPPivIIqfbnxRFBECw%2Fi08tQtlVgZC41Fqd%2FkgdqlNtRYOavmgUm%2Bkbplx1N3cpI%2Bl7YikhVHzWzj28JdCx9v3rmVI42lpmeBhnzTCCch3%2BuHsrBU2npFbDtS6fcw%3D%7Ctkp%3ABk9SR7Dt6vGXZw
Supreme Bones T Shirt Medium,,£20.43,+£2.94 delivery,24 Jan 2026,40,Pre-owned ·,https://www.ebay.co.uk/itm/326968960151?_skw=supreme+t+shirt&itmmeta=01KJZHTPT79TBEDPFAHM8VECZZ&hash=item4c20de6497:g:sQkAAeSwfg5pdOMF&itmprp=enc%3AAQALAAAA0GfYFPkwiKCW4ZNSs2u11xBAeNNyLLnAHs%2FJsMVAUx001BmvdnpgTJhMx4ig2gL8WBcsZxDM0Ql3YhxtA5TWpLX3zJok%2BharWgFJNypXaA3m8MRKDUx2%2BEcYfPW4Q1pRYlDvQdh%2FmKLniIqIJAyEmQ1dGhnsfPrNh3DymNzsVy62FIFrafJ2W3ctyKtdD5wQdR9vPgyyy8l08qvb%2FMMVHWfVXYVOagOMlagTiLJuC8oi5iUhAraXFKdavFjQDgc4XfWZs6%2F6jlUl3xDM%2BtKFEOY%3D%7Ctkp%3ABk9SR7Dt6vGXZw
FW21 Supreme Geo Arc L/S Top pink tee L large long sleeve T-shirt,,£125.00,Free delivery,24 Jan 2026,40,Pre-owned ·,https://www.ebay.co.uk/itm/187786498947?_skw=supreme+t+shirt&itmmeta=01KJZHTPT7WQQT3N281QXS6FT6&hash=item2bb8f29383:g:ivYAAOSwn2pkEGIx&itmprp=enc%3AAQALAAAA0GfYFPkwiKCW4ZNSs2u11xCELMlxjzRS8lV1HpEg7hWqpjQ7n2TQHy%2Bh0OtXh%2FOyb0dh%2B6SXDm6QuJ8QFndHF%2BgGg%2FXknjbMwgMF1muS--l34HMDhxH5bDcHVc4kZy7eZIjsIBS0AuGT2JiwGlsM4qumu%2FaCrBJMsq8aCkgxaqnYxzjaS9ld%2BgfjSzSzlHo4P0bXTTNwabiIb9XPouttop0BQmt6h3lFmi4UG7n2Z%2BjfoZpTKnOJXdQDlC2WldkV%2Ft90cflS%2BkDM007dGA4iJbs%3D%7Ctkp%3ABk9SR7Dt6vGXZw
Supreme x Stone Island Red And White Long Sleeve T-shirt Size UK Men’s XL,,£70.00,+£2.94 delivery,24 Jan 2026,40,Pre-owned ·,https://www.ebay.co.uk/itm/177804971997?_skw=supreme+t+shirt&itmmeta=01KJZHTPT7D0C4T9HPNM9C1FYY&hash=item2966008fdd:g:3XIAAeSwRvppa9nn&itmprp=enc%3AAQALAAAA8GfYFPkwiKCW4ZNSs2u11xBRU3LIwe%2FJuJSU09EK6B8tgQ6uvjjtUKU77zDdP%2FgFs%2BEjd2gRU%2FMSHiP8bw9K56lsbacPI%2B%2BXnLYKRUY63sUu1ic6YwbMIfldyjtDywY1kFtDuPwK7hMERlcUGvklJvYGCN6Nd0pcf5Fj3VT7kSTfN1e1w1OFJ2PK2OjBEvj3yS37ajO94ZYtHpQvTeUsUyVWGMkz4hFhSm3AHECE0M3DyDyH0ztP229AbZyKn8xwT6xphhVm7ei4RwPN9FTqVv9rZUSAZ7imJH6qZvhaLTj6WQVTaMzLeS2qDpExd0BBTg%3D%3D%7Ctkp%3ABk9SR7Dt6vGXZw
Supreme Sacred Unique T-Shirt Size Medium White,,£1.16,+£2.94 delivery,24 Jan 2026,40,New (other) ·,https://www.ebay.co.uk/itm/206005896941?_skw=supreme+t+shirt&itmmeta=01KJZHTPT7E13014B6JXAR8AMR&hash=item2ff6e886ed:g:d94AAeSwbf1pa5yw&itmprp=enc%3AAQALAAAA8GfYFPkwiKCW4ZNSs2u11xC6bDENHnIj45vrkNl1R3XDDqi0vbMJ24mt0CKnYYgoWBwn93wWxA1%2FvdRVOwhsRW%2FpqE7GqgXeT42lrVBUU9teJLcAUHvYybz3DXXJsSjWEVXBzUTWtlgKDJ4sYs2V3Y1A4%2BLuFtSqnPRWJYZ1JfKdGDCtSngnajJLKU5AC6SDTx4N69IEGJ%2Bijri71qppsBrYmI4FZ8jLcbcV1tvenGtTjJPzqENgacGKqhrb21XoxOC2MT%2FYKH6fLgGpD5iaUvLt5F7%2FE6ZM1crQnCYr%2Fo%2B%2FYD3dvkRra7WIxev71JsFYA%3D%3D%7Ctkp%3ABk9SR7Dt6vGXZw
'supreme' black men's top size M,,£2.22,+£2.70 delivery,24 Jan 2026,40,Pre-owned ·,https://www.ebay.co.uk/itm/389506586272?_skw=supreme+t+shirt&itmmeta=01KJZHTPT7W1G2HMH7GJCPY2XQ&hash=item5ab066d6a0:g:oLcAAeSwzcNpa4rp&itmprp=enc%3AAQALAAAA0GfYFPkwiKCW4ZNSs2u11xAfdg1atKIJ9neJ%2BaoR%2BrpOmOa5hGFnezJwEuLO7eQXUxSxmZQqW%2FAzljWtBcouJ1jZd5dreRO8eyQWNO1dGNbxuJRC7w%2BIafMhG%2FDptPQLbd0AxmckPdl5qjLhBumhbcjy3ADBtojLYNoXuh882Lly8J1pXPq2ZV2gzItykasZ4Citydu5EaEwrPeE%2FXqPqNKCSQGPsWDxmWxTsT3LcM7SdHHl3kygoOupdtSyeP1rytMPbIB9wpuHux0pt6DFEoM%3D%7Ctkp%3ABk9SR7Dt6vGXZw
Mens Supreme Martine Rose White T Shirt Size L Large Lee Scratch Perry,,£5.21,+£3.38 delivery,24 Jan 2026,40,Pre-owned ·,https://www.ebay.co.uk/itm/277656221183?_skw=supreme+t+shirt&itmmeta=01KJZHTPT71S4W9EN45TVBM70S&hash=item40a599b5ff:g:ezQAAeSwJdBpa3jj&itmprp=enc%3AAQALAAAA0GfYFPkwiKCW4ZNSs2u11xBu9yevRkwo9It5dYGs1%2FgqNukRM6fNUSVHbDjUIQCAQJtfyNT58r%2BiD%2BXodF8jFetM1lWH25dUl5yxgWR6VS8IYnQi0RE%2Fh27hSgN4jeYozeGQ1pNNr2yoM7xEOB7HDYnvQTwBqNZbsuCIxAp1dMjfmUDpydJLEQG3pEiJkVDPEMHbIrNLBScC8v%2BFi%2FSzZZYKuaieWb8TlUAerZ4YHWmcrfW%2B%2BJ5cLgm2zLYcXKUKVLJwCexLcBr9wfYZQfuaTr0%3D%7Ctkp%3ABk9SR7Lt6vGXZw
Supreme Connected T-Shirt Men's XL Green Graphic Print Oversized Made in USA,,£19.99,+£3.95 delivery,24 Jan 2026,40,Pre-owned ·,https://www.ebay.co.uk/itm/389502669695?_skw=supreme+t+shirt&itmmeta=01KJZHTPT77ZJTJ5GSE58S753A&hash=item5ab02b137f:g:2zEAAeSwbSxpai1Y&itmprp=enc%3AAQALAAAA8GfYFPkwiKCW4ZNSs2u11xCXhHzN1%2FBmcyqu08Aqqzw6UBVOX6BJ50FEyiTneNuuq5j8HJdv781Na0qS2QNB6ooRV7rAZ3WlaydaGfkT5%2BIl3rlzvUa3z%2Fa2KJwfDWUv56mgCjd6hg%2FnAC36Vz6o1njqb4R%2FyANW3iKE72Eob4On2VpDVitYO%2BTSw8z06QbWoSzhu3snVJKgd1Fhf6VI9MxAqw7kXFO2p12dqU24OZDxzhUBdgm2VDw%2FTq0g1DPvXt4KoGi%2FcEaTTW9L0Fvy9GR41g3slcj8ENj07OlBxTjgBlF6vDmufpBM2BUBAxWjPw%3D%3D%7Ctkp%3ABk9SR7Lt6vGXZw
Supreme Crest Soccer Jersey Black - Small - Brand New With Tags,,£109.90,Free delivery,23 Jan 2026,41,Brand new ·,https://www.ebay.co.uk/itm/335898676599?_skw=supreme+t+shirt&itmmeta=01KJZHTPT7FXY4Z674W1THTP8P&hash=item4e351f0d77:g:b0kAAeSwN~Bn8qnP&itmprp=enc%3AAQALAAAA8GfYFPkwiKCW4ZNSs2u11xDnVkdsTtc5fagYwrLNidSys09L1QN%2FLHN2FLRCiYwuHZ5zFL%2FWXIfnYKVuYoyjxRttJYZ9eOJZRC1tGkZxwr6%2Fks%2Fqj%2FRVucPzDaa%2F9XtMXF8Qgf8T5KnmPFNydBsC7pvkDks--HBhdKbtTWPf%2F8Xyohj1UMTuQH9SFL%2B5PJLWoYGYfbX%2BQCNLY%2BNYWHD76L7VskBIzf4MKKklxuZ5KWBC9C%2BwM7W%2FuHzDv3v6m6Ka6oQoLDzHBmmK7jATHQq%2BQ%2BqfbLFnT%2F9ZP2ZrsY2XC0KNFxqtou3fMlzauqtxGTBGaw%3D%3D%7Ctkp%3ABk9SR7Lt6vGXZw
Supreme No Sleeves Top Men's Size L Black Cotton,,£21.50,+£2.94 delivery,23 Jan 2026,41,New (other) ·,https://www.ebay.co.uk/itm/397375308590?_skw=supreme+t+shirt&itmmeta=01KJZHTPT8MZS30MQD47K6C34K&hash=item5c856a032e:g:rE4AAeSwy2xpOIdq&itmprp=enc%3AAQALAAAA0GfYFPkwiKCW4ZNSs2u11xCJBKjh8HMZzDDY7k7Z%2FQnMlf9hJHGoklgNf0i7R5xocVvzYsZsoPlXKQ8gq7uEAH20G51S5VEuo7McJtfOaPsy0qHCeWUTBxvsU759iaPfjEfr9Sgojt47rKeQqPQRqQA6%2B%2Bmj%2BPHd1eowdDzCe1N7KTjWybr0iit5ZtkRls5Y7xIrEDDJ4BSjaHTcGbM13fHUdb%2BW2OtJiKj1NqvVislNzyXFufuQBeknmPqO78TjT84vB%2Fe2scaCFb556dbgmII%3D%7Ctkp%3ABk9SR7Lt6vGXZw
Supreme T-Shirt Men's,,£26.70,+£2.94 delivery,23 Jan 2026,41,Pre-owned ·,https://www.ebay.co.uk/itm/177596711321?_skw=supreme+t+shirt&itmmeta=01KJZHTPT8JD77CC0VTZ6YCG92&hash=item295996c199:g:tGcAAeSwxxRpH47t&itmprp=enc%3AAQALAAAA8GfYFPkwiKCW4ZNSs2u11xCiSful04wnp8BstsBqxxbey9qxx9b49TtvjxMy0MNwUtPXmOfxO76QVWVDvToPPkK5Z3BfNwdkuTc0%2FekEOWRWIt0oJplP%2B05Nex6YwOY%2Bcjs4Lqpk14lBAhvAOxD8YX7ULzb6ZKUx2seNj4IVplHatyYSrIYvSoI%2FZsy1CtYvBBI5KlmR5Rgr%2BrBNqNOOOjAvhd91JCwZSPWuQX04mxiw2L2nPYr5npUIIqlS0PrPaUDeCeeVvdRrvE0yVxDktmsaKTBp1fUY9ZF3MigItgypCNhvaWeDhQnhVOeCWOZDVQ%3D%3D%7Ctkp%3ABk9SR7Lt6vGXZw
Vintage Supreme Scarface Tony Montana T-shirt Size L White RARE Used Large,,£29.30,+£3.38 delivery,23 Jan 2026,41,Pre-owned ·,https://www.ebay.co.uk/itm/326788433465?_skw=supreme+t+shirt&itmmeta=01KJZHTPT8D15BFWFM7WF48E7R&hash=item4c161bc639:g:l4kAAeSwJRNo1Umt&itmprp=enc%3AAQALAAAA8GfYFPkwiKCW4ZNSs2u11xBwhKmYPlAjIGd%2BDfocZIFC7CLl8bW0eqhJbXqj1YI4AouU2ujH%2BQS%2B6lRgs%2BgOrGwDDpCMaP4pc7j6gFaylH6MWu3apZNuBaH3liJCuVBUSFZ2yFPpzXUaLZGEhiiF7Ki4FuJKTa4Qa5709mfAmJ7V1cF0KecZXTp%2BnMrZw%2FEjFOU6%2BY2H0853a9kzGF31uk9jLDvPRjgSpwrTlOMuoZpCkqE5nnOoVSVK0VkHL2Xp4Y8iuirSA5cZiGhq5Kdt7bcBI8gDiZF2g5xiEb2K8HEVc2uiGS5DRTRIz5XkDB6e3g%3D%3D%7Ctkp%3ABk9SR7Lt6vGXZw
Supreme Bandana Football Jersey Black Size Small Brand New,,£259.99,+£11.25 delivery,23 Jan 2026,41,Brand new ·,https://www.ebay.co.uk/itm/277558271545?_skw=supreme+t+shirt&itmmeta=01KJZHTPT8X2VAEWAG3AR5M80T&hash=item409fc31e39:g:Z0kAAeSwDExpM2g1&itmprp=enc%3AAQALAAAA0GfYFPkwiKCW4ZNSs2u11xDZgX33ev4jDteWmpK5%2B9l%2BFdkp4zi4lXvHrrMAJfu%2FoPHEDGVaEcm6DrSIb%2F0%2FM3EOmSedGMQ3j8EtRzy%2FLThm6jLjMW3flSVb4tRIhdShHVLRlLB%2B%2F0RpmVnHbh%2FOwJBbaGtH5hXyFvj1DcTXO1xt7WjhTM7t58mex90YlHdth6nFHrt0WwoA35q%2FRYme9OwUGy3WFiVOnxJRzSCV8%2FXCa3BvoWZwPIRJPu20%2Br0LW%2BfzAWBKpbKSAvpgZbn8RAo%3D%7Ctkp%3ABk9SR7Lt6vGXZw
Supreme Men's Shanghai Box Logo White T-Shirt | White Tee | Large | £250 RRP,,£99.50,+£2.94 delivery,23 Jan 2026,41,Brand new ·,https://www.ebay.co.uk/itm/177295932438?_skw=supreme+t+shirt&itmmeta=01KJZHTPT8M9AGCPVJ64F0BK5D&hash=item2947a93c16:g:s9IAAeSwI4VohdGC&itmprp=enc%3AAQALAAAA0GfYFPkwiKCW4ZNSs2u11xBtN6kMtu6FFjH%2FxNKDMQVFkQHZjKnNSVaEnMmn4LW82pqSyRXPIEQgh9muXuVaDbdBrwcJ0MTAIljFo4%2FwLBa1RjhSVFdY12Bk1OwV2JqbBGSnCJK72jFpKsrriZu1B0ap75qkeoLYm4rZ4s5SV2aTDbhaaRxqeg%2FVYH8agLvtKY2s6gUyX4aY%2FBJcm%2BVTdOSPhLlLDRok1tf4c3jiz0GOeOLbQDzaUP%2BLuQlkLO18tEB%2F2vybJblg4%2B7MTM%2Bu6Ls%3D%7Ctkp%3ABk9SR7Lt6vGXZw
Supreme Arabic Logo Tee - White - Small - Great Condition - Fast Delivery,,£57.85,+£2.94 delivery,23 Jan 2026,41,Pre-owned ·,https://www.ebay.co.uk/itm/389104030559?_skw=supreme+t+shirt&itmmeta=01KJZHTPT8EHPZGDN9EE2T91WJ&hash=item5a9868535f:g:9c0AAeSwyj1o8UER&itmprp=enc%3AAQALAAAA0GfYFPkwiKCW4ZNSs2u11xBU8GIyj6xl%2Buh0nVv45I%2BEhMekt1ncAjuNpZLS7y2jdG76YAO7738wMrM01lQaB3WgYBTG54ZUhgj9bNeRpNmxoVSgCFz5qayDAUMetaurtAP7XaLoSgjw5HuW4uJARVMnpLYOp0SIljMyNZKfDM2ccDw56RIBeUHX2R5yffMtBzP9EGUAQAvQ6mqd%2BrdItFGS5TvU5vPCGCbijalXczniPUoP%2FB45Vp1ywMApwULQCEmhAX%2B1O8xVqK97%2BTPUm4g%3D%7Ctkp%3ABk9SR7Lt6vGXZw
Supreme White Long Sleeve T Shirt - Size Small (Not Worn),,£130.70,+£3.46 delivery,23 Jan 2026,41,New (other) ·,https://www.ebay.co.uk/itm/177691906859?_skw=supreme+t+shirt&itmmeta=01KJZHTPT8TX2J9DRAAVD2FVJ5&hash=item295f43532b:g:bJwAAeSwdZtpRpHF&itmprp=enc%3AAQALAAAA0GfYFPkwiKCW4ZNSs2u11xDUcLi%2FgbHURzrr7ntMAJaT%2Bh4rYPq5CVGoByIwA3B7ueD%2BZ%2FJE5aFBW5XJU9u0R6MY7EEM8Iz9quYNSpI%2FpLpt9da4j7ZSDWfs8e9y1MTmm1YTlG%2FAz%2BOFVHzPPYzErmvBoXTI%2BZdzy5887HAa9kZqlh7oBC%2FOeUp79jsU%2FmBzAIBeRcpDvbAlnXTowSAKtq4f%2BXUf9MXy2pSj%2FUGq%2BSi5KS80SXNoWYCzqU%2Fil5%2FYsdg80%2BpFXRa9D3%2BHZcNgDqU%3D%7Ctkp%3ABk9SR7Lt6vGXZw
Supreme Mascot L/S Longsleeve Football Top - Brown - XXL - Order Confirmed,,£150.02,+£3.94 delivery,23 Jan 2026,41,Brand new ·,https://www.ebay.co.uk/itm/357694833130?_skw=supreme+t+shirt&itmmeta=01KJZHTPT8P74NK8N2TA7HS2CR&hash=item53484601ea:g:9SAAAeSwJDZo3pWu&itmprp=enc%3AAQALAAAA0GfYFPkwiKCW4ZNSs2u11xBliNiUw%2BK6X%2BZjxG3TWH%2B960%2Fl5GFyK%2B%2FDBD8NYTsPfCJhKQY%2BIHcgkBW2U3UY8NNu%2BeYxjhSmszDu%2BvuHXGILHP8UCy8XFq%2B0aU2PILQM5xYPizyV8YXTLX0Ef7OKUz3xnD0pTxCbsZ95A0--nrVU53ZRQYQmQBVi5XNBFasU%2B34Xlbxl6BVWLJGKdosKS6VvdS1X2wxcAelgCf37JtVA1jl9F4Qr7zpmPWgjc6mWr%2F9o94t8zyhNNXMDHM9WEk4%3D%7Ctkp%3ABk9SR7Lt6vGXZw
Supreme SS24 futura lilac bogo box logo T Shirt 2XL XXL Worn,,£57.90,+£2.94 delivery,23 Jan 2026,41,Pre-owned ·,https://www.ebay.co.uk/itm/306540534268?_skw=supreme+t+shirt&itmmeta=01KJZHTPT8QTHWQ0NF7MQXBG4J&hash=item475f3d59fc:g:-oAAAeSwRFRo5-e0&itmprp=enc%3AAQALAAAA0GfYFPkwiKCW4ZNSs2u11xBnAbTDLibyPuF53lIGHPUqoLIPohsXeBX7A6UcmYjyQUOkUYDfUmwYZDebmLj%2Bsww6e%2FKdwom1uorkgH1DFKdm2XoHfKmSZVBv%2FEQfWefj%2FwC%2BYoURrzEXoe82%2FiZvRCivud238p2aYVKRi2T8Q3lvsq3%2BuDU0%2BEBw6ZWG9%2BuhJ%2BATo1NF2%2BzQ2oFkJdob7HM66AekZJ6xwudpdxcL2NscNq%2FyuCSBFD10k88u3rBd64yiKBKabQ90%2BXvvQnsvHhM%3D%7Ctkp%3ABk9SR7Lt6vGXZw
"Supreme Anno Domini Tee Yellow Size Large Medium SS20 Unopened, Deadstock",,£31.90,+£2.94 delivery,22 Jan 2026,42,Brand new ·,https://www.ebay.co.uk/itm/358132462048?_skw=supreme+t+shirt&itmmeta=01KJZHTPT87F16PFP0MPA7061G&hash=item53625bb1e0:g:TmEAAeSwzLJpbjnu&itmprp=enc%3AAQALAAAA8GfYFPkwiKCW4ZNSs2u11xCAV%2FDbaa5smvIctkwaz4X7pr8dOOnuN%2FgGER13grcG97UYHIybdCA2WtrJAYTZCd5sDCKno0wUTpwCwBTug8USoyvDOB26Ths9535bsI17ic9KYBgv%2B7rDHkhqus1o3paD1DKq7VRjClrQq1%2BUCBJQ7dfOXMRxu0frSDaycepeCT6HCZZwHXcdI4hRbvuSTCksmJzOzYRu0fBDcG%2Bj9DoZVBegJADAmmDqc0QoccfYmcNb1AqBZoI202%2By%2B9AkQwuSrspJIsVqw5czy4ZnoublQcMK35WYYOwzO8YlA%2BvdKA%3D%3D%7Ctkp%3ABk9SR7Lt6vGXZw
Men’s Supreme All Over Lion Print T-Shirt,,£16.10,+£2.94 delivery,22 Jan 2026,42,Pre-owned ·,https://www.ebay.co.uk/itm/389500355877?_skw=supreme+t+shirt&itmmeta=01KJZHTPT8WPJ897X4ADNW0D89&hash=item5ab007c525:g:hoMAAeSwgllpaXGV&itmprp=enc%3AAQALAAAA0GfYFPkwiKCW4ZNSs2u11xDe%2BONZ1FlDBnVDVLNcvuOqMmLRPSnwEuRXj%2B915s3ItVKt%2BX8MGSTpkNwLuOGxfxqqMtKtCdKVF959sr4QqJFdFdl9kQ3nAZFMXULSQfFqd%2Brk8sV16FvEFBoGRWWkXhqh%2FAZ5PRB%2FQEqak00m5oXbXNQNOR7svldpf6UxnXmCnccM%2BhwMOnRoM5E0mW6LI0hQpUQWrLN5UxhmHTEBmois0B0Zodz3MmhjvsoaND7UO8cgJt1lg%2FDuvOhG8VtxOJQ%3D%7Ctkp%3ABk9SR7Lt6vGXZw
Supreme Baseball Jersey Size XL Black,,£52.70,Free delivery,22 Jan 2026,42,Brand new ·,https://www.ebay.co.uk/itm/177690165464?_skw=supreme+t+shirt&itmmeta=01KJZHTPT8D185H24GTFC4JFG1&hash=item295f28c0d8:g:Z2IAAeSwKcVpRcd2&itmprp=enc%3AAQALAAAA0GfYFPkwiKCW4ZNSs2u11xBJAvKHlr4oV6p1A6ofs0SlPyEW97XfBOBoJsocAP6%2FDQSum5D1eUtNKfPu1FV9Y2ltKOlb2d1fUbIK98wqQOQ2PMVJuq4E39I%2FPVlMuj0lSFtWGcvuwoYReOU9TwwspiP%2Bi3yOeUOTbv0T%2Fv2OoAsBOQ27pr3SUYkaGJ02uu%2BThdxMvApcokcjhkbI1QhZ9lITnqphm2Z94vX1brHcud51E0sMHuS5CxdKsJJYYgewR16rdYaFQbJydZ%2BzU%2FGwf30%3D%7Ctkp%3ABk9SR7Lt6vGXZw
Supreme Blank Tee Made In The USA Navy Mens L Brand New In Hand Ready to Ship,,£10.00,+£2.94 delivery,22 Jan 2026,42,New (other) ·,https://www.ebay.co.uk/itm/177476227797?_skw=supreme+t+shirt&itmmeta=01KJZHTPT8HRW2HXCD2JX79RNS&hash=item29526852d5:g:KuwAAeSwl~Fo548o&itmprp=enc%3AAQALAAAA0GfYFPkwiKCW4ZNSs2u11xANIXSKrM7dMZQ%2BQgxDOm0cNklSVj3NUHqj0MegOHVgbOM8ig5nu9IpYqZv1cgmjH3VIrwwOrCCx1yHF8PR8NtX%2Fx0%2BE2S8czc75PMnavWujOS%2F035BjISHqPQZ0aP1VSTZpBeEFo3pe%2Fr%2FlqySOY9CeX3zIoXny%2FKNVOk9DPPLIfZFqvjYDnRYYCypPZFvxJE0wM0lkhWXKPLozfHKweN%2BqbXcUpo5UWvvS1puYnLMgnV3klKGj8gl1VYArN9Yq1k%3D%7Ctkp%3ABk9SR7Tt6vGXZw
"Supreme T-Shirt, Size XL, Purple",,£16.15,+£2.94 delivery,22 Jan 2026,42,Pre-owned ·,https://www.ebay.co.uk/itm/227178321583?_skw=supreme+t+shirt&itmmeta=01KJZHTPT8F8CQWNWFXV0JDE54&hash=item34e4e216af:g:2KQAAeSwhY5pZT6N&itmprp=enc%3AAQALAAAA8GfYFPkwiKCW4ZNSs2u11xDrkYgmkaBkfNcJ%2BXTIoJUyrNqul0SRLZRUsNEnJoJEt1u5UFwxTzHc63%2FOIpd0QSsRFxu90sZiLkTvlhVui7ORBNTc8D59x1Mv2Y0dcObJkfsnAHa1xS358mX%2BgpHq3eSllVp48jngU3Ls03SjLxfxvg33YX%2BP7%2FwBEBfCd%2B5N7D6k39B6COwJvPFFXVz%2BE3psYJnHzSC5YQEzwPJTctyPg4JRKSH84083EdIsvd5BYweNW3saPKsyewSgvzgTlApE2szwxEdcaCYXP4jr0oMOnZG%2BUXYJwwC4uEif9wnNRg%3D%3D%7Ctkp%3ABk9SR7Tt6vGXZw
Supreme x Corteiz Rules The World Tee 'Black' Size Large 🆕🆕,,£122.90,+£3.42 delivery,22 Jan 2026,42,Brand new ·,https://www.ebay.co.uk/itm/177682704110?_skw=supreme+t+shirt&itmmeta=01KJZHTPT86SA1PXKKY7M36CQP&hash=item295eb6e6ee:g:xOsAAeSwie5oh6M7&itmprp=enc%3AAQALAAAA0GfYFPkwiKCW4ZNSs2u11xC0RN4j7Nnhj9FJrk8Zr1bZceLLrfj%2BGgjN26zvzLWr8TACczwApxmw%2B4S9FJcxDlkwsPEKHtGxPxwbuHFLkzrHQs3vZx3j2V8xSmaglA%2Fczrp1oLKqL0HTsWaQr5WwMv3OlSeNz2MbJZj3RMX9LK5uyo5i0Ng4IUqul87eg2VwxGmTNPGEgZaCOrUVLvd20DYLT5PAN57xRYkyQ3M416ZVBUJkbhL4wUAP6FrKA0ZKQmBR%2Fy46AZ%2FI%2FVHDwkUUbqI%3D%7Ctkp%3ABk9SR7Tt6vGXZw
Shop on eBay,,$20.00,,,,Brand New,https://ebay.com/itm/123456?itmmeta=012DEW30YG0MEEKND7NH&hash=item123546:g:acwAA9KNiJowH:sc:ShippingMethodStandard!95008!US!-1&itmprp=enc%3AbgepL1tlUHjMGCVfSTGJh%2BzsVKeJ3CQk7NizDI4BZeppuFnmyS6Ijyp8lh%2FnEw%2BWqO7uTV1Q6izE1R0T54aV8j71F4xlWfVcGft4%2FiOQhtqVXA1rW6M1atPARQRmhqUxtEPJKhKtSFgI%2Bvwlzb0GwVCtkp%3ABlBMUObkmabpYw
Shop on eBay,,$20.00,,,,Brand New,https://ebay.com/itm/123456?itmmeta=012DEW30YG0MEEKND7NH&hash=item123546:g:acwAA9KNiJowH:sc:ShippingMethodStandard!95008!US!-1&itmprp=enc%3AbgepL1tlUHjMGCVfSTGJh%2BzsVKeJ3CQk7NizDI4BZeppuFnmyS6Ijyp8lh%2FnEw%2BWqO7uTV1Q6izE1R0T54aV8j71F4xlWfVcGft4%2FiOQhtqVXA1rW6M1atPARQRmhqUxtEPJKhKtSFgI%2Bvwlzb0GwVCtkp%3ABlBMUObkmabpYw
SUPREME 21FW The Crow L/S Tee Size: Small White Black Men,,£120.00,+£2.94 delivery,22 Jan 2026,42,Pre-owned ·,https://www.ebay.co.uk/itm/267183423385?_skw=supreme+t+shirt&itmmeta=01KJZHTWTNBRA2NDX3MGN26JSP&hash=item3e355f7f99:g:6lUAAeSwBjpnza1M&itmprp=enc%3AAQALAAAA8GfYFPkwiKCW4ZNSs2u11xClJo%2F2UcouzeXULjZqvHTeGqt%2F2i%2Bd1uByUDtRK1FkRhThwD1BpR61KiRFa9ClBYxFjOYLrwx%2BxTHAYxs3d7i1KVJyZVOrhdl0wSjPBycXBGgT2s%2FP6qLGtlckHitdh61kzxXkRXLxv%2BqOYKzU1nuovPs%2FIpcEoVGxMAUHBvcGzpY3Zyh6XRHO08Tb8rEtqO2JYV8zbd8i%2FaFMHswcuw3VuVEPIPKizmMPlPjfyWT%2FcE2nIFHYDeO7HizL6PIDm9%2FkIX%2Fbbeyb27zwMriFjw4FEWBjuBS%2B3oFsbwaQN8r0DQ%3D%3D%7Ctkp%3ABk9SR9TN6_GXZw
Supreme: Navy- Cursive S/S Top - Large BNWT AW24,,£115.09,+£6.16 delivery,22 Jan 2026,42,Brand new ·,https://www.ebay.co.uk/itm/236595304300?_skw=supreme+t+shirt&itmmeta=01KJZHTWTNTBS8DKQSAY7JP2VW&hash=item37162dd76c:g:VaMAAOSwXYVngTnh&itmprp=enc%3AAQALAAAA8GfYFPkwiKCW4ZNSs2u11xBV4x2SQzPR9PITf3gRy%2FeyZoxJbLEWpXXN8A8euUjRa%2BoG1PRoUa3tytvLc%2Bz78pkpLrjwOJu7my2BWdy0ILF9LpTps8aVS%2B1vVnLoUJBuVumTGoXUjovs6bbg2zLI7eJVcdxsACj7KXxvHGfrL7doLc6EFU%2BBka0j2L3GuiY1Z6nq8SyG%2Bz%2BW1hbZPrH2ChfWkck52sM83M5B%2BYoxESp7iXr9HVYpVNRUBHtrVM8Lt%2FolUjlqF248wr1NJzcv%2BeGdlO1WGICtx83CURlQ2aOzzDXxsYFnLHde3VwWCof4%2Fg%3D%3D%7Ctkp%3ABk9SR9TN6_GXZw
Supreme Arch Logo Tee Ash Grey SS18 - Size Large,,£10.53,+£2.94 delivery,22 Jan 2026,42,Pre-owned ·,https://www.ebay.co.uk/itm/177780365232?_skw=supreme+t+shirt&itmmeta=01KJZHTWTNCWSERXYBBENH3MJ8&hash=item29648917b0:g:ShcAAeSwR59paPzJ&itmprp=enc%3AAQALAAAA0GfYFPkwiKCW4ZNSs2u11xD5HTuGIXIjDJD7Uw%2Bias7umCdxyJJsfxX0X6Fkxyht4F4HppjMNzYNmvgVAhMyuZv5e%2Fk2yxRqlSHUTvPhVgvqjhUDcTVUqUY6e6fu6HX4qRi0oX1wWhsw84Ud1QsePAgsgespTr6VRjHW42WFMnJlE3IYsXEDQpdPKEp7AiydVnCom8mRFEGioAa8amVfh7Qi%2F1PI6LgiI5ShZi1TMf8GK1zdYgVzX3zmbDJ%2FJD5ZUkZxXpPevvppCwMBemYWWF8%3D%7Ctkp%3ABk9SR9TN6_GXZw
SS13 Supreme x Misfits Angel F uck Tee white T-shirt S small vintage Very Rare,,£250.00,Free delivery,22 Jan 2026,42,Pre-owned ·,https://www.ebay.co.uk/itm/187888622881?_skw=supreme+t+shirt&itmmeta=01KJZHTWTNHKP4K3D13X86S6K6&hash=item2bbf08dd21:g:ftMAAOSwFLVkXPHv&itmprp=enc%3AAQALAAAA0GfYFPkwiKCW4ZNSs2u11xBBzf3FsXJEf3b6B8NzJeZEAhDD4q8ffYsstZCy0ioFJrKu8oYyLitz%2F6et3cFJ8Dt0df9uJtmdTO7C7bAArnKkFoAAb%2FAV3s8HaV67iCcrXFuQ80Cg0WF%2B0PSMbSJG17oclUqBweymn7ikgrig4XgK5NjxAC1EFiIawEDJiXEC4bcMWUNfiS%2BhhBOFRVQabjWxw5ardiiig0p%2FOPUMinUW7ev%2FP%2B%2B5C%2BhcZakpcdAFt7193qSPFNNaMWMxIR0Tepc%3D%7Ctkp%3ABk9SR9TN6_GXZw
Supreme: Navy- Cursive S/S Top - Large BNWT AW24,,£115.09,+£6.16 delivery,22 Jan 2026,42,Brand new ·,https://www.ebay.co.uk/itm/235908230797?_skw=supreme+t+shirt&itmmeta=01KJZHTWTNHJ7A1SS372RFGJA9&hash=item36ed39ee8d:g:VaMAAOSwXYVngTnh&itmprp=enc%3AAQALAAAA0GfYFPkwiKCW4ZNSs2u11xAbIiDDrPxEWuZdg5Fzny1DpADE0fuWyJ8owwbBntvBZlYTQ9Wj8Waf%2B2DqlgVNkqttSu3pH5257Q25jk1wyEcI5hgjM15DwE%2BAs2O%2BwmY7rk%2FwY3b5%2Bjs3RmPiGtZtI8GG4kALg9La64UShWJNUjdLvKNqwUmoa5zM0uaMJXIAEe9YSG89tp%2Fs2ZBccDe1O8%2F1ycDgsn%2FJOpl3unrMmVw90A%2FXhsfOI1mU6zlrdz6175Q1onxpxcm%2BEHfh24cMQaA%3D%7Ctkp%3ABk9SR9TN6_GXZw
Supreme Hanes T Shirt Mens Small Black Red Cotton Crew Neck Mini Box Logo Tee 2,,£12.95,Free delivery,22 Jan 2026,42,Pre-owned ·,https://www.ebay.co.uk/itm/126288630215?_skw=supreme+t+shirt&itmmeta=01KJZHTWTNZJAQ9F6RE3BP7N5Z&hash=item1d676391c7:g:ZWwAAOSwMPBlqVoe&itmprp=enc%3AAQALAAAA0GfYFPkwiKCW4ZNSs2u11xBTyU%2FSZEeln47jwzljTy8ST2ZXvvki7s7mFxPvi2g5Vr3%2BCEYHsJ46xZRgdk52sVdc2ZWUXZkEAeP33K2bd0Xz6drDICHLN%2BVUlJ%2B7tquK9NJ8kYQiMcLFJxJV%2B9CscpanH8FeCClnW4uhfFw6Pg6Wojvp2P3OtcTkTjJGAFOFNWSCVGN%2F%2BWj5jRag%2FGQ%2BXZ2sdB2%2F9VUyZhLG987%2F38nq3NaQG0Bd9I85GQkXkMarrLX8dbcSoALFz%2F8Pood2P%2B0%3D%7Ctkp%3ABk9SR9bN6_GXZw
SUPREME FUTURA BOX LOGO T-SHIRT XL MOSS Green Good Condition,,£40.00,+£3.38 delivery,22 Jan 2026,42,Pre-owned ·,https://www.ebay.co.uk/itm/406548027684?_skw=supreme+t+shirt&itmmeta=01KJZHTWTNXWQ9MFAW15JNA3PD&hash=item5ea8269924:g:eK0AAeSweq5pV5Pc&itmprp=enc%3AAQALAAAA0GfYFPkwiKCW4ZNSs2u11xD%2FVn1AM1BNVUjq0srq0uOJrt217xi3qjlAJB2FsDywv6GHBDi4vgFNT9Rbu2kY9CPzJIuVTKh8JCj%2FYoiV%2Bb2HK4faosnKX8RHsS0xjkPN9S5DBhGnyBU3DPMWMhiS0yv1o72cO0XbdxXUSlGV54qc7hgR4m5rhdDRm7v89F5uOggp%2B1t1pk9gIlyYa5du8dcTyerOWYu7llfuKjOXDJHSPvJkbC30WMhqwTJhXJmKdIxsJMFM7FS3oGBSQO3qeQU%3D%7Ctkp%3ABk9SR9bN6_GXZw
Sudden Death Jersey / Size M / Mens / Green / Polyester,,£298.00,Free delivery,22 Jan 2026,42,Brand new ·,https://www.ebay.co.uk/itm/226982308456?_skw=supreme+t+shirt&itmmeta=01KJZHTWTNHDX0JCTKKZGQ8RM1&hash=item34d9332a68:g:EMwAAeSwCM5ozSzK&itmprp=enc%3AAQALAAAA0GfYFPkwiKCW4ZNSs2u11xDhzlj3xLihU%2BqhUQZhkqxlZ8r5VzaSc6Cgl%2FjZ7sH4Y13kysGERsm2WuVfI8UEFoBDUwa3%2FZ0eikb4rmHPb5cmjfFPXBhs3n53yzFlyz72q4Dc6eIAeiLFCfcFYrW%2BIILSbfweBNQKbB674fDk0EPhpGsGLc9PcWEVv2JRC8MgRy4wFqVNuDUXYXPsYpZ%2BKjGSAwbSVpdEZFmqGX5j5BcA8jTPAyu66xbizNigfJpwNyBc0bVbWLgzCrQBTu8Add4%3D%7Ctkp%3ABk9SR9bN6_GXZw
Reign Supreme Mens Green T-Shirt Top - Size L/G - Camouflage,,£5.45,+£3.38 delivery,21 Jan 2026,43,Pre-owned ·,https://www.ebay.co.uk/itm/126069684513?_skw=supreme+t+shirt&itmmeta=01KJZHTWTPZW0ZNC6JZYR43KE2&hash=item1d5a56b921:g:dwAAAOSw2Btk7MH-&itmprp=enc%3AAQALAAAA8GfYFPkwiKCW4ZNSs2u11xANHe1%2BPwdZFTP6fgIgzLGWWykUn8xSlPSzXLw0Baz27Yy%2BPQ1GFJFnYOnKDCY3vgr%2FY8J2ApRc7T2SBnLg1w2dbggn%2BrRtOR8jln5uH6HPoiXWTCzVbJj0%2B1m8dGMBalZj7xd4cn3kXgDwiPvwgzTDPoKlqLxaxotz9J4Ztpgwcw6J1lZKW1pfARAjJQ78pTeHDJDQ59RZbfu1NBEtXLCNXFQdQIKRtAJbXvSj7myZpBFlCDq5%2BowFkAfAaZ6bAxyDPByiFpc6Jp%2B18VQTmIXxwwiJ65bAE3uJHCIg2lk5iA%3D%3D%7Ctkp%3ABk9SR9bN6_GXZw
Supreme Shirt Mens Medium Red Joe Roberts Swirl SS17 Made In USA Skater Skate*,,£9.95,+£2.99 delivery,21 Jan 2026,43,Pre-owned ·,https://www.ebay.co.uk/itm/306723794403?_skw=supreme+t+shirt&itmmeta=01KJZHTWTPPE0H6Q45HCAA6QGK&hash=item476a29ade3:g:mjgAAOSw4tJme-Om&itmprp=enc%3AAQALAAAA8GfYFPkwiKCW4ZNSs2u11xCHOqW9lu7TuENhZYkQ5hBgAomzRMZScZ90nY52lirHEXngHVrhUZGbkE5leId%2BDGZ1nwXu5MxEy62y0EBWbhOvoFpIsC2Zw%2Fye0KFMwafRPceOo%2BmUYyw5EpcHJ5HMXBkQ4EdyqBG%2Fd2Y1C9PrOF7YdvsZVm3LFZUjVc%2BUPy47G7Y01Hj28MHepEdy3iJOcI1IoolBUy6tDqMHGOK8WCbl2xP939J%2BIimaZbGSvo6rwdkNVKrt%2Bu%2FZnG7bxNcZeJwjNQdEvAyhQfR8UIL%2Bbb1Nuk9HXDgZfuBSB69kSpr2kQ%3D%3D%7Ctkp%3ABk9SR9bN6_GXZw
Supreme Daniel Johnston Frog Tee – White – Medium (M) – In Hand – Brand New,,£63.09,+£2.94 delivery,21 Jan 2026,43,Brand new ·,https://www.ebay.co.uk/itm/305723127331?_skw=supreme+t+shirt&itmmeta=01KJZHTWTPF3ENE5QKPVVYRCQF&hash=item472e84b623:g:4aIAAOSwWGti6FSx&itmprp=enc%3AAQALAAAA8GfYFPkwiKCW4ZNSs2u11xAVSJqg2L%2FxgKQnejTkSGBHXnQa07H2Nfr2ztq6GvDSXnKd0E8tMijREG8ndMHm43pwtuEnHO%2B%2BdR%2FhVtHUPQtA%2FMT58AjzTHdNBmr5blW1zIh4z5DmghLMS0FSdb%2F7X7Go1ce8o8cE8xBnWe%2FkE6czz%2BbdCo7MnMyJvU%2BPLKI3pMi5gRsVyi5uWdLcKQkKP6WCvotpDN9vb0KSXhZDeWWb5Gc4ftujtIX3lKWs0lU55NlaKkC7%2BywHiSsKllH%2BVyYrLdVJbCjHoTdLCZCedap5cvWEpbieR5q1B0VaauQARQ%3D%3D%7Ctkp%3ABk9SR9bN6_GXZw
"Supreme Roy Decarava Malcolm x Black T-Shirt X-Large, SS22, Pre-Owned",,£45.00,+£2.94 delivery,21 Jan 2026,43,Pre-owned ·,https://www.ebay.co.uk/itm/376644177465?_skw=supreme+t+shirt&itmmeta=01KJZHTWTP1CDAXQ1M09T007N1&hash=item57b1be0e39:g:YggAAeSwrHpo-l2N&itmprp=enc%3AAQALAAAA0GfYFPkwiKCW4ZNSs2u11xCyuA2ajAMMqxGHAIObguyXgfTeBZUrpvqwmNXL3zULhOk8gGgMhUr3fgrYmfeIAr43kmrqicQr962uoGw8NTwTJ3kuBh1MwHudI9dXubJSLFi%2B0rmg6xgPp0xgMtDhQlZ4Ck8kjfD1JPDKF8HSixo0h%2Bam%2Bj1KqnpqvaXoF3alB93GNv%2BOzxJ8g7MugBY%2BHHE1WcpFh98IWkpYmP9CrEN0CZrB0v4pdlSfsq8EJRHDBZU3aqSReALAwWVLezfOt4E%3D%7Ctkp%3ABk9SR9bN6_GXZw
Supreme Red T-shirt Scarface XL,,£89.10,+£3.38 delivery,21 Jan 2026,43,New (other) ·,https://www.ebay.co.uk/itm/197999659210?_skw=supreme+t+shirt&itmmeta=01KJZHTWTP2MHESBTYYZ5A7P6D&hash=item2e19b308ca:g:r3cAAeSwDUFpWVOT&itmprp=enc%3AAQALAAAA8GfYFPkwiKCW4ZNSs2u11xA4aGvscnn1D%2Bz4bItPBpwo8y5C9d0t2EikDLSKHq2bAsI8zL%2BunnyryUT%2FIFNMrNIe1vuPo%2Fxqs4d7y3s%2FD20bsRylEkOIibU1iYvibBcye7BAeODCOJnlqKUpp4jbdta%2FjA2U7zrHBXj5%2Fk%2FFtOQK%2F40kNxEjmQhSYiO2LP9I9QDm%2FIxI%2BQU55nlPSRgEZ868DDdidqRv43%2F6SguC0JeCRgt0s2Uu%2BACrYzQw%2FMAGWOqWFTXNTMoe%2Fp7C1L7PFzWtQpjP8HK9LJu4jm%2FKyDyQQHvHRiVfnsO2xSQxEpQprA%3D%3D%7Ctkp%3ABk9SR9bN6_GXZw
Supreme Raphael Tee Pale Aqua Size Medium,,£58.93,+£2.94 delivery,21 Jan 2026,43,Brand new ·,https://www.ebay.co.uk/itm/127071649135?_skw=supreme+t+shirt&itmmeta=01KJZHTWTPEJFSKJ28KR1XXQQW&hash=item1d960f7d6f:g:u7QAAeSwHoVoCUEO&itmprp=enc%3AAQALAAAA8GfYFPkwiKCW4ZNSs2u11xDsD382tMQ%2BbUP1Ub16z7XD%2F5awTsuB%2BNWExYL0%2BMObzIpU%2FDH%2B0NYQiQW9NQPm3nppSgghfE%2FuExMgdcnZLCMSEqHBMRNAYZ5ryO2O58A3ZLHs5cjla7wZqurI8fcCopkfExdV1yUpjQYOu49uz0eu0hVFGGnNdfCy76cm4SltQG8emkCPQ3PqhwWAR0iYMxjTNEC%2FtvqOVtDm5e7Ks5MyJCcd%2BQpHqxxSWgtn04Ua%2BjotjYojlR%2FMRVC7N%2Fx0W0fEVkYcugDnvX3lGM08G3WyJ8OogKdZCcMNV2GRRUzlng%3D%3D%7Ctkp%3ABk9SR9bN6_GXZw
Supreme Kaws Chalk Box Logo T-Shirt White XL Used,,£52.70,Free delivery,21 Jan 2026,43,Pre-owned ·,https://www.ebay.co.uk/itm/127615502490?_skw=supreme+t+shirt&itmmeta=01KJZHTWTP9GNH63BKVBJ1M2R5&hash=item1db67a089a:g:lR4AAeSwoAVpTFC6&itmprp=enc%3AAQALAAAA8GfYFPkwiKCW4ZNSs2u11xDhMQWgJL8O6GrgweZEXPeWBPw8VNPkvtAy2oZC3m17rke2j6gMYj9evB6TBU9%2B09qyRKeEkgAAR39EyTg%2BdDX8OwaYgyWBq8myAcQNyLH%2Bo5ZrZR1n%2BXyjlv7y6zXZ%2FFUsk1s1c7rtXaWoKZh6xMXTtdlokz1FneTegM%2FKA0z0%2BOQqeVNGfPgIV2UYJK4DEQtj3yLQ4XJ83FSEyMrWj7%2ButnHl13sLBtG99ckTleFsP0xMx%2BDi1%2Bw0E0c6x5Ie6WY%2BYl4cOlvKq3eWK2y72Tv7hx2o6xDbFVHEM%2FbJuBEQDA%3D%3D%7Ctkp%3ABk9SR9bN6_GXZw
Supreme Burberry Box Logo T-shirt Size XL 2022,,£145.26,Free delivery,21 Jan 2026,43,New (other) ·,https://www.ebay.co.uk/itm/127615503281?_skw=supreme+t+shirt&itmmeta=01KJZHTWTPKESS216FCXY0YJBW&hash=item1db67a0bb1:g:suoAAeSwvPlpTFHi&itmprp=enc%3AAQALAAAA8GfYFPkwiKCW4ZNSs2u11xB%2BsuPAWZpsqgivmZ0vNNhBOn6bwFWp9QyUZBBoPIc1KDYxStdgwCxCf0WByakmFlmxaM03WDY1QtfmG97ZlK7CDXUJNUEr6tbAPSbYuDO7wzX6bj0gFC2E4l07IfOEMf4wiWck8ggKW7n1HiwggI4GPnZxUUdm2SxUylqaLLEgXMMVGyAHTgQkN%2FTklPyEIGuY03mKVr1VKtEvFQtCHK%2FS%2F6Y1ah%2F19HCFRFQyJ5iNNdy89z5CZHG%2Fd5lj27RSOsmfkq%2BsHXKCHBUcjFqblxJztTbeQ9MJDdahudgQ4VkNnQ%3D%3D%7Ctkp%3ABk9SR9bN6_GXZw
Supreme Tiffany Box Logo Tee XL,,£197.26,+£3.42 delivery,21 Jan 2026,43,New (other) ·,https://www.ebay.co.uk/itm/127615497482?_skw=supreme+t+shirt&itmmeta=01KJZHTWTP3TF9JMR8GXRCPEYX&hash=item1db679f50a:g:rlsAAeSwp6NpTE8i&itmprp=enc%3AAQALAAAA0GfYFPkwiKCW4ZNSs2u11xCDuCFlEkpNQJ%2BVmbQXGsFjrBzYSG9YUqeTXYmwg25XzlY3CnOyplo3h8dtBLCtcfcLGEoB3gz6a8axdOigzNeWQwKKSbyuX%2BS%2F4zPk8vJF1HUghNPvHMIX5OskK9KAPtzTrWBV3sQmQoMgOsRrCeHMmBkVz3vAJBDEFNWJVgZcxqlm9BiAXk6UmRlJiB3U6gz8%2FVDgg23gsPrgFKxDtFoYW5TL%2BH4E9MtQFsy5%2FoHlAw7nDK%2B0%2FxOwWEVw%2Bwnf7Uo%3D%7Ctkp%3ABk9SR9bN6_GXZw
Supreme Motion Logo Tee Black Size Large,,£45.00,+£2.94 delivery,21 Jan 2026,43,New (other) ·,https://www.ebay.co.uk/itm/127615783863?_skw=supreme+t+shirt&itmmeta=01KJZHTWTPRSWWN1Y3M7VZXJR2&hash=item1db67e53b7:g:p1gAAeSwQLZpTE6B&itmprp=enc%3AAQALAAAA8GfYFPkwiKCW4ZNSs2u11xDnsLDEp6NmxWb6vdM0gO2MPrOUSMzKcvQ7LjcQQwnbVrAdsQsZJyScb4E2vMdY4w8%2FrwKAn%2FG%2BC%2FaXZOpL9S4YNfkk63BYyPNGTA6tZsRqXHythjXBwXJGzokwtz3Vr6aw0YP%2FcWQYFu4MrVkR37kyvS69hrlOoK2%2BHKD%2F%2BTJjn5CspwYKQIPMcTf2IqaCfUr0cLDNM0ygnG2octu%2FbfaMIchdVTci2gzok9q7K%2FO8hGgxhyTCUeU79XD73z%2BEPjMKL%2B812JdUalJLtBLo%2FJAys%2FAF7%2FSViAADyA%2BUYqC54g%3D%3D%7Ctkp%3ABk9SR9jN6_GXZw
Supreme MM6 Maison Margiela Hanes Tagless Vest White Size XL,,£42.30,+£2.94 delivery,20 Jan 2026,44,Brand new ·,https://www.ebay.co.uk/itm/387597369949?_skw=supreme+t+shirt&itmmeta=01KJZHTWTPTW1027FAXPGXMDKX&hash=item5a3e9a825d:g:jAoAAOSwUIVnL8EB&itmprp=enc%3AAQALAAAA8GfYFPkwiKCW4ZNSs2u11xDfNEFqqRfOnMVzVWb96JiFlLvy0BtL65e64sHoKk1em0rDOIMDnMhK9PIazcAqVSfJtQsBnHKKz3zropeM3Xv992AATqj--IcGgjnQ%2Fa6RTO9UmFFcCutmfoqZzQN2hWtDLCGsCfjTI8ywoekRVCfD87MNlwGhSw3h3ktcHyJAKc479bGE6Jmc%2FEVKwvUX1W5y7E9llWrFf%2BUMQBGUAGrUSKDcpBJHARp2ZPQe7Yg268Fe%2F4wCjgYtMg%2FBorPRfEgcj3cWwOQu6U94QC5xt1vh%2ByJXC0Af9okflmfop7IrdQ%3D%3D%7Ctkp%3ABk9SR9jN6_GXZw
Supreme Bone Football Jersey Black Size Small Brand New,,£78.70,+£3.38 delivery,20 Jan 2026,44,Brand new ·,https://www.ebay.co.uk/itm/389126168614?_skw=supreme+t+shirt&itmmeta=01KJZHTWTQPDRJRDE64396X73B&hash=item5a99ba2026:g:tLwAAeSwvIRo9753&itmprp=enc%3AAQALAAAA0GfYFPkwiKCW4ZNSs2u11xANpIo%2FoOB9DRRgJcPqu4p3WFo6wVmuQR%2BQlw7cxtVnf4709elaTdux6t1z2EePcVRSeYsAHU0fGrpn0wyzuouMi3Qc%2Bc18DXS41ElhLhnqELay3JNPNLDOtVd32LY95wz7Td7iVq8dH8BI1PR3m1kincrDq3LoPHQdUXsYS9qrGUDkDrBZd%2BR%2FQpDKuNW60N%2BsoJ66MEn49b2kNFmuogxuc9Lp2kZKQ3tUvTn%2BfJX6oo8ts%2B2y9R%2FWPbzrjNLtZk0%3D%7Ctkp%3ABk9SR9jN6_GXZw
Men's SUPREME X JEAN PAUL GAULTIER Black Graffiti Portrait T-Shirt Size XL - Y03,,£47.00,+£4.25 delivery,20 Jan 2026,44,Pre-owned ·,https://www.ebay.co.uk/itm/397499869100?_skw=supreme+t+shirt&itmmeta=01KJZHTWTQN2VSBTTHN34Z7SSG&hash=item5c8cd6a7ac:g:z9cAAeSwm9RpaU60&itmprp=enc%3AAQALAAAA0GfYFPkwiKCW4ZNSs2u11xDWRT4JeArO8jfmmz5vnAPOpTJB1KQKlAzDypiakaIDHnI%2BTa0t9khVMPd5MNDwMARs42XnO3KnVGMY%2B9ZTyQ0o%2BwJQ98oUKRAvfjWcUfWeQq%2Bj%2Fz8mGD4oJ3zmq3r%2Bji%2FdGA0ofeJRaEGASakDVg2J7ud8Sd11HeisbBC9ZTa082HLpRRa1n57laF2wfk5S9YAkqah623tJ8%2Fcfw4fxKK8ax%2BWsmuG6248e3p49j6%2B5nookpadB49oRTLu%2FeyhD1g%3D%7Ctkp%3ABk9SR9jN6_GXZw
Supreme Araki Rose Tee Men’s Grey T-Shirt Size Medium,,£26.70,+£2.94 delivery,20 Jan 2026,44,Pre-owned ·,https://www.ebay.co.uk/itm/127382490384?_skw=supreme+t+shirt&itmmeta=01KJZHTWTQE82Q51B0VQZDJNVC&hash=item1da8968d10:g:bDsAAeSwPwZozghs&itmprp=enc%3AAQALAAAA8GfYFPkwiKCW4ZNSs2u11xDUhRkO6ggq43hBEIJakSCcq5Pu55r8PBnJTJRXI8jLHvkPpwKFiS1qNBCNhFCSuduij2XGRM%2Bc19oq6Mg3zznLthMohPoqXdGgrjEnmgCeH1V17F7WRya%2FACsqFJTXfBO40UO0JlopGQ%2BpJZUR02moEKmssxPA5VDKZjQP6XSwy2EsjbTWnMD%2FcKm77pfXBKqeJgKBYUlCR26lSWfhJs9nn%2FhvasnWtf4W3ZPTAs1LLMyyf3M2l%2BY98e2mxeZ6UDN7OFmszhylWhfjuYKoZJemoxBeuGK2OThgr5dzuH%2FGzw%3D%3D%7Ctkp%3ABk9SR9jN6_GXZw
Supreme Fighter Tee T Shirt Navy Size Medium FW23,,£21.50,+£3.38 delivery,20 Jan 2026,44,Pre-owned ·,https://www.ebay.co.uk/itm/227168814154?_skw=supreme+t+shirt&itmmeta=01KJZHTWTQ1TMG79ZEAAW9643X&hash=item34e451044a:g:91EAAeSwRv9pMbSD&itmprp=enc%3AAQALAAAA8GfYFPkwiKCW4ZNSs2u11xCq4H0DmMXcdbLXbZsHfA5l1HTBeX7DvGqywF3IuMtEBjrTF5xcVx8PjMzsModasBs1v7w1qqhyjFFxFmHsMuFKap140LQwMmDNxK5WFz8R%2F1%2FFR6WHy9gtlmCnVkbuZRcPC8dEnbqLzxN%2FE72zBGCtT88b6Cb6uEl3hJYE8t%2B%2BQU%2BNPUXX6RrGoFjXuU%2BDpzFQ5wCnA%2BTIMYnI3alnXJPaLU5iP4DUMQgMS9lS0L1GMZdGlu7c16FIRU6YDyvqA0CccQylaJVdsnhy42MOz7g%2Bl24sxbe9KRPCC1UQ97lK%2Fw%3D%3D%7Ctkp%3ABk9SR9jN6_GXZw
SS14 Supreme Melting Rose Raglan L/S tee white long sleeve large T-shirt Vintage,,£120.00,Free delivery,20 Jan 2026,44,Pre-owned ·,https://www.ebay.co.uk/itm/187910566126?_skw=supreme+t+shirt&itmmeta=01KJZHTWTQPVWGW5M4P5AHWV52&hash=item2bc057b0ee:g:uIQAAOSwW8Vf6HJT&itmprp=enc%3AAQALAAAA8GfYFPkwiKCW4ZNSs2u11xB0Tp8gFUHbgHS1x9taFwEqlLSkyZ8JM%2FWfi9wBtKKZz9LZXxfxXO%2FKw3MlEe55ajUOtyfS827Il7%2BAMFONBWR%2FaTuB3Xn14ivtxcui2sd4s7SihkQZRvDFg0kwNFGzrMykw%2Bi4BlzO7NvuLbxd0PZoHHfgi9Gt4ZEkcfKd27eBn%2BhFw1wHGHiRdJ8jauNYuftKV6Jizxeo9A5yZ0XOV%2FWBdH7oHMP4SYG3tgog5NF1UtnGqNovpqDuubwkEdIxtdheloD2tp3xG9x%2BHPVQgf7sUf6Ae9IR9ycp%2FOyefOHqsQ%3D%3D%7Ctkp%3ABk9SR9jN6_GXZw
Supreme Tonal Box Logo White XL,,£42.30,Free delivery,20 Jan 2026,44,New (other) ·,https://www.ebay.co.uk/itm/127615507085?_skw=supreme+t+shirt&itmmeta=01KJZHTWTQJ2796ZZ5B4M08QZ7&hash=item1db67a1a8d:g:zigAAeSwatVpTFWQ&itmprp=enc%3AAQALAAAA0GfYFPkwiKCW4ZNSs2u11xAuxwNW0eKnybyufpdrOLb7PyYEUIgmWL3SQKkCYGLJFHOywLD1LAFKDjC3ak53qPtr0Jebmbg7plKwILrej0Ji%2B176eEvRSfKhvacjut7fQ3FTpCNTD2WuNe5oCyJlB7b7pm1hUs10qcsWVDoL5qEN%2F9NucBlZuyFjrmcSdO8IisV4qV7QjYoXqCjuyDSnTUMlT3I%2B5qRIDGkW1aFpAcFHCpr7ZY9bwL9zp%2B33h4Bm1hVoIQYevlaIPfQY1VPJ6%2Fw%3D%7Ctkp%3ABk9SR9jN6_GXZw
Supreme Payphone Tee White Size Extra Large XL T-Shirt Telephone 2018 FW18,,£27.96,+£2.94 delivery,20 Jan 2026,44,Pre-owned ·,https://www.ebay.co.uk/itm/406616515749?_skw=supreme+t+shirt&itmmeta=01KJZHTWTQPDQ5CGXS8DRZ0PY5&hash=item5eac3ba4a5:g:6rAAAeSwLkVpCkJy&itmprp=enc%3AAQALAAAA8GfYFPkwiKCW4ZNSs2u11xBkajcTT%2Bvz%2BN3oTiYBFFtP2VSWoaQZIS6QaxT%2BuS9YPkGUwEOHTEkFQcHP6G81TM3Opzu0ZGvjniEcEDK0NkFB5%2FCfDfwDS1C4whTi0B1EeQ8ZR6fvK4XtTbeL%2FbcX6pAf67Wsfw8IVYILoLa80nCOCwIjwp9Kcw4ntSAXYoRWKT%2F%2BKQQwJoyj6VgcnXKEj%2FfI8GraVJpxMT7futmMp8DRPyq677Dhdb5EUcTKTkSJKTKcKp4ZkNEESlz53aB%2B28y0RFvti%2FERyk%2BqHXho8PElrZDXggsdC2Jo71tPdaxwBw%3D%3D%7Ctkp%3ABk9SR9jN6_GXZw
Supreme Tonal Box Logo Tee Dusty Purple Size Small,,£34.99,Free delivery,20 Jan 2026,44,Pre-owned ·,https://www.ebay.co.uk/itm/297893823660?_skw=supreme+t+shirt&itmmeta=01KJZHTWTQ9CWJG96666A2KRTM&hash=item455bdb04ac:g:XlIAAeSwgjRpVS4f&itmprp=enc%3AAQALAAAA8GfYFPkwiKCW4ZNSs2u11xAudo3SIFoq8tTKbgOEGWDiiHDrtPjnodqirqXDfUDRNLrMB2QUlLuI83u222BybieKe712NDI%2BlLxvaHrn5pxjOYOAfYsp6THBbuc%2BRB9TQN3jrdvF97TOtNuAY8YZ1XWHsTenawj9ExSafLPdQRTli5xSTJkfQmWZM2vdZGbdFkH8tqqo0RSSfDfitK4gS8Vnf6qBP3RfcsOZUf5i6CpwKE5vlRXI63TVLW2UmcyA4Jgqh5L15CwgO1lDRbzNsYxst9fOYb48gVsv1yjabT3xL0eKNSeLIMwVX7cNLsYnFg%3D%3D%7Ctkp%3ABk9SR9jN6_GXZw
supreme king tut black rhinestone t-shirt in xl size,,£73.50,+£3.38 delivery,20 Jan 2026,44,Brand new ·,https://www.ebay.co.uk/itm/127611367139?_skw=supreme+t+shirt&itmmeta=01KJZHTWTQ1EM8FBAKSJX5NG2P&hash=item1db63aeee3:g:iBcAAeSwRuZpX5Yw&itmprp=enc%3AAQALAAAA0GfYFPkwiKCW4ZNSs2u11xACwx987D7PZZyEHqxfS5vwe%2Boff5nDtPk%2Ba43fCbgkJt7MTzD0B2ienC0Cu0IGCHbDz24%2Bug%2FRgwTpNOIiGJML36QCYb0SsY9Kr7S%2FaHfAD%2FthNL421VCZRs76RXRTzy8U%2FTfSvh3IZe1D%2FE2MIUoOGfaMXqRu5266vE66iMhrlnMfQ5Nd2Hezj2pGrv27YvkrShd75j45gQUloFeIPdiQXz3KGIq3YJMg4bPtgH9wGcoBoxDYI9Affr%2FuALerRMw%3D%7Ctkp%3ABk9SR9jN6_GXZw
Supreme Comme des Garcons CDG Black Long Sleeve Shirt FW15 Size M New With Tags,,£47.50,+£2.94 delivery,20 Jan 2026,44,Brand new ·,https://www.ebay.co.uk/itm/358082926698?_skw=supreme+t+shirt&itmmeta=01KJZHTWTQBNNW1338JJH8YYKJ&hash=item535f67d86a:g:MqMAAeSw87ZpWlyW&itmprp=enc%3AAQALAAAA0GfYFPkwiKCW4ZNSs2u11xCzP8WxEFKjK5WjTeHTKRPrHRRHWKaoq89qd3%2BuSxK5AQoFSTogtloiyL4p4tWH7ghkTRHGIct%2B4k1WAqTr1l%2BJ00e2ZlYjPv9cjkj5TaX0GwsE7q7epTag3NXeXmX7Y8tdg7chNmv3xNwHIByZ3m1rSsUI%2BgGKW6T%2B%2B5pNcApDI8Ih5ZZiIpnIw1hrCvK5qOjTfNUddGtrqKbLVKiVrzIZDqbuV%2Btq%2FUdbC3RY6Ie5C48imGYbVJtOsqk4EOeaG3M%3D%7Ctkp%3ABk9SR9jN6_GXZw
Supreme Camo Box Logo T Shirt White XL,,£57.90,+£3.71 delivery,20 Jan 2026,44,New (other) ·,https://www.ebay.co.uk/itm/187190810727?_skw=supreme+t+shirt&itmmeta=01KJZHTWTQXZND11ZBD7G55BCG&hash=item2b95711867:g:efoAAeSwdsVoFOmm&itmprp=enc%3AAQALAAAA0GfYFPkwiKCW4ZNSs2u11xAQk%2BgId%2F2GYG3RjTYreslPtKQpoqZCk9C3PxXMY9lYbcViT6cOVIg5mBnExn8YkUqDtnxV9QABf%2BiW3M1Jf43rr29GE5YiDKJndKW%2FHG7e8j2yHgXPgn3t4v%2FSnMLC1Tj40EFSQ60Q5zKqHJsrt7CfGzQJ36ik2qRQ9YSIw0mmlhyl76TEOFRFzXxJfMQh0MoKABHoAVEQlvx9vLMMc99Os8F9DxB52Xk6eakZaCPR0tREALpgRo5a1AvxE%2BJvcZw%3D%7Ctkp%3ABk9SR9jN6_GXZw
Supreme Affiliated Football Top Black Size M,,£89.10,+£3.38 delivery,19 Jan 2026,45,Brand new ·,https://www.ebay.co.uk/itm/389223960485?_skw=supreme+t+shirt&itmmeta=01KJZHTWTQ9TKZGJ3V90J8XMP1&hash=item5a9f8e4fa5:g:jYYAAeSwY0RpFQrH&itmprp=enc%3AAQALAAAA0GfYFPkwiKCW4ZNSs2u11xDJEi%2FIAsWK%2FTjs7YCPFj3AiWqvyJzorQCvFhPNR%2F1FGjw0HlMc6zc02T%2BBd%2B1t2%2F7KdQnx7jc6ezm5V8dgJgE%2FXg9Ob7Uz5eYsHXgp1Cgl8JlL55Gu3n1SOtqaAwmun7zBkaVgv8HYq6xL%2Ft4jDBqB%2Btadn5u2mBt64J9kG43p7hp3Acte89PPZp58eDdQKDYYqL91X2T3434UFrOEkZ3e7SbHcRfpyVCjjnIBPmTt0NJJ1b5IipH6hu%2BUNX2zDC0%3D%7Ctkp%3ABk9SR9jN6_GXZw
2002 Supreme x Montreal Expos Baseball Jersey Size Large,,£83.90,+£2.94 delivery,19 Jan 2026,45,Pre-owned ·,https://www.ebay.co.uk/itm/135647752722?_skw=supreme+t+shirt&itmmeta=01KJZHTWTRMY0DYCD1DW0BRF1C&hash=item1f953c7212:g:-lAAAeSwigtn4b5-&itmprp=enc%3AAQALAAAA8GfYFPkwiKCW4ZNSs2u11xDf%2FiEUHSotSrj%2B53Hv2T7Y1oKCANWUtJoOKEk780wCSM1rIgHC7YWkDPB%2Fcce6%2B9fEg5lX8bUl%2F9zEoYB%2FhXHv%2BIqn78G3Ztgazw0p2vWppU%2BniA63Z1li7AKE6M4erxN0f2Uvn8rsMJb1T5%2Bw1WEC%2Bbtj4TMEXzyYWIAfdrrdgRmU2OOBukx8wk5bXyCV49WlUrqECNghMKo1nx2LU9bfhxAXTHVVULc2kd6gaqhP%2FAMQgAwCbgNAQvyEBrbhnKcc3u9k6nN4fNeIfLHDLoOuus8fN8%2F%2Be9MV9eT9BydneA%3D%3D%7Ctkp%3ABk9SR9jN6_GXZw
Supreme Velvet Baseball Jersey Leopard - Size Small,,£187.90,Free delivery,19 Jan 2026,45,Brand new ·,https://www.ebay.co.uk/itm/116583764924?_skw=supreme+t+shirt&itmmeta=01KJZHTWTRX0B84VHBDVFHCKJY&hash=item1b24ef13bc:g:Ui0AAOSwEktoQv3z&itmprp=enc%3AAQALAAAA0GfYFPkwiKCW4ZNSs2u11xD2wOKgmXSf%2B1WbkXF9BBoDg890y8BTf8ozpciamCFw6xoE4uWkxm7ONIduNDPRTS4DzY%2FRCiQwVWcDHoZjRBKxVVXFJosk6qG1v0lBYdwptEggUWWwWU8MxaF0zGWw6fxMDr%2BKB9Kh1uNJ4crxzCVvVm3nVoWsjJTLvPtm260aBYdbUMRIxdPw9rRN1KO1z5ivkwYKJx1X5dTBMuA%2FYGa31D2rsVBfFnrNHLULkHBjzBClS146qWHVbWgqtrC2MwQ%3D%7Ctkp%3ABk9SR9jN6_GXZw
"Supreme Tyler, The Creator T-shirt - LARGE / RED",,£37.10,+£3.38 delivery,19 Jan 2026,45,Brand new ·,https://www.ebay.co.uk/itm/306385408830?_skw=supreme+t+shirt&itmmeta=01KJZHTWTRWD5YMC69T20JHP08&hash=item4755fe533e:g:6l8AAeSwMTRobAX~&itmprp=enc%3AAQALAAAA8GfYFPkwiKCW4ZNSs2u11xAJu2nnvk374GVeI9K8x3SJkcFyQQuFXLURsmG2yL5owcXvwirEyPDSvUgwPzd7X%2Fq8Cgz72Wm55NMBMyzHgmT9vFJZhX9uMH0eUOFJHO3Rn5idMr31XCAOQuSUnAAfgZnczpF5rQlGG7fTBnG%2F98P5J4tUvme%2Fh%2BGJKwS%2B%2Bc9ic6Vy8wCPSRbF7H%2FOJcMgQ3JZiv26hRHFOkMtsOSGDPJhtjbxL%2BqWnzB9kZxq8%2BKh0XTGR1rM56V5eZmz10VbYbSfZ8j8FJ%2Bk1wsAb1dNElnTjA%2FhOqo9Lqk8N3fHN2ZaOQ%3D%3D%7Ctkp%3ABk9SR9rN6_GXZw
Supreme the Velvet Underground White T-Shirt Size Extra Large FW19,,£20.86,+£2.94 delivery,19 Jan 2026,45,Pre-owned ·,https://www.ebay.co.uk/itm/358115759832?_skw=supreme+t+shirt&itmmeta=01KJZHTWTRHXVC44JMGQDCE0PA&hash=item53615cd6d8:g:R8AAAeSwRaxpZ6UX&itmprp=enc%3AAQALAAAA8GfYFPkwiKCW4ZNSs2u11xBCSnn--RKarMBuz8y6c5ZaZSG3daLy%2FMosX9nf%2FsdL21tnln8J8i8dxyKPdfWzhvkJDU%2FNUfsJp7%2BxdZGCda3aq5omOAaEZjXFi4l9Cy30OwGAmuqIKHRiwSFA7%2Bab%2FNZ4Z0867L6evAlggIgxKxxfI5P8%2BmUk4BYo3OywD1KUyrf7eYcdL5KGn4pxONdVeSz8w1p6UuHxdWVOIzt107nwHILRBUJfstkG5VYtSNOii6QrJeSuq6WB239vaMgSh9YlTxVSnkGlTytNJy0gbHe88VfBncWvIB6ihZGwnGqnVw%3D%3D%7Ctkp%3ABk9SR9rN6_GXZw
Supreme Embroidered Logo Striped Long Sleeve T-Shirt,,£10.80,+£2.94 delivery,19 Jan 2026,45,Pre-owned ·,https://www.ebay.co.uk/itm/326953059160?_skw=supreme+t+shirt&itmmeta=01KJZHTWTRY38Y6XA55WXPXEW6&hash=item4c1febc358:g:WckAAeSwuBRpXBPw&itmprp=enc%3AAQALAAAA8GfYFPkwiKCW4ZNSs2u11xDa%2BQRexwdEL9CNSHRXy0HlydLzSAJm0AU5dS%2F6Qo77eVq8FVJ%2Fu6wnCRnEnfU5J42NdlaJtM3n4HEJkWjip%2BapBt7wP1mH9VELE9YVvtl8NtsAZBZXXLpsj68SHWC1g0fJLQ7kHAROaPRDV3u2NWRGDaGwuLVdjpuQNhuuGSN96tq7wswyyTzPPpFDvnx7JfpSYfAeHXcw0c1GF0X3r9HeL%2B44%2BcuGEZao4uhmRAvUtGr7qNXqyztq2iSv7yt0CIaUBE5qMEkWMyGNVbc0kH2bRLWuvVXz0%2BqfKWPNRVM7GQ%3D%3D%7Ctkp%3ABk9SR9rN6_GXZw
Supreme Split Long Sleeve Football Top Black Medium,,£167.09,+£3.42 delivery,19 Jan 2026,45,Brand new ·,https://www.ebay.co.uk/itm/358091187082?_skw=supreme+t+shirt&itmmeta=01KJZHTWTR1P8JE1CVWFE3Z282&hash=item535fe5e38a:g:QjQAAeSwPoVpTrh1&itmprp=enc%3AAQALAAAA8GfYFPkwiKCW4ZNSs2u11xCDKpkZ8PqZSgPxpwEl0skLwm7BuysNQ5Mgq2aoUFdodcYYug1x4ZxdDVUK04IIv9nfJXjA%2BalUCt9xebYklPylzN9tWren8IHVjOd39hxMrMtsCwKQsil8S0g%2BpF4xZs9CyDbhl4flO2DpVRMzepMXbNHfgNCpWPPssotNEDyMLkgsVTupNunfffPtkmvh2mMnl35jm1xpSCyvGgcaZG49PqTR%2BuFyh8yyuzXCdSOw1hA6YFwJ1G0Hs67rx800jAbVJJjgXDGFAi%2BiHU0MjfXruxdFcd3sknljGxC15vC%2BHg%3D%3D%7Ctkp%3ABk9SR9rN6_GXZw
Size XL - Supreme Playboy Carti Black Tee Brand New In Hand,,£45.00,Free delivery,19 Jan 2026,45,Brand new ·,https://www.ebay.co.uk/itm/236520190676?_skw=supreme+t+shirt&itmmeta=01KJZHTWTRJ5Y7NZPB2VVD52AE&hash=item3711b3b2d4:g:WssAAeSwuW1pOu42&itmprp=enc%3AAQALAAAA8GfYFPkwiKCW4ZNSs2u11xAXsWnsIk90wZUYPPFxXNemjsFW80b5VGCBQqcJ6Y4wrTOA%2FK9LTmA9YHFcHSUiHWK36API4%2BuahmbbS8TKWv8awGLRtjblE4ZsSrnMYAEj5DEePUHuhiCGNqfdQvPWxS2gyn5CwKUglZofT45X10tIeOp%2FVKeJtHYoRRMllg9Tke47yyjudjKUJUUEnZRUrDXrn4b%2B7EWU4rkF5paAEtSrV3GbnicCQAwn3CuiIMJotCtPJ4%2F7VQXJm86lRRIhYCePRX0A6tYmA%2BHs42obceDhhobsjbcrapyrHGY8yJiKag%3D%3D%7Ctkp%3ABk9SR9rN6_GXZw
Original Colombia Football Shirt/Top. XL. Supreme Adidas Top. VGC. Rare. Unique.,,£11.87,+£2.94 delivery,19 Jan 2026,45,Pre-owned ·,https://www.ebay.co.uk/itm/157258092364?_skw=supreme+t+shirt&itmmeta=01KJZHTWTR5Y8RJCK23DJ1KK9N&hash=item249d500f4c:g:T5sAAeSwfjxopb96&itmprp=enc%3AAQALAAAA8GfYFPkwiKCW4ZNSs2u11xARK%2BxfrI%2FdpnWkMtB9GEXrsslm2NWLTWLxfuwPZ7M7V29rS2%2FPCrzuOz32vEtEy3xaQqi3UwgCU71IGjlbG3Nk%2BhTPoCMVCPO3cL0Lhd%2BGpdeB1HjZhqOF%2BAeoogJkmyuWS%2Fl%2FPmMdXagKY6NPQ0eAqljImNP7WUcGo7bUdhciIJj3iSVaDa3sw5Lk%2B0Tv7dq6gJeCzCvcyk0JDBixSMti7VxOhi2eBHDGHAb%2FLEi4SrQ8%2F1sENQbQtDJ1JcQXOcQYT%2Bi6mjFcz5p2CbiqFn0cTIj%2FjjzXYxOBxMd0chBRBg%3D%3D%7Ctkp%3ABk9SR9rN6_GXZw
Supreme Saint Sebastian Tee Long Sleeve White Medium,,£47.50,+£3.38 delivery,19 Jan 2026,45,Pre-owned ·,https://www.ebay.co.uk/itm/326871302812?_skw=supreme+t+shirt&itmmeta=01KJZHTWTR0WQGPMJNJGGCZ6Z1&hash=item4c1b0c429c:g:mB8AAeSwWNRpHJC2&itmprp=enc%3AAQALAAAA8GfYFPkwiKCW4ZNSs2u11xBV6LPf2KmnuCnIpC7VBar%2F5mm6DpLROMXkLKysU3b5%2Fn%2FnS1h4jTVlRP9p4H5eVWw8Sxp%2FROWfLBstrFr6g9r2138hyBBtMMOV9VDSDcus7XVS%2BWthU8Dx%2Ff4Cj7eqM41zXsZwBsOPGa3opIn9PihyXmHmdSCQaSG%2BP2iXSpcC2vSVVKDDICpqpBFFUQEbojwHdObXhRPfxqjXHW4ZJl9hHWzMQ2C5rL8t7Go2B5R4ESbnRqwsWG9VkWsYIrIixKT2pjzXkWxtVCZnRklxNUU%2Fw53%2F%2BQ6flauSF440fZPy1Q%3D%3D%7Ctkp%3ABk9SR9rN6_GXZw
Supreme Raphael Ninja Turtles White Tee SS21 Size M,,£19.36,Free delivery,19 Jan 2026,45,Pre-owned ·,https://www.ebay.co.uk/itm/187944251427?_skw=supreme+t+shirt&itmmeta=01KJZHTWTRE4NC2ACRS5TEGNZ2&hash=item2bc259b023:g:~Q8AAeSwEGlpCM~q&itmprp=enc%3AAQALAAAA8GfYFPkwiKCW4ZNSs2u11xBSFcVRwltihfA5xFLhzRNyf5z3%2BbKHyHlWQBH7GWibMrveldDN%2FBJY5Ef7pBSmWrps9Mhvr%2BVYyVb%2BAmEaxLWZcdOEv1n7lC%2Bwi8qKwYJpp36ZMv%2FdNhr%2BENL%2Bs%2BO24mdYCf4AjUHA9ucv9BoBj%2BFGr2tWlsPqNpsfMIUg950AIU354j77ZXX7QNvqsgjwiRVn88i1OZ6qrRp5kmUaXndZqsbGRRSrP8KPDx9f1IE%2BkJ1KczDMq3D%2FWj2%2BM6nG5J4fAkk8P3DzSdleMLTNIZBSIQHqZTq1qKbJr7TVnk3mVg%3D%3D%7Ctkp%3ABk9SR9rN6_GXZw
Navy Supreme Taj Mahal T-Shirt Size XL,,£20.43,+£2.94 delivery,19 Jan 2026,45,Pre-owned ·,https://www.ebay.co.uk/itm/406567227048?_skw=supreme+t+shirt&itmmeta=01KJZHTWTRF0CYHF7GW1JEKTJ6&hash=item5ea94b8ea8:g:1A4AAeSwFKtpXpKR&itmprp=enc%3AAQALAAAA8GfYFPkwiKCW4ZNSs2u11xC0XXYA4dd%2FX1DiEISwzxNrImBXy%2Bp0Hnjj%2Blf9BK%2FLgqmDFSDjgq9QXC5vhbZIpOx4NGcrHv911HCOs3uI3piehFdd1sJGb%2FqTzLfYXTUXapEhH3ai9kNgoHuKsgxYJvcga%2BxhOFkWBa7ntP0Urq2R3J7bRTnHytf9FQGfjdMoOChyFJbo33Bc5LRrjvpntrzkrNhjP8dtm6RPUuaIOF%2BnVdoGNEBZUQ0%2Fsi4I4OfoXuGOR2IfMii9AefTMZyUE9ooIPipfFMH8DwoN4wCdEliU8PCa46MRIA4gCtwhZPt4w%3D%3D%7Ctkp%3ABk9SR9rN6_GXZw
Supreme T Shirt Brown Size Medium,,£42.30,+£2.94 delivery,19 Jan 2026,45,Brand new ·,https://www.ebay.co.uk/itm/157611160394?_skw=supreme+t+shirt&itmmeta=01KJZHTWTRBV3C2T20SB0419PT&hash=item24b25b734a:g:jHQAAOSw2z5nBORa&itmprp=enc%3AAQALAAAA8GfYFPkwiKCW4ZNSs2u11xCRhE2hFvtAynMp4iHZcu6PHfCdk5jlA0DeJV6OhArDwmYX0ZVvNI8lCTDFf3JgRiQ4zBu3Nbucwt%2FzVVln5Le9qLCmkREL2%2FeWdVIM%2BSRmSAFfp%2BXz880FcjZBxdZXEzFkvF9Y5b34dkCdS8539ur%2BYWlIQrQDHicyzd1ZeGavO9OCiQ6wYoQY1YZm5pnUVjYCLml2LY6289wXWJ2Y0Ek%2BTUqwhyg7G2r0D%2F1QBwcXK%2BPDRcZzbZt1I8t8SVriMjks18A2uawfn92eyVJEPOUfQUeUkLYTkvZ5aOg9sHz2lQ%3D%3D%7Ctkp%3ABk9SR9rN6_GXZw
"Supreme Watercolour Tee, Pale Green Size S, DEAD STOCK and Hard To Find!",,£26.70,+£2.94 delivery,19 Jan 2026,45,New (other) ·,https://www.ebay.co.uk/itm/397351327072?_skw=supreme+t+shirt&itmmeta=01KJZHTWTSY5FH6QFGP82AW38X&hash=item5c83fc1560:g:BvwAAeSwUTlpMBzi&itmprp=enc%3AAQALAAAA0GfYFPkwiKCW4ZNSs2u11xBGV7g9wEYgjRgvkvNBaXWZc%2BZYUjtcK%2Fy%2FS11HnT%2BWJVWk2q%2BdAmWbrfRBYDF1RHbtQMS32zuN7BpD0Vcj5NUiaZs9pF7xV%2BZDyighkn%2FycGiTi8azCedlJlx%2BHC1Az2ILD7OoL2GffqD8YVki5NX%2F7mytdA1Kp2gtxqjW0%2FE2ZcxU0njvrbMykapiGKGYyWdaGfuo8ecXJYbWJrrxc74T6H0OyHivkeW4nvmtb7xRBf8R1fkPtunAfXdhVzK3TL8%3D%7Ctkp%3ABk9SR9rN6_GXZw
SUPREME Wu-Tang Clan RZA Large T Shirt,,£70.00,Free delivery,18 Jan 2026,46,Brand new ·,https://www.ebay.co.uk/itm/177568576778?_skw=supreme+t+shirt&itmmeta=01KJZHTWTST3NXX17JBV6ZM7JQ&hash=item2957e9750a:g:6i4AAeSwyG1pE9xo&itmprp=enc%3AAQALAAAA8GfYFPkwiKCW4ZNSs2u11xCAmsi7f%2FUld32xeHf6i1Mj6doH2aAcP4moXkKCQ%2F2%2F4tZeU%2BcjmnMXeh1pGt9chzuPN99mPRgHp41jdxl1wU2F4PD4cviBzoGTPeudArcFL0fmtkoNYDnH8J76ued2lH5S9uIubSKPvm9AM3vCckpvCKT2XCGC4bXCoyITdrtvWos%2B9Wiwkz7poLW%2Bmp3Z522mw5W8BGyc32SwMJ5asqxU7cDnJ14RIyZB26pYOrrZIbZtHu2ikPVPCMuzy2%2FXgmeXBuqsD7854Ck1BUt211T%2FDW1UOW0ZWckzRD9zdCbW9w%3D%3D%7Ctkp%3ABk9SR9rN6_GXZw
Supreme FW23 Box Logo Tee Navy Camo Size L New Deadstock,,£41.98,+£2.96 delivery,18 Jan 2026,46,Brand new ·,https://www.ebay.co.uk/itm/136955789952?_skw=supreme+t+shirt&itmmeta=01KJZHTWTS6HS1ASTKPFME6WBE&hash=item1fe3338280:g:xAoAAeSwvLZpasud&itmprp=enc%3AAQALAAAA8GfYFPkwiKCW4ZNSs2u11xBc%2F9T8d8U3LrzGahALd1%2F76Um94GLl%2BezQLDlItNlUjqNcwAQnijJydcRIpVWWw4JT28ZbyshYMyEsOnNkJg7hDztHbolqnI%2BAspFuk%2FuQJWg9rxqjfwDNO7wTjYQQ61aviaOPJz8QUkZ8PsR87MjSrd1a96V4GepgNFZAEDkiq%2Fa5CSimYJ0EZ71YX%2F6kqD2j7lFPnSgCoPitw2KfNMlqhdig3kDIE14zhh2%2FvJRfzVpMPuBC92pDHfrQ3DgCTj8ONyTmomSxKIRKotQ3QCZ7UObTDxoMOu8GPb8HOdIjig%3D%3D%7Ctkp%3ABk9SR9rN6_GXZw
Supreme NFL x Raiders '47 Pocket Tee Red XL,,£25.00,+£2.94 delivery,18 Jan 2026,46,Pre-owned ·,https://www.ebay.co.uk/itm/358105890707?_skw=supreme+t+shirt&itmmeta=01KJZHTWTSGWXNDP4QWP5RFTP4&hash=item5360c63f93:g:NKkAAeSwJjtpLLTL&itmprp=enc%3AAQALAAAA8GfYFPkwiKCW4ZNSs2u11xD5Rf%2Bqt4NTbYFxxqjrwcRVTPpiTOkhmdQ%2Fr%2Fgx7bwfVdE6HKz6OddtKi6aE3wqGDMP9StHnBMhaMOjmMN%2BlMer87NS6yBN%2FGv3huzmLpgk1SvH19JDwAJ8cWu1o1znOikAneCJPs6J7thG9gDYojcaj50SJP4P7hGNZF2%2F7gpRpYRlXTLZmenbO8T6DCt784n78D03a4OB0IzYjqk%2BU7X3yBRgjHFfVe6LgZr4qgv%2FyljnlEwy5IsH%2FT%2BA4Y7y0sJssdaR%2FhuCSMyKlWjfO8WyWeicXrqcI2IOOdprjbc76A%3D%3D%7Ctkp%3ABk9SR9rN6_GXZw
Supreme S/S Pocket Tee Heather Peach - Large (No Reserve!),,£9.72,+£2.94 delivery,18 Jan 2026,46,Pre-owned ·,https://www.ebay.co.uk/itm/236576891273?_skw=supreme+t+shirt&itmmeta=01KJZHTWTS9GFZCKHHDZKYXH04&hash=item371514e189:g:woAAAeSwa~RpWs~T&itmprp=enc%3AAQALAAAA8GfYFPkwiKCW4ZNSs2u11xBWh3YFTjQKZimIRSwARC3niVNrbtp6ZragYpPNk%2FAmSB56prJMsN9cmU%2FSLTNTMn19B%2FUVPFFwKkKVJLzSHaa3RKjI%2FeA3JkF1rJNkC%2FgcHJI3jcviqfddv3GOHyil9b9mGJepUPgp3cl%2B5hdHbobVgzLflbwjr%2B3GxjNI3%2FCSfkpd%2Fu%2B%2BXoBtKs4CkRafIIbPwfoHGDqXUI2qiavwQfZWmEllyMSJITkk9VdaK%2FFdrNIN2drLHGyGRWwca8AaM7rBcfMnxQH63hpgTZBzTMu%2BkYIDiz87I2VWTSlVrQ%2BRRw%3D%3D%7Ctkp%3ABk9SR9rN6_GXZw
2003 Supreme Muhammad Ali The Greatest white Tee L large T-shirt vintage Rare,,£265.12,Free delivery,18 Jan 2026,46,Pre-owned ·,https://www.ebay.co.uk/itm/187965250867?_skw=supreme+t+shirt&itmmeta=01KJZHTWTSCPW39HK2VQ1E7T5C&hash=item2bc39a1d33:g:y9UAAOSwlOdgpAJ1&itmprp=enc%3AAQALAAAA8GfYFPkwiKCW4ZNSs2u11xDFGP8RXWpZQ90k1ZvFBN58NDlDRcziV2OXbYO7b0eIzZcbyrwGyIU6S0bILmz2jZwgX9tydcXHy4G4ZmCS%2FkZS%2B78rS4BiByS8gkB6RUEpSBJM0ikuU99Pwh0Qvx3QVp9pX2JOUmadWroNgbaA2UDIuyc4poxTgc8Gpeta%2FpUnMfNPxxcGS8wAAl%2BwOoZovBi7BRVfWJDRrgmMr20aBCIfQLvdn3Ub7WccJs9mZOCcnT3Zy4ghSSwe8Aq8V%2Bwc%2BTGttQ%2B3KVA9WnmU8f51wu1s4C1Fly3bVRl4nyDqFaNAnQ%3D%3D%7Ctkp%3ABk9SR9rN6_GXZw
Supreme SS16 Sumo Skate T Shirt Grey Mens Medium,,£6.06,+£4.45 delivery,18 Jan 2026,46,Pre-owned ·,https://www.ebay.co.uk/itm/267541524786?_skw=supreme+t+shirt&itmmeta=01KJZHTWTSNT01N43DNAVSQH56&hash=item3e4ab7b132:g:nFsAAeSwFPNo1Cy8&itmprp=enc%3AAQALAAAA8GfYFPkwiKCW4ZNSs2u11xCUyrB40W4CEC2nK%2BwdaX9J82mxuTlhS0oJRi9%2FyFOOQpltfChkfYIWb%2B%2BuoR5PJQW2MWKmZ86ILMsyNKcTiLw6T5QfDq3ZzONPT5AlNyWAV3kramWFl3Bv0rt7BNEWS0Q6k4iHnhGW5TMTQp2S2xHLlNBQDCGs4BTepJSIUsb%2FwXye6x%2BlojqJWrdQtZTmgKyy4F0AbxmZV3yT9o3ed6cbTO4ANeehIyMsBGJIpLPGw45rsPFal3oNwghGXtuUsrHnnUe0hLZ4gHQeZ3LyRAfVf1yDBJhWjS8qYLcOPxNafw%3D%3D%7Ctkp%3ABk9SR9rN6_GXZw
Supreme Men’s T-Shirt Black Size Small Brand New,,£27.74,Free delivery,18 Jan 2026,46,Brand new ·,https://www.ebay.co.uk/itm/205991374142?_skw=supreme+t+shirt&itmmeta=01KJZHTWTS10QERQ4GQRPP22SW&hash=item2ff60aed3e:g:iO8AAeSwsTBpWqNO&itmprp=enc%3AAQALAAAA8GfYFPkwiKCW4ZNSs2u11xCysTlNjSF%2F8VJRmBWPT9mbdjlzcr2g%2Boh6aX1Ai8zc9AT4PXz8VUCx4h2LInUvcw6574zkDcAlGdLiSjrR5wTx0Qt1qjpFHhj%2BZN%2Br7PZP87cWFYKLBh%2B9qee%2BaS3iKmh0D2cHNoYL%2BCzuHrqcYjJuaa5Ixqmr2LUeDt5ZYi5Q6nJCmSAkcH%2Bo%2FqIAQhks8Wkf6sCLukujZEyFQkHP5Nqky1Yejy7rVTTi%2BAkyoWy%2FU9s%2F7SAFog6fk3sUV6IoiQpJskmPnPKW2jl3BzAaI94BWY%2BxnhSM35%2B8VEGilfi7sA%3D%3D%7Ctkp%3ABk9SR9rN6_GXZw
"Supreme Butthole Surfers Psychic tee, White - Size L BNWT",,£52.70,+£2.94 delivery,18 Jan 2026,46,Brand new ·,https://www.ebay.co.uk/itm/197439910825?_skw=supreme+t+shirt&itmmeta=01KJZHTWTSTBZMQT37SF1F7Q93&hash=item2df855f3a9:g:0dAAAeSwrYdoTtyX&itmprp=enc%3AAQALAAAA0GfYFPkwiKCW4ZNSs2u11xChz3ACuXjoJIn4LX7S4vA%2BmThRhmhs7qyDQmRTHKJjhre2Y6mkwBKkul%2FQc2GxahTZ4Ak6bsD8qkjX5zeQVdEIoJtk9nlkQPZ1iPfx3bg5aVynNHRZ46X8kcuCH7MWLVk73gXEMtW4IygC2qbTZJSXMV6rC04a%2Bc72bEH2%2FdyzNyqBqVu1JSuGFygUCY9bV4hTD1yB2HF71JsskwQkUKwFLNPvPvqEsD73yCDrOjRsq3VLJ2EMOblvAfGtWbpOYiw%3D%7Ctkp%3ABk9SR9zN6_GXZw
Supreme Scarface Split Tee Size Medium,,£193.10,+£3.42 delivery,18 Jan 2026,46,Pre-owned ·,https://www.ebay.co.uk/itm/267542192291?_skw=supreme+t+shirt&itmmeta=01KJZHTWTSEJXP79AVWKM4AYCG&hash=item3e4ac1e0a3:g:LEUAAOSwENFlFc3U&itmprp=enc%3AAQALAAAA0GfYFPkwiKCW4ZNSs2u11xD3byiOqlLWl7SlBxLtdIGaRsJxr6Nk42BPZCdlChBOwpaRhR9hIvStGDEwZmI5cltIrQb2muvZeRw5fg5FIrvj3zmgncpb44neS%2Bet7IPp0D0iMbgeGQzxELI5Ps2GWVEJwThMss0TbbM2BIlS%2Bfl3ergf4%2FuM9Jv0WYQQPmxNryqw5FZloBXNsKHMWUGuOVSU2W28n7lHB%2BcXAx8A8oA0wmAkrtKbw%2FLahogFyAtJy5Ve5qgxK6gHmWYPX%2By%2FJP4%3D%7Ctkp%3ABk9SR9zN6_GXZw
Supreme Anna Nicole Smith Blue Short Sleeve T-Shirt Size Medium,,£31.90,+£2.94 delivery,18 Jan 2026,46,Pre-owned ·,https://www.ebay.co.uk/itm/357607946647?_skw=supreme+t+shirt&itmmeta=01KJZHTWTSB85MWC6JD0WZ2P6N&hash=item5343183997:g:WW0AAeSwtVhoxB0K&itmprp=enc%3AAQALAAAA8GfYFPkwiKCW4ZNSs2u11xCzmpMXdlqbCChyBMhRLpIu1mXOLsTsoRyrRQt%2BN2yJkvsKDN9P6tQtCHWeHbglVvtk59Gn81MQeuyqfKQE3je1RPCPs3H37munreFJnEVOHqc5tc%2Fff8mRccl%2FVsMotqMMJapjh4slbtkZnFmW1BDT2BCokGjygBh6srpC9pFl932VaO2uM%2FJismq6DDZkm4%2FH0es99yzfasgEtmgyadr%2BafWTHM8QQKCCFTGhGOUS1XbX96diMfSYLt31%2FUXDfoK6xzOO4aaFgI5SDSul%2FKaj7vqmKPT1wmAM%2Fw%2FVd%2Bm1cA%3D%3D%7Ctkp%3ABk9SR9zN6_GXZw
Supreme Spiderweb Men's Jersey Purple and White Size Medium Brand New with Tags,,£47.50,+£2.94 delivery,18 Jan 2026,46,Brand new ·,https://www.ebay.co.uk/itm/297916687538?_skw=supreme+t+shirt&itmmeta=01KJZHTWTSBDYCQQQYCP37HJVQ&hash=item455d37e4b2:g:auoAAeSwb99pXuH7&itmprp=enc%3AAQALAAAA8GfYFPkwiKCW4ZNSs2u11xAEovtP%2BuBYHpF7U5Os50%2BiB44ir6%2Bvgn4S%2F7yg2qWyvbx4mA%2BevgRBWAfi5PwobDbJQr3Pxv0vaNbEzqJkweTdSoZQJmfFsQuSkIcVtmuGjL2648WBKAufM%2FWLz%2BVgJRQ3KYqcPhZ%2Bf%2Flbmm2ZEse9HRJeA2%2BunweIOWP94q03KwSpPBtwf%2F52lsi7MZRMyE9oAfskY9cKqRcJSxkYV%2BrrdeCDQIR%2FB9uoDdiK8c4ixtBDmCw%2FGsUQOf5XoDPXcTcIAoGN2lSe0A1uJ3Ur7oVBQlukFdQRtbxy4RtGyMognA%3D%3D%7Ctkp%3ABk9SR9zN6_GXZw
Supreme T-Shirt Black XL Used Good Condition 100% Authentic,,£18.29,+£2.94 delivery,18 Jan 2026,46,Pre-owned ·,https://www.ebay.co.uk/itm/177776654538?_skw=supreme+t+shirt&itmmeta=01KJZHTWTSPHRSQKJ92KZ9D886&hash=item29645078ca:g:LtIAAeSwXr5pZ3Jt&itmprp=enc%3AAQALAAAA0GfYFPkwiKCW4ZNSs2u11xCrj8qTahwCNx73E7U61p3siKT56NQlCK%2F8DztToB2fxEkLYIwDIsR319MDSbK9qcqtDffN8WxLzXsF0hsDf2tf4Xo3S8U0ZFUr%2Fa9zXt%2FTVEMUiA7QRrakxxui2I2aZbsUWMgS5xlO9zWqCdZWNCPsO2yO0NJdTkvZ%2Fo%2FzR%2Fi2shFjVvThRcJmQ%2BjPFm2sUSbxRJKm1O7ILyFbMJA4q%2FAt%2FP46IGV7gDLHTGO%2F8x%2B8hdmDAClKnZOmQGIGbfmXGuU%3D%7Ctkp%3ABk9SR9zN6_GXZw
Supreme NBA Youngboy Tee,,£37.10,Free delivery,18 Jan 2026,46,Pre-owned ·,https://www.ebay.co.uk/itm/205891919564?_skw=supreme+t+shirt&itmmeta=01KJZHTWTT4P0JMRSV3655F91P&hash=item2ff01d5ecc:g:F~EAAeSw32NpLyKy&itmprp=enc%3AAQALAAAA0GfYFPkwiKCW4ZNSs2u11xC%2FPJTnoHZiOV2P1boigx3iF5PuclG9LSQT0O5E05c%2Bq%2BQOLqNUaNk7As6mQ8D45c%2FS8DyWK7HGQQCyCMeuM8ZUPbOTF2SWi1%2FvfP87OLRA7iDYLi417nwaa6MfMWmHy3Cf1%2FQziHnO00G2%2BR%2FRujG5hDRbusHpcDdKJh96Q47PaR3456uUXggsaWqRLjxWSwOKdAPXn51IqZvTao6rO1BIwQLoX%2BI0iovw6uoF7illMCbDsPiKpmdY6%2F007vpKvs0%3D%7Ctkp%3ABk9SR9zN6_GXZw
Supreme Champion Long Sleeve Large,,£7.59,+£2.94 delivery,17 Jan 2026,47,Pre-owned ·,https://www.ebay.co.uk/itm/326950319884?_skw=supreme+t+shirt&itmmeta=01KJZHTWTT2YN10VWRDVA1EYAD&hash=item4c1fc1f70c:g:OBIAAeSwLgNpYs14&itmprp=enc%3AAQALAAAA0GfYFPkwiKCW4ZNSs2u11xChfIKPnD3DX9fxyRE2hl47VqYMveNsYUbP63FYETDGZlBo1BmGr%2Fj8Cp4t4zEM5cQejtK6LY2migjRJuNZTsWt6CpaTtSSGclDdsRamDr9k8eVjQwNSY%2BMBkXJJXHPcekmqzLKgG21hhjDbTgP%2FA37wxt1aM6HJ1jJIPaF6HaIhPkyhkhqJTXRK%2FX301l45ErdzEKUbLEbZaeF0aTRZEyq8ok6%2BCZlGyFSB0gLA0RIGxvh2am0%2B%2FvkZHdRfZBkNHM%3D%7Ctkp%3ABk9SR9zN6_GXZw
Mens Supreme Black T Shirt Green Logo Xl,,£26.70,+£2.94 delivery,17 Jan 2026,47,Pre-owned ·,https://www.ebay.co.uk/itm/236562877341?_skw=supreme+t+shirt&itmmeta=01KJZHTWTTD61DHSZMAPBQEFJ5&hash=item37143f0b9d:g:QVsAAeSwmwNpUsBa&itmprp=enc%3AAQALAAAA0GfYFPkwiKCW4ZNSs2u11xB8zgE3PIUobWQkAKZprsaGh68PbyGj%2BrGWN3aYF6xca5Jr5DUn8DNcnr9BoIdEO1XRXgffd%2BTGPhP15Co%2BBlROqmWdvF%2BzwoCpIsqZjGr9IB2%2FnCL3%2BwE7cxLjNu7pxNOBvgTQczmWsOE0xK3oYSLdOtQ%2B8QlECBN82GhIv%2FmRe444IGW0zGgo7zN2Ik1FhO20HeQfIbI9FVHdLRznJRN%2F5rMLrcvMYvPqKF0JrvgSSmE1kWElzUK9PneEtt68yAw%3D%7Ctkp%3ABk9SR9zN6_GXZw
Supreme Daniel Johnston Frog Tee SS20,,£31.90,+£2.94 delivery,17 Jan 2026,47,Brand new ·,https://www.ebay.co.uk/itm/186709219976?_skw=supreme+t+shirt&itmmeta=01KJZHTWTT4PPS3W4B7136QYEY&hash=item2b78bc9a88:g:KJoAAOSwyPtm-qMM&itmprp=enc%3AAQALAAAA0GfYFPkwiKCW4ZNSs2u11xCzQhZTUpIJkS1VsAm0UOsfK4WS2o9TNRfS%2FjJBD5x0YAsscuHNhA78N8R3OJpkY7J%2BaShF1shLn85jJuCx%2Bai8dh0WF8EmGBBm1OLs%2B5w%2FcX78wCRP47QjJOHemiLP3ZzrYfJ%2FzJyj62ZxOVmA9NO68HI4KZmpifsxyc1Uw%2FSBQjc%2FMfHon3vkHFaXIqCBEOlZOiP1Fb23jlcsqUnLFLgaw148jrldJufjYNB%2B30%2BJp0zRHO0dErhWD7N3I%2BPk4g8%3D%7Ctkp%3ABk9SR9zN6_GXZw
